E[1] [eV],Re(eps)_nk_4,Re(eps)_nk_6,Re(eps)_nk_8,Re(eps)_nk_10,Re(eps)_nk_12,Re(eps)_nk_14,Re(eps)_nk_16,Re(eps)_nk_18
0.000000,1.00639700,1.00634000,1.00635400,1.00638800,1.00636500,1.00636500,1.00633700,1.00636900
0.002000,1.00639700,1.00634100,1.00635500,1.00638800,1.00636500,1.00636500,1.00633800,1.00637000
0.004000,1.00639700,1.00634100,1.00635500,1.00638800,1.00636500,1.00636500,1.00633800,1.00637000
0.006000,1.00639700,1.00634100,1.00635500,1.00638800,1.00636500,1.00636500,1.00633800,1.00637000
0.008000,1.00639700,1.00634100,1.00635500,1.00638800,1.00636500,1.00636500,1.00633800,1.00637000
0.010000,1.00639800,1.00634100,1.00635500,1.00638900,1.00636600,1.00636600,1.00633800,1.00637000
0.012000,1.00639800,1.00634100,1.00635600,1.00638900,1.00636600,1.00636600,1.00633800,1.00637100
0.014000,1.00639800,1.00634200,1.00635600,1.00638900,1.00636600,1.00636600,1.00633900,1.00637100
0.016000,1.00639800,1.00634200,1.00635600,1.00638900,1.00636600,1.00636600,1.00633900,1.00637100
0.018000,1.00639800,1.00634200,1.00635600,1.00638900,1.00636600,1.00636600,1.00633900,1.00637100
0.020000,1.00639900,1.00634200,1.00635600,1.00638900,1.00636600,1.00636600,1.00633900,1.00637100
0.022000,1.00639900,1.00634200,1.00635600,1.00639000,1.00636700,1.00636700,1.00633900,1.00637100
0.024000,1.00639900,1.00634300,1.00635700,1.00639000,1.00636700,1.00636700,1.00634000,1.00637200
0.026000,1.00639900,1.00634300,1.00635700,1.00639000,1.00636700,1.00636700,1.00634000,1.00637200
0.028000,1.00639900,1.00634300,1.00635700,1.00639000,1.00636700,1.00636700,1.00634000,1.00637200
0.030000,1.00640000,1.00634300,1.00635700,1.00639000,1.00636700,1.00636700,1.00634000,1.00637200
0.032000,1.00640000,1.00634300,1.00635700,1.00639100,1.00636700,1.00636800,1.00634000,1.00637200
0.034000,1.00640000,1.00634300,1.00635800,1.00639100,1.00636800,1.00636800,1.00634000,1.00637300
0.036000,1.00640000,1.00634400,1.00635800,1.00639100,1.00636800,1.00636800,1.00634100,1.00637300
0.038000,1.00640000,1.00634400,1.00635800,1.00639100,1.00636800,1.00636800,1.00634100,1.00637300
0.040000,1.00640000,1.00634400,1.00635800,1.00639100,1.00636800,1.00636800,1.00634100,1.00637300
0.042000,1.00640100,1.00634400,1.00635800,1.00639200,1.00636800,1.00636900,1.00634100,1.00637300
0.044000,1.00640100,1.00634400,1.00635900,1.00639200,1.00636900,1.00636900,1.00634100,1.00637300
0.046000,1.00640100,1.00634400,1.00635900,1.00639200,1.00636900,1.00636900,1.00634100,1.00637400
0.048000,1.00640100,1.00634500,1.00635900,1.00639200,1.00636900,1.00636900,1.00634200,1.00637400
0.050000,1.00640100,1.00634500,1.00635900,1.00639200,1.00636900,1.00636900,1.00634200,1.00637400
0.052000,1.00640200,1.00634500,1.00635900,1.00639200,1.00636900,1.00636900,1.00634200,1.00637400
0.054000,1.00640200,1.00634500,1.00635900,1.00639300,1.00636900,1.00637000,1.00634200,1.00637400
0.056000,1.00640200,1.00634500,1.00636000,1.00639300,1.00637000,1.00637000,1.00634200,1.00637400
0.058000,1.00640200,1.00634600,1.00636000,1.00639300,1.00637000,1.00637000,1.00634300,1.00637500
0.060000,1.00640200,1.00634600,1.00636000,1.00639300,1.00637000,1.00637000,1.00634300,1.00637500
0.062000,1.00640200,1.00634600,1.00636000,1.00639300,1.00637000,1.00637000,1.00634300,1.00637500
0.064000,1.00640300,1.00634600,1.00636000,1.00639300,1.00637000,1.00637000,1.00634300,1.00637500
0.066000,1.00640300,1.00634600,1.00636000,1.00639400,1.00637100,1.00637100,1.00634300,1.00637500
0.068000,1.00640300,1.00634600,1.00636100,1.00639400,1.00637100,1.00637100,1.00634300,1.00637600
0.070000,1.00640300,1.00634700,1.00636100,1.00639400,1.00637100,1.00637100,1.00634400,1.00637600
0.072000,1.00640300,1.00634700,1.00636100,1.00639400,1.00637100,1.00637100,1.00634400,1.00637600
0.074000,1.00640400,1.00634700,1.00636100,1.00639400,1.00637100,1.00637100,1.00634400,1.00637600
0.076000,1.00640400,1.00634700,1.00636100,1.00639500,1.00637100,1.00637100,1.00634400,1.00637600
0.078000,1.00640400,1.00634700,1.00636100,1.00639500,1.00637200,1.00637200,1.00634400,1.00637700
0.080000,1.00640400,1.00634700,1.00636200,1.00639500,1.00637200,1.00637200,1.00634400,1.00637700
0.082000,1.00640400,1.00634800,1.00636200,1.00639500,1.00637200,1.00637200,1.00634500,1.00637700
0.084000,1.00640400,1.00634800,1.00636200,1.00639500,1.00637200,1.00637200,1.00634500,1.00637700
0.086000,1.00640500,1.00634800,1.00636200,1.00639500,1.00637200,1.00637200,1.00634500,1.00637700
0.088000,1.00640500,1.00634800,1.00636200,1.00639600,1.00637200,1.00637300,1.00634500,1.00637700
0.090000,1.00640500,1.00634800,1.00636300,1.00639600,1.00637300,1.00637300,1.00634500,1.00637800
0.092000,1.00640500,1.00634800,1.00636300,1.00639600,1.00637300,1.00637300,1.00634600,1.00637800
0.094000,1.00640500,1.00634900,1.00636300,1.00639600,1.00637300,1.00637300,1.00634600,1.00637800
0.096000,1.00640600,1.00634900,1.00636300,1.00639600,1.00637300,1.00637300,1.00634600,1.00637800
0.098000,1.00640600,1.00634900,1.00636300,1.00639700,1.00637300,1.00637400,1.00634600,1.00637800
0.100000,1.00640600,1.00634900,1.00636400,1.00639700,1.00637400,1.00637400,1.00634600,1.00637800
0.102000,1.00640600,1.00634900,1.00636400,1.00639700,1.00637400,1.00637400,1.00634600,1.00637900
0.104000,1.00640600,1.00635000,1.00636400,1.00639700,1.00637400,1.00637400,1.00634700,1.00637900
0.106000,1.00640600,1.00635000,1.00636400,1.00639700,1.00637400,1.00637400,1.00634700,1.00637900
0.108000,1.00640700,1.00635000,1.00636400,1.00639700,1.00637400,1.00637400,1.00634700,1.00637900
0.110000,1.00640700,1.00635000,1.00636400,1.00639800,1.00637400,1.00637500,1.00634700,1.00637900
0.112000,1.00640700,1.00635000,1.00636500,1.00639800,1.00637500,1.00637500,1.00634700,1.00637900
0.114000,1.00640700,1.00635100,1.00636500,1.00639800,1.00637500,1.00637500,1.00634800,1.00638000
0.116000,1.00640700,1.00635100,1.00636500,1.00639800,1.00637500,1.00637500,1.00634800,1.00638000
0.118000,1.00640700,1.00635100,1.00636500,1.00639800,1.00637500,1.00637500,1.00634800,1.00638000
0.120000,1.00640800,1.00635100,1.00636500,1.00639900,1.00637500,1.00637500,1.00634800,1.00638000
0.122000,1.00640800,1.00635100,1.00636600,1.00639900,1.00637600,1.00637600,1.00634800,1.00638000
0.124000,1.00640800,1.00635100,1.00636600,1.00639900,1.00637600,1.00637600,1.00634800,1.00638100
0.126000,1.00640800,1.00635100,1.00636600,1.00639900,1.00637600,1.00637600,1.00634900,1.00638100
0.128000,1.00640800,1.00635200,1.00636600,1.00639900,1.00637600,1.00637600,1.00634900,1.00638100
0.130000,1.00640900,1.00635200,1.00636600,1.00639900,1.00637600,1.00637600,1.00634900,1.00638100
0.132000,1.00640900,1.00635200,1.00636600,1.00640000,1.00637700,1.00637700,1.00634900,1.00638100
0.134000,1.00640900,1.00635200,1.00636700,1.00640000,1.00637700,1.00637700,1.00634900,1.00638200
0.136000,1.00640900,1.00635200,1.00636700,1.00640000,1.00637700,1.00637700,1.00634900,1.00638200
0.138000,1.00640900,1.00635300,1.00636700,1.00640000,1.00637700,1.00637700,1.00635000,1.00638200
0.140000,1.00641000,1.00635300,1.00636700,1.00640000,1.00637700,1.00637700,1.00635000,1.00638200
0.142000,1.00641000,1.00635300,1.00636700,1.00640100,1.00637700,1.00637700,1.00635000,1.00638200
0.144000,1.00641000,1.00635300,1.00636700,1.00640100,1.00637800,1.00637800,1.00635000,1.00638200
0.146000,1.00641000,1.00635300,1.00636800,1.00640100,1.00637800,1.00637800,1.00635000,1.00638300
0.148000,1.00641000,1.00635300,1.00636800,1.00640100,1.00637800,1.00637800,1.00635100,1.00638300
0.150000,1.00641000,1.00635400,1.00636800,1.00640100,1.00637800,1.00637800,1.00635100,1.00638300
0.152000,1.00641100,1.00635400,1.00636800,1.00640100,1.00637800,1.00637800,1.00635100,1.00638300
0.154000,1.00641100,1.00635400,1.00636800,1.00640200,1.00637800,1.00637900,1.00635100,1.00638300
0.156000,1.00641100,1.00635400,1.00636900,1.00640200,1.00637900,1.00637900,1.00635100,1.00638400
0.158000,1.00641100,1.00635400,1.00636900,1.00640200,1.00637900,1.00637900,1.00635100,1.00638400
0.160000,1.00641100,1.00635500,1.00636900,1.00640200,1.00637900,1.00637900,1.00635200,1.00638400
0.162000,1.00641200,1.00635500,1.00636900,1.00640200,1.00637900,1.00637900,1.00635200,1.00638400
0.164000,1.00641200,1.00635500,1.00636900,1.00640200,1.00637900,1.00637900,1.00635200,1.00638400
0.166000,1.00641200,1.00635500,1.00636900,1.00640300,1.00637900,1.00638000,1.00635200,1.00638400
0.168000,1.00641200,1.00635500,1.00637000,1.00640300,1.00638000,1.00638000,1.00635200,1.00638500
0.170000,1.00641200,1.00635500,1.00637000,1.00640300,1.00638000,1.00638000,1.00635300,1.00638500
0.172000,1.00641300,1.00635600,1.00637000,1.00640300,1.00638000,1.00638000,1.00635300,1.00638500
0.174000,1.00641300,1.00635600,1.00637000,1.00640300,1.00638000,1.00638000,1.00635300,1.00638500
0.176000,1.00641300,1.00635600,1.00637000,1.00640400,1.00638000,1.00638100,1.00635300,1.00638500
0.178000,1.00641300,1.00635600,1.00637100,1.00640400,1.00638100,1.00638100,1.00635300,1.00638500
0.180000,1.00641300,1.00635600,1.00637100,1.00640400,1.00638100,1.00638100,1.00635300,1.00638600
0.182000,1.00641300,1.00635600,1.00637100,1.00640400,1.00638100,1.00638100,1.00635400,1.00638600
0.184000,1.00641400,1.00635700,1.00637100,1.00640400,1.00638100,1.00638100,1.00635400,1.00638600
0.186000,1.00641400,1.00635700,1.00637100,1.00640500,1.00638100,1.00638100,1.00635400,1.00638600
0.188000,1.00641400,1.00635700,1.00637100,1.00640500,1.00638200,1.00638200,1.00635400,1.00638600
0.190000,1.00641400,1.00635700,1.00637200,1.00640500,1.00638200,1.00638200,1.00635400,1.00638700
0.192000,1.00641400,1.00635700,1.00637200,1.00640500,1.00638200,1.00638200,1.00635400,1.00638700
0.194000,1.00641500,1.00635800,1.00637200,1.00640500,1.00638200,1.00638200,1.00635500,1.00638700
0.196000,1.00641500,1.00635800,1.00637200,1.00640500,1.00638200,1.00638200,1.00635500,1.00638700
0.198000,1.00641500,1.00635800,1.00637200,1.00640600,1.00638200,1.00638200,1.00635500,1.00638700
0.200000,1.00641500,1.00635800,1.00637300,1.00640600,1.00638300,1.00638300,1.00635500,1.00638700
0.202000,1.00641500,1.00635800,1.00637300,1.00640600,1.00638300,1.00638300,1.00635500,1.00638800
0.204000,1.00641500,1.00635900,1.00637300,1.00640600,1.00638300,1.00638300,1.00635600,1.00638800
0.206000,1.00641600,1.00635900,1.00637300,1.00640600,1.00638300,1.00638300,1.00635600,1.00638800
0.208000,1.00641600,1.00635900,1.00637300,1.00640700,1.00638300,1.00638300,1.00635600,1.00638800
0.210000,1.00641600,1.00635900,1.00637300,1.00640700,1.00638400,1.00638400,1.00635600,1.00638800
0.212000,1.00641600,1.00635900,1.00637400,1.00640700,1.00638400,1.00638400,1.00635600,1.00638900
0.214000,1.00641600,1.00635900,1.00637400,1.00640700,1.00638400,1.00638400,1.00635600,1.00638900
0.216000,1.00641700,1.00636000,1.00637400,1.00640700,1.00638400,1.00638400,1.00635700,1.00638900
0.218000,1.00641700,1.00636000,1.00637400,1.00640700,1.00638400,1.00638400,1.00635700,1.00638900
0.220000,1.00641700,1.00636000,1.00637400,1.00640800,1.00638400,1.00638400,1.00635700,1.00638900
0.222000,1.00641700,1.00636000,1.00637400,1.00640800,1.00638500,1.00638500,1.00635700,1.00638900
0.224000,1.00641700,1.00636000,1.00637500,1.00640800,1.00638500,1.00638500,1.00635700,1.00639000
0.226000,1.00641700,1.00636000,1.00637500,1.00640800,1.00638500,1.00638500,1.00635800,1.00639000
0.228000,1.00641800,1.00636100,1.00637500,1.00640800,1.00638500,1.00638500,1.00635800,1.00639000
0.230000,1.00641800,1.00636100,1.00637500,1.00640800,1.00638500,1.00638500,1.00635800,1.00639000
0.232000,1.00641800,1.00636100,1.00637500,1.00640900,1.00638500,1.00638600,1.00635800,1.00639000
0.234000,1.00641800,1.00636100,1.00637600,1.00640900,1.00638600,1.00638600,1.00635800,1.00639100
0.236000,1.00641800,1.00636100,1.00637600,1.00640900,1.00638600,1.00638600,1.00635800,1.00639100
0.238000,1.00641800,1.00636100,1.00637600,1.00640900,1.00638600,1.00638600,1.00635900,1.00639100
0.240000,1.00641900,1.00636200,1.00637600,1.00640900,1.00638600,1.00638600,1.00635900,1.00639100
0.242000,1.00641900,1.00636200,1.00637600,1.00641000,1.00638600,1.00638700,1.00635900,1.00639100
0.244000,1.00641900,1.00636200,1.00637700,1.00641000,1.00638700,1.00638700,1.00635900,1.00639100
0.246000,1.00641900,1.00636200,1.00637700,1.00641000,1.00638700,1.00638700,1.00635900,1.00639200
0.248000,1.00641900,1.00636200,1.00637700,1.00641000,1.00638700,1.00638700,1.00635900,1.00639200
0.250000,1.00642000,1.00636300,1.00637700,1.00641000,1.00638700,1.00638700,1.00636000,1.00639200
0.252000,1.00642000,1.00636300,1.00637700,1.00641000,1.00638700,1.00638700,1.00636000,1.00639200
0.254000,1.00642000,1.00636300,1.00637700,1.00641100,1.00638700,1.00638800,1.00636000,1.00639200
0.256000,1.00642000,1.00636300,1.00637800,1.00641100,1.00638800,1.00638800,1.00636000,1.00639200
0.258000,1.00642000,1.00636300,1.00637800,1.00641100,1.00638800,1.00638800,1.00636000,1.00639300
0.260000,1.00642000,1.00636300,1.00637800,1.00641100,1.00638800,1.00638800,1.00636100,1.00639300
0.262000,1.00642100,1.00636400,1.00637800,1.00641100,1.00638800,1.00638800,1.00636100,1.00639300
0.264000,1.00642100,1.00636400,1.00637800,1.00641200,1.00638800,1.00638800,1.00636100,1.00639300
0.266000,1.00642100,1.00636400,1.00637900,1.00641200,1.00638900,1.00638900,1.00636100,1.00639300
0.268000,1.00642100,1.00636400,1.00637900,1.00641200,1.00638900,1.00638900,1.00636100,1.00639400
0.270000,1.00642100,1.00636400,1.00637900,1.00641200,1.00638900,1.00638900,1.00636100,1.00639400
0.272000,1.00642200,1.00636400,1.00637900,1.00641200,1.00638900,1.00638900,1.00636200,1.00639400
0.274000,1.00642200,1.00636500,1.00637900,1.00641300,1.00638900,1.00638900,1.00636200,1.00639400
0.276000,1.00642200,1.00636500,1.00637900,1.00641300,1.00638900,1.00638900,1.00636200,1.00639400
0.278000,1.00642200,1.00636500,1.00638000,1.00641300,1.00639000,1.00639000,1.00636200,1.00639500
0.280000,1.00642200,1.00636500,1.00638000,1.00641300,1.00639000,1.00639000,1.00636200,1.00639500
0.282000,1.00642300,1.00636500,1.00638000,1.00641300,1.00639000,1.00639000,1.00636300,1.00639500
0.284000,1.00642300,1.00636600,1.00638000,1.00641300,1.00639000,1.00639000,1.00636300,1.00639500
0.286000,1.00642300,1.00636600,1.00638000,1.00641400,1.00639000,1.00639000,1.00636300,1.00639500
0.288000,1.00642300,1.00636600,1.00638000,1.00641400,1.00639100,1.00639100,1.00636300,1.00639500
0.290000,1.00642300,1.00636600,1.00638100,1.00641400,1.00639100,1.00639100,1.00636300,1.00639600
0.292000,1.00642300,1.00636600,1.00638100,1.00641400,1.00639100,1.00639100,1.00636300,1.00639600
0.294000,1.00642400,1.00636600,1.00638100,1.00641400,1.00639100,1.00639100,1.00636400,1.00639600
0.296000,1.00642400,1.00636700,1.00638100,1.00641500,1.00639100,1.00639100,1.00636400,1.00639600
0.298000,1.00642400,1.00636700,1.00638100,1.00641500,1.00639100,1.00639200,1.00636400,1.00639600
0.300000,1.00642400,1.00636700,1.00638200,1.00641500,1.00639200,1.00639200,1.00636400,1.00639700
0.302000,1.00642400,1.00636700,1.00638200,1.00641500,1.00639200,1.00639200,1.00636400,1.00639700
0.304000,1.00642500,1.00636700,1.00638200,1.00641500,1.00639200,1.00639200,1.00636400,1.00639700
0.306000,1.00642500,1.00636800,1.00638200,1.00641500,1.00639200,1.00639200,1.00636500,1.00639700
0.308000,1.00642500,1.00636800,1.00638200,1.00641600,1.00639200,1.00639200,1.00636500,1.00639700
0.310000,1.00642500,1.00636800,1.00638200,1.00641600,1.00639200,1.00639300,1.00636500,1.00639700
0.312000,1.00642500,1.00636800,1.00638300,1.00641600,1.00639300,1.00639300,1.00636500,1.00639800
0.314000,1.00642500,1.00636800,1.00638300,1.00641600,1.00639300,1.00639300,1.00636500,1.00639800
0.316000,1.00642600,1.00636800,1.00638300,1.00641600,1.00639300,1.00639300,1.00636600,1.00639800
0.318000,1.00642600,1.00636900,1.00638300,1.00641700,1.00639300,1.00639300,1.00636600,1.00639800
0.320000,1.00642600,1.00636900,1.00638300,1.00641700,1.00639300,1.00639400,1.00636600,1.00639800
0.322000,1.00642600,1.00636900,1.00638400,1.00641700,1.00639400,1.00639400,1.00636600,1.00639800
0.324000,1.00642600,1.00636900,1.00638400,1.00641700,1.00639400,1.00639400,1.00636600,1.00639900
0.326000,1.00642700,1.00636900,1.00638400,1.00641700,1.00639400,1.00639400,1.00636600,1.00639900
0.328000,1.00642700,1.00636900,1.00638400,1.00641700,1.00639400,1.00639400,1.00636700,1.00639900
0.330000,1.00642700,1.00637000,1.00638400,1.00641800,1.00639400,1.00639400,1.00636700,1.00639900
0.332000,1.00642700,1.00637000,1.00638400,1.00641800,1.00639500,1.00639500,1.00636700,1.00639900
0.334000,1.00642700,1.00637000,1.00638500,1.00641800,1.00639500,1.00639500,1.00636700,1.00640000
0.336000,1.00642800,1.00637000,1.00638500,1.00641800,1.00639500,1.00639500,1.00636700,1.00640000
0.338000,1.00642800,1.00637000,1.00638500,1.00641800,1.00639500,1.00639500,1.00636800,1.00640000
0.340000,1.00642800,1.00637100,1.00638500,1.00641800,1.00639500,1.00639500,1.00636800,1.00640000
0.342000,1.00642800,1.00637100,1.00638500,1.00641900,1.00639500,1.00639500,1.00636800,1.00640000
0.344000,1.00642800,1.00637100,1.00638600,1.00641900,1.00639600,1.00639600,1.00636800,1.00640000
0.346000,1.00642800,1.00637100,1.00638600,1.00641900,1.00639600,1.00639600,1.00636800,1.00640100
0.348000,1.00642900,1.00637100,1.00638600,1.00641900,1.00639600,1.00639600,1.00636800,1.00640100
0.350000,1.00642900,1.00637100,1.00638600,1.00641900,1.00639600,1.00639600,1.00636900,1.00640100
0.352000,1.00642900,1.00637200,1.00638600,1.00642000,1.00639600,1.00639600,1.00636900,1.00640100
0.354000,1.00642900,1.00637200,1.00638600,1.00642000,1.00639700,1.00639700,1.00636900,1.00640100
0.356000,1.00642900,1.00637200,1.00638700,1.00642000,1.00639700,1.00639700,1.00636900,1.00640200
0.358000,1.00643000,1.00637200,1.00638700,1.00642000,1.00639700,1.00639700,1.00636900,1.00640200
0.360000,1.00643000,1.00637200,1.00638700,1.00642000,1.00639700,1.00639700,1.00636900,1.00640200
0.362000,1.00643000,1.00637300,1.00638700,1.00642000,1.00639700,1.00639700,1.00637000,1.00640200
0.364000,1.00643000,1.00637300,1.00638700,1.00642100,1.00639700,1.00639700,1.00637000,1.00640200
0.366000,1.00643000,1.00637300,1.00638800,1.00642100,1.00639800,1.00639800,1.00637000,1.00640200
0.368000,1.00643000,1.00637300,1.00638800,1.00642100,1.00639800,1.00639800,1.00637000,1.00640300
0.370000,1.00643100,1.00637300,1.00638800,1.00642100,1.00639800,1.00639800,1.00637000,1.00640300
0.372000,1.00643100,1.00637300,1.00638800,1.00642100,1.00639800,1.00639800,1.00637100,1.00640300
0.374000,1.00643100,1.00637400,1.00638800,1.00642200,1.00639800,1.00639800,1.00637100,1.00640300
0.376000,1.00643100,1.00637400,1.00638800,1.00642200,1.00639800,1.00639900,1.00637100,1.00640300
0.378000,1.00643100,1.00637400,1.00638900,1.00642200,1.00639900,1.00639900,1.00637100,1.00640400
0.380000,1.00643200,1.00637400,1.00638900,1.00642200,1.00639900,1.00639900,1.00637100,1.00640400
0.382000,1.00643200,1.00637400,1.00638900,1.00642200,1.00639900,1.00639900,1.00637100,1.00640400
0.384000,1.00643200,1.00637400,1.00638900,1.00642300,1.00639900,1.00639900,1.00637200,1.00640400
0.386000,1.00643200,1.00637500,1.00638900,1.00642300,1.00639900,1.00640000,1.00637200,1.00640400
0.388000,1.00643200,1.00637500,1.00638900,1.00642300,1.00640000,1.00640000,1.00637200,1.00640500
0.390000,1.00643200,1.00637500,1.00639000,1.00642300,1.00640000,1.00640000,1.00637200,1.00640500
0.392000,1.00643300,1.00637500,1.00639000,1.00642300,1.00640000,1.00640000,1.00637200,1.00640500
0.394000,1.00643300,1.00637500,1.00639000,1.00642300,1.00640000,1.00640000,1.00637300,1.00640500
0.396000,1.00643300,1.00637600,1.00639000,1.00642400,1.00640000,1.00640000,1.00637300,1.00640500
0.398000,1.00643300,1.00637600,1.00639000,1.00642400,1.00640000,1.00640100,1.00637300,1.00640500
0.400000,1.00643300,1.00637600,1.00639100,1.00642400,1.00640100,1.00640100,1.00637300,1.00640600
0.402000,1.00643400,1.00637600,1.00639100,1.00642400,1.00640100,1.00640100,1.00637300,1.00640600
0.404000,1.00643400,1.00637600,1.00639100,1.00642400,1.00640100,1.00640100,1.00637400,1.00640600
0.406000,1.00643400,1.00637700,1.00639100,1.00642500,1.00640100,1.00640100,1.00637400,1.00640600
0.408000,1.00643400,1.00637700,1.00639100,1.00642500,1.00640100,1.00640100,1.00637400,1.00640600
0.410000,1.00643400,1.00637700,1.00639200,1.00642500,1.00640200,1.00640200,1.00637400,1.00640600
0.412000,1.00643400,1.00637700,1.00639200,1.00642500,1.00640200,1.00640200,1.00637400,1.00640700
0.414000,1.00643500,1.00637700,1.00639200,1.00642500,1.00640200,1.00640200,1.00637400,1.00640700
0.416000,1.00643500,1.00637700,1.00639200,1.00642500,1.00640200,1.00640200,1.00637500,1.00640700
0.418000,1.00643500,1.00637800,1.00639200,1.00642600,1.00640200,1.00640200,1.00637500,1.00640700
0.420000,1.00643500,1.00637800,1.00639200,1.00642600,1.00640200,1.00640300,1.00637500,1.00640700
0.422000,1.00643500,1.00637800,1.00639300,1.00642600,1.00640300,1.00640300,1.00637500,1.00640800
0.424000,1.00643600,1.00637800,1.00639300,1.00642600,1.00640300,1.00640300,1.00637500,1.00640800
0.426000,1.00643600,1.00637800,1.00639300,1.00642600,1.00640300,1.00640300,1.00637500,1.00640800
0.428000,1.00643600,1.00637800,1.00639300,1.00642700,1.00640300,1.00640300,1.00637600,1.00640800
0.430000,1.00643600,1.00637900,1.00639300,1.00642700,1.00640300,1.00640300,1.00637600,1.00640800
0.432000,1.00643600,1.00637900,1.00639400,1.00642700,1.00640400,1.00640400,1.00637600,1.00640800
0.434000,1.00643600,1.00637900,1.00639400,1.00642700,1.00640400,1.00640400,1.00637600,1.00640900
0.436000,1.00643700,1.00637900,1.00639400,1.00642700,1.00640400,1.00640400,1.00637600,1.00640900
0.438000,1.00643700,1.00637900,1.00639400,1.00642700,1.00640400,1.00640400,1.00637700,1.00640900
0.440000,1.00643700,1.00637900,1.00639400,1.00642800,1.00640400,1.00640400,1.00637700,1.00640900
0.442000,1.00643700,1.00638000,1.00639400,1.00642800,1.00640500,1.00640500,1.00637700,1.00640900
0.444000,1.00643700,1.00638000,1.00639500,1.00642800,1.00640500,1.00640500,1.00637700,1.00641000
0.446000,1.00643800,1.00638000,1.00639500,1.00642800,1.00640500,1.00640500,1.00637700,1.00641000
0.448000,1.00643800,1.00638000,1.00639500,1.00642800,1.00640500,1.00640500,1.00637700,1.00641000
0.450000,1.00643800,1.00638000,1.00639500,1.00642900,1.00640500,1.00640500,1.00637800,1.00641000
0.452000,1.00643800,1.00638100,1.00639500,1.00642900,1.00640500,1.00640500,1.00637800,1.00641000
0.454000,1.00643800,1.00638100,1.00639600,1.00642900,1.00640600,1.00640600,1.00637800,1.00641000
0.456000,1.00643800,1.00638100,1.00639600,1.00642900,1.00640600,1.00640600,1.00637800,1.00641100
0.458000,1.00643900,1.00638100,1.00639600,1.00642900,1.00640600,1.00640600,1.00637800,1.00641100
0.460000,1.00643900,1.00638100,1.00639600,1.00642900,1.00640600,1.00640600,1.00637900,1.00641100
0.462000,1.00643900,1.00638200,1.00639600,1.00643000,1.00640600,1.00640600,1.00637900,1.00641100
0.464000,1.00643900,1.00638200,1.00639600,1.00643000,1.00640600,1.00640700,1.00637900,1.00641100
0.466000,1.00643900,1.00638200,1.00639700,1.00643000,1.00640700,1.00640700,1.00637900,1.00641200
0.468000,1.00644000,1.00638200,1.00639700,1.00643000,1.00640700,1.00640700,1.00637900,1.00641200
0.470000,1.00644000,1.00638200,1.00639700,1.00643000,1.00640700,1.00640700,1.00637900,1.00641200
0.472000,1.00644000,1.00638200,1.00639700,1.00643100,1.00640700,1.00640700,1.00638000,1.00641200
0.474000,1.00644000,1.00638300,1.00639700,1.00643100,1.00640700,1.00640700,1.00638000,1.00641200
0.476000,1.00644000,1.00638300,1.00639700,1.00643100,1.00640800,1.00640800,1.00638000,1.00641300
0.478000,1.00644100,1.00638300,1.00639800,1.00643100,1.00640800,1.00640800,1.00638000,1.00641300
0.480000,1.00644100,1.00638300,1.00639800,1.00643100,1.00640800,1.00640800,1.00638000,1.00641300
0.482000,1.00644100,1.00638300,1.00639800,1.00643100,1.00640800,1.00640800,1.00638100,1.00641300
0.484000,1.00644100,1.00638300,1.00639800,1.00643200,1.00640800,1.00640800,1.00638100,1.00641300
0.486000,1.00644100,1.00638400,1.00639800,1.00643200,1.00640800,1.00640900,1.00638100,1.00641300
0.488000,1.00644100,1.00638400,1.00639900,1.00643200,1.00640900,1.00640900,1.00638100,1.00641400
0.490000,1.00644200,1.00638400,1.00639900,1.00643200,1.00640900,1.00640900,1.00638100,1.00641400
0.492000,1.00644200,1.00638400,1.00639900,1.00643200,1.00640900,1.00640900,1.00638100,1.00641400
0.494000,1.00644200,1.00638400,1.00639900,1.00643300,1.00640900,1.00640900,1.00638200,1.00641400
0.496000,1.00644200,1.00638500,1.00639900,1.00643300,1.00640900,1.00640900,1.00638200,1.00641400
0.498000,1.00644200,1.00638500,1.00640000,1.00643300,1.00641000,1.00641000,1.00638200,1.00641500
0.500000,1.00644300,1.00638500,1.00640000,1.00643300,1.00641000,1.00641000,1.00638200,1.00641500
0.502000,1.00644300,1.00638500,1.00640000,1.00643300,1.00641000,1.00641000,1.00638200,1.00641500
0.504000,1.00644300,1.00638500,1.00640000,1.00643300,1.00641000,1.00641000,1.00638200,1.00641500
0.506000,1.00644300,1.00638500,1.00640000,1.00643400,1.00641000,1.00641000,1.00638300,1.00641500
0.508000,1.00644300,1.00638600,1.00640000,1.00643400,1.00641000,1.00641100,1.00638300,1.00641500
0.510000,1.00644400,1.00638600,1.00640100,1.00643400,1.00641100,1.00641100,1.00638300,1.00641600
0.512000,1.00644400,1.00638600,1.00640100,1.00643400,1.00641100,1.00641100,1.00638300,1.00641600
0.514000,1.00644400,1.00638600,1.00640100,1.00643400,1.00641100,1.00641100,1.00638300,1.00641600
0.516000,1.00644400,1.00638600,1.00640100,1.00643500,1.00641100,1.00641100,1.00638400,1.00641600
0.518000,1.00644400,1.00638700,1.00640100,1.00643500,1.00641100,1.00641100,1.00638400,1.00641600
0.520000,1.00644400,1.00638700,1.00640200,1.00643500,1.00641200,1.00641200,1.00638400,1.00641600
0.522000,1.00644500,1.00638700,1.00640200,1.00643500,1.00641200,1.00641200,1.00638400,1.00641700
0.524000,1.00644500,1.00638700,1.00640200,1.00643500,1.00641200,1.00641200,1.00638400,1.00641700
0.526000,1.00644500,1.00638700,1.00640200,1.00643600,1.00641200,1.00641200,1.00638400,1.00641700
0.528000,1.00644500,1.00638700,1.00640200,1.00643600,1.00641200,1.00641200,1.00638500,1.00641700
0.530000,1.00644500,1.00638800,1.00640200,1.00643600,1.00641300,1.00641300,1.00638500,1.00641700
0.532000,1.00644600,1.00638800,1.00640300,1.00643600,1.00641300,1.00641300,1.00638500,1.00641800
0.534000,1.00644600,1.00638800,1.00640300,1.00643600,1.00641300,1.00641300,1.00638500,1.00641800
0.536000,1.00644600,1.00638800,1.00640300,1.00643600,1.00641300,1.00641300,1.00638500,1.00641800
0.538000,1.00644600,1.00638800,1.00640300,1.00643700,1.00641300,1.00641300,1.00638600,1.00641800
0.540000,1.00644600,1.00638900,1.00640300,1.00643700,1.00641300,1.00641300,1.00638600,1.00641800
0.542000,1.00644600,1.00638900,1.00640400,1.00643700,1.00641400,1.00641400,1.00638600,1.00641800
0.544000,1.00644700,1.00638900,1.00640400,1.00643700,1.00641400,1.00641400,1.00638600,1.00641900
0.546000,1.00644700,1.00638900,1.00640400,1.00643700,1.00641400,1.00641400,1.00638600,1.00641900
0.548000,1.00644700,1.00638900,1.00640400,1.00643800,1.00641400,1.00641400,1.00638600,1.00641900
0.550000,1.00644700,1.00638900,1.00640400,1.00643800,1.00641400,1.00641400,1.00638700,1.00641900
0.552000,1.00644700,1.00639000,1.00640400,1.00643800,1.00641500,1.00641500,1.00638700,1.00641900
0.554000,1.00644800,1.00639000,1.00640500,1.00643800,1.00641500,1.00641500,1.00638700,1.00642000
0.556000,1.00644800,1.00639000,1.00640500,1.00643800,1.00641500,1.00641500,1.00638700,1.00642000
0.558000,1.00644800,1.00639000,1.00640500,1.00643800,1.00641500,1.00641500,1.00638700,1.00642000
0.560000,1.00644800,1.00639000,1.00640500,1.00643900,1.00641500,1.00641500,1.00638800,1.00642000
0.562000,1.00644800,1.00639000,1.00640500,1.00643900,1.00641500,1.00641500,1.00638800,1.00642000
0.564000,1.00644900,1.00639100,1.00640600,1.00643900,1.00641600,1.00641600,1.00638800,1.00642000
0.566000,1.00644900,1.00639100,1.00640600,1.00643900,1.00641600,1.00641600,1.00638800,1.00642100
0.568000,1.00644900,1.00639100,1.00640600,1.00643900,1.00641600,1.00641600,1.00638800,1.00642100
0.570000,1.00644900,1.00639100,1.00640600,1.00644000,1.00641600,1.00641600,1.00638800,1.00642100
0.572000,1.00644900,1.00639100,1.00640600,1.00644000,1.00641600,1.00641600,1.00638900,1.00642100
0.574000,1.00644900,1.00639200,1.00640600,1.00644000,1.00641600,1.00641700,1.00638900,1.00642100
0.576000,1.00645000,1.00639200,1.00640700,1.00644000,1.00641700,1.00641700,1.00638900,1.00642200
0.578000,1.00645000,1.00639200,1.00640700,1.00644000,1.00641700,1.00641700,1.00638900,1.00642200
0.580000,1.00645000,1.00639200,1.00640700,1.00644000,1.00641700,1.00641700,1.00638900,1.00642200
0.582000,1.00645000,1.00639200,1.00640700,1.00644100,1.00641700,1.00641700,1.00638900,1.00642200
0.584000,1.00645000,1.00639200,1.00640700,1.00644100,1.00641700,1.00641800,1.00639000,1.00642200
0.586000,1.00645100,1.00639300,1.00640700,1.00644100,1.00641800,1.00641800,1.00639000,1.00642300
0.588000,1.00645100,1.00639300,1.00640800,1.00644100,1.00641800,1.00641800,1.00639000,1.00642300
0.590000,1.00645100,1.00639300,1.00640800,1.00644100,1.00641800,1.00641800,1.00639000,1.00642300
0.592000,1.00645100,1.00639300,1.00640800,1.00644200,1.00641800,1.00641800,1.00639000,1.00642300
0.594000,1.00645100,1.00639300,1.00640800,1.00644200,1.00641800,1.00641800,1.00639100,1.00642300
0.596000,1.00645100,1.00639400,1.00640800,1.00644200,1.00641800,1.00641900,1.00639100,1.00642300
0.598000,1.00645200,1.00639400,1.00640900,1.00644200,1.00641900,1.00641900,1.00639100,1.00642400
0.600000,1.00645200,1.00639400,1.00640900,1.00644200,1.00641900,1.00641900,1.00639100,1.00642400
0.602000,1.00645200,1.00639400,1.00640900,1.00644200,1.00641900,1.00641900,1.00639100,1.00642400
0.604000,1.00645200,1.00639400,1.00640900,1.00644300,1.00641900,1.00641900,1.00639200,1.00642400
0.606000,1.00645200,1.00639400,1.00640900,1.00644300,1.00641900,1.00641900,1.00639200,1.00642400
0.608000,1.00645300,1.00639500,1.00641000,1.00644300,1.00642000,1.00642000,1.00639200,1.00642500
0.610000,1.00645300,1.00639500,1.00641000,1.00644300,1.00642000,1.00642000,1.00639200,1.00642500
0.612000,1.00645300,1.00639500,1.00641000,1.00644300,1.00642000,1.00642000,1.00639200,1.00642500
0.614000,1.00645300,1.00639500,1.00641000,1.00644400,1.00642000,1.00642000,1.00639200,1.00642500
0.616000,1.00645300,1.00639500,1.00641000,1.00644400,1.00642000,1.00642000,1.00639300,1.00642500
0.618000,1.00645400,1.00639500,1.00641000,1.00644400,1.00642000,1.00642000,1.00639300,1.00642500
0.620000,1.00645400,1.00639600,1.00641100,1.00644400,1.00642100,1.00642100,1.00639300,1.00642600
0.622000,1.00645400,1.00639600,1.00641100,1.00644400,1.00642100,1.00642100,1.00639300,1.00642600
0.624000,1.00645400,1.00639600,1.00641100,1.00644400,1.00642100,1.00642100,1.00639300,1.00642600
0.626000,1.00645400,1.00639600,1.00641100,1.00644500,1.00642100,1.00642100,1.00639400,1.00642600
0.628000,1.00645400,1.00639600,1.00641100,1.00644500,1.00642100,1.00642100,1.00639400,1.00642600
0.630000,1.00645500,1.00639700,1.00641200,1.00644500,1.00642200,1.00642200,1.00639400,1.00642600
0.632000,1.00645500,1.00639700,1.00641200,1.00644500,1.00642200,1.00642200,1.00639400,1.00642700
0.634000,1.00645500,1.00639700,1.00641200,1.00644500,1.00642200,1.00642200,1.00639400,1.00642700
0.636000,1.00645500,1.00639700,1.00641200,1.00644600,1.00642200,1.00642200,1.00639400,1.00642700
0.638000,1.00645500,1.00639700,1.00641200,1.00644600,1.00642200,1.00642200,1.00639500,1.00642700
0.640000,1.00645600,1.00639700,1.00641300,1.00644600,1.00642300,1.00642300,1.00639500,1.00642700
0.642000,1.00645600,1.00639800,1.00641300,1.00644600,1.00642300,1.00642300,1.00639500,1.00642800
0.644000,1.00645600,1.00639800,1.00641300,1.00644600,1.00642300,1.00642300,1.00639500,1.00642800
0.646000,1.00645600,1.00639800,1.00641300,1.00644600,1.00642300,1.00642300,1.00639500,1.00642800
0.648000,1.00645600,1.00639800,1.00641300,1.00644700,1.00642300,1.00642300,1.00639500,1.00642800
0.650000,1.00645600,1.00639800,1.00641300,1.00644700,1.00642300,1.00642300,1.00639600,1.00642800
0.652000,1.00645700,1.00639900,1.00641400,1.00644700,1.00642400,1.00642400,1.00639600,1.00642800
0.654000,1.00645700,1.00639900,1.00641400,1.00644700,1.00642400,1.00642400,1.00639600,1.00642900
0.656000,1.00645700,1.00639900,1.00641400,1.00644700,1.00642400,1.00642400,1.00639600,1.00642900
0.658000,1.00645700,1.00639900,1.00641400,1.00644800,1.00642400,1.00642400,1.00639600,1.00642900
0.660000,1.00645700,1.00639900,1.00641400,1.00644800,1.00642400,1.00642400,1.00639700,1.00642900
0.662000,1.00645800,1.00640000,1.00641500,1.00644800,1.00642500,1.00642500,1.00639700,1.00642900
0.664000,1.00645800,1.00640000,1.00641500,1.00644800,1.00642500,1.00642500,1.00639700,1.00643000
0.666000,1.00645800,1.00640000,1.00641500,1.00644800,1.00642500,1.00642500,1.00639700,1.00643000
0.668000,1.00645800,1.00640000,1.00641500,1.00644900,1.00642500,1.00642500,1.00639700,1.00643000
0.670000,1.00645800,1.00640000,1.00641500,1.00644900,1.00642500,1.00642500,1.00639700,1.00643000
0.672000,1.00645900,1.00640000,1.00641500,1.00644900,1.00642500,1.00642500,1.00639800,1.00643000
0.674000,1.00645900,1.00640100,1.00641600,1.00644900,1.00642600,1.00642600,1.00639800,1.00643100
0.676000,1.00645900,1.00640100,1.00641600,1.00644900,1.00642600,1.00642600,1.00639800,1.00643100
0.678000,1.00645900,1.00640100,1.00641600,1.00644900,1.00642600,1.00642600,1.00639800,1.00643100
0.680000,1.00645900,1.00640100,1.00641600,1.00645000,1.00642600,1.00642600,1.00639800,1.00643100
0.682000,1.00645900,1.00640100,1.00641600,1.00645000,1.00642600,1.00642600,1.00639900,1.00643100
0.684000,1.00646000,1.00640100,1.00641700,1.00645000,1.00642700,1.00642700,1.00639900,1.00643100
0.686000,1.00646000,1.00640200,1.00641700,1.00645000,1.00642700,1.00642700,1.00639900,1.00643200
0.688000,1.00646000,1.00640200,1.00641700,1.00645000,1.00642700,1.00642700,1.00639900,1.00643200
0.690000,1.00646000,1.00640200,1.00641700,1.00645100,1.00642700,1.00642700,1.00639900,1.00643200
0.692000,1.00646000,1.00640200,1.00641700,1.00645100,1.00642700,1.00642700,1.00640000,1.00643200
0.694000,1.00646100,1.00640200,1.00641700,1.00645100,1.00642700,1.00642800,1.00640000,1.00643200
0.696000,1.00646100,1.00640200,1.00641800,1.00645100,1.00642800,1.00642800,1.00640000,1.00643300
0.698000,1.00646100,1.00640300,1.00641800,1.00645100,1.00642800,1.00642800,1.00640000,1.00643300
0.700000,1.00646100,1.00640300,1.00641800,1.00645100,1.00642800,1.00642800,1.00640000,1.00643300
0.702000,1.00646100,1.00640300,1.00641800,1.00645200,1.00642800,1.00642800,1.00640000,1.00643300
0.704000,1.00646100,1.00640300,1.00641800,1.00645200,1.00642800,1.00642800,1.00640100,1.00643300
0.706000,1.00646200,1.00640300,1.00641900,1.00645200,1.00642900,1.00642900,1.00640100,1.00643300
0.708000,1.00646200,1.00640400,1.00641900,1.00645200,1.00642900,1.00642900,1.00640100,1.00643400
0.710000,1.00646200,1.00640400,1.00641900,1.00645200,1.00642900,1.00642900,1.00640100,1.00643400
0.712000,1.00646200,1.00640400,1.00641900,1.00645300,1.00642900,1.00642900,1.00640100,1.00643400
0.714000,1.00646200,1.00640400,1.00641900,1.00645300,1.00642900,1.00642900,1.00640100,1.00643400
0.716000,1.00646300,1.00640400,1.00641900,1.00645300,1.00642900,1.00643000,1.00640200,1.00643400
0.718000,1.00646300,1.00640500,1.00642000,1.00645300,1.00643000,1.00643000,1.00640200,1.00643500
0.720000,1.00646300,1.00640500,1.00642000,1.00645300,1.00643000,1.00643000,1.00640200,1.00643500
0.722000,1.00646300,1.00640500,1.00642000,1.00645400,1.00643000,1.00643000,1.00640200,1.00643500
0.724000,1.00646300,1.00640500,1.00642000,1.00645400,1.00643000,1.00643000,1.00640200,1.00643500
0.726000,1.00646400,1.00640500,1.00642000,1.00645400,1.00643000,1.00643000,1.00640300,1.00643500
0.728000,1.00646400,1.00640500,1.00642000,1.00645400,1.00643100,1.00643100,1.00640300,1.00643600
0.730000,1.00646400,1.00640600,1.00642100,1.00645400,1.00643100,1.00643100,1.00640300,1.00643600
0.732000,1.00646400,1.00640600,1.00642100,1.00645400,1.00643100,1.00643100,1.00640300,1.00643600
0.734000,1.00646400,1.00640600,1.00642100,1.00645500,1.00643100,1.00643100,1.00640300,1.00643600
0.736000,1.00646400,1.00640600,1.00642100,1.00645500,1.00643100,1.00643100,1.00640300,1.00643600
0.738000,1.00646500,1.00640600,1.00642100,1.00645500,1.00643100,1.00643100,1.00640400,1.00643600
0.740000,1.00646500,1.00640700,1.00642200,1.00645500,1.00643200,1.00643200,1.00640400,1.00643700
0.742000,1.00646500,1.00640700,1.00642200,1.00645500,1.00643200,1.00643200,1.00640400,1.00643700
0.744000,1.00646500,1.00640700,1.00642200,1.00645600,1.00643200,1.00643200,1.00640400,1.00643700
0.746000,1.00646500,1.00640700,1.00642200,1.00645600,1.00643200,1.00643200,1.00640400,1.00643700
0.748000,1.00646600,1.00640700,1.00642200,1.00645600,1.00643200,1.00643200,1.00640500,1.00643700
0.750000,1.00646600,1.00640700,1.00642300,1.00645600,1.00643300,1.00643300,1.00640500,1.00643800
0.752000,1.00646600,1.00640800,1.00642300,1.00645600,1.00643300,1.00643300,1.00640500,1.00643800
0.754000,1.00646600,1.00640800,1.00642300,1.00645600,1.00643300,1.00643300,1.00640500,1.00643800
0.756000,1.00646600,1.00640800,1.00642300,1.00645700,1.00643300,1.00643300,1.00640500,1.00643800
0.758000,1.00646600,1.00640800,1.00642300,1.00645700,1.00643300,1.00643300,1.00640500,1.00643800
0.760000,1.00646700,1.00640800,1.00642300,1.00645700,1.00643300,1.00643300,1.00640600,1.00643800
0.762000,1.00646700,1.00640800,1.00642400,1.00645700,1.00643400,1.00643400,1.00640600,1.00643900
0.764000,1.00646700,1.00640900,1.00642400,1.00645700,1.00643400,1.00643400,1.00640600,1.00643900
0.766000,1.00646700,1.00640900,1.00642400,1.00645800,1.00643400,1.00643400,1.00640600,1.00643900
0.768000,1.00646700,1.00640900,1.00642400,1.00645800,1.00643400,1.00643400,1.00640600,1.00643900
0.770000,1.00646800,1.00640900,1.00642400,1.00645800,1.00643400,1.00643400,1.00640700,1.00643900
0.772000,1.00646800,1.00640900,1.00642500,1.00645800,1.00643500,1.00643500,1.00640700,1.00644000
0.774000,1.00646800,1.00641000,1.00642500,1.00645800,1.00643500,1.00643500,1.00640700,1.00644000
0.776000,1.00646800,1.00641000,1.00642500,1.00645900,1.00643500,1.00643500,1.00640700,1.00644000
0.778000,1.00646800,1.00641000,1.00642500,1.00645900,1.00643500,1.00643500,1.00640700,1.00644000
0.780000,1.00646900,1.00641000,1.00642500,1.00645900,1.00643500,1.00643500,1.00640700,1.00644000
0.782000,1.00646900,1.00641000,1.00642500,1.00645900,1.00643600,1.00643600,1.00640800,1.00644000
0.784000,1.00646900,1.00641000,1.00642600,1.00645900,1.00643600,1.00643600,1.00640800,1.00644100
0.786000,1.00646900,1.00641100,1.00642600,1.00645900,1.00643600,1.00643600,1.00640800,1.00644100
0.788000,1.00646900,1.00641100,1.00642600,1.00646000,1.00643600,1.00643600,1.00640800,1.00644100
0.790000,1.00646900,1.00641100,1.00642600,1.00646000,1.00643600,1.00643600,1.00640800,1.00644100
0.792000,1.00647000,1.00641100,1.00642600,1.00646000,1.00643600,1.00643600,1.00640900,1.00644100
0.794000,1.00647000,1.00641100,1.00642700,1.00646000,1.00643700,1.00643700,1.00640900,1.00644100
0.796000,1.00647000,1.00641200,1.00642700,1.00646000,1.00643700,1.00643700,1.00640900,1.00644200
0.798000,1.00647000,1.00641200,1.00642700,1.00646100,1.00643700,1.00643700,1.00640900,1.00644200
0.800000,1.00647000,1.00641200,1.00642700,1.00646100,1.00643700,1.00643700,1.00640900,1.00644200
0.802000,1.00647100,1.00641200,1.00642700,1.00646100,1.00643700,1.00643700,1.00641000,1.00644200
0.804000,1.00647100,1.00641200,1.00642800,1.00646100,1.00643800,1.00643800,1.00641000,1.00644200
0.806000,1.00647100,1.00641300,1.00642800,1.00646100,1.00643800,1.00643800,1.00641000,1.00644300
0.808000,1.00647100,1.00641300,1.00642800,1.00646200,1.00643800,1.00643800,1.00641000,1.00644300
0.810000,1.00647100,1.00641300,1.00642800,1.00646200,1.00643800,1.00643800,1.00641000,1.00644300
0.812000,1.00647200,1.00641300,1.00642800,1.00646200,1.00643800,1.00643800,1.00641000,1.00644300
0.814000,1.00647200,1.00641300,1.00642800,1.00646200,1.00643800,1.00643800,1.00641100,1.00644300
0.816000,1.00647200,1.00641300,1.00642900,1.00646200,1.00643900,1.00643900,1.00641100,1.00644400
0.818000,1.00647200,1.00641400,1.00642900,1.00646200,1.00643900,1.00643900,1.00641100,1.00644400
0.820000,1.00647200,1.00641400,1.00642900,1.00646300,1.00643900,1.00643900,1.00641100,1.00644400
0.822000,1.00647200,1.00641400,1.00642900,1.00646300,1.00643900,1.00643900,1.00641100,1.00644400
0.824000,1.00647300,1.00641400,1.00642900,1.00646300,1.00643900,1.00643900,1.00641100,1.00644400
0.826000,1.00647300,1.00641400,1.00643000,1.00646300,1.00644000,1.00644000,1.00641200,1.00644400
0.828000,1.00647300,1.00641500,1.00643000,1.00646300,1.00644000,1.00644000,1.00641200,1.00644500
0.830000,1.00647300,1.00641500,1.00643000,1.00646400,1.00644000,1.00644000,1.00641200,1.00644500
0.832000,1.00647300,1.00641500,1.00643000,1.00646400,1.00644000,1.00644000,1.00641200,1.00644500
0.834000,1.00647400,1.00641500,1.00643000,1.00646400,1.00644000,1.00644000,1.00641200,1.00644500
0.836000,1.00647400,1.00641500,1.00643100,1.00646400,1.00644100,1.00644100,1.00641300,1.00644500
0.838000,1.00647400,1.00641500,1.00643100,1.00646400,1.00644100,1.00644100,1.00641300,1.00644600
0.840000,1.00647400,1.00641600,1.00643100,1.00646400,1.00644100,1.00644100,1.00641300,1.00644600
0.842000,1.00647400,1.00641600,1.00643100,1.00646500,1.00644100,1.00644100,1.00641300,1.00644600
0.844000,1.00647400,1.00641600,1.00643100,1.00646500,1.00644100,1.00644100,1.00641300,1.00644600
0.846000,1.00647500,1.00641600,1.00643100,1.00646500,1.00644100,1.00644100,1.00641300,1.00644600
0.848000,1.00647500,1.00641600,1.00643200,1.00646500,1.00644200,1.00644200,1.00641400,1.00644600
0.850000,1.00647500,1.00641600,1.00643200,1.00646500,1.00644200,1.00644200,1.00641400,1.00644700
0.852000,1.00647500,1.00641700,1.00643200,1.00646600,1.00644200,1.00644200,1.00641400,1.00644700
0.854000,1.00647500,1.00641700,1.00643200,1.00646600,1.00644200,1.00644200,1.00641400,1.00644700
0.856000,1.00647600,1.00641700,1.00643200,1.00646600,1.00644200,1.00644200,1.00641400,1.00644700
0.858000,1.00647600,1.00641700,1.00643300,1.00646600,1.00644300,1.00644300,1.00641500,1.00644700
0.860000,1.00647600,1.00641700,1.00643300,1.00646600,1.00644300,1.00644300,1.00641500,1.00644800
0.862000,1.00647600,1.00641800,1.00643300,1.00646600,1.00644300,1.00644300,1.00641500,1.00644800
0.864000,1.00647600,1.00641800,1.00643300,1.00646700,1.00644300,1.00644300,1.00641500,1.00644800
0.866000,1.00647700,1.00641800,1.00643300,1.00646700,1.00644300,1.00644300,1.00641500,1.00644800
0.868000,1.00647700,1.00641800,1.00643300,1.00646700,1.00644300,1.00644300,1.00641500,1.00644800
0.870000,1.00647700,1.00641800,1.00643400,1.00646700,1.00644400,1.00644400,1.00641600,1.00644900
0.872000,1.00647700,1.00641800,1.00643400,1.00646700,1.00644400,1.00644400,1.00641600,1.00644900
0.874000,1.00647700,1.00641900,1.00643400,1.00646800,1.00644400,1.00644400,1.00641600,1.00644900
0.876000,1.00647700,1.00641900,1.00643400,1.00646800,1.00644400,1.00644400,1.00641600,1.00644900
0.878000,1.00647800,1.00641900,1.00643400,1.00646800,1.00644400,1.00644400,1.00641600,1.00644900
0.880000,1.00647800,1.00641900,1.00643500,1.00646800,1.00644400,1.00644500,1.00641700,1.00644900
0.882000,1.00647800,1.00641900,1.00643500,1.00646800,1.00644500,1.00644500,1.00641700,1.00645000
0.884000,1.00647800,1.00642000,1.00643500,1.00646800,1.00644500,1.00644500,1.00641700,1.00645000
0.886000,1.00647800,1.00642000,1.00643500,1.00646900,1.00644500,1.00644500,1.00641700,1.00645000
0.888000,1.00647900,1.00642000,1.00643500,1.00646900,1.00644500,1.00644500,1.00641700,1.00645000
0.890000,1.00647900,1.00642000,1.00643500,1.00646900,1.00644500,1.00644500,1.00641800,1.00645000
0.892000,1.00647900,1.00642000,1.00643600,1.00646900,1.00644600,1.00644600,1.00641800,1.00645100
0.894000,1.00647900,1.00642000,1.00643600,1.00646900,1.00644600,1.00644600,1.00641800,1.00645100
0.896000,1.00647900,1.00642100,1.00643600,1.00647000,1.00644600,1.00644600,1.00641800,1.00645100
0.898000,1.00648000,1.00642100,1.00643600,1.00647000,1.00644600,1.00644600,1.00641800,1.00645100
0.900000,1.00648000,1.00642100,1.00643600,1.00647000,1.00644600,1.00644600,1.00641800,1.00645100
0.902000,1.00648000,1.00642100,1.00643700,1.00647000,1.00644600,1.00644700,1.00641900,1.00645100
0.904000,1.00648000,1.00642100,1.00643700,1.00647000,1.00644700,1.00644700,1.00641900,1.00645200
0.906000,1.00648000,1.00642200,1.00643700,1.00647100,1.00644700,1.00644700,1.00641900,1.00645200
0.908000,1.00648000,1.00642200,1.00643700,1.00647100,1.00644700,1.00644700,1.00641900,1.00645200
0.910000,1.00648100,1.00642200,1.00643700,1.00647100,1.00644700,1.00644700,1.00641900,1.00645200
0.912000,1.00648100,1.00642200,1.00643700,1.00647100,1.00644700,1.00644700,1.00642000,1.00645200
0.914000,1.00648100,1.00642200,1.00643800,1.00647100,1.00644800,1.00644800,1.00642000,1.00645300
0.916000,1.00648100,1.00642200,1.00643800,1.00647100,1.00644800,1.00644800,1.00642000,1.00645300
0.918000,1.00648100,1.00642300,1.00643800,1.00647200,1.00644800,1.00644800,1.00642000,1.00645300
0.920000,1.00648200,1.00642300,1.00643800,1.00647200,1.00644800,1.00644800,1.00642000,1.00645300
0.922000,1.00648200,1.00642300,1.00643800,1.00647200,1.00644800,1.00644800,1.00642000,1.00645300
0.924000,1.00648200,1.00642300,1.00643900,1.00647200,1.00644900,1.00644900,1.00642100,1.00645400
0.926000,1.00648200,1.00642300,1.00643900,1.00647200,1.00644900,1.00644900,1.00642100,1.00645400
0.928000,1.00648200,1.00642400,1.00643900,1.00647300,1.00644900,1.00644900,1.00642100,1.00645400
0.930000,1.00648200,1.00642400,1.00643900,1.00647300,1.00644900,1.00644900,1.00642100,1.00645400
0.932000,1.00648300,1.00642400,1.00643900,1.00647300,1.00644900,1.00644900,1.00642100,1.00645400
0.934000,1.00648300,1.00642400,1.00643900,1.00647300,1.00644900,1.00644900,1.00642100,1.00645400
0.936000,1.00648300,1.00642400,1.00644000,1.00647300,1.00645000,1.00645000,1.00642200,1.00645500
0.938000,1.00648300,1.00642400,1.00644000,1.00647300,1.00645000,1.00645000,1.00642200,1.00645500
0.940000,1.00648300,1.00642500,1.00644000,1.00647400,1.00645000,1.00645000,1.00642200,1.00645500
0.942000,1.00648400,1.00642500,1.00644000,1.00647400,1.00645000,1.00645000,1.00642200,1.00645500
0.944000,1.00648400,1.00642500,1.00644000,1.00647400,1.00645000,1.00645000,1.00642200,1.00645500
0.946000,1.00648400,1.00642500,1.00644100,1.00647400,1.00645100,1.00645100,1.00642300,1.00645600
0.948000,1.00648400,1.00642500,1.00644100,1.00647400,1.00645100,1.00645100,1.00642300,1.00645600
0.950000,1.00648400,1.00642500,1.00644100,1.00647500,1.00645100,1.00645100,1.00642300,1.00645600
0.952000,1.00648500,1.00642600,1.00644100,1.00647500,1.00645100,1.00645100,1.00642300,1.00645600
0.954000,1.00648500,1.00642600,1.00644100,1.00647500,1.00645100,1.00645100,1.00642300,1.00645600
0.956000,1.00648500,1.00642600,1.00644100,1.00647500,1.00645100,1.00645100,1.00642300,1.00645600
0.958000,1.00648500,1.00642600,1.00644200,1.00647500,1.00645200,1.00645200,1.00642400,1.00645700
0.960000,1.00648500,1.00642600,1.00644200,1.00647600,1.00645200,1.00645200,1.00642400,1.00645700
0.962000,1.00648500,1.00642700,1.00644200,1.00647600,1.00645200,1.00645200,1.00642400,1.00645700
0.964000,1.00648600,1.00642700,1.00644200,1.00647600,1.00645200,1.00645200,1.00642400,1.00645700
0.966000,1.00648600,1.00642700,1.00644200,1.00647600,1.00645200,1.00645200,1.00642400,1.00645700
0.968000,1.00648600,1.00642700,1.00644300,1.00647600,1.00645300,1.00645300,1.00642500,1.00645800
0.970000,1.00648600,1.00642700,1.00644300,1.00647600,1.00645300,1.00645300,1.00642500,1.00645800
0.972000,1.00648600,1.00642800,1.00644300,1.00647700,1.00645300,1.00645300,1.00642500,1.00645800
0.974000,1.00648700,1.00642800,1.00644300,1.00647700,1.00645300,1.00645300,1.00642500,1.00645800
0.976000,1.00648700,1.00642800,1.00644300,1.00647700,1.00645300,1.00645300,1.00642500,1.00645800
0.978000,1.00648700,1.00642800,1.00644400,1.00647700,1.00645400,1.00645400,1.00642500,1.00645800
0.980000,1.00648700,1.00642800,1.00644400,1.00647700,1.00645400,1.00645400,1.00642600,1.00645900
0.982000,1.00648700,1.00642800,1.00644400,1.00647800,1.00645400,1.00645400,1.00642600,1.00645900
0.984000,1.00648700,1.00642900,1.00644400,1.00647800,1.00645400,1.00645400,1.00642600,1.00645900
0.986000,1.00648800,1.00642900,1.00644400,1.00647800,1.00645400,1.00645400,1.00642600,1.00645900
0.988000,1.00648800,1.00642900,1.00644400,1.00647800,1.00645400,1.00645400,1.00642600,1.00645900
0.990000,1.00648800,1.00642900,1.00644500,1.00647800,1.00645500,1.00645500,1.00642700,1.00646000
0.992000,1.00648800,1.00642900,1.00644500,1.00647800,1.00645500,1.00645500,1.00642700,1.00646000
0.994000,1.00648800,1.00643000,1.00644500,1.00647900,1.00645500,1.00645500,1.00642700,1.00646000
0.996000,1.00648900,1.00643000,1.00644500,1.00647900,1.00645500,1.00645500,1.00642700,1.00646000
0.998000,1.00648900,1.00643000,1.00644500,1.00647900,1.00645500,1.00645500,1.00642700,1.00646000
1.000000,1.00648900,1.00643000,1.00644600,1.00647900,1.00645600,1.00645600,1.00642800,1.00646000
1.002000,1.00648900,1.00643000,1.00644600,1.00647900,1.00645600,1.00645600,1.00642800,1.00646100
1.004000,1.00648900,1.00643100,1.00644600,1.00648000,1.00645600,1.00645600,1.00642800,1.00646100
1.006000,1.00649000,1.00643100,1.00644600,1.00648000,1.00645600,1.00645600,1.00642800,1.00646100
1.008000,1.00649000,1.00643100,1.00644600,1.00648000,1.00645600,1.00645600,1.00642800,1.00646100
1.010000,1.00649000,1.00643100,1.00644600,1.00648000,1.00645600,1.00645600,1.00642800,1.00646100
1.012000,1.00649000,1.00643100,1.00644700,1.00648000,1.00645700,1.00645700,1.00642900,1.00646200
1.014000,1.00649000,1.00643100,1.00644700,1.00648100,1.00645700,1.00645700,1.00642900,1.00646200
1.016000,1.00649000,1.00643200,1.00644700,1.00648100,1.00645700,1.00645700,1.00642900,1.00646200
1.018000,1.00649100,1.00643200,1.00644700,1.00648100,1.00645700,1.00645700,1.00642900,1.00646200
1.020000,1.00649100,1.00643200,1.00644700,1.00648100,1.00645700,1.00645700,1.00642900,1.00646200
1.022000,1.00649100,1.00643200,1.00644800,1.00648100,1.00645800,1.00645800,1.00643000,1.00646300
1.024000,1.00649100,1.00643200,1.00644800,1.00648100,1.00645800,1.00645800,1.00643000,1.00646300
1.026000,1.00649100,1.00643200,1.00644800,1.00648200,1.00645800,1.00645800,1.00643000,1.00646300
1.028000,1.00649200,1.00643300,1.00644800,1.00648200,1.00645800,1.00645800,1.00643000,1.00646300
1.030000,1.00649200,1.00643300,1.00644800,1.00648200,1.00645800,1.00645800,1.00643000,1.00646300
1.032000,1.00649200,1.00643300,1.00644900,1.00648200,1.00645900,1.00645900,1.00643100,1.00646300
1.034000,1.00649200,1.00643300,1.00644900,1.00648200,1.00645900,1.00645900,1.00643100,1.00646400
1.036000,1.00649200,1.00643300,1.00644900,1.00648300,1.00645900,1.00645900,1.00643100,1.00646400
1.038000,1.00649300,1.00643400,1.00644900,1.00648300,1.00645900,1.00645900,1.00643100,1.00646400
1.040000,1.00649300,1.00643400,1.00644900,1.00648300,1.00645900,1.00645900,1.00643100,1.00646400
1.042000,1.00649300,1.00643400,1.00644900,1.00648300,1.00645900,1.00645900,1.00643100,1.00646400
1.044000,1.00649300,1.00643400,1.00645000,1.00648300,1.00646000,1.00646000,1.00643200,1.00646500
1.046000,1.00649300,1.00643400,1.00645000,1.00648400,1.00646000,1.00646000,1.00643200,1.00646500
1.048000,1.00649300,1.00643400,1.00645000,1.00648400,1.00646000,1.00646000,1.00643200,1.00646500
1.050000,1.00649400,1.00643500,1.00645000,1.00648400,1.00646000,1.00646000,1.00643200,1.00646500
1.052000,1.00649400,1.00643500,1.00645000,1.00648400,1.00646000,1.00646000,1.00643200,1.00646500
1.054000,1.00649400,1.00643500,1.00645100,1.00648400,1.00646100,1.00646100,1.00643200,1.00646500
1.056000,1.00649400,1.00643500,1.00645100,1.00648400,1.00646100,1.00646100,1.00643300,1.00646600
1.058000,1.00649400,1.00643500,1.00645100,1.00648500,1.00646100,1.00646100,1.00643300,1.00646600
1.060000,1.00649500,1.00643600,1.00645100,1.00648500,1.00646100,1.00646100,1.00643300,1.00646600
1.062000,1.00649500,1.00643600,1.00645100,1.00648500,1.00646100,1.00646100,1.00643300,1.00646600
1.064000,1.00649500,1.00643600,1.00645100,1.00648500,1.00646200,1.00646200,1.00643300,1.00646600
1.066000,1.00649500,1.00643600,1.00645200,1.00648500,1.00646200,1.00646200,1.00643400,1.00646700
1.068000,1.00649500,1.00643600,1.00645200,1.00648600,1.00646200,1.00646200,1.00643400,1.00646700
1.070000,1.00649600,1.00643600,1.00645200,1.00648600,1.00646200,1.00646200,1.00643400,1.00646700
1.072000,1.00649600,1.00643700,1.00645200,1.00648600,1.00646200,1.00646200,1.00643400,1.00646700
1.074000,1.00649600,1.00643700,1.00645200,1.00648600,1.00646200,1.00646200,1.00643400,1.00646700
1.076000,1.00649600,1.00643700,1.00645300,1.00648600,1.00646300,1.00646300,1.00643400,1.00646700
1.078000,1.00649600,1.00643700,1.00645300,1.00648600,1.00646300,1.00646300,1.00643500,1.00646800
1.080000,1.00649700,1.00643700,1.00645300,1.00648700,1.00646300,1.00646300,1.00643500,1.00646800
1.082000,1.00649700,1.00643800,1.00645300,1.00648700,1.00646300,1.00646300,1.00643500,1.00646800
1.084000,1.00649700,1.00643800,1.00645300,1.00648700,1.00646300,1.00646300,1.00643500,1.00646800
1.086000,1.00649700,1.00643800,1.00645400,1.00648700,1.00646400,1.00646400,1.00643500,1.00646800
1.088000,1.00649700,1.00643800,1.00645400,1.00648700,1.00646400,1.00646400,1.00643600,1.00646900
1.090000,1.00649700,1.00643800,1.00645400,1.00648800,1.00646400,1.00646400,1.00643600,1.00646900
1.092000,1.00649800,1.00643800,1.00645400,1.00648800,1.00646400,1.00646400,1.00643600,1.00646900
1.094000,1.00649800,1.00643900,1.00645400,1.00648800,1.00646400,1.00646400,1.00643600,1.00646900
1.096000,1.00649800,1.00643900,1.00645400,1.00648800,1.00646400,1.00646400,1.00643600,1.00646900
1.098000,1.00649800,1.00643900,1.00645500,1.00648800,1.00646500,1.00646500,1.00643600,1.00647000
1.100000,1.00649800,1.00643900,1.00645500,1.00648900,1.00646500,1.00646500,1.00643700,1.00647000
1.102000,1.00649900,1.00643900,1.00645500,1.00648900,1.00646500,1.00646500,1.00643700,1.00647000
1.104000,1.00649900,1.00644000,1.00645500,1.00648900,1.00646500,1.00646500,1.00643700,1.00647000
1.106000,1.00649900,1.00644000,1.00645500,1.00648900,1.00646500,1.00646500,1.00643700,1.00647000
1.108000,1.00649900,1.00644000,1.00645600,1.00648900,1.00646600,1.00646600,1.00643700,1.00647000
1.110000,1.00649900,1.00644000,1.00645600,1.00648900,1.00646600,1.00646600,1.00643800,1.00647100
1.112000,1.00650000,1.00644000,1.00645600,1.00649000,1.00646600,1.00646600,1.00643800,1.00647100
1.114000,1.00650000,1.00644100,1.00645600,1.00649000,1.00646600,1.00646600,1.00643800,1.00647100
1.116000,1.00650000,1.00644100,1.00645600,1.00649000,1.00646600,1.00646600,1.00643800,1.00647100
1.118000,1.00650000,1.00644100,1.00645600,1.00649000,1.00646700,1.00646700,1.00643800,1.00647100
1.120000,1.00650000,1.00644100,1.00645700,1.00649000,1.00646700,1.00646700,1.00643800,1.00647200
1.122000,1.00650000,1.00644100,1.00645700,1.00649100,1.00646700,1.00646700,1.00643900,1.00647200
1.124000,1.00650100,1.00644100,1.00645700,1.00649100,1.00646700,1.00646700,1.00643900,1.00647200
1.126000,1.00650100,1.00644200,1.00645700,1.00649100,1.00646700,1.00646700,1.00643900,1.00647200
1.128000,1.00650100,1.00644200,1.00645700,1.00649100,1.00646700,1.00646700,1.00643900,1.00647200
1.130000,1.00650100,1.00644200,1.00645800,1.00649100,1.00646800,1.00646800,1.00643900,1.00647200
1.132000,1.00650100,1.00644200,1.00645800,1.00649200,1.00646800,1.00646800,1.00644000,1.00647300
1.134000,1.00650200,1.00644200,1.00645800,1.00649200,1.00646800,1.00646800,1.00644000,1.00647300
1.136000,1.00650200,1.00644300,1.00645800,1.00649200,1.00646800,1.00646800,1.00644000,1.00647300
1.138000,1.00650200,1.00644300,1.00645800,1.00649200,1.00646800,1.00646800,1.00644000,1.00647300
1.140000,1.00650200,1.00644300,1.00645900,1.00649200,1.00646900,1.00646900,1.00644000,1.00647300
1.142000,1.00650200,1.00644300,1.00645900,1.00649200,1.00646900,1.00646900,1.00644100,1.00647400
1.144000,1.00650300,1.00644300,1.00645900,1.00649300,1.00646900,1.00646900,1.00644100,1.00647400
1.146000,1.00650300,1.00644300,1.00645900,1.00649300,1.00646900,1.00646900,1.00644100,1.00647400
1.148000,1.00650300,1.00644400,1.00645900,1.00649300,1.00646900,1.00646900,1.00644100,1.00647400
1.150000,1.00650300,1.00644400,1.00645900,1.00649300,1.00646900,1.00646900,1.00644100,1.00647400
1.152000,1.00650300,1.00644400,1.00646000,1.00649300,1.00647000,1.00647000,1.00644100,1.00647400
1.154000,1.00650300,1.00644400,1.00646000,1.00649400,1.00647000,1.00647000,1.00644200,1.00647500
1.156000,1.00650400,1.00644400,1.00646000,1.00649400,1.00647000,1.00647000,1.00644200,1.00647500
1.158000,1.00650400,1.00644400,1.00646000,1.00649400,1.00647000,1.00647000,1.00644200,1.00647500
1.160000,1.00650400,1.00644500,1.00646000,1.00649400,1.00647000,1.00647000,1.00644200,1.00647500
1.162000,1.00650400,1.00644500,1.00646100,1.00649400,1.00647100,1.00647100,1.00644200,1.00647500
1.164000,1.00650400,1.00644500,1.00646100,1.00649500,1.00647100,1.00647100,1.00644300,1.00647600
1.166000,1.00650500,1.00644500,1.00646100,1.00649500,1.00647100,1.00647100,1.00644300,1.00647600
1.168000,1.00650500,1.00644500,1.00646100,1.00649500,1.00647100,1.00647100,1.00644300,1.00647600
1.170000,1.00650500,1.00644600,1.00646100,1.00649500,1.00647100,1.00647100,1.00644300,1.00647600
1.172000,1.00650500,1.00644600,1.00646200,1.00649500,1.00647200,1.00647100,1.00644300,1.00647600
1.174000,1.00650500,1.00644600,1.00646200,1.00649500,1.00647200,1.00647200,1.00644400,1.00647700
1.176000,1.00650500,1.00644600,1.00646200,1.00649600,1.00647200,1.00647200,1.00644400,1.00647700
1.178000,1.00650600,1.00644600,1.00646200,1.00649600,1.00647200,1.00647200,1.00644400,1.00647700
1.180000,1.00650600,1.00644600,1.00646200,1.00649600,1.00647200,1.00647200,1.00644400,1.00647700
1.182000,1.00650600,1.00644700,1.00646200,1.00649600,1.00647200,1.00647200,1.00644400,1.00647700
1.184000,1.00650600,1.00644700,1.00646300,1.00649600,1.00647300,1.00647300,1.00644400,1.00647700
1.186000,1.00650600,1.00644700,1.00646300,1.00649700,1.00647300,1.00647300,1.00644500,1.00647800
1.188000,1.00650700,1.00644700,1.00646300,1.00649700,1.00647300,1.00647300,1.00644500,1.00647800
1.190000,1.00650700,1.00644700,1.00646300,1.00649700,1.00647300,1.00647300,1.00644500,1.00647800
1.192000,1.00650700,1.00644800,1.00646300,1.00649700,1.00647300,1.00647300,1.00644500,1.00647800
1.194000,1.00650700,1.00644800,1.00646400,1.00649700,1.00647400,1.00647400,1.00644500,1.00647800
1.196000,1.00650700,1.00644800,1.00646400,1.00649800,1.00647400,1.00647400,1.00644600,1.00647900
1.198000,1.00650800,1.00644800,1.00646400,1.00649800,1.00647400,1.00647400,1.00644600,1.00647900
1.200000,1.00650800,1.00644800,1.00646400,1.00649800,1.00647400,1.00647400,1.00644600,1.00647900
1.202000,1.00650800,1.00644900,1.00646400,1.00649800,1.00647400,1.00647400,1.00644600,1.00647900
1.204000,1.00650800,1.00644900,1.00646400,1.00649800,1.00647400,1.00647400,1.00644600,1.00647900
1.206000,1.00650800,1.00644900,1.00646500,1.00649800,1.00647500,1.00647500,1.00644600,1.00648000
1.208000,1.00650800,1.00644900,1.00646500,1.00649900,1.00647500,1.00647500,1.00644700,1.00648000
1.210000,1.00650900,1.00644900,1.00646500,1.00649900,1.00647500,1.00647500,1.00644700,1.00648000
1.212000,1.00650900,1.00644900,1.00646500,1.00649900,1.00647500,1.00647500,1.00644700,1.00648000
1.214000,1.00650900,1.00645000,1.00646500,1.00649900,1.00647500,1.00647500,1.00644700,1.00648000
1.216000,1.00650900,1.00645000,1.00646600,1.00649900,1.00647600,1.00647600,1.00644700,1.00648000
1.218000,1.00650900,1.00645000,1.00646600,1.00650000,1.00647600,1.00647600,1.00644800,1.00648100
1.220000,1.00651000,1.00645000,1.00646600,1.00650000,1.00647600,1.00647600,1.00644800,1.00648100
1.222000,1.00651000,1.00645000,1.00646600,1.00650000,1.00647600,1.00647600,1.00644800,1.00648100
1.224000,1.00651000,1.00645100,1.00646600,1.00650000,1.00647600,1.00647600,1.00644800,1.00648100
1.226000,1.00651000,1.00645100,1.00646700,1.00650000,1.00647700,1.00647600,1.00644800,1.00648100
1.228000,1.00651000,1.00645100,1.00646700,1.00650000,1.00647700,1.00647700,1.00644800,1.00648200
1.230000,1.00651100,1.00645100,1.00646700,1.00650100,1.00647700,1.00647700,1.00644900,1.00648200
1.232000,1.00651100,1.00645100,1.00646700,1.00650100,1.00647700,1.00647700,1.00644900,1.00648200
1.234000,1.00651100,1.00645100,1.00646700,1.00650100,1.00647700,1.00647700,1.00644900,1.00648200
1.236000,1.00651100,1.00645200,1.00646700,1.00650100,1.00647700,1.00647700,1.00644900,1.00648200
1.238000,1.00651100,1.00645200,1.00646800,1.00650100,1.00647800,1.00647800,1.00644900,1.00648200
1.240000,1.00651200,1.00645200,1.00646800,1.00650200,1.00647800,1.00647800,1.00645000,1.00648300
1.242000,1.00651200,1.00645200,1.00646800,1.00650200,1.00647800,1.00647800,1.00645000,1.00648300
1.244000,1.00651200,1.00645200,1.00646800,1.00650200,1.00647800,1.00647800,1.00645000,1.00648300
1.246000,1.00651200,1.00645300,1.00646800,1.00650200,1.00647800,1.00647800,1.00645000,1.00648300
1.248000,1.00651200,1.00645300,1.00646900,1.00650200,1.00647900,1.00647900,1.00645000,1.00648300
1.250000,1.00651300,1.00645300,1.00646900,1.00650300,1.00647900,1.00647900,1.00645000,1.00648400
1.252000,1.00651300,1.00645300,1.00646900,1.00650300,1.00647900,1.00647900,1.00645100,1.00648400
1.254000,1.00651300,1.00645300,1.00646900,1.00650300,1.00647900,1.00647900,1.00645100,1.00648400
1.256000,1.00651300,1.00645400,1.00646900,1.00650300,1.00647900,1.00647900,1.00645100,1.00648400
1.258000,1.00651300,1.00645400,1.00646900,1.00650300,1.00648000,1.00647900,1.00645100,1.00648400
1.260000,1.00651300,1.00645400,1.00647000,1.00650300,1.00648000,1.00648000,1.00645100,1.00648500
1.262000,1.00651400,1.00645400,1.00647000,1.00650400,1.00648000,1.00648000,1.00645200,1.00648500
1.264000,1.00651400,1.00645400,1.00647000,1.00650400,1.00648000,1.00648000,1.00645200,1.00648500
1.266000,1.00651400,1.00645400,1.00647000,1.00650400,1.00648000,1.00648000,1.00645200,1.00648500
1.268000,1.00651400,1.00645500,1.00647000,1.00650400,1.00648000,1.00648000,1.00645200,1.00648500
1.270000,1.00651400,1.00645500,1.00647100,1.00650400,1.00648100,1.00648100,1.00645200,1.00648500
1.272000,1.00651500,1.00645500,1.00647100,1.00650500,1.00648100,1.00648100,1.00645200,1.00648600
1.274000,1.00651500,1.00645500,1.00647100,1.00650500,1.00648100,1.00648100,1.00645300,1.00648600
1.276000,1.00651500,1.00645500,1.00647100,1.00650500,1.00648100,1.00648100,1.00645300,1.00648600
1.278000,1.00651500,1.00645600,1.00647100,1.00650500,1.00648100,1.00648100,1.00645300,1.00648600
1.280000,1.00651500,1.00645600,1.00647200,1.00650500,1.00648200,1.00648100,1.00645300,1.00648600
1.282000,1.00651600,1.00645600,1.00647200,1.00650500,1.00648200,1.00648200,1.00645300,1.00648700
1.284000,1.00651600,1.00645600,1.00647200,1.00650600,1.00648200,1.00648200,1.00645400,1.00648700
1.286000,1.00651600,1.00645600,1.00647200,1.00650600,1.00648200,1.00648200,1.00645400,1.00648700
1.288000,1.00651600,1.00645600,1.00647200,1.00650600,1.00648200,1.00648200,1.00645400,1.00648700
1.290000,1.00651600,1.00645700,1.00647200,1.00650600,1.00648200,1.00648200,1.00645400,1.00648700
1.292000,1.00651600,1.00645700,1.00647300,1.00650600,1.00648300,1.00648300,1.00645400,1.00648800
1.294000,1.00651700,1.00645700,1.00647300,1.00650700,1.00648300,1.00648300,1.00645500,1.00648800
1.296000,1.00651700,1.00645700,1.00647300,1.00650700,1.00648300,1.00648300,1.00645500,1.00648800
1.298000,1.00651700,1.00645700,1.00647300,1.00650700,1.00648300,1.00648300,1.00645500,1.00648800
1.300000,1.00651700,1.00645800,1.00647300,1.00650700,1.00648300,1.00648300,1.00645500,1.00648800
1.302000,1.00651700,1.00645800,1.00647400,1.00650700,1.00648400,1.00648400,1.00645500,1.00648800
1.304000,1.00651800,1.00645800,1.00647400,1.00650800,1.00648400,1.00648400,1.00645500,1.00648900
1.306000,1.00651800,1.00645800,1.00647400,1.00650800,1.00648400,1.00648400,1.00645600,1.00648900
1.308000,1.00651800,1.00645800,1.00647400,1.00650800,1.00648400,1.00648400,1.00645600,1.00648900
1.310000,1.00651800,1.00645800,1.00647400,1.00650800,1.00648400,1.00648400,1.00645600,1.00648900
1.312000,1.00651800,1.00645900,1.00647400,1.00650800,1.00648500,1.00648400,1.00645600,1.00648900
1.314000,1.00651800,1.00645900,1.00647500,1.00650800,1.00648500,1.00648500,1.00645600,1.00649000
1.316000,1.00651900,1.00645900,1.00647500,1.00650900,1.00648500,1.00648500,1.00645700,1.00649000
1.318000,1.00651900,1.00645900,1.00647500,1.00650900,1.00648500,1.00648500,1.00645700,1.00649000
1.320000,1.00651900,1.00645900,1.00647500,1.00650900,1.00648500,1.00648500,1.00645700,1.00649000
1.322000,1.00651900,1.00645900,1.00647500,1.00650900,1.00648500,1.00648500,1.00645700,1.00649000
1.324000,1.00651900,1.00646000,1.00647600,1.00650900,1.00648600,1.00648600,1.00645700,1.00649100
1.326000,1.00652000,1.00646000,1.00647600,1.00651000,1.00648600,1.00648600,1.00645700,1.00649100
1.328000,1.00652000,1.00646000,1.00647600,1.00651000,1.00648600,1.00648600,1.00645800,1.00649100
1.330000,1.00652000,1.00646000,1.00647600,1.00651000,1.00648600,1.00648600,1.00645800,1.00649100
1.332000,1.00652000,1.00646000,1.00647600,1.00651000,1.00648600,1.00648600,1.00645800,1.00649100
1.334000,1.00652000,1.00646100,1.00647700,1.00651000,1.00648700,1.00648700,1.00645800,1.00649100
1.336000,1.00652100,1.00646100,1.00647700,1.00651100,1.00648700,1.00648700,1.00645800,1.00649200
1.338000,1.00652100,1.00646100,1.00647700,1.00651100,1.00648700,1.00648700,1.00645900,1.00649200
1.340000,1.00652100,1.00646100,1.00647700,1.00651100,1.00648700,1.00648700,1.00645900,1.00649200
1.342000,1.00652100,1.00646100,1.00647700,1.00651100,1.00648700,1.00648700,1.00645900,1.00649200
1.344000,1.00652100,1.00646200,1.00647700,1.00651100,1.00648700,1.00648700,1.00645900,1.00649200
1.346000,1.00652100,1.00646200,1.00647800,1.00651200,1.00648800,1.00648800,1.00645900,1.00649300
1.348000,1.00652200,1.00646200,1.00647800,1.00651200,1.00648800,1.00648800,1.00645900,1.00649300
1.350000,1.00652200,1.00646200,1.00647800,1.00651200,1.00648800,1.00648800,1.00646000,1.00649300
1.352000,1.00652200,1.00646200,1.00647800,1.00651200,1.00648800,1.00648800,1.00646000,1.00649300
1.354000,1.00652200,1.00646200,1.00647800,1.00651200,1.00648800,1.00648800,1.00646000,1.00649300
1.356000,1.00652200,1.00646300,1.00647900,1.00651200,1.00648900,1.00648900,1.00646000,1.00649400
1.358000,1.00652300,1.00646300,1.00647900,1.00651300,1.00648900,1.00648900,1.00646000,1.00649400
1.360000,1.00652300,1.00646300,1.00647900,1.00651300,1.00648900,1.00648900,1.00646100,1.00649400
1.362000,1.00652300,1.00646300,1.00647900,1.00651300,1.00648900,1.00648900,1.00646100,1.00649400
1.364000,1.00652300,1.00646300,1.00647900,1.00651300,1.00648900,1.00648900,1.00646100,1.00649400
1.366000,1.00652300,1.00646400,1.00648000,1.00651300,1.00649000,1.00649000,1.00646100,1.00649400
1.368000,1.00652400,1.00646400,1.00648000,1.00651400,1.00649000,1.00649000,1.00646100,1.00649500
1.370000,1.00652400,1.00646400,1.00648000,1.00651400,1.00649000,1.00649000,1.00646200,1.00649500
1.372000,1.00652400,1.00646400,1.00648000,1.00651400,1.00649000,1.00649000,1.00646200,1.00649500
1.374000,1.00652400,1.00646400,1.00648000,1.00651400,1.00649000,1.00649000,1.00646200,1.00649500
1.376000,1.00652400,1.00646400,1.00648000,1.00651400,1.00649000,1.00649000,1.00646200,1.00649500
1.378000,1.00652500,1.00646500,1.00648100,1.00651500,1.00649100,1.00649100,1.00646200,1.00649600
1.380000,1.00652500,1.00646500,1.00648100,1.00651500,1.00649100,1.00649100,1.00646200,1.00649600
1.382000,1.00652500,1.00646500,1.00648100,1.00651500,1.00649100,1.00649100,1.00646300,1.00649600
1.384000,1.00652500,1.00646500,1.00648100,1.00651500,1.00649100,1.00649100,1.00646300,1.00649600
1.386000,1.00652500,1.00646500,1.00648100,1.00651500,1.00649100,1.00649100,1.00646300,1.00649600
1.388000,1.00652600,1.00646600,1.00648200,1.00651600,1.00649200,1.00649200,1.00646300,1.00649700
1.390000,1.00652600,1.00646600,1.00648200,1.00651600,1.00649200,1.00649200,1.00646300,1.00649700
1.392000,1.00652600,1.00646600,1.00648200,1.00651600,1.00649200,1.00649200,1.00646400,1.00649700
1.394000,1.00652600,1.00646600,1.00648200,1.00651600,1.00649200,1.00649200,1.00646400,1.00649700
1.396000,1.00652600,1.00646600,1.00648200,1.00651600,1.00649200,1.00649200,1.00646400,1.00649700
1.398000,1.00652600,1.00646700,1.00648300,1.00651600,1.00649200,1.00649200,1.00646400,1.00649700
1.400000,1.00652700,1.00646700,1.00648300,1.00651700,1.00649300,1.00649300,1.00646400,1.00649800
1.402000,1.00652700,1.00646700,1.00648300,1.00651700,1.00649300,1.00649300,1.00646400,1.00649800
1.404000,1.00652700,1.00646700,1.00648300,1.00651700,1.00649300,1.00649300,1.00646500,1.00649800
1.406000,1.00652700,1.00646700,1.00648300,1.00651700,1.00649300,1.00649300,1.00646500,1.00649800
1.408000,1.00652700,1.00646700,1.00648300,1.00651700,1.00649300,1.00649300,1.00646500,1.00649800
1.410000,1.00652800,1.00646800,1.00648400,1.00651800,1.00649400,1.00649400,1.00646500,1.00649900
1.412000,1.00652800,1.00646800,1.00648400,1.00651800,1.00649400,1.00649400,1.00646500,1.00649900
1.414000,1.00652800,1.00646800,1.00648400,1.00651800,1.00649400,1.00649400,1.00646600,1.00649900
1.416000,1.00652800,1.00646800,1.00648400,1.00651800,1.00649400,1.00649400,1.00646600,1.00649900
1.418000,1.00652800,1.00646800,1.00648400,1.00651800,1.00649400,1.00649400,1.00646600,1.00649900
1.420000,1.00652800,1.00646900,1.00648500,1.00651800,1.00649500,1.00649500,1.00646600,1.00650000
1.422000,1.00652900,1.00646900,1.00648500,1.00651900,1.00649500,1.00649500,1.00646600,1.00650000
1.424000,1.00652900,1.00646900,1.00648500,1.00651900,1.00649500,1.00649500,1.00646700,1.00650000
1.426000,1.00652900,1.00646900,1.00648500,1.00651900,1.00649500,1.00649500,1.00646700,1.00650000
1.428000,1.00652900,1.00646900,1.00648500,1.00651900,1.00649500,1.00649500,1.00646700,1.00650000
1.430000,1.00652900,1.00646900,1.00648600,1.00651900,1.00649500,1.00649500,1.00646700,1.00650000
1.432000,1.00653000,1.00647000,1.00648600,1.00652000,1.00649600,1.00649600,1.00646700,1.00650100
1.434000,1.00653000,1.00647000,1.00648600,1.00652000,1.00649600,1.00649600,1.00646700,1.00650100
1.436000,1.00653000,1.00647000,1.00648600,1.00652000,1.00649600,1.00649600,1.00646800,1.00650100
1.438000,1.00653000,1.00647000,1.00648600,1.00652000,1.00649600,1.00649600,1.00646800,1.00650100
1.440000,1.00653000,1.00647000,1.00648700,1.00652000,1.00649600,1.00649600,1.00646800,1.00650100
1.442000,1.00653100,1.00647100,1.00648700,1.00652100,1.00649700,1.00649700,1.00646800,1.00650200
1.444000,1.00653100,1.00647100,1.00648700,1.00652100,1.00649700,1.00649700,1.00646800,1.00650200
1.446000,1.00653100,1.00647100,1.00648700,1.00652100,1.00649700,1.00649700,1.00646900,1.00650200
1.448000,1.00653100,1.00647100,1.00648700,1.00652100,1.00649700,1.00649700,1.00646900,1.00650200
1.450000,1.00653100,1.00647100,1.00648700,1.00652100,1.00649700,1.00649700,1.00646900,1.00650200
1.452000,1.00653200,1.00647200,1.00648800,1.00652100,1.00649800,1.00649800,1.00646900,1.00650300
1.454000,1.00653200,1.00647200,1.00648800,1.00652200,1.00649800,1.00649800,1.00646900,1.00650300
1.456000,1.00653200,1.00647200,1.00648800,1.00652200,1.00649800,1.00649800,1.00646900,1.00650300
1.458000,1.00653200,1.00647200,1.00648800,1.00652200,1.00649800,1.00649800,1.00647000,1.00650300
1.460000,1.00653200,1.00647200,1.00648800,1.00652200,1.00649800,1.00649800,1.00647000,1.00650300
1.462000,1.00653300,1.00647200,1.00648900,1.00652200,1.00649800,1.00649800,1.00647000,1.00650300
1.464000,1.00653300,1.00647300,1.00648900,1.00652300,1.00649900,1.00649900,1.00647000,1.00650400
1.466000,1.00653300,1.00647300,1.00648900,1.00652300,1.00649900,1.00649900,1.00647000,1.00650400
1.468000,1.00653300,1.00647300,1.00648900,1.00652300,1.00649900,1.00649900,1.00647100,1.00650400
1.470000,1.00653300,1.00647300,1.00648900,1.00652300,1.00649900,1.00649900,1.00647100,1.00650400
1.472000,1.00653300,1.00647300,1.00649000,1.00652300,1.00649900,1.00649900,1.00647100,1.00650400
1.474000,1.00653400,1.00647400,1.00649000,1.00652300,1.00650000,1.00650000,1.00647100,1.00650500
1.476000,1.00653400,1.00647400,1.00649000,1.00652400,1.00650000,1.00650000,1.00647100,1.00650500
1.478000,1.00653400,1.00647400,1.00649000,1.00652400,1.00650000,1.00650000,1.00647200,1.00650500
1.480000,1.00653400,1.00647400,1.00649000,1.00652400,1.00650000,1.00650000,1.00647200,1.00650500
1.482000,1.00653400,1.00647400,1.00649000,1.00652400,1.00650000,1.00650000,1.00647200,1.00650500
1.484000,1.00653500,1.00647400,1.00649100,1.00652400,1.00650100,1.00650000,1.00647200,1.00650500
1.486000,1.00653500,1.00647500,1.00649100,1.00652500,1.00650100,1.00650100,1.00647200,1.00650600
1.488000,1.00653500,1.00647500,1.00649100,1.00652500,1.00650100,1.00650100,1.00647200,1.00650600
1.490000,1.00653500,1.00647500,1.00649100,1.00652500,1.00650100,1.00650100,1.00647300,1.00650600
1.492000,1.00653500,1.00647500,1.00649100,1.00652500,1.00650100,1.00650100,1.00647300,1.00650600
1.494000,1.00653600,1.00647500,1.00649200,1.00652500,1.00650100,1.00650100,1.00647300,1.00650600
1.496000,1.00653600,1.00647600,1.00649200,1.00652600,1.00650200,1.00650200,1.00647300,1.00650700
1.498000,1.00653600,1.00647600,1.00649200,1.00652600,1.00650200,1.00650200,1.00647300,1.00650700
1.500000,1.00653600,1.00647600,1.00649200,1.00652600,1.00650200,1.00650200,1.00647400,1.00650700
1.502000,1.00653600,1.00647600,1.00649200,1.00652600,1.00650200,1.00650200,1.00647400,1.00650700
1.504000,1.00653600,1.00647600,1.00649200,1.00652600,1.00650200,1.00650200,1.00647400,1.00650700
1.506000,1.00653700,1.00647700,1.00649300,1.00652700,1.00650300,1.00650300,1.00647400,1.00650800
1.508000,1.00653700,1.00647700,1.00649300,1.00652700,1.00650300,1.00650300,1.00647400,1.00650800
1.510000,1.00653700,1.00647700,1.00649300,1.00652700,1.00650300,1.00650300,1.00647400,1.00650800
1.512000,1.00653700,1.00647700,1.00649300,1.00652700,1.00650300,1.00650300,1.00647500,1.00650800
1.514000,1.00653700,1.00647700,1.00649300,1.00652700,1.00650300,1.00650300,1.00647500,1.00650800
1.516000,1.00653800,1.00647700,1.00649400,1.00652800,1.00650400,1.00650300,1.00647500,1.00650800
1.518000,1.00653800,1.00647800,1.00649400,1.00652800,1.00650400,1.00650400,1.00647500,1.00650900
1.520000,1.00653800,1.00647800,1.00649400,1.00652800,1.00650400,1.00650400,1.00647500,1.00650900
1.522000,1.00653800,1.00647800,1.00649400,1.00652800,1.00650400,1.00650400,1.00647600,1.00650900
1.524000,1.00653800,1.00647800,1.00649400,1.00652800,1.00650400,1.00650400,1.00647600,1.00650900
1.526000,1.00653900,1.00647800,1.00649500,1.00652800,1.00650500,1.00650400,1.00647600,1.00650900
1.528000,1.00653900,1.00647900,1.00649500,1.00652900,1.00650500,1.00650500,1.00647600,1.00651000
1.530000,1.00653900,1.00647900,1.00649500,1.00652900,1.00650500,1.00650500,1.00647600,1.00651000
1.532000,1.00653900,1.00647900,1.00649500,1.00652900,1.00650500,1.00650500,1.00647700,1.00651000
1.534000,1.00653900,1.00647900,1.00649500,1.00652900,1.00650500,1.00650500,1.00647700,1.00651000
1.536000,1.00653900,1.00647900,1.00649500,1.00652900,1.00650500,1.00650500,1.00647700,1.00651000
1.538000,1.00654000,1.00647900,1.00649600,1.00653000,1.00650600,1.00650500,1.00647700,1.00651000
1.540000,1.00654000,1.00648000,1.00649600,1.00653000,1.00650600,1.00650600,1.00647700,1.00651100
1.542000,1.00654000,1.00648000,1.00649600,1.00653000,1.00650600,1.00650600,1.00647700,1.00651100
1.544000,1.00654000,1.00648000,1.00649600,1.00653000,1.00650600,1.00650600,1.00647800,1.00651100
1.546000,1.00654000,1.00648000,1.00649600,1.00653000,1.00650600,1.00650600,1.00647800,1.00651100
1.548000,1.00654100,1.00648000,1.00649700,1.00653100,1.00650700,1.00650600,1.00647800,1.00651100
1.550000,1.00654100,1.00648100,1.00649700,1.00653100,1.00650700,1.00650700,1.00647800,1.00651200
1.552000,1.00654100,1.00648100,1.00649700,1.00653100,1.00650700,1.00650700,1.00647800,1.00651200
1.554000,1.00654100,1.00648100,1.00649700,1.00653100,1.00650700,1.00650700,1.00647900,1.00651200
1.556000,1.00654100,1.00648100,1.00649700,1.00653100,1.00650700,1.00650700,1.00647900,1.00651200
1.558000,1.00654200,1.00648100,1.00649800,1.00653100,1.00650800,1.00650700,1.00647900,1.00651200
1.560000,1.00654200,1.00648100,1.00649800,1.00653200,1.00650800,1.00650800,1.00647900,1.00651300
1.562000,1.00654200,1.00648200,1.00649800,1.00653200,1.00650800,1.00650800,1.00647900,1.00651300
1.564000,1.00654200,1.00648200,1.00649800,1.00653200,1.00650800,1.00650800,1.00648000,1.00651300
1.566000,1.00654200,1.00648200,1.00649800,1.00653200,1.00650800,1.00650800,1.00648000,1.00651300
1.568000,1.00654300,1.00648200,1.00649800,1.00653200,1.00650800,1.00650800,1.00648000,1.00651300
1.570000,1.00654300,1.00648200,1.00649900,1.00653300,1.00650900,1.00650800,1.00648000,1.00651400
1.572000,1.00654300,1.00648300,1.00649900,1.00653300,1.00650900,1.00650900,1.00648000,1.00651400
1.574000,1.00654300,1.00648300,1.00649900,1.00653300,1.00650900,1.00650900,1.00648000,1.00651400
1.576000,1.00654300,1.00648300,1.00649900,1.00653300,1.00650900,1.00650900,1.00648100,1.00651400
1.578000,1.00654400,1.00648300,1.00649900,1.00653300,1.00650900,1.00650900,1.00648100,1.00651400
1.580000,1.00654400,1.00648300,1.00650000,1.00653400,1.00651000,1.00650900,1.00648100,1.00651400
1.582000,1.00654400,1.00648400,1.00650000,1.00653400,1.00651000,1.00651000,1.00648100,1.00651500
1.584000,1.00654400,1.00648400,1.00650000,1.00653400,1.00651000,1.00651000,1.00648100,1.00651500
1.586000,1.00654400,1.00648400,1.00650000,1.00653400,1.00651000,1.00651000,1.00648200,1.00651500
1.588000,1.00654400,1.00648400,1.00650000,1.00653400,1.00651000,1.00651000,1.00648200,1.00651500
1.590000,1.00654500,1.00648400,1.00650100,1.00653400,1.00651000,1.00651000,1.00648200,1.00651500
1.592000,1.00654500,1.00648400,1.00650100,1.00653500,1.00651100,1.00651100,1.00648200,1.00651600
1.594000,1.00654500,1.00648500,1.00650100,1.00653500,1.00651100,1.00651100,1.00648200,1.00651600
1.596000,1.00654500,1.00648500,1.00650100,1.00653500,1.00651100,1.00651100,1.00648200,1.00651600
1.598000,1.00654500,1.00648500,1.00650100,1.00653500,1.00651100,1.00651100,1.00648300,1.00651600
1.600000,1.00654600,1.00648500,1.00650100,1.00653500,1.00651100,1.00651100,1.00648300,1.00651600
1.602000,1.00654600,1.00648500,1.00650200,1.00653600,1.00651200,1.00651200,1.00648300,1.00651700
1.604000,1.00654600,1.00648600,1.00650200,1.00653600,1.00651200,1.00651200,1.00648300,1.00651700
1.606000,1.00654600,1.00648600,1.00650200,1.00653600,1.00651200,1.00651200,1.00648300,1.00651700
1.608000,1.00654600,1.00648600,1.00650200,1.00653600,1.00651200,1.00651200,1.00648400,1.00651700
1.610000,1.00654600,1.00648600,1.00650200,1.00653600,1.00651200,1.00651200,1.00648400,1.00651700
1.612000,1.00654700,1.00648600,1.00650300,1.00653700,1.00651300,1.00651200,1.00648400,1.00651800
1.614000,1.00654700,1.00648600,1.00650300,1.00653700,1.00651300,1.00651300,1.00648400,1.00651800
1.616000,1.00654700,1.00648700,1.00650300,1.00653700,1.00651300,1.00651300,1.00648400,1.00651800
1.618000,1.00654700,1.00648700,1.00650300,1.00653700,1.00651300,1.00651300,1.00648500,1.00651800
1.620000,1.00654700,1.00648700,1.00650300,1.00653700,1.00651300,1.00651300,1.00648500,1.00651800
1.622000,1.00654800,1.00648700,1.00650400,1.00653800,1.00651300,1.00651300,1.00648500,1.00651800
1.624000,1.00654800,1.00648700,1.00650400,1.00653800,1.00651400,1.00651400,1.00648500,1.00651900
1.626000,1.00654800,1.00648800,1.00650400,1.00653800,1.00651400,1.00651400,1.00648500,1.00651900
1.628000,1.00654800,1.00648800,1.00650400,1.00653800,1.00651400,1.00651400,1.00648500,1.00651900
1.630000,1.00654800,1.00648800,1.00650400,1.00653800,1.00651400,1.00651400,1.00648600,1.00651900
1.632000,1.00654900,1.00648800,1.00650500,1.00653800,1.00651400,1.00651400,1.00648600,1.00651900
1.634000,1.00654900,1.00648800,1.00650500,1.00653900,1.00651500,1.00651500,1.00648600,1.00652000
1.636000,1.00654900,1.00648800,1.00650500,1.00653900,1.00651500,1.00651500,1.00648600,1.00652000
1.638000,1.00654900,1.00648900,1.00650500,1.00653900,1.00651500,1.00651500,1.00648600,1.00652000
1.640000,1.00654900,1.00648900,1.00650500,1.00653900,1.00651500,1.00651500,1.00648700,1.00652000
1.642000,1.00655000,1.00648900,1.00650500,1.00653900,1.00651500,1.00651500,1.00648700,1.00652000
1.644000,1.00655000,1.00648900,1.00650600,1.00654000,1.00651600,1.00651600,1.00648700,1.00652100
1.646000,1.00655000,1.00648900,1.00650600,1.00654000,1.00651600,1.00651600,1.00648700,1.00652100
1.648000,1.00655000,1.00649000,1.00650600,1.00654000,1.00651600,1.00651600,1.00648700,1.00652100
1.650000,1.00655000,1.00649000,1.00650600,1.00654000,1.00651600,1.00651600,1.00648700,1.00652100
1.652000,1.00655100,1.00649000,1.00650600,1.00654000,1.00651600,1.00651600,1.00648800,1.00652100
1.654000,1.00655100,1.00649000,1.00650700,1.00654100,1.00651600,1.00651600,1.00648800,1.00652100
1.656000,1.00655100,1.00649000,1.00650700,1.00654100,1.00651700,1.00651700,1.00648800,1.00652200
1.658000,1.00655100,1.00649100,1.00650700,1.00654100,1.00651700,1.00651700,1.00648800,1.00652200
1.660000,1.00655100,1.00649100,1.00650700,1.00654100,1.00651700,1.00651700,1.00648800,1.00652200
1.662000,1.00655200,1.00649100,1.00650700,1.00654100,1.00651700,1.00651700,1.00648900,1.00652200
1.664000,1.00655200,1.00649100,1.00650800,1.00654100,1.00651700,1.00651700,1.00648900,1.00652200
1.666000,1.00655200,1.00649100,1.00650800,1.00654200,1.00651800,1.00651800,1.00648900,1.00652300
1.668000,1.00655200,1.00649100,1.00650800,1.00654200,1.00651800,1.00651800,1.00648900,1.00652300
1.670000,1.00655200,1.00649200,1.00650800,1.00654200,1.00651800,1.00651800,1.00648900,1.00652300
1.672000,1.00655200,1.00649200,1.00650800,1.00654200,1.00651800,1.00651800,1.00649000,1.00652300
1.674000,1.00655300,1.00649200,1.00650800,1.00654200,1.00651800,1.00651800,1.00649000,1.00652300
1.676000,1.00655300,1.00649200,1.00650900,1.00654300,1.00651900,1.00651800,1.00649000,1.00652300
1.678000,1.00655300,1.00649200,1.00650900,1.00654300,1.00651900,1.00651900,1.00649000,1.00652400
1.680000,1.00655300,1.00649300,1.00650900,1.00654300,1.00651900,1.00651900,1.00649000,1.00652400
1.682000,1.00655300,1.00649300,1.00650900,1.00654300,1.00651900,1.00651900,1.00649000,1.00652400
1.684000,1.00655400,1.00649300,1.00650900,1.00654300,1.00651900,1.00651900,1.00649100,1.00652400
1.686000,1.00655400,1.00649300,1.00651000,1.00654400,1.00652000,1.00651900,1.00649100,1.00652400
1.688000,1.00655400,1.00649300,1.00651000,1.00654400,1.00652000,1.00652000,1.00649100,1.00652500
1.690000,1.00655400,1.00649300,1.00651000,1.00654400,1.00652000,1.00652000,1.00649100,1.00652500
1.692000,1.00655400,1.00649400,1.00651000,1.00654400,1.00652000,1.00652000,1.00649100,1.00652500
1.694000,1.00655500,1.00649400,1.00651000,1.00654400,1.00652000,1.00652000,1.00649200,1.00652500
1.696000,1.00655500,1.00649400,1.00651000,1.00654400,1.00652000,1.00652000,1.00649200,1.00652500
1.698000,1.00655500,1.00649400,1.00651100,1.00654500,1.00652100,1.00652100,1.00649200,1.00652600
1.700000,1.00655500,1.00649400,1.00651100,1.00654500,1.00652100,1.00652100,1.00649200,1.00652600
1.702000,1.00655500,1.00649500,1.00651100,1.00654500,1.00652100,1.00652100,1.00649200,1.00652600
1.704000,1.00655600,1.00649500,1.00651100,1.00654500,1.00652100,1.00652100,1.00649300,1.00652600
1.706000,1.00655600,1.00649500,1.00651100,1.00654500,1.00652100,1.00652100,1.00649300,1.00652600
1.708000,1.00655600,1.00649500,1.00651200,1.00654600,1.00652200,1.00652100,1.00649300,1.00652600
1.710000,1.00655600,1.00649500,1.00651200,1.00654600,1.00652200,1.00652200,1.00649300,1.00652700
1.712000,1.00655600,1.00649600,1.00651200,1.00654600,1.00652200,1.00652200,1.00649300,1.00652700
1.714000,1.00655700,1.00649600,1.00651200,1.00654600,1.00652200,1.00652200,1.00649300,1.00652700
1.716000,1.00655700,1.00649600,1.00651200,1.00654600,1.00652200,1.00652200,1.00649400,1.00652700
1.718000,1.00655700,1.00649600,1.00651300,1.00654700,1.00652300,1.00652200,1.00649400,1.00652700
1.720000,1.00655700,1.00649600,1.00651300,1.00654700,1.00652300,1.00652300,1.00649400,1.00652800
1.722000,1.00655700,1.00649600,1.00651300,1.00654700,1.00652300,1.00652300,1.00649400,1.00652800
1.724000,1.00655700,1.00649700,1.00651300,1.00654700,1.00652300,1.00652300,1.00649400,1.00652800
1.726000,1.00655800,1.00649700,1.00651300,1.00654700,1.00652300,1.00652300,1.00649500,1.00652800
1.728000,1.00655800,1.00649700,1.00651400,1.00654800,1.00652300,1.00652300,1.00649500,1.00652800
1.730000,1.00655800,1.00649700,1.00651400,1.00654800,1.00652400,1.00652300,1.00649500,1.00652900
1.732000,1.00655800,1.00649700,1.00651400,1.00654800,1.00652400,1.00652400,1.00649500,1.00652900
1.734000,1.00655800,1.00649800,1.00651400,1.00654800,1.00652400,1.00652400,1.00649500,1.00652900
1.736000,1.00655900,1.00649800,1.00651400,1.00654800,1.00652400,1.00652400,1.00649600,1.00652900
1.738000,1.00655900,1.00649800,1.00651400,1.00654900,1.00652400,1.00652400,1.00649600,1.00652900
1.740000,1.00655900,1.00649800,1.00651500,1.00654900,1.00652500,1.00652400,1.00649600,1.00653000
1.742000,1.00655900,1.00649800,1.00651500,1.00654900,1.00652500,1.00652500,1.00649600,1.00653000
1.744000,1.00655900,1.00649900,1.00651500,1.00654900,1.00652500,1.00652500,1.00649600,1.00653000
1.746000,1.00655900,1.00649900,1.00651500,1.00654900,1.00652500,1.00652500,1.00649600,1.00653000
1.748000,1.00656000,1.00649900,1.00651500,1.00654900,1.00652500,1.00652500,1.00649700,1.00653000
1.750000,1.00656000,1.00649900,1.00651600,1.00655000,1.00652600,1.00652500,1.00649700,1.00653100
1.752000,1.00656000,1.00649900,1.00651600,1.00655000,1.00652600,1.00652600,1.00649700,1.00653100
1.754000,1.00656000,1.00649900,1.00651600,1.00655000,1.00652600,1.00652600,1.00649700,1.00653100
1.756000,1.00656000,1.00650000,1.00651600,1.00655000,1.00652600,1.00652600,1.00649700,1.00653100
1.758000,1.00656100,1.00650000,1.00651600,1.00655000,1.00652600,1.00652600,1.00649800,1.00653100
1.760000,1.00656100,1.00650000,1.00651700,1.00655100,1.00652600,1.00652600,1.00649800,1.00653100
1.762000,1.00656100,1.00650000,1.00651700,1.00655100,1.00652700,1.00652700,1.00649800,1.00653200
1.764000,1.00656100,1.00650000,1.00651700,1.00655100,1.00652700,1.00652700,1.00649800,1.00653200
1.766000,1.00656100,1.00650100,1.00651700,1.00655100,1.00652700,1.00652700,1.00649800,1.00653200
1.768000,1.00656200,1.00650100,1.00651700,1.00655100,1.00652700,1.00652700,1.00649900,1.00653200
1.770000,1.00656200,1.00650100,1.00651800,1.00655200,1.00652700,1.00652700,1.00649900,1.00653200
1.772000,1.00656200,1.00650100,1.00651800,1.00655200,1.00652800,1.00652800,1.00649900,1.00653300
1.774000,1.00656200,1.00650100,1.00651800,1.00655200,1.00652800,1.00652800,1.00649900,1.00653300
1.776000,1.00656200,1.00650200,1.00651800,1.00655200,1.00652800,1.00652800,1.00649900,1.00653300
1.778000,1.00656300,1.00650200,1.00651800,1.00655200,1.00652800,1.00652800,1.00650000,1.00653300
1.780000,1.00656300,1.00650200,1.00651800,1.00655200,1.00652800,1.00652800,1.00650000,1.00653300
1.782000,1.00656300,1.00650200,1.00651900,1.00655300,1.00652800,1.00652800,1.00650000,1.00653400
1.784000,1.00656300,1.00650200,1.00651900,1.00655300,1.00652900,1.00652900,1.00650000,1.00653400
1.786000,1.00656300,1.00650200,1.00651900,1.00655300,1.00652900,1.00652900,1.00650000,1.00653400
1.788000,1.00656400,1.00650300,1.00651900,1.00655300,1.00652900,1.00652900,1.00650000,1.00653400
1.790000,1.00656400,1.00650300,1.00651900,1.00655300,1.00652900,1.00652900,1.00650100,1.00653400
1.792000,1.00656400,1.00650300,1.00652000,1.00655400,1.00652900,1.00652900,1.00650100,1.00653400
1.794000,1.00656400,1.00650300,1.00652000,1.00655400,1.00653000,1.00653000,1.00650100,1.00653500
1.796000,1.00656400,1.00650300,1.00652000,1.00655400,1.00653000,1.00653000,1.00650100,1.00653500
1.798000,1.00656400,1.00650400,1.00652000,1.00655400,1.00653000,1.00653000,1.00650100,1.00653500
1.800000,1.00656500,1.00650400,1.00652000,1.00655400,1.00653000,1.00653000,1.00650200,1.00653500
1.802000,1.00656500,1.00650400,1.00652100,1.00655500,1.00653000,1.00653000,1.00650200,1.00653500
1.804000,1.00656500,1.00650400,1.00652100,1.00655500,1.00653100,1.00653100,1.00650200,1.00653600
1.806000,1.00656500,1.00650400,1.00652100,1.00655500,1.00653100,1.00653100,1.00650200,1.00653600
1.808000,1.00656500,1.00650400,1.00652100,1.00655500,1.00653100,1.00653100,1.00650200,1.00653600
1.810000,1.00656600,1.00650500,1.00652100,1.00655500,1.00653100,1.00653100,1.00650300,1.00653600
1.812000,1.00656600,1.00650500,1.00652100,1.00655600,1.00653100,1.00653100,1.00650300,1.00653600
1.814000,1.00656600,1.00650500,1.00652200,1.00655600,1.00653200,1.00653100,1.00650300,1.00653600
1.816000,1.00656600,1.00650500,1.00652200,1.00655600,1.00653200,1.00653200,1.00650300,1.00653700
1.818000,1.00656600,1.00650500,1.00652200,1.00655600,1.00653200,1.00653200,1.00650300,1.00653700
1.820000,1.00656700,1.00650600,1.00652200,1.00655600,1.00653200,1.00653200,1.00650300,1.00653700
1.822000,1.00656700,1.00650600,1.00652200,1.00655700,1.00653200,1.00653200,1.00650400,1.00653700
1.824000,1.00656700,1.00650600,1.00652300,1.00655700,1.00653300,1.00653200,1.00650400,1.00653700
1.826000,1.00656700,1.00650600,1.00652300,1.00655700,1.00653300,1.00653300,1.00650400,1.00653800
1.828000,1.00656700,1.00650600,1.00652300,1.00655700,1.00653300,1.00653300,1.00650400,1.00653800
1.830000,1.00656800,1.00650700,1.00652300,1.00655700,1.00653300,1.00653300,1.00650400,1.00653800
1.832000,1.00656800,1.00650700,1.00652300,1.00655700,1.00653300,1.00653300,1.00650500,1.00653800
1.834000,1.00656800,1.00650700,1.00652400,1.00655800,1.00653400,1.00653300,1.00650500,1.00653800
1.836000,1.00656800,1.00650700,1.00652400,1.00655800,1.00653400,1.00653400,1.00650500,1.00653900
1.838000,1.00656800,1.00650700,1.00652400,1.00655800,1.00653400,1.00653400,1.00650500,1.00653900
1.840000,1.00656900,1.00650800,1.00652400,1.00655800,1.00653400,1.00653400,1.00650500,1.00653900
1.842000,1.00656900,1.00650800,1.00652400,1.00655800,1.00653400,1.00653400,1.00650500,1.00653900
1.844000,1.00656900,1.00650800,1.00652400,1.00655900,1.00653400,1.00653400,1.00650600,1.00653900
1.846000,1.00656900,1.00650800,1.00652500,1.00655900,1.00653500,1.00653400,1.00650600,1.00654000
1.848000,1.00656900,1.00650800,1.00652500,1.00655900,1.00653500,1.00653500,1.00650600,1.00654000
1.850000,1.00657000,1.00650800,1.00652500,1.00655900,1.00653500,1.00653500,1.00650600,1.00654000
1.852000,1.00657000,1.00650900,1.00652500,1.00655900,1.00653500,1.00653500,1.00650600,1.00654000
1.854000,1.00657000,1.00650900,1.00652500,1.00655900,1.00653500,1.00653500,1.00650700,1.00654000
1.856000,1.00657000,1.00650900,1.00652600,1.00656000,1.00653600,1.00653500,1.00650700,1.00654100
1.858000,1.00657000,1.00650900,1.00652600,1.00656000,1.00653600,1.00653600,1.00650700,1.00654100
1.860000,1.00657000,1.00650900,1.00652600,1.00656000,1.00653600,1.00653600,1.00650700,1.00654100
1.862000,1.00657100,1.00651000,1.00652600,1.00656000,1.00653600,1.00653600,1.00650700,1.00654100
1.864000,1.00657100,1.00651000,1.00652600,1.00656000,1.00653600,1.00653600,1.00650800,1.00654100
1.866000,1.00657100,1.00651000,1.00652700,1.00656100,1.00653600,1.00653600,1.00650800,1.00654100
1.868000,1.00657100,1.00651000,1.00652700,1.00656100,1.00653700,1.00653700,1.00650800,1.00654200
1.870000,1.00657100,1.00651000,1.00652700,1.00656100,1.00653700,1.00653700,1.00650800,1.00654200
1.872000,1.00657200,1.00651000,1.00652700,1.00656100,1.00653700,1.00653700,1.00650800,1.00654200
1.874000,1.00657200,1.00651100,1.00652700,1.00656100,1.00653700,1.00653700,1.00650800,1.00654200
1.876000,1.00657200,1.00651100,1.00652800,1.00656200,1.00653700,1.00653700,1.00650900,1.00654200
1.878000,1.00657200,1.00651100,1.00652800,1.00656200,1.00653800,1.00653800,1.00650900,1.00654300
1.880000,1.00657200,1.00651100,1.00652800,1.00656200,1.00653800,1.00653800,1.00650900,1.00654300
1.882000,1.00657300,1.00651100,1.00652800,1.00656200,1.00653800,1.00653800,1.00650900,1.00654300
1.884000,1.00657300,1.00651200,1.00652800,1.00656200,1.00653800,1.00653800,1.00650900,1.00654300
1.886000,1.00657300,1.00651200,1.00652800,1.00656300,1.00653800,1.00653800,1.00651000,1.00654300
1.888000,1.00657300,1.00651200,1.00652900,1.00656300,1.00653900,1.00653800,1.00651000,1.00654400
1.890000,1.00657300,1.00651200,1.00652900,1.00656300,1.00653900,1.00653900,1.00651000,1.00654400
1.892000,1.00657400,1.00651200,1.00652900,1.00656300,1.00653900,1.00653900,1.00651000,1.00654400
1.894000,1.00657400,1.00651300,1.00652900,1.00656300,1.00653900,1.00653900,1.00651000,1.00654400
1.896000,1.00657400,1.00651300,1.00652900,1.00656400,1.00653900,1.00653900,1.00651000,1.00654400
1.898000,1.00657400,1.00651300,1.00653000,1.00656400,1.00653900,1.00653900,1.00651100,1.00654400
1.900000,1.00657400,1.00651300,1.00653000,1.00656400,1.00654000,1.00654000,1.00651100,1.00654500
1.902000,1.00657500,1.00651300,1.00653000,1.00656400,1.00654000,1.00654000,1.00651100,1.00654500
1.904000,1.00657500,1.00651300,1.00653000,1.00656400,1.00654000,1.00654000,1.00651100,1.00654500
1.906000,1.00657500,1.00651400,1.00653000,1.00656400,1.00654000,1.00654000,1.00651100,1.00654500
1.908000,1.00657500,1.00651400,1.00653100,1.00656500,1.00654000,1.00654000,1.00651200,1.00654500
1.910000,1.00657500,1.00651400,1.00653100,1.00656500,1.00654100,1.00654100,1.00651200,1.00654600
1.912000,1.00657500,1.00651400,1.00653100,1.00656500,1.00654100,1.00654100,1.00651200,1.00654600
1.914000,1.00657600,1.00651400,1.00653100,1.00656500,1.00654100,1.00654100,1.00651200,1.00654600
1.916000,1.00657600,1.00651500,1.00653100,1.00656500,1.00654100,1.00654100,1.00651200,1.00654600
1.918000,1.00657600,1.00651500,1.00653100,1.00656600,1.00654100,1.00654100,1.00651300,1.00654600
1.920000,1.00657600,1.00651500,1.00653200,1.00656600,1.00654200,1.00654100,1.00651300,1.00654600
1.922000,1.00657600,1.00651500,1.00653200,1.00656600,1.00654200,1.00654200,1.00651300,1.00654700
1.924000,1.00657700,1.00651500,1.00653200,1.00656600,1.00654200,1.00654200,1.00651300,1.00654700
1.926000,1.00657700,1.00651600,1.00653200,1.00656600,1.00654200,1.00654200,1.00651300,1.00654700
1.928000,1.00657700,1.00651600,1.00653200,1.00656700,1.00654200,1.00654200,1.00651300,1.00654700
1.930000,1.00657700,1.00651600,1.00653300,1.00656700,1.00654300,1.00654200,1.00651400,1.00654700
1.932000,1.00657700,1.00651600,1.00653300,1.00656700,1.00654300,1.00654300,1.00651400,1.00654800
1.934000,1.00657700,1.00651600,1.00653300,1.00656700,1.00654300,1.00654300,1.00651400,1.00654800
1.936000,1.00657800,1.00651600,1.00653300,1.00656700,1.00654300,1.00654300,1.00651400,1.00654800
1.938000,1.00657800,1.00651700,1.00653300,1.00656700,1.00654300,1.00654300,1.00651400,1.00654800
1.940000,1.00657800,1.00651700,1.00653400,1.00656800,1.00654400,1.00654300,1.00651500,1.00654800
1.942000,1.00657800,1.00651700,1.00653400,1.00656800,1.00654400,1.00654400,1.00651500,1.00654900
1.944000,1.00657800,1.00651700,1.00653400,1.00656800,1.00654400,1.00654400,1.00651500,1.00654900
1.946000,1.00657900,1.00651700,1.00653400,1.00656800,1.00654400,1.00654400,1.00651500,1.00654900
1.948000,1.00657900,1.00651800,1.00653400,1.00656800,1.00654400,1.00654400,1.00651500,1.00654900
1.950000,1.00657900,1.00651800,1.00653500,1.00656900,1.00654400,1.00654400,1.00651600,1.00654900
1.952000,1.00657900,1.00651800,1.00653500,1.00656900,1.00654500,1.00654400,1.00651600,1.00655000
1.954000,1.00658000,1.00651800,1.00653500,1.00656900,1.00654500,1.00654500,1.00651600,1.00655000
1.956000,1.00658000,1.00651800,1.00653500,1.00656900,1.00654500,1.00654500,1.00651600,1.00655000
1.958000,1.00658000,1.00651800,1.00653500,1.00656900,1.00654500,1.00654500,1.00651600,1.00655000
1.960000,1.00658000,1.00651900,1.00653600,1.00657000,1.00654500,1.00654500,1.00651700,1.00655000
1.962000,1.00658000,1.00651900,1.00653600,1.00657000,1.00654600,1.00654500,1.00651700,1.00655100
1.964000,1.00658000,1.00651900,1.00653600,1.00657000,1.00654600,1.00654600,1.00651700,1.00655100
1.966000,1.00658100,1.00651900,1.00653600,1.00657000,1.00654600,1.00654600,1.00651700,1.00655100
1.968000,1.00658100,1.00651900,1.00653600,1.00657000,1.00654600,1.00654600,1.00651700,1.00655100
1.970000,1.00658100,1.00652000,1.00653600,1.00657100,1.00654600,1.00654600,1.00651800,1.00655100
1.972000,1.00658100,1.00652000,1.00653700,1.00657100,1.00654600,1.00654600,1.00651800,1.00655200
1.974000,1.00658100,1.00652000,1.00653700,1.00657100,1.00654700,1.00654700,1.00651800,1.00655200
1.976000,1.00658200,1.00652000,1.00653700,1.00657100,1.00654700,1.00654700,1.00651800,1.00655200
1.978000,1.00658200,1.00652000,1.00653700,1.00657100,1.00654700,1.00654700,1.00651800,1.00655200
1.980000,1.00658200,1.00652100,1.00653700,1.00657200,1.00654700,1.00654700,1.00651800,1.00655200
1.982000,1.00658200,1.00652100,1.00653800,1.00657200,1.00654700,1.00654700,1.00651900,1.00655200
1.984000,1.00658200,1.00652100,1.00653800,1.00657200,1.00654800,1.00654800,1.00651900,1.00655300
1.986000,1.00658200,1.00652100,1.00653800,1.00657200,1.00654800,1.00654800,1.00651900,1.00655300
1.988000,1.00658300,1.00652100,1.00653800,1.00657200,1.00654800,1.00654800,1.00651900,1.00655300
1.990000,1.00658300,1.00652100,1.00653800,1.00657200,1.00654800,1.00654800,1.00651900,1.00655300
1.992000,1.00658300,1.00652200,1.00653900,1.00657300,1.00654800,1.00654800,1.00652000,1.00655300
1.994000,1.00658300,1.00652200,1.00653900,1.00657300,1.00654900,1.00654900,1.00652000,1.00655400
1.996000,1.00658300,1.00652200,1.00653900,1.00657300,1.00654900,1.00654900,1.00652000,1.00655400
1.998000,1.00658400,1.00652200,1.00653900,1.00657300,1.00654900,1.00654900,1.00652000,1.00655400
2.000000,1.00658400,1.00652200,1.00653900,1.00657300,1.00654900,1.00654900,1.00652000,1.00655400
2.002000,1.00658400,1.00652300,1.00653900,1.00657400,1.00654900,1.00654900,1.00652100,1.00655400
2.004000,1.00658400,1.00652300,1.00654000,1.00657400,1.00655000,1.00654900,1.00652100,1.00655400
2.006000,1.00658500,1.00652300,1.00654000,1.00657400,1.00655000,1.00655000,1.00652100,1.00655500
2.008000,1.00658500,1.00652300,1.00654000,1.00657400,1.00655000,1.00655000,1.00652100,1.00655500
2.010000,1.00658500,1.00652300,1.00654000,1.00657400,1.00655000,1.00655000,1.00652100,1.00655500
2.012000,1.00658500,1.00652300,1.00654000,1.00657500,1.00655000,1.00655000,1.00652100,1.00655500
2.014000,1.00658500,1.00652400,1.00654100,1.00657500,1.00655100,1.00655000,1.00652200,1.00655500
2.016000,1.00658500,1.00652400,1.00654100,1.00657500,1.00655100,1.00655100,1.00652200,1.00655600
2.018000,1.00658600,1.00652400,1.00654100,1.00657500,1.00655100,1.00655100,1.00652200,1.00655600
2.020000,1.00658600,1.00652400,1.00654100,1.00657500,1.00655100,1.00655100,1.00652200,1.00655600
2.022000,1.00658600,1.00652400,1.00654100,1.00657600,1.00655100,1.00655100,1.00652200,1.00655600
2.024000,1.00658600,1.00652500,1.00654200,1.00657600,1.00655200,1.00655100,1.00652300,1.00655600
2.026000,1.00658600,1.00652500,1.00654200,1.00657600,1.00655200,1.00655200,1.00652300,1.00655700
2.028000,1.00658700,1.00652500,1.00654200,1.00657600,1.00655200,1.00655200,1.00652300,1.00655700
2.030000,1.00658700,1.00652500,1.00654200,1.00657600,1.00655200,1.00655200,1.00652300,1.00655700
2.032000,1.00658700,1.00652500,1.00654200,1.00657700,1.00655200,1.00655200,1.00652300,1.00655700
2.034000,1.00658700,1.00652600,1.00654300,1.00657700,1.00655200,1.00655200,1.00652300,1.00655700
2.036000,1.00658700,1.00652600,1.00654300,1.00657700,1.00655300,1.00655200,1.00652400,1.00655800
2.038000,1.00658800,1.00652600,1.00654300,1.00657700,1.00655300,1.00655300,1.00652400,1.00655800
2.040000,1.00658800,1.00652600,1.00654300,1.00657700,1.00655300,1.00655300,1.00652400,1.00655800
2.042000,1.00658800,1.00652600,1.00654300,1.00657700,1.00655300,1.00655300,1.00652400,1.00655800
2.044000,1.00658800,1.00652600,1.00654400,1.00657800,1.00655300,1.00655300,1.00652400,1.00655800
2.046000,1.00658800,1.00652700,1.00654400,1.00657800,1.00655400,1.00655300,1.00652500,1.00655900
2.048000,1.00658800,1.00652700,1.00654400,1.00657800,1.00655400,1.00655400,1.00652500,1.00655900
2.050000,1.00658900,1.00652700,1.00654400,1.00657800,1.00655400,1.00655400,1.00652500,1.00655900
2.052000,1.00658900,1.00652700,1.00654400,1.00657800,1.00655400,1.00655400,1.00652500,1.00655900
2.054000,1.00658900,1.00652700,1.00654400,1.00657900,1.00655400,1.00655400,1.00652500,1.00655900
2.056000,1.00658900,1.00652800,1.00654500,1.00657900,1.00655400,1.00655400,1.00652600,1.00655900
2.058000,1.00659000,1.00652800,1.00654500,1.00657900,1.00655500,1.00655500,1.00652600,1.00656000
2.060000,1.00659000,1.00652800,1.00654500,1.00657900,1.00655500,1.00655500,1.00652600,1.00656000
2.062000,1.00659000,1.00652800,1.00654500,1.00657900,1.00655500,1.00655500,1.00652600,1.00656000
2.064000,1.00659000,1.00652800,1.00654500,1.00658000,1.00655500,1.00655500,1.00652600,1.00656000
2.066000,1.00659000,1.00652900,1.00654600,1.00658000,1.00655500,1.00655500,1.00652600,1.00656000
2.068000,1.00659000,1.00652900,1.00654600,1.00658000,1.00655600,1.00655600,1.00652700,1.00656100
2.070000,1.00659100,1.00652900,1.00654600,1.00658000,1.00655600,1.00655600,1.00652700,1.00656100
2.072000,1.00659100,1.00652900,1.00654600,1.00658000,1.00655600,1.00655600,1.00652700,1.00656100
2.074000,1.00659100,1.00652900,1.00654600,1.00658000,1.00655600,1.00655600,1.00652700,1.00656100
2.076000,1.00659100,1.00653000,1.00654600,1.00658100,1.00655600,1.00655600,1.00652700,1.00656100
2.078000,1.00659100,1.00653000,1.00654700,1.00658100,1.00655700,1.00655700,1.00652800,1.00656200
2.080000,1.00659200,1.00653000,1.00654700,1.00658100,1.00655700,1.00655700,1.00652800,1.00656200
2.082000,1.00659200,1.00653000,1.00654700,1.00658100,1.00655700,1.00655700,1.00652800,1.00656200
2.084000,1.00659200,1.00653000,1.00654700,1.00658100,1.00655700,1.00655700,1.00652800,1.00656200
2.086000,1.00659200,1.00653100,1.00654700,1.00658200,1.00655700,1.00655700,1.00652800,1.00656200
2.088000,1.00659200,1.00653100,1.00654800,1.00658200,1.00655800,1.00655700,1.00652900,1.00656200
2.090000,1.00659300,1.00653100,1.00654800,1.00658200,1.00655800,1.00655800,1.00652900,1.00656300
2.092000,1.00659300,1.00653100,1.00654800,1.00658200,1.00655800,1.00655800,1.00652900,1.00656300
2.094000,1.00659300,1.00653100,1.00654800,1.00658200,1.00655800,1.00655800,1.00652900,1.00656300
2.096000,1.00659300,1.00653100,1.00654800,1.00658300,1.00655800,1.00655800,1.00652900,1.00656300
2.098000,1.00659300,1.00653200,1.00654900,1.00658300,1.00655900,1.00655800,1.00653000,1.00656300
2.100000,1.00659400,1.00653200,1.00654900,1.00658300,1.00655900,1.00655900,1.00653000,1.00656400
2.102000,1.00659400,1.00653200,1.00654900,1.00658300,1.00655900,1.00655900,1.00653000,1.00656400
2.104000,1.00659400,1.00653200,1.00654900,1.00658300,1.00655900,1.00655900,1.00653000,1.00656400
2.106000,1.00659400,1.00653200,1.00654900,1.00658400,1.00655900,1.00655900,1.00653000,1.00656400
2.108000,1.00659400,1.00653300,1.00655000,1.00658400,1.00655900,1.00655900,1.00653100,1.00656400
2.110000,1.00659500,1.00653300,1.00655000,1.00658400,1.00656000,1.00655900,1.00653100,1.00656500
2.112000,1.00659500,1.00653300,1.00655000,1.00658400,1.00656000,1.00656000,1.00653100,1.00656500
2.114000,1.00659500,1.00653300,1.00655000,1.00658400,1.00656000,1.00656000,1.00653100,1.00656500
2.116000,1.00659500,1.00653300,1.00655000,1.00658500,1.00656000,1.00656000,1.00653100,1.00656500
2.118000,1.00659500,1.00653400,1.00655100,1.00658500,1.00656000,1.00656000,1.00653100,1.00656500
2.120000,1.00659500,1.00653400,1.00655100,1.00658500,1.00656100,1.00656000,1.00653200,1.00656600
2.122000,1.00659600,1.00653400,1.00655100,1.00658500,1.00656100,1.00656100,1.00653200,1.00656600
2.124000,1.00659600,1.00653400,1.00655100,1.00658500,1.00656100,1.00656100,1.00653200,1.00656600
2.126000,1.00659600,1.00653400,1.00655100,1.00658500,1.00656100,1.00656100,1.00653200,1.00656600
2.128000,1.00659600,1.00653400,1.00655200,1.00658600,1.00656100,1.00656100,1.00653200,1.00656600
2.130000,1.00659600,1.00653500,1.00655200,1.00658600,1.00656200,1.00656100,1.00653300,1.00656700
2.132000,1.00659700,1.00653500,1.00655200,1.00658600,1.00656200,1.00656200,1.00653300,1.00656700
2.134000,1.00659700,1.00653500,1.00655200,1.00658600,1.00656200,1.00656200,1.00653300,1.00656700
2.136000,1.00659700,1.00653500,1.00655200,1.00658600,1.00656200,1.00656200,1.00653300,1.00656700
2.138000,1.00659700,1.00653500,1.00655200,1.00658700,1.00656200,1.00656200,1.00653300,1.00656700
2.140000,1.00659700,1.00653600,1.00655300,1.00658700,1.00656200,1.00656200,1.00653400,1.00656700
2.142000,1.00659800,1.00653600,1.00655300,1.00658700,1.00656300,1.00656300,1.00653400,1.00656800
2.144000,1.00659800,1.00653600,1.00655300,1.00658700,1.00656300,1.00656300,1.00653400,1.00656800
2.146000,1.00659800,1.00653600,1.00655300,1.00658700,1.00656300,1.00656300,1.00653400,1.00656800
2.148000,1.00659800,1.00653600,1.00655300,1.00658800,1.00656300,1.00656300,1.00653400,1.00656800
2.150000,1.00659800,1.00653600,1.00655400,1.00658800,1.00656300,1.00656300,1.00653400,1.00656800
2.152000,1.00659900,1.00653700,1.00655400,1.00658800,1.00656400,1.00656400,1.00653500,1.00656900
2.154000,1.00659900,1.00653700,1.00655400,1.00658800,1.00656400,1.00656400,1.00653500,1.00656900
2.156000,1.00659900,1.00653700,1.00655400,1.00658800,1.00656400,1.00656400,1.00653500,1.00656900
2.158000,1.00659900,1.00653700,1.00655400,1.00658900,1.00656400,1.00656400,1.00653500,1.00656900
2.160000,1.00659900,1.00653700,1.00655500,1.00658900,1.00656400,1.00656400,1.00653500,1.00656900
2.162000,1.00660000,1.00653800,1.00655500,1.00658900,1.00656500,1.00656400,1.00653600,1.00657000
2.164000,1.00660000,1.00653800,1.00655500,1.00658900,1.00656500,1.00656500,1.00653600,1.00657000
2.166000,1.00660000,1.00653800,1.00655500,1.00658900,1.00656500,1.00656500,1.00653600,1.00657000
2.168000,1.00660000,1.00653800,1.00655500,1.00659000,1.00656500,1.00656500,1.00653600,1.00657000
2.170000,1.00660000,1.00653800,1.00655600,1.00659000,1.00656500,1.00656500,1.00653600,1.00657000
2.172000,1.00660000,1.00653900,1.00655600,1.00659000,1.00656600,1.00656500,1.00653600,1.00657100
2.174000,1.00660100,1.00653900,1.00655600,1.00659000,1.00656600,1.00656600,1.00653700,1.00657100
2.176000,1.00660100,1.00653900,1.00655600,1.00659000,1.00656600,1.00656600,1.00653700,1.00657100
2.178000,1.00660100,1.00653900,1.00655600,1.00659000,1.00656600,1.00656600,1.00653700,1.00657100
2.180000,1.00660100,1.00653900,1.00655700,1.00659100,1.00656600,1.00656600,1.00653700,1.00657100
2.182000,1.00660100,1.00653900,1.00655700,1.00659100,1.00656700,1.00656600,1.00653700,1.00657200
2.184000,1.00660200,1.00654000,1.00655700,1.00659100,1.00656700,1.00656700,1.00653800,1.00657200
2.186000,1.00660200,1.00654000,1.00655700,1.00659100,1.00656700,1.00656700,1.00653800,1.00657200
2.188000,1.00660200,1.00654000,1.00655700,1.00659100,1.00656700,1.00656700,1.00653800,1.00657200
2.190000,1.00660200,1.00654000,1.00655700,1.00659200,1.00656700,1.00656700,1.00653800,1.00657200
2.192000,1.00660200,1.00654000,1.00655800,1.00659200,1.00656700,1.00656700,1.00653800,1.00657200
2.194000,1.00660300,1.00654100,1.00655800,1.00659200,1.00656800,1.00656700,1.00653900,1.00657300
2.196000,1.00660300,1.00654100,1.00655800,1.00659200,1.00656800,1.00656800,1.00653900,1.00657300
2.198000,1.00660300,1.00654100,1.00655800,1.00659200,1.00656800,1.00656800,1.00653900,1.00657300
2.200000,1.00660300,1.00654100,1.00655800,1.00659300,1.00656800,1.00656800,1.00653900,1.00657300
2.202000,1.00660300,1.00654100,1.00655900,1.00659300,1.00656800,1.00656800,1.00653900,1.00657300
2.204000,1.00660400,1.00654200,1.00655900,1.00659300,1.00656900,1.00656800,1.00654000,1.00657400
2.206000,1.00660400,1.00654200,1.00655900,1.00659300,1.00656900,1.00656900,1.00654000,1.00657400
2.208000,1.00660400,1.00654200,1.00655900,1.00659300,1.00656900,1.00656900,1.00654000,1.00657400
2.210000,1.00660400,1.00654200,1.00655900,1.00659400,1.00656900,1.00656900,1.00654000,1.00657400
2.212000,1.00660400,1.00654200,1.00655900,1.00659400,1.00656900,1.00656900,1.00654000,1.00657400
2.214000,1.00660500,1.00654300,1.00656000,1.00659400,1.00657000,1.00656900,1.00654100,1.00657500
2.216000,1.00660500,1.00654300,1.00656000,1.00659400,1.00657000,1.00657000,1.00654100,1.00657500
2.218000,1.00660500,1.00654300,1.00656000,1.00659400,1.00657000,1.00657000,1.00654100,1.00657500
2.220000,1.00660500,1.00654300,1.00656000,1.00659500,1.00657000,1.00657000,1.00654100,1.00657500
2.222000,1.00660500,1.00654300,1.00656000,1.00659500,1.00657000,1.00657000,1.00654100,1.00657500
2.224000,1.00660600,1.00654300,1.00656100,1.00659500,1.00657100,1.00657000,1.00654100,1.00657500
2.226000,1.00660600,1.00654400,1.00656100,1.00659500,1.00657100,1.00657100,1.00654200,1.00657600
2.228000,1.00660600,1.00654400,1.00656100,1.00659500,1.00657100,1.00657100,1.00654200,1.00657600
2.230000,1.00660600,1.00654400,1.00656100,1.00659500,1.00657100,1.00657100,1.00654200,1.00657600
2.232000,1.00660600,1.00654400,1.00656100,1.00659600,1.00657100,1.00657100,1.00654200,1.00657600
2.234000,1.00660600,1.00654400,1.00656200,1.00659600,1.00657200,1.00657100,1.00654200,1.00657600
2.236000,1.00660700,1.00654500,1.00656200,1.00659600,1.00657200,1.00657200,1.00654300,1.00657700
2.238000,1.00660700,1.00654500,1.00656200,1.00659600,1.00657200,1.00657200,1.00654300,1.00657700
2.240000,1.00660700,1.00654500,1.00656200,1.00659600,1.00657200,1.00657200,1.00654300,1.00657700
2.242000,1.00660700,1.00654500,1.00656200,1.00659700,1.00657200,1.00657200,1.00654300,1.00657700
2.244000,1.00660700,1.00654500,1.00656300,1.00659700,1.00657200,1.00657200,1.00654300,1.00657700
2.246000,1.00660800,1.00654600,1.00656300,1.00659700,1.00657300,1.00657200,1.00654400,1.00657800
2.248000,1.00660800,1.00654600,1.00656300,1.00659700,1.00657300,1.00657300,1.00654400,1.00657800
2.250000,1.00660800,1.00654600,1.00656300,1.00659700,1.00657300,1.00657300,1.00654400,1.00657800
2.252000,1.00660800,1.00654600,1.00656300,1.00659800,1.00657300,1.00657300,1.00654400,1.00657800
2.254000,1.00660800,1.00654600,1.00656400,1.00659800,1.00657300,1.00657300,1.00654400,1.00657800
2.256000,1.00660900,1.00654600,1.00656400,1.00659800,1.00657400,1.00657300,1.00654400,1.00657900
2.258000,1.00660900,1.00654700,1.00656400,1.00659800,1.00657400,1.00657400,1.00654500,1.00657900
2.260000,1.00660900,1.00654700,1.00656400,1.00659800,1.00657400,1.00657400,1.00654500,1.00657900
2.262000,1.00660900,1.00654700,1.00656400,1.00659900,1.00657400,1.00657400,1.00654500,1.00657900
2.264000,1.00660900,1.00654700,1.00656400,1.00659900,1.00657400,1.00657400,1.00654500,1.00657900
2.266000,1.00661000,1.00654700,1.00656500,1.00659900,1.00657500,1.00657400,1.00654500,1.00658000
2.268000,1.00661000,1.00654800,1.00656500,1.00659900,1.00657500,1.00657500,1.00654600,1.00658000
2.270000,1.00661000,1.00654800,1.00656500,1.00659900,1.00657500,1.00657500,1.00654600,1.00658000
2.272000,1.00661000,1.00654800,1.00656500,1.00660000,1.00657500,1.00657500,1.00654600,1.00658000
2.274000,1.00661000,1.00654800,1.00656500,1.00660000,1.00657500,1.00657500,1.00654600,1.00658000
2.276000,1.00661100,1.00654800,1.00656600,1.00660000,1.00657500,1.00657500,1.00654600,1.00658000
2.278000,1.00661100,1.00654900,1.00656600,1.00660000,1.00657600,1.00657600,1.00654700,1.00658100
2.280000,1.00661100,1.00654900,1.00656600,1.00660000,1.00657600,1.00657600,1.00654700,1.00658100
2.282000,1.00661100,1.00654900,1.00656600,1.00660000,1.00657600,1.00657600,1.00654700,1.00658100
2.284000,1.00661100,1.00654900,1.00656600,1.00660100,1.00657600,1.00657600,1.00654700,1.00658100
2.286000,1.00661200,1.00654900,1.00656700,1.00660100,1.00657600,1.00657600,1.00654700,1.00658100
2.288000,1.00661200,1.00654900,1.00656700,1.00660100,1.00657700,1.00657700,1.00654800,1.00658200
2.290000,1.00661200,1.00655000,1.00656700,1.00660100,1.00657700,1.00657700,1.00654800,1.00658200
2.292000,1.00661200,1.00655000,1.00656700,1.00660100,1.00657700,1.00657700,1.00654800,1.00658200
2.294000,1.00661200,1.00655000,1.00656700,1.00660200,1.00657700,1.00657700,1.00654800,1.00658200
2.296000,1.00661300,1.00655000,1.00656800,1.00660200,1.00657700,1.00657700,1.00654800,1.00658200
2.298000,1.00661300,1.00655000,1.00656800,1.00660200,1.00657800,1.00657700,1.00654900,1.00658300
2.300000,1.00661300,1.00655100,1.00656800,1.00660200,1.00657800,1.00657800,1.00654900,1.00658300
2.302000,1.00661300,1.00655100,1.00656800,1.00660200,1.00657800,1.00657800,1.00654900,1.00658300
2.304000,1.00661300,1.00655100,1.00656800,1.00660300,1.00657800,1.00657800,1.00654900,1.00658300
2.306000,1.00661300,1.00655100,1.00656900,1.00660300,1.00657800,1.00657800,1.00654900,1.00658300
2.308000,1.00661400,1.00655100,1.00656900,1.00660300,1.00657900,1.00657800,1.00654900,1.00658400
2.310000,1.00661400,1.00655200,1.00656900,1.00660300,1.00657900,1.00657900,1.00655000,1.00658400
2.312000,1.00661400,1.00655200,1.00656900,1.00660300,1.00657900,1.00657900,1.00655000,1.00658400
2.314000,1.00661400,1.00655200,1.00656900,1.00660400,1.00657900,1.00657900,1.00655000,1.00658400
2.316000,1.00661400,1.00655200,1.00657000,1.00660400,1.00657900,1.00657900,1.00655000,1.00658400
2.318000,1.00661500,1.00655200,1.00657000,1.00660400,1.00658000,1.00657900,1.00655000,1.00658500
2.320000,1.00661500,1.00655200,1.00657000,1.00660400,1.00658000,1.00658000,1.00655100,1.00658500
2.322000,1.00661500,1.00655300,1.00657000,1.00660400,1.00658000,1.00658000,1.00655100,1.00658500
2.324000,1.00661500,1.00655300,1.00657000,1.00660500,1.00658000,1.00658000,1.00655100,1.00658500
2.326000,1.00661500,1.00655300,1.00657000,1.00660500,1.00658000,1.00658000,1.00655100,1.00658500
2.328000,1.00661600,1.00655300,1.00657100,1.00660500,1.00658000,1.00658000,1.00655100,1.00658500
2.330000,1.00661600,1.00655300,1.00657100,1.00660500,1.00658100,1.00658000,1.00655200,1.00658600
2.332000,1.00661600,1.00655400,1.00657100,1.00660500,1.00658100,1.00658100,1.00655200,1.00658600
2.334000,1.00661600,1.00655400,1.00657100,1.00660600,1.00658100,1.00658100,1.00655200,1.00658600
2.336000,1.00661600,1.00655400,1.00657100,1.00660600,1.00658100,1.00658100,1.00655200,1.00658600
2.338000,1.00661700,1.00655400,1.00657200,1.00660600,1.00658100,1.00658100,1.00655200,1.00658600
2.340000,1.00661700,1.00655400,1.00657200,1.00660600,1.00658200,1.00658100,1.00655200,1.00658700
2.342000,1.00661700,1.00655500,1.00657200,1.00660600,1.00658200,1.00658200,1.00655300,1.00658700
2.344000,1.00661700,1.00655500,1.00657200,1.00660600,1.00658200,1.00658200,1.00655300,1.00658700
2.346000,1.00661700,1.00655500,1.00657200,1.00660700,1.00658200,1.00658200,1.00655300,1.00658700
2.348000,1.00661800,1.00655500,1.00657300,1.00660700,1.00658200,1.00658200,1.00655300,1.00658700
2.350000,1.00661800,1.00655500,1.00657300,1.00660700,1.00658300,1.00658200,1.00655300,1.00658800
2.352000,1.00661800,1.00655600,1.00657300,1.00660700,1.00658300,1.00658300,1.00655400,1.00658800
2.354000,1.00661800,1.00655600,1.00657300,1.00660700,1.00658300,1.00658300,1.00655400,1.00658800
2.356000,1.00661800,1.00655600,1.00657300,1.00660800,1.00658300,1.00658300,1.00655400,1.00658800
2.358000,1.00661800,1.00655600,1.00657400,1.00660800,1.00658300,1.00658300,1.00655400,1.00658800
2.360000,1.00661900,1.00655600,1.00657400,1.00660800,1.00658400,1.00658300,1.00655400,1.00658900
2.362000,1.00661900,1.00655700,1.00657400,1.00660800,1.00658400,1.00658400,1.00655500,1.00658900
2.364000,1.00661900,1.00655700,1.00657400,1.00660800,1.00658400,1.00658400,1.00655500,1.00658900
2.366000,1.00661900,1.00655700,1.00657400,1.00660900,1.00658400,1.00658400,1.00655500,1.00658900
2.368000,1.00661900,1.00655700,1.00657500,1.00660900,1.00658400,1.00658400,1.00655500,1.00658900
2.370000,1.00662000,1.00655700,1.00657500,1.00660900,1.00658500,1.00658400,1.00655500,1.00659000
2.372000,1.00662000,1.00655700,1.00657500,1.00660900,1.00658500,1.00658500,1.00655600,1.00659000
2.374000,1.00662000,1.00655800,1.00657500,1.00660900,1.00658500,1.00658500,1.00655600,1.00659000
2.376000,1.00662000,1.00655800,1.00657500,1.00661000,1.00658500,1.00658500,1.00655600,1.00659000
2.378000,1.00662100,1.00655800,1.00657500,1.00661000,1.00658500,1.00658500,1.00655600,1.00659000
2.380000,1.00662100,1.00655800,1.00657600,1.00661000,1.00658500,1.00658500,1.00655600,1.00659000
2.382000,1.00662100,1.00655800,1.00657600,1.00661000,1.00658600,1.00658500,1.00655700,1.00659100
2.384000,1.00662100,1.00655900,1.00657600,1.00661000,1.00658600,1.00658600,1.00655700,1.00659100
2.386000,1.00662100,1.00655900,1.00657600,1.00661100,1.00658600,1.00658600,1.00655700,1.00659100
2.388000,1.00662100,1.00655900,1.00657600,1.00661100,1.00658600,1.00658600,1.00655700,1.00659100
2.390000,1.00662200,1.00655900,1.00657700,1.00661100,1.00658600,1.00658600,1.00655700,1.00659100
2.392000,1.00662200,1.00655900,1.00657700,1.00661100,1.00658700,1.00658600,1.00655700,1.00659200
2.394000,1.00662200,1.00655900,1.00657700,1.00661100,1.00658700,1.00658700,1.00655800,1.00659200
2.396000,1.00662200,1.00656000,1.00657700,1.00661100,1.00658700,1.00658700,1.00655800,1.00659200
2.398000,1.00662200,1.00656000,1.00657700,1.00661200,1.00658700,1.00658700,1.00655800,1.00659200
2.400000,1.00662300,1.00656000,1.00657800,1.00661200,1.00658700,1.00658700,1.00655800,1.00659200
2.402000,1.00662300,1.00656000,1.00657800,1.00661200,1.00658800,1.00658700,1.00655800,1.00659300
2.404000,1.00662300,1.00656000,1.00657800,1.00661200,1.00658800,1.00658800,1.00655900,1.00659300
2.406000,1.00662300,1.00656100,1.00657800,1.00661200,1.00658800,1.00658800,1.00655900,1.00659300
2.408000,1.00662300,1.00656100,1.00657800,1.00661300,1.00658800,1.00658800,1.00655900,1.00659300
2.410000,1.00662400,1.00656100,1.00657900,1.00661300,1.00658800,1.00658800,1.00655900,1.00659300
2.412000,1.00662400,1.00656100,1.00657900,1.00661300,1.00658900,1.00658800,1.00655900,1.00659400
2.414000,1.00662400,1.00656100,1.00657900,1.00661300,1.00658900,1.00658900,1.00655900,1.00659400
2.416000,1.00662400,1.00656200,1.00657900,1.00661300,1.00658900,1.00658900,1.00656000,1.00659400
2.418000,1.00662400,1.00656200,1.00657900,1.00661400,1.00658900,1.00658900,1.00656000,1.00659400
2.420000,1.00662500,1.00656200,1.00658000,1.00661400,1.00658900,1.00658900,1.00656000,1.00659400
2.422000,1.00662500,1.00656200,1.00658000,1.00661400,1.00659000,1.00658900,1.00656000,1.00659500
2.424000,1.00662500,1.00656200,1.00658000,1.00661400,1.00659000,1.00659000,1.00656000,1.00659500
2.426000,1.00662500,1.00656300,1.00658000,1.00661400,1.00659000,1.00659000,1.00656100,1.00659500
2.428000,1.00662500,1.00656300,1.00658000,1.00661500,1.00659000,1.00659000,1.00656100,1.00659500
2.430000,1.00662600,1.00656300,1.00658000,1.00661500,1.00659000,1.00659000,1.00656100,1.00659500
2.432000,1.00662600,1.00656300,1.00658100,1.00661500,1.00659000,1.00659000,1.00656100,1.00659500
2.434000,1.00662600,1.00656300,1.00658100,1.00661500,1.00659100,1.00659000,1.00656100,1.00659600
2.436000,1.00662600,1.00656400,1.00658100,1.00661500,1.00659100,1.00659100,1.00656200,1.00659600
2.438000,1.00662600,1.00656400,1.00658100,1.00661600,1.00659100,1.00659100,1.00656200,1.00659600
2.440000,1.00662600,1.00656400,1.00658100,1.00661600,1.00659100,1.00659100,1.00656200,1.00659600
2.442000,1.00662700,1.00656400,1.00658200,1.00661600,1.00659100,1.00659100,1.00656200,1.00659600
2.444000,1.00662700,1.00656400,1.00658200,1.00661600,1.00659200,1.00659100,1.00656200,1.00659700
2.446000,1.00662700,1.00656400,1.00658200,1.00661600,1.00659200,1.00659200,1.00656300,1.00659700
2.448000,1.00662700,1.00656500,1.00658200,1.00661600,1.00659200,1.00659200,1.00656300,1.00659700
2.450000,1.00662800,1.00656500,1.00658200,1.00661700,1.00659200,1.00659200,1.00656300,1.00659700
2.452000,1.00662800,1.00656500,1.00658300,1.00661700,1.00659200,1.00659200,1.00656300,1.00659700
2.454000,1.00662800,1.00656500,1.00658300,1.00661700,1.00659300,1.00659200,1.00656300,1.00659800
2.456000,1.00662800,1.00656500,1.00658300,1.00661700,1.00659300,1.00659300,1.00656400,1.00659800
2.458000,1.00662800,1.00656600,1.00658300,1.00661800,1.00659300,1.00659300,1.00656400,1.00659800
2.460000,1.00662900,1.00656600,1.00658300,1.00661800,1.00659300,1.00659300,1.00656400,1.00659800
2.462000,1.00662900,1.00656600,1.00658400,1.00661800,1.00659300,1.00659300,1.00656400,1.00659800
2.464000,1.00662900,1.00656600,1.00658400,1.00661800,1.00659400,1.00659300,1.00656400,1.00659900
2.466000,1.00662900,1.00656600,1.00658400,1.00661800,1.00659400,1.00659400,1.00656400,1.00659900
2.468000,1.00662900,1.00656700,1.00658400,1.00661800,1.00659400,1.00659400,1.00656500,1.00659900
2.470000,1.00662900,1.00656700,1.00658400,1.00661900,1.00659400,1.00659400,1.00656500,1.00659900
2.472000,1.00663000,1.00656700,1.00658500,1.00661900,1.00659400,1.00659400,1.00656500,1.00659900
2.474000,1.00663000,1.00656700,1.00658500,1.00661900,1.00659500,1.00659400,1.00656500,1.00660000
2.476000,1.00663000,1.00656700,1.00658500,1.00661900,1.00659500,1.00659500,1.00656500,1.00660000
2.478000,1.00663000,1.00656700,1.00658500,1.00661900,1.00659500,1.00659500,1.00656600,1.00660000
2.480000,1.00663000,1.00656800,1.00658500,1.00662000,1.00659500,1.00659500,1.00656600,1.00660000
2.482000,1.00663100,1.00656800,1.00658500,1.00662000,1.00659500,1.00659500,1.00656600,1.00660000
2.484000,1.00663100,1.00656800,1.00658600,1.00662000,1.00659500,1.00659500,1.00656600,1.00660000
2.486000,1.00663100,1.00656800,1.00658600,1.00662000,1.00659600,1.00659500,1.00656600,1.00660100
2.488000,1.00663100,1.00656800,1.00658600,1.00662000,1.00659600,1.00659600,1.00656700,1.00660100
2.490000,1.00663100,1.00656900,1.00658600,1.00662100,1.00659600,1.00659600,1.00656700,1.00660100
2.492000,1.00663200,1.00656900,1.00658600,1.00662100,1.00659600,1.00659600,1.00656700,1.00660100
2.494000,1.00663200,1.00656900,1.00658700,1.00662100,1.00659600,1.00659600,1.00656700,1.00660100
2.496000,1.00663200,1.00656900,1.00658700,1.00662100,1.00659700,1.00659600,1.00656700,1.00660200
2.498000,1.00663200,1.00656900,1.00658700,1.00662100,1.00659700,1.00659700,1.00656700,1.00660200
2.500000,1.00663200,1.00657000,1.00658700,1.00662200,1.00659700,1.00659700,1.00656800,1.00660200
2.502000,1.00663300,1.00657000,1.00658700,1.00662200,1.00659700,1.00659700,1.00656800,1.00660200
2.504000,1.00663300,1.00657000,1.00658800,1.00662200,1.00659700,1.00659700,1.00656800,1.00660200
2.506000,1.00663300,1.00657000,1.00658800,1.00662200,1.00659800,1.00659700,1.00656800,1.00660300
2.508000,1.00663300,1.00657000,1.00658800,1.00662200,1.00659800,1.00659800,1.00656800,1.00660300
2.510000,1.00663300,1.00657100,1.00658800,1.00662300,1.00659800,1.00659800,1.00656900,1.00660300
2.512000,1.00663400,1.00657100,1.00658800,1.00662300,1.00659800,1.00659800,1.00656900,1.00660300
2.514000,1.00663400,1.00657100,1.00658900,1.00662300,1.00659800,1.00659800,1.00656900,1.00660300
2.516000,1.00663400,1.00657100,1.00658900,1.00662300,1.00659900,1.00659800,1.00656900,1.00660400
2.518000,1.00663400,1.00657100,1.00658900,1.00662300,1.00659900,1.00659900,1.00656900,1.00660400
2.520000,1.00663400,1.00657100,1.00658900,1.00662400,1.00659900,1.00659900,1.00657000,1.00660400
2.522000,1.00663500,1.00657200,1.00658900,1.00662400,1.00659900,1.00659900,1.00657000,1.00660400
2.524000,1.00663500,1.00657200,1.00659000,1.00662400,1.00659900,1.00659900,1.00657000,1.00660400
2.526000,1.00663500,1.00657200,1.00659000,1.00662400,1.00660000,1.00659900,1.00657000,1.00660500
2.528000,1.00663500,1.00657200,1.00659000,1.00662400,1.00660000,1.00660000,1.00657000,1.00660500
2.530000,1.00663500,1.00657200,1.00659000,1.00662400,1.00660000,1.00660000,1.00657100,1.00660500
2.532000,1.00663600,1.00657300,1.00659000,1.00662500,1.00660000,1.00660000,1.00657100,1.00660500
2.534000,1.00663600,1.00657300,1.00659000,1.00662500,1.00660000,1.00660000,1.00657100,1.00660500
2.536000,1.00663600,1.00657300,1.00659100,1.00662500,1.00660000,1.00660000,1.00657100,1.00660600
2.538000,1.00663600,1.00657300,1.00659100,1.00662500,1.00660100,1.00660000,1.00657100,1.00660600
2.540000,1.00663600,1.00657300,1.00659100,1.00662500,1.00660100,1.00660100,1.00657200,1.00660600
2.542000,1.00663700,1.00657400,1.00659100,1.00662600,1.00660100,1.00660100,1.00657200,1.00660600
2.544000,1.00663700,1.00657400,1.00659100,1.00662600,1.00660100,1.00660100,1.00657200,1.00660600
2.546000,1.00663700,1.00657400,1.00659200,1.00662600,1.00660100,1.00660100,1.00657200,1.00660600
2.548000,1.00663700,1.00657400,1.00659200,1.00662600,1.00660200,1.00660100,1.00657200,1.00660700
2.550000,1.00663700,1.00657400,1.00659200,1.00662600,1.00660200,1.00660200,1.00657200,1.00660700
2.552000,1.00663700,1.00657500,1.00659200,1.00662700,1.00660200,1.00660200,1.00657300,1.00660700
2.554000,1.00663800,1.00657500,1.00659200,1.00662700,1.00660200,1.00660200,1.00657300,1.00660700
2.556000,1.00663800,1.00657500,1.00659300,1.00662700,1.00660200,1.00660200,1.00657300,1.00660700
2.558000,1.00663800,1.00657500,1.00659300,1.00662700,1.00660300,1.00660200,1.00657300,1.00660800
2.560000,1.00663800,1.00657500,1.00659300,1.00662700,1.00660300,1.00660300,1.00657300,1.00660800
2.562000,1.00663800,1.00657500,1.00659300,1.00662800,1.00660300,1.00660300,1.00657400,1.00660800
2.564000,1.00663900,1.00657600,1.00659300,1.00662800,1.00660300,1.00660300,1.00657400,1.00660800
2.566000,1.00663900,1.00657600,1.00659400,1.00662800,1.00660300,1.00660300,1.00657400,1.00660800
2.568000,1.00663900,1.00657600,1.00659400,1.00662800,1.00660400,1.00660300,1.00657400,1.00660900
2.570000,1.00663900,1.00657600,1.00659400,1.00662800,1.00660400,1.00660400,1.00657400,1.00660900
2.572000,1.00663900,1.00657600,1.00659400,1.00662900,1.00660400,1.00660400,1.00657500,1.00660900
2.574000,1.00664000,1.00657700,1.00659400,1.00662900,1.00660400,1.00660400,1.00657500,1.00660900
2.576000,1.00664000,1.00657700,1.00659500,1.00662900,1.00660400,1.00660400,1.00657500,1.00660900
2.578000,1.00664000,1.00657700,1.00659500,1.00662900,1.00660500,1.00660400,1.00657500,1.00661000
2.580000,1.00664000,1.00657700,1.00659500,1.00662900,1.00660500,1.00660500,1.00657500,1.00661000
2.582000,1.00664000,1.00657700,1.00659500,1.00663000,1.00660500,1.00660500,1.00657600,1.00661000
2.584000,1.00664100,1.00657800,1.00659500,1.00663000,1.00660500,1.00660500,1.00657600,1.00661000
2.586000,1.00664100,1.00657800,1.00659500,1.00663000,1.00660500,1.00660500,1.00657600,1.00661000
2.588000,1.00664100,1.00657800,1.00659600,1.00663000,1.00660600,1.00660500,1.00657600,1.00661100
2.590000,1.00664100,1.00657800,1.00659600,1.00663000,1.00660600,1.00660600,1.00657600,1.00661100
2.592000,1.00664100,1.00657800,1.00659600,1.00663100,1.00660600,1.00660600,1.00657700,1.00661100
2.594000,1.00664200,1.00657900,1.00659600,1.00663100,1.00660600,1.00660600,1.00657700,1.00661100
2.596000,1.00664200,1.00657900,1.00659600,1.00663100,1.00660600,1.00660600,1.00657700,1.00661100
2.598000,1.00664200,1.00657900,1.00659700,1.00663100,1.00660600,1.00660600,1.00657700,1.00661100
2.600000,1.00664200,1.00657900,1.00659700,1.00663100,1.00660700,1.00660600,1.00657700,1.00661200
2.602000,1.00664200,1.00657900,1.00659700,1.00663100,1.00660700,1.00660700,1.00657700,1.00661200
2.604000,1.00664300,1.00658000,1.00659700,1.00663200,1.00660700,1.00660700,1.00657800,1.00661200
2.606000,1.00664300,1.00658000,1.00659700,1.00663200,1.00660700,1.00660700,1.00657800,1.00661200
2.608000,1.00664300,1.00658000,1.00659800,1.00663200,1.00660700,1.00660700,1.00657800,1.00661200
2.610000,1.00664300,1.00658000,1.00659800,1.00663200,1.00660800,1.00660700,1.00657800,1.00661300
2.612000,1.00664300,1.00658000,1.00659800,1.00663200,1.00660800,1.00660800,1.00657800,1.00661300
2.614000,1.00664400,1.00658000,1.00659800,1.00663300,1.00660800,1.00660800,1.00657900,1.00661300
2.616000,1.00664400,1.00658100,1.00659800,1.00663300,1.00660800,1.00660800,1.00657900,1.00661300
2.618000,1.00664400,1.00658100,1.00659900,1.00663300,1.00660800,1.00660800,1.00657900,1.00661300
2.620000,1.00664400,1.00658100,1.00659900,1.00663300,1.00660900,1.00660800,1.00657900,1.00661400
2.622000,1.00664400,1.00658100,1.00659900,1.00663300,1.00660900,1.00660900,1.00657900,1.00661400
2.624000,1.00664400,1.00658100,1.00659900,1.00663400,1.00660900,1.00660900,1.00658000,1.00661400
2.626000,1.00664500,1.00658200,1.00659900,1.00663400,1.00660900,1.00660900,1.00658000,1.00661400
2.628000,1.00664500,1.00658200,1.00660000,1.00663400,1.00660900,1.00660900,1.00658000,1.00661400
2.630000,1.00664500,1.00658200,1.00660000,1.00663400,1.00661000,1.00660900,1.00658000,1.00661500
2.632000,1.00664500,1.00658200,1.00660000,1.00663400,1.00661000,1.00661000,1.00658000,1.00661500
2.634000,1.00664600,1.00658200,1.00660000,1.00663500,1.00661000,1.00661000,1.00658000,1.00661500
2.636000,1.00664600,1.00658200,1.00660000,1.00663500,1.00661000,1.00661000,1.00658100,1.00661500
2.638000,1.00664600,1.00658300,1.00660000,1.00663500,1.00661000,1.00661000,1.00658100,1.00661500
2.640000,1.00664600,1.00658300,1.00660100,1.00663500,1.00661100,1.00661000,1.00658100,1.00661600
2.642000,1.00664600,1.00658300,1.00660100,1.00663500,1.00661100,1.00661100,1.00658100,1.00661600
2.644000,1.00664700,1.00658300,1.00660100,1.00663600,1.00661100,1.00661100,1.00658200,1.00661600
2.646000,1.00664700,1.00658300,1.00660100,1.00663600,1.00661100,1.00661100,1.00658200,1.00661600
2.648000,1.00664700,1.00658400,1.00660100,1.00663600,1.00661100,1.00661100,1.00658200,1.00661600
2.650000,1.00664700,1.00658400,1.00660200,1.00663600,1.00661100,1.00661100,1.00658200,1.00661600
2.652000,1.00664700,1.00658400,1.00660200,1.00663600,1.00661200,1.00661100,1.00658200,1.00661700
2.654000,1.00664700,1.00658400,1.00660200,1.00663700,1.00661200,1.00661200,1.00658200,1.00661700
2.656000,1.00664800,1.00658400,1.00660200,1.00663700,1.00661200,1.00661200,1.00658300,1.00661700
2.658000,1.00664800,1.00658500,1.00660300,1.00663700,1.00661200,1.00661200,1.00658300,1.00661700
2.660000,1.00664800,1.00658500,1.00660300,1.00663700,1.00661300,1.00661200,1.00658300,1.00661700
2.662000,1.00664800,1.00658500,1.00660300,1.00663700,1.00661300,1.00661200,1.00658300,1.00661800
2.664000,1.00664800,1.00658500,1.00660300,1.00663800,1.00661300,1.00661300,1.00658300,1.00661800
2.666000,1.00664900,1.00658500,1.00660300,1.00663800,1.00661300,1.00661300,1.00658400,1.00661800
2.668000,1.00664900,1.00658600,1.00660300,1.00663800,1.00661300,1.00661300,1.00658400,1.00661800
2.670000,1.00664900,1.00658600,1.00660400,1.00663800,1.00661300,1.00661300,1.00658400,1.00661800
2.672000,1.00664900,1.00658600,1.00660400,1.00663800,1.00661400,1.00661300,1.00658400,1.00661900
2.674000,1.00664900,1.00658600,1.00660400,1.00663900,1.00661400,1.00661400,1.00658400,1.00661900
2.676000,1.00665000,1.00658600,1.00660400,1.00663900,1.00661400,1.00661400,1.00658500,1.00661900
2.678000,1.00665000,1.00658700,1.00660400,1.00663900,1.00661400,1.00661400,1.00658500,1.00661900
2.680000,1.00665000,1.00658700,1.00660500,1.00663900,1.00661400,1.00661400,1.00658500,1.00661900
2.682000,1.00665000,1.00658700,1.00660500,1.00663900,1.00661500,1.00661400,1.00658500,1.00662000
2.684000,1.00665000,1.00658700,1.00660500,1.00663900,1.00661500,1.00661500,1.00658500,1.00662000
2.686000,1.00665100,1.00658700,1.00660500,1.00664000,1.00661500,1.00661500,1.00658500,1.00662000
2.688000,1.00665100,1.00658800,1.00660500,1.00664000,1.00661500,1.00661500,1.00658600,1.00662000
2.690000,1.00665100,1.00658800,1.00660600,1.00664000,1.00661500,1.00661500,1.00658600,1.00662000
2.692000,1.00665100,1.00658800,1.00660600,1.00664000,1.00661600,1.00661500,1.00658600,1.00662100
2.694000,1.00665100,1.00658800,1.00660600,1.00664000,1.00661600,1.00661600,1.00658600,1.00662100
2.696000,1.00665200,1.00658800,1.00660600,1.00664100,1.00661600,1.00661600,1.00658600,1.00662100
2.698000,1.00665200,1.00658800,1.00660600,1.00664100,1.00661600,1.00661600,1.00658700,1.00662100
2.700000,1.00665200,1.00658900,1.00660700,1.00664100,1.00661600,1.00661600,1.00658700,1.00662100
2.702000,1.00665200,1.00658900,1.00660700,1.00664100,1.00661700,1.00661600,1.00658700,1.00662200
2.704000,1.00665200,1.00658900,1.00660700,1.00664100,1.00661700,1.00661600,1.00658700,1.00662200
2.706000,1.00665300,1.00658900,1.00660700,1.00664200,1.00661700,1.00661700,1.00658700,1.00662200
2.708000,1.00665300,1.00658900,1.00660700,1.00664200,1.00661700,1.00661700,1.00658800,1.00662200
2.710000,1.00665300,1.00659000,1.00660800,1.00664200,1.00661700,1.00661700,1.00658800,1.00662200
2.712000,1.00665300,1.00659000,1.00660800,1.00664200,1.00661800,1.00661700,1.00658800,1.00662300
2.714000,1.00665300,1.00659000,1.00660800,1.00664200,1.00661800,1.00661700,1.00658800,1.00662300
2.716000,1.00665400,1.00659000,1.00660800,1.00664300,1.00661800,1.00661800,1.00658800,1.00662300
2.718000,1.00665400,1.00659000,1.00660800,1.00664300,1.00661800,1.00661800,1.00658900,1.00662300
2.720000,1.00665400,1.00659000,1.00660800,1.00664300,1.00661800,1.00661800,1.00658900,1.00662300
2.722000,1.00665400,1.00659100,1.00660900,1.00664300,1.00661800,1.00661800,1.00658900,1.00662400
2.724000,1.00665400,1.00659100,1.00660900,1.00664300,1.00661900,1.00661800,1.00658900,1.00662400
2.726000,1.00665500,1.00659100,1.00660900,1.00664400,1.00661900,1.00661900,1.00658900,1.00662400
2.728000,1.00665500,1.00659100,1.00660900,1.00664400,1.00661900,1.00661900,1.00659000,1.00662400
2.730000,1.00665500,1.00659100,1.00660900,1.00664400,1.00661900,1.00661900,1.00659000,1.00662400
2.732000,1.00665500,1.00659200,1.00661000,1.00664400,1.00661900,1.00661900,1.00659000,1.00662400
2.734000,1.00665500,1.00659200,1.00661000,1.00664400,1.00662000,1.00661900,1.00659000,1.00662500
2.736000,1.00665600,1.00659200,1.00661000,1.00664400,1.00662000,1.00662000,1.00659000,1.00662500
2.738000,1.00665600,1.00659200,1.00661000,1.00664500,1.00662000,1.00662000,1.00659000,1.00662500
2.740000,1.00665600,1.00659200,1.00661000,1.00664500,1.00662000,1.00662000,1.00659100,1.00662500
2.742000,1.00665600,1.00659300,1.00661100,1.00664500,1.00662000,1.00662000,1.00659100,1.00662500
2.744000,1.00665600,1.00659300,1.00661100,1.00664500,1.00662100,1.00662000,1.00659100,1.00662600
2.746000,1.00665700,1.00659300,1.00661100,1.00664600,1.00662100,1.00662100,1.00659100,1.00662600
2.748000,1.00665700,1.00659300,1.00661100,1.00664600,1.00662100,1.00662100,1.00659100,1.00662600
2.750000,1.00665700,1.00659300,1.00661100,1.00664600,1.00662100,1.00662100,1.00659200,1.00662600
2.752000,1.00665700,1.00659400,1.00661200,1.00664600,1.00662100,1.00662100,1.00659200,1.00662600
2.754000,1.00665700,1.00659400,1.00661200,1.00664600,1.00662200,1.00662100,1.00659200,1.00662700
2.756000,1.00665700,1.00659400,1.00661200,1.00664700,1.00662200,1.00662200,1.00659200,1.00662700
2.758000,1.00665800,1.00659400,1.00661200,1.00664700,1.00662200,1.00662200,1.00659200,1.00662700
2.760000,1.00665800,1.00659400,1.00661200,1.00664700,1.00662200,1.00662200,1.00659300,1.00662700
2.762000,1.00665800,1.00659500,1.00661300,1.00664700,1.00662200,1.00662200,1.00659300,1.00662700
2.764000,1.00665800,1.00659500,1.00661300,1.00664700,1.00662300,1.00662200,1.00659300,1.00662800
2.766000,1.00665800,1.00659500,1.00661300,1.00664700,1.00662300,1.00662300,1.00659300,1.00662800
2.768000,1.00665900,1.00659500,1.00661300,1.00664800,1.00662300,1.00662300,1.00659300,1.00662800
2.770000,1.00665900,1.00659500,1.00661300,1.00664800,1.00662300,1.00662300,1.00659400,1.00662800
2.772000,1.00665900,1.00659500,1.00661300,1.00664800,1.00662300,1.00662300,1.00659400,1.00662800
2.774000,1.00665900,1.00659600,1.00661400,1.00664800,1.00662400,1.00662300,1.00659400,1.00662900
2.776000,1.00666000,1.00659600,1.00661400,1.00664800,1.00662400,1.00662400,1.00659400,1.00662900
2.778000,1.00666000,1.00659600,1.00661400,1.00664900,1.00662400,1.00662400,1.00659400,1.00662900
2.780000,1.00666000,1.00659600,1.00661400,1.00664900,1.00662400,1.00662400,1.00659500,1.00662900
2.782000,1.00666000,1.00659600,1.00661500,1.00664900,1.00662400,1.00662400,1.00659500,1.00662900
2.784000,1.00666000,1.00659700,1.00661500,1.00664900,1.00662500,1.00662400,1.00659500,1.00662900
2.786000,1.00666000,1.00659700,1.00661500,1.00664900,1.00662500,1.00662400,1.00659500,1.00663000
2.788000,1.00666100,1.00659700,1.00661500,1.00665000,1.00662500,1.00662500,1.00659500,1.00663000
2.790000,1.00666100,1.00659700,1.00661500,1.00665000,1.00662500,1.00662500,1.00659500,1.00663000
2.792000,1.00666100,1.00659700,1.00661600,1.00665000,1.00662500,1.00662500,1.00659600,1.00663000
2.794000,1.00666100,1.00659800,1.00661600,1.00665000,1.00662600,1.00662500,1.00659600,1.00663100
2.796000,1.00666100,1.00659800,1.00661600,1.00665000,1.00662600,1.00662500,1.00659600,1.00663100
2.798000,1.00666200,1.00659800,1.00661600,1.00665100,1.00662600,1.00662600,1.00659600,1.00663100
2.800000,1.00666200,1.00659800,1.00661600,1.00665100,1.00662600,1.00662600,1.00659600,1.00663100
2.802000,1.00666200,1.00659800,1.00661600,1.00665100,1.00662600,1.00662600,1.00659700,1.00663100
2.804000,1.00666200,1.00659900,1.00661700,1.00665100,1.00662600,1.00662600,1.00659700,1.00663100
2.806000,1.00666200,1.00659900,1.00661700,1.00665100,1.00662700,1.00662600,1.00659700,1.00663200
2.808000,1.00666300,1.00659900,1.00661700,1.00665200,1.00662700,1.00662700,1.00659700,1.00663200
2.810000,1.00666300,1.00659900,1.00661700,1.00665200,1.00662700,1.00662700,1.00659700,1.00663200
2.812000,1.00666300,1.00659900,1.00661700,1.00665200,1.00662700,1.00662700,1.00659800,1.00663200
2.814000,1.00666300,1.00660000,1.00661800,1.00665200,1.00662700,1.00662700,1.00659800,1.00663200
2.816000,1.00666300,1.00660000,1.00661800,1.00665200,1.00662800,1.00662700,1.00659800,1.00663300
2.818000,1.00666400,1.00660000,1.00661800,1.00665300,1.00662800,1.00662800,1.00659800,1.00663300
2.820000,1.00666400,1.00660000,1.00661800,1.00665300,1.00662800,1.00662800,1.00659800,1.00663300
2.822000,1.00666400,1.00660000,1.00661800,1.00665300,1.00662800,1.00662800,1.00659900,1.00663300
2.824000,1.00666400,1.00660000,1.00661900,1.00665300,1.00662800,1.00662800,1.00659900,1.00663300
2.826000,1.00666400,1.00660100,1.00661900,1.00665300,1.00662900,1.00662800,1.00659900,1.00663400
2.828000,1.00666500,1.00660100,1.00661900,1.00665400,1.00662900,1.00662900,1.00659900,1.00663400
2.830000,1.00666500,1.00660100,1.00661900,1.00665400,1.00662900,1.00662900,1.00659900,1.00663400
2.832000,1.00666500,1.00660100,1.00661900,1.00665400,1.00662900,1.00662900,1.00660000,1.00663400
2.834000,1.00666500,1.00660100,1.00662000,1.00665400,1.00662900,1.00662900,1.00660000,1.00663400
2.836000,1.00666500,1.00660200,1.00662000,1.00665400,1.00663000,1.00662900,1.00660000,1.00663500
2.838000,1.00666600,1.00660200,1.00662000,1.00665500,1.00663000,1.00662900,1.00660000,1.00663500
2.840000,1.00666600,1.00660200,1.00662000,1.00665500,1.00663000,1.00663000,1.00660000,1.00663500
2.842000,1.00666600,1.00660200,1.00662000,1.00665500,1.00663000,1.00663000,1.00660000,1.00663500
2.844000,1.00666600,1.00660200,1.00662100,1.00665500,1.00663000,1.00663000,1.00660100,1.00663500
2.846000,1.00666600,1.00660300,1.00662100,1.00665500,1.00663100,1.00663000,1.00660100,1.00663600
2.848000,1.00666700,1.00660300,1.00662100,1.00665500,1.00663100,1.00663100,1.00660100,1.00663600
2.850000,1.00666700,1.00660300,1.00662100,1.00665600,1.00663100,1.00663100,1.00660100,1.00663600
2.852000,1.00666700,1.00660300,1.00662100,1.00665600,1.00663100,1.00663100,1.00660100,1.00663600
2.854000,1.00666700,1.00660300,1.00662100,1.00665600,1.00663100,1.00663100,1.00660200,1.00663600
2.856000,1.00666700,1.00660400,1.00662200,1.00665600,1.00663100,1.00663100,1.00660200,1.00663700
2.858000,1.00666700,1.00660400,1.00662200,1.00665700,1.00663200,1.00663100,1.00660200,1.00663700
2.860000,1.00666800,1.00660400,1.00662200,1.00665700,1.00663200,1.00663200,1.00660200,1.00663700
2.862000,1.00666800,1.00660400,1.00662200,1.00665700,1.00663200,1.00663200,1.00660200,1.00663700
2.864000,1.00666800,1.00660400,1.00662300,1.00665700,1.00663200,1.00663200,1.00660300,1.00663700
2.866000,1.00666800,1.00660500,1.00662300,1.00665700,1.00663200,1.00663200,1.00660300,1.00663700
2.868000,1.00666900,1.00660500,1.00662300,1.00665700,1.00663300,1.00663200,1.00660300,1.00663800
2.870000,1.00666900,1.00660500,1.00662300,1.00665800,1.00663300,1.00663300,1.00660300,1.00663800
2.872000,1.00666900,1.00660500,1.00662300,1.00665800,1.00663300,1.00663300,1.00660300,1.00663800
2.874000,1.00666900,1.00660500,1.00662400,1.00665800,1.00663300,1.00663300,1.00660400,1.00663800
2.876000,1.00666900,1.00660600,1.00662400,1.00665800,1.00663400,1.00663300,1.00660400,1.00663800
2.878000,1.00667000,1.00660600,1.00662400,1.00665800,1.00663400,1.00663300,1.00660400,1.00663900
2.880000,1.00667000,1.00660600,1.00662400,1.00665900,1.00663400,1.00663400,1.00660400,1.00663900
2.882000,1.00667000,1.00660600,1.00662400,1.00665900,1.00663400,1.00663400,1.00660400,1.00663900
2.884000,1.00667000,1.00660600,1.00662400,1.00665900,1.00663400,1.00663400,1.00660500,1.00663900
2.886000,1.00667000,1.00660600,1.00662500,1.00665900,1.00663400,1.00663400,1.00660500,1.00663900
2.888000,1.00667000,1.00660700,1.00662500,1.00665900,1.00663500,1.00663400,1.00660500,1.00664000
2.890000,1.00667100,1.00660700,1.00662500,1.00666000,1.00663500,1.00663500,1.00660500,1.00664000
2.892000,1.00667100,1.00660700,1.00662500,1.00666000,1.00663500,1.00663500,1.00660500,1.00664000
2.894000,1.00667100,1.00660700,1.00662500,1.00666000,1.00663500,1.00663500,1.00660600,1.00664000
2.896000,1.00667100,1.00660700,1.00662600,1.00666000,1.00663500,1.00663500,1.00660600,1.00664000
2.898000,1.00667200,1.00660800,1.00662600,1.00666000,1.00663600,1.00663500,1.00660600,1.00664100
2.900000,1.00667200,1.00660800,1.00662600,1.00666100,1.00663600,1.00663600,1.00660600,1.00664100
2.902000,1.00667200,1.00660800,1.00662600,1.00666100,1.00663600,1.00663600,1.00660600,1.00664100
2.904000,1.00667200,1.00660800,1.00662600,1.00666100,1.00663600,1.00663600,1.00660600,1.00664100
2.906000,1.00667200,1.00660800,1.00662700,1.00666100,1.00663600,1.00663600,1.00660700,1.00664100
2.908000,1.00667300,1.00660900,1.00662700,1.00666100,1.00663700,1.00663600,1.00660700,1.00664200
2.910000,1.00667300,1.00660900,1.00662700,1.00666200,1.00663700,1.00663700,1.00660700,1.00664200
2.912000,1.00667300,1.00660900,1.00662700,1.00666200,1.00663700,1.00663700,1.00660700,1.00664200
2.914000,1.00667300,1.00660900,1.00662700,1.00666200,1.00663700,1.00663700,1.00660800,1.00664200
2.916000,1.00667300,1.00660900,1.00662800,1.00666200,1.00663700,1.00663700,1.00660800,1.00664200
2.918000,1.00667300,1.00661000,1.00662800,1.00666200,1.00663800,1.00663700,1.00660800,1.00664300
2.920000,1.00667400,1.00661000,1.00662800,1.00666300,1.00663800,1.00663700,1.00660800,1.00664300
2.922000,1.00667400,1.00661000,1.00662800,1.00666300,1.00663800,1.00663800,1.00660800,1.00664300
2.924000,1.00667400,1.00661000,1.00662800,1.00666300,1.00663800,1.00663800,1.00660800,1.00664300
2.926000,1.00667400,1.00661000,1.00662900,1.00666300,1.00663800,1.00663800,1.00660900,1.00664300
2.928000,1.00667500,1.00661100,1.00662900,1.00666300,1.00663900,1.00663800,1.00660900,1.00664400
2.930000,1.00667500,1.00661100,1.00662900,1.00666400,1.00663900,1.00663900,1.00660900,1.00664400
2.932000,1.00667500,1.00661100,1.00662900,1.00666400,1.00663900,1.00663900,1.00660900,1.00664400
2.934000,1.00667500,1.00661100,1.00662900,1.00666400,1.00663900,1.00663900,1.00660900,1.00664400
2.936000,1.00667500,1.00661100,1.00663000,1.00666400,1.00663900,1.00663900,1.00661000,1.00664400
2.938000,1.00667500,1.00661100,1.00663000,1.00666400,1.00663900,1.00663900,1.00661000,1.00664400
2.940000,1.00667600,1.00661200,1.00663000,1.00666500,1.00664000,1.00663900,1.00661000,1.00664500
2.942000,1.00667600,1.00661200,1.00663000,1.00666500,1.00664000,1.00664000,1.00661000,1.00664500
2.944000,1.00667600,1.00661200,1.00663000,1.00666500,1.00664000,1.00664000,1.00661000,1.00664500
2.946000,1.00667600,1.00661200,1.00663100,1.00666500,1.00664000,1.00664000,1.00661100,1.00664500
2.948000,1.00667600,1.00661200,1.00663100,1.00666500,1.00664100,1.00664000,1.00661100,1.00664500
2.950000,1.00667700,1.00661300,1.00663100,1.00666500,1.00664100,1.00664000,1.00661100,1.00664600
2.952000,1.00667700,1.00661300,1.00663100,1.00666600,1.00664100,1.00664100,1.00661100,1.00664600
2.954000,1.00667700,1.00661300,1.00663100,1.00666600,1.00664100,1.00664100,1.00661100,1.00664600
2.956000,1.00667700,1.00661300,1.00663100,1.00666600,1.00664100,1.00664100,1.00661200,1.00664600
2.958000,1.00667700,1.00661300,1.00663200,1.00666600,1.00664200,1.00664100,1.00661200,1.00664700
2.960000,1.00667800,1.00661400,1.00663200,1.00666700,1.00664200,1.00664100,1.00661200,1.00664700
2.962000,1.00667800,1.00661400,1.00663200,1.00666700,1.00664200,1.00664200,1.00661200,1.00664700
2.964000,1.00667800,1.00661400,1.00663200,1.00666700,1.00664200,1.00664200,1.00661200,1.00664700
2.966000,1.00667800,1.00661400,1.00663200,1.00666700,1.00664200,1.00664200,1.00661300,1.00664700
2.968000,1.00667800,1.00661400,1.00663300,1.00666700,1.00664200,1.00664200,1.00661300,1.00664700
2.970000,1.00667900,1.00661500,1.00663300,1.00666700,1.00664300,1.00664200,1.00661300,1.00664800
2.972000,1.00667900,1.00661500,1.00663300,1.00666800,1.00664300,1.00664300,1.00661300,1.00664800
2.974000,1.00667900,1.00661500,1.00663300,1.00666800,1.00664300,1.00664300,1.00661300,1.00664800
2.976000,1.00667900,1.00661500,1.00663300,1.00666800,1.00664300,1.00664300,1.00661300,1.00664800
2.978000,1.00667900,1.00661500,1.00663400,1.00666800,1.00664300,1.00664300,1.00661400,1.00664800
2.980000,1.00668000,1.00661600,1.00663400,1.00666800,1.00664400,1.00664300,1.00661400,1.00664900
2.982000,1.00668000,1.00661600,1.00663400,1.00666900,1.00664400,1.00664400,1.00661400,1.00664900
2.984000,1.00668000,1.00661600,1.00663400,1.00666900,1.00664400,1.00664400,1.00661400,1.00664900
2.986000,1.00668000,1.00661600,1.00663400,1.00666900,1.00664400,1.00664400,1.00661400,1.00664900
2.988000,1.00668000,1.00661600,1.00663500,1.00666900,1.00664400,1.00664400,1.00661500,1.00664900
2.990000,1.00668100,1.00661600,1.00663500,1.00666900,1.00664500,1.00664400,1.00661500,1.00665000
2.992000,1.00668100,1.00661700,1.00663500,1.00667000,1.00664500,1.00664400,1.00661500,1.00665000
2.994000,1.00668100,1.00661700,1.00663500,1.00667000,1.00664500,1.00664500,1.00661500,1.00665000
2.996000,1.00668100,1.00661700,1.00663500,1.00667000,1.00664500,1.00664500,1.00661500,1.00665000
2.998000,1.00668100,1.00661700,1.00663600,1.00667000,1.00664500,1.00664500,1.00661600,1.00665000
3.000000,1.00668200,1.00661700,1.00663600,1.00667000,1.00664600,1.00664500,1.00661600,1.00665100
3.002000,1.00668200,1.00661800,1.00663600,1.00667100,1.00664600,1.00664500,1.00661600,1.00665100
3.004000,1.00668200,1.00661800,1.00663600,1.00667100,1.00664600,1.00664600,1.00661600,1.00665100
3.006000,1.00668200,1.00661800,1.00663600,1.00667100,1.00664600,1.00664600,1.00661600,1.00665100
3.008000,1.00668200,1.00661800,1.00663700,1.00667100,1.00664600,1.00664600,1.00661700,1.00665100
3.010000,1.00668300,1.00661800,1.00663700,1.00667100,1.00664700,1.00664600,1.00661700,1.00665200
3.012000,1.00668300,1.00661900,1.00663700,1.00667200,1.00664700,1.00664700,1.00661700,1.00665200
3.014000,1.00668300,1.00661900,1.00663700,1.00667200,1.00664700,1.00664700,1.00661700,1.00665200
3.016000,1.00668300,1.00661900,1.00663700,1.00667200,1.00664700,1.00664700,1.00661700,1.00665200
3.018000,1.00668300,1.00661900,1.00663800,1.00667200,1.00664700,1.00664700,1.00661800,1.00665200
3.020000,1.00668400,1.00661900,1.00663800,1.00667200,1.00664800,1.00664700,1.00661800,1.00665200
3.022000,1.00668400,1.00662000,1.00663800,1.00667300,1.00664800,1.00664700,1.00661800,1.00665300
3.024000,1.00668400,1.00662000,1.00663800,1.00667300,1.00664800,1.00664800,1.00661800,1.00665300
3.026000,1.00668400,1.00662000,1.00663800,1.00667300,1.00664800,1.00664800,1.00661800,1.00665300
3.028000,1.00668400,1.00662000,1.00663900,1.00667300,1.00664800,1.00664800,1.00661800,1.00665300
3.030000,1.00668500,1.00662000,1.00663900,1.00667300,1.00664900,1.00664800,1.00661900,1.00665400
3.032000,1.00668500,1.00662100,1.00663900,1.00667400,1.00664900,1.00664800,1.00661900,1.00665400
3.034000,1.00668500,1.00662100,1.00663900,1.00667400,1.00664900,1.00664900,1.00661900,1.00665400
3.036000,1.00668500,1.00662100,1.00663900,1.00667400,1.00664900,1.00664900,1.00661900,1.00665400
3.038000,1.00668500,1.00662100,1.00663900,1.00667400,1.00664900,1.00664900,1.00661900,1.00665400
3.040000,1.00668600,1.00662100,1.00664000,1.00667400,1.00664900,1.00664900,1.00662000,1.00665500
3.042000,1.00668600,1.00662100,1.00664000,1.00667500,1.00665000,1.00664900,1.00662000,1.00665500
3.044000,1.00668600,1.00662200,1.00664000,1.00667500,1.00665000,1.00665000,1.00662000,1.00665500
3.046000,1.00668600,1.00662200,1.00664000,1.00667500,1.00665000,1.00665000,1.00662000,1.00665500
3.048000,1.00668600,1.00662200,1.00664100,1.00667500,1.00665000,1.00665000,1.00662000,1.00665500
3.050000,1.00668700,1.00662200,1.00664100,1.00667500,1.00665000,1.00665000,1.00662100,1.00665500
3.052000,1.00668700,1.00662200,1.00664100,1.00667600,1.00665100,1.00665000,1.00662100,1.00665600
3.054000,1.00668700,1.00662300,1.00664100,1.00667600,1.00665100,1.00665100,1.00662100,1.00665600
3.056000,1.00668700,1.00662300,1.00664100,1.00667600,1.00665100,1.00665100,1.00662100,1.00665600
3.058000,1.00668700,1.00662300,1.00664200,1.00667600,1.00665100,1.00665100,1.00662100,1.00665600
3.060000,1.00668800,1.00662300,1.00664200,1.00667600,1.00665100,1.00665100,1.00662200,1.00665600
3.062000,1.00668800,1.00662300,1.00664200,1.00667700,1.00665200,1.00665100,1.00662200,1.00665700
3.064000,1.00668800,1.00662400,1.00664200,1.00667700,1.00665200,1.00665200,1.00662200,1.00665700
3.066000,1.00668800,1.00662400,1.00664200,1.00667700,1.00665200,1.00665200,1.00662200,1.00665700
3.068000,1.00668800,1.00662400,1.00664200,1.00667700,1.00665200,1.00665200,1.00662200,1.00665700
3.070000,1.00668900,1.00662400,1.00664300,1.00667700,1.00665200,1.00665200,1.00662300,1.00665700
3.072000,1.00668900,1.00662400,1.00664300,1.00667800,1.00665300,1.00665200,1.00662300,1.00665800
3.074000,1.00668900,1.00662500,1.00664300,1.00667800,1.00665300,1.00665300,1.00662300,1.00665800
3.076000,1.00668900,1.00662500,1.00664300,1.00667800,1.00665300,1.00665300,1.00662300,1.00665800
3.078000,1.00668900,1.00662500,1.00664300,1.00667800,1.00665300,1.00665300,1.00662300,1.00665800
3.080000,1.00669000,1.00662500,1.00664400,1.00667800,1.00665300,1.00665300,1.00662400,1.00665800
3.082000,1.00669000,1.00662500,1.00664400,1.00667800,1.00665400,1.00665300,1.00662400,1.00665900
3.084000,1.00669000,1.00662600,1.00664400,1.00667900,1.00665400,1.00665400,1.00662400,1.00665900
3.086000,1.00669000,1.00662600,1.00664400,1.00667900,1.00665400,1.00665400,1.00662400,1.00665900
3.088000,1.00669000,1.00662600,1.00664400,1.00667900,1.00665400,1.00665400,1.00662400,1.00665900
3.090000,1.00669100,1.00662600,1.00664500,1.00667900,1.00665400,1.00665400,1.00662500,1.00665900
3.092000,1.00669100,1.00662600,1.00664500,1.00668000,1.00665500,1.00665400,1.00662500,1.00666000
3.094000,1.00669100,1.00662600,1.00664500,1.00668000,1.00665500,1.00665500,1.00662500,1.00666000
3.096000,1.00669100,1.00662700,1.00664500,1.00668000,1.00665500,1.00665500,1.00662500,1.00666000
3.098000,1.00669100,1.00662700,1.00664500,1.00668000,1.00665500,1.00665500,1.00662500,1.00666000
3.100000,1.00669200,1.00662700,1.00664600,1.00668000,1.00665500,1.00665500,1.00662600,1.00666000
3.102000,1.00669200,1.00662700,1.00664600,1.00668000,1.00665600,1.00665500,1.00662600,1.00666100
3.104000,1.00669200,1.00662700,1.00664600,1.00668100,1.00665600,1.00665500,1.00662600,1.00666100
3.106000,1.00669200,1.00662800,1.00664600,1.00668100,1.00665600,1.00665600,1.00662600,1.00666100
3.108000,1.00669200,1.00662800,1.00664600,1.00668100,1.00665600,1.00665600,1.00662600,1.00666100
3.110000,1.00669300,1.00662800,1.00664700,1.00668100,1.00665600,1.00665600,1.00662600,1.00666100
3.112000,1.00669300,1.00662800,1.00664700,1.00668100,1.00665700,1.00665600,1.00662700,1.00666200
3.114000,1.00669300,1.00662800,1.00664700,1.00668200,1.00665700,1.00665600,1.00662700,1.00666200
3.116000,1.00669300,1.00662900,1.00664700,1.00668200,1.00665700,1.00665700,1.00662700,1.00666200
3.118000,1.00669300,1.00662900,1.00664700,1.00668200,1.00665700,1.00665700,1.00662700,1.00666200
3.120000,1.00669300,1.00662900,1.00664800,1.00668200,1.00665700,1.00665700,1.00662700,1.00666200
3.122000,1.00669400,1.00662900,1.00664800,1.00668300,1.00665700,1.00665700,1.00662800,1.00666200
3.124000,1.00669400,1.00662900,1.00664800,1.00668300,1.00665800,1.00665700,1.00662800,1.00666300
3.126000,1.00669400,1.00663000,1.00664800,1.00668300,1.00665800,1.00665800,1.00662800,1.00666300
3.128000,1.00669400,1.00663000,1.00664800,1.00668300,1.00665800,1.00665800,1.00662800,1.00666300
3.130000,1.00669500,1.00663000,1.00664900,1.00668300,1.00665800,1.00665800,1.00662800,1.00666300
3.132000,1.00669500,1.00663000,1.00664900,1.00668300,1.00665900,1.00665800,1.00662900,1.00666400
3.134000,1.00669500,1.00663000,1.00664900,1.00668400,1.00665900,1.00665800,1.00662900,1.00666400
3.136000,1.00669500,1.00663100,1.00664900,1.00668400,1.00665900,1.00665900,1.00662900,1.00666400
3.138000,1.00669500,1.00663100,1.00664900,1.00668400,1.00665900,1.00665900,1.00662900,1.00666400
3.140000,1.00669600,1.00663100,1.00664900,1.00668400,1.00665900,1.00665900,1.00662900,1.00666400
3.142000,1.00669600,1.00663100,1.00665000,1.00668400,1.00666000,1.00665900,1.00663000,1.00666500
3.144000,1.00669600,1.00663100,1.00665000,1.00668500,1.00666000,1.00665900,1.00663000,1.00666500
3.146000,1.00669600,1.00663100,1.00665000,1.00668500,1.00666000,1.00666000,1.00663000,1.00666500
3.148000,1.00669600,1.00663200,1.00665000,1.00668500,1.00666000,1.00666000,1.00663000,1.00666500
3.150000,1.00669600,1.00663200,1.00665100,1.00668500,1.00666000,1.00666000,1.00663000,1.00666500
3.152000,1.00669700,1.00663200,1.00665100,1.00668500,1.00666000,1.00666000,1.00663100,1.00666500
3.154000,1.00669700,1.00663200,1.00665100,1.00668600,1.00666100,1.00666000,1.00663100,1.00666600
3.156000,1.00669700,1.00663200,1.00665100,1.00668600,1.00666100,1.00666100,1.00663100,1.00666600
3.158000,1.00669700,1.00663300,1.00665100,1.00668600,1.00666100,1.00666100,1.00663100,1.00666600
3.160000,1.00669800,1.00663300,1.00665200,1.00668600,1.00666100,1.00666100,1.00663100,1.00666600
3.162000,1.00669800,1.00663300,1.00665200,1.00668600,1.00666100,1.00666100,1.00663100,1.00666600
3.164000,1.00669800,1.00663300,1.00665200,1.00668700,1.00666200,1.00666100,1.00663200,1.00666700
3.166000,1.00669800,1.00663400,1.00665200,1.00668700,1.00666200,1.00666200,1.00663200,1.00666700
3.168000,1.00669800,1.00663400,1.00665200,1.00668700,1.00666200,1.00666200,1.00663200,1.00666700
3.170000,1.00669800,1.00663400,1.00665200,1.00668700,1.00666200,1.00666200,1.00663200,1.00666700
3.172000,1.00669900,1.00663400,1.00665300,1.00668700,1.00666200,1.00666200,1.00663300,1.00666700
3.174000,1.00669900,1.00663400,1.00665300,1.00668800,1.00666300,1.00666200,1.00663300,1.00666800
3.176000,1.00669900,1.00663400,1.00665300,1.00668800,1.00666300,1.00666200,1.00663300,1.00666800
3.178000,1.00669900,1.00663500,1.00665300,1.00668800,1.00666300,1.00666300,1.00663300,1.00666800
3.180000,1.00670000,1.00663500,1.00665300,1.00668800,1.00666300,1.00666300,1.00663300,1.00666800
3.182000,1.00670000,1.00663500,1.00665400,1.00668800,1.00666300,1.00666300,1.00663400,1.00666800
3.184000,1.00670000,1.00663500,1.00665400,1.00668900,1.00666400,1.00666300,1.00663400,1.00666900
3.186000,1.00670000,1.00663500,1.00665400,1.00668900,1.00666400,1.00666400,1.00663400,1.00666900
3.188000,1.00670000,1.00663600,1.00665400,1.00668900,1.00666400,1.00666400,1.00663400,1.00666900
3.190000,1.00670100,1.00663600,1.00665500,1.00668900,1.00666400,1.00666400,1.00663400,1.00666900
3.192000,1.00670100,1.00663600,1.00665500,1.00668900,1.00666400,1.00666400,1.00663400,1.00666900
3.194000,1.00670100,1.00663600,1.00665500,1.00669000,1.00666500,1.00666400,1.00663500,1.00667000
3.196000,1.00670100,1.00663600,1.00665500,1.00669000,1.00666500,1.00666500,1.00663500,1.00667000
3.198000,1.00670100,1.00663700,1.00665500,1.00669000,1.00666500,1.00666500,1.00663500,1.00667000
3.200000,1.00670100,1.00663700,1.00665500,1.00669000,1.00666500,1.00666500,1.00663500,1.00667000
3.202000,1.00670200,1.00663700,1.00665600,1.00669000,1.00666500,1.00666500,1.00663500,1.00667000
3.204000,1.00670200,1.00663700,1.00665600,1.00669100,1.00666600,1.00666500,1.00663600,1.00667100
3.206000,1.00670200,1.00663700,1.00665600,1.00669100,1.00666600,1.00666500,1.00663600,1.00667100
3.208000,1.00670200,1.00663800,1.00665600,1.00669100,1.00666600,1.00666600,1.00663600,1.00667100
3.210000,1.00670300,1.00663800,1.00665600,1.00669100,1.00666600,1.00666600,1.00663600,1.00667100
3.212000,1.00670300,1.00663800,1.00665700,1.00669100,1.00666600,1.00666600,1.00663600,1.00667100
3.214000,1.00670300,1.00663800,1.00665700,1.00669200,1.00666700,1.00666600,1.00663700,1.00667200
3.216000,1.00670300,1.00663800,1.00665700,1.00669200,1.00666700,1.00666600,1.00663700,1.00667200
3.218000,1.00670300,1.00663900,1.00665700,1.00669200,1.00666700,1.00666700,1.00663700,1.00667200
3.220000,1.00670300,1.00663900,1.00665700,1.00669200,1.00666700,1.00666700,1.00663700,1.00667200
3.222000,1.00670400,1.00663900,1.00665800,1.00669200,1.00666700,1.00666700,1.00663700,1.00667200
3.224000,1.00670400,1.00663900,1.00665800,1.00669300,1.00666800,1.00666700,1.00663800,1.00667300
3.226000,1.00670400,1.00663900,1.00665800,1.00669300,1.00666800,1.00666700,1.00663800,1.00667300
3.228000,1.00670400,1.00663900,1.00665800,1.00669300,1.00666800,1.00666800,1.00663800,1.00667300
3.230000,1.00670400,1.00664000,1.00665800,1.00669300,1.00666800,1.00666800,1.00663800,1.00667300
3.232000,1.00670500,1.00664000,1.00665900,1.00669300,1.00666800,1.00666800,1.00663800,1.00667300
3.234000,1.00670500,1.00664000,1.00665900,1.00669300,1.00666900,1.00666800,1.00663900,1.00667400
3.236000,1.00670500,1.00664000,1.00665900,1.00669400,1.00666900,1.00666800,1.00663900,1.00667400
3.238000,1.00670500,1.00664000,1.00665900,1.00669400,1.00666900,1.00666900,1.00663900,1.00667400
3.240000,1.00670600,1.00664100,1.00665900,1.00669400,1.00666900,1.00666900,1.00663900,1.00667400
3.242000,1.00670600,1.00664100,1.00666000,1.00669400,1.00666900,1.00666900,1.00663900,1.00667400
3.244000,1.00670600,1.00664100,1.00666000,1.00669500,1.00667000,1.00666900,1.00663900,1.00667500
3.246000,1.00670600,1.00664100,1.00666000,1.00669500,1.00667000,1.00666900,1.00664000,1.00667500
3.248000,1.00670600,1.00664100,1.00666000,1.00669500,1.00667000,1.00667000,1.00664000,1.00667500
3.250000,1.00670600,1.00664200,1.00666000,1.00669500,1.00667000,1.00667000,1.00664000,1.00667500
3.252000,1.00670700,1.00664200,1.00666100,1.00669500,1.00667000,1.00667000,1.00664000,1.00667500
3.254000,1.00670700,1.00664200,1.00666100,1.00669600,1.00667000,1.00667000,1.00664100,1.00667500
3.256000,1.00670700,1.00664200,1.00666100,1.00669600,1.00667100,1.00667000,1.00664100,1.00667600
3.258000,1.00670700,1.00664200,1.00666100,1.00669600,1.00667100,1.00667100,1.00664100,1.00667600
3.260000,1.00670700,1.00664300,1.00666100,1.00669600,1.00667100,1.00667100,1.00664100,1.00667600
3.262000,1.00670800,1.00664300,1.00666200,1.00669600,1.00667100,1.00667100,1.00664100,1.00667600
3.264000,1.00670800,1.00664300,1.00666200,1.00669600,1.00667200,1.00667100,1.00664200,1.00667700
3.266000,1.00670800,1.00664300,1.00666200,1.00669700,1.00667200,1.00667100,1.00664200,1.00667700
3.268000,1.00670800,1.00664300,1.00666200,1.00669700,1.00667200,1.00667200,1.00664200,1.00667700
3.270000,1.00670900,1.00664400,1.00666200,1.00669700,1.00667200,1.00667200,1.00664200,1.00667700
3.272000,1.00670900,1.00664400,1.00666300,1.00669700,1.00667200,1.00667200,1.00664200,1.00667700
3.274000,1.00670900,1.00664400,1.00666300,1.00669800,1.00667300,1.00667200,1.00664200,1.00667800
3.276000,1.00670900,1.00664400,1.00666300,1.00669800,1.00667300,1.00667200,1.00664300,1.00667800
3.278000,1.00670900,1.00664400,1.00666300,1.00669800,1.00667300,1.00667300,1.00664300,1.00667800
3.280000,1.00670900,1.00664400,1.00666300,1.00669800,1.00667300,1.00667300,1.00664300,1.00667800
3.282000,1.00671000,1.00664500,1.00666400,1.00669800,1.00667300,1.00667300,1.00664300,1.00667800
3.284000,1.00671000,1.00664500,1.00666400,1.00669800,1.00667300,1.00667300,1.00664300,1.00667800
3.286000,1.00671000,1.00664500,1.00666400,1.00669900,1.00667400,1.00667300,1.00664400,1.00667900
3.288000,1.00671000,1.00664500,1.00666400,1.00669900,1.00667400,1.00667400,1.00664400,1.00667900
3.290000,1.00671100,1.00664500,1.00666400,1.00669900,1.00667400,1.00667400,1.00664400,1.00667900
3.292000,1.00671100,1.00664600,1.00666500,1.00669900,1.00667400,1.00667400,1.00664400,1.00667900
3.294000,1.00671100,1.00664600,1.00666500,1.00669900,1.00667400,1.00667400,1.00664400,1.00667900
3.296000,1.00671100,1.00664600,1.00666500,1.00670000,1.00667500,1.00667400,1.00664500,1.00668000
3.298000,1.00671100,1.00664600,1.00666500,1.00670000,1.00667500,1.00667500,1.00664500,1.00668000
3.300000,1.00671100,1.00664700,1.00666500,1.00670000,1.00667500,1.00667500,1.00664500,1.00668000
3.302000,1.00671200,1.00664700,1.00666500,1.00670000,1.00667500,1.00667500,1.00664500,1.00668000
3.304000,1.00671200,1.00664700,1.00666600,1.00670100,1.00667500,1.00667500,1.00664500,1.00668000
3.306000,1.00671200,1.00664700,1.00666600,1.00670100,1.00667600,1.00667500,1.00664600,1.00668100
3.308000,1.00671200,1.00664700,1.00666600,1.00670100,1.00667600,1.00667500,1.00664600,1.00668100
3.310000,1.00671200,1.00664700,1.00666600,1.00670100,1.00667600,1.00667600,1.00664600,1.00668100
3.312000,1.00671300,1.00664800,1.00666700,1.00670100,1.00667600,1.00667600,1.00664600,1.00668100
3.314000,1.00671300,1.00664800,1.00666700,1.00670100,1.00667600,1.00667600,1.00664600,1.00668100
3.316000,1.00671300,1.00664800,1.00666700,1.00670200,1.00667700,1.00667600,1.00664700,1.00668200
3.318000,1.00671300,1.00664800,1.00666700,1.00670200,1.00667700,1.00667700,1.00664700,1.00668200
3.320000,1.00671400,1.00664800,1.00666700,1.00670200,1.00667700,1.00667700,1.00664700,1.00668200
3.322000,1.00671400,1.00664900,1.00666700,1.00670200,1.00667700,1.00667700,1.00664700,1.00668200
3.324000,1.00671400,1.00664900,1.00666800,1.00670200,1.00667700,1.00667700,1.00664700,1.00668200
3.326000,1.00671400,1.00664900,1.00666800,1.00670300,1.00667800,1.00667700,1.00664800,1.00668300
3.328000,1.00671400,1.00664900,1.00666800,1.00670300,1.00667800,1.00667800,1.00664800,1.00668300
3.330000,1.00671400,1.00664900,1.00666800,1.00670300,1.00667800,1.00667800,1.00664800,1.00668300
3.332000,1.00671500,1.00665000,1.00666800,1.00670300,1.00667800,1.00667800,1.00664800,1.00668300
3.334000,1.00671500,1.00665000,1.00666900,1.00670300,1.00667800,1.00667800,1.00664800,1.00668300
3.336000,1.00671500,1.00665000,1.00666900,1.00670400,1.00667900,1.00667800,1.00664900,1.00668400
3.338000,1.00671500,1.00665000,1.00666900,1.00670400,1.00667900,1.00667800,1.00664900,1.00668400
3.340000,1.00671600,1.00665000,1.00666900,1.00670400,1.00667900,1.00667900,1.00664900,1.00668400
3.342000,1.00671600,1.00665100,1.00667000,1.00670400,1.00667900,1.00667900,1.00664900,1.00668400
3.344000,1.00671600,1.00665100,1.00667000,1.00670400,1.00667900,1.00667900,1.00664900,1.00668400
3.346000,1.00671600,1.00665100,1.00667000,1.00670500,1.00668000,1.00667900,1.00664900,1.00668500
3.348000,1.00671600,1.00665100,1.00667000,1.00670500,1.00668000,1.00667900,1.00665000,1.00668500
3.350000,1.00671600,1.00665100,1.00667000,1.00670500,1.00668000,1.00668000,1.00665000,1.00668500
3.352000,1.00671700,1.00665200,1.00667000,1.00670500,1.00668000,1.00668000,1.00665000,1.00668500
3.354000,1.00671700,1.00665200,1.00667100,1.00670500,1.00668000,1.00668000,1.00665000,1.00668500
3.356000,1.00671700,1.00665200,1.00667100,1.00670600,1.00668100,1.00668000,1.00665000,1.00668600
3.358000,1.00671700,1.00665200,1.00667100,1.00670600,1.00668100,1.00668000,1.00665100,1.00668600
3.360000,1.00671700,1.00665200,1.00667100,1.00670600,1.00668100,1.00668100,1.00665100,1.00668600
3.362000,1.00671800,1.00665200,1.00667100,1.00670600,1.00668100,1.00668100,1.00665100,1.00668600
3.364000,1.00671800,1.00665300,1.00667200,1.00670600,1.00668100,1.00668100,1.00665100,1.00668600
3.366000,1.00671800,1.00665300,1.00667200,1.00670700,1.00668200,1.00668100,1.00665200,1.00668700
3.368000,1.00671800,1.00665300,1.00667200,1.00670700,1.00668200,1.00668100,1.00665200,1.00668700
3.370000,1.00671900,1.00665300,1.00667200,1.00670700,1.00668200,1.00668200,1.00665200,1.00668700
3.372000,1.00671900,1.00665300,1.00667200,1.00670700,1.00668200,1.00668200,1.00665200,1.00668700
3.374000,1.00671900,1.00665400,1.00667300,1.00670700,1.00668200,1.00668200,1.00665200,1.00668700
3.376000,1.00671900,1.00665400,1.00667300,1.00670800,1.00668300,1.00668200,1.00665200,1.00668800
3.378000,1.00671900,1.00665400,1.00667300,1.00670800,1.00668300,1.00668200,1.00665300,1.00668800
3.380000,1.00671900,1.00665400,1.00667300,1.00670800,1.00668300,1.00668300,1.00665300,1.00668800
3.382000,1.00672000,1.00665500,1.00667300,1.00670800,1.00668300,1.00668300,1.00665300,1.00668800
3.384000,1.00672000,1.00665500,1.00667400,1.00670800,1.00668300,1.00668300,1.00665300,1.00668800
3.386000,1.00672000,1.00665500,1.00667400,1.00670900,1.00668400,1.00668300,1.00665300,1.00668900
3.388000,1.00672000,1.00665500,1.00667400,1.00670900,1.00668400,1.00668300,1.00665400,1.00668900
3.390000,1.00672100,1.00665500,1.00667400,1.00670900,1.00668400,1.00668400,1.00665400,1.00668900
3.392000,1.00672100,1.00665500,1.00667400,1.00670900,1.00668400,1.00668400,1.00665400,1.00668900
3.394000,1.00672100,1.00665600,1.00667500,1.00670900,1.00668400,1.00668400,1.00665400,1.00668900
3.396000,1.00672100,1.00665600,1.00667500,1.00671000,1.00668500,1.00668400,1.00665400,1.00669000
3.398000,1.00672100,1.00665600,1.00667500,1.00671000,1.00668500,1.00668400,1.00665500,1.00669000
3.400000,1.00672100,1.00665600,1.00667500,1.00671000,1.00668500,1.00668500,1.00665500,1.00669000
3.402000,1.00672200,1.00665600,1.00667500,1.00671000,1.00668500,1.00668500,1.00665500,1.00669000
3.404000,1.00672200,1.00665700,1.00667600,1.00671000,1.00668500,1.00668500,1.00665500,1.00669000
3.406000,1.00672200,1.00665700,1.00667600,1.00671100,1.00668500,1.00668500,1.00665500,1.00669100
3.408000,1.00672200,1.00665700,1.00667600,1.00671100,1.00668600,1.00668500,1.00665600,1.00669100
3.410000,1.00672300,1.00665700,1.00667600,1.00671100,1.00668600,1.00668600,1.00665600,1.00669100
3.412000,1.00672300,1.00665700,1.00667600,1.00671100,1.00668600,1.00668600,1.00665600,1.00669100
3.414000,1.00672300,1.00665800,1.00667700,1.00671100,1.00668600,1.00668600,1.00665600,1.00669100
3.416000,1.00672300,1.00665800,1.00667700,1.00671200,1.00668700,1.00668600,1.00665600,1.00669200
3.418000,1.00672300,1.00665800,1.00667700,1.00671200,1.00668700,1.00668600,1.00665700,1.00669200
3.420000,1.00672400,1.00665800,1.00667700,1.00671200,1.00668700,1.00668700,1.00665700,1.00669200
3.422000,1.00672400,1.00665800,1.00667700,1.00671200,1.00668700,1.00668700,1.00665700,1.00669200
3.424000,1.00672400,1.00665900,1.00667800,1.00671200,1.00668700,1.00668700,1.00665700,1.00669200
3.426000,1.00672400,1.00665900,1.00667800,1.00671300,1.00668800,1.00668700,1.00665700,1.00669300
3.428000,1.00672400,1.00665900,1.00667800,1.00671300,1.00668800,1.00668700,1.00665800,1.00669300
3.430000,1.00672400,1.00665900,1.00667800,1.00671300,1.00668800,1.00668800,1.00665800,1.00669300
3.432000,1.00672500,1.00665900,1.00667800,1.00671300,1.00668800,1.00668800,1.00665800,1.00669300
3.434000,1.00672500,1.00666000,1.00667900,1.00671300,1.00668800,1.00668800,1.00665800,1.00669300
3.436000,1.00672500,1.00666000,1.00667900,1.00671400,1.00668800,1.00668800,1.00665800,1.00669300
3.438000,1.00672500,1.00666000,1.00667900,1.00671400,1.00668900,1.00668800,1.00665900,1.00669400
3.440000,1.00672600,1.00666000,1.00667900,1.00671400,1.00668900,1.00668900,1.00665900,1.00669400
3.442000,1.00672600,1.00666000,1.00667900,1.00671400,1.00668900,1.00668900,1.00665900,1.00669400
3.444000,1.00672600,1.00666000,1.00668000,1.00671400,1.00668900,1.00668900,1.00665900,1.00669400
3.446000,1.00672600,1.00666100,1.00668000,1.00671500,1.00669000,1.00668900,1.00665900,1.00669500
3.448000,1.00672600,1.00666100,1.00668000,1.00671500,1.00669000,1.00668900,1.00666000,1.00669500
3.450000,1.00672700,1.00666100,1.00668000,1.00671500,1.00669000,1.00669000,1.00666000,1.00669500
3.452000,1.00672700,1.00666100,1.00668000,1.00671500,1.00669000,1.00669000,1.00666000,1.00669500
3.454000,1.00672700,1.00666200,1.00668100,1.00671500,1.00669000,1.00669000,1.00666000,1.00669500
3.456000,1.00672700,1.00666200,1.00668100,1.00671600,1.00669100,1.00669000,1.00666000,1.00669600
3.458000,1.00672700,1.00666200,1.00668100,1.00671600,1.00669100,1.00669000,1.00666000,1.00669600
3.460000,1.00672800,1.00666200,1.00668100,1.00671600,1.00669100,1.00669100,1.00666100,1.00669600
3.462000,1.00672800,1.00666200,1.00668100,1.00671600,1.00669100,1.00669100,1.00666100,1.00669600
3.464000,1.00672800,1.00666200,1.00668200,1.00671600,1.00669100,1.00669100,1.00666100,1.00669600
3.466000,1.00672800,1.00666300,1.00668200,1.00671700,1.00669100,1.00669100,1.00666100,1.00669600
3.468000,1.00672800,1.00666300,1.00668200,1.00671700,1.00669200,1.00669100,1.00666100,1.00669700
3.470000,1.00672900,1.00666300,1.00668200,1.00671700,1.00669200,1.00669200,1.00666200,1.00669700
3.472000,1.00672900,1.00666300,1.00668200,1.00671700,1.00669200,1.00669200,1.00666200,1.00669700
3.474000,1.00672900,1.00666300,1.00668300,1.00671700,1.00669200,1.00669200,1.00666200,1.00669700
3.476000,1.00672900,1.00666400,1.00668300,1.00671800,1.00669300,1.00669200,1.00666200,1.00669800
3.478000,1.00672900,1.00666400,1.00668300,1.00671800,1.00669300,1.00669200,1.00666200,1.00669800
3.480000,1.00673000,1.00666400,1.00668300,1.00671800,1.00669300,1.00669300,1.00666300,1.00669800
3.482000,1.00673000,1.00666400,1.00668300,1.00671800,1.00669300,1.00669300,1.00666300,1.00669800
3.483999,1.00673000,1.00666400,1.00668400,1.00671800,1.00669300,1.00669300,1.00666300,1.00669800
3.486000,1.00673000,1.00666500,1.00668400,1.00671900,1.00669300,1.00669300,1.00666300,1.00669800
3.488000,1.00673000,1.00666500,1.00668400,1.00671900,1.00669400,1.00669300,1.00666300,1.00669900
3.490000,1.00673100,1.00666500,1.00668400,1.00671900,1.00669400,1.00669300,1.00666400,1.00669900
3.492000,1.00673100,1.00666500,1.00668400,1.00671900,1.00669400,1.00669400,1.00666400,1.00669900
3.493999,1.00673100,1.00666500,1.00668500,1.00671900,1.00669400,1.00669400,1.00666400,1.00669900
3.496000,1.00673100,1.00666600,1.00668500,1.00672000,1.00669400,1.00669400,1.00666400,1.00669900
3.498000,1.00673100,1.00666600,1.00668500,1.00672000,1.00669500,1.00669400,1.00666400,1.00670000
3.500000,1.00673200,1.00666600,1.00668500,1.00672000,1.00669500,1.00669400,1.00666500,1.00670000
3.502000,1.00673200,1.00666600,1.00668500,1.00672000,1.00669500,1.00669500,1.00666500,1.00670000
3.503999,1.00673200,1.00666600,1.00668500,1.00672000,1.00669500,1.00669500,1.00666500,1.00670000
3.506000,1.00673200,1.00666700,1.00668600,1.00672100,1.00669500,1.00669500,1.00666500,1.00670100
3.508000,1.00673200,1.00666700,1.00668600,1.00672100,1.00669600,1.00669500,1.00666500,1.00670100
3.510000,1.00673300,1.00666700,1.00668600,1.00672100,1.00669600,1.00669600,1.00666600,1.00670100
3.512000,1.00673300,1.00666700,1.00668600,1.00672100,1.00669600,1.00669600,1.00666600,1.00670100
3.514000,1.00673300,1.00666700,1.00668700,1.00672100,1.00669600,1.00669600,1.00666600,1.00670100
3.516000,1.00673300,1.00666700,1.00668700,1.00672200,1.00669600,1.00669600,1.00666600,1.00670100
3.518000,1.00673300,1.00666800,1.00668700,1.00672200,1.00669700,1.00669600,1.00666600,1.00670200
3.520000,1.00673400,1.00666800,1.00668700,1.00672200,1.00669700,1.00669600,1.00666700,1.00670200
3.522000,1.00673400,1.00666800,1.00668700,1.00672200,1.00669700,1.00669700,1.00666700,1.00670200
3.524000,1.00673400,1.00666800,1.00668800,1.00672200,1.00669700,1.00669700,1.00666700,1.00670200
3.526000,1.00673400,1.00666900,1.00668800,1.00672300,1.00669700,1.00669700,1.00666700,1.00670200
3.528000,1.00673400,1.00666900,1.00668800,1.00672300,1.00669800,1.00669700,1.00666700,1.00670300
3.530000,1.00673500,1.00666900,1.00668800,1.00672300,1.00669800,1.00669700,1.00666800,1.00670300
3.532000,1.00673500,1.00666900,1.00668800,1.00672300,1.00669800,1.00669800,1.00666800,1.00670300
3.534000,1.00673500,1.00666900,1.00668800,1.00672300,1.00669800,1.00669800,1.00666800,1.00670300
3.536000,1.00673500,1.00667000,1.00668900,1.00672400,1.00669800,1.00669800,1.00666800,1.00670300
3.538000,1.00673500,1.00667000,1.00668900,1.00672400,1.00669900,1.00669800,1.00666800,1.00670400
3.540000,1.00673600,1.00667000,1.00668900,1.00672400,1.00669900,1.00669800,1.00666900,1.00670400
3.542000,1.00673600,1.00667000,1.00668900,1.00672400,1.00669900,1.00669900,1.00666900,1.00670400
3.544000,1.00673600,1.00667000,1.00669000,1.00672400,1.00669900,1.00669900,1.00666900,1.00670400
3.546000,1.00673600,1.00667000,1.00669000,1.00672500,1.00669900,1.00669900,1.00666900,1.00670400
3.548000,1.00673600,1.00667100,1.00669000,1.00672500,1.00670000,1.00669900,1.00666900,1.00670500
3.550000,1.00673700,1.00667100,1.00669000,1.00672500,1.00670000,1.00669900,1.00667000,1.00670500
3.552000,1.00673700,1.00667100,1.00669000,1.00672500,1.00670000,1.00670000,1.00667000,1.00670500
3.554000,1.00673700,1.00667100,1.00669100,1.00672500,1.00670000,1.00670000,1.00667000,1.00670500
3.556000,1.00673700,1.00667100,1.00669100,1.00672600,1.00670000,1.00670000,1.00667000,1.00670500
3.558000,1.00673700,1.00667200,1.00669100,1.00672600,1.00670100,1.00670000,1.00667000,1.00670600
3.560000,1.00673800,1.00667200,1.00669100,1.00672600,1.00670100,1.00670000,1.00667000,1.00670600
3.562000,1.00673800,1.00667200,1.00669100,1.00672600,1.00670100,1.00670100,1.00667100,1.00670600
3.564000,1.00673800,1.00667200,1.00669100,1.00672600,1.00670100,1.00670100,1.00667100,1.00670600
3.566000,1.00673800,1.00667200,1.00669200,1.00672700,1.00670100,1.00670100,1.00667100,1.00670600
3.568000,1.00673800,1.00667300,1.00669200,1.00672700,1.00670200,1.00670100,1.00667100,1.00670700
3.570000,1.00673900,1.00667300,1.00669200,1.00672700,1.00670200,1.00670100,1.00667200,1.00670700
3.572000,1.00673900,1.00667300,1.00669200,1.00672700,1.00670200,1.00670200,1.00667200,1.00670700
3.574000,1.00673900,1.00667300,1.00669300,1.00672700,1.00670200,1.00670200,1.00667200,1.00670700
3.576000,1.00673900,1.00667300,1.00669300,1.00672800,1.00670200,1.00670200,1.00667200,1.00670700
3.578000,1.00673900,1.00667400,1.00669300,1.00672800,1.00670300,1.00670200,1.00667200,1.00670800
3.580000,1.00674000,1.00667400,1.00669300,1.00672800,1.00670300,1.00670200,1.00667300,1.00670800
3.582000,1.00674000,1.00667400,1.00669300,1.00672800,1.00670300,1.00670300,1.00667300,1.00670800
3.584000,1.00674000,1.00667400,1.00669300,1.00672800,1.00670300,1.00670300,1.00667300,1.00670800
3.586000,1.00674000,1.00667400,1.00669400,1.00672900,1.00670300,1.00670300,1.00667300,1.00670800
3.588000,1.00674000,1.00667500,1.00669400,1.00672900,1.00670400,1.00670300,1.00667300,1.00670900
3.590000,1.00674100,1.00667500,1.00669400,1.00672900,1.00670400,1.00670300,1.00667300,1.00670900
3.592000,1.00674100,1.00667500,1.00669400,1.00672900,1.00670400,1.00670400,1.00667400,1.00670900
3.594000,1.00674100,1.00667500,1.00669400,1.00672900,1.00670400,1.00670400,1.00667400,1.00670900
3.596000,1.00674100,1.00667500,1.00669500,1.00673000,1.00670400,1.00670400,1.00667400,1.00670900
3.598000,1.00674100,1.00667600,1.00669500,1.00673000,1.00670500,1.00670400,1.00667400,1.00671000
3.600000,1.00674200,1.00667600,1.00669500,1.00673000,1.00670500,1.00670400,1.00667400,1.00671000
3.602000,1.00674200,1.00667600,1.00669500,1.00673000,1.00670500,1.00670500,1.00667500,1.00671000
3.604000,1.00674200,1.00667600,1.00669600,1.00673000,1.00670500,1.00670500,1.00667500,1.00671000
3.605999,1.00674200,1.00667600,1.00669600,1.00673100,1.00670500,1.00670500,1.00667500,1.00671000
3.608000,1.00674200,1.00667700,1.00669600,1.00673100,1.00670600,1.00670500,1.00667500,1.00671100
3.610000,1.00674300,1.00667700,1.00669600,1.00673100,1.00670600,1.00670500,1.00667500,1.00671100
3.612000,1.00674300,1.00667700,1.00669600,1.00673100,1.00670600,1.00670600,1.00667600,1.00671100
3.614000,1.00674300,1.00667700,1.00669600,1.00673100,1.00670600,1.00670600,1.00667600,1.00671100
3.615999,1.00674300,1.00667700,1.00669700,1.00673200,1.00670600,1.00670600,1.00667600,1.00671100
3.618000,1.00674300,1.00667800,1.00669700,1.00673200,1.00670700,1.00670600,1.00667600,1.00671200
3.620000,1.00674400,1.00667800,1.00669700,1.00673200,1.00670700,1.00670600,1.00667600,1.00671200
3.622000,1.00674400,1.00667800,1.00669700,1.00673200,1.00670700,1.00670700,1.00667700,1.00671200
3.624000,1.00674400,1.00667800,1.00669800,1.00673200,1.00670700,1.00670700,1.00667700,1.00671200
3.625999,1.00674400,1.00667800,1.00669800,1.00673300,1.00670700,1.00670700,1.00667700,1.00671200
3.628000,1.00674500,1.00667900,1.00669800,1.00673300,1.00670800,1.00670700,1.00667700,1.00671300
3.630000,1.00674500,1.00667900,1.00669800,1.00673300,1.00670800,1.00670700,1.00667700,1.00671300
3.632000,1.00674500,1.00667900,1.00669800,1.00673300,1.00670800,1.00670800,1.00667800,1.00671300
3.634000,1.00674500,1.00667900,1.00669800,1.00673300,1.00670800,1.00670800,1.00667800,1.00671300
3.636000,1.00674500,1.00667900,1.00669900,1.00673400,1.00670800,1.00670800,1.00667800,1.00671300
3.638000,1.00674500,1.00668000,1.00669900,1.00673400,1.00670900,1.00670800,1.00667800,1.00671400
3.640000,1.00674600,1.00668000,1.00669900,1.00673400,1.00670900,1.00670800,1.00667800,1.00671400
3.642000,1.00674600,1.00668000,1.00669900,1.00673400,1.00670900,1.00670900,1.00667900,1.00671400
3.644000,1.00674600,1.00668000,1.00669900,1.00673400,1.00670900,1.00670900,1.00667900,1.00671400
3.646000,1.00674600,1.00668000,1.00670000,1.00673500,1.00670900,1.00670900,1.00667900,1.00671400
3.648000,1.00674700,1.00668000,1.00670000,1.00673500,1.00671000,1.00670900,1.00667900,1.00671500
3.650000,1.00674700,1.00668100,1.00670000,1.00673500,1.00671000,1.00670900,1.00667900,1.00671500
3.652000,1.00674700,1.00668100,1.00670000,1.00673500,1.00671000,1.00671000,1.00668000,1.00671500
3.654000,1.00674700,1.00668100,1.00670100,1.00673500,1.00671000,1.00671000,1.00668000,1.00671500
3.656000,1.00674700,1.00668100,1.00670100,1.00673600,1.00671000,1.00671000,1.00668000,1.00671500
3.658000,1.00674700,1.00668100,1.00670100,1.00673600,1.00671100,1.00671000,1.00668000,1.00671600
3.660000,1.00674800,1.00668200,1.00670100,1.00673600,1.00671100,1.00671000,1.00668000,1.00671600
3.662000,1.00674800,1.00668200,1.00670100,1.00673600,1.00671100,1.00671100,1.00668100,1.00671600
3.664000,1.00674800,1.00668200,1.00670100,1.00673600,1.00671100,1.00671100,1.00668100,1.00671600
3.666000,1.00674800,1.00668200,1.00670200,1.00673700,1.00671100,1.00671100,1.00668100,1.00671600
3.668000,1.00674900,1.00668200,1.00670200,1.00673700,1.00671200,1.00671100,1.00668100,1.00671700
3.670000,1.00674900,1.00668300,1.00670200,1.00673700,1.00671200,1.00671100,1.00668100,1.00671700
3.672000,1.00674900,1.00668300,1.00670200,1.00673700,1.00671200,1.00671200,1.00668200,1.00671700
3.674000,1.00674900,1.00668300,1.00670200,1.00673700,1.00671200,1.00671200,1.00668200,1.00671700
3.676000,1.00674900,1.00668300,1.00670300,1.00673800,1.00671200,1.00671200,1.00668200,1.00671700
3.678000,1.00675000,1.00668300,1.00670300,1.00673800,1.00671300,1.00671200,1.00668200,1.00671800
3.680000,1.00675000,1.00668400,1.00670300,1.00673800,1.00671300,1.00671200,1.00668200,1.00671800
3.682000,1.00675000,1.00668400,1.00670300,1.00673800,1.00671300,1.00671300,1.00668300,1.00671800
3.684000,1.00675000,1.00668400,1.00670300,1.00673800,1.00671300,1.00671300,1.00668300,1.00671800
3.686000,1.00675000,1.00668400,1.00670400,1.00673900,1.00671300,1.00671300,1.00668300,1.00671800
3.688000,1.00675100,1.00668400,1.00670400,1.00673900,1.00671400,1.00671300,1.00668300,1.00671900
3.690000,1.00675100,1.00668500,1.00670400,1.00673900,1.00671400,1.00671300,1.00668300,1.00671900
3.692000,1.00675100,1.00668500,1.00670400,1.00673900,1.00671400,1.00671400,1.00668400,1.00671900
3.694000,1.00675100,1.00668500,1.00670400,1.00673900,1.00671400,1.00671400,1.00668400,1.00671900
3.696000,1.00675100,1.00668500,1.00670500,1.00674000,1.00671400,1.00671400,1.00668400,1.00671900
3.698000,1.00675200,1.00668500,1.00670500,1.00674000,1.00671500,1.00671400,1.00668400,1.00672000
3.700000,1.00675200,1.00668600,1.00670500,1.00674000,1.00671500,1.00671400,1.00668400,1.00672000
3.702000,1.00675200,1.00668600,1.00670500,1.00674000,1.00671500,1.00671500,1.00668500,1.00672000
3.704000,1.00675200,1.00668600,1.00670600,1.00674000,1.00671500,1.00671500,1.00668500,1.00672000
3.706000,1.00675200,1.00668600,1.00670600,1.00674100,1.00671500,1.00671500,1.00668500,1.00672000
3.708000,1.00675300,1.00668600,1.00670600,1.00674100,1.00671600,1.00671500,1.00668500,1.00672100
3.710000,1.00675300,1.00668700,1.00670600,1.00674100,1.00671600,1.00671500,1.00668500,1.00672100
3.712000,1.00675300,1.00668700,1.00670600,1.00674100,1.00671600,1.00671600,1.00668500,1.00672100
3.714000,1.00675300,1.00668700,1.00670600,1.00674100,1.00671600,1.00671600,1.00668600,1.00672100
3.716000,1.00675300,1.00668700,1.00670700,1.00674200,1.00671600,1.00671600,1.00668600,1.00672100
3.717999,1.00675400,1.00668700,1.00670700,1.00674200,1.00671700,1.00671600,1.00668600,1.00672200
3.720000,1.00675400,1.00668800,1.00670700,1.00674200,1.00671700,1.00671600,1.00668600,1.00672200
3.722000,1.00675400,1.00668800,1.00670700,1.00674200,1.00671700,1.00671700,1.00668700,1.00672200
3.724000,1.00675400,1.00668800,1.00670700,1.00674200,1.00671700,1.00671700,1.00668700,1.00672200
3.726000,1.00675400,1.00668800,1.00670800,1.00674300,1.00671700,1.00671700,1.00668700,1.00672200
3.727999,1.00675500,1.00668800,1.00670800,1.00674300,1.00671800,1.00671700,1.00668700,1.00672300
3.730000,1.00675500,1.00668900,1.00670800,1.00674300,1.00671800,1.00671700,1.00668700,1.00672300
3.732000,1.00675500,1.00668900,1.00670800,1.00674300,1.00671800,1.00671800,1.00668800,1.00672300
3.734000,1.00675500,1.00668900,1.00670900,1.00674300,1.00671800,1.00671800,1.00668800,1.00672300
3.736000,1.00675500,1.00668900,1.00670900,1.00674400,1.00671800,1.00671800,1.00668800,1.00672300
3.737999,1.00675600,1.00668900,1.00670900,1.00674400,1.00671900,1.00671800,1.00668800,1.00672400
3.740000,1.00675600,1.00669000,1.00670900,1.00674400,1.00671900,1.00671800,1.00668800,1.00672400
3.742000,1.00675600,1.00669000,1.00670900,1.00674400,1.00671900,1.00671900,1.00668800,1.00672400
3.744000,1.00675600,1.00669000,1.00670900,1.00674500,1.00671900,1.00671900,1.00668900,1.00672400
3.746000,1.00675600,1.00669000,1.00671000,1.00674500,1.00671900,1.00671900,1.00668900,1.00672400
3.748000,1.00675700,1.00669000,1.00671000,1.00674500,1.00672000,1.00671900,1.00668900,1.00672500
3.750000,1.00675700,1.00669100,1.00671000,1.00674500,1.00672000,1.00671900,1.00668900,1.00672500
3.752000,1.00675700,1.00669100,1.00671000,1.00674500,1.00672000,1.00672000,1.00669000,1.00672500
3.754000,1.00675700,1.00669100,1.00671100,1.00674500,1.00672000,1.00672000,1.00669000,1.00672500
3.756000,1.00675700,1.00669100,1.00671100,1.00674600,1.00672000,1.00672000,1.00669000,1.00672500
3.758000,1.00675800,1.00669100,1.00671100,1.00674600,1.00672100,1.00672000,1.00669000,1.00672600
3.760000,1.00675800,1.00669100,1.00671100,1.00674600,1.00672100,1.00672000,1.00669000,1.00672600
3.762000,1.00675800,1.00669200,1.00671100,1.00674600,1.00672100,1.00672100,1.00669100,1.00672600
3.764000,1.00675800,1.00669200,1.00671100,1.00674700,1.00672100,1.00672100,1.00669100,1.00672600
3.766000,1.00675800,1.00669200,1.00671200,1.00674700,1.00672100,1.00672100,1.00669100,1.00672600
3.768000,1.00675900,1.00669200,1.00671200,1.00674700,1.00672200,1.00672100,1.00669100,1.00672700
3.770000,1.00675900,1.00669300,1.00671200,1.00674700,1.00672200,1.00672100,1.00669100,1.00672700
3.772000,1.00675900,1.00669300,1.00671200,1.00674700,1.00672200,1.00672200,1.00669100,1.00672700
3.774000,1.00675900,1.00669300,1.00671200,1.00674700,1.00672200,1.00672200,1.00669200,1.00672700
3.776000,1.00675900,1.00669300,1.00671300,1.00674800,1.00672200,1.00672200,1.00669200,1.00672700
3.778000,1.00676000,1.00669300,1.00671300,1.00674800,1.00672300,1.00672200,1.00669200,1.00672800
3.780000,1.00676000,1.00669300,1.00671300,1.00674800,1.00672300,1.00672200,1.00669200,1.00672800
3.782000,1.00676000,1.00669400,1.00671300,1.00674800,1.00672300,1.00672300,1.00669300,1.00672800
3.784000,1.00676000,1.00669400,1.00671400,1.00674900,1.00672300,1.00672300,1.00669300,1.00672800
3.786000,1.00676000,1.00669400,1.00671400,1.00674900,1.00672300,1.00672300,1.00669300,1.00672800
3.788000,1.00676100,1.00669400,1.00671400,1.00674900,1.00672400,1.00672300,1.00669300,1.00672900
3.790000,1.00676100,1.00669400,1.00671400,1.00674900,1.00672400,1.00672300,1.00669300,1.00672900
3.792000,1.00676100,1.00669500,1.00671400,1.00674900,1.00672400,1.00672400,1.00669300,1.00672900
3.794000,1.00676100,1.00669500,1.00671400,1.00675000,1.00672400,1.00672400,1.00669400,1.00672900
3.796000,1.00676200,1.00669500,1.00671500,1.00675000,1.00672400,1.00672400,1.00669400,1.00672900
3.798000,1.00676200,1.00669500,1.00671500,1.00675000,1.00672500,1.00672400,1.00669400,1.00673000
3.800000,1.00676200,1.00669600,1.00671500,1.00675000,1.00672500,1.00672400,1.00669400,1.00673000
3.802000,1.00676200,1.00669600,1.00671500,1.00675000,1.00672500,1.00672500,1.00669400,1.00673000
3.804000,1.00676200,1.00669600,1.00671600,1.00675000,1.00672500,1.00672500,1.00669500,1.00673000
3.806000,1.00676300,1.00669600,1.00671600,1.00675100,1.00672500,1.00672500,1.00669500,1.00673000
3.808000,1.00676300,1.00669600,1.00671600,1.00675100,1.00672600,1.00672500,1.00669500,1.00673100
3.810000,1.00676300,1.00669600,1.00671600,1.00675100,1.00672600,1.00672500,1.00669500,1.00673100
3.812000,1.00676300,1.00669700,1.00671600,1.00675100,1.00672600,1.00672600,1.00669500,1.00673100
3.814000,1.00676300,1.00669700,1.00671600,1.00675200,1.00672600,1.00672600,1.00669600,1.00673100
3.816000,1.00676400,1.00669700,1.00671700,1.00675200,1.00672600,1.00672600,1.00669600,1.00673100
3.818000,1.00676400,1.00669700,1.00671700,1.00675200,1.00672700,1.00672600,1.00669600,1.00673200
3.820000,1.00676400,1.00669700,1.00671700,1.00675200,1.00672700,1.00672600,1.00669600,1.00673200
3.822000,1.00676400,1.00669800,1.00671700,1.00675200,1.00672700,1.00672700,1.00669600,1.00673200
3.824000,1.00676400,1.00669800,1.00671700,1.00675200,1.00672700,1.00672700,1.00669700,1.00673200
3.826000,1.00676500,1.00669800,1.00671800,1.00675300,1.00672700,1.00672700,1.00669700,1.00673200
3.828000,1.00676500,1.00669800,1.00671800,1.00675300,1.00672800,1.00672700,1.00669700,1.00673300
3.830000,1.00676500,1.00669800,1.00671800,1.00675300,1.00672800,1.00672700,1.00669700,1.00673300
3.832000,1.00676500,1.00669900,1.00671800,1.00675300,1.00672800,1.00672800,1.00669700,1.00673300
3.834000,1.00676500,1.00669900,1.00671900,1.00675400,1.00672800,1.00672800,1.00669800,1.00673300
3.836000,1.00676600,1.00669900,1.00671900,1.00675400,1.00672800,1.00672800,1.00669800,1.00673300
3.838000,1.00676600,1.00669900,1.00671900,1.00675400,1.00672900,1.00672800,1.00669800,1.00673400
3.839999,1.00676600,1.00669900,1.00671900,1.00675400,1.00672900,1.00672800,1.00669800,1.00673400
3.842000,1.00676600,1.00670000,1.00671900,1.00675400,1.00672900,1.00672900,1.00669800,1.00673400
3.844000,1.00676600,1.00670000,1.00671900,1.00675500,1.00672900,1.00672900,1.00669900,1.00673400
3.846000,1.00676700,1.00670000,1.00672000,1.00675500,1.00672900,1.00672900,1.00669900,1.00673400
3.848000,1.00676700,1.00670000,1.00672000,1.00675500,1.00673000,1.00672900,1.00669900,1.00673500
3.849999,1.00676700,1.00670000,1.00672000,1.00675500,1.00673000,1.00672900,1.00669900,1.00673500
3.852000,1.00676700,1.00670100,1.00672000,1.00675500,1.00673000,1.00673000,1.00669900,1.00673500
3.854000,1.00676700,1.00670100,1.00672100,1.00675600,1.00673000,1.00673000,1.00670000,1.00673500
3.856000,1.00676800,1.00670100,1.00672100,1.00675600,1.00673000,1.00673000,1.00670000,1.00673500
3.858000,1.00676800,1.00670100,1.00672100,1.00675600,1.00673100,1.00673000,1.00670000,1.00673600
3.860000,1.00676800,1.00670100,1.00672100,1.00675600,1.00673100,1.00673000,1.00670000,1.00673600
3.862000,1.00676800,1.00670200,1.00672100,1.00675600,1.00673100,1.00673100,1.00670000,1.00673600
3.864000,1.00676800,1.00670200,1.00672100,1.00675700,1.00673100,1.00673100,1.00670100,1.00673600
3.866000,1.00676900,1.00670200,1.00672200,1.00675700,1.00673100,1.00673100,1.00670100,1.00673600
3.868000,1.00676900,1.00670200,1.00672200,1.00675700,1.00673200,1.00673100,1.00670100,1.00673700
3.870000,1.00676900,1.00670200,1.00672200,1.00675700,1.00673200,1.00673100,1.00670100,1.00673700
3.872000,1.00676900,1.00670300,1.00672200,1.00675700,1.00673200,1.00673200,1.00670100,1.00673700
3.874000,1.00676900,1.00670300,1.00672300,1.00675800,1.00673200,1.00673200,1.00670200,1.00673700
3.876000,1.00677000,1.00670300,1.00672300,1.00675800,1.00673200,1.00673200,1.00670200,1.00673700
3.878000,1.00677000,1.00670300,1.00672300,1.00675800,1.00673300,1.00673200,1.00670200,1.00673800
3.880000,1.00677000,1.00670300,1.00672300,1.00675800,1.00673300,1.00673200,1.00670200,1.00673800
3.882000,1.00677000,1.00670400,1.00672300,1.00675800,1.00673300,1.00673300,1.00670200,1.00673800
3.884000,1.00677000,1.00670400,1.00672400,1.00675900,1.00673300,1.00673300,1.00670300,1.00673800
3.886000,1.00677100,1.00670400,1.00672400,1.00675900,1.00673300,1.00673300,1.00670300,1.00673800
3.888000,1.00677100,1.00670400,1.00672400,1.00675900,1.00673400,1.00673300,1.00670300,1.00673900
3.890000,1.00677100,1.00670400,1.00672400,1.00675900,1.00673400,1.00673300,1.00670300,1.00673900
3.892000,1.00677100,1.00670500,1.00672400,1.00675900,1.00673400,1.00673400,1.00670300,1.00673900
3.894000,1.00677100,1.00670500,1.00672400,1.00676000,1.00673400,1.00673400,1.00670400,1.00673900
3.896000,1.00677200,1.00670500,1.00672500,1.00676000,1.00673400,1.00673400,1.00670400,1.00673900
3.898000,1.00677200,1.00670500,1.00672500,1.00676000,1.00673500,1.00673400,1.00670400,1.00674000
3.900000,1.00677200,1.00670500,1.00672500,1.00676000,1.00673500,1.00673400,1.00670400,1.00674000
3.902000,1.00677200,1.00670600,1.00672500,1.00676000,1.00673500,1.00673500,1.00670400,1.00674000
3.904000,1.00677300,1.00670600,1.00672600,1.00676100,1.00673500,1.00673500,1.00670500,1.00674000
3.906000,1.00677300,1.00670600,1.00672600,1.00676100,1.00673500,1.00673500,1.00670500,1.00674000
3.908000,1.00677300,1.00670600,1.00672600,1.00676100,1.00673600,1.00673500,1.00670500,1.00674100
3.910000,1.00677300,1.00670600,1.00672600,1.00676100,1.00673600,1.00673500,1.00670500,1.00674100
3.912000,1.00677300,1.00670600,1.00672600,1.00676100,1.00673600,1.00673600,1.00670500,1.00674100
3.914000,1.00677300,1.00670700,1.00672700,1.00676200,1.00673600,1.00673600,1.00670600,1.00674100
3.916000,1.00677400,1.00670700,1.00672700,1.00676200,1.00673600,1.00673600,1.00670600,1.00674100
3.918000,1.00677400,1.00670700,1.00672700,1.00676200,1.00673700,1.00673600,1.00670600,1.00674200
3.920000,1.00677400,1.00670700,1.00672700,1.00676200,1.00673700,1.00673600,1.00670600,1.00674200
3.922000,1.00677400,1.00670800,1.00672700,1.00676200,1.00673700,1.00673700,1.00670600,1.00674200
3.924000,1.00677500,1.00670800,1.00672800,1.00676300,1.00673700,1.00673700,1.00670700,1.00674200
3.926000,1.00677500,1.00670800,1.00672800,1.00676300,1.00673700,1.00673700,1.00670700,1.00674200
3.928000,1.00677500,1.00670800,1.00672800,1.00676300,1.00673800,1.00673700,1.00670700,1.00674300
3.930000,1.00677500,1.00670800,1.00672800,1.00676300,1.00673800,1.00673700,1.00670700,1.00674300
3.932000,1.00677500,1.00670900,1.00672800,1.00676300,1.00673800,1.00673800,1.00670700,1.00674300
3.934000,1.00677500,1.00670900,1.00672900,1.00676400,1.00673800,1.00673800,1.00670800,1.00674300
3.936000,1.00677600,1.00670900,1.00672900,1.00676400,1.00673800,1.00673800,1.00670800,1.00674300
3.938000,1.00677600,1.00670900,1.00672900,1.00676400,1.00673900,1.00673800,1.00670800,1.00674400
3.940000,1.00677600,1.00670900,1.00672900,1.00676400,1.00673900,1.00673800,1.00670800,1.00674400
3.942000,1.00677600,1.00670900,1.00672900,1.00676400,1.00673900,1.00673900,1.00670800,1.00674400
3.944000,1.00677700,1.00671000,1.00673000,1.00676500,1.00673900,1.00673900,1.00670900,1.00674400
3.946000,1.00677700,1.00671000,1.00673000,1.00676500,1.00673900,1.00673900,1.00670900,1.00674500
3.948000,1.00677700,1.00671000,1.00673000,1.00676500,1.00674000,1.00673900,1.00670900,1.00674500
3.950000,1.00677700,1.00671000,1.00673000,1.00676500,1.00674000,1.00673900,1.00670900,1.00674500
3.951999,1.00677700,1.00671100,1.00673000,1.00676500,1.00674000,1.00674000,1.00670900,1.00674500
3.954000,1.00677800,1.00671100,1.00673100,1.00676600,1.00674000,1.00674000,1.00671000,1.00674500
3.956000,1.00677800,1.00671100,1.00673100,1.00676600,1.00674000,1.00674000,1.00671000,1.00674500
3.958000,1.00677800,1.00671100,1.00673100,1.00676600,1.00674100,1.00674000,1.00671000,1.00674600
3.960000,1.00677800,1.00671100,1.00673100,1.00676600,1.00674100,1.00674000,1.00671000,1.00674600
3.961999,1.00677800,1.00671100,1.00673100,1.00676600,1.00674100,1.00674100,1.00671000,1.00674600
3.964000,1.00677900,1.00671200,1.00673200,1.00676700,1.00674100,1.00674100,1.00671100,1.00674600
3.966000,1.00677900,1.00671200,1.00673200,1.00676700,1.00674100,1.00674100,1.00671100,1.00674600
3.968000,1.00677900,1.00671200,1.00673200,1.00676700,1.00674200,1.00674100,1.00671100,1.00674700
3.970000,1.00677900,1.00671200,1.00673200,1.00676700,1.00674200,1.00674100,1.00671100,1.00674700
3.972000,1.00677900,1.00671200,1.00673200,1.00676800,1.00674200,1.00674200,1.00671100,1.00674700
3.974000,1.00678000,1.00671300,1.00673300,1.00676800,1.00674200,1.00674200,1.00671200,1.00674700
3.976000,1.00678000,1.00671300,1.00673300,1.00676800,1.00674200,1.00674200,1.00671200,1.00674700
3.978000,1.00678000,1.00671300,1.00673300,1.00676800,1.00674300,1.00674200,1.00671200,1.00674800
3.980000,1.00678000,1.00671300,1.00673300,1.00676800,1.00674300,1.00674200,1.00671200,1.00674800
3.982000,1.00678000,1.00671400,1.00673300,1.00676800,1.00674300,1.00674300,1.00671200,1.00674800
3.984000,1.00678100,1.00671400,1.00673400,1.00676900,1.00674300,1.00674300,1.00671300,1.00674800
3.986000,1.00678100,1.00671400,1.00673400,1.00676900,1.00674300,1.00674300,1.00671300,1.00674800
3.988000,1.00678100,1.00671400,1.00673400,1.00676900,1.00674400,1.00674300,1.00671300,1.00674900
3.990000,1.00678100,1.00671400,1.00673400,1.00676900,1.00674400,1.00674300,1.00671300,1.00674900
3.992000,1.00678100,1.00671400,1.00673400,1.00677000,1.00674400,1.00674400,1.00671300,1.00674900
3.994000,1.00678200,1.00671500,1.00673500,1.00677000,1.00674400,1.00674400,1.00671400,1.00674900
3.996000,1.00678200,1.00671500,1.00673500,1.00677000,1.00674500,1.00674400,1.00671400,1.00675000
3.998000,1.00678200,1.00671500,1.00673500,1.00677000,1.00674500,1.00674400,1.00671400,1.00675000
4.000000,1.00678200,1.00671500,1.00673500,1.00677000,1.00674500,1.00674400,1.00671400,1.00675000
4.002000,1.00678300,1.00671500,1.00673500,1.00677000,1.00674500,1.00674500,1.00671400,1.00675000
4.004000,1.00678300,1.00671600,1.00673600,1.00677100,1.00674500,1.00674500,1.00671500,1.00675000
4.006000,1.00678300,1.00671600,1.00673600,1.00677100,1.00674500,1.00674500,1.00671500,1.00675000
4.008000,1.00678300,1.00671600,1.00673600,1.00677100,1.00674600,1.00674500,1.00671500,1.00675100
4.010000,1.00678300,1.00671600,1.00673600,1.00677100,1.00674600,1.00674500,1.00671500,1.00675100
4.012000,1.00678300,1.00671600,1.00673600,1.00677200,1.00674600,1.00674600,1.00671500,1.00675100
4.013999,1.00678400,1.00671700,1.00673700,1.00677200,1.00674600,1.00674600,1.00671600,1.00675100
4.016000,1.00678400,1.00671700,1.00673700,1.00677200,1.00674700,1.00674600,1.00671600,1.00675200
4.018000,1.00678400,1.00671700,1.00673700,1.00677200,1.00674700,1.00674600,1.00671600,1.00675200
4.020000,1.00678400,1.00671700,1.00673700,1.00677200,1.00674700,1.00674600,1.00671600,1.00675200
4.022000,1.00678500,1.00671700,1.00673700,1.00677300,1.00674700,1.00674700,1.00671600,1.00675200
4.024000,1.00678500,1.00671800,1.00673800,1.00677300,1.00674700,1.00674700,1.00671700,1.00675200
4.026000,1.00678500,1.00671800,1.00673800,1.00677300,1.00674700,1.00674700,1.00671700,1.00675200
4.028000,1.00678500,1.00671800,1.00673800,1.00677300,1.00674800,1.00674700,1.00671700,1.00675300
4.030000,1.00678500,1.00671800,1.00673800,1.00677300,1.00674800,1.00674700,1.00671700,1.00675300
4.032000,1.00678600,1.00671800,1.00673800,1.00677400,1.00674800,1.00674800,1.00671700,1.00675300
4.033999,1.00678600,1.00671900,1.00673900,1.00677400,1.00674800,1.00674800,1.00671800,1.00675300
4.036000,1.00678600,1.00671900,1.00673900,1.00677400,1.00674800,1.00674800,1.00671800,1.00675400
4.038000,1.00678600,1.00671900,1.00673900,1.00677400,1.00674900,1.00674800,1.00671800,1.00675400
4.040000,1.00678600,1.00671900,1.00673900,1.00677400,1.00674900,1.00674800,1.00671800,1.00675400
4.042000,1.00678700,1.00671900,1.00673900,1.00677500,1.00674900,1.00674900,1.00671800,1.00675400
4.044000,1.00678700,1.00672000,1.00674000,1.00677500,1.00674900,1.00674900,1.00671900,1.00675400
4.046000,1.00678700,1.00672000,1.00674000,1.00677500,1.00675000,1.00674900,1.00671900,1.00675500
4.048000,1.00678700,1.00672000,1.00674000,1.00677500,1.00675000,1.00674900,1.00671900,1.00675500
4.050000,1.00678700,1.00672000,1.00674000,1.00677500,1.00675000,1.00675000,1.00671900,1.00675500
4.052000,1.00678800,1.00672000,1.00674000,1.00677600,1.00675000,1.00675000,1.00671900,1.00675500
4.053999,1.00678800,1.00672100,1.00674100,1.00677600,1.00675000,1.00675000,1.00672000,1.00675500
4.056000,1.00678800,1.00672100,1.00674100,1.00677600,1.00675000,1.00675000,1.00672000,1.00675600
4.058000,1.00678800,1.00672100,1.00674100,1.00677600,1.00675100,1.00675000,1.00672000,1.00675600
4.060000,1.00678800,1.00672100,1.00674100,1.00677600,1.00675100,1.00675000,1.00672000,1.00675600
4.062000,1.00678900,1.00672100,1.00674200,1.00677700,1.00675100,1.00675100,1.00672000,1.00675600
4.064000,1.00678900,1.00672200,1.00674200,1.00677700,1.00675100,1.00675100,1.00672100,1.00675600
4.066000,1.00678900,1.00672200,1.00674200,1.00677700,1.00675200,1.00675100,1.00672100,1.00675700
4.068000,1.00678900,1.00672200,1.00674200,1.00677700,1.00675200,1.00675100,1.00672100,1.00675700
4.070000,1.00678900,1.00672200,1.00674200,1.00677700,1.00675200,1.00675100,1.00672100,1.00675700
4.072000,1.00679000,1.00672200,1.00674200,1.00677800,1.00675200,1.00675200,1.00672100,1.00675700
4.073999,1.00679000,1.00672300,1.00674300,1.00677800,1.00675200,1.00675200,1.00672100,1.00675700
4.076000,1.00679000,1.00672300,1.00674300,1.00677800,1.00675200,1.00675200,1.00672200,1.00675800
4.078000,1.00679000,1.00672300,1.00674300,1.00677800,1.00675300,1.00675200,1.00672200,1.00675800
4.080000,1.00679100,1.00672300,1.00674300,1.00677800,1.00675300,1.00675200,1.00672200,1.00675800
4.082000,1.00679100,1.00672300,1.00674400,1.00677900,1.00675300,1.00675300,1.00672200,1.00675800
4.084000,1.00679100,1.00672400,1.00674400,1.00677900,1.00675300,1.00675300,1.00672300,1.00675800
4.085999,1.00679100,1.00672400,1.00674400,1.00677900,1.00675400,1.00675300,1.00672300,1.00675900
4.087999,1.00679100,1.00672400,1.00674400,1.00677900,1.00675400,1.00675300,1.00672300,1.00675900
4.090000,1.00679100,1.00672400,1.00674400,1.00677900,1.00675400,1.00675300,1.00672300,1.00675900
4.092000,1.00679200,1.00672400,1.00674500,1.00678000,1.00675400,1.00675400,1.00672300,1.00675900
4.094000,1.00679200,1.00672500,1.00674500,1.00678000,1.00675400,1.00675400,1.00672400,1.00675900
4.096000,1.00679200,1.00672500,1.00674500,1.00678000,1.00675500,1.00675400,1.00672400,1.00676000
4.098000,1.00679200,1.00672500,1.00674500,1.00678000,1.00675500,1.00675400,1.00672400,1.00676000
4.100000,1.00679300,1.00672500,1.00674500,1.00678100,1.00675500,1.00675500,1.00672400,1.00676000
4.102000,1.00679300,1.00672500,1.00674500,1.00678100,1.00675500,1.00675500,1.00672400,1.00676000
4.104000,1.00679300,1.00672600,1.00674600,1.00678100,1.00675500,1.00675500,1.00672500,1.00676000
4.105999,1.00679300,1.00672600,1.00674600,1.00678100,1.00675600,1.00675500,1.00672500,1.00676100
4.107999,1.00679300,1.00672600,1.00674600,1.00678100,1.00675600,1.00675500,1.00672500,1.00676100
4.110000,1.00679300,1.00672600,1.00674600,1.00678100,1.00675600,1.00675500,1.00672500,1.00676100
4.112000,1.00679400,1.00672600,1.00674700,1.00678200,1.00675600,1.00675600,1.00672500,1.00676100
4.114000,1.00679400,1.00672700,1.00674700,1.00678200,1.00675600,1.00675600,1.00672600,1.00676100
4.116000,1.00679400,1.00672700,1.00674700,1.00678200,1.00675700,1.00675600,1.00672600,1.00676200
4.118000,1.00679400,1.00672700,1.00674700,1.00678200,1.00675700,1.00675600,1.00672600,1.00676200
4.120000,1.00679500,1.00672700,1.00674700,1.00678300,1.00675700,1.00675700,1.00672600,1.00676200
4.122000,1.00679500,1.00672700,1.00674700,1.00678300,1.00675700,1.00675700,1.00672600,1.00676200
4.124000,1.00679500,1.00672800,1.00674800,1.00678300,1.00675700,1.00675700,1.00672700,1.00676200
4.125999,1.00679500,1.00672800,1.00674800,1.00678300,1.00675800,1.00675700,1.00672700,1.00676300
4.128000,1.00679500,1.00672800,1.00674800,1.00678300,1.00675800,1.00675700,1.00672700,1.00676300
4.130000,1.00679600,1.00672800,1.00674800,1.00678400,1.00675800,1.00675700,1.00672700,1.00676300
4.131999,1.00679600,1.00672800,1.00674900,1.00678400,1.00675800,1.00675800,1.00672700,1.00676300
4.134000,1.00679600,1.00672900,1.00674900,1.00678400,1.00675800,1.00675800,1.00672800,1.00676300
4.136000,1.00679600,1.00672900,1.00674900,1.00678400,1.00675900,1.00675800,1.00672800,1.00676400
4.138000,1.00679600,1.00672900,1.00674900,1.00678400,1.00675900,1.00675800,1.00672800,1.00676400
4.140000,1.00679700,1.00672900,1.00674900,1.00678500,1.00675900,1.00675900,1.00672800,1.00676400
4.142000,1.00679700,1.00672900,1.00675000,1.00678500,1.00675900,1.00675900,1.00672800,1.00676400
4.144000,1.00679700,1.00673000,1.00675000,1.00678500,1.00675900,1.00675900,1.00672900,1.00676400
4.145999,1.00679700,1.00673000,1.00675000,1.00678500,1.00676000,1.00675900,1.00672900,1.00676500
4.148000,1.00679700,1.00673000,1.00675000,1.00678500,1.00676000,1.00675900,1.00672900,1.00676500
4.150000,1.00679800,1.00673000,1.00675000,1.00678600,1.00676000,1.00676000,1.00672900,1.00676500
4.151999,1.00679800,1.00673000,1.00675100,1.00678600,1.00676000,1.00676000,1.00672900,1.00676500
4.154000,1.00679800,1.00673100,1.00675100,1.00678600,1.00676000,1.00676000,1.00673000,1.00676500
4.156000,1.00679800,1.00673100,1.00675100,1.00678600,1.00676100,1.00676000,1.00673000,1.00676600
4.158000,1.00679900,1.00673100,1.00675100,1.00678600,1.00676100,1.00676000,1.00673000,1.00676600
4.160000,1.00679900,1.00673100,1.00675100,1.00678700,1.00676100,1.00676100,1.00673000,1.00676600
4.162000,1.00679900,1.00673100,1.00675200,1.00678700,1.00676100,1.00676100,1.00673000,1.00676600
4.164000,1.00679900,1.00673200,1.00675200,1.00678700,1.00676100,1.00676100,1.00673100,1.00676600
4.165999,1.00679900,1.00673200,1.00675200,1.00678700,1.00676200,1.00676100,1.00673100,1.00676700
4.168000,1.00679900,1.00673200,1.00675200,1.00678700,1.00676200,1.00676100,1.00673100,1.00676700
4.170000,1.00680000,1.00673200,1.00675200,1.00678800,1.00676200,1.00676200,1.00673100,1.00676700
4.172000,1.00680000,1.00673200,1.00675300,1.00678800,1.00676200,1.00676200,1.00673100,1.00676700
4.174000,1.00680000,1.00673300,1.00675300,1.00678800,1.00676200,1.00676200,1.00673200,1.00676800
4.176000,1.00680000,1.00673300,1.00675300,1.00678800,1.00676300,1.00676200,1.00673200,1.00676800
4.178000,1.00680100,1.00673300,1.00675300,1.00678800,1.00676300,1.00676200,1.00673200,1.00676800
4.180000,1.00680100,1.00673300,1.00675300,1.00678900,1.00676300,1.00676300,1.00673200,1.00676800
4.182000,1.00680100,1.00673300,1.00675400,1.00678900,1.00676300,1.00676300,1.00673200,1.00676800
4.184000,1.00680100,1.00673400,1.00675400,1.00678900,1.00676300,1.00676300,1.00673300,1.00676800
4.185999,1.00680100,1.00673400,1.00675400,1.00678900,1.00676400,1.00676300,1.00673300,1.00676900
4.188000,1.00680100,1.00673400,1.00675400,1.00678900,1.00676400,1.00676300,1.00673300,1.00676900
4.190000,1.00680200,1.00673400,1.00675400,1.00679000,1.00676400,1.00676400,1.00673300,1.00676900
4.192000,1.00680200,1.00673400,1.00675500,1.00679000,1.00676400,1.00676400,1.00673300,1.00676900
4.194000,1.00680200,1.00673500,1.00675500,1.00679000,1.00676400,1.00676400,1.00673400,1.00677000
4.196000,1.00680200,1.00673500,1.00675500,1.00679000,1.00676500,1.00676400,1.00673400,1.00677000
4.198000,1.00680300,1.00673500,1.00675500,1.00679100,1.00676500,1.00676400,1.00673400,1.00677000
4.199999,1.00680300,1.00673500,1.00675500,1.00679100,1.00676500,1.00676500,1.00673400,1.00677000
4.202000,1.00680300,1.00673500,1.00675600,1.00679100,1.00676500,1.00676500,1.00673400,1.00677000
4.204000,1.00680300,1.00673600,1.00675600,1.00679100,1.00676500,1.00676500,1.00673500,1.00677000
4.206000,1.00680300,1.00673600,1.00675600,1.00679100,1.00676600,1.00676500,1.00673500,1.00677100
4.208000,1.00680400,1.00673600,1.00675600,1.00679100,1.00676600,1.00676500,1.00673500,1.00677100
4.210000,1.00680400,1.00673600,1.00675600,1.00679200,1.00676600,1.00676600,1.00673500,1.00677100
4.212000,1.00680400,1.00673600,1.00675700,1.00679200,1.00676600,1.00676600,1.00673500,1.00677100
4.214000,1.00680400,1.00673700,1.00675700,1.00679200,1.00676600,1.00676600,1.00673600,1.00677200
4.216000,1.00680400,1.00673700,1.00675700,1.00679200,1.00676700,1.00676600,1.00673600,1.00677200
4.217999,1.00680500,1.00673700,1.00675700,1.00679300,1.00676700,1.00676600,1.00673600,1.00677200
4.219999,1.00680500,1.00673700,1.00675700,1.00679300,1.00676700,1.00676700,1.00673600,1.00677200
4.222000,1.00680500,1.00673700,1.00675800,1.00679300,1.00676700,1.00676700,1.00673600,1.00677200
4.224000,1.00680500,1.00673800,1.00675800,1.00679300,1.00676800,1.00676700,1.00673700,1.00677300
4.226000,1.00680500,1.00673800,1.00675800,1.00679300,1.00676800,1.00676700,1.00673700,1.00677300
4.228000,1.00680600,1.00673800,1.00675800,1.00679300,1.00676800,1.00676700,1.00673700,1.00677300
4.230000,1.00680600,1.00673800,1.00675800,1.00679400,1.00676800,1.00676800,1.00673700,1.00677300
4.232000,1.00680600,1.00673800,1.00675900,1.00679400,1.00676800,1.00676800,1.00673700,1.00677300
4.234000,1.00680600,1.00673900,1.00675900,1.00679400,1.00676900,1.00676800,1.00673800,1.00677400
4.236000,1.00680600,1.00673900,1.00675900,1.00679400,1.00676900,1.00676800,1.00673800,1.00677400
4.237999,1.00680700,1.00673900,1.00675900,1.00679500,1.00676900,1.00676800,1.00673800,1.00677400
4.240000,1.00680700,1.00673900,1.00676000,1.00679500,1.00676900,1.00676900,1.00673800,1.00677400
4.242000,1.00680700,1.00673900,1.00676000,1.00679500,1.00676900,1.00676900,1.00673800,1.00677400
4.243999,1.00680700,1.00674000,1.00676000,1.00679500,1.00677000,1.00676900,1.00673900,1.00677500
4.246000,1.00680800,1.00674000,1.00676000,1.00679500,1.00677000,1.00676900,1.00673900,1.00677500
4.248000,1.00680800,1.00674000,1.00676000,1.00679600,1.00677000,1.00676900,1.00673900,1.00677500
4.250000,1.00680800,1.00674000,1.00676000,1.00679600,1.00677000,1.00677000,1.00673900,1.00677500
4.252000,1.00680800,1.00674000,1.00676100,1.00679600,1.00677000,1.00677000,1.00673900,1.00677500
4.254000,1.00680800,1.00674100,1.00676100,1.00679600,1.00677100,1.00677000,1.00674000,1.00677600
4.256000,1.00680900,1.00674100,1.00676100,1.00679600,1.00677100,1.00677000,1.00674000,1.00677600
4.257999,1.00680900,1.00674100,1.00676100,1.00679700,1.00677100,1.00677000,1.00674000,1.00677600
4.260000,1.00680900,1.00674100,1.00676200,1.00679700,1.00677100,1.00677100,1.00674000,1.00677600
4.262000,1.00680900,1.00674100,1.00676200,1.00679700,1.00677100,1.00677100,1.00674000,1.00677600
4.263999,1.00680900,1.00674200,1.00676200,1.00679700,1.00677200,1.00677100,1.00674100,1.00677700
4.266000,1.00681000,1.00674200,1.00676200,1.00679700,1.00677200,1.00677100,1.00674100,1.00677700
4.268000,1.00681000,1.00674200,1.00676200,1.00679800,1.00677200,1.00677100,1.00674100,1.00677700
4.270000,1.00681000,1.00674200,1.00676300,1.00679800,1.00677200,1.00677200,1.00674100,1.00677700
4.272000,1.00681000,1.00674200,1.00676300,1.00679800,1.00677200,1.00677200,1.00674100,1.00677700
4.274000,1.00681000,1.00674300,1.00676300,1.00679800,1.00677300,1.00677200,1.00674200,1.00677800
4.276000,1.00681100,1.00674300,1.00676300,1.00679800,1.00677300,1.00677200,1.00674200,1.00677800
4.277999,1.00681100,1.00674300,1.00676300,1.00679900,1.00677300,1.00677300,1.00674200,1.00677800
4.280000,1.00681100,1.00674300,1.00676400,1.00679900,1.00677300,1.00677300,1.00674200,1.00677800
4.282000,1.00681100,1.00674300,1.00676400,1.00679900,1.00677300,1.00677300,1.00674200,1.00677800
4.284000,1.00681100,1.00674400,1.00676400,1.00679900,1.00677400,1.00677300,1.00674300,1.00677900
4.286000,1.00681200,1.00674400,1.00676400,1.00679900,1.00677400,1.00677300,1.00674300,1.00677900
4.288000,1.00681200,1.00674400,1.00676400,1.00680000,1.00677400,1.00677300,1.00674300,1.00677900
4.290000,1.00681200,1.00674400,1.00676500,1.00680000,1.00677400,1.00677400,1.00674300,1.00677900
4.292000,1.00681200,1.00674400,1.00676500,1.00680000,1.00677400,1.00677400,1.00674300,1.00677900
4.294000,1.00681200,1.00674500,1.00676500,1.00680000,1.00677500,1.00677400,1.00674400,1.00678000
4.296000,1.00681300,1.00674500,1.00676500,1.00680100,1.00677500,1.00677400,1.00674400,1.00678000
4.297999,1.00681300,1.00674500,1.00676500,1.00680100,1.00677500,1.00677500,1.00674400,1.00678000
4.300000,1.00681300,1.00674500,1.00676600,1.00680100,1.00677500,1.00677500,1.00674400,1.00678000
4.302000,1.00681300,1.00674500,1.00676600,1.00680100,1.00677500,1.00677500,1.00674400,1.00678100
4.304000,1.00681400,1.00674600,1.00676600,1.00680100,1.00677600,1.00677500,1.00674500,1.00678100
4.306000,1.00681400,1.00674600,1.00676600,1.00680100,1.00677600,1.00677500,1.00674500,1.00678100
4.308000,1.00681400,1.00674600,1.00676600,1.00680200,1.00677600,1.00677600,1.00674500,1.00678100
4.310000,1.00681400,1.00674600,1.00676700,1.00680200,1.00677600,1.00677600,1.00674500,1.00678100
4.311999,1.00681400,1.00674600,1.00676700,1.00680200,1.00677600,1.00677600,1.00674500,1.00678100
4.314000,1.00681400,1.00674700,1.00676700,1.00680200,1.00677700,1.00677600,1.00674600,1.00678200
4.316000,1.00681500,1.00674700,1.00676700,1.00680300,1.00677700,1.00677600,1.00674600,1.00678200
4.318000,1.00681500,1.00674700,1.00676700,1.00680300,1.00677700,1.00677700,1.00674600,1.00678200
4.320000,1.00681500,1.00674700,1.00676800,1.00680300,1.00677700,1.00677700,1.00674600,1.00678200
4.322000,1.00681500,1.00674700,1.00676800,1.00680300,1.00677800,1.00677700,1.00674600,1.00678300
4.324000,1.00681600,1.00674800,1.00676800,1.00680300,1.00677800,1.00677700,1.00674700,1.00678300
4.326000,1.00681600,1.00674800,1.00676800,1.00680400,1.00677800,1.00677700,1.00674700,1.00678300
4.328000,1.00681600,1.00674800,1.00676800,1.00680400,1.00677800,1.00677800,1.00674700,1.00678300
4.329999,1.00681600,1.00674800,1.00676900,1.00680400,1.00677800,1.00677800,1.00674700,1.00678300
4.331999,1.00681600,1.00674800,1.00676900,1.00680400,1.00677800,1.00677800,1.00674700,1.00678300
4.334000,1.00681700,1.00674900,1.00676900,1.00680400,1.00677900,1.00677800,1.00674800,1.00678400
4.335999,1.00681700,1.00674900,1.00676900,1.00680500,1.00677900,1.00677800,1.00674800,1.00678400
4.338000,1.00681700,1.00674900,1.00677000,1.00680500,1.00677900,1.00677900,1.00674800,1.00678400
4.340000,1.00681700,1.00674900,1.00677000,1.00680500,1.00677900,1.00677900,1.00674800,1.00678400
4.342000,1.00681700,1.00674900,1.00677000,1.00680500,1.00678000,1.00677900,1.00674800,1.00678500
4.344000,1.00681800,1.00675000,1.00677000,1.00680500,1.00678000,1.00677900,1.00674900,1.00678500
4.346000,1.00681800,1.00675000,1.00677000,1.00680600,1.00678000,1.00677900,1.00674900,1.00678500
4.348000,1.00681800,1.00675000,1.00677000,1.00680600,1.00678000,1.00678000,1.00674900,1.00678500
4.349999,1.00681800,1.00675000,1.00677100,1.00680600,1.00678000,1.00678000,1.00674900,1.00678500
4.352000,1.00681800,1.00675000,1.00677100,1.00680600,1.00678100,1.00678000,1.00675000,1.00678600
4.354000,1.00681900,1.00675100,1.00677100,1.00680600,1.00678100,1.00678000,1.00675000,1.00678600
4.355999,1.00681900,1.00675100,1.00677100,1.00680700,1.00678100,1.00678000,1.00675000,1.00678600
4.358000,1.00681900,1.00675100,1.00677200,1.00680700,1.00678100,1.00678100,1.00675000,1.00678600
4.360000,1.00681900,1.00675100,1.00677200,1.00680700,1.00678100,1.00678100,1.00675000,1.00678600
4.362000,1.00681900,1.00675100,1.00677200,1.00680700,1.00678200,1.00678100,1.00675000,1.00678700
4.364000,1.00682000,1.00675200,1.00677200,1.00680700,1.00678200,1.00678100,1.00675100,1.00678700
4.366000,1.00682000,1.00675200,1.00677200,1.00680800,1.00678200,1.00678100,1.00675100,1.00678700
4.368000,1.00682000,1.00675200,1.00677300,1.00680800,1.00678200,1.00678200,1.00675100,1.00678700
4.369999,1.00682000,1.00675200,1.00677300,1.00680800,1.00678200,1.00678200,1.00675100,1.00678700
4.372000,1.00682100,1.00675200,1.00677300,1.00680800,1.00678300,1.00678200,1.00675200,1.00678800
4.374000,1.00682100,1.00675300,1.00677300,1.00680900,1.00678300,1.00678200,1.00675200,1.00678800
4.375999,1.00682100,1.00675300,1.00677300,1.00680900,1.00678300,1.00678200,1.00675200,1.00678800
4.378000,1.00682100,1.00675300,1.00677400,1.00680900,1.00678300,1.00678300,1.00675200,1.00678800
4.380000,1.00682100,1.00675300,1.00677400,1.00680900,1.00678300,1.00678300,1.00675200,1.00678800
4.382000,1.00682200,1.00675300,1.00677400,1.00680900,1.00678400,1.00678300,1.00675200,1.00678900
4.384000,1.00682200,1.00675400,1.00677400,1.00680900,1.00678400,1.00678300,1.00675300,1.00678900
4.386000,1.00682200,1.00675400,1.00677400,1.00681000,1.00678400,1.00678300,1.00675300,1.00678900
4.388000,1.00682200,1.00675400,1.00677500,1.00681000,1.00678400,1.00678400,1.00675300,1.00678900
4.389999,1.00682200,1.00675400,1.00677500,1.00681000,1.00678400,1.00678400,1.00675300,1.00678900
4.392000,1.00682300,1.00675400,1.00677500,1.00681000,1.00678500,1.00678400,1.00675400,1.00679000
4.394000,1.00682300,1.00675500,1.00677500,1.00681100,1.00678500,1.00678400,1.00675400,1.00679000
4.396000,1.00682300,1.00675500,1.00677500,1.00681100,1.00678500,1.00678500,1.00675400,1.00679000
4.398000,1.00682300,1.00675500,1.00677600,1.00681100,1.00678500,1.00678500,1.00675400,1.00679000
4.400000,1.00682300,1.00675500,1.00677600,1.00681100,1.00678500,1.00678500,1.00675400,1.00679100
4.402000,1.00682400,1.00675500,1.00677600,1.00681100,1.00678600,1.00678500,1.00675500,1.00679100
4.404000,1.00682400,1.00675600,1.00677600,1.00681200,1.00678600,1.00678500,1.00675500,1.00679100
4.406000,1.00682400,1.00675600,1.00677600,1.00681200,1.00678600,1.00678600,1.00675500,1.00679100
4.408000,1.00682400,1.00675600,1.00677700,1.00681200,1.00678600,1.00678600,1.00675500,1.00679100
4.409999,1.00682400,1.00675600,1.00677700,1.00681200,1.00678600,1.00678600,1.00675500,1.00679100
4.412000,1.00682500,1.00675600,1.00677700,1.00681200,1.00678700,1.00678600,1.00675600,1.00679200
4.414000,1.00682500,1.00675700,1.00677700,1.00681300,1.00678700,1.00678600,1.00675600,1.00679200
4.416000,1.00682500,1.00675700,1.00677700,1.00681300,1.00678700,1.00678700,1.00675600,1.00679200
4.418000,1.00682500,1.00675700,1.00677800,1.00681300,1.00678700,1.00678700,1.00675600,1.00679200
4.420000,1.00682500,1.00675700,1.00677800,1.00681300,1.00678700,1.00678700,1.00675600,1.00679300
4.422000,1.00682600,1.00675700,1.00677800,1.00681300,1.00678800,1.00678700,1.00675700,1.00679300
4.423999,1.00682600,1.00675800,1.00677800,1.00681400,1.00678800,1.00678700,1.00675700,1.00679300
4.426000,1.00682600,1.00675800,1.00677800,1.00681400,1.00678800,1.00678800,1.00675700,1.00679300
4.427999,1.00682600,1.00675800,1.00677900,1.00681400,1.00678800,1.00678800,1.00675700,1.00679300
4.430000,1.00682700,1.00675800,1.00677900,1.00681400,1.00678800,1.00678800,1.00675700,1.00679300
4.432000,1.00682700,1.00675800,1.00677900,1.00681400,1.00678900,1.00678800,1.00675800,1.00679400
4.434000,1.00682700,1.00675900,1.00677900,1.00681500,1.00678900,1.00678800,1.00675800,1.00679400
4.436000,1.00682700,1.00675900,1.00677900,1.00681500,1.00678900,1.00678900,1.00675800,1.00679400
4.438000,1.00682700,1.00675900,1.00678000,1.00681500,1.00678900,1.00678900,1.00675800,1.00679400
4.440000,1.00682800,1.00675900,1.00678000,1.00681500,1.00678900,1.00678900,1.00675800,1.00679500
4.441999,1.00682800,1.00675900,1.00678000,1.00681500,1.00679000,1.00678900,1.00675900,1.00679500
4.443999,1.00682800,1.00676000,1.00678000,1.00681600,1.00679000,1.00678900,1.00675900,1.00679500
4.446000,1.00682800,1.00676000,1.00678100,1.00681600,1.00679000,1.00679000,1.00675900,1.00679500
4.447999,1.00682800,1.00676000,1.00678100,1.00681600,1.00679000,1.00679000,1.00675900,1.00679500
4.450000,1.00682900,1.00676000,1.00678100,1.00681600,1.00679100,1.00679000,1.00675900,1.00679600
4.452000,1.00682900,1.00676000,1.00678100,1.00681700,1.00679100,1.00679000,1.00676000,1.00679600
4.454000,1.00682900,1.00676100,1.00678100,1.00681700,1.00679100,1.00679000,1.00676000,1.00679600
4.456000,1.00682900,1.00676100,1.00678200,1.00681700,1.00679100,1.00679100,1.00676000,1.00679600
4.458000,1.00682900,1.00676100,1.00678200,1.00681700,1.00679100,1.00679100,1.00676000,1.00679600
4.460000,1.00683000,1.00676100,1.00678200,1.00681700,1.00679200,1.00679100,1.00676000,1.00679700
4.461999,1.00683000,1.00676100,1.00678200,1.00681800,1.00679200,1.00679100,1.00676100,1.00679700
4.464000,1.00683000,1.00676200,1.00678200,1.00681800,1.00679200,1.00679100,1.00676100,1.00679700
4.466000,1.00683000,1.00676200,1.00678300,1.00681800,1.00679200,1.00679200,1.00676100,1.00679700
4.467999,1.00683000,1.00676200,1.00678300,1.00681800,1.00679200,1.00679200,1.00676100,1.00679700
4.470000,1.00683100,1.00676200,1.00678300,1.00681800,1.00679300,1.00679200,1.00676100,1.00679800
4.472000,1.00683100,1.00676300,1.00678300,1.00681900,1.00679300,1.00679200,1.00676200,1.00679800
4.474000,1.00683100,1.00676300,1.00678300,1.00681900,1.00679300,1.00679200,1.00676200,1.00679800
4.476000,1.00683100,1.00676300,1.00678400,1.00681900,1.00679300,1.00679300,1.00676200,1.00679800
4.478000,1.00683200,1.00676300,1.00678400,1.00681900,1.00679300,1.00679300,1.00676200,1.00679800
4.480000,1.00683200,1.00676300,1.00678400,1.00681900,1.00679400,1.00679300,1.00676200,1.00679900
4.481999,1.00683200,1.00676300,1.00678400,1.00682000,1.00679400,1.00679300,1.00676300,1.00679900
4.484000,1.00683200,1.00676400,1.00678400,1.00682000,1.00679400,1.00679300,1.00676300,1.00679900
4.486000,1.00683200,1.00676400,1.00678500,1.00682000,1.00679400,1.00679400,1.00676300,1.00679900
4.487999,1.00683200,1.00676400,1.00678500,1.00682000,1.00679400,1.00679400,1.00676300,1.00679900
4.490000,1.00683300,1.00676400,1.00678500,1.00682000,1.00679500,1.00679400,1.00676300,1.00680000
4.492000,1.00683300,1.00676400,1.00678500,1.00682100,1.00679500,1.00679400,1.00676400,1.00680000
4.494000,1.00683300,1.00676500,1.00678500,1.00682100,1.00679500,1.00679400,1.00676400,1.00680000
4.496000,1.00683300,1.00676500,1.00678600,1.00682100,1.00679500,1.00679500,1.00676400,1.00680000
4.498000,1.00683400,1.00676500,1.00678600,1.00682100,1.00679500,1.00679500,1.00676400,1.00680100
4.500000,1.00683400,1.00676500,1.00678600,1.00682100,1.00679600,1.00679500,1.00676400,1.00680100
4.501999,1.00683400,1.00676500,1.00678600,1.00682200,1.00679600,1.00679500,1.00676500,1.00680100
4.504000,1.00683400,1.00676600,1.00678600,1.00682200,1.00679600,1.00679600,1.00676500,1.00680100
4.506000,1.00683400,1.00676600,1.00678700,1.00682200,1.00679600,1.00679600,1.00676500,1.00680100
4.508000,1.00683500,1.00676600,1.00678700,1.00682200,1.00679600,1.00679600,1.00676500,1.00680100
4.510000,1.00683500,1.00676600,1.00678700,1.00682200,1.00679700,1.00679600,1.00676500,1.00680200
4.512000,1.00683500,1.00676600,1.00678700,1.00682300,1.00679700,1.00679600,1.00676600,1.00680200
4.514000,1.00683500,1.00676700,1.00678700,1.00682300,1.00679700,1.00679700,1.00676600,1.00680200
4.516000,1.00683500,1.00676700,1.00678800,1.00682300,1.00679700,1.00679700,1.00676600,1.00680200
4.518000,1.00683600,1.00676700,1.00678800,1.00682300,1.00679700,1.00679700,1.00676600,1.00680300
4.520000,1.00683600,1.00676700,1.00678800,1.00682400,1.00679800,1.00679700,1.00676600,1.00680300
4.521999,1.00683600,1.00676800,1.00678800,1.00682400,1.00679800,1.00679700,1.00676700,1.00680300
4.524000,1.00683600,1.00676800,1.00678800,1.00682400,1.00679800,1.00679800,1.00676700,1.00680300
4.526000,1.00683600,1.00676800,1.00678900,1.00682400,1.00679800,1.00679800,1.00676700,1.00680300
4.528000,1.00683700,1.00676800,1.00678900,1.00682400,1.00679900,1.00679800,1.00676700,1.00680400
4.530000,1.00683700,1.00676800,1.00678900,1.00682400,1.00679900,1.00679800,1.00676800,1.00680400
4.532000,1.00683700,1.00676800,1.00678900,1.00682500,1.00679900,1.00679800,1.00676800,1.00680400
4.534000,1.00683700,1.00676900,1.00679000,1.00682500,1.00679900,1.00679900,1.00676800,1.00680400
4.535999,1.00683700,1.00676900,1.00679000,1.00682500,1.00679900,1.00679900,1.00676800,1.00680400
4.538000,1.00683800,1.00676900,1.00679000,1.00682500,1.00679900,1.00679900,1.00676800,1.00680500
4.539999,1.00683800,1.00676900,1.00679000,1.00682600,1.00680000,1.00679900,1.00676800,1.00680500
4.542000,1.00683800,1.00677000,1.00679000,1.00682600,1.00680000,1.00679900,1.00676900,1.00680500
4.544000,1.00683800,1.00677000,1.00679100,1.00682600,1.00680000,1.00680000,1.00676900,1.00680500
4.546000,1.00683900,1.00677000,1.00679100,1.00682600,1.00680000,1.00680000,1.00676900,1.00680500
4.548000,1.00683900,1.00677000,1.00679100,1.00682600,1.00680100,1.00680000,1.00676900,1.00680600
4.550000,1.00683900,1.00677000,1.00679100,1.00682700,1.00680100,1.00680000,1.00677000,1.00680600
4.552000,1.00683900,1.00677000,1.00679100,1.00682700,1.00680100,1.00680000,1.00677000,1.00680600
4.553999,1.00683900,1.00677100,1.00679200,1.00682700,1.00680100,1.00680100,1.00677000,1.00680600
4.555999,1.00684000,1.00677100,1.00679200,1.00682700,1.00680100,1.00680100,1.00677000,1.00680600
4.558000,1.00684000,1.00677100,1.00679200,1.00682700,1.00680200,1.00680100,1.00677000,1.00680700
4.559999,1.00684000,1.00677100,1.00679200,1.00682800,1.00680200,1.00680100,1.00677000,1.00680700
4.562000,1.00684000,1.00677200,1.00679200,1.00682800,1.00680200,1.00680100,1.00677100,1.00680700
4.564000,1.00684000,1.00677200,1.00679300,1.00682800,1.00680200,1.00680200,1.00677100,1.00680700
4.566000,1.00684100,1.00677200,1.00679300,1.00682800,1.00680200,1.00680200,1.00677100,1.00680700
4.568000,1.00684100,1.00677200,1.00679300,1.00682800,1.00680300,1.00680200,1.00677100,1.00680800
4.570000,1.00684100,1.00677200,1.00679300,1.00682900,1.00680300,1.00680200,1.00677200,1.00680800
4.572000,1.00684100,1.00677300,1.00679300,1.00682900,1.00680300,1.00680200,1.00677200,1.00680800
4.573999,1.00684100,1.00677300,1.00679400,1.00682900,1.00680300,1.00680300,1.00677200,1.00680800
4.576000,1.00684200,1.00677300,1.00679400,1.00682900,1.00680300,1.00680300,1.00677200,1.00680900
4.578000,1.00684200,1.00677300,1.00679400,1.00683000,1.00680400,1.00680300,1.00677200,1.00680900
4.579999,1.00684200,1.00677300,1.00679400,1.00683000,1.00680400,1.00680300,1.00677300,1.00680900
4.582000,1.00684200,1.00677400,1.00679400,1.00683000,1.00680400,1.00680400,1.00677300,1.00680900
4.584000,1.00684200,1.00677400,1.00679500,1.00683000,1.00680400,1.00680400,1.00677300,1.00680900
4.586000,1.00684300,1.00677400,1.00679500,1.00683000,1.00680400,1.00680400,1.00677300,1.00680900
4.588000,1.00684300,1.00677400,1.00679500,1.00683000,1.00680500,1.00680400,1.00677300,1.00681000
4.590000,1.00684300,1.00677400,1.00679500,1.00683100,1.00680500,1.00680400,1.00677400,1.00681000
4.592000,1.00684300,1.00677500,1.00679600,1.00683100,1.00680500,1.00680400,1.00677400,1.00681000
4.593999,1.00684400,1.00677500,1.00679600,1.00683100,1.00680500,1.00680500,1.00677400,1.00681000
4.596000,1.00684400,1.00677500,1.00679600,1.00683100,1.00680500,1.00680500,1.00677400,1.00681100
4.598000,1.00684400,1.00677500,1.00679600,1.00683200,1.00680600,1.00680500,1.00677400,1.00681100
4.599999,1.00684400,1.00677500,1.00679600,1.00683200,1.00680600,1.00680500,1.00677500,1.00681100
4.602000,1.00684400,1.00677600,1.00679600,1.00683200,1.00680600,1.00680600,1.00677500,1.00681100
4.604000,1.00684500,1.00677600,1.00679700,1.00683200,1.00680600,1.00680600,1.00677500,1.00681100
4.606000,1.00684500,1.00677600,1.00679700,1.00683200,1.00680600,1.00680600,1.00677500,1.00681100
4.608000,1.00684500,1.00677600,1.00679700,1.00683300,1.00680700,1.00680600,1.00677500,1.00681200
4.610000,1.00684500,1.00677600,1.00679700,1.00683300,1.00680700,1.00680600,1.00677600,1.00681200
4.612000,1.00684500,1.00677700,1.00679800,1.00683300,1.00680700,1.00680700,1.00677600,1.00681200
4.613999,1.00684600,1.00677700,1.00679800,1.00683300,1.00680700,1.00680700,1.00677600,1.00681200
4.616000,1.00684600,1.00677700,1.00679800,1.00683300,1.00680800,1.00680700,1.00677600,1.00681300
4.618000,1.00684600,1.00677700,1.00679800,1.00683400,1.00680800,1.00680700,1.00677600,1.00681300
4.620000,1.00684600,1.00677700,1.00679800,1.00683400,1.00680800,1.00680700,1.00677700,1.00681300
4.622000,1.00684600,1.00677800,1.00679900,1.00683400,1.00680800,1.00680800,1.00677700,1.00681300
4.624000,1.00684700,1.00677800,1.00679900,1.00683400,1.00680800,1.00680800,1.00677700,1.00681300
4.626000,1.00684700,1.00677800,1.00679900,1.00683400,1.00680900,1.00680800,1.00677700,1.00681400
4.628000,1.00684700,1.00677800,1.00679900,1.00683500,1.00680900,1.00680800,1.00677700,1.00681400
4.630000,1.00684700,1.00677800,1.00679900,1.00683500,1.00680900,1.00680800,1.00677800,1.00681400
4.631999,1.00684800,1.00677900,1.00680000,1.00683500,1.00680900,1.00680900,1.00677800,1.00681400
4.633999,1.00684800,1.00677900,1.00680000,1.00683500,1.00680900,1.00680900,1.00677800,1.00681400
4.636000,1.00684800,1.00677900,1.00680000,1.00683500,1.00681000,1.00680900,1.00677800,1.00681500
4.638000,1.00684800,1.00677900,1.00680000,1.00683600,1.00681000,1.00680900,1.00677800,1.00681500
4.640000,1.00684800,1.00677900,1.00680000,1.00683600,1.00681000,1.00680900,1.00677900,1.00681500
4.642000,1.00684900,1.00678000,1.00680100,1.00683600,1.00681000,1.00681000,1.00677900,1.00681500
4.644000,1.00684900,1.00678000,1.00680100,1.00683600,1.00681000,1.00681000,1.00677900,1.00681500
4.646000,1.00684900,1.00678000,1.00680100,1.00683700,1.00681100,1.00681000,1.00677900,1.00681600
4.648000,1.00684900,1.00678000,1.00680100,1.00683700,1.00681100,1.00681000,1.00677900,1.00681600
4.650000,1.00684900,1.00678000,1.00680100,1.00683700,1.00681100,1.00681000,1.00678000,1.00681600
4.651999,1.00685000,1.00678100,1.00680200,1.00683700,1.00681100,1.00681100,1.00678000,1.00681600
4.654000,1.00685000,1.00678100,1.00680200,1.00683700,1.00681100,1.00681100,1.00678000,1.00681700
4.656000,1.00685000,1.00678100,1.00680200,1.00683700,1.00681200,1.00681100,1.00678000,1.00681700
4.658000,1.00685000,1.00678100,1.00680200,1.00683800,1.00681200,1.00681100,1.00678100,1.00681700
4.660000,1.00685000,1.00678100,1.00680200,1.00683800,1.00681200,1.00681100,1.00678100,1.00681700
4.662000,1.00685100,1.00678200,1.00680300,1.00683800,1.00681200,1.00681200,1.00678100,1.00681700
4.664000,1.00685100,1.00678200,1.00680300,1.00683800,1.00681200,1.00681200,1.00678100,1.00681700
4.665999,1.00685100,1.00678200,1.00680300,1.00683900,1.00681300,1.00681200,1.00678100,1.00681800
4.667999,1.00685100,1.00678200,1.00680300,1.00683900,1.00681300,1.00681200,1.00678100,1.00681800
4.670000,1.00685100,1.00678200,1.00680400,1.00683900,1.00681300,1.00681300,1.00678200,1.00681800
4.671999,1.00685200,1.00678300,1.00680400,1.00683900,1.00681300,1.00681300,1.00678200,1.00681800
4.674000,1.00685200,1.00678300,1.00680400,1.00683900,1.00681400,1.00681300,1.00678200,1.00681900
4.676000,1.00685200,1.00678300,1.00680400,1.00684000,1.00681400,1.00681300,1.00678200,1.00681900
4.677999,1.00685200,1.00678300,1.00680400,1.00684000,1.00681400,1.00681300,1.00678300,1.00681900
4.680000,1.00685300,1.00678300,1.00680500,1.00684000,1.00681400,1.00681400,1.00678300,1.00681900
4.682000,1.00685300,1.00678400,1.00680500,1.00684000,1.00681400,1.00681400,1.00678300,1.00681900
4.684000,1.00685300,1.00678400,1.00680500,1.00684000,1.00681400,1.00681400,1.00678300,1.00682000
4.685999,1.00685300,1.00678400,1.00680500,1.00684100,1.00681500,1.00681400,1.00678300,1.00682000
4.688000,1.00685300,1.00678400,1.00680500,1.00684100,1.00681500,1.00681400,1.00678400,1.00682000
4.690000,1.00685400,1.00678400,1.00680600,1.00684100,1.00681500,1.00681500,1.00678400,1.00682000
4.691999,1.00685400,1.00678500,1.00680600,1.00684100,1.00681500,1.00681500,1.00678400,1.00682000
4.694000,1.00685400,1.00678500,1.00680600,1.00684100,1.00681600,1.00681500,1.00678400,1.00682100
4.696000,1.00685400,1.00678500,1.00680600,1.00684200,1.00681600,1.00681500,1.00678400,1.00682100
4.698000,1.00685400,1.00678500,1.00680600,1.00684200,1.00681600,1.00681500,1.00678500,1.00682100
4.700000,1.00685500,1.00678600,1.00680700,1.00684200,1.00681600,1.00681600,1.00678500,1.00682100
4.702000,1.00685500,1.00678600,1.00680700,1.00684200,1.00681600,1.00681600,1.00678500,1.00682100
4.704000,1.00685500,1.00678600,1.00680700,1.00684200,1.00681700,1.00681600,1.00678500,1.00682200
4.705999,1.00685500,1.00678600,1.00680700,1.00684300,1.00681700,1.00681600,1.00678500,1.00682200
4.708000,1.00685500,1.00678600,1.00680700,1.00684300,1.00681700,1.00681600,1.00678600,1.00682200
4.710000,1.00685600,1.00678600,1.00680800,1.00684300,1.00681700,1.00681700,1.00678600,1.00682200
4.711999,1.00685600,1.00678700,1.00680800,1.00684300,1.00681700,1.00681700,1.00678600,1.00682200
4.714000,1.00685600,1.00678700,1.00680800,1.00684400,1.00681800,1.00681700,1.00678600,1.00682300
4.716000,1.00685600,1.00678700,1.00680800,1.00684400,1.00681800,1.00681700,1.00678600,1.00682300
4.718000,1.00685600,1.00678700,1.00680800,1.00684400,1.00681800,1.00681700,1.00678700,1.00682300
4.720000,1.00685700,1.00678800,1.00680900,1.00684400,1.00681800,1.00681800,1.00678700,1.00682300
4.722000,1.00685700,1.00678800,1.00680900,1.00684400,1.00681800,1.00681800,1.00678700,1.00682300
4.724000,1.00685700,1.00678800,1.00680900,1.00684500,1.00681900,1.00681800,1.00678700,1.00682400
4.725999,1.00685700,1.00678800,1.00680900,1.00684500,1.00681900,1.00681800,1.00678700,1.00682400
4.728000,1.00685800,1.00678800,1.00680900,1.00684500,1.00681900,1.00681900,1.00678800,1.00682400
4.730000,1.00685800,1.00678800,1.00681000,1.00684500,1.00681900,1.00681900,1.00678800,1.00682400
4.732000,1.00685800,1.00678900,1.00681000,1.00684500,1.00681900,1.00681900,1.00678800,1.00682400
4.734000,1.00685800,1.00678900,1.00681000,1.00684600,1.00682000,1.00681900,1.00678800,1.00682500
4.736000,1.00685800,1.00678900,1.00681000,1.00684600,1.00682000,1.00681900,1.00678800,1.00682500
4.738000,1.00685900,1.00678900,1.00681100,1.00684600,1.00682000,1.00681900,1.00678900,1.00682500
4.740000,1.00685900,1.00679000,1.00681100,1.00684600,1.00682000,1.00682000,1.00678900,1.00682500
4.742000,1.00685900,1.00679000,1.00681100,1.00684600,1.00682000,1.00682000,1.00678900,1.00682600
4.743999,1.00685900,1.00679000,1.00681100,1.00684700,1.00682100,1.00682000,1.00678900,1.00682600
4.745999,1.00685900,1.00679000,1.00681100,1.00684700,1.00682100,1.00682000,1.00678900,1.00682600
4.748000,1.00686000,1.00679000,1.00681100,1.00684700,1.00682100,1.00682100,1.00679000,1.00682600
4.750000,1.00686000,1.00679100,1.00681200,1.00684700,1.00682100,1.00682100,1.00679000,1.00682600
4.752000,1.00686000,1.00679100,1.00681200,1.00684800,1.00682200,1.00682100,1.00679000,1.00682700
4.754000,1.00686000,1.00679100,1.00681200,1.00684800,1.00682200,1.00682100,1.00679000,1.00682700
4.756000,1.00686000,1.00679100,1.00681200,1.00684800,1.00682200,1.00682100,1.00679100,1.00682700
4.758000,1.00686100,1.00679100,1.00681300,1.00684800,1.00682200,1.00682200,1.00679100,1.00682700
4.760000,1.00686100,1.00679200,1.00681300,1.00684800,1.00682200,1.00682200,1.00679100,1.00682700
4.762000,1.00686100,1.00679200,1.00681300,1.00684800,1.00682300,1.00682200,1.00679100,1.00682800
4.763999,1.00686100,1.00679200,1.00681300,1.00684900,1.00682300,1.00682200,1.00679100,1.00682800
4.766000,1.00686100,1.00679200,1.00681300,1.00684900,1.00682300,1.00682200,1.00679100,1.00682800
4.768000,1.00686200,1.00679200,1.00681400,1.00684900,1.00682300,1.00682300,1.00679200,1.00682800
4.770000,1.00686200,1.00679300,1.00681400,1.00684900,1.00682300,1.00682300,1.00679200,1.00682800
4.772000,1.00686200,1.00679300,1.00681400,1.00685000,1.00682400,1.00682300,1.00679200,1.00682900
4.774000,1.00686200,1.00679300,1.00681400,1.00685000,1.00682400,1.00682300,1.00679200,1.00682900
4.776000,1.00686300,1.00679300,1.00681400,1.00685000,1.00682400,1.00682300,1.00679300,1.00682900
4.778000,1.00686300,1.00679300,1.00681500,1.00685000,1.00682400,1.00682400,1.00679300,1.00682900
4.779999,1.00686300,1.00679400,1.00681500,1.00685000,1.00682400,1.00682400,1.00679300,1.00683000
4.782000,1.00686300,1.00679400,1.00681500,1.00685100,1.00682500,1.00682400,1.00679300,1.00683000
4.783999,1.00686300,1.00679400,1.00681500,1.00685100,1.00682500,1.00682400,1.00679300,1.00683000
4.786000,1.00686400,1.00679400,1.00681500,1.00685100,1.00682500,1.00682400,1.00679300,1.00683000
4.788000,1.00686400,1.00679400,1.00681600,1.00685100,1.00682500,1.00682500,1.00679400,1.00683000
4.789999,1.00686400,1.00679500,1.00681600,1.00685100,1.00682500,1.00682500,1.00679400,1.00683000
4.792000,1.00686400,1.00679500,1.00681600,1.00685200,1.00682600,1.00682500,1.00679400,1.00683100
4.794000,1.00686400,1.00679500,1.00681600,1.00685200,1.00682600,1.00682500,1.00679400,1.00683100
4.796000,1.00686500,1.00679500,1.00681700,1.00685200,1.00682600,1.00682500,1.00679500,1.00683100
4.797999,1.00686500,1.00679500,1.00681700,1.00685200,1.00682600,1.00682600,1.00679500,1.00683100
4.800000,1.00686500,1.00679600,1.00681700,1.00685300,1.00682600,1.00682600,1.00679500,1.00683200
4.802000,1.00686500,1.00679600,1.00681700,1.00685300,1.00682700,1.00682600,1.00679500,1.00683200
4.803999,1.00686600,1.00679600,1.00681700,1.00685300,1.00682700,1.00682600,1.00679500,1.00683200
4.806000,1.00686600,1.00679600,1.00681800,1.00685300,1.00682700,1.00682700,1.00679600,1.00683200
4.808000,1.00686600,1.00679600,1.00681800,1.00685300,1.00682700,1.00682700,1.00679600,1.00683200
4.810000,1.00686600,1.00679700,1.00681800,1.00685300,1.00682700,1.00682700,1.00679600,1.00683300
4.812000,1.00686600,1.00679700,1.00681800,1.00685400,1.00682800,1.00682700,1.00679600,1.00683300
4.814000,1.00686600,1.00679700,1.00681800,1.00685400,1.00682800,1.00682700,1.00679600,1.00683300
4.816000,1.00686700,1.00679700,1.00681900,1.00685400,1.00682800,1.00682800,1.00679700,1.00683300
4.817999,1.00686700,1.00679700,1.00681900,1.00685400,1.00682800,1.00682800,1.00679700,1.00683300
4.820000,1.00686700,1.00679800,1.00681900,1.00685500,1.00682900,1.00682800,1.00679700,1.00683400
4.822000,1.00686700,1.00679800,1.00681900,1.00685500,1.00682900,1.00682800,1.00679700,1.00683400
4.823999,1.00686800,1.00679800,1.00681900,1.00685500,1.00682900,1.00682800,1.00679700,1.00683400
4.826000,1.00686800,1.00679800,1.00682000,1.00685500,1.00682900,1.00682900,1.00679800,1.00683400
4.828000,1.00686800,1.00679900,1.00682000,1.00685500,1.00682900,1.00682900,1.00679800,1.00683400
4.830000,1.00686800,1.00679900,1.00682000,1.00685600,1.00683000,1.00682900,1.00679800,1.00683500
4.832000,1.00686800,1.00679900,1.00682000,1.00685600,1.00683000,1.00682900,1.00679800,1.00683500
4.834000,1.00686900,1.00679900,1.00682000,1.00685600,1.00683000,1.00682900,1.00679900,1.00683500
4.835999,1.00686900,1.00679900,1.00682100,1.00685600,1.00683000,1.00683000,1.00679900,1.00683500
4.837999,1.00686900,1.00679900,1.00682100,1.00685600,1.00683000,1.00683000,1.00679900,1.00683500
4.840000,1.00686900,1.00680000,1.00682100,1.00685700,1.00683100,1.00683000,1.00679900,1.00683600
4.842000,1.00686900,1.00680000,1.00682100,1.00685700,1.00683100,1.00683000,1.00679900,1.00683600
4.844000,1.00687000,1.00680000,1.00682200,1.00685700,1.00683100,1.00683000,1.00679900,1.00683600
4.846000,1.00687000,1.00680000,1.00682200,1.00685700,1.00683100,1.00683100,1.00680000,1.00683600
4.848000,1.00687000,1.00680100,1.00682200,1.00685700,1.00683100,1.00683100,1.00680000,1.00683700
4.850000,1.00687000,1.00680100,1.00682200,1.00685800,1.00683200,1.00683100,1.00680000,1.00683700
4.852000,1.00687100,1.00680100,1.00682200,1.00685800,1.00683200,1.00683100,1.00680000,1.00683700
4.854000,1.00687100,1.00680100,1.00682200,1.00685800,1.00683200,1.00683100,1.00680100,1.00683700
4.855999,1.00687100,1.00680100,1.00682300,1.00685800,1.00683200,1.00683200,1.00680100,1.00683700
4.857999,1.00687100,1.00680100,1.00682300,1.00685800,1.00683200,1.00683200,1.00680100,1.00683700
4.860000,1.00687100,1.00680200,1.00682300,1.00685900,1.00683300,1.00683200,1.00680100,1.00683800
4.862000,1.00687200,1.00680200,1.00682300,1.00685900,1.00683300,1.00683200,1.00680100,1.00683800
4.864000,1.00687200,1.00680200,1.00682400,1.00685900,1.00683300,1.00683200,1.00680100,1.00683800
4.866000,1.00687200,1.00680200,1.00682400,1.00685900,1.00683300,1.00683300,1.00680200,1.00683800
4.868000,1.00687200,1.00680300,1.00682400,1.00686000,1.00683300,1.00683300,1.00680200,1.00683900
4.870000,1.00687200,1.00680300,1.00682400,1.00686000,1.00683400,1.00683300,1.00680200,1.00683900
4.872000,1.00687300,1.00680300,1.00682400,1.00686000,1.00683400,1.00683300,1.00680200,1.00683900
4.874000,1.00687300,1.00680300,1.00682500,1.00686000,1.00683400,1.00683400,1.00680300,1.00683900
4.875999,1.00687300,1.00680300,1.00682500,1.00686000,1.00683400,1.00683400,1.00680300,1.00683900
4.878000,1.00687300,1.00680400,1.00682500,1.00686100,1.00683500,1.00683400,1.00680300,1.00684000
4.880000,1.00687300,1.00680400,1.00682500,1.00686100,1.00683500,1.00683400,1.00680300,1.00684000
4.881999,1.00687400,1.00680400,1.00682500,1.00686100,1.00683500,1.00683400,1.00680300,1.00684000
4.884000,1.00687400,1.00680400,1.00682600,1.00686100,1.00683500,1.00683500,1.00680400,1.00684000
4.886000,1.00687400,1.00680400,1.00682600,1.00686100,1.00683500,1.00683500,1.00680400,1.00684000
4.888000,1.00687400,1.00680500,1.00682600,1.00686200,1.00683600,1.00683500,1.00680400,1.00684100
4.890000,1.00687400,1.00680500,1.00682600,1.00686200,1.00683600,1.00683500,1.00680400,1.00684100
4.891999,1.00687500,1.00680500,1.00682600,1.00686200,1.00683600,1.00683500,1.00680400,1.00684100
4.894000,1.00687500,1.00680500,1.00682700,1.00686200,1.00683600,1.00683600,1.00680500,1.00684100
4.895999,1.00687500,1.00680500,1.00682700,1.00686200,1.00683600,1.00683600,1.00680500,1.00684100
4.898000,1.00687500,1.00680600,1.00682700,1.00686300,1.00683700,1.00683600,1.00680500,1.00684200
4.900000,1.00687600,1.00680600,1.00682700,1.00686300,1.00683700,1.00683600,1.00680500,1.00684200
4.901999,1.00687600,1.00680600,1.00682700,1.00686300,1.00683700,1.00683600,1.00680500,1.00684200
4.904000,1.00687600,1.00680600,1.00682800,1.00686300,1.00683700,1.00683700,1.00680600,1.00684200
4.906000,1.00687600,1.00680600,1.00682800,1.00686300,1.00683700,1.00683700,1.00680600,1.00684200
4.908000,1.00687600,1.00680700,1.00682800,1.00686400,1.00683800,1.00683700,1.00680600,1.00684300
4.909999,1.00687700,1.00680700,1.00682800,1.00686400,1.00683800,1.00683700,1.00680600,1.00684300
4.912000,1.00687700,1.00680700,1.00682900,1.00686400,1.00683800,1.00683700,1.00680600,1.00684300
4.914000,1.00687700,1.00680700,1.00682900,1.00686400,1.00683800,1.00683800,1.00680700,1.00684300
4.915999,1.00687700,1.00680700,1.00682900,1.00686500,1.00683800,1.00683800,1.00680700,1.00684400
4.918000,1.00687700,1.00680800,1.00682900,1.00686500,1.00683900,1.00683800,1.00680700,1.00684400
4.920000,1.00687800,1.00680800,1.00682900,1.00686500,1.00683900,1.00683800,1.00680700,1.00684400
4.922000,1.00687800,1.00680800,1.00683000,1.00686500,1.00683900,1.00683800,1.00680700,1.00684400
4.924000,1.00687800,1.00680800,1.00683000,1.00686500,1.00683900,1.00683900,1.00680800,1.00684400
4.926000,1.00687800,1.00680900,1.00683000,1.00686600,1.00684000,1.00683900,1.00680800,1.00684500
4.927999,1.00687800,1.00680900,1.00683000,1.00686600,1.00684000,1.00683900,1.00680800,1.00684500
4.929999,1.00687900,1.00680900,1.00683000,1.00686600,1.00684000,1.00683900,1.00680800,1.00684500
4.932000,1.00687900,1.00680900,1.00683100,1.00686600,1.00684000,1.00684000,1.00680900,1.00684500
4.934000,1.00687900,1.00680900,1.00683100,1.00686600,1.00684000,1.00684000,1.00680900,1.00684500
4.935999,1.00687900,1.00680900,1.00683100,1.00686700,1.00684000,1.00684000,1.00680900,1.00684600
4.938000,1.00688000,1.00681000,1.00683100,1.00686700,1.00684100,1.00684000,1.00680900,1.00684600
4.940000,1.00688000,1.00681000,1.00683100,1.00686700,1.00684100,1.00684000,1.00680900,1.00684600
4.942000,1.00688000,1.00681000,1.00683200,1.00686700,1.00684100,1.00684100,1.00680900,1.00684600
4.944000,1.00688000,1.00681000,1.00683200,1.00686700,1.00684100,1.00684100,1.00681000,1.00684600
4.946000,1.00688000,1.00681100,1.00683200,1.00686800,1.00684200,1.00684100,1.00681000,1.00684700
4.947999,1.00688100,1.00681100,1.00683200,1.00686800,1.00684200,1.00684100,1.00681000,1.00684700
4.949999,1.00688100,1.00681100,1.00683200,1.00686800,1.00684200,1.00684100,1.00681000,1.00684700
4.952000,1.00688100,1.00681100,1.00683300,1.00686800,1.00684200,1.00684200,1.00681100,1.00684700
4.954000,1.00688100,1.00681100,1.00683300,1.00686800,1.00684200,1.00684200,1.00681100,1.00684800
4.956000,1.00688100,1.00681100,1.00683300,1.00686900,1.00684300,1.00684200,1.00681100,1.00684800
4.958000,1.00688200,1.00681200,1.00683300,1.00686900,1.00684300,1.00684200,1.00681100,1.00684800
4.960000,1.00688200,1.00681200,1.00683300,1.00686900,1.00684300,1.00684200,1.00681100,1.00684800
4.962000,1.00688200,1.00681200,1.00683400,1.00686900,1.00684300,1.00684300,1.00681200,1.00684800
4.964000,1.00688200,1.00681200,1.00683400,1.00687000,1.00684300,1.00684300,1.00681200,1.00684800
4.966000,1.00688200,1.00681300,1.00683400,1.00687000,1.00684400,1.00684300,1.00681200,1.00684900
4.967999,1.00688300,1.00681300,1.00683400,1.00687000,1.00684400,1.00684300,1.00681200,1.00684900
4.969999,1.00688300,1.00681300,1.00683500,1.00687000,1.00684400,1.00684300,1.00681200,1.00684900
4.972000,1.00688300,1.00681300,1.00683500,1.00687000,1.00684400,1.00684400,1.00681300,1.00684900
4.974000,1.00688300,1.00681300,1.00683500,1.00687100,1.00684500,1.00684400,1.00681300,1.00685000
4.976000,1.00688400,1.00681400,1.00683500,1.00687100,1.00684500,1.00684400,1.00681300,1.00685000
4.978000,1.00688400,1.00681400,1.00683500,1.00687100,1.00684500,1.00684400,1.00681300,1.00685000
4.980000,1.00688400,1.00681400,1.00683600,1.00687100,1.00684500,1.00684500,1.00681300,1.00685000
4.982000,1.00688400,1.00681400,1.00683600,1.00687100,1.00684500,1.00684500,1.00681400,1.00685000
4.984000,1.00688400,1.00681400,1.00683600,1.00687200,1.00684500,1.00684500,1.00681400,1.00685100
4.986000,1.00688500,1.00681500,1.00683600,1.00687200,1.00684600,1.00684500,1.00681400,1.00685100
4.987999,1.00688500,1.00681500,1.00683600,1.00687200,1.00684600,1.00684500,1.00681400,1.00685100
4.990000,1.00688500,1.00681500,1.00683700,1.00687200,1.00684600,1.00684500,1.00681400,1.00685100
4.992000,1.00688500,1.00681500,1.00683700,1.00687200,1.00684600,1.00684600,1.00681500,1.00685100
4.993999,1.00688500,1.00681500,1.00683700,1.00687300,1.00684700,1.00684600,1.00681500,1.00685200
4.996000,1.00688600,1.00681600,1.00683700,1.00687300,1.00684700,1.00684600,1.00681500,1.00685200
4.998000,1.00688600,1.00681600,1.00683700,1.00687300,1.00684700,1.00684600,1.00681500,1.00685200
5.000000,1.00688600,1.00681600,1.00683800,1.00687300,1.00684700,1.00684700,1.00681500,1.00685200
5.002000,1.00688600,1.00681600,1.00683800,1.00687300,1.00684700,1.00684700,1.00681600,1.00685200
5.003999,1.00688600,1.00681600,1.00683800,1.00687400,1.00684800,1.00684700,1.00681600,1.00685300
5.006000,1.00688700,1.00681700,1.00683800,1.00687400,1.00684800,1.00684700,1.00681600,1.00685300
5.007999,1.00688700,1.00681700,1.00683800,1.00687400,1.00684800,1.00684700,1.00681600,1.00685300
5.010000,1.00688700,1.00681700,1.00683900,1.00687400,1.00684800,1.00684800,1.00681700,1.00685300
5.012000,1.00688700,1.00681700,1.00683900,1.00687500,1.00684800,1.00684800,1.00681700,1.00685300
5.013999,1.00688800,1.00681700,1.00683900,1.00687500,1.00684900,1.00684800,1.00681700,1.00685400
5.016000,1.00688800,1.00681800,1.00683900,1.00687500,1.00684900,1.00684800,1.00681700,1.00685400
5.018000,1.00688800,1.00681800,1.00684000,1.00687500,1.00684900,1.00684800,1.00681700,1.00685400
5.020000,1.00688800,1.00681800,1.00684000,1.00687500,1.00684900,1.00684900,1.00681800,1.00685400
5.021999,1.00688800,1.00681800,1.00684000,1.00687600,1.00684900,1.00684900,1.00681800,1.00685500
5.024000,1.00688900,1.00681900,1.00684000,1.00687600,1.00685000,1.00684900,1.00681800,1.00685500
5.026000,1.00688900,1.00681900,1.00684000,1.00687600,1.00685000,1.00684900,1.00681800,1.00685500
5.027999,1.00688900,1.00681900,1.00684100,1.00687600,1.00685000,1.00685000,1.00681800,1.00685500
5.030000,1.00688900,1.00681900,1.00684100,1.00687600,1.00685000,1.00685000,1.00681900,1.00685500
5.032000,1.00688900,1.00681900,1.00684100,1.00687700,1.00685000,1.00685000,1.00681900,1.00685600
5.034000,1.00689000,1.00681900,1.00684100,1.00687700,1.00685100,1.00685000,1.00681900,1.00685600
5.036000,1.00689000,1.00682000,1.00684100,1.00687700,1.00685100,1.00685000,1.00681900,1.00685600
5.038000,1.00689000,1.00682000,1.00684200,1.00687700,1.00685100,1.00685000,1.00681900,1.00685600
5.039999,1.00689000,1.00682000,1.00684200,1.00687800,1.00685100,1.00685100,1.00682000,1.00685600
5.041999,1.00689000,1.00682000,1.00684200,1.00687800,1.00685200,1.00685100,1.00682000,1.00685700
5.044000,1.00689100,1.00682100,1.00684200,1.00687800,1.00685200,1.00685100,1.00682000,1.00685700
5.046000,1.00689100,1.00682100,1.00684200,1.00687800,1.00685200,1.00685100,1.00682000,1.00685700
5.047999,1.00689100,1.00682100,1.00684300,1.00687800,1.00685200,1.00685200,1.00682000,1.00685700
5.050000,1.00689100,1.00682100,1.00684300,1.00687800,1.00685200,1.00685200,1.00682100,1.00685700
5.052000,1.00689100,1.00682100,1.00684300,1.00687900,1.00685300,1.00685200,1.00682100,1.00685800
5.054000,1.00689200,1.00682200,1.00684300,1.00687900,1.00685300,1.00685200,1.00682100,1.00685800
5.056000,1.00689200,1.00682200,1.00684300,1.00687900,1.00685300,1.00685200,1.00682100,1.00685800
5.058000,1.00689200,1.00682200,1.00684400,1.00687900,1.00685300,1.00685300,1.00682200,1.00685800
5.059999,1.00689200,1.00682200,1.00684400,1.00688000,1.00685300,1.00685300,1.00682200,1.00685800
5.061999,1.00689300,1.00682200,1.00684400,1.00688000,1.00685400,1.00685300,1.00682200,1.00685900
5.064000,1.00689300,1.00682300,1.00684400,1.00688000,1.00685400,1.00685300,1.00682200,1.00685900
5.066000,1.00689300,1.00682300,1.00684500,1.00688000,1.00685400,1.00685300,1.00682200,1.00685900
5.068000,1.00689300,1.00682300,1.00684500,1.00688000,1.00685400,1.00685400,1.00682200,1.00685900
5.070000,1.00689300,1.00682300,1.00684500,1.00688100,1.00685400,1.00685400,1.00682300,1.00686000
5.072000,1.00689400,1.00682300,1.00684500,1.00688100,1.00685500,1.00685400,1.00682300,1.00686000
5.074000,1.00689400,1.00682400,1.00684500,1.00688100,1.00685500,1.00685400,1.00682300,1.00686000
5.076000,1.00689400,1.00682400,1.00684600,1.00688100,1.00685500,1.00685400,1.00682300,1.00686000
5.078000,1.00689400,1.00682400,1.00684600,1.00688100,1.00685500,1.00685500,1.00682400,1.00686000
5.079999,1.00689400,1.00682400,1.00684600,1.00688200,1.00685500,1.00685500,1.00682400,1.00686100
5.081999,1.00689500,1.00682400,1.00684600,1.00688200,1.00685600,1.00685500,1.00682400,1.00686100
5.084000,1.00689500,1.00682500,1.00684600,1.00688200,1.00685600,1.00685500,1.00682400,1.00686100
5.085999,1.00689500,1.00682500,1.00684700,1.00688200,1.00685600,1.00685500,1.00682400,1.00686100
5.088000,1.00689500,1.00682500,1.00684700,1.00688300,1.00685600,1.00685600,1.00682500,1.00686100
5.090000,1.00689600,1.00682500,1.00684700,1.00688300,1.00685700,1.00685600,1.00682500,1.00686200
5.092000,1.00689600,1.00682500,1.00684700,1.00688300,1.00685700,1.00685600,1.00682500,1.00686200
5.094000,1.00689600,1.00682600,1.00684700,1.00688300,1.00685700,1.00685600,1.00682500,1.00686200
5.096000,1.00689600,1.00682600,1.00684800,1.00688300,1.00685700,1.00685700,1.00682500,1.00686200
5.098000,1.00689600,1.00682600,1.00684800,1.00688400,1.00685700,1.00685700,1.00682600,1.00686200
5.099999,1.00689700,1.00682600,1.00684800,1.00688400,1.00685800,1.00685700,1.00682600,1.00686300
5.102000,1.00689700,1.00682700,1.00684800,1.00688400,1.00685800,1.00685700,1.00682600,1.00686300
5.104000,1.00689700,1.00682700,1.00684800,1.00688400,1.00685800,1.00685700,1.00682600,1.00686300
5.105999,1.00689700,1.00682700,1.00684900,1.00688400,1.00685800,1.00685800,1.00682600,1.00686300
5.108000,1.00689700,1.00682700,1.00684900,1.00688500,1.00685800,1.00685800,1.00682700,1.00686300
5.110000,1.00689800,1.00682700,1.00684900,1.00688500,1.00685900,1.00685800,1.00682700,1.00686400
5.112000,1.00689800,1.00682700,1.00684900,1.00688500,1.00685900,1.00685800,1.00682700,1.00686400
5.114000,1.00689800,1.00682800,1.00685000,1.00688500,1.00685900,1.00685800,1.00682700,1.00686400
5.115999,1.00689800,1.00682800,1.00685000,1.00688500,1.00685900,1.00685900,1.00682700,1.00686400
5.118000,1.00689900,1.00682800,1.00685000,1.00688600,1.00685900,1.00685900,1.00682800,1.00686500
5.119999,1.00689900,1.00682800,1.00685000,1.00688600,1.00686000,1.00685900,1.00682800,1.00686500
5.122000,1.00689900,1.00682900,1.00685000,1.00688600,1.00686000,1.00685900,1.00682800,1.00686500
5.124000,1.00689900,1.00682900,1.00685100,1.00688600,1.00686000,1.00685900,1.00682800,1.00686500
5.125999,1.00689900,1.00682900,1.00685100,1.00688600,1.00686000,1.00686000,1.00682800,1.00686500
5.128000,1.00690000,1.00682900,1.00685100,1.00688700,1.00686000,1.00686000,1.00682900,1.00686600
5.130000,1.00690000,1.00682900,1.00685100,1.00688700,1.00686100,1.00686000,1.00682900,1.00686600
5.132000,1.00690000,1.00683000,1.00685100,1.00688700,1.00686100,1.00686000,1.00682900,1.00686600
5.133999,1.00690000,1.00683000,1.00685200,1.00688700,1.00686100,1.00686000,1.00682900,1.00686600
5.136000,1.00690000,1.00683000,1.00685200,1.00688800,1.00686100,1.00686100,1.00683000,1.00686600
5.138000,1.00690100,1.00683000,1.00685200,1.00688800,1.00686200,1.00686100,1.00683000,1.00686700
5.139999,1.00690100,1.00683000,1.00685200,1.00688800,1.00686200,1.00686100,1.00683000,1.00686700
5.142000,1.00690100,1.00683100,1.00685300,1.00688800,1.00686200,1.00686100,1.00683000,1.00686700
5.144000,1.00690100,1.00683100,1.00685300,1.00688800,1.00686200,1.00686200,1.00683000,1.00686700
5.146000,1.00690200,1.00683100,1.00685300,1.00688900,1.00686200,1.00686200,1.00683100,1.00686700
5.148000,1.00690200,1.00683100,1.00685300,1.00688900,1.00686300,1.00686200,1.00683100,1.00686800
5.150000,1.00690200,1.00683100,1.00685300,1.00688900,1.00686300,1.00686200,1.00683100,1.00686800
5.151999,1.00690200,1.00683200,1.00685300,1.00688900,1.00686300,1.00686200,1.00683100,1.00686800
5.153999,1.00690200,1.00683200,1.00685400,1.00688900,1.00686300,1.00686300,1.00683100,1.00686800
5.156000,1.00690200,1.00683200,1.00685400,1.00689000,1.00686300,1.00686300,1.00683200,1.00686800
5.158000,1.00690300,1.00683200,1.00685400,1.00689000,1.00686400,1.00686300,1.00683200,1.00686900
5.159999,1.00690300,1.00683200,1.00685400,1.00689000,1.00686400,1.00686300,1.00683200,1.00686900
5.162000,1.00690300,1.00683300,1.00685500,1.00689000,1.00686400,1.00686300,1.00683200,1.00686900
5.164000,1.00690300,1.00683300,1.00685500,1.00689100,1.00686400,1.00686400,1.00683200,1.00686900
5.166000,1.00690400,1.00683300,1.00685500,1.00689100,1.00686400,1.00686400,1.00683300,1.00687000
5.168000,1.00690400,1.00683300,1.00685500,1.00689100,1.00686500,1.00686400,1.00683300,1.00687000
5.170000,1.00690400,1.00683300,1.00685500,1.00689100,1.00686500,1.00686400,1.00683300,1.00687000
5.171999,1.00690400,1.00683400,1.00685600,1.00689100,1.00686500,1.00686400,1.00683300,1.00687000
5.173999,1.00690400,1.00683400,1.00685600,1.00689100,1.00686500,1.00686500,1.00683300,1.00687000
5.176000,1.00690500,1.00683400,1.00685600,1.00689200,1.00686600,1.00686500,1.00683400,1.00687100
5.177999,1.00690500,1.00683400,1.00685600,1.00689200,1.00686600,1.00686500,1.00683400,1.00687100
5.180000,1.00690500,1.00683500,1.00685600,1.00689200,1.00686600,1.00686500,1.00683400,1.00687100
5.182000,1.00690500,1.00683500,1.00685700,1.00689200,1.00686600,1.00686600,1.00683400,1.00687100
5.184000,1.00690500,1.00683500,1.00685700,1.00689300,1.00686600,1.00686600,1.00683500,1.00687100
5.186000,1.00690600,1.00683500,1.00685700,1.00689300,1.00686700,1.00686600,1.00683500,1.00687200
5.188000,1.00690600,1.00683500,1.00685700,1.00689300,1.00686700,1.00686600,1.00683500,1.00687200
5.190000,1.00690600,1.00683600,1.00685800,1.00689300,1.00686700,1.00686600,1.00683500,1.00687200
5.191999,1.00690600,1.00683600,1.00685800,1.00689300,1.00686700,1.00686700,1.00683500,1.00687200
5.193999,1.00690700,1.00683600,1.00685800,1.00689400,1.00686700,1.00686700,1.00683500,1.00687200
5.196000,1.00690700,1.00683600,1.00685800,1.00689400,1.00686800,1.00686700,1.00683600,1.00687300
5.197999,1.00690700,1.00683600,1.00685800,1.00689400,1.00686800,1.00686700,1.00683600,1.00687300
5.200000,1.00690700,1.00683700,1.00685800,1.00689400,1.00686800,1.00686700,1.00683600,1.00687300
5.202000,1.00690700,1.00683700,1.00685900,1.00689400,1.00686800,1.00686800,1.00683600,1.00687300
5.204000,1.00690800,1.00683700,1.00685900,1.00689500,1.00686800,1.00686800,1.00683700,1.00687300
5.206000,1.00690800,1.00683700,1.00685900,1.00689500,1.00686900,1.00686800,1.00683700,1.00687400
5.208000,1.00690800,1.00683700,1.00685900,1.00689500,1.00686900,1.00686800,1.00683700,1.00687400
5.210000,1.00690800,1.00683800,1.00686000,1.00689500,1.00686900,1.00686800,1.00683700,1.00687400
5.211999,1.00690800,1.00683800,1.00686000,1.00689600,1.00686900,1.00686900,1.00683700,1.00687400
5.214000,1.00690900,1.00683800,1.00686000,1.00689600,1.00686900,1.00686900,1.00683800,1.00687500
5.216000,1.00690900,1.00683800,1.00686000,1.00689600,1.00687000,1.00686900,1.00683800,1.00687500
5.217999,1.00690900,1.00683800,1.00686000,1.00689600,1.00687000,1.00686900,1.00683800,1.00687500
5.220000,1.00690900,1.00683900,1.00686100,1.00689600,1.00687000,1.00686900,1.00683800,1.00687500
5.222000,1.00690900,1.00683900,1.00686100,1.00689700,1.00687000,1.00687000,1.00683800,1.00687500
5.224000,1.00691000,1.00683900,1.00686100,1.00689700,1.00687100,1.00687000,1.00683900,1.00687600
5.226000,1.00691000,1.00683900,1.00686100,1.00689700,1.00687100,1.00687000,1.00683900,1.00687600
5.228000,1.00691000,1.00683900,1.00686100,1.00689700,1.00687100,1.00687000,1.00683900,1.00687600
5.230000,1.00691000,1.00684000,1.00686200,1.00689700,1.00687100,1.00687100,1.00683900,1.00687600
5.231999,1.00691100,1.00684000,1.00686200,1.00689800,1.00687100,1.00687100,1.00683900,1.00687600
5.234000,1.00691100,1.00684000,1.00686200,1.00689800,1.00687200,1.00687100,1.00684000,1.00687700
5.236000,1.00691100,1.00684000,1.00686200,1.00689800,1.00687200,1.00687100,1.00684000,1.00687700
5.237999,1.00691100,1.00684000,1.00686300,1.00689800,1.00687200,1.00687100,1.00684000,1.00687700
5.240000,1.00691100,1.00684100,1.00686300,1.00689900,1.00687200,1.00687200,1.00684000,1.00687700
5.242000,1.00691200,1.00684100,1.00686300,1.00689900,1.00687200,1.00687200,1.00684000,1.00687700
5.244000,1.00691200,1.00684100,1.00686300,1.00689900,1.00687300,1.00687200,1.00684100,1.00687800
5.245999,1.00691200,1.00684100,1.00686300,1.00689900,1.00687300,1.00687200,1.00684100,1.00687800
5.248000,1.00691200,1.00684200,1.00686400,1.00689900,1.00687300,1.00687200,1.00684100,1.00687800
5.250000,1.00691200,1.00684200,1.00686400,1.00690000,1.00687300,1.00687300,1.00684100,1.00687800
5.251999,1.00691300,1.00684200,1.00686400,1.00690000,1.00687300,1.00687300,1.00684200,1.00687800
5.254000,1.00691300,1.00684200,1.00686400,1.00690000,1.00687400,1.00687300,1.00684200,1.00687900
5.256000,1.00691300,1.00684200,1.00686400,1.00690000,1.00687400,1.00687300,1.00684200,1.00687900
5.258000,1.00691300,1.00684200,1.00686500,1.00690000,1.00687400,1.00687300,1.00684200,1.00687900
5.260000,1.00691400,1.00684300,1.00686500,1.00690100,1.00687400,1.00687400,1.00684200,1.00687900
5.262000,1.00691400,1.00684300,1.00686500,1.00690100,1.00687400,1.00687400,1.00684200,1.00688000
5.263999,1.00691400,1.00684300,1.00686500,1.00690100,1.00687500,1.00687400,1.00684300,1.00688000
5.265999,1.00691400,1.00684300,1.00686500,1.00690100,1.00687500,1.00687400,1.00684300,1.00688000
5.268000,1.00691400,1.00684400,1.00686600,1.00690100,1.00687500,1.00687400,1.00684300,1.00688000
5.270000,1.00691500,1.00684400,1.00686600,1.00690200,1.00687500,1.00687500,1.00684300,1.00688000
5.271999,1.00691500,1.00684400,1.00686600,1.00690200,1.00687600,1.00687500,1.00684400,1.00688100
5.274000,1.00691500,1.00684400,1.00686600,1.00690200,1.00687600,1.00687500,1.00684400,1.00688100
5.276000,1.00691500,1.00684400,1.00686600,1.00690200,1.00687600,1.00687500,1.00684400,1.00688100
5.278000,1.00691500,1.00684500,1.00686700,1.00690200,1.00687600,1.00687600,1.00684400,1.00688100
5.280000,1.00691600,1.00684500,1.00686700,1.00690300,1.00687600,1.00687600,1.00684400,1.00688100
5.282000,1.00691600,1.00684500,1.00686700,1.00690300,1.00687700,1.00687600,1.00684500,1.00688200
5.283999,1.00691600,1.00684500,1.00686700,1.00690300,1.00687700,1.00687600,1.00684500,1.00688200
5.285999,1.00691600,1.00684500,1.00686800,1.00690300,1.00687700,1.00687600,1.00684500,1.00688200
5.288000,1.00691700,1.00684600,1.00686800,1.00690400,1.00687700,1.00687700,1.00684500,1.00688200
5.289999,1.00691700,1.00684600,1.00686800,1.00690400,1.00687700,1.00687700,1.00684500,1.00688300
5.292000,1.00691700,1.00684600,1.00686800,1.00690400,1.00687800,1.00687700,1.00684600,1.00688300
5.294000,1.00691700,1.00684600,1.00686800,1.00690400,1.00687800,1.00687700,1.00684600,1.00688300
5.296000,1.00691700,1.00684600,1.00686900,1.00690400,1.00687800,1.00687700,1.00684600,1.00688300
5.298000,1.00691800,1.00684700,1.00686900,1.00690500,1.00687800,1.00687800,1.00684600,1.00688300
5.300000,1.00691800,1.00684700,1.00686900,1.00690500,1.00687800,1.00687800,1.00684700,1.00688400
5.302000,1.00691800,1.00684700,1.00686900,1.00690500,1.00687900,1.00687800,1.00684700,1.00688400
5.303999,1.00691800,1.00684700,1.00686900,1.00690500,1.00687900,1.00687800,1.00684700,1.00688400
5.305999,1.00691800,1.00684800,1.00687000,1.00690500,1.00687900,1.00687800,1.00684700,1.00688400
5.308000,1.00691900,1.00684800,1.00687000,1.00690600,1.00687900,1.00687900,1.00684700,1.00688400
5.309999,1.00691900,1.00684800,1.00687000,1.00690600,1.00688000,1.00687900,1.00684800,1.00688500
5.312000,1.00691900,1.00684800,1.00687000,1.00690600,1.00688000,1.00687900,1.00684800,1.00688500
5.314000,1.00691900,1.00684800,1.00687100,1.00690600,1.00688000,1.00687900,1.00684800,1.00688500
5.316000,1.00692000,1.00684900,1.00687100,1.00690700,1.00688000,1.00687900,1.00684800,1.00688500
5.318000,1.00692000,1.00684900,1.00687100,1.00690700,1.00688000,1.00688000,1.00684800,1.00688500
5.320000,1.00692000,1.00684900,1.00687100,1.00690700,1.00688100,1.00688000,1.00684900,1.00688600
5.322000,1.00692000,1.00684900,1.00687100,1.00690700,1.00688100,1.00688000,1.00684900,1.00688600
5.323999,1.00692000,1.00684900,1.00687100,1.00690700,1.00688100,1.00688000,1.00684900,1.00688600
5.326000,1.00692100,1.00685000,1.00687200,1.00690800,1.00688100,1.00688100,1.00684900,1.00688600
5.328000,1.00692100,1.00685000,1.00687200,1.00690800,1.00688100,1.00688100,1.00684900,1.00688600
5.329999,1.00692100,1.00685000,1.00687200,1.00690800,1.00688200,1.00688100,1.00685000,1.00688700
5.332000,1.00692100,1.00685000,1.00687200,1.00690800,1.00688200,1.00688100,1.00685000,1.00688700
5.334000,1.00692100,1.00685000,1.00687300,1.00690800,1.00688200,1.00688100,1.00685000,1.00688700
5.336000,1.00692200,1.00685100,1.00687300,1.00690900,1.00688200,1.00688200,1.00685000,1.00688700
5.338000,1.00692200,1.00685100,1.00687300,1.00690900,1.00688200,1.00688200,1.00685000,1.00688800
5.340000,1.00692200,1.00685100,1.00687300,1.00690900,1.00688300,1.00688200,1.00685100,1.00688800
5.342000,1.00692200,1.00685100,1.00687300,1.00690900,1.00688300,1.00688200,1.00685100,1.00688800
5.343999,1.00692200,1.00685100,1.00687400,1.00690900,1.00688300,1.00688200,1.00685100,1.00688800
5.346000,1.00692300,1.00685200,1.00687400,1.00691000,1.00688300,1.00688300,1.00685100,1.00688800
5.348000,1.00692300,1.00685200,1.00687400,1.00691000,1.00688400,1.00688300,1.00685100,1.00688900
5.349999,1.00692300,1.00685200,1.00687400,1.00691000,1.00688400,1.00688300,1.00685200,1.00688900
5.352000,1.00692300,1.00685200,1.00687400,1.00691000,1.00688400,1.00688300,1.00685200,1.00688900
5.354000,1.00692400,1.00685200,1.00687500,1.00691100,1.00688400,1.00688400,1.00685200,1.00688900
5.356000,1.00692400,1.00685300,1.00687500,1.00691100,1.00688400,1.00688400,1.00685200,1.00688900
5.358000,1.00692400,1.00685300,1.00687500,1.00691100,1.00688500,1.00688400,1.00685300,1.00689000
5.360000,1.00692400,1.00685300,1.00687500,1.00691100,1.00688500,1.00688400,1.00685300,1.00689000
5.362000,1.00692400,1.00685300,1.00687600,1.00691100,1.00688500,1.00688400,1.00685300,1.00689000
5.363999,1.00692500,1.00685300,1.00687600,1.00691200,1.00688500,1.00688500,1.00685300,1.00689000
5.366000,1.00692500,1.00685400,1.00687600,1.00691200,1.00688500,1.00688500,1.00685300,1.00689100
5.368000,1.00692500,1.00685400,1.00687600,1.00691200,1.00688600,1.00688500,1.00685400,1.00689100
5.370000,1.00692500,1.00685400,1.00687600,1.00691200,1.00688600,1.00688500,1.00685400,1.00689100
5.372000,1.00692500,1.00685400,1.00687700,1.00691200,1.00688600,1.00688500,1.00685400,1.00689100
5.374000,1.00692600,1.00685500,1.00687700,1.00691300,1.00688600,1.00688600,1.00685400,1.00689100
5.375999,1.00692600,1.00685500,1.00687700,1.00691300,1.00688600,1.00688600,1.00685400,1.00689100
5.377999,1.00692600,1.00685500,1.00687700,1.00691300,1.00688700,1.00688600,1.00685500,1.00689200
5.380000,1.00692600,1.00685500,1.00687700,1.00691300,1.00688700,1.00688600,1.00685500,1.00689200
5.381999,1.00692700,1.00685500,1.00687800,1.00691300,1.00688700,1.00688600,1.00685500,1.00689200
5.383999,1.00692700,1.00685600,1.00687800,1.00691400,1.00688700,1.00688700,1.00685500,1.00689200
5.386000,1.00692700,1.00685600,1.00687800,1.00691400,1.00688800,1.00688700,1.00685500,1.00689300
5.388000,1.00692700,1.00685600,1.00687800,1.00691400,1.00688800,1.00688700,1.00685600,1.00689300
5.390000,1.00692700,1.00685600,1.00687800,1.00691400,1.00688800,1.00688700,1.00685600,1.00689300
5.392000,1.00692800,1.00685600,1.00687900,1.00691400,1.00688800,1.00688700,1.00685600,1.00689300
5.394000,1.00692800,1.00685700,1.00687900,1.00691500,1.00688800,1.00688800,1.00685600,1.00689300
5.395999,1.00692800,1.00685700,1.00687900,1.00691500,1.00688900,1.00688800,1.00685600,1.00689400
5.397999,1.00692800,1.00685700,1.00687900,1.00691500,1.00688900,1.00688800,1.00685700,1.00689400
5.400000,1.00692800,1.00685700,1.00687900,1.00691500,1.00688900,1.00688800,1.00685700,1.00689400
5.401999,1.00692900,1.00685700,1.00688000,1.00691600,1.00688900,1.00688900,1.00685700,1.00689400
5.404000,1.00692900,1.00685800,1.00688000,1.00691600,1.00688900,1.00688900,1.00685700,1.00689400
5.406000,1.00692900,1.00685800,1.00688000,1.00691600,1.00689000,1.00688900,1.00685800,1.00689500
5.408000,1.00692900,1.00685800,1.00688000,1.00691600,1.00689000,1.00688900,1.00685800,1.00689500
5.410000,1.00693000,1.00685800,1.00688100,1.00691600,1.00689000,1.00688900,1.00685800,1.00689500
5.412000,1.00693000,1.00685800,1.00688100,1.00691700,1.00689000,1.00689000,1.00685800,1.00689500
5.414000,1.00693000,1.00685900,1.00688100,1.00691700,1.00689000,1.00689000,1.00685800,1.00689600
5.415999,1.00693000,1.00685900,1.00688100,1.00691700,1.00689100,1.00689000,1.00685900,1.00689600
5.417999,1.00693000,1.00685900,1.00688100,1.00691700,1.00689100,1.00689000,1.00685900,1.00689600
5.420000,1.00693100,1.00685900,1.00688200,1.00691700,1.00689100,1.00689000,1.00685900,1.00689600
5.421999,1.00693100,1.00686000,1.00688200,1.00691800,1.00689100,1.00689100,1.00685900,1.00689600
5.424000,1.00693100,1.00686000,1.00688200,1.00691800,1.00689100,1.00689100,1.00685900,1.00689700
5.426000,1.00693100,1.00686000,1.00688200,1.00691800,1.00689200,1.00689100,1.00686000,1.00689700
5.427999,1.00693100,1.00686000,1.00688200,1.00691800,1.00689200,1.00689100,1.00686000,1.00689700
5.430000,1.00693200,1.00686000,1.00688300,1.00691900,1.00689200,1.00689100,1.00686000,1.00689700
5.432000,1.00693200,1.00686000,1.00688300,1.00691900,1.00689200,1.00689200,1.00686000,1.00689700
5.434000,1.00693200,1.00686100,1.00688300,1.00691900,1.00689300,1.00689200,1.00686000,1.00689800
5.435999,1.00693200,1.00686100,1.00688300,1.00691900,1.00689300,1.00689200,1.00686100,1.00689800
5.438000,1.00693200,1.00686100,1.00688400,1.00691900,1.00689300,1.00689200,1.00686100,1.00689800
5.440000,1.00693300,1.00686100,1.00688400,1.00692000,1.00689300,1.00689300,1.00686100,1.00689800
5.441999,1.00693300,1.00686200,1.00688400,1.00692000,1.00689300,1.00689300,1.00686100,1.00689900
5.444000,1.00693300,1.00686200,1.00688400,1.00692000,1.00689400,1.00689300,1.00686100,1.00689900
5.446000,1.00693300,1.00686200,1.00688400,1.00692000,1.00689400,1.00689300,1.00686200,1.00689900
5.448000,1.00693400,1.00686200,1.00688500,1.00692000,1.00689400,1.00689300,1.00686200,1.00689900
5.450000,1.00693400,1.00686200,1.00688500,1.00692100,1.00689400,1.00689400,1.00686200,1.00689900
5.452000,1.00693400,1.00686300,1.00688500,1.00692100,1.00689400,1.00689400,1.00686200,1.00689900
5.454000,1.00693400,1.00686300,1.00688500,1.00692100,1.00689500,1.00689400,1.00686300,1.00690000
5.455999,1.00693400,1.00686300,1.00688500,1.00692100,1.00689500,1.00689400,1.00686300,1.00690000
5.458000,1.00693500,1.00686300,1.00688600,1.00692200,1.00689500,1.00689400,1.00686300,1.00690000
5.460000,1.00693500,1.00686300,1.00688600,1.00692200,1.00689500,1.00689500,1.00686300,1.00690000
5.461999,1.00693500,1.00686400,1.00688600,1.00692200,1.00689600,1.00689500,1.00686300,1.00690100
5.464000,1.00693500,1.00686400,1.00688600,1.00692200,1.00689600,1.00689500,1.00686400,1.00690100
5.466000,1.00693500,1.00686400,1.00688600,1.00692200,1.00689600,1.00689500,1.00686400,1.00690100
5.468000,1.00693600,1.00686400,1.00688700,1.00692300,1.00689600,1.00689500,1.00686400,1.00690100
5.470000,1.00693600,1.00686400,1.00688700,1.00692300,1.00689600,1.00689600,1.00686400,1.00690100
5.472000,1.00693600,1.00686500,1.00688700,1.00692300,1.00689600,1.00689600,1.00686400,1.00690200
5.474000,1.00693600,1.00686500,1.00688700,1.00692300,1.00689700,1.00689600,1.00686500,1.00690200
5.475999,1.00693700,1.00686500,1.00688800,1.00692300,1.00689700,1.00689600,1.00686500,1.00690200
5.478000,1.00693700,1.00686500,1.00688800,1.00692400,1.00689700,1.00689600,1.00686500,1.00690200
5.480000,1.00693700,1.00686600,1.00688800,1.00692400,1.00689700,1.00689700,1.00686500,1.00690200
5.482000,1.00693700,1.00686600,1.00688800,1.00692400,1.00689800,1.00689700,1.00686500,1.00690300
5.484000,1.00693700,1.00686600,1.00688800,1.00692400,1.00689800,1.00689700,1.00686600,1.00690300
5.486000,1.00693800,1.00686600,1.00688900,1.00692500,1.00689800,1.00689700,1.00686600,1.00690300
5.488000,1.00693800,1.00686600,1.00688900,1.00692500,1.00689800,1.00689800,1.00686600,1.00690300
5.489999,1.00693800,1.00686700,1.00688900,1.00692500,1.00689800,1.00689800,1.00686600,1.00690400
5.492000,1.00693800,1.00686700,1.00688900,1.00692500,1.00689900,1.00689800,1.00686600,1.00690400
5.493999,1.00693800,1.00686700,1.00688900,1.00692500,1.00689900,1.00689800,1.00686700,1.00690400
5.495999,1.00693900,1.00686700,1.00689000,1.00692600,1.00689900,1.00689800,1.00686700,1.00690400
5.498000,1.00693900,1.00686700,1.00689000,1.00692600,1.00689900,1.00689900,1.00686700,1.00690400
5.500000,1.00693900,1.00686800,1.00689000,1.00692600,1.00689900,1.00689900,1.00686700,1.00690500
5.502000,1.00693900,1.00686800,1.00689000,1.00692600,1.00690000,1.00689900,1.00686800,1.00690500
5.504000,1.00694000,1.00686800,1.00689000,1.00692600,1.00690000,1.00689900,1.00686800,1.00690500
5.506000,1.00694000,1.00686800,1.00689100,1.00692700,1.00690000,1.00689900,1.00686800,1.00690500
5.507999,1.00694000,1.00686800,1.00689100,1.00692700,1.00690000,1.00690000,1.00686800,1.00690500
5.509999,1.00694000,1.00686900,1.00689100,1.00692700,1.00690100,1.00690000,1.00686800,1.00690600
5.512000,1.00694000,1.00686900,1.00689100,1.00692700,1.00690100,1.00690000,1.00686900,1.00690600
5.513999,1.00694100,1.00686900,1.00689100,1.00692700,1.00690100,1.00690000,1.00686900,1.00690600
5.516000,1.00694100,1.00686900,1.00689200,1.00692800,1.00690100,1.00690100,1.00686900,1.00690600
5.518000,1.00694100,1.00686900,1.00689200,1.00692800,1.00690100,1.00690100,1.00686900,1.00690700
5.520000,1.00694100,1.00687000,1.00689200,1.00692800,1.00690200,1.00690100,1.00686900,1.00690700
5.522000,1.00694100,1.00687000,1.00689200,1.00692800,1.00690200,1.00690100,1.00687000,1.00690700
5.524000,1.00694200,1.00687000,1.00689300,1.00692900,1.00690200,1.00690100,1.00687000,1.00690700
5.526000,1.00694200,1.00687000,1.00689300,1.00692900,1.00690200,1.00690200,1.00687000,1.00690700
5.527999,1.00694200,1.00687100,1.00689300,1.00692900,1.00690200,1.00690200,1.00687000,1.00690800
5.529999,1.00694200,1.00687100,1.00689300,1.00692900,1.00690300,1.00690200,1.00687100,1.00690800
5.532000,1.00694300,1.00687100,1.00689300,1.00692900,1.00690300,1.00690200,1.00687100,1.00690800
5.533999,1.00694300,1.00687100,1.00689400,1.00693000,1.00690300,1.00690200,1.00687100,1.00690800
5.536000,1.00694300,1.00687100,1.00689400,1.00693000,1.00690300,1.00690300,1.00687100,1.00690800
5.538000,1.00694300,1.00687200,1.00689400,1.00693000,1.00690400,1.00690300,1.00687100,1.00690900
5.539999,1.00694300,1.00687200,1.00689400,1.00693000,1.00690400,1.00690300,1.00687100,1.00690900
5.542000,1.00694400,1.00687200,1.00689400,1.00693000,1.00690400,1.00690300,1.00687200,1.00690900
5.544000,1.00694400,1.00687200,1.00689500,1.00693100,1.00690400,1.00690300,1.00687200,1.00690900
5.546000,1.00694400,1.00687200,1.00689500,1.00693100,1.00690400,1.00690400,1.00687200,1.00690900
5.547999,1.00694400,1.00687300,1.00689500,1.00693100,1.00690500,1.00690400,1.00687200,1.00691000
5.550000,1.00694400,1.00687300,1.00689500,1.00693100,1.00690500,1.00690400,1.00687300,1.00691000
5.552000,1.00694500,1.00687300,1.00689600,1.00693200,1.00690500,1.00690400,1.00687300,1.00691000
5.553999,1.00694500,1.00687300,1.00689600,1.00693200,1.00690500,1.00690400,1.00687300,1.00691000
5.556000,1.00694500,1.00687300,1.00689600,1.00693200,1.00690500,1.00690500,1.00687300,1.00691000
5.558000,1.00694500,1.00687400,1.00689600,1.00693200,1.00690600,1.00690500,1.00687300,1.00691100
5.560000,1.00694500,1.00687400,1.00689600,1.00693200,1.00690600,1.00690500,1.00687400,1.00691100
5.562000,1.00694600,1.00687400,1.00689700,1.00693300,1.00690600,1.00690500,1.00687400,1.00691100
5.564000,1.00694600,1.00687400,1.00689700,1.00693300,1.00690600,1.00690600,1.00687400,1.00691100
5.566000,1.00694600,1.00687400,1.00689700,1.00693300,1.00690700,1.00690600,1.00687400,1.00691200
5.567999,1.00694600,1.00687500,1.00689700,1.00693300,1.00690700,1.00690600,1.00687400,1.00691200
5.570000,1.00694700,1.00687500,1.00689700,1.00693300,1.00690700,1.00690600,1.00687500,1.00691200
5.572000,1.00694700,1.00687500,1.00689800,1.00693400,1.00690700,1.00690600,1.00687500,1.00691200
5.573999,1.00694700,1.00687500,1.00689800,1.00693400,1.00690700,1.00690700,1.00687500,1.00691200
5.576000,1.00694700,1.00687600,1.00689800,1.00693400,1.00690700,1.00690700,1.00687500,1.00691300
5.578000,1.00694800,1.00687600,1.00689800,1.00693400,1.00690800,1.00690700,1.00687600,1.00691300
5.580000,1.00694800,1.00687600,1.00689900,1.00693500,1.00690800,1.00690700,1.00687600,1.00691300
5.582000,1.00694800,1.00687600,1.00689900,1.00693500,1.00690800,1.00690700,1.00687600,1.00691300
5.584000,1.00694800,1.00687600,1.00689900,1.00693500,1.00690800,1.00690800,1.00687600,1.00691300
5.585999,1.00694800,1.00687600,1.00689900,1.00693500,1.00690900,1.00690800,1.00687600,1.00691400
5.587999,1.00694900,1.00687700,1.00689900,1.00693500,1.00690900,1.00690800,1.00687600,1.00691400
5.590000,1.00694900,1.00687700,1.00690000,1.00693600,1.00690900,1.00690800,1.00687700,1.00691400
5.592000,1.00694900,1.00687700,1.00690000,1.00693600,1.00690900,1.00690900,1.00687700,1.00691400
5.594000,1.00694900,1.00687700,1.00690000,1.00693600,1.00690900,1.00690900,1.00687700,1.00691400
5.596000,1.00694900,1.00687800,1.00690000,1.00693600,1.00691000,1.00690900,1.00687700,1.00691500
5.598000,1.00695000,1.00687800,1.00690000,1.00693600,1.00691000,1.00690900,1.00687800,1.00691500
5.600000,1.00695000,1.00687800,1.00690100,1.00693700,1.00691000,1.00690900,1.00687800,1.00691500
5.601999,1.00695000,1.00687800,1.00690100,1.00693700,1.00691000,1.00691000,1.00687800,1.00691500
5.604000,1.00695000,1.00687800,1.00690100,1.00693700,1.00691000,1.00691000,1.00687800,1.00691600
5.605999,1.00695000,1.00687900,1.00690100,1.00693700,1.00691100,1.00691000,1.00687800,1.00691600
5.607999,1.00695100,1.00687900,1.00690200,1.00693800,1.00691100,1.00691000,1.00687900,1.00691600
5.610000,1.00695100,1.00687900,1.00690200,1.00693800,1.00691100,1.00691000,1.00687900,1.00691600
5.612000,1.00695100,1.00687900,1.00690200,1.00693800,1.00691100,1.00691100,1.00687900,1.00691600
5.614000,1.00695100,1.00687900,1.00690200,1.00693800,1.00691200,1.00691100,1.00687900,1.00691700
5.616000,1.00695200,1.00688000,1.00690200,1.00693800,1.00691200,1.00691100,1.00687900,1.00691700
5.618000,1.00695200,1.00688000,1.00690300,1.00693900,1.00691200,1.00691100,1.00688000,1.00691700
5.619999,1.00695200,1.00688000,1.00690300,1.00693900,1.00691200,1.00691200,1.00688000,1.00691700
5.621999,1.00695200,1.00688000,1.00690300,1.00693900,1.00691200,1.00691200,1.00688000,1.00691700
5.624000,1.00695200,1.00688100,1.00690300,1.00693900,1.00691300,1.00691200,1.00688000,1.00691800
5.625999,1.00695300,1.00688100,1.00690300,1.00693900,1.00691300,1.00691200,1.00688100,1.00691800
5.628000,1.00695300,1.00688100,1.00690400,1.00694000,1.00691300,1.00691200,1.00688100,1.00691800
5.630000,1.00695300,1.00688100,1.00690400,1.00694000,1.00691300,1.00691300,1.00688100,1.00691800
5.631999,1.00695300,1.00688100,1.00690400,1.00694000,1.00691300,1.00691300,1.00688100,1.00691900
5.634000,1.00695300,1.00688100,1.00690400,1.00694000,1.00691400,1.00691300,1.00688100,1.00691900
5.636000,1.00695400,1.00688200,1.00690400,1.00694000,1.00691400,1.00691300,1.00688200,1.00691900
5.638000,1.00695400,1.00688200,1.00690500,1.00694100,1.00691400,1.00691300,1.00688200,1.00691900
5.639999,1.00695400,1.00688200,1.00690500,1.00694100,1.00691400,1.00691400,1.00688200,1.00691900
5.641999,1.00695400,1.00688200,1.00690500,1.00694100,1.00691400,1.00691400,1.00688200,1.00692000
5.644000,1.00695500,1.00688300,1.00690500,1.00694100,1.00691500,1.00691400,1.00688200,1.00692000
5.645999,1.00695500,1.00688300,1.00690600,1.00694200,1.00691500,1.00691400,1.00688300,1.00692000
5.648000,1.00695500,1.00688300,1.00690600,1.00694200,1.00691500,1.00691400,1.00688300,1.00692000
5.650000,1.00695500,1.00688300,1.00690600,1.00694200,1.00691500,1.00691500,1.00688300,1.00692000
5.651999,1.00695500,1.00688300,1.00690600,1.00694200,1.00691600,1.00691500,1.00688300,1.00692100
5.654000,1.00695600,1.00688400,1.00690600,1.00694200,1.00691600,1.00691500,1.00688300,1.00692100
5.656000,1.00695600,1.00688400,1.00690700,1.00694300,1.00691600,1.00691500,1.00688400,1.00692100
5.658000,1.00695600,1.00688400,1.00690700,1.00694300,1.00691600,1.00691500,1.00688400,1.00692100
5.659999,1.00695600,1.00688400,1.00690700,1.00694300,1.00691600,1.00691600,1.00688400,1.00692200
5.662000,1.00695600,1.00688400,1.00690700,1.00694300,1.00691700,1.00691600,1.00688400,1.00692200
5.664000,1.00695700,1.00688500,1.00690700,1.00694300,1.00691700,1.00691600,1.00688400,1.00692200
5.665999,1.00695700,1.00688500,1.00690800,1.00694400,1.00691700,1.00691600,1.00688500,1.00692200
5.668000,1.00695700,1.00688500,1.00690800,1.00694400,1.00691700,1.00691700,1.00688500,1.00692200
5.670000,1.00695700,1.00688500,1.00690800,1.00694400,1.00691700,1.00691700,1.00688500,1.00692300
5.672000,1.00695800,1.00688600,1.00690800,1.00694400,1.00691800,1.00691700,1.00688500,1.00692300
5.674000,1.00695800,1.00688600,1.00690800,1.00694500,1.00691800,1.00691700,1.00688600,1.00692300
5.676000,1.00695800,1.00688600,1.00690900,1.00694500,1.00691800,1.00691700,1.00688600,1.00692300
5.677999,1.00695800,1.00688600,1.00690900,1.00694500,1.00691800,1.00691800,1.00688600,1.00692300
5.679999,1.00695800,1.00688600,1.00690900,1.00694500,1.00691900,1.00691800,1.00688600,1.00692400
5.682000,1.00695900,1.00688600,1.00690900,1.00694500,1.00691900,1.00691800,1.00688600,1.00692400
5.684000,1.00695900,1.00688700,1.00690900,1.00694600,1.00691900,1.00691800,1.00688700,1.00692400
5.685999,1.00695900,1.00688700,1.00691000,1.00694600,1.00691900,1.00691800,1.00688700,1.00692400
5.688000,1.00695900,1.00688700,1.00691000,1.00694600,1.00691900,1.00691900,1.00688700,1.00692500
5.690000,1.00696000,1.00688700,1.00691000,1.00694600,1.00692000,1.00691900,1.00688700,1.00692500
5.692000,1.00696000,1.00688800,1.00691000,1.00694600,1.00692000,1.00691900,1.00688700,1.00692500
5.694000,1.00696000,1.00688800,1.00691100,1.00694700,1.00692000,1.00691900,1.00688800,1.00692500
5.696000,1.00696000,1.00688800,1.00691100,1.00694700,1.00692000,1.00692000,1.00688800,1.00692500
5.697999,1.00696000,1.00688800,1.00691100,1.00694700,1.00692000,1.00692000,1.00688800,1.00692600
5.699999,1.00696100,1.00688800,1.00691100,1.00694700,1.00692100,1.00692000,1.00688800,1.00692600
5.702000,1.00696100,1.00688900,1.00691100,1.00694800,1.00692100,1.00692000,1.00688900,1.00692600
5.704000,1.00696100,1.00688900,1.00691200,1.00694800,1.00692100,1.00692000,1.00688900,1.00692600
5.706000,1.00696100,1.00688900,1.00691200,1.00694800,1.00692100,1.00692100,1.00688900,1.00692600
5.708000,1.00696100,1.00688900,1.00691200,1.00694800,1.00692200,1.00692100,1.00688900,1.00692700
5.710000,1.00696200,1.00688900,1.00691200,1.00694800,1.00692200,1.00692100,1.00688900,1.00692700
5.712000,1.00696200,1.00689000,1.00691200,1.00694900,1.00692200,1.00692100,1.00689000,1.00692700
5.713999,1.00696200,1.00689000,1.00691300,1.00694900,1.00692200,1.00692100,1.00689000,1.00692700
5.716000,1.00696200,1.00689000,1.00691300,1.00694900,1.00692200,1.00692200,1.00689000,1.00692700
5.717999,1.00696300,1.00689000,1.00691300,1.00694900,1.00692300,1.00692200,1.00689000,1.00692800
5.719999,1.00696300,1.00689100,1.00691300,1.00694900,1.00692300,1.00692200,1.00689000,1.00692800
5.722000,1.00696300,1.00689100,1.00691400,1.00695000,1.00692300,1.00692200,1.00689100,1.00692800
5.724000,1.00696300,1.00689100,1.00691400,1.00695000,1.00692300,1.00692200,1.00689100,1.00692800
5.726000,1.00696300,1.00689100,1.00691400,1.00695000,1.00692300,1.00692300,1.00689100,1.00692900
5.728000,1.00696400,1.00689100,1.00691400,1.00695000,1.00692400,1.00692300,1.00689100,1.00692900
5.730000,1.00696400,1.00689100,1.00691400,1.00695000,1.00692400,1.00692300,1.00689100,1.00692900
5.731999,1.00696400,1.00689200,1.00691500,1.00695100,1.00692400,1.00692300,1.00689200,1.00692900
5.733999,1.00696400,1.00689200,1.00691500,1.00695100,1.00692400,1.00692400,1.00689200,1.00692900
5.736000,1.00696400,1.00689200,1.00691500,1.00695100,1.00692500,1.00692400,1.00689200,1.00693000
5.737999,1.00696500,1.00689200,1.00691500,1.00695100,1.00692500,1.00692400,1.00689200,1.00693000
5.740000,1.00696500,1.00689300,1.00691500,1.00695200,1.00692500,1.00692400,1.00689200,1.00693000
5.742000,1.00696500,1.00689300,1.00691600,1.00695200,1.00692500,1.00692400,1.00689300,1.00693000
5.743999,1.00696500,1.00689300,1.00691600,1.00695200,1.00692500,1.00692500,1.00689300,1.00693000
5.746000,1.00696600,1.00689300,1.00691600,1.00695200,1.00692600,1.00692500,1.00689300,1.00693100
5.748000,1.00696600,1.00689300,1.00691600,1.00695200,1.00692600,1.00692500,1.00689300,1.00693100
5.750000,1.00696600,1.00689400,1.00691700,1.00695300,1.00692600,1.00692500,1.00689400,1.00693100
5.751999,1.00696600,1.00689400,1.00691700,1.00695300,1.00692600,1.00692500,1.00689400,1.00693100
5.753999,1.00696600,1.00689400,1.00691700,1.00695300,1.00692600,1.00692600,1.00689400,1.00693200
5.756000,1.00696700,1.00689400,1.00691700,1.00695300,1.00692700,1.00692600,1.00689400,1.00693200
5.757999,1.00696700,1.00689400,1.00691700,1.00695300,1.00692700,1.00692600,1.00689400,1.00693200
5.760000,1.00696700,1.00689500,1.00691800,1.00695400,1.00692700,1.00692600,1.00689500,1.00693200
5.762000,1.00696700,1.00689500,1.00691800,1.00695400,1.00692700,1.00692700,1.00689500,1.00693200
5.763999,1.00696700,1.00689500,1.00691800,1.00695400,1.00692700,1.00692700,1.00689500,1.00693200
5.766000,1.00696800,1.00689500,1.00691800,1.00695400,1.00692800,1.00692700,1.00689500,1.00693300
5.768000,1.00696800,1.00689600,1.00691800,1.00695500,1.00692800,1.00692700,1.00689500,1.00693300
5.770000,1.00696800,1.00689600,1.00691900,1.00695500,1.00692800,1.00692700,1.00689600,1.00693300
5.771999,1.00696800,1.00689600,1.00691900,1.00695500,1.00692800,1.00692800,1.00689600,1.00693300
5.774000,1.00696900,1.00689600,1.00691900,1.00695500,1.00692900,1.00692800,1.00689600,1.00693400
5.776000,1.00696900,1.00689600,1.00691900,1.00695500,1.00692900,1.00692800,1.00689600,1.00693400
5.777999,1.00696900,1.00689700,1.00692000,1.00695600,1.00692900,1.00692800,1.00689600,1.00693400
5.780000,1.00696900,1.00689700,1.00692000,1.00695600,1.00692900,1.00692800,1.00689700,1.00693400
5.782000,1.00696900,1.00689700,1.00692000,1.00695600,1.00692900,1.00692900,1.00689700,1.00693400
5.784000,1.00697000,1.00689700,1.00692000,1.00695600,1.00693000,1.00692900,1.00689700,1.00693500
5.786000,1.00697000,1.00689700,1.00692000,1.00695600,1.00693000,1.00692900,1.00689700,1.00693500
5.788000,1.00697000,1.00689800,1.00692100,1.00695700,1.00693000,1.00692900,1.00689800,1.00693500
5.789999,1.00697000,1.00689800,1.00692100,1.00695700,1.00693000,1.00693000,1.00689800,1.00693500
5.791999,1.00697100,1.00689800,1.00692100,1.00695700,1.00693000,1.00693000,1.00689800,1.00693500
5.794000,1.00697100,1.00689800,1.00692100,1.00695700,1.00693100,1.00693000,1.00689800,1.00693600
5.796000,1.00697100,1.00689800,1.00692100,1.00695800,1.00693100,1.00693000,1.00689800,1.00693600
5.797999,1.00697100,1.00689900,1.00692200,1.00695800,1.00693100,1.00693000,1.00689900,1.00693600
5.800000,1.00697100,1.00689900,1.00692200,1.00695800,1.00693100,1.00693100,1.00689900,1.00693600
5.802000,1.00697200,1.00689900,1.00692200,1.00695800,1.00693200,1.00693100,1.00689900,1.00693700
5.804000,1.00697200,1.00689900,1.00692200,1.00695800,1.00693200,1.00693100,1.00689900,1.00693700
5.806000,1.00697200,1.00689900,1.00692200,1.00695900,1.00693200,1.00693100,1.00689900,1.00693700
5.808000,1.00697200,1.00690000,1.00692300,1.00695900,1.00693200,1.00693100,1.00690000,1.00693700
5.809999,1.00697200,1.00690000,1.00692300,1.00695900,1.00693200,1.00693200,1.00690000,1.00693800
5.811999,1.00697300,1.00690000,1.00692300,1.00695900,1.00693300,1.00693200,1.00690000,1.00693800
5.814000,1.00697300,1.00690000,1.00692300,1.00695900,1.00693300,1.00693200,1.00690000,1.00693800
5.816000,1.00697300,1.00690100,1.00692400,1.00696000,1.00693300,1.00693200,1.00690000,1.00693800
5.818000,1.00697300,1.00690100,1.00692400,1.00696000,1.00693300,1.00693200,1.00690100,1.00693800
5.820000,1.00697400,1.00690100,1.00692400,1.00696000,1.00693300,1.00693300,1.00690100,1.00693800
5.822000,1.00697400,1.00690100,1.00692400,1.00696000,1.00693400,1.00693300,1.00690100,1.00693900
5.824000,1.00697400,1.00690100,1.00692400,1.00696100,1.00693400,1.00693300,1.00690100,1.00693900
5.825999,1.00697400,1.00690200,1.00692500,1.00696100,1.00693400,1.00693300,1.00690200,1.00693900
5.828000,1.00697400,1.00690200,1.00692500,1.00696100,1.00693400,1.00693400,1.00690200,1.00693900
5.829999,1.00697500,1.00690200,1.00692500,1.00696100,1.00693500,1.00693400,1.00690200,1.00694000
5.831999,1.00697500,1.00690200,1.00692500,1.00696100,1.00693500,1.00693400,1.00690200,1.00694000
5.834000,1.00697500,1.00690200,1.00692500,1.00696200,1.00693500,1.00693400,1.00690200,1.00694000
5.835999,1.00697500,1.00690300,1.00692600,1.00696200,1.00693500,1.00693400,1.00690300,1.00694000
5.838000,1.00697600,1.00690300,1.00692600,1.00696200,1.00693500,1.00693500,1.00690300,1.00694000
5.840000,1.00697600,1.00690300,1.00692600,1.00696200,1.00693600,1.00693500,1.00690300,1.00694100
5.842000,1.00697600,1.00690300,1.00692600,1.00696200,1.00693600,1.00693500,1.00690300,1.00694100
5.843999,1.00697600,1.00690400,1.00692700,1.00696300,1.00693600,1.00693500,1.00690300,1.00694100
5.845999,1.00697600,1.00690400,1.00692700,1.00696300,1.00693600,1.00693500,1.00690400,1.00694100
5.848000,1.00697700,1.00690400,1.00692700,1.00696300,1.00693600,1.00693600,1.00690400,1.00694100
5.849999,1.00697700,1.00690400,1.00692700,1.00696300,1.00693700,1.00693600,1.00690400,1.00694200
5.852000,1.00697700,1.00690400,1.00692700,1.00696300,1.00693700,1.00693600,1.00690400,1.00694200
5.854000,1.00697700,1.00690400,1.00692800,1.00696400,1.00693700,1.00693600,1.00690400,1.00694200
5.855999,1.00697700,1.00690500,1.00692800,1.00696400,1.00693700,1.00693700,1.00690500,1.00694200
5.858000,1.00697800,1.00690500,1.00692800,1.00696400,1.00693800,1.00693700,1.00690500,1.00694300
5.860000,1.00697800,1.00690500,1.00692800,1.00696400,1.00693800,1.00693700,1.00690500,1.00694300
5.862000,1.00697800,1.00690500,1.00692800,1.00696500,1.00693800,1.00693700,1.00690500,1.00694300
5.863999,1.00697800,1.00690600,1.00692900,1.00696500,1.00693800,1.00693700,1.00690600,1.00694300
5.865999,1.00697900,1.00690600,1.00692900,1.00696500,1.00693800,1.00693800,1.00690600,1.00694300
5.868000,1.00697900,1.00690600,1.00692900,1.00696500,1.00693900,1.00693800,1.00690600,1.00694400
5.869999,1.00697900,1.00690600,1.00692900,1.00696600,1.00693900,1.00693800,1.00690600,1.00694400
5.872000,1.00697900,1.00690600,1.00693000,1.00696600,1.00693900,1.00693800,1.00690600,1.00694400
5.874000,1.00697900,1.00690700,1.00693000,1.00696600,1.00693900,1.00693800,1.00690700,1.00694400
5.875999,1.00698000,1.00690700,1.00693000,1.00696600,1.00693900,1.00693900,1.00690700,1.00694500
5.878000,1.00698000,1.00690700,1.00693000,1.00696600,1.00694000,1.00693900,1.00690700,1.00694500
5.880000,1.00698000,1.00690700,1.00693000,1.00696700,1.00694000,1.00693900,1.00690700,1.00694500
5.881999,1.00698000,1.00690700,1.00693100,1.00696700,1.00694000,1.00693900,1.00690700,1.00694500
5.883999,1.00698000,1.00690800,1.00693100,1.00696700,1.00694000,1.00694000,1.00690800,1.00694500
5.886000,1.00698100,1.00690800,1.00693100,1.00696700,1.00694000,1.00694000,1.00690800,1.00694500
5.888000,1.00698100,1.00690800,1.00693100,1.00696700,1.00694100,1.00694000,1.00690800,1.00694600
5.889999,1.00698100,1.00690800,1.00693200,1.00696800,1.00694100,1.00694000,1.00690800,1.00694600
5.892000,1.00698100,1.00690900,1.00693200,1.00696800,1.00694100,1.00694000,1.00690900,1.00694600
5.894000,1.00698100,1.00690900,1.00693200,1.00696800,1.00694100,1.00694100,1.00690900,1.00694600
5.896000,1.00698200,1.00690900,1.00693200,1.00696800,1.00694200,1.00694100,1.00690900,1.00694700
5.898000,1.00698200,1.00690900,1.00693200,1.00696800,1.00694200,1.00694100,1.00690900,1.00694700
5.900000,1.00698200,1.00690900,1.00693200,1.00696900,1.00694200,1.00694100,1.00690900,1.00694700
5.901999,1.00698200,1.00691000,1.00693300,1.00696900,1.00694200,1.00694100,1.00691000,1.00694700
5.903999,1.00698300,1.00691000,1.00693300,1.00696900,1.00694200,1.00694200,1.00691000,1.00694800
5.906000,1.00698300,1.00691000,1.00693300,1.00696900,1.00694300,1.00694200,1.00691000,1.00694800
5.908000,1.00698300,1.00691000,1.00693300,1.00697000,1.00694300,1.00694200,1.00691000,1.00694800
5.909999,1.00698300,1.00691000,1.00693400,1.00697000,1.00694300,1.00694200,1.00691000,1.00694800
5.912000,1.00698400,1.00691100,1.00693400,1.00697000,1.00694300,1.00694300,1.00691100,1.00694800
5.914000,1.00698400,1.00691100,1.00693400,1.00697000,1.00694300,1.00694300,1.00691100,1.00694900
5.916000,1.00698400,1.00691100,1.00693400,1.00697000,1.00694400,1.00694300,1.00691100,1.00694900
5.918000,1.00698400,1.00691100,1.00693500,1.00697100,1.00694400,1.00694300,1.00691100,1.00694900
5.920000,1.00698400,1.00691200,1.00693500,1.00697100,1.00694400,1.00694300,1.00691200,1.00694900
5.921999,1.00698500,1.00691200,1.00693500,1.00697100,1.00694400,1.00694400,1.00691200,1.00694900
5.923999,1.00698500,1.00691200,1.00693500,1.00697100,1.00694500,1.00694400,1.00691200,1.00695000
5.926000,1.00698500,1.00691200,1.00693500,1.00697100,1.00694500,1.00694400,1.00691200,1.00695000
5.927999,1.00698500,1.00691200,1.00693600,1.00697200,1.00694500,1.00694400,1.00691200,1.00695000
5.930000,1.00698500,1.00691200,1.00693600,1.00697200,1.00694500,1.00694400,1.00691200,1.00695000
5.932000,1.00698600,1.00691300,1.00693600,1.00697200,1.00694500,1.00694500,1.00691300,1.00695000
5.934000,1.00698600,1.00691300,1.00693600,1.00697200,1.00694600,1.00694500,1.00691300,1.00695100
5.936000,1.00698600,1.00691300,1.00693600,1.00697300,1.00694600,1.00694500,1.00691300,1.00695100
5.938000,1.00698600,1.00691300,1.00693700,1.00697300,1.00694600,1.00694500,1.00691300,1.00695100
5.940000,1.00698600,1.00691400,1.00693700,1.00697300,1.00694600,1.00694500,1.00691400,1.00695100
5.941999,1.00698700,1.00691400,1.00693700,1.00697300,1.00694600,1.00694600,1.00691400,1.00695200
5.943999,1.00698700,1.00691400,1.00693700,1.00697300,1.00694700,1.00694600,1.00691400,1.00695200
5.946000,1.00698700,1.00691400,1.00693800,1.00697400,1.00694700,1.00694600,1.00691400,1.00695200
5.947999,1.00698700,1.00691400,1.00693800,1.00697400,1.00694700,1.00694600,1.00691400,1.00695200
5.950000,1.00698800,1.00691500,1.00693800,1.00697400,1.00694700,1.00694700,1.00691500,1.00695200
5.952000,1.00698800,1.00691500,1.00693800,1.00697400,1.00694800,1.00694700,1.00691500,1.00695300
5.954000,1.00698800,1.00691500,1.00693800,1.00697400,1.00694800,1.00694700,1.00691500,1.00695300
5.955999,1.00698800,1.00691500,1.00693900,1.00697500,1.00694800,1.00694700,1.00691500,1.00695300
5.957999,1.00698900,1.00691500,1.00693900,1.00697500,1.00694800,1.00694700,1.00691500,1.00695300
5.960000,1.00698900,1.00691600,1.00693900,1.00697500,1.00694800,1.00694800,1.00691600,1.00695300
5.961999,1.00698900,1.00691600,1.00693900,1.00697500,1.00694900,1.00694800,1.00691600,1.00695400
5.964000,1.00698900,1.00691600,1.00693900,1.00697600,1.00694900,1.00694800,1.00691600,1.00695400
5.966000,1.00698900,1.00691600,1.00694000,1.00697600,1.00694900,1.00694800,1.00691600,1.00695400
5.967999,1.00699000,1.00691700,1.00694000,1.00697600,1.00694900,1.00694800,1.00691700,1.00695400
5.970000,1.00699000,1.00691700,1.00694000,1.00697600,1.00694900,1.00694900,1.00691700,1.00695500
5.972000,1.00699000,1.00691700,1.00694000,1.00697600,1.00695000,1.00694900,1.00691700,1.00695500
5.974000,1.00699000,1.00691700,1.00694000,1.00697700,1.00695000,1.00694900,1.00691700,1.00695500
5.975999,1.00699000,1.00691700,1.00694100,1.00697700,1.00695000,1.00694900,1.00691700,1.00695500
5.977999,1.00699100,1.00691800,1.00694100,1.00697700,1.00695000,1.00695000,1.00691800,1.00695500
5.980000,1.00699100,1.00691800,1.00694100,1.00697700,1.00695000,1.00695000,1.00691800,1.00695600
5.981999,1.00699100,1.00691800,1.00694100,1.00697800,1.00695100,1.00695000,1.00691800,1.00695600
5.984000,1.00699100,1.00691800,1.00694200,1.00697800,1.00695100,1.00695000,1.00691800,1.00695600
5.986000,1.00699200,1.00691800,1.00694200,1.00697800,1.00695100,1.00695000,1.00691800,1.00695600
5.987999,1.00699200,1.00691900,1.00694200,1.00697800,1.00695100,1.00695100,1.00691900,1.00695600
5.990000,1.00699200,1.00691900,1.00694200,1.00697800,1.00695200,1.00695100,1.00691900,1.00695700
5.992000,1.00699200,1.00691900,1.00694200,1.00697900,1.00695200,1.00695100,1.00691900,1.00695700
5.993999,1.00699200,1.00691900,1.00694300,1.00697900,1.00695200,1.00695100,1.00691900,1.00695700
5.995999,1.00699300,1.00692000,1.00694300,1.00697900,1.00695200,1.00695100,1.00692000,1.00695700
5.998000,1.00699300,1.00692000,1.00694300,1.00697900,1.00695200,1.00695200,1.00692000,1.00695800
6.000000,1.00699300,1.00692000,1.00694300,1.00697900,1.00695300,1.00695200,1.00692000,1.00695800
6.001999,1.00699300,1.00692000,1.00694300,1.00698000,1.00695300,1.00695200,1.00692000,1.00695800
6.004000,1.00699300,1.00692000,1.00694400,1.00698000,1.00695300,1.00695200,1.00692000,1.00695800
6.006000,1.00699400,1.00692100,1.00694400,1.00698000,1.00695300,1.00695300,1.00692100,1.00695800
6.008000,1.00699400,1.00692100,1.00694400,1.00698000,1.00695300,1.00695300,1.00692100,1.00695900
6.010000,1.00699400,1.00692100,1.00694400,1.00698100,1.00695400,1.00695300,1.00692100,1.00695900
6.012000,1.00699400,1.00692100,1.00694500,1.00698100,1.00695400,1.00695300,1.00692100,1.00695900
6.013999,1.00699500,1.00692100,1.00694500,1.00698100,1.00695400,1.00695300,1.00692100,1.00695900
6.015999,1.00699500,1.00692200,1.00694500,1.00698100,1.00695400,1.00695400,1.00692200,1.00695900
6.018000,1.00699500,1.00692200,1.00694500,1.00698100,1.00695500,1.00695400,1.00692200,1.00696000
6.020000,1.00699500,1.00692200,1.00694500,1.00698200,1.00695500,1.00695400,1.00692200,1.00696000
6.021999,1.00699500,1.00692200,1.00694600,1.00698200,1.00695500,1.00695400,1.00692200,1.00696000
6.024000,1.00699600,1.00692200,1.00694600,1.00698200,1.00695500,1.00695400,1.00692200,1.00696000
6.026000,1.00699600,1.00692300,1.00694600,1.00698200,1.00695500,1.00695500,1.00692300,1.00696100
6.028000,1.00699600,1.00692300,1.00694600,1.00698200,1.00695600,1.00695500,1.00692300,1.00696100
6.030000,1.00699600,1.00692300,1.00694600,1.00698300,1.00695600,1.00695500,1.00692300,1.00696100
6.032000,1.00699700,1.00692300,1.00694700,1.00698300,1.00695600,1.00695500,1.00692300,1.00696100
6.033999,1.00699700,1.00692300,1.00694700,1.00698300,1.00695600,1.00695600,1.00692400,1.00696100
6.035999,1.00699700,1.00692400,1.00694700,1.00698300,1.00695600,1.00695600,1.00692400,1.00696200
6.038000,1.00699700,1.00692400,1.00694700,1.00698400,1.00695700,1.00695600,1.00692400,1.00696200
6.039999,1.00699700,1.00692400,1.00694800,1.00698400,1.00695700,1.00695600,1.00692400,1.00696200
6.042000,1.00699800,1.00692400,1.00694800,1.00698400,1.00695700,1.00695600,1.00692400,1.00696200
6.044000,1.00699800,1.00692500,1.00694800,1.00698400,1.00695700,1.00695700,1.00692500,1.00696200
6.046000,1.00699800,1.00692500,1.00694800,1.00698400,1.00695800,1.00695700,1.00692500,1.00696300
6.048000,1.00699800,1.00692500,1.00694800,1.00698500,1.00695800,1.00695700,1.00692500,1.00696300
6.050000,1.00699800,1.00692500,1.00694900,1.00698500,1.00695800,1.00695700,1.00692500,1.00696300
6.052000,1.00699900,1.00692500,1.00694900,1.00698500,1.00695800,1.00695700,1.00692500,1.00696300
6.053999,1.00699900,1.00692600,1.00694900,1.00698500,1.00695800,1.00695800,1.00692600,1.00696300
6.055999,1.00699900,1.00692600,1.00694900,1.00698600,1.00695900,1.00695800,1.00692600,1.00696400
6.058000,1.00699900,1.00692600,1.00695000,1.00698600,1.00695900,1.00695800,1.00692600,1.00696400
6.059999,1.00700000,1.00692600,1.00695000,1.00698600,1.00695900,1.00695800,1.00692600,1.00696400
6.062000,1.00700000,1.00692600,1.00695000,1.00698600,1.00695900,1.00695800,1.00692700,1.00696400
6.064000,1.00700000,1.00692700,1.00695000,1.00698600,1.00695900,1.00695900,1.00692700,1.00696500
6.066000,1.00700000,1.00692700,1.00695000,1.00698700,1.00696000,1.00695900,1.00692700,1.00696500
6.068000,1.00700000,1.00692700,1.00695100,1.00698700,1.00696000,1.00695900,1.00692700,1.00696500
6.069999,1.00700100,1.00692700,1.00695100,1.00698700,1.00696000,1.00695900,1.00692700,1.00696500
6.072000,1.00700100,1.00692700,1.00695100,1.00698700,1.00696000,1.00696000,1.00692800,1.00696600
6.073999,1.00700100,1.00692800,1.00695100,1.00698700,1.00696100,1.00696000,1.00692800,1.00696600
6.076000,1.00700100,1.00692800,1.00695100,1.00698800,1.00696100,1.00696000,1.00692800,1.00696600
6.078000,1.00700200,1.00692800,1.00695200,1.00698800,1.00696100,1.00696000,1.00692800,1.00696600
6.079999,1.00700200,1.00692800,1.00695200,1.00698800,1.00696100,1.00696000,1.00692800,1.00696600
6.082000,1.00700200,1.00692900,1.00695200,1.00698800,1.00696100,1.00696100,1.00692900,1.00696700
6.084000,1.00700200,1.00692900,1.00695200,1.00698900,1.00696200,1.00696100,1.00692900,1.00696700
6.085999,1.00700200,1.00692900,1.00695300,1.00698900,1.00696200,1.00696100,1.00692900,1.00696700
6.087999,1.00700300,1.00692900,1.00695300,1.00698900,1.00696200,1.00696100,1.00692900,1.00696700
6.089999,1.00700300,1.00692900,1.00695300,1.00698900,1.00696200,1.00696100,1.00693000,1.00696700
6.092000,1.00700300,1.00693000,1.00695300,1.00698900,1.00696300,1.00696200,1.00693000,1.00696800
6.093999,1.00700300,1.00693000,1.00695300,1.00699000,1.00696300,1.00696200,1.00693000,1.00696800
6.096000,1.00700300,1.00693000,1.00695400,1.00699000,1.00696300,1.00696200,1.00693000,1.00696800
6.098000,1.00700400,1.00693000,1.00695400,1.00699000,1.00696300,1.00696200,1.00693000,1.00696800
6.099999,1.00700400,1.00693000,1.00695400,1.00699000,1.00696300,1.00696300,1.00693100,1.00696800
6.102000,1.00700400,1.00693100,1.00695400,1.00699000,1.00696400,1.00696300,1.00693100,1.00696900
6.104000,1.00700400,1.00693100,1.00695400,1.00699100,1.00696400,1.00696300,1.00693100,1.00696900
6.105999,1.00700500,1.00693100,1.00695500,1.00699100,1.00696400,1.00696300,1.00693100,1.00696900
6.107999,1.00700500,1.00693100,1.00695500,1.00699100,1.00696400,1.00696300,1.00693100,1.00696900
6.110000,1.00700500,1.00693200,1.00695500,1.00699100,1.00696400,1.00696400,1.00693200,1.00697000
6.112000,1.00700500,1.00693200,1.00695500,1.00699200,1.00696500,1.00696400,1.00693200,1.00697000
6.113999,1.00700500,1.00693200,1.00695600,1.00699200,1.00696500,1.00696400,1.00693200,1.00697000
6.116000,1.00700600,1.00693200,1.00695600,1.00699200,1.00696500,1.00696400,1.00693200,1.00697000
6.118000,1.00700600,1.00693200,1.00695600,1.00699200,1.00696500,1.00696500,1.00693200,1.00697000
6.120000,1.00700600,1.00693300,1.00695600,1.00699200,1.00696600,1.00696500,1.00693300,1.00697100
6.122000,1.00700600,1.00693300,1.00695600,1.00699300,1.00696600,1.00696500,1.00693300,1.00697100
6.124000,1.00700700,1.00693300,1.00695700,1.00699300,1.00696600,1.00696500,1.00693300,1.00697100
6.125999,1.00700700,1.00693300,1.00695700,1.00699300,1.00696600,1.00696500,1.00693300,1.00697100
6.127999,1.00700700,1.00693300,1.00695700,1.00699300,1.00696600,1.00696600,1.00693400,1.00697100
6.130000,1.00700700,1.00693400,1.00695700,1.00699400,1.00696700,1.00696600,1.00693400,1.00697200
6.131999,1.00700700,1.00693400,1.00695700,1.00699400,1.00696700,1.00696600,1.00693400,1.00697200
6.133999,1.00700800,1.00693400,1.00695800,1.00699400,1.00696700,1.00696600,1.00693400,1.00697200
6.136000,1.00700800,1.00693400,1.00695800,1.00699400,1.00696700,1.00696600,1.00693400,1.00697200
6.138000,1.00700800,1.00693500,1.00695800,1.00699400,1.00696700,1.00696700,1.00693500,1.00697300
6.140000,1.00700800,1.00693500,1.00695800,1.00699500,1.00696800,1.00696700,1.00693500,1.00697300
6.142000,1.00700900,1.00693500,1.00695800,1.00699500,1.00696800,1.00696700,1.00693500,1.00697300
6.144000,1.00700900,1.00693500,1.00695900,1.00699500,1.00696800,1.00696700,1.00693500,1.00697300
6.145999,1.00700900,1.00693500,1.00695900,1.00699500,1.00696800,1.00696800,1.00693500,1.00697300
6.147999,1.00700900,1.00693600,1.00695900,1.00699500,1.00696800,1.00696800,1.00693600,1.00697400
6.150000,1.00700900,1.00693600,1.00695900,1.00699600,1.00696900,1.00696800,1.00693600,1.00697400
6.151999,1.00701000,1.00693600,1.00696000,1.00699600,1.00696900,1.00696800,1.00693600,1.00697400
6.154000,1.00701000,1.00693600,1.00696000,1.00699600,1.00696900,1.00696800,1.00693600,1.00697400
6.156000,1.00701000,1.00693600,1.00696000,1.00699600,1.00696900,1.00696900,1.00693700,1.00697400
6.158000,1.00701000,1.00693700,1.00696000,1.00699700,1.00697000,1.00696900,1.00693700,1.00697500
6.160000,1.00701000,1.00693700,1.00696100,1.00699700,1.00697000,1.00696900,1.00693700,1.00697500
6.162000,1.00701100,1.00693700,1.00696100,1.00699700,1.00697000,1.00696900,1.00693700,1.00697500
6.164000,1.00701100,1.00693700,1.00696100,1.00699700,1.00697000,1.00696900,1.00693700,1.00697500
6.165999,1.00701100,1.00693800,1.00696100,1.00699700,1.00697000,1.00697000,1.00693800,1.00697600
6.167999,1.00701100,1.00693800,1.00696100,1.00699800,1.00697100,1.00697000,1.00693800,1.00697600
6.170000,1.00701200,1.00693800,1.00696200,1.00699800,1.00697100,1.00697000,1.00693800,1.00697600
6.171999,1.00701200,1.00693800,1.00696200,1.00699800,1.00697100,1.00697000,1.00693800,1.00697600
6.174000,1.00701200,1.00693800,1.00696200,1.00699800,1.00697100,1.00697100,1.00693800,1.00697600
6.176000,1.00701200,1.00693800,1.00696200,1.00699900,1.00697200,1.00697100,1.00693900,1.00697700
6.177999,1.00701200,1.00693900,1.00696200,1.00699900,1.00697200,1.00697100,1.00693900,1.00697700
6.180000,1.00701300,1.00693900,1.00696300,1.00699900,1.00697200,1.00697100,1.00693900,1.00697700
6.181999,1.00701300,1.00693900,1.00696300,1.00699900,1.00697200,1.00697100,1.00693900,1.00697700
6.184000,1.00701300,1.00693900,1.00696300,1.00699900,1.00697200,1.00697200,1.00694000,1.00697800
6.185999,1.00701300,1.00694000,1.00696300,1.00700000,1.00697300,1.00697200,1.00694000,1.00697800
6.188000,1.00701400,1.00694000,1.00696300,1.00700000,1.00697300,1.00697200,1.00694000,1.00697800
6.190000,1.00701400,1.00694000,1.00696400,1.00700000,1.00697300,1.00697200,1.00694000,1.00697800
6.191999,1.00701400,1.00694000,1.00696400,1.00700000,1.00697300,1.00697200,1.00694000,1.00697800
6.194000,1.00701400,1.00694000,1.00696400,1.00700000,1.00697400,1.00697300,1.00694100,1.00697900
6.196000,1.00701400,1.00694100,1.00696400,1.00700100,1.00697400,1.00697300,1.00694100,1.00697900
6.198000,1.00701500,1.00694100,1.00696500,1.00700100,1.00697400,1.00697300,1.00694100,1.00697900
6.199999,1.00701500,1.00694100,1.00696500,1.00700100,1.00697400,1.00697300,1.00694100,1.00697900
6.201999,1.00701500,1.00694100,1.00696500,1.00700100,1.00697400,1.00697400,1.00694100,1.00697900
6.204000,1.00701500,1.00694100,1.00696500,1.00700200,1.00697500,1.00697400,1.00694200,1.00698000
6.205999,1.00701500,1.00694200,1.00696500,1.00700200,1.00697500,1.00697400,1.00694200,1.00698000
6.208000,1.00701600,1.00694200,1.00696600,1.00700200,1.00697500,1.00697400,1.00694200,1.00698000
6.210000,1.00701600,1.00694200,1.00696600,1.00700200,1.00697500,1.00697400,1.00694200,1.00698000
6.211999,1.00701600,1.00694200,1.00696600,1.00700200,1.00697500,1.00697500,1.00694300,1.00698100
6.214000,1.00701600,1.00694300,1.00696600,1.00700300,1.00697600,1.00697500,1.00694300,1.00698100
6.216000,1.00701700,1.00694300,1.00696600,1.00700300,1.00697600,1.00697500,1.00694300,1.00698100
6.217999,1.00701700,1.00694300,1.00696700,1.00700300,1.00697600,1.00697500,1.00694300,1.00698100
6.219999,1.00701700,1.00694300,1.00696700,1.00700300,1.00697600,1.00697500,1.00694300,1.00698100
6.222000,1.00701700,1.00694300,1.00696700,1.00700300,1.00697600,1.00697600,1.00694400,1.00698200
6.224000,1.00701700,1.00694400,1.00696700,1.00700400,1.00697700,1.00697600,1.00694400,1.00698200
6.225999,1.00701800,1.00694400,1.00696800,1.00700400,1.00697700,1.00697600,1.00694400,1.00698200
6.228000,1.00701800,1.00694400,1.00696800,1.00700400,1.00697700,1.00697600,1.00694400,1.00698200
6.230000,1.00701800,1.00694400,1.00696800,1.00700400,1.00697700,1.00697700,1.00694400,1.00698200
6.232000,1.00701800,1.00694400,1.00696800,1.00700400,1.00697800,1.00697700,1.00694500,1.00698300
6.234000,1.00701900,1.00694500,1.00696800,1.00700500,1.00697800,1.00697700,1.00694500,1.00698300
6.236000,1.00701900,1.00694500,1.00696900,1.00700500,1.00697800,1.00697700,1.00694500,1.00698300
6.237999,1.00701900,1.00694500,1.00696900,1.00700500,1.00697800,1.00697700,1.00694500,1.00698300
6.239999,1.00701900,1.00694500,1.00696900,1.00700500,1.00697800,1.00697800,1.00694500,1.00698400
6.242000,1.00701900,1.00694500,1.00696900,1.00700600,1.00697900,1.00697800,1.00694600,1.00698400
6.243999,1.00702000,1.00694600,1.00697000,1.00700600,1.00697900,1.00697800,1.00694600,1.00698400
6.245999,1.00702000,1.00694600,1.00697000,1.00700600,1.00697900,1.00697800,1.00694600,1.00698400
6.248000,1.00702000,1.00694600,1.00697000,1.00700600,1.00697900,1.00697900,1.00694600,1.00698400
6.250000,1.00702000,1.00694600,1.00697000,1.00700700,1.00697900,1.00697900,1.00694700,1.00698500
6.252000,1.00702000,1.00694700,1.00697000,1.00700700,1.00698000,1.00697900,1.00694700,1.00698500
6.254000,1.00702100,1.00694700,1.00697100,1.00700700,1.00698000,1.00697900,1.00694700,1.00698500
6.256000,1.00702100,1.00694700,1.00697100,1.00700700,1.00698000,1.00697900,1.00694700,1.00698500
6.257999,1.00702100,1.00694700,1.00697100,1.00700700,1.00698000,1.00698000,1.00694700,1.00698600
6.259999,1.00702100,1.00694700,1.00697100,1.00700800,1.00698100,1.00698000,1.00694800,1.00698600
6.262000,1.00702200,1.00694800,1.00697100,1.00700800,1.00698100,1.00698000,1.00694800,1.00698600
6.263999,1.00702200,1.00694800,1.00697200,1.00700800,1.00698100,1.00698000,1.00694800,1.00698600
6.266000,1.00702200,1.00694800,1.00697200,1.00700800,1.00698100,1.00698000,1.00694800,1.00698600
6.268000,1.00702200,1.00694800,1.00697200,1.00700800,1.00698100,1.00698100,1.00694800,1.00698700
6.270000,1.00702300,1.00694800,1.00697200,1.00700900,1.00698200,1.00698100,1.00694900,1.00698700
6.272000,1.00702300,1.00694900,1.00697300,1.00700900,1.00698200,1.00698100,1.00694900,1.00698700
6.274000,1.00702300,1.00694900,1.00697300,1.00700900,1.00698200,1.00698100,1.00694900,1.00698700
6.276000,1.00702300,1.00694900,1.00697300,1.00700900,1.00698200,1.00698100,1.00694900,1.00698700
6.277999,1.00702300,1.00694900,1.00697300,1.00701000,1.00698300,1.00698200,1.00695000,1.00698800
6.279999,1.00702400,1.00695000,1.00697300,1.00701000,1.00698300,1.00698200,1.00695000,1.00698800
6.282000,1.00702400,1.00695000,1.00697400,1.00701000,1.00698300,1.00698200,1.00695000,1.00698800
6.283999,1.00702400,1.00695000,1.00697400,1.00701000,1.00698300,1.00698200,1.00695000,1.00698800
6.286000,1.00702400,1.00695000,1.00697400,1.00701000,1.00698300,1.00698300,1.00695000,1.00698900
6.288000,1.00702500,1.00695000,1.00697400,1.00701100,1.00698400,1.00698300,1.00695100,1.00698900
6.289999,1.00702500,1.00695100,1.00697400,1.00701100,1.00698400,1.00698300,1.00695100,1.00698900
6.292000,1.00702500,1.00695100,1.00697500,1.00701100,1.00698400,1.00698300,1.00695100,1.00698900
6.293999,1.00702500,1.00695100,1.00697500,1.00701100,1.00698400,1.00698300,1.00695100,1.00698900
6.296000,1.00702500,1.00695100,1.00697500,1.00701200,1.00698400,1.00698400,1.00695100,1.00699000
6.297999,1.00702600,1.00695100,1.00697500,1.00701200,1.00698500,1.00698400,1.00695200,1.00699000
6.300000,1.00702600,1.00695200,1.00697600,1.00701200,1.00698500,1.00698400,1.00695200,1.00699000
6.302000,1.00702600,1.00695200,1.00697600,1.00701200,1.00698500,1.00698400,1.00695200,1.00699000
6.303999,1.00702600,1.00695200,1.00697600,1.00701200,1.00698500,1.00698400,1.00695200,1.00699000
6.306000,1.00702600,1.00695200,1.00697600,1.00701300,1.00698600,1.00698500,1.00695300,1.00699100
6.308000,1.00702700,1.00695300,1.00697600,1.00701300,1.00698600,1.00698500,1.00695300,1.00699100
6.310000,1.00702700,1.00695300,1.00697700,1.00701300,1.00698600,1.00698500,1.00695300,1.00699100
6.311999,1.00702700,1.00695300,1.00697700,1.00701300,1.00698600,1.00698500,1.00695300,1.00699100
6.313999,1.00702700,1.00695300,1.00697700,1.00701300,1.00698600,1.00698600,1.00695300,1.00699200
6.316000,1.00702800,1.00695300,1.00697700,1.00701400,1.00698700,1.00698600,1.00695400,1.00699200
6.317999,1.00702800,1.00695400,1.00697800,1.00701400,1.00698700,1.00698600,1.00695400,1.00699200
6.320000,1.00702800,1.00695400,1.00697800,1.00701400,1.00698700,1.00698600,1.00695400,1.00699200
6.322000,1.00702800,1.00695400,1.00697800,1.00701400,1.00698700,1.00698600,1.00695400,1.00699200
6.323999,1.00702800,1.00695400,1.00697800,1.00701500,1.00698800,1.00698700,1.00695400,1.00699300
6.326000,1.00702900,1.00695400,1.00697800,1.00701500,1.00698800,1.00698700,1.00695500,1.00699300
6.328000,1.00702900,1.00695500,1.00697900,1.00701500,1.00698800,1.00698700,1.00695500,1.00699300
6.329999,1.00702900,1.00695500,1.00697900,1.00701500,1.00698800,1.00698700,1.00695500,1.00699300
6.331999,1.00702900,1.00695500,1.00697900,1.00701500,1.00698800,1.00698800,1.00695500,1.00699400
6.334000,1.00703000,1.00695500,1.00697900,1.00701600,1.00698900,1.00698800,1.00695600,1.00699400
6.335999,1.00703000,1.00695600,1.00697900,1.00701600,1.00698900,1.00698800,1.00695600,1.00699400
6.337999,1.00703000,1.00695600,1.00698000,1.00701600,1.00698900,1.00698800,1.00695600,1.00699400
6.340000,1.00703000,1.00695600,1.00698000,1.00701600,1.00698900,1.00698800,1.00695600,1.00699400
6.342000,1.00703000,1.00695600,1.00698000,1.00701700,1.00698900,1.00698900,1.00695600,1.00699500
6.344000,1.00703100,1.00695600,1.00698000,1.00701700,1.00699000,1.00698900,1.00695700,1.00699500
6.346000,1.00703100,1.00695700,1.00698100,1.00701700,1.00699000,1.00698900,1.00695700,1.00699500
6.348000,1.00703100,1.00695700,1.00698100,1.00701700,1.00699000,1.00698900,1.00695700,1.00699500
6.349999,1.00703100,1.00695700,1.00698100,1.00701700,1.00699000,1.00698900,1.00695700,1.00699500
6.351999,1.00703100,1.00695700,1.00698100,1.00701800,1.00699100,1.00699000,1.00695800,1.00699600
6.354000,1.00703200,1.00695700,1.00698100,1.00701800,1.00699100,1.00699000,1.00695800,1.00699600
6.355999,1.00703200,1.00695800,1.00698200,1.00701800,1.00699100,1.00699000,1.00695800,1.00699600
6.357999,1.00703200,1.00695800,1.00698200,1.00701800,1.00699100,1.00699000,1.00695800,1.00699600
6.360000,1.00703200,1.00695800,1.00698200,1.00701800,1.00699100,1.00699100,1.00695800,1.00699700
6.362000,1.00703300,1.00695800,1.00698200,1.00701900,1.00699200,1.00699100,1.00695900,1.00699700
6.364000,1.00703300,1.00695800,1.00698300,1.00701900,1.00699200,1.00699100,1.00695900,1.00699700
6.366000,1.00703300,1.00695900,1.00698300,1.00701900,1.00699200,1.00699100,1.00695900,1.00699700
6.368000,1.00703300,1.00695900,1.00698300,1.00701900,1.00699200,1.00699100,1.00695900,1.00699700
6.369999,1.00703300,1.00695900,1.00698300,1.00702000,1.00699200,1.00699200,1.00695900,1.00699800
6.371999,1.00703400,1.00695900,1.00698300,1.00702000,1.00699300,1.00699200,1.00696000,1.00699800
6.374000,1.00703400,1.00696000,1.00698400,1.00702000,1.00699300,1.00699200,1.00696000,1.00699800
6.375999,1.00703400,1.00696000,1.00698400,1.00702000,1.00699300,1.00699200,1.00696000,1.00699800
6.378000,1.00703400,1.00696000,1.00698400,1.00702000,1.00699300,1.00699300,1.00696000,1.00699800
6.380000,1.00703500,1.00696000,1.00698400,1.00702100,1.00699400,1.00699300,1.00696100,1.00699900
6.381999,1.00703500,1.00696000,1.00698400,1.00702100,1.00699400,1.00699300,1.00696100,1.00699900
6.384000,1.00703500,1.00696100,1.00698500,1.00702100,1.00699400,1.00699300,1.00696100,1.00699900
6.386000,1.00703500,1.00696100,1.00698500,1.00702100,1.00699400,1.00699300,1.00696100,1.00699900
6.388000,1.00703500,1.00696100,1.00698500,1.00702200,1.00699400,1.00699400,1.00696100,1.00700000
6.389999,1.00703600,1.00696100,1.00698500,1.00702200,1.00699500,1.00699400,1.00696200,1.00700000
6.391999,1.00703600,1.00696100,1.00698600,1.00702200,1.00699500,1.00699400,1.00696200,1.00700000
6.394000,1.00703600,1.00696200,1.00698600,1.00702200,1.00699500,1.00699400,1.00696200,1.00700000
6.395999,1.00703600,1.00696200,1.00698600,1.00702200,1.00699500,1.00699400,1.00696200,1.00700000
6.398000,1.00703700,1.00696200,1.00698600,1.00702300,1.00699600,1.00699500,1.00696200,1.00700100
6.400000,1.00703700,1.00696200,1.00698600,1.00702300,1.00699600,1.00699500,1.00696300,1.00700100
6.401999,1.00703700,1.00696300,1.00698700,1.00702300,1.00699600,1.00699500,1.00696300,1.00700100
6.404000,1.00703700,1.00696300,1.00698700,1.00702300,1.00699600,1.00699500,1.00696300,1.00700100
6.405999,1.00703700,1.00696300,1.00698700,1.00702300,1.00699600,1.00699600,1.00696300,1.00700200
6.408000,1.00703800,1.00696300,1.00698700,1.00702400,1.00699700,1.00699600,1.00696300,1.00700200
6.409999,1.00703800,1.00696300,1.00698800,1.00702400,1.00699700,1.00699600,1.00696400,1.00700200
6.412000,1.00703800,1.00696400,1.00698800,1.00702400,1.00699700,1.00699600,1.00696400,1.00700200
6.414000,1.00703800,1.00696400,1.00698800,1.00702400,1.00699700,1.00699600,1.00696400,1.00700200
6.415999,1.00703900,1.00696400,1.00698800,1.00702500,1.00699700,1.00699700,1.00696400,1.00700300
6.418000,1.00703900,1.00696400,1.00698800,1.00702500,1.00699800,1.00699700,1.00696500,1.00700300
6.420000,1.00703900,1.00696400,1.00698900,1.00702500,1.00699800,1.00699700,1.00696500,1.00700300
6.422000,1.00703900,1.00696500,1.00698900,1.00702500,1.00699800,1.00699700,1.00696500,1.00700300
6.423999,1.00703900,1.00696500,1.00698900,1.00702500,1.00699800,1.00699700,1.00696500,1.00700300
6.425999,1.00704000,1.00696500,1.00698900,1.00702600,1.00699900,1.00699800,1.00696500,1.00700400
6.427999,1.00704000,1.00696500,1.00698900,1.00702600,1.00699900,1.00699800,1.00696600,1.00700400
6.429999,1.00704000,1.00696600,1.00699000,1.00702600,1.00699900,1.00699800,1.00696600,1.00700400
6.432000,1.00704000,1.00696600,1.00699000,1.00702600,1.00699900,1.00699800,1.00696600,1.00700400
6.434000,1.00704100,1.00696600,1.00699000,1.00702700,1.00699900,1.00699900,1.00696600,1.00700400
6.435999,1.00704100,1.00696600,1.00699000,1.00702700,1.00700000,1.00699900,1.00696600,1.00700500
6.438000,1.00704100,1.00696600,1.00699100,1.00702700,1.00700000,1.00699900,1.00696700,1.00700500
6.440000,1.00704100,1.00696700,1.00699100,1.00702700,1.00700000,1.00699900,1.00696700,1.00700500
6.441999,1.00704100,1.00696700,1.00699100,1.00702700,1.00700000,1.00699900,1.00696700,1.00700500
6.443999,1.00704200,1.00696700,1.00699100,1.00702800,1.00700100,1.00700000,1.00696700,1.00700600
6.446000,1.00704200,1.00696700,1.00699100,1.00702800,1.00700100,1.00700000,1.00696800,1.00700600
6.447999,1.00704200,1.00696700,1.00699200,1.00702800,1.00700100,1.00700000,1.00696800,1.00700600
6.449999,1.00704200,1.00696800,1.00699200,1.00702800,1.00700100,1.00700000,1.00696800,1.00700600
6.452000,1.00704300,1.00696800,1.00699200,1.00702900,1.00700100,1.00700100,1.00696800,1.00700700
6.454000,1.00704300,1.00696800,1.00699200,1.00702900,1.00700200,1.00700100,1.00696800,1.00700700
6.456000,1.00704300,1.00696800,1.00699300,1.00702900,1.00700200,1.00700100,1.00696900,1.00700700
6.458000,1.00704300,1.00696800,1.00699300,1.00702900,1.00700200,1.00700100,1.00696900,1.00700700
6.460000,1.00704300,1.00696900,1.00699300,1.00702900,1.00700200,1.00700100,1.00696900,1.00700700
6.461999,1.00704400,1.00696900,1.00699300,1.00703000,1.00700200,1.00700200,1.00696900,1.00700800
6.463999,1.00704400,1.00696900,1.00699300,1.00703000,1.00700300,1.00700200,1.00696900,1.00700800
6.466000,1.00704400,1.00696900,1.00699400,1.00703000,1.00700300,1.00700200,1.00697000,1.00700800
6.467999,1.00704400,1.00697000,1.00699400,1.00703000,1.00700300,1.00700200,1.00697000,1.00700800
6.469999,1.00704400,1.00697000,1.00699400,1.00703000,1.00700300,1.00700200,1.00697000,1.00700800
6.472000,1.00704500,1.00697000,1.00699400,1.00703100,1.00700400,1.00700300,1.00697000,1.00700900
6.474000,1.00704500,1.00697000,1.00699400,1.00703100,1.00700400,1.00700300,1.00697100,1.00700900
6.476000,1.00704500,1.00697100,1.00699500,1.00703100,1.00700400,1.00700300,1.00697100,1.00700900
6.478000,1.00704500,1.00697100,1.00699500,1.00703100,1.00700400,1.00700300,1.00697100,1.00700900
6.480000,1.00704600,1.00697100,1.00699500,1.00703200,1.00700400,1.00700400,1.00697100,1.00701000
6.481999,1.00704600,1.00697100,1.00699500,1.00703200,1.00700500,1.00700400,1.00697100,1.00701000
6.483999,1.00704600,1.00697100,1.00699600,1.00703200,1.00700500,1.00700400,1.00697200,1.00701000
6.486000,1.00704600,1.00697200,1.00699600,1.00703200,1.00700500,1.00700400,1.00697200,1.00701000
6.487999,1.00704600,1.00697200,1.00699600,1.00703300,1.00700500,1.00700400,1.00697200,1.00701000
6.490000,1.00704700,1.00697200,1.00699600,1.00703300,1.00700600,1.00700500,1.00697200,1.00701100
6.492000,1.00704700,1.00697200,1.00699600,1.00703300,1.00700600,1.00700500,1.00697300,1.00701100
6.493999,1.00704700,1.00697200,1.00699700,1.00703300,1.00700600,1.00700500,1.00697300,1.00701100
6.496000,1.00704700,1.00697300,1.00699700,1.00703300,1.00700600,1.00700500,1.00697300,1.00701100
6.498000,1.00704800,1.00697300,1.00699700,1.00703400,1.00700600,1.00700600,1.00697300,1.00701200
6.500000,1.00704800,1.00697300,1.00699700,1.00703400,1.00700700,1.00700600,1.00697300,1.00701200
6.501999,1.00704800,1.00697300,1.00699800,1.00703400,1.00700700,1.00700600,1.00697400,1.00701200
6.503999,1.00704800,1.00697400,1.00699800,1.00703400,1.00700700,1.00700600,1.00697400,1.00701200
6.506000,1.00704800,1.00697400,1.00699800,1.00703400,1.00700700,1.00700600,1.00697400,1.00701200
6.507999,1.00704900,1.00697400,1.00699800,1.00703500,1.00700700,1.00700700,1.00697400,1.00701300
6.510000,1.00704900,1.00697400,1.00699800,1.00703500,1.00700800,1.00700700,1.00697400,1.00701300
6.512000,1.00704900,1.00697400,1.00699900,1.00703500,1.00700800,1.00700700,1.00697500,1.00701300
6.513999,1.00704900,1.00697500,1.00699900,1.00703500,1.00700800,1.00700700,1.00697500,1.00701300
6.516000,1.00705000,1.00697500,1.00699900,1.00703500,1.00700800,1.00700700,1.00697500,1.00701300
6.518000,1.00705000,1.00697500,1.00699900,1.00703600,1.00700900,1.00700800,1.00697500,1.00701400
6.520000,1.00705000,1.00697500,1.00699900,1.00703600,1.00700900,1.00700800,1.00697600,1.00701400
6.521999,1.00705000,1.00697500,1.00700000,1.00703600,1.00700900,1.00700800,1.00697600,1.00701400
6.524000,1.00705000,1.00697600,1.00700000,1.00703600,1.00700900,1.00700800,1.00697600,1.00701400
6.526000,1.00705100,1.00697600,1.00700000,1.00703700,1.00700900,1.00700900,1.00697600,1.00701500
6.527999,1.00705100,1.00697600,1.00700000,1.00703700,1.00701000,1.00700900,1.00697600,1.00701500
6.530000,1.00705100,1.00697600,1.00700100,1.00703700,1.00701000,1.00700900,1.00697700,1.00701500
6.532000,1.00705100,1.00697600,1.00700100,1.00703700,1.00701000,1.00700900,1.00697700,1.00701500
6.534000,1.00705200,1.00697700,1.00700100,1.00703800,1.00701000,1.00700900,1.00697700,1.00701500
6.535999,1.00705200,1.00697700,1.00700100,1.00703800,1.00701100,1.00701000,1.00697700,1.00701600
6.537999,1.00705200,1.00697700,1.00700100,1.00703800,1.00701100,1.00701000,1.00697700,1.00701600
6.539999,1.00705200,1.00697700,1.00700200,1.00703800,1.00701100,1.00701000,1.00697800,1.00701600
6.541999,1.00705200,1.00697800,1.00700200,1.00703800,1.00701100,1.00701000,1.00697800,1.00701600
6.544000,1.00705300,1.00697800,1.00700200,1.00703900,1.00701100,1.00701100,1.00697800,1.00701700
6.546000,1.00705300,1.00697800,1.00700200,1.00703900,1.00701200,1.00701100,1.00697800,1.00701700
6.547999,1.00705300,1.00697800,1.00700300,1.00703900,1.00701200,1.00701100,1.00697900,1.00701700
6.550000,1.00705300,1.00697800,1.00700300,1.00703900,1.00701200,1.00701100,1.00697900,1.00701700
6.552000,1.00705300,1.00697900,1.00700300,1.00703900,1.00701200,1.00701100,1.00697900,1.00701700
6.553999,1.00705400,1.00697900,1.00700300,1.00704000,1.00701200,1.00701200,1.00697900,1.00701800
6.555999,1.00705400,1.00697900,1.00700300,1.00704000,1.00701300,1.00701200,1.00697900,1.00701800
6.558000,1.00705400,1.00697900,1.00700400,1.00704000,1.00701300,1.00701200,1.00698000,1.00701800
6.559999,1.00705400,1.00697900,1.00700400,1.00704000,1.00701300,1.00701200,1.00698000,1.00701800
6.561999,1.00705500,1.00698000,1.00700400,1.00704100,1.00701300,1.00701200,1.00698000,1.00701800
6.564000,1.00705500,1.00698000,1.00700400,1.00704100,1.00701400,1.00701300,1.00698000,1.00701900
6.566000,1.00705500,1.00698000,1.00700400,1.00704100,1.00701400,1.00701300,1.00698100,1.00701900
6.568000,1.00705500,1.00698000,1.00700500,1.00704100,1.00701400,1.00701300,1.00698100,1.00701900
6.570000,1.00705600,1.00698100,1.00700500,1.00704100,1.00701400,1.00701300,1.00698100,1.00701900
6.572000,1.00705600,1.00698100,1.00700500,1.00704200,1.00701400,1.00701400,1.00698100,1.00702000
6.573999,1.00705600,1.00698100,1.00700500,1.00704200,1.00701500,1.00701400,1.00698100,1.00702000
6.575999,1.00705600,1.00698100,1.00700600,1.00704200,1.00701500,1.00701400,1.00698200,1.00702000
6.578000,1.00705600,1.00698100,1.00700600,1.00704200,1.00701500,1.00701400,1.00698200,1.00702000
6.579999,1.00705700,1.00698200,1.00700600,1.00704300,1.00701500,1.00701400,1.00698200,1.00702000
6.581999,1.00705700,1.00698200,1.00700600,1.00704300,1.00701600,1.00701500,1.00698200,1.00702100
6.584000,1.00705700,1.00698200,1.00700700,1.00704300,1.00701600,1.00701500,1.00698200,1.00702100
6.585999,1.00705700,1.00698200,1.00700700,1.00704300,1.00701600,1.00701500,1.00698300,1.00702100
6.588000,1.00705800,1.00698200,1.00700700,1.00704300,1.00701600,1.00701500,1.00698300,1.00702100
6.590000,1.00705800,1.00698300,1.00700700,1.00704400,1.00701600,1.00701600,1.00698300,1.00702200
6.592000,1.00705800,1.00698300,1.00700700,1.00704400,1.00701700,1.00701600,1.00698300,1.00702200
6.593999,1.00705800,1.00698300,1.00700800,1.00704400,1.00701700,1.00701600,1.00698400,1.00702200
6.595999,1.00705800,1.00698300,1.00700800,1.00704400,1.00701700,1.00701600,1.00698400,1.00702200
6.598000,1.00705900,1.00698400,1.00700800,1.00704500,1.00701700,1.00701600,1.00698400,1.00702200
6.599999,1.00705900,1.00698400,1.00700800,1.00704500,1.00701700,1.00701700,1.00698400,1.00702300
6.602000,1.00705900,1.00698400,1.00700800,1.00704500,1.00701800,1.00701700,1.00698400,1.00702300
6.604000,1.00705900,1.00698400,1.00700900,1.00704500,1.00701800,1.00701700,1.00698500,1.00702300
6.605999,1.00706000,1.00698400,1.00700900,1.00704500,1.00701800,1.00701700,1.00698500,1.00702300
6.608000,1.00706000,1.00698500,1.00700900,1.00704600,1.00701800,1.00701700,1.00698500,1.00702300
6.610000,1.00706000,1.00698500,1.00700900,1.00704600,1.00701900,1.00701800,1.00698500,1.00702400
6.612000,1.00706000,1.00698500,1.00701000,1.00704600,1.00701900,1.00701800,1.00698500,1.00702400
6.613999,1.00706000,1.00698500,1.00701000,1.00704600,1.00701900,1.00701800,1.00698600,1.00702400
6.615999,1.00706100,1.00698500,1.00701000,1.00704600,1.00701900,1.00701800,1.00698600,1.00702400
6.618000,1.00706100,1.00698600,1.00701000,1.00704700,1.00702000,1.00701900,1.00698600,1.00702500
6.619999,1.00706100,1.00698600,1.00701000,1.00704700,1.00702000,1.00701900,1.00698600,1.00702500
6.622000,1.00706100,1.00698600,1.00701100,1.00704700,1.00702000,1.00701900,1.00698600,1.00702500
6.624000,1.00706100,1.00698600,1.00701100,1.00704700,1.00702000,1.00701900,1.00698700,1.00702500
6.625999,1.00706200,1.00698600,1.00701100,1.00704800,1.00702000,1.00701900,1.00698700,1.00702500
6.628000,1.00706200,1.00698700,1.00701100,1.00704800,1.00702100,1.00702000,1.00698700,1.00702600
6.630000,1.00706200,1.00698700,1.00701200,1.00704800,1.00702100,1.00702000,1.00698700,1.00702600
6.631999,1.00706200,1.00698700,1.00701200,1.00704800,1.00702100,1.00702000,1.00698800,1.00702600
6.633999,1.00706300,1.00698700,1.00701200,1.00704800,1.00702100,1.00702000,1.00698800,1.00702600
6.636000,1.00706300,1.00698800,1.00701200,1.00704900,1.00702100,1.00702100,1.00698800,1.00702700
6.638000,1.00706300,1.00698800,1.00701200,1.00704900,1.00702200,1.00702100,1.00698800,1.00702700
6.639999,1.00706300,1.00698800,1.00701300,1.00704900,1.00702200,1.00702100,1.00698900,1.00702700
6.642000,1.00706400,1.00698800,1.00701300,1.00704900,1.00702200,1.00702100,1.00698900,1.00702700
6.644000,1.00706400,1.00698900,1.00701300,1.00705000,1.00702200,1.00702100,1.00698900,1.00702700
6.646000,1.00706400,1.00698900,1.00701300,1.00705000,1.00702300,1.00702200,1.00698900,1.00702800
6.648000,1.00706400,1.00698900,1.00701300,1.00705000,1.00702300,1.00702200,1.00698900,1.00702800
6.649999,1.00706400,1.00698900,1.00701400,1.00705000,1.00702300,1.00702200,1.00699000,1.00702800
6.651999,1.00706500,1.00698900,1.00701400,1.00705100,1.00702300,1.00702200,1.00699000,1.00702800
6.653999,1.00706500,1.00699000,1.00701400,1.00705100,1.00702300,1.00702300,1.00699000,1.00702900
6.656000,1.00706500,1.00699000,1.00701400,1.00705100,1.00702400,1.00702300,1.00699000,1.00702900
6.658000,1.00706500,1.00699000,1.00701500,1.00705100,1.00702400,1.00702300,1.00699000,1.00702900
6.659999,1.00706600,1.00699000,1.00701500,1.00705100,1.00702400,1.00702300,1.00699100,1.00702900
6.662000,1.00706600,1.00699000,1.00701500,1.00705200,1.00702400,1.00702300,1.00699100,1.00702900
6.664000,1.00706600,1.00699100,1.00701500,1.00705200,1.00702500,1.00702400,1.00699100,1.00703000
6.665999,1.00706600,1.00699100,1.00701500,1.00705200,1.00702500,1.00702400,1.00699100,1.00703000
6.667999,1.00706600,1.00699100,1.00701600,1.00705200,1.00702500,1.00702400,1.00699200,1.00703000
6.669999,1.00706700,1.00699100,1.00701600,1.00705200,1.00702500,1.00702400,1.00699200,1.00703000
6.671999,1.00706700,1.00699200,1.00701600,1.00705300,1.00702500,1.00702500,1.00699200,1.00703000
6.673999,1.00706700,1.00699200,1.00701600,1.00705300,1.00702600,1.00702500,1.00699200,1.00703100
6.676000,1.00706700,1.00699200,1.00701700,1.00705300,1.00702600,1.00702500,1.00699200,1.00703100
6.677999,1.00706700,1.00699200,1.00701700,1.00705300,1.00702600,1.00702500,1.00699300,1.00703100
6.680000,1.00706800,1.00699200,1.00701700,1.00705300,1.00702600,1.00702500,1.00699300,1.00703100
6.682000,1.00706800,1.00699300,1.00701700,1.00705400,1.00702600,1.00702600,1.00699300,1.00703200
6.684000,1.00706800,1.00699300,1.00701700,1.00705400,1.00702700,1.00702600,1.00699300,1.00703200
6.685999,1.00706800,1.00699300,1.00701800,1.00705400,1.00702700,1.00702600,1.00699400,1.00703200
6.687999,1.00706900,1.00699300,1.00701800,1.00705400,1.00702700,1.00702600,1.00699400,1.00703200
6.690000,1.00706900,1.00699300,1.00701800,1.00705500,1.00702700,1.00702600,1.00699400,1.00703300
6.691999,1.00706900,1.00699400,1.00701800,1.00705500,1.00702800,1.00702700,1.00699400,1.00703300
6.693999,1.00706900,1.00699400,1.00701900,1.00705500,1.00702800,1.00702700,1.00699400,1.00703300
6.696000,1.00706900,1.00699400,1.00701900,1.00705500,1.00702800,1.00702700,1.00699500,1.00703300
6.697999,1.00707000,1.00699400,1.00701900,1.00705600,1.00702800,1.00702700,1.00699500,1.00703300
6.700000,1.00707000,1.00699400,1.00701900,1.00705600,1.00702800,1.00702800,1.00699500,1.00703400
6.702000,1.00707000,1.00699500,1.00701900,1.00705600,1.00702900,1.00702800,1.00699500,1.00703400
6.704000,1.00707000,1.00699500,1.00702000,1.00705600,1.00702900,1.00702800,1.00699500,1.00703400
6.705999,1.00707100,1.00699500,1.00702000,1.00705600,1.00702900,1.00702800,1.00699600,1.00703400
6.707999,1.00707100,1.00699500,1.00702000,1.00705700,1.00702900,1.00702800,1.00699600,1.00703400
6.710000,1.00707100,1.00699600,1.00702000,1.00705700,1.00703000,1.00702900,1.00699600,1.00703500
6.711999,1.00707100,1.00699600,1.00702000,1.00705700,1.00703000,1.00702900,1.00699600,1.00703500
6.714000,1.00707100,1.00699600,1.00702100,1.00705700,1.00703000,1.00702900,1.00699700,1.00703500
6.716000,1.00707200,1.00699600,1.00702100,1.00705800,1.00703000,1.00702900,1.00699700,1.00703500
6.717999,1.00707200,1.00699700,1.00702100,1.00705800,1.00703000,1.00703000,1.00699700,1.00703500
6.720000,1.00707200,1.00699700,1.00702100,1.00705800,1.00703100,1.00703000,1.00699700,1.00703600
6.722000,1.00707200,1.00699700,1.00702200,1.00705800,1.00703100,1.00703000,1.00699700,1.00703600
6.724000,1.00707300,1.00699700,1.00702200,1.00705800,1.00703100,1.00703000,1.00699800,1.00703600
6.725999,1.00707300,1.00699700,1.00702200,1.00705900,1.00703100,1.00703000,1.00699800,1.00703600
6.727999,1.00707300,1.00699800,1.00702200,1.00705900,1.00703100,1.00703100,1.00699800,1.00703700
6.730000,1.00707300,1.00699800,1.00702300,1.00705900,1.00703200,1.00703100,1.00699800,1.00703700
6.731999,1.00707400,1.00699800,1.00702300,1.00705900,1.00703200,1.00703100,1.00699800,1.00703700
6.734000,1.00707400,1.00699800,1.00702300,1.00705900,1.00703200,1.00703100,1.00699900,1.00703700
6.736000,1.00707400,1.00699800,1.00702300,1.00706000,1.00703200,1.00703100,1.00699900,1.00703800
6.737999,1.00707400,1.00699900,1.00702300,1.00706000,1.00703300,1.00703200,1.00699900,1.00703800
6.740000,1.00707400,1.00699900,1.00702400,1.00706000,1.00703300,1.00703200,1.00699900,1.00703800
6.742000,1.00707500,1.00699900,1.00702400,1.00706000,1.00703300,1.00703200,1.00699900,1.00703800
6.743999,1.00707500,1.00699900,1.00702400,1.00706100,1.00703300,1.00703200,1.00700000,1.00703800
6.745999,1.00707500,1.00699900,1.00702400,1.00706100,1.00703300,1.00703300,1.00700000,1.00703900
6.748000,1.00707500,1.00700000,1.00702400,1.00706100,1.00703400,1.00703300,1.00700000,1.00703900
6.750000,1.00707600,1.00700000,1.00702500,1.00706100,1.00703400,1.00703300,1.00700000,1.00703900
6.751999,1.00707600,1.00700000,1.00702500,1.00706100,1.00703400,1.00703300,1.00700100,1.00703900
6.754000,1.00707600,1.00700000,1.00702500,1.00706200,1.00703400,1.00703300,1.00700100,1.00703900
6.756000,1.00707600,1.00700100,1.00702500,1.00706200,1.00703500,1.00703400,1.00700100,1.00704000
6.758000,1.00707600,1.00700100,1.00702500,1.00706200,1.00703500,1.00703400,1.00700100,1.00704000
6.760000,1.00707700,1.00700100,1.00702600,1.00706200,1.00703500,1.00703400,1.00700200,1.00704000
6.761999,1.00707700,1.00700100,1.00702600,1.00706300,1.00703500,1.00703400,1.00700200,1.00704000
6.763999,1.00707700,1.00700100,1.00702600,1.00706300,1.00703500,1.00703500,1.00700200,1.00704100
6.765999,1.00707700,1.00700200,1.00702600,1.00706300,1.00703600,1.00703500,1.00700200,1.00704100
6.768000,1.00707700,1.00700200,1.00702700,1.00706300,1.00703600,1.00703500,1.00700200,1.00704100
6.770000,1.00707800,1.00700200,1.00702700,1.00706400,1.00703600,1.00703500,1.00700300,1.00704100
6.771999,1.00707800,1.00700200,1.00702700,1.00706400,1.00703600,1.00703500,1.00700300,1.00704100
6.774000,1.00707800,1.00700200,1.00702700,1.00706400,1.00703700,1.00703600,1.00700300,1.00704200
6.776000,1.00707800,1.00700300,1.00702800,1.00706400,1.00703700,1.00703600,1.00700300,1.00704200
6.778000,1.00707900,1.00700300,1.00702800,1.00706400,1.00703700,1.00703600,1.00700300,1.00704200
6.779999,1.00707900,1.00700300,1.00702800,1.00706500,1.00703700,1.00703600,1.00700400,1.00704200
6.781999,1.00707900,1.00700300,1.00702800,1.00706500,1.00703700,1.00703600,1.00700400,1.00704300
6.783999,1.00707900,1.00700400,1.00702800,1.00706500,1.00703800,1.00703700,1.00700400,1.00704300
6.785999,1.00707900,1.00700400,1.00702900,1.00706500,1.00703800,1.00703700,1.00700400,1.00704300
6.788000,1.00708000,1.00700400,1.00702900,1.00706500,1.00703800,1.00703700,1.00700400,1.00704300
6.789999,1.00708000,1.00700400,1.00702900,1.00706600,1.00703800,1.00703700,1.00700500,1.00704300
6.792000,1.00708000,1.00700400,1.00702900,1.00706600,1.00703800,1.00703800,1.00700500,1.00704400
6.794000,1.00708000,1.00700500,1.00703000,1.00706600,1.00703900,1.00703800,1.00700500,1.00704400
6.796000,1.00708100,1.00700500,1.00703000,1.00706600,1.00703900,1.00703800,1.00700500,1.00704400
6.797999,1.00708100,1.00700500,1.00703000,1.00706700,1.00703900,1.00703800,1.00700600,1.00704400
6.799999,1.00708100,1.00700500,1.00703000,1.00706700,1.00703900,1.00703800,1.00700600,1.00704500
6.802000,1.00708100,1.00700600,1.00703000,1.00706700,1.00704000,1.00703900,1.00700600,1.00704500
6.804000,1.00708200,1.00700600,1.00703100,1.00706700,1.00704000,1.00703900,1.00700600,1.00704500
6.806000,1.00708200,1.00700600,1.00703100,1.00706700,1.00704000,1.00703900,1.00700700,1.00704500
6.808000,1.00708200,1.00700600,1.00703100,1.00706800,1.00704000,1.00703900,1.00700700,1.00704500
6.809999,1.00708200,1.00700600,1.00703100,1.00706800,1.00704100,1.00704000,1.00700700,1.00704600
6.811999,1.00708200,1.00700700,1.00703100,1.00706800,1.00704100,1.00704000,1.00700700,1.00704600
6.814000,1.00708300,1.00700700,1.00703200,1.00706800,1.00704100,1.00704000,1.00700700,1.00704600
6.816000,1.00708300,1.00700700,1.00703200,1.00706900,1.00704100,1.00704000,1.00700800,1.00704600
6.817999,1.00708300,1.00700700,1.00703200,1.00706900,1.00704100,1.00704100,1.00700800,1.00704600
6.819999,1.00708300,1.00700700,1.00703200,1.00706900,1.00704200,1.00704100,1.00700800,1.00704700
6.821999,1.00708400,1.00700800,1.00703300,1.00706900,1.00704200,1.00704100,1.00700800,1.00704700
6.824000,1.00708400,1.00700800,1.00703300,1.00706900,1.00704200,1.00704100,1.00700800,1.00704700
6.826000,1.00708400,1.00700800,1.00703300,1.00707000,1.00704200,1.00704100,1.00700900,1.00704700
6.828000,1.00708400,1.00700800,1.00703300,1.00707000,1.00704200,1.00704200,1.00700900,1.00704800
6.829999,1.00708400,1.00700900,1.00703300,1.00707000,1.00704300,1.00704200,1.00700900,1.00704800
6.831999,1.00708500,1.00700900,1.00703400,1.00707000,1.00704300,1.00704200,1.00700900,1.00704800
6.834000,1.00708500,1.00700900,1.00703400,1.00707100,1.00704300,1.00704200,1.00701000,1.00704800
6.835999,1.00708500,1.00700900,1.00703400,1.00707100,1.00704300,1.00704200,1.00701000,1.00704800
6.837999,1.00708500,1.00700900,1.00703400,1.00707100,1.00704400,1.00704300,1.00701000,1.00704900
6.839999,1.00708600,1.00701000,1.00703500,1.00707100,1.00704400,1.00704300,1.00701000,1.00704900
6.841999,1.00708600,1.00701000,1.00703500,1.00707100,1.00704400,1.00704300,1.00701000,1.00704900
6.844000,1.00708600,1.00701000,1.00703500,1.00707200,1.00704400,1.00704300,1.00701100,1.00704900
6.846000,1.00708600,1.00701000,1.00703500,1.00707200,1.00704400,1.00704300,1.00701100,1.00705000
6.848000,1.00708600,1.00701000,1.00703500,1.00707200,1.00704500,1.00704400,1.00701100,1.00705000
6.849999,1.00708700,1.00701100,1.00703600,1.00707200,1.00704500,1.00704400,1.00701100,1.00705000
6.851999,1.00708700,1.00701100,1.00703600,1.00707300,1.00704500,1.00704400,1.00701200,1.00705000
6.854000,1.00708700,1.00701100,1.00703600,1.00707300,1.00704500,1.00704400,1.00701200,1.00705100
6.855999,1.00708700,1.00701100,1.00703600,1.00707300,1.00704600,1.00704500,1.00701200,1.00705100
6.857999,1.00708800,1.00701200,1.00703700,1.00707300,1.00704600,1.00704500,1.00701200,1.00705100
6.859999,1.00708800,1.00701200,1.00703700,1.00707300,1.00704600,1.00704500,1.00701200,1.00705100
6.861999,1.00708800,1.00701200,1.00703700,1.00707400,1.00704600,1.00704500,1.00701300,1.00705100
6.864000,1.00708800,1.00701200,1.00703700,1.00707400,1.00704600,1.00704600,1.00701300,1.00705200
6.866000,1.00708800,1.00701200,1.00703700,1.00707400,1.00704700,1.00704600,1.00701300,1.00705200
6.868000,1.00708900,1.00701300,1.00703800,1.00707400,1.00704700,1.00704600,1.00701300,1.00705200
6.869999,1.00708900,1.00701300,1.00703800,1.00707400,1.00704700,1.00704600,1.00701300,1.00705200
6.871999,1.00708900,1.00701300,1.00703800,1.00707500,1.00704700,1.00704600,1.00701400,1.00705200
6.874000,1.00708900,1.00701300,1.00703800,1.00707500,1.00704800,1.00704700,1.00701400,1.00705300
6.875999,1.00708900,1.00701400,1.00703800,1.00707500,1.00704800,1.00704700,1.00701400,1.00705300
6.877999,1.00709000,1.00701400,1.00703900,1.00707500,1.00704800,1.00704700,1.00701400,1.00705300
6.879999,1.00709000,1.00701400,1.00703900,1.00707600,1.00704800,1.00704700,1.00701500,1.00705300
6.882000,1.00709000,1.00701400,1.00703900,1.00707600,1.00704800,1.00704700,1.00701500,1.00705300
6.884000,1.00709000,1.00701400,1.00703900,1.00707600,1.00704900,1.00704800,1.00701500,1.00705400
6.886000,1.00709100,1.00701500,1.00704000,1.00707600,1.00704900,1.00704800,1.00701500,1.00705400
6.888000,1.00709100,1.00701500,1.00704000,1.00707700,1.00704900,1.00704800,1.00701500,1.00705400
6.889999,1.00709100,1.00701500,1.00704000,1.00707700,1.00704900,1.00704800,1.00701600,1.00705400
6.892000,1.00709100,1.00701500,1.00704000,1.00707700,1.00705000,1.00704900,1.00701600,1.00705500
6.894000,1.00709200,1.00701500,1.00704100,1.00707700,1.00705000,1.00704900,1.00701600,1.00705500
6.895999,1.00709200,1.00701600,1.00704100,1.00707700,1.00705000,1.00704900,1.00701600,1.00705500
6.897999,1.00709200,1.00701600,1.00704100,1.00707800,1.00705000,1.00704900,1.00701700,1.00705500
6.899999,1.00709200,1.00701600,1.00704100,1.00707800,1.00705000,1.00704900,1.00701700,1.00705600
6.902000,1.00709200,1.00701600,1.00704100,1.00707800,1.00705100,1.00705000,1.00701700,1.00705600
6.904000,1.00709300,1.00701700,1.00704200,1.00707800,1.00705100,1.00705000,1.00701700,1.00705600
6.906000,1.00709300,1.00701700,1.00704200,1.00707900,1.00705100,1.00705000,1.00701700,1.00705600
6.908000,1.00709300,1.00701700,1.00704200,1.00707900,1.00705100,1.00705000,1.00701800,1.00705600
6.909999,1.00709300,1.00701700,1.00704200,1.00707900,1.00705100,1.00705100,1.00701800,1.00705700
6.912000,1.00709400,1.00701700,1.00704300,1.00707900,1.00705200,1.00705100,1.00701800,1.00705700
6.914000,1.00709400,1.00701800,1.00704300,1.00707900,1.00705200,1.00705100,1.00701800,1.00705700
6.915999,1.00709400,1.00701800,1.00704300,1.00708000,1.00705200,1.00705100,1.00701800,1.00705700
6.917999,1.00709400,1.00701800,1.00704300,1.00708000,1.00705200,1.00705100,1.00701900,1.00705800
6.919999,1.00709500,1.00701800,1.00704300,1.00708000,1.00705300,1.00705200,1.00701900,1.00705800
6.922000,1.00709500,1.00701900,1.00704400,1.00708000,1.00705300,1.00705200,1.00701900,1.00705800
6.924000,1.00709500,1.00701900,1.00704400,1.00708100,1.00705300,1.00705200,1.00701900,1.00705800
6.926000,1.00709500,1.00701900,1.00704400,1.00708100,1.00705300,1.00705200,1.00702000,1.00705800
6.927999,1.00709500,1.00701900,1.00704400,1.00708100,1.00705300,1.00705300,1.00702000,1.00705900
6.929999,1.00709600,1.00701900,1.00704400,1.00708100,1.00705400,1.00705300,1.00702000,1.00705900
6.932000,1.00709600,1.00702000,1.00704500,1.00708100,1.00705400,1.00705300,1.00702000,1.00705900
6.934000,1.00709600,1.00702000,1.00704500,1.00708200,1.00705400,1.00705300,1.00702000,1.00705900
6.935999,1.00709600,1.00702000,1.00704500,1.00708200,1.00705400,1.00705300,1.00702100,1.00705900
6.937999,1.00709700,1.00702000,1.00704500,1.00708200,1.00705500,1.00705400,1.00702100,1.00706000
6.939999,1.00709700,1.00702000,1.00704600,1.00708200,1.00705500,1.00705400,1.00702100,1.00706000
6.942000,1.00709700,1.00702100,1.00704600,1.00708200,1.00705500,1.00705400,1.00702100,1.00706000
6.944000,1.00709700,1.00702100,1.00704600,1.00708300,1.00705500,1.00705400,1.00702200,1.00706000
6.946000,1.00709700,1.00702100,1.00704600,1.00708300,1.00705500,1.00705500,1.00702200,1.00706100
6.947999,1.00709800,1.00702100,1.00704600,1.00708300,1.00705600,1.00705500,1.00702200,1.00706100
6.949999,1.00709800,1.00702200,1.00704700,1.00708300,1.00705600,1.00705500,1.00702200,1.00706100
6.952000,1.00709800,1.00702200,1.00704700,1.00708400,1.00705600,1.00705500,1.00702200,1.00706100
6.954000,1.00709800,1.00702200,1.00704700,1.00708400,1.00705600,1.00705500,1.00702300,1.00706100
6.955999,1.00709800,1.00702200,1.00704700,1.00708400,1.00705700,1.00705600,1.00702300,1.00706200
6.957999,1.00709900,1.00702200,1.00704800,1.00708400,1.00705700,1.00705600,1.00702300,1.00706200
6.960000,1.00709900,1.00702300,1.00704800,1.00708400,1.00705700,1.00705600,1.00702300,1.00706200
6.962000,1.00709900,1.00702300,1.00704800,1.00708500,1.00705700,1.00705600,1.00702300,1.00706200
6.964000,1.00709900,1.00702300,1.00704800,1.00708500,1.00705700,1.00705600,1.00702400,1.00706300
6.966000,1.00710000,1.00702300,1.00704800,1.00708500,1.00705800,1.00705700,1.00702400,1.00706300
6.967999,1.00710000,1.00702400,1.00704900,1.00708500,1.00705800,1.00705700,1.00702400,1.00706300
6.970000,1.00710000,1.00702400,1.00704900,1.00708600,1.00705800,1.00705700,1.00702400,1.00706300
6.972000,1.00710000,1.00702400,1.00704900,1.00708600,1.00705800,1.00705700,1.00702500,1.00706400
6.974000,1.00710000,1.00702400,1.00704900,1.00708600,1.00705900,1.00705800,1.00702500,1.00706400
6.975999,1.00710100,1.00702400,1.00705000,1.00708600,1.00705900,1.00705800,1.00702500,1.00706400
6.977999,1.00710100,1.00702500,1.00705000,1.00708700,1.00705900,1.00705800,1.00702500,1.00706400
6.980000,1.00710100,1.00702500,1.00705000,1.00708700,1.00705900,1.00705800,1.00702500,1.00706400
6.982000,1.00710100,1.00702500,1.00705000,1.00708700,1.00705900,1.00705900,1.00702600,1.00706500
6.984000,1.00710200,1.00702500,1.00705000,1.00708700,1.00706000,1.00705900,1.00702600,1.00706500
6.985999,1.00710200,1.00702500,1.00705100,1.00708700,1.00706000,1.00705900,1.00702600,1.00706500
6.987999,1.00710200,1.00702600,1.00705100,1.00708800,1.00706000,1.00705900,1.00702600,1.00706500
6.990000,1.00710200,1.00702600,1.00705100,1.00708800,1.00706000,1.00705900,1.00702700,1.00706500
6.992000,1.00710200,1.00702600,1.00705100,1.00708800,1.00706100,1.00706000,1.00702700,1.00706600
6.993999,1.00710300,1.00702600,1.00705200,1.00708800,1.00706100,1.00706000,1.00702700,1.00706600
6.995999,1.00710300,1.00702700,1.00705200,1.00708900,1.00706100,1.00706000,1.00702700,1.00706600
6.997999,1.00710300,1.00702700,1.00705200,1.00708900,1.00706100,1.00706000,1.00702700,1.00706600
7.000000,1.00710300,1.00702700,1.00705200,1.00708900,1.00706100,1.00706000,1.00702800,1.00706700
7.002000,1.00710400,1.00702700,1.00705200,1.00708900,1.00706200,1.00706100,1.00702800,1.00706700
7.003999,1.00710400,1.00702700,1.00705300,1.00708900,1.00706200,1.00706100,1.00702800,1.00706700
7.005999,1.00710400,1.00702800,1.00705300,1.00709000,1.00706200,1.00706100,1.00702800,1.00706700
7.007999,1.00710400,1.00702800,1.00705300,1.00709000,1.00706200,1.00706100,1.00702900,1.00706700
7.010000,1.00710500,1.00702800,1.00705300,1.00709000,1.00706300,1.00706200,1.00702900,1.00706800
7.012000,1.00710500,1.00702800,1.00705300,1.00709000,1.00706300,1.00706200,1.00702900,1.00706800
7.013999,1.00710500,1.00702800,1.00705400,1.00709100,1.00706300,1.00706200,1.00702900,1.00706800
7.015999,1.00710500,1.00702900,1.00705400,1.00709100,1.00706300,1.00706200,1.00702900,1.00706800
7.017999,1.00710500,1.00702900,1.00705400,1.00709100,1.00706300,1.00706200,1.00703000,1.00706900
7.020000,1.00710600,1.00702900,1.00705400,1.00709100,1.00706400,1.00706300,1.00703000,1.00706900
7.021999,1.00710600,1.00702900,1.00705500,1.00709100,1.00706400,1.00706300,1.00703000,1.00706900
7.023999,1.00710600,1.00703000,1.00705500,1.00709200,1.00706400,1.00706300,1.00703000,1.00706900
7.025999,1.00710600,1.00703000,1.00705500,1.00709200,1.00706400,1.00706300,1.00703000,1.00706900
7.028000,1.00710700,1.00703000,1.00705500,1.00709200,1.00706400,1.00706400,1.00703100,1.00707000
7.030000,1.00710700,1.00703000,1.00705600,1.00709200,1.00706500,1.00706400,1.00703100,1.00707000
7.032000,1.00710700,1.00703000,1.00705600,1.00709200,1.00706500,1.00706400,1.00703100,1.00707000
7.033999,1.00710700,1.00703100,1.00705600,1.00709300,1.00706500,1.00706400,1.00703100,1.00707000
7.035999,1.00710700,1.00703100,1.00705600,1.00709300,1.00706500,1.00706400,1.00703200,1.00707100
7.038000,1.00710800,1.00703100,1.00705600,1.00709300,1.00706600,1.00706500,1.00703200,1.00707100
7.039999,1.00710800,1.00703100,1.00705700,1.00709300,1.00706600,1.00706500,1.00703200,1.00707100
7.041999,1.00710800,1.00703200,1.00705700,1.00709400,1.00706600,1.00706500,1.00703200,1.00707100
7.043999,1.00710800,1.00703200,1.00705700,1.00709400,1.00706600,1.00706500,1.00703300,1.00707100
7.045999,1.00710900,1.00703200,1.00705700,1.00709400,1.00706600,1.00706600,1.00703300,1.00707200
7.048000,1.00710900,1.00703200,1.00705800,1.00709400,1.00706700,1.00706600,1.00703300,1.00707200
7.050000,1.00710900,1.00703200,1.00705800,1.00709500,1.00706700,1.00706600,1.00703300,1.00707200
7.052000,1.00710900,1.00703300,1.00705800,1.00709500,1.00706700,1.00706600,1.00703300,1.00707200
7.053999,1.00711000,1.00703300,1.00705800,1.00709500,1.00706700,1.00706600,1.00703400,1.00707300
7.055999,1.00711000,1.00703300,1.00705800,1.00709500,1.00706800,1.00706700,1.00703400,1.00707300
7.058000,1.00711000,1.00703300,1.00705900,1.00709500,1.00706800,1.00706700,1.00703400,1.00707300
7.059999,1.00711000,1.00703400,1.00705900,1.00709600,1.00706800,1.00706700,1.00703400,1.00707300
7.061999,1.00711000,1.00703400,1.00705900,1.00709600,1.00706800,1.00706700,1.00703400,1.00707300
7.063999,1.00711100,1.00703400,1.00705900,1.00709600,1.00706900,1.00706800,1.00703500,1.00707400
7.065999,1.00711100,1.00703400,1.00706000,1.00709600,1.00706900,1.00706800,1.00703500,1.00707400
7.068000,1.00711100,1.00703400,1.00706000,1.00709700,1.00706900,1.00706800,1.00703500,1.00707400
7.070000,1.00711100,1.00703500,1.00706000,1.00709700,1.00706900,1.00706800,1.00703500,1.00707400
7.072000,1.00711200,1.00703500,1.00706000,1.00709700,1.00706900,1.00706800,1.00703500,1.00707400
7.073999,1.00711200,1.00703500,1.00706000,1.00709700,1.00707000,1.00706900,1.00703600,1.00707500
7.075999,1.00711200,1.00703500,1.00706100,1.00709700,1.00707000,1.00706900,1.00703600,1.00707500
7.078000,1.00711200,1.00703500,1.00706100,1.00709800,1.00707000,1.00706900,1.00703600,1.00707500
7.079999,1.00711200,1.00703600,1.00706100,1.00709800,1.00707000,1.00706900,1.00703600,1.00707500
7.081999,1.00711300,1.00703600,1.00706100,1.00709800,1.00707100,1.00706900,1.00703700,1.00707600
7.083999,1.00711300,1.00703600,1.00706100,1.00709800,1.00707100,1.00707000,1.00703700,1.00707600
7.085999,1.00711300,1.00703600,1.00706200,1.00709900,1.00707100,1.00707000,1.00703700,1.00707600
7.088000,1.00711300,1.00703700,1.00706200,1.00709900,1.00707100,1.00707000,1.00703700,1.00707600
7.090000,1.00711400,1.00703700,1.00706200,1.00709900,1.00707100,1.00707000,1.00703800,1.00707700
7.092000,1.00711400,1.00703700,1.00706200,1.00709900,1.00707200,1.00707100,1.00703800,1.00707700
7.093999,1.00711400,1.00703700,1.00706300,1.00709900,1.00707200,1.00707100,1.00703800,1.00707700
7.095999,1.00711400,1.00703700,1.00706300,1.00710000,1.00707200,1.00707100,1.00703800,1.00707700
7.098000,1.00711400,1.00703800,1.00706300,1.00710000,1.00707200,1.00707100,1.00703800,1.00707700
7.099999,1.00711500,1.00703800,1.00706300,1.00710000,1.00707200,1.00707100,1.00703900,1.00707800
7.101999,1.00711500,1.00703800,1.00706400,1.00710000,1.00707300,1.00707200,1.00703900,1.00707800
7.103999,1.00711500,1.00703800,1.00706400,1.00710100,1.00707300,1.00707200,1.00703900,1.00707800
7.106000,1.00711500,1.00703900,1.00706400,1.00710100,1.00707300,1.00707200,1.00703900,1.00707800
7.108000,1.00711600,1.00703900,1.00706400,1.00710100,1.00707300,1.00707200,1.00704000,1.00707900
7.110000,1.00711600,1.00703900,1.00706400,1.00710100,1.00707400,1.00707300,1.00704000,1.00707900
7.112000,1.00711600,1.00703900,1.00706500,1.00710100,1.00707400,1.00707300,1.00704000,1.00707900
7.113999,1.00711600,1.00703900,1.00706500,1.00710200,1.00707400,1.00707300,1.00704000,1.00707900
7.116000,1.00711600,1.00704000,1.00706500,1.00710200,1.00707400,1.00707300,1.00704000,1.00707900
7.118000,1.00711700,1.00704000,1.00706500,1.00710200,1.00707400,1.00707400,1.00704100,1.00708000
7.119999,1.00711700,1.00704000,1.00706600,1.00710200,1.00707500,1.00707400,1.00704100,1.00708000
7.121999,1.00711700,1.00704000,1.00706600,1.00710300,1.00707500,1.00707400,1.00704100,1.00708000
7.123999,1.00711700,1.00704100,1.00706600,1.00710300,1.00707500,1.00707400,1.00704100,1.00708000
7.126000,1.00711800,1.00704100,1.00706600,1.00710300,1.00707500,1.00707400,1.00704100,1.00708100
7.128000,1.00711800,1.00704100,1.00706600,1.00710300,1.00707600,1.00707500,1.00704200,1.00708100
7.130000,1.00711800,1.00704100,1.00706700,1.00710300,1.00707600,1.00707500,1.00704200,1.00708100
7.131999,1.00711800,1.00704100,1.00706700,1.00710400,1.00707600,1.00707500,1.00704200,1.00708100
7.133999,1.00711800,1.00704200,1.00706700,1.00710400,1.00707600,1.00707500,1.00704200,1.00708100
7.136000,1.00711900,1.00704200,1.00706700,1.00710400,1.00707700,1.00707600,1.00704300,1.00708200
7.138000,1.00711900,1.00704200,1.00706800,1.00710400,1.00707700,1.00707600,1.00704300,1.00708200
7.139999,1.00711900,1.00704200,1.00706800,1.00710500,1.00707700,1.00707600,1.00704300,1.00708200
7.141999,1.00711900,1.00704300,1.00706800,1.00710500,1.00707700,1.00707600,1.00704300,1.00708200
7.143999,1.00712000,1.00704300,1.00706800,1.00710500,1.00707700,1.00707600,1.00704300,1.00708200
7.146000,1.00712000,1.00704300,1.00706800,1.00710500,1.00707800,1.00707700,1.00704400,1.00708300
7.148000,1.00712000,1.00704300,1.00706900,1.00710500,1.00707800,1.00707700,1.00704400,1.00708300
7.150000,1.00712000,1.00704300,1.00706900,1.00710600,1.00707800,1.00707700,1.00704400,1.00708300
7.151999,1.00712000,1.00704400,1.00706900,1.00710600,1.00707800,1.00707700,1.00704400,1.00708300
7.153999,1.00712100,1.00704400,1.00706900,1.00710600,1.00707900,1.00707700,1.00704500,1.00708400
7.156000,1.00712100,1.00704400,1.00706900,1.00710600,1.00707900,1.00707800,1.00704500,1.00708400
7.158000,1.00712100,1.00704400,1.00707000,1.00710700,1.00707900,1.00707800,1.00704500,1.00708400
7.159999,1.00712100,1.00704400,1.00707000,1.00710700,1.00707900,1.00707800,1.00704500,1.00708400
7.161999,1.00712200,1.00704500,1.00707000,1.00710700,1.00707900,1.00707800,1.00704500,1.00708400
7.163999,1.00712200,1.00704500,1.00707000,1.00710700,1.00708000,1.00707900,1.00704600,1.00708500
7.166000,1.00712200,1.00704500,1.00707100,1.00710700,1.00708000,1.00707900,1.00704600,1.00708500
7.168000,1.00712200,1.00704500,1.00707100,1.00710800,1.00708000,1.00707900,1.00704600,1.00708500
7.170000,1.00712300,1.00704600,1.00707100,1.00710800,1.00708000,1.00707900,1.00704600,1.00708500
7.171999,1.00712300,1.00704600,1.00707100,1.00710800,1.00708000,1.00707900,1.00704700,1.00708600
7.173999,1.00712300,1.00704600,1.00707100,1.00710800,1.00708100,1.00708000,1.00704700,1.00708600
7.176000,1.00712300,1.00704600,1.00707200,1.00710900,1.00708100,1.00708000,1.00704700,1.00708600
7.177999,1.00712300,1.00704600,1.00707200,1.00710900,1.00708100,1.00708000,1.00704700,1.00708600
7.179999,1.00712400,1.00704700,1.00707200,1.00710900,1.00708100,1.00708000,1.00704700,1.00708700
7.181999,1.00712400,1.00704700,1.00707200,1.00710900,1.00708200,1.00708100,1.00704800,1.00708700
7.184000,1.00712400,1.00704700,1.00707300,1.00711000,1.00708200,1.00708100,1.00704800,1.00708700
7.186000,1.00712400,1.00704700,1.00707300,1.00711000,1.00708200,1.00708100,1.00704800,1.00708700
7.188000,1.00712500,1.00704800,1.00707300,1.00711000,1.00708200,1.00708100,1.00704800,1.00708700
7.190000,1.00712500,1.00704800,1.00707300,1.00711000,1.00708200,1.00708200,1.00704800,1.00708800
7.191999,1.00712500,1.00704800,1.00707400,1.00711000,1.00708300,1.00708200,1.00704900,1.00708800
7.194000,1.00712500,1.00704800,1.00707400,1.00711100,1.00708300,1.00708200,1.00704900,1.00708800
7.196000,1.00712500,1.00704800,1.00707400,1.00711100,1.00708300,1.00708200,1.00704900,1.00708800
7.197999,1.00712600,1.00704900,1.00707400,1.00711100,1.00708300,1.00708200,1.00704900,1.00708900
7.199999,1.00712600,1.00704900,1.00707400,1.00711100,1.00708400,1.00708300,1.00705000,1.00708900
7.201999,1.00712600,1.00704900,1.00707500,1.00711200,1.00708400,1.00708300,1.00705000,1.00708900
7.204000,1.00712600,1.00704900,1.00707500,1.00711200,1.00708400,1.00708300,1.00705000,1.00708900
7.206000,1.00712700,1.00704900,1.00707500,1.00711200,1.00708400,1.00708300,1.00705000,1.00708900
7.208000,1.00712700,1.00705000,1.00707500,1.00711200,1.00708400,1.00708400,1.00705100,1.00709000
7.210000,1.00712700,1.00705000,1.00707600,1.00711200,1.00708500,1.00708400,1.00705100,1.00709000
7.211999,1.00712700,1.00705000,1.00707600,1.00711300,1.00708500,1.00708400,1.00705100,1.00709000
7.214000,1.00712800,1.00705000,1.00707600,1.00711300,1.00708500,1.00708400,1.00705100,1.00709000
7.216000,1.00712800,1.00705100,1.00707600,1.00711300,1.00708500,1.00708400,1.00705100,1.00709100
7.217999,1.00712800,1.00705100,1.00707600,1.00711300,1.00708600,1.00708500,1.00705200,1.00709100
7.219999,1.00712800,1.00705100,1.00707700,1.00711300,1.00708600,1.00708500,1.00705200,1.00709100
7.221999,1.00712800,1.00705100,1.00707700,1.00711400,1.00708600,1.00708500,1.00705200,1.00709100
7.224000,1.00712900,1.00705100,1.00707700,1.00711400,1.00708600,1.00708500,1.00705200,1.00709100
7.226000,1.00712900,1.00705200,1.00707700,1.00711400,1.00708700,1.00708500,1.00705200,1.00709200
7.228000,1.00712900,1.00705200,1.00707800,1.00711400,1.00708700,1.00708600,1.00705300,1.00709200
7.229999,1.00712900,1.00705200,1.00707800,1.00711500,1.00708700,1.00708600,1.00705300,1.00709200
7.231999,1.00713000,1.00705200,1.00707800,1.00711500,1.00708700,1.00708600,1.00705300,1.00709200
7.234000,1.00713000,1.00705300,1.00707800,1.00711500,1.00708700,1.00708600,1.00705300,1.00709200
7.236000,1.00713000,1.00705300,1.00707800,1.00711500,1.00708800,1.00708700,1.00705400,1.00709300
7.237999,1.00713000,1.00705300,1.00707900,1.00711500,1.00708800,1.00708700,1.00705400,1.00709300
7.239999,1.00713000,1.00705300,1.00707900,1.00711600,1.00708800,1.00708700,1.00705400,1.00709300
7.241999,1.00713100,1.00705300,1.00707900,1.00711600,1.00708800,1.00708700,1.00705400,1.00709300
7.244000,1.00713100,1.00705400,1.00707900,1.00711600,1.00708900,1.00708700,1.00705400,1.00709400
7.245999,1.00713100,1.00705400,1.00707900,1.00711600,1.00708900,1.00708800,1.00705500,1.00709400
7.247999,1.00713100,1.00705400,1.00708000,1.00711700,1.00708900,1.00708800,1.00705500,1.00709400
7.249999,1.00713200,1.00705400,1.00708000,1.00711700,1.00708900,1.00708800,1.00705500,1.00709400
7.251999,1.00713200,1.00705500,1.00708000,1.00711700,1.00708900,1.00708800,1.00705500,1.00709500
7.254000,1.00713200,1.00705500,1.00708000,1.00711700,1.00709000,1.00708900,1.00705600,1.00709500
7.256000,1.00713200,1.00705500,1.00708100,1.00711800,1.00709000,1.00708900,1.00705600,1.00709500
7.257999,1.00713300,1.00705500,1.00708100,1.00711800,1.00709000,1.00708900,1.00705600,1.00709500
7.259999,1.00713300,1.00705500,1.00708100,1.00711800,1.00709000,1.00708900,1.00705600,1.00709500
7.262000,1.00713300,1.00705600,1.00708100,1.00711800,1.00709000,1.00708900,1.00705600,1.00709600
7.263999,1.00713300,1.00705600,1.00708200,1.00711800,1.00709100,1.00709000,1.00705700,1.00709600
7.265999,1.00713300,1.00705600,1.00708200,1.00711900,1.00709100,1.00709000,1.00705700,1.00709600
7.267999,1.00713400,1.00705600,1.00708200,1.00711900,1.00709100,1.00709000,1.00705700,1.00709600
7.269999,1.00713400,1.00705600,1.00708200,1.00711900,1.00709100,1.00709000,1.00705700,1.00709700
7.272000,1.00713400,1.00705700,1.00708200,1.00711900,1.00709200,1.00709100,1.00705800,1.00709700
7.274000,1.00713400,1.00705700,1.00708300,1.00712000,1.00709200,1.00709100,1.00705800,1.00709700
7.276000,1.00713500,1.00705700,1.00708300,1.00712000,1.00709200,1.00709100,1.00705800,1.00709700
7.277999,1.00713500,1.00705700,1.00708300,1.00712000,1.00709200,1.00709100,1.00705800,1.00709700
7.279999,1.00713500,1.00705800,1.00708300,1.00712000,1.00709200,1.00709200,1.00705800,1.00709800
7.282000,1.00713500,1.00705800,1.00708400,1.00712000,1.00709300,1.00709200,1.00705900,1.00709800
7.283999,1.00713500,1.00705800,1.00708400,1.00712100,1.00709300,1.00709200,1.00705900,1.00709800
7.285999,1.00713600,1.00705800,1.00708400,1.00712100,1.00709300,1.00709200,1.00705900,1.00709800
7.287999,1.00713600,1.00705900,1.00708400,1.00712100,1.00709300,1.00709200,1.00705900,1.00709900
7.289999,1.00713600,1.00705900,1.00708400,1.00712100,1.00709400,1.00709300,1.00706000,1.00709900
7.292000,1.00713600,1.00705900,1.00708500,1.00712200,1.00709400,1.00709300,1.00706000,1.00709900
7.294000,1.00713700,1.00705900,1.00708500,1.00712200,1.00709400,1.00709300,1.00706000,1.00709900
7.296000,1.00713700,1.00705900,1.00708500,1.00712200,1.00709400,1.00709300,1.00706000,1.00709900
7.297999,1.00713700,1.00706000,1.00708500,1.00712200,1.00709500,1.00709400,1.00706000,1.00710000
7.299999,1.00713700,1.00706000,1.00708600,1.00712300,1.00709500,1.00709400,1.00706100,1.00710000
7.302000,1.00713700,1.00706000,1.00708600,1.00712300,1.00709500,1.00709400,1.00706100,1.00710000
7.303999,1.00713800,1.00706000,1.00708600,1.00712300,1.00709500,1.00709400,1.00706100,1.00710000
7.305999,1.00713800,1.00706000,1.00708600,1.00712300,1.00709500,1.00709400,1.00706100,1.00710100
7.307999,1.00713800,1.00706100,1.00708700,1.00712300,1.00709600,1.00709500,1.00706100,1.00710100
7.309999,1.00713800,1.00706100,1.00708700,1.00712400,1.00709600,1.00709500,1.00706200,1.00710100
7.312000,1.00713900,1.00706100,1.00708700,1.00712400,1.00709600,1.00709500,1.00706200,1.00710100
7.314000,1.00713900,1.00706100,1.00708700,1.00712400,1.00709600,1.00709500,1.00706200,1.00710100
7.316000,1.00713900,1.00706100,1.00708700,1.00712400,1.00709700,1.00709500,1.00706200,1.00710200
7.317999,1.00713900,1.00706200,1.00708800,1.00712500,1.00709700,1.00709600,1.00706300,1.00710200
7.319999,1.00713900,1.00706200,1.00708800,1.00712500,1.00709700,1.00709600,1.00706300,1.00710200
7.322000,1.00714000,1.00706200,1.00708800,1.00712500,1.00709700,1.00709600,1.00706300,1.00710200
7.323999,1.00714000,1.00706200,1.00708800,1.00712500,1.00709700,1.00709600,1.00706300,1.00710300
7.325999,1.00714000,1.00706300,1.00708800,1.00712500,1.00709800,1.00709700,1.00706400,1.00710300
7.327999,1.00714000,1.00706300,1.00708900,1.00712600,1.00709800,1.00709700,1.00706400,1.00710300
7.330000,1.00714100,1.00706300,1.00708900,1.00712600,1.00709800,1.00709700,1.00706400,1.00710300
7.332000,1.00714100,1.00706300,1.00708900,1.00712600,1.00709800,1.00709700,1.00706400,1.00710300
7.334000,1.00714100,1.00706400,1.00708900,1.00712600,1.00709900,1.00709700,1.00706400,1.00710400
7.335999,1.00714100,1.00706400,1.00709000,1.00712700,1.00709900,1.00709800,1.00706500,1.00710400
7.337999,1.00714200,1.00706400,1.00709000,1.00712700,1.00709900,1.00709800,1.00706500,1.00710400
7.340000,1.00714200,1.00706400,1.00709000,1.00712700,1.00709900,1.00709800,1.00706500,1.00710400
7.342000,1.00714200,1.00706400,1.00709000,1.00712700,1.00709900,1.00709800,1.00706500,1.00710500
7.343999,1.00714200,1.00706500,1.00709000,1.00712700,1.00710000,1.00709900,1.00706600,1.00710500
7.345999,1.00714200,1.00706500,1.00709100,1.00712800,1.00710000,1.00709900,1.00706600,1.00710500
7.347999,1.00714300,1.00706500,1.00709100,1.00712800,1.00710000,1.00709900,1.00706600,1.00710500
7.350000,1.00714300,1.00706500,1.00709100,1.00712800,1.00710000,1.00709900,1.00706600,1.00710500
7.352000,1.00714300,1.00706600,1.00709100,1.00712800,1.00710100,1.00710000,1.00706600,1.00710600
7.354000,1.00714300,1.00706600,1.00709200,1.00712900,1.00710100,1.00710000,1.00706700,1.00710600
7.355999,1.00714400,1.00706600,1.00709200,1.00712900,1.00710100,1.00710000,1.00706700,1.00710600
7.357999,1.00714400,1.00706600,1.00709200,1.00712900,1.00710100,1.00710000,1.00706700,1.00710600
7.360000,1.00714400,1.00706600,1.00709200,1.00712900,1.00710100,1.00710000,1.00706700,1.00710700
7.362000,1.00714400,1.00706700,1.00709200,1.00712900,1.00710200,1.00710100,1.00706700,1.00710700
7.363999,1.00714400,1.00706700,1.00709300,1.00713000,1.00710200,1.00710100,1.00706800,1.00710700
7.365999,1.00714500,1.00706700,1.00709300,1.00713000,1.00710200,1.00710100,1.00706800,1.00710700
7.367999,1.00714500,1.00706700,1.00709300,1.00713000,1.00710200,1.00710100,1.00706800,1.00710700
7.370000,1.00714500,1.00706700,1.00709300,1.00713000,1.00710200,1.00710200,1.00706800,1.00710800
7.372000,1.00714500,1.00706800,1.00709400,1.00713100,1.00710300,1.00710200,1.00706900,1.00710800
7.374000,1.00714600,1.00706800,1.00709400,1.00713100,1.00710300,1.00710200,1.00706900,1.00710800
7.375999,1.00714600,1.00706800,1.00709400,1.00713100,1.00710300,1.00710200,1.00706900,1.00710800
7.377999,1.00714600,1.00706800,1.00709400,1.00713100,1.00710300,1.00710200,1.00706900,1.00710900
7.380000,1.00714600,1.00706900,1.00709500,1.00713100,1.00710400,1.00710300,1.00706900,1.00710900
7.381999,1.00714600,1.00706900,1.00709500,1.00713200,1.00710400,1.00710300,1.00707000,1.00710900
7.383999,1.00714700,1.00706900,1.00709500,1.00713200,1.00710400,1.00710300,1.00707000,1.00710900
7.385999,1.00714700,1.00706900,1.00709500,1.00713200,1.00710400,1.00710300,1.00707000,1.00711000
7.387999,1.00714700,1.00706900,1.00709500,1.00713200,1.00710500,1.00710400,1.00707000,1.00711000
7.390000,1.00714700,1.00707000,1.00709600,1.00713300,1.00710500,1.00710400,1.00707100,1.00711000
7.392000,1.00714800,1.00707000,1.00709600,1.00713300,1.00710500,1.00710400,1.00707100,1.00711000
7.394000,1.00714800,1.00707000,1.00709600,1.00713300,1.00710500,1.00710400,1.00707100,1.00711000
7.395999,1.00714800,1.00707000,1.00709600,1.00713300,1.00710500,1.00710400,1.00707100,1.00711100
7.397999,1.00714800,1.00707100,1.00709700,1.00713300,1.00710600,1.00710500,1.00707100,1.00711100
7.400000,1.00714900,1.00707100,1.00709700,1.00713400,1.00710600,1.00710500,1.00707200,1.00711100
7.401999,1.00714900,1.00707100,1.00709700,1.00713400,1.00710600,1.00710500,1.00707200,1.00711100
7.403999,1.00714900,1.00707100,1.00709700,1.00713400,1.00710600,1.00710500,1.00707200,1.00711200
7.405999,1.00714900,1.00707100,1.00709700,1.00713400,1.00710700,1.00710600,1.00707200,1.00711200
7.408000,1.00714900,1.00707200,1.00709800,1.00713500,1.00710700,1.00710600,1.00707300,1.00711200
7.410000,1.00715000,1.00707200,1.00709800,1.00713500,1.00710700,1.00710600,1.00707300,1.00711200
7.412000,1.00715000,1.00707200,1.00709800,1.00713500,1.00710700,1.00710600,1.00707300,1.00711200
7.414000,1.00715000,1.00707200,1.00709800,1.00713500,1.00710700,1.00710600,1.00707300,1.00711300
7.415999,1.00715000,1.00707300,1.00709900,1.00713600,1.00710800,1.00710700,1.00707400,1.00711300
7.418000,1.00715100,1.00707300,1.00709900,1.00713600,1.00710800,1.00710700,1.00707400,1.00711300
7.420000,1.00715100,1.00707300,1.00709900,1.00713600,1.00710800,1.00710700,1.00707400,1.00711300
7.421999,1.00715100,1.00707300,1.00709900,1.00713600,1.00710800,1.00710700,1.00707400,1.00711300
7.423999,1.00715100,1.00707300,1.00709900,1.00713600,1.00710900,1.00710700,1.00707400,1.00711400
7.425999,1.00715100,1.00707400,1.00710000,1.00713700,1.00710900,1.00710800,1.00707500,1.00711400
7.428000,1.00715200,1.00707400,1.00710000,1.00713700,1.00710900,1.00710800,1.00707500,1.00711400
7.430000,1.00715200,1.00707400,1.00710000,1.00713700,1.00710900,1.00710800,1.00707500,1.00711400
7.432000,1.00715200,1.00707400,1.00710000,1.00713700,1.00711000,1.00710800,1.00707500,1.00711500
7.434000,1.00715200,1.00707400,1.00710100,1.00713800,1.00711000,1.00710900,1.00707500,1.00711500
7.435999,1.00715300,1.00707500,1.00710100,1.00713800,1.00711000,1.00710900,1.00707600,1.00711500
7.438000,1.00715300,1.00707500,1.00710100,1.00713800,1.00711000,1.00710900,1.00707600,1.00711500
7.440000,1.00715300,1.00707500,1.00710100,1.00713800,1.00711000,1.00710900,1.00707600,1.00711500
7.441999,1.00715300,1.00707500,1.00710100,1.00713800,1.00711100,1.00711000,1.00707600,1.00711600
7.443999,1.00715400,1.00707600,1.00710200,1.00713900,1.00711100,1.00711000,1.00707700,1.00711600
7.445999,1.00715400,1.00707600,1.00710200,1.00713900,1.00711100,1.00711000,1.00707700,1.00711600
7.448000,1.00715400,1.00707600,1.00710200,1.00713900,1.00711100,1.00711000,1.00707700,1.00711600
7.450000,1.00715400,1.00707600,1.00710200,1.00713900,1.00711200,1.00711000,1.00707700,1.00711700
7.452000,1.00715400,1.00707700,1.00710300,1.00714000,1.00711200,1.00711100,1.00707700,1.00711700
7.453999,1.00715500,1.00707700,1.00710300,1.00714000,1.00711200,1.00711100,1.00707800,1.00711700
7.455999,1.00715500,1.00707700,1.00710300,1.00714000,1.00711200,1.00711100,1.00707800,1.00711700
7.458000,1.00715500,1.00707700,1.00710300,1.00714000,1.00711200,1.00711100,1.00707800,1.00711800
7.460000,1.00715500,1.00707700,1.00710300,1.00714100,1.00711300,1.00711200,1.00707800,1.00711800
7.461999,1.00715600,1.00707800,1.00710400,1.00714100,1.00711300,1.00711200,1.00707900,1.00711800
7.463999,1.00715600,1.00707800,1.00710400,1.00714100,1.00711300,1.00711200,1.00707900,1.00711800
7.465999,1.00715600,1.00707800,1.00710400,1.00714100,1.00711300,1.00711200,1.00707900,1.00711800
7.468000,1.00715600,1.00707800,1.00710400,1.00714100,1.00711300,1.00711300,1.00707900,1.00711900
7.470000,1.00715600,1.00707900,1.00710500,1.00714200,1.00711400,1.00711300,1.00707900,1.00711900
7.471999,1.00715700,1.00707900,1.00710500,1.00714200,1.00711400,1.00711300,1.00708000,1.00711900
7.473999,1.00715700,1.00707900,1.00710500,1.00714200,1.00711400,1.00711300,1.00708000,1.00711900
7.475999,1.00715700,1.00707900,1.00710500,1.00714200,1.00711400,1.00711300,1.00708000,1.00712000
7.478000,1.00715700,1.00707900,1.00710500,1.00714300,1.00711500,1.00711400,1.00708000,1.00712000
7.480000,1.00715800,1.00708000,1.00710600,1.00714300,1.00711500,1.00711400,1.00708100,1.00712000
7.481999,1.00715800,1.00708000,1.00710600,1.00714300,1.00711500,1.00711400,1.00708100,1.00712000
7.483999,1.00715800,1.00708000,1.00710600,1.00714300,1.00711500,1.00711400,1.00708100,1.00712000
7.486000,1.00715800,1.00708000,1.00710600,1.00714300,1.00711500,1.00711500,1.00708100,1.00712100
7.488000,1.00715900,1.00708000,1.00710700,1.00714400,1.00711600,1.00711500,1.00708200,1.00712100
7.489999,1.00715900,1.00708100,1.00710700,1.00714400,1.00711600,1.00711500,1.00708200,1.00712100
7.491999,1.00715900,1.00708100,1.00710700,1.00714400,1.00711600,1.00711500,1.00708200,1.00712100
7.493999,1.00715900,1.00708100,1.00710700,1.00714400,1.00711600,1.00711500,1.00708200,1.00712200
7.496000,1.00715900,1.00708100,1.00710700,1.00714500,1.00711700,1.00711600,1.00708200,1.00712200
7.498000,1.00716000,1.00708200,1.00710800,1.00714500,1.00711700,1.00711600,1.00708300,1.00712200
7.500000,1.00716000,1.00708200,1.00710800,1.00714500,1.00711700,1.00711600,1.00708300,1.00712200
7.501999,1.00716000,1.00708200,1.00710800,1.00714500,1.00711700,1.00711600,1.00708300,1.00712300
7.503999,1.00716000,1.00708200,1.00710800,1.00714500,1.00711800,1.00711700,1.00708300,1.00712300
7.506000,1.00716100,1.00708200,1.00710900,1.00714600,1.00711800,1.00711700,1.00708300,1.00712300
7.507999,1.00716100,1.00708300,1.00710900,1.00714600,1.00711800,1.00711700,1.00708400,1.00712300
7.509999,1.00716100,1.00708300,1.00710900,1.00714600,1.00711800,1.00711700,1.00708400,1.00712300
7.511999,1.00716100,1.00708300,1.00710900,1.00714600,1.00711800,1.00711700,1.00708400,1.00712400
7.513999,1.00716100,1.00708300,1.00711000,1.00714700,1.00711900,1.00711800,1.00708400,1.00712400
7.516000,1.00716200,1.00708400,1.00711000,1.00714700,1.00711900,1.00711800,1.00708500,1.00712400
7.518000,1.00716200,1.00708400,1.00711000,1.00714700,1.00711900,1.00711800,1.00708500,1.00712400
7.520000,1.00716200,1.00708400,1.00711000,1.00714700,1.00711900,1.00711800,1.00708500,1.00712500
7.521999,1.00716200,1.00708400,1.00711000,1.00714800,1.00712000,1.00711800,1.00708500,1.00712500
7.523999,1.00716300,1.00708400,1.00711100,1.00714800,1.00712000,1.00711900,1.00708500,1.00712500
7.526000,1.00716300,1.00708500,1.00711100,1.00714800,1.00712000,1.00711900,1.00708600,1.00712500
7.527999,1.00716300,1.00708500,1.00711100,1.00714800,1.00712000,1.00711900,1.00708600,1.00712500
7.529999,1.00716300,1.00708500,1.00711100,1.00714800,1.00712000,1.00711900,1.00708600,1.00712600
7.531999,1.00716400,1.00708500,1.00711200,1.00714900,1.00712100,1.00712000,1.00708600,1.00712600
7.533999,1.00716400,1.00708600,1.00711200,1.00714900,1.00712100,1.00712000,1.00708700,1.00712600
7.536000,1.00716400,1.00708600,1.00711200,1.00714900,1.00712100,1.00712000,1.00708700,1.00712600
7.538000,1.00716400,1.00708600,1.00711200,1.00714900,1.00712100,1.00712000,1.00708700,1.00712700
7.539999,1.00716400,1.00708600,1.00711300,1.00715000,1.00712200,1.00712000,1.00708700,1.00712700
7.541999,1.00716500,1.00708600,1.00711300,1.00715000,1.00712200,1.00712100,1.00708700,1.00712700
7.543999,1.00716500,1.00708700,1.00711300,1.00715000,1.00712200,1.00712100,1.00708800,1.00712700
7.546000,1.00716500,1.00708700,1.00711300,1.00715000,1.00712200,1.00712100,1.00708800,1.00712700
7.547999,1.00716500,1.00708700,1.00711300,1.00715000,1.00712300,1.00712100,1.00708800,1.00712800
7.549999,1.00716600,1.00708700,1.00711400,1.00715100,1.00712300,1.00712200,1.00708800,1.00712800
7.551999,1.00716600,1.00708800,1.00711400,1.00715100,1.00712300,1.00712200,1.00708900,1.00712800
7.554000,1.00716600,1.00708800,1.00711400,1.00715100,1.00712300,1.00712200,1.00708900,1.00712800
7.556000,1.00716600,1.00708800,1.00711400,1.00715100,1.00712300,1.00712200,1.00708900,1.00712900
7.558000,1.00716700,1.00708800,1.00711500,1.00715200,1.00712400,1.00712300,1.00708900,1.00712900
7.559999,1.00716700,1.00708800,1.00711500,1.00715200,1.00712400,1.00712300,1.00708900,1.00712900
7.561999,1.00716700,1.00708900,1.00711500,1.00715200,1.00712400,1.00712300,1.00709000,1.00712900
7.564000,1.00716700,1.00708900,1.00711500,1.00715200,1.00712400,1.00712300,1.00709000,1.00712900
7.566000,1.00716700,1.00708900,1.00711500,1.00715200,1.00712500,1.00712300,1.00709000,1.00713000
7.567999,1.00716800,1.00708900,1.00711600,1.00715300,1.00712500,1.00712400,1.00709000,1.00713000
7.569999,1.00716800,1.00708900,1.00711600,1.00715300,1.00712500,1.00712400,1.00709100,1.00713000
7.571999,1.00716800,1.00709000,1.00711600,1.00715300,1.00712500,1.00712400,1.00709100,1.00713000
7.574000,1.00716800,1.00709000,1.00711600,1.00715300,1.00712500,1.00712400,1.00709100,1.00713100
7.576000,1.00716900,1.00709000,1.00711700,1.00715400,1.00712600,1.00712500,1.00709100,1.00713100
7.578000,1.00716900,1.00709000,1.00711700,1.00715400,1.00712600,1.00712500,1.00709200,1.00713100
7.579999,1.00716900,1.00709100,1.00711700,1.00715400,1.00712600,1.00712500,1.00709200,1.00713100
7.581999,1.00716900,1.00709100,1.00711700,1.00715400,1.00712600,1.00712500,1.00709200,1.00713100
7.584000,1.00716900,1.00709100,1.00711700,1.00715400,1.00712700,1.00712500,1.00709200,1.00713200
7.585999,1.00717000,1.00709100,1.00711800,1.00715500,1.00712700,1.00712600,1.00709200,1.00713200
7.587999,1.00717000,1.00709200,1.00711800,1.00715500,1.00712700,1.00712600,1.00709300,1.00713200
7.589999,1.00717000,1.00709200,1.00711800,1.00715500,1.00712700,1.00712600,1.00709300,1.00713200
7.591999,1.00717000,1.00709200,1.00711800,1.00715500,1.00712700,1.00712600,1.00709300,1.00713300
7.594000,1.00717100,1.00709200,1.00711900,1.00715600,1.00712800,1.00712700,1.00709300,1.00713300
7.596000,1.00717100,1.00709200,1.00711900,1.00715600,1.00712800,1.00712700,1.00709300,1.00713300
7.598000,1.00717100,1.00709300,1.00711900,1.00715600,1.00712800,1.00712700,1.00709400,1.00713300
7.599999,1.00717100,1.00709300,1.00711900,1.00715600,1.00712800,1.00712700,1.00709400,1.00713300
7.601999,1.00717200,1.00709300,1.00711900,1.00715700,1.00712900,1.00712800,1.00709400,1.00713400
7.604000,1.00717200,1.00709300,1.00712000,1.00715700,1.00712900,1.00712800,1.00709400,1.00713400
7.605999,1.00717200,1.00709400,1.00712000,1.00715700,1.00712900,1.00712800,1.00709500,1.00713400
7.607999,1.00717200,1.00709400,1.00712000,1.00715700,1.00712900,1.00712800,1.00709500,1.00713400
7.609999,1.00717200,1.00709400,1.00712000,1.00715700,1.00712900,1.00712800,1.00709500,1.00713500
7.611999,1.00717300,1.00709400,1.00712100,1.00715800,1.00713000,1.00712900,1.00709500,1.00713500
7.614000,1.00717300,1.00709400,1.00712100,1.00715800,1.00713000,1.00712900,1.00709500,1.00713500
7.616000,1.00717300,1.00709500,1.00712100,1.00715800,1.00713000,1.00712900,1.00709600,1.00713500
7.618000,1.00717300,1.00709500,1.00712100,1.00715800,1.00713000,1.00712900,1.00709600,1.00713600
7.619999,1.00717400,1.00709500,1.00712100,1.00715900,1.00713100,1.00713000,1.00709600,1.00713600
7.621999,1.00717400,1.00709500,1.00712200,1.00715900,1.00713100,1.00713000,1.00709600,1.00713600
7.624000,1.00717400,1.00709600,1.00712200,1.00715900,1.00713100,1.00713000,1.00709700,1.00713600
7.625999,1.00717400,1.00709600,1.00712200,1.00715900,1.00713100,1.00713000,1.00709700,1.00713600
7.627999,1.00717500,1.00709600,1.00712200,1.00715900,1.00713100,1.00713000,1.00709700,1.00713700
7.629999,1.00717500,1.00709600,1.00712300,1.00716000,1.00713200,1.00713100,1.00709700,1.00713700
7.632000,1.00717500,1.00709600,1.00712300,1.00716000,1.00713200,1.00713100,1.00709700,1.00713700
7.634000,1.00717500,1.00709700,1.00712300,1.00716000,1.00713200,1.00713100,1.00709800,1.00713700
7.636000,1.00717500,1.00709700,1.00712300,1.00716000,1.00713200,1.00713100,1.00709800,1.00713800
7.638000,1.00717600,1.00709700,1.00712300,1.00716100,1.00713300,1.00713200,1.00709800,1.00713800
7.639999,1.00717600,1.00709700,1.00712400,1.00716100,1.00713300,1.00713200,1.00709800,1.00713800
7.642000,1.00717600,1.00709700,1.00712400,1.00716100,1.00713300,1.00713200,1.00709900,1.00713800
7.644000,1.00717600,1.00709800,1.00712400,1.00716100,1.00713300,1.00713200,1.00709900,1.00713800
7.645999,1.00717700,1.00709800,1.00712400,1.00716100,1.00713300,1.00713200,1.00709900,1.00713900
7.647999,1.00717700,1.00709800,1.00712500,1.00716200,1.00713400,1.00713300,1.00709900,1.00713900
7.649999,1.00717700,1.00709800,1.00712500,1.00716200,1.00713400,1.00713300,1.00710000,1.00713900
7.652000,1.00717700,1.00709900,1.00712500,1.00716200,1.00713400,1.00713300,1.00710000,1.00713900
7.654000,1.00717800,1.00709900,1.00712500,1.00716200,1.00713400,1.00713300,1.00710000,1.00714000
7.656000,1.00717800,1.00709900,1.00712600,1.00716300,1.00713500,1.00713400,1.00710000,1.00714000
7.658000,1.00717800,1.00709900,1.00712600,1.00716300,1.00713500,1.00713400,1.00710000,1.00714000
7.659999,1.00717800,1.00710000,1.00712600,1.00716300,1.00713500,1.00713400,1.00710100,1.00714000
7.662000,1.00717800,1.00710000,1.00712600,1.00716300,1.00713500,1.00713400,1.00710100,1.00714100
7.664000,1.00717900,1.00710000,1.00712600,1.00716400,1.00713600,1.00713400,1.00710100,1.00714100
7.665999,1.00717900,1.00710000,1.00712700,1.00716400,1.00713600,1.00713500,1.00710100,1.00714100
7.667999,1.00717900,1.00710000,1.00712700,1.00716400,1.00713600,1.00713500,1.00710200,1.00714100
7.669999,1.00717900,1.00710100,1.00712700,1.00716400,1.00713600,1.00713500,1.00710200,1.00714100
7.672000,1.00718000,1.00710100,1.00712700,1.00716400,1.00713600,1.00713500,1.00710200,1.00714200
7.674000,1.00718000,1.00710100,1.00712800,1.00716500,1.00713700,1.00713600,1.00710200,1.00714200
7.676000,1.00718000,1.00710100,1.00712800,1.00716500,1.00713700,1.00713600,1.00710200,1.00714200
7.677999,1.00718000,1.00710200,1.00712800,1.00716500,1.00713700,1.00713600,1.00710300,1.00714200
7.679999,1.00718100,1.00710200,1.00712800,1.00716500,1.00713700,1.00713600,1.00710300,1.00714300
7.682000,1.00718100,1.00710200,1.00712800,1.00716600,1.00713800,1.00713600,1.00710300,1.00714300
7.684000,1.00718100,1.00710200,1.00712900,1.00716600,1.00713800,1.00713700,1.00710300,1.00714300
7.685999,1.00718100,1.00710200,1.00712900,1.00716600,1.00713800,1.00713700,1.00710400,1.00714300
7.687999,1.00718100,1.00710300,1.00712900,1.00716600,1.00713800,1.00713700,1.00710400,1.00714300
7.689999,1.00718200,1.00710300,1.00712900,1.00716700,1.00713800,1.00713700,1.00710400,1.00714400
7.692000,1.00718200,1.00710300,1.00713000,1.00716700,1.00713900,1.00713800,1.00710400,1.00714400
7.694000,1.00718200,1.00710300,1.00713000,1.00716700,1.00713900,1.00713800,1.00710400,1.00714400
7.695999,1.00718200,1.00710400,1.00713000,1.00716700,1.00713900,1.00713800,1.00710500,1.00714400
7.697999,1.00718300,1.00710400,1.00713000,1.00716700,1.00713900,1.00713800,1.00710500,1.00714500
7.699999,1.00718300,1.00710400,1.00713100,1.00716800,1.00714000,1.00713800,1.00710500,1.00714500
7.702000,1.00718300,1.00710400,1.00713100,1.00716800,1.00714000,1.00713900,1.00710500,1.00714500
7.704000,1.00718300,1.00710400,1.00713100,1.00716800,1.00714000,1.00713900,1.00710600,1.00714500
7.705999,1.00718400,1.00710500,1.00713100,1.00716800,1.00714000,1.00713900,1.00710600,1.00714500
7.707999,1.00718400,1.00710500,1.00713100,1.00716900,1.00714100,1.00713900,1.00710600,1.00714600
7.710000,1.00718400,1.00710500,1.00713200,1.00716900,1.00714100,1.00714000,1.00710600,1.00714600
7.712000,1.00718400,1.00710500,1.00713200,1.00716900,1.00714100,1.00714000,1.00710600,1.00714600
7.713999,1.00718400,1.00710500,1.00713200,1.00716900,1.00714100,1.00714000,1.00710700,1.00714600
7.715999,1.00718500,1.00710600,1.00713200,1.00716900,1.00714100,1.00714000,1.00710700,1.00714700
7.717999,1.00718500,1.00710600,1.00713300,1.00717000,1.00714200,1.00714100,1.00710700,1.00714700
7.720000,1.00718500,1.00710600,1.00713300,1.00717000,1.00714200,1.00714100,1.00710700,1.00714700
7.722000,1.00718500,1.00710600,1.00713300,1.00717000,1.00714200,1.00714100,1.00710700,1.00714700
7.724000,1.00718600,1.00710700,1.00713300,1.00717000,1.00714200,1.00714100,1.00710800,1.00714800
7.725999,1.00718600,1.00710700,1.00713300,1.00717100,1.00714300,1.00714100,1.00710800,1.00714800
7.727999,1.00718600,1.00710700,1.00713400,1.00717100,1.00714300,1.00714200,1.00710800,1.00714800
7.730000,1.00718600,1.00710700,1.00713400,1.00717100,1.00714300,1.00714200,1.00710800,1.00714800
7.731999,1.00718700,1.00710700,1.00713400,1.00717100,1.00714300,1.00714200,1.00710900,1.00714800
7.733999,1.00718700,1.00710800,1.00713400,1.00717200,1.00714300,1.00714200,1.00710900,1.00714900
7.735999,1.00718700,1.00710800,1.00713500,1.00717200,1.00714400,1.00714300,1.00710900,1.00714900
7.737999,1.00718700,1.00710800,1.00713500,1.00717200,1.00714400,1.00714300,1.00710900,1.00714900
7.740000,1.00718700,1.00710800,1.00713500,1.00717200,1.00714400,1.00714300,1.00711000,1.00714900
7.742000,1.00718800,1.00710900,1.00713500,1.00717200,1.00714400,1.00714300,1.00711000,1.00715000
7.743999,1.00718800,1.00710900,1.00713600,1.00717300,1.00714500,1.00714300,1.00711000,1.00715000
7.745999,1.00718800,1.00710900,1.00713600,1.00717300,1.00714500,1.00714400,1.00711000,1.00715000
7.747999,1.00718800,1.00710900,1.00713600,1.00717300,1.00714500,1.00714400,1.00711000,1.00715000
7.750000,1.00718900,1.00711000,1.00713600,1.00717300,1.00714500,1.00714400,1.00711100,1.00715000
7.751999,1.00718900,1.00711000,1.00713600,1.00717400,1.00714600,1.00714400,1.00711100,1.00715100
7.753999,1.00718900,1.00711000,1.00713700,1.00717400,1.00714600,1.00714500,1.00711100,1.00715100
7.755999,1.00718900,1.00711000,1.00713700,1.00717400,1.00714600,1.00714500,1.00711100,1.00715100
7.757999,1.00719000,1.00711000,1.00713700,1.00717400,1.00714600,1.00714500,1.00711200,1.00715100
7.760000,1.00719000,1.00711100,1.00713700,1.00717400,1.00714600,1.00714500,1.00711200,1.00715200
7.762000,1.00719000,1.00711100,1.00713800,1.00717500,1.00714700,1.00714600,1.00711200,1.00715200
7.763999,1.00719000,1.00711100,1.00713800,1.00717500,1.00714700,1.00714600,1.00711200,1.00715200
7.765999,1.00719000,1.00711100,1.00713800,1.00717500,1.00714700,1.00714600,1.00711300,1.00715200
7.767999,1.00719100,1.00711200,1.00713800,1.00717500,1.00714700,1.00714600,1.00711300,1.00715200
7.770000,1.00719100,1.00711200,1.00713800,1.00717600,1.00714800,1.00714600,1.00711300,1.00715300
7.771999,1.00719100,1.00711200,1.00713900,1.00717600,1.00714800,1.00714700,1.00711300,1.00715300
7.773999,1.00719100,1.00711200,1.00713900,1.00717600,1.00714800,1.00714700,1.00711300,1.00715300
7.775999,1.00719200,1.00711200,1.00713900,1.00717600,1.00714800,1.00714700,1.00711400,1.00715300
7.777999,1.00719200,1.00711300,1.00713900,1.00717700,1.00714900,1.00714700,1.00711400,1.00715400
7.780000,1.00719200,1.00711300,1.00714000,1.00717700,1.00714900,1.00714800,1.00711400,1.00715400
7.782000,1.00719200,1.00711300,1.00714000,1.00717700,1.00714900,1.00714800,1.00711400,1.00715400
7.783999,1.00719200,1.00711300,1.00714000,1.00717700,1.00714900,1.00714800,1.00711500,1.00715400
7.785999,1.00719300,1.00711400,1.00714000,1.00717700,1.00714900,1.00714800,1.00711500,1.00715400
7.788000,1.00719300,1.00711400,1.00714100,1.00717800,1.00715000,1.00714900,1.00711500,1.00715500
7.789999,1.00719300,1.00711400,1.00714100,1.00717800,1.00715000,1.00714900,1.00711500,1.00715500
7.791999,1.00719300,1.00711400,1.00714100,1.00717800,1.00715000,1.00714900,1.00711500,1.00715500
7.793999,1.00719400,1.00711400,1.00714100,1.00717800,1.00715000,1.00714900,1.00711600,1.00715500
7.795999,1.00719400,1.00711500,1.00714100,1.00717900,1.00715100,1.00714900,1.00711600,1.00715600
7.798000,1.00719400,1.00711500,1.00714200,1.00717900,1.00715100,1.00715000,1.00711600,1.00715600
7.800000,1.00719400,1.00711500,1.00714200,1.00717900,1.00715100,1.00715000,1.00711600,1.00715600
7.802000,1.00719500,1.00711500,1.00714200,1.00717900,1.00715100,1.00715000,1.00711700,1.00715600
7.803999,1.00719500,1.00711600,1.00714200,1.00717900,1.00715100,1.00715000,1.00711700,1.00715700
7.805999,1.00719500,1.00711600,1.00714300,1.00718000,1.00715200,1.00715100,1.00711700,1.00715700
7.808000,1.00719500,1.00711600,1.00714300,1.00718000,1.00715200,1.00715100,1.00711700,1.00715700
7.809999,1.00719500,1.00711600,1.00714300,1.00718000,1.00715200,1.00715100,1.00711700,1.00715700
7.811999,1.00719600,1.00711600,1.00714300,1.00718000,1.00715200,1.00715100,1.00711800,1.00715700
7.813999,1.00719600,1.00711700,1.00714300,1.00718100,1.00715300,1.00715100,1.00711800,1.00715800
7.815999,1.00719600,1.00711700,1.00714400,1.00718100,1.00715300,1.00715200,1.00711800,1.00715800
7.818000,1.00719600,1.00711700,1.00714400,1.00718100,1.00715300,1.00715200,1.00711800,1.00715800
7.820000,1.00719700,1.00711700,1.00714400,1.00718100,1.00715300,1.00715200,1.00711900,1.00715800
7.822000,1.00719700,1.00711800,1.00714400,1.00718200,1.00715300,1.00715200,1.00711900,1.00715900
7.823999,1.00719700,1.00711800,1.00714500,1.00718200,1.00715400,1.00715300,1.00711900,1.00715900
7.825999,1.00719700,1.00711800,1.00714500,1.00718200,1.00715400,1.00715300,1.00711900,1.00715900
7.828000,1.00719700,1.00711800,1.00714500,1.00718200,1.00715400,1.00715300,1.00711900,1.00715900
7.829999,1.00719800,1.00711800,1.00714500,1.00718200,1.00715400,1.00715300,1.00712000,1.00715900
7.831999,1.00719800,1.00711900,1.00714600,1.00718300,1.00715500,1.00715300,1.00712000,1.00716000
7.833999,1.00719800,1.00711900,1.00714600,1.00718300,1.00715500,1.00715400,1.00712000,1.00716000
7.835999,1.00719800,1.00711900,1.00714600,1.00718300,1.00715500,1.00715400,1.00712000,1.00716000
7.838000,1.00719900,1.00711900,1.00714600,1.00718300,1.00715500,1.00715400,1.00712100,1.00716000
7.840000,1.00719900,1.00712000,1.00714600,1.00718400,1.00715500,1.00715400,1.00712100,1.00716100
7.842000,1.00719900,1.00712000,1.00714700,1.00718400,1.00715600,1.00715500,1.00712100,1.00716100
7.843999,1.00719900,1.00712000,1.00714700,1.00718400,1.00715600,1.00715500,1.00712100,1.00716100
7.845999,1.00720000,1.00712000,1.00714700,1.00718400,1.00715600,1.00715500,1.00712100,1.00716100
7.848000,1.00720000,1.00712000,1.00714700,1.00718500,1.00715600,1.00715500,1.00712200,1.00716100
7.849999,1.00720000,1.00712100,1.00714800,1.00718500,1.00715700,1.00715600,1.00712200,1.00716200
7.851999,1.00720000,1.00712100,1.00714800,1.00718500,1.00715700,1.00715600,1.00712200,1.00716200
7.853999,1.00720000,1.00712100,1.00714800,1.00718500,1.00715700,1.00715600,1.00712200,1.00716200
7.856000,1.00720100,1.00712100,1.00714800,1.00718500,1.00715700,1.00715600,1.00712300,1.00716200
7.858000,1.00720100,1.00712200,1.00714900,1.00718600,1.00715800,1.00715600,1.00712300,1.00716300
7.860000,1.00720100,1.00712200,1.00714900,1.00718600,1.00715800,1.00715700,1.00712300,1.00716300
7.862000,1.00720100,1.00712200,1.00714900,1.00718600,1.00715800,1.00715700,1.00712300,1.00716300
7.863999,1.00720200,1.00712200,1.00714900,1.00718600,1.00715800,1.00715700,1.00712300,1.00716300
7.866000,1.00720200,1.00712300,1.00714900,1.00718700,1.00715800,1.00715700,1.00712400,1.00716400
7.868000,1.00720200,1.00712300,1.00715000,1.00718700,1.00715900,1.00715800,1.00712400,1.00716400
7.869999,1.00720200,1.00712300,1.00715000,1.00718700,1.00715900,1.00715800,1.00712400,1.00716400
7.871999,1.00720300,1.00712300,1.00715000,1.00718700,1.00715900,1.00715800,1.00712400,1.00716400
7.873999,1.00720300,1.00712300,1.00715000,1.00718700,1.00715900,1.00715800,1.00712500,1.00716400
7.876000,1.00720300,1.00712400,1.00715100,1.00718800,1.00716000,1.00715800,1.00712500,1.00716500
7.878000,1.00720300,1.00712400,1.00715100,1.00718800,1.00716000,1.00715900,1.00712500,1.00716500
7.880000,1.00720300,1.00712400,1.00715100,1.00718800,1.00716000,1.00715900,1.00712500,1.00716500
7.881999,1.00720400,1.00712400,1.00715100,1.00718800,1.00716000,1.00715900,1.00712500,1.00716500
7.883999,1.00720400,1.00712400,1.00715100,1.00718900,1.00716000,1.00715900,1.00712600,1.00716600
7.886000,1.00720400,1.00712500,1.00715200,1.00718900,1.00716100,1.00716000,1.00712600,1.00716600
7.888000,1.00720400,1.00712500,1.00715200,1.00718900,1.00716100,1.00716000,1.00712600,1.00716600
7.889999,1.00720500,1.00712500,1.00715200,1.00718900,1.00716100,1.00716000,1.00712600,1.00716600
7.891999,1.00720500,1.00712500,1.00715200,1.00719000,1.00716100,1.00716000,1.00712700,1.00716700
7.893999,1.00720500,1.00712600,1.00715300,1.00719000,1.00716200,1.00716000,1.00712700,1.00716700
7.896000,1.00720500,1.00712600,1.00715300,1.00719000,1.00716200,1.00716100,1.00712700,1.00716700
7.898000,1.00720600,1.00712600,1.00715300,1.00719000,1.00716200,1.00716100,1.00712700,1.00716700
7.900000,1.00720600,1.00712600,1.00715300,1.00719000,1.00716200,1.00716100,1.00712800,1.00716700
7.901999,1.00720600,1.00712600,1.00715400,1.00719100,1.00716300,1.00716100,1.00712800,1.00716800
7.903999,1.00720600,1.00712700,1.00715400,1.00719100,1.00716300,1.00716200,1.00712800,1.00716800
7.906000,1.00720700,1.00712700,1.00715400,1.00719100,1.00716300,1.00716200,1.00712800,1.00716800
7.908000,1.00720700,1.00712700,1.00715400,1.00719100,1.00716300,1.00716200,1.00712800,1.00716800
7.909999,1.00720700,1.00712700,1.00715400,1.00719200,1.00716300,1.00716200,1.00712900,1.00716900
7.911999,1.00720700,1.00712800,1.00715500,1.00719200,1.00716400,1.00716300,1.00712900,1.00716900
7.913999,1.00720700,1.00712800,1.00715500,1.00719200,1.00716400,1.00716300,1.00712900,1.00716900
7.916000,1.00720800,1.00712800,1.00715500,1.00719200,1.00716400,1.00716300,1.00712900,1.00716900
7.918000,1.00720800,1.00712800,1.00715500,1.00719300,1.00716400,1.00716300,1.00713000,1.00716900
7.920000,1.00720800,1.00712800,1.00715600,1.00719300,1.00716500,1.00716300,1.00713000,1.00717000
7.921999,1.00720800,1.00712900,1.00715600,1.00719300,1.00716500,1.00716400,1.00713000,1.00717000
7.923999,1.00720900,1.00712900,1.00715600,1.00719300,1.00716500,1.00716400,1.00713000,1.00717000
7.926000,1.00720900,1.00712900,1.00715600,1.00719300,1.00716500,1.00716400,1.00713100,1.00717000
7.927999,1.00720900,1.00712900,1.00715600,1.00719400,1.00716500,1.00716400,1.00713100,1.00717100
7.929999,1.00720900,1.00713000,1.00715700,1.00719400,1.00716600,1.00716500,1.00713100,1.00717100
7.931999,1.00721000,1.00713000,1.00715700,1.00719400,1.00716600,1.00716500,1.00713100,1.00717100
7.934000,1.00721000,1.00713000,1.00715700,1.00719400,1.00716600,1.00716500,1.00713100,1.00717100
7.936000,1.00721000,1.00713000,1.00715700,1.00719500,1.00716600,1.00716500,1.00713200,1.00717200
7.938000,1.00721000,1.00713100,1.00715800,1.00719500,1.00716700,1.00716500,1.00713200,1.00717200
7.939999,1.00721000,1.00713100,1.00715800,1.00719500,1.00716700,1.00716600,1.00713200,1.00717200
7.941999,1.00721100,1.00713100,1.00715800,1.00719500,1.00716700,1.00716600,1.00713200,1.00717200
7.944000,1.00721100,1.00713100,1.00715800,1.00719600,1.00716700,1.00716600,1.00713300,1.00717200
7.946000,1.00721100,1.00713100,1.00715900,1.00719600,1.00716800,1.00716600,1.00713300,1.00717300
7.947999,1.00721100,1.00713200,1.00715900,1.00719600,1.00716800,1.00716700,1.00713300,1.00717300
7.949999,1.00721200,1.00713200,1.00715900,1.00719600,1.00716800,1.00716700,1.00713300,1.00717300
7.951999,1.00721200,1.00713200,1.00715900,1.00719600,1.00716800,1.00716700,1.00713300,1.00717300
7.954000,1.00721200,1.00713200,1.00715900,1.00719700,1.00716800,1.00716700,1.00713400,1.00717400
7.955999,1.00721200,1.00713300,1.00716000,1.00719700,1.00716900,1.00716800,1.00713400,1.00717400
7.957999,1.00721300,1.00713300,1.00716000,1.00719700,1.00716900,1.00716800,1.00713400,1.00717400
7.959999,1.00721300,1.00713300,1.00716000,1.00719700,1.00716900,1.00716800,1.00713400,1.00717400
7.961999,1.00721300,1.00713300,1.00716000,1.00719800,1.00716900,1.00716800,1.00713500,1.00717400
7.964000,1.00721300,1.00713300,1.00716100,1.00719800,1.00717000,1.00716800,1.00713500,1.00717500
7.966000,1.00721300,1.00713400,1.00716100,1.00719800,1.00717000,1.00716900,1.00713500,1.00717500
7.967999,1.00721400,1.00713400,1.00716100,1.00719800,1.00717000,1.00716900,1.00713500,1.00717500
7.969999,1.00721400,1.00713400,1.00716100,1.00719900,1.00717000,1.00716900,1.00713500,1.00717500
7.971999,1.00721400,1.00713400,1.00716100,1.00719900,1.00717000,1.00716900,1.00713600,1.00717600
7.974000,1.00721400,1.00713500,1.00716200,1.00719900,1.00717100,1.00717000,1.00713600,1.00717600
7.975999,1.00721500,1.00713500,1.00716200,1.00719900,1.00717100,1.00717000,1.00713600,1.00717600
7.977999,1.00721500,1.00713500,1.00716200,1.00719900,1.00717100,1.00717000,1.00713600,1.00717600
7.979999,1.00721500,1.00713500,1.00716200,1.00720000,1.00717100,1.00717000,1.00713700,1.00717700
7.981999,1.00721500,1.00713500,1.00716300,1.00720000,1.00717200,1.00717000,1.00713700,1.00717700
7.984000,1.00721500,1.00713600,1.00716300,1.00720000,1.00717200,1.00717100,1.00713700,1.00717700
7.986000,1.00721600,1.00713600,1.00716300,1.00720000,1.00717200,1.00717100,1.00713700,1.00717700
7.987999,1.00721600,1.00713600,1.00716300,1.00720100,1.00717200,1.00717100,1.00713700,1.00717700
7.989999,1.00721600,1.00713600,1.00716400,1.00720100,1.00717300,1.00717100,1.00713800,1.00717800
7.991999,1.00721600,1.00713700,1.00716400,1.00720100,1.00717300,1.00717200,1.00713800,1.00717800
7.993999,1.00721700,1.00713700,1.00716400,1.00720100,1.00717300,1.00717200,1.00713800,1.00717800
7.995999,1.00721700,1.00713700,1.00716400,1.00720200,1.00717300,1.00717200,1.00713800,1.00717800
7.997999,1.00721700,1.00713700,1.00716400,1.00720200,1.00717300,1.00717200,1.00713900,1.00717900
7.999999,1.00721700,1.00713700,1.00716500,1.00720200,1.00717400,1.00717300,1.00713900,1.00717900
8.001999,1.00721800,1.00713800,1.00716500,1.00720200,1.00717400,1.00717300,1.00713900,1.00717900
8.004000,1.00721800,1.00713800,1.00716500,1.00720200,1.00717400,1.00717300,1.00713900,1.00717900
8.006000,1.00721800,1.00713800,1.00716500,1.00720300,1.00717400,1.00717300,1.00713900,1.00717900
8.007999,1.00721800,1.00713800,1.00716600,1.00720300,1.00717500,1.00717300,1.00714000,1.00718000
8.009999,1.00721800,1.00713900,1.00716600,1.00720300,1.00717500,1.00717400,1.00714000,1.00718000
8.012000,1.00721900,1.00713900,1.00716600,1.00720300,1.00717500,1.00717400,1.00714000,1.00718000
8.014000,1.00721900,1.00713900,1.00716600,1.00720400,1.00717500,1.00717400,1.00714000,1.00718000
8.016000,1.00721900,1.00713900,1.00716700,1.00720400,1.00717500,1.00717400,1.00714100,1.00718100
8.018000,1.00721900,1.00713900,1.00716700,1.00720400,1.00717600,1.00717500,1.00714100,1.00718100
8.020000,1.00722000,1.00714000,1.00716700,1.00720400,1.00717600,1.00717500,1.00714100,1.00718100
8.021999,1.00722000,1.00714000,1.00716700,1.00720500,1.00717600,1.00717500,1.00714100,1.00718100
8.023999,1.00722000,1.00714000,1.00716700,1.00720500,1.00717600,1.00717500,1.00714100,1.00718200
8.025999,1.00722000,1.00714000,1.00716800,1.00720500,1.00717700,1.00717500,1.00714200,1.00718200
8.027999,1.00722100,1.00714100,1.00716800,1.00720500,1.00717700,1.00717600,1.00714200,1.00718200
8.029999,1.00722100,1.00714100,1.00716800,1.00720500,1.00717700,1.00717600,1.00714200,1.00718200
8.032000,1.00722100,1.00714100,1.00716800,1.00720600,1.00717700,1.00717600,1.00714200,1.00718200
8.033999,1.00722100,1.00714100,1.00716900,1.00720600,1.00717800,1.00717600,1.00714300,1.00718300
8.035999,1.00722200,1.00714100,1.00716900,1.00720600,1.00717800,1.00717700,1.00714300,1.00718300
8.037999,1.00722200,1.00714200,1.00716900,1.00720600,1.00717800,1.00717700,1.00714300,1.00718300
8.039999,1.00722200,1.00714200,1.00716900,1.00720700,1.00717800,1.00717700,1.00714300,1.00718300
8.042000,1.00722200,1.00714200,1.00716900,1.00720700,1.00717800,1.00717700,1.00714300,1.00718400
8.044000,1.00722200,1.00714200,1.00717000,1.00720700,1.00717900,1.00717800,1.00714400,1.00718400
8.046000,1.00722300,1.00714300,1.00717000,1.00720700,1.00717900,1.00717800,1.00714400,1.00718400
8.047999,1.00722300,1.00714300,1.00717000,1.00720800,1.00717900,1.00717800,1.00714400,1.00718400
8.049999,1.00722300,1.00714300,1.00717000,1.00720800,1.00717900,1.00717800,1.00714400,1.00718500
8.052000,1.00722300,1.00714300,1.00717100,1.00720800,1.00718000,1.00717800,1.00714500,1.00718500
8.054000,1.00722400,1.00714300,1.00717100,1.00720800,1.00718000,1.00717900,1.00714500,1.00718500
8.056000,1.00722400,1.00714400,1.00717100,1.00720800,1.00718000,1.00717900,1.00714500,1.00718500
8.058000,1.00722400,1.00714400,1.00717100,1.00720900,1.00718000,1.00717900,1.00714500,1.00718500
8.059999,1.00722400,1.00714400,1.00717200,1.00720900,1.00718100,1.00717900,1.00714600,1.00718600
8.061999,1.00722500,1.00714400,1.00717200,1.00720900,1.00718100,1.00718000,1.00714600,1.00718600
8.063999,1.00722500,1.00714500,1.00717200,1.00720900,1.00718100,1.00718000,1.00714600,1.00718600
8.065999,1.00722500,1.00714500,1.00717200,1.00721000,1.00718100,1.00718000,1.00714600,1.00718600
8.067999,1.00722500,1.00714500,1.00717200,1.00721000,1.00718100,1.00718000,1.00714600,1.00718700
8.069999,1.00722600,1.00714500,1.00717300,1.00721000,1.00718200,1.00718000,1.00714700,1.00718700
8.072000,1.00722600,1.00714600,1.00717300,1.00721000,1.00718200,1.00718100,1.00714700,1.00718700
8.073999,1.00722600,1.00714600,1.00717300,1.00721000,1.00718200,1.00718100,1.00714700,1.00718700
8.075999,1.00722600,1.00714600,1.00717300,1.00721100,1.00718200,1.00718100,1.00714700,1.00718700
8.077999,1.00722600,1.00714600,1.00717400,1.00721100,1.00718300,1.00718100,1.00714800,1.00718800
8.080000,1.00722700,1.00714600,1.00717400,1.00721100,1.00718300,1.00718200,1.00714800,1.00718800
8.082000,1.00722700,1.00714700,1.00717400,1.00721100,1.00718300,1.00718200,1.00714800,1.00718800
8.084000,1.00722700,1.00714700,1.00717400,1.00721200,1.00718300,1.00718200,1.00714800,1.00718800
8.085999,1.00722700,1.00714700,1.00717400,1.00721200,1.00718400,1.00718200,1.00714900,1.00718900
8.087999,1.00722800,1.00714700,1.00717500,1.00721200,1.00718400,1.00718300,1.00714900,1.00718900
8.090000,1.00722800,1.00714800,1.00717500,1.00721200,1.00718400,1.00718300,1.00714900,1.00718900
8.092000,1.00722800,1.00714800,1.00717500,1.00721300,1.00718400,1.00718300,1.00714900,1.00718900
8.094000,1.00722800,1.00714800,1.00717500,1.00721300,1.00718400,1.00718300,1.00714900,1.00719000
8.096000,1.00722800,1.00714800,1.00717600,1.00721300,1.00718500,1.00718300,1.00715000,1.00719000
8.098000,1.00722900,1.00714900,1.00717600,1.00721300,1.00718500,1.00718400,1.00715000,1.00719000
8.099999,1.00722900,1.00714900,1.00717600,1.00721300,1.00718500,1.00718400,1.00715000,1.00719000
8.101999,1.00722900,1.00714900,1.00717600,1.00721400,1.00718500,1.00718400,1.00715000,1.00719000
8.103999,1.00722900,1.00714900,1.00717700,1.00721400,1.00718600,1.00718400,1.00715100,1.00719100
8.105999,1.00723000,1.00714900,1.00717700,1.00721400,1.00718600,1.00718500,1.00715100,1.00719100
8.107999,1.00723000,1.00715000,1.00717700,1.00721400,1.00718600,1.00718500,1.00715100,1.00719100
8.110000,1.00723000,1.00715000,1.00717700,1.00721500,1.00718600,1.00718500,1.00715100,1.00719100
8.112000,1.00723000,1.00715000,1.00717700,1.00721500,1.00718600,1.00718500,1.00715100,1.00719200
8.113999,1.00723100,1.00715000,1.00717800,1.00721500,1.00718700,1.00718600,1.00715200,1.00719200
8.115999,1.00723100,1.00715100,1.00717800,1.00721500,1.00718700,1.00718600,1.00715200,1.00719200
8.117999,1.00723100,1.00715100,1.00717800,1.00721500,1.00718700,1.00718600,1.00715200,1.00719200
8.120000,1.00723100,1.00715100,1.00717800,1.00721600,1.00718700,1.00718600,1.00715200,1.00719300
8.122000,1.00723100,1.00715100,1.00717900,1.00721600,1.00718800,1.00718600,1.00715300,1.00719300
8.124000,1.00723200,1.00715100,1.00717900,1.00721600,1.00718800,1.00718700,1.00715300,1.00719300
8.125999,1.00723200,1.00715200,1.00717900,1.00721600,1.00718800,1.00718700,1.00715300,1.00719300
8.127999,1.00723200,1.00715200,1.00717900,1.00721700,1.00718800,1.00718700,1.00715300,1.00719300
8.130000,1.00723200,1.00715200,1.00717900,1.00721700,1.00718900,1.00718700,1.00715400,1.00719400
8.132000,1.00723300,1.00715200,1.00718000,1.00721700,1.00718900,1.00718800,1.00715400,1.00719400
8.134000,1.00723300,1.00715300,1.00718000,1.00721700,1.00718900,1.00718800,1.00715400,1.00719400
8.136000,1.00723300,1.00715300,1.00718000,1.00721800,1.00718900,1.00718800,1.00715400,1.00719400
8.137999,1.00723300,1.00715300,1.00718000,1.00721800,1.00718900,1.00718800,1.00715400,1.00719500
8.139999,1.00723400,1.00715300,1.00718100,1.00721800,1.00719000,1.00718900,1.00715500,1.00719500
8.141999,1.00723400,1.00715300,1.00718100,1.00721800,1.00719000,1.00718900,1.00715500,1.00719500
8.143999,1.00723400,1.00715400,1.00718100,1.00721800,1.00719000,1.00718900,1.00715500,1.00719500
8.145999,1.00723400,1.00715400,1.00718100,1.00721900,1.00719000,1.00718900,1.00715500,1.00719600
8.147999,1.00723500,1.00715400,1.00718200,1.00721900,1.00719100,1.00718900,1.00715600,1.00719600
8.150000,1.00723500,1.00715400,1.00718200,1.00721900,1.00719100,1.00719000,1.00715600,1.00719600
8.151999,1.00723500,1.00715500,1.00718200,1.00721900,1.00719100,1.00719000,1.00715600,1.00719600
8.153999,1.00723500,1.00715500,1.00718200,1.00722000,1.00719100,1.00719000,1.00715600,1.00719600
8.155999,1.00723600,1.00715500,1.00718200,1.00722000,1.00719200,1.00719000,1.00715600,1.00719700
8.158000,1.00723600,1.00715500,1.00718300,1.00722000,1.00719200,1.00719100,1.00715700,1.00719700
8.160000,1.00723600,1.00715500,1.00718300,1.00722000,1.00719200,1.00719100,1.00715700,1.00719700
8.162000,1.00723600,1.00715600,1.00718300,1.00722100,1.00719200,1.00719100,1.00715700,1.00719700
8.164000,1.00723600,1.00715600,1.00718300,1.00722100,1.00719200,1.00719100,1.00715700,1.00719800
8.165999,1.00723700,1.00715600,1.00718400,1.00722100,1.00719300,1.00719100,1.00715800,1.00719800
8.168000,1.00723700,1.00715600,1.00718400,1.00722100,1.00719300,1.00719200,1.00715800,1.00719800
8.170000,1.00723700,1.00715700,1.00718400,1.00722200,1.00719300,1.00719200,1.00715800,1.00719800
8.171999,1.00723700,1.00715700,1.00718400,1.00722200,1.00719300,1.00719200,1.00715800,1.00719900
8.173999,1.00723800,1.00715700,1.00718500,1.00722200,1.00719400,1.00719200,1.00715900,1.00719900
8.175999,1.00723800,1.00715700,1.00718500,1.00722200,1.00719400,1.00719300,1.00715900,1.00719900
8.177999,1.00723800,1.00715700,1.00718500,1.00722200,1.00719400,1.00719300,1.00715900,1.00719900
8.179999,1.00723800,1.00715800,1.00718500,1.00722300,1.00719400,1.00719300,1.00715900,1.00719900
8.181999,1.00723900,1.00715800,1.00718500,1.00722300,1.00719500,1.00719300,1.00715900,1.00720000
8.183999,1.00723900,1.00715800,1.00718600,1.00722300,1.00719500,1.00719400,1.00716000,1.00720000
8.185999,1.00723900,1.00715800,1.00718600,1.00722300,1.00719500,1.00719400,1.00716000,1.00720000
8.188000,1.00723900,1.00715900,1.00718600,1.00722400,1.00719500,1.00719400,1.00716000,1.00720000
8.190000,1.00723900,1.00715900,1.00718600,1.00722400,1.00719500,1.00719400,1.00716000,1.00720100
8.191999,1.00724000,1.00715900,1.00718700,1.00722400,1.00719600,1.00719400,1.00716100,1.00720100
8.193999,1.00724000,1.00715900,1.00718700,1.00722400,1.00719600,1.00719500,1.00716100,1.00720100
8.195999,1.00724000,1.00716000,1.00718700,1.00722500,1.00719600,1.00719500,1.00716100,1.00720100
8.198000,1.00724000,1.00716000,1.00718700,1.00722500,1.00719600,1.00719500,1.00716100,1.00720200
8.200000,1.00724100,1.00716000,1.00718800,1.00722500,1.00719700,1.00719500,1.00716100,1.00720200
8.202000,1.00724100,1.00716000,1.00718800,1.00722500,1.00719700,1.00719600,1.00716200,1.00720200
8.204000,1.00724100,1.00716000,1.00718800,1.00722600,1.00719700,1.00719600,1.00716200,1.00720200
8.205999,1.00724100,1.00716100,1.00718800,1.00722600,1.00719700,1.00719600,1.00716200,1.00720200
8.207999,1.00724100,1.00716100,1.00718800,1.00722600,1.00719700,1.00719600,1.00716200,1.00720300
8.209999,1.00724200,1.00716100,1.00718900,1.00722600,1.00719800,1.00719700,1.00716300,1.00720300
8.211999,1.00724200,1.00716100,1.00718900,1.00722600,1.00719800,1.00719700,1.00716300,1.00720300
8.213999,1.00724200,1.00716200,1.00718900,1.00722700,1.00719800,1.00719700,1.00716300,1.00720300
8.215999,1.00724200,1.00716200,1.00718900,1.00722700,1.00719800,1.00719700,1.00716300,1.00720400
8.217999,1.00724300,1.00716200,1.00719000,1.00722700,1.00719900,1.00719700,1.00716400,1.00720400
8.219999,1.00724300,1.00716200,1.00719000,1.00722700,1.00719900,1.00719800,1.00716400,1.00720400
8.221999,1.00724300,1.00716200,1.00719000,1.00722800,1.00719900,1.00719800,1.00716400,1.00720400
8.223999,1.00724300,1.00716300,1.00719000,1.00722800,1.00719900,1.00719800,1.00716400,1.00720500
8.225999,1.00724400,1.00716300,1.00719100,1.00722800,1.00720000,1.00719800,1.00716400,1.00720500
8.228000,1.00724400,1.00716300,1.00719100,1.00722800,1.00720000,1.00719900,1.00716500,1.00720500
8.230000,1.00724400,1.00716300,1.00719100,1.00722800,1.00720000,1.00719900,1.00716500,1.00720500
8.231999,1.00724400,1.00716400,1.00719100,1.00722900,1.00720000,1.00719900,1.00716500,1.00720500
8.233999,1.00724500,1.00716400,1.00719100,1.00722900,1.00720000,1.00719900,1.00716500,1.00720600
8.236000,1.00724500,1.00716400,1.00719200,1.00722900,1.00720100,1.00720000,1.00716600,1.00720600
8.238000,1.00724500,1.00716400,1.00719200,1.00722900,1.00720100,1.00720000,1.00716600,1.00720600
8.240000,1.00724500,1.00716400,1.00719200,1.00723000,1.00720100,1.00720000,1.00716600,1.00720600
8.242000,1.00724600,1.00716500,1.00719200,1.00723000,1.00720100,1.00720000,1.00716600,1.00720700
8.243999,1.00724600,1.00716500,1.00719300,1.00723000,1.00720200,1.00720000,1.00716700,1.00720700
8.245999,1.00724600,1.00716500,1.00719300,1.00723000,1.00720200,1.00720100,1.00716700,1.00720700
8.247999,1.00724600,1.00716500,1.00719300,1.00723100,1.00720200,1.00720100,1.00716700,1.00720700
8.249999,1.00724600,1.00716600,1.00719300,1.00723100,1.00720200,1.00720100,1.00716700,1.00720800
8.251999,1.00724700,1.00716600,1.00719400,1.00723100,1.00720300,1.00720100,1.00716700,1.00720800
8.253999,1.00724700,1.00716600,1.00719400,1.00723100,1.00720300,1.00720200,1.00716800,1.00720800
8.256000,1.00724700,1.00716600,1.00719400,1.00723100,1.00720300,1.00720200,1.00716800,1.00720800
8.257999,1.00724700,1.00716700,1.00719400,1.00723200,1.00720300,1.00720200,1.00716800,1.00720800
8.259999,1.00724800,1.00716700,1.00719500,1.00723200,1.00720300,1.00720200,1.00716800,1.00720900
8.261999,1.00724800,1.00716700,1.00719500,1.00723200,1.00720400,1.00720300,1.00716900,1.00720900
8.263999,1.00724800,1.00716700,1.00719500,1.00723200,1.00720400,1.00720300,1.00716900,1.00720900
8.266000,1.00724800,1.00716700,1.00719500,1.00723300,1.00720400,1.00720300,1.00716900,1.00720900
8.268000,1.00724900,1.00716800,1.00719500,1.00723300,1.00720400,1.00720300,1.00716900,1.00721000
8.270000,1.00724900,1.00716800,1.00719600,1.00723300,1.00720500,1.00720300,1.00716900,1.00721000
8.271999,1.00724900,1.00716800,1.00719600,1.00723300,1.00720500,1.00720400,1.00717000,1.00721000
8.273999,1.00724900,1.00716800,1.00719600,1.00723400,1.00720500,1.00720400,1.00717000,1.00721000
8.276000,1.00724900,1.00716900,1.00719600,1.00723400,1.00720500,1.00720400,1.00717000,1.00721000
8.278000,1.00725000,1.00716900,1.00719700,1.00723400,1.00720500,1.00720400,1.00717000,1.00721100
8.280000,1.00725000,1.00716900,1.00719700,1.00723400,1.00720600,1.00720500,1.00717100,1.00721100
8.282000,1.00725000,1.00716900,1.00719700,1.00723400,1.00720600,1.00720500,1.00717100,1.00721100
8.283999,1.00725000,1.00716900,1.00719700,1.00723500,1.00720600,1.00720500,1.00717100,1.00721100
8.285999,1.00725100,1.00717000,1.00719700,1.00723500,1.00720600,1.00720500,1.00717100,1.00721200
8.287999,1.00725100,1.00717000,1.00719800,1.00723500,1.00720700,1.00720500,1.00717200,1.00721200
8.289999,1.00725100,1.00717000,1.00719800,1.00723500,1.00720700,1.00720600,1.00717200,1.00721200
8.291999,1.00725100,1.00717000,1.00719800,1.00723600,1.00720700,1.00720600,1.00717200,1.00721200
8.293999,1.00725200,1.00717100,1.00719800,1.00723600,1.00720700,1.00720600,1.00717200,1.00721300
8.296000,1.00725200,1.00717100,1.00719900,1.00723600,1.00720800,1.00720600,1.00717200,1.00721300
8.297999,1.00725200,1.00717100,1.00719900,1.00723600,1.00720800,1.00720700,1.00717300,1.00721300
8.299999,1.00725200,1.00717100,1.00719900,1.00723700,1.00720800,1.00720700,1.00717300,1.00721300
8.301999,1.00725200,1.00717200,1.00719900,1.00723700,1.00720800,1.00720700,1.00717300,1.00721300
8.303999,1.00725300,1.00717200,1.00720000,1.00723700,1.00720800,1.00720700,1.00717300,1.00721400
8.306000,1.00725300,1.00717200,1.00720000,1.00723700,1.00720900,1.00720800,1.00717400,1.00721400
8.308000,1.00725300,1.00717200,1.00720000,1.00723800,1.00720900,1.00720800,1.00717400,1.00721400
8.309999,1.00725300,1.00717200,1.00720000,1.00723800,1.00720900,1.00720800,1.00717400,1.00721400
8.311999,1.00725400,1.00717300,1.00720000,1.00723800,1.00720900,1.00720800,1.00717400,1.00721500
8.314000,1.00725400,1.00717300,1.00720100,1.00723800,1.00721000,1.00720800,1.00717400,1.00721500
8.316000,1.00725400,1.00717300,1.00720100,1.00723800,1.00721000,1.00720900,1.00717500,1.00721500
8.318000,1.00725400,1.00717300,1.00720100,1.00723900,1.00721000,1.00720900,1.00717500,1.00721500
8.320000,1.00725500,1.00717400,1.00720100,1.00723900,1.00721000,1.00720900,1.00717500,1.00721500
8.322000,1.00725500,1.00717400,1.00720200,1.00723900,1.00721100,1.00720900,1.00717500,1.00721600
8.323999,1.00725500,1.00717400,1.00720200,1.00723900,1.00721100,1.00721000,1.00717600,1.00721600
8.325999,1.00725500,1.00717400,1.00720200,1.00724000,1.00721100,1.00721000,1.00717600,1.00721600
8.327999,1.00725600,1.00717400,1.00720200,1.00724000,1.00721100,1.00721000,1.00717600,1.00721600
8.329999,1.00725600,1.00717500,1.00720300,1.00724000,1.00721200,1.00721000,1.00717600,1.00721700
8.331999,1.00725600,1.00717500,1.00720300,1.00724000,1.00721200,1.00721000,1.00717700,1.00721700
8.334000,1.00725600,1.00717500,1.00720300,1.00724100,1.00721200,1.00721100,1.00717700,1.00721700
8.335999,1.00725700,1.00717500,1.00720300,1.00724100,1.00721200,1.00721100,1.00717700,1.00721700
8.337999,1.00725700,1.00717600,1.00720300,1.00724100,1.00721200,1.00721100,1.00717700,1.00721800
8.339999,1.00725700,1.00717600,1.00720400,1.00724100,1.00721300,1.00721100,1.00717700,1.00721800
8.341999,1.00725700,1.00717600,1.00720400,1.00724100,1.00721300,1.00721200,1.00717800,1.00721800
8.344000,1.00725700,1.00717600,1.00720400,1.00724200,1.00721300,1.00721200,1.00717800,1.00721800
8.346000,1.00725800,1.00717700,1.00720400,1.00724200,1.00721300,1.00721200,1.00717800,1.00721900
8.348000,1.00725800,1.00717700,1.00720500,1.00724200,1.00721400,1.00721200,1.00717800,1.00721900
8.349999,1.00725800,1.00717700,1.00720500,1.00724200,1.00721400,1.00721300,1.00717900,1.00721900
8.351999,1.00725800,1.00717700,1.00720500,1.00724300,1.00721400,1.00721300,1.00717900,1.00721900
8.354000,1.00725900,1.00717700,1.00720500,1.00724300,1.00721400,1.00721300,1.00717900,1.00721900
8.356000,1.00725900,1.00717800,1.00720500,1.00724300,1.00721500,1.00721300,1.00717900,1.00722000
8.358000,1.00725900,1.00717800,1.00720600,1.00724300,1.00721500,1.00721300,1.00717900,1.00722000
8.360000,1.00725900,1.00717800,1.00720600,1.00724400,1.00721500,1.00721400,1.00718000,1.00722000
8.361999,1.00725900,1.00717800,1.00720600,1.00724400,1.00721500,1.00721400,1.00718000,1.00722000
8.363999,1.00726000,1.00717900,1.00720600,1.00724400,1.00721500,1.00721400,1.00718000,1.00722100
8.365999,1.00726000,1.00717900,1.00720700,1.00724400,1.00721600,1.00721400,1.00718000,1.00722100
8.367999,1.00726000,1.00717900,1.00720700,1.00724400,1.00721600,1.00721500,1.00718100,1.00722100
8.369999,1.00726000,1.00717900,1.00720700,1.00724500,1.00721600,1.00721500,1.00718100,1.00722100
8.371999,1.00726100,1.00717900,1.00720700,1.00724500,1.00721600,1.00721500,1.00718100,1.00722200
8.374000,1.00726100,1.00718000,1.00720800,1.00724500,1.00721700,1.00721500,1.00718100,1.00722200
8.375999,1.00726100,1.00718000,1.00720800,1.00724500,1.00721700,1.00721600,1.00718200,1.00722200
8.377999,1.00726100,1.00718000,1.00720800,1.00724600,1.00721700,1.00721600,1.00718200,1.00722200
8.379999,1.00726200,1.00718000,1.00720800,1.00724600,1.00721700,1.00721600,1.00718200,1.00722200
8.382000,1.00726200,1.00718100,1.00720900,1.00724600,1.00721800,1.00721600,1.00718200,1.00722300
8.384000,1.00726200,1.00718100,1.00720900,1.00724600,1.00721800,1.00721600,1.00718200,1.00722300
8.386000,1.00726200,1.00718100,1.00720900,1.00724700,1.00721800,1.00721700,1.00718300,1.00722300
8.388000,1.00726300,1.00718100,1.00720900,1.00724700,1.00721800,1.00721700,1.00718300,1.00722300
8.389999,1.00726300,1.00718200,1.00720900,1.00724700,1.00721800,1.00721700,1.00718300,1.00722400
8.392000,1.00726300,1.00718200,1.00721000,1.00724700,1.00721900,1.00721700,1.00718300,1.00722400
8.394000,1.00726300,1.00718200,1.00721000,1.00724700,1.00721900,1.00721800,1.00718400,1.00722400
8.396000,1.00726400,1.00718200,1.00721000,1.00724800,1.00721900,1.00721800,1.00718400,1.00722400
8.397999,1.00726400,1.00718200,1.00721000,1.00724800,1.00721900,1.00721800,1.00718400,1.00722500
8.399999,1.00726400,1.00718300,1.00721100,1.00724800,1.00722000,1.00721800,1.00718400,1.00722500
8.401999,1.00726400,1.00718300,1.00721100,1.00724800,1.00722000,1.00721900,1.00718500,1.00722500
8.403999,1.00726400,1.00718300,1.00721100,1.00724900,1.00722000,1.00721900,1.00718500,1.00722500
8.405999,1.00726500,1.00718300,1.00721100,1.00724900,1.00722000,1.00721900,1.00718500,1.00722600
8.407999,1.00726500,1.00718400,1.00721200,1.00724900,1.00722100,1.00721900,1.00718500,1.00722600
8.409999,1.00726500,1.00718400,1.00721200,1.00724900,1.00722100,1.00722000,1.00718500,1.00722600
8.412000,1.00726500,1.00718400,1.00721200,1.00725000,1.00722100,1.00722000,1.00718600,1.00722600
8.414000,1.00726600,1.00718400,1.00721200,1.00725000,1.00722100,1.00722000,1.00718600,1.00722600
8.415999,1.00726600,1.00718500,1.00721300,1.00725000,1.00722100,1.00722000,1.00718600,1.00722700
8.417999,1.00726600,1.00718500,1.00721300,1.00725000,1.00722200,1.00722000,1.00718600,1.00722700
8.419999,1.00726600,1.00718500,1.00721300,1.00725100,1.00722200,1.00722100,1.00718700,1.00722700
8.422000,1.00726700,1.00718500,1.00721300,1.00725100,1.00722200,1.00722100,1.00718700,1.00722700
8.424000,1.00726700,1.00718500,1.00721300,1.00725100,1.00722200,1.00722100,1.00718700,1.00722800
8.426000,1.00726700,1.00718600,1.00721400,1.00725100,1.00722300,1.00722100,1.00718700,1.00722800
8.427999,1.00726700,1.00718600,1.00721400,1.00725200,1.00722300,1.00722200,1.00718700,1.00722800
8.429999,1.00726700,1.00718600,1.00721400,1.00725200,1.00722300,1.00722200,1.00718800,1.00722800
8.432000,1.00726800,1.00718600,1.00721400,1.00725200,1.00722300,1.00722200,1.00718800,1.00722800
8.433999,1.00726800,1.00718700,1.00721500,1.00725200,1.00722300,1.00722200,1.00718800,1.00722900
8.435999,1.00726800,1.00718700,1.00721500,1.00725200,1.00722400,1.00722300,1.00718800,1.00722900
8.437999,1.00726800,1.00718700,1.00721500,1.00725300,1.00722400,1.00722300,1.00718900,1.00722900
8.439999,1.00726900,1.00718700,1.00721500,1.00725300,1.00722400,1.00722300,1.00718900,1.00722900
8.441999,1.00726900,1.00718700,1.00721500,1.00725300,1.00722400,1.00722300,1.00718900,1.00723000
8.443999,1.00726900,1.00718800,1.00721600,1.00725300,1.00722500,1.00722300,1.00718900,1.00723000
8.445999,1.00726900,1.00718800,1.00721600,1.00725400,1.00722500,1.00722400,1.00719000,1.00723000
8.447999,1.00727000,1.00718800,1.00721600,1.00725400,1.00722500,1.00722400,1.00719000,1.00723000
8.449999,1.00727000,1.00718800,1.00721600,1.00725400,1.00722500,1.00722400,1.00719000,1.00723100
8.452000,1.00727000,1.00718900,1.00721700,1.00725400,1.00722600,1.00722400,1.00719000,1.00723100
8.454000,1.00727000,1.00718900,1.00721700,1.00725400,1.00722600,1.00722500,1.00719000,1.00723100
8.455999,1.00727100,1.00718900,1.00721700,1.00725500,1.00722600,1.00722500,1.00719100,1.00723100
8.457999,1.00727100,1.00718900,1.00721700,1.00725500,1.00722600,1.00722500,1.00719100,1.00723100
8.460000,1.00727100,1.00719000,1.00721800,1.00725500,1.00722600,1.00722500,1.00719100,1.00723200
8.462000,1.00727100,1.00719000,1.00721800,1.00725500,1.00722700,1.00722600,1.00719100,1.00723200
8.464000,1.00727200,1.00719000,1.00721800,1.00725600,1.00722700,1.00722600,1.00719200,1.00723200
8.466000,1.00727200,1.00719000,1.00721800,1.00725600,1.00722700,1.00722600,1.00719200,1.00723200
8.467999,1.00727200,1.00719000,1.00721800,1.00725600,1.00722700,1.00722600,1.00719200,1.00723300
8.469999,1.00727200,1.00719100,1.00721900,1.00725600,1.00722800,1.00722600,1.00719200,1.00723300
8.471999,1.00727200,1.00719100,1.00721900,1.00725700,1.00722800,1.00722700,1.00719200,1.00723300
8.473999,1.00727300,1.00719100,1.00721900,1.00725700,1.00722800,1.00722700,1.00719300,1.00723300
8.475999,1.00727300,1.00719100,1.00721900,1.00725700,1.00722800,1.00722700,1.00719300,1.00723400
8.477999,1.00727300,1.00719200,1.00722000,1.00725700,1.00722900,1.00722700,1.00719300,1.00723400
8.480000,1.00727300,1.00719200,1.00722000,1.00725700,1.00722900,1.00722800,1.00719300,1.00723400
8.481999,1.00727400,1.00719200,1.00722000,1.00725800,1.00722900,1.00722800,1.00719400,1.00723400
8.483999,1.00727400,1.00719200,1.00722000,1.00725800,1.00722900,1.00722800,1.00719400,1.00723400
8.485999,1.00727400,1.00719200,1.00722100,1.00725800,1.00723000,1.00722800,1.00719400,1.00723500
8.487999,1.00727400,1.00719300,1.00722100,1.00725800,1.00723000,1.00722800,1.00719400,1.00723500
8.490000,1.00727500,1.00719300,1.00722100,1.00725900,1.00723000,1.00722900,1.00719500,1.00723500
8.492000,1.00727500,1.00719300,1.00722100,1.00725900,1.00723000,1.00722900,1.00719500,1.00723500
8.493999,1.00727500,1.00719300,1.00722200,1.00725900,1.00723000,1.00722900,1.00719500,1.00723600
8.495999,1.00727500,1.00719400,1.00722200,1.00725900,1.00723100,1.00722900,1.00719500,1.00723600
8.497999,1.00727500,1.00719400,1.00722200,1.00726000,1.00723100,1.00723000,1.00719500,1.00723600
8.500000,1.00727600,1.00719400,1.00722200,1.00726000,1.00723100,1.00723000,1.00719600,1.00723600
8.502000,1.00727600,1.00719400,1.00722200,1.00726000,1.00723100,1.00723000,1.00719600,1.00723700
8.504000,1.00727600,1.00719500,1.00722300,1.00726000,1.00723200,1.00723000,1.00719600,1.00723700
8.506000,1.00727600,1.00719500,1.00722300,1.00726100,1.00723200,1.00723100,1.00719600,1.00723700
8.507999,1.00727700,1.00719500,1.00722300,1.00726100,1.00723200,1.00723100,1.00719700,1.00723700
8.509999,1.00727700,1.00719500,1.00722300,1.00726100,1.00723200,1.00723100,1.00719700,1.00723800
8.511999,1.00727700,1.00719500,1.00722400,1.00726100,1.00723300,1.00723100,1.00719700,1.00723800
8.513999,1.00727700,1.00719600,1.00722400,1.00726200,1.00723300,1.00723100,1.00719700,1.00723800
8.515999,1.00727800,1.00719600,1.00722400,1.00726200,1.00723300,1.00723200,1.00719700,1.00723800
8.517999,1.00727800,1.00719600,1.00722400,1.00726200,1.00723300,1.00723200,1.00719800,1.00723800
8.520000,1.00727800,1.00719600,1.00722500,1.00726200,1.00723400,1.00723200,1.00719800,1.00723900
8.521999,1.00727800,1.00719700,1.00722500,1.00726200,1.00723400,1.00723200,1.00719800,1.00723900
8.523999,1.00727900,1.00719700,1.00722500,1.00726300,1.00723400,1.00723300,1.00719800,1.00723900
8.525999,1.00727900,1.00719700,1.00722500,1.00726300,1.00723400,1.00723300,1.00719900,1.00723900
8.527999,1.00727900,1.00719700,1.00722600,1.00726300,1.00723400,1.00723300,1.00719900,1.00724000
8.530000,1.00727900,1.00719700,1.00722600,1.00726300,1.00723500,1.00723300,1.00719900,1.00724000
8.532000,1.00728000,1.00719800,1.00722600,1.00726400,1.00723500,1.00723400,1.00719900,1.00724000
8.533999,1.00728000,1.00719800,1.00722600,1.00726400,1.00723500,1.00723400,1.00720000,1.00724000
8.535999,1.00728000,1.00719800,1.00722600,1.00726400,1.00723500,1.00723400,1.00720000,1.00724100
8.538000,1.00728000,1.00719800,1.00722700,1.00726400,1.00723600,1.00723400,1.00720000,1.00724100
8.540000,1.00728000,1.00719900,1.00722700,1.00726400,1.00723600,1.00723500,1.00720000,1.00724100
8.542000,1.00728100,1.00719900,1.00722700,1.00726500,1.00723600,1.00723500,1.00720000,1.00724100
8.544000,1.00728100,1.00719900,1.00722700,1.00726500,1.00723600,1.00723500,1.00720100,1.00724100
8.546000,1.00728100,1.00719900,1.00722800,1.00726500,1.00723600,1.00723500,1.00720100,1.00724200
8.547999,1.00728100,1.00720000,1.00722800,1.00726500,1.00723700,1.00723500,1.00720100,1.00724200
8.549999,1.00728200,1.00720000,1.00722800,1.00726600,1.00723700,1.00723600,1.00720100,1.00724200
8.551999,1.00728200,1.00720000,1.00722800,1.00726600,1.00723700,1.00723600,1.00720200,1.00724200
8.553999,1.00728200,1.00720000,1.00722800,1.00726600,1.00723700,1.00723600,1.00720200,1.00724300
8.555999,1.00728200,1.00720000,1.00722900,1.00726600,1.00723800,1.00723600,1.00720200,1.00724300
8.558000,1.00728300,1.00720100,1.00722900,1.00726700,1.00723800,1.00723700,1.00720200,1.00724300
8.559999,1.00728300,1.00720100,1.00722900,1.00726700,1.00723800,1.00723700,1.00720300,1.00724300
8.561999,1.00728300,1.00720100,1.00722900,1.00726700,1.00723800,1.00723700,1.00720300,1.00724400
8.563999,1.00728300,1.00720100,1.00723000,1.00726700,1.00723900,1.00723700,1.00720300,1.00724400
8.565999,1.00728300,1.00720200,1.00723000,1.00726800,1.00723900,1.00723800,1.00720300,1.00724400
8.568000,1.00728400,1.00720200,1.00723000,1.00726800,1.00723900,1.00723800,1.00720300,1.00724400
8.570000,1.00728400,1.00720200,1.00723000,1.00726800,1.00723900,1.00723800,1.00720400,1.00724400
8.572000,1.00728400,1.00720200,1.00723100,1.00726800,1.00723900,1.00723800,1.00720400,1.00724500
8.573999,1.00728400,1.00720300,1.00723100,1.00726800,1.00724000,1.00723900,1.00720400,1.00724500
8.575999,1.00728500,1.00720300,1.00723100,1.00726900,1.00724000,1.00723900,1.00720400,1.00724500
8.578000,1.00728500,1.00720300,1.00723100,1.00726900,1.00724000,1.00723900,1.00720500,1.00724500
8.580000,1.00728500,1.00720300,1.00723100,1.00726900,1.00724000,1.00723900,1.00720500,1.00724600
8.582000,1.00728500,1.00720300,1.00723200,1.00726900,1.00724100,1.00723900,1.00720500,1.00724600
8.584000,1.00728600,1.00720400,1.00723200,1.00727000,1.00724100,1.00724000,1.00720500,1.00724600
8.585999,1.00728600,1.00720400,1.00723200,1.00727000,1.00724100,1.00724000,1.00720600,1.00724600
8.587999,1.00728600,1.00720400,1.00723200,1.00727000,1.00724100,1.00724000,1.00720600,1.00724700
8.589999,1.00728600,1.00720400,1.00723300,1.00727000,1.00724200,1.00724000,1.00720600,1.00724700
8.591999,1.00728700,1.00720500,1.00723300,1.00727100,1.00724200,1.00724100,1.00720600,1.00724700
8.593999,1.00728700,1.00720500,1.00723300,1.00727100,1.00724200,1.00724100,1.00720600,1.00724700
8.595999,1.00728700,1.00720500,1.00723300,1.00727100,1.00724200,1.00724100,1.00720700,1.00724700
8.598000,1.00728700,1.00720500,1.00723400,1.00727100,1.00724300,1.00724100,1.00720700,1.00724800
8.599999,1.00728800,1.00720500,1.00723400,1.00727200,1.00724300,1.00724100,1.00720700,1.00724800
8.601999,1.00728800,1.00720600,1.00723400,1.00727200,1.00724300,1.00724200,1.00720700,1.00724800
8.603999,1.00728800,1.00720600,1.00723400,1.00727200,1.00724300,1.00724200,1.00720800,1.00724800
8.606000,1.00728800,1.00720600,1.00723500,1.00727200,1.00724400,1.00724200,1.00720800,1.00724900
8.608000,1.00728800,1.00720600,1.00723500,1.00727200,1.00724400,1.00724200,1.00720800,1.00724900
8.610000,1.00728900,1.00720700,1.00723500,1.00727300,1.00724400,1.00724300,1.00720800,1.00724900
8.612000,1.00728900,1.00720700,1.00723500,1.00727300,1.00724400,1.00724300,1.00720900,1.00724900
8.613999,1.00728900,1.00720700,1.00723600,1.00727300,1.00724400,1.00724300,1.00720900,1.00725000
8.616000,1.00728900,1.00720700,1.00723600,1.00727300,1.00724500,1.00724300,1.00720900,1.00725000
8.618000,1.00729000,1.00720800,1.00723600,1.00727400,1.00724500,1.00724400,1.00720900,1.00725000
8.620000,1.00729000,1.00720800,1.00723600,1.00727400,1.00724500,1.00724400,1.00721000,1.00725000
8.621999,1.00729000,1.00720800,1.00723600,1.00727400,1.00724500,1.00724400,1.00721000,1.00725100
8.623999,1.00729000,1.00720800,1.00723700,1.00727400,1.00724600,1.00724400,1.00721000,1.00725100
8.625999,1.00729100,1.00720800,1.00723700,1.00727500,1.00724600,1.00724400,1.00721000,1.00725100
8.627999,1.00729100,1.00720900,1.00723700,1.00727500,1.00724600,1.00724500,1.00721000,1.00725100
8.629999,1.00729100,1.00720900,1.00723700,1.00727500,1.00724600,1.00724500,1.00721100,1.00725200
8.631999,1.00729100,1.00720900,1.00723800,1.00727500,1.00724600,1.00724500,1.00721100,1.00725200
8.633999,1.00729200,1.00720900,1.00723800,1.00727500,1.00724700,1.00724500,1.00721100,1.00725200
8.636000,1.00729200,1.00721000,1.00723800,1.00727600,1.00724700,1.00724600,1.00721100,1.00725200
8.638000,1.00729200,1.00721000,1.00723800,1.00727600,1.00724700,1.00724600,1.00721200,1.00725200
8.639999,1.00729200,1.00721000,1.00723900,1.00727600,1.00724700,1.00724600,1.00721200,1.00725300
8.641999,1.00729300,1.00721000,1.00723900,1.00727600,1.00724800,1.00724600,1.00721200,1.00725300
8.643999,1.00729300,1.00721000,1.00723900,1.00727700,1.00724800,1.00724700,1.00721200,1.00725300
8.646000,1.00729300,1.00721100,1.00723900,1.00727700,1.00724800,1.00724700,1.00721300,1.00725300
8.648000,1.00729300,1.00721100,1.00723900,1.00727700,1.00724800,1.00724700,1.00721300,1.00725400
8.650000,1.00729300,1.00721100,1.00724000,1.00727700,1.00724900,1.00724700,1.00721300,1.00725400
8.651999,1.00729400,1.00721100,1.00724000,1.00727800,1.00724900,1.00724800,1.00721300,1.00725400
8.653999,1.00729400,1.00721200,1.00724000,1.00727800,1.00724900,1.00724800,1.00721300,1.00725400
8.656000,1.00729400,1.00721200,1.00724000,1.00727800,1.00724900,1.00724800,1.00721400,1.00725400
8.657999,1.00729400,1.00721200,1.00724100,1.00727800,1.00724900,1.00724800,1.00721400,1.00725500
8.659999,1.00729500,1.00721200,1.00724100,1.00727900,1.00725000,1.00724900,1.00721400,1.00725500
8.661999,1.00729500,1.00721300,1.00724100,1.00727900,1.00725000,1.00724900,1.00721400,1.00725500
8.663999,1.00729500,1.00721300,1.00724100,1.00727900,1.00725000,1.00724900,1.00721500,1.00725500
8.665999,1.00729500,1.00721300,1.00724100,1.00727900,1.00725000,1.00724900,1.00721500,1.00725600
8.667999,1.00729600,1.00721300,1.00724200,1.00728000,1.00725100,1.00724900,1.00721500,1.00725600
8.669999,1.00729600,1.00721300,1.00724200,1.00728000,1.00725100,1.00725000,1.00721500,1.00725600
8.671999,1.00729600,1.00721400,1.00724200,1.00728000,1.00725100,1.00725000,1.00721500,1.00725600
8.673999,1.00729600,1.00721400,1.00724200,1.00728000,1.00725100,1.00725000,1.00721600,1.00725700
8.676000,1.00729600,1.00721400,1.00724300,1.00728000,1.00725200,1.00725000,1.00721600,1.00725700
8.677999,1.00729700,1.00721400,1.00724300,1.00728100,1.00725200,1.00725100,1.00721600,1.00725700
8.679999,1.00729700,1.00721500,1.00724300,1.00728100,1.00725200,1.00725100,1.00721600,1.00725700
8.681999,1.00729700,1.00721500,1.00724300,1.00728100,1.00725200,1.00725100,1.00721700,1.00725700
8.684000,1.00729700,1.00721500,1.00724400,1.00728100,1.00725300,1.00725100,1.00721700,1.00725800
8.686000,1.00729800,1.00721500,1.00724400,1.00728200,1.00725300,1.00725200,1.00721700,1.00725800
8.688000,1.00729800,1.00721500,1.00724400,1.00728200,1.00725300,1.00725200,1.00721700,1.00725800
8.690000,1.00729800,1.00721600,1.00724400,1.00728200,1.00725300,1.00725200,1.00721800,1.00725800
8.691999,1.00729800,1.00721600,1.00724500,1.00728200,1.00725400,1.00725200,1.00721800,1.00725900
8.693999,1.00729900,1.00721600,1.00724500,1.00728200,1.00725400,1.00725200,1.00721800,1.00725900
8.695999,1.00729900,1.00721600,1.00724500,1.00728300,1.00725400,1.00725300,1.00721800,1.00725900
8.697999,1.00729900,1.00721700,1.00724500,1.00728300,1.00725400,1.00725300,1.00721800,1.00725900
8.699999,1.00729900,1.00721700,1.00724600,1.00728300,1.00725400,1.00725300,1.00721900,1.00726000
8.701999,1.00730000,1.00721700,1.00724600,1.00728300,1.00725500,1.00725300,1.00721900,1.00726000
8.704000,1.00730000,1.00721700,1.00724600,1.00728400,1.00725500,1.00725400,1.00721900,1.00726000
8.705999,1.00730000,1.00721800,1.00724600,1.00728400,1.00725500,1.00725400,1.00721900,1.00726000
8.707999,1.00730000,1.00721800,1.00724600,1.00728400,1.00725500,1.00725400,1.00722000,1.00726100
8.709999,1.00730000,1.00721800,1.00724700,1.00728400,1.00725600,1.00725400,1.00722000,1.00726100
8.711999,1.00730100,1.00721800,1.00724700,1.00728500,1.00725600,1.00725400,1.00722000,1.00726100
8.714000,1.00730100,1.00721800,1.00724700,1.00728500,1.00725600,1.00725500,1.00722000,1.00726100
8.716000,1.00730100,1.00721900,1.00724700,1.00728500,1.00725600,1.00725500,1.00722100,1.00726200
8.717999,1.00730100,1.00721900,1.00724800,1.00728500,1.00725700,1.00725500,1.00722100,1.00726200
8.719999,1.00730200,1.00721900,1.00724800,1.00728600,1.00725700,1.00725500,1.00722100,1.00726200
8.721999,1.00730200,1.00721900,1.00724800,1.00728600,1.00725700,1.00725600,1.00722100,1.00726200
8.724000,1.00730200,1.00722000,1.00724800,1.00728600,1.00725700,1.00725600,1.00722100,1.00726200
8.726000,1.00730200,1.00722000,1.00724900,1.00728600,1.00725700,1.00725600,1.00722200,1.00726300
8.728000,1.00730300,1.00722000,1.00724900,1.00728700,1.00725800,1.00725600,1.00722200,1.00726300
8.730000,1.00730300,1.00722000,1.00724900,1.00728700,1.00725800,1.00725700,1.00722200,1.00726300
8.731999,1.00730300,1.00722100,1.00724900,1.00728700,1.00725800,1.00725700,1.00722200,1.00726300
8.733999,1.00730300,1.00722100,1.00724900,1.00728700,1.00725800,1.00725700,1.00722300,1.00726400
8.735999,1.00730400,1.00722100,1.00725000,1.00728800,1.00725900,1.00725700,1.00722300,1.00726400
8.737999,1.00730400,1.00722100,1.00725000,1.00728800,1.00725900,1.00725800,1.00722300,1.00726400
8.739999,1.00730400,1.00722100,1.00725000,1.00728800,1.00725900,1.00725800,1.00722300,1.00726400
8.741999,1.00730400,1.00722200,1.00725000,1.00728800,1.00725900,1.00725800,1.00722400,1.00726400
8.743999,1.00730500,1.00722200,1.00725100,1.00728800,1.00725900,1.00725800,1.00722400,1.00726500
8.745999,1.00730500,1.00722200,1.00725100,1.00728900,1.00726000,1.00725900,1.00722400,1.00726500
8.747999,1.00730500,1.00722200,1.00725100,1.00728900,1.00726000,1.00725900,1.00722400,1.00726500
8.749999,1.00730500,1.00722300,1.00725100,1.00728900,1.00726000,1.00725900,1.00722400,1.00726500
8.751999,1.00730600,1.00722300,1.00725200,1.00728900,1.00726000,1.00725900,1.00722500,1.00726600
8.754000,1.00730600,1.00722300,1.00725200,1.00729000,1.00726100,1.00725900,1.00722500,1.00726600
8.756000,1.00730600,1.00722300,1.00725200,1.00729000,1.00726100,1.00726000,1.00722500,1.00726600
8.757999,1.00730600,1.00722400,1.00725200,1.00729000,1.00726100,1.00726000,1.00722500,1.00726600
8.759999,1.00730600,1.00722400,1.00725300,1.00729000,1.00726100,1.00726000,1.00722600,1.00726700
8.762000,1.00730700,1.00722400,1.00725300,1.00729000,1.00726200,1.00726000,1.00722600,1.00726700
8.764000,1.00730700,1.00722400,1.00725300,1.00729100,1.00726200,1.00726100,1.00722600,1.00726700
8.766000,1.00730700,1.00722400,1.00725300,1.00729100,1.00726200,1.00726100,1.00722600,1.00726700
8.768000,1.00730700,1.00722500,1.00725300,1.00729100,1.00726200,1.00726100,1.00722700,1.00726800
8.770000,1.00730800,1.00722500,1.00725400,1.00729100,1.00726300,1.00726100,1.00722700,1.00726800
8.771999,1.00730800,1.00722500,1.00725400,1.00729200,1.00726300,1.00726200,1.00722700,1.00726800
8.773999,1.00730800,1.00722500,1.00725400,1.00729200,1.00726300,1.00726200,1.00722700,1.00726800
8.775999,1.00730800,1.00722600,1.00725400,1.00729200,1.00726300,1.00726200,1.00722800,1.00726800
8.777999,1.00730900,1.00722600,1.00725500,1.00729200,1.00726400,1.00726200,1.00722800,1.00726900
8.779999,1.00730900,1.00722600,1.00725500,1.00729300,1.00726400,1.00726200,1.00722800,1.00726900
8.782000,1.00730900,1.00722600,1.00725500,1.00729300,1.00726400,1.00726300,1.00722800,1.00726900
8.783999,1.00730900,1.00722700,1.00725500,1.00729300,1.00726400,1.00726300,1.00722800,1.00726900
8.785999,1.00731000,1.00722700,1.00725600,1.00729300,1.00726400,1.00726300,1.00722900,1.00727000
8.787999,1.00731000,1.00722700,1.00725600,1.00729400,1.00726500,1.00726300,1.00722900,1.00727000
8.789999,1.00731000,1.00722700,1.00725600,1.00729400,1.00726500,1.00726400,1.00722900,1.00727000
8.792000,1.00731000,1.00722700,1.00725600,1.00729400,1.00726500,1.00726400,1.00722900,1.00727000
8.794000,1.00731100,1.00722800,1.00725700,1.00729400,1.00726500,1.00726400,1.00723000,1.00727100
8.796000,1.00731100,1.00722800,1.00725700,1.00729500,1.00726600,1.00726400,1.00723000,1.00727100
8.797999,1.00731100,1.00722800,1.00725700,1.00729500,1.00726600,1.00726400,1.00723000,1.00727100
8.799999,1.00731100,1.00722800,1.00725700,1.00729500,1.00726600,1.00726500,1.00723000,1.00727100
8.802000,1.00731100,1.00722900,1.00725700,1.00729500,1.00726600,1.00726500,1.00723100,1.00727200
8.804000,1.00731200,1.00722900,1.00725800,1.00729500,1.00726700,1.00726500,1.00723100,1.00727200
8.806000,1.00731200,1.00722900,1.00725800,1.00729600,1.00726700,1.00726500,1.00723100,1.00727200
8.808000,1.00731200,1.00722900,1.00725800,1.00729600,1.00726700,1.00726600,1.00723100,1.00727200
8.809999,1.00731200,1.00723000,1.00725800,1.00729600,1.00726700,1.00726600,1.00723100,1.00727200
8.811999,1.00731300,1.00723000,1.00725900,1.00729600,1.00726700,1.00726600,1.00723200,1.00727300
8.813999,1.00731300,1.00723000,1.00725900,1.00729700,1.00726800,1.00726600,1.00723200,1.00727300
8.815999,1.00731300,1.00723000,1.00725900,1.00729700,1.00726800,1.00726700,1.00723200,1.00727300
8.817999,1.00731300,1.00723100,1.00725900,1.00729700,1.00726800,1.00726700,1.00723200,1.00727300
8.819999,1.00731400,1.00723100,1.00726000,1.00729700,1.00726800,1.00726700,1.00723300,1.00727400
8.822000,1.00731400,1.00723100,1.00726000,1.00729800,1.00726900,1.00726700,1.00723300,1.00727400
8.823999,1.00731400,1.00723100,1.00726000,1.00729800,1.00726900,1.00726800,1.00723300,1.00727400
8.825999,1.00731400,1.00723100,1.00726000,1.00729800,1.00726900,1.00726800,1.00723300,1.00727400
8.827999,1.00731500,1.00723200,1.00726000,1.00729800,1.00726900,1.00726800,1.00723400,1.00727500
8.829999,1.00731500,1.00723200,1.00726100,1.00729900,1.00727000,1.00726800,1.00723400,1.00727500
8.832000,1.00731500,1.00723200,1.00726100,1.00729900,1.00727000,1.00726900,1.00723400,1.00727500
8.834000,1.00731500,1.00723200,1.00726100,1.00729900,1.00727000,1.00726900,1.00723400,1.00727500
8.835999,1.00731600,1.00723300,1.00726100,1.00729900,1.00727000,1.00726900,1.00723400,1.00727500
8.837999,1.00731600,1.00723300,1.00726200,1.00730000,1.00727100,1.00726900,1.00723500,1.00727600
8.840000,1.00731600,1.00723300,1.00726200,1.00730000,1.00727100,1.00727000,1.00723500,1.00727600
8.842000,1.00731600,1.00723300,1.00726200,1.00730000,1.00727100,1.00727000,1.00723500,1.00727600
8.844000,1.00731600,1.00723400,1.00726200,1.00730000,1.00727100,1.00727000,1.00723500,1.00727600
8.846000,1.00731700,1.00723400,1.00726300,1.00730000,1.00727200,1.00727000,1.00723600,1.00727700
8.847999,1.00731700,1.00723400,1.00726300,1.00730100,1.00727200,1.00727000,1.00723600,1.00727700
8.849999,1.00731700,1.00723400,1.00726300,1.00730100,1.00727200,1.00727100,1.00723600,1.00727700
8.851999,1.00731700,1.00723400,1.00726300,1.00730100,1.00727200,1.00727100,1.00723600,1.00727700
8.853999,1.00731800,1.00723500,1.00726400,1.00730100,1.00727200,1.00727100,1.00723600,1.00727800
8.855999,1.00731800,1.00723500,1.00726400,1.00730200,1.00727300,1.00727100,1.00723700,1.00727800
8.857999,1.00731800,1.00723500,1.00726400,1.00730200,1.00727300,1.00727200,1.00723700,1.00727800
8.860000,1.00731800,1.00723500,1.00726400,1.00730200,1.00727300,1.00727200,1.00723700,1.00727800
8.862000,1.00731900,1.00723600,1.00726400,1.00730200,1.00727300,1.00727200,1.00723700,1.00727900
8.863999,1.00731900,1.00723600,1.00726500,1.00730300,1.00727400,1.00727200,1.00723800,1.00727900
8.865999,1.00731900,1.00723600,1.00726500,1.00730300,1.00727400,1.00727200,1.00723800,1.00727900
8.867999,1.00731900,1.00723600,1.00726500,1.00730300,1.00727400,1.00727300,1.00723800,1.00727900
8.870000,1.00732000,1.00723600,1.00726500,1.00730300,1.00727400,1.00727300,1.00723800,1.00728000
8.872000,1.00732000,1.00723700,1.00726600,1.00730300,1.00727500,1.00727300,1.00723900,1.00728000
8.874000,1.00732000,1.00723700,1.00726600,1.00730400,1.00727500,1.00727300,1.00723900,1.00728000
8.875999,1.00732000,1.00723700,1.00726600,1.00730400,1.00727500,1.00727400,1.00723900,1.00728000
8.877999,1.00732100,1.00723700,1.00726600,1.00730400,1.00727500,1.00727400,1.00723900,1.00728000
8.880000,1.00732100,1.00723800,1.00726700,1.00730400,1.00727500,1.00727400,1.00724000,1.00728100
8.882000,1.00732100,1.00723800,1.00726700,1.00730500,1.00727600,1.00727400,1.00724000,1.00728100
8.883999,1.00732100,1.00723800,1.00726700,1.00730500,1.00727600,1.00727500,1.00724000,1.00728100
8.885999,1.00732100,1.00723800,1.00726700,1.00730500,1.00727600,1.00727500,1.00724000,1.00728100
8.887999,1.00732200,1.00723900,1.00726800,1.00730500,1.00727600,1.00727500,1.00724100,1.00728200
8.889999,1.00732200,1.00723900,1.00726800,1.00730600,1.00727700,1.00727500,1.00724100,1.00728200
8.891999,1.00732200,1.00723900,1.00726800,1.00730600,1.00727700,1.00727600,1.00724100,1.00728200
8.893999,1.00732200,1.00723900,1.00726800,1.00730600,1.00727700,1.00727600,1.00724100,1.00728200
8.895999,1.00732300,1.00723900,1.00726800,1.00730600,1.00727700,1.00727600,1.00724100,1.00728200
8.897999,1.00732300,1.00724000,1.00726900,1.00730700,1.00727800,1.00727600,1.00724200,1.00728300
8.900000,1.00732300,1.00724000,1.00726900,1.00730700,1.00727800,1.00727700,1.00724200,1.00728300
8.901999,1.00732300,1.00724000,1.00726900,1.00730700,1.00727800,1.00727700,1.00724200,1.00728300
8.903999,1.00732400,1.00724000,1.00726900,1.00730700,1.00727800,1.00727700,1.00724200,1.00728300
8.905999,1.00732400,1.00724100,1.00727000,1.00730800,1.00727900,1.00727700,1.00724300,1.00728400
8.908000,1.00732400,1.00724100,1.00727000,1.00730800,1.00727900,1.00727700,1.00724300,1.00728400
8.910000,1.00732400,1.00724100,1.00727000,1.00730800,1.00727900,1.00727800,1.00724300,1.00728400
8.912000,1.00732500,1.00724100,1.00727000,1.00730800,1.00727900,1.00727800,1.00724300,1.00728400
8.914000,1.00732500,1.00724100,1.00727100,1.00730800,1.00727900,1.00727800,1.00724400,1.00728500
8.915999,1.00732500,1.00724200,1.00727100,1.00730900,1.00728000,1.00727800,1.00724400,1.00728500
8.917999,1.00732500,1.00724200,1.00727100,1.00730900,1.00728000,1.00727900,1.00724400,1.00728500
8.919999,1.00732600,1.00724200,1.00727100,1.00730900,1.00728000,1.00727900,1.00724400,1.00728500
8.921999,1.00732600,1.00724200,1.00727200,1.00730900,1.00728000,1.00727900,1.00724400,1.00728600
8.923999,1.00732600,1.00724300,1.00727200,1.00731000,1.00728100,1.00727900,1.00724500,1.00728600
8.925999,1.00732600,1.00724300,1.00727200,1.00731000,1.00728100,1.00728000,1.00724500,1.00728600
8.927999,1.00732600,1.00724300,1.00727200,1.00731000,1.00728100,1.00728000,1.00724500,1.00728600
8.929999,1.00732700,1.00724300,1.00727200,1.00731000,1.00728100,1.00728000,1.00724500,1.00728700
8.931999,1.00732700,1.00724400,1.00727300,1.00731100,1.00728200,1.00728000,1.00724600,1.00728700
8.933999,1.00732700,1.00724400,1.00727300,1.00731100,1.00728200,1.00728000,1.00724600,1.00728700
8.935999,1.00732700,1.00724400,1.00727300,1.00731100,1.00728200,1.00728100,1.00724600,1.00728700
8.938000,1.00732800,1.00724400,1.00727300,1.00731100,1.00728200,1.00728100,1.00724600,1.00728800
8.940000,1.00732800,1.00724500,1.00727400,1.00731200,1.00728200,1.00728100,1.00724600,1.00728800
8.941999,1.00732800,1.00724500,1.00727400,1.00731200,1.00728300,1.00728100,1.00724700,1.00728800
8.943999,1.00732800,1.00724500,1.00727400,1.00731200,1.00728300,1.00728200,1.00724700,1.00728800
8.945999,1.00732900,1.00724500,1.00727400,1.00731200,1.00728300,1.00728200,1.00724700,1.00728800
8.948000,1.00732900,1.00724500,1.00727500,1.00731300,1.00728300,1.00728200,1.00724700,1.00728900
8.950000,1.00732900,1.00724600,1.00727500,1.00731300,1.00728400,1.00728200,1.00724800,1.00728900
8.952000,1.00732900,1.00724600,1.00727500,1.00731300,1.00728400,1.00728300,1.00724800,1.00728900
8.954000,1.00733000,1.00724600,1.00727500,1.00731300,1.00728400,1.00728300,1.00724800,1.00728900
8.955999,1.00733000,1.00724600,1.00727600,1.00731300,1.00728400,1.00728300,1.00724800,1.00729000
8.957999,1.00733000,1.00724700,1.00727600,1.00731400,1.00728500,1.00728300,1.00724900,1.00729000
8.959999,1.00733000,1.00724700,1.00727600,1.00731400,1.00728500,1.00728400,1.00724900,1.00729000
8.961999,1.00733100,1.00724700,1.00727600,1.00731400,1.00728500,1.00728400,1.00724900,1.00729000
8.963999,1.00733100,1.00724700,1.00727700,1.00731400,1.00728500,1.00728400,1.00724900,1.00729100
8.965999,1.00733100,1.00724800,1.00727700,1.00731500,1.00728600,1.00728400,1.00725000,1.00729100
8.967999,1.00733100,1.00724800,1.00727700,1.00731500,1.00728600,1.00728400,1.00725000,1.00729100
8.969999,1.00733100,1.00724800,1.00727700,1.00731500,1.00728600,1.00728500,1.00725000,1.00729100
8.971999,1.00733200,1.00724800,1.00727700,1.00731500,1.00728600,1.00728500,1.00725000,1.00729100
8.973999,1.00733200,1.00724900,1.00727800,1.00731600,1.00728700,1.00728500,1.00725100,1.00729200
8.975999,1.00733200,1.00724900,1.00727800,1.00731600,1.00728700,1.00728500,1.00725100,1.00729200
8.978000,1.00733200,1.00724900,1.00727800,1.00731600,1.00728700,1.00728600,1.00725100,1.00729200
8.980000,1.00733300,1.00724900,1.00727800,1.00731600,1.00728700,1.00728600,1.00725100,1.00729200
8.981999,1.00733300,1.00724900,1.00727900,1.00731600,1.00728800,1.00728600,1.00725100,1.00729300
8.983999,1.00733300,1.00725000,1.00727900,1.00731700,1.00728800,1.00728600,1.00725200,1.00729300
8.986000,1.00733300,1.00725000,1.00727900,1.00731700,1.00728800,1.00728700,1.00725200,1.00729300
8.988000,1.00733400,1.00725000,1.00727900,1.00731700,1.00728800,1.00728700,1.00725200,1.00729300
8.990000,1.00733400,1.00725000,1.00728000,1.00731700,1.00728800,1.00728700,1.00725200,1.00729400
8.992000,1.00733400,1.00725100,1.00728000,1.00731800,1.00728900,1.00728700,1.00725300,1.00729400
8.993999,1.00733400,1.00725100,1.00728000,1.00731800,1.00728900,1.00728800,1.00725300,1.00729400
8.995999,1.00733500,1.00725100,1.00728000,1.00731800,1.00728900,1.00728800,1.00725300,1.00729400
8.997999,1.00733500,1.00725100,1.00728000,1.00731800,1.00728900,1.00728800,1.00725300,1.00729500
8.999999,1.00733500,1.00725200,1.00728100,1.00731900,1.00729000,1.00728800,1.00725400,1.00729500
9.001999,1.00733500,1.00725200,1.00728100,1.00731900,1.00729000,1.00728800,1.00725400,1.00729500
9.003999,1.00733600,1.00725200,1.00728100,1.00731900,1.00729000,1.00728900,1.00725400,1.00729500
9.006000,1.00733600,1.00725200,1.00728100,1.00731900,1.00729000,1.00728900,1.00725400,1.00729500
9.007999,1.00733600,1.00725200,1.00728200,1.00732000,1.00729000,1.00728900,1.00725400,1.00729600
9.009999,1.00733600,1.00725300,1.00728200,1.00732000,1.00729100,1.00728900,1.00725500,1.00729600
9.011999,1.00733600,1.00725300,1.00728200,1.00732000,1.00729100,1.00729000,1.00725500,1.00729600
9.013999,1.00733700,1.00725300,1.00728200,1.00732000,1.00729100,1.00729000,1.00725500,1.00729600
9.016000,1.00733700,1.00725300,1.00728300,1.00732100,1.00729100,1.00729000,1.00725500,1.00729700
9.018000,1.00733700,1.00725400,1.00728300,1.00732100,1.00729200,1.00729000,1.00725600,1.00729700
9.020000,1.00733700,1.00725400,1.00728300,1.00732100,1.00729200,1.00729100,1.00725600,1.00729700
9.021999,1.00733800,1.00725400,1.00728300,1.00732100,1.00729200,1.00729100,1.00725600,1.00729700
9.023999,1.00733800,1.00725400,1.00728400,1.00732100,1.00729200,1.00729100,1.00725600,1.00729800
9.026000,1.00733800,1.00725400,1.00728400,1.00732200,1.00729300,1.00729100,1.00725700,1.00729800
9.028000,1.00733800,1.00725500,1.00728400,1.00732200,1.00729300,1.00729200,1.00725700,1.00729800
9.030000,1.00733900,1.00725500,1.00728400,1.00732200,1.00729300,1.00729200,1.00725700,1.00729800
9.032000,1.00733900,1.00725500,1.00728500,1.00732200,1.00729300,1.00729200,1.00725700,1.00729900
9.033999,1.00733900,1.00725500,1.00728500,1.00732300,1.00729400,1.00729200,1.00725700,1.00729900
9.035999,1.00733900,1.00725600,1.00728500,1.00732300,1.00729400,1.00729300,1.00725800,1.00729900
9.037999,1.00734000,1.00725600,1.00728500,1.00732300,1.00729400,1.00729300,1.00725800,1.00729900
9.039999,1.00734000,1.00725600,1.00728500,1.00732300,1.00729400,1.00729300,1.00725800,1.00730000
9.041999,1.00734000,1.00725600,1.00728600,1.00732400,1.00729500,1.00729300,1.00725800,1.00730000
9.043999,1.00734000,1.00725700,1.00728600,1.00732400,1.00729500,1.00729300,1.00725900,1.00730000
9.046000,1.00734100,1.00725700,1.00728600,1.00732400,1.00729500,1.00729400,1.00725900,1.00730000
9.047999,1.00734100,1.00725700,1.00728600,1.00732400,1.00729500,1.00729400,1.00725900,1.00730000
9.049999,1.00734100,1.00725700,1.00728700,1.00732500,1.00729500,1.00729400,1.00725900,1.00730100
9.051999,1.00734100,1.00725700,1.00728700,1.00732500,1.00729600,1.00729400,1.00726000,1.00730100
9.053999,1.00734200,1.00725800,1.00728700,1.00732500,1.00729600,1.00729500,1.00726000,1.00730100
9.056000,1.00734200,1.00725800,1.00728700,1.00732500,1.00729600,1.00729500,1.00726000,1.00730100
9.058000,1.00734200,1.00725800,1.00728800,1.00732600,1.00729600,1.00729500,1.00726000,1.00730200
9.059999,1.00734200,1.00725800,1.00728800,1.00732600,1.00729700,1.00729500,1.00726100,1.00730200
9.061999,1.00734200,1.00725900,1.00728800,1.00732600,1.00729700,1.00729500,1.00726100,1.00730200
9.064000,1.00734300,1.00725900,1.00728800,1.00732600,1.00729700,1.00729600,1.00726100,1.00730200
9.066000,1.00734300,1.00725900,1.00728900,1.00732600,1.00729700,1.00729600,1.00726100,1.00730300
9.068000,1.00734300,1.00725900,1.00728900,1.00732700,1.00729800,1.00729600,1.00726200,1.00730300
9.070000,1.00734300,1.00726000,1.00728900,1.00732700,1.00729800,1.00729600,1.00726200,1.00730300
9.071999,1.00734400,1.00726000,1.00728900,1.00732700,1.00729800,1.00729700,1.00726200,1.00730300
9.073999,1.00734400,1.00726000,1.00729000,1.00732700,1.00729800,1.00729700,1.00726200,1.00730300
9.075999,1.00734400,1.00726000,1.00729000,1.00732800,1.00729900,1.00729700,1.00726200,1.00730400
9.077999,1.00734400,1.00726100,1.00729000,1.00732800,1.00729900,1.00729700,1.00726300,1.00730400
9.079999,1.00734500,1.00726100,1.00729000,1.00732800,1.00729900,1.00729800,1.00726300,1.00730400
9.081999,1.00734500,1.00726100,1.00729000,1.00732800,1.00729900,1.00729800,1.00726300,1.00730400
9.084000,1.00734500,1.00726100,1.00729100,1.00732900,1.00729900,1.00729800,1.00726300,1.00730500
9.085999,1.00734500,1.00726200,1.00729100,1.00732900,1.00730000,1.00729800,1.00726400,1.00730500
9.087999,1.00734600,1.00726200,1.00729100,1.00732900,1.00730000,1.00729900,1.00726400,1.00730500
9.089999,1.00734600,1.00726200,1.00729100,1.00732900,1.00730000,1.00729900,1.00726400,1.00730500
9.091999,1.00734600,1.00726200,1.00729200,1.00733000,1.00730000,1.00729900,1.00726400,1.00730600
9.094000,1.00734600,1.00726200,1.00729200,1.00733000,1.00730100,1.00729900,1.00726400,1.00730600
9.096000,1.00734700,1.00726300,1.00729200,1.00733000,1.00730100,1.00730000,1.00726500,1.00730600
9.098000,1.00734700,1.00726300,1.00729200,1.00733000,1.00730100,1.00730000,1.00726500,1.00730600
9.099999,1.00734700,1.00726300,1.00729300,1.00733100,1.00730100,1.00730000,1.00726500,1.00730700
9.101999,1.00734700,1.00726300,1.00729300,1.00733100,1.00730200,1.00730000,1.00726500,1.00730700
9.104000,1.00734700,1.00726400,1.00729300,1.00733100,1.00730200,1.00730000,1.00726600,1.00730700
9.106000,1.00734800,1.00726400,1.00729300,1.00733100,1.00730200,1.00730100,1.00726600,1.00730700
9.107999,1.00734800,1.00726400,1.00729300,1.00733100,1.00730200,1.00730100,1.00726600,1.00730800
9.109999,1.00734800,1.00726400,1.00729400,1.00733200,1.00730300,1.00730100,1.00726600,1.00730800
9.111999,1.00734800,1.00726400,1.00729400,1.00733200,1.00730300,1.00730100,1.00726700,1.00730800
9.113999,1.00734900,1.00726500,1.00729400,1.00733200,1.00730300,1.00730200,1.00726700,1.00730800
9.115999,1.00734900,1.00726500,1.00729400,1.00733200,1.00730300,1.00730200,1.00726700,1.00730800
9.117999,1.00734900,1.00726500,1.00729500,1.00733300,1.00730300,1.00730200,1.00726700,1.00730900
9.119999,1.00734900,1.00726500,1.00729500,1.00733300,1.00730400,1.00730200,1.00726700,1.00730900
9.121999,1.00735000,1.00726600,1.00729500,1.00733300,1.00730400,1.00730300,1.00726800,1.00730900
9.124000,1.00735000,1.00726600,1.00729500,1.00733300,1.00730400,1.00730300,1.00726800,1.00730900
9.125999,1.00735000,1.00726600,1.00729600,1.00733400,1.00730400,1.00730300,1.00726800,1.00731000
9.127999,1.00735000,1.00726600,1.00729600,1.00733400,1.00730500,1.00730300,1.00726800,1.00731000
9.129999,1.00735100,1.00726700,1.00729600,1.00733400,1.00730500,1.00730300,1.00726900,1.00731000
9.132000,1.00735100,1.00726700,1.00729600,1.00733400,1.00730500,1.00730400,1.00726900,1.00731000
9.134000,1.00735100,1.00726700,1.00729700,1.00733500,1.00730500,1.00730400,1.00726900,1.00731100
9.136000,1.00735100,1.00726700,1.00729700,1.00733500,1.00730600,1.00730400,1.00726900,1.00731100
9.138000,1.00735200,1.00726700,1.00729700,1.00733500,1.00730600,1.00730400,1.00727000,1.00731100
9.139999,1.00735200,1.00726800,1.00729700,1.00733500,1.00730600,1.00730500,1.00727000,1.00731100
9.142000,1.00735200,1.00726800,1.00729800,1.00733600,1.00730600,1.00730500,1.00727000,1.00731200
9.143999,1.00735200,1.00726800,1.00729800,1.00733600,1.00730700,1.00730500,1.00727000,1.00731200
9.145999,1.00735300,1.00726800,1.00729800,1.00733600,1.00730700,1.00730500,1.00727100,1.00731200
9.147999,1.00735300,1.00726900,1.00729800,1.00733600,1.00730700,1.00730600,1.00727100,1.00731200
9.149999,1.00735300,1.00726900,1.00729800,1.00733600,1.00730700,1.00730600,1.00727100,1.00731300
9.151999,1.00735300,1.00726900,1.00729900,1.00733700,1.00730800,1.00730600,1.00727100,1.00731300
9.153999,1.00735400,1.00726900,1.00729900,1.00733700,1.00730800,1.00730600,1.00727200,1.00731300
9.155999,1.00735400,1.00727000,1.00729900,1.00733700,1.00730800,1.00730700,1.00727200,1.00731300
9.157999,1.00735400,1.00727000,1.00729900,1.00733700,1.00730800,1.00730700,1.00727200,1.00731300
9.159999,1.00735400,1.00727000,1.00730000,1.00733800,1.00730800,1.00730700,1.00727200,1.00731400
9.162000,1.00735400,1.00727000,1.00730000,1.00733800,1.00730900,1.00730700,1.00727200,1.00731400
9.164000,1.00735500,1.00727100,1.00730000,1.00733800,1.00730900,1.00730800,1.00727300,1.00731400
9.165999,1.00735500,1.00727100,1.00730000,1.00733800,1.00730900,1.00730800,1.00727300,1.00731400
9.167999,1.00735500,1.00727100,1.00730100,1.00733900,1.00730900,1.00730800,1.00727300,1.00731500
9.169999,1.00735500,1.00727100,1.00730100,1.00733900,1.00731000,1.00730800,1.00727300,1.00731500
9.172000,1.00735600,1.00727200,1.00730100,1.00733900,1.00731000,1.00730800,1.00727400,1.00731500
9.174000,1.00735600,1.00727200,1.00730100,1.00733900,1.00731000,1.00730900,1.00727400,1.00731500
9.176000,1.00735600,1.00727200,1.00730200,1.00734000,1.00731000,1.00730900,1.00727400,1.00731600
9.177999,1.00735600,1.00727200,1.00730200,1.00734000,1.00731100,1.00730900,1.00727400,1.00731600
9.179999,1.00735700,1.00727200,1.00730200,1.00734000,1.00731100,1.00730900,1.00727500,1.00731600
9.181999,1.00735700,1.00727300,1.00730200,1.00734000,1.00731100,1.00731000,1.00727500,1.00731600
9.183999,1.00735700,1.00727300,1.00730300,1.00734100,1.00731100,1.00731000,1.00727500,1.00731600
9.185999,1.00735700,1.00727300,1.00730300,1.00734100,1.00731200,1.00731000,1.00727500,1.00731700
9.187999,1.00735800,1.00727300,1.00730300,1.00734100,1.00731200,1.00731000,1.00727500,1.00731700
9.189999,1.00735800,1.00727400,1.00730300,1.00734100,1.00731200,1.00731100,1.00727600,1.00731700
9.191999,1.00735800,1.00727400,1.00730300,1.00734200,1.00731200,1.00731100,1.00727600,1.00731700
9.193999,1.00735800,1.00727400,1.00730400,1.00734200,1.00731300,1.00731100,1.00727600,1.00731800
9.195999,1.00735900,1.00727400,1.00730400,1.00734200,1.00731300,1.00731100,1.00727600,1.00731800
9.197999,1.00735900,1.00727500,1.00730400,1.00734200,1.00731300,1.00731200,1.00727700,1.00731800
9.199999,1.00735900,1.00727500,1.00730400,1.00734200,1.00731300,1.00731200,1.00727700,1.00731800
9.202000,1.00735900,1.00727500,1.00730500,1.00734300,1.00731300,1.00731200,1.00727700,1.00731900
9.204000,1.00736000,1.00727500,1.00730500,1.00734300,1.00731400,1.00731200,1.00727700,1.00731900
9.205999,1.00736000,1.00727500,1.00730500,1.00734300,1.00731400,1.00731300,1.00727800,1.00731900
9.207999,1.00736000,1.00727600,1.00730500,1.00734300,1.00731400,1.00731300,1.00727800,1.00731900
9.210000,1.00736000,1.00727600,1.00730600,1.00734400,1.00731400,1.00731300,1.00727800,1.00732000
9.212000,1.00736000,1.00727600,1.00730600,1.00734400,1.00731500,1.00731300,1.00727800,1.00732000
9.214000,1.00736100,1.00727600,1.00730600,1.00734400,1.00731500,1.00731300,1.00727900,1.00732000
9.216000,1.00736100,1.00727700,1.00730600,1.00734400,1.00731500,1.00731400,1.00727900,1.00732000
9.217999,1.00736100,1.00727700,1.00730700,1.00734500,1.00731500,1.00731400,1.00727900,1.00732100
9.219999,1.00736100,1.00727700,1.00730700,1.00734500,1.00731600,1.00731400,1.00727900,1.00732100
9.221999,1.00736200,1.00727700,1.00730700,1.00734500,1.00731600,1.00731400,1.00728000,1.00732100
9.223999,1.00736200,1.00727700,1.00730700,1.00734500,1.00731600,1.00731500,1.00728000,1.00732100
9.225999,1.00736200,1.00727800,1.00730800,1.00734600,1.00731600,1.00731500,1.00728000,1.00732100
9.227999,1.00736200,1.00727800,1.00730800,1.00734600,1.00731600,1.00731500,1.00728000,1.00732200
9.230000,1.00736300,1.00727800,1.00730800,1.00734600,1.00731700,1.00731500,1.00728000,1.00732200
9.231999,1.00736300,1.00727800,1.00730800,1.00734600,1.00731700,1.00731600,1.00728100,1.00732200
9.233999,1.00736300,1.00727900,1.00730800,1.00734700,1.00731700,1.00731600,1.00728100,1.00732200
9.235999,1.00736300,1.00727900,1.00730900,1.00734700,1.00731700,1.00731600,1.00728100,1.00732300
9.237999,1.00736400,1.00727900,1.00730900,1.00734700,1.00731800,1.00731600,1.00728100,1.00732300
9.240000,1.00736400,1.00727900,1.00730900,1.00734700,1.00731800,1.00731700,1.00728200,1.00732300
9.242000,1.00736400,1.00728000,1.00730900,1.00734700,1.00731800,1.00731700,1.00728200,1.00732300
9.243999,1.00736400,1.00728000,1.00731000,1.00734800,1.00731800,1.00731700,1.00728200,1.00732400
9.245999,1.00736500,1.00728000,1.00731000,1.00734800,1.00731900,1.00731700,1.00728200,1.00732400
9.247999,1.00736500,1.00728000,1.00731000,1.00734800,1.00731900,1.00731800,1.00728200,1.00732400
9.250000,1.00736500,1.00728100,1.00731000,1.00734800,1.00731900,1.00731800,1.00728300,1.00732400
9.252000,1.00736500,1.00728100,1.00731100,1.00734900,1.00731900,1.00731800,1.00728300,1.00732500
9.254000,1.00736600,1.00728100,1.00731100,1.00734900,1.00732000,1.00731800,1.00728300,1.00732500
9.256000,1.00736600,1.00728100,1.00731100,1.00734900,1.00732000,1.00731800,1.00728300,1.00732500
9.257999,1.00736600,1.00728200,1.00731100,1.00734900,1.00732000,1.00731900,1.00728400,1.00732500
9.259999,1.00736600,1.00728200,1.00731200,1.00735000,1.00732000,1.00731900,1.00728400,1.00732600
9.261999,1.00736700,1.00728200,1.00731200,1.00735000,1.00732100,1.00731900,1.00728400,1.00732600
9.263999,1.00736700,1.00728200,1.00731200,1.00735000,1.00732100,1.00731900,1.00728400,1.00732600
9.265999,1.00736700,1.00728200,1.00731200,1.00735000,1.00732100,1.00732000,1.00728500,1.00732600
9.267999,1.00736700,1.00728300,1.00731300,1.00735100,1.00732100,1.00732000,1.00728500,1.00732600
9.270000,1.00736700,1.00728300,1.00731300,1.00735100,1.00732100,1.00732000,1.00728500,1.00732700
9.271999,1.00736800,1.00728300,1.00731300,1.00735100,1.00732200,1.00732000,1.00728500,1.00732700
9.273999,1.00736800,1.00728300,1.00731300,1.00735100,1.00732200,1.00732100,1.00728600,1.00732700
9.275999,1.00736800,1.00728400,1.00731300,1.00735200,1.00732200,1.00732100,1.00728600,1.00732700
9.277999,1.00736800,1.00728400,1.00731400,1.00735200,1.00732200,1.00732100,1.00728600,1.00732800
9.280000,1.00736900,1.00728400,1.00731400,1.00735200,1.00732300,1.00732100,1.00728600,1.00732800
9.282000,1.00736900,1.00728400,1.00731400,1.00735200,1.00732300,1.00732100,1.00728700,1.00732800
9.283999,1.00736900,1.00728500,1.00731400,1.00735200,1.00732300,1.00732200,1.00728700,1.00732800
9.285999,1.00736900,1.00728500,1.00731500,1.00735300,1.00732300,1.00732200,1.00728700,1.00732900
9.288000,1.00737000,1.00728500,1.00731500,1.00735300,1.00732400,1.00732200,1.00728700,1.00732900
9.290000,1.00737000,1.00728500,1.00731500,1.00735300,1.00732400,1.00732200,1.00728800,1.00732900
9.292000,1.00737000,1.00728500,1.00731500,1.00735300,1.00732400,1.00732300,1.00728800,1.00732900
9.294000,1.00737000,1.00728600,1.00731600,1.00735400,1.00732400,1.00732300,1.00728800,1.00733000
9.296000,1.00737100,1.00728600,1.00731600,1.00735400,1.00732500,1.00732300,1.00728800,1.00733000
9.297999,1.00737100,1.00728600,1.00731600,1.00735400,1.00732500,1.00732300,1.00728800,1.00733000
9.299999,1.00737100,1.00728600,1.00731600,1.00735400,1.00732500,1.00732400,1.00728900,1.00733000
9.301999,1.00737100,1.00728700,1.00731700,1.00735500,1.00732500,1.00732400,1.00728900,1.00733100
9.303999,1.00737200,1.00728700,1.00731700,1.00735500,1.00732600,1.00732400,1.00728900,1.00733100
9.305999,1.00737200,1.00728700,1.00731700,1.00735500,1.00732600,1.00732400,1.00728900,1.00733100
9.308000,1.00737200,1.00728700,1.00731700,1.00735500,1.00732600,1.00732500,1.00729000,1.00733100
9.309999,1.00737200,1.00728800,1.00731800,1.00735600,1.00732600,1.00732500,1.00729000,1.00733100
9.311999,1.00737300,1.00728800,1.00731800,1.00735600,1.00732600,1.00732500,1.00729000,1.00733200
9.313999,1.00737300,1.00728800,1.00731800,1.00735600,1.00732700,1.00732500,1.00729000,1.00733200
9.315999,1.00737300,1.00728800,1.00731800,1.00735600,1.00732700,1.00732600,1.00729100,1.00733200
9.318000,1.00737300,1.00728900,1.00731800,1.00735700,1.00732700,1.00732600,1.00729100,1.00733200
9.320000,1.00737400,1.00728900,1.00731900,1.00735700,1.00732700,1.00732600,1.00729100,1.00733300
9.322000,1.00737400,1.00728900,1.00731900,1.00735700,1.00732800,1.00732600,1.00729100,1.00733300
9.323999,1.00737400,1.00728900,1.00731900,1.00735700,1.00732800,1.00732600,1.00729100,1.00733300
9.325999,1.00737400,1.00728900,1.00731900,1.00735700,1.00732800,1.00732700,1.00729200,1.00733300
9.328000,1.00737500,1.00729000,1.00732000,1.00735800,1.00732800,1.00732700,1.00729200,1.00733400
9.330000,1.00737500,1.00729000,1.00732000,1.00735800,1.00732900,1.00732700,1.00729200,1.00733400
9.331999,1.00737500,1.00729000,1.00732000,1.00735800,1.00732900,1.00732700,1.00729200,1.00733400
9.333999,1.00737500,1.00729000,1.00732000,1.00735800,1.00732900,1.00732800,1.00729300,1.00733400
9.335999,1.00737500,1.00729100,1.00732100,1.00735900,1.00732900,1.00732800,1.00729300,1.00733500
9.337999,1.00737600,1.00729100,1.00732100,1.00735900,1.00733000,1.00732800,1.00729300,1.00733500
9.339999,1.00737600,1.00729100,1.00732100,1.00735900,1.00733000,1.00732800,1.00729300,1.00733500
9.341999,1.00737600,1.00729100,1.00732100,1.00735900,1.00733000,1.00732900,1.00729400,1.00733500
9.343999,1.00737600,1.00729200,1.00732200,1.00736000,1.00733000,1.00732900,1.00729400,1.00733600
9.345999,1.00737700,1.00729200,1.00732200,1.00736000,1.00733100,1.00732900,1.00729400,1.00733600
9.348000,1.00737700,1.00729200,1.00732200,1.00736000,1.00733100,1.00732900,1.00729400,1.00733600
9.349999,1.00737700,1.00729200,1.00732200,1.00736000,1.00733100,1.00733000,1.00729500,1.00733600
9.351999,1.00737700,1.00729300,1.00732300,1.00736100,1.00733100,1.00733000,1.00729500,1.00733600
9.353999,1.00737800,1.00729300,1.00732300,1.00736100,1.00733100,1.00733000,1.00729500,1.00733700
9.355999,1.00737800,1.00729300,1.00732300,1.00736100,1.00733200,1.00733000,1.00729500,1.00733700
9.358000,1.00737800,1.00729300,1.00732300,1.00736100,1.00733200,1.00733100,1.00729500,1.00733700
9.360000,1.00737800,1.00729300,1.00732400,1.00736200,1.00733200,1.00733100,1.00729600,1.00733700
9.362000,1.00737900,1.00729400,1.00732400,1.00736200,1.00733200,1.00733100,1.00729600,1.00733800
9.363999,1.00737900,1.00729400,1.00732400,1.00736200,1.00733300,1.00733100,1.00729600,1.00733800
9.366000,1.00737900,1.00729400,1.00732400,1.00736200,1.00733300,1.00733100,1.00729600,1.00733800
9.367999,1.00737900,1.00729400,1.00732400,1.00736300,1.00733300,1.00733200,1.00729700,1.00733800
9.369999,1.00738000,1.00729500,1.00732500,1.00736300,1.00733300,1.00733200,1.00729700,1.00733900
9.371999,1.00738000,1.00729500,1.00732500,1.00736300,1.00733400,1.00733200,1.00729700,1.00733900
9.373999,1.00738000,1.00729500,1.00732500,1.00736300,1.00733400,1.00733200,1.00729700,1.00733900
9.375999,1.00738000,1.00729500,1.00732500,1.00736400,1.00733400,1.00733300,1.00729800,1.00733900
9.377999,1.00738000,1.00729500,1.00732600,1.00736400,1.00733400,1.00733300,1.00729800,1.00734000
9.379999,1.00738100,1.00729600,1.00732600,1.00736400,1.00733500,1.00733300,1.00729800,1.00734000
9.381999,1.00738100,1.00729600,1.00732600,1.00736400,1.00733500,1.00733300,1.00729800,1.00734000
9.383999,1.00738100,1.00729600,1.00732600,1.00736500,1.00733500,1.00733400,1.00729900,1.00734000
9.386000,1.00738200,1.00729600,1.00732700,1.00736500,1.00733500,1.00733400,1.00729900,1.00734100
9.388000,1.00738200,1.00729700,1.00732700,1.00736500,1.00733600,1.00733400,1.00729900,1.00734100
9.389999,1.00738200,1.00729700,1.00732700,1.00736500,1.00733600,1.00733400,1.00729900,1.00734100
9.391999,1.00738200,1.00729700,1.00732700,1.00736500,1.00733600,1.00733500,1.00730000,1.00734100
9.393999,1.00738300,1.00729700,1.00732800,1.00736600,1.00733600,1.00733500,1.00730000,1.00734200
9.396000,1.00738300,1.00729800,1.00732800,1.00736600,1.00733600,1.00733500,1.00730000,1.00734200
9.398000,1.00738300,1.00729800,1.00732800,1.00736600,1.00733700,1.00733500,1.00730000,1.00734200
9.400000,1.00738300,1.00729800,1.00732800,1.00736600,1.00733700,1.00733600,1.00730000,1.00734200
9.401999,1.00738300,1.00729800,1.00732900,1.00736700,1.00733700,1.00733600,1.00730100,1.00734200
9.403999,1.00738400,1.00729900,1.00732900,1.00736700,1.00733700,1.00733600,1.00730100,1.00734300
9.405999,1.00738400,1.00729900,1.00732900,1.00736700,1.00733800,1.00733600,1.00730100,1.00734300
9.407999,1.00738400,1.00729900,1.00732900,1.00736700,1.00733800,1.00733600,1.00730100,1.00734300
9.409999,1.00738400,1.00729900,1.00732900,1.00736800,1.00733800,1.00733700,1.00730200,1.00734300
9.411999,1.00738500,1.00730000,1.00733000,1.00736800,1.00733800,1.00733700,1.00730200,1.00734400
9.413999,1.00738500,1.00730000,1.00733000,1.00736800,1.00733900,1.00733700,1.00730200,1.00734400
9.415999,1.00738500,1.00730000,1.00733000,1.00736800,1.00733900,1.00733700,1.00730200,1.00734400
9.417999,1.00738500,1.00730000,1.00733000,1.00736900,1.00733900,1.00733800,1.00730300,1.00734400
9.419999,1.00738600,1.00730000,1.00733100,1.00736900,1.00733900,1.00733800,1.00730300,1.00734500
9.421999,1.00738600,1.00730100,1.00733100,1.00736900,1.00734000,1.00733800,1.00730300,1.00734500
9.423999,1.00738600,1.00730100,1.00733100,1.00736900,1.00734000,1.00733800,1.00730300,1.00734500
9.426000,1.00738600,1.00730100,1.00733100,1.00737000,1.00734000,1.00733900,1.00730300,1.00734500
9.427999,1.00738700,1.00730100,1.00733200,1.00737000,1.00734000,1.00733900,1.00730400,1.00734600
9.429999,1.00738700,1.00730200,1.00733200,1.00737000,1.00734100,1.00733900,1.00730400,1.00734600
9.431999,1.00738700,1.00730200,1.00733200,1.00737000,1.00734100,1.00733900,1.00730400,1.00734600
9.434000,1.00738700,1.00730200,1.00733200,1.00737000,1.00734100,1.00734000,1.00730400,1.00734600
9.436000,1.00738800,1.00730200,1.00733300,1.00737100,1.00734100,1.00734000,1.00730500,1.00734700
9.438000,1.00738800,1.00730300,1.00733300,1.00737100,1.00734200,1.00734000,1.00730500,1.00734700
9.440000,1.00738800,1.00730300,1.00733300,1.00737100,1.00734200,1.00734000,1.00730500,1.00734700
9.441999,1.00738800,1.00730300,1.00733300,1.00737100,1.00734200,1.00734100,1.00730500,1.00734700
9.443999,1.00738900,1.00730300,1.00733400,1.00737200,1.00734200,1.00734100,1.00730600,1.00734700
9.445999,1.00738900,1.00730300,1.00733400,1.00737200,1.00734200,1.00734100,1.00730600,1.00734800
9.447999,1.00738900,1.00730400,1.00733400,1.00737200,1.00734300,1.00734100,1.00730600,1.00734800
9.449999,1.00738900,1.00730400,1.00733400,1.00737200,1.00734300,1.00734200,1.00730600,1.00734800
9.451999,1.00739000,1.00730400,1.00733400,1.00737300,1.00734300,1.00734200,1.00730700,1.00734800
9.454000,1.00739000,1.00730400,1.00733500,1.00737300,1.00734300,1.00734200,1.00730700,1.00734900
9.455999,1.00739000,1.00730500,1.00733500,1.00737300,1.00734400,1.00734200,1.00730700,1.00734900
9.457999,1.00739000,1.00730500,1.00733500,1.00737300,1.00734400,1.00734200,1.00730700,1.00734900
9.459999,1.00739000,1.00730500,1.00733500,1.00737400,1.00734400,1.00734300,1.00730800,1.00734900
9.461999,1.00739100,1.00730500,1.00733600,1.00737400,1.00734400,1.00734300,1.00730800,1.00735000
9.464000,1.00739100,1.00730600,1.00733600,1.00737400,1.00734500,1.00734300,1.00730800,1.00735000
9.466000,1.00739100,1.00730600,1.00733600,1.00737400,1.00734500,1.00734300,1.00730800,1.00735000
9.467999,1.00739100,1.00730600,1.00733600,1.00737500,1.00734500,1.00734400,1.00730800,1.00735000
9.469999,1.00739200,1.00730600,1.00733700,1.00737500,1.00734500,1.00734400,1.00730900,1.00735100
9.471999,1.00739200,1.00730700,1.00733700,1.00737500,1.00734600,1.00734400,1.00730900,1.00735100
9.474000,1.00739200,1.00730700,1.00733700,1.00737500,1.00734600,1.00734400,1.00730900,1.00735100
9.476000,1.00739200,1.00730700,1.00733700,1.00737500,1.00734600,1.00734500,1.00730900,1.00735100
9.478000,1.00739300,1.00730700,1.00733800,1.00737600,1.00734600,1.00734500,1.00731000,1.00735200
9.480000,1.00739300,1.00730800,1.00733800,1.00737600,1.00734700,1.00734500,1.00731000,1.00735200
9.481999,1.00739300,1.00730800,1.00733800,1.00737600,1.00734700,1.00734500,1.00731000,1.00735200
9.483999,1.00739300,1.00730800,1.00733800,1.00737700,1.00734700,1.00734600,1.00731000,1.00735200
9.485999,1.00739400,1.00730800,1.00733900,1.00737700,1.00734700,1.00734600,1.00731100,1.00735200
9.487999,1.00739400,1.00730800,1.00733900,1.00737700,1.00734700,1.00734600,1.00731100,1.00735300
9.489999,1.00739400,1.00730900,1.00733900,1.00737700,1.00734800,1.00734600,1.00731100,1.00735300
9.491999,1.00739400,1.00730900,1.00733900,1.00737800,1.00734800,1.00734700,1.00731100,1.00735300
9.493999,1.00739500,1.00730900,1.00733900,1.00737800,1.00734800,1.00734700,1.00731200,1.00735300
9.495999,1.00739500,1.00730900,1.00734000,1.00737800,1.00734800,1.00734700,1.00731200,1.00735400
9.497999,1.00739500,1.00731000,1.00734000,1.00737800,1.00734900,1.00734700,1.00731200,1.00735400
9.499999,1.00739500,1.00731000,1.00734000,1.00737800,1.00734900,1.00734700,1.00731200,1.00735400
9.501999,1.00739600,1.00731000,1.00734000,1.00737900,1.00734900,1.00734800,1.00731300,1.00735400
9.504000,1.00739600,1.00731000,1.00734100,1.00737900,1.00734900,1.00734800,1.00731300,1.00735500
9.506000,1.00739600,1.00731100,1.00734100,1.00737900,1.00735000,1.00734800,1.00731300,1.00735500
9.507999,1.00739600,1.00731100,1.00734100,1.00737900,1.00735000,1.00734800,1.00731300,1.00735500
9.509999,1.00739700,1.00731100,1.00734100,1.00738000,1.00735000,1.00734900,1.00731300,1.00735500
9.512000,1.00739700,1.00731100,1.00734200,1.00738000,1.00735000,1.00734900,1.00731400,1.00735600
9.514000,1.00739700,1.00731200,1.00734200,1.00738000,1.00735100,1.00734900,1.00731400,1.00735600
9.516000,1.00739700,1.00731200,1.00734200,1.00738000,1.00735100,1.00734900,1.00731400,1.00735600
9.518000,1.00739800,1.00731200,1.00734200,1.00738100,1.00735100,1.00735000,1.00731400,1.00735600
9.520000,1.00739800,1.00731200,1.00734300,1.00738100,1.00735100,1.00735000,1.00731500,1.00735700
9.521999,1.00739800,1.00731200,1.00734300,1.00738100,1.00735200,1.00735000,1.00731500,1.00735700
9.523999,1.00739800,1.00731300,1.00734300,1.00738100,1.00735200,1.00735000,1.00731500,1.00735700
9.525999,1.00739800,1.00731300,1.00734300,1.00738200,1.00735200,1.00735100,1.00731500,1.00735700
9.527999,1.00739900,1.00731300,1.00734400,1.00738200,1.00735200,1.00735100,1.00731600,1.00735700
9.529999,1.00739900,1.00731300,1.00734400,1.00738200,1.00735300,1.00735100,1.00731600,1.00735800
9.532000,1.00739900,1.00731400,1.00734400,1.00738200,1.00735300,1.00735100,1.00731600,1.00735800
9.533999,1.00739900,1.00731400,1.00734400,1.00738300,1.00735300,1.00735200,1.00731600,1.00735800
9.535999,1.00740000,1.00731400,1.00734400,1.00738300,1.00735300,1.00735200,1.00731700,1.00735800
9.537999,1.00740000,1.00731400,1.00734500,1.00738300,1.00735400,1.00735200,1.00731700,1.00735900
9.539999,1.00740000,1.00731500,1.00734500,1.00738300,1.00735400,1.00735200,1.00731700,1.00735900
9.542000,1.00740100,1.00731500,1.00734500,1.00738300,1.00735400,1.00735200,1.00731700,1.00735900
9.544000,1.00740100,1.00731500,1.00734500,1.00738400,1.00735400,1.00735300,1.00731800,1.00735900
9.546000,1.00740100,1.00731500,1.00734600,1.00738400,1.00735400,1.00735300,1.00731800,1.00736000
9.547999,1.00740100,1.00731600,1.00734600,1.00738400,1.00735500,1.00735300,1.00731800,1.00736000
9.549999,1.00740100,1.00731600,1.00734600,1.00738400,1.00735500,1.00735300,1.00731800,1.00736000
9.552000,1.00740200,1.00731600,1.00734600,1.00738500,1.00735500,1.00735400,1.00731800,1.00736000
9.554000,1.00740200,1.00731600,1.00734700,1.00738500,1.00735500,1.00735400,1.00731900,1.00736100
9.556000,1.00740200,1.00731600,1.00734700,1.00738500,1.00735600,1.00735400,1.00731900,1.00736100
9.557999,1.00740200,1.00731700,1.00734700,1.00738500,1.00735600,1.00735400,1.00731900,1.00736100
9.559999,1.00740300,1.00731700,1.00734700,1.00738600,1.00735600,1.00735500,1.00731900,1.00736100
9.561999,1.00740300,1.00731700,1.00734800,1.00738600,1.00735600,1.00735500,1.00732000,1.00736200
9.563999,1.00740300,1.00731700,1.00734800,1.00738600,1.00735700,1.00735500,1.00732000,1.00736200
9.565999,1.00740300,1.00731800,1.00734800,1.00738600,1.00735700,1.00735500,1.00732000,1.00736200
9.567999,1.00740400,1.00731800,1.00734800,1.00738700,1.00735700,1.00735600,1.00732000,1.00736200
9.569999,1.00740400,1.00731800,1.00734900,1.00738700,1.00735700,1.00735600,1.00732100,1.00736300
9.572000,1.00740400,1.00731800,1.00734900,1.00738700,1.00735800,1.00735600,1.00732100,1.00736300
9.573999,1.00740400,1.00731900,1.00734900,1.00738700,1.00735800,1.00735600,1.00732100,1.00736300
9.575999,1.00740500,1.00731900,1.00734900,1.00738800,1.00735800,1.00735700,1.00732100,1.00736300
9.577999,1.00740500,1.00731900,1.00735000,1.00738800,1.00735800,1.00735700,1.00732100,1.00736400
9.579999,1.00740500,1.00731900,1.00735000,1.00738800,1.00735900,1.00735700,1.00732200,1.00736400
9.582000,1.00740500,1.00732000,1.00735000,1.00738800,1.00735900,1.00735700,1.00732200,1.00736400
9.584000,1.00740600,1.00732000,1.00735000,1.00738900,1.00735900,1.00735700,1.00732200,1.00736400
9.585999,1.00740600,1.00732000,1.00735100,1.00738900,1.00735900,1.00735800,1.00732200,1.00736500
9.587999,1.00740600,1.00732000,1.00735100,1.00738900,1.00736000,1.00735800,1.00732300,1.00736500
9.590000,1.00740600,1.00732100,1.00735100,1.00738900,1.00736000,1.00735800,1.00732300,1.00736500
9.592000,1.00740700,1.00732100,1.00735100,1.00739000,1.00736000,1.00735900,1.00732300,1.00736500
9.593999,1.00740700,1.00732100,1.00735200,1.00739000,1.00736000,1.00735900,1.00732300,1.00736500
9.595999,1.00740700,1.00732100,1.00735200,1.00739000,1.00736000,1.00735900,1.00732400,1.00736600
9.597999,1.00740700,1.00732100,1.00735200,1.00739000,1.00736100,1.00735900,1.00732400,1.00736600
9.599999,1.00740800,1.00732200,1.00735200,1.00739000,1.00736100,1.00736000,1.00732400,1.00736600
9.601999,1.00740800,1.00732200,1.00735200,1.00739100,1.00736100,1.00736000,1.00732400,1.00736600
9.603999,1.00740800,1.00732200,1.00735300,1.00739100,1.00736100,1.00736000,1.00732500,1.00736700
9.605999,1.00740800,1.00732200,1.00735300,1.00739100,1.00736200,1.00736000,1.00732500,1.00736700
9.607999,1.00740800,1.00732300,1.00735300,1.00739100,1.00736200,1.00736000,1.00732500,1.00736700
9.610000,1.00740900,1.00732300,1.00735300,1.00739200,1.00736200,1.00736100,1.00732500,1.00736700
9.612000,1.00740900,1.00732300,1.00735400,1.00739200,1.00736200,1.00736100,1.00732600,1.00736800
9.613999,1.00740900,1.00732300,1.00735400,1.00739200,1.00736300,1.00736100,1.00732600,1.00736800
9.615999,1.00740900,1.00732400,1.00735400,1.00739200,1.00736300,1.00736100,1.00732600,1.00736800
9.617999,1.00741000,1.00732400,1.00735400,1.00739300,1.00736300,1.00736200,1.00732600,1.00736800
9.620000,1.00741000,1.00732400,1.00735500,1.00739300,1.00736300,1.00736200,1.00732600,1.00736900
9.622000,1.00741000,1.00732400,1.00735500,1.00739300,1.00736400,1.00736200,1.00732700,1.00736900
9.624000,1.00741000,1.00732400,1.00735500,1.00739300,1.00736400,1.00736200,1.00732700,1.00736900
9.625999,1.00741100,1.00732500,1.00735500,1.00739400,1.00736400,1.00736300,1.00732700,1.00736900
9.627999,1.00741100,1.00732500,1.00735600,1.00739400,1.00736400,1.00736300,1.00732700,1.00737000
9.629999,1.00741100,1.00732500,1.00735600,1.00739400,1.00736500,1.00736300,1.00732800,1.00737000
9.631999,1.00741100,1.00732500,1.00735600,1.00739400,1.00736500,1.00736300,1.00732800,1.00737000
9.633999,1.00741200,1.00732600,1.00735600,1.00739500,1.00736500,1.00736400,1.00732800,1.00737000
9.635999,1.00741200,1.00732600,1.00735700,1.00739500,1.00736500,1.00736400,1.00732800,1.00737000
9.637999,1.00741200,1.00732600,1.00735700,1.00739500,1.00736500,1.00736400,1.00732900,1.00737100
9.639999,1.00741200,1.00732600,1.00735700,1.00739500,1.00736600,1.00736400,1.00732900,1.00737100
9.641999,1.00741300,1.00732700,1.00735700,1.00739600,1.00736600,1.00736500,1.00732900,1.00737100
9.643999,1.00741300,1.00732700,1.00735700,1.00739600,1.00736600,1.00736500,1.00732900,1.00737100
9.645999,1.00741300,1.00732700,1.00735800,1.00739600,1.00736600,1.00736500,1.00733000,1.00737200
9.647999,1.00741300,1.00732700,1.00735800,1.00739600,1.00736700,1.00736500,1.00733000,1.00737200
9.650000,1.00741400,1.00732800,1.00735800,1.00739700,1.00736700,1.00736500,1.00733000,1.00737200
9.651999,1.00741400,1.00732800,1.00735800,1.00739700,1.00736700,1.00736600,1.00733000,1.00737200
9.653999,1.00741400,1.00732800,1.00735900,1.00739700,1.00736700,1.00736600,1.00733100,1.00737300
9.655999,1.00741400,1.00732800,1.00735900,1.00739700,1.00736800,1.00736600,1.00733100,1.00737300
9.658000,1.00741500,1.00732900,1.00735900,1.00739800,1.00736800,1.00736600,1.00733100,1.00737300
9.660000,1.00741500,1.00732900,1.00736000,1.00739800,1.00736800,1.00736700,1.00733100,1.00737300
9.662000,1.00741500,1.00732900,1.00736000,1.00739800,1.00736800,1.00736700,1.00733100,1.00737400
9.664000,1.00741500,1.00732900,1.00736000,1.00739800,1.00736900,1.00736700,1.00733200,1.00737400
9.665999,1.00741600,1.00732900,1.00736000,1.00739800,1.00736900,1.00736700,1.00733200,1.00737400
9.667999,1.00741600,1.00733000,1.00736000,1.00739900,1.00736900,1.00736800,1.00733200,1.00737400
9.669999,1.00741600,1.00733000,1.00736100,1.00739900,1.00736900,1.00736800,1.00733200,1.00737500
9.671999,1.00741600,1.00733000,1.00736100,1.00739900,1.00737000,1.00736800,1.00733300,1.00737500
9.673999,1.00741700,1.00733000,1.00736100,1.00739900,1.00737000,1.00736800,1.00733300,1.00737500
9.675999,1.00741700,1.00733100,1.00736100,1.00740000,1.00737000,1.00736900,1.00733300,1.00737500
9.677999,1.00741700,1.00733100,1.00736200,1.00740000,1.00737000,1.00736900,1.00733300,1.00737600
9.679999,1.00741700,1.00733100,1.00736200,1.00740000,1.00737100,1.00736900,1.00733400,1.00737600
9.681999,1.00741800,1.00733100,1.00736200,1.00740000,1.00737100,1.00736900,1.00733400,1.00737600
9.683999,1.00741800,1.00733200,1.00736200,1.00740100,1.00737100,1.00737000,1.00733400,1.00737600
9.685999,1.00741800,1.00733200,1.00736300,1.00740100,1.00737100,1.00737000,1.00733400,1.00737700
9.688000,1.00741800,1.00733200,1.00736300,1.00740100,1.00737200,1.00737000,1.00733500,1.00737700
9.690000,1.00741900,1.00733200,1.00736300,1.00740100,1.00737200,1.00737000,1.00733500,1.00737700
9.691999,1.00741900,1.00733300,1.00736300,1.00740200,1.00737200,1.00737000,1.00733500,1.00737700
9.693999,1.00741900,1.00733300,1.00736400,1.00740200,1.00737200,1.00737100,1.00733500,1.00737800
9.695999,1.00741900,1.00733300,1.00736400,1.00740200,1.00737200,1.00737100,1.00733600,1.00737800
9.698000,1.00741900,1.00733300,1.00736400,1.00740200,1.00737300,1.00737100,1.00733600,1.00737800
9.700000,1.00742000,1.00733400,1.00736400,1.00740300,1.00737300,1.00737100,1.00733600,1.00737800
9.702000,1.00742000,1.00733400,1.00736500,1.00740300,1.00737300,1.00737200,1.00733600,1.00737800
9.704000,1.00742000,1.00733400,1.00736500,1.00740300,1.00737300,1.00737200,1.00733600,1.00737900
9.705999,1.00742000,1.00733400,1.00736500,1.00740300,1.00737400,1.00737200,1.00733700,1.00737900
9.707999,1.00742100,1.00733400,1.00736500,1.00740400,1.00737400,1.00737200,1.00733700,1.00737900
9.709999,1.00742100,1.00733500,1.00736500,1.00740400,1.00737400,1.00737300,1.00733700,1.00737900
9.711999,1.00742100,1.00733500,1.00736600,1.00740400,1.00737400,1.00737300,1.00733700,1.00738000
9.713999,1.00742100,1.00733500,1.00736600,1.00740400,1.00737500,1.00737300,1.00733800,1.00738000
9.715999,1.00742200,1.00733500,1.00736600,1.00740500,1.00737500,1.00737300,1.00733800,1.00738000
9.717999,1.00742200,1.00733600,1.00736600,1.00740500,1.00737500,1.00737400,1.00733800,1.00738000
9.719999,1.00742200,1.00733600,1.00736700,1.00740500,1.00737500,1.00737400,1.00733800,1.00738100
9.721999,1.00742200,1.00733600,1.00736700,1.00740500,1.00737600,1.00737400,1.00733900,1.00738100
9.723999,1.00742300,1.00733600,1.00736700,1.00740600,1.00737600,1.00737400,1.00733900,1.00738100
9.725999,1.00742300,1.00733700,1.00736700,1.00740600,1.00737600,1.00737500,1.00733900,1.00738100
9.728000,1.00742300,1.00733700,1.00736800,1.00740600,1.00737600,1.00737500,1.00733900,1.00738200
9.730000,1.00742300,1.00733700,1.00736800,1.00740600,1.00737700,1.00737500,1.00734000,1.00738200
9.731999,1.00742400,1.00733700,1.00736800,1.00740600,1.00737700,1.00737500,1.00734000,1.00738200
9.733999,1.00742400,1.00733800,1.00736800,1.00740700,1.00737700,1.00737600,1.00734000,1.00738200
9.736000,1.00742400,1.00733800,1.00736900,1.00740700,1.00737700,1.00737600,1.00734000,1.00738300
9.738000,1.00742400,1.00733800,1.00736900,1.00740700,1.00737800,1.00737600,1.00734100,1.00738300
9.740000,1.00742500,1.00733800,1.00736900,1.00740700,1.00737800,1.00737600,1.00734100,1.00738300
9.742000,1.00742500,1.00733900,1.00736900,1.00740800,1.00737800,1.00737700,1.00734100,1.00738300
9.743999,1.00742500,1.00733900,1.00737000,1.00740800,1.00737800,1.00737700,1.00734100,1.00738300
9.745999,1.00742500,1.00733900,1.00737000,1.00740800,1.00737800,1.00737700,1.00734200,1.00738400
9.747999,1.00742600,1.00733900,1.00737000,1.00740800,1.00737900,1.00737700,1.00734200,1.00738400
9.749999,1.00742600,1.00733900,1.00737000,1.00740900,1.00737900,1.00737800,1.00734200,1.00738400
9.751999,1.00742600,1.00734000,1.00737100,1.00740900,1.00737900,1.00737800,1.00734200,1.00738400
9.753999,1.00742600,1.00734000,1.00737100,1.00740900,1.00738000,1.00737800,1.00734200,1.00738500
9.756000,1.00742700,1.00734000,1.00737100,1.00740900,1.00738000,1.00737800,1.00734300,1.00738500
9.757999,1.00742700,1.00734000,1.00737100,1.00741000,1.00738000,1.00737800,1.00734300,1.00738500
9.759999,1.00742700,1.00734100,1.00737200,1.00741000,1.00738000,1.00737900,1.00734300,1.00738500
9.761999,1.00742700,1.00734100,1.00737200,1.00741000,1.00738000,1.00737900,1.00734300,1.00738600
9.763999,1.00742800,1.00734100,1.00737200,1.00741000,1.00738100,1.00737900,1.00734400,1.00738600
9.766000,1.00742800,1.00734100,1.00737200,1.00741100,1.00738100,1.00737900,1.00734400,1.00738600
9.768000,1.00742800,1.00734200,1.00737200,1.00741100,1.00738100,1.00738000,1.00734400,1.00738600
9.770000,1.00742800,1.00734200,1.00737300,1.00741100,1.00738100,1.00738000,1.00734400,1.00738700
9.771999,1.00742900,1.00734200,1.00737300,1.00741100,1.00738200,1.00738000,1.00734500,1.00738700
9.773999,1.00742900,1.00734200,1.00737300,1.00741200,1.00738200,1.00738000,1.00734500,1.00738700
9.776000,1.00742900,1.00734300,1.00737300,1.00741200,1.00738200,1.00738100,1.00734500,1.00738700
9.778000,1.00742900,1.00734300,1.00737400,1.00741200,1.00738200,1.00738100,1.00734500,1.00738800
9.780000,1.00743000,1.00734300,1.00737400,1.00741200,1.00738300,1.00738100,1.00734600,1.00738800
9.781999,1.00743000,1.00734300,1.00737400,1.00741300,1.00738300,1.00738100,1.00734600,1.00738800
9.783998,1.00743000,1.00734300,1.00737400,1.00741300,1.00738300,1.00738200,1.00734600,1.00738800
9.785999,1.00743000,1.00734400,1.00737500,1.00741300,1.00738300,1.00738200,1.00734600,1.00738900
9.787999,1.00743100,1.00734400,1.00737500,1.00741300,1.00738400,1.00738200,1.00734700,1.00738900
9.789999,1.00743100,1.00734400,1.00737500,1.00741400,1.00738400,1.00738200,1.00734700,1.00738900
9.791999,1.00743100,1.00734400,1.00737500,1.00741400,1.00738400,1.00738300,1.00734700,1.00738900
9.793999,1.00743100,1.00734500,1.00737600,1.00741400,1.00738400,1.00738300,1.00734700,1.00739000
9.796000,1.00743200,1.00734500,1.00737600,1.00741400,1.00738500,1.00738300,1.00734700,1.00739000
9.797999,1.00743200,1.00734500,1.00737600,1.00741500,1.00738500,1.00738300,1.00734800,1.00739000
9.799999,1.00743200,1.00734500,1.00737600,1.00741500,1.00738500,1.00738300,1.00734800,1.00739000
9.801999,1.00743200,1.00734600,1.00737700,1.00741500,1.00738500,1.00738400,1.00734800,1.00739000
9.803999,1.00743200,1.00734600,1.00737700,1.00741500,1.00738500,1.00738400,1.00734900,1.00739100
9.806000,1.00743300,1.00734600,1.00737700,1.00741600,1.00738600,1.00738400,1.00734900,1.00739100
9.808000,1.00743300,1.00734600,1.00737700,1.00741600,1.00738600,1.00738400,1.00734900,1.00739100
9.809999,1.00743300,1.00734700,1.00737800,1.00741600,1.00738600,1.00738500,1.00734900,1.00739100
9.811999,1.00743400,1.00734700,1.00737800,1.00741600,1.00738600,1.00738500,1.00734900,1.00739200
9.814000,1.00743400,1.00734700,1.00737800,1.00741600,1.00738700,1.00738500,1.00735000,1.00739200
9.816000,1.00743400,1.00734700,1.00737800,1.00741700,1.00738700,1.00738500,1.00735000,1.00739200
9.817999,1.00743400,1.00734700,1.00737900,1.00741700,1.00738700,1.00738600,1.00735000,1.00739200
9.819999,1.00743400,1.00734800,1.00737900,1.00741700,1.00738700,1.00738600,1.00735000,1.00739300
9.821999,1.00743500,1.00734800,1.00737900,1.00741700,1.00738800,1.00738600,1.00735100,1.00739300
9.823999,1.00743500,1.00734800,1.00737900,1.00741800,1.00738800,1.00738600,1.00735100,1.00739300
9.825999,1.00743500,1.00734800,1.00738000,1.00741800,1.00738800,1.00738700,1.00735100,1.00739300
9.827999,1.00743500,1.00734900,1.00738000,1.00741800,1.00738800,1.00738700,1.00735100,1.00739400
9.829999,1.00743600,1.00734900,1.00738000,1.00741800,1.00738900,1.00738700,1.00735200,1.00739400
9.831999,1.00743600,1.00734900,1.00738000,1.00741900,1.00738900,1.00738700,1.00735200,1.00739400
9.834000,1.00743600,1.00734900,1.00738000,1.00741900,1.00738900,1.00738800,1.00735200,1.00739400
9.835999,1.00743600,1.00735000,1.00738100,1.00741900,1.00738900,1.00738800,1.00735200,1.00739500
9.837999,1.00743700,1.00735000,1.00738100,1.00741900,1.00739000,1.00738800,1.00735300,1.00739500
9.839999,1.00743700,1.00735000,1.00738100,1.00742000,1.00739000,1.00738800,1.00735300,1.00739500
9.841999,1.00743700,1.00735000,1.00738100,1.00742000,1.00739000,1.00738900,1.00735300,1.00739500
9.844000,1.00743700,1.00735100,1.00738200,1.00742000,1.00739000,1.00738900,1.00735300,1.00739600
9.846000,1.00743800,1.00735100,1.00738200,1.00742000,1.00739100,1.00738900,1.00735400,1.00739600
9.848000,1.00743800,1.00735100,1.00738200,1.00742100,1.00739100,1.00738900,1.00735400,1.00739600
9.849999,1.00743800,1.00735100,1.00738200,1.00742100,1.00739100,1.00739000,1.00735400,1.00739600
9.851999,1.00743800,1.00735200,1.00738300,1.00742100,1.00739100,1.00739000,1.00735400,1.00739700
9.853999,1.00743900,1.00735200,1.00738300,1.00742100,1.00739200,1.00739000,1.00735400,1.00739700
9.855999,1.00743900,1.00735200,1.00738300,1.00742200,1.00739200,1.00739000,1.00735500,1.00739700
9.857999,1.00743900,1.00735200,1.00738300,1.00742200,1.00739200,1.00739000,1.00735500,1.00739700
9.859999,1.00743900,1.00735200,1.00738400,1.00742200,1.00739200,1.00739100,1.00735500,1.00739800
9.861999,1.00744000,1.00735300,1.00738400,1.00742200,1.00739300,1.00739100,1.00735500,1.00739800
9.863999,1.00744000,1.00735300,1.00738400,1.00742300,1.00739300,1.00739100,1.00735600,1.00739800
9.865999,1.00744000,1.00735300,1.00738400,1.00742300,1.00739300,1.00739100,1.00735600,1.00739800
9.867999,1.00744000,1.00735300,1.00738500,1.00742300,1.00739300,1.00739200,1.00735600,1.00739800
9.869999,1.00744100,1.00735400,1.00738500,1.00742300,1.00739300,1.00739200,1.00735600,1.00739900
9.871999,1.00744100,1.00735400,1.00738500,1.00742400,1.00739400,1.00739200,1.00735700,1.00739900
9.874000,1.00744100,1.00735400,1.00738500,1.00742400,1.00739400,1.00739200,1.00735700,1.00739900
9.875999,1.00744100,1.00735400,1.00738600,1.00742400,1.00739400,1.00739300,1.00735700,1.00739900
9.877999,1.00744200,1.00735500,1.00738600,1.00742400,1.00739400,1.00739300,1.00735700,1.00740000
9.879999,1.00744200,1.00735500,1.00738600,1.00742400,1.00739500,1.00739300,1.00735800,1.00740000
9.881999,1.00744200,1.00735500,1.00738600,1.00742500,1.00739500,1.00739300,1.00735800,1.00740000
9.884000,1.00744200,1.00735500,1.00738700,1.00742500,1.00739500,1.00739400,1.00735800,1.00740000
9.886000,1.00744300,1.00735600,1.00738700,1.00742500,1.00739500,1.00739400,1.00735800,1.00740100
9.888000,1.00744300,1.00735600,1.00738700,1.00742600,1.00739600,1.00739400,1.00735900,1.00740100
9.889999,1.00744300,1.00735600,1.00738700,1.00742600,1.00739600,1.00739400,1.00735900,1.00740100
9.891999,1.00744300,1.00735600,1.00738800,1.00742600,1.00739600,1.00739500,1.00735900,1.00740100
9.893999,1.00744400,1.00735700,1.00738800,1.00742600,1.00739600,1.00739500,1.00735900,1.00740200
9.895999,1.00744400,1.00735700,1.00738800,1.00742700,1.00739700,1.00739500,1.00736000,1.00740200
9.897999,1.00744400,1.00735700,1.00738800,1.00742700,1.00739700,1.00739500,1.00736000,1.00740200
9.899999,1.00744400,1.00735700,1.00738800,1.00742700,1.00739700,1.00739600,1.00736000,1.00740200
9.901999,1.00744500,1.00735700,1.00738900,1.00742700,1.00739700,1.00739600,1.00736000,1.00740300
9.903999,1.00744500,1.00735800,1.00738900,1.00742700,1.00739800,1.00739600,1.00736000,1.00740300
9.905999,1.00744500,1.00735800,1.00738900,1.00742800,1.00739800,1.00739600,1.00736100,1.00740300
9.907999,1.00744500,1.00735800,1.00738900,1.00742800,1.00739800,1.00739700,1.00736100,1.00740300
9.909999,1.00744600,1.00735800,1.00739000,1.00742800,1.00739800,1.00739700,1.00736100,1.00740400
9.912000,1.00744600,1.00735900,1.00739000,1.00742800,1.00739900,1.00739700,1.00736100,1.00740400
9.914000,1.00744600,1.00735900,1.00739000,1.00742900,1.00739900,1.00739700,1.00736200,1.00740400
9.915999,1.00744600,1.00735900,1.00739000,1.00742900,1.00739900,1.00739800,1.00736200,1.00740400
9.917999,1.00744700,1.00735900,1.00739100,1.00742900,1.00739900,1.00739800,1.00736200,1.00740500
9.919999,1.00744700,1.00736000,1.00739100,1.00742900,1.00740000,1.00739800,1.00736200,1.00740500
9.922000,1.00744700,1.00736000,1.00739100,1.00743000,1.00740000,1.00739800,1.00736300,1.00740500
9.924000,1.00744700,1.00736000,1.00739100,1.00743000,1.00740000,1.00739800,1.00736300,1.00740500
9.926000,1.00744700,1.00736000,1.00739200,1.00743000,1.00740000,1.00739900,1.00736300,1.00740600
9.927999,1.00744800,1.00736100,1.00739200,1.00743000,1.00740100,1.00739900,1.00736300,1.00740600
9.929999,1.00744800,1.00736100,1.00739200,1.00743100,1.00740100,1.00739900,1.00736400,1.00740600
9.931999,1.00744800,1.00736100,1.00739200,1.00743100,1.00740100,1.00739900,1.00736400,1.00740600
9.933999,1.00744900,1.00736100,1.00739300,1.00743100,1.00740100,1.00740000,1.00736400,1.00740600
9.935999,1.00744900,1.00736200,1.00739300,1.00743100,1.00740100,1.00740000,1.00736400,1.00740700
9.937999,1.00744900,1.00736200,1.00739300,1.00743200,1.00740200,1.00740000,1.00736500,1.00740700
9.939999,1.00744900,1.00736200,1.00739300,1.00743200,1.00740200,1.00740000,1.00736500,1.00740700
9.941999,1.00745000,1.00736200,1.00739400,1.00743200,1.00740200,1.00740100,1.00736500,1.00740700
9.943999,1.00745000,1.00736200,1.00739400,1.00743200,1.00740300,1.00740100,1.00736500,1.00740800
9.945999,1.00745000,1.00736300,1.00739400,1.00743300,1.00740300,1.00740100,1.00736500,1.00740800
9.947999,1.00745000,1.00736300,1.00739400,1.00743300,1.00740300,1.00740100,1.00736600,1.00740800
9.949999,1.00745000,1.00736300,1.00739500,1.00743300,1.00740300,1.00740200,1.00736600,1.00740800
9.952000,1.00745100,1.00736300,1.00739500,1.00743300,1.00740300,1.00740200,1.00736600,1.00740900
9.954000,1.00745100,1.00736400,1.00739500,1.00743400,1.00740400,1.00740200,1.00736600,1.00740900
9.955999,1.00745100,1.00736400,1.00739500,1.00743400,1.00740400,1.00740200,1.00736700,1.00740900
9.957999,1.00745100,1.00736400,1.00739600,1.00743400,1.00740400,1.00740300,1.00736700,1.00740900
9.960000,1.00745200,1.00736400,1.00739600,1.00743400,1.00740400,1.00740300,1.00736700,1.00741000
9.962000,1.00745200,1.00736500,1.00739600,1.00743400,1.00740500,1.00740300,1.00736700,1.00741000
9.964000,1.00745200,1.00736500,1.00739600,1.00743500,1.00740500,1.00740300,1.00736800,1.00741000
9.966000,1.00745200,1.00736500,1.00739700,1.00743500,1.00740500,1.00740400,1.00736800,1.00741000
9.967999,1.00745300,1.00736500,1.00739700,1.00743500,1.00740500,1.00740400,1.00736800,1.00741100
9.969999,1.00745300,1.00736600,1.00739700,1.00743600,1.00740600,1.00740400,1.00736800,1.00741100
9.971999,1.00745300,1.00736600,1.00739700,1.00743600,1.00740600,1.00740400,1.00736900,1.00741100
9.973999,1.00745300,1.00736600,1.00739800,1.00743600,1.00740600,1.00740500,1.00736900,1.00741100
9.975999,1.00745400,1.00736600,1.00739800,1.00743600,1.00740600,1.00740500,1.00736900,1.00741200
9.977999,1.00745400,1.00736700,1.00739800,1.00743700,1.00740700,1.00740500,1.00736900,1.00741200
9.980000,1.00745400,1.00736700,1.00739800,1.00743700,1.00740700,1.00740500,1.00737000,1.00741200
9.981999,1.00745400,1.00736700,1.00739800,1.00743700,1.00740700,1.00740600,1.00737000,1.00741200
9.983999,1.00745500,1.00736700,1.00739900,1.00743700,1.00740700,1.00740600,1.00737000,1.00741300
9.985999,1.00745500,1.00736700,1.00739900,1.00743700,1.00740800,1.00740600,1.00737000,1.00741300
9.987999,1.00745500,1.00736800,1.00739900,1.00743800,1.00740800,1.00740600,1.00737100,1.00741300
9.990000,1.00745500,1.00736800,1.00739900,1.00743800,1.00740800,1.00740600,1.00737100,1.00741300
9.992000,1.00745600,1.00736800,1.00740000,1.00743800,1.00740800,1.00740700,1.00737100,1.00741400
9.993999,1.00745600,1.00736900,1.00740000,1.00743800,1.00740900,1.00740700,1.00737100,1.00741400
9.995999,1.00745600,1.00736900,1.00740000,1.00743900,1.00740900,1.00740700,1.00737200,1.00741400
9.997999,1.00745600,1.00736900,1.00740000,1.00743900,1.00740900,1.00740700,1.00737200,1.00741400
10.000000,1.00745700,1.00736900,1.00740100,1.00743900,1.00740900,1.00740800,1.00737200,1.00741500
