E[1] [eV],Im(eps)_nk_4,Im(eps)_nk_6,Im(eps)_nk_8,Im(eps)_nk_10,Im(eps)_nk_12,Im(eps)_nk_14,Im(eps)_nk_16,Im(eps)_nk_18
0.000000,0.00000909,0.00000885,0.00000898,0.00000902,0.00000897,0.00000896,0.00000889,0.00000897
0.002000,0.00000909,0.00000885,0.00000898,0.00000902,0.00000897,0.00000896,0.00000889,0.00000897
0.004000,0.00000909,0.00000885,0.00000898,0.00000902,0.00000897,0.00000896,0.00000889,0.00000897
0.006000,0.00000909,0.00000885,0.00000898,0.00000903,0.00000897,0.00000896,0.00000889,0.00000897
0.008000,0.00000909,0.00000885,0.00000898,0.00000903,0.00000897,0.00000896,0.00000889,0.00000897
0.010000,0.00000909,0.00000885,0.00000898,0.00000903,0.00000897,0.00000896,0.00000889,0.00000898
0.012000,0.00000909,0.00000885,0.00000898,0.00000903,0.00000897,0.00000896,0.00000889,0.00000898
0.014000,0.00000909,0.00000885,0.00000898,0.00000903,0.00000897,0.00000896,0.00000889,0.00000898
0.016000,0.00000909,0.00000885,0.00000898,0.00000903,0.00000897,0.00000896,0.00000889,0.00000898
0.018000,0.00000909,0.00000885,0.00000898,0.00000903,0.00000897,0.00000896,0.00000889,0.00000898
0.020000,0.00000909,0.00000885,0.00000898,0.00000903,0.00000897,0.00000896,0.00000889,0.00000898
0.022000,0.00000909,0.00000885,0.00000898,0.00000903,0.00000897,0.00000896,0.00000890,0.00000898
0.024000,0.00000909,0.00000885,0.00000898,0.00000903,0.00000898,0.00000896,0.00000890,0.00000898
0.026000,0.00000909,0.00000885,0.00000898,0.00000903,0.00000898,0.00000896,0.00000890,0.00000898
0.028000,0.00000909,0.00000885,0.00000898,0.00000903,0.00000898,0.00000896,0.00000890,0.00000898
0.030000,0.00000909,0.00000885,0.00000899,0.00000903,0.00000898,0.00000896,0.00000890,0.00000898
0.032000,0.00000910,0.00000886,0.00000899,0.00000903,0.00000898,0.00000896,0.00000890,0.00000898
0.034000,0.00000910,0.00000886,0.00000899,0.00000903,0.00000898,0.00000897,0.00000890,0.00000898
0.036000,0.00000910,0.00000886,0.00000899,0.00000903,0.00000898,0.00000897,0.00000890,0.00000898
0.038000,0.00000910,0.00000886,0.00000899,0.00000903,0.00000898,0.00000897,0.00000890,0.00000898
0.040000,0.00000910,0.00000886,0.00000899,0.00000903,0.00000898,0.00000897,0.00000890,0.00000898
0.042000,0.00000910,0.00000886,0.00000899,0.00000903,0.00000898,0.00000897,0.00000890,0.00000898
0.044000,0.00000910,0.00000886,0.00000899,0.00000904,0.00000898,0.00000897,0.00000890,0.00000898
0.046000,0.00000910,0.00000886,0.00000899,0.00000904,0.00000898,0.00000897,0.00000890,0.00000898
0.048000,0.00000910,0.00000886,0.00000899,0.00000904,0.00000898,0.00000897,0.00000890,0.00000898
0.050000,0.00000910,0.00000886,0.00000899,0.00000904,0.00000898,0.00000897,0.00000890,0.00000899
0.052000,0.00000910,0.00000886,0.00000899,0.00000904,0.00000898,0.00000897,0.00000890,0.00000899
0.054000,0.00000910,0.00000886,0.00000899,0.00000904,0.00000898,0.00000897,0.00000890,0.00000899
0.056000,0.00000910,0.00000886,0.00000899,0.00000904,0.00000898,0.00000897,0.00000890,0.00000899
0.058000,0.00000910,0.00000886,0.00000899,0.00000904,0.00000898,0.00000897,0.00000890,0.00000899
0.060000,0.00000910,0.00000886,0.00000899,0.00000904,0.00000898,0.00000897,0.00000890,0.00000899
0.062000,0.00000910,0.00000886,0.00000899,0.00000904,0.00000898,0.00000897,0.00000891,0.00000899
0.064000,0.00000910,0.00000886,0.00000899,0.00000904,0.00000899,0.00000897,0.00000891,0.00000899
0.066000,0.00000910,0.00000886,0.00000899,0.00000904,0.00000899,0.00000897,0.00000891,0.00000899
0.068000,0.00000910,0.00000886,0.00000900,0.00000904,0.00000899,0.00000897,0.00000891,0.00000899
0.070000,0.00000911,0.00000886,0.00000900,0.00000904,0.00000899,0.00000897,0.00000891,0.00000899
0.072000,0.00000911,0.00000887,0.00000900,0.00000904,0.00000899,0.00000897,0.00000891,0.00000899
0.074000,0.00000911,0.00000887,0.00000900,0.00000904,0.00000899,0.00000898,0.00000891,0.00000899
0.076000,0.00000911,0.00000887,0.00000900,0.00000904,0.00000899,0.00000898,0.00000891,0.00000899
0.078000,0.00000911,0.00000887,0.00000900,0.00000904,0.00000899,0.00000898,0.00000891,0.00000899
0.080000,0.00000911,0.00000887,0.00000900,0.00000904,0.00000899,0.00000898,0.00000891,0.00000899
0.082000,0.00000911,0.00000887,0.00000900,0.00000904,0.00000899,0.00000898,0.00000891,0.00000899
0.084000,0.00000911,0.00000887,0.00000900,0.00000905,0.00000899,0.00000898,0.00000891,0.00000899
0.086000,0.00000911,0.00000887,0.00000900,0.00000905,0.00000899,0.00000898,0.00000891,0.00000899
0.088000,0.00000911,0.00000887,0.00000900,0.00000905,0.00000899,0.00000898,0.00000891,0.00000900
0.090000,0.00000911,0.00000887,0.00000900,0.00000905,0.00000899,0.00000898,0.00000891,0.00000900
0.092000,0.00000911,0.00000887,0.00000900,0.00000905,0.00000899,0.00000898,0.00000891,0.00000900
0.094000,0.00000911,0.00000887,0.00000900,0.00000905,0.00000899,0.00000898,0.00000891,0.00000900
0.096000,0.00000911,0.00000887,0.00000900,0.00000905,0.00000899,0.00000898,0.00000891,0.00000900
0.098000,0.00000911,0.00000887,0.00000900,0.00000905,0.00000899,0.00000898,0.00000891,0.00000900
0.100000,0.00000911,0.00000887,0.00000900,0.00000905,0.00000899,0.00000898,0.00000891,0.00000900
0.102000,0.00000911,0.00000887,0.00000900,0.00000905,0.00000900,0.00000898,0.00000892,0.00000900
0.104000,0.00000911,0.00000887,0.00000900,0.00000905,0.00000900,0.00000898,0.00000892,0.00000900
0.106000,0.00000911,0.00000887,0.00000900,0.00000905,0.00000900,0.00000898,0.00000892,0.00000900
0.108000,0.00000912,0.00000887,0.00000901,0.00000905,0.00000900,0.00000898,0.00000892,0.00000900
0.110000,0.00000912,0.00000887,0.00000901,0.00000905,0.00000900,0.00000898,0.00000892,0.00000900
0.112000,0.00000912,0.00000888,0.00000901,0.00000905,0.00000900,0.00000899,0.00000892,0.00000900
0.114000,0.00000912,0.00000888,0.00000901,0.00000905,0.00000900,0.00000899,0.00000892,0.00000900
0.116000,0.00000912,0.00000888,0.00000901,0.00000905,0.00000900,0.00000899,0.00000892,0.00000900
0.118000,0.00000912,0.00000888,0.00000901,0.00000905,0.00000900,0.00000899,0.00000892,0.00000900
0.120000,0.00000912,0.00000888,0.00000901,0.00000905,0.00000900,0.00000899,0.00000892,0.00000900
0.122000,0.00000912,0.00000888,0.00000901,0.00000906,0.00000900,0.00000899,0.00000892,0.00000900
0.124000,0.00000912,0.00000888,0.00000901,0.00000906,0.00000900,0.00000899,0.00000892,0.00000900
0.126000,0.00000912,0.00000888,0.00000901,0.00000906,0.00000900,0.00000899,0.00000892,0.00000900
0.128000,0.00000912,0.00000888,0.00000901,0.00000906,0.00000900,0.00000899,0.00000892,0.00000901
0.130000,0.00000912,0.00000888,0.00000901,0.00000906,0.00000900,0.00000899,0.00000892,0.00000901
0.132000,0.00000912,0.00000888,0.00000901,0.00000906,0.00000900,0.00000899,0.00000892,0.00000901
0.134000,0.00000912,0.00000888,0.00000901,0.00000906,0.00000900,0.00000899,0.00000892,0.00000901
0.136000,0.00000912,0.00000888,0.00000901,0.00000906,0.00000900,0.00000899,0.00000892,0.00000901
0.138000,0.00000912,0.00000888,0.00000901,0.00000906,0.00000900,0.00000899,0.00000892,0.00000901
0.140000,0.00000912,0.00000888,0.00000901,0.00000906,0.00000900,0.00000899,0.00000892,0.00000901
0.142000,0.00000912,0.00000888,0.00000901,0.00000906,0.00000901,0.00000899,0.00000893,0.00000901
0.144000,0.00000912,0.00000888,0.00000901,0.00000906,0.00000901,0.00000899,0.00000893,0.00000901
0.146000,0.00000912,0.00000888,0.00000902,0.00000906,0.00000901,0.00000899,0.00000893,0.00000901
0.148000,0.00000913,0.00000888,0.00000902,0.00000906,0.00000901,0.00000899,0.00000893,0.00000901
0.150000,0.00000913,0.00000888,0.00000902,0.00000906,0.00000901,0.00000899,0.00000893,0.00000901
0.152000,0.00000913,0.00000889,0.00000902,0.00000906,0.00000901,0.00000900,0.00000893,0.00000901
0.154000,0.00000913,0.00000889,0.00000902,0.00000906,0.00000901,0.00000900,0.00000893,0.00000901
0.156000,0.00000913,0.00000889,0.00000902,0.00000906,0.00000901,0.00000900,0.00000893,0.00000901
0.158000,0.00000913,0.00000889,0.00000902,0.00000906,0.00000901,0.00000900,0.00000893,0.00000901
0.160000,0.00000913,0.00000889,0.00000902,0.00000906,0.00000901,0.00000900,0.00000893,0.00000901
0.162000,0.00000913,0.00000889,0.00000902,0.00000907,0.00000901,0.00000900,0.00000893,0.00000901
0.164000,0.00000913,0.00000889,0.00000902,0.00000907,0.00000901,0.00000900,0.00000893,0.00000901
0.166000,0.00000913,0.00000889,0.00000902,0.00000907,0.00000901,0.00000900,0.00000893,0.00000901
0.168000,0.00000913,0.00000889,0.00000902,0.00000907,0.00000901,0.00000900,0.00000893,0.00000902
0.170000,0.00000913,0.00000889,0.00000902,0.00000907,0.00000901,0.00000900,0.00000893,0.00000902
0.172000,0.00000913,0.00000889,0.00000902,0.00000907,0.00000901,0.00000900,0.00000893,0.00000902
0.174000,0.00000913,0.00000889,0.00000902,0.00000907,0.00000901,0.00000900,0.00000893,0.00000902
0.176000,0.00000913,0.00000889,0.00000902,0.00000907,0.00000901,0.00000900,0.00000893,0.00000902
0.178000,0.00000913,0.00000889,0.00000902,0.00000907,0.00000901,0.00000900,0.00000893,0.00000902
0.180000,0.00000913,0.00000889,0.00000902,0.00000907,0.00000901,0.00000900,0.00000893,0.00000902
0.182000,0.00000913,0.00000889,0.00000902,0.00000907,0.00000902,0.00000900,0.00000894,0.00000902
0.184000,0.00000913,0.00000889,0.00000902,0.00000907,0.00000902,0.00000900,0.00000894,0.00000902
0.186000,0.00000914,0.00000889,0.00000903,0.00000907,0.00000902,0.00000900,0.00000894,0.00000902
0.188000,0.00000914,0.00000889,0.00000903,0.00000907,0.00000902,0.00000900,0.00000894,0.00000902
0.190000,0.00000914,0.00000889,0.00000903,0.00000907,0.00000902,0.00000900,0.00000894,0.00000902
0.192000,0.00000914,0.00000890,0.00000903,0.00000907,0.00000902,0.00000901,0.00000894,0.00000902
0.194000,0.00000914,0.00000890,0.00000903,0.00000907,0.00000902,0.00000901,0.00000894,0.00000902
0.196000,0.00000914,0.00000890,0.00000903,0.00000907,0.00000902,0.00000901,0.00000894,0.00000902
0.198000,0.00000914,0.00000890,0.00000903,0.00000907,0.00000902,0.00000901,0.00000894,0.00000902
0.200000,0.00000914,0.00000890,0.00000903,0.00000908,0.00000902,0.00000901,0.00000894,0.00000902
0.202000,0.00000914,0.00000890,0.00000903,0.00000908,0.00000902,0.00000901,0.00000894,0.00000902
0.204000,0.00000914,0.00000890,0.00000903,0.00000908,0.00000902,0.00000901,0.00000894,0.00000902
0.206000,0.00000914,0.00000890,0.00000903,0.00000908,0.00000902,0.00000901,0.00000894,0.00000903
0.208000,0.00000914,0.00000890,0.00000903,0.00000908,0.00000902,0.00000901,0.00000894,0.00000903
0.210000,0.00000914,0.00000890,0.00000903,0.00000908,0.00000902,0.00000901,0.00000894,0.00000903
0.212000,0.00000914,0.00000890,0.00000903,0.00000908,0.00000902,0.00000901,0.00000894,0.00000903
0.214000,0.00000914,0.00000890,0.00000903,0.00000908,0.00000902,0.00000901,0.00000894,0.00000903
0.216000,0.00000914,0.00000890,0.00000903,0.00000908,0.00000902,0.00000901,0.00000894,0.00000903
0.218000,0.00000914,0.00000890,0.00000903,0.00000908,0.00000902,0.00000901,0.00000894,0.00000903
0.220000,0.00000914,0.00000890,0.00000903,0.00000908,0.00000903,0.00000901,0.00000894,0.00000903
0.222000,0.00000914,0.00000890,0.00000903,0.00000908,0.00000903,0.00000901,0.00000895,0.00000903
0.224000,0.00000915,0.00000890,0.00000904,0.00000908,0.00000903,0.00000901,0.00000895,0.00000903
0.226000,0.00000915,0.00000890,0.00000904,0.00000908,0.00000903,0.00000901,0.00000895,0.00000903
0.228000,0.00000915,0.00000890,0.00000904,0.00000908,0.00000903,0.00000901,0.00000895,0.00000903
0.230000,0.00000915,0.00000890,0.00000904,0.00000908,0.00000903,0.00000902,0.00000895,0.00000903
0.232000,0.00000915,0.00000891,0.00000904,0.00000908,0.00000903,0.00000902,0.00000895,0.00000903
0.234000,0.00000915,0.00000891,0.00000904,0.00000908,0.00000903,0.00000902,0.00000895,0.00000903
0.236000,0.00000915,0.00000891,0.00000904,0.00000908,0.00000903,0.00000902,0.00000895,0.00000903
0.238000,0.00000915,0.00000891,0.00000904,0.00000908,0.00000903,0.00000902,0.00000895,0.00000903
0.240000,0.00000915,0.00000891,0.00000904,0.00000909,0.00000903,0.00000902,0.00000895,0.00000903
0.242000,0.00000915,0.00000891,0.00000904,0.00000909,0.00000903,0.00000902,0.00000895,0.00000903
0.244000,0.00000915,0.00000891,0.00000904,0.00000909,0.00000903,0.00000902,0.00000895,0.00000903
0.246000,0.00000915,0.00000891,0.00000904,0.00000909,0.00000903,0.00000902,0.00000895,0.00000904
0.248000,0.00000915,0.00000891,0.00000904,0.00000909,0.00000903,0.00000902,0.00000895,0.00000904
0.250000,0.00000915,0.00000891,0.00000904,0.00000909,0.00000903,0.00000902,0.00000895,0.00000904
0.252000,0.00000915,0.00000891,0.00000904,0.00000909,0.00000903,0.00000902,0.00000895,0.00000904
0.254000,0.00000915,0.00000891,0.00000904,0.00000909,0.00000903,0.00000902,0.00000895,0.00000904
0.256000,0.00000915,0.00000891,0.00000904,0.00000909,0.00000903,0.00000902,0.00000895,0.00000904
0.258000,0.00000915,0.00000891,0.00000904,0.00000909,0.00000903,0.00000902,0.00000895,0.00000904
0.260000,0.00000915,0.00000891,0.00000904,0.00000909,0.00000904,0.00000902,0.00000895,0.00000904
0.262000,0.00000916,0.00000891,0.00000904,0.00000909,0.00000904,0.00000902,0.00000896,0.00000904
0.264000,0.00000916,0.00000891,0.00000905,0.00000909,0.00000904,0.00000902,0.00000896,0.00000904
0.266000,0.00000916,0.00000891,0.00000905,0.00000909,0.00000904,0.00000902,0.00000896,0.00000904
0.268000,0.00000916,0.00000891,0.00000905,0.00000909,0.00000904,0.00000902,0.00000896,0.00000904
0.270000,0.00000916,0.00000891,0.00000905,0.00000909,0.00000904,0.00000903,0.00000896,0.00000904
0.272000,0.00000916,0.00000892,0.00000905,0.00000909,0.00000904,0.00000903,0.00000896,0.00000904
0.274000,0.00000916,0.00000892,0.00000905,0.00000909,0.00000904,0.00000903,0.00000896,0.00000904
0.276000,0.00000916,0.00000892,0.00000905,0.00000909,0.00000904,0.00000903,0.00000896,0.00000904
0.278000,0.00000916,0.00000892,0.00000905,0.00000910,0.00000904,0.00000903,0.00000896,0.00000904
0.280000,0.00000916,0.00000892,0.00000905,0.00000910,0.00000904,0.00000903,0.00000896,0.00000904
0.282000,0.00000916,0.00000892,0.00000905,0.00000910,0.00000904,0.00000903,0.00000896,0.00000904
0.284000,0.00000916,0.00000892,0.00000905,0.00000910,0.00000904,0.00000903,0.00000896,0.00000905
0.286000,0.00000916,0.00000892,0.00000905,0.00000910,0.00000904,0.00000903,0.00000896,0.00000905
0.288000,0.00000916,0.00000892,0.00000905,0.00000910,0.00000904,0.00000903,0.00000896,0.00000905
0.290000,0.00000916,0.00000892,0.00000905,0.00000910,0.00000904,0.00000903,0.00000896,0.00000905
0.292000,0.00000916,0.00000892,0.00000905,0.00000910,0.00000904,0.00000903,0.00000896,0.00000905
0.294000,0.00000916,0.00000892,0.00000905,0.00000910,0.00000904,0.00000903,0.00000896,0.00000905
0.296000,0.00000916,0.00000892,0.00000905,0.00000910,0.00000904,0.00000903,0.00000896,0.00000905
0.298000,0.00000916,0.00000892,0.00000905,0.00000910,0.00000905,0.00000903,0.00000896,0.00000905
0.300000,0.00000917,0.00000892,0.00000905,0.00000910,0.00000905,0.00000903,0.00000897,0.00000905
0.302000,0.00000917,0.00000892,0.00000906,0.00000910,0.00000905,0.00000903,0.00000897,0.00000905
0.304000,0.00000917,0.00000892,0.00000906,0.00000910,0.00000905,0.00000903,0.00000897,0.00000905
0.306000,0.00000917,0.00000892,0.00000906,0.00000910,0.00000905,0.00000903,0.00000897,0.00000905
0.308000,0.00000917,0.00000892,0.00000906,0.00000910,0.00000905,0.00000904,0.00000897,0.00000905
0.310000,0.00000917,0.00000892,0.00000906,0.00000910,0.00000905,0.00000904,0.00000897,0.00000905
0.312000,0.00000917,0.00000893,0.00000906,0.00000910,0.00000905,0.00000904,0.00000897,0.00000905
0.314000,0.00000917,0.00000893,0.00000906,0.00000910,0.00000905,0.00000904,0.00000897,0.00000905
0.316000,0.00000917,0.00000893,0.00000906,0.00000911,0.00000905,0.00000904,0.00000897,0.00000905
0.318000,0.00000917,0.00000893,0.00000906,0.00000911,0.00000905,0.00000904,0.00000897,0.00000905
0.320000,0.00000917,0.00000893,0.00000906,0.00000911,0.00000905,0.00000904,0.00000897,0.00000905
0.322000,0.00000917,0.00000893,0.00000906,0.00000911,0.00000905,0.00000904,0.00000897,0.00000905
0.324000,0.00000917,0.00000893,0.00000906,0.00000911,0.00000905,0.00000904,0.00000897,0.00000906
0.326000,0.00000917,0.00000893,0.00000906,0.00000911,0.00000905,0.00000904,0.00000897,0.00000906
0.328000,0.00000917,0.00000893,0.00000906,0.00000911,0.00000905,0.00000904,0.00000897,0.00000906
0.330000,0.00000917,0.00000893,0.00000906,0.00000911,0.00000905,0.00000904,0.00000897,0.00000906
0.332000,0.00000917,0.00000893,0.00000906,0.00000911,0.00000905,0.00000904,0.00000897,0.00000906
0.334000,0.00000917,0.00000893,0.00000906,0.00000911,0.00000905,0.00000904,0.00000897,0.00000906
0.336000,0.00000917,0.00000893,0.00000906,0.00000911,0.00000905,0.00000904,0.00000897,0.00000906
0.338000,0.00000918,0.00000893,0.00000906,0.00000911,0.00000906,0.00000904,0.00000897,0.00000906
0.340000,0.00000918,0.00000893,0.00000906,0.00000911,0.00000906,0.00000904,0.00000898,0.00000906
0.342000,0.00000918,0.00000893,0.00000907,0.00000911,0.00000906,0.00000904,0.00000898,0.00000906
0.344000,0.00000918,0.00000893,0.00000907,0.00000911,0.00000906,0.00000904,0.00000898,0.00000906
0.346000,0.00000918,0.00000893,0.00000907,0.00000911,0.00000906,0.00000904,0.00000898,0.00000906
0.348000,0.00000918,0.00000893,0.00000907,0.00000911,0.00000906,0.00000905,0.00000898,0.00000906
0.350000,0.00000918,0.00000893,0.00000907,0.00000911,0.00000906,0.00000905,0.00000898,0.00000906
0.352000,0.00000918,0.00000894,0.00000907,0.00000911,0.00000906,0.00000905,0.00000898,0.00000906
0.354000,0.00000918,0.00000894,0.00000907,0.00000912,0.00000906,0.00000905,0.00000898,0.00000906
0.356000,0.00000918,0.00000894,0.00000907,0.00000912,0.00000906,0.00000905,0.00000898,0.00000906
0.358000,0.00000918,0.00000894,0.00000907,0.00000912,0.00000906,0.00000905,0.00000898,0.00000906
0.360000,0.00000918,0.00000894,0.00000907,0.00000912,0.00000906,0.00000905,0.00000898,0.00000906
0.362000,0.00000918,0.00000894,0.00000907,0.00000912,0.00000906,0.00000905,0.00000898,0.00000907
0.364000,0.00000918,0.00000894,0.00000907,0.00000912,0.00000906,0.00000905,0.00000898,0.00000907
0.366000,0.00000918,0.00000894,0.00000907,0.00000912,0.00000906,0.00000905,0.00000898,0.00000907
0.368000,0.00000918,0.00000894,0.00000907,0.00000912,0.00000906,0.00000905,0.00000898,0.00000907
0.370000,0.00000918,0.00000894,0.00000907,0.00000912,0.00000906,0.00000905,0.00000898,0.00000907
0.372000,0.00000918,0.00000894,0.00000907,0.00000912,0.00000906,0.00000905,0.00000898,0.00000907
0.374000,0.00000918,0.00000894,0.00000907,0.00000912,0.00000906,0.00000905,0.00000898,0.00000907
0.376000,0.00000919,0.00000894,0.00000907,0.00000912,0.00000907,0.00000905,0.00000898,0.00000907
0.378000,0.00000919,0.00000894,0.00000907,0.00000912,0.00000907,0.00000905,0.00000898,0.00000907
0.380000,0.00000919,0.00000894,0.00000908,0.00000912,0.00000907,0.00000905,0.00000899,0.00000907
0.382000,0.00000919,0.00000894,0.00000908,0.00000912,0.00000907,0.00000905,0.00000899,0.00000907
0.384000,0.00000919,0.00000894,0.00000908,0.00000912,0.00000907,0.00000905,0.00000899,0.00000907
0.386000,0.00000919,0.00000894,0.00000908,0.00000912,0.00000907,0.00000906,0.00000899,0.00000907
0.388000,0.00000919,0.00000894,0.00000908,0.00000912,0.00000907,0.00000906,0.00000899,0.00000907
0.390000,0.00000919,0.00000894,0.00000908,0.00000912,0.00000907,0.00000906,0.00000899,0.00000907
0.392000,0.00000919,0.00000895,0.00000908,0.00000912,0.00000907,0.00000906,0.00000899,0.00000907
0.394000,0.00000919,0.00000895,0.00000908,0.00000913,0.00000907,0.00000906,0.00000899,0.00000907
0.396000,0.00000919,0.00000895,0.00000908,0.00000913,0.00000907,0.00000906,0.00000899,0.00000907
0.398000,0.00000919,0.00000895,0.00000908,0.00000913,0.00000907,0.00000906,0.00000899,0.00000907
0.400000,0.00000919,0.00000895,0.00000908,0.00000913,0.00000907,0.00000906,0.00000899,0.00000908
0.402000,0.00000919,0.00000895,0.00000908,0.00000913,0.00000907,0.00000906,0.00000899,0.00000908
0.404000,0.00000919,0.00000895,0.00000908,0.00000913,0.00000907,0.00000906,0.00000899,0.00000908
0.406000,0.00000919,0.00000895,0.00000908,0.00000913,0.00000907,0.00000906,0.00000899,0.00000908
0.408000,0.00000919,0.00000895,0.00000908,0.00000913,0.00000907,0.00000906,0.00000899,0.00000908
0.410000,0.00000919,0.00000895,0.00000908,0.00000913,0.00000907,0.00000906,0.00000899,0.00000908
0.412000,0.00000919,0.00000895,0.00000908,0.00000913,0.00000907,0.00000906,0.00000899,0.00000908
0.414000,0.00000920,0.00000895,0.00000908,0.00000913,0.00000908,0.00000906,0.00000899,0.00000908
0.416000,0.00000920,0.00000895,0.00000908,0.00000913,0.00000908,0.00000906,0.00000899,0.00000908
0.418000,0.00000920,0.00000895,0.00000909,0.00000913,0.00000908,0.00000906,0.00000900,0.00000908
0.420000,0.00000920,0.00000895,0.00000909,0.00000913,0.00000908,0.00000906,0.00000900,0.00000908
0.422000,0.00000920,0.00000895,0.00000909,0.00000913,0.00000908,0.00000906,0.00000900,0.00000908
0.424000,0.00000920,0.00000895,0.00000909,0.00000913,0.00000908,0.00000906,0.00000900,0.00000908
0.426000,0.00000920,0.00000895,0.00000909,0.00000913,0.00000908,0.00000907,0.00000900,0.00000908
0.428000,0.00000920,0.00000895,0.00000909,0.00000913,0.00000908,0.00000907,0.00000900,0.00000908
0.430000,0.00000920,0.00000895,0.00000909,0.00000913,0.00000908,0.00000907,0.00000900,0.00000908
0.432000,0.00000920,0.00000896,0.00000909,0.00000914,0.00000908,0.00000907,0.00000900,0.00000908
0.434000,0.00000920,0.00000896,0.00000909,0.00000914,0.00000908,0.00000907,0.00000900,0.00000908
0.436000,0.00000920,0.00000896,0.00000909,0.00000914,0.00000908,0.00000907,0.00000900,0.00000908
0.438000,0.00000920,0.00000896,0.00000909,0.00000914,0.00000908,0.00000907,0.00000900,0.00000908
0.440000,0.00000920,0.00000896,0.00000909,0.00000914,0.00000908,0.00000907,0.00000900,0.00000909
0.442000,0.00000920,0.00000896,0.00000909,0.00000914,0.00000908,0.00000907,0.00000900,0.00000909
0.444000,0.00000920,0.00000896,0.00000909,0.00000914,0.00000908,0.00000907,0.00000900,0.00000909
0.446000,0.00000920,0.00000896,0.00000909,0.00000914,0.00000908,0.00000907,0.00000900,0.00000909
0.448000,0.00000920,0.00000896,0.00000909,0.00000914,0.00000908,0.00000907,0.00000900,0.00000909
0.450000,0.00000920,0.00000896,0.00000909,0.00000914,0.00000908,0.00000907,0.00000900,0.00000909
0.452000,0.00000921,0.00000896,0.00000909,0.00000914,0.00000908,0.00000907,0.00000900,0.00000909
0.454000,0.00000921,0.00000896,0.00000909,0.00000914,0.00000909,0.00000907,0.00000900,0.00000909
0.456000,0.00000921,0.00000896,0.00000909,0.00000914,0.00000909,0.00000907,0.00000900,0.00000909
0.458000,0.00000921,0.00000896,0.00000910,0.00000914,0.00000909,0.00000907,0.00000901,0.00000909
0.460000,0.00000921,0.00000896,0.00000910,0.00000914,0.00000909,0.00000907,0.00000901,0.00000909
0.462000,0.00000921,0.00000896,0.00000910,0.00000914,0.00000909,0.00000907,0.00000901,0.00000909
0.464000,0.00000921,0.00000896,0.00000910,0.00000914,0.00000909,0.00000908,0.00000901,0.00000909
0.466000,0.00000921,0.00000896,0.00000910,0.00000914,0.00000909,0.00000908,0.00000901,0.00000909
0.468000,0.00000921,0.00000896,0.00000910,0.00000914,0.00000909,0.00000908,0.00000901,0.00000909
0.470000,0.00000921,0.00000896,0.00000910,0.00000915,0.00000909,0.00000908,0.00000901,0.00000909
0.472000,0.00000921,0.00000897,0.00000910,0.00000915,0.00000909,0.00000908,0.00000901,0.00000909
0.474000,0.00000921,0.00000897,0.00000910,0.00000915,0.00000909,0.00000908,0.00000901,0.00000909
0.476000,0.00000921,0.00000897,0.00000910,0.00000915,0.00000909,0.00000908,0.00000901,0.00000909
0.478000,0.00000921,0.00000897,0.00000910,0.00000915,0.00000909,0.00000908,0.00000901,0.00000910
0.480000,0.00000921,0.00000897,0.00000910,0.00000915,0.00000909,0.00000908,0.00000901,0.00000910
0.482000,0.00000921,0.00000897,0.00000910,0.00000915,0.00000909,0.00000908,0.00000901,0.00000910
0.484000,0.00000921,0.00000897,0.00000910,0.00000915,0.00000909,0.00000908,0.00000901,0.00000910
0.486000,0.00000921,0.00000897,0.00000910,0.00000915,0.00000909,0.00000908,0.00000901,0.00000910
0.488000,0.00000921,0.00000897,0.00000910,0.00000915,0.00000909,0.00000908,0.00000901,0.00000910
0.490000,0.00000922,0.00000897,0.00000910,0.00000915,0.00000909,0.00000908,0.00000901,0.00000910
0.492000,0.00000922,0.00000897,0.00000910,0.00000915,0.00000910,0.00000908,0.00000901,0.00000910
0.494000,0.00000922,0.00000897,0.00000910,0.00000915,0.00000910,0.00000908,0.00000901,0.00000910
0.496000,0.00000922,0.00000897,0.00000911,0.00000915,0.00000910,0.00000908,0.00000901,0.00000910
0.498000,0.00000922,0.00000897,0.00000911,0.00000915,0.00000910,0.00000908,0.00000902,0.00000910
0.500000,0.00000922,0.00000897,0.00000911,0.00000915,0.00000910,0.00000908,0.00000902,0.00000910
0.502000,0.00000922,0.00000897,0.00000911,0.00000915,0.00000910,0.00000908,0.00000902,0.00000910
0.504000,0.00000922,0.00000897,0.00000911,0.00000915,0.00000910,0.00000909,0.00000902,0.00000910
0.506000,0.00000922,0.00000897,0.00000911,0.00000915,0.00000910,0.00000909,0.00000902,0.00000910
0.508000,0.00000922,0.00000897,0.00000911,0.00000916,0.00000910,0.00000909,0.00000902,0.00000910
0.510000,0.00000922,0.00000898,0.00000911,0.00000916,0.00000910,0.00000909,0.00000902,0.00000910
0.512000,0.00000922,0.00000898,0.00000911,0.00000916,0.00000910,0.00000909,0.00000902,0.00000910
0.514000,0.00000922,0.00000898,0.00000911,0.00000916,0.00000910,0.00000909,0.00000902,0.00000910
0.516000,0.00000922,0.00000898,0.00000911,0.00000916,0.00000910,0.00000909,0.00000902,0.00000911
0.518000,0.00000922,0.00000898,0.00000911,0.00000916,0.00000910,0.00000909,0.00000902,0.00000911
0.520000,0.00000922,0.00000898,0.00000911,0.00000916,0.00000910,0.00000909,0.00000902,0.00000911
0.522000,0.00000922,0.00000898,0.00000911,0.00000916,0.00000910,0.00000909,0.00000902,0.00000911
0.524000,0.00000922,0.00000898,0.00000911,0.00000916,0.00000910,0.00000909,0.00000902,0.00000911
0.526000,0.00000922,0.00000898,0.00000911,0.00000916,0.00000910,0.00000909,0.00000902,0.00000911
0.528000,0.00000923,0.00000898,0.00000911,0.00000916,0.00000910,0.00000909,0.00000902,0.00000911
0.530000,0.00000923,0.00000898,0.00000911,0.00000916,0.00000911,0.00000909,0.00000902,0.00000911
0.532000,0.00000923,0.00000898,0.00000911,0.00000916,0.00000911,0.00000909,0.00000902,0.00000911
0.534000,0.00000923,0.00000898,0.00000912,0.00000916,0.00000911,0.00000909,0.00000902,0.00000911
0.536000,0.00000923,0.00000898,0.00000912,0.00000916,0.00000911,0.00000909,0.00000903,0.00000911
0.538000,0.00000923,0.00000898,0.00000912,0.00000916,0.00000911,0.00000909,0.00000903,0.00000911
0.540000,0.00000923,0.00000898,0.00000912,0.00000916,0.00000911,0.00000909,0.00000903,0.00000911
0.542000,0.00000923,0.00000898,0.00000912,0.00000916,0.00000911,0.00000910,0.00000903,0.00000911
0.544000,0.00000923,0.00000898,0.00000912,0.00000916,0.00000911,0.00000910,0.00000903,0.00000911
0.546000,0.00000923,0.00000898,0.00000912,0.00000917,0.00000911,0.00000910,0.00000903,0.00000911
0.548000,0.00000923,0.00000898,0.00000912,0.00000917,0.00000911,0.00000910,0.00000903,0.00000911
0.550000,0.00000923,0.00000899,0.00000912,0.00000917,0.00000911,0.00000910,0.00000903,0.00000911
0.552000,0.00000923,0.00000899,0.00000912,0.00000917,0.00000911,0.00000910,0.00000903,0.00000911
0.554000,0.00000923,0.00000899,0.00000912,0.00000917,0.00000911,0.00000910,0.00000903,0.00000911
0.556000,0.00000923,0.00000899,0.00000912,0.00000917,0.00000911,0.00000910,0.00000903,0.00000912
0.558000,0.00000923,0.00000899,0.00000912,0.00000917,0.00000911,0.00000910,0.00000903,0.00000912
0.560000,0.00000923,0.00000899,0.00000912,0.00000917,0.00000911,0.00000910,0.00000903,0.00000912
0.562000,0.00000923,0.00000899,0.00000912,0.00000917,0.00000911,0.00000910,0.00000903,0.00000912
0.564000,0.00000923,0.00000899,0.00000912,0.00000917,0.00000911,0.00000910,0.00000903,0.00000912
0.566000,0.00000924,0.00000899,0.00000912,0.00000917,0.00000911,0.00000910,0.00000903,0.00000912
0.568000,0.00000924,0.00000899,0.00000912,0.00000917,0.00000911,0.00000910,0.00000903,0.00000912
0.570000,0.00000924,0.00000899,0.00000912,0.00000917,0.00000912,0.00000910,0.00000903,0.00000912
0.572000,0.00000924,0.00000899,0.00000913,0.00000917,0.00000912,0.00000910,0.00000903,0.00000912
0.574000,0.00000924,0.00000899,0.00000913,0.00000917,0.00000912,0.00000910,0.00000903,0.00000912
0.576000,0.00000924,0.00000899,0.00000913,0.00000917,0.00000912,0.00000910,0.00000904,0.00000912
0.578000,0.00000924,0.00000899,0.00000913,0.00000917,0.00000912,0.00000910,0.00000904,0.00000912
0.580000,0.00000924,0.00000899,0.00000913,0.00000917,0.00000912,0.00000911,0.00000904,0.00000912
0.582000,0.00000924,0.00000899,0.00000913,0.00000917,0.00000912,0.00000911,0.00000904,0.00000912
0.584000,0.00000924,0.00000899,0.00000913,0.00000918,0.00000912,0.00000911,0.00000904,0.00000912
0.586000,0.00000924,0.00000899,0.00000913,0.00000918,0.00000912,0.00000911,0.00000904,0.00000912
0.588000,0.00000924,0.00000899,0.00000913,0.00000918,0.00000912,0.00000911,0.00000904,0.00000912
0.590000,0.00000924,0.00000900,0.00000913,0.00000918,0.00000912,0.00000911,0.00000904,0.00000912
0.592000,0.00000924,0.00000900,0.00000913,0.00000918,0.00000912,0.00000911,0.00000904,0.00000912
0.594000,0.00000924,0.00000900,0.00000913,0.00000918,0.00000912,0.00000911,0.00000904,0.00000913
0.596000,0.00000924,0.00000900,0.00000913,0.00000918,0.00000912,0.00000911,0.00000904,0.00000913
0.598000,0.00000924,0.00000900,0.00000913,0.00000918,0.00000912,0.00000911,0.00000904,0.00000913
0.600000,0.00000924,0.00000900,0.00000913,0.00000918,0.00000912,0.00000911,0.00000904,0.00000913
0.602000,0.00000924,0.00000900,0.00000913,0.00000918,0.00000912,0.00000911,0.00000904,0.00000913
0.604000,0.00000925,0.00000900,0.00000913,0.00000918,0.00000912,0.00000911,0.00000904,0.00000913
0.606000,0.00000925,0.00000900,0.00000913,0.00000918,0.00000912,0.00000911,0.00000904,0.00000913
0.608000,0.00000925,0.00000900,0.00000913,0.00000918,0.00000913,0.00000911,0.00000904,0.00000913
0.610000,0.00000925,0.00000900,0.00000914,0.00000918,0.00000913,0.00000911,0.00000904,0.00000913
0.612000,0.00000925,0.00000900,0.00000914,0.00000918,0.00000913,0.00000911,0.00000904,0.00000913
0.614000,0.00000925,0.00000900,0.00000914,0.00000918,0.00000913,0.00000911,0.00000905,0.00000913
0.616000,0.00000925,0.00000900,0.00000914,0.00000918,0.00000913,0.00000911,0.00000905,0.00000913
0.618000,0.00000925,0.00000900,0.00000914,0.00000918,0.00000913,0.00000912,0.00000905,0.00000913
0.620000,0.00000925,0.00000900,0.00000914,0.00000918,0.00000913,0.00000912,0.00000905,0.00000913
0.622000,0.00000925,0.00000900,0.00000914,0.00000919,0.00000913,0.00000912,0.00000905,0.00000913
0.624000,0.00000925,0.00000900,0.00000914,0.00000919,0.00000913,0.00000912,0.00000905,0.00000913
0.626000,0.00000925,0.00000900,0.00000914,0.00000919,0.00000913,0.00000912,0.00000905,0.00000913
0.628000,0.00000925,0.00000901,0.00000914,0.00000919,0.00000913,0.00000912,0.00000905,0.00000913
0.630000,0.00000925,0.00000901,0.00000914,0.00000919,0.00000913,0.00000912,0.00000905,0.00000913
0.632000,0.00000925,0.00000901,0.00000914,0.00000919,0.00000913,0.00000912,0.00000905,0.00000914
0.634000,0.00000925,0.00000901,0.00000914,0.00000919,0.00000913,0.00000912,0.00000905,0.00000914
0.636000,0.00000925,0.00000901,0.00000914,0.00000919,0.00000913,0.00000912,0.00000905,0.00000914
0.638000,0.00000925,0.00000901,0.00000914,0.00000919,0.00000913,0.00000912,0.00000905,0.00000914
0.640000,0.00000926,0.00000901,0.00000914,0.00000919,0.00000913,0.00000912,0.00000905,0.00000914
0.642000,0.00000926,0.00000901,0.00000914,0.00000919,0.00000913,0.00000912,0.00000905,0.00000914
0.644000,0.00000926,0.00000901,0.00000914,0.00000919,0.00000913,0.00000912,0.00000905,0.00000914
0.646000,0.00000926,0.00000901,0.00000914,0.00000919,0.00000914,0.00000912,0.00000905,0.00000914
0.648000,0.00000926,0.00000901,0.00000914,0.00000919,0.00000914,0.00000912,0.00000905,0.00000914
0.650000,0.00000926,0.00000901,0.00000915,0.00000919,0.00000914,0.00000912,0.00000905,0.00000914
0.652000,0.00000926,0.00000901,0.00000915,0.00000919,0.00000914,0.00000912,0.00000905,0.00000914
0.654000,0.00000926,0.00000901,0.00000915,0.00000919,0.00000914,0.00000912,0.00000906,0.00000914
0.656000,0.00000926,0.00000901,0.00000915,0.00000919,0.00000914,0.00000912,0.00000906,0.00000914
0.658000,0.00000926,0.00000901,0.00000915,0.00000919,0.00000914,0.00000913,0.00000906,0.00000914
0.660000,0.00000926,0.00000901,0.00000915,0.00000920,0.00000914,0.00000913,0.00000906,0.00000914
0.662000,0.00000926,0.00000901,0.00000915,0.00000920,0.00000914,0.00000913,0.00000906,0.00000914
0.664000,0.00000926,0.00000901,0.00000915,0.00000920,0.00000914,0.00000913,0.00000906,0.00000914
0.666000,0.00000926,0.00000901,0.00000915,0.00000920,0.00000914,0.00000913,0.00000906,0.00000914
0.668000,0.00000926,0.00000902,0.00000915,0.00000920,0.00000914,0.00000913,0.00000906,0.00000914
0.670000,0.00000926,0.00000902,0.00000915,0.00000920,0.00000914,0.00000913,0.00000906,0.00000915
0.672000,0.00000926,0.00000902,0.00000915,0.00000920,0.00000914,0.00000913,0.00000906,0.00000915
0.674000,0.00000926,0.00000902,0.00000915,0.00000920,0.00000914,0.00000913,0.00000906,0.00000915
0.676000,0.00000926,0.00000902,0.00000915,0.00000920,0.00000914,0.00000913,0.00000906,0.00000915
0.678000,0.00000927,0.00000902,0.00000915,0.00000920,0.00000914,0.00000913,0.00000906,0.00000915
0.680000,0.00000927,0.00000902,0.00000915,0.00000920,0.00000914,0.00000913,0.00000906,0.00000915
0.682000,0.00000927,0.00000902,0.00000915,0.00000920,0.00000914,0.00000913,0.00000906,0.00000915
0.684000,0.00000927,0.00000902,0.00000915,0.00000920,0.00000915,0.00000913,0.00000906,0.00000915
0.686000,0.00000927,0.00000902,0.00000915,0.00000920,0.00000915,0.00000913,0.00000906,0.00000915
0.688000,0.00000927,0.00000902,0.00000916,0.00000920,0.00000915,0.00000913,0.00000906,0.00000915
0.690000,0.00000927,0.00000902,0.00000916,0.00000920,0.00000915,0.00000913,0.00000906,0.00000915
0.692000,0.00000927,0.00000902,0.00000916,0.00000920,0.00000915,0.00000913,0.00000907,0.00000915
0.694000,0.00000927,0.00000902,0.00000916,0.00000920,0.00000915,0.00000913,0.00000907,0.00000915
0.696000,0.00000927,0.00000902,0.00000916,0.00000920,0.00000915,0.00000914,0.00000907,0.00000915
0.698000,0.00000927,0.00000902,0.00000916,0.00000921,0.00000915,0.00000914,0.00000907,0.00000915
0.700000,0.00000927,0.00000902,0.00000916,0.00000921,0.00000915,0.00000914,0.00000907,0.00000915
0.702000,0.00000927,0.00000902,0.00000916,0.00000921,0.00000915,0.00000914,0.00000907,0.00000915
0.704000,0.00000927,0.00000902,0.00000916,0.00000921,0.00000915,0.00000914,0.00000907,0.00000915
0.706000,0.00000927,0.00000902,0.00000916,0.00000921,0.00000915,0.00000914,0.00000907,0.00000915
0.708000,0.00000927,0.00000903,0.00000916,0.00000921,0.00000915,0.00000914,0.00000907,0.00000916
0.710000,0.00000927,0.00000903,0.00000916,0.00000921,0.00000915,0.00000914,0.00000907,0.00000916
0.712000,0.00000927,0.00000903,0.00000916,0.00000921,0.00000915,0.00000914,0.00000907,0.00000916
0.714000,0.00000927,0.00000903,0.00000916,0.00000921,0.00000915,0.00000914,0.00000907,0.00000916
0.716000,0.00000928,0.00000903,0.00000916,0.00000921,0.00000915,0.00000914,0.00000907,0.00000916
0.718000,0.00000928,0.00000903,0.00000916,0.00000921,0.00000915,0.00000914,0.00000907,0.00000916
0.720000,0.00000928,0.00000903,0.00000916,0.00000921,0.00000915,0.00000914,0.00000907,0.00000916
0.722000,0.00000928,0.00000903,0.00000916,0.00000921,0.00000916,0.00000914,0.00000907,0.00000916
0.724000,0.00000928,0.00000903,0.00000916,0.00000921,0.00000916,0.00000914,0.00000907,0.00000916
0.726000,0.00000928,0.00000903,0.00000917,0.00000921,0.00000916,0.00000914,0.00000907,0.00000916
0.728000,0.00000928,0.00000903,0.00000917,0.00000921,0.00000916,0.00000914,0.00000907,0.00000916
0.730000,0.00000928,0.00000903,0.00000917,0.00000921,0.00000916,0.00000914,0.00000908,0.00000916
0.732000,0.00000928,0.00000903,0.00000917,0.00000921,0.00000916,0.00000914,0.00000908,0.00000916
0.734000,0.00000928,0.00000903,0.00000917,0.00000921,0.00000916,0.00000915,0.00000908,0.00000916
0.736000,0.00000928,0.00000903,0.00000917,0.00000922,0.00000916,0.00000915,0.00000908,0.00000916
0.738000,0.00000928,0.00000903,0.00000917,0.00000922,0.00000916,0.00000915,0.00000908,0.00000916
0.740000,0.00000928,0.00000903,0.00000917,0.00000922,0.00000916,0.00000915,0.00000908,0.00000916
0.742000,0.00000928,0.00000903,0.00000917,0.00000922,0.00000916,0.00000915,0.00000908,0.00000916
0.744000,0.00000928,0.00000903,0.00000917,0.00000922,0.00000916,0.00000915,0.00000908,0.00000916
0.746000,0.00000928,0.00000904,0.00000917,0.00000922,0.00000916,0.00000915,0.00000908,0.00000917
0.748000,0.00000928,0.00000904,0.00000917,0.00000922,0.00000916,0.00000915,0.00000908,0.00000917
0.750000,0.00000928,0.00000904,0.00000917,0.00000922,0.00000916,0.00000915,0.00000908,0.00000917
0.752000,0.00000928,0.00000904,0.00000917,0.00000922,0.00000916,0.00000915,0.00000908,0.00000917
0.754000,0.00000929,0.00000904,0.00000917,0.00000922,0.00000916,0.00000915,0.00000908,0.00000917
0.756000,0.00000929,0.00000904,0.00000917,0.00000922,0.00000916,0.00000915,0.00000908,0.00000917
0.758000,0.00000929,0.00000904,0.00000917,0.00000922,0.00000916,0.00000915,0.00000908,0.00000917
0.760000,0.00000929,0.00000904,0.00000917,0.00000922,0.00000917,0.00000915,0.00000908,0.00000917
0.762000,0.00000929,0.00000904,0.00000917,0.00000922,0.00000917,0.00000915,0.00000908,0.00000917
0.764000,0.00000929,0.00000904,0.00000918,0.00000922,0.00000917,0.00000915,0.00000908,0.00000917
0.766000,0.00000929,0.00000904,0.00000918,0.00000922,0.00000917,0.00000915,0.00000908,0.00000917
0.768000,0.00000929,0.00000904,0.00000918,0.00000922,0.00000917,0.00000915,0.00000908,0.00000917
0.770000,0.00000929,0.00000904,0.00000918,0.00000922,0.00000917,0.00000915,0.00000909,0.00000917
0.772000,0.00000929,0.00000904,0.00000918,0.00000922,0.00000917,0.00000916,0.00000909,0.00000917
0.774000,0.00000929,0.00000904,0.00000918,0.00000923,0.00000917,0.00000916,0.00000909,0.00000917
0.776000,0.00000929,0.00000904,0.00000918,0.00000923,0.00000917,0.00000916,0.00000909,0.00000917
0.778000,0.00000929,0.00000904,0.00000918,0.00000923,0.00000917,0.00000916,0.00000909,0.00000917
0.780000,0.00000929,0.00000904,0.00000918,0.00000923,0.00000917,0.00000916,0.00000909,0.00000917
0.782000,0.00000929,0.00000904,0.00000918,0.00000923,0.00000917,0.00000916,0.00000909,0.00000917
0.784000,0.00000929,0.00000904,0.00000918,0.00000923,0.00000917,0.00000916,0.00000909,0.00000917
0.786000,0.00000929,0.00000905,0.00000918,0.00000923,0.00000917,0.00000916,0.00000909,0.00000918
0.788000,0.00000929,0.00000905,0.00000918,0.00000923,0.00000917,0.00000916,0.00000909,0.00000918
0.790000,0.00000930,0.00000905,0.00000918,0.00000923,0.00000917,0.00000916,0.00000909,0.00000918
0.792000,0.00000930,0.00000905,0.00000918,0.00000923,0.00000917,0.00000916,0.00000909,0.00000918
0.794000,0.00000930,0.00000905,0.00000918,0.00000923,0.00000917,0.00000916,0.00000909,0.00000918
0.796000,0.00000930,0.00000905,0.00000918,0.00000923,0.00000917,0.00000916,0.00000909,0.00000918
0.798000,0.00000930,0.00000905,0.00000918,0.00000923,0.00000918,0.00000916,0.00000909,0.00000918
0.800000,0.00000930,0.00000905,0.00000918,0.00000923,0.00000918,0.00000916,0.00000909,0.00000918
0.802000,0.00000930,0.00000905,0.00000919,0.00000923,0.00000918,0.00000916,0.00000909,0.00000918
0.804000,0.00000930,0.00000905,0.00000919,0.00000923,0.00000918,0.00000916,0.00000909,0.00000918
0.806000,0.00000930,0.00000905,0.00000919,0.00000923,0.00000918,0.00000916,0.00000909,0.00000918
0.808000,0.00000930,0.00000905,0.00000919,0.00000923,0.00000918,0.00000916,0.00000910,0.00000918
0.810000,0.00000930,0.00000905,0.00000919,0.00000923,0.00000918,0.00000917,0.00000910,0.00000918
0.812000,0.00000930,0.00000905,0.00000919,0.00000924,0.00000918,0.00000917,0.00000910,0.00000918
0.814000,0.00000930,0.00000905,0.00000919,0.00000924,0.00000918,0.00000917,0.00000910,0.00000918
0.816000,0.00000930,0.00000905,0.00000919,0.00000924,0.00000918,0.00000917,0.00000910,0.00000918
0.818000,0.00000930,0.00000905,0.00000919,0.00000924,0.00000918,0.00000917,0.00000910,0.00000918
0.820000,0.00000930,0.00000905,0.00000919,0.00000924,0.00000918,0.00000917,0.00000910,0.00000918
0.822000,0.00000930,0.00000905,0.00000919,0.00000924,0.00000918,0.00000917,0.00000910,0.00000918
0.824000,0.00000930,0.00000906,0.00000919,0.00000924,0.00000918,0.00000917,0.00000910,0.00000919
0.826000,0.00000930,0.00000906,0.00000919,0.00000924,0.00000918,0.00000917,0.00000910,0.00000919
0.828000,0.00000931,0.00000906,0.00000919,0.00000924,0.00000918,0.00000917,0.00000910,0.00000919
0.830000,0.00000931,0.00000906,0.00000919,0.00000924,0.00000918,0.00000917,0.00000910,0.00000919
0.832000,0.00000931,0.00000906,0.00000919,0.00000924,0.00000918,0.00000917,0.00000910,0.00000919
0.834000,0.00000931,0.00000906,0.00000919,0.00000924,0.00000918,0.00000917,0.00000910,0.00000919
0.836000,0.00000931,0.00000906,0.00000919,0.00000924,0.00000918,0.00000917,0.00000910,0.00000919
0.838000,0.00000931,0.00000906,0.00000919,0.00000924,0.00000919,0.00000917,0.00000910,0.00000919
0.840000,0.00000931,0.00000906,0.00000920,0.00000924,0.00000919,0.00000917,0.00000910,0.00000919
0.842000,0.00000931,0.00000906,0.00000920,0.00000924,0.00000919,0.00000917,0.00000910,0.00000919
0.844000,0.00000931,0.00000906,0.00000920,0.00000924,0.00000919,0.00000917,0.00000910,0.00000919
0.846000,0.00000931,0.00000906,0.00000920,0.00000924,0.00000919,0.00000917,0.00000911,0.00000919
0.848000,0.00000931,0.00000906,0.00000920,0.00000924,0.00000919,0.00000918,0.00000911,0.00000919
0.850000,0.00000931,0.00000906,0.00000920,0.00000925,0.00000919,0.00000918,0.00000911,0.00000919
0.852000,0.00000931,0.00000906,0.00000920,0.00000925,0.00000919,0.00000918,0.00000911,0.00000919
0.854000,0.00000931,0.00000906,0.00000920,0.00000925,0.00000919,0.00000918,0.00000911,0.00000919
0.856000,0.00000931,0.00000906,0.00000920,0.00000925,0.00000919,0.00000918,0.00000911,0.00000919
0.858000,0.00000931,0.00000906,0.00000920,0.00000925,0.00000919,0.00000918,0.00000911,0.00000919
0.860000,0.00000931,0.00000906,0.00000920,0.00000925,0.00000919,0.00000918,0.00000911,0.00000919
0.862000,0.00000931,0.00000906,0.00000920,0.00000925,0.00000919,0.00000918,0.00000911,0.00000920
0.864000,0.00000931,0.00000907,0.00000920,0.00000925,0.00000919,0.00000918,0.00000911,0.00000920
0.866000,0.00000932,0.00000907,0.00000920,0.00000925,0.00000919,0.00000918,0.00000911,0.00000920
0.868000,0.00000932,0.00000907,0.00000920,0.00000925,0.00000919,0.00000918,0.00000911,0.00000920
0.870000,0.00000932,0.00000907,0.00000920,0.00000925,0.00000919,0.00000918,0.00000911,0.00000920
0.872000,0.00000932,0.00000907,0.00000920,0.00000925,0.00000919,0.00000918,0.00000911,0.00000920
0.874000,0.00000932,0.00000907,0.00000920,0.00000925,0.00000919,0.00000918,0.00000911,0.00000920
0.876000,0.00000932,0.00000907,0.00000920,0.00000925,0.00000920,0.00000918,0.00000911,0.00000920
0.878000,0.00000932,0.00000907,0.00000921,0.00000925,0.00000920,0.00000918,0.00000911,0.00000920
0.880000,0.00000932,0.00000907,0.00000921,0.00000925,0.00000920,0.00000918,0.00000911,0.00000920
0.882000,0.00000932,0.00000907,0.00000921,0.00000925,0.00000920,0.00000918,0.00000911,0.00000920
0.884000,0.00000932,0.00000907,0.00000921,0.00000925,0.00000920,0.00000918,0.00000911,0.00000920
0.886000,0.00000932,0.00000907,0.00000921,0.00000925,0.00000920,0.00000919,0.00000912,0.00000920
0.888000,0.00000932,0.00000907,0.00000921,0.00000926,0.00000920,0.00000919,0.00000912,0.00000920
0.890000,0.00000932,0.00000907,0.00000921,0.00000926,0.00000920,0.00000919,0.00000912,0.00000920
0.892000,0.00000932,0.00000907,0.00000921,0.00000926,0.00000920,0.00000919,0.00000912,0.00000920
0.894000,0.00000932,0.00000907,0.00000921,0.00000926,0.00000920,0.00000919,0.00000912,0.00000920
0.896000,0.00000932,0.00000907,0.00000921,0.00000926,0.00000920,0.00000919,0.00000912,0.00000920
0.898000,0.00000932,0.00000907,0.00000921,0.00000926,0.00000920,0.00000919,0.00000912,0.00000920
0.900000,0.00000932,0.00000907,0.00000921,0.00000926,0.00000920,0.00000919,0.00000912,0.00000921
0.902000,0.00000933,0.00000908,0.00000921,0.00000926,0.00000920,0.00000919,0.00000912,0.00000921
0.904000,0.00000933,0.00000908,0.00000921,0.00000926,0.00000920,0.00000919,0.00000912,0.00000921
0.906000,0.00000933,0.00000908,0.00000921,0.00000926,0.00000920,0.00000919,0.00000912,0.00000921
0.908000,0.00000933,0.00000908,0.00000921,0.00000926,0.00000920,0.00000919,0.00000912,0.00000921
0.910000,0.00000933,0.00000908,0.00000921,0.00000926,0.00000920,0.00000919,0.00000912,0.00000921
0.912000,0.00000933,0.00000908,0.00000921,0.00000926,0.00000921,0.00000919,0.00000912,0.00000921
0.914000,0.00000933,0.00000908,0.00000922,0.00000926,0.00000921,0.00000919,0.00000912,0.00000921
0.916000,0.00000933,0.00000908,0.00000922,0.00000926,0.00000921,0.00000919,0.00000912,0.00000921
0.918000,0.00000933,0.00000908,0.00000922,0.00000926,0.00000921,0.00000919,0.00000912,0.00000921
0.920000,0.00000933,0.00000908,0.00000922,0.00000926,0.00000921,0.00000919,0.00000912,0.00000921
0.922000,0.00000933,0.00000908,0.00000922,0.00000926,0.00000921,0.00000919,0.00000912,0.00000921
0.924000,0.00000933,0.00000908,0.00000922,0.00000926,0.00000921,0.00000920,0.00000913,0.00000921
0.926000,0.00000933,0.00000908,0.00000922,0.00000927,0.00000921,0.00000920,0.00000913,0.00000921
0.928000,0.00000933,0.00000908,0.00000922,0.00000927,0.00000921,0.00000920,0.00000913,0.00000921
0.930000,0.00000933,0.00000908,0.00000922,0.00000927,0.00000921,0.00000920,0.00000913,0.00000921
0.932000,0.00000933,0.00000908,0.00000922,0.00000927,0.00000921,0.00000920,0.00000913,0.00000921
0.934000,0.00000933,0.00000908,0.00000922,0.00000927,0.00000921,0.00000920,0.00000913,0.00000921
0.936000,0.00000933,0.00000908,0.00000922,0.00000927,0.00000921,0.00000920,0.00000913,0.00000921
0.938000,0.00000933,0.00000908,0.00000922,0.00000927,0.00000921,0.00000920,0.00000913,0.00000922
0.940000,0.00000934,0.00000908,0.00000922,0.00000927,0.00000921,0.00000920,0.00000913,0.00000922
0.942000,0.00000934,0.00000909,0.00000922,0.00000927,0.00000921,0.00000920,0.00000913,0.00000922
0.944000,0.00000934,0.00000909,0.00000922,0.00000927,0.00000921,0.00000920,0.00000913,0.00000922
0.946000,0.00000934,0.00000909,0.00000922,0.00000927,0.00000921,0.00000920,0.00000913,0.00000922
0.948000,0.00000934,0.00000909,0.00000922,0.00000927,0.00000921,0.00000920,0.00000913,0.00000922
0.950000,0.00000934,0.00000909,0.00000922,0.00000927,0.00000922,0.00000920,0.00000913,0.00000922
0.952000,0.00000934,0.00000909,0.00000923,0.00000927,0.00000922,0.00000920,0.00000913,0.00000922
0.954000,0.00000934,0.00000909,0.00000923,0.00000927,0.00000922,0.00000920,0.00000913,0.00000922
0.956000,0.00000934,0.00000909,0.00000923,0.00000927,0.00000922,0.00000920,0.00000913,0.00000922
0.958000,0.00000934,0.00000909,0.00000923,0.00000927,0.00000922,0.00000920,0.00000913,0.00000922
0.960000,0.00000934,0.00000909,0.00000923,0.00000927,0.00000922,0.00000920,0.00000913,0.00000922
0.962000,0.00000934,0.00000909,0.00000923,0.00000928,0.00000922,0.00000921,0.00000914,0.00000922
0.964000,0.00000934,0.00000909,0.00000923,0.00000928,0.00000922,0.00000921,0.00000914,0.00000922
0.966000,0.00000934,0.00000909,0.00000923,0.00000928,0.00000922,0.00000921,0.00000914,0.00000922
0.968000,0.00000934,0.00000909,0.00000923,0.00000928,0.00000922,0.00000921,0.00000914,0.00000922
0.970000,0.00000934,0.00000909,0.00000923,0.00000928,0.00000922,0.00000921,0.00000914,0.00000922
0.972000,0.00000934,0.00000909,0.00000923,0.00000928,0.00000922,0.00000921,0.00000914,0.00000922
0.974000,0.00000934,0.00000909,0.00000923,0.00000928,0.00000922,0.00000921,0.00000914,0.00000923
0.976000,0.00000935,0.00000909,0.00000923,0.00000928,0.00000922,0.00000921,0.00000914,0.00000923
0.978000,0.00000935,0.00000909,0.00000923,0.00000928,0.00000922,0.00000921,0.00000914,0.00000923
0.980000,0.00000935,0.00000910,0.00000923,0.00000928,0.00000922,0.00000921,0.00000914,0.00000923
0.982000,0.00000935,0.00000910,0.00000923,0.00000928,0.00000922,0.00000921,0.00000914,0.00000923
0.984000,0.00000935,0.00000910,0.00000923,0.00000928,0.00000922,0.00000921,0.00000914,0.00000923
0.986000,0.00000935,0.00000910,0.00000923,0.00000928,0.00000922,0.00000921,0.00000914,0.00000923
0.988000,0.00000935,0.00000910,0.00000923,0.00000928,0.00000923,0.00000921,0.00000914,0.00000923
0.990000,0.00000935,0.00000910,0.00000924,0.00000928,0.00000923,0.00000921,0.00000914,0.00000923
0.992000,0.00000935,0.00000910,0.00000924,0.00000928,0.00000923,0.00000921,0.00000914,0.00000923
0.994000,0.00000935,0.00000910,0.00000924,0.00000928,0.00000923,0.00000921,0.00000914,0.00000923
0.996000,0.00000935,0.00000910,0.00000924,0.00000928,0.00000923,0.00000921,0.00000914,0.00000923
0.998000,0.00000935,0.00000910,0.00000924,0.00000928,0.00000923,0.00000921,0.00000914,0.00000923
1.000000,0.00000935,0.00000910,0.00000924,0.00000929,0.00000923,0.00000922,0.00000915,0.00000923
1.002000,0.00000935,0.00000910,0.00000924,0.00000929,0.00000923,0.00000922,0.00000915,0.00000923
1.004000,0.00000935,0.00000910,0.00000924,0.00000929,0.00000923,0.00000922,0.00000915,0.00000923
1.006000,0.00000935,0.00000910,0.00000924,0.00000929,0.00000923,0.00000922,0.00000915,0.00000923
1.008000,0.00000935,0.00000910,0.00000924,0.00000929,0.00000923,0.00000922,0.00000915,0.00000923
1.010000,0.00000935,0.00000910,0.00000924,0.00000929,0.00000923,0.00000922,0.00000915,0.00000923
1.012000,0.00000935,0.00000910,0.00000924,0.00000929,0.00000923,0.00000922,0.00000915,0.00000924
1.014000,0.00000936,0.00000910,0.00000924,0.00000929,0.00000923,0.00000922,0.00000915,0.00000924
1.016000,0.00000936,0.00000910,0.00000924,0.00000929,0.00000923,0.00000922,0.00000915,0.00000924
1.018000,0.00000936,0.00000911,0.00000924,0.00000929,0.00000923,0.00000922,0.00000915,0.00000924
1.020000,0.00000936,0.00000911,0.00000924,0.00000929,0.00000923,0.00000922,0.00000915,0.00000924
1.022000,0.00000936,0.00000911,0.00000924,0.00000929,0.00000923,0.00000922,0.00000915,0.00000924
1.024000,0.00000936,0.00000911,0.00000924,0.00000929,0.00000923,0.00000922,0.00000915,0.00000924
1.026000,0.00000936,0.00000911,0.00000924,0.00000929,0.00000924,0.00000922,0.00000915,0.00000924
1.028000,0.00000936,0.00000911,0.00000925,0.00000929,0.00000924,0.00000922,0.00000915,0.00000924
1.030000,0.00000936,0.00000911,0.00000925,0.00000929,0.00000924,0.00000922,0.00000915,0.00000924
1.032000,0.00000936,0.00000911,0.00000925,0.00000929,0.00000924,0.00000922,0.00000915,0.00000924
1.034000,0.00000936,0.00000911,0.00000925,0.00000929,0.00000924,0.00000922,0.00000915,0.00000924
1.036000,0.00000936,0.00000911,0.00000925,0.00000929,0.00000924,0.00000922,0.00000915,0.00000924
1.038000,0.00000936,0.00000911,0.00000925,0.00000930,0.00000924,0.00000923,0.00000916,0.00000924
1.040000,0.00000936,0.00000911,0.00000925,0.00000930,0.00000924,0.00000923,0.00000916,0.00000924
1.042000,0.00000936,0.00000911,0.00000925,0.00000930,0.00000924,0.00000923,0.00000916,0.00000924
1.044000,0.00000936,0.00000911,0.00000925,0.00000930,0.00000924,0.00000923,0.00000916,0.00000924
1.046000,0.00000936,0.00000911,0.00000925,0.00000930,0.00000924,0.00000923,0.00000916,0.00000924
1.048000,0.00000936,0.00000911,0.00000925,0.00000930,0.00000924,0.00000923,0.00000916,0.00000924
1.050000,0.00000937,0.00000911,0.00000925,0.00000930,0.00000924,0.00000923,0.00000916,0.00000925
1.052000,0.00000937,0.00000911,0.00000925,0.00000930,0.00000924,0.00000923,0.00000916,0.00000925
1.054000,0.00000937,0.00000911,0.00000925,0.00000930,0.00000924,0.00000923,0.00000916,0.00000925
1.056000,0.00000937,0.00000911,0.00000925,0.00000930,0.00000924,0.00000923,0.00000916,0.00000925
1.058000,0.00000937,0.00000912,0.00000925,0.00000930,0.00000924,0.00000923,0.00000916,0.00000925
1.060000,0.00000937,0.00000912,0.00000925,0.00000930,0.00000924,0.00000923,0.00000916,0.00000925
1.062000,0.00000937,0.00000912,0.00000925,0.00000930,0.00000924,0.00000923,0.00000916,0.00000925
1.064000,0.00000937,0.00000912,0.00000925,0.00000930,0.00000925,0.00000923,0.00000916,0.00000925
1.066000,0.00000937,0.00000912,0.00000926,0.00000930,0.00000925,0.00000923,0.00000916,0.00000925
1.068000,0.00000937,0.00000912,0.00000926,0.00000930,0.00000925,0.00000923,0.00000916,0.00000925
1.070000,0.00000937,0.00000912,0.00000926,0.00000930,0.00000925,0.00000923,0.00000916,0.00000925
1.072000,0.00000937,0.00000912,0.00000926,0.00000930,0.00000925,0.00000923,0.00000916,0.00000925
1.074000,0.00000937,0.00000912,0.00000926,0.00000930,0.00000925,0.00000923,0.00000916,0.00000925
1.076000,0.00000937,0.00000912,0.00000926,0.00000931,0.00000925,0.00000924,0.00000917,0.00000925
1.078000,0.00000937,0.00000912,0.00000926,0.00000931,0.00000925,0.00000924,0.00000917,0.00000925
1.080000,0.00000937,0.00000912,0.00000926,0.00000931,0.00000925,0.00000924,0.00000917,0.00000925
1.082000,0.00000937,0.00000912,0.00000926,0.00000931,0.00000925,0.00000924,0.00000917,0.00000925
1.084000,0.00000937,0.00000912,0.00000926,0.00000931,0.00000925,0.00000924,0.00000917,0.00000925
1.086000,0.00000937,0.00000912,0.00000926,0.00000931,0.00000925,0.00000924,0.00000917,0.00000925
1.088000,0.00000938,0.00000912,0.00000926,0.00000931,0.00000925,0.00000924,0.00000917,0.00000926
1.090000,0.00000938,0.00000912,0.00000926,0.00000931,0.00000925,0.00000924,0.00000917,0.00000926
1.092000,0.00000938,0.00000912,0.00000926,0.00000931,0.00000925,0.00000924,0.00000917,0.00000926
1.094000,0.00000938,0.00000912,0.00000926,0.00000931,0.00000925,0.00000924,0.00000917,0.00000926
1.096000,0.00000938,0.00000913,0.00000926,0.00000931,0.00000925,0.00000924,0.00000917,0.00000926
1.098000,0.00000938,0.00000913,0.00000926,0.00000931,0.00000925,0.00000924,0.00000917,0.00000926
1.100000,0.00000938,0.00000913,0.00000926,0.00000931,0.00000925,0.00000924,0.00000917,0.00000926
1.102000,0.00000938,0.00000913,0.00000926,0.00000931,0.00000926,0.00000924,0.00000917,0.00000926
1.104000,0.00000938,0.00000913,0.00000927,0.00000931,0.00000926,0.00000924,0.00000917,0.00000926
1.106000,0.00000938,0.00000913,0.00000927,0.00000931,0.00000926,0.00000924,0.00000917,0.00000926
1.108000,0.00000938,0.00000913,0.00000927,0.00000931,0.00000926,0.00000924,0.00000917,0.00000926
1.110000,0.00000938,0.00000913,0.00000927,0.00000931,0.00000926,0.00000924,0.00000917,0.00000926
1.112000,0.00000938,0.00000913,0.00000927,0.00000932,0.00000926,0.00000924,0.00000917,0.00000926
1.114000,0.00000938,0.00000913,0.00000927,0.00000932,0.00000926,0.00000925,0.00000917,0.00000926
1.116000,0.00000938,0.00000913,0.00000927,0.00000932,0.00000926,0.00000925,0.00000918,0.00000926
1.118000,0.00000938,0.00000913,0.00000927,0.00000932,0.00000926,0.00000925,0.00000918,0.00000926
1.120000,0.00000938,0.00000913,0.00000927,0.00000932,0.00000926,0.00000925,0.00000918,0.00000926
1.122000,0.00000938,0.00000913,0.00000927,0.00000932,0.00000926,0.00000925,0.00000918,0.00000926
1.124000,0.00000939,0.00000913,0.00000927,0.00000932,0.00000926,0.00000925,0.00000918,0.00000926
1.126000,0.00000939,0.00000913,0.00000927,0.00000932,0.00000926,0.00000925,0.00000918,0.00000927
1.128000,0.00000939,0.00000913,0.00000927,0.00000932,0.00000926,0.00000925,0.00000918,0.00000927
1.130000,0.00000939,0.00000913,0.00000927,0.00000932,0.00000926,0.00000925,0.00000918,0.00000927
1.132000,0.00000939,0.00000913,0.00000927,0.00000932,0.00000926,0.00000925,0.00000918,0.00000927
1.134000,0.00000939,0.00000914,0.00000927,0.00000932,0.00000926,0.00000925,0.00000918,0.00000927
1.136000,0.00000939,0.00000914,0.00000927,0.00000932,0.00000926,0.00000925,0.00000918,0.00000927
1.138000,0.00000939,0.00000914,0.00000927,0.00000932,0.00000926,0.00000925,0.00000918,0.00000927
1.140000,0.00000939,0.00000914,0.00000928,0.00000932,0.00000927,0.00000925,0.00000918,0.00000927
1.142000,0.00000939,0.00000914,0.00000928,0.00000932,0.00000927,0.00000925,0.00000918,0.00000927
1.144000,0.00000939,0.00000914,0.00000928,0.00000932,0.00000927,0.00000925,0.00000918,0.00000927
1.146000,0.00000939,0.00000914,0.00000928,0.00000932,0.00000927,0.00000925,0.00000918,0.00000927
1.148000,0.00000939,0.00000914,0.00000928,0.00000932,0.00000927,0.00000925,0.00000918,0.00000927
1.150000,0.00000939,0.00000914,0.00000928,0.00000933,0.00000927,0.00000925,0.00000918,0.00000927
1.152000,0.00000939,0.00000914,0.00000928,0.00000933,0.00000927,0.00000926,0.00000918,0.00000927
1.154000,0.00000939,0.00000914,0.00000928,0.00000933,0.00000927,0.00000926,0.00000919,0.00000927
1.156000,0.00000939,0.00000914,0.00000928,0.00000933,0.00000927,0.00000926,0.00000919,0.00000927
1.158000,0.00000939,0.00000914,0.00000928,0.00000933,0.00000927,0.00000926,0.00000919,0.00000927
1.160000,0.00000940,0.00000914,0.00000928,0.00000933,0.00000927,0.00000926,0.00000919,0.00000927
1.162000,0.00000940,0.00000914,0.00000928,0.00000933,0.00000927,0.00000926,0.00000919,0.00000927
1.164000,0.00000940,0.00000914,0.00000928,0.00000933,0.00000927,0.00000926,0.00000919,0.00000928
1.166000,0.00000940,0.00000914,0.00000928,0.00000933,0.00000927,0.00000926,0.00000919,0.00000928
1.168000,0.00000940,0.00000914,0.00000928,0.00000933,0.00000927,0.00000926,0.00000919,0.00000928
1.170000,0.00000940,0.00000914,0.00000928,0.00000933,0.00000927,0.00000926,0.00000919,0.00000928
1.172000,0.00000940,0.00000915,0.00000928,0.00000933,0.00000927,0.00000926,0.00000919,0.00000928
1.174000,0.00000940,0.00000915,0.00000928,0.00000933,0.00000927,0.00000926,0.00000919,0.00000928
1.176000,0.00000940,0.00000915,0.00000928,0.00000933,0.00000928,0.00000926,0.00000919,0.00000928
1.178000,0.00000940,0.00000915,0.00000929,0.00000933,0.00000928,0.00000926,0.00000919,0.00000928
1.180000,0.00000940,0.00000915,0.00000929,0.00000933,0.00000928,0.00000926,0.00000919,0.00000928
1.182000,0.00000940,0.00000915,0.00000929,0.00000933,0.00000928,0.00000926,0.00000919,0.00000928
1.184000,0.00000940,0.00000915,0.00000929,0.00000933,0.00000928,0.00000926,0.00000919,0.00000928
1.186000,0.00000940,0.00000915,0.00000929,0.00000934,0.00000928,0.00000926,0.00000919,0.00000928
1.188000,0.00000940,0.00000915,0.00000929,0.00000934,0.00000928,0.00000926,0.00000919,0.00000928
1.190000,0.00000940,0.00000915,0.00000929,0.00000934,0.00000928,0.00000927,0.00000919,0.00000928
1.192000,0.00000940,0.00000915,0.00000929,0.00000934,0.00000928,0.00000927,0.00000920,0.00000928
1.194000,0.00000940,0.00000915,0.00000929,0.00000934,0.00000928,0.00000927,0.00000920,0.00000928
1.196000,0.00000940,0.00000915,0.00000929,0.00000934,0.00000928,0.00000927,0.00000920,0.00000928
1.198000,0.00000941,0.00000915,0.00000929,0.00000934,0.00000928,0.00000927,0.00000920,0.00000928
1.200000,0.00000941,0.00000915,0.00000929,0.00000934,0.00000928,0.00000927,0.00000920,0.00000929
1.202000,0.00000941,0.00000915,0.00000929,0.00000934,0.00000928,0.00000927,0.00000920,0.00000929
1.204000,0.00000941,0.00000915,0.00000929,0.00000934,0.00000928,0.00000927,0.00000920,0.00000929
1.206000,0.00000941,0.00000915,0.00000929,0.00000934,0.00000928,0.00000927,0.00000920,0.00000929
1.208000,0.00000941,0.00000915,0.00000929,0.00000934,0.00000928,0.00000927,0.00000920,0.00000929
1.210000,0.00000941,0.00000915,0.00000929,0.00000934,0.00000928,0.00000927,0.00000920,0.00000929
1.212000,0.00000941,0.00000916,0.00000929,0.00000934,0.00000928,0.00000927,0.00000920,0.00000929
1.214000,0.00000941,0.00000916,0.00000929,0.00000934,0.00000929,0.00000927,0.00000920,0.00000929
1.216000,0.00000941,0.00000916,0.00000930,0.00000934,0.00000929,0.00000927,0.00000920,0.00000929
1.218000,0.00000941,0.00000916,0.00000930,0.00000934,0.00000929,0.00000927,0.00000920,0.00000929
1.220000,0.00000941,0.00000916,0.00000930,0.00000934,0.00000929,0.00000927,0.00000920,0.00000929
1.222000,0.00000941,0.00000916,0.00000930,0.00000934,0.00000929,0.00000927,0.00000920,0.00000929
1.224000,0.00000941,0.00000916,0.00000930,0.00000935,0.00000929,0.00000927,0.00000920,0.00000929
1.226000,0.00000941,0.00000916,0.00000930,0.00000935,0.00000929,0.00000928,0.00000920,0.00000929
1.228000,0.00000941,0.00000916,0.00000930,0.00000935,0.00000929,0.00000928,0.00000920,0.00000929
1.230000,0.00000941,0.00000916,0.00000930,0.00000935,0.00000929,0.00000928,0.00000921,0.00000929
1.232000,0.00000941,0.00000916,0.00000930,0.00000935,0.00000929,0.00000928,0.00000921,0.00000929
1.234000,0.00000942,0.00000916,0.00000930,0.00000935,0.00000929,0.00000928,0.00000921,0.00000929
1.236000,0.00000942,0.00000916,0.00000930,0.00000935,0.00000929,0.00000928,0.00000921,0.00000929
1.238000,0.00000942,0.00000916,0.00000930,0.00000935,0.00000929,0.00000928,0.00000921,0.00000930
1.240000,0.00000942,0.00000916,0.00000930,0.00000935,0.00000929,0.00000928,0.00000921,0.00000930
1.242000,0.00000942,0.00000916,0.00000930,0.00000935,0.00000929,0.00000928,0.00000921,0.00000930
1.244000,0.00000942,0.00000916,0.00000930,0.00000935,0.00000929,0.00000928,0.00000921,0.00000930
1.246000,0.00000942,0.00000916,0.00000930,0.00000935,0.00000929,0.00000928,0.00000921,0.00000930
1.248000,0.00000942,0.00000916,0.00000930,0.00000935,0.00000929,0.00000928,0.00000921,0.00000930
1.250000,0.00000942,0.00000917,0.00000930,0.00000935,0.00000929,0.00000928,0.00000921,0.00000930
1.252000,0.00000942,0.00000917,0.00000931,0.00000935,0.00000930,0.00000928,0.00000921,0.00000930
1.254000,0.00000942,0.00000917,0.00000931,0.00000935,0.00000930,0.00000928,0.00000921,0.00000930
1.256000,0.00000942,0.00000917,0.00000931,0.00000935,0.00000930,0.00000928,0.00000921,0.00000930
1.258000,0.00000942,0.00000917,0.00000931,0.00000935,0.00000930,0.00000928,0.00000921,0.00000930
1.260000,0.00000942,0.00000917,0.00000931,0.00000935,0.00000930,0.00000928,0.00000921,0.00000930
1.262000,0.00000942,0.00000917,0.00000931,0.00000936,0.00000930,0.00000928,0.00000921,0.00000930
1.264000,0.00000942,0.00000917,0.00000931,0.00000936,0.00000930,0.00000929,0.00000921,0.00000930
1.266000,0.00000942,0.00000917,0.00000931,0.00000936,0.00000930,0.00000929,0.00000922,0.00000930
1.268000,0.00000942,0.00000917,0.00000931,0.00000936,0.00000930,0.00000929,0.00000922,0.00000930
1.270000,0.00000943,0.00000917,0.00000931,0.00000936,0.00000930,0.00000929,0.00000922,0.00000930
1.272000,0.00000943,0.00000917,0.00000931,0.00000936,0.00000930,0.00000929,0.00000922,0.00000930
1.274000,0.00000943,0.00000917,0.00000931,0.00000936,0.00000930,0.00000929,0.00000922,0.00000930
1.276000,0.00000943,0.00000917,0.00000931,0.00000936,0.00000930,0.00000929,0.00000922,0.00000931
1.278000,0.00000943,0.00000917,0.00000931,0.00000936,0.00000930,0.00000929,0.00000922,0.00000931
1.280000,0.00000943,0.00000917,0.00000931,0.00000936,0.00000930,0.00000929,0.00000922,0.00000931
1.282000,0.00000943,0.00000917,0.00000931,0.00000936,0.00000930,0.00000929,0.00000922,0.00000931
1.284000,0.00000943,0.00000917,0.00000931,0.00000936,0.00000930,0.00000929,0.00000922,0.00000931
1.286000,0.00000943,0.00000917,0.00000931,0.00000936,0.00000930,0.00000929,0.00000922,0.00000931
1.288000,0.00000943,0.00000918,0.00000931,0.00000936,0.00000930,0.00000929,0.00000922,0.00000931
1.290000,0.00000943,0.00000918,0.00000932,0.00000936,0.00000931,0.00000929,0.00000922,0.00000931
1.292000,0.00000943,0.00000918,0.00000932,0.00000936,0.00000931,0.00000929,0.00000922,0.00000931
1.294000,0.00000943,0.00000918,0.00000932,0.00000936,0.00000931,0.00000929,0.00000922,0.00000931
1.296000,0.00000943,0.00000918,0.00000932,0.00000936,0.00000931,0.00000929,0.00000922,0.00000931
1.298000,0.00000943,0.00000918,0.00000932,0.00000937,0.00000931,0.00000929,0.00000922,0.00000931
1.300000,0.00000943,0.00000918,0.00000932,0.00000937,0.00000931,0.00000929,0.00000922,0.00000931
1.302000,0.00000943,0.00000918,0.00000932,0.00000937,0.00000931,0.00000930,0.00000922,0.00000931
1.304000,0.00000943,0.00000918,0.00000932,0.00000937,0.00000931,0.00000930,0.00000923,0.00000931
1.306000,0.00000943,0.00000918,0.00000932,0.00000937,0.00000931,0.00000930,0.00000923,0.00000931
1.308000,0.00000944,0.00000918,0.00000932,0.00000937,0.00000931,0.00000930,0.00000923,0.00000931
1.310000,0.00000944,0.00000918,0.00000932,0.00000937,0.00000931,0.00000930,0.00000923,0.00000931
1.312000,0.00000944,0.00000918,0.00000932,0.00000937,0.00000931,0.00000930,0.00000923,0.00000932
1.314000,0.00000944,0.00000918,0.00000932,0.00000937,0.00000931,0.00000930,0.00000923,0.00000932
1.316000,0.00000944,0.00000918,0.00000932,0.00000937,0.00000931,0.00000930,0.00000923,0.00000932
1.318000,0.00000944,0.00000918,0.00000932,0.00000937,0.00000931,0.00000930,0.00000923,0.00000932
1.320000,0.00000944,0.00000918,0.00000932,0.00000937,0.00000931,0.00000930,0.00000923,0.00000932
1.322000,0.00000944,0.00000918,0.00000932,0.00000937,0.00000931,0.00000930,0.00000923,0.00000932
1.324000,0.00000944,0.00000918,0.00000932,0.00000937,0.00000931,0.00000930,0.00000923,0.00000932
1.326000,0.00000944,0.00000919,0.00000933,0.00000937,0.00000932,0.00000930,0.00000923,0.00000932
1.328000,0.00000944,0.00000919,0.00000933,0.00000937,0.00000932,0.00000930,0.00000923,0.00000932
1.330000,0.00000944,0.00000919,0.00000933,0.00000937,0.00000932,0.00000930,0.00000923,0.00000932
1.332000,0.00000944,0.00000919,0.00000933,0.00000937,0.00000932,0.00000930,0.00000923,0.00000932
1.334000,0.00000944,0.00000919,0.00000933,0.00000938,0.00000932,0.00000930,0.00000923,0.00000932
1.336000,0.00000944,0.00000919,0.00000933,0.00000938,0.00000932,0.00000930,0.00000923,0.00000932
1.338000,0.00000944,0.00000919,0.00000933,0.00000938,0.00000932,0.00000930,0.00000923,0.00000932
1.340000,0.00000944,0.00000919,0.00000933,0.00000938,0.00000932,0.00000931,0.00000923,0.00000932
1.342000,0.00000944,0.00000919,0.00000933,0.00000938,0.00000932,0.00000931,0.00000924,0.00000932
1.344000,0.00000945,0.00000919,0.00000933,0.00000938,0.00000932,0.00000931,0.00000924,0.00000932
1.346000,0.00000945,0.00000919,0.00000933,0.00000938,0.00000932,0.00000931,0.00000924,0.00000932
1.348000,0.00000945,0.00000919,0.00000933,0.00000938,0.00000932,0.00000931,0.00000924,0.00000932
1.350000,0.00000945,0.00000919,0.00000933,0.00000938,0.00000932,0.00000931,0.00000924,0.00000933
1.352000,0.00000945,0.00000919,0.00000933,0.00000938,0.00000932,0.00000931,0.00000924,0.00000933
1.354000,0.00000945,0.00000919,0.00000933,0.00000938,0.00000932,0.00000931,0.00000924,0.00000933
1.356000,0.00000945,0.00000919,0.00000933,0.00000938,0.00000932,0.00000931,0.00000924,0.00000933
1.358000,0.00000945,0.00000919,0.00000933,0.00000938,0.00000932,0.00000931,0.00000924,0.00000933
1.360000,0.00000945,0.00000919,0.00000933,0.00000938,0.00000932,0.00000931,0.00000924,0.00000933
1.362000,0.00000945,0.00000919,0.00000933,0.00000938,0.00000932,0.00000931,0.00000924,0.00000933
1.364000,0.00000945,0.00000920,0.00000934,0.00000938,0.00000933,0.00000931,0.00000924,0.00000933
1.366000,0.00000945,0.00000920,0.00000934,0.00000938,0.00000933,0.00000931,0.00000924,0.00000933
1.368000,0.00000945,0.00000920,0.00000934,0.00000938,0.00000933,0.00000931,0.00000924,0.00000933
1.370000,0.00000945,0.00000920,0.00000934,0.00000938,0.00000933,0.00000931,0.00000924,0.00000933
1.372000,0.00000945,0.00000920,0.00000934,0.00000939,0.00000933,0.00000931,0.00000924,0.00000933
1.374000,0.00000945,0.00000920,0.00000934,0.00000939,0.00000933,0.00000931,0.00000924,0.00000933
1.376000,0.00000945,0.00000920,0.00000934,0.00000939,0.00000933,0.00000932,0.00000924,0.00000933
1.378000,0.00000945,0.00000920,0.00000934,0.00000939,0.00000933,0.00000932,0.00000924,0.00000933
1.380000,0.00000946,0.00000920,0.00000934,0.00000939,0.00000933,0.00000932,0.00000925,0.00000933
1.382000,0.00000946,0.00000920,0.00000934,0.00000939,0.00000933,0.00000932,0.00000925,0.00000933
1.384000,0.00000946,0.00000920,0.00000934,0.00000939,0.00000933,0.00000932,0.00000925,0.00000933
1.386000,0.00000946,0.00000920,0.00000934,0.00000939,0.00000933,0.00000932,0.00000925,0.00000933
1.388000,0.00000946,0.00000920,0.00000934,0.00000939,0.00000933,0.00000932,0.00000925,0.00000934
1.390000,0.00000946,0.00000920,0.00000934,0.00000939,0.00000933,0.00000932,0.00000925,0.00000934
1.392000,0.00000946,0.00000920,0.00000934,0.00000939,0.00000933,0.00000932,0.00000925,0.00000934
1.394000,0.00000946,0.00000920,0.00000934,0.00000939,0.00000933,0.00000932,0.00000925,0.00000934
1.396000,0.00000946,0.00000920,0.00000934,0.00000939,0.00000933,0.00000932,0.00000925,0.00000934
1.398000,0.00000946,0.00000920,0.00000934,0.00000939,0.00000933,0.00000932,0.00000925,0.00000934
1.400000,0.00000946,0.00000920,0.00000935,0.00000939,0.00000934,0.00000932,0.00000925,0.00000934
1.402000,0.00000946,0.00000921,0.00000935,0.00000939,0.00000934,0.00000932,0.00000925,0.00000934
1.404000,0.00000946,0.00000921,0.00000935,0.00000939,0.00000934,0.00000932,0.00000925,0.00000934
1.406000,0.00000946,0.00000921,0.00000935,0.00000939,0.00000934,0.00000932,0.00000925,0.00000934
1.408000,0.00000946,0.00000921,0.00000935,0.00000940,0.00000934,0.00000932,0.00000925,0.00000934
1.410000,0.00000946,0.00000921,0.00000935,0.00000940,0.00000934,0.00000932,0.00000925,0.00000934
1.412000,0.00000946,0.00000921,0.00000935,0.00000940,0.00000934,0.00000932,0.00000925,0.00000934
1.414000,0.00000946,0.00000921,0.00000935,0.00000940,0.00000934,0.00000933,0.00000925,0.00000934
1.416000,0.00000947,0.00000921,0.00000935,0.00000940,0.00000934,0.00000933,0.00000925,0.00000934
1.418000,0.00000947,0.00000921,0.00000935,0.00000940,0.00000934,0.00000933,0.00000926,0.00000934
1.420000,0.00000947,0.00000921,0.00000935,0.00000940,0.00000934,0.00000933,0.00000926,0.00000934
1.422000,0.00000947,0.00000921,0.00000935,0.00000940,0.00000934,0.00000933,0.00000926,0.00000934
1.424000,0.00000947,0.00000921,0.00000935,0.00000940,0.00000934,0.00000933,0.00000926,0.00000935
1.426000,0.00000947,0.00000921,0.00000935,0.00000940,0.00000934,0.00000933,0.00000926,0.00000935
1.428000,0.00000947,0.00000921,0.00000935,0.00000940,0.00000934,0.00000933,0.00000926,0.00000935
1.430000,0.00000947,0.00000921,0.00000935,0.00000940,0.00000934,0.00000933,0.00000926,0.00000935
1.432000,0.00000947,0.00000921,0.00000935,0.00000940,0.00000934,0.00000933,0.00000926,0.00000935
1.434000,0.00000947,0.00000921,0.00000935,0.00000940,0.00000934,0.00000933,0.00000926,0.00000935
1.436000,0.00000947,0.00000921,0.00000935,0.00000940,0.00000934,0.00000933,0.00000926,0.00000935
1.438000,0.00000947,0.00000921,0.00000936,0.00000940,0.00000935,0.00000933,0.00000926,0.00000935
1.440000,0.00000947,0.00000922,0.00000936,0.00000940,0.00000935,0.00000933,0.00000926,0.00000935
1.442000,0.00000947,0.00000922,0.00000936,0.00000940,0.00000935,0.00000933,0.00000926,0.00000935
1.444000,0.00000947,0.00000922,0.00000936,0.00000940,0.00000935,0.00000933,0.00000926,0.00000935
1.446000,0.00000947,0.00000922,0.00000936,0.00000941,0.00000935,0.00000933,0.00000926,0.00000935
1.448000,0.00000947,0.00000922,0.00000936,0.00000941,0.00000935,0.00000933,0.00000926,0.00000935
1.450000,0.00000947,0.00000922,0.00000936,0.00000941,0.00000935,0.00000933,0.00000926,0.00000935
1.452000,0.00000948,0.00000922,0.00000936,0.00000941,0.00000935,0.00000934,0.00000926,0.00000935
1.454000,0.00000948,0.00000922,0.00000936,0.00000941,0.00000935,0.00000934,0.00000926,0.00000935
1.456000,0.00000948,0.00000922,0.00000936,0.00000941,0.00000935,0.00000934,0.00000927,0.00000935
1.458000,0.00000948,0.00000922,0.00000936,0.00000941,0.00000935,0.00000934,0.00000927,0.00000935
1.460000,0.00000948,0.00000922,0.00000936,0.00000941,0.00000935,0.00000934,0.00000927,0.00000935
1.462000,0.00000948,0.00000922,0.00000936,0.00000941,0.00000935,0.00000934,0.00000927,0.00000936
1.464000,0.00000948,0.00000922,0.00000936,0.00000941,0.00000935,0.00000934,0.00000927,0.00000936
1.466000,0.00000948,0.00000922,0.00000936,0.00000941,0.00000935,0.00000934,0.00000927,0.00000936
1.468000,0.00000948,0.00000922,0.00000936,0.00000941,0.00000935,0.00000934,0.00000927,0.00000936
1.470000,0.00000948,0.00000922,0.00000936,0.00000941,0.00000935,0.00000934,0.00000927,0.00000936
1.472000,0.00000948,0.00000922,0.00000936,0.00000941,0.00000935,0.00000934,0.00000927,0.00000936
1.474000,0.00000948,0.00000922,0.00000937,0.00000941,0.00000936,0.00000934,0.00000927,0.00000936
1.476000,0.00000948,0.00000922,0.00000937,0.00000941,0.00000936,0.00000934,0.00000927,0.00000936
1.478000,0.00000948,0.00000923,0.00000937,0.00000941,0.00000936,0.00000934,0.00000927,0.00000936
1.480000,0.00000948,0.00000923,0.00000937,0.00000941,0.00000936,0.00000934,0.00000927,0.00000936
1.482000,0.00000948,0.00000923,0.00000937,0.00000942,0.00000936,0.00000934,0.00000927,0.00000936
1.484000,0.00000948,0.00000923,0.00000937,0.00000942,0.00000936,0.00000934,0.00000927,0.00000936
1.486000,0.00000948,0.00000923,0.00000937,0.00000942,0.00000936,0.00000934,0.00000927,0.00000936
1.488000,0.00000949,0.00000923,0.00000937,0.00000942,0.00000936,0.00000935,0.00000927,0.00000936
1.490000,0.00000949,0.00000923,0.00000937,0.00000942,0.00000936,0.00000935,0.00000927,0.00000936
1.492000,0.00000949,0.00000923,0.00000937,0.00000942,0.00000936,0.00000935,0.00000928,0.00000936
1.494000,0.00000949,0.00000923,0.00000937,0.00000942,0.00000936,0.00000935,0.00000928,0.00000936
1.496000,0.00000949,0.00000923,0.00000937,0.00000942,0.00000936,0.00000935,0.00000928,0.00000936
1.498000,0.00000949,0.00000923,0.00000937,0.00000942,0.00000936,0.00000935,0.00000928,0.00000937
1.500000,0.00000949,0.00000923,0.00000937,0.00000942,0.00000936,0.00000935,0.00000928,0.00000937
1.502000,0.00000949,0.00000923,0.00000937,0.00000942,0.00000936,0.00000935,0.00000928,0.00000937
1.504000,0.00000949,0.00000923,0.00000937,0.00000942,0.00000936,0.00000935,0.00000928,0.00000937
1.506000,0.00000949,0.00000923,0.00000937,0.00000942,0.00000936,0.00000935,0.00000928,0.00000937
1.508000,0.00000949,0.00000923,0.00000937,0.00000942,0.00000936,0.00000935,0.00000928,0.00000937
1.510000,0.00000949,0.00000923,0.00000937,0.00000942,0.00000936,0.00000935,0.00000928,0.00000937
1.512000,0.00000949,0.00000923,0.00000938,0.00000942,0.00000937,0.00000935,0.00000928,0.00000937
1.514000,0.00000949,0.00000923,0.00000938,0.00000942,0.00000937,0.00000935,0.00000928,0.00000937
1.516000,0.00000949,0.00000924,0.00000938,0.00000942,0.00000937,0.00000935,0.00000928,0.00000937
1.518000,0.00000949,0.00000924,0.00000938,0.00000943,0.00000937,0.00000935,0.00000928,0.00000937
1.520000,0.00000949,0.00000924,0.00000938,0.00000943,0.00000937,0.00000935,0.00000928,0.00000937
1.522000,0.00000949,0.00000924,0.00000938,0.00000943,0.00000937,0.00000935,0.00000928,0.00000937
1.524000,0.00000950,0.00000924,0.00000938,0.00000943,0.00000937,0.00000935,0.00000928,0.00000937
1.526000,0.00000950,0.00000924,0.00000938,0.00000943,0.00000937,0.00000936,0.00000928,0.00000937
1.528000,0.00000950,0.00000924,0.00000938,0.00000943,0.00000937,0.00000936,0.00000928,0.00000937
1.530000,0.00000950,0.00000924,0.00000938,0.00000943,0.00000937,0.00000936,0.00000929,0.00000937
1.532000,0.00000950,0.00000924,0.00000938,0.00000943,0.00000937,0.00000936,0.00000929,0.00000937
1.534000,0.00000950,0.00000924,0.00000938,0.00000943,0.00000937,0.00000936,0.00000929,0.00000937
1.536000,0.00000950,0.00000924,0.00000938,0.00000943,0.00000937,0.00000936,0.00000929,0.00000938
1.538000,0.00000950,0.00000924,0.00000938,0.00000943,0.00000937,0.00000936,0.00000929,0.00000938
1.540000,0.00000950,0.00000924,0.00000938,0.00000943,0.00000937,0.00000936,0.00000929,0.00000938
1.542000,0.00000950,0.00000924,0.00000938,0.00000943,0.00000937,0.00000936,0.00000929,0.00000938
1.544000,0.00000950,0.00000924,0.00000938,0.00000943,0.00000937,0.00000936,0.00000929,0.00000938
1.546000,0.00000950,0.00000924,0.00000938,0.00000943,0.00000937,0.00000936,0.00000929,0.00000938
1.548000,0.00000950,0.00000924,0.00000939,0.00000943,0.00000938,0.00000936,0.00000929,0.00000938
1.550000,0.00000950,0.00000924,0.00000939,0.00000943,0.00000938,0.00000936,0.00000929,0.00000938
1.552000,0.00000950,0.00000924,0.00000939,0.00000943,0.00000938,0.00000936,0.00000929,0.00000938
1.554000,0.00000950,0.00000925,0.00000939,0.00000943,0.00000938,0.00000936,0.00000929,0.00000938
1.556000,0.00000950,0.00000925,0.00000939,0.00000944,0.00000938,0.00000936,0.00000929,0.00000938
1.558000,0.00000950,0.00000925,0.00000939,0.00000944,0.00000938,0.00000936,0.00000929,0.00000938
1.560000,0.00000950,0.00000925,0.00000939,0.00000944,0.00000938,0.00000936,0.00000929,0.00000938
1.562000,0.00000951,0.00000925,0.00000939,0.00000944,0.00000938,0.00000937,0.00000929,0.00000938
1.564000,0.00000951,0.00000925,0.00000939,0.00000944,0.00000938,0.00000937,0.00000929,0.00000938
1.566000,0.00000951,0.00000925,0.00000939,0.00000944,0.00000938,0.00000937,0.00000929,0.00000938
1.568000,0.00000951,0.00000925,0.00000939,0.00000944,0.00000938,0.00000937,0.00000930,0.00000938
1.570000,0.00000951,0.00000925,0.00000939,0.00000944,0.00000938,0.00000937,0.00000930,0.00000938
1.572000,0.00000951,0.00000925,0.00000939,0.00000944,0.00000938,0.00000937,0.00000930,0.00000939
1.574000,0.00000951,0.00000925,0.00000939,0.00000944,0.00000938,0.00000937,0.00000930,0.00000939
1.576000,0.00000951,0.00000925,0.00000939,0.00000944,0.00000938,0.00000937,0.00000930,0.00000939
1.578000,0.00000951,0.00000925,0.00000939,0.00000944,0.00000938,0.00000937,0.00000930,0.00000939
1.580000,0.00000951,0.00000925,0.00000939,0.00000944,0.00000938,0.00000937,0.00000930,0.00000939
1.582000,0.00000951,0.00000925,0.00000939,0.00000944,0.00000938,0.00000937,0.00000930,0.00000939
1.584000,0.00000951,0.00000925,0.00000939,0.00000944,0.00000938,0.00000937,0.00000930,0.00000939
1.586000,0.00000951,0.00000925,0.00000940,0.00000944,0.00000939,0.00000937,0.00000930,0.00000939
1.588000,0.00000951,0.00000925,0.00000940,0.00000944,0.00000939,0.00000937,0.00000930,0.00000939
1.590000,0.00000951,0.00000925,0.00000940,0.00000944,0.00000939,0.00000937,0.00000930,0.00000939
1.592000,0.00000951,0.00000926,0.00000940,0.00000945,0.00000939,0.00000937,0.00000930,0.00000939
1.594000,0.00000951,0.00000926,0.00000940,0.00000945,0.00000939,0.00000937,0.00000930,0.00000939
1.596000,0.00000951,0.00000926,0.00000940,0.00000945,0.00000939,0.00000937,0.00000930,0.00000939
1.598000,0.00000952,0.00000926,0.00000940,0.00000945,0.00000939,0.00000937,0.00000930,0.00000939
1.600000,0.00000952,0.00000926,0.00000940,0.00000945,0.00000939,0.00000938,0.00000930,0.00000939
1.602000,0.00000952,0.00000926,0.00000940,0.00000945,0.00000939,0.00000938,0.00000930,0.00000939
1.604000,0.00000952,0.00000926,0.00000940,0.00000945,0.00000939,0.00000938,0.00000930,0.00000939
1.606000,0.00000952,0.00000926,0.00000940,0.00000945,0.00000939,0.00000938,0.00000931,0.00000939
1.608000,0.00000952,0.00000926,0.00000940,0.00000945,0.00000939,0.00000938,0.00000931,0.00000940
1.610000,0.00000952,0.00000926,0.00000940,0.00000945,0.00000939,0.00000938,0.00000931,0.00000940
1.612000,0.00000952,0.00000926,0.00000940,0.00000945,0.00000939,0.00000938,0.00000931,0.00000940
1.614000,0.00000952,0.00000926,0.00000940,0.00000945,0.00000939,0.00000938,0.00000931,0.00000940
1.616000,0.00000952,0.00000926,0.00000940,0.00000945,0.00000939,0.00000938,0.00000931,0.00000940
1.618000,0.00000952,0.00000926,0.00000940,0.00000945,0.00000939,0.00000938,0.00000931,0.00000940
1.620000,0.00000952,0.00000926,0.00000940,0.00000945,0.00000939,0.00000938,0.00000931,0.00000940
1.622000,0.00000952,0.00000926,0.00000941,0.00000945,0.00000940,0.00000938,0.00000931,0.00000940
1.624000,0.00000952,0.00000926,0.00000941,0.00000945,0.00000940,0.00000938,0.00000931,0.00000940
1.626000,0.00000952,0.00000926,0.00000941,0.00000945,0.00000940,0.00000938,0.00000931,0.00000940
1.628000,0.00000952,0.00000927,0.00000941,0.00000946,0.00000940,0.00000938,0.00000931,0.00000940
1.630000,0.00000952,0.00000927,0.00000941,0.00000946,0.00000940,0.00000938,0.00000931,0.00000940
1.632000,0.00000952,0.00000927,0.00000941,0.00000946,0.00000940,0.00000938,0.00000931,0.00000940
1.634000,0.00000953,0.00000927,0.00000941,0.00000946,0.00000940,0.00000938,0.00000931,0.00000940
1.636000,0.00000953,0.00000927,0.00000941,0.00000946,0.00000940,0.00000939,0.00000931,0.00000940
1.638000,0.00000953,0.00000927,0.00000941,0.00000946,0.00000940,0.00000939,0.00000931,0.00000940
1.640000,0.00000953,0.00000927,0.00000941,0.00000946,0.00000940,0.00000939,0.00000931,0.00000940
1.642000,0.00000953,0.00000927,0.00000941,0.00000946,0.00000940,0.00000939,0.00000932,0.00000940
1.644000,0.00000953,0.00000927,0.00000941,0.00000946,0.00000940,0.00000939,0.00000932,0.00000940
1.646000,0.00000953,0.00000927,0.00000941,0.00000946,0.00000940,0.00000939,0.00000932,0.00000941
1.648000,0.00000953,0.00000927,0.00000941,0.00000946,0.00000940,0.00000939,0.00000932,0.00000941
1.650000,0.00000953,0.00000927,0.00000941,0.00000946,0.00000940,0.00000939,0.00000932,0.00000941
1.652000,0.00000953,0.00000927,0.00000941,0.00000946,0.00000940,0.00000939,0.00000932,0.00000941
1.654000,0.00000953,0.00000927,0.00000941,0.00000946,0.00000940,0.00000939,0.00000932,0.00000941
1.656000,0.00000953,0.00000927,0.00000941,0.00000946,0.00000940,0.00000939,0.00000932,0.00000941
1.658000,0.00000953,0.00000927,0.00000942,0.00000946,0.00000940,0.00000939,0.00000932,0.00000941
1.660000,0.00000953,0.00000927,0.00000942,0.00000946,0.00000941,0.00000939,0.00000932,0.00000941
1.662000,0.00000953,0.00000927,0.00000942,0.00000946,0.00000941,0.00000939,0.00000932,0.00000941
1.664000,0.00000953,0.00000927,0.00000942,0.00000947,0.00000941,0.00000939,0.00000932,0.00000941
1.666000,0.00000953,0.00000928,0.00000942,0.00000947,0.00000941,0.00000939,0.00000932,0.00000941
1.668000,0.00000953,0.00000928,0.00000942,0.00000947,0.00000941,0.00000939,0.00000932,0.00000941
1.670000,0.00000954,0.00000928,0.00000942,0.00000947,0.00000941,0.00000939,0.00000932,0.00000941
1.672000,0.00000954,0.00000928,0.00000942,0.00000947,0.00000941,0.00000940,0.00000932,0.00000941
1.674000,0.00000954,0.00000928,0.00000942,0.00000947,0.00000941,0.00000940,0.00000932,0.00000941
1.676000,0.00000954,0.00000928,0.00000942,0.00000947,0.00000941,0.00000940,0.00000932,0.00000941
1.678000,0.00000954,0.00000928,0.00000942,0.00000947,0.00000941,0.00000940,0.00000932,0.00000941
1.680000,0.00000954,0.00000928,0.00000942,0.00000947,0.00000941,0.00000940,0.00000933,0.00000941
1.682000,0.00000954,0.00000928,0.00000942,0.00000947,0.00000941,0.00000940,0.00000933,0.00000942
1.684000,0.00000954,0.00000928,0.00000942,0.00000947,0.00000941,0.00000940,0.00000933,0.00000942
1.686000,0.00000954,0.00000928,0.00000942,0.00000947,0.00000941,0.00000940,0.00000933,0.00000942
1.688000,0.00000954,0.00000928,0.00000942,0.00000947,0.00000941,0.00000940,0.00000933,0.00000942
1.690000,0.00000954,0.00000928,0.00000942,0.00000947,0.00000941,0.00000940,0.00000933,0.00000942
1.692000,0.00000954,0.00000928,0.00000942,0.00000947,0.00000941,0.00000940,0.00000933,0.00000942
1.694000,0.00000954,0.00000928,0.00000943,0.00000947,0.00000941,0.00000940,0.00000933,0.00000942
1.696000,0.00000954,0.00000928,0.00000943,0.00000947,0.00000942,0.00000940,0.00000933,0.00000942
1.698000,0.00000954,0.00000928,0.00000943,0.00000947,0.00000942,0.00000940,0.00000933,0.00000942
1.700000,0.00000954,0.00000928,0.00000943,0.00000947,0.00000942,0.00000940,0.00000933,0.00000942
1.702000,0.00000954,0.00000928,0.00000943,0.00000948,0.00000942,0.00000940,0.00000933,0.00000942
1.704000,0.00000955,0.00000929,0.00000943,0.00000948,0.00000942,0.00000940,0.00000933,0.00000942
1.706000,0.00000955,0.00000929,0.00000943,0.00000948,0.00000942,0.00000940,0.00000933,0.00000942
1.708000,0.00000955,0.00000929,0.00000943,0.00000948,0.00000942,0.00000940,0.00000933,0.00000942
1.710000,0.00000955,0.00000929,0.00000943,0.00000948,0.00000942,0.00000941,0.00000933,0.00000942
1.712000,0.00000955,0.00000929,0.00000943,0.00000948,0.00000942,0.00000941,0.00000933,0.00000942
1.714000,0.00000955,0.00000929,0.00000943,0.00000948,0.00000942,0.00000941,0.00000933,0.00000942
1.716000,0.00000955,0.00000929,0.00000943,0.00000948,0.00000942,0.00000941,0.00000934,0.00000942
1.718000,0.00000955,0.00000929,0.00000943,0.00000948,0.00000942,0.00000941,0.00000934,0.00000942
1.720000,0.00000955,0.00000929,0.00000943,0.00000948,0.00000942,0.00000941,0.00000934,0.00000943
1.722000,0.00000955,0.00000929,0.00000943,0.00000948,0.00000942,0.00000941,0.00000934,0.00000943
1.724000,0.00000955,0.00000929,0.00000943,0.00000948,0.00000942,0.00000941,0.00000934,0.00000943
1.726000,0.00000955,0.00000929,0.00000943,0.00000948,0.00000942,0.00000941,0.00000934,0.00000943
1.728000,0.00000955,0.00000929,0.00000943,0.00000948,0.00000942,0.00000941,0.00000934,0.00000943
1.730000,0.00000955,0.00000929,0.00000943,0.00000948,0.00000942,0.00000941,0.00000934,0.00000943
1.732000,0.00000955,0.00000929,0.00000944,0.00000948,0.00000943,0.00000941,0.00000934,0.00000943
1.734000,0.00000955,0.00000929,0.00000944,0.00000948,0.00000943,0.00000941,0.00000934,0.00000943
1.736000,0.00000955,0.00000929,0.00000944,0.00000948,0.00000943,0.00000941,0.00000934,0.00000943
1.738000,0.00000955,0.00000929,0.00000944,0.00000949,0.00000943,0.00000941,0.00000934,0.00000943
1.740000,0.00000956,0.00000929,0.00000944,0.00000949,0.00000943,0.00000941,0.00000934,0.00000943
1.742000,0.00000956,0.00000930,0.00000944,0.00000949,0.00000943,0.00000941,0.00000934,0.00000943
1.744000,0.00000956,0.00000930,0.00000944,0.00000949,0.00000943,0.00000941,0.00000934,0.00000943
1.746000,0.00000956,0.00000930,0.00000944,0.00000949,0.00000943,0.00000942,0.00000934,0.00000943
1.748000,0.00000956,0.00000930,0.00000944,0.00000949,0.00000943,0.00000942,0.00000934,0.00000943
1.750000,0.00000956,0.00000930,0.00000944,0.00000949,0.00000943,0.00000942,0.00000934,0.00000943
1.752000,0.00000956,0.00000930,0.00000944,0.00000949,0.00000943,0.00000942,0.00000934,0.00000943
1.754000,0.00000956,0.00000930,0.00000944,0.00000949,0.00000943,0.00000942,0.00000935,0.00000943
1.756000,0.00000956,0.00000930,0.00000944,0.00000949,0.00000943,0.00000942,0.00000935,0.00000944
1.758000,0.00000956,0.00000930,0.00000944,0.00000949,0.00000943,0.00000942,0.00000935,0.00000944
1.760000,0.00000956,0.00000930,0.00000944,0.00000949,0.00000943,0.00000942,0.00000935,0.00000944
1.762000,0.00000956,0.00000930,0.00000944,0.00000949,0.00000943,0.00000942,0.00000935,0.00000944
1.764000,0.00000956,0.00000930,0.00000944,0.00000949,0.00000943,0.00000942,0.00000935,0.00000944
1.766000,0.00000956,0.00000930,0.00000944,0.00000949,0.00000943,0.00000942,0.00000935,0.00000944
1.768000,0.00000956,0.00000930,0.00000945,0.00000949,0.00000944,0.00000942,0.00000935,0.00000944
1.770000,0.00000956,0.00000930,0.00000945,0.00000949,0.00000944,0.00000942,0.00000935,0.00000944
1.772000,0.00000956,0.00000930,0.00000945,0.00000949,0.00000944,0.00000942,0.00000935,0.00000944
1.774000,0.00000956,0.00000930,0.00000945,0.00000950,0.00000944,0.00000942,0.00000935,0.00000944
1.776000,0.00000957,0.00000930,0.00000945,0.00000950,0.00000944,0.00000942,0.00000935,0.00000944
1.778000,0.00000957,0.00000930,0.00000945,0.00000950,0.00000944,0.00000942,0.00000935,0.00000944
1.780000,0.00000957,0.00000931,0.00000945,0.00000950,0.00000944,0.00000942,0.00000935,0.00000944
1.782000,0.00000957,0.00000931,0.00000945,0.00000950,0.00000944,0.00000943,0.00000935,0.00000944
1.784000,0.00000957,0.00000931,0.00000945,0.00000950,0.00000944,0.00000943,0.00000935,0.00000944
1.786000,0.00000957,0.00000931,0.00000945,0.00000950,0.00000944,0.00000943,0.00000935,0.00000944
1.788000,0.00000957,0.00000931,0.00000945,0.00000950,0.00000944,0.00000943,0.00000935,0.00000944
1.790000,0.00000957,0.00000931,0.00000945,0.00000950,0.00000944,0.00000943,0.00000936,0.00000944
1.792000,0.00000957,0.00000931,0.00000945,0.00000950,0.00000944,0.00000943,0.00000936,0.00000945
1.794000,0.00000957,0.00000931,0.00000945,0.00000950,0.00000944,0.00000943,0.00000936,0.00000945
1.796000,0.00000957,0.00000931,0.00000945,0.00000950,0.00000944,0.00000943,0.00000936,0.00000945
1.798000,0.00000957,0.00000931,0.00000945,0.00000950,0.00000944,0.00000943,0.00000936,0.00000945
1.800000,0.00000957,0.00000931,0.00000945,0.00000950,0.00000944,0.00000943,0.00000936,0.00000945
1.802000,0.00000957,0.00000931,0.00000945,0.00000950,0.00000944,0.00000943,0.00000936,0.00000945
1.804000,0.00000957,0.00000931,0.00000946,0.00000950,0.00000944,0.00000943,0.00000936,0.00000945
1.806000,0.00000957,0.00000931,0.00000946,0.00000950,0.00000945,0.00000943,0.00000936,0.00000945
1.808000,0.00000957,0.00000931,0.00000946,0.00000950,0.00000945,0.00000943,0.00000936,0.00000945
1.810000,0.00000957,0.00000931,0.00000946,0.00000951,0.00000945,0.00000943,0.00000936,0.00000945
1.812000,0.00000958,0.00000931,0.00000946,0.00000951,0.00000945,0.00000943,0.00000936,0.00000945
1.814000,0.00000958,0.00000931,0.00000946,0.00000951,0.00000945,0.00000943,0.00000936,0.00000945
1.816000,0.00000958,0.00000932,0.00000946,0.00000951,0.00000945,0.00000943,0.00000936,0.00000945
1.818000,0.00000958,0.00000932,0.00000946,0.00000951,0.00000945,0.00000943,0.00000936,0.00000945
1.820000,0.00000958,0.00000932,0.00000946,0.00000951,0.00000945,0.00000944,0.00000936,0.00000945
1.822000,0.00000958,0.00000932,0.00000946,0.00000951,0.00000945,0.00000944,0.00000936,0.00000945
1.824000,0.00000958,0.00000932,0.00000946,0.00000951,0.00000945,0.00000944,0.00000936,0.00000945
1.826000,0.00000958,0.00000932,0.00000946,0.00000951,0.00000945,0.00000944,0.00000936,0.00000945
1.828000,0.00000958,0.00000932,0.00000946,0.00000951,0.00000945,0.00000944,0.00000937,0.00000946
1.830000,0.00000958,0.00000932,0.00000946,0.00000951,0.00000945,0.00000944,0.00000937,0.00000946
1.832000,0.00000958,0.00000932,0.00000946,0.00000951,0.00000945,0.00000944,0.00000937,0.00000946
1.834000,0.00000958,0.00000932,0.00000946,0.00000951,0.00000945,0.00000944,0.00000937,0.00000946
1.836000,0.00000958,0.00000932,0.00000946,0.00000951,0.00000945,0.00000944,0.00000937,0.00000946
1.838000,0.00000958,0.00000932,0.00000946,0.00000951,0.00000945,0.00000944,0.00000937,0.00000946
1.840000,0.00000958,0.00000932,0.00000947,0.00000951,0.00000945,0.00000944,0.00000937,0.00000946
1.842000,0.00000958,0.00000932,0.00000947,0.00000951,0.00000946,0.00000944,0.00000937,0.00000946
1.844000,0.00000958,0.00000932,0.00000947,0.00000951,0.00000946,0.00000944,0.00000937,0.00000946
1.846000,0.00000958,0.00000932,0.00000947,0.00000952,0.00000946,0.00000944,0.00000937,0.00000946
1.848000,0.00000959,0.00000932,0.00000947,0.00000952,0.00000946,0.00000944,0.00000937,0.00000946
1.850000,0.00000959,0.00000932,0.00000947,0.00000952,0.00000946,0.00000944,0.00000937,0.00000946
1.852000,0.00000959,0.00000932,0.00000947,0.00000952,0.00000946,0.00000944,0.00000937,0.00000946
1.854000,0.00000959,0.00000933,0.00000947,0.00000952,0.00000946,0.00000944,0.00000937,0.00000946
1.856000,0.00000959,0.00000933,0.00000947,0.00000952,0.00000946,0.00000945,0.00000937,0.00000946
1.858000,0.00000959,0.00000933,0.00000947,0.00000952,0.00000946,0.00000945,0.00000937,0.00000946
1.860000,0.00000959,0.00000933,0.00000947,0.00000952,0.00000946,0.00000945,0.00000937,0.00000946
1.862000,0.00000959,0.00000933,0.00000947,0.00000952,0.00000946,0.00000945,0.00000937,0.00000946
1.864000,0.00000959,0.00000933,0.00000947,0.00000952,0.00000946,0.00000945,0.00000938,0.00000946
1.866000,0.00000959,0.00000933,0.00000947,0.00000952,0.00000946,0.00000945,0.00000938,0.00000947
1.868000,0.00000959,0.00000933,0.00000947,0.00000952,0.00000946,0.00000945,0.00000938,0.00000947
1.870000,0.00000959,0.00000933,0.00000947,0.00000952,0.00000946,0.00000945,0.00000938,0.00000947
1.872000,0.00000959,0.00000933,0.00000947,0.00000952,0.00000946,0.00000945,0.00000938,0.00000947
1.874000,0.00000959,0.00000933,0.00000947,0.00000952,0.00000946,0.00000945,0.00000938,0.00000947
1.876000,0.00000959,0.00000933,0.00000948,0.00000952,0.00000946,0.00000945,0.00000938,0.00000947
1.878000,0.00000959,0.00000933,0.00000948,0.00000952,0.00000947,0.00000945,0.00000938,0.00000947
1.880000,0.00000959,0.00000933,0.00000948,0.00000952,0.00000947,0.00000945,0.00000938,0.00000947
1.882000,0.00000959,0.00000933,0.00000948,0.00000953,0.00000947,0.00000945,0.00000938,0.00000947
1.884000,0.00000960,0.00000933,0.00000948,0.00000953,0.00000947,0.00000945,0.00000938,0.00000947
1.886000,0.00000960,0.00000933,0.00000948,0.00000953,0.00000947,0.00000945,0.00000938,0.00000947
1.888000,0.00000960,0.00000933,0.00000948,0.00000953,0.00000947,0.00000945,0.00000938,0.00000947
1.890000,0.00000960,0.00000933,0.00000948,0.00000953,0.00000947,0.00000945,0.00000938,0.00000947
1.892000,0.00000960,0.00000934,0.00000948,0.00000953,0.00000947,0.00000946,0.00000938,0.00000947
1.894000,0.00000960,0.00000934,0.00000948,0.00000953,0.00000947,0.00000946,0.00000938,0.00000947
1.896000,0.00000960,0.00000934,0.00000948,0.00000953,0.00000947,0.00000946,0.00000938,0.00000947
1.898000,0.00000960,0.00000934,0.00000948,0.00000953,0.00000947,0.00000946,0.00000938,0.00000947
1.900000,0.00000960,0.00000934,0.00000948,0.00000953,0.00000947,0.00000946,0.00000938,0.00000947
1.902000,0.00000960,0.00000934,0.00000948,0.00000953,0.00000947,0.00000946,0.00000939,0.00000948
1.904000,0.00000960,0.00000934,0.00000948,0.00000953,0.00000947,0.00000946,0.00000939,0.00000948
1.906000,0.00000960,0.00000934,0.00000948,0.00000953,0.00000947,0.00000946,0.00000939,0.00000948
1.908000,0.00000960,0.00000934,0.00000948,0.00000953,0.00000947,0.00000946,0.00000939,0.00000948
1.910000,0.00000960,0.00000934,0.00000948,0.00000953,0.00000947,0.00000946,0.00000939,0.00000948
1.912000,0.00000960,0.00000934,0.00000949,0.00000953,0.00000947,0.00000946,0.00000939,0.00000948
1.914000,0.00000960,0.00000934,0.00000949,0.00000953,0.00000948,0.00000946,0.00000939,0.00000948
1.916000,0.00000960,0.00000934,0.00000949,0.00000953,0.00000948,0.00000946,0.00000939,0.00000948
1.918000,0.00000961,0.00000934,0.00000949,0.00000954,0.00000948,0.00000946,0.00000939,0.00000948
1.920000,0.00000961,0.00000934,0.00000949,0.00000954,0.00000948,0.00000946,0.00000939,0.00000948
1.922000,0.00000961,0.00000934,0.00000949,0.00000954,0.00000948,0.00000946,0.00000939,0.00000948
1.924000,0.00000961,0.00000934,0.00000949,0.00000954,0.00000948,0.00000946,0.00000939,0.00000948
1.926000,0.00000961,0.00000934,0.00000949,0.00000954,0.00000948,0.00000946,0.00000939,0.00000948
1.928000,0.00000961,0.00000935,0.00000949,0.00000954,0.00000948,0.00000947,0.00000939,0.00000948
1.930000,0.00000961,0.00000935,0.00000949,0.00000954,0.00000948,0.00000947,0.00000939,0.00000948
1.932000,0.00000961,0.00000935,0.00000949,0.00000954,0.00000948,0.00000947,0.00000939,0.00000948
1.934000,0.00000961,0.00000935,0.00000949,0.00000954,0.00000948,0.00000947,0.00000939,0.00000948
1.936000,0.00000961,0.00000935,0.00000949,0.00000954,0.00000948,0.00000947,0.00000939,0.00000948
1.938000,0.00000961,0.00000935,0.00000949,0.00000954,0.00000948,0.00000947,0.00000940,0.00000949
1.940000,0.00000961,0.00000935,0.00000949,0.00000954,0.00000948,0.00000947,0.00000940,0.00000949
1.942000,0.00000961,0.00000935,0.00000949,0.00000954,0.00000948,0.00000947,0.00000940,0.00000949
1.944000,0.00000961,0.00000935,0.00000949,0.00000954,0.00000948,0.00000947,0.00000940,0.00000949
1.946000,0.00000961,0.00000935,0.00000949,0.00000954,0.00000948,0.00000947,0.00000940,0.00000949
1.948000,0.00000961,0.00000935,0.00000949,0.00000954,0.00000948,0.00000947,0.00000940,0.00000949
1.950000,0.00000961,0.00000935,0.00000950,0.00000954,0.00000949,0.00000947,0.00000940,0.00000949
1.952000,0.00000961,0.00000935,0.00000950,0.00000954,0.00000949,0.00000947,0.00000940,0.00000949
1.954000,0.00000962,0.00000935,0.00000950,0.00000955,0.00000949,0.00000947,0.00000940,0.00000949
1.956000,0.00000962,0.00000935,0.00000950,0.00000955,0.00000949,0.00000947,0.00000940,0.00000949
1.958000,0.00000962,0.00000935,0.00000950,0.00000955,0.00000949,0.00000947,0.00000940,0.00000949
1.960000,0.00000962,0.00000935,0.00000950,0.00000955,0.00000949,0.00000947,0.00000940,0.00000949
1.962000,0.00000962,0.00000935,0.00000950,0.00000955,0.00000949,0.00000947,0.00000940,0.00000949
1.964000,0.00000962,0.00000935,0.00000950,0.00000955,0.00000949,0.00000947,0.00000940,0.00000949
1.966000,0.00000962,0.00000936,0.00000950,0.00000955,0.00000949,0.00000948,0.00000940,0.00000949
1.968000,0.00000962,0.00000936,0.00000950,0.00000955,0.00000949,0.00000948,0.00000940,0.00000949
1.970000,0.00000962,0.00000936,0.00000950,0.00000955,0.00000949,0.00000948,0.00000940,0.00000949
1.972000,0.00000962,0.00000936,0.00000950,0.00000955,0.00000949,0.00000948,0.00000940,0.00000949
1.974000,0.00000962,0.00000936,0.00000950,0.00000955,0.00000949,0.00000948,0.00000940,0.00000950
1.976000,0.00000962,0.00000936,0.00000950,0.00000955,0.00000949,0.00000948,0.00000941,0.00000950
1.978000,0.00000962,0.00000936,0.00000950,0.00000955,0.00000949,0.00000948,0.00000941,0.00000950
1.980000,0.00000962,0.00000936,0.00000950,0.00000955,0.00000949,0.00000948,0.00000941,0.00000950
1.982000,0.00000962,0.00000936,0.00000950,0.00000955,0.00000949,0.00000948,0.00000941,0.00000950
1.984000,0.00000962,0.00000936,0.00000950,0.00000955,0.00000949,0.00000948,0.00000941,0.00000950
1.986000,0.00000962,0.00000936,0.00000951,0.00000955,0.00000949,0.00000948,0.00000941,0.00000950
1.988000,0.00000962,0.00000936,0.00000951,0.00000955,0.00000950,0.00000948,0.00000941,0.00000950
1.990000,0.00000963,0.00000936,0.00000951,0.00000956,0.00000950,0.00000948,0.00000941,0.00000950
1.992000,0.00000963,0.00000936,0.00000951,0.00000956,0.00000950,0.00000948,0.00000941,0.00000950
1.994000,0.00000963,0.00000936,0.00000951,0.00000956,0.00000950,0.00000948,0.00000941,0.00000950
1.996000,0.00000963,0.00000936,0.00000951,0.00000956,0.00000950,0.00000948,0.00000941,0.00000950
1.998000,0.00000963,0.00000936,0.00000951,0.00000956,0.00000950,0.00000948,0.00000941,0.00000950
2.000000,0.00000963,0.00000936,0.00000951,0.00000956,0.00000950,0.00000948,0.00000941,0.00000950
2.002000,0.00000963,0.00000937,0.00000951,0.00000956,0.00000950,0.00000949,0.00000941,0.00000950
2.004000,0.00000963,0.00000937,0.00000951,0.00000956,0.00000950,0.00000949,0.00000941,0.00000950
2.006000,0.00000963,0.00000937,0.00000951,0.00000956,0.00000950,0.00000949,0.00000941,0.00000950
2.008000,0.00000963,0.00000937,0.00000951,0.00000956,0.00000950,0.00000949,0.00000941,0.00000950
2.010000,0.00000963,0.00000937,0.00000951,0.00000956,0.00000950,0.00000949,0.00000941,0.00000951
2.012000,0.00000963,0.00000937,0.00000951,0.00000956,0.00000950,0.00000949,0.00000942,0.00000951
2.014000,0.00000963,0.00000937,0.00000951,0.00000956,0.00000950,0.00000949,0.00000942,0.00000951
2.016000,0.00000963,0.00000937,0.00000951,0.00000956,0.00000950,0.00000949,0.00000942,0.00000951
2.018000,0.00000963,0.00000937,0.00000951,0.00000956,0.00000950,0.00000949,0.00000942,0.00000951
2.020000,0.00000963,0.00000937,0.00000951,0.00000956,0.00000950,0.00000949,0.00000942,0.00000951
2.022000,0.00000963,0.00000937,0.00000952,0.00000956,0.00000950,0.00000949,0.00000942,0.00000951
2.024000,0.00000963,0.00000937,0.00000952,0.00000956,0.00000951,0.00000949,0.00000942,0.00000951
2.026000,0.00000964,0.00000937,0.00000952,0.00000957,0.00000951,0.00000949,0.00000942,0.00000951
2.028000,0.00000964,0.00000937,0.00000952,0.00000957,0.00000951,0.00000949,0.00000942,0.00000951
2.030000,0.00000964,0.00000937,0.00000952,0.00000957,0.00000951,0.00000949,0.00000942,0.00000951
2.032000,0.00000964,0.00000937,0.00000952,0.00000957,0.00000951,0.00000949,0.00000942,0.00000951
2.034000,0.00000964,0.00000937,0.00000952,0.00000957,0.00000951,0.00000949,0.00000942,0.00000951
2.036000,0.00000964,0.00000937,0.00000952,0.00000957,0.00000951,0.00000949,0.00000942,0.00000951
2.038000,0.00000964,0.00000937,0.00000952,0.00000957,0.00000951,0.00000950,0.00000942,0.00000951
2.040000,0.00000964,0.00000938,0.00000952,0.00000957,0.00000951,0.00000950,0.00000942,0.00000951
2.042000,0.00000964,0.00000938,0.00000952,0.00000957,0.00000951,0.00000950,0.00000942,0.00000951
2.044000,0.00000964,0.00000938,0.00000952,0.00000957,0.00000951,0.00000950,0.00000942,0.00000951
2.046000,0.00000964,0.00000938,0.00000952,0.00000957,0.00000951,0.00000950,0.00000942,0.00000952
2.048000,0.00000964,0.00000938,0.00000952,0.00000957,0.00000951,0.00000950,0.00000943,0.00000952
2.050000,0.00000964,0.00000938,0.00000952,0.00000957,0.00000951,0.00000950,0.00000943,0.00000952
2.052000,0.00000964,0.00000938,0.00000952,0.00000957,0.00000951,0.00000950,0.00000943,0.00000952
2.054000,0.00000964,0.00000938,0.00000952,0.00000957,0.00000951,0.00000950,0.00000943,0.00000952
2.056000,0.00000964,0.00000938,0.00000952,0.00000957,0.00000951,0.00000950,0.00000943,0.00000952
2.058000,0.00000964,0.00000938,0.00000953,0.00000957,0.00000951,0.00000950,0.00000943,0.00000952
2.060000,0.00000965,0.00000938,0.00000953,0.00000957,0.00000952,0.00000950,0.00000943,0.00000952
2.062000,0.00000965,0.00000938,0.00000953,0.00000958,0.00000952,0.00000950,0.00000943,0.00000952
2.064000,0.00000965,0.00000938,0.00000953,0.00000958,0.00000952,0.00000950,0.00000943,0.00000952
2.066000,0.00000965,0.00000938,0.00000953,0.00000958,0.00000952,0.00000950,0.00000943,0.00000952
2.068000,0.00000965,0.00000938,0.00000953,0.00000958,0.00000952,0.00000950,0.00000943,0.00000952
2.070000,0.00000965,0.00000938,0.00000953,0.00000958,0.00000952,0.00000950,0.00000943,0.00000952
2.072000,0.00000965,0.00000938,0.00000953,0.00000958,0.00000952,0.00000950,0.00000943,0.00000952
2.074000,0.00000965,0.00000938,0.00000953,0.00000958,0.00000952,0.00000951,0.00000943,0.00000952
2.076000,0.00000965,0.00000939,0.00000953,0.00000958,0.00000952,0.00000951,0.00000943,0.00000952
2.078000,0.00000965,0.00000939,0.00000953,0.00000958,0.00000952,0.00000951,0.00000943,0.00000952
2.080000,0.00000965,0.00000939,0.00000953,0.00000958,0.00000952,0.00000951,0.00000943,0.00000952
2.082000,0.00000965,0.00000939,0.00000953,0.00000958,0.00000952,0.00000951,0.00000943,0.00000953
2.084000,0.00000965,0.00000939,0.00000953,0.00000958,0.00000952,0.00000951,0.00000943,0.00000953
2.086000,0.00000965,0.00000939,0.00000953,0.00000958,0.00000952,0.00000951,0.00000944,0.00000953
2.088000,0.00000965,0.00000939,0.00000953,0.00000958,0.00000952,0.00000951,0.00000944,0.00000953
2.090000,0.00000965,0.00000939,0.00000953,0.00000958,0.00000952,0.00000951,0.00000944,0.00000953
2.092000,0.00000965,0.00000939,0.00000953,0.00000958,0.00000952,0.00000951,0.00000944,0.00000953
2.094000,0.00000965,0.00000939,0.00000954,0.00000958,0.00000952,0.00000951,0.00000944,0.00000953
2.096000,0.00000966,0.00000939,0.00000954,0.00000958,0.00000953,0.00000951,0.00000944,0.00000953
2.098000,0.00000966,0.00000939,0.00000954,0.00000959,0.00000953,0.00000951,0.00000944,0.00000953
2.100000,0.00000966,0.00000939,0.00000954,0.00000959,0.00000953,0.00000951,0.00000944,0.00000953
2.102000,0.00000966,0.00000939,0.00000954,0.00000959,0.00000953,0.00000951,0.00000944,0.00000953
2.104000,0.00000966,0.00000939,0.00000954,0.00000959,0.00000953,0.00000951,0.00000944,0.00000953
2.106000,0.00000966,0.00000939,0.00000954,0.00000959,0.00000953,0.00000951,0.00000944,0.00000953
2.108000,0.00000966,0.00000939,0.00000954,0.00000959,0.00000953,0.00000951,0.00000944,0.00000953
2.110000,0.00000966,0.00000939,0.00000954,0.00000959,0.00000953,0.00000952,0.00000944,0.00000953
2.112000,0.00000966,0.00000939,0.00000954,0.00000959,0.00000953,0.00000952,0.00000944,0.00000953
2.114000,0.00000966,0.00000940,0.00000954,0.00000959,0.00000953,0.00000952,0.00000944,0.00000953
2.116000,0.00000966,0.00000940,0.00000954,0.00000959,0.00000953,0.00000952,0.00000944,0.00000953
2.118000,0.00000966,0.00000940,0.00000954,0.00000959,0.00000953,0.00000952,0.00000944,0.00000954
2.120000,0.00000966,0.00000940,0.00000954,0.00000959,0.00000953,0.00000952,0.00000944,0.00000954
2.122000,0.00000966,0.00000940,0.00000954,0.00000959,0.00000953,0.00000952,0.00000945,0.00000954
2.124000,0.00000966,0.00000940,0.00000954,0.00000959,0.00000953,0.00000952,0.00000945,0.00000954
2.126000,0.00000966,0.00000940,0.00000954,0.00000959,0.00000953,0.00000952,0.00000945,0.00000954
2.128000,0.00000966,0.00000940,0.00000955,0.00000959,0.00000953,0.00000952,0.00000945,0.00000954
2.130000,0.00000966,0.00000940,0.00000955,0.00000959,0.00000953,0.00000952,0.00000945,0.00000954
2.132000,0.00000967,0.00000940,0.00000955,0.00000960,0.00000954,0.00000952,0.00000945,0.00000954
2.134000,0.00000967,0.00000940,0.00000955,0.00000960,0.00000954,0.00000952,0.00000945,0.00000954
2.136000,0.00000967,0.00000940,0.00000955,0.00000960,0.00000954,0.00000952,0.00000945,0.00000954
2.138000,0.00000967,0.00000940,0.00000955,0.00000960,0.00000954,0.00000952,0.00000945,0.00000954
2.140000,0.00000967,0.00000940,0.00000955,0.00000960,0.00000954,0.00000952,0.00000945,0.00000954
2.142000,0.00000967,0.00000940,0.00000955,0.00000960,0.00000954,0.00000952,0.00000945,0.00000954
2.144000,0.00000967,0.00000940,0.00000955,0.00000960,0.00000954,0.00000952,0.00000945,0.00000954
2.146000,0.00000967,0.00000940,0.00000955,0.00000960,0.00000954,0.00000953,0.00000945,0.00000954
2.148000,0.00000967,0.00000940,0.00000955,0.00000960,0.00000954,0.00000953,0.00000945,0.00000954
2.150000,0.00000967,0.00000941,0.00000955,0.00000960,0.00000954,0.00000953,0.00000945,0.00000954
2.152000,0.00000967,0.00000941,0.00000955,0.00000960,0.00000954,0.00000953,0.00000945,0.00000954
2.154000,0.00000967,0.00000941,0.00000955,0.00000960,0.00000954,0.00000953,0.00000945,0.00000955
2.156000,0.00000967,0.00000941,0.00000955,0.00000960,0.00000954,0.00000953,0.00000945,0.00000955
2.158000,0.00000967,0.00000941,0.00000955,0.00000960,0.00000954,0.00000953,0.00000946,0.00000955
2.160000,0.00000967,0.00000941,0.00000955,0.00000960,0.00000954,0.00000953,0.00000946,0.00000955
2.162000,0.00000967,0.00000941,0.00000955,0.00000960,0.00000954,0.00000953,0.00000946,0.00000955
2.164000,0.00000967,0.00000941,0.00000956,0.00000960,0.00000954,0.00000953,0.00000946,0.00000955
2.166000,0.00000968,0.00000941,0.00000956,0.00000960,0.00000954,0.00000953,0.00000946,0.00000955
2.168000,0.00000968,0.00000941,0.00000956,0.00000961,0.00000955,0.00000953,0.00000946,0.00000955
2.170000,0.00000968,0.00000941,0.00000956,0.00000961,0.00000955,0.00000953,0.00000946,0.00000955
2.172000,0.00000968,0.00000941,0.00000956,0.00000961,0.00000955,0.00000953,0.00000946,0.00000955
2.174000,0.00000968,0.00000941,0.00000956,0.00000961,0.00000955,0.00000953,0.00000946,0.00000955
2.176000,0.00000968,0.00000941,0.00000956,0.00000961,0.00000955,0.00000953,0.00000946,0.00000955
2.178000,0.00000968,0.00000941,0.00000956,0.00000961,0.00000955,0.00000953,0.00000946,0.00000955
2.180000,0.00000968,0.00000941,0.00000956,0.00000961,0.00000955,0.00000953,0.00000946,0.00000955
2.182000,0.00000968,0.00000941,0.00000956,0.00000961,0.00000955,0.00000954,0.00000946,0.00000955
2.184000,0.00000968,0.00000941,0.00000956,0.00000961,0.00000955,0.00000954,0.00000946,0.00000955
2.186000,0.00000968,0.00000941,0.00000956,0.00000961,0.00000955,0.00000954,0.00000946,0.00000955
2.188000,0.00000968,0.00000942,0.00000956,0.00000961,0.00000955,0.00000954,0.00000946,0.00000955
2.190000,0.00000968,0.00000942,0.00000956,0.00000961,0.00000955,0.00000954,0.00000946,0.00000956
2.192000,0.00000968,0.00000942,0.00000956,0.00000961,0.00000955,0.00000954,0.00000946,0.00000956
2.194000,0.00000968,0.00000942,0.00000956,0.00000961,0.00000955,0.00000954,0.00000947,0.00000956
2.196000,0.00000968,0.00000942,0.00000956,0.00000961,0.00000955,0.00000954,0.00000947,0.00000956
2.198000,0.00000968,0.00000942,0.00000956,0.00000961,0.00000955,0.00000954,0.00000947,0.00000956
2.200000,0.00000968,0.00000942,0.00000957,0.00000961,0.00000955,0.00000954,0.00000947,0.00000956
2.202000,0.00000969,0.00000942,0.00000957,0.00000961,0.00000955,0.00000954,0.00000947,0.00000956
2.204000,0.00000969,0.00000942,0.00000957,0.00000962,0.00000956,0.00000954,0.00000947,0.00000956
2.206000,0.00000969,0.00000942,0.00000957,0.00000962,0.00000956,0.00000954,0.00000947,0.00000956
2.208000,0.00000969,0.00000942,0.00000957,0.00000962,0.00000956,0.00000954,0.00000947,0.00000956
2.210000,0.00000969,0.00000942,0.00000957,0.00000962,0.00000956,0.00000954,0.00000947,0.00000956
2.212000,0.00000969,0.00000942,0.00000957,0.00000962,0.00000956,0.00000954,0.00000947,0.00000956
2.214000,0.00000969,0.00000942,0.00000957,0.00000962,0.00000956,0.00000954,0.00000947,0.00000956
2.216000,0.00000969,0.00000942,0.00000957,0.00000962,0.00000956,0.00000954,0.00000947,0.00000956
2.218000,0.00000969,0.00000942,0.00000957,0.00000962,0.00000956,0.00000955,0.00000947,0.00000956
2.220000,0.00000969,0.00000942,0.00000957,0.00000962,0.00000956,0.00000955,0.00000947,0.00000956
2.222000,0.00000969,0.00000942,0.00000957,0.00000962,0.00000956,0.00000955,0.00000947,0.00000956
2.224000,0.00000969,0.00000943,0.00000957,0.00000962,0.00000956,0.00000955,0.00000947,0.00000956
2.226000,0.00000969,0.00000943,0.00000957,0.00000962,0.00000956,0.00000955,0.00000947,0.00000957
2.228000,0.00000969,0.00000943,0.00000957,0.00000962,0.00000956,0.00000955,0.00000947,0.00000957
2.230000,0.00000969,0.00000943,0.00000957,0.00000962,0.00000956,0.00000955,0.00000948,0.00000957
2.232000,0.00000969,0.00000943,0.00000957,0.00000962,0.00000956,0.00000955,0.00000948,0.00000957
2.234000,0.00000969,0.00000943,0.00000957,0.00000962,0.00000956,0.00000955,0.00000948,0.00000957
2.236000,0.00000970,0.00000943,0.00000958,0.00000962,0.00000956,0.00000955,0.00000948,0.00000957
2.238000,0.00000970,0.00000943,0.00000958,0.00000962,0.00000956,0.00000955,0.00000948,0.00000957
2.240000,0.00000970,0.00000943,0.00000958,0.00000963,0.00000957,0.00000955,0.00000948,0.00000957
2.242000,0.00000970,0.00000943,0.00000958,0.00000963,0.00000957,0.00000955,0.00000948,0.00000957
2.244000,0.00000970,0.00000943,0.00000958,0.00000963,0.00000957,0.00000955,0.00000948,0.00000957
2.246000,0.00000970,0.00000943,0.00000958,0.00000963,0.00000957,0.00000955,0.00000948,0.00000957
2.248000,0.00000970,0.00000943,0.00000958,0.00000963,0.00000957,0.00000955,0.00000948,0.00000957
2.250000,0.00000970,0.00000943,0.00000958,0.00000963,0.00000957,0.00000955,0.00000948,0.00000957
2.252000,0.00000970,0.00000943,0.00000958,0.00000963,0.00000957,0.00000955,0.00000948,0.00000957
2.254000,0.00000970,0.00000943,0.00000958,0.00000963,0.00000957,0.00000956,0.00000948,0.00000957
2.256000,0.00000970,0.00000943,0.00000958,0.00000963,0.00000957,0.00000956,0.00000948,0.00000957
2.258000,0.00000970,0.00000943,0.00000958,0.00000963,0.00000957,0.00000956,0.00000948,0.00000957
2.260000,0.00000970,0.00000944,0.00000958,0.00000963,0.00000957,0.00000956,0.00000948,0.00000957
2.262000,0.00000970,0.00000944,0.00000958,0.00000963,0.00000957,0.00000956,0.00000948,0.00000958
2.264000,0.00000970,0.00000944,0.00000958,0.00000963,0.00000957,0.00000956,0.00000948,0.00000958
2.266000,0.00000970,0.00000944,0.00000958,0.00000963,0.00000957,0.00000956,0.00000948,0.00000958
2.268000,0.00000970,0.00000944,0.00000958,0.00000963,0.00000957,0.00000956,0.00000949,0.00000958
2.270000,0.00000970,0.00000944,0.00000958,0.00000963,0.00000957,0.00000956,0.00000949,0.00000958
2.272000,0.00000971,0.00000944,0.00000959,0.00000963,0.00000957,0.00000956,0.00000949,0.00000958
2.274000,0.00000971,0.00000944,0.00000959,0.00000964,0.00000958,0.00000956,0.00000949,0.00000958
2.276000,0.00000971,0.00000944,0.00000959,0.00000964,0.00000958,0.00000956,0.00000949,0.00000958
2.278000,0.00000971,0.00000944,0.00000959,0.00000964,0.00000958,0.00000956,0.00000949,0.00000958
2.280000,0.00000971,0.00000944,0.00000959,0.00000964,0.00000958,0.00000956,0.00000949,0.00000958
2.282000,0.00000971,0.00000944,0.00000959,0.00000964,0.00000958,0.00000956,0.00000949,0.00000958
2.284000,0.00000971,0.00000944,0.00000959,0.00000964,0.00000958,0.00000956,0.00000949,0.00000958
2.286000,0.00000971,0.00000944,0.00000959,0.00000964,0.00000958,0.00000956,0.00000949,0.00000958
2.288000,0.00000971,0.00000944,0.00000959,0.00000964,0.00000958,0.00000956,0.00000949,0.00000958
2.290000,0.00000971,0.00000944,0.00000959,0.00000964,0.00000958,0.00000957,0.00000949,0.00000958
2.292000,0.00000971,0.00000944,0.00000959,0.00000964,0.00000958,0.00000957,0.00000949,0.00000958
2.294000,0.00000971,0.00000944,0.00000959,0.00000964,0.00000958,0.00000957,0.00000949,0.00000958
2.296000,0.00000971,0.00000944,0.00000959,0.00000964,0.00000958,0.00000957,0.00000949,0.00000958
2.298000,0.00000971,0.00000945,0.00000959,0.00000964,0.00000958,0.00000957,0.00000949,0.00000959
2.300000,0.00000971,0.00000945,0.00000959,0.00000964,0.00000958,0.00000957,0.00000949,0.00000959
2.302000,0.00000971,0.00000945,0.00000959,0.00000964,0.00000958,0.00000957,0.00000949,0.00000959
2.304000,0.00000971,0.00000945,0.00000959,0.00000964,0.00000958,0.00000957,0.00000950,0.00000959
2.306000,0.00000972,0.00000945,0.00000959,0.00000964,0.00000958,0.00000957,0.00000950,0.00000959
2.308000,0.00000972,0.00000945,0.00000960,0.00000964,0.00000958,0.00000957,0.00000950,0.00000959
2.310000,0.00000972,0.00000945,0.00000960,0.00000965,0.00000959,0.00000957,0.00000950,0.00000959
2.312000,0.00000972,0.00000945,0.00000960,0.00000965,0.00000959,0.00000957,0.00000950,0.00000959
2.314000,0.00000972,0.00000945,0.00000960,0.00000965,0.00000959,0.00000957,0.00000950,0.00000959
2.316000,0.00000972,0.00000945,0.00000960,0.00000965,0.00000959,0.00000957,0.00000950,0.00000959
2.318000,0.00000972,0.00000945,0.00000960,0.00000965,0.00000959,0.00000957,0.00000950,0.00000959
2.320000,0.00000972,0.00000945,0.00000960,0.00000965,0.00000959,0.00000957,0.00000950,0.00000959
2.322000,0.00000972,0.00000945,0.00000960,0.00000965,0.00000959,0.00000957,0.00000950,0.00000959
2.324000,0.00000972,0.00000945,0.00000960,0.00000965,0.00000959,0.00000957,0.00000950,0.00000959
2.326000,0.00000972,0.00000945,0.00000960,0.00000965,0.00000959,0.00000958,0.00000950,0.00000959
2.328000,0.00000972,0.00000945,0.00000960,0.00000965,0.00000959,0.00000958,0.00000950,0.00000959
2.330000,0.00000972,0.00000945,0.00000960,0.00000965,0.00000959,0.00000958,0.00000950,0.00000959
2.332000,0.00000972,0.00000945,0.00000960,0.00000965,0.00000959,0.00000958,0.00000950,0.00000959
2.334000,0.00000972,0.00000946,0.00000960,0.00000965,0.00000959,0.00000958,0.00000950,0.00000960
2.336000,0.00000972,0.00000946,0.00000960,0.00000965,0.00000959,0.00000958,0.00000950,0.00000960
2.338000,0.00000972,0.00000946,0.00000960,0.00000965,0.00000959,0.00000958,0.00000950,0.00000960
2.340000,0.00000972,0.00000946,0.00000960,0.00000965,0.00000959,0.00000958,0.00000951,0.00000960
2.342000,0.00000973,0.00000946,0.00000961,0.00000965,0.00000959,0.00000958,0.00000951,0.00000960
2.344000,0.00000973,0.00000946,0.00000961,0.00000965,0.00000959,0.00000958,0.00000951,0.00000960
2.346000,0.00000973,0.00000946,0.00000961,0.00000966,0.00000960,0.00000958,0.00000951,0.00000960
2.348000,0.00000973,0.00000946,0.00000961,0.00000966,0.00000960,0.00000958,0.00000951,0.00000960
2.350000,0.00000973,0.00000946,0.00000961,0.00000966,0.00000960,0.00000958,0.00000951,0.00000960
2.352000,0.00000973,0.00000946,0.00000961,0.00000966,0.00000960,0.00000958,0.00000951,0.00000960
2.354000,0.00000973,0.00000946,0.00000961,0.00000966,0.00000960,0.00000958,0.00000951,0.00000960
2.356000,0.00000973,0.00000946,0.00000961,0.00000966,0.00000960,0.00000958,0.00000951,0.00000960
2.358000,0.00000973,0.00000946,0.00000961,0.00000966,0.00000960,0.00000958,0.00000951,0.00000960
2.360000,0.00000973,0.00000946,0.00000961,0.00000966,0.00000960,0.00000958,0.00000951,0.00000960
2.362000,0.00000973,0.00000946,0.00000961,0.00000966,0.00000960,0.00000959,0.00000951,0.00000960
2.364000,0.00000973,0.00000946,0.00000961,0.00000966,0.00000960,0.00000959,0.00000951,0.00000960
2.366000,0.00000973,0.00000946,0.00000961,0.00000966,0.00000960,0.00000959,0.00000951,0.00000960
2.368000,0.00000973,0.00000946,0.00000961,0.00000966,0.00000960,0.00000959,0.00000951,0.00000961
2.370000,0.00000973,0.00000947,0.00000961,0.00000966,0.00000960,0.00000959,0.00000951,0.00000961
2.372000,0.00000973,0.00000947,0.00000961,0.00000966,0.00000960,0.00000959,0.00000951,0.00000961
2.374000,0.00000973,0.00000947,0.00000961,0.00000966,0.00000960,0.00000959,0.00000951,0.00000961
2.376000,0.00000974,0.00000947,0.00000961,0.00000966,0.00000960,0.00000959,0.00000952,0.00000961
2.378000,0.00000974,0.00000947,0.00000962,0.00000966,0.00000960,0.00000959,0.00000952,0.00000961
2.380000,0.00000974,0.00000947,0.00000962,0.00000967,0.00000960,0.00000959,0.00000952,0.00000961
2.382000,0.00000974,0.00000947,0.00000962,0.00000967,0.00000961,0.00000959,0.00000952,0.00000961
2.384000,0.00000974,0.00000947,0.00000962,0.00000967,0.00000961,0.00000959,0.00000952,0.00000961
2.386000,0.00000974,0.00000947,0.00000962,0.00000967,0.00000961,0.00000959,0.00000952,0.00000961
2.388000,0.00000974,0.00000947,0.00000962,0.00000967,0.00000961,0.00000959,0.00000952,0.00000961
2.390000,0.00000974,0.00000947,0.00000962,0.00000967,0.00000961,0.00000959,0.00000952,0.00000961
2.392000,0.00000974,0.00000947,0.00000962,0.00000967,0.00000961,0.00000959,0.00000952,0.00000961
2.394000,0.00000974,0.00000947,0.00000962,0.00000967,0.00000961,0.00000959,0.00000952,0.00000961
2.396000,0.00000974,0.00000947,0.00000962,0.00000967,0.00000961,0.00000959,0.00000952,0.00000961
2.398000,0.00000974,0.00000947,0.00000962,0.00000967,0.00000961,0.00000960,0.00000952,0.00000961
2.400000,0.00000974,0.00000947,0.00000962,0.00000967,0.00000961,0.00000960,0.00000952,0.00000961
2.402000,0.00000974,0.00000947,0.00000962,0.00000967,0.00000961,0.00000960,0.00000952,0.00000961
2.404000,0.00000974,0.00000947,0.00000962,0.00000967,0.00000961,0.00000960,0.00000952,0.00000962
2.406000,0.00000974,0.00000948,0.00000962,0.00000967,0.00000961,0.00000960,0.00000952,0.00000962
2.408000,0.00000974,0.00000948,0.00000962,0.00000967,0.00000961,0.00000960,0.00000952,0.00000962
2.410000,0.00000975,0.00000948,0.00000962,0.00000967,0.00000961,0.00000960,0.00000952,0.00000962
2.412000,0.00000975,0.00000948,0.00000962,0.00000967,0.00000961,0.00000960,0.00000953,0.00000962
2.414000,0.00000975,0.00000948,0.00000963,0.00000967,0.00000961,0.00000960,0.00000953,0.00000962
2.416000,0.00000975,0.00000948,0.00000963,0.00000968,0.00000961,0.00000960,0.00000953,0.00000962
2.418000,0.00000975,0.00000948,0.00000963,0.00000968,0.00000962,0.00000960,0.00000953,0.00000962
2.420000,0.00000975,0.00000948,0.00000963,0.00000968,0.00000962,0.00000960,0.00000953,0.00000962
2.422000,0.00000975,0.00000948,0.00000963,0.00000968,0.00000962,0.00000960,0.00000953,0.00000962
2.424000,0.00000975,0.00000948,0.00000963,0.00000968,0.00000962,0.00000960,0.00000953,0.00000962
2.426000,0.00000975,0.00000948,0.00000963,0.00000968,0.00000962,0.00000960,0.00000953,0.00000962
2.428000,0.00000975,0.00000948,0.00000963,0.00000968,0.00000962,0.00000960,0.00000953,0.00000962
2.430000,0.00000975,0.00000948,0.00000963,0.00000968,0.00000962,0.00000960,0.00000953,0.00000962
2.432000,0.00000975,0.00000948,0.00000963,0.00000968,0.00000962,0.00000961,0.00000953,0.00000962
2.434000,0.00000975,0.00000948,0.00000963,0.00000968,0.00000962,0.00000961,0.00000953,0.00000962
2.436000,0.00000975,0.00000948,0.00000963,0.00000968,0.00000962,0.00000961,0.00000953,0.00000962
2.438000,0.00000975,0.00000948,0.00000963,0.00000968,0.00000962,0.00000961,0.00000953,0.00000962
2.440000,0.00000975,0.00000948,0.00000963,0.00000968,0.00000962,0.00000961,0.00000953,0.00000963
2.442000,0.00000975,0.00000949,0.00000963,0.00000968,0.00000962,0.00000961,0.00000953,0.00000963
2.444000,0.00000975,0.00000949,0.00000963,0.00000968,0.00000962,0.00000961,0.00000953,0.00000963
2.446000,0.00000976,0.00000949,0.00000963,0.00000968,0.00000962,0.00000961,0.00000953,0.00000963
2.448000,0.00000976,0.00000949,0.00000963,0.00000968,0.00000962,0.00000961,0.00000954,0.00000963
2.450000,0.00000976,0.00000949,0.00000964,0.00000968,0.00000962,0.00000961,0.00000954,0.00000963
2.452000,0.00000976,0.00000949,0.00000964,0.00000969,0.00000963,0.00000961,0.00000954,0.00000963
2.454000,0.00000976,0.00000949,0.00000964,0.00000969,0.00000963,0.00000961,0.00000954,0.00000963
2.456000,0.00000976,0.00000949,0.00000964,0.00000969,0.00000963,0.00000961,0.00000954,0.00000963
2.458000,0.00000976,0.00000949,0.00000964,0.00000969,0.00000963,0.00000961,0.00000954,0.00000963
2.460000,0.00000976,0.00000949,0.00000964,0.00000969,0.00000963,0.00000961,0.00000954,0.00000963
2.462000,0.00000976,0.00000949,0.00000964,0.00000969,0.00000963,0.00000961,0.00000954,0.00000963
2.464000,0.00000976,0.00000949,0.00000964,0.00000969,0.00000963,0.00000961,0.00000954,0.00000963
2.466000,0.00000976,0.00000949,0.00000964,0.00000969,0.00000963,0.00000961,0.00000954,0.00000963
2.468000,0.00000976,0.00000949,0.00000964,0.00000969,0.00000963,0.00000962,0.00000954,0.00000963
2.470000,0.00000976,0.00000949,0.00000964,0.00000969,0.00000963,0.00000962,0.00000954,0.00000963
2.472000,0.00000976,0.00000949,0.00000964,0.00000969,0.00000963,0.00000962,0.00000954,0.00000963
2.474000,0.00000976,0.00000949,0.00000964,0.00000969,0.00000963,0.00000962,0.00000954,0.00000963
2.476000,0.00000976,0.00000949,0.00000964,0.00000969,0.00000963,0.00000962,0.00000954,0.00000964
2.478000,0.00000976,0.00000949,0.00000964,0.00000969,0.00000963,0.00000962,0.00000954,0.00000964
2.480000,0.00000977,0.00000950,0.00000964,0.00000969,0.00000963,0.00000962,0.00000954,0.00000964
2.482000,0.00000977,0.00000950,0.00000964,0.00000969,0.00000963,0.00000962,0.00000954,0.00000964
2.484000,0.00000977,0.00000950,0.00000965,0.00000969,0.00000963,0.00000962,0.00000955,0.00000964
2.486000,0.00000977,0.00000950,0.00000965,0.00000970,0.00000963,0.00000962,0.00000955,0.00000964
2.488000,0.00000977,0.00000950,0.00000965,0.00000970,0.00000964,0.00000962,0.00000955,0.00000964
2.490000,0.00000977,0.00000950,0.00000965,0.00000970,0.00000964,0.00000962,0.00000955,0.00000964
2.492000,0.00000977,0.00000950,0.00000965,0.00000970,0.00000964,0.00000962,0.00000955,0.00000964
2.494000,0.00000977,0.00000950,0.00000965,0.00000970,0.00000964,0.00000962,0.00000955,0.00000964
2.496000,0.00000977,0.00000950,0.00000965,0.00000970,0.00000964,0.00000962,0.00000955,0.00000964
2.498000,0.00000977,0.00000950,0.00000965,0.00000970,0.00000964,0.00000962,0.00000955,0.00000964
2.500000,0.00000977,0.00000950,0.00000965,0.00000970,0.00000964,0.00000962,0.00000955,0.00000964
2.502000,0.00000977,0.00000950,0.00000965,0.00000970,0.00000964,0.00000962,0.00000955,0.00000964
2.504000,0.00000977,0.00000950,0.00000965,0.00000970,0.00000964,0.00000963,0.00000955,0.00000964
2.506000,0.00000977,0.00000950,0.00000965,0.00000970,0.00000964,0.00000963,0.00000955,0.00000964
2.508000,0.00000977,0.00000950,0.00000965,0.00000970,0.00000964,0.00000963,0.00000955,0.00000964
2.510000,0.00000977,0.00000950,0.00000965,0.00000970,0.00000964,0.00000963,0.00000955,0.00000965
2.512000,0.00000977,0.00000950,0.00000965,0.00000970,0.00000964,0.00000963,0.00000955,0.00000965
2.514000,0.00000978,0.00000950,0.00000965,0.00000970,0.00000964,0.00000963,0.00000955,0.00000965
2.516000,0.00000978,0.00000951,0.00000965,0.00000970,0.00000964,0.00000963,0.00000955,0.00000965
2.518000,0.00000978,0.00000951,0.00000965,0.00000970,0.00000964,0.00000963,0.00000955,0.00000965
2.520000,0.00000978,0.00000951,0.00000966,0.00000970,0.00000964,0.00000963,0.00000956,0.00000965
2.522000,0.00000978,0.00000951,0.00000966,0.00000971,0.00000964,0.00000963,0.00000956,0.00000965
2.524000,0.00000978,0.00000951,0.00000966,0.00000971,0.00000965,0.00000963,0.00000956,0.00000965
2.526000,0.00000978,0.00000951,0.00000966,0.00000971,0.00000965,0.00000963,0.00000956,0.00000965
2.528000,0.00000978,0.00000951,0.00000966,0.00000971,0.00000965,0.00000963,0.00000956,0.00000965
2.530000,0.00000978,0.00000951,0.00000966,0.00000971,0.00000965,0.00000963,0.00000956,0.00000965
2.532000,0.00000978,0.00000951,0.00000966,0.00000971,0.00000965,0.00000963,0.00000956,0.00000965
2.534000,0.00000978,0.00000951,0.00000966,0.00000971,0.00000965,0.00000963,0.00000956,0.00000965
2.536000,0.00000978,0.00000951,0.00000966,0.00000971,0.00000965,0.00000963,0.00000956,0.00000965
2.538000,0.00000978,0.00000951,0.00000966,0.00000971,0.00000965,0.00000963,0.00000956,0.00000965
2.540000,0.00000978,0.00000951,0.00000966,0.00000971,0.00000965,0.00000964,0.00000956,0.00000965
2.542000,0.00000978,0.00000951,0.00000966,0.00000971,0.00000965,0.00000964,0.00000956,0.00000965
2.544000,0.00000978,0.00000951,0.00000966,0.00000971,0.00000965,0.00000964,0.00000956,0.00000965
2.546000,0.00000978,0.00000951,0.00000966,0.00000971,0.00000965,0.00000964,0.00000956,0.00000966
2.548000,0.00000978,0.00000951,0.00000966,0.00000971,0.00000965,0.00000964,0.00000956,0.00000966
2.550000,0.00000979,0.00000951,0.00000966,0.00000971,0.00000965,0.00000964,0.00000956,0.00000966
2.552000,0.00000979,0.00000952,0.00000966,0.00000971,0.00000965,0.00000964,0.00000956,0.00000966
2.554000,0.00000979,0.00000952,0.00000967,0.00000971,0.00000965,0.00000964,0.00000956,0.00000966
2.556000,0.00000979,0.00000952,0.00000967,0.00000972,0.00000965,0.00000964,0.00000957,0.00000966
2.558000,0.00000979,0.00000952,0.00000967,0.00000972,0.00000966,0.00000964,0.00000957,0.00000966
2.560000,0.00000979,0.00000952,0.00000967,0.00000972,0.00000966,0.00000964,0.00000957,0.00000966
2.562000,0.00000979,0.00000952,0.00000967,0.00000972,0.00000966,0.00000964,0.00000957,0.00000966
2.564000,0.00000979,0.00000952,0.00000967,0.00000972,0.00000966,0.00000964,0.00000957,0.00000966
2.566000,0.00000979,0.00000952,0.00000967,0.00000972,0.00000966,0.00000964,0.00000957,0.00000966
2.568000,0.00000979,0.00000952,0.00000967,0.00000972,0.00000966,0.00000964,0.00000957,0.00000966
2.570000,0.00000979,0.00000952,0.00000967,0.00000972,0.00000966,0.00000964,0.00000957,0.00000966
2.572000,0.00000979,0.00000952,0.00000967,0.00000972,0.00000966,0.00000964,0.00000957,0.00000966
2.574000,0.00000979,0.00000952,0.00000967,0.00000972,0.00000966,0.00000965,0.00000957,0.00000966
2.576000,0.00000979,0.00000952,0.00000967,0.00000972,0.00000966,0.00000965,0.00000957,0.00000966
2.578000,0.00000979,0.00000952,0.00000967,0.00000972,0.00000966,0.00000965,0.00000957,0.00000966
2.580000,0.00000979,0.00000952,0.00000967,0.00000972,0.00000966,0.00000965,0.00000957,0.00000966
2.582000,0.00000979,0.00000952,0.00000967,0.00000972,0.00000966,0.00000965,0.00000957,0.00000967
2.584000,0.00000980,0.00000952,0.00000967,0.00000972,0.00000966,0.00000965,0.00000957,0.00000967
2.586000,0.00000980,0.00000952,0.00000967,0.00000972,0.00000966,0.00000965,0.00000957,0.00000967
2.588000,0.00000980,0.00000953,0.00000967,0.00000972,0.00000966,0.00000965,0.00000957,0.00000967
2.590000,0.00000980,0.00000953,0.00000968,0.00000972,0.00000966,0.00000965,0.00000957,0.00000967
2.592000,0.00000980,0.00000953,0.00000968,0.00000973,0.00000966,0.00000965,0.00000958,0.00000967
2.594000,0.00000980,0.00000953,0.00000968,0.00000973,0.00000967,0.00000965,0.00000958,0.00000967
2.596000,0.00000980,0.00000953,0.00000968,0.00000973,0.00000967,0.00000965,0.00000958,0.00000967
2.598000,0.00000980,0.00000953,0.00000968,0.00000973,0.00000967,0.00000965,0.00000958,0.00000967
2.600000,0.00000980,0.00000953,0.00000968,0.00000973,0.00000967,0.00000965,0.00000958,0.00000967
2.602000,0.00000980,0.00000953,0.00000968,0.00000973,0.00000967,0.00000965,0.00000958,0.00000967
2.604000,0.00000980,0.00000953,0.00000968,0.00000973,0.00000967,0.00000965,0.00000958,0.00000967
2.606000,0.00000980,0.00000953,0.00000968,0.00000973,0.00000967,0.00000965,0.00000958,0.00000967
2.608000,0.00000980,0.00000953,0.00000968,0.00000973,0.00000967,0.00000965,0.00000958,0.00000967
2.610000,0.00000980,0.00000953,0.00000968,0.00000973,0.00000967,0.00000966,0.00000958,0.00000967
2.612000,0.00000980,0.00000953,0.00000968,0.00000973,0.00000967,0.00000966,0.00000958,0.00000967
2.614000,0.00000980,0.00000953,0.00000968,0.00000973,0.00000967,0.00000966,0.00000958,0.00000967
2.616000,0.00000980,0.00000953,0.00000968,0.00000973,0.00000967,0.00000966,0.00000958,0.00000968
2.618000,0.00000981,0.00000953,0.00000968,0.00000973,0.00000967,0.00000966,0.00000958,0.00000968
2.620000,0.00000981,0.00000953,0.00000968,0.00000973,0.00000967,0.00000966,0.00000958,0.00000968
2.622000,0.00000981,0.00000953,0.00000968,0.00000973,0.00000967,0.00000966,0.00000958,0.00000968
2.624000,0.00000981,0.00000954,0.00000969,0.00000973,0.00000967,0.00000966,0.00000958,0.00000968
2.626000,0.00000981,0.00000954,0.00000969,0.00000974,0.00000967,0.00000966,0.00000959,0.00000968
2.628000,0.00000981,0.00000954,0.00000969,0.00000974,0.00000967,0.00000966,0.00000959,0.00000968
2.630000,0.00000981,0.00000954,0.00000969,0.00000974,0.00000968,0.00000966,0.00000959,0.00000968
2.632000,0.00000981,0.00000954,0.00000969,0.00000974,0.00000968,0.00000966,0.00000959,0.00000968
2.634000,0.00000981,0.00000954,0.00000969,0.00000974,0.00000968,0.00000966,0.00000959,0.00000968
2.636000,0.00000981,0.00000954,0.00000969,0.00000974,0.00000968,0.00000966,0.00000959,0.00000968
2.638000,0.00000981,0.00000954,0.00000969,0.00000974,0.00000968,0.00000966,0.00000959,0.00000968
2.640000,0.00000981,0.00000954,0.00000969,0.00000974,0.00000968,0.00000966,0.00000959,0.00000968
2.642000,0.00000981,0.00000954,0.00000969,0.00000974,0.00000968,0.00000966,0.00000959,0.00000968
2.644000,0.00000981,0.00000954,0.00000969,0.00000974,0.00000968,0.00000966,0.00000959,0.00000968
2.646000,0.00000981,0.00000954,0.00000969,0.00000974,0.00000968,0.00000967,0.00000959,0.00000968
2.648000,0.00000981,0.00000954,0.00000969,0.00000974,0.00000968,0.00000967,0.00000959,0.00000968
2.650000,0.00000981,0.00000954,0.00000969,0.00000974,0.00000968,0.00000967,0.00000959,0.00000968
2.652000,0.00000982,0.00000954,0.00000969,0.00000974,0.00000968,0.00000967,0.00000959,0.00000969
2.654000,0.00000982,0.00000954,0.00000969,0.00000974,0.00000968,0.00000967,0.00000959,0.00000969
2.656000,0.00000982,0.00000954,0.00000969,0.00000974,0.00000968,0.00000967,0.00000959,0.00000969
2.658000,0.00000982,0.00000954,0.00000969,0.00000974,0.00000968,0.00000967,0.00000959,0.00000969
2.660000,0.00000982,0.00000955,0.00000970,0.00000974,0.00000968,0.00000967,0.00000959,0.00000969
2.662000,0.00000982,0.00000955,0.00000970,0.00000975,0.00000968,0.00000967,0.00000960,0.00000969
2.664000,0.00000982,0.00000955,0.00000970,0.00000975,0.00000969,0.00000967,0.00000960,0.00000969
2.666000,0.00000982,0.00000955,0.00000970,0.00000975,0.00000969,0.00000967,0.00000960,0.00000969
2.668000,0.00000982,0.00000955,0.00000970,0.00000975,0.00000969,0.00000967,0.00000960,0.00000969
2.670000,0.00000982,0.00000955,0.00000970,0.00000975,0.00000969,0.00000967,0.00000960,0.00000969
2.672000,0.00000982,0.00000955,0.00000970,0.00000975,0.00000969,0.00000967,0.00000960,0.00000969
2.674000,0.00000982,0.00000955,0.00000970,0.00000975,0.00000969,0.00000967,0.00000960,0.00000969
2.676000,0.00000982,0.00000955,0.00000970,0.00000975,0.00000969,0.00000967,0.00000960,0.00000969
2.678000,0.00000982,0.00000955,0.00000970,0.00000975,0.00000969,0.00000967,0.00000960,0.00000969
2.680000,0.00000982,0.00000955,0.00000970,0.00000975,0.00000969,0.00000968,0.00000960,0.00000969
2.682000,0.00000982,0.00000955,0.00000970,0.00000975,0.00000969,0.00000968,0.00000960,0.00000969
2.684000,0.00000982,0.00000955,0.00000970,0.00000975,0.00000969,0.00000968,0.00000960,0.00000969
2.686000,0.00000982,0.00000955,0.00000970,0.00000975,0.00000969,0.00000968,0.00000960,0.00000970
2.688000,0.00000983,0.00000955,0.00000970,0.00000975,0.00000969,0.00000968,0.00000960,0.00000970
2.690000,0.00000983,0.00000955,0.00000970,0.00000975,0.00000969,0.00000968,0.00000960,0.00000970
2.692000,0.00000983,0.00000955,0.00000970,0.00000975,0.00000969,0.00000968,0.00000960,0.00000970
2.694000,0.00000983,0.00000955,0.00000971,0.00000975,0.00000969,0.00000968,0.00000960,0.00000970
2.696000,0.00000983,0.00000956,0.00000971,0.00000976,0.00000969,0.00000968,0.00000960,0.00000970
2.698000,0.00000983,0.00000956,0.00000971,0.00000976,0.00000969,0.00000968,0.00000961,0.00000970
2.700000,0.00000983,0.00000956,0.00000971,0.00000976,0.00000970,0.00000968,0.00000961,0.00000970
2.702000,0.00000983,0.00000956,0.00000971,0.00000976,0.00000970,0.00000968,0.00000961,0.00000970
2.704000,0.00000983,0.00000956,0.00000971,0.00000976,0.00000970,0.00000968,0.00000961,0.00000970
2.706000,0.00000983,0.00000956,0.00000971,0.00000976,0.00000970,0.00000968,0.00000961,0.00000970
2.708000,0.00000983,0.00000956,0.00000971,0.00000976,0.00000970,0.00000968,0.00000961,0.00000970
2.710000,0.00000983,0.00000956,0.00000971,0.00000976,0.00000970,0.00000968,0.00000961,0.00000970
2.712000,0.00000983,0.00000956,0.00000971,0.00000976,0.00000970,0.00000968,0.00000961,0.00000970
2.714000,0.00000983,0.00000956,0.00000971,0.00000976,0.00000970,0.00000968,0.00000961,0.00000970
2.716000,0.00000983,0.00000956,0.00000971,0.00000976,0.00000970,0.00000969,0.00000961,0.00000970
2.718000,0.00000983,0.00000956,0.00000971,0.00000976,0.00000970,0.00000969,0.00000961,0.00000970
2.720000,0.00000983,0.00000956,0.00000971,0.00000976,0.00000970,0.00000969,0.00000961,0.00000970
2.722000,0.00000984,0.00000956,0.00000971,0.00000976,0.00000970,0.00000969,0.00000961,0.00000971
2.724000,0.00000984,0.00000956,0.00000971,0.00000976,0.00000970,0.00000969,0.00000961,0.00000971
2.726000,0.00000984,0.00000956,0.00000971,0.00000976,0.00000970,0.00000969,0.00000961,0.00000971
2.728000,0.00000984,0.00000956,0.00000971,0.00000976,0.00000970,0.00000969,0.00000961,0.00000971
2.730000,0.00000984,0.00000956,0.00000972,0.00000977,0.00000970,0.00000969,0.00000961,0.00000971
2.732000,0.00000984,0.00000957,0.00000972,0.00000977,0.00000970,0.00000969,0.00000961,0.00000971
2.734000,0.00000984,0.00000957,0.00000972,0.00000977,0.00000971,0.00000969,0.00000962,0.00000971
2.736000,0.00000984,0.00000957,0.00000972,0.00000977,0.00000971,0.00000969,0.00000962,0.00000971
2.738000,0.00000984,0.00000957,0.00000972,0.00000977,0.00000971,0.00000969,0.00000962,0.00000971
2.740000,0.00000984,0.00000957,0.00000972,0.00000977,0.00000971,0.00000969,0.00000962,0.00000971
2.742000,0.00000984,0.00000957,0.00000972,0.00000977,0.00000971,0.00000969,0.00000962,0.00000971
2.744000,0.00000984,0.00000957,0.00000972,0.00000977,0.00000971,0.00000969,0.00000962,0.00000971
2.746000,0.00000984,0.00000957,0.00000972,0.00000977,0.00000971,0.00000969,0.00000962,0.00000971
2.748000,0.00000984,0.00000957,0.00000972,0.00000977,0.00000971,0.00000969,0.00000962,0.00000971
2.750000,0.00000984,0.00000957,0.00000972,0.00000977,0.00000971,0.00000970,0.00000962,0.00000971
2.752000,0.00000984,0.00000957,0.00000972,0.00000977,0.00000971,0.00000970,0.00000962,0.00000971
2.754000,0.00000984,0.00000957,0.00000972,0.00000977,0.00000971,0.00000970,0.00000962,0.00000971
2.756000,0.00000985,0.00000957,0.00000972,0.00000977,0.00000971,0.00000970,0.00000962,0.00000972
2.758000,0.00000985,0.00000957,0.00000972,0.00000977,0.00000971,0.00000970,0.00000962,0.00000972
2.760000,0.00000985,0.00000957,0.00000972,0.00000977,0.00000971,0.00000970,0.00000962,0.00000972
2.762000,0.00000985,0.00000957,0.00000972,0.00000977,0.00000971,0.00000970,0.00000962,0.00000972
2.764000,0.00000985,0.00000957,0.00000973,0.00000977,0.00000971,0.00000970,0.00000962,0.00000972
2.766000,0.00000985,0.00000957,0.00000973,0.00000978,0.00000971,0.00000970,0.00000962,0.00000972
2.768000,0.00000985,0.00000958,0.00000973,0.00000978,0.00000971,0.00000970,0.00000962,0.00000972
2.770000,0.00000985,0.00000958,0.00000973,0.00000978,0.00000972,0.00000970,0.00000963,0.00000972
2.772000,0.00000985,0.00000958,0.00000973,0.00000978,0.00000972,0.00000970,0.00000963,0.00000972
2.774000,0.00000985,0.00000958,0.00000973,0.00000978,0.00000972,0.00000970,0.00000963,0.00000972
2.776000,0.00000985,0.00000958,0.00000973,0.00000978,0.00000972,0.00000970,0.00000963,0.00000972
2.778000,0.00000985,0.00000958,0.00000973,0.00000978,0.00000972,0.00000970,0.00000963,0.00000972
2.780000,0.00000985,0.00000958,0.00000973,0.00000978,0.00000972,0.00000970,0.00000963,0.00000972
2.782000,0.00000985,0.00000958,0.00000973,0.00000978,0.00000972,0.00000970,0.00000963,0.00000972
2.784000,0.00000985,0.00000958,0.00000973,0.00000978,0.00000972,0.00000970,0.00000963,0.00000972
2.786000,0.00000985,0.00000958,0.00000973,0.00000978,0.00000972,0.00000971,0.00000963,0.00000972
2.788000,0.00000985,0.00000958,0.00000973,0.00000978,0.00000972,0.00000971,0.00000963,0.00000972
2.790000,0.00000986,0.00000958,0.00000973,0.00000978,0.00000972,0.00000971,0.00000963,0.00000972
2.792000,0.00000986,0.00000958,0.00000973,0.00000978,0.00000972,0.00000971,0.00000963,0.00000973
2.794000,0.00000986,0.00000958,0.00000973,0.00000978,0.00000972,0.00000971,0.00000963,0.00000973
2.796000,0.00000986,0.00000958,0.00000973,0.00000978,0.00000972,0.00000971,0.00000963,0.00000973
2.798000,0.00000986,0.00000958,0.00000973,0.00000978,0.00000972,0.00000971,0.00000963,0.00000973
2.800000,0.00000986,0.00000958,0.00000974,0.00000979,0.00000972,0.00000971,0.00000963,0.00000973
2.802000,0.00000986,0.00000958,0.00000974,0.00000979,0.00000972,0.00000971,0.00000963,0.00000973
2.804000,0.00000986,0.00000959,0.00000974,0.00000979,0.00000973,0.00000971,0.00000964,0.00000973
2.806000,0.00000986,0.00000959,0.00000974,0.00000979,0.00000973,0.00000971,0.00000964,0.00000973
2.808000,0.00000986,0.00000959,0.00000974,0.00000979,0.00000973,0.00000971,0.00000964,0.00000973
2.810000,0.00000986,0.00000959,0.00000974,0.00000979,0.00000973,0.00000971,0.00000964,0.00000973
2.812000,0.00000986,0.00000959,0.00000974,0.00000979,0.00000973,0.00000971,0.00000964,0.00000973
2.814000,0.00000986,0.00000959,0.00000974,0.00000979,0.00000973,0.00000971,0.00000964,0.00000973
2.816000,0.00000986,0.00000959,0.00000974,0.00000979,0.00000973,0.00000971,0.00000964,0.00000973
2.818000,0.00000986,0.00000959,0.00000974,0.00000979,0.00000973,0.00000971,0.00000964,0.00000973
2.820000,0.00000986,0.00000959,0.00000974,0.00000979,0.00000973,0.00000972,0.00000964,0.00000973
2.822000,0.00000986,0.00000959,0.00000974,0.00000979,0.00000973,0.00000972,0.00000964,0.00000973
2.824000,0.00000987,0.00000959,0.00000974,0.00000979,0.00000973,0.00000972,0.00000964,0.00000973
2.826000,0.00000987,0.00000959,0.00000974,0.00000979,0.00000973,0.00000972,0.00000964,0.00000974
2.828000,0.00000987,0.00000959,0.00000974,0.00000979,0.00000973,0.00000972,0.00000964,0.00000974
2.830000,0.00000987,0.00000959,0.00000974,0.00000979,0.00000973,0.00000972,0.00000964,0.00000974
2.832000,0.00000987,0.00000959,0.00000974,0.00000979,0.00000973,0.00000972,0.00000964,0.00000974
2.834000,0.00000987,0.00000959,0.00000975,0.00000980,0.00000973,0.00000972,0.00000964,0.00000974
2.836000,0.00000987,0.00000959,0.00000975,0.00000980,0.00000973,0.00000972,0.00000964,0.00000974
2.838000,0.00000987,0.00000959,0.00000975,0.00000980,0.00000973,0.00000972,0.00000964,0.00000974
2.840000,0.00000987,0.00000960,0.00000975,0.00000980,0.00000974,0.00000972,0.00000965,0.00000974
2.842000,0.00000987,0.00000960,0.00000975,0.00000980,0.00000974,0.00000972,0.00000965,0.00000974
2.844000,0.00000987,0.00000960,0.00000975,0.00000980,0.00000974,0.00000972,0.00000965,0.00000974
2.846000,0.00000987,0.00000960,0.00000975,0.00000980,0.00000974,0.00000972,0.00000965,0.00000974
2.848000,0.00000987,0.00000960,0.00000975,0.00000980,0.00000974,0.00000972,0.00000965,0.00000974
2.850000,0.00000987,0.00000960,0.00000975,0.00000980,0.00000974,0.00000972,0.00000965,0.00000974
2.852000,0.00000987,0.00000960,0.00000975,0.00000980,0.00000974,0.00000972,0.00000965,0.00000974
2.854000,0.00000987,0.00000960,0.00000975,0.00000980,0.00000974,0.00000972,0.00000965,0.00000974
2.856000,0.00000987,0.00000960,0.00000975,0.00000980,0.00000974,0.00000973,0.00000965,0.00000974
2.858000,0.00000988,0.00000960,0.00000975,0.00000980,0.00000974,0.00000973,0.00000965,0.00000974
2.860000,0.00000988,0.00000960,0.00000975,0.00000980,0.00000974,0.00000973,0.00000965,0.00000974
2.862000,0.00000988,0.00000960,0.00000975,0.00000980,0.00000974,0.00000973,0.00000965,0.00000975
2.864000,0.00000988,0.00000960,0.00000975,0.00000980,0.00000974,0.00000973,0.00000965,0.00000975
2.866000,0.00000988,0.00000960,0.00000975,0.00000980,0.00000974,0.00000973,0.00000965,0.00000975
2.868000,0.00000988,0.00000960,0.00000976,0.00000980,0.00000974,0.00000973,0.00000965,0.00000975
2.870000,0.00000988,0.00000960,0.00000976,0.00000981,0.00000974,0.00000973,0.00000965,0.00000975
2.872000,0.00000988,0.00000960,0.00000976,0.00000981,0.00000974,0.00000973,0.00000965,0.00000975
2.874000,0.00000988,0.00000960,0.00000976,0.00000981,0.00000975,0.00000973,0.00000965,0.00000975
2.876000,0.00000988,0.00000961,0.00000976,0.00000981,0.00000975,0.00000973,0.00000966,0.00000975
2.878000,0.00000988,0.00000961,0.00000976,0.00000981,0.00000975,0.00000973,0.00000966,0.00000975
2.880000,0.00000988,0.00000961,0.00000976,0.00000981,0.00000975,0.00000973,0.00000966,0.00000975
2.882000,0.00000988,0.00000961,0.00000976,0.00000981,0.00000975,0.00000973,0.00000966,0.00000975
2.884000,0.00000988,0.00000961,0.00000976,0.00000981,0.00000975,0.00000973,0.00000966,0.00000975
2.886000,0.00000988,0.00000961,0.00000976,0.00000981,0.00000975,0.00000973,0.00000966,0.00000975
2.888000,0.00000988,0.00000961,0.00000976,0.00000981,0.00000975,0.00000973,0.00000966,0.00000975
2.890000,0.00000988,0.00000961,0.00000976,0.00000981,0.00000975,0.00000974,0.00000966,0.00000975
2.892000,0.00000989,0.00000961,0.00000976,0.00000981,0.00000975,0.00000974,0.00000966,0.00000975
2.894000,0.00000989,0.00000961,0.00000976,0.00000981,0.00000975,0.00000974,0.00000966,0.00000975
2.896000,0.00000989,0.00000961,0.00000976,0.00000981,0.00000975,0.00000974,0.00000966,0.00000976
2.898000,0.00000989,0.00000961,0.00000976,0.00000981,0.00000975,0.00000974,0.00000966,0.00000976
2.900000,0.00000989,0.00000961,0.00000976,0.00000981,0.00000975,0.00000974,0.00000966,0.00000976
2.902000,0.00000989,0.00000961,0.00000976,0.00000981,0.00000975,0.00000974,0.00000966,0.00000976
2.904000,0.00000989,0.00000961,0.00000977,0.00000982,0.00000975,0.00000974,0.00000966,0.00000976
2.906000,0.00000989,0.00000961,0.00000977,0.00000982,0.00000975,0.00000974,0.00000966,0.00000976
2.908000,0.00000989,0.00000961,0.00000977,0.00000982,0.00000976,0.00000974,0.00000966,0.00000976
2.910000,0.00000989,0.00000962,0.00000977,0.00000982,0.00000976,0.00000974,0.00000967,0.00000976
2.912000,0.00000989,0.00000962,0.00000977,0.00000982,0.00000976,0.00000974,0.00000967,0.00000976
2.914000,0.00000989,0.00000962,0.00000977,0.00000982,0.00000976,0.00000974,0.00000967,0.00000976
2.916000,0.00000989,0.00000962,0.00000977,0.00000982,0.00000976,0.00000974,0.00000967,0.00000976
2.918000,0.00000989,0.00000962,0.00000977,0.00000982,0.00000976,0.00000974,0.00000967,0.00000976
2.920000,0.00000989,0.00000962,0.00000977,0.00000982,0.00000976,0.00000974,0.00000967,0.00000976
2.922000,0.00000989,0.00000962,0.00000977,0.00000982,0.00000976,0.00000974,0.00000967,0.00000976
2.924000,0.00000989,0.00000962,0.00000977,0.00000982,0.00000976,0.00000974,0.00000967,0.00000976
2.926000,0.00000990,0.00000962,0.00000977,0.00000982,0.00000976,0.00000975,0.00000967,0.00000976
2.928000,0.00000990,0.00000962,0.00000977,0.00000982,0.00000976,0.00000975,0.00000967,0.00000976
2.930000,0.00000990,0.00000962,0.00000977,0.00000982,0.00000976,0.00000975,0.00000967,0.00000976
2.932000,0.00000990,0.00000962,0.00000977,0.00000982,0.00000976,0.00000975,0.00000967,0.00000977
2.934000,0.00000990,0.00000962,0.00000977,0.00000982,0.00000976,0.00000975,0.00000967,0.00000977
2.936000,0.00000990,0.00000962,0.00000977,0.00000982,0.00000976,0.00000975,0.00000967,0.00000977
2.938000,0.00000990,0.00000962,0.00000978,0.00000983,0.00000976,0.00000975,0.00000967,0.00000977
2.940000,0.00000990,0.00000962,0.00000978,0.00000983,0.00000976,0.00000975,0.00000967,0.00000977
2.942000,0.00000990,0.00000962,0.00000978,0.00000983,0.00000976,0.00000975,0.00000967,0.00000977
2.944000,0.00000990,0.00000962,0.00000978,0.00000983,0.00000977,0.00000975,0.00000967,0.00000977
2.946000,0.00000990,0.00000963,0.00000978,0.00000983,0.00000977,0.00000975,0.00000968,0.00000977
2.948000,0.00000990,0.00000963,0.00000978,0.00000983,0.00000977,0.00000975,0.00000968,0.00000977
2.950000,0.00000990,0.00000963,0.00000978,0.00000983,0.00000977,0.00000975,0.00000968,0.00000977
2.952000,0.00000990,0.00000963,0.00000978,0.00000983,0.00000977,0.00000975,0.00000968,0.00000977
2.954000,0.00000990,0.00000963,0.00000978,0.00000983,0.00000977,0.00000975,0.00000968,0.00000977
2.956000,0.00000990,0.00000963,0.00000978,0.00000983,0.00000977,0.00000975,0.00000968,0.00000977
2.958000,0.00000990,0.00000963,0.00000978,0.00000983,0.00000977,0.00000975,0.00000968,0.00000977
2.960000,0.00000991,0.00000963,0.00000978,0.00000983,0.00000977,0.00000976,0.00000968,0.00000977
2.962000,0.00000991,0.00000963,0.00000978,0.00000983,0.00000977,0.00000976,0.00000968,0.00000977
2.964000,0.00000991,0.00000963,0.00000978,0.00000983,0.00000977,0.00000976,0.00000968,0.00000977
2.966000,0.00000991,0.00000963,0.00000978,0.00000983,0.00000977,0.00000976,0.00000968,0.00000978
2.968000,0.00000991,0.00000963,0.00000978,0.00000983,0.00000977,0.00000976,0.00000968,0.00000978
2.970000,0.00000991,0.00000963,0.00000978,0.00000983,0.00000977,0.00000976,0.00000968,0.00000978
2.972000,0.00000991,0.00000963,0.00000979,0.00000984,0.00000977,0.00000976,0.00000968,0.00000978
2.974000,0.00000991,0.00000963,0.00000979,0.00000984,0.00000977,0.00000976,0.00000968,0.00000978
2.976000,0.00000991,0.00000963,0.00000979,0.00000984,0.00000977,0.00000976,0.00000968,0.00000978
2.978000,0.00000991,0.00000963,0.00000979,0.00000984,0.00000978,0.00000976,0.00000968,0.00000978
2.980000,0.00000991,0.00000963,0.00000979,0.00000984,0.00000978,0.00000976,0.00000969,0.00000978
2.982000,0.00000991,0.00000964,0.00000979,0.00000984,0.00000978,0.00000976,0.00000969,0.00000978
2.984000,0.00000991,0.00000964,0.00000979,0.00000984,0.00000978,0.00000976,0.00000969,0.00000978
2.986000,0.00000991,0.00000964,0.00000979,0.00000984,0.00000978,0.00000976,0.00000969,0.00000978
2.988000,0.00000991,0.00000964,0.00000979,0.00000984,0.00000978,0.00000976,0.00000969,0.00000978
2.990000,0.00000991,0.00000964,0.00000979,0.00000984,0.00000978,0.00000976,0.00000969,0.00000978
2.992000,0.00000991,0.00000964,0.00000979,0.00000984,0.00000978,0.00000976,0.00000969,0.00000978
2.994000,0.00000992,0.00000964,0.00000979,0.00000984,0.00000978,0.00000976,0.00000969,0.00000978
2.996000,0.00000992,0.00000964,0.00000979,0.00000984,0.00000978,0.00000977,0.00000969,0.00000978
2.998000,0.00000992,0.00000964,0.00000979,0.00000984,0.00000978,0.00000977,0.00000969,0.00000978
3.000000,0.00000992,0.00000964,0.00000979,0.00000984,0.00000978,0.00000977,0.00000969,0.00000979
3.002000,0.00000992,0.00000964,0.00000979,0.00000984,0.00000978,0.00000977,0.00000969,0.00000979
3.004000,0.00000992,0.00000964,0.00000979,0.00000984,0.00000978,0.00000977,0.00000969,0.00000979
3.006000,0.00000992,0.00000964,0.00000979,0.00000985,0.00000978,0.00000977,0.00000969,0.00000979
3.008000,0.00000992,0.00000964,0.00000980,0.00000985,0.00000978,0.00000977,0.00000969,0.00000979
3.010000,0.00000992,0.00000964,0.00000980,0.00000985,0.00000978,0.00000977,0.00000969,0.00000979
3.012000,0.00000992,0.00000964,0.00000980,0.00000985,0.00000979,0.00000977,0.00000969,0.00000979
3.014000,0.00000992,0.00000964,0.00000980,0.00000985,0.00000979,0.00000977,0.00000969,0.00000979
3.016000,0.00000992,0.00000964,0.00000980,0.00000985,0.00000979,0.00000977,0.00000970,0.00000979
3.018000,0.00000992,0.00000965,0.00000980,0.00000985,0.00000979,0.00000977,0.00000970,0.00000979
3.020000,0.00000992,0.00000965,0.00000980,0.00000985,0.00000979,0.00000977,0.00000970,0.00000979
3.022000,0.00000992,0.00000965,0.00000980,0.00000985,0.00000979,0.00000977,0.00000970,0.00000979
3.024000,0.00000992,0.00000965,0.00000980,0.00000985,0.00000979,0.00000977,0.00000970,0.00000979
3.026000,0.00000992,0.00000965,0.00000980,0.00000985,0.00000979,0.00000977,0.00000970,0.00000979
3.028000,0.00000993,0.00000965,0.00000980,0.00000985,0.00000979,0.00000977,0.00000970,0.00000979
3.030000,0.00000993,0.00000965,0.00000980,0.00000985,0.00000979,0.00000978,0.00000970,0.00000979
3.032000,0.00000993,0.00000965,0.00000980,0.00000985,0.00000979,0.00000978,0.00000970,0.00000979
3.034000,0.00000993,0.00000965,0.00000980,0.00000985,0.00000979,0.00000978,0.00000970,0.00000980
3.036000,0.00000993,0.00000965,0.00000980,0.00000985,0.00000979,0.00000978,0.00000970,0.00000980
3.038000,0.00000993,0.00000965,0.00000980,0.00000985,0.00000979,0.00000978,0.00000970,0.00000980
3.040000,0.00000993,0.00000965,0.00000980,0.00000985,0.00000979,0.00000978,0.00000970,0.00000980
3.042000,0.00000993,0.00000965,0.00000981,0.00000986,0.00000979,0.00000978,0.00000970,0.00000980
3.044000,0.00000993,0.00000965,0.00000981,0.00000986,0.00000979,0.00000978,0.00000970,0.00000980
3.046000,0.00000993,0.00000965,0.00000981,0.00000986,0.00000979,0.00000978,0.00000970,0.00000980
3.048000,0.00000993,0.00000965,0.00000981,0.00000986,0.00000980,0.00000978,0.00000970,0.00000980
3.050000,0.00000993,0.00000965,0.00000981,0.00000986,0.00000980,0.00000978,0.00000971,0.00000980
3.052000,0.00000993,0.00000966,0.00000981,0.00000986,0.00000980,0.00000978,0.00000971,0.00000980
3.054000,0.00000993,0.00000966,0.00000981,0.00000986,0.00000980,0.00000978,0.00000971,0.00000980
3.056000,0.00000993,0.00000966,0.00000981,0.00000986,0.00000980,0.00000978,0.00000971,0.00000980
3.058000,0.00000993,0.00000966,0.00000981,0.00000986,0.00000980,0.00000978,0.00000971,0.00000980
3.060000,0.00000993,0.00000966,0.00000981,0.00000986,0.00000980,0.00000978,0.00000971,0.00000980
3.062000,0.00000994,0.00000966,0.00000981,0.00000986,0.00000980,0.00000978,0.00000971,0.00000980
3.064000,0.00000994,0.00000966,0.00000981,0.00000986,0.00000980,0.00000979,0.00000971,0.00000980
3.066000,0.00000994,0.00000966,0.00000981,0.00000986,0.00000980,0.00000979,0.00000971,0.00000980
3.068000,0.00000994,0.00000966,0.00000981,0.00000986,0.00000980,0.00000979,0.00000971,0.00000980
3.070000,0.00000994,0.00000966,0.00000981,0.00000986,0.00000980,0.00000979,0.00000971,0.00000981
3.072000,0.00000994,0.00000966,0.00000981,0.00000986,0.00000980,0.00000979,0.00000971,0.00000981
3.074000,0.00000994,0.00000966,0.00000981,0.00000986,0.00000980,0.00000979,0.00000971,0.00000981
3.076000,0.00000994,0.00000966,0.00000982,0.00000987,0.00000980,0.00000979,0.00000971,0.00000981
3.078000,0.00000994,0.00000966,0.00000982,0.00000987,0.00000980,0.00000979,0.00000971,0.00000981
3.080000,0.00000994,0.00000966,0.00000982,0.00000987,0.00000980,0.00000979,0.00000971,0.00000981
3.082000,0.00000994,0.00000966,0.00000982,0.00000987,0.00000981,0.00000979,0.00000971,0.00000981
3.084000,0.00000994,0.00000966,0.00000982,0.00000987,0.00000981,0.00000979,0.00000971,0.00000981
3.086000,0.00000994,0.00000966,0.00000982,0.00000987,0.00000981,0.00000979,0.00000972,0.00000981
3.088000,0.00000994,0.00000967,0.00000982,0.00000987,0.00000981,0.00000979,0.00000972,0.00000981
3.090000,0.00000994,0.00000967,0.00000982,0.00000987,0.00000981,0.00000979,0.00000972,0.00000981
3.092000,0.00000994,0.00000967,0.00000982,0.00000987,0.00000981,0.00000979,0.00000972,0.00000981
3.094000,0.00000994,0.00000967,0.00000982,0.00000987,0.00000981,0.00000979,0.00000972,0.00000981
3.096000,0.00000995,0.00000967,0.00000982,0.00000987,0.00000981,0.00000979,0.00000972,0.00000981
3.098000,0.00000995,0.00000967,0.00000982,0.00000987,0.00000981,0.00000979,0.00000972,0.00000981
3.100000,0.00000995,0.00000967,0.00000982,0.00000987,0.00000981,0.00000980,0.00000972,0.00000981
3.102000,0.00000995,0.00000967,0.00000982,0.00000987,0.00000981,0.00000980,0.00000972,0.00000981
3.104000,0.00000995,0.00000967,0.00000982,0.00000987,0.00000981,0.00000980,0.00000972,0.00000982
3.106000,0.00000995,0.00000967,0.00000982,0.00000987,0.00000981,0.00000980,0.00000972,0.00000982
3.108000,0.00000995,0.00000967,0.00000982,0.00000987,0.00000981,0.00000980,0.00000972,0.00000982
3.110000,0.00000995,0.00000967,0.00000983,0.00000988,0.00000981,0.00000980,0.00000972,0.00000982
3.112000,0.00000995,0.00000967,0.00000983,0.00000988,0.00000981,0.00000980,0.00000972,0.00000982
3.114000,0.00000995,0.00000967,0.00000983,0.00000988,0.00000981,0.00000980,0.00000972,0.00000982
3.116000,0.00000995,0.00000967,0.00000983,0.00000988,0.00000982,0.00000980,0.00000972,0.00000982
3.118000,0.00000995,0.00000967,0.00000983,0.00000988,0.00000982,0.00000980,0.00000972,0.00000982
3.120000,0.00000995,0.00000967,0.00000983,0.00000988,0.00000982,0.00000980,0.00000973,0.00000982
3.122000,0.00000995,0.00000967,0.00000983,0.00000988,0.00000982,0.00000980,0.00000973,0.00000982
3.124000,0.00000995,0.00000968,0.00000983,0.00000988,0.00000982,0.00000980,0.00000973,0.00000982
3.126000,0.00000995,0.00000968,0.00000983,0.00000988,0.00000982,0.00000980,0.00000973,0.00000982
3.128000,0.00000996,0.00000968,0.00000983,0.00000988,0.00000982,0.00000980,0.00000973,0.00000982
3.130000,0.00000996,0.00000968,0.00000983,0.00000988,0.00000982,0.00000980,0.00000973,0.00000982
3.132000,0.00000996,0.00000968,0.00000983,0.00000988,0.00000982,0.00000980,0.00000973,0.00000982
3.134000,0.00000996,0.00000968,0.00000983,0.00000988,0.00000982,0.00000981,0.00000973,0.00000982
3.136000,0.00000996,0.00000968,0.00000983,0.00000988,0.00000982,0.00000981,0.00000973,0.00000982
3.138000,0.00000996,0.00000968,0.00000983,0.00000988,0.00000982,0.00000981,0.00000973,0.00000983
3.140000,0.00000996,0.00000968,0.00000983,0.00000988,0.00000982,0.00000981,0.00000973,0.00000983
3.142000,0.00000996,0.00000968,0.00000983,0.00000988,0.00000982,0.00000981,0.00000973,0.00000983
3.144000,0.00000996,0.00000968,0.00000984,0.00000989,0.00000982,0.00000981,0.00000973,0.00000983
3.146000,0.00000996,0.00000968,0.00000984,0.00000989,0.00000982,0.00000981,0.00000973,0.00000983
3.148000,0.00000996,0.00000968,0.00000984,0.00000989,0.00000982,0.00000981,0.00000973,0.00000983
3.150000,0.00000996,0.00000968,0.00000984,0.00000989,0.00000983,0.00000981,0.00000973,0.00000983
3.152000,0.00000996,0.00000968,0.00000984,0.00000989,0.00000983,0.00000981,0.00000973,0.00000983
3.154000,0.00000996,0.00000968,0.00000984,0.00000989,0.00000983,0.00000981,0.00000973,0.00000983
3.156000,0.00000996,0.00000968,0.00000984,0.00000989,0.00000983,0.00000981,0.00000974,0.00000983
3.158000,0.00000996,0.00000969,0.00000984,0.00000989,0.00000983,0.00000981,0.00000974,0.00000983
3.160000,0.00000996,0.00000969,0.00000984,0.00000989,0.00000983,0.00000981,0.00000974,0.00000983
3.162000,0.00000997,0.00000969,0.00000984,0.00000989,0.00000983,0.00000981,0.00000974,0.00000983
3.164000,0.00000997,0.00000969,0.00000984,0.00000989,0.00000983,0.00000981,0.00000974,0.00000983
3.166000,0.00000997,0.00000969,0.00000984,0.00000989,0.00000983,0.00000981,0.00000974,0.00000983
3.168000,0.00000997,0.00000969,0.00000984,0.00000989,0.00000983,0.00000982,0.00000974,0.00000983
3.170000,0.00000997,0.00000969,0.00000984,0.00000989,0.00000983,0.00000982,0.00000974,0.00000983
3.172000,0.00000997,0.00000969,0.00000984,0.00000989,0.00000983,0.00000982,0.00000974,0.00000984
3.174000,0.00000997,0.00000969,0.00000984,0.00000989,0.00000983,0.00000982,0.00000974,0.00000984
3.176000,0.00000997,0.00000969,0.00000984,0.00000989,0.00000983,0.00000982,0.00000974,0.00000984
3.178000,0.00000997,0.00000969,0.00000985,0.00000990,0.00000983,0.00000982,0.00000974,0.00000984
3.180000,0.00000997,0.00000969,0.00000985,0.00000990,0.00000983,0.00000982,0.00000974,0.00000984
3.182000,0.00000997,0.00000969,0.00000985,0.00000990,0.00000983,0.00000982,0.00000974,0.00000984
3.184000,0.00000997,0.00000969,0.00000985,0.00000990,0.00000983,0.00000982,0.00000974,0.00000984
3.186000,0.00000997,0.00000969,0.00000985,0.00000990,0.00000984,0.00000982,0.00000974,0.00000984
3.188000,0.00000997,0.00000969,0.00000985,0.00000990,0.00000984,0.00000982,0.00000974,0.00000984
3.190000,0.00000997,0.00000969,0.00000985,0.00000990,0.00000984,0.00000982,0.00000975,0.00000984
3.192000,0.00000997,0.00000969,0.00000985,0.00000990,0.00000984,0.00000982,0.00000975,0.00000984
3.194000,0.00000997,0.00000970,0.00000985,0.00000990,0.00000984,0.00000982,0.00000975,0.00000984
3.196000,0.00000998,0.00000970,0.00000985,0.00000990,0.00000984,0.00000982,0.00000975,0.00000984
3.198000,0.00000998,0.00000970,0.00000985,0.00000990,0.00000984,0.00000982,0.00000975,0.00000984
3.200000,0.00000998,0.00000970,0.00000985,0.00000990,0.00000984,0.00000982,0.00000975,0.00000984
3.202000,0.00000998,0.00000970,0.00000985,0.00000990,0.00000984,0.00000983,0.00000975,0.00000984
3.204000,0.00000998,0.00000970,0.00000985,0.00000990,0.00000984,0.00000983,0.00000975,0.00000984
3.206000,0.00000998,0.00000970,0.00000985,0.00000990,0.00000984,0.00000983,0.00000975,0.00000984
3.208000,0.00000998,0.00000970,0.00000985,0.00000990,0.00000984,0.00000983,0.00000975,0.00000985
3.210000,0.00000998,0.00000970,0.00000985,0.00000990,0.00000984,0.00000983,0.00000975,0.00000985
3.212000,0.00000998,0.00000970,0.00000985,0.00000991,0.00000984,0.00000983,0.00000975,0.00000985
3.214000,0.00000998,0.00000970,0.00000986,0.00000991,0.00000984,0.00000983,0.00000975,0.00000985
3.216000,0.00000998,0.00000970,0.00000986,0.00000991,0.00000984,0.00000983,0.00000975,0.00000985
3.218000,0.00000998,0.00000970,0.00000986,0.00000991,0.00000984,0.00000983,0.00000975,0.00000985
3.220000,0.00000998,0.00000970,0.00000986,0.00000991,0.00000985,0.00000983,0.00000975,0.00000985
3.222000,0.00000998,0.00000970,0.00000986,0.00000991,0.00000985,0.00000983,0.00000975,0.00000985
3.224000,0.00000998,0.00000970,0.00000986,0.00000991,0.00000985,0.00000983,0.00000975,0.00000985
3.226000,0.00000998,0.00000970,0.00000986,0.00000991,0.00000985,0.00000983,0.00000976,0.00000985
3.228000,0.00000998,0.00000971,0.00000986,0.00000991,0.00000985,0.00000983,0.00000976,0.00000985
3.230000,0.00000999,0.00000971,0.00000986,0.00000991,0.00000985,0.00000983,0.00000976,0.00000985
3.232000,0.00000999,0.00000971,0.00000986,0.00000991,0.00000985,0.00000983,0.00000976,0.00000985
3.234000,0.00000999,0.00000971,0.00000986,0.00000991,0.00000985,0.00000983,0.00000976,0.00000985
3.236000,0.00000999,0.00000971,0.00000986,0.00000991,0.00000985,0.00000984,0.00000976,0.00000985
3.238000,0.00000999,0.00000971,0.00000986,0.00000991,0.00000985,0.00000984,0.00000976,0.00000985
3.240000,0.00000999,0.00000971,0.00000986,0.00000991,0.00000985,0.00000984,0.00000976,0.00000985
3.242000,0.00000999,0.00000971,0.00000986,0.00000991,0.00000985,0.00000984,0.00000976,0.00000986
3.244000,0.00000999,0.00000971,0.00000986,0.00000991,0.00000985,0.00000984,0.00000976,0.00000986
3.246000,0.00000999,0.00000971,0.00000986,0.00000992,0.00000985,0.00000984,0.00000976,0.00000986
3.248000,0.00000999,0.00000971,0.00000987,0.00000992,0.00000985,0.00000984,0.00000976,0.00000986
3.250000,0.00000999,0.00000971,0.00000987,0.00000992,0.00000985,0.00000984,0.00000976,0.00000986
3.252000,0.00000999,0.00000971,0.00000987,0.00000992,0.00000985,0.00000984,0.00000976,0.00000986
3.254000,0.00000999,0.00000971,0.00000987,0.00000992,0.00000986,0.00000984,0.00000976,0.00000986
3.256000,0.00000999,0.00000971,0.00000987,0.00000992,0.00000986,0.00000984,0.00000976,0.00000986
3.258000,0.00000999,0.00000971,0.00000987,0.00000992,0.00000986,0.00000984,0.00000976,0.00000986
3.260000,0.00000999,0.00000971,0.00000987,0.00000992,0.00000986,0.00000984,0.00000977,0.00000986
3.262000,0.00000999,0.00000971,0.00000987,0.00000992,0.00000986,0.00000984,0.00000977,0.00000986
3.264000,0.00001000,0.00000972,0.00000987,0.00000992,0.00000986,0.00000984,0.00000977,0.00000986
3.266000,0.00001000,0.00000972,0.00000987,0.00000992,0.00000986,0.00000984,0.00000977,0.00000986
3.268000,0.00001000,0.00000972,0.00000987,0.00000992,0.00000986,0.00000984,0.00000977,0.00000986
3.270000,0.00001000,0.00000972,0.00000987,0.00000992,0.00000986,0.00000984,0.00000977,0.00000986
3.272000,0.00001000,0.00000972,0.00000987,0.00000992,0.00000986,0.00000985,0.00000977,0.00000986
3.274000,0.00001000,0.00000972,0.00000987,0.00000992,0.00000986,0.00000985,0.00000977,0.00000986
3.276000,0.00001000,0.00000972,0.00000987,0.00000992,0.00000986,0.00000985,0.00000977,0.00000987
3.278000,0.00001000,0.00000972,0.00000987,0.00000992,0.00000986,0.00000985,0.00000977,0.00000987
3.280000,0.00001000,0.00000972,0.00000987,0.00000993,0.00000986,0.00000985,0.00000977,0.00000987
3.282000,0.00001000,0.00000972,0.00000988,0.00000993,0.00000986,0.00000985,0.00000977,0.00000987
3.284000,0.00001000,0.00000972,0.00000988,0.00000993,0.00000986,0.00000985,0.00000977,0.00000987
3.286000,0.00001000,0.00000972,0.00000988,0.00000993,0.00000986,0.00000985,0.00000977,0.00000987
3.288000,0.00001000,0.00000972,0.00000988,0.00000993,0.00000987,0.00000985,0.00000977,0.00000987
3.290000,0.00001000,0.00000972,0.00000988,0.00000993,0.00000987,0.00000985,0.00000977,0.00000987
3.292000,0.00001000,0.00000972,0.00000988,0.00000993,0.00000987,0.00000985,0.00000977,0.00000987
3.294000,0.00001000,0.00000972,0.00000988,0.00000993,0.00000987,0.00000985,0.00000978,0.00000987
3.296000,0.00001001,0.00000972,0.00000988,0.00000993,0.00000987,0.00000985,0.00000978,0.00000987
3.298000,0.00001001,0.00000972,0.00000988,0.00000993,0.00000987,0.00000985,0.00000978,0.00000987
3.300000,0.00001001,0.00000973,0.00000988,0.00000993,0.00000987,0.00000985,0.00000978,0.00000987
3.302000,0.00001001,0.00000973,0.00000988,0.00000993,0.00000987,0.00000985,0.00000978,0.00000987
3.304000,0.00001001,0.00000973,0.00000988,0.00000993,0.00000987,0.00000985,0.00000978,0.00000987
3.306000,0.00001001,0.00000973,0.00000988,0.00000993,0.00000987,0.00000986,0.00000978,0.00000987
3.308000,0.00001001,0.00000973,0.00000988,0.00000993,0.00000987,0.00000986,0.00000978,0.00000987
3.310000,0.00001001,0.00000973,0.00000988,0.00000993,0.00000987,0.00000986,0.00000978,0.00000988
3.312000,0.00001001,0.00000973,0.00000988,0.00000993,0.00000987,0.00000986,0.00000978,0.00000988
3.314000,0.00001001,0.00000973,0.00000988,0.00000994,0.00000987,0.00000986,0.00000978,0.00000988
3.316000,0.00001001,0.00000973,0.00000989,0.00000994,0.00000987,0.00000986,0.00000978,0.00000988
3.318000,0.00001001,0.00000973,0.00000989,0.00000994,0.00000987,0.00000986,0.00000978,0.00000988
3.320000,0.00001001,0.00000973,0.00000989,0.00000994,0.00000987,0.00000986,0.00000978,0.00000988
3.322000,0.00001001,0.00000973,0.00000989,0.00000994,0.00000988,0.00000986,0.00000978,0.00000988
3.324000,0.00001001,0.00000973,0.00000989,0.00000994,0.00000988,0.00000986,0.00000978,0.00000988
3.326000,0.00001001,0.00000973,0.00000989,0.00000994,0.00000988,0.00000986,0.00000978,0.00000988
3.328000,0.00001001,0.00000973,0.00000989,0.00000994,0.00000988,0.00000986,0.00000978,0.00000988
3.330000,0.00001002,0.00000973,0.00000989,0.00000994,0.00000988,0.00000986,0.00000979,0.00000988
3.332000,0.00001002,0.00000973,0.00000989,0.00000994,0.00000988,0.00000986,0.00000979,0.00000988
3.334000,0.00001002,0.00000974,0.00000989,0.00000994,0.00000988,0.00000986,0.00000979,0.00000988
3.336000,0.00001002,0.00000974,0.00000989,0.00000994,0.00000988,0.00000986,0.00000979,0.00000988
3.338000,0.00001002,0.00000974,0.00000989,0.00000994,0.00000988,0.00000986,0.00000979,0.00000988
3.340000,0.00001002,0.00000974,0.00000989,0.00000994,0.00000988,0.00000987,0.00000979,0.00000988
3.342000,0.00001002,0.00000974,0.00000989,0.00000994,0.00000988,0.00000987,0.00000979,0.00000988
3.344000,0.00001002,0.00000974,0.00000989,0.00000994,0.00000988,0.00000987,0.00000979,0.00000989
3.346000,0.00001002,0.00000974,0.00000989,0.00000995,0.00000988,0.00000987,0.00000979,0.00000989
3.348000,0.00001002,0.00000974,0.00000989,0.00000995,0.00000988,0.00000987,0.00000979,0.00000989
3.350000,0.00001002,0.00000974,0.00000990,0.00000995,0.00000988,0.00000987,0.00000979,0.00000989
3.352000,0.00001002,0.00000974,0.00000990,0.00000995,0.00000988,0.00000987,0.00000979,0.00000989
3.354000,0.00001002,0.00000974,0.00000990,0.00000995,0.00000988,0.00000987,0.00000979,0.00000989
3.356000,0.00001002,0.00000974,0.00000990,0.00000995,0.00000989,0.00000987,0.00000979,0.00000989
3.358000,0.00001002,0.00000974,0.00000990,0.00000995,0.00000989,0.00000987,0.00000979,0.00000989
3.360000,0.00001002,0.00000974,0.00000990,0.00000995,0.00000989,0.00000987,0.00000979,0.00000989
3.362000,0.00001002,0.00000974,0.00000990,0.00000995,0.00000989,0.00000987,0.00000979,0.00000989
3.364000,0.00001003,0.00000974,0.00000990,0.00000995,0.00000989,0.00000987,0.00000980,0.00000989
3.366000,0.00001003,0.00000974,0.00000990,0.00000995,0.00000989,0.00000987,0.00000980,0.00000989
3.368000,0.00001003,0.00000975,0.00000990,0.00000995,0.00000989,0.00000987,0.00000980,0.00000989
3.370000,0.00001003,0.00000975,0.00000990,0.00000995,0.00000989,0.00000987,0.00000980,0.00000989
3.372000,0.00001003,0.00000975,0.00000990,0.00000995,0.00000989,0.00000987,0.00000980,0.00000989
3.374000,0.00001003,0.00000975,0.00000990,0.00000995,0.00000989,0.00000988,0.00000980,0.00000989
3.376000,0.00001003,0.00000975,0.00000990,0.00000995,0.00000989,0.00000988,0.00000980,0.00000989
3.378000,0.00001003,0.00000975,0.00000990,0.00000995,0.00000989,0.00000988,0.00000980,0.00000990
3.380000,0.00001003,0.00000975,0.00000990,0.00000996,0.00000989,0.00000988,0.00000980,0.00000990
3.382000,0.00001003,0.00000975,0.00000990,0.00000996,0.00000989,0.00000988,0.00000980,0.00000990
3.384000,0.00001003,0.00000975,0.00000991,0.00000996,0.00000989,0.00000988,0.00000980,0.00000990
3.386000,0.00001003,0.00000975,0.00000991,0.00000996,0.00000989,0.00000988,0.00000980,0.00000990
3.388000,0.00001003,0.00000975,0.00000991,0.00000996,0.00000989,0.00000988,0.00000980,0.00000990
3.390000,0.00001003,0.00000975,0.00000991,0.00000996,0.00000990,0.00000988,0.00000980,0.00000990
3.392000,0.00001003,0.00000975,0.00000991,0.00000996,0.00000990,0.00000988,0.00000980,0.00000990
3.394000,0.00001003,0.00000975,0.00000991,0.00000996,0.00000990,0.00000988,0.00000980,0.00000990
3.396000,0.00001004,0.00000975,0.00000991,0.00000996,0.00000990,0.00000988,0.00000980,0.00000990
3.398000,0.00001004,0.00000975,0.00000991,0.00000996,0.00000990,0.00000988,0.00000981,0.00000990
3.400000,0.00001004,0.00000975,0.00000991,0.00000996,0.00000990,0.00000988,0.00000981,0.00000990
3.402000,0.00001004,0.00000975,0.00000991,0.00000996,0.00000990,0.00000988,0.00000981,0.00000990
3.404000,0.00001004,0.00000976,0.00000991,0.00000996,0.00000990,0.00000988,0.00000981,0.00000990
3.406000,0.00001004,0.00000976,0.00000991,0.00000996,0.00000990,0.00000988,0.00000981,0.00000990
3.408000,0.00001004,0.00000976,0.00000991,0.00000996,0.00000990,0.00000989,0.00000981,0.00000990
3.410000,0.00001004,0.00000976,0.00000991,0.00000996,0.00000990,0.00000989,0.00000981,0.00000990
3.412000,0.00001004,0.00000976,0.00000991,0.00000996,0.00000990,0.00000989,0.00000981,0.00000991
3.414000,0.00001004,0.00000976,0.00000991,0.00000997,0.00000990,0.00000989,0.00000981,0.00000991
3.416000,0.00001004,0.00000976,0.00000992,0.00000997,0.00000990,0.00000989,0.00000981,0.00000991
3.418000,0.00001004,0.00000976,0.00000992,0.00000997,0.00000990,0.00000989,0.00000981,0.00000991
3.420000,0.00001004,0.00000976,0.00000992,0.00000997,0.00000990,0.00000989,0.00000981,0.00000991
3.422000,0.00001004,0.00000976,0.00000992,0.00000997,0.00000990,0.00000989,0.00000981,0.00000991
3.424000,0.00001004,0.00000976,0.00000992,0.00000997,0.00000991,0.00000989,0.00000981,0.00000991
3.426000,0.00001004,0.00000976,0.00000992,0.00000997,0.00000991,0.00000989,0.00000981,0.00000991
3.428000,0.00001004,0.00000976,0.00000992,0.00000997,0.00000991,0.00000989,0.00000981,0.00000991
3.430000,0.00001005,0.00000976,0.00000992,0.00000997,0.00000991,0.00000989,0.00000981,0.00000991
3.432000,0.00001005,0.00000976,0.00000992,0.00000997,0.00000991,0.00000989,0.00000982,0.00000991
3.434000,0.00001005,0.00000976,0.00000992,0.00000997,0.00000991,0.00000989,0.00000982,0.00000991
3.436000,0.00001005,0.00000976,0.00000992,0.00000997,0.00000991,0.00000989,0.00000982,0.00000991
3.438000,0.00001005,0.00000977,0.00000992,0.00000997,0.00000991,0.00000989,0.00000982,0.00000991
3.440000,0.00001005,0.00000977,0.00000992,0.00000997,0.00000991,0.00000989,0.00000982,0.00000991
3.442000,0.00001005,0.00000977,0.00000992,0.00000997,0.00000991,0.00000990,0.00000982,0.00000991
3.444000,0.00001005,0.00000977,0.00000992,0.00000997,0.00000991,0.00000990,0.00000982,0.00000991
3.446000,0.00001005,0.00000977,0.00000992,0.00000997,0.00000991,0.00000990,0.00000982,0.00000992
3.448000,0.00001005,0.00000977,0.00000992,0.00000998,0.00000991,0.00000990,0.00000982,0.00000992
3.450000,0.00001005,0.00000977,0.00000993,0.00000998,0.00000991,0.00000990,0.00000982,0.00000992
3.452000,0.00001005,0.00000977,0.00000993,0.00000998,0.00000991,0.00000990,0.00000982,0.00000992
3.454000,0.00001005,0.00000977,0.00000993,0.00000998,0.00000991,0.00000990,0.00000982,0.00000992
3.456000,0.00001005,0.00000977,0.00000993,0.00000998,0.00000991,0.00000990,0.00000982,0.00000992
3.458000,0.00001005,0.00000977,0.00000993,0.00000998,0.00000992,0.00000990,0.00000982,0.00000992
3.460000,0.00001005,0.00000977,0.00000993,0.00000998,0.00000992,0.00000990,0.00000982,0.00000992
3.462000,0.00001005,0.00000977,0.00000993,0.00000998,0.00000992,0.00000990,0.00000982,0.00000992
3.464000,0.00001006,0.00000977,0.00000993,0.00000998,0.00000992,0.00000990,0.00000982,0.00000992
3.466000,0.00001006,0.00000977,0.00000993,0.00000998,0.00000992,0.00000990,0.00000982,0.00000992
3.468000,0.00001006,0.00000977,0.00000993,0.00000998,0.00000992,0.00000990,0.00000983,0.00000992
3.470000,0.00001006,0.00000977,0.00000993,0.00000998,0.00000992,0.00000990,0.00000983,0.00000992
3.472000,0.00001006,0.00000977,0.00000993,0.00000998,0.00000992,0.00000990,0.00000983,0.00000992
3.474000,0.00001006,0.00000978,0.00000993,0.00000998,0.00000992,0.00000990,0.00000983,0.00000992
3.476000,0.00001006,0.00000978,0.00000993,0.00000998,0.00000992,0.00000991,0.00000983,0.00000992
3.478000,0.00001006,0.00000978,0.00000993,0.00000998,0.00000992,0.00000991,0.00000983,0.00000992
3.480000,0.00001006,0.00000978,0.00000993,0.00000998,0.00000992,0.00000991,0.00000983,0.00000993
3.482000,0.00001006,0.00000978,0.00000993,0.00000999,0.00000992,0.00000991,0.00000983,0.00000993
3.483999,0.00001006,0.00000978,0.00000994,0.00000999,0.00000992,0.00000991,0.00000983,0.00000993
3.486000,0.00001006,0.00000978,0.00000994,0.00000999,0.00000992,0.00000991,0.00000983,0.00000993
3.488000,0.00001006,0.00000978,0.00000994,0.00000999,0.00000992,0.00000991,0.00000983,0.00000993
3.490000,0.00001006,0.00000978,0.00000994,0.00000999,0.00000992,0.00000991,0.00000983,0.00000993
3.492000,0.00001006,0.00000978,0.00000994,0.00000999,0.00000993,0.00000991,0.00000983,0.00000993
3.493999,0.00001006,0.00000978,0.00000994,0.00000999,0.00000993,0.00000991,0.00000983,0.00000993
3.496000,0.00001007,0.00000978,0.00000994,0.00000999,0.00000993,0.00000991,0.00000983,0.00000993
3.498000,0.00001007,0.00000978,0.00000994,0.00000999,0.00000993,0.00000991,0.00000983,0.00000993
3.500000,0.00001007,0.00000978,0.00000994,0.00000999,0.00000993,0.00000991,0.00000983,0.00000993
3.502000,0.00001007,0.00000978,0.00000994,0.00000999,0.00000993,0.00000991,0.00000984,0.00000993
3.503999,0.00001007,0.00000978,0.00000994,0.00000999,0.00000993,0.00000991,0.00000984,0.00000993
3.506000,0.00001007,0.00000978,0.00000994,0.00000999,0.00000993,0.00000991,0.00000984,0.00000993
3.508000,0.00001007,0.00000979,0.00000994,0.00000999,0.00000993,0.00000991,0.00000984,0.00000993
3.510000,0.00001007,0.00000979,0.00000994,0.00000999,0.00000993,0.00000992,0.00000984,0.00000993
3.512000,0.00001007,0.00000979,0.00000994,0.00000999,0.00000993,0.00000992,0.00000984,0.00000993
3.514000,0.00001007,0.00000979,0.00000994,0.00000999,0.00000993,0.00000992,0.00000984,0.00000994
3.516000,0.00001007,0.00000979,0.00000994,0.00001000,0.00000993,0.00000992,0.00000984,0.00000994
3.518000,0.00001007,0.00000979,0.00000995,0.00001000,0.00000993,0.00000992,0.00000984,0.00000994
3.520000,0.00001007,0.00000979,0.00000995,0.00001000,0.00000993,0.00000992,0.00000984,0.00000994
3.522000,0.00001007,0.00000979,0.00000995,0.00001000,0.00000993,0.00000992,0.00000984,0.00000994
3.524000,0.00001007,0.00000979,0.00000995,0.00001000,0.00000993,0.00000992,0.00000984,0.00000994
3.526000,0.00001007,0.00000979,0.00000995,0.00001000,0.00000994,0.00000992,0.00000984,0.00000994
3.528000,0.00001007,0.00000979,0.00000995,0.00001000,0.00000994,0.00000992,0.00000984,0.00000994
3.530000,0.00001008,0.00000979,0.00000995,0.00001000,0.00000994,0.00000992,0.00000984,0.00000994
3.532000,0.00001008,0.00000979,0.00000995,0.00001000,0.00000994,0.00000992,0.00000984,0.00000994
3.534000,0.00001008,0.00000979,0.00000995,0.00001000,0.00000994,0.00000992,0.00000984,0.00000994
3.536000,0.00001008,0.00000979,0.00000995,0.00001000,0.00000994,0.00000992,0.00000985,0.00000994
3.538000,0.00001008,0.00000979,0.00000995,0.00001000,0.00000994,0.00000992,0.00000985,0.00000994
3.540000,0.00001008,0.00000979,0.00000995,0.00001000,0.00000994,0.00000992,0.00000985,0.00000994
3.542000,0.00001008,0.00000980,0.00000995,0.00001000,0.00000994,0.00000992,0.00000985,0.00000994
3.544000,0.00001008,0.00000980,0.00000995,0.00001000,0.00000994,0.00000993,0.00000985,0.00000994
3.546000,0.00001008,0.00000980,0.00000995,0.00001000,0.00000994,0.00000993,0.00000985,0.00000994
3.548000,0.00001008,0.00000980,0.00000995,0.00001001,0.00000994,0.00000993,0.00000985,0.00000995
3.550000,0.00001008,0.00000980,0.00000995,0.00001001,0.00000994,0.00000993,0.00000985,0.00000995
3.552000,0.00001008,0.00000980,0.00000996,0.00001001,0.00000994,0.00000993,0.00000985,0.00000995
3.554000,0.00001008,0.00000980,0.00000996,0.00001001,0.00000994,0.00000993,0.00000985,0.00000995
3.556000,0.00001008,0.00000980,0.00000996,0.00001001,0.00000994,0.00000993,0.00000985,0.00000995
3.558000,0.00001008,0.00000980,0.00000996,0.00001001,0.00000994,0.00000993,0.00000985,0.00000995
3.560000,0.00001008,0.00000980,0.00000996,0.00001001,0.00000995,0.00000993,0.00000985,0.00000995
3.562000,0.00001009,0.00000980,0.00000996,0.00001001,0.00000995,0.00000993,0.00000985,0.00000995
3.564000,0.00001009,0.00000980,0.00000996,0.00001001,0.00000995,0.00000993,0.00000985,0.00000995
3.566000,0.00001009,0.00000980,0.00000996,0.00001001,0.00000995,0.00000993,0.00000985,0.00000995
3.568000,0.00001009,0.00000980,0.00000996,0.00001001,0.00000995,0.00000993,0.00000985,0.00000995
3.570000,0.00001009,0.00000980,0.00000996,0.00001001,0.00000995,0.00000993,0.00000986,0.00000995
3.572000,0.00001009,0.00000980,0.00000996,0.00001001,0.00000995,0.00000993,0.00000986,0.00000995
3.574000,0.00001009,0.00000980,0.00000996,0.00001001,0.00000995,0.00000993,0.00000986,0.00000995
3.576000,0.00001009,0.00000980,0.00000996,0.00001001,0.00000995,0.00000993,0.00000986,0.00000995
3.578000,0.00001009,0.00000981,0.00000996,0.00001001,0.00000995,0.00000994,0.00000986,0.00000995
3.580000,0.00001009,0.00000981,0.00000996,0.00001001,0.00000995,0.00000994,0.00000986,0.00000995
3.582000,0.00001009,0.00000981,0.00000996,0.00001002,0.00000995,0.00000994,0.00000986,0.00000996
3.584000,0.00001009,0.00000981,0.00000996,0.00001002,0.00000995,0.00000994,0.00000986,0.00000996
3.586000,0.00001009,0.00000981,0.00000997,0.00001002,0.00000995,0.00000994,0.00000986,0.00000996
3.588000,0.00001009,0.00000981,0.00000997,0.00001002,0.00000995,0.00000994,0.00000986,0.00000996
3.590000,0.00001009,0.00000981,0.00000997,0.00001002,0.00000995,0.00000994,0.00000986,0.00000996
3.592000,0.00001009,0.00000981,0.00000997,0.00001002,0.00000995,0.00000994,0.00000986,0.00000996
3.594000,0.00001010,0.00000981,0.00000997,0.00001002,0.00000996,0.00000994,0.00000986,0.00000996
3.596000,0.00001010,0.00000981,0.00000997,0.00001002,0.00000996,0.00000994,0.00000986,0.00000996
3.598000,0.00001010,0.00000981,0.00000997,0.00001002,0.00000996,0.00000994,0.00000986,0.00000996
3.600000,0.00001010,0.00000981,0.00000997,0.00001002,0.00000996,0.00000994,0.00000986,0.00000996
3.602000,0.00001010,0.00000981,0.00000997,0.00001002,0.00000996,0.00000994,0.00000986,0.00000996
3.604000,0.00001010,0.00000981,0.00000997,0.00001002,0.00000996,0.00000994,0.00000987,0.00000996
3.605999,0.00001010,0.00000981,0.00000997,0.00001002,0.00000996,0.00000994,0.00000987,0.00000996
3.608000,0.00001010,0.00000981,0.00000997,0.00001002,0.00000996,0.00000994,0.00000987,0.00000996
3.610000,0.00001010,0.00000981,0.00000997,0.00001002,0.00000996,0.00000994,0.00000987,0.00000996
3.612000,0.00001010,0.00000982,0.00000997,0.00001002,0.00000996,0.00000995,0.00000987,0.00000996
3.614000,0.00001010,0.00000982,0.00000997,0.00001002,0.00000996,0.00000995,0.00000987,0.00000997
3.615999,0.00001010,0.00000982,0.00000997,0.00001003,0.00000996,0.00000995,0.00000987,0.00000997
3.618000,0.00001010,0.00000982,0.00000997,0.00001003,0.00000996,0.00000995,0.00000987,0.00000997
3.620000,0.00001010,0.00000982,0.00000998,0.00001003,0.00000996,0.00000995,0.00000987,0.00000997
3.622000,0.00001010,0.00000982,0.00000998,0.00001003,0.00000996,0.00000995,0.00000987,0.00000997
3.624000,0.00001010,0.00000982,0.00000998,0.00001003,0.00000996,0.00000995,0.00000987,0.00000997
3.625999,0.00001010,0.00000982,0.00000998,0.00001003,0.00000996,0.00000995,0.00000987,0.00000997
3.628000,0.00001011,0.00000982,0.00000998,0.00001003,0.00000997,0.00000995,0.00000987,0.00000997
3.630000,0.00001011,0.00000982,0.00000998,0.00001003,0.00000997,0.00000995,0.00000987,0.00000997
3.632000,0.00001011,0.00000982,0.00000998,0.00001003,0.00000997,0.00000995,0.00000987,0.00000997
3.634000,0.00001011,0.00000982,0.00000998,0.00001003,0.00000997,0.00000995,0.00000987,0.00000997
3.636000,0.00001011,0.00000982,0.00000998,0.00001003,0.00000997,0.00000995,0.00000987,0.00000997
3.638000,0.00001011,0.00000982,0.00000998,0.00001003,0.00000997,0.00000995,0.00000988,0.00000997
3.640000,0.00001011,0.00000982,0.00000998,0.00001003,0.00000997,0.00000995,0.00000988,0.00000997
3.642000,0.00001011,0.00000982,0.00000998,0.00001003,0.00000997,0.00000995,0.00000988,0.00000997
3.644000,0.00001011,0.00000982,0.00000998,0.00001003,0.00000997,0.00000995,0.00000988,0.00000997
3.646000,0.00001011,0.00000983,0.00000998,0.00001003,0.00000997,0.00000996,0.00000988,0.00000997
3.648000,0.00001011,0.00000983,0.00000998,0.00001003,0.00000997,0.00000996,0.00000988,0.00000998
3.650000,0.00001011,0.00000983,0.00000998,0.00001004,0.00000997,0.00000996,0.00000988,0.00000998
3.652000,0.00001011,0.00000983,0.00000999,0.00001004,0.00000997,0.00000996,0.00000988,0.00000998
3.654000,0.00001011,0.00000983,0.00000999,0.00001004,0.00000997,0.00000996,0.00000988,0.00000998
3.656000,0.00001011,0.00000983,0.00000999,0.00001004,0.00000997,0.00000996,0.00000988,0.00000998
3.658000,0.00001011,0.00000983,0.00000999,0.00001004,0.00000997,0.00000996,0.00000988,0.00000998
3.660000,0.00001012,0.00000983,0.00000999,0.00001004,0.00000998,0.00000996,0.00000988,0.00000998
3.662000,0.00001012,0.00000983,0.00000999,0.00001004,0.00000998,0.00000996,0.00000988,0.00000998
3.664000,0.00001012,0.00000983,0.00000999,0.00001004,0.00000998,0.00000996,0.00000988,0.00000998
3.666000,0.00001012,0.00000983,0.00000999,0.00001004,0.00000998,0.00000996,0.00000988,0.00000998
3.668000,0.00001012,0.00000983,0.00000999,0.00001004,0.00000998,0.00000996,0.00000988,0.00000998
3.670000,0.00001012,0.00000983,0.00000999,0.00001004,0.00000998,0.00000996,0.00000988,0.00000998
3.672000,0.00001012,0.00000983,0.00000999,0.00001004,0.00000998,0.00000996,0.00000989,0.00000998
3.674000,0.00001012,0.00000983,0.00000999,0.00001004,0.00000998,0.00000996,0.00000989,0.00000998
3.676000,0.00001012,0.00000983,0.00000999,0.00001004,0.00000998,0.00000996,0.00000989,0.00000998
3.678000,0.00001012,0.00000983,0.00000999,0.00001004,0.00000998,0.00000997,0.00000989,0.00000998
3.680000,0.00001012,0.00000984,0.00000999,0.00001004,0.00000998,0.00000997,0.00000989,0.00000998
3.682000,0.00001012,0.00000984,0.00000999,0.00001005,0.00000998,0.00000997,0.00000989,0.00000999
3.684000,0.00001012,0.00000984,0.00000999,0.00001005,0.00000998,0.00000997,0.00000989,0.00000999
3.686000,0.00001012,0.00000984,0.00001000,0.00001005,0.00000998,0.00000997,0.00000989,0.00000999
3.688000,0.00001012,0.00000984,0.00001000,0.00001005,0.00000998,0.00000997,0.00000989,0.00000999
3.690000,0.00001012,0.00000984,0.00001000,0.00001005,0.00000998,0.00000997,0.00000989,0.00000999
3.692000,0.00001012,0.00000984,0.00001000,0.00001005,0.00000998,0.00000997,0.00000989,0.00000999
3.694000,0.00001013,0.00000984,0.00001000,0.00001005,0.00000999,0.00000997,0.00000989,0.00000999
3.696000,0.00001013,0.00000984,0.00001000,0.00001005,0.00000999,0.00000997,0.00000989,0.00000999
3.698000,0.00001013,0.00000984,0.00001000,0.00001005,0.00000999,0.00000997,0.00000989,0.00000999
3.700000,0.00001013,0.00000984,0.00001000,0.00001005,0.00000999,0.00000997,0.00000989,0.00000999
3.702000,0.00001013,0.00000984,0.00001000,0.00001005,0.00000999,0.00000997,0.00000989,0.00000999
3.704000,0.00001013,0.00000984,0.00001000,0.00001005,0.00000999,0.00000997,0.00000989,0.00000999
3.706000,0.00001013,0.00000984,0.00001000,0.00001005,0.00000999,0.00000997,0.00000990,0.00000999
3.708000,0.00001013,0.00000984,0.00001000,0.00001005,0.00000999,0.00000997,0.00000990,0.00000999
3.710000,0.00001013,0.00000984,0.00001000,0.00001005,0.00000999,0.00000997,0.00000990,0.00000999
3.712000,0.00001013,0.00000984,0.00001000,0.00001005,0.00000999,0.00000998,0.00000990,0.00000999
3.714000,0.00001013,0.00000984,0.00001000,0.00001005,0.00000999,0.00000998,0.00000990,0.00000999
3.716000,0.00001013,0.00000985,0.00001000,0.00001006,0.00000999,0.00000998,0.00000990,0.00001000
3.717999,0.00001013,0.00000985,0.00001000,0.00001006,0.00000999,0.00000998,0.00000990,0.00001000
3.720000,0.00001013,0.00000985,0.00001001,0.00001006,0.00000999,0.00000998,0.00000990,0.00001000
3.722000,0.00001013,0.00000985,0.00001001,0.00001006,0.00000999,0.00000998,0.00000990,0.00001000
3.724000,0.00001013,0.00000985,0.00001001,0.00001006,0.00000999,0.00000998,0.00000990,0.00001000
3.726000,0.00001014,0.00000985,0.00001001,0.00001006,0.00000999,0.00000998,0.00000990,0.00001000
3.727999,0.00001014,0.00000985,0.00001001,0.00001006,0.00001000,0.00000998,0.00000990,0.00001000
3.730000,0.00001014,0.00000985,0.00001001,0.00001006,0.00001000,0.00000998,0.00000990,0.00001000
3.732000,0.00001014,0.00000985,0.00001001,0.00001006,0.00001000,0.00000998,0.00000990,0.00001000
3.734000,0.00001014,0.00000985,0.00001001,0.00001006,0.00001000,0.00000998,0.00000990,0.00001000
3.736000,0.00001014,0.00000985,0.00001001,0.00001006,0.00001000,0.00000998,0.00000990,0.00001000
3.737999,0.00001014,0.00000985,0.00001001,0.00001006,0.00001000,0.00000998,0.00000990,0.00001000
3.740000,0.00001014,0.00000985,0.00001001,0.00001006,0.00001000,0.00000998,0.00000991,0.00001000
3.742000,0.00001014,0.00000985,0.00001001,0.00001006,0.00001000,0.00000998,0.00000991,0.00001000
3.744000,0.00001014,0.00000985,0.00001001,0.00001006,0.00001000,0.00000998,0.00000991,0.00001000
3.746000,0.00001014,0.00000985,0.00001001,0.00001006,0.00001000,0.00000999,0.00000991,0.00001000
3.748000,0.00001014,0.00000985,0.00001001,0.00001007,0.00001000,0.00000999,0.00000991,0.00001000
3.750000,0.00001014,0.00000986,0.00001001,0.00001007,0.00001000,0.00000999,0.00000991,0.00001001
3.752000,0.00001014,0.00000986,0.00001002,0.00001007,0.00001000,0.00000999,0.00000991,0.00001001
3.754000,0.00001014,0.00000986,0.00001002,0.00001007,0.00001000,0.00000999,0.00000991,0.00001001
3.756000,0.00001014,0.00000986,0.00001002,0.00001007,0.00001000,0.00000999,0.00000991,0.00001001
3.758000,0.00001014,0.00000986,0.00001002,0.00001007,0.00001000,0.00000999,0.00000991,0.00001001
3.760000,0.00001015,0.00000986,0.00001002,0.00001007,0.00001000,0.00000999,0.00000991,0.00001001
3.762000,0.00001015,0.00000986,0.00001002,0.00001007,0.00001001,0.00000999,0.00000991,0.00001001
3.764000,0.00001015,0.00000986,0.00001002,0.00001007,0.00001001,0.00000999,0.00000991,0.00001001
3.766000,0.00001015,0.00000986,0.00001002,0.00001007,0.00001001,0.00000999,0.00000991,0.00001001
3.768000,0.00001015,0.00000986,0.00001002,0.00001007,0.00001001,0.00000999,0.00000991,0.00001001
3.770000,0.00001015,0.00000986,0.00001002,0.00001007,0.00001001,0.00000999,0.00000991,0.00001001
3.772000,0.00001015,0.00000986,0.00001002,0.00001007,0.00001001,0.00000999,0.00000991,0.00001001
3.774000,0.00001015,0.00000986,0.00001002,0.00001007,0.00001001,0.00000999,0.00000992,0.00001001
3.776000,0.00001015,0.00000986,0.00001002,0.00001007,0.00001001,0.00000999,0.00000992,0.00001001
3.778000,0.00001015,0.00000986,0.00001002,0.00001007,0.00001001,0.00000999,0.00000992,0.00001001
3.780000,0.00001015,0.00000986,0.00001002,0.00001007,0.00001001,0.00001000,0.00000992,0.00001001
3.782000,0.00001015,0.00000986,0.00001002,0.00001008,0.00001001,0.00001000,0.00000992,0.00001002
3.784000,0.00001015,0.00000987,0.00001002,0.00001008,0.00001001,0.00001000,0.00000992,0.00001002
3.786000,0.00001015,0.00000987,0.00001003,0.00001008,0.00001001,0.00001000,0.00000992,0.00001002
3.788000,0.00001015,0.00000987,0.00001003,0.00001008,0.00001001,0.00001000,0.00000992,0.00001002
3.790000,0.00001015,0.00000987,0.00001003,0.00001008,0.00001001,0.00001000,0.00000992,0.00001002
3.792000,0.00001016,0.00000987,0.00001003,0.00001008,0.00001001,0.00001000,0.00000992,0.00001002
3.794000,0.00001016,0.00000987,0.00001003,0.00001008,0.00001002,0.00001000,0.00000992,0.00001002
3.796000,0.00001016,0.00000987,0.00001003,0.00001008,0.00001002,0.00001000,0.00000992,0.00001002
3.798000,0.00001016,0.00000987,0.00001003,0.00001008,0.00001002,0.00001000,0.00000992,0.00001002
3.800000,0.00001016,0.00000987,0.00001003,0.00001008,0.00001002,0.00001000,0.00000992,0.00001002
3.802000,0.00001016,0.00000987,0.00001003,0.00001008,0.00001002,0.00001000,0.00000992,0.00001002
3.804000,0.00001016,0.00000987,0.00001003,0.00001008,0.00001002,0.00001000,0.00000992,0.00001002
3.806000,0.00001016,0.00000987,0.00001003,0.00001008,0.00001002,0.00001000,0.00000992,0.00001002
3.808000,0.00001016,0.00000987,0.00001003,0.00001008,0.00001002,0.00001000,0.00000993,0.00001002
3.810000,0.00001016,0.00000987,0.00001003,0.00001008,0.00001002,0.00001000,0.00000993,0.00001002
3.812000,0.00001016,0.00000987,0.00001003,0.00001008,0.00001002,0.00001000,0.00000993,0.00001002
3.814000,0.00001016,0.00000987,0.00001003,0.00001009,0.00001002,0.00001001,0.00000993,0.00001002
3.816000,0.00001016,0.00000987,0.00001003,0.00001009,0.00001002,0.00001001,0.00000993,0.00001003
3.818000,0.00001016,0.00000988,0.00001003,0.00001009,0.00001002,0.00001001,0.00000993,0.00001003
3.820000,0.00001016,0.00000988,0.00001004,0.00001009,0.00001002,0.00001001,0.00000993,0.00001003
3.822000,0.00001016,0.00000988,0.00001004,0.00001009,0.00001002,0.00001001,0.00000993,0.00001003
3.824000,0.00001017,0.00000988,0.00001004,0.00001009,0.00001002,0.00001001,0.00000993,0.00001003
3.826000,0.00001017,0.00000988,0.00001004,0.00001009,0.00001002,0.00001001,0.00000993,0.00001003
3.828000,0.00001017,0.00000988,0.00001004,0.00001009,0.00001003,0.00001001,0.00000993,0.00001003
3.830000,0.00001017,0.00000988,0.00001004,0.00001009,0.00001003,0.00001001,0.00000993,0.00001003
3.832000,0.00001017,0.00000988,0.00001004,0.00001009,0.00001003,0.00001001,0.00000993,0.00001003
3.834000,0.00001017,0.00000988,0.00001004,0.00001009,0.00001003,0.00001001,0.00000993,0.00001003
3.836000,0.00001017,0.00000988,0.00001004,0.00001009,0.00001003,0.00001001,0.00000993,0.00001003
3.838000,0.00001017,0.00000988,0.00001004,0.00001009,0.00001003,0.00001001,0.00000993,0.00001003
3.839999,0.00001017,0.00000988,0.00001004,0.00001009,0.00001003,0.00001001,0.00000993,0.00001003
3.842000,0.00001017,0.00000988,0.00001004,0.00001009,0.00001003,0.00001001,0.00000994,0.00001003
3.844000,0.00001017,0.00000988,0.00001004,0.00001009,0.00001003,0.00001001,0.00000994,0.00001003
3.846000,0.00001017,0.00000988,0.00001004,0.00001009,0.00001003,0.00001002,0.00000994,0.00001003
3.848000,0.00001017,0.00000988,0.00001004,0.00001010,0.00001003,0.00001002,0.00000994,0.00001003
3.849999,0.00001017,0.00000988,0.00001004,0.00001010,0.00001003,0.00001002,0.00000994,0.00001004
3.852000,0.00001017,0.00000989,0.00001005,0.00001010,0.00001003,0.00001002,0.00000994,0.00001004
3.854000,0.00001017,0.00000989,0.00001005,0.00001010,0.00001003,0.00001002,0.00000994,0.00001004
3.856000,0.00001017,0.00000989,0.00001005,0.00001010,0.00001003,0.00001002,0.00000994,0.00001004
3.858000,0.00001018,0.00000989,0.00001005,0.00001010,0.00001003,0.00001002,0.00000994,0.00001004
3.860000,0.00001018,0.00000989,0.00001005,0.00001010,0.00001003,0.00001002,0.00000994,0.00001004
3.862000,0.00001018,0.00000989,0.00001005,0.00001010,0.00001004,0.00001002,0.00000994,0.00001004
3.864000,0.00001018,0.00000989,0.00001005,0.00001010,0.00001004,0.00001002,0.00000994,0.00001004
3.866000,0.00001018,0.00000989,0.00001005,0.00001010,0.00001004,0.00001002,0.00000994,0.00001004
3.868000,0.00001018,0.00000989,0.00001005,0.00001010,0.00001004,0.00001002,0.00000994,0.00001004
3.870000,0.00001018,0.00000989,0.00001005,0.00001010,0.00001004,0.00001002,0.00000994,0.00001004
3.872000,0.00001018,0.00000989,0.00001005,0.00001010,0.00001004,0.00001002,0.00000994,0.00001004
3.874000,0.00001018,0.00000989,0.00001005,0.00001010,0.00001004,0.00001002,0.00000994,0.00001004
3.876000,0.00001018,0.00000989,0.00001005,0.00001010,0.00001004,0.00001002,0.00000995,0.00001004
3.878000,0.00001018,0.00000989,0.00001005,0.00001010,0.00001004,0.00001002,0.00000995,0.00001004
3.880000,0.00001018,0.00000989,0.00001005,0.00001011,0.00001004,0.00001003,0.00000995,0.00001004
3.882000,0.00001018,0.00000989,0.00001005,0.00001011,0.00001004,0.00001003,0.00000995,0.00001005
3.884000,0.00001018,0.00000989,0.00001005,0.00001011,0.00001004,0.00001003,0.00000995,0.00001005
3.886000,0.00001018,0.00000990,0.00001006,0.00001011,0.00001004,0.00001003,0.00000995,0.00001005
3.888000,0.00001018,0.00000990,0.00001006,0.00001011,0.00001004,0.00001003,0.00000995,0.00001005
3.890000,0.00001019,0.00000990,0.00001006,0.00001011,0.00001004,0.00001003,0.00000995,0.00001005
3.892000,0.00001019,0.00000990,0.00001006,0.00001011,0.00001004,0.00001003,0.00000995,0.00001005
3.894000,0.00001019,0.00000990,0.00001006,0.00001011,0.00001005,0.00001003,0.00000995,0.00001005
3.896000,0.00001019,0.00000990,0.00001006,0.00001011,0.00001005,0.00001003,0.00000995,0.00001005
3.898000,0.00001019,0.00000990,0.00001006,0.00001011,0.00001005,0.00001003,0.00000995,0.00001005
3.900000,0.00001019,0.00000990,0.00001006,0.00001011,0.00001005,0.00001003,0.00000995,0.00001005
3.902000,0.00001019,0.00000990,0.00001006,0.00001011,0.00001005,0.00001003,0.00000995,0.00001005
3.904000,0.00001019,0.00000990,0.00001006,0.00001011,0.00001005,0.00001003,0.00000995,0.00001005
3.906000,0.00001019,0.00000990,0.00001006,0.00001011,0.00001005,0.00001003,0.00000995,0.00001005
3.908000,0.00001019,0.00000990,0.00001006,0.00001011,0.00001005,0.00001003,0.00000995,0.00001005
3.910000,0.00001019,0.00000990,0.00001006,0.00001011,0.00001005,0.00001003,0.00000996,0.00001005
3.912000,0.00001019,0.00000990,0.00001006,0.00001011,0.00001005,0.00001003,0.00000996,0.00001005
3.914000,0.00001019,0.00000990,0.00001006,0.00001012,0.00001005,0.00001004,0.00000996,0.00001005
3.916000,0.00001019,0.00000990,0.00001006,0.00001012,0.00001005,0.00001004,0.00000996,0.00001006
3.918000,0.00001019,0.00000990,0.00001007,0.00001012,0.00001005,0.00001004,0.00000996,0.00001006
3.920000,0.00001019,0.00000991,0.00001007,0.00001012,0.00001005,0.00001004,0.00000996,0.00001006
3.922000,0.00001020,0.00000991,0.00001007,0.00001012,0.00001005,0.00001004,0.00000996,0.00001006
3.924000,0.00001020,0.00000991,0.00001007,0.00001012,0.00001005,0.00001004,0.00000996,0.00001006
3.926000,0.00001020,0.00000991,0.00001007,0.00001012,0.00001005,0.00001004,0.00000996,0.00001006
3.928000,0.00001020,0.00000991,0.00001007,0.00001012,0.00001006,0.00001004,0.00000996,0.00001006
3.930000,0.00001020,0.00000991,0.00001007,0.00001012,0.00001006,0.00001004,0.00000996,0.00001006
3.932000,0.00001020,0.00000991,0.00001007,0.00001012,0.00001006,0.00001004,0.00000996,0.00001006
3.934000,0.00001020,0.00000991,0.00001007,0.00001012,0.00001006,0.00001004,0.00000996,0.00001006
3.936000,0.00001020,0.00000991,0.00001007,0.00001012,0.00001006,0.00001004,0.00000996,0.00001006
3.938000,0.00001020,0.00000991,0.00001007,0.00001012,0.00001006,0.00001004,0.00000996,0.00001006
3.940000,0.00001020,0.00000991,0.00001007,0.00001012,0.00001006,0.00001004,0.00000996,0.00001006
3.942000,0.00001020,0.00000991,0.00001007,0.00001012,0.00001006,0.00001004,0.00000996,0.00001006
3.944000,0.00001020,0.00000991,0.00001007,0.00001012,0.00001006,0.00001004,0.00000997,0.00001006
3.946000,0.00001020,0.00000991,0.00001007,0.00001013,0.00001006,0.00001005,0.00000997,0.00001006
3.948000,0.00001020,0.00000991,0.00001007,0.00001013,0.00001006,0.00001005,0.00000997,0.00001006
3.950000,0.00001020,0.00000991,0.00001007,0.00001013,0.00001006,0.00001005,0.00000997,0.00001007
3.951999,0.00001020,0.00000991,0.00001008,0.00001013,0.00001006,0.00001005,0.00000997,0.00001007
3.954000,0.00001021,0.00000992,0.00001008,0.00001013,0.00001006,0.00001005,0.00000997,0.00001007
3.956000,0.00001021,0.00000992,0.00001008,0.00001013,0.00001006,0.00001005,0.00000997,0.00001007
3.958000,0.00001021,0.00000992,0.00001008,0.00001013,0.00001006,0.00001005,0.00000997,0.00001007
3.960000,0.00001021,0.00000992,0.00001008,0.00001013,0.00001006,0.00001005,0.00000997,0.00001007
3.961999,0.00001021,0.00000992,0.00001008,0.00001013,0.00001007,0.00001005,0.00000997,0.00001007
3.964000,0.00001021,0.00000992,0.00001008,0.00001013,0.00001007,0.00001005,0.00000997,0.00001007
3.966000,0.00001021,0.00000992,0.00001008,0.00001013,0.00001007,0.00001005,0.00000997,0.00001007
3.968000,0.00001021,0.00000992,0.00001008,0.00001013,0.00001007,0.00001005,0.00000997,0.00001007
3.970000,0.00001021,0.00000992,0.00001008,0.00001013,0.00001007,0.00001005,0.00000997,0.00001007
3.972000,0.00001021,0.00000992,0.00001008,0.00001013,0.00001007,0.00001005,0.00000997,0.00001007
3.974000,0.00001021,0.00000992,0.00001008,0.00001013,0.00001007,0.00001005,0.00000997,0.00001007
3.976000,0.00001021,0.00000992,0.00001008,0.00001013,0.00001007,0.00001005,0.00000997,0.00001007
3.978000,0.00001021,0.00000992,0.00001008,0.00001013,0.00001007,0.00001005,0.00000998,0.00001007
3.980000,0.00001021,0.00000992,0.00001008,0.00001014,0.00001007,0.00001006,0.00000998,0.00001007
3.982000,0.00001021,0.00000992,0.00001008,0.00001014,0.00001007,0.00001006,0.00000998,0.00001008
3.984000,0.00001021,0.00000992,0.00001009,0.00001014,0.00001007,0.00001006,0.00000998,0.00001008
3.986000,0.00001021,0.00000992,0.00001009,0.00001014,0.00001007,0.00001006,0.00000998,0.00001008
3.988000,0.00001022,0.00000993,0.00001009,0.00001014,0.00001007,0.00001006,0.00000998,0.00001008
3.990000,0.00001022,0.00000993,0.00001009,0.00001014,0.00001007,0.00001006,0.00000998,0.00001008
3.992000,0.00001022,0.00000993,0.00001009,0.00001014,0.00001007,0.00001006,0.00000998,0.00001008
3.994000,0.00001022,0.00000993,0.00001009,0.00001014,0.00001008,0.00001006,0.00000998,0.00001008
3.996000,0.00001022,0.00000993,0.00001009,0.00001014,0.00001008,0.00001006,0.00000998,0.00001008
3.998000,0.00001022,0.00000993,0.00001009,0.00001014,0.00001008,0.00001006,0.00000998,0.00001008
4.000000,0.00001022,0.00000993,0.00001009,0.00001014,0.00001008,0.00001006,0.00000998,0.00001008
4.002000,0.00001022,0.00000993,0.00001009,0.00001014,0.00001008,0.00001006,0.00000998,0.00001008
4.004000,0.00001022,0.00000993,0.00001009,0.00001014,0.00001008,0.00001006,0.00000998,0.00001008
4.006000,0.00001022,0.00000993,0.00001009,0.00001014,0.00001008,0.00001006,0.00000998,0.00001008
4.008000,0.00001022,0.00000993,0.00001009,0.00001014,0.00001008,0.00001006,0.00000998,0.00001008
4.010000,0.00001022,0.00000993,0.00001009,0.00001014,0.00001008,0.00001006,0.00000999,0.00001008
4.012000,0.00001022,0.00000993,0.00001009,0.00001015,0.00001008,0.00001006,0.00000999,0.00001008
4.013999,0.00001022,0.00000993,0.00001009,0.00001015,0.00001008,0.00001007,0.00000999,0.00001008
4.016000,0.00001022,0.00000993,0.00001009,0.00001015,0.00001008,0.00001007,0.00000999,0.00001009
4.018000,0.00001022,0.00000993,0.00001010,0.00001015,0.00001008,0.00001007,0.00000999,0.00001009
4.020000,0.00001023,0.00000993,0.00001010,0.00001015,0.00001008,0.00001007,0.00000999,0.00001009
4.022000,0.00001023,0.00000994,0.00001010,0.00001015,0.00001008,0.00001007,0.00000999,0.00001009
4.024000,0.00001023,0.00000994,0.00001010,0.00001015,0.00001008,0.00001007,0.00000999,0.00001009
4.026000,0.00001023,0.00000994,0.00001010,0.00001015,0.00001008,0.00001007,0.00000999,0.00001009
4.028000,0.00001023,0.00000994,0.00001010,0.00001015,0.00001009,0.00001007,0.00000999,0.00001009
4.030000,0.00001023,0.00000994,0.00001010,0.00001015,0.00001009,0.00001007,0.00000999,0.00001009
4.032000,0.00001023,0.00000994,0.00001010,0.00001015,0.00001009,0.00001007,0.00000999,0.00001009
4.033999,0.00001023,0.00000994,0.00001010,0.00001015,0.00001009,0.00001007,0.00000999,0.00001009
4.036000,0.00001023,0.00000994,0.00001010,0.00001015,0.00001009,0.00001007,0.00000999,0.00001009
4.038000,0.00001023,0.00000994,0.00001010,0.00001015,0.00001009,0.00001007,0.00000999,0.00001009
4.040000,0.00001023,0.00000994,0.00001010,0.00001015,0.00001009,0.00001007,0.00000999,0.00001009
4.042000,0.00001023,0.00000994,0.00001010,0.00001015,0.00001009,0.00001007,0.00000999,0.00001009
4.044000,0.00001023,0.00000994,0.00001010,0.00001016,0.00001009,0.00001007,0.00001000,0.00001009
4.046000,0.00001023,0.00000994,0.00001010,0.00001016,0.00001009,0.00001008,0.00001000,0.00001009
4.048000,0.00001023,0.00000994,0.00001010,0.00001016,0.00001009,0.00001008,0.00001000,0.00001010
4.050000,0.00001023,0.00000994,0.00001011,0.00001016,0.00001009,0.00001008,0.00001000,0.00001010
4.052000,0.00001024,0.00000994,0.00001011,0.00001016,0.00001009,0.00001008,0.00001000,0.00001010
4.053999,0.00001024,0.00000994,0.00001011,0.00001016,0.00001009,0.00001008,0.00001000,0.00001010
4.056000,0.00001024,0.00000995,0.00001011,0.00001016,0.00001009,0.00001008,0.00001000,0.00001010
4.058000,0.00001024,0.00000995,0.00001011,0.00001016,0.00001009,0.00001008,0.00001000,0.00001010
4.060000,0.00001024,0.00000995,0.00001011,0.00001016,0.00001010,0.00001008,0.00001000,0.00001010
4.062000,0.00001024,0.00000995,0.00001011,0.00001016,0.00001010,0.00001008,0.00001000,0.00001010
4.064000,0.00001024,0.00000995,0.00001011,0.00001016,0.00001010,0.00001008,0.00001000,0.00001010
4.066000,0.00001024,0.00000995,0.00001011,0.00001016,0.00001010,0.00001008,0.00001000,0.00001010
4.068000,0.00001024,0.00000995,0.00001011,0.00001016,0.00001010,0.00001008,0.00001000,0.00001010
4.070000,0.00001024,0.00000995,0.00001011,0.00001016,0.00001010,0.00001008,0.00001000,0.00001010
4.072000,0.00001024,0.00000995,0.00001011,0.00001016,0.00001010,0.00001008,0.00001000,0.00001010
4.073999,0.00001024,0.00000995,0.00001011,0.00001016,0.00001010,0.00001008,0.00001000,0.00001010
4.076000,0.00001024,0.00000995,0.00001011,0.00001016,0.00001010,0.00001008,0.00001000,0.00001010
4.078000,0.00001024,0.00000995,0.00001011,0.00001017,0.00001010,0.00001008,0.00001001,0.00001010
4.080000,0.00001024,0.00000995,0.00001011,0.00001017,0.00001010,0.00001009,0.00001001,0.00001011
4.082000,0.00001024,0.00000995,0.00001011,0.00001017,0.00001010,0.00001009,0.00001001,0.00001011
4.084000,0.00001025,0.00000995,0.00001012,0.00001017,0.00001010,0.00001009,0.00001001,0.00001011
4.085999,0.00001025,0.00000995,0.00001012,0.00001017,0.00001010,0.00001009,0.00001001,0.00001011
4.087999,0.00001025,0.00000995,0.00001012,0.00001017,0.00001010,0.00001009,0.00001001,0.00001011
4.090000,0.00001025,0.00000996,0.00001012,0.00001017,0.00001010,0.00001009,0.00001001,0.00001011
4.092000,0.00001025,0.00000996,0.00001012,0.00001017,0.00001010,0.00001009,0.00001001,0.00001011
4.094000,0.00001025,0.00000996,0.00001012,0.00001017,0.00001011,0.00001009,0.00001001,0.00001011
4.096000,0.00001025,0.00000996,0.00001012,0.00001017,0.00001011,0.00001009,0.00001001,0.00001011
4.098000,0.00001025,0.00000996,0.00001012,0.00001017,0.00001011,0.00001009,0.00001001,0.00001011
4.100000,0.00001025,0.00000996,0.00001012,0.00001017,0.00001011,0.00001009,0.00001001,0.00001011
4.102000,0.00001025,0.00000996,0.00001012,0.00001017,0.00001011,0.00001009,0.00001001,0.00001011
4.104000,0.00001025,0.00000996,0.00001012,0.00001017,0.00001011,0.00001009,0.00001001,0.00001011
4.105999,0.00001025,0.00000996,0.00001012,0.00001017,0.00001011,0.00001009,0.00001001,0.00001011
4.107999,0.00001025,0.00000996,0.00001012,0.00001017,0.00001011,0.00001009,0.00001001,0.00001011
4.110000,0.00001025,0.00000996,0.00001012,0.00001018,0.00001011,0.00001009,0.00001001,0.00001011
4.112000,0.00001025,0.00000996,0.00001012,0.00001018,0.00001011,0.00001010,0.00001002,0.00001011
4.114000,0.00001025,0.00000996,0.00001012,0.00001018,0.00001011,0.00001010,0.00001002,0.00001012
4.116000,0.00001026,0.00000996,0.00001013,0.00001018,0.00001011,0.00001010,0.00001002,0.00001012
4.118000,0.00001026,0.00000996,0.00001013,0.00001018,0.00001011,0.00001010,0.00001002,0.00001012
4.120000,0.00001026,0.00000996,0.00001013,0.00001018,0.00001011,0.00001010,0.00001002,0.00001012
4.122000,0.00001026,0.00000996,0.00001013,0.00001018,0.00001011,0.00001010,0.00001002,0.00001012
4.124000,0.00001026,0.00000997,0.00001013,0.00001018,0.00001011,0.00001010,0.00001002,0.00001012
4.125999,0.00001026,0.00000997,0.00001013,0.00001018,0.00001012,0.00001010,0.00001002,0.00001012
4.128000,0.00001026,0.00000997,0.00001013,0.00001018,0.00001012,0.00001010,0.00001002,0.00001012
4.130000,0.00001026,0.00000997,0.00001013,0.00001018,0.00001012,0.00001010,0.00001002,0.00001012
4.131999,0.00001026,0.00000997,0.00001013,0.00001018,0.00001012,0.00001010,0.00001002,0.00001012
4.134000,0.00001026,0.00000997,0.00001013,0.00001018,0.00001012,0.00001010,0.00001002,0.00001012
4.136000,0.00001026,0.00000997,0.00001013,0.00001018,0.00001012,0.00001010,0.00001002,0.00001012
4.138000,0.00001026,0.00000997,0.00001013,0.00001018,0.00001012,0.00001010,0.00001002,0.00001012
4.140000,0.00001026,0.00000997,0.00001013,0.00001018,0.00001012,0.00001010,0.00001002,0.00001012
4.142000,0.00001026,0.00000997,0.00001013,0.00001018,0.00001012,0.00001010,0.00001002,0.00001012
4.144000,0.00001026,0.00000997,0.00001013,0.00001019,0.00001012,0.00001010,0.00001003,0.00001012
4.145999,0.00001026,0.00000997,0.00001013,0.00001019,0.00001012,0.00001011,0.00001003,0.00001013
4.148000,0.00001027,0.00000997,0.00001014,0.00001019,0.00001012,0.00001011,0.00001003,0.00001013
4.150000,0.00001027,0.00000997,0.00001014,0.00001019,0.00001012,0.00001011,0.00001003,0.00001013
4.151999,0.00001027,0.00000997,0.00001014,0.00001019,0.00001012,0.00001011,0.00001003,0.00001013
4.154000,0.00001027,0.00000997,0.00001014,0.00001019,0.00001012,0.00001011,0.00001003,0.00001013
4.156000,0.00001027,0.00000997,0.00001014,0.00001019,0.00001012,0.00001011,0.00001003,0.00001013
4.158000,0.00001027,0.00000998,0.00001014,0.00001019,0.00001013,0.00001011,0.00001003,0.00001013
4.160000,0.00001027,0.00000998,0.00001014,0.00001019,0.00001013,0.00001011,0.00001003,0.00001013
4.162000,0.00001027,0.00000998,0.00001014,0.00001019,0.00001013,0.00001011,0.00001003,0.00001013
4.164000,0.00001027,0.00000998,0.00001014,0.00001019,0.00001013,0.00001011,0.00001003,0.00001013
4.165999,0.00001027,0.00000998,0.00001014,0.00001019,0.00001013,0.00001011,0.00001003,0.00001013
4.168000,0.00001027,0.00000998,0.00001014,0.00001019,0.00001013,0.00001011,0.00001003,0.00001013
4.170000,0.00001027,0.00000998,0.00001014,0.00001019,0.00001013,0.00001011,0.00001003,0.00001013
4.172000,0.00001027,0.00000998,0.00001014,0.00001019,0.00001013,0.00001011,0.00001003,0.00001013
4.174000,0.00001027,0.00000998,0.00001014,0.00001019,0.00001013,0.00001011,0.00001003,0.00001013
4.176000,0.00001027,0.00000998,0.00001014,0.00001020,0.00001013,0.00001011,0.00001003,0.00001013
4.178000,0.00001027,0.00000998,0.00001014,0.00001020,0.00001013,0.00001012,0.00001004,0.00001013
4.180000,0.00001028,0.00000998,0.00001014,0.00001020,0.00001013,0.00001012,0.00001004,0.00001014
4.182000,0.00001028,0.00000998,0.00001015,0.00001020,0.00001013,0.00001012,0.00001004,0.00001014
4.184000,0.00001028,0.00000998,0.00001015,0.00001020,0.00001013,0.00001012,0.00001004,0.00001014
4.185999,0.00001028,0.00000998,0.00001015,0.00001020,0.00001013,0.00001012,0.00001004,0.00001014
4.188000,0.00001028,0.00000998,0.00001015,0.00001020,0.00001013,0.00001012,0.00001004,0.00001014
4.190000,0.00001028,0.00000998,0.00001015,0.00001020,0.00001013,0.00001012,0.00001004,0.00001014
4.192000,0.00001028,0.00000999,0.00001015,0.00001020,0.00001014,0.00001012,0.00001004,0.00001014
4.194000,0.00001028,0.00000999,0.00001015,0.00001020,0.00001014,0.00001012,0.00001004,0.00001014
4.196000,0.00001028,0.00000999,0.00001015,0.00001020,0.00001014,0.00001012,0.00001004,0.00001014
4.198000,0.00001028,0.00000999,0.00001015,0.00001020,0.00001014,0.00001012,0.00001004,0.00001014
4.199999,0.00001028,0.00000999,0.00001015,0.00001020,0.00001014,0.00001012,0.00001004,0.00001014
4.202000,0.00001028,0.00000999,0.00001015,0.00001020,0.00001014,0.00001012,0.00001004,0.00001014
4.204000,0.00001028,0.00000999,0.00001015,0.00001020,0.00001014,0.00001012,0.00001004,0.00001014
4.206000,0.00001028,0.00000999,0.00001015,0.00001020,0.00001014,0.00001012,0.00001004,0.00001014
4.208000,0.00001028,0.00000999,0.00001015,0.00001021,0.00001014,0.00001012,0.00001004,0.00001014
4.210000,0.00001028,0.00000999,0.00001015,0.00001021,0.00001014,0.00001012,0.00001004,0.00001014
4.212000,0.00001029,0.00000999,0.00001015,0.00001021,0.00001014,0.00001013,0.00001005,0.00001015
4.214000,0.00001029,0.00000999,0.00001016,0.00001021,0.00001014,0.00001013,0.00001005,0.00001015
4.216000,0.00001029,0.00000999,0.00001016,0.00001021,0.00001014,0.00001013,0.00001005,0.00001015
4.217999,0.00001029,0.00000999,0.00001016,0.00001021,0.00001014,0.00001013,0.00001005,0.00001015
4.219999,0.00001029,0.00000999,0.00001016,0.00001021,0.00001014,0.00001013,0.00001005,0.00001015
4.222000,0.00001029,0.00000999,0.00001016,0.00001021,0.00001014,0.00001013,0.00001005,0.00001015
4.224000,0.00001029,0.00001000,0.00001016,0.00001021,0.00001015,0.00001013,0.00001005,0.00001015
4.226000,0.00001029,0.00001000,0.00001016,0.00001021,0.00001015,0.00001013,0.00001005,0.00001015
4.228000,0.00001029,0.00001000,0.00001016,0.00001021,0.00001015,0.00001013,0.00001005,0.00001015
4.230000,0.00001029,0.00001000,0.00001016,0.00001021,0.00001015,0.00001013,0.00001005,0.00001015
4.232000,0.00001029,0.00001000,0.00001016,0.00001021,0.00001015,0.00001013,0.00001005,0.00001015
4.234000,0.00001029,0.00001000,0.00001016,0.00001021,0.00001015,0.00001013,0.00001005,0.00001015
4.236000,0.00001029,0.00001000,0.00001016,0.00001021,0.00001015,0.00001013,0.00001005,0.00001015
4.237999,0.00001029,0.00001000,0.00001016,0.00001021,0.00001015,0.00001013,0.00001005,0.00001015
4.240000,0.00001029,0.00001000,0.00001016,0.00001022,0.00001015,0.00001013,0.00001005,0.00001015
4.242000,0.00001029,0.00001000,0.00001016,0.00001022,0.00001015,0.00001013,0.00001005,0.00001015
4.243999,0.00001030,0.00001000,0.00001016,0.00001022,0.00001015,0.00001014,0.00001006,0.00001015
4.246000,0.00001030,0.00001000,0.00001017,0.00001022,0.00001015,0.00001014,0.00001006,0.00001016
4.248000,0.00001030,0.00001000,0.00001017,0.00001022,0.00001015,0.00001014,0.00001006,0.00001016
4.250000,0.00001030,0.00001000,0.00001017,0.00001022,0.00001015,0.00001014,0.00001006,0.00001016
4.252000,0.00001030,0.00001000,0.00001017,0.00001022,0.00001015,0.00001014,0.00001006,0.00001016
4.254000,0.00001030,0.00001000,0.00001017,0.00001022,0.00001015,0.00001014,0.00001006,0.00001016
4.256000,0.00001030,0.00001000,0.00001017,0.00001022,0.00001015,0.00001014,0.00001006,0.00001016
4.257999,0.00001030,0.00001001,0.00001017,0.00001022,0.00001016,0.00001014,0.00001006,0.00001016
4.260000,0.00001030,0.00001001,0.00001017,0.00001022,0.00001016,0.00001014,0.00001006,0.00001016
4.262000,0.00001030,0.00001001,0.00001017,0.00001022,0.00001016,0.00001014,0.00001006,0.00001016
4.263999,0.00001030,0.00001001,0.00001017,0.00001022,0.00001016,0.00001014,0.00001006,0.00001016
4.266000,0.00001030,0.00001001,0.00001017,0.00001022,0.00001016,0.00001014,0.00001006,0.00001016
4.268000,0.00001030,0.00001001,0.00001017,0.00001022,0.00001016,0.00001014,0.00001006,0.00001016
4.270000,0.00001030,0.00001001,0.00001017,0.00001022,0.00001016,0.00001014,0.00001006,0.00001016
4.272000,0.00001030,0.00001001,0.00001017,0.00001022,0.00001016,0.00001014,0.00001006,0.00001016
4.274000,0.00001030,0.00001001,0.00001017,0.00001023,0.00001016,0.00001014,0.00001006,0.00001016
4.276000,0.00001031,0.00001001,0.00001017,0.00001023,0.00001016,0.00001015,0.00001006,0.00001016
4.277999,0.00001031,0.00001001,0.00001017,0.00001023,0.00001016,0.00001015,0.00001007,0.00001017
4.280000,0.00001031,0.00001001,0.00001018,0.00001023,0.00001016,0.00001015,0.00001007,0.00001017
4.282000,0.00001031,0.00001001,0.00001018,0.00001023,0.00001016,0.00001015,0.00001007,0.00001017
4.284000,0.00001031,0.00001001,0.00001018,0.00001023,0.00001016,0.00001015,0.00001007,0.00001017
4.286000,0.00001031,0.00001001,0.00001018,0.00001023,0.00001016,0.00001015,0.00001007,0.00001017
4.288000,0.00001031,0.00001001,0.00001018,0.00001023,0.00001016,0.00001015,0.00001007,0.00001017
4.290000,0.00001031,0.00001001,0.00001018,0.00001023,0.00001017,0.00001015,0.00001007,0.00001017
4.292000,0.00001031,0.00001002,0.00001018,0.00001023,0.00001017,0.00001015,0.00001007,0.00001017
4.294000,0.00001031,0.00001002,0.00001018,0.00001023,0.00001017,0.00001015,0.00001007,0.00001017
4.296000,0.00001031,0.00001002,0.00001018,0.00001023,0.00001017,0.00001015,0.00001007,0.00001017
4.297999,0.00001031,0.00001002,0.00001018,0.00001023,0.00001017,0.00001015,0.00001007,0.00001017
4.300000,0.00001031,0.00001002,0.00001018,0.00001023,0.00001017,0.00001015,0.00001007,0.00001017
4.302000,0.00001031,0.00001002,0.00001018,0.00001023,0.00001017,0.00001015,0.00001007,0.00001017
4.304000,0.00001031,0.00001002,0.00001018,0.00001023,0.00001017,0.00001015,0.00001007,0.00001017
4.306000,0.00001031,0.00001002,0.00001018,0.00001024,0.00001017,0.00001015,0.00001007,0.00001017
4.308000,0.00001032,0.00001002,0.00001018,0.00001024,0.00001017,0.00001015,0.00001007,0.00001017
4.310000,0.00001032,0.00001002,0.00001018,0.00001024,0.00001017,0.00001016,0.00001008,0.00001018
4.311999,0.00001032,0.00001002,0.00001019,0.00001024,0.00001017,0.00001016,0.00001008,0.00001018
4.314000,0.00001032,0.00001002,0.00001019,0.00001024,0.00001017,0.00001016,0.00001008,0.00001018
4.316000,0.00001032,0.00001002,0.00001019,0.00001024,0.00001017,0.00001016,0.00001008,0.00001018
4.318000,0.00001032,0.00001002,0.00001019,0.00001024,0.00001017,0.00001016,0.00001008,0.00001018
4.320000,0.00001032,0.00001002,0.00001019,0.00001024,0.00001017,0.00001016,0.00001008,0.00001018
4.322000,0.00001032,0.00001002,0.00001019,0.00001024,0.00001018,0.00001016,0.00001008,0.00001018
4.324000,0.00001032,0.00001002,0.00001019,0.00001024,0.00001018,0.00001016,0.00001008,0.00001018
4.326000,0.00001032,0.00001003,0.00001019,0.00001024,0.00001018,0.00001016,0.00001008,0.00001018
4.328000,0.00001032,0.00001003,0.00001019,0.00001024,0.00001018,0.00001016,0.00001008,0.00001018
4.329999,0.00001032,0.00001003,0.00001019,0.00001024,0.00001018,0.00001016,0.00001008,0.00001018
4.331999,0.00001032,0.00001003,0.00001019,0.00001024,0.00001018,0.00001016,0.00001008,0.00001018
4.334000,0.00001032,0.00001003,0.00001019,0.00001024,0.00001018,0.00001016,0.00001008,0.00001018
4.335999,0.00001032,0.00001003,0.00001019,0.00001024,0.00001018,0.00001016,0.00001008,0.00001018
4.338000,0.00001032,0.00001003,0.00001019,0.00001025,0.00001018,0.00001016,0.00001008,0.00001018
4.340000,0.00001033,0.00001003,0.00001019,0.00001025,0.00001018,0.00001016,0.00001008,0.00001018
4.342000,0.00001033,0.00001003,0.00001019,0.00001025,0.00001018,0.00001017,0.00001008,0.00001018
4.344000,0.00001033,0.00001003,0.00001020,0.00001025,0.00001018,0.00001017,0.00001009,0.00001019
4.346000,0.00001033,0.00001003,0.00001020,0.00001025,0.00001018,0.00001017,0.00001009,0.00001019
4.348000,0.00001033,0.00001003,0.00001020,0.00001025,0.00001018,0.00001017,0.00001009,0.00001019
4.349999,0.00001033,0.00001003,0.00001020,0.00001025,0.00001018,0.00001017,0.00001009,0.00001019
4.352000,0.00001033,0.00001003,0.00001020,0.00001025,0.00001018,0.00001017,0.00001009,0.00001019
4.354000,0.00001033,0.00001003,0.00001020,0.00001025,0.00001018,0.00001017,0.00001009,0.00001019
4.355999,0.00001033,0.00001003,0.00001020,0.00001025,0.00001019,0.00001017,0.00001009,0.00001019
4.358000,0.00001033,0.00001003,0.00001020,0.00001025,0.00001019,0.00001017,0.00001009,0.00001019
4.360000,0.00001033,0.00001004,0.00001020,0.00001025,0.00001019,0.00001017,0.00001009,0.00001019
4.362000,0.00001033,0.00001004,0.00001020,0.00001025,0.00001019,0.00001017,0.00001009,0.00001019
4.364000,0.00001033,0.00001004,0.00001020,0.00001025,0.00001019,0.00001017,0.00001009,0.00001019
4.366000,0.00001033,0.00001004,0.00001020,0.00001025,0.00001019,0.00001017,0.00001009,0.00001019
4.368000,0.00001033,0.00001004,0.00001020,0.00001025,0.00001019,0.00001017,0.00001009,0.00001019
4.369999,0.00001033,0.00001004,0.00001020,0.00001026,0.00001019,0.00001017,0.00001009,0.00001019
4.372000,0.00001034,0.00001004,0.00001020,0.00001026,0.00001019,0.00001017,0.00001009,0.00001019
4.374000,0.00001034,0.00001004,0.00001020,0.00001026,0.00001019,0.00001017,0.00001009,0.00001019
4.375999,0.00001034,0.00001004,0.00001020,0.00001026,0.00001019,0.00001018,0.00001010,0.00001020
4.378000,0.00001034,0.00001004,0.00001021,0.00001026,0.00001019,0.00001018,0.00001010,0.00001020
4.380000,0.00001034,0.00001004,0.00001021,0.00001026,0.00001019,0.00001018,0.00001010,0.00001020
4.382000,0.00001034,0.00001004,0.00001021,0.00001026,0.00001019,0.00001018,0.00001010,0.00001020
4.384000,0.00001034,0.00001004,0.00001021,0.00001026,0.00001019,0.00001018,0.00001010,0.00001020
4.386000,0.00001034,0.00001004,0.00001021,0.00001026,0.00001019,0.00001018,0.00001010,0.00001020
4.388000,0.00001034,0.00001004,0.00001021,0.00001026,0.00001020,0.00001018,0.00001010,0.00001020
4.389999,0.00001034,0.00001004,0.00001021,0.00001026,0.00001020,0.00001018,0.00001010,0.00001020
4.392000,0.00001034,0.00001005,0.00001021,0.00001026,0.00001020,0.00001018,0.00001010,0.00001020
4.394000,0.00001034,0.00001005,0.00001021,0.00001026,0.00001020,0.00001018,0.00001010,0.00001020
4.396000,0.00001034,0.00001005,0.00001021,0.00001026,0.00001020,0.00001018,0.00001010,0.00001020
4.398000,0.00001034,0.00001005,0.00001021,0.00001026,0.00001020,0.00001018,0.00001010,0.00001020
4.400000,0.00001034,0.00001005,0.00001021,0.00001026,0.00001020,0.00001018,0.00001010,0.00001020
4.402000,0.00001034,0.00001005,0.00001021,0.00001027,0.00001020,0.00001018,0.00001010,0.00001020
4.404000,0.00001035,0.00001005,0.00001021,0.00001027,0.00001020,0.00001018,0.00001010,0.00001020
4.406000,0.00001035,0.00001005,0.00001021,0.00001027,0.00001020,0.00001018,0.00001010,0.00001020
4.408000,0.00001035,0.00001005,0.00001021,0.00001027,0.00001020,0.00001019,0.00001010,0.00001021
4.409999,0.00001035,0.00001005,0.00001022,0.00001027,0.00001020,0.00001019,0.00001011,0.00001021
4.412000,0.00001035,0.00001005,0.00001022,0.00001027,0.00001020,0.00001019,0.00001011,0.00001021
4.414000,0.00001035,0.00001005,0.00001022,0.00001027,0.00001020,0.00001019,0.00001011,0.00001021
4.416000,0.00001035,0.00001005,0.00001022,0.00001027,0.00001020,0.00001019,0.00001011,0.00001021
4.418000,0.00001035,0.00001005,0.00001022,0.00001027,0.00001020,0.00001019,0.00001011,0.00001021
4.420000,0.00001035,0.00001005,0.00001022,0.00001027,0.00001021,0.00001019,0.00001011,0.00001021
4.422000,0.00001035,0.00001005,0.00001022,0.00001027,0.00001021,0.00001019,0.00001011,0.00001021
4.423999,0.00001035,0.00001005,0.00001022,0.00001027,0.00001021,0.00001019,0.00001011,0.00001021
4.426000,0.00001035,0.00001006,0.00001022,0.00001027,0.00001021,0.00001019,0.00001011,0.00001021
4.427999,0.00001035,0.00001006,0.00001022,0.00001027,0.00001021,0.00001019,0.00001011,0.00001021
4.430000,0.00001035,0.00001006,0.00001022,0.00001027,0.00001021,0.00001019,0.00001011,0.00001021
4.432000,0.00001035,0.00001006,0.00001022,0.00001027,0.00001021,0.00001019,0.00001011,0.00001021
4.434000,0.00001035,0.00001006,0.00001022,0.00001028,0.00001021,0.00001019,0.00001011,0.00001021
4.436000,0.00001036,0.00001006,0.00001022,0.00001028,0.00001021,0.00001019,0.00001011,0.00001021
4.438000,0.00001036,0.00001006,0.00001022,0.00001028,0.00001021,0.00001019,0.00001011,0.00001021
4.440000,0.00001036,0.00001006,0.00001022,0.00001028,0.00001021,0.00001020,0.00001011,0.00001021
4.441999,0.00001036,0.00001006,0.00001023,0.00001028,0.00001021,0.00001020,0.00001012,0.00001022
4.443999,0.00001036,0.00001006,0.00001023,0.00001028,0.00001021,0.00001020,0.00001012,0.00001022
4.446000,0.00001036,0.00001006,0.00001023,0.00001028,0.00001021,0.00001020,0.00001012,0.00001022
4.447999,0.00001036,0.00001006,0.00001023,0.00001028,0.00001021,0.00001020,0.00001012,0.00001022
4.450000,0.00001036,0.00001006,0.00001023,0.00001028,0.00001021,0.00001020,0.00001012,0.00001022
4.452000,0.00001036,0.00001006,0.00001023,0.00001028,0.00001022,0.00001020,0.00001012,0.00001022
4.454000,0.00001036,0.00001006,0.00001023,0.00001028,0.00001022,0.00001020,0.00001012,0.00001022
4.456000,0.00001036,0.00001006,0.00001023,0.00001028,0.00001022,0.00001020,0.00001012,0.00001022
4.458000,0.00001036,0.00001006,0.00001023,0.00001028,0.00001022,0.00001020,0.00001012,0.00001022
4.460000,0.00001036,0.00001007,0.00001023,0.00001028,0.00001022,0.00001020,0.00001012,0.00001022
4.461999,0.00001036,0.00001007,0.00001023,0.00001028,0.00001022,0.00001020,0.00001012,0.00001022
4.464000,0.00001036,0.00001007,0.00001023,0.00001028,0.00001022,0.00001020,0.00001012,0.00001022
4.466000,0.00001036,0.00001007,0.00001023,0.00001029,0.00001022,0.00001020,0.00001012,0.00001022
4.467999,0.00001037,0.00001007,0.00001023,0.00001029,0.00001022,0.00001020,0.00001012,0.00001022
4.470000,0.00001037,0.00001007,0.00001023,0.00001029,0.00001022,0.00001020,0.00001012,0.00001022
4.472000,0.00001037,0.00001007,0.00001023,0.00001029,0.00001022,0.00001021,0.00001012,0.00001022
4.474000,0.00001037,0.00001007,0.00001024,0.00001029,0.00001022,0.00001021,0.00001012,0.00001023
4.476000,0.00001037,0.00001007,0.00001024,0.00001029,0.00001022,0.00001021,0.00001013,0.00001023
4.478000,0.00001037,0.00001007,0.00001024,0.00001029,0.00001022,0.00001021,0.00001013,0.00001023
4.480000,0.00001037,0.00001007,0.00001024,0.00001029,0.00001022,0.00001021,0.00001013,0.00001023
4.481999,0.00001037,0.00001007,0.00001024,0.00001029,0.00001022,0.00001021,0.00001013,0.00001023
4.484000,0.00001037,0.00001007,0.00001024,0.00001029,0.00001022,0.00001021,0.00001013,0.00001023
4.486000,0.00001037,0.00001007,0.00001024,0.00001029,0.00001023,0.00001021,0.00001013,0.00001023
4.487999,0.00001037,0.00001007,0.00001024,0.00001029,0.00001023,0.00001021,0.00001013,0.00001023
4.490000,0.00001037,0.00001007,0.00001024,0.00001029,0.00001023,0.00001021,0.00001013,0.00001023
4.492000,0.00001037,0.00001008,0.00001024,0.00001029,0.00001023,0.00001021,0.00001013,0.00001023
4.494000,0.00001037,0.00001008,0.00001024,0.00001029,0.00001023,0.00001021,0.00001013,0.00001023
4.496000,0.00001037,0.00001008,0.00001024,0.00001029,0.00001023,0.00001021,0.00001013,0.00001023
4.498000,0.00001037,0.00001008,0.00001024,0.00001030,0.00001023,0.00001021,0.00001013,0.00001023
4.500000,0.00001038,0.00001008,0.00001024,0.00001030,0.00001023,0.00001021,0.00001013,0.00001023
4.501999,0.00001038,0.00001008,0.00001024,0.00001030,0.00001023,0.00001021,0.00001013,0.00001023
4.504000,0.00001038,0.00001008,0.00001024,0.00001030,0.00001023,0.00001021,0.00001013,0.00001023
4.506000,0.00001038,0.00001008,0.00001025,0.00001030,0.00001023,0.00001022,0.00001013,0.00001024
4.508000,0.00001038,0.00001008,0.00001025,0.00001030,0.00001023,0.00001022,0.00001014,0.00001024
4.510000,0.00001038,0.00001008,0.00001025,0.00001030,0.00001023,0.00001022,0.00001014,0.00001024
4.512000,0.00001038,0.00001008,0.00001025,0.00001030,0.00001023,0.00001022,0.00001014,0.00001024
4.514000,0.00001038,0.00001008,0.00001025,0.00001030,0.00001023,0.00001022,0.00001014,0.00001024
4.516000,0.00001038,0.00001008,0.00001025,0.00001030,0.00001023,0.00001022,0.00001014,0.00001024
4.518000,0.00001038,0.00001008,0.00001025,0.00001030,0.00001024,0.00001022,0.00001014,0.00001024
4.520000,0.00001038,0.00001008,0.00001025,0.00001030,0.00001024,0.00001022,0.00001014,0.00001024
4.521999,0.00001038,0.00001008,0.00001025,0.00001030,0.00001024,0.00001022,0.00001014,0.00001024
4.524000,0.00001038,0.00001008,0.00001025,0.00001030,0.00001024,0.00001022,0.00001014,0.00001024
4.526000,0.00001038,0.00001009,0.00001025,0.00001030,0.00001024,0.00001022,0.00001014,0.00001024
4.528000,0.00001038,0.00001009,0.00001025,0.00001030,0.00001024,0.00001022,0.00001014,0.00001024
4.530000,0.00001039,0.00001009,0.00001025,0.00001031,0.00001024,0.00001022,0.00001014,0.00001024
4.532000,0.00001039,0.00001009,0.00001025,0.00001031,0.00001024,0.00001022,0.00001014,0.00001024
4.534000,0.00001039,0.00001009,0.00001025,0.00001031,0.00001024,0.00001022,0.00001014,0.00001024
4.535999,0.00001039,0.00001009,0.00001025,0.00001031,0.00001024,0.00001022,0.00001014,0.00001024
4.538000,0.00001039,0.00001009,0.00001026,0.00001031,0.00001024,0.00001023,0.00001014,0.00001025
4.539999,0.00001039,0.00001009,0.00001026,0.00001031,0.00001024,0.00001023,0.00001015,0.00001025
4.542000,0.00001039,0.00001009,0.00001026,0.00001031,0.00001024,0.00001023,0.00001015,0.00001025
4.544000,0.00001039,0.00001009,0.00001026,0.00001031,0.00001024,0.00001023,0.00001015,0.00001025
4.546000,0.00001039,0.00001009,0.00001026,0.00001031,0.00001024,0.00001023,0.00001015,0.00001025
4.548000,0.00001039,0.00001009,0.00001026,0.00001031,0.00001024,0.00001023,0.00001015,0.00001025
4.550000,0.00001039,0.00001009,0.00001026,0.00001031,0.00001025,0.00001023,0.00001015,0.00001025
4.552000,0.00001039,0.00001009,0.00001026,0.00001031,0.00001025,0.00001023,0.00001015,0.00001025
4.553999,0.00001039,0.00001009,0.00001026,0.00001031,0.00001025,0.00001023,0.00001015,0.00001025
4.555999,0.00001039,0.00001009,0.00001026,0.00001031,0.00001025,0.00001023,0.00001015,0.00001025
4.558000,0.00001039,0.00001010,0.00001026,0.00001031,0.00001025,0.00001023,0.00001015,0.00001025
4.559999,0.00001039,0.00001010,0.00001026,0.00001031,0.00001025,0.00001023,0.00001015,0.00001025
4.562000,0.00001040,0.00001010,0.00001026,0.00001032,0.00001025,0.00001023,0.00001015,0.00001025
4.564000,0.00001040,0.00001010,0.00001026,0.00001032,0.00001025,0.00001023,0.00001015,0.00001025
4.566000,0.00001040,0.00001010,0.00001026,0.00001032,0.00001025,0.00001023,0.00001015,0.00001025
4.568000,0.00001040,0.00001010,0.00001026,0.00001032,0.00001025,0.00001023,0.00001015,0.00001025
4.570000,0.00001040,0.00001010,0.00001027,0.00001032,0.00001025,0.00001024,0.00001015,0.00001026
4.572000,0.00001040,0.00001010,0.00001027,0.00001032,0.00001025,0.00001024,0.00001015,0.00001026
4.573999,0.00001040,0.00001010,0.00001027,0.00001032,0.00001025,0.00001024,0.00001016,0.00001026
4.576000,0.00001040,0.00001010,0.00001027,0.00001032,0.00001025,0.00001024,0.00001016,0.00001026
4.578000,0.00001040,0.00001010,0.00001027,0.00001032,0.00001025,0.00001024,0.00001016,0.00001026
4.579999,0.00001040,0.00001010,0.00001027,0.00001032,0.00001025,0.00001024,0.00001016,0.00001026
4.582000,0.00001040,0.00001010,0.00001027,0.00001032,0.00001026,0.00001024,0.00001016,0.00001026
4.584000,0.00001040,0.00001010,0.00001027,0.00001032,0.00001026,0.00001024,0.00001016,0.00001026
4.586000,0.00001040,0.00001010,0.00001027,0.00001032,0.00001026,0.00001024,0.00001016,0.00001026
4.588000,0.00001040,0.00001010,0.00001027,0.00001032,0.00001026,0.00001024,0.00001016,0.00001026
4.590000,0.00001040,0.00001010,0.00001027,0.00001032,0.00001026,0.00001024,0.00001016,0.00001026
4.592000,0.00001040,0.00001011,0.00001027,0.00001032,0.00001026,0.00001024,0.00001016,0.00001026
4.593999,0.00001041,0.00001011,0.00001027,0.00001033,0.00001026,0.00001024,0.00001016,0.00001026
4.596000,0.00001041,0.00001011,0.00001027,0.00001033,0.00001026,0.00001024,0.00001016,0.00001026
4.598000,0.00001041,0.00001011,0.00001027,0.00001033,0.00001026,0.00001024,0.00001016,0.00001026
4.599999,0.00001041,0.00001011,0.00001027,0.00001033,0.00001026,0.00001024,0.00001016,0.00001026
4.602000,0.00001041,0.00001011,0.00001028,0.00001033,0.00001026,0.00001025,0.00001016,0.00001027
4.604000,0.00001041,0.00001011,0.00001028,0.00001033,0.00001026,0.00001025,0.00001016,0.00001027
4.606000,0.00001041,0.00001011,0.00001028,0.00001033,0.00001026,0.00001025,0.00001017,0.00001027
4.608000,0.00001041,0.00001011,0.00001028,0.00001033,0.00001026,0.00001025,0.00001017,0.00001027
4.610000,0.00001041,0.00001011,0.00001028,0.00001033,0.00001026,0.00001025,0.00001017,0.00001027
4.612000,0.00001041,0.00001011,0.00001028,0.00001033,0.00001026,0.00001025,0.00001017,0.00001027
4.613999,0.00001041,0.00001011,0.00001028,0.00001033,0.00001027,0.00001025,0.00001017,0.00001027
4.616000,0.00001041,0.00001011,0.00001028,0.00001033,0.00001027,0.00001025,0.00001017,0.00001027
4.618000,0.00001041,0.00001011,0.00001028,0.00001033,0.00001027,0.00001025,0.00001017,0.00001027
4.620000,0.00001041,0.00001011,0.00001028,0.00001033,0.00001027,0.00001025,0.00001017,0.00001027
4.622000,0.00001041,0.00001011,0.00001028,0.00001033,0.00001027,0.00001025,0.00001017,0.00001027
4.624000,0.00001041,0.00001012,0.00001028,0.00001033,0.00001027,0.00001025,0.00001017,0.00001027
4.626000,0.00001042,0.00001012,0.00001028,0.00001034,0.00001027,0.00001025,0.00001017,0.00001027
4.628000,0.00001042,0.00001012,0.00001028,0.00001034,0.00001027,0.00001025,0.00001017,0.00001027
4.630000,0.00001042,0.00001012,0.00001028,0.00001034,0.00001027,0.00001025,0.00001017,0.00001027
4.631999,0.00001042,0.00001012,0.00001028,0.00001034,0.00001027,0.00001025,0.00001017,0.00001027
4.633999,0.00001042,0.00001012,0.00001029,0.00001034,0.00001027,0.00001026,0.00001017,0.00001028
4.636000,0.00001042,0.00001012,0.00001029,0.00001034,0.00001027,0.00001026,0.00001017,0.00001028
4.638000,0.00001042,0.00001012,0.00001029,0.00001034,0.00001027,0.00001026,0.00001017,0.00001028
4.640000,0.00001042,0.00001012,0.00001029,0.00001034,0.00001027,0.00001026,0.00001018,0.00001028
4.642000,0.00001042,0.00001012,0.00001029,0.00001034,0.00001027,0.00001026,0.00001018,0.00001028
4.644000,0.00001042,0.00001012,0.00001029,0.00001034,0.00001027,0.00001026,0.00001018,0.00001028
4.646000,0.00001042,0.00001012,0.00001029,0.00001034,0.00001028,0.00001026,0.00001018,0.00001028
4.648000,0.00001042,0.00001012,0.00001029,0.00001034,0.00001028,0.00001026,0.00001018,0.00001028
4.650000,0.00001042,0.00001012,0.00001029,0.00001034,0.00001028,0.00001026,0.00001018,0.00001028
4.651999,0.00001042,0.00001012,0.00001029,0.00001034,0.00001028,0.00001026,0.00001018,0.00001028
4.654000,0.00001042,0.00001012,0.00001029,0.00001034,0.00001028,0.00001026,0.00001018,0.00001028
4.656000,0.00001043,0.00001012,0.00001029,0.00001034,0.00001028,0.00001026,0.00001018,0.00001028
4.658000,0.00001043,0.00001013,0.00001029,0.00001035,0.00001028,0.00001026,0.00001018,0.00001028
4.660000,0.00001043,0.00001013,0.00001029,0.00001035,0.00001028,0.00001026,0.00001018,0.00001028
4.662000,0.00001043,0.00001013,0.00001029,0.00001035,0.00001028,0.00001026,0.00001018,0.00001028
4.664000,0.00001043,0.00001013,0.00001029,0.00001035,0.00001028,0.00001026,0.00001018,0.00001028
4.665999,0.00001043,0.00001013,0.00001030,0.00001035,0.00001028,0.00001027,0.00001018,0.00001029
4.667999,0.00001043,0.00001013,0.00001030,0.00001035,0.00001028,0.00001027,0.00001018,0.00001029
4.670000,0.00001043,0.00001013,0.00001030,0.00001035,0.00001028,0.00001027,0.00001018,0.00001029
4.671999,0.00001043,0.00001013,0.00001030,0.00001035,0.00001028,0.00001027,0.00001019,0.00001029
4.674000,0.00001043,0.00001013,0.00001030,0.00001035,0.00001028,0.00001027,0.00001019,0.00001029
4.676000,0.00001043,0.00001013,0.00001030,0.00001035,0.00001028,0.00001027,0.00001019,0.00001029
4.677999,0.00001043,0.00001013,0.00001030,0.00001035,0.00001029,0.00001027,0.00001019,0.00001029
4.680000,0.00001043,0.00001013,0.00001030,0.00001035,0.00001029,0.00001027,0.00001019,0.00001029
4.682000,0.00001043,0.00001013,0.00001030,0.00001035,0.00001029,0.00001027,0.00001019,0.00001029
4.684000,0.00001043,0.00001013,0.00001030,0.00001035,0.00001029,0.00001027,0.00001019,0.00001029
4.685999,0.00001043,0.00001013,0.00001030,0.00001035,0.00001029,0.00001027,0.00001019,0.00001029
4.688000,0.00001044,0.00001013,0.00001030,0.00001035,0.00001029,0.00001027,0.00001019,0.00001029
4.690000,0.00001044,0.00001014,0.00001030,0.00001036,0.00001029,0.00001027,0.00001019,0.00001029
4.691999,0.00001044,0.00001014,0.00001030,0.00001036,0.00001029,0.00001027,0.00001019,0.00001029
4.694000,0.00001044,0.00001014,0.00001030,0.00001036,0.00001029,0.00001027,0.00001019,0.00001029
4.696000,0.00001044,0.00001014,0.00001030,0.00001036,0.00001029,0.00001027,0.00001019,0.00001029
4.698000,0.00001044,0.00001014,0.00001031,0.00001036,0.00001029,0.00001028,0.00001019,0.00001030
4.700000,0.00001044,0.00001014,0.00001031,0.00001036,0.00001029,0.00001028,0.00001019,0.00001030
4.702000,0.00001044,0.00001014,0.00001031,0.00001036,0.00001029,0.00001028,0.00001019,0.00001030
4.704000,0.00001044,0.00001014,0.00001031,0.00001036,0.00001029,0.00001028,0.00001020,0.00001030
4.705999,0.00001044,0.00001014,0.00001031,0.00001036,0.00001029,0.00001028,0.00001020,0.00001030
4.708000,0.00001044,0.00001014,0.00001031,0.00001036,0.00001029,0.00001028,0.00001020,0.00001030
4.710000,0.00001044,0.00001014,0.00001031,0.00001036,0.00001030,0.00001028,0.00001020,0.00001030
4.711999,0.00001044,0.00001014,0.00001031,0.00001036,0.00001030,0.00001028,0.00001020,0.00001030
4.714000,0.00001044,0.00001014,0.00001031,0.00001036,0.00001030,0.00001028,0.00001020,0.00001030
4.716000,0.00001044,0.00001014,0.00001031,0.00001036,0.00001030,0.00001028,0.00001020,0.00001030
4.718000,0.00001044,0.00001014,0.00001031,0.00001036,0.00001030,0.00001028,0.00001020,0.00001030
4.720000,0.00001045,0.00001014,0.00001031,0.00001036,0.00001030,0.00001028,0.00001020,0.00001030
4.722000,0.00001045,0.00001014,0.00001031,0.00001037,0.00001030,0.00001028,0.00001020,0.00001030
4.724000,0.00001045,0.00001015,0.00001031,0.00001037,0.00001030,0.00001028,0.00001020,0.00001030
4.725999,0.00001045,0.00001015,0.00001031,0.00001037,0.00001030,0.00001028,0.00001020,0.00001030
4.728000,0.00001045,0.00001015,0.00001031,0.00001037,0.00001030,0.00001028,0.00001020,0.00001030
4.730000,0.00001045,0.00001015,0.00001032,0.00001037,0.00001030,0.00001029,0.00001020,0.00001031
4.732000,0.00001045,0.00001015,0.00001032,0.00001037,0.00001030,0.00001029,0.00001020,0.00001031
4.734000,0.00001045,0.00001015,0.00001032,0.00001037,0.00001030,0.00001029,0.00001020,0.00001031
4.736000,0.00001045,0.00001015,0.00001032,0.00001037,0.00001030,0.00001029,0.00001021,0.00001031
4.738000,0.00001045,0.00001015,0.00001032,0.00001037,0.00001030,0.00001029,0.00001021,0.00001031
4.740000,0.00001045,0.00001015,0.00001032,0.00001037,0.00001030,0.00001029,0.00001021,0.00001031
4.742000,0.00001045,0.00001015,0.00001032,0.00001037,0.00001031,0.00001029,0.00001021,0.00001031
4.743999,0.00001045,0.00001015,0.00001032,0.00001037,0.00001031,0.00001029,0.00001021,0.00001031
4.745999,0.00001045,0.00001015,0.00001032,0.00001037,0.00001031,0.00001029,0.00001021,0.00001031
4.748000,0.00001045,0.00001015,0.00001032,0.00001037,0.00001031,0.00001029,0.00001021,0.00001031
4.750000,0.00001046,0.00001015,0.00001032,0.00001037,0.00001031,0.00001029,0.00001021,0.00001031
4.752000,0.00001046,0.00001015,0.00001032,0.00001037,0.00001031,0.00001029,0.00001021,0.00001031
4.754000,0.00001046,0.00001015,0.00001032,0.00001038,0.00001031,0.00001029,0.00001021,0.00001031
4.756000,0.00001046,0.00001016,0.00001032,0.00001038,0.00001031,0.00001029,0.00001021,0.00001031
4.758000,0.00001046,0.00001016,0.00001032,0.00001038,0.00001031,0.00001029,0.00001021,0.00001031
4.760000,0.00001046,0.00001016,0.00001032,0.00001038,0.00001031,0.00001029,0.00001021,0.00001031
4.762000,0.00001046,0.00001016,0.00001033,0.00001038,0.00001031,0.00001030,0.00001021,0.00001032
4.763999,0.00001046,0.00001016,0.00001033,0.00001038,0.00001031,0.00001030,0.00001021,0.00001032
4.766000,0.00001046,0.00001016,0.00001033,0.00001038,0.00001031,0.00001030,0.00001021,0.00001032
4.768000,0.00001046,0.00001016,0.00001033,0.00001038,0.00001031,0.00001030,0.00001021,0.00001032
4.770000,0.00001046,0.00001016,0.00001033,0.00001038,0.00001031,0.00001030,0.00001022,0.00001032
4.772000,0.00001046,0.00001016,0.00001033,0.00001038,0.00001031,0.00001030,0.00001022,0.00001032
4.774000,0.00001046,0.00001016,0.00001033,0.00001038,0.00001032,0.00001030,0.00001022,0.00001032
4.776000,0.00001046,0.00001016,0.00001033,0.00001038,0.00001032,0.00001030,0.00001022,0.00001032
4.778000,0.00001046,0.00001016,0.00001033,0.00001038,0.00001032,0.00001030,0.00001022,0.00001032
4.779999,0.00001046,0.00001016,0.00001033,0.00001038,0.00001032,0.00001030,0.00001022,0.00001032
4.782000,0.00001047,0.00001016,0.00001033,0.00001038,0.00001032,0.00001030,0.00001022,0.00001032
4.783999,0.00001047,0.00001016,0.00001033,0.00001038,0.00001032,0.00001030,0.00001022,0.00001032
4.786000,0.00001047,0.00001016,0.00001033,0.00001039,0.00001032,0.00001030,0.00001022,0.00001032
4.788000,0.00001047,0.00001017,0.00001033,0.00001039,0.00001032,0.00001030,0.00001022,0.00001032
4.789999,0.00001047,0.00001017,0.00001033,0.00001039,0.00001032,0.00001030,0.00001022,0.00001032
4.792000,0.00001047,0.00001017,0.00001033,0.00001039,0.00001032,0.00001030,0.00001022,0.00001032
4.794000,0.00001047,0.00001017,0.00001034,0.00001039,0.00001032,0.00001031,0.00001022,0.00001033
4.796000,0.00001047,0.00001017,0.00001034,0.00001039,0.00001032,0.00001031,0.00001022,0.00001033
4.797999,0.00001047,0.00001017,0.00001034,0.00001039,0.00001032,0.00001031,0.00001022,0.00001033
4.800000,0.00001047,0.00001017,0.00001034,0.00001039,0.00001032,0.00001031,0.00001022,0.00001033
4.802000,0.00001047,0.00001017,0.00001034,0.00001039,0.00001032,0.00001031,0.00001023,0.00001033
4.803999,0.00001047,0.00001017,0.00001034,0.00001039,0.00001032,0.00001031,0.00001023,0.00001033
4.806000,0.00001047,0.00001017,0.00001034,0.00001039,0.00001033,0.00001031,0.00001023,0.00001033
4.808000,0.00001047,0.00001017,0.00001034,0.00001039,0.00001033,0.00001031,0.00001023,0.00001033
4.810000,0.00001047,0.00001017,0.00001034,0.00001039,0.00001033,0.00001031,0.00001023,0.00001033
4.812000,0.00001048,0.00001017,0.00001034,0.00001039,0.00001033,0.00001031,0.00001023,0.00001033
4.814000,0.00001048,0.00001017,0.00001034,0.00001039,0.00001033,0.00001031,0.00001023,0.00001033
4.816000,0.00001048,0.00001017,0.00001034,0.00001040,0.00001033,0.00001031,0.00001023,0.00001033
4.817999,0.00001048,0.00001017,0.00001034,0.00001040,0.00001033,0.00001031,0.00001023,0.00001033
4.820000,0.00001048,0.00001017,0.00001034,0.00001040,0.00001033,0.00001031,0.00001023,0.00001033
4.822000,0.00001048,0.00001018,0.00001034,0.00001040,0.00001033,0.00001031,0.00001023,0.00001033
4.823999,0.00001048,0.00001018,0.00001034,0.00001040,0.00001033,0.00001031,0.00001023,0.00001033
4.826000,0.00001048,0.00001018,0.00001035,0.00001040,0.00001033,0.00001032,0.00001023,0.00001034
4.828000,0.00001048,0.00001018,0.00001035,0.00001040,0.00001033,0.00001032,0.00001023,0.00001034
4.830000,0.00001048,0.00001018,0.00001035,0.00001040,0.00001033,0.00001032,0.00001023,0.00001034
4.832000,0.00001048,0.00001018,0.00001035,0.00001040,0.00001033,0.00001032,0.00001023,0.00001034
4.834000,0.00001048,0.00001018,0.00001035,0.00001040,0.00001033,0.00001032,0.00001024,0.00001034
4.835999,0.00001048,0.00001018,0.00001035,0.00001040,0.00001033,0.00001032,0.00001024,0.00001034
4.837999,0.00001048,0.00001018,0.00001035,0.00001040,0.00001034,0.00001032,0.00001024,0.00001034
4.840000,0.00001048,0.00001018,0.00001035,0.00001040,0.00001034,0.00001032,0.00001024,0.00001034
4.842000,0.00001048,0.00001018,0.00001035,0.00001040,0.00001034,0.00001032,0.00001024,0.00001034
4.844000,0.00001049,0.00001018,0.00001035,0.00001040,0.00001034,0.00001032,0.00001024,0.00001034
4.846000,0.00001049,0.00001018,0.00001035,0.00001040,0.00001034,0.00001032,0.00001024,0.00001034
4.848000,0.00001049,0.00001018,0.00001035,0.00001041,0.00001034,0.00001032,0.00001024,0.00001034
4.850000,0.00001049,0.00001018,0.00001035,0.00001041,0.00001034,0.00001032,0.00001024,0.00001034
4.852000,0.00001049,0.00001018,0.00001035,0.00001041,0.00001034,0.00001032,0.00001024,0.00001034
4.854000,0.00001049,0.00001019,0.00001035,0.00001041,0.00001034,0.00001032,0.00001024,0.00001034
4.855999,0.00001049,0.00001019,0.00001035,0.00001041,0.00001034,0.00001032,0.00001024,0.00001034
4.857999,0.00001049,0.00001019,0.00001036,0.00001041,0.00001034,0.00001033,0.00001024,0.00001035
4.860000,0.00001049,0.00001019,0.00001036,0.00001041,0.00001034,0.00001033,0.00001024,0.00001035
4.862000,0.00001049,0.00001019,0.00001036,0.00001041,0.00001034,0.00001033,0.00001024,0.00001035
4.864000,0.00001049,0.00001019,0.00001036,0.00001041,0.00001034,0.00001033,0.00001024,0.00001035
4.866000,0.00001049,0.00001019,0.00001036,0.00001041,0.00001034,0.00001033,0.00001025,0.00001035
4.868000,0.00001049,0.00001019,0.00001036,0.00001041,0.00001034,0.00001033,0.00001025,0.00001035
4.870000,0.00001049,0.00001019,0.00001036,0.00001041,0.00001035,0.00001033,0.00001025,0.00001035
4.872000,0.00001049,0.00001019,0.00001036,0.00001041,0.00001035,0.00001033,0.00001025,0.00001035
4.874000,0.00001050,0.00001019,0.00001036,0.00001041,0.00001035,0.00001033,0.00001025,0.00001035
4.875999,0.00001050,0.00001019,0.00001036,0.00001041,0.00001035,0.00001033,0.00001025,0.00001035
4.878000,0.00001050,0.00001019,0.00001036,0.00001041,0.00001035,0.00001033,0.00001025,0.00001035
4.880000,0.00001050,0.00001019,0.00001036,0.00001042,0.00001035,0.00001033,0.00001025,0.00001035
4.881999,0.00001050,0.00001019,0.00001036,0.00001042,0.00001035,0.00001033,0.00001025,0.00001035
4.884000,0.00001050,0.00001019,0.00001036,0.00001042,0.00001035,0.00001033,0.00001025,0.00001035
4.886000,0.00001050,0.00001019,0.00001036,0.00001042,0.00001035,0.00001033,0.00001025,0.00001035
4.888000,0.00001050,0.00001020,0.00001036,0.00001042,0.00001035,0.00001033,0.00001025,0.00001035
4.890000,0.00001050,0.00001020,0.00001037,0.00001042,0.00001035,0.00001034,0.00001025,0.00001036
4.891999,0.00001050,0.00001020,0.00001037,0.00001042,0.00001035,0.00001034,0.00001025,0.00001036
4.894000,0.00001050,0.00001020,0.00001037,0.00001042,0.00001035,0.00001034,0.00001025,0.00001036
4.895999,0.00001050,0.00001020,0.00001037,0.00001042,0.00001035,0.00001034,0.00001025,0.00001036
4.898000,0.00001050,0.00001020,0.00001037,0.00001042,0.00001035,0.00001034,0.00001026,0.00001036
4.900000,0.00001050,0.00001020,0.00001037,0.00001042,0.00001035,0.00001034,0.00001026,0.00001036
4.901999,0.00001050,0.00001020,0.00001037,0.00001042,0.00001036,0.00001034,0.00001026,0.00001036
4.904000,0.00001050,0.00001020,0.00001037,0.00001042,0.00001036,0.00001034,0.00001026,0.00001036
4.906000,0.00001051,0.00001020,0.00001037,0.00001042,0.00001036,0.00001034,0.00001026,0.00001036
4.908000,0.00001051,0.00001020,0.00001037,0.00001042,0.00001036,0.00001034,0.00001026,0.00001036
4.909999,0.00001051,0.00001020,0.00001037,0.00001042,0.00001036,0.00001034,0.00001026,0.00001036
4.912000,0.00001051,0.00001020,0.00001037,0.00001043,0.00001036,0.00001034,0.00001026,0.00001036
4.914000,0.00001051,0.00001020,0.00001037,0.00001043,0.00001036,0.00001034,0.00001026,0.00001036
4.915999,0.00001051,0.00001020,0.00001037,0.00001043,0.00001036,0.00001034,0.00001026,0.00001036
4.918000,0.00001051,0.00001020,0.00001037,0.00001043,0.00001036,0.00001034,0.00001026,0.00001036
4.920000,0.00001051,0.00001021,0.00001037,0.00001043,0.00001036,0.00001034,0.00001026,0.00001036
4.922000,0.00001051,0.00001021,0.00001038,0.00001043,0.00001036,0.00001035,0.00001026,0.00001037
4.924000,0.00001051,0.00001021,0.00001038,0.00001043,0.00001036,0.00001035,0.00001026,0.00001037
4.926000,0.00001051,0.00001021,0.00001038,0.00001043,0.00001036,0.00001035,0.00001026,0.00001037
4.927999,0.00001051,0.00001021,0.00001038,0.00001043,0.00001036,0.00001035,0.00001026,0.00001037
4.929999,0.00001051,0.00001021,0.00001038,0.00001043,0.00001036,0.00001035,0.00001027,0.00001037
4.932000,0.00001051,0.00001021,0.00001038,0.00001043,0.00001036,0.00001035,0.00001027,0.00001037
4.934000,0.00001051,0.00001021,0.00001038,0.00001043,0.00001037,0.00001035,0.00001027,0.00001037
4.935999,0.00001051,0.00001021,0.00001038,0.00001043,0.00001037,0.00001035,0.00001027,0.00001037
4.938000,0.00001052,0.00001021,0.00001038,0.00001043,0.00001037,0.00001035,0.00001027,0.00001037
4.940000,0.00001052,0.00001021,0.00001038,0.00001043,0.00001037,0.00001035,0.00001027,0.00001037
4.942000,0.00001052,0.00001021,0.00001038,0.00001044,0.00001037,0.00001035,0.00001027,0.00001037
4.944000,0.00001052,0.00001021,0.00001038,0.00001044,0.00001037,0.00001035,0.00001027,0.00001037
4.946000,0.00001052,0.00001021,0.00001038,0.00001044,0.00001037,0.00001035,0.00001027,0.00001037
4.947999,0.00001052,0.00001021,0.00001038,0.00001044,0.00001037,0.00001035,0.00001027,0.00001037
4.949999,0.00001052,0.00001021,0.00001038,0.00001044,0.00001037,0.00001035,0.00001027,0.00001037
4.952000,0.00001052,0.00001022,0.00001039,0.00001044,0.00001037,0.00001035,0.00001027,0.00001037
4.954000,0.00001052,0.00001022,0.00001039,0.00001044,0.00001037,0.00001036,0.00001027,0.00001038
4.956000,0.00001052,0.00001022,0.00001039,0.00001044,0.00001037,0.00001036,0.00001027,0.00001038
4.958000,0.00001052,0.00001022,0.00001039,0.00001044,0.00001037,0.00001036,0.00001027,0.00001038
4.960000,0.00001052,0.00001022,0.00001039,0.00001044,0.00001037,0.00001036,0.00001027,0.00001038
4.962000,0.00001052,0.00001022,0.00001039,0.00001044,0.00001037,0.00001036,0.00001028,0.00001038
4.964000,0.00001052,0.00001022,0.00001039,0.00001044,0.00001037,0.00001036,0.00001028,0.00001038
4.966000,0.00001052,0.00001022,0.00001039,0.00001044,0.00001038,0.00001036,0.00001028,0.00001038
4.967999,0.00001053,0.00001022,0.00001039,0.00001044,0.00001038,0.00001036,0.00001028,0.00001038
4.969999,0.00001053,0.00001022,0.00001039,0.00001044,0.00001038,0.00001036,0.00001028,0.00001038
4.972000,0.00001053,0.00001022,0.00001039,0.00001044,0.00001038,0.00001036,0.00001028,0.00001038
4.974000,0.00001053,0.00001022,0.00001039,0.00001045,0.00001038,0.00001036,0.00001028,0.00001038
4.976000,0.00001053,0.00001022,0.00001039,0.00001045,0.00001038,0.00001036,0.00001028,0.00001038
4.978000,0.00001053,0.00001022,0.00001039,0.00001045,0.00001038,0.00001036,0.00001028,0.00001038
4.980000,0.00001053,0.00001022,0.00001039,0.00001045,0.00001038,0.00001036,0.00001028,0.00001038
4.982000,0.00001053,0.00001022,0.00001039,0.00001045,0.00001038,0.00001036,0.00001028,0.00001038
4.984000,0.00001053,0.00001023,0.00001040,0.00001045,0.00001038,0.00001036,0.00001028,0.00001038
4.986000,0.00001053,0.00001023,0.00001040,0.00001045,0.00001038,0.00001037,0.00001028,0.00001039
4.987999,0.00001053,0.00001023,0.00001040,0.00001045,0.00001038,0.00001037,0.00001028,0.00001039
4.990000,0.00001053,0.00001023,0.00001040,0.00001045,0.00001038,0.00001037,0.00001028,0.00001039
4.992000,0.00001053,0.00001023,0.00001040,0.00001045,0.00001038,0.00001037,0.00001028,0.00001039
4.993999,0.00001053,0.00001023,0.00001040,0.00001045,0.00001038,0.00001037,0.00001029,0.00001039
4.996000,0.00001053,0.00001023,0.00001040,0.00001045,0.00001038,0.00001037,0.00001029,0.00001039
4.998000,0.00001053,0.00001023,0.00001040,0.00001045,0.00001039,0.00001037,0.00001029,0.00001039
5.000000,0.00001054,0.00001023,0.00001040,0.00001045,0.00001039,0.00001037,0.00001029,0.00001039
5.002000,0.00001054,0.00001023,0.00001040,0.00001045,0.00001039,0.00001037,0.00001029,0.00001039
5.003999,0.00001054,0.00001023,0.00001040,0.00001045,0.00001039,0.00001037,0.00001029,0.00001039
5.006000,0.00001054,0.00001023,0.00001040,0.00001046,0.00001039,0.00001037,0.00001029,0.00001039
5.007999,0.00001054,0.00001023,0.00001040,0.00001046,0.00001039,0.00001037,0.00001029,0.00001039
5.010000,0.00001054,0.00001023,0.00001040,0.00001046,0.00001039,0.00001037,0.00001029,0.00001039
5.012000,0.00001054,0.00001023,0.00001040,0.00001046,0.00001039,0.00001037,0.00001029,0.00001039
5.013999,0.00001054,0.00001023,0.00001040,0.00001046,0.00001039,0.00001037,0.00001029,0.00001039
5.016000,0.00001054,0.00001023,0.00001041,0.00001046,0.00001039,0.00001037,0.00001029,0.00001039
5.018000,0.00001054,0.00001024,0.00001041,0.00001046,0.00001039,0.00001038,0.00001029,0.00001040
5.020000,0.00001054,0.00001024,0.00001041,0.00001046,0.00001039,0.00001038,0.00001029,0.00001040
5.021999,0.00001054,0.00001024,0.00001041,0.00001046,0.00001039,0.00001038,0.00001029,0.00001040
5.024000,0.00001054,0.00001024,0.00001041,0.00001046,0.00001039,0.00001038,0.00001029,0.00001040
5.026000,0.00001054,0.00001024,0.00001041,0.00001046,0.00001039,0.00001038,0.00001030,0.00001040
5.027999,0.00001054,0.00001024,0.00001041,0.00001046,0.00001040,0.00001038,0.00001030,0.00001040
5.030000,0.00001055,0.00001024,0.00001041,0.00001046,0.00001040,0.00001038,0.00001030,0.00001040
5.032000,0.00001055,0.00001024,0.00001041,0.00001046,0.00001040,0.00001038,0.00001030,0.00001040
5.034000,0.00001055,0.00001024,0.00001041,0.00001046,0.00001040,0.00001038,0.00001030,0.00001040
5.036000,0.00001055,0.00001024,0.00001041,0.00001047,0.00001040,0.00001038,0.00001030,0.00001040
5.038000,0.00001055,0.00001024,0.00001041,0.00001047,0.00001040,0.00001038,0.00001030,0.00001040
5.039999,0.00001055,0.00001024,0.00001041,0.00001047,0.00001040,0.00001038,0.00001030,0.00001040
5.041999,0.00001055,0.00001024,0.00001041,0.00001047,0.00001040,0.00001038,0.00001030,0.00001040
5.044000,0.00001055,0.00001024,0.00001041,0.00001047,0.00001040,0.00001038,0.00001030,0.00001040
5.046000,0.00001055,0.00001024,0.00001041,0.00001047,0.00001040,0.00001038,0.00001030,0.00001040
5.047999,0.00001055,0.00001024,0.00001042,0.00001047,0.00001040,0.00001038,0.00001030,0.00001041
5.050000,0.00001055,0.00001025,0.00001042,0.00001047,0.00001040,0.00001039,0.00001030,0.00001041
5.052000,0.00001055,0.00001025,0.00001042,0.00001047,0.00001040,0.00001039,0.00001030,0.00001041
5.054000,0.00001055,0.00001025,0.00001042,0.00001047,0.00001040,0.00001039,0.00001030,0.00001041
5.056000,0.00001055,0.00001025,0.00001042,0.00001047,0.00001040,0.00001039,0.00001030,0.00001041
5.058000,0.00001055,0.00001025,0.00001042,0.00001047,0.00001040,0.00001039,0.00001031,0.00001041
5.059999,0.00001056,0.00001025,0.00001042,0.00001047,0.00001041,0.00001039,0.00001031,0.00001041
5.061999,0.00001056,0.00001025,0.00001042,0.00001047,0.00001041,0.00001039,0.00001031,0.00001041
5.064000,0.00001056,0.00001025,0.00001042,0.00001047,0.00001041,0.00001039,0.00001031,0.00001041
5.066000,0.00001056,0.00001025,0.00001042,0.00001047,0.00001041,0.00001039,0.00001031,0.00001041
5.068000,0.00001056,0.00001025,0.00001042,0.00001048,0.00001041,0.00001039,0.00001031,0.00001041
5.070000,0.00001056,0.00001025,0.00001042,0.00001048,0.00001041,0.00001039,0.00001031,0.00001041
5.072000,0.00001056,0.00001025,0.00001042,0.00001048,0.00001041,0.00001039,0.00001031,0.00001041
5.074000,0.00001056,0.00001025,0.00001042,0.00001048,0.00001041,0.00001039,0.00001031,0.00001041
5.076000,0.00001056,0.00001025,0.00001042,0.00001048,0.00001041,0.00001039,0.00001031,0.00001041
5.078000,0.00001056,0.00001025,0.00001043,0.00001048,0.00001041,0.00001039,0.00001031,0.00001041
5.079999,0.00001056,0.00001025,0.00001043,0.00001048,0.00001041,0.00001039,0.00001031,0.00001042
5.081999,0.00001056,0.00001026,0.00001043,0.00001048,0.00001041,0.00001040,0.00001031,0.00001042
5.084000,0.00001056,0.00001026,0.00001043,0.00001048,0.00001041,0.00001040,0.00001031,0.00001042
5.085999,0.00001056,0.00001026,0.00001043,0.00001048,0.00001041,0.00001040,0.00001031,0.00001042
5.088000,0.00001056,0.00001026,0.00001043,0.00001048,0.00001041,0.00001040,0.00001031,0.00001042
5.090000,0.00001056,0.00001026,0.00001043,0.00001048,0.00001041,0.00001040,0.00001032,0.00001042
5.092000,0.00001057,0.00001026,0.00001043,0.00001048,0.00001042,0.00001040,0.00001032,0.00001042
5.094000,0.00001057,0.00001026,0.00001043,0.00001048,0.00001042,0.00001040,0.00001032,0.00001042
5.096000,0.00001057,0.00001026,0.00001043,0.00001048,0.00001042,0.00001040,0.00001032,0.00001042
5.098000,0.00001057,0.00001026,0.00001043,0.00001048,0.00001042,0.00001040,0.00001032,0.00001042
5.099999,0.00001057,0.00001026,0.00001043,0.00001049,0.00001042,0.00001040,0.00001032,0.00001042
5.102000,0.00001057,0.00001026,0.00001043,0.00001049,0.00001042,0.00001040,0.00001032,0.00001042
5.104000,0.00001057,0.00001026,0.00001043,0.00001049,0.00001042,0.00001040,0.00001032,0.00001042
5.105999,0.00001057,0.00001026,0.00001043,0.00001049,0.00001042,0.00001040,0.00001032,0.00001042
5.108000,0.00001057,0.00001026,0.00001043,0.00001049,0.00001042,0.00001040,0.00001032,0.00001042
5.110000,0.00001057,0.00001026,0.00001044,0.00001049,0.00001042,0.00001040,0.00001032,0.00001042
5.112000,0.00001057,0.00001026,0.00001044,0.00001049,0.00001042,0.00001040,0.00001032,0.00001043
5.114000,0.00001057,0.00001027,0.00001044,0.00001049,0.00001042,0.00001041,0.00001032,0.00001043
5.115999,0.00001057,0.00001027,0.00001044,0.00001049,0.00001042,0.00001041,0.00001032,0.00001043
5.118000,0.00001057,0.00001027,0.00001044,0.00001049,0.00001042,0.00001041,0.00001032,0.00001043
5.119999,0.00001057,0.00001027,0.00001044,0.00001049,0.00001042,0.00001041,0.00001032,0.00001043
5.122000,0.00001058,0.00001027,0.00001044,0.00001049,0.00001042,0.00001041,0.00001033,0.00001043
5.124000,0.00001058,0.00001027,0.00001044,0.00001049,0.00001043,0.00001041,0.00001033,0.00001043
5.125999,0.00001058,0.00001027,0.00001044,0.00001049,0.00001043,0.00001041,0.00001033,0.00001043
5.128000,0.00001058,0.00001027,0.00001044,0.00001049,0.00001043,0.00001041,0.00001033,0.00001043
5.130000,0.00001058,0.00001027,0.00001044,0.00001050,0.00001043,0.00001041,0.00001033,0.00001043
5.132000,0.00001058,0.00001027,0.00001044,0.00001050,0.00001043,0.00001041,0.00001033,0.00001043
5.133999,0.00001058,0.00001027,0.00001044,0.00001050,0.00001043,0.00001041,0.00001033,0.00001043
5.136000,0.00001058,0.00001027,0.00001044,0.00001050,0.00001043,0.00001041,0.00001033,0.00001043
5.138000,0.00001058,0.00001027,0.00001044,0.00001050,0.00001043,0.00001041,0.00001033,0.00001043
5.139999,0.00001058,0.00001027,0.00001045,0.00001050,0.00001043,0.00001041,0.00001033,0.00001043
5.142000,0.00001058,0.00001027,0.00001045,0.00001050,0.00001043,0.00001041,0.00001033,0.00001043
5.144000,0.00001058,0.00001027,0.00001045,0.00001050,0.00001043,0.00001042,0.00001033,0.00001044
5.146000,0.00001058,0.00001028,0.00001045,0.00001050,0.00001043,0.00001042,0.00001033,0.00001044
5.148000,0.00001058,0.00001028,0.00001045,0.00001050,0.00001043,0.00001042,0.00001033,0.00001044
5.150000,0.00001058,0.00001028,0.00001045,0.00001050,0.00001043,0.00001042,0.00001033,0.00001044
5.151999,0.00001058,0.00001028,0.00001045,0.00001050,0.00001043,0.00001042,0.00001033,0.00001044
5.153999,0.00001059,0.00001028,0.00001045,0.00001050,0.00001044,0.00001042,0.00001034,0.00001044
5.156000,0.00001059,0.00001028,0.00001045,0.00001050,0.00001044,0.00001042,0.00001034,0.00001044
5.158000,0.00001059,0.00001028,0.00001045,0.00001050,0.00001044,0.00001042,0.00001034,0.00001044
5.159999,0.00001059,0.00001028,0.00001045,0.00001050,0.00001044,0.00001042,0.00001034,0.00001044
5.162000,0.00001059,0.00001028,0.00001045,0.00001051,0.00001044,0.00001042,0.00001034,0.00001044
5.164000,0.00001059,0.00001028,0.00001045,0.00001051,0.00001044,0.00001042,0.00001034,0.00001044
5.166000,0.00001059,0.00001028,0.00001045,0.00001051,0.00001044,0.00001042,0.00001034,0.00001044
5.168000,0.00001059,0.00001028,0.00001045,0.00001051,0.00001044,0.00001042,0.00001034,0.00001044
5.170000,0.00001059,0.00001028,0.00001045,0.00001051,0.00001044,0.00001042,0.00001034,0.00001044
5.171999,0.00001059,0.00001028,0.00001046,0.00001051,0.00001044,0.00001042,0.00001034,0.00001044
5.173999,0.00001059,0.00001028,0.00001046,0.00001051,0.00001044,0.00001042,0.00001034,0.00001045
5.176000,0.00001059,0.00001028,0.00001046,0.00001051,0.00001044,0.00001043,0.00001034,0.00001045
5.177999,0.00001059,0.00001029,0.00001046,0.00001051,0.00001044,0.00001043,0.00001034,0.00001045
5.180000,0.00001059,0.00001029,0.00001046,0.00001051,0.00001044,0.00001043,0.00001034,0.00001045
5.182000,0.00001059,0.00001029,0.00001046,0.00001051,0.00001044,0.00001043,0.00001034,0.00001045
5.184000,0.00001060,0.00001029,0.00001046,0.00001051,0.00001044,0.00001043,0.00001034,0.00001045
5.186000,0.00001060,0.00001029,0.00001046,0.00001051,0.00001045,0.00001043,0.00001035,0.00001045
5.188000,0.00001060,0.00001029,0.00001046,0.00001051,0.00001045,0.00001043,0.00001035,0.00001045
5.190000,0.00001060,0.00001029,0.00001046,0.00001051,0.00001045,0.00001043,0.00001035,0.00001045
5.191999,0.00001060,0.00001029,0.00001046,0.00001052,0.00001045,0.00001043,0.00001035,0.00001045
5.193999,0.00001060,0.00001029,0.00001046,0.00001052,0.00001045,0.00001043,0.00001035,0.00001045
5.196000,0.00001060,0.00001029,0.00001046,0.00001052,0.00001045,0.00001043,0.00001035,0.00001045
5.197999,0.00001060,0.00001029,0.00001046,0.00001052,0.00001045,0.00001043,0.00001035,0.00001045
5.200000,0.00001060,0.00001029,0.00001046,0.00001052,0.00001045,0.00001043,0.00001035,0.00001045
5.202000,0.00001060,0.00001029,0.00001046,0.00001052,0.00001045,0.00001043,0.00001035,0.00001045
5.204000,0.00001060,0.00001029,0.00001047,0.00001052,0.00001045,0.00001043,0.00001035,0.00001045
5.206000,0.00001060,0.00001029,0.00001047,0.00001052,0.00001045,0.00001043,0.00001035,0.00001046
5.208000,0.00001060,0.00001029,0.00001047,0.00001052,0.00001045,0.00001044,0.00001035,0.00001046
5.210000,0.00001060,0.00001030,0.00001047,0.00001052,0.00001045,0.00001044,0.00001035,0.00001046
5.211999,0.00001060,0.00001030,0.00001047,0.00001052,0.00001045,0.00001044,0.00001035,0.00001046
5.214000,0.00001061,0.00001030,0.00001047,0.00001052,0.00001045,0.00001044,0.00001035,0.00001046
5.216000,0.00001061,0.00001030,0.00001047,0.00001052,0.00001045,0.00001044,0.00001035,0.00001046
5.217999,0.00001061,0.00001030,0.00001047,0.00001052,0.00001046,0.00001044,0.00001036,0.00001046
5.220000,0.00001061,0.00001030,0.00001047,0.00001052,0.00001046,0.00001044,0.00001036,0.00001046
5.222000,0.00001061,0.00001030,0.00001047,0.00001052,0.00001046,0.00001044,0.00001036,0.00001046
5.224000,0.00001061,0.00001030,0.00001047,0.00001053,0.00001046,0.00001044,0.00001036,0.00001046
5.226000,0.00001061,0.00001030,0.00001047,0.00001053,0.00001046,0.00001044,0.00001036,0.00001046
5.228000,0.00001061,0.00001030,0.00001047,0.00001053,0.00001046,0.00001044,0.00001036,0.00001046
5.230000,0.00001061,0.00001030,0.00001047,0.00001053,0.00001046,0.00001044,0.00001036,0.00001046
5.231999,0.00001061,0.00001030,0.00001047,0.00001053,0.00001046,0.00001044,0.00001036,0.00001046
5.234000,0.00001061,0.00001030,0.00001048,0.00001053,0.00001046,0.00001044,0.00001036,0.00001046
5.236000,0.00001061,0.00001030,0.00001048,0.00001053,0.00001046,0.00001044,0.00001036,0.00001047
5.237999,0.00001061,0.00001030,0.00001048,0.00001053,0.00001046,0.00001045,0.00001036,0.00001047
5.240000,0.00001061,0.00001030,0.00001048,0.00001053,0.00001046,0.00001045,0.00001036,0.00001047
5.242000,0.00001061,0.00001031,0.00001048,0.00001053,0.00001046,0.00001045,0.00001036,0.00001047
5.244000,0.00001061,0.00001031,0.00001048,0.00001053,0.00001046,0.00001045,0.00001036,0.00001047
5.245999,0.00001062,0.00001031,0.00001048,0.00001053,0.00001046,0.00001045,0.00001036,0.00001047
5.248000,0.00001062,0.00001031,0.00001048,0.00001053,0.00001047,0.00001045,0.00001036,0.00001047
5.250000,0.00001062,0.00001031,0.00001048,0.00001053,0.00001047,0.00001045,0.00001037,0.00001047
5.251999,0.00001062,0.00001031,0.00001048,0.00001053,0.00001047,0.00001045,0.00001037,0.00001047
5.254000,0.00001062,0.00001031,0.00001048,0.00001054,0.00001047,0.00001045,0.00001037,0.00001047
5.256000,0.00001062,0.00001031,0.00001048,0.00001054,0.00001047,0.00001045,0.00001037,0.00001047
5.258000,0.00001062,0.00001031,0.00001048,0.00001054,0.00001047,0.00001045,0.00001037,0.00001047
5.260000,0.00001062,0.00001031,0.00001048,0.00001054,0.00001047,0.00001045,0.00001037,0.00001047
5.262000,0.00001062,0.00001031,0.00001048,0.00001054,0.00001047,0.00001045,0.00001037,0.00001047
5.263999,0.00001062,0.00001031,0.00001048,0.00001054,0.00001047,0.00001045,0.00001037,0.00001047
5.265999,0.00001062,0.00001031,0.00001049,0.00001054,0.00001047,0.00001045,0.00001037,0.00001047
5.268000,0.00001062,0.00001031,0.00001049,0.00001054,0.00001047,0.00001045,0.00001037,0.00001048
5.270000,0.00001062,0.00001031,0.00001049,0.00001054,0.00001047,0.00001046,0.00001037,0.00001048
5.271999,0.00001062,0.00001031,0.00001049,0.00001054,0.00001047,0.00001046,0.00001037,0.00001048
5.274000,0.00001062,0.00001032,0.00001049,0.00001054,0.00001047,0.00001046,0.00001037,0.00001048
5.276000,0.00001063,0.00001032,0.00001049,0.00001054,0.00001047,0.00001046,0.00001037,0.00001048
5.278000,0.00001063,0.00001032,0.00001049,0.00001054,0.00001047,0.00001046,0.00001037,0.00001048
5.280000,0.00001063,0.00001032,0.00001049,0.00001054,0.00001048,0.00001046,0.00001037,0.00001048
5.282000,0.00001063,0.00001032,0.00001049,0.00001054,0.00001048,0.00001046,0.00001038,0.00001048
5.283999,0.00001063,0.00001032,0.00001049,0.00001054,0.00001048,0.00001046,0.00001038,0.00001048
5.285999,0.00001063,0.00001032,0.00001049,0.00001055,0.00001048,0.00001046,0.00001038,0.00001048
5.288000,0.00001063,0.00001032,0.00001049,0.00001055,0.00001048,0.00001046,0.00001038,0.00001048
5.289999,0.00001063,0.00001032,0.00001049,0.00001055,0.00001048,0.00001046,0.00001038,0.00001048
5.292000,0.00001063,0.00001032,0.00001049,0.00001055,0.00001048,0.00001046,0.00001038,0.00001048
5.294000,0.00001063,0.00001032,0.00001049,0.00001055,0.00001048,0.00001046,0.00001038,0.00001048
5.296000,0.00001063,0.00001032,0.00001050,0.00001055,0.00001048,0.00001046,0.00001038,0.00001048
5.298000,0.00001063,0.00001032,0.00001050,0.00001055,0.00001048,0.00001046,0.00001038,0.00001048
5.300000,0.00001063,0.00001032,0.00001050,0.00001055,0.00001048,0.00001046,0.00001038,0.00001049
5.302000,0.00001063,0.00001032,0.00001050,0.00001055,0.00001048,0.00001047,0.00001038,0.00001049
5.303999,0.00001063,0.00001032,0.00001050,0.00001055,0.00001048,0.00001047,0.00001038,0.00001049
5.305999,0.00001064,0.00001033,0.00001050,0.00001055,0.00001048,0.00001047,0.00001038,0.00001049
5.308000,0.00001064,0.00001033,0.00001050,0.00001055,0.00001048,0.00001047,0.00001038,0.00001049
5.309999,0.00001064,0.00001033,0.00001050,0.00001055,0.00001049,0.00001047,0.00001038,0.00001049
5.312000,0.00001064,0.00001033,0.00001050,0.00001055,0.00001049,0.00001047,0.00001038,0.00001049
5.314000,0.00001064,0.00001033,0.00001050,0.00001055,0.00001049,0.00001047,0.00001039,0.00001049
5.316000,0.00001064,0.00001033,0.00001050,0.00001056,0.00001049,0.00001047,0.00001039,0.00001049
5.318000,0.00001064,0.00001033,0.00001050,0.00001056,0.00001049,0.00001047,0.00001039,0.00001049
5.320000,0.00001064,0.00001033,0.00001050,0.00001056,0.00001049,0.00001047,0.00001039,0.00001049
5.322000,0.00001064,0.00001033,0.00001050,0.00001056,0.00001049,0.00001047,0.00001039,0.00001049
5.323999,0.00001064,0.00001033,0.00001050,0.00001056,0.00001049,0.00001047,0.00001039,0.00001049
5.326000,0.00001064,0.00001033,0.00001050,0.00001056,0.00001049,0.00001047,0.00001039,0.00001049
5.328000,0.00001064,0.00001033,0.00001051,0.00001056,0.00001049,0.00001047,0.00001039,0.00001049
5.329999,0.00001064,0.00001033,0.00001051,0.00001056,0.00001049,0.00001047,0.00001039,0.00001050
5.332000,0.00001064,0.00001033,0.00001051,0.00001056,0.00001049,0.00001048,0.00001039,0.00001050
5.334000,0.00001064,0.00001033,0.00001051,0.00001056,0.00001049,0.00001048,0.00001039,0.00001050
5.336000,0.00001065,0.00001033,0.00001051,0.00001056,0.00001049,0.00001048,0.00001039,0.00001050
5.338000,0.00001065,0.00001034,0.00001051,0.00001056,0.00001049,0.00001048,0.00001039,0.00001050
5.340000,0.00001065,0.00001034,0.00001051,0.00001056,0.00001049,0.00001048,0.00001039,0.00001050
5.342000,0.00001065,0.00001034,0.00001051,0.00001056,0.00001050,0.00001048,0.00001039,0.00001050
5.343999,0.00001065,0.00001034,0.00001051,0.00001056,0.00001050,0.00001048,0.00001039,0.00001050
5.346000,0.00001065,0.00001034,0.00001051,0.00001056,0.00001050,0.00001048,0.00001040,0.00001050
5.348000,0.00001065,0.00001034,0.00001051,0.00001057,0.00001050,0.00001048,0.00001040,0.00001050
5.349999,0.00001065,0.00001034,0.00001051,0.00001057,0.00001050,0.00001048,0.00001040,0.00001050
5.352000,0.00001065,0.00001034,0.00001051,0.00001057,0.00001050,0.00001048,0.00001040,0.00001050
5.354000,0.00001065,0.00001034,0.00001051,0.00001057,0.00001050,0.00001048,0.00001040,0.00001050
5.356000,0.00001065,0.00001034,0.00001051,0.00001057,0.00001050,0.00001048,0.00001040,0.00001050
5.358000,0.00001065,0.00001034,0.00001052,0.00001057,0.00001050,0.00001048,0.00001040,0.00001050
5.360000,0.00001065,0.00001034,0.00001052,0.00001057,0.00001050,0.00001048,0.00001040,0.00001050
5.362000,0.00001065,0.00001034,0.00001052,0.00001057,0.00001050,0.00001048,0.00001040,0.00001051
5.363999,0.00001065,0.00001034,0.00001052,0.00001057,0.00001050,0.00001049,0.00001040,0.00001051
5.366000,0.00001066,0.00001034,0.00001052,0.00001057,0.00001050,0.00001049,0.00001040,0.00001051
5.368000,0.00001066,0.00001034,0.00001052,0.00001057,0.00001050,0.00001049,0.00001040,0.00001051
5.370000,0.00001066,0.00001035,0.00001052,0.00001057,0.00001050,0.00001049,0.00001040,0.00001051
5.372000,0.00001066,0.00001035,0.00001052,0.00001057,0.00001051,0.00001049,0.00001040,0.00001051
5.374000,0.00001066,0.00001035,0.00001052,0.00001057,0.00001051,0.00001049,0.00001040,0.00001051
5.375999,0.00001066,0.00001035,0.00001052,0.00001057,0.00001051,0.00001049,0.00001041,0.00001051
5.377999,0.00001066,0.00001035,0.00001052,0.00001058,0.00001051,0.00001049,0.00001041,0.00001051
5.380000,0.00001066,0.00001035,0.00001052,0.00001058,0.00001051,0.00001049,0.00001041,0.00001051
5.381999,0.00001066,0.00001035,0.00001052,0.00001058,0.00001051,0.00001049,0.00001041,0.00001051
5.383999,0.00001066,0.00001035,0.00001052,0.00001058,0.00001051,0.00001049,0.00001041,0.00001051
5.386000,0.00001066,0.00001035,0.00001052,0.00001058,0.00001051,0.00001049,0.00001041,0.00001051
5.388000,0.00001066,0.00001035,0.00001052,0.00001058,0.00001051,0.00001049,0.00001041,0.00001051
5.390000,0.00001066,0.00001035,0.00001053,0.00001058,0.00001051,0.00001049,0.00001041,0.00001051
5.392000,0.00001066,0.00001035,0.00001053,0.00001058,0.00001051,0.00001049,0.00001041,0.00001052
5.394000,0.00001066,0.00001035,0.00001053,0.00001058,0.00001051,0.00001050,0.00001041,0.00001052
5.395999,0.00001066,0.00001035,0.00001053,0.00001058,0.00001051,0.00001050,0.00001041,0.00001052
5.397999,0.00001067,0.00001035,0.00001053,0.00001058,0.00001051,0.00001050,0.00001041,0.00001052
5.400000,0.00001067,0.00001035,0.00001053,0.00001058,0.00001051,0.00001050,0.00001041,0.00001052
5.401999,0.00001067,0.00001036,0.00001053,0.00001058,0.00001051,0.00001050,0.00001041,0.00001052
5.404000,0.00001067,0.00001036,0.00001053,0.00001058,0.00001052,0.00001050,0.00001041,0.00001052
5.406000,0.00001067,0.00001036,0.00001053,0.00001058,0.00001052,0.00001050,0.00001041,0.00001052
5.408000,0.00001067,0.00001036,0.00001053,0.00001058,0.00001052,0.00001050,0.00001042,0.00001052
5.410000,0.00001067,0.00001036,0.00001053,0.00001059,0.00001052,0.00001050,0.00001042,0.00001052
5.412000,0.00001067,0.00001036,0.00001053,0.00001059,0.00001052,0.00001050,0.00001042,0.00001052
5.414000,0.00001067,0.00001036,0.00001053,0.00001059,0.00001052,0.00001050,0.00001042,0.00001052
5.415999,0.00001067,0.00001036,0.00001053,0.00001059,0.00001052,0.00001050,0.00001042,0.00001052
5.417999,0.00001067,0.00001036,0.00001053,0.00001059,0.00001052,0.00001050,0.00001042,0.00001052
5.420000,0.00001067,0.00001036,0.00001054,0.00001059,0.00001052,0.00001050,0.00001042,0.00001052
5.421999,0.00001067,0.00001036,0.00001054,0.00001059,0.00001052,0.00001050,0.00001042,0.00001052
5.424000,0.00001067,0.00001036,0.00001054,0.00001059,0.00001052,0.00001050,0.00001042,0.00001053
5.426000,0.00001067,0.00001036,0.00001054,0.00001059,0.00001052,0.00001051,0.00001042,0.00001053
5.427999,0.00001068,0.00001036,0.00001054,0.00001059,0.00001052,0.00001051,0.00001042,0.00001053
5.430000,0.00001068,0.00001036,0.00001054,0.00001059,0.00001052,0.00001051,0.00001042,0.00001053
5.432000,0.00001068,0.00001036,0.00001054,0.00001059,0.00001052,0.00001051,0.00001042,0.00001053
5.434000,0.00001068,0.00001037,0.00001054,0.00001059,0.00001052,0.00001051,0.00001042,0.00001053
5.435999,0.00001068,0.00001037,0.00001054,0.00001059,0.00001053,0.00001051,0.00001042,0.00001053
5.438000,0.00001068,0.00001037,0.00001054,0.00001059,0.00001053,0.00001051,0.00001042,0.00001053
5.440000,0.00001068,0.00001037,0.00001054,0.00001060,0.00001053,0.00001051,0.00001043,0.00001053
5.441999,0.00001068,0.00001037,0.00001054,0.00001060,0.00001053,0.00001051,0.00001043,0.00001053
5.444000,0.00001068,0.00001037,0.00001054,0.00001060,0.00001053,0.00001051,0.00001043,0.00001053
5.446000,0.00001068,0.00001037,0.00001054,0.00001060,0.00001053,0.00001051,0.00001043,0.00001053
5.448000,0.00001068,0.00001037,0.00001054,0.00001060,0.00001053,0.00001051,0.00001043,0.00001053
5.450000,0.00001068,0.00001037,0.00001054,0.00001060,0.00001053,0.00001051,0.00001043,0.00001053
5.452000,0.00001068,0.00001037,0.00001055,0.00001060,0.00001053,0.00001051,0.00001043,0.00001053
5.454000,0.00001068,0.00001037,0.00001055,0.00001060,0.00001053,0.00001051,0.00001043,0.00001053
5.455999,0.00001068,0.00001037,0.00001055,0.00001060,0.00001053,0.00001051,0.00001043,0.00001054
5.458000,0.00001069,0.00001037,0.00001055,0.00001060,0.00001053,0.00001052,0.00001043,0.00001054
5.460000,0.00001069,0.00001037,0.00001055,0.00001060,0.00001053,0.00001052,0.00001043,0.00001054
5.461999,0.00001069,0.00001037,0.00001055,0.00001060,0.00001053,0.00001052,0.00001043,0.00001054
5.464000,0.00001069,0.00001037,0.00001055,0.00001060,0.00001053,0.00001052,0.00001043,0.00001054
5.466000,0.00001069,0.00001038,0.00001055,0.00001060,0.00001054,0.00001052,0.00001043,0.00001054
5.468000,0.00001069,0.00001038,0.00001055,0.00001060,0.00001054,0.00001052,0.00001043,0.00001054
5.470000,0.00001069,0.00001038,0.00001055,0.00001061,0.00001054,0.00001052,0.00001043,0.00001054
5.472000,0.00001069,0.00001038,0.00001055,0.00001061,0.00001054,0.00001052,0.00001044,0.00001054
5.474000,0.00001069,0.00001038,0.00001055,0.00001061,0.00001054,0.00001052,0.00001044,0.00001054
5.475999,0.00001069,0.00001038,0.00001055,0.00001061,0.00001054,0.00001052,0.00001044,0.00001054
5.478000,0.00001069,0.00001038,0.00001055,0.00001061,0.00001054,0.00001052,0.00001044,0.00001054
5.480000,0.00001069,0.00001038,0.00001055,0.00001061,0.00001054,0.00001052,0.00001044,0.00001054
5.482000,0.00001069,0.00001038,0.00001056,0.00001061,0.00001054,0.00001052,0.00001044,0.00001054
5.484000,0.00001069,0.00001038,0.00001056,0.00001061,0.00001054,0.00001052,0.00001044,0.00001054
5.486000,0.00001069,0.00001038,0.00001056,0.00001061,0.00001054,0.00001052,0.00001044,0.00001055
5.488000,0.00001070,0.00001038,0.00001056,0.00001061,0.00001054,0.00001053,0.00001044,0.00001055
5.489999,0.00001070,0.00001038,0.00001056,0.00001061,0.00001054,0.00001053,0.00001044,0.00001055
5.492000,0.00001070,0.00001038,0.00001056,0.00001061,0.00001054,0.00001053,0.00001044,0.00001055
5.493999,0.00001070,0.00001038,0.00001056,0.00001061,0.00001054,0.00001053,0.00001044,0.00001055
5.495999,0.00001070,0.00001038,0.00001056,0.00001061,0.00001054,0.00001053,0.00001044,0.00001055
5.498000,0.00001070,0.00001039,0.00001056,0.00001061,0.00001055,0.00001053,0.00001044,0.00001055
5.500000,0.00001070,0.00001039,0.00001056,0.00001061,0.00001055,0.00001053,0.00001044,0.00001055
5.502000,0.00001070,0.00001039,0.00001056,0.00001062,0.00001055,0.00001053,0.00001045,0.00001055
5.504000,0.00001070,0.00001039,0.00001056,0.00001062,0.00001055,0.00001053,0.00001045,0.00001055
5.506000,0.00001070,0.00001039,0.00001056,0.00001062,0.00001055,0.00001053,0.00001045,0.00001055
5.507999,0.00001070,0.00001039,0.00001056,0.00001062,0.00001055,0.00001053,0.00001045,0.00001055
5.509999,0.00001070,0.00001039,0.00001056,0.00001062,0.00001055,0.00001053,0.00001045,0.00001055
5.512000,0.00001070,0.00001039,0.00001056,0.00001062,0.00001055,0.00001053,0.00001045,0.00001055
5.513999,0.00001070,0.00001039,0.00001057,0.00001062,0.00001055,0.00001053,0.00001045,0.00001055
5.516000,0.00001070,0.00001039,0.00001057,0.00001062,0.00001055,0.00001053,0.00001045,0.00001056
5.518000,0.00001071,0.00001039,0.00001057,0.00001062,0.00001055,0.00001053,0.00001045,0.00001056
5.520000,0.00001071,0.00001039,0.00001057,0.00001062,0.00001055,0.00001054,0.00001045,0.00001056
5.522000,0.00001071,0.00001039,0.00001057,0.00001062,0.00001055,0.00001054,0.00001045,0.00001056
5.524000,0.00001071,0.00001039,0.00001057,0.00001062,0.00001055,0.00001054,0.00001045,0.00001056
5.526000,0.00001071,0.00001039,0.00001057,0.00001062,0.00001055,0.00001054,0.00001045,0.00001056
5.527999,0.00001071,0.00001039,0.00001057,0.00001062,0.00001056,0.00001054,0.00001045,0.00001056
5.529999,0.00001071,0.00001040,0.00001057,0.00001062,0.00001056,0.00001054,0.00001045,0.00001056
5.532000,0.00001071,0.00001040,0.00001057,0.00001063,0.00001056,0.00001054,0.00001045,0.00001056
5.533999,0.00001071,0.00001040,0.00001057,0.00001063,0.00001056,0.00001054,0.00001046,0.00001056
5.536000,0.00001071,0.00001040,0.00001057,0.00001063,0.00001056,0.00001054,0.00001046,0.00001056
5.538000,0.00001071,0.00001040,0.00001057,0.00001063,0.00001056,0.00001054,0.00001046,0.00001056
5.539999,0.00001071,0.00001040,0.00001057,0.00001063,0.00001056,0.00001054,0.00001046,0.00001056
5.542000,0.00001071,0.00001040,0.00001057,0.00001063,0.00001056,0.00001054,0.00001046,0.00001056
5.544000,0.00001071,0.00001040,0.00001058,0.00001063,0.00001056,0.00001054,0.00001046,0.00001056
5.546000,0.00001071,0.00001040,0.00001058,0.00001063,0.00001056,0.00001054,0.00001046,0.00001056
5.547999,0.00001072,0.00001040,0.00001058,0.00001063,0.00001056,0.00001054,0.00001046,0.00001057
5.550000,0.00001072,0.00001040,0.00001058,0.00001063,0.00001056,0.00001055,0.00001046,0.00001057
5.552000,0.00001072,0.00001040,0.00001058,0.00001063,0.00001056,0.00001055,0.00001046,0.00001057
5.553999,0.00001072,0.00001040,0.00001058,0.00001063,0.00001056,0.00001055,0.00001046,0.00001057
5.556000,0.00001072,0.00001040,0.00001058,0.00001063,0.00001056,0.00001055,0.00001046,0.00001057
5.558000,0.00001072,0.00001040,0.00001058,0.00001063,0.00001057,0.00001055,0.00001046,0.00001057
5.560000,0.00001072,0.00001040,0.00001058,0.00001063,0.00001057,0.00001055,0.00001046,0.00001057
5.562000,0.00001072,0.00001041,0.00001058,0.00001064,0.00001057,0.00001055,0.00001046,0.00001057
5.564000,0.00001072,0.00001041,0.00001058,0.00001064,0.00001057,0.00001055,0.00001047,0.00001057
5.566000,0.00001072,0.00001041,0.00001058,0.00001064,0.00001057,0.00001055,0.00001047,0.00001057
5.567999,0.00001072,0.00001041,0.00001058,0.00001064,0.00001057,0.00001055,0.00001047,0.00001057
5.570000,0.00001072,0.00001041,0.00001058,0.00001064,0.00001057,0.00001055,0.00001047,0.00001057
5.572000,0.00001072,0.00001041,0.00001058,0.00001064,0.00001057,0.00001055,0.00001047,0.00001057
5.573999,0.00001072,0.00001041,0.00001059,0.00001064,0.00001057,0.00001055,0.00001047,0.00001057
5.576000,0.00001072,0.00001041,0.00001059,0.00001064,0.00001057,0.00001055,0.00001047,0.00001057
5.578000,0.00001073,0.00001041,0.00001059,0.00001064,0.00001057,0.00001055,0.00001047,0.00001058
5.580000,0.00001073,0.00001041,0.00001059,0.00001064,0.00001057,0.00001055,0.00001047,0.00001058
5.582000,0.00001073,0.00001041,0.00001059,0.00001064,0.00001057,0.00001056,0.00001047,0.00001058
5.584000,0.00001073,0.00001041,0.00001059,0.00001064,0.00001057,0.00001056,0.00001047,0.00001058
5.585999,0.00001073,0.00001041,0.00001059,0.00001064,0.00001057,0.00001056,0.00001047,0.00001058
5.587999,0.00001073,0.00001041,0.00001059,0.00001064,0.00001057,0.00001056,0.00001047,0.00001058
5.590000,0.00001073,0.00001041,0.00001059,0.00001064,0.00001058,0.00001056,0.00001047,0.00001058
5.592000,0.00001073,0.00001042,0.00001059,0.00001065,0.00001058,0.00001056,0.00001047,0.00001058
5.594000,0.00001073,0.00001042,0.00001059,0.00001065,0.00001058,0.00001056,0.00001047,0.00001058
5.596000,0.00001073,0.00001042,0.00001059,0.00001065,0.00001058,0.00001056,0.00001048,0.00001058
5.598000,0.00001073,0.00001042,0.00001059,0.00001065,0.00001058,0.00001056,0.00001048,0.00001058
5.600000,0.00001073,0.00001042,0.00001059,0.00001065,0.00001058,0.00001056,0.00001048,0.00001058
5.601999,0.00001073,0.00001042,0.00001059,0.00001065,0.00001058,0.00001056,0.00001048,0.00001058
5.604000,0.00001073,0.00001042,0.00001059,0.00001065,0.00001058,0.00001056,0.00001048,0.00001058
5.605999,0.00001073,0.00001042,0.00001060,0.00001065,0.00001058,0.00001056,0.00001048,0.00001058
5.607999,0.00001074,0.00001042,0.00001060,0.00001065,0.00001058,0.00001056,0.00001048,0.00001058
5.610000,0.00001074,0.00001042,0.00001060,0.00001065,0.00001058,0.00001056,0.00001048,0.00001059
5.612000,0.00001074,0.00001042,0.00001060,0.00001065,0.00001058,0.00001057,0.00001048,0.00001059
5.614000,0.00001074,0.00001042,0.00001060,0.00001065,0.00001058,0.00001057,0.00001048,0.00001059
5.616000,0.00001074,0.00001042,0.00001060,0.00001065,0.00001058,0.00001057,0.00001048,0.00001059
5.618000,0.00001074,0.00001042,0.00001060,0.00001065,0.00001058,0.00001057,0.00001048,0.00001059
5.619999,0.00001074,0.00001042,0.00001060,0.00001065,0.00001059,0.00001057,0.00001048,0.00001059
5.621999,0.00001074,0.00001042,0.00001060,0.00001066,0.00001059,0.00001057,0.00001048,0.00001059
5.624000,0.00001074,0.00001043,0.00001060,0.00001066,0.00001059,0.00001057,0.00001048,0.00001059
5.625999,0.00001074,0.00001043,0.00001060,0.00001066,0.00001059,0.00001057,0.00001048,0.00001059
5.628000,0.00001074,0.00001043,0.00001060,0.00001066,0.00001059,0.00001057,0.00001049,0.00001059
5.630000,0.00001074,0.00001043,0.00001060,0.00001066,0.00001059,0.00001057,0.00001049,0.00001059
5.631999,0.00001074,0.00001043,0.00001060,0.00001066,0.00001059,0.00001057,0.00001049,0.00001059
5.634000,0.00001074,0.00001043,0.00001060,0.00001066,0.00001059,0.00001057,0.00001049,0.00001059
5.636000,0.00001074,0.00001043,0.00001061,0.00001066,0.00001059,0.00001057,0.00001049,0.00001059
5.638000,0.00001075,0.00001043,0.00001061,0.00001066,0.00001059,0.00001057,0.00001049,0.00001059
5.639999,0.00001075,0.00001043,0.00001061,0.00001066,0.00001059,0.00001057,0.00001049,0.00001060
5.641999,0.00001075,0.00001043,0.00001061,0.00001066,0.00001059,0.00001058,0.00001049,0.00001060
5.644000,0.00001075,0.00001043,0.00001061,0.00001066,0.00001059,0.00001058,0.00001049,0.00001060
5.645999,0.00001075,0.00001043,0.00001061,0.00001066,0.00001059,0.00001058,0.00001049,0.00001060
5.648000,0.00001075,0.00001043,0.00001061,0.00001066,0.00001059,0.00001058,0.00001049,0.00001060
5.650000,0.00001075,0.00001043,0.00001061,0.00001066,0.00001059,0.00001058,0.00001049,0.00001060
5.651999,0.00001075,0.00001043,0.00001061,0.00001066,0.00001060,0.00001058,0.00001049,0.00001060
5.654000,0.00001075,0.00001043,0.00001061,0.00001067,0.00001060,0.00001058,0.00001049,0.00001060
5.656000,0.00001075,0.00001044,0.00001061,0.00001067,0.00001060,0.00001058,0.00001049,0.00001060
5.658000,0.00001075,0.00001044,0.00001061,0.00001067,0.00001060,0.00001058,0.00001050,0.00001060
5.659999,0.00001075,0.00001044,0.00001061,0.00001067,0.00001060,0.00001058,0.00001050,0.00001060
5.662000,0.00001075,0.00001044,0.00001061,0.00001067,0.00001060,0.00001058,0.00001050,0.00001060
5.664000,0.00001075,0.00001044,0.00001061,0.00001067,0.00001060,0.00001058,0.00001050,0.00001060
5.665999,0.00001075,0.00001044,0.00001062,0.00001067,0.00001060,0.00001058,0.00001050,0.00001060
5.668000,0.00001076,0.00001044,0.00001062,0.00001067,0.00001060,0.00001058,0.00001050,0.00001060
5.670000,0.00001076,0.00001044,0.00001062,0.00001067,0.00001060,0.00001058,0.00001050,0.00001061
5.672000,0.00001076,0.00001044,0.00001062,0.00001067,0.00001060,0.00001058,0.00001050,0.00001061
5.674000,0.00001076,0.00001044,0.00001062,0.00001067,0.00001060,0.00001059,0.00001050,0.00001061
5.676000,0.00001076,0.00001044,0.00001062,0.00001067,0.00001060,0.00001059,0.00001050,0.00001061
5.677999,0.00001076,0.00001044,0.00001062,0.00001067,0.00001060,0.00001059,0.00001050,0.00001061
5.679999,0.00001076,0.00001044,0.00001062,0.00001067,0.00001060,0.00001059,0.00001050,0.00001061
5.682000,0.00001076,0.00001044,0.00001062,0.00001067,0.00001061,0.00001059,0.00001050,0.00001061
5.684000,0.00001076,0.00001044,0.00001062,0.00001068,0.00001061,0.00001059,0.00001050,0.00001061
5.685999,0.00001076,0.00001044,0.00001062,0.00001068,0.00001061,0.00001059,0.00001050,0.00001061
5.688000,0.00001076,0.00001045,0.00001062,0.00001068,0.00001061,0.00001059,0.00001050,0.00001061
5.690000,0.00001076,0.00001045,0.00001062,0.00001068,0.00001061,0.00001059,0.00001051,0.00001061
5.692000,0.00001076,0.00001045,0.00001062,0.00001068,0.00001061,0.00001059,0.00001051,0.00001061
5.694000,0.00001076,0.00001045,0.00001062,0.00001068,0.00001061,0.00001059,0.00001051,0.00001061
5.696000,0.00001076,0.00001045,0.00001063,0.00001068,0.00001061,0.00001059,0.00001051,0.00001061
5.697999,0.00001077,0.00001045,0.00001063,0.00001068,0.00001061,0.00001059,0.00001051,0.00001061
5.699999,0.00001077,0.00001045,0.00001063,0.00001068,0.00001061,0.00001059,0.00001051,0.00001061
5.702000,0.00001077,0.00001045,0.00001063,0.00001068,0.00001061,0.00001059,0.00001051,0.00001062
5.704000,0.00001077,0.00001045,0.00001063,0.00001068,0.00001061,0.00001060,0.00001051,0.00001062
5.706000,0.00001077,0.00001045,0.00001063,0.00001068,0.00001061,0.00001060,0.00001051,0.00001062
5.708000,0.00001077,0.00001045,0.00001063,0.00001068,0.00001061,0.00001060,0.00001051,0.00001062
5.710000,0.00001077,0.00001045,0.00001063,0.00001068,0.00001061,0.00001060,0.00001051,0.00001062
5.712000,0.00001077,0.00001045,0.00001063,0.00001068,0.00001062,0.00001060,0.00001051,0.00001062
5.713999,0.00001077,0.00001045,0.00001063,0.00001069,0.00001062,0.00001060,0.00001051,0.00001062
5.716000,0.00001077,0.00001045,0.00001063,0.00001069,0.00001062,0.00001060,0.00001051,0.00001062
5.717999,0.00001077,0.00001046,0.00001063,0.00001069,0.00001062,0.00001060,0.00001051,0.00001062
5.719999,0.00001077,0.00001046,0.00001063,0.00001069,0.00001062,0.00001060,0.00001052,0.00001062
5.722000,0.00001077,0.00001046,0.00001063,0.00001069,0.00001062,0.00001060,0.00001052,0.00001062
5.724000,0.00001077,0.00001046,0.00001063,0.00001069,0.00001062,0.00001060,0.00001052,0.00001062
5.726000,0.00001077,0.00001046,0.00001063,0.00001069,0.00001062,0.00001060,0.00001052,0.00001062
5.728000,0.00001078,0.00001046,0.00001064,0.00001069,0.00001062,0.00001060,0.00001052,0.00001062
5.730000,0.00001078,0.00001046,0.00001064,0.00001069,0.00001062,0.00001060,0.00001052,0.00001062
5.731999,0.00001078,0.00001046,0.00001064,0.00001069,0.00001062,0.00001060,0.00001052,0.00001063
5.733999,0.00001078,0.00001046,0.00001064,0.00001069,0.00001062,0.00001060,0.00001052,0.00001063
5.736000,0.00001078,0.00001046,0.00001064,0.00001069,0.00001062,0.00001061,0.00001052,0.00001063
5.737999,0.00001078,0.00001046,0.00001064,0.00001069,0.00001062,0.00001061,0.00001052,0.00001063
5.740000,0.00001078,0.00001046,0.00001064,0.00001069,0.00001062,0.00001061,0.00001052,0.00001063
5.742000,0.00001078,0.00001046,0.00001064,0.00001069,0.00001063,0.00001061,0.00001052,0.00001063
5.743999,0.00001078,0.00001046,0.00001064,0.00001070,0.00001063,0.00001061,0.00001052,0.00001063
5.746000,0.00001078,0.00001046,0.00001064,0.00001070,0.00001063,0.00001061,0.00001052,0.00001063
5.748000,0.00001078,0.00001046,0.00001064,0.00001070,0.00001063,0.00001061,0.00001052,0.00001063
5.750000,0.00001078,0.00001047,0.00001064,0.00001070,0.00001063,0.00001061,0.00001052,0.00001063
5.751999,0.00001078,0.00001047,0.00001064,0.00001070,0.00001063,0.00001061,0.00001053,0.00001063
5.753999,0.00001078,0.00001047,0.00001064,0.00001070,0.00001063,0.00001061,0.00001053,0.00001063
5.756000,0.00001078,0.00001047,0.00001064,0.00001070,0.00001063,0.00001061,0.00001053,0.00001063
5.757999,0.00001079,0.00001047,0.00001065,0.00001070,0.00001063,0.00001061,0.00001053,0.00001063
5.760000,0.00001079,0.00001047,0.00001065,0.00001070,0.00001063,0.00001061,0.00001053,0.00001063
5.762000,0.00001079,0.00001047,0.00001065,0.00001070,0.00001063,0.00001061,0.00001053,0.00001064
5.763999,0.00001079,0.00001047,0.00001065,0.00001070,0.00001063,0.00001061,0.00001053,0.00001064
5.766000,0.00001079,0.00001047,0.00001065,0.00001070,0.00001063,0.00001062,0.00001053,0.00001064
5.768000,0.00001079,0.00001047,0.00001065,0.00001070,0.00001063,0.00001062,0.00001053,0.00001064
5.770000,0.00001079,0.00001047,0.00001065,0.00001070,0.00001063,0.00001062,0.00001053,0.00001064
5.771999,0.00001079,0.00001047,0.00001065,0.00001070,0.00001063,0.00001062,0.00001053,0.00001064
5.774000,0.00001079,0.00001047,0.00001065,0.00001071,0.00001064,0.00001062,0.00001053,0.00001064
5.776000,0.00001079,0.00001047,0.00001065,0.00001071,0.00001064,0.00001062,0.00001053,0.00001064
5.777999,0.00001079,0.00001047,0.00001065,0.00001071,0.00001064,0.00001062,0.00001053,0.00001064
5.780000,0.00001079,0.00001047,0.00001065,0.00001071,0.00001064,0.00001062,0.00001053,0.00001064
5.782000,0.00001079,0.00001048,0.00001065,0.00001071,0.00001064,0.00001062,0.00001053,0.00001064
5.784000,0.00001079,0.00001048,0.00001065,0.00001071,0.00001064,0.00001062,0.00001054,0.00001064
5.786000,0.00001079,0.00001048,0.00001065,0.00001071,0.00001064,0.00001062,0.00001054,0.00001064
5.788000,0.00001080,0.00001048,0.00001066,0.00001071,0.00001064,0.00001062,0.00001054,0.00001064
5.789999,0.00001080,0.00001048,0.00001066,0.00001071,0.00001064,0.00001062,0.00001054,0.00001064
5.791999,0.00001080,0.00001048,0.00001066,0.00001071,0.00001064,0.00001062,0.00001054,0.00001065
5.794000,0.00001080,0.00001048,0.00001066,0.00001071,0.00001064,0.00001062,0.00001054,0.00001065
5.796000,0.00001080,0.00001048,0.00001066,0.00001071,0.00001064,0.00001063,0.00001054,0.00001065
5.797999,0.00001080,0.00001048,0.00001066,0.00001071,0.00001064,0.00001063,0.00001054,0.00001065
5.800000,0.00001080,0.00001048,0.00001066,0.00001071,0.00001064,0.00001063,0.00001054,0.00001065
5.802000,0.00001080,0.00001048,0.00001066,0.00001071,0.00001064,0.00001063,0.00001054,0.00001065
5.804000,0.00001080,0.00001048,0.00001066,0.00001071,0.00001065,0.00001063,0.00001054,0.00001065
5.806000,0.00001080,0.00001048,0.00001066,0.00001072,0.00001065,0.00001063,0.00001054,0.00001065
5.808000,0.00001080,0.00001048,0.00001066,0.00001072,0.00001065,0.00001063,0.00001054,0.00001065
5.809999,0.00001080,0.00001048,0.00001066,0.00001072,0.00001065,0.00001063,0.00001054,0.00001065
5.811999,0.00001080,0.00001049,0.00001066,0.00001072,0.00001065,0.00001063,0.00001054,0.00001065
5.814000,0.00001080,0.00001049,0.00001066,0.00001072,0.00001065,0.00001063,0.00001055,0.00001065
5.816000,0.00001080,0.00001049,0.00001066,0.00001072,0.00001065,0.00001063,0.00001055,0.00001065
5.818000,0.00001081,0.00001049,0.00001067,0.00001072,0.00001065,0.00001063,0.00001055,0.00001065
5.820000,0.00001081,0.00001049,0.00001067,0.00001072,0.00001065,0.00001063,0.00001055,0.00001065
5.822000,0.00001081,0.00001049,0.00001067,0.00001072,0.00001065,0.00001063,0.00001055,0.00001065
5.824000,0.00001081,0.00001049,0.00001067,0.00001072,0.00001065,0.00001063,0.00001055,0.00001066
5.825999,0.00001081,0.00001049,0.00001067,0.00001072,0.00001065,0.00001064,0.00001055,0.00001066
5.828000,0.00001081,0.00001049,0.00001067,0.00001072,0.00001065,0.00001064,0.00001055,0.00001066
5.829999,0.00001081,0.00001049,0.00001067,0.00001072,0.00001065,0.00001064,0.00001055,0.00001066
5.831999,0.00001081,0.00001049,0.00001067,0.00001072,0.00001065,0.00001064,0.00001055,0.00001066
5.834000,0.00001081,0.00001049,0.00001067,0.00001072,0.00001066,0.00001064,0.00001055,0.00001066
5.835999,0.00001081,0.00001049,0.00001067,0.00001073,0.00001066,0.00001064,0.00001055,0.00001066
5.838000,0.00001081,0.00001049,0.00001067,0.00001073,0.00001066,0.00001064,0.00001055,0.00001066
5.840000,0.00001081,0.00001049,0.00001067,0.00001073,0.00001066,0.00001064,0.00001055,0.00001066
5.842000,0.00001081,0.00001049,0.00001067,0.00001073,0.00001066,0.00001064,0.00001055,0.00001066
5.843999,0.00001081,0.00001050,0.00001067,0.00001073,0.00001066,0.00001064,0.00001056,0.00001066
5.845999,0.00001081,0.00001050,0.00001067,0.00001073,0.00001066,0.00001064,0.00001056,0.00001066
5.848000,0.00001082,0.00001050,0.00001068,0.00001073,0.00001066,0.00001064,0.00001056,0.00001066
5.849999,0.00001082,0.00001050,0.00001068,0.00001073,0.00001066,0.00001064,0.00001056,0.00001066
5.852000,0.00001082,0.00001050,0.00001068,0.00001073,0.00001066,0.00001064,0.00001056,0.00001066
5.854000,0.00001082,0.00001050,0.00001068,0.00001073,0.00001066,0.00001064,0.00001056,0.00001067
5.855999,0.00001082,0.00001050,0.00001068,0.00001073,0.00001066,0.00001064,0.00001056,0.00001067
5.858000,0.00001082,0.00001050,0.00001068,0.00001073,0.00001066,0.00001065,0.00001056,0.00001067
5.860000,0.00001082,0.00001050,0.00001068,0.00001073,0.00001066,0.00001065,0.00001056,0.00001067
5.862000,0.00001082,0.00001050,0.00001068,0.00001073,0.00001066,0.00001065,0.00001056,0.00001067
5.863999,0.00001082,0.00001050,0.00001068,0.00001073,0.00001067,0.00001065,0.00001056,0.00001067
5.865999,0.00001082,0.00001050,0.00001068,0.00001074,0.00001067,0.00001065,0.00001056,0.00001067
5.868000,0.00001082,0.00001050,0.00001068,0.00001074,0.00001067,0.00001065,0.00001056,0.00001067
5.869999,0.00001082,0.00001050,0.00001068,0.00001074,0.00001067,0.00001065,0.00001056,0.00001067
5.872000,0.00001082,0.00001050,0.00001068,0.00001074,0.00001067,0.00001065,0.00001056,0.00001067
5.874000,0.00001082,0.00001050,0.00001068,0.00001074,0.00001067,0.00001065,0.00001056,0.00001067
5.875999,0.00001083,0.00001051,0.00001068,0.00001074,0.00001067,0.00001065,0.00001057,0.00001067
5.878000,0.00001083,0.00001051,0.00001069,0.00001074,0.00001067,0.00001065,0.00001057,0.00001067
5.880000,0.00001083,0.00001051,0.00001069,0.00001074,0.00001067,0.00001065,0.00001057,0.00001067
5.881999,0.00001083,0.00001051,0.00001069,0.00001074,0.00001067,0.00001065,0.00001057,0.00001067
5.883999,0.00001083,0.00001051,0.00001069,0.00001074,0.00001067,0.00001065,0.00001057,0.00001068
5.886000,0.00001083,0.00001051,0.00001069,0.00001074,0.00001067,0.00001065,0.00001057,0.00001068
5.888000,0.00001083,0.00001051,0.00001069,0.00001074,0.00001067,0.00001066,0.00001057,0.00001068
5.889999,0.00001083,0.00001051,0.00001069,0.00001074,0.00001067,0.00001066,0.00001057,0.00001068
5.892000,0.00001083,0.00001051,0.00001069,0.00001074,0.00001067,0.00001066,0.00001057,0.00001068
5.894000,0.00001083,0.00001051,0.00001069,0.00001074,0.00001068,0.00001066,0.00001057,0.00001068
5.896000,0.00001083,0.00001051,0.00001069,0.00001075,0.00001068,0.00001066,0.00001057,0.00001068
5.898000,0.00001083,0.00001051,0.00001069,0.00001075,0.00001068,0.00001066,0.00001057,0.00001068
5.900000,0.00001083,0.00001051,0.00001069,0.00001075,0.00001068,0.00001066,0.00001057,0.00001068
5.901999,0.00001083,0.00001051,0.00001069,0.00001075,0.00001068,0.00001066,0.00001057,0.00001068
5.903999,0.00001083,0.00001051,0.00001069,0.00001075,0.00001068,0.00001066,0.00001057,0.00001068
5.906000,0.00001084,0.00001052,0.00001069,0.00001075,0.00001068,0.00001066,0.00001058,0.00001068
5.908000,0.00001084,0.00001052,0.00001070,0.00001075,0.00001068,0.00001066,0.00001058,0.00001068
5.909999,0.00001084,0.00001052,0.00001070,0.00001075,0.00001068,0.00001066,0.00001058,0.00001068
5.912000,0.00001084,0.00001052,0.00001070,0.00001075,0.00001068,0.00001066,0.00001058,0.00001068
5.914000,0.00001084,0.00001052,0.00001070,0.00001075,0.00001068,0.00001066,0.00001058,0.00001069
5.916000,0.00001084,0.00001052,0.00001070,0.00001075,0.00001068,0.00001066,0.00001058,0.00001069
5.918000,0.00001084,0.00001052,0.00001070,0.00001075,0.00001068,0.00001067,0.00001058,0.00001069
5.920000,0.00001084,0.00001052,0.00001070,0.00001075,0.00001068,0.00001067,0.00001058,0.00001069
5.921999,0.00001084,0.00001052,0.00001070,0.00001075,0.00001068,0.00001067,0.00001058,0.00001069
5.923999,0.00001084,0.00001052,0.00001070,0.00001075,0.00001068,0.00001067,0.00001058,0.00001069
5.926000,0.00001084,0.00001052,0.00001070,0.00001076,0.00001069,0.00001067,0.00001058,0.00001069
5.927999,0.00001084,0.00001052,0.00001070,0.00001076,0.00001069,0.00001067,0.00001058,0.00001069
5.930000,0.00001084,0.00001052,0.00001070,0.00001076,0.00001069,0.00001067,0.00001058,0.00001069
5.932000,0.00001084,0.00001052,0.00001070,0.00001076,0.00001069,0.00001067,0.00001058,0.00001069
5.934000,0.00001084,0.00001052,0.00001070,0.00001076,0.00001069,0.00001067,0.00001058,0.00001069
5.936000,0.00001085,0.00001052,0.00001070,0.00001076,0.00001069,0.00001067,0.00001058,0.00001069
5.938000,0.00001085,0.00001053,0.00001070,0.00001076,0.00001069,0.00001067,0.00001059,0.00001069
5.940000,0.00001085,0.00001053,0.00001071,0.00001076,0.00001069,0.00001067,0.00001059,0.00001069
5.941999,0.00001085,0.00001053,0.00001071,0.00001076,0.00001069,0.00001067,0.00001059,0.00001069
5.943999,0.00001085,0.00001053,0.00001071,0.00001076,0.00001069,0.00001067,0.00001059,0.00001070
5.946000,0.00001085,0.00001053,0.00001071,0.00001076,0.00001069,0.00001067,0.00001059,0.00001070
5.947999,0.00001085,0.00001053,0.00001071,0.00001076,0.00001069,0.00001068,0.00001059,0.00001070
5.950000,0.00001085,0.00001053,0.00001071,0.00001076,0.00001069,0.00001068,0.00001059,0.00001070
5.952000,0.00001085,0.00001053,0.00001071,0.00001076,0.00001069,0.00001068,0.00001059,0.00001070
5.954000,0.00001085,0.00001053,0.00001071,0.00001076,0.00001069,0.00001068,0.00001059,0.00001070
5.955999,0.00001085,0.00001053,0.00001071,0.00001077,0.00001070,0.00001068,0.00001059,0.00001070
5.957999,0.00001085,0.00001053,0.00001071,0.00001077,0.00001070,0.00001068,0.00001059,0.00001070
5.960000,0.00001085,0.00001053,0.00001071,0.00001077,0.00001070,0.00001068,0.00001059,0.00001070
5.961999,0.00001085,0.00001053,0.00001071,0.00001077,0.00001070,0.00001068,0.00001059,0.00001070
5.964000,0.00001085,0.00001053,0.00001071,0.00001077,0.00001070,0.00001068,0.00001059,0.00001070
5.966000,0.00001086,0.00001053,0.00001071,0.00001077,0.00001070,0.00001068,0.00001059,0.00001070
5.967999,0.00001086,0.00001054,0.00001071,0.00001077,0.00001070,0.00001068,0.00001060,0.00001070
5.970000,0.00001086,0.00001054,0.00001072,0.00001077,0.00001070,0.00001068,0.00001060,0.00001070
5.972000,0.00001086,0.00001054,0.00001072,0.00001077,0.00001070,0.00001068,0.00001060,0.00001070
5.974000,0.00001086,0.00001054,0.00001072,0.00001077,0.00001070,0.00001068,0.00001060,0.00001070
5.975999,0.00001086,0.00001054,0.00001072,0.00001077,0.00001070,0.00001068,0.00001060,0.00001071
5.977999,0.00001086,0.00001054,0.00001072,0.00001077,0.00001070,0.00001069,0.00001060,0.00001071
5.980000,0.00001086,0.00001054,0.00001072,0.00001077,0.00001070,0.00001069,0.00001060,0.00001071
5.981999,0.00001086,0.00001054,0.00001072,0.00001077,0.00001070,0.00001069,0.00001060,0.00001071
5.984000,0.00001086,0.00001054,0.00001072,0.00001077,0.00001070,0.00001069,0.00001060,0.00001071
5.986000,0.00001086,0.00001054,0.00001072,0.00001078,0.00001071,0.00001069,0.00001060,0.00001071
5.987999,0.00001086,0.00001054,0.00001072,0.00001078,0.00001071,0.00001069,0.00001060,0.00001071
5.990000,0.00001086,0.00001054,0.00001072,0.00001078,0.00001071,0.00001069,0.00001060,0.00001071
5.992000,0.00001086,0.00001054,0.00001072,0.00001078,0.00001071,0.00001069,0.00001060,0.00001071
5.993999,0.00001086,0.00001054,0.00001072,0.00001078,0.00001071,0.00001069,0.00001060,0.00001071
5.995999,0.00001087,0.00001054,0.00001072,0.00001078,0.00001071,0.00001069,0.00001060,0.00001071
5.998000,0.00001087,0.00001054,0.00001072,0.00001078,0.00001071,0.00001069,0.00001061,0.00001071
6.000000,0.00001087,0.00001055,0.00001073,0.00001078,0.00001071,0.00001069,0.00001061,0.00001071
6.001999,0.00001087,0.00001055,0.00001073,0.00001078,0.00001071,0.00001069,0.00001061,0.00001071
6.004000,0.00001087,0.00001055,0.00001073,0.00001078,0.00001071,0.00001069,0.00001061,0.00001071
6.006000,0.00001087,0.00001055,0.00001073,0.00001078,0.00001071,0.00001069,0.00001061,0.00001072
6.008000,0.00001087,0.00001055,0.00001073,0.00001078,0.00001071,0.00001069,0.00001061,0.00001072
6.010000,0.00001087,0.00001055,0.00001073,0.00001078,0.00001071,0.00001070,0.00001061,0.00001072
6.012000,0.00001087,0.00001055,0.00001073,0.00001078,0.00001071,0.00001070,0.00001061,0.00001072
6.013999,0.00001087,0.00001055,0.00001073,0.00001078,0.00001071,0.00001070,0.00001061,0.00001072
6.015999,0.00001087,0.00001055,0.00001073,0.00001079,0.00001072,0.00001070,0.00001061,0.00001072
6.018000,0.00001087,0.00001055,0.00001073,0.00001079,0.00001072,0.00001070,0.00001061,0.00001072
6.020000,0.00001087,0.00001055,0.00001073,0.00001079,0.00001072,0.00001070,0.00001061,0.00001072
6.021999,0.00001087,0.00001055,0.00001073,0.00001079,0.00001072,0.00001070,0.00001061,0.00001072
6.024000,0.00001088,0.00001055,0.00001073,0.00001079,0.00001072,0.00001070,0.00001061,0.00001072
6.026000,0.00001088,0.00001055,0.00001073,0.00001079,0.00001072,0.00001070,0.00001061,0.00001072
6.028000,0.00001088,0.00001055,0.00001073,0.00001079,0.00001072,0.00001070,0.00001061,0.00001072
6.030000,0.00001088,0.00001056,0.00001074,0.00001079,0.00001072,0.00001070,0.00001062,0.00001072
6.032000,0.00001088,0.00001056,0.00001074,0.00001079,0.00001072,0.00001070,0.00001062,0.00001072
6.033999,0.00001088,0.00001056,0.00001074,0.00001079,0.00001072,0.00001070,0.00001062,0.00001072
6.035999,0.00001088,0.00001056,0.00001074,0.00001079,0.00001072,0.00001070,0.00001062,0.00001073
6.038000,0.00001088,0.00001056,0.00001074,0.00001079,0.00001072,0.00001070,0.00001062,0.00001073
6.039999,0.00001088,0.00001056,0.00001074,0.00001079,0.00001072,0.00001071,0.00001062,0.00001073
6.042000,0.00001088,0.00001056,0.00001074,0.00001079,0.00001072,0.00001071,0.00001062,0.00001073
6.044000,0.00001088,0.00001056,0.00001074,0.00001080,0.00001072,0.00001071,0.00001062,0.00001073
6.046000,0.00001088,0.00001056,0.00001074,0.00001080,0.00001073,0.00001071,0.00001062,0.00001073
6.048000,0.00001088,0.00001056,0.00001074,0.00001080,0.00001073,0.00001071,0.00001062,0.00001073
6.050000,0.00001088,0.00001056,0.00001074,0.00001080,0.00001073,0.00001071,0.00001062,0.00001073
6.052000,0.00001088,0.00001056,0.00001074,0.00001080,0.00001073,0.00001071,0.00001062,0.00001073
6.053999,0.00001089,0.00001056,0.00001074,0.00001080,0.00001073,0.00001071,0.00001062,0.00001073
6.055999,0.00001089,0.00001056,0.00001074,0.00001080,0.00001073,0.00001071,0.00001062,0.00001073
6.058000,0.00001089,0.00001056,0.00001074,0.00001080,0.00001073,0.00001071,0.00001062,0.00001073
6.059999,0.00001089,0.00001056,0.00001075,0.00001080,0.00001073,0.00001071,0.00001063,0.00001073
6.062000,0.00001089,0.00001057,0.00001075,0.00001080,0.00001073,0.00001071,0.00001063,0.00001073
6.064000,0.00001089,0.00001057,0.00001075,0.00001080,0.00001073,0.00001071,0.00001063,0.00001073
6.066000,0.00001089,0.00001057,0.00001075,0.00001080,0.00001073,0.00001071,0.00001063,0.00001074
6.068000,0.00001089,0.00001057,0.00001075,0.00001080,0.00001073,0.00001071,0.00001063,0.00001074
6.069999,0.00001089,0.00001057,0.00001075,0.00001080,0.00001073,0.00001072,0.00001063,0.00001074
6.072000,0.00001089,0.00001057,0.00001075,0.00001080,0.00001073,0.00001072,0.00001063,0.00001074
6.073999,0.00001089,0.00001057,0.00001075,0.00001081,0.00001073,0.00001072,0.00001063,0.00001074
6.076000,0.00001089,0.00001057,0.00001075,0.00001081,0.00001074,0.00001072,0.00001063,0.00001074
6.078000,0.00001089,0.00001057,0.00001075,0.00001081,0.00001074,0.00001072,0.00001063,0.00001074
6.079999,0.00001089,0.00001057,0.00001075,0.00001081,0.00001074,0.00001072,0.00001063,0.00001074
6.082000,0.00001089,0.00001057,0.00001075,0.00001081,0.00001074,0.00001072,0.00001063,0.00001074
6.084000,0.00001090,0.00001057,0.00001075,0.00001081,0.00001074,0.00001072,0.00001063,0.00001074
6.085999,0.00001090,0.00001057,0.00001075,0.00001081,0.00001074,0.00001072,0.00001063,0.00001074
6.087999,0.00001090,0.00001057,0.00001075,0.00001081,0.00001074,0.00001072,0.00001063,0.00001074
6.089999,0.00001090,0.00001057,0.00001076,0.00001081,0.00001074,0.00001072,0.00001064,0.00001074
6.092000,0.00001090,0.00001058,0.00001076,0.00001081,0.00001074,0.00001072,0.00001064,0.00001074
6.093999,0.00001090,0.00001058,0.00001076,0.00001081,0.00001074,0.00001072,0.00001064,0.00001074
6.096000,0.00001090,0.00001058,0.00001076,0.00001081,0.00001074,0.00001072,0.00001064,0.00001075
6.098000,0.00001090,0.00001058,0.00001076,0.00001081,0.00001074,0.00001072,0.00001064,0.00001075
6.099999,0.00001090,0.00001058,0.00001076,0.00001081,0.00001074,0.00001073,0.00001064,0.00001075
6.102000,0.00001090,0.00001058,0.00001076,0.00001081,0.00001074,0.00001073,0.00001064,0.00001075
6.104000,0.00001090,0.00001058,0.00001076,0.00001082,0.00001074,0.00001073,0.00001064,0.00001075
6.105999,0.00001090,0.00001058,0.00001076,0.00001082,0.00001075,0.00001073,0.00001064,0.00001075
6.107999,0.00001090,0.00001058,0.00001076,0.00001082,0.00001075,0.00001073,0.00001064,0.00001075
6.110000,0.00001090,0.00001058,0.00001076,0.00001082,0.00001075,0.00001073,0.00001064,0.00001075
6.112000,0.00001090,0.00001058,0.00001076,0.00001082,0.00001075,0.00001073,0.00001064,0.00001075
6.113999,0.00001091,0.00001058,0.00001076,0.00001082,0.00001075,0.00001073,0.00001064,0.00001075
6.116000,0.00001091,0.00001058,0.00001076,0.00001082,0.00001075,0.00001073,0.00001064,0.00001075
6.118000,0.00001091,0.00001058,0.00001076,0.00001082,0.00001075,0.00001073,0.00001064,0.00001075
6.120000,0.00001091,0.00001058,0.00001077,0.00001082,0.00001075,0.00001073,0.00001065,0.00001075
6.122000,0.00001091,0.00001058,0.00001077,0.00001082,0.00001075,0.00001073,0.00001065,0.00001075
6.124000,0.00001091,0.00001059,0.00001077,0.00001082,0.00001075,0.00001073,0.00001065,0.00001075
6.125999,0.00001091,0.00001059,0.00001077,0.00001082,0.00001075,0.00001073,0.00001065,0.00001076
6.127999,0.00001091,0.00001059,0.00001077,0.00001082,0.00001075,0.00001073,0.00001065,0.00001076
6.130000,0.00001091,0.00001059,0.00001077,0.00001082,0.00001075,0.00001074,0.00001065,0.00001076
6.131999,0.00001091,0.00001059,0.00001077,0.00001082,0.00001075,0.00001074,0.00001065,0.00001076
6.133999,0.00001091,0.00001059,0.00001077,0.00001083,0.00001075,0.00001074,0.00001065,0.00001076
6.136000,0.00001091,0.00001059,0.00001077,0.00001083,0.00001076,0.00001074,0.00001065,0.00001076
6.138000,0.00001091,0.00001059,0.00001077,0.00001083,0.00001076,0.00001074,0.00001065,0.00001076
6.140000,0.00001091,0.00001059,0.00001077,0.00001083,0.00001076,0.00001074,0.00001065,0.00001076
6.142000,0.00001092,0.00001059,0.00001077,0.00001083,0.00001076,0.00001074,0.00001065,0.00001076
6.144000,0.00001092,0.00001059,0.00001077,0.00001083,0.00001076,0.00001074,0.00001065,0.00001076
6.145999,0.00001092,0.00001059,0.00001077,0.00001083,0.00001076,0.00001074,0.00001065,0.00001076
6.147999,0.00001092,0.00001059,0.00001077,0.00001083,0.00001076,0.00001074,0.00001065,0.00001076
6.150000,0.00001092,0.00001059,0.00001078,0.00001083,0.00001076,0.00001074,0.00001066,0.00001076
6.151999,0.00001092,0.00001059,0.00001078,0.00001083,0.00001076,0.00001074,0.00001066,0.00001076
6.154000,0.00001092,0.00001060,0.00001078,0.00001083,0.00001076,0.00001074,0.00001066,0.00001076
6.156000,0.00001092,0.00001060,0.00001078,0.00001083,0.00001076,0.00001074,0.00001066,0.00001077
6.158000,0.00001092,0.00001060,0.00001078,0.00001083,0.00001076,0.00001074,0.00001066,0.00001077
6.160000,0.00001092,0.00001060,0.00001078,0.00001083,0.00001076,0.00001075,0.00001066,0.00001077
6.162000,0.00001092,0.00001060,0.00001078,0.00001083,0.00001076,0.00001075,0.00001066,0.00001077
6.164000,0.00001092,0.00001060,0.00001078,0.00001084,0.00001076,0.00001075,0.00001066,0.00001077
6.165999,0.00001092,0.00001060,0.00001078,0.00001084,0.00001077,0.00001075,0.00001066,0.00001077
6.167999,0.00001092,0.00001060,0.00001078,0.00001084,0.00001077,0.00001075,0.00001066,0.00001077
6.170000,0.00001092,0.00001060,0.00001078,0.00001084,0.00001077,0.00001075,0.00001066,0.00001077
6.171999,0.00001093,0.00001060,0.00001078,0.00001084,0.00001077,0.00001075,0.00001066,0.00001077
6.174000,0.00001093,0.00001060,0.00001078,0.00001084,0.00001077,0.00001075,0.00001066,0.00001077
6.176000,0.00001093,0.00001060,0.00001078,0.00001084,0.00001077,0.00001075,0.00001066,0.00001077
6.177999,0.00001093,0.00001060,0.00001078,0.00001084,0.00001077,0.00001075,0.00001066,0.00001077
6.180000,0.00001093,0.00001060,0.00001079,0.00001084,0.00001077,0.00001075,0.00001066,0.00001077
6.181999,0.00001093,0.00001060,0.00001079,0.00001084,0.00001077,0.00001075,0.00001067,0.00001077
6.184000,0.00001093,0.00001061,0.00001079,0.00001084,0.00001077,0.00001075,0.00001067,0.00001077
6.185999,0.00001093,0.00001061,0.00001079,0.00001084,0.00001077,0.00001075,0.00001067,0.00001078
6.188000,0.00001093,0.00001061,0.00001079,0.00001084,0.00001077,0.00001075,0.00001067,0.00001078
6.190000,0.00001093,0.00001061,0.00001079,0.00001084,0.00001077,0.00001076,0.00001067,0.00001078
6.191999,0.00001093,0.00001061,0.00001079,0.00001084,0.00001077,0.00001076,0.00001067,0.00001078
6.194000,0.00001093,0.00001061,0.00001079,0.00001085,0.00001077,0.00001076,0.00001067,0.00001078
6.196000,0.00001093,0.00001061,0.00001079,0.00001085,0.00001078,0.00001076,0.00001067,0.00001078
6.198000,0.00001093,0.00001061,0.00001079,0.00001085,0.00001078,0.00001076,0.00001067,0.00001078
6.199999,0.00001093,0.00001061,0.00001079,0.00001085,0.00001078,0.00001076,0.00001067,0.00001078
6.201999,0.00001094,0.00001061,0.00001079,0.00001085,0.00001078,0.00001076,0.00001067,0.00001078
6.204000,0.00001094,0.00001061,0.00001079,0.00001085,0.00001078,0.00001076,0.00001067,0.00001078
6.205999,0.00001094,0.00001061,0.00001079,0.00001085,0.00001078,0.00001076,0.00001067,0.00001078
6.208000,0.00001094,0.00001061,0.00001080,0.00001085,0.00001078,0.00001076,0.00001067,0.00001078
6.210000,0.00001094,0.00001061,0.00001080,0.00001085,0.00001078,0.00001076,0.00001067,0.00001078
6.211999,0.00001094,0.00001061,0.00001080,0.00001085,0.00001078,0.00001076,0.00001068,0.00001078
6.214000,0.00001094,0.00001061,0.00001080,0.00001085,0.00001078,0.00001076,0.00001068,0.00001078
6.216000,0.00001094,0.00001062,0.00001080,0.00001085,0.00001078,0.00001076,0.00001068,0.00001079
6.217999,0.00001094,0.00001062,0.00001080,0.00001085,0.00001078,0.00001076,0.00001068,0.00001079
6.219999,0.00001094,0.00001062,0.00001080,0.00001085,0.00001078,0.00001077,0.00001068,0.00001079
6.222000,0.00001094,0.00001062,0.00001080,0.00001085,0.00001078,0.00001077,0.00001068,0.00001079
6.224000,0.00001094,0.00001062,0.00001080,0.00001086,0.00001078,0.00001077,0.00001068,0.00001079
6.225999,0.00001094,0.00001062,0.00001080,0.00001086,0.00001079,0.00001077,0.00001068,0.00001079
6.228000,0.00001094,0.00001062,0.00001080,0.00001086,0.00001079,0.00001077,0.00001068,0.00001079
6.230000,0.00001095,0.00001062,0.00001080,0.00001086,0.00001079,0.00001077,0.00001068,0.00001079
6.232000,0.00001095,0.00001062,0.00001080,0.00001086,0.00001079,0.00001077,0.00001068,0.00001079
6.234000,0.00001095,0.00001062,0.00001080,0.00001086,0.00001079,0.00001077,0.00001068,0.00001079
6.236000,0.00001095,0.00001062,0.00001080,0.00001086,0.00001079,0.00001077,0.00001068,0.00001079
6.237999,0.00001095,0.00001062,0.00001081,0.00001086,0.00001079,0.00001077,0.00001068,0.00001079
6.239999,0.00001095,0.00001062,0.00001081,0.00001086,0.00001079,0.00001077,0.00001068,0.00001079
6.242000,0.00001095,0.00001062,0.00001081,0.00001086,0.00001079,0.00001077,0.00001069,0.00001079
6.243999,0.00001095,0.00001062,0.00001081,0.00001086,0.00001079,0.00001077,0.00001069,0.00001079
6.245999,0.00001095,0.00001063,0.00001081,0.00001086,0.00001079,0.00001077,0.00001069,0.00001080
6.248000,0.00001095,0.00001063,0.00001081,0.00001086,0.00001079,0.00001077,0.00001069,0.00001080
6.250000,0.00001095,0.00001063,0.00001081,0.00001086,0.00001079,0.00001078,0.00001069,0.00001080
6.252000,0.00001095,0.00001063,0.00001081,0.00001087,0.00001079,0.00001078,0.00001069,0.00001080
6.254000,0.00001095,0.00001063,0.00001081,0.00001087,0.00001079,0.00001078,0.00001069,0.00001080
6.256000,0.00001095,0.00001063,0.00001081,0.00001087,0.00001080,0.00001078,0.00001069,0.00001080
6.257999,0.00001095,0.00001063,0.00001081,0.00001087,0.00001080,0.00001078,0.00001069,0.00001080
6.259999,0.00001096,0.00001063,0.00001081,0.00001087,0.00001080,0.00001078,0.00001069,0.00001080
6.262000,0.00001096,0.00001063,0.00001081,0.00001087,0.00001080,0.00001078,0.00001069,0.00001080
6.263999,0.00001096,0.00001063,0.00001081,0.00001087,0.00001080,0.00001078,0.00001069,0.00001080
6.266000,0.00001096,0.00001063,0.00001081,0.00001087,0.00001080,0.00001078,0.00001069,0.00001080
6.268000,0.00001096,0.00001063,0.00001082,0.00001087,0.00001080,0.00001078,0.00001069,0.00001080
6.270000,0.00001096,0.00001063,0.00001082,0.00001087,0.00001080,0.00001078,0.00001069,0.00001080
6.272000,0.00001096,0.00001063,0.00001082,0.00001087,0.00001080,0.00001078,0.00001070,0.00001080
6.274000,0.00001096,0.00001063,0.00001082,0.00001087,0.00001080,0.00001078,0.00001070,0.00001081
6.276000,0.00001096,0.00001064,0.00001082,0.00001087,0.00001080,0.00001078,0.00001070,0.00001081
6.277999,0.00001096,0.00001064,0.00001082,0.00001087,0.00001080,0.00001078,0.00001070,0.00001081
6.279999,0.00001096,0.00001064,0.00001082,0.00001087,0.00001080,0.00001079,0.00001070,0.00001081
6.282000,0.00001096,0.00001064,0.00001082,0.00001088,0.00001080,0.00001079,0.00001070,0.00001081
6.283999,0.00001096,0.00001064,0.00001082,0.00001088,0.00001080,0.00001079,0.00001070,0.00001081
6.286000,0.00001096,0.00001064,0.00001082,0.00001088,0.00001081,0.00001079,0.00001070,0.00001081
6.288000,0.00001097,0.00001064,0.00001082,0.00001088,0.00001081,0.00001079,0.00001070,0.00001081
6.289999,0.00001097,0.00001064,0.00001082,0.00001088,0.00001081,0.00001079,0.00001070,0.00001081
6.292000,0.00001097,0.00001064,0.00001082,0.00001088,0.00001081,0.00001079,0.00001070,0.00001081
6.293999,0.00001097,0.00001064,0.00001082,0.00001088,0.00001081,0.00001079,0.00001070,0.00001081
6.296000,0.00001097,0.00001064,0.00001082,0.00001088,0.00001081,0.00001079,0.00001070,0.00001081
6.297999,0.00001097,0.00001064,0.00001083,0.00001088,0.00001081,0.00001079,0.00001070,0.00001081
6.300000,0.00001097,0.00001064,0.00001083,0.00001088,0.00001081,0.00001079,0.00001070,0.00001081
6.302000,0.00001097,0.00001064,0.00001083,0.00001088,0.00001081,0.00001079,0.00001071,0.00001081
6.303999,0.00001097,0.00001064,0.00001083,0.00001088,0.00001081,0.00001079,0.00001071,0.00001082
6.306000,0.00001097,0.00001064,0.00001083,0.00001088,0.00001081,0.00001079,0.00001071,0.00001082
6.308000,0.00001097,0.00001065,0.00001083,0.00001088,0.00001081,0.00001079,0.00001071,0.00001082
6.310000,0.00001097,0.00001065,0.00001083,0.00001088,0.00001081,0.00001080,0.00001071,0.00001082
6.311999,0.00001097,0.00001065,0.00001083,0.00001089,0.00001081,0.00001080,0.00001071,0.00001082
6.313999,0.00001097,0.00001065,0.00001083,0.00001089,0.00001081,0.00001080,0.00001071,0.00001082
6.316000,0.00001097,0.00001065,0.00001083,0.00001089,0.00001082,0.00001080,0.00001071,0.00001082
6.317999,0.00001098,0.00001065,0.00001083,0.00001089,0.00001082,0.00001080,0.00001071,0.00001082
6.320000,0.00001098,0.00001065,0.00001083,0.00001089,0.00001082,0.00001080,0.00001071,0.00001082
6.322000,0.00001098,0.00001065,0.00001083,0.00001089,0.00001082,0.00001080,0.00001071,0.00001082
6.323999,0.00001098,0.00001065,0.00001083,0.00001089,0.00001082,0.00001080,0.00001071,0.00001082
6.326000,0.00001098,0.00001065,0.00001083,0.00001089,0.00001082,0.00001080,0.00001071,0.00001082
6.328000,0.00001098,0.00001065,0.00001084,0.00001089,0.00001082,0.00001080,0.00001071,0.00001082
6.329999,0.00001098,0.00001065,0.00001084,0.00001089,0.00001082,0.00001080,0.00001071,0.00001082
6.331999,0.00001098,0.00001065,0.00001084,0.00001089,0.00001082,0.00001080,0.00001071,0.00001082
6.334000,0.00001098,0.00001065,0.00001084,0.00001089,0.00001082,0.00001080,0.00001072,0.00001083
6.335999,0.00001098,0.00001065,0.00001084,0.00001089,0.00001082,0.00001080,0.00001072,0.00001083
6.337999,0.00001098,0.00001066,0.00001084,0.00001089,0.00001082,0.00001080,0.00001072,0.00001083
6.340000,0.00001098,0.00001066,0.00001084,0.00001089,0.00001082,0.00001081,0.00001072,0.00001083
6.342000,0.00001098,0.00001066,0.00001084,0.00001090,0.00001082,0.00001081,0.00001072,0.00001083
6.344000,0.00001098,0.00001066,0.00001084,0.00001090,0.00001082,0.00001081,0.00001072,0.00001083
6.346000,0.00001099,0.00001066,0.00001084,0.00001090,0.00001083,0.00001081,0.00001072,0.00001083
6.348000,0.00001099,0.00001066,0.00001084,0.00001090,0.00001083,0.00001081,0.00001072,0.00001083
6.349999,0.00001099,0.00001066,0.00001084,0.00001090,0.00001083,0.00001081,0.00001072,0.00001083
6.351999,0.00001099,0.00001066,0.00001084,0.00001090,0.00001083,0.00001081,0.00001072,0.00001083
6.354000,0.00001099,0.00001066,0.00001084,0.00001090,0.00001083,0.00001081,0.00001072,0.00001083
6.355999,0.00001099,0.00001066,0.00001084,0.00001090,0.00001083,0.00001081,0.00001072,0.00001083
6.357999,0.00001099,0.00001066,0.00001085,0.00001090,0.00001083,0.00001081,0.00001072,0.00001083
6.360000,0.00001099,0.00001066,0.00001085,0.00001090,0.00001083,0.00001081,0.00001072,0.00001083
6.362000,0.00001099,0.00001066,0.00001085,0.00001090,0.00001083,0.00001081,0.00001072,0.00001083
6.364000,0.00001099,0.00001066,0.00001085,0.00001090,0.00001083,0.00001081,0.00001073,0.00001084
6.366000,0.00001099,0.00001066,0.00001085,0.00001090,0.00001083,0.00001081,0.00001073,0.00001084
6.368000,0.00001099,0.00001067,0.00001085,0.00001090,0.00001083,0.00001081,0.00001073,0.00001084
6.369999,0.00001099,0.00001067,0.00001085,0.00001091,0.00001083,0.00001082,0.00001073,0.00001084
6.371999,0.00001099,0.00001067,0.00001085,0.00001091,0.00001083,0.00001082,0.00001073,0.00001084
6.374000,0.00001099,0.00001067,0.00001085,0.00001091,0.00001084,0.00001082,0.00001073,0.00001084
6.375999,0.00001100,0.00001067,0.00001085,0.00001091,0.00001084,0.00001082,0.00001073,0.00001084
6.378000,0.00001100,0.00001067,0.00001085,0.00001091,0.00001084,0.00001082,0.00001073,0.00001084
6.380000,0.00001100,0.00001067,0.00001085,0.00001091,0.00001084,0.00001082,0.00001073,0.00001084
6.381999,0.00001100,0.00001067,0.00001085,0.00001091,0.00001084,0.00001082,0.00001073,0.00001084
6.384000,0.00001100,0.00001067,0.00001085,0.00001091,0.00001084,0.00001082,0.00001073,0.00001084
6.386000,0.00001100,0.00001067,0.00001086,0.00001091,0.00001084,0.00001082,0.00001073,0.00001084
6.388000,0.00001100,0.00001067,0.00001086,0.00001091,0.00001084,0.00001082,0.00001073,0.00001084
6.389999,0.00001100,0.00001067,0.00001086,0.00001091,0.00001084,0.00001082,0.00001073,0.00001084
6.391999,0.00001100,0.00001067,0.00001086,0.00001091,0.00001084,0.00001082,0.00001073,0.00001084
6.394000,0.00001100,0.00001067,0.00001086,0.00001091,0.00001084,0.00001082,0.00001074,0.00001085
6.395999,0.00001100,0.00001067,0.00001086,0.00001091,0.00001084,0.00001082,0.00001074,0.00001085
6.398000,0.00001100,0.00001068,0.00001086,0.00001091,0.00001084,0.00001082,0.00001074,0.00001085
6.400000,0.00001100,0.00001068,0.00001086,0.00001092,0.00001084,0.00001083,0.00001074,0.00001085
6.401999,0.00001100,0.00001068,0.00001086,0.00001092,0.00001084,0.00001083,0.00001074,0.00001085
6.404000,0.00001101,0.00001068,0.00001086,0.00001092,0.00001085,0.00001083,0.00001074,0.00001085
6.405999,0.00001101,0.00001068,0.00001086,0.00001092,0.00001085,0.00001083,0.00001074,0.00001085
6.408000,0.00001101,0.00001068,0.00001086,0.00001092,0.00001085,0.00001083,0.00001074,0.00001085
6.409999,0.00001101,0.00001068,0.00001086,0.00001092,0.00001085,0.00001083,0.00001074,0.00001085
6.412000,0.00001101,0.00001068,0.00001086,0.00001092,0.00001085,0.00001083,0.00001074,0.00001085
6.414000,0.00001101,0.00001068,0.00001086,0.00001092,0.00001085,0.00001083,0.00001074,0.00001085
6.415999,0.00001101,0.00001068,0.00001087,0.00001092,0.00001085,0.00001083,0.00001074,0.00001085
6.418000,0.00001101,0.00001068,0.00001087,0.00001092,0.00001085,0.00001083,0.00001074,0.00001085
6.420000,0.00001101,0.00001068,0.00001087,0.00001092,0.00001085,0.00001083,0.00001074,0.00001085
6.422000,0.00001101,0.00001068,0.00001087,0.00001092,0.00001085,0.00001083,0.00001074,0.00001085
6.423999,0.00001101,0.00001068,0.00001087,0.00001092,0.00001085,0.00001083,0.00001075,0.00001086
6.425999,0.00001101,0.00001068,0.00001087,0.00001092,0.00001085,0.00001083,0.00001075,0.00001086
6.427999,0.00001101,0.00001069,0.00001087,0.00001092,0.00001085,0.00001084,0.00001075,0.00001086
6.429999,0.00001101,0.00001069,0.00001087,0.00001093,0.00001085,0.00001084,0.00001075,0.00001086
6.432000,0.00001101,0.00001069,0.00001087,0.00001093,0.00001085,0.00001084,0.00001075,0.00001086
6.434000,0.00001102,0.00001069,0.00001087,0.00001093,0.00001086,0.00001084,0.00001075,0.00001086
6.435999,0.00001102,0.00001069,0.00001087,0.00001093,0.00001086,0.00001084,0.00001075,0.00001086
6.438000,0.00001102,0.00001069,0.00001087,0.00001093,0.00001086,0.00001084,0.00001075,0.00001086
6.440000,0.00001102,0.00001069,0.00001087,0.00001093,0.00001086,0.00001084,0.00001075,0.00001086
6.441999,0.00001102,0.00001069,0.00001087,0.00001093,0.00001086,0.00001084,0.00001075,0.00001086
6.443999,0.00001102,0.00001069,0.00001087,0.00001093,0.00001086,0.00001084,0.00001075,0.00001086
6.446000,0.00001102,0.00001069,0.00001088,0.00001093,0.00001086,0.00001084,0.00001075,0.00001086
6.447999,0.00001102,0.00001069,0.00001088,0.00001093,0.00001086,0.00001084,0.00001075,0.00001086
6.449999,0.00001102,0.00001069,0.00001088,0.00001093,0.00001086,0.00001084,0.00001075,0.00001086
6.452000,0.00001102,0.00001069,0.00001088,0.00001093,0.00001086,0.00001084,0.00001075,0.00001086
6.454000,0.00001102,0.00001069,0.00001088,0.00001093,0.00001086,0.00001084,0.00001076,0.00001087
6.456000,0.00001102,0.00001069,0.00001088,0.00001093,0.00001086,0.00001084,0.00001076,0.00001087
6.458000,0.00001102,0.00001069,0.00001088,0.00001094,0.00001086,0.00001085,0.00001076,0.00001087
6.460000,0.00001102,0.00001070,0.00001088,0.00001094,0.00001086,0.00001085,0.00001076,0.00001087
6.461999,0.00001103,0.00001070,0.00001088,0.00001094,0.00001086,0.00001085,0.00001076,0.00001087
6.463999,0.00001103,0.00001070,0.00001088,0.00001094,0.00001087,0.00001085,0.00001076,0.00001087
6.466000,0.00001103,0.00001070,0.00001088,0.00001094,0.00001087,0.00001085,0.00001076,0.00001087
6.467999,0.00001103,0.00001070,0.00001088,0.00001094,0.00001087,0.00001085,0.00001076,0.00001087
6.469999,0.00001103,0.00001070,0.00001088,0.00001094,0.00001087,0.00001085,0.00001076,0.00001087
6.472000,0.00001103,0.00001070,0.00001088,0.00001094,0.00001087,0.00001085,0.00001076,0.00001087
6.474000,0.00001103,0.00001070,0.00001088,0.00001094,0.00001087,0.00001085,0.00001076,0.00001087
6.476000,0.00001103,0.00001070,0.00001089,0.00001094,0.00001087,0.00001085,0.00001076,0.00001087
6.478000,0.00001103,0.00001070,0.00001089,0.00001094,0.00001087,0.00001085,0.00001076,0.00001087
6.480000,0.00001103,0.00001070,0.00001089,0.00001094,0.00001087,0.00001085,0.00001076,0.00001087
6.481999,0.00001103,0.00001070,0.00001089,0.00001094,0.00001087,0.00001085,0.00001076,0.00001088
6.483999,0.00001103,0.00001070,0.00001089,0.00001094,0.00001087,0.00001085,0.00001077,0.00001088
6.486000,0.00001103,0.00001070,0.00001089,0.00001094,0.00001087,0.00001085,0.00001077,0.00001088
6.487999,0.00001103,0.00001070,0.00001089,0.00001095,0.00001087,0.00001086,0.00001077,0.00001088
6.490000,0.00001104,0.00001071,0.00001089,0.00001095,0.00001087,0.00001086,0.00001077,0.00001088
6.492000,0.00001104,0.00001071,0.00001089,0.00001095,0.00001087,0.00001086,0.00001077,0.00001088
6.493999,0.00001104,0.00001071,0.00001089,0.00001095,0.00001088,0.00001086,0.00001077,0.00001088
6.496000,0.00001104,0.00001071,0.00001089,0.00001095,0.00001088,0.00001086,0.00001077,0.00001088
6.498000,0.00001104,0.00001071,0.00001089,0.00001095,0.00001088,0.00001086,0.00001077,0.00001088
6.500000,0.00001104,0.00001071,0.00001089,0.00001095,0.00001088,0.00001086,0.00001077,0.00001088
6.501999,0.00001104,0.00001071,0.00001089,0.00001095,0.00001088,0.00001086,0.00001077,0.00001088
6.503999,0.00001104,0.00001071,0.00001090,0.00001095,0.00001088,0.00001086,0.00001077,0.00001088
6.506000,0.00001104,0.00001071,0.00001090,0.00001095,0.00001088,0.00001086,0.00001077,0.00001088
6.507999,0.00001104,0.00001071,0.00001090,0.00001095,0.00001088,0.00001086,0.00001077,0.00001088
6.510000,0.00001104,0.00001071,0.00001090,0.00001095,0.00001088,0.00001086,0.00001077,0.00001088
6.512000,0.00001104,0.00001071,0.00001090,0.00001095,0.00001088,0.00001086,0.00001077,0.00001089
6.513999,0.00001104,0.00001071,0.00001090,0.00001095,0.00001088,0.00001086,0.00001078,0.00001089
6.516000,0.00001104,0.00001071,0.00001090,0.00001095,0.00001088,0.00001086,0.00001078,0.00001089
6.518000,0.00001104,0.00001071,0.00001090,0.00001096,0.00001088,0.00001087,0.00001078,0.00001089
6.520000,0.00001105,0.00001072,0.00001090,0.00001096,0.00001088,0.00001087,0.00001078,0.00001089
6.521999,0.00001105,0.00001072,0.00001090,0.00001096,0.00001088,0.00001087,0.00001078,0.00001089
6.524000,0.00001105,0.00001072,0.00001090,0.00001096,0.00001089,0.00001087,0.00001078,0.00001089
6.526000,0.00001105,0.00001072,0.00001090,0.00001096,0.00001089,0.00001087,0.00001078,0.00001089
6.527999,0.00001105,0.00001072,0.00001090,0.00001096,0.00001089,0.00001087,0.00001078,0.00001089
6.530000,0.00001105,0.00001072,0.00001090,0.00001096,0.00001089,0.00001087,0.00001078,0.00001089
6.532000,0.00001105,0.00001072,0.00001090,0.00001096,0.00001089,0.00001087,0.00001078,0.00001089
6.534000,0.00001105,0.00001072,0.00001091,0.00001096,0.00001089,0.00001087,0.00001078,0.00001089
6.535999,0.00001105,0.00001072,0.00001091,0.00001096,0.00001089,0.00001087,0.00001078,0.00001089
6.537999,0.00001105,0.00001072,0.00001091,0.00001096,0.00001089,0.00001087,0.00001078,0.00001089
6.539999,0.00001105,0.00001072,0.00001091,0.00001096,0.00001089,0.00001087,0.00001078,0.00001089
6.541999,0.00001105,0.00001072,0.00001091,0.00001096,0.00001089,0.00001087,0.00001078,0.00001090
6.544000,0.00001105,0.00001072,0.00001091,0.00001096,0.00001089,0.00001087,0.00001079,0.00001090
6.546000,0.00001105,0.00001072,0.00001091,0.00001097,0.00001089,0.00001087,0.00001079,0.00001090
6.547999,0.00001106,0.00001072,0.00001091,0.00001097,0.00001089,0.00001088,0.00001079,0.00001090
6.550000,0.00001106,0.00001073,0.00001091,0.00001097,0.00001089,0.00001088,0.00001079,0.00001090
6.552000,0.00001106,0.00001073,0.00001091,0.00001097,0.00001090,0.00001088,0.00001079,0.00001090
6.553999,0.00001106,0.00001073,0.00001091,0.00001097,0.00001090,0.00001088,0.00001079,0.00001090
6.555999,0.00001106,0.00001073,0.00001091,0.00001097,0.00001090,0.00001088,0.00001079,0.00001090
6.558000,0.00001106,0.00001073,0.00001091,0.00001097,0.00001090,0.00001088,0.00001079,0.00001090
6.559999,0.00001106,0.00001073,0.00001091,0.00001097,0.00001090,0.00001088,0.00001079,0.00001090
6.561999,0.00001106,0.00001073,0.00001091,0.00001097,0.00001090,0.00001088,0.00001079,0.00001090
6.564000,0.00001106,0.00001073,0.00001092,0.00001097,0.00001090,0.00001088,0.00001079,0.00001090
6.566000,0.00001106,0.00001073,0.00001092,0.00001097,0.00001090,0.00001088,0.00001079,0.00001090
6.568000,0.00001106,0.00001073,0.00001092,0.00001097,0.00001090,0.00001088,0.00001079,0.00001090
6.570000,0.00001106,0.00001073,0.00001092,0.00001097,0.00001090,0.00001088,0.00001079,0.00001090
6.572000,0.00001106,0.00001073,0.00001092,0.00001097,0.00001090,0.00001088,0.00001080,0.00001091
6.573999,0.00001106,0.00001073,0.00001092,0.00001097,0.00001090,0.00001088,0.00001080,0.00001091
6.575999,0.00001106,0.00001073,0.00001092,0.00001098,0.00001090,0.00001089,0.00001080,0.00001091
6.578000,0.00001107,0.00001073,0.00001092,0.00001098,0.00001090,0.00001089,0.00001080,0.00001091
6.579999,0.00001107,0.00001074,0.00001092,0.00001098,0.00001090,0.00001089,0.00001080,0.00001091
6.581999,0.00001107,0.00001074,0.00001092,0.00001098,0.00001091,0.00001089,0.00001080,0.00001091
6.584000,0.00001107,0.00001074,0.00001092,0.00001098,0.00001091,0.00001089,0.00001080,0.00001091
6.585999,0.00001107,0.00001074,0.00001092,0.00001098,0.00001091,0.00001089,0.00001080,0.00001091
6.588000,0.00001107,0.00001074,0.00001092,0.00001098,0.00001091,0.00001089,0.00001080,0.00001091
6.590000,0.00001107,0.00001074,0.00001092,0.00001098,0.00001091,0.00001089,0.00001080,0.00001091
6.592000,0.00001107,0.00001074,0.00001093,0.00001098,0.00001091,0.00001089,0.00001080,0.00001091
6.593999,0.00001107,0.00001074,0.00001093,0.00001098,0.00001091,0.00001089,0.00001080,0.00001091
6.595999,0.00001107,0.00001074,0.00001093,0.00001098,0.00001091,0.00001089,0.00001080,0.00001091
6.598000,0.00001107,0.00001074,0.00001093,0.00001098,0.00001091,0.00001089,0.00001080,0.00001091
6.599999,0.00001107,0.00001074,0.00001093,0.00001098,0.00001091,0.00001089,0.00001080,0.00001092
6.602000,0.00001107,0.00001074,0.00001093,0.00001098,0.00001091,0.00001089,0.00001081,0.00001092
6.604000,0.00001107,0.00001074,0.00001093,0.00001099,0.00001091,0.00001089,0.00001081,0.00001092
6.605999,0.00001108,0.00001074,0.00001093,0.00001099,0.00001091,0.00001090,0.00001081,0.00001092
6.608000,0.00001108,0.00001074,0.00001093,0.00001099,0.00001091,0.00001090,0.00001081,0.00001092
6.610000,0.00001108,0.00001075,0.00001093,0.00001099,0.00001091,0.00001090,0.00001081,0.00001092
6.612000,0.00001108,0.00001075,0.00001093,0.00001099,0.00001092,0.00001090,0.00001081,0.00001092
6.613999,0.00001108,0.00001075,0.00001093,0.00001099,0.00001092,0.00001090,0.00001081,0.00001092
6.615999,0.00001108,0.00001075,0.00001093,0.00001099,0.00001092,0.00001090,0.00001081,0.00001092
6.618000,0.00001108,0.00001075,0.00001093,0.00001099,0.00001092,0.00001090,0.00001081,0.00001092
6.619999,0.00001108,0.00001075,0.00001093,0.00001099,0.00001092,0.00001090,0.00001081,0.00001092
6.622000,0.00001108,0.00001075,0.00001094,0.00001099,0.00001092,0.00001090,0.00001081,0.00001092
6.624000,0.00001108,0.00001075,0.00001094,0.00001099,0.00001092,0.00001090,0.00001081,0.00001092
6.625999,0.00001108,0.00001075,0.00001094,0.00001099,0.00001092,0.00001090,0.00001081,0.00001092
6.628000,0.00001108,0.00001075,0.00001094,0.00001099,0.00001092,0.00001090,0.00001081,0.00001092
6.630000,0.00001108,0.00001075,0.00001094,0.00001099,0.00001092,0.00001090,0.00001081,0.00001093
6.631999,0.00001108,0.00001075,0.00001094,0.00001099,0.00001092,0.00001090,0.00001082,0.00001093
6.633999,0.00001109,0.00001075,0.00001094,0.00001100,0.00001092,0.00001090,0.00001082,0.00001093
6.636000,0.00001109,0.00001075,0.00001094,0.00001100,0.00001092,0.00001091,0.00001082,0.00001093
6.638000,0.00001109,0.00001075,0.00001094,0.00001100,0.00001092,0.00001091,0.00001082,0.00001093
6.639999,0.00001109,0.00001076,0.00001094,0.00001100,0.00001093,0.00001091,0.00001082,0.00001093
6.642000,0.00001109,0.00001076,0.00001094,0.00001100,0.00001093,0.00001091,0.00001082,0.00001093
6.644000,0.00001109,0.00001076,0.00001094,0.00001100,0.00001093,0.00001091,0.00001082,0.00001093
6.646000,0.00001109,0.00001076,0.00001094,0.00001100,0.00001093,0.00001091,0.00001082,0.00001093
6.648000,0.00001109,0.00001076,0.00001094,0.00001100,0.00001093,0.00001091,0.00001082,0.00001093
6.649999,0.00001109,0.00001076,0.00001095,0.00001100,0.00001093,0.00001091,0.00001082,0.00001093
6.651999,0.00001109,0.00001076,0.00001095,0.00001100,0.00001093,0.00001091,0.00001082,0.00001093
6.653999,0.00001109,0.00001076,0.00001095,0.00001100,0.00001093,0.00001091,0.00001082,0.00001093
6.656000,0.00001109,0.00001076,0.00001095,0.00001100,0.00001093,0.00001091,0.00001082,0.00001093
6.658000,0.00001109,0.00001076,0.00001095,0.00001100,0.00001093,0.00001091,0.00001082,0.00001093
6.659999,0.00001109,0.00001076,0.00001095,0.00001100,0.00001093,0.00001091,0.00001082,0.00001094
6.662000,0.00001109,0.00001076,0.00001095,0.00001101,0.00001093,0.00001091,0.00001083,0.00001094
6.664000,0.00001110,0.00001076,0.00001095,0.00001101,0.00001093,0.00001091,0.00001083,0.00001094
6.665999,0.00001110,0.00001076,0.00001095,0.00001101,0.00001093,0.00001092,0.00001083,0.00001094
6.667999,0.00001110,0.00001076,0.00001095,0.00001101,0.00001093,0.00001092,0.00001083,0.00001094
6.669999,0.00001110,0.00001077,0.00001095,0.00001101,0.00001094,0.00001092,0.00001083,0.00001094
6.671999,0.00001110,0.00001077,0.00001095,0.00001101,0.00001094,0.00001092,0.00001083,0.00001094
6.673999,0.00001110,0.00001077,0.00001095,0.00001101,0.00001094,0.00001092,0.00001083,0.00001094
6.676000,0.00001110,0.00001077,0.00001095,0.00001101,0.00001094,0.00001092,0.00001083,0.00001094
6.677999,0.00001110,0.00001077,0.00001095,0.00001101,0.00001094,0.00001092,0.00001083,0.00001094
6.680000,0.00001110,0.00001077,0.00001096,0.00001101,0.00001094,0.00001092,0.00001083,0.00001094
6.682000,0.00001110,0.00001077,0.00001096,0.00001101,0.00001094,0.00001092,0.00001083,0.00001094
6.684000,0.00001110,0.00001077,0.00001096,0.00001101,0.00001094,0.00001092,0.00001083,0.00001094
6.685999,0.00001110,0.00001077,0.00001096,0.00001101,0.00001094,0.00001092,0.00001083,0.00001094
6.687999,0.00001110,0.00001077,0.00001096,0.00001101,0.00001094,0.00001092,0.00001083,0.00001095
6.690000,0.00001110,0.00001077,0.00001096,0.00001101,0.00001094,0.00001092,0.00001083,0.00001095
6.691999,0.00001111,0.00001077,0.00001096,0.00001102,0.00001094,0.00001092,0.00001084,0.00001095
6.693999,0.00001111,0.00001077,0.00001096,0.00001102,0.00001094,0.00001093,0.00001084,0.00001095
6.696000,0.00001111,0.00001077,0.00001096,0.00001102,0.00001094,0.00001093,0.00001084,0.00001095
6.697999,0.00001111,0.00001077,0.00001096,0.00001102,0.00001094,0.00001093,0.00001084,0.00001095
6.700000,0.00001111,0.00001078,0.00001096,0.00001102,0.00001095,0.00001093,0.00001084,0.00001095
6.702000,0.00001111,0.00001078,0.00001096,0.00001102,0.00001095,0.00001093,0.00001084,0.00001095
6.704000,0.00001111,0.00001078,0.00001096,0.00001102,0.00001095,0.00001093,0.00001084,0.00001095
6.705999,0.00001111,0.00001078,0.00001096,0.00001102,0.00001095,0.00001093,0.00001084,0.00001095
6.707999,0.00001111,0.00001078,0.00001096,0.00001102,0.00001095,0.00001093,0.00001084,0.00001095
6.710000,0.00001111,0.00001078,0.00001097,0.00001102,0.00001095,0.00001093,0.00001084,0.00001095
6.711999,0.00001111,0.00001078,0.00001097,0.00001102,0.00001095,0.00001093,0.00001084,0.00001095
6.714000,0.00001111,0.00001078,0.00001097,0.00001102,0.00001095,0.00001093,0.00001084,0.00001095
6.716000,0.00001111,0.00001078,0.00001097,0.00001102,0.00001095,0.00001093,0.00001084,0.00001095
6.717999,0.00001111,0.00001078,0.00001097,0.00001102,0.00001095,0.00001093,0.00001084,0.00001096
6.720000,0.00001112,0.00001078,0.00001097,0.00001103,0.00001095,0.00001093,0.00001084,0.00001096
6.722000,0.00001112,0.00001078,0.00001097,0.00001103,0.00001095,0.00001093,0.00001085,0.00001096
6.724000,0.00001112,0.00001078,0.00001097,0.00001103,0.00001095,0.00001094,0.00001085,0.00001096
6.725999,0.00001112,0.00001078,0.00001097,0.00001103,0.00001095,0.00001094,0.00001085,0.00001096
6.727999,0.00001112,0.00001078,0.00001097,0.00001103,0.00001096,0.00001094,0.00001085,0.00001096
6.730000,0.00001112,0.00001079,0.00001097,0.00001103,0.00001096,0.00001094,0.00001085,0.00001096
6.731999,0.00001112,0.00001079,0.00001097,0.00001103,0.00001096,0.00001094,0.00001085,0.00001096
6.734000,0.00001112,0.00001079,0.00001097,0.00001103,0.00001096,0.00001094,0.00001085,0.00001096
6.736000,0.00001112,0.00001079,0.00001097,0.00001103,0.00001096,0.00001094,0.00001085,0.00001096
6.737999,0.00001112,0.00001079,0.00001098,0.00001103,0.00001096,0.00001094,0.00001085,0.00001096
6.740000,0.00001112,0.00001079,0.00001098,0.00001103,0.00001096,0.00001094,0.00001085,0.00001096
6.742000,0.00001112,0.00001079,0.00001098,0.00001103,0.00001096,0.00001094,0.00001085,0.00001096
6.743999,0.00001112,0.00001079,0.00001098,0.00001103,0.00001096,0.00001094,0.00001085,0.00001096
6.745999,0.00001112,0.00001079,0.00001098,0.00001103,0.00001096,0.00001094,0.00001085,0.00001097
6.748000,0.00001112,0.00001079,0.00001098,0.00001103,0.00001096,0.00001094,0.00001085,0.00001097
6.750000,0.00001113,0.00001079,0.00001098,0.00001104,0.00001096,0.00001094,0.00001086,0.00001097
6.751999,0.00001113,0.00001079,0.00001098,0.00001104,0.00001096,0.00001094,0.00001086,0.00001097
6.754000,0.00001113,0.00001079,0.00001098,0.00001104,0.00001096,0.00001095,0.00001086,0.00001097
6.756000,0.00001113,0.00001079,0.00001098,0.00001104,0.00001096,0.00001095,0.00001086,0.00001097
6.758000,0.00001113,0.00001079,0.00001098,0.00001104,0.00001097,0.00001095,0.00001086,0.00001097
6.760000,0.00001113,0.00001080,0.00001098,0.00001104,0.00001097,0.00001095,0.00001086,0.00001097
6.761999,0.00001113,0.00001080,0.00001098,0.00001104,0.00001097,0.00001095,0.00001086,0.00001097
6.763999,0.00001113,0.00001080,0.00001098,0.00001104,0.00001097,0.00001095,0.00001086,0.00001097
6.765999,0.00001113,0.00001080,0.00001099,0.00001104,0.00001097,0.00001095,0.00001086,0.00001097
6.768000,0.00001113,0.00001080,0.00001099,0.00001104,0.00001097,0.00001095,0.00001086,0.00001097
6.770000,0.00001113,0.00001080,0.00001099,0.00001104,0.00001097,0.00001095,0.00001086,0.00001097
6.771999,0.00001113,0.00001080,0.00001099,0.00001104,0.00001097,0.00001095,0.00001086,0.00001097
6.774000,0.00001113,0.00001080,0.00001099,0.00001104,0.00001097,0.00001095,0.00001086,0.00001097
6.776000,0.00001113,0.00001080,0.00001099,0.00001104,0.00001097,0.00001095,0.00001086,0.00001098
6.778000,0.00001114,0.00001080,0.00001099,0.00001105,0.00001097,0.00001095,0.00001086,0.00001098
6.779999,0.00001114,0.00001080,0.00001099,0.00001105,0.00001097,0.00001095,0.00001087,0.00001098
6.781999,0.00001114,0.00001080,0.00001099,0.00001105,0.00001097,0.00001096,0.00001087,0.00001098
6.783999,0.00001114,0.00001080,0.00001099,0.00001105,0.00001097,0.00001096,0.00001087,0.00001098
6.785999,0.00001114,0.00001080,0.00001099,0.00001105,0.00001098,0.00001096,0.00001087,0.00001098
6.788000,0.00001114,0.00001080,0.00001099,0.00001105,0.00001098,0.00001096,0.00001087,0.00001098
6.789999,0.00001114,0.00001081,0.00001099,0.00001105,0.00001098,0.00001096,0.00001087,0.00001098
6.792000,0.00001114,0.00001081,0.00001099,0.00001105,0.00001098,0.00001096,0.00001087,0.00001098
6.794000,0.00001114,0.00001081,0.00001099,0.00001105,0.00001098,0.00001096,0.00001087,0.00001098
6.796000,0.00001114,0.00001081,0.00001100,0.00001105,0.00001098,0.00001096,0.00001087,0.00001098
6.797999,0.00001114,0.00001081,0.00001100,0.00001105,0.00001098,0.00001096,0.00001087,0.00001098
6.799999,0.00001114,0.00001081,0.00001100,0.00001105,0.00001098,0.00001096,0.00001087,0.00001098
6.802000,0.00001114,0.00001081,0.00001100,0.00001105,0.00001098,0.00001096,0.00001087,0.00001098
6.804000,0.00001114,0.00001081,0.00001100,0.00001105,0.00001098,0.00001096,0.00001087,0.00001099
6.806000,0.00001115,0.00001081,0.00001100,0.00001105,0.00001098,0.00001096,0.00001087,0.00001099
6.808000,0.00001115,0.00001081,0.00001100,0.00001106,0.00001098,0.00001096,0.00001087,0.00001099
6.809999,0.00001115,0.00001081,0.00001100,0.00001106,0.00001098,0.00001096,0.00001088,0.00001099
6.811999,0.00001115,0.00001081,0.00001100,0.00001106,0.00001098,0.00001097,0.00001088,0.00001099
6.814000,0.00001115,0.00001081,0.00001100,0.00001106,0.00001098,0.00001097,0.00001088,0.00001099
6.816000,0.00001115,0.00001081,0.00001100,0.00001106,0.00001099,0.00001097,0.00001088,0.00001099
6.817999,0.00001115,0.00001081,0.00001100,0.00001106,0.00001099,0.00001097,0.00001088,0.00001099
6.819999,0.00001115,0.00001082,0.00001100,0.00001106,0.00001099,0.00001097,0.00001088,0.00001099
6.821999,0.00001115,0.00001082,0.00001100,0.00001106,0.00001099,0.00001097,0.00001088,0.00001099
6.824000,0.00001115,0.00001082,0.00001101,0.00001106,0.00001099,0.00001097,0.00001088,0.00001099
6.826000,0.00001115,0.00001082,0.00001101,0.00001106,0.00001099,0.00001097,0.00001088,0.00001099
6.828000,0.00001115,0.00001082,0.00001101,0.00001106,0.00001099,0.00001097,0.00001088,0.00001099
6.829999,0.00001115,0.00001082,0.00001101,0.00001106,0.00001099,0.00001097,0.00001088,0.00001099
6.831999,0.00001115,0.00001082,0.00001101,0.00001106,0.00001099,0.00001097,0.00001088,0.00001099
6.834000,0.00001116,0.00001082,0.00001101,0.00001106,0.00001099,0.00001097,0.00001088,0.00001100
6.835999,0.00001116,0.00001082,0.00001101,0.00001107,0.00001099,0.00001097,0.00001088,0.00001100
6.837999,0.00001116,0.00001082,0.00001101,0.00001107,0.00001099,0.00001097,0.00001088,0.00001100
6.839999,0.00001116,0.00001082,0.00001101,0.00001107,0.00001099,0.00001098,0.00001089,0.00001100
6.841999,0.00001116,0.00001082,0.00001101,0.00001107,0.00001099,0.00001098,0.00001089,0.00001100
6.844000,0.00001116,0.00001082,0.00001101,0.00001107,0.00001100,0.00001098,0.00001089,0.00001100
6.846000,0.00001116,0.00001082,0.00001101,0.00001107,0.00001100,0.00001098,0.00001089,0.00001100
6.848000,0.00001116,0.00001082,0.00001101,0.00001107,0.00001100,0.00001098,0.00001089,0.00001100
6.849999,0.00001116,0.00001083,0.00001101,0.00001107,0.00001100,0.00001098,0.00001089,0.00001100
6.851999,0.00001116,0.00001083,0.00001101,0.00001107,0.00001100,0.00001098,0.00001089,0.00001100
6.854000,0.00001116,0.00001083,0.00001102,0.00001107,0.00001100,0.00001098,0.00001089,0.00001100
6.855999,0.00001116,0.00001083,0.00001102,0.00001107,0.00001100,0.00001098,0.00001089,0.00001100
6.857999,0.00001116,0.00001083,0.00001102,0.00001107,0.00001100,0.00001098,0.00001089,0.00001100
6.859999,0.00001116,0.00001083,0.00001102,0.00001107,0.00001100,0.00001098,0.00001089,0.00001100
6.861999,0.00001117,0.00001083,0.00001102,0.00001107,0.00001100,0.00001098,0.00001089,0.00001101
6.864000,0.00001117,0.00001083,0.00001102,0.00001108,0.00001100,0.00001098,0.00001089,0.00001101
6.866000,0.00001117,0.00001083,0.00001102,0.00001108,0.00001100,0.00001098,0.00001089,0.00001101
6.868000,0.00001117,0.00001083,0.00001102,0.00001108,0.00001100,0.00001098,0.00001089,0.00001101
6.869999,0.00001117,0.00001083,0.00001102,0.00001108,0.00001100,0.00001099,0.00001090,0.00001101
6.871999,0.00001117,0.00001083,0.00001102,0.00001108,0.00001100,0.00001099,0.00001090,0.00001101
6.874000,0.00001117,0.00001083,0.00001102,0.00001108,0.00001101,0.00001099,0.00001090,0.00001101
6.875999,0.00001117,0.00001083,0.00001102,0.00001108,0.00001101,0.00001099,0.00001090,0.00001101
6.877999,0.00001117,0.00001083,0.00001102,0.00001108,0.00001101,0.00001099,0.00001090,0.00001101
6.879999,0.00001117,0.00001084,0.00001102,0.00001108,0.00001101,0.00001099,0.00001090,0.00001101
6.882000,0.00001117,0.00001084,0.00001103,0.00001108,0.00001101,0.00001099,0.00001090,0.00001101
6.884000,0.00001117,0.00001084,0.00001103,0.00001108,0.00001101,0.00001099,0.00001090,0.00001101
6.886000,0.00001117,0.00001084,0.00001103,0.00001108,0.00001101,0.00001099,0.00001090,0.00001101
6.888000,0.00001117,0.00001084,0.00001103,0.00001108,0.00001101,0.00001099,0.00001090,0.00001101
6.889999,0.00001118,0.00001084,0.00001103,0.00001108,0.00001101,0.00001099,0.00001090,0.00001101
6.892000,0.00001118,0.00001084,0.00001103,0.00001108,0.00001101,0.00001099,0.00001090,0.00001102
6.894000,0.00001118,0.00001084,0.00001103,0.00001109,0.00001101,0.00001099,0.00001090,0.00001102
6.895999,0.00001118,0.00001084,0.00001103,0.00001109,0.00001101,0.00001099,0.00001090,0.00001102
6.897999,0.00001118,0.00001084,0.00001103,0.00001109,0.00001101,0.00001100,0.00001091,0.00001102
6.899999,0.00001118,0.00001084,0.00001103,0.00001109,0.00001101,0.00001100,0.00001091,0.00001102
6.902000,0.00001118,0.00001084,0.00001103,0.00001109,0.00001102,0.00001100,0.00001091,0.00001102
6.904000,0.00001118,0.00001084,0.00001103,0.00001109,0.00001102,0.00001100,0.00001091,0.00001102
6.906000,0.00001118,0.00001084,0.00001103,0.00001109,0.00001102,0.00001100,0.00001091,0.00001102
6.908000,0.00001118,0.00001084,0.00001103,0.00001109,0.00001102,0.00001100,0.00001091,0.00001102
6.909999,0.00001118,0.00001085,0.00001103,0.00001109,0.00001102,0.00001100,0.00001091,0.00001102
6.912000,0.00001118,0.00001085,0.00001104,0.00001109,0.00001102,0.00001100,0.00001091,0.00001102
6.914000,0.00001118,0.00001085,0.00001104,0.00001109,0.00001102,0.00001100,0.00001091,0.00001102
6.915999,0.00001118,0.00001085,0.00001104,0.00001109,0.00001102,0.00001100,0.00001091,0.00001102
6.917999,0.00001119,0.00001085,0.00001104,0.00001109,0.00001102,0.00001100,0.00001091,0.00001102
6.919999,0.00001119,0.00001085,0.00001104,0.00001109,0.00001102,0.00001100,0.00001091,0.00001103
6.922000,0.00001119,0.00001085,0.00001104,0.00001110,0.00001102,0.00001100,0.00001091,0.00001103
6.924000,0.00001119,0.00001085,0.00001104,0.00001110,0.00001102,0.00001100,0.00001091,0.00001103
6.926000,0.00001119,0.00001085,0.00001104,0.00001110,0.00001102,0.00001100,0.00001091,0.00001103
6.927999,0.00001119,0.00001085,0.00001104,0.00001110,0.00001102,0.00001101,0.00001092,0.00001103
6.929999,0.00001119,0.00001085,0.00001104,0.00001110,0.00001102,0.00001101,0.00001092,0.00001103
6.932000,0.00001119,0.00001085,0.00001104,0.00001110,0.00001103,0.00001101,0.00001092,0.00001103
6.934000,0.00001119,0.00001085,0.00001104,0.00001110,0.00001103,0.00001101,0.00001092,0.00001103
6.935999,0.00001119,0.00001085,0.00001104,0.00001110,0.00001103,0.00001101,0.00001092,0.00001103
6.937999,0.00001119,0.00001085,0.00001104,0.00001110,0.00001103,0.00001101,0.00001092,0.00001103
6.939999,0.00001119,0.00001086,0.00001105,0.00001110,0.00001103,0.00001101,0.00001092,0.00001103
6.942000,0.00001119,0.00001086,0.00001105,0.00001110,0.00001103,0.00001101,0.00001092,0.00001103
6.944000,0.00001119,0.00001086,0.00001105,0.00001110,0.00001103,0.00001101,0.00001092,0.00001103
6.946000,0.00001119,0.00001086,0.00001105,0.00001110,0.00001103,0.00001101,0.00001092,0.00001103
6.947999,0.00001120,0.00001086,0.00001105,0.00001110,0.00001103,0.00001101,0.00001092,0.00001103
6.949999,0.00001120,0.00001086,0.00001105,0.00001111,0.00001103,0.00001101,0.00001092,0.00001104
6.952000,0.00001120,0.00001086,0.00001105,0.00001111,0.00001103,0.00001101,0.00001092,0.00001104
6.954000,0.00001120,0.00001086,0.00001105,0.00001111,0.00001103,0.00001101,0.00001092,0.00001104
6.955999,0.00001120,0.00001086,0.00001105,0.00001111,0.00001103,0.00001102,0.00001092,0.00001104
6.957999,0.00001120,0.00001086,0.00001105,0.00001111,0.00001103,0.00001102,0.00001093,0.00001104
6.960000,0.00001120,0.00001086,0.00001105,0.00001111,0.00001104,0.00001102,0.00001093,0.00001104
6.962000,0.00001120,0.00001086,0.00001105,0.00001111,0.00001104,0.00001102,0.00001093,0.00001104
6.964000,0.00001120,0.00001086,0.00001105,0.00001111,0.00001104,0.00001102,0.00001093,0.00001104
6.966000,0.00001120,0.00001086,0.00001105,0.00001111,0.00001104,0.00001102,0.00001093,0.00001104
6.967999,0.00001120,0.00001087,0.00001106,0.00001111,0.00001104,0.00001102,0.00001093,0.00001104
6.970000,0.00001120,0.00001087,0.00001106,0.00001111,0.00001104,0.00001102,0.00001093,0.00001104
6.972000,0.00001120,0.00001087,0.00001106,0.00001111,0.00001104,0.00001102,0.00001093,0.00001104
6.974000,0.00001120,0.00001087,0.00001106,0.00001111,0.00001104,0.00001102,0.00001093,0.00001104
6.975999,0.00001121,0.00001087,0.00001106,0.00001111,0.00001104,0.00001102,0.00001093,0.00001104
6.977999,0.00001121,0.00001087,0.00001106,0.00001111,0.00001104,0.00001102,0.00001093,0.00001105
6.980000,0.00001121,0.00001087,0.00001106,0.00001112,0.00001104,0.00001102,0.00001093,0.00001105
6.982000,0.00001121,0.00001087,0.00001106,0.00001112,0.00001104,0.00001102,0.00001093,0.00001105
6.984000,0.00001121,0.00001087,0.00001106,0.00001112,0.00001104,0.00001102,0.00001093,0.00001105
6.985999,0.00001121,0.00001087,0.00001106,0.00001112,0.00001104,0.00001103,0.00001094,0.00001105
6.987999,0.00001121,0.00001087,0.00001106,0.00001112,0.00001105,0.00001103,0.00001094,0.00001105
6.990000,0.00001121,0.00001087,0.00001106,0.00001112,0.00001105,0.00001103,0.00001094,0.00001105
6.992000,0.00001121,0.00001087,0.00001106,0.00001112,0.00001105,0.00001103,0.00001094,0.00001105
6.993999,0.00001121,0.00001087,0.00001106,0.00001112,0.00001105,0.00001103,0.00001094,0.00001105
6.995999,0.00001121,0.00001087,0.00001106,0.00001112,0.00001105,0.00001103,0.00001094,0.00001105
6.997999,0.00001121,0.00001088,0.00001107,0.00001112,0.00001105,0.00001103,0.00001094,0.00001105
7.000000,0.00001121,0.00001088,0.00001107,0.00001112,0.00001105,0.00001103,0.00001094,0.00001105
7.002000,0.00001121,0.00001088,0.00001107,0.00001112,0.00001105,0.00001103,0.00001094,0.00001105
7.003999,0.00001122,0.00001088,0.00001107,0.00001112,0.00001105,0.00001103,0.00001094,0.00001105
7.005999,0.00001122,0.00001088,0.00001107,0.00001112,0.00001105,0.00001103,0.00001094,0.00001105
7.007999,0.00001122,0.00001088,0.00001107,0.00001113,0.00001105,0.00001103,0.00001094,0.00001106
7.010000,0.00001122,0.00001088,0.00001107,0.00001113,0.00001105,0.00001103,0.00001094,0.00001106
7.012000,0.00001122,0.00001088,0.00001107,0.00001113,0.00001105,0.00001103,0.00001094,0.00001106
7.013999,0.00001122,0.00001088,0.00001107,0.00001113,0.00001105,0.00001104,0.00001094,0.00001106
7.015999,0.00001122,0.00001088,0.00001107,0.00001113,0.00001105,0.00001104,0.00001095,0.00001106
7.017999,0.00001122,0.00001088,0.00001107,0.00001113,0.00001106,0.00001104,0.00001095,0.00001106
7.020000,0.00001122,0.00001088,0.00001107,0.00001113,0.00001106,0.00001104,0.00001095,0.00001106
7.021999,0.00001122,0.00001088,0.00001107,0.00001113,0.00001106,0.00001104,0.00001095,0.00001106
7.023999,0.00001122,0.00001088,0.00001107,0.00001113,0.00001106,0.00001104,0.00001095,0.00001106
7.025999,0.00001122,0.00001088,0.00001108,0.00001113,0.00001106,0.00001104,0.00001095,0.00001106
7.028000,0.00001122,0.00001089,0.00001108,0.00001113,0.00001106,0.00001104,0.00001095,0.00001106
7.030000,0.00001122,0.00001089,0.00001108,0.00001113,0.00001106,0.00001104,0.00001095,0.00001106
7.032000,0.00001123,0.00001089,0.00001108,0.00001113,0.00001106,0.00001104,0.00001095,0.00001106
7.033999,0.00001123,0.00001089,0.00001108,0.00001113,0.00001106,0.00001104,0.00001095,0.00001106
7.035999,0.00001123,0.00001089,0.00001108,0.00001114,0.00001106,0.00001104,0.00001095,0.00001107
7.038000,0.00001123,0.00001089,0.00001108,0.00001114,0.00001106,0.00001104,0.00001095,0.00001107
7.039999,0.00001123,0.00001089,0.00001108,0.00001114,0.00001106,0.00001104,0.00001095,0.00001107
7.041999,0.00001123,0.00001089,0.00001108,0.00001114,0.00001106,0.00001104,0.00001095,0.00001107
7.043999,0.00001123,0.00001089,0.00001108,0.00001114,0.00001106,0.00001105,0.00001095,0.00001107
7.045999,0.00001123,0.00001089,0.00001108,0.00001114,0.00001107,0.00001105,0.00001096,0.00001107
7.048000,0.00001123,0.00001089,0.00001108,0.00001114,0.00001107,0.00001105,0.00001096,0.00001107
7.050000,0.00001123,0.00001089,0.00001108,0.00001114,0.00001107,0.00001105,0.00001096,0.00001107
7.052000,0.00001123,0.00001089,0.00001108,0.00001114,0.00001107,0.00001105,0.00001096,0.00001107
7.053999,0.00001123,0.00001089,0.00001108,0.00001114,0.00001107,0.00001105,0.00001096,0.00001107
7.055999,0.00001123,0.00001089,0.00001109,0.00001114,0.00001107,0.00001105,0.00001096,0.00001107
7.058000,0.00001123,0.00001090,0.00001109,0.00001114,0.00001107,0.00001105,0.00001096,0.00001107
7.059999,0.00001124,0.00001090,0.00001109,0.00001114,0.00001107,0.00001105,0.00001096,0.00001107
7.061999,0.00001124,0.00001090,0.00001109,0.00001114,0.00001107,0.00001105,0.00001096,0.00001107
7.063999,0.00001124,0.00001090,0.00001109,0.00001115,0.00001107,0.00001105,0.00001096,0.00001107
7.065999,0.00001124,0.00001090,0.00001109,0.00001115,0.00001107,0.00001105,0.00001096,0.00001108
7.068000,0.00001124,0.00001090,0.00001109,0.00001115,0.00001107,0.00001105,0.00001096,0.00001108
7.070000,0.00001124,0.00001090,0.00001109,0.00001115,0.00001107,0.00001105,0.00001096,0.00001108
7.072000,0.00001124,0.00001090,0.00001109,0.00001115,0.00001107,0.00001106,0.00001096,0.00001108
7.073999,0.00001124,0.00001090,0.00001109,0.00001115,0.00001107,0.00001106,0.00001097,0.00001108
7.075999,0.00001124,0.00001090,0.00001109,0.00001115,0.00001108,0.00001106,0.00001097,0.00001108
7.078000,0.00001124,0.00001090,0.00001109,0.00001115,0.00001108,0.00001106,0.00001097,0.00001108
7.079999,0.00001124,0.00001090,0.00001109,0.00001115,0.00001108,0.00001106,0.00001097,0.00001108
7.081999,0.00001124,0.00001090,0.00001109,0.00001115,0.00001108,0.00001106,0.00001097,0.00001108
7.083999,0.00001124,0.00001090,0.00001110,0.00001115,0.00001108,0.00001106,0.00001097,0.00001108
7.085999,0.00001124,0.00001090,0.00001110,0.00001115,0.00001108,0.00001106,0.00001097,0.00001108
7.088000,0.00001125,0.00001091,0.00001110,0.00001115,0.00001108,0.00001106,0.00001097,0.00001108
7.090000,0.00001125,0.00001091,0.00001110,0.00001115,0.00001108,0.00001106,0.00001097,0.00001108
7.092000,0.00001125,0.00001091,0.00001110,0.00001115,0.00001108,0.00001106,0.00001097,0.00001108
7.093999,0.00001125,0.00001091,0.00001110,0.00001116,0.00001108,0.00001106,0.00001097,0.00001109
7.095999,0.00001125,0.00001091,0.00001110,0.00001116,0.00001108,0.00001106,0.00001097,0.00001109
7.098000,0.00001125,0.00001091,0.00001110,0.00001116,0.00001108,0.00001106,0.00001097,0.00001109
7.099999,0.00001125,0.00001091,0.00001110,0.00001116,0.00001108,0.00001106,0.00001097,0.00001109
7.101999,0.00001125,0.00001091,0.00001110,0.00001116,0.00001108,0.00001107,0.00001097,0.00001109
7.103999,0.00001125,0.00001091,0.00001110,0.00001116,0.00001109,0.00001107,0.00001098,0.00001109
7.106000,0.00001125,0.00001091,0.00001110,0.00001116,0.00001109,0.00001107,0.00001098,0.00001109
7.108000,0.00001125,0.00001091,0.00001110,0.00001116,0.00001109,0.00001107,0.00001098,0.00001109
7.110000,0.00001125,0.00001091,0.00001110,0.00001116,0.00001109,0.00001107,0.00001098,0.00001109
7.112000,0.00001125,0.00001091,0.00001111,0.00001116,0.00001109,0.00001107,0.00001098,0.00001109
7.113999,0.00001125,0.00001091,0.00001111,0.00001116,0.00001109,0.00001107,0.00001098,0.00001109
7.116000,0.00001126,0.00001092,0.00001111,0.00001116,0.00001109,0.00001107,0.00001098,0.00001109
7.118000,0.00001126,0.00001092,0.00001111,0.00001116,0.00001109,0.00001107,0.00001098,0.00001109
7.119999,0.00001126,0.00001092,0.00001111,0.00001116,0.00001109,0.00001107,0.00001098,0.00001109
7.121999,0.00001126,0.00001092,0.00001111,0.00001117,0.00001109,0.00001107,0.00001098,0.00001110
7.123999,0.00001126,0.00001092,0.00001111,0.00001117,0.00001109,0.00001107,0.00001098,0.00001110
7.126000,0.00001126,0.00001092,0.00001111,0.00001117,0.00001109,0.00001107,0.00001098,0.00001110
7.128000,0.00001126,0.00001092,0.00001111,0.00001117,0.00001109,0.00001107,0.00001098,0.00001110
7.130000,0.00001126,0.00001092,0.00001111,0.00001117,0.00001109,0.00001108,0.00001098,0.00001110
7.131999,0.00001126,0.00001092,0.00001111,0.00001117,0.00001110,0.00001108,0.00001099,0.00001110
7.133999,0.00001126,0.00001092,0.00001111,0.00001117,0.00001110,0.00001108,0.00001099,0.00001110
7.136000,0.00001126,0.00001092,0.00001111,0.00001117,0.00001110,0.00001108,0.00001099,0.00001110
7.138000,0.00001126,0.00001092,0.00001111,0.00001117,0.00001110,0.00001108,0.00001099,0.00001110
7.139999,0.00001126,0.00001092,0.00001112,0.00001117,0.00001110,0.00001108,0.00001099,0.00001110
7.141999,0.00001126,0.00001092,0.00001112,0.00001117,0.00001110,0.00001108,0.00001099,0.00001110
7.143999,0.00001127,0.00001092,0.00001112,0.00001117,0.00001110,0.00001108,0.00001099,0.00001110
7.146000,0.00001127,0.00001093,0.00001112,0.00001117,0.00001110,0.00001108,0.00001099,0.00001110
7.148000,0.00001127,0.00001093,0.00001112,0.00001117,0.00001110,0.00001108,0.00001099,0.00001110
7.150000,0.00001127,0.00001093,0.00001112,0.00001118,0.00001110,0.00001108,0.00001099,0.00001110
7.151999,0.00001127,0.00001093,0.00001112,0.00001118,0.00001110,0.00001108,0.00001099,0.00001111
7.153999,0.00001127,0.00001093,0.00001112,0.00001118,0.00001110,0.00001108,0.00001099,0.00001111
7.156000,0.00001127,0.00001093,0.00001112,0.00001118,0.00001110,0.00001108,0.00001099,0.00001111
7.158000,0.00001127,0.00001093,0.00001112,0.00001118,0.00001110,0.00001109,0.00001099,0.00001111
7.159999,0.00001127,0.00001093,0.00001112,0.00001118,0.00001110,0.00001109,0.00001099,0.00001111
7.161999,0.00001127,0.00001093,0.00001112,0.00001118,0.00001111,0.00001109,0.00001100,0.00001111
7.163999,0.00001127,0.00001093,0.00001112,0.00001118,0.00001111,0.00001109,0.00001100,0.00001111
7.166000,0.00001127,0.00001093,0.00001112,0.00001118,0.00001111,0.00001109,0.00001100,0.00001111
7.168000,0.00001127,0.00001093,0.00001112,0.00001118,0.00001111,0.00001109,0.00001100,0.00001111
7.170000,0.00001127,0.00001093,0.00001113,0.00001118,0.00001111,0.00001109,0.00001100,0.00001111
7.171999,0.00001128,0.00001093,0.00001113,0.00001118,0.00001111,0.00001109,0.00001100,0.00001111
7.173999,0.00001128,0.00001093,0.00001113,0.00001118,0.00001111,0.00001109,0.00001100,0.00001111
7.176000,0.00001128,0.00001094,0.00001113,0.00001118,0.00001111,0.00001109,0.00001100,0.00001111
7.177999,0.00001128,0.00001094,0.00001113,0.00001119,0.00001111,0.00001109,0.00001100,0.00001111
7.179999,0.00001128,0.00001094,0.00001113,0.00001119,0.00001111,0.00001109,0.00001100,0.00001112
7.181999,0.00001128,0.00001094,0.00001113,0.00001119,0.00001111,0.00001109,0.00001100,0.00001112
7.184000,0.00001128,0.00001094,0.00001113,0.00001119,0.00001111,0.00001109,0.00001100,0.00001112
7.186000,0.00001128,0.00001094,0.00001113,0.00001119,0.00001111,0.00001109,0.00001100,0.00001112
7.188000,0.00001128,0.00001094,0.00001113,0.00001119,0.00001111,0.00001110,0.00001100,0.00001112
7.190000,0.00001128,0.00001094,0.00001113,0.00001119,0.00001112,0.00001110,0.00001101,0.00001112
7.191999,0.00001128,0.00001094,0.00001113,0.00001119,0.00001112,0.00001110,0.00001101,0.00001112
7.194000,0.00001128,0.00001094,0.00001113,0.00001119,0.00001112,0.00001110,0.00001101,0.00001112
7.196000,0.00001128,0.00001094,0.00001113,0.00001119,0.00001112,0.00001110,0.00001101,0.00001112
7.197999,0.00001128,0.00001094,0.00001114,0.00001119,0.00001112,0.00001110,0.00001101,0.00001112
7.199999,0.00001129,0.00001094,0.00001114,0.00001119,0.00001112,0.00001110,0.00001101,0.00001112
7.201999,0.00001129,0.00001094,0.00001114,0.00001119,0.00001112,0.00001110,0.00001101,0.00001112
7.204000,0.00001129,0.00001095,0.00001114,0.00001119,0.00001112,0.00001110,0.00001101,0.00001112
7.206000,0.00001129,0.00001095,0.00001114,0.00001120,0.00001112,0.00001110,0.00001101,0.00001112
7.208000,0.00001129,0.00001095,0.00001114,0.00001120,0.00001112,0.00001110,0.00001101,0.00001113
7.210000,0.00001129,0.00001095,0.00001114,0.00001120,0.00001112,0.00001110,0.00001101,0.00001113
7.211999,0.00001129,0.00001095,0.00001114,0.00001120,0.00001112,0.00001110,0.00001101,0.00001113
7.214000,0.00001129,0.00001095,0.00001114,0.00001120,0.00001112,0.00001110,0.00001101,0.00001113
7.216000,0.00001129,0.00001095,0.00001114,0.00001120,0.00001112,0.00001111,0.00001101,0.00001113
7.217999,0.00001129,0.00001095,0.00001114,0.00001120,0.00001113,0.00001111,0.00001101,0.00001113
7.219999,0.00001129,0.00001095,0.00001114,0.00001120,0.00001113,0.00001111,0.00001102,0.00001113
7.221999,0.00001129,0.00001095,0.00001114,0.00001120,0.00001113,0.00001111,0.00001102,0.00001113
7.224000,0.00001129,0.00001095,0.00001114,0.00001120,0.00001113,0.00001111,0.00001102,0.00001113
7.226000,0.00001129,0.00001095,0.00001115,0.00001120,0.00001113,0.00001111,0.00001102,0.00001113
7.228000,0.00001130,0.00001095,0.00001115,0.00001120,0.00001113,0.00001111,0.00001102,0.00001113
7.229999,0.00001130,0.00001095,0.00001115,0.00001120,0.00001113,0.00001111,0.00001102,0.00001113
7.231999,0.00001130,0.00001095,0.00001115,0.00001120,0.00001113,0.00001111,0.00001102,0.00001113
7.234000,0.00001130,0.00001096,0.00001115,0.00001121,0.00001113,0.00001111,0.00001102,0.00001113
7.236000,0.00001130,0.00001096,0.00001115,0.00001121,0.00001113,0.00001111,0.00001102,0.00001114
7.237999,0.00001130,0.00001096,0.00001115,0.00001121,0.00001113,0.00001111,0.00001102,0.00001114
7.239999,0.00001130,0.00001096,0.00001115,0.00001121,0.00001113,0.00001111,0.00001102,0.00001114
7.241999,0.00001130,0.00001096,0.00001115,0.00001121,0.00001113,0.00001111,0.00001102,0.00001114
7.244000,0.00001130,0.00001096,0.00001115,0.00001121,0.00001113,0.00001112,0.00001102,0.00001114
7.245999,0.00001130,0.00001096,0.00001115,0.00001121,0.00001113,0.00001112,0.00001102,0.00001114
7.247999,0.00001130,0.00001096,0.00001115,0.00001121,0.00001114,0.00001112,0.00001103,0.00001114
7.249999,0.00001130,0.00001096,0.00001115,0.00001121,0.00001114,0.00001112,0.00001103,0.00001114
7.251999,0.00001130,0.00001096,0.00001115,0.00001121,0.00001114,0.00001112,0.00001103,0.00001114
7.254000,0.00001130,0.00001096,0.00001116,0.00001121,0.00001114,0.00001112,0.00001103,0.00001114
7.256000,0.00001131,0.00001096,0.00001116,0.00001121,0.00001114,0.00001112,0.00001103,0.00001114
7.257999,0.00001131,0.00001096,0.00001116,0.00001121,0.00001114,0.00001112,0.00001103,0.00001114
7.259999,0.00001131,0.00001096,0.00001116,0.00001121,0.00001114,0.00001112,0.00001103,0.00001114
7.262000,0.00001131,0.00001096,0.00001116,0.00001122,0.00001114,0.00001112,0.00001103,0.00001114
7.263999,0.00001131,0.00001097,0.00001116,0.00001122,0.00001114,0.00001112,0.00001103,0.00001114
7.265999,0.00001131,0.00001097,0.00001116,0.00001122,0.00001114,0.00001112,0.00001103,0.00001115
7.267999,0.00001131,0.00001097,0.00001116,0.00001122,0.00001114,0.00001112,0.00001103,0.00001115
7.269999,0.00001131,0.00001097,0.00001116,0.00001122,0.00001114,0.00001112,0.00001103,0.00001115
7.272000,0.00001131,0.00001097,0.00001116,0.00001122,0.00001114,0.00001113,0.00001103,0.00001115
7.274000,0.00001131,0.00001097,0.00001116,0.00001122,0.00001114,0.00001113,0.00001103,0.00001115
7.276000,0.00001131,0.00001097,0.00001116,0.00001122,0.00001115,0.00001113,0.00001104,0.00001115
7.277999,0.00001131,0.00001097,0.00001116,0.00001122,0.00001115,0.00001113,0.00001104,0.00001115
7.279999,0.00001131,0.00001097,0.00001116,0.00001122,0.00001115,0.00001113,0.00001104,0.00001115
7.282000,0.00001131,0.00001097,0.00001117,0.00001122,0.00001115,0.00001113,0.00001104,0.00001115
7.283999,0.00001132,0.00001097,0.00001117,0.00001122,0.00001115,0.00001113,0.00001104,0.00001115
7.285999,0.00001132,0.00001097,0.00001117,0.00001122,0.00001115,0.00001113,0.00001104,0.00001115
7.287999,0.00001132,0.00001097,0.00001117,0.00001122,0.00001115,0.00001113,0.00001104,0.00001115
7.289999,0.00001132,0.00001097,0.00001117,0.00001122,0.00001115,0.00001113,0.00001104,0.00001115
7.292000,0.00001132,0.00001098,0.00001117,0.00001123,0.00001115,0.00001113,0.00001104,0.00001115
7.294000,0.00001132,0.00001098,0.00001117,0.00001123,0.00001115,0.00001113,0.00001104,0.00001116
7.296000,0.00001132,0.00001098,0.00001117,0.00001123,0.00001115,0.00001113,0.00001104,0.00001116
7.297999,0.00001132,0.00001098,0.00001117,0.00001123,0.00001115,0.00001113,0.00001104,0.00001116
7.299999,0.00001132,0.00001098,0.00001117,0.00001123,0.00001115,0.00001113,0.00001104,0.00001116
7.302000,0.00001132,0.00001098,0.00001117,0.00001123,0.00001115,0.00001114,0.00001104,0.00001116
7.303999,0.00001132,0.00001098,0.00001117,0.00001123,0.00001116,0.00001114,0.00001104,0.00001116
7.305999,0.00001132,0.00001098,0.00001117,0.00001123,0.00001116,0.00001114,0.00001105,0.00001116
7.307999,0.00001132,0.00001098,0.00001117,0.00001123,0.00001116,0.00001114,0.00001105,0.00001116
7.309999,0.00001133,0.00001098,0.00001118,0.00001123,0.00001116,0.00001114,0.00001105,0.00001116
7.312000,0.00001133,0.00001098,0.00001118,0.00001123,0.00001116,0.00001114,0.00001105,0.00001116
7.314000,0.00001133,0.00001098,0.00001118,0.00001123,0.00001116,0.00001114,0.00001105,0.00001116
7.316000,0.00001133,0.00001098,0.00001118,0.00001123,0.00001116,0.00001114,0.00001105,0.00001116
7.317999,0.00001133,0.00001098,0.00001118,0.00001123,0.00001116,0.00001114,0.00001105,0.00001116
7.319999,0.00001133,0.00001098,0.00001118,0.00001124,0.00001116,0.00001114,0.00001105,0.00001116
7.322000,0.00001133,0.00001099,0.00001118,0.00001124,0.00001116,0.00001114,0.00001105,0.00001117
7.323999,0.00001133,0.00001099,0.00001118,0.00001124,0.00001116,0.00001114,0.00001105,0.00001117
7.325999,0.00001133,0.00001099,0.00001118,0.00001124,0.00001116,0.00001114,0.00001105,0.00001117
7.327999,0.00001133,0.00001099,0.00001118,0.00001124,0.00001116,0.00001114,0.00001105,0.00001117
7.330000,0.00001133,0.00001099,0.00001118,0.00001124,0.00001116,0.00001115,0.00001105,0.00001117
7.332000,0.00001133,0.00001099,0.00001118,0.00001124,0.00001117,0.00001115,0.00001105,0.00001117
7.334000,0.00001133,0.00001099,0.00001118,0.00001124,0.00001117,0.00001115,0.00001106,0.00001117
7.335999,0.00001133,0.00001099,0.00001118,0.00001124,0.00001117,0.00001115,0.00001106,0.00001117
7.337999,0.00001134,0.00001099,0.00001119,0.00001124,0.00001117,0.00001115,0.00001106,0.00001117
7.340000,0.00001134,0.00001099,0.00001119,0.00001124,0.00001117,0.00001115,0.00001106,0.00001117
7.342000,0.00001134,0.00001099,0.00001119,0.00001124,0.00001117,0.00001115,0.00001106,0.00001117
7.343999,0.00001134,0.00001099,0.00001119,0.00001124,0.00001117,0.00001115,0.00001106,0.00001117
7.345999,0.00001134,0.00001099,0.00001119,0.00001124,0.00001117,0.00001115,0.00001106,0.00001117
7.347999,0.00001134,0.00001099,0.00001119,0.00001125,0.00001117,0.00001115,0.00001106,0.00001117
7.350000,0.00001134,0.00001100,0.00001119,0.00001125,0.00001117,0.00001115,0.00001106,0.00001118
7.352000,0.00001134,0.00001100,0.00001119,0.00001125,0.00001117,0.00001115,0.00001106,0.00001118
7.354000,0.00001134,0.00001100,0.00001119,0.00001125,0.00001117,0.00001115,0.00001106,0.00001118
7.355999,0.00001134,0.00001100,0.00001119,0.00001125,0.00001117,0.00001115,0.00001106,0.00001118
7.357999,0.00001134,0.00001100,0.00001119,0.00001125,0.00001117,0.00001116,0.00001106,0.00001118
7.360000,0.00001134,0.00001100,0.00001119,0.00001125,0.00001118,0.00001116,0.00001106,0.00001118
7.362000,0.00001134,0.00001100,0.00001119,0.00001125,0.00001118,0.00001116,0.00001106,0.00001118
7.363999,0.00001134,0.00001100,0.00001119,0.00001125,0.00001118,0.00001116,0.00001107,0.00001118
7.365999,0.00001135,0.00001100,0.00001119,0.00001125,0.00001118,0.00001116,0.00001107,0.00001118
7.367999,0.00001135,0.00001100,0.00001120,0.00001125,0.00001118,0.00001116,0.00001107,0.00001118
7.370000,0.00001135,0.00001100,0.00001120,0.00001125,0.00001118,0.00001116,0.00001107,0.00001118
7.372000,0.00001135,0.00001100,0.00001120,0.00001125,0.00001118,0.00001116,0.00001107,0.00001118
7.374000,0.00001135,0.00001100,0.00001120,0.00001125,0.00001118,0.00001116,0.00001107,0.00001118
7.375999,0.00001135,0.00001100,0.00001120,0.00001126,0.00001118,0.00001116,0.00001107,0.00001118
7.377999,0.00001135,0.00001100,0.00001120,0.00001126,0.00001118,0.00001116,0.00001107,0.00001119
7.380000,0.00001135,0.00001101,0.00001120,0.00001126,0.00001118,0.00001116,0.00001107,0.00001119
7.381999,0.00001135,0.00001101,0.00001120,0.00001126,0.00001118,0.00001116,0.00001107,0.00001119
7.383999,0.00001135,0.00001101,0.00001120,0.00001126,0.00001118,0.00001116,0.00001107,0.00001119
7.385999,0.00001135,0.00001101,0.00001120,0.00001126,0.00001118,0.00001117,0.00001107,0.00001119
7.387999,0.00001135,0.00001101,0.00001120,0.00001126,0.00001119,0.00001117,0.00001107,0.00001119
7.390000,0.00001135,0.00001101,0.00001120,0.00001126,0.00001119,0.00001117,0.00001107,0.00001119
7.392000,0.00001135,0.00001101,0.00001120,0.00001126,0.00001119,0.00001117,0.00001108,0.00001119
7.394000,0.00001136,0.00001101,0.00001120,0.00001126,0.00001119,0.00001117,0.00001108,0.00001119
7.395999,0.00001136,0.00001101,0.00001121,0.00001126,0.00001119,0.00001117,0.00001108,0.00001119
7.397999,0.00001136,0.00001101,0.00001121,0.00001126,0.00001119,0.00001117,0.00001108,0.00001119
7.400000,0.00001136,0.00001101,0.00001121,0.00001126,0.00001119,0.00001117,0.00001108,0.00001119
7.401999,0.00001136,0.00001101,0.00001121,0.00001126,0.00001119,0.00001117,0.00001108,0.00001119
7.403999,0.00001136,0.00001101,0.00001121,0.00001127,0.00001119,0.00001117,0.00001108,0.00001119
7.405999,0.00001136,0.00001101,0.00001121,0.00001127,0.00001119,0.00001117,0.00001108,0.00001120
7.408000,0.00001136,0.00001102,0.00001121,0.00001127,0.00001119,0.00001117,0.00001108,0.00001120
7.410000,0.00001136,0.00001102,0.00001121,0.00001127,0.00001119,0.00001117,0.00001108,0.00001120
7.412000,0.00001136,0.00001102,0.00001121,0.00001127,0.00001119,0.00001117,0.00001108,0.00001120
7.414000,0.00001136,0.00001102,0.00001121,0.00001127,0.00001119,0.00001118,0.00001108,0.00001120
7.415999,0.00001136,0.00001102,0.00001121,0.00001127,0.00001120,0.00001118,0.00001108,0.00001120
7.418000,0.00001136,0.00001102,0.00001121,0.00001127,0.00001120,0.00001118,0.00001108,0.00001120
7.420000,0.00001136,0.00001102,0.00001121,0.00001127,0.00001120,0.00001118,0.00001108,0.00001120
7.421999,0.00001137,0.00001102,0.00001121,0.00001127,0.00001120,0.00001118,0.00001109,0.00001120
7.423999,0.00001137,0.00001102,0.00001122,0.00001127,0.00001120,0.00001118,0.00001109,0.00001120
7.425999,0.00001137,0.00001102,0.00001122,0.00001127,0.00001120,0.00001118,0.00001109,0.00001120
7.428000,0.00001137,0.00001102,0.00001122,0.00001127,0.00001120,0.00001118,0.00001109,0.00001120
7.430000,0.00001137,0.00001102,0.00001122,0.00001127,0.00001120,0.00001118,0.00001109,0.00001120
7.432000,0.00001137,0.00001102,0.00001122,0.00001128,0.00001120,0.00001118,0.00001109,0.00001120
7.434000,0.00001137,0.00001102,0.00001122,0.00001128,0.00001120,0.00001118,0.00001109,0.00001121
7.435999,0.00001137,0.00001102,0.00001122,0.00001128,0.00001120,0.00001118,0.00001109,0.00001121
7.438000,0.00001137,0.00001103,0.00001122,0.00001128,0.00001120,0.00001118,0.00001109,0.00001121
7.440000,0.00001137,0.00001103,0.00001122,0.00001128,0.00001120,0.00001118,0.00001109,0.00001121
7.441999,0.00001137,0.00001103,0.00001122,0.00001128,0.00001120,0.00001118,0.00001109,0.00001121
7.443999,0.00001137,0.00001103,0.00001122,0.00001128,0.00001120,0.00001119,0.00001109,0.00001121
7.445999,0.00001137,0.00001103,0.00001122,0.00001128,0.00001121,0.00001119,0.00001109,0.00001121
7.448000,0.00001138,0.00001103,0.00001122,0.00001128,0.00001121,0.00001119,0.00001109,0.00001121
7.450000,0.00001138,0.00001103,0.00001122,0.00001128,0.00001121,0.00001119,0.00001110,0.00001121
7.452000,0.00001138,0.00001103,0.00001123,0.00001128,0.00001121,0.00001119,0.00001110,0.00001121
7.453999,0.00001138,0.00001103,0.00001123,0.00001128,0.00001121,0.00001119,0.00001110,0.00001121
7.455999,0.00001138,0.00001103,0.00001123,0.00001128,0.00001121,0.00001119,0.00001110,0.00001121
7.458000,0.00001138,0.00001103,0.00001123,0.00001128,0.00001121,0.00001119,0.00001110,0.00001121
7.460000,0.00001138,0.00001103,0.00001123,0.00001129,0.00001121,0.00001119,0.00001110,0.00001121
7.461999,0.00001138,0.00001103,0.00001123,0.00001129,0.00001121,0.00001119,0.00001110,0.00001121
7.463999,0.00001138,0.00001103,0.00001123,0.00001129,0.00001121,0.00001119,0.00001110,0.00001122
7.465999,0.00001138,0.00001104,0.00001123,0.00001129,0.00001121,0.00001119,0.00001110,0.00001122
7.468000,0.00001138,0.00001104,0.00001123,0.00001129,0.00001121,0.00001119,0.00001110,0.00001122
7.470000,0.00001138,0.00001104,0.00001123,0.00001129,0.00001121,0.00001119,0.00001110,0.00001122
7.471999,0.00001138,0.00001104,0.00001123,0.00001129,0.00001121,0.00001120,0.00001110,0.00001122
7.473999,0.00001138,0.00001104,0.00001123,0.00001129,0.00001122,0.00001120,0.00001110,0.00001122
7.475999,0.00001139,0.00001104,0.00001123,0.00001129,0.00001122,0.00001120,0.00001110,0.00001122
7.478000,0.00001139,0.00001104,0.00001123,0.00001129,0.00001122,0.00001120,0.00001111,0.00001122
7.480000,0.00001139,0.00001104,0.00001124,0.00001129,0.00001122,0.00001120,0.00001111,0.00001122
7.481999,0.00001139,0.00001104,0.00001124,0.00001129,0.00001122,0.00001120,0.00001111,0.00001122
7.483999,0.00001139,0.00001104,0.00001124,0.00001129,0.00001122,0.00001120,0.00001111,0.00001122
7.486000,0.00001139,0.00001104,0.00001124,0.00001129,0.00001122,0.00001120,0.00001111,0.00001122
7.488000,0.00001139,0.00001104,0.00001124,0.00001130,0.00001122,0.00001120,0.00001111,0.00001122
7.489999,0.00001139,0.00001104,0.00001124,0.00001130,0.00001122,0.00001120,0.00001111,0.00001122
7.491999,0.00001139,0.00001104,0.00001124,0.00001130,0.00001122,0.00001120,0.00001111,0.00001123
7.493999,0.00001139,0.00001104,0.00001124,0.00001130,0.00001122,0.00001120,0.00001111,0.00001123
7.496000,0.00001139,0.00001105,0.00001124,0.00001130,0.00001122,0.00001120,0.00001111,0.00001123
7.498000,0.00001139,0.00001105,0.00001124,0.00001130,0.00001122,0.00001120,0.00001111,0.00001123
7.500000,0.00001139,0.00001105,0.00001124,0.00001130,0.00001122,0.00001121,0.00001111,0.00001123
7.501999,0.00001139,0.00001105,0.00001124,0.00001130,0.00001123,0.00001121,0.00001111,0.00001123
7.503999,0.00001140,0.00001105,0.00001124,0.00001130,0.00001123,0.00001121,0.00001111,0.00001123
7.506000,0.00001140,0.00001105,0.00001124,0.00001130,0.00001123,0.00001121,0.00001112,0.00001123
7.507999,0.00001140,0.00001105,0.00001125,0.00001130,0.00001123,0.00001121,0.00001112,0.00001123
7.509999,0.00001140,0.00001105,0.00001125,0.00001130,0.00001123,0.00001121,0.00001112,0.00001123
7.511999,0.00001140,0.00001105,0.00001125,0.00001130,0.00001123,0.00001121,0.00001112,0.00001123
7.513999,0.00001140,0.00001105,0.00001125,0.00001130,0.00001123,0.00001121,0.00001112,0.00001123
7.516000,0.00001140,0.00001105,0.00001125,0.00001131,0.00001123,0.00001121,0.00001112,0.00001123
7.518000,0.00001140,0.00001105,0.00001125,0.00001131,0.00001123,0.00001121,0.00001112,0.00001123
7.520000,0.00001140,0.00001105,0.00001125,0.00001131,0.00001123,0.00001121,0.00001112,0.00001124
7.521999,0.00001140,0.00001105,0.00001125,0.00001131,0.00001123,0.00001121,0.00001112,0.00001124
7.523999,0.00001140,0.00001106,0.00001125,0.00001131,0.00001123,0.00001121,0.00001112,0.00001124
7.526000,0.00001140,0.00001106,0.00001125,0.00001131,0.00001123,0.00001121,0.00001112,0.00001124
7.527999,0.00001140,0.00001106,0.00001125,0.00001131,0.00001123,0.00001122,0.00001112,0.00001124
7.529999,0.00001140,0.00001106,0.00001125,0.00001131,0.00001124,0.00001122,0.00001112,0.00001124
7.531999,0.00001141,0.00001106,0.00001125,0.00001131,0.00001124,0.00001122,0.00001112,0.00001124
7.533999,0.00001141,0.00001106,0.00001125,0.00001131,0.00001124,0.00001122,0.00001112,0.00001124
7.536000,0.00001141,0.00001106,0.00001126,0.00001131,0.00001124,0.00001122,0.00001113,0.00001124
7.538000,0.00001141,0.00001106,0.00001126,0.00001131,0.00001124,0.00001122,0.00001113,0.00001124
7.539999,0.00001141,0.00001106,0.00001126,0.00001131,0.00001124,0.00001122,0.00001113,0.00001124
7.541999,0.00001141,0.00001106,0.00001126,0.00001131,0.00001124,0.00001122,0.00001113,0.00001124
7.543999,0.00001141,0.00001106,0.00001126,0.00001132,0.00001124,0.00001122,0.00001113,0.00001124
7.546000,0.00001141,0.00001106,0.00001126,0.00001132,0.00001124,0.00001122,0.00001113,0.00001124
7.547999,0.00001141,0.00001106,0.00001126,0.00001132,0.00001124,0.00001122,0.00001113,0.00001125
7.549999,0.00001141,0.00001106,0.00001126,0.00001132,0.00001124,0.00001122,0.00001113,0.00001125
7.551999,0.00001141,0.00001106,0.00001126,0.00001132,0.00001124,0.00001122,0.00001113,0.00001125
7.554000,0.00001141,0.00001107,0.00001126,0.00001132,0.00001124,0.00001122,0.00001113,0.00001125
7.556000,0.00001141,0.00001107,0.00001126,0.00001132,0.00001124,0.00001123,0.00001113,0.00001125
7.558000,0.00001142,0.00001107,0.00001126,0.00001132,0.00001125,0.00001123,0.00001113,0.00001125
7.559999,0.00001142,0.00001107,0.00001126,0.00001132,0.00001125,0.00001123,0.00001113,0.00001125
7.561999,0.00001142,0.00001107,0.00001126,0.00001132,0.00001125,0.00001123,0.00001113,0.00001125
7.564000,0.00001142,0.00001107,0.00001127,0.00001132,0.00001125,0.00001123,0.00001114,0.00001125
7.566000,0.00001142,0.00001107,0.00001127,0.00001132,0.00001125,0.00001123,0.00001114,0.00001125
7.567999,0.00001142,0.00001107,0.00001127,0.00001132,0.00001125,0.00001123,0.00001114,0.00001125
7.569999,0.00001142,0.00001107,0.00001127,0.00001133,0.00001125,0.00001123,0.00001114,0.00001125
7.571999,0.00001142,0.00001107,0.00001127,0.00001133,0.00001125,0.00001123,0.00001114,0.00001125
7.574000,0.00001142,0.00001107,0.00001127,0.00001133,0.00001125,0.00001123,0.00001114,0.00001125
7.576000,0.00001142,0.00001107,0.00001127,0.00001133,0.00001125,0.00001123,0.00001114,0.00001126
7.578000,0.00001142,0.00001107,0.00001127,0.00001133,0.00001125,0.00001123,0.00001114,0.00001126
7.579999,0.00001142,0.00001107,0.00001127,0.00001133,0.00001125,0.00001123,0.00001114,0.00001126
7.581999,0.00001142,0.00001108,0.00001127,0.00001133,0.00001125,0.00001123,0.00001114,0.00001126
7.584000,0.00001142,0.00001108,0.00001127,0.00001133,0.00001125,0.00001124,0.00001114,0.00001126
7.585999,0.00001143,0.00001108,0.00001127,0.00001133,0.00001126,0.00001124,0.00001114,0.00001126
7.587999,0.00001143,0.00001108,0.00001127,0.00001133,0.00001126,0.00001124,0.00001114,0.00001126
7.589999,0.00001143,0.00001108,0.00001127,0.00001133,0.00001126,0.00001124,0.00001114,0.00001126
7.591999,0.00001143,0.00001108,0.00001128,0.00001133,0.00001126,0.00001124,0.00001115,0.00001126
7.594000,0.00001143,0.00001108,0.00001128,0.00001133,0.00001126,0.00001124,0.00001115,0.00001126
7.596000,0.00001143,0.00001108,0.00001128,0.00001133,0.00001126,0.00001124,0.00001115,0.00001126
7.598000,0.00001143,0.00001108,0.00001128,0.00001134,0.00001126,0.00001124,0.00001115,0.00001126
7.599999,0.00001143,0.00001108,0.00001128,0.00001134,0.00001126,0.00001124,0.00001115,0.00001126
7.601999,0.00001143,0.00001108,0.00001128,0.00001134,0.00001126,0.00001124,0.00001115,0.00001126
7.604000,0.00001143,0.00001108,0.00001128,0.00001134,0.00001126,0.00001124,0.00001115,0.00001127
7.605999,0.00001143,0.00001108,0.00001128,0.00001134,0.00001126,0.00001124,0.00001115,0.00001127
7.607999,0.00001143,0.00001108,0.00001128,0.00001134,0.00001126,0.00001124,0.00001115,0.00001127
7.609999,0.00001143,0.00001108,0.00001128,0.00001134,0.00001126,0.00001124,0.00001115,0.00001127
7.611999,0.00001143,0.00001109,0.00001128,0.00001134,0.00001126,0.00001125,0.00001115,0.00001127
7.614000,0.00001144,0.00001109,0.00001128,0.00001134,0.00001127,0.00001125,0.00001115,0.00001127
7.616000,0.00001144,0.00001109,0.00001128,0.00001134,0.00001127,0.00001125,0.00001115,0.00001127
7.618000,0.00001144,0.00001109,0.00001128,0.00001134,0.00001127,0.00001125,0.00001115,0.00001127
7.619999,0.00001144,0.00001109,0.00001129,0.00001134,0.00001127,0.00001125,0.00001116,0.00001127
7.621999,0.00001144,0.00001109,0.00001129,0.00001134,0.00001127,0.00001125,0.00001116,0.00001127
7.624000,0.00001144,0.00001109,0.00001129,0.00001134,0.00001127,0.00001125,0.00001116,0.00001127
7.625999,0.00001144,0.00001109,0.00001129,0.00001135,0.00001127,0.00001125,0.00001116,0.00001127
7.627999,0.00001144,0.00001109,0.00001129,0.00001135,0.00001127,0.00001125,0.00001116,0.00001127
7.629999,0.00001144,0.00001109,0.00001129,0.00001135,0.00001127,0.00001125,0.00001116,0.00001127
7.632000,0.00001144,0.00001109,0.00001129,0.00001135,0.00001127,0.00001125,0.00001116,0.00001128
7.634000,0.00001144,0.00001109,0.00001129,0.00001135,0.00001127,0.00001125,0.00001116,0.00001128
7.636000,0.00001144,0.00001109,0.00001129,0.00001135,0.00001127,0.00001125,0.00001116,0.00001128
7.638000,0.00001144,0.00001109,0.00001129,0.00001135,0.00001127,0.00001125,0.00001116,0.00001128
7.639999,0.00001145,0.00001110,0.00001129,0.00001135,0.00001127,0.00001126,0.00001116,0.00001128
7.642000,0.00001145,0.00001110,0.00001129,0.00001135,0.00001128,0.00001126,0.00001116,0.00001128
7.644000,0.00001145,0.00001110,0.00001129,0.00001135,0.00001128,0.00001126,0.00001116,0.00001128
7.645999,0.00001145,0.00001110,0.00001129,0.00001135,0.00001128,0.00001126,0.00001116,0.00001128
7.647999,0.00001145,0.00001110,0.00001130,0.00001135,0.00001128,0.00001126,0.00001117,0.00001128
7.649999,0.00001145,0.00001110,0.00001130,0.00001135,0.00001128,0.00001126,0.00001117,0.00001128
7.652000,0.00001145,0.00001110,0.00001130,0.00001135,0.00001128,0.00001126,0.00001117,0.00001128
7.654000,0.00001145,0.00001110,0.00001130,0.00001136,0.00001128,0.00001126,0.00001117,0.00001128
7.656000,0.00001145,0.00001110,0.00001130,0.00001136,0.00001128,0.00001126,0.00001117,0.00001128
7.658000,0.00001145,0.00001110,0.00001130,0.00001136,0.00001128,0.00001126,0.00001117,0.00001128
7.659999,0.00001145,0.00001110,0.00001130,0.00001136,0.00001128,0.00001126,0.00001117,0.00001129
7.662000,0.00001145,0.00001110,0.00001130,0.00001136,0.00001128,0.00001126,0.00001117,0.00001129
7.664000,0.00001145,0.00001110,0.00001130,0.00001136,0.00001128,0.00001126,0.00001117,0.00001129
7.665999,0.00001145,0.00001110,0.00001130,0.00001136,0.00001128,0.00001126,0.00001117,0.00001129
7.667999,0.00001146,0.00001111,0.00001130,0.00001136,0.00001128,0.00001127,0.00001117,0.00001129
7.669999,0.00001146,0.00001111,0.00001130,0.00001136,0.00001129,0.00001127,0.00001117,0.00001129
7.672000,0.00001146,0.00001111,0.00001130,0.00001136,0.00001129,0.00001127,0.00001117,0.00001129
7.674000,0.00001146,0.00001111,0.00001130,0.00001136,0.00001129,0.00001127,0.00001117,0.00001129
7.676000,0.00001146,0.00001111,0.00001131,0.00001136,0.00001129,0.00001127,0.00001117,0.00001129
7.677999,0.00001146,0.00001111,0.00001131,0.00001136,0.00001129,0.00001127,0.00001118,0.00001129
7.679999,0.00001146,0.00001111,0.00001131,0.00001136,0.00001129,0.00001127,0.00001118,0.00001129
7.682000,0.00001146,0.00001111,0.00001131,0.00001137,0.00001129,0.00001127,0.00001118,0.00001129
7.684000,0.00001146,0.00001111,0.00001131,0.00001137,0.00001129,0.00001127,0.00001118,0.00001129
7.685999,0.00001146,0.00001111,0.00001131,0.00001137,0.00001129,0.00001127,0.00001118,0.00001129
7.687999,0.00001146,0.00001111,0.00001131,0.00001137,0.00001129,0.00001127,0.00001118,0.00001130
7.689999,0.00001146,0.00001111,0.00001131,0.00001137,0.00001129,0.00001127,0.00001118,0.00001130
7.692000,0.00001146,0.00001111,0.00001131,0.00001137,0.00001129,0.00001127,0.00001118,0.00001130
7.694000,0.00001146,0.00001111,0.00001131,0.00001137,0.00001129,0.00001127,0.00001118,0.00001130
7.695999,0.00001147,0.00001111,0.00001131,0.00001137,0.00001129,0.00001128,0.00001118,0.00001130
7.697999,0.00001147,0.00001112,0.00001131,0.00001137,0.00001130,0.00001128,0.00001118,0.00001130
7.699999,0.00001147,0.00001112,0.00001131,0.00001137,0.00001130,0.00001128,0.00001118,0.00001130
7.702000,0.00001147,0.00001112,0.00001132,0.00001137,0.00001130,0.00001128,0.00001118,0.00001130
7.704000,0.00001147,0.00001112,0.00001132,0.00001137,0.00001130,0.00001128,0.00001118,0.00001130
7.705999,0.00001147,0.00001112,0.00001132,0.00001137,0.00001130,0.00001128,0.00001119,0.00001130
7.707999,0.00001147,0.00001112,0.00001132,0.00001138,0.00001130,0.00001128,0.00001119,0.00001130
7.710000,0.00001147,0.00001112,0.00001132,0.00001138,0.00001130,0.00001128,0.00001119,0.00001130
7.712000,0.00001147,0.00001112,0.00001132,0.00001138,0.00001130,0.00001128,0.00001119,0.00001130
7.713999,0.00001147,0.00001112,0.00001132,0.00001138,0.00001130,0.00001128,0.00001119,0.00001130
7.715999,0.00001147,0.00001112,0.00001132,0.00001138,0.00001130,0.00001128,0.00001119,0.00001131
7.717999,0.00001147,0.00001112,0.00001132,0.00001138,0.00001130,0.00001128,0.00001119,0.00001131
7.720000,0.00001147,0.00001112,0.00001132,0.00001138,0.00001130,0.00001128,0.00001119,0.00001131
7.722000,0.00001148,0.00001112,0.00001132,0.00001138,0.00001130,0.00001128,0.00001119,0.00001131
7.724000,0.00001148,0.00001112,0.00001132,0.00001138,0.00001130,0.00001129,0.00001119,0.00001131
7.725999,0.00001148,0.00001113,0.00001132,0.00001138,0.00001131,0.00001129,0.00001119,0.00001131
7.727999,0.00001148,0.00001113,0.00001132,0.00001138,0.00001131,0.00001129,0.00001119,0.00001131
7.730000,0.00001148,0.00001113,0.00001133,0.00001138,0.00001131,0.00001129,0.00001119,0.00001131
7.731999,0.00001148,0.00001113,0.00001133,0.00001138,0.00001131,0.00001129,0.00001119,0.00001131
7.733999,0.00001148,0.00001113,0.00001133,0.00001138,0.00001131,0.00001129,0.00001120,0.00001131
7.735999,0.00001148,0.00001113,0.00001133,0.00001139,0.00001131,0.00001129,0.00001120,0.00001131
7.737999,0.00001148,0.00001113,0.00001133,0.00001139,0.00001131,0.00001129,0.00001120,0.00001131
7.740000,0.00001148,0.00001113,0.00001133,0.00001139,0.00001131,0.00001129,0.00001120,0.00001131
7.742000,0.00001148,0.00001113,0.00001133,0.00001139,0.00001131,0.00001129,0.00001120,0.00001131
7.743999,0.00001148,0.00001113,0.00001133,0.00001139,0.00001131,0.00001129,0.00001120,0.00001132
7.745999,0.00001148,0.00001113,0.00001133,0.00001139,0.00001131,0.00001129,0.00001120,0.00001132
7.747999,0.00001148,0.00001113,0.00001133,0.00001139,0.00001131,0.00001129,0.00001120,0.00001132
7.750000,0.00001149,0.00001113,0.00001133,0.00001139,0.00001131,0.00001129,0.00001120,0.00001132
7.751999,0.00001149,0.00001113,0.00001133,0.00001139,0.00001131,0.00001130,0.00001120,0.00001132
7.753999,0.00001149,0.00001114,0.00001133,0.00001139,0.00001132,0.00001130,0.00001120,0.00001132
7.755999,0.00001149,0.00001114,0.00001133,0.00001139,0.00001132,0.00001130,0.00001120,0.00001132
7.757999,0.00001149,0.00001114,0.00001134,0.00001139,0.00001132,0.00001130,0.00001120,0.00001132
7.760000,0.00001149,0.00001114,0.00001134,0.00001139,0.00001132,0.00001130,0.00001120,0.00001132
7.762000,0.00001149,0.00001114,0.00001134,0.00001139,0.00001132,0.00001130,0.00001121,0.00001132
7.763999,0.00001149,0.00001114,0.00001134,0.00001140,0.00001132,0.00001130,0.00001121,0.00001132
7.765999,0.00001149,0.00001114,0.00001134,0.00001140,0.00001132,0.00001130,0.00001121,0.00001132
7.767999,0.00001149,0.00001114,0.00001134,0.00001140,0.00001132,0.00001130,0.00001121,0.00001132
7.770000,0.00001149,0.00001114,0.00001134,0.00001140,0.00001132,0.00001130,0.00001121,0.00001133
7.771999,0.00001149,0.00001114,0.00001134,0.00001140,0.00001132,0.00001130,0.00001121,0.00001133
7.773999,0.00001149,0.00001114,0.00001134,0.00001140,0.00001132,0.00001130,0.00001121,0.00001133
7.775999,0.00001150,0.00001114,0.00001134,0.00001140,0.00001132,0.00001130,0.00001121,0.00001133
7.777999,0.00001150,0.00001114,0.00001134,0.00001140,0.00001132,0.00001130,0.00001121,0.00001133
7.780000,0.00001150,0.00001114,0.00001134,0.00001140,0.00001133,0.00001131,0.00001121,0.00001133
7.782000,0.00001150,0.00001114,0.00001134,0.00001140,0.00001133,0.00001131,0.00001121,0.00001133
7.783999,0.00001150,0.00001115,0.00001134,0.00001140,0.00001133,0.00001131,0.00001121,0.00001133
7.785999,0.00001150,0.00001115,0.00001135,0.00001140,0.00001133,0.00001131,0.00001121,0.00001133
7.788000,0.00001150,0.00001115,0.00001135,0.00001140,0.00001133,0.00001131,0.00001121,0.00001133
7.789999,0.00001150,0.00001115,0.00001135,0.00001140,0.00001133,0.00001131,0.00001122,0.00001133
7.791999,0.00001150,0.00001115,0.00001135,0.00001141,0.00001133,0.00001131,0.00001122,0.00001133
7.793999,0.00001150,0.00001115,0.00001135,0.00001141,0.00001133,0.00001131,0.00001122,0.00001133
7.795999,0.00001150,0.00001115,0.00001135,0.00001141,0.00001133,0.00001131,0.00001122,0.00001133
7.798000,0.00001150,0.00001115,0.00001135,0.00001141,0.00001133,0.00001131,0.00001122,0.00001134
7.800000,0.00001150,0.00001115,0.00001135,0.00001141,0.00001133,0.00001131,0.00001122,0.00001134
7.802000,0.00001150,0.00001115,0.00001135,0.00001141,0.00001133,0.00001131,0.00001122,0.00001134
7.803999,0.00001151,0.00001115,0.00001135,0.00001141,0.00001133,0.00001131,0.00001122,0.00001134
7.805999,0.00001151,0.00001115,0.00001135,0.00001141,0.00001133,0.00001131,0.00001122,0.00001134
7.808000,0.00001151,0.00001115,0.00001135,0.00001141,0.00001134,0.00001132,0.00001122,0.00001134
7.809999,0.00001151,0.00001115,0.00001135,0.00001141,0.00001134,0.00001132,0.00001122,0.00001134
7.811999,0.00001151,0.00001116,0.00001135,0.00001141,0.00001134,0.00001132,0.00001122,0.00001134
7.813999,0.00001151,0.00001116,0.00001136,0.00001141,0.00001134,0.00001132,0.00001122,0.00001134
7.815999,0.00001151,0.00001116,0.00001136,0.00001141,0.00001134,0.00001132,0.00001122,0.00001134
7.818000,0.00001151,0.00001116,0.00001136,0.00001141,0.00001134,0.00001132,0.00001123,0.00001134
7.820000,0.00001151,0.00001116,0.00001136,0.00001142,0.00001134,0.00001132,0.00001123,0.00001134
7.822000,0.00001151,0.00001116,0.00001136,0.00001142,0.00001134,0.00001132,0.00001123,0.00001134
7.823999,0.00001151,0.00001116,0.00001136,0.00001142,0.00001134,0.00001132,0.00001123,0.00001134
7.825999,0.00001151,0.00001116,0.00001136,0.00001142,0.00001134,0.00001132,0.00001123,0.00001135
7.828000,0.00001151,0.00001116,0.00001136,0.00001142,0.00001134,0.00001132,0.00001123,0.00001135
7.829999,0.00001152,0.00001116,0.00001136,0.00001142,0.00001134,0.00001132,0.00001123,0.00001135
7.831999,0.00001152,0.00001116,0.00001136,0.00001142,0.00001134,0.00001132,0.00001123,0.00001135
7.833999,0.00001152,0.00001116,0.00001136,0.00001142,0.00001134,0.00001132,0.00001123,0.00001135
7.835999,0.00001152,0.00001116,0.00001136,0.00001142,0.00001135,0.00001133,0.00001123,0.00001135
7.838000,0.00001152,0.00001116,0.00001136,0.00001142,0.00001135,0.00001133,0.00001123,0.00001135
7.840000,0.00001152,0.00001117,0.00001137,0.00001142,0.00001135,0.00001133,0.00001123,0.00001135
7.842000,0.00001152,0.00001117,0.00001137,0.00001142,0.00001135,0.00001133,0.00001123,0.00001135
7.843999,0.00001152,0.00001117,0.00001137,0.00001142,0.00001135,0.00001133,0.00001123,0.00001135
7.845999,0.00001152,0.00001117,0.00001137,0.00001143,0.00001135,0.00001133,0.00001124,0.00001135
7.848000,0.00001152,0.00001117,0.00001137,0.00001143,0.00001135,0.00001133,0.00001124,0.00001135
7.849999,0.00001152,0.00001117,0.00001137,0.00001143,0.00001135,0.00001133,0.00001124,0.00001135
7.851999,0.00001152,0.00001117,0.00001137,0.00001143,0.00001135,0.00001133,0.00001124,0.00001135
7.853999,0.00001152,0.00001117,0.00001137,0.00001143,0.00001135,0.00001133,0.00001124,0.00001136
7.856000,0.00001152,0.00001117,0.00001137,0.00001143,0.00001135,0.00001133,0.00001124,0.00001136
7.858000,0.00001153,0.00001117,0.00001137,0.00001143,0.00001135,0.00001133,0.00001124,0.00001136
7.860000,0.00001153,0.00001117,0.00001137,0.00001143,0.00001135,0.00001133,0.00001124,0.00001136
7.862000,0.00001153,0.00001117,0.00001137,0.00001143,0.00001135,0.00001133,0.00001124,0.00001136
7.863999,0.00001153,0.00001117,0.00001137,0.00001143,0.00001136,0.00001134,0.00001124,0.00001136
7.866000,0.00001153,0.00001117,0.00001137,0.00001143,0.00001136,0.00001134,0.00001124,0.00001136
7.868000,0.00001153,0.00001118,0.00001138,0.00001143,0.00001136,0.00001134,0.00001124,0.00001136
7.869999,0.00001153,0.00001118,0.00001138,0.00001143,0.00001136,0.00001134,0.00001124,0.00001136
7.871999,0.00001153,0.00001118,0.00001138,0.00001143,0.00001136,0.00001134,0.00001124,0.00001136
7.873999,0.00001153,0.00001118,0.00001138,0.00001144,0.00001136,0.00001134,0.00001125,0.00001136
7.876000,0.00001153,0.00001118,0.00001138,0.00001144,0.00001136,0.00001134,0.00001125,0.00001136
7.878000,0.00001153,0.00001118,0.00001138,0.00001144,0.00001136,0.00001134,0.00001125,0.00001136
7.880000,0.00001153,0.00001118,0.00001138,0.00001144,0.00001136,0.00001134,0.00001125,0.00001136
7.881999,0.00001153,0.00001118,0.00001138,0.00001144,0.00001136,0.00001134,0.00001125,0.00001137
7.883999,0.00001154,0.00001118,0.00001138,0.00001144,0.00001136,0.00001134,0.00001125,0.00001137
7.886000,0.00001154,0.00001118,0.00001138,0.00001144,0.00001136,0.00001134,0.00001125,0.00001137
7.888000,0.00001154,0.00001118,0.00001138,0.00001144,0.00001136,0.00001134,0.00001125,0.00001137
7.889999,0.00001154,0.00001118,0.00001138,0.00001144,0.00001136,0.00001134,0.00001125,0.00001137
7.891999,0.00001154,0.00001118,0.00001138,0.00001144,0.00001137,0.00001135,0.00001125,0.00001137
7.893999,0.00001154,0.00001118,0.00001138,0.00001144,0.00001137,0.00001135,0.00001125,0.00001137
7.896000,0.00001154,0.00001119,0.00001139,0.00001144,0.00001137,0.00001135,0.00001125,0.00001137
7.898000,0.00001154,0.00001119,0.00001139,0.00001144,0.00001137,0.00001135,0.00001125,0.00001137
7.900000,0.00001154,0.00001119,0.00001139,0.00001144,0.00001137,0.00001135,0.00001125,0.00001137
7.901999,0.00001154,0.00001119,0.00001139,0.00001145,0.00001137,0.00001135,0.00001126,0.00001137
7.903999,0.00001154,0.00001119,0.00001139,0.00001145,0.00001137,0.00001135,0.00001126,0.00001137
7.906000,0.00001154,0.00001119,0.00001139,0.00001145,0.00001137,0.00001135,0.00001126,0.00001137
7.908000,0.00001154,0.00001119,0.00001139,0.00001145,0.00001137,0.00001135,0.00001126,0.00001137
7.909999,0.00001154,0.00001119,0.00001139,0.00001145,0.00001137,0.00001135,0.00001126,0.00001138
7.911999,0.00001155,0.00001119,0.00001139,0.00001145,0.00001137,0.00001135,0.00001126,0.00001138
7.913999,0.00001155,0.00001119,0.00001139,0.00001145,0.00001137,0.00001135,0.00001126,0.00001138
7.916000,0.00001155,0.00001119,0.00001139,0.00001145,0.00001137,0.00001135,0.00001126,0.00001138
7.918000,0.00001155,0.00001119,0.00001139,0.00001145,0.00001137,0.00001136,0.00001126,0.00001138
7.920000,0.00001155,0.00001119,0.00001139,0.00001145,0.00001138,0.00001136,0.00001126,0.00001138
7.921999,0.00001155,0.00001119,0.00001139,0.00001145,0.00001138,0.00001136,0.00001126,0.00001138
7.923999,0.00001155,0.00001120,0.00001140,0.00001145,0.00001138,0.00001136,0.00001126,0.00001138
7.926000,0.00001155,0.00001120,0.00001140,0.00001145,0.00001138,0.00001136,0.00001126,0.00001138
7.927999,0.00001155,0.00001120,0.00001140,0.00001146,0.00001138,0.00001136,0.00001126,0.00001138
7.929999,0.00001155,0.00001120,0.00001140,0.00001146,0.00001138,0.00001136,0.00001127,0.00001138
7.931999,0.00001155,0.00001120,0.00001140,0.00001146,0.00001138,0.00001136,0.00001127,0.00001138
7.934000,0.00001155,0.00001120,0.00001140,0.00001146,0.00001138,0.00001136,0.00001127,0.00001138
7.936000,0.00001155,0.00001120,0.00001140,0.00001146,0.00001138,0.00001136,0.00001127,0.00001139
7.938000,0.00001156,0.00001120,0.00001140,0.00001146,0.00001138,0.00001136,0.00001127,0.00001139
7.939999,0.00001156,0.00001120,0.00001140,0.00001146,0.00001138,0.00001136,0.00001127,0.00001139
7.941999,0.00001156,0.00001120,0.00001140,0.00001146,0.00001138,0.00001136,0.00001127,0.00001139
7.944000,0.00001156,0.00001120,0.00001140,0.00001146,0.00001138,0.00001136,0.00001127,0.00001139
7.946000,0.00001156,0.00001120,0.00001140,0.00001146,0.00001139,0.00001137,0.00001127,0.00001139
7.947999,0.00001156,0.00001120,0.00001140,0.00001146,0.00001139,0.00001137,0.00001127,0.00001139
7.949999,0.00001156,0.00001120,0.00001141,0.00001146,0.00001139,0.00001137,0.00001127,0.00001139
7.951999,0.00001156,0.00001120,0.00001141,0.00001146,0.00001139,0.00001137,0.00001127,0.00001139
7.954000,0.00001156,0.00001121,0.00001141,0.00001146,0.00001139,0.00001137,0.00001127,0.00001139
7.955999,0.00001156,0.00001121,0.00001141,0.00001147,0.00001139,0.00001137,0.00001127,0.00001139
7.957999,0.00001156,0.00001121,0.00001141,0.00001147,0.00001139,0.00001137,0.00001128,0.00001139
7.959999,0.00001156,0.00001121,0.00001141,0.00001147,0.00001139,0.00001137,0.00001128,0.00001139
7.961999,0.00001156,0.00001121,0.00001141,0.00001147,0.00001139,0.00001137,0.00001128,0.00001139
7.964000,0.00001156,0.00001121,0.00001141,0.00001147,0.00001139,0.00001137,0.00001128,0.00001140
7.966000,0.00001157,0.00001121,0.00001141,0.00001147,0.00001139,0.00001137,0.00001128,0.00001140
7.967999,0.00001157,0.00001121,0.00001141,0.00001147,0.00001139,0.00001137,0.00001128,0.00001140
7.969999,0.00001157,0.00001121,0.00001141,0.00001147,0.00001139,0.00001137,0.00001128,0.00001140
7.971999,0.00001157,0.00001121,0.00001141,0.00001147,0.00001139,0.00001137,0.00001128,0.00001140
7.974000,0.00001157,0.00001121,0.00001141,0.00001147,0.00001140,0.00001138,0.00001128,0.00001140
7.975999,0.00001157,0.00001121,0.00001141,0.00001147,0.00001140,0.00001138,0.00001128,0.00001140
7.977999,0.00001157,0.00001121,0.00001142,0.00001147,0.00001140,0.00001138,0.00001128,0.00001140
7.979999,0.00001157,0.00001121,0.00001142,0.00001147,0.00001140,0.00001138,0.00001128,0.00001140
7.981999,0.00001157,0.00001122,0.00001142,0.00001147,0.00001140,0.00001138,0.00001128,0.00001140
7.984000,0.00001157,0.00001122,0.00001142,0.00001148,0.00001140,0.00001138,0.00001128,0.00001140
7.986000,0.00001157,0.00001122,0.00001142,0.00001148,0.00001140,0.00001138,0.00001129,0.00001140
7.987999,0.00001157,0.00001122,0.00001142,0.00001148,0.00001140,0.00001138,0.00001129,0.00001140
7.989999,0.00001157,0.00001122,0.00001142,0.00001148,0.00001140,0.00001138,0.00001129,0.00001140
7.991999,0.00001158,0.00001122,0.00001142,0.00001148,0.00001140,0.00001138,0.00001129,0.00001141
7.993999,0.00001158,0.00001122,0.00001142,0.00001148,0.00001140,0.00001138,0.00001129,0.00001141
7.995999,0.00001158,0.00001122,0.00001142,0.00001148,0.00001140,0.00001138,0.00001129,0.00001141
7.997999,0.00001158,0.00001122,0.00001142,0.00001148,0.00001140,0.00001138,0.00001129,0.00001141
7.999999,0.00001158,0.00001122,0.00001142,0.00001148,0.00001140,0.00001138,0.00001129,0.00001141
8.001999,0.00001158,0.00001122,0.00001142,0.00001148,0.00001141,0.00001139,0.00001129,0.00001141
8.004000,0.00001158,0.00001122,0.00001142,0.00001148,0.00001141,0.00001139,0.00001129,0.00001141
8.006000,0.00001158,0.00001122,0.00001143,0.00001148,0.00001141,0.00001139,0.00001129,0.00001141
8.007999,0.00001158,0.00001122,0.00001143,0.00001148,0.00001141,0.00001139,0.00001129,0.00001141
8.009999,0.00001158,0.00001123,0.00001143,0.00001149,0.00001141,0.00001139,0.00001129,0.00001141
8.012000,0.00001158,0.00001123,0.00001143,0.00001149,0.00001141,0.00001139,0.00001129,0.00001141
8.014000,0.00001158,0.00001123,0.00001143,0.00001149,0.00001141,0.00001139,0.00001130,0.00001141
8.016000,0.00001158,0.00001123,0.00001143,0.00001149,0.00001141,0.00001139,0.00001130,0.00001141
8.018000,0.00001159,0.00001123,0.00001143,0.00001149,0.00001141,0.00001139,0.00001130,0.00001141
8.020000,0.00001159,0.00001123,0.00001143,0.00001149,0.00001141,0.00001139,0.00001130,0.00001142
8.021999,0.00001159,0.00001123,0.00001143,0.00001149,0.00001141,0.00001139,0.00001130,0.00001142
8.023999,0.00001159,0.00001123,0.00001143,0.00001149,0.00001141,0.00001139,0.00001130,0.00001142
8.025999,0.00001159,0.00001123,0.00001143,0.00001149,0.00001141,0.00001139,0.00001130,0.00001142
8.027999,0.00001159,0.00001123,0.00001143,0.00001149,0.00001141,0.00001139,0.00001130,0.00001142
8.029999,0.00001159,0.00001123,0.00001143,0.00001149,0.00001142,0.00001140,0.00001130,0.00001142
8.032000,0.00001159,0.00001123,0.00001143,0.00001149,0.00001142,0.00001140,0.00001130,0.00001142
8.033999,0.00001159,0.00001123,0.00001144,0.00001149,0.00001142,0.00001140,0.00001130,0.00001142
8.035999,0.00001159,0.00001123,0.00001144,0.00001149,0.00001142,0.00001140,0.00001130,0.00001142
8.037999,0.00001159,0.00001124,0.00001144,0.00001150,0.00001142,0.00001140,0.00001130,0.00001142
8.039999,0.00001159,0.00001124,0.00001144,0.00001150,0.00001142,0.00001140,0.00001130,0.00001142
8.042000,0.00001159,0.00001124,0.00001144,0.00001150,0.00001142,0.00001140,0.00001131,0.00001142
8.044000,0.00001159,0.00001124,0.00001144,0.00001150,0.00001142,0.00001140,0.00001131,0.00001142
8.046000,0.00001160,0.00001124,0.00001144,0.00001150,0.00001142,0.00001140,0.00001131,0.00001143
8.047999,0.00001160,0.00001124,0.00001144,0.00001150,0.00001142,0.00001140,0.00001131,0.00001143
8.049999,0.00001160,0.00001124,0.00001144,0.00001150,0.00001142,0.00001140,0.00001131,0.00001143
8.052000,0.00001160,0.00001124,0.00001144,0.00001150,0.00001142,0.00001140,0.00001131,0.00001143
8.054000,0.00001160,0.00001124,0.00001144,0.00001150,0.00001142,0.00001140,0.00001131,0.00001143
8.056000,0.00001160,0.00001124,0.00001144,0.00001150,0.00001143,0.00001141,0.00001131,0.00001143
8.058000,0.00001160,0.00001124,0.00001144,0.00001150,0.00001143,0.00001141,0.00001131,0.00001143
8.059999,0.00001160,0.00001124,0.00001145,0.00001150,0.00001143,0.00001141,0.00001131,0.00001143
8.061999,0.00001160,0.00001124,0.00001145,0.00001150,0.00001143,0.00001141,0.00001131,0.00001143
8.063999,0.00001160,0.00001124,0.00001145,0.00001151,0.00001143,0.00001141,0.00001131,0.00001143
8.065999,0.00001160,0.00001125,0.00001145,0.00001151,0.00001143,0.00001141,0.00001131,0.00001143
8.067999,0.00001160,0.00001125,0.00001145,0.00001151,0.00001143,0.00001141,0.00001131,0.00001143
8.069999,0.00001160,0.00001125,0.00001145,0.00001151,0.00001143,0.00001141,0.00001132,0.00001143
8.072000,0.00001161,0.00001125,0.00001145,0.00001151,0.00001143,0.00001141,0.00001132,0.00001143
8.073999,0.00001161,0.00001125,0.00001145,0.00001151,0.00001143,0.00001141,0.00001132,0.00001144
8.075999,0.00001161,0.00001125,0.00001145,0.00001151,0.00001143,0.00001141,0.00001132,0.00001144
8.077999,0.00001161,0.00001125,0.00001145,0.00001151,0.00001143,0.00001141,0.00001132,0.00001144
8.080000,0.00001161,0.00001125,0.00001145,0.00001151,0.00001143,0.00001141,0.00001132,0.00001144
8.082000,0.00001161,0.00001125,0.00001145,0.00001151,0.00001143,0.00001141,0.00001132,0.00001144
8.084000,0.00001161,0.00001125,0.00001145,0.00001151,0.00001144,0.00001142,0.00001132,0.00001144
8.085999,0.00001161,0.00001125,0.00001145,0.00001151,0.00001144,0.00001142,0.00001132,0.00001144
8.087999,0.00001161,0.00001125,0.00001146,0.00001151,0.00001144,0.00001142,0.00001132,0.00001144
8.090000,0.00001161,0.00001125,0.00001146,0.00001151,0.00001144,0.00001142,0.00001132,0.00001144
8.092000,0.00001161,0.00001125,0.00001146,0.00001152,0.00001144,0.00001142,0.00001132,0.00001144
8.094000,0.00001161,0.00001126,0.00001146,0.00001152,0.00001144,0.00001142,0.00001132,0.00001144
8.096000,0.00001161,0.00001126,0.00001146,0.00001152,0.00001144,0.00001142,0.00001132,0.00001144
8.098000,0.00001161,0.00001126,0.00001146,0.00001152,0.00001144,0.00001142,0.00001133,0.00001144
8.099999,0.00001162,0.00001126,0.00001146,0.00001152,0.00001144,0.00001142,0.00001133,0.00001144
8.101999,0.00001162,0.00001126,0.00001146,0.00001152,0.00001144,0.00001142,0.00001133,0.00001145
8.103999,0.00001162,0.00001126,0.00001146,0.00001152,0.00001144,0.00001142,0.00001133,0.00001145
8.105999,0.00001162,0.00001126,0.00001146,0.00001152,0.00001144,0.00001142,0.00001133,0.00001145
8.107999,0.00001162,0.00001126,0.00001146,0.00001152,0.00001144,0.00001142,0.00001133,0.00001145
8.110000,0.00001162,0.00001126,0.00001146,0.00001152,0.00001144,0.00001142,0.00001133,0.00001145
8.112000,0.00001162,0.00001126,0.00001146,0.00001152,0.00001145,0.00001143,0.00001133,0.00001145
8.113999,0.00001162,0.00001126,0.00001147,0.00001152,0.00001145,0.00001143,0.00001133,0.00001145
8.115999,0.00001162,0.00001126,0.00001147,0.00001152,0.00001145,0.00001143,0.00001133,0.00001145
8.117999,0.00001162,0.00001126,0.00001147,0.00001153,0.00001145,0.00001143,0.00001133,0.00001145
8.120000,0.00001162,0.00001126,0.00001147,0.00001153,0.00001145,0.00001143,0.00001133,0.00001145
8.122000,0.00001162,0.00001127,0.00001147,0.00001153,0.00001145,0.00001143,0.00001133,0.00001145
8.124000,0.00001162,0.00001127,0.00001147,0.00001153,0.00001145,0.00001143,0.00001133,0.00001145
8.125999,0.00001163,0.00001127,0.00001147,0.00001153,0.00001145,0.00001143,0.00001134,0.00001145
8.127999,0.00001163,0.00001127,0.00001147,0.00001153,0.00001145,0.00001143,0.00001134,0.00001146
8.130000,0.00001163,0.00001127,0.00001147,0.00001153,0.00001145,0.00001143,0.00001134,0.00001146
8.132000,0.00001163,0.00001127,0.00001147,0.00001153,0.00001145,0.00001143,0.00001134,0.00001146
8.134000,0.00001163,0.00001127,0.00001147,0.00001153,0.00001145,0.00001143,0.00001134,0.00001146
8.136000,0.00001163,0.00001127,0.00001147,0.00001153,0.00001145,0.00001143,0.00001134,0.00001146
8.137999,0.00001163,0.00001127,0.00001147,0.00001153,0.00001146,0.00001143,0.00001134,0.00001146
8.139999,0.00001163,0.00001127,0.00001147,0.00001153,0.00001146,0.00001144,0.00001134,0.00001146
8.141999,0.00001163,0.00001127,0.00001148,0.00001153,0.00001146,0.00001144,0.00001134,0.00001146
8.143999,0.00001163,0.00001127,0.00001148,0.00001153,0.00001146,0.00001144,0.00001134,0.00001146
8.145999,0.00001163,0.00001127,0.00001148,0.00001154,0.00001146,0.00001144,0.00001134,0.00001146
8.147999,0.00001163,0.00001127,0.00001148,0.00001154,0.00001146,0.00001144,0.00001134,0.00001146
8.150000,0.00001163,0.00001128,0.00001148,0.00001154,0.00001146,0.00001144,0.00001134,0.00001146
8.151999,0.00001164,0.00001128,0.00001148,0.00001154,0.00001146,0.00001144,0.00001134,0.00001146
8.153999,0.00001164,0.00001128,0.00001148,0.00001154,0.00001146,0.00001144,0.00001135,0.00001146
8.155999,0.00001164,0.00001128,0.00001148,0.00001154,0.00001146,0.00001144,0.00001135,0.00001147
8.158000,0.00001164,0.00001128,0.00001148,0.00001154,0.00001146,0.00001144,0.00001135,0.00001147
8.160000,0.00001164,0.00001128,0.00001148,0.00001154,0.00001146,0.00001144,0.00001135,0.00001147
8.162000,0.00001164,0.00001128,0.00001148,0.00001154,0.00001146,0.00001144,0.00001135,0.00001147
8.164000,0.00001164,0.00001128,0.00001148,0.00001154,0.00001146,0.00001144,0.00001135,0.00001147
8.165999,0.00001164,0.00001128,0.00001148,0.00001154,0.00001147,0.00001145,0.00001135,0.00001147
8.168000,0.00001164,0.00001128,0.00001148,0.00001154,0.00001147,0.00001145,0.00001135,0.00001147
8.170000,0.00001164,0.00001128,0.00001149,0.00001154,0.00001147,0.00001145,0.00001135,0.00001147
8.171999,0.00001164,0.00001128,0.00001149,0.00001155,0.00001147,0.00001145,0.00001135,0.00001147
8.173999,0.00001164,0.00001128,0.00001149,0.00001155,0.00001147,0.00001145,0.00001135,0.00001147
8.175999,0.00001164,0.00001128,0.00001149,0.00001155,0.00001147,0.00001145,0.00001135,0.00001147
8.177999,0.00001164,0.00001129,0.00001149,0.00001155,0.00001147,0.00001145,0.00001135,0.00001147
8.179999,0.00001165,0.00001129,0.00001149,0.00001155,0.00001147,0.00001145,0.00001136,0.00001147
8.181999,0.00001165,0.00001129,0.00001149,0.00001155,0.00001147,0.00001145,0.00001136,0.00001147
8.183999,0.00001165,0.00001129,0.00001149,0.00001155,0.00001147,0.00001145,0.00001136,0.00001148
8.185999,0.00001165,0.00001129,0.00001149,0.00001155,0.00001147,0.00001145,0.00001136,0.00001148
8.188000,0.00001165,0.00001129,0.00001149,0.00001155,0.00001147,0.00001145,0.00001136,0.00001148
8.190000,0.00001165,0.00001129,0.00001149,0.00001155,0.00001147,0.00001145,0.00001136,0.00001148
8.191999,0.00001165,0.00001129,0.00001149,0.00001155,0.00001147,0.00001145,0.00001136,0.00001148
8.193999,0.00001165,0.00001129,0.00001149,0.00001155,0.00001148,0.00001146,0.00001136,0.00001148
8.195999,0.00001165,0.00001129,0.00001150,0.00001155,0.00001148,0.00001146,0.00001136,0.00001148
8.198000,0.00001165,0.00001129,0.00001150,0.00001155,0.00001148,0.00001146,0.00001136,0.00001148
8.200000,0.00001165,0.00001129,0.00001150,0.00001156,0.00001148,0.00001146,0.00001136,0.00001148
8.202000,0.00001165,0.00001129,0.00001150,0.00001156,0.00001148,0.00001146,0.00001136,0.00001148
8.204000,0.00001165,0.00001129,0.00001150,0.00001156,0.00001148,0.00001146,0.00001136,0.00001148
8.205999,0.00001166,0.00001130,0.00001150,0.00001156,0.00001148,0.00001146,0.00001136,0.00001148
8.207999,0.00001166,0.00001130,0.00001150,0.00001156,0.00001148,0.00001146,0.00001137,0.00001148
8.209999,0.00001166,0.00001130,0.00001150,0.00001156,0.00001148,0.00001146,0.00001137,0.00001149
8.211999,0.00001166,0.00001130,0.00001150,0.00001156,0.00001148,0.00001146,0.00001137,0.00001149
8.213999,0.00001166,0.00001130,0.00001150,0.00001156,0.00001148,0.00001146,0.00001137,0.00001149
8.215999,0.00001166,0.00001130,0.00001150,0.00001156,0.00001148,0.00001146,0.00001137,0.00001149
8.217999,0.00001166,0.00001130,0.00001150,0.00001156,0.00001148,0.00001146,0.00001137,0.00001149
8.219999,0.00001166,0.00001130,0.00001150,0.00001156,0.00001149,0.00001146,0.00001137,0.00001149
8.221999,0.00001166,0.00001130,0.00001151,0.00001156,0.00001149,0.00001147,0.00001137,0.00001149
8.223999,0.00001166,0.00001130,0.00001151,0.00001156,0.00001149,0.00001147,0.00001137,0.00001149
8.225999,0.00001166,0.00001130,0.00001151,0.00001157,0.00001149,0.00001147,0.00001137,0.00001149
8.228000,0.00001166,0.00001130,0.00001151,0.00001157,0.00001149,0.00001147,0.00001137,0.00001149
8.230000,0.00001166,0.00001130,0.00001151,0.00001157,0.00001149,0.00001147,0.00001137,0.00001149
8.231999,0.00001167,0.00001130,0.00001151,0.00001157,0.00001149,0.00001147,0.00001137,0.00001149
8.233999,0.00001167,0.00001131,0.00001151,0.00001157,0.00001149,0.00001147,0.00001137,0.00001149
8.236000,0.00001167,0.00001131,0.00001151,0.00001157,0.00001149,0.00001147,0.00001138,0.00001149
8.238000,0.00001167,0.00001131,0.00001151,0.00001157,0.00001149,0.00001147,0.00001138,0.00001150
8.240000,0.00001167,0.00001131,0.00001151,0.00001157,0.00001149,0.00001147,0.00001138,0.00001150
8.242000,0.00001167,0.00001131,0.00001151,0.00001157,0.00001149,0.00001147,0.00001138,0.00001150
8.243999,0.00001167,0.00001131,0.00001151,0.00001157,0.00001149,0.00001147,0.00001138,0.00001150
8.245999,0.00001167,0.00001131,0.00001151,0.00001157,0.00001149,0.00001147,0.00001138,0.00001150
8.247999,0.00001167,0.00001131,0.00001151,0.00001157,0.00001150,0.00001148,0.00001138,0.00001150
8.249999,0.00001167,0.00001131,0.00001152,0.00001157,0.00001150,0.00001148,0.00001138,0.00001150
8.251999,0.00001167,0.00001131,0.00001152,0.00001157,0.00001150,0.00001148,0.00001138,0.00001150
8.253999,0.00001167,0.00001131,0.00001152,0.00001158,0.00001150,0.00001148,0.00001138,0.00001150
8.256000,0.00001167,0.00001131,0.00001152,0.00001158,0.00001150,0.00001148,0.00001138,0.00001150
8.257999,0.00001168,0.00001131,0.00001152,0.00001158,0.00001150,0.00001148,0.00001138,0.00001150
8.259999,0.00001168,0.00001131,0.00001152,0.00001158,0.00001150,0.00001148,0.00001138,0.00001150
8.261999,0.00001168,0.00001132,0.00001152,0.00001158,0.00001150,0.00001148,0.00001138,0.00001150
8.263999,0.00001168,0.00001132,0.00001152,0.00001158,0.00001150,0.00001148,0.00001139,0.00001151
8.266000,0.00001168,0.00001132,0.00001152,0.00001158,0.00001150,0.00001148,0.00001139,0.00001151
8.268000,0.00001168,0.00001132,0.00001152,0.00001158,0.00001150,0.00001148,0.00001139,0.00001151
8.270000,0.00001168,0.00001132,0.00001152,0.00001158,0.00001150,0.00001148,0.00001139,0.00001151
8.271999,0.00001168,0.00001132,0.00001152,0.00001158,0.00001150,0.00001148,0.00001139,0.00001151
8.273999,0.00001168,0.00001132,0.00001152,0.00001158,0.00001151,0.00001148,0.00001139,0.00001151
8.276000,0.00001168,0.00001132,0.00001153,0.00001158,0.00001151,0.00001149,0.00001139,0.00001151
8.278000,0.00001168,0.00001132,0.00001153,0.00001158,0.00001151,0.00001149,0.00001139,0.00001151
8.280000,0.00001168,0.00001132,0.00001153,0.00001159,0.00001151,0.00001149,0.00001139,0.00001151
8.282000,0.00001168,0.00001132,0.00001153,0.00001159,0.00001151,0.00001149,0.00001139,0.00001151
8.283999,0.00001168,0.00001132,0.00001153,0.00001159,0.00001151,0.00001149,0.00001139,0.00001151
8.285999,0.00001169,0.00001132,0.00001153,0.00001159,0.00001151,0.00001149,0.00001139,0.00001151
8.287999,0.00001169,0.00001132,0.00001153,0.00001159,0.00001151,0.00001149,0.00001139,0.00001151
8.289999,0.00001169,0.00001133,0.00001153,0.00001159,0.00001151,0.00001149,0.00001139,0.00001151
8.291999,0.00001169,0.00001133,0.00001153,0.00001159,0.00001151,0.00001149,0.00001140,0.00001152
8.293999,0.00001169,0.00001133,0.00001153,0.00001159,0.00001151,0.00001149,0.00001140,0.00001152
8.296000,0.00001169,0.00001133,0.00001153,0.00001159,0.00001151,0.00001149,0.00001140,0.00001152
8.297999,0.00001169,0.00001133,0.00001153,0.00001159,0.00001151,0.00001149,0.00001140,0.00001152
8.299999,0.00001169,0.00001133,0.00001153,0.00001159,0.00001151,0.00001149,0.00001140,0.00001152
8.301999,0.00001169,0.00001133,0.00001153,0.00001159,0.00001152,0.00001150,0.00001140,0.00001152
8.303999,0.00001169,0.00001133,0.00001154,0.00001159,0.00001152,0.00001150,0.00001140,0.00001152
8.306000,0.00001169,0.00001133,0.00001154,0.00001159,0.00001152,0.00001150,0.00001140,0.00001152
8.308000,0.00001169,0.00001133,0.00001154,0.00001160,0.00001152,0.00001150,0.00001140,0.00001152
8.309999,0.00001169,0.00001133,0.00001154,0.00001160,0.00001152,0.00001150,0.00001140,0.00001152
8.311999,0.00001170,0.00001133,0.00001154,0.00001160,0.00001152,0.00001150,0.00001140,0.00001152
8.314000,0.00001170,0.00001133,0.00001154,0.00001160,0.00001152,0.00001150,0.00001140,0.00001152
8.316000,0.00001170,0.00001133,0.00001154,0.00001160,0.00001152,0.00001150,0.00001140,0.00001152
8.318000,0.00001170,0.00001134,0.00001154,0.00001160,0.00001152,0.00001150,0.00001141,0.00001153
8.320000,0.00001170,0.00001134,0.00001154,0.00001160,0.00001152,0.00001150,0.00001141,0.00001153
8.322000,0.00001170,0.00001134,0.00001154,0.00001160,0.00001152,0.00001150,0.00001141,0.00001153
8.323999,0.00001170,0.00001134,0.00001154,0.00001160,0.00001152,0.00001150,0.00001141,0.00001153
8.325999,0.00001170,0.00001134,0.00001154,0.00001160,0.00001152,0.00001150,0.00001141,0.00001153
8.327999,0.00001170,0.00001134,0.00001154,0.00001160,0.00001153,0.00001150,0.00001141,0.00001153
8.329999,0.00001170,0.00001134,0.00001155,0.00001160,0.00001153,0.00001151,0.00001141,0.00001153
8.331999,0.00001170,0.00001134,0.00001155,0.00001160,0.00001153,0.00001151,0.00001141,0.00001153
8.334000,0.00001170,0.00001134,0.00001155,0.00001161,0.00001153,0.00001151,0.00001141,0.00001153
8.335999,0.00001170,0.00001134,0.00001155,0.00001161,0.00001153,0.00001151,0.00001141,0.00001153
8.337999,0.00001171,0.00001134,0.00001155,0.00001161,0.00001153,0.00001151,0.00001141,0.00001153
8.339999,0.00001171,0.00001134,0.00001155,0.00001161,0.00001153,0.00001151,0.00001141,0.00001153
8.341999,0.00001171,0.00001134,0.00001155,0.00001161,0.00001153,0.00001151,0.00001141,0.00001153
8.344000,0.00001171,0.00001134,0.00001155,0.00001161,0.00001153,0.00001151,0.00001141,0.00001153
8.346000,0.00001171,0.00001135,0.00001155,0.00001161,0.00001153,0.00001151,0.00001142,0.00001154
8.348000,0.00001171,0.00001135,0.00001155,0.00001161,0.00001153,0.00001151,0.00001142,0.00001154
8.349999,0.00001171,0.00001135,0.00001155,0.00001161,0.00001153,0.00001151,0.00001142,0.00001154
8.351999,0.00001171,0.00001135,0.00001155,0.00001161,0.00001153,0.00001151,0.00001142,0.00001154
8.354000,0.00001171,0.00001135,0.00001155,0.00001161,0.00001153,0.00001151,0.00001142,0.00001154
8.356000,0.00001171,0.00001135,0.00001155,0.00001161,0.00001154,0.00001152,0.00001142,0.00001154
8.358000,0.00001171,0.00001135,0.00001156,0.00001161,0.00001154,0.00001152,0.00001142,0.00001154
8.360000,0.00001171,0.00001135,0.00001156,0.00001162,0.00001154,0.00001152,0.00001142,0.00001154
8.361999,0.00001171,0.00001135,0.00001156,0.00001162,0.00001154,0.00001152,0.00001142,0.00001154
8.363999,0.00001172,0.00001135,0.00001156,0.00001162,0.00001154,0.00001152,0.00001142,0.00001154
8.365999,0.00001172,0.00001135,0.00001156,0.00001162,0.00001154,0.00001152,0.00001142,0.00001154
8.367999,0.00001172,0.00001135,0.00001156,0.00001162,0.00001154,0.00001152,0.00001142,0.00001154
8.369999,0.00001172,0.00001135,0.00001156,0.00001162,0.00001154,0.00001152,0.00001142,0.00001154
8.371999,0.00001172,0.00001135,0.00001156,0.00001162,0.00001154,0.00001152,0.00001142,0.00001155
8.374000,0.00001172,0.00001136,0.00001156,0.00001162,0.00001154,0.00001152,0.00001143,0.00001155
8.375999,0.00001172,0.00001136,0.00001156,0.00001162,0.00001154,0.00001152,0.00001143,0.00001155
8.377999,0.00001172,0.00001136,0.00001156,0.00001162,0.00001154,0.00001152,0.00001143,0.00001155
8.379999,0.00001172,0.00001136,0.00001156,0.00001162,0.00001154,0.00001152,0.00001143,0.00001155
8.382000,0.00001172,0.00001136,0.00001156,0.00001162,0.00001155,0.00001152,0.00001143,0.00001155
8.384000,0.00001172,0.00001136,0.00001157,0.00001162,0.00001155,0.00001153,0.00001143,0.00001155
8.386000,0.00001172,0.00001136,0.00001157,0.00001162,0.00001155,0.00001153,0.00001143,0.00001155
8.388000,0.00001172,0.00001136,0.00001157,0.00001163,0.00001155,0.00001153,0.00001143,0.00001155
8.389999,0.00001173,0.00001136,0.00001157,0.00001163,0.00001155,0.00001153,0.00001143,0.00001155
8.392000,0.00001173,0.00001136,0.00001157,0.00001163,0.00001155,0.00001153,0.00001143,0.00001155
8.394000,0.00001173,0.00001136,0.00001157,0.00001163,0.00001155,0.00001153,0.00001143,0.00001155
8.396000,0.00001173,0.00001136,0.00001157,0.00001163,0.00001155,0.00001153,0.00001143,0.00001155
8.397999,0.00001173,0.00001136,0.00001157,0.00001163,0.00001155,0.00001153,0.00001143,0.00001155
8.399999,0.00001173,0.00001137,0.00001157,0.00001163,0.00001155,0.00001153,0.00001143,0.00001156
8.401999,0.00001173,0.00001137,0.00001157,0.00001163,0.00001155,0.00001153,0.00001144,0.00001156
8.403999,0.00001173,0.00001137,0.00001157,0.00001163,0.00001155,0.00001153,0.00001144,0.00001156
8.405999,0.00001173,0.00001137,0.00001157,0.00001163,0.00001155,0.00001153,0.00001144,0.00001156
8.407999,0.00001173,0.00001137,0.00001157,0.00001163,0.00001155,0.00001153,0.00001144,0.00001156
8.409999,0.00001173,0.00001137,0.00001157,0.00001163,0.00001156,0.00001154,0.00001144,0.00001156
8.412000,0.00001173,0.00001137,0.00001158,0.00001163,0.00001156,0.00001154,0.00001144,0.00001156
8.414000,0.00001173,0.00001137,0.00001158,0.00001164,0.00001156,0.00001154,0.00001144,0.00001156
8.415999,0.00001174,0.00001137,0.00001158,0.00001164,0.00001156,0.00001154,0.00001144,0.00001156
8.417999,0.00001174,0.00001137,0.00001158,0.00001164,0.00001156,0.00001154,0.00001144,0.00001156
8.419999,0.00001174,0.00001137,0.00001158,0.00001164,0.00001156,0.00001154,0.00001144,0.00001156
8.422000,0.00001174,0.00001137,0.00001158,0.00001164,0.00001156,0.00001154,0.00001144,0.00001156
8.424000,0.00001174,0.00001137,0.00001158,0.00001164,0.00001156,0.00001154,0.00001144,0.00001156
8.426000,0.00001174,0.00001137,0.00001158,0.00001164,0.00001156,0.00001154,0.00001144,0.00001157
8.427999,0.00001174,0.00001138,0.00001158,0.00001164,0.00001156,0.00001154,0.00001145,0.00001157
8.429999,0.00001174,0.00001138,0.00001158,0.00001164,0.00001156,0.00001154,0.00001145,0.00001157
8.432000,0.00001174,0.00001138,0.00001158,0.00001164,0.00001156,0.00001154,0.00001145,0.00001157
8.433999,0.00001174,0.00001138,0.00001158,0.00001164,0.00001156,0.00001154,0.00001145,0.00001157
8.435999,0.00001174,0.00001138,0.00001158,0.00001164,0.00001157,0.00001154,0.00001145,0.00001157
8.437999,0.00001174,0.00001138,0.00001159,0.00001164,0.00001157,0.00001155,0.00001145,0.00001157
8.439999,0.00001174,0.00001138,0.00001159,0.00001165,0.00001157,0.00001155,0.00001145,0.00001157
8.441999,0.00001174,0.00001138,0.00001159,0.00001165,0.00001157,0.00001155,0.00001145,0.00001157
8.443999,0.00001175,0.00001138,0.00001159,0.00001165,0.00001157,0.00001155,0.00001145,0.00001157
8.445999,0.00001175,0.00001138,0.00001159,0.00001165,0.00001157,0.00001155,0.00001145,0.00001157
8.447999,0.00001175,0.00001138,0.00001159,0.00001165,0.00001157,0.00001155,0.00001145,0.00001157
8.449999,0.00001175,0.00001138,0.00001159,0.00001165,0.00001157,0.00001155,0.00001145,0.00001157
8.452000,0.00001175,0.00001138,0.00001159,0.00001165,0.00001157,0.00001155,0.00001145,0.00001157
8.454000,0.00001175,0.00001138,0.00001159,0.00001165,0.00001157,0.00001155,0.00001145,0.00001158
8.455999,0.00001175,0.00001139,0.00001159,0.00001165,0.00001157,0.00001155,0.00001146,0.00001158
8.457999,0.00001175,0.00001139,0.00001159,0.00001165,0.00001157,0.00001155,0.00001146,0.00001158
8.460000,0.00001175,0.00001139,0.00001159,0.00001165,0.00001157,0.00001155,0.00001146,0.00001158
8.462000,0.00001175,0.00001139,0.00001159,0.00001165,0.00001157,0.00001155,0.00001146,0.00001158
8.464000,0.00001175,0.00001139,0.00001159,0.00001165,0.00001158,0.00001156,0.00001146,0.00001158
8.466000,0.00001175,0.00001139,0.00001160,0.00001165,0.00001158,0.00001156,0.00001146,0.00001158
8.467999,0.00001175,0.00001139,0.00001160,0.00001166,0.00001158,0.00001156,0.00001146,0.00001158
8.469999,0.00001176,0.00001139,0.00001160,0.00001166,0.00001158,0.00001156,0.00001146,0.00001158
8.471999,0.00001176,0.00001139,0.00001160,0.00001166,0.00001158,0.00001156,0.00001146,0.00001158
8.473999,0.00001176,0.00001139,0.00001160,0.00001166,0.00001158,0.00001156,0.00001146,0.00001158
8.475999,0.00001176,0.00001139,0.00001160,0.00001166,0.00001158,0.00001156,0.00001146,0.00001158
8.477999,0.00001176,0.00001139,0.00001160,0.00001166,0.00001158,0.00001156,0.00001146,0.00001158
8.480000,0.00001176,0.00001139,0.00001160,0.00001166,0.00001158,0.00001156,0.00001146,0.00001159
8.481999,0.00001176,0.00001139,0.00001160,0.00001166,0.00001158,0.00001156,0.00001146,0.00001159
8.483999,0.00001176,0.00001140,0.00001160,0.00001166,0.00001158,0.00001156,0.00001147,0.00001159
8.485999,0.00001176,0.00001140,0.00001160,0.00001166,0.00001158,0.00001156,0.00001147,0.00001159
8.487999,0.00001176,0.00001140,0.00001160,0.00001166,0.00001158,0.00001156,0.00001147,0.00001159
8.490000,0.00001176,0.00001140,0.00001160,0.00001166,0.00001159,0.00001156,0.00001147,0.00001159
8.492000,0.00001176,0.00001140,0.00001161,0.00001166,0.00001159,0.00001157,0.00001147,0.00001159
8.493999,0.00001176,0.00001140,0.00001161,0.00001167,0.00001159,0.00001157,0.00001147,0.00001159
8.495999,0.00001177,0.00001140,0.00001161,0.00001167,0.00001159,0.00001157,0.00001147,0.00001159
8.497999,0.00001177,0.00001140,0.00001161,0.00001167,0.00001159,0.00001157,0.00001147,0.00001159
8.500000,0.00001177,0.00001140,0.00001161,0.00001167,0.00001159,0.00001157,0.00001147,0.00001159
8.502000,0.00001177,0.00001140,0.00001161,0.00001167,0.00001159,0.00001157,0.00001147,0.00001159
8.504000,0.00001177,0.00001140,0.00001161,0.00001167,0.00001159,0.00001157,0.00001147,0.00001159
8.506000,0.00001177,0.00001140,0.00001161,0.00001167,0.00001159,0.00001157,0.00001147,0.00001159
8.507999,0.00001177,0.00001140,0.00001161,0.00001167,0.00001159,0.00001157,0.00001147,0.00001160
8.509999,0.00001177,0.00001140,0.00001161,0.00001167,0.00001159,0.00001157,0.00001148,0.00001160
8.511999,0.00001177,0.00001141,0.00001161,0.00001167,0.00001159,0.00001157,0.00001148,0.00001160
8.513999,0.00001177,0.00001141,0.00001161,0.00001167,0.00001159,0.00001157,0.00001148,0.00001160
8.515999,0.00001177,0.00001141,0.00001161,0.00001167,0.00001159,0.00001157,0.00001148,0.00001160
8.517999,0.00001177,0.00001141,0.00001162,0.00001167,0.00001160,0.00001158,0.00001148,0.00001160
8.520000,0.00001177,0.00001141,0.00001162,0.00001168,0.00001160,0.00001158,0.00001148,0.00001160
8.521999,0.00001178,0.00001141,0.00001162,0.00001168,0.00001160,0.00001158,0.00001148,0.00001160
8.523999,0.00001178,0.00001141,0.00001162,0.00001168,0.00001160,0.00001158,0.00001148,0.00001160
8.525999,0.00001178,0.00001141,0.00001162,0.00001168,0.00001160,0.00001158,0.00001148,0.00001160
8.527999,0.00001178,0.00001141,0.00001162,0.00001168,0.00001160,0.00001158,0.00001148,0.00001160
8.530000,0.00001178,0.00001141,0.00001162,0.00001168,0.00001160,0.00001158,0.00001148,0.00001160
8.532000,0.00001178,0.00001141,0.00001162,0.00001168,0.00001160,0.00001158,0.00001148,0.00001160
8.533999,0.00001178,0.00001141,0.00001162,0.00001168,0.00001160,0.00001158,0.00001148,0.00001161
8.535999,0.00001178,0.00001141,0.00001162,0.00001168,0.00001160,0.00001158,0.00001148,0.00001161
8.538000,0.00001178,0.00001141,0.00001162,0.00001168,0.00001160,0.00001158,0.00001149,0.00001161
8.540000,0.00001178,0.00001142,0.00001162,0.00001168,0.00001160,0.00001158,0.00001149,0.00001161
8.542000,0.00001178,0.00001142,0.00001162,0.00001168,0.00001160,0.00001158,0.00001149,0.00001161
8.544000,0.00001178,0.00001142,0.00001162,0.00001168,0.00001161,0.00001158,0.00001149,0.00001161
8.546000,0.00001178,0.00001142,0.00001163,0.00001169,0.00001161,0.00001159,0.00001149,0.00001161
8.547999,0.00001179,0.00001142,0.00001163,0.00001169,0.00001161,0.00001159,0.00001149,0.00001161
8.549999,0.00001179,0.00001142,0.00001163,0.00001169,0.00001161,0.00001159,0.00001149,0.00001161
8.551999,0.00001179,0.00001142,0.00001163,0.00001169,0.00001161,0.00001159,0.00001149,0.00001161
8.553999,0.00001179,0.00001142,0.00001163,0.00001169,0.00001161,0.00001159,0.00001149,0.00001161
8.555999,0.00001179,0.00001142,0.00001163,0.00001169,0.00001161,0.00001159,0.00001149,0.00001161
8.558000,0.00001179,0.00001142,0.00001163,0.00001169,0.00001161,0.00001159,0.00001149,0.00001161
8.559999,0.00001179,0.00001142,0.00001163,0.00001169,0.00001161,0.00001159,0.00001149,0.00001161
8.561999,0.00001179,0.00001142,0.00001163,0.00001169,0.00001161,0.00001159,0.00001149,0.00001162
8.563999,0.00001179,0.00001142,0.00001163,0.00001169,0.00001161,0.00001159,0.00001150,0.00001162
8.565999,0.00001179,0.00001143,0.00001163,0.00001169,0.00001161,0.00001159,0.00001150,0.00001162
8.568000,0.00001179,0.00001143,0.00001163,0.00001169,0.00001161,0.00001159,0.00001150,0.00001162
8.570000,0.00001179,0.00001143,0.00001163,0.00001169,0.00001162,0.00001159,0.00001150,0.00001162
8.572000,0.00001179,0.00001143,0.00001164,0.00001169,0.00001162,0.00001160,0.00001150,0.00001162
8.573999,0.00001180,0.00001143,0.00001164,0.00001170,0.00001162,0.00001160,0.00001150,0.00001162
8.575999,0.00001180,0.00001143,0.00001164,0.00001170,0.00001162,0.00001160,0.00001150,0.00001162
8.578000,0.00001180,0.00001143,0.00001164,0.00001170,0.00001162,0.00001160,0.00001150,0.00001162
8.580000,0.00001180,0.00001143,0.00001164,0.00001170,0.00001162,0.00001160,0.00001150,0.00001162
8.582000,0.00001180,0.00001143,0.00001164,0.00001170,0.00001162,0.00001160,0.00001150,0.00001162
8.584000,0.00001180,0.00001143,0.00001164,0.00001170,0.00001162,0.00001160,0.00001150,0.00001162
8.585999,0.00001180,0.00001143,0.00001164,0.00001170,0.00001162,0.00001160,0.00001150,0.00001162
8.587999,0.00001180,0.00001143,0.00001164,0.00001170,0.00001162,0.00001160,0.00001150,0.00001163
8.589999,0.00001180,0.00001143,0.00001164,0.00001170,0.00001162,0.00001160,0.00001150,0.00001163
8.591999,0.00001180,0.00001143,0.00001164,0.00001170,0.00001162,0.00001160,0.00001151,0.00001163
8.593999,0.00001180,0.00001144,0.00001164,0.00001170,0.00001162,0.00001160,0.00001151,0.00001163
8.595999,0.00001180,0.00001144,0.00001164,0.00001170,0.00001162,0.00001160,0.00001151,0.00001163
8.598000,0.00001180,0.00001144,0.00001165,0.00001170,0.00001163,0.00001160,0.00001151,0.00001163
8.599999,0.00001181,0.00001144,0.00001165,0.00001171,0.00001163,0.00001161,0.00001151,0.00001163
8.601999,0.00001181,0.00001144,0.00001165,0.00001171,0.00001163,0.00001161,0.00001151,0.00001163
8.603999,0.00001181,0.00001144,0.00001165,0.00001171,0.00001163,0.00001161,0.00001151,0.00001163
8.606000,0.00001181,0.00001144,0.00001165,0.00001171,0.00001163,0.00001161,0.00001151,0.00001163
8.608000,0.00001181,0.00001144,0.00001165,0.00001171,0.00001163,0.00001161,0.00001151,0.00001163
8.610000,0.00001181,0.00001144,0.00001165,0.00001171,0.00001163,0.00001161,0.00001151,0.00001163
8.612000,0.00001181,0.00001144,0.00001165,0.00001171,0.00001163,0.00001161,0.00001151,0.00001163
8.613999,0.00001181,0.00001144,0.00001165,0.00001171,0.00001163,0.00001161,0.00001151,0.00001164
8.616000,0.00001181,0.00001144,0.00001165,0.00001171,0.00001163,0.00001161,0.00001151,0.00001164
8.618000,0.00001181,0.00001144,0.00001165,0.00001171,0.00001163,0.00001161,0.00001152,0.00001164
8.620000,0.00001181,0.00001144,0.00001165,0.00001171,0.00001163,0.00001161,0.00001152,0.00001164
8.621999,0.00001181,0.00001145,0.00001165,0.00001171,0.00001163,0.00001161,0.00001152,0.00001164
8.623999,0.00001181,0.00001145,0.00001166,0.00001171,0.00001164,0.00001161,0.00001152,0.00001164
8.625999,0.00001182,0.00001145,0.00001166,0.00001172,0.00001164,0.00001162,0.00001152,0.00001164
8.627999,0.00001182,0.00001145,0.00001166,0.00001172,0.00001164,0.00001162,0.00001152,0.00001164
8.629999,0.00001182,0.00001145,0.00001166,0.00001172,0.00001164,0.00001162,0.00001152,0.00001164
8.631999,0.00001182,0.00001145,0.00001166,0.00001172,0.00001164,0.00001162,0.00001152,0.00001164
8.633999,0.00001182,0.00001145,0.00001166,0.00001172,0.00001164,0.00001162,0.00001152,0.00001164
8.636000,0.00001182,0.00001145,0.00001166,0.00001172,0.00001164,0.00001162,0.00001152,0.00001164
8.638000,0.00001182,0.00001145,0.00001166,0.00001172,0.00001164,0.00001162,0.00001152,0.00001164
8.639999,0.00001182,0.00001145,0.00001166,0.00001172,0.00001164,0.00001162,0.00001152,0.00001164
8.641999,0.00001182,0.00001145,0.00001166,0.00001172,0.00001164,0.00001162,0.00001152,0.00001165
8.643999,0.00001182,0.00001145,0.00001166,0.00001172,0.00001164,0.00001162,0.00001152,0.00001165
8.646000,0.00001182,0.00001145,0.00001166,0.00001172,0.00001164,0.00001162,0.00001153,0.00001165
8.648000,0.00001182,0.00001146,0.00001166,0.00001172,0.00001164,0.00001162,0.00001153,0.00001165
8.650000,0.00001182,0.00001146,0.00001166,0.00001172,0.00001165,0.00001162,0.00001153,0.00001165
8.651999,0.00001183,0.00001146,0.00001167,0.00001173,0.00001165,0.00001163,0.00001153,0.00001165
8.653999,0.00001183,0.00001146,0.00001167,0.00001173,0.00001165,0.00001163,0.00001153,0.00001165
8.656000,0.00001183,0.00001146,0.00001167,0.00001173,0.00001165,0.00001163,0.00001153,0.00001165
8.657999,0.00001183,0.00001146,0.00001167,0.00001173,0.00001165,0.00001163,0.00001153,0.00001165
8.659999,0.00001183,0.00001146,0.00001167,0.00001173,0.00001165,0.00001163,0.00001153,0.00001165
8.661999,0.00001183,0.00001146,0.00001167,0.00001173,0.00001165,0.00001163,0.00001153,0.00001165
8.663999,0.00001183,0.00001146,0.00001167,0.00001173,0.00001165,0.00001163,0.00001153,0.00001165
8.665999,0.00001183,0.00001146,0.00001167,0.00001173,0.00001165,0.00001163,0.00001153,0.00001165
8.667999,0.00001183,0.00001146,0.00001167,0.00001173,0.00001165,0.00001163,0.00001153,0.00001166
8.669999,0.00001183,0.00001146,0.00001167,0.00001173,0.00001165,0.00001163,0.00001153,0.00001166
8.671999,0.00001183,0.00001146,0.00001167,0.00001173,0.00001165,0.00001163,0.00001154,0.00001166
8.673999,0.00001183,0.00001146,0.00001167,0.00001173,0.00001165,0.00001163,0.00001154,0.00001166
8.676000,0.00001183,0.00001147,0.00001167,0.00001173,0.00001165,0.00001163,0.00001154,0.00001166
8.677999,0.00001184,0.00001147,0.00001168,0.00001174,0.00001166,0.00001163,0.00001154,0.00001166
8.679999,0.00001184,0.00001147,0.00001168,0.00001174,0.00001166,0.00001164,0.00001154,0.00001166
8.681999,0.00001184,0.00001147,0.00001168,0.00001174,0.00001166,0.00001164,0.00001154,0.00001166
8.684000,0.00001184,0.00001147,0.00001168,0.00001174,0.00001166,0.00001164,0.00001154,0.00001166
8.686000,0.00001184,0.00001147,0.00001168,0.00001174,0.00001166,0.00001164,0.00001154,0.00001166
8.688000,0.00001184,0.00001147,0.00001168,0.00001174,0.00001166,0.00001164,0.00001154,0.00001166
8.690000,0.00001184,0.00001147,0.00001168,0.00001174,0.00001166,0.00001164,0.00001154,0.00001166
8.691999,0.00001184,0.00001147,0.00001168,0.00001174,0.00001166,0.00001164,0.00001154,0.00001166
8.693999,0.00001184,0.00001147,0.00001168,0.00001174,0.00001166,0.00001164,0.00001154,0.00001167
8.695999,0.00001184,0.00001147,0.00001168,0.00001174,0.00001166,0.00001164,0.00001154,0.00001167
8.697999,0.00001184,0.00001147,0.00001168,0.00001174,0.00001166,0.00001164,0.00001154,0.00001167
8.699999,0.00001184,0.00001147,0.00001168,0.00001174,0.00001166,0.00001164,0.00001155,0.00001167
8.701999,0.00001184,0.00001147,0.00001168,0.00001174,0.00001166,0.00001164,0.00001155,0.00001167
8.704000,0.00001185,0.00001148,0.00001169,0.00001174,0.00001167,0.00001164,0.00001155,0.00001167
8.705999,0.00001185,0.00001148,0.00001169,0.00001175,0.00001167,0.00001165,0.00001155,0.00001167
8.707999,0.00001185,0.00001148,0.00001169,0.00001175,0.00001167,0.00001165,0.00001155,0.00001167
8.709999,0.00001185,0.00001148,0.00001169,0.00001175,0.00001167,0.00001165,0.00001155,0.00001167
8.711999,0.00001185,0.00001148,0.00001169,0.00001175,0.00001167,0.00001165,0.00001155,0.00001167
8.714000,0.00001185,0.00001148,0.00001169,0.00001175,0.00001167,0.00001165,0.00001155,0.00001167
8.716000,0.00001185,0.00001148,0.00001169,0.00001175,0.00001167,0.00001165,0.00001155,0.00001167
8.717999,0.00001185,0.00001148,0.00001169,0.00001175,0.00001167,0.00001165,0.00001155,0.00001167
8.719999,0.00001185,0.00001148,0.00001169,0.00001175,0.00001167,0.00001165,0.00001155,0.00001168
8.721999,0.00001185,0.00001148,0.00001169,0.00001175,0.00001167,0.00001165,0.00001155,0.00001168
8.724000,0.00001185,0.00001148,0.00001169,0.00001175,0.00001167,0.00001165,0.00001155,0.00001168
8.726000,0.00001185,0.00001148,0.00001169,0.00001175,0.00001167,0.00001165,0.00001156,0.00001168
8.728000,0.00001185,0.00001148,0.00001169,0.00001175,0.00001167,0.00001165,0.00001156,0.00001168
8.730000,0.00001186,0.00001149,0.00001170,0.00001175,0.00001168,0.00001165,0.00001156,0.00001168
8.731999,0.00001186,0.00001149,0.00001170,0.00001176,0.00001168,0.00001166,0.00001156,0.00001168
8.733999,0.00001186,0.00001149,0.00001170,0.00001176,0.00001168,0.00001166,0.00001156,0.00001168
8.735999,0.00001186,0.00001149,0.00001170,0.00001176,0.00001168,0.00001166,0.00001156,0.00001168
8.737999,0.00001186,0.00001149,0.00001170,0.00001176,0.00001168,0.00001166,0.00001156,0.00001168
8.739999,0.00001186,0.00001149,0.00001170,0.00001176,0.00001168,0.00001166,0.00001156,0.00001168
8.741999,0.00001186,0.00001149,0.00001170,0.00001176,0.00001168,0.00001166,0.00001156,0.00001168
8.743999,0.00001186,0.00001149,0.00001170,0.00001176,0.00001168,0.00001166,0.00001156,0.00001168
8.745999,0.00001186,0.00001149,0.00001170,0.00001176,0.00001168,0.00001166,0.00001156,0.00001168
8.747999,0.00001186,0.00001149,0.00001170,0.00001176,0.00001168,0.00001166,0.00001156,0.00001169
8.749999,0.00001186,0.00001149,0.00001170,0.00001176,0.00001168,0.00001166,0.00001156,0.00001169
8.751999,0.00001186,0.00001149,0.00001170,0.00001176,0.00001168,0.00001166,0.00001156,0.00001169
8.754000,0.00001186,0.00001149,0.00001170,0.00001176,0.00001168,0.00001166,0.00001157,0.00001169
8.756000,0.00001187,0.00001149,0.00001171,0.00001176,0.00001169,0.00001166,0.00001157,0.00001169
8.757999,0.00001187,0.00001150,0.00001171,0.00001177,0.00001169,0.00001166,0.00001157,0.00001169
8.759999,0.00001187,0.00001150,0.00001171,0.00001177,0.00001169,0.00001167,0.00001157,0.00001169
8.762000,0.00001187,0.00001150,0.00001171,0.00001177,0.00001169,0.00001167,0.00001157,0.00001169
8.764000,0.00001187,0.00001150,0.00001171,0.00001177,0.00001169,0.00001167,0.00001157,0.00001169
8.766000,0.00001187,0.00001150,0.00001171,0.00001177,0.00001169,0.00001167,0.00001157,0.00001169
8.768000,0.00001187,0.00001150,0.00001171,0.00001177,0.00001169,0.00001167,0.00001157,0.00001169
8.770000,0.00001187,0.00001150,0.00001171,0.00001177,0.00001169,0.00001167,0.00001157,0.00001169
8.771999,0.00001187,0.00001150,0.00001171,0.00001177,0.00001169,0.00001167,0.00001157,0.00001169
8.773999,0.00001187,0.00001150,0.00001171,0.00001177,0.00001169,0.00001167,0.00001157,0.00001170
8.775999,0.00001187,0.00001150,0.00001171,0.00001177,0.00001169,0.00001167,0.00001157,0.00001170
8.777999,0.00001187,0.00001150,0.00001171,0.00001177,0.00001169,0.00001167,0.00001157,0.00001170
8.779999,0.00001187,0.00001150,0.00001171,0.00001177,0.00001169,0.00001167,0.00001158,0.00001170
8.782000,0.00001188,0.00001150,0.00001171,0.00001177,0.00001169,0.00001167,0.00001158,0.00001170
8.783999,0.00001188,0.00001151,0.00001172,0.00001178,0.00001170,0.00001167,0.00001158,0.00001170
8.785999,0.00001188,0.00001151,0.00001172,0.00001178,0.00001170,0.00001168,0.00001158,0.00001170
8.787999,0.00001188,0.00001151,0.00001172,0.00001178,0.00001170,0.00001168,0.00001158,0.00001170
8.789999,0.00001188,0.00001151,0.00001172,0.00001178,0.00001170,0.00001168,0.00001158,0.00001170
8.792000,0.00001188,0.00001151,0.00001172,0.00001178,0.00001170,0.00001168,0.00001158,0.00001170
8.794000,0.00001188,0.00001151,0.00001172,0.00001178,0.00001170,0.00001168,0.00001158,0.00001170
8.796000,0.00001188,0.00001151,0.00001172,0.00001178,0.00001170,0.00001168,0.00001158,0.00001170
8.797999,0.00001188,0.00001151,0.00001172,0.00001178,0.00001170,0.00001168,0.00001158,0.00001170
8.799999,0.00001188,0.00001151,0.00001172,0.00001178,0.00001170,0.00001168,0.00001158,0.00001171
8.802000,0.00001188,0.00001151,0.00001172,0.00001178,0.00001170,0.00001168,0.00001158,0.00001171
8.804000,0.00001188,0.00001151,0.00001172,0.00001178,0.00001170,0.00001168,0.00001158,0.00001171
8.806000,0.00001188,0.00001151,0.00001172,0.00001178,0.00001170,0.00001168,0.00001158,0.00001171
8.808000,0.00001189,0.00001151,0.00001172,0.00001178,0.00001170,0.00001168,0.00001159,0.00001171
8.809999,0.00001189,0.00001151,0.00001173,0.00001179,0.00001171,0.00001168,0.00001159,0.00001171
8.811999,0.00001189,0.00001152,0.00001173,0.00001179,0.00001171,0.00001169,0.00001159,0.00001171
8.813999,0.00001189,0.00001152,0.00001173,0.00001179,0.00001171,0.00001169,0.00001159,0.00001171
8.815999,0.00001189,0.00001152,0.00001173,0.00001179,0.00001171,0.00001169,0.00001159,0.00001171
8.817999,0.00001189,0.00001152,0.00001173,0.00001179,0.00001171,0.00001169,0.00001159,0.00001171
8.819999,0.00001189,0.00001152,0.00001173,0.00001179,0.00001171,0.00001169,0.00001159,0.00001171
8.822000,0.00001189,0.00001152,0.00001173,0.00001179,0.00001171,0.00001169,0.00001159,0.00001171
8.823999,0.00001189,0.00001152,0.00001173,0.00001179,0.00001171,0.00001169,0.00001159,0.00001171
8.825999,0.00001189,0.00001152,0.00001173,0.00001179,0.00001171,0.00001169,0.00001159,0.00001172
8.827999,0.00001189,0.00001152,0.00001173,0.00001179,0.00001171,0.00001169,0.00001159,0.00001172
8.829999,0.00001189,0.00001152,0.00001173,0.00001179,0.00001171,0.00001169,0.00001159,0.00001172
8.832000,0.00001190,0.00001152,0.00001173,0.00001179,0.00001171,0.00001169,0.00001159,0.00001172
8.834000,0.00001190,0.00001152,0.00001173,0.00001179,0.00001171,0.00001169,0.00001160,0.00001172
8.835999,0.00001190,0.00001152,0.00001174,0.00001180,0.00001172,0.00001169,0.00001160,0.00001172
8.837999,0.00001190,0.00001152,0.00001174,0.00001180,0.00001172,0.00001170,0.00001160,0.00001172
8.840000,0.00001190,0.00001153,0.00001174,0.00001180,0.00001172,0.00001170,0.00001160,0.00001172
8.842000,0.00001190,0.00001153,0.00001174,0.00001180,0.00001172,0.00001170,0.00001160,0.00001172
8.844000,0.00001190,0.00001153,0.00001174,0.00001180,0.00001172,0.00001170,0.00001160,0.00001172
8.846000,0.00001190,0.00001153,0.00001174,0.00001180,0.00001172,0.00001170,0.00001160,0.00001172
8.847999,0.00001190,0.00001153,0.00001174,0.00001180,0.00001172,0.00001170,0.00001160,0.00001172
8.849999,0.00001190,0.00001153,0.00001174,0.00001180,0.00001172,0.00001170,0.00001160,0.00001172
8.851999,0.00001190,0.00001153,0.00001174,0.00001180,0.00001172,0.00001170,0.00001160,0.00001173
8.853999,0.00001190,0.00001153,0.00001174,0.00001180,0.00001172,0.00001170,0.00001160,0.00001173
8.855999,0.00001190,0.00001153,0.00001174,0.00001180,0.00001172,0.00001170,0.00001160,0.00001173
8.857999,0.00001191,0.00001153,0.00001174,0.00001180,0.00001172,0.00001170,0.00001160,0.00001173
8.860000,0.00001191,0.00001153,0.00001174,0.00001180,0.00001172,0.00001170,0.00001160,0.00001173
8.862000,0.00001191,0.00001153,0.00001175,0.00001181,0.00001173,0.00001170,0.00001161,0.00001173
8.863999,0.00001191,0.00001153,0.00001175,0.00001181,0.00001173,0.00001171,0.00001161,0.00001173
8.865999,0.00001191,0.00001154,0.00001175,0.00001181,0.00001173,0.00001171,0.00001161,0.00001173
8.867999,0.00001191,0.00001154,0.00001175,0.00001181,0.00001173,0.00001171,0.00001161,0.00001173
8.870000,0.00001191,0.00001154,0.00001175,0.00001181,0.00001173,0.00001171,0.00001161,0.00001173
8.872000,0.00001191,0.00001154,0.00001175,0.00001181,0.00001173,0.00001171,0.00001161,0.00001173
8.874000,0.00001191,0.00001154,0.00001175,0.00001181,0.00001173,0.00001171,0.00001161,0.00001173
8.875999,0.00001191,0.00001154,0.00001175,0.00001181,0.00001173,0.00001171,0.00001161,0.00001173
8.877999,0.00001191,0.00001154,0.00001175,0.00001181,0.00001173,0.00001171,0.00001161,0.00001173
8.880000,0.00001191,0.00001154,0.00001175,0.00001181,0.00001173,0.00001171,0.00001161,0.00001174
8.882000,0.00001191,0.00001154,0.00001175,0.00001181,0.00001173,0.00001171,0.00001161,0.00001174
8.883999,0.00001192,0.00001154,0.00001175,0.00001181,0.00001173,0.00001171,0.00001161,0.00001174
8.885999,0.00001192,0.00001154,0.00001175,0.00001181,0.00001173,0.00001171,0.00001161,0.00001174
8.887999,0.00001192,0.00001154,0.00001176,0.00001182,0.00001174,0.00001171,0.00001162,0.00001174
8.889999,0.00001192,0.00001154,0.00001176,0.00001182,0.00001174,0.00001171,0.00001162,0.00001174
8.891999,0.00001192,0.00001154,0.00001176,0.00001182,0.00001174,0.00001172,0.00001162,0.00001174
8.893999,0.00001192,0.00001155,0.00001176,0.00001182,0.00001174,0.00001172,0.00001162,0.00001174
8.895999,0.00001192,0.00001155,0.00001176,0.00001182,0.00001174,0.00001172,0.00001162,0.00001174
8.897999,0.00001192,0.00001155,0.00001176,0.00001182,0.00001174,0.00001172,0.00001162,0.00001174
8.900000,0.00001192,0.00001155,0.00001176,0.00001182,0.00001174,0.00001172,0.00001162,0.00001174
8.901999,0.00001192,0.00001155,0.00001176,0.00001182,0.00001174,0.00001172,0.00001162,0.00001174
8.903999,0.00001192,0.00001155,0.00001176,0.00001182,0.00001174,0.00001172,0.00001162,0.00001174
8.905999,0.00001192,0.00001155,0.00001176,0.00001182,0.00001174,0.00001172,0.00001162,0.00001175
8.908000,0.00001192,0.00001155,0.00001176,0.00001182,0.00001174,0.00001172,0.00001162,0.00001175
8.910000,0.00001193,0.00001155,0.00001176,0.00001182,0.00001174,0.00001172,0.00001162,0.00001175
8.912000,0.00001193,0.00001155,0.00001176,0.00001182,0.00001174,0.00001172,0.00001162,0.00001175
8.914000,0.00001193,0.00001155,0.00001177,0.00001183,0.00001175,0.00001172,0.00001163,0.00001175
8.915999,0.00001193,0.00001155,0.00001177,0.00001183,0.00001175,0.00001172,0.00001163,0.00001175
8.917999,0.00001193,0.00001155,0.00001177,0.00001183,0.00001175,0.00001173,0.00001163,0.00001175
8.919999,0.00001193,0.00001156,0.00001177,0.00001183,0.00001175,0.00001173,0.00001163,0.00001175
8.921999,0.00001193,0.00001156,0.00001177,0.00001183,0.00001175,0.00001173,0.00001163,0.00001175
8.923999,0.00001193,0.00001156,0.00001177,0.00001183,0.00001175,0.00001173,0.00001163,0.00001175
8.925999,0.00001193,0.00001156,0.00001177,0.00001183,0.00001175,0.00001173,0.00001163,0.00001175
8.927999,0.00001193,0.00001156,0.00001177,0.00001183,0.00001175,0.00001173,0.00001163,0.00001175
8.929999,0.00001193,0.00001156,0.00001177,0.00001183,0.00001175,0.00001173,0.00001163,0.00001175
8.931999,0.00001193,0.00001156,0.00001177,0.00001183,0.00001175,0.00001173,0.00001163,0.00001176
8.933999,0.00001193,0.00001156,0.00001177,0.00001183,0.00001175,0.00001173,0.00001163,0.00001176
8.935999,0.00001194,0.00001156,0.00001177,0.00001183,0.00001175,0.00001173,0.00001163,0.00001176
8.938000,0.00001194,0.00001156,0.00001177,0.00001183,0.00001175,0.00001173,0.00001163,0.00001176
8.940000,0.00001194,0.00001156,0.00001178,0.00001184,0.00001175,0.00001173,0.00001163,0.00001176
8.941999,0.00001194,0.00001156,0.00001178,0.00001184,0.00001176,0.00001173,0.00001164,0.00001176
8.943999,0.00001194,0.00001156,0.00001178,0.00001184,0.00001176,0.00001174,0.00001164,0.00001176
8.945999,0.00001194,0.00001156,0.00001178,0.00001184,0.00001176,0.00001174,0.00001164,0.00001176
8.948000,0.00001194,0.00001157,0.00001178,0.00001184,0.00001176,0.00001174,0.00001164,0.00001176
8.950000,0.00001194,0.00001157,0.00001178,0.00001184,0.00001176,0.00001174,0.00001164,0.00001176
8.952000,0.00001194,0.00001157,0.00001178,0.00001184,0.00001176,0.00001174,0.00001164,0.00001176
8.954000,0.00001194,0.00001157,0.00001178,0.00001184,0.00001176,0.00001174,0.00001164,0.00001176
8.955999,0.00001194,0.00001157,0.00001178,0.00001184,0.00001176,0.00001174,0.00001164,0.00001176
8.957999,0.00001194,0.00001157,0.00001178,0.00001184,0.00001176,0.00001174,0.00001164,0.00001177
8.959999,0.00001194,0.00001157,0.00001178,0.00001184,0.00001176,0.00001174,0.00001164,0.00001177
8.961999,0.00001195,0.00001157,0.00001178,0.00001184,0.00001176,0.00001174,0.00001164,0.00001177
8.963999,0.00001195,0.00001157,0.00001178,0.00001184,0.00001176,0.00001174,0.00001164,0.00001177
8.965999,0.00001195,0.00001157,0.00001179,0.00001185,0.00001176,0.00001174,0.00001164,0.00001177
8.967999,0.00001195,0.00001157,0.00001179,0.00001185,0.00001177,0.00001174,0.00001165,0.00001177
8.969999,0.00001195,0.00001157,0.00001179,0.00001185,0.00001177,0.00001175,0.00001165,0.00001177
8.971999,0.00001195,0.00001157,0.00001179,0.00001185,0.00001177,0.00001175,0.00001165,0.00001177
8.973999,0.00001195,0.00001158,0.00001179,0.00001185,0.00001177,0.00001175,0.00001165,0.00001177
8.975999,0.00001195,0.00001158,0.00001179,0.00001185,0.00001177,0.00001175,0.00001165,0.00001177
8.978000,0.00001195,0.00001158,0.00001179,0.00001185,0.00001177,0.00001175,0.00001165,0.00001177
8.980000,0.00001195,0.00001158,0.00001179,0.00001185,0.00001177,0.00001175,0.00001165,0.00001177
8.981999,0.00001195,0.00001158,0.00001179,0.00001185,0.00001177,0.00001175,0.00001165,0.00001177
8.983999,0.00001195,0.00001158,0.00001179,0.00001185,0.00001177,0.00001175,0.00001165,0.00001178
8.986000,0.00001196,0.00001158,0.00001179,0.00001185,0.00001177,0.00001175,0.00001165,0.00001178
8.988000,0.00001196,0.00001158,0.00001179,0.00001185,0.00001177,0.00001175,0.00001165,0.00001178
8.990000,0.00001196,0.00001158,0.00001179,0.00001185,0.00001177,0.00001175,0.00001165,0.00001178
8.992000,0.00001196,0.00001158,0.00001180,0.00001186,0.00001177,0.00001175,0.00001165,0.00001178
8.993999,0.00001196,0.00001158,0.00001180,0.00001186,0.00001178,0.00001175,0.00001166,0.00001178
8.995999,0.00001196,0.00001158,0.00001180,0.00001186,0.00001178,0.00001176,0.00001166,0.00001178
8.997999,0.00001196,0.00001158,0.00001180,0.00001186,0.00001178,0.00001176,0.00001166,0.00001178
8.999999,0.00001196,0.00001158,0.00001180,0.00001186,0.00001178,0.00001176,0.00001166,0.00001178
9.001999,0.00001196,0.00001159,0.00001180,0.00001186,0.00001178,0.00001176,0.00001166,0.00001178
9.003999,0.00001196,0.00001159,0.00001180,0.00001186,0.00001178,0.00001176,0.00001166,0.00001178
9.006000,0.00001196,0.00001159,0.00001180,0.00001186,0.00001178,0.00001176,0.00001166,0.00001178
9.007999,0.00001196,0.00001159,0.00001180,0.00001186,0.00001178,0.00001176,0.00001166,0.00001178
9.009999,0.00001196,0.00001159,0.00001180,0.00001186,0.00001178,0.00001176,0.00001166,0.00001179
9.011999,0.00001197,0.00001159,0.00001180,0.00001186,0.00001178,0.00001176,0.00001166,0.00001179
9.013999,0.00001197,0.00001159,0.00001180,0.00001186,0.00001178,0.00001176,0.00001166,0.00001179
9.016000,0.00001197,0.00001159,0.00001180,0.00001186,0.00001178,0.00001176,0.00001166,0.00001179
9.018000,0.00001197,0.00001159,0.00001181,0.00001187,0.00001178,0.00001176,0.00001166,0.00001179
9.020000,0.00001197,0.00001159,0.00001181,0.00001187,0.00001179,0.00001176,0.00001167,0.00001179
9.021999,0.00001197,0.00001159,0.00001181,0.00001187,0.00001179,0.00001177,0.00001167,0.00001179
9.023999,0.00001197,0.00001159,0.00001181,0.00001187,0.00001179,0.00001177,0.00001167,0.00001179
9.026000,0.00001197,0.00001159,0.00001181,0.00001187,0.00001179,0.00001177,0.00001167,0.00001179
9.028000,0.00001197,0.00001160,0.00001181,0.00001187,0.00001179,0.00001177,0.00001167,0.00001179
9.030000,0.00001197,0.00001160,0.00001181,0.00001187,0.00001179,0.00001177,0.00001167,0.00001179
9.032000,0.00001197,0.00001160,0.00001181,0.00001187,0.00001179,0.00001177,0.00001167,0.00001179
9.033999,0.00001197,0.00001160,0.00001181,0.00001187,0.00001179,0.00001177,0.00001167,0.00001179
9.035999,0.00001197,0.00001160,0.00001181,0.00001187,0.00001179,0.00001177,0.00001167,0.00001180
9.037999,0.00001198,0.00001160,0.00001181,0.00001187,0.00001179,0.00001177,0.00001167,0.00001180
9.039999,0.00001198,0.00001160,0.00001181,0.00001187,0.00001179,0.00001177,0.00001167,0.00001180
9.041999,0.00001198,0.00001160,0.00001181,0.00001187,0.00001179,0.00001177,0.00001167,0.00001180
9.043999,0.00001198,0.00001160,0.00001182,0.00001188,0.00001179,0.00001177,0.00001167,0.00001180
9.046000,0.00001198,0.00001160,0.00001182,0.00001188,0.00001180,0.00001177,0.00001167,0.00001180
9.047999,0.00001198,0.00001160,0.00001182,0.00001188,0.00001180,0.00001177,0.00001168,0.00001180
9.049999,0.00001198,0.00001160,0.00001182,0.00001188,0.00001180,0.00001178,0.00001168,0.00001180
9.051999,0.00001198,0.00001160,0.00001182,0.00001188,0.00001180,0.00001178,0.00001168,0.00001180
9.053999,0.00001198,0.00001160,0.00001182,0.00001188,0.00001180,0.00001178,0.00001168,0.00001180
9.056000,0.00001198,0.00001161,0.00001182,0.00001188,0.00001180,0.00001178,0.00001168,0.00001180
9.058000,0.00001198,0.00001161,0.00001182,0.00001188,0.00001180,0.00001178,0.00001168,0.00001180
9.059999,0.00001198,0.00001161,0.00001182,0.00001188,0.00001180,0.00001178,0.00001168,0.00001180
9.061999,0.00001198,0.00001161,0.00001182,0.00001188,0.00001180,0.00001178,0.00001168,0.00001181
9.064000,0.00001199,0.00001161,0.00001182,0.00001188,0.00001180,0.00001178,0.00001168,0.00001181
9.066000,0.00001199,0.00001161,0.00001182,0.00001188,0.00001180,0.00001178,0.00001168,0.00001181
9.068000,0.00001199,0.00001161,0.00001182,0.00001188,0.00001180,0.00001178,0.00001168,0.00001181
9.070000,0.00001199,0.00001161,0.00001183,0.00001189,0.00001180,0.00001178,0.00001168,0.00001181
9.071999,0.00001199,0.00001161,0.00001183,0.00001189,0.00001181,0.00001178,0.00001168,0.00001181
9.073999,0.00001199,0.00001161,0.00001183,0.00001189,0.00001181,0.00001178,0.00001169,0.00001181
9.075999,0.00001199,0.00001161,0.00001183,0.00001189,0.00001181,0.00001179,0.00001169,0.00001181
9.077999,0.00001199,0.00001161,0.00001183,0.00001189,0.00001181,0.00001179,0.00001169,0.00001181
9.079999,0.00001199,0.00001161,0.00001183,0.00001189,0.00001181,0.00001179,0.00001169,0.00001181
9.081999,0.00001199,0.00001162,0.00001183,0.00001189,0.00001181,0.00001179,0.00001169,0.00001181
9.084000,0.00001199,0.00001162,0.00001183,0.00001189,0.00001181,0.00001179,0.00001169,0.00001181
9.085999,0.00001199,0.00001162,0.00001183,0.00001189,0.00001181,0.00001179,0.00001169,0.00001181
9.087999,0.00001200,0.00001162,0.00001183,0.00001189,0.00001181,0.00001179,0.00001169,0.00001182
9.089999,0.00001200,0.00001162,0.00001183,0.00001189,0.00001181,0.00001179,0.00001169,0.00001182
9.091999,0.00001200,0.00001162,0.00001183,0.00001189,0.00001181,0.00001179,0.00001169,0.00001182
9.094000,0.00001200,0.00001162,0.00001183,0.00001189,0.00001181,0.00001179,0.00001169,0.00001182
9.096000,0.00001200,0.00001162,0.00001184,0.00001190,0.00001181,0.00001179,0.00001169,0.00001182
9.098000,0.00001200,0.00001162,0.00001184,0.00001190,0.00001182,0.00001179,0.00001169,0.00001182
9.099999,0.00001200,0.00001162,0.00001184,0.00001190,0.00001182,0.00001179,0.00001170,0.00001182
9.101999,0.00001200,0.00001162,0.00001184,0.00001190,0.00001182,0.00001180,0.00001170,0.00001182
9.104000,0.00001200,0.00001162,0.00001184,0.00001190,0.00001182,0.00001180,0.00001170,0.00001182
9.106000,0.00001200,0.00001162,0.00001184,0.00001190,0.00001182,0.00001180,0.00001170,0.00001182
9.107999,0.00001200,0.00001163,0.00001184,0.00001190,0.00001182,0.00001180,0.00001170,0.00001182
9.109999,0.00001200,0.00001163,0.00001184,0.00001190,0.00001182,0.00001180,0.00001170,0.00001182
9.111999,0.00001200,0.00001163,0.00001184,0.00001190,0.00001182,0.00001180,0.00001170,0.00001182
9.113999,0.00001201,0.00001163,0.00001184,0.00001190,0.00001182,0.00001180,0.00001170,0.00001183
9.115999,0.00001201,0.00001163,0.00001184,0.00001190,0.00001182,0.00001180,0.00001170,0.00001183
9.117999,0.00001201,0.00001163,0.00001184,0.00001190,0.00001182,0.00001180,0.00001170,0.00001183
9.119999,0.00001201,0.00001163,0.00001184,0.00001190,0.00001182,0.00001180,0.00001170,0.00001183
9.121999,0.00001201,0.00001163,0.00001185,0.00001191,0.00001182,0.00001180,0.00001170,0.00001183
9.124000,0.00001201,0.00001163,0.00001185,0.00001191,0.00001183,0.00001180,0.00001170,0.00001183
9.125999,0.00001201,0.00001163,0.00001185,0.00001191,0.00001183,0.00001180,0.00001171,0.00001183
9.127999,0.00001201,0.00001163,0.00001185,0.00001191,0.00001183,0.00001181,0.00001171,0.00001183
9.129999,0.00001201,0.00001163,0.00001185,0.00001191,0.00001183,0.00001181,0.00001171,0.00001183
9.132000,0.00001201,0.00001163,0.00001185,0.00001191,0.00001183,0.00001181,0.00001171,0.00001183
9.134000,0.00001201,0.00001163,0.00001185,0.00001191,0.00001183,0.00001181,0.00001171,0.00001183
9.136000,0.00001201,0.00001164,0.00001185,0.00001191,0.00001183,0.00001181,0.00001171,0.00001183
9.138000,0.00001201,0.00001164,0.00001185,0.00001191,0.00001183,0.00001181,0.00001171,0.00001183
9.139999,0.00001202,0.00001164,0.00001185,0.00001191,0.00001183,0.00001181,0.00001171,0.00001184
9.142000,0.00001202,0.00001164,0.00001185,0.00001191,0.00001183,0.00001181,0.00001171,0.00001184
9.143999,0.00001202,0.00001164,0.00001185,0.00001191,0.00001183,0.00001181,0.00001171,0.00001184
9.145999,0.00001202,0.00001164,0.00001185,0.00001191,0.00001183,0.00001181,0.00001171,0.00001184
9.147999,0.00001202,0.00001164,0.00001186,0.00001192,0.00001183,0.00001181,0.00001171,0.00001184
9.149999,0.00001202,0.00001164,0.00001186,0.00001192,0.00001184,0.00001181,0.00001171,0.00001184
9.151999,0.00001202,0.00001164,0.00001186,0.00001192,0.00001184,0.00001181,0.00001171,0.00001184
9.153999,0.00001202,0.00001164,0.00001186,0.00001192,0.00001184,0.00001182,0.00001172,0.00001184
9.155999,0.00001202,0.00001164,0.00001186,0.00001192,0.00001184,0.00001182,0.00001172,0.00001184
9.157999,0.00001202,0.00001164,0.00001186,0.00001192,0.00001184,0.00001182,0.00001172,0.00001184
9.159999,0.00001202,0.00001164,0.00001186,0.00001192,0.00001184,0.00001182,0.00001172,0.00001184
9.162000,0.00001202,0.00001165,0.00001186,0.00001192,0.00001184,0.00001182,0.00001172,0.00001184
9.164000,0.00001203,0.00001165,0.00001186,0.00001192,0.00001184,0.00001182,0.00001172,0.00001184
9.165999,0.00001203,0.00001165,0.00001186,0.00001192,0.00001184,0.00001182,0.00001172,0.00001185
9.167999,0.00001203,0.00001165,0.00001186,0.00001192,0.00001184,0.00001182,0.00001172,0.00001185
9.169999,0.00001203,0.00001165,0.00001186,0.00001192,0.00001184,0.00001182,0.00001172,0.00001185
9.172000,0.00001203,0.00001165,0.00001186,0.00001192,0.00001184,0.00001182,0.00001172,0.00001185
9.174000,0.00001203,0.00001165,0.00001187,0.00001193,0.00001184,0.00001182,0.00001172,0.00001185
9.176000,0.00001203,0.00001165,0.00001187,0.00001193,0.00001185,0.00001182,0.00001172,0.00001185
9.177999,0.00001203,0.00001165,0.00001187,0.00001193,0.00001185,0.00001182,0.00001172,0.00001185
9.179999,0.00001203,0.00001165,0.00001187,0.00001193,0.00001185,0.00001183,0.00001173,0.00001185
9.181999,0.00001203,0.00001165,0.00001187,0.00001193,0.00001185,0.00001183,0.00001173,0.00001185
9.183999,0.00001203,0.00001165,0.00001187,0.00001193,0.00001185,0.00001183,0.00001173,0.00001185
9.185999,0.00001203,0.00001165,0.00001187,0.00001193,0.00001185,0.00001183,0.00001173,0.00001185
9.187999,0.00001203,0.00001165,0.00001187,0.00001193,0.00001185,0.00001183,0.00001173,0.00001185
9.189999,0.00001204,0.00001166,0.00001187,0.00001193,0.00001185,0.00001183,0.00001173,0.00001185
9.191999,0.00001204,0.00001166,0.00001187,0.00001193,0.00001185,0.00001183,0.00001173,0.00001186
9.193999,0.00001204,0.00001166,0.00001187,0.00001193,0.00001185,0.00001183,0.00001173,0.00001186
9.195999,0.00001204,0.00001166,0.00001187,0.00001193,0.00001185,0.00001183,0.00001173,0.00001186
9.197999,0.00001204,0.00001166,0.00001187,0.00001194,0.00001185,0.00001183,0.00001173,0.00001186
9.199999,0.00001204,0.00001166,0.00001188,0.00001194,0.00001185,0.00001183,0.00001173,0.00001186
9.202000,0.00001204,0.00001166,0.00001188,0.00001194,0.00001186,0.00001183,0.00001173,0.00001186
9.204000,0.00001204,0.00001166,0.00001188,0.00001194,0.00001186,0.00001183,0.00001173,0.00001186
9.205999,0.00001204,0.00001166,0.00001188,0.00001194,0.00001186,0.00001184,0.00001174,0.00001186
9.207999,0.00001204,0.00001166,0.00001188,0.00001194,0.00001186,0.00001184,0.00001174,0.00001186
9.210000,0.00001204,0.00001166,0.00001188,0.00001194,0.00001186,0.00001184,0.00001174,0.00001186
9.212000,0.00001204,0.00001166,0.00001188,0.00001194,0.00001186,0.00001184,0.00001174,0.00001186
9.214000,0.00001204,0.00001166,0.00001188,0.00001194,0.00001186,0.00001184,0.00001174,0.00001186
9.216000,0.00001205,0.00001167,0.00001188,0.00001194,0.00001186,0.00001184,0.00001174,0.00001186
9.217999,0.00001205,0.00001167,0.00001188,0.00001194,0.00001186,0.00001184,0.00001174,0.00001187
9.219999,0.00001205,0.00001167,0.00001188,0.00001194,0.00001186,0.00001184,0.00001174,0.00001187
9.221999,0.00001205,0.00001167,0.00001188,0.00001194,0.00001186,0.00001184,0.00001174,0.00001187
9.223999,0.00001205,0.00001167,0.00001188,0.00001195,0.00001186,0.00001184,0.00001174,0.00001187
9.225999,0.00001205,0.00001167,0.00001189,0.00001195,0.00001186,0.00001184,0.00001174,0.00001187
9.227999,0.00001205,0.00001167,0.00001189,0.00001195,0.00001187,0.00001184,0.00001174,0.00001187
9.230000,0.00001205,0.00001167,0.00001189,0.00001195,0.00001187,0.00001184,0.00001174,0.00001187
9.231999,0.00001205,0.00001167,0.00001189,0.00001195,0.00001187,0.00001185,0.00001175,0.00001187
9.233999,0.00001205,0.00001167,0.00001189,0.00001195,0.00001187,0.00001185,0.00001175,0.00001187
9.235999,0.00001205,0.00001167,0.00001189,0.00001195,0.00001187,0.00001185,0.00001175,0.00001187
9.237999,0.00001205,0.00001167,0.00001189,0.00001195,0.00001187,0.00001185,0.00001175,0.00001187
9.240000,0.00001206,0.00001167,0.00001189,0.00001195,0.00001187,0.00001185,0.00001175,0.00001187
9.242000,0.00001206,0.00001168,0.00001189,0.00001195,0.00001187,0.00001185,0.00001175,0.00001187
9.243999,0.00001206,0.00001168,0.00001189,0.00001195,0.00001187,0.00001185,0.00001175,0.00001188
9.245999,0.00001206,0.00001168,0.00001189,0.00001195,0.00001187,0.00001185,0.00001175,0.00001188
9.247999,0.00001206,0.00001168,0.00001189,0.00001195,0.00001187,0.00001185,0.00001175,0.00001188
9.250000,0.00001206,0.00001168,0.00001189,0.00001196,0.00001187,0.00001185,0.00001175,0.00001188
9.252000,0.00001206,0.00001168,0.00001190,0.00001196,0.00001187,0.00001185,0.00001175,0.00001188
9.254000,0.00001206,0.00001168,0.00001190,0.00001196,0.00001188,0.00001185,0.00001175,0.00001188
9.256000,0.00001206,0.00001168,0.00001190,0.00001196,0.00001188,0.00001185,0.00001175,0.00001188
9.257999,0.00001206,0.00001168,0.00001190,0.00001196,0.00001188,0.00001186,0.00001176,0.00001188
9.259999,0.00001206,0.00001168,0.00001190,0.00001196,0.00001188,0.00001186,0.00001176,0.00001188
9.261999,0.00001206,0.00001168,0.00001190,0.00001196,0.00001188,0.00001186,0.00001176,0.00001188
9.263999,0.00001206,0.00001168,0.00001190,0.00001196,0.00001188,0.00001186,0.00001176,0.00001188
9.265999,0.00001207,0.00001168,0.00001190,0.00001196,0.00001188,0.00001186,0.00001176,0.00001188
9.267999,0.00001207,0.00001169,0.00001190,0.00001196,0.00001188,0.00001186,0.00001176,0.00001188
9.270000,0.00001207,0.00001169,0.00001190,0.00001196,0.00001188,0.00001186,0.00001176,0.00001189
9.271999,0.00001207,0.00001169,0.00001190,0.00001196,0.00001188,0.00001186,0.00001176,0.00001189
9.273999,0.00001207,0.00001169,0.00001190,0.00001196,0.00001188,0.00001186,0.00001176,0.00001189
9.275999,0.00001207,0.00001169,0.00001190,0.00001197,0.00001188,0.00001186,0.00001176,0.00001189
9.277999,0.00001207,0.00001169,0.00001191,0.00001197,0.00001188,0.00001186,0.00001176,0.00001189
9.280000,0.00001207,0.00001169,0.00001191,0.00001197,0.00001189,0.00001186,0.00001176,0.00001189
9.282000,0.00001207,0.00001169,0.00001191,0.00001197,0.00001189,0.00001186,0.00001176,0.00001189
9.283999,0.00001207,0.00001169,0.00001191,0.00001197,0.00001189,0.00001187,0.00001177,0.00001189
9.285999,0.00001207,0.00001169,0.00001191,0.00001197,0.00001189,0.00001187,0.00001177,0.00001189
9.288000,0.00001207,0.00001169,0.00001191,0.00001197,0.00001189,0.00001187,0.00001177,0.00001189
9.290000,0.00001208,0.00001169,0.00001191,0.00001197,0.00001189,0.00001187,0.00001177,0.00001189
9.292000,0.00001208,0.00001169,0.00001191,0.00001197,0.00001189,0.00001187,0.00001177,0.00001189
9.294000,0.00001208,0.00001169,0.00001191,0.00001197,0.00001189,0.00001187,0.00001177,0.00001189
9.296000,0.00001208,0.00001170,0.00001191,0.00001197,0.00001189,0.00001187,0.00001177,0.00001190
9.297999,0.00001208,0.00001170,0.00001191,0.00001197,0.00001189,0.00001187,0.00001177,0.00001190
9.299999,0.00001208,0.00001170,0.00001191,0.00001197,0.00001189,0.00001187,0.00001177,0.00001190
9.301999,0.00001208,0.00001170,0.00001192,0.00001198,0.00001189,0.00001187,0.00001177,0.00001190
9.303999,0.00001208,0.00001170,0.00001192,0.00001198,0.00001189,0.00001187,0.00001177,0.00001190
9.305999,0.00001208,0.00001170,0.00001192,0.00001198,0.00001190,0.00001187,0.00001177,0.00001190
9.308000,0.00001208,0.00001170,0.00001192,0.00001198,0.00001190,0.00001187,0.00001177,0.00001190
9.309999,0.00001208,0.00001170,0.00001192,0.00001198,0.00001190,0.00001188,0.00001178,0.00001190
9.311999,0.00001208,0.00001170,0.00001192,0.00001198,0.00001190,0.00001188,0.00001178,0.00001190
9.313999,0.00001208,0.00001170,0.00001192,0.00001198,0.00001190,0.00001188,0.00001178,0.00001190
9.315999,0.00001209,0.00001170,0.00001192,0.00001198,0.00001190,0.00001188,0.00001178,0.00001190
9.318000,0.00001209,0.00001170,0.00001192,0.00001198,0.00001190,0.00001188,0.00001178,0.00001190
9.320000,0.00001209,0.00001170,0.00001192,0.00001198,0.00001190,0.00001188,0.00001178,0.00001190
9.322000,0.00001209,0.00001171,0.00001192,0.00001198,0.00001190,0.00001188,0.00001178,0.00001191
9.323999,0.00001209,0.00001171,0.00001192,0.00001198,0.00001190,0.00001188,0.00001178,0.00001191
9.325999,0.00001209,0.00001171,0.00001192,0.00001199,0.00001190,0.00001188,0.00001178,0.00001191
9.328000,0.00001209,0.00001171,0.00001193,0.00001199,0.00001190,0.00001188,0.00001178,0.00001191
9.330000,0.00001209,0.00001171,0.00001193,0.00001199,0.00001191,0.00001188,0.00001178,0.00001191
9.331999,0.00001209,0.00001171,0.00001193,0.00001199,0.00001191,0.00001188,0.00001178,0.00001191
9.333999,0.00001209,0.00001171,0.00001193,0.00001199,0.00001191,0.00001188,0.00001178,0.00001191
9.335999,0.00001209,0.00001171,0.00001193,0.00001199,0.00001191,0.00001189,0.00001178,0.00001191
9.337999,0.00001209,0.00001171,0.00001193,0.00001199,0.00001191,0.00001189,0.00001179,0.00001191
9.339999,0.00001209,0.00001171,0.00001193,0.00001199,0.00001191,0.00001189,0.00001179,0.00001191
9.341999,0.00001210,0.00001171,0.00001193,0.00001199,0.00001191,0.00001189,0.00001179,0.00001191
9.343999,0.00001210,0.00001171,0.00001193,0.00001199,0.00001191,0.00001189,0.00001179,0.00001191
9.345999,0.00001210,0.00001171,0.00001193,0.00001199,0.00001191,0.00001189,0.00001179,0.00001191
9.348000,0.00001210,0.00001172,0.00001193,0.00001199,0.00001191,0.00001189,0.00001179,0.00001192
9.349999,0.00001210,0.00001172,0.00001193,0.00001199,0.00001191,0.00001189,0.00001179,0.00001192
9.351999,0.00001210,0.00001172,0.00001193,0.00001200,0.00001191,0.00001189,0.00001179,0.00001192
9.353999,0.00001210,0.00001172,0.00001194,0.00001200,0.00001191,0.00001189,0.00001179,0.00001192
9.355999,0.00001210,0.00001172,0.00001194,0.00001200,0.00001192,0.00001189,0.00001179,0.00001192
9.358000,0.00001210,0.00001172,0.00001194,0.00001200,0.00001192,0.00001189,0.00001179,0.00001192
9.360000,0.00001210,0.00001172,0.00001194,0.00001200,0.00001192,0.00001189,0.00001179,0.00001192
9.362000,0.00001210,0.00001172,0.00001194,0.00001200,0.00001192,0.00001190,0.00001179,0.00001192
9.363999,0.00001210,0.00001172,0.00001194,0.00001200,0.00001192,0.00001190,0.00001180,0.00001192
9.366000,0.00001211,0.00001172,0.00001194,0.00001200,0.00001192,0.00001190,0.00001180,0.00001192
9.367999,0.00001211,0.00001172,0.00001194,0.00001200,0.00001192,0.00001190,0.00001180,0.00001192
9.369999,0.00001211,0.00001172,0.00001194,0.00001200,0.00001192,0.00001190,0.00001180,0.00001192
9.371999,0.00001211,0.00001172,0.00001194,0.00001200,0.00001192,0.00001190,0.00001180,0.00001192
9.373999,0.00001211,0.00001173,0.00001194,0.00001200,0.00001192,0.00001190,0.00001180,0.00001193
9.375999,0.00001211,0.00001173,0.00001194,0.00001200,0.00001192,0.00001190,0.00001180,0.00001193
9.377999,0.00001211,0.00001173,0.00001194,0.00001201,0.00001192,0.00001190,0.00001180,0.00001193
9.379999,0.00001211,0.00001173,0.00001195,0.00001201,0.00001192,0.00001190,0.00001180,0.00001193
9.381999,0.00001211,0.00001173,0.00001195,0.00001201,0.00001193,0.00001190,0.00001180,0.00001193
9.383999,0.00001211,0.00001173,0.00001195,0.00001201,0.00001193,0.00001190,0.00001180,0.00001193
9.386000,0.00001211,0.00001173,0.00001195,0.00001201,0.00001193,0.00001191,0.00001180,0.00001193
9.388000,0.00001211,0.00001173,0.00001195,0.00001201,0.00001193,0.00001191,0.00001180,0.00001193
9.389999,0.00001211,0.00001173,0.00001195,0.00001201,0.00001193,0.00001191,0.00001181,0.00001193
9.391999,0.00001212,0.00001173,0.00001195,0.00001201,0.00001193,0.00001191,0.00001181,0.00001193
9.393999,0.00001212,0.00001173,0.00001195,0.00001201,0.00001193,0.00001191,0.00001181,0.00001193
9.396000,0.00001212,0.00001173,0.00001195,0.00001201,0.00001193,0.00001191,0.00001181,0.00001193
9.398000,0.00001212,0.00001173,0.00001195,0.00001201,0.00001193,0.00001191,0.00001181,0.00001194
9.400000,0.00001212,0.00001174,0.00001195,0.00001201,0.00001193,0.00001191,0.00001181,0.00001194
9.401999,0.00001212,0.00001174,0.00001195,0.00001201,0.00001193,0.00001191,0.00001181,0.00001194
9.403999,0.00001212,0.00001174,0.00001195,0.00001202,0.00001193,0.00001191,0.00001181,0.00001194
9.405999,0.00001212,0.00001174,0.00001196,0.00001202,0.00001193,0.00001191,0.00001181,0.00001194
9.407999,0.00001212,0.00001174,0.00001196,0.00001202,0.00001194,0.00001191,0.00001181,0.00001194
9.409999,0.00001212,0.00001174,0.00001196,0.00001202,0.00001194,0.00001191,0.00001181,0.00001194
9.411999,0.00001212,0.00001174,0.00001196,0.00001202,0.00001194,0.00001192,0.00001181,0.00001194
9.413999,0.00001212,0.00001174,0.00001196,0.00001202,0.00001194,0.00001192,0.00001181,0.00001194
9.415999,0.00001213,0.00001174,0.00001196,0.00001202,0.00001194,0.00001192,0.00001182,0.00001194
9.417999,0.00001213,0.00001174,0.00001196,0.00001202,0.00001194,0.00001192,0.00001182,0.00001194
9.419999,0.00001213,0.00001174,0.00001196,0.00001202,0.00001194,0.00001192,0.00001182,0.00001194
9.421999,0.00001213,0.00001174,0.00001196,0.00001202,0.00001194,0.00001192,0.00001182,0.00001194
9.423999,0.00001213,0.00001174,0.00001196,0.00001202,0.00001194,0.00001192,0.00001182,0.00001195
9.426000,0.00001213,0.00001174,0.00001196,0.00001202,0.00001194,0.00001192,0.00001182,0.00001195
9.427999,0.00001213,0.00001175,0.00001196,0.00001203,0.00001194,0.00001192,0.00001182,0.00001195
9.429999,0.00001213,0.00001175,0.00001197,0.00001203,0.00001194,0.00001192,0.00001182,0.00001195
9.431999,0.00001213,0.00001175,0.00001197,0.00001203,0.00001194,0.00001192,0.00001182,0.00001195
9.434000,0.00001213,0.00001175,0.00001197,0.00001203,0.00001195,0.00001192,0.00001182,0.00001195
9.436000,0.00001213,0.00001175,0.00001197,0.00001203,0.00001195,0.00001192,0.00001182,0.00001195
9.438000,0.00001213,0.00001175,0.00001197,0.00001203,0.00001195,0.00001193,0.00001182,0.00001195
9.440000,0.00001213,0.00001175,0.00001197,0.00001203,0.00001195,0.00001193,0.00001182,0.00001195
9.441999,0.00001214,0.00001175,0.00001197,0.00001203,0.00001195,0.00001193,0.00001183,0.00001195
9.443999,0.00001214,0.00001175,0.00001197,0.00001203,0.00001195,0.00001193,0.00001183,0.00001195
9.445999,0.00001214,0.00001175,0.00001197,0.00001203,0.00001195,0.00001193,0.00001183,0.00001195
9.447999,0.00001214,0.00001175,0.00001197,0.00001203,0.00001195,0.00001193,0.00001183,0.00001195
9.449999,0.00001214,0.00001175,0.00001197,0.00001203,0.00001195,0.00001193,0.00001183,0.00001196
9.451999,0.00001214,0.00001175,0.00001197,0.00001203,0.00001195,0.00001193,0.00001183,0.00001196
9.454000,0.00001214,0.00001176,0.00001197,0.00001204,0.00001195,0.00001193,0.00001183,0.00001196
9.455999,0.00001214,0.00001176,0.00001198,0.00001204,0.00001195,0.00001193,0.00001183,0.00001196
9.457999,0.00001214,0.00001176,0.00001198,0.00001204,0.00001195,0.00001193,0.00001183,0.00001196
9.459999,0.00001214,0.00001176,0.00001198,0.00001204,0.00001196,0.00001193,0.00001183,0.00001196
9.461999,0.00001214,0.00001176,0.00001198,0.00001204,0.00001196,0.00001193,0.00001183,0.00001196
9.464000,0.00001214,0.00001176,0.00001198,0.00001204,0.00001196,0.00001194,0.00001183,0.00001196
9.466000,0.00001215,0.00001176,0.00001198,0.00001204,0.00001196,0.00001194,0.00001183,0.00001196
9.467999,0.00001215,0.00001176,0.00001198,0.00001204,0.00001196,0.00001194,0.00001184,0.00001196
9.469999,0.00001215,0.00001176,0.00001198,0.00001204,0.00001196,0.00001194,0.00001184,0.00001196
9.471999,0.00001215,0.00001176,0.00001198,0.00001204,0.00001196,0.00001194,0.00001184,0.00001196
9.474000,0.00001215,0.00001176,0.00001198,0.00001204,0.00001196,0.00001194,0.00001184,0.00001196
9.476000,0.00001215,0.00001176,0.00001198,0.00001204,0.00001196,0.00001194,0.00001184,0.00001197
9.478000,0.00001215,0.00001176,0.00001198,0.00001204,0.00001196,0.00001194,0.00001184,0.00001197
9.480000,0.00001215,0.00001177,0.00001198,0.00001205,0.00001196,0.00001194,0.00001184,0.00001197
9.481999,0.00001215,0.00001177,0.00001199,0.00001205,0.00001196,0.00001194,0.00001184,0.00001197
9.483999,0.00001215,0.00001177,0.00001199,0.00001205,0.00001196,0.00001194,0.00001184,0.00001197
9.485999,0.00001215,0.00001177,0.00001199,0.00001205,0.00001197,0.00001194,0.00001184,0.00001197
9.487999,0.00001215,0.00001177,0.00001199,0.00001205,0.00001197,0.00001194,0.00001184,0.00001197
9.489999,0.00001215,0.00001177,0.00001199,0.00001205,0.00001197,0.00001195,0.00001184,0.00001197
9.491999,0.00001216,0.00001177,0.00001199,0.00001205,0.00001197,0.00001195,0.00001184,0.00001197
9.493999,0.00001216,0.00001177,0.00001199,0.00001205,0.00001197,0.00001195,0.00001185,0.00001197
9.495999,0.00001216,0.00001177,0.00001199,0.00001205,0.00001197,0.00001195,0.00001185,0.00001197
9.497999,0.00001216,0.00001177,0.00001199,0.00001205,0.00001197,0.00001195,0.00001185,0.00001197
9.499999,0.00001216,0.00001177,0.00001199,0.00001205,0.00001197,0.00001195,0.00001185,0.00001197
9.501999,0.00001216,0.00001177,0.00001199,0.00001205,0.00001197,0.00001195,0.00001185,0.00001198
9.504000,0.00001216,0.00001177,0.00001199,0.00001206,0.00001197,0.00001195,0.00001185,0.00001198
9.506000,0.00001216,0.00001178,0.00001199,0.00001206,0.00001197,0.00001195,0.00001185,0.00001198
9.507999,0.00001216,0.00001178,0.00001200,0.00001206,0.00001197,0.00001195,0.00001185,0.00001198
9.509999,0.00001216,0.00001178,0.00001200,0.00001206,0.00001198,0.00001195,0.00001185,0.00001198
9.512000,0.00001216,0.00001178,0.00001200,0.00001206,0.00001198,0.00001195,0.00001185,0.00001198
9.514000,0.00001216,0.00001178,0.00001200,0.00001206,0.00001198,0.00001195,0.00001185,0.00001198
9.516000,0.00001217,0.00001178,0.00001200,0.00001206,0.00001198,0.00001196,0.00001185,0.00001198
9.518000,0.00001217,0.00001178,0.00001200,0.00001206,0.00001198,0.00001196,0.00001185,0.00001198
9.520000,0.00001217,0.00001178,0.00001200,0.00001206,0.00001198,0.00001196,0.00001186,0.00001198
9.521999,0.00001217,0.00001178,0.00001200,0.00001206,0.00001198,0.00001196,0.00001186,0.00001198
9.523999,0.00001217,0.00001178,0.00001200,0.00001206,0.00001198,0.00001196,0.00001186,0.00001198
9.525999,0.00001217,0.00001178,0.00001200,0.00001206,0.00001198,0.00001196,0.00001186,0.00001198
9.527999,0.00001217,0.00001178,0.00001200,0.00001206,0.00001198,0.00001196,0.00001186,0.00001199
9.529999,0.00001217,0.00001178,0.00001200,0.00001207,0.00001198,0.00001196,0.00001186,0.00001199
9.532000,0.00001217,0.00001179,0.00001201,0.00001207,0.00001198,0.00001196,0.00001186,0.00001199
9.533999,0.00001217,0.00001179,0.00001201,0.00001207,0.00001198,0.00001196,0.00001186,0.00001199
9.535999,0.00001217,0.00001179,0.00001201,0.00001207,0.00001199,0.00001196,0.00001186,0.00001199
9.537999,0.00001217,0.00001179,0.00001201,0.00001207,0.00001199,0.00001196,0.00001186,0.00001199
9.539999,0.00001217,0.00001179,0.00001201,0.00001207,0.00001199,0.00001196,0.00001186,0.00001199
9.542000,0.00001218,0.00001179,0.00001201,0.00001207,0.00001199,0.00001197,0.00001186,0.00001199
9.544000,0.00001218,0.00001179,0.00001201,0.00001207,0.00001199,0.00001197,0.00001187,0.00001199
9.546000,0.00001218,0.00001179,0.00001201,0.00001207,0.00001199,0.00001197,0.00001187,0.00001199
9.547999,0.00001218,0.00001179,0.00001201,0.00001207,0.00001199,0.00001197,0.00001187,0.00001199
9.549999,0.00001218,0.00001179,0.00001201,0.00001207,0.00001199,0.00001197,0.00001187,0.00001199
9.552000,0.00001218,0.00001179,0.00001201,0.00001207,0.00001199,0.00001197,0.00001187,0.00001200
9.554000,0.00001218,0.00001179,0.00001201,0.00001208,0.00001199,0.00001197,0.00001187,0.00001200
9.556000,0.00001218,0.00001179,0.00001201,0.00001208,0.00001199,0.00001197,0.00001187,0.00001200
9.557999,0.00001218,0.00001180,0.00001202,0.00001208,0.00001199,0.00001197,0.00001187,0.00001200
9.559999,0.00001218,0.00001180,0.00001202,0.00001208,0.00001199,0.00001197,0.00001187,0.00001200
9.561999,0.00001218,0.00001180,0.00001202,0.00001208,0.00001200,0.00001197,0.00001187,0.00001200
9.563999,0.00001218,0.00001180,0.00001202,0.00001208,0.00001200,0.00001197,0.00001187,0.00001200
9.565999,0.00001219,0.00001180,0.00001202,0.00001208,0.00001200,0.00001198,0.00001187,0.00001200
9.567999,0.00001219,0.00001180,0.00001202,0.00001208,0.00001200,0.00001198,0.00001187,0.00001200
9.569999,0.00001219,0.00001180,0.00001202,0.00001208,0.00001200,0.00001198,0.00001188,0.00001200
9.572000,0.00001219,0.00001180,0.00001202,0.00001208,0.00001200,0.00001198,0.00001188,0.00001200
9.573999,0.00001219,0.00001180,0.00001202,0.00001208,0.00001200,0.00001198,0.00001188,0.00001200
9.575999,0.00001219,0.00001180,0.00001202,0.00001208,0.00001200,0.00001198,0.00001188,0.00001200
9.577999,0.00001219,0.00001180,0.00001202,0.00001208,0.00001200,0.00001198,0.00001188,0.00001201
9.579999,0.00001219,0.00001180,0.00001202,0.00001209,0.00001200,0.00001198,0.00001188,0.00001201
9.582000,0.00001219,0.00001180,0.00001202,0.00001209,0.00001200,0.00001198,0.00001188,0.00001201
9.584000,0.00001219,0.00001180,0.00001203,0.00001209,0.00001200,0.00001198,0.00001188,0.00001201
9.585999,0.00001219,0.00001181,0.00001203,0.00001209,0.00001200,0.00001198,0.00001188,0.00001201
9.587999,0.00001219,0.00001181,0.00001203,0.00001209,0.00001201,0.00001198,0.00001188,0.00001201
9.590000,0.00001220,0.00001181,0.00001203,0.00001209,0.00001201,0.00001198,0.00001188,0.00001201
9.592000,0.00001220,0.00001181,0.00001203,0.00001209,0.00001201,0.00001199,0.00001188,0.00001201
9.593999,0.00001220,0.00001181,0.00001203,0.00001209,0.00001201,0.00001199,0.00001188,0.00001201
9.595999,0.00001220,0.00001181,0.00001203,0.00001209,0.00001201,0.00001199,0.00001189,0.00001201
9.597999,0.00001220,0.00001181,0.00001203,0.00001209,0.00001201,0.00001199,0.00001189,0.00001201
9.599999,0.00001220,0.00001181,0.00001203,0.00001209,0.00001201,0.00001199,0.00001189,0.00001201
9.601999,0.00001220,0.00001181,0.00001203,0.00001209,0.00001201,0.00001199,0.00001189,0.00001201
9.603999,0.00001220,0.00001181,0.00001203,0.00001209,0.00001201,0.00001199,0.00001189,0.00001202
9.605999,0.00001220,0.00001181,0.00001203,0.00001210,0.00001201,0.00001199,0.00001189,0.00001202
9.607999,0.00001220,0.00001181,0.00001204,0.00001210,0.00001201,0.00001199,0.00001189,0.00001202
9.610000,0.00001220,0.00001181,0.00001204,0.00001210,0.00001201,0.00001199,0.00001189,0.00001202
9.612000,0.00001220,0.00001182,0.00001204,0.00001210,0.00001202,0.00001199,0.00001189,0.00001202
9.613999,0.00001220,0.00001182,0.00001204,0.00001210,0.00001202,0.00001199,0.00001189,0.00001202
9.615999,0.00001221,0.00001182,0.00001204,0.00001210,0.00001202,0.00001199,0.00001189,0.00001202
9.617999,0.00001221,0.00001182,0.00001204,0.00001210,0.00001202,0.00001200,0.00001189,0.00001202
9.620000,0.00001221,0.00001182,0.00001204,0.00001210,0.00001202,0.00001200,0.00001189,0.00001202
9.622000,0.00001221,0.00001182,0.00001204,0.00001210,0.00001202,0.00001200,0.00001190,0.00001202
9.624000,0.00001221,0.00001182,0.00001204,0.00001210,0.00001202,0.00001200,0.00001190,0.00001202
9.625999,0.00001221,0.00001182,0.00001204,0.00001210,0.00001202,0.00001200,0.00001190,0.00001202
9.627999,0.00001221,0.00001182,0.00001204,0.00001210,0.00001202,0.00001200,0.00001190,0.00001203
9.629999,0.00001221,0.00001182,0.00001204,0.00001211,0.00001202,0.00001200,0.00001190,0.00001203
9.631999,0.00001221,0.00001182,0.00001204,0.00001211,0.00001202,0.00001200,0.00001190,0.00001203
9.633999,0.00001221,0.00001182,0.00001205,0.00001211,0.00001202,0.00001200,0.00001190,0.00001203
9.635999,0.00001221,0.00001182,0.00001205,0.00001211,0.00001202,0.00001200,0.00001190,0.00001203
9.637999,0.00001221,0.00001183,0.00001205,0.00001211,0.00001203,0.00001200,0.00001190,0.00001203
9.639999,0.00001222,0.00001183,0.00001205,0.00001211,0.00001203,0.00001200,0.00001190,0.00001203
9.641999,0.00001222,0.00001183,0.00001205,0.00001211,0.00001203,0.00001200,0.00001190,0.00001203
9.643999,0.00001222,0.00001183,0.00001205,0.00001211,0.00001203,0.00001201,0.00001190,0.00001203
9.645999,0.00001222,0.00001183,0.00001205,0.00001211,0.00001203,0.00001201,0.00001190,0.00001203
9.647999,0.00001222,0.00001183,0.00001205,0.00001211,0.00001203,0.00001201,0.00001191,0.00001203
9.650000,0.00001222,0.00001183,0.00001205,0.00001211,0.00001203,0.00001201,0.00001191,0.00001203
9.651999,0.00001222,0.00001183,0.00001205,0.00001211,0.00001203,0.00001201,0.00001191,0.00001203
9.653999,0.00001222,0.00001183,0.00001205,0.00001211,0.00001203,0.00001201,0.00001191,0.00001204
9.655999,0.00001222,0.00001183,0.00001205,0.00001212,0.00001203,0.00001201,0.00001191,0.00001204
9.658000,0.00001222,0.00001183,0.00001206,0.00001212,0.00001203,0.00001201,0.00001191,0.00001204
9.660000,0.00001222,0.00001183,0.00001206,0.00001212,0.00001203,0.00001201,0.00001191,0.00001204
9.662000,0.00001222,0.00001183,0.00001206,0.00001212,0.00001204,0.00001201,0.00001191,0.00001204
9.664000,0.00001223,0.00001184,0.00001206,0.00001212,0.00001204,0.00001201,0.00001191,0.00001204
9.665999,0.00001223,0.00001184,0.00001206,0.00001212,0.00001204,0.00001201,0.00001191,0.00001204
9.667999,0.00001223,0.00001184,0.00001206,0.00001212,0.00001204,0.00001202,0.00001191,0.00001204
9.669999,0.00001223,0.00001184,0.00001206,0.00001212,0.00001204,0.00001202,0.00001191,0.00001204
9.671999,0.00001223,0.00001184,0.00001206,0.00001212,0.00001204,0.00001202,0.00001191,0.00001204
9.673999,0.00001223,0.00001184,0.00001206,0.00001212,0.00001204,0.00001202,0.00001192,0.00001204
9.675999,0.00001223,0.00001184,0.00001206,0.00001212,0.00001204,0.00001202,0.00001192,0.00001204
9.677999,0.00001223,0.00001184,0.00001206,0.00001212,0.00001204,0.00001202,0.00001192,0.00001204
9.679999,0.00001223,0.00001184,0.00001206,0.00001213,0.00001204,0.00001202,0.00001192,0.00001205
9.681999,0.00001223,0.00001184,0.00001206,0.00001213,0.00001204,0.00001202,0.00001192,0.00001205
9.683999,0.00001223,0.00001184,0.00001207,0.00001213,0.00001204,0.00001202,0.00001192,0.00001205
9.685999,0.00001223,0.00001184,0.00001207,0.00001213,0.00001204,0.00001202,0.00001192,0.00001205
9.688000,0.00001223,0.00001184,0.00001207,0.00001213,0.00001205,0.00001202,0.00001192,0.00001205
9.690000,0.00001224,0.00001185,0.00001207,0.00001213,0.00001205,0.00001202,0.00001192,0.00001205
9.691999,0.00001224,0.00001185,0.00001207,0.00001213,0.00001205,0.00001202,0.00001192,0.00001205
9.693999,0.00001224,0.00001185,0.00001207,0.00001213,0.00001205,0.00001203,0.00001192,0.00001205
9.695999,0.00001224,0.00001185,0.00001207,0.00001213,0.00001205,0.00001203,0.00001192,0.00001205
9.698000,0.00001224,0.00001185,0.00001207,0.00001213,0.00001205,0.00001203,0.00001192,0.00001205
9.700000,0.00001224,0.00001185,0.00001207,0.00001213,0.00001205,0.00001203,0.00001193,0.00001205
9.702000,0.00001224,0.00001185,0.00001207,0.00001213,0.00001205,0.00001203,0.00001193,0.00001205
9.704000,0.00001224,0.00001185,0.00001207,0.00001213,0.00001205,0.00001203,0.00001193,0.00001206
9.705999,0.00001224,0.00001185,0.00001207,0.00001214,0.00001205,0.00001203,0.00001193,0.00001206
9.707999,0.00001224,0.00001185,0.00001207,0.00001214,0.00001205,0.00001203,0.00001193,0.00001206
9.709999,0.00001224,0.00001185,0.00001208,0.00001214,0.00001205,0.00001203,0.00001193,0.00001206
9.711999,0.00001224,0.00001185,0.00001208,0.00001214,0.00001205,0.00001203,0.00001193,0.00001206
9.713999,0.00001225,0.00001185,0.00001208,0.00001214,0.00001206,0.00001203,0.00001193,0.00001206
9.715999,0.00001225,0.00001186,0.00001208,0.00001214,0.00001206,0.00001203,0.00001193,0.00001206
9.717999,0.00001225,0.00001186,0.00001208,0.00001214,0.00001206,0.00001204,0.00001193,0.00001206
9.719999,0.00001225,0.00001186,0.00001208,0.00001214,0.00001206,0.00001204,0.00001193,0.00001206
9.721999,0.00001225,0.00001186,0.00001208,0.00001214,0.00001206,0.00001204,0.00001193,0.00001206
9.723999,0.00001225,0.00001186,0.00001208,0.00001214,0.00001206,0.00001204,0.00001193,0.00001206
9.725999,0.00001225,0.00001186,0.00001208,0.00001214,0.00001206,0.00001204,0.00001194,0.00001206
9.728000,0.00001225,0.00001186,0.00001208,0.00001214,0.00001206,0.00001204,0.00001194,0.00001206
9.730000,0.00001225,0.00001186,0.00001208,0.00001215,0.00001206,0.00001204,0.00001194,0.00001207
9.731999,0.00001225,0.00001186,0.00001208,0.00001215,0.00001206,0.00001204,0.00001194,0.00001207
9.733999,0.00001225,0.00001186,0.00001209,0.00001215,0.00001206,0.00001204,0.00001194,0.00001207
9.736000,0.00001225,0.00001186,0.00001209,0.00001215,0.00001206,0.00001204,0.00001194,0.00001207
9.738000,0.00001226,0.00001186,0.00001209,0.00001215,0.00001207,0.00001204,0.00001194,0.00001207
9.740000,0.00001226,0.00001186,0.00001209,0.00001215,0.00001207,0.00001204,0.00001194,0.00001207
9.742000,0.00001226,0.00001187,0.00001209,0.00001215,0.00001207,0.00001204,0.00001194,0.00001207
9.743999,0.00001226,0.00001187,0.00001209,0.00001215,0.00001207,0.00001205,0.00001194,0.00001207
9.745999,0.00001226,0.00001187,0.00001209,0.00001215,0.00001207,0.00001205,0.00001194,0.00001207
9.747999,0.00001226,0.00001187,0.00001209,0.00001215,0.00001207,0.00001205,0.00001194,0.00001207
9.749999,0.00001226,0.00001187,0.00001209,0.00001215,0.00001207,0.00001205,0.00001194,0.00001207
9.751999,0.00001226,0.00001187,0.00001209,0.00001215,0.00001207,0.00001205,0.00001195,0.00001207
9.753999,0.00001226,0.00001187,0.00001209,0.00001215,0.00001207,0.00001205,0.00001195,0.00001208
9.756000,0.00001226,0.00001187,0.00001209,0.00001216,0.00001207,0.00001205,0.00001195,0.00001208
9.757999,0.00001226,0.00001187,0.00001209,0.00001216,0.00001207,0.00001205,0.00001195,0.00001208
9.759999,0.00001226,0.00001187,0.00001210,0.00001216,0.00001207,0.00001205,0.00001195,0.00001208
9.761999,0.00001226,0.00001187,0.00001210,0.00001216,0.00001207,0.00001205,0.00001195,0.00001208
9.763999,0.00001227,0.00001187,0.00001210,0.00001216,0.00001208,0.00001205,0.00001195,0.00001208
9.766000,0.00001227,0.00001188,0.00001210,0.00001216,0.00001208,0.00001205,0.00001195,0.00001208
9.768000,0.00001227,0.00001188,0.00001210,0.00001216,0.00001208,0.00001205,0.00001195,0.00001208
9.770000,0.00001227,0.00001188,0.00001210,0.00001216,0.00001208,0.00001206,0.00001195,0.00001208
9.771999,0.00001227,0.00001188,0.00001210,0.00001216,0.00001208,0.00001206,0.00001195,0.00001208
9.773999,0.00001227,0.00001188,0.00001210,0.00001216,0.00001208,0.00001206,0.00001195,0.00001208
9.776000,0.00001227,0.00001188,0.00001210,0.00001216,0.00001208,0.00001206,0.00001196,0.00001208
9.778000,0.00001227,0.00001188,0.00001210,0.00001216,0.00001208,0.00001206,0.00001196,0.00001208
9.780000,0.00001227,0.00001188,0.00001210,0.00001217,0.00001208,0.00001206,0.00001196,0.00001209
9.781999,0.00001227,0.00001188,0.00001210,0.00001217,0.00001208,0.00001206,0.00001196,0.00001209
9.783998,0.00001227,0.00001188,0.00001211,0.00001217,0.00001208,0.00001206,0.00001196,0.00001209
9.785999,0.00001227,0.00001188,0.00001211,0.00001217,0.00001208,0.00001206,0.00001196,0.00001209
9.787999,0.00001228,0.00001188,0.00001211,0.00001217,0.00001208,0.00001206,0.00001196,0.00001209
9.789999,0.00001228,0.00001188,0.00001211,0.00001217,0.00001209,0.00001206,0.00001196,0.00001209
9.791999,0.00001228,0.00001189,0.00001211,0.00001217,0.00001209,0.00001206,0.00001196,0.00001209
9.793999,0.00001228,0.00001189,0.00001211,0.00001217,0.00001209,0.00001207,0.00001196,0.00001209
9.796000,0.00001228,0.00001189,0.00001211,0.00001217,0.00001209,0.00001207,0.00001196,0.00001209
9.797999,0.00001228,0.00001189,0.00001211,0.00001217,0.00001209,0.00001207,0.00001196,0.00001209
9.799999,0.00001228,0.00001189,0.00001211,0.00001217,0.00001209,0.00001207,0.00001196,0.00001209
9.801999,0.00001228,0.00001189,0.00001211,0.00001217,0.00001209,0.00001207,0.00001197,0.00001209
9.803999,0.00001228,0.00001189,0.00001211,0.00001217,0.00001209,0.00001207,0.00001197,0.00001209
9.806000,0.00001228,0.00001189,0.00001211,0.00001218,0.00001209,0.00001207,0.00001197,0.00001210
9.808000,0.00001228,0.00001189,0.00001211,0.00001218,0.00001209,0.00001207,0.00001197,0.00001210
9.809999,0.00001228,0.00001189,0.00001212,0.00001218,0.00001209,0.00001207,0.00001197,0.00001210
9.811999,0.00001229,0.00001189,0.00001212,0.00001218,0.00001209,0.00001207,0.00001197,0.00001210
9.814000,0.00001229,0.00001189,0.00001212,0.00001218,0.00001210,0.00001207,0.00001197,0.00001210
9.816000,0.00001229,0.00001189,0.00001212,0.00001218,0.00001210,0.00001207,0.00001197,0.00001210
9.817999,0.00001229,0.00001190,0.00001212,0.00001218,0.00001210,0.00001207,0.00001197,0.00001210
9.819999,0.00001229,0.00001190,0.00001212,0.00001218,0.00001210,0.00001208,0.00001197,0.00001210
9.821999,0.00001229,0.00001190,0.00001212,0.00001218,0.00001210,0.00001208,0.00001197,0.00001210
9.823999,0.00001229,0.00001190,0.00001212,0.00001218,0.00001210,0.00001208,0.00001197,0.00001210
9.825999,0.00001229,0.00001190,0.00001212,0.00001218,0.00001210,0.00001208,0.00001197,0.00001210
9.827999,0.00001229,0.00001190,0.00001212,0.00001218,0.00001210,0.00001208,0.00001198,0.00001210
9.829999,0.00001229,0.00001190,0.00001212,0.00001219,0.00001210,0.00001208,0.00001198,0.00001211
9.831999,0.00001229,0.00001190,0.00001212,0.00001219,0.00001210,0.00001208,0.00001198,0.00001211
9.834000,0.00001229,0.00001190,0.00001213,0.00001219,0.00001210,0.00001208,0.00001198,0.00001211
9.835999,0.00001229,0.00001190,0.00001213,0.00001219,0.00001210,0.00001208,0.00001198,0.00001211
9.837999,0.00001230,0.00001190,0.00001213,0.00001219,0.00001210,0.00001208,0.00001198,0.00001211
9.839999,0.00001230,0.00001190,0.00001213,0.00001219,0.00001211,0.00001208,0.00001198,0.00001211
9.841999,0.00001230,0.00001190,0.00001213,0.00001219,0.00001211,0.00001208,0.00001198,0.00001211
9.844000,0.00001230,0.00001191,0.00001213,0.00001219,0.00001211,0.00001208,0.00001198,0.00001211
9.846000,0.00001230,0.00001191,0.00001213,0.00001219,0.00001211,0.00001209,0.00001198,0.00001211
9.848000,0.00001230,0.00001191,0.00001213,0.00001219,0.00001211,0.00001209,0.00001198,0.00001211
9.849999,0.00001230,0.00001191,0.00001213,0.00001219,0.00001211,0.00001209,0.00001198,0.00001211
9.851999,0.00001230,0.00001191,0.00001213,0.00001219,0.00001211,0.00001209,0.00001198,0.00001211
9.853999,0.00001230,0.00001191,0.00001213,0.00001219,0.00001211,0.00001209,0.00001199,0.00001211
9.855999,0.00001230,0.00001191,0.00001213,0.00001220,0.00001211,0.00001209,0.00001199,0.00001212
9.857999,0.00001230,0.00001191,0.00001213,0.00001220,0.00001211,0.00001209,0.00001199,0.00001212
9.859999,0.00001230,0.00001191,0.00001214,0.00001220,0.00001211,0.00001209,0.00001199,0.00001212
9.861999,0.00001231,0.00001191,0.00001214,0.00001220,0.00001211,0.00001209,0.00001199,0.00001212
9.863999,0.00001231,0.00001191,0.00001214,0.00001220,0.00001212,0.00001209,0.00001199,0.00001212
9.865999,0.00001231,0.00001191,0.00001214,0.00001220,0.00001212,0.00001209,0.00001199,0.00001212
9.867999,0.00001231,0.00001191,0.00001214,0.00001220,0.00001212,0.00001209,0.00001199,0.00001212
9.869999,0.00001231,0.00001192,0.00001214,0.00001220,0.00001212,0.00001210,0.00001199,0.00001212
9.871999,0.00001231,0.00001192,0.00001214,0.00001220,0.00001212,0.00001210,0.00001199,0.00001212
9.874000,0.00001231,0.00001192,0.00001214,0.00001220,0.00001212,0.00001210,0.00001199,0.00001212
9.875999,0.00001231,0.00001192,0.00001214,0.00001220,0.00001212,0.00001210,0.00001199,0.00001212
9.877999,0.00001231,0.00001192,0.00001214,0.00001220,0.00001212,0.00001210,0.00001200,0.00001212
9.879999,0.00001231,0.00001192,0.00001214,0.00001221,0.00001212,0.00001210,0.00001200,0.00001213
9.881999,0.00001231,0.00001192,0.00001214,0.00001221,0.00001212,0.00001210,0.00001200,0.00001213
9.884000,0.00001231,0.00001192,0.00001215,0.00001221,0.00001212,0.00001210,0.00001200,0.00001213
9.886000,0.00001232,0.00001192,0.00001215,0.00001221,0.00001212,0.00001210,0.00001200,0.00001213
9.888000,0.00001232,0.00001192,0.00001215,0.00001221,0.00001212,0.00001210,0.00001200,0.00001213
9.889999,0.00001232,0.00001192,0.00001215,0.00001221,0.00001213,0.00001210,0.00001200,0.00001213
9.891999,0.00001232,0.00001192,0.00001215,0.00001221,0.00001213,0.00001210,0.00001200,0.00001213
9.893999,0.00001232,0.00001192,0.00001215,0.00001221,0.00001213,0.00001210,0.00001200,0.00001213
9.895999,0.00001232,0.00001193,0.00001215,0.00001221,0.00001213,0.00001211,0.00001200,0.00001213
9.897999,0.00001232,0.00001193,0.00001215,0.00001221,0.00001213,0.00001211,0.00001200,0.00001213
9.899999,0.00001232,0.00001193,0.00001215,0.00001221,0.00001213,0.00001211,0.00001200,0.00001213
9.901999,0.00001232,0.00001193,0.00001215,0.00001221,0.00001213,0.00001211,0.00001200,0.00001213
9.903999,0.00001232,0.00001193,0.00001215,0.00001222,0.00001213,0.00001211,0.00001201,0.00001213
9.905999,0.00001232,0.00001193,0.00001215,0.00001222,0.00001213,0.00001211,0.00001201,0.00001214
9.907999,0.00001232,0.00001193,0.00001215,0.00001222,0.00001213,0.00001211,0.00001201,0.00001214
9.909999,0.00001233,0.00001193,0.00001216,0.00001222,0.00001213,0.00001211,0.00001201,0.00001214
9.912000,0.00001233,0.00001193,0.00001216,0.00001222,0.00001213,0.00001211,0.00001201,0.00001214
9.914000,0.00001233,0.00001193,0.00001216,0.00001222,0.00001214,0.00001211,0.00001201,0.00001214
9.915999,0.00001233,0.00001193,0.00001216,0.00001222,0.00001214,0.00001211,0.00001201,0.00001214
9.917999,0.00001233,0.00001193,0.00001216,0.00001222,0.00001214,0.00001211,0.00001201,0.00001214
9.919999,0.00001233,0.00001193,0.00001216,0.00001222,0.00001214,0.00001212,0.00001201,0.00001214
9.922000,0.00001233,0.00001194,0.00001216,0.00001222,0.00001214,0.00001212,0.00001201,0.00001214
9.924000,0.00001233,0.00001194,0.00001216,0.00001222,0.00001214,0.00001212,0.00001201,0.00001214
9.926000,0.00001233,0.00001194,0.00001216,0.00001222,0.00001214,0.00001212,0.00001201,0.00001214
9.927999,0.00001233,0.00001194,0.00001216,0.00001222,0.00001214,0.00001212,0.00001201,0.00001214
9.929999,0.00001233,0.00001194,0.00001216,0.00001223,0.00001214,0.00001212,0.00001202,0.00001215
9.931999,0.00001233,0.00001194,0.00001216,0.00001223,0.00001214,0.00001212,0.00001202,0.00001215
9.933999,0.00001234,0.00001194,0.00001217,0.00001223,0.00001214,0.00001212,0.00001202,0.00001215
9.935999,0.00001234,0.00001194,0.00001217,0.00001223,0.00001214,0.00001212,0.00001202,0.00001215
9.937999,0.00001234,0.00001194,0.00001217,0.00001223,0.00001214,0.00001212,0.00001202,0.00001215
9.939999,0.00001234,0.00001194,0.00001217,0.00001223,0.00001215,0.00001212,0.00001202,0.00001215
9.941999,0.00001234,0.00001194,0.00001217,0.00001223,0.00001215,0.00001212,0.00001202,0.00001215
9.943999,0.00001234,0.00001194,0.00001217,0.00001223,0.00001215,0.00001212,0.00001202,0.00001215
9.945999,0.00001234,0.00001194,0.00001217,0.00001223,0.00001215,0.00001213,0.00001202,0.00001215
9.947999,0.00001234,0.00001195,0.00001217,0.00001223,0.00001215,0.00001213,0.00001202,0.00001215
9.949999,0.00001234,0.00001195,0.00001217,0.00001223,0.00001215,0.00001213,0.00001202,0.00001215
9.952000,0.00001234,0.00001195,0.00001217,0.00001223,0.00001215,0.00001213,0.00001202,0.00001215
9.954000,0.00001234,0.00001195,0.00001217,0.00001224,0.00001215,0.00001213,0.00001202,0.00001215
9.955999,0.00001234,0.00001195,0.00001217,0.00001224,0.00001215,0.00001213,0.00001203,0.00001216
9.957999,0.00001234,0.00001195,0.00001217,0.00001224,0.00001215,0.00001213,0.00001203,0.00001216
9.960000,0.00001235,0.00001195,0.00001218,0.00001224,0.00001215,0.00001213,0.00001203,0.00001216
9.962000,0.00001235,0.00001195,0.00001218,0.00001224,0.00001215,0.00001213,0.00001203,0.00001216
9.964000,0.00001235,0.00001195,0.00001218,0.00001224,0.00001216,0.00001213,0.00001203,0.00001216
9.966000,0.00001235,0.00001195,0.00001218,0.00001224,0.00001216,0.00001213,0.00001203,0.00001216
9.967999,0.00001235,0.00001195,0.00001218,0.00001224,0.00001216,0.00001213,0.00001203,0.00001216
9.969999,0.00001235,0.00001195,0.00001218,0.00001224,0.00001216,0.00001213,0.00001203,0.00001216
9.971999,0.00001235,0.00001195,0.00001218,0.00001224,0.00001216,0.00001214,0.00001203,0.00001216
9.973999,0.00001235,0.00001196,0.00001218,0.00001224,0.00001216,0.00001214,0.00001203,0.00001216
9.975999,0.00001235,0.00001196,0.00001218,0.00001224,0.00001216,0.00001214,0.00001203,0.00001216
9.977999,0.00001235,0.00001196,0.00001218,0.00001225,0.00001216,0.00001214,0.00001203,0.00001216
9.980000,0.00001235,0.00001196,0.00001218,0.00001225,0.00001216,0.00001214,0.00001204,0.00001217
9.981999,0.00001235,0.00001196,0.00001218,0.00001225,0.00001216,0.00001214,0.00001204,0.00001217
9.983999,0.00001236,0.00001196,0.00001219,0.00001225,0.00001216,0.00001214,0.00001204,0.00001217
9.985999,0.00001236,0.00001196,0.00001219,0.00001225,0.00001216,0.00001214,0.00001204,0.00001217
9.987999,0.00001236,0.00001196,0.00001219,0.00001225,0.00001216,0.00001214,0.00001204,0.00001217
9.990000,0.00001236,0.00001196,0.00001219,0.00001225,0.00001217,0.00001214,0.00001204,0.00001217
9.992000,0.00001236,0.00001196,0.00001219,0.00001225,0.00001217,0.00001214,0.00001204,0.00001217
9.993999,0.00001236,0.00001196,0.00001219,0.00001225,0.00001217,0.00001214,0.00001204,0.00001217
9.995999,0.00001236,0.00001196,0.00001219,0.00001225,0.00001217,0.00001215,0.00001204,0.00001217
9.997999,0.00001236,0.00001196,0.00001219,0.00001225,0.00001217,0.00001215,0.00001204,0.00001217
10.000000,0.00001236,0.00001197,0.00001219,0.00001225,0.00001217,0.00001215,0.00001204,0.00001217
