#                                                                     
# $$\                                                                 
# $$ |                                                                
# $$ |     $$\   $$\ $$$$$$\$$$$\   $$$$$$\  $$$$$$$\                 
# $$ |     $$ |  $$ |$$  _$$  _$$\ $$  __$$\ $$  __$$\                
# $$ |     $$ |  $$ |$$ / $$ / $$ |$$$$$$$$ |$$ |  $$ |               
# $$ |     $$ |  $$ |$$ | $$ | $$ |$$   ____|$$ |  $$ |               
# $$$$$$$$\\$$$$$$  |$$ | $$ | $$ |\$$$$$$$\ $$ |  $$ |               
# \________|\______/ \__| \__| \__| \_______|\__|  \__|               
#                                                                     
#                   Fork Lumen 2.1.0                                  
#                   Branch is nlresp                                  
#        MPI+OpenMP+SLK+SLEPC+HDF5_MPI_IO Build                       
#               http://www.lumen-code.org                             
#
# Absorption @ Q(1):   1.00000000      0.00000000      0.00000000    [q->0 direction]
#
# [GEN] GF Energies                               : Perdew, Burke & Ernzerhof(X)+Perdew, Burke & Ernzerhof(C)
# [GEN] Green`s Function                          : Resonant
#
# [GEN] Gauge                                     : Length
# [GEN] [r,Vnl] included                          : yes
#
# DIP band range                                  :   1  30
# DIP band range limits                           :   5   6
# DIP e/h energy range                            :  -1.00000000     -1.00000000    [eV]
# RL vectors in the sum                           :  1837
# [r,Vnl] included                                : yes
# Bands ordered                                   : yes
# Direct v evaluation                             : no
# Approach used                                   : G-space v
# Dipoles computed                                : R V P [G-space]
# Wavefunctions                                   : Perdew, Burke & Ernzerhof(X)+Perdew, Burke & Ernzerhof(C)
#
#
# [K] Identifier                                  :  1860
# [K] Dimension                                   :  12800
# [K] Bands                                       :   1  30
# [K] Exchange res                                : yes
# [K] Correlation res                             : yes
# [K] Kernel`s coupling                           : no
# [K] Exchange cpl                                : no
# [K] Correlation cpl                             : no
# [K] W interaction is bare                       : no
# [K] ALDA kernel in R-space                      : no
# [K] RL vectors exchange                         :   531
# [K] RL vectors correlation                      :   89
# [K] E/h energy range                            :  -1.00000000     -1.00000000    [eV]
# [K] Coupling range                              :   100.000000      100.000000    [o/o]
# [W] Interaction is diagonal                     : no
# [W] Matrix size                                 :   89
# [W] Bands                                       :   1  30
# [W] e/h energy range                            :  -1.00000000     -1.00000000    [eV]
# [W] Poles                                       :   100.000000    [o/o]
# [W] RL vectors in the sum                       :  1837
# [W] [r,Vnl] included                            : yes
# [W] Field direction                             :  0.999999975E-5   0.00000000      0.00000000   
# [W] Coulomb Cutoff                              : none
# [W] Hxc Kernel                                  : HARTREE
# [RIM] RL components col                         : 0
# [RIM] Random points col                         : 0
# [SOC] Perturbative SOC                          : no
# [X] Response Kind                               : BAR
#
# Diamagnetic term                                
# Ao                                              :  -9.08259773    [nel]
# A                                               :  -9.18705750    [nel]
#
#    E[1] [eV]          Im(eps)            Re(eps)            Im(eps_o)          Re(eps_o)
#
        0.000000           0.138991E-4        1.010658           0.108392E-4        1.009415
        0.002000           0.138998E-4        1.010658           0.108397E-4        1.009415
        0.004000           0.139005E-4        1.010659           0.108402E-4        1.009416
        0.006000           0.139013E-4        1.010659           0.108407E-4        1.009416
        0.008000           0.139020E-4        1.010659           0.108412E-4        1.009416
        0.010000           0.139028E-4        1.010659           0.108417E-4        1.009416
        0.012000           0.139035E-4        1.010660           0.108422E-4        1.009416
        0.014000           0.139043E-4        1.010660           0.108427E-4        1.009417
        0.016000           0.139050E-4        1.010660           0.108433E-4        1.009417
        0.018000           0.139057E-4        1.010661           0.108438E-4        1.009417
        0.020000           0.139065E-4        1.010661           0.108443E-4        1.009417
        0.022000           0.139072E-4        1.010661           0.108448E-4        1.009417
        0.024000           0.139080E-4        1.010661           0.108453E-4        1.009418
        0.026000           0.139087E-4        1.010662           0.108458E-4        1.009418
        0.028000           0.139095E-4        1.010662           0.108463E-4        1.009418
        0.030000           0.139102E-4        1.010662           0.108468E-4        1.009418
        0.032000           0.139109E-4        1.010663           0.108473E-4        1.009418
        0.034000           0.139117E-4        1.010663           0.108479E-4        1.009419
        0.036000           0.139124E-4        1.010663           0.108484E-4        1.009419
        0.038000           0.139132E-4        1.010663           0.108489E-4        1.009419
        0.040000           0.139139E-4        1.010664           0.108494E-4        1.009419
        0.042000           0.139147E-4        1.010664           0.108499E-4        1.009420
        0.044000           0.139154E-4        1.010664           0.108504E-4        1.009420
        0.046000           0.139161E-4        1.010664           0.108509E-4        1.009420
        0.048000           0.139169E-4        1.010665           0.108515E-4        1.009420
        0.050000           0.139176E-4        1.010665           0.108520E-4        1.009421
        0.052000           0.139184E-4        1.010665           0.108525E-4        1.009421
        0.054000           0.139191E-4        1.010666           0.108530E-4        1.009421
        0.056000           0.139199E-4        1.010666           0.108535E-4        1.009421
        0.058000           0.139206E-4        1.010666           0.108540E-4        1.009421
        0.060000           0.139213E-4        1.010666           0.108545E-4        1.009422
        0.062000           0.139221E-4        1.010667           0.108550E-4        1.009422
        0.064000           0.139228E-4        1.010667           0.108555E-4        1.009422
        0.066000           0.139236E-4        1.010667           0.108561E-4        1.009422
        0.068000           0.139243E-4        1.010668           0.108566E-4        1.009422
        0.070000           0.139251E-4        1.010668           0.108571E-4        1.009423
        0.072000           0.139258E-4        1.010668           0.108576E-4        1.009423
        0.074000           0.139265E-4        1.010668           0.108581E-4        1.009423
        0.076000           0.139273E-4        1.010669           0.108586E-4        1.009423
        0.078000           0.139280E-4        1.010669           0.108591E-4        1.009423
        0.080000           0.139288E-4        1.010669           0.108597E-4        1.009424
        0.082000           0.139295E-4        1.010669           0.108602E-4        1.009424
        0.084000           0.139303E-4        1.010670           0.108607E-4        1.009424
        0.086000           0.139310E-4        1.010670           0.108612E-4        1.009424
        0.088000           0.139318E-4        1.010670           0.108617E-4        1.009425
        0.090000           0.139325E-4        1.010671           0.108622E-4        1.009425
        0.092000           0.139333E-4        1.010671           0.108627E-4        1.009425
        0.094000           0.139340E-4        1.010671           0.108632E-4        1.009425
        0.096000           0.139347E-4        1.010671           0.108638E-4        1.009426
        0.098000           0.139355E-4        1.010672           0.108643E-4        1.009426
        0.100000           0.139362E-4        1.010672           0.108648E-4        1.009426
        0.102000           0.139370E-4        1.010672           0.108653E-4        1.009426
        0.104000           0.139377E-4        1.010673           0.108658E-4        1.009426
        0.106000           0.139385E-4        1.010673           0.108663E-4        1.009427
        0.108000           0.139392E-4        1.010673           0.108668E-4        1.009427
        0.110000           0.139400E-4        1.010673           0.108673E-4        1.009427
        0.112000           0.139407E-4        1.010674           0.108679E-4        1.009427
        0.114000           0.139414E-4        1.010674           0.108684E-4        1.009427
        0.116000           0.139422E-4        1.010674           0.108689E-4        1.009428
        0.118000           0.139429E-4        1.010674           0.108694E-4        1.009428
        0.120000           0.139437E-4        1.010675           0.108699E-4        1.009428
        0.122000           0.139444E-4        1.010675           0.108704E-4        1.009428
        0.124000           0.139452E-4        1.010675           0.108709E-4        1.009429
        0.126000           0.139459E-4        1.010676           0.108715E-4        1.009429
        0.128000           0.139467E-4        1.010676           0.108720E-4        1.009429
        0.130000           0.139474E-4        1.010676           0.108725E-4        1.009429
        0.132000           0.139482E-4        1.010676           0.108730E-4        1.009429
        0.134000           0.139489E-4        1.010677           0.108735E-4        1.009430
        0.136000           0.139496E-4        1.010677           0.108740E-4        1.009430
        0.138000           0.139504E-4        1.010677           0.108745E-4        1.009430
        0.140000           0.139511E-4        1.010678           0.108751E-4        1.009430
        0.142000           0.139519E-4        1.010678           0.108756E-4        1.009430
        0.144000           0.139526E-4        1.010678           0.108761E-4        1.009431
        0.146000           0.139534E-4        1.010678           0.108766E-4        1.009431
        0.148000           0.139541E-4        1.010679           0.108771E-4        1.009431
        0.150000           0.139549E-4        1.010679           0.108776E-4        1.009431
        0.152000           0.139556E-4        1.010679           0.108781E-4        1.009432
        0.154000           0.139564E-4        1.010679           0.108787E-4        1.009432
        0.156000           0.139571E-4        1.010680           0.108792E-4        1.009432
        0.158000           0.139579E-4        1.010680           0.108797E-4        1.009432
        0.160000           0.139586E-4        1.010680           0.108802E-4        1.009432
        0.162000           0.139594E-4        1.010681           0.108807E-4        1.009433
        0.164000           0.139601E-4        1.010681           0.108812E-4        1.009433
        0.166000           0.139608E-4        1.010681           0.108817E-4        1.009433
        0.168000           0.139616E-4        1.010682           0.108823E-4        1.009433
        0.170000           0.139623E-4        1.010682           0.108828E-4        1.009434
        0.172000           0.139631E-4        1.010682           0.108833E-4        1.009434
        0.174000           0.139638E-4        1.010682           0.108838E-4        1.009434
        0.176000           0.139646E-4        1.010683           0.108843E-4        1.009434
        0.178000           0.139653E-4        1.010683           0.108848E-4        1.009434
        0.180000           0.139661E-4        1.010683           0.108853E-4        1.009435
        0.182000           0.139668E-4        1.010683           0.108859E-4        1.009435
        0.184000           0.139676E-4        1.010684           0.108864E-4        1.009435
        0.186000           0.139683E-4        1.010684           0.108869E-4        1.009435
        0.188000           0.139691E-4        1.010684           0.108874E-4        1.009435
        0.190000           0.139698E-4        1.010684           0.108879E-4        1.009436
        0.192000           0.139706E-4        1.010685           0.108884E-4        1.009436
        0.194000           0.139713E-4        1.010685           0.108889E-4        1.009436
        0.196000           0.139721E-4        1.010685           0.108895E-4        1.009436
        0.198000           0.139728E-4        1.010686           0.108900E-4        1.009437
        0.200000           0.139736E-4        1.010686           0.108905E-4        1.009437
        0.202000           0.139743E-4        1.010686           0.108910E-4        1.009437
        0.204000           0.139750E-4        1.010687           0.108915E-4        1.009437
        0.206000           0.139758E-4        1.010687           0.108920E-4        1.009437
        0.208000           0.139765E-4        1.010687           0.108926E-4        1.009438
        0.210000           0.139773E-4        1.010687           0.108931E-4        1.009438
        0.212000           0.139780E-4        1.010688           0.108936E-4        1.009438
        0.214000           0.139788E-4        1.010688           0.108941E-4        1.009438
        0.216000           0.139795E-4        1.010688           0.108946E-4        1.009439
        0.218000           0.139803E-4        1.010688           0.108951E-4        1.009439
        0.220000           0.139810E-4        1.010689           0.108956E-4        1.009439
        0.222000           0.139818E-4        1.010689           0.108962E-4        1.009439
        0.224000           0.139825E-4        1.010689           0.108967E-4        1.009439
        0.226000           0.139833E-4        1.010690           0.108972E-4        1.009440
        0.228000           0.139840E-4        1.010690           0.108977E-4        1.009440
        0.230000           0.139848E-4        1.010690           0.108982E-4        1.009440
        0.232000           0.139855E-4        1.010690           0.108987E-4        1.009440
        0.234000           0.139863E-4        1.010691           0.108992E-4        1.009440
        0.236000           0.139870E-4        1.010691           0.108998E-4        1.009441
        0.238000           0.139878E-4        1.010691           0.109003E-4        1.009441
        0.240000           0.139885E-4        1.010692           0.109008E-4        1.009441
        0.242000           0.139893E-4        1.010692           0.109013E-4        1.009441
        0.244000           0.139900E-4        1.010692           0.109018E-4        1.009442
        0.246000           0.139908E-4        1.010692           0.109023E-4        1.009442
        0.248000           0.139915E-4        1.010693           0.109029E-4        1.009442
        0.250000           0.139923E-4        1.010693           0.109034E-4        1.009442
        0.252000           0.139930E-4        1.010693           0.109039E-4        1.009442
        0.254000           0.139938E-4        1.010693           0.109044E-4        1.009443
        0.256000           0.139945E-4        1.010694           0.109049E-4        1.009443
        0.258000           0.139953E-4        1.010694           0.109054E-4        1.009443
        0.260000           0.139960E-4        1.010694           0.109060E-4        1.009443
        0.262000           0.139968E-4        1.010695           0.109065E-4        1.009444
        0.264000           0.139975E-4        1.010695           0.109070E-4        1.009444
        0.266000           0.139983E-4        1.010695           0.109075E-4        1.009444
        0.268000           0.139990E-4        1.010695           0.109080E-4        1.009444
        0.270000           0.139998E-4        1.010696           0.109086E-4        1.009444
        0.272000           0.140005E-4        1.010696           0.109091E-4        1.009445
        0.274000           0.140013E-4        1.010696           0.109096E-4        1.009445
        0.276000           0.140020E-4        1.010697           0.109101E-4        1.009445
        0.278000           0.140028E-4        1.010697           0.109106E-4        1.009445
        0.280000           0.140035E-4        1.010697           0.109111E-4        1.009446
        0.282000           0.140043E-4        1.010697           0.109116E-4        1.009446
        0.284000           0.140050E-4        1.010698           0.109122E-4        1.009446
        0.286000           0.140058E-4        1.010698           0.109127E-4        1.009446
        0.288000           0.140065E-4        1.010698           0.109132E-4        1.009446
        0.290000           0.140073E-4        1.010699           0.109137E-4        1.009447
        0.292000           0.140080E-4        1.010699           0.109142E-4        1.009447
        0.294000           0.140088E-4        1.010699           0.109147E-4        1.009447
        0.296000           0.140095E-4        1.010699           0.109152E-4        1.009447
        0.298000           0.140103E-4        1.010700           0.109158E-4        1.009447
        0.300000           0.140110E-4        1.010700           0.109163E-4        1.009448
        0.302000           0.140118E-4        1.010700           0.109168E-4        1.009448
        0.304000           0.140125E-4        1.010700           0.109173E-4        1.009448
        0.306000           0.140133E-4        1.010701           0.109178E-4        1.009448
        0.308000           0.140140E-4        1.010701           0.109184E-4        1.009449
        0.310000           0.140148E-4        1.010701           0.109189E-4        1.009449
        0.312000           0.140155E-4        1.010702           0.109194E-4        1.009449
        0.314000           0.140163E-4        1.010702           0.109199E-4        1.009449
        0.316000           0.140170E-4        1.010702           0.109204E-4        1.009449
        0.318000           0.140178E-4        1.010702           0.109209E-4        1.009450
        0.320000           0.140185E-4        1.010703           0.109215E-4        1.009450
        0.322000           0.140193E-4        1.010703           0.109220E-4        1.009450
        0.324000           0.140200E-4        1.010703           0.109225E-4        1.009450
        0.326000           0.140208E-4        1.010704           0.109230E-4        1.009451
        0.328000           0.140215E-4        1.010704           0.109235E-4        1.009451
        0.330000           0.140223E-4        1.010704           0.109240E-4        1.009451
        0.332000           0.140230E-4        1.010704           0.109246E-4        1.009451
        0.334000           0.140238E-4        1.010705           0.109251E-4        1.009451
        0.336000           0.140246E-4        1.010705           0.109256E-4        1.009452
        0.338000           0.140253E-4        1.010705           0.109261E-4        1.009452
        0.340000           0.140261E-4        1.010706           0.109266E-4        1.009452
        0.342000           0.140268E-4        1.010706           0.109272E-4        1.009452
        0.344000           0.140276E-4        1.010706           0.109277E-4        1.009452
        0.346000           0.140283E-4        1.010706           0.109282E-4        1.009453
        0.348000           0.140291E-4        1.010707           0.109287E-4        1.009453
        0.350000           0.140298E-4        1.010707           0.109292E-4        1.009453
        0.352000           0.140306E-4        1.010707           0.109297E-4        1.009453
        0.354000           0.140313E-4        1.010707           0.109303E-4        1.009454
        0.356000           0.140321E-4        1.010708           0.109308E-4        1.009454
        0.358000           0.140328E-4        1.010708           0.109313E-4        1.009454
        0.360000           0.140336E-4        1.010708           0.109318E-4        1.009454
        0.362000           0.140343E-4        1.010709           0.109323E-4        1.009454
        0.364000           0.140351E-4        1.010709           0.109329E-4        1.009455
        0.366000           0.140358E-4        1.010709           0.109334E-4        1.009455
        0.368000           0.140366E-4        1.010710           0.109339E-4        1.009455
        0.370000           0.140373E-4        1.010710           0.109344E-4        1.009455
        0.372000           0.140381E-4        1.010710           0.109349E-4        1.009456
        0.374000           0.140389E-4        1.010710           0.109354E-4        1.009456
        0.376000           0.140396E-4        1.010711           0.109360E-4        1.009456
        0.378000           0.140404E-4        1.010711           0.109365E-4        1.009456
        0.380000           0.140411E-4        1.010711           0.109370E-4        1.009456
        0.382000           0.140419E-4        1.010711           0.109375E-4        1.009457
        0.384000           0.140426E-4        1.010712           0.109380E-4        1.009457
        0.386000           0.140434E-4        1.010712           0.109386E-4        1.009457
        0.388000           0.140441E-4        1.010712           0.109391E-4        1.009457
        0.390000           0.140449E-4        1.010713           0.109396E-4        1.009457
        0.392000           0.140456E-4        1.010713           0.109401E-4        1.009458
        0.394000           0.140464E-4        1.010713           0.109406E-4        1.009458
        0.396000           0.140471E-4        1.010713           0.109411E-4        1.009458
        0.398000           0.140479E-4        1.010714           0.109417E-4        1.009458
        0.400000           0.140487E-4        1.010714           0.109422E-4        1.009459
        0.402000           0.140494E-4        1.010714           0.109427E-4        1.009459
        0.404000           0.140502E-4        1.010715           0.109432E-4        1.009459
        0.406000           0.140509E-4        1.010715           0.109437E-4        1.009459
        0.408000           0.140517E-4        1.010715           0.109443E-4        1.009459
        0.410000           0.140524E-4        1.010715           0.109448E-4        1.009460
        0.412000           0.140532E-4        1.010716           0.109453E-4        1.009460
        0.414000           0.140539E-4        1.010716           0.109458E-4        1.009460
        0.416000           0.140547E-4        1.010716           0.109463E-4        1.009460
        0.418000           0.140554E-4        1.010716           0.109469E-4        1.009461
        0.420000           0.140562E-4        1.010717           0.109474E-4        1.009461
        0.422000           0.140570E-4        1.010717           0.109479E-4        1.009461
        0.424000           0.140577E-4        1.010717           0.109484E-4        1.009461
        0.426000           0.140585E-4        1.010718           0.109489E-4        1.009461
        0.428000           0.140592E-4        1.010718           0.109494E-4        1.009462
        0.430000           0.140600E-4        1.010718           0.109500E-4        1.009462
        0.432000           0.140607E-4        1.010718           0.109505E-4        1.009462
        0.434000           0.140615E-4        1.010719           0.109510E-4        1.009462
        0.436000           0.140622E-4        1.010719           0.109515E-4        1.009463
        0.438000           0.140630E-4        1.010719           0.109521E-4        1.009463
        0.440000           0.140637E-4        1.010720           0.109526E-4        1.009463
        0.442000           0.140645E-4        1.010720           0.109531E-4        1.009463
        0.444000           0.140653E-4        1.010720           0.109536E-4        1.009463
        0.446000           0.140660E-4        1.010720           0.109541E-4        1.009464
        0.448000           0.140668E-4        1.010721           0.109546E-4        1.009464
        0.450000           0.140675E-4        1.010721           0.109552E-4        1.009464
        0.452000           0.140683E-4        1.010721           0.109557E-4        1.009464
        0.454000           0.140690E-4        1.010722           0.109562E-4        1.009465
        0.456000           0.140698E-4        1.010722           0.109567E-4        1.009465
        0.458000           0.140705E-4        1.010722           0.109572E-4        1.009465
        0.460000           0.140713E-4        1.010722           0.109578E-4        1.009465
        0.462000           0.140721E-4        1.010723           0.109583E-4        1.009465
        0.464000           0.140728E-4        1.010723           0.109588E-4        1.009466
        0.466000           0.140736E-4        1.010723           0.109593E-4        1.009466
        0.468000           0.140743E-4        1.010723           0.109599E-4        1.009466
        0.470000           0.140751E-4        1.010724           0.109604E-4        1.009466
        0.472000           0.140758E-4        1.010724           0.109609E-4        1.009467
        0.474000           0.140766E-4        1.010724           0.109614E-4        1.009467
        0.476000           0.140774E-4        1.010725           0.109619E-4        1.009467
        0.478000           0.140781E-4        1.010725           0.109624E-4        1.009467
        0.480000           0.140789E-4        1.010725           0.109630E-4        1.009467
        0.482000           0.140796E-4        1.010725           0.109635E-4        1.009468
        0.484000           0.140804E-4        1.010726           0.109640E-4        1.009468
        0.486000           0.140811E-4        1.010726           0.109645E-4        1.009468
        0.488000           0.140819E-4        1.010726           0.109651E-4        1.009468
        0.490000           0.140826E-4        1.010727           0.109656E-4        1.009468
        0.492000           0.140834E-4        1.010727           0.109661E-4        1.009469
        0.494000           0.140842E-4        1.010727           0.109666E-4        1.009469
        0.496000           0.140849E-4        1.010727           0.109671E-4        1.009469
        0.498000           0.140857E-4        1.010728           0.109677E-4        1.009469
        0.500000           0.140864E-4        1.010728           0.109682E-4        1.009470
        0.502000           0.140872E-4        1.010728           0.109687E-4        1.009470
        0.504000           0.140879E-4        1.010729           0.109692E-4        1.009470
        0.506000           0.140887E-4        1.010729           0.109697E-4        1.009470
        0.508000           0.140895E-4        1.010729           0.109703E-4        1.009470
        0.510000           0.140902E-4        1.010729           0.109708E-4        1.009471
        0.512000           0.140910E-4        1.010730           0.109713E-4        1.009471
        0.514000           0.140917E-4        1.010730           0.109718E-4        1.009471
        0.516000           0.140925E-4        1.010730           0.109723E-4        1.009471
        0.518000           0.140933E-4        1.010731           0.109729E-4        1.009472
        0.520000           0.140940E-4        1.010731           0.109734E-4        1.009472
        0.522000           0.140948E-4        1.010731           0.109739E-4        1.009472
        0.524000           0.140955E-4        1.010731           0.109744E-4        1.009472
        0.526000           0.140963E-4        1.010732           0.109749E-4        1.009472
        0.528000           0.140970E-4        1.010732           0.109755E-4        1.009473
        0.530000           0.140978E-4        1.010732           0.109760E-4        1.009473
        0.532000           0.140986E-4        1.010733           0.109765E-4        1.009473
        0.534000           0.140993E-4        1.010733           0.109770E-4        1.009473
        0.536000           0.141001E-4        1.010733           0.109776E-4        1.009474
        0.538000           0.141008E-4        1.010733           0.109781E-4        1.009474
        0.540000           0.141016E-4        1.010734           0.109786E-4        1.009474
        0.542000           0.141024E-4        1.010734           0.109791E-4        1.009474
        0.544000           0.141031E-4        1.010734           0.109796E-4        1.009474
        0.546000           0.141039E-4        1.010735           0.109802E-4        1.009475
        0.548000           0.141046E-4        1.010735           0.109807E-4        1.009475
        0.550000           0.141054E-4        1.010735           0.109812E-4        1.009475
        0.552000           0.141061E-4        1.010735           0.109817E-4        1.009475
        0.554000           0.141069E-4        1.010736           0.109822E-4        1.009475
        0.556000           0.141077E-4        1.010736           0.109828E-4        1.009476
        0.558000           0.141084E-4        1.010736           0.109833E-4        1.009476
        0.560000           0.141092E-4        1.010736           0.109838E-4        1.009476
        0.562000           0.141099E-4        1.010737           0.109843E-4        1.009476
        0.564000           0.141107E-4        1.010737           0.109849E-4        1.009477
        0.566000           0.141115E-4        1.010737           0.109854E-4        1.009477
        0.568000           0.141122E-4        1.010738           0.109859E-4        1.009477
        0.570000           0.141130E-4        1.010738           0.109864E-4        1.009477
        0.572000           0.141137E-4        1.010738           0.109869E-4        1.009477
        0.574000           0.141145E-4        1.010738           0.109875E-4        1.009478
        0.576000           0.141153E-4        1.010739           0.109880E-4        1.009478
        0.578000           0.141160E-4        1.010739           0.109885E-4        1.009478
        0.580000           0.141168E-4        1.010739           0.109890E-4        1.009478
        0.582000           0.141175E-4        1.010740           0.109896E-4        1.009479
        0.584000           0.141183E-4        1.010740           0.109901E-4        1.009479
        0.586000           0.141191E-4        1.010740           0.109906E-4        1.009479
        0.588000           0.141198E-4        1.010740           0.109911E-4        1.009479
        0.590000           0.141206E-4        1.010741           0.109916E-4        1.009479
        0.592000           0.141213E-4        1.010741           0.109922E-4        1.009480
        0.594000           0.141221E-4        1.010741           0.109927E-4        1.009480
        0.596000           0.141229E-4        1.010742           0.109932E-4        1.009480
        0.598000           0.141236E-4        1.010742           0.109937E-4        1.009480
        0.600000           0.141244E-4        1.010742           0.109943E-4        1.009481
        0.602000           0.141251E-4        1.010742           0.109948E-4        1.009481
        0.604000           0.141259E-4        1.010743           0.109953E-4        1.009481
        0.606000           0.141267E-4        1.010743           0.109958E-4        1.009481
        0.608000           0.141274E-4        1.010743           0.109964E-4        1.009481
        0.610000           0.141282E-4        1.010743           0.109969E-4        1.009482
        0.612000           0.141289E-4        1.010744           0.109974E-4        1.009482
        0.614000           0.141297E-4        1.010744           0.109979E-4        1.009482
        0.616000           0.141305E-4        1.010744           0.109984E-4        1.009482
        0.618000           0.141312E-4        1.010745           0.109990E-4        1.009483
        0.620000           0.141320E-4        1.010745           0.109995E-4        1.009483
        0.622000           0.141327E-4        1.010745           0.110000E-4        1.009483
        0.624000           0.141335E-4        1.010746           0.110005E-4        1.009483
        0.626000           0.141343E-4        1.010746           0.110011E-4        1.009483
        0.628000           0.141350E-4        1.010746           0.110016E-4        1.009484
        0.630000           0.141358E-4        1.010746           0.110021E-4        1.009484
        0.632000           0.141365E-4        1.010747           0.110026E-4        1.009484
        0.634000           0.141373E-4        1.010747           0.110032E-4        1.009484
        0.636000           0.141381E-4        1.010747           0.110037E-4        1.009485
        0.638000           0.141388E-4        1.010748           0.110042E-4        1.009485
        0.640000           0.141396E-4        1.010748           0.110047E-4        1.009485
        0.642000           0.141404E-4        1.010748           0.110052E-4        1.009485
        0.644000           0.141411E-4        1.010748           0.110058E-4        1.009485
        0.646000           0.141419E-4        1.010749           0.110063E-4        1.009486
        0.648000           0.141426E-4        1.010749           0.110068E-4        1.009486
        0.650000           0.141434E-4        1.010749           0.110073E-4        1.009486
        0.652000           0.141442E-4        1.010749           0.110079E-4        1.009486
        0.654000           0.141449E-4        1.010750           0.110084E-4        1.009486
        0.656000           0.141457E-4        1.010750           0.110089E-4        1.009487
        0.658000           0.141464E-4        1.010750           0.110094E-4        1.009487
        0.660000           0.141472E-4        1.010751           0.110100E-4        1.009487
        0.662000           0.141480E-4        1.010751           0.110105E-4        1.009487
        0.664000           0.141487E-4        1.010751           0.110110E-4        1.009488
        0.666000           0.141495E-4        1.010751           0.110115E-4        1.009488
        0.668000           0.141503E-4        1.010752           0.110120E-4        1.009488
        0.670000           0.141510E-4        1.010752           0.110126E-4        1.009488
        0.672000           0.141518E-4        1.010752           0.110131E-4        1.009488
        0.674000           0.141525E-4        1.010753           0.110136E-4        1.009489
        0.676000           0.141533E-4        1.010753           0.110141E-4        1.009489
        0.678000           0.141541E-4        1.010753           0.110147E-4        1.009489
        0.680000           0.141548E-4        1.010753           0.110152E-4        1.009489
        0.682000           0.141556E-4        1.010754           0.110157E-4        1.009490
        0.684000           0.141564E-4        1.010754           0.110162E-4        1.009490
        0.686000           0.141571E-4        1.010754           0.110168E-4        1.009490
        0.688000           0.141579E-4        1.010755           0.110173E-4        1.009490
        0.690000           0.141586E-4        1.010755           0.110178E-4        1.009490
        0.692000           0.141594E-4        1.010755           0.110183E-4        1.009491
        0.694000           0.141602E-4        1.010755           0.110189E-4        1.009491
        0.696000           0.141609E-4        1.010756           0.110194E-4        1.009491
        0.698000           0.141617E-4        1.010756           0.110199E-4        1.009491
        0.700000           0.141625E-4        1.010756           0.110204E-4        1.009492
        0.702000           0.141632E-4        1.010757           0.110210E-4        1.009492
        0.704000           0.141640E-4        1.010757           0.110215E-4        1.009492
        0.706000           0.141648E-4        1.010757           0.110220E-4        1.009492
        0.708000           0.141655E-4        1.010757           0.110225E-4        1.009492
        0.710000           0.141663E-4        1.010758           0.110231E-4        1.009493
        0.712000           0.141670E-4        1.010758           0.110236E-4        1.009493
        0.714000           0.141678E-4        1.010758           0.110241E-4        1.009493
        0.716000           0.141686E-4        1.010759           0.110246E-4        1.009493
        0.718000           0.141693E-4        1.010759           0.110252E-4        1.009494
        0.720000           0.141701E-4        1.010759           0.110257E-4        1.009494
        0.722000           0.141709E-4        1.010759           0.110262E-4        1.009494
        0.724000           0.141716E-4        1.010760           0.110267E-4        1.009494
        0.726000           0.141724E-4        1.010760           0.110273E-4        1.009494
        0.728000           0.141732E-4        1.010760           0.110278E-4        1.009495
        0.730000           0.141739E-4        1.010761           0.110283E-4        1.009495
        0.732000           0.141747E-4        1.010761           0.110288E-4        1.009495
        0.734000           0.141755E-4        1.010761           0.110294E-4        1.009495
        0.736000           0.141762E-4        1.010761           0.110299E-4        1.009495
        0.738000           0.141770E-4        1.010762           0.110304E-4        1.009496
        0.740000           0.141777E-4        1.010762           0.110309E-4        1.009496
        0.742000           0.141785E-4        1.010762           0.110315E-4        1.009496
        0.744000           0.141793E-4        1.010762           0.110320E-4        1.009496
        0.746000           0.141800E-4        1.010763           0.110325E-4        1.009497
        0.748000           0.141808E-4        1.010763           0.110330E-4        1.009497
        0.750000           0.141816E-4        1.010763           0.110336E-4        1.009497
        0.752000           0.141823E-4        1.010764           0.110341E-4        1.009497
        0.754000           0.141831E-4        1.010764           0.110346E-4        1.009498
        0.756000           0.141839E-4        1.010764           0.110351E-4        1.009498
        0.758000           0.141846E-4        1.010764           0.110357E-4        1.009498
        0.760000           0.141854E-4        1.010765           0.110362E-4        1.009498
        0.762000           0.141862E-4        1.010765           0.110367E-4        1.009498
        0.764000           0.141869E-4        1.010765           0.110372E-4        1.009499
        0.766000           0.141877E-4        1.010766           0.110378E-4        1.009499
        0.768000           0.141885E-4        1.010766           0.110383E-4        1.009499
        0.770000           0.141892E-4        1.010766           0.110388E-4        1.009499
        0.772000           0.141900E-4        1.010767           0.110393E-4        1.009500
        0.774000           0.141908E-4        1.010767           0.110399E-4        1.009500
        0.776000           0.141915E-4        1.010767           0.110404E-4        1.009500
        0.778000           0.141923E-4        1.010767           0.110409E-4        1.009500
        0.780000           0.141931E-4        1.010768           0.110415E-4        1.009500
        0.782000           0.141938E-4        1.010768           0.110420E-4        1.009501
        0.784000           0.141946E-4        1.010768           0.110425E-4        1.009501
        0.786000           0.141954E-4        1.010768           0.110430E-4        1.009501
        0.788000           0.141961E-4        1.010769           0.110435E-4        1.009501
        0.790000           0.141969E-4        1.010769           0.110441E-4        1.009501
        0.792000           0.141976E-4        1.010769           0.110446E-4        1.009502
        0.794000           0.141984E-4        1.010770           0.110451E-4        1.009502
        0.796000           0.141992E-4        1.010770           0.110457E-4        1.009502
        0.798000           0.141999E-4        1.010770           0.110462E-4        1.009502
        0.800000           0.142007E-4        1.010770           0.110467E-4        1.009503
        0.802000           0.142015E-4        1.010771           0.110472E-4        1.009503
        0.804000           0.142022E-4        1.010771           0.110478E-4        1.009503
        0.806000           0.142030E-4        1.010771           0.110483E-4        1.009503
        0.808000           0.142038E-4        1.010772           0.110488E-4        1.009503
        0.810000           0.142045E-4        1.010772           0.110493E-4        1.009504
        0.812000           0.142053E-4        1.010772           0.110499E-4        1.009504
        0.814000           0.142061E-4        1.010772           0.110504E-4        1.009504
        0.816000           0.142069E-4        1.010773           0.110509E-4        1.009504
        0.818000           0.142076E-4        1.010773           0.110515E-4        1.009505
        0.820000           0.142084E-4        1.010773           0.110520E-4        1.009505
        0.822000           0.142092E-4        1.010774           0.110525E-4        1.009505
        0.824000           0.142099E-4        1.010774           0.110530E-4        1.009505
        0.826000           0.142107E-4        1.010774           0.110536E-4        1.009506
        0.828000           0.142115E-4        1.010774           0.110541E-4        1.009506
        0.830000           0.142122E-4        1.010775           0.110546E-4        1.009506
        0.832000           0.142130E-4        1.010775           0.110551E-4        1.009506
        0.834000           0.142138E-4        1.010775           0.110557E-4        1.009506
        0.836000           0.142145E-4        1.010776           0.110562E-4        1.009507
        0.838000           0.142153E-4        1.010776           0.110567E-4        1.009507
        0.840000           0.142161E-4        1.010776           0.110572E-4        1.009507
        0.842000           0.142168E-4        1.010776           0.110578E-4        1.009507
        0.844000           0.142176E-4        1.010777           0.110583E-4        1.009507
        0.846000           0.142184E-4        1.010777           0.110588E-4        1.009508
        0.848000           0.142191E-4        1.010777           0.110594E-4        1.009508
        0.850000           0.142199E-4        1.010778           0.110599E-4        1.009508
        0.852000           0.142207E-4        1.010778           0.110604E-4        1.009508
        0.854000           0.142214E-4        1.010778           0.110609E-4        1.009509
        0.856000           0.142222E-4        1.010778           0.110615E-4        1.009509
        0.858000           0.142230E-4        1.010779           0.110620E-4        1.009509
        0.860000           0.142237E-4        1.010779           0.110625E-4        1.009509
        0.862000           0.142245E-4        1.010779           0.110630E-4        1.009509
        0.864000           0.142253E-4        1.010780           0.110636E-4        1.009510
        0.866000           0.142260E-4        1.010780           0.110641E-4        1.009510
        0.868000           0.142268E-4        1.010780           0.110646E-4        1.009510
        0.870000           0.142276E-4        1.010780           0.110652E-4        1.009510
        0.872000           0.142284E-4        1.010781           0.110657E-4        1.009511
        0.874000           0.142291E-4        1.010781           0.110662E-4        1.009511
        0.876000           0.142299E-4        1.010781           0.110667E-4        1.009511
        0.878000           0.142307E-4        1.010782           0.110673E-4        1.009511
        0.880000           0.142314E-4        1.010782           0.110678E-4        1.009511
        0.882000           0.142322E-4        1.010782           0.110683E-4        1.009512
        0.884000           0.142330E-4        1.010782           0.110689E-4        1.009512
        0.886000           0.142337E-4        1.010783           0.110694E-4        1.009512
        0.888000           0.142345E-4        1.010783           0.110699E-4        1.009512
        0.890000           0.142353E-4        1.010783           0.110704E-4        1.009513
        0.892000           0.142360E-4        1.010784           0.110710E-4        1.009513
        0.894000           0.142368E-4        1.010784           0.110715E-4        1.009513
        0.896000           0.142376E-4        1.010784           0.110720E-4        1.009513
        0.898000           0.142384E-4        1.010784           0.110726E-4        1.009513
        0.900000           0.142391E-4        1.010785           0.110731E-4        1.009514
        0.902000           0.142399E-4        1.010785           0.110736E-4        1.009514
        0.904000           0.142407E-4        1.010785           0.110741E-4        1.009514
        0.906000           0.142414E-4        1.010786           0.110747E-4        1.009514
        0.908000           0.142422E-4        1.010786           0.110752E-4        1.009515
        0.910000           0.142430E-4        1.010786           0.110757E-4        1.009515
        0.912000           0.142437E-4        1.010786           0.110763E-4        1.009515
        0.914000           0.142445E-4        1.010787           0.110768E-4        1.009515
        0.916000           0.142453E-4        1.010787           0.110773E-4        1.009515
        0.918000           0.142461E-4        1.010787           0.110778E-4        1.009516
        0.920000           0.142468E-4        1.010787           0.110784E-4        1.009516
        0.922000           0.142476E-4        1.010788           0.110789E-4        1.009516
        0.924000           0.142484E-4        1.010788           0.110794E-4        1.009516
        0.926000           0.142491E-4        1.010788           0.110800E-4        1.009516
        0.928000           0.142499E-4        1.010789           0.110805E-4        1.009517
        0.930000           0.142507E-4        1.010789           0.110810E-4        1.009517
        0.932000           0.142514E-4        1.010789           0.110815E-4        1.009517
        0.934000           0.142522E-4        1.010790           0.110821E-4        1.009517
        0.936000           0.142530E-4        1.010790           0.110826E-4        1.009518
        0.938000           0.142538E-4        1.010790           0.110831E-4        1.009518
        0.940000           0.142545E-4        1.010790           0.110837E-4        1.009518
        0.942000           0.142553E-4        1.010791           0.110842E-4        1.009518
        0.944000           0.142561E-4        1.010791           0.110847E-4        1.009519
        0.946000           0.142568E-4        1.010791           0.110852E-4        1.009519
        0.948000           0.142576E-4        1.010792           0.110858E-4        1.009519
        0.950000           0.142584E-4        1.010792           0.110863E-4        1.009519
        0.952000           0.142592E-4        1.010792           0.110868E-4        1.009519
        0.954000           0.142599E-4        1.010792           0.110874E-4        1.009520
        0.956000           0.142607E-4        1.010793           0.110879E-4        1.009520
        0.958000           0.142615E-4        1.010793           0.110884E-4        1.009520
        0.960000           0.142622E-4        1.010793           0.110890E-4        1.009520
        0.962000           0.142630E-4        1.010794           0.110895E-4        1.009521
        0.964000           0.142638E-4        1.010794           0.110900E-4        1.009521
        0.966000           0.142646E-4        1.010794           0.110905E-4        1.009521
        0.968000           0.142653E-4        1.010794           0.110911E-4        1.009521
        0.970000           0.142661E-4        1.010795           0.110916E-4        1.009521
        0.972000           0.142669E-4        1.010795           0.110921E-4        1.009522
        0.974000           0.142676E-4        1.010795           0.110927E-4        1.009522
        0.976000           0.142684E-4        1.010795           0.110932E-4        1.009522
        0.978000           0.142692E-4        1.010796           0.110937E-4        1.009522
        0.980000           0.142700E-4        1.010796           0.110942E-4        1.009523
        0.982000           0.142707E-4        1.010796           0.110948E-4        1.009523
        0.984000           0.142715E-4        1.010797           0.110953E-4        1.009523
        0.986000           0.142723E-4        1.010797           0.110958E-4        1.009523
        0.988000           0.142731E-4        1.010797           0.110964E-4        1.009523
        0.990000           0.142738E-4        1.010798           0.110969E-4        1.009524
        0.992000           0.142746E-4        1.010798           0.110974E-4        1.009524
        0.994000           0.142754E-4        1.010798           0.110980E-4        1.009524
        0.996000           0.142761E-4        1.010798           0.110985E-4        1.009524
        0.998000           0.142769E-4        1.010799           0.110990E-4        1.009524
        1.000000           0.142777E-4        1.010799           0.110995E-4        1.009525
        1.002000           0.142785E-4        1.010799           0.111001E-4        1.009525
        1.004000           0.142792E-4        1.010800           0.111006E-4        1.009525
        1.006000           0.142800E-4        1.010800           0.111011E-4        1.009525
        1.008000           0.142808E-4        1.010800           0.111017E-4        1.009526
        1.010000           0.142816E-4        1.010800           0.111022E-4        1.009526
        1.012000           0.142823E-4        1.010801           0.111027E-4        1.009526
        1.014000           0.142831E-4        1.010801           0.111033E-4        1.009526
        1.016000           0.142839E-4        1.010801           0.111038E-4        1.009526
        1.018000           0.142847E-4        1.010802           0.111043E-4        1.009527
        1.020000           0.142854E-4        1.010802           0.111049E-4        1.009527
        1.022000           0.142862E-4        1.010802           0.111054E-4        1.009527
        1.024000           0.142870E-4        1.010802           0.111059E-4        1.009527
        1.026000           0.142877E-4        1.010803           0.111064E-4        1.009528
        1.028000           0.142885E-4        1.010803           0.111070E-4        1.009528
        1.030000           0.142893E-4        1.010803           0.111075E-4        1.009528
        1.032000           0.142901E-4        1.010803           0.111080E-4        1.009528
        1.034000           0.142908E-4        1.010804           0.111086E-4        1.009529
        1.036000           0.142916E-4        1.010804           0.111091E-4        1.009529
        1.038000           0.142924E-4        1.010804           0.111096E-4        1.009529
        1.040000           0.142932E-4        1.010805           0.111102E-4        1.009529
        1.042000           0.142939E-4        1.010805           0.111107E-4        1.009529
        1.044000           0.142947E-4        1.010805           0.111112E-4        1.009530
        1.046000           0.142955E-4        1.010805           0.111117E-4        1.009530
        1.048000           0.142963E-4        1.010806           0.111123E-4        1.009530
        1.050000           0.142970E-4        1.010806           0.111128E-4        1.009530
        1.052000           0.142978E-4        1.010806           0.111133E-4        1.009531
        1.054000           0.142986E-4        1.010807           0.111139E-4        1.009531
        1.056000           0.142994E-4        1.010807           0.111144E-4        1.009531
        1.058000           0.143001E-4        1.010807           0.111149E-4        1.009531
        1.060000           0.143009E-4        1.010808           0.111155E-4        1.009531
        1.062000           0.143017E-4        1.010808           0.111160E-4        1.009532
        1.064000           0.143025E-4        1.010808           0.111165E-4        1.009532
        1.066000           0.143032E-4        1.010808           0.111171E-4        1.009532
        1.068000           0.143040E-4        1.010809           0.111176E-4        1.009532
        1.070000           0.143048E-4        1.010809           0.111181E-4        1.009532
        1.072000           0.143056E-4        1.010809           0.111187E-4        1.009533
        1.074000           0.143063E-4        1.010810           0.111192E-4        1.009533
        1.076000           0.143071E-4        1.010810           0.111197E-4        1.009533
        1.078000           0.143079E-4        1.010810           0.111203E-4        1.009533
        1.080000           0.143087E-4        1.010810           0.111208E-4        1.009534
        1.082000           0.143094E-4        1.010811           0.111213E-4        1.009534
        1.084000           0.143102E-4        1.010811           0.111219E-4        1.009534
        1.086000           0.143110E-4        1.010811           0.111224E-4        1.009534
        1.088000           0.143118E-4        1.010812           0.111229E-4        1.009534
        1.090000           0.143125E-4        1.010812           0.111235E-4        1.009535
        1.092000           0.143133E-4        1.010812           0.111240E-4        1.009535
        1.094000           0.143141E-4        1.010812           0.111245E-4        1.009535
        1.096000           0.143149E-4        1.010813           0.111251E-4        1.009535
        1.098000           0.143156E-4        1.010813           0.111256E-4        1.009536
        1.100000           0.143164E-4        1.010813           0.111261E-4        1.009536
        1.102000           0.143172E-4        1.010813           0.111266E-4        1.009536
        1.104000           0.143180E-4        1.010814           0.111272E-4        1.009536
        1.106000           0.143187E-4        1.010814           0.111277E-4        1.009537
        1.108000           0.143195E-4        1.010814           0.111282E-4        1.009537
        1.110000           0.143203E-4        1.010815           0.111288E-4        1.009537
        1.112000           0.143211E-4        1.010815           0.111293E-4        1.009537
        1.114000           0.143219E-4        1.010815           0.111298E-4        1.009537
        1.116000           0.143226E-4        1.010816           0.111304E-4        1.009538
        1.118000           0.143234E-4        1.010816           0.111309E-4        1.009538
        1.120000           0.143242E-4        1.010816           0.111314E-4        1.009538
        1.122000           0.143250E-4        1.010816           0.111320E-4        1.009538
        1.124000           0.143257E-4        1.010817           0.111325E-4        1.009539
        1.126000           0.143265E-4        1.010817           0.111330E-4        1.009539
        1.128000           0.143273E-4        1.010817           0.111336E-4        1.009539
        1.130000           0.143281E-4        1.010818           0.111341E-4        1.009539
        1.132000           0.143288E-4        1.010818           0.111346E-4        1.009539
        1.134000           0.143296E-4        1.010818           0.111352E-4        1.009540
        1.136000           0.143304E-4        1.010818           0.111357E-4        1.009540
        1.138000           0.143312E-4        1.010819           0.111362E-4        1.009540
        1.140000           0.143320E-4        1.010819           0.111368E-4        1.009540
        1.142000           0.143327E-4        1.010819           0.111373E-4        1.009541
        1.144000           0.143335E-4        1.010820           0.111378E-4        1.009541
        1.146000           0.143343E-4        1.010820           0.111384E-4        1.009541
        1.148000           0.143351E-4        1.010820           0.111389E-4        1.009541
        1.150000           0.143358E-4        1.010820           0.111394E-4        1.009541
        1.152000           0.143366E-4        1.010821           0.111400E-4        1.009542
        1.154000           0.143374E-4        1.010821           0.111405E-4        1.009542
        1.156000           0.143382E-4        1.010821           0.111410E-4        1.009542
        1.158000           0.143390E-4        1.010822           0.111416E-4        1.009542
        1.160000           0.143397E-4        1.010822           0.111421E-4        1.009542
        1.162000           0.143405E-4        1.010822           0.111426E-4        1.009543
        1.164000           0.143413E-4        1.010822           0.111432E-4        1.009543
        1.166000           0.143421E-4        1.010823           0.111437E-4        1.009543
        1.168000           0.143428E-4        1.010823           0.111442E-4        1.009543
        1.170000           0.143436E-4        1.010823           0.111448E-4        1.009544
        1.172000           0.143444E-4        1.010824           0.111453E-4        1.009544
        1.174000           0.143452E-4        1.010824           0.111458E-4        1.009544
        1.176000           0.143460E-4        1.010824           0.111464E-4        1.009544
        1.178000           0.143467E-4        1.010824           0.111469E-4        1.009544
        1.180000           0.143475E-4        1.010825           0.111474E-4        1.009545
        1.182000           0.143483E-4        1.010825           0.111480E-4        1.009545
        1.184000           0.143491E-4        1.010825           0.111485E-4        1.009545
        1.186000           0.143499E-4        1.010826           0.111490E-4        1.009545
        1.188000           0.143506E-4        1.010826           0.111496E-4        1.009546
        1.190000           0.143514E-4        1.010826           0.111501E-4        1.009546
        1.192000           0.143522E-4        1.010826           0.111506E-4        1.009546
        1.194000           0.143530E-4        1.010827           0.111512E-4        1.009546
        1.196000           0.143537E-4        1.010827           0.111517E-4        1.009547
        1.198000           0.143545E-4        1.010827           0.111522E-4        1.009547
        1.200000           0.143553E-4        1.010828           0.111528E-4        1.009547
        1.202000           0.143561E-4        1.010828           0.111533E-4        1.009547
        1.204000           0.143569E-4        1.010828           0.111538E-4        1.009547
        1.206000           0.143576E-4        1.010828           0.111544E-4        1.009548
        1.208000           0.143584E-4        1.010829           0.111549E-4        1.009548
        1.210000           0.143592E-4        1.010829           0.111554E-4        1.009548
        1.212000           0.143600E-4        1.010829           0.111560E-4        1.009548
        1.214000           0.143608E-4        1.010830           0.111565E-4        1.009549
        1.216000           0.143615E-4        1.010830           0.111570E-4        1.009549
        1.218000           0.143623E-4        1.010830           0.111576E-4        1.009549
        1.220000           0.143631E-4        1.010830           0.111581E-4        1.009549
        1.222000           0.143639E-4        1.010831           0.111586E-4        1.009549
        1.224000           0.143647E-4        1.010831           0.111592E-4        1.009550
        1.226000           0.143654E-4        1.010831           0.111597E-4        1.009550
        1.228000           0.143662E-4        1.010832           0.111603E-4        1.009550
        1.230000           0.143670E-4        1.010832           0.111608E-4        1.009550
        1.232000           0.143678E-4        1.010832           0.111613E-4        1.009551
        1.234000           0.143686E-4        1.010832           0.111619E-4        1.009551
        1.236000           0.143693E-4        1.010833           0.111624E-4        1.009551
        1.238000           0.143701E-4        1.010833           0.111629E-4        1.009551
        1.240000           0.143709E-4        1.010833           0.111635E-4        1.009551
        1.242000           0.143717E-4        1.010834           0.111640E-4        1.009552
        1.244000           0.143725E-4        1.010834           0.111645E-4        1.009552
        1.246000           0.143733E-4        1.010834           0.111651E-4        1.009552
        1.248000           0.143740E-4        1.010834           0.111656E-4        1.009552
        1.250000           0.143748E-4        1.010835           0.111661E-4        1.009553
        1.252000           0.143756E-4        1.010835           0.111667E-4        1.009553
        1.254000           0.143764E-4        1.010835           0.111672E-4        1.009553
        1.256000           0.143772E-4        1.010836           0.111677E-4        1.009553
        1.258000           0.143779E-4        1.010836           0.111683E-4        1.009553
        1.260000           0.143787E-4        1.010836           0.111688E-4        1.009554
        1.262000           0.143795E-4        1.010836           0.111694E-4        1.009554
        1.264000           0.143803E-4        1.010837           0.111699E-4        1.009554
        1.266000           0.143811E-4        1.010837           0.111704E-4        1.009554
        1.268000           0.143818E-4        1.010837           0.111710E-4        1.009555
        1.270000           0.143826E-4        1.010838           0.111715E-4        1.009555
        1.272000           0.143834E-4        1.010838           0.111720E-4        1.009555
        1.274000           0.143842E-4        1.010838           0.111726E-4        1.009555
        1.276000           0.143850E-4        1.010839           0.111731E-4        1.009555
        1.278000           0.143858E-4        1.010839           0.111736E-4        1.009556
        1.280000           0.143865E-4        1.010839           0.111742E-4        1.009556
        1.282000           0.143873E-4        1.010839           0.111747E-4        1.009556
        1.284000           0.143881E-4        1.010840           0.111752E-4        1.009556
        1.286000           0.143889E-4        1.010840           0.111758E-4        1.009557
        1.288000           0.143897E-4        1.010840           0.111763E-4        1.009557
        1.290000           0.143904E-4        1.010841           0.111769E-4        1.009557
        1.292000           0.143912E-4        1.010841           0.111774E-4        1.009557
        1.294000           0.143920E-4        1.010841           0.111779E-4        1.009557
        1.296000           0.143928E-4        1.010841           0.111785E-4        1.009558
        1.298000           0.143936E-4        1.010842           0.111790E-4        1.009558
        1.300000           0.143944E-4        1.010842           0.111795E-4        1.009558
        1.302000           0.143951E-4        1.010842           0.111801E-4        1.009558
        1.304000           0.143959E-4        1.010843           0.111806E-4        1.009559
        1.306000           0.143967E-4        1.010843           0.111811E-4        1.009559
        1.308000           0.143975E-4        1.010843           0.111817E-4        1.009559
        1.310000           0.143983E-4        1.010843           0.111822E-4        1.009559
        1.312000           0.143991E-4        1.010844           0.111828E-4        1.009560
        1.314000           0.143998E-4        1.010844           0.111833E-4        1.009560
        1.316000           0.144006E-4        1.010844           0.111838E-4        1.009560
        1.318000           0.144014E-4        1.010845           0.111844E-4        1.009560
        1.320000           0.144022E-4        1.010845           0.111849E-4        1.009560
        1.322000           0.144030E-4        1.010845           0.111854E-4        1.009561
        1.324000           0.144038E-4        1.010845           0.111860E-4        1.009561
        1.326000           0.144045E-4        1.010846           0.111865E-4        1.009561
        1.328000           0.144053E-4        1.010846           0.111870E-4        1.009561
        1.330000           0.144061E-4        1.010846           0.111876E-4        1.009562
        1.332000           0.144069E-4        1.010846           0.111881E-4        1.009562
        1.334000           0.144077E-4        1.010847           0.111886E-4        1.009562
        1.336000           0.144085E-4        1.010847           0.111892E-4        1.009562
        1.338000           0.144092E-4        1.010847           0.111897E-4        1.009562
        1.340000           0.144100E-4        1.010848           0.111903E-4        1.009563
        1.342000           0.144108E-4        1.010848           0.111908E-4        1.009563
        1.344000           0.144116E-4        1.010848           0.111913E-4        1.009563
        1.346000           0.144124E-4        1.010849           0.111919E-4        1.009563
        1.348000           0.144132E-4        1.010849           0.111924E-4        1.009564
        1.350000           0.144139E-4        1.010849           0.111929E-4        1.009564
        1.352000           0.144147E-4        1.010849           0.111935E-4        1.009564
        1.354000           0.144155E-4        1.010850           0.111940E-4        1.009564
        1.356000           0.144163E-4        1.010850           0.111946E-4        1.009564
        1.358000           0.144171E-4        1.010850           0.111951E-4        1.009565
        1.360000           0.144179E-4        1.010851           0.111956E-4        1.009565
        1.362000           0.144187E-4        1.010851           0.111962E-4        1.009565
        1.364000           0.144194E-4        1.010851           0.111967E-4        1.009565
        1.366000           0.144202E-4        1.010852           0.111972E-4        1.009566
        1.368000           0.144210E-4        1.010852           0.111978E-4        1.009566
        1.370000           0.144218E-4        1.010852           0.111983E-4        1.009566
        1.372000           0.144226E-4        1.010852           0.111989E-4        1.009566
        1.374000           0.144234E-4        1.010853           0.111994E-4        1.009566
        1.376000           0.144241E-4        1.010853           0.111999E-4        1.009567
        1.378000           0.144249E-4        1.010853           0.112005E-4        1.009567
        1.380000           0.144257E-4        1.010854           0.112010E-4        1.009567
        1.382000           0.144265E-4        1.010854           0.112015E-4        1.009567
        1.384000           0.144273E-4        1.010854           0.112021E-4        1.009567
        1.386000           0.144281E-4        1.010854           0.112026E-4        1.009568
        1.388000           0.144289E-4        1.010855           0.112032E-4        1.009568
        1.390000           0.144296E-4        1.010855           0.112037E-4        1.009568
        1.392000           0.144304E-4        1.010855           0.112042E-4        1.009568
        1.394000           0.144312E-4        1.010855           0.112048E-4        1.009569
        1.396000           0.144320E-4        1.010856           0.112053E-4        1.009569
        1.398000           0.144328E-4        1.010856           0.112059E-4        1.009569
        1.400000           0.144336E-4        1.010856           0.112064E-4        1.009569
        1.402000           0.144344E-4        1.010857           0.112069E-4        1.009570
        1.404000           0.144351E-4        1.010857           0.112075E-4        1.009570
        1.406000           0.144359E-4        1.010857           0.112080E-4        1.009570
        1.408000           0.144367E-4        1.010857           0.112085E-4        1.009570
        1.410000           0.144375E-4        1.010858           0.112091E-4        1.009570
        1.412000           0.144383E-4        1.010858           0.112096E-4        1.009571
        1.414000           0.144391E-4        1.010858           0.112102E-4        1.009571
        1.416000           0.144399E-4        1.010859           0.112107E-4        1.009571
        1.418000           0.144406E-4        1.010859           0.112112E-4        1.009571
        1.420000           0.144414E-4        1.010859           0.112118E-4        1.009572
        1.422000           0.144422E-4        1.010859           0.112123E-4        1.009572
        1.424000           0.144430E-4        1.010860           0.112129E-4        1.009572
        1.426000           0.144438E-4        1.010860           0.112134E-4        1.009572
        1.428000           0.144446E-4        1.010860           0.112139E-4        1.009573
        1.430000           0.144454E-4        1.010861           0.112145E-4        1.009573
        1.432000           0.144462E-4        1.010861           0.112150E-4        1.009573
        1.434000           0.144469E-4        1.010861           0.112155E-4        1.009573
        1.436000           0.144477E-4        1.010862           0.112161E-4        1.009573
        1.438000           0.144485E-4        1.010862           0.112166E-4        1.009574
        1.440000           0.144493E-4        1.010862           0.112172E-4        1.009574
        1.442000           0.144501E-4        1.010862           0.112177E-4        1.009574
        1.444000           0.144509E-4        1.010863           0.112182E-4        1.009574
        1.446000           0.144517E-4        1.010863           0.112188E-4        1.009575
        1.448000           0.144525E-4        1.010863           0.112193E-4        1.009575
        1.450000           0.144532E-4        1.010864           0.112199E-4        1.009575
        1.452000           0.144540E-4        1.010864           0.112204E-4        1.009575
        1.454000           0.144548E-4        1.010864           0.112209E-4        1.009575
        1.456000           0.144556E-4        1.010864           0.112215E-4        1.009576
        1.458000           0.144564E-4        1.010865           0.112220E-4        1.009576
        1.460000           0.144572E-4        1.010865           0.112225E-4        1.009576
        1.462000           0.144580E-4        1.010865           0.112231E-4        1.009576
        1.464000           0.144588E-4        1.010866           0.112236E-4        1.009577
        1.466000           0.144595E-4        1.010866           0.112242E-4        1.009577
        1.468000           0.144603E-4        1.010866           0.112247E-4        1.009577
        1.470000           0.144611E-4        1.010867           0.112252E-4        1.009577
        1.472000           0.144619E-4        1.010867           0.112258E-4        1.009577
        1.474000           0.144627E-4        1.010867           0.112263E-4        1.009578
        1.476000           0.144635E-4        1.010867           0.112269E-4        1.009578
        1.478000           0.144643E-4        1.010868           0.112274E-4        1.009578
        1.480000           0.144651E-4        1.010868           0.112279E-4        1.009578
        1.482000           0.144658E-4        1.010868           0.112285E-4        1.009579
        1.484000           0.144666E-4        1.010869           0.112290E-4        1.009579
        1.486000           0.144674E-4        1.010869           0.112296E-4        1.009579
        1.488000           0.144682E-4        1.010869           0.112301E-4        1.009579
        1.490000           0.144690E-4        1.010869           0.112306E-4        1.009579
        1.492000           0.144698E-4        1.010870           0.112312E-4        1.009580
        1.494000           0.144706E-4        1.010870           0.112317E-4        1.009580
        1.496000           0.144714E-4        1.010870           0.112323E-4        1.009580
        1.498000           0.144722E-4        1.010871           0.112328E-4        1.009580
        1.500000           0.144729E-4        1.010871           0.112333E-4        1.009581
        1.502000           0.144737E-4        1.010871           0.112339E-4        1.009581
        1.504000           0.144745E-4        1.010871           0.112344E-4        1.009581
        1.506000           0.144753E-4        1.010872           0.112350E-4        1.009581
        1.508000           0.144761E-4        1.010872           0.112355E-4        1.009581
        1.510000           0.144769E-4        1.010872           0.112361E-4        1.009582
        1.512000           0.144777E-4        1.010873           0.112366E-4        1.009582
        1.514000           0.144785E-4        1.010873           0.112371E-4        1.009582
        1.516000           0.144793E-4        1.010873           0.112377E-4        1.009582
        1.518000           0.144801E-4        1.010873           0.112382E-4        1.009583
        1.520000           0.144808E-4        1.010874           0.112387E-4        1.009583
        1.522000           0.144816E-4        1.010874           0.112393E-4        1.009583
        1.524000           0.144824E-4        1.010874           0.112398E-4        1.009583
        1.526000           0.144832E-4        1.010875           0.112404E-4        1.009583
        1.528000           0.144840E-4        1.010875           0.112409E-4        1.009584
        1.530000           0.144848E-4        1.010875           0.112415E-4        1.009584
        1.532000           0.144856E-4        1.010875           0.112420E-4        1.009584
        1.534000           0.144864E-4        1.010876           0.112425E-4        1.009584
        1.536000           0.144872E-4        1.010876           0.112431E-4        1.009585
        1.538000           0.144880E-4        1.010876           0.112436E-4        1.009585
        1.540000           0.144887E-4        1.010877           0.112442E-4        1.009585
        1.542000           0.144895E-4        1.010877           0.112447E-4        1.009585
        1.544000           0.144903E-4        1.010877           0.112452E-4        1.009585
        1.546000           0.144911E-4        1.010877           0.112458E-4        1.009586
        1.548000           0.144919E-4        1.010878           0.112463E-4        1.009586
        1.550000           0.144927E-4        1.010878           0.112469E-4        1.009586
        1.552000           0.144935E-4        1.010878           0.112474E-4        1.009586
        1.554000           0.144943E-4        1.010879           0.112479E-4        1.009587
        1.556000           0.144951E-4        1.010879           0.112485E-4        1.009587
        1.558000           0.144959E-4        1.010879           0.112490E-4        1.009587
        1.560000           0.144967E-4        1.010880           0.112496E-4        1.009587
        1.562000           0.144974E-4        1.010880           0.112501E-4        1.009588
        1.564000           0.144982E-4        1.010880           0.112506E-4        1.009588
        1.566000           0.144990E-4        1.010880           0.112512E-4        1.009588
        1.568000           0.144998E-4        1.010881           0.112517E-4        1.009588
        1.570000           0.145006E-4        1.010881           0.112523E-4        1.009588
        1.572000           0.145014E-4        1.010881           0.112528E-4        1.009589
        1.574000           0.145022E-4        1.010882           0.112534E-4        1.009589
        1.576000           0.145030E-4        1.010882           0.112539E-4        1.009589
        1.578000           0.145038E-4        1.010882           0.112544E-4        1.009589
        1.580000           0.145046E-4        1.010882           0.112550E-4        1.009590
        1.582000           0.145054E-4        1.010883           0.112555E-4        1.009590
        1.584000           0.145062E-4        1.010883           0.112561E-4        1.009590
        1.586000           0.145069E-4        1.010883           0.112566E-4        1.009590
        1.588000           0.145077E-4        1.010884           0.112572E-4        1.009591
        1.590000           0.145085E-4        1.010884           0.112577E-4        1.009591
        1.592000           0.145093E-4        1.010884           0.112582E-4        1.009591
        1.594000           0.145101E-4        1.010884           0.112588E-4        1.009591
        1.596000           0.145109E-4        1.010885           0.112593E-4        1.009591
        1.598000           0.145117E-4        1.010885           0.112599E-4        1.009592
        1.600000           0.145125E-4        1.010885           0.112604E-4        1.009592
        1.602000           0.145133E-4        1.010886           0.112609E-4        1.009592
        1.604000           0.145141E-4        1.010886           0.112615E-4        1.009592
        1.606000           0.145149E-4        1.010886           0.112620E-4        1.009593
        1.608000           0.145157E-4        1.010886           0.112626E-4        1.009593
        1.610000           0.145165E-4        1.010887           0.112631E-4        1.009593
        1.612000           0.145172E-4        1.010887           0.112637E-4        1.009593
        1.614000           0.145180E-4        1.010887           0.112642E-4        1.009593
        1.616000           0.145188E-4        1.010888           0.112647E-4        1.009594
        1.618000           0.145196E-4        1.010888           0.112653E-4        1.009594
        1.620000           0.145204E-4        1.010888           0.112658E-4        1.009594
        1.622000           0.145212E-4        1.010888           0.112664E-4        1.009594
        1.624000           0.145220E-4        1.010889           0.112669E-4        1.009595
        1.626000           0.145228E-4        1.010889           0.112675E-4        1.009595
        1.628000           0.145236E-4        1.010889           0.112680E-4        1.009595
        1.630000           0.145244E-4        1.010890           0.112685E-4        1.009595
        1.632000           0.145252E-4        1.010890           0.112691E-4        1.009595
        1.634000           0.145260E-4        1.010890           0.112696E-4        1.009596
        1.636000           0.145268E-4        1.010890           0.112702E-4        1.009596
        1.638000           0.145276E-4        1.010891           0.112707E-4        1.009596
        1.640000           0.145284E-4        1.010891           0.112712E-4        1.009596
        1.642000           0.145291E-4        1.010891           0.112718E-4        1.009597
        1.644000           0.145299E-4        1.010892           0.112723E-4        1.009597
        1.646000           0.145307E-4        1.010892           0.112729E-4        1.009597
        1.648000           0.145315E-4        1.010892           0.112734E-4        1.009597
        1.650000           0.145323E-4        1.010893           0.112740E-4        1.009597
        1.652000           0.145331E-4        1.010893           0.112745E-4        1.009598
        1.654000           0.145339E-4        1.010893           0.112751E-4        1.009598
        1.656000           0.145347E-4        1.010893           0.112756E-4        1.009598
        1.658000           0.145355E-4        1.010894           0.112761E-4        1.009598
        1.660000           0.145363E-4        1.010894           0.112767E-4        1.009599
        1.662000           0.145371E-4        1.010894           0.112772E-4        1.009599
        1.664000           0.145379E-4        1.010895           0.112778E-4        1.009599
        1.666000           0.145387E-4        1.010895           0.112783E-4        1.009599
        1.668000           0.145395E-4        1.010895           0.112789E-4        1.009599
        1.670000           0.145403E-4        1.010895           0.112794E-4        1.009600
        1.672000           0.145411E-4        1.010896           0.112799E-4        1.009600
        1.674000           0.145419E-4        1.010896           0.112805E-4        1.009600
        1.676000           0.145427E-4        1.010896           0.112810E-4        1.009600
        1.678000           0.145434E-4        1.010897           0.112816E-4        1.009601
        1.680000           0.145442E-4        1.010897           0.112821E-4        1.009601
        1.682000           0.145450E-4        1.010897           0.112827E-4        1.009601
        1.684000           0.145458E-4        1.010898           0.112832E-4        1.009601
        1.686000           0.145466E-4        1.010898           0.112837E-4        1.009601
        1.688000           0.145474E-4        1.010898           0.112843E-4        1.009602
        1.690000           0.145482E-4        1.010898           0.112848E-4        1.009602
        1.692000           0.145490E-4        1.010899           0.112854E-4        1.009602
        1.694000           0.145498E-4        1.010899           0.112859E-4        1.009602
        1.696000           0.145506E-4        1.010899           0.112865E-4        1.009603
        1.698000           0.145514E-4        1.010900           0.112870E-4        1.009603
        1.700000           0.145522E-4        1.010900           0.112876E-4        1.009603
        1.702000           0.145530E-4        1.010900           0.112881E-4        1.009603
        1.704000           0.145538E-4        1.010900           0.112887E-4        1.009604
        1.706000           0.145546E-4        1.010901           0.112892E-4        1.009604
        1.708000           0.145554E-4        1.010901           0.112897E-4        1.009604
        1.710000           0.145562E-4        1.010901           0.112903E-4        1.009604
        1.712000           0.145570E-4        1.010902           0.112908E-4        1.009604
        1.714000           0.145578E-4        1.010902           0.112914E-4        1.009605
        1.716000           0.145586E-4        1.010902           0.112919E-4        1.009605
        1.718000           0.145594E-4        1.010902           0.112925E-4        1.009605
        1.720000           0.145602E-4        1.010903           0.112930E-4        1.009605
        1.722000           0.145610E-4        1.010903           0.112935E-4        1.009606
        1.724000           0.145618E-4        1.010903           0.112941E-4        1.009606
        1.726000           0.145625E-4        1.010904           0.112946E-4        1.009606
        1.728000           0.145633E-4        1.010904           0.112952E-4        1.009606
        1.730000           0.145641E-4        1.010904           0.112957E-4        1.009606
        1.732000           0.145649E-4        1.010905           0.112963E-4        1.009607
        1.734000           0.145657E-4        1.010905           0.112968E-4        1.009607
        1.736000           0.145665E-4        1.010905           0.112974E-4        1.009607
        1.738000           0.145673E-4        1.010905           0.112979E-4        1.009607
        1.740000           0.145681E-4        1.010906           0.112985E-4        1.009608
        1.742000           0.145689E-4        1.010906           0.112990E-4        1.009608
        1.744000           0.145697E-4        1.010906           0.112995E-4        1.009608
        1.746000           0.145705E-4        1.010907           0.113001E-4        1.009608
        1.748000           0.145713E-4        1.010907           0.113006E-4        1.009609
        1.750000           0.145721E-4        1.010907           0.113012E-4        1.009609
        1.752000           0.145729E-4        1.010907           0.113017E-4        1.009609
        1.754000           0.145737E-4        1.010908           0.113023E-4        1.009609
        1.756000           0.145745E-4        1.010908           0.113028E-4        1.009609
        1.758000           0.145753E-4        1.010908           0.113034E-4        1.009610
        1.760000           0.145761E-4        1.010909           0.113039E-4        1.009610
        1.762000           0.145769E-4        1.010909           0.113044E-4        1.009610
        1.764000           0.145777E-4        1.010909           0.113050E-4        1.009610
        1.766000           0.145785E-4        1.010909           0.113055E-4        1.009611
        1.768000           0.145793E-4        1.010910           0.113061E-4        1.009611
        1.770000           0.145801E-4        1.010910           0.113066E-4        1.009611
        1.772000           0.145809E-4        1.010910           0.113072E-4        1.009611
        1.774000           0.145817E-4        1.010911           0.113077E-4        1.009611
        1.776000           0.145825E-4        1.010911           0.113083E-4        1.009612
        1.778000           0.145833E-4        1.010911           0.113088E-4        1.009612
        1.780000           0.145841E-4        1.010911           0.113093E-4        1.009612
        1.782000           0.145849E-4        1.010912           0.113099E-4        1.009612
        1.784000           0.145857E-4        1.010912           0.113104E-4        1.009613
        1.786000           0.145865E-4        1.010912           0.113110E-4        1.009613
        1.788000           0.145873E-4        1.010913           0.113115E-4        1.009613
        1.790000           0.145881E-4        1.010913           0.113121E-4        1.009613
        1.792000           0.145889E-4        1.010913           0.113126E-4        1.009614
        1.794000           0.145897E-4        1.010913           0.113132E-4        1.009614
        1.796000           0.145905E-4        1.010914           0.113137E-4        1.009614
        1.798000           0.145913E-4        1.010914           0.113143E-4        1.009614
        1.800000           0.145921E-4        1.010914           0.113148E-4        1.009614
        1.802000           0.145929E-4        1.010915           0.113154E-4        1.009615
        1.804000           0.145937E-4        1.010915           0.113159E-4        1.009615
        1.806000           0.145945E-4        1.010915           0.113165E-4        1.009615
        1.808000           0.145953E-4        1.010916           0.113170E-4        1.009615
        1.810000           0.145961E-4        1.010916           0.113175E-4        1.009616
        1.812000           0.145969E-4        1.010916           0.113181E-4        1.009616
        1.814000           0.145977E-4        1.010916           0.113186E-4        1.009616
        1.816000           0.145985E-4        1.010917           0.113192E-4        1.009616
        1.818000           0.145993E-4        1.010917           0.113197E-4        1.009616
        1.820000           0.146001E-4        1.010917           0.113203E-4        1.009617
        1.822000           0.146009E-4        1.010918           0.113208E-4        1.009617
        1.824000           0.146017E-4        1.010918           0.113214E-4        1.009617
        1.826000           0.146025E-4        1.010918           0.113219E-4        1.009617
        1.828000           0.146033E-4        1.010918           0.113225E-4        1.009618
        1.830000           0.146041E-4        1.010919           0.113230E-4        1.009618
        1.832000           0.146049E-4        1.010919           0.113236E-4        1.009618
        1.834000           0.146057E-4        1.010919           0.113241E-4        1.009618
        1.836000           0.146065E-4        1.010920           0.113247E-4        1.009618
        1.838000           0.146073E-4        1.010920           0.113252E-4        1.009619
        1.840000           0.146081E-4        1.010920           0.113258E-4        1.009619
        1.842000           0.146089E-4        1.010921           0.113263E-4        1.009619
        1.844000           0.146097E-4        1.010921           0.113268E-4        1.009619
        1.846000           0.146105E-4        1.010921           0.113274E-4        1.009620
        1.848000           0.146113E-4        1.010921           0.113279E-4        1.009620
        1.850000           0.146121E-4        1.010922           0.113285E-4        1.009620
        1.852000           0.146129E-4        1.010922           0.113290E-4        1.009620
        1.854000           0.146137E-4        1.010922           0.113296E-4        1.009621
        1.856000           0.146145E-4        1.010923           0.113301E-4        1.009621
        1.858000           0.146153E-4        1.010923           0.113307E-4        1.009621
        1.860000           0.146161E-4        1.010923           0.113312E-4        1.009621
        1.862000           0.146169E-4        1.010924           0.113318E-4        1.009621
        1.864000           0.146177E-4        1.010924           0.113323E-4        1.009622
        1.866000           0.146185E-4        1.010924           0.113329E-4        1.009622
        1.868000           0.146193E-4        1.010924           0.113334E-4        1.009622
        1.870000           0.146201E-4        1.010925           0.113340E-4        1.009622
        1.872000           0.146209E-4        1.010925           0.113345E-4        1.009623
        1.874000           0.146217E-4        1.010925           0.113351E-4        1.009623
        1.876000           0.146225E-4        1.010926           0.113356E-4        1.009623
        1.878000           0.146233E-4        1.010926           0.113361E-4        1.009623
        1.880000           0.146241E-4        1.010926           0.113367E-4        1.009623
        1.882000           0.146249E-4        1.010926           0.113372E-4        1.009624
        1.884000           0.146257E-4        1.010927           0.113378E-4        1.009624
        1.886000           0.146265E-4        1.010927           0.113383E-4        1.009624
        1.888000           0.146273E-4        1.010927           0.113389E-4        1.009624
        1.890000           0.146281E-4        1.010928           0.113394E-4        1.009625
        1.892000           0.146289E-4        1.010928           0.113400E-4        1.009625
        1.894000           0.146297E-4        1.010928           0.113405E-4        1.009625
        1.896000           0.146305E-4        1.010928           0.113411E-4        1.009625
        1.898000           0.146313E-4        1.010929           0.113416E-4        1.009625
        1.900000           0.146321E-4        1.010929           0.113422E-4        1.009626
        1.902000           0.146329E-4        1.010929           0.113427E-4        1.009626
        1.904000           0.146337E-4        1.010930           0.113433E-4        1.009626
        1.906000           0.146345E-4        1.010930           0.113438E-4        1.009626
        1.908000           0.146353E-4        1.010930           0.113444E-4        1.009627
        1.910000           0.146361E-4        1.010931           0.113449E-4        1.009627
        1.912000           0.146369E-4        1.010931           0.113455E-4        1.009627
        1.914000           0.146377E-4        1.010931           0.113460E-4        1.009627
        1.916000           0.146385E-4        1.010931           0.113466E-4        1.009628
        1.918000           0.146393E-4        1.010932           0.113471E-4        1.009628
        1.920000           0.146401E-4        1.010932           0.113477E-4        1.009628
        1.922000           0.146409E-4        1.010932           0.113482E-4        1.009628
        1.924000           0.146417E-4        1.010933           0.113488E-4        1.009628
        1.926000           0.146425E-4        1.010933           0.113493E-4        1.009629
        1.928000           0.146434E-4        1.010933           0.113498E-4        1.009629
        1.930000           0.146442E-4        1.010933           0.113504E-4        1.009629
        1.932000           0.146450E-4        1.010934           0.113509E-4        1.009629
        1.934000           0.146458E-4        1.010934           0.113515E-4        1.009630
        1.936000           0.146466E-4        1.010934           0.113520E-4        1.009630
        1.938000           0.146474E-4        1.010935           0.113526E-4        1.009630
        1.940000           0.146482E-4        1.010935           0.113531E-4        1.009630
        1.942000           0.146490E-4        1.010935           0.113537E-4        1.009630
        1.944000           0.146498E-4        1.010935           0.113542E-4        1.009631
        1.946000           0.146506E-4        1.010936           0.113548E-4        1.009631
        1.948000           0.146514E-4        1.010936           0.113553E-4        1.009631
        1.950000           0.146522E-4        1.010936           0.113559E-4        1.009631
        1.952000           0.146530E-4        1.010937           0.113564E-4        1.009632
        1.954000           0.146538E-4        1.010937           0.113570E-4        1.009632
        1.956000           0.146546E-4        1.010937           0.113575E-4        1.009632
        1.958000           0.146554E-4        1.010938           0.113581E-4        1.009632
        1.960000           0.146562E-4        1.010938           0.113586E-4        1.009632
        1.962000           0.146570E-4        1.010938           0.113592E-4        1.009633
        1.964000           0.146578E-4        1.010938           0.113597E-4        1.009633
        1.966000           0.146586E-4        1.010939           0.113603E-4        1.009633
        1.968000           0.146594E-4        1.010939           0.113608E-4        1.009633
        1.970000           0.146602E-4        1.010939           0.113614E-4        1.009634
        1.972000           0.146610E-4        1.010940           0.113619E-4        1.009634
        1.974000           0.146618E-4        1.010940           0.113625E-4        1.009634
        1.976000           0.146626E-4        1.010940           0.113630E-4        1.009634
        1.978000           0.146635E-4        1.010940           0.113636E-4        1.009635
        1.980000           0.146643E-4        1.010941           0.113641E-4        1.009635
        1.982000           0.146651E-4        1.010941           0.113647E-4        1.009635
        1.984000           0.146659E-4        1.010941           0.113652E-4        1.009635
        1.986000           0.146667E-4        1.010942           0.113658E-4        1.009635
        1.988000           0.146675E-4        1.010942           0.113663E-4        1.009636
        1.990000           0.146683E-4        1.010942           0.113669E-4        1.009636
        1.992000           0.146691E-4        1.010942           0.113674E-4        1.009636
        1.994000           0.146699E-4        1.010943           0.113680E-4        1.009636
        1.996000           0.146707E-4        1.010943           0.113685E-4        1.009637
        1.998000           0.146715E-4        1.010943           0.113691E-4        1.009637
        2.000000           0.146723E-4        1.010944           0.113696E-4        1.009637
        2.002000           0.146731E-4        1.010944           0.113702E-4        1.009637
        2.004000           0.146739E-4        1.010944           0.113707E-4        1.009637
        2.006000           0.146747E-4        1.010945           0.113713E-4        1.009638
        2.008000           0.146755E-4        1.010945           0.113718E-4        1.009638
        2.010000           0.146763E-4        1.010945           0.113724E-4        1.009638
        2.012000           0.146772E-4        1.010945           0.113729E-4        1.009638
        2.014000           0.146780E-4        1.010946           0.113735E-4        1.009639
        2.016000           0.146788E-4        1.010946           0.113740E-4        1.009639
        2.018000           0.146796E-4        1.010946           0.113746E-4        1.009639
        2.020000           0.146804E-4        1.010947           0.113751E-4        1.009639
        2.022000           0.146812E-4        1.010947           0.113757E-4        1.009640
        2.024000           0.146820E-4        1.010947           0.113762E-4        1.009640
        2.026000           0.146828E-4        1.010947           0.113768E-4        1.009640
        2.028000           0.146836E-4        1.010948           0.113773E-4        1.009640
        2.030000           0.146844E-4        1.010948           0.113779E-4        1.009640
        2.032000           0.146852E-4        1.010948           0.113784E-4        1.009641
        2.034000           0.146860E-4        1.010949           0.113790E-4        1.009641
        2.036000           0.146868E-4        1.010949           0.113795E-4        1.009641
        2.038000           0.146876E-4        1.010949           0.113801E-4        1.009641
        2.040000           0.146884E-4        1.010949           0.113806E-4        1.009642
        2.042000           0.146893E-4        1.010950           0.113812E-4        1.009642
        2.044000           0.146901E-4        1.010950           0.113817E-4        1.009642
        2.046000           0.146909E-4        1.010950           0.113823E-4        1.009642
        2.048000           0.146917E-4        1.010951           0.113829E-4        1.009642
        2.050000           0.146925E-4        1.010951           0.113834E-4        1.009643
        2.052000           0.146933E-4        1.010951           0.113839E-4        1.009643
        2.054000           0.146941E-4        1.010952           0.113845E-4        1.009643
        2.056000           0.146949E-4        1.010952           0.113851E-4        1.009643
        2.058000           0.146957E-4        1.010952           0.113856E-4        1.009644
        2.060000           0.146965E-4        1.010952           0.113862E-4        1.009644
        2.062000           0.146973E-4        1.010953           0.113867E-4        1.009644
        2.064000           0.146981E-4        1.010953           0.113873E-4        1.009644
        2.066000           0.146989E-4        1.010953           0.113878E-4        1.009645
        2.068000           0.146998E-4        1.010954           0.113884E-4        1.009645
        2.070000           0.147006E-4        1.010954           0.113889E-4        1.009645
        2.072000           0.147014E-4        1.010954           0.113895E-4        1.009645
        2.074000           0.147022E-4        1.010954           0.113900E-4        1.009645
        2.076000           0.147030E-4        1.010955           0.113906E-4        1.009646
        2.078000           0.147038E-4        1.010955           0.113911E-4        1.009646
        2.080000           0.147046E-4        1.010955           0.113917E-4        1.009646
        2.082000           0.147054E-4        1.010956           0.113922E-4        1.009646
        2.084000           0.147062E-4        1.010956           0.113928E-4        1.009647
        2.086000           0.147070E-4        1.010956           0.113933E-4        1.009647
        2.088000           0.147078E-4        1.010957           0.113939E-4        1.009647
        2.090000           0.147086E-4        1.010957           0.113944E-4        1.009647
        2.092000           0.147095E-4        1.010957           0.113950E-4        1.009647
        2.094000           0.147103E-4        1.010957           0.113955E-4        1.009648
        2.096000           0.147111E-4        1.010958           0.113961E-4        1.009648
        2.098000           0.147119E-4        1.010958           0.113966E-4        1.009648
        2.100000           0.147127E-4        1.010958           0.113972E-4        1.009648
        2.102000           0.147135E-4        1.010959           0.113978E-4        1.009649
        2.104000           0.147143E-4        1.010959           0.113983E-4        1.009649
        2.106000           0.147151E-4        1.010959           0.113989E-4        1.009649
        2.108000           0.147159E-4        1.010960           0.113994E-4        1.009649
        2.110000           0.147167E-4        1.010960           0.114000E-4        1.009650
        2.112000           0.147176E-4        1.010960           0.114005E-4        1.009650
        2.114000           0.147184E-4        1.010960           0.114011E-4        1.009650
        2.116000           0.147192E-4        1.010961           0.114016E-4        1.009650
        2.118000           0.147200E-4        1.010961           0.114022E-4        1.009650
        2.120000           0.147208E-4        1.010961           0.114027E-4        1.009651
        2.122000           0.147216E-4        1.010962           0.114033E-4        1.009651
        2.124000           0.147224E-4        1.010962           0.114038E-4        1.009651
        2.126000           0.147232E-4        1.010962           0.114044E-4        1.009651
        2.128000           0.147240E-4        1.010962           0.114049E-4        1.009652
        2.130000           0.147248E-4        1.010963           0.114055E-4        1.009652
        2.132000           0.147256E-4        1.010963           0.114060E-4        1.009652
        2.134000           0.147265E-4        1.010963           0.114066E-4        1.009652
        2.136000           0.147273E-4        1.010964           0.114071E-4        1.009653
        2.138000           0.147281E-4        1.010964           0.114077E-4        1.009653
        2.140000           0.147289E-4        1.010964           0.114082E-4        1.009653
        2.142000           0.147297E-4        1.010965           0.114088E-4        1.009653
        2.144000           0.147305E-4        1.010965           0.114094E-4        1.009653
        2.146000           0.147313E-4        1.010965           0.114099E-4        1.009654
        2.148000           0.147321E-4        1.010965           0.114105E-4        1.009654
        2.150000           0.147329E-4        1.010966           0.114110E-4        1.009654
        2.152000           0.147338E-4        1.010966           0.114116E-4        1.009654
        2.154000           0.147346E-4        1.010966           0.114121E-4        1.009655
        2.156000           0.147354E-4        1.010967           0.114127E-4        1.009655
        2.158000           0.147362E-4        1.010967           0.114132E-4        1.009655
        2.160000           0.147370E-4        1.010967           0.114138E-4        1.009655
        2.162000           0.147378E-4        1.010967           0.114143E-4        1.009655
        2.164000           0.147386E-4        1.010968           0.114149E-4        1.009656
        2.166000           0.147394E-4        1.010968           0.114154E-4        1.009656
        2.168000           0.147402E-4        1.010968           0.114160E-4        1.009656
        2.170000           0.147411E-4        1.010969           0.114165E-4        1.009656
        2.172000           0.147419E-4        1.010969           0.114171E-4        1.009657
        2.174000           0.147427E-4        1.010969           0.114177E-4        1.009657
        2.176000           0.147435E-4        1.010970           0.114182E-4        1.009657
        2.178000           0.147443E-4        1.010970           0.114188E-4        1.009657
        2.180000           0.147451E-4        1.010970           0.114193E-4        1.009658
        2.182000           0.147459E-4        1.010970           0.114199E-4        1.009658
        2.184000           0.147467E-4        1.010971           0.114204E-4        1.009658
        2.186000           0.147476E-4        1.010971           0.114210E-4        1.009658
        2.188000           0.147484E-4        1.010971           0.114215E-4        1.009658
        2.190000           0.147492E-4        1.010972           0.114221E-4        1.009659
        2.192000           0.147500E-4        1.010972           0.114226E-4        1.009659
        2.194000           0.147508E-4        1.010972           0.114232E-4        1.009659
        2.196000           0.147516E-4        1.010972           0.114238E-4        1.009659
        2.198000           0.147524E-4        1.010973           0.114243E-4        1.009660
        2.200000           0.147532E-4        1.010973           0.114248E-4        1.009660
        2.202000           0.147540E-4        1.010973           0.114254E-4        1.009660
        2.204000           0.147549E-4        1.010974           0.114260E-4        1.009660
        2.206000           0.147557E-4        1.010974           0.114265E-4        1.009661
        2.208000           0.147565E-4        1.010974           0.114271E-4        1.009661
        2.210000           0.147573E-4        1.010975           0.114276E-4        1.009661
        2.212000           0.147581E-4        1.010975           0.114282E-4        1.009661
        2.214000           0.147589E-4        1.010975           0.114287E-4        1.009661
        2.216000           0.147597E-4        1.010975           0.114293E-4        1.009662
        2.218000           0.147606E-4        1.010976           0.114298E-4        1.009662
        2.220000           0.147614E-4        1.010976           0.114304E-4        1.009662
        2.222000           0.147622E-4        1.010976           0.114310E-4        1.009662
        2.224000           0.147630E-4        1.010977           0.114315E-4        1.009663
        2.226000           0.147638E-4        1.010977           0.114321E-4        1.009663
        2.228000           0.147646E-4        1.010977           0.114326E-4        1.009663
        2.230000           0.147654E-4        1.010978           0.114332E-4        1.009663
        2.232000           0.147663E-4        1.010978           0.114337E-4        1.009664
        2.234000           0.147671E-4        1.010978           0.114343E-4        1.009664
        2.236000           0.147679E-4        1.010978           0.114348E-4        1.009664
        2.238000           0.147687E-4        1.010979           0.114354E-4        1.009664
        2.240000           0.147695E-4        1.010979           0.114360E-4        1.009664
        2.242000           0.147703E-4        1.010979           0.114365E-4        1.009665
        2.244000           0.147711E-4        1.010980           0.114371E-4        1.009665
        2.246000           0.147720E-4        1.010980           0.114376E-4        1.009665
        2.248000           0.147728E-4        1.010980           0.114382E-4        1.009665
        2.250000           0.147736E-4        1.010980           0.114387E-4        1.009666
        2.252000           0.147744E-4        1.010981           0.114393E-4        1.009666
        2.254000           0.147752E-4        1.010981           0.114398E-4        1.009666
        2.256000           0.147760E-4        1.010981           0.114404E-4        1.009666
        2.258000           0.147768E-4        1.010982           0.114409E-4        1.009666
        2.260000           0.147776E-4        1.010982           0.114415E-4        1.009667
        2.262000           0.147785E-4        1.010982           0.114421E-4        1.009667
        2.264000           0.147793E-4        1.010983           0.114426E-4        1.009667
        2.266000           0.147801E-4        1.010983           0.114432E-4        1.009667
        2.268000           0.147809E-4        1.010983           0.114437E-4        1.009668
        2.270000           0.147817E-4        1.010983           0.114443E-4        1.009668
        2.272000           0.147825E-4        1.010984           0.114448E-4        1.009668
        2.274000           0.147834E-4        1.010984           0.114454E-4        1.009668
        2.276000           0.147842E-4        1.010984           0.114459E-4        1.009669
        2.278000           0.147850E-4        1.010985           0.114465E-4        1.009669
        2.280000           0.147858E-4        1.010985           0.114471E-4        1.009669
        2.282000           0.147866E-4        1.010985           0.114476E-4        1.009669
        2.284000           0.147874E-4        1.010985           0.114482E-4        1.009669
        2.286000           0.147882E-4        1.010986           0.114487E-4        1.009670
        2.288000           0.147891E-4        1.010986           0.114493E-4        1.009670
        2.290000           0.147899E-4        1.010986           0.114498E-4        1.009670
        2.292000           0.147907E-4        1.010987           0.114504E-4        1.009670
        2.294000           0.147915E-4        1.010987           0.114510E-4        1.009671
        2.296000           0.147923E-4        1.010987           0.114515E-4        1.009671
        2.298000           0.147931E-4        1.010988           0.114521E-4        1.009671
        2.300000           0.147940E-4        1.010988           0.114526E-4        1.009671
        2.302000           0.147948E-4        1.010988           0.114532E-4        1.009672
        2.304000           0.147956E-4        1.010988           0.114537E-4        1.009672
        2.306000           0.147964E-4        1.010989           0.114543E-4        1.009672
        2.308000           0.147972E-4        1.010989           0.114548E-4        1.009672
        2.310000           0.147980E-4        1.010989           0.114554E-4        1.009672
        2.312000           0.147989E-4        1.010990           0.114560E-4        1.009673
        2.314000           0.147997E-4        1.010990           0.114565E-4        1.009673
        2.316000           0.148005E-4        1.010990           0.114571E-4        1.009673
        2.318000           0.148013E-4        1.010991           0.114576E-4        1.009673
        2.320000           0.148021E-4        1.010991           0.114582E-4        1.009674
        2.322000           0.148029E-4        1.010991           0.114587E-4        1.009674
        2.324000           0.148038E-4        1.010991           0.114593E-4        1.009674
        2.326000           0.148046E-4        1.010992           0.114599E-4        1.009674
        2.328000           0.148054E-4        1.010992           0.114604E-4        1.009675
        2.330000           0.148062E-4        1.010992           0.114610E-4        1.009675
        2.332000           0.148070E-4        1.010993           0.114615E-4        1.009675
        2.334000           0.148078E-4        1.010993           0.114621E-4        1.009675
        2.336000           0.148087E-4        1.010993           0.114626E-4        1.009675
        2.338000           0.148095E-4        1.010993           0.114632E-4        1.009676
        2.340000           0.148103E-4        1.010994           0.114638E-4        1.009676
        2.342000           0.148111E-4        1.010994           0.114643E-4        1.009676
        2.344000           0.148119E-4        1.010994           0.114649E-4        1.009676
        2.346000           0.148127E-4        1.010995           0.114654E-4        1.009677
        2.348000           0.148136E-4        1.010995           0.114660E-4        1.009677
        2.350000           0.148144E-4        1.010995           0.114665E-4        1.009677
        2.352000           0.148152E-4        1.010996           0.114671E-4        1.009677
        2.354000           0.148160E-4        1.010996           0.114677E-4        1.009678
        2.356000           0.148168E-4        1.010996           0.114682E-4        1.009678
        2.358000           0.148177E-4        1.010996           0.114688E-4        1.009678
        2.360000           0.148185E-4        1.010997           0.114693E-4        1.009678
        2.362000           0.148193E-4        1.010997           0.114699E-4        1.009678
        2.364000           0.148201E-4        1.010997           0.114705E-4        1.009679
        2.366000           0.148209E-4        1.010998           0.114710E-4        1.009679
        2.368000           0.148217E-4        1.010998           0.114716E-4        1.009679
        2.370000           0.148226E-4        1.010998           0.114721E-4        1.009679
        2.372000           0.148234E-4        1.010998           0.114727E-4        1.009680
        2.374000           0.148242E-4        1.010999           0.114732E-4        1.009680
        2.376000           0.148250E-4        1.010999           0.114738E-4        1.009680
        2.378000           0.148258E-4        1.010999           0.114744E-4        1.009680
        2.380000           0.148267E-4        1.011000           0.114749E-4        1.009681
        2.382000           0.148275E-4        1.011000           0.114755E-4        1.009681
        2.384000           0.148283E-4        1.011000           0.114760E-4        1.009681
        2.386000           0.148291E-4        1.011001           0.114766E-4        1.009681
        2.388000           0.148299E-4        1.011001           0.114771E-4        1.009681
        2.390000           0.148307E-4        1.011001           0.114777E-4        1.009682
        2.392000           0.148316E-4        1.011001           0.114783E-4        1.009682
        2.394000           0.148324E-4        1.011002           0.114788E-4        1.009682
        2.396000           0.148332E-4        1.011002           0.114794E-4        1.009682
        2.398000           0.148340E-4        1.011002           0.114799E-4        1.009683
        2.400000           0.148348E-4        1.011003           0.114805E-4        1.009683
        2.402000           0.148357E-4        1.011003           0.114810E-4        1.009683
        2.404000           0.148365E-4        1.011003           0.114816E-4        1.009683
        2.406000           0.148373E-4        1.011004           0.114822E-4        1.009683
        2.408000           0.148381E-4        1.011004           0.114827E-4        1.009684
        2.410000           0.148389E-4        1.011004           0.114833E-4        1.009684
        2.412000           0.148398E-4        1.011004           0.114838E-4        1.009684
        2.414000           0.148406E-4        1.011005           0.114844E-4        1.009684
        2.416000           0.148414E-4        1.011005           0.114850E-4        1.009685
        2.418000           0.148422E-4        1.011005           0.114855E-4        1.009685
        2.420000           0.148430E-4        1.011006           0.114861E-4        1.009685
        2.422000           0.148439E-4        1.011006           0.114866E-4        1.009685
        2.424000           0.148447E-4        1.011006           0.114872E-4        1.009686
        2.426000           0.148455E-4        1.011007           0.114878E-4        1.009686
        2.428000           0.148463E-4        1.011007           0.114883E-4        1.009686
        2.430000           0.148471E-4        1.011007           0.114889E-4        1.009686
        2.432000           0.148480E-4        1.011007           0.114894E-4        1.009686
        2.434000           0.148488E-4        1.011008           0.114900E-4        1.009687
        2.436000           0.148496E-4        1.011008           0.114906E-4        1.009687
        2.438000           0.148504E-4        1.011008           0.114911E-4        1.009687
        2.440000           0.148512E-4        1.011009           0.114917E-4        1.009687
        2.442000           0.148521E-4        1.011009           0.114922E-4        1.009688
        2.444000           0.148529E-4        1.011009           0.114928E-4        1.009688
        2.446000           0.148537E-4        1.011009           0.114933E-4        1.009688
        2.448000           0.148545E-4        1.011010           0.114939E-4        1.009688
        2.450000           0.148554E-4        1.011010           0.114945E-4        1.009688
        2.452000           0.148562E-4        1.011010           0.114950E-4        1.009689
        2.454000           0.148570E-4        1.011011           0.114956E-4        1.009689
        2.456000           0.148578E-4        1.011011           0.114962E-4        1.009689
        2.458000           0.148586E-4        1.011011           0.114967E-4        1.009689
        2.460000           0.148595E-4        1.011012           0.114973E-4        1.009690
        2.462000           0.148603E-4        1.011012           0.114978E-4        1.009690
        2.464000           0.148611E-4        1.011012           0.114984E-4        1.009690
        2.466000           0.148619E-4        1.011012           0.114989E-4        1.009690
        2.468000           0.148628E-4        1.011013           0.114995E-4        1.009691
        2.470000           0.148636E-4        1.011013           0.115001E-4        1.009691
        2.472000           0.148644E-4        1.011013           0.115006E-4        1.009691
        2.474000           0.148652E-4        1.011014           0.115012E-4        1.009691
        2.476000           0.148660E-4        1.011014           0.115018E-4        1.009691
        2.478000           0.148669E-4        1.011014           0.115023E-4        1.009692
        2.480000           0.148677E-4        1.011015           0.115029E-4        1.009692
        2.482000           0.148685E-4        1.011015           0.115034E-4        1.009692
        2.484000           0.148693E-4        1.011015           0.115040E-4        1.009692
        2.486000           0.148702E-4        1.011015           0.115045E-4        1.009693
        2.488000           0.148710E-4        1.011016           0.115051E-4        1.009693
        2.490000           0.148718E-4        1.011016           0.115057E-4        1.009693
        2.492000           0.148726E-4        1.011016           0.115062E-4        1.009693
        2.494000           0.148734E-4        1.011017           0.115068E-4        1.009694
        2.496000           0.148743E-4        1.011017           0.115073E-4        1.009694
        2.498000           0.148751E-4        1.011017           0.115079E-4        1.009694
        2.500000           0.148759E-4        1.011018           0.115085E-4        1.009694
        2.502000           0.148767E-4        1.011018           0.115090E-4        1.009694
        2.504000           0.148776E-4        1.011018           0.115096E-4        1.009695
        2.506000           0.148784E-4        1.011018           0.115102E-4        1.009695
        2.508000           0.148792E-4        1.011019           0.115107E-4        1.009695
        2.510000           0.148800E-4        1.011019           0.115113E-4        1.009695
        2.512000           0.148808E-4        1.011019           0.115118E-4        1.009696
        2.514000           0.148817E-4        1.011020           0.115124E-4        1.009696
        2.516000           0.148825E-4        1.011020           0.115130E-4        1.009696
        2.518000           0.148833E-4        1.011020           0.115135E-4        1.009696
        2.520000           0.148841E-4        1.011021           0.115141E-4        1.009697
        2.522000           0.148850E-4        1.011021           0.115146E-4        1.009697
        2.524000           0.148858E-4        1.011021           0.115152E-4        1.009697
        2.526000           0.148866E-4        1.011021           0.115158E-4        1.009697
        2.528000           0.148874E-4        1.011022           0.115163E-4        1.009697
        2.530000           0.148883E-4        1.011022           0.115169E-4        1.009698
        2.532000           0.148891E-4        1.011022           0.115174E-4        1.009698
        2.534000           0.148899E-4        1.011023           0.115180E-4        1.009698
        2.536000           0.148907E-4        1.011023           0.115186E-4        1.009698
        2.538000           0.148916E-4        1.011023           0.115191E-4        1.009699
        2.540000           0.148924E-4        1.011024           0.115197E-4        1.009699
        2.542000           0.148932E-4        1.011024           0.115202E-4        1.009699
        2.544000           0.148940E-4        1.011024           0.115208E-4        1.009699
        2.546000           0.148949E-4        1.011024           0.115214E-4        1.009700
        2.548000           0.148957E-4        1.011025           0.115219E-4        1.009700
        2.550000           0.148965E-4        1.011025           0.115225E-4        1.009700
        2.552000           0.148973E-4        1.011025           0.115231E-4        1.009700
        2.554000           0.148982E-4        1.011026           0.115236E-4        1.009701
        2.556000           0.148990E-4        1.011026           0.115242E-4        1.009701
        2.558000           0.148998E-4        1.011026           0.115247E-4        1.009701
        2.560000           0.149006E-4        1.011027           0.115253E-4        1.009701
        2.562000           0.149015E-4        1.011027           0.115259E-4        1.009701
        2.564000           0.149023E-4        1.011027           0.115264E-4        1.009702
        2.566000           0.149031E-4        1.011027           0.115270E-4        1.009702
        2.568000           0.149039E-4        1.011028           0.115276E-4        1.009702
        2.570000           0.149048E-4        1.011028           0.115281E-4        1.009702
        2.572000           0.149056E-4        1.011028           0.115287E-4        1.009703
        2.574000           0.149064E-4        1.011029           0.115292E-4        1.009703
        2.576000           0.149072E-4        1.011029           0.115298E-4        1.009703
        2.578000           0.149081E-4        1.011029           0.115304E-4        1.009703
        2.580000           0.149089E-4        1.011029           0.115309E-4        1.009704
        2.582000           0.149097E-4        1.011030           0.115315E-4        1.009704
        2.584000           0.149105E-4        1.011030           0.115320E-4        1.009704
        2.586000           0.149114E-4        1.011030           0.115326E-4        1.009704
        2.588000           0.149122E-4        1.011031           0.115332E-4        1.009704
        2.590000           0.149130E-4        1.011031           0.115337E-4        1.009705
        2.592000           0.149138E-4        1.011031           0.115343E-4        1.009705
        2.594000           0.149147E-4        1.011032           0.115349E-4        1.009705
        2.596000           0.149155E-4        1.011032           0.115354E-4        1.009705
        2.598000           0.149163E-4        1.011032           0.115360E-4        1.009706
        2.600000           0.149171E-4        1.011032           0.115365E-4        1.009706
        2.602000           0.149180E-4        1.011033           0.115371E-4        1.009706
        2.604000           0.149188E-4        1.011033           0.115377E-4        1.009706
        2.606000           0.149196E-4        1.011033           0.115382E-4        1.009706
        2.608000           0.149205E-4        1.011034           0.115388E-4        1.009707
        2.610000           0.149213E-4        1.011034           0.115394E-4        1.009707
        2.612000           0.149221E-4        1.011034           0.115399E-4        1.009707
        2.614000           0.149229E-4        1.011034           0.115405E-4        1.009707
        2.616000           0.149238E-4        1.011035           0.115410E-4        1.009708
        2.618000           0.149246E-4        1.011035           0.115416E-4        1.009708
        2.620000           0.149254E-4        1.011035           0.115422E-4        1.009708
        2.622000           0.149262E-4        1.011036           0.115427E-4        1.009708
        2.624000           0.149271E-4        1.011036           0.115433E-4        1.009709
        2.626000           0.149279E-4        1.011036           0.115439E-4        1.009709
        2.628000           0.149287E-4        1.011037           0.115444E-4        1.009709
        2.630000           0.149296E-4        1.011037           0.115450E-4        1.009709
        2.632000           0.149304E-4        1.011037           0.115456E-4        1.009709
        2.634000           0.149312E-4        1.011037           0.115461E-4        1.009710
        2.636000           0.149320E-4        1.011038           0.115467E-4        1.009710
        2.638000           0.149329E-4        1.011038           0.115472E-4        1.009710
        2.640000           0.149337E-4        1.011038           0.115478E-4        1.009710
        2.642000           0.149345E-4        1.011039           0.115484E-4        1.009711
        2.644000           0.149353E-4        1.011039           0.115489E-4        1.009711
        2.646000           0.149362E-4        1.011039           0.115495E-4        1.009711
        2.648000           0.149370E-4        1.011040           0.115501E-4        1.009711
        2.650000           0.149378E-4        1.011040           0.115506E-4        1.009712
        2.652000           0.149387E-4        1.011040           0.115512E-4        1.009712
        2.654000           0.149395E-4        1.011040           0.115518E-4        1.009712
        2.656000           0.149403E-4        1.011041           0.115523E-4        1.009712
        2.658000           0.149411E-4        1.011041           0.115529E-4        1.009712
        2.660000           0.149420E-4        1.011041           0.115534E-4        1.009713
        2.662000           0.149428E-4        1.011042           0.115540E-4        1.009713
        2.664000           0.149436E-4        1.011042           0.115546E-4        1.009713
        2.666000           0.149445E-4        1.011042           0.115551E-4        1.009713
        2.668000           0.149453E-4        1.011043           0.115557E-4        1.009714
        2.670000           0.149461E-4        1.011043           0.115563E-4        1.009714
        2.672000           0.149469E-4        1.011043           0.115568E-4        1.009714
        2.674000           0.149478E-4        1.011043           0.115574E-4        1.009714
        2.676000           0.149486E-4        1.011044           0.115580E-4        1.009715
        2.678000           0.149494E-4        1.011044           0.115585E-4        1.009715
        2.680000           0.149503E-4        1.011044           0.115591E-4        1.009715
        2.682000           0.149511E-4        1.011045           0.115597E-4        1.009715
        2.684000           0.149519E-4        1.011045           0.115602E-4        1.009715
        2.686000           0.149528E-4        1.011045           0.115608E-4        1.009716
        2.688000           0.149536E-4        1.011046           0.115613E-4        1.009716
        2.690000           0.149544E-4        1.011046           0.115619E-4        1.009716
        2.692000           0.149552E-4        1.011046           0.115625E-4        1.009716
        2.694000           0.149561E-4        1.011047           0.115630E-4        1.009717
        2.696000           0.149569E-4        1.011047           0.115636E-4        1.009717
        2.698000           0.149577E-4        1.011047           0.115642E-4        1.009717
        2.700000           0.149586E-4        1.011047           0.115647E-4        1.009717
        2.702000           0.149594E-4        1.011048           0.115653E-4        1.009718
        2.704000           0.149602E-4        1.011048           0.115659E-4        1.009718
        2.706000           0.149611E-4        1.011048           0.115664E-4        1.009718
        2.708000           0.149619E-4        1.011049           0.115670E-4        1.009718
        2.710000           0.149627E-4        1.011049           0.115675E-4        1.009719
        2.712000           0.149635E-4        1.011049           0.115681E-4        1.009719
        2.714000           0.149644E-4        1.011050           0.115687E-4        1.009719
        2.716000           0.149652E-4        1.011050           0.115693E-4        1.009719
        2.718000           0.149660E-4        1.011050           0.115698E-4        1.009719
        2.720000           0.149669E-4        1.011050           0.115704E-4        1.009720
        2.722000           0.149677E-4        1.011051           0.115710E-4        1.009720
        2.724000           0.149685E-4        1.011051           0.115715E-4        1.009720
        2.726000           0.149694E-4        1.011051           0.115721E-4        1.009720
        2.728000           0.149702E-4        1.011052           0.115726E-4        1.009721
        2.730000           0.149710E-4        1.011052           0.115732E-4        1.009721
        2.732000           0.149718E-4        1.011052           0.115738E-4        1.009721
        2.734000           0.149727E-4        1.011052           0.115743E-4        1.009721
        2.736000           0.149735E-4        1.011053           0.115749E-4        1.009722
        2.738000           0.149743E-4        1.011053           0.115755E-4        1.009722
        2.740000           0.149752E-4        1.011053           0.115760E-4        1.009722
        2.742000           0.149760E-4        1.011054           0.115766E-4        1.009722
        2.744000           0.149768E-4        1.011054           0.115772E-4        1.009722
        2.746000           0.149777E-4        1.011054           0.115777E-4        1.009723
        2.748000           0.149785E-4        1.011055           0.115783E-4        1.009723
        2.750000           0.149793E-4        1.011055           0.115789E-4        1.009723
        2.752000           0.149802E-4        1.011055           0.115794E-4        1.009723
        2.754000           0.149810E-4        1.011055           0.115800E-4        1.009724
        2.756000           0.149818E-4        1.011056           0.115806E-4        1.009724
        2.758000           0.149827E-4        1.011056           0.115811E-4        1.009724
        2.760000           0.149835E-4        1.011056           0.115817E-4        1.009724
        2.762000           0.149843E-4        1.011057           0.115823E-4        1.009724
        2.764000           0.149852E-4        1.011057           0.115828E-4        1.009725
        2.766000           0.149860E-4        1.011057           0.115834E-4        1.009725
        2.768000           0.149868E-4        1.011058           0.115840E-4        1.009725
        2.770000           0.149877E-4        1.011058           0.115845E-4        1.009725
        2.772000           0.149885E-4        1.011058           0.115851E-4        1.009726
        2.774000           0.149893E-4        1.011058           0.115857E-4        1.009726
        2.776000           0.149902E-4        1.011059           0.115862E-4        1.009726
        2.778000           0.149910E-4        1.011059           0.115868E-4        1.009726
        2.780000           0.149918E-4        1.011059           0.115874E-4        1.009727
        2.782000           0.149926E-4        1.011060           0.115879E-4        1.009727
        2.784000           0.149935E-4        1.011060           0.115885E-4        1.009727
        2.786000           0.149943E-4        1.011060           0.115891E-4        1.009727
        2.788000           0.149951E-4        1.011061           0.115896E-4        1.009727
        2.790000           0.149960E-4        1.011061           0.115902E-4        1.009728
        2.792000           0.149968E-4        1.011061           0.115907E-4        1.009728
        2.794000           0.149976E-4        1.011061           0.115913E-4        1.009728
        2.796000           0.149985E-4        1.011062           0.115919E-4        1.009728
        2.798000           0.149993E-4        1.011062           0.115925E-4        1.009729
        2.800000           0.150001E-4        1.011062           0.115930E-4        1.009729
        2.802000           0.150010E-4        1.011063           0.115936E-4        1.009729
        2.804000           0.150018E-4        1.011063           0.115941E-4        1.009729
        2.806000           0.150026E-4        1.011063           0.115947E-4        1.009730
        2.808000           0.150035E-4        1.011064           0.115953E-4        1.009730
        2.810000           0.150043E-4        1.011064           0.115959E-4        1.009730
        2.812000           0.150052E-4        1.011064           0.115964E-4        1.009730
        2.814000           0.150060E-4        1.011064           0.115970E-4        1.009731
        2.816000           0.150068E-4        1.011065           0.115976E-4        1.009731
        2.818000           0.150076E-4        1.011065           0.115981E-4        1.009731
        2.820000           0.150085E-4        1.011065           0.115987E-4        1.009731
        2.822000           0.150093E-4        1.011066           0.115993E-4        1.009731
        2.824000           0.150102E-4        1.011066           0.115998E-4        1.009732
        2.826000           0.150110E-4        1.011066           0.116004E-4        1.009732
        2.828000           0.150118E-4        1.011067           0.116010E-4        1.009732
        2.830000           0.150127E-4        1.011067           0.116015E-4        1.009732
        2.832000           0.150135E-4        1.011067           0.116021E-4        1.009733
        2.834000           0.150143E-4        1.011068           0.116027E-4        1.009733
        2.836000           0.150152E-4        1.011068           0.116032E-4        1.009733
        2.838000           0.150160E-4        1.011068           0.116038E-4        1.009733
        2.840000           0.150168E-4        1.011068           0.116044E-4        1.009734
        2.842000           0.150177E-4        1.011069           0.116049E-4        1.009734
        2.844000           0.150185E-4        1.011069           0.116055E-4        1.009734
        2.846000           0.150193E-4        1.011069           0.116061E-4        1.009734
        2.848000           0.150202E-4        1.011070           0.116066E-4        1.009735
        2.850000           0.150210E-4        1.011070           0.116072E-4        1.009735
        2.852000           0.150218E-4        1.011070           0.116078E-4        1.009735
        2.854000           0.150227E-4        1.011070           0.116083E-4        1.009735
        2.856000           0.150235E-4        1.011071           0.116089E-4        1.009735
        2.858000           0.150243E-4        1.011071           0.116095E-4        1.009736
        2.860000           0.150252E-4        1.011071           0.116100E-4        1.009736
        2.862000           0.150260E-4        1.011072           0.116106E-4        1.009736
        2.864000           0.150269E-4        1.011072           0.116112E-4        1.009736
        2.866000           0.150277E-4        1.011072           0.116118E-4        1.009737
        2.868000           0.150285E-4        1.011073           0.116123E-4        1.009737
        2.870000           0.150294E-4        1.011073           0.116129E-4        1.009737
        2.872000           0.150302E-4        1.011073           0.116135E-4        1.009737
        2.874000           0.150310E-4        1.011073           0.116140E-4        1.009737
        2.876000           0.150319E-4        1.011074           0.116146E-4        1.009738
        2.878000           0.150327E-4        1.011074           0.116152E-4        1.009738
        2.880000           0.150335E-4        1.011074           0.116157E-4        1.009738
        2.882000           0.150344E-4        1.011075           0.116163E-4        1.009738
        2.884000           0.150352E-4        1.011075           0.116169E-4        1.009739
        2.886000           0.150361E-4        1.011075           0.116174E-4        1.009739
        2.888000           0.150369E-4        1.011076           0.116180E-4        1.009739
        2.890000           0.150377E-4        1.011076           0.116186E-4        1.009739
        2.892000           0.150386E-4        1.011076           0.116191E-4        1.009740
        2.894000           0.150394E-4        1.011076           0.116197E-4        1.009740
        2.896000           0.150402E-4        1.011077           0.116203E-4        1.009740
        2.898000           0.150411E-4        1.011077           0.116208E-4        1.009740
        2.900000           0.150419E-4        1.011077           0.116214E-4        1.009740
        2.902000           0.150427E-4        1.011078           0.116220E-4        1.009741
        2.904000           0.150436E-4        1.011078           0.116226E-4        1.009741
        2.906000           0.150444E-4        1.011078           0.116231E-4        1.009741
        2.908000           0.150453E-4        1.011079           0.116237E-4        1.009741
        2.910000           0.150461E-4        1.011079           0.116243E-4        1.009742
        2.912000           0.150469E-4        1.011079           0.116248E-4        1.009742
        2.914000           0.150478E-4        1.011079           0.116254E-4        1.009742
        2.916000           0.150486E-4        1.011080           0.116260E-4        1.009742
        2.918000           0.150494E-4        1.011080           0.116265E-4        1.009743
        2.920000           0.150503E-4        1.011080           0.116271E-4        1.009743
        2.922000           0.150511E-4        1.011081           0.116277E-4        1.009743
        2.924000           0.150520E-4        1.011081           0.116282E-4        1.009743
        2.926000           0.150528E-4        1.011081           0.116288E-4        1.009744
        2.928000           0.150536E-4        1.011082           0.116294E-4        1.009744
        2.930000           0.150545E-4        1.011082           0.116300E-4        1.009744
        2.932000           0.150553E-4        1.011082           0.116305E-4        1.009744
        2.934000           0.150562E-4        1.011083           0.116311E-4        1.009745
        2.936000           0.150570E-4        1.011083           0.116317E-4        1.009745
        2.938000           0.150578E-4        1.011083           0.116322E-4        1.009745
        2.940000           0.150587E-4        1.011083           0.116328E-4        1.009745
        2.942000           0.150595E-4        1.011084           0.116334E-4        1.009745
        2.944000           0.150603E-4        1.011084           0.116339E-4        1.009746
        2.946000           0.150612E-4        1.011084           0.116345E-4        1.009746
        2.948000           0.150620E-4        1.011085           0.116351E-4        1.009746
        2.950000           0.150629E-4        1.011085           0.116357E-4        1.009746
        2.952000           0.150637E-4        1.011085           0.116362E-4        1.009747
        2.954000           0.150645E-4        1.011086           0.116368E-4        1.009747
        2.956000           0.150654E-4        1.011086           0.116374E-4        1.009747
        2.958000           0.150662E-4        1.011086           0.116379E-4        1.009747
        2.960000           0.150671E-4        1.011086           0.116385E-4        1.009748
        2.962000           0.150679E-4        1.011087           0.116391E-4        1.009748
        2.964000           0.150687E-4        1.011087           0.116397E-4        1.009748
        2.966000           0.150696E-4        1.011087           0.116402E-4        1.009748
        2.968000           0.150704E-4        1.011088           0.116408E-4        1.009748
        2.970000           0.150712E-4        1.011088           0.116414E-4        1.009749
        2.972000           0.150721E-4        1.011088           0.116419E-4        1.009749
        2.974000           0.150729E-4        1.011088           0.116425E-4        1.009749
        2.976000           0.150738E-4        1.011089           0.116431E-4        1.009749
        2.978000           0.150746E-4        1.011089           0.116436E-4        1.009750
        2.980000           0.150754E-4        1.011089           0.116442E-4        1.009750
        2.982000           0.150763E-4        1.011090           0.116448E-4        1.009750
        2.984000           0.150771E-4        1.011090           0.116453E-4        1.009750
        2.986000           0.150780E-4        1.011090           0.116459E-4        1.009750
        2.988000           0.150788E-4        1.011091           0.116465E-4        1.009751
        2.990000           0.150797E-4        1.011091           0.116471E-4        1.009751
        2.992000           0.150805E-4        1.011091           0.116476E-4        1.009751
        2.994000           0.150813E-4        1.011092           0.116482E-4        1.009751
        2.996000           0.150822E-4        1.011092           0.116488E-4        1.009752
        2.998000           0.150830E-4        1.011092           0.116493E-4        1.009752
        3.000000           0.150839E-4        1.011092           0.116499E-4        1.009752
        3.002000           0.150847E-4        1.011093           0.116505E-4        1.009752
        3.004000           0.150855E-4        1.011093           0.116511E-4        1.009753
        3.006000           0.150864E-4        1.011093           0.116516E-4        1.009753
        3.008000           0.150872E-4        1.011094           0.116522E-4        1.009753
        3.010000           0.150881E-4        1.011094           0.116528E-4        1.009753
        3.012000           0.150889E-4        1.011094           0.116533E-4        1.009754
        3.014000           0.150897E-4        1.011095           0.116539E-4        1.009754
        3.016000           0.150906E-4        1.011095           0.116545E-4        1.009754
        3.018000           0.150914E-4        1.011095           0.116551E-4        1.009754
        3.020000           0.150923E-4        1.011095           0.116556E-4        1.009755
        3.022000           0.150931E-4        1.011096           0.116562E-4        1.009755
        3.024000           0.150939E-4        1.011096           0.116568E-4        1.009755
        3.026000           0.150948E-4        1.011096           0.116574E-4        1.009755
        3.028000           0.150956E-4        1.011097           0.116579E-4        1.009755
        3.030000           0.150965E-4        1.011097           0.116585E-4        1.009756
        3.032000           0.150973E-4        1.011097           0.116591E-4        1.009756
        3.034000           0.150982E-4        1.011098           0.116596E-4        1.009756
        3.036000           0.150990E-4        1.011098           0.116602E-4        1.009756
        3.038000           0.150998E-4        1.011098           0.116608E-4        1.009757
        3.040000           0.151007E-4        1.011099           0.116614E-4        1.009757
        3.042000           0.151015E-4        1.011099           0.116619E-4        1.009757
        3.044000           0.151024E-4        1.011099           0.116625E-4        1.009757
        3.046000           0.151032E-4        1.011099           0.116631E-4        1.009758
        3.048000           0.151040E-4        1.011100           0.116636E-4        1.009758
        3.050000           0.151049E-4        1.011100           0.116642E-4        1.009758
        3.052000           0.151057E-4        1.011100           0.116648E-4        1.009758
        3.054000           0.151066E-4        1.011101           0.116654E-4        1.009758
        3.056000           0.151074E-4        1.011101           0.116659E-4        1.009759
        3.058000           0.151083E-4        1.011101           0.116665E-4        1.009759
        3.060000           0.151091E-4        1.011101           0.116671E-4        1.009759
        3.062000           0.151099E-4        1.011102           0.116676E-4        1.009759
        3.064000           0.151108E-4        1.011102           0.116682E-4        1.009760
        3.066000           0.151116E-4        1.011102           0.116688E-4        1.009760
        3.068000           0.151125E-4        1.011103           0.116694E-4        1.009760
        3.070000           0.151133E-4        1.011103           0.116699E-4        1.009760
        3.072000           0.151142E-4        1.011103           0.116705E-4        1.009760
        3.074000           0.151150E-4        1.011104           0.116711E-4        1.009761
        3.076000           0.151159E-4        1.011104           0.116717E-4        1.009761
        3.078000           0.151167E-4        1.011104           0.116722E-4        1.009761
        3.080000           0.151175E-4        1.011104           0.116728E-4        1.009761
        3.082000           0.151184E-4        1.011105           0.116734E-4        1.009762
        3.084000           0.151192E-4        1.011105           0.116739E-4        1.009762
        3.086000           0.151201E-4        1.011105           0.116745E-4        1.009762
        3.088000           0.151209E-4        1.011106           0.116751E-4        1.009762
        3.090000           0.151218E-4        1.011106           0.116757E-4        1.009763
        3.092000           0.151226E-4        1.011106           0.116762E-4        1.009763
        3.094000           0.151234E-4        1.011107           0.116768E-4        1.009763
        3.096000           0.151243E-4        1.011107           0.116774E-4        1.009763
        3.098000           0.151251E-4        1.011107           0.116780E-4        1.009764
        3.100000           0.151260E-4        1.011108           0.116785E-4        1.009764
        3.102000           0.151268E-4        1.011108           0.116791E-4        1.009764
        3.104000           0.151277E-4        1.011108           0.116797E-4        1.009764
        3.106000           0.151285E-4        1.011108           0.116802E-4        1.009765
        3.108000           0.151293E-4        1.011109           0.116808E-4        1.009765
        3.110000           0.151302E-4        1.011109           0.116814E-4        1.009765
        3.112000           0.151310E-4        1.011109           0.116820E-4        1.009765
        3.114000           0.151319E-4        1.011110           0.116825E-4        1.009766
        3.116000           0.151327E-4        1.011110           0.116831E-4        1.009766
        3.118000           0.151336E-4        1.011110           0.116837E-4        1.009766
        3.120000           0.151344E-4        1.011111           0.116843E-4        1.009766
        3.122000           0.151353E-4        1.011111           0.116848E-4        1.009766
        3.124000           0.151361E-4        1.011111           0.116854E-4        1.009767
        3.126000           0.151370E-4        1.011111           0.116860E-4        1.009767
        3.128000           0.151378E-4        1.011112           0.116866E-4        1.009767
        3.130000           0.151386E-4        1.011112           0.116871E-4        1.009767
        3.132000           0.151395E-4        1.011112           0.116877E-4        1.009768
        3.134000           0.151403E-4        1.011113           0.116883E-4        1.009768
        3.136000           0.151412E-4        1.011113           0.116888E-4        1.009768
        3.138000           0.151420E-4        1.011113           0.116894E-4        1.009768
        3.140000           0.151429E-4        1.011114           0.116900E-4        1.009768
        3.142000           0.151437E-4        1.011114           0.116906E-4        1.009769
        3.144000           0.151446E-4        1.011114           0.116911E-4        1.009769
        3.146000           0.151454E-4        1.011114           0.116917E-4        1.009769
        3.148000           0.151463E-4        1.011115           0.116923E-4        1.009769
        3.150000           0.151471E-4        1.011115           0.116929E-4        1.009770
        3.152000           0.151479E-4        1.011115           0.116934E-4        1.009770
        3.154000           0.151488E-4        1.011116           0.116940E-4        1.009770
        3.156000           0.151496E-4        1.011116           0.116946E-4        1.009770
        3.158000           0.151505E-4        1.011116           0.116952E-4        1.009771
        3.160000           0.151513E-4        1.011117           0.116958E-4        1.009771
        3.162000           0.151522E-4        1.011117           0.116963E-4        1.009771
        3.164000           0.151530E-4        1.011117           0.116969E-4        1.009771
        3.166000           0.151539E-4        1.011118           0.116975E-4        1.009772
        3.168000           0.151547E-4        1.011118           0.116980E-4        1.009772
        3.170000           0.151556E-4        1.011118           0.116986E-4        1.009772
        3.172000           0.151564E-4        1.011118           0.116992E-4        1.009772
        3.174000           0.151573E-4        1.011119           0.116998E-4        1.009772
        3.176000           0.151581E-4        1.011119           0.117003E-4        1.009773
        3.178000           0.151590E-4        1.011119           0.117009E-4        1.009773
        3.180000           0.151598E-4        1.011120           0.117015E-4        1.009773
        3.182000           0.151607E-4        1.011120           0.117021E-4        1.009773
        3.184000           0.151615E-4        1.011120           0.117026E-4        1.009774
        3.186000           0.151623E-4        1.011121           0.117032E-4        1.009774
        3.188000           0.151632E-4        1.011121           0.117038E-4        1.009774
        3.190000           0.151640E-4        1.011121           0.117044E-4        1.009774
        3.192000           0.151649E-4        1.011122           0.117049E-4        1.009775
        3.194000           0.151657E-4        1.011122           0.117055E-4        1.009775
        3.196000           0.151666E-4        1.011122           0.117061E-4        1.009775
        3.198000           0.151674E-4        1.011122           0.117067E-4        1.009775
        3.200000           0.151683E-4        1.011123           0.117072E-4        1.009776
        3.202000           0.151691E-4        1.011123           0.117078E-4        1.009776
        3.204000           0.151700E-4        1.011123           0.117084E-4        1.009776
        3.206000           0.151708E-4        1.011124           0.117090E-4        1.009776
        3.208000           0.151717E-4        1.011124           0.117095E-4        1.009776
        3.210000           0.151725E-4        1.011124           0.117101E-4        1.009777
        3.212000           0.151734E-4        1.011124           0.117107E-4        1.009777
        3.214000           0.151742E-4        1.011125           0.117113E-4        1.009777
        3.216000           0.151751E-4        1.011125           0.117119E-4        1.009777
        3.218000           0.151759E-4        1.011125           0.117124E-4        1.009778
        3.220000           0.151768E-4        1.011126           0.117130E-4        1.009778
        3.222000           0.151776E-4        1.011126           0.117136E-4        1.009778
        3.224000           0.151785E-4        1.011126           0.117142E-4        1.009778
        3.226000           0.151793E-4        1.011127           0.117147E-4        1.009778
        3.228000           0.151802E-4        1.011127           0.117153E-4        1.009779
        3.230000           0.151810E-4        1.011127           0.117159E-4        1.009779
        3.232000           0.151819E-4        1.011128           0.117165E-4        1.009779
        3.234000           0.151827E-4        1.011128           0.117170E-4        1.009779
        3.236000           0.151836E-4        1.011128           0.117176E-4        1.009780
        3.238000           0.151844E-4        1.011128           0.117182E-4        1.009780
        3.240000           0.151853E-4        1.011129           0.117188E-4        1.009780
        3.242000           0.151861E-4        1.011129           0.117193E-4        1.009780
        3.244000           0.151869E-4        1.011129           0.117199E-4        1.009781
        3.246000           0.151878E-4        1.011130           0.117205E-4        1.009781
        3.248000           0.151886E-4        1.011130           0.117211E-4        1.009781
        3.250000           0.151895E-4        1.011130           0.117216E-4        1.009781
        3.252000           0.151903E-4        1.011131           0.117222E-4        1.009782
        3.254000           0.151912E-4        1.011131           0.117228E-4        1.009782
        3.256000           0.151920E-4        1.011131           0.117234E-4        1.009782
        3.258000           0.151929E-4        1.011132           0.117240E-4        1.009782
        3.260000           0.151937E-4        1.011132           0.117245E-4        1.009783
        3.262000           0.151946E-4        1.011132           0.117251E-4        1.009783
        3.264000           0.151954E-4        1.011132           0.117257E-4        1.009783
        3.266000           0.151963E-4        1.011133           0.117263E-4        1.009783
        3.268000           0.151971E-4        1.011133           0.117268E-4        1.009784
        3.270000           0.151980E-4        1.011133           0.117274E-4        1.009784
        3.272000           0.151988E-4        1.011134           0.117280E-4        1.009784
        3.274000           0.151997E-4        1.011134           0.117286E-4        1.009784
        3.276000           0.152006E-4        1.011134           0.117291E-4        1.009784
        3.278000           0.152014E-4        1.011135           0.117297E-4        1.009785
        3.280000           0.152022E-4        1.011135           0.117303E-4        1.009785
        3.282000           0.152031E-4        1.011135           0.117309E-4        1.009785
        3.284000           0.152040E-4        1.011135           0.117315E-4        1.009785
        3.286000           0.152048E-4        1.011136           0.117320E-4        1.009786
        3.288000           0.152057E-4        1.011136           0.117326E-4        1.009786
        3.290000           0.152065E-4        1.011136           0.117332E-4        1.009786
        3.292000           0.152074E-4        1.011137           0.117338E-4        1.009786
        3.294000           0.152082E-4        1.011137           0.117343E-4        1.009786
        3.296000           0.152091E-4        1.011137           0.117349E-4        1.009787
        3.298000           0.152099E-4        1.011138           0.117355E-4        1.009787
        3.300000           0.152108E-4        1.011138           0.117361E-4        1.009787
        3.302000           0.152116E-4        1.011138           0.117366E-4        1.009787
        3.304000           0.152125E-4        1.011138           0.117372E-4        1.009788
        3.306000           0.152133E-4        1.011139           0.117378E-4        1.009788
        3.308000           0.152142E-4        1.011139           0.117384E-4        1.009788
        3.310000           0.152150E-4        1.011139           0.117390E-4        1.009788
        3.312000           0.152159E-4        1.011140           0.117395E-4        1.009789
        3.314000           0.152167E-4        1.011140           0.117401E-4        1.009789
        3.316000           0.152176E-4        1.011140           0.117407E-4        1.009789
        3.318000           0.152184E-4        1.011141           0.117413E-4        1.009789
        3.320000           0.152193E-4        1.011141           0.117418E-4        1.009790
        3.322000           0.152201E-4        1.011141           0.117424E-4        1.009790
        3.324000           0.152210E-4        1.011142           0.117430E-4        1.009790
        3.326000           0.152218E-4        1.011142           0.117436E-4        1.009790
        3.328000           0.152227E-4        1.011142           0.117442E-4        1.009791
        3.330000           0.152235E-4        1.011142           0.117447E-4        1.009791
        3.332000           0.152244E-4        1.011143           0.117453E-4        1.009791
        3.334000           0.152252E-4        1.011143           0.117459E-4        1.009791
        3.336000           0.152261E-4        1.011143           0.117465E-4        1.009791
        3.338000           0.152270E-4        1.011144           0.117471E-4        1.009792
        3.340000           0.152278E-4        1.011144           0.117476E-4        1.009792
        3.342000           0.152287E-4        1.011144           0.117482E-4        1.009792
        3.344000           0.152295E-4        1.011145           0.117488E-4        1.009792
        3.346000           0.152304E-4        1.011145           0.117494E-4        1.009793
        3.348000           0.152312E-4        1.011145           0.117499E-4        1.009793
        3.350000           0.152321E-4        1.011145           0.117505E-4        1.009793
        3.352000           0.152329E-4        1.011146           0.117511E-4        1.009793
        3.354000           0.152338E-4        1.011146           0.117517E-4        1.009794
        3.356000           0.152346E-4        1.011146           0.117523E-4        1.009794
        3.358000           0.152355E-4        1.011147           0.117528E-4        1.009794
        3.360000           0.152363E-4        1.011147           0.117534E-4        1.009794
        3.362000           0.152372E-4        1.011147           0.117540E-4        1.009794
        3.364000           0.152380E-4        1.011148           0.117546E-4        1.009795
        3.366000           0.152389E-4        1.011148           0.117552E-4        1.009795
        3.368000           0.152398E-4        1.011148           0.117557E-4        1.009795
        3.370000           0.152406E-4        1.011149           0.117563E-4        1.009795
        3.372000           0.152415E-4        1.011149           0.117569E-4        1.009796
        3.374000           0.152423E-4        1.011149           0.117575E-4        1.009796
        3.376000           0.152432E-4        1.011149           0.117581E-4        1.009796
        3.378000           0.152440E-4        1.011150           0.117586E-4        1.009796
        3.380000           0.152449E-4        1.011150           0.117592E-4        1.009797
        3.382000           0.152457E-4        1.011150           0.117598E-4        1.009797
        3.384000           0.152466E-4        1.011151           0.117604E-4        1.009797
        3.386000           0.152474E-4        1.011151           0.117609E-4        1.009797
        3.388000           0.152483E-4        1.011151           0.117615E-4        1.009798
        3.390000           0.152491E-4        1.011152           0.117621E-4        1.009798
        3.392000           0.152500E-4        1.011152           0.117627E-4        1.009798
        3.394000           0.152509E-4        1.011152           0.117633E-4        1.009798
        3.396000           0.152517E-4        1.011153           0.117639E-4        1.009799
        3.398000           0.152526E-4        1.011153           0.117644E-4        1.009799
        3.400000           0.152534E-4        1.011153           0.117650E-4        1.009799
        3.402000           0.152543E-4        1.011153           0.117656E-4        1.009799
        3.404000           0.152551E-4        1.011154           0.117662E-4        1.009799
        3.406000           0.152560E-4        1.011154           0.117667E-4        1.009800
        3.408000           0.152569E-4        1.011154           0.117673E-4        1.009800
        3.410000           0.152577E-4        1.011155           0.117679E-4        1.009800
        3.412000           0.152586E-4        1.011155           0.117685E-4        1.009800
        3.414000           0.152594E-4        1.011155           0.117691E-4        1.009801
        3.416000           0.152603E-4        1.011156           0.117696E-4        1.009801
        3.418000           0.152611E-4        1.011156           0.117702E-4        1.009801
        3.420000           0.152620E-4        1.011156           0.117708E-4        1.009801
        3.422000           0.152628E-4        1.011156           0.117714E-4        1.009802
        3.424000           0.152637E-4        1.011157           0.117720E-4        1.009802
        3.426000           0.152645E-4        1.011157           0.117725E-4        1.009802
        3.428000           0.152654E-4        1.011157           0.117731E-4        1.009802
        3.430000           0.152663E-4        1.011158           0.117737E-4        1.009802
        3.432000           0.152671E-4        1.011158           0.117743E-4        1.009803
        3.434000           0.152680E-4        1.011158           0.117749E-4        1.009803
        3.436000           0.152688E-4        1.011159           0.117754E-4        1.009803
        3.438000           0.152697E-4        1.011159           0.117760E-4        1.009803
        3.440000           0.152705E-4        1.011159           0.117766E-4        1.009804
        3.442000           0.152714E-4        1.011160           0.117772E-4        1.009804
        3.444000           0.152723E-4        1.011160           0.117778E-4        1.009804
        3.446000           0.152731E-4        1.011160           0.117784E-4        1.009804
        3.448000           0.152740E-4        1.011160           0.117789E-4        1.009805
        3.450000           0.152748E-4        1.011161           0.117795E-4        1.009805
        3.452000           0.152757E-4        1.011161           0.117801E-4        1.009805
        3.454000           0.152765E-4        1.011161           0.117807E-4        1.009805
        3.456000           0.152774E-4        1.011162           0.117813E-4        1.009806
        3.458000           0.152783E-4        1.011162           0.117818E-4        1.009806
        3.460000           0.152791E-4        1.011162           0.117824E-4        1.009806
        3.462000           0.152800E-4        1.011163           0.117830E-4        1.009806
        3.464000           0.152808E-4        1.011163           0.117836E-4        1.009807
        3.466000           0.152817E-4        1.011163           0.117842E-4        1.009807
        3.468000           0.152825E-4        1.011163           0.117848E-4        1.009807
        3.470000           0.152834E-4        1.011164           0.117853E-4        1.009807
        3.472000           0.152843E-4        1.011164           0.117859E-4        1.009807
        3.474000           0.152851E-4        1.011164           0.117865E-4        1.009808
        3.476000           0.152860E-4        1.011165           0.117871E-4        1.009808
        3.478000           0.152868E-4        1.011165           0.117876E-4        1.009808
        3.480000           0.152877E-4        1.011165           0.117882E-4        1.009808
        3.482000           0.152885E-4        1.011166           0.117888E-4        1.009809
        3.483999           0.152894E-4        1.011166           0.117894E-4        1.009809
        3.486000           0.152903E-4        1.011166           0.117900E-4        1.009809
        3.488000           0.152911E-4        1.011167           0.117906E-4        1.009809
        3.490000           0.152920E-4        1.011167           0.117911E-4        1.009810
        3.492000           0.152928E-4        1.011167           0.117917E-4        1.009810
        3.493999           0.152937E-4        1.011168           0.117923E-4        1.009810
        3.496000           0.152946E-4        1.011168           0.117929E-4        1.009810
        3.498000           0.152954E-4        1.011168           0.117935E-4        1.009811
        3.500000           0.152963E-4        1.011168           0.117940E-4        1.009811
        3.502000           0.152971E-4        1.011169           0.117946E-4        1.009811
        3.503999           0.152980E-4        1.011169           0.117952E-4        1.009811
        3.506000           0.152988E-4        1.011169           0.117958E-4        1.009812
        3.508000           0.152997E-4        1.011170           0.117964E-4        1.009812
        3.510000           0.153006E-4        1.011170           0.117970E-4        1.009812
        3.512000           0.153014E-4        1.011170           0.117975E-4        1.009812
        3.514000           0.153023E-4        1.011171           0.117981E-4        1.009812
        3.516000           0.153031E-4        1.011171           0.117987E-4        1.009813
        3.518000           0.153040E-4        1.011171           0.117993E-4        1.009813
        3.520000           0.153049E-4        1.011171           0.117999E-4        1.009813
        3.522000           0.153057E-4        1.011172           0.118005E-4        1.009813
        3.524000           0.153066E-4        1.011172           0.118010E-4        1.009814
        3.526000           0.153074E-4        1.011172           0.118016E-4        1.009814
        3.528000           0.153083E-4        1.011173           0.118022E-4        1.009814
        3.530000           0.153092E-4        1.011173           0.118028E-4        1.009814
        3.532000           0.153100E-4        1.011173           0.118034E-4        1.009815
        3.534000           0.153109E-4        1.011174           0.118040E-4        1.009815
        3.536000           0.153117E-4        1.011174           0.118045E-4        1.009815
        3.538000           0.153126E-4        1.011174           0.118051E-4        1.009815
        3.540000           0.153135E-4        1.011175           0.118057E-4        1.009815
        3.542000           0.153143E-4        1.011175           0.118063E-4        1.009816
        3.544000           0.153152E-4        1.011175           0.118069E-4        1.009816
        3.546000           0.153160E-4        1.011175           0.118075E-4        1.009816
        3.548000           0.153169E-4        1.011176           0.118080E-4        1.009816
        3.550000           0.153178E-4        1.011176           0.118086E-4        1.009817
        3.552000           0.153186E-4        1.011176           0.118092E-4        1.009817
        3.554000           0.153195E-4        1.011177           0.118098E-4        1.009817
        3.556000           0.153204E-4        1.011177           0.118104E-4        1.009817
        3.558000           0.153212E-4        1.011177           0.118110E-4        1.009818
        3.560000           0.153221E-4        1.011178           0.118115E-4        1.009818
        3.562000           0.153229E-4        1.011178           0.118121E-4        1.009818
        3.564000           0.153238E-4        1.011178           0.118127E-4        1.009818
        3.566000           0.153247E-4        1.011178           0.118133E-4        1.009819
        3.568000           0.153255E-4        1.011179           0.118139E-4        1.009819
        3.570000           0.153264E-4        1.011179           0.118144E-4        1.009819
        3.572000           0.153272E-4        1.011179           0.118150E-4        1.009819
        3.574000           0.153281E-4        1.011180           0.118156E-4        1.009820
        3.576000           0.153290E-4        1.011180           0.118162E-4        1.009820
        3.578000           0.153298E-4        1.011180           0.118168E-4        1.009820
        3.580000           0.153307E-4        1.011181           0.118174E-4        1.009820
        3.582000           0.153315E-4        1.011181           0.118180E-4        1.009820
        3.584000           0.153324E-4        1.011181           0.118185E-4        1.009821
        3.586000           0.153333E-4        1.011182           0.118191E-4        1.009821
        3.588000           0.153341E-4        1.011182           0.118197E-4        1.009821
        3.590000           0.153350E-4        1.011182           0.118203E-4        1.009821
        3.592000           0.153359E-4        1.011182           0.118209E-4        1.009822
        3.594000           0.153367E-4        1.011183           0.118215E-4        1.009822
        3.596000           0.153376E-4        1.011183           0.118220E-4        1.009822
        3.598000           0.153384E-4        1.011183           0.118226E-4        1.009822
        3.600000           0.153393E-4        1.011184           0.118232E-4        1.009823
        3.602000           0.153402E-4        1.011184           0.118238E-4        1.009823
        3.604000           0.153410E-4        1.011184           0.118244E-4        1.009823
        3.605999           0.153419E-4        1.011185           0.118250E-4        1.009823
        3.608000           0.153428E-4        1.011185           0.118255E-4        1.009824
        3.610000           0.153436E-4        1.011185           0.118261E-4        1.009824
        3.612000           0.153445E-4        1.011186           0.118267E-4        1.009824
        3.614000           0.153453E-4        1.011186           0.118273E-4        1.009824
        3.615999           0.153462E-4        1.011186           0.118279E-4        1.009825
        3.618000           0.153471E-4        1.011186           0.118285E-4        1.009825
        3.620000           0.153479E-4        1.011187           0.118290E-4        1.009825
        3.622000           0.153488E-4        1.011187           0.118296E-4        1.009825
        3.624000           0.153497E-4        1.011187           0.118302E-4        1.009825
        3.625999           0.153505E-4        1.011188           0.118308E-4        1.009826
        3.628000           0.153514E-4        1.011188           0.118314E-4        1.009826
        3.630000           0.153523E-4        1.011188           0.118320E-4        1.009826
        3.632000           0.153531E-4        1.011189           0.118325E-4        1.009826
        3.634000           0.153540E-4        1.011189           0.118331E-4        1.009827
        3.636000           0.153548E-4        1.011189           0.118337E-4        1.009827
        3.638000           0.153557E-4        1.011190           0.118343E-4        1.009827
        3.640000           0.153566E-4        1.011190           0.118349E-4        1.009827
        3.642000           0.153574E-4        1.011190           0.118355E-4        1.009827
        3.644000           0.153583E-4        1.011190           0.118361E-4        1.009828
        3.646000           0.153592E-4        1.011191           0.118367E-4        1.009828
        3.648000           0.153600E-4        1.011191           0.118372E-4        1.009828
        3.650000           0.153609E-4        1.011191           0.118378E-4        1.009828
        3.652000           0.153618E-4        1.011192           0.118384E-4        1.009829
        3.654000           0.153626E-4        1.011192           0.118390E-4        1.009829
        3.656000           0.153635E-4        1.011192           0.118396E-4        1.009829
        3.658000           0.153643E-4        1.011193           0.118402E-4        1.009829
        3.660000           0.153652E-4        1.011193           0.118408E-4        1.009830
        3.662000           0.153661E-4        1.011193           0.118413E-4        1.009830
        3.664000           0.153669E-4        1.011194           0.118419E-4        1.009830
        3.666000           0.153678E-4        1.011194           0.118425E-4        1.009830
        3.668000           0.153687E-4        1.011194           0.118431E-4        1.009831
        3.670000           0.153695E-4        1.011194           0.118437E-4        1.009831
        3.672000           0.153704E-4        1.011195           0.118443E-4        1.009831
        3.674000           0.153713E-4        1.011195           0.118448E-4        1.009831
        3.676000           0.153721E-4        1.011195           0.118454E-4        1.009832
        3.678000           0.153730E-4        1.011196           0.118460E-4        1.009832
        3.680000           0.153739E-4        1.011196           0.118466E-4        1.009832
        3.682000           0.153747E-4        1.011196           0.118472E-4        1.009832
        3.684000           0.153756E-4        1.011197           0.118478E-4        1.009833
        3.686000           0.153765E-4        1.011197           0.118484E-4        1.009833
        3.688000           0.153773E-4        1.011197           0.118490E-4        1.009833
        3.690000           0.153782E-4        1.011198           0.118495E-4        1.009833
        3.692000           0.153791E-4        1.011198           0.118501E-4        1.009833
        3.694000           0.153799E-4        1.011198           0.118507E-4        1.009834
        3.696000           0.153808E-4        1.011198           0.118513E-4        1.009834
        3.698000           0.153817E-4        1.011199           0.118519E-4        1.009834
        3.700000           0.153825E-4        1.011199           0.118525E-4        1.009834
        3.702000           0.153834E-4        1.011199           0.118531E-4        1.009835
        3.704000           0.153843E-4        1.011200           0.118536E-4        1.009835
        3.706000           0.153851E-4        1.011200           0.118542E-4        1.009835
        3.708000           0.153860E-4        1.011200           0.118548E-4        1.009835
        3.710000           0.153869E-4        1.011201           0.118554E-4        1.009836
        3.712000           0.153877E-4        1.011201           0.118560E-4        1.009836
        3.714000           0.153886E-4        1.011201           0.118566E-4        1.009836
        3.716000           0.153895E-4        1.011202           0.118572E-4        1.009836
        3.717999           0.153903E-4        1.011202           0.118578E-4        1.009837
        3.720000           0.153912E-4        1.011202           0.118583E-4        1.009837
        3.722000           0.153921E-4        1.011202           0.118589E-4        1.009837
        3.724000           0.153929E-4        1.011203           0.118595E-4        1.009837
        3.726000           0.153938E-4        1.011203           0.118601E-4        1.009838
        3.727999           0.153947E-4        1.011203           0.118607E-4        1.009838
        3.730000           0.153955E-4        1.011204           0.118613E-4        1.009838
        3.732000           0.153964E-4        1.011204           0.118618E-4        1.009838
        3.734000           0.153973E-4        1.011204           0.118624E-4        1.009838
        3.736000           0.153981E-4        1.011205           0.118630E-4        1.009839
        3.737999           0.153990E-4        1.011205           0.118636E-4        1.009839
        3.740000           0.153999E-4        1.011205           0.118642E-4        1.009839
        3.742000           0.154007E-4        1.011206           0.118648E-4        1.009839
        3.744000           0.154016E-4        1.011206           0.118654E-4        1.009840
        3.746000           0.154025E-4        1.011206           0.118660E-4        1.009840
        3.748000           0.154033E-4        1.011207           0.118666E-4        1.009840
        3.750000           0.154042E-4        1.011207           0.118671E-4        1.009840
        3.752000           0.154051E-4        1.011207           0.118677E-4        1.009841
        3.754000           0.154059E-4        1.011207           0.118683E-4        1.009841
        3.756000           0.154068E-4        1.011208           0.118689E-4        1.009841
        3.758000           0.154077E-4        1.011208           0.118695E-4        1.009841
        3.760000           0.154085E-4        1.011208           0.118701E-4        1.009842
        3.762000           0.154094E-4        1.011209           0.118707E-4        1.009842
        3.764000           0.154103E-4        1.011209           0.118713E-4        1.009842
        3.766000           0.154112E-4        1.011209           0.118718E-4        1.009842
        3.768000           0.154120E-4        1.011209           0.118724E-4        1.009843
        3.770000           0.154129E-4        1.011210           0.118730E-4        1.009843
        3.772000           0.154138E-4        1.011210           0.118736E-4        1.009843
        3.774000           0.154146E-4        1.011210           0.118742E-4        1.009843
        3.776000           0.154155E-4        1.011211           0.118748E-4        1.009843
        3.778000           0.154164E-4        1.011211           0.118754E-4        1.009844
        3.780000           0.154172E-4        1.011211           0.118760E-4        1.009844
        3.782000           0.154181E-4        1.011212           0.118766E-4        1.009844
        3.784000           0.154190E-4        1.011212           0.118771E-4        1.009844
        3.786000           0.154198E-4        1.011212           0.118777E-4        1.009845
        3.788000           0.154207E-4        1.011213           0.118783E-4        1.009845
        3.790000           0.154216E-4        1.011213           0.118789E-4        1.009845
        3.792000           0.154225E-4        1.011213           0.118795E-4        1.009845
        3.794000           0.154233E-4        1.011214           0.118801E-4        1.009846
        3.796000           0.154242E-4        1.011214           0.118807E-4        1.009846
        3.798000           0.154251E-4        1.011214           0.118813E-4        1.009846
        3.800000           0.154259E-4        1.011214           0.118818E-4        1.009846
        3.802000           0.154268E-4        1.011215           0.118824E-4        1.009847
        3.804000           0.154277E-4        1.011215           0.118830E-4        1.009847
        3.806000           0.154285E-4        1.011215           0.118836E-4        1.009847
        3.808000           0.154294E-4        1.011216           0.118842E-4        1.009847
        3.810000           0.154303E-4        1.011216           0.118848E-4        1.009848
        3.812000           0.154312E-4        1.011216           0.118854E-4        1.009848
        3.814000           0.154320E-4        1.011217           0.118860E-4        1.009848
        3.816000           0.154329E-4        1.011217           0.118866E-4        1.009848
        3.818000           0.154338E-4        1.011217           0.118871E-4        1.009848
        3.820000           0.154346E-4        1.011218           0.118877E-4        1.009849
        3.822000           0.154355E-4        1.011218           0.118883E-4        1.009849
        3.824000           0.154364E-4        1.011218           0.118889E-4        1.009849
        3.826000           0.154372E-4        1.011218           0.118895E-4        1.009849
        3.828000           0.154381E-4        1.011219           0.118901E-4        1.009850
        3.830000           0.154390E-4        1.011219           0.118907E-4        1.009850
        3.832000           0.154399E-4        1.011219           0.118913E-4        1.009850
        3.834000           0.154407E-4        1.011220           0.118919E-4        1.009850
        3.836000           0.154416E-4        1.011220           0.118924E-4        1.009851
        3.838000           0.154425E-4        1.011220           0.118930E-4        1.009851
        3.839999           0.154433E-4        1.011221           0.118936E-4        1.009851
        3.842000           0.154442E-4        1.011221           0.118942E-4        1.009851
        3.844000           0.154451E-4        1.011221           0.118948E-4        1.009851
        3.846000           0.154460E-4        1.011222           0.118954E-4        1.009852
        3.848000           0.154468E-4        1.011222           0.118960E-4        1.009852
        3.849999           0.154477E-4        1.011222           0.118966E-4        1.009852
        3.852000           0.154486E-4        1.011222           0.118972E-4        1.009852
        3.854000           0.154494E-4        1.011223           0.118977E-4        1.009853
        3.856000           0.154503E-4        1.011223           0.118983E-4        1.009853
        3.858000           0.154512E-4        1.011223           0.118989E-4        1.009853
        3.860000           0.154521E-4        1.011224           0.118995E-4        1.009853
        3.862000           0.154529E-4        1.011224           0.119001E-4        1.009854
        3.864000           0.154538E-4        1.011224           0.119007E-4        1.009854
        3.866000           0.154547E-4        1.011225           0.119013E-4        1.009854
        3.868000           0.154556E-4        1.011225           0.119019E-4        1.009854
        3.870000           0.154564E-4        1.011225           0.119025E-4        1.009855
        3.872000           0.154573E-4        1.011226           0.119031E-4        1.009855
        3.874000           0.154582E-4        1.011226           0.119037E-4        1.009855
        3.876000           0.154590E-4        1.011226           0.119042E-4        1.009855
        3.878000           0.154599E-4        1.011227           0.119048E-4        1.009856
        3.880000           0.154608E-4        1.011227           0.119054E-4        1.009856
        3.882000           0.154617E-4        1.011227           0.119060E-4        1.009856
        3.884000           0.154625E-4        1.011227           0.119066E-4        1.009856
        3.886000           0.154634E-4        1.011228           0.119072E-4        1.009856
        3.888000           0.154643E-4        1.011228           0.119078E-4        1.009857
        3.890000           0.154652E-4        1.011228           0.119084E-4        1.009857
        3.892000           0.154660E-4        1.011229           0.119090E-4        1.009857
        3.894000           0.154669E-4        1.011229           0.119096E-4        1.009857
        3.896000           0.154678E-4        1.011229           0.119102E-4        1.009858
        3.898000           0.154686E-4        1.011230           0.119108E-4        1.009858
        3.900000           0.154695E-4        1.011230           0.119113E-4        1.009858
        3.902000           0.154704E-4        1.011230           0.119119E-4        1.009858
        3.904000           0.154713E-4        1.011231           0.119125E-4        1.009859
        3.906000           0.154721E-4        1.011231           0.119131E-4        1.009859
        3.908000           0.154730E-4        1.011231           0.119137E-4        1.009859
        3.910000           0.154739E-4        1.011231           0.119143E-4        1.009859
        3.912000           0.154748E-4        1.011232           0.119149E-4        1.009860
        3.914000           0.154756E-4        1.011232           0.119155E-4        1.009860
        3.916000           0.154765E-4        1.011232           0.119161E-4        1.009860
        3.918000           0.154774E-4        1.011233           0.119167E-4        1.009860
        3.920000           0.154783E-4        1.011233           0.119172E-4        1.009861
        3.922000           0.154791E-4        1.011233           0.119178E-4        1.009861
        3.924000           0.154800E-4        1.011234           0.119184E-4        1.009861
        3.926000           0.154809E-4        1.011234           0.119190E-4        1.009861
        3.928000           0.154818E-4        1.011234           0.119196E-4        1.009861
        3.930000           0.154826E-4        1.011235           0.119202E-4        1.009862
        3.932000           0.154835E-4        1.011235           0.119208E-4        1.009862
        3.934000           0.154844E-4        1.011235           0.119214E-4        1.009862
        3.936000           0.154853E-4        1.011235           0.119220E-4        1.009862
        3.938000           0.154861E-4        1.011236           0.119226E-4        1.009863
        3.940000           0.154870E-4        1.011236           0.119232E-4        1.009863
        3.942000           0.154879E-4        1.011236           0.119237E-4        1.009863
        3.944000           0.154888E-4        1.011237           0.119243E-4        1.009863
        3.946000           0.154896E-4        1.011237           0.119249E-4        1.009864
        3.948000           0.154905E-4        1.011237           0.119255E-4        1.009864
        3.950000           0.154914E-4        1.011238           0.119261E-4        1.009864
        3.951999           0.154923E-4        1.011238           0.119267E-4        1.009864
        3.954000           0.154931E-4        1.011238           0.119273E-4        1.009865
        3.956000           0.154940E-4        1.011239           0.119279E-4        1.009865
        3.958000           0.154949E-4        1.011239           0.119285E-4        1.009865
        3.960000           0.154958E-4        1.011239           0.119291E-4        1.009865
        3.961999           0.154966E-4        1.011240           0.119297E-4        1.009866
        3.964000           0.154975E-4        1.011240           0.119303E-4        1.009866
        3.966000           0.154984E-4        1.011240           0.119309E-4        1.009866
        3.968000           0.154993E-4        1.011240           0.119315E-4        1.009866
        3.970000           0.155002E-4        1.011241           0.119320E-4        1.009866
        3.972000           0.155010E-4        1.011241           0.119326E-4        1.009867
        3.974000           0.155019E-4        1.011241           0.119332E-4        1.009867
        3.976000           0.155028E-4        1.011242           0.119338E-4        1.009867
        3.978000           0.155037E-4        1.011242           0.119344E-4        1.009867
        3.980000           0.155045E-4        1.011242           0.119350E-4        1.009868
        3.982000           0.155054E-4        1.011243           0.119356E-4        1.009868
        3.984000           0.155063E-4        1.011243           0.119362E-4        1.009868
        3.986000           0.155072E-4        1.011243           0.119368E-4        1.009868
        3.988000           0.155080E-4        1.011244           0.119374E-4        1.009869
        3.990000           0.155089E-4        1.011244           0.119380E-4        1.009869
        3.992000           0.155098E-4        1.011244           0.119386E-4        1.009869
        3.994000           0.155107E-4        1.011245           0.119391E-4        1.009869
        3.996000           0.155116E-4        1.011245           0.119397E-4        1.009870
        3.998000           0.155124E-4        1.011245           0.119403E-4        1.009870
        4.000000           0.155133E-4        1.011245           0.119409E-4        1.009870
        4.002000           0.155142E-4        1.011246           0.119415E-4        1.009870
        4.004000           0.155151E-4        1.011246           0.119421E-4        1.009871
        4.006000           0.155159E-4        1.011246           0.119427E-4        1.009871
        4.008000           0.155168E-4        1.011247           0.119433E-4        1.009871
        4.010000           0.155177E-4        1.011247           0.119439E-4        1.009871
        4.012000           0.155186E-4        1.011247           0.119445E-4        1.009871
        4.013999           0.155194E-4        1.011248           0.119451E-4        1.009872
        4.016000           0.155203E-4        1.011248           0.119457E-4        1.009872
        4.018000           0.155212E-4        1.011248           0.119463E-4        1.009872
        4.020000           0.155221E-4        1.011248           0.119469E-4        1.009872
        4.022000           0.155230E-4        1.011249           0.119475E-4        1.009873
        4.024000           0.155238E-4        1.011249           0.119481E-4        1.009873
        4.026000           0.155247E-4        1.011249           0.119487E-4        1.009873
        4.028000           0.155256E-4        1.011250           0.119492E-4        1.009873
        4.030000           0.155265E-4        1.011250           0.119498E-4        1.009874
        4.032000           0.155274E-4        1.011250           0.119504E-4        1.009874
        4.033999           0.155282E-4        1.011251           0.119510E-4        1.009874
        4.036000           0.155291E-4        1.011251           0.119516E-4        1.009874
        4.038000           0.155300E-4        1.011251           0.119522E-4        1.009875
        4.040000           0.155309E-4        1.011252           0.119528E-4        1.009875
        4.042000           0.155317E-4        1.011252           0.119534E-4        1.009875
        4.044000           0.155326E-4        1.011252           0.119540E-4        1.009875
        4.046000           0.155335E-4        1.011253           0.119546E-4        1.009876
        4.048000           0.155344E-4        1.011253           0.119552E-4        1.009876
        4.050000           0.155353E-4        1.011253           0.119558E-4        1.009876
        4.052000           0.155361E-4        1.011253           0.119564E-4        1.009876
        4.053999           0.155370E-4        1.011254           0.119570E-4        1.009877
        4.056000           0.155379E-4        1.011254           0.119576E-4        1.009877
        4.058000           0.155388E-4        1.011254           0.119581E-4        1.009877
        4.060000           0.155397E-4        1.011255           0.119587E-4        1.009877
        4.062000           0.155405E-4        1.011255           0.119593E-4        1.009878
        4.064000           0.155414E-4        1.011255           0.119599E-4        1.009878
        4.066000           0.155423E-4        1.011256           0.119605E-4        1.009878
        4.068000           0.155432E-4        1.011256           0.119611E-4        1.009878
        4.070000           0.155441E-4        1.011256           0.119617E-4        1.009879
        4.072000           0.155449E-4        1.011257           0.119623E-4        1.009879
        4.073999           0.155458E-4        1.011257           0.119629E-4        1.009879
        4.076000           0.155467E-4        1.011257           0.119635E-4        1.009879
        4.078000           0.155476E-4        1.011258           0.119641E-4        1.009879
        4.080000           0.155485E-4        1.011258           0.119647E-4        1.009880
        4.082000           0.155493E-4        1.011258           0.119653E-4        1.009880
        4.084000           0.155502E-4        1.011258           0.119659E-4        1.009880
        4.085999           0.155511E-4        1.011259           0.119665E-4        1.009880
        4.087999           0.155520E-4        1.011259           0.119671E-4        1.009881
        4.090000           0.155529E-4        1.011259           0.119677E-4        1.009881
        4.092000           0.155537E-4        1.011260           0.119683E-4        1.009881
        4.094000           0.155546E-4        1.011260           0.119689E-4        1.009881
        4.096000           0.155555E-4        1.011260           0.119695E-4        1.009882
        4.098000           0.155564E-4        1.011261           0.119700E-4        1.009882
        4.100000           0.155573E-4        1.011261           0.119706E-4        1.009882
        4.102000           0.155582E-4        1.011261           0.119712E-4        1.009882
        4.104000           0.155590E-4        1.011262           0.119718E-4        1.009883
        4.105999           0.155599E-4        1.011262           0.119724E-4        1.009883
        4.107999           0.155608E-4        1.011262           0.119730E-4        1.009883
        4.110000           0.155617E-4        1.011263           0.119736E-4        1.009883
        4.112000           0.155626E-4        1.011263           0.119742E-4        1.009884
        4.114000           0.155634E-4        1.011263           0.119748E-4        1.009884
        4.116000           0.155643E-4        1.011263           0.119754E-4        1.009884
        4.118000           0.155652E-4        1.011264           0.119760E-4        1.009884
        4.120000           0.155661E-4        1.011264           0.119766E-4        1.009884
        4.122000           0.155670E-4        1.011264           0.119772E-4        1.009885
        4.124000           0.155679E-4        1.011265           0.119778E-4        1.009885
        4.125999           0.155687E-4        1.011265           0.119784E-4        1.009885
        4.128000           0.155696E-4        1.011265           0.119790E-4        1.009885
        4.130000           0.155705E-4        1.011266           0.119796E-4        1.009886
        4.131999           0.155714E-4        1.011266           0.119802E-4        1.009886
        4.134000           0.155723E-4        1.011266           0.119808E-4        1.009886
        4.136000           0.155731E-4        1.011267           0.119814E-4        1.009886
        4.138000           0.155740E-4        1.011267           0.119820E-4        1.009887
        4.140000           0.155749E-4        1.011267           0.119826E-4        1.009887
        4.142000           0.155758E-4        1.011267           0.119832E-4        1.009887
        4.144000           0.155767E-4        1.011268           0.119838E-4        1.009887
        4.145999           0.155776E-4        1.011268           0.119844E-4        1.009888
        4.148000           0.155785E-4        1.011268           0.119849E-4        1.009888
        4.150000           0.155793E-4        1.011269           0.119856E-4        1.009888
        4.151999           0.155802E-4        1.011269           0.119861E-4        1.009888
        4.154000           0.155811E-4        1.011269           0.119867E-4        1.009889
        4.156000           0.155820E-4        1.011270           0.119873E-4        1.009889
        4.158000           0.155829E-4        1.011270           0.119879E-4        1.009889
        4.160000           0.155837E-4        1.011270           0.119885E-4        1.009889
        4.162000           0.155846E-4        1.011271           0.119891E-4        1.009889
        4.164000           0.155855E-4        1.011271           0.119897E-4        1.009890
        4.165999           0.155864E-4        1.011271           0.119903E-4        1.009890
        4.168000           0.155873E-4        1.011271           0.119909E-4        1.009890
        4.170000           0.155882E-4        1.011272           0.119915E-4        1.009890
        4.172000           0.155891E-4        1.011272           0.119921E-4        1.009891
        4.174000           0.155899E-4        1.011272           0.119927E-4        1.009891
        4.176000           0.155908E-4        1.011273           0.119933E-4        1.009891
        4.178000           0.155917E-4        1.011273           0.119939E-4        1.009891
        4.180000           0.155926E-4        1.011273           0.119945E-4        1.009892
        4.182000           0.155935E-4        1.011274           0.119951E-4        1.009892
        4.184000           0.155944E-4        1.011274           0.119957E-4        1.009892
        4.185999           0.155952E-4        1.011274           0.119963E-4        1.009892
        4.188000           0.155961E-4        1.011275           0.119969E-4        1.009893
        4.190000           0.155970E-4        1.011275           0.119975E-4        1.009893
        4.192000           0.155979E-4        1.011275           0.119981E-4        1.009893
        4.194000           0.155988E-4        1.011276           0.119987E-4        1.009893
        4.196000           0.155997E-4        1.011276           0.119993E-4        1.009894
        4.198000           0.156006E-4        1.011276           0.119999E-4        1.009894
        4.199999           0.156014E-4        1.011276           0.120005E-4        1.009894
        4.202000           0.156023E-4        1.011277           0.120011E-4        1.009894
        4.204000           0.156032E-4        1.011277           0.120017E-4        1.009894
        4.206000           0.156041E-4        1.011277           0.120023E-4        1.009895
        4.208000           0.156050E-4        1.011278           0.120029E-4        1.009895
        4.210000           0.156059E-4        1.011278           0.120035E-4        1.009895
        4.212000           0.156068E-4        1.011278           0.120041E-4        1.009895
        4.214000           0.156076E-4        1.011279           0.120047E-4        1.009896
        4.216000           0.156085E-4        1.011279           0.120053E-4        1.009896
        4.217999           0.156094E-4        1.011279           0.120059E-4        1.009896
        4.219999           0.156103E-4        1.011280           0.120065E-4        1.009896
        4.222000           0.156112E-4        1.011280           0.120071E-4        1.009897
        4.224000           0.156121E-4        1.011280           0.120077E-4        1.009897
        4.226000           0.156130E-4        1.011281           0.120082E-4        1.009897
        4.228000           0.156138E-4        1.011281           0.120088E-4        1.009897
        4.230000           0.156147E-4        1.011281           0.120094E-4        1.009898
        4.232000           0.156156E-4        1.011281           0.120100E-4        1.009898
        4.234000           0.156165E-4        1.011282           0.120106E-4        1.009898
        4.236000           0.156174E-4        1.011282           0.120112E-4        1.009898
        4.237999           0.156183E-4        1.011282           0.120118E-4        1.009899
        4.240000           0.156192E-4        1.011283           0.120124E-4        1.009899
        4.242000           0.156200E-4        1.011283           0.120130E-4        1.009899
        4.243999           0.156209E-4        1.011283           0.120136E-4        1.009899
        4.246000           0.156218E-4        1.011284           0.120142E-4        1.009900
        4.248000           0.156227E-4        1.011284           0.120148E-4        1.009900
        4.250000           0.156236E-4        1.011284           0.120154E-4        1.009900
        4.252000           0.156245E-4        1.011285           0.120160E-4        1.009900
        4.254000           0.156254E-4        1.011285           0.120166E-4        1.009901
        4.256000           0.156263E-4        1.011285           0.120172E-4        1.009901
        4.257999           0.156271E-4        1.011286           0.120178E-4        1.009901
        4.260000           0.156280E-4        1.011286           0.120184E-4        1.009901
        4.262000           0.156289E-4        1.011286           0.120190E-4        1.009902
        4.263999           0.156298E-4        1.011286           0.120196E-4        1.009902
        4.266000           0.156307E-4        1.011287           0.120202E-4        1.009902
        4.268000           0.156316E-4        1.011287           0.120208E-4        1.009902
        4.270000           0.156325E-4        1.011287           0.120214E-4        1.009902
        4.272000           0.156334E-4        1.011288           0.120220E-4        1.009903
        4.274000           0.156342E-4        1.011288           0.120226E-4        1.009903
        4.276000           0.156351E-4        1.011288           0.120232E-4        1.009903
        4.277999           0.156360E-4        1.011289           0.120238E-4        1.009903
        4.280000           0.156369E-4        1.011289           0.120244E-4        1.009904
        4.282000           0.156378E-4        1.011289           0.120250E-4        1.009904
        4.284000           0.156387E-4        1.011290           0.120256E-4        1.009904
        4.286000           0.156396E-4        1.011290           0.120262E-4        1.009904
        4.288000           0.156405E-4        1.011290           0.120268E-4        1.009905
        4.290000           0.156413E-4        1.011291           0.120274E-4        1.009905
        4.292000           0.156422E-4        1.011291           0.120280E-4        1.009905
        4.294000           0.156431E-4        1.011291           0.120286E-4        1.009905
        4.296000           0.156440E-4        1.011292           0.120292E-4        1.009906
        4.297999           0.156449E-4        1.011292           0.120298E-4        1.009906
        4.300000           0.156458E-4        1.011292           0.120304E-4        1.009906
        4.302000           0.156467E-4        1.011292           0.120310E-4        1.009906
        4.304000           0.156476E-4        1.011293           0.120316E-4        1.009907
        4.306000           0.156485E-4        1.011293           0.120322E-4        1.009907
        4.308000           0.156494E-4        1.011293           0.120328E-4        1.009907
        4.310000           0.156502E-4        1.011294           0.120334E-4        1.009907
        4.311999           0.156511E-4        1.011294           0.120340E-4        1.009907
        4.314000           0.156520E-4        1.011294           0.120346E-4        1.009908
        4.316000           0.156529E-4        1.011295           0.120352E-4        1.009908
        4.318000           0.156538E-4        1.011295           0.120358E-4        1.009908
        4.320000           0.156547E-4        1.011295           0.120364E-4        1.009908
        4.322000           0.156556E-4        1.011296           0.120370E-4        1.009909
        4.324000           0.156565E-4        1.011296           0.120376E-4        1.009909
        4.326000           0.156574E-4        1.011296           0.120382E-4        1.009909
        4.328000           0.156582E-4        1.011297           0.120388E-4        1.009909
        4.329999           0.156591E-4        1.011297           0.120394E-4        1.009910
        4.331999           0.156600E-4        1.011297           0.120400E-4        1.009910
        4.334000           0.156609E-4        1.011297           0.120406E-4        1.009910
        4.335999           0.156618E-4        1.011298           0.120412E-4        1.009910
        4.338000           0.156627E-4        1.011298           0.120418E-4        1.009911
        4.340000           0.156636E-4        1.011298           0.120424E-4        1.009911
        4.342000           0.156645E-4        1.011299           0.120430E-4        1.009911
        4.344000           0.156654E-4        1.011299           0.120436E-4        1.009911
        4.346000           0.156663E-4        1.011299           0.120442E-4        1.009912
        4.348000           0.156671E-4        1.011300           0.120448E-4        1.009912
        4.349999           0.156680E-4        1.011300           0.120454E-4        1.009912
        4.352000           0.156689E-4        1.011300           0.120460E-4        1.009912
        4.354000           0.156698E-4        1.011301           0.120466E-4        1.009913
        4.355999           0.156707E-4        1.011301           0.120472E-4        1.009913
        4.358000           0.156716E-4        1.011301           0.120478E-4        1.009913
        4.360000           0.156725E-4        1.011302           0.120484E-4        1.009913
        4.362000           0.156734E-4        1.011302           0.120490E-4        1.009914
        4.364000           0.156743E-4        1.011302           0.120496E-4        1.009914
        4.366000           0.156752E-4        1.011302           0.120502E-4        1.009914
        4.368000           0.156761E-4        1.011303           0.120508E-4        1.009914
        4.369999           0.156770E-4        1.011303           0.120514E-4        1.009915
        4.372000           0.156778E-4        1.011303           0.120520E-4        1.009915
        4.374000           0.156787E-4        1.011304           0.120526E-4        1.009915
        4.375999           0.156796E-4        1.011304           0.120532E-4        1.009915
        4.378000           0.156805E-4        1.011304           0.120538E-4        1.009915
        4.380000           0.156814E-4        1.011305           0.120545E-4        1.009916
        4.382000           0.156823E-4        1.011305           0.120550E-4        1.009916
        4.384000           0.156832E-4        1.011305           0.120556E-4        1.009916
        4.386000           0.156841E-4        1.011306           0.120563E-4        1.009916
        4.388000           0.156850E-4        1.011306           0.120569E-4        1.009917
        4.389999           0.156859E-4        1.011306           0.120575E-4        1.009917
        4.392000           0.156868E-4        1.011307           0.120581E-4        1.009917
        4.394000           0.156877E-4        1.011307           0.120587E-4        1.009917
        4.396000           0.156886E-4        1.011307           0.120593E-4        1.009918
        4.398000           0.156894E-4        1.011307           0.120599E-4        1.009918
        4.400000           0.156903E-4        1.011308           0.120605E-4        1.009918
        4.402000           0.156912E-4        1.011308           0.120611E-4        1.009918
        4.404000           0.156921E-4        1.011308           0.120617E-4        1.009919
        4.406000           0.156930E-4        1.011309           0.120623E-4        1.009919
        4.408000           0.156939E-4        1.011309           0.120629E-4        1.009919
        4.409999           0.156948E-4        1.011309           0.120635E-4        1.009919
        4.412000           0.156957E-4        1.011310           0.120641E-4        1.009920
        4.414000           0.156966E-4        1.011310           0.120647E-4        1.009920
        4.416000           0.156975E-4        1.011310           0.120653E-4        1.009920
        4.418000           0.156984E-4        1.011311           0.120659E-4        1.009920
        4.420000           0.156993E-4        1.011311           0.120665E-4        1.009920
        4.422000           0.157002E-4        1.011311           0.120671E-4        1.009921
        4.423999           0.157011E-4        1.011312           0.120677E-4        1.009921
        4.426000           0.157020E-4        1.011312           0.120683E-4        1.009921
        4.427999           0.157028E-4        1.011312           0.120689E-4        1.009921
        4.430000           0.157037E-4        1.011312           0.120695E-4        1.009922
        4.432000           0.157046E-4        1.011313           0.120701E-4        1.009922
        4.434000           0.157055E-4        1.011313           0.120707E-4        1.009922
        4.436000           0.157064E-4        1.011313           0.120713E-4        1.009922
        4.438000           0.157073E-4        1.011314           0.120719E-4        1.009923
        4.440000           0.157082E-4        1.011314           0.120725E-4        1.009923
        4.441999           0.157091E-4        1.011314           0.120731E-4        1.009923
        4.443999           0.157100E-4        1.011315           0.120737E-4        1.009923
        4.446000           0.157109E-4        1.011315           0.120743E-4        1.009924
        4.447999           0.157118E-4        1.011315           0.120749E-4        1.009924
        4.450000           0.157127E-4        1.011316           0.120755E-4        1.009924
        4.452000           0.157136E-4        1.011316           0.120761E-4        1.009924
        4.454000           0.157145E-4        1.011316           0.120767E-4        1.009925
        4.456000           0.157154E-4        1.011317           0.120774E-4        1.009925
        4.458000           0.157163E-4        1.011317           0.120780E-4        1.009925
        4.460000           0.157172E-4        1.011317           0.120786E-4        1.009925
        4.461999           0.157181E-4        1.011317           0.120792E-4        1.009926
        4.464000           0.157189E-4        1.011318           0.120798E-4        1.009926
        4.466000           0.157198E-4        1.011318           0.120804E-4        1.009926
        4.467999           0.157207E-4        1.011318           0.120810E-4        1.009926
        4.470000           0.157216E-4        1.011319           0.120816E-4        1.009927
        4.472000           0.157225E-4        1.011319           0.120822E-4        1.009927
        4.474000           0.157234E-4        1.011319           0.120828E-4        1.009927
        4.476000           0.157243E-4        1.011320           0.120834E-4        1.009927
        4.478000           0.157252E-4        1.011320           0.120840E-4        1.009928
        4.480000           0.157261E-4        1.011320           0.120846E-4        1.009928
        4.481999           0.157270E-4        1.011321           0.120852E-4        1.009928
        4.484000           0.157279E-4        1.011321           0.120858E-4        1.009928
        4.486000           0.157288E-4        1.011321           0.120864E-4        1.009928
        4.487999           0.157297E-4        1.011322           0.120870E-4        1.009929
        4.490000           0.157306E-4        1.011322           0.120876E-4        1.009929
        4.492000           0.157315E-4        1.011322           0.120882E-4        1.009929
        4.494000           0.157324E-4        1.011323           0.120888E-4        1.009929
        4.496000           0.157333E-4        1.011323           0.120894E-4        1.009930
        4.498000           0.157342E-4        1.011323           0.120900E-4        1.009930
        4.500000           0.157351E-4        1.011324           0.120906E-4        1.009930
        4.501999           0.157360E-4        1.011324           0.120912E-4        1.009930
        4.504000           0.157369E-4        1.011324           0.120919E-4        1.009931
        4.506000           0.157378E-4        1.011325           0.120925E-4        1.009931
        4.508000           0.157387E-4        1.011325           0.120931E-4        1.009931
        4.510000           0.157396E-4        1.011325           0.120937E-4        1.009931
        4.512000           0.157405E-4        1.011325           0.120943E-4        1.009932
        4.514000           0.157414E-4        1.011326           0.120949E-4        1.009932
        4.516000           0.157423E-4        1.011326           0.120955E-4        1.009932
        4.518000           0.157432E-4        1.011326           0.120961E-4        1.009932
        4.520000           0.157441E-4        1.011327           0.120967E-4        1.009933
        4.521999           0.157449E-4        1.011327           0.120973E-4        1.009933
        4.524000           0.157458E-4        1.011327           0.120979E-4        1.009933
        4.526000           0.157467E-4        1.011328           0.120985E-4        1.009933
        4.528000           0.157476E-4        1.011328           0.120991E-4        1.009934
        4.530000           0.157485E-4        1.011328           0.120997E-4        1.009934
        4.532000           0.157494E-4        1.011329           0.121003E-4        1.009934
        4.534000           0.157503E-4        1.011329           0.121009E-4        1.009934
        4.535999           0.157512E-4        1.011329           0.121015E-4        1.009935
        4.538000           0.157521E-4        1.011330           0.121021E-4        1.009935
        4.539999           0.157530E-4        1.011330           0.121027E-4        1.009935
        4.542000           0.157539E-4        1.011330           0.121033E-4        1.009935
        4.544000           0.157548E-4        1.011330           0.121040E-4        1.009935
        4.546000           0.157557E-4        1.011331           0.121046E-4        1.009936
        4.548000           0.157566E-4        1.011331           0.121052E-4        1.009936
        4.550000           0.157575E-4        1.011331           0.121058E-4        1.009936
        4.552000           0.157584E-4        1.011332           0.121064E-4        1.009936
        4.553999           0.157593E-4        1.011332           0.121070E-4        1.009937
        4.555999           0.157602E-4        1.011332           0.121076E-4        1.009937
        4.558000           0.157611E-4        1.011333           0.121082E-4        1.009937
        4.559999           0.157620E-4        1.011333           0.121088E-4        1.009937
        4.562000           0.157629E-4        1.011333           0.121094E-4        1.009938
        4.564000           0.157638E-4        1.011334           0.121100E-4        1.009938
        4.566000           0.157647E-4        1.011334           0.121106E-4        1.009938
        4.568000           0.157656E-4        1.011334           0.121112E-4        1.009938
        4.570000           0.157665E-4        1.011335           0.121118E-4        1.009939
        4.572000           0.157674E-4        1.011335           0.121124E-4        1.009939
        4.573999           0.157683E-4        1.011335           0.121130E-4        1.009939
        4.576000           0.157692E-4        1.011335           0.121136E-4        1.009939
        4.578000           0.157701E-4        1.011336           0.121143E-4        1.009940
        4.579999           0.157710E-4        1.011336           0.121149E-4        1.009940
        4.582000           0.157719E-4        1.011336           0.121155E-4        1.009940
        4.584000           0.157728E-4        1.011337           0.121161E-4        1.009940
        4.586000           0.157737E-4        1.011337           0.121167E-4        1.009941
        4.588000           0.157746E-4        1.011337           0.121173E-4        1.009941
        4.590000           0.157755E-4        1.011338           0.121179E-4        1.009941
        4.592000           0.157764E-4        1.011338           0.121185E-4        1.009941
        4.593999           0.157773E-4        1.011338           0.121191E-4        1.009942
        4.596000           0.157782E-4        1.011339           0.121197E-4        1.009942
        4.598000           0.157791E-4        1.011339           0.121203E-4        1.009942
        4.599999           0.157800E-4        1.011339           0.121209E-4        1.009942
        4.602000           0.157809E-4        1.011340           0.121215E-4        1.009943
        4.604000           0.157818E-4        1.011340           0.121221E-4        1.009943
        4.606000           0.157827E-4        1.011340           0.121228E-4        1.009943
        4.608000           0.157836E-4        1.011340           0.121234E-4        1.009943
        4.610000           0.157845E-4        1.011341           0.121240E-4        1.009943
        4.612000           0.157854E-4        1.011341           0.121246E-4        1.009944
        4.613999           0.157863E-4        1.011341           0.121252E-4        1.009944
        4.616000           0.157872E-4        1.011342           0.121258E-4        1.009944
        4.618000           0.157881E-4        1.011342           0.121264E-4        1.009944
        4.620000           0.157890E-4        1.011342           0.121270E-4        1.009945
        4.622000           0.157899E-4        1.011343           0.121276E-4        1.009945
        4.624000           0.157908E-4        1.011343           0.121282E-4        1.009945
        4.626000           0.157917E-4        1.011343           0.121288E-4        1.009945
        4.628000           0.157926E-4        1.011344           0.121294E-4        1.009946
        4.630000           0.157935E-4        1.011344           0.121300E-4        1.009946
        4.631999           0.157944E-4        1.011344           0.121306E-4        1.009946
        4.633999           0.157953E-4        1.011345           0.121313E-4        1.009946
        4.636000           0.157962E-4        1.011345           0.121319E-4        1.009947
        4.638000           0.157971E-4        1.011345           0.121325E-4        1.009947
        4.640000           0.157980E-4        1.011346           0.121331E-4        1.009947
        4.642000           0.157989E-4        1.011346           0.121337E-4        1.009947
        4.644000           0.157998E-4        1.011346           0.121343E-4        1.009948
        4.646000           0.158007E-4        1.011347           0.121349E-4        1.009948
        4.648000           0.158017E-4        1.011347           0.121355E-4        1.009948
        4.650000           0.158026E-4        1.011347           0.121361E-4        1.009948
        4.651999           0.158035E-4        1.011348           0.121367E-4        1.009949
        4.654000           0.158044E-4        1.011348           0.121373E-4        1.009949
        4.656000           0.158053E-4        1.011348           0.121379E-4        1.009949
        4.658000           0.158062E-4        1.011348           0.121385E-4        1.009949
        4.660000           0.158071E-4        1.011349           0.121391E-4        1.009950
        4.662000           0.158080E-4        1.011349           0.121398E-4        1.009950
        4.664000           0.158089E-4        1.011349           0.121404E-4        1.009950
        4.665999           0.158098E-4        1.011350           0.121410E-4        1.009950
        4.667999           0.158107E-4        1.011350           0.121416E-4        1.009951
        4.670000           0.158116E-4        1.011350           0.121422E-4        1.009951
        4.671999           0.158125E-4        1.011351           0.121428E-4        1.009951
        4.674000           0.158134E-4        1.011351           0.121434E-4        1.009951
        4.676000           0.158143E-4        1.011351           0.121440E-4        1.009951
        4.677999           0.158152E-4        1.011352           0.121446E-4        1.009952
        4.680000           0.158161E-4        1.011352           0.121452E-4        1.009952
        4.682000           0.158170E-4        1.011352           0.121458E-4        1.009952
        4.684000           0.158179E-4        1.011353           0.121465E-4        1.009952
        4.685999           0.158188E-4        1.011353           0.121471E-4        1.009953
        4.688000           0.158197E-4        1.011353           0.121477E-4        1.009953
        4.690000           0.158206E-4        1.011353           0.121483E-4        1.009953
        4.691999           0.158215E-4        1.011354           0.121489E-4        1.009953
        4.694000           0.158224E-4        1.011354           0.121495E-4        1.009954
        4.696000           0.158233E-4        1.011354           0.121501E-4        1.009954
        4.698000           0.158242E-4        1.011355           0.121507E-4        1.009954
        4.700000           0.158251E-4        1.011355           0.121513E-4        1.009954
        4.702000           0.158261E-4        1.011355           0.121519E-4        1.009955
        4.704000           0.158270E-4        1.011356           0.121525E-4        1.009955
        4.705999           0.158279E-4        1.011356           0.121532E-4        1.009955
        4.708000           0.158288E-4        1.011356           0.121538E-4        1.009955
        4.710000           0.158297E-4        1.011357           0.121544E-4        1.009956
        4.711999           0.158306E-4        1.011357           0.121550E-4        1.009956
        4.714000           0.158315E-4        1.011357           0.121556E-4        1.009956
        4.716000           0.158324E-4        1.011358           0.121562E-4        1.009956
        4.718000           0.158333E-4        1.011358           0.121568E-4        1.009957
        4.720000           0.158342E-4        1.011358           0.121574E-4        1.009957
        4.722000           0.158351E-4        1.011359           0.121580E-4        1.009957
        4.724000           0.158360E-4        1.011359           0.121586E-4        1.009957
        4.725999           0.158369E-4        1.011359           0.121592E-4        1.009958
        4.728000           0.158378E-4        1.011360           0.121599E-4        1.009958
        4.730000           0.158387E-4        1.011360           0.121605E-4        1.009958
        4.732000           0.158396E-4        1.011360           0.121611E-4        1.009958
        4.734000           0.158405E-4        1.011361           0.121617E-4        1.009959
        4.736000           0.158414E-4        1.011361           0.121623E-4        1.009959
        4.738000           0.158423E-4        1.011361           0.121629E-4        1.009959
        4.740000           0.158433E-4        1.011361           0.121635E-4        1.009959
        4.742000           0.158442E-4        1.011362           0.121641E-4        1.009960
        4.743999           0.158451E-4        1.011362           0.121647E-4        1.009960
        4.745999           0.158460E-4        1.011362           0.121654E-4        1.009960
        4.748000           0.158469E-4        1.011363           0.121660E-4        1.009960
        4.750000           0.158478E-4        1.011363           0.121666E-4        1.009961
        4.752000           0.158487E-4        1.011363           0.121672E-4        1.009961
        4.754000           0.158496E-4        1.011364           0.121678E-4        1.009961
        4.756000           0.158505E-4        1.011364           0.121684E-4        1.009961
        4.758000           0.158514E-4        1.011364           0.121690E-4        1.009961
        4.760000           0.158523E-4        1.011365           0.121696E-4        1.009962
        4.762000           0.158532E-4        1.011365           0.121702E-4        1.009962
        4.763999           0.158541E-4        1.011365           0.121708E-4        1.009962
        4.766000           0.158550E-4        1.011366           0.121715E-4        1.009962
        4.768000           0.158560E-4        1.011366           0.121721E-4        1.009963
        4.770000           0.158569E-4        1.011366           0.121727E-4        1.009963
        4.772000           0.158578E-4        1.011366           0.121733E-4        1.009963
        4.774000           0.158587E-4        1.011367           0.121739E-4        1.009963
        4.776000           0.158596E-4        1.011367           0.121745E-4        1.009964
        4.778000           0.158605E-4        1.011367           0.121751E-4        1.009964
        4.779999           0.158614E-4        1.011368           0.121757E-4        1.009964
        4.782000           0.158623E-4        1.011368           0.121763E-4        1.009964
        4.783999           0.158632E-4        1.011368           0.121770E-4        1.009965
        4.786000           0.158641E-4        1.011369           0.121776E-4        1.009965
        4.788000           0.158650E-4        1.011369           0.121782E-4        1.009965
        4.789999           0.158659E-4        1.011369           0.121788E-4        1.009965
        4.792000           0.158668E-4        1.011370           0.121794E-4        1.009966
        4.794000           0.158678E-4        1.011370           0.121800E-4        1.009966
        4.796000           0.158687E-4        1.011370           0.121806E-4        1.009966
        4.797999           0.158696E-4        1.011371           0.121812E-4        1.009966
        4.800000           0.158705E-4        1.011371           0.121819E-4        1.009967
        4.802000           0.158714E-4        1.011371           0.121825E-4        1.009967
        4.803999           0.158723E-4        1.011372           0.121831E-4        1.009967
        4.806000           0.158732E-4        1.011372           0.121837E-4        1.009967
        4.808000           0.158741E-4        1.011372           0.121843E-4        1.009968
        4.810000           0.158750E-4        1.011373           0.121849E-4        1.009968
        4.812000           0.158759E-4        1.011373           0.121855E-4        1.009968
        4.814000           0.158768E-4        1.011373           0.121861E-4        1.009968
        4.816000           0.158777E-4        1.011374           0.121867E-4        1.009969
        4.817999           0.158787E-4        1.011374           0.121874E-4        1.009969
        4.820000           0.158796E-4        1.011374           0.121880E-4        1.009969
        4.822000           0.158805E-4        1.011374           0.121886E-4        1.009969
        4.823999           0.158814E-4        1.011375           0.121892E-4        1.009969
        4.826000           0.158823E-4        1.011375           0.121898E-4        1.009970
        4.828000           0.158832E-4        1.011375           0.121904E-4        1.009970
        4.830000           0.158841E-4        1.011376           0.121910E-4        1.009970
        4.832000           0.158850E-4        1.011376           0.121916E-4        1.009971
        4.834000           0.158859E-4        1.011376           0.121923E-4        1.009971
        4.835999           0.158868E-4        1.011377           0.121929E-4        1.009971
        4.837999           0.158878E-4        1.011377           0.121935E-4        1.009971
        4.840000           0.158887E-4        1.011377           0.121941E-4        1.009971
        4.842000           0.158896E-4        1.011378           0.121947E-4        1.009972
        4.844000           0.158905E-4        1.011378           0.121953E-4        1.009972
        4.846000           0.158914E-4        1.011378           0.121959E-4        1.009972
        4.848000           0.158923E-4        1.011379           0.121965E-4        1.009972
        4.850000           0.158932E-4        1.011379           0.121972E-4        1.009973
        4.852000           0.158941E-4        1.011379           0.121978E-4        1.009973
        4.854000           0.158950E-4        1.011379           0.121984E-4        1.009973
        4.855999           0.158959E-4        1.011380           0.121990E-4        1.009973
        4.857999           0.158969E-4        1.011380           0.121996E-4        1.009974
        4.860000           0.158978E-4        1.011380           0.122002E-4        1.009974
        4.862000           0.158987E-4        1.011381           0.122008E-4        1.009974
        4.864000           0.158996E-4        1.011381           0.122014E-4        1.009974
        4.866000           0.159005E-4        1.011381           0.122021E-4        1.009975
        4.868000           0.159014E-4        1.011382           0.122027E-4        1.009975
        4.870000           0.159023E-4        1.011382           0.122033E-4        1.009975
        4.872000           0.159032E-4        1.011382           0.122039E-4        1.009975
        4.874000           0.159042E-4        1.011383           0.122045E-4        1.009976
        4.875999           0.159051E-4        1.011383           0.122051E-4        1.009976
        4.878000           0.159060E-4        1.011383           0.122057E-4        1.009976
        4.880000           0.159069E-4        1.011384           0.122064E-4        1.009976
        4.881999           0.159078E-4        1.011384           0.122070E-4        1.009977
        4.884000           0.159087E-4        1.011384           0.122076E-4        1.009977
        4.886000           0.159096E-4        1.011385           0.122082E-4        1.009977
        4.888000           0.159105E-4        1.011385           0.122088E-4        1.009977
        4.890000           0.159114E-4        1.011385           0.122094E-4        1.009978
        4.891999           0.159124E-4        1.011386           0.122100E-4        1.009978
        4.894000           0.159133E-4        1.011386           0.122106E-4        1.009978
        4.895999           0.159142E-4        1.011386           0.122113E-4        1.009978
        4.898000           0.159151E-4        1.011387           0.122119E-4        1.009979
        4.900000           0.159160E-4        1.011387           0.122125E-4        1.009979
        4.901999           0.159169E-4        1.011387           0.122131E-4        1.009979
        4.904000           0.159178E-4        1.011387           0.122137E-4        1.009979
        4.906000           0.159187E-4        1.011388           0.122143E-4        1.009979
        4.908000           0.159197E-4        1.011388           0.122149E-4        1.009980
        4.909999           0.159206E-4        1.011388           0.122156E-4        1.009980
        4.912000           0.159215E-4        1.011389           0.122162E-4        1.009980
        4.914000           0.159224E-4        1.011389           0.122168E-4        1.009980
        4.915999           0.159233E-4        1.011389           0.122174E-4        1.009981
        4.918000           0.159242E-4        1.011390           0.122180E-4        1.009981
        4.920000           0.159251E-4        1.011390           0.122186E-4        1.009981
        4.922000           0.159261E-4        1.011390           0.122192E-4        1.009982
        4.924000           0.159270E-4        1.011391           0.122199E-4        1.009982
        4.926000           0.159279E-4        1.011391           0.122205E-4        1.009982
        4.927999           0.159288E-4        1.011391           0.122211E-4        1.009982
        4.929999           0.159297E-4        1.011392           0.122217E-4        1.009982
        4.932000           0.159306E-4        1.011392           0.122223E-4        1.009983
        4.934000           0.159315E-4        1.011392           0.122229E-4        1.009983
        4.935999           0.159324E-4        1.011393           0.122235E-4        1.009983
        4.938000           0.159334E-4        1.011393           0.122242E-4        1.009983
        4.940000           0.159343E-4        1.011393           0.122248E-4        1.009984
        4.942000           0.159352E-4        1.011394           0.122254E-4        1.009984
        4.944000           0.159361E-4        1.011394           0.122260E-4        1.009984
        4.946000           0.159370E-4        1.011394           0.122266E-4        1.009984
        4.947999           0.159379E-4        1.011395           0.122272E-4        1.009985
        4.949999           0.159388E-4        1.011395           0.122279E-4        1.009985
        4.952000           0.159398E-4        1.011395           0.122285E-4        1.009985
        4.954000           0.159407E-4        1.011395           0.122291E-4        1.009985
        4.956000           0.159416E-4        1.011396           0.122297E-4        1.009986
        4.958000           0.159425E-4        1.011396           0.122303E-4        1.009986
        4.960000           0.159434E-4        1.011396           0.122309E-4        1.009986
        4.962000           0.159443E-4        1.011397           0.122315E-4        1.009986
        4.964000           0.159453E-4        1.011397           0.122322E-4        1.009987
        4.966000           0.159462E-4        1.011397           0.122328E-4        1.009987
        4.967999           0.159471E-4        1.011398           0.122334E-4        1.009987
        4.969999           0.159480E-4        1.011398           0.122340E-4        1.009987
        4.972000           0.159489E-4        1.011398           0.122346E-4        1.009988
        4.974000           0.159498E-4        1.011399           0.122352E-4        1.009988
        4.976000           0.159507E-4        1.011399           0.122358E-4        1.009988
        4.978000           0.159517E-4        1.011399           0.122365E-4        1.009988
        4.980000           0.159526E-4        1.011400           0.122371E-4        1.009989
        4.982000           0.159535E-4        1.011400           0.122377E-4        1.009989
        4.984000           0.159544E-4        1.011400           0.122383E-4        1.009989
        4.986000           0.159553E-4        1.011401           0.122389E-4        1.009989
        4.987999           0.159562E-4        1.011401           0.122395E-4        1.009990
        4.990000           0.159572E-4        1.011401           0.122402E-4        1.009990
        4.992000           0.159581E-4        1.011402           0.122408E-4        1.009990
        4.993999           0.159590E-4        1.011402           0.122414E-4        1.009990
        4.996000           0.159599E-4        1.011402           0.122420E-4        1.009991
        4.998000           0.159608E-4        1.011402           0.122426E-4        1.009991
        5.000000           0.159617E-4        1.011403           0.122432E-4        1.009991
        5.002000           0.159627E-4        1.011403           0.122439E-4        1.009991
        5.003999           0.159636E-4        1.011403           0.122445E-4        1.009992
        5.006000           0.159645E-4        1.011404           0.122451E-4        1.009992
        5.007999           0.159654E-4        1.011404           0.122457E-4        1.009992
        5.010000           0.159663E-4        1.011404           0.122463E-4        1.009992
        5.012000           0.159672E-4        1.011405           0.122469E-4        1.009992
        5.013999           0.159682E-4        1.011405           0.122476E-4        1.009993
        5.016000           0.159691E-4        1.011405           0.122482E-4        1.009993
        5.018000           0.159700E-4        1.011406           0.122488E-4        1.009993
        5.020000           0.159709E-4        1.011406           0.122494E-4        1.009993
        5.021999           0.159718E-4        1.011406           0.122500E-4        1.009994
        5.024000           0.159727E-4        1.011407           0.122506E-4        1.009994
        5.026000           0.159737E-4        1.011407           0.122513E-4        1.009994
        5.027999           0.159746E-4        1.011407           0.122519E-4        1.009994
        5.030000           0.159755E-4        1.011408           0.122525E-4        1.009995
        5.032000           0.159764E-4        1.011408           0.122531E-4        1.009995
        5.034000           0.159773E-4        1.011408           0.122537E-4        1.009995
        5.036000           0.159782E-4        1.011409           0.122544E-4        1.009995
        5.038000           0.159792E-4        1.011409           0.122550E-4        1.009996
        5.039999           0.159801E-4        1.011409           0.122556E-4        1.009996
        5.041999           0.159810E-4        1.011410           0.122562E-4        1.009996
        5.044000           0.159819E-4        1.011410           0.122568E-4        1.009996
        5.046000           0.159828E-4        1.011410           0.122574E-4        1.009997
        5.047999           0.159838E-4        1.011410           0.122580E-4        1.009997
        5.050000           0.159847E-4        1.011411           0.122587E-4        1.009997
        5.052000           0.159856E-4        1.011411           0.122593E-4        1.009997
        5.054000           0.159865E-4        1.011411           0.122599E-4        1.009998
        5.056000           0.159874E-4        1.011412           0.122605E-4        1.009998
        5.058000           0.159884E-4        1.011412           0.122611E-4        1.009998
        5.059999           0.159893E-4        1.011412           0.122618E-4        1.009998
        5.061999           0.159902E-4        1.011413           0.122624E-4        1.009999
        5.064000           0.159911E-4        1.011413           0.122630E-4        1.009999
        5.066000           0.159920E-4        1.011413           0.122636E-4        1.009999
        5.068000           0.159929E-4        1.011414           0.122642E-4        1.009999
        5.070000           0.159939E-4        1.011414           0.122649E-4        1.010000
        5.072000           0.159948E-4        1.011414           0.122655E-4        1.010000
        5.074000           0.159957E-4        1.011415           0.122661E-4        1.010000
        5.076000           0.159966E-4        1.011415           0.122667E-4        1.010000
        5.078000           0.159975E-4        1.011415           0.122673E-4        1.010001
        5.079999           0.159985E-4        1.011416           0.122679E-4        1.010001
        5.081999           0.159994E-4        1.011416           0.122686E-4        1.010001
        5.084000           0.160003E-4        1.011416           0.122692E-4        1.010001
        5.085999           0.160012E-4        1.011417           0.122698E-4        1.010002
        5.088000           0.160021E-4        1.011417           0.122704E-4        1.010002
        5.090000           0.160031E-4        1.011417           0.122710E-4        1.010002
        5.092000           0.160040E-4        1.011418           0.122716E-4        1.010002
        5.094000           0.160049E-4        1.011418           0.122723E-4        1.010002
        5.096000           0.160058E-4        1.011418           0.122729E-4        1.010003
        5.098000           0.160068E-4        1.011418           0.122735E-4        1.010003
        5.099999           0.160077E-4        1.011419           0.122741E-4        1.010003
        5.102000           0.160086E-4        1.011419           0.122747E-4        1.010004
        5.104000           0.160095E-4        1.011419           0.122754E-4        1.010004
        5.105999           0.160104E-4        1.011420           0.122760E-4        1.010004
        5.108000           0.160114E-4        1.011420           0.122766E-4        1.010004
        5.110000           0.160123E-4        1.011420           0.122772E-4        1.010005
        5.112000           0.160132E-4        1.011421           0.122778E-4        1.010005
        5.114000           0.160141E-4        1.011421           0.122785E-4        1.010005
        5.115999           0.160150E-4        1.011421           0.122791E-4        1.010005
        5.118000           0.160160E-4        1.011422           0.122797E-4        1.010005
        5.119999           0.160169E-4        1.011422           0.122803E-4        1.010006
        5.122000           0.160178E-4        1.011422           0.122809E-4        1.010006
        5.124000           0.160187E-4        1.011423           0.122815E-4        1.010006
        5.125999           0.160196E-4        1.011423           0.122822E-4        1.010006
        5.128000           0.160206E-4        1.011423           0.122828E-4        1.010007
        5.130000           0.160215E-4        1.011424           0.122834E-4        1.010007
        5.132000           0.160224E-4        1.011424           0.122840E-4        1.010007
        5.133999           0.160233E-4        1.011424           0.122846E-4        1.010008
        5.136000           0.160243E-4        1.011425           0.122853E-4        1.010008
        5.138000           0.160252E-4        1.011425           0.122859E-4        1.010008
        5.139999           0.160261E-4        1.011425           0.122865E-4        1.010008
        5.142000           0.160270E-4        1.011425           0.122871E-4        1.010008
        5.144000           0.160279E-4        1.011426           0.122877E-4        1.010009
        5.146000           0.160289E-4        1.011426           0.122884E-4        1.010009
        5.148000           0.160298E-4        1.011426           0.122890E-4        1.010009
        5.150000           0.160307E-4        1.011427           0.122896E-4        1.010009
        5.151999           0.160316E-4        1.011427           0.122902E-4        1.010010
        5.153999           0.160326E-4        1.011427           0.122908E-4        1.010010
        5.156000           0.160335E-4        1.011428           0.122915E-4        1.010010
        5.158000           0.160344E-4        1.011428           0.122921E-4        1.010010
        5.159999           0.160353E-4        1.011428           0.122927E-4        1.010011
        5.162000           0.160362E-4        1.011429           0.122933E-4        1.010011
        5.164000           0.160372E-4        1.011429           0.122939E-4        1.010011
        5.166000           0.160381E-4        1.011429           0.122946E-4        1.010011
        5.168000           0.160390E-4        1.011430           0.122952E-4        1.010012
        5.170000           0.160399E-4        1.011430           0.122958E-4        1.010012
        5.171999           0.160409E-4        1.011430           0.122964E-4        1.010012
        5.173999           0.160418E-4        1.011431           0.122970E-4        1.010012
        5.176000           0.160427E-4        1.011431           0.122977E-4        1.010013
        5.177999           0.160436E-4        1.011431           0.122983E-4        1.010013
        5.180000           0.160446E-4        1.011432           0.122989E-4        1.010013
        5.182000           0.160455E-4        1.011432           0.122995E-4        1.010013
        5.184000           0.160464E-4        1.011432           0.123001E-4        1.010014
        5.186000           0.160473E-4        1.011433           0.123008E-4        1.010014
        5.188000           0.160483E-4        1.011433           0.123014E-4        1.010014
        5.190000           0.160492E-4        1.011433           0.123020E-4        1.010014
        5.191999           0.160501E-4        1.011433           0.123026E-4        1.010015
        5.193999           0.160510E-4        1.011434           0.123033E-4        1.010015
        5.196000           0.160520E-4        1.011434           0.123039E-4        1.010015
        5.197999           0.160529E-4        1.011434           0.123045E-4        1.010015
        5.200000           0.160538E-4        1.011435           0.123051E-4        1.010016
        5.202000           0.160547E-4        1.011435           0.123057E-4        1.010016
        5.204000           0.160556E-4        1.011435           0.123064E-4        1.010016
        5.206000           0.160566E-4        1.011436           0.123070E-4        1.010016
        5.208000           0.160575E-4        1.011436           0.123076E-4        1.010017
        5.210000           0.160584E-4        1.011436           0.123082E-4        1.010017
        5.211999           0.160593E-4        1.011437           0.123088E-4        1.010017
        5.214000           0.160603E-4        1.011437           0.123095E-4        1.010017
        5.216000           0.160612E-4        1.011437           0.123101E-4        1.010018
        5.217999           0.160621E-4        1.011438           0.123107E-4        1.010018
        5.220000           0.160631E-4        1.011438           0.123113E-4        1.010018
        5.222000           0.160640E-4        1.011438           0.123120E-4        1.010018
        5.224000           0.160649E-4        1.011439           0.123126E-4        1.010018
        5.226000           0.160658E-4        1.011439           0.123132E-4        1.010019
        5.228000           0.160668E-4        1.011439           0.123138E-4        1.010019
        5.230000           0.160677E-4        1.011440           0.123144E-4        1.010019
        5.231999           0.160686E-4        1.011440           0.123151E-4        1.010020
        5.234000           0.160695E-4        1.011440           0.123157E-4        1.010020
        5.236000           0.160705E-4        1.011441           0.123163E-4        1.010020
        5.237999           0.160714E-4        1.011441           0.123169E-4        1.010020
        5.240000           0.160723E-4        1.011441           0.123175E-4        1.010020
        5.242000           0.160732E-4        1.011442           0.123182E-4        1.010021
        5.244000           0.160742E-4        1.011442           0.123188E-4        1.010021
        5.245999           0.160751E-4        1.011442           0.123194E-4        1.010021
        5.248000           0.160760E-4        1.011443           0.123200E-4        1.010021
        5.250000           0.160769E-4        1.011443           0.123207E-4        1.010022
        5.251999           0.160779E-4        1.011443           0.123213E-4        1.010022
        5.254000           0.160788E-4        1.011443           0.123219E-4        1.010022
        5.256000           0.160797E-4        1.011444           0.123225E-4        1.010022
        5.258000           0.160807E-4        1.011444           0.123231E-4        1.010023
        5.260000           0.160816E-4        1.011444           0.123238E-4        1.010023
        5.262000           0.160825E-4        1.011445           0.123244E-4        1.010023
        5.263999           0.160834E-4        1.011445           0.123250E-4        1.010023
        5.265999           0.160844E-4        1.011445           0.123256E-4        1.010024
        5.268000           0.160853E-4        1.011446           0.123263E-4        1.010024
        5.270000           0.160862E-4        1.011446           0.123269E-4        1.010024
        5.271999           0.160871E-4        1.011446           0.123275E-4        1.010024
        5.274000           0.160881E-4        1.011447           0.123281E-4        1.010025
        5.276000           0.160890E-4        1.011447           0.123288E-4        1.010025
        5.278000           0.160899E-4        1.011447           0.123294E-4        1.010025
        5.280000           0.160909E-4        1.011448           0.123300E-4        1.010025
        5.282000           0.160918E-4        1.011448           0.123306E-4        1.010026
        5.283999           0.160927E-4        1.011448           0.123312E-4        1.010026
        5.285999           0.160936E-4        1.011449           0.123319E-4        1.010026
        5.288000           0.160946E-4        1.011449           0.123325E-4        1.010026
        5.289999           0.160955E-4        1.011449           0.123331E-4        1.010027
        5.292000           0.160964E-4        1.011450           0.123337E-4        1.010027
        5.294000           0.160974E-4        1.011450           0.123344E-4        1.010027
        5.296000           0.160983E-4        1.011450           0.123350E-4        1.010027
        5.298000           0.160992E-4        1.011451           0.123356E-4        1.010028
        5.300000           0.161001E-4        1.011451           0.123362E-4        1.010028
        5.302000           0.161011E-4        1.011451           0.123369E-4        1.010028
        5.303999           0.161020E-4        1.011451           0.123375E-4        1.010028
        5.305999           0.161029E-4        1.011452           0.123381E-4        1.010029
        5.308000           0.161039E-4        1.011452           0.123387E-4        1.010029
        5.309999           0.161048E-4        1.011452           0.123393E-4        1.010029
        5.312000           0.161057E-4        1.011453           0.123400E-4        1.010029
        5.314000           0.161066E-4        1.011453           0.123406E-4        1.010030
        5.316000           0.161076E-4        1.011453           0.123412E-4        1.010030
        5.318000           0.161085E-4        1.011454           0.123418E-4        1.010030
        5.320000           0.161094E-4        1.011454           0.123425E-4        1.010030
        5.322000           0.161104E-4        1.011454           0.123431E-4        1.010031
        5.323999           0.161113E-4        1.011455           0.123437E-4        1.010031
        5.326000           0.161122E-4        1.011455           0.123443E-4        1.010031
        5.328000           0.161131E-4        1.011455           0.123450E-4        1.010031
        5.329999           0.161141E-4        1.011456           0.123456E-4        1.010032
        5.332000           0.161150E-4        1.011456           0.123462E-4        1.010032
        5.334000           0.161159E-4        1.011456           0.123468E-4        1.010032
        5.336000           0.161169E-4        1.011457           0.123475E-4        1.010032
        5.338000           0.161178E-4        1.011457           0.123481E-4        1.010033
        5.340000           0.161187E-4        1.011457           0.123487E-4        1.010033
        5.342000           0.161197E-4        1.011458           0.123493E-4        1.010033
        5.343999           0.161206E-4        1.011458           0.123500E-4        1.010033
        5.346000           0.161215E-4        1.011458           0.123506E-4        1.010034
        5.348000           0.161225E-4        1.011459           0.123512E-4        1.010034
        5.349999           0.161234E-4        1.011459           0.123518E-4        1.010034
        5.352000           0.161243E-4        1.011459           0.123525E-4        1.010034
        5.354000           0.161252E-4        1.011460           0.123531E-4        1.010035
        5.356000           0.161262E-4        1.011460           0.123537E-4        1.010035
        5.358000           0.161271E-4        1.011460           0.123543E-4        1.010035
        5.360000           0.161280E-4        1.011461           0.123550E-4        1.010035
        5.362000           0.161290E-4        1.011461           0.123556E-4        1.010036
        5.363999           0.161299E-4        1.011461           0.123562E-4        1.010036
        5.366000           0.161308E-4        1.011461           0.123568E-4        1.010036
        5.368000           0.161318E-4        1.011462           0.123575E-4        1.010036
        5.370000           0.161327E-4        1.011462           0.123581E-4        1.010036
        5.372000           0.161336E-4        1.011462           0.123587E-4        1.010037
        5.374000           0.161346E-4        1.011463           0.123593E-4        1.010037
        5.375999           0.161355E-4        1.011463           0.123600E-4        1.010037
        5.377999           0.161364E-4        1.011463           0.123606E-4        1.010038
        5.380000           0.161374E-4        1.011464           0.123612E-4        1.010038
        5.381999           0.161383E-4        1.011464           0.123618E-4        1.010038
        5.383999           0.161392E-4        1.011464           0.123625E-4        1.010038
        5.386000           0.161402E-4        1.011465           0.123631E-4        1.010038
        5.388000           0.161411E-4        1.011465           0.123637E-4        1.010039
        5.390000           0.161420E-4        1.011465           0.123643E-4        1.010039
        5.392000           0.161430E-4        1.011466           0.123650E-4        1.010039
        5.394000           0.161439E-4        1.011466           0.123656E-4        1.010039
        5.395999           0.161448E-4        1.011466           0.123662E-4        1.010040
        5.397999           0.161457E-4        1.011467           0.123668E-4        1.010040
        5.400000           0.161467E-4        1.011467           0.123675E-4        1.010040
        5.401999           0.161476E-4        1.011467           0.123681E-4        1.010041
        5.404000           0.161485E-4        1.011468           0.123687E-4        1.010041
        5.406000           0.161495E-4        1.011468           0.123693E-4        1.010041
        5.408000           0.161504E-4        1.011468           0.123700E-4        1.010041
        5.410000           0.161513E-4        1.011469           0.123706E-4        1.010041
        5.412000           0.161523E-4        1.011469           0.123712E-4        1.010042
        5.414000           0.161532E-4        1.011469           0.123718E-4        1.010042
        5.415999           0.161541E-4        1.011470           0.123725E-4        1.010042
        5.417999           0.161551E-4        1.011470           0.123731E-4        1.010042
        5.420000           0.161560E-4        1.011470           0.123737E-4        1.010043
        5.421999           0.161569E-4        1.011471           0.123743E-4        1.010043
        5.424000           0.161579E-4        1.011471           0.123750E-4        1.010043
        5.426000           0.161588E-4        1.011471           0.123756E-4        1.010044
        5.427999           0.161598E-4        1.011472           0.123762E-4        1.010044
        5.430000           0.161607E-4        1.011472           0.123769E-4        1.010044
        5.432000           0.161616E-4        1.011472           0.123775E-4        1.010044
        5.434000           0.161625E-4        1.011472           0.123781E-4        1.010044
        5.435999           0.161635E-4        1.011473           0.123787E-4        1.010045
        5.438000           0.161644E-4        1.011473           0.123794E-4        1.010045
        5.440000           0.161654E-4        1.011473           0.123800E-4        1.010045
        5.441999           0.161663E-4        1.011474           0.123806E-4        1.010045
        5.444000           0.161672E-4        1.011474           0.123812E-4        1.010046
        5.446000           0.161682E-4        1.011474           0.123819E-4        1.010046
        5.448000           0.161691E-4        1.011475           0.123825E-4        1.010046
        5.450000           0.161700E-4        1.011475           0.123831E-4        1.010046
        5.452000           0.161710E-4        1.011475           0.123838E-4        1.010047
        5.454000           0.161719E-4        1.011476           0.123844E-4        1.010047
        5.455999           0.161728E-4        1.011476           0.123850E-4        1.010047
        5.458000           0.161738E-4        1.011476           0.123856E-4        1.010047
        5.460000           0.161747E-4        1.011477           0.123863E-4        1.010048
        5.461999           0.161756E-4        1.011477           0.123869E-4        1.010048
        5.464000           0.161766E-4        1.011477           0.123875E-4        1.010048
        5.466000           0.161775E-4        1.011478           0.123882E-4        1.010048
        5.468000           0.161784E-4        1.011478           0.123888E-4        1.010049
        5.470000           0.161794E-4        1.011478           0.123894E-4        1.010049
        5.472000           0.161803E-4        1.011479           0.123900E-4        1.010049
        5.474000           0.161813E-4        1.011479           0.123907E-4        1.010049
        5.475999           0.161822E-4        1.011479           0.123913E-4        1.010050
        5.478000           0.161831E-4        1.011480           0.123919E-4        1.010050
        5.480000           0.161841E-4        1.011480           0.123925E-4        1.010050
        5.482000           0.161850E-4        1.011480           0.123932E-4        1.010050
        5.484000           0.161859E-4        1.011481           0.123938E-4        1.010051
        5.486000           0.161869E-4        1.011481           0.123944E-4        1.010051
        5.488000           0.161878E-4        1.011481           0.123951E-4        1.010051
        5.489999           0.161887E-4        1.011482           0.123957E-4        1.010051
        5.492000           0.161897E-4        1.011482           0.123963E-4        1.010052
        5.493999           0.161906E-4        1.011482           0.123969E-4        1.010052
        5.495999           0.161916E-4        1.011482           0.123976E-4        1.010052
        5.498000           0.161925E-4        1.011483           0.123982E-4        1.010052
        5.500000           0.161934E-4        1.011483           0.123988E-4        1.010053
        5.502000           0.161944E-4        1.011483           0.123995E-4        1.010053
        5.504000           0.161953E-4        1.011484           0.124001E-4        1.010053
        5.506000           0.161962E-4        1.011484           0.124007E-4        1.010053
        5.507999           0.161972E-4        1.011485           0.124013E-4        1.010054
        5.509999           0.161981E-4        1.011485           0.124020E-4        1.010054
        5.512000           0.161991E-4        1.011485           0.124026E-4        1.010054
        5.513999           0.162000E-4        1.011485           0.124032E-4        1.010054
        5.516000           0.162009E-4        1.011486           0.124039E-4        1.010055
        5.518000           0.162019E-4        1.011486           0.124045E-4        1.010055
        5.520000           0.162028E-4        1.011486           0.124051E-4        1.010055
        5.522000           0.162037E-4        1.011487           0.124057E-4        1.010055
        5.524000           0.162047E-4        1.011487           0.124064E-4        1.010056
        5.526000           0.162056E-4        1.011487           0.124070E-4        1.010056
        5.527999           0.162065E-4        1.011488           0.124076E-4        1.010056
        5.529999           0.162075E-4        1.011488           0.124083E-4        1.010056
        5.532000           0.162084E-4        1.011488           0.124089E-4        1.010057
        5.533999           0.162094E-4        1.011489           0.124095E-4        1.010057
        5.536000           0.162103E-4        1.011489           0.124101E-4        1.010057
        5.538000           0.162112E-4        1.011489           0.124108E-4        1.010057
        5.539999           0.162122E-4        1.011490           0.124114E-4        1.010058
        5.542000           0.162131E-4        1.011490           0.124120E-4        1.010058
        5.544000           0.162141E-4        1.011490           0.124127E-4        1.010058
        5.546000           0.162150E-4        1.011491           0.124133E-4        1.010058
        5.547999           0.162159E-4        1.011491           0.124139E-4        1.010059
        5.550000           0.162169E-4        1.011491           0.124145E-4        1.010059
        5.552000           0.162178E-4        1.011492           0.124152E-4        1.010059
        5.553999           0.162188E-4        1.011492           0.124158E-4        1.010059
        5.556000           0.162197E-4        1.011492           0.124164E-4        1.010060
        5.558000           0.162206E-4        1.011493           0.124171E-4        1.010060
        5.560000           0.162216E-4        1.011493           0.124177E-4        1.010060
        5.562000           0.162225E-4        1.011493           0.124183E-4        1.010060
        5.564000           0.162235E-4        1.011494           0.124190E-4        1.010061
        5.566000           0.162244E-4        1.011494           0.124196E-4        1.010061
        5.567999           0.162253E-4        1.011494           0.124202E-4        1.010061
        5.570000           0.162263E-4        1.011495           0.124209E-4        1.010061
        5.572000           0.162272E-4        1.011495           0.124215E-4        1.010062
        5.573999           0.162282E-4        1.011495           0.124221E-4        1.010062
        5.576000           0.162291E-4        1.011495           0.124227E-4        1.010062
        5.578000           0.162300E-4        1.011496           0.124234E-4        1.010062
        5.580000           0.162310E-4        1.011496           0.124240E-4        1.010063
        5.582000           0.162319E-4        1.011496           0.124246E-4        1.010063
        5.584000           0.162329E-4        1.011497           0.124253E-4        1.010063
        5.585999           0.162338E-4        1.011497           0.124259E-4        1.010063
        5.587999           0.162347E-4        1.011497           0.124265E-4        1.010064
        5.590000           0.162357E-4        1.011498           0.124272E-4        1.010064
        5.592000           0.162366E-4        1.011498           0.124278E-4        1.010064
        5.594000           0.162376E-4        1.011498           0.124284E-4        1.010064
        5.596000           0.162385E-4        1.011499           0.124290E-4        1.010064
        5.598000           0.162394E-4        1.011499           0.124297E-4        1.010065
        5.600000           0.162404E-4        1.011499           0.124303E-4        1.010065
        5.601999           0.162413E-4        1.011500           0.124309E-4        1.010065
        5.604000           0.162423E-4        1.011500           0.124316E-4        1.010066
        5.605999           0.162432E-4        1.011500           0.124322E-4        1.010066
        5.607999           0.162441E-4        1.011501           0.124328E-4        1.010066
        5.610000           0.162451E-4        1.011501           0.124335E-4        1.010066
        5.612000           0.162460E-4        1.011501           0.124341E-4        1.010067
        5.614000           0.162470E-4        1.011502           0.124347E-4        1.010067
        5.616000           0.162479E-4        1.011502           0.124354E-4        1.010067
        5.618000           0.162489E-4        1.011502           0.124360E-4        1.010067
        5.619999           0.162498E-4        1.011503           0.124366E-4        1.010067
        5.621999           0.162507E-4        1.011503           0.124372E-4        1.010068
        5.624000           0.162517E-4        1.011503           0.124379E-4        1.010068
        5.625999           0.162526E-4        1.011504           0.124385E-4        1.010068
        5.628000           0.162536E-4        1.011504           0.124391E-4        1.010069
        5.630000           0.162545E-4        1.011504           0.124398E-4        1.010069
        5.631999           0.162554E-4        1.011505           0.124404E-4        1.010069
        5.634000           0.162564E-4        1.011505           0.124410E-4        1.010069
        5.636000           0.162573E-4        1.011505           0.124417E-4        1.010069
        5.638000           0.162583E-4        1.011506           0.124423E-4        1.010070
        5.639999           0.162592E-4        1.011506           0.124429E-4        1.010070
        5.641999           0.162602E-4        1.011506           0.124436E-4        1.010070
        5.644000           0.162611E-4        1.011507           0.124442E-4        1.010071
        5.645999           0.162621E-4        1.011507           0.124448E-4        1.010071
        5.648000           0.162630E-4        1.011507           0.124455E-4        1.010071
        5.650000           0.162639E-4        1.011508           0.124461E-4        1.010071
        5.651999           0.162649E-4        1.011508           0.124467E-4        1.010072
        5.654000           0.162658E-4        1.011508           0.124473E-4        1.010072
        5.656000           0.162668E-4        1.011508           0.124480E-4        1.010072
        5.658000           0.162677E-4        1.011509           0.124486E-4        1.010072
        5.659999           0.162687E-4        1.011509           0.124492E-4        1.010072
        5.662000           0.162696E-4        1.011509           0.124499E-4        1.010073
        5.664000           0.162705E-4        1.011510           0.124505E-4        1.010073
        5.665999           0.162715E-4        1.011510           0.124511E-4        1.010073
        5.668000           0.162724E-4        1.011510           0.124518E-4        1.010074
        5.670000           0.162734E-4        1.011511           0.124524E-4        1.010074
        5.672000           0.162743E-4        1.011511           0.124530E-4        1.010074
        5.674000           0.162753E-4        1.011511           0.124537E-4        1.010074
        5.676000           0.162762E-4        1.011512           0.124543E-4        1.010074
        5.677999           0.162772E-4        1.011512           0.124549E-4        1.010075
        5.679999           0.162781E-4        1.011512           0.124556E-4        1.010075
        5.682000           0.162790E-4        1.011513           0.124562E-4        1.010075
        5.684000           0.162800E-4        1.011513           0.124568E-4        1.010075
        5.685999           0.162809E-4        1.011513           0.124575E-4        1.010076
        5.688000           0.162819E-4        1.011514           0.124581E-4        1.010076
        5.690000           0.162828E-4        1.011514           0.124587E-4        1.010076
        5.692000           0.162838E-4        1.011514           0.124594E-4        1.010077
        5.694000           0.162847E-4        1.011515           0.124600E-4        1.010077
        5.696000           0.162857E-4        1.011515           0.124606E-4        1.010077
        5.697999           0.162866E-4        1.011515           0.124613E-4        1.010077
        5.699999           0.162875E-4        1.011516           0.124619E-4        1.010077
        5.702000           0.162885E-4        1.011516           0.124625E-4        1.010078
        5.704000           0.162894E-4        1.011516           0.124632E-4        1.010078
        5.706000           0.162904E-4        1.011517           0.124638E-4        1.010078
        5.708000           0.162913E-4        1.011517           0.124644E-4        1.010078
        5.710000           0.162923E-4        1.011517           0.124651E-4        1.010079
        5.712000           0.162932E-4        1.011518           0.124657E-4        1.010079
        5.713999           0.162942E-4        1.011518           0.124663E-4        1.010079
        5.716000           0.162951E-4        1.011518           0.124670E-4        1.010080
        5.717999           0.162961E-4        1.011519           0.124676E-4        1.010080
        5.719999           0.162970E-4        1.011519           0.124682E-4        1.010080
        5.722000           0.162980E-4        1.011519           0.124689E-4        1.010080
        5.724000           0.162989E-4        1.011520           0.124695E-4        1.010080
        5.726000           0.162998E-4        1.011520           0.124701E-4        1.010081
        5.728000           0.163008E-4        1.011520           0.124708E-4        1.010081
        5.730000           0.163017E-4        1.011521           0.124714E-4        1.010081
        5.731999           0.163027E-4        1.011521           0.124720E-4        1.010081
        5.733999           0.163036E-4        1.011521           0.124727E-4        1.010082
        5.736000           0.163046E-4        1.011521           0.124733E-4        1.010082
        5.737999           0.163055E-4        1.011522           0.124739E-4        1.010082
        5.740000           0.163065E-4        1.011522           0.124746E-4        1.010082
        5.742000           0.163074E-4        1.011523           0.124752E-4        1.010083
        5.743999           0.163084E-4        1.011523           0.124758E-4        1.010083
        5.746000           0.163093E-4        1.011523           0.124765E-4        1.010083
        5.748000           0.163103E-4        1.011523           0.124771E-4        1.010083
        5.750000           0.163112E-4        1.011524           0.124777E-4        1.010084
        5.751999           0.163122E-4        1.011524           0.124784E-4        1.010084
        5.753999           0.163131E-4        1.011524           0.124790E-4        1.010084
        5.756000           0.163140E-4        1.011525           0.124797E-4        1.010085
        5.757999           0.163150E-4        1.011525           0.124803E-4        1.010085
        5.760000           0.163159E-4        1.011525           0.124809E-4        1.010085
        5.762000           0.163169E-4        1.011526           0.124816E-4        1.010085
        5.763999           0.163178E-4        1.011526           0.124822E-4        1.010085
        5.766000           0.163188E-4        1.011526           0.124828E-4        1.010086
        5.768000           0.163197E-4        1.011527           0.124835E-4        1.010086
        5.770000           0.163207E-4        1.011527           0.124841E-4        1.010086
        5.771999           0.163216E-4        1.011527           0.124847E-4        1.010086
        5.774000           0.163226E-4        1.011528           0.124854E-4        1.010087
        5.776000           0.163235E-4        1.011528           0.124860E-4        1.010087
        5.777999           0.163245E-4        1.011528           0.124866E-4        1.010087
        5.780000           0.163254E-4        1.011529           0.124873E-4        1.010087
        5.782000           0.163264E-4        1.011529           0.124879E-4        1.010088
        5.784000           0.163273E-4        1.011529           0.124885E-4        1.010088
        5.786000           0.163283E-4        1.011530           0.124892E-4        1.010088
        5.788000           0.163292E-4        1.011530           0.124898E-4        1.010088
        5.789999           0.163302E-4        1.011530           0.124905E-4        1.010089
        5.791999           0.163311E-4        1.011531           0.124911E-4        1.010089
        5.794000           0.163321E-4        1.011531           0.124917E-4        1.010089
        5.796000           0.163330E-4        1.011531           0.124924E-4        1.010089
        5.797999           0.163340E-4        1.011532           0.124930E-4        1.010090
        5.800000           0.163349E-4        1.011532           0.124936E-4        1.010090
        5.802000           0.163359E-4        1.011532           0.124943E-4        1.010090
        5.804000           0.163368E-4        1.011533           0.124949E-4        1.010090
        5.806000           0.163378E-4        1.011533           0.124955E-4        1.010091
        5.808000           0.163387E-4        1.011533           0.124962E-4        1.010091
        5.809999           0.163397E-4        1.011534           0.124968E-4        1.010091
        5.811999           0.163406E-4        1.011534           0.124974E-4        1.010091
        5.814000           0.163416E-4        1.011534           0.124981E-4        1.010092
        5.816000           0.163425E-4        1.011535           0.124987E-4        1.010092
        5.818000           0.163435E-4        1.011535           0.124994E-4        1.010092
        5.820000           0.163444E-4        1.011535           0.125000E-4        1.010092
        5.822000           0.163454E-4        1.011536           0.125006E-4        1.010093
        5.824000           0.163463E-4        1.011536           0.125013E-4        1.010093
        5.825999           0.163473E-4        1.011536           0.125019E-4        1.010093
        5.828000           0.163482E-4        1.011536           0.125025E-4        1.010093
        5.829999           0.163492E-4        1.011537           0.125032E-4        1.010094
        5.831999           0.163501E-4        1.011537           0.125038E-4        1.010094
        5.834000           0.163511E-4        1.011538           0.125044E-4        1.010094
        5.835999           0.163520E-4        1.011538           0.125051E-4        1.010094
        5.838000           0.163530E-4        1.011538           0.125057E-4        1.010095
        5.840000           0.163539E-4        1.011539           0.125064E-4        1.010095
        5.842000           0.163549E-4        1.011539           0.125070E-4        1.010095
        5.843999           0.163558E-4        1.011539           0.125076E-4        1.010095
        5.845999           0.163568E-4        1.011539           0.125083E-4        1.010096
        5.848000           0.163577E-4        1.011540           0.125089E-4        1.010096
        5.849999           0.163587E-4        1.011540           0.125095E-4        1.010096
        5.852000           0.163596E-4        1.011540           0.125102E-4        1.010096
        5.854000           0.163606E-4        1.011541           0.125108E-4        1.010097
        5.855999           0.163615E-4        1.011541           0.125115E-4        1.010097
        5.858000           0.163625E-4        1.011541           0.125121E-4        1.010097
        5.860000           0.163634E-4        1.011542           0.125127E-4        1.010098
        5.862000           0.163644E-4        1.011542           0.125134E-4        1.010098
        5.863999           0.163654E-4        1.011542           0.125140E-4        1.010098
        5.865999           0.163663E-4        1.011543           0.125146E-4        1.010098
        5.868000           0.163673E-4        1.011543           0.125153E-4        1.010098
        5.869999           0.163682E-4        1.011543           0.125159E-4        1.010099
        5.872000           0.163692E-4        1.011544           0.125166E-4        1.010099
        5.874000           0.163701E-4        1.011544           0.125172E-4        1.010099
        5.875999           0.163711E-4        1.011544           0.125178E-4        1.010099
        5.878000           0.163720E-4        1.011545           0.125185E-4        1.010100
        5.880000           0.163730E-4        1.011545           0.125191E-4        1.010100
        5.881999           0.163739E-4        1.011545           0.125197E-4        1.010100
        5.883999           0.163749E-4        1.011546           0.125204E-4        1.010100
        5.886000           0.163758E-4        1.011546           0.125210E-4        1.010101
        5.888000           0.163768E-4        1.011546           0.125217E-4        1.010101
        5.889999           0.163777E-4        1.011547           0.125223E-4        1.010101
        5.892000           0.163787E-4        1.011547           0.125229E-4        1.010101
        5.894000           0.163796E-4        1.011547           0.125236E-4        1.010102
        5.896000           0.163806E-4        1.011548           0.125242E-4        1.010102
        5.898000           0.163816E-4        1.011548           0.125248E-4        1.010102
        5.900000           0.163825E-4        1.011548           0.125255E-4        1.010103
        5.901999           0.163835E-4        1.011549           0.125261E-4        1.010103
        5.903999           0.163844E-4        1.011549           0.125268E-4        1.010103
        5.906000           0.163854E-4        1.011549           0.125274E-4        1.010103
        5.908000           0.163863E-4        1.011550           0.125280E-4        1.010103
        5.909999           0.163873E-4        1.011550           0.125287E-4        1.010104
        5.912000           0.163882E-4        1.011550           0.125293E-4        1.010104
        5.914000           0.163892E-4        1.011551           0.125300E-4        1.010104
        5.916000           0.163901E-4        1.011551           0.125306E-4        1.010104
        5.918000           0.163911E-4        1.011551           0.125312E-4        1.010105
        5.920000           0.163921E-4        1.011552           0.125319E-4        1.010105
        5.921999           0.163930E-4        1.011552           0.125325E-4        1.010105
        5.923999           0.163940E-4        1.011552           0.125331E-4        1.010105
        5.926000           0.163949E-4        1.011553           0.125338E-4        1.010106
        5.927999           0.163959E-4        1.011553           0.125344E-4        1.010106
        5.930000           0.163968E-4        1.011553           0.125351E-4        1.010106
        5.932000           0.163978E-4        1.011554           0.125357E-4        1.010106
        5.934000           0.163987E-4        1.011554           0.125363E-4        1.010107
        5.936000           0.163997E-4        1.011554           0.125370E-4        1.010107
        5.938000           0.164006E-4        1.011554           0.125376E-4        1.010107
        5.940000           0.164016E-4        1.011555           0.125383E-4        1.010108
        5.941999           0.164026E-4        1.011555           0.125389E-4        1.010108
        5.943999           0.164035E-4        1.011556           0.125395E-4        1.010108
        5.946000           0.164045E-4        1.011556           0.125402E-4        1.010108
        5.947999           0.164054E-4        1.011556           0.125408E-4        1.010108
        5.950000           0.164064E-4        1.011557           0.125415E-4        1.010109
        5.952000           0.164073E-4        1.011557           0.125421E-4        1.010109
        5.954000           0.164083E-4        1.011557           0.125427E-4        1.010109
        5.955999           0.164092E-4        1.011557           0.125434E-4        1.010109
        5.957999           0.164102E-4        1.011558           0.125440E-4        1.010110
        5.960000           0.164112E-4        1.011558           0.125446E-4        1.010110
        5.961999           0.164121E-4        1.011558           0.125453E-4        1.010110
        5.964000           0.164131E-4        1.011559           0.125459E-4        1.010110
        5.966000           0.164140E-4        1.011559           0.125466E-4        1.010111
        5.967999           0.164150E-4        1.011559           0.125472E-4        1.010111
        5.970000           0.164159E-4        1.011560           0.125478E-4        1.010111
        5.972000           0.164169E-4        1.011560           0.125485E-4        1.010111
        5.974000           0.164179E-4        1.011560           0.125491E-4        1.010112
        5.975999           0.164188E-4        1.011561           0.125498E-4        1.010112
        5.977999           0.164198E-4        1.011561           0.125504E-4        1.010112
        5.980000           0.164207E-4        1.011561           0.125511E-4        1.010113
        5.981999           0.164217E-4        1.011562           0.125517E-4        1.010113
        5.984000           0.164226E-4        1.011562           0.125523E-4        1.010113
        5.986000           0.164236E-4        1.011562           0.125530E-4        1.010113
        5.987999           0.164246E-4        1.011563           0.125536E-4        1.010113
        5.990000           0.164255E-4        1.011563           0.125543E-4        1.010114
        5.992000           0.164265E-4        1.011563           0.125549E-4        1.010114
        5.993999           0.164274E-4        1.011564           0.125555E-4        1.010114
        5.995999           0.164284E-4        1.011564           0.125562E-4        1.010115
        5.998000           0.164293E-4        1.011564           0.125568E-4        1.010115
        6.000000           0.164303E-4        1.011565           0.125575E-4        1.010115
        6.001999           0.164313E-4        1.011565           0.125581E-4        1.010115
        6.004000           0.164322E-4        1.011565           0.125587E-4        1.010116
        6.006000           0.164332E-4        1.011566           0.125594E-4        1.010116
        6.008000           0.164341E-4        1.011566           0.125600E-4        1.010116
        6.010000           0.164351E-4        1.011566           0.125607E-4        1.010116
        6.012000           0.164361E-4        1.011567           0.125613E-4        1.010116
        6.013999           0.164370E-4        1.011567           0.125619E-4        1.010117
        6.015999           0.164380E-4        1.011567           0.125626E-4        1.010117
        6.018000           0.164389E-4        1.011568           0.125632E-4        1.010117
        6.020000           0.164399E-4        1.011568           0.125639E-4        1.010118
        6.021999           0.164408E-4        1.011568           0.125645E-4        1.010118
        6.024000           0.164418E-4        1.011569           0.125651E-4        1.010118
        6.026000           0.164428E-4        1.011569           0.125658E-4        1.010118
        6.028000           0.164437E-4        1.011569           0.125664E-4        1.010118
        6.030000           0.164447E-4        1.011570           0.125671E-4        1.010119
        6.032000           0.164456E-4        1.011570           0.125677E-4        1.010119
        6.033999           0.164466E-4        1.011570           0.125684E-4        1.010119
        6.035999           0.164476E-4        1.011571           0.125690E-4        1.010120
        6.038000           0.164485E-4        1.011571           0.125696E-4        1.010120
        6.039999           0.164495E-4        1.011571           0.125703E-4        1.010120
        6.042000           0.164504E-4        1.011572           0.125709E-4        1.010120
        6.044000           0.164514E-4        1.011572           0.125716E-4        1.010121
        6.046000           0.164524E-4        1.011572           0.125722E-4        1.010121
        6.048000           0.164533E-4        1.011573           0.125729E-4        1.010121
        6.050000           0.164543E-4        1.011573           0.125735E-4        1.010121
        6.052000           0.164552E-4        1.011573           0.125741E-4        1.010122
        6.053999           0.164562E-4        1.011574           0.125748E-4        1.010122
        6.055999           0.164572E-4        1.011574           0.125754E-4        1.010122
        6.058000           0.164581E-4        1.011574           0.125761E-4        1.010122
        6.059999           0.164591E-4        1.011575           0.125767E-4        1.010123
        6.062000           0.164600E-4        1.011575           0.125773E-4        1.010123
        6.064000           0.164610E-4        1.011575           0.125780E-4        1.010123
        6.066000           0.164620E-4        1.011576           0.125786E-4        1.010123
        6.068000           0.164629E-4        1.011576           0.125793E-4        1.010124
        6.069999           0.164639E-4        1.011576           0.125799E-4        1.010124
        6.072000           0.164648E-4        1.011577           0.125805E-4        1.010124
        6.073999           0.164658E-4        1.011577           0.125812E-4        1.010124
        6.076000           0.164668E-4        1.011577           0.125818E-4        1.010125
        6.078000           0.164677E-4        1.011577           0.125825E-4        1.010125
        6.079999           0.164687E-4        1.011578           0.125831E-4        1.010125
        6.082000           0.164697E-4        1.011578           0.125838E-4        1.010125
        6.084000           0.164706E-4        1.011579           0.125844E-4        1.010126
        6.085999           0.164716E-4        1.011579           0.125851E-4        1.010126
        6.087999           0.164725E-4        1.011579           0.125857E-4        1.010126
        6.089999           0.164735E-4        1.011580           0.125863E-4        1.010126
        6.092000           0.164745E-4        1.011580           0.125870E-4        1.010127
        6.093999           0.164754E-4        1.011580           0.125876E-4        1.010127
        6.096000           0.164764E-4        1.011580           0.125883E-4        1.010127
        6.098000           0.164774E-4        1.011581           0.125889E-4        1.010127
        6.099999           0.164783E-4        1.011581           0.125896E-4        1.010128
        6.102000           0.164793E-4        1.011582           0.125902E-4        1.010128
        6.104000           0.164802E-4        1.011582           0.125908E-4        1.010128
        6.105999           0.164812E-4        1.011582           0.125915E-4        1.010128
        6.107999           0.164822E-4        1.011582           0.125921E-4        1.010129
        6.110000           0.164831E-4        1.011583           0.125928E-4        1.010129
        6.112000           0.164841E-4        1.011583           0.125934E-4        1.010129
        6.113999           0.164851E-4        1.011583           0.125941E-4        1.010129
        6.116000           0.164860E-4        1.011584           0.125947E-4        1.010130
        6.118000           0.164870E-4        1.011584           0.125954E-4        1.010130
        6.120000           0.164879E-4        1.011584           0.125960E-4        1.010130
        6.122000           0.164889E-4        1.011585           0.125966E-4        1.010130
        6.124000           0.164899E-4        1.011585           0.125973E-4        1.010131
        6.125999           0.164908E-4        1.011585           0.125979E-4        1.010131
        6.127999           0.164918E-4        1.011586           0.125986E-4        1.010131
        6.130000           0.164928E-4        1.011586           0.125992E-4        1.010131
        6.131999           0.164937E-4        1.011586           0.125999E-4        1.010132
        6.133999           0.164947E-4        1.011587           0.126005E-4        1.010132
        6.136000           0.164957E-4        1.011587           0.126011E-4        1.010132
        6.138000           0.164966E-4        1.011587           0.126018E-4        1.010132
        6.140000           0.164976E-4        1.011588           0.126024E-4        1.010133
        6.142000           0.164985E-4        1.011588           0.126031E-4        1.010133
        6.144000           0.164995E-4        1.011588           0.126037E-4        1.010133
        6.145999           0.165005E-4        1.011589           0.126044E-4        1.010133
        6.147999           0.165014E-4        1.011589           0.126050E-4        1.010134
        6.150000           0.165024E-4        1.011589           0.126057E-4        1.010134
        6.151999           0.165034E-4        1.011590           0.126063E-4        1.010134
        6.154000           0.165043E-4        1.011590           0.126069E-4        1.010134
        6.156000           0.165053E-4        1.011590           0.126076E-4        1.010135
        6.158000           0.165063E-4        1.011591           0.126082E-4        1.010135
        6.160000           0.165072E-4        1.011591           0.126089E-4        1.010135
        6.162000           0.165082E-4        1.011591           0.126095E-4        1.010135
        6.164000           0.165092E-4        1.011592           0.126102E-4        1.010136
        6.165999           0.165101E-4        1.011592           0.126108E-4        1.010136
        6.167999           0.165111E-4        1.011592           0.126115E-4        1.010136
        6.170000           0.165120E-4        1.011593           0.126121E-4        1.010136
        6.171999           0.165130E-4        1.011593           0.126127E-4        1.010137
        6.174000           0.165140E-4        1.011593           0.126134E-4        1.010137
        6.176000           0.165149E-4        1.011594           0.126140E-4        1.010137
        6.177999           0.165159E-4        1.011594           0.126147E-4        1.010137
        6.180000           0.165169E-4        1.011594           0.126153E-4        1.010138
        6.181999           0.165178E-4        1.011595           0.126160E-4        1.010138
        6.184000           0.165188E-4        1.011595           0.126166E-4        1.010138
        6.185999           0.165198E-4        1.011595           0.126173E-4        1.010138
        6.188000           0.165207E-4        1.011596           0.126179E-4        1.010139
        6.190000           0.165217E-4        1.011596           0.126185E-4        1.010139
        6.191999           0.165227E-4        1.011596           0.126192E-4        1.010139
        6.194000           0.165236E-4        1.011597           0.126198E-4        1.010139
        6.196000           0.165246E-4        1.011597           0.126205E-4        1.010140
        6.198000           0.165256E-4        1.011597           0.126211E-4        1.010140
        6.199999           0.165265E-4        1.011598           0.126218E-4        1.010140
        6.201999           0.165275E-4        1.011598           0.126224E-4        1.010140
        6.204000           0.165285E-4        1.011598           0.126231E-4        1.010141
        6.205999           0.165294E-4        1.011599           0.126237E-4        1.010141
        6.208000           0.165304E-4        1.011599           0.126244E-4        1.010141
        6.210000           0.165314E-4        1.011599           0.126250E-4        1.010141
        6.211999           0.165323E-4        1.011600           0.126257E-4        1.010142
        6.214000           0.165333E-4        1.011600           0.126263E-4        1.010142
        6.216000           0.165343E-4        1.011600           0.126270E-4        1.010142
        6.217999           0.165352E-4        1.011601           0.126276E-4        1.010142
        6.219999           0.165362E-4        1.011601           0.126282E-4        1.010143
        6.222000           0.165372E-4        1.011601           0.126289E-4        1.010143
        6.224000           0.165381E-4        1.011602           0.126295E-4        1.010143
        6.225999           0.165391E-4        1.011602           0.126302E-4        1.010144
        6.228000           0.165401E-4        1.011602           0.126308E-4        1.010144
        6.230000           0.165411E-4        1.011603           0.126315E-4        1.010144
        6.232000           0.165420E-4        1.011603           0.126321E-4        1.010144
        6.234000           0.165430E-4        1.011603           0.126328E-4        1.010144
        6.236000           0.165440E-4        1.011604           0.126334E-4        1.010145
        6.237999           0.165449E-4        1.011604           0.126341E-4        1.010145
        6.239999           0.165459E-4        1.011604           0.126347E-4        1.010145
        6.242000           0.165469E-4        1.011605           0.126354E-4        1.010146
        6.243999           0.165478E-4        1.011605           0.126360E-4        1.010146
        6.245999           0.165488E-4        1.011605           0.126366E-4        1.010146
        6.248000           0.165498E-4        1.011606           0.126373E-4        1.010146
        6.250000           0.165507E-4        1.011606           0.126380E-4        1.010146
        6.252000           0.165517E-4        1.011606           0.126386E-4        1.010147
        6.254000           0.165527E-4        1.011607           0.126392E-4        1.010147
        6.256000           0.165536E-4        1.011607           0.126399E-4        1.010147
        6.257999           0.165546E-4        1.011607           0.126405E-4        1.010148
        6.259999           0.165556E-4        1.011608           0.126412E-4        1.010148
        6.262000           0.165566E-4        1.011608           0.126418E-4        1.010148
        6.263999           0.165575E-4        1.011608           0.126425E-4        1.010148
        6.266000           0.165585E-4        1.011609           0.126431E-4        1.010149
        6.268000           0.165595E-4        1.011609           0.126438E-4        1.010149
        6.270000           0.165604E-4        1.011609           0.126444E-4        1.010149
        6.272000           0.165614E-4        1.011610           0.126451E-4        1.010149
        6.274000           0.165624E-4        1.011610           0.126457E-4        1.010149
        6.276000           0.165633E-4        1.011610           0.126464E-4        1.010150
        6.277999           0.165643E-4        1.011611           0.126470E-4        1.010150
        6.279999           0.165653E-4        1.011611           0.126477E-4        1.010150
        6.282000           0.165662E-4        1.011611           0.126483E-4        1.010151
        6.283999           0.165672E-4        1.011612           0.126489E-4        1.010151
        6.286000           0.165682E-4        1.011612           0.126496E-4        1.010151
        6.288000           0.165692E-4        1.011612           0.126502E-4        1.010151
        6.289999           0.165701E-4        1.011613           0.126509E-4        1.010152
        6.292000           0.165711E-4        1.011613           0.126515E-4        1.010152
        6.293999           0.165721E-4        1.011613           0.126522E-4        1.010152
        6.296000           0.165730E-4        1.011614           0.126528E-4        1.010152
        6.297999           0.165740E-4        1.011614           0.126535E-4        1.010153
        6.300000           0.165750E-4        1.011614           0.126541E-4        1.010153
        6.302000           0.165760E-4        1.011615           0.126548E-4        1.010153
        6.303999           0.165769E-4        1.011615           0.126554E-4        1.010153
        6.306000           0.165779E-4        1.011615           0.126561E-4        1.010154
        6.308000           0.165789E-4        1.011616           0.126567E-4        1.010154
        6.310000           0.165798E-4        1.011616           0.126574E-4        1.010154
        6.311999           0.165808E-4        1.011616           0.126580E-4        1.010154
        6.313999           0.165818E-4        1.011617           0.126587E-4        1.010155
        6.316000           0.165828E-4        1.011617           0.126593E-4        1.010155
        6.317999           0.165837E-4        1.011617           0.126600E-4        1.010155
        6.320000           0.165847E-4        1.011618           0.126606E-4        1.010155
        6.322000           0.165857E-4        1.011618           0.126613E-4        1.010156
        6.323999           0.165866E-4        1.011618           0.126619E-4        1.010156
        6.326000           0.165876E-4        1.011618           0.126626E-4        1.010156
        6.328000           0.165886E-4        1.011619           0.126632E-4        1.010156
        6.329999           0.165896E-4        1.011619           0.126639E-4        1.010157
        6.331999           0.165905E-4        1.011620           0.126645E-4        1.010157
        6.334000           0.165915E-4        1.011620           0.126652E-4        1.010157
        6.335999           0.165925E-4        1.011620           0.126658E-4        1.010157
        6.337999           0.165935E-4        1.011621           0.126665E-4        1.010158
        6.340000           0.165944E-4        1.011621           0.126671E-4        1.010158
        6.342000           0.165954E-4        1.011621           0.126678E-4        1.010158
        6.344000           0.165964E-4        1.011621           0.126684E-4        1.010158
        6.346000           0.165973E-4        1.011622           0.126691E-4        1.010159
        6.348000           0.165983E-4        1.011622           0.126697E-4        1.010159
        6.349999           0.165993E-4        1.011623           0.126704E-4        1.010159
        6.351999           0.166003E-4        1.011623           0.126710E-4        1.010159
        6.354000           0.166012E-4        1.011623           0.126717E-4        1.010160
        6.355999           0.166022E-4        1.011624           0.126723E-4        1.010160
        6.357999           0.166032E-4        1.011624           0.126730E-4        1.010160
        6.360000           0.166042E-4        1.011624           0.126736E-4        1.010160
        6.362000           0.166051E-4        1.011624           0.126743E-4        1.010161
        6.364000           0.166061E-4        1.011625           0.126749E-4        1.010161
        6.366000           0.166071E-4        1.011625           0.126756E-4        1.010161
        6.368000           0.166081E-4        1.011626           0.126762E-4        1.010161
        6.369999           0.166090E-4        1.011626           0.126769E-4        1.010162
        6.371999           0.166100E-4        1.011626           0.126775E-4        1.010162
        6.374000           0.166110E-4        1.011626           0.126782E-4        1.010162
        6.375999           0.166119E-4        1.011627           0.126788E-4        1.010162
        6.378000           0.166129E-4        1.011627           0.126795E-4        1.010163
        6.380000           0.166139E-4        1.011627           0.126801E-4        1.010163
        6.381999           0.166149E-4        1.011628           0.126808E-4        1.010163
        6.384000           0.166158E-4        1.011628           0.126814E-4        1.010163
        6.386000           0.166168E-4        1.011629           0.126821E-4        1.010164
        6.388000           0.166178E-4        1.011629           0.126827E-4        1.010164
        6.389999           0.166188E-4        1.011629           0.126834E-4        1.010164
        6.391999           0.166197E-4        1.011629           0.126840E-4        1.010164
        6.394000           0.166207E-4        1.011630           0.126847E-4        1.010165
        6.395999           0.166217E-4        1.011630           0.126853E-4        1.010165
        6.398000           0.166227E-4        1.011631           0.126860E-4        1.010165
        6.400000           0.166236E-4        1.011631           0.126866E-4        1.010165
        6.401999           0.166246E-4        1.011631           0.126873E-4        1.010166
        6.404000           0.166256E-4        1.011631           0.126879E-4        1.010166
        6.405999           0.166266E-4        1.011632           0.126886E-4        1.010166
        6.408000           0.166275E-4        1.011632           0.126892E-4        1.010167
        6.409999           0.166285E-4        1.011632           0.126899E-4        1.010167
        6.412000           0.166295E-4        1.011633           0.126905E-4        1.010167
        6.414000           0.166305E-4        1.011633           0.126912E-4        1.010167
        6.415999           0.166315E-4        1.011634           0.126918E-4        1.010167
        6.418000           0.166324E-4        1.011634           0.126925E-4        1.010168
        6.420000           0.166334E-4        1.011634           0.126931E-4        1.010168
        6.422000           0.166344E-4        1.011634           0.126938E-4        1.010168
        6.423999           0.166354E-4        1.011635           0.126944E-4        1.010169
        6.425999           0.166363E-4        1.011635           0.126951E-4        1.010169
        6.427999           0.166373E-4        1.011635           0.126957E-4        1.010169
        6.429999           0.166383E-4        1.011636           0.126964E-4        1.010169
        6.432000           0.166393E-4        1.011636           0.126970E-4        1.010170
        6.434000           0.166402E-4        1.011636           0.126977E-4        1.010170
        6.435999           0.166412E-4        1.011637           0.126983E-4        1.010170
        6.438000           0.166422E-4        1.011637           0.126990E-4        1.010170
        6.440000           0.166432E-4        1.011637           0.126996E-4        1.010171
        6.441999           0.166441E-4        1.011638           0.127003E-4        1.010171
        6.443999           0.166451E-4        1.011638           0.127009E-4        1.010171
        6.446000           0.166461E-4        1.011639           0.127016E-4        1.010171
        6.447999           0.166471E-4        1.011639           0.127023E-4        1.010172
        6.449999           0.166481E-4        1.011639           0.127029E-4        1.010172
        6.452000           0.166490E-4        1.011639           0.127036E-4        1.010172
        6.454000           0.166500E-4        1.011640           0.127042E-4        1.010172
        6.456000           0.166510E-4        1.011640           0.127049E-4        1.010173
        6.458000           0.166520E-4        1.011640           0.127055E-4        1.010173
        6.460000           0.166529E-4        1.011641           0.127062E-4        1.010173
        6.461999           0.166539E-4        1.011641           0.127068E-4        1.010173
        6.463999           0.166549E-4        1.011642           0.127075E-4        1.010174
        6.466000           0.166559E-4        1.011642           0.127081E-4        1.010174
        6.467999           0.166569E-4        1.011642           0.127088E-4        1.010174
        6.469999           0.166578E-4        1.011642           0.127094E-4        1.010174
        6.472000           0.166588E-4        1.011643           0.127101E-4        1.010175
        6.474000           0.166598E-4        1.011643           0.127107E-4        1.010175
        6.476000           0.166608E-4        1.011643           0.127114E-4        1.010175
        6.478000           0.166618E-4        1.011644           0.127120E-4        1.010175
        6.480000           0.166627E-4        1.011644           0.127127E-4        1.010176
        6.481999           0.166637E-4        1.011644           0.127134E-4        1.010176
        6.483999           0.166647E-4        1.011645           0.127140E-4        1.010176
        6.486000           0.166657E-4        1.011645           0.127147E-4        1.010176
        6.487999           0.166666E-4        1.011645           0.127153E-4        1.010177
        6.490000           0.166676E-4        1.011646           0.127160E-4        1.010177
        6.492000           0.166686E-4        1.011646           0.127166E-4        1.010177
        6.493999           0.166696E-4        1.011647           0.127173E-4        1.010177
        6.496000           0.166706E-4        1.011647           0.127179E-4        1.010178
        6.498000           0.166715E-4        1.011647           0.127186E-4        1.010178
        6.500000           0.166725E-4        1.011647           0.127192E-4        1.010178
        6.501999           0.166735E-4        1.011648           0.127199E-4        1.010178
        6.503999           0.166745E-4        1.011648           0.127205E-4        1.010179
        6.506000           0.166755E-4        1.011648           0.127212E-4        1.010179
        6.507999           0.166764E-4        1.011649           0.127218E-4        1.010179
        6.510000           0.166774E-4        1.011649           0.127225E-4        1.010180
        6.512000           0.166784E-4        1.011649           0.127232E-4        1.010180
        6.513999           0.166794E-4        1.011650           0.127238E-4        1.010180
        6.516000           0.166804E-4        1.011650           0.127245E-4        1.010180
        6.518000           0.166813E-4        1.011650           0.127251E-4        1.010180
        6.520000           0.166823E-4        1.011651           0.127258E-4        1.010181
        6.521999           0.166833E-4        1.011651           0.127264E-4        1.010181
        6.524000           0.166843E-4        1.011652           0.127271E-4        1.010181
        6.526000           0.166853E-4        1.011652           0.127277E-4        1.010182
        6.527999           0.166862E-4        1.011652           0.127284E-4        1.010182
        6.530000           0.166872E-4        1.011652           0.127290E-4        1.010182
        6.532000           0.166882E-4        1.011653           0.127297E-4        1.010182
        6.534000           0.166892E-4        1.011653           0.127303E-4        1.010182
        6.535999           0.166902E-4        1.011653           0.127310E-4        1.010183
        6.537999           0.166912E-4        1.011654           0.127316E-4        1.010183
        6.539999           0.166921E-4        1.011654           0.127323E-4        1.010183
        6.541999           0.166931E-4        1.011654           0.127330E-4        1.010184
        6.544000           0.166941E-4        1.011655           0.127336E-4        1.010184
        6.546000           0.166951E-4        1.011655           0.127343E-4        1.010184
        6.547999           0.166961E-4        1.011655           0.127349E-4        1.010184
        6.550000           0.166970E-4        1.011656           0.127356E-4        1.010185
        6.552000           0.166980E-4        1.011656           0.127362E-4        1.010185
        6.553999           0.166990E-4        1.011657           0.127369E-4        1.010185
        6.555999           0.167000E-4        1.011657           0.127375E-4        1.010185
        6.558000           0.167010E-4        1.011657           0.127382E-4        1.010186
        6.559999           0.167020E-4        1.011657           0.127389E-4        1.010186
        6.561999           0.167029E-4        1.011658           0.127395E-4        1.010186
        6.564000           0.167039E-4        1.011658           0.127402E-4        1.010186
        6.566000           0.167049E-4        1.011658           0.127408E-4        1.010187
        6.568000           0.167059E-4        1.011659           0.127415E-4        1.010187
        6.570000           0.167069E-4        1.011659           0.127421E-4        1.010187
        6.572000           0.167079E-4        1.011660           0.127428E-4        1.010187
        6.573999           0.167088E-4        1.011660           0.127434E-4        1.010188
        6.575999           0.167098E-4        1.011660           0.127441E-4        1.010188
        6.578000           0.167108E-4        1.011660           0.127447E-4        1.010188
        6.579999           0.167118E-4        1.011661           0.127454E-4        1.010188
        6.581999           0.167128E-4        1.011661           0.127461E-4        1.010189
        6.584000           0.167137E-4        1.011662           0.127467E-4        1.010189
        6.585999           0.167147E-4        1.011662           0.127474E-4        1.010189
        6.588000           0.167157E-4        1.011662           0.127480E-4        1.010189
        6.590000           0.167167E-4        1.011662           0.127487E-4        1.010190
        6.592000           0.167177E-4        1.011663           0.127493E-4        1.010190
        6.593999           0.167187E-4        1.011663           0.127500E-4        1.010190
        6.595999           0.167197E-4        1.011663           0.127506E-4        1.010190
        6.598000           0.167206E-4        1.011664           0.127513E-4        1.010191
        6.599999           0.167216E-4        1.011664           0.127520E-4        1.010191
        6.602000           0.167226E-4        1.011665           0.127526E-4        1.010191
        6.604000           0.167236E-4        1.011665           0.127533E-4        1.010191
        6.605999           0.167246E-4        1.011665           0.127539E-4        1.010192
        6.608000           0.167256E-4        1.011665           0.127546E-4        1.010192
        6.610000           0.167265E-4        1.011666           0.127552E-4        1.010192
        6.612000           0.167275E-4        1.011666           0.127559E-4        1.010193
        6.613999           0.167285E-4        1.011667           0.127566E-4        1.010193
        6.615999           0.167295E-4        1.011667           0.127572E-4        1.010193
        6.618000           0.167305E-4        1.011667           0.127579E-4        1.010193
        6.619999           0.167315E-4        1.011667           0.127585E-4        1.010193
        6.622000           0.167325E-4        1.011668           0.127592E-4        1.010194
        6.624000           0.167334E-4        1.011668           0.127598E-4        1.010194
        6.625999           0.167344E-4        1.011669           0.127605E-4        1.010194
        6.628000           0.167354E-4        1.011669           0.127611E-4        1.010195
        6.630000           0.167364E-4        1.011669           0.127618E-4        1.010195
        6.631999           0.167374E-4        1.011670           0.127625E-4        1.010195
        6.633999           0.167384E-4        1.011670           0.127631E-4        1.010195
        6.636000           0.167394E-4        1.011670           0.127638E-4        1.010195
        6.638000           0.167403E-4        1.011670           0.127644E-4        1.010196
        6.639999           0.167413E-4        1.011671           0.127651E-4        1.010196
        6.642000           0.167423E-4        1.011671           0.127657E-4        1.010196
        6.644000           0.167433E-4        1.011672           0.127664E-4        1.010197
        6.646000           0.167443E-4        1.011672           0.127671E-4        1.010197
        6.648000           0.167453E-4        1.011672           0.127677E-4        1.010197
        6.649999           0.167463E-4        1.011672           0.127684E-4        1.010197
        6.651999           0.167472E-4        1.011673           0.127690E-4        1.010198
        6.653999           0.167482E-4        1.011673           0.127697E-4        1.010198
        6.656000           0.167492E-4        1.011674           0.127704E-4        1.010198
        6.658000           0.167502E-4        1.011674           0.127710E-4        1.010198
        6.659999           0.167512E-4        1.011674           0.127717E-4        1.010199
        6.662000           0.167522E-4        1.011675           0.127723E-4        1.010199
        6.664000           0.167532E-4        1.011675           0.127730E-4        1.010199
        6.665999           0.167541E-4        1.011675           0.127736E-4        1.010199
        6.667999           0.167551E-4        1.011676           0.127743E-4        1.010200
        6.669999           0.167561E-4        1.011676           0.127750E-4        1.010200
        6.671999           0.167571E-4        1.011676           0.127756E-4        1.010200
        6.673999           0.167581E-4        1.011677           0.127763E-4        1.010200
        6.676000           0.167591E-4        1.011677           0.127769E-4        1.010201
        6.677999           0.167601E-4        1.011677           0.127776E-4        1.010201
        6.680000           0.167611E-4        1.011678           0.127782E-4        1.010201
        6.682000           0.167620E-4        1.011678           0.127789E-4        1.010201
        6.684000           0.167630E-4        1.011678           0.127796E-4        1.010202
        6.685999           0.167640E-4        1.011679           0.127802E-4        1.010202
        6.687999           0.167650E-4        1.011679           0.127809E-4        1.010202
        6.690000           0.167660E-4        1.011679           0.127815E-4        1.010202
        6.691999           0.167670E-4        1.011680           0.127822E-4        1.010203
        6.693999           0.167680E-4        1.011680           0.127828E-4        1.010203
        6.696000           0.167690E-4        1.011680           0.127835E-4        1.010203
        6.697999           0.167700E-4        1.011681           0.127842E-4        1.010203
        6.700000           0.167709E-4        1.011681           0.127848E-4        1.010204
        6.702000           0.167719E-4        1.011681           0.127855E-4        1.010204
        6.704000           0.167729E-4        1.011682           0.127862E-4        1.010204
        6.705999           0.167739E-4        1.011682           0.127868E-4        1.010204
        6.707999           0.167749E-4        1.011682           0.127875E-4        1.010205
        6.710000           0.167759E-4        1.011683           0.127881E-4        1.010205
        6.711999           0.167769E-4        1.011683           0.127888E-4        1.010205
        6.714000           0.167779E-4        1.011683           0.127894E-4        1.010206
        6.716000           0.167789E-4        1.011684           0.127901E-4        1.010206
        6.717999           0.167798E-4        1.011684           0.127908E-4        1.010206
        6.720000           0.167808E-4        1.011684           0.127914E-4        1.010206
        6.722000           0.167818E-4        1.011685           0.127921E-4        1.010206
        6.724000           0.167828E-4        1.011685           0.127927E-4        1.010207
        6.725999           0.167838E-4        1.011685           0.127934E-4        1.010207
        6.727999           0.167848E-4        1.011686           0.127941E-4        1.010207
        6.730000           0.167858E-4        1.011686           0.127947E-4        1.010208
        6.731999           0.167868E-4        1.011686           0.127954E-4        1.010208
        6.734000           0.167878E-4        1.011687           0.127960E-4        1.010208
        6.736000           0.167888E-4        1.011687           0.127967E-4        1.010208
        6.737999           0.167897E-4        1.011687           0.127973E-4        1.010209
        6.740000           0.167907E-4        1.011688           0.127980E-4        1.010209
        6.742000           0.167917E-4        1.011688           0.127987E-4        1.010209
        6.743999           0.167927E-4        1.011688           0.127993E-4        1.010209
        6.745999           0.167937E-4        1.011689           0.128000E-4        1.010210
        6.748000           0.167947E-4        1.011689           0.128007E-4        1.010210
        6.750000           0.167957E-4        1.011689           0.128013E-4        1.010210
        6.751999           0.167967E-4        1.011690           0.128020E-4        1.010210
        6.754000           0.167977E-4        1.011690           0.128026E-4        1.010211
        6.756000           0.167987E-4        1.011690           0.128033E-4        1.010211
        6.758000           0.167997E-4        1.011691           0.128040E-4        1.010211
        6.760000           0.168006E-4        1.011691           0.128046E-4        1.010211
        6.761999           0.168016E-4        1.011691           0.128053E-4        1.010212
        6.763999           0.168026E-4        1.011692           0.128059E-4        1.010212
        6.765999           0.168036E-4        1.011692           0.128066E-4        1.010212
        6.768000           0.168046E-4        1.011692           0.128073E-4        1.010212
        6.770000           0.168056E-4        1.011693           0.128079E-4        1.010213
        6.771999           0.168066E-4        1.011693           0.128086E-4        1.010213
        6.774000           0.168076E-4        1.011693           0.128092E-4        1.010213
        6.776000           0.168086E-4        1.011694           0.128099E-4        1.010213
        6.778000           0.168096E-4        1.011694           0.128106E-4        1.010214
        6.779999           0.168106E-4        1.011694           0.128112E-4        1.010214
        6.781999           0.168116E-4        1.011695           0.128119E-4        1.010214
        6.783999           0.168125E-4        1.011695           0.128125E-4        1.010214
        6.785999           0.168135E-4        1.011695           0.128132E-4        1.010215
        6.788000           0.168145E-4        1.011696           0.128139E-4        1.010215
        6.789999           0.168155E-4        1.011696           0.128145E-4        1.010215
        6.792000           0.168165E-4        1.011696           0.128152E-4        1.010216
        6.794000           0.168175E-4        1.011697           0.128158E-4        1.010216
        6.796000           0.168185E-4        1.011697           0.128165E-4        1.010216
        6.797999           0.168195E-4        1.011697           0.128172E-4        1.010216
        6.799999           0.168205E-4        1.011698           0.128178E-4        1.010216
        6.802000           0.168215E-4        1.011698           0.128185E-4        1.010217
        6.804000           0.168225E-4        1.011698           0.128191E-4        1.010217
        6.806000           0.168235E-4        1.011699           0.128198E-4        1.010217
        6.808000           0.168245E-4        1.011699           0.128205E-4        1.010218
        6.809999           0.168255E-4        1.011699           0.128211E-4        1.010218
        6.811999           0.168264E-4        1.011700           0.128218E-4        1.010218
        6.814000           0.168274E-4        1.011700           0.128224E-4        1.010218
        6.816000           0.168284E-4        1.011700           0.128231E-4        1.010219
        6.817999           0.168294E-4        1.011701           0.128238E-4        1.010219
        6.819999           0.168304E-4        1.011701           0.128245E-4        1.010219
        6.821999           0.168314E-4        1.011701           0.128251E-4        1.010219
        6.824000           0.168324E-4        1.011702           0.128258E-4        1.010220
        6.826000           0.168334E-4        1.011702           0.128264E-4        1.010220
        6.828000           0.168344E-4        1.011702           0.128271E-4        1.010220
        6.829999           0.168354E-4        1.011703           0.128277E-4        1.010220
        6.831999           0.168364E-4        1.011703           0.128284E-4        1.010221
        6.834000           0.168374E-4        1.011703           0.128291E-4        1.010221
        6.835999           0.168384E-4        1.011704           0.128297E-4        1.010221
        6.837999           0.168394E-4        1.011704           0.128304E-4        1.010221
        6.839999           0.168404E-4        1.011704           0.128311E-4        1.010222
        6.841999           0.168414E-4        1.011705           0.128317E-4        1.010222
        6.844000           0.168424E-4        1.011705           0.128324E-4        1.010222
        6.846000           0.168434E-4        1.011705           0.128331E-4        1.010222
        6.848000           0.168444E-4        1.011706           0.128337E-4        1.010223
        6.849999           0.168453E-4        1.011706           0.128344E-4        1.010223
        6.851999           0.168463E-4        1.011706           0.128350E-4        1.010223
        6.854000           0.168473E-4        1.011707           0.128357E-4        1.010223
        6.855999           0.168483E-4        1.011707           0.128364E-4        1.010224
        6.857999           0.168493E-4        1.011707           0.128370E-4        1.010224
        6.859999           0.168503E-4        1.011708           0.128377E-4        1.010224
        6.861999           0.168513E-4        1.011708           0.128383E-4        1.010224
        6.864000           0.168523E-4        1.011708           0.128390E-4        1.010225
        6.866000           0.168533E-4        1.011709           0.128397E-4        1.010225
        6.868000           0.168543E-4        1.011709           0.128403E-4        1.010225
        6.869999           0.168553E-4        1.011709           0.128410E-4        1.010226
        6.871999           0.168563E-4        1.011710           0.128417E-4        1.010226
        6.874000           0.168573E-4        1.011710           0.128423E-4        1.010226
        6.875999           0.168583E-4        1.011711           0.128430E-4        1.010226
        6.877999           0.168593E-4        1.011711           0.128436E-4        1.010226
        6.879999           0.168603E-4        1.011711           0.128443E-4        1.010227
        6.882000           0.168613E-4        1.011711           0.128450E-4        1.010227
        6.884000           0.168623E-4        1.011712           0.128456E-4        1.010227
        6.886000           0.168633E-4        1.011712           0.128463E-4        1.010228
        6.888000           0.168643E-4        1.011713           0.128470E-4        1.010228
        6.889999           0.168653E-4        1.011713           0.128476E-4        1.010228
        6.892000           0.168663E-4        1.011713           0.128483E-4        1.010228
        6.894000           0.168673E-4        1.011714           0.128490E-4        1.010229
        6.895999           0.168683E-4        1.011714           0.128496E-4        1.010229
        6.897999           0.168693E-4        1.011714           0.128503E-4        1.010229
        6.899999           0.168703E-4        1.011715           0.128509E-4        1.010229
        6.902000           0.168713E-4        1.011715           0.128516E-4        1.010230
        6.904000           0.168723E-4        1.011715           0.128523E-4        1.010230
        6.906000           0.168733E-4        1.011716           0.128529E-4        1.010230
        6.908000           0.168742E-4        1.011716           0.128536E-4        1.010230
        6.909999           0.168752E-4        1.011716           0.128543E-4        1.010231
        6.912000           0.168762E-4        1.011717           0.128549E-4        1.010231
        6.914000           0.168772E-4        1.011717           0.128556E-4        1.010231
        6.915999           0.168782E-4        1.011717           0.128563E-4        1.010231
        6.917999           0.168792E-4        1.011718           0.128569E-4        1.010232
        6.919999           0.168802E-4        1.011718           0.128576E-4        1.010232
        6.922000           0.168812E-4        1.011718           0.128583E-4        1.010232
        6.924000           0.168822E-4        1.011719           0.128589E-4        1.010232
        6.926000           0.168832E-4        1.011719           0.128596E-4        1.010233
        6.927999           0.168842E-4        1.011719           0.128603E-4        1.010233
        6.929999           0.168852E-4        1.011720           0.128609E-4        1.010233
        6.932000           0.168862E-4        1.011720           0.128616E-4        1.010233
        6.934000           0.168872E-4        1.011720           0.128622E-4        1.010234
        6.935999           0.168882E-4        1.011721           0.128629E-4        1.010234
        6.937999           0.168892E-4        1.011721           0.128636E-4        1.010234
        6.939999           0.168902E-4        1.011721           0.128642E-4        1.010234
        6.942000           0.168912E-4        1.011722           0.128649E-4        1.010235
        6.944000           0.168922E-4        1.011722           0.128656E-4        1.010235
        6.946000           0.168932E-4        1.011722           0.128662E-4        1.010235
        6.947999           0.168942E-4        1.011723           0.128669E-4        1.010236
        6.949999           0.168952E-4        1.011723           0.128676E-4        1.010236
        6.952000           0.168962E-4        1.011723           0.128682E-4        1.010236
        6.954000           0.168972E-4        1.011724           0.128689E-4        1.010236
        6.955999           0.168982E-4        1.011724           0.128696E-4        1.010237
        6.957999           0.168992E-4        1.011724           0.128702E-4        1.010237
        6.960000           0.169002E-4        1.011725           0.128709E-4        1.010237
        6.962000           0.169012E-4        1.011725           0.128716E-4        1.010237
        6.964000           0.169022E-4        1.011725           0.128722E-4        1.010238
        6.966000           0.169032E-4        1.011726           0.128729E-4        1.010238
        6.967999           0.169042E-4        1.011726           0.128736E-4        1.010238
        6.970000           0.169052E-4        1.011726           0.128742E-4        1.010238
        6.972000           0.169062E-4        1.011727           0.128749E-4        1.010239
        6.974000           0.169072E-4        1.011727           0.128756E-4        1.010239
        6.975999           0.169082E-4        1.011727           0.128762E-4        1.010239
        6.977999           0.169092E-4        1.011728           0.128769E-4        1.010239
        6.980000           0.169102E-4        1.011728           0.128775E-4        1.010240
        6.982000           0.169112E-4        1.011728           0.128782E-4        1.010240
        6.984000           0.169122E-4        1.011729           0.128789E-4        1.010240
        6.985999           0.169132E-4        1.011729           0.128795E-4        1.010240
        6.987999           0.169142E-4        1.011729           0.128802E-4        1.010241
        6.990000           0.169152E-4        1.011730           0.128809E-4        1.010241
        6.992000           0.169162E-4        1.011730           0.128815E-4        1.010241
        6.993999           0.169172E-4        1.011730           0.128822E-4        1.010241
        6.995999           0.169182E-4        1.011731           0.128829E-4        1.010242
        6.997999           0.169192E-4        1.011731           0.128835E-4        1.010242
        7.000000           0.169203E-4        1.011731           0.128842E-4        1.010242
        7.002000           0.169213E-4        1.011732           0.128849E-4        1.010242
        7.003999           0.169223E-4        1.011732           0.128855E-4        1.010243
        7.005999           0.169233E-4        1.011732           0.128862E-4        1.010243
        7.007999           0.169243E-4        1.011733           0.128869E-4        1.010243
        7.010000           0.169253E-4        1.011733           0.128875E-4        1.010244
        7.012000           0.169263E-4        1.011733           0.128882E-4        1.010244
        7.013999           0.169273E-4        1.011734           0.128889E-4        1.010244
        7.015999           0.169283E-4        1.011734           0.128895E-4        1.010244
        7.017999           0.169293E-4        1.011734           0.128902E-4        1.010244
        7.020000           0.169303E-4        1.011735           0.128909E-4        1.010245
        7.021999           0.169313E-4        1.011735           0.128915E-4        1.010245
        7.023999           0.169323E-4        1.011736           0.128922E-4        1.010245
        7.025999           0.169333E-4        1.011736           0.128929E-4        1.010246
        7.028000           0.169343E-4        1.011736           0.128936E-4        1.010246
        7.030000           0.169353E-4        1.011737           0.128942E-4        1.010246
        7.032000           0.169363E-4        1.011737           0.128949E-4        1.010246
        7.033999           0.169373E-4        1.011737           0.128955E-4        1.010247
        7.035999           0.169383E-4        1.011738           0.128962E-4        1.010247
        7.038000           0.169393E-4        1.011738           0.128969E-4        1.010247
        7.039999           0.169403E-4        1.011738           0.128976E-4        1.010247
        7.041999           0.169413E-4        1.011739           0.128982E-4        1.010248
        7.043999           0.169423E-4        1.011739           0.128989E-4        1.010248
        7.045999           0.169433E-4        1.011739           0.128996E-4        1.010248
        7.048000           0.169443E-4        1.011740           0.129002E-4        1.010248
        7.050000           0.169453E-4        1.011740           0.129009E-4        1.010249
        7.052000           0.169463E-4        1.011740           0.129016E-4        1.010249
        7.053999           0.169473E-4        1.011741           0.129022E-4        1.010249
        7.055999           0.169483E-4        1.011741           0.129029E-4        1.010249
        7.058000           0.169494E-4        1.011741           0.129036E-4        1.010250
        7.059999           0.169504E-4        1.011742           0.129042E-4        1.010250
        7.061999           0.169514E-4        1.011742           0.129049E-4        1.010250
        7.063999           0.169524E-4        1.011742           0.129056E-4        1.010250
        7.065999           0.169534E-4        1.011743           0.129062E-4        1.010251
        7.068000           0.169544E-4        1.011743           0.129069E-4        1.010251
        7.070000           0.169554E-4        1.011743           0.129076E-4        1.010251
        7.072000           0.169564E-4        1.011744           0.129082E-4        1.010252
        7.073999           0.169574E-4        1.011744           0.129089E-4        1.010252
        7.075999           0.169584E-4        1.011744           0.129096E-4        1.010252
        7.078000           0.169594E-4        1.011745           0.129102E-4        1.010252
        7.079999           0.169604E-4        1.011745           0.129109E-4        1.010252
        7.081999           0.169614E-4        1.011745           0.129116E-4        1.010253
        7.083999           0.169624E-4        1.011746           0.129123E-4        1.010253
        7.085999           0.169634E-4        1.011746           0.129129E-4        1.010253
        7.088000           0.169644E-4        1.011746           0.129136E-4        1.010254
        7.090000           0.169654E-4        1.011747           0.129143E-4        1.010254
        7.092000           0.169664E-4        1.011747           0.129149E-4        1.010254
        7.093999           0.169675E-4        1.011747           0.129156E-4        1.010254
        7.095999           0.169685E-4        1.011748           0.129163E-4        1.010255
        7.098000           0.169695E-4        1.011748           0.129169E-4        1.010255
        7.099999           0.169705E-4        1.011748           0.129176E-4        1.010255
        7.101999           0.169715E-4        1.011749           0.129183E-4        1.010255
        7.103999           0.169725E-4        1.011749           0.129189E-4        1.010256
        7.106000           0.169735E-4        1.011749           0.129196E-4        1.010256
        7.108000           0.169745E-4        1.011750           0.129203E-4        1.010256
        7.110000           0.169755E-4        1.011750           0.129210E-4        1.010256
        7.112000           0.169765E-4        1.011750           0.129216E-4        1.010257
        7.113999           0.169775E-4        1.011751           0.129223E-4        1.010257
        7.116000           0.169785E-4        1.011751           0.129230E-4        1.010257
        7.118000           0.169795E-4        1.011751           0.129236E-4        1.010257
        7.119999           0.169805E-4        1.011752           0.129243E-4        1.010258
        7.121999           0.169816E-4        1.011752           0.129250E-4        1.010258
        7.123999           0.169826E-4        1.011752           0.129256E-4        1.010258
        7.126000           0.169836E-4        1.011753           0.129263E-4        1.010258
        7.128000           0.169846E-4        1.011753           0.129270E-4        1.010259
        7.130000           0.169856E-4        1.011753           0.129276E-4        1.010259
        7.131999           0.169866E-4        1.011754           0.129283E-4        1.010259
        7.133999           0.169876E-4        1.011754           0.129290E-4        1.010260
        7.136000           0.169886E-4        1.011755           0.129297E-4        1.010260
        7.138000           0.169896E-4        1.011755           0.129303E-4        1.010260
        7.139999           0.169906E-4        1.011755           0.129310E-4        1.010260
        7.141999           0.169916E-4        1.011755           0.129317E-4        1.010261
        7.143999           0.169926E-4        1.011756           0.129323E-4        1.010261
        7.146000           0.169937E-4        1.011756           0.129330E-4        1.010261
        7.148000           0.169947E-4        1.011757           0.129337E-4        1.010261
        7.150000           0.169957E-4        1.011757           0.129343E-4        1.010262
        7.151999           0.169967E-4        1.011757           0.129350E-4        1.010262
        7.153999           0.169977E-4        1.011758           0.129357E-4        1.010262
        7.156000           0.169987E-4        1.011758           0.129364E-4        1.010262
        7.158000           0.169997E-4        1.011758           0.129370E-4        1.010263
        7.159999           0.170007E-4        1.011759           0.129377E-4        1.010263
        7.161999           0.170017E-4        1.011759           0.129384E-4        1.010263
        7.163999           0.170027E-4        1.011759           0.129391E-4        1.010263
        7.166000           0.170037E-4        1.011760           0.129397E-4        1.010264
        7.168000           0.170048E-4        1.011760           0.129404E-4        1.010264
        7.170000           0.170058E-4        1.011760           0.129411E-4        1.010264
        7.171999           0.170068E-4        1.011761           0.129417E-4        1.010264
        7.173999           0.170078E-4        1.011761           0.129424E-4        1.010265
        7.176000           0.170088E-4        1.011761           0.129431E-4        1.010265
        7.177999           0.170098E-4        1.011762           0.129437E-4        1.010265
        7.179999           0.170108E-4        1.011762           0.129444E-4        1.010265
        7.181999           0.170118E-4        1.011762           0.129451E-4        1.010266
        7.184000           0.170128E-4        1.011763           0.129458E-4        1.010266
        7.186000           0.170138E-4        1.011763           0.129464E-4        1.010266
        7.188000           0.170149E-4        1.011763           0.129471E-4        1.010266
        7.190000           0.170159E-4        1.011764           0.129478E-4        1.010267
        7.191999           0.170169E-4        1.011764           0.129484E-4        1.010267
        7.194000           0.170179E-4        1.011764           0.129491E-4        1.010267
        7.196000           0.170189E-4        1.011765           0.129498E-4        1.010267
        7.197999           0.170199E-4        1.011765           0.129505E-4        1.010268
        7.199999           0.170209E-4        1.011765           0.129511E-4        1.010268
        7.201999           0.170219E-4        1.011766           0.129518E-4        1.010268
        7.204000           0.170229E-4        1.011766           0.129525E-4        1.010269
        7.206000           0.170240E-4        1.011766           0.129531E-4        1.010269
        7.208000           0.170250E-4        1.011767           0.129538E-4        1.010269
        7.210000           0.170260E-4        1.011767           0.129545E-4        1.010269
        7.211999           0.170270E-4        1.011767           0.129552E-4        1.010270
        7.214000           0.170280E-4        1.011768           0.129558E-4        1.010270
        7.216000           0.170290E-4        1.011768           0.129565E-4        1.010270
        7.217999           0.170300E-4        1.011768           0.129572E-4        1.010270
        7.219999           0.170310E-4        1.011769           0.129579E-4        1.010271
        7.221999           0.170321E-4        1.011769           0.129585E-4        1.010271
        7.224000           0.170331E-4        1.011769           0.129592E-4        1.010271
        7.226000           0.170341E-4        1.011770           0.129599E-4        1.010271
        7.228000           0.170351E-4        1.011770           0.129605E-4        1.010272
        7.229999           0.170361E-4        1.011770           0.129612E-4        1.010272
        7.231999           0.170371E-4        1.011771           0.129619E-4        1.010272
        7.234000           0.170381E-4        1.011771           0.129626E-4        1.010273
        7.236000           0.170391E-4        1.011772           0.129632E-4        1.010273
        7.237999           0.170402E-4        1.011772           0.129639E-4        1.010273
        7.239999           0.170412E-4        1.011772           0.129646E-4        1.010273
        7.241999           0.170422E-4        1.011773           0.129653E-4        1.010273
        7.244000           0.170432E-4        1.011773           0.129659E-4        1.010274
        7.245999           0.170442E-4        1.011773           0.129666E-4        1.010274
        7.247999           0.170452E-4        1.011774           0.129673E-4        1.010274
        7.249999           0.170462E-4        1.011774           0.129679E-4        1.010275
        7.251999           0.170473E-4        1.011774           0.129686E-4        1.010275
        7.254000           0.170483E-4        1.011775           0.129693E-4        1.010275
        7.256000           0.170493E-4        1.011775           0.129700E-4        1.010275
        7.257999           0.170503E-4        1.011775           0.129706E-4        1.010276
        7.259999           0.170513E-4        1.011776           0.129713E-4        1.010276
        7.262000           0.170523E-4        1.011776           0.129720E-4        1.010276
        7.263999           0.170533E-4        1.011776           0.129726E-4        1.010276
        7.265999           0.170543E-4        1.011777           0.129733E-4        1.010277
        7.267999           0.170554E-4        1.011777           0.129740E-4        1.010277
        7.269999           0.170564E-4        1.011777           0.129747E-4        1.010277
        7.272000           0.170574E-4        1.011778           0.129753E-4        1.010277
        7.274000           0.170584E-4        1.011778           0.129760E-4        1.010278
        7.276000           0.170594E-4        1.011778           0.129767E-4        1.010278
        7.277999           0.170604E-4        1.011779           0.129774E-4        1.010278
        7.279999           0.170614E-4        1.011779           0.129780E-4        1.010278
        7.282000           0.170625E-4        1.011779           0.129787E-4        1.010279
        7.283999           0.170635E-4        1.011780           0.129794E-4        1.010279
        7.285999           0.170645E-4        1.011780           0.129801E-4        1.010279
        7.287999           0.170655E-4        1.011780           0.129807E-4        1.010279
        7.289999           0.170665E-4        1.011781           0.129814E-4        1.010280
        7.292000           0.170675E-4        1.011781           0.129821E-4        1.010280
        7.294000           0.170686E-4        1.011781           0.129828E-4        1.010280
        7.296000           0.170696E-4        1.011782           0.129834E-4        1.010280
        7.297999           0.170706E-4        1.011782           0.129841E-4        1.010281
        7.299999           0.170716E-4        1.011782           0.129848E-4        1.010281
        7.302000           0.170726E-4        1.011783           0.129855E-4        1.010281
        7.303999           0.170736E-4        1.011783           0.129861E-4        1.010282
        7.305999           0.170747E-4        1.011783           0.129868E-4        1.010282
        7.307999           0.170757E-4        1.011784           0.129875E-4        1.010282
        7.309999           0.170767E-4        1.011784           0.129882E-4        1.010282
        7.312000           0.170777E-4        1.011784           0.129888E-4        1.010283
        7.314000           0.170787E-4        1.011785           0.129895E-4        1.010283
        7.316000           0.170797E-4        1.011785           0.129902E-4        1.010283
        7.317999           0.170808E-4        1.011786           0.129909E-4        1.010283
        7.319999           0.170818E-4        1.011786           0.129915E-4        1.010284
        7.322000           0.170828E-4        1.011786           0.129922E-4        1.010284
        7.323999           0.170838E-4        1.011787           0.129929E-4        1.010284
        7.325999           0.170848E-4        1.011787           0.129936E-4        1.010284
        7.327999           0.170858E-4        1.011787           0.129942E-4        1.010285
        7.330000           0.170869E-4        1.011788           0.129949E-4        1.010285
        7.332000           0.170879E-4        1.011788           0.129956E-4        1.010285
        7.334000           0.170889E-4        1.011788           0.129963E-4        1.010285
        7.335999           0.170899E-4        1.011789           0.129969E-4        1.010286
        7.337999           0.170909E-4        1.011789           0.129976E-4        1.010286
        7.340000           0.170919E-4        1.011789           0.129983E-4        1.010286
        7.342000           0.170930E-4        1.011790           0.129989E-4        1.010286
        7.343999           0.170940E-4        1.011790           0.129996E-4        1.010287
        7.345999           0.170950E-4        1.011790           0.130003E-4        1.010287
        7.347999           0.170960E-4        1.011791           0.130010E-4        1.010287
        7.350000           0.170970E-4        1.011791           0.130017E-4        1.010288
        7.352000           0.170980E-4        1.011791           0.130023E-4        1.010288
        7.354000           0.170991E-4        1.011792           0.130030E-4        1.010288
        7.355999           0.171001E-4        1.011792           0.130037E-4        1.010288
        7.357999           0.171011E-4        1.011792           0.130044E-4        1.010289
        7.360000           0.171021E-4        1.011793           0.130050E-4        1.010289
        7.362000           0.171031E-4        1.011793           0.130057E-4        1.010289
        7.363999           0.171042E-4        1.011793           0.130064E-4        1.010289
        7.365999           0.171052E-4        1.011794           0.130071E-4        1.010290
        7.367999           0.171062E-4        1.011794           0.130078E-4        1.010290
        7.370000           0.171072E-4        1.011794           0.130084E-4        1.010290
        7.372000           0.171082E-4        1.011795           0.130091E-4        1.010290
        7.374000           0.171093E-4        1.011795           0.130098E-4        1.010291
        7.375999           0.171103E-4        1.011795           0.130105E-4        1.010291
        7.377999           0.171113E-4        1.011796           0.130111E-4        1.010291
        7.380000           0.171123E-4        1.011796           0.130118E-4        1.010291
        7.381999           0.171133E-4        1.011796           0.130125E-4        1.010292
        7.383999           0.171144E-4        1.011797           0.130132E-4        1.010292
        7.385999           0.171154E-4        1.011797           0.130138E-4        1.010292
        7.387999           0.171164E-4        1.011797           0.130145E-4        1.010292
        7.390000           0.171174E-4        1.011798           0.130152E-4        1.010293
        7.392000           0.171184E-4        1.011798           0.130159E-4        1.010293
        7.394000           0.171195E-4        1.011799           0.130165E-4        1.010293
        7.395999           0.171205E-4        1.011799           0.130172E-4        1.010293
        7.397999           0.171215E-4        1.011799           0.130179E-4        1.010294
        7.400000           0.171225E-4        1.011800           0.130186E-4        1.010294
        7.401999           0.171235E-4        1.011800           0.130193E-4        1.010294
        7.403999           0.171246E-4        1.011800           0.130199E-4        1.010295
        7.405999           0.171256E-4        1.011801           0.130206E-4        1.010295
        7.408000           0.171266E-4        1.011801           0.130213E-4        1.010295
        7.410000           0.171276E-4        1.011801           0.130220E-4        1.010295
        7.412000           0.171286E-4        1.011802           0.130226E-4        1.010296
        7.414000           0.171297E-4        1.011802           0.130233E-4        1.010296
        7.415999           0.171307E-4        1.011802           0.130240E-4        1.010296
        7.418000           0.171317E-4        1.011803           0.130247E-4        1.010296
        7.420000           0.171327E-4        1.011803           0.130254E-4        1.010297
        7.421999           0.171337E-4        1.011803           0.130260E-4        1.010297
        7.423999           0.171348E-4        1.011804           0.130267E-4        1.010297
        7.425999           0.171358E-4        1.011804           0.130274E-4        1.010297
        7.428000           0.171368E-4        1.011804           0.130281E-4        1.010298
        7.430000           0.171378E-4        1.011805           0.130287E-4        1.010298
        7.432000           0.171389E-4        1.011805           0.130294E-4        1.010298
        7.434000           0.171399E-4        1.011805           0.130301E-4        1.010298
        7.435999           0.171409E-4        1.011806           0.130308E-4        1.010299
        7.438000           0.171419E-4        1.011806           0.130315E-4        1.010299
        7.440000           0.171429E-4        1.011806           0.130321E-4        1.010299
        7.441999           0.171440E-4        1.011807           0.130328E-4        1.010299
        7.443999           0.171450E-4        1.011807           0.130335E-4        1.010300
        7.445999           0.171460E-4        1.011807           0.130342E-4        1.010300
        7.448000           0.171470E-4        1.011808           0.130349E-4        1.010300
        7.450000           0.171481E-4        1.011808           0.130355E-4        1.010301
        7.452000           0.171491E-4        1.011808           0.130362E-4        1.010301
        7.453999           0.171501E-4        1.011809           0.130369E-4        1.010301
        7.455999           0.171511E-4        1.011809           0.130376E-4        1.010301
        7.458000           0.171522E-4        1.011809           0.130382E-4        1.010302
        7.460000           0.171532E-4        1.011810           0.130389E-4        1.010302
        7.461999           0.171542E-4        1.011810           0.130396E-4        1.010302
        7.463999           0.171552E-4        1.011811           0.130403E-4        1.010302
        7.465999           0.171562E-4        1.011811           0.130410E-4        1.010303
        7.468000           0.171573E-4        1.011811           0.130416E-4        1.010303
        7.470000           0.171583E-4        1.011811           0.130423E-4        1.010303
        7.471999           0.171593E-4        1.011812           0.130430E-4        1.010303
        7.473999           0.171603E-4        1.011812           0.130437E-4        1.010304
        7.475999           0.171614E-4        1.011813           0.130444E-4        1.010304
        7.478000           0.171624E-4        1.011813           0.130450E-4        1.010304
        7.480000           0.171634E-4        1.011813           0.130457E-4        1.010304
        7.481999           0.171644E-4        1.011814           0.130464E-4        1.010305
        7.483999           0.171655E-4        1.011814           0.130471E-4        1.010305
        7.486000           0.171665E-4        1.011814           0.130477E-4        1.010305
        7.488000           0.171675E-4        1.011815           0.130484E-4        1.010306
        7.489999           0.171685E-4        1.011815           0.130491E-4        1.010306
        7.491999           0.171696E-4        1.011815           0.130498E-4        1.010306
        7.493999           0.171706E-4        1.011816           0.130505E-4        1.010306
        7.496000           0.171716E-4        1.011816           0.130511E-4        1.010306
        7.498000           0.171726E-4        1.011816           0.130518E-4        1.010307
        7.500000           0.171737E-4        1.011817           0.130525E-4        1.010307
        7.501999           0.171747E-4        1.011817           0.130532E-4        1.010307
        7.503999           0.171757E-4        1.011817           0.130539E-4        1.010308
        7.506000           0.171767E-4        1.011818           0.130545E-4        1.010308
        7.507999           0.171778E-4        1.011818           0.130552E-4        1.010308
        7.509999           0.171788E-4        1.011818           0.130559E-4        1.010308
        7.511999           0.171798E-4        1.011819           0.130566E-4        1.010309
        7.513999           0.171808E-4        1.011819           0.130573E-4        1.010309
        7.516000           0.171819E-4        1.011819           0.130580E-4        1.010309
        7.518000           0.171829E-4        1.011820           0.130586E-4        1.010309
        7.520000           0.171839E-4        1.011820           0.130593E-4        1.010310
        7.521999           0.171849E-4        1.011820           0.130600E-4        1.010310
        7.523999           0.171860E-4        1.011821           0.130607E-4        1.010310
        7.526000           0.171870E-4        1.011821           0.130614E-4        1.010310
        7.527999           0.171880E-4        1.011822           0.130620E-4        1.010311
        7.529999           0.171890E-4        1.011822           0.130627E-4        1.010311
        7.531999           0.171901E-4        1.011822           0.130634E-4        1.010311
        7.533999           0.171911E-4        1.011822           0.130641E-4        1.010311
        7.536000           0.171921E-4        1.011823           0.130648E-4        1.010312
        7.538000           0.171932E-4        1.011823           0.130654E-4        1.010312
        7.539999           0.171942E-4        1.011824           0.130661E-4        1.010312
        7.541999           0.171952E-4        1.011824           0.130668E-4        1.010313
        7.543999           0.171962E-4        1.011824           0.130675E-4        1.010313
        7.546000           0.171973E-4        1.011825           0.130682E-4        1.010313
        7.547999           0.171983E-4        1.011825           0.130688E-4        1.010313
        7.549999           0.171993E-4        1.011825           0.130695E-4        1.010314
        7.551999           0.172003E-4        1.011826           0.130702E-4        1.010314
        7.554000           0.172014E-4        1.011826           0.130709E-4        1.010314
        7.556000           0.172024E-4        1.011826           0.130716E-4        1.010314
        7.558000           0.172034E-4        1.011827           0.130723E-4        1.010315
        7.559999           0.172045E-4        1.011827           0.130729E-4        1.010315
        7.561999           0.172055E-4        1.011827           0.130736E-4        1.010315
        7.564000           0.172065E-4        1.011828           0.130743E-4        1.010315
        7.566000           0.172075E-4        1.011828           0.130750E-4        1.010316
        7.567999           0.172086E-4        1.011828           0.130757E-4        1.010316
        7.569999           0.172096E-4        1.011829           0.130763E-4        1.010316
        7.571999           0.172106E-4        1.011829           0.130770E-4        1.010316
        7.574000           0.172117E-4        1.011829           0.130777E-4        1.010317
        7.576000           0.172127E-4        1.011830           0.130784E-4        1.010317
        7.578000           0.172137E-4        1.011830           0.130791E-4        1.010317
        7.579999           0.172147E-4        1.011830           0.130797E-4        1.010317
        7.581999           0.172158E-4        1.011831           0.130804E-4        1.010318
        7.584000           0.172168E-4        1.011831           0.130811E-4        1.010318
        7.585999           0.172178E-4        1.011831           0.130818E-4        1.010318
        7.587999           0.172189E-4        1.011832           0.130825E-4        1.010319
        7.589999           0.172199E-4        1.011832           0.130832E-4        1.010319
        7.591999           0.172209E-4        1.011832           0.130838E-4        1.010319
        7.594000           0.172219E-4        1.011833           0.130845E-4        1.010319
        7.596000           0.172230E-4        1.011833           0.130852E-4        1.010320
        7.598000           0.172240E-4        1.011834           0.130859E-4        1.010320
        7.599999           0.172250E-4        1.011834           0.130866E-4        1.010320
        7.601999           0.172261E-4        1.011834           0.130873E-4        1.010320
        7.604000           0.172271E-4        1.011835           0.130879E-4        1.010321
        7.605999           0.172281E-4        1.011835           0.130886E-4        1.010321
        7.607999           0.172292E-4        1.011835           0.130893E-4        1.010321
        7.609999           0.172302E-4        1.011836           0.130900E-4        1.010321
        7.611999           0.172312E-4        1.011836           0.130907E-4        1.010322
        7.614000           0.172323E-4        1.011836           0.130913E-4        1.010322
        7.616000           0.172333E-4        1.011837           0.130920E-4        1.010322
        7.618000           0.172343E-4        1.011837           0.130927E-4        1.010322
        7.619999           0.172353E-4        1.011837           0.130934E-4        1.010323
        7.621999           0.172364E-4        1.011838           0.130941E-4        1.010323
        7.624000           0.172374E-4        1.011838           0.130948E-4        1.010323
        7.625999           0.172384E-4        1.011838           0.130954E-4        1.010324
        7.627999           0.172395E-4        1.011839           0.130961E-4        1.010324
        7.629999           0.172405E-4        1.011839           0.130968E-4        1.010324
        7.632000           0.172415E-4        1.011839           0.130975E-4        1.010324
        7.634000           0.172426E-4        1.011840           0.130982E-4        1.010325
        7.636000           0.172436E-4        1.011840           0.130989E-4        1.010325
        7.638000           0.172446E-4        1.011840           0.130996E-4        1.010325
        7.639999           0.172457E-4        1.011841           0.131002E-4        1.010325
        7.642000           0.172467E-4        1.011841           0.131009E-4        1.010326
        7.644000           0.172477E-4        1.011841           0.131016E-4        1.010326
        7.645999           0.172488E-4        1.011842           0.131023E-4        1.010326
        7.647999           0.172498E-4        1.011842           0.131030E-4        1.010326
        7.649999           0.172508E-4        1.011842           0.131036E-4        1.010327
        7.652000           0.172519E-4        1.011843           0.131043E-4        1.010327
        7.654000           0.172529E-4        1.011843           0.131050E-4        1.010327
        7.656000           0.172539E-4        1.011844           0.131057E-4        1.010327
        7.658000           0.172549E-4        1.011844           0.131064E-4        1.010328
        7.659999           0.172560E-4        1.011844           0.131071E-4        1.010328
        7.662000           0.172570E-4        1.011845           0.131078E-4        1.010328
        7.664000           0.172580E-4        1.011845           0.131085E-4        1.010329
        7.665999           0.172591E-4        1.011845           0.131091E-4        1.010329
        7.667999           0.172601E-4        1.011846           0.131098E-4        1.010329
        7.669999           0.172611E-4        1.011846           0.131105E-4        1.010329
        7.672000           0.172622E-4        1.011846           0.131112E-4        1.010329
        7.674000           0.172632E-4        1.011847           0.131119E-4        1.010330
        7.676000           0.172642E-4        1.011847           0.131126E-4        1.010330
        7.677999           0.172653E-4        1.011847           0.131132E-4        1.010330
        7.679999           0.172663E-4        1.011848           0.131139E-4        1.010331
        7.682000           0.172673E-4        1.011848           0.131146E-4        1.010331
        7.684000           0.172684E-4        1.011848           0.131153E-4        1.010331
        7.685999           0.172694E-4        1.011849           0.131160E-4        1.010331
        7.687999           0.172704E-4        1.011849           0.131167E-4        1.010332
        7.689999           0.172715E-4        1.011849           0.131173E-4        1.010332
        7.692000           0.172725E-4        1.011850           0.131180E-4        1.010332
        7.694000           0.172736E-4        1.011850           0.131187E-4        1.010332
        7.695999           0.172746E-4        1.011850           0.131194E-4        1.010333
        7.697999           0.172756E-4        1.011851           0.131201E-4        1.010333
        7.699999           0.172767E-4        1.011851           0.131208E-4        1.010333
        7.702000           0.172777E-4        1.011851           0.131215E-4        1.010334
        7.704000           0.172787E-4        1.011852           0.131221E-4        1.010334
        7.705999           0.172798E-4        1.011852           0.131228E-4        1.010334
        7.707999           0.172808E-4        1.011853           0.131235E-4        1.010334
        7.710000           0.172818E-4        1.011853           0.131242E-4        1.010334
        7.712000           0.172829E-4        1.011853           0.131249E-4        1.010335
        7.713999           0.172839E-4        1.011854           0.131256E-4        1.010335
        7.715999           0.172849E-4        1.011854           0.131263E-4        1.010335
        7.717999           0.172860E-4        1.011854           0.131270E-4        1.010336
        7.720000           0.172870E-4        1.011855           0.131276E-4        1.010336
        7.722000           0.172880E-4        1.011855           0.131283E-4        1.010336
        7.724000           0.172891E-4        1.011855           0.131290E-4        1.010336
        7.725999           0.172901E-4        1.011856           0.131297E-4        1.010337
        7.727999           0.172911E-4        1.011856           0.131304E-4        1.010337
        7.730000           0.172922E-4        1.011856           0.131311E-4        1.010337
        7.731999           0.172932E-4        1.011857           0.131317E-4        1.010337
        7.733999           0.172943E-4        1.011857           0.131324E-4        1.010338
        7.735999           0.172953E-4        1.011857           0.131331E-4        1.010338
        7.737999           0.172963E-4        1.011858           0.131338E-4        1.010338
        7.740000           0.172974E-4        1.011858           0.131345E-4        1.010338
        7.742000           0.172984E-4        1.011858           0.131352E-4        1.010339
        7.743999           0.172994E-4        1.011859           0.131359E-4        1.010339
        7.745999           0.173005E-4        1.011859           0.131366E-4        1.010339
        7.747999           0.173015E-4        1.011859           0.131372E-4        1.010339
        7.750000           0.173025E-4        1.011860           0.131379E-4        1.010340
        7.751999           0.173036E-4        1.011860           0.131386E-4        1.010340
        7.753999           0.173046E-4        1.011860           0.131393E-4        1.010340
        7.755999           0.173057E-4        1.011861           0.131400E-4        1.010341
        7.757999           0.173067E-4        1.011861           0.131407E-4        1.010341
        7.760000           0.173077E-4        1.011861           0.131414E-4        1.010341
        7.762000           0.173088E-4        1.011862           0.131421E-4        1.010341
        7.763999           0.173098E-4        1.011862           0.131427E-4        1.010342
        7.765999           0.173108E-4        1.011863           0.131434E-4        1.010342
        7.767999           0.173119E-4        1.011863           0.131441E-4        1.010342
        7.770000           0.173129E-4        1.011863           0.131448E-4        1.010342
        7.771999           0.173140E-4        1.011864           0.131455E-4        1.010343
        7.773999           0.173150E-4        1.011864           0.131462E-4        1.010343
        7.775999           0.173160E-4        1.011864           0.131469E-4        1.010343
        7.777999           0.173171E-4        1.011865           0.131475E-4        1.010343
        7.780000           0.173181E-4        1.011865           0.131482E-4        1.010344
        7.782000           0.173192E-4        1.011865           0.131489E-4        1.010344
        7.783999           0.173202E-4        1.011866           0.131496E-4        1.010344
        7.785999           0.173212E-4        1.011866           0.131503E-4        1.010345
        7.788000           0.173223E-4        1.011866           0.131510E-4        1.010345
        7.789999           0.173233E-4        1.011867           0.131517E-4        1.010345
        7.791999           0.173243E-4        1.011867           0.131524E-4        1.010345
        7.793999           0.173254E-4        1.011867           0.131530E-4        1.010346
        7.795999           0.173264E-4        1.011868           0.131537E-4        1.010346
        7.798000           0.173275E-4        1.011868           0.131544E-4        1.010346
        7.800000           0.173285E-4        1.011868           0.131551E-4        1.010346
        7.802000           0.173295E-4        1.011869           0.131558E-4        1.010347
        7.803999           0.173306E-4        1.011869           0.131565E-4        1.010347
        7.805999           0.173316E-4        1.011869           0.131572E-4        1.010347
        7.808000           0.173327E-4        1.011870           0.131579E-4        1.010347
        7.809999           0.173337E-4        1.011870           0.131585E-4        1.010348
        7.811999           0.173347E-4        1.011871           0.131592E-4        1.010348
        7.813999           0.173358E-4        1.011871           0.131599E-4        1.010348
        7.815999           0.173368E-4        1.011871           0.131606E-4        1.010348
        7.818000           0.173379E-4        1.011872           0.131613E-4        1.010349
        7.820000           0.173389E-4        1.011872           0.131620E-4        1.010349
        7.822000           0.173399E-4        1.011872           0.131627E-4        1.010349
        7.823999           0.173410E-4        1.011873           0.131634E-4        1.010350
        7.825999           0.173420E-4        1.011873           0.131641E-4        1.010350
        7.828000           0.173431E-4        1.011873           0.131648E-4        1.010350
        7.829999           0.173441E-4        1.011874           0.131654E-4        1.010350
        7.831999           0.173451E-4        1.011874           0.131661E-4        1.010351
        7.833999           0.173462E-4        1.011874           0.131668E-4        1.010351
        7.835999           0.173472E-4        1.011875           0.131675E-4        1.010351
        7.838000           0.173483E-4        1.011875           0.131682E-4        1.010351
        7.840000           0.173493E-4        1.011875           0.131689E-4        1.010352
        7.842000           0.173504E-4        1.011876           0.131696E-4        1.010352
        7.843999           0.173514E-4        1.011876           0.131703E-4        1.010352
        7.845999           0.173524E-4        1.011876           0.131710E-4        1.010352
        7.848000           0.173535E-4        1.011877           0.131716E-4        1.010353
        7.849999           0.173545E-4        1.011877           0.131723E-4        1.010353
        7.851999           0.173556E-4        1.011877           0.131730E-4        1.010353
        7.853999           0.173566E-4        1.011878           0.131737E-4        1.010353
        7.856000           0.173576E-4        1.011878           0.131744E-4        1.010354
        7.858000           0.173587E-4        1.011878           0.131751E-4        1.010354
        7.860000           0.173597E-4        1.011879           0.131758E-4        1.010354
        7.862000           0.173608E-4        1.011879           0.131765E-4        1.010355
        7.863999           0.173618E-4        1.011880           0.131772E-4        1.010355
        7.866000           0.173629E-4        1.011880           0.131779E-4        1.010355
        7.868000           0.173639E-4        1.011880           0.131785E-4        1.010355
        7.869999           0.173649E-4        1.011881           0.131792E-4        1.010356
        7.871999           0.173660E-4        1.011881           0.131799E-4        1.010356
        7.873999           0.173670E-4        1.011881           0.131806E-4        1.010356
        7.876000           0.173681E-4        1.011882           0.131813E-4        1.010356
        7.878000           0.173691E-4        1.011882           0.131820E-4        1.010357
        7.880000           0.173702E-4        1.011882           0.131827E-4        1.010357
        7.881999           0.173712E-4        1.011883           0.131834E-4        1.010357
        7.883999           0.173722E-4        1.011883           0.131841E-4        1.010357
        7.886000           0.173733E-4        1.011883           0.131848E-4        1.010358
        7.888000           0.173743E-4        1.011884           0.131854E-4        1.010358
        7.889999           0.173754E-4        1.011884           0.131861E-4        1.010358
        7.891999           0.173764E-4        1.011884           0.131868E-4        1.010358
        7.893999           0.173775E-4        1.011885           0.131875E-4        1.010359
        7.896000           0.173785E-4        1.011885           0.131882E-4        1.010359
        7.898000           0.173796E-4        1.011885           0.131889E-4        1.010359
        7.900000           0.173806E-4        1.011886           0.131896E-4        1.010360
        7.901999           0.173816E-4        1.011886           0.131903E-4        1.010360
        7.903999           0.173827E-4        1.011886           0.131910E-4        1.010360
        7.906000           0.173837E-4        1.011887           0.131917E-4        1.010360
        7.908000           0.173848E-4        1.011887           0.131924E-4        1.010361
        7.909999           0.173858E-4        1.011888           0.131930E-4        1.010361
        7.911999           0.173869E-4        1.011888           0.131937E-4        1.010361
        7.913999           0.173879E-4        1.011888           0.131944E-4        1.010361
        7.916000           0.173889E-4        1.011889           0.131951E-4        1.010362
        7.918000           0.173900E-4        1.011889           0.131958E-4        1.010362
        7.920000           0.173910E-4        1.011889           0.131965E-4        1.010362
        7.921999           0.173921E-4        1.011890           0.131972E-4        1.010362
        7.923999           0.173931E-4        1.011890           0.131979E-4        1.010363
        7.926000           0.173942E-4        1.011890           0.131986E-4        1.010363
        7.927999           0.173952E-4        1.011891           0.131993E-4        1.010363
        7.929999           0.173963E-4        1.011891           0.132000E-4        1.010363
        7.931999           0.173973E-4        1.011891           0.132006E-4        1.010364
        7.934000           0.173984E-4        1.011892           0.132013E-4        1.010364
        7.936000           0.173994E-4        1.011892           0.132020E-4        1.010364
        7.938000           0.174005E-4        1.011892           0.132027E-4        1.010365
        7.939999           0.174015E-4        1.011893           0.132034E-4        1.010365
        7.941999           0.174025E-4        1.011893           0.132041E-4        1.010365
        7.944000           0.174036E-4        1.011893           0.132048E-4        1.010365
        7.946000           0.174046E-4        1.011894           0.132055E-4        1.010366
        7.947999           0.174057E-4        1.011894           0.132062E-4        1.010366
        7.949999           0.174067E-4        1.011894           0.132069E-4        1.010366
        7.951999           0.174078E-4        1.011895           0.132076E-4        1.010366
        7.954000           0.174088E-4        1.011895           0.132083E-4        1.010367
        7.955999           0.174099E-4        1.011896           0.132090E-4        1.010367
        7.957999           0.174109E-4        1.011896           0.132096E-4        1.010367
        7.959999           0.174120E-4        1.011896           0.132103E-4        1.010367
        7.961999           0.174130E-4        1.011897           0.132110E-4        1.010368
        7.964000           0.174141E-4        1.011897           0.132117E-4        1.010368
        7.966000           0.174151E-4        1.011897           0.132124E-4        1.010368
        7.967999           0.174162E-4        1.011898           0.132131E-4        1.010368
        7.969999           0.174172E-4        1.011898           0.132138E-4        1.010369
        7.971999           0.174183E-4        1.011898           0.132145E-4        1.010369
        7.974000           0.174193E-4        1.011899           0.132152E-4        1.010369
        7.975999           0.174203E-4        1.011899           0.132159E-4        1.010370
        7.977999           0.174214E-4        1.011899           0.132166E-4        1.010370
        7.979999           0.174224E-4        1.011900           0.132173E-4        1.010370
        7.981999           0.174235E-4        1.011900           0.132180E-4        1.010370
        7.984000           0.174245E-4        1.011900           0.132187E-4        1.010371
        7.986000           0.174256E-4        1.011901           0.132194E-4        1.010371
        7.987999           0.174266E-4        1.011901           0.132200E-4        1.010371
        7.989999           0.174277E-4        1.011901           0.132207E-4        1.010371
        7.991999           0.174287E-4        1.011902           0.132214E-4        1.010372
        7.993999           0.174298E-4        1.011902           0.132221E-4        1.010372
        7.995999           0.174308E-4        1.011902           0.132228E-4        1.010372
        7.997999           0.174319E-4        1.011903           0.132235E-4        1.010373
        7.999999           0.174329E-4        1.011903           0.132242E-4        1.010373
        8.001999           0.174340E-4        1.011904           0.132249E-4        1.010373
        8.004000           0.174350E-4        1.011904           0.132256E-4        1.010373
        8.006000           0.174361E-4        1.011904           0.132263E-4        1.010373
        8.007999           0.174371E-4        1.011905           0.132270E-4        1.010374
        8.009999           0.174382E-4        1.011905           0.132277E-4        1.010374
        8.012000           0.174392E-4        1.011905           0.132284E-4        1.010374
        8.014000           0.174403E-4        1.011906           0.132291E-4        1.010375
        8.016000           0.174413E-4        1.011906           0.132298E-4        1.010375
        8.018000           0.174424E-4        1.011906           0.132304E-4        1.010375
        8.020000           0.174434E-4        1.011907           0.132311E-4        1.010375
        8.021999           0.174445E-4        1.011907           0.132318E-4        1.010376
        8.023999           0.174455E-4        1.011907           0.132325E-4        1.010376
        8.025999           0.174466E-4        1.011908           0.132332E-4        1.010376
        8.027999           0.174476E-4        1.011908           0.132339E-4        1.010376
        8.029999           0.174487E-4        1.011908           0.132346E-4        1.010377
        8.032000           0.174497E-4        1.011909           0.132353E-4        1.010377
        8.033999           0.174508E-4        1.011909           0.132360E-4        1.010377
        8.035999           0.174518E-4        1.011909           0.132367E-4        1.010378
        8.037999           0.174529E-4        1.011910           0.132374E-4        1.010378
        8.039999           0.174539E-4        1.011910           0.132381E-4        1.010378
        8.042000           0.174550E-4        1.011911           0.132388E-4        1.010378
        8.044000           0.174560E-4        1.011911           0.132395E-4        1.010379
        8.046000           0.174571E-4        1.011911           0.132402E-4        1.010379
        8.047999           0.174581E-4        1.011912           0.132409E-4        1.010379
        8.049999           0.174592E-4        1.011912           0.132416E-4        1.010379
        8.052000           0.174602E-4        1.011912           0.132423E-4        1.010380
        8.054000           0.174613E-4        1.011913           0.132430E-4        1.010380
        8.056000           0.174623E-4        1.011913           0.132436E-4        1.010380
        8.058000           0.174634E-4        1.011913           0.132443E-4        1.010380
        8.059999           0.174644E-4        1.011914           0.132450E-4        1.010381
        8.061999           0.174655E-4        1.011914           0.132457E-4        1.010381
        8.063999           0.174665E-4        1.011914           0.132464E-4        1.010381
        8.065999           0.174676E-4        1.011915           0.132471E-4        1.010381
        8.067999           0.174686E-4        1.011915           0.132478E-4        1.010382
        8.069999           0.174697E-4        1.011915           0.132485E-4        1.010382
        8.072000           0.174708E-4        1.011916           0.132492E-4        1.010382
        8.073999           0.174718E-4        1.011916           0.132499E-4        1.010383
        8.075999           0.174729E-4        1.011916           0.132506E-4        1.010383
        8.077999           0.174739E-4        1.011917           0.132513E-4        1.010383
        8.080000           0.174750E-4        1.011917           0.132520E-4        1.010383
        8.082000           0.174760E-4        1.011917           0.132527E-4        1.010384
        8.084000           0.174771E-4        1.011918           0.132534E-4        1.010384
        8.085999           0.174781E-4        1.011918           0.132541E-4        1.010384
        8.087999           0.174792E-4        1.011919           0.132548E-4        1.010384
        8.090000           0.174802E-4        1.011919           0.132555E-4        1.010385
        8.092000           0.174813E-4        1.011919           0.132562E-4        1.010385
        8.094000           0.174823E-4        1.011920           0.132569E-4        1.010385
        8.096000           0.174834E-4        1.011920           0.132576E-4        1.010385
        8.098000           0.174844E-4        1.011920           0.132583E-4        1.010386
        8.099999           0.174855E-4        1.011921           0.132590E-4        1.010386
        8.101999           0.174866E-4        1.011921           0.132596E-4        1.010386
        8.103999           0.174876E-4        1.011921           0.132604E-4        1.010386
        8.105999           0.174887E-4        1.011922           0.132610E-4        1.010387
        8.107999           0.174897E-4        1.011922           0.132617E-4        1.010387
        8.110000           0.174908E-4        1.011922           0.132624E-4        1.010387
        8.112000           0.174918E-4        1.011923           0.132631E-4        1.010388
        8.113999           0.174929E-4        1.011923           0.132638E-4        1.010388
        8.115999           0.174939E-4        1.011923           0.132645E-4        1.010388
        8.117999           0.174950E-4        1.011924           0.132652E-4        1.010388
        8.120000           0.174960E-4        1.011924           0.132659E-4        1.010389
        8.122000           0.174971E-4        1.011925           0.132666E-4        1.010389
        8.124000           0.174982E-4        1.011925           0.132673E-4        1.010389
        8.125999           0.174992E-4        1.011925           0.132680E-4        1.010389
        8.127999           0.175003E-4        1.011926           0.132687E-4        1.010390
        8.130000           0.175013E-4        1.011926           0.132694E-4        1.010390
        8.132000           0.175024E-4        1.011926           0.132701E-4        1.010390
        8.134000           0.175034E-4        1.011927           0.132708E-4        1.010391
        8.136000           0.175045E-4        1.011927           0.132715E-4        1.010391
        8.137999           0.175055E-4        1.011927           0.132722E-4        1.010391
        8.139999           0.175066E-4        1.011928           0.132729E-4        1.010391
        8.141999           0.175077E-4        1.011928           0.132736E-4        1.010392
        8.143999           0.175087E-4        1.011928           0.132743E-4        1.010392
        8.145999           0.175098E-4        1.011929           0.132750E-4        1.010392
        8.147999           0.175108E-4        1.011929           0.132757E-4        1.010392
        8.150000           0.175119E-4        1.011929           0.132764E-4        1.010393
        8.151999           0.175129E-4        1.011930           0.132771E-4        1.010393
        8.153999           0.175140E-4        1.011930           0.132778E-4        1.010393
        8.155999           0.175150E-4        1.011930           0.132785E-4        1.010393
        8.158000           0.175161E-4        1.011931           0.132792E-4        1.010394
        8.160000           0.175172E-4        1.011931           0.132799E-4        1.010394
        8.162000           0.175182E-4        1.011932           0.132806E-4        1.010394
        8.164000           0.175193E-4        1.011932           0.132813E-4        1.010394
        8.165999           0.175203E-4        1.011932           0.132820E-4        1.010395
        8.168000           0.175214E-4        1.011932           0.132827E-4        1.010395
        8.170000           0.175224E-4        1.011933           0.132834E-4        1.010395
        8.171999           0.175235E-4        1.011933           0.132841E-4        1.010396
        8.173999           0.175246E-4        1.011934           0.132848E-4        1.010396
        8.175999           0.175256E-4        1.011934           0.132855E-4        1.010396
        8.177999           0.175267E-4        1.011934           0.132862E-4        1.010396
        8.179999           0.175277E-4        1.011935           0.132869E-4        1.010397
        8.181999           0.175288E-4        1.011935           0.132876E-4        1.010397
        8.183999           0.175298E-4        1.011935           0.132883E-4        1.010397
        8.185999           0.175309E-4        1.011936           0.132890E-4        1.010397
        8.188000           0.175320E-4        1.011936           0.132897E-4        1.010398
        8.190000           0.175330E-4        1.011936           0.132904E-4        1.010398
        8.191999           0.175341E-4        1.011937           0.132911E-4        1.010398
        8.193999           0.175351E-4        1.011937           0.132917E-4        1.010399
        8.195999           0.175362E-4        1.011937           0.132925E-4        1.010399
        8.198000           0.175373E-4        1.011938           0.132932E-4        1.010399
        8.200000           0.175383E-4        1.011938           0.132939E-4        1.010399
        8.202000           0.175394E-4        1.011938           0.132945E-4        1.010399
        8.204000           0.175404E-4        1.011939           0.132953E-4        1.010400
        8.205999           0.175415E-4        1.011939           0.132959E-4        1.010400
        8.207999           0.175425E-4        1.011940           0.132967E-4        1.010400
        8.209999           0.175436E-4        1.011940           0.132974E-4        1.010401
        8.211999           0.175447E-4        1.011940           0.132980E-4        1.010401
        8.213999           0.175457E-4        1.011941           0.132987E-4        1.010401
        8.215999           0.175468E-4        1.011941           0.132994E-4        1.010401
        8.217999           0.175478E-4        1.011941           0.133002E-4        1.010402
        8.219999           0.175489E-4        1.011942           0.133008E-4        1.010402
        8.221999           0.175500E-4        1.011942           0.133015E-4        1.010402
        8.223999           0.175510E-4        1.011942           0.133022E-4        1.010402
        8.225999           0.175521E-4        1.011943           0.133030E-4        1.010403
        8.228000           0.175531E-4        1.011943           0.133036E-4        1.010403
        8.230000           0.175542E-4        1.011943           0.133043E-4        1.010403
        8.231999           0.175553E-4        1.011944           0.133050E-4        1.010404
        8.233999           0.175563E-4        1.011944           0.133057E-4        1.010404
        8.236000           0.175574E-4        1.011945           0.133065E-4        1.010404
        8.238000           0.175584E-4        1.011945           0.133072E-4        1.010404
        8.240000           0.175595E-4        1.011945           0.133079E-4        1.010405
        8.242000           0.175606E-4        1.011945           0.133085E-4        1.010405
        8.243999           0.175616E-4        1.011946           0.133092E-4        1.010405
        8.245999           0.175627E-4        1.011946           0.133100E-4        1.010405
        8.247999           0.175637E-4        1.011947           0.133106E-4        1.010406
        8.249999           0.175648E-4        1.011947           0.133114E-4        1.010406
        8.251999           0.175659E-4        1.011947           0.133121E-4        1.010406
        8.253999           0.175669E-4        1.011948           0.133128E-4        1.010406
        8.256000           0.175680E-4        1.011948           0.133135E-4        1.010407
        8.257999           0.175691E-4        1.011948           0.133142E-4        1.010407
        8.259999           0.175701E-4        1.011949           0.133149E-4        1.010407
        8.261999           0.175712E-4        1.011949           0.133156E-4        1.010407
        8.263999           0.175722E-4        1.011949           0.133163E-4        1.010408
        8.266000           0.175733E-4        1.011950           0.133170E-4        1.010408
        8.268000           0.175744E-4        1.011950           0.133177E-4        1.010408
        8.270000           0.175754E-4        1.011950           0.133184E-4        1.010409
        8.271999           0.175765E-4        1.011951           0.133191E-4        1.010409
        8.273999           0.175776E-4        1.011951           0.133198E-4        1.010409
        8.276000           0.175786E-4        1.011951           0.133205E-4        1.010409
        8.278000           0.175797E-4        1.011952           0.133212E-4        1.010410
        8.280000           0.175807E-4        1.011952           0.133219E-4        1.010410
        8.282000           0.175818E-4        1.011953           0.133226E-4        1.010410
        8.283999           0.175829E-4        1.011953           0.133233E-4        1.010410
        8.285999           0.175839E-4        1.011953           0.133240E-4        1.010411
        8.287999           0.175850E-4        1.011954           0.133247E-4        1.010411
        8.289999           0.175861E-4        1.011954           0.133254E-4        1.010411
        8.291999           0.175871E-4        1.011954           0.133261E-4        1.010412
        8.293999           0.175882E-4        1.011955           0.133268E-4        1.010412
        8.296000           0.175892E-4        1.011955           0.133275E-4        1.010412
        8.297999           0.175903E-4        1.011955           0.133282E-4        1.010412
        8.299999           0.175914E-4        1.011956           0.133289E-4        1.010413
        8.301999           0.175924E-4        1.011956           0.133296E-4        1.010413
        8.303999           0.175935E-4        1.011956           0.133303E-4        1.010413
        8.306000           0.175946E-4        1.011957           0.133310E-4        1.010413
        8.308000           0.175956E-4        1.011957           0.133317E-4        1.010414
        8.309999           0.175967E-4        1.011958           0.133324E-4        1.010414
        8.311999           0.175978E-4        1.011958           0.133331E-4        1.010414
        8.314000           0.175988E-4        1.011958           0.133338E-4        1.010414
        8.316000           0.175999E-4        1.011958           0.133345E-4        1.010415
        8.318000           0.176009E-4        1.011959           0.133352E-4        1.010415
        8.320000           0.176020E-4        1.011959           0.133359E-4        1.010415
        8.322000           0.176031E-4        1.011960           0.133366E-4        1.010416
        8.323999           0.176041E-4        1.011960           0.133373E-4        1.010416
        8.325999           0.176052E-4        1.011960           0.133380E-4        1.010416
        8.327999           0.176063E-4        1.011961           0.133387E-4        1.010416
        8.329999           0.176073E-4        1.011961           0.133394E-4        1.010417
        8.331999           0.176084E-4        1.011961           0.133401E-4        1.010417
        8.334000           0.176095E-4        1.011962           0.133408E-4        1.010417
        8.335999           0.176105E-4        1.011962           0.133415E-4        1.010417
        8.337999           0.176116E-4        1.011962           0.133422E-4        1.010418
        8.339999           0.176127E-4        1.011963           0.133429E-4        1.010418
        8.341999           0.176137E-4        1.011963           0.133436E-4        1.010418
        8.344000           0.176148E-4        1.011963           0.133444E-4        1.010418
        8.346000           0.176159E-4        1.011964           0.133451E-4        1.010419
        8.348000           0.176169E-4        1.011964           0.133458E-4        1.010419
        8.349999           0.176180E-4        1.011965           0.133465E-4        1.010419
        8.351999           0.176191E-4        1.011965           0.133472E-4        1.010419
        8.354000           0.176201E-4        1.011965           0.133479E-4        1.010420
        8.356000           0.176212E-4        1.011966           0.133486E-4        1.010420
        8.358000           0.176223E-4        1.011966           0.133493E-4        1.010420
        8.360000           0.176233E-4        1.011966           0.133500E-4        1.010421
        8.361999           0.176244E-4        1.011967           0.133507E-4        1.010421
        8.363999           0.176255E-4        1.011967           0.133514E-4        1.010421
        8.365999           0.176265E-4        1.011967           0.133521E-4        1.010421
        8.367999           0.176276E-4        1.011968           0.133528E-4        1.010422
        8.369999           0.176287E-4        1.011968           0.133535E-4        1.010422
        8.371999           0.176297E-4        1.011968           0.133542E-4        1.010422
        8.374000           0.176308E-4        1.011969           0.133549E-4        1.010422
        8.375999           0.176319E-4        1.011969           0.133556E-4        1.010423
        8.377999           0.176329E-4        1.011969           0.133563E-4        1.010423
        8.379999           0.176340E-4        1.011970           0.133570E-4        1.010423
        8.382000           0.176351E-4        1.011970           0.133577E-4        1.010424
        8.384000           0.176361E-4        1.011971           0.133584E-4        1.010424
        8.386000           0.176372E-4        1.011971           0.133591E-4        1.010424
        8.388000           0.176383E-4        1.011971           0.133598E-4        1.010424
        8.389999           0.176393E-4        1.011972           0.133605E-4        1.010425
        8.392000           0.176404E-4        1.011972           0.133612E-4        1.010425
        8.394000           0.176415E-4        1.011972           0.133620E-4        1.010425
        8.396000           0.176425E-4        1.011973           0.133627E-4        1.010425
        8.397999           0.176436E-4        1.011973           0.133634E-4        1.010426
        8.399999           0.176447E-4        1.011973           0.133641E-4        1.010426
        8.401999           0.176457E-4        1.011974           0.133648E-4        1.010426
        8.403999           0.176468E-4        1.011974           0.133655E-4        1.010426
        8.405999           0.176479E-4        1.011974           0.133662E-4        1.010427
        8.407999           0.176490E-4        1.011975           0.133669E-4        1.010427
        8.409999           0.176500E-4        1.011975           0.133676E-4        1.010427
        8.412000           0.176511E-4        1.011975           0.133683E-4        1.010427
        8.414000           0.176522E-4        1.011976           0.133690E-4        1.010428
        8.415999           0.176532E-4        1.011976           0.133697E-4        1.010428
        8.417999           0.176543E-4        1.011976           0.133704E-4        1.010428
        8.419999           0.176554E-4        1.011977           0.133711E-4        1.010429
        8.422000           0.176564E-4        1.011977           0.133718E-4        1.010429
        8.424000           0.176575E-4        1.011978           0.133725E-4        1.010429
        8.426000           0.176586E-4        1.011978           0.133732E-4        1.010429
        8.427999           0.176596E-4        1.011978           0.133739E-4        1.010430
        8.429999           0.176607E-4        1.011979           0.133746E-4        1.010430
        8.432000           0.176618E-4        1.011979           0.133754E-4        1.010430
        8.433999           0.176629E-4        1.011979           0.133761E-4        1.010430
        8.435999           0.176639E-4        1.011980           0.133768E-4        1.010431
        8.437999           0.176650E-4        1.011980           0.133775E-4        1.010431
        8.439999           0.176661E-4        1.011980           0.133782E-4        1.010431
        8.441999           0.176671E-4        1.011981           0.133789E-4        1.010432
        8.443999           0.176682E-4        1.011981           0.133796E-4        1.010432
        8.445999           0.176693E-4        1.011981           0.133803E-4        1.010432
        8.447999           0.176704E-4        1.011982           0.133810E-4        1.010432
        8.449999           0.176714E-4        1.011982           0.133817E-4        1.010433
        8.452000           0.176725E-4        1.011983           0.133824E-4        1.010433
        8.454000           0.176736E-4        1.011983           0.133831E-4        1.010433
        8.455999           0.176746E-4        1.011983           0.133838E-4        1.010433
        8.457999           0.176757E-4        1.011984           0.133845E-4        1.010434
        8.460000           0.176768E-4        1.011984           0.133852E-4        1.010434
        8.462000           0.176778E-4        1.011984           0.133859E-4        1.010434
        8.464000           0.176789E-4        1.011985           0.133867E-4        1.010435
        8.466000           0.176800E-4        1.011985           0.133874E-4        1.010435
        8.467999           0.176811E-4        1.011985           0.133881E-4        1.010435
        8.469999           0.176821E-4        1.011986           0.133888E-4        1.010435
        8.471999           0.176832E-4        1.011986           0.133895E-4        1.010436
        8.473999           0.176843E-4        1.011986           0.133902E-4        1.010436
        8.475999           0.176854E-4        1.011987           0.133909E-4        1.010436
        8.477999           0.176864E-4        1.011987           0.133916E-4        1.010436
        8.480000           0.176875E-4        1.011987           0.133923E-4        1.010437
        8.481999           0.176886E-4        1.011988           0.133930E-4        1.010437
        8.483999           0.176896E-4        1.011988           0.133937E-4        1.010437
        8.485999           0.176907E-4        1.011989           0.133944E-4        1.010437
        8.487999           0.176918E-4        1.011989           0.133951E-4        1.010438
        8.490000           0.176929E-4        1.011989           0.133959E-4        1.010438
        8.492000           0.176939E-4        1.011990           0.133966E-4        1.010438
        8.493999           0.176950E-4        1.011990           0.133973E-4        1.010438
        8.495999           0.176961E-4        1.011990           0.133980E-4        1.010439
        8.497999           0.176972E-4        1.011991           0.133987E-4        1.010439
        8.500000           0.176982E-4        1.011991           0.133994E-4        1.010439
        8.502000           0.176993E-4        1.011991           0.134001E-4        1.010440
        8.504000           0.177004E-4        1.011992           0.134008E-4        1.010440
        8.506000           0.177015E-4        1.011992           0.134015E-4        1.010440
        8.507999           0.177025E-4        1.011992           0.134022E-4        1.010440
        8.509999           0.177036E-4        1.011993           0.134029E-4        1.010441
        8.511999           0.177047E-4        1.011993           0.134036E-4        1.010441
        8.513999           0.177057E-4        1.011994           0.134043E-4        1.010441
        8.515999           0.177068E-4        1.011994           0.134051E-4        1.010441
        8.517999           0.177079E-4        1.011994           0.134058E-4        1.010442
        8.520000           0.177090E-4        1.011995           0.134065E-4        1.010442
        8.521999           0.177100E-4        1.011995           0.134072E-4        1.010442
        8.523999           0.177111E-4        1.011995           0.134079E-4        1.010442
        8.525999           0.177122E-4        1.011996           0.134086E-4        1.010443
        8.527999           0.177133E-4        1.011996           0.134093E-4        1.010443
        8.530000           0.177143E-4        1.011996           0.134100E-4        1.010443
        8.532000           0.177154E-4        1.011997           0.134107E-4        1.010444
        8.533999           0.177165E-4        1.011997           0.134114E-4        1.010444
        8.535999           0.177176E-4        1.011997           0.134121E-4        1.010444
        8.538000           0.177186E-4        1.011998           0.134128E-4        1.010444
        8.540000           0.177197E-4        1.011998           0.134136E-4        1.010445
        8.542000           0.177208E-4        1.011998           0.134143E-4        1.010445
        8.544000           0.177219E-4        1.011999           0.134150E-4        1.010445
        8.546000           0.177229E-4        1.011999           0.134157E-4        1.010445
        8.547999           0.177240E-4        1.011999           0.134164E-4        1.010446
        8.549999           0.177251E-4        1.012000           0.134171E-4        1.010446
        8.551999           0.177262E-4        1.012000           0.134178E-4        1.010446
        8.553999           0.177273E-4        1.012001           0.134185E-4        1.010447
        8.555999           0.177283E-4        1.012001           0.134192E-4        1.010447
        8.558000           0.177294E-4        1.012001           0.134199E-4        1.010447
        8.559999           0.177305E-4        1.012002           0.134206E-4        1.010447
        8.561999           0.177316E-4        1.012002           0.134214E-4        1.010448
        8.563999           0.177326E-4        1.012002           0.134221E-4        1.010448
        8.565999           0.177337E-4        1.012003           0.134228E-4        1.010448
        8.568000           0.177348E-4        1.012003           0.134235E-4        1.010448
        8.570000           0.177359E-4        1.012003           0.134242E-4        1.010449
        8.572000           0.177369E-4        1.012004           0.134249E-4        1.010449
        8.573999           0.177380E-4        1.012004           0.134256E-4        1.010449
        8.575999           0.177391E-4        1.012004           0.134263E-4        1.010450
        8.578000           0.177402E-4        1.012005           0.134270E-4        1.010450
        8.580000           0.177413E-4        1.012005           0.134278E-4        1.010450
        8.582000           0.177423E-4        1.012006           0.134285E-4        1.010450
        8.584000           0.177434E-4        1.012006           0.134292E-4        1.010451
        8.585999           0.177445E-4        1.012006           0.134299E-4        1.010451
        8.587999           0.177456E-4        1.012007           0.134306E-4        1.010451
        8.589999           0.177466E-4        1.012007           0.134313E-4        1.010451
        8.591999           0.177477E-4        1.012007           0.134320E-4        1.010452
        8.593999           0.177488E-4        1.012008           0.134327E-4        1.010452
        8.595999           0.177499E-4        1.012008           0.134334E-4        1.010452
        8.598000           0.177510E-4        1.012008           0.134341E-4        1.010452
        8.599999           0.177520E-4        1.012009           0.134348E-4        1.010453
        8.601999           0.177531E-4        1.012009           0.134356E-4        1.010453
        8.603999           0.177542E-4        1.012010           0.134363E-4        1.010453
        8.606000           0.177553E-4        1.012010           0.134370E-4        1.010453
        8.608000           0.177563E-4        1.012010           0.134377E-4        1.010454
        8.610000           0.177574E-4        1.012010           0.134384E-4        1.010454
        8.612000           0.177585E-4        1.012011           0.134391E-4        1.010454
        8.613999           0.177596E-4        1.012011           0.134398E-4        1.010455
        8.616000           0.177607E-4        1.012012           0.134405E-4        1.010455
        8.618000           0.177617E-4        1.012012           0.134412E-4        1.010455
        8.620000           0.177628E-4        1.012012           0.134420E-4        1.010455
        8.621999           0.177639E-4        1.012013           0.134427E-4        1.010456
        8.623999           0.177650E-4        1.012013           0.134434E-4        1.010456
        8.625999           0.177661E-4        1.012013           0.134441E-4        1.010456
        8.627999           0.177671E-4        1.012014           0.134448E-4        1.010456
        8.629999           0.177682E-4        1.012014           0.134455E-4        1.010457
        8.631999           0.177693E-4        1.012014           0.134462E-4        1.010457
        8.633999           0.177704E-4        1.012015           0.134469E-4        1.010457
        8.636000           0.177715E-4        1.012015           0.134477E-4        1.010458
        8.638000           0.177725E-4        1.012015           0.134484E-4        1.010458
        8.639999           0.177736E-4        1.012016           0.134491E-4        1.010458
        8.641999           0.177747E-4        1.012016           0.134498E-4        1.010458
        8.643999           0.177758E-4        1.012017           0.134505E-4        1.010459
        8.646000           0.177769E-4        1.012017           0.134512E-4        1.010459
        8.648000           0.177779E-4        1.012017           0.134519E-4        1.010459
        8.650000           0.177790E-4        1.012018           0.134526E-4        1.010459
        8.651999           0.177801E-4        1.012018           0.134534E-4        1.010460
        8.653999           0.177812E-4        1.012018           0.134541E-4        1.010460
        8.656000           0.177823E-4        1.012019           0.134548E-4        1.010460
        8.657999           0.177834E-4        1.012019           0.134555E-4        1.010460
        8.659999           0.177844E-4        1.012019           0.134562E-4        1.010461
        8.661999           0.177855E-4        1.012020           0.134569E-4        1.010461
        8.663999           0.177866E-4        1.012020           0.134576E-4        1.010461
        8.665999           0.177877E-4        1.012020           0.134583E-4        1.010462
        8.667999           0.177888E-4        1.012021           0.134590E-4        1.010462
        8.669999           0.177898E-4        1.012021           0.134598E-4        1.010462
        8.671999           0.177909E-4        1.012022           0.134605E-4        1.010462
        8.673999           0.177920E-4        1.012022           0.134612E-4        1.010463
        8.676000           0.177931E-4        1.012022           0.134619E-4        1.010463
        8.677999           0.177942E-4        1.012023           0.134626E-4        1.010463
        8.679999           0.177953E-4        1.012023           0.134633E-4        1.010463
        8.681999           0.177963E-4        1.012023           0.134640E-4        1.010464
        8.684000           0.177974E-4        1.012024           0.134648E-4        1.010464
        8.686000           0.177985E-4        1.012024           0.134655E-4        1.010464
        8.688000           0.177996E-4        1.012024           0.134662E-4        1.010465
        8.690000           0.178007E-4        1.012025           0.134669E-4        1.010465
        8.691999           0.178018E-4        1.012025           0.134676E-4        1.010465
        8.693999           0.178028E-4        1.012025           0.134683E-4        1.010465
        8.695999           0.178039E-4        1.012026           0.134690E-4        1.010466
        8.697999           0.178050E-4        1.012026           0.134698E-4        1.010466
        8.699999           0.178061E-4        1.012027           0.134705E-4        1.010466
        8.701999           0.178072E-4        1.012027           0.134712E-4        1.010466
        8.704000           0.178083E-4        1.012027           0.134719E-4        1.010467
        8.705999           0.178093E-4        1.012028           0.134726E-4        1.010467
        8.707999           0.178104E-4        1.012028           0.134733E-4        1.010467
        8.709999           0.178115E-4        1.012028           0.134740E-4        1.010468
        8.711999           0.178126E-4        1.012029           0.134748E-4        1.010468
        8.714000           0.178137E-4        1.012029           0.134755E-4        1.010468
        8.716000           0.178148E-4        1.012029           0.134762E-4        1.010468
        8.717999           0.178158E-4        1.012030           0.134769E-4        1.010469
        8.719999           0.178169E-4        1.012030           0.134776E-4        1.010469
        8.721999           0.178180E-4        1.012030           0.134783E-4        1.010469
        8.724000           0.178191E-4        1.012031           0.134790E-4        1.010469
        8.726000           0.178202E-4        1.012031           0.134798E-4        1.010470
        8.728000           0.178213E-4        1.012032           0.134805E-4        1.010470
        8.730000           0.178224E-4        1.012032           0.134812E-4        1.010470
        8.731999           0.178234E-4        1.012032           0.134819E-4        1.010471
        8.733999           0.178245E-4        1.012033           0.134826E-4        1.010471
        8.735999           0.178256E-4        1.012033           0.134833E-4        1.010471
        8.737999           0.178267E-4        1.012033           0.134840E-4        1.010471
        8.739999           0.178278E-4        1.012034           0.134847E-4        1.010472
        8.741999           0.178289E-4        1.012034           0.134855E-4        1.010472
        8.743999           0.178299E-4        1.012034           0.134862E-4        1.010472
        8.745999           0.178310E-4        1.012035           0.134869E-4        1.010472
        8.747999           0.178321E-4        1.012035           0.134876E-4        1.010473
        8.749999           0.178332E-4        1.012035           0.134883E-4        1.010473
        8.751999           0.178343E-4        1.012036           0.134890E-4        1.010473
        8.754000           0.178354E-4        1.012036           0.134897E-4        1.010473
        8.756000           0.178365E-4        1.012036           0.134905E-4        1.010474
        8.757999           0.178376E-4        1.012037           0.134912E-4        1.010474
        8.759999           0.178386E-4        1.012037           0.134919E-4        1.010474
        8.762000           0.178397E-4        1.012038           0.134926E-4        1.010475
        8.764000           0.178408E-4        1.012038           0.134933E-4        1.010475
        8.766000           0.178419E-4        1.012038           0.134940E-4        1.010475
        8.768000           0.178430E-4        1.012039           0.134948E-4        1.010475
        8.770000           0.178441E-4        1.012039           0.134955E-4        1.010476
        8.771999           0.178452E-4        1.012039           0.134962E-4        1.010476
        8.773999           0.178462E-4        1.012040           0.134969E-4        1.010476
        8.775999           0.178473E-4        1.012040           0.134976E-4        1.010476
        8.777999           0.178484E-4        1.012040           0.134983E-4        1.010477
        8.779999           0.178495E-4        1.012041           0.134991E-4        1.010477
        8.782000           0.178506E-4        1.012041           0.134998E-4        1.010477
        8.783999           0.178517E-4        1.012041           0.135005E-4        1.010478
        8.785999           0.178528E-4        1.012042           0.135012E-4        1.010478
        8.787999           0.178539E-4        1.012042           0.135019E-4        1.010478
        8.789999           0.178550E-4        1.012043           0.135026E-4        1.010478
        8.792000           0.178560E-4        1.012043           0.135034E-4        1.010479
        8.794000           0.178571E-4        1.012043           0.135041E-4        1.010479
        8.796000           0.178582E-4        1.012044           0.135048E-4        1.010479
        8.797999           0.178593E-4        1.012044           0.135055E-4        1.010479
        8.799999           0.178604E-4        1.012044           0.135062E-4        1.010480
        8.802000           0.178615E-4        1.012045           0.135069E-4        1.010480
        8.804000           0.178626E-4        1.012045           0.135076E-4        1.010480
        8.806000           0.178637E-4        1.012045           0.135084E-4        1.010480
        8.808000           0.178647E-4        1.012046           0.135091E-4        1.010481
        8.809999           0.178658E-4        1.012046           0.135098E-4        1.010481
        8.811999           0.178669E-4        1.012046           0.135105E-4        1.010481
        8.813999           0.178680E-4        1.012047           0.135112E-4        1.010482
        8.815999           0.178691E-4        1.012047           0.135120E-4        1.010482
        8.817999           0.178702E-4        1.012048           0.135127E-4        1.010482
        8.819999           0.178713E-4        1.012048           0.135134E-4        1.010482
        8.822000           0.178724E-4        1.012048           0.135141E-4        1.010483
        8.823999           0.178735E-4        1.012049           0.135148E-4        1.010483
        8.825999           0.178746E-4        1.012049           0.135155E-4        1.010483
        8.827999           0.178756E-4        1.012049           0.135163E-4        1.010483
        8.829999           0.178767E-4        1.012050           0.135170E-4        1.010484
        8.832000           0.178778E-4        1.012050           0.135177E-4        1.010484
        8.834000           0.178789E-4        1.012050           0.135184E-4        1.010484
        8.835999           0.178800E-4        1.012051           0.135191E-4        1.010484
        8.837999           0.178811E-4        1.012051           0.135198E-4        1.010485
        8.840000           0.178822E-4        1.012051           0.135206E-4        1.010485
        8.842000           0.178833E-4        1.012052           0.135213E-4        1.010485
        8.844000           0.178844E-4        1.012052           0.135220E-4        1.010486
        8.846000           0.178855E-4        1.012053           0.135227E-4        1.010486
        8.847999           0.178866E-4        1.012053           0.135234E-4        1.010486
        8.849999           0.178876E-4        1.012053           0.135241E-4        1.010486
        8.851999           0.178887E-4        1.012054           0.135249E-4        1.010487
        8.853999           0.178898E-4        1.012054           0.135256E-4        1.010487
        8.855999           0.178909E-4        1.012054           0.135263E-4        1.010487
        8.857999           0.178920E-4        1.012055           0.135270E-4        1.010487
        8.860000           0.178931E-4        1.012055           0.135277E-4        1.010488
        8.862000           0.178942E-4        1.012055           0.135285E-4        1.010488
        8.863999           0.178953E-4        1.012056           0.135292E-4        1.010488
        8.865999           0.178964E-4        1.012056           0.135299E-4        1.010489
        8.867999           0.178975E-4        1.012056           0.135306E-4        1.010489
        8.870000           0.178986E-4        1.012057           0.135313E-4        1.010489
        8.872000           0.178997E-4        1.012057           0.135321E-4        1.010489
        8.874000           0.179007E-4        1.012058           0.135328E-4        1.010490
        8.875999           0.179018E-4        1.012058           0.135335E-4        1.010490
        8.877999           0.179029E-4        1.012058           0.135342E-4        1.010490
        8.880000           0.179040E-4        1.012059           0.135349E-4        1.010490
        8.882000           0.179051E-4        1.012059           0.135356E-4        1.010491
        8.883999           0.179062E-4        1.012059           0.135364E-4        1.010491
        8.885999           0.179073E-4        1.012060           0.135371E-4        1.010491
        8.887999           0.179084E-4        1.012060           0.135378E-4        1.010491
        8.889999           0.179095E-4        1.012060           0.135385E-4        1.010492
        8.891999           0.179106E-4        1.012061           0.135392E-4        1.010492
        8.893999           0.179117E-4        1.012061           0.135400E-4        1.010492
        8.895999           0.179128E-4        1.012061           0.135407E-4        1.010493
        8.897999           0.179139E-4        1.012062           0.135414E-4        1.010493
        8.900000           0.179150E-4        1.012062           0.135421E-4        1.010493
        8.901999           0.179161E-4        1.012063           0.135428E-4        1.010493
        8.903999           0.179171E-4        1.012063           0.135436E-4        1.010494
        8.905999           0.179182E-4        1.012063           0.135443E-4        1.010494
        8.908000           0.179193E-4        1.012064           0.135450E-4        1.010494
        8.910000           0.179204E-4        1.012064           0.135457E-4        1.010494
        8.912000           0.179215E-4        1.012064           0.135464E-4        1.010495
        8.914000           0.179226E-4        1.012065           0.135472E-4        1.010495
        8.915999           0.179237E-4        1.012065           0.135479E-4        1.010495
        8.917999           0.179248E-4        1.012065           0.135486E-4        1.010496
        8.919999           0.179259E-4        1.012066           0.135493E-4        1.010496
        8.921999           0.179270E-4        1.012066           0.135500E-4        1.010496
        8.923999           0.179281E-4        1.012066           0.135508E-4        1.010496
        8.925999           0.179292E-4        1.012067           0.135515E-4        1.010497
        8.927999           0.179303E-4        1.012067           0.135522E-4        1.010497
        8.929999           0.179314E-4        1.012068           0.135529E-4        1.010497
        8.931999           0.179325E-4        1.012068           0.135536E-4        1.010498
        8.933999           0.179336E-4        1.012068           0.135543E-4        1.010498
        8.935999           0.179347E-4        1.012069           0.135551E-4        1.010498
        8.938000           0.179358E-4        1.012069           0.135558E-4        1.010498
        8.940000           0.179369E-4        1.012069           0.135565E-4        1.010499
        8.941999           0.179379E-4        1.012070           0.135573E-4        1.010499
        8.943999           0.179390E-4        1.012070           0.135580E-4        1.010499
        8.945999           0.179401E-4        1.012071           0.135587E-4        1.010499
        8.948000           0.179412E-4        1.012071           0.135594E-4        1.010500
        8.950000           0.179423E-4        1.012071           0.135601E-4        1.010500
        8.952000           0.179434E-4        1.012072           0.135609E-4        1.010500
        8.954000           0.179445E-4        1.012072           0.135616E-4        1.010500
        8.955999           0.179456E-4        1.012072           0.135623E-4        1.010501
        8.957999           0.179467E-4        1.012073           0.135630E-4        1.010501
        8.959999           0.179478E-4        1.012073           0.135637E-4        1.010501
        8.961999           0.179489E-4        1.012073           0.135645E-4        1.010502
        8.963999           0.179500E-4        1.012074           0.135652E-4        1.010502
        8.965999           0.179511E-4        1.012074           0.135659E-4        1.010502
        8.967999           0.179522E-4        1.012074           0.135666E-4        1.010502
        8.969999           0.179533E-4        1.012075           0.135673E-4        1.010503
        8.971999           0.179544E-4        1.012075           0.135681E-4        1.010503
        8.973999           0.179555E-4        1.012076           0.135688E-4        1.010503
        8.975999           0.179566E-4        1.012076           0.135695E-4        1.010504
        8.978000           0.179577E-4        1.012076           0.135702E-4        1.010504
        8.980000           0.179588E-4        1.012077           0.135710E-4        1.010504
        8.981999           0.179599E-4        1.012077           0.135717E-4        1.010504
        8.983999           0.179610E-4        1.012077           0.135724E-4        1.010505
        8.986000           0.179621E-4        1.012078           0.135731E-4        1.010505
        8.988000           0.179632E-4        1.012078           0.135738E-4        1.010505
        8.990000           0.179643E-4        1.012078           0.135746E-4        1.010505
        8.992000           0.179654E-4        1.012079           0.135753E-4        1.010506
        8.993999           0.179665E-4        1.012079           0.135760E-4        1.010506
        8.995999           0.179676E-4        1.012079           0.135767E-4        1.010506
        8.997999           0.179687E-4        1.012080           0.135774E-4        1.010507
        8.999999           0.179698E-4        1.012080           0.135782E-4        1.010507
        9.001999           0.179709E-4        1.012081           0.135789E-4        1.010507
        9.003999           0.179720E-4        1.012081           0.135796E-4        1.010507
        9.006000           0.179731E-4        1.012081           0.135803E-4        1.010508
        9.007999           0.179742E-4        1.012082           0.135811E-4        1.010508
        9.009999           0.179753E-4        1.012082           0.135818E-4        1.010508
        9.011999           0.179764E-4        1.012082           0.135825E-4        1.010508
        9.013999           0.179775E-4        1.012083           0.135832E-4        1.010509
        9.016000           0.179786E-4        1.012083           0.135839E-4        1.010509
        9.018000           0.179797E-4        1.012083           0.135847E-4        1.010509
        9.020000           0.179808E-4        1.012084           0.135854E-4        1.010509
        9.021999           0.179819E-4        1.012084           0.135861E-4        1.010510
        9.023999           0.179830E-4        1.012084           0.135868E-4        1.010510
        9.026000           0.179841E-4        1.012085           0.135876E-4        1.010510
        9.028000           0.179852E-4        1.012085           0.135883E-4        1.010511
        9.030000           0.179863E-4        1.012086           0.135890E-4        1.010511
        9.032000           0.179874E-4        1.012086           0.135897E-4        1.010511
        9.033999           0.179885E-4        1.012086           0.135905E-4        1.010511
        9.035999           0.179896E-4        1.012087           0.135912E-4        1.010512
        9.037999           0.179907E-4        1.012087           0.135919E-4        1.010512
        9.039999           0.179918E-4        1.012087           0.135926E-4        1.010512
        9.041999           0.179929E-4        1.012088           0.135934E-4        1.010512
        9.043999           0.179940E-4        1.012088           0.135941E-4        1.010513
        9.046000           0.179951E-4        1.012088           0.135948E-4        1.010513
        9.047999           0.179962E-4        1.012089           0.135955E-4        1.010513
        9.049999           0.179973E-4        1.012089           0.135962E-4        1.010514
        9.051999           0.179984E-4        1.012089           0.135970E-4        1.010514
        9.053999           0.179995E-4        1.012090           0.135977E-4        1.010514
        9.056000           0.180006E-4        1.012090           0.135984E-4        1.010514
        9.058000           0.180017E-4        1.012091           0.135991E-4        1.010515
        9.059999           0.180028E-4        1.012091           0.135999E-4        1.010515
        9.061999           0.180039E-4        1.012091           0.136006E-4        1.010515
        9.064000           0.180050E-4        1.012092           0.136013E-4        1.010515
        9.066000           0.180061E-4        1.012092           0.136020E-4        1.010516
        9.068000           0.180072E-4        1.012092           0.136028E-4        1.010516
        9.070000           0.180083E-4        1.012093           0.136035E-4        1.010516
        9.071999           0.180094E-4        1.012093           0.136042E-4        1.010517
        9.073999           0.180105E-4        1.012094           0.136049E-4        1.010517
        9.075999           0.180116E-4        1.012094           0.136057E-4        1.010517
        9.077999           0.180127E-4        1.012094           0.136064E-4        1.010517
        9.079999           0.180138E-4        1.012095           0.136071E-4        1.010518
        9.081999           0.180149E-4        1.012095           0.136078E-4        1.010518
        9.084000           0.180160E-4        1.012095           0.136086E-4        1.010518
        9.085999           0.180171E-4        1.012096           0.136093E-4        1.010518
        9.087999           0.180182E-4        1.012096           0.136100E-4        1.010519
        9.089999           0.180193E-4        1.012096           0.136107E-4        1.010519
        9.091999           0.180204E-4        1.012097           0.136115E-4        1.010519
        9.094000           0.180215E-4        1.012097           0.136122E-4        1.010520
        9.096000           0.180226E-4        1.012097           0.136129E-4        1.010520
        9.098000           0.180237E-4        1.012098           0.136136E-4        1.010520
        9.099999           0.180248E-4        1.012098           0.136144E-4        1.010520
        9.101999           0.180259E-4        1.012099           0.136151E-4        1.010521
        9.104000           0.180271E-4        1.012099           0.136158E-4        1.010521
        9.106000           0.180282E-4        1.012099           0.136165E-4        1.010521
        9.107999           0.180293E-4        1.012100           0.136173E-4        1.010521
        9.109999           0.180304E-4        1.012100           0.136180E-4        1.010522
        9.111999           0.180315E-4        1.012100           0.136187E-4        1.010522
        9.113999           0.180326E-4        1.012101           0.136194E-4        1.010522
        9.115999           0.180337E-4        1.012101           0.136202E-4        1.010522
        9.117999           0.180348E-4        1.012101           0.136209E-4        1.010523
        9.119999           0.180359E-4        1.012102           0.136216E-4        1.010523
        9.121999           0.180370E-4        1.012102           0.136223E-4        1.010523
        9.124000           0.180381E-4        1.012102           0.136231E-4        1.010524
        9.125999           0.180392E-4        1.012103           0.136238E-4        1.010524
        9.127999           0.180403E-4        1.012103           0.136245E-4        1.010524
        9.129999           0.180414E-4        1.012104           0.136253E-4        1.010524
        9.132000           0.180425E-4        1.012104           0.136260E-4        1.010525
        9.134000           0.180436E-4        1.012104           0.136267E-4        1.010525
        9.136000           0.180447E-4        1.012105           0.136274E-4        1.010525
        9.138000           0.180458E-4        1.012105           0.136282E-4        1.010525
        9.139999           0.180469E-4        1.012105           0.136289E-4        1.010526
        9.142000           0.180481E-4        1.012106           0.136296E-4        1.010526
        9.143999           0.180492E-4        1.012106           0.136303E-4        1.010526
        9.145999           0.180503E-4        1.012106           0.136311E-4        1.010527
        9.147999           0.180514E-4        1.012107           0.136318E-4        1.010527
        9.149999           0.180525E-4        1.012107           0.136325E-4        1.010527
        9.151999           0.180536E-4        1.012108           0.136332E-4        1.010527
        9.153999           0.180547E-4        1.012108           0.136340E-4        1.010528
        9.155999           0.180558E-4        1.012108           0.136347E-4        1.010528
        9.157999           0.180569E-4        1.012109           0.136354E-4        1.010528
        9.159999           0.180580E-4        1.012109           0.136361E-4        1.010529
        9.162000           0.180591E-4        1.012109           0.136369E-4        1.010529
        9.164000           0.180602E-4        1.012110           0.136376E-4        1.010529
        9.165999           0.180613E-4        1.012110           0.136383E-4        1.010529
        9.167999           0.180624E-4        1.012110           0.136391E-4        1.010530
        9.169999           0.180635E-4        1.012111           0.136398E-4        1.010530
        9.172000           0.180647E-4        1.012111           0.136405E-4        1.010530
        9.174000           0.180658E-4        1.012112           0.136412E-4        1.010530
        9.176000           0.180669E-4        1.012112           0.136420E-4        1.010531
        9.177999           0.180680E-4        1.012112           0.136427E-4        1.010531
        9.179999           0.180691E-4        1.012113           0.136434E-4        1.010531
        9.181999           0.180702E-4        1.012113           0.136441E-4        1.010532
        9.183999           0.180713E-4        1.012113           0.136449E-4        1.010532
        9.185999           0.180724E-4        1.012114           0.136456E-4        1.010532
        9.187999           0.180735E-4        1.012114           0.136463E-4        1.010532
        9.189999           0.180746E-4        1.012114           0.136471E-4        1.010533
        9.191999           0.180757E-4        1.012115           0.136478E-4        1.010533
        9.193999           0.180768E-4        1.012115           0.136485E-4        1.010533
        9.195999           0.180780E-4        1.012115           0.136492E-4        1.010533
        9.197999           0.180791E-4        1.012116           0.136500E-4        1.010534
        9.199999           0.180802E-4        1.012116           0.136507E-4        1.010534
        9.202000           0.180813E-4        1.012117           0.136514E-4        1.010534
        9.204000           0.180824E-4        1.012117           0.136522E-4        1.010535
        9.205999           0.180835E-4        1.012117           0.136529E-4        1.010535
        9.207999           0.180846E-4        1.012118           0.136536E-4        1.010535
        9.210000           0.180857E-4        1.012118           0.136543E-4        1.010535
        9.212000           0.180868E-4        1.012118           0.136551E-4        1.010536
        9.214000           0.180879E-4        1.012119           0.136558E-4        1.010536
        9.216000           0.180891E-4        1.012119           0.136565E-4        1.010536
        9.217999           0.180902E-4        1.012120           0.136573E-4        1.010536
        9.219999           0.180913E-4        1.012120           0.136580E-4        1.010537
        9.221999           0.180924E-4        1.012120           0.136587E-4        1.010537
        9.223999           0.180935E-4        1.012121           0.136594E-4        1.010537
        9.225999           0.180946E-4        1.012121           0.136602E-4        1.010538
        9.227999           0.180957E-4        1.012121           0.136609E-4        1.010538
        9.230000           0.180968E-4        1.012122           0.136616E-4        1.010538
        9.231999           0.180979E-4        1.012122           0.136624E-4        1.010538
        9.233999           0.180991E-4        1.012122           0.136631E-4        1.010539
        9.235999           0.181002E-4        1.012123           0.136638E-4        1.010539
        9.237999           0.181013E-4        1.012123           0.136646E-4        1.010539
        9.240000           0.181024E-4        1.012123           0.136653E-4        1.010539
        9.242000           0.181035E-4        1.012124           0.136660E-4        1.010540
        9.243999           0.181046E-4        1.012124           0.136667E-4        1.010540
        9.245999           0.181057E-4        1.012125           0.136675E-4        1.010540
        9.247999           0.181068E-4        1.012125           0.136682E-4        1.010540
        9.250000           0.181079E-4        1.012125           0.136689E-4        1.010541
        9.252000           0.181091E-4        1.012126           0.136697E-4        1.010541
        9.254000           0.181102E-4        1.012126           0.136704E-4        1.010541
        9.256000           0.181113E-4        1.012126           0.136711E-4        1.010542
        9.257999           0.181124E-4        1.012127           0.136719E-4        1.010542
        9.259999           0.181135E-4        1.012127           0.136726E-4        1.010542
        9.261999           0.181146E-4        1.012127           0.136733E-4        1.010542
        9.263999           0.181157E-4        1.012128           0.136740E-4        1.010543
        9.265999           0.181168E-4        1.012128           0.136748E-4        1.010543
        9.267999           0.181180E-4        1.012129           0.136755E-4        1.010543
        9.270000           0.181191E-4        1.012129           0.136762E-4        1.010544
        9.271999           0.181202E-4        1.012129           0.136770E-4        1.010544
        9.273999           0.181213E-4        1.012130           0.136777E-4        1.010544
        9.275999           0.181224E-4        1.012130           0.136784E-4        1.010544
        9.277999           0.181235E-4        1.012130           0.136792E-4        1.010545
        9.280000           0.181246E-4        1.012131           0.136799E-4        1.010545
        9.282000           0.181257E-4        1.012131           0.136806E-4        1.010545
        9.283999           0.181269E-4        1.012131           0.136814E-4        1.010545
        9.285999           0.181280E-4        1.012132           0.136821E-4        1.010546
        9.288000           0.181291E-4        1.012132           0.136828E-4        1.010546
        9.290000           0.181302E-4        1.012133           0.136835E-4        1.010546
        9.292000           0.181313E-4        1.012133           0.136843E-4        1.010547
        9.294000           0.181324E-4        1.012133           0.136850E-4        1.010547
        9.296000           0.181335E-4        1.012134           0.136857E-4        1.010547
        9.297999           0.181347E-4        1.012134           0.136865E-4        1.010547
        9.299999           0.181358E-4        1.012134           0.136872E-4        1.010548
        9.301999           0.181369E-4        1.012135           0.136879E-4        1.010548
        9.303999           0.181380E-4        1.012135           0.136887E-4        1.010548
        9.305999           0.181391E-4        1.012135           0.136894E-4        1.010548
        9.308000           0.181402E-4        1.012136           0.136901E-4        1.010549
        9.309999           0.181413E-4        1.012136           0.136909E-4        1.010549
        9.311999           0.181425E-4        1.012136           0.136916E-4        1.010549
        9.313999           0.181436E-4        1.012137           0.136923E-4        1.010550
        9.315999           0.181447E-4        1.012137           0.136931E-4        1.010550
        9.318000           0.181458E-4        1.012138           0.136938E-4        1.010550
        9.320000           0.181469E-4        1.012138           0.136945E-4        1.010550
        9.322000           0.181480E-4        1.012138           0.136952E-4        1.010551
        9.323999           0.181492E-4        1.012139           0.136960E-4        1.010551
        9.325999           0.181503E-4        1.012139           0.136967E-4        1.010551
        9.328000           0.181514E-4        1.012139           0.136974E-4        1.010551
        9.330000           0.181525E-4        1.012140           0.136982E-4        1.010552
        9.331999           0.181536E-4        1.012140           0.136989E-4        1.010552
        9.333999           0.181547E-4        1.012141           0.136996E-4        1.010552
        9.335999           0.181559E-4        1.012141           0.137004E-4        1.010553
        9.337999           0.181570E-4        1.012141           0.137011E-4        1.010553
        9.339999           0.181581E-4        1.012142           0.137018E-4        1.010553
        9.341999           0.181592E-4        1.012142           0.137026E-4        1.010553
        9.343999           0.181603E-4        1.012142           0.137033E-4        1.010554
        9.345999           0.181614E-4        1.012143           0.137040E-4        1.010554
        9.348000           0.181625E-4        1.012143           0.137048E-4        1.010554
        9.349999           0.181637E-4        1.012143           0.137055E-4        1.010554
        9.351999           0.181648E-4        1.012144           0.137062E-4        1.010555
        9.353999           0.181659E-4        1.012144           0.137070E-4        1.010555
        9.355999           0.181670E-4        1.012144           0.137077E-4        1.010555
        9.358000           0.181681E-4        1.012145           0.137084E-4        1.010556
        9.360000           0.181693E-4        1.012145           0.137092E-4        1.010556
        9.362000           0.181704E-4        1.012146           0.137099E-4        1.010556
        9.363999           0.181715E-4        1.012146           0.137106E-4        1.010556
        9.366000           0.181726E-4        1.012146           0.137114E-4        1.010557
        9.367999           0.181737E-4        1.012147           0.137121E-4        1.010557
        9.369999           0.181748E-4        1.012147           0.137128E-4        1.010557
        9.371999           0.181760E-4        1.012147           0.137136E-4        1.010558
        9.373999           0.181771E-4        1.012148           0.137143E-4        1.010558
        9.375999           0.181782E-4        1.012148           0.137150E-4        1.010558
        9.377999           0.181793E-4        1.012148           0.137158E-4        1.010558
        9.379999           0.181804E-4        1.012149           0.137165E-4        1.010559
        9.381999           0.181816E-4        1.012149           0.137172E-4        1.010559
        9.383999           0.181827E-4        1.012150           0.137180E-4        1.010559
        9.386000           0.181838E-4        1.012150           0.137187E-4        1.010559
        9.388000           0.181849E-4        1.012150           0.137194E-4        1.010560
        9.389999           0.181860E-4        1.012151           0.137202E-4        1.010560
        9.391999           0.181872E-4        1.012151           0.137209E-4        1.010560
        9.393999           0.181883E-4        1.012151           0.137216E-4        1.010561
        9.396000           0.181894E-4        1.012152           0.137224E-4        1.010561
        9.398000           0.181905E-4        1.012152           0.137231E-4        1.010561
        9.400000           0.181916E-4        1.012153           0.137239E-4        1.010561
        9.401999           0.181927E-4        1.012153           0.137246E-4        1.010562
        9.403999           0.181939E-4        1.012153           0.137253E-4        1.010562
        9.405999           0.181950E-4        1.012154           0.137260E-4        1.010562
        9.407999           0.181961E-4        1.012154           0.137268E-4        1.010562
        9.409999           0.181972E-4        1.012154           0.137275E-4        1.010563
        9.411999           0.181983E-4        1.012155           0.137282E-4        1.010563
        9.413999           0.181995E-4        1.012155           0.137290E-4        1.010563
        9.415999           0.182006E-4        1.012155           0.137297E-4        1.010563
        9.417999           0.182017E-4        1.012156           0.137305E-4        1.010564
        9.419999           0.182028E-4        1.012156           0.137312E-4        1.010564
        9.421999           0.182040E-4        1.012156           0.137319E-4        1.010564
        9.423999           0.182051E-4        1.012157           0.137327E-4        1.010565
        9.426000           0.182062E-4        1.012157           0.137334E-4        1.010565
        9.427999           0.182073E-4        1.012158           0.137341E-4        1.010565
        9.429999           0.182084E-4        1.012158           0.137349E-4        1.010566
        9.431999           0.182096E-4        1.012158           0.137356E-4        1.010566
        9.434000           0.182107E-4        1.012159           0.137363E-4        1.010566
        9.436000           0.182118E-4        1.012159           0.137371E-4        1.010566
        9.438000           0.182129E-4        1.012159           0.137378E-4        1.010567
        9.440000           0.182140E-4        1.012160           0.137385E-4        1.010567
        9.441999           0.182152E-4        1.012160           0.137393E-4        1.010567
        9.443999           0.182163E-4        1.012161           0.137400E-4        1.010567
        9.445999           0.182174E-4        1.012161           0.137407E-4        1.010568
        9.447999           0.182185E-4        1.012161           0.137415E-4        1.010568
        9.449999           0.182197E-4        1.012162           0.137422E-4        1.010568
        9.451999           0.182208E-4        1.012162           0.137430E-4        1.010568
        9.454000           0.182219E-4        1.012162           0.137437E-4        1.010569
        9.455999           0.182230E-4        1.012163           0.137444E-4        1.010569
        9.457999           0.182241E-4        1.012163           0.137452E-4        1.010569
        9.459999           0.182253E-4        1.012163           0.137459E-4        1.010570
        9.461999           0.182264E-4        1.012164           0.137466E-4        1.010570
        9.464000           0.182275E-4        1.012164           0.137474E-4        1.010570
        9.466000           0.182286E-4        1.012164           0.137481E-4        1.010570
        9.467999           0.182298E-4        1.012165           0.137488E-4        1.010571
        9.469999           0.182309E-4        1.012165           0.137496E-4        1.010571
        9.471999           0.182320E-4        1.012166           0.137503E-4        1.010571
        9.474000           0.182331E-4        1.012166           0.137511E-4        1.010571
        9.476000           0.182343E-4        1.012166           0.137518E-4        1.010572
        9.478000           0.182354E-4        1.012167           0.137525E-4        1.010572
        9.480000           0.182365E-4        1.012167           0.137533E-4        1.010572
        9.481999           0.182376E-4        1.012167           0.137540E-4        1.010573
        9.483999           0.182387E-4        1.012168           0.137547E-4        1.010573
        9.485999           0.182399E-4        1.012168           0.137555E-4        1.010573
        9.487999           0.182410E-4        1.012169           0.137562E-4        1.010573
        9.489999           0.182421E-4        1.012169           0.137570E-4        1.010574
        9.491999           0.182432E-4        1.012169           0.137577E-4        1.010574
        9.493999           0.182444E-4        1.012170           0.137584E-4        1.010574
        9.495999           0.182455E-4        1.012170           0.137592E-4        1.010575
        9.497999           0.182466E-4        1.012170           0.137599E-4        1.010575
        9.499999           0.182477E-4        1.012171           0.137606E-4        1.010575
        9.501999           0.182489E-4        1.012171           0.137614E-4        1.010575
        9.504000           0.182500E-4        1.012172           0.137621E-4        1.010576
        9.506000           0.182511E-4        1.012172           0.137628E-4        1.010576
        9.507999           0.182523E-4        1.012172           0.137636E-4        1.010576
        9.509999           0.182534E-4        1.012173           0.137643E-4        1.010576
        9.512000           0.182545E-4        1.012173           0.137651E-4        1.010577
        9.514000           0.182556E-4        1.012173           0.137658E-4        1.010577
        9.516000           0.182568E-4        1.012174           0.137665E-4        1.010577
        9.518000           0.182579E-4        1.012174           0.137673E-4        1.010578
        9.520000           0.182590E-4        1.012174           0.137680E-4        1.010578
        9.521999           0.182601E-4        1.012175           0.137687E-4        1.010578
        9.523999           0.182613E-4        1.012175           0.137695E-4        1.010578
        9.525999           0.182624E-4        1.012175           0.137702E-4        1.010579
        9.527999           0.182635E-4        1.012176           0.137710E-4        1.010579
        9.529999           0.182646E-4        1.012176           0.137717E-4        1.010579
        9.532000           0.182658E-4        1.012177           0.137724E-4        1.010579
        9.533999           0.182669E-4        1.012177           0.137732E-4        1.010580
        9.535999           0.182680E-4        1.012177           0.137739E-4        1.010580
        9.537999           0.182691E-4        1.012178           0.137747E-4        1.010580
        9.539999           0.182703E-4        1.012178           0.137754E-4        1.010581
        9.542000           0.182714E-4        1.012178           0.137761E-4        1.010581
        9.544000           0.182725E-4        1.012179           0.137769E-4        1.010581
        9.546000           0.182737E-4        1.012179           0.137776E-4        1.010581
        9.547999           0.182748E-4        1.012179           0.137783E-4        1.010582
        9.549999           0.182759E-4        1.012180           0.137791E-4        1.010582
        9.552000           0.182770E-4        1.012180           0.137798E-4        1.010582
        9.554000           0.182782E-4        1.012181           0.137806E-4        1.010583
        9.556000           0.182793E-4        1.012181           0.137813E-4        1.010583
        9.557999           0.182804E-4        1.012181           0.137821E-4        1.010583
        9.559999           0.182815E-4        1.012182           0.137828E-4        1.010583
        9.561999           0.182827E-4        1.012182           0.137835E-4        1.010584
        9.563999           0.182838E-4        1.012182           0.137843E-4        1.010584
        9.565999           0.182849E-4        1.012183           0.137850E-4        1.010584
        9.567999           0.182861E-4        1.012183           0.137857E-4        1.010584
        9.569999           0.182872E-4        1.012184           0.137865E-4        1.010585
        9.572000           0.182883E-4        1.012184           0.137872E-4        1.010585
        9.573999           0.182894E-4        1.012184           0.137880E-4        1.010585
        9.575999           0.182906E-4        1.012185           0.137887E-4        1.010586
        9.577999           0.182917E-4        1.012185           0.137894E-4        1.010586
        9.579999           0.182928E-4        1.012185           0.137902E-4        1.010586
        9.582000           0.182940E-4        1.012186           0.137909E-4        1.010586
        9.584000           0.182951E-4        1.012186           0.137917E-4        1.010587
        9.585999           0.182962E-4        1.012186           0.137924E-4        1.010587
        9.587999           0.182974E-4        1.012187           0.137931E-4        1.010587
        9.590000           0.182985E-4        1.012187           0.137939E-4        1.010587
        9.592000           0.182996E-4        1.012187           0.137946E-4        1.010588
        9.593999           0.183007E-4        1.012188           0.137954E-4        1.010588
        9.595999           0.183019E-4        1.012188           0.137961E-4        1.010588
        9.597999           0.183030E-4        1.012189           0.137968E-4        1.010589
        9.599999           0.183041E-4        1.012189           0.137976E-4        1.010589
        9.601999           0.183053E-4        1.012189           0.137983E-4        1.010589
        9.603999           0.183064E-4        1.012190           0.137991E-4        1.010589
        9.605999           0.183075E-4        1.012190           0.137998E-4        1.010590
        9.607999           0.183087E-4        1.012190           0.138005E-4        1.010590
        9.610000           0.183098E-4        1.012191           0.138013E-4        1.010590
        9.612000           0.183109E-4        1.012191           0.138020E-4        1.010591
        9.613999           0.183120E-4        1.012192           0.138028E-4        1.010591
        9.615999           0.183132E-4        1.012192           0.138035E-4        1.010591
        9.617999           0.183143E-4        1.012192           0.138042E-4        1.010591
        9.620000           0.183154E-4        1.012193           0.138050E-4        1.010592
        9.622000           0.183166E-4        1.012193           0.138057E-4        1.010592
        9.624000           0.183177E-4        1.012193           0.138065E-4        1.010592
        9.625999           0.183188E-4        1.012194           0.138072E-4        1.010592
        9.627999           0.183200E-4        1.012194           0.138080E-4        1.010593
        9.629999           0.183211E-4        1.012195           0.138087E-4        1.010593
        9.631999           0.183222E-4        1.012195           0.138094E-4        1.010593
        9.633999           0.183234E-4        1.012195           0.138102E-4        1.010594
        9.635999           0.183245E-4        1.012196           0.138109E-4        1.010594
        9.637999           0.183256E-4        1.012196           0.138117E-4        1.010594
        9.639999           0.183268E-4        1.012196           0.138124E-4        1.010594
        9.641999           0.183279E-4        1.012197           0.138131E-4        1.010595
        9.643999           0.183290E-4        1.012197           0.138139E-4        1.010595
        9.645999           0.183302E-4        1.012197           0.138146E-4        1.010595
        9.647999           0.183313E-4        1.012198           0.138154E-4        1.010595
        9.650000           0.183324E-4        1.012198           0.138161E-4        1.010596
        9.651999           0.183336E-4        1.012199           0.138168E-4        1.010596
        9.653999           0.183347E-4        1.012199           0.138176E-4        1.010596
        9.655999           0.183358E-4        1.012199           0.138183E-4        1.010597
        9.658000           0.183370E-4        1.012200           0.138191E-4        1.010597
        9.660000           0.183381E-4        1.012200           0.138198E-4        1.010597
        9.662000           0.183392E-4        1.012200           0.138206E-4        1.010597
        9.664000           0.183404E-4        1.012201           0.138213E-4        1.010598
        9.665999           0.183415E-4        1.012201           0.138221E-4        1.010598
        9.667999           0.183426E-4        1.012201           0.138228E-4        1.010598
        9.669999           0.183438E-4        1.012202           0.138235E-4        1.010599
        9.671999           0.183449E-4        1.012202           0.138243E-4        1.010599
        9.673999           0.183460E-4        1.012203           0.138250E-4        1.010599
        9.675999           0.183472E-4        1.012203           0.138258E-4        1.010599
        9.677999           0.183483E-4        1.012203           0.138265E-4        1.010600
        9.679999           0.183494E-4        1.012204           0.138272E-4        1.010600
        9.681999           0.183506E-4        1.012204           0.138280E-4        1.010600
        9.683999           0.183517E-4        1.012204           0.138287E-4        1.010600
        9.685999           0.183528E-4        1.012205           0.138295E-4        1.010601
        9.688000           0.183540E-4        1.012205           0.138302E-4        1.010601
        9.690000           0.183551E-4        1.012205           0.138310E-4        1.010601
        9.691999           0.183562E-4        1.012206           0.138317E-4        1.010602
        9.693999           0.183574E-4        1.012206           0.138324E-4        1.010602
        9.695999           0.183585E-4        1.012207           0.138332E-4        1.010602
        9.698000           0.183596E-4        1.012207           0.138339E-4        1.010602
        9.700000           0.183608E-4        1.012207           0.138347E-4        1.010603
        9.702000           0.183619E-4        1.012208           0.138354E-4        1.010603
        9.704000           0.183631E-4        1.012208           0.138362E-4        1.010603
        9.705999           0.183642E-4        1.012208           0.138369E-4        1.010604
        9.707999           0.183653E-4        1.012209           0.138376E-4        1.010604
        9.709999           0.183665E-4        1.012209           0.138384E-4        1.010604
        9.711999           0.183676E-4        1.012210           0.138391E-4        1.010604
        9.713999           0.183687E-4        1.012210           0.138399E-4        1.010605
        9.715999           0.183699E-4        1.012210           0.138406E-4        1.010605
        9.717999           0.183710E-4        1.012211           0.138414E-4        1.010605
        9.719999           0.183721E-4        1.012211           0.138421E-4        1.010605
        9.721999           0.183733E-4        1.012211           0.138429E-4        1.010606
        9.723999           0.183744E-4        1.012212           0.138436E-4        1.010606
        9.725999           0.183756E-4        1.012212           0.138443E-4        1.010606
        9.728000           0.183767E-4        1.012213           0.138451E-4        1.010607
        9.730000           0.183778E-4        1.012213           0.138458E-4        1.010607
        9.731999           0.183790E-4        1.012213           0.138466E-4        1.010607
        9.733999           0.183801E-4        1.012214           0.138473E-4        1.010607
        9.736000           0.183812E-4        1.012214           0.138481E-4        1.010608
        9.738000           0.183824E-4        1.012214           0.138488E-4        1.010608
        9.740000           0.183835E-4        1.012215           0.138496E-4        1.010608
        9.742000           0.183847E-4        1.012215           0.138503E-4        1.010608
        9.743999           0.183858E-4        1.012215           0.138511E-4        1.010609
        9.745999           0.183869E-4        1.012216           0.138518E-4        1.010609
        9.747999           0.183881E-4        1.012216           0.138525E-4        1.010609
        9.749999           0.183892E-4        1.012217           0.138533E-4        1.010610
        9.751999           0.183903E-4        1.012217           0.138540E-4        1.010610
        9.753999           0.183915E-4        1.012217           0.138548E-4        1.010610
        9.756000           0.183926E-4        1.012218           0.138555E-4        1.010610
        9.757999           0.183938E-4        1.012218           0.138563E-4        1.010611
        9.759999           0.183949E-4        1.012218           0.138570E-4        1.010611
        9.761999           0.183960E-4        1.012219           0.138578E-4        1.010611
        9.763999           0.183972E-4        1.012219           0.138585E-4        1.010612
        9.766000           0.183983E-4        1.012219           0.138592E-4        1.010612
        9.768000           0.183995E-4        1.012220           0.138600E-4        1.010612
        9.770000           0.184006E-4        1.012220           0.138607E-4        1.010612
        9.771999           0.184017E-4        1.012221           0.138615E-4        1.010613
        9.773999           0.184029E-4        1.012221           0.138622E-4        1.010613
        9.776000           0.184040E-4        1.012221           0.138630E-4        1.010613
        9.778000           0.184052E-4        1.012222           0.138637E-4        1.010613
        9.780000           0.184063E-4        1.012222           0.138645E-4        1.010614
        9.781999           0.184074E-4        1.012222           0.138652E-4        1.010614
        9.783998           0.184086E-4        1.012223           0.138660E-4        1.010614
        9.785999           0.184097E-4        1.012223           0.138667E-4        1.010615
        9.787999           0.184109E-4        1.012223           0.138675E-4        1.010615
        9.789999           0.184120E-4        1.012224           0.138682E-4        1.010615
        9.791999           0.184131E-4        1.012224           0.138689E-4        1.010615
        9.793999           0.184143E-4        1.012225           0.138697E-4        1.010616
        9.796000           0.184154E-4        1.012225           0.138704E-4        1.010616
        9.797999           0.184166E-4        1.012225           0.138712E-4        1.010616
        9.799999           0.184177E-4        1.012226           0.138719E-4        1.010617
        9.801999           0.184188E-4        1.012226           0.138727E-4        1.010617
        9.803999           0.184200E-4        1.012226           0.138734E-4        1.010617
        9.806000           0.184211E-4        1.012227           0.138742E-4        1.010617
        9.808000           0.184223E-4        1.012227           0.138749E-4        1.010618
        9.809999           0.184234E-4        1.012228           0.138757E-4        1.010618
        9.811999           0.184246E-4        1.012228           0.138764E-4        1.010618
        9.814000           0.184257E-4        1.012228           0.138772E-4        1.010618
        9.816000           0.184268E-4        1.012229           0.138779E-4        1.010619
        9.817999           0.184280E-4        1.012229           0.138787E-4        1.010619
        9.819999           0.184291E-4        1.012229           0.138794E-4        1.010619
        9.821999           0.184303E-4        1.012230           0.138802E-4        1.010620
        9.823999           0.184314E-4        1.012230           0.138809E-4        1.010620
        9.825999           0.184325E-4        1.012231           0.138816E-4        1.010620
        9.827999           0.184337E-4        1.012231           0.138824E-4        1.010620
        9.829999           0.184348E-4        1.012231           0.138831E-4        1.010621
        9.831999           0.184360E-4        1.012232           0.138839E-4        1.010621
        9.834000           0.184371E-4        1.012232           0.138846E-4        1.010621
        9.835999           0.184383E-4        1.012232           0.138854E-4        1.010622
        9.837999           0.184394E-4        1.012233           0.138861E-4        1.010622
        9.839999           0.184406E-4        1.012233           0.138869E-4        1.010622
        9.841999           0.184417E-4        1.012233           0.138876E-4        1.010622
        9.844000           0.184428E-4        1.012234           0.138884E-4        1.010623
        9.846000           0.184440E-4        1.012234           0.138891E-4        1.010623
        9.848000           0.184451E-4        1.012235           0.138899E-4        1.010623
        9.849999           0.184463E-4        1.012235           0.138906E-4        1.010623
        9.851999           0.184474E-4        1.012235           0.138914E-4        1.010624
        9.853999           0.184486E-4        1.012236           0.138921E-4        1.010624
        9.855999           0.184497E-4        1.012236           0.138929E-4        1.010624
        9.857999           0.184508E-4        1.012236           0.138936E-4        1.010625
        9.859999           0.184520E-4        1.012237           0.138943E-4        1.010625
        9.861999           0.184531E-4        1.012237           0.138951E-4        1.010625
        9.863999           0.184543E-4        1.012238           0.138959E-4        1.010625
        9.865999           0.184554E-4        1.012238           0.138966E-4        1.010626
        9.867999           0.184566E-4        1.012238           0.138973E-4        1.010626
        9.869999           0.184577E-4        1.012239           0.138981E-4        1.010626
        9.871999           0.184589E-4        1.012239           0.138988E-4        1.010627
        9.874000           0.184600E-4        1.012239           0.138996E-4        1.010627
        9.875999           0.184611E-4        1.012240           0.139003E-4        1.010627
        9.877999           0.184623E-4        1.012240           0.139011E-4        1.010627
        9.879999           0.184634E-4        1.012241           0.139019E-4        1.010628
        9.881999           0.184646E-4        1.012241           0.139026E-4        1.010628
        9.884000           0.184657E-4        1.012241           0.139034E-4        1.010628
        9.886000           0.184669E-4        1.012242           0.139041E-4        1.010628
        9.888000           0.184680E-4        1.012242           0.139048E-4        1.010629
        9.889999           0.184692E-4        1.012242           0.139056E-4        1.010629
        9.891999           0.184703E-4        1.012243           0.139063E-4        1.010629
        9.893999           0.184715E-4        1.012243           0.139071E-4        1.010630
        9.895999           0.184726E-4        1.012243           0.139078E-4        1.010630
        9.897999           0.184737E-4        1.012244           0.139086E-4        1.010630
        9.899999           0.184749E-4        1.012244           0.139093E-4        1.010630
        9.901999           0.184760E-4        1.012245           0.139101E-4        1.010631
        9.903999           0.184772E-4        1.012245           0.139108E-4        1.010631
        9.905999           0.184783E-4        1.012245           0.139116E-4        1.010631
        9.907999           0.184795E-4        1.012246           0.139123E-4        1.010632
        9.909999           0.184806E-4        1.012246           0.139131E-4        1.010632
        9.912000           0.184818E-4        1.012246           0.139138E-4        1.010632
        9.914000           0.184829E-4        1.012247           0.139146E-4        1.010632
        9.915999           0.184841E-4        1.012247           0.139153E-4        1.010633
        9.917999           0.184852E-4        1.012247           0.139161E-4        1.010633
        9.919999           0.184864E-4        1.012248           0.139168E-4        1.010633
        9.922000           0.184875E-4        1.012248           0.139176E-4        1.010633
        9.924000           0.184887E-4        1.012249           0.139183E-4        1.010634
        9.926000           0.184898E-4        1.012249           0.139191E-4        1.010634
        9.927999           0.184910E-4        1.012249           0.139198E-4        1.010634
        9.929999           0.184921E-4        1.012250           0.139206E-4        1.010635
        9.931999           0.184933E-4        1.012250           0.139213E-4        1.010635
        9.933999           0.184944E-4        1.012250           0.139221E-4        1.010635
        9.935999           0.184956E-4        1.012251           0.139228E-4        1.010635
        9.937999           0.184967E-4        1.012251           0.139236E-4        1.010636
        9.939999           0.184979E-4        1.012252           0.139243E-4        1.010636
        9.941999           0.184990E-4        1.012252           0.139251E-4        1.010636
        9.943999           0.185001E-4        1.012252           0.139259E-4        1.010637
        9.945999           0.185013E-4        1.012253           0.139266E-4        1.010637
        9.947999           0.185024E-4        1.012253           0.139274E-4        1.010637
        9.949999           0.185036E-4        1.012253           0.139281E-4        1.010637
        9.952000           0.185047E-4        1.012254           0.139289E-4        1.010638
        9.954000           0.185059E-4        1.012254           0.139296E-4        1.010638
        9.955999           0.185070E-4        1.012254           0.139304E-4        1.010638
        9.957999           0.185082E-4        1.012255           0.139311E-4        1.010638
        9.960000           0.185093E-4        1.012255           0.139319E-4        1.010639
        9.962000           0.185105E-4        1.012256           0.139326E-4        1.010639
        9.964000           0.185116E-4        1.012256           0.139334E-4        1.010639
        9.966000           0.185128E-4        1.012256           0.139341E-4        1.010640
        9.967999           0.185139E-4        1.012257           0.139349E-4        1.010640
        9.969999           0.185151E-4        1.012257           0.139356E-4        1.010640
        9.971999           0.185162E-4        1.012257           0.139364E-4        1.010640
        9.973999           0.185174E-4        1.012258           0.139371E-4        1.010641
        9.975999           0.185185E-4        1.012258           0.139379E-4        1.010641
        9.977999           0.185197E-4        1.012259           0.139386E-4        1.010641
        9.980000           0.185208E-4        1.012259           0.139394E-4        1.010642
        9.981999           0.185220E-4        1.012259           0.139401E-4        1.010642
        9.983999           0.185231E-4        1.012260           0.139409E-4        1.010642
        9.985999           0.185243E-4        1.012260           0.139416E-4        1.010642
        9.987999           0.185255E-4        1.012260           0.139424E-4        1.010643
        9.990000           0.185266E-4        1.012261           0.139431E-4        1.010643
        9.992000           0.185278E-4        1.012261           0.139439E-4        1.010643
        9.993999           0.185289E-4        1.012262           0.139446E-4        1.010643
        9.995999           0.185301E-4        1.012262           0.139454E-4        1.010644
        9.997999           0.185312E-4        1.012262           0.139462E-4        1.010644
        10.00000           0.185324E-4        1.012263           0.139469E-4        1.010644
# 
# 08/28/2026 at 14:25 yambo @ compute-9-01 [start]
# 08/28/2026 at 14:27                      [end]
#  
# Timing   [Min/Max/Average]: 02m-14s/02m-14s/02m-14s
#
# .-Input file  BSE_files/BSE.in
# | optics                           # [R] Linear Response optical properties
# | dipoles                          # [R] Oscillator strenghts (or dipoles)
# | bss                              # [R] BSE solver
# | bse                              # [R][BSE] Bethe Salpeter Equation.
# | DBsIOoff= "BS"                   # [IO] Space-separated list of DB with NO I/O. DB=(DIP,X,HF,COLLs,J,GF,CARRIERs,OBS,W,SC,BS,ALL)
# | FFTGvecs= 1837             RL    # [FFT] Plane-waves
# | DIP_CPU= "2.6.2"                 # [PARALLEL] CPUs for each role
# | DIP_ROLEs= "v.c.k"               # [PARALLEL] CPUs roles (k,c,v)
# | DIP_Threads= 2                   # [OPENMP/X] Number of threads for dipoles
# | BS_CPU= "4.6"                    # [PARALLEL] CPUs for each role
# | BS_ROLEs= "eh.k"                 # [PARALLEL] CPUs roles (k,eh,t)
# | BS_nCPU_LinAlg_INV=  4           # [PARALLEL] CPUs for Linear Algebra (if -1 it is automatically set)
# | BS_nCPU_LinAlg_DIAGO=  4         # [PARALLEL] CPUs for Linear Algebra (if -1 it is automatically set)
# | K_Threads= 2                     # [OPENMP/BSK] Number of threads for response functions
# | BSKmod= "SEX"                    # [BSE] IP/Hartree/HF/ALDA/SEX/BSfxc
# | BSEmod= "resonant"               # [BSE] resonant/retarded/coupling
# | BSEdiskIO= "medium"              # [BSE] high(restart always) |medium(restart only corr.) |low(writes at the end)|none
# | BSSmod= "d"                      # [BSS] (h)aydock/(d)iago/(o)ld-diago/(s)lepc/(i)nversion/(c)hase
# | BSENGexx= 20120            mHa   # [BSK] Exchange components
# | BSENGBlk=  89              RL    # [BSK] Screened interaction block size [if -1 uses all the G-vectors of W_{G,Gp}]
# | #WehCpl                        # [BSK] eh interaction included also in coupling
# | KfnQPdb= "E < GW0/ndb.QP"        # [EXTQP BSK BSS] Database action
# | % KfnQP_E
# |  6.000000 | 1.050000 | 1.050000 |        # [EXTQP BSK BSS] E parameters  (c/v) eV|adim|adim
# | %
# | EXCTemp= 0.000000          eV    # Excitonic Temperature (for luminescence spectra and EXCPH)
# | % BSEQptR
# |  1 | 1 |                             # [BSK] Transferred momenta range
# | %
# | % BSEBands
# |   1 | 30 |                           # [BSK] Bands range
# | %
# | BSEFrozenBands= "2 - 5"          # [BSK] Bands expluded from BSE construction
# | #NoDiagSC                      # New setup for non-diagonal supercells
# | % BEnRange
# |   0.00000 | 10.00000 |         eV    # [BSS] Energy range
# | %
# | BDmType= "Lorentzian"            # [BSS] Damping type (Lorentzian | Gaussian)
# | % BDmRange
# |  0.100000 | 0.100000 |         eV    # [BSS] Damping range
# | %
# | BEnSteps=  5001                  # [BSS] Energy steps
# | % BLongDir
# |  1.000000 | 0.000000 | 0.000000 |        # [BSS] [cc] Electric Field versor
# | %
# | BSEprop= " abs esrt indx"        # [BSS] Can be any among abs/jdos/kerr/asymm/anHAll/magn/dich/photolum/esrt/MEspin/MEorb
# | BSEdips= "none"                  # [BSS] Can be "trace/none" or "xy/xz/yz" to define off-diagonal rotation plane
# | WRbsWF                         # [BSS] Write to disk excitonic the WFs
# | BSSldiaLib= "s"                  # [BSS] Library used with ldiago solver `(s)scalapack/(e1)elpa1/(e2)elpa2`
# | BSSNEig=0                        # [SLEPC/DIAGO] Number of eigenvalues to compute
