#                                                                     
# $$\                                                                 
# $$ |                                                                
# $$ |     $$\   $$\ $$$$$$\$$$$\   $$$$$$\  $$$$$$$\                 
# $$ |     $$ |  $$ |$$  _$$  _$$\ $$  __$$\ $$  __$$\                
# $$ |     $$ |  $$ |$$ / $$ / $$ |$$$$$$$$ |$$ |  $$ |               
# $$ |     $$ |  $$ |$$ | $$ | $$ |$$   ____|$$ |  $$ |               
# $$$$$$$$\\$$$$$$  |$$ | $$ | $$ |\$$$$$$$\ $$ |  $$ |               
# \________|\______/ \__| \__| \__| \_______|\__|  \__|               
#                                                                     
#                   Fork Lumen 2.1.0                                  
#                   Branch is nlresp                                  
#        MPI+OpenMP+SLK+SLEPC+HDF5_MPI_IO Build                       
#               http://www.lumen-code.org                             
#
# Absorption @ Q(1):   1.00000000      0.00000000      0.00000000    [q->0 direction]
#
# [GEN] GF Energies                               : Perdew, Burke & Ernzerhof(X)+Perdew, Burke & Ernzerhof(C)
# [GEN] Green`s Function                          : Resonant
#
# [GEN] Gauge                                     : Length
# [GEN] [r,Vnl] included                          : yes
#
# DIP band range                                  :    1   80
# DIP band range limits                           :   5   6
# DIP e/h energy range                            :  -1.00000000     -1.00000000    [eV]
# RL vectors in the sum                           :  1837
# [r,Vnl] included                                : yes
# Bands ordered                                   : yes
# Direct v evaluation                             : no
# Approach used                                   : G-space v
# Dipoles computed                                : R V P [G-space]
# Wavefunctions                                   : Perdew, Burke & Ernzerhof(X)+Perdew, Burke & Ernzerhof(C)
#
#
# [K] Identifier                                  :   9981
# [K] Dimension                                   :   38400
# [K] Bands                                       :    1   80
# [K] Exchange res                                : yes
# [K] Correlation res                             : yes
# [K] Kernel`s coupling                           : no
# [K] Exchange cpl                                : no
# [K] Correlation cpl                             : no
# [K] W interaction is bare                       : no
# [K] ALDA kernel in R-space                      : no
# [K] RL vectors exchange                         :   531
# [K] RL vectors correlation                      :   89
# [K] E/h energy range                            :  -1.00000000     -1.00000000    [eV]
# [K] Coupling range                              :   100.000000      100.000000    [o/o]
# [W] Interaction is diagonal                     : no
# [W] Matrix size                                 :   89
# [W] Bands                                       :    1   80
# [W] e/h energy range                            :  -1.00000000     -1.00000000    [eV]
# [W] Poles                                       :   100.000000    [o/o]
# [W] RL vectors in the sum                       :  1837
# [W] [r,Vnl] included                            : yes
# [W] Field direction                             :  0.999999975E-5   0.00000000      0.00000000   
# [W] Coulomb Cutoff                              : none
# [W] Hxc Kernel                                  : HARTREE
# [RIM] RL components col                         : 0
# [RIM] Random points col                         : 0
# [SOC] Perturbative SOC                          : no
# [X] Response Kind                               : BAR
#
# Diamagnetic term                                
# Ao                                              :  -8.82443333    [nel]
# A                                               :  -8.95373821    [nel]
#
#    E[1] [eV]          Im(eps)            Re(eps)            Im(eps_o)          Re(eps_o)
#
        0.000000           0.145486E-4        1.011550           0.113185E-4        1.010196
        0.002000           0.145493E-4        1.011550           0.113190E-4        1.010196
        0.004000           0.145501E-4        1.011550           0.113195E-4        1.010196
        0.006000           0.145509E-4        1.011551           0.113201E-4        1.010196
        0.008000           0.145516E-4        1.011551           0.113206E-4        1.010197
        0.010000           0.145524E-4        1.011551           0.113211E-4        1.010197
        0.012000           0.145532E-4        1.011551           0.113216E-4        1.010197
        0.014000           0.145539E-4        1.011552           0.113222E-4        1.010197
        0.016000           0.145547E-4        1.011552           0.113227E-4        1.010198
        0.018000           0.145554E-4        1.011552           0.113232E-4        1.010198
        0.020000           0.145562E-4        1.011553           0.113237E-4        1.010198
        0.022000           0.145570E-4        1.011553           0.113243E-4        1.010198
        0.024000           0.145577E-4        1.011553           0.113248E-4        1.010198
        0.026000           0.145585E-4        1.011553           0.113253E-4        1.010199
        0.028000           0.145593E-4        1.011554           0.113258E-4        1.010199
        0.030000           0.145600E-4        1.011554           0.113264E-4        1.010199
        0.032000           0.145608E-4        1.011554           0.113269E-4        1.010199
        0.034000           0.145615E-4        1.011555           0.113274E-4        1.010200
        0.036000           0.145623E-4        1.011555           0.113279E-4        1.010200
        0.038000           0.145631E-4        1.011555           0.113284E-4        1.010200
        0.040000           0.145638E-4        1.011555           0.113290E-4        1.010200
        0.042000           0.145646E-4        1.011556           0.113295E-4        1.010200
        0.044000           0.145654E-4        1.011556           0.113300E-4        1.010201
        0.046000           0.145661E-4        1.011556           0.113306E-4        1.010201
        0.048000           0.145669E-4        1.011557           0.113311E-4        1.010201
        0.050000           0.145677E-4        1.011557           0.113316E-4        1.010201
        0.052000           0.145684E-4        1.011557           0.113321E-4        1.010202
        0.054000           0.145692E-4        1.011557           0.113326E-4        1.010202
        0.056000           0.145699E-4        1.011558           0.113332E-4        1.010202
        0.058000           0.145707E-4        1.011558           0.113337E-4        1.010202
        0.060000           0.145715E-4        1.011558           0.113342E-4        1.010202
        0.062000           0.145722E-4        1.011559           0.113347E-4        1.010203
        0.064000           0.145730E-4        1.011559           0.113353E-4        1.010203
        0.066000           0.145738E-4        1.011559           0.113358E-4        1.010203
        0.068000           0.145745E-4        1.011559           0.113363E-4        1.010203
        0.070000           0.145753E-4        1.011560           0.113368E-4        1.010204
        0.072000           0.145761E-4        1.011560           0.113374E-4        1.010204
        0.074000           0.145768E-4        1.011560           0.113379E-4        1.010204
        0.076000           0.145776E-4        1.011561           0.113384E-4        1.010204
        0.078000           0.145784E-4        1.011561           0.113389E-4        1.010205
        0.080000           0.145791E-4        1.011561           0.113394E-4        1.010205
        0.082000           0.145799E-4        1.011562           0.113400E-4        1.010205
        0.084000           0.145806E-4        1.011562           0.113405E-4        1.010205
        0.086000           0.145814E-4        1.011562           0.113410E-4        1.010205
        0.088000           0.145822E-4        1.011562           0.113416E-4        1.010206
        0.090000           0.145829E-4        1.011563           0.113421E-4        1.010206
        0.092000           0.145837E-4        1.011563           0.113426E-4        1.010206
        0.094000           0.145845E-4        1.011563           0.113431E-4        1.010206
        0.096000           0.145852E-4        1.011564           0.113437E-4        1.010207
        0.098000           0.145860E-4        1.011564           0.113442E-4        1.010207
        0.100000           0.145868E-4        1.011564           0.113447E-4        1.010207
        0.102000           0.145875E-4        1.011564           0.113452E-4        1.010207
        0.104000           0.145883E-4        1.011565           0.113458E-4        1.010207
        0.106000           0.145891E-4        1.011565           0.113463E-4        1.010208
        0.108000           0.145898E-4        1.011565           0.113468E-4        1.010208
        0.110000           0.145906E-4        1.011566           0.113473E-4        1.010208
        0.112000           0.145914E-4        1.011566           0.113479E-4        1.010208
        0.114000           0.145921E-4        1.011566           0.113484E-4        1.010209
        0.116000           0.145929E-4        1.011567           0.113489E-4        1.010209
        0.118000           0.145936E-4        1.011567           0.113495E-4        1.010209
        0.120000           0.145944E-4        1.011567           0.113500E-4        1.010209
        0.122000           0.145952E-4        1.011567           0.113505E-4        1.010210
        0.124000           0.145959E-4        1.011568           0.113510E-4        1.010210
        0.126000           0.145967E-4        1.011568           0.113515E-4        1.010210
        0.128000           0.145975E-4        1.011568           0.113521E-4        1.010210
        0.130000           0.145982E-4        1.011569           0.113526E-4        1.010210
        0.132000           0.145990E-4        1.011569           0.113531E-4        1.010211
        0.134000           0.145998E-4        1.011569           0.113536E-4        1.010211
        0.136000           0.146005E-4        1.011569           0.113542E-4        1.010211
        0.138000           0.146013E-4        1.011570           0.113547E-4        1.010211
        0.140000           0.146021E-4        1.011570           0.113552E-4        1.010212
        0.142000           0.146028E-4        1.011570           0.113557E-4        1.010212
        0.144000           0.146036E-4        1.011571           0.113563E-4        1.010212
        0.146000           0.146044E-4        1.011571           0.113568E-4        1.010212
        0.148000           0.146051E-4        1.011571           0.113573E-4        1.010212
        0.150000           0.146059E-4        1.011572           0.113579E-4        1.010213
        0.152000           0.146067E-4        1.011572           0.113584E-4        1.010213
        0.154000           0.146074E-4        1.011572           0.113589E-4        1.010213
        0.156000           0.146082E-4        1.011572           0.113594E-4        1.010213
        0.158000           0.146090E-4        1.011573           0.113600E-4        1.010214
        0.160000           0.146097E-4        1.011573           0.113605E-4        1.010214
        0.162000           0.146105E-4        1.011573           0.113610E-4        1.010214
        0.164000           0.146113E-4        1.011574           0.113615E-4        1.010214
        0.166000           0.146120E-4        1.011574           0.113621E-4        1.010214
        0.168000           0.146128E-4        1.011574           0.113626E-4        1.010215
        0.170000           0.146136E-4        1.011574           0.113631E-4        1.010215
        0.172000           0.146143E-4        1.011575           0.113636E-4        1.010215
        0.174000           0.146151E-4        1.011575           0.113642E-4        1.010215
        0.176000           0.146159E-4        1.011575           0.113647E-4        1.010216
        0.178000           0.146167E-4        1.011576           0.113652E-4        1.010216
        0.180000           0.146174E-4        1.011576           0.113658E-4        1.010216
        0.182000           0.146182E-4        1.011576           0.113663E-4        1.010216
        0.184000           0.146190E-4        1.011576           0.113668E-4        1.010217
        0.186000           0.146197E-4        1.011577           0.113673E-4        1.010217
        0.188000           0.146205E-4        1.011577           0.113679E-4        1.010217
        0.190000           0.146213E-4        1.011577           0.113684E-4        1.010217
        0.192000           0.146220E-4        1.011578           0.113689E-4        1.010217
        0.194000           0.146228E-4        1.011578           0.113694E-4        1.010218
        0.196000           0.146236E-4        1.011578           0.113700E-4        1.010218
        0.198000           0.146243E-4        1.011579           0.113705E-4        1.010218
        0.200000           0.146251E-4        1.011579           0.113710E-4        1.010218
        0.202000           0.146259E-4        1.011579           0.113716E-4        1.010219
        0.204000           0.146266E-4        1.011579           0.113721E-4        1.010219
        0.206000           0.146274E-4        1.011580           0.113726E-4        1.010219
        0.208000           0.146282E-4        1.011580           0.113732E-4        1.010219
        0.210000           0.146289E-4        1.011580           0.113737E-4        1.010219
        0.212000           0.146297E-4        1.011581           0.113742E-4        1.010220
        0.214000           0.146305E-4        1.011581           0.113747E-4        1.010220
        0.216000           0.146312E-4        1.011581           0.113752E-4        1.010220
        0.218000           0.146320E-4        1.011581           0.113758E-4        1.010220
        0.220000           0.146328E-4        1.011582           0.113763E-4        1.010221
        0.222000           0.146335E-4        1.011582           0.113768E-4        1.010221
        0.224000           0.146343E-4        1.011582           0.113773E-4        1.010221
        0.226000           0.146351E-4        1.011583           0.113779E-4        1.010221
        0.228000           0.146359E-4        1.011583           0.113784E-4        1.010222
        0.230000           0.146366E-4        1.011583           0.113789E-4        1.010222
        0.232000           0.146374E-4        1.011583           0.113795E-4        1.010222
        0.234000           0.146382E-4        1.011584           0.113800E-4        1.010222
        0.236000           0.146389E-4        1.011584           0.113805E-4        1.010222
        0.238000           0.146397E-4        1.011584           0.113810E-4        1.010223
        0.240000           0.146405E-4        1.011585           0.113816E-4        1.010223
        0.242000           0.146412E-4        1.011585           0.113821E-4        1.010223
        0.244000           0.146420E-4        1.011585           0.113826E-4        1.010223
        0.246000           0.146428E-4        1.011586           0.113831E-4        1.010224
        0.248000           0.146435E-4        1.011586           0.113837E-4        1.010224
        0.250000           0.146443E-4        1.011586           0.113842E-4        1.010224
        0.252000           0.146451E-4        1.011586           0.113848E-4        1.010224
        0.254000           0.146459E-4        1.011587           0.113853E-4        1.010224
        0.256000           0.146466E-4        1.011587           0.113858E-4        1.010225
        0.258000           0.146474E-4        1.011587           0.113863E-4        1.010225
        0.260000           0.146482E-4        1.011588           0.113868E-4        1.010225
        0.262000           0.146489E-4        1.011588           0.113874E-4        1.010225
        0.264000           0.146497E-4        1.011588           0.113879E-4        1.010226
        0.266000           0.146505E-4        1.011588           0.113884E-4        1.010226
        0.268000           0.146512E-4        1.011589           0.113890E-4        1.010226
        0.270000           0.146520E-4        1.011589           0.113895E-4        1.010226
        0.272000           0.146528E-4        1.011589           0.113900E-4        1.010227
        0.274000           0.146536E-4        1.011590           0.113905E-4        1.010227
        0.276000           0.146543E-4        1.011590           0.113911E-4        1.010227
        0.278000           0.146551E-4        1.011590           0.113916E-4        1.010227
        0.280000           0.146559E-4        1.011590           0.113921E-4        1.010227
        0.282000           0.146566E-4        1.011591           0.113927E-4        1.010228
        0.284000           0.146574E-4        1.011591           0.113932E-4        1.010228
        0.286000           0.146582E-4        1.011591           0.113937E-4        1.010228
        0.288000           0.146590E-4        1.011592           0.113943E-4        1.010228
        0.290000           0.146597E-4        1.011592           0.113948E-4        1.010229
        0.292000           0.146605E-4        1.011592           0.113953E-4        1.010229
        0.294000           0.146613E-4        1.011593           0.113958E-4        1.010229
        0.296000           0.146620E-4        1.011593           0.113964E-4        1.010229
        0.298000           0.146628E-4        1.011593           0.113969E-4        1.010229
        0.300000           0.146636E-4        1.011593           0.113974E-4        1.010230
        0.302000           0.146644E-4        1.011594           0.113980E-4        1.010230
        0.304000           0.146651E-4        1.011594           0.113985E-4        1.010230
        0.306000           0.146659E-4        1.011594           0.113990E-4        1.010230
        0.308000           0.146667E-4        1.011595           0.113995E-4        1.010231
        0.310000           0.146674E-4        1.011595           0.114001E-4        1.010231
        0.312000           0.146682E-4        1.011595           0.114006E-4        1.010231
        0.314000           0.146690E-4        1.011595           0.114011E-4        1.010231
        0.316000           0.146698E-4        1.011596           0.114017E-4        1.010232
        0.318000           0.146705E-4        1.011596           0.114022E-4        1.010232
        0.320000           0.146713E-4        1.011596           0.114027E-4        1.010232
        0.322000           0.146721E-4        1.011597           0.114032E-4        1.010232
        0.324000           0.146728E-4        1.011597           0.114038E-4        1.010232
        0.326000           0.146736E-4        1.011597           0.114043E-4        1.010233
        0.328000           0.146744E-4        1.011598           0.114048E-4        1.010233
        0.330000           0.146752E-4        1.011598           0.114054E-4        1.010233
        0.332000           0.146759E-4        1.011598           0.114059E-4        1.010233
        0.334000           0.146767E-4        1.011598           0.114064E-4        1.010234
        0.336000           0.146775E-4        1.011599           0.114070E-4        1.010234
        0.338000           0.146783E-4        1.011599           0.114075E-4        1.010234
        0.340000           0.146790E-4        1.011599           0.114080E-4        1.010234
        0.342000           0.146798E-4        1.011600           0.114085E-4        1.010235
        0.344000           0.146806E-4        1.011600           0.114091E-4        1.010235
        0.346000           0.146813E-4        1.011600           0.114096E-4        1.010235
        0.348000           0.146821E-4        1.011600           0.114102E-4        1.010235
        0.350000           0.146829E-4        1.011601           0.114107E-4        1.010235
        0.352000           0.146837E-4        1.011601           0.114112E-4        1.010236
        0.354000           0.146844E-4        1.011601           0.114117E-4        1.010236
        0.356000           0.146852E-4        1.011602           0.114122E-4        1.010236
        0.358000           0.146860E-4        1.011602           0.114128E-4        1.010236
        0.360000           0.146868E-4        1.011602           0.114133E-4        1.010237
        0.362000           0.146875E-4        1.011603           0.114138E-4        1.010237
        0.364000           0.146883E-4        1.011603           0.114144E-4        1.010237
        0.366000           0.146891E-4        1.011603           0.114149E-4        1.010237
        0.368000           0.146898E-4        1.011603           0.114154E-4        1.010237
        0.370000           0.146906E-4        1.011604           0.114160E-4        1.010238
        0.372000           0.146914E-4        1.011604           0.114165E-4        1.010238
        0.374000           0.146922E-4        1.011604           0.114170E-4        1.010238
        0.376000           0.146929E-4        1.011605           0.114176E-4        1.010238
        0.378000           0.146937E-4        1.011605           0.114181E-4        1.010239
        0.380000           0.146945E-4        1.011605           0.114186E-4        1.010239
        0.382000           0.146953E-4        1.011606           0.114191E-4        1.010239
        0.384000           0.146960E-4        1.011606           0.114197E-4        1.010239
        0.386000           0.146968E-4        1.011606           0.114202E-4        1.010240
        0.388000           0.146976E-4        1.011606           0.114207E-4        1.010240
        0.390000           0.146984E-4        1.011607           0.114213E-4        1.010240
        0.392000           0.146991E-4        1.011607           0.114218E-4        1.010240
        0.394000           0.146999E-4        1.011607           0.114223E-4        1.010240
        0.396000           0.147007E-4        1.011608           0.114229E-4        1.010241
        0.398000           0.147015E-4        1.011608           0.114234E-4        1.010241
        0.400000           0.147022E-4        1.011608           0.114239E-4        1.010241
        0.402000           0.147030E-4        1.011608           0.114244E-4        1.010241
        0.404000           0.147038E-4        1.011609           0.114250E-4        1.010242
        0.406000           0.147046E-4        1.011609           0.114255E-4        1.010242
        0.408000           0.147053E-4        1.011609           0.114260E-4        1.010242
        0.410000           0.147061E-4        1.011610           0.114266E-4        1.010242
        0.412000           0.147069E-4        1.011610           0.114271E-4        1.010243
        0.414000           0.147077E-4        1.011610           0.114276E-4        1.010243
        0.416000           0.147084E-4        1.011611           0.114282E-4        1.010243
        0.418000           0.147092E-4        1.011611           0.114287E-4        1.010243
        0.420000           0.147100E-4        1.011611           0.114292E-4        1.010243
        0.422000           0.147108E-4        1.011611           0.114298E-4        1.010244
        0.424000           0.147115E-4        1.011612           0.114303E-4        1.010244
        0.426000           0.147123E-4        1.011612           0.114308E-4        1.010244
        0.428000           0.147131E-4        1.011612           0.114314E-4        1.010244
        0.430000           0.147138E-4        1.011613           0.114319E-4        1.010245
        0.432000           0.147146E-4        1.011613           0.114324E-4        1.010245
        0.434000           0.147154E-4        1.011613           0.114330E-4        1.010245
        0.436000           0.147162E-4        1.011613           0.114335E-4        1.010245
        0.438000           0.147170E-4        1.011614           0.114340E-4        1.010246
        0.440000           0.147177E-4        1.011614           0.114345E-4        1.010246
        0.442000           0.147185E-4        1.011614           0.114351E-4        1.010246
        0.444000           0.147193E-4        1.011615           0.114356E-4        1.010246
        0.446000           0.147201E-4        1.011615           0.114361E-4        1.010246
        0.448000           0.147208E-4        1.011615           0.114367E-4        1.010247
        0.450000           0.147216E-4        1.011616           0.114372E-4        1.010247
        0.452000           0.147224E-4        1.011616           0.114377E-4        1.010247
        0.454000           0.147232E-4        1.011616           0.114383E-4        1.010247
        0.456000           0.147239E-4        1.011616           0.114388E-4        1.010248
        0.458000           0.147247E-4        1.011617           0.114393E-4        1.010248
        0.460000           0.147255E-4        1.011617           0.114399E-4        1.010248
        0.462000           0.147263E-4        1.011617           0.114404E-4        1.010248
        0.464000           0.147270E-4        1.011618           0.114409E-4        1.010248
        0.466000           0.147278E-4        1.011618           0.114415E-4        1.010249
        0.468000           0.147286E-4        1.011618           0.114420E-4        1.010249
        0.470000           0.147294E-4        1.011618           0.114425E-4        1.010249
        0.472000           0.147301E-4        1.011619           0.114431E-4        1.010249
        0.474000           0.147309E-4        1.011619           0.114436E-4        1.010250
        0.476000           0.147317E-4        1.011619           0.114441E-4        1.010250
        0.478000           0.147325E-4        1.011620           0.114447E-4        1.010250
        0.480000           0.147333E-4        1.011620           0.114452E-4        1.010250
        0.482000           0.147340E-4        1.011620           0.114457E-4        1.010251
        0.484000           0.147348E-4        1.011621           0.114463E-4        1.010251
        0.486000           0.147356E-4        1.011621           0.114468E-4        1.010251
        0.488000           0.147364E-4        1.011621           0.114473E-4        1.010251
        0.490000           0.147371E-4        1.011621           0.114479E-4        1.010251
        0.492000           0.147379E-4        1.011622           0.114484E-4        1.010252
        0.494000           0.147387E-4        1.011622           0.114489E-4        1.010252
        0.496000           0.147395E-4        1.011622           0.114495E-4        1.010252
        0.498000           0.147403E-4        1.011623           0.114500E-4        1.010252
        0.500000           0.147410E-4        1.011623           0.114505E-4        1.010253
        0.502000           0.147418E-4        1.011623           0.114510E-4        1.010253
        0.504000           0.147426E-4        1.011624           0.114516E-4        1.010253
        0.506000           0.147434E-4        1.011624           0.114521E-4        1.010253
        0.508000           0.147441E-4        1.011624           0.114526E-4        1.010254
        0.510000           0.147449E-4        1.011624           0.114532E-4        1.010254
        0.512000           0.147457E-4        1.011625           0.114537E-4        1.010254
        0.514000           0.147465E-4        1.011625           0.114542E-4        1.010254
        0.516000           0.147473E-4        1.011625           0.114548E-4        1.010254
        0.518000           0.147480E-4        1.011626           0.114553E-4        1.010255
        0.520000           0.147488E-4        1.011626           0.114558E-4        1.010255
        0.522000           0.147496E-4        1.011626           0.114564E-4        1.010255
        0.524000           0.147504E-4        1.011626           0.114569E-4        1.010255
        0.526000           0.147511E-4        1.011627           0.114575E-4        1.010256
        0.528000           0.147519E-4        1.011627           0.114580E-4        1.010256
        0.530000           0.147527E-4        1.011627           0.114585E-4        1.010256
        0.532000           0.147535E-4        1.011628           0.114590E-4        1.010256
        0.534000           0.147543E-4        1.011628           0.114596E-4        1.010257
        0.536000           0.147550E-4        1.011628           0.114601E-4        1.010257
        0.538000           0.147558E-4        1.011629           0.114606E-4        1.010257
        0.540000           0.147566E-4        1.011629           0.114612E-4        1.010257
        0.542000           0.147574E-4        1.011629           0.114617E-4        1.010257
        0.544000           0.147581E-4        1.011629           0.114622E-4        1.010258
        0.546000           0.147589E-4        1.011630           0.114628E-4        1.010258
        0.548000           0.147597E-4        1.011630           0.114633E-4        1.010258
        0.550000           0.147605E-4        1.011630           0.114639E-4        1.010258
        0.552000           0.147613E-4        1.011631           0.114644E-4        1.010259
        0.554000           0.147620E-4        1.011631           0.114649E-4        1.010259
        0.556000           0.147628E-4        1.011631           0.114654E-4        1.010259
        0.558000           0.147636E-4        1.011631           0.114660E-4        1.010259
        0.560000           0.147644E-4        1.011632           0.114665E-4        1.010260
        0.562000           0.147652E-4        1.011632           0.114670E-4        1.010260
        0.564000           0.147659E-4        1.011632           0.114676E-4        1.010260
        0.566000           0.147667E-4        1.011633           0.114681E-4        1.010260
        0.568000           0.147675E-4        1.011633           0.114687E-4        1.010260
        0.570000           0.147683E-4        1.011633           0.114692E-4        1.010261
        0.572000           0.147691E-4        1.011634           0.114697E-4        1.010261
        0.574000           0.147698E-4        1.011634           0.114702E-4        1.010261
        0.576000           0.147706E-4        1.011634           0.114708E-4        1.010261
        0.578000           0.147714E-4        1.011634           0.114713E-4        1.010262
        0.580000           0.147722E-4        1.011635           0.114718E-4        1.010262
        0.582000           0.147730E-4        1.011635           0.114724E-4        1.010262
        0.584000           0.147737E-4        1.011635           0.114729E-4        1.010262
        0.586000           0.147745E-4        1.011636           0.114734E-4        1.010262
        0.588000           0.147753E-4        1.011636           0.114740E-4        1.010263
        0.590000           0.147761E-4        1.011636           0.114745E-4        1.010263
        0.592000           0.147769E-4        1.011636           0.114751E-4        1.010263
        0.594000           0.147776E-4        1.011637           0.114756E-4        1.010263
        0.596000           0.147784E-4        1.011637           0.114761E-4        1.010264
        0.598000           0.147792E-4        1.011637           0.114766E-4        1.010264
        0.600000           0.147800E-4        1.011638           0.114772E-4        1.010264
        0.602000           0.147808E-4        1.011638           0.114777E-4        1.010264
        0.604000           0.147815E-4        1.011638           0.114783E-4        1.010265
        0.606000           0.147823E-4        1.011639           0.114788E-4        1.010265
        0.608000           0.147831E-4        1.011639           0.114793E-4        1.010265
        0.610000           0.147839E-4        1.011639           0.114799E-4        1.010265
        0.612000           0.147847E-4        1.011639           0.114804E-4        1.010265
        0.614000           0.147855E-4        1.011640           0.114809E-4        1.010266
        0.616000           0.147862E-4        1.011640           0.114815E-4        1.010266
        0.618000           0.147870E-4        1.011640           0.114820E-4        1.010266
        0.620000           0.147878E-4        1.011641           0.114825E-4        1.010266
        0.622000           0.147886E-4        1.011641           0.114831E-4        1.010267
        0.624000           0.147894E-4        1.011641           0.114836E-4        1.010267
        0.626000           0.147901E-4        1.011642           0.114841E-4        1.010267
        0.628000           0.147909E-4        1.011642           0.114847E-4        1.010267
        0.630000           0.147917E-4        1.011642           0.114852E-4        1.010267
        0.632000           0.147925E-4        1.011642           0.114858E-4        1.010268
        0.634000           0.147933E-4        1.011643           0.114863E-4        1.010268
        0.636000           0.147940E-4        1.011643           0.114868E-4        1.010268
        0.638000           0.147948E-4        1.011643           0.114874E-4        1.010268
        0.640000           0.147956E-4        1.011644           0.114879E-4        1.010269
        0.642000           0.147964E-4        1.011644           0.114884E-4        1.010269
        0.644000           0.147972E-4        1.011644           0.114890E-4        1.010269
        0.646000           0.147980E-4        1.011644           0.114895E-4        1.010269
        0.648000           0.147987E-4        1.011645           0.114900E-4        1.010270
        0.650000           0.147995E-4        1.011645           0.114906E-4        1.010270
        0.652000           0.148003E-4        1.011645           0.114911E-4        1.010270
        0.654000           0.148011E-4        1.011646           0.114917E-4        1.010270
        0.656000           0.148019E-4        1.011646           0.114922E-4        1.010270
        0.658000           0.148026E-4        1.011646           0.114927E-4        1.010271
        0.660000           0.148034E-4        1.011647           0.114933E-4        1.010271
        0.662000           0.148042E-4        1.011647           0.114938E-4        1.010271
        0.664000           0.148050E-4        1.011647           0.114943E-4        1.010271
        0.666000           0.148058E-4        1.011647           0.114949E-4        1.010272
        0.668000           0.148066E-4        1.011648           0.114954E-4        1.010272
        0.670000           0.148073E-4        1.011648           0.114959E-4        1.010272
        0.672000           0.148081E-4        1.011648           0.114965E-4        1.010272
        0.674000           0.148089E-4        1.011649           0.114970E-4        1.010273
        0.676000           0.148097E-4        1.011649           0.114976E-4        1.010273
        0.678000           0.148105E-4        1.011649           0.114981E-4        1.010273
        0.680000           0.148113E-4        1.011649           0.114986E-4        1.010273
        0.682000           0.148120E-4        1.011650           0.114992E-4        1.010273
        0.684000           0.148128E-4        1.011650           0.114997E-4        1.010274
        0.686000           0.148136E-4        1.011650           0.115002E-4        1.010274
        0.688000           0.148144E-4        1.011651           0.115008E-4        1.010274
        0.690000           0.148152E-4        1.011651           0.115013E-4        1.010274
        0.692000           0.148160E-4        1.011651           0.115018E-4        1.010275
        0.694000           0.148167E-4        1.011652           0.115024E-4        1.010275
        0.696000           0.148175E-4        1.011652           0.115029E-4        1.010275
        0.698000           0.148183E-4        1.011652           0.115034E-4        1.010275
        0.700000           0.148191E-4        1.011652           0.115040E-4        1.010276
        0.702000           0.148199E-4        1.011653           0.115045E-4        1.010276
        0.704000           0.148207E-4        1.011653           0.115051E-4        1.010276
        0.706000           0.148214E-4        1.011653           0.115056E-4        1.010276
        0.708000           0.148222E-4        1.011654           0.115061E-4        1.010276
        0.710000           0.148230E-4        1.011654           0.115067E-4        1.010277
        0.712000           0.148238E-4        1.011654           0.115072E-4        1.010277
        0.714000           0.148246E-4        1.011654           0.115077E-4        1.010277
        0.716000           0.148254E-4        1.011655           0.115083E-4        1.010277
        0.718000           0.148262E-4        1.011655           0.115088E-4        1.010278
        0.720000           0.148269E-4        1.011655           0.115094E-4        1.010278
        0.722000           0.148277E-4        1.011656           0.115099E-4        1.010278
        0.724000           0.148285E-4        1.011656           0.115105E-4        1.010278
        0.726000           0.148293E-4        1.011656           0.115110E-4        1.010279
        0.728000           0.148301E-4        1.011657           0.115115E-4        1.010279
        0.730000           0.148309E-4        1.011657           0.115120E-4        1.010279
        0.732000           0.148316E-4        1.011657           0.115126E-4        1.010279
        0.734000           0.148324E-4        1.011657           0.115131E-4        1.010279
        0.736000           0.148332E-4        1.011658           0.115136E-4        1.010280
        0.738000           0.148340E-4        1.011658           0.115142E-4        1.010280
        0.740000           0.148348E-4        1.011658           0.115147E-4        1.010280
        0.742000           0.148356E-4        1.011659           0.115153E-4        1.010280
        0.744000           0.148364E-4        1.011659           0.115158E-4        1.010281
        0.746000           0.148371E-4        1.011659           0.115163E-4        1.010281
        0.748000           0.148379E-4        1.011660           0.115169E-4        1.010281
        0.750000           0.148387E-4        1.011660           0.115174E-4        1.010281
        0.752000           0.148395E-4        1.011660           0.115180E-4        1.010282
        0.754000           0.148403E-4        1.011660           0.115185E-4        1.010282
        0.756000           0.148411E-4        1.011661           0.115190E-4        1.010282
        0.758000           0.148419E-4        1.011661           0.115196E-4        1.010282
        0.760000           0.148426E-4        1.011661           0.115201E-4        1.010283
        0.762000           0.148434E-4        1.011662           0.115206E-4        1.010283
        0.764000           0.148442E-4        1.011662           0.115212E-4        1.010283
        0.766000           0.148450E-4        1.011662           0.115217E-4        1.010283
        0.768000           0.148458E-4        1.011662           0.115223E-4        1.010283
        0.770000           0.148466E-4        1.011663           0.115228E-4        1.010284
        0.772000           0.148474E-4        1.011663           0.115233E-4        1.010284
        0.774000           0.148481E-4        1.011663           0.115239E-4        1.010284
        0.776000           0.148489E-4        1.011664           0.115244E-4        1.010284
        0.778000           0.148497E-4        1.011664           0.115250E-4        1.010285
        0.780000           0.148505E-4        1.011664           0.115255E-4        1.010285
        0.782000           0.148513E-4        1.011665           0.115260E-4        1.010285
        0.784000           0.148521E-4        1.011665           0.115266E-4        1.010285
        0.786000           0.148529E-4        1.011665           0.115271E-4        1.010285
        0.788000           0.148537E-4        1.011665           0.115276E-4        1.010286
        0.790000           0.148544E-4        1.011666           0.115282E-4        1.010286
        0.792000           0.148552E-4        1.011666           0.115287E-4        1.010286
        0.794000           0.148560E-4        1.011666           0.115292E-4        1.010286
        0.796000           0.148568E-4        1.011667           0.115298E-4        1.010287
        0.798000           0.148576E-4        1.011667           0.115303E-4        1.010287
        0.800000           0.148584E-4        1.011667           0.115309E-4        1.010287
        0.802000           0.148592E-4        1.011668           0.115314E-4        1.010287
        0.804000           0.148599E-4        1.011668           0.115319E-4        1.010288
        0.806000           0.148607E-4        1.011668           0.115325E-4        1.010288
        0.808000           0.148615E-4        1.011668           0.115330E-4        1.010288
        0.810000           0.148623E-4        1.011669           0.115336E-4        1.010288
        0.812000           0.148631E-4        1.011669           0.115341E-4        1.010288
        0.814000           0.148639E-4        1.011669           0.115346E-4        1.010289
        0.816000           0.148647E-4        1.011670           0.115352E-4        1.010289
        0.818000           0.148655E-4        1.011670           0.115357E-4        1.010289
        0.820000           0.148662E-4        1.011670           0.115363E-4        1.010289
        0.822000           0.148670E-4        1.011671           0.115368E-4        1.010290
        0.824000           0.148678E-4        1.011671           0.115373E-4        1.010290
        0.826000           0.148686E-4        1.011671           0.115379E-4        1.010290
        0.828000           0.148694E-4        1.011671           0.115384E-4        1.010290
        0.830000           0.148702E-4        1.011672           0.115389E-4        1.010291
        0.832000           0.148710E-4        1.011672           0.115395E-4        1.010291
        0.834000           0.148718E-4        1.011672           0.115400E-4        1.010291
        0.836000           0.148726E-4        1.011673           0.115406E-4        1.010291
        0.838000           0.148733E-4        1.011673           0.115411E-4        1.010291
        0.840000           0.148741E-4        1.011673           0.115416E-4        1.010292
        0.842000           0.148749E-4        1.011673           0.115422E-4        1.010292
        0.844000           0.148757E-4        1.011674           0.115427E-4        1.010292
        0.846000           0.148765E-4        1.011674           0.115433E-4        1.010292
        0.848000           0.148773E-4        1.011674           0.115438E-4        1.010293
        0.850000           0.148781E-4        1.011675           0.115444E-4        1.010293
        0.852000           0.148789E-4        1.011675           0.115449E-4        1.010293
        0.854000           0.148797E-4        1.011675           0.115454E-4        1.010293
        0.856000           0.148804E-4        1.011676           0.115459E-4        1.010294
        0.858000           0.148812E-4        1.011676           0.115465E-4        1.010294
        0.860000           0.148820E-4        1.011676           0.115470E-4        1.010294
        0.862000           0.148828E-4        1.011676           0.115476E-4        1.010294
        0.864000           0.148836E-4        1.011677           0.115481E-4        1.010294
        0.866000           0.148844E-4        1.011677           0.115486E-4        1.010295
        0.868000           0.148852E-4        1.011677           0.115492E-4        1.010295
        0.870000           0.148860E-4        1.011678           0.115497E-4        1.010295
        0.872000           0.148868E-4        1.011678           0.115503E-4        1.010295
        0.874000           0.148875E-4        1.011678           0.115508E-4        1.010296
        0.876000           0.148883E-4        1.011679           0.115514E-4        1.010296
        0.878000           0.148891E-4        1.011679           0.115519E-4        1.010296
        0.880000           0.148899E-4        1.011679           0.115524E-4        1.010296
        0.882000           0.148907E-4        1.011679           0.115530E-4        1.010297
        0.884000           0.148915E-4        1.011680           0.115535E-4        1.010297
        0.886000           0.148923E-4        1.011680           0.115541E-4        1.010297
        0.888000           0.148931E-4        1.011680           0.115546E-4        1.010297
        0.890000           0.148939E-4        1.011681           0.115551E-4        1.010297
        0.892000           0.148947E-4        1.011681           0.115557E-4        1.010298
        0.894000           0.148954E-4        1.011681           0.115562E-4        1.010298
        0.896000           0.148962E-4        1.011682           0.115567E-4        1.010298
        0.898000           0.148970E-4        1.011682           0.115573E-4        1.010298
        0.900000           0.148978E-4        1.011682           0.115579E-4        1.010299
        0.902000           0.148986E-4        1.011682           0.115584E-4        1.010299
        0.904000           0.148994E-4        1.011683           0.115589E-4        1.010299
        0.906000           0.149002E-4        1.011683           0.115595E-4        1.010299
        0.908000           0.149010E-4        1.011683           0.115600E-4        1.010300
        0.910000           0.149018E-4        1.011684           0.115606E-4        1.010300
        0.912000           0.149026E-4        1.011684           0.115611E-4        1.010300
        0.914000           0.149033E-4        1.011684           0.115616E-4        1.010300
        0.916000           0.149041E-4        1.011685           0.115622E-4        1.010301
        0.918000           0.149049E-4        1.011685           0.115627E-4        1.010301
        0.920000           0.149057E-4        1.011685           0.115633E-4        1.010301
        0.922000           0.149065E-4        1.011685           0.115638E-4        1.010301
        0.924000           0.149073E-4        1.011686           0.115643E-4        1.010301
        0.926000           0.149081E-4        1.011686           0.115649E-4        1.010302
        0.928000           0.149089E-4        1.011686           0.115654E-4        1.010302
        0.930000           0.149097E-4        1.011687           0.115660E-4        1.010302
        0.932000           0.149105E-4        1.011687           0.115665E-4        1.010302
        0.934000           0.149113E-4        1.011687           0.115670E-4        1.010303
        0.936000           0.149120E-4        1.011688           0.115676E-4        1.010303
        0.938000           0.149128E-4        1.011688           0.115681E-4        1.010303
        0.940000           0.149136E-4        1.011688           0.115687E-4        1.010303
        0.942000           0.149144E-4        1.011688           0.115692E-4        1.010303
        0.944000           0.149152E-4        1.011689           0.115697E-4        1.010304
        0.946000           0.149160E-4        1.011689           0.115703E-4        1.010304
        0.948000           0.149168E-4        1.011689           0.115708E-4        1.010304
        0.950000           0.149176E-4        1.011690           0.115714E-4        1.010304
        0.952000           0.149184E-4        1.011690           0.115719E-4        1.010305
        0.954000           0.149192E-4        1.011690           0.115724E-4        1.010305
        0.956000           0.149200E-4        1.011690           0.115730E-4        1.010305
        0.958000           0.149208E-4        1.011691           0.115735E-4        1.010305
        0.960000           0.149216E-4        1.011691           0.115741E-4        1.010306
        0.962000           0.149223E-4        1.011691           0.115746E-4        1.010306
        0.964000           0.149231E-4        1.011692           0.115752E-4        1.010306
        0.966000           0.149239E-4        1.011692           0.115757E-4        1.010306
        0.968000           0.149247E-4        1.011692           0.115762E-4        1.010306
        0.970000           0.149255E-4        1.011693           0.115768E-4        1.010307
        0.972000           0.149263E-4        1.011693           0.115773E-4        1.010307
        0.974000           0.149271E-4        1.011693           0.115779E-4        1.010307
        0.976000           0.149279E-4        1.011693           0.115784E-4        1.010307
        0.978000           0.149287E-4        1.011694           0.115790E-4        1.010308
        0.980000           0.149295E-4        1.011694           0.115795E-4        1.010308
        0.982000           0.149303E-4        1.011694           0.115800E-4        1.010308
        0.984000           0.149311E-4        1.011695           0.115806E-4        1.010308
        0.986000           0.149319E-4        1.011695           0.115811E-4        1.010309
        0.988000           0.149327E-4        1.011695           0.115816E-4        1.010309
        0.990000           0.149334E-4        1.011696           0.115822E-4        1.010309
        0.992000           0.149342E-4        1.011696           0.115828E-4        1.010309
        0.994000           0.149350E-4        1.011696           0.115833E-4        1.010309
        0.996000           0.149358E-4        1.011696           0.115838E-4        1.010310
        0.998000           0.149366E-4        1.011697           0.115844E-4        1.010310
        1.000000           0.149374E-4        1.011697           0.115849E-4        1.010310
        1.002000           0.149382E-4        1.011697           0.115854E-4        1.010310
        1.004000           0.149390E-4        1.011698           0.115860E-4        1.010311
        1.006000           0.149398E-4        1.011698           0.115866E-4        1.010311
        1.008000           0.149406E-4        1.011698           0.115871E-4        1.010311
        1.010000           0.149414E-4        1.011699           0.115876E-4        1.010311
        1.012000           0.149422E-4        1.011699           0.115882E-4        1.010312
        1.014000           0.149430E-4        1.011699           0.115887E-4        1.010312
        1.016000           0.149438E-4        1.011699           0.115893E-4        1.010312
        1.018000           0.149446E-4        1.011700           0.115898E-4        1.010312
        1.020000           0.149454E-4        1.011700           0.115904E-4        1.010313
        1.022000           0.149461E-4        1.011700           0.115909E-4        1.010313
        1.024000           0.149469E-4        1.011701           0.115914E-4        1.010313
        1.026000           0.149477E-4        1.011701           0.115920E-4        1.010313
        1.028000           0.149485E-4        1.011701           0.115925E-4        1.010313
        1.030000           0.149493E-4        1.011702           0.115930E-4        1.010314
        1.032000           0.149501E-4        1.011702           0.115936E-4        1.010314
        1.034000           0.149509E-4        1.011702           0.115941E-4        1.010314
        1.036000           0.149517E-4        1.011702           0.115947E-4        1.010314
        1.038000           0.149525E-4        1.011703           0.115952E-4        1.010315
        1.040000           0.149533E-4        1.011703           0.115958E-4        1.010315
        1.042000           0.149541E-4        1.011703           0.115963E-4        1.010315
        1.044000           0.149549E-4        1.011704           0.115969E-4        1.010315
        1.046000           0.149557E-4        1.011704           0.115974E-4        1.010316
        1.048000           0.149565E-4        1.011704           0.115980E-4        1.010316
        1.050000           0.149573E-4        1.011705           0.115985E-4        1.010316
        1.052000           0.149581E-4        1.011705           0.115990E-4        1.010316
        1.054000           0.149589E-4        1.011705           0.115996E-4        1.010316
        1.056000           0.149597E-4        1.011705           0.116001E-4        1.010317
        1.058000           0.149605E-4        1.011706           0.116007E-4        1.010317
        1.060000           0.149612E-4        1.011706           0.116012E-4        1.010317
        1.062000           0.149620E-4        1.011706           0.116017E-4        1.010317
        1.064000           0.149628E-4        1.011707           0.116023E-4        1.010318
        1.066000           0.149636E-4        1.011707           0.116028E-4        1.010318
        1.068000           0.149644E-4        1.011707           0.116034E-4        1.010318
        1.070000           0.149652E-4        1.011708           0.116039E-4        1.010318
        1.072000           0.149660E-4        1.011708           0.116045E-4        1.010319
        1.074000           0.149668E-4        1.011708           0.116050E-4        1.010319
        1.076000           0.149676E-4        1.011708           0.116056E-4        1.010319
        1.078000           0.149684E-4        1.011709           0.116061E-4        1.010319
        1.080000           0.149692E-4        1.011709           0.116066E-4        1.010319
        1.082000           0.149700E-4        1.011709           0.116072E-4        1.010320
        1.084000           0.149708E-4        1.011710           0.116077E-4        1.010320
        1.086000           0.149716E-4        1.011710           0.116083E-4        1.010320
        1.088000           0.149724E-4        1.011710           0.116088E-4        1.010320
        1.090000           0.149732E-4        1.011711           0.116094E-4        1.010321
        1.092000           0.149740E-4        1.011711           0.116099E-4        1.010321
        1.094000           0.149748E-4        1.011711           0.116105E-4        1.010321
        1.096000           0.149756E-4        1.011711           0.116110E-4        1.010321
        1.098000           0.149764E-4        1.011712           0.116115E-4        1.010321
        1.100000           0.149772E-4        1.011712           0.116121E-4        1.010322
        1.102000           0.149780E-4        1.011712           0.116126E-4        1.010322
        1.104000           0.149788E-4        1.011713           0.116132E-4        1.010322
        1.106000           0.149796E-4        1.011713           0.116137E-4        1.010322
        1.108000           0.149804E-4        1.011713           0.116143E-4        1.010323
        1.110000           0.149812E-4        1.011714           0.116148E-4        1.010323
        1.112000           0.149820E-4        1.011714           0.116154E-4        1.010323
        1.114000           0.149827E-4        1.011714           0.116159E-4        1.010323
        1.116000           0.149835E-4        1.011714           0.116165E-4        1.010324
        1.118000           0.149843E-4        1.011715           0.116170E-4        1.010324
        1.120000           0.149851E-4        1.011715           0.116175E-4        1.010324
        1.122000           0.149859E-4        1.011715           0.116181E-4        1.010324
        1.124000           0.149867E-4        1.011716           0.116186E-4        1.010325
        1.126000           0.149875E-4        1.011716           0.116192E-4        1.010325
        1.128000           0.149883E-4        1.011716           0.116197E-4        1.010325
        1.130000           0.149891E-4        1.011716           0.116203E-4        1.010325
        1.132000           0.149899E-4        1.011717           0.116208E-4        1.010326
        1.134000           0.149907E-4        1.011717           0.116213E-4        1.010326
        1.136000           0.149915E-4        1.011717           0.116219E-4        1.010326
        1.138000           0.149923E-4        1.011718           0.116225E-4        1.010326
        1.140000           0.149931E-4        1.011718           0.116230E-4        1.010326
        1.142000           0.149939E-4        1.011718           0.116235E-4        1.010327
        1.144000           0.149947E-4        1.011719           0.116241E-4        1.010327
        1.146000           0.149955E-4        1.011719           0.116246E-4        1.010327
        1.148000           0.149963E-4        1.011719           0.116252E-4        1.010327
        1.150000           0.149971E-4        1.011719           0.116257E-4        1.010328
        1.152000           0.149979E-4        1.011720           0.116263E-4        1.010328
        1.154000           0.149987E-4        1.011720           0.116268E-4        1.010328
        1.156000           0.149995E-4        1.011720           0.116274E-4        1.010328
        1.158000           0.150003E-4        1.011721           0.116279E-4        1.010329
        1.160000           0.150011E-4        1.011721           0.116284E-4        1.010329
        1.162000           0.150019E-4        1.011721           0.116290E-4        1.010329
        1.164000           0.150027E-4        1.011722           0.116296E-4        1.010329
        1.166000           0.150035E-4        1.011722           0.116301E-4        1.010329
        1.168000           0.150043E-4        1.011722           0.116306E-4        1.010330
        1.170000           0.150051E-4        1.011723           0.116312E-4        1.010330
        1.172000           0.150059E-4        1.011723           0.116317E-4        1.010330
        1.174000           0.150067E-4        1.011723           0.116323E-4        1.010330
        1.176000           0.150075E-4        1.011723           0.116328E-4        1.010331
        1.178000           0.150083E-4        1.011724           0.116334E-4        1.010331
        1.180000           0.150091E-4        1.011724           0.116339E-4        1.010331
        1.182000           0.150099E-4        1.011724           0.116345E-4        1.010331
        1.184000           0.150107E-4        1.011725           0.116350E-4        1.010332
        1.186000           0.150115E-4        1.011725           0.116356E-4        1.010332
        1.188000           0.150123E-4        1.011725           0.116361E-4        1.010332
        1.190000           0.150131E-4        1.011726           0.116367E-4        1.010332
        1.192000           0.150139E-4        1.011726           0.116372E-4        1.010332
        1.194000           0.150147E-4        1.011726           0.116377E-4        1.010333
        1.196000           0.150155E-4        1.011726           0.116383E-4        1.010333
        1.198000           0.150163E-4        1.011727           0.116388E-4        1.010333
        1.200000           0.150171E-4        1.011727           0.116394E-4        1.010333
        1.202000           0.150179E-4        1.011727           0.116399E-4        1.010334
        1.204000           0.150187E-4        1.011728           0.116404E-4        1.010334
        1.206000           0.150195E-4        1.011728           0.116410E-4        1.010334
        1.208000           0.150203E-4        1.011728           0.116415E-4        1.010334
        1.210000           0.150211E-4        1.011729           0.116421E-4        1.010335
        1.212000           0.150219E-4        1.011729           0.116426E-4        1.010335
        1.214000           0.150227E-4        1.011729           0.116432E-4        1.010335
        1.216000           0.150235E-4        1.011729           0.116437E-4        1.010335
        1.218000           0.150243E-4        1.011730           0.116443E-4        1.010335
        1.220000           0.150251E-4        1.011730           0.116448E-4        1.010336
        1.222000           0.150259E-4        1.011730           0.116454E-4        1.010336
        1.224000           0.150267E-4        1.011731           0.116459E-4        1.010336
        1.226000           0.150275E-4        1.011731           0.116465E-4        1.010336
        1.228000           0.150283E-4        1.011731           0.116470E-4        1.010337
        1.230000           0.150291E-4        1.011732           0.116476E-4        1.010337
        1.232000           0.150299E-4        1.011732           0.116481E-4        1.010337
        1.234000           0.150307E-4        1.011732           0.116487E-4        1.010337
        1.236000           0.150315E-4        1.011732           0.116492E-4        1.010338
        1.238000           0.150323E-4        1.011733           0.116498E-4        1.010338
        1.240000           0.150331E-4        1.011733           0.116503E-4        1.010338
        1.242000           0.150339E-4        1.011733           0.116509E-4        1.010338
        1.244000           0.150347E-4        1.011734           0.116514E-4        1.010339
        1.246000           0.150355E-4        1.011734           0.116519E-4        1.010339
        1.248000           0.150363E-4        1.011734           0.116525E-4        1.010339
        1.250000           0.150371E-4        1.011734           0.116531E-4        1.010339
        1.252000           0.150379E-4        1.011735           0.116536E-4        1.010339
        1.254000           0.150387E-4        1.011735           0.116541E-4        1.010340
        1.256000           0.150395E-4        1.011735           0.116547E-4        1.010340
        1.258000           0.150403E-4        1.011736           0.116552E-4        1.010340
        1.260000           0.150411E-4        1.011736           0.116558E-4        1.010340
        1.262000           0.150419E-4        1.011736           0.116563E-4        1.010341
        1.264000           0.150427E-4        1.011737           0.116569E-4        1.010341
        1.266000           0.150435E-4        1.011737           0.116574E-4        1.010341
        1.268000           0.150443E-4        1.011737           0.116580E-4        1.010341
        1.270000           0.150451E-4        1.011738           0.116585E-4        1.010342
        1.272000           0.150459E-4        1.011738           0.116591E-4        1.010342
        1.274000           0.150467E-4        1.011738           0.116596E-4        1.010342
        1.276000           0.150475E-4        1.011738           0.116602E-4        1.010342
        1.278000           0.150483E-4        1.011739           0.116607E-4        1.010342
        1.280000           0.150491E-4        1.011739           0.116612E-4        1.010343
        1.282000           0.150500E-4        1.011739           0.116618E-4        1.010343
        1.284000           0.150508E-4        1.011740           0.116623E-4        1.010343
        1.286000           0.150516E-4        1.011740           0.116629E-4        1.010343
        1.288000           0.150524E-4        1.011740           0.116634E-4        1.010344
        1.290000           0.150532E-4        1.011741           0.116640E-4        1.010344
        1.292000           0.150540E-4        1.011741           0.116646E-4        1.010344
        1.294000           0.150548E-4        1.011741           0.116651E-4        1.010344
        1.296000           0.150556E-4        1.011741           0.116656E-4        1.010345
        1.298000           0.150564E-4        1.011742           0.116662E-4        1.010345
        1.300000           0.150572E-4        1.011742           0.116667E-4        1.010345
        1.302000           0.150580E-4        1.011742           0.116673E-4        1.010345
        1.304000           0.150588E-4        1.011743           0.116678E-4        1.010346
        1.306000           0.150596E-4        1.011743           0.116684E-4        1.010346
        1.308000           0.150604E-4        1.011743           0.116689E-4        1.010346
        1.310000           0.150612E-4        1.011744           0.116695E-4        1.010346
        1.312000           0.150620E-4        1.011744           0.116700E-4        1.010346
        1.314000           0.150628E-4        1.011744           0.116706E-4        1.010347
        1.316000           0.150636E-4        1.011744           0.116711E-4        1.010347
        1.318000           0.150644E-4        1.011745           0.116717E-4        1.010347
        1.320000           0.150652E-4        1.011745           0.116722E-4        1.010347
        1.322000           0.150660E-4        1.011745           0.116728E-4        1.010348
        1.324000           0.150668E-4        1.011746           0.116733E-4        1.010348
        1.326000           0.150676E-4        1.011746           0.116739E-4        1.010348
        1.328000           0.150684E-4        1.011746           0.116744E-4        1.010348
        1.330000           0.150692E-4        1.011747           0.116750E-4        1.010349
        1.332000           0.150700E-4        1.011747           0.116755E-4        1.010349
        1.334000           0.150708E-4        1.011747           0.116760E-4        1.010349
        1.336000           0.150717E-4        1.011747           0.116766E-4        1.010349
        1.338000           0.150725E-4        1.011748           0.116772E-4        1.010350
        1.340000           0.150733E-4        1.011748           0.116777E-4        1.010350
        1.342000           0.150741E-4        1.011748           0.116783E-4        1.010350
        1.344000           0.150749E-4        1.011749           0.116788E-4        1.010350
        1.346000           0.150757E-4        1.011749           0.116794E-4        1.010350
        1.348000           0.150765E-4        1.011749           0.116799E-4        1.010351
        1.350000           0.150773E-4        1.011750           0.116805E-4        1.010351
        1.352000           0.150781E-4        1.011750           0.116810E-4        1.010351
        1.354000           0.150789E-4        1.011750           0.116816E-4        1.010351
        1.356000           0.150797E-4        1.011750           0.116821E-4        1.010352
        1.358000           0.150805E-4        1.011751           0.116827E-4        1.010352
        1.360000           0.150813E-4        1.011751           0.116832E-4        1.010352
        1.362000           0.150821E-4        1.011751           0.116838E-4        1.010352
        1.364000           0.150829E-4        1.011752           0.116843E-4        1.010352
        1.366000           0.150837E-4        1.011752           0.116849E-4        1.010353
        1.368000           0.150845E-4        1.011752           0.116854E-4        1.010353
        1.370000           0.150853E-4        1.011753           0.116860E-4        1.010353
        1.372000           0.150861E-4        1.011753           0.116865E-4        1.010353
        1.374000           0.150870E-4        1.011753           0.116870E-4        1.010354
        1.376000           0.150878E-4        1.011754           0.116876E-4        1.010354
        1.378000           0.150886E-4        1.011754           0.116882E-4        1.010354
        1.380000           0.150894E-4        1.011754           0.116887E-4        1.010354
        1.382000           0.150902E-4        1.011754           0.116893E-4        1.010355
        1.384000           0.150910E-4        1.011755           0.116898E-4        1.010355
        1.386000           0.150918E-4        1.011755           0.116904E-4        1.010355
        1.388000           0.150926E-4        1.011755           0.116909E-4        1.010355
        1.390000           0.150934E-4        1.011756           0.116915E-4        1.010356
        1.392000           0.150942E-4        1.011756           0.116920E-4        1.010356
        1.394000           0.150950E-4        1.011756           0.116926E-4        1.010356
        1.396000           0.150958E-4        1.011757           0.116931E-4        1.010356
        1.398000           0.150966E-4        1.011757           0.116937E-4        1.010357
        1.400000           0.150974E-4        1.011757           0.116942E-4        1.010357
        1.402000           0.150982E-4        1.011757           0.116947E-4        1.010357
        1.404000           0.150990E-4        1.011758           0.116953E-4        1.010357
        1.406000           0.150999E-4        1.011758           0.116959E-4        1.010357
        1.408000           0.151007E-4        1.011758           0.116964E-4        1.010358
        1.410000           0.151015E-4        1.011759           0.116970E-4        1.010358
        1.412000           0.151023E-4        1.011759           0.116975E-4        1.010358
        1.414000           0.151031E-4        1.011759           0.116981E-4        1.010358
        1.416000           0.151039E-4        1.011760           0.116986E-4        1.010359
        1.418000           0.151047E-4        1.011760           0.116991E-4        1.010359
        1.420000           0.151055E-4        1.011760           0.116997E-4        1.010359
        1.422000           0.151063E-4        1.011760           0.117003E-4        1.010359
        1.424000           0.151071E-4        1.011761           0.117008E-4        1.010360
        1.426000           0.151079E-4        1.011761           0.117014E-4        1.010360
        1.428000           0.151087E-4        1.011761           0.117019E-4        1.010360
        1.430000           0.151095E-4        1.011762           0.117025E-4        1.010360
        1.432000           0.151104E-4        1.011762           0.117030E-4        1.010360
        1.434000           0.151112E-4        1.011762           0.117036E-4        1.010361
        1.436000           0.151120E-4        1.011763           0.117041E-4        1.010361
        1.438000           0.151128E-4        1.011763           0.117047E-4        1.010361
        1.440000           0.151136E-4        1.011763           0.117052E-4        1.010361
        1.442000           0.151144E-4        1.011763           0.117058E-4        1.010362
        1.444000           0.151152E-4        1.011764           0.117063E-4        1.010362
        1.446000           0.151160E-4        1.011764           0.117069E-4        1.010362
        1.448000           0.151168E-4        1.011764           0.117074E-4        1.010362
        1.450000           0.151176E-4        1.011765           0.117080E-4        1.010363
        1.452000           0.151184E-4        1.011765           0.117085E-4        1.010363
        1.454000           0.151192E-4        1.011765           0.117091E-4        1.010363
        1.456000           0.151201E-4        1.011766           0.117096E-4        1.010363
        1.458000           0.151209E-4        1.011766           0.117102E-4        1.010364
        1.460000           0.151217E-4        1.011766           0.117107E-4        1.010364
        1.462000           0.151225E-4        1.011766           0.117113E-4        1.010364
        1.464000           0.151233E-4        1.011767           0.117118E-4        1.010364
        1.466000           0.151241E-4        1.011767           0.117124E-4        1.010365
        1.468000           0.151249E-4        1.011767           0.117129E-4        1.010365
        1.470000           0.151257E-4        1.011768           0.117135E-4        1.010365
        1.472000           0.151265E-4        1.011768           0.117140E-4        1.010365
        1.474000           0.151273E-4        1.011768           0.117146E-4        1.010365
        1.476000           0.151281E-4        1.011769           0.117152E-4        1.010366
        1.478000           0.151289E-4        1.011769           0.117157E-4        1.010366
        1.480000           0.151298E-4        1.011769           0.117163E-4        1.010366
        1.482000           0.151306E-4        1.011770           0.117168E-4        1.010366
        1.484000           0.151314E-4        1.011770           0.117174E-4        1.010367
        1.486000           0.151322E-4        1.011770           0.117179E-4        1.010367
        1.488000           0.151330E-4        1.011770           0.117185E-4        1.010367
        1.490000           0.151338E-4        1.011771           0.117190E-4        1.010367
        1.492000           0.151346E-4        1.011771           0.117196E-4        1.010368
        1.494000           0.151354E-4        1.011771           0.117201E-4        1.010368
        1.496000           0.151362E-4        1.011772           0.117207E-4        1.010368
        1.498000           0.151370E-4        1.011772           0.117212E-4        1.010368
        1.500000           0.151379E-4        1.011772           0.117218E-4        1.010368
        1.502000           0.151387E-4        1.011773           0.117223E-4        1.010369
        1.504000           0.151395E-4        1.011773           0.117229E-4        1.010369
        1.506000           0.151403E-4        1.011773           0.117234E-4        1.010369
        1.508000           0.151411E-4        1.011773           0.117240E-4        1.010369
        1.510000           0.151419E-4        1.011774           0.117246E-4        1.010370
        1.512000           0.151427E-4        1.011774           0.117251E-4        1.010370
        1.514000           0.151435E-4        1.011774           0.117257E-4        1.010370
        1.516000           0.151443E-4        1.011775           0.117262E-4        1.010370
        1.518000           0.151451E-4        1.011775           0.117267E-4        1.010371
        1.520000           0.151460E-4        1.011775           0.117273E-4        1.010371
        1.522000           0.151468E-4        1.011776           0.117279E-4        1.010371
        1.524000           0.151476E-4        1.011776           0.117284E-4        1.010371
        1.526000           0.151484E-4        1.011776           0.117290E-4        1.010371
        1.528000           0.151492E-4        1.011776           0.117295E-4        1.010372
        1.530000           0.151500E-4        1.011777           0.117301E-4        1.010372
        1.532000           0.151508E-4        1.011777           0.117306E-4        1.010372
        1.534000           0.151516E-4        1.011777           0.117312E-4        1.010372
        1.536000           0.151524E-4        1.011778           0.117317E-4        1.010373
        1.538000           0.151533E-4        1.011778           0.117323E-4        1.010373
        1.540000           0.151541E-4        1.011778           0.117328E-4        1.010373
        1.542000           0.151549E-4        1.011779           0.117334E-4        1.010373
        1.544000           0.151557E-4        1.011779           0.117339E-4        1.010374
        1.546000           0.151565E-4        1.011779           0.117345E-4        1.010374
        1.548000           0.151573E-4        1.011780           0.117350E-4        1.010374
        1.550000           0.151581E-4        1.011780           0.117356E-4        1.010374
        1.552000           0.151589E-4        1.011780           0.117362E-4        1.010375
        1.554000           0.151597E-4        1.011780           0.117367E-4        1.010375
        1.556000           0.151606E-4        1.011781           0.117373E-4        1.010375
        1.558000           0.151614E-4        1.011781           0.117378E-4        1.010375
        1.560000           0.151622E-4        1.011781           0.117384E-4        1.010375
        1.562000           0.151630E-4        1.011782           0.117389E-4        1.010376
        1.564000           0.151638E-4        1.011782           0.117395E-4        1.010376
        1.566000           0.151646E-4        1.011782           0.117400E-4        1.010376
        1.568000           0.151654E-4        1.011783           0.117406E-4        1.010376
        1.570000           0.151662E-4        1.011783           0.117411E-4        1.010377
        1.572000           0.151671E-4        1.011783           0.117417E-4        1.010377
        1.574000           0.151679E-4        1.011783           0.117423E-4        1.010377
        1.576000           0.151687E-4        1.011784           0.117428E-4        1.010377
        1.578000           0.151695E-4        1.011784           0.117433E-4        1.010378
        1.580000           0.151703E-4        1.011784           0.117439E-4        1.010378
        1.582000           0.151711E-4        1.011785           0.117444E-4        1.010378
        1.584000           0.151719E-4        1.011785           0.117450E-4        1.010378
        1.586000           0.151728E-4        1.011785           0.117456E-4        1.010378
        1.588000           0.151736E-4        1.011786           0.117461E-4        1.010379
        1.590000           0.151744E-4        1.011786           0.117467E-4        1.010379
        1.592000           0.151752E-4        1.011786           0.117472E-4        1.010379
        1.594000           0.151760E-4        1.011786           0.117478E-4        1.010379
        1.596000           0.151768E-4        1.011787           0.117483E-4        1.010380
        1.598000           0.151776E-4        1.011787           0.117489E-4        1.010380
        1.600000           0.151784E-4        1.011787           0.117494E-4        1.010380
        1.602000           0.151793E-4        1.011788           0.117500E-4        1.010380
        1.604000           0.151801E-4        1.011788           0.117505E-4        1.010381
        1.606000           0.151809E-4        1.011788           0.117511E-4        1.010381
        1.608000           0.151817E-4        1.011789           0.117517E-4        1.010381
        1.610000           0.151825E-4        1.011789           0.117522E-4        1.010381
        1.612000           0.151833E-4        1.011789           0.117528E-4        1.010382
        1.614000           0.151841E-4        1.011790           0.117533E-4        1.010382
        1.616000           0.151849E-4        1.011790           0.117539E-4        1.010382
        1.618000           0.151858E-4        1.011790           0.117544E-4        1.010382
        1.620000           0.151866E-4        1.011790           0.117550E-4        1.010383
        1.622000           0.151874E-4        1.011791           0.117556E-4        1.010383
        1.624000           0.151882E-4        1.011791           0.117561E-4        1.010383
        1.626000           0.151890E-4        1.011791           0.117567E-4        1.010383
        1.628000           0.151898E-4        1.011792           0.117572E-4        1.010383
        1.630000           0.151907E-4        1.011792           0.117578E-4        1.010384
        1.632000           0.151915E-4        1.011792           0.117583E-4        1.010384
        1.634000           0.151923E-4        1.011793           0.117589E-4        1.010384
        1.636000           0.151931E-4        1.011793           0.117594E-4        1.010384
        1.638000           0.151939E-4        1.011793           0.117600E-4        1.010385
        1.640000           0.151947E-4        1.011793           0.117606E-4        1.010385
        1.642000           0.151955E-4        1.011794           0.117611E-4        1.010385
        1.644000           0.151964E-4        1.011794           0.117617E-4        1.010385
        1.646000           0.151972E-4        1.011794           0.117622E-4        1.010386
        1.648000           0.151980E-4        1.011795           0.117628E-4        1.010386
        1.650000           0.151988E-4        1.011795           0.117633E-4        1.010386
        1.652000           0.151996E-4        1.011795           0.117639E-4        1.010386
        1.654000           0.152004E-4        1.011796           0.117644E-4        1.010387
        1.656000           0.152012E-4        1.011796           0.117650E-4        1.010387
        1.658000           0.152021E-4        1.011796           0.117655E-4        1.010387
        1.660000           0.152029E-4        1.011796           0.117661E-4        1.010387
        1.662000           0.152037E-4        1.011797           0.117666E-4        1.010387
        1.664000           0.152045E-4        1.011797           0.117672E-4        1.010388
        1.666000           0.152053E-4        1.011797           0.117678E-4        1.010388
        1.668000           0.152061E-4        1.011798           0.117683E-4        1.010388
        1.670000           0.152070E-4        1.011798           0.117689E-4        1.010388
        1.672000           0.152078E-4        1.011798           0.117694E-4        1.010389
        1.674000           0.152086E-4        1.011799           0.117700E-4        1.010389
        1.676000           0.152094E-4        1.011799           0.117705E-4        1.010389
        1.678000           0.152102E-4        1.011799           0.117711E-4        1.010389
        1.680000           0.152110E-4        1.011800           0.117716E-4        1.010390
        1.682000           0.152118E-4        1.011800           0.117722E-4        1.010390
        1.684000           0.152127E-4        1.011800           0.117728E-4        1.010390
        1.686000           0.152135E-4        1.011800           0.117733E-4        1.010390
        1.688000           0.152143E-4        1.011801           0.117739E-4        1.010391
        1.690000           0.152151E-4        1.011801           0.117745E-4        1.010391
        1.692000           0.152159E-4        1.011801           0.117750E-4        1.010391
        1.694000           0.152167E-4        1.011802           0.117756E-4        1.010391
        1.696000           0.152176E-4        1.011802           0.117761E-4        1.010391
        1.698000           0.152184E-4        1.011802           0.117767E-4        1.010392
        1.700000           0.152192E-4        1.011803           0.117772E-4        1.010392
        1.702000           0.152200E-4        1.011803           0.117778E-4        1.010392
        1.704000           0.152208E-4        1.011803           0.117783E-4        1.010392
        1.706000           0.152216E-4        1.011804           0.117789E-4        1.010393
        1.708000           0.152225E-4        1.011804           0.117795E-4        1.010393
        1.710000           0.152233E-4        1.011804           0.117800E-4        1.010393
        1.712000           0.152241E-4        1.011804           0.117806E-4        1.010393
        1.714000           0.152249E-4        1.011805           0.117811E-4        1.010394
        1.716000           0.152257E-4        1.011805           0.117817E-4        1.010394
        1.718000           0.152266E-4        1.011805           0.117822E-4        1.010394
        1.720000           0.152274E-4        1.011806           0.117828E-4        1.010394
        1.722000           0.152282E-4        1.011806           0.117834E-4        1.010395
        1.724000           0.152290E-4        1.011806           0.117839E-4        1.010395
        1.726000           0.152298E-4        1.011807           0.117845E-4        1.010395
        1.728000           0.152306E-4        1.011807           0.117850E-4        1.010395
        1.730000           0.152315E-4        1.011807           0.117856E-4        1.010396
        1.732000           0.152323E-4        1.011807           0.117861E-4        1.010396
        1.734000           0.152331E-4        1.011808           0.117867E-4        1.010396
        1.736000           0.152339E-4        1.011808           0.117873E-4        1.010396
        1.738000           0.152347E-4        1.011808           0.117878E-4        1.010396
        1.740000           0.152355E-4        1.011809           0.117884E-4        1.010397
        1.742000           0.152364E-4        1.011809           0.117889E-4        1.010397
        1.744000           0.152372E-4        1.011809           0.117895E-4        1.010397
        1.746000           0.152380E-4        1.011810           0.117901E-4        1.010397
        1.748000           0.152388E-4        1.011810           0.117906E-4        1.010398
        1.750000           0.152396E-4        1.011810           0.117912E-4        1.010398
        1.752000           0.152405E-4        1.011811           0.117917E-4        1.010398
        1.754000           0.152413E-4        1.011811           0.117923E-4        1.010398
        1.756000           0.152421E-4        1.011811           0.117928E-4        1.010399
        1.758000           0.152429E-4        1.011811           0.117934E-4        1.010399
        1.760000           0.152437E-4        1.011812           0.117939E-4        1.010399
        1.762000           0.152445E-4        1.011812           0.117945E-4        1.010399
        1.764000           0.152454E-4        1.011812           0.117951E-4        1.010399
        1.766000           0.152462E-4        1.011813           0.117956E-4        1.010400
        1.768000           0.152470E-4        1.011813           0.117962E-4        1.010400
        1.770000           0.152478E-4        1.011813           0.117967E-4        1.010400
        1.772000           0.152486E-4        1.011814           0.117973E-4        1.010400
        1.774000           0.152495E-4        1.011814           0.117978E-4        1.010401
        1.776000           0.152503E-4        1.011814           0.117984E-4        1.010401
        1.778000           0.152511E-4        1.011814           0.117989E-4        1.010401
        1.780000           0.152519E-4        1.011815           0.117995E-4        1.010401
        1.782000           0.152527E-4        1.011815           0.118001E-4        1.010402
        1.784000           0.152536E-4        1.011815           0.118007E-4        1.010402
        1.786000           0.152544E-4        1.011816           0.118012E-4        1.010402
        1.788000           0.152552E-4        1.011816           0.118017E-4        1.010402
        1.790000           0.152560E-4        1.011816           0.118023E-4        1.010403
        1.792000           0.152568E-4        1.011817           0.118029E-4        1.010403
        1.794000           0.152577E-4        1.011817           0.118034E-4        1.010403
        1.796000           0.152585E-4        1.011817           0.118040E-4        1.010403
        1.798000           0.152593E-4        1.011818           0.118045E-4        1.010404
        1.800000           0.152601E-4        1.011818           0.118051E-4        1.010404
        1.802000           0.152609E-4        1.011818           0.118056E-4        1.010404
        1.804000           0.152618E-4        1.011818           0.118062E-4        1.010404
        1.806000           0.152626E-4        1.011819           0.118068E-4        1.010404
        1.808000           0.152634E-4        1.011819           0.118073E-4        1.010405
        1.810000           0.152642E-4        1.011819           0.118079E-4        1.010405
        1.812000           0.152650E-4        1.011820           0.118084E-4        1.010405
        1.814000           0.152659E-4        1.011820           0.118090E-4        1.010405
        1.816000           0.152667E-4        1.011820           0.118096E-4        1.010406
        1.818000           0.152675E-4        1.011821           0.118101E-4        1.010406
        1.820000           0.152683E-4        1.011821           0.118107E-4        1.010406
        1.822000           0.152691E-4        1.011821           0.118112E-4        1.010406
        1.824000           0.152700E-4        1.011822           0.118118E-4        1.010407
        1.826000           0.152708E-4        1.011822           0.118124E-4        1.010407
        1.828000           0.152716E-4        1.011822           0.118129E-4        1.010407
        1.830000           0.152724E-4        1.011822           0.118135E-4        1.010407
        1.832000           0.152733E-4        1.011823           0.118140E-4        1.010408
        1.834000           0.152741E-4        1.011823           0.118146E-4        1.010408
        1.836000           0.152749E-4        1.011823           0.118152E-4        1.010408
        1.838000           0.152757E-4        1.011824           0.118157E-4        1.010408
        1.840000           0.152765E-4        1.011824           0.118163E-4        1.010408
        1.842000           0.152774E-4        1.011824           0.118168E-4        1.010409
        1.844000           0.152782E-4        1.011825           0.118174E-4        1.010409
        1.846000           0.152790E-4        1.011825           0.118180E-4        1.010409
        1.848000           0.152798E-4        1.011825           0.118185E-4        1.010409
        1.850000           0.152806E-4        1.011825           0.118191E-4        1.010410
        1.852000           0.152815E-4        1.011826           0.118196E-4        1.010410
        1.854000           0.152823E-4        1.011826           0.118202E-4        1.010410
        1.856000           0.152831E-4        1.011826           0.118207E-4        1.010410
        1.858000           0.152839E-4        1.011827           0.118213E-4        1.010411
        1.860000           0.152848E-4        1.011827           0.118219E-4        1.010411
        1.862000           0.152856E-4        1.011827           0.118224E-4        1.010411
        1.864000           0.152864E-4        1.011828           0.118230E-4        1.010411
        1.866000           0.152872E-4        1.011828           0.118236E-4        1.010412
        1.868000           0.152880E-4        1.011828           0.118241E-4        1.010412
        1.870000           0.152889E-4        1.011829           0.118247E-4        1.010412
        1.872000           0.152897E-4        1.011829           0.118252E-4        1.010412
        1.874000           0.152905E-4        1.011829           0.118258E-4        1.010412
        1.876000           0.152913E-4        1.011829           0.118264E-4        1.010413
        1.878000           0.152922E-4        1.011830           0.118269E-4        1.010413
        1.880000           0.152930E-4        1.011830           0.118275E-4        1.010413
        1.882000           0.152938E-4        1.011830           0.118281E-4        1.010413
        1.884000           0.152946E-4        1.011831           0.118286E-4        1.010414
        1.886000           0.152954E-4        1.011831           0.118292E-4        1.010414
        1.888000           0.152963E-4        1.011831           0.118297E-4        1.010414
        1.890000           0.152971E-4        1.011832           0.118303E-4        1.010414
        1.892000           0.152979E-4        1.011832           0.118308E-4        1.010415
        1.894000           0.152987E-4        1.011832           0.118314E-4        1.010415
        1.896000           0.152996E-4        1.011832           0.118320E-4        1.010415
        1.898000           0.153004E-4        1.011833           0.118325E-4        1.010415
        1.900000           0.153012E-4        1.011833           0.118331E-4        1.010416
        1.902000           0.153020E-4        1.011833           0.118336E-4        1.010416
        1.904000           0.153029E-4        1.011834           0.118342E-4        1.010416
        1.906000           0.153037E-4        1.011834           0.118348E-4        1.010416
        1.908000           0.153045E-4        1.011834           0.118353E-4        1.010417
        1.910000           0.153053E-4        1.011835           0.118359E-4        1.010417
        1.912000           0.153062E-4        1.011835           0.118364E-4        1.010417
        1.914000           0.153070E-4        1.011835           0.118370E-4        1.010417
        1.916000           0.153078E-4        1.011836           0.118376E-4        1.010417
        1.918000           0.153086E-4        1.011836           0.118381E-4        1.010418
        1.920000           0.153095E-4        1.011836           0.118387E-4        1.010418
        1.922000           0.153103E-4        1.011837           0.118393E-4        1.010418
        1.924000           0.153111E-4        1.011837           0.118398E-4        1.010418
        1.926000           0.153119E-4        1.011837           0.118404E-4        1.010419
        1.928000           0.153128E-4        1.011837           0.118409E-4        1.010419
        1.930000           0.153136E-4        1.011838           0.118415E-4        1.010419
        1.932000           0.153144E-4        1.011838           0.118420E-4        1.010419
        1.934000           0.153152E-4        1.011838           0.118426E-4        1.010420
        1.936000           0.153160E-4        1.011839           0.118432E-4        1.010420
        1.938000           0.153169E-4        1.011839           0.118437E-4        1.010420
        1.940000           0.153177E-4        1.011839           0.118443E-4        1.010420
        1.942000           0.153185E-4        1.011840           0.118448E-4        1.010421
        1.944000           0.153193E-4        1.011840           0.118454E-4        1.010421
        1.946000           0.153202E-4        1.011840           0.118460E-4        1.010421
        1.948000           0.153210E-4        1.011840           0.118465E-4        1.010421
        1.950000           0.153218E-4        1.011841           0.118471E-4        1.010422
        1.952000           0.153226E-4        1.011841           0.118477E-4        1.010422
        1.954000           0.153235E-4        1.011841           0.118482E-4        1.010422
        1.956000           0.153243E-4        1.011842           0.118488E-4        1.010422
        1.958000           0.153251E-4        1.011842           0.118494E-4        1.010422
        1.960000           0.153260E-4        1.011842           0.118499E-4        1.010423
        1.962000           0.153268E-4        1.011843           0.118505E-4        1.010423
        1.964000           0.153276E-4        1.011843           0.118510E-4        1.010423
        1.966000           0.153284E-4        1.011843           0.118516E-4        1.010423
        1.968000           0.153293E-4        1.011844           0.118522E-4        1.010424
        1.970000           0.153301E-4        1.011844           0.118527E-4        1.010424
        1.972000           0.153309E-4        1.011844           0.118533E-4        1.010424
        1.974000           0.153317E-4        1.011845           0.118539E-4        1.010424
        1.976000           0.153326E-4        1.011845           0.118544E-4        1.010424
        1.978000           0.153334E-4        1.011845           0.118550E-4        1.010425
        1.980000           0.153342E-4        1.011845           0.118555E-4        1.010425
        1.982000           0.153350E-4        1.011846           0.118561E-4        1.010425
        1.984000           0.153359E-4        1.011846           0.118567E-4        1.010426
        1.986000           0.153367E-4        1.011846           0.118572E-4        1.010426
        1.988000           0.153375E-4        1.011847           0.118578E-4        1.010426
        1.990000           0.153383E-4        1.011847           0.118583E-4        1.010426
        1.992000           0.153392E-4        1.011847           0.118589E-4        1.010426
        1.994000           0.153400E-4        1.011847           0.118595E-4        1.010427
        1.996000           0.153408E-4        1.011848           0.118600E-4        1.010427
        1.998000           0.153416E-4        1.011848           0.118606E-4        1.010427
        2.000000           0.153425E-4        1.011848           0.118612E-4        1.010427
        2.002000           0.153433E-4        1.011849           0.118617E-4        1.010428
        2.004000           0.153441E-4        1.011849           0.118623E-4        1.010428
        2.006000           0.153450E-4        1.011849           0.118628E-4        1.010428
        2.008000           0.153458E-4        1.011850           0.118634E-4        1.010428
        2.010000           0.153466E-4        1.011850           0.118640E-4        1.010429
        2.012000           0.153474E-4        1.011850           0.118645E-4        1.010429
        2.014000           0.153483E-4        1.011851           0.118651E-4        1.010429
        2.016000           0.153491E-4        1.011851           0.118657E-4        1.010429
        2.018000           0.153499E-4        1.011851           0.118662E-4        1.010430
        2.020000           0.153507E-4        1.011852           0.118668E-4        1.010430
        2.022000           0.153516E-4        1.011852           0.118674E-4        1.010430
        2.024000           0.153524E-4        1.011852           0.118679E-4        1.010430
        2.026000           0.153532E-4        1.011852           0.118685E-4        1.010430
        2.028000           0.153541E-4        1.011853           0.118690E-4        1.010431
        2.030000           0.153549E-4        1.011853           0.118696E-4        1.010431
        2.032000           0.153557E-4        1.011853           0.118701E-4        1.010431
        2.034000           0.153565E-4        1.011854           0.118707E-4        1.010431
        2.036000           0.153574E-4        1.011854           0.118713E-4        1.010432
        2.038000           0.153582E-4        1.011854           0.118719E-4        1.010432
        2.040000           0.153590E-4        1.011855           0.118724E-4        1.010432
        2.042000           0.153599E-4        1.011855           0.118730E-4        1.010432
        2.044000           0.153607E-4        1.011855           0.118735E-4        1.010433
        2.046000           0.153615E-4        1.011855           0.118741E-4        1.010433
        2.048000           0.153623E-4        1.011856           0.118747E-4        1.010433
        2.050000           0.153632E-4        1.011856           0.118752E-4        1.010433
        2.052000           0.153640E-4        1.011856           0.118758E-4        1.010434
        2.054000           0.153648E-4        1.011857           0.118764E-4        1.010434
        2.056000           0.153657E-4        1.011857           0.118769E-4        1.010434
        2.058000           0.153665E-4        1.011857           0.118775E-4        1.010434
        2.060000           0.153673E-4        1.011858           0.118780E-4        1.010435
        2.062000           0.153682E-4        1.011858           0.118786E-4        1.010435
        2.064000           0.153690E-4        1.011858           0.118792E-4        1.010435
        2.066000           0.153698E-4        1.011859           0.118797E-4        1.010435
        2.068000           0.153706E-4        1.011859           0.118803E-4        1.010435
        2.070000           0.153715E-4        1.011859           0.118809E-4        1.010436
        2.072000           0.153723E-4        1.011860           0.118814E-4        1.010436
        2.074000           0.153731E-4        1.011860           0.118820E-4        1.010436
        2.076000           0.153740E-4        1.011860           0.118826E-4        1.010436
        2.078000           0.153748E-4        1.011860           0.118831E-4        1.010437
        2.080000           0.153756E-4        1.011861           0.118837E-4        1.010437
        2.082000           0.153764E-4        1.011861           0.118843E-4        1.010437
        2.084000           0.153773E-4        1.011861           0.118848E-4        1.010437
        2.086000           0.153781E-4        1.011862           0.118854E-4        1.010438
        2.088000           0.153789E-4        1.011862           0.118860E-4        1.010438
        2.090000           0.153798E-4        1.011862           0.118865E-4        1.010438
        2.092000           0.153806E-4        1.011863           0.118871E-4        1.010438
        2.094000           0.153814E-4        1.011863           0.118877E-4        1.010439
        2.096000           0.153823E-4        1.011863           0.118882E-4        1.010439
        2.098000           0.153831E-4        1.011863           0.118888E-4        1.010439
        2.100000           0.153839E-4        1.011864           0.118893E-4        1.010439
        2.102000           0.153847E-4        1.011864           0.118899E-4        1.010440
        2.104000           0.153856E-4        1.011864           0.118905E-4        1.010440
        2.106000           0.153864E-4        1.011865           0.118910E-4        1.010440
        2.108000           0.153872E-4        1.011865           0.118916E-4        1.010440
        2.110000           0.153881E-4        1.011865           0.118922E-4        1.010440
        2.112000           0.153889E-4        1.011866           0.118927E-4        1.010441
        2.114000           0.153897E-4        1.011866           0.118933E-4        1.010441
        2.116000           0.153906E-4        1.011866           0.118939E-4        1.010441
        2.118000           0.153914E-4        1.011867           0.118944E-4        1.010441
        2.120000           0.153922E-4        1.011867           0.118950E-4        1.010442
        2.122000           0.153931E-4        1.011867           0.118956E-4        1.010442
        2.124000           0.153939E-4        1.011868           0.118961E-4        1.010442
        2.126000           0.153947E-4        1.011868           0.118967E-4        1.010442
        2.128000           0.153955E-4        1.011868           0.118972E-4        1.010443
        2.130000           0.153964E-4        1.011868           0.118978E-4        1.010443
        2.132000           0.153972E-4        1.011869           0.118984E-4        1.010443
        2.134000           0.153980E-4        1.011869           0.118990E-4        1.010443
        2.136000           0.153989E-4        1.011869           0.118995E-4        1.010444
        2.138000           0.153997E-4        1.011870           0.119001E-4        1.010444
        2.140000           0.154005E-4        1.011870           0.119006E-4        1.010444
        2.142000           0.154014E-4        1.011870           0.119012E-4        1.010444
        2.144000           0.154022E-4        1.011871           0.119018E-4        1.010445
        2.146000           0.154030E-4        1.011871           0.119023E-4        1.010445
        2.148000           0.154039E-4        1.011871           0.119029E-4        1.010445
        2.150000           0.154047E-4        1.011871           0.119035E-4        1.010445
        2.152000           0.154055E-4        1.011872           0.119040E-4        1.010445
        2.154000           0.154064E-4        1.011872           0.119046E-4        1.010446
        2.156000           0.154072E-4        1.011872           0.119052E-4        1.010446
        2.158000           0.154080E-4        1.011873           0.119057E-4        1.010446
        2.160000           0.154089E-4        1.011873           0.119063E-4        1.010446
        2.162000           0.154097E-4        1.011873           0.119069E-4        1.010447
        2.164000           0.154105E-4        1.011874           0.119074E-4        1.010447
        2.166000           0.154114E-4        1.011874           0.119080E-4        1.010447
        2.168000           0.154122E-4        1.011874           0.119085E-4        1.010447
        2.170000           0.154130E-4        1.011875           0.119091E-4        1.010448
        2.172000           0.154139E-4        1.011875           0.119097E-4        1.010448
        2.174000           0.154147E-4        1.011875           0.119103E-4        1.010448
        2.176000           0.154155E-4        1.011876           0.119108E-4        1.010448
        2.178000           0.154164E-4        1.011876           0.119114E-4        1.010449
        2.180000           0.154172E-4        1.011876           0.119120E-4        1.010449
        2.182000           0.154180E-4        1.011876           0.119125E-4        1.010449
        2.184000           0.154189E-4        1.011877           0.119131E-4        1.010449
        2.186000           0.154197E-4        1.011877           0.119137E-4        1.010450
        2.188000           0.154205E-4        1.011877           0.119142E-4        1.010450
        2.190000           0.154214E-4        1.011878           0.119148E-4        1.010450
        2.192000           0.154222E-4        1.011878           0.119154E-4        1.010450
        2.194000           0.154230E-4        1.011878           0.119159E-4        1.010450
        2.196000           0.154239E-4        1.011879           0.119165E-4        1.010451
        2.198000           0.154247E-4        1.011879           0.119171E-4        1.010451
        2.200000           0.154255E-4        1.011879           0.119176E-4        1.010451
        2.202000           0.154264E-4        1.011880           0.119182E-4        1.010451
        2.204000           0.154272E-4        1.011880           0.119188E-4        1.010452
        2.206000           0.154280E-4        1.011880           0.119193E-4        1.010452
        2.208000           0.154289E-4        1.011880           0.119199E-4        1.010452
        2.210000           0.154297E-4        1.011881           0.119205E-4        1.010452
        2.212000           0.154305E-4        1.011881           0.119210E-4        1.010453
        2.214000           0.154314E-4        1.011881           0.119216E-4        1.010453
        2.216000           0.154322E-4        1.011882           0.119222E-4        1.010453
        2.218000           0.154330E-4        1.011882           0.119227E-4        1.010453
        2.220000           0.154339E-4        1.011882           0.119233E-4        1.010454
        2.222000           0.154347E-4        1.011883           0.119239E-4        1.010454
        2.224000           0.154355E-4        1.011883           0.119244E-4        1.010454
        2.226000           0.154364E-4        1.011883           0.119250E-4        1.010454
        2.228000           0.154372E-4        1.011883           0.119256E-4        1.010455
        2.230000           0.154380E-4        1.011884           0.119261E-4        1.010455
        2.232000           0.154389E-4        1.011884           0.119267E-4        1.010455
        2.234000           0.154397E-4        1.011884           0.119273E-4        1.010455
        2.236000           0.154405E-4        1.011885           0.119278E-4        1.010455
        2.238000           0.154414E-4        1.011885           0.119284E-4        1.010456
        2.240000           0.154422E-4        1.011885           0.119290E-4        1.010456
        2.242000           0.154431E-4        1.011886           0.119295E-4        1.010456
        2.244000           0.154439E-4        1.011886           0.119301E-4        1.010456
        2.246000           0.154447E-4        1.011886           0.119307E-4        1.010457
        2.248000           0.154456E-4        1.011887           0.119313E-4        1.010457
        2.250000           0.154464E-4        1.011887           0.119318E-4        1.010457
        2.252000           0.154472E-4        1.011887           0.119324E-4        1.010457
        2.254000           0.154481E-4        1.011888           0.119330E-4        1.010458
        2.256000           0.154489E-4        1.011888           0.119335E-4        1.010458
        2.258000           0.154497E-4        1.011888           0.119341E-4        1.010458
        2.260000           0.154506E-4        1.011889           0.119346E-4        1.010458
        2.262000           0.154514E-4        1.011889           0.119352E-4        1.010459
        2.264000           0.154522E-4        1.011889           0.119358E-4        1.010459
        2.266000           0.154531E-4        1.011889           0.119363E-4        1.010459
        2.268000           0.154539E-4        1.011890           0.119369E-4        1.010459
        2.270000           0.154548E-4        1.011890           0.119375E-4        1.010460
        2.272000           0.154556E-4        1.011890           0.119381E-4        1.010460
        2.274000           0.154564E-4        1.011891           0.119386E-4        1.010460
        2.276000           0.154573E-4        1.011891           0.119392E-4        1.010460
        2.278000           0.154581E-4        1.011891           0.119398E-4        1.010460
        2.280000           0.154589E-4        1.011892           0.119403E-4        1.010461
        2.282000           0.154598E-4        1.011892           0.119409E-4        1.010461
        2.284000           0.154606E-4        1.011892           0.119415E-4        1.010461
        2.286000           0.154614E-4        1.011892           0.119420E-4        1.010461
        2.288000           0.154623E-4        1.011893           0.119426E-4        1.010462
        2.290000           0.154631E-4        1.011893           0.119432E-4        1.010462
        2.292000           0.154640E-4        1.011893           0.119437E-4        1.010462
        2.294000           0.154648E-4        1.011894           0.119443E-4        1.010462
        2.296000           0.154656E-4        1.011894           0.119449E-4        1.010463
        2.298000           0.154665E-4        1.011894           0.119455E-4        1.010463
        2.300000           0.154673E-4        1.011895           0.119460E-4        1.010463
        2.302000           0.154681E-4        1.011895           0.119466E-4        1.010463
        2.304000           0.154690E-4        1.011895           0.119472E-4        1.010464
        2.306000           0.154698E-4        1.011896           0.119477E-4        1.010464
        2.308000           0.154707E-4        1.011896           0.119483E-4        1.010464
        2.310000           0.154715E-4        1.011896           0.119489E-4        1.010464
        2.312000           0.154723E-4        1.011896           0.119494E-4        1.010465
        2.314000           0.154732E-4        1.011897           0.119500E-4        1.010465
        2.316000           0.154740E-4        1.011897           0.119506E-4        1.010465
        2.318000           0.154748E-4        1.011897           0.119511E-4        1.010465
        2.320000           0.154757E-4        1.011898           0.119517E-4        1.010466
        2.322000           0.154765E-4        1.011898           0.119523E-4        1.010466
        2.324000           0.154774E-4        1.011898           0.119528E-4        1.010466
        2.326000           0.154782E-4        1.011899           0.119534E-4        1.010466
        2.328000           0.154790E-4        1.011899           0.119540E-4        1.010466
        2.330000           0.154799E-4        1.011899           0.119546E-4        1.010467
        2.332000           0.154807E-4        1.011900           0.119551E-4        1.010467
        2.334000           0.154816E-4        1.011900           0.119557E-4        1.010467
        2.336000           0.154824E-4        1.011900           0.119563E-4        1.010467
        2.338000           0.154832E-4        1.011901           0.119568E-4        1.010468
        2.340000           0.154841E-4        1.011901           0.119574E-4        1.010468
        2.342000           0.154849E-4        1.011901           0.119580E-4        1.010468
        2.344000           0.154857E-4        1.011901           0.119585E-4        1.010468
        2.346000           0.154866E-4        1.011902           0.119591E-4        1.010469
        2.348000           0.154874E-4        1.011902           0.119597E-4        1.010469
        2.350000           0.154883E-4        1.011902           0.119602E-4        1.010469
        2.352000           0.154891E-4        1.011903           0.119608E-4        1.010469
        2.354000           0.154899E-4        1.011903           0.119614E-4        1.010470
        2.356000           0.154908E-4        1.011903           0.119619E-4        1.010470
        2.358000           0.154916E-4        1.011904           0.119625E-4        1.010470
        2.360000           0.154925E-4        1.011904           0.119631E-4        1.010470
        2.362000           0.154933E-4        1.011904           0.119637E-4        1.010471
        2.364000           0.154941E-4        1.011905           0.119643E-4        1.010471
        2.366000           0.154950E-4        1.011905           0.119648E-4        1.010471
        2.368000           0.154958E-4        1.011905           0.119654E-4        1.010471
        2.370000           0.154967E-4        1.011906           0.119660E-4        1.010471
        2.372000           0.154975E-4        1.011906           0.119665E-4        1.010472
        2.374000           0.154983E-4        1.011906           0.119671E-4        1.010472
        2.376000           0.154992E-4        1.011906           0.119677E-4        1.010472
        2.378000           0.155000E-4        1.011907           0.119683E-4        1.010472
        2.380000           0.155009E-4        1.011907           0.119688E-4        1.010473
        2.382000           0.155017E-4        1.011907           0.119694E-4        1.010473
        2.384000           0.155025E-4        1.011908           0.119700E-4        1.010473
        2.386000           0.155034E-4        1.011908           0.119705E-4        1.010473
        2.388000           0.155042E-4        1.011908           0.119711E-4        1.010474
        2.390000           0.155051E-4        1.011909           0.119717E-4        1.010474
        2.392000           0.155059E-4        1.011909           0.119722E-4        1.010474
        2.394000           0.155067E-4        1.011909           0.119728E-4        1.010474
        2.396000           0.155076E-4        1.011909           0.119734E-4        1.010475
        2.398000           0.155084E-4        1.011910           0.119739E-4        1.010475
        2.400000           0.155093E-4        1.011910           0.119745E-4        1.010475
        2.402000           0.155101E-4        1.011910           0.119751E-4        1.010475
        2.404000           0.155109E-4        1.011911           0.119757E-4        1.010476
        2.406000           0.155118E-4        1.011911           0.119762E-4        1.010476
        2.408000           0.155126E-4        1.011911           0.119768E-4        1.010476
        2.410000           0.155135E-4        1.011912           0.119774E-4        1.010476
        2.412000           0.155143E-4        1.011912           0.119779E-4        1.010476
        2.414000           0.155151E-4        1.011912           0.119785E-4        1.010477
        2.416000           0.155160E-4        1.011913           0.119791E-4        1.010477
        2.418000           0.155168E-4        1.011913           0.119797E-4        1.010477
        2.420000           0.155177E-4        1.011913           0.119802E-4        1.010477
        2.422000           0.155185E-4        1.011914           0.119808E-4        1.010478
        2.424000           0.155194E-4        1.011914           0.119814E-4        1.010478
        2.426000           0.155202E-4        1.011914           0.119819E-4        1.010478
        2.428000           0.155210E-4        1.011914           0.119825E-4        1.010478
        2.430000           0.155219E-4        1.011915           0.119831E-4        1.010479
        2.432000           0.155227E-4        1.011915           0.119837E-4        1.010479
        2.434000           0.155236E-4        1.011915           0.119842E-4        1.010479
        2.436000           0.155244E-4        1.011916           0.119848E-4        1.010479
        2.438000           0.155253E-4        1.011916           0.119854E-4        1.010480
        2.440000           0.155261E-4        1.011916           0.119860E-4        1.010480
        2.442000           0.155269E-4        1.011917           0.119865E-4        1.010480
        2.444000           0.155278E-4        1.011917           0.119871E-4        1.010480
        2.446000           0.155286E-4        1.011917           0.119877E-4        1.010481
        2.448000           0.155295E-4        1.011918           0.119882E-4        1.010481
        2.450000           0.155303E-4        1.011918           0.119888E-4        1.010481
        2.452000           0.155312E-4        1.011918           0.119894E-4        1.010481
        2.454000           0.155320E-4        1.011919           0.119899E-4        1.010482
        2.456000           0.155328E-4        1.011919           0.119905E-4        1.010482
        2.458000           0.155337E-4        1.011919           0.119911E-4        1.010482
        2.460000           0.155345E-4        1.011919           0.119917E-4        1.010482
        2.462000           0.155354E-4        1.011920           0.119922E-4        1.010483
        2.464000           0.155362E-4        1.011920           0.119928E-4        1.010483
        2.466000           0.155371E-4        1.011920           0.119934E-4        1.010483
        2.468000           0.155379E-4        1.011921           0.119940E-4        1.010483
        2.470000           0.155387E-4        1.011921           0.119945E-4        1.010484
        2.472000           0.155396E-4        1.011921           0.119951E-4        1.010484
        2.474000           0.155404E-4        1.011922           0.119957E-4        1.010484
        2.476000           0.155413E-4        1.011922           0.119963E-4        1.010484
        2.478000           0.155421E-4        1.011922           0.119968E-4        1.010484
        2.480000           0.155430E-4        1.011923           0.119974E-4        1.010485
        2.482000           0.155438E-4        1.011923           0.119980E-4        1.010485
        2.484000           0.155446E-4        1.011923           0.119985E-4        1.010485
        2.486000           0.155455E-4        1.011924           0.119991E-4        1.010485
        2.488000           0.155463E-4        1.011924           0.119997E-4        1.010486
        2.490000           0.155472E-4        1.011924           0.120003E-4        1.010486
        2.492000           0.155480E-4        1.011924           0.120008E-4        1.010486
        2.494000           0.155489E-4        1.011925           0.120014E-4        1.010486
        2.496000           0.155497E-4        1.011925           0.120020E-4        1.010487
        2.498000           0.155505E-4        1.011925           0.120026E-4        1.010487
        2.500000           0.155514E-4        1.011926           0.120031E-4        1.010487
        2.502000           0.155522E-4        1.011926           0.120037E-4        1.010487
        2.504000           0.155531E-4        1.011926           0.120043E-4        1.010488
        2.506000           0.155539E-4        1.011927           0.120049E-4        1.010488
        2.508000           0.155548E-4        1.011927           0.120054E-4        1.010488
        2.510000           0.155556E-4        1.011927           0.120060E-4        1.010488
        2.512000           0.155565E-4        1.011927           0.120066E-4        1.010489
        2.514000           0.155573E-4        1.011928           0.120071E-4        1.010489
        2.516000           0.155582E-4        1.011928           0.120077E-4        1.010489
        2.518000           0.155590E-4        1.011928           0.120083E-4        1.010489
        2.520000           0.155598E-4        1.011929           0.120088E-4        1.010489
        2.522000           0.155607E-4        1.011929           0.120094E-4        1.010490
        2.524000           0.155615E-4        1.011929           0.120100E-4        1.010490
        2.526000           0.155624E-4        1.011930           0.120106E-4        1.010490
        2.528000           0.155632E-4        1.011930           0.120111E-4        1.010490
        2.530000           0.155641E-4        1.011930           0.120117E-4        1.010491
        2.532000           0.155649E-4        1.011931           0.120123E-4        1.010491
        2.534000           0.155658E-4        1.011931           0.120128E-4        1.010491
        2.536000           0.155666E-4        1.011931           0.120134E-4        1.010491
        2.538000           0.155675E-4        1.011932           0.120140E-4        1.010492
        2.540000           0.155683E-4        1.011932           0.120146E-4        1.010492
        2.542000           0.155691E-4        1.011932           0.120152E-4        1.010492
        2.544000           0.155700E-4        1.011932           0.120157E-4        1.010492
        2.546000           0.155708E-4        1.011933           0.120163E-4        1.010493
        2.548000           0.155717E-4        1.011933           0.120169E-4        1.010493
        2.550000           0.155725E-4        1.011933           0.120174E-4        1.010493
        2.552000           0.155734E-4        1.011934           0.120180E-4        1.010493
        2.554000           0.155742E-4        1.011934           0.120186E-4        1.010494
        2.556000           0.155751E-4        1.011934           0.120192E-4        1.010494
        2.558000           0.155759E-4        1.011935           0.120198E-4        1.010494
        2.560000           0.155768E-4        1.011935           0.120203E-4        1.010494
        2.562000           0.155776E-4        1.011935           0.120209E-4        1.010494
        2.564000           0.155785E-4        1.011936           0.120215E-4        1.010495
        2.566000           0.155793E-4        1.011936           0.120221E-4        1.010495
        2.568000           0.155801E-4        1.011936           0.120226E-4        1.010495
        2.570000           0.155810E-4        1.011937           0.120232E-4        1.010495
        2.572000           0.155818E-4        1.011937           0.120238E-4        1.010496
        2.574000           0.155827E-4        1.011937           0.120243E-4        1.010496
        2.576000           0.155835E-4        1.011937           0.120249E-4        1.010496
        2.578000           0.155844E-4        1.011938           0.120255E-4        1.010496
        2.580000           0.155852E-4        1.011938           0.120261E-4        1.010497
        2.582000           0.155861E-4        1.011938           0.120266E-4        1.010497
        2.584000           0.155869E-4        1.011939           0.120272E-4        1.010497
        2.586000           0.155878E-4        1.011939           0.120278E-4        1.010497
        2.588000           0.155886E-4        1.011939           0.120284E-4        1.010498
        2.590000           0.155895E-4        1.011940           0.120289E-4        1.010498
        2.592000           0.155903E-4        1.011940           0.120295E-4        1.010498
        2.594000           0.155912E-4        1.011940           0.120301E-4        1.010498
        2.596000           0.155920E-4        1.011941           0.120307E-4        1.010499
        2.598000           0.155929E-4        1.011941           0.120312E-4        1.010499
        2.600000           0.155937E-4        1.011941           0.120318E-4        1.010499
        2.602000           0.155946E-4        1.011942           0.120324E-4        1.010499
        2.604000           0.155954E-4        1.011942           0.120330E-4        1.010500
        2.606000           0.155962E-4        1.011942           0.120335E-4        1.010500
        2.608000           0.155971E-4        1.011943           0.120341E-4        1.010500
        2.610000           0.155979E-4        1.011943           0.120347E-4        1.010500
        2.612000           0.155988E-4        1.011943           0.120353E-4        1.010501
        2.614000           0.155996E-4        1.011943           0.120358E-4        1.010501
        2.616000           0.156005E-4        1.011944           0.120364E-4        1.010501
        2.618000           0.156013E-4        1.011944           0.120370E-4        1.010501
        2.620000           0.156022E-4        1.011944           0.120376E-4        1.010502
        2.622000           0.156030E-4        1.011945           0.120382E-4        1.010502
        2.624000           0.156039E-4        1.011945           0.120387E-4        1.010502
        2.626000           0.156047E-4        1.011945           0.120393E-4        1.010502
        2.628000           0.156056E-4        1.011946           0.120399E-4        1.010502
        2.630000           0.156064E-4        1.011946           0.120405E-4        1.010503
        2.632000           0.156073E-4        1.011946           0.120410E-4        1.010503
        2.634000           0.156081E-4        1.011947           0.120416E-4        1.010503
        2.636000           0.156090E-4        1.011947           0.120422E-4        1.010503
        2.638000           0.156098E-4        1.011947           0.120428E-4        1.010504
        2.640000           0.156107E-4        1.011948           0.120433E-4        1.010504
        2.642000           0.156115E-4        1.011948           0.120439E-4        1.010504
        2.644000           0.156124E-4        1.011948           0.120445E-4        1.010504
        2.646000           0.156132E-4        1.011948           0.120451E-4        1.010505
        2.648000           0.156141E-4        1.011949           0.120456E-4        1.010505
        2.650000           0.156149E-4        1.011949           0.120462E-4        1.010505
        2.652000           0.156158E-4        1.011949           0.120468E-4        1.010505
        2.654000           0.156166E-4        1.011950           0.120474E-4        1.010506
        2.656000           0.156175E-4        1.011950           0.120479E-4        1.010506
        2.658000           0.156183E-4        1.011950           0.120485E-4        1.010506
        2.660000           0.156192E-4        1.011951           0.120491E-4        1.010506
        2.662000           0.156200E-4        1.011951           0.120497E-4        1.010507
        2.664000           0.156209E-4        1.011951           0.120503E-4        1.010507
        2.666000           0.156217E-4        1.011952           0.120508E-4        1.010507
        2.668000           0.156226E-4        1.011952           0.120514E-4        1.010507
        2.670000           0.156234E-4        1.011952           0.120520E-4        1.010507
        2.672000           0.156243E-4        1.011953           0.120526E-4        1.010508
        2.674000           0.156251E-4        1.011953           0.120531E-4        1.010508
        2.676000           0.156260E-4        1.011953           0.120537E-4        1.010508
        2.678000           0.156268E-4        1.011953           0.120543E-4        1.010509
        2.680000           0.156277E-4        1.011954           0.120549E-4        1.010509
        2.682000           0.156285E-4        1.011954           0.120554E-4        1.010509
        2.684000           0.156294E-4        1.011954           0.120560E-4        1.010509
        2.686000           0.156302E-4        1.011955           0.120566E-4        1.010509
        2.688000           0.156311E-4        1.011955           0.120571E-4        1.010510
        2.690000           0.156319E-4        1.011955           0.120577E-4        1.010510
        2.692000           0.156328E-4        1.011956           0.120583E-4        1.010510
        2.694000           0.156336E-4        1.011956           0.120589E-4        1.010510
        2.696000           0.156345E-4        1.011956           0.120595E-4        1.010511
        2.698000           0.156353E-4        1.011957           0.120600E-4        1.010511
        2.700000           0.156362E-4        1.011957           0.120606E-4        1.010511
        2.702000           0.156370E-4        1.011957           0.120612E-4        1.010511
        2.704000           0.156379E-4        1.011958           0.120618E-4        1.010512
        2.706000           0.156387E-4        1.011958           0.120624E-4        1.010512
        2.708000           0.156396E-4        1.011958           0.120629E-4        1.010512
        2.710000           0.156405E-4        1.011958           0.120635E-4        1.010512
        2.712000           0.156413E-4        1.011959           0.120641E-4        1.010513
        2.714000           0.156422E-4        1.011959           0.120647E-4        1.010513
        2.716000           0.156430E-4        1.011959           0.120652E-4        1.010513
        2.718000           0.156439E-4        1.011960           0.120658E-4        1.010513
        2.720000           0.156447E-4        1.011960           0.120664E-4        1.010514
        2.722000           0.156456E-4        1.011960           0.120670E-4        1.010514
        2.724000           0.156464E-4        1.011961           0.120676E-4        1.010514
        2.726000           0.156473E-4        1.011961           0.120682E-4        1.010514
        2.728000           0.156481E-4        1.011961           0.120687E-4        1.010514
        2.730000           0.156490E-4        1.011962           0.120693E-4        1.010515
        2.732000           0.156498E-4        1.011962           0.120699E-4        1.010515
        2.734000           0.156507E-4        1.011962           0.120704E-4        1.010515
        2.736000           0.156515E-4        1.011963           0.120711E-4        1.010515
        2.738000           0.156524E-4        1.011963           0.120716E-4        1.010516
        2.740000           0.156532E-4        1.011963           0.120722E-4        1.010516
        2.742000           0.156541E-4        1.011963           0.120728E-4        1.010516
        2.744000           0.156549E-4        1.011964           0.120734E-4        1.010516
        2.746000           0.156558E-4        1.011964           0.120739E-4        1.010517
        2.748000           0.156566E-4        1.011964           0.120745E-4        1.010517
        2.750000           0.156575E-4        1.011965           0.120751E-4        1.010517
        2.752000           0.156584E-4        1.011965           0.120757E-4        1.010517
        2.754000           0.156592E-4        1.011965           0.120763E-4        1.010518
        2.756000           0.156601E-4        1.011966           0.120768E-4        1.010518
        2.758000           0.156609E-4        1.011966           0.120774E-4        1.010518
        2.760000           0.156618E-4        1.011966           0.120780E-4        1.010518
        2.762000           0.156626E-4        1.011967           0.120786E-4        1.010519
        2.764000           0.156635E-4        1.011967           0.120791E-4        1.010519
        2.766000           0.156643E-4        1.011967           0.120797E-4        1.010519
        2.768000           0.156652E-4        1.011968           0.120803E-4        1.010519
        2.770000           0.156660E-4        1.011968           0.120809E-4        1.010520
        2.772000           0.156669E-4        1.011968           0.120814E-4        1.010520
        2.774000           0.156677E-4        1.011968           0.120820E-4        1.010520
        2.776000           0.156686E-4        1.011969           0.120826E-4        1.010520
        2.778000           0.156695E-4        1.011969           0.120832E-4        1.010521
        2.780000           0.156703E-4        1.011969           0.120838E-4        1.010521
        2.782000           0.156712E-4        1.011970           0.120844E-4        1.010521
        2.784000           0.156720E-4        1.011970           0.120849E-4        1.010521
        2.786000           0.156729E-4        1.011970           0.120855E-4        1.010522
        2.788000           0.156737E-4        1.011971           0.120861E-4        1.010522
        2.790000           0.156746E-4        1.011971           0.120867E-4        1.010522
        2.792000           0.156754E-4        1.011971           0.120872E-4        1.010522
        2.794000           0.156763E-4        1.011972           0.120878E-4        1.010522
        2.796000           0.156771E-4        1.011972           0.120884E-4        1.010523
        2.798000           0.156780E-4        1.011972           0.120890E-4        1.010523
        2.800000           0.156789E-4        1.011973           0.120896E-4        1.010523
        2.802000           0.156797E-4        1.011973           0.120901E-4        1.010523
        2.804000           0.156806E-4        1.011973           0.120907E-4        1.010524
        2.806000           0.156814E-4        1.011974           0.120913E-4        1.010524
        2.808000           0.156823E-4        1.011974           0.120919E-4        1.010524
        2.810000           0.156831E-4        1.011974           0.120924E-4        1.010524
        2.812000           0.156840E-4        1.011974           0.120930E-4        1.010525
        2.814000           0.156848E-4        1.011975           0.120936E-4        1.010525
        2.816000           0.156857E-4        1.011975           0.120942E-4        1.010525
        2.818000           0.156866E-4        1.011975           0.120948E-4        1.010525
        2.820000           0.156874E-4        1.011976           0.120953E-4        1.010526
        2.822000           0.156883E-4        1.011976           0.120959E-4        1.010526
        2.824000           0.156891E-4        1.011976           0.120965E-4        1.010526
        2.826000           0.156900E-4        1.011977           0.120971E-4        1.010526
        2.828000           0.156908E-4        1.011977           0.120977E-4        1.010527
        2.830000           0.156917E-4        1.011977           0.120983E-4        1.010527
        2.832000           0.156925E-4        1.011978           0.120988E-4        1.010527
        2.834000           0.156934E-4        1.011978           0.120994E-4        1.010527
        2.836000           0.156943E-4        1.011978           0.121000E-4        1.010528
        2.838000           0.156951E-4        1.011979           0.121006E-4        1.010528
        2.840000           0.156960E-4        1.011979           0.121012E-4        1.010528
        2.842000           0.156968E-4        1.011979           0.121017E-4        1.010528
        2.844000           0.156977E-4        1.011979           0.121023E-4        1.010529
        2.846000           0.156985E-4        1.011980           0.121029E-4        1.010529
        2.848000           0.156994E-4        1.011980           0.121035E-4        1.010529
        2.850000           0.157003E-4        1.011980           0.121041E-4        1.010529
        2.852000           0.157011E-4        1.011981           0.121046E-4        1.010530
        2.854000           0.157020E-4        1.011981           0.121052E-4        1.010530
        2.856000           0.157028E-4        1.011981           0.121058E-4        1.010530
        2.858000           0.157037E-4        1.011982           0.121064E-4        1.010530
        2.860000           0.157045E-4        1.011982           0.121070E-4        1.010530
        2.862000           0.157054E-4        1.011982           0.121075E-4        1.010531
        2.864000           0.157063E-4        1.011983           0.121081E-4        1.010531
        2.866000           0.157071E-4        1.011983           0.121087E-4        1.010531
        2.868000           0.157080E-4        1.011983           0.121093E-4        1.010531
        2.870000           0.157088E-4        1.011984           0.121099E-4        1.010532
        2.872000           0.157097E-4        1.011984           0.121105E-4        1.010532
        2.874000           0.157105E-4        1.011984           0.121110E-4        1.010532
        2.876000           0.157114E-4        1.011984           0.121116E-4        1.010532
        2.878000           0.157123E-4        1.011985           0.121122E-4        1.010533
        2.880000           0.157131E-4        1.011985           0.121128E-4        1.010533
        2.882000           0.157140E-4        1.011985           0.121133E-4        1.010533
        2.884000           0.157148E-4        1.011986           0.121139E-4        1.010533
        2.886000           0.157157E-4        1.011986           0.121145E-4        1.010534
        2.888000           0.157165E-4        1.011986           0.121151E-4        1.010534
        2.890000           0.157174E-4        1.011987           0.121156E-4        1.010534
        2.892000           0.157183E-4        1.011987           0.121162E-4        1.010534
        2.894000           0.157191E-4        1.011987           0.121168E-4        1.010535
        2.896000           0.157200E-4        1.011988           0.121174E-4        1.010535
        2.898000           0.157208E-4        1.011988           0.121180E-4        1.010535
        2.900000           0.157217E-4        1.011988           0.121186E-4        1.010535
        2.902000           0.157226E-4        1.011989           0.121191E-4        1.010536
        2.904000           0.157234E-4        1.011989           0.121197E-4        1.010536
        2.906000           0.157243E-4        1.011989           0.121203E-4        1.010536
        2.908000           0.157251E-4        1.011989           0.121209E-4        1.010536
        2.910000           0.157260E-4        1.011990           0.121215E-4        1.010537
        2.912000           0.157269E-4        1.011990           0.121221E-4        1.010537
        2.914000           0.157277E-4        1.011990           0.121226E-4        1.010537
        2.916000           0.157286E-4        1.011991           0.121232E-4        1.010537
        2.918000           0.157294E-4        1.011991           0.121238E-4        1.010538
        2.920000           0.157303E-4        1.011991           0.121244E-4        1.010538
        2.922000           0.157312E-4        1.011992           0.121250E-4        1.010538
        2.924000           0.157320E-4        1.011992           0.121256E-4        1.010538
        2.926000           0.157329E-4        1.011992           0.121261E-4        1.010538
        2.928000           0.157337E-4        1.011993           0.121267E-4        1.010539
        2.930000           0.157346E-4        1.011993           0.121273E-4        1.010539
        2.932000           0.157354E-4        1.011993           0.121279E-4        1.010539
        2.934000           0.157363E-4        1.011994           0.121285E-4        1.010539
        2.936000           0.157372E-4        1.011994           0.121291E-4        1.010540
        2.938000           0.157380E-4        1.011994           0.121296E-4        1.010540
        2.940000           0.157389E-4        1.011994           0.121302E-4        1.010540
        2.942000           0.157397E-4        1.011995           0.121308E-4        1.010540
        2.944000           0.157406E-4        1.011995           0.121314E-4        1.010541
        2.946000           0.157415E-4        1.011995           0.121320E-4        1.010541
        2.948000           0.157423E-4        1.011996           0.121325E-4        1.010541
        2.950000           0.157432E-4        1.011996           0.121331E-4        1.010541
        2.952000           0.157441E-4        1.011996           0.121337E-4        1.010542
        2.954000           0.157449E-4        1.011997           0.121343E-4        1.010542
        2.956000           0.157458E-4        1.011997           0.121349E-4        1.010542
        2.958000           0.157466E-4        1.011997           0.121355E-4        1.010542
        2.960000           0.157475E-4        1.011998           0.121361E-4        1.010543
        2.962000           0.157484E-4        1.011998           0.121366E-4        1.010543
        2.964000           0.157492E-4        1.011998           0.121372E-4        1.010543
        2.966000           0.157501E-4        1.011999           0.121378E-4        1.010543
        2.968000           0.157509E-4        1.011999           0.121384E-4        1.010544
        2.970000           0.157518E-4        1.011999           0.121390E-4        1.010544
        2.972000           0.157527E-4        1.012000           0.121395E-4        1.010544
        2.974000           0.157535E-4        1.012000           0.121401E-4        1.010544
        2.976000           0.157544E-4        1.012000           0.121407E-4        1.010545
        2.978000           0.157552E-4        1.012000           0.121413E-4        1.010545
        2.980000           0.157561E-4        1.012001           0.121419E-4        1.010545
        2.982000           0.157570E-4        1.012001           0.121425E-4        1.010545
        2.984000           0.157578E-4        1.012001           0.121431E-4        1.010545
        2.986000           0.157587E-4        1.012002           0.121436E-4        1.010546
        2.988000           0.157596E-4        1.012002           0.121442E-4        1.010546
        2.990000           0.157604E-4        1.012002           0.121448E-4        1.010546
        2.992000           0.157613E-4        1.012003           0.121454E-4        1.010546
        2.994000           0.157621E-4        1.012003           0.121459E-4        1.010547
        2.996000           0.157630E-4        1.012003           0.121465E-4        1.010547
        2.998000           0.157639E-4        1.012004           0.121471E-4        1.010547
        3.000000           0.157647E-4        1.012004           0.121477E-4        1.010547
        3.002000           0.157656E-4        1.012004           0.121483E-4        1.010548
        3.004000           0.157664E-4        1.012005           0.121489E-4        1.010548
        3.006000           0.157673E-4        1.012005           0.121495E-4        1.010548
        3.008000           0.157682E-4        1.012005           0.121501E-4        1.010548
        3.010000           0.157690E-4        1.012006           0.121507E-4        1.010549
        3.012000           0.157699E-4        1.012006           0.121512E-4        1.010549
        3.014000           0.157708E-4        1.012006           0.121518E-4        1.010549
        3.016000           0.157716E-4        1.012007           0.121524E-4        1.010549
        3.018000           0.157725E-4        1.012007           0.121530E-4        1.010550
        3.020000           0.157734E-4        1.012007           0.121536E-4        1.010550
        3.022000           0.157742E-4        1.012007           0.121542E-4        1.010550
        3.024000           0.157751E-4        1.012008           0.121547E-4        1.010550
        3.026000           0.157759E-4        1.012008           0.121553E-4        1.010551
        3.028000           0.157768E-4        1.012008           0.121559E-4        1.010551
        3.030000           0.157777E-4        1.012009           0.121565E-4        1.010551
        3.032000           0.157785E-4        1.012009           0.121571E-4        1.010551
        3.034000           0.157794E-4        1.012009           0.121577E-4        1.010552
        3.036000           0.157803E-4        1.012010           0.121582E-4        1.010552
        3.038000           0.157811E-4        1.012010           0.121588E-4        1.010552
        3.040000           0.157820E-4        1.012010           0.121594E-4        1.010552
        3.042000           0.157829E-4        1.012011           0.121600E-4        1.010553
        3.044000           0.157837E-4        1.012011           0.121606E-4        1.010553
        3.046000           0.157846E-4        1.012011           0.121612E-4        1.010553
        3.048000           0.157854E-4        1.012012           0.121618E-4        1.010553
        3.050000           0.157863E-4        1.012012           0.121623E-4        1.010553
        3.052000           0.157872E-4        1.012012           0.121629E-4        1.010554
        3.054000           0.157880E-4        1.012012           0.121635E-4        1.010554
        3.056000           0.157889E-4        1.012013           0.121641E-4        1.010554
        3.058000           0.157898E-4        1.012013           0.121647E-4        1.010555
        3.060000           0.157906E-4        1.012013           0.121652E-4        1.010555
        3.062000           0.157915E-4        1.012014           0.121658E-4        1.010555
        3.064000           0.157924E-4        1.012014           0.121664E-4        1.010555
        3.066000           0.157932E-4        1.012014           0.121670E-4        1.010556
        3.068000           0.157941E-4        1.012015           0.121676E-4        1.010556
        3.070000           0.157950E-4        1.012015           0.121682E-4        1.010556
        3.072000           0.157958E-4        1.012015           0.121688E-4        1.010556
        3.074000           0.157967E-4        1.012016           0.121694E-4        1.010556
        3.076000           0.157975E-4        1.012016           0.121699E-4        1.010557
        3.078000           0.157984E-4        1.012016           0.121705E-4        1.010557
        3.080000           0.157993E-4        1.012017           0.121711E-4        1.010557
        3.082000           0.158001E-4        1.012017           0.121717E-4        1.010557
        3.084000           0.158010E-4        1.012017           0.121723E-4        1.010558
        3.086000           0.158019E-4        1.012017           0.121729E-4        1.010558
        3.088000           0.158027E-4        1.012018           0.121734E-4        1.010558
        3.090000           0.158036E-4        1.012018           0.121740E-4        1.010558
        3.092000           0.158045E-4        1.012018           0.121746E-4        1.010559
        3.094000           0.158053E-4        1.012019           0.121752E-4        1.010559
        3.096000           0.158062E-4        1.012019           0.121758E-4        1.010559
        3.098000           0.158071E-4        1.012019           0.121764E-4        1.010559
        3.100000           0.158079E-4        1.012020           0.121770E-4        1.010560
        3.102000           0.158088E-4        1.012020           0.121776E-4        1.010560
        3.104000           0.158097E-4        1.012020           0.121781E-4        1.010560
        3.106000           0.158105E-4        1.012021           0.121787E-4        1.010560
        3.108000           0.158114E-4        1.012021           0.121793E-4        1.010561
        3.110000           0.158123E-4        1.012021           0.121799E-4        1.010561
        3.112000           0.158131E-4        1.012022           0.121805E-4        1.010561
        3.114000           0.158140E-4        1.012022           0.121811E-4        1.010561
        3.116000           0.158149E-4        1.012022           0.121816E-4        1.010562
        3.118000           0.158157E-4        1.012023           0.121822E-4        1.010562
        3.120000           0.158166E-4        1.012023           0.121828E-4        1.010562
        3.122000           0.158175E-4        1.012023           0.121834E-4        1.010562
        3.124000           0.158183E-4        1.012024           0.121840E-4        1.010563
        3.126000           0.158192E-4        1.012024           0.121846E-4        1.010563
        3.128000           0.158201E-4        1.012024           0.121852E-4        1.010563
        3.130000           0.158209E-4        1.012025           0.121857E-4        1.010563
        3.132000           0.158218E-4        1.012025           0.121863E-4        1.010563
        3.134000           0.158227E-4        1.012025           0.121869E-4        1.010564
        3.136000           0.158235E-4        1.012025           0.121875E-4        1.010564
        3.138000           0.158244E-4        1.012026           0.121881E-4        1.010564
        3.140000           0.158253E-4        1.012026           0.121887E-4        1.010564
        3.142000           0.158261E-4        1.012026           0.121893E-4        1.010565
        3.144000           0.158270E-4        1.012027           0.121899E-4        1.010565
        3.146000           0.158279E-4        1.012027           0.121905E-4        1.010565
        3.148000           0.158287E-4        1.012027           0.121910E-4        1.010566
        3.150000           0.158296E-4        1.012028           0.121916E-4        1.010566
        3.152000           0.158305E-4        1.012028           0.121922E-4        1.010566
        3.154000           0.158313E-4        1.012028           0.121928E-4        1.010566
        3.156000           0.158322E-4        1.012029           0.121934E-4        1.010566
        3.158000           0.158331E-4        1.012029           0.121940E-4        1.010567
        3.160000           0.158339E-4        1.012029           0.121946E-4        1.010567
        3.162000           0.158348E-4        1.012030           0.121951E-4        1.010567
        3.164000           0.158357E-4        1.012030           0.121957E-4        1.010567
        3.166000           0.158365E-4        1.012030           0.121963E-4        1.010568
        3.168000           0.158374E-4        1.012030           0.121969E-4        1.010568
        3.170000           0.158383E-4        1.012031           0.121975E-4        1.010568
        3.172000           0.158392E-4        1.012031           0.121981E-4        1.010568
        3.174000           0.158400E-4        1.012031           0.121987E-4        1.010569
        3.176000           0.158409E-4        1.012032           0.121993E-4        1.010569
        3.178000           0.158418E-4        1.012032           0.121998E-4        1.010569
        3.180000           0.158426E-4        1.012032           0.122004E-4        1.010569
        3.182000           0.158435E-4        1.012033           0.122010E-4        1.010570
        3.184000           0.158444E-4        1.012033           0.122016E-4        1.010570
        3.186000           0.158452E-4        1.012033           0.122022E-4        1.010570
        3.188000           0.158461E-4        1.012034           0.122028E-4        1.010570
        3.190000           0.158470E-4        1.012034           0.122034E-4        1.010571
        3.192000           0.158478E-4        1.012034           0.122040E-4        1.010571
        3.194000           0.158487E-4        1.012035           0.122046E-4        1.010571
        3.196000           0.158496E-4        1.012035           0.122051E-4        1.010571
        3.198000           0.158505E-4        1.012035           0.122057E-4        1.010572
        3.200000           0.158513E-4        1.012036           0.122063E-4        1.010572
        3.202000           0.158522E-4        1.012036           0.122069E-4        1.010572
        3.204000           0.158531E-4        1.012036           0.122075E-4        1.010572
        3.206000           0.158539E-4        1.012037           0.122081E-4        1.010573
        3.208000           0.158548E-4        1.012037           0.122087E-4        1.010573
        3.210000           0.158557E-4        1.012037           0.122093E-4        1.010573
        3.212000           0.158565E-4        1.012038           0.122098E-4        1.010573
        3.214000           0.158574E-4        1.012038           0.122104E-4        1.010574
        3.216000           0.158583E-4        1.012038           0.122110E-4        1.010574
        3.218000           0.158592E-4        1.012038           0.122116E-4        1.010574
        3.220000           0.158600E-4        1.012039           0.122122E-4        1.010574
        3.222000           0.158609E-4        1.012039           0.122128E-4        1.010574
        3.224000           0.158618E-4        1.012039           0.122134E-4        1.010575
        3.226000           0.158626E-4        1.012040           0.122140E-4        1.010575
        3.228000           0.158635E-4        1.012040           0.122146E-4        1.010575
        3.230000           0.158644E-4        1.012040           0.122151E-4        1.010575
        3.232000           0.158652E-4        1.012041           0.122157E-4        1.010576
        3.234000           0.158661E-4        1.012041           0.122163E-4        1.010576
        3.236000           0.158670E-4        1.012041           0.122169E-4        1.010576
        3.238000           0.158679E-4        1.012042           0.122175E-4        1.010576
        3.240000           0.158687E-4        1.012042           0.122181E-4        1.010577
        3.242000           0.158696E-4        1.012042           0.122187E-4        1.010577
        3.244000           0.158705E-4        1.012043           0.122193E-4        1.010577
        3.246000           0.158713E-4        1.012043           0.122199E-4        1.010577
        3.248000           0.158722E-4        1.012043           0.122204E-4        1.010578
        3.250000           0.158731E-4        1.012043           0.122210E-4        1.010578
        3.252000           0.158740E-4        1.012044           0.122216E-4        1.010578
        3.254000           0.158748E-4        1.012044           0.122222E-4        1.010578
        3.256000           0.158757E-4        1.012044           0.122228E-4        1.010579
        3.258000           0.158766E-4        1.012045           0.122234E-4        1.010579
        3.260000           0.158774E-4        1.012045           0.122240E-4        1.010579
        3.262000           0.158783E-4        1.012045           0.122246E-4        1.010579
        3.264000           0.158792E-4        1.012046           0.122252E-4        1.010580
        3.266000           0.158801E-4        1.012046           0.122257E-4        1.010580
        3.268000           0.158809E-4        1.012046           0.122263E-4        1.010580
        3.270000           0.158818E-4        1.012047           0.122269E-4        1.010580
        3.272000           0.158827E-4        1.012047           0.122275E-4        1.010581
        3.274000           0.158836E-4        1.012047           0.122281E-4        1.010581
        3.276000           0.158844E-4        1.012048           0.122287E-4        1.010581
        3.278000           0.158853E-4        1.012048           0.122293E-4        1.010581
        3.280000           0.158862E-4        1.012048           0.122299E-4        1.010582
        3.282000           0.158870E-4        1.012049           0.122305E-4        1.010582
        3.284000           0.158879E-4        1.012049           0.122311E-4        1.010582
        3.286000           0.158888E-4        1.012049           0.122316E-4        1.010582
        3.288000           0.158897E-4        1.012050           0.122322E-4        1.010583
        3.290000           0.158905E-4        1.012050           0.122328E-4        1.010583
        3.292000           0.158914E-4        1.012050           0.122334E-4        1.010583
        3.294000           0.158923E-4        1.012051           0.122340E-4        1.010583
        3.296000           0.158932E-4        1.012051           0.122346E-4        1.010584
        3.298000           0.158940E-4        1.012051           0.122352E-4        1.010584
        3.300000           0.158949E-4        1.012051           0.122358E-4        1.010584
        3.302000           0.158958E-4        1.012052           0.122364E-4        1.010584
        3.304000           0.158966E-4        1.012052           0.122370E-4        1.010584
        3.306000           0.158975E-4        1.012052           0.122376E-4        1.010585
        3.308000           0.158984E-4        1.012053           0.122381E-4        1.010585
        3.310000           0.158993E-4        1.012053           0.122387E-4        1.010585
        3.312000           0.159001E-4        1.012053           0.122393E-4        1.010586
        3.314000           0.159010E-4        1.012054           0.122399E-4        1.010586
        3.316000           0.159019E-4        1.012054           0.122405E-4        1.010586
        3.318000           0.159028E-4        1.012054           0.122411E-4        1.010586
        3.320000           0.159036E-4        1.012055           0.122417E-4        1.010587
        3.322000           0.159045E-4        1.012055           0.122423E-4        1.010587
        3.324000           0.159054E-4        1.012055           0.122429E-4        1.010587
        3.326000           0.159063E-4        1.012056           0.122435E-4        1.010587
        3.328000           0.159071E-4        1.012056           0.122440E-4        1.010587
        3.330000           0.159080E-4        1.012056           0.122446E-4        1.010588
        3.332000           0.159089E-4        1.012057           0.122452E-4        1.010588
        3.334000           0.159098E-4        1.012057           0.122458E-4        1.010588
        3.336000           0.159106E-4        1.012057           0.122464E-4        1.010588
        3.338000           0.159115E-4        1.012058           0.122470E-4        1.010589
        3.340000           0.159124E-4        1.012058           0.122476E-4        1.010589
        3.342000           0.159133E-4        1.012058           0.122482E-4        1.010589
        3.344000           0.159141E-4        1.012058           0.122488E-4        1.010589
        3.346000           0.159150E-4        1.012059           0.122494E-4        1.010590
        3.348000           0.159159E-4        1.012059           0.122499E-4        1.010590
        3.350000           0.159168E-4        1.012059           0.122505E-4        1.010590
        3.352000           0.159176E-4        1.012060           0.122511E-4        1.010590
        3.354000           0.159185E-4        1.012060           0.122517E-4        1.010591
        3.356000           0.159194E-4        1.012060           0.122523E-4        1.010591
        3.358000           0.159203E-4        1.012061           0.122529E-4        1.010591
        3.360000           0.159211E-4        1.012061           0.122535E-4        1.010591
        3.362000           0.159220E-4        1.012061           0.122541E-4        1.010592
        3.364000           0.159229E-4        1.012062           0.122547E-4        1.010592
        3.366000           0.159238E-4        1.012062           0.122553E-4        1.010592
        3.368000           0.159246E-4        1.012062           0.122559E-4        1.010592
        3.370000           0.159255E-4        1.012063           0.122565E-4        1.010593
        3.372000           0.159264E-4        1.012063           0.122571E-4        1.010593
        3.374000           0.159273E-4        1.012063           0.122577E-4        1.010593
        3.376000           0.159281E-4        1.012064           0.122583E-4        1.010593
        3.378000           0.159290E-4        1.012064           0.122588E-4        1.010594
        3.380000           0.159299E-4        1.012064           0.122594E-4        1.010594
        3.382000           0.159308E-4        1.012064           0.122600E-4        1.010594
        3.384000           0.159316E-4        1.012065           0.122606E-4        1.010594
        3.386000           0.159325E-4        1.012065           0.122612E-4        1.010595
        3.388000           0.159334E-4        1.012065           0.122618E-4        1.010595
        3.390000           0.159343E-4        1.012066           0.122624E-4        1.010595
        3.392000           0.159352E-4        1.012066           0.122630E-4        1.010595
        3.394000           0.159360E-4        1.012066           0.122636E-4        1.010596
        3.396000           0.159369E-4        1.012067           0.122642E-4        1.010596
        3.398000           0.159378E-4        1.012067           0.122648E-4        1.010596
        3.400000           0.159387E-4        1.012067           0.122653E-4        1.010596
        3.402000           0.159395E-4        1.012068           0.122659E-4        1.010597
        3.404000           0.159404E-4        1.012068           0.122665E-4        1.010597
        3.406000           0.159413E-4        1.012068           0.122671E-4        1.010597
        3.408000           0.159422E-4        1.012069           0.122677E-4        1.010597
        3.410000           0.159430E-4        1.012069           0.122683E-4        1.010597
        3.412000           0.159439E-4        1.012069           0.122689E-4        1.010598
        3.414000           0.159448E-4        1.012070           0.122695E-4        1.010598
        3.416000           0.159457E-4        1.012070           0.122701E-4        1.010598
        3.418000           0.159466E-4        1.012070           0.122707E-4        1.010598
        3.420000           0.159474E-4        1.012071           0.122713E-4        1.010599
        3.422000           0.159483E-4        1.012071           0.122719E-4        1.010599
        3.424000           0.159492E-4        1.012071           0.122725E-4        1.010599
        3.426000           0.159501E-4        1.012071           0.122731E-4        1.010599
        3.428000           0.159509E-4        1.012072           0.122737E-4        1.010600
        3.430000           0.159518E-4        1.012072           0.122742E-4        1.010600
        3.432000           0.159527E-4        1.012072           0.122748E-4        1.010600
        3.434000           0.159536E-4        1.012073           0.122754E-4        1.010600
        3.436000           0.159545E-4        1.012073           0.122760E-4        1.010601
        3.438000           0.159553E-4        1.012073           0.122766E-4        1.010601
        3.440000           0.159562E-4        1.012074           0.122772E-4        1.010601
        3.442000           0.159571E-4        1.012074           0.122778E-4        1.010601
        3.444000           0.159580E-4        1.012074           0.122784E-4        1.010602
        3.446000           0.159589E-4        1.012075           0.122790E-4        1.010602
        3.448000           0.159597E-4        1.012075           0.122796E-4        1.010602
        3.450000           0.159606E-4        1.012075           0.122802E-4        1.010602
        3.452000           0.159615E-4        1.012076           0.122808E-4        1.010603
        3.454000           0.159624E-4        1.012076           0.122814E-4        1.010603
        3.456000           0.159633E-4        1.012076           0.122820E-4        1.010603
        3.458000           0.159641E-4        1.012077           0.122826E-4        1.010603
        3.460000           0.159650E-4        1.012077           0.122832E-4        1.010604
        3.462000           0.159659E-4        1.012077           0.122838E-4        1.010604
        3.464000           0.159668E-4        1.012078           0.122843E-4        1.010604
        3.466000           0.159676E-4        1.012078           0.122849E-4        1.010604
        3.468000           0.159685E-4        1.012078           0.122855E-4        1.010605
        3.470000           0.159694E-4        1.012079           0.122861E-4        1.010605
        3.472000           0.159703E-4        1.012079           0.122867E-4        1.010605
        3.474000           0.159712E-4        1.012079           0.122873E-4        1.010605
        3.476000           0.159720E-4        1.012079           0.122879E-4        1.010606
        3.478000           0.159729E-4        1.012080           0.122885E-4        1.010606
        3.480000           0.159738E-4        1.012080           0.122891E-4        1.010606
        3.482000           0.159747E-4        1.012080           0.122897E-4        1.010606
        3.483999           0.159756E-4        1.012081           0.122903E-4        1.010607
        3.486000           0.159764E-4        1.012081           0.122909E-4        1.010607
        3.488000           0.159773E-4        1.012081           0.122915E-4        1.010607
        3.490000           0.159782E-4        1.012082           0.122921E-4        1.010607
        3.492000           0.159791E-4        1.012082           0.122927E-4        1.010608
        3.493999           0.159800E-4        1.012082           0.122933E-4        1.010608
        3.496000           0.159808E-4        1.012083           0.122938E-4        1.010608
        3.498000           0.159817E-4        1.012083           0.122944E-4        1.010608
        3.500000           0.159826E-4        1.012083           0.122950E-4        1.010609
        3.502000           0.159835E-4        1.012084           0.122956E-4        1.010609
        3.503999           0.159844E-4        1.012084           0.122962E-4        1.010609
        3.506000           0.159852E-4        1.012084           0.122968E-4        1.010609
        3.508000           0.159861E-4        1.012085           0.122974E-4        1.010610
        3.510000           0.159870E-4        1.012085           0.122980E-4        1.010610
        3.512000           0.159879E-4        1.012085           0.122986E-4        1.010610
        3.514000           0.159888E-4        1.012086           0.122992E-4        1.010610
        3.516000           0.159897E-4        1.012086           0.122998E-4        1.010610
        3.518000           0.159905E-4        1.012086           0.123004E-4        1.010611
        3.520000           0.159914E-4        1.012087           0.123010E-4        1.010611
        3.522000           0.159923E-4        1.012087           0.123016E-4        1.010611
        3.524000           0.159932E-4        1.012087           0.123022E-4        1.010612
        3.526000           0.159941E-4        1.012087           0.123028E-4        1.010612
        3.528000           0.159949E-4        1.012088           0.123034E-4        1.010612
        3.530000           0.159958E-4        1.012088           0.123040E-4        1.010612
        3.532000           0.159967E-4        1.012088           0.123045E-4        1.010612
        3.534000           0.159976E-4        1.012089           0.123051E-4        1.010613
        3.536000           0.159985E-4        1.012089           0.123057E-4        1.010613
        3.538000           0.159994E-4        1.012089           0.123063E-4        1.010613
        3.540000           0.160002E-4        1.012090           0.123069E-4        1.010613
        3.542000           0.160011E-4        1.012090           0.123075E-4        1.010614
        3.544000           0.160020E-4        1.012090           0.123081E-4        1.010614
        3.546000           0.160029E-4        1.012091           0.123087E-4        1.010614
        3.548000           0.160038E-4        1.012091           0.123093E-4        1.010614
        3.550000           0.160046E-4        1.012091           0.123099E-4        1.010615
        3.552000           0.160055E-4        1.012092           0.123105E-4        1.010615
        3.554000           0.160064E-4        1.012092           0.123111E-4        1.010615
        3.556000           0.160073E-4        1.012092           0.123117E-4        1.010615
        3.558000           0.160082E-4        1.012093           0.123123E-4        1.010616
        3.560000           0.160091E-4        1.012093           0.123129E-4        1.010616
        3.562000           0.160099E-4        1.012093           0.123135E-4        1.010616
        3.564000           0.160108E-4        1.012094           0.123141E-4        1.010616
        3.566000           0.160117E-4        1.012094           0.123147E-4        1.010617
        3.568000           0.160126E-4        1.012094           0.123153E-4        1.010617
        3.570000           0.160135E-4        1.012094           0.123159E-4        1.010617
        3.572000           0.160144E-4        1.012095           0.123165E-4        1.010617
        3.574000           0.160152E-4        1.012095           0.123171E-4        1.010618
        3.576000           0.160161E-4        1.012095           0.123177E-4        1.010618
        3.578000           0.160170E-4        1.012096           0.123183E-4        1.010618
        3.580000           0.160179E-4        1.012096           0.123189E-4        1.010618
        3.582000           0.160188E-4        1.012096           0.123195E-4        1.010619
        3.584000           0.160197E-4        1.012097           0.123200E-4        1.010619
        3.586000           0.160205E-4        1.012097           0.123207E-4        1.010619
        3.588000           0.160214E-4        1.012097           0.123212E-4        1.010619
        3.590000           0.160223E-4        1.012098           0.123219E-4        1.010620
        3.592000           0.160232E-4        1.012098           0.123224E-4        1.010620
        3.594000           0.160241E-4        1.012098           0.123230E-4        1.010620
        3.596000           0.160250E-4        1.012099           0.123236E-4        1.010620
        3.598000           0.160259E-4        1.012099           0.123242E-4        1.010621
        3.600000           0.160267E-4        1.012099           0.123248E-4        1.010621
        3.602000           0.160276E-4        1.012100           0.123254E-4        1.010621
        3.604000           0.160285E-4        1.012100           0.123260E-4        1.010621
        3.605999           0.160294E-4        1.012100           0.123266E-4        1.010622
        3.608000           0.160303E-4        1.012101           0.123272E-4        1.010622
        3.610000           0.160312E-4        1.012101           0.123278E-4        1.010622
        3.612000           0.160320E-4        1.012101           0.123284E-4        1.010622
        3.614000           0.160329E-4        1.012102           0.123290E-4        1.010623
        3.615999           0.160338E-4        1.012102           0.123296E-4        1.010623
        3.618000           0.160347E-4        1.012102           0.123302E-4        1.010623
        3.620000           0.160356E-4        1.012102           0.123308E-4        1.010623
        3.622000           0.160365E-4        1.012103           0.123314E-4        1.010624
        3.624000           0.160374E-4        1.012103           0.123320E-4        1.010624
        3.625999           0.160382E-4        1.012104           0.123326E-4        1.010624
        3.628000           0.160391E-4        1.012104           0.123332E-4        1.010624
        3.630000           0.160400E-4        1.012104           0.123338E-4        1.010625
        3.632000           0.160409E-4        1.012105           0.123344E-4        1.010625
        3.634000           0.160418E-4        1.012105           0.123350E-4        1.010625
        3.636000           0.160427E-4        1.012105           0.123356E-4        1.010625
        3.638000           0.160436E-4        1.012105           0.123362E-4        1.010625
        3.640000           0.160444E-4        1.012106           0.123368E-4        1.010626
        3.642000           0.160453E-4        1.012106           0.123374E-4        1.010626
        3.644000           0.160462E-4        1.012106           0.123380E-4        1.010626
        3.646000           0.160471E-4        1.012107           0.123386E-4        1.010627
        3.648000           0.160480E-4        1.012107           0.123392E-4        1.010627
        3.650000           0.160489E-4        1.012107           0.123398E-4        1.010627
        3.652000           0.160498E-4        1.012108           0.123404E-4        1.010627
        3.654000           0.160506E-4        1.012108           0.123410E-4        1.010628
        3.656000           0.160515E-4        1.012108           0.123415E-4        1.010628
        3.658000           0.160524E-4        1.012109           0.123421E-4        1.010628
        3.660000           0.160533E-4        1.012109           0.123427E-4        1.010628
        3.662000           0.160542E-4        1.012109           0.123433E-4        1.010628
        3.664000           0.160551E-4        1.012110           0.123439E-4        1.010629
        3.666000           0.160560E-4        1.012110           0.123445E-4        1.010629
        3.668000           0.160569E-4        1.012110           0.123451E-4        1.010629
        3.670000           0.160577E-4        1.012111           0.123458E-4        1.010630
        3.672000           0.160586E-4        1.012111           0.123463E-4        1.010630
        3.674000           0.160595E-4        1.012111           0.123469E-4        1.010630
        3.676000           0.160604E-4        1.012112           0.123475E-4        1.010630
        3.678000           0.160613E-4        1.012112           0.123482E-4        1.010630
        3.680000           0.160622E-4        1.012112           0.123488E-4        1.010631
        3.682000           0.160631E-4        1.012112           0.123494E-4        1.010631
        3.684000           0.160640E-4        1.012113           0.123500E-4        1.010631
        3.686000           0.160648E-4        1.012113           0.123505E-4        1.010631
        3.688000           0.160657E-4        1.012113           0.123511E-4        1.010632
        3.690000           0.160666E-4        1.012114           0.123518E-4        1.010632
        3.692000           0.160675E-4        1.012114           0.123523E-4        1.010632
        3.694000           0.160684E-4        1.012114           0.123529E-4        1.010632
        3.696000           0.160693E-4        1.012115           0.123536E-4        1.010633
        3.698000           0.160702E-4        1.012115           0.123541E-4        1.010633
        3.700000           0.160711E-4        1.012115           0.123547E-4        1.010633
        3.702000           0.160719E-4        1.012116           0.123553E-4        1.010633
        3.704000           0.160728E-4        1.012116           0.123559E-4        1.010634
        3.706000           0.160737E-4        1.012116           0.123565E-4        1.010634
        3.708000           0.160746E-4        1.012117           0.123571E-4        1.010634
        3.710000           0.160755E-4        1.012117           0.123577E-4        1.010634
        3.712000           0.160764E-4        1.012117           0.123583E-4        1.010635
        3.714000           0.160773E-4        1.012118           0.123589E-4        1.010635
        3.716000           0.160782E-4        1.012118           0.123595E-4        1.010635
        3.717999           0.160791E-4        1.012118           0.123601E-4        1.010635
        3.720000           0.160799E-4        1.012119           0.123607E-4        1.010636
        3.722000           0.160808E-4        1.012119           0.123613E-4        1.010636
        3.724000           0.160817E-4        1.012119           0.123619E-4        1.010636
        3.726000           0.160826E-4        1.012120           0.123625E-4        1.010636
        3.727999           0.160835E-4        1.012120           0.123631E-4        1.010637
        3.730000           0.160844E-4        1.012120           0.123637E-4        1.010637
        3.732000           0.160853E-4        1.012120           0.123643E-4        1.010637
        3.734000           0.160862E-4        1.012121           0.123649E-4        1.010637
        3.736000           0.160871E-4        1.012121           0.123655E-4        1.010638
        3.737999           0.160879E-4        1.012121           0.123661E-4        1.010638
        3.740000           0.160888E-4        1.012122           0.123667E-4        1.010638
        3.742000           0.160897E-4        1.012122           0.123673E-4        1.010638
        3.744000           0.160906E-4        1.012123           0.123679E-4        1.010639
        3.746000           0.160915E-4        1.012123           0.123685E-4        1.010639
        3.748000           0.160924E-4        1.012123           0.123691E-4        1.010639
        3.750000           0.160933E-4        1.012123           0.123697E-4        1.010639
        3.752000           0.160942E-4        1.012124           0.123703E-4        1.010640
        3.754000           0.160951E-4        1.012124           0.123709E-4        1.010640
        3.756000           0.160960E-4        1.012124           0.123715E-4        1.010640
        3.758000           0.160969E-4        1.012125           0.123721E-4        1.010640
        3.760000           0.160977E-4        1.012125           0.123728E-4        1.010641
        3.762000           0.160986E-4        1.012125           0.123733E-4        1.010641
        3.764000           0.160995E-4        1.012126           0.123740E-4        1.010641
        3.766000           0.161004E-4        1.012126           0.123745E-4        1.010641
        3.768000           0.161013E-4        1.012126           0.123751E-4        1.010642
        3.770000           0.161022E-4        1.012127           0.123757E-4        1.010642
        3.772000           0.161031E-4        1.012127           0.123763E-4        1.010642
        3.774000           0.161040E-4        1.012127           0.123769E-4        1.010642
        3.776000           0.161049E-4        1.012128           0.123775E-4        1.010643
        3.778000           0.161058E-4        1.012128           0.123781E-4        1.010643
        3.780000           0.161067E-4        1.012128           0.123787E-4        1.010643
        3.782000           0.161075E-4        1.012129           0.123793E-4        1.010643
        3.784000           0.161084E-4        1.012129           0.123799E-4        1.010644
        3.786000           0.161093E-4        1.012129           0.123805E-4        1.010644
        3.788000           0.161102E-4        1.012130           0.123811E-4        1.010644
        3.790000           0.161111E-4        1.012130           0.123818E-4        1.010644
        3.792000           0.161120E-4        1.012130           0.123824E-4        1.010645
        3.794000           0.161129E-4        1.012130           0.123830E-4        1.010645
        3.796000           0.161138E-4        1.012131           0.123836E-4        1.010645
        3.798000           0.161147E-4        1.012131           0.123841E-4        1.010645
        3.800000           0.161156E-4        1.012131           0.123848E-4        1.010646
        3.802000           0.161165E-4        1.012132           0.123853E-4        1.010646
        3.804000           0.161174E-4        1.012132           0.123860E-4        1.010646
        3.806000           0.161182E-4        1.012132           0.123866E-4        1.010646
        3.808000           0.161191E-4        1.012133           0.123872E-4        1.010647
        3.810000           0.161200E-4        1.012133           0.123878E-4        1.010647
        3.812000           0.161209E-4        1.012133           0.123884E-4        1.010647
        3.814000           0.161218E-4        1.012134           0.123890E-4        1.010647
        3.816000           0.161227E-4        1.012134           0.123896E-4        1.010648
        3.818000           0.161236E-4        1.012134           0.123902E-4        1.010648
        3.820000           0.161245E-4        1.012135           0.123908E-4        1.010648
        3.822000           0.161254E-4        1.012135           0.123914E-4        1.010648
        3.824000           0.161263E-4        1.012135           0.123920E-4        1.010648
        3.826000           0.161272E-4        1.012136           0.123926E-4        1.010649
        3.828000           0.161281E-4        1.012136           0.123932E-4        1.010649
        3.830000           0.161290E-4        1.012136           0.123938E-4        1.010649
        3.832000           0.161299E-4        1.012137           0.123944E-4        1.010650
        3.834000           0.161307E-4        1.012137           0.123950E-4        1.010650
        3.836000           0.161316E-4        1.012137           0.123956E-4        1.010650
        3.838000           0.161325E-4        1.012138           0.123962E-4        1.010650
        3.839999           0.161334E-4        1.012138           0.123968E-4        1.010651
        3.842000           0.161343E-4        1.012138           0.123974E-4        1.010651
        3.844000           0.161352E-4        1.012139           0.123980E-4        1.010651
        3.846000           0.161361E-4        1.012139           0.123986E-4        1.010651
        3.848000           0.161370E-4        1.012139           0.123992E-4        1.010651
        3.849999           0.161379E-4        1.012140           0.123998E-4        1.010652
        3.852000           0.161388E-4        1.012140           0.124004E-4        1.010652
        3.854000           0.161397E-4        1.012140           0.124010E-4        1.010652
        3.856000           0.161406E-4        1.012141           0.124016E-4        1.010653
        3.858000           0.161415E-4        1.012141           0.124022E-4        1.010653
        3.860000           0.161424E-4        1.012141           0.124028E-4        1.010653
        3.862000           0.161433E-4        1.012141           0.124034E-4        1.010653
        3.864000           0.161442E-4        1.012142           0.124040E-4        1.010653
        3.866000           0.161450E-4        1.012142           0.124046E-4        1.010654
        3.868000           0.161459E-4        1.012142           0.124052E-4        1.010654
        3.870000           0.161468E-4        1.012143           0.124058E-4        1.010654
        3.872000           0.161477E-4        1.012143           0.124064E-4        1.010654
        3.874000           0.161486E-4        1.012143           0.124071E-4        1.010655
        3.876000           0.161495E-4        1.012144           0.124076E-4        1.010655
        3.878000           0.161504E-4        1.012144           0.124082E-4        1.010655
        3.880000           0.161513E-4        1.012144           0.124089E-4        1.010656
        3.882000           0.161522E-4        1.012145           0.124095E-4        1.010656
        3.884000           0.161531E-4        1.012145           0.124101E-4        1.010656
        3.886000           0.161540E-4        1.012145           0.124107E-4        1.010656
        3.888000           0.161549E-4        1.012146           0.124113E-4        1.010656
        3.890000           0.161558E-4        1.012146           0.124119E-4        1.010657
        3.892000           0.161567E-4        1.012146           0.124125E-4        1.010657
        3.894000           0.161576E-4        1.012147           0.124131E-4        1.010657
        3.896000           0.161585E-4        1.012147           0.124137E-4        1.010657
        3.898000           0.161594E-4        1.012147           0.124143E-4        1.010658
        3.900000           0.161603E-4        1.012148           0.124149E-4        1.010658
        3.902000           0.161612E-4        1.012148           0.124155E-4        1.010658
        3.904000           0.161621E-4        1.012148           0.124161E-4        1.010659
        3.906000           0.161630E-4        1.012149           0.124167E-4        1.010659
        3.908000           0.161639E-4        1.012149           0.124173E-4        1.010659
        3.910000           0.161647E-4        1.012149           0.124179E-4        1.010659
        3.912000           0.161656E-4        1.012150           0.124185E-4        1.010659
        3.914000           0.161665E-4        1.012150           0.124191E-4        1.010660
        3.916000           0.161674E-4        1.012150           0.124197E-4        1.010660
        3.918000           0.161683E-4        1.012151           0.124203E-4        1.010660
        3.920000           0.161692E-4        1.012151           0.124209E-4        1.010660
        3.922000           0.161701E-4        1.012151           0.124215E-4        1.010661
        3.924000           0.161710E-4        1.012151           0.124221E-4        1.010661
        3.926000           0.161719E-4        1.012152           0.124227E-4        1.010661
        3.928000           0.161728E-4        1.012152           0.124233E-4        1.010661
        3.930000           0.161737E-4        1.012152           0.124239E-4        1.010662
        3.932000           0.161746E-4        1.012153           0.124246E-4        1.010662
        3.934000           0.161755E-4        1.012153           0.124252E-4        1.010662
        3.936000           0.161764E-4        1.012153           0.124258E-4        1.010662
        3.938000           0.161773E-4        1.012154           0.124264E-4        1.010663
        3.940000           0.161782E-4        1.012154           0.124270E-4        1.010663
        3.942000           0.161791E-4        1.012154           0.124276E-4        1.010663
        3.944000           0.161800E-4        1.012155           0.124282E-4        1.010663
        3.946000           0.161809E-4        1.012155           0.124288E-4        1.010664
        3.948000           0.161818E-4        1.012155           0.124294E-4        1.010664
        3.950000           0.161827E-4        1.012156           0.124300E-4        1.010664
        3.951999           0.161836E-4        1.012156           0.124306E-4        1.010664
        3.954000           0.161845E-4        1.012156           0.124312E-4        1.010665
        3.956000           0.161854E-4        1.012157           0.124318E-4        1.010665
        3.958000           0.161863E-4        1.012157           0.124324E-4        1.010665
        3.960000           0.161872E-4        1.012157           0.124330E-4        1.010665
        3.961999           0.161881E-4        1.012158           0.124336E-4        1.010666
        3.964000           0.161890E-4        1.012158           0.124342E-4        1.010666
        3.966000           0.161899E-4        1.012158           0.124348E-4        1.010666
        3.968000           0.161908E-4        1.012159           0.124354E-4        1.010666
        3.970000           0.161917E-4        1.012159           0.124361E-4        1.010667
        3.972000           0.161926E-4        1.012159           0.124367E-4        1.010667
        3.974000           0.161935E-4        1.012160           0.124372E-4        1.010667
        3.976000           0.161944E-4        1.012160           0.124379E-4        1.010667
        3.978000           0.161953E-4        1.012160           0.124385E-4        1.010668
        3.980000           0.161962E-4        1.012161           0.124391E-4        1.010668
        3.982000           0.161971E-4        1.012161           0.124397E-4        1.010668
        3.984000           0.161980E-4        1.012161           0.124403E-4        1.010668
        3.986000           0.161989E-4        1.012161           0.124409E-4        1.010669
        3.988000           0.161998E-4        1.012162           0.124415E-4        1.010669
        3.990000           0.162007E-4        1.012162           0.124421E-4        1.010669
        3.992000           0.162016E-4        1.012162           0.124427E-4        1.010669
        3.994000           0.162025E-4        1.012163           0.124433E-4        1.010670
        3.996000           0.162034E-4        1.012163           0.124439E-4        1.010670
        3.998000           0.162043E-4        1.012164           0.124445E-4        1.010670
        4.000000           0.162052E-4        1.012164           0.124451E-4        1.010670
        4.002000           0.162061E-4        1.012164           0.124457E-4        1.010671
        4.004000           0.162070E-4        1.012164           0.124464E-4        1.010671
        4.006000           0.162079E-4        1.012165           0.124470E-4        1.010671
        4.008000           0.162088E-4        1.012165           0.124475E-4        1.010671
        4.010000           0.162097E-4        1.012165           0.124482E-4        1.010672
        4.012000           0.162106E-4        1.012166           0.124488E-4        1.010672
        4.013999           0.162115E-4        1.012166           0.124494E-4        1.010672
        4.016000           0.162124E-4        1.012166           0.124500E-4        1.010672
        4.018000           0.162133E-4        1.012167           0.124506E-4        1.010673
        4.020000           0.162142E-4        1.012167           0.124512E-4        1.010673
        4.022000           0.162151E-4        1.012167           0.124518E-4        1.010673
        4.024000           0.162160E-4        1.012168           0.124524E-4        1.010673
        4.026000           0.162169E-4        1.012168           0.124530E-4        1.010674
        4.028000           0.162178E-4        1.012168           0.124536E-4        1.010674
        4.030000           0.162187E-4        1.012169           0.124542E-4        1.010674
        4.032000           0.162196E-4        1.012169           0.124548E-4        1.010674
        4.033999           0.162205E-4        1.012169           0.124555E-4        1.010675
        4.036000           0.162214E-4        1.012170           0.124560E-4        1.010675
        4.038000           0.162223E-4        1.012170           0.124566E-4        1.010675
        4.040000           0.162232E-4        1.012170           0.124573E-4        1.010675
        4.042000           0.162241E-4        1.012171           0.124579E-4        1.010676
        4.044000           0.162250E-4        1.012171           0.124585E-4        1.010676
        4.046000           0.162259E-4        1.012171           0.124591E-4        1.010676
        4.048000           0.162268E-4        1.012172           0.124597E-4        1.010676
        4.050000           0.162277E-4        1.012172           0.124603E-4        1.010677
        4.052000           0.162286E-4        1.012172           0.124609E-4        1.010677
        4.053999           0.162295E-4        1.012173           0.124615E-4        1.010677
        4.056000           0.162304E-4        1.012173           0.124621E-4        1.010677
        4.058000           0.162313E-4        1.012173           0.124627E-4        1.010678
        4.060000           0.162322E-4        1.012174           0.124633E-4        1.010678
        4.062000           0.162331E-4        1.012174           0.124639E-4        1.010678
        4.064000           0.162340E-4        1.012174           0.124645E-4        1.010678
        4.066000           0.162349E-4        1.012174           0.124652E-4        1.010679
        4.068000           0.162358E-4        1.012175           0.124658E-4        1.010679
        4.070000           0.162367E-4        1.012175           0.124664E-4        1.010679
        4.072000           0.162376E-4        1.012175           0.124670E-4        1.010679
        4.073999           0.162385E-4        1.012176           0.124676E-4        1.010680
        4.076000           0.162394E-4        1.012176           0.124682E-4        1.010680
        4.078000           0.162403E-4        1.012176           0.124688E-4        1.010680
        4.080000           0.162412E-4        1.012177           0.124694E-4        1.010680
        4.082000           0.162421E-4        1.012177           0.124700E-4        1.010681
        4.084000           0.162430E-4        1.012177           0.124706E-4        1.010681
        4.085999           0.162439E-4        1.012178           0.124712E-4        1.010681
        4.087999           0.162448E-4        1.012178           0.124718E-4        1.010681
        4.090000           0.162457E-4        1.012178           0.124724E-4        1.010682
        4.092000           0.162466E-4        1.012179           0.124731E-4        1.010682
        4.094000           0.162475E-4        1.012179           0.124737E-4        1.010682
        4.096000           0.162484E-4        1.012179           0.124743E-4        1.010682
        4.098000           0.162493E-4        1.012180           0.124749E-4        1.010683
        4.100000           0.162502E-4        1.012180           0.124755E-4        1.010683
        4.102000           0.162512E-4        1.012180           0.124761E-4        1.010683
        4.104000           0.162521E-4        1.012181           0.124767E-4        1.010683
        4.105999           0.162530E-4        1.012181           0.124773E-4        1.010684
        4.107999           0.162539E-4        1.012181           0.124779E-4        1.010684
        4.110000           0.162548E-4        1.012182           0.124786E-4        1.010684
        4.112000           0.162557E-4        1.012182           0.124792E-4        1.010684
        4.114000           0.162566E-4        1.012182           0.124798E-4        1.010685
        4.116000           0.162575E-4        1.012183           0.124804E-4        1.010685
        4.118000           0.162584E-4        1.012183           0.124810E-4        1.010685
        4.120000           0.162593E-4        1.012183           0.124816E-4        1.010685
        4.122000           0.162602E-4        1.012184           0.124822E-4        1.010686
        4.124000           0.162611E-4        1.012184           0.124828E-4        1.010686
        4.125999           0.162620E-4        1.012184           0.124834E-4        1.010686
        4.128000           0.162629E-4        1.012185           0.124840E-4        1.010686
        4.130000           0.162638E-4        1.012185           0.124846E-4        1.010687
        4.131999           0.162647E-4        1.012185           0.124852E-4        1.010687
        4.134000           0.162656E-4        1.012186           0.124858E-4        1.010687
        4.136000           0.162665E-4        1.012186           0.124864E-4        1.010687
        4.138000           0.162674E-4        1.012186           0.124871E-4        1.010688
        4.140000           0.162683E-4        1.012187           0.124877E-4        1.010688
        4.142000           0.162692E-4        1.012187           0.124883E-4        1.010688
        4.144000           0.162701E-4        1.012187           0.124889E-4        1.010688
        4.145999           0.162710E-4        1.012187           0.124895E-4        1.010689
        4.148000           0.162720E-4        1.012188           0.124901E-4        1.010689
        4.150000           0.162729E-4        1.012188           0.124907E-4        1.010689
        4.151999           0.162738E-4        1.012188           0.124913E-4        1.010689
        4.154000           0.162747E-4        1.012189           0.124919E-4        1.010690
        4.156000           0.162756E-4        1.012189           0.124925E-4        1.010690
        4.158000           0.162765E-4        1.012190           0.124931E-4        1.010690
        4.160000           0.162774E-4        1.012190           0.124938E-4        1.010690
        4.162000           0.162783E-4        1.012190           0.124944E-4        1.010691
        4.164000           0.162792E-4        1.012190           0.124950E-4        1.010691
        4.165999           0.162801E-4        1.012191           0.124956E-4        1.010691
        4.168000           0.162810E-4        1.012191           0.124962E-4        1.010691
        4.170000           0.162819E-4        1.012191           0.124968E-4        1.010692
        4.172000           0.162828E-4        1.012192           0.124974E-4        1.010692
        4.174000           0.162837E-4        1.012192           0.124980E-4        1.010692
        4.176000           0.162846E-4        1.012192           0.124986E-4        1.010692
        4.178000           0.162855E-4        1.012193           0.124993E-4        1.010693
        4.180000           0.162865E-4        1.012193           0.124998E-4        1.010693
        4.182000           0.162874E-4        1.012193           0.125005E-4        1.010693
        4.184000           0.162883E-4        1.012194           0.125011E-4        1.010693
        4.185999           0.162892E-4        1.012194           0.125017E-4        1.010694
        4.188000           0.162901E-4        1.012194           0.125023E-4        1.010694
        4.190000           0.162910E-4        1.012195           0.125029E-4        1.010694
        4.192000           0.162919E-4        1.012195           0.125035E-4        1.010694
        4.194000           0.162928E-4        1.012195           0.125041E-4        1.010695
        4.196000           0.162937E-4        1.012196           0.125047E-4        1.010695
        4.198000           0.162946E-4        1.012196           0.125054E-4        1.010695
        4.199999           0.162955E-4        1.012196           0.125060E-4        1.010695
        4.202000           0.162964E-4        1.012197           0.125066E-4        1.010696
        4.204000           0.162973E-4        1.012197           0.125072E-4        1.010696
        4.206000           0.162983E-4        1.012197           0.125078E-4        1.010696
        4.208000           0.162992E-4        1.012198           0.125084E-4        1.010696
        4.210000           0.163001E-4        1.012198           0.125090E-4        1.010697
        4.212000           0.163010E-4        1.012198           0.125096E-4        1.010697
        4.214000           0.163019E-4        1.012199           0.125102E-4        1.010697
        4.216000           0.163028E-4        1.012199           0.125109E-4        1.010697
        4.217999           0.163037E-4        1.012199           0.125115E-4        1.010698
        4.219999           0.163046E-4        1.012200           0.125121E-4        1.010698
        4.222000           0.163055E-4        1.012200           0.125127E-4        1.010698
        4.224000           0.163064E-4        1.012200           0.125133E-4        1.010698
        4.226000           0.163073E-4        1.012201           0.125139E-4        1.010699
        4.228000           0.163082E-4        1.012201           0.125145E-4        1.010699
        4.230000           0.163091E-4        1.012201           0.125151E-4        1.010699
        4.232000           0.163101E-4        1.012202           0.125157E-4        1.010699
        4.234000           0.163110E-4        1.012202           0.125164E-4        1.010700
        4.236000           0.163119E-4        1.012202           0.125170E-4        1.010700
        4.237999           0.163128E-4        1.012203           0.125176E-4        1.010700
        4.240000           0.163137E-4        1.012203           0.125182E-4        1.010700
        4.242000           0.163146E-4        1.012203           0.125188E-4        1.010701
        4.243999           0.163155E-4        1.012203           0.125194E-4        1.010701
        4.246000           0.163164E-4        1.012204           0.125200E-4        1.010701
        4.248000           0.163173E-4        1.012204           0.125206E-4        1.010701
        4.250000           0.163182E-4        1.012204           0.125213E-4        1.010702
        4.252000           0.163191E-4        1.012205           0.125219E-4        1.010702
        4.254000           0.163201E-4        1.012205           0.125225E-4        1.010702
        4.256000           0.163210E-4        1.012205           0.125231E-4        1.010702
        4.257999           0.163219E-4        1.012206           0.125237E-4        1.010703
        4.260000           0.163228E-4        1.012206           0.125243E-4        1.010703
        4.262000           0.163237E-4        1.012206           0.125249E-4        1.010703
        4.263999           0.163246E-4        1.012207           0.125256E-4        1.010703
        4.266000           0.163255E-4        1.012207           0.125262E-4        1.010704
        4.268000           0.163264E-4        1.012207           0.125268E-4        1.010704
        4.270000           0.163273E-4        1.012208           0.125274E-4        1.010704
        4.272000           0.163282E-4        1.012208           0.125280E-4        1.010704
        4.274000           0.163292E-4        1.012208           0.125286E-4        1.010705
        4.276000           0.163301E-4        1.012209           0.125292E-4        1.010705
        4.277999           0.163310E-4        1.012209           0.125298E-4        1.010705
        4.280000           0.163319E-4        1.012209           0.125304E-4        1.010705
        4.282000           0.163328E-4        1.012210           0.125311E-4        1.010706
        4.284000           0.163337E-4        1.012210           0.125317E-4        1.010706
        4.286000           0.163346E-4        1.012210           0.125323E-4        1.010706
        4.288000           0.163355E-4        1.012211           0.125329E-4        1.010706
        4.290000           0.163364E-4        1.012211           0.125335E-4        1.010707
        4.292000           0.163374E-4        1.012211           0.125341E-4        1.010707
        4.294000           0.163383E-4        1.012212           0.125347E-4        1.010707
        4.296000           0.163392E-4        1.012212           0.125353E-4        1.010707
        4.297999           0.163401E-4        1.012212           0.125360E-4        1.010708
        4.300000           0.163410E-4        1.012213           0.125366E-4        1.010708
        4.302000           0.163419E-4        1.012213           0.125372E-4        1.010708
        4.304000           0.163428E-4        1.012213           0.125378E-4        1.010708
        4.306000           0.163437E-4        1.012214           0.125384E-4        1.010709
        4.308000           0.163446E-4        1.012214           0.125390E-4        1.010709
        4.310000           0.163456E-4        1.012214           0.125396E-4        1.010709
        4.311999           0.163465E-4        1.012215           0.125402E-4        1.010709
        4.314000           0.163474E-4        1.012215           0.125409E-4        1.010710
        4.316000           0.163483E-4        1.012215           0.125415E-4        1.010710
        4.318000           0.163492E-4        1.012216           0.125421E-4        1.010710
        4.320000           0.163501E-4        1.012216           0.125427E-4        1.010710
        4.322000           0.163510E-4        1.012216           0.125433E-4        1.010711
        4.324000           0.163519E-4        1.012217           0.125439E-4        1.010711
        4.326000           0.163529E-4        1.012217           0.125445E-4        1.010711
        4.328000           0.163538E-4        1.012217           0.125451E-4        1.010711
        4.329999           0.163547E-4        1.012218           0.125458E-4        1.010712
        4.331999           0.163556E-4        1.012218           0.125464E-4        1.010712
        4.334000           0.163565E-4        1.012218           0.125470E-4        1.010712
        4.335999           0.163574E-4        1.012218           0.125476E-4        1.010712
        4.338000           0.163583E-4        1.012219           0.125482E-4        1.010713
        4.340000           0.163592E-4        1.012219           0.125488E-4        1.010713
        4.342000           0.163602E-4        1.012219           0.125494E-4        1.010713
        4.344000           0.163611E-4        1.012220           0.125500E-4        1.010713
        4.346000           0.163620E-4        1.012220           0.125507E-4        1.010714
        4.348000           0.163629E-4        1.012221           0.125513E-4        1.010714
        4.349999           0.163638E-4        1.012221           0.125519E-4        1.010714
        4.352000           0.163647E-4        1.012221           0.125525E-4        1.010714
        4.354000           0.163656E-4        1.012221           0.125531E-4        1.010715
        4.355999           0.163666E-4        1.012222           0.125537E-4        1.010715
        4.358000           0.163675E-4        1.012222           0.125543E-4        1.010715
        4.360000           0.163684E-4        1.012222           0.125549E-4        1.010715
        4.362000           0.163693E-4        1.012223           0.125556E-4        1.010716
        4.364000           0.163702E-4        1.012223           0.125562E-4        1.010716
        4.366000           0.163711E-4        1.012223           0.125568E-4        1.010716
        4.368000           0.163720E-4        1.012224           0.125574E-4        1.010716
        4.369999           0.163729E-4        1.012224           0.125580E-4        1.010717
        4.372000           0.163739E-4        1.012224           0.125586E-4        1.010717
        4.374000           0.163748E-4        1.012225           0.125592E-4        1.010717
        4.375999           0.163757E-4        1.012225           0.125599E-4        1.010717
        4.378000           0.163766E-4        1.012225           0.125605E-4        1.010718
        4.380000           0.163775E-4        1.012226           0.125611E-4        1.010718
        4.382000           0.163784E-4        1.012226           0.125617E-4        1.010718
        4.384000           0.163794E-4        1.012226           0.125623E-4        1.010718
        4.386000           0.163803E-4        1.012227           0.125630E-4        1.010719
        4.388000           0.163812E-4        1.012227           0.125636E-4        1.010719
        4.389999           0.163821E-4        1.012227           0.125642E-4        1.010719
        4.392000           0.163830E-4        1.012228           0.125648E-4        1.010719
        4.394000           0.163839E-4        1.012228           0.125654E-4        1.010720
        4.396000           0.163848E-4        1.012228           0.125660E-4        1.010720
        4.398000           0.163858E-4        1.012229           0.125666E-4        1.010720
        4.400000           0.163867E-4        1.012229           0.125672E-4        1.010720
        4.402000           0.163876E-4        1.012229           0.125679E-4        1.010721
        4.404000           0.163885E-4        1.012230           0.125685E-4        1.010721
        4.406000           0.163894E-4        1.012230           0.125691E-4        1.010721
        4.408000           0.163903E-4        1.012230           0.125697E-4        1.010721
        4.409999           0.163913E-4        1.012231           0.125704E-4        1.010722
        4.412000           0.163922E-4        1.012231           0.125710E-4        1.010722
        4.414000           0.163931E-4        1.012231           0.125716E-4        1.010722
        4.416000           0.163940E-4        1.012232           0.125722E-4        1.010722
        4.418000           0.163949E-4        1.012232           0.125728E-4        1.010723
        4.420000           0.163958E-4        1.012232           0.125734E-4        1.010723
        4.422000           0.163967E-4        1.012233           0.125740E-4        1.010723
        4.423999           0.163977E-4        1.012233           0.125746E-4        1.010723
        4.426000           0.163986E-4        1.012233           0.125753E-4        1.010724
        4.427999           0.163995E-4        1.012234           0.125759E-4        1.010724
        4.430000           0.164004E-4        1.012234           0.125765E-4        1.010724
        4.432000           0.164013E-4        1.012234           0.125771E-4        1.010724
        4.434000           0.164022E-4        1.012235           0.125777E-4        1.010725
        4.436000           0.164032E-4        1.012235           0.125783E-4        1.010725
        4.438000           0.164041E-4        1.012235           0.125790E-4        1.010725
        4.440000           0.164050E-4        1.012236           0.125796E-4        1.010725
        4.441999           0.164059E-4        1.012236           0.125802E-4        1.010726
        4.443999           0.164068E-4        1.012236           0.125808E-4        1.010726
        4.446000           0.164077E-4        1.012236           0.125814E-4        1.010726
        4.447999           0.164087E-4        1.012237           0.125820E-4        1.010726
        4.450000           0.164096E-4        1.012237           0.125827E-4        1.010727
        4.452000           0.164105E-4        1.012238           0.125833E-4        1.010727
        4.454000           0.164114E-4        1.012238           0.125839E-4        1.010727
        4.456000           0.164123E-4        1.012238           0.125845E-4        1.010727
        4.458000           0.164132E-4        1.012239           0.125851E-4        1.010728
        4.460000           0.164142E-4        1.012239           0.125857E-4        1.010728
        4.461999           0.164151E-4        1.012239           0.125864E-4        1.010728
        4.464000           0.164160E-4        1.012239           0.125870E-4        1.010728
        4.466000           0.164169E-4        1.012240           0.125876E-4        1.010729
        4.467999           0.164178E-4        1.012240           0.125882E-4        1.010729
        4.470000           0.164188E-4        1.012240           0.125888E-4        1.010729
        4.472000           0.164197E-4        1.012241           0.125894E-4        1.010729
        4.474000           0.164206E-4        1.012241           0.125901E-4        1.010730
        4.476000           0.164215E-4        1.012241           0.125907E-4        1.010730
        4.478000           0.164224E-4        1.012242           0.125913E-4        1.010730
        4.480000           0.164233E-4        1.012242           0.125919E-4        1.010731
        4.481999           0.164243E-4        1.012242           0.125925E-4        1.010731
        4.484000           0.164252E-4        1.012243           0.125931E-4        1.010731
        4.486000           0.164261E-4        1.012243           0.125938E-4        1.010731
        4.487999           0.164270E-4        1.012243           0.125944E-4        1.010731
        4.490000           0.164279E-4        1.012244           0.125950E-4        1.010732
        4.492000           0.164289E-4        1.012244           0.125956E-4        1.010732
        4.494000           0.164298E-4        1.012244           0.125962E-4        1.010732
        4.496000           0.164307E-4        1.012245           0.125968E-4        1.010733
        4.498000           0.164316E-4        1.012245           0.125975E-4        1.010733
        4.500000           0.164325E-4        1.012245           0.125981E-4        1.010733
        4.501999           0.164335E-4        1.012246           0.125987E-4        1.010733
        4.504000           0.164344E-4        1.012246           0.125993E-4        1.010733
        4.506000           0.164353E-4        1.012246           0.125999E-4        1.010734
        4.508000           0.164362E-4        1.012247           0.126005E-4        1.010734
        4.510000           0.164371E-4        1.012247           0.126012E-4        1.010734
        4.512000           0.164381E-4        1.012247           0.126018E-4        1.010735
        4.514000           0.164390E-4        1.012248           0.126024E-4        1.010735
        4.516000           0.164399E-4        1.012248           0.126030E-4        1.010735
        4.518000           0.164408E-4        1.012248           0.126036E-4        1.010735
        4.520000           0.164417E-4        1.012249           0.126043E-4        1.010736
        4.521999           0.164427E-4        1.012249           0.126049E-4        1.010736
        4.524000           0.164436E-4        1.012249           0.126055E-4        1.010736
        4.526000           0.164445E-4        1.012250           0.126061E-4        1.010736
        4.528000           0.164454E-4        1.012250           0.126067E-4        1.010737
        4.530000           0.164463E-4        1.012250           0.126073E-4        1.010737
        4.532000           0.164473E-4        1.012251           0.126080E-4        1.010737
        4.534000           0.164482E-4        1.012251           0.126086E-4        1.010737
        4.535999           0.164491E-4        1.012251           0.126092E-4        1.010738
        4.538000           0.164500E-4        1.012252           0.126098E-4        1.010738
        4.539999           0.164509E-4        1.012252           0.126105E-4        1.010738
        4.542000           0.164519E-4        1.012252           0.126111E-4        1.010738
        4.544000           0.164528E-4        1.012253           0.126117E-4        1.010738
        4.546000           0.164537E-4        1.012253           0.126123E-4        1.010739
        4.548000           0.164546E-4        1.012253           0.126129E-4        1.010739
        4.550000           0.164555E-4        1.012254           0.126135E-4        1.010739
        4.552000           0.164565E-4        1.012254           0.126141E-4        1.010740
        4.553999           0.164574E-4        1.012254           0.126148E-4        1.010740
        4.555999           0.164583E-4        1.012255           0.126154E-4        1.010740
        4.558000           0.164592E-4        1.012255           0.126160E-4        1.010740
        4.559999           0.164601E-4        1.012255           0.126166E-4        1.010741
        4.562000           0.164611E-4        1.012256           0.126173E-4        1.010741
        4.564000           0.164620E-4        1.012256           0.126179E-4        1.010741
        4.566000           0.164629E-4        1.012256           0.126185E-4        1.010741
        4.568000           0.164638E-4        1.012257           0.126191E-4        1.010742
        4.570000           0.164648E-4        1.012257           0.126197E-4        1.010742
        4.572000           0.164657E-4        1.012257           0.126203E-4        1.010742
        4.573999           0.164666E-4        1.012258           0.126210E-4        1.010742
        4.576000           0.164675E-4        1.012258           0.126216E-4        1.010743
        4.578000           0.164684E-4        1.012258           0.126222E-4        1.010743
        4.579999           0.164694E-4        1.012259           0.126228E-4        1.010743
        4.582000           0.164703E-4        1.012259           0.126235E-4        1.010743
        4.584000           0.164712E-4        1.012259           0.126241E-4        1.010744
        4.586000           0.164721E-4        1.012259           0.126247E-4        1.010744
        4.588000           0.164731E-4        1.012260           0.126253E-4        1.010744
        4.590000           0.164740E-4        1.012260           0.126259E-4        1.010744
        4.592000           0.164749E-4        1.012261           0.126265E-4        1.010745
        4.593999           0.164758E-4        1.012261           0.126272E-4        1.010745
        4.596000           0.164768E-4        1.012261           0.126278E-4        1.010745
        4.598000           0.164777E-4        1.012262           0.126284E-4        1.010745
        4.599999           0.164786E-4        1.012262           0.126290E-4        1.010746
        4.602000           0.164795E-4        1.012262           0.126296E-4        1.010746
        4.604000           0.164804E-4        1.012262           0.126303E-4        1.010746
        4.606000           0.164814E-4        1.012263           0.126309E-4        1.010746
        4.608000           0.164823E-4        1.012263           0.126315E-4        1.010747
        4.610000           0.164832E-4        1.012264           0.126321E-4        1.010747
        4.612000           0.164841E-4        1.012264           0.126327E-4        1.010747
        4.613999           0.164851E-4        1.012264           0.126334E-4        1.010747
        4.616000           0.164860E-4        1.012264           0.126340E-4        1.010748
        4.618000           0.164869E-4        1.012265           0.126346E-4        1.010748
        4.620000           0.164878E-4        1.012265           0.126352E-4        1.010748
        4.622000           0.164888E-4        1.012265           0.126358E-4        1.010748
        4.624000           0.164897E-4        1.012266           0.126365E-4        1.010749
        4.626000           0.164906E-4        1.012266           0.126371E-4        1.010749
        4.628000           0.164915E-4        1.012267           0.126377E-4        1.010749
        4.630000           0.164925E-4        1.012267           0.126383E-4        1.010749
        4.631999           0.164934E-4        1.012267           0.126390E-4        1.010750
        4.633999           0.164943E-4        1.012267           0.126396E-4        1.010750
        4.636000           0.164952E-4        1.012268           0.126402E-4        1.010750
        4.638000           0.164962E-4        1.012268           0.126408E-4        1.010750
        4.640000           0.164971E-4        1.012268           0.126414E-4        1.010751
        4.642000           0.164980E-4        1.012269           0.126421E-4        1.010751
        4.644000           0.164989E-4        1.012269           0.126427E-4        1.010751
        4.646000           0.164999E-4        1.012269           0.126433E-4        1.010751
        4.648000           0.165008E-4        1.012270           0.126439E-4        1.010752
        4.650000           0.165017E-4        1.012270           0.126445E-4        1.010752
        4.651999           0.165026E-4        1.012270           0.126452E-4        1.010752
        4.654000           0.165036E-4        1.012271           0.126458E-4        1.010752
        4.656000           0.165045E-4        1.012271           0.126464E-4        1.010753
        4.658000           0.165054E-4        1.012271           0.126470E-4        1.010753
        4.660000           0.165063E-4        1.012272           0.126476E-4        1.010753
        4.662000           0.165073E-4        1.012272           0.126483E-4        1.010753
        4.664000           0.165082E-4        1.012272           0.126489E-4        1.010754
        4.665999           0.165091E-4        1.012273           0.126495E-4        1.010754
        4.667999           0.165100E-4        1.012273           0.126501E-4        1.010754
        4.670000           0.165110E-4        1.012273           0.126508E-4        1.010754
        4.671999           0.165119E-4        1.012274           0.126514E-4        1.010755
        4.674000           0.165128E-4        1.012274           0.126520E-4        1.010755
        4.676000           0.165137E-4        1.012274           0.126526E-4        1.010755
        4.677999           0.165147E-4        1.012275           0.126532E-4        1.010756
        4.680000           0.165156E-4        1.012275           0.126539E-4        1.010756
        4.682000           0.165165E-4        1.012275           0.126545E-4        1.010756
        4.684000           0.165175E-4        1.012276           0.126551E-4        1.010756
        4.685999           0.165184E-4        1.012276           0.126557E-4        1.010756
        4.688000           0.165193E-4        1.012276           0.126564E-4        1.010757
        4.690000           0.165202E-4        1.012277           0.126570E-4        1.010757
        4.691999           0.165212E-4        1.012277           0.126576E-4        1.010757
        4.694000           0.165221E-4        1.012277           0.126582E-4        1.010758
        4.696000           0.165230E-4        1.012278           0.126589E-4        1.010758
        4.698000           0.165239E-4        1.012278           0.126595E-4        1.010758
        4.700000           0.165249E-4        1.012278           0.126601E-4        1.010758
        4.702000           0.165258E-4        1.012279           0.126607E-4        1.010759
        4.704000           0.165267E-4        1.012279           0.126613E-4        1.010759
        4.705999           0.165277E-4        1.012279           0.126620E-4        1.010759
        4.708000           0.165286E-4        1.012280           0.126626E-4        1.010759
        4.710000           0.165295E-4        1.012280           0.126632E-4        1.010759
        4.711999           0.165304E-4        1.012280           0.126638E-4        1.010760
        4.714000           0.165314E-4        1.012281           0.126644E-4        1.010760
        4.716000           0.165323E-4        1.012281           0.126650E-4        1.010760
        4.718000           0.165332E-4        1.012281           0.126657E-4        1.010761
        4.720000           0.165341E-4        1.012282           0.126663E-4        1.010761
        4.722000           0.165351E-4        1.012282           0.126669E-4        1.010761
        4.724000           0.165360E-4        1.012282           0.126675E-4        1.010761
        4.725999           0.165369E-4        1.012283           0.126682E-4        1.010762
        4.728000           0.165379E-4        1.012283           0.126688E-4        1.010762
        4.730000           0.165388E-4        1.012283           0.126694E-4        1.010762
        4.732000           0.165397E-4        1.012284           0.126700E-4        1.010762
        4.734000           0.165406E-4        1.012284           0.126707E-4        1.010763
        4.736000           0.165416E-4        1.012284           0.126713E-4        1.010763
        4.738000           0.165425E-4        1.012285           0.126719E-4        1.010763
        4.740000           0.165434E-4        1.012285           0.126725E-4        1.010763
        4.742000           0.165444E-4        1.012285           0.126732E-4        1.010764
        4.743999           0.165453E-4        1.012286           0.126738E-4        1.010764
        4.745999           0.165462E-4        1.012286           0.126744E-4        1.010764
        4.748000           0.165471E-4        1.012286           0.126750E-4        1.010764
        4.750000           0.165481E-4        1.012287           0.126757E-4        1.010765
        4.752000           0.165490E-4        1.012287           0.126763E-4        1.010765
        4.754000           0.165499E-4        1.012287           0.126769E-4        1.010765
        4.756000           0.165509E-4        1.012288           0.126775E-4        1.010765
        4.758000           0.165518E-4        1.012288           0.126782E-4        1.010766
        4.760000           0.165527E-4        1.012288           0.126788E-4        1.010766
        4.762000           0.165537E-4        1.012289           0.126794E-4        1.010766
        4.763999           0.165546E-4        1.012289           0.126800E-4        1.010766
        4.766000           0.165555E-4        1.012289           0.126807E-4        1.010767
        4.768000           0.165564E-4        1.012290           0.126813E-4        1.010767
        4.770000           0.165574E-4        1.012290           0.126819E-4        1.010767
        4.772000           0.165583E-4        1.012290           0.126825E-4        1.010767
        4.774000           0.165592E-4        1.012291           0.126831E-4        1.010768
        4.776000           0.165602E-4        1.012291           0.126837E-4        1.010768
        4.778000           0.165611E-4        1.012291           0.126844E-4        1.010768
        4.779999           0.165620E-4        1.012292           0.126850E-4        1.010768
        4.782000           0.165630E-4        1.012292           0.126856E-4        1.010769
        4.783999           0.165639E-4        1.012292           0.126863E-4        1.010769
        4.786000           0.165648E-4        1.012293           0.126869E-4        1.010769
        4.788000           0.165658E-4        1.012293           0.126875E-4        1.010769
        4.789999           0.165667E-4        1.012293           0.126882E-4        1.010770
        4.792000           0.165676E-4        1.012294           0.126888E-4        1.010770
        4.794000           0.165685E-4        1.012294           0.126894E-4        1.010770
        4.796000           0.165695E-4        1.012294           0.126900E-4        1.010770
        4.797999           0.165704E-4        1.012295           0.126906E-4        1.010771
        4.800000           0.165713E-4        1.012295           0.126913E-4        1.010771
        4.802000           0.165723E-4        1.012295           0.126919E-4        1.010771
        4.803999           0.165732E-4        1.012296           0.126925E-4        1.010771
        4.806000           0.165741E-4        1.012296           0.126931E-4        1.010772
        4.808000           0.165751E-4        1.012296           0.126938E-4        1.010772
        4.810000           0.165760E-4        1.012297           0.126944E-4        1.010772
        4.812000           0.165769E-4        1.012297           0.126950E-4        1.010772
        4.814000           0.165779E-4        1.012297           0.126956E-4        1.010773
        4.816000           0.165788E-4        1.012298           0.126963E-4        1.010773
        4.817999           0.165797E-4        1.012298           0.126969E-4        1.010773
        4.820000           0.165807E-4        1.012298           0.126975E-4        1.010773
        4.822000           0.165816E-4        1.012299           0.126981E-4        1.010774
        4.823999           0.165825E-4        1.012299           0.126988E-4        1.010774
        4.826000           0.165834E-4        1.012299           0.126994E-4        1.010774
        4.828000           0.165844E-4        1.012300           0.127000E-4        1.010774
        4.830000           0.165853E-4        1.012300           0.127006E-4        1.010775
        4.832000           0.165862E-4        1.012300           0.127013E-4        1.010775
        4.834000           0.165872E-4        1.012300           0.127019E-4        1.010775
        4.835999           0.165881E-4        1.012301           0.127025E-4        1.010775
        4.837999           0.165890E-4        1.012301           0.127031E-4        1.010776
        4.840000           0.165900E-4        1.012302           0.127037E-4        1.010776
        4.842000           0.165909E-4        1.012302           0.127044E-4        1.010776
        4.844000           0.165918E-4        1.012302           0.127050E-4        1.010777
        4.846000           0.165928E-4        1.012303           0.127056E-4        1.010777
        4.848000           0.165937E-4        1.012303           0.127063E-4        1.010777
        4.850000           0.165946E-4        1.012303           0.127069E-4        1.010777
        4.852000           0.165956E-4        1.012303           0.127075E-4        1.010778
        4.854000           0.165965E-4        1.012304           0.127081E-4        1.010778
        4.855999           0.165974E-4        1.012304           0.127088E-4        1.010778
        4.857999           0.165984E-4        1.012305           0.127094E-4        1.010778
        4.860000           0.165993E-4        1.012305           0.127100E-4        1.010779
        4.862000           0.166002E-4        1.012305           0.127106E-4        1.010779
        4.864000           0.166012E-4        1.012305           0.127113E-4        1.010779
        4.866000           0.166021E-4        1.012306           0.127119E-4        1.010779
        4.868000           0.166030E-4        1.012306           0.127125E-4        1.010780
        4.870000           0.166040E-4        1.012306           0.127131E-4        1.010780
        4.872000           0.166049E-4        1.012307           0.127138E-4        1.010780
        4.874000           0.166059E-4        1.012307           0.127144E-4        1.010780
        4.875999           0.166068E-4        1.012308           0.127150E-4        1.010781
        4.878000           0.166077E-4        1.012308           0.127157E-4        1.010781
        4.880000           0.166087E-4        1.012308           0.127163E-4        1.010781
        4.881999           0.166096E-4        1.012308           0.127169E-4        1.010781
        4.884000           0.166105E-4        1.012309           0.127175E-4        1.010782
        4.886000           0.166115E-4        1.012309           0.127182E-4        1.010782
        4.888000           0.166124E-4        1.012310           0.127188E-4        1.010782
        4.890000           0.166133E-4        1.012310           0.127194E-4        1.010782
        4.891999           0.166143E-4        1.012310           0.127201E-4        1.010783
        4.894000           0.166152E-4        1.012311           0.127207E-4        1.010783
        4.895999           0.166161E-4        1.012311           0.127213E-4        1.010783
        4.898000           0.166171E-4        1.012311           0.127219E-4        1.010783
        4.900000           0.166180E-4        1.012311           0.127226E-4        1.010784
        4.901999           0.166189E-4        1.012312           0.127232E-4        1.010784
        4.904000           0.166199E-4        1.012312           0.127238E-4        1.010784
        4.906000           0.166208E-4        1.012313           0.127244E-4        1.010784
        4.908000           0.166217E-4        1.012313           0.127251E-4        1.010785
        4.909999           0.166227E-4        1.012313           0.127257E-4        1.010785
        4.912000           0.166236E-4        1.012313           0.127263E-4        1.010785
        4.914000           0.166246E-4        1.012314           0.127269E-4        1.010785
        4.915999           0.166255E-4        1.012314           0.127276E-4        1.010786
        4.918000           0.166264E-4        1.012314           0.127282E-4        1.010786
        4.920000           0.166274E-4        1.012315           0.127288E-4        1.010786
        4.922000           0.166283E-4        1.012315           0.127295E-4        1.010786
        4.924000           0.166292E-4        1.012316           0.127301E-4        1.010787
        4.926000           0.166302E-4        1.012316           0.127307E-4        1.010787
        4.927999           0.166311E-4        1.012316           0.127313E-4        1.010787
        4.929999           0.166320E-4        1.012316           0.127320E-4        1.010787
        4.932000           0.166330E-4        1.012317           0.127326E-4        1.010788
        4.934000           0.166339E-4        1.012317           0.127332E-4        1.010788
        4.935999           0.166349E-4        1.012317           0.127339E-4        1.010788
        4.938000           0.166358E-4        1.012318           0.127345E-4        1.010788
        4.940000           0.166367E-4        1.012318           0.127351E-4        1.010789
        4.942000           0.166377E-4        1.012318           0.127357E-4        1.010789
        4.944000           0.166386E-4        1.012319           0.127364E-4        1.010789
        4.946000           0.166395E-4        1.012319           0.127370E-4        1.010790
        4.947999           0.166405E-4        1.012319           0.127376E-4        1.010790
        4.949999           0.166414E-4        1.012320           0.127382E-4        1.010790
        4.952000           0.166424E-4        1.012320           0.127389E-4        1.010790
        4.954000           0.166433E-4        1.012321           0.127395E-4        1.010790
        4.956000           0.166442E-4        1.012321           0.127401E-4        1.010791
        4.958000           0.166452E-4        1.012321           0.127408E-4        1.010791
        4.960000           0.166461E-4        1.012321           0.127414E-4        1.010791
        4.962000           0.166470E-4        1.012322           0.127420E-4        1.010792
        4.964000           0.166480E-4        1.012322           0.127426E-4        1.010792
        4.966000           0.166489E-4        1.012322           0.127433E-4        1.010792
        4.967999           0.166499E-4        1.012323           0.127439E-4        1.010792
        4.969999           0.166508E-4        1.012323           0.127445E-4        1.010793
        4.972000           0.166517E-4        1.012323           0.127452E-4        1.010793
        4.974000           0.166527E-4        1.012324           0.127458E-4        1.010793
        4.976000           0.166536E-4        1.012324           0.127464E-4        1.010793
        4.978000           0.166545E-4        1.012324           0.127471E-4        1.010794
        4.980000           0.166555E-4        1.012325           0.127477E-4        1.010794
        4.982000           0.166564E-4        1.012325           0.127483E-4        1.010794
        4.984000           0.166574E-4        1.012326           0.127489E-4        1.010794
        4.986000           0.166583E-4        1.012326           0.127496E-4        1.010795
        4.987999           0.166592E-4        1.012326           0.127502E-4        1.010795
        4.990000           0.166602E-4        1.012326           0.127508E-4        1.010795
        4.992000           0.166611E-4        1.012327           0.127514E-4        1.010795
        4.993999           0.166621E-4        1.012327           0.127521E-4        1.010796
        4.996000           0.166630E-4        1.012327           0.127527E-4        1.010796
        4.998000           0.166639E-4        1.012328           0.127533E-4        1.010796
        5.000000           0.166649E-4        1.012328           0.127540E-4        1.010796
        5.002000           0.166658E-4        1.012329           0.127546E-4        1.010797
        5.003999           0.166667E-4        1.012329           0.127552E-4        1.010797
        5.006000           0.166677E-4        1.012329           0.127559E-4        1.010797
        5.007999           0.166686E-4        1.012329           0.127565E-4        1.010797
        5.010000           0.166696E-4        1.012330           0.127571E-4        1.010798
        5.012000           0.166705E-4        1.012330           0.127578E-4        1.010798
        5.013999           0.166715E-4        1.012330           0.127584E-4        1.010798
        5.016000           0.166724E-4        1.012331           0.127590E-4        1.010798
        5.018000           0.166733E-4        1.012331           0.127596E-4        1.010799
        5.020000           0.166743E-4        1.012331           0.127603E-4        1.010799
        5.021999           0.166752E-4        1.012332           0.127609E-4        1.010799
        5.024000           0.166762E-4        1.012332           0.127615E-4        1.010799
        5.026000           0.166771E-4        1.012332           0.127621E-4        1.010800
        5.027999           0.166780E-4        1.012333           0.127628E-4        1.010800
        5.030000           0.166790E-4        1.012333           0.127634E-4        1.010800
        5.032000           0.166799E-4        1.012334           0.127641E-4        1.010800
        5.034000           0.166809E-4        1.012334           0.127647E-4        1.010801
        5.036000           0.166818E-4        1.012334           0.127653E-4        1.010801
        5.038000           0.166827E-4        1.012334           0.127659E-4        1.010801
        5.039999           0.166837E-4        1.012335           0.127665E-4        1.010801
        5.041999           0.166846E-4        1.012335           0.127672E-4        1.010802
        5.044000           0.166856E-4        1.012335           0.127678E-4        1.010802
        5.046000           0.166865E-4        1.012336           0.127685E-4        1.010802
        5.047999           0.166874E-4        1.012336           0.127691E-4        1.010803
        5.050000           0.166884E-4        1.012336           0.127697E-4        1.010803
        5.052000           0.166893E-4        1.012337           0.127704E-4        1.010803
        5.054000           0.166903E-4        1.012337           0.127710E-4        1.010803
        5.056000           0.166912E-4        1.012337           0.127716E-4        1.010804
        5.058000           0.166922E-4        1.012338           0.127722E-4        1.010804
        5.059999           0.166931E-4        1.012338           0.127729E-4        1.010804
        5.061999           0.166940E-4        1.012339           0.127735E-4        1.010804
        5.064000           0.166950E-4        1.012339           0.127741E-4        1.010805
        5.066000           0.166959E-4        1.012339           0.127748E-4        1.010805
        5.068000           0.166969E-4        1.012339           0.127754E-4        1.010805
        5.070000           0.166978E-4        1.012340           0.127760E-4        1.010805
        5.072000           0.166987E-4        1.012340           0.127767E-4        1.010806
        5.074000           0.166997E-4        1.012340           0.127773E-4        1.010806
        5.076000           0.167006E-4        1.012341           0.127779E-4        1.010806
        5.078000           0.167016E-4        1.012341           0.127786E-4        1.010806
        5.079999           0.167025E-4        1.012341           0.127792E-4        1.010807
        5.081999           0.167035E-4        1.012342           0.127798E-4        1.010807
        5.084000           0.167044E-4        1.012342           0.127805E-4        1.010807
        5.085999           0.167053E-4        1.012342           0.127811E-4        1.010807
        5.088000           0.167063E-4        1.012343           0.127817E-4        1.010808
        5.090000           0.167072E-4        1.012343           0.127823E-4        1.010808
        5.092000           0.167082E-4        1.012344           0.127830E-4        1.010808
        5.094000           0.167091E-4        1.012344           0.127836E-4        1.010808
        5.096000           0.167101E-4        1.012344           0.127842E-4        1.010809
        5.098000           0.167110E-4        1.012344           0.127849E-4        1.010809
        5.099999           0.167119E-4        1.012345           0.127855E-4        1.010809
        5.102000           0.167129E-4        1.012345           0.127861E-4        1.010809
        5.104000           0.167138E-4        1.012345           0.127868E-4        1.010810
        5.105999           0.167148E-4        1.012346           0.127874E-4        1.010810
        5.108000           0.167157E-4        1.012346           0.127880E-4        1.010810
        5.110000           0.167167E-4        1.012347           0.127887E-4        1.010810
        5.112000           0.167176E-4        1.012347           0.127893E-4        1.010811
        5.114000           0.167186E-4        1.012347           0.127899E-4        1.010811
        5.115999           0.167195E-4        1.012347           0.127905E-4        1.010811
        5.118000           0.167204E-4        1.012348           0.127912E-4        1.010811
        5.119999           0.167214E-4        1.012348           0.127918E-4        1.010812
        5.122000           0.167223E-4        1.012349           0.127925E-4        1.010812
        5.124000           0.167233E-4        1.012349           0.127931E-4        1.010812
        5.125999           0.167242E-4        1.012349           0.127937E-4        1.010813
        5.128000           0.167252E-4        1.012349           0.127944E-4        1.010813
        5.130000           0.167261E-4        1.012350           0.127950E-4        1.010813
        5.132000           0.167270E-4        1.012350           0.127956E-4        1.010813
        5.133999           0.167280E-4        1.012351           0.127963E-4        1.010813
        5.136000           0.167289E-4        1.012351           0.127969E-4        1.010814
        5.138000           0.167299E-4        1.012351           0.127975E-4        1.010814
        5.139999           0.167308E-4        1.012352           0.127981E-4        1.010814
        5.142000           0.167318E-4        1.012352           0.127988E-4        1.010815
        5.144000           0.167327E-4        1.012352           0.127994E-4        1.010815
        5.146000           0.167337E-4        1.012352           0.128000E-4        1.010815
        5.148000           0.167346E-4        1.012353           0.128007E-4        1.010815
        5.150000           0.167356E-4        1.012353           0.128013E-4        1.010816
        5.151999           0.167365E-4        1.012354           0.128019E-4        1.010816
        5.153999           0.167374E-4        1.012354           0.128026E-4        1.010816
        5.156000           0.167384E-4        1.012354           0.128032E-4        1.010816
        5.158000           0.167393E-4        1.012354           0.128038E-4        1.010817
        5.159999           0.167403E-4        1.012355           0.128045E-4        1.010817
        5.162000           0.167412E-4        1.012355           0.128051E-4        1.010817
        5.164000           0.167422E-4        1.012356           0.128057E-4        1.010817
        5.166000           0.167431E-4        1.012356           0.128064E-4        1.010818
        5.168000           0.167441E-4        1.012356           0.128070E-4        1.010818
        5.170000           0.167450E-4        1.012357           0.128077E-4        1.010818
        5.171999           0.167460E-4        1.012357           0.128083E-4        1.010818
        5.173999           0.167469E-4        1.012357           0.128089E-4        1.010819
        5.176000           0.167479E-4        1.012358           0.128095E-4        1.010819
        5.177999           0.167488E-4        1.012358           0.128102E-4        1.010819
        5.180000           0.167498E-4        1.012358           0.128108E-4        1.010819
        5.182000           0.167507E-4        1.012359           0.128115E-4        1.010820
        5.184000           0.167516E-4        1.012359           0.128121E-4        1.010820
        5.186000           0.167526E-4        1.012359           0.128127E-4        1.010820
        5.188000           0.167535E-4        1.012359           0.128134E-4        1.010820
        5.190000           0.167545E-4        1.012360           0.128140E-4        1.010821
        5.191999           0.167554E-4        1.012360           0.128146E-4        1.010821
        5.193999           0.167564E-4        1.012361           0.128153E-4        1.010821
        5.196000           0.167573E-4        1.012361           0.128159E-4        1.010821
        5.197999           0.167583E-4        1.012361           0.128165E-4        1.010822
        5.200000           0.167592E-4        1.012362           0.128172E-4        1.010822
        5.202000           0.167602E-4        1.012362           0.128178E-4        1.010822
        5.204000           0.167611E-4        1.012362           0.128184E-4        1.010822
        5.206000           0.167621E-4        1.012363           0.128191E-4        1.010823
        5.208000           0.167630E-4        1.012363           0.128197E-4        1.010823
        5.210000           0.167640E-4        1.012363           0.128203E-4        1.010823
        5.211999           0.167649E-4        1.012364           0.128210E-4        1.010823
        5.214000           0.167659E-4        1.012364           0.128216E-4        1.010824
        5.216000           0.167668E-4        1.012364           0.128222E-4        1.010824
        5.217999           0.167678E-4        1.012365           0.128229E-4        1.010824
        5.220000           0.167687E-4        1.012365           0.128235E-4        1.010825
        5.222000           0.167697E-4        1.012365           0.128241E-4        1.010825
        5.224000           0.167706E-4        1.012366           0.128248E-4        1.010825
        5.226000           0.167715E-4        1.012366           0.128254E-4        1.010825
        5.228000           0.167725E-4        1.012366           0.128260E-4        1.010826
        5.230000           0.167734E-4        1.012367           0.128267E-4        1.010826
        5.231999           0.167744E-4        1.012367           0.128273E-4        1.010826
        5.234000           0.167753E-4        1.012367           0.128280E-4        1.010826
        5.236000           0.167763E-4        1.012368           0.128286E-4        1.010827
        5.237999           0.167772E-4        1.012368           0.128292E-4        1.010827
        5.240000           0.167782E-4        1.012368           0.128299E-4        1.010827
        5.242000           0.167791E-4        1.012369           0.128305E-4        1.010827
        5.244000           0.167801E-4        1.012369           0.128311E-4        1.010828
        5.245999           0.167810E-4        1.012369           0.128318E-4        1.010828
        5.248000           0.167820E-4        1.012370           0.128324E-4        1.010828
        5.250000           0.167829E-4        1.012370           0.128330E-4        1.010828
        5.251999           0.167839E-4        1.012370           0.128337E-4        1.010829
        5.254000           0.167848E-4        1.012371           0.128343E-4        1.010829
        5.256000           0.167858E-4        1.012371           0.128349E-4        1.010829
        5.258000           0.167867E-4        1.012371           0.128356E-4        1.010829
        5.260000           0.167877E-4        1.012372           0.128362E-4        1.010830
        5.262000           0.167886E-4        1.012372           0.128368E-4        1.010830
        5.263999           0.167896E-4        1.012372           0.128375E-4        1.010830
        5.265999           0.167905E-4        1.012373           0.128381E-4        1.010830
        5.268000           0.167915E-4        1.012373           0.128387E-4        1.010831
        5.270000           0.167924E-4        1.012373           0.128394E-4        1.010831
        5.271999           0.167934E-4        1.012374           0.128400E-4        1.010831
        5.274000           0.167943E-4        1.012374           0.128406E-4        1.010831
        5.276000           0.167953E-4        1.012374           0.128413E-4        1.010832
        5.278000           0.167962E-4        1.012375           0.128419E-4        1.010832
        5.280000           0.167972E-4        1.012375           0.128426E-4        1.010832
        5.282000           0.167981E-4        1.012375           0.128432E-4        1.010832
        5.283999           0.167991E-4        1.012376           0.128438E-4        1.010833
        5.285999           0.168000E-4        1.012376           0.128445E-4        1.010833
        5.288000           0.168010E-4        1.012376           0.128451E-4        1.010833
        5.289999           0.168020E-4        1.012377           0.128457E-4        1.010834
        5.292000           0.168029E-4        1.012377           0.128464E-4        1.010834
        5.294000           0.168039E-4        1.012377           0.128470E-4        1.010834
        5.296000           0.168048E-4        1.012378           0.128477E-4        1.010834
        5.298000           0.168058E-4        1.012378           0.128483E-4        1.010835
        5.300000           0.168067E-4        1.012378           0.128489E-4        1.010835
        5.302000           0.168077E-4        1.012379           0.128496E-4        1.010835
        5.303999           0.168086E-4        1.012379           0.128502E-4        1.010835
        5.305999           0.168096E-4        1.012379           0.128508E-4        1.010836
        5.308000           0.168105E-4        1.012380           0.128515E-4        1.010836
        5.309999           0.168115E-4        1.012380           0.128521E-4        1.010836
        5.312000           0.168124E-4        1.012380           0.128528E-4        1.010836
        5.314000           0.168134E-4        1.012381           0.128534E-4        1.010837
        5.316000           0.168143E-4        1.012381           0.128540E-4        1.010837
        5.318000           0.168153E-4        1.012381           0.128547E-4        1.010837
        5.320000           0.168162E-4        1.012382           0.128553E-4        1.010837
        5.322000           0.168172E-4        1.012382           0.128560E-4        1.010838
        5.323999           0.168181E-4        1.012382           0.128566E-4        1.010838
        5.326000           0.168191E-4        1.012383           0.128572E-4        1.010838
        5.328000           0.168200E-4        1.012383           0.128578E-4        1.010838
        5.329999           0.168210E-4        1.012383           0.128585E-4        1.010839
        5.332000           0.168220E-4        1.012384           0.128591E-4        1.010839
        5.334000           0.168229E-4        1.012384           0.128598E-4        1.010839
        5.336000           0.168239E-4        1.012384           0.128604E-4        1.010839
        5.338000           0.168248E-4        1.012385           0.128610E-4        1.010840
        5.340000           0.168258E-4        1.012385           0.128617E-4        1.010840
        5.342000           0.168267E-4        1.012385           0.128623E-4        1.010840
        5.343999           0.168277E-4        1.012386           0.128630E-4        1.010840
        5.346000           0.168286E-4        1.012386           0.128636E-4        1.010841
        5.348000           0.168296E-4        1.012386           0.128642E-4        1.010841
        5.349999           0.168305E-4        1.012387           0.128649E-4        1.010841
        5.352000           0.168315E-4        1.012387           0.128655E-4        1.010841
        5.354000           0.168324E-4        1.012387           0.128662E-4        1.010842
        5.356000           0.168334E-4        1.012388           0.128668E-4        1.010842
        5.358000           0.168343E-4        1.012388           0.128674E-4        1.010842
        5.360000           0.168353E-4        1.012388           0.128681E-4        1.010842
        5.362000           0.168363E-4        1.012389           0.128687E-4        1.010843
        5.363999           0.168372E-4        1.012389           0.128693E-4        1.010843
        5.366000           0.168382E-4        1.012389           0.128700E-4        1.010843
        5.368000           0.168391E-4        1.012390           0.128706E-4        1.010844
        5.370000           0.168401E-4        1.012390           0.128713E-4        1.010844
        5.372000           0.168410E-4        1.012390           0.128719E-4        1.010844
        5.374000           0.168420E-4        1.012391           0.128725E-4        1.010844
        5.375999           0.168429E-4        1.012391           0.128732E-4        1.010845
        5.377999           0.168439E-4        1.012391           0.128738E-4        1.010845
        5.380000           0.168448E-4        1.012392           0.128744E-4        1.010845
        5.381999           0.168458E-4        1.012392           0.128751E-4        1.010845
        5.383999           0.168468E-4        1.012393           0.128757E-4        1.010846
        5.386000           0.168477E-4        1.012393           0.128764E-4        1.010846
        5.388000           0.168487E-4        1.012393           0.128770E-4        1.010846
        5.390000           0.168496E-4        1.012393           0.128776E-4        1.010846
        5.392000           0.168506E-4        1.012394           0.128783E-4        1.010847
        5.394000           0.168515E-4        1.012394           0.128789E-4        1.010847
        5.395999           0.168525E-4        1.012395           0.128795E-4        1.010847
        5.397999           0.168534E-4        1.012395           0.128802E-4        1.010847
        5.400000           0.168544E-4        1.012395           0.128808E-4        1.010848
        5.401999           0.168554E-4        1.012396           0.128815E-4        1.010848
        5.404000           0.168563E-4        1.012396           0.128821E-4        1.010848
        5.406000           0.168573E-4        1.012396           0.128827E-4        1.010848
        5.408000           0.168582E-4        1.012397           0.128834E-4        1.010849
        5.410000           0.168592E-4        1.012397           0.128840E-4        1.010849
        5.412000           0.168601E-4        1.012397           0.128847E-4        1.010849
        5.414000           0.168611E-4        1.012398           0.128853E-4        1.010849
        5.415999           0.168621E-4        1.012398           0.128860E-4        1.010850
        5.417999           0.168630E-4        1.012398           0.128866E-4        1.010850
        5.420000           0.168640E-4        1.012398           0.128872E-4        1.010850
        5.421999           0.168649E-4        1.012399           0.128879E-4        1.010851
        5.424000           0.168659E-4        1.012399           0.128885E-4        1.010851
        5.426000           0.168668E-4        1.012400           0.128892E-4        1.010851
        5.427999           0.168678E-4        1.012400           0.128898E-4        1.010851
        5.430000           0.168688E-4        1.012400           0.128904E-4        1.010852
        5.432000           0.168697E-4        1.012401           0.128911E-4        1.010852
        5.434000           0.168707E-4        1.012401           0.128917E-4        1.010852
        5.435999           0.168716E-4        1.012401           0.128923E-4        1.010852
        5.438000           0.168726E-4        1.012402           0.128930E-4        1.010853
        5.440000           0.168735E-4        1.012402           0.128936E-4        1.010853
        5.441999           0.168745E-4        1.012402           0.128943E-4        1.010853
        5.444000           0.168755E-4        1.012403           0.128949E-4        1.010853
        5.446000           0.168764E-4        1.012403           0.128956E-4        1.010854
        5.448000           0.168774E-4        1.012403           0.128962E-4        1.010854
        5.450000           0.168783E-4        1.012404           0.128968E-4        1.010854
        5.452000           0.168793E-4        1.012404           0.128975E-4        1.010854
        5.454000           0.168802E-4        1.012404           0.128981E-4        1.010855
        5.455999           0.168812E-4        1.012405           0.128988E-4        1.010855
        5.458000           0.168822E-4        1.012405           0.128994E-4        1.010855
        5.460000           0.168831E-4        1.012405           0.129000E-4        1.010855
        5.461999           0.168841E-4        1.012406           0.129007E-4        1.010856
        5.464000           0.168850E-4        1.012406           0.129013E-4        1.010856
        5.466000           0.168860E-4        1.012406           0.129019E-4        1.010856
        5.468000           0.168870E-4        1.012407           0.129026E-4        1.010856
        5.470000           0.168879E-4        1.012407           0.129032E-4        1.010857
        5.472000           0.168889E-4        1.012407           0.129039E-4        1.010857
        5.474000           0.168898E-4        1.012408           0.129045E-4        1.010857
        5.475999           0.168908E-4        1.012408           0.129052E-4        1.010857
        5.478000           0.168918E-4        1.012408           0.129058E-4        1.010858
        5.480000           0.168927E-4        1.012409           0.129064E-4        1.010858
        5.482000           0.168937E-4        1.012409           0.129071E-4        1.010858
        5.484000           0.168946E-4        1.012409           0.129077E-4        1.010859
        5.486000           0.168956E-4        1.012410           0.129084E-4        1.010859
        5.488000           0.168965E-4        1.012410           0.129090E-4        1.010859
        5.489999           0.168975E-4        1.012410           0.129096E-4        1.010859
        5.492000           0.168985E-4        1.012411           0.129103E-4        1.010859
        5.493999           0.168994E-4        1.012411           0.129109E-4        1.010860
        5.495999           0.169004E-4        1.012411           0.129116E-4        1.010860
        5.498000           0.169014E-4        1.012412           0.129122E-4        1.010860
        5.500000           0.169023E-4        1.012412           0.129129E-4        1.010861
        5.502000           0.169033E-4        1.012412           0.129135E-4        1.010861
        5.504000           0.169042E-4        1.012413           0.129141E-4        1.010861
        5.506000           0.169052E-4        1.012413           0.129148E-4        1.010861
        5.507999           0.169062E-4        1.012413           0.129154E-4        1.010862
        5.509999           0.169071E-4        1.012414           0.129161E-4        1.010862
        5.512000           0.169081E-4        1.012414           0.129167E-4        1.010862
        5.513999           0.169090E-4        1.012414           0.129173E-4        1.010862
        5.516000           0.169100E-4        1.012415           0.129180E-4        1.010863
        5.518000           0.169110E-4        1.012415           0.129186E-4        1.010863
        5.520000           0.169119E-4        1.012415           0.129193E-4        1.010863
        5.522000           0.169129E-4        1.012416           0.129199E-4        1.010863
        5.524000           0.169138E-4        1.012416           0.129206E-4        1.010864
        5.526000           0.169148E-4        1.012416           0.129212E-4        1.010864
        5.527999           0.169158E-4        1.012417           0.129218E-4        1.010864
        5.529999           0.169167E-4        1.012417           0.129225E-4        1.010864
        5.532000           0.169177E-4        1.012417           0.129231E-4        1.010865
        5.533999           0.169186E-4        1.012418           0.129238E-4        1.010865
        5.536000           0.169196E-4        1.012418           0.129244E-4        1.010865
        5.538000           0.169206E-4        1.012419           0.129251E-4        1.010865
        5.539999           0.169215E-4        1.012419           0.129257E-4        1.010866
        5.542000           0.169225E-4        1.012419           0.129263E-4        1.010866
        5.544000           0.169235E-4        1.012419           0.129270E-4        1.010866
        5.546000           0.169244E-4        1.012420           0.129276E-4        1.010867
        5.547999           0.169254E-4        1.012420           0.129283E-4        1.010867
        5.550000           0.169263E-4        1.012421           0.129289E-4        1.010867
        5.552000           0.169273E-4        1.012421           0.129295E-4        1.010867
        5.553999           0.169283E-4        1.012421           0.129302E-4        1.010867
        5.556000           0.169292E-4        1.012421           0.129309E-4        1.010868
        5.558000           0.169302E-4        1.012422           0.129315E-4        1.010868
        5.560000           0.169312E-4        1.012422           0.129321E-4        1.010868
        5.562000           0.169321E-4        1.012423           0.129328E-4        1.010869
        5.564000           0.169331E-4        1.012423           0.129334E-4        1.010869
        5.566000           0.169340E-4        1.012423           0.129340E-4        1.010869
        5.567999           0.169350E-4        1.012424           0.129347E-4        1.010869
        5.570000           0.169360E-4        1.012424           0.129353E-4        1.010870
        5.572000           0.169369E-4        1.012424           0.129360E-4        1.010870
        5.573999           0.169379E-4        1.012425           0.129366E-4        1.010870
        5.576000           0.169389E-4        1.012425           0.129373E-4        1.010870
        5.578000           0.169398E-4        1.012425           0.129379E-4        1.010871
        5.580000           0.169408E-4        1.012426           0.129386E-4        1.010871
        5.582000           0.169417E-4        1.012426           0.129392E-4        1.010871
        5.584000           0.169427E-4        1.012426           0.129399E-4        1.010871
        5.585999           0.169437E-4        1.012427           0.129405E-4        1.010872
        5.587999           0.169446E-4        1.012427           0.129411E-4        1.010872
        5.590000           0.169456E-4        1.012427           0.129418E-4        1.010872
        5.592000           0.169466E-4        1.012428           0.129424E-4        1.010872
        5.594000           0.169475E-4        1.012428           0.129431E-4        1.010873
        5.596000           0.169485E-4        1.012428           0.129437E-4        1.010873
        5.598000           0.169495E-4        1.012429           0.129444E-4        1.010873
        5.600000           0.169504E-4        1.012429           0.129450E-4        1.010873
        5.601999           0.169514E-4        1.012429           0.129457E-4        1.010874
        5.604000           0.169524E-4        1.012430           0.129463E-4        1.010874
        5.605999           0.169533E-4        1.012430           0.129469E-4        1.010874
        5.607999           0.169543E-4        1.012430           0.129476E-4        1.010875
        5.610000           0.169552E-4        1.012431           0.129482E-4        1.010875
        5.612000           0.169562E-4        1.012431           0.129489E-4        1.010875
        5.614000           0.169572E-4        1.012431           0.129495E-4        1.010875
        5.616000           0.169581E-4        1.012432           0.129502E-4        1.010876
        5.618000           0.169591E-4        1.012432           0.129508E-4        1.010876
        5.619999           0.169601E-4        1.012432           0.129514E-4        1.010876
        5.621999           0.169610E-4        1.012433           0.129521E-4        1.010876
        5.624000           0.169620E-4        1.012433           0.129527E-4        1.010877
        5.625999           0.169630E-4        1.012433           0.129534E-4        1.010877
        5.628000           0.169639E-4        1.012434           0.129540E-4        1.010877
        5.630000           0.169649E-4        1.012434           0.129547E-4        1.010877
        5.631999           0.169659E-4        1.012434           0.129553E-4        1.010878
        5.634000           0.169668E-4        1.012435           0.129560E-4        1.010878
        5.636000           0.169678E-4        1.012435           0.129566E-4        1.010878
        5.638000           0.169688E-4        1.012435           0.129572E-4        1.010878
        5.639999           0.169697E-4        1.012436           0.129579E-4        1.010879
        5.641999           0.169707E-4        1.012436           0.129585E-4        1.010879
        5.644000           0.169717E-4        1.012436           0.129592E-4        1.010879
        5.645999           0.169726E-4        1.012437           0.129598E-4        1.010879
        5.648000           0.169736E-4        1.012437           0.129605E-4        1.010880
        5.650000           0.169746E-4        1.012437           0.129611E-4        1.010880
        5.651999           0.169755E-4        1.012438           0.129618E-4        1.010880
        5.654000           0.169765E-4        1.012438           0.129624E-4        1.010880
        5.656000           0.169775E-4        1.012438           0.129631E-4        1.010881
        5.658000           0.169784E-4        1.012439           0.129637E-4        1.010881
        5.659999           0.169794E-4        1.012439           0.129643E-4        1.010881
        5.662000           0.169804E-4        1.012439           0.129650E-4        1.010882
        5.664000           0.169813E-4        1.012440           0.129656E-4        1.010882
        5.665999           0.169823E-4        1.012440           0.129663E-4        1.010882
        5.668000           0.169833E-4        1.012441           0.129669E-4        1.010882
        5.670000           0.169842E-4        1.012441           0.129676E-4        1.010882
        5.672000           0.169852E-4        1.012441           0.129682E-4        1.010883
        5.674000           0.169862E-4        1.012442           0.129689E-4        1.010883
        5.676000           0.169871E-4        1.012442           0.129695E-4        1.010883
        5.677999           0.169881E-4        1.012442           0.129702E-4        1.010884
        5.679999           0.169891E-4        1.012443           0.129708E-4        1.010884
        5.682000           0.169900E-4        1.012443           0.129715E-4        1.010884
        5.684000           0.169910E-4        1.012443           0.129721E-4        1.010884
        5.685999           0.169920E-4        1.012444           0.129727E-4        1.010885
        5.688000           0.169929E-4        1.012444           0.129734E-4        1.010885
        5.690000           0.169939E-4        1.012444           0.129741E-4        1.010885
        5.692000           0.169949E-4        1.012445           0.129747E-4        1.010885
        5.694000           0.169958E-4        1.012445           0.129753E-4        1.010886
        5.696000           0.169968E-4        1.012445           0.129760E-4        1.010886
        5.697999           0.169978E-4        1.012446           0.129766E-4        1.010886
        5.699999           0.169988E-4        1.012446           0.129773E-4        1.010886
        5.702000           0.169997E-4        1.012446           0.129779E-4        1.010887
        5.704000           0.170007E-4        1.012447           0.129785E-4        1.010887
        5.706000           0.170017E-4        1.012447           0.129792E-4        1.010887
        5.708000           0.170026E-4        1.012447           0.129799E-4        1.010888
        5.710000           0.170036E-4        1.012448           0.129805E-4        1.010888
        5.712000           0.170046E-4        1.012448           0.129811E-4        1.010888
        5.713999           0.170055E-4        1.012448           0.129818E-4        1.010888
        5.716000           0.170065E-4        1.012449           0.129824E-4        1.010889
        5.717999           0.170075E-4        1.012449           0.129831E-4        1.010889
        5.719999           0.170084E-4        1.012449           0.129837E-4        1.010889
        5.722000           0.170094E-4        1.012450           0.129844E-4        1.010889
        5.724000           0.170104E-4        1.012450           0.129850E-4        1.010890
        5.726000           0.170114E-4        1.012450           0.129857E-4        1.010890
        5.728000           0.170123E-4        1.012451           0.129863E-4        1.010890
        5.730000           0.170133E-4        1.012451           0.129870E-4        1.010890
        5.731999           0.170143E-4        1.012451           0.129876E-4        1.010891
        5.733999           0.170152E-4        1.012452           0.129883E-4        1.010891
        5.736000           0.170162E-4        1.012452           0.129889E-4        1.010891
        5.737999           0.170172E-4        1.012452           0.129895E-4        1.010891
        5.740000           0.170181E-4        1.012453           0.129902E-4        1.010892
        5.742000           0.170191E-4        1.012453           0.129909E-4        1.010892
        5.743999           0.170201E-4        1.012453           0.129915E-4        1.010892
        5.746000           0.170211E-4        1.012454           0.129922E-4        1.010892
        5.748000           0.170220E-4        1.012454           0.129928E-4        1.010893
        5.750000           0.170230E-4        1.012455           0.129934E-4        1.010893
        5.751999           0.170240E-4        1.012455           0.129941E-4        1.010893
        5.753999           0.170249E-4        1.012455           0.129948E-4        1.010893
        5.756000           0.170259E-4        1.012455           0.129954E-4        1.010894
        5.757999           0.170269E-4        1.012456           0.129961E-4        1.010894
        5.760000           0.170278E-4        1.012456           0.129967E-4        1.010894
        5.762000           0.170288E-4        1.012457           0.129974E-4        1.010895
        5.763999           0.170298E-4        1.012457           0.129980E-4        1.010895
        5.766000           0.170308E-4        1.012457           0.129986E-4        1.010895
        5.768000           0.170317E-4        1.012457           0.129993E-4        1.010895
        5.770000           0.170327E-4        1.012458           0.129999E-4        1.010895
        5.771999           0.170337E-4        1.012458           0.130006E-4        1.010896
        5.774000           0.170347E-4        1.012459           0.130012E-4        1.010896
        5.776000           0.170356E-4        1.012459           0.130019E-4        1.010896
        5.777999           0.170366E-4        1.012459           0.130025E-4        1.010897
        5.780000           0.170376E-4        1.012460           0.130032E-4        1.010897
        5.782000           0.170385E-4        1.012460           0.130038E-4        1.010897
        5.784000           0.170395E-4        1.012460           0.130045E-4        1.010897
        5.786000           0.170405E-4        1.012461           0.130051E-4        1.010898
        5.788000           0.170415E-4        1.012461           0.130058E-4        1.010898
        5.789999           0.170424E-4        1.012461           0.130064E-4        1.010898
        5.791999           0.170434E-4        1.012462           0.130071E-4        1.010898
        5.794000           0.170444E-4        1.012462           0.130077E-4        1.010899
        5.796000           0.170453E-4        1.012462           0.130084E-4        1.010899
        5.797999           0.170463E-4        1.012463           0.130090E-4        1.010899
        5.800000           0.170473E-4        1.012463           0.130097E-4        1.010899
        5.802000           0.170483E-4        1.012463           0.130103E-4        1.010900
        5.804000           0.170492E-4        1.012464           0.130110E-4        1.010900
        5.806000           0.170502E-4        1.012464           0.130116E-4        1.010900
        5.808000           0.170512E-4        1.012464           0.130123E-4        1.010900
        5.809999           0.170522E-4        1.012465           0.130129E-4        1.010901
        5.811999           0.170531E-4        1.012465           0.130136E-4        1.010901
        5.814000           0.170541E-4        1.012465           0.130142E-4        1.010901
        5.816000           0.170551E-4        1.012466           0.130149E-4        1.010901
        5.818000           0.170561E-4        1.012466           0.130155E-4        1.010902
        5.820000           0.170570E-4        1.012466           0.130162E-4        1.010902
        5.822000           0.170580E-4        1.012467           0.130168E-4        1.010902
        5.824000           0.170590E-4        1.012467           0.130175E-4        1.010903
        5.825999           0.170599E-4        1.012467           0.130181E-4        1.010903
        5.828000           0.170609E-4        1.012468           0.130188E-4        1.010903
        5.829999           0.170619E-4        1.012468           0.130194E-4        1.010903
        5.831999           0.170629E-4        1.012468           0.130201E-4        1.010904
        5.834000           0.170638E-4        1.012469           0.130207E-4        1.010904
        5.835999           0.170648E-4        1.012469           0.130213E-4        1.010904
        5.838000           0.170658E-4        1.012469           0.130220E-4        1.010904
        5.840000           0.170668E-4        1.012470           0.130227E-4        1.010905
        5.842000           0.170677E-4        1.012470           0.130233E-4        1.010905
        5.843999           0.170687E-4        1.012470           0.130240E-4        1.010905
        5.845999           0.170697E-4        1.012471           0.130246E-4        1.010905
        5.848000           0.170707E-4        1.012471           0.130253E-4        1.010906
        5.849999           0.170716E-4        1.012472           0.130259E-4        1.010906
        5.852000           0.170726E-4        1.012472           0.130266E-4        1.010906
        5.854000           0.170736E-4        1.012472           0.130272E-4        1.010906
        5.855999           0.170746E-4        1.012473           0.130279E-4        1.010907
        5.858000           0.170755E-4        1.012473           0.130285E-4        1.010907
        5.860000           0.170765E-4        1.012473           0.130292E-4        1.010907
        5.862000           0.170775E-4        1.012474           0.130298E-4        1.010908
        5.863999           0.170785E-4        1.012474           0.130305E-4        1.010908
        5.865999           0.170794E-4        1.012474           0.130311E-4        1.010908
        5.868000           0.170804E-4        1.012475           0.130317E-4        1.010908
        5.869999           0.170814E-4        1.012475           0.130324E-4        1.010908
        5.872000           0.170824E-4        1.012475           0.130331E-4        1.010909
        5.874000           0.170833E-4        1.012476           0.130337E-4        1.010909
        5.875999           0.170843E-4        1.012476           0.130344E-4        1.010909
        5.878000           0.170853E-4        1.012476           0.130350E-4        1.010910
        5.880000           0.170863E-4        1.012477           0.130357E-4        1.010910
        5.881999           0.170872E-4        1.012477           0.130363E-4        1.010910
        5.883999           0.170882E-4        1.012477           0.130370E-4        1.010910
        5.886000           0.170892E-4        1.012478           0.130376E-4        1.010911
        5.888000           0.170902E-4        1.012478           0.130383E-4        1.010911
        5.889999           0.170912E-4        1.012478           0.130389E-4        1.010911
        5.892000           0.170921E-4        1.012479           0.130396E-4        1.010911
        5.894000           0.170931E-4        1.012479           0.130402E-4        1.010912
        5.896000           0.170941E-4        1.012479           0.130409E-4        1.010912
        5.898000           0.170951E-4        1.012480           0.130415E-4        1.010912
        5.900000           0.170960E-4        1.012480           0.130422E-4        1.010912
        5.901999           0.170970E-4        1.012480           0.130428E-4        1.010913
        5.903999           0.170980E-4        1.012481           0.130435E-4        1.010913
        5.906000           0.170990E-4        1.012481           0.130442E-4        1.010913
        5.908000           0.171000E-4        1.012481           0.130448E-4        1.010913
        5.909999           0.171009E-4        1.012482           0.130454E-4        1.010914
        5.912000           0.171019E-4        1.012482           0.130461E-4        1.010914
        5.914000           0.171029E-4        1.012482           0.130468E-4        1.010914
        5.916000           0.171039E-4        1.012483           0.130474E-4        1.010915
        5.918000           0.171048E-4        1.012483           0.130481E-4        1.010915
        5.920000           0.171058E-4        1.012483           0.130487E-4        1.010915
        5.921999           0.171068E-4        1.012484           0.130494E-4        1.010915
        5.923999           0.171078E-4        1.012484           0.130500E-4        1.010916
        5.926000           0.171088E-4        1.012484           0.130507E-4        1.010916
        5.927999           0.171097E-4        1.012485           0.130513E-4        1.010916
        5.930000           0.171107E-4        1.012485           0.130520E-4        1.010916
        5.932000           0.171117E-4        1.012486           0.130526E-4        1.010917
        5.934000           0.171127E-4        1.012486           0.130533E-4        1.010917
        5.936000           0.171136E-4        1.012486           0.130539E-4        1.010917
        5.938000           0.171146E-4        1.012487           0.130546E-4        1.010917
        5.940000           0.171156E-4        1.012487           0.130552E-4        1.010918
        5.941999           0.171166E-4        1.012487           0.130559E-4        1.010918
        5.943999           0.171176E-4        1.012488           0.130565E-4        1.010918
        5.946000           0.171185E-4        1.012488           0.130572E-4        1.010918
        5.947999           0.171195E-4        1.012488           0.130579E-4        1.010919
        5.950000           0.171205E-4        1.012489           0.130585E-4        1.010919
        5.952000           0.171215E-4        1.012489           0.130591E-4        1.010919
        5.954000           0.171225E-4        1.012489           0.130598E-4        1.010919
        5.955999           0.171234E-4        1.012490           0.130605E-4        1.010920
        5.957999           0.171244E-4        1.012490           0.130611E-4        1.010920
        5.960000           0.171254E-4        1.012490           0.130618E-4        1.010920
        5.961999           0.171264E-4        1.012491           0.130624E-4        1.010921
        5.964000           0.171274E-4        1.012491           0.130631E-4        1.010921
        5.966000           0.171283E-4        1.012491           0.130637E-4        1.010921
        5.967999           0.171293E-4        1.012492           0.130644E-4        1.010921
        5.970000           0.171303E-4        1.012492           0.130650E-4        1.010922
        5.972000           0.171313E-4        1.012492           0.130657E-4        1.010922
        5.974000           0.171323E-4        1.012493           0.130663E-4        1.010922
        5.975999           0.171332E-4        1.012493           0.130670E-4        1.010922
        5.977999           0.171342E-4        1.012493           0.130677E-4        1.010923
        5.980000           0.171352E-4        1.012494           0.130683E-4        1.010923
        5.981999           0.171362E-4        1.012494           0.130689E-4        1.010923
        5.984000           0.171372E-4        1.012494           0.130696E-4        1.010923
        5.986000           0.171381E-4        1.012495           0.130703E-4        1.010924
        5.987999           0.171391E-4        1.012495           0.130709E-4        1.010924
        5.990000           0.171401E-4        1.012495           0.130716E-4        1.010924
        5.992000           0.171411E-4        1.012496           0.130722E-4        1.010924
        5.993999           0.171421E-4        1.012496           0.130729E-4        1.010925
        5.995999           0.171430E-4        1.012496           0.130735E-4        1.010925
        5.998000           0.171440E-4        1.012497           0.130742E-4        1.010925
        6.000000           0.171450E-4        1.012497           0.130748E-4        1.010926
        6.001999           0.171460E-4        1.012498           0.130755E-4        1.010926
        6.004000           0.171470E-4        1.012498           0.130761E-4        1.010926
        6.006000           0.171480E-4        1.012498           0.130768E-4        1.010926
        6.008000           0.171489E-4        1.012498           0.130774E-4        1.010927
        6.010000           0.171499E-4        1.012499           0.130781E-4        1.010927
        6.012000           0.171509E-4        1.012499           0.130788E-4        1.010927
        6.013999           0.171519E-4        1.012500           0.130794E-4        1.010927
        6.015999           0.171529E-4        1.012500           0.130801E-4        1.010928
        6.018000           0.171539E-4        1.012500           0.130807E-4        1.010928
        6.020000           0.171548E-4        1.012501           0.130814E-4        1.010928
        6.021999           0.171558E-4        1.012501           0.130820E-4        1.010928
        6.024000           0.171568E-4        1.012501           0.130827E-4        1.010929
        6.026000           0.171578E-4        1.012502           0.130833E-4        1.010929
        6.028000           0.171588E-4        1.012502           0.130840E-4        1.010929
        6.030000           0.171597E-4        1.012502           0.130846E-4        1.010929
        6.032000           0.171607E-4        1.012503           0.130853E-4        1.010930
        6.033999           0.171617E-4        1.012503           0.130859E-4        1.010930
        6.035999           0.171627E-4        1.012503           0.130866E-4        1.010930
        6.038000           0.171637E-4        1.012504           0.130873E-4        1.010931
        6.039999           0.171647E-4        1.012504           0.130879E-4        1.010931
        6.042000           0.171656E-4        1.012504           0.130886E-4        1.010931
        6.044000           0.171666E-4        1.012505           0.130892E-4        1.010931
        6.046000           0.171676E-4        1.012505           0.130899E-4        1.010931
        6.048000           0.171686E-4        1.012505           0.130905E-4        1.010932
        6.050000           0.171696E-4        1.012506           0.130912E-4        1.010932
        6.052000           0.171706E-4        1.012506           0.130919E-4        1.010932
        6.053999           0.171715E-4        1.012506           0.130925E-4        1.010933
        6.055999           0.171725E-4        1.012507           0.130931E-4        1.010933
        6.058000           0.171735E-4        1.012507           0.130938E-4        1.010933
        6.059999           0.171745E-4        1.012507           0.130945E-4        1.010933
        6.062000           0.171755E-4        1.012508           0.130951E-4        1.010934
        6.064000           0.171765E-4        1.012508           0.130958E-4        1.010934
        6.066000           0.171775E-4        1.012509           0.130965E-4        1.010934
        6.068000           0.171784E-4        1.012509           0.130971E-4        1.010934
        6.069999           0.171794E-4        1.012509           0.130977E-4        1.010935
        6.072000           0.171804E-4        1.012509           0.130984E-4        1.010935
        6.073999           0.171814E-4        1.012510           0.130991E-4        1.010935
        6.076000           0.171824E-4        1.012510           0.130997E-4        1.010935
        6.078000           0.171834E-4        1.012511           0.131004E-4        1.010936
        6.079999           0.171843E-4        1.012511           0.131010E-4        1.010936
        6.082000           0.171853E-4        1.012511           0.131017E-4        1.010936
        6.084000           0.171863E-4        1.012512           0.131023E-4        1.010936
        6.085999           0.171873E-4        1.012512           0.131030E-4        1.010937
        6.087999           0.171883E-4        1.012512           0.131037E-4        1.010937
        6.089999           0.171893E-4        1.012513           0.131043E-4        1.010937
        6.092000           0.171903E-4        1.012513           0.131050E-4        1.010938
        6.093999           0.171912E-4        1.012513           0.131057E-4        1.010938
        6.096000           0.171922E-4        1.012514           0.131063E-4        1.010938
        6.098000           0.171932E-4        1.012514           0.131070E-4        1.010938
        6.099999           0.171942E-4        1.012514           0.131076E-4        1.010939
        6.102000           0.171952E-4        1.012515           0.131083E-4        1.010939
        6.104000           0.171962E-4        1.012515           0.131089E-4        1.010939
        6.105999           0.171972E-4        1.012515           0.131096E-4        1.010939
        6.107999           0.171981E-4        1.012516           0.131102E-4        1.010940
        6.110000           0.171991E-4        1.012516           0.131109E-4        1.010940
        6.112000           0.172001E-4        1.012516           0.131116E-4        1.010940
        6.113999           0.172011E-4        1.012517           0.131122E-4        1.010940
        6.116000           0.172021E-4        1.012517           0.131129E-4        1.010941
        6.118000           0.172031E-4        1.012517           0.131135E-4        1.010941
        6.120000           0.172041E-4        1.012518           0.131142E-4        1.010941
        6.122000           0.172050E-4        1.012518           0.131148E-4        1.010942
        6.124000           0.172060E-4        1.012518           0.131155E-4        1.010942
        6.125999           0.172070E-4        1.012519           0.131162E-4        1.010942
        6.127999           0.172080E-4        1.012519           0.131168E-4        1.010942
        6.130000           0.172090E-4        1.012519           0.131175E-4        1.010943
        6.131999           0.172100E-4        1.012520           0.131181E-4        1.010943
        6.133999           0.172110E-4        1.012520           0.131188E-4        1.010943
        6.136000           0.172120E-4        1.012521           0.131195E-4        1.010943
        6.138000           0.172129E-4        1.012521           0.131201E-4        1.010944
        6.140000           0.172139E-4        1.012521           0.131207E-4        1.010944
        6.142000           0.172149E-4        1.012522           0.131214E-4        1.010944
        6.144000           0.172159E-4        1.012522           0.131221E-4        1.010944
        6.145999           0.172169E-4        1.012522           0.131227E-4        1.010945
        6.147999           0.172179E-4        1.012523           0.131234E-4        1.010945
        6.150000           0.172189E-4        1.012523           0.131240E-4        1.010945
        6.151999           0.172199E-4        1.012523           0.131247E-4        1.010945
        6.154000           0.172208E-4        1.012524           0.131254E-4        1.010946
        6.156000           0.172218E-4        1.012524           0.131260E-4        1.010946
        6.158000           0.172228E-4        1.012524           0.131267E-4        1.010946
        6.160000           0.172238E-4        1.012525           0.131273E-4        1.010947
        6.162000           0.172248E-4        1.012525           0.131280E-4        1.010947
        6.164000           0.172258E-4        1.012525           0.131287E-4        1.010947
        6.165999           0.172268E-4        1.012526           0.131293E-4        1.010947
        6.167999           0.172278E-4        1.012526           0.131300E-4        1.010948
        6.170000           0.172288E-4        1.012526           0.131306E-4        1.010948
        6.171999           0.172297E-4        1.012527           0.131313E-4        1.010948
        6.174000           0.172307E-4        1.012527           0.131320E-4        1.010948
        6.176000           0.172317E-4        1.012527           0.131326E-4        1.010949
        6.177999           0.172327E-4        1.012528           0.131333E-4        1.010949
        6.180000           0.172337E-4        1.012528           0.131339E-4        1.010949
        6.181999           0.172347E-4        1.012528           0.131346E-4        1.010949
        6.184000           0.172357E-4        1.012529           0.131352E-4        1.010950
        6.185999           0.172367E-4        1.012529           0.131359E-4        1.010950
        6.188000           0.172377E-4        1.012529           0.131365E-4        1.010950
        6.190000           0.172387E-4        1.012530           0.131372E-4        1.010950
        6.191999           0.172396E-4        1.012530           0.131379E-4        1.010951
        6.194000           0.172406E-4        1.012531           0.131385E-4        1.010951
        6.196000           0.172416E-4        1.012531           0.131392E-4        1.010951
        6.198000           0.172426E-4        1.012531           0.131398E-4        1.010952
        6.199999           0.172436E-4        1.012532           0.131405E-4        1.010952
        6.201999           0.172446E-4        1.012532           0.131412E-4        1.010952
        6.204000           0.172456E-4        1.012532           0.131418E-4        1.010952
        6.205999           0.172466E-4        1.012533           0.131425E-4        1.010952
        6.208000           0.172476E-4        1.012533           0.131432E-4        1.010953
        6.210000           0.172486E-4        1.012533           0.131438E-4        1.010953
        6.211999           0.172495E-4        1.012534           0.131445E-4        1.010953
        6.214000           0.172505E-4        1.012534           0.131451E-4        1.010954
        6.216000           0.172515E-4        1.012534           0.131458E-4        1.010954
        6.217999           0.172525E-4        1.012535           0.131465E-4        1.010954
        6.219999           0.172535E-4        1.012535           0.131471E-4        1.010954
        6.222000           0.172545E-4        1.012535           0.131478E-4        1.010955
        6.224000           0.172555E-4        1.012536           0.131484E-4        1.010955
        6.225999           0.172565E-4        1.012536           0.131491E-4        1.010955
        6.228000           0.172575E-4        1.012536           0.131497E-4        1.010955
        6.230000           0.172585E-4        1.012537           0.131504E-4        1.010956
        6.232000           0.172595E-4        1.012537           0.131511E-4        1.010956
        6.234000           0.172604E-4        1.012537           0.131517E-4        1.010956
        6.236000           0.172614E-4        1.012538           0.131524E-4        1.010957
        6.237999           0.172624E-4        1.012538           0.131530E-4        1.010957
        6.239999           0.172634E-4        1.012538           0.131537E-4        1.010957
        6.242000           0.172644E-4        1.012539           0.131544E-4        1.010957
        6.243999           0.172654E-4        1.012539           0.131550E-4        1.010957
        6.245999           0.172664E-4        1.012540           0.131557E-4        1.010958
        6.248000           0.172674E-4        1.012540           0.131563E-4        1.010958
        6.250000           0.172684E-4        1.012540           0.131570E-4        1.010958
        6.252000           0.172694E-4        1.012541           0.131577E-4        1.010959
        6.254000           0.172704E-4        1.012541           0.131583E-4        1.010959
        6.256000           0.172714E-4        1.012541           0.131590E-4        1.010959
        6.257999           0.172724E-4        1.012542           0.131597E-4        1.010959
        6.259999           0.172734E-4        1.012542           0.131603E-4        1.010960
        6.262000           0.172743E-4        1.012542           0.131610E-4        1.010960
        6.263999           0.172753E-4        1.012543           0.131616E-4        1.010960
        6.266000           0.172763E-4        1.012543           0.131623E-4        1.010960
        6.268000           0.172773E-4        1.012543           0.131630E-4        1.010961
        6.270000           0.172783E-4        1.012544           0.131636E-4        1.010961
        6.272000           0.172793E-4        1.012544           0.131643E-4        1.010961
        6.274000           0.172803E-4        1.012544           0.131649E-4        1.010961
        6.276000           0.172813E-4        1.012545           0.131656E-4        1.010962
        6.277999           0.172823E-4        1.012545           0.131662E-4        1.010962
        6.279999           0.172833E-4        1.012545           0.131669E-4        1.010962
        6.282000           0.172843E-4        1.012546           0.131676E-4        1.010962
        6.283999           0.172853E-4        1.012546           0.131683E-4        1.010963
        6.286000           0.172863E-4        1.012546           0.131689E-4        1.010963
        6.288000           0.172873E-4        1.012547           0.131696E-4        1.010963
        6.289999           0.172883E-4        1.012547           0.131702E-4        1.010964
        6.292000           0.172892E-4        1.012547           0.131709E-4        1.010964
        6.293999           0.172902E-4        1.012548           0.131716E-4        1.010964
        6.296000           0.172912E-4        1.012548           0.131722E-4        1.010964
        6.297999           0.172922E-4        1.012548           0.131729E-4        1.010965
        6.300000           0.172932E-4        1.012549           0.131735E-4        1.010965
        6.302000           0.172942E-4        1.012549           0.131742E-4        1.010965
        6.303999           0.172952E-4        1.012550           0.131749E-4        1.010965
        6.306000           0.172962E-4        1.012550           0.131755E-4        1.010966
        6.308000           0.172972E-4        1.012550           0.131762E-4        1.010966
        6.310000           0.172982E-4        1.012551           0.131768E-4        1.010966
        6.311999           0.172992E-4        1.012551           0.131775E-4        1.010966
        6.313999           0.173002E-4        1.012551           0.131782E-4        1.010967
        6.316000           0.173012E-4        1.012552           0.131788E-4        1.010967
        6.317999           0.173022E-4        1.012552           0.131795E-4        1.010967
        6.320000           0.173032E-4        1.012552           0.131801E-4        1.010967
        6.322000           0.173042E-4        1.012553           0.131808E-4        1.010968
        6.323999           0.173052E-4        1.012553           0.131815E-4        1.010968
        6.326000           0.173062E-4        1.012553           0.131822E-4        1.010968
        6.328000           0.173072E-4        1.012554           0.131828E-4        1.010969
        6.329999           0.173082E-4        1.012554           0.131835E-4        1.010969
        6.331999           0.173091E-4        1.012554           0.131841E-4        1.010969
        6.334000           0.173101E-4        1.012555           0.131848E-4        1.010969
        6.335999           0.173111E-4        1.012555           0.131854E-4        1.010970
        6.337999           0.173121E-4        1.012555           0.131861E-4        1.010970
        6.340000           0.173131E-4        1.012556           0.131868E-4        1.010970
        6.342000           0.173141E-4        1.012556           0.131874E-4        1.010970
        6.344000           0.173151E-4        1.012556           0.131881E-4        1.010971
        6.346000           0.173161E-4        1.012557           0.131888E-4        1.010971
        6.348000           0.173171E-4        1.012557           0.131895E-4        1.010971
        6.349999           0.173181E-4        1.012558           0.131901E-4        1.010971
        6.351999           0.173191E-4        1.012558           0.131908E-4        1.010972
        6.354000           0.173201E-4        1.012558           0.131914E-4        1.010972
        6.355999           0.173211E-4        1.012558           0.131921E-4        1.010972
        6.357999           0.173221E-4        1.012559           0.131927E-4        1.010972
        6.360000           0.173231E-4        1.012559           0.131934E-4        1.010973
        6.362000           0.173241E-4        1.012560           0.131941E-4        1.010973
        6.364000           0.173251E-4        1.012560           0.131947E-4        1.010973
        6.366000           0.173261E-4        1.012560           0.131954E-4        1.010974
        6.368000           0.173271E-4        1.012561           0.131961E-4        1.010974
        6.369999           0.173281E-4        1.012561           0.131967E-4        1.010974
        6.371999           0.173291E-4        1.012561           0.131974E-4        1.010974
        6.374000           0.173301E-4        1.012562           0.131981E-4        1.010975
        6.375999           0.173311E-4        1.012562           0.131987E-4        1.010975
        6.378000           0.173321E-4        1.012562           0.131994E-4        1.010975
        6.380000           0.173331E-4        1.012563           0.132000E-4        1.010975
        6.381999           0.173341E-4        1.012563           0.132007E-4        1.010976
        6.384000           0.173351E-4        1.012563           0.132014E-4        1.010976
        6.386000           0.173361E-4        1.012564           0.132020E-4        1.010976
        6.388000           0.173371E-4        1.012564           0.132027E-4        1.010976
        6.389999           0.173381E-4        1.012564           0.132034E-4        1.010977
        6.391999           0.173391E-4        1.012565           0.132040E-4        1.010977
        6.394000           0.173401E-4        1.012565           0.132047E-4        1.010977
        6.395999           0.173411E-4        1.012565           0.132053E-4        1.010978
        6.398000           0.173421E-4        1.012566           0.132060E-4        1.010978
        6.400000           0.173431E-4        1.012566           0.132067E-4        1.010978
        6.401999           0.173441E-4        1.012566           0.132073E-4        1.010978
        6.404000           0.173451E-4        1.012567           0.132080E-4        1.010979
        6.405999           0.173461E-4        1.012567           0.132087E-4        1.010979
        6.408000           0.173471E-4        1.012568           0.132093E-4        1.010979
        6.409999           0.173481E-4        1.012568           0.132100E-4        1.010979
        6.412000           0.173491E-4        1.012568           0.132107E-4        1.010980
        6.414000           0.173501E-4        1.012569           0.132113E-4        1.010980
        6.415999           0.173511E-4        1.012569           0.132120E-4        1.010980
        6.418000           0.173521E-4        1.012569           0.132127E-4        1.010980
        6.420000           0.173531E-4        1.012570           0.132134E-4        1.010981
        6.422000           0.173541E-4        1.012570           0.132140E-4        1.010981
        6.423999           0.173551E-4        1.012570           0.132147E-4        1.010981
        6.425999           0.173561E-4        1.012571           0.132153E-4        1.010981
        6.427999           0.173571E-4        1.012571           0.132160E-4        1.010982
        6.429999           0.173581E-4        1.012571           0.132167E-4        1.010982
        6.432000           0.173591E-4        1.012572           0.132173E-4        1.010982
        6.434000           0.173601E-4        1.012572           0.132180E-4        1.010983
        6.435999           0.173611E-4        1.012572           0.132186E-4        1.010983
        6.438000           0.173621E-4        1.012573           0.132193E-4        1.010983
        6.440000           0.173631E-4        1.012573           0.132200E-4        1.010983
        6.441999           0.173641E-4        1.012573           0.132207E-4        1.010984
        6.443999           0.173651E-4        1.012574           0.132213E-4        1.010984
        6.446000           0.173661E-4        1.012574           0.132220E-4        1.010984
        6.447999           0.173671E-4        1.012574           0.132226E-4        1.010984
        6.449999           0.173681E-4        1.012575           0.132233E-4        1.010985
        6.452000           0.173691E-4        1.012575           0.132240E-4        1.010985
        6.454000           0.173701E-4        1.012576           0.132247E-4        1.010985
        6.456000           0.173711E-4        1.012576           0.132253E-4        1.010985
        6.458000           0.173721E-4        1.012576           0.132260E-4        1.010986
        6.460000           0.173731E-4        1.012577           0.132266E-4        1.010986
        6.461999           0.173741E-4        1.012577           0.132273E-4        1.010986
        6.463999           0.173751E-4        1.012577           0.132280E-4        1.010987
        6.466000           0.173761E-4        1.012578           0.132286E-4        1.010987
        6.467999           0.173771E-4        1.012578           0.132293E-4        1.010987
        6.469999           0.173781E-4        1.012578           0.132300E-4        1.010987
        6.472000           0.173791E-4        1.012579           0.132306E-4        1.010988
        6.474000           0.173801E-4        1.012579           0.132313E-4        1.010988
        6.476000           0.173811E-4        1.012579           0.132320E-4        1.010988
        6.478000           0.173821E-4        1.012580           0.132326E-4        1.010988
        6.480000           0.173831E-4        1.012580           0.132333E-4        1.010989
        6.481999           0.173841E-4        1.012580           0.132340E-4        1.010989
        6.483999           0.173851E-4        1.012581           0.132346E-4        1.010989
        6.486000           0.173861E-4        1.012581           0.132353E-4        1.010989
        6.487999           0.173871E-4        1.012581           0.132360E-4        1.010990
        6.490000           0.173881E-4        1.012582           0.132366E-4        1.010990
        6.492000           0.173891E-4        1.012582           0.132373E-4        1.010990
        6.493999           0.173901E-4        1.012582           0.132380E-4        1.010991
        6.496000           0.173911E-4        1.012583           0.132387E-4        1.010991
        6.498000           0.173921E-4        1.012583           0.132393E-4        1.010991
        6.500000           0.173931E-4        1.012583           0.132400E-4        1.010991
        6.501999           0.173941E-4        1.012584           0.132406E-4        1.010992
        6.503999           0.173951E-4        1.012584           0.132413E-4        1.010992
        6.506000           0.173961E-4        1.012585           0.132420E-4        1.010992
        6.507999           0.173972E-4        1.012585           0.132426E-4        1.010992
        6.510000           0.173982E-4        1.012585           0.132433E-4        1.010993
        6.512000           0.173992E-4        1.012586           0.132440E-4        1.010993
        6.513999           0.174002E-4        1.012586           0.132446E-4        1.010993
        6.516000           0.174012E-4        1.012586           0.132453E-4        1.010993
        6.518000           0.174022E-4        1.012587           0.132460E-4        1.010994
        6.520000           0.174032E-4        1.012587           0.132466E-4        1.010994
        6.521999           0.174042E-4        1.012587           0.132473E-4        1.010994
        6.524000           0.174052E-4        1.012588           0.132480E-4        1.010994
        6.526000           0.174062E-4        1.012588           0.132486E-4        1.010995
        6.527999           0.174072E-4        1.012588           0.132493E-4        1.010995
        6.530000           0.174082E-4        1.012589           0.132500E-4        1.010995
        6.532000           0.174092E-4        1.012589           0.132506E-4        1.010996
        6.534000           0.174102E-4        1.012589           0.132513E-4        1.010996
        6.535999           0.174112E-4        1.012590           0.132520E-4        1.010996
        6.537999           0.174122E-4        1.012590           0.132527E-4        1.010996
        6.539999           0.174132E-4        1.012590           0.132533E-4        1.010997
        6.541999           0.174142E-4        1.012591           0.132540E-4        1.010997
        6.544000           0.174152E-4        1.012591           0.132547E-4        1.010997
        6.546000           0.174162E-4        1.012591           0.132553E-4        1.010997
        6.547999           0.174172E-4        1.012592           0.132560E-4        1.010998
        6.550000           0.174182E-4        1.012592           0.132567E-4        1.010998
        6.552000           0.174193E-4        1.012593           0.132573E-4        1.010998
        6.553999           0.174203E-4        1.012593           0.132580E-4        1.010998
        6.555999           0.174213E-4        1.012593           0.132587E-4        1.010999
        6.558000           0.174223E-4        1.012594           0.132593E-4        1.010999
        6.559999           0.174233E-4        1.012594           0.132600E-4        1.010999
        6.561999           0.174243E-4        1.012594           0.132607E-4        1.011000
        6.564000           0.174253E-4        1.012595           0.132613E-4        1.011000
        6.566000           0.174263E-4        1.012595           0.132620E-4        1.011000
        6.568000           0.174273E-4        1.012595           0.132627E-4        1.011000
        6.570000           0.174283E-4        1.012596           0.132634E-4        1.011001
        6.572000           0.174293E-4        1.012596           0.132640E-4        1.011001
        6.573999           0.174303E-4        1.012596           0.132647E-4        1.011001
        6.575999           0.174313E-4        1.012597           0.132654E-4        1.011001
        6.578000           0.174323E-4        1.012597           0.132660E-4        1.011002
        6.579999           0.174333E-4        1.012597           0.132667E-4        1.011002
        6.581999           0.174344E-4        1.012598           0.132674E-4        1.011002
        6.584000           0.174354E-4        1.012598           0.132681E-4        1.011002
        6.585999           0.174364E-4        1.012599           0.132687E-4        1.011003
        6.588000           0.174374E-4        1.012599           0.132694E-4        1.011003
        6.590000           0.174384E-4        1.012599           0.132700E-4        1.011003
        6.592000           0.174394E-4        1.012599           0.132707E-4        1.011003
        6.593999           0.174404E-4        1.012600           0.132714E-4        1.011004
        6.595999           0.174414E-4        1.012600           0.132721E-4        1.011004
        6.598000           0.174424E-4        1.012601           0.132727E-4        1.011004
        6.599999           0.174434E-4        1.012601           0.132734E-4        1.011005
        6.602000           0.174444E-4        1.012601           0.132741E-4        1.011005
        6.604000           0.174454E-4        1.012602           0.132747E-4        1.011005
        6.605999           0.174464E-4        1.012602           0.132754E-4        1.011005
        6.608000           0.174475E-4        1.012602           0.132761E-4        1.011006
        6.610000           0.174485E-4        1.012603           0.132767E-4        1.011006
        6.612000           0.174495E-4        1.012603           0.132774E-4        1.011006
        6.613999           0.174505E-4        1.012603           0.132781E-4        1.011006
        6.615999           0.174515E-4        1.012604           0.132787E-4        1.011007
        6.618000           0.174525E-4        1.012604           0.132794E-4        1.011007
        6.619999           0.174535E-4        1.012604           0.132801E-4        1.011007
        6.622000           0.174545E-4        1.012605           0.132807E-4        1.011007
        6.624000           0.174555E-4        1.012605           0.132814E-4        1.011008
        6.625999           0.174565E-4        1.012605           0.132821E-4        1.011008
        6.628000           0.174575E-4        1.012606           0.132828E-4        1.011008
        6.630000           0.174586E-4        1.012606           0.132835E-4        1.011009
        6.631999           0.174596E-4        1.012607           0.132841E-4        1.011009
        6.633999           0.174606E-4        1.012607           0.132848E-4        1.011009
        6.636000           0.174616E-4        1.012607           0.132855E-4        1.011009
        6.638000           0.174626E-4        1.012608           0.132861E-4        1.011010
        6.639999           0.174636E-4        1.012608           0.132868E-4        1.011010
        6.642000           0.174646E-4        1.012608           0.132875E-4        1.011010
        6.644000           0.174656E-4        1.012609           0.132881E-4        1.011010
        6.646000           0.174666E-4        1.012609           0.132888E-4        1.011011
        6.648000           0.174676E-4        1.012609           0.132895E-4        1.011011
        6.649999           0.174687E-4        1.012610           0.132901E-4        1.011011
        6.651999           0.174697E-4        1.012610           0.132908E-4        1.011011
        6.653999           0.174707E-4        1.012610           0.132915E-4        1.011012
        6.656000           0.174717E-4        1.012611           0.132922E-4        1.011012
        6.658000           0.174727E-4        1.012611           0.132928E-4        1.011012
        6.659999           0.174737E-4        1.012611           0.132935E-4        1.011013
        6.662000           0.174747E-4        1.012612           0.132942E-4        1.011013
        6.664000           0.174757E-4        1.012612           0.132948E-4        1.011013
        6.665999           0.174767E-4        1.012612           0.132955E-4        1.011013
        6.667999           0.174777E-4        1.012613           0.132962E-4        1.011014
        6.669999           0.174788E-4        1.012613           0.132968E-4        1.011014
        6.671999           0.174798E-4        1.012614           0.132975E-4        1.011014
        6.673999           0.174808E-4        1.012614           0.132982E-4        1.011014
        6.676000           0.174818E-4        1.012614           0.132989E-4        1.011015
        6.677999           0.174828E-4        1.012615           0.132995E-4        1.011015
        6.680000           0.174838E-4        1.012615           0.133002E-4        1.011015
        6.682000           0.174848E-4        1.012615           0.133009E-4        1.011015
        6.684000           0.174858E-4        1.012616           0.133016E-4        1.011016
        6.685999           0.174869E-4        1.012616           0.133023E-4        1.011016
        6.687999           0.174879E-4        1.012616           0.133029E-4        1.011016
        6.690000           0.174889E-4        1.012617           0.133036E-4        1.011016
        6.691999           0.174899E-4        1.012617           0.133042E-4        1.011017
        6.693999           0.174909E-4        1.012617           0.133049E-4        1.011017
        6.696000           0.174919E-4        1.012618           0.133056E-4        1.011017
        6.697999           0.174929E-4        1.012618           0.133062E-4        1.011018
        6.700000           0.174939E-4        1.012618           0.133069E-4        1.011018
        6.702000           0.174949E-4        1.012619           0.133076E-4        1.011018
        6.704000           0.174960E-4        1.012619           0.133083E-4        1.011018
        6.705999           0.174970E-4        1.012619           0.133090E-4        1.011019
        6.707999           0.174980E-4        1.012620           0.133096E-4        1.011019
        6.710000           0.174990E-4        1.012620           0.133103E-4        1.011019
        6.711999           0.175000E-4        1.012620           0.133110E-4        1.011019
        6.714000           0.175010E-4        1.012621           0.133117E-4        1.011020
        6.716000           0.175020E-4        1.012621           0.133123E-4        1.011020
        6.717999           0.175031E-4        1.012622           0.133130E-4        1.011020
        6.720000           0.175041E-4        1.012622           0.133137E-4        1.011021
        6.722000           0.175051E-4        1.012622           0.133143E-4        1.011021
        6.724000           0.175061E-4        1.012623           0.133150E-4        1.011021
        6.725999           0.175071E-4        1.012623           0.133157E-4        1.011021
        6.727999           0.175081E-4        1.012623           0.133164E-4        1.011022
        6.730000           0.175091E-4        1.012624           0.133170E-4        1.011022
        6.731999           0.175101E-4        1.012624           0.133177E-4        1.011022
        6.734000           0.175112E-4        1.012624           0.133184E-4        1.011022
        6.736000           0.175122E-4        1.012625           0.133191E-4        1.011023
        6.737999           0.175132E-4        1.012625           0.133197E-4        1.011023
        6.740000           0.175142E-4        1.012625           0.133204E-4        1.011023
        6.742000           0.175152E-4        1.012626           0.133211E-4        1.011023
        6.743999           0.175162E-4        1.012626           0.133217E-4        1.011024
        6.745999           0.175172E-4        1.012626           0.133224E-4        1.011024
        6.748000           0.175183E-4        1.012627           0.133231E-4        1.011024
        6.750000           0.175193E-4        1.012627           0.133238E-4        1.011024
        6.751999           0.175203E-4        1.012627           0.133245E-4        1.011025
        6.754000           0.175213E-4        1.012628           0.133251E-4        1.011025
        6.756000           0.175223E-4        1.012628           0.133258E-4        1.011025
        6.758000           0.175233E-4        1.012629           0.133265E-4        1.011026
        6.760000           0.175244E-4        1.012629           0.133271E-4        1.011026
        6.761999           0.175254E-4        1.012629           0.133278E-4        1.011026
        6.763999           0.175264E-4        1.012630           0.133285E-4        1.011026
        6.765999           0.175274E-4        1.012630           0.133292E-4        1.011027
        6.768000           0.175284E-4        1.012630           0.133298E-4        1.011027
        6.770000           0.175294E-4        1.012631           0.133305E-4        1.011027
        6.771999           0.175304E-4        1.012631           0.133312E-4        1.011027
        6.774000           0.175315E-4        1.012631           0.133319E-4        1.011028
        6.776000           0.175325E-4        1.012632           0.133325E-4        1.011028
        6.778000           0.175335E-4        1.012632           0.133332E-4        1.011028
        6.779999           0.175345E-4        1.012632           0.133339E-4        1.011029
        6.781999           0.175355E-4        1.012633           0.133346E-4        1.011029
        6.783999           0.175365E-4        1.012633           0.133352E-4        1.011029
        6.785999           0.175376E-4        1.012633           0.133359E-4        1.011029
        6.788000           0.175386E-4        1.012634           0.133366E-4        1.011030
        6.789999           0.175396E-4        1.012634           0.133373E-4        1.011030
        6.792000           0.175406E-4        1.012635           0.133379E-4        1.011030
        6.794000           0.175416E-4        1.012635           0.133386E-4        1.011030
        6.796000           0.175426E-4        1.012635           0.133393E-4        1.011031
        6.797999           0.175437E-4        1.012636           0.133400E-4        1.011031
        6.799999           0.175447E-4        1.012636           0.133406E-4        1.011031
        6.802000           0.175457E-4        1.012636           0.133413E-4        1.011031
        6.804000           0.175467E-4        1.012637           0.133420E-4        1.011032
        6.806000           0.175477E-4        1.012637           0.133427E-4        1.011032
        6.808000           0.175487E-4        1.012637           0.133433E-4        1.011032
        6.809999           0.175498E-4        1.012638           0.133440E-4        1.011032
        6.811999           0.175508E-4        1.012638           0.133447E-4        1.011033
        6.814000           0.175518E-4        1.012638           0.133453E-4        1.011033
        6.816000           0.175528E-4        1.012639           0.133460E-4        1.011033
        6.817999           0.175538E-4        1.012639           0.133467E-4        1.011034
        6.819999           0.175549E-4        1.012639           0.133474E-4        1.011034
        6.821999           0.175559E-4        1.012640           0.133481E-4        1.011034
        6.824000           0.175569E-4        1.012640           0.133487E-4        1.011034
        6.826000           0.175579E-4        1.012640           0.133494E-4        1.011035
        6.828000           0.175589E-4        1.012641           0.133501E-4        1.011035
        6.829999           0.175599E-4        1.012641           0.133507E-4        1.011035
        6.831999           0.175610E-4        1.012642           0.133514E-4        1.011035
        6.834000           0.175620E-4        1.012642           0.133521E-4        1.011036
        6.835999           0.175630E-4        1.012642           0.133528E-4        1.011036
        6.837999           0.175640E-4        1.012643           0.133535E-4        1.011036
        6.839999           0.175650E-4        1.012643           0.133541E-4        1.011037
        6.841999           0.175660E-4        1.012643           0.133548E-4        1.011037
        6.844000           0.175671E-4        1.012644           0.133555E-4        1.011037
        6.846000           0.175681E-4        1.012644           0.133562E-4        1.011037
        6.848000           0.175691E-4        1.012644           0.133568E-4        1.011038
        6.849999           0.175701E-4        1.012645           0.133575E-4        1.011038
        6.851999           0.175711E-4        1.012645           0.133582E-4        1.011038
        6.854000           0.175722E-4        1.012645           0.133589E-4        1.011038
        6.855999           0.175732E-4        1.012646           0.133595E-4        1.011039
        6.857999           0.175742E-4        1.012646           0.133602E-4        1.011039
        6.859999           0.175752E-4        1.012646           0.133609E-4        1.011039
        6.861999           0.175763E-4        1.012647           0.133615E-4        1.011039
        6.864000           0.175773E-4        1.012647           0.133623E-4        1.011040
        6.866000           0.175783E-4        1.012648           0.133629E-4        1.011040
        6.868000           0.175793E-4        1.012648           0.133636E-4        1.011040
        6.869999           0.175803E-4        1.012648           0.133643E-4        1.011041
        6.871999           0.175814E-4        1.012649           0.133649E-4        1.011041
        6.874000           0.175824E-4        1.012649           0.133656E-4        1.011041
        6.875999           0.175834E-4        1.012649           0.133663E-4        1.011041
        6.877999           0.175844E-4        1.012650           0.133670E-4        1.011042
        6.879999           0.175854E-4        1.012650           0.133677E-4        1.011042
        6.882000           0.175864E-4        1.012650           0.133683E-4        1.011042
        6.884000           0.175875E-4        1.012651           0.133690E-4        1.011042
        6.886000           0.175885E-4        1.012651           0.133697E-4        1.011043
        6.888000           0.175895E-4        1.012651           0.133704E-4        1.011043
        6.889999           0.175905E-4        1.012652           0.133710E-4        1.011043
        6.892000           0.175916E-4        1.012652           0.133717E-4        1.011043
        6.894000           0.175926E-4        1.012652           0.133724E-4        1.011044
        6.895999           0.175936E-4        1.012653           0.133731E-4        1.011044
        6.897999           0.175946E-4        1.012653           0.133738E-4        1.011044
        6.899999           0.175956E-4        1.012653           0.133744E-4        1.011045
        6.902000           0.175967E-4        1.012654           0.133751E-4        1.011045
        6.904000           0.175977E-4        1.012654           0.133758E-4        1.011045
        6.906000           0.175987E-4        1.012655           0.133765E-4        1.011045
        6.908000           0.175997E-4        1.012655           0.133772E-4        1.011046
        6.909999           0.176007E-4        1.012655           0.133778E-4        1.011046
        6.912000           0.176018E-4        1.012656           0.133785E-4        1.011046
        6.914000           0.176028E-4        1.012656           0.133792E-4        1.011046
        6.915999           0.176038E-4        1.012656           0.133798E-4        1.011047
        6.917999           0.176048E-4        1.012657           0.133805E-4        1.011047
        6.919999           0.176059E-4        1.012657           0.133812E-4        1.011047
        6.922000           0.176069E-4        1.012657           0.133819E-4        1.011047
        6.924000           0.176079E-4        1.012658           0.133826E-4        1.011048
        6.926000           0.176089E-4        1.012658           0.133833E-4        1.011048
        6.927999           0.176100E-4        1.012658           0.133839E-4        1.011048
        6.929999           0.176110E-4        1.012659           0.133846E-4        1.011049
        6.932000           0.176120E-4        1.012659           0.133853E-4        1.011049
        6.934000           0.176130E-4        1.012659           0.133860E-4        1.011049
        6.935999           0.176140E-4        1.012660           0.133866E-4        1.011049
        6.937999           0.176151E-4        1.012660           0.133873E-4        1.011050
        6.939999           0.176161E-4        1.012661           0.133880E-4        1.011050
        6.942000           0.176171E-4        1.012661           0.133887E-4        1.011050
        6.944000           0.176181E-4        1.012661           0.133893E-4        1.011050
        6.946000           0.176192E-4        1.012662           0.133900E-4        1.011051
        6.947999           0.176202E-4        1.012662           0.133907E-4        1.011051
        6.949999           0.176212E-4        1.012662           0.133914E-4        1.011051
        6.952000           0.176222E-4        1.012663           0.133921E-4        1.011052
        6.954000           0.176233E-4        1.012663           0.133927E-4        1.011052
        6.955999           0.176243E-4        1.012663           0.133934E-4        1.011052
        6.957999           0.176253E-4        1.012664           0.133941E-4        1.011052
        6.960000           0.176263E-4        1.012664           0.133948E-4        1.011053
        6.962000           0.176274E-4        1.012664           0.133955E-4        1.011053
        6.964000           0.176284E-4        1.012665           0.133961E-4        1.011053
        6.966000           0.176294E-4        1.012665           0.133968E-4        1.011053
        6.967999           0.176304E-4        1.012666           0.133975E-4        1.011054
        6.970000           0.176315E-4        1.012666           0.133982E-4        1.011054
        6.972000           0.176325E-4        1.012666           0.133988E-4        1.011054
        6.974000           0.176335E-4        1.012666           0.133995E-4        1.011054
        6.975999           0.176345E-4        1.012667           0.134002E-4        1.011055
        6.977999           0.176356E-4        1.012667           0.134009E-4        1.011055
        6.980000           0.176366E-4        1.012668           0.134016E-4        1.011055
        6.982000           0.176376E-4        1.012668           0.134023E-4        1.011055
        6.984000           0.176386E-4        1.012668           0.134029E-4        1.011056
        6.985999           0.176397E-4        1.012669           0.134036E-4        1.011056
        6.987999           0.176407E-4        1.012669           0.134043E-4        1.011056
        6.990000           0.176417E-4        1.012669           0.134050E-4        1.011057
        6.992000           0.176427E-4        1.012670           0.134056E-4        1.011057
        6.993999           0.176438E-4        1.012670           0.134064E-4        1.011057
        6.995999           0.176448E-4        1.012670           0.134070E-4        1.011057
        6.997999           0.176458E-4        1.012671           0.134077E-4        1.011058
        7.000000           0.176468E-4        1.012671           0.134084E-4        1.011058
        7.002000           0.176479E-4        1.012671           0.134091E-4        1.011058
        7.003999           0.176489E-4        1.012672           0.134097E-4        1.011058
        7.005999           0.176499E-4        1.012672           0.134104E-4        1.011059
        7.007999           0.176509E-4        1.012673           0.134111E-4        1.011059
        7.010000           0.176520E-4        1.012673           0.134118E-4        1.011059
        7.012000           0.176530E-4        1.012673           0.134125E-4        1.011060
        7.013999           0.176540E-4        1.012674           0.134131E-4        1.011060
        7.015999           0.176551E-4        1.012674           0.134138E-4        1.011060
        7.017999           0.176561E-4        1.012674           0.134145E-4        1.011060
        7.020000           0.176571E-4        1.012675           0.134152E-4        1.011061
        7.021999           0.176581E-4        1.012675           0.134159E-4        1.011061
        7.023999           0.176592E-4        1.012675           0.134165E-4        1.011061
        7.025999           0.176602E-4        1.012676           0.134172E-4        1.011061
        7.028000           0.176612E-4        1.012676           0.134179E-4        1.011062
        7.030000           0.176622E-4        1.012676           0.134186E-4        1.011062
        7.032000           0.176633E-4        1.012677           0.134193E-4        1.011062
        7.033999           0.176643E-4        1.012677           0.134199E-4        1.011063
        7.035999           0.176653E-4        1.012677           0.134206E-4        1.011063
        7.038000           0.176664E-4        1.012678           0.134213E-4        1.011063
        7.039999           0.176674E-4        1.012678           0.134220E-4        1.011063
        7.041999           0.176684E-4        1.012679           0.134227E-4        1.011064
        7.043999           0.176694E-4        1.012679           0.134234E-4        1.011064
        7.045999           0.176705E-4        1.012679           0.134240E-4        1.011064
        7.048000           0.176715E-4        1.012680           0.134247E-4        1.011064
        7.050000           0.176725E-4        1.012680           0.134254E-4        1.011065
        7.052000           0.176736E-4        1.012680           0.134261E-4        1.011065
        7.053999           0.176746E-4        1.012681           0.134268E-4        1.011065
        7.055999           0.176756E-4        1.012681           0.134274E-4        1.011065
        7.058000           0.176766E-4        1.012681           0.134281E-4        1.011066
        7.059999           0.176777E-4        1.012682           0.134288E-4        1.011066
        7.061999           0.176787E-4        1.012682           0.134295E-4        1.011066
        7.063999           0.176797E-4        1.012682           0.134302E-4        1.011067
        7.065999           0.176808E-4        1.012683           0.134309E-4        1.011067
        7.068000           0.176818E-4        1.012683           0.134315E-4        1.011067
        7.070000           0.176828E-4        1.012684           0.134322E-4        1.011067
        7.072000           0.176839E-4        1.012684           0.134329E-4        1.011068
        7.073999           0.176849E-4        1.012684           0.134336E-4        1.011068
        7.075999           0.176859E-4        1.012685           0.134343E-4        1.011068
        7.078000           0.176869E-4        1.012685           0.134349E-4        1.011068
        7.079999           0.176880E-4        1.012685           0.134356E-4        1.011069
        7.081999           0.176890E-4        1.012686           0.134363E-4        1.011069
        7.083999           0.176900E-4        1.012686           0.134370E-4        1.011069
        7.085999           0.176911E-4        1.012686           0.134377E-4        1.011069
        7.088000           0.176921E-4        1.012687           0.134383E-4        1.011070
        7.090000           0.176931E-4        1.012687           0.134390E-4        1.011070
        7.092000           0.176941E-4        1.012687           0.134397E-4        1.011070
        7.093999           0.176952E-4        1.012688           0.134404E-4        1.011070
        7.095999           0.176962E-4        1.012688           0.134411E-4        1.011071
        7.098000           0.176972E-4        1.012688           0.134418E-4        1.011071
        7.099999           0.176983E-4        1.012689           0.134425E-4        1.011071
        7.101999           0.176993E-4        1.012689           0.134431E-4        1.011072
        7.103999           0.177003E-4        1.012689           0.134438E-4        1.011072
        7.106000           0.177014E-4        1.012690           0.134445E-4        1.011072
        7.108000           0.177024E-4        1.012690           0.134452E-4        1.011072
        7.110000           0.177034E-4        1.012691           0.134459E-4        1.011073
        7.112000           0.177045E-4        1.012691           0.134465E-4        1.011073
        7.113999           0.177055E-4        1.012691           0.134472E-4        1.011073
        7.116000           0.177065E-4        1.012692           0.134479E-4        1.011073
        7.118000           0.177075E-4        1.012692           0.134486E-4        1.011074
        7.119999           0.177086E-4        1.012692           0.134493E-4        1.011074
        7.121999           0.177096E-4        1.012693           0.134500E-4        1.011074
        7.123999           0.177106E-4        1.012693           0.134506E-4        1.011075
        7.126000           0.177117E-4        1.012693           0.134513E-4        1.011075
        7.128000           0.177127E-4        1.012694           0.134520E-4        1.011075
        7.130000           0.177137E-4        1.012694           0.134527E-4        1.011075
        7.131999           0.177148E-4        1.012694           0.134534E-4        1.011076
        7.133999           0.177158E-4        1.012695           0.134541E-4        1.011076
        7.136000           0.177168E-4        1.012695           0.134548E-4        1.011076
        7.138000           0.177179E-4        1.012696           0.134554E-4        1.011076
        7.139999           0.177189E-4        1.012696           0.134561E-4        1.011077
        7.141999           0.177199E-4        1.012696           0.134568E-4        1.011077
        7.143999           0.177210E-4        1.012697           0.134575E-4        1.011077
        7.146000           0.177220E-4        1.012697           0.134582E-4        1.011078
        7.148000           0.177230E-4        1.012697           0.134589E-4        1.011078
        7.150000           0.177241E-4        1.012698           0.134595E-4        1.011078
        7.151999           0.177251E-4        1.012698           0.134602E-4        1.011078
        7.153999           0.177261E-4        1.012698           0.134609E-4        1.011079
        7.156000           0.177272E-4        1.012699           0.134616E-4        1.011079
        7.158000           0.177282E-4        1.012699           0.134623E-4        1.011079
        7.159999           0.177292E-4        1.012699           0.134630E-4        1.011079
        7.161999           0.177303E-4        1.012700           0.134637E-4        1.011080
        7.163999           0.177313E-4        1.012700           0.134643E-4        1.011080
        7.166000           0.177323E-4        1.012700           0.134650E-4        1.011080
        7.168000           0.177334E-4        1.012701           0.134657E-4        1.011081
        7.170000           0.177344E-4        1.012701           0.134664E-4        1.011081
        7.171999           0.177354E-4        1.012702           0.134671E-4        1.011081
        7.173999           0.177365E-4        1.012702           0.134678E-4        1.011081
        7.176000           0.177375E-4        1.012702           0.134684E-4        1.011082
        7.177999           0.177385E-4        1.012703           0.134691E-4        1.011082
        7.179999           0.177396E-4        1.012703           0.134698E-4        1.011082
        7.181999           0.177406E-4        1.012703           0.134705E-4        1.011082
        7.184000           0.177416E-4        1.012704           0.134712E-4        1.011083
        7.186000           0.177427E-4        1.012704           0.134719E-4        1.011083
        7.188000           0.177437E-4        1.012704           0.134725E-4        1.011083
        7.190000           0.177448E-4        1.012705           0.134732E-4        1.011083
        7.191999           0.177458E-4        1.012705           0.134739E-4        1.011084
        7.194000           0.177468E-4        1.012705           0.134746E-4        1.011084
        7.196000           0.177479E-4        1.012706           0.134753E-4        1.011084
        7.197999           0.177489E-4        1.012706           0.134760E-4        1.011085
        7.199999           0.177499E-4        1.012707           0.134767E-4        1.011085
        7.201999           0.177510E-4        1.012707           0.134773E-4        1.011085
        7.204000           0.177520E-4        1.012707           0.134780E-4        1.011085
        7.206000           0.177530E-4        1.012708           0.134787E-4        1.011086
        7.208000           0.177541E-4        1.012708           0.134794E-4        1.011086
        7.210000           0.177551E-4        1.012708           0.134801E-4        1.011086
        7.211999           0.177561E-4        1.012709           0.134808E-4        1.011086
        7.214000           0.177572E-4        1.012709           0.134815E-4        1.011087
        7.216000           0.177582E-4        1.012709           0.134821E-4        1.011087
        7.217999           0.177593E-4        1.012710           0.134829E-4        1.011087
        7.219999           0.177603E-4        1.012710           0.134835E-4        1.011088
        7.221999           0.177613E-4        1.012710           0.134842E-4        1.011088
        7.224000           0.177624E-4        1.012711           0.134849E-4        1.011088
        7.226000           0.177634E-4        1.012711           0.134856E-4        1.011088
        7.228000           0.177644E-4        1.012712           0.134863E-4        1.011089
        7.229999           0.177655E-4        1.012712           0.134870E-4        1.011089
        7.231999           0.177665E-4        1.012712           0.134876E-4        1.011089
        7.234000           0.177675E-4        1.012713           0.134883E-4        1.011089
        7.236000           0.177686E-4        1.012713           0.134890E-4        1.011090
        7.237999           0.177696E-4        1.012713           0.134897E-4        1.011090
        7.239999           0.177707E-4        1.012714           0.134904E-4        1.011090
        7.241999           0.177717E-4        1.012714           0.134911E-4        1.011091
        7.244000           0.177727E-4        1.012714           0.134918E-4        1.011091
        7.245999           0.177738E-4        1.012715           0.134924E-4        1.011091
        7.247999           0.177748E-4        1.012715           0.134932E-4        1.011091
        7.249999           0.177758E-4        1.012715           0.134938E-4        1.011092
        7.251999           0.177769E-4        1.012716           0.134945E-4        1.011092
        7.254000           0.177779E-4        1.012716           0.134952E-4        1.011092
        7.256000           0.177790E-4        1.012716           0.134959E-4        1.011092
        7.257999           0.177800E-4        1.012717           0.134966E-4        1.011093
        7.259999           0.177810E-4        1.012717           0.134973E-4        1.011093
        7.262000           0.177821E-4        1.012717           0.134980E-4        1.011093
        7.263999           0.177831E-4        1.012718           0.134986E-4        1.011093
        7.265999           0.177842E-4        1.012718           0.134993E-4        1.011094
        7.267999           0.177852E-4        1.012719           0.135000E-4        1.011094
        7.269999           0.177862E-4        1.012719           0.135007E-4        1.011094
        7.272000           0.177873E-4        1.012719           0.135014E-4        1.011095
        7.274000           0.177883E-4        1.012720           0.135021E-4        1.011095
        7.276000           0.177893E-4        1.012720           0.135028E-4        1.011095
        7.277999           0.177904E-4        1.012720           0.135034E-4        1.011095
        7.279999           0.177914E-4        1.012721           0.135041E-4        1.011096
        7.282000           0.177925E-4        1.012721           0.135048E-4        1.011096
        7.283999           0.177935E-4        1.012721           0.135055E-4        1.011096
        7.285999           0.177945E-4        1.012722           0.135062E-4        1.011096
        7.287999           0.177956E-4        1.012722           0.135069E-4        1.011097
        7.289999           0.177966E-4        1.012722           0.135076E-4        1.011097
        7.292000           0.177977E-4        1.012723           0.135083E-4        1.011097
        7.294000           0.177987E-4        1.012723           0.135089E-4        1.011097
        7.296000           0.177997E-4        1.012724           0.135096E-4        1.011098
        7.297999           0.178008E-4        1.012724           0.135103E-4        1.011098
        7.299999           0.178018E-4        1.012724           0.135110E-4        1.011098
        7.302000           0.178029E-4        1.012725           0.135117E-4        1.011099
        7.303999           0.178039E-4        1.012725           0.135124E-4        1.011099
        7.305999           0.178049E-4        1.012725           0.135131E-4        1.011099
        7.307999           0.178060E-4        1.012726           0.135138E-4        1.011099
        7.309999           0.178070E-4        1.012726           0.135144E-4        1.011100
        7.312000           0.178081E-4        1.012726           0.135151E-4        1.011100
        7.314000           0.178091E-4        1.012727           0.135158E-4        1.011100
        7.316000           0.178101E-4        1.012727           0.135165E-4        1.011100
        7.317999           0.178112E-4        1.012727           0.135172E-4        1.011101
        7.319999           0.178122E-4        1.012728           0.135179E-4        1.011101
        7.322000           0.178133E-4        1.012728           0.135186E-4        1.011101
        7.323999           0.178143E-4        1.012729           0.135193E-4        1.011101
        7.325999           0.178154E-4        1.012729           0.135199E-4        1.011102
        7.327999           0.178164E-4        1.012729           0.135206E-4        1.011102
        7.330000           0.178174E-4        1.012730           0.135213E-4        1.011102
        7.332000           0.178185E-4        1.012730           0.135220E-4        1.011103
        7.334000           0.178195E-4        1.012730           0.135227E-4        1.011103
        7.335999           0.178206E-4        1.012731           0.135234E-4        1.011103
        7.337999           0.178216E-4        1.012731           0.135241E-4        1.011103
        7.340000           0.178226E-4        1.012731           0.135248E-4        1.011104
        7.342000           0.178237E-4        1.012732           0.135255E-4        1.011104
        7.343999           0.178247E-4        1.012732           0.135262E-4        1.011104
        7.345999           0.178258E-4        1.012733           0.135269E-4        1.011104
        7.347999           0.178268E-4        1.012733           0.135276E-4        1.011105
        7.350000           0.178279E-4        1.012733           0.135283E-4        1.011105
        7.352000           0.178289E-4        1.012734           0.135289E-4        1.011105
        7.354000           0.178299E-4        1.012734           0.135296E-4        1.011106
        7.355999           0.178310E-4        1.012734           0.135303E-4        1.011106
        7.357999           0.178320E-4        1.012735           0.135310E-4        1.011106
        7.360000           0.178331E-4        1.012735           0.135317E-4        1.011106
        7.362000           0.178341E-4        1.012735           0.135324E-4        1.011107
        7.363999           0.178351E-4        1.012736           0.135331E-4        1.011107
        7.365999           0.178362E-4        1.012736           0.135338E-4        1.011107
        7.367999           0.178372E-4        1.012736           0.135345E-4        1.011107
        7.370000           0.178383E-4        1.012737           0.135351E-4        1.011108
        7.372000           0.178393E-4        1.012737           0.135358E-4        1.011108
        7.374000           0.178404E-4        1.012738           0.135365E-4        1.011108
        7.375999           0.178414E-4        1.012738           0.135372E-4        1.011109
        7.377999           0.178425E-4        1.012738           0.135379E-4        1.011109
        7.380000           0.178435E-4        1.012739           0.135386E-4        1.011109
        7.381999           0.178445E-4        1.012739           0.135393E-4        1.011109
        7.383999           0.178456E-4        1.012739           0.135400E-4        1.011110
        7.385999           0.178466E-4        1.012740           0.135407E-4        1.011110
        7.387999           0.178477E-4        1.012740           0.135413E-4        1.011110
        7.390000           0.178487E-4        1.012740           0.135421E-4        1.011110
        7.392000           0.178498E-4        1.012741           0.135427E-4        1.011111
        7.394000           0.178508E-4        1.012741           0.135434E-4        1.011111
        7.395999           0.178519E-4        1.012741           0.135441E-4        1.011111
        7.397999           0.178529E-4        1.012742           0.135448E-4        1.011111
        7.400000           0.178539E-4        1.012742           0.135455E-4        1.011112
        7.401999           0.178550E-4        1.012743           0.135462E-4        1.011112
        7.403999           0.178560E-4        1.012743           0.135469E-4        1.011112
        7.405999           0.178571E-4        1.012743           0.135475E-4        1.011113
        7.408000           0.178581E-4        1.012743           0.135482E-4        1.011113
        7.410000           0.178592E-4        1.012744           0.135489E-4        1.011113
        7.412000           0.178602E-4        1.012744           0.135496E-4        1.011113
        7.414000           0.178613E-4        1.012745           0.135503E-4        1.011114
        7.415999           0.178623E-4        1.012745           0.135510E-4        1.011114
        7.418000           0.178634E-4        1.012745           0.135517E-4        1.011114
        7.420000           0.178644E-4        1.012746           0.135524E-4        1.011114
        7.421999           0.178654E-4        1.012746           0.135531E-4        1.011115
        7.423999           0.178665E-4        1.012746           0.135538E-4        1.011115
        7.425999           0.178675E-4        1.012747           0.135545E-4        1.011115
        7.428000           0.178686E-4        1.012747           0.135552E-4        1.011116
        7.430000           0.178696E-4        1.012747           0.135559E-4        1.011116
        7.432000           0.178707E-4        1.012748           0.135566E-4        1.011116
        7.434000           0.178717E-4        1.012748           0.135573E-4        1.011116
        7.435999           0.178728E-4        1.012748           0.135579E-4        1.011117
        7.438000           0.178738E-4        1.012749           0.135586E-4        1.011117
        7.440000           0.178749E-4        1.012749           0.135593E-4        1.011117
        7.441999           0.178759E-4        1.012750           0.135600E-4        1.011118
        7.443999           0.178770E-4        1.012750           0.135607E-4        1.011118
        7.445999           0.178780E-4        1.012750           0.135614E-4        1.011118
        7.448000           0.178791E-4        1.012751           0.135621E-4        1.011118
        7.450000           0.178801E-4        1.012751           0.135628E-4        1.011119
        7.452000           0.178811E-4        1.012751           0.135635E-4        1.011119
        7.453999           0.178822E-4        1.012752           0.135642E-4        1.011119
        7.455999           0.178832E-4        1.012752           0.135649E-4        1.011119
        7.458000           0.178843E-4        1.012752           0.135656E-4        1.011120
        7.460000           0.178853E-4        1.012753           0.135663E-4        1.011120
        7.461999           0.178864E-4        1.012753           0.135669E-4        1.011120
        7.463999           0.178874E-4        1.012753           0.135677E-4        1.011121
        7.465999           0.178885E-4        1.012754           0.135683E-4        1.011121
        7.468000           0.178895E-4        1.012754           0.135690E-4        1.011121
        7.470000           0.178906E-4        1.012755           0.135697E-4        1.011121
        7.471999           0.178916E-4        1.012755           0.135704E-4        1.011122
        7.473999           0.178927E-4        1.012755           0.135711E-4        1.011122
        7.475999           0.178937E-4        1.012756           0.135718E-4        1.011122
        7.478000           0.178948E-4        1.012756           0.135725E-4        1.011122
        7.480000           0.178958E-4        1.012756           0.135732E-4        1.011123
        7.481999           0.178969E-4        1.012757           0.135739E-4        1.011123
        7.483999           0.178979E-4        1.012757           0.135746E-4        1.011123
        7.486000           0.178990E-4        1.012757           0.135753E-4        1.011124
        7.488000           0.179000E-4        1.012758           0.135760E-4        1.011124
        7.489999           0.179011E-4        1.012758           0.135767E-4        1.011124
        7.491999           0.179021E-4        1.012758           0.135773E-4        1.011124
        7.493999           0.179032E-4        1.012759           0.135781E-4        1.011125
        7.496000           0.179042E-4        1.012759           0.135787E-4        1.011125
        7.498000           0.179053E-4        1.012760           0.135794E-4        1.011125
        7.500000           0.179063E-4        1.012760           0.135801E-4        1.011125
        7.501999           0.179074E-4        1.012760           0.135808E-4        1.011126
        7.503999           0.179084E-4        1.012761           0.135815E-4        1.011126
        7.506000           0.179095E-4        1.012761           0.135822E-4        1.011126
        7.507999           0.179105E-4        1.012761           0.135829E-4        1.011127
        7.509999           0.179116E-4        1.012762           0.135836E-4        1.011127
        7.511999           0.179126E-4        1.012762           0.135843E-4        1.011127
        7.513999           0.179137E-4        1.012763           0.135850E-4        1.011127
        7.516000           0.179147E-4        1.012763           0.135857E-4        1.011128
        7.518000           0.179158E-4        1.012763           0.135864E-4        1.011128
        7.520000           0.179168E-4        1.012764           0.135870E-4        1.011128
        7.521999           0.179179E-4        1.012764           0.135878E-4        1.011128
        7.523999           0.179189E-4        1.012764           0.135884E-4        1.011129
        7.526000           0.179200E-4        1.012765           0.135892E-4        1.011129
        7.527999           0.179210E-4        1.012765           0.135898E-4        1.011129
        7.529999           0.179221E-4        1.012765           0.135905E-4        1.011129
        7.531999           0.179231E-4        1.012766           0.135912E-4        1.011130
        7.533999           0.179242E-4        1.012766           0.135919E-4        1.011130
        7.536000           0.179252E-4        1.012766           0.135926E-4        1.011130
        7.538000           0.179263E-4        1.012767           0.135933E-4        1.011131
        7.539999           0.179273E-4        1.012767           0.135940E-4        1.011131
        7.541999           0.179284E-4        1.012768           0.135947E-4        1.011131
        7.543999           0.179294E-4        1.012768           0.135954E-4        1.011131
        7.546000           0.179305E-4        1.012768           0.135961E-4        1.011132
        7.547999           0.179315E-4        1.012769           0.135968E-4        1.011132
        7.549999           0.179326E-4        1.012769           0.135975E-4        1.011132
        7.551999           0.179336E-4        1.012769           0.135982E-4        1.011132
        7.554000           0.179347E-4        1.012770           0.135989E-4        1.011133
        7.556000           0.179357E-4        1.012770           0.135995E-4        1.011133
        7.558000           0.179368E-4        1.012770           0.136003E-4        1.011133
        7.559999           0.179378E-4        1.012771           0.136009E-4        1.011134
        7.561999           0.179389E-4        1.012771           0.136017E-4        1.011134
        7.564000           0.179399E-4        1.012771           0.136023E-4        1.011134
        7.566000           0.179410E-4        1.012772           0.136030E-4        1.011134
        7.567999           0.179421E-4        1.012772           0.136037E-4        1.011135
        7.569999           0.179431E-4        1.012773           0.136045E-4        1.011135
        7.571999           0.179442E-4        1.012773           0.136051E-4        1.011135
        7.574000           0.179452E-4        1.012773           0.136058E-4        1.011135
        7.576000           0.179463E-4        1.012774           0.136065E-4        1.011136
        7.578000           0.179473E-4        1.012774           0.136072E-4        1.011136
        7.579999           0.179484E-4        1.012774           0.136079E-4        1.011136
        7.581999           0.179494E-4        1.012775           0.136086E-4        1.011137
        7.584000           0.179505E-4        1.012775           0.136093E-4        1.011137
        7.585999           0.179515E-4        1.012775           0.136100E-4        1.011137
        7.587999           0.179526E-4        1.012776           0.136107E-4        1.011137
        7.589999           0.179536E-4        1.012776           0.136114E-4        1.011138
        7.591999           0.179547E-4        1.012776           0.136121E-4        1.011138
        7.594000           0.179557E-4        1.012777           0.136128E-4        1.011138
        7.596000           0.179568E-4        1.012777           0.136135E-4        1.011138
        7.598000           0.179578E-4        1.012778           0.136142E-4        1.011139
        7.599999           0.179589E-4        1.012778           0.136149E-4        1.011139
        7.601999           0.179600E-4        1.012778           0.136156E-4        1.011139
        7.604000           0.179610E-4        1.012779           0.136163E-4        1.011140
        7.605999           0.179621E-4        1.012779           0.136170E-4        1.011140
        7.607999           0.179631E-4        1.012779           0.136177E-4        1.011140
        7.609999           0.179642E-4        1.012780           0.136183E-4        1.011140
        7.611999           0.179652E-4        1.012780           0.136191E-4        1.011141
        7.614000           0.179663E-4        1.012780           0.136197E-4        1.011141
        7.616000           0.179674E-4        1.012781           0.136204E-4        1.011141
        7.618000           0.179684E-4        1.012781           0.136211E-4        1.011141
        7.619999           0.179695E-4        1.012782           0.136218E-4        1.011142
        7.621999           0.179705E-4        1.012782           0.136225E-4        1.011142
        7.624000           0.179716E-4        1.012782           0.136232E-4        1.011142
        7.625999           0.179726E-4        1.012783           0.136239E-4        1.011142
        7.627999           0.179737E-4        1.012783           0.136246E-4        1.011143
        7.629999           0.179747E-4        1.012783           0.136253E-4        1.011143
        7.632000           0.179758E-4        1.012784           0.136260E-4        1.011143
        7.634000           0.179768E-4        1.012784           0.136267E-4        1.011144
        7.636000           0.179779E-4        1.012784           0.136274E-4        1.011144
        7.638000           0.179790E-4        1.012785           0.136281E-4        1.011144
        7.639999           0.179800E-4        1.012785           0.136288E-4        1.011144
        7.642000           0.179811E-4        1.012785           0.136295E-4        1.011145
        7.644000           0.179821E-4        1.012786           0.136302E-4        1.011145
        7.645999           0.179832E-4        1.012786           0.136309E-4        1.011145
        7.647999           0.179842E-4        1.012787           0.136316E-4        1.011145
        7.649999           0.179853E-4        1.012787           0.136323E-4        1.011146
        7.652000           0.179864E-4        1.012787           0.136330E-4        1.011146
        7.654000           0.179874E-4        1.012788           0.136337E-4        1.011146
        7.656000           0.179885E-4        1.012788           0.136344E-4        1.011147
        7.658000           0.179895E-4        1.012788           0.136351E-4        1.011147
        7.659999           0.179906E-4        1.012789           0.136358E-4        1.011147
        7.662000           0.179916E-4        1.012789           0.136365E-4        1.011147
        7.664000           0.179927E-4        1.012789           0.136372E-4        1.011148
        7.665999           0.179938E-4        1.012790           0.136379E-4        1.011148
        7.667999           0.179948E-4        1.012790           0.136386E-4        1.011148
        7.669999           0.179959E-4        1.012790           0.136393E-4        1.011149
        7.672000           0.179969E-4        1.012791           0.136400E-4        1.011149
        7.674000           0.179980E-4        1.012791           0.136407E-4        1.011149
        7.676000           0.179990E-4        1.012792           0.136414E-4        1.011149
        7.677999           0.180001E-4        1.012792           0.136421E-4        1.011150
        7.679999           0.180012E-4        1.012792           0.136428E-4        1.011150
        7.682000           0.180022E-4        1.012793           0.136435E-4        1.011150
        7.684000           0.180033E-4        1.012793           0.136442E-4        1.011150
        7.685999           0.180043E-4        1.012793           0.136449E-4        1.011151
        7.687999           0.180054E-4        1.012794           0.136456E-4        1.011151
        7.689999           0.180065E-4        1.012794           0.136463E-4        1.011151
        7.692000           0.180075E-4        1.012794           0.136470E-4        1.011152
        7.694000           0.180086E-4        1.012795           0.136477E-4        1.011152
        7.695999           0.180096E-4        1.012795           0.136484E-4        1.011152
        7.697999           0.180107E-4        1.012796           0.136491E-4        1.011152
        7.699999           0.180118E-4        1.012796           0.136498E-4        1.011153
        7.702000           0.180128E-4        1.012796           0.136505E-4        1.011153
        7.704000           0.180139E-4        1.012797           0.136512E-4        1.011153
        7.705999           0.180149E-4        1.012797           0.136519E-4        1.011153
        7.707999           0.180160E-4        1.012797           0.136526E-4        1.011154
        7.710000           0.180171E-4        1.012798           0.136533E-4        1.011154
        7.712000           0.180181E-4        1.012798           0.136540E-4        1.011154
        7.713999           0.180192E-4        1.012798           0.136547E-4        1.011155
        7.715999           0.180202E-4        1.012799           0.136554E-4        1.011155
        7.717999           0.180213E-4        1.012799           0.136561E-4        1.011155
        7.720000           0.180223E-4        1.012800           0.136568E-4        1.011155
        7.722000           0.180234E-4        1.012800           0.136575E-4        1.011156
        7.724000           0.180245E-4        1.012800           0.136582E-4        1.011156
        7.725999           0.180255E-4        1.012801           0.136589E-4        1.011156
        7.727999           0.180266E-4        1.012801           0.136596E-4        1.011156
        7.730000           0.180277E-4        1.012801           0.136603E-4        1.011157
        7.731999           0.180287E-4        1.012802           0.136610E-4        1.011157
        7.733999           0.180298E-4        1.012802           0.136617E-4        1.011157
        7.735999           0.180308E-4        1.012802           0.136624E-4        1.011158
        7.737999           0.180319E-4        1.012803           0.136631E-4        1.011158
        7.740000           0.180330E-4        1.012803           0.136638E-4        1.011158
        7.742000           0.180340E-4        1.012803           0.136645E-4        1.011158
        7.743999           0.180351E-4        1.012804           0.136652E-4        1.011159
        7.745999           0.180361E-4        1.012804           0.136659E-4        1.011159
        7.747999           0.180372E-4        1.012805           0.136666E-4        1.011159
        7.750000           0.180383E-4        1.012805           0.136673E-4        1.011159
        7.751999           0.180393E-4        1.012805           0.136680E-4        1.011160
        7.753999           0.180404E-4        1.012806           0.136687E-4        1.011160
        7.755999           0.180414E-4        1.012806           0.136694E-4        1.011160
        7.757999           0.180425E-4        1.012806           0.136701E-4        1.011160
        7.760000           0.180436E-4        1.012807           0.136708E-4        1.011161
        7.762000           0.180446E-4        1.012807           0.136715E-4        1.011161
        7.763999           0.180457E-4        1.012807           0.136722E-4        1.011161
        7.765999           0.180468E-4        1.012808           0.136729E-4        1.011162
        7.767999           0.180478E-4        1.012808           0.136736E-4        1.011162
        7.770000           0.180489E-4        1.012809           0.136743E-4        1.011162
        7.771999           0.180499E-4        1.012809           0.136750E-4        1.011163
        7.773999           0.180510E-4        1.012809           0.136757E-4        1.011163
        7.775999           0.180521E-4        1.012810           0.136764E-4        1.011163
        7.777999           0.180531E-4        1.012810           0.136771E-4        1.011163
        7.780000           0.180542E-4        1.012810           0.136778E-4        1.011164
        7.782000           0.180553E-4        1.012811           0.136785E-4        1.011164
        7.783999           0.180563E-4        1.012811           0.136792E-4        1.011164
        7.785999           0.180574E-4        1.012811           0.136799E-4        1.011164
        7.788000           0.180584E-4        1.012812           0.136806E-4        1.011165
        7.789999           0.180595E-4        1.012812           0.136813E-4        1.011165
        7.791999           0.180606E-4        1.012812           0.136820E-4        1.011165
        7.793999           0.180616E-4        1.012813           0.136827E-4        1.011165
        7.795999           0.180627E-4        1.012813           0.136834E-4        1.011166
        7.798000           0.180638E-4        1.012814           0.136841E-4        1.011166
        7.800000           0.180648E-4        1.012814           0.136848E-4        1.011166
        7.802000           0.180659E-4        1.012814           0.136855E-4        1.011167
        7.803999           0.180670E-4        1.012815           0.136862E-4        1.011167
        7.805999           0.180680E-4        1.012815           0.136869E-4        1.011167
        7.808000           0.180691E-4        1.012815           0.136876E-4        1.011167
        7.809999           0.180702E-4        1.012816           0.136883E-4        1.011168
        7.811999           0.180712E-4        1.012816           0.136890E-4        1.011168
        7.813999           0.180723E-4        1.012816           0.136897E-4        1.011168
        7.815999           0.180733E-4        1.012817           0.136904E-4        1.011168
        7.818000           0.180744E-4        1.012817           0.136912E-4        1.011169
        7.820000           0.180755E-4        1.012818           0.136918E-4        1.011169
        7.822000           0.180765E-4        1.012818           0.136925E-4        1.011169
        7.823999           0.180776E-4        1.012818           0.136932E-4        1.011170
        7.825999           0.180787E-4        1.012819           0.136939E-4        1.011170
        7.828000           0.180797E-4        1.012819           0.136946E-4        1.011170
        7.829999           0.180808E-4        1.012819           0.136953E-4        1.011170
        7.831999           0.180819E-4        1.012820           0.136960E-4        1.011171
        7.833999           0.180829E-4        1.012820           0.136967E-4        1.011171
        7.835999           0.180840E-4        1.012820           0.136974E-4        1.011171
        7.838000           0.180851E-4        1.012821           0.136982E-4        1.011171
        7.840000           0.180861E-4        1.012821           0.136989E-4        1.011172
        7.842000           0.180872E-4        1.012822           0.136996E-4        1.011172
        7.843999           0.180883E-4        1.012822           0.137002E-4        1.011172
        7.845999           0.180893E-4        1.012822           0.137010E-4        1.011173
        7.848000           0.180904E-4        1.012823           0.137017E-4        1.011173
        7.849999           0.180915E-4        1.012823           0.137024E-4        1.011173
        7.851999           0.180925E-4        1.012823           0.137031E-4        1.011173
        7.853999           0.180936E-4        1.012824           0.137038E-4        1.011174
        7.856000           0.180947E-4        1.012824           0.137045E-4        1.011174
        7.858000           0.180957E-4        1.012824           0.137052E-4        1.011174
        7.860000           0.180968E-4        1.012825           0.137059E-4        1.011175
        7.862000           0.180979E-4        1.012825           0.137066E-4        1.011175
        7.863999           0.180989E-4        1.012825           0.137073E-4        1.011175
        7.866000           0.181000E-4        1.012826           0.137080E-4        1.011175
        7.868000           0.181011E-4        1.012826           0.137087E-4        1.011176
        7.869999           0.181021E-4        1.012827           0.137094E-4        1.011176
        7.871999           0.181032E-4        1.012827           0.137101E-4        1.011176
        7.873999           0.181043E-4        1.012827           0.137108E-4        1.011176
        7.876000           0.181053E-4        1.012828           0.137115E-4        1.011177
        7.878000           0.181064E-4        1.012828           0.137122E-4        1.011177
        7.880000           0.181075E-4        1.012828           0.137129E-4        1.011177
        7.881999           0.181085E-4        1.012829           0.137137E-4        1.011178
        7.883999           0.181096E-4        1.012829           0.137144E-4        1.011178
        7.886000           0.181107E-4        1.012830           0.137150E-4        1.011178
        7.888000           0.181117E-4        1.012830           0.137158E-4        1.011178
        7.889999           0.181128E-4        1.012830           0.137164E-4        1.011179
        7.891999           0.181139E-4        1.012831           0.137172E-4        1.011179
        7.893999           0.181149E-4        1.012831           0.137179E-4        1.011179
        7.896000           0.181160E-4        1.012831           0.137186E-4        1.011179
        7.898000           0.181171E-4        1.012832           0.137193E-4        1.011180
        7.900000           0.181182E-4        1.012832           0.137200E-4        1.011180
        7.901999           0.181192E-4        1.012832           0.137207E-4        1.011180
        7.903999           0.181203E-4        1.012833           0.137214E-4        1.011181
        7.906000           0.181214E-4        1.012833           0.137221E-4        1.011181
        7.908000           0.181224E-4        1.012833           0.137228E-4        1.011181
        7.909999           0.181235E-4        1.012834           0.137235E-4        1.011181
        7.911999           0.181246E-4        1.012834           0.137242E-4        1.011182
        7.913999           0.181256E-4        1.012835           0.137249E-4        1.011182
        7.916000           0.181267E-4        1.012835           0.137256E-4        1.011182
        7.918000           0.181278E-4        1.012835           0.137263E-4        1.011182
        7.920000           0.181288E-4        1.012836           0.137270E-4        1.011183
        7.921999           0.181299E-4        1.012836           0.137277E-4        1.011183
        7.923999           0.181310E-4        1.012836           0.137284E-4        1.011183
        7.926000           0.181321E-4        1.012837           0.137291E-4        1.011184
        7.927999           0.181331E-4        1.012837           0.137298E-4        1.011184
        7.929999           0.181342E-4        1.012837           0.137306E-4        1.011184
        7.931999           0.181353E-4        1.012838           0.137313E-4        1.011184
        7.934000           0.181363E-4        1.012838           0.137320E-4        1.011185
        7.936000           0.181374E-4        1.012839           0.137327E-4        1.011185
        7.938000           0.181385E-4        1.012839           0.137334E-4        1.011185
        7.939999           0.181395E-4        1.012839           0.137341E-4        1.011186
        7.941999           0.181406E-4        1.012840           0.137348E-4        1.011186
        7.944000           0.181417E-4        1.012840           0.137355E-4        1.011186
        7.946000           0.181428E-4        1.012840           0.137362E-4        1.011186
        7.947999           0.181438E-4        1.012841           0.137369E-4        1.011187
        7.949999           0.181449E-4        1.012841           0.137376E-4        1.011187
        7.951999           0.181460E-4        1.012841           0.137383E-4        1.011187
        7.954000           0.181470E-4        1.012842           0.137390E-4        1.011187
        7.955999           0.181481E-4        1.012842           0.137397E-4        1.011188
        7.957999           0.181492E-4        1.012843           0.137404E-4        1.011188
        7.959999           0.181503E-4        1.012843           0.137411E-4        1.011188
        7.961999           0.181513E-4        1.012843           0.137418E-4        1.011189
        7.964000           0.181524E-4        1.012844           0.137426E-4        1.011189
        7.966000           0.181535E-4        1.012844           0.137432E-4        1.011189
        7.967999           0.181545E-4        1.012844           0.137440E-4        1.011189
        7.969999           0.181556E-4        1.012845           0.137447E-4        1.011190
        7.971999           0.181567E-4        1.012845           0.137454E-4        1.011190
        7.974000           0.181578E-4        1.012845           0.137461E-4        1.011190
        7.975999           0.181588E-4        1.012846           0.137468E-4        1.011190
        7.977999           0.181599E-4        1.012846           0.137475E-4        1.011191
        7.979999           0.181610E-4        1.012847           0.137482E-4        1.011191
        7.981999           0.181621E-4        1.012847           0.137489E-4        1.011191
        7.984000           0.181631E-4        1.012847           0.137496E-4        1.011191
        7.986000           0.181642E-4        1.012848           0.137503E-4        1.011192
        7.987999           0.181653E-4        1.012848           0.137510E-4        1.011192
        7.989999           0.181663E-4        1.012848           0.137518E-4        1.011192
        7.991999           0.181674E-4        1.012849           0.137525E-4        1.011193
        7.993999           0.181685E-4        1.012849           0.137532E-4        1.011193
        7.995999           0.181696E-4        1.012849           0.137539E-4        1.011193
        7.997999           0.181706E-4        1.012850           0.137546E-4        1.011193
        7.999999           0.181717E-4        1.012850           0.137553E-4        1.011194
        8.001999           0.181728E-4        1.012851           0.137560E-4        1.011194
        8.004000           0.181739E-4        1.012851           0.137567E-4        1.011194
        8.006000           0.181749E-4        1.012851           0.137574E-4        1.011195
        8.007999           0.181760E-4        1.012852           0.137581E-4        1.011195
        8.009999           0.181771E-4        1.012852           0.137588E-4        1.011195
        8.012000           0.181782E-4        1.012852           0.137595E-4        1.011195
        8.014000           0.181792E-4        1.012853           0.137602E-4        1.011196
        8.016000           0.181803E-4        1.012853           0.137609E-4        1.011196
        8.018000           0.181814E-4        1.012854           0.137617E-4        1.011196
        8.020000           0.181825E-4        1.012854           0.137623E-4        1.011196
        8.021999           0.181835E-4        1.012854           0.137631E-4        1.011197
        8.023999           0.181846E-4        1.012855           0.137638E-4        1.011197
        8.025999           0.181857E-4        1.012855           0.137645E-4        1.011197
        8.027999           0.181868E-4        1.012855           0.137652E-4        1.011198
        8.029999           0.181878E-4        1.012856           0.137659E-4        1.011198
        8.032000           0.181889E-4        1.012856           0.137666E-4        1.011198
        8.033999           0.181900E-4        1.012856           0.137673E-4        1.011198
        8.035999           0.181911E-4        1.012857           0.137681E-4        1.011199
        8.037999           0.181921E-4        1.012857           0.137687E-4        1.011199
        8.039999           0.181932E-4        1.012857           0.137695E-4        1.011199
        8.042000           0.181943E-4        1.012858           0.137702E-4        1.011199
        8.044000           0.181954E-4        1.012858           0.137709E-4        1.011200
        8.046000           0.181964E-4        1.012859           0.137716E-4        1.011200
        8.047999           0.181975E-4        1.012859           0.137723E-4        1.011200
        8.049999           0.181986E-4        1.012859           0.137730E-4        1.011201
        8.052000           0.181997E-4        1.012860           0.137737E-4        1.011201
        8.054000           0.182007E-4        1.012860           0.137744E-4        1.011201
        8.056000           0.182018E-4        1.012860           0.137751E-4        1.011201
        8.058000           0.182029E-4        1.012861           0.137758E-4        1.011202
        8.059999           0.182040E-4        1.012861           0.137765E-4        1.011202
        8.061999           0.182051E-4        1.012861           0.137773E-4        1.011202
        8.063999           0.182061E-4        1.012862           0.137780E-4        1.011203
        8.065999           0.182072E-4        1.012862           0.137787E-4        1.011203
        8.067999           0.182083E-4        1.012863           0.137794E-4        1.011203
        8.069999           0.182094E-4        1.012863           0.137801E-4        1.011203
        8.072000           0.182104E-4        1.012863           0.137808E-4        1.011204
        8.073999           0.182115E-4        1.012864           0.137815E-4        1.011204
        8.075999           0.182126E-4        1.012864           0.137822E-4        1.011204
        8.077999           0.182137E-4        1.012864           0.137829E-4        1.011204
        8.080000           0.182147E-4        1.012865           0.137836E-4        1.011205
        8.082000           0.182158E-4        1.012865           0.137843E-4        1.011205
        8.084000           0.182169E-4        1.012865           0.137851E-4        1.011205
        8.085999           0.182180E-4        1.012866           0.137858E-4        1.011206
        8.087999           0.182191E-4        1.012866           0.137865E-4        1.011206
        8.090000           0.182201E-4        1.012866           0.137872E-4        1.011206
        8.092000           0.182212E-4        1.012867           0.137879E-4        1.011206
        8.094000           0.182223E-4        1.012867           0.137886E-4        1.011207
        8.096000           0.182234E-4        1.012868           0.137893E-4        1.011207
        8.098000           0.182245E-4        1.012868           0.137900E-4        1.011207
        8.099999           0.182255E-4        1.012868           0.137907E-4        1.011207
        8.101999           0.182266E-4        1.012869           0.137915E-4        1.011208
        8.103999           0.182277E-4        1.012869           0.137922E-4        1.011208
        8.105999           0.182288E-4        1.012869           0.137928E-4        1.011208
        8.107999           0.182298E-4        1.012870           0.137936E-4        1.011209
        8.110000           0.182309E-4        1.012870           0.137943E-4        1.011209
        8.112000           0.182320E-4        1.012871           0.137950E-4        1.011209
        8.113999           0.182331E-4        1.012871           0.137957E-4        1.011209
        8.115999           0.182342E-4        1.012871           0.137964E-4        1.011210
        8.117999           0.182352E-4        1.012872           0.137971E-4        1.011210
        8.120000           0.182363E-4        1.012872           0.137978E-4        1.011210
        8.122000           0.182374E-4        1.012872           0.137986E-4        1.011211
        8.124000           0.182385E-4        1.012873           0.137993E-4        1.011211
        8.125999           0.182396E-4        1.012873           0.138000E-4        1.011211
        8.127999           0.182406E-4        1.012874           0.138007E-4        1.011211
        8.130000           0.182417E-4        1.012874           0.138014E-4        1.011212
        8.132000           0.182428E-4        1.012874           0.138021E-4        1.011212
        8.134000           0.182439E-4        1.012875           0.138028E-4        1.011212
        8.136000           0.182450E-4        1.012875           0.138035E-4        1.011212
        8.137999           0.182460E-4        1.012875           0.138043E-4        1.011213
        8.139999           0.182471E-4        1.012876           0.138050E-4        1.011213
        8.141999           0.182482E-4        1.012876           0.138057E-4        1.011213
        8.143999           0.182493E-4        1.012876           0.138064E-4        1.011214
        8.145999           0.182504E-4        1.012877           0.138071E-4        1.011214
        8.147999           0.182514E-4        1.012877           0.138078E-4        1.011214
        8.150000           0.182525E-4        1.012877           0.138085E-4        1.011214
        8.151999           0.182536E-4        1.012878           0.138092E-4        1.011215
        8.153999           0.182547E-4        1.012878           0.138099E-4        1.011215
        8.155999           0.182558E-4        1.012879           0.138106E-4        1.011215
        8.158000           0.182568E-4        1.012879           0.138114E-4        1.011215
        8.160000           0.182579E-4        1.012879           0.138121E-4        1.011216
        8.162000           0.182590E-4        1.012880           0.138128E-4        1.011216
        8.164000           0.182601E-4        1.012880           0.138135E-4        1.011216
        8.165999           0.182612E-4        1.012880           0.138142E-4        1.011217
        8.168000           0.182623E-4        1.012881           0.138149E-4        1.011217
        8.170000           0.182633E-4        1.012881           0.138156E-4        1.011217
        8.171999           0.182644E-4        1.012882           0.138164E-4        1.011217
        8.173999           0.182655E-4        1.012882           0.138171E-4        1.011218
        8.175999           0.182666E-4        1.012882           0.138178E-4        1.011218
        8.177999           0.182677E-4        1.012883           0.138185E-4        1.011218
        8.179999           0.182688E-4        1.012883           0.138192E-4        1.011219
        8.181999           0.182698E-4        1.012883           0.138199E-4        1.011219
        8.183999           0.182709E-4        1.012884           0.138206E-4        1.011219
        8.185999           0.182720E-4        1.012884           0.138213E-4        1.011219
        8.188000           0.182731E-4        1.012884           0.138221E-4        1.011220
        8.190000           0.182742E-4        1.012885           0.138228E-4        1.011220
        8.191999           0.182753E-4        1.012885           0.138235E-4        1.011220
        8.193999           0.182763E-4        1.012886           0.138242E-4        1.011220
        8.195999           0.182774E-4        1.012886           0.138249E-4        1.011221
        8.198000           0.182785E-4        1.012886           0.138256E-4        1.011221
        8.200000           0.182796E-4        1.012887           0.138263E-4        1.011221
        8.202000           0.182807E-4        1.012887           0.138270E-4        1.011222
        8.204000           0.182818E-4        1.012887           0.138278E-4        1.011222
        8.205999           0.182828E-4        1.012888           0.138285E-4        1.011222
        8.207999           0.182839E-4        1.012888           0.138292E-4        1.011222
        8.209999           0.182850E-4        1.012888           0.138299E-4        1.011223
        8.211999           0.182861E-4        1.012889           0.138306E-4        1.011223
        8.213999           0.182872E-4        1.012889           0.138313E-4        1.011223
        8.215999           0.182883E-4        1.012890           0.138321E-4        1.011224
        8.217999           0.182893E-4        1.012890           0.138328E-4        1.011224
        8.219999           0.182904E-4        1.012890           0.138335E-4        1.011224
        8.221999           0.182915E-4        1.012891           0.138342E-4        1.011224
        8.223999           0.182926E-4        1.012891           0.138349E-4        1.011225
        8.225999           0.182937E-4        1.012891           0.138356E-4        1.011225
        8.228000           0.182948E-4        1.012892           0.138363E-4        1.011225
        8.230000           0.182958E-4        1.012892           0.138371E-4        1.011225
        8.231999           0.182969E-4        1.012892           0.138378E-4        1.011226
        8.233999           0.182980E-4        1.012893           0.138385E-4        1.011226
        8.236000           0.182991E-4        1.012893           0.138392E-4        1.011226
        8.238000           0.183002E-4        1.012894           0.138399E-4        1.011227
        8.240000           0.183013E-4        1.012894           0.138406E-4        1.011227
        8.242000           0.183024E-4        1.012894           0.138413E-4        1.011227
        8.243999           0.183034E-4        1.012895           0.138420E-4        1.011227
        8.245999           0.183045E-4        1.012895           0.138427E-4        1.011228
        8.247999           0.183056E-4        1.012895           0.138435E-4        1.011228
        8.249999           0.183067E-4        1.012896           0.138442E-4        1.011228
        8.251999           0.183078E-4        1.012896           0.138449E-4        1.011229
        8.253999           0.183089E-4        1.012897           0.138456E-4        1.011229
        8.256000           0.183100E-4        1.012897           0.138463E-4        1.011229
        8.257999           0.183110E-4        1.012897           0.138470E-4        1.011229
        8.259999           0.183121E-4        1.012898           0.138478E-4        1.011230
        8.261999           0.183132E-4        1.012898           0.138485E-4        1.011230
        8.263999           0.183143E-4        1.012898           0.138492E-4        1.011230
        8.266000           0.183154E-4        1.012899           0.138499E-4        1.011230
        8.268000           0.183165E-4        1.012899           0.138506E-4        1.011231
        8.270000           0.183176E-4        1.012899           0.138514E-4        1.011231
        8.271999           0.183187E-4        1.012900           0.138521E-4        1.011231
        8.273999           0.183197E-4        1.012900           0.138528E-4        1.011232
        8.276000           0.183208E-4        1.012901           0.138535E-4        1.011232
        8.278000           0.183219E-4        1.012901           0.138542E-4        1.011232
        8.280000           0.183230E-4        1.012901           0.138549E-4        1.011232
        8.282000           0.183241E-4        1.012902           0.138557E-4        1.011233
        8.283999           0.183252E-4        1.012902           0.138563E-4        1.011233
        8.285999           0.183263E-4        1.012902           0.138571E-4        1.011233
        8.287999           0.183274E-4        1.012903           0.138578E-4        1.011233
        8.289999           0.183285E-4        1.012903           0.138585E-4        1.011234
        8.291999           0.183295E-4        1.012903           0.138592E-4        1.011234
        8.293999           0.183306E-4        1.012904           0.138599E-4        1.011234
        8.296000           0.183317E-4        1.012904           0.138607E-4        1.011235
        8.297999           0.183328E-4        1.012905           0.138614E-4        1.011235
        8.299999           0.183339E-4        1.012905           0.138621E-4        1.011235
        8.301999           0.183350E-4        1.012905           0.138628E-4        1.011235
        8.303999           0.183361E-4        1.012906           0.138635E-4        1.011236
        8.306000           0.183372E-4        1.012906           0.138642E-4        1.011236
        8.308000           0.183382E-4        1.012906           0.138650E-4        1.011236
        8.309999           0.183393E-4        1.012907           0.138657E-4        1.011237
        8.311999           0.183404E-4        1.012907           0.138664E-4        1.011237
        8.314000           0.183415E-4        1.012908           0.138671E-4        1.011237
        8.316000           0.183426E-4        1.012908           0.138678E-4        1.011237
        8.318000           0.183437E-4        1.012908           0.138685E-4        1.011238
        8.320000           0.183448E-4        1.012909           0.138692E-4        1.011238
        8.322000           0.183459E-4        1.012909           0.138700E-4        1.011238
        8.323999           0.183470E-4        1.012909           0.138707E-4        1.011238
        8.325999           0.183481E-4        1.012910           0.138714E-4        1.011239
        8.327999           0.183491E-4        1.012910           0.138721E-4        1.011239
        8.329999           0.183502E-4        1.012910           0.138728E-4        1.011239
        8.331999           0.183513E-4        1.012911           0.138735E-4        1.011240
        8.334000           0.183524E-4        1.012911           0.138743E-4        1.011240
        8.335999           0.183535E-4        1.012912           0.138750E-4        1.011240
        8.337999           0.183546E-4        1.012912           0.138757E-4        1.011240
        8.339999           0.183557E-4        1.012912           0.138764E-4        1.011241
        8.341999           0.183568E-4        1.012913           0.138771E-4        1.011241
        8.344000           0.183579E-4        1.012913           0.138779E-4        1.011241
        8.346000           0.183590E-4        1.012913           0.138786E-4        1.011242
        8.348000           0.183600E-4        1.012914           0.138793E-4        1.011242
        8.349999           0.183611E-4        1.012914           0.138800E-4        1.011242
        8.351999           0.183622E-4        1.012914           0.138807E-4        1.011242
        8.354000           0.183633E-4        1.012915           0.138815E-4        1.011243
        8.356000           0.183644E-4        1.012915           0.138822E-4        1.011243
        8.358000           0.183655E-4        1.012916           0.138829E-4        1.011243
        8.360000           0.183666E-4        1.012916           0.138836E-4        1.011243
        8.361999           0.183677E-4        1.012916           0.138843E-4        1.011244
        8.363999           0.183688E-4        1.012917           0.138850E-4        1.011244
        8.365999           0.183699E-4        1.012917           0.138858E-4        1.011244
        8.367999           0.183710E-4        1.012917           0.138865E-4        1.011245
        8.369999           0.183721E-4        1.012918           0.138872E-4        1.011245
        8.371999           0.183731E-4        1.012918           0.138879E-4        1.011245
        8.374000           0.183742E-4        1.012918           0.138886E-4        1.011245
        8.375999           0.183753E-4        1.012919           0.138893E-4        1.011246
        8.377999           0.183764E-4        1.012919           0.138901E-4        1.011246
        8.379999           0.183775E-4        1.012920           0.138908E-4        1.011246
        8.382000           0.183786E-4        1.012920           0.138915E-4        1.011247
        8.384000           0.183797E-4        1.012920           0.138922E-4        1.011247
        8.386000           0.183808E-4        1.012921           0.138929E-4        1.011247
        8.388000           0.183819E-4        1.012921           0.138936E-4        1.011247
        8.389999           0.183830E-4        1.012921           0.138944E-4        1.011248
        8.392000           0.183841E-4        1.012922           0.138951E-4        1.011248
        8.394000           0.183852E-4        1.012922           0.138958E-4        1.011248
        8.396000           0.183863E-4        1.012923           0.138965E-4        1.011248
        8.397999           0.183874E-4        1.012923           0.138972E-4        1.011249
        8.399999           0.183884E-4        1.012923           0.138980E-4        1.011249
        8.401999           0.183895E-4        1.012924           0.138987E-4        1.011249
        8.403999           0.183906E-4        1.012924           0.138994E-4        1.011250
        8.405999           0.183917E-4        1.012924           0.139001E-4        1.011250
        8.407999           0.183928E-4        1.012925           0.139008E-4        1.011250
        8.409999           0.183939E-4        1.012925           0.139015E-4        1.011250
        8.412000           0.183950E-4        1.012926           0.139023E-4        1.011251
        8.414000           0.183961E-4        1.012926           0.139030E-4        1.011251
        8.415999           0.183972E-4        1.012926           0.139037E-4        1.011251
        8.417999           0.183983E-4        1.012927           0.139044E-4        1.011252
        8.419999           0.183994E-4        1.012927           0.139052E-4        1.011252
        8.422000           0.184005E-4        1.012927           0.139059E-4        1.011252
        8.424000           0.184016E-4        1.012928           0.139066E-4        1.011252
        8.426000           0.184027E-4        1.012928           0.139073E-4        1.011253
        8.427999           0.184038E-4        1.012928           0.139080E-4        1.011253
        8.429999           0.184049E-4        1.012929           0.139087E-4        1.011253
        8.432000           0.184060E-4        1.012929           0.139095E-4        1.011253
        8.433999           0.184071E-4        1.012930           0.139102E-4        1.011254
        8.435999           0.184081E-4        1.012930           0.139109E-4        1.011254
        8.437999           0.184092E-4        1.012930           0.139117E-4        1.011254
        8.439999           0.184103E-4        1.012931           0.139124E-4        1.011255
        8.441999           0.184114E-4        1.012931           0.139131E-4        1.011255
        8.443999           0.184125E-4        1.012931           0.139138E-4        1.011255
        8.445999           0.184136E-4        1.012932           0.139145E-4        1.011256
        8.447999           0.184147E-4        1.012932           0.139152E-4        1.011256
        8.449999           0.184158E-4        1.012933           0.139160E-4        1.011256
        8.452000           0.184169E-4        1.012933           0.139167E-4        1.011256
        8.454000           0.184180E-4        1.012933           0.139174E-4        1.011257
        8.455999           0.184191E-4        1.012934           0.139181E-4        1.011257
        8.457999           0.184202E-4        1.012934           0.139188E-4        1.011257
        8.460000           0.184213E-4        1.012934           0.139196E-4        1.011257
        8.462000           0.184224E-4        1.012935           0.139203E-4        1.011258
        8.464000           0.184235E-4        1.012935           0.139210E-4        1.011258
        8.466000           0.184246E-4        1.012935           0.139217E-4        1.011258
        8.467999           0.184257E-4        1.012936           0.139224E-4        1.011258
        8.469999           0.184268E-4        1.012936           0.139232E-4        1.011259
        8.471999           0.184279E-4        1.012937           0.139239E-4        1.011259
        8.473999           0.184290E-4        1.012937           0.139246E-4        1.011259
        8.475999           0.184301E-4        1.012937           0.139253E-4        1.011260
        8.477999           0.184312E-4        1.012938           0.139261E-4        1.011260
        8.480000           0.184323E-4        1.012938           0.139268E-4        1.011260
        8.481999           0.184334E-4        1.012938           0.139275E-4        1.011260
        8.483999           0.184345E-4        1.012939           0.139282E-4        1.011261
        8.485999           0.184356E-4        1.012939           0.139289E-4        1.011261
        8.487999           0.184367E-4        1.012939           0.139297E-4        1.011261
        8.490000           0.184378E-4        1.012940           0.139304E-4        1.011262
        8.492000           0.184389E-4        1.012940           0.139311E-4        1.011262
        8.493999           0.184400E-4        1.012941           0.139318E-4        1.011262
        8.495999           0.184411E-4        1.012941           0.139325E-4        1.011262
        8.497999           0.184422E-4        1.012941           0.139333E-4        1.011263
        8.500000           0.184433E-4        1.012942           0.139340E-4        1.011263
        8.502000           0.184443E-4        1.012942           0.139347E-4        1.011263
        8.504000           0.184454E-4        1.012942           0.139354E-4        1.011263
        8.506000           0.184465E-4        1.012943           0.139361E-4        1.011264
        8.507999           0.184476E-4        1.012943           0.139369E-4        1.011264
        8.509999           0.184487E-4        1.012944           0.139376E-4        1.011264
        8.511999           0.184498E-4        1.012944           0.139383E-4        1.011265
        8.513999           0.184509E-4        1.012944           0.139391E-4        1.011265
        8.515999           0.184520E-4        1.012945           0.139398E-4        1.011265
        8.517999           0.184531E-4        1.012945           0.139405E-4        1.011265
        8.520000           0.184542E-4        1.012945           0.139412E-4        1.011266
        8.521999           0.184553E-4        1.012946           0.139419E-4        1.011266
        8.523999           0.184564E-4        1.012946           0.139426E-4        1.011266
        8.525999           0.184575E-4        1.012946           0.139434E-4        1.011267
        8.527999           0.184586E-4        1.012947           0.139441E-4        1.011267
        8.530000           0.184597E-4        1.012947           0.139448E-4        1.011267
        8.532000           0.184608E-4        1.012948           0.139455E-4        1.011267
        8.533999           0.184619E-4        1.012948           0.139463E-4        1.011268
        8.535999           0.184630E-4        1.012948           0.139470E-4        1.011268
        8.538000           0.184641E-4        1.012949           0.139477E-4        1.011268
        8.540000           0.184652E-4        1.012949           0.139485E-4        1.011268
        8.542000           0.184663E-4        1.012949           0.139492E-4        1.011269
        8.544000           0.184674E-4        1.012950           0.139499E-4        1.011269
        8.546000           0.184685E-4        1.012950           0.139506E-4        1.011269
        8.547999           0.184696E-4        1.012951           0.139513E-4        1.011270
        8.549999           0.184707E-4        1.012951           0.139521E-4        1.011270
        8.551999           0.184719E-4        1.012951           0.139528E-4        1.011270
        8.553999           0.184730E-4        1.012952           0.139535E-4        1.011271
        8.555999           0.184740E-4        1.012952           0.139542E-4        1.011271
        8.558000           0.184752E-4        1.012952           0.139550E-4        1.011271
        8.559999           0.184763E-4        1.012953           0.139557E-4        1.011271
        8.561999           0.184774E-4        1.012953           0.139564E-4        1.011272
        8.563999           0.184785E-4        1.012954           0.139571E-4        1.011272
        8.565999           0.184796E-4        1.012954           0.139579E-4        1.011272
        8.568000           0.184807E-4        1.012954           0.139586E-4        1.011272
        8.570000           0.184818E-4        1.012955           0.139593E-4        1.011273
        8.572000           0.184829E-4        1.012955           0.139600E-4        1.011273
        8.573999           0.184840E-4        1.012955           0.139607E-4        1.011273
        8.575999           0.184851E-4        1.012956           0.139615E-4        1.011274
        8.578000           0.184862E-4        1.012956           0.139622E-4        1.011274
        8.580000           0.184873E-4        1.012957           0.139629E-4        1.011274
        8.582000           0.184884E-4        1.012957           0.139636E-4        1.011274
        8.584000           0.184895E-4        1.012957           0.139644E-4        1.011275
        8.585999           0.184906E-4        1.012958           0.139651E-4        1.011275
        8.587999           0.184917E-4        1.012958           0.139658E-4        1.011275
        8.589999           0.184928E-4        1.012958           0.139665E-4        1.011276
        8.591999           0.184939E-4        1.012959           0.139673E-4        1.011276
        8.593999           0.184950E-4        1.012959           0.139680E-4        1.011276
        8.595999           0.184961E-4        1.012959           0.139687E-4        1.011276
        8.598000           0.184972E-4        1.012960           0.139694E-4        1.011277
        8.599999           0.184983E-4        1.012960           0.139701E-4        1.011277
        8.601999           0.184994E-4        1.012961           0.139709E-4        1.011277
        8.603999           0.185005E-4        1.012961           0.139716E-4        1.011277
        8.606000           0.185016E-4        1.012961           0.139723E-4        1.011278
        8.608000           0.185027E-4        1.012962           0.139731E-4        1.011278
        8.610000           0.185038E-4        1.012962           0.139738E-4        1.011278
        8.612000           0.185049E-4        1.012962           0.139745E-4        1.011279
        8.613999           0.185060E-4        1.012963           0.139752E-4        1.011279
        8.616000           0.185071E-4        1.012963           0.139760E-4        1.011279
        8.618000           0.185082E-4        1.012964           0.139767E-4        1.011279
        8.620000           0.185094E-4        1.012964           0.139774E-4        1.011280
        8.621999           0.185105E-4        1.012964           0.139781E-4        1.011280
        8.623999           0.185116E-4        1.012965           0.139789E-4        1.011280
        8.625999           0.185127E-4        1.012965           0.139796E-4        1.011281
        8.627999           0.185138E-4        1.012965           0.139803E-4        1.011281
        8.629999           0.185149E-4        1.012966           0.139810E-4        1.011281
        8.631999           0.185160E-4        1.012966           0.139818E-4        1.011281
        8.633999           0.185171E-4        1.012967           0.139825E-4        1.011282
        8.636000           0.185182E-4        1.012967           0.139832E-4        1.011282
        8.638000           0.185193E-4        1.012967           0.139839E-4        1.011282
        8.639999           0.185204E-4        1.012968           0.139847E-4        1.011282
        8.641999           0.185215E-4        1.012968           0.139854E-4        1.011283
        8.643999           0.185226E-4        1.012968           0.139861E-4        1.011283
        8.646000           0.185237E-4        1.012969           0.139869E-4        1.011283
        8.648000           0.185248E-4        1.012969           0.139876E-4        1.011284
        8.650000           0.185259E-4        1.012969           0.139883E-4        1.011284
        8.651999           0.185270E-4        1.012970           0.139890E-4        1.011284
        8.653999           0.185281E-4        1.012970           0.139897E-4        1.011284
        8.656000           0.185293E-4        1.012971           0.139905E-4        1.011285
        8.657999           0.185304E-4        1.012971           0.139912E-4        1.011285
        8.659999           0.185315E-4        1.012971           0.139919E-4        1.011285
        8.661999           0.185326E-4        1.012972           0.139927E-4        1.011286
        8.663999           0.185337E-4        1.012972           0.139934E-4        1.011286
        8.665999           0.185348E-4        1.012972           0.139941E-4        1.011286
        8.667999           0.185359E-4        1.012973           0.139948E-4        1.011286
        8.669999           0.185370E-4        1.012973           0.139955E-4        1.011287
        8.671999           0.185381E-4        1.012974           0.139963E-4        1.011287
        8.673999           0.185392E-4        1.012974           0.139970E-4        1.011287
        8.676000           0.185403E-4        1.012974           0.139977E-4        1.011288
        8.677999           0.185414E-4        1.012975           0.139985E-4        1.011288
        8.679999           0.185425E-4        1.012975           0.139992E-4        1.011288
        8.681999           0.185436E-4        1.012975           0.139999E-4        1.011288
        8.684000           0.185448E-4        1.012976           0.140007E-4        1.011289
        8.686000           0.185459E-4        1.012976           0.140014E-4        1.011289
        8.688000           0.185470E-4        1.012977           0.140021E-4        1.011289
        8.690000           0.185481E-4        1.012977           0.140028E-4        1.011289
        8.691999           0.185492E-4        1.012977           0.140036E-4        1.011290
        8.693999           0.185503E-4        1.012978           0.140043E-4        1.011290
        8.695999           0.185514E-4        1.012978           0.140050E-4        1.011290
        8.697999           0.185525E-4        1.012978           0.140057E-4        1.011291
        8.699999           0.185536E-4        1.012979           0.140064E-4        1.011291
        8.701999           0.185547E-4        1.012979           0.140072E-4        1.011291
        8.704000           0.185558E-4        1.012980           0.140079E-4        1.011291
        8.705999           0.185569E-4        1.012980           0.140087E-4        1.011292
        8.707999           0.185581E-4        1.012980           0.140094E-4        1.011292
        8.709999           0.185592E-4        1.012981           0.140101E-4        1.011292
        8.711999           0.185603E-4        1.012981           0.140108E-4        1.011293
        8.714000           0.185614E-4        1.012981           0.140116E-4        1.011293
        8.716000           0.185625E-4        1.012982           0.140123E-4        1.011293
        8.717999           0.185636E-4        1.012982           0.140130E-4        1.011293
        8.719999           0.185647E-4        1.012982           0.140137E-4        1.011294
        8.721999           0.185658E-4        1.012983           0.140145E-4        1.011294
        8.724000           0.185669E-4        1.012983           0.140152E-4        1.011294
        8.726000           0.185680E-4        1.012984           0.140160E-4        1.011294
        8.728000           0.185692E-4        1.012984           0.140167E-4        1.011295
        8.730000           0.185703E-4        1.012984           0.140174E-4        1.011295
        8.731999           0.185714E-4        1.012985           0.140181E-4        1.011295
        8.733999           0.185725E-4        1.012985           0.140189E-4        1.011296
        8.735999           0.185736E-4        1.012985           0.140196E-4        1.011296
        8.737999           0.185747E-4        1.012986           0.140203E-4        1.011296
        8.739999           0.185758E-4        1.012986           0.140210E-4        1.011297
        8.741999           0.185769E-4        1.012987           0.140218E-4        1.011297
        8.743999           0.185780E-4        1.012987           0.140225E-4        1.011297
        8.745999           0.185792E-4        1.012987           0.140233E-4        1.011297
        8.747999           0.185803E-4        1.012988           0.140240E-4        1.011298
        8.749999           0.185814E-4        1.012988           0.140247E-4        1.011298
        8.751999           0.185825E-4        1.012988           0.140254E-4        1.011298
        8.754000           0.185836E-4        1.012989           0.140262E-4        1.011298
        8.756000           0.185847E-4        1.012989           0.140269E-4        1.011299
        8.757999           0.185858E-4        1.012990           0.140276E-4        1.011299
        8.759999           0.185869E-4        1.012990           0.140284E-4        1.011299
        8.762000           0.185880E-4        1.012990           0.140291E-4        1.011300
        8.764000           0.185892E-4        1.012991           0.140298E-4        1.011300
        8.766000           0.185903E-4        1.012991           0.140305E-4        1.011300
        8.768000           0.185914E-4        1.012991           0.140313E-4        1.011300
        8.770000           0.185925E-4        1.012992           0.140320E-4        1.011301
        8.771999           0.185936E-4        1.012992           0.140327E-4        1.011301
        8.773999           0.185947E-4        1.012993           0.140334E-4        1.011301
        8.775999           0.185958E-4        1.012993           0.140342E-4        1.011302
        8.777999           0.185969E-4        1.012993           0.140349E-4        1.011302
        8.779999           0.185981E-4        1.012994           0.140356E-4        1.011302
        8.782000           0.185992E-4        1.012994           0.140364E-4        1.011302
        8.783999           0.186003E-4        1.012994           0.140371E-4        1.011303
        8.785999           0.186014E-4        1.012995           0.140378E-4        1.011303
        8.787999           0.186025E-4        1.012995           0.140385E-4        1.011303
        8.789999           0.186036E-4        1.012995           0.140393E-4        1.011304
        8.792000           0.186047E-4        1.012996           0.140400E-4        1.011304
        8.794000           0.186058E-4        1.012996           0.140408E-4        1.011304
        8.796000           0.186070E-4        1.012997           0.140415E-4        1.011304
        8.797999           0.186081E-4        1.012997           0.140422E-4        1.011305
        8.799999           0.186092E-4        1.012997           0.140429E-4        1.011305
        8.802000           0.186103E-4        1.012998           0.140437E-4        1.011305
        8.804000           0.186114E-4        1.012998           0.140444E-4        1.011305
        8.806000           0.186125E-4        1.012998           0.140451E-4        1.011306
        8.808000           0.186136E-4        1.012999           0.140458E-4        1.011306
        8.809999           0.186148E-4        1.012999           0.140466E-4        1.011306
        8.811999           0.186159E-4        1.013000           0.140473E-4        1.011307
        8.813999           0.186170E-4        1.013000           0.140481E-4        1.011307
        8.815999           0.186181E-4        1.013000           0.140488E-4        1.011307
        8.817999           0.186192E-4        1.013001           0.140495E-4        1.011307
        8.819999           0.186203E-4        1.013001           0.140503E-4        1.011308
        8.822000           0.186214E-4        1.013001           0.140510E-4        1.011308
        8.823999           0.186226E-4        1.013002           0.140517E-4        1.011308
        8.825999           0.186237E-4        1.013002           0.140525E-4        1.011309
        8.827999           0.186248E-4        1.013003           0.140532E-4        1.011309
        8.829999           0.186259E-4        1.013003           0.140539E-4        1.011309
        8.832000           0.186270E-4        1.013003           0.140546E-4        1.011309
        8.834000           0.186281E-4        1.013004           0.140554E-4        1.011310
        8.835999           0.186293E-4        1.013004           0.140561E-4        1.011310
        8.837999           0.186304E-4        1.013004           0.140568E-4        1.011310
        8.840000           0.186315E-4        1.013005           0.140576E-4        1.011311
        8.842000           0.186326E-4        1.013005           0.140583E-4        1.011311
        8.844000           0.186337E-4        1.013005           0.140590E-4        1.011311
        8.846000           0.186348E-4        1.013006           0.140598E-4        1.011311
        8.847999           0.186360E-4        1.013006           0.140605E-4        1.011312
        8.849999           0.186371E-4        1.013007           0.140612E-4        1.011312
        8.851999           0.186382E-4        1.013007           0.140620E-4        1.011312
        8.853999           0.186393E-4        1.013007           0.140627E-4        1.011312
        8.855999           0.186404E-4        1.013008           0.140634E-4        1.011313
        8.857999           0.186415E-4        1.013008           0.140641E-4        1.011313
        8.860000           0.186426E-4        1.013008           0.140649E-4        1.011313
        8.862000           0.186438E-4        1.013009           0.140656E-4        1.011314
        8.863999           0.186449E-4        1.013009           0.140663E-4        1.011314
        8.865999           0.186460E-4        1.013010           0.140671E-4        1.011314
        8.867999           0.186471E-4        1.013010           0.140678E-4        1.011315
        8.870000           0.186482E-4        1.013010           0.140685E-4        1.011315
        8.872000           0.186494E-4        1.013011           0.140693E-4        1.011315
        8.874000           0.186505E-4        1.013011           0.140700E-4        1.011315
        8.875999           0.186516E-4        1.013011           0.140708E-4        1.011316
        8.877999           0.186527E-4        1.013012           0.140715E-4        1.011316
        8.880000           0.186538E-4        1.013012           0.140722E-4        1.011316
        8.882000           0.186549E-4        1.013013           0.140729E-4        1.011316
        8.883999           0.186561E-4        1.013013           0.140737E-4        1.011317
        8.885999           0.186572E-4        1.013013           0.140744E-4        1.011317
        8.887999           0.186583E-4        1.013014           0.140752E-4        1.011317
        8.889999           0.186594E-4        1.013014           0.140759E-4        1.011318
        8.891999           0.186605E-4        1.013014           0.140766E-4        1.011318
        8.893999           0.186617E-4        1.013015           0.140774E-4        1.011318
        8.895999           0.186628E-4        1.013015           0.140781E-4        1.011318
        8.897999           0.186639E-4        1.013016           0.140788E-4        1.011319
        8.900000           0.186650E-4        1.013016           0.140796E-4        1.011319
        8.901999           0.186661E-4        1.013016           0.140803E-4        1.011319
        8.903999           0.186672E-4        1.013017           0.140810E-4        1.011320
        8.905999           0.186684E-4        1.013017           0.140818E-4        1.011320
        8.908000           0.186695E-4        1.013017           0.140825E-4        1.011320
        8.910000           0.186706E-4        1.013018           0.140832E-4        1.011320
        8.912000           0.186717E-4        1.013018           0.140839E-4        1.011321
        8.914000           0.186729E-4        1.013018           0.140847E-4        1.011321
        8.915999           0.186740E-4        1.013019           0.140854E-4        1.011321
        8.917999           0.186751E-4        1.013019           0.140861E-4        1.011322
        8.919999           0.186762E-4        1.013020           0.140869E-4        1.011322
        8.921999           0.186773E-4        1.013020           0.140876E-4        1.011322
        8.923999           0.186784E-4        1.013020           0.140884E-4        1.011322
        8.925999           0.186796E-4        1.013021           0.140891E-4        1.011323
        8.927999           0.186807E-4        1.013021           0.140898E-4        1.011323
        8.929999           0.186818E-4        1.013021           0.140906E-4        1.011323
        8.931999           0.186829E-4        1.013022           0.140913E-4        1.011323
        8.933999           0.186840E-4        1.013022           0.140920E-4        1.011324
        8.935999           0.186852E-4        1.013023           0.140928E-4        1.011324
        8.938000           0.186863E-4        1.013023           0.140935E-4        1.011324
        8.940000           0.186874E-4        1.013023           0.140942E-4        1.011325
        8.941999           0.186885E-4        1.013024           0.140950E-4        1.011325
        8.943999           0.186897E-4        1.013024           0.140957E-4        1.011325
        8.945999           0.186908E-4        1.013025           0.140964E-4        1.011325
        8.948000           0.186919E-4        1.013025           0.140972E-4        1.011326
        8.950000           0.186930E-4        1.013025           0.140979E-4        1.011326
        8.952000           0.186941E-4        1.013026           0.140987E-4        1.011326
        8.954000           0.186953E-4        1.013026           0.140994E-4        1.011327
        8.955999           0.186964E-4        1.013026           0.141001E-4        1.011327
        8.957999           0.186975E-4        1.013027           0.141009E-4        1.011327
        8.959999           0.186986E-4        1.013027           0.141016E-4        1.011327
        8.961999           0.186998E-4        1.013028           0.141023E-4        1.011328
        8.963999           0.187009E-4        1.013028           0.141031E-4        1.011328
        8.965999           0.187020E-4        1.013028           0.141038E-4        1.011328
        8.967999           0.187031E-4        1.013029           0.141045E-4        1.011329
        8.969999           0.187042E-4        1.013029           0.141053E-4        1.011329
        8.971999           0.187054E-4        1.013029           0.141060E-4        1.011329
        8.973999           0.187065E-4        1.013030           0.141067E-4        1.011329
        8.975999           0.187076E-4        1.013030           0.141075E-4        1.011330
        8.978000           0.187087E-4        1.013031           0.141082E-4        1.011330
        8.980000           0.187099E-4        1.013031           0.141090E-4        1.011330
        8.981999           0.187110E-4        1.013031           0.141097E-4        1.011330
        8.983999           0.187121E-4        1.013032           0.141104E-4        1.011331
        8.986000           0.187132E-4        1.013032           0.141112E-4        1.011331
        8.988000           0.187144E-4        1.013032           0.141119E-4        1.011331
        8.990000           0.187155E-4        1.013033           0.141126E-4        1.011332
        8.992000           0.187166E-4        1.013033           0.141134E-4        1.011332
        8.993999           0.187177E-4        1.013034           0.141141E-4        1.011332
        8.995999           0.187189E-4        1.013034           0.141149E-4        1.011333
        8.997999           0.187200E-4        1.013034           0.141156E-4        1.011333
        8.999999           0.187211E-4        1.013035           0.141163E-4        1.011333
        9.001999           0.187222E-4        1.013035           0.141170E-4        1.011333
        9.003999           0.187233E-4        1.013035           0.141178E-4        1.011334
        9.006000           0.187245E-4        1.013036           0.141185E-4        1.011334
        9.007999           0.187256E-4        1.013036           0.141193E-4        1.011334
        9.009999           0.187267E-4        1.013036           0.141200E-4        1.011335
        9.011999           0.187279E-4        1.013037           0.141207E-4        1.011335
        9.013999           0.187290E-4        1.013037           0.141215E-4        1.011335
        9.016000           0.187301E-4        1.013038           0.141222E-4        1.011335
        9.018000           0.187312E-4        1.013038           0.141230E-4        1.011336
        9.020000           0.187323E-4        1.013038           0.141237E-4        1.011336
        9.021999           0.187335E-4        1.013039           0.141244E-4        1.011336
        9.023999           0.187346E-4        1.013039           0.141252E-4        1.011336
        9.026000           0.187357E-4        1.013039           0.141259E-4        1.011337
        9.028000           0.187369E-4        1.013040           0.141266E-4        1.011337
        9.030000           0.187380E-4        1.013040           0.141274E-4        1.011337
        9.032000           0.187391E-4        1.013041           0.141281E-4        1.011338
        9.033999           0.187402E-4        1.013041           0.141288E-4        1.011338
        9.035999           0.187414E-4        1.013041           0.141296E-4        1.011338
        9.037999           0.187425E-4        1.013042           0.141303E-4        1.011338
        9.039999           0.187436E-4        1.013042           0.141311E-4        1.011339
        9.041999           0.187447E-4        1.013042           0.141318E-4        1.011339
        9.043999           0.187459E-4        1.013043           0.141325E-4        1.011339
        9.046000           0.187470E-4        1.013043           0.141333E-4        1.011340
        9.047999           0.187481E-4        1.013044           0.141340E-4        1.011340
        9.049999           0.187492E-4        1.013044           0.141347E-4        1.011340
        9.051999           0.187504E-4        1.013044           0.141355E-4        1.011340
        9.053999           0.187515E-4        1.013045           0.141362E-4        1.011341
        9.056000           0.187526E-4        1.013045           0.141370E-4        1.011341
        9.058000           0.187537E-4        1.013045           0.141377E-4        1.011341
        9.059999           0.187549E-4        1.013046           0.141385E-4        1.011342
        9.061999           0.187560E-4        1.013046           0.141392E-4        1.011342
        9.064000           0.187571E-4        1.013047           0.141399E-4        1.011342
        9.066000           0.187583E-4        1.013047           0.141407E-4        1.011342
        9.068000           0.187594E-4        1.013047           0.141414E-4        1.011343
        9.070000           0.187605E-4        1.013048           0.141421E-4        1.011343
        9.071999           0.187616E-4        1.013048           0.141429E-4        1.011343
        9.073999           0.187628E-4        1.013049           0.141436E-4        1.011343
        9.075999           0.187639E-4        1.013049           0.141443E-4        1.011344
        9.077999           0.187650E-4        1.013049           0.141451E-4        1.011344
        9.079999           0.187662E-4        1.013050           0.141458E-4        1.011344
        9.081999           0.187673E-4        1.013050           0.141466E-4        1.011345
        9.084000           0.187684E-4        1.013050           0.141473E-4        1.011345
        9.085999           0.187695E-4        1.013051           0.141481E-4        1.011345
        9.087999           0.187707E-4        1.013051           0.141488E-4        1.011346
        9.089999           0.187718E-4        1.013052           0.141495E-4        1.011346
        9.091999           0.187729E-4        1.013052           0.141503E-4        1.011346
        9.094000           0.187741E-4        1.013052           0.141510E-4        1.011346
        9.096000           0.187752E-4        1.013053           0.141518E-4        1.011347
        9.098000           0.187763E-4        1.013053           0.141525E-4        1.011347
        9.099999           0.187774E-4        1.013053           0.141532E-4        1.011347
        9.101999           0.187786E-4        1.013054           0.141540E-4        1.011348
        9.104000           0.187797E-4        1.013054           0.141547E-4        1.011348
        9.106000           0.187808E-4        1.013054           0.141554E-4        1.011348
        9.107999           0.187820E-4        1.013055           0.141562E-4        1.011348
        9.109999           0.187831E-4        1.013055           0.141569E-4        1.011349
        9.111999           0.187842E-4        1.013056           0.141576E-4        1.011349
        9.113999           0.187854E-4        1.013056           0.141584E-4        1.011349
        9.115999           0.187865E-4        1.013056           0.141591E-4        1.011349
        9.117999           0.187876E-4        1.013057           0.141599E-4        1.011350
        9.119999           0.187887E-4        1.013057           0.141606E-4        1.011350
        9.121999           0.187899E-4        1.013057           0.141613E-4        1.011350
        9.124000           0.187910E-4        1.013058           0.141621E-4        1.011351
        9.125999           0.187921E-4        1.013058           0.141628E-4        1.011351
        9.127999           0.187933E-4        1.013059           0.141636E-4        1.011351
        9.129999           0.187944E-4        1.013059           0.141643E-4        1.011351
        9.132000           0.187955E-4        1.013059           0.141651E-4        1.011352
        9.134000           0.187967E-4        1.013060           0.141658E-4        1.011352
        9.136000           0.187978E-4        1.013060           0.141666E-4        1.011352
        9.138000           0.187989E-4        1.013060           0.141673E-4        1.011353
        9.139999           0.188001E-4        1.013061           0.141680E-4        1.011353
        9.142000           0.188012E-4        1.013061           0.141688E-4        1.011353
        9.143999           0.188023E-4        1.013062           0.141695E-4        1.011353
        9.145999           0.188035E-4        1.013062           0.141703E-4        1.011354
        9.147999           0.188046E-4        1.013062           0.141710E-4        1.011354
        9.149999           0.188057E-4        1.013063           0.141718E-4        1.011354
        9.151999           0.188069E-4        1.013063           0.141725E-4        1.011355
        9.153999           0.188080E-4        1.013064           0.141732E-4        1.011355
        9.155999           0.188091E-4        1.013064           0.141740E-4        1.011355
        9.157999           0.188102E-4        1.013064           0.141747E-4        1.011355
        9.159999           0.188114E-4        1.013065           0.141755E-4        1.011356
        9.162000           0.188125E-4        1.013065           0.141762E-4        1.011356
        9.164000           0.188136E-4        1.013065           0.141769E-4        1.011356
        9.165999           0.188148E-4        1.013066           0.141777E-4        1.011357
        9.167999           0.188159E-4        1.013066           0.141784E-4        1.011357
        9.169999           0.188170E-4        1.013067           0.141792E-4        1.011357
        9.172000           0.188182E-4        1.013067           0.141799E-4        1.011357
        9.174000           0.188193E-4        1.013067           0.141806E-4        1.011358
        9.176000           0.188204E-4        1.013068           0.141814E-4        1.011358
        9.177999           0.188216E-4        1.013068           0.141821E-4        1.011358
        9.179999           0.188227E-4        1.013068           0.141829E-4        1.011358
        9.181999           0.188238E-4        1.013069           0.141836E-4        1.011359
        9.183999           0.188250E-4        1.013069           0.141843E-4        1.011359
        9.185999           0.188261E-4        1.013070           0.141851E-4        1.011359
        9.187999           0.188272E-4        1.013070           0.141858E-4        1.011360
        9.189999           0.188284E-4        1.013070           0.141866E-4        1.011360
        9.191999           0.188295E-4        1.013071           0.141873E-4        1.011360
        9.193999           0.188306E-4        1.013071           0.141881E-4        1.011361
        9.195999           0.188318E-4        1.013071           0.141888E-4        1.011361
        9.197999           0.188329E-4        1.013072           0.141896E-4        1.011361
        9.199999           0.188341E-4        1.013072           0.141903E-4        1.011361
        9.202000           0.188352E-4        1.013072           0.141910E-4        1.011362
        9.204000           0.188363E-4        1.013073           0.141918E-4        1.011362
        9.205999           0.188375E-4        1.013073           0.141925E-4        1.011362
        9.207999           0.188386E-4        1.013074           0.141933E-4        1.011363
        9.210000           0.188397E-4        1.013074           0.141940E-4        1.011363
        9.212000           0.188409E-4        1.013074           0.141947E-4        1.011363
        9.214000           0.188420E-4        1.013075           0.141955E-4        1.011363
        9.216000           0.188431E-4        1.013075           0.141962E-4        1.011364
        9.217999           0.188443E-4        1.013076           0.141970E-4        1.011364
        9.219999           0.188454E-4        1.013076           0.141977E-4        1.011364
        9.221999           0.188465E-4        1.013076           0.141985E-4        1.011364
        9.223999           0.188477E-4        1.013077           0.141992E-4        1.011365
        9.225999           0.188488E-4        1.013077           0.141999E-4        1.011365
        9.227999           0.188499E-4        1.013077           0.142007E-4        1.011365
        9.230000           0.188511E-4        1.013078           0.142014E-4        1.011366
        9.231999           0.188522E-4        1.013078           0.142022E-4        1.011366
        9.233999           0.188534E-4        1.013079           0.142029E-4        1.011366
        9.235999           0.188545E-4        1.013079           0.142037E-4        1.011366
        9.237999           0.188556E-4        1.013079           0.142044E-4        1.011367
        9.240000           0.188568E-4        1.013080           0.142052E-4        1.011367
        9.242000           0.188579E-4        1.013080           0.142059E-4        1.011367
        9.243999           0.188590E-4        1.013080           0.142066E-4        1.011368
        9.245999           0.188602E-4        1.013081           0.142074E-4        1.011368
        9.247999           0.188613E-4        1.013081           0.142081E-4        1.011368
        9.250000           0.188625E-4        1.013082           0.142089E-4        1.011369
        9.252000           0.188636E-4        1.013082           0.142096E-4        1.011369
        9.254000           0.188647E-4        1.013082           0.142104E-4        1.011369
        9.256000           0.188659E-4        1.013083           0.142111E-4        1.011369
        9.257999           0.188670E-4        1.013083           0.142118E-4        1.011370
        9.259999           0.188681E-4        1.013083           0.142126E-4        1.011370
        9.261999           0.188693E-4        1.013084           0.142133E-4        1.011370
        9.263999           0.188704E-4        1.013084           0.142141E-4        1.011370
        9.265999           0.188716E-4        1.013085           0.142148E-4        1.011371
        9.267999           0.188727E-4        1.013085           0.142156E-4        1.011371
        9.270000           0.188738E-4        1.013085           0.142163E-4        1.011371
        9.271999           0.188750E-4        1.013086           0.142171E-4        1.011372
        9.273999           0.188761E-4        1.013086           0.142178E-4        1.011372
        9.275999           0.188772E-4        1.013087           0.142185E-4        1.011372
        9.277999           0.188784E-4        1.013087           0.142193E-4        1.011372
        9.280000           0.188795E-4        1.013087           0.142200E-4        1.011373
        9.282000           0.188807E-4        1.013088           0.142208E-4        1.011373
        9.283999           0.188818E-4        1.013088           0.142215E-4        1.011373
        9.285999           0.188829E-4        1.013088           0.142223E-4        1.011374
        9.288000           0.188841E-4        1.013089           0.142230E-4        1.011374
        9.290000           0.188852E-4        1.013089           0.142238E-4        1.011374
        9.292000           0.188864E-4        1.013090           0.142245E-4        1.011374
        9.294000           0.188875E-4        1.013090           0.142252E-4        1.011375
        9.296000           0.188886E-4        1.013090           0.142260E-4        1.011375
        9.297999           0.188898E-4        1.013091           0.142267E-4        1.011375
        9.299999           0.188909E-4        1.013091           0.142275E-4        1.011376
        9.301999           0.188921E-4        1.013091           0.142283E-4        1.011376
        9.303999           0.188932E-4        1.013092           0.142290E-4        1.011376
        9.305999           0.188943E-4        1.013092           0.142297E-4        1.011376
        9.308000           0.188955E-4        1.013093           0.142305E-4        1.011377
        9.309999           0.188966E-4        1.013093           0.142312E-4        1.011377
        9.311999           0.188978E-4        1.013093           0.142320E-4        1.011377
        9.313999           0.188989E-4        1.013094           0.142327E-4        1.011378
        9.315999           0.189000E-4        1.013094           0.142335E-4        1.011378
        9.318000           0.189012E-4        1.013094           0.142342E-4        1.011378
        9.320000           0.189023E-4        1.013095           0.142350E-4        1.011378
        9.322000           0.189035E-4        1.013095           0.142357E-4        1.011379
        9.323999           0.189046E-4        1.013096           0.142364E-4        1.011379
        9.325999           0.189058E-4        1.013096           0.142372E-4        1.011379
        9.328000           0.189069E-4        1.013096           0.142379E-4        1.011380
        9.330000           0.189080E-4        1.013097           0.142387E-4        1.011380
        9.331999           0.189092E-4        1.013097           0.142394E-4        1.011380
        9.333999           0.189103E-4        1.013097           0.142402E-4        1.011380
        9.335999           0.189115E-4        1.013098           0.142409E-4        1.011381
        9.337999           0.189126E-4        1.013098           0.142417E-4        1.011381
        9.339999           0.189137E-4        1.013099           0.142424E-4        1.011381
        9.341999           0.189149E-4        1.013099           0.142432E-4        1.011382
        9.343999           0.189160E-4        1.013099           0.142439E-4        1.011382
        9.345999           0.189172E-4        1.013100           0.142447E-4        1.011382
        9.348000           0.189183E-4        1.013100           0.142454E-4        1.011382
        9.349999           0.189195E-4        1.013101           0.142462E-4        1.011383
        9.351999           0.189206E-4        1.013101           0.142469E-4        1.011383
        9.353999           0.189217E-4        1.013101           0.142477E-4        1.011383
        9.355999           0.189229E-4        1.013102           0.142484E-4        1.011384
        9.358000           0.189240E-4        1.013102           0.142491E-4        1.011384
        9.360000           0.189252E-4        1.013102           0.142499E-4        1.011384
        9.362000           0.189263E-4        1.013103           0.142506E-4        1.011384
        9.363999           0.189275E-4        1.013103           0.142514E-4        1.011385
        9.366000           0.189286E-4        1.013103           0.142521E-4        1.011385
        9.367999           0.189297E-4        1.013104           0.142529E-4        1.011385
        9.369999           0.189309E-4        1.013104           0.142536E-4        1.011386
        9.371999           0.189320E-4        1.013105           0.142544E-4        1.011386
        9.373999           0.189332E-4        1.013105           0.142551E-4        1.011386
        9.375999           0.189343E-4        1.013105           0.142559E-4        1.011386
        9.377999           0.189355E-4        1.013106           0.142566E-4        1.011387
        9.379999           0.189366E-4        1.013106           0.142574E-4        1.011387
        9.381999           0.189378E-4        1.013107           0.142581E-4        1.011387
        9.383999           0.189389E-4        1.013107           0.142589E-4        1.011388
        9.386000           0.189400E-4        1.013107           0.142596E-4        1.011388
        9.388000           0.189412E-4        1.013108           0.142604E-4        1.011388
        9.389999           0.189423E-4        1.013108           0.142611E-4        1.011388
        9.391999           0.189435E-4        1.013108           0.142619E-4        1.011389
        9.393999           0.189446E-4        1.013109           0.142626E-4        1.011389
        9.396000           0.189458E-4        1.013109           0.142633E-4        1.011389
        9.398000           0.189469E-4        1.013110           0.142641E-4        1.011389
        9.400000           0.189481E-4        1.013110           0.142649E-4        1.011390
        9.401999           0.189492E-4        1.013110           0.142656E-4        1.011390
        9.403999           0.189503E-4        1.013111           0.142664E-4        1.011390
        9.405999           0.189515E-4        1.013111           0.142671E-4        1.011391
        9.407999           0.189526E-4        1.013111           0.142679E-4        1.011391
        9.409999           0.189538E-4        1.013112           0.142686E-4        1.011391
        9.411999           0.189549E-4        1.013112           0.142693E-4        1.011392
        9.413999           0.189561E-4        1.013113           0.142701E-4        1.011392
        9.415999           0.189572E-4        1.013113           0.142709E-4        1.011392
        9.417999           0.189584E-4        1.013113           0.142716E-4        1.011392
        9.419999           0.189595E-4        1.013114           0.142723E-4        1.011393
        9.421999           0.189607E-4        1.013114           0.142731E-4        1.011393
        9.423999           0.189618E-4        1.013114           0.142738E-4        1.011393
        9.426000           0.189630E-4        1.013115           0.142746E-4        1.011394
        9.427999           0.189641E-4        1.013115           0.142754E-4        1.011394
        9.429999           0.189653E-4        1.013116           0.142761E-4        1.011394
        9.431999           0.189664E-4        1.013116           0.142768E-4        1.011394
        9.434000           0.189676E-4        1.013116           0.142776E-4        1.011395
        9.436000           0.189687E-4        1.013117           0.142784E-4        1.011395
        9.438000           0.189698E-4        1.013117           0.142791E-4        1.011395
        9.440000           0.189710E-4        1.013118           0.142799E-4        1.011396
        9.441999           0.189721E-4        1.013118           0.142806E-4        1.011396
        9.443999           0.189733E-4        1.013118           0.142813E-4        1.011396
        9.445999           0.189744E-4        1.013119           0.142821E-4        1.011396
        9.447999           0.189756E-4        1.013119           0.142828E-4        1.011397
        9.449999           0.189767E-4        1.013119           0.142836E-4        1.011397
        9.451999           0.189779E-4        1.013120           0.142843E-4        1.011397
        9.454000           0.189790E-4        1.013120           0.142851E-4        1.011398
        9.455999           0.189802E-4        1.013121           0.142858E-4        1.011398
        9.457999           0.189813E-4        1.013121           0.142866E-4        1.011398
        9.459999           0.189825E-4        1.013121           0.142874E-4        1.011398
        9.461999           0.189836E-4        1.013122           0.142881E-4        1.011399
        9.464000           0.189848E-4        1.013122           0.142888E-4        1.011399
        9.466000           0.189859E-4        1.013122           0.142896E-4        1.011399
        9.467999           0.189871E-4        1.013123           0.142903E-4        1.011400
        9.469999           0.189882E-4        1.013123           0.142911E-4        1.011400
        9.471999           0.189894E-4        1.013124           0.142918E-4        1.011400
        9.474000           0.189905E-4        1.013124           0.142926E-4        1.011400
        9.476000           0.189917E-4        1.013124           0.142933E-4        1.011401
        9.478000           0.189928E-4        1.013125           0.142941E-4        1.011401
        9.480000           0.189940E-4        1.013125           0.142949E-4        1.011401
        9.481999           0.189951E-4        1.013126           0.142956E-4        1.011402
        9.483999           0.189963E-4        1.013126           0.142964E-4        1.011402
        9.485999           0.189974E-4        1.013126           0.142971E-4        1.011402
        9.487999           0.189986E-4        1.013127           0.142979E-4        1.011402
        9.489999           0.189997E-4        1.013127           0.142986E-4        1.011403
        9.491999           0.190009E-4        1.013127           0.142994E-4        1.011403
        9.493999           0.190020E-4        1.013128           0.143001E-4        1.011403
        9.495999           0.190032E-4        1.013128           0.143009E-4        1.011404
        9.497999           0.190043E-4        1.013129           0.143016E-4        1.011404
        9.499999           0.190055E-4        1.013129           0.143023E-4        1.011404
        9.501999           0.190066E-4        1.013129           0.143031E-4        1.011404
        9.504000           0.190078E-4        1.013130           0.143039E-4        1.011405
        9.506000           0.190089E-4        1.013130           0.143046E-4        1.011405
        9.507999           0.190101E-4        1.013130           0.143054E-4        1.011405
        9.509999           0.190112E-4        1.013131           0.143061E-4        1.011406
        9.512000           0.190124E-4        1.013131           0.143069E-4        1.011406
        9.514000           0.190135E-4        1.013132           0.143076E-4        1.011406
        9.516000           0.190147E-4        1.013132           0.143084E-4        1.011406
        9.518000           0.190158E-4        1.013132           0.143091E-4        1.011407
        9.520000           0.190170E-4        1.013133           0.143099E-4        1.011407
        9.521999           0.190181E-4        1.013133           0.143106E-4        1.011407
        9.523999           0.190193E-4        1.013134           0.143114E-4        1.011408
        9.525999           0.190204E-4        1.013134           0.143121E-4        1.011408
        9.527999           0.190216E-4        1.013134           0.143129E-4        1.011408
        9.529999           0.190227E-4        1.013135           0.143137E-4        1.011408
        9.532000           0.190239E-4        1.013135           0.143144E-4        1.011409
        9.533999           0.190250E-4        1.013135           0.143152E-4        1.011409
        9.535999           0.190262E-4        1.013136           0.143159E-4        1.011409
        9.537999           0.190274E-4        1.013136           0.143167E-4        1.011410
        9.539999           0.190285E-4        1.013137           0.143174E-4        1.011410
        9.542000           0.190297E-4        1.013137           0.143182E-4        1.011410
        9.544000           0.190308E-4        1.013137           0.143189E-4        1.011410
        9.546000           0.190320E-4        1.013138           0.143197E-4        1.011411
        9.547999           0.190331E-4        1.013138           0.143205E-4        1.011411
        9.549999           0.190343E-4        1.013138           0.143212E-4        1.011411
        9.552000           0.190354E-4        1.013139           0.143220E-4        1.011412
        9.554000           0.190366E-4        1.013139           0.143227E-4        1.011412
        9.556000           0.190377E-4        1.013140           0.143235E-4        1.011412
        9.557999           0.190389E-4        1.013140           0.143242E-4        1.011412
        9.559999           0.190400E-4        1.013140           0.143249E-4        1.011413
        9.561999           0.190412E-4        1.013141           0.143257E-4        1.011413
        9.563999           0.190423E-4        1.013141           0.143265E-4        1.011413
        9.565999           0.190435E-4        1.013142           0.143272E-4        1.011414
        9.567999           0.190447E-4        1.013142           0.143280E-4        1.011414
        9.569999           0.190458E-4        1.013142           0.143287E-4        1.011414
        9.572000           0.190470E-4        1.013143           0.143295E-4        1.011414
        9.573999           0.190481E-4        1.013143           0.143302E-4        1.011415
        9.575999           0.190493E-4        1.013143           0.143310E-4        1.011415
        9.577999           0.190504E-4        1.013144           0.143317E-4        1.011415
        9.579999           0.190516E-4        1.013144           0.143325E-4        1.011416
        9.582000           0.190527E-4        1.013144           0.143332E-4        1.011416
        9.584000           0.190539E-4        1.013145           0.143340E-4        1.011416
        9.585999           0.190551E-4        1.013145           0.143348E-4        1.011416
        9.587999           0.190562E-4        1.013146           0.143355E-4        1.011417
        9.590000           0.190574E-4        1.013146           0.143363E-4        1.011417
        9.592000           0.190585E-4        1.013146           0.143370E-4        1.011417
        9.593999           0.190597E-4        1.013147           0.143378E-4        1.011418
        9.595999           0.190608E-4        1.013147           0.143385E-4        1.011418
        9.597999           0.190620E-4        1.013148           0.143393E-4        1.011418
        9.599999           0.190631E-4        1.013148           0.143400E-4        1.011418
        9.601999           0.190643E-4        1.013148           0.143408E-4        1.011419
        9.603999           0.190655E-4        1.013149           0.143416E-4        1.011419
        9.605999           0.190666E-4        1.013149           0.143423E-4        1.011419
        9.607999           0.190678E-4        1.013149           0.143431E-4        1.011420
        9.610000           0.190689E-4        1.013150           0.143438E-4        1.011420
        9.612000           0.190701E-4        1.013150           0.143446E-4        1.011420
        9.613999           0.190712E-4        1.013151           0.143453E-4        1.011420
        9.615999           0.190724E-4        1.013151           0.143461E-4        1.011421
        9.617999           0.190736E-4        1.013151           0.143468E-4        1.011421
        9.620000           0.190747E-4        1.013152           0.143476E-4        1.011421
        9.622000           0.190759E-4        1.013152           0.143484E-4        1.011422
        9.624000           0.190770E-4        1.013153           0.143491E-4        1.011422
        9.625999           0.190782E-4        1.013153           0.143499E-4        1.011422
        9.627999           0.190793E-4        1.013153           0.143506E-4        1.011422
        9.629999           0.190805E-4        1.013154           0.143514E-4        1.011423
        9.631999           0.190817E-4        1.013154           0.143521E-4        1.011423
        9.633999           0.190828E-4        1.013155           0.143529E-4        1.011423
        9.635999           0.190840E-4        1.013155           0.143536E-4        1.011424
        9.637999           0.190851E-4        1.013155           0.143544E-4        1.011424
        9.639999           0.190863E-4        1.013156           0.143552E-4        1.011424
        9.641999           0.190874E-4        1.013156           0.143559E-4        1.011424
        9.643999           0.190886E-4        1.013156           0.143567E-4        1.011425
        9.645999           0.190898E-4        1.013157           0.143574E-4        1.011425
        9.647999           0.190909E-4        1.013157           0.143582E-4        1.011425
        9.650000           0.190921E-4        1.013157           0.143589E-4        1.011426
        9.651999           0.190932E-4        1.013158           0.143597E-4        1.011426
        9.653999           0.190944E-4        1.013158           0.143604E-4        1.011426
        9.655999           0.190956E-4        1.013159           0.143612E-4        1.011426
        9.658000           0.190967E-4        1.013159           0.143620E-4        1.011427
        9.660000           0.190979E-4        1.013159           0.143627E-4        1.011427
        9.662000           0.190990E-4        1.013160           0.143635E-4        1.011427
        9.664000           0.191002E-4        1.013160           0.143642E-4        1.011428
        9.665999           0.191014E-4        1.013161           0.143650E-4        1.011428
        9.667999           0.191025E-4        1.013161           0.143657E-4        1.011428
        9.669999           0.191037E-4        1.013161           0.143665E-4        1.011428
        9.671999           0.191048E-4        1.013162           0.143672E-4        1.011429
        9.673999           0.191060E-4        1.013162           0.143680E-4        1.011429
        9.675999           0.191072E-4        1.013162           0.143687E-4        1.011429
        9.677999           0.191083E-4        1.013163           0.143695E-4        1.011430
        9.679999           0.191095E-4        1.013163           0.143703E-4        1.011430
        9.681999           0.191106E-4        1.013164           0.143710E-4        1.011430
        9.683999           0.191118E-4        1.013164           0.143718E-4        1.011431
        9.685999           0.191130E-4        1.013164           0.143726E-4        1.011431
        9.688000           0.191141E-4        1.013165           0.143733E-4        1.011431
        9.690000           0.191153E-4        1.013165           0.143741E-4        1.011431
        9.691999           0.191164E-4        1.013165           0.143748E-4        1.011432
        9.693999           0.191176E-4        1.013166           0.143756E-4        1.011432
        9.695999           0.191188E-4        1.013166           0.143763E-4        1.011432
        9.698000           0.191199E-4        1.013167           0.143771E-4        1.011433
        9.700000           0.191211E-4        1.013167           0.143779E-4        1.011433
        9.702000           0.191222E-4        1.013167           0.143786E-4        1.011433
        9.704000           0.191234E-4        1.013168           0.143794E-4        1.011433
        9.705999           0.191246E-4        1.013168           0.143801E-4        1.011434
        9.707999           0.191257E-4        1.013169           0.143809E-4        1.011434
        9.709999           0.191269E-4        1.013169           0.143816E-4        1.011434
        9.711999           0.191281E-4        1.013169           0.143824E-4        1.011435
        9.713999           0.191292E-4        1.013170           0.143832E-4        1.011435
        9.715999           0.191304E-4        1.013170           0.143839E-4        1.011435
        9.717999           0.191316E-4        1.013170           0.143847E-4        1.011435
        9.719999           0.191327E-4        1.013171           0.143854E-4        1.011436
        9.721999           0.191339E-4        1.013171           0.143862E-4        1.011436
        9.723999           0.191350E-4        1.013172           0.143870E-4        1.011436
        9.725999           0.191362E-4        1.013172           0.143877E-4        1.011437
        9.728000           0.191374E-4        1.013172           0.143885E-4        1.011437
        9.730000           0.191385E-4        1.013173           0.143892E-4        1.011437
        9.731999           0.191397E-4        1.013173           0.143900E-4        1.011437
        9.733999           0.191409E-4        1.013174           0.143908E-4        1.011438
        9.736000           0.191420E-4        1.013174           0.143915E-4        1.011438
        9.738000           0.191432E-4        1.013174           0.143922E-4        1.011438
        9.740000           0.191443E-4        1.013175           0.143930E-4        1.011439
        9.742000           0.191455E-4        1.013175           0.143938E-4        1.011439
        9.743999           0.191467E-4        1.013175           0.143946E-4        1.011439
        9.745999           0.191478E-4        1.013176           0.143953E-4        1.011439
        9.747999           0.191490E-4        1.013176           0.143961E-4        1.011440
        9.749999           0.191502E-4        1.013177           0.143968E-4        1.011440
        9.751999           0.191513E-4        1.013177           0.143976E-4        1.011440
        9.753999           0.191525E-4        1.013177           0.143984E-4        1.011441
        9.756000           0.191537E-4        1.013178           0.143991E-4        1.011441
        9.757999           0.191548E-4        1.013178           0.143999E-4        1.011441
        9.759999           0.191560E-4        1.013179           0.144006E-4        1.011441
        9.761999           0.191572E-4        1.013179           0.144014E-4        1.011442
        9.763999           0.191583E-4        1.013179           0.144022E-4        1.011442
        9.766000           0.191595E-4        1.013180           0.144029E-4        1.011442
        9.768000           0.191606E-4        1.013180           0.144037E-4        1.011443
        9.770000           0.191618E-4        1.013180           0.144044E-4        1.011443
        9.771999           0.191630E-4        1.013181           0.144052E-4        1.011443
        9.773999           0.191641E-4        1.013181           0.144059E-4        1.011443
        9.776000           0.191653E-4        1.013182           0.144067E-4        1.011444
        9.778000           0.191665E-4        1.013182           0.144075E-4        1.011444
        9.780000           0.191676E-4        1.013182           0.144082E-4        1.011444
        9.781999           0.191688E-4        1.013183           0.144090E-4        1.011445
        9.783998           0.191700E-4        1.013183           0.144097E-4        1.011445
        9.785999           0.191711E-4        1.013183           0.144105E-4        1.011445
        9.787999           0.191723E-4        1.013184           0.144113E-4        1.011445
        9.789999           0.191735E-4        1.013184           0.144120E-4        1.011446
        9.791999           0.191746E-4        1.013185           0.144128E-4        1.011446
        9.793999           0.191758E-4        1.013185           0.144136E-4        1.011446
        9.796000           0.191770E-4        1.013185           0.144143E-4        1.011447
        9.797999           0.191781E-4        1.013186           0.144151E-4        1.011447
        9.799999           0.191793E-4        1.013186           0.144158E-4        1.011447
        9.801999           0.191805E-4        1.013187           0.144166E-4        1.011447
        9.803999           0.191816E-4        1.013187           0.144174E-4        1.011448
        9.806000           0.191828E-4        1.013187           0.144181E-4        1.011448
        9.808000           0.191840E-4        1.013188           0.144189E-4        1.011448
        9.809999           0.191851E-4        1.013188           0.144196E-4        1.011449
        9.811999           0.191863E-4        1.013188           0.144204E-4        1.011449
        9.814000           0.191875E-4        1.013189           0.144212E-4        1.011449
        9.816000           0.191887E-4        1.013189           0.144219E-4        1.011449
        9.817999           0.191898E-4        1.013190           0.144227E-4        1.011450
        9.819999           0.191910E-4        1.013190           0.144234E-4        1.011450
        9.821999           0.191922E-4        1.013190           0.144242E-4        1.011450
        9.823999           0.191933E-4        1.013191           0.144250E-4        1.011451
        9.825999           0.191945E-4        1.013191           0.144257E-4        1.011451
        9.827999           0.191957E-4        1.013192           0.144265E-4        1.011451
        9.829999           0.191968E-4        1.013192           0.144273E-4        1.011451
        9.831999           0.191980E-4        1.013192           0.144280E-4        1.011452
        9.834000           0.191992E-4        1.013193           0.144288E-4        1.011452
        9.835999           0.192003E-4        1.013193           0.144295E-4        1.011452
        9.837999           0.192015E-4        1.013193           0.144303E-4        1.011453
        9.839999           0.192027E-4        1.013194           0.144311E-4        1.011453
        9.841999           0.192038E-4        1.013194           0.144318E-4        1.011453
        9.844000           0.192050E-4        1.013195           0.144326E-4        1.011454
        9.846000           0.192062E-4        1.013195           0.144333E-4        1.011454
        9.848000           0.192074E-4        1.013195           0.144341E-4        1.011454
        9.849999           0.192085E-4        1.013196           0.144349E-4        1.011454
        9.851999           0.192097E-4        1.013196           0.144356E-4        1.011455
        9.853999           0.192109E-4        1.013197           0.144364E-4        1.011455
        9.855999           0.192120E-4        1.013197           0.144372E-4        1.011455
        9.857999           0.192132E-4        1.013197           0.144379E-4        1.011456
        9.859999           0.192144E-4        1.013198           0.144387E-4        1.011456
        9.861999           0.192155E-4        1.013198           0.144394E-4        1.011456
        9.863999           0.192167E-4        1.013198           0.144402E-4        1.011456
        9.865999           0.192179E-4        1.013199           0.144410E-4        1.011457
        9.867999           0.192191E-4        1.013199           0.144417E-4        1.011457
        9.869999           0.192202E-4        1.013200           0.144425E-4        1.011457
        9.871999           0.192214E-4        1.013200           0.144433E-4        1.011458
        9.874000           0.192226E-4        1.013200           0.144440E-4        1.011458
        9.875999           0.192237E-4        1.013201           0.144448E-4        1.011458
        9.877999           0.192249E-4        1.013201           0.144456E-4        1.011459
        9.879999           0.192261E-4        1.013202           0.144463E-4        1.011459
        9.881999           0.192273E-4        1.013202           0.144471E-4        1.011459
        9.884000           0.192284E-4        1.013202           0.144478E-4        1.011459
        9.886000           0.192296E-4        1.013203           0.144486E-4        1.011460
        9.888000           0.192308E-4        1.013203           0.144494E-4        1.011460
        9.889999           0.192319E-4        1.013204           0.144501E-4        1.011460
        9.891999           0.192331E-4        1.013204           0.144509E-4        1.011460
        9.893999           0.192343E-4        1.013204           0.144517E-4        1.011461
        9.895999           0.192355E-4        1.013205           0.144524E-4        1.011461
        9.897999           0.192366E-4        1.013205           0.144532E-4        1.011461
        9.899999           0.192378E-4        1.013205           0.144540E-4        1.011462
        9.901999           0.192390E-4        1.013206           0.144547E-4        1.011462
        9.903999           0.192401E-4        1.013206           0.144555E-4        1.011462
        9.905999           0.192413E-4        1.013207           0.144563E-4        1.011462
        9.907999           0.192425E-4        1.013207           0.144570E-4        1.011463
        9.909999           0.192437E-4        1.013207           0.144578E-4        1.011463
        9.912000           0.192448E-4        1.013208           0.144586E-4        1.011463
        9.914000           0.192460E-4        1.013208           0.144593E-4        1.011464
        9.915999           0.192472E-4        1.013209           0.144601E-4        1.011464
        9.917999           0.192484E-4        1.013209           0.144609E-4        1.011464
        9.919999           0.192495E-4        1.013209           0.144616E-4        1.011464
        9.922000           0.192507E-4        1.013210           0.144624E-4        1.011465
        9.924000           0.192519E-4        1.013210           0.144631E-4        1.011465
        9.926000           0.192531E-4        1.013210           0.144639E-4        1.011465
        9.927999           0.192542E-4        1.013211           0.144647E-4        1.011466
        9.929999           0.192554E-4        1.013211           0.144654E-4        1.011466
        9.931999           0.192566E-4        1.013212           0.144662E-4        1.011466
        9.933999           0.192578E-4        1.013212           0.144670E-4        1.011467
        9.935999           0.192589E-4        1.013212           0.144677E-4        1.011467
        9.937999           0.192601E-4        1.013213           0.144685E-4        1.011467
        9.939999           0.192613E-4        1.013213           0.144693E-4        1.011467
        9.941999           0.192625E-4        1.013214           0.144700E-4        1.011468
        9.943999           0.192636E-4        1.013214           0.144708E-4        1.011468
        9.945999           0.192648E-4        1.013214           0.144716E-4        1.011468
        9.947999           0.192660E-4        1.013215           0.144723E-4        1.011469
        9.949999           0.192672E-4        1.013215           0.144731E-4        1.011469
        9.952000           0.192683E-4        1.013215           0.144739E-4        1.011469
        9.954000           0.192695E-4        1.013216           0.144746E-4        1.011469
        9.955999           0.192707E-4        1.013216           0.144754E-4        1.011470
        9.957999           0.192719E-4        1.013217           0.144762E-4        1.011470
        9.960000           0.192730E-4        1.013217           0.144769E-4        1.011470
        9.962000           0.192742E-4        1.013217           0.144777E-4        1.011471
        9.964000           0.192754E-4        1.013218           0.144784E-4        1.011471
        9.966000           0.192766E-4        1.013218           0.144792E-4        1.011471
        9.967999           0.192777E-4        1.013219           0.144800E-4        1.011472
        9.969999           0.192789E-4        1.013219           0.144808E-4        1.011472
        9.971999           0.192801E-4        1.013219           0.144815E-4        1.011472
        9.973999           0.192813E-4        1.013220           0.144823E-4        1.011472
        9.975999           0.192824E-4        1.013220           0.144831E-4        1.011473
        9.977999           0.192836E-4        1.013220           0.144838E-4        1.011473
        9.980000           0.192848E-4        1.013221           0.144846E-4        1.011473
        9.981999           0.192860E-4        1.013221           0.144853E-4        1.011474
        9.983999           0.192871E-4        1.013222           0.144861E-4        1.011474
        9.985999           0.192883E-4        1.013222           0.144869E-4        1.011474
        9.987999           0.192895E-4        1.013222           0.144877E-4        1.011474
        9.990000           0.192907E-4        1.013223           0.144884E-4        1.011475
        9.992000           0.192919E-4        1.013223           0.144892E-4        1.011475
        9.993999           0.192930E-4        1.013224           0.144899E-4        1.011475
        9.995999           0.192942E-4        1.013224           0.144907E-4        1.011476
        9.997999           0.192954E-4        1.013224           0.144915E-4        1.011476
        10.00000           0.192966E-4        1.013225           0.144922E-4        1.011476
# 
# 08/28/2026 at 18:09 yambo @ compute-9-01 [start]
# 08/28/2026 at 18:56                      [end]
#  
# Timing   [Min/Max/Average]: 47m-16s/47m-16s/47m-16s
#
# .-Input file  BSE_files/BSE.in
# | optics                           # [R] Linear Response optical properties
# | dipoles                          # [R] Oscillator strenghts (or dipoles)
# | bss                              # [R] BSE solver
# | bse                              # [R][BSE] Bethe Salpeter Equation.
# | DBsIOoff= "BS"                   # [IO] Space-separated list of DB with NO I/O. DB=(DIP,X,HF,COLLs,J,GF,CARRIERs,OBS,W,SC,BS,ALL)
# | FFTGvecs= 1837             RL    # [FFT] Plane-waves
# | DIP_CPU= "2.6.2"                 # [PARALLEL] CPUs for each role
# | DIP_ROLEs= "v.c.k"               # [PARALLEL] CPUs roles (k,c,v)
# | DIP_Threads= 2                   # [OPENMP/X] Number of threads for dipoles
# | BS_CPU= "4.6"                    # [PARALLEL] CPUs for each role
# | BS_ROLEs= "eh.k"                 # [PARALLEL] CPUs roles (k,eh,t)
# | BS_nCPU_LinAlg_INV=  4           # [PARALLEL] CPUs for Linear Algebra (if -1 it is automatically set)
# | BS_nCPU_LinAlg_DIAGO=  4         # [PARALLEL] CPUs for Linear Algebra (if -1 it is automatically set)
# | K_Threads= 2                     # [OPENMP/BSK] Number of threads for response functions
# | BSKmod= "SEX"                    # [BSE] IP/Hartree/HF/ALDA/SEX/BSfxc
# | BSEmod= "resonant"               # [BSE] resonant/retarded/coupling
# | BSEdiskIO= "medium"              # [BSE] high(restart always) |medium(restart only corr.) |low(writes at the end)|none
# | BSSmod= "d"                      # [BSS] (h)aydock/(d)iago/(o)ld-diago/(s)lepc/(i)nversion/(c)hase
# | BSENGexx= 20120            mHa   # [BSK] Exchange components
# | BSENGBlk=  89              RL    # [BSK] Screened interaction block size [if -1 uses all the G-vectors of W_{G,Gp}]
# | #WehCpl                        # [BSK] eh interaction included also in coupling
# | KfnQPdb= "E < GW0/ndb.QP"        # [EXTQP BSK BSS] Database action
# | % KfnQP_E
# |  6.000000 | 1.050000 | 1.050000 |        # [EXTQP BSK BSS] E parameters  (c/v) eV|adim|adim
# | %
# | EXCTemp= 0.000000          eV    # Excitonic Temperature (for luminescence spectra and EXCPH)
# | % BSEQptR
# |  1 | 1 |                             # [BSK] Transferred momenta range
# | %
# | % BSEBands
# |    1 |  80 |                         # [BSK] Bands range
# | %
# | BSEFrozenBands= "2 - 5"          # [BSK] Bands expluded from BSE construction
# | #NoDiagSC                      # New setup for non-diagonal supercells
# | % BEnRange
# |   0.00000 | 10.00000 |         eV    # [BSS] Energy range
# | %
# | BDmType= "Lorentzian"            # [BSS] Damping type (Lorentzian | Gaussian)
# | % BDmRange
# |  0.100000 | 0.100000 |         eV    # [BSS] Damping range
# | %
# | BEnSteps=  5001                  # [BSS] Energy steps
# | % BLongDir
# |  1.000000 | 0.000000 | 0.000000 |        # [BSS] [cc] Electric Field versor
# | %
# | BSEprop= " abs esrt indx"        # [BSS] Can be any among abs/jdos/kerr/asymm/anHAll/magn/dich/photolum/esrt/MEspin/MEorb
# | BSEdips= "none"                  # [BSS] Can be "trace/none" or "xy/xz/yz" to define off-diagonal rotation plane
# | WRbsWF                         # [BSS] Write to disk excitonic the WFs
# | BSSldiaLib= "s"                  # [BSS] Library used with ldiago solver `(s)scalapack/(e1)elpa1/(e2)elpa2`
# | BSSNEig=0                        # [SLEPC/DIAGO] Number of eigenvalues to compute
