#                                                                     
# $$\                                                                 
# $$ |                                                                
# $$ |     $$\   $$\ $$$$$$\$$$$\   $$$$$$\  $$$$$$$\                 
# $$ |     $$ |  $$ |$$  _$$  _$$\ $$  __$$\ $$  __$$\                
# $$ |     $$ |  $$ |$$ / $$ / $$ |$$$$$$$$ |$$ |  $$ |               
# $$ |     $$ |  $$ |$$ | $$ | $$ |$$   ____|$$ |  $$ |               
# $$$$$$$$\\$$$$$$  |$$ | $$ | $$ |\$$$$$$$\ $$ |  $$ |               
# \________|\______/ \__| \__| \__| \_______|\__|  \__|               
#                                                                     
#                   Fork Lumen 2.1.0                                  
#                   Branch is nlresp                                  
#        MPI+OpenMP+SLK+SLEPC+HDF5_MPI_IO Build                       
#               http://www.lumen-code.org                             
#
# Absorption @ Q(1):   1.00000000      0.00000000      0.00000000    [q->0 direction]
#
# [GEN] GF Energies                               : Perdew, Burke & Ernzerhof(X)+Perdew, Burke & Ernzerhof(C)
# [GEN] Green`s Function                          : Resonant
#
# [GEN] Gauge                                     : Length
# [GEN] [r,Vnl] included                          : yes
#
# DIP band range                                  :    1   60
# DIP band range limits                           :   5   6
# DIP e/h energy range                            :  -1.00000000     -1.00000000    [eV]
# RL vectors in the sum                           :  1837
# [r,Vnl] included                                : yes
# Bands ordered                                   : yes
# Direct v evaluation                             : no
# Approach used                                   : G-space v
# Dipoles computed                                : R V P [G-space]
# Wavefunctions                                   : Perdew, Burke & Ernzerhof(X)+Perdew, Burke & Ernzerhof(C)
#
#
# [K] Identifier                                  :   483
# [K] Dimension                                   :  28160
# [K] Bands                                       :    1   60
# [K] Exchange res                                : yes
# [K] Correlation res                             : yes
# [K] Kernel`s coupling                           : no
# [K] Exchange cpl                                : no
# [K] Correlation cpl                             : no
# [K] W interaction is bare                       : no
# [K] ALDA kernel in R-space                      : no
# [K] RL vectors exchange                         :   531
# [K] RL vectors correlation                      :   89
# [K] E/h energy range                            :  -1.00000000     -1.00000000    [eV]
# [K] Coupling range                              :   100.000000      100.000000    [o/o]
# [W] Interaction is diagonal                     : no
# [W] Matrix size                                 :   89
# [W] Bands                                       :    1   60
# [W] e/h energy range                            :  -1.00000000     -1.00000000    [eV]
# [W] Poles                                       :   100.000000    [o/o]
# [W] RL vectors in the sum                       :  1837
# [W] [r,Vnl] included                            : yes
# [W] Field direction                             :  0.999999975E-5   0.00000000      0.00000000   
# [W] Coulomb Cutoff                              : none
# [W] Hxc Kernel                                  : HARTREE
# [RIM] RL components col                         : 0
# [RIM] Random points col                         : 0
# [SOC] Perturbative SOC                          : no
# [X] Response Kind                               : BAR
#
# Diamagnetic term                                
# Ao                                              :  -8.88480473    [nel]
# A                                               :  -9.01048279    [nel]
#
#    E[1] [eV]          Im(eps)            Re(eps)            Im(eps_o)          Re(eps_o)
#
        0.000000           0.144810E-4        1.011417           0.112587E-4        1.010074
        0.002000           0.144817E-4        1.011417           0.112592E-4        1.010074
        0.004000           0.144825E-4        1.011417           0.112598E-4        1.010074
        0.006000           0.144832E-4        1.011418           0.112603E-4        1.010075
        0.008000           0.144840E-4        1.011418           0.112608E-4        1.010075
        0.010000           0.144848E-4        1.011418           0.112613E-4        1.010075
        0.012000           0.144855E-4        1.011418           0.112619E-4        1.010075
        0.014000           0.144863E-4        1.011419           0.112624E-4        1.010075
        0.016000           0.144871E-4        1.011419           0.112629E-4        1.010076
        0.018000           0.144878E-4        1.011419           0.112634E-4        1.010076
        0.020000           0.144886E-4        1.011420           0.112640E-4        1.010076
        0.022000           0.144893E-4        1.011420           0.112645E-4        1.010076
        0.024000           0.144901E-4        1.011420           0.112650E-4        1.010077
        0.026000           0.144909E-4        1.011420           0.112655E-4        1.010077
        0.028000           0.144916E-4        1.011421           0.112660E-4        1.010077
        0.030000           0.144924E-4        1.011421           0.112666E-4        1.010077
        0.032000           0.144931E-4        1.011421           0.112671E-4        1.010077
        0.034000           0.144939E-4        1.011422           0.112676E-4        1.010078
        0.036000           0.144947E-4        1.011422           0.112681E-4        1.010078
        0.038000           0.144954E-4        1.011422           0.112687E-4        1.010078
        0.040000           0.144962E-4        1.011422           0.112692E-4        1.010078
        0.042000           0.144970E-4        1.011423           0.112697E-4        1.010079
        0.044000           0.144977E-4        1.011423           0.112702E-4        1.010079
        0.046000           0.144985E-4        1.011423           0.112708E-4        1.010079
        0.048000           0.144992E-4        1.011424           0.112713E-4        1.010079
        0.050000           0.145000E-4        1.011424           0.112718E-4        1.010080
        0.052000           0.145008E-4        1.011424           0.112723E-4        1.010080
        0.054000           0.145015E-4        1.011424           0.112728E-4        1.010080
        0.056000           0.145023E-4        1.011425           0.112734E-4        1.010080
        0.058000           0.145031E-4        1.011425           0.112739E-4        1.010080
        0.060000           0.145038E-4        1.011425           0.112744E-4        1.010081
        0.062000           0.145046E-4        1.011426           0.112749E-4        1.010081
        0.064000           0.145053E-4        1.011426           0.112755E-4        1.010081
        0.066000           0.145061E-4        1.011426           0.112760E-4        1.010081
        0.068000           0.145069E-4        1.011426           0.112765E-4        1.010082
        0.070000           0.145076E-4        1.011427           0.112770E-4        1.010082
        0.072000           0.145084E-4        1.011427           0.112776E-4        1.010082
        0.074000           0.145092E-4        1.011427           0.112781E-4        1.010082
        0.076000           0.145099E-4        1.011428           0.112786E-4        1.010082
        0.078000           0.145107E-4        1.011428           0.112791E-4        1.010083
        0.080000           0.145114E-4        1.011428           0.112796E-4        1.010083
        0.082000           0.145122E-4        1.011428           0.112801E-4        1.010083
        0.084000           0.145130E-4        1.011429           0.112807E-4        1.010083
        0.086000           0.145137E-4        1.011429           0.112812E-4        1.010084
        0.088000           0.145145E-4        1.011429           0.112817E-4        1.010084
        0.090000           0.145153E-4        1.011430           0.112823E-4        1.010084
        0.092000           0.145160E-4        1.011430           0.112828E-4        1.010084
        0.094000           0.145168E-4        1.011430           0.112833E-4        1.010085
        0.096000           0.145175E-4        1.011431           0.112838E-4        1.010085
        0.098000           0.145183E-4        1.011431           0.112844E-4        1.010085
        0.100000           0.145191E-4        1.011431           0.112849E-4        1.010085
        0.102000           0.145198E-4        1.011431           0.112854E-4        1.010085
        0.104000           0.145206E-4        1.011432           0.112859E-4        1.010086
        0.106000           0.145214E-4        1.011432           0.112865E-4        1.010086
        0.108000           0.145221E-4        1.011432           0.112870E-4        1.010086
        0.110000           0.145229E-4        1.011433           0.112875E-4        1.010086
        0.112000           0.145237E-4        1.011433           0.112880E-4        1.010087
        0.114000           0.145244E-4        1.011433           0.112886E-4        1.010087
        0.116000           0.145252E-4        1.011433           0.112891E-4        1.010087
        0.118000           0.145260E-4        1.011434           0.112896E-4        1.010087
        0.120000           0.145267E-4        1.011434           0.112901E-4        1.010087
        0.122000           0.145275E-4        1.011434           0.112907E-4        1.010088
        0.124000           0.145283E-4        1.011435           0.112912E-4        1.010088
        0.126000           0.145290E-4        1.011435           0.112917E-4        1.010088
        0.128000           0.145298E-4        1.011435           0.112922E-4        1.010088
        0.130000           0.145305E-4        1.011436           0.112927E-4        1.010089
        0.132000           0.145313E-4        1.011436           0.112933E-4        1.010089
        0.134000           0.145321E-4        1.011436           0.112938E-4        1.010089
        0.136000           0.145328E-4        1.011436           0.112943E-4        1.010089
        0.138000           0.145336E-4        1.011437           0.112948E-4        1.010090
        0.140000           0.145344E-4        1.011437           0.112954E-4        1.010090
        0.142000           0.145351E-4        1.011437           0.112959E-4        1.010090
        0.144000           0.145359E-4        1.011438           0.112964E-4        1.010090
        0.146000           0.145367E-4        1.011438           0.112970E-4        1.010090
        0.148000           0.145374E-4        1.011438           0.112975E-4        1.010091
        0.150000           0.145382E-4        1.011438           0.112980E-4        1.010091
        0.152000           0.145390E-4        1.011439           0.112985E-4        1.010091
        0.154000           0.145397E-4        1.011439           0.112991E-4        1.010091
        0.156000           0.145405E-4        1.011439           0.112996E-4        1.010092
        0.158000           0.145413E-4        1.011440           0.113001E-4        1.010092
        0.160000           0.145420E-4        1.011440           0.113006E-4        1.010092
        0.162000           0.145428E-4        1.011440           0.113011E-4        1.010092
        0.164000           0.145436E-4        1.011440           0.113017E-4        1.010092
        0.166000           0.145443E-4        1.011441           0.113022E-4        1.010093
        0.168000           0.145451E-4        1.011441           0.113027E-4        1.010093
        0.170000           0.145459E-4        1.011441           0.113032E-4        1.010093
        0.172000           0.145466E-4        1.011442           0.113038E-4        1.010093
        0.174000           0.145474E-4        1.011442           0.113043E-4        1.010094
        0.176000           0.145482E-4        1.011442           0.113048E-4        1.010094
        0.178000           0.145489E-4        1.011442           0.113053E-4        1.010094
        0.180000           0.145497E-4        1.011443           0.113059E-4        1.010094
        0.182000           0.145505E-4        1.011443           0.113064E-4        1.010094
        0.184000           0.145512E-4        1.011443           0.113069E-4        1.010095
        0.186000           0.145520E-4        1.011444           0.113075E-4        1.010095
        0.188000           0.145528E-4        1.011444           0.113080E-4        1.010095
        0.190000           0.145535E-4        1.011444           0.113085E-4        1.010095
        0.192000           0.145543E-4        1.011444           0.113090E-4        1.010096
        0.194000           0.145551E-4        1.011445           0.113095E-4        1.010096
        0.196000           0.145558E-4        1.011445           0.113101E-4        1.010096
        0.198000           0.145566E-4        1.011445           0.113106E-4        1.010096
        0.200000           0.145574E-4        1.011446           0.113111E-4        1.010097
        0.202000           0.145581E-4        1.011446           0.113117E-4        1.010097
        0.204000           0.145589E-4        1.011446           0.113122E-4        1.010097
        0.206000           0.145597E-4        1.011446           0.113127E-4        1.010097
        0.208000           0.145604E-4        1.011447           0.113132E-4        1.010097
        0.210000           0.145612E-4        1.011447           0.113138E-4        1.010098
        0.212000           0.145620E-4        1.011447           0.113143E-4        1.010098
        0.214000           0.145627E-4        1.011448           0.113148E-4        1.010098
        0.216000           0.145635E-4        1.011448           0.113153E-4        1.010098
        0.218000           0.145643E-4        1.011448           0.113159E-4        1.010099
        0.220000           0.145650E-4        1.011449           0.113164E-4        1.010099
        0.222000           0.145658E-4        1.011449           0.113169E-4        1.010099
        0.224000           0.145666E-4        1.011449           0.113174E-4        1.010099
        0.226000           0.145673E-4        1.011449           0.113180E-4        1.010099
        0.228000           0.145681E-4        1.011450           0.113185E-4        1.010100
        0.230000           0.145689E-4        1.011450           0.113190E-4        1.010100
        0.232000           0.145696E-4        1.011450           0.113196E-4        1.010100
        0.234000           0.145704E-4        1.011451           0.113201E-4        1.010100
        0.236000           0.145712E-4        1.011451           0.113206E-4        1.010101
        0.238000           0.145719E-4        1.011451           0.113211E-4        1.010101
        0.240000           0.145727E-4        1.011451           0.113217E-4        1.010101
        0.242000           0.145735E-4        1.011452           0.113222E-4        1.010101
        0.244000           0.145742E-4        1.011452           0.113227E-4        1.010101
        0.246000           0.145750E-4        1.011452           0.113232E-4        1.010102
        0.248000           0.145758E-4        1.011453           0.113238E-4        1.010102
        0.250000           0.145765E-4        1.011453           0.113243E-4        1.010102
        0.252000           0.145773E-4        1.011453           0.113248E-4        1.010102
        0.254000           0.145781E-4        1.011454           0.113253E-4        1.010103
        0.256000           0.145788E-4        1.011454           0.113259E-4        1.010103
        0.258000           0.145796E-4        1.011454           0.113264E-4        1.010103
        0.260000           0.145804E-4        1.011454           0.113269E-4        1.010103
        0.262000           0.145812E-4        1.011455           0.113275E-4        1.010103
        0.264000           0.145819E-4        1.011455           0.113280E-4        1.010104
        0.266000           0.145827E-4        1.011455           0.113285E-4        1.010104
        0.268000           0.145835E-4        1.011456           0.113290E-4        1.010104
        0.270000           0.145842E-4        1.011456           0.113296E-4        1.010104
        0.272000           0.145850E-4        1.011456           0.113301E-4        1.010105
        0.274000           0.145858E-4        1.011456           0.113306E-4        1.010105
        0.276000           0.145865E-4        1.011457           0.113311E-4        1.010105
        0.278000           0.145873E-4        1.011457           0.113317E-4        1.010105
        0.280000           0.145881E-4        1.011457           0.113322E-4        1.010106
        0.282000           0.145889E-4        1.011458           0.113327E-4        1.010106
        0.284000           0.145896E-4        1.011458           0.113333E-4        1.010106
        0.286000           0.145904E-4        1.011458           0.113338E-4        1.010106
        0.288000           0.145912E-4        1.011459           0.113343E-4        1.010106
        0.290000           0.145919E-4        1.011459           0.113348E-4        1.010107
        0.292000           0.145927E-4        1.011459           0.113354E-4        1.010107
        0.294000           0.145935E-4        1.011459           0.113359E-4        1.010107
        0.296000           0.145942E-4        1.011460           0.113364E-4        1.010107
        0.298000           0.145950E-4        1.011460           0.113370E-4        1.010108
        0.300000           0.145958E-4        1.011460           0.113375E-4        1.010108
        0.302000           0.145966E-4        1.011461           0.113380E-4        1.010108
        0.304000           0.145973E-4        1.011461           0.113385E-4        1.010108
        0.306000           0.145981E-4        1.011461           0.113391E-4        1.010108
        0.308000           0.145989E-4        1.011461           0.113396E-4        1.010109
        0.310000           0.145996E-4        1.011462           0.113401E-4        1.010109
        0.312000           0.146004E-4        1.011462           0.113406E-4        1.010109
        0.314000           0.146012E-4        1.011462           0.113412E-4        1.010109
        0.316000           0.146019E-4        1.011463           0.113417E-4        1.010110
        0.318000           0.146027E-4        1.011463           0.113422E-4        1.010110
        0.320000           0.146035E-4        1.011463           0.113428E-4        1.010110
        0.322000           0.146043E-4        1.011463           0.113433E-4        1.010110
        0.324000           0.146050E-4        1.011464           0.113438E-4        1.010110
        0.326000           0.146058E-4        1.011464           0.113443E-4        1.010111
        0.328000           0.146066E-4        1.011464           0.113449E-4        1.010111
        0.330000           0.146073E-4        1.011465           0.113454E-4        1.010111
        0.332000           0.146081E-4        1.011465           0.113459E-4        1.010111
        0.334000           0.146089E-4        1.011465           0.113464E-4        1.010112
        0.336000           0.146097E-4        1.011465           0.113470E-4        1.010112
        0.338000           0.146104E-4        1.011466           0.113475E-4        1.010112
        0.340000           0.146112E-4        1.011466           0.113481E-4        1.010112
        0.342000           0.146120E-4        1.011466           0.113486E-4        1.010113
        0.344000           0.146127E-4        1.011467           0.113491E-4        1.010113
        0.346000           0.146135E-4        1.011467           0.113496E-4        1.010113
        0.348000           0.146143E-4        1.011467           0.113502E-4        1.010113
        0.350000           0.146151E-4        1.011468           0.113507E-4        1.010113
        0.352000           0.146158E-4        1.011468           0.113512E-4        1.010114
        0.354000           0.146166E-4        1.011468           0.113517E-4        1.010114
        0.356000           0.146174E-4        1.011468           0.113523E-4        1.010114
        0.358000           0.146181E-4        1.011469           0.113528E-4        1.010114
        0.360000           0.146189E-4        1.011469           0.113533E-4        1.010115
        0.362000           0.146197E-4        1.011469           0.113539E-4        1.010115
        0.364000           0.146205E-4        1.011470           0.113544E-4        1.010115
        0.366000           0.146212E-4        1.011470           0.113549E-4        1.010115
        0.368000           0.146220E-4        1.011470           0.113555E-4        1.010116
        0.370000           0.146228E-4        1.011470           0.113560E-4        1.010116
        0.372000           0.146235E-4        1.011471           0.113565E-4        1.010116
        0.374000           0.146243E-4        1.011471           0.113570E-4        1.010116
        0.376000           0.146251E-4        1.011471           0.113576E-4        1.010116
        0.378000           0.146259E-4        1.011472           0.113581E-4        1.010117
        0.380000           0.146266E-4        1.011472           0.113586E-4        1.010117
        0.382000           0.146274E-4        1.011472           0.113591E-4        1.010117
        0.384000           0.146282E-4        1.011472           0.113597E-4        1.010117
        0.386000           0.146289E-4        1.011473           0.113602E-4        1.010118
        0.388000           0.146297E-4        1.011473           0.113607E-4        1.010118
        0.390000           0.146305E-4        1.011473           0.113613E-4        1.010118
        0.392000           0.146313E-4        1.011474           0.113618E-4        1.010118
        0.394000           0.146320E-4        1.011474           0.113623E-4        1.010118
        0.396000           0.146328E-4        1.011474           0.113628E-4        1.010119
        0.398000           0.146336E-4        1.011475           0.113634E-4        1.010119
        0.400000           0.146344E-4        1.011475           0.113639E-4        1.010119
        0.402000           0.146351E-4        1.011475           0.113644E-4        1.010119
        0.404000           0.146359E-4        1.011475           0.113650E-4        1.010120
        0.406000           0.146367E-4        1.011476           0.113655E-4        1.010120
        0.408000           0.146375E-4        1.011476           0.113660E-4        1.010120
        0.410000           0.146382E-4        1.011476           0.113666E-4        1.010120
        0.412000           0.146390E-4        1.011477           0.113671E-4        1.010121
        0.414000           0.146398E-4        1.011477           0.113676E-4        1.010121
        0.416000           0.146405E-4        1.011477           0.113682E-4        1.010121
        0.418000           0.146413E-4        1.011477           0.113687E-4        1.010121
        0.420000           0.146421E-4        1.011478           0.113692E-4        1.010121
        0.422000           0.146429E-4        1.011478           0.113697E-4        1.010122
        0.424000           0.146436E-4        1.011478           0.113703E-4        1.010122
        0.426000           0.146444E-4        1.011479           0.113708E-4        1.010122
        0.428000           0.146452E-4        1.011479           0.113713E-4        1.010122
        0.430000           0.146460E-4        1.011479           0.113719E-4        1.010123
        0.432000           0.146467E-4        1.011479           0.113724E-4        1.010123
        0.434000           0.146475E-4        1.011480           0.113729E-4        1.010123
        0.436000           0.146483E-4        1.011480           0.113735E-4        1.010123
        0.438000           0.146491E-4        1.011480           0.113740E-4        1.010123
        0.440000           0.146498E-4        1.011481           0.113745E-4        1.010124
        0.442000           0.146506E-4        1.011481           0.113750E-4        1.010124
        0.444000           0.146514E-4        1.011481           0.113756E-4        1.010124
        0.446000           0.146522E-4        1.011482           0.113761E-4        1.010124
        0.448000           0.146529E-4        1.011482           0.113766E-4        1.010125
        0.450000           0.146537E-4        1.011482           0.113772E-4        1.010125
        0.452000           0.146545E-4        1.011482           0.113777E-4        1.010125
        0.454000           0.146553E-4        1.011483           0.113782E-4        1.010125
        0.456000           0.146560E-4        1.011483           0.113788E-4        1.010126
        0.458000           0.146568E-4        1.011483           0.113793E-4        1.010126
        0.460000           0.146576E-4        1.011484           0.113798E-4        1.010126
        0.462000           0.146584E-4        1.011484           0.113804E-4        1.010126
        0.464000           0.146591E-4        1.011484           0.113809E-4        1.010126
        0.466000           0.146599E-4        1.011485           0.113814E-4        1.010127
        0.468000           0.146607E-4        1.011485           0.113819E-4        1.010127
        0.470000           0.146615E-4        1.011485           0.113825E-4        1.010127
        0.472000           0.146622E-4        1.011485           0.113830E-4        1.010127
        0.474000           0.146630E-4        1.011486           0.113835E-4        1.010128
        0.476000           0.146638E-4        1.011486           0.113841E-4        1.010128
        0.478000           0.146646E-4        1.011486           0.113846E-4        1.010128
        0.480000           0.146653E-4        1.011487           0.113851E-4        1.010128
        0.482000           0.146661E-4        1.011487           0.113857E-4        1.010128
        0.484000           0.146669E-4        1.011487           0.113862E-4        1.010129
        0.486000           0.146677E-4        1.011487           0.113867E-4        1.010129
        0.488000           0.146685E-4        1.011488           0.113873E-4        1.010129
        0.490000           0.146692E-4        1.011488           0.113878E-4        1.010129
        0.492000           0.146700E-4        1.011488           0.113883E-4        1.010130
        0.494000           0.146708E-4        1.011489           0.113889E-4        1.010130
        0.496000           0.146716E-4        1.011489           0.113894E-4        1.010130
        0.498000           0.146723E-4        1.011489           0.113899E-4        1.010130
        0.500000           0.146731E-4        1.011490           0.113905E-4        1.010131
        0.502000           0.146739E-4        1.011490           0.113910E-4        1.010131
        0.504000           0.146747E-4        1.011490           0.113915E-4        1.010131
        0.506000           0.146754E-4        1.011490           0.113920E-4        1.010131
        0.508000           0.146762E-4        1.011491           0.113926E-4        1.010131
        0.510000           0.146770E-4        1.011491           0.113931E-4        1.010132
        0.512000           0.146778E-4        1.011491           0.113936E-4        1.010132
        0.514000           0.146785E-4        1.011492           0.113942E-4        1.010132
        0.516000           0.146793E-4        1.011492           0.113947E-4        1.010132
        0.518000           0.146801E-4        1.011492           0.113952E-4        1.010133
        0.520000           0.146809E-4        1.011492           0.113958E-4        1.010133
        0.522000           0.146817E-4        1.011493           0.113963E-4        1.010133
        0.524000           0.146824E-4        1.011493           0.113968E-4        1.010133
        0.526000           0.146832E-4        1.011493           0.113974E-4        1.010134
        0.528000           0.146840E-4        1.011494           0.113979E-4        1.010134
        0.530000           0.146848E-4        1.011494           0.113984E-4        1.010134
        0.532000           0.146855E-4        1.011494           0.113990E-4        1.010134
        0.534000           0.146863E-4        1.011495           0.113995E-4        1.010134
        0.536000           0.146871E-4        1.011495           0.114000E-4        1.010135
        0.538000           0.146879E-4        1.011495           0.114005E-4        1.010135
        0.540000           0.146886E-4        1.011495           0.114011E-4        1.010135
        0.542000           0.146894E-4        1.011496           0.114016E-4        1.010135
        0.544000           0.146902E-4        1.011496           0.114022E-4        1.010136
        0.546000           0.146910E-4        1.011496           0.114027E-4        1.010136
        0.548000           0.146918E-4        1.011497           0.114032E-4        1.010136
        0.550000           0.146925E-4        1.011497           0.114038E-4        1.010136
        0.552000           0.146933E-4        1.011497           0.114043E-4        1.010136
        0.554000           0.146941E-4        1.011497           0.114048E-4        1.010137
        0.556000           0.146949E-4        1.011498           0.114053E-4        1.010137
        0.558000           0.146957E-4        1.011498           0.114059E-4        1.010137
        0.560000           0.146964E-4        1.011498           0.114064E-4        1.010137
        0.562000           0.146972E-4        1.011499           0.114069E-4        1.010138
        0.564000           0.146980E-4        1.011499           0.114075E-4        1.010138
        0.566000           0.146988E-4        1.011499           0.114080E-4        1.010138
        0.568000           0.146995E-4        1.011500           0.114085E-4        1.010138
        0.570000           0.147003E-4        1.011500           0.114091E-4        1.010139
        0.572000           0.147011E-4        1.011500           0.114096E-4        1.010139
        0.574000           0.147019E-4        1.011500           0.114101E-4        1.010139
        0.576000           0.147027E-4        1.011501           0.114107E-4        1.010139
        0.578000           0.147034E-4        1.011501           0.114112E-4        1.010139
        0.580000           0.147042E-4        1.011501           0.114117E-4        1.010140
        0.582000           0.147050E-4        1.011502           0.114123E-4        1.010140
        0.584000           0.147058E-4        1.011502           0.114128E-4        1.010140
        0.586000           0.147066E-4        1.011502           0.114133E-4        1.010140
        0.588000           0.147073E-4        1.011502           0.114139E-4        1.010141
        0.590000           0.147081E-4        1.011503           0.114144E-4        1.010141
        0.592000           0.147089E-4        1.011503           0.114149E-4        1.010141
        0.594000           0.147097E-4        1.011503           0.114155E-4        1.010141
        0.596000           0.147105E-4        1.011504           0.114160E-4        1.010141
        0.598000           0.147112E-4        1.011504           0.114165E-4        1.010142
        0.600000           0.147120E-4        1.011504           0.114171E-4        1.010142
        0.602000           0.147128E-4        1.011505           0.114176E-4        1.010142
        0.604000           0.147136E-4        1.011505           0.114182E-4        1.010142
        0.606000           0.147143E-4        1.011505           0.114187E-4        1.010143
        0.608000           0.147151E-4        1.011505           0.114192E-4        1.010143
        0.610000           0.147159E-4        1.011506           0.114197E-4        1.010143
        0.612000           0.147167E-4        1.011506           0.114203E-4        1.010143
        0.614000           0.147175E-4        1.011506           0.114208E-4        1.010144
        0.616000           0.147182E-4        1.011507           0.114214E-4        1.010144
        0.618000           0.147190E-4        1.011507           0.114219E-4        1.010144
        0.620000           0.147198E-4        1.011507           0.114224E-4        1.010144
        0.622000           0.147206E-4        1.011507           0.114229E-4        1.010144
        0.624000           0.147214E-4        1.011508           0.114235E-4        1.010145
        0.626000           0.147221E-4        1.011508           0.114240E-4        1.010145
        0.628000           0.147229E-4        1.011508           0.114245E-4        1.010145
        0.630000           0.147237E-4        1.011509           0.114251E-4        1.010145
        0.632000           0.147245E-4        1.011509           0.114256E-4        1.010146
        0.634000           0.147253E-4        1.011509           0.114262E-4        1.010146
        0.636000           0.147261E-4        1.011510           0.114267E-4        1.010146
        0.638000           0.147268E-4        1.011510           0.114272E-4        1.010146
        0.640000           0.147276E-4        1.011510           0.114277E-4        1.010146
        0.642000           0.147284E-4        1.011510           0.114283E-4        1.010147
        0.644000           0.147292E-4        1.011511           0.114288E-4        1.010147
        0.646000           0.147300E-4        1.011511           0.114293E-4        1.010147
        0.648000           0.147307E-4        1.011511           0.114299E-4        1.010147
        0.650000           0.147315E-4        1.011512           0.114304E-4        1.010148
        0.652000           0.147323E-4        1.011512           0.114310E-4        1.010148
        0.654000           0.147331E-4        1.011512           0.114315E-4        1.010148
        0.656000           0.147339E-4        1.011512           0.114320E-4        1.010148
        0.658000           0.147346E-4        1.011513           0.114326E-4        1.010149
        0.660000           0.147354E-4        1.011513           0.114331E-4        1.010149
        0.662000           0.147362E-4        1.011513           0.114336E-4        1.010149
        0.664000           0.147370E-4        1.011514           0.114342E-4        1.010149
        0.666000           0.147378E-4        1.011514           0.114347E-4        1.010149
        0.668000           0.147386E-4        1.011514           0.114352E-4        1.010150
        0.670000           0.147393E-4        1.011515           0.114358E-4        1.010150
        0.672000           0.147401E-4        1.011515           0.114363E-4        1.010150
        0.674000           0.147409E-4        1.011515           0.114368E-4        1.010150
        0.676000           0.147417E-4        1.011515           0.114374E-4        1.010151
        0.678000           0.147425E-4        1.011516           0.114379E-4        1.010151
        0.680000           0.147432E-4        1.011516           0.114384E-4        1.010151
        0.682000           0.147440E-4        1.011516           0.114390E-4        1.010151
        0.684000           0.147448E-4        1.011517           0.114395E-4        1.010152
        0.686000           0.147456E-4        1.011517           0.114401E-4        1.010152
        0.688000           0.147464E-4        1.011517           0.114406E-4        1.010152
        0.690000           0.147472E-4        1.011517           0.114411E-4        1.010152
        0.692000           0.147479E-4        1.011518           0.114417E-4        1.010152
        0.694000           0.147487E-4        1.011518           0.114422E-4        1.010153
        0.696000           0.147495E-4        1.011518           0.114427E-4        1.010153
        0.698000           0.147503E-4        1.011519           0.114433E-4        1.010153
        0.700000           0.147511E-4        1.011519           0.114438E-4        1.010153
        0.702000           0.147519E-4        1.011519           0.114444E-4        1.010154
        0.704000           0.147526E-4        1.011520           0.114449E-4        1.010154
        0.706000           0.147534E-4        1.011520           0.114454E-4        1.010154
        0.708000           0.147542E-4        1.011520           0.114460E-4        1.010154
        0.710000           0.147550E-4        1.011520           0.114465E-4        1.010154
        0.712000           0.147558E-4        1.011521           0.114470E-4        1.010155
        0.714000           0.147565E-4        1.011521           0.114476E-4        1.010155
        0.716000           0.147573E-4        1.011521           0.114481E-4        1.010155
        0.718000           0.147581E-4        1.011522           0.114486E-4        1.010155
        0.720000           0.147589E-4        1.011522           0.114492E-4        1.010156
        0.722000           0.147597E-4        1.011522           0.114497E-4        1.010156
        0.724000           0.147605E-4        1.011522           0.114502E-4        1.010156
        0.726000           0.147612E-4        1.011523           0.114508E-4        1.010156
        0.728000           0.147620E-4        1.011523           0.114513E-4        1.010157
        0.730000           0.147628E-4        1.011523           0.114518E-4        1.010157
        0.732000           0.147636E-4        1.011524           0.114524E-4        1.010157
        0.734000           0.147644E-4        1.011524           0.114529E-4        1.010157
        0.736000           0.147652E-4        1.011524           0.114534E-4        1.010157
        0.738000           0.147660E-4        1.011525           0.114540E-4        1.010158
        0.740000           0.147667E-4        1.011525           0.114545E-4        1.010158
        0.742000           0.147675E-4        1.011525           0.114551E-4        1.010158
        0.744000           0.147683E-4        1.011525           0.114556E-4        1.010158
        0.746000           0.147691E-4        1.011526           0.114561E-4        1.010159
        0.748000           0.147699E-4        1.011526           0.114567E-4        1.010159
        0.750000           0.147707E-4        1.011526           0.114572E-4        1.010159
        0.752000           0.147714E-4        1.011527           0.114577E-4        1.010159
        0.754000           0.147722E-4        1.011527           0.114583E-4        1.010160
        0.756000           0.147730E-4        1.011527           0.114588E-4        1.010160
        0.758000           0.147738E-4        1.011528           0.114593E-4        1.010160
        0.760000           0.147746E-4        1.011528           0.114599E-4        1.010160
        0.762000           0.147754E-4        1.011528           0.114604E-4        1.010160
        0.764000           0.147761E-4        1.011528           0.114610E-4        1.010161
        0.766000           0.147769E-4        1.011529           0.114615E-4        1.010161
        0.768000           0.147777E-4        1.011529           0.114620E-4        1.010161
        0.770000           0.147785E-4        1.011529           0.114626E-4        1.010161
        0.772000           0.147793E-4        1.011530           0.114631E-4        1.010162
        0.774000           0.147801E-4        1.011530           0.114636E-4        1.010162
        0.776000           0.147809E-4        1.011530           0.114642E-4        1.010162
        0.778000           0.147816E-4        1.011530           0.114647E-4        1.010162
        0.780000           0.147824E-4        1.011531           0.114652E-4        1.010163
        0.782000           0.147832E-4        1.011531           0.114658E-4        1.010163
        0.784000           0.147840E-4        1.011531           0.114663E-4        1.010163
        0.786000           0.147848E-4        1.011532           0.114668E-4        1.010163
        0.788000           0.147856E-4        1.011532           0.114674E-4        1.010163
        0.790000           0.147864E-4        1.011532           0.114679E-4        1.010164
        0.792000           0.147871E-4        1.011533           0.114685E-4        1.010164
        0.794000           0.147879E-4        1.011533           0.114690E-4        1.010164
        0.796000           0.147887E-4        1.011533           0.114695E-4        1.010164
        0.798000           0.147895E-4        1.011533           0.114701E-4        1.010165
        0.800000           0.147903E-4        1.011534           0.114706E-4        1.010165
        0.802000           0.147911E-4        1.011534           0.114712E-4        1.010165
        0.804000           0.147919E-4        1.011534           0.114717E-4        1.010165
        0.806000           0.147926E-4        1.011535           0.114722E-4        1.010166
        0.808000           0.147934E-4        1.011535           0.114728E-4        1.010166
        0.810000           0.147942E-4        1.011535           0.114733E-4        1.010166
        0.812000           0.147950E-4        1.011535           0.114738E-4        1.010166
        0.814000           0.147958E-4        1.011536           0.114744E-4        1.010166
        0.816000           0.147966E-4        1.011536           0.114749E-4        1.010167
        0.818000           0.147974E-4        1.011536           0.114755E-4        1.010167
        0.820000           0.147981E-4        1.011537           0.114760E-4        1.010167
        0.822000           0.147989E-4        1.011537           0.114765E-4        1.010167
        0.824000           0.147997E-4        1.011537           0.114771E-4        1.010168
        0.826000           0.148005E-4        1.011538           0.114776E-4        1.010168
        0.828000           0.148013E-4        1.011538           0.114781E-4        1.010168
        0.830000           0.148021E-4        1.011538           0.114787E-4        1.010168
        0.832000           0.148029E-4        1.011538           0.114792E-4        1.010169
        0.834000           0.148037E-4        1.011539           0.114798E-4        1.010169
        0.836000           0.148044E-4        1.011539           0.114803E-4        1.010169
        0.838000           0.148052E-4        1.011539           0.114808E-4        1.010169
        0.840000           0.148060E-4        1.011540           0.114814E-4        1.010169
        0.842000           0.148068E-4        1.011540           0.114819E-4        1.010170
        0.844000           0.148076E-4        1.011540           0.114824E-4        1.010170
        0.846000           0.148084E-4        1.011541           0.114830E-4        1.010170
        0.848000           0.148092E-4        1.011541           0.114835E-4        1.010170
        0.850000           0.148100E-4        1.011541           0.114841E-4        1.010171
        0.852000           0.148107E-4        1.011541           0.114846E-4        1.010171
        0.854000           0.148115E-4        1.011542           0.114851E-4        1.010171
        0.856000           0.148123E-4        1.011542           0.114857E-4        1.010171
        0.858000           0.148131E-4        1.011542           0.114862E-4        1.010172
        0.860000           0.148139E-4        1.011543           0.114868E-4        1.010172
        0.862000           0.148147E-4        1.011543           0.114873E-4        1.010172
        0.864000           0.148155E-4        1.011543           0.114878E-4        1.010172
        0.866000           0.148163E-4        1.011544           0.114884E-4        1.010172
        0.868000           0.148170E-4        1.011544           0.114889E-4        1.010173
        0.870000           0.148178E-4        1.011544           0.114895E-4        1.010173
        0.872000           0.148186E-4        1.011544           0.114900E-4        1.010173
        0.874000           0.148194E-4        1.011545           0.114905E-4        1.010173
        0.876000           0.148202E-4        1.011545           0.114911E-4        1.010174
        0.878000           0.148210E-4        1.011545           0.114916E-4        1.010174
        0.880000           0.148218E-4        1.011546           0.114921E-4        1.010174
        0.882000           0.148226E-4        1.011546           0.114927E-4        1.010174
        0.884000           0.148234E-4        1.011546           0.114932E-4        1.010175
        0.886000           0.148241E-4        1.011546           0.114938E-4        1.010175
        0.888000           0.148249E-4        1.011547           0.114943E-4        1.010175
        0.890000           0.148257E-4        1.011547           0.114948E-4        1.010175
        0.892000           0.148265E-4        1.011547           0.114954E-4        1.010175
        0.894000           0.148273E-4        1.011548           0.114959E-4        1.010176
        0.896000           0.148281E-4        1.011548           0.114965E-4        1.010176
        0.898000           0.148289E-4        1.011548           0.114970E-4        1.010176
        0.900000           0.148297E-4        1.011549           0.114975E-4        1.010176
        0.902000           0.148305E-4        1.011549           0.114981E-4        1.010177
        0.904000           0.148312E-4        1.011549           0.114986E-4        1.010177
        0.906000           0.148320E-4        1.011549           0.114992E-4        1.010177
        0.908000           0.148328E-4        1.011550           0.114997E-4        1.010177
        0.910000           0.148336E-4        1.011550           0.115002E-4        1.010177
        0.912000           0.148344E-4        1.011550           0.115008E-4        1.010178
        0.914000           0.148352E-4        1.011551           0.115013E-4        1.010178
        0.916000           0.148360E-4        1.011551           0.115019E-4        1.010178
        0.918000           0.148368E-4        1.011551           0.115024E-4        1.010178
        0.920000           0.148376E-4        1.011551           0.115029E-4        1.010179
        0.922000           0.148383E-4        1.011552           0.115035E-4        1.010179
        0.924000           0.148391E-4        1.011552           0.115040E-4        1.010179
        0.926000           0.148399E-4        1.011552           0.115046E-4        1.010179
        0.928000           0.148407E-4        1.011553           0.115051E-4        1.010180
        0.930000           0.148415E-4        1.011553           0.115056E-4        1.010180
        0.932000           0.148423E-4        1.011553           0.115062E-4        1.010180
        0.934000           0.148431E-4        1.011554           0.115067E-4        1.010180
        0.936000           0.148439E-4        1.011554           0.115072E-4        1.010180
        0.938000           0.148447E-4        1.011554           0.115078E-4        1.010181
        0.940000           0.148455E-4        1.011554           0.115083E-4        1.010181
        0.942000           0.148463E-4        1.011555           0.115089E-4        1.010181
        0.944000           0.148470E-4        1.011555           0.115094E-4        1.010181
        0.946000           0.148478E-4        1.011555           0.115100E-4        1.010182
        0.948000           0.148486E-4        1.011556           0.115105E-4        1.010182
        0.950000           0.148494E-4        1.011556           0.115110E-4        1.010182
        0.952000           0.148502E-4        1.011556           0.115116E-4        1.010182
        0.954000           0.148510E-4        1.011557           0.115121E-4        1.010182
        0.956000           0.148518E-4        1.011557           0.115126E-4        1.010183
        0.958000           0.148526E-4        1.011557           0.115132E-4        1.010183
        0.960000           0.148534E-4        1.011557           0.115137E-4        1.010183
        0.962000           0.148542E-4        1.011558           0.115143E-4        1.010183
        0.964000           0.148550E-4        1.011558           0.115148E-4        1.010184
        0.966000           0.148557E-4        1.011558           0.115154E-4        1.010184
        0.968000           0.148565E-4        1.011559           0.115159E-4        1.010184
        0.970000           0.148573E-4        1.011559           0.115164E-4        1.010184
        0.972000           0.148581E-4        1.011559           0.115170E-4        1.010185
        0.974000           0.148589E-4        1.011559           0.115175E-4        1.010185
        0.976000           0.148597E-4        1.011560           0.115181E-4        1.010185
        0.978000           0.148605E-4        1.011560           0.115186E-4        1.010185
        0.980000           0.148613E-4        1.011560           0.115191E-4        1.010185
        0.982000           0.148621E-4        1.011561           0.115197E-4        1.010186
        0.984000           0.148629E-4        1.011561           0.115202E-4        1.010186
        0.986000           0.148637E-4        1.011561           0.115208E-4        1.010186
        0.988000           0.148645E-4        1.011562           0.115213E-4        1.010186
        0.990000           0.148652E-4        1.011562           0.115219E-4        1.010187
        0.992000           0.148660E-4        1.011562           0.115224E-4        1.010187
        0.994000           0.148668E-4        1.011562           0.115229E-4        1.010187
        0.996000           0.148676E-4        1.011563           0.115235E-4        1.010187
        0.998000           0.148684E-4        1.011563           0.115240E-4        1.010188
        1.000000           0.148692E-4        1.011563           0.115246E-4        1.010188
        1.002000           0.148700E-4        1.011564           0.115251E-4        1.010188
        1.004000           0.148708E-4        1.011564           0.115256E-4        1.010188
        1.006000           0.148716E-4        1.011564           0.115262E-4        1.010189
        1.008000           0.148724E-4        1.011564           0.115267E-4        1.010189
        1.010000           0.148732E-4        1.011565           0.115273E-4        1.010189
        1.012000           0.148740E-4        1.011565           0.115278E-4        1.010189
        1.014000           0.148748E-4        1.011565           0.115284E-4        1.010189
        1.016000           0.148755E-4        1.011566           0.115289E-4        1.010190
        1.018000           0.148763E-4        1.011566           0.115294E-4        1.010190
        1.020000           0.148771E-4        1.011566           0.115300E-4        1.010190
        1.022000           0.148779E-4        1.011567           0.115305E-4        1.010190
        1.024000           0.148787E-4        1.011567           0.115311E-4        1.010191
        1.026000           0.148795E-4        1.011567           0.115316E-4        1.010191
        1.028000           0.148803E-4        1.011567           0.115321E-4        1.010191
        1.030000           0.148811E-4        1.011568           0.115327E-4        1.010191
        1.032000           0.148819E-4        1.011568           0.115332E-4        1.010192
        1.034000           0.148827E-4        1.011568           0.115338E-4        1.010192
        1.036000           0.148835E-4        1.011569           0.115343E-4        1.010192
        1.038000           0.148843E-4        1.011569           0.115349E-4        1.010192
        1.040000           0.148851E-4        1.011569           0.115354E-4        1.010192
        1.042000           0.148859E-4        1.011570           0.115360E-4        1.010193
        1.044000           0.148867E-4        1.011570           0.115365E-4        1.010193
        1.046000           0.148874E-4        1.011570           0.115370E-4        1.010193
        1.048000           0.148882E-4        1.011570           0.115376E-4        1.010193
        1.050000           0.148890E-4        1.011571           0.115381E-4        1.010194
        1.052000           0.148898E-4        1.011571           0.115386E-4        1.010194
        1.054000           0.148906E-4        1.011571           0.115392E-4        1.010194
        1.056000           0.148914E-4        1.011572           0.115397E-4        1.010194
        1.058000           0.148922E-4        1.011572           0.115403E-4        1.010195
        1.060000           0.148930E-4        1.011572           0.115408E-4        1.010195
        1.062000           0.148938E-4        1.011573           0.115414E-4        1.010195
        1.064000           0.148946E-4        1.011573           0.115419E-4        1.010195
        1.066000           0.148954E-4        1.011573           0.115424E-4        1.010195
        1.068000           0.148962E-4        1.011573           0.115430E-4        1.010196
        1.070000           0.148970E-4        1.011574           0.115435E-4        1.010196
        1.072000           0.148978E-4        1.011574           0.115441E-4        1.010196
        1.074000           0.148986E-4        1.011574           0.115446E-4        1.010196
        1.076000           0.148994E-4        1.011575           0.115452E-4        1.010197
        1.078000           0.149002E-4        1.011575           0.115457E-4        1.010197
        1.080000           0.149010E-4        1.011575           0.115462E-4        1.010197
        1.082000           0.149017E-4        1.011576           0.115468E-4        1.010197
        1.084000           0.149025E-4        1.011576           0.115473E-4        1.010198
        1.086000           0.149033E-4        1.011576           0.115479E-4        1.010198
        1.088000           0.149041E-4        1.011576           0.115484E-4        1.010198
        1.090000           0.149049E-4        1.011577           0.115490E-4        1.010198
        1.092000           0.149057E-4        1.011577           0.115495E-4        1.010198
        1.094000           0.149065E-4        1.011577           0.115500E-4        1.010199
        1.096000           0.149073E-4        1.011578           0.115506E-4        1.010199
        1.098000           0.149081E-4        1.011578           0.115511E-4        1.010199
        1.100000           0.149089E-4        1.011578           0.115517E-4        1.010199
        1.102000           0.149097E-4        1.011579           0.115522E-4        1.010200
        1.104000           0.149105E-4        1.011579           0.115528E-4        1.010200
        1.106000           0.149113E-4        1.011579           0.115533E-4        1.010200
        1.108000           0.149121E-4        1.011579           0.115539E-4        1.010200
        1.110000           0.149129E-4        1.011580           0.115544E-4        1.010201
        1.112000           0.149137E-4        1.011580           0.115549E-4        1.010201
        1.114000           0.149145E-4        1.011580           0.115555E-4        1.010201
        1.116000           0.149153E-4        1.011581           0.115560E-4        1.010201
        1.118000           0.149161E-4        1.011581           0.115566E-4        1.010201
        1.120000           0.149169E-4        1.011581           0.115571E-4        1.010202
        1.122000           0.149177E-4        1.011582           0.115577E-4        1.010202
        1.124000           0.149185E-4        1.011582           0.115582E-4        1.010202
        1.126000           0.149193E-4        1.011582           0.115587E-4        1.010202
        1.128000           0.149201E-4        1.011582           0.115593E-4        1.010203
        1.130000           0.149209E-4        1.011583           0.115598E-4        1.010203
        1.132000           0.149216E-4        1.011583           0.115604E-4        1.010203
        1.134000           0.149224E-4        1.011583           0.115609E-4        1.010203
        1.136000           0.149232E-4        1.011584           0.115614E-4        1.010203
        1.138000           0.149240E-4        1.011584           0.115620E-4        1.010204
        1.140000           0.149248E-4        1.011584           0.115625E-4        1.010204
        1.142000           0.149256E-4        1.011585           0.115631E-4        1.010204
        1.144000           0.149264E-4        1.011585           0.115636E-4        1.010204
        1.146000           0.149272E-4        1.011585           0.115642E-4        1.010205
        1.148000           0.149280E-4        1.011585           0.115647E-4        1.010205
        1.150000           0.149288E-4        1.011586           0.115653E-4        1.010205
        1.152000           0.149296E-4        1.011586           0.115658E-4        1.010205
        1.154000           0.149304E-4        1.011586           0.115664E-4        1.010206
        1.156000           0.149312E-4        1.011587           0.115669E-4        1.010206
        1.158000           0.149320E-4        1.011587           0.115674E-4        1.010206
        1.160000           0.149328E-4        1.011587           0.115680E-4        1.010206
        1.162000           0.149336E-4        1.011588           0.115685E-4        1.010207
        1.164000           0.149344E-4        1.011588           0.115691E-4        1.010207
        1.166000           0.149352E-4        1.011588           0.115696E-4        1.010207
        1.168000           0.149360E-4        1.011588           0.115702E-4        1.010207
        1.170000           0.149368E-4        1.011589           0.115707E-4        1.010207
        1.172000           0.149376E-4        1.011589           0.115713E-4        1.010208
        1.174000           0.149384E-4        1.011589           0.115718E-4        1.010208
        1.176000           0.149392E-4        1.011590           0.115724E-4        1.010208
        1.178000           0.149400E-4        1.011590           0.115729E-4        1.010208
        1.180000           0.149408E-4        1.011590           0.115734E-4        1.010209
        1.182000           0.149416E-4        1.011590           0.115740E-4        1.010209
        1.184000           0.149424E-4        1.011591           0.115745E-4        1.010209
        1.186000           0.149432E-4        1.011591           0.115751E-4        1.010209
        1.188000           0.149440E-4        1.011591           0.115756E-4        1.010210
        1.190000           0.149448E-4        1.011592           0.115762E-4        1.010210
        1.192000           0.149456E-4        1.011592           0.115767E-4        1.010210
        1.194000           0.149464E-4        1.011592           0.115773E-4        1.010210
        1.196000           0.149472E-4        1.011593           0.115778E-4        1.010211
        1.198000           0.149480E-4        1.011593           0.115783E-4        1.010211
        1.200000           0.149488E-4        1.011593           0.115789E-4        1.010211
        1.202000           0.149496E-4        1.011593           0.115794E-4        1.010211
        1.204000           0.149504E-4        1.011594           0.115800E-4        1.010211
        1.206000           0.149512E-4        1.011594           0.115805E-4        1.010212
        1.208000           0.149520E-4        1.011594           0.115811E-4        1.010212
        1.210000           0.149528E-4        1.011595           0.115816E-4        1.010212
        1.212000           0.149536E-4        1.011595           0.115822E-4        1.010212
        1.214000           0.149544E-4        1.011595           0.115827E-4        1.010213
        1.216000           0.149552E-4        1.011596           0.115832E-4        1.010213
        1.218000           0.149560E-4        1.011596           0.115838E-4        1.010213
        1.220000           0.149568E-4        1.011596           0.115843E-4        1.010213
        1.222000           0.149576E-4        1.011596           0.115849E-4        1.010213
        1.224000           0.149584E-4        1.011597           0.115854E-4        1.010214
        1.226000           0.149592E-4        1.011597           0.115860E-4        1.010214
        1.228000           0.149600E-4        1.011597           0.115865E-4        1.010214
        1.230000           0.149608E-4        1.011598           0.115871E-4        1.010214
        1.232000           0.149616E-4        1.011598           0.115876E-4        1.010215
        1.234000           0.149624E-4        1.011598           0.115882E-4        1.010215
        1.236000           0.149632E-4        1.011599           0.115887E-4        1.010215
        1.238000           0.149640E-4        1.011599           0.115892E-4        1.010215
        1.240000           0.149648E-4        1.011599           0.115898E-4        1.010216
        1.242000           0.149656E-4        1.011599           0.115904E-4        1.010216
        1.244000           0.149664E-4        1.011600           0.115909E-4        1.010216
        1.246000           0.149672E-4        1.011600           0.115914E-4        1.010216
        1.248000           0.149680E-4        1.011600           0.115920E-4        1.010216
        1.250000           0.149688E-4        1.011601           0.115925E-4        1.010217
        1.252000           0.149696E-4        1.011601           0.115931E-4        1.010217
        1.254000           0.149704E-4        1.011601           0.115936E-4        1.010217
        1.256000           0.149712E-4        1.011602           0.115942E-4        1.010217
        1.258000           0.149720E-4        1.011602           0.115947E-4        1.010218
        1.260000           0.149728E-4        1.011602           0.115953E-4        1.010218
        1.262000           0.149736E-4        1.011602           0.115958E-4        1.010218
        1.264000           0.149744E-4        1.011603           0.115963E-4        1.010218
        1.266000           0.149752E-4        1.011603           0.115969E-4        1.010219
        1.268000           0.149760E-4        1.011603           0.115975E-4        1.010219
        1.270000           0.149768E-4        1.011604           0.115980E-4        1.010219
        1.272000           0.149776E-4        1.011604           0.115985E-4        1.010219
        1.274000           0.149784E-4        1.011604           0.115991E-4        1.010219
        1.276000           0.149792E-4        1.011605           0.115996E-4        1.010220
        1.278000           0.149800E-4        1.011605           0.116002E-4        1.010220
        1.280000           0.149808E-4        1.011605           0.116007E-4        1.010220
        1.282000           0.149816E-4        1.011606           0.116013E-4        1.010220
        1.284000           0.149824E-4        1.011606           0.116018E-4        1.010221
        1.286000           0.149832E-4        1.011606           0.116024E-4        1.010221
        1.288000           0.149840E-4        1.011606           0.116029E-4        1.010221
        1.290000           0.149848E-4        1.011607           0.116035E-4        1.010221
        1.292000           0.149856E-4        1.011607           0.116040E-4        1.010222
        1.294000           0.149864E-4        1.011607           0.116046E-4        1.010222
        1.296000           0.149872E-4        1.011608           0.116051E-4        1.010222
        1.298000           0.149880E-4        1.011608           0.116056E-4        1.010222
        1.300000           0.149888E-4        1.011608           0.116062E-4        1.010223
        1.302000           0.149896E-4        1.011608           0.116067E-4        1.010223
        1.304000           0.149904E-4        1.011609           0.116073E-4        1.010223
        1.306000           0.149912E-4        1.011609           0.116078E-4        1.010223
        1.308000           0.149920E-4        1.011609           0.116084E-4        1.010224
        1.310000           0.149928E-4        1.011610           0.116089E-4        1.010224
        1.312000           0.149936E-4        1.011610           0.116095E-4        1.010224
        1.314000           0.149944E-4        1.011610           0.116100E-4        1.010224
        1.316000           0.149952E-4        1.011611           0.116106E-4        1.010224
        1.318000           0.149960E-4        1.011611           0.116111E-4        1.010225
        1.320000           0.149968E-4        1.011611           0.116117E-4        1.010225
        1.322000           0.149976E-4        1.011611           0.116122E-4        1.010225
        1.324000           0.149984E-4        1.011612           0.116128E-4        1.010225
        1.326000           0.149992E-4        1.011612           0.116133E-4        1.010226
        1.328000           0.150000E-4        1.011612           0.116139E-4        1.010226
        1.330000           0.150008E-4        1.011613           0.116144E-4        1.010226
        1.332000           0.150017E-4        1.011613           0.116149E-4        1.010226
        1.334000           0.150025E-4        1.011613           0.116155E-4        1.010226
        1.336000           0.150033E-4        1.011613           0.116160E-4        1.010227
        1.338000           0.150041E-4        1.011614           0.116166E-4        1.010227
        1.340000           0.150049E-4        1.011614           0.116171E-4        1.010227
        1.342000           0.150057E-4        1.011614           0.116177E-4        1.010227
        1.344000           0.150065E-4        1.011615           0.116182E-4        1.010228
        1.346000           0.150073E-4        1.011615           0.116188E-4        1.010228
        1.348000           0.150081E-4        1.011615           0.116193E-4        1.010228
        1.350000           0.150089E-4        1.011616           0.116199E-4        1.010228
        1.352000           0.150097E-4        1.011616           0.116204E-4        1.010229
        1.354000           0.150105E-4        1.011616           0.116210E-4        1.010229
        1.356000           0.150113E-4        1.011617           0.116215E-4        1.010229
        1.358000           0.150121E-4        1.011617           0.116221E-4        1.010229
        1.360000           0.150129E-4        1.011617           0.116226E-4        1.010229
        1.362000           0.150137E-4        1.011617           0.116232E-4        1.010230
        1.364000           0.150145E-4        1.011618           0.116237E-4        1.010230
        1.366000           0.150153E-4        1.011618           0.116243E-4        1.010230
        1.368000           0.150161E-4        1.011618           0.116248E-4        1.010230
        1.370000           0.150169E-4        1.011619           0.116254E-4        1.010231
        1.372000           0.150177E-4        1.011619           0.116259E-4        1.010231
        1.374000           0.150185E-4        1.011619           0.116265E-4        1.010231
        1.376000           0.150193E-4        1.011620           0.116270E-4        1.010231
        1.378000           0.150201E-4        1.011620           0.116276E-4        1.010232
        1.380000           0.150209E-4        1.011620           0.116281E-4        1.010232
        1.382000           0.150217E-4        1.011620           0.116287E-4        1.010232
        1.384000           0.150226E-4        1.011621           0.116292E-4        1.010232
        1.386000           0.150234E-4        1.011621           0.116298E-4        1.010233
        1.388000           0.150242E-4        1.011621           0.116303E-4        1.010233
        1.390000           0.150250E-4        1.011622           0.116309E-4        1.010233
        1.392000           0.150258E-4        1.011622           0.116314E-4        1.010233
        1.394000           0.150266E-4        1.011622           0.116320E-4        1.010233
        1.396000           0.150274E-4        1.011623           0.116325E-4        1.010234
        1.398000           0.150282E-4        1.011623           0.116331E-4        1.010234
        1.400000           0.150290E-4        1.011623           0.116336E-4        1.010234
        1.402000           0.150298E-4        1.011624           0.116342E-4        1.010234
        1.404000           0.150306E-4        1.011624           0.116347E-4        1.010235
        1.406000           0.150314E-4        1.011624           0.116353E-4        1.010235
        1.408000           0.150322E-4        1.011624           0.116358E-4        1.010235
        1.410000           0.150330E-4        1.011625           0.116364E-4        1.010235
        1.412000           0.150338E-4        1.011625           0.116369E-4        1.010236
        1.414000           0.150346E-4        1.011625           0.116374E-4        1.010236
        1.416000           0.150354E-4        1.011626           0.116380E-4        1.010236
        1.418000           0.150363E-4        1.011626           0.116385E-4        1.010236
        1.420000           0.150371E-4        1.011626           0.116391E-4        1.010237
        1.422000           0.150379E-4        1.011626           0.116397E-4        1.010237
        1.424000           0.150387E-4        1.011627           0.116402E-4        1.010237
        1.426000           0.150395E-4        1.011627           0.116408E-4        1.010237
        1.428000           0.150403E-4        1.011627           0.116413E-4        1.010237
        1.430000           0.150411E-4        1.011628           0.116418E-4        1.010238
        1.432000           0.150419E-4        1.011628           0.116424E-4        1.010238
        1.434000           0.150427E-4        1.011628           0.116429E-4        1.010238
        1.436000           0.150435E-4        1.011629           0.116435E-4        1.010238
        1.438000           0.150443E-4        1.011629           0.116440E-4        1.010239
        1.440000           0.150451E-4        1.011629           0.116446E-4        1.010239
        1.442000           0.150459E-4        1.011629           0.116451E-4        1.010239
        1.444000           0.150467E-4        1.011630           0.116457E-4        1.010239
        1.446000           0.150475E-4        1.011630           0.116462E-4        1.010239
        1.448000           0.150484E-4        1.011630           0.116468E-4        1.010240
        1.450000           0.150492E-4        1.011631           0.116474E-4        1.010240
        1.452000           0.150500E-4        1.011631           0.116479E-4        1.010240
        1.454000           0.150508E-4        1.011631           0.116484E-4        1.010240
        1.456000           0.150516E-4        1.011632           0.116490E-4        1.010241
        1.458000           0.150524E-4        1.011632           0.116495E-4        1.010241
        1.460000           0.150532E-4        1.011632           0.116501E-4        1.010241
        1.462000           0.150540E-4        1.011632           0.116507E-4        1.010241
        1.464000           0.150548E-4        1.011633           0.116512E-4        1.010242
        1.466000           0.150556E-4        1.011633           0.116517E-4        1.010242
        1.468000           0.150564E-4        1.011633           0.116523E-4        1.010242
        1.470000           0.150572E-4        1.011634           0.116529E-4        1.010242
        1.472000           0.150580E-4        1.011634           0.116534E-4        1.010243
        1.474000           0.150589E-4        1.011634           0.116539E-4        1.010243
        1.476000           0.150597E-4        1.011635           0.116545E-4        1.010243
        1.478000           0.150605E-4        1.011635           0.116551E-4        1.010243
        1.480000           0.150613E-4        1.011635           0.116556E-4        1.010243
        1.482000           0.150621E-4        1.011635           0.116562E-4        1.010244
        1.484000           0.150629E-4        1.011636           0.116567E-4        1.010244
        1.486000           0.150637E-4        1.011636           0.116573E-4        1.010244
        1.488000           0.150645E-4        1.011636           0.116578E-4        1.010244
        1.490000           0.150653E-4        1.011637           0.116584E-4        1.010245
        1.492000           0.150661E-4        1.011637           0.116589E-4        1.010245
        1.494000           0.150669E-4        1.011637           0.116595E-4        1.010245
        1.496000           0.150677E-4        1.011638           0.116600E-4        1.010245
        1.498000           0.150686E-4        1.011638           0.116606E-4        1.010246
        1.500000           0.150694E-4        1.011638           0.116611E-4        1.010246
        1.502000           0.150702E-4        1.011639           0.116617E-4        1.010246
        1.504000           0.150710E-4        1.011639           0.116622E-4        1.010246
        1.506000           0.150718E-4        1.011639           0.116628E-4        1.010247
        1.508000           0.150726E-4        1.011639           0.116633E-4        1.010247
        1.510000           0.150734E-4        1.011640           0.116639E-4        1.010247
        1.512000           0.150742E-4        1.011640           0.116644E-4        1.010247
        1.514000           0.150750E-4        1.011640           0.116650E-4        1.010247
        1.516000           0.150758E-4        1.011641           0.116655E-4        1.010248
        1.518000           0.150766E-4        1.011641           0.116661E-4        1.010248
        1.520000           0.150775E-4        1.011641           0.116666E-4        1.010248
        1.522000           0.150783E-4        1.011642           0.116672E-4        1.010248
        1.524000           0.150791E-4        1.011642           0.116677E-4        1.010249
        1.526000           0.150799E-4        1.011642           0.116683E-4        1.010249
        1.528000           0.150807E-4        1.011642           0.116688E-4        1.010249
        1.530000           0.150815E-4        1.011643           0.116694E-4        1.010249
        1.532000           0.150823E-4        1.011643           0.116699E-4        1.010249
        1.534000           0.150831E-4        1.011643           0.116705E-4        1.010250
        1.536000           0.150839E-4        1.011644           0.116711E-4        1.010250
        1.538000           0.150847E-4        1.011644           0.116716E-4        1.010250
        1.540000           0.150856E-4        1.011644           0.116721E-4        1.010250
        1.542000           0.150864E-4        1.011644           0.116727E-4        1.010251
        1.544000           0.150872E-4        1.011645           0.116733E-4        1.010251
        1.546000           0.150880E-4        1.011645           0.116738E-4        1.010251
        1.548000           0.150888E-4        1.011645           0.116744E-4        1.010251
        1.550000           0.150896E-4        1.011646           0.116749E-4        1.010252
        1.552000           0.150904E-4        1.011646           0.116755E-4        1.010252
        1.554000           0.150912E-4        1.011646           0.116760E-4        1.010252
        1.556000           0.150920E-4        1.011647           0.116766E-4        1.010252
        1.558000           0.150929E-4        1.011647           0.116771E-4        1.010253
        1.560000           0.150937E-4        1.011647           0.116777E-4        1.010253
        1.562000           0.150945E-4        1.011648           0.116782E-4        1.010253
        1.564000           0.150953E-4        1.011648           0.116788E-4        1.010253
        1.566000           0.150961E-4        1.011648           0.116793E-4        1.010254
        1.568000           0.150969E-4        1.011648           0.116799E-4        1.010254
        1.570000           0.150977E-4        1.011649           0.116804E-4        1.010254
        1.572000           0.150985E-4        1.011649           0.116810E-4        1.010254
        1.574000           0.150993E-4        1.011649           0.116815E-4        1.010254
        1.576000           0.151002E-4        1.011650           0.116821E-4        1.010255
        1.578000           0.151010E-4        1.011650           0.116826E-4        1.010255
        1.580000           0.151018E-4        1.011650           0.116832E-4        1.010255
        1.582000           0.151026E-4        1.011651           0.116837E-4        1.010255
        1.584000           0.151034E-4        1.011651           0.116843E-4        1.010256
        1.586000           0.151042E-4        1.011651           0.116848E-4        1.010256
        1.588000           0.151050E-4        1.011652           0.116854E-4        1.010256
        1.590000           0.151058E-4        1.011652           0.116860E-4        1.010256
        1.592000           0.151066E-4        1.011652           0.116865E-4        1.010257
        1.594000           0.151075E-4        1.011652           0.116871E-4        1.010257
        1.596000           0.151083E-4        1.011653           0.116876E-4        1.010257
        1.598000           0.151091E-4        1.011653           0.116882E-4        1.010257
        1.600000           0.151099E-4        1.011653           0.116887E-4        1.010257
        1.602000           0.151107E-4        1.011654           0.116893E-4        1.010258
        1.604000           0.151115E-4        1.011654           0.116898E-4        1.010258
        1.606000           0.151123E-4        1.011654           0.116904E-4        1.010258
        1.608000           0.151131E-4        1.011654           0.116909E-4        1.010258
        1.610000           0.151140E-4        1.011655           0.116915E-4        1.010259
        1.612000           0.151148E-4        1.011655           0.116920E-4        1.010259
        1.614000           0.151156E-4        1.011655           0.116926E-4        1.010259
        1.616000           0.151164E-4        1.011656           0.116932E-4        1.010259
        1.618000           0.151172E-4        1.011656           0.116937E-4        1.010260
        1.620000           0.151180E-4        1.011656           0.116943E-4        1.010260
        1.622000           0.151188E-4        1.011657           0.116948E-4        1.010260
        1.624000           0.151196E-4        1.011657           0.116954E-4        1.010260
        1.626000           0.151205E-4        1.011657           0.116959E-4        1.010260
        1.628000           0.151213E-4        1.011657           0.116965E-4        1.010261
        1.630000           0.151221E-4        1.011658           0.116970E-4        1.010261
        1.632000           0.151229E-4        1.011658           0.116976E-4        1.010261
        1.634000           0.151237E-4        1.011658           0.116981E-4        1.010261
        1.636000           0.151245E-4        1.011659           0.116987E-4        1.010262
        1.638000           0.151253E-4        1.011659           0.116993E-4        1.010262
        1.640000           0.151261E-4        1.011659           0.116998E-4        1.010262
        1.642000           0.151270E-4        1.011660           0.117003E-4        1.010262
        1.644000           0.151278E-4        1.011660           0.117009E-4        1.010263
        1.646000           0.151286E-4        1.011660           0.117015E-4        1.010263
        1.648000           0.151294E-4        1.011661           0.117020E-4        1.010263
        1.650000           0.151302E-4        1.011661           0.117026E-4        1.010263
        1.652000           0.151310E-4        1.011661           0.117031E-4        1.010264
        1.654000           0.151318E-4        1.011661           0.117037E-4        1.010264
        1.656000           0.151327E-4        1.011662           0.117042E-4        1.010264
        1.658000           0.151335E-4        1.011662           0.117048E-4        1.010264
        1.660000           0.151343E-4        1.011662           0.117053E-4        1.010265
        1.662000           0.151351E-4        1.011663           0.117059E-4        1.010265
        1.664000           0.151359E-4        1.011663           0.117064E-4        1.010265
        1.666000           0.151367E-4        1.011663           0.117070E-4        1.010265
        1.668000           0.151375E-4        1.011664           0.117076E-4        1.010265
        1.670000           0.151384E-4        1.011664           0.117081E-4        1.010266
        1.672000           0.151392E-4        1.011664           0.117087E-4        1.010266
        1.674000           0.151400E-4        1.011665           0.117092E-4        1.010266
        1.676000           0.151408E-4        1.011665           0.117098E-4        1.010266
        1.678000           0.151416E-4        1.011665           0.117103E-4        1.010267
        1.680000           0.151424E-4        1.011665           0.117109E-4        1.010267
        1.682000           0.151432E-4        1.011666           0.117114E-4        1.010267
        1.684000           0.151441E-4        1.011666           0.117120E-4        1.010267
        1.686000           0.151449E-4        1.011666           0.117126E-4        1.010267
        1.688000           0.151457E-4        1.011667           0.117131E-4        1.010268
        1.690000           0.151465E-4        1.011667           0.117137E-4        1.010268
        1.692000           0.151473E-4        1.011667           0.117142E-4        1.010268
        1.694000           0.151481E-4        1.011667           0.117148E-4        1.010268
        1.696000           0.151490E-4        1.011668           0.117153E-4        1.010269
        1.698000           0.151498E-4        1.011668           0.117159E-4        1.010269
        1.700000           0.151506E-4        1.011668           0.117164E-4        1.010269
        1.702000           0.151514E-4        1.011669           0.117170E-4        1.010269
        1.704000           0.151522E-4        1.011669           0.117176E-4        1.010270
        1.706000           0.151530E-4        1.011669           0.117181E-4        1.010270
        1.708000           0.151538E-4        1.011670           0.117187E-4        1.010270
        1.710000           0.151547E-4        1.011670           0.117192E-4        1.010270
        1.712000           0.151555E-4        1.011670           0.117198E-4        1.010271
        1.714000           0.151563E-4        1.011671           0.117203E-4        1.010271
        1.716000           0.151571E-4        1.011671           0.117209E-4        1.010271
        1.718000           0.151579E-4        1.011671           0.117215E-4        1.010271
        1.720000           0.151587E-4        1.011671           0.117220E-4        1.010272
        1.722000           0.151596E-4        1.011672           0.117226E-4        1.010272
        1.724000           0.151604E-4        1.011672           0.117231E-4        1.010272
        1.726000           0.151612E-4        1.011672           0.117237E-4        1.010272
        1.728000           0.151620E-4        1.011673           0.117242E-4        1.010273
        1.730000           0.151628E-4        1.011673           0.117248E-4        1.010273
        1.732000           0.151636E-4        1.011673           0.117253E-4        1.010273
        1.734000           0.151645E-4        1.011674           0.117259E-4        1.010273
        1.736000           0.151653E-4        1.011674           0.117264E-4        1.010273
        1.738000           0.151661E-4        1.011674           0.117270E-4        1.010274
        1.740000           0.151669E-4        1.011675           0.117275E-4        1.010274
        1.742000           0.151677E-4        1.011675           0.117281E-4        1.010274
        1.744000           0.151685E-4        1.011675           0.117287E-4        1.010274
        1.746000           0.151694E-4        1.011675           0.117292E-4        1.010275
        1.748000           0.151702E-4        1.011676           0.117298E-4        1.010275
        1.750000           0.151710E-4        1.011676           0.117304E-4        1.010275
        1.752000           0.151718E-4        1.011676           0.117309E-4        1.010275
        1.754000           0.151726E-4        1.011677           0.117314E-4        1.010275
        1.756000           0.151735E-4        1.011677           0.117320E-4        1.010276
        1.758000           0.151743E-4        1.011677           0.117326E-4        1.010276
        1.760000           0.151751E-4        1.011678           0.117331E-4        1.010276
        1.762000           0.151759E-4        1.011678           0.117337E-4        1.010276
        1.764000           0.151767E-4        1.011678           0.117342E-4        1.010277
        1.766000           0.151775E-4        1.011678           0.117348E-4        1.010277
        1.768000           0.151784E-4        1.011679           0.117353E-4        1.010277
        1.770000           0.151792E-4        1.011679           0.117359E-4        1.010277
        1.772000           0.151800E-4        1.011679           0.117365E-4        1.010278
        1.774000           0.151808E-4        1.011680           0.117370E-4        1.010278
        1.776000           0.151816E-4        1.011680           0.117376E-4        1.010278
        1.778000           0.151825E-4        1.011680           0.117381E-4        1.010278
        1.780000           0.151833E-4        1.011681           0.117387E-4        1.010279
        1.782000           0.151841E-4        1.011681           0.117393E-4        1.010279
        1.784000           0.151849E-4        1.011681           0.117398E-4        1.010279
        1.786000           0.151857E-4        1.011681           0.117404E-4        1.010279
        1.788000           0.151865E-4        1.011682           0.117409E-4        1.010280
        1.790000           0.151874E-4        1.011682           0.117415E-4        1.010280
        1.792000           0.151882E-4        1.011682           0.117420E-4        1.010280
        1.794000           0.151890E-4        1.011683           0.117426E-4        1.010280
        1.796000           0.151898E-4        1.011683           0.117431E-4        1.010280
        1.798000           0.151906E-4        1.011683           0.117437E-4        1.010281
        1.800000           0.151915E-4        1.011684           0.117443E-4        1.010281
        1.802000           0.151923E-4        1.011684           0.117448E-4        1.010281
        1.804000           0.151931E-4        1.011684           0.117454E-4        1.010281
        1.806000           0.151939E-4        1.011685           0.117459E-4        1.010282
        1.808000           0.151947E-4        1.011685           0.117465E-4        1.010282
        1.810000           0.151956E-4        1.011685           0.117470E-4        1.010282
        1.812000           0.151964E-4        1.011685           0.117476E-4        1.010282
        1.814000           0.151972E-4        1.011686           0.117482E-4        1.010283
        1.816000           0.151980E-4        1.011686           0.117487E-4        1.010283
        1.818000           0.151988E-4        1.011686           0.117493E-4        1.010283
        1.820000           0.151996E-4        1.011687           0.117498E-4        1.010283
        1.822000           0.152005E-4        1.011687           0.117504E-4        1.010283
        1.824000           0.152013E-4        1.011687           0.117510E-4        1.010284
        1.826000           0.152021E-4        1.011688           0.117515E-4        1.010284
        1.828000           0.152029E-4        1.011688           0.117521E-4        1.010284
        1.830000           0.152037E-4        1.011688           0.117526E-4        1.010284
        1.832000           0.152046E-4        1.011688           0.117532E-4        1.010285
        1.834000           0.152054E-4        1.011689           0.117537E-4        1.010285
        1.836000           0.152062E-4        1.011689           0.117543E-4        1.010285
        1.838000           0.152070E-4        1.011689           0.117548E-4        1.010285
        1.840000           0.152079E-4        1.011690           0.117554E-4        1.010286
        1.842000           0.152087E-4        1.011690           0.117560E-4        1.010286
        1.844000           0.152095E-4        1.011690           0.117565E-4        1.010286
        1.846000           0.152103E-4        1.011691           0.117571E-4        1.010286
        1.848000           0.152111E-4        1.011691           0.117576E-4        1.010287
        1.850000           0.152119E-4        1.011691           0.117582E-4        1.010287
        1.852000           0.152128E-4        1.011691           0.117588E-4        1.010287
        1.854000           0.152136E-4        1.011692           0.117593E-4        1.010287
        1.856000           0.152144E-4        1.011692           0.117599E-4        1.010288
        1.858000           0.152152E-4        1.011692           0.117604E-4        1.010288
        1.860000           0.152161E-4        1.011693           0.117610E-4        1.010288
        1.862000           0.152169E-4        1.011693           0.117616E-4        1.010288
        1.864000           0.152177E-4        1.011693           0.117621E-4        1.010288
        1.866000           0.152185E-4        1.011694           0.117627E-4        1.010289
        1.868000           0.152193E-4        1.011694           0.117632E-4        1.010289
        1.870000           0.152202E-4        1.011694           0.117638E-4        1.010289
        1.872000           0.152210E-4        1.011695           0.117643E-4        1.010289
        1.874000           0.152218E-4        1.011695           0.117649E-4        1.010290
        1.876000           0.152226E-4        1.011695           0.117654E-4        1.010290
        1.878000           0.152234E-4        1.011696           0.117660E-4        1.010290
        1.880000           0.152243E-4        1.011696           0.117666E-4        1.010290
        1.882000           0.152251E-4        1.011696           0.117671E-4        1.010291
        1.884000           0.152259E-4        1.011696           0.117677E-4        1.010291
        1.886000           0.152267E-4        1.011697           0.117683E-4        1.010291
        1.888000           0.152276E-4        1.011697           0.117688E-4        1.010291
        1.890000           0.152284E-4        1.011697           0.117694E-4        1.010291
        1.892000           0.152292E-4        1.011698           0.117699E-4        1.010292
        1.894000           0.152300E-4        1.011698           0.117705E-4        1.010292
        1.896000           0.152308E-4        1.011698           0.117711E-4        1.010292
        1.898000           0.152317E-4        1.011698           0.117716E-4        1.010292
        1.900000           0.152325E-4        1.011699           0.117722E-4        1.010293
        1.902000           0.152333E-4        1.011699           0.117727E-4        1.010293
        1.904000           0.152341E-4        1.011699           0.117733E-4        1.010293
        1.906000           0.152350E-4        1.011700           0.117738E-4        1.010293
        1.908000           0.152358E-4        1.011700           0.117744E-4        1.010294
        1.910000           0.152366E-4        1.011700           0.117750E-4        1.010294
        1.912000           0.152374E-4        1.011701           0.117755E-4        1.010294
        1.914000           0.152382E-4        1.011701           0.117761E-4        1.010294
        1.916000           0.152391E-4        1.011701           0.117767E-4        1.010295
        1.918000           0.152399E-4        1.011702           0.117772E-4        1.010295
        1.920000           0.152407E-4        1.011702           0.117778E-4        1.010295
        1.922000           0.152415E-4        1.011702           0.117783E-4        1.010295
        1.924000           0.152424E-4        1.011702           0.117789E-4        1.010296
        1.926000           0.152432E-4        1.011703           0.117794E-4        1.010296
        1.928000           0.152440E-4        1.011703           0.117800E-4        1.010296
        1.930000           0.152448E-4        1.011703           0.117806E-4        1.010296
        1.932000           0.152457E-4        1.011704           0.117811E-4        1.010296
        1.934000           0.152465E-4        1.011704           0.117817E-4        1.010297
        1.936000           0.152473E-4        1.011704           0.117822E-4        1.010297
        1.938000           0.152481E-4        1.011705           0.117828E-4        1.010297
        1.940000           0.152489E-4        1.011705           0.117834E-4        1.010297
        1.942000           0.152498E-4        1.011705           0.117839E-4        1.010298
        1.944000           0.152506E-4        1.011706           0.117845E-4        1.010298
        1.946000           0.152514E-4        1.011706           0.117850E-4        1.010298
        1.948000           0.152522E-4        1.011706           0.117856E-4        1.010298
        1.950000           0.152531E-4        1.011706           0.117862E-4        1.010299
        1.952000           0.152539E-4        1.011707           0.117867E-4        1.010299
        1.954000           0.152547E-4        1.011707           0.117873E-4        1.010299
        1.956000           0.152555E-4        1.011707           0.117878E-4        1.010299
        1.958000           0.152564E-4        1.011708           0.117884E-4        1.010299
        1.960000           0.152572E-4        1.011708           0.117890E-4        1.010300
        1.962000           0.152580E-4        1.011708           0.117895E-4        1.010300
        1.964000           0.152588E-4        1.011708           0.117901E-4        1.010300
        1.966000           0.152597E-4        1.011709           0.117907E-4        1.010300
        1.968000           0.152605E-4        1.011709           0.117912E-4        1.010301
        1.970000           0.152613E-4        1.011709           0.117918E-4        1.010301
        1.972000           0.152621E-4        1.011710           0.117923E-4        1.010301
        1.974000           0.152630E-4        1.011710           0.117929E-4        1.010301
        1.976000           0.152638E-4        1.011710           0.117935E-4        1.010302
        1.978000           0.152646E-4        1.011711           0.117940E-4        1.010302
        1.980000           0.152654E-4        1.011711           0.117946E-4        1.010302
        1.982000           0.152663E-4        1.011711           0.117951E-4        1.010302
        1.984000           0.152671E-4        1.011712           0.117957E-4        1.010303
        1.986000           0.152679E-4        1.011712           0.117963E-4        1.010303
        1.988000           0.152687E-4        1.011712           0.117968E-4        1.010303
        1.990000           0.152696E-4        1.011713           0.117974E-4        1.010303
        1.992000           0.152704E-4        1.011713           0.117979E-4        1.010303
        1.994000           0.152712E-4        1.011713           0.117985E-4        1.010304
        1.996000           0.152720E-4        1.011713           0.117991E-4        1.010304
        1.998000           0.152729E-4        1.011714           0.117996E-4        1.010304
        2.000000           0.152737E-4        1.011714           0.118002E-4        1.010304
        2.002000           0.152745E-4        1.011714           0.118008E-4        1.010305
        2.004000           0.152753E-4        1.011715           0.118013E-4        1.010305
        2.006000           0.152762E-4        1.011715           0.118019E-4        1.010305
        2.008000           0.152770E-4        1.011715           0.118024E-4        1.010305
        2.010000           0.152778E-4        1.011716           0.118030E-4        1.010306
        2.012000           0.152787E-4        1.011716           0.118036E-4        1.010306
        2.014000           0.152795E-4        1.011716           0.118041E-4        1.010306
        2.016000           0.152803E-4        1.011716           0.118047E-4        1.010306
        2.018000           0.152811E-4        1.011717           0.118053E-4        1.010307
        2.020000           0.152820E-4        1.011717           0.118058E-4        1.010307
        2.022000           0.152828E-4        1.011717           0.118064E-4        1.010307
        2.024000           0.152836E-4        1.011718           0.118069E-4        1.010307
        2.026000           0.152844E-4        1.011718           0.118075E-4        1.010308
        2.028000           0.152853E-4        1.011718           0.118081E-4        1.010308
        2.030000           0.152861E-4        1.011719           0.118086E-4        1.010308
        2.032000           0.152869E-4        1.011719           0.118092E-4        1.010308
        2.034000           0.152877E-4        1.011719           0.118097E-4        1.010309
        2.036000           0.152886E-4        1.011720           0.118103E-4        1.010309
        2.038000           0.152894E-4        1.011720           0.118109E-4        1.010309
        2.040000           0.152902E-4        1.011720           0.118114E-4        1.010309
        2.042000           0.152911E-4        1.011720           0.118120E-4        1.010309
        2.044000           0.152919E-4        1.011721           0.118126E-4        1.010310
        2.046000           0.152927E-4        1.011721           0.118131E-4        1.010310
        2.048000           0.152935E-4        1.011721           0.118137E-4        1.010310
        2.050000           0.152944E-4        1.011722           0.118142E-4        1.010310
        2.052000           0.152952E-4        1.011722           0.118148E-4        1.010311
        2.054000           0.152960E-4        1.011722           0.118154E-4        1.010311
        2.056000           0.152968E-4        1.011723           0.118159E-4        1.010311
        2.058000           0.152977E-4        1.011723           0.118165E-4        1.010311
        2.060000           0.152985E-4        1.011723           0.118170E-4        1.010311
        2.062000           0.152993E-4        1.011724           0.118176E-4        1.010312
        2.064000           0.153002E-4        1.011724           0.118182E-4        1.010312
        2.066000           0.153010E-4        1.011724           0.118187E-4        1.010312
        2.068000           0.153018E-4        1.011724           0.118193E-4        1.010312
        2.070000           0.153026E-4        1.011725           0.118199E-4        1.010313
        2.072000           0.153035E-4        1.011725           0.118204E-4        1.010313
        2.074000           0.153043E-4        1.011725           0.118210E-4        1.010313
        2.076000           0.153051E-4        1.011726           0.118216E-4        1.010313
        2.078000           0.153060E-4        1.011726           0.118221E-4        1.010314
        2.080000           0.153068E-4        1.011726           0.118227E-4        1.010314
        2.082000           0.153076E-4        1.011727           0.118232E-4        1.010314
        2.084000           0.153084E-4        1.011727           0.118238E-4        1.010314
        2.086000           0.153093E-4        1.011727           0.118244E-4        1.010315
        2.088000           0.153101E-4        1.011727           0.118249E-4        1.010315
        2.090000           0.153109E-4        1.011728           0.118255E-4        1.010315
        2.092000           0.153118E-4        1.011728           0.118261E-4        1.010315
        2.094000           0.153126E-4        1.011728           0.118266E-4        1.010316
        2.096000           0.153134E-4        1.011729           0.118272E-4        1.010316
        2.098000           0.153142E-4        1.011729           0.118277E-4        1.010316
        2.100000           0.153151E-4        1.011729           0.118283E-4        1.010316
        2.102000           0.153159E-4        1.011730           0.118289E-4        1.010316
        2.104000           0.153167E-4        1.011730           0.118294E-4        1.010317
        2.106000           0.153176E-4        1.011730           0.118300E-4        1.010317
        2.108000           0.153184E-4        1.011731           0.118306E-4        1.010317
        2.110000           0.153192E-4        1.011731           0.118311E-4        1.010317
        2.112000           0.153201E-4        1.011731           0.118317E-4        1.010318
        2.114000           0.153209E-4        1.011732           0.118323E-4        1.010318
        2.116000           0.153217E-4        1.011732           0.118328E-4        1.010318
        2.118000           0.153225E-4        1.011732           0.118334E-4        1.010318
        2.120000           0.153234E-4        1.011732           0.118340E-4        1.010319
        2.122000           0.153242E-4        1.011733           0.118345E-4        1.010319
        2.124000           0.153250E-4        1.011733           0.118351E-4        1.010319
        2.126000           0.153259E-4        1.011733           0.118356E-4        1.010319
        2.128000           0.153267E-4        1.011734           0.118362E-4        1.010320
        2.130000           0.153275E-4        1.011734           0.118368E-4        1.010320
        2.132000           0.153284E-4        1.011734           0.118373E-4        1.010320
        2.134000           0.153292E-4        1.011735           0.118379E-4        1.010320
        2.136000           0.153300E-4        1.011735           0.118385E-4        1.010321
        2.138000           0.153308E-4        1.011735           0.118390E-4        1.010321
        2.140000           0.153317E-4        1.011735           0.118396E-4        1.010321
        2.142000           0.153325E-4        1.011736           0.118402E-4        1.010321
        2.144000           0.153333E-4        1.011736           0.118407E-4        1.010321
        2.146000           0.153342E-4        1.011736           0.118413E-4        1.010322
        2.148000           0.153350E-4        1.011737           0.118419E-4        1.010322
        2.150000           0.153358E-4        1.011737           0.118424E-4        1.010322
        2.152000           0.153367E-4        1.011737           0.118430E-4        1.010322
        2.154000           0.153375E-4        1.011738           0.118435E-4        1.010323
        2.156000           0.153383E-4        1.011738           0.118441E-4        1.010323
        2.158000           0.153392E-4        1.011738           0.118447E-4        1.010323
        2.160000           0.153400E-4        1.011739           0.118452E-4        1.010323
        2.162000           0.153408E-4        1.011739           0.118458E-4        1.010324
        2.164000           0.153416E-4        1.011739           0.118464E-4        1.010324
        2.166000           0.153425E-4        1.011739           0.118469E-4        1.010324
        2.168000           0.153433E-4        1.011740           0.118475E-4        1.010324
        2.170000           0.153441E-4        1.011740           0.118481E-4        1.010324
        2.172000           0.153450E-4        1.011740           0.118486E-4        1.010325
        2.174000           0.153458E-4        1.011741           0.118492E-4        1.010325
        2.176000           0.153466E-4        1.011741           0.118498E-4        1.010325
        2.178000           0.153475E-4        1.011741           0.118503E-4        1.010325
        2.180000           0.153483E-4        1.011742           0.118509E-4        1.010326
        2.182000           0.153491E-4        1.011742           0.118515E-4        1.010326
        2.184000           0.153500E-4        1.011742           0.118520E-4        1.010326
        2.186000           0.153508E-4        1.011742           0.118526E-4        1.010326
        2.188000           0.153516E-4        1.011743           0.118531E-4        1.010327
        2.190000           0.153525E-4        1.011743           0.118537E-4        1.010327
        2.192000           0.153533E-4        1.011743           0.118543E-4        1.010327
        2.194000           0.153541E-4        1.011744           0.118548E-4        1.010327
        2.196000           0.153550E-4        1.011744           0.118554E-4        1.010328
        2.198000           0.153558E-4        1.011744           0.118560E-4        1.010328
        2.200000           0.153566E-4        1.011745           0.118565E-4        1.010328
        2.202000           0.153575E-4        1.011745           0.118571E-4        1.010328
        2.204000           0.153583E-4        1.011745           0.118577E-4        1.010329
        2.206000           0.153591E-4        1.011746           0.118582E-4        1.010329
        2.208000           0.153600E-4        1.011746           0.118588E-4        1.010329
        2.210000           0.153608E-4        1.011746           0.118594E-4        1.010329
        2.212000           0.153616E-4        1.011747           0.118599E-4        1.010329
        2.214000           0.153625E-4        1.011747           0.118605E-4        1.010330
        2.216000           0.153633E-4        1.011747           0.118611E-4        1.010330
        2.218000           0.153641E-4        1.011747           0.118616E-4        1.010330
        2.220000           0.153650E-4        1.011748           0.118622E-4        1.010330
        2.222000           0.153658E-4        1.011748           0.118628E-4        1.010331
        2.224000           0.153666E-4        1.011748           0.118633E-4        1.010331
        2.226000           0.153675E-4        1.011749           0.118639E-4        1.010331
        2.228000           0.153683E-4        1.011749           0.118645E-4        1.010331
        2.230000           0.153691E-4        1.011749           0.118650E-4        1.010332
        2.232000           0.153700E-4        1.011750           0.118656E-4        1.010332
        2.234000           0.153708E-4        1.011750           0.118662E-4        1.010332
        2.236000           0.153716E-4        1.011750           0.118667E-4        1.010332
        2.238000           0.153725E-4        1.011750           0.118673E-4        1.010333
        2.240000           0.153733E-4        1.011751           0.118679E-4        1.010333
        2.242000           0.153741E-4        1.011751           0.118684E-4        1.010333
        2.244000           0.153750E-4        1.011751           0.118690E-4        1.010333
        2.246000           0.153758E-4        1.011752           0.118696E-4        1.010334
        2.248000           0.153766E-4        1.011752           0.118701E-4        1.010334
        2.250000           0.153775E-4        1.011752           0.118707E-4        1.010334
        2.252000           0.153783E-4        1.011753           0.118713E-4        1.010334
        2.254000           0.153791E-4        1.011753           0.118718E-4        1.010334
        2.256000           0.153800E-4        1.011753           0.118724E-4        1.010335
        2.258000           0.153808E-4        1.011754           0.118729E-4        1.010335
        2.260000           0.153816E-4        1.011754           0.118735E-4        1.010335
        2.262000           0.153825E-4        1.011754           0.118741E-4        1.010335
        2.264000           0.153833E-4        1.011755           0.118747E-4        1.010336
        2.266000           0.153841E-4        1.011755           0.118752E-4        1.010336
        2.268000           0.153850E-4        1.011755           0.118758E-4        1.010336
        2.270000           0.153858E-4        1.011755           0.118764E-4        1.010336
        2.272000           0.153866E-4        1.011756           0.118769E-4        1.010337
        2.274000           0.153875E-4        1.011756           0.118775E-4        1.010337
        2.276000           0.153883E-4        1.011756           0.118781E-4        1.010337
        2.278000           0.153892E-4        1.011757           0.118786E-4        1.010337
        2.280000           0.153900E-4        1.011757           0.118792E-4        1.010338
        2.282000           0.153908E-4        1.011757           0.118798E-4        1.010338
        2.284000           0.153917E-4        1.011758           0.118803E-4        1.010338
        2.286000           0.153925E-4        1.011758           0.118809E-4        1.010338
        2.288000           0.153933E-4        1.011758           0.118815E-4        1.010339
        2.290000           0.153942E-4        1.011759           0.118820E-4        1.010339
        2.292000           0.153950E-4        1.011759           0.118826E-4        1.010339
        2.294000           0.153958E-4        1.011759           0.118832E-4        1.010339
        2.296000           0.153967E-4        1.011759           0.118837E-4        1.010339
        2.298000           0.153975E-4        1.011760           0.118843E-4        1.010340
        2.300000           0.153984E-4        1.011760           0.118849E-4        1.010340
        2.302000           0.153992E-4        1.011760           0.118854E-4        1.010340
        2.304000           0.154000E-4        1.011761           0.118860E-4        1.010340
        2.306000           0.154009E-4        1.011761           0.118866E-4        1.010341
        2.308000           0.154017E-4        1.011761           0.118871E-4        1.010341
        2.310000           0.154025E-4        1.011762           0.118877E-4        1.010341
        2.312000           0.154034E-4        1.011762           0.118883E-4        1.010341
        2.314000           0.154042E-4        1.011762           0.118888E-4        1.010342
        2.316000           0.154050E-4        1.011762           0.118894E-4        1.010342
        2.318000           0.154059E-4        1.011763           0.118900E-4        1.010342
        2.320000           0.154067E-4        1.011763           0.118906E-4        1.010342
        2.322000           0.154076E-4        1.011763           0.118911E-4        1.010343
        2.324000           0.154084E-4        1.011764           0.118917E-4        1.010343
        2.326000           0.154092E-4        1.011764           0.118923E-4        1.010343
        2.328000           0.154101E-4        1.011764           0.118928E-4        1.010343
        2.330000           0.154109E-4        1.011765           0.118934E-4        1.010344
        2.332000           0.154117E-4        1.011765           0.118940E-4        1.010344
        2.334000           0.154126E-4        1.011765           0.118945E-4        1.010344
        2.336000           0.154134E-4        1.011766           0.118951E-4        1.010344
        2.338000           0.154143E-4        1.011766           0.118957E-4        1.010345
        2.340000           0.154151E-4        1.011766           0.118962E-4        1.010345
        2.342000           0.154159E-4        1.011767           0.118968E-4        1.010345
        2.344000           0.154168E-4        1.011767           0.118974E-4        1.010345
        2.346000           0.154176E-4        1.011767           0.118979E-4        1.010345
        2.348000           0.154184E-4        1.011768           0.118985E-4        1.010346
        2.350000           0.154193E-4        1.011768           0.118991E-4        1.010346
        2.352000           0.154201E-4        1.011768           0.118996E-4        1.010346
        2.354000           0.154210E-4        1.011768           0.119002E-4        1.010346
        2.356000           0.154218E-4        1.011769           0.119008E-4        1.010347
        2.358000           0.154226E-4        1.011769           0.119013E-4        1.010347
        2.360000           0.154235E-4        1.011769           0.119019E-4        1.010347
        2.362000           0.154243E-4        1.011770           0.119025E-4        1.010347
        2.364000           0.154251E-4        1.011770           0.119031E-4        1.010348
        2.366000           0.154260E-4        1.011770           0.119036E-4        1.010348
        2.368000           0.154268E-4        1.011770           0.119042E-4        1.010348
        2.370000           0.154277E-4        1.011771           0.119048E-4        1.010348
        2.372000           0.154285E-4        1.011771           0.119053E-4        1.010349
        2.374000           0.154293E-4        1.011771           0.119059E-4        1.010349
        2.376000           0.154302E-4        1.011772           0.119065E-4        1.010349
        2.378000           0.154310E-4        1.011772           0.119071E-4        1.010349
        2.380000           0.154319E-4        1.011772           0.119076E-4        1.010350
        2.382000           0.154327E-4        1.011773           0.119082E-4        1.010350
        2.384000           0.154335E-4        1.011773           0.119088E-4        1.010350
        2.386000           0.154344E-4        1.011773           0.119093E-4        1.010350
        2.388000           0.154352E-4        1.011774           0.119099E-4        1.010350
        2.390000           0.154360E-4        1.011774           0.119105E-4        1.010351
        2.392000           0.154369E-4        1.011774           0.119110E-4        1.010351
        2.394000           0.154377E-4        1.011775           0.119116E-4        1.010351
        2.396000           0.154386E-4        1.011775           0.119122E-4        1.010351
        2.398000           0.154394E-4        1.011775           0.119127E-4        1.010352
        2.400000           0.154403E-4        1.011775           0.119133E-4        1.010352
        2.402000           0.154411E-4        1.011776           0.119139E-4        1.010352
        2.404000           0.154419E-4        1.011776           0.119145E-4        1.010352
        2.406000           0.154428E-4        1.011776           0.119150E-4        1.010353
        2.408000           0.154436E-4        1.011777           0.119156E-4        1.010353
        2.410000           0.154444E-4        1.011777           0.119162E-4        1.010353
        2.412000           0.154453E-4        1.011777           0.119167E-4        1.010353
        2.414000           0.154461E-4        1.011778           0.119173E-4        1.010354
        2.416000           0.154470E-4        1.011778           0.119179E-4        1.010354
        2.418000           0.154478E-4        1.011778           0.119184E-4        1.010354
        2.420000           0.154487E-4        1.011779           0.119190E-4        1.010354
        2.422000           0.154495E-4        1.011779           0.119196E-4        1.010355
        2.424000           0.154503E-4        1.011779           0.119201E-4        1.010355
        2.426000           0.154512E-4        1.011780           0.119207E-4        1.010355
        2.428000           0.154520E-4        1.011780           0.119213E-4        1.010355
        2.430000           0.154529E-4        1.011780           0.119218E-4        1.010355
        2.432000           0.154537E-4        1.011780           0.119224E-4        1.010356
        2.434000           0.154545E-4        1.011781           0.119230E-4        1.010356
        2.436000           0.154554E-4        1.011781           0.119236E-4        1.010356
        2.438000           0.154562E-4        1.011781           0.119241E-4        1.010356
        2.440000           0.154571E-4        1.011782           0.119247E-4        1.010357
        2.442000           0.154579E-4        1.011782           0.119253E-4        1.010357
        2.444000           0.154587E-4        1.011782           0.119259E-4        1.010357
        2.446000           0.154596E-4        1.011783           0.119264E-4        1.010357
        2.448000           0.154604E-4        1.011783           0.119270E-4        1.010358
        2.450000           0.154613E-4        1.011783           0.119276E-4        1.010358
        2.452000           0.154621E-4        1.011783           0.119281E-4        1.010358
        2.454000           0.154629E-4        1.011784           0.119287E-4        1.010358
        2.456000           0.154638E-4        1.011784           0.119293E-4        1.010359
        2.458000           0.154646E-4        1.011784           0.119299E-4        1.010359
        2.460000           0.154655E-4        1.011785           0.119304E-4        1.010359
        2.462000           0.154663E-4        1.011785           0.119310E-4        1.010359
        2.464000           0.154672E-4        1.011785           0.119316E-4        1.010360
        2.466000           0.154680E-4        1.011786           0.119321E-4        1.010360
        2.468000           0.154688E-4        1.011786           0.119327E-4        1.010360
        2.470000           0.154697E-4        1.011786           0.119333E-4        1.010360
        2.472000           0.154705E-4        1.011787           0.119339E-4        1.010360
        2.474000           0.154714E-4        1.011787           0.119344E-4        1.010361
        2.476000           0.154722E-4        1.011787           0.119350E-4        1.010361
        2.478000           0.154731E-4        1.011788           0.119356E-4        1.010361
        2.480000           0.154739E-4        1.011788           0.119361E-4        1.010361
        2.482000           0.154747E-4        1.011788           0.119367E-4        1.010362
        2.484000           0.154756E-4        1.011788           0.119373E-4        1.010362
        2.486000           0.154764E-4        1.011789           0.119379E-4        1.010362
        2.488000           0.154773E-4        1.011789           0.119384E-4        1.010362
        2.490000           0.154781E-4        1.011789           0.119390E-4        1.010363
        2.492000           0.154790E-4        1.011790           0.119396E-4        1.010363
        2.494000           0.154798E-4        1.011790           0.119401E-4        1.010363
        2.496000           0.154806E-4        1.011790           0.119407E-4        1.010363
        2.498000           0.154815E-4        1.011791           0.119413E-4        1.010364
        2.500000           0.154823E-4        1.011791           0.119419E-4        1.010364
        2.502000           0.154832E-4        1.011791           0.119424E-4        1.010364
        2.504000           0.154840E-4        1.011792           0.119430E-4        1.010364
        2.506000           0.154849E-4        1.011792           0.119436E-4        1.010365
        2.508000           0.154857E-4        1.011792           0.119441E-4        1.010365
        2.510000           0.154865E-4        1.011793           0.119447E-4        1.010365
        2.512000           0.154874E-4        1.011793           0.119453E-4        1.010365
        2.514000           0.154882E-4        1.011793           0.119459E-4        1.010365
        2.516000           0.154891E-4        1.011793           0.119464E-4        1.010366
        2.518000           0.154899E-4        1.011794           0.119470E-4        1.010366
        2.520000           0.154908E-4        1.011794           0.119476E-4        1.010366
        2.522000           0.154916E-4        1.011794           0.119481E-4        1.010366
        2.524000           0.154925E-4        1.011795           0.119487E-4        1.010367
        2.526000           0.154933E-4        1.011795           0.119493E-4        1.010367
        2.528000           0.154941E-4        1.011795           0.119498E-4        1.010367
        2.530000           0.154950E-4        1.011796           0.119504E-4        1.010367
        2.532000           0.154958E-4        1.011796           0.119510E-4        1.010368
        2.534000           0.154967E-4        1.011796           0.119516E-4        1.010368
        2.536000           0.154975E-4        1.011796           0.119521E-4        1.010368
        2.538000           0.154984E-4        1.011797           0.119527E-4        1.010368
        2.540000           0.154992E-4        1.011797           0.119533E-4        1.010369
        2.542000           0.155001E-4        1.011797           0.119539E-4        1.010369
        2.544000           0.155009E-4        1.011798           0.119544E-4        1.010369
        2.546000           0.155017E-4        1.011798           0.119550E-4        1.010369
        2.548000           0.155026E-4        1.011798           0.119556E-4        1.010370
        2.550000           0.155034E-4        1.011799           0.119561E-4        1.010370
        2.552000           0.155043E-4        1.011799           0.119567E-4        1.010370
        2.554000           0.155051E-4        1.011799           0.119573E-4        1.010370
        2.556000           0.155060E-4        1.011800           0.119579E-4        1.010370
        2.558000           0.155068E-4        1.011800           0.119584E-4        1.010371
        2.560000           0.155077E-4        1.011800           0.119590E-4        1.010371
        2.562000           0.155085E-4        1.011801           0.119596E-4        1.010371
        2.564000           0.155093E-4        1.011801           0.119602E-4        1.010371
        2.566000           0.155102E-4        1.011801           0.119607E-4        1.010372
        2.568000           0.155110E-4        1.011801           0.119613E-4        1.010372
        2.570000           0.155119E-4        1.011802           0.119619E-4        1.010372
        2.572000           0.155127E-4        1.011802           0.119625E-4        1.010372
        2.574000           0.155136E-4        1.011802           0.119630E-4        1.010373
        2.576000           0.155144E-4        1.011803           0.119636E-4        1.010373
        2.578000           0.155153E-4        1.011803           0.119642E-4        1.010373
        2.580000           0.155161E-4        1.011803           0.119648E-4        1.010373
        2.582000           0.155170E-4        1.011804           0.119653E-4        1.010374
        2.584000           0.155178E-4        1.011804           0.119659E-4        1.010374
        2.586000           0.155187E-4        1.011804           0.119665E-4        1.010374
        2.588000           0.155195E-4        1.011805           0.119671E-4        1.010374
        2.590000           0.155203E-4        1.011805           0.119676E-4        1.010375
        2.592000           0.155212E-4        1.011805           0.119682E-4        1.010375
        2.594000           0.155220E-4        1.011806           0.119688E-4        1.010375
        2.596000           0.155229E-4        1.011806           0.119693E-4        1.010375
        2.598000           0.155237E-4        1.011806           0.119699E-4        1.010375
        2.600000           0.155246E-4        1.011806           0.119705E-4        1.010376
        2.602000           0.155254E-4        1.011807           0.119711E-4        1.010376
        2.604000           0.155263E-4        1.011807           0.119716E-4        1.010376
        2.606000           0.155271E-4        1.011807           0.119722E-4        1.010376
        2.608000           0.155280E-4        1.011808           0.119728E-4        1.010377
        2.610000           0.155288E-4        1.011808           0.119734E-4        1.010377
        2.612000           0.155297E-4        1.011808           0.119739E-4        1.010377
        2.614000           0.155305E-4        1.011809           0.119745E-4        1.010377
        2.616000           0.155314E-4        1.011809           0.119751E-4        1.010378
        2.618000           0.155322E-4        1.011809           0.119757E-4        1.010378
        2.620000           0.155330E-4        1.011810           0.119762E-4        1.010378
        2.622000           0.155339E-4        1.011810           0.119768E-4        1.010378
        2.624000           0.155347E-4        1.011810           0.119774E-4        1.010379
        2.626000           0.155356E-4        1.011810           0.119780E-4        1.010379
        2.628000           0.155364E-4        1.011811           0.119785E-4        1.010379
        2.630000           0.155373E-4        1.011811           0.119791E-4        1.010379
        2.632000           0.155381E-4        1.011811           0.119797E-4        1.010380
        2.634000           0.155390E-4        1.011812           0.119803E-4        1.010380
        2.636000           0.155398E-4        1.011812           0.119808E-4        1.010380
        2.638000           0.155407E-4        1.011812           0.119814E-4        1.010380
        2.640000           0.155415E-4        1.011813           0.119820E-4        1.010381
        2.642000           0.155424E-4        1.011813           0.119825E-4        1.010381
        2.644000           0.155432E-4        1.011813           0.119831E-4        1.010381
        2.646000           0.155441E-4        1.011814           0.119837E-4        1.010381
        2.648000           0.155449E-4        1.011814           0.119843E-4        1.010381
        2.650000           0.155458E-4        1.011814           0.119849E-4        1.010382
        2.652000           0.155466E-4        1.011814           0.119854E-4        1.010382
        2.654000           0.155475E-4        1.011815           0.119860E-4        1.010382
        2.656000           0.155483E-4        1.011815           0.119866E-4        1.010382
        2.658000           0.155492E-4        1.011815           0.119871E-4        1.010383
        2.660000           0.155500E-4        1.011816           0.119877E-4        1.010383
        2.662000           0.155509E-4        1.011816           0.119883E-4        1.010383
        2.664000           0.155517E-4        1.011816           0.119889E-4        1.010383
        2.666000           0.155526E-4        1.011817           0.119895E-4        1.010384
        2.668000           0.155534E-4        1.011817           0.119900E-4        1.010384
        2.670000           0.155543E-4        1.011817           0.119906E-4        1.010384
        2.672000           0.155551E-4        1.011818           0.119912E-4        1.010384
        2.674000           0.155560E-4        1.011818           0.119918E-4        1.010385
        2.676000           0.155568E-4        1.011818           0.119923E-4        1.010385
        2.678000           0.155577E-4        1.011819           0.119929E-4        1.010385
        2.680000           0.155585E-4        1.011819           0.119935E-4        1.010385
        2.682000           0.155594E-4        1.011819           0.119941E-4        1.010386
        2.684000           0.155602E-4        1.011819           0.119946E-4        1.010386
        2.686000           0.155611E-4        1.011820           0.119952E-4        1.010386
        2.688000           0.155619E-4        1.011820           0.119958E-4        1.010386
        2.690000           0.155628E-4        1.011820           0.119964E-4        1.010387
        2.692000           0.155636E-4        1.011821           0.119969E-4        1.010387
        2.694000           0.155645E-4        1.011821           0.119975E-4        1.010387
        2.696000           0.155653E-4        1.011821           0.119981E-4        1.010387
        2.698000           0.155662E-4        1.011822           0.119987E-4        1.010388
        2.700000           0.155670E-4        1.011822           0.119992E-4        1.010388
        2.702000           0.155679E-4        1.011822           0.119998E-4        1.010388
        2.704000           0.155687E-4        1.011823           0.120004E-4        1.010388
        2.706000           0.155696E-4        1.011823           0.120010E-4        1.010388
        2.708000           0.155704E-4        1.011823           0.120015E-4        1.010389
        2.710000           0.155713E-4        1.011824           0.120021E-4        1.010389
        2.712000           0.155721E-4        1.011824           0.120027E-4        1.010389
        2.714000           0.155730E-4        1.011824           0.120033E-4        1.010389
        2.716000           0.155738E-4        1.011824           0.120039E-4        1.010390
        2.718000           0.155747E-4        1.011825           0.120044E-4        1.010390
        2.720000           0.155755E-4        1.011825           0.120050E-4        1.010390
        2.722000           0.155764E-4        1.011825           0.120056E-4        1.010390
        2.724000           0.155772E-4        1.011826           0.120062E-4        1.010391
        2.726000           0.155781E-4        1.011826           0.120067E-4        1.010391
        2.728000           0.155789E-4        1.011826           0.120073E-4        1.010391
        2.730000           0.155798E-4        1.011827           0.120079E-4        1.010391
        2.732000           0.155806E-4        1.011827           0.120085E-4        1.010392
        2.734000           0.155815E-4        1.011827           0.120090E-4        1.010392
        2.736000           0.155823E-4        1.011828           0.120096E-4        1.010392
        2.738000           0.155832E-4        1.011828           0.120102E-4        1.010392
        2.740000           0.155840E-4        1.011828           0.120108E-4        1.010393
        2.742000           0.155849E-4        1.011829           0.120114E-4        1.010393
        2.744000           0.155857E-4        1.011829           0.120119E-4        1.010393
        2.746000           0.155866E-4        1.011829           0.120125E-4        1.010393
        2.748000           0.155874E-4        1.011829           0.120131E-4        1.010394
        2.750000           0.155883E-4        1.011830           0.120137E-4        1.010394
        2.752000           0.155891E-4        1.011830           0.120142E-4        1.010394
        2.754000           0.155900E-4        1.011830           0.120148E-4        1.010394
        2.756000           0.155908E-4        1.011831           0.120154E-4        1.010394
        2.758000           0.155917E-4        1.011831           0.120160E-4        1.010395
        2.760000           0.155925E-4        1.011831           0.120165E-4        1.010395
        2.762000           0.155934E-4        1.011832           0.120171E-4        1.010395
        2.764000           0.155943E-4        1.011832           0.120177E-4        1.010395
        2.766000           0.155951E-4        1.011832           0.120183E-4        1.010396
        2.768000           0.155960E-4        1.011833           0.120188E-4        1.010396
        2.770000           0.155968E-4        1.011833           0.120194E-4        1.010396
        2.772000           0.155977E-4        1.011833           0.120200E-4        1.010396
        2.774000           0.155985E-4        1.011834           0.120206E-4        1.010397
        2.776000           0.155994E-4        1.011834           0.120212E-4        1.010397
        2.778000           0.156002E-4        1.011834           0.120217E-4        1.010397
        2.780000           0.156011E-4        1.011835           0.120223E-4        1.010397
        2.782000           0.156019E-4        1.011835           0.120229E-4        1.010398
        2.784000           0.156028E-4        1.011835           0.120235E-4        1.010398
        2.786000           0.156036E-4        1.011835           0.120241E-4        1.010398
        2.788000           0.156045E-4        1.011836           0.120246E-4        1.010398
        2.790000           0.156053E-4        1.011836           0.120252E-4        1.010399
        2.792000           0.156062E-4        1.011836           0.120258E-4        1.010399
        2.794000           0.156071E-4        1.011837           0.120264E-4        1.010399
        2.796000           0.156079E-4        1.011837           0.120270E-4        1.010399
        2.798000           0.156088E-4        1.011837           0.120275E-4        1.010400
        2.800000           0.156096E-4        1.011838           0.120281E-4        1.010400
        2.802000           0.156105E-4        1.011838           0.120287E-4        1.010400
        2.804000           0.156113E-4        1.011838           0.120293E-4        1.010400
        2.806000           0.156122E-4        1.011839           0.120298E-4        1.010400
        2.808000           0.156130E-4        1.011839           0.120304E-4        1.010401
        2.810000           0.156139E-4        1.011839           0.120310E-4        1.010401
        2.812000           0.156147E-4        1.011839           0.120316E-4        1.010401
        2.814000           0.156156E-4        1.011840           0.120322E-4        1.010401
        2.816000           0.156164E-4        1.011840           0.120327E-4        1.010402
        2.818000           0.156173E-4        1.011840           0.120333E-4        1.010402
        2.820000           0.156182E-4        1.011841           0.120339E-4        1.010402
        2.822000           0.156190E-4        1.011841           0.120345E-4        1.010402
        2.824000           0.156199E-4        1.011841           0.120351E-4        1.010403
        2.826000           0.156207E-4        1.011842           0.120356E-4        1.010403
        2.828000           0.156216E-4        1.011842           0.120362E-4        1.010403
        2.830000           0.156224E-4        1.011842           0.120368E-4        1.010403
        2.832000           0.156233E-4        1.011843           0.120374E-4        1.010404
        2.834000           0.156241E-4        1.011843           0.120380E-4        1.010404
        2.836000           0.156250E-4        1.011843           0.120385E-4        1.010404
        2.838000           0.156259E-4        1.011844           0.120391E-4        1.010404
        2.840000           0.156267E-4        1.011844           0.120397E-4        1.010405
        2.842000           0.156276E-4        1.011844           0.120403E-4        1.010405
        2.844000           0.156284E-4        1.011844           0.120408E-4        1.010405
        2.846000           0.156293E-4        1.011845           0.120414E-4        1.010405
        2.848000           0.156301E-4        1.011845           0.120420E-4        1.010406
        2.850000           0.156310E-4        1.011845           0.120426E-4        1.010406
        2.852000           0.156318E-4        1.011846           0.120432E-4        1.010406
        2.854000           0.156327E-4        1.011846           0.120437E-4        1.010406
        2.856000           0.156336E-4        1.011846           0.120443E-4        1.010406
        2.858000           0.156344E-4        1.011847           0.120449E-4        1.010407
        2.860000           0.156353E-4        1.011847           0.120455E-4        1.010407
        2.862000           0.156361E-4        1.011847           0.120460E-4        1.010407
        2.864000           0.156370E-4        1.011848           0.120466E-4        1.010407
        2.866000           0.156378E-4        1.011848           0.120472E-4        1.010408
        2.868000           0.156387E-4        1.011848           0.120478E-4        1.010408
        2.870000           0.156396E-4        1.011848           0.120484E-4        1.010408
        2.872000           0.156404E-4        1.011849           0.120490E-4        1.010408
        2.874000           0.156413E-4        1.011849           0.120495E-4        1.010409
        2.876000           0.156421E-4        1.011849           0.120501E-4        1.010409
        2.878000           0.156430E-4        1.011850           0.120507E-4        1.010409
        2.880000           0.156438E-4        1.011850           0.120513E-4        1.010409
        2.882000           0.156447E-4        1.011850           0.120518E-4        1.010410
        2.884000           0.156455E-4        1.011851           0.120524E-4        1.010410
        2.886000           0.156464E-4        1.011851           0.120530E-4        1.010410
        2.888000           0.156473E-4        1.011851           0.120536E-4        1.010410
        2.890000           0.156481E-4        1.011852           0.120541E-4        1.010411
        2.892000           0.156490E-4        1.011852           0.120547E-4        1.010411
        2.894000           0.156498E-4        1.011852           0.120553E-4        1.010411
        2.896000           0.156507E-4        1.011853           0.120559E-4        1.010411
        2.898000           0.156515E-4        1.011853           0.120565E-4        1.010412
        2.900000           0.156524E-4        1.011853           0.120571E-4        1.010412
        2.902000           0.156533E-4        1.011854           0.120576E-4        1.010412
        2.904000           0.156541E-4        1.011854           0.120582E-4        1.010412
        2.906000           0.156550E-4        1.011854           0.120588E-4        1.010413
        2.908000           0.156558E-4        1.011854           0.120594E-4        1.010413
        2.910000           0.156567E-4        1.011855           0.120600E-4        1.010413
        2.912000           0.156575E-4        1.011855           0.120606E-4        1.010413
        2.914000           0.156584E-4        1.011855           0.120611E-4        1.010414
        2.916000           0.156593E-4        1.011856           0.120617E-4        1.010414
        2.918000           0.156601E-4        1.011856           0.120623E-4        1.010414
        2.920000           0.156610E-4        1.011856           0.120629E-4        1.010414
        2.922000           0.156618E-4        1.011857           0.120635E-4        1.010414
        2.924000           0.156627E-4        1.011857           0.120640E-4        1.010415
        2.926000           0.156636E-4        1.011857           0.120646E-4        1.010415
        2.928000           0.156644E-4        1.011858           0.120652E-4        1.010415
        2.930000           0.156653E-4        1.011858           0.120658E-4        1.010415
        2.932000           0.156661E-4        1.011858           0.120664E-4        1.010416
        2.934000           0.156670E-4        1.011859           0.120669E-4        1.010416
        2.936000           0.156679E-4        1.011859           0.120675E-4        1.010416
        2.938000           0.156687E-4        1.011859           0.120681E-4        1.010416
        2.940000           0.156696E-4        1.011859           0.120687E-4        1.010417
        2.942000           0.156704E-4        1.011860           0.120693E-4        1.010417
        2.944000           0.156713E-4        1.011860           0.120699E-4        1.010417
        2.946000           0.156721E-4        1.011860           0.120704E-4        1.010417
        2.948000           0.156730E-4        1.011861           0.120710E-4        1.010418
        2.950000           0.156739E-4        1.011861           0.120716E-4        1.010418
        2.952000           0.156747E-4        1.011861           0.120722E-4        1.010418
        2.954000           0.156756E-4        1.011862           0.120728E-4        1.010418
        2.956000           0.156764E-4        1.011862           0.120733E-4        1.010419
        2.958000           0.156773E-4        1.011862           0.120739E-4        1.010419
        2.960000           0.156782E-4        1.011863           0.120745E-4        1.010419
        2.962000           0.156790E-4        1.011863           0.120751E-4        1.010419
        2.964000           0.156799E-4        1.011863           0.120757E-4        1.010419
        2.966000           0.156807E-4        1.011864           0.120763E-4        1.010420
        2.968000           0.156816E-4        1.011864           0.120768E-4        1.010420
        2.970000           0.156825E-4        1.011864           0.120774E-4        1.010420
        2.972000           0.156833E-4        1.011865           0.120780E-4        1.010420
        2.974000           0.156842E-4        1.011865           0.120786E-4        1.010421
        2.976000           0.156850E-4        1.011865           0.120792E-4        1.010421
        2.978000           0.156859E-4        1.011865           0.120797E-4        1.010421
        2.980000           0.156868E-4        1.011866           0.120803E-4        1.010422
        2.982000           0.156876E-4        1.011866           0.120809E-4        1.010422
        2.984000           0.156885E-4        1.011866           0.120815E-4        1.010422
        2.986000           0.156893E-4        1.011867           0.120821E-4        1.010422
        2.988000           0.156902E-4        1.011867           0.120827E-4        1.010422
        2.990000           0.156911E-4        1.011867           0.120832E-4        1.010423
        2.992000           0.156919E-4        1.011868           0.120838E-4        1.010423
        2.994000           0.156928E-4        1.011868           0.120844E-4        1.010423
        2.996000           0.156937E-4        1.011868           0.120850E-4        1.010423
        2.998000           0.156945E-4        1.011869           0.120855E-4        1.010424
        3.000000           0.156954E-4        1.011869           0.120861E-4        1.010424
        3.002000           0.156962E-4        1.011869           0.120867E-4        1.010424
        3.004000           0.156971E-4        1.011870           0.120873E-4        1.010424
        3.006000           0.156980E-4        1.011870           0.120879E-4        1.010425
        3.008000           0.156988E-4        1.011870           0.120885E-4        1.010425
        3.010000           0.156997E-4        1.011871           0.120891E-4        1.010425
        3.012000           0.157005E-4        1.011871           0.120896E-4        1.010425
        3.014000           0.157014E-4        1.011871           0.120902E-4        1.010426
        3.016000           0.157023E-4        1.011871           0.120908E-4        1.010426
        3.018000           0.157031E-4        1.011872           0.120914E-4        1.010426
        3.020000           0.157040E-4        1.011872           0.120920E-4        1.010426
        3.022000           0.157049E-4        1.011872           0.120925E-4        1.010427
        3.024000           0.157057E-4        1.011873           0.120931E-4        1.010427
        3.026000           0.157066E-4        1.011873           0.120937E-4        1.010427
        3.028000           0.157074E-4        1.011873           0.120943E-4        1.010427
        3.030000           0.157083E-4        1.011874           0.120949E-4        1.010427
        3.032000           0.157092E-4        1.011874           0.120955E-4        1.010428
        3.034000           0.157100E-4        1.011874           0.120960E-4        1.010428
        3.036000           0.157109E-4        1.011875           0.120966E-4        1.010428
        3.038000           0.157117E-4        1.011875           0.120972E-4        1.010428
        3.040000           0.157126E-4        1.011875           0.120978E-4        1.010429
        3.042000           0.157135E-4        1.011876           0.120984E-4        1.010429
        3.044000           0.157143E-4        1.011876           0.120990E-4        1.010429
        3.046000           0.157152E-4        1.011876           0.120996E-4        1.010429
        3.048000           0.157161E-4        1.011876           0.121001E-4        1.010430
        3.050000           0.157169E-4        1.011877           0.121007E-4        1.010430
        3.052000           0.157178E-4        1.011877           0.121013E-4        1.010430
        3.054000           0.157187E-4        1.011877           0.121019E-4        1.010430
        3.056000           0.157195E-4        1.011878           0.121025E-4        1.010431
        3.058000           0.157204E-4        1.011878           0.121031E-4        1.010431
        3.060000           0.157212E-4        1.011878           0.121036E-4        1.010431
        3.062000           0.157221E-4        1.011879           0.121042E-4        1.010431
        3.064000           0.157230E-4        1.011879           0.121048E-4        1.010432
        3.066000           0.157238E-4        1.011879           0.121054E-4        1.010432
        3.068000           0.157247E-4        1.011880           0.121060E-4        1.010432
        3.070000           0.157256E-4        1.011880           0.121066E-4        1.010432
        3.072000           0.157264E-4        1.011880           0.121071E-4        1.010433
        3.074000           0.157273E-4        1.011881           0.121078E-4        1.010433
        3.076000           0.157282E-4        1.011881           0.121083E-4        1.010433
        3.078000           0.157290E-4        1.011881           0.121089E-4        1.010433
        3.080000           0.157299E-4        1.011881           0.121095E-4        1.010434
        3.082000           0.157307E-4        1.011882           0.121101E-4        1.010434
        3.084000           0.157316E-4        1.011882           0.121107E-4        1.010434
        3.086000           0.157325E-4        1.011882           0.121112E-4        1.010434
        3.088000           0.157333E-4        1.011883           0.121118E-4        1.010435
        3.090000           0.157342E-4        1.011883           0.121124E-4        1.010435
        3.092000           0.157351E-4        1.011883           0.121130E-4        1.010435
        3.094000           0.157359E-4        1.011884           0.121136E-4        1.010435
        3.096000           0.157368E-4        1.011884           0.121142E-4        1.010435
        3.098000           0.157377E-4        1.011884           0.121147E-4        1.010436
        3.100000           0.157385E-4        1.011885           0.121153E-4        1.010436
        3.102000           0.157394E-4        1.011885           0.121159E-4        1.010436
        3.104000           0.157403E-4        1.011885           0.121165E-4        1.010436
        3.106000           0.157411E-4        1.011886           0.121171E-4        1.010437
        3.108000           0.157420E-4        1.011886           0.121177E-4        1.010437
        3.110000           0.157428E-4        1.011886           0.121183E-4        1.010437
        3.112000           0.157437E-4        1.011886           0.121188E-4        1.010437
        3.114000           0.157446E-4        1.011887           0.121194E-4        1.010438
        3.116000           0.157454E-4        1.011887           0.121200E-4        1.010438
        3.118000           0.157463E-4        1.011887           0.121206E-4        1.010438
        3.120000           0.157472E-4        1.011888           0.121212E-4        1.010438
        3.122000           0.157480E-4        1.011888           0.121218E-4        1.010439
        3.124000           0.157489E-4        1.011888           0.121223E-4        1.010439
        3.126000           0.157498E-4        1.011889           0.121229E-4        1.010439
        3.128000           0.157506E-4        1.011889           0.121235E-4        1.010439
        3.130000           0.157515E-4        1.011889           0.121241E-4        1.010440
        3.132000           0.157524E-4        1.011890           0.121247E-4        1.010440
        3.134000           0.157532E-4        1.011890           0.121253E-4        1.010440
        3.136000           0.157541E-4        1.011890           0.121259E-4        1.010440
        3.138000           0.157550E-4        1.011891           0.121264E-4        1.010441
        3.140000           0.157558E-4        1.011891           0.121270E-4        1.010441
        3.142000           0.157567E-4        1.011891           0.121276E-4        1.010441
        3.144000           0.157576E-4        1.011891           0.121282E-4        1.010441
        3.146000           0.157584E-4        1.011892           0.121288E-4        1.010442
        3.148000           0.157593E-4        1.011892           0.121294E-4        1.010442
        3.150000           0.157602E-4        1.011892           0.121300E-4        1.010442
        3.152000           0.157610E-4        1.011893           0.121305E-4        1.010442
        3.154000           0.157619E-4        1.011893           0.121311E-4        1.010442
        3.156000           0.157628E-4        1.011893           0.121317E-4        1.010443
        3.158000           0.157636E-4        1.011894           0.121323E-4        1.010443
        3.160000           0.157645E-4        1.011894           0.121329E-4        1.010443
        3.162000           0.157654E-4        1.011894           0.121335E-4        1.010443
        3.164000           0.157662E-4        1.011895           0.121341E-4        1.010444
        3.166000           0.157671E-4        1.011895           0.121346E-4        1.010444
        3.168000           0.157680E-4        1.011895           0.121352E-4        1.010444
        3.170000           0.157688E-4        1.011896           0.121358E-4        1.010444
        3.172000           0.157697E-4        1.011896           0.121364E-4        1.010445
        3.174000           0.157706E-4        1.011896           0.121370E-4        1.010445
        3.176000           0.157714E-4        1.011897           0.121376E-4        1.010445
        3.178000           0.157723E-4        1.011897           0.121382E-4        1.010445
        3.180000           0.157732E-4        1.011897           0.121387E-4        1.010446
        3.182000           0.157740E-4        1.011898           0.121393E-4        1.010446
        3.184000           0.157749E-4        1.011898           0.121399E-4        1.010446
        3.186000           0.157758E-4        1.011898           0.121405E-4        1.010446
        3.188000           0.157766E-4        1.011899           0.121411E-4        1.010447
        3.190000           0.157775E-4        1.011899           0.121417E-4        1.010447
        3.192000           0.157784E-4        1.011899           0.121423E-4        1.010447
        3.194000           0.157793E-4        1.011899           0.121429E-4        1.010447
        3.196000           0.157801E-4        1.011900           0.121434E-4        1.010448
        3.198000           0.157810E-4        1.011900           0.121440E-4        1.010448
        3.200000           0.157819E-4        1.011900           0.121446E-4        1.010448
        3.202000           0.157827E-4        1.011901           0.121452E-4        1.010448
        3.204000           0.157836E-4        1.011901           0.121458E-4        1.010449
        3.206000           0.157845E-4        1.011901           0.121464E-4        1.010449
        3.208000           0.157853E-4        1.011902           0.121470E-4        1.010449
        3.210000           0.157862E-4        1.011902           0.121476E-4        1.010449
        3.212000           0.157871E-4        1.011902           0.121481E-4        1.010450
        3.214000           0.157879E-4        1.011903           0.121487E-4        1.010450
        3.216000           0.157888E-4        1.011903           0.121493E-4        1.010450
        3.218000           0.157897E-4        1.011903           0.121499E-4        1.010450
        3.220000           0.157905E-4        1.011904           0.121505E-4        1.010450
        3.222000           0.157914E-4        1.011904           0.121511E-4        1.010451
        3.224000           0.157923E-4        1.011904           0.121517E-4        1.010451
        3.226000           0.157932E-4        1.011904           0.121523E-4        1.010451
        3.228000           0.157940E-4        1.011905           0.121528E-4        1.010452
        3.230000           0.157949E-4        1.011905           0.121534E-4        1.010452
        3.232000           0.157958E-4        1.011905           0.121540E-4        1.010452
        3.234000           0.157966E-4        1.011906           0.121546E-4        1.010452
        3.236000           0.157975E-4        1.011906           0.121552E-4        1.010453
        3.238000           0.157984E-4        1.011906           0.121558E-4        1.010453
        3.240000           0.157992E-4        1.011907           0.121564E-4        1.010453
        3.242000           0.158001E-4        1.011907           0.121569E-4        1.010453
        3.244000           0.158010E-4        1.011907           0.121575E-4        1.010453
        3.246000           0.158019E-4        1.011908           0.121581E-4        1.010454
        3.248000           0.158027E-4        1.011908           0.121587E-4        1.010454
        3.250000           0.158036E-4        1.011908           0.121593E-4        1.010454
        3.252000           0.158045E-4        1.011909           0.121599E-4        1.010454
        3.254000           0.158053E-4        1.011909           0.121605E-4        1.010455
        3.256000           0.158062E-4        1.011909           0.121611E-4        1.010455
        3.258000           0.158071E-4        1.011909           0.121617E-4        1.010455
        3.260000           0.158079E-4        1.011910           0.121623E-4        1.010455
        3.262000           0.158088E-4        1.011910           0.121628E-4        1.010456
        3.264000           0.158097E-4        1.011910           0.121634E-4        1.010456
        3.266000           0.158106E-4        1.011911           0.121640E-4        1.010456
        3.268000           0.158114E-4        1.011911           0.121646E-4        1.010456
        3.270000           0.158123E-4        1.011911           0.121652E-4        1.010457
        3.272000           0.158132E-4        1.011912           0.121658E-4        1.010457
        3.274000           0.158140E-4        1.011912           0.121664E-4        1.010457
        3.276000           0.158149E-4        1.011912           0.121669E-4        1.010457
        3.278000           0.158158E-4        1.011913           0.121675E-4        1.010458
        3.280000           0.158167E-4        1.011913           0.121681E-4        1.010458
        3.282000           0.158175E-4        1.011913           0.121687E-4        1.010458
        3.284000           0.158184E-4        1.011914           0.121693E-4        1.010458
        3.286000           0.158193E-4        1.011914           0.121699E-4        1.010459
        3.288000           0.158201E-4        1.011914           0.121705E-4        1.010459
        3.290000           0.158210E-4        1.011915           0.121711E-4        1.010459
        3.292000           0.158219E-4        1.011915           0.121717E-4        1.010459
        3.294000           0.158228E-4        1.011915           0.121723E-4        1.010460
        3.296000           0.158236E-4        1.011916           0.121728E-4        1.010460
        3.298000           0.158245E-4        1.011916           0.121734E-4        1.010460
        3.300000           0.158254E-4        1.011916           0.121740E-4        1.010460
        3.302000           0.158262E-4        1.011917           0.121746E-4        1.010460
        3.304000           0.158271E-4        1.011917           0.121752E-4        1.010461
        3.306000           0.158280E-4        1.011917           0.121758E-4        1.010461
        3.308000           0.158289E-4        1.011917           0.121764E-4        1.010461
        3.310000           0.158297E-4        1.011918           0.121770E-4        1.010461
        3.312000           0.158306E-4        1.011918           0.121776E-4        1.010462
        3.314000           0.158315E-4        1.011918           0.121781E-4        1.010462
        3.316000           0.158324E-4        1.011919           0.121787E-4        1.010462
        3.318000           0.158332E-4        1.011919           0.121793E-4        1.010462
        3.320000           0.158341E-4        1.011919           0.121799E-4        1.010463
        3.322000           0.158350E-4        1.011920           0.121805E-4        1.010463
        3.324000           0.158358E-4        1.011920           0.121811E-4        1.010463
        3.326000           0.158367E-4        1.011920           0.121817E-4        1.010463
        3.328000           0.158376E-4        1.011921           0.121823E-4        1.010464
        3.330000           0.158385E-4        1.011921           0.121829E-4        1.010464
        3.332000           0.158393E-4        1.011921           0.121834E-4        1.010464
        3.334000           0.158402E-4        1.011922           0.121840E-4        1.010464
        3.336000           0.158411E-4        1.011922           0.121846E-4        1.010465
        3.338000           0.158420E-4        1.011922           0.121852E-4        1.010465
        3.340000           0.158428E-4        1.011922           0.121858E-4        1.010465
        3.342000           0.158437E-4        1.011923           0.121864E-4        1.010465
        3.344000           0.158446E-4        1.011923           0.121870E-4        1.010466
        3.346000           0.158455E-4        1.011923           0.121876E-4        1.010466
        3.348000           0.158463E-4        1.011924           0.121882E-4        1.010466
        3.350000           0.158472E-4        1.011924           0.121888E-4        1.010466
        3.352000           0.158481E-4        1.011924           0.121893E-4        1.010467
        3.354000           0.158489E-4        1.011925           0.121899E-4        1.010467
        3.356000           0.158498E-4        1.011925           0.121905E-4        1.010467
        3.358000           0.158507E-4        1.011925           0.121911E-4        1.010467
        3.360000           0.158516E-4        1.011926           0.121917E-4        1.010468
        3.362000           0.158524E-4        1.011926           0.121923E-4        1.010468
        3.364000           0.158533E-4        1.011926           0.121929E-4        1.010468
        3.366000           0.158542E-4        1.011927           0.121935E-4        1.010468
        3.368000           0.158551E-4        1.011927           0.121941E-4        1.010468
        3.370000           0.158559E-4        1.011927           0.121947E-4        1.010469
        3.372000           0.158568E-4        1.011928           0.121953E-4        1.010469
        3.374000           0.158577E-4        1.011928           0.121959E-4        1.010469
        3.376000           0.158586E-4        1.011928           0.121964E-4        1.010470
        3.378000           0.158594E-4        1.011929           0.121970E-4        1.010470
        3.380000           0.158603E-4        1.011929           0.121976E-4        1.010470
        3.382000           0.158612E-4        1.011929           0.121982E-4        1.010470
        3.384000           0.158621E-4        1.011930           0.121988E-4        1.010471
        3.386000           0.158629E-4        1.011930           0.121994E-4        1.010471
        3.388000           0.158638E-4        1.011930           0.122000E-4        1.010471
        3.390000           0.158647E-4        1.011930           0.122006E-4        1.010471
        3.392000           0.158656E-4        1.011931           0.122012E-4        1.010471
        3.394000           0.158664E-4        1.011931           0.122017E-4        1.010472
        3.396000           0.158673E-4        1.011931           0.122023E-4        1.010472
        3.398000           0.158682E-4        1.011932           0.122029E-4        1.010472
        3.400000           0.158691E-4        1.011932           0.122035E-4        1.010472
        3.402000           0.158700E-4        1.011932           0.122041E-4        1.010473
        3.404000           0.158708E-4        1.011933           0.122047E-4        1.010473
        3.406000           0.158717E-4        1.011933           0.122053E-4        1.010473
        3.408000           0.158726E-4        1.011933           0.122059E-4        1.010473
        3.410000           0.158735E-4        1.011934           0.122065E-4        1.010474
        3.412000           0.158743E-4        1.011934           0.122071E-4        1.010474
        3.414000           0.158752E-4        1.011934           0.122077E-4        1.010474
        3.416000           0.158761E-4        1.011935           0.122083E-4        1.010474
        3.418000           0.158770E-4        1.011935           0.122089E-4        1.010475
        3.420000           0.158778E-4        1.011935           0.122094E-4        1.010475
        3.422000           0.158787E-4        1.011935           0.122100E-4        1.010475
        3.424000           0.158796E-4        1.011936           0.122106E-4        1.010475
        3.426000           0.158805E-4        1.011936           0.122112E-4        1.010476
        3.428000           0.158813E-4        1.011936           0.122118E-4        1.010476
        3.430000           0.158822E-4        1.011937           0.122124E-4        1.010476
        3.432000           0.158831E-4        1.011937           0.122130E-4        1.010476
        3.434000           0.158840E-4        1.011937           0.122136E-4        1.010477
        3.436000           0.158849E-4        1.011938           0.122142E-4        1.010477
        3.438000           0.158857E-4        1.011938           0.122148E-4        1.010477
        3.440000           0.158866E-4        1.011938           0.122154E-4        1.010477
        3.442000           0.158875E-4        1.011939           0.122160E-4        1.010478
        3.444000           0.158884E-4        1.011939           0.122166E-4        1.010478
        3.446000           0.158892E-4        1.011939           0.122171E-4        1.010478
        3.448000           0.158901E-4        1.011940           0.122177E-4        1.010478
        3.450000           0.158910E-4        1.011940           0.122183E-4        1.010478
        3.452000           0.158919E-4        1.011940           0.122189E-4        1.010479
        3.454000           0.158928E-4        1.011941           0.122195E-4        1.010479
        3.456000           0.158936E-4        1.011941           0.122201E-4        1.010479
        3.458000           0.158945E-4        1.011941           0.122207E-4        1.010480
        3.460000           0.158954E-4        1.011942           0.122213E-4        1.010480
        3.462000           0.158963E-4        1.011942           0.122219E-4        1.010480
        3.464000           0.158971E-4        1.011942           0.122225E-4        1.010480
        3.466000           0.158980E-4        1.011943           0.122231E-4        1.010481
        3.468000           0.158989E-4        1.011943           0.122237E-4        1.010481
        3.470000           0.158998E-4        1.011943           0.122242E-4        1.010481
        3.472000           0.159007E-4        1.011943           0.122249E-4        1.010481
        3.474000           0.159015E-4        1.011944           0.122254E-4        1.010481
        3.476000           0.159024E-4        1.011944           0.122260E-4        1.010482
        3.478000           0.159033E-4        1.011944           0.122266E-4        1.010482
        3.480000           0.159042E-4        1.011945           0.122272E-4        1.010482
        3.482000           0.159050E-4        1.011945           0.122278E-4        1.010482
        3.483999           0.159059E-4        1.011945           0.122284E-4        1.010483
        3.486000           0.159068E-4        1.011946           0.122290E-4        1.010483
        3.488000           0.159077E-4        1.011946           0.122296E-4        1.010483
        3.490000           0.159086E-4        1.011946           0.122302E-4        1.010483
        3.492000           0.159094E-4        1.011947           0.122308E-4        1.010484
        3.493999           0.159103E-4        1.011947           0.122314E-4        1.010484
        3.496000           0.159112E-4        1.011947           0.122320E-4        1.010484
        3.498000           0.159121E-4        1.011948           0.122325E-4        1.010484
        3.500000           0.159130E-4        1.011948           0.122331E-4        1.010485
        3.502000           0.159138E-4        1.011948           0.122337E-4        1.010485
        3.503999           0.159147E-4        1.011949           0.122343E-4        1.010485
        3.506000           0.159156E-4        1.011949           0.122349E-4        1.010485
        3.508000           0.159165E-4        1.011949           0.122355E-4        1.010486
        3.510000           0.159174E-4        1.011950           0.122361E-4        1.010486
        3.512000           0.159182E-4        1.011950           0.122367E-4        1.010486
        3.514000           0.159191E-4        1.011950           0.122373E-4        1.010486
        3.516000           0.159200E-4        1.011950           0.122379E-4        1.010487
        3.518000           0.159209E-4        1.011951           0.122385E-4        1.010487
        3.520000           0.159218E-4        1.011951           0.122391E-4        1.010487
        3.522000           0.159226E-4        1.011951           0.122397E-4        1.010487
        3.524000           0.159235E-4        1.011952           0.122403E-4        1.010488
        3.526000           0.159244E-4        1.011952           0.122409E-4        1.010488
        3.528000           0.159253E-4        1.011952           0.122414E-4        1.010488
        3.530000           0.159262E-4        1.011953           0.122421E-4        1.010488
        3.532000           0.159270E-4        1.011953           0.122427E-4        1.010489
        3.534000           0.159279E-4        1.011953           0.122432E-4        1.010489
        3.536000           0.159288E-4        1.011954           0.122438E-4        1.010489
        3.538000           0.159297E-4        1.011954           0.122444E-4        1.010489
        3.540000           0.159306E-4        1.011954           0.122450E-4        1.010490
        3.542000           0.159315E-4        1.011955           0.122456E-4        1.010490
        3.544000           0.159323E-4        1.011955           0.122462E-4        1.010490
        3.546000           0.159332E-4        1.011955           0.122468E-4        1.010490
        3.548000           0.159341E-4        1.011955           0.122474E-4        1.010491
        3.550000           0.159350E-4        1.011956           0.122480E-4        1.010491
        3.552000           0.159359E-4        1.011956           0.122486E-4        1.010491
        3.554000           0.159367E-4        1.011956           0.122492E-4        1.010491
        3.556000           0.159376E-4        1.011957           0.122498E-4        1.010491
        3.558000           0.159385E-4        1.011957           0.122504E-4        1.010492
        3.560000           0.159394E-4        1.011957           0.122510E-4        1.010492
        3.562000           0.159403E-4        1.011958           0.122516E-4        1.010492
        3.564000           0.159411E-4        1.011958           0.122521E-4        1.010492
        3.566000           0.159420E-4        1.011958           0.122528E-4        1.010493
        3.568000           0.159429E-4        1.011959           0.122533E-4        1.010493
        3.570000           0.159438E-4        1.011959           0.122540E-4        1.010493
        3.572000           0.159447E-4        1.011959           0.122546E-4        1.010494
        3.574000           0.159456E-4        1.011960           0.122551E-4        1.010494
        3.576000           0.159464E-4        1.011960           0.122557E-4        1.010494
        3.578000           0.159473E-4        1.011960           0.122563E-4        1.010494
        3.580000           0.159482E-4        1.011961           0.122569E-4        1.010494
        3.582000           0.159491E-4        1.011961           0.122575E-4        1.010495
        3.584000           0.159500E-4        1.011961           0.122581E-4        1.010495
        3.586000           0.159509E-4        1.011962           0.122587E-4        1.010495
        3.588000           0.159517E-4        1.011962           0.122593E-4        1.010495
        3.590000           0.159526E-4        1.011962           0.122599E-4        1.010496
        3.592000           0.159535E-4        1.011963           0.122605E-4        1.010496
        3.594000           0.159544E-4        1.011963           0.122611E-4        1.010496
        3.596000           0.159553E-4        1.011963           0.122617E-4        1.010496
        3.598000           0.159562E-4        1.011963           0.122623E-4        1.010497
        3.600000           0.159570E-4        1.011964           0.122629E-4        1.010497
        3.602000           0.159579E-4        1.011964           0.122635E-4        1.010497
        3.604000           0.159588E-4        1.011964           0.122641E-4        1.010497
        3.605999           0.159597E-4        1.011965           0.122647E-4        1.010498
        3.608000           0.159606E-4        1.011965           0.122653E-4        1.010498
        3.610000           0.159615E-4        1.011965           0.122659E-4        1.010498
        3.612000           0.159623E-4        1.011966           0.122665E-4        1.010498
        3.614000           0.159632E-4        1.011966           0.122671E-4        1.010499
        3.615999           0.159641E-4        1.011966           0.122677E-4        1.010499
        3.618000           0.159650E-4        1.011967           0.122682E-4        1.010499
        3.620000           0.159659E-4        1.011967           0.122688E-4        1.010499
        3.622000           0.159668E-4        1.011967           0.122694E-4        1.010500
        3.624000           0.159676E-4        1.011968           0.122700E-4        1.010500
        3.625999           0.159685E-4        1.011968           0.122706E-4        1.010500
        3.628000           0.159694E-4        1.011968           0.122712E-4        1.010500
        3.630000           0.159703E-4        1.011969           0.122718E-4        1.010501
        3.632000           0.159712E-4        1.011969           0.122724E-4        1.010501
        3.634000           0.159721E-4        1.011969           0.122730E-4        1.010501
        3.636000           0.159730E-4        1.011970           0.122736E-4        1.010501
        3.638000           0.159738E-4        1.011970           0.122742E-4        1.010502
        3.640000           0.159747E-4        1.011970           0.122748E-4        1.010502
        3.642000           0.159756E-4        1.011971           0.122754E-4        1.010502
        3.644000           0.159765E-4        1.011971           0.122760E-4        1.010502
        3.646000           0.159774E-4        1.011971           0.122766E-4        1.010503
        3.648000           0.159783E-4        1.011971           0.122772E-4        1.010503
        3.650000           0.159791E-4        1.011972           0.122778E-4        1.010503
        3.652000           0.159800E-4        1.011972           0.122784E-4        1.010503
        3.654000           0.159809E-4        1.011972           0.122790E-4        1.010504
        3.656000           0.159818E-4        1.011973           0.122796E-4        1.010504
        3.658000           0.159827E-4        1.011973           0.122802E-4        1.010504
        3.660000           0.159836E-4        1.011973           0.122808E-4        1.010504
        3.662000           0.159845E-4        1.011974           0.122814E-4        1.010504
        3.664000           0.159853E-4        1.011974           0.122820E-4        1.010505
        3.666000           0.159862E-4        1.011974           0.122826E-4        1.010505
        3.668000           0.159871E-4        1.011975           0.122832E-4        1.010505
        3.670000           0.159880E-4        1.011975           0.122838E-4        1.010506
        3.672000           0.159889E-4        1.011975           0.122844E-4        1.010506
        3.674000           0.159898E-4        1.011976           0.122850E-4        1.010506
        3.676000           0.159907E-4        1.011976           0.122855E-4        1.010506
        3.678000           0.159915E-4        1.011976           0.122861E-4        1.010507
        3.680000           0.159924E-4        1.011977           0.122867E-4        1.010507
        3.682000           0.159933E-4        1.011977           0.122874E-4        1.010507
        3.684000           0.159942E-4        1.011977           0.122879E-4        1.010507
        3.686000           0.159951E-4        1.011978           0.122885E-4        1.010507
        3.688000           0.159960E-4        1.011978           0.122891E-4        1.010508
        3.690000           0.159969E-4        1.011978           0.122897E-4        1.010508
        3.692000           0.159978E-4        1.011979           0.122903E-4        1.010508
        3.694000           0.159986E-4        1.011979           0.122909E-4        1.010508
        3.696000           0.159995E-4        1.011979           0.122915E-4        1.010509
        3.698000           0.160004E-4        1.011979           0.122921E-4        1.010509
        3.700000           0.160013E-4        1.011980           0.122927E-4        1.010509
        3.702000           0.160022E-4        1.011980           0.122933E-4        1.010509
        3.704000           0.160031E-4        1.011980           0.122939E-4        1.010510
        3.706000           0.160040E-4        1.011981           0.122945E-4        1.010510
        3.708000           0.160049E-4        1.011981           0.122951E-4        1.010510
        3.710000           0.160057E-4        1.011981           0.122957E-4        1.010510
        3.712000           0.160066E-4        1.011982           0.122963E-4        1.010511
        3.714000           0.160075E-4        1.011982           0.122969E-4        1.010511
        3.716000           0.160084E-4        1.011982           0.122975E-4        1.010511
        3.717999           0.160093E-4        1.011983           0.122981E-4        1.010511
        3.720000           0.160102E-4        1.011983           0.122987E-4        1.010512
        3.722000           0.160111E-4        1.011983           0.122993E-4        1.010512
        3.724000           0.160120E-4        1.011984           0.122999E-4        1.010512
        3.726000           0.160128E-4        1.011984           0.123005E-4        1.010512
        3.727999           0.160137E-4        1.011984           0.123011E-4        1.010513
        3.730000           0.160146E-4        1.011985           0.123017E-4        1.010513
        3.732000           0.160155E-4        1.011985           0.123023E-4        1.010513
        3.734000           0.160164E-4        1.011985           0.123029E-4        1.010513
        3.736000           0.160173E-4        1.011986           0.123035E-4        1.010514
        3.737999           0.160182E-4        1.011986           0.123041E-4        1.010514
        3.740000           0.160191E-4        1.011986           0.123047E-4        1.010514
        3.742000           0.160199E-4        1.011986           0.123053E-4        1.010514
        3.744000           0.160208E-4        1.011987           0.123059E-4        1.010515
        3.746000           0.160217E-4        1.011987           0.123065E-4        1.010515
        3.748000           0.160226E-4        1.011987           0.123071E-4        1.010515
        3.750000           0.160235E-4        1.011988           0.123077E-4        1.010515
        3.752000           0.160244E-4        1.011988           0.123083E-4        1.010516
        3.754000           0.160253E-4        1.011988           0.123089E-4        1.010516
        3.756000           0.160262E-4        1.011989           0.123095E-4        1.010516
        3.758000           0.160271E-4        1.011989           0.123101E-4        1.010516
        3.760000           0.160280E-4        1.011989           0.123107E-4        1.010517
        3.762000           0.160288E-4        1.011990           0.123113E-4        1.010517
        3.764000           0.160297E-4        1.011990           0.123119E-4        1.010517
        3.766000           0.160306E-4        1.011990           0.123125E-4        1.010517
        3.768000           0.160315E-4        1.011991           0.123131E-4        1.010518
        3.770000           0.160324E-4        1.011991           0.123137E-4        1.010518
        3.772000           0.160333E-4        1.011991           0.123143E-4        1.010518
        3.774000           0.160342E-4        1.011992           0.123149E-4        1.010518
        3.776000           0.160351E-4        1.011992           0.123155E-4        1.010519
        3.778000           0.160360E-4        1.011992           0.123161E-4        1.010519
        3.780000           0.160368E-4        1.011993           0.123167E-4        1.010519
        3.782000           0.160377E-4        1.011993           0.123173E-4        1.010519
        3.784000           0.160386E-4        1.011993           0.123179E-4        1.010520
        3.786000           0.160395E-4        1.011994           0.123185E-4        1.010520
        3.788000           0.160404E-4        1.011994           0.123191E-4        1.010520
        3.790000           0.160413E-4        1.011994           0.123197E-4        1.010520
        3.792000           0.160422E-4        1.011995           0.123203E-4        1.010520
        3.794000           0.160431E-4        1.011995           0.123209E-4        1.010521
        3.796000           0.160440E-4        1.011995           0.123215E-4        1.010521
        3.798000           0.160449E-4        1.011996           0.123221E-4        1.010521
        3.800000           0.160458E-4        1.011996           0.123227E-4        1.010522
        3.802000           0.160466E-4        1.011996           0.123233E-4        1.010522
        3.804000           0.160475E-4        1.011997           0.123239E-4        1.010522
        3.806000           0.160484E-4        1.011997           0.123245E-4        1.010522
        3.808000           0.160493E-4        1.011997           0.123251E-4        1.010522
        3.810000           0.160502E-4        1.011997           0.123257E-4        1.010523
        3.812000           0.160511E-4        1.011998           0.123263E-4        1.010523
        3.814000           0.160520E-4        1.011998           0.123269E-4        1.010523
        3.816000           0.160529E-4        1.011998           0.123275E-4        1.010523
        3.818000           0.160538E-4        1.011999           0.123281E-4        1.010524
        3.820000           0.160547E-4        1.011999           0.123287E-4        1.010524
        3.822000           0.160556E-4        1.011999           0.123293E-4        1.010524
        3.824000           0.160565E-4        1.012000           0.123299E-4        1.010525
        3.826000           0.160573E-4        1.012000           0.123305E-4        1.010525
        3.828000           0.160582E-4        1.012000           0.123311E-4        1.010525
        3.830000           0.160591E-4        1.012001           0.123317E-4        1.010525
        3.832000           0.160600E-4        1.012001           0.123323E-4        1.010525
        3.834000           0.160609E-4        1.012001           0.123329E-4        1.010526
        3.836000           0.160618E-4        1.012002           0.123335E-4        1.010526
        3.838000           0.160627E-4        1.012002           0.123341E-4        1.010526
        3.839999           0.160636E-4        1.012002           0.123347E-4        1.010526
        3.842000           0.160645E-4        1.012003           0.123353E-4        1.010527
        3.844000           0.160654E-4        1.012003           0.123359E-4        1.010527
        3.846000           0.160663E-4        1.012003           0.123365E-4        1.010527
        3.848000           0.160672E-4        1.012004           0.123371E-4        1.010527
        3.849999           0.160681E-4        1.012004           0.123377E-4        1.010528
        3.852000           0.160689E-4        1.012004           0.123383E-4        1.010528
        3.854000           0.160698E-4        1.012004           0.123389E-4        1.010528
        3.856000           0.160707E-4        1.012005           0.123395E-4        1.010528
        3.858000           0.160716E-4        1.012005           0.123401E-4        1.010529
        3.860000           0.160725E-4        1.012005           0.123407E-4        1.010529
        3.862000           0.160734E-4        1.012006           0.123413E-4        1.010529
        3.864000           0.160743E-4        1.012006           0.123419E-4        1.010529
        3.866000           0.160752E-4        1.012006           0.123425E-4        1.010530
        3.868000           0.160761E-4        1.012007           0.123431E-4        1.010530
        3.870000           0.160770E-4        1.012007           0.123437E-4        1.010530
        3.872000           0.160779E-4        1.012007           0.123443E-4        1.010530
        3.874000           0.160788E-4        1.012008           0.123449E-4        1.010531
        3.876000           0.160797E-4        1.012008           0.123455E-4        1.010531
        3.878000           0.160806E-4        1.012008           0.123461E-4        1.010531
        3.880000           0.160815E-4        1.012009           0.123467E-4        1.010531
        3.882000           0.160824E-4        1.012009           0.123473E-4        1.010532
        3.884000           0.160832E-4        1.012009           0.123479E-4        1.010532
        3.886000           0.160841E-4        1.012010           0.123485E-4        1.010532
        3.888000           0.160850E-4        1.012010           0.123491E-4        1.010532
        3.890000           0.160859E-4        1.012010           0.123497E-4        1.010533
        3.892000           0.160868E-4        1.012011           0.123503E-4        1.010533
        3.894000           0.160877E-4        1.012011           0.123510E-4        1.010533
        3.896000           0.160886E-4        1.012011           0.123516E-4        1.010533
        3.898000           0.160895E-4        1.012012           0.123522E-4        1.010534
        3.900000           0.160904E-4        1.012012           0.123528E-4        1.010534
        3.902000           0.160913E-4        1.012012           0.123533E-4        1.010534
        3.904000           0.160922E-4        1.012013           0.123540E-4        1.010534
        3.906000           0.160931E-4        1.012013           0.123546E-4        1.010535
        3.908000           0.160940E-4        1.012013           0.123552E-4        1.010535
        3.910000           0.160949E-4        1.012014           0.123558E-4        1.010535
        3.912000           0.160958E-4        1.012014           0.123564E-4        1.010535
        3.914000           0.160967E-4        1.012014           0.123570E-4        1.010536
        3.916000           0.160976E-4        1.012015           0.123576E-4        1.010536
        3.918000           0.160985E-4        1.012015           0.123582E-4        1.010536
        3.920000           0.160994E-4        1.012015           0.123588E-4        1.010536
        3.922000           0.161002E-4        1.012015           0.123594E-4        1.010537
        3.924000           0.161011E-4        1.012016           0.123600E-4        1.010537
        3.926000           0.161020E-4        1.012016           0.123606E-4        1.010537
        3.928000           0.161029E-4        1.012016           0.123612E-4        1.010537
        3.930000           0.161038E-4        1.012017           0.123618E-4        1.010538
        3.932000           0.161047E-4        1.012017           0.123624E-4        1.010538
        3.934000           0.161056E-4        1.012017           0.123630E-4        1.010538
        3.936000           0.161065E-4        1.012018           0.123636E-4        1.010538
        3.938000           0.161074E-4        1.012018           0.123642E-4        1.010539
        3.940000           0.161083E-4        1.012018           0.123648E-4        1.010539
        3.942000           0.161092E-4        1.012019           0.123654E-4        1.010539
        3.944000           0.161101E-4        1.012019           0.123660E-4        1.010539
        3.946000           0.161110E-4        1.012019           0.123666E-4        1.010540
        3.948000           0.161119E-4        1.012020           0.123672E-4        1.010540
        3.950000           0.161128E-4        1.012020           0.123678E-4        1.010540
        3.951999           0.161137E-4        1.012020           0.123684E-4        1.010540
        3.954000           0.161146E-4        1.012021           0.123690E-4        1.010540
        3.956000           0.161155E-4        1.012021           0.123696E-4        1.010541
        3.958000           0.161164E-4        1.012021           0.123702E-4        1.010541
        3.960000           0.161173E-4        1.012022           0.123708E-4        1.010541
        3.961999           0.161182E-4        1.012022           0.123715E-4        1.010542
        3.964000           0.161191E-4        1.012022           0.123721E-4        1.010542
        3.966000           0.161200E-4        1.012022           0.123727E-4        1.010542
        3.968000           0.161209E-4        1.012023           0.123733E-4        1.010542
        3.970000           0.161218E-4        1.012023           0.123739E-4        1.010543
        3.972000           0.161227E-4        1.012023           0.123745E-4        1.010543
        3.974000           0.161236E-4        1.012024           0.123751E-4        1.010543
        3.976000           0.161245E-4        1.012024           0.123757E-4        1.010543
        3.978000           0.161254E-4        1.012025           0.123763E-4        1.010543
        3.980000           0.161263E-4        1.012025           0.123769E-4        1.010544
        3.982000           0.161272E-4        1.012025           0.123775E-4        1.010544
        3.984000           0.161280E-4        1.012025           0.123781E-4        1.010544
        3.986000           0.161289E-4        1.012026           0.123787E-4        1.010544
        3.988000           0.161298E-4        1.012026           0.123793E-4        1.010545
        3.990000           0.161307E-4        1.012026           0.123799E-4        1.010545
        3.992000           0.161316E-4        1.012027           0.123805E-4        1.010545
        3.994000           0.161325E-4        1.012027           0.123811E-4        1.010545
        3.996000           0.161334E-4        1.012027           0.123817E-4        1.010546
        3.998000           0.161343E-4        1.012028           0.123823E-4        1.010546
        4.000000           0.161352E-4        1.012028           0.123829E-4        1.010546
        4.002000           0.161361E-4        1.012028           0.123836E-4        1.010546
        4.004000           0.161370E-4        1.012029           0.123842E-4        1.010547
        4.006000           0.161379E-4        1.012029           0.123848E-4        1.010547
        4.008000           0.161388E-4        1.012029           0.123854E-4        1.010547
        4.010000           0.161397E-4        1.012030           0.123860E-4        1.010547
        4.012000           0.161406E-4        1.012030           0.123866E-4        1.010548
        4.013999           0.161415E-4        1.012030           0.123872E-4        1.010548
        4.016000           0.161424E-4        1.012031           0.123878E-4        1.010548
        4.018000           0.161433E-4        1.012031           0.123884E-4        1.010548
        4.020000           0.161442E-4        1.012031           0.123890E-4        1.010549
        4.022000           0.161451E-4        1.012032           0.123896E-4        1.010549
        4.024000           0.161460E-4        1.012032           0.123902E-4        1.010549
        4.026000           0.161469E-4        1.012032           0.123908E-4        1.010549
        4.028000           0.161478E-4        1.012033           0.123914E-4        1.010550
        4.030000           0.161487E-4        1.012033           0.123920E-4        1.010550
        4.032000           0.161496E-4        1.012033           0.123926E-4        1.010550
        4.033999           0.161505E-4        1.012033           0.123932E-4        1.010550
        4.036000           0.161514E-4        1.012034           0.123938E-4        1.010551
        4.038000           0.161523E-4        1.012034           0.123944E-4        1.010551
        4.040000           0.161532E-4        1.012034           0.123950E-4        1.010551
        4.042000           0.161541E-4        1.012035           0.123956E-4        1.010551
        4.044000           0.161550E-4        1.012035           0.123963E-4        1.010552
        4.046000           0.161559E-4        1.012035           0.123968E-4        1.010552
        4.048000           0.161568E-4        1.012036           0.123975E-4        1.010552
        4.050000           0.161577E-4        1.012036           0.123981E-4        1.010552
        4.052000           0.161586E-4        1.012036           0.123987E-4        1.010553
        4.053999           0.161595E-4        1.012037           0.123993E-4        1.010553
        4.056000           0.161604E-4        1.012037           0.123999E-4        1.010553
        4.058000           0.161613E-4        1.012037           0.124005E-4        1.010553
        4.060000           0.161622E-4        1.012038           0.124011E-4        1.010554
        4.062000           0.161631E-4        1.012038           0.124017E-4        1.010554
        4.064000           0.161640E-4        1.012038           0.124023E-4        1.010554
        4.066000           0.161649E-4        1.012039           0.124029E-4        1.010554
        4.068000           0.161658E-4        1.012039           0.124035E-4        1.010555
        4.070000           0.161667E-4        1.012039           0.124041E-4        1.010555
        4.072000           0.161676E-4        1.012040           0.124047E-4        1.010555
        4.073999           0.161685E-4        1.012040           0.124053E-4        1.010555
        4.076000           0.161694E-4        1.012040           0.124059E-4        1.010556
        4.078000           0.161703E-4        1.012041           0.124066E-4        1.010556
        4.080000           0.161712E-4        1.012041           0.124072E-4        1.010556
        4.082000           0.161721E-4        1.012041           0.124078E-4        1.010556
        4.084000           0.161730E-4        1.012042           0.124084E-4        1.010557
        4.085999           0.161739E-4        1.012042           0.124090E-4        1.010557
        4.087999           0.161748E-4        1.012042           0.124096E-4        1.010557
        4.090000           0.161758E-4        1.012043           0.124102E-4        1.010557
        4.092000           0.161767E-4        1.012043           0.124108E-4        1.010558
        4.094000           0.161776E-4        1.012043           0.124114E-4        1.010558
        4.096000           0.161785E-4        1.012043           0.124120E-4        1.010558
        4.098000           0.161794E-4        1.012044           0.124126E-4        1.010558
        4.100000           0.161803E-4        1.012044           0.124132E-4        1.010559
        4.102000           0.161812E-4        1.012045           0.124138E-4        1.010559
        4.104000           0.161821E-4        1.012045           0.124144E-4        1.010559
        4.105999           0.161830E-4        1.012045           0.124151E-4        1.010559
        4.107999           0.161839E-4        1.012046           0.124157E-4        1.010560
        4.110000           0.161848E-4        1.012046           0.124163E-4        1.010560
        4.112000           0.161857E-4        1.012046           0.124169E-4        1.010560
        4.114000           0.161866E-4        1.012046           0.124175E-4        1.010560
        4.116000           0.161875E-4        1.012047           0.124181E-4        1.010561
        4.118000           0.161884E-4        1.012047           0.124187E-4        1.010561
        4.120000           0.161893E-4        1.012047           0.124193E-4        1.010561
        4.122000           0.161902E-4        1.012048           0.124199E-4        1.010561
        4.124000           0.161911E-4        1.012048           0.124205E-4        1.010562
        4.125999           0.161920E-4        1.012048           0.124211E-4        1.010562
        4.128000           0.161929E-4        1.012049           0.124217E-4        1.010562
        4.130000           0.161938E-4        1.012049           0.124223E-4        1.010562
        4.131999           0.161947E-4        1.012049           0.124230E-4        1.010563
        4.134000           0.161956E-4        1.012050           0.124236E-4        1.010563
        4.136000           0.161965E-4        1.012050           0.124242E-4        1.010563
        4.138000           0.161974E-4        1.012050           0.124248E-4        1.010563
        4.140000           0.161983E-4        1.012051           0.124254E-4        1.010564
        4.142000           0.161992E-4        1.012051           0.124260E-4        1.010564
        4.144000           0.162001E-4        1.012051           0.124266E-4        1.010564
        4.145999           0.162010E-4        1.012052           0.124272E-4        1.010564
        4.148000           0.162019E-4        1.012052           0.124278E-4        1.010565
        4.150000           0.162028E-4        1.012052           0.124284E-4        1.010565
        4.151999           0.162038E-4        1.012053           0.124290E-4        1.010565
        4.154000           0.162047E-4        1.012053           0.124296E-4        1.010565
        4.156000           0.162056E-4        1.012053           0.124302E-4        1.010566
        4.158000           0.162065E-4        1.012054           0.124309E-4        1.010566
        4.160000           0.162074E-4        1.012054           0.124315E-4        1.010566
        4.162000           0.162083E-4        1.012054           0.124321E-4        1.010566
        4.164000           0.162092E-4        1.012055           0.124327E-4        1.010567
        4.165999           0.162101E-4        1.012055           0.124333E-4        1.010567
        4.168000           0.162110E-4        1.012055           0.124339E-4        1.010567
        4.170000           0.162119E-4        1.012056           0.124345E-4        1.010567
        4.172000           0.162128E-4        1.012056           0.124351E-4        1.010568
        4.174000           0.162137E-4        1.012056           0.124357E-4        1.010568
        4.176000           0.162146E-4        1.012056           0.124363E-4        1.010568
        4.178000           0.162155E-4        1.012057           0.124369E-4        1.010568
        4.180000           0.162164E-4        1.012057           0.124375E-4        1.010568
        4.182000           0.162173E-4        1.012057           0.124382E-4        1.010569
        4.184000           0.162182E-4        1.012058           0.124388E-4        1.010569
        4.185999           0.162191E-4        1.012058           0.124394E-4        1.010569
        4.188000           0.162200E-4        1.012058           0.124400E-4        1.010570
        4.190000           0.162210E-4        1.012059           0.124406E-4        1.010570
        4.192000           0.162219E-4        1.012059           0.124412E-4        1.010570
        4.194000           0.162228E-4        1.012059           0.124418E-4        1.010570
        4.196000           0.162237E-4        1.012060           0.124424E-4        1.010571
        4.198000           0.162246E-4        1.012060           0.124430E-4        1.010571
        4.199999           0.162255E-4        1.012060           0.124436E-4        1.010571
        4.202000           0.162264E-4        1.012061           0.124442E-4        1.010571
        4.204000           0.162273E-4        1.012061           0.124449E-4        1.010571
        4.206000           0.162282E-4        1.012061           0.124455E-4        1.010572
        4.208000           0.162291E-4        1.012062           0.124461E-4        1.010572
        4.210000           0.162300E-4        1.012062           0.124467E-4        1.010572
        4.212000           0.162309E-4        1.012062           0.124473E-4        1.010573
        4.214000           0.162318E-4        1.012063           0.124479E-4        1.010573
        4.216000           0.162327E-4        1.012063           0.124485E-4        1.010573
        4.217999           0.162336E-4        1.012063           0.124491E-4        1.010573
        4.219999           0.162346E-4        1.012064           0.124497E-4        1.010574
        4.222000           0.162355E-4        1.012064           0.124503E-4        1.010574
        4.224000           0.162364E-4        1.012064           0.124510E-4        1.010574
        4.226000           0.162373E-4        1.012065           0.124516E-4        1.010574
        4.228000           0.162382E-4        1.012065           0.124522E-4        1.010575
        4.230000           0.162391E-4        1.012065           0.124528E-4        1.010575
        4.232000           0.162400E-4        1.012066           0.124534E-4        1.010575
        4.234000           0.162409E-4        1.012066           0.124540E-4        1.010575
        4.236000           0.162418E-4        1.012066           0.124546E-4        1.010576
        4.237999           0.162427E-4        1.012067           0.124553E-4        1.010576
        4.240000           0.162436E-4        1.012067           0.124559E-4        1.010576
        4.242000           0.162445E-4        1.012067           0.124565E-4        1.010576
        4.243999           0.162454E-4        1.012068           0.124571E-4        1.010576
        4.246000           0.162464E-4        1.012068           0.124577E-4        1.010577
        4.248000           0.162473E-4        1.012068           0.124583E-4        1.010577
        4.250000           0.162482E-4        1.012069           0.124589E-4        1.010577
        4.252000           0.162491E-4        1.012069           0.124595E-4        1.010578
        4.254000           0.162500E-4        1.012069           0.124601E-4        1.010578
        4.256000           0.162509E-4        1.012069           0.124607E-4        1.010578
        4.257999           0.162518E-4        1.012070           0.124613E-4        1.010578
        4.260000           0.162527E-4        1.012070           0.124620E-4        1.010579
        4.262000           0.162536E-4        1.012070           0.124626E-4        1.010579
        4.263999           0.162545E-4        1.012071           0.124632E-4        1.010579
        4.266000           0.162554E-4        1.012071           0.124638E-4        1.010579
        4.268000           0.162564E-4        1.012071           0.124644E-4        1.010579
        4.270000           0.162573E-4        1.012072           0.124650E-4        1.010580
        4.272000           0.162582E-4        1.012072           0.124656E-4        1.010580
        4.274000           0.162591E-4        1.012072           0.124662E-4        1.010580
        4.276000           0.162600E-4        1.012073           0.124668E-4        1.010581
        4.277999           0.162609E-4        1.012073           0.124674E-4        1.010581
        4.280000           0.162618E-4        1.012073           0.124681E-4        1.010581
        4.282000           0.162627E-4        1.012074           0.124687E-4        1.010581
        4.284000           0.162636E-4        1.012074           0.124693E-4        1.010581
        4.286000           0.162645E-4        1.012074           0.124699E-4        1.010582
        4.288000           0.162654E-4        1.012075           0.124705E-4        1.010582
        4.290000           0.162664E-4        1.012075           0.124711E-4        1.010582
        4.292000           0.162673E-4        1.012075           0.124717E-4        1.010582
        4.294000           0.162682E-4        1.012076           0.124723E-4        1.010583
        4.296000           0.162691E-4        1.012076           0.124730E-4        1.010583
        4.297999           0.162700E-4        1.012076           0.124736E-4        1.010583
        4.300000           0.162709E-4        1.012077           0.124742E-4        1.010584
        4.302000           0.162718E-4        1.012077           0.124748E-4        1.010584
        4.304000           0.162727E-4        1.012077           0.124754E-4        1.010584
        4.306000           0.162736E-4        1.012078           0.124760E-4        1.010584
        4.308000           0.162745E-4        1.012078           0.124766E-4        1.010584
        4.310000           0.162755E-4        1.012078           0.124772E-4        1.010585
        4.311999           0.162764E-4        1.012079           0.124778E-4        1.010585
        4.314000           0.162773E-4        1.012079           0.124785E-4        1.010585
        4.316000           0.162782E-4        1.012079           0.124791E-4        1.010586
        4.318000           0.162791E-4        1.012080           0.124797E-4        1.010586
        4.320000           0.162800E-4        1.012080           0.124803E-4        1.010586
        4.322000           0.162809E-4        1.012080           0.124809E-4        1.010586
        4.324000           0.162818E-4        1.012081           0.124815E-4        1.010587
        4.326000           0.162827E-4        1.012081           0.124821E-4        1.010587
        4.328000           0.162837E-4        1.012081           0.124827E-4        1.010587
        4.329999           0.162846E-4        1.012082           0.124834E-4        1.010587
        4.331999           0.162855E-4        1.012082           0.124840E-4        1.010587
        4.334000           0.162864E-4        1.012082           0.124846E-4        1.010588
        4.335999           0.162873E-4        1.012082           0.124852E-4        1.010588
        4.338000           0.162882E-4        1.012083           0.124858E-4        1.010588
        4.340000           0.162891E-4        1.012083           0.124864E-4        1.010589
        4.342000           0.162900E-4        1.012083           0.124870E-4        1.010589
        4.344000           0.162910E-4        1.012084           0.124876E-4        1.010589
        4.346000           0.162919E-4        1.012084           0.124883E-4        1.010589
        4.348000           0.162928E-4        1.012084           0.124889E-4        1.010589
        4.349999           0.162937E-4        1.012085           0.124895E-4        1.010590
        4.352000           0.162946E-4        1.012085           0.124901E-4        1.010590
        4.354000           0.162955E-4        1.012085           0.124907E-4        1.010590
        4.355999           0.162964E-4        1.012086           0.124913E-4        1.010590
        4.358000           0.162973E-4        1.012086           0.124919E-4        1.010591
        4.360000           0.162982E-4        1.012086           0.124925E-4        1.010591
        4.362000           0.162992E-4        1.012087           0.124931E-4        1.010591
        4.364000           0.163001E-4        1.012087           0.124937E-4        1.010592
        4.366000           0.163010E-4        1.012087           0.124944E-4        1.010592
        4.368000           0.163019E-4        1.012088           0.124950E-4        1.010592
        4.369999           0.163028E-4        1.012088           0.124956E-4        1.010592
        4.372000           0.163037E-4        1.012088           0.124962E-4        1.010592
        4.374000           0.163046E-4        1.012089           0.124968E-4        1.010593
        4.375999           0.163056E-4        1.012089           0.124974E-4        1.010593
        4.378000           0.163065E-4        1.012089           0.124981E-4        1.010593
        4.380000           0.163074E-4        1.012090           0.124987E-4        1.010594
        4.382000           0.163083E-4        1.012090           0.124993E-4        1.010594
        4.384000           0.163092E-4        1.012090           0.124999E-4        1.010594
        4.386000           0.163101E-4        1.012091           0.125005E-4        1.010594
        4.388000           0.163110E-4        1.012091           0.125011E-4        1.010594
        4.389999           0.163119E-4        1.012091           0.125018E-4        1.010595
        4.392000           0.163129E-4        1.012092           0.125024E-4        1.010595
        4.394000           0.163138E-4        1.012092           0.125030E-4        1.010595
        4.396000           0.163147E-4        1.012092           0.125036E-4        1.010595
        4.398000           0.163156E-4        1.012093           0.125042E-4        1.010596
        4.400000           0.163165E-4        1.012093           0.125048E-4        1.010596
        4.402000           0.163174E-4        1.012093           0.125054E-4        1.010596
        4.404000           0.163183E-4        1.012094           0.125060E-4        1.010597
        4.406000           0.163193E-4        1.012094           0.125067E-4        1.010597
        4.408000           0.163202E-4        1.012094           0.125073E-4        1.010597
        4.409999           0.163211E-4        1.012094           0.125079E-4        1.010597
        4.412000           0.163220E-4        1.012095           0.125085E-4        1.010597
        4.414000           0.163229E-4        1.012095           0.125091E-4        1.010598
        4.416000           0.163238E-4        1.012096           0.125097E-4        1.010598
        4.418000           0.163247E-4        1.012096           0.125104E-4        1.010598
        4.420000           0.163257E-4        1.012096           0.125110E-4        1.010599
        4.422000           0.163266E-4        1.012097           0.125116E-4        1.010599
        4.423999           0.163275E-4        1.012097           0.125122E-4        1.010599
        4.426000           0.163284E-4        1.012097           0.125128E-4        1.010599
        4.427999           0.163293E-4        1.012097           0.125134E-4        1.010599
        4.430000           0.163302E-4        1.012098           0.125140E-4        1.010600
        4.432000           0.163312E-4        1.012098           0.125147E-4        1.010600
        4.434000           0.163321E-4        1.012098           0.125153E-4        1.010600
        4.436000           0.163330E-4        1.012099           0.125159E-4        1.010600
        4.438000           0.163339E-4        1.012099           0.125165E-4        1.010601
        4.440000           0.163348E-4        1.012100           0.125171E-4        1.010601
        4.441999           0.163357E-4        1.012100           0.125177E-4        1.010601
        4.443999           0.163366E-4        1.012100           0.125183E-4        1.010602
        4.446000           0.163376E-4        1.012100           0.125190E-4        1.010602
        4.447999           0.163385E-4        1.012101           0.125196E-4        1.010602
        4.450000           0.163394E-4        1.012101           0.125202E-4        1.010602
        4.452000           0.163403E-4        1.012101           0.125208E-4        1.010602
        4.454000           0.163412E-4        1.012102           0.125214E-4        1.010603
        4.456000           0.163421E-4        1.012102           0.125220E-4        1.010603
        4.458000           0.163431E-4        1.012102           0.125226E-4        1.010603
        4.460000           0.163440E-4        1.012103           0.125233E-4        1.010603
        4.461999           0.163449E-4        1.012103           0.125239E-4        1.010604
        4.464000           0.163458E-4        1.012103           0.125245E-4        1.010604
        4.466000           0.163467E-4        1.012104           0.125251E-4        1.010604
        4.467999           0.163476E-4        1.012104           0.125257E-4        1.010605
        4.470000           0.163486E-4        1.012104           0.125263E-4        1.010605
        4.472000           0.163495E-4        1.012105           0.125269E-4        1.010605
        4.474000           0.163504E-4        1.012105           0.125276E-4        1.010605
        4.476000           0.163513E-4        1.012105           0.125282E-4        1.010605
        4.478000           0.163522E-4        1.012106           0.125288E-4        1.010606
        4.480000           0.163531E-4        1.012106           0.125294E-4        1.010606
        4.481999           0.163541E-4        1.012106           0.125300E-4        1.010606
        4.484000           0.163550E-4        1.012107           0.125306E-4        1.010607
        4.486000           0.163559E-4        1.012107           0.125313E-4        1.010607
        4.487999           0.163568E-4        1.012107           0.125319E-4        1.010607
        4.490000           0.163577E-4        1.012108           0.125325E-4        1.010607
        4.492000           0.163587E-4        1.012108           0.125331E-4        1.010607
        4.494000           0.163596E-4        1.012108           0.125337E-4        1.010608
        4.496000           0.163605E-4        1.012109           0.125343E-4        1.010608
        4.498000           0.163614E-4        1.012109           0.125350E-4        1.010608
        4.500000           0.163623E-4        1.012109           0.125356E-4        1.010609
        4.501999           0.163632E-4        1.012110           0.125362E-4        1.010609
        4.504000           0.163642E-4        1.012110           0.125368E-4        1.010609
        4.506000           0.163651E-4        1.012110           0.125374E-4        1.010609
        4.508000           0.163660E-4        1.012111           0.125380E-4        1.010610
        4.510000           0.163669E-4        1.012111           0.125387E-4        1.010610
        4.512000           0.163678E-4        1.012111           0.125393E-4        1.010610
        4.514000           0.163687E-4        1.012112           0.125399E-4        1.010610
        4.516000           0.163697E-4        1.012112           0.125405E-4        1.010610
        4.518000           0.163706E-4        1.012112           0.125411E-4        1.010611
        4.520000           0.163715E-4        1.012112           0.125417E-4        1.010611
        4.521999           0.163724E-4        1.012113           0.125424E-4        1.010611
        4.524000           0.163733E-4        1.012113           0.125430E-4        1.010612
        4.526000           0.163743E-4        1.012114           0.125436E-4        1.010612
        4.528000           0.163752E-4        1.012114           0.125442E-4        1.010612
        4.530000           0.163761E-4        1.012114           0.125448E-4        1.010612
        4.532000           0.163770E-4        1.012115           0.125454E-4        1.010612
        4.534000           0.163779E-4        1.012115           0.125461E-4        1.010613
        4.535999           0.163789E-4        1.012115           0.125467E-4        1.010613
        4.538000           0.163798E-4        1.012115           0.125473E-4        1.010613
        4.539999           0.163807E-4        1.012116           0.125479E-4        1.010614
        4.542000           0.163816E-4        1.012116           0.125485E-4        1.010614
        4.544000           0.163825E-4        1.012116           0.125492E-4        1.010614
        4.546000           0.163835E-4        1.012117           0.125498E-4        1.010614
        4.548000           0.163844E-4        1.012117           0.125504E-4        1.010615
        4.550000           0.163853E-4        1.012117           0.125510E-4        1.010615
        4.552000           0.163862E-4        1.012118           0.125516E-4        1.010615
        4.553999           0.163871E-4        1.012118           0.125522E-4        1.010615
        4.555999           0.163881E-4        1.012118           0.125529E-4        1.010615
        4.558000           0.163890E-4        1.012119           0.125535E-4        1.010616
        4.559999           0.163899E-4        1.012119           0.125541E-4        1.010616
        4.562000           0.163908E-4        1.012119           0.125547E-4        1.010616
        4.564000           0.163917E-4        1.012120           0.125553E-4        1.010617
        4.566000           0.163927E-4        1.012120           0.125559E-4        1.010617
        4.568000           0.163936E-4        1.012120           0.125566E-4        1.010617
        4.570000           0.163945E-4        1.012121           0.125572E-4        1.010617
        4.572000           0.163954E-4        1.012121           0.125578E-4        1.010617
        4.573999           0.163963E-4        1.012121           0.125584E-4        1.010618
        4.576000           0.163973E-4        1.012122           0.125590E-4        1.010618
        4.578000           0.163982E-4        1.012122           0.125597E-4        1.010618
        4.579999           0.163991E-4        1.012122           0.125603E-4        1.010619
        4.582000           0.164000E-4        1.012123           0.125609E-4        1.010619
        4.584000           0.164010E-4        1.012123           0.125615E-4        1.010619
        4.586000           0.164019E-4        1.012123           0.125621E-4        1.010619
        4.588000           0.164028E-4        1.012124           0.125627E-4        1.010620
        4.590000           0.164037E-4        1.012124           0.125634E-4        1.010620
        4.592000           0.164046E-4        1.012124           0.125640E-4        1.010620
        4.593999           0.164056E-4        1.012125           0.125646E-4        1.010620
        4.596000           0.164065E-4        1.012125           0.125652E-4        1.010621
        4.598000           0.164074E-4        1.012125           0.125658E-4        1.010621
        4.599999           0.164083E-4        1.012126           0.125664E-4        1.010621
        4.602000           0.164092E-4        1.012126           0.125671E-4        1.010621
        4.604000           0.164102E-4        1.012126           0.125677E-4        1.010622
        4.606000           0.164111E-4        1.012127           0.125683E-4        1.010622
        4.608000           0.164120E-4        1.012127           0.125689E-4        1.010622
        4.610000           0.164129E-4        1.012127           0.125695E-4        1.010622
        4.612000           0.164139E-4        1.012128           0.125702E-4        1.010623
        4.613999           0.164148E-4        1.012128           0.125708E-4        1.010623
        4.616000           0.164157E-4        1.012128           0.125714E-4        1.010623
        4.618000           0.164166E-4        1.012129           0.125720E-4        1.010623
        4.620000           0.164176E-4        1.012129           0.125727E-4        1.010624
        4.622000           0.164185E-4        1.012129           0.125733E-4        1.010624
        4.624000           0.164194E-4        1.012130           0.125739E-4        1.010624
        4.626000           0.164203E-4        1.012130           0.125745E-4        1.010624
        4.628000           0.164213E-4        1.012130           0.125751E-4        1.010625
        4.630000           0.164222E-4        1.012131           0.125757E-4        1.010625
        4.631999           0.164231E-4        1.012131           0.125764E-4        1.010625
        4.633999           0.164240E-4        1.012131           0.125770E-4        1.010625
        4.636000           0.164249E-4        1.012132           0.125776E-4        1.010626
        4.638000           0.164259E-4        1.012132           0.125782E-4        1.010626
        4.640000           0.164268E-4        1.012132           0.125788E-4        1.010626
        4.642000           0.164277E-4        1.012133           0.125795E-4        1.010626
        4.644000           0.164286E-4        1.012133           0.125801E-4        1.010627
        4.646000           0.164296E-4        1.012133           0.125807E-4        1.010627
        4.648000           0.164305E-4        1.012133           0.125813E-4        1.010627
        4.650000           0.164314E-4        1.012134           0.125819E-4        1.010627
        4.651999           0.164323E-4        1.012134           0.125825E-4        1.010628
        4.654000           0.164333E-4        1.012135           0.125832E-4        1.010628
        4.656000           0.164342E-4        1.012135           0.125838E-4        1.010628
        4.658000           0.164351E-4        1.012135           0.125844E-4        1.010628
        4.660000           0.164360E-4        1.012136           0.125850E-4        1.010629
        4.662000           0.164370E-4        1.012136           0.125857E-4        1.010629
        4.664000           0.164379E-4        1.012136           0.125863E-4        1.010629
        4.665999           0.164388E-4        1.012136           0.125869E-4        1.010629
        4.667999           0.164397E-4        1.012137           0.125875E-4        1.010630
        4.670000           0.164407E-4        1.012137           0.125881E-4        1.010630
        4.671999           0.164416E-4        1.012137           0.125888E-4        1.010630
        4.674000           0.164425E-4        1.012138           0.125894E-4        1.010630
        4.676000           0.164434E-4        1.012138           0.125900E-4        1.010631
        4.677999           0.164444E-4        1.012138           0.125906E-4        1.010631
        4.680000           0.164453E-4        1.012139           0.125912E-4        1.010631
        4.682000           0.164462E-4        1.012139           0.125919E-4        1.010631
        4.684000           0.164471E-4        1.012139           0.125925E-4        1.010632
        4.685999           0.164481E-4        1.012140           0.125931E-4        1.010632
        4.688000           0.164490E-4        1.012140           0.125937E-4        1.010632
        4.690000           0.164499E-4        1.012140           0.125943E-4        1.010632
        4.691999           0.164508E-4        1.012141           0.125950E-4        1.010633
        4.694000           0.164518E-4        1.012141           0.125956E-4        1.010633
        4.696000           0.164527E-4        1.012141           0.125962E-4        1.010633
        4.698000           0.164536E-4        1.012142           0.125968E-4        1.010633
        4.700000           0.164545E-4        1.012142           0.125974E-4        1.010634
        4.702000           0.164555E-4        1.012142           0.125981E-4        1.010634
        4.704000           0.164564E-4        1.012143           0.125987E-4        1.010634
        4.705999           0.164573E-4        1.012143           0.125993E-4        1.010634
        4.708000           0.164582E-4        1.012143           0.125999E-4        1.010635
        4.710000           0.164592E-4        1.012144           0.126006E-4        1.010635
        4.711999           0.164601E-4        1.012144           0.126012E-4        1.010635
        4.714000           0.164610E-4        1.012144           0.126018E-4        1.010635
        4.716000           0.164619E-4        1.012145           0.126024E-4        1.010636
        4.718000           0.164629E-4        1.012145           0.126030E-4        1.010636
        4.720000           0.164638E-4        1.012145           0.126037E-4        1.010636
        4.722000           0.164647E-4        1.012146           0.126043E-4        1.010636
        4.724000           0.164657E-4        1.012146           0.126049E-4        1.010637
        4.725999           0.164666E-4        1.012146           0.126055E-4        1.010637
        4.728000           0.164675E-4        1.012147           0.126061E-4        1.010637
        4.730000           0.164684E-4        1.012147           0.126068E-4        1.010637
        4.732000           0.164694E-4        1.012147           0.126074E-4        1.010638
        4.734000           0.164703E-4        1.012148           0.126080E-4        1.010638
        4.736000           0.164712E-4        1.012148           0.126086E-4        1.010638
        4.738000           0.164721E-4        1.012148           0.126093E-4        1.010638
        4.740000           0.164731E-4        1.012149           0.126099E-4        1.010639
        4.742000           0.164740E-4        1.012149           0.126105E-4        1.010639
        4.743999           0.164749E-4        1.012149           0.126111E-4        1.010639
        4.745999           0.164759E-4        1.012150           0.126118E-4        1.010639
        4.748000           0.164768E-4        1.012150           0.126124E-4        1.010640
        4.750000           0.164777E-4        1.012150           0.126130E-4        1.010640
        4.752000           0.164786E-4        1.012151           0.126136E-4        1.010640
        4.754000           0.164796E-4        1.012151           0.126142E-4        1.010641
        4.756000           0.164805E-4        1.012151           0.126149E-4        1.010641
        4.758000           0.164814E-4        1.012152           0.126155E-4        1.010641
        4.760000           0.164824E-4        1.012152           0.126161E-4        1.010641
        4.762000           0.164833E-4        1.012152           0.126167E-4        1.010641
        4.763999           0.164842E-4        1.012153           0.126173E-4        1.010642
        4.766000           0.164851E-4        1.012153           0.126180E-4        1.010642
        4.768000           0.164861E-4        1.012153           0.126186E-4        1.010642
        4.770000           0.164870E-4        1.012154           0.126192E-4        1.010642
        4.772000           0.164879E-4        1.012154           0.126198E-4        1.010643
        4.774000           0.164889E-4        1.012154           0.126205E-4        1.010643
        4.776000           0.164898E-4        1.012155           0.126211E-4        1.010643
        4.778000           0.164907E-4        1.012155           0.126217E-4        1.010643
        4.779999           0.164916E-4        1.012155           0.126223E-4        1.010644
        4.782000           0.164926E-4        1.012156           0.126229E-4        1.010644
        4.783999           0.164935E-4        1.012156           0.126236E-4        1.010644
        4.786000           0.164944E-4        1.012156           0.126242E-4        1.010644
        4.788000           0.164954E-4        1.012157           0.126248E-4        1.010645
        4.789999           0.164963E-4        1.012157           0.126254E-4        1.010645
        4.792000           0.164972E-4        1.012157           0.126261E-4        1.010645
        4.794000           0.164982E-4        1.012158           0.126267E-4        1.010646
        4.796000           0.164991E-4        1.012158           0.126273E-4        1.010646
        4.797999           0.165000E-4        1.012158           0.126279E-4        1.010646
        4.800000           0.165009E-4        1.012159           0.126286E-4        1.010646
        4.802000           0.165019E-4        1.012159           0.126292E-4        1.010646
        4.803999           0.165028E-4        1.012159           0.126298E-4        1.010647
        4.806000           0.165037E-4        1.012160           0.126304E-4        1.010647
        4.808000           0.165047E-4        1.012160           0.126310E-4        1.010647
        4.810000           0.165056E-4        1.012160           0.126317E-4        1.010648
        4.812000           0.165065E-4        1.012161           0.126323E-4        1.010648
        4.814000           0.165075E-4        1.012161           0.126329E-4        1.010648
        4.816000           0.165084E-4        1.012161           0.126336E-4        1.010648
        4.817999           0.165093E-4        1.012161           0.126342E-4        1.010648
        4.820000           0.165103E-4        1.012162           0.126348E-4        1.010649
        4.822000           0.165112E-4        1.012162           0.126354E-4        1.010649
        4.823999           0.165121E-4        1.012163           0.126360E-4        1.010649
        4.826000           0.165130E-4        1.012163           0.126367E-4        1.010650
        4.828000           0.165140E-4        1.012163           0.126373E-4        1.010650
        4.830000           0.165149E-4        1.012164           0.126379E-4        1.010650
        4.832000           0.165158E-4        1.012164           0.126385E-4        1.010650
        4.834000           0.165168E-4        1.012164           0.126391E-4        1.010651
        4.835999           0.165177E-4        1.012164           0.126398E-4        1.010651
        4.837999           0.165186E-4        1.012165           0.126404E-4        1.010651
        4.840000           0.165196E-4        1.012165           0.126410E-4        1.010651
        4.842000           0.165205E-4        1.012165           0.126416E-4        1.010652
        4.844000           0.165214E-4        1.012166           0.126423E-4        1.010652
        4.846000           0.165224E-4        1.012166           0.126429E-4        1.010652
        4.848000           0.165233E-4        1.012167           0.126435E-4        1.010652
        4.850000           0.165242E-4        1.012167           0.126442E-4        1.010653
        4.852000           0.165252E-4        1.012167           0.126448E-4        1.010653
        4.854000           0.165261E-4        1.012167           0.126454E-4        1.010653
        4.855999           0.165270E-4        1.012168           0.126460E-4        1.010653
        4.857999           0.165280E-4        1.012168           0.126466E-4        1.010654
        4.860000           0.165289E-4        1.012168           0.126473E-4        1.010654
        4.862000           0.165298E-4        1.012169           0.126479E-4        1.010654
        4.864000           0.165308E-4        1.012169           0.126485E-4        1.010654
        4.866000           0.165317E-4        1.012169           0.126492E-4        1.010655
        4.868000           0.165326E-4        1.012170           0.126498E-4        1.010655
        4.870000           0.165336E-4        1.012170           0.126504E-4        1.010655
        4.872000           0.165345E-4        1.012170           0.126510E-4        1.010655
        4.874000           0.165354E-4        1.012171           0.126517E-4        1.010656
        4.875999           0.165364E-4        1.012171           0.126523E-4        1.010656
        4.878000           0.165373E-4        1.012171           0.126529E-4        1.010656
        4.880000           0.165382E-4        1.012172           0.126535E-4        1.010656
        4.881999           0.165392E-4        1.012172           0.126542E-4        1.010657
        4.884000           0.165401E-4        1.012172           0.126548E-4        1.010657
        4.886000           0.165410E-4        1.012173           0.126554E-4        1.010657
        4.888000           0.165420E-4        1.012173           0.126560E-4        1.010657
        4.890000           0.165429E-4        1.012173           0.126567E-4        1.010658
        4.891999           0.165438E-4        1.012174           0.126573E-4        1.010658
        4.894000           0.165448E-4        1.012174           0.126579E-4        1.010658
        4.895999           0.165457E-4        1.012174           0.126585E-4        1.010658
        4.898000           0.165466E-4        1.012175           0.126592E-4        1.010659
        4.900000           0.165476E-4        1.012175           0.126598E-4        1.010659
        4.901999           0.165485E-4        1.012175           0.126604E-4        1.010659
        4.904000           0.165494E-4        1.012176           0.126611E-4        1.010659
        4.906000           0.165504E-4        1.012176           0.126617E-4        1.010660
        4.908000           0.165513E-4        1.012176           0.126623E-4        1.010660
        4.909999           0.165522E-4        1.012177           0.126629E-4        1.010660
        4.912000           0.165532E-4        1.012177           0.126636E-4        1.010660
        4.914000           0.165541E-4        1.012177           0.126642E-4        1.010661
        4.915999           0.165550E-4        1.012178           0.126648E-4        1.010661
        4.918000           0.165560E-4        1.012178           0.126654E-4        1.010661
        4.920000           0.165569E-4        1.012178           0.126661E-4        1.010661
        4.922000           0.165578E-4        1.012179           0.126667E-4        1.010662
        4.924000           0.165588E-4        1.012179           0.126673E-4        1.010662
        4.926000           0.165597E-4        1.012179           0.126679E-4        1.010662
        4.927999           0.165606E-4        1.012180           0.126686E-4        1.010662
        4.929999           0.165616E-4        1.012180           0.126692E-4        1.010663
        4.932000           0.165625E-4        1.012180           0.126698E-4        1.010663
        4.934000           0.165634E-4        1.012181           0.126704E-4        1.010663
        4.935999           0.165644E-4        1.012181           0.126710E-4        1.010663
        4.938000           0.165653E-4        1.012181           0.126717E-4        1.010664
        4.940000           0.165663E-4        1.012182           0.126723E-4        1.010664
        4.942000           0.165672E-4        1.012182           0.126729E-4        1.010664
        4.944000           0.165681E-4        1.012182           0.126736E-4        1.010664
        4.946000           0.165691E-4        1.012183           0.126742E-4        1.010665
        4.947999           0.165700E-4        1.012183           0.126748E-4        1.010665
        4.949999           0.165709E-4        1.012183           0.126754E-4        1.010665
        4.952000           0.165719E-4        1.012184           0.126761E-4        1.010665
        4.954000           0.165728E-4        1.012184           0.126767E-4        1.010666
        4.956000           0.165737E-4        1.012184           0.126773E-4        1.010666
        4.958000           0.165747E-4        1.012185           0.126780E-4        1.010666
        4.960000           0.165756E-4        1.012185           0.126786E-4        1.010666
        4.962000           0.165766E-4        1.012185           0.126792E-4        1.010667
        4.964000           0.165775E-4        1.012186           0.126798E-4        1.010667
        4.966000           0.165784E-4        1.012186           0.126805E-4        1.010667
        4.967999           0.165794E-4        1.012186           0.126811E-4        1.010667
        4.969999           0.165803E-4        1.012187           0.126817E-4        1.010668
        4.972000           0.165812E-4        1.012187           0.126824E-4        1.010668
        4.974000           0.165822E-4        1.012187           0.126830E-4        1.010668
        4.976000           0.165831E-4        1.012188           0.126836E-4        1.010669
        4.978000           0.165841E-4        1.012188           0.126842E-4        1.010669
        4.980000           0.165850E-4        1.012188           0.126849E-4        1.010669
        4.982000           0.165859E-4        1.012189           0.126855E-4        1.010669
        4.984000           0.165869E-4        1.012189           0.126861E-4        1.010670
        4.986000           0.165878E-4        1.012189           0.126867E-4        1.010670
        4.987999           0.165887E-4        1.012190           0.126874E-4        1.010670
        4.990000           0.165897E-4        1.012190           0.126880E-4        1.010670
        4.992000           0.165906E-4        1.012190           0.126886E-4        1.010671
        4.993999           0.165916E-4        1.012191           0.126893E-4        1.010671
        4.996000           0.165925E-4        1.012191           0.126899E-4        1.010671
        4.998000           0.165934E-4        1.012191           0.126905E-4        1.010671
        5.000000           0.165944E-4        1.012192           0.126911E-4        1.010672
        5.002000           0.165953E-4        1.012192           0.126918E-4        1.010672
        5.003999           0.165963E-4        1.012192           0.126924E-4        1.010672
        5.006000           0.165972E-4        1.012193           0.126930E-4        1.010672
        5.007999           0.165981E-4        1.012193           0.126937E-4        1.010673
        5.010000           0.165991E-4        1.012193           0.126943E-4        1.010673
        5.012000           0.166000E-4        1.012194           0.126949E-4        1.010673
        5.013999           0.166009E-4        1.012194           0.126955E-4        1.010673
        5.016000           0.166019E-4        1.012194           0.126962E-4        1.010674
        5.018000           0.166028E-4        1.012195           0.126968E-4        1.010674
        5.020000           0.166038E-4        1.012195           0.126974E-4        1.010674
        5.021999           0.166047E-4        1.012195           0.126981E-4        1.010674
        5.024000           0.166056E-4        1.012196           0.126987E-4        1.010675
        5.026000           0.166066E-4        1.012196           0.126993E-4        1.010675
        5.027999           0.166075E-4        1.012196           0.126999E-4        1.010675
        5.030000           0.166085E-4        1.012197           0.127006E-4        1.010675
        5.032000           0.166094E-4        1.012197           0.127012E-4        1.010676
        5.034000           0.166103E-4        1.012197           0.127018E-4        1.010676
        5.036000           0.166113E-4        1.012198           0.127025E-4        1.010676
        5.038000           0.166122E-4        1.012198           0.127031E-4        1.010676
        5.039999           0.166132E-4        1.012198           0.127037E-4        1.010677
        5.041999           0.166141E-4        1.012199           0.127044E-4        1.010677
        5.044000           0.166150E-4        1.012199           0.127050E-4        1.010677
        5.046000           0.166160E-4        1.012199           0.127056E-4        1.010677
        5.047999           0.166169E-4        1.012200           0.127062E-4        1.010678
        5.050000           0.166179E-4        1.012200           0.127069E-4        1.010678
        5.052000           0.166188E-4        1.012200           0.127075E-4        1.010678
        5.054000           0.166197E-4        1.012201           0.127081E-4        1.010678
        5.056000           0.166207E-4        1.012201           0.127088E-4        1.010679
        5.058000           0.166216E-4        1.012201           0.127094E-4        1.010679
        5.059999           0.166226E-4        1.012202           0.127100E-4        1.010679
        5.061999           0.166235E-4        1.012202           0.127107E-4        1.010679
        5.064000           0.166244E-4        1.012202           0.127113E-4        1.010680
        5.066000           0.166254E-4        1.012203           0.127119E-4        1.010680
        5.068000           0.166263E-4        1.012203           0.127125E-4        1.010680
        5.070000           0.166273E-4        1.012203           0.127132E-4        1.010680
        5.072000           0.166282E-4        1.012204           0.127138E-4        1.010681
        5.074000           0.166291E-4        1.012204           0.127144E-4        1.010681
        5.076000           0.166301E-4        1.012204           0.127150E-4        1.010681
        5.078000           0.166310E-4        1.012205           0.127157E-4        1.010682
        5.079999           0.166320E-4        1.012205           0.127163E-4        1.010682
        5.081999           0.166329E-4        1.012205           0.127169E-4        1.010682
        5.084000           0.166339E-4        1.012206           0.127176E-4        1.010682
        5.085999           0.166348E-4        1.012206           0.127182E-4        1.010682
        5.088000           0.166357E-4        1.012206           0.127188E-4        1.010683
        5.090000           0.166367E-4        1.012207           0.127195E-4        1.010683
        5.092000           0.166376E-4        1.012207           0.127201E-4        1.010683
        5.094000           0.166386E-4        1.012207           0.127207E-4        1.010684
        5.096000           0.166395E-4        1.012208           0.127214E-4        1.010684
        5.098000           0.166404E-4        1.012208           0.127220E-4        1.010684
        5.099999           0.166414E-4        1.012208           0.127226E-4        1.010684
        5.102000           0.166423E-4        1.012209           0.127232E-4        1.010684
        5.104000           0.166433E-4        1.012209           0.127239E-4        1.010685
        5.105999           0.166442E-4        1.012209           0.127245E-4        1.010685
        5.108000           0.166452E-4        1.012210           0.127251E-4        1.010685
        5.110000           0.166461E-4        1.012210           0.127258E-4        1.010686
        5.112000           0.166470E-4        1.012210           0.127264E-4        1.010686
        5.114000           0.166480E-4        1.012211           0.127270E-4        1.010686
        5.115999           0.166489E-4        1.012211           0.127276E-4        1.010686
        5.118000           0.166499E-4        1.012211           0.127283E-4        1.010687
        5.119999           0.166508E-4        1.012212           0.127289E-4        1.010687
        5.122000           0.166518E-4        1.012212           0.127295E-4        1.010687
        5.124000           0.166527E-4        1.012212           0.127302E-4        1.010687
        5.125999           0.166536E-4        1.012213           0.127308E-4        1.010688
        5.128000           0.166546E-4        1.012213           0.127314E-4        1.010688
        5.130000           0.166555E-4        1.012213           0.127321E-4        1.010688
        5.132000           0.166565E-4        1.012214           0.127327E-4        1.010688
        5.133999           0.166574E-4        1.012214           0.127334E-4        1.010689
        5.136000           0.166584E-4        1.012214           0.127340E-4        1.010689
        5.138000           0.166593E-4        1.012215           0.127346E-4        1.010689
        5.139999           0.166603E-4        1.012215           0.127352E-4        1.010689
        5.142000           0.166612E-4        1.012215           0.127359E-4        1.010690
        5.144000           0.166621E-4        1.012216           0.127365E-4        1.010690
        5.146000           0.166631E-4        1.012216           0.127371E-4        1.010690
        5.148000           0.166640E-4        1.012216           0.127378E-4        1.010690
        5.150000           0.166650E-4        1.012217           0.127384E-4        1.010691
        5.151999           0.166659E-4        1.012217           0.127390E-4        1.010691
        5.153999           0.166669E-4        1.012217           0.127397E-4        1.010691
        5.156000           0.166678E-4        1.012218           0.127403E-4        1.010691
        5.158000           0.166688E-4        1.012218           0.127409E-4        1.010692
        5.159999           0.166697E-4        1.012218           0.127416E-4        1.010692
        5.162000           0.166706E-4        1.012219           0.127422E-4        1.010692
        5.164000           0.166716E-4        1.012219           0.127428E-4        1.010692
        5.166000           0.166725E-4        1.012219           0.127434E-4        1.010693
        5.168000           0.166735E-4        1.012220           0.127441E-4        1.010693
        5.170000           0.166744E-4        1.012220           0.127447E-4        1.010693
        5.171999           0.166754E-4        1.012220           0.127453E-4        1.010693
        5.173999           0.166763E-4        1.012221           0.127460E-4        1.010694
        5.176000           0.166773E-4        1.012221           0.127466E-4        1.010694
        5.177999           0.166782E-4        1.012221           0.127473E-4        1.010694
        5.180000           0.166792E-4        1.012222           0.127479E-4        1.010695
        5.182000           0.166801E-4        1.012222           0.127485E-4        1.010695
        5.184000           0.166810E-4        1.012222           0.127491E-4        1.010695
        5.186000           0.166820E-4        1.012223           0.127498E-4        1.010695
        5.188000           0.166829E-4        1.012223           0.127504E-4        1.010695
        5.190000           0.166839E-4        1.012223           0.127510E-4        1.010696
        5.191999           0.166848E-4        1.012224           0.127517E-4        1.010696
        5.193999           0.166858E-4        1.012224           0.127523E-4        1.010696
        5.196000           0.166867E-4        1.012224           0.127529E-4        1.010697
        5.197999           0.166877E-4        1.012225           0.127536E-4        1.010697
        5.200000           0.166886E-4        1.012225           0.127542E-4        1.010697
        5.202000           0.166896E-4        1.012225           0.127548E-4        1.010697
        5.204000           0.166905E-4        1.012226           0.127555E-4        1.010697
        5.206000           0.166915E-4        1.012226           0.127561E-4        1.010698
        5.208000           0.166924E-4        1.012226           0.127567E-4        1.010698
        5.210000           0.166933E-4        1.012227           0.127574E-4        1.010698
        5.211999           0.166943E-4        1.012227           0.127580E-4        1.010699
        5.214000           0.166952E-4        1.012227           0.127586E-4        1.010699
        5.216000           0.166962E-4        1.012228           0.127593E-4        1.010699
        5.217999           0.166971E-4        1.012228           0.127599E-4        1.010699
        5.220000           0.166981E-4        1.012228           0.127605E-4        1.010700
        5.222000           0.166990E-4        1.012229           0.127612E-4        1.010700
        5.224000           0.167000E-4        1.012229           0.127618E-4        1.010700
        5.226000           0.167009E-4        1.012229           0.127624E-4        1.010700
        5.228000           0.167019E-4        1.012230           0.127631E-4        1.010701
        5.230000           0.167028E-4        1.012230           0.127637E-4        1.010701
        5.231999           0.167038E-4        1.012230           0.127643E-4        1.010701
        5.234000           0.167047E-4        1.012231           0.127650E-4        1.010701
        5.236000           0.167057E-4        1.012231           0.127656E-4        1.010702
        5.237999           0.167066E-4        1.012231           0.127663E-4        1.010702
        5.240000           0.167076E-4        1.012232           0.127669E-4        1.010702
        5.242000           0.167085E-4        1.012232           0.127675E-4        1.010702
        5.244000           0.167095E-4        1.012232           0.127681E-4        1.010703
        5.245999           0.167104E-4        1.012233           0.127688E-4        1.010703
        5.248000           0.167113E-4        1.012233           0.127694E-4        1.010703
        5.250000           0.167123E-4        1.012233           0.127701E-4        1.010703
        5.251999           0.167132E-4        1.012234           0.127707E-4        1.010704
        5.254000           0.167142E-4        1.012234           0.127713E-4        1.010704
        5.256000           0.167151E-4        1.012234           0.127720E-4        1.010704
        5.258000           0.167161E-4        1.012235           0.127726E-4        1.010704
        5.260000           0.167170E-4        1.012235           0.127732E-4        1.010705
        5.262000           0.167180E-4        1.012235           0.127739E-4        1.010705
        5.263999           0.167189E-4        1.012236           0.127745E-4        1.010705
        5.265999           0.167199E-4        1.012236           0.127751E-4        1.010705
        5.268000           0.167208E-4        1.012236           0.127758E-4        1.010706
        5.270000           0.167218E-4        1.012237           0.127764E-4        1.010706
        5.271999           0.167227E-4        1.012237           0.127770E-4        1.010706
        5.274000           0.167237E-4        1.012237           0.127777E-4        1.010706
        5.276000           0.167246E-4        1.012238           0.127783E-4        1.010707
        5.278000           0.167256E-4        1.012238           0.127789E-4        1.010707
        5.280000           0.167265E-4        1.012238           0.127796E-4        1.010707
        5.282000           0.167275E-4        1.012239           0.127802E-4        1.010707
        5.283999           0.167284E-4        1.012239           0.127808E-4        1.010708
        5.285999           0.167294E-4        1.012239           0.127815E-4        1.010708
        5.288000           0.167303E-4        1.012240           0.127821E-4        1.010708
        5.289999           0.167313E-4        1.012240           0.127827E-4        1.010709
        5.292000           0.167322E-4        1.012240           0.127834E-4        1.010709
        5.294000           0.167332E-4        1.012241           0.127840E-4        1.010709
        5.296000           0.167341E-4        1.012241           0.127846E-4        1.010709
        5.298000           0.167351E-4        1.012241           0.127853E-4        1.010710
        5.300000           0.167360E-4        1.012242           0.127859E-4        1.010710
        5.302000           0.167370E-4        1.012242           0.127866E-4        1.010710
        5.303999           0.167379E-4        1.012242           0.127872E-4        1.010710
        5.305999           0.167389E-4        1.012243           0.127878E-4        1.010711
        5.308000           0.167398E-4        1.012243           0.127885E-4        1.010711
        5.309999           0.167408E-4        1.012243           0.127891E-4        1.010711
        5.312000           0.167417E-4        1.012244           0.127897E-4        1.010711
        5.314000           0.167427E-4        1.012244           0.127904E-4        1.010712
        5.316000           0.167437E-4        1.012244           0.127910E-4        1.010712
        5.318000           0.167446E-4        1.012245           0.127916E-4        1.010712
        5.320000           0.167456E-4        1.012245           0.127923E-4        1.010712
        5.322000           0.167465E-4        1.012245           0.127929E-4        1.010713
        5.323999           0.167475E-4        1.012246           0.127936E-4        1.010713
        5.326000           0.167484E-4        1.012246           0.127942E-4        1.010713
        5.328000           0.167494E-4        1.012246           0.127948E-4        1.010713
        5.329999           0.167503E-4        1.012247           0.127955E-4        1.010714
        5.332000           0.167513E-4        1.012247           0.127961E-4        1.010714
        5.334000           0.167522E-4        1.012247           0.127967E-4        1.010714
        5.336000           0.167532E-4        1.012248           0.127974E-4        1.010714
        5.338000           0.167541E-4        1.012248           0.127980E-4        1.010715
        5.340000           0.167551E-4        1.012248           0.127986E-4        1.010715
        5.342000           0.167560E-4        1.012249           0.127993E-4        1.010715
        5.343999           0.167570E-4        1.012249           0.127999E-4        1.010715
        5.346000           0.167579E-4        1.012249           0.128005E-4        1.010716
        5.348000           0.167589E-4        1.012250           0.128012E-4        1.010716
        5.349999           0.167598E-4        1.012250           0.128018E-4        1.010716
        5.352000           0.167608E-4        1.012250           0.128025E-4        1.010716
        5.354000           0.167617E-4        1.012251           0.128031E-4        1.010717
        5.356000           0.167627E-4        1.012251           0.128037E-4        1.010717
        5.358000           0.167636E-4        1.012251           0.128044E-4        1.010717
        5.360000           0.167646E-4        1.012252           0.128050E-4        1.010717
        5.362000           0.167656E-4        1.012252           0.128057E-4        1.010718
        5.363999           0.167665E-4        1.012252           0.128063E-4        1.010718
        5.366000           0.167675E-4        1.012253           0.128069E-4        1.010718
        5.368000           0.167684E-4        1.012253           0.128075E-4        1.010718
        5.370000           0.167694E-4        1.012253           0.128082E-4        1.010719
        5.372000           0.167703E-4        1.012254           0.128088E-4        1.010719
        5.374000           0.167713E-4        1.012254           0.128095E-4        1.010719
        5.375999           0.167722E-4        1.012254           0.128101E-4        1.010720
        5.377999           0.167732E-4        1.012255           0.128107E-4        1.010720
        5.380000           0.167741E-4        1.012255           0.128114E-4        1.010720
        5.381999           0.167751E-4        1.012255           0.128120E-4        1.010720
        5.383999           0.167760E-4        1.012256           0.128126E-4        1.010720
        5.386000           0.167770E-4        1.012256           0.128133E-4        1.010721
        5.388000           0.167780E-4        1.012256           0.128139E-4        1.010721
        5.390000           0.167789E-4        1.012257           0.128146E-4        1.010721
        5.392000           0.167799E-4        1.012257           0.128152E-4        1.010722
        5.394000           0.167808E-4        1.012257           0.128158E-4        1.010722
        5.395999           0.167818E-4        1.012258           0.128165E-4        1.010722
        5.397999           0.167827E-4        1.012258           0.128171E-4        1.010722
        5.400000           0.167837E-4        1.012258           0.128177E-4        1.010723
        5.401999           0.167846E-4        1.012259           0.128184E-4        1.010723
        5.404000           0.167856E-4        1.012259           0.128190E-4        1.010723
        5.406000           0.167865E-4        1.012259           0.128197E-4        1.010723
        5.408000           0.167875E-4        1.012260           0.128203E-4        1.010724
        5.410000           0.167885E-4        1.012260           0.128209E-4        1.010724
        5.412000           0.167894E-4        1.012260           0.128216E-4        1.010724
        5.414000           0.167904E-4        1.012261           0.128222E-4        1.010724
        5.415999           0.167913E-4        1.012261           0.128229E-4        1.010725
        5.417999           0.167923E-4        1.012261           0.128235E-4        1.010725
        5.420000           0.167932E-4        1.012262           0.128241E-4        1.010725
        5.421999           0.167942E-4        1.012262           0.128248E-4        1.010725
        5.424000           0.167951E-4        1.012262           0.128254E-4        1.010726
        5.426000           0.167961E-4        1.012263           0.128260E-4        1.010726
        5.427999           0.167971E-4        1.012263           0.128267E-4        1.010726
        5.430000           0.167980E-4        1.012263           0.128273E-4        1.010726
        5.432000           0.167990E-4        1.012264           0.128280E-4        1.010727
        5.434000           0.167999E-4        1.012264           0.128286E-4        1.010727
        5.435999           0.168009E-4        1.012264           0.128292E-4        1.010727
        5.438000           0.168018E-4        1.012265           0.128299E-4        1.010727
        5.440000           0.168028E-4        1.012265           0.128305E-4        1.010728
        5.441999           0.168038E-4        1.012265           0.128312E-4        1.010728
        5.444000           0.168047E-4        1.012266           0.128318E-4        1.010728
        5.446000           0.168057E-4        1.012266           0.128325E-4        1.010728
        5.448000           0.168066E-4        1.012267           0.128331E-4        1.010729
        5.450000           0.168076E-4        1.012267           0.128337E-4        1.010729
        5.452000           0.168085E-4        1.012267           0.128344E-4        1.010729
        5.454000           0.168095E-4        1.012267           0.128350E-4        1.010730
        5.455999           0.168104E-4        1.012268           0.128356E-4        1.010730
        5.458000           0.168114E-4        1.012268           0.128363E-4        1.010730
        5.460000           0.168124E-4        1.012268           0.128369E-4        1.010730
        5.461999           0.168133E-4        1.012269           0.128375E-4        1.010731
        5.464000           0.168143E-4        1.012269           0.128382E-4        1.010731
        5.466000           0.168152E-4        1.012269           0.128388E-4        1.010731
        5.468000           0.168162E-4        1.012270           0.128395E-4        1.010731
        5.470000           0.168172E-4        1.012270           0.128401E-4        1.010732
        5.472000           0.168181E-4        1.012270           0.128407E-4        1.010732
        5.474000           0.168191E-4        1.012271           0.128414E-4        1.010732
        5.475999           0.168200E-4        1.012271           0.128420E-4        1.010732
        5.478000           0.168210E-4        1.012272           0.128427E-4        1.010733
        5.480000           0.168219E-4        1.012272           0.128433E-4        1.010733
        5.482000           0.168229E-4        1.012272           0.128440E-4        1.010733
        5.484000           0.168239E-4        1.012272           0.128446E-4        1.010733
        5.486000           0.168248E-4        1.012273           0.128452E-4        1.010734
        5.488000           0.168258E-4        1.012273           0.128459E-4        1.010734
        5.489999           0.168267E-4        1.012274           0.128465E-4        1.010734
        5.492000           0.168277E-4        1.012274           0.128471E-4        1.010734
        5.493999           0.168286E-4        1.012274           0.128478E-4        1.010735
        5.495999           0.168296E-4        1.012275           0.128484E-4        1.010735
        5.498000           0.168306E-4        1.012275           0.128491E-4        1.010735
        5.500000           0.168315E-4        1.012275           0.128497E-4        1.010735
        5.502000           0.168325E-4        1.012276           0.128503E-4        1.010736
        5.504000           0.168334E-4        1.012276           0.128510E-4        1.010736
        5.506000           0.168344E-4        1.012276           0.128516E-4        1.010736
        5.507999           0.168354E-4        1.012277           0.128523E-4        1.010736
        5.509999           0.168363E-4        1.012277           0.128529E-4        1.010737
        5.512000           0.168373E-4        1.012277           0.128536E-4        1.010737
        5.513999           0.168382E-4        1.012278           0.128542E-4        1.010737
        5.516000           0.168392E-4        1.012278           0.128548E-4        1.010737
        5.518000           0.168402E-4        1.012278           0.128555E-4        1.010738
        5.520000           0.168411E-4        1.012279           0.128561E-4        1.010738
        5.522000           0.168421E-4        1.012279           0.128568E-4        1.010738
        5.524000           0.168430E-4        1.012279           0.128574E-4        1.010738
        5.526000           0.168440E-4        1.012280           0.128580E-4        1.010739
        5.527999           0.168450E-4        1.012280           0.128587E-4        1.010739
        5.529999           0.168459E-4        1.012280           0.128593E-4        1.010739
        5.532000           0.168469E-4        1.012281           0.128600E-4        1.010740
        5.533999           0.168478E-4        1.012281           0.128606E-4        1.010740
        5.536000           0.168488E-4        1.012281           0.128613E-4        1.010740
        5.538000           0.168498E-4        1.012282           0.128619E-4        1.010740
        5.539999           0.168507E-4        1.012282           0.128625E-4        1.010741
        5.542000           0.168517E-4        1.012282           0.128632E-4        1.010741
        5.544000           0.168526E-4        1.012283           0.128638E-4        1.010741
        5.546000           0.168536E-4        1.012283           0.128645E-4        1.010741
        5.547999           0.168546E-4        1.012283           0.128651E-4        1.010742
        5.550000           0.168555E-4        1.012284           0.128657E-4        1.010742
        5.552000           0.168565E-4        1.012284           0.128664E-4        1.010742
        5.553999           0.168574E-4        1.012284           0.128670E-4        1.010742
        5.556000           0.168584E-4        1.012285           0.128677E-4        1.010743
        5.558000           0.168594E-4        1.012285           0.128683E-4        1.010743
        5.560000           0.168603E-4        1.012285           0.128689E-4        1.010743
        5.562000           0.168613E-4        1.012286           0.128696E-4        1.010743
        5.564000           0.168623E-4        1.012286           0.128702E-4        1.010744
        5.566000           0.168632E-4        1.012286           0.128709E-4        1.010744
        5.567999           0.168642E-4        1.012287           0.128715E-4        1.010744
        5.570000           0.168651E-4        1.012287           0.128722E-4        1.010744
        5.572000           0.168661E-4        1.012287           0.128728E-4        1.010745
        5.573999           0.168671E-4        1.012288           0.128734E-4        1.010745
        5.576000           0.168680E-4        1.012288           0.128741E-4        1.010745
        5.578000           0.168690E-4        1.012288           0.128747E-4        1.010745
        5.580000           0.168700E-4        1.012289           0.128754E-4        1.010746
        5.582000           0.168709E-4        1.012289           0.128760E-4        1.010746
        5.584000           0.168719E-4        1.012289           0.128766E-4        1.010746
        5.585999           0.168728E-4        1.012290           0.128773E-4        1.010746
        5.587999           0.168738E-4        1.012290           0.128779E-4        1.010747
        5.590000           0.168748E-4        1.012290           0.128786E-4        1.010747
        5.592000           0.168757E-4        1.012291           0.128792E-4        1.010747
        5.594000           0.168767E-4        1.012291           0.128799E-4        1.010748
        5.596000           0.168777E-4        1.012291           0.128805E-4        1.010748
        5.598000           0.168786E-4        1.012292           0.128811E-4        1.010748
        5.600000           0.168796E-4        1.012292           0.128818E-4        1.010748
        5.601999           0.168805E-4        1.012292           0.128824E-4        1.010749
        5.604000           0.168815E-4        1.012293           0.128831E-4        1.010749
        5.605999           0.168825E-4        1.012293           0.128837E-4        1.010749
        5.607999           0.168834E-4        1.012293           0.128844E-4        1.010749
        5.610000           0.168844E-4        1.012294           0.128850E-4        1.010750
        5.612000           0.168854E-4        1.012294           0.128857E-4        1.010750
        5.614000           0.168863E-4        1.012294           0.128863E-4        1.010750
        5.616000           0.168873E-4        1.012295           0.128869E-4        1.010750
        5.618000           0.168883E-4        1.012295           0.128876E-4        1.010751
        5.619999           0.168892E-4        1.012295           0.128882E-4        1.010751
        5.621999           0.168902E-4        1.012296           0.128889E-4        1.010751
        5.624000           0.168911E-4        1.012296           0.128895E-4        1.010751
        5.625999           0.168921E-4        1.012296           0.128902E-4        1.010752
        5.628000           0.168931E-4        1.012297           0.128908E-4        1.010752
        5.630000           0.168940E-4        1.012297           0.128915E-4        1.010752
        5.631999           0.168950E-4        1.012298           0.128921E-4        1.010752
        5.634000           0.168960E-4        1.012298           0.128927E-4        1.010753
        5.636000           0.168969E-4        1.012298           0.128934E-4        1.010753
        5.638000           0.168979E-4        1.012298           0.128940E-4        1.010753
        5.639999           0.168989E-4        1.012299           0.128947E-4        1.010753
        5.641999           0.168998E-4        1.012299           0.128953E-4        1.010754
        5.644000           0.169008E-4        1.012300           0.128959E-4        1.010754
        5.645999           0.169018E-4        1.012300           0.128966E-4        1.010754
        5.648000           0.169027E-4        1.012300           0.128972E-4        1.010754
        5.650000           0.169037E-4        1.012300           0.128979E-4        1.010755
        5.651999           0.169047E-4        1.012301           0.128985E-4        1.010755
        5.654000           0.169056E-4        1.012301           0.128992E-4        1.010755
        5.656000           0.169066E-4        1.012302           0.128998E-4        1.010756
        5.658000           0.169076E-4        1.012302           0.129005E-4        1.010756
        5.659999           0.169085E-4        1.012302           0.129011E-4        1.010756
        5.662000           0.169095E-4        1.012303           0.129018E-4        1.010756
        5.664000           0.169105E-4        1.012303           0.129024E-4        1.010756
        5.665999           0.169114E-4        1.012303           0.129030E-4        1.010757
        5.668000           0.169124E-4        1.012304           0.129037E-4        1.010757
        5.670000           0.169133E-4        1.012304           0.129044E-4        1.010757
        5.672000           0.169143E-4        1.012304           0.129050E-4        1.010758
        5.674000           0.169153E-4        1.012305           0.129056E-4        1.010758
        5.676000           0.169162E-4        1.012305           0.129063E-4        1.010758
        5.677999           0.169172E-4        1.012305           0.129069E-4        1.010758
        5.679999           0.169182E-4        1.012306           0.129076E-4        1.010759
        5.682000           0.169191E-4        1.012306           0.129082E-4        1.010759
        5.684000           0.169201E-4        1.012306           0.129089E-4        1.010759
        5.685999           0.169211E-4        1.012307           0.129095E-4        1.010759
        5.688000           0.169220E-4        1.012307           0.129101E-4        1.010760
        5.690000           0.169230E-4        1.012307           0.129108E-4        1.010760
        5.692000           0.169240E-4        1.012308           0.129114E-4        1.010760
        5.694000           0.169249E-4        1.012308           0.129121E-4        1.010760
        5.696000           0.169259E-4        1.012308           0.129127E-4        1.010761
        5.697999           0.169269E-4        1.012309           0.129134E-4        1.010761
        5.699999           0.169279E-4        1.012309           0.129140E-4        1.010761
        5.702000           0.169288E-4        1.012309           0.129146E-4        1.010761
        5.704000           0.169298E-4        1.012310           0.129153E-4        1.010762
        5.706000           0.169308E-4        1.012310           0.129159E-4        1.010762
        5.708000           0.169317E-4        1.012310           0.129166E-4        1.010762
        5.710000           0.169327E-4        1.012311           0.129172E-4        1.010762
        5.712000           0.169337E-4        1.012311           0.129179E-4        1.010763
        5.713999           0.169346E-4        1.012311           0.129185E-4        1.010763
        5.716000           0.169356E-4        1.012312           0.129191E-4        1.010763
        5.717999           0.169366E-4        1.012312           0.129198E-4        1.010764
        5.719999           0.169375E-4        1.012312           0.129205E-4        1.010764
        5.722000           0.169385E-4        1.012313           0.129211E-4        1.010764
        5.724000           0.169395E-4        1.012313           0.129218E-4        1.010764
        5.726000           0.169404E-4        1.012313           0.129224E-4        1.010764
        5.728000           0.169414E-4        1.012314           0.129230E-4        1.010765
        5.730000           0.169424E-4        1.012314           0.129237E-4        1.010765
        5.731999           0.169433E-4        1.012314           0.129243E-4        1.010765
        5.733999           0.169443E-4        1.012315           0.129250E-4        1.010766
        5.736000           0.169453E-4        1.012315           0.129256E-4        1.010766
        5.737999           0.169462E-4        1.012315           0.129263E-4        1.010766
        5.740000           0.169472E-4        1.012316           0.129269E-4        1.010766
        5.742000           0.169482E-4        1.012316           0.129276E-4        1.010767
        5.743999           0.169492E-4        1.012316           0.129282E-4        1.010767
        5.746000           0.169501E-4        1.012317           0.129288E-4        1.010767
        5.748000           0.169511E-4        1.012317           0.129295E-4        1.010767
        5.750000           0.169521E-4        1.012317           0.129301E-4        1.010768
        5.751999           0.169530E-4        1.012318           0.129308E-4        1.010768
        5.753999           0.169540E-4        1.012318           0.129315E-4        1.010768
        5.756000           0.169550E-4        1.012318           0.129321E-4        1.010768
        5.757999           0.169559E-4        1.012319           0.129327E-4        1.010769
        5.760000           0.169569E-4        1.012319           0.129334E-4        1.010769
        5.762000           0.169579E-4        1.012319           0.129340E-4        1.010769
        5.763999           0.169589E-4        1.012320           0.129347E-4        1.010769
        5.766000           0.169598E-4        1.012320           0.129353E-4        1.010770
        5.768000           0.169608E-4        1.012321           0.129360E-4        1.010770
        5.770000           0.169618E-4        1.012321           0.129366E-4        1.010770
        5.771999           0.169627E-4        1.012321           0.129373E-4        1.010770
        5.774000           0.169637E-4        1.012321           0.129379E-4        1.010771
        5.776000           0.169647E-4        1.012322           0.129386E-4        1.010771
        5.777999           0.169656E-4        1.012322           0.129392E-4        1.010771
        5.780000           0.169666E-4        1.012323           0.129399E-4        1.010772
        5.782000           0.169676E-4        1.012323           0.129405E-4        1.010772
        5.784000           0.169686E-4        1.012323           0.129411E-4        1.010772
        5.786000           0.169695E-4        1.012323           0.129418E-4        1.010772
        5.788000           0.169705E-4        1.012324           0.129425E-4        1.010773
        5.789999           0.169715E-4        1.012324           0.129431E-4        1.010773
        5.791999           0.169724E-4        1.012325           0.129438E-4        1.010773
        5.794000           0.169734E-4        1.012325           0.129444E-4        1.010773
        5.796000           0.169744E-4        1.012325           0.129450E-4        1.010774
        5.797999           0.169754E-4        1.012326           0.129457E-4        1.010774
        5.800000           0.169763E-4        1.012326           0.129463E-4        1.010774
        5.802000           0.169773E-4        1.012326           0.129470E-4        1.010774
        5.804000           0.169783E-4        1.012327           0.129476E-4        1.010775
        5.806000           0.169792E-4        1.012327           0.129483E-4        1.010775
        5.808000           0.169802E-4        1.012327           0.129489E-4        1.010775
        5.809999           0.169812E-4        1.012328           0.129496E-4        1.010775
        5.811999           0.169822E-4        1.012328           0.129502E-4        1.010776
        5.814000           0.169831E-4        1.012328           0.129509E-4        1.010776
        5.816000           0.169841E-4        1.012329           0.129515E-4        1.010776
        5.818000           0.169851E-4        1.012329           0.129522E-4        1.010776
        5.820000           0.169861E-4        1.012329           0.129528E-4        1.010777
        5.822000           0.169870E-4        1.012330           0.129535E-4        1.010777
        5.824000           0.169880E-4        1.012330           0.129541E-4        1.010777
        5.825999           0.169890E-4        1.012330           0.129548E-4        1.010777
        5.828000           0.169899E-4        1.012331           0.129554E-4        1.010778
        5.829999           0.169909E-4        1.012331           0.129561E-4        1.010778
        5.831999           0.169919E-4        1.012331           0.129567E-4        1.010778
        5.834000           0.169929E-4        1.012332           0.129574E-4        1.010779
        5.835999           0.169938E-4        1.012332           0.129580E-4        1.010779
        5.838000           0.169948E-4        1.012332           0.129586E-4        1.010779
        5.840000           0.169958E-4        1.012333           0.129593E-4        1.010779
        5.842000           0.169968E-4        1.012333           0.129599E-4        1.010780
        5.843999           0.169977E-4        1.012333           0.129606E-4        1.010780
        5.845999           0.169987E-4        1.012334           0.129612E-4        1.010780
        5.848000           0.169997E-4        1.012334           0.129619E-4        1.010780
        5.849999           0.170007E-4        1.012334           0.129625E-4        1.010781
        5.852000           0.170016E-4        1.012335           0.129632E-4        1.010781
        5.854000           0.170026E-4        1.012335           0.129638E-4        1.010781
        5.855999           0.170036E-4        1.012335           0.129645E-4        1.010781
        5.858000           0.170046E-4        1.012336           0.129651E-4        1.010782
        5.860000           0.170055E-4        1.012336           0.129658E-4        1.010782
        5.862000           0.170065E-4        1.012336           0.129664E-4        1.010782
        5.863999           0.170075E-4        1.012337           0.129671E-4        1.010782
        5.865999           0.170085E-4        1.012337           0.129677E-4        1.010783
        5.868000           0.170094E-4        1.012337           0.129684E-4        1.010783
        5.869999           0.170104E-4        1.012338           0.129690E-4        1.010783
        5.872000           0.170114E-4        1.012338           0.129697E-4        1.010783
        5.874000           0.170123E-4        1.012339           0.129703E-4        1.010784
        5.875999           0.170133E-4        1.012339           0.129710E-4        1.010784
        5.878000           0.170143E-4        1.012339           0.129716E-4        1.010784
        5.880000           0.170153E-4        1.012339           0.129723E-4        1.010785
        5.881999           0.170162E-4        1.012340           0.129729E-4        1.010785
        5.883999           0.170172E-4        1.012340           0.129736E-4        1.010785
        5.886000           0.170182E-4        1.012341           0.129742E-4        1.010785
        5.888000           0.170192E-4        1.012341           0.129749E-4        1.010785
        5.889999           0.170202E-4        1.012341           0.129755E-4        1.010786
        5.892000           0.170211E-4        1.012341           0.129762E-4        1.010786
        5.894000           0.170221E-4        1.012342           0.129768E-4        1.010786
        5.896000           0.170231E-4        1.012342           0.129775E-4        1.010787
        5.898000           0.170241E-4        1.012343           0.129781E-4        1.010787
        5.900000           0.170250E-4        1.012343           0.129788E-4        1.010787
        5.901999           0.170260E-4        1.012343           0.129794E-4        1.010787
        5.903999           0.170270E-4        1.012344           0.129801E-4        1.010788
        5.906000           0.170280E-4        1.012344           0.129808E-4        1.010788
        5.908000           0.170289E-4        1.012344           0.129814E-4        1.010788
        5.909999           0.170299E-4        1.012345           0.129820E-4        1.010788
        5.912000           0.170309E-4        1.012345           0.129827E-4        1.010789
        5.914000           0.170319E-4        1.012345           0.129833E-4        1.010789
        5.916000           0.170328E-4        1.012346           0.129840E-4        1.010789
        5.918000           0.170338E-4        1.012346           0.129846E-4        1.010789
        5.920000           0.170348E-4        1.012346           0.129853E-4        1.010790
        5.921999           0.170358E-4        1.012347           0.129859E-4        1.010790
        5.923999           0.170368E-4        1.012347           0.129866E-4        1.010790
        5.926000           0.170377E-4        1.012347           0.129872E-4        1.010790
        5.927999           0.170387E-4        1.012348           0.129879E-4        1.010791
        5.930000           0.170397E-4        1.012348           0.129886E-4        1.010791
        5.932000           0.170407E-4        1.012348           0.129892E-4        1.010791
        5.934000           0.170416E-4        1.012349           0.129899E-4        1.010792
        5.936000           0.170426E-4        1.012349           0.129905E-4        1.010792
        5.938000           0.170436E-4        1.012349           0.129912E-4        1.010792
        5.940000           0.170446E-4        1.012350           0.129918E-4        1.010792
        5.941999           0.170455E-4        1.012350           0.129925E-4        1.010792
        5.943999           0.170465E-4        1.012350           0.129931E-4        1.010793
        5.946000           0.170475E-4        1.012351           0.129938E-4        1.010793
        5.947999           0.170485E-4        1.012351           0.129944E-4        1.010793
        5.950000           0.170495E-4        1.012351           0.129951E-4        1.010794
        5.952000           0.170504E-4        1.012352           0.129957E-4        1.010794
        5.954000           0.170514E-4        1.012352           0.129964E-4        1.010794
        5.955999           0.170524E-4        1.012352           0.129970E-4        1.010794
        5.957999           0.170534E-4        1.012353           0.129977E-4        1.010795
        5.960000           0.170543E-4        1.012353           0.129983E-4        1.010795
        5.961999           0.170553E-4        1.012354           0.129990E-4        1.010795
        5.964000           0.170563E-4        1.012354           0.129996E-4        1.010795
        5.966000           0.170573E-4        1.012354           0.130003E-4        1.010796
        5.967999           0.170583E-4        1.012354           0.130009E-4        1.010796
        5.970000           0.170592E-4        1.012355           0.130016E-4        1.010796
        5.972000           0.170602E-4        1.012355           0.130022E-4        1.010796
        5.974000           0.170612E-4        1.012356           0.130029E-4        1.010797
        5.975999           0.170622E-4        1.012356           0.130036E-4        1.010797
        5.977999           0.170632E-4        1.012356           0.130042E-4        1.010797
        5.980000           0.170641E-4        1.012357           0.130048E-4        1.010798
        5.981999           0.170651E-4        1.012357           0.130055E-4        1.010798
        5.984000           0.170661E-4        1.012357           0.130062E-4        1.010798
        5.986000           0.170671E-4        1.012358           0.130068E-4        1.010798
        5.987999           0.170681E-4        1.012358           0.130074E-4        1.010798
        5.990000           0.170690E-4        1.012358           0.130081E-4        1.010799
        5.992000           0.170700E-4        1.012359           0.130088E-4        1.010799
        5.993999           0.170710E-4        1.012359           0.130094E-4        1.010799
        5.995999           0.170720E-4        1.012359           0.130101E-4        1.010800
        5.998000           0.170730E-4        1.012360           0.130107E-4        1.010800
        6.000000           0.170739E-4        1.012360           0.130114E-4        1.010800
        6.001999           0.170749E-4        1.012360           0.130120E-4        1.010800
        6.004000           0.170759E-4        1.012361           0.130127E-4        1.010801
        6.006000           0.170769E-4        1.012361           0.130133E-4        1.010801
        6.008000           0.170779E-4        1.012361           0.130140E-4        1.010801
        6.010000           0.170788E-4        1.012362           0.130146E-4        1.010801
        6.012000           0.170798E-4        1.012362           0.130153E-4        1.010802
        6.013999           0.170808E-4        1.012362           0.130159E-4        1.010802
        6.015999           0.170818E-4        1.012363           0.130166E-4        1.010802
        6.018000           0.170828E-4        1.012363           0.130172E-4        1.010802
        6.020000           0.170838E-4        1.012363           0.130179E-4        1.010803
        6.021999           0.170847E-4        1.012364           0.130185E-4        1.010803
        6.024000           0.170857E-4        1.012364           0.130192E-4        1.010803
        6.026000           0.170867E-4        1.012364           0.130199E-4        1.010803
        6.028000           0.170877E-4        1.012365           0.130205E-4        1.010804
        6.030000           0.170887E-4        1.012365           0.130212E-4        1.010804
        6.032000           0.170896E-4        1.012365           0.130218E-4        1.010804
        6.033999           0.170906E-4        1.012366           0.130225E-4        1.010805
        6.035999           0.170916E-4        1.012366           0.130231E-4        1.010805
        6.038000           0.170926E-4        1.012366           0.130238E-4        1.010805
        6.039999           0.170936E-4        1.012367           0.130244E-4        1.010805
        6.042000           0.170946E-4        1.012367           0.130251E-4        1.010805
        6.044000           0.170955E-4        1.012367           0.130257E-4        1.010806
        6.046000           0.170965E-4        1.012368           0.130264E-4        1.010806
        6.048000           0.170975E-4        1.012368           0.130271E-4        1.010806
        6.050000           0.170985E-4        1.012369           0.130277E-4        1.010807
        6.052000           0.170995E-4        1.012369           0.130284E-4        1.010807
        6.053999           0.171004E-4        1.012369           0.130290E-4        1.010807
        6.055999           0.171014E-4        1.012370           0.130297E-4        1.010807
        6.058000           0.171024E-4        1.012370           0.130303E-4        1.010808
        6.059999           0.171034E-4        1.012370           0.130310E-4        1.010808
        6.062000           0.171044E-4        1.012371           0.130316E-4        1.010808
        6.064000           0.171054E-4        1.012371           0.130323E-4        1.010808
        6.066000           0.171063E-4        1.012371           0.130329E-4        1.010809
        6.068000           0.171073E-4        1.012372           0.130336E-4        1.010809
        6.069999           0.171083E-4        1.012372           0.130342E-4        1.010809
        6.072000           0.171093E-4        1.012372           0.130349E-4        1.010809
        6.073999           0.171103E-4        1.012373           0.130356E-4        1.010810
        6.076000           0.171113E-4        1.012373           0.130362E-4        1.010810
        6.078000           0.171122E-4        1.012373           0.130369E-4        1.010810
        6.079999           0.171132E-4        1.012374           0.130375E-4        1.010810
        6.082000           0.171142E-4        1.012374           0.130382E-4        1.010811
        6.084000           0.171152E-4        1.012374           0.130388E-4        1.010811
        6.085999           0.171162E-4        1.012375           0.130395E-4        1.010811
        6.087999           0.171172E-4        1.012375           0.130402E-4        1.010812
        6.089999           0.171182E-4        1.012375           0.130408E-4        1.010812
        6.092000           0.171191E-4        1.012376           0.130415E-4        1.010812
        6.093999           0.171201E-4        1.012376           0.130421E-4        1.010812
        6.096000           0.171211E-4        1.012376           0.130428E-4        1.010813
        6.098000           0.171221E-4        1.012377           0.130434E-4        1.010813
        6.099999           0.171231E-4        1.012377           0.130441E-4        1.010813
        6.102000           0.171241E-4        1.012377           0.130447E-4        1.010813
        6.104000           0.171250E-4        1.012378           0.130454E-4        1.010814
        6.105999           0.171260E-4        1.012378           0.130460E-4        1.010814
        6.107999           0.171270E-4        1.012378           0.130467E-4        1.010814
        6.110000           0.171280E-4        1.012379           0.130474E-4        1.010814
        6.112000           0.171290E-4        1.012379           0.130480E-4        1.010815
        6.113999           0.171300E-4        1.012379           0.130487E-4        1.010815
        6.116000           0.171310E-4        1.012380           0.130493E-4        1.010815
        6.118000           0.171319E-4        1.012380           0.130500E-4        1.010816
        6.120000           0.171329E-4        1.012380           0.130506E-4        1.010816
        6.122000           0.171339E-4        1.012381           0.130513E-4        1.010816
        6.124000           0.171349E-4        1.012381           0.130520E-4        1.010816
        6.125999           0.171359E-4        1.012382           0.130526E-4        1.010816
        6.127999           0.171369E-4        1.012382           0.130533E-4        1.010817
        6.130000           0.171379E-4        1.012382           0.130539E-4        1.010817
        6.131999           0.171388E-4        1.012383           0.130546E-4        1.010817
        6.133999           0.171398E-4        1.012383           0.130552E-4        1.010818
        6.136000           0.171408E-4        1.012383           0.130559E-4        1.010818
        6.138000           0.171418E-4        1.012384           0.130565E-4        1.010818
        6.140000           0.171428E-4        1.012384           0.130572E-4        1.010818
        6.142000           0.171438E-4        1.012384           0.130579E-4        1.010819
        6.144000           0.171448E-4        1.012385           0.130585E-4        1.010819
        6.145999           0.171457E-4        1.012385           0.130592E-4        1.010819
        6.147999           0.171467E-4        1.012385           0.130598E-4        1.010819
        6.150000           0.171477E-4        1.012386           0.130605E-4        1.010820
        6.151999           0.171487E-4        1.012386           0.130611E-4        1.010820
        6.154000           0.171497E-4        1.012386           0.130618E-4        1.010820
        6.156000           0.171507E-4        1.012387           0.130624E-4        1.010820
        6.158000           0.171517E-4        1.012387           0.130631E-4        1.010821
        6.160000           0.171527E-4        1.012387           0.130638E-4        1.010821
        6.162000           0.171536E-4        1.012388           0.130644E-4        1.010821
        6.164000           0.171546E-4        1.012388           0.130651E-4        1.010821
        6.165999           0.171556E-4        1.012388           0.130657E-4        1.010822
        6.167999           0.171566E-4        1.012389           0.130664E-4        1.010822
        6.170000           0.171576E-4        1.012389           0.130671E-4        1.010822
        6.171999           0.171586E-4        1.012389           0.130677E-4        1.010823
        6.174000           0.171596E-4        1.012390           0.130684E-4        1.010823
        6.176000           0.171606E-4        1.012390           0.130690E-4        1.010823
        6.177999           0.171615E-4        1.012390           0.130697E-4        1.010823
        6.180000           0.171625E-4        1.012391           0.130703E-4        1.010823
        6.181999           0.171635E-4        1.012391           0.130710E-4        1.010824
        6.184000           0.171645E-4        1.012391           0.130717E-4        1.010824
        6.185999           0.171655E-4        1.012392           0.130723E-4        1.010824
        6.188000           0.171665E-4        1.012392           0.130730E-4        1.010825
        6.190000           0.171675E-4        1.012393           0.130736E-4        1.010825
        6.191999           0.171685E-4        1.012393           0.130743E-4        1.010825
        6.194000           0.171695E-4        1.012393           0.130749E-4        1.010825
        6.196000           0.171704E-4        1.012393           0.130756E-4        1.010826
        6.198000           0.171714E-4        1.012394           0.130763E-4        1.010826
        6.199999           0.171724E-4        1.012394           0.130769E-4        1.010826
        6.201999           0.171734E-4        1.012395           0.130776E-4        1.010826
        6.204000           0.171744E-4        1.012395           0.130782E-4        1.010827
        6.205999           0.171754E-4        1.012395           0.130789E-4        1.010827
        6.208000           0.171764E-4        1.012396           0.130795E-4        1.010827
        6.210000           0.171774E-4        1.012396           0.130802E-4        1.010827
        6.211999           0.171784E-4        1.012396           0.130809E-4        1.010828
        6.214000           0.171793E-4        1.012397           0.130815E-4        1.010828
        6.216000           0.171803E-4        1.012397           0.130822E-4        1.010828
        6.217999           0.171813E-4        1.012397           0.130828E-4        1.010828
        6.219999           0.171823E-4        1.012398           0.130835E-4        1.010829
        6.222000           0.171833E-4        1.012398           0.130842E-4        1.010829
        6.224000           0.171843E-4        1.012398           0.130848E-4        1.010829
        6.225999           0.171853E-4        1.012399           0.130855E-4        1.010830
        6.228000           0.171863E-4        1.012399           0.130861E-4        1.010830
        6.230000           0.171873E-4        1.012399           0.130868E-4        1.010830
        6.232000           0.171883E-4        1.012400           0.130875E-4        1.010830
        6.234000           0.171892E-4        1.012400           0.130881E-4        1.010831
        6.236000           0.171902E-4        1.012400           0.130888E-4        1.010831
        6.237999           0.171912E-4        1.012401           0.130894E-4        1.010831
        6.239999           0.171922E-4        1.012401           0.130901E-4        1.010831
        6.242000           0.171932E-4        1.012401           0.130907E-4        1.010832
        6.243999           0.171942E-4        1.012402           0.130914E-4        1.010832
        6.245999           0.171952E-4        1.012402           0.130921E-4        1.010832
        6.248000           0.171962E-4        1.012402           0.130927E-4        1.010832
        6.250000           0.171972E-4        1.012403           0.130934E-4        1.010833
        6.252000           0.171982E-4        1.012403           0.130940E-4        1.010833
        6.254000           0.171992E-4        1.012403           0.130947E-4        1.010833
        6.256000           0.172001E-4        1.012404           0.130954E-4        1.010834
        6.257999           0.172011E-4        1.012404           0.130960E-4        1.010834
        6.259999           0.172021E-4        1.012405           0.130967E-4        1.010834
        6.262000           0.172031E-4        1.012405           0.130973E-4        1.010834
        6.263999           0.172041E-4        1.012405           0.130980E-4        1.010835
        6.266000           0.172051E-4        1.012406           0.130986E-4        1.010835
        6.268000           0.172061E-4        1.012406           0.130993E-4        1.010835
        6.270000           0.172071E-4        1.012406           0.131000E-4        1.010835
        6.272000           0.172081E-4        1.012407           0.131006E-4        1.010836
        6.274000           0.172091E-4        1.012407           0.131013E-4        1.010836
        6.276000           0.172101E-4        1.012407           0.131019E-4        1.010836
        6.277999           0.172111E-4        1.012408           0.131026E-4        1.010836
        6.279999           0.172121E-4        1.012408           0.131033E-4        1.010837
        6.282000           0.172130E-4        1.012408           0.131039E-4        1.010837
        6.283999           0.172140E-4        1.012409           0.131046E-4        1.010837
        6.286000           0.172150E-4        1.012409           0.131053E-4        1.010837
        6.288000           0.172160E-4        1.012409           0.131059E-4        1.010838
        6.289999           0.172170E-4        1.012410           0.131066E-4        1.010838
        6.292000           0.172180E-4        1.012410           0.131072E-4        1.010838
        6.293999           0.172190E-4        1.012410           0.131079E-4        1.010839
        6.296000           0.172200E-4        1.012411           0.131086E-4        1.010839
        6.297999           0.172210E-4        1.012411           0.131092E-4        1.010839
        6.300000           0.172220E-4        1.012411           0.131099E-4        1.010839
        6.302000           0.172230E-4        1.012412           0.131105E-4        1.010839
        6.303999           0.172240E-4        1.012412           0.131112E-4        1.010840
        6.306000           0.172250E-4        1.012412           0.131119E-4        1.010840
        6.308000           0.172260E-4        1.012413           0.131125E-4        1.010840
        6.310000           0.172270E-4        1.012413           0.131132E-4        1.010841
        6.311999           0.172279E-4        1.012414           0.131138E-4        1.010841
        6.313999           0.172289E-4        1.012414           0.131145E-4        1.010841
        6.316000           0.172299E-4        1.012414           0.131152E-4        1.010841
        6.317999           0.172309E-4        1.012414           0.131158E-4        1.010842
        6.320000           0.172319E-4        1.012415           0.131165E-4        1.010842
        6.322000           0.172329E-4        1.012415           0.131171E-4        1.010842
        6.323999           0.172339E-4        1.012416           0.131178E-4        1.010842
        6.326000           0.172349E-4        1.012416           0.131185E-4        1.010843
        6.328000           0.172359E-4        1.012416           0.131191E-4        1.010843
        6.329999           0.172369E-4        1.012417           0.131198E-4        1.010843
        6.331999           0.172379E-4        1.012417           0.131204E-4        1.010843
        6.334000           0.172389E-4        1.012417           0.131211E-4        1.010844
        6.335999           0.172399E-4        1.012418           0.131218E-4        1.010844
        6.337999           0.172409E-4        1.012418           0.131224E-4        1.010844
        6.340000           0.172419E-4        1.012418           0.131231E-4        1.010844
        6.342000           0.172429E-4        1.012419           0.131238E-4        1.010845
        6.344000           0.172439E-4        1.012419           0.131244E-4        1.010845
        6.346000           0.172449E-4        1.012419           0.131251E-4        1.010845
        6.348000           0.172459E-4        1.012420           0.131257E-4        1.010846
        6.349999           0.172468E-4        1.012420           0.131264E-4        1.010846
        6.351999           0.172478E-4        1.012420           0.131271E-4        1.010846
        6.354000           0.172488E-4        1.012421           0.131277E-4        1.010846
        6.355999           0.172498E-4        1.012421           0.131284E-4        1.010847
        6.357999           0.172508E-4        1.012421           0.131291E-4        1.010847
        6.360000           0.172518E-4        1.012422           0.131297E-4        1.010847
        6.362000           0.172528E-4        1.012422           0.131304E-4        1.010847
        6.364000           0.172538E-4        1.012422           0.131310E-4        1.010848
        6.366000           0.172548E-4        1.012423           0.131317E-4        1.010848
        6.368000           0.172558E-4        1.012423           0.131324E-4        1.010848
        6.369999           0.172568E-4        1.012424           0.131330E-4        1.010848
        6.371999           0.172578E-4        1.012424           0.131337E-4        1.010849
        6.374000           0.172588E-4        1.012424           0.131343E-4        1.010849
        6.375999           0.172598E-4        1.012424           0.131350E-4        1.010849
        6.378000           0.172608E-4        1.012425           0.131357E-4        1.010849
        6.380000           0.172618E-4        1.012425           0.131363E-4        1.010850
        6.381999           0.172628E-4        1.012426           0.131370E-4        1.010850
        6.384000           0.172638E-4        1.012426           0.131377E-4        1.010850
        6.386000           0.172648E-4        1.012426           0.131383E-4        1.010851
        6.388000           0.172658E-4        1.012427           0.131390E-4        1.010851
        6.389999           0.172668E-4        1.012427           0.131396E-4        1.010851
        6.391999           0.172678E-4        1.012427           0.131403E-4        1.010851
        6.394000           0.172688E-4        1.012428           0.131410E-4        1.010852
        6.395999           0.172698E-4        1.012428           0.131416E-4        1.010852
        6.398000           0.172708E-4        1.012428           0.131423E-4        1.010852
        6.400000           0.172718E-4        1.012429           0.131430E-4        1.010852
        6.401999           0.172728E-4        1.012429           0.131436E-4        1.010853
        6.404000           0.172738E-4        1.012429           0.131443E-4        1.010853
        6.405999           0.172748E-4        1.012430           0.131450E-4        1.010853
        6.408000           0.172758E-4        1.012430           0.131456E-4        1.010853
        6.409999           0.172768E-4        1.012430           0.131463E-4        1.010854
        6.412000           0.172778E-4        1.012431           0.131469E-4        1.010854
        6.414000           0.172788E-4        1.012431           0.131476E-4        1.010854
        6.415999           0.172798E-4        1.012431           0.131483E-4        1.010854
        6.418000           0.172808E-4        1.012432           0.131489E-4        1.010855
        6.420000           0.172818E-4        1.012432           0.131496E-4        1.010855
        6.422000           0.172828E-4        1.012432           0.131503E-4        1.010855
        6.423999           0.172838E-4        1.012433           0.131509E-4        1.010856
        6.425999           0.172848E-4        1.012433           0.131516E-4        1.010856
        6.427999           0.172858E-4        1.012434           0.131523E-4        1.010856
        6.429999           0.172868E-4        1.012434           0.131529E-4        1.010856
        6.432000           0.172878E-4        1.012434           0.131536E-4        1.010857
        6.434000           0.172888E-4        1.012434           0.131543E-4        1.010857
        6.435999           0.172898E-4        1.012435           0.131549E-4        1.010857
        6.438000           0.172908E-4        1.012435           0.131556E-4        1.010857
        6.440000           0.172918E-4        1.012436           0.131562E-4        1.010858
        6.441999           0.172927E-4        1.012436           0.131569E-4        1.010858
        6.443999           0.172937E-4        1.012436           0.131576E-4        1.010858
        6.446000           0.172948E-4        1.012437           0.131582E-4        1.010858
        6.447999           0.172958E-4        1.012437           0.131589E-4        1.010859
        6.449999           0.172968E-4        1.012437           0.131596E-4        1.010859
        6.452000           0.172978E-4        1.012438           0.131602E-4        1.010859
        6.454000           0.172988E-4        1.012438           0.131609E-4        1.010859
        6.456000           0.172998E-4        1.012438           0.131616E-4        1.010860
        6.458000           0.173008E-4        1.012439           0.131622E-4        1.010860
        6.460000           0.173018E-4        1.012439           0.131629E-4        1.010860
        6.461999           0.173028E-4        1.012439           0.131635E-4        1.010861
        6.463999           0.173038E-4        1.012440           0.131642E-4        1.010861
        6.466000           0.173048E-4        1.012440           0.131649E-4        1.010861
        6.467999           0.173058E-4        1.012440           0.131655E-4        1.010861
        6.469999           0.173068E-4        1.012441           0.131662E-4        1.010862
        6.472000           0.173078E-4        1.012441           0.131669E-4        1.010862
        6.474000           0.173088E-4        1.012441           0.131676E-4        1.010862
        6.476000           0.173098E-4        1.012442           0.131682E-4        1.010862
        6.478000           0.173108E-4        1.012442           0.131689E-4        1.010863
        6.480000           0.173118E-4        1.012442           0.131695E-4        1.010863
        6.481999           0.173128E-4        1.012443           0.131702E-4        1.010863
        6.483999           0.173138E-4        1.012443           0.131709E-4        1.010863
        6.486000           0.173148E-4        1.012444           0.131715E-4        1.010864
        6.487999           0.173158E-4        1.012444           0.131722E-4        1.010864
        6.490000           0.173168E-4        1.012444           0.131729E-4        1.010864
        6.492000           0.173178E-4        1.012445           0.131735E-4        1.010864
        6.493999           0.173188E-4        1.012445           0.131742E-4        1.010865
        6.496000           0.173198E-4        1.012445           0.131748E-4        1.010865
        6.498000           0.173208E-4        1.012446           0.131755E-4        1.010865
        6.500000           0.173218E-4        1.012446           0.131762E-4        1.010866
        6.501999           0.173228E-4        1.012446           0.131768E-4        1.010866
        6.503999           0.173238E-4        1.012447           0.131775E-4        1.010866
        6.506000           0.173248E-4        1.012447           0.131782E-4        1.010866
        6.507999           0.173258E-4        1.012447           0.131789E-4        1.010867
        6.510000           0.173268E-4        1.012448           0.131795E-4        1.010867
        6.512000           0.173278E-4        1.012448           0.131802E-4        1.010867
        6.513999           0.173288E-4        1.012448           0.131809E-4        1.010867
        6.516000           0.173298E-4        1.012449           0.131815E-4        1.010868
        6.518000           0.173308E-4        1.012449           0.131822E-4        1.010868
        6.520000           0.173318E-4        1.012449           0.131828E-4        1.010868
        6.521999           0.173328E-4        1.012450           0.131835E-4        1.010868
        6.524000           0.173338E-4        1.012450           0.131842E-4        1.010869
        6.526000           0.173348E-4        1.012450           0.131848E-4        1.010869
        6.527999           0.173358E-4        1.012451           0.131855E-4        1.010869
        6.530000           0.173368E-4        1.012451           0.131862E-4        1.010870
        6.532000           0.173378E-4        1.012452           0.131868E-4        1.010870
        6.534000           0.173388E-4        1.012452           0.131875E-4        1.010870
        6.535999           0.173398E-4        1.012452           0.131882E-4        1.010870
        6.537999           0.173408E-4        1.012452           0.131888E-4        1.010871
        6.539999           0.173418E-4        1.012453           0.131895E-4        1.010871
        6.541999           0.173429E-4        1.012453           0.131902E-4        1.010871
        6.544000           0.173439E-4        1.012454           0.131909E-4        1.010871
        6.546000           0.173449E-4        1.012454           0.131915E-4        1.010872
        6.547999           0.173459E-4        1.012454           0.131922E-4        1.010872
        6.550000           0.173469E-4        1.012455           0.131929E-4        1.010872
        6.552000           0.173479E-4        1.012455           0.131935E-4        1.010872
        6.553999           0.173489E-4        1.012455           0.131942E-4        1.010873
        6.555999           0.173499E-4        1.012456           0.131948E-4        1.010873
        6.558000           0.173509E-4        1.012456           0.131955E-4        1.010873
        6.559999           0.173519E-4        1.012456           0.131962E-4        1.010873
        6.561999           0.173529E-4        1.012457           0.131969E-4        1.010874
        6.564000           0.173539E-4        1.012457           0.131975E-4        1.010874
        6.566000           0.173549E-4        1.012457           0.131982E-4        1.010874
        6.568000           0.173559E-4        1.012458           0.131989E-4        1.010875
        6.570000           0.173569E-4        1.012458           0.131995E-4        1.010875
        6.572000           0.173579E-4        1.012458           0.132002E-4        1.010875
        6.573999           0.173589E-4        1.012459           0.132009E-4        1.010875
        6.575999           0.173599E-4        1.012459           0.132015E-4        1.010876
        6.578000           0.173609E-4        1.012460           0.132022E-4        1.010876
        6.579999           0.173620E-4        1.012460           0.132029E-4        1.010876
        6.581999           0.173630E-4        1.012460           0.132035E-4        1.010876
        6.584000           0.173640E-4        1.012460           0.132042E-4        1.010877
        6.585999           0.173650E-4        1.012461           0.132049E-4        1.010877
        6.588000           0.173660E-4        1.012461           0.132055E-4        1.010877
        6.590000           0.173670E-4        1.012462           0.132062E-4        1.010877
        6.592000           0.173680E-4        1.012462           0.132069E-4        1.010878
        6.593999           0.173690E-4        1.012462           0.132075E-4        1.010878
        6.595999           0.173700E-4        1.012463           0.132082E-4        1.010878
        6.598000           0.173710E-4        1.012463           0.132089E-4        1.010878
        6.599999           0.173720E-4        1.012463           0.132095E-4        1.010879
        6.602000           0.173730E-4        1.012464           0.132102E-4        1.010879
        6.604000           0.173740E-4        1.012464           0.132109E-4        1.010879
        6.605999           0.173750E-4        1.012464           0.132116E-4        1.010880
        6.608000           0.173760E-4        1.012465           0.132122E-4        1.010880
        6.610000           0.173771E-4        1.012465           0.132129E-4        1.010880
        6.612000           0.173781E-4        1.012465           0.132135E-4        1.010880
        6.613999           0.173791E-4        1.012466           0.132142E-4        1.010881
        6.615999           0.173801E-4        1.012466           0.132149E-4        1.010881
        6.618000           0.173811E-4        1.012466           0.132155E-4        1.010881
        6.619999           0.173821E-4        1.012467           0.132162E-4        1.010881
        6.622000           0.173831E-4        1.012467           0.132169E-4        1.010882
        6.624000           0.173841E-4        1.012468           0.132176E-4        1.010882
        6.625999           0.173851E-4        1.012468           0.132182E-4        1.010882
        6.628000           0.173861E-4        1.012468           0.132189E-4        1.010882
        6.630000           0.173871E-4        1.012468           0.132196E-4        1.010883
        6.631999           0.173881E-4        1.012469           0.132202E-4        1.010883
        6.633999           0.173891E-4        1.012469           0.132209E-4        1.010883
        6.636000           0.173902E-4        1.012470           0.132216E-4        1.010883
        6.638000           0.173912E-4        1.012470           0.132223E-4        1.010884
        6.639999           0.173922E-4        1.012470           0.132229E-4        1.010884
        6.642000           0.173932E-4        1.012471           0.132236E-4        1.010884
        6.644000           0.173942E-4        1.012471           0.132243E-4        1.010885
        6.646000           0.173952E-4        1.012471           0.132249E-4        1.010885
        6.648000           0.173962E-4        1.012472           0.132256E-4        1.010885
        6.649999           0.173972E-4        1.012472           0.132263E-4        1.010885
        6.651999           0.173982E-4        1.012472           0.132269E-4        1.010886
        6.653999           0.173992E-4        1.012473           0.132276E-4        1.010886
        6.656000           0.174002E-4        1.012473           0.132283E-4        1.010886
        6.658000           0.174013E-4        1.012473           0.132289E-4        1.010886
        6.659999           0.174023E-4        1.012474           0.132296E-4        1.010887
        6.662000           0.174033E-4        1.012474           0.132303E-4        1.010887
        6.664000           0.174043E-4        1.012474           0.132310E-4        1.010887
        6.665999           0.174053E-4        1.012475           0.132316E-4        1.010888
        6.667999           0.174063E-4        1.012475           0.132323E-4        1.010888
        6.669999           0.174073E-4        1.012475           0.132330E-4        1.010888
        6.671999           0.174083E-4        1.012476           0.132336E-4        1.010888
        6.673999           0.174093E-4        1.012476           0.132343E-4        1.010889
        6.676000           0.174103E-4        1.012477           0.132350E-4        1.010889
        6.677999           0.174114E-4        1.012477           0.132356E-4        1.010889
        6.680000           0.174124E-4        1.012477           0.132363E-4        1.010889
        6.682000           0.174134E-4        1.012478           0.132370E-4        1.010890
        6.684000           0.174144E-4        1.012478           0.132377E-4        1.010890
        6.685999           0.174154E-4        1.012478           0.132383E-4        1.010890
        6.687999           0.174164E-4        1.012479           0.132390E-4        1.010890
        6.690000           0.174174E-4        1.012479           0.132397E-4        1.010891
        6.691999           0.174184E-4        1.012479           0.132403E-4        1.010891
        6.693999           0.174194E-4        1.012480           0.132410E-4        1.010891
        6.696000           0.174205E-4        1.012480           0.132417E-4        1.010891
        6.697999           0.174215E-4        1.012480           0.132423E-4        1.010892
        6.700000           0.174225E-4        1.012481           0.132430E-4        1.010892
        6.702000           0.174235E-4        1.012481           0.132437E-4        1.010892
        6.704000           0.174245E-4        1.012481           0.132444E-4        1.010893
        6.705999           0.174255E-4        1.012482           0.132450E-4        1.010893
        6.707999           0.174265E-4        1.012482           0.132457E-4        1.010893
        6.710000           0.174275E-4        1.012482           0.132464E-4        1.010893
        6.711999           0.174285E-4        1.012483           0.132471E-4        1.010894
        6.714000           0.174296E-4        1.012483           0.132477E-4        1.010894
        6.716000           0.174306E-4        1.012483           0.132484E-4        1.010894
        6.717999           0.174316E-4        1.012484           0.132491E-4        1.010894
        6.720000           0.174326E-4        1.012484           0.132497E-4        1.010895
        6.722000           0.174336E-4        1.012485           0.132504E-4        1.010895
        6.724000           0.174346E-4        1.012485           0.132511E-4        1.010895
        6.725999           0.174356E-4        1.012485           0.132517E-4        1.010895
        6.727999           0.174366E-4        1.012486           0.132524E-4        1.010896
        6.730000           0.174377E-4        1.012486           0.132531E-4        1.010896
        6.731999           0.174387E-4        1.012486           0.132538E-4        1.010896
        6.734000           0.174397E-4        1.012487           0.132544E-4        1.010896
        6.736000           0.174407E-4        1.012487           0.132551E-4        1.010897
        6.737999           0.174417E-4        1.012487           0.132558E-4        1.010897
        6.740000           0.174427E-4        1.012488           0.132564E-4        1.010897
        6.742000           0.174437E-4        1.012488           0.132571E-4        1.010898
        6.743999           0.174448E-4        1.012488           0.132578E-4        1.010898
        6.745999           0.174458E-4        1.012489           0.132585E-4        1.010898
        6.748000           0.174468E-4        1.012489           0.132592E-4        1.010898
        6.750000           0.174478E-4        1.012489           0.132598E-4        1.010899
        6.751999           0.174488E-4        1.012490           0.132605E-4        1.010899
        6.754000           0.174498E-4        1.012490           0.132612E-4        1.010899
        6.756000           0.174508E-4        1.012491           0.132618E-4        1.010899
        6.758000           0.174518E-4        1.012491           0.132625E-4        1.010900
        6.760000           0.174529E-4        1.012491           0.132632E-4        1.010900
        6.761999           0.174539E-4        1.012491           0.132639E-4        1.010900
        6.763999           0.174549E-4        1.012492           0.132645E-4        1.010900
        6.765999           0.174559E-4        1.012492           0.132652E-4        1.010901
        6.768000           0.174569E-4        1.012493           0.132659E-4        1.010901
        6.770000           0.174579E-4        1.012493           0.132665E-4        1.010901
        6.771999           0.174589E-4        1.012493           0.132672E-4        1.010901
        6.774000           0.174600E-4        1.012494           0.132679E-4        1.010902
        6.776000           0.174610E-4        1.012494           0.132686E-4        1.010902
        6.778000           0.174620E-4        1.012494           0.132692E-4        1.010902
        6.779999           0.174630E-4        1.012495           0.132699E-4        1.010903
        6.781999           0.174640E-4        1.012495           0.132706E-4        1.010903
        6.783999           0.174650E-4        1.012495           0.132713E-4        1.010903
        6.785999           0.174660E-4        1.012496           0.132719E-4        1.010903
        6.788000           0.174671E-4        1.012496           0.132726E-4        1.010904
        6.789999           0.174681E-4        1.012496           0.132733E-4        1.010904
        6.792000           0.174691E-4        1.012497           0.132739E-4        1.010904
        6.794000           0.174701E-4        1.012497           0.132746E-4        1.010904
        6.796000           0.174711E-4        1.012497           0.132753E-4        1.010905
        6.797999           0.174721E-4        1.012498           0.132760E-4        1.010905
        6.799999           0.174732E-4        1.012498           0.132766E-4        1.010905
        6.802000           0.174742E-4        1.012498           0.132773E-4        1.010906
        6.804000           0.174752E-4        1.012499           0.132780E-4        1.010906
        6.806000           0.174762E-4        1.012499           0.132787E-4        1.010906
        6.808000           0.174772E-4        1.012500           0.132793E-4        1.010906
        6.809999           0.174782E-4        1.012500           0.132800E-4        1.010907
        6.811999           0.174793E-4        1.012500           0.132807E-4        1.010907
        6.814000           0.174803E-4        1.012501           0.132814E-4        1.010907
        6.816000           0.174813E-4        1.012501           0.132820E-4        1.010907
        6.817999           0.174823E-4        1.012501           0.132827E-4        1.010908
        6.819999           0.174833E-4        1.012502           0.132834E-4        1.010908
        6.821999           0.174843E-4        1.012502           0.132841E-4        1.010908
        6.824000           0.174854E-4        1.012502           0.132847E-4        1.010908
        6.826000           0.174864E-4        1.012503           0.132854E-4        1.010909
        6.828000           0.174874E-4        1.012503           0.132861E-4        1.010909
        6.829999           0.174884E-4        1.012503           0.132867E-4        1.010909
        6.831999           0.174894E-4        1.012504           0.132874E-4        1.010909
        6.834000           0.174904E-4        1.012504           0.132881E-4        1.010910
        6.835999           0.174915E-4        1.012504           0.132888E-4        1.010910
        6.837999           0.174925E-4        1.012505           0.132894E-4        1.010910
        6.839999           0.174935E-4        1.012505           0.132901E-4        1.010911
        6.841999           0.174945E-4        1.012506           0.132908E-4        1.010911
        6.844000           0.174955E-4        1.012506           0.132915E-4        1.010911
        6.846000           0.174965E-4        1.012506           0.132921E-4        1.010911
        6.848000           0.174976E-4        1.012506           0.132928E-4        1.010912
        6.849999           0.174986E-4        1.012507           0.132935E-4        1.010912
        6.851999           0.174996E-4        1.012507           0.132942E-4        1.010912
        6.854000           0.175006E-4        1.012508           0.132948E-4        1.010912
        6.855999           0.175016E-4        1.012508           0.132955E-4        1.010913
        6.857999           0.175027E-4        1.012508           0.132962E-4        1.010913
        6.859999           0.175037E-4        1.012509           0.132969E-4        1.010913
        6.861999           0.175047E-4        1.012509           0.132975E-4        1.010913
        6.864000           0.175057E-4        1.012509           0.132982E-4        1.010914
        6.866000           0.175067E-4        1.012510           0.132989E-4        1.010914
        6.868000           0.175078E-4        1.012510           0.132996E-4        1.010914
        6.869999           0.175088E-4        1.012510           0.133002E-4        1.010915
        6.871999           0.175098E-4        1.012511           0.133009E-4        1.010915
        6.874000           0.175108E-4        1.012511           0.133016E-4        1.010915
        6.875999           0.175118E-4        1.012511           0.133023E-4        1.010915
        6.877999           0.175128E-4        1.012512           0.133030E-4        1.010916
        6.879999           0.175139E-4        1.012512           0.133036E-4        1.010916
        6.882000           0.175149E-4        1.012512           0.133043E-4        1.010916
        6.884000           0.175159E-4        1.012513           0.133050E-4        1.010916
        6.886000           0.175169E-4        1.012513           0.133057E-4        1.010917
        6.888000           0.175179E-4        1.012514           0.133063E-4        1.010917
        6.889999           0.175190E-4        1.012514           0.133070E-4        1.010917
        6.892000           0.175200E-4        1.012514           0.133077E-4        1.010917
        6.894000           0.175210E-4        1.012515           0.133084E-4        1.010918
        6.895999           0.175220E-4        1.012515           0.133090E-4        1.010918
        6.897999           0.175230E-4        1.012515           0.133097E-4        1.010918
        6.899999           0.175241E-4        1.012516           0.133104E-4        1.010918
        6.902000           0.175251E-4        1.012516           0.133111E-4        1.010919
        6.904000           0.175261E-4        1.012516           0.133117E-4        1.010919
        6.906000           0.175271E-4        1.012517           0.133124E-4        1.010919
        6.908000           0.175281E-4        1.012517           0.133131E-4        1.010920
        6.909999           0.175292E-4        1.012517           0.133138E-4        1.010920
        6.912000           0.175302E-4        1.012518           0.133144E-4        1.010920
        6.914000           0.175312E-4        1.012518           0.133151E-4        1.010920
        6.915999           0.175322E-4        1.012518           0.133158E-4        1.010921
        6.917999           0.175333E-4        1.012519           0.133165E-4        1.010921
        6.919999           0.175343E-4        1.012519           0.133171E-4        1.010921
        6.922000           0.175353E-4        1.012519           0.133178E-4        1.010921
        6.924000           0.175363E-4        1.012520           0.133185E-4        1.010922
        6.926000           0.175373E-4        1.012520           0.133192E-4        1.010922
        6.927999           0.175384E-4        1.012521           0.133199E-4        1.010922
        6.929999           0.175394E-4        1.012521           0.133205E-4        1.010923
        6.932000           0.175404E-4        1.012521           0.133212E-4        1.010923
        6.934000           0.175414E-4        1.012522           0.133219E-4        1.010923
        6.935999           0.175425E-4        1.012522           0.133225E-4        1.010923
        6.937999           0.175435E-4        1.012522           0.133232E-4        1.010924
        6.939999           0.175445E-4        1.012523           0.133239E-4        1.010924
        6.942000           0.175455E-4        1.012523           0.133246E-4        1.010924
        6.944000           0.175465E-4        1.012523           0.133253E-4        1.010924
        6.946000           0.175476E-4        1.012524           0.133259E-4        1.010925
        6.947999           0.175486E-4        1.012524           0.133266E-4        1.010925
        6.949999           0.175496E-4        1.012524           0.133273E-4        1.010925
        6.952000           0.175506E-4        1.012525           0.133280E-4        1.010925
        6.954000           0.175517E-4        1.012525           0.133286E-4        1.010926
        6.955999           0.175527E-4        1.012525           0.133293E-4        1.010926
        6.957999           0.175537E-4        1.012526           0.133300E-4        1.010926
        6.960000           0.175547E-4        1.012526           0.133307E-4        1.010926
        6.962000           0.175557E-4        1.012527           0.133314E-4        1.010927
        6.964000           0.175568E-4        1.012527           0.133320E-4        1.010927
        6.966000           0.175578E-4        1.012527           0.133327E-4        1.010927
        6.967999           0.175588E-4        1.012528           0.133334E-4        1.010928
        6.970000           0.175598E-4        1.012528           0.133341E-4        1.010928
        6.972000           0.175609E-4        1.012528           0.133348E-4        1.010928
        6.974000           0.175619E-4        1.012529           0.133354E-4        1.010928
        6.975999           0.175629E-4        1.012529           0.133361E-4        1.010929
        6.977999           0.175639E-4        1.012529           0.133368E-4        1.010929
        6.980000           0.175650E-4        1.012530           0.133375E-4        1.010929
        6.982000           0.175660E-4        1.012530           0.133381E-4        1.010929
        6.984000           0.175670E-4        1.012530           0.133388E-4        1.010930
        6.985999           0.175680E-4        1.012531           0.133395E-4        1.010930
        6.987999           0.175691E-4        1.012531           0.133402E-4        1.010930
        6.990000           0.175701E-4        1.012531           0.133409E-4        1.010931
        6.992000           0.175711E-4        1.012532           0.133416E-4        1.010931
        6.993999           0.175721E-4        1.012532           0.133422E-4        1.010931
        6.995999           0.175732E-4        1.012532           0.133429E-4        1.010931
        6.997999           0.175742E-4        1.012533           0.133436E-4        1.010932
        7.000000           0.175752E-4        1.012533           0.133443E-4        1.010932
        7.002000           0.175762E-4        1.012534           0.133449E-4        1.010932
        7.003999           0.175772E-4        1.012534           0.133456E-4        1.010932
        7.005999           0.175783E-4        1.012534           0.133463E-4        1.010933
        7.007999           0.175793E-4        1.012535           0.133470E-4        1.010933
        7.010000           0.175803E-4        1.012535           0.133476E-4        1.010933
        7.012000           0.175814E-4        1.012535           0.133483E-4        1.010933
        7.013999           0.175824E-4        1.012536           0.133490E-4        1.010934
        7.015999           0.175834E-4        1.012536           0.133497E-4        1.010934
        7.017999           0.175844E-4        1.012536           0.133504E-4        1.010934
        7.020000           0.175855E-4        1.012537           0.133511E-4        1.010934
        7.021999           0.175865E-4        1.012537           0.133517E-4        1.010935
        7.023999           0.175875E-4        1.012537           0.133524E-4        1.010935
        7.025999           0.175885E-4        1.012538           0.133531E-4        1.010935
        7.028000           0.175896E-4        1.012538           0.133538E-4        1.010936
        7.030000           0.175906E-4        1.012538           0.133544E-4        1.010936
        7.032000           0.175916E-4        1.012539           0.133551E-4        1.010936
        7.033999           0.175926E-4        1.012539           0.133558E-4        1.010936
        7.035999           0.175937E-4        1.012540           0.133565E-4        1.010937
        7.038000           0.175947E-4        1.012540           0.133572E-4        1.010937
        7.039999           0.175957E-4        1.012540           0.133579E-4        1.010937
        7.041999           0.175968E-4        1.012541           0.133585E-4        1.010937
        7.043999           0.175978E-4        1.012541           0.133592E-4        1.010938
        7.045999           0.175988E-4        1.012541           0.133599E-4        1.010938
        7.048000           0.175998E-4        1.012542           0.133606E-4        1.010938
        7.050000           0.176009E-4        1.012542           0.133613E-4        1.010939
        7.052000           0.176019E-4        1.012542           0.133619E-4        1.010939
        7.053999           0.176029E-4        1.012543           0.133626E-4        1.010939
        7.055999           0.176039E-4        1.012543           0.133633E-4        1.010939
        7.058000           0.176050E-4        1.012543           0.133640E-4        1.010940
        7.059999           0.176060E-4        1.012544           0.133647E-4        1.010940
        7.061999           0.176070E-4        1.012544           0.133653E-4        1.010940
        7.063999           0.176081E-4        1.012545           0.133660E-4        1.010940
        7.065999           0.176091E-4        1.012545           0.133667E-4        1.010941
        7.068000           0.176101E-4        1.012545           0.133674E-4        1.010941
        7.070000           0.176111E-4        1.012545           0.133680E-4        1.010941
        7.072000           0.176122E-4        1.012546           0.133687E-4        1.010942
        7.073999           0.176132E-4        1.012546           0.133694E-4        1.010942
        7.075999           0.176142E-4        1.012547           0.133701E-4        1.010942
        7.078000           0.176153E-4        1.012547           0.133708E-4        1.010942
        7.079999           0.176163E-4        1.012547           0.133715E-4        1.010942
        7.081999           0.176173E-4        1.012548           0.133721E-4        1.010943
        7.083999           0.176183E-4        1.012548           0.133728E-4        1.010943
        7.085999           0.176194E-4        1.012548           0.133735E-4        1.010943
        7.088000           0.176204E-4        1.012549           0.133742E-4        1.010944
        7.090000           0.176214E-4        1.012549           0.133749E-4        1.010944
        7.092000           0.176225E-4        1.012549           0.133755E-4        1.010944
        7.093999           0.176235E-4        1.012550           0.133762E-4        1.010944
        7.095999           0.176245E-4        1.012550           0.133769E-4        1.010945
        7.098000           0.176255E-4        1.012550           0.133776E-4        1.010945
        7.099999           0.176266E-4        1.012551           0.133783E-4        1.010945
        7.101999           0.176276E-4        1.012551           0.133790E-4        1.010945
        7.103999           0.176286E-4        1.012552           0.133796E-4        1.010946
        7.106000           0.176297E-4        1.012552           0.133803E-4        1.010946
        7.108000           0.176307E-4        1.012552           0.133810E-4        1.010946
        7.110000           0.176317E-4        1.012552           0.133817E-4        1.010947
        7.112000           0.176328E-4        1.012553           0.133824E-4        1.010947
        7.113999           0.176338E-4        1.012553           0.133831E-4        1.010947
        7.116000           0.176348E-4        1.012554           0.133837E-4        1.010947
        7.118000           0.176358E-4        1.012554           0.133844E-4        1.010948
        7.119999           0.176369E-4        1.012554           0.133851E-4        1.010948
        7.121999           0.176379E-4        1.012555           0.133858E-4        1.010948
        7.123999           0.176389E-4        1.012555           0.133865E-4        1.010948
        7.126000           0.176400E-4        1.012555           0.133871E-4        1.010949
        7.128000           0.176410E-4        1.012556           0.133878E-4        1.010949
        7.130000           0.176420E-4        1.012556           0.133885E-4        1.010949
        7.131999           0.176431E-4        1.012556           0.133892E-4        1.010949
        7.133999           0.176441E-4        1.012557           0.133899E-4        1.010950
        7.136000           0.176451E-4        1.012557           0.133905E-4        1.010950
        7.138000           0.176462E-4        1.012558           0.133912E-4        1.010950
        7.139999           0.176472E-4        1.012558           0.133919E-4        1.010951
        7.141999           0.176482E-4        1.012558           0.133926E-4        1.010951
        7.143999           0.176493E-4        1.012559           0.133933E-4        1.010951
        7.146000           0.176503E-4        1.012559           0.133940E-4        1.010951
        7.148000           0.176513E-4        1.012559           0.133946E-4        1.010952
        7.150000           0.176524E-4        1.012560           0.133953E-4        1.010952
        7.151999           0.176534E-4        1.012560           0.133960E-4        1.010952
        7.153999           0.176544E-4        1.012560           0.133967E-4        1.010952
        7.156000           0.176554E-4        1.012561           0.133974E-4        1.010953
        7.158000           0.176565E-4        1.012561           0.133981E-4        1.010953
        7.159999           0.176575E-4        1.012561           0.133988E-4        1.010953
        7.161999           0.176585E-4        1.012562           0.133994E-4        1.010954
        7.163999           0.176596E-4        1.012562           0.134001E-4        1.010954
        7.166000           0.176606E-4        1.012562           0.134008E-4        1.010954
        7.168000           0.176616E-4        1.012563           0.134015E-4        1.010954
        7.170000           0.176627E-4        1.012563           0.134022E-4        1.010955
        7.171999           0.176637E-4        1.012563           0.134029E-4        1.010955
        7.173999           0.176647E-4        1.012564           0.134035E-4        1.010955
        7.176000           0.176658E-4        1.012564           0.134042E-4        1.010955
        7.177999           0.176668E-4        1.012565           0.134049E-4        1.010956
        7.179999           0.176678E-4        1.012565           0.134056E-4        1.010956
        7.181999           0.176689E-4        1.012565           0.134063E-4        1.010956
        7.184000           0.176699E-4        1.012566           0.134069E-4        1.010956
        7.186000           0.176709E-4        1.012566           0.134076E-4        1.010957
        7.188000           0.176720E-4        1.012566           0.134083E-4        1.010957
        7.190000           0.176730E-4        1.012567           0.134090E-4        1.010957
        7.191999           0.176740E-4        1.012567           0.134097E-4        1.010957
        7.194000           0.176751E-4        1.012567           0.134104E-4        1.010958
        7.196000           0.176761E-4        1.012568           0.134111E-4        1.010958
        7.197999           0.176771E-4        1.012568           0.134117E-4        1.010958
        7.199999           0.176782E-4        1.012568           0.134124E-4        1.010959
        7.201999           0.176792E-4        1.012569           0.134131E-4        1.010959
        7.204000           0.176803E-4        1.012569           0.134138E-4        1.010959
        7.206000           0.176813E-4        1.012570           0.134145E-4        1.010959
        7.208000           0.176823E-4        1.012570           0.134152E-4        1.010960
        7.210000           0.176834E-4        1.012570           0.134158E-4        1.010960
        7.211999           0.176844E-4        1.012571           0.134165E-4        1.010960
        7.214000           0.176854E-4        1.012571           0.134172E-4        1.010960
        7.216000           0.176865E-4        1.012571           0.134179E-4        1.010961
        7.217999           0.176875E-4        1.012572           0.134186E-4        1.010961
        7.219999           0.176885E-4        1.012572           0.134193E-4        1.010961
        7.221999           0.176896E-4        1.012572           0.134200E-4        1.010962
        7.224000           0.176906E-4        1.012573           0.134206E-4        1.010962
        7.226000           0.176916E-4        1.012573           0.134213E-4        1.010962
        7.228000           0.176927E-4        1.012573           0.134220E-4        1.010962
        7.229999           0.176937E-4        1.012574           0.134227E-4        1.010963
        7.231999           0.176947E-4        1.012574           0.134234E-4        1.010963
        7.234000           0.176958E-4        1.012574           0.134241E-4        1.010963
        7.236000           0.176968E-4        1.012575           0.134248E-4        1.010963
        7.237999           0.176979E-4        1.012575           0.134254E-4        1.010964
        7.239999           0.176989E-4        1.012576           0.134261E-4        1.010964
        7.241999           0.176999E-4        1.012576           0.134268E-4        1.010964
        7.244000           0.177010E-4        1.012576           0.134275E-4        1.010965
        7.245999           0.177020E-4        1.012577           0.134282E-4        1.010965
        7.247999           0.177030E-4        1.012577           0.134289E-4        1.010965
        7.249999           0.177041E-4        1.012577           0.134296E-4        1.010965
        7.251999           0.177051E-4        1.012578           0.134302E-4        1.010966
        7.254000           0.177061E-4        1.012578           0.134309E-4        1.010966
        7.256000           0.177072E-4        1.012578           0.134316E-4        1.010966
        7.257999           0.177082E-4        1.012579           0.134323E-4        1.010966
        7.259999           0.177093E-4        1.012579           0.134330E-4        1.010967
        7.262000           0.177103E-4        1.012579           0.134336E-4        1.010967
        7.263999           0.177113E-4        1.012580           0.134344E-4        1.010967
        7.265999           0.177124E-4        1.012580           0.134350E-4        1.010967
        7.267999           0.177134E-4        1.012581           0.134357E-4        1.010968
        7.269999           0.177144E-4        1.012581           0.134364E-4        1.010968
        7.272000           0.177155E-4        1.012581           0.134371E-4        1.010968
        7.274000           0.177165E-4        1.012582           0.134378E-4        1.010969
        7.276000           0.177176E-4        1.012582           0.134385E-4        1.010969
        7.277999           0.177186E-4        1.012582           0.134392E-4        1.010969
        7.279999           0.177196E-4        1.012583           0.134398E-4        1.010969
        7.282000           0.177207E-4        1.012583           0.134405E-4        1.010970
        7.283999           0.177217E-4        1.012583           0.134412E-4        1.010970
        7.285999           0.177227E-4        1.012584           0.134419E-4        1.010970
        7.287999           0.177238E-4        1.012584           0.134426E-4        1.010970
        7.289999           0.177248E-4        1.012584           0.134433E-4        1.010971
        7.292000           0.177259E-4        1.012585           0.134440E-4        1.010971
        7.294000           0.177269E-4        1.012585           0.134446E-4        1.010971
        7.296000           0.177279E-4        1.012585           0.134453E-4        1.010971
        7.297999           0.177290E-4        1.012586           0.134460E-4        1.010972
        7.299999           0.177300E-4        1.012586           0.134467E-4        1.010972
        7.302000           0.177311E-4        1.012586           0.134474E-4        1.010972
        7.303999           0.177321E-4        1.012587           0.134481E-4        1.010972
        7.305999           0.177331E-4        1.012587           0.134488E-4        1.010973
        7.307999           0.177342E-4        1.012588           0.134494E-4        1.010973
        7.309999           0.177352E-4        1.012588           0.134501E-4        1.010973
        7.312000           0.177363E-4        1.012588           0.134508E-4        1.010974
        7.314000           0.177373E-4        1.012589           0.134515E-4        1.010974
        7.316000           0.177383E-4        1.012589           0.134522E-4        1.010974
        7.317999           0.177394E-4        1.012589           0.134529E-4        1.010974
        7.319999           0.177404E-4        1.012590           0.134536E-4        1.010975
        7.322000           0.177415E-4        1.012590           0.134542E-4        1.010975
        7.323999           0.177425E-4        1.012590           0.134549E-4        1.010975
        7.325999           0.177435E-4        1.012591           0.134556E-4        1.010975
        7.327999           0.177446E-4        1.012591           0.134563E-4        1.010976
        7.330000           0.177456E-4        1.012591           0.134570E-4        1.010976
        7.332000           0.177467E-4        1.012592           0.134577E-4        1.010976
        7.334000           0.177477E-4        1.012592           0.134584E-4        1.010977
        7.335999           0.177487E-4        1.012593           0.134591E-4        1.010977
        7.337999           0.177498E-4        1.012593           0.134598E-4        1.010977
        7.340000           0.177508E-4        1.012593           0.134605E-4        1.010977
        7.342000           0.177519E-4        1.012594           0.134611E-4        1.010978
        7.343999           0.177529E-4        1.012594           0.134618E-4        1.010978
        7.345999           0.177539E-4        1.012594           0.134625E-4        1.010978
        7.347999           0.177550E-4        1.012595           0.134632E-4        1.010978
        7.350000           0.177560E-4        1.012595           0.134639E-4        1.010979
        7.352000           0.177571E-4        1.012595           0.134646E-4        1.010979
        7.354000           0.177581E-4        1.012596           0.134653E-4        1.010979
        7.355999           0.177591E-4        1.012596           0.134660E-4        1.010980
        7.357999           0.177602E-4        1.012596           0.134667E-4        1.010980
        7.360000           0.177612E-4        1.012597           0.134673E-4        1.010980
        7.362000           0.177623E-4        1.012597           0.134680E-4        1.010980
        7.363999           0.177633E-4        1.012598           0.134687E-4        1.010981
        7.365999           0.177644E-4        1.012598           0.134694E-4        1.010981
        7.367999           0.177654E-4        1.012598           0.134701E-4        1.010981
        7.370000           0.177664E-4        1.012599           0.134708E-4        1.010981
        7.372000           0.177675E-4        1.012599           0.134715E-4        1.010982
        7.374000           0.177685E-4        1.012599           0.134722E-4        1.010982
        7.375999           0.177696E-4        1.012600           0.134728E-4        1.010982
        7.377999           0.177706E-4        1.012600           0.134735E-4        1.010983
        7.380000           0.177717E-4        1.012600           0.134742E-4        1.010983
        7.381999           0.177727E-4        1.012601           0.134749E-4        1.010983
        7.383999           0.177737E-4        1.012601           0.134756E-4        1.010983
        7.385999           0.177748E-4        1.012601           0.134763E-4        1.010984
        7.387999           0.177758E-4        1.012602           0.134770E-4        1.010984
        7.390000           0.177769E-4        1.012602           0.134777E-4        1.010984
        7.392000           0.177779E-4        1.012602           0.134783E-4        1.010984
        7.394000           0.177790E-4        1.012603           0.134791E-4        1.010985
        7.395999           0.177800E-4        1.012603           0.134797E-4        1.010985
        7.397999           0.177810E-4        1.012604           0.134804E-4        1.010985
        7.400000           0.177821E-4        1.012604           0.134811E-4        1.010985
        7.401999           0.177831E-4        1.012604           0.134818E-4        1.010986
        7.403999           0.177842E-4        1.012605           0.134825E-4        1.010986
        7.405999           0.177852E-4        1.012605           0.134832E-4        1.010986
        7.408000           0.177863E-4        1.012605           0.134839E-4        1.010987
        7.410000           0.177873E-4        1.012606           0.134846E-4        1.010987
        7.412000           0.177884E-4        1.012606           0.134853E-4        1.010987
        7.414000           0.177894E-4        1.012606           0.134860E-4        1.010987
        7.415999           0.177904E-4        1.012607           0.134866E-4        1.010988
        7.418000           0.177915E-4        1.012607           0.134873E-4        1.010988
        7.420000           0.177925E-4        1.012607           0.134880E-4        1.010988
        7.421999           0.177936E-4        1.012608           0.134887E-4        1.010988
        7.423999           0.177946E-4        1.012608           0.134894E-4        1.010989
        7.425999           0.177957E-4        1.012609           0.134901E-4        1.010989
        7.428000           0.177967E-4        1.012609           0.134908E-4        1.010989
        7.430000           0.177978E-4        1.012609           0.134915E-4        1.010990
        7.432000           0.177988E-4        1.012610           0.134922E-4        1.010990
        7.434000           0.177998E-4        1.012610           0.134929E-4        1.010990
        7.435999           0.178009E-4        1.012610           0.134935E-4        1.010990
        7.438000           0.178019E-4        1.012611           0.134942E-4        1.010991
        7.440000           0.178030E-4        1.012611           0.134949E-4        1.010991
        7.441999           0.178040E-4        1.012611           0.134956E-4        1.010991
        7.443999           0.178051E-4        1.012612           0.134963E-4        1.010991
        7.445999           0.178061E-4        1.012612           0.134970E-4        1.010992
        7.448000           0.178072E-4        1.012612           0.134977E-4        1.010992
        7.450000           0.178082E-4        1.012613           0.134984E-4        1.010992
        7.452000           0.178093E-4        1.012613           0.134991E-4        1.010993
        7.453999           0.178103E-4        1.012614           0.134998E-4        1.010993
        7.455999           0.178114E-4        1.012614           0.135004E-4        1.010993
        7.458000           0.178124E-4        1.012614           0.135011E-4        1.010993
        7.460000           0.178134E-4        1.012615           0.135018E-4        1.010994
        7.461999           0.178145E-4        1.012615           0.135025E-4        1.010994
        7.463999           0.178155E-4        1.012615           0.135032E-4        1.010994
        7.465999           0.178166E-4        1.012616           0.135039E-4        1.010994
        7.468000           0.178176E-4        1.012616           0.135046E-4        1.010995
        7.470000           0.178187E-4        1.012616           0.135053E-4        1.010995
        7.471999           0.178197E-4        1.012617           0.135060E-4        1.010995
        7.473999           0.178208E-4        1.012617           0.135067E-4        1.010996
        7.475999           0.178218E-4        1.012617           0.135074E-4        1.010996
        7.478000           0.178229E-4        1.012618           0.135081E-4        1.010996
        7.480000           0.178239E-4        1.012618           0.135088E-4        1.010996
        7.481999           0.178250E-4        1.012619           0.135094E-4        1.010997
        7.483999           0.178260E-4        1.012619           0.135101E-4        1.010997
        7.486000           0.178271E-4        1.012619           0.135108E-4        1.010997
        7.488000           0.178281E-4        1.012620           0.135115E-4        1.010997
        7.489999           0.178291E-4        1.012620           0.135122E-4        1.010998
        7.491999           0.178302E-4        1.012620           0.135129E-4        1.010998
        7.493999           0.178313E-4        1.012621           0.135136E-4        1.010998
        7.496000           0.178323E-4        1.012621           0.135143E-4        1.010998
        7.498000           0.178333E-4        1.012621           0.135150E-4        1.010999
        7.500000           0.178344E-4        1.012622           0.135157E-4        1.010999
        7.501999           0.178354E-4        1.012622           0.135164E-4        1.010999
        7.503999           0.178365E-4        1.012622           0.135171E-4        1.011000
        7.506000           0.178375E-4        1.012623           0.135178E-4        1.011000
        7.507999           0.178386E-4        1.012623           0.135185E-4        1.011000
        7.509999           0.178396E-4        1.012624           0.135191E-4        1.011000
        7.511999           0.178407E-4        1.012624           0.135198E-4        1.011001
        7.513999           0.178417E-4        1.012624           0.135205E-4        1.011001
        7.516000           0.178428E-4        1.012625           0.135212E-4        1.011001
        7.518000           0.178438E-4        1.012625           0.135219E-4        1.011001
        7.520000           0.178449E-4        1.012625           0.135226E-4        1.011002
        7.521999           0.178459E-4        1.012626           0.135233E-4        1.011002
        7.523999           0.178470E-4        1.012626           0.135240E-4        1.011002
        7.526000           0.178480E-4        1.012626           0.135247E-4        1.011003
        7.527999           0.178491E-4        1.012627           0.135254E-4        1.011003
        7.529999           0.178501E-4        1.012627           0.135261E-4        1.011003
        7.531999           0.178512E-4        1.012627           0.135268E-4        1.011003
        7.533999           0.178522E-4        1.012628           0.135275E-4        1.011004
        7.536000           0.178533E-4        1.012628           0.135282E-4        1.011004
        7.538000           0.178543E-4        1.012629           0.135289E-4        1.011004
        7.539999           0.178554E-4        1.012629           0.135295E-4        1.011004
        7.541999           0.178564E-4        1.012629           0.135302E-4        1.011005
        7.543999           0.178575E-4        1.012630           0.135309E-4        1.011005
        7.546000           0.178585E-4        1.012630           0.135316E-4        1.011005
        7.547999           0.178596E-4        1.012630           0.135323E-4        1.011006
        7.549999           0.178606E-4        1.012631           0.135330E-4        1.011006
        7.551999           0.178617E-4        1.012631           0.135337E-4        1.011006
        7.554000           0.178627E-4        1.012631           0.135344E-4        1.011006
        7.556000           0.178638E-4        1.012632           0.135351E-4        1.011007
        7.558000           0.178648E-4        1.012632           0.135358E-4        1.011007
        7.559999           0.178659E-4        1.012632           0.135365E-4        1.011007
        7.561999           0.178669E-4        1.012633           0.135372E-4        1.011007
        7.564000           0.178680E-4        1.012633           0.135379E-4        1.011008
        7.566000           0.178690E-4        1.012633           0.135386E-4        1.011008
        7.567999           0.178701E-4        1.012634           0.135392E-4        1.011008
        7.569999           0.178711E-4        1.012634           0.135400E-4        1.011009
        7.571999           0.178722E-4        1.012635           0.135407E-4        1.011009
        7.574000           0.178733E-4        1.012635           0.135414E-4        1.011009
        7.576000           0.178743E-4        1.012635           0.135420E-4        1.011009
        7.578000           0.178754E-4        1.012636           0.135427E-4        1.011010
        7.579999           0.178764E-4        1.012636           0.135434E-4        1.011010
        7.581999           0.178775E-4        1.012636           0.135441E-4        1.011010
        7.584000           0.178785E-4        1.012637           0.135448E-4        1.011010
        7.585999           0.178796E-4        1.012637           0.135455E-4        1.011011
        7.587999           0.178806E-4        1.012637           0.135462E-4        1.011011
        7.589999           0.178817E-4        1.012638           0.135469E-4        1.011011
        7.591999           0.178827E-4        1.012638           0.135476E-4        1.011011
        7.594000           0.178838E-4        1.012638           0.135483E-4        1.011012
        7.596000           0.178848E-4        1.012639           0.135490E-4        1.011012
        7.598000           0.178859E-4        1.012639           0.135497E-4        1.011012
        7.599999           0.178869E-4        1.012640           0.135504E-4        1.011013
        7.601999           0.178880E-4        1.012640           0.135511E-4        1.011013
        7.604000           0.178890E-4        1.012640           0.135518E-4        1.011013
        7.605999           0.178901E-4        1.012641           0.135524E-4        1.011013
        7.607999           0.178912E-4        1.012641           0.135532E-4        1.011014
        7.609999           0.178922E-4        1.012641           0.135538E-4        1.011014
        7.611999           0.178933E-4        1.012642           0.135545E-4        1.011014
        7.614000           0.178943E-4        1.012642           0.135552E-4        1.011014
        7.616000           0.178954E-4        1.012642           0.135559E-4        1.011015
        7.618000           0.178964E-4        1.012643           0.135566E-4        1.011015
        7.619999           0.178975E-4        1.012643           0.135573E-4        1.011015
        7.621999           0.178985E-4        1.012643           0.135580E-4        1.011016
        7.624000           0.178996E-4        1.012644           0.135587E-4        1.011016
        7.625999           0.179006E-4        1.012644           0.135594E-4        1.011016
        7.627999           0.179017E-4        1.012645           0.135601E-4        1.011016
        7.629999           0.179027E-4        1.012645           0.135608E-4        1.011017
        7.632000           0.179038E-4        1.012645           0.135615E-4        1.011017
        7.634000           0.179049E-4        1.012646           0.135622E-4        1.011017
        7.636000           0.179059E-4        1.012646           0.135629E-4        1.011017
        7.638000           0.179070E-4        1.012646           0.135636E-4        1.011018
        7.639999           0.179080E-4        1.012647           0.135643E-4        1.011018
        7.642000           0.179091E-4        1.012647           0.135650E-4        1.011018
        7.644000           0.179101E-4        1.012648           0.135657E-4        1.011019
        7.645999           0.179112E-4        1.012648           0.135664E-4        1.011019
        7.647999           0.179122E-4        1.012648           0.135671E-4        1.011019
        7.649999           0.179133E-4        1.012649           0.135677E-4        1.011019
        7.652000           0.179144E-4        1.012649           0.135685E-4        1.011020
        7.654000           0.179154E-4        1.012649           0.135692E-4        1.011020
        7.656000           0.179165E-4        1.012650           0.135698E-4        1.011020
        7.658000           0.179175E-4        1.012650           0.135706E-4        1.011020
        7.659999           0.179186E-4        1.012650           0.135712E-4        1.011021
        7.662000           0.179196E-4        1.012651           0.135719E-4        1.011021
        7.664000           0.179207E-4        1.012651           0.135726E-4        1.011021
        7.665999           0.179218E-4        1.012651           0.135733E-4        1.011021
        7.667999           0.179228E-4        1.012652           0.135740E-4        1.011022
        7.669999           0.179239E-4        1.012652           0.135747E-4        1.011022
        7.672000           0.179249E-4        1.012653           0.135754E-4        1.011022
        7.674000           0.179260E-4        1.012653           0.135761E-4        1.011023
        7.676000           0.179270E-4        1.012653           0.135768E-4        1.011023
        7.677999           0.179281E-4        1.012654           0.135775E-4        1.011023
        7.679999           0.179291E-4        1.012654           0.135782E-4        1.011023
        7.682000           0.179302E-4        1.012654           0.135789E-4        1.011024
        7.684000           0.179313E-4        1.012655           0.135796E-4        1.011024
        7.685999           0.179323E-4        1.012655           0.135803E-4        1.011024
        7.687999           0.179334E-4        1.012655           0.135810E-4        1.011024
        7.689999           0.179344E-4        1.012656           0.135817E-4        1.011025
        7.692000           0.179355E-4        1.012656           0.135824E-4        1.011025
        7.694000           0.179365E-4        1.012656           0.135831E-4        1.011025
        7.695999           0.179376E-4        1.012657           0.135838E-4        1.011026
        7.697999           0.179387E-4        1.012657           0.135845E-4        1.011026
        7.699999           0.179397E-4        1.012658           0.135852E-4        1.011026
        7.702000           0.179408E-4        1.012658           0.135859E-4        1.011026
        7.704000           0.179418E-4        1.012658           0.135866E-4        1.011027
        7.705999           0.179429E-4        1.012659           0.135873E-4        1.011027
        7.707999           0.179440E-4        1.012659           0.135880E-4        1.011027
        7.710000           0.179450E-4        1.012659           0.135887E-4        1.011027
        7.712000           0.179461E-4        1.012660           0.135894E-4        1.011028
        7.713999           0.179471E-4        1.012660           0.135901E-4        1.011028
        7.715999           0.179482E-4        1.012660           0.135908E-4        1.011028
        7.717999           0.179492E-4        1.012661           0.135915E-4        1.011029
        7.720000           0.179503E-4        1.012661           0.135922E-4        1.011029
        7.722000           0.179514E-4        1.012661           0.135929E-4        1.011029
        7.724000           0.179524E-4        1.012662           0.135936E-4        1.011029
        7.725999           0.179535E-4        1.012662           0.135943E-4        1.011030
        7.727999           0.179545E-4        1.012663           0.135950E-4        1.011030
        7.730000           0.179556E-4        1.012663           0.135957E-4        1.011030
        7.731999           0.179567E-4        1.012663           0.135964E-4        1.011030
        7.733999           0.179577E-4        1.012664           0.135971E-4        1.011031
        7.735999           0.179588E-4        1.012664           0.135978E-4        1.011031
        7.737999           0.179598E-4        1.012664           0.135985E-4        1.011031
        7.740000           0.179609E-4        1.012665           0.135992E-4        1.011032
        7.742000           0.179620E-4        1.012665           0.135999E-4        1.011032
        7.743999           0.179630E-4        1.012665           0.136006E-4        1.011032
        7.745999           0.179641E-4        1.012666           0.136013E-4        1.011032
        7.747999           0.179651E-4        1.012666           0.136019E-4        1.011033
        7.750000           0.179662E-4        1.012666           0.136027E-4        1.011033
        7.751999           0.179673E-4        1.012667           0.136034E-4        1.011033
        7.753999           0.179683E-4        1.012667           0.136040E-4        1.011033
        7.755999           0.179694E-4        1.012668           0.136048E-4        1.011034
        7.757999           0.179704E-4        1.012668           0.136055E-4        1.011034
        7.760000           0.179715E-4        1.012668           0.136061E-4        1.011034
        7.762000           0.179726E-4        1.012669           0.136069E-4        1.011034
        7.763999           0.179736E-4        1.012669           0.136075E-4        1.011035
        7.765999           0.179747E-4        1.012669           0.136082E-4        1.011035
        7.767999           0.179758E-4        1.012670           0.136089E-4        1.011035
        7.770000           0.179768E-4        1.012670           0.136097E-4        1.011036
        7.771999           0.179779E-4        1.012670           0.136103E-4        1.011036
        7.773999           0.179789E-4        1.012671           0.136111E-4        1.011036
        7.775999           0.179800E-4        1.012671           0.136118E-4        1.011036
        7.777999           0.179811E-4        1.012671           0.136124E-4        1.011037
        7.780000           0.179821E-4        1.012672           0.136132E-4        1.011037
        7.782000           0.179832E-4        1.012672           0.136139E-4        1.011037
        7.783999           0.179842E-4        1.012673           0.136146E-4        1.011037
        7.785999           0.179853E-4        1.012673           0.136153E-4        1.011038
        7.788000           0.179864E-4        1.012673           0.136160E-4        1.011038
        7.789999           0.179874E-4        1.012674           0.136167E-4        1.011038
        7.791999           0.179885E-4        1.012674           0.136174E-4        1.011039
        7.793999           0.179896E-4        1.012674           0.136181E-4        1.011039
        7.795999           0.179906E-4        1.012675           0.136188E-4        1.011039
        7.798000           0.179917E-4        1.012675           0.136195E-4        1.011039
        7.800000           0.179927E-4        1.012675           0.136202E-4        1.011040
        7.802000           0.179938E-4        1.012676           0.136209E-4        1.011040
        7.803999           0.179949E-4        1.012676           0.136216E-4        1.011040
        7.805999           0.179959E-4        1.012676           0.136223E-4        1.011040
        7.808000           0.179970E-4        1.012677           0.136230E-4        1.011041
        7.809999           0.179981E-4        1.012677           0.136237E-4        1.011041
        7.811999           0.179991E-4        1.012678           0.136244E-4        1.011041
        7.813999           0.180002E-4        1.012678           0.136251E-4        1.011042
        7.815999           0.180012E-4        1.012678           0.136258E-4        1.011042
        7.818000           0.180023E-4        1.012679           0.136265E-4        1.011042
        7.820000           0.180034E-4        1.012679           0.136272E-4        1.011042
        7.822000           0.180044E-4        1.012679           0.136279E-4        1.011043
        7.823999           0.180055E-4        1.012680           0.136286E-4        1.011043
        7.825999           0.180066E-4        1.012680           0.136293E-4        1.011043
        7.828000           0.180076E-4        1.012681           0.136300E-4        1.011044
        7.829999           0.180087E-4        1.012681           0.136307E-4        1.011044
        7.831999           0.180098E-4        1.012681           0.136314E-4        1.011044
        7.833999           0.180108E-4        1.012682           0.136321E-4        1.011044
        7.835999           0.180119E-4        1.012682           0.136328E-4        1.011045
        7.838000           0.180130E-4        1.012682           0.136335E-4        1.011045
        7.840000           0.180140E-4        1.012683           0.136342E-4        1.011045
        7.842000           0.180151E-4        1.012683           0.136349E-4        1.011045
        7.843999           0.180161E-4        1.012683           0.136356E-4        1.011046
        7.845999           0.180172E-4        1.012684           0.136363E-4        1.011046
        7.848000           0.180183E-4        1.012684           0.136370E-4        1.011046
        7.849999           0.180193E-4        1.012684           0.136377E-4        1.011047
        7.851999           0.180204E-4        1.012685           0.136384E-4        1.011047
        7.853999           0.180215E-4        1.012685           0.136391E-4        1.011047
        7.856000           0.180225E-4        1.012686           0.136398E-4        1.011047
        7.858000           0.180236E-4        1.012686           0.136405E-4        1.011048
        7.860000           0.180247E-4        1.012686           0.136412E-4        1.011048
        7.862000           0.180257E-4        1.012687           0.136419E-4        1.011048
        7.863999           0.180268E-4        1.012687           0.136426E-4        1.011048
        7.866000           0.180279E-4        1.012687           0.136433E-4        1.011049
        7.868000           0.180289E-4        1.012688           0.136440E-4        1.011049
        7.869999           0.180300E-4        1.012688           0.136447E-4        1.011049
        7.871999           0.180311E-4        1.012688           0.136454E-4        1.011050
        7.873999           0.180321E-4        1.012689           0.136462E-4        1.011050
        7.876000           0.180332E-4        1.012689           0.136468E-4        1.011050
        7.878000           0.180343E-4        1.012689           0.136475E-4        1.011050
        7.880000           0.180353E-4        1.012690           0.136482E-4        1.011051
        7.881999           0.180364E-4        1.012690           0.136490E-4        1.011051
        7.883999           0.180375E-4        1.012691           0.136496E-4        1.011051
        7.886000           0.180385E-4        1.012691           0.136503E-4        1.011051
        7.888000           0.180396E-4        1.012691           0.136510E-4        1.011052
        7.889999           0.180407E-4        1.012692           0.136518E-4        1.011052
        7.891999           0.180417E-4        1.012692           0.136525E-4        1.011052
        7.893999           0.180428E-4        1.012692           0.136532E-4        1.011052
        7.896000           0.180439E-4        1.012693           0.136539E-4        1.011053
        7.898000           0.180449E-4        1.012693           0.136546E-4        1.011053
        7.900000           0.180460E-4        1.012694           0.136553E-4        1.011053
        7.901999           0.180471E-4        1.012694           0.136560E-4        1.011054
        7.903999           0.180481E-4        1.012694           0.136567E-4        1.011054
        7.906000           0.180492E-4        1.012695           0.136574E-4        1.011054
        7.908000           0.180503E-4        1.012695           0.136581E-4        1.011054
        7.909999           0.180513E-4        1.012695           0.136588E-4        1.011055
        7.911999           0.180524E-4        1.012696           0.136595E-4        1.011055
        7.913999           0.180535E-4        1.012696           0.136602E-4        1.011055
        7.916000           0.180546E-4        1.012696           0.136609E-4        1.011055
        7.918000           0.180556E-4        1.012697           0.136616E-4        1.011056
        7.920000           0.180567E-4        1.012697           0.136623E-4        1.011056
        7.921999           0.180578E-4        1.012697           0.136630E-4        1.011056
        7.923999           0.180588E-4        1.012698           0.136637E-4        1.011057
        7.926000           0.180599E-4        1.012698           0.136644E-4        1.011057
        7.927999           0.180610E-4        1.012699           0.136651E-4        1.011057
        7.929999           0.180620E-4        1.012699           0.136658E-4        1.011057
        7.931999           0.180631E-4        1.012699           0.136665E-4        1.011058
        7.934000           0.180642E-4        1.012700           0.136673E-4        1.011058
        7.936000           0.180652E-4        1.012700           0.136679E-4        1.011058
        7.938000           0.180663E-4        1.012700           0.136686E-4        1.011058
        7.939999           0.180674E-4        1.012701           0.136693E-4        1.011059
        7.941999           0.180685E-4        1.012701           0.136700E-4        1.011059
        7.944000           0.180695E-4        1.012701           0.136708E-4        1.011059
        7.946000           0.180706E-4        1.012702           0.136715E-4        1.011060
        7.947999           0.180717E-4        1.012702           0.136721E-4        1.011060
        7.949999           0.180727E-4        1.012702           0.136729E-4        1.011060
        7.951999           0.180738E-4        1.012703           0.136736E-4        1.011060
        7.954000           0.180749E-4        1.012703           0.136743E-4        1.011061
        7.955999           0.180759E-4        1.012704           0.136750E-4        1.011061
        7.957999           0.180770E-4        1.012704           0.136757E-4        1.011061
        7.959999           0.180781E-4        1.012704           0.136764E-4        1.011062
        7.961999           0.180792E-4        1.012705           0.136771E-4        1.011062
        7.964000           0.180802E-4        1.012705           0.136778E-4        1.011062
        7.966000           0.180813E-4        1.012705           0.136785E-4        1.011062
        7.967999           0.180824E-4        1.012706           0.136792E-4        1.011063
        7.969999           0.180834E-4        1.012706           0.136799E-4        1.011063
        7.971999           0.180845E-4        1.012707           0.136806E-4        1.011063
        7.974000           0.180856E-4        1.012707           0.136813E-4        1.011063
        7.975999           0.180867E-4        1.012707           0.136820E-4        1.011064
        7.977999           0.180877E-4        1.012708           0.136828E-4        1.011064
        7.979999           0.180888E-4        1.012708           0.136835E-4        1.011064
        7.981999           0.180899E-4        1.012708           0.136842E-4        1.011065
        7.984000           0.180909E-4        1.012709           0.136849E-4        1.011065
        7.986000           0.180920E-4        1.012709           0.136856E-4        1.011065
        7.987999           0.180931E-4        1.012709           0.136863E-4        1.011065
        7.989999           0.180942E-4        1.012710           0.136870E-4        1.011066
        7.991999           0.180952E-4        1.012710           0.136877E-4        1.011066
        7.993999           0.180963E-4        1.012710           0.136884E-4        1.011066
        7.995999           0.180974E-4        1.012711           0.136891E-4        1.011066
        7.997999           0.180984E-4        1.012711           0.136898E-4        1.011067
        7.999999           0.180995E-4        1.012712           0.136905E-4        1.011067
        8.001999           0.181006E-4        1.012712           0.136912E-4        1.011067
        8.004000           0.181017E-4        1.012712           0.136919E-4        1.011068
        8.006000           0.181027E-4        1.012713           0.136926E-4        1.011068
        8.007999           0.181038E-4        1.012713           0.136933E-4        1.011068
        8.009999           0.181049E-4        1.012713           0.136940E-4        1.011068
        8.012000           0.181060E-4        1.012714           0.136948E-4        1.011069
        8.014000           0.181070E-4        1.012714           0.136955E-4        1.011069
        8.016000           0.181081E-4        1.012714           0.136962E-4        1.011069
        8.018000           0.181092E-4        1.012715           0.136969E-4        1.011069
        8.020000           0.181102E-4        1.012715           0.136976E-4        1.011070
        8.021999           0.181113E-4        1.012716           0.136983E-4        1.011070
        8.023999           0.181124E-4        1.012716           0.136990E-4        1.011070
        8.025999           0.181135E-4        1.012716           0.136997E-4        1.011071
        8.027999           0.181145E-4        1.012717           0.137004E-4        1.011071
        8.029999           0.181156E-4        1.012717           0.137011E-4        1.011071
        8.032000           0.181167E-4        1.012717           0.137018E-4        1.011071
        8.033999           0.181178E-4        1.012718           0.137025E-4        1.011072
        8.035999           0.181188E-4        1.012718           0.137032E-4        1.011072
        8.037999           0.181199E-4        1.012718           0.137039E-4        1.011072
        8.039999           0.181210E-4        1.012719           0.137047E-4        1.011073
        8.042000           0.181221E-4        1.012719           0.137054E-4        1.011073
        8.044000           0.181231E-4        1.012720           0.137061E-4        1.011073
        8.046000           0.181242E-4        1.012720           0.137068E-4        1.011073
        8.047999           0.181253E-4        1.012720           0.137075E-4        1.011074
        8.049999           0.181264E-4        1.012721           0.137082E-4        1.011074
        8.052000           0.181274E-4        1.012721           0.137089E-4        1.011074
        8.054000           0.181285E-4        1.012721           0.137096E-4        1.011074
        8.056000           0.181296E-4        1.012722           0.137103E-4        1.011075
        8.058000           0.181307E-4        1.012722           0.137110E-4        1.011075
        8.059999           0.181317E-4        1.012722           0.137117E-4        1.011075
        8.061999           0.181328E-4        1.012723           0.137124E-4        1.011075
        8.063999           0.181339E-4        1.012723           0.137131E-4        1.011076
        8.065999           0.181350E-4        1.012724           0.137139E-4        1.011076
        8.067999           0.181360E-4        1.012724           0.137146E-4        1.011076
        8.069999           0.181371E-4        1.012724           0.137153E-4        1.011077
        8.072000           0.181382E-4        1.012725           0.137160E-4        1.011077
        8.073999           0.181393E-4        1.012725           0.137167E-4        1.011077
        8.075999           0.181403E-4        1.012725           0.137174E-4        1.011077
        8.077999           0.181414E-4        1.012726           0.137181E-4        1.011078
        8.080000           0.181425E-4        1.012726           0.137188E-4        1.011078
        8.082000           0.181436E-4        1.012726           0.137195E-4        1.011078
        8.084000           0.181447E-4        1.012727           0.137203E-4        1.011078
        8.085999           0.181457E-4        1.012727           0.137209E-4        1.011079
        8.087999           0.181468E-4        1.012727           0.137216E-4        1.011079
        8.090000           0.181479E-4        1.012728           0.137224E-4        1.011079
        8.092000           0.181490E-4        1.012728           0.137231E-4        1.011080
        8.094000           0.181500E-4        1.012729           0.137238E-4        1.011080
        8.096000           0.181511E-4        1.012729           0.137245E-4        1.011080
        8.098000           0.181522E-4        1.012729           0.137252E-4        1.011080
        8.099999           0.181533E-4        1.012730           0.137259E-4        1.011081
        8.101999           0.181543E-4        1.012730           0.137266E-4        1.011081
        8.103999           0.181554E-4        1.012730           0.137273E-4        1.011081
        8.105999           0.181565E-4        1.012731           0.137280E-4        1.011082
        8.107999           0.181576E-4        1.012731           0.137287E-4        1.011082
        8.110000           0.181587E-4        1.012732           0.137294E-4        1.011082
        8.112000           0.181597E-4        1.012732           0.137302E-4        1.011082
        8.113999           0.181608E-4        1.012732           0.137309E-4        1.011083
        8.115999           0.181619E-4        1.012733           0.137316E-4        1.011083
        8.117999           0.181630E-4        1.012733           0.137323E-4        1.011083
        8.120000           0.181641E-4        1.012733           0.137330E-4        1.011083
        8.122000           0.181651E-4        1.012734           0.137337E-4        1.011084
        8.124000           0.181662E-4        1.012734           0.137344E-4        1.011084
        8.125999           0.181673E-4        1.012734           0.137351E-4        1.011084
        8.127999           0.181684E-4        1.012735           0.137358E-4        1.011085
        8.130000           0.181694E-4        1.012735           0.137366E-4        1.011085
        8.132000           0.181705E-4        1.012735           0.137373E-4        1.011085
        8.134000           0.181716E-4        1.012736           0.137380E-4        1.011085
        8.136000           0.181727E-4        1.012736           0.137387E-4        1.011086
        8.137999           0.181738E-4        1.012737           0.137394E-4        1.011086
        8.139999           0.181748E-4        1.012737           0.137401E-4        1.011086
        8.141999           0.181759E-4        1.012737           0.137408E-4        1.011086
        8.143999           0.181770E-4        1.012738           0.137415E-4        1.011087
        8.145999           0.181781E-4        1.012738           0.137422E-4        1.011087
        8.147999           0.181792E-4        1.012738           0.137429E-4        1.011087
        8.150000           0.181802E-4        1.012739           0.137437E-4        1.011088
        8.151999           0.181813E-4        1.012739           0.137444E-4        1.011088
        8.153999           0.181824E-4        1.012740           0.137451E-4        1.011088
        8.155999           0.181835E-4        1.012740           0.137458E-4        1.011088
        8.158000           0.181846E-4        1.012740           0.137465E-4        1.011089
        8.160000           0.181856E-4        1.012741           0.137472E-4        1.011089
        8.162000           0.181867E-4        1.012741           0.137479E-4        1.011089
        8.164000           0.181878E-4        1.012741           0.137486E-4        1.011089
        8.165999           0.181889E-4        1.012742           0.137493E-4        1.011090
        8.168000           0.181900E-4        1.012742           0.137501E-4        1.011090
        8.170000           0.181910E-4        1.012742           0.137508E-4        1.011090
        8.171999           0.181921E-4        1.012743           0.137515E-4        1.011091
        8.173999           0.181932E-4        1.012743           0.137522E-4        1.011091
        8.175999           0.181943E-4        1.012743           0.137529E-4        1.011091
        8.177999           0.181954E-4        1.012744           0.137536E-4        1.011091
        8.179999           0.181965E-4        1.012744           0.137543E-4        1.011092
        8.181999           0.181975E-4        1.012745           0.137550E-4        1.011092
        8.183999           0.181986E-4        1.012745           0.137557E-4        1.011092
        8.185999           0.181997E-4        1.012745           0.137564E-4        1.011093
        8.188000           0.182008E-4        1.012746           0.137572E-4        1.011093
        8.190000           0.182019E-4        1.012746           0.137579E-4        1.011093
        8.191999           0.182029E-4        1.012746           0.137586E-4        1.011093
        8.193999           0.182040E-4        1.012747           0.137593E-4        1.011094
        8.195999           0.182051E-4        1.012747           0.137600E-4        1.011094
        8.198000           0.182062E-4        1.012748           0.137607E-4        1.011094
        8.200000           0.182073E-4        1.012748           0.137614E-4        1.011094
        8.202000           0.182084E-4        1.012748           0.137621E-4        1.011095
        8.204000           0.182094E-4        1.012749           0.137629E-4        1.011095
        8.205999           0.182105E-4        1.012749           0.137636E-4        1.011095
        8.207999           0.182116E-4        1.012749           0.137643E-4        1.011096
        8.209999           0.182127E-4        1.012750           0.137650E-4        1.011096
        8.211999           0.182138E-4        1.012750           0.137657E-4        1.011096
        8.213999           0.182149E-4        1.012750           0.137664E-4        1.011096
        8.215999           0.182159E-4        1.012751           0.137671E-4        1.011097
        8.217999           0.182170E-4        1.012751           0.137678E-4        1.011097
        8.219999           0.182181E-4        1.012751           0.137686E-4        1.011097
        8.221999           0.182192E-4        1.012752           0.137693E-4        1.011097
        8.223999           0.182203E-4        1.012752           0.137700E-4        1.011098
        8.225999           0.182214E-4        1.012753           0.137707E-4        1.011098
        8.228000           0.182224E-4        1.012753           0.137714E-4        1.011098
        8.230000           0.182235E-4        1.012753           0.137721E-4        1.011099
        8.231999           0.182246E-4        1.012754           0.137728E-4        1.011099
        8.233999           0.182257E-4        1.012754           0.137736E-4        1.011099
        8.236000           0.182268E-4        1.012754           0.137743E-4        1.011099
        8.238000           0.182279E-4        1.012755           0.137750E-4        1.011100
        8.240000           0.182289E-4        1.012755           0.137757E-4        1.011100
        8.242000           0.182300E-4        1.012756           0.137764E-4        1.011100
        8.243999           0.182311E-4        1.012756           0.137771E-4        1.011101
        8.245999           0.182322E-4        1.012756           0.137778E-4        1.011101
        8.247999           0.182333E-4        1.012757           0.137785E-4        1.011101
        8.249999           0.182344E-4        1.012757           0.137793E-4        1.011101
        8.251999           0.182354E-4        1.012757           0.137800E-4        1.011102
        8.253999           0.182365E-4        1.012758           0.137807E-4        1.011102
        8.256000           0.182376E-4        1.012758           0.137814E-4        1.011102
        8.257999           0.182387E-4        1.012758           0.137821E-4        1.011102
        8.259999           0.182398E-4        1.012759           0.137828E-4        1.011103
        8.261999           0.182409E-4        1.012759           0.137835E-4        1.011103
        8.263999           0.182420E-4        1.012760           0.137842E-4        1.011103
        8.266000           0.182430E-4        1.012760           0.137850E-4        1.011104
        8.268000           0.182441E-4        1.012760           0.137857E-4        1.011104
        8.270000           0.182452E-4        1.012761           0.137864E-4        1.011104
        8.271999           0.182463E-4        1.012761           0.137871E-4        1.011104
        8.273999           0.182474E-4        1.012761           0.137878E-4        1.011105
        8.276000           0.182485E-4        1.012762           0.137885E-4        1.011105
        8.278000           0.182496E-4        1.012762           0.137892E-4        1.011105
        8.280000           0.182507E-4        1.012762           0.137900E-4        1.011105
        8.282000           0.182517E-4        1.012763           0.137907E-4        1.011106
        8.283999           0.182528E-4        1.012763           0.137914E-4        1.011106
        8.285999           0.182539E-4        1.012764           0.137921E-4        1.011106
        8.287999           0.182550E-4        1.012764           0.137928E-4        1.011107
        8.289999           0.182561E-4        1.012764           0.137935E-4        1.011107
        8.291999           0.182572E-4        1.012765           0.137942E-4        1.011107
        8.293999           0.182583E-4        1.012765           0.137950E-4        1.011107
        8.296000           0.182593E-4        1.012765           0.137957E-4        1.011108
        8.297999           0.182604E-4        1.012766           0.137964E-4        1.011108
        8.299999           0.182615E-4        1.012766           0.137971E-4        1.011108
        8.301999           0.182626E-4        1.012766           0.137978E-4        1.011109
        8.303999           0.182637E-4        1.012767           0.137985E-4        1.011109
        8.306000           0.182648E-4        1.012767           0.137992E-4        1.011109
        8.308000           0.182659E-4        1.012768           0.138000E-4        1.011109
        8.309999           0.182670E-4        1.012768           0.138007E-4        1.011110
        8.311999           0.182680E-4        1.012768           0.138014E-4        1.011110
        8.314000           0.182691E-4        1.012769           0.138021E-4        1.011110
        8.316000           0.182702E-4        1.012769           0.138028E-4        1.011110
        8.318000           0.182713E-4        1.012769           0.138035E-4        1.011111
        8.320000           0.182724E-4        1.012770           0.138043E-4        1.011111
        8.322000           0.182735E-4        1.012770           0.138050E-4        1.011111
        8.323999           0.182746E-4        1.012770           0.138057E-4        1.011111
        8.325999           0.182757E-4        1.012771           0.138064E-4        1.011112
        8.327999           0.182768E-4        1.012771           0.138071E-4        1.011112
        8.329999           0.182778E-4        1.012772           0.138078E-4        1.011112
        8.331999           0.182789E-4        1.012772           0.138086E-4        1.011113
        8.334000           0.182800E-4        1.012772           0.138093E-4        1.011113
        8.335999           0.182811E-4        1.012773           0.138100E-4        1.011113
        8.337999           0.182822E-4        1.012773           0.138107E-4        1.011114
        8.339999           0.182833E-4        1.012773           0.138114E-4        1.011114
        8.341999           0.182844E-4        1.012774           0.138121E-4        1.011114
        8.344000           0.182855E-4        1.012774           0.138129E-4        1.011114
        8.346000           0.182866E-4        1.012774           0.138136E-4        1.011115
        8.348000           0.182876E-4        1.012775           0.138143E-4        1.011115
        8.349999           0.182887E-4        1.012775           0.138150E-4        1.011115
        8.351999           0.182898E-4        1.012776           0.138157E-4        1.011115
        8.354000           0.182909E-4        1.012776           0.138164E-4        1.011116
        8.356000           0.182920E-4        1.012776           0.138172E-4        1.011116
        8.358000           0.182931E-4        1.012777           0.138179E-4        1.011116
        8.360000           0.182942E-4        1.012777           0.138186E-4        1.011117
        8.361999           0.182953E-4        1.012777           0.138193E-4        1.011117
        8.363999           0.182964E-4        1.012778           0.138200E-4        1.011117
        8.365999           0.182975E-4        1.012778           0.138207E-4        1.011117
        8.367999           0.182986E-4        1.012779           0.138214E-4        1.011118
        8.369999           0.182996E-4        1.012779           0.138222E-4        1.011118
        8.371999           0.183007E-4        1.012779           0.138229E-4        1.011118
        8.374000           0.183018E-4        1.012780           0.138236E-4        1.011118
        8.375999           0.183029E-4        1.012780           0.138243E-4        1.011119
        8.377999           0.183040E-4        1.012780           0.138250E-4        1.011119
        8.379999           0.183051E-4        1.012781           0.138257E-4        1.011119
        8.382000           0.183062E-4        1.012781           0.138265E-4        1.011120
        8.384000           0.183073E-4        1.012782           0.138272E-4        1.011120
        8.386000           0.183084E-4        1.012782           0.138279E-4        1.011120
        8.388000           0.183095E-4        1.012782           0.138286E-4        1.011120
        8.389999           0.183106E-4        1.012783           0.138293E-4        1.011121
        8.392000           0.183117E-4        1.012783           0.138301E-4        1.011121
        8.394000           0.183127E-4        1.012783           0.138308E-4        1.011121
        8.396000           0.183138E-4        1.012784           0.138315E-4        1.011122
        8.397999           0.183149E-4        1.012784           0.138322E-4        1.011122
        8.399999           0.183160E-4        1.012784           0.138329E-4        1.011122
        8.401999           0.183171E-4        1.012785           0.138337E-4        1.011122
        8.403999           0.183182E-4        1.012785           0.138344E-4        1.011123
        8.405999           0.183193E-4        1.012785           0.138351E-4        1.011123
        8.407999           0.183204E-4        1.012786           0.138358E-4        1.011123
        8.409999           0.183215E-4        1.012786           0.138365E-4        1.011123
        8.412000           0.183226E-4        1.012787           0.138372E-4        1.011124
        8.414000           0.183237E-4        1.012787           0.138380E-4        1.011124
        8.415999           0.183248E-4        1.012787           0.138387E-4        1.011124
        8.417999           0.183259E-4        1.012788           0.138394E-4        1.011124
        8.419999           0.183269E-4        1.012788           0.138401E-4        1.011125
        8.422000           0.183280E-4        1.012788           0.138408E-4        1.011125
        8.424000           0.183291E-4        1.012789           0.138415E-4        1.011125
        8.426000           0.183302E-4        1.012789           0.138423E-4        1.011126
        8.427999           0.183313E-4        1.012789           0.138430E-4        1.011126
        8.429999           0.183324E-4        1.012790           0.138437E-4        1.011126
        8.432000           0.183335E-4        1.012790           0.138444E-4        1.011127
        8.433999           0.183346E-4        1.012791           0.138451E-4        1.011127
        8.435999           0.183357E-4        1.012791           0.138459E-4        1.011127
        8.437999           0.183368E-4        1.012791           0.138466E-4        1.011127
        8.439999           0.183379E-4        1.012792           0.138473E-4        1.011128
        8.441999           0.183390E-4        1.012792           0.138480E-4        1.011128
        8.443999           0.183401E-4        1.012792           0.138487E-4        1.011128
        8.445999           0.183412E-4        1.012793           0.138495E-4        1.011128
        8.447999           0.183423E-4        1.012793           0.138502E-4        1.011129
        8.449999           0.183434E-4        1.012794           0.138509E-4        1.011129
        8.452000           0.183445E-4        1.012794           0.138516E-4        1.011129
        8.454000           0.183456E-4        1.012794           0.138523E-4        1.011129
        8.455999           0.183466E-4        1.012795           0.138531E-4        1.011130
        8.457999           0.183477E-4        1.012795           0.138538E-4        1.011130
        8.460000           0.183488E-4        1.012795           0.138545E-4        1.011130
        8.462000           0.183499E-4        1.012796           0.138552E-4        1.011131
        8.464000           0.183510E-4        1.012796           0.138559E-4        1.011131
        8.466000           0.183521E-4        1.012797           0.138566E-4        1.011131
        8.467999           0.183532E-4        1.012797           0.138574E-4        1.011131
        8.469999           0.183543E-4        1.012797           0.138581E-4        1.011132
        8.471999           0.183554E-4        1.012798           0.138588E-4        1.011132
        8.473999           0.183565E-4        1.012798           0.138595E-4        1.011132
        8.475999           0.183576E-4        1.012798           0.138602E-4        1.011133
        8.477999           0.183587E-4        1.012799           0.138610E-4        1.011133
        8.480000           0.183598E-4        1.012799           0.138617E-4        1.011133
        8.481999           0.183609E-4        1.012799           0.138624E-4        1.011133
        8.483999           0.183620E-4        1.012800           0.138631E-4        1.011134
        8.485999           0.183631E-4        1.012800           0.138638E-4        1.011134
        8.487999           0.183642E-4        1.012801           0.138646E-4        1.011134
        8.490000           0.183653E-4        1.012801           0.138653E-4        1.011135
        8.492000           0.183664E-4        1.012801           0.138660E-4        1.011135
        8.493999           0.183675E-4        1.012802           0.138667E-4        1.011135
        8.495999           0.183686E-4        1.012802           0.138674E-4        1.011135
        8.497999           0.183697E-4        1.012802           0.138682E-4        1.011136
        8.500000           0.183708E-4        1.012803           0.138689E-4        1.011136
        8.502000           0.183719E-4        1.012803           0.138696E-4        1.011136
        8.504000           0.183730E-4        1.012803           0.138703E-4        1.011136
        8.506000           0.183741E-4        1.012804           0.138710E-4        1.011137
        8.507999           0.183752E-4        1.012804           0.138718E-4        1.011137
        8.509999           0.183763E-4        1.012805           0.138725E-4        1.011137
        8.511999           0.183774E-4        1.012805           0.138732E-4        1.011138
        8.513999           0.183785E-4        1.012805           0.138739E-4        1.011138
        8.515999           0.183796E-4        1.012806           0.138746E-4        1.011138
        8.517999           0.183807E-4        1.012806           0.138754E-4        1.011138
        8.520000           0.183817E-4        1.012806           0.138761E-4        1.011139
        8.521999           0.183829E-4        1.012807           0.138768E-4        1.011139
        8.523999           0.183839E-4        1.012807           0.138775E-4        1.011139
        8.525999           0.183850E-4        1.012807           0.138782E-4        1.011140
        8.527999           0.183861E-4        1.012808           0.138790E-4        1.011140
        8.530000           0.183872E-4        1.012808           0.138797E-4        1.011140
        8.532000           0.183883E-4        1.012809           0.138804E-4        1.011140
        8.533999           0.183894E-4        1.012809           0.138812E-4        1.011141
        8.535999           0.183905E-4        1.012809           0.138819E-4        1.011141
        8.538000           0.183916E-4        1.012810           0.138826E-4        1.011141
        8.540000           0.183927E-4        1.012810           0.138833E-4        1.011141
        8.542000           0.183938E-4        1.012810           0.138840E-4        1.011142
        8.544000           0.183949E-4        1.012811           0.138848E-4        1.011142
        8.546000           0.183960E-4        1.012811           0.138855E-4        1.011142
        8.547999           0.183971E-4        1.012812           0.138862E-4        1.011143
        8.549999           0.183982E-4        1.012812           0.138869E-4        1.011143
        8.551999           0.183993E-4        1.012812           0.138876E-4        1.011143
        8.553999           0.184004E-4        1.012813           0.138884E-4        1.011143
        8.555999           0.184015E-4        1.012813           0.138891E-4        1.011144
        8.558000           0.184026E-4        1.012813           0.138898E-4        1.011144
        8.559999           0.184037E-4        1.012814           0.138905E-4        1.011144
        8.561999           0.184048E-4        1.012814           0.138913E-4        1.011145
        8.563999           0.184059E-4        1.012815           0.138920E-4        1.011145
        8.565999           0.184070E-4        1.012815           0.138927E-4        1.011145
        8.568000           0.184081E-4        1.012815           0.138934E-4        1.011145
        8.570000           0.184092E-4        1.012816           0.138942E-4        1.011146
        8.572000           0.184103E-4        1.012816           0.138949E-4        1.011146
        8.573999           0.184115E-4        1.012816           0.138956E-4        1.011146
        8.575999           0.184126E-4        1.012817           0.138963E-4        1.011146
        8.578000           0.184137E-4        1.012817           0.138970E-4        1.011147
        8.580000           0.184148E-4        1.012817           0.138978E-4        1.011147
        8.582000           0.184159E-4        1.012818           0.138985E-4        1.011147
        8.584000           0.184170E-4        1.012818           0.138992E-4        1.011147
        8.585999           0.184181E-4        1.012819           0.138999E-4        1.011148
        8.587999           0.184192E-4        1.012819           0.139006E-4        1.011148
        8.589999           0.184203E-4        1.012819           0.139014E-4        1.011148
        8.591999           0.184214E-4        1.012820           0.139021E-4        1.011149
        8.593999           0.184225E-4        1.012820           0.139028E-4        1.011149
        8.595999           0.184236E-4        1.012820           0.139035E-4        1.011149
        8.598000           0.184247E-4        1.012821           0.139043E-4        1.011150
        8.599999           0.184258E-4        1.012821           0.139050E-4        1.011150
        8.601999           0.184269E-4        1.012821           0.139057E-4        1.011150
        8.603999           0.184280E-4        1.012822           0.139064E-4        1.011150
        8.606000           0.184291E-4        1.012822           0.139072E-4        1.011151
        8.608000           0.184302E-4        1.012823           0.139079E-4        1.011151
        8.610000           0.184313E-4        1.012823           0.139086E-4        1.011151
        8.612000           0.184324E-4        1.012823           0.139093E-4        1.011151
        8.613999           0.184335E-4        1.012824           0.139101E-4        1.011152
        8.616000           0.184346E-4        1.012824           0.139108E-4        1.011152
        8.618000           0.184357E-4        1.012824           0.139115E-4        1.011152
        8.620000           0.184368E-4        1.012825           0.139122E-4        1.011153
        8.621999           0.184379E-4        1.012825           0.139129E-4        1.011153
        8.623999           0.184390E-4        1.012825           0.139137E-4        1.011153
        8.625999           0.184401E-4        1.012826           0.139144E-4        1.011153
        8.627999           0.184412E-4        1.012826           0.139151E-4        1.011154
        8.629999           0.184423E-4        1.012827           0.139159E-4        1.011154
        8.631999           0.184434E-4        1.012827           0.139166E-4        1.011154
        8.633999           0.184445E-4        1.012827           0.139173E-4        1.011155
        8.636000           0.184456E-4        1.012828           0.139180E-4        1.011155
        8.638000           0.184467E-4        1.012828           0.139188E-4        1.011155
        8.639999           0.184478E-4        1.012828           0.139195E-4        1.011155
        8.641999           0.184490E-4        1.012829           0.139202E-4        1.011156
        8.643999           0.184501E-4        1.012829           0.139209E-4        1.011156
        8.646000           0.184512E-4        1.012830           0.139216E-4        1.011156
        8.648000           0.184523E-4        1.012830           0.139224E-4        1.011156
        8.650000           0.184534E-4        1.012830           0.139231E-4        1.011157
        8.651999           0.184545E-4        1.012831           0.139238E-4        1.011157
        8.653999           0.184556E-4        1.012831           0.139245E-4        1.011157
        8.656000           0.184567E-4        1.012831           0.139253E-4        1.011158
        8.657999           0.184578E-4        1.012832           0.139260E-4        1.011158
        8.659999           0.184589E-4        1.012832           0.139267E-4        1.011158
        8.661999           0.184600E-4        1.012833           0.139274E-4        1.011158
        8.663999           0.184611E-4        1.012833           0.139282E-4        1.011159
        8.665999           0.184622E-4        1.012833           0.139289E-4        1.011159
        8.667999           0.184633E-4        1.012834           0.139296E-4        1.011159
        8.669999           0.184644E-4        1.012834           0.139303E-4        1.011160
        8.671999           0.184655E-4        1.012834           0.139311E-4        1.011160
        8.673999           0.184666E-4        1.012835           0.139318E-4        1.011160
        8.676000           0.184677E-4        1.012835           0.139325E-4        1.011160
        8.677999           0.184689E-4        1.012836           0.139332E-4        1.011161
        8.679999           0.184700E-4        1.012836           0.139340E-4        1.011161
        8.681999           0.184711E-4        1.012836           0.139347E-4        1.011161
        8.684000           0.184722E-4        1.012837           0.139354E-4        1.011161
        8.686000           0.184733E-4        1.012837           0.139361E-4        1.011162
        8.688000           0.184744E-4        1.012837           0.139369E-4        1.011162
        8.690000           0.184755E-4        1.012838           0.139376E-4        1.011162
        8.691999           0.184766E-4        1.012838           0.139383E-4        1.011163
        8.693999           0.184777E-4        1.012838           0.139391E-4        1.011163
        8.695999           0.184788E-4        1.012839           0.139398E-4        1.011163
        8.697999           0.184799E-4        1.012839           0.139405E-4        1.011163
        8.699999           0.184810E-4        1.012840           0.139412E-4        1.011164
        8.701999           0.184821E-4        1.012840           0.139420E-4        1.011164
        8.704000           0.184832E-4        1.012840           0.139427E-4        1.011164
        8.705999           0.184844E-4        1.012841           0.139434E-4        1.011165
        8.707999           0.184855E-4        1.012841           0.139441E-4        1.011165
        8.709999           0.184866E-4        1.012841           0.139448E-4        1.011165
        8.711999           0.184877E-4        1.012842           0.139456E-4        1.011165
        8.714000           0.184888E-4        1.012842           0.139463E-4        1.011166
        8.716000           0.184899E-4        1.012843           0.139470E-4        1.011166
        8.717999           0.184910E-4        1.012843           0.139478E-4        1.011166
        8.719999           0.184921E-4        1.012843           0.139485E-4        1.011166
        8.721999           0.184932E-4        1.012844           0.139492E-4        1.011167
        8.724000           0.184943E-4        1.012844           0.139500E-4        1.011167
        8.726000           0.184954E-4        1.012844           0.139507E-4        1.011167
        8.728000           0.184965E-4        1.012845           0.139514E-4        1.011168
        8.730000           0.184977E-4        1.012845           0.139521E-4        1.011168
        8.731999           0.184988E-4        1.012846           0.139529E-4        1.011168
        8.733999           0.184999E-4        1.012846           0.139536E-4        1.011168
        8.735999           0.185010E-4        1.012846           0.139543E-4        1.011169
        8.737999           0.185021E-4        1.012847           0.139551E-4        1.011169
        8.739999           0.185032E-4        1.012847           0.139558E-4        1.011169
        8.741999           0.185043E-4        1.012847           0.139565E-4        1.011170
        8.743999           0.185054E-4        1.012848           0.139572E-4        1.011170
        8.745999           0.185065E-4        1.012848           0.139580E-4        1.011170
        8.747999           0.185076E-4        1.012848           0.139587E-4        1.011170
        8.749999           0.185088E-4        1.012849           0.139594E-4        1.011171
        8.751999           0.185099E-4        1.012849           0.139602E-4        1.011171
        8.754000           0.185110E-4        1.012850           0.139609E-4        1.011171
        8.756000           0.185121E-4        1.012850           0.139616E-4        1.011171
        8.757999           0.185132E-4        1.012850           0.139623E-4        1.011172
        8.759999           0.185143E-4        1.012851           0.139631E-4        1.011172
        8.762000           0.185154E-4        1.012851           0.139638E-4        1.011172
        8.764000           0.185165E-4        1.012851           0.139645E-4        1.011173
        8.766000           0.185176E-4        1.012852           0.139652E-4        1.011173
        8.768000           0.185187E-4        1.012852           0.139660E-4        1.011173
        8.770000           0.185199E-4        1.012853           0.139667E-4        1.011173
        8.771999           0.185210E-4        1.012853           0.139674E-4        1.011174
        8.773999           0.185221E-4        1.012853           0.139682E-4        1.011174
        8.775999           0.185232E-4        1.012854           0.139689E-4        1.011174
        8.777999           0.185243E-4        1.012854           0.139696E-4        1.011175
        8.779999           0.185254E-4        1.012854           0.139703E-4        1.011175
        8.782000           0.185265E-4        1.012855           0.139711E-4        1.011175
        8.783999           0.185276E-4        1.012855           0.139718E-4        1.011175
        8.785999           0.185288E-4        1.012856           0.139725E-4        1.011176
        8.787999           0.185299E-4        1.012856           0.139732E-4        1.011176
        8.789999           0.185310E-4        1.012856           0.139740E-4        1.011176
        8.792000           0.185321E-4        1.012857           0.139747E-4        1.011177
        8.794000           0.185332E-4        1.012857           0.139754E-4        1.011177
        8.796000           0.185343E-4        1.012857           0.139762E-4        1.011177
        8.797999           0.185354E-4        1.012858           0.139769E-4        1.011177
        8.799999           0.185365E-4        1.012858           0.139776E-4        1.011178
        8.802000           0.185377E-4        1.012859           0.139784E-4        1.011178
        8.804000           0.185388E-4        1.012859           0.139791E-4        1.011178
        8.806000           0.185399E-4        1.012859           0.139798E-4        1.011178
        8.808000           0.185410E-4        1.012860           0.139806E-4        1.011179
        8.809999           0.185421E-4        1.012860           0.139813E-4        1.011179
        8.811999           0.185432E-4        1.012860           0.139820E-4        1.011179
        8.813999           0.185443E-4        1.012861           0.139827E-4        1.011180
        8.815999           0.185454E-4        1.012861           0.139835E-4        1.011180
        8.817999           0.185466E-4        1.012861           0.139842E-4        1.011180
        8.819999           0.185477E-4        1.012862           0.139849E-4        1.011181
        8.822000           0.185488E-4        1.012862           0.139857E-4        1.011181
        8.823999           0.185499E-4        1.012863           0.139864E-4        1.011181
        8.825999           0.185510E-4        1.012863           0.139871E-4        1.011181
        8.827999           0.185521E-4        1.012863           0.139879E-4        1.011182
        8.829999           0.185532E-4        1.012864           0.139886E-4        1.011182
        8.832000           0.185544E-4        1.012864           0.139893E-4        1.011182
        8.834000           0.185555E-4        1.012864           0.139900E-4        1.011182
        8.835999           0.185566E-4        1.012865           0.139908E-4        1.011183
        8.837999           0.185577E-4        1.012865           0.139915E-4        1.011183
        8.840000           0.185588E-4        1.012866           0.139922E-4        1.011183
        8.842000           0.185599E-4        1.012866           0.139930E-4        1.011184
        8.844000           0.185610E-4        1.012866           0.139937E-4        1.011184
        8.846000           0.185622E-4        1.012867           0.139944E-4        1.011184
        8.847999           0.185633E-4        1.012867           0.139952E-4        1.011184
        8.849999           0.185644E-4        1.012867           0.139959E-4        1.011185
        8.851999           0.185655E-4        1.012868           0.139966E-4        1.011185
        8.853999           0.185666E-4        1.012868           0.139973E-4        1.011185
        8.855999           0.185677E-4        1.012869           0.139981E-4        1.011186
        8.857999           0.185689E-4        1.012869           0.139988E-4        1.011186
        8.860000           0.185700E-4        1.012869           0.139995E-4        1.011186
        8.862000           0.185711E-4        1.012870           0.140003E-4        1.011186
        8.863999           0.185722E-4        1.012870           0.140010E-4        1.011187
        8.865999           0.185733E-4        1.012870           0.140017E-4        1.011187
        8.867999           0.185744E-4        1.012871           0.140025E-4        1.011187
        8.870000           0.185756E-4        1.012871           0.140032E-4        1.011187
        8.872000           0.185767E-4        1.012872           0.140039E-4        1.011188
        8.874000           0.185778E-4        1.012872           0.140047E-4        1.011188
        8.875999           0.185789E-4        1.012872           0.140054E-4        1.011188
        8.877999           0.185800E-4        1.012873           0.140061E-4        1.011189
        8.880000           0.185811E-4        1.012873           0.140069E-4        1.011189
        8.882000           0.185823E-4        1.012873           0.140076E-4        1.011189
        8.883999           0.185834E-4        1.012874           0.140083E-4        1.011189
        8.885999           0.185845E-4        1.012874           0.140091E-4        1.011190
        8.887999           0.185856E-4        1.012874           0.140098E-4        1.011190
        8.889999           0.185867E-4        1.012875           0.140105E-4        1.011190
        8.891999           0.185878E-4        1.012875           0.140112E-4        1.011191
        8.893999           0.185890E-4        1.012876           0.140120E-4        1.011191
        8.895999           0.185901E-4        1.012876           0.140127E-4        1.011191
        8.897999           0.185912E-4        1.012876           0.140134E-4        1.011191
        8.900000           0.185923E-4        1.012877           0.140142E-4        1.011192
        8.901999           0.185934E-4        1.012877           0.140149E-4        1.011192
        8.903999           0.185945E-4        1.012877           0.140157E-4        1.011192
        8.905999           0.185957E-4        1.012878           0.140164E-4        1.011192
        8.908000           0.185968E-4        1.012878           0.140171E-4        1.011193
        8.910000           0.185979E-4        1.012879           0.140178E-4        1.011193
        8.912000           0.185990E-4        1.012879           0.140186E-4        1.011193
        8.914000           0.186001E-4        1.012879           0.140193E-4        1.011194
        8.915999           0.186013E-4        1.012880           0.140201E-4        1.011194
        8.917999           0.186024E-4        1.012880           0.140208E-4        1.011194
        8.919999           0.186035E-4        1.012880           0.140215E-4        1.011194
        8.921999           0.186046E-4        1.012881           0.140222E-4        1.011195
        8.923999           0.186057E-4        1.012881           0.140230E-4        1.011195
        8.925999           0.186069E-4        1.012882           0.140237E-4        1.011195
        8.927999           0.186080E-4        1.012882           0.140244E-4        1.011196
        8.929999           0.186091E-4        1.012882           0.140252E-4        1.011196
        8.931999           0.186102E-4        1.012883           0.140259E-4        1.011196
        8.933999           0.186113E-4        1.012883           0.140266E-4        1.011196
        8.935999           0.186125E-4        1.012883           0.140274E-4        1.011197
        8.938000           0.186136E-4        1.012884           0.140281E-4        1.011197
        8.940000           0.186147E-4        1.012884           0.140288E-4        1.011197
        8.941999           0.186158E-4        1.012884           0.140296E-4        1.011198
        8.943999           0.186169E-4        1.012885           0.140303E-4        1.011198
        8.945999           0.186181E-4        1.012885           0.140310E-4        1.011198
        8.948000           0.186192E-4        1.012886           0.140318E-4        1.011198
        8.950000           0.186203E-4        1.012886           0.140325E-4        1.011199
        8.952000           0.186214E-4        1.012886           0.140333E-4        1.011199
        8.954000           0.186225E-4        1.012887           0.140340E-4        1.011199
        8.955999           0.186237E-4        1.012887           0.140347E-4        1.011199
        8.957999           0.186248E-4        1.012887           0.140354E-4        1.011200
        8.959999           0.186259E-4        1.012888           0.140362E-4        1.011200
        8.961999           0.186270E-4        1.012888           0.140369E-4        1.011200
        8.963999           0.186281E-4        1.012889           0.140376E-4        1.011201
        8.965999           0.186293E-4        1.012889           0.140384E-4        1.011201
        8.967999           0.186304E-4        1.012889           0.140391E-4        1.011201
        8.969999           0.186315E-4        1.012890           0.140399E-4        1.011202
        8.971999           0.186326E-4        1.012890           0.140406E-4        1.011202
        8.973999           0.186338E-4        1.012890           0.140413E-4        1.011202
        8.975999           0.186349E-4        1.012891           0.140421E-4        1.011202
        8.978000           0.186360E-4        1.012891           0.140428E-4        1.011203
        8.980000           0.186371E-4        1.012892           0.140435E-4        1.011203
        8.981999           0.186382E-4        1.012892           0.140443E-4        1.011203
        8.983999           0.186394E-4        1.012892           0.140450E-4        1.011203
        8.986000           0.186405E-4        1.012893           0.140457E-4        1.011204
        8.988000           0.186416E-4        1.012893           0.140465E-4        1.011204
        8.990000           0.186427E-4        1.012893           0.140472E-4        1.011204
        8.992000           0.186439E-4        1.012894           0.140479E-4        1.011205
        8.993999           0.186450E-4        1.012894           0.140487E-4        1.011205
        8.995999           0.186461E-4        1.012895           0.140494E-4        1.011205
        8.997999           0.186472E-4        1.012895           0.140501E-4        1.011205
        8.999999           0.186483E-4        1.012895           0.140509E-4        1.011206
        9.001999           0.186495E-4        1.012896           0.140516E-4        1.011206
        9.003999           0.186506E-4        1.012896           0.140524E-4        1.011206
        9.006000           0.186517E-4        1.012896           0.140531E-4        1.011207
        9.007999           0.186528E-4        1.012897           0.140538E-4        1.011207
        9.009999           0.186540E-4        1.012897           0.140545E-4        1.011207
        9.011999           0.186551E-4        1.012897           0.140553E-4        1.011207
        9.013999           0.186562E-4        1.012898           0.140560E-4        1.011208
        9.016000           0.186573E-4        1.012898           0.140568E-4        1.011208
        9.018000           0.186585E-4        1.012899           0.140575E-4        1.011208
        9.020000           0.186596E-4        1.012899           0.140582E-4        1.011209
        9.021999           0.186607E-4        1.012899           0.140590E-4        1.011209
        9.023999           0.186618E-4        1.012900           0.140597E-4        1.011209
        9.026000           0.186630E-4        1.012900           0.140604E-4        1.011209
        9.028000           0.186641E-4        1.012900           0.140612E-4        1.011210
        9.030000           0.186652E-4        1.012901           0.140619E-4        1.011210
        9.032000           0.186663E-4        1.012901           0.140627E-4        1.011210
        9.033999           0.186675E-4        1.012902           0.140634E-4        1.011210
        9.035999           0.186686E-4        1.012902           0.140641E-4        1.011211
        9.037999           0.186697E-4        1.012902           0.140648E-4        1.011211
        9.039999           0.186708E-4        1.012903           0.140656E-4        1.011211
        9.041999           0.186720E-4        1.012903           0.140664E-4        1.011212
        9.043999           0.186731E-4        1.012903           0.140671E-4        1.011212
        9.046000           0.186742E-4        1.012904           0.140678E-4        1.011212
        9.047999           0.186753E-4        1.012904           0.140685E-4        1.011212
        9.049999           0.186765E-4        1.012905           0.140693E-4        1.011213
        9.051999           0.186776E-4        1.012905           0.140700E-4        1.011213
        9.053999           0.186787E-4        1.012905           0.140707E-4        1.011213
        9.056000           0.186798E-4        1.012906           0.140715E-4        1.011214
        9.058000           0.186810E-4        1.012906           0.140722E-4        1.011214
        9.059999           0.186821E-4        1.012906           0.140730E-4        1.011214
        9.061999           0.186832E-4        1.012907           0.140737E-4        1.011214
        9.064000           0.186843E-4        1.012907           0.140744E-4        1.011215
        9.066000           0.186855E-4        1.012908           0.140752E-4        1.011215
        9.068000           0.186866E-4        1.012908           0.140759E-4        1.011215
        9.070000           0.186877E-4        1.012908           0.140766E-4        1.011216
        9.071999           0.186888E-4        1.012909           0.140774E-4        1.011216
        9.073999           0.186900E-4        1.012909           0.140781E-4        1.011216
        9.075999           0.186911E-4        1.012909           0.140789E-4        1.011216
        9.077999           0.186922E-4        1.012910           0.140796E-4        1.011217
        9.079999           0.186934E-4        1.012910           0.140803E-4        1.011217
        9.081999           0.186945E-4        1.012911           0.140811E-4        1.011217
        9.084000           0.186956E-4        1.012911           0.140818E-4        1.011217
        9.085999           0.186967E-4        1.012911           0.140826E-4        1.011218
        9.087999           0.186979E-4        1.012912           0.140833E-4        1.011218
        9.089999           0.186990E-4        1.012912           0.140840E-4        1.011218
        9.091999           0.187001E-4        1.012912           0.140848E-4        1.011219
        9.094000           0.187012E-4        1.012913           0.140855E-4        1.011219
        9.096000           0.187024E-4        1.012913           0.140862E-4        1.011219
        9.098000           0.187035E-4        1.012914           0.140870E-4        1.011220
        9.099999           0.187046E-4        1.012914           0.140877E-4        1.011220
        9.101999           0.187058E-4        1.012914           0.140885E-4        1.011220
        9.104000           0.187069E-4        1.012915           0.140892E-4        1.011220
        9.106000           0.187080E-4        1.012915           0.140899E-4        1.011221
        9.107999           0.187091E-4        1.012915           0.140907E-4        1.011221
        9.109999           0.187103E-4        1.012916           0.140914E-4        1.011221
        9.111999           0.187114E-4        1.012916           0.140921E-4        1.011221
        9.113999           0.187125E-4        1.012917           0.140929E-4        1.011222
        9.115999           0.187137E-4        1.012917           0.140936E-4        1.011222
        9.117999           0.187148E-4        1.012917           0.140944E-4        1.011222
        9.119999           0.187159E-4        1.012918           0.140951E-4        1.011223
        9.121999           0.187171E-4        1.012918           0.140958E-4        1.011223
        9.124000           0.187182E-4        1.012918           0.140966E-4        1.011223
        9.125999           0.187193E-4        1.012919           0.140973E-4        1.011223
        9.127999           0.187204E-4        1.012919           0.140980E-4        1.011224
        9.129999           0.187216E-4        1.012920           0.140988E-4        1.011224
        9.132000           0.187227E-4        1.012920           0.140995E-4        1.011224
        9.134000           0.187238E-4        1.012920           0.141003E-4        1.011225
        9.136000           0.187250E-4        1.012921           0.141010E-4        1.011225
        9.138000           0.187261E-4        1.012921           0.141017E-4        1.011225
        9.139999           0.187272E-4        1.012921           0.141025E-4        1.011225
        9.142000           0.187284E-4        1.012922           0.141032E-4        1.011226
        9.143999           0.187295E-4        1.012922           0.141040E-4        1.011226
        9.145999           0.187306E-4        1.012923           0.141047E-4        1.011226
        9.147999           0.187317E-4        1.012923           0.141054E-4        1.011227
        9.149999           0.187329E-4        1.012923           0.141062E-4        1.011227
        9.151999           0.187340E-4        1.012924           0.141069E-4        1.011227
        9.153999           0.187351E-4        1.012924           0.141077E-4        1.011227
        9.155999           0.187363E-4        1.012924           0.141084E-4        1.011228
        9.157999           0.187374E-4        1.012925           0.141092E-4        1.011228
        9.159999           0.187385E-4        1.012925           0.141099E-4        1.011228
        9.162000           0.187397E-4        1.012926           0.141106E-4        1.011228
        9.164000           0.187408E-4        1.012926           0.141114E-4        1.011229
        9.165999           0.187419E-4        1.012926           0.141121E-4        1.011229
        9.167999           0.187431E-4        1.012927           0.141129E-4        1.011229
        9.169999           0.187442E-4        1.012927           0.141136E-4        1.011230
        9.172000           0.187453E-4        1.012927           0.141143E-4        1.011230
        9.174000           0.187465E-4        1.012928           0.141151E-4        1.011230
        9.176000           0.187476E-4        1.012928           0.141158E-4        1.011230
        9.177999           0.187487E-4        1.012929           0.141165E-4        1.011231
        9.179999           0.187499E-4        1.012929           0.141173E-4        1.011231
        9.181999           0.187510E-4        1.012929           0.141180E-4        1.011231
        9.183999           0.187521E-4        1.012930           0.141188E-4        1.011232
        9.185999           0.187533E-4        1.012930           0.141195E-4        1.011232
        9.187999           0.187544E-4        1.012930           0.141203E-4        1.011232
        9.189999           0.187555E-4        1.012931           0.141210E-4        1.011232
        9.191999           0.187567E-4        1.012931           0.141217E-4        1.011233
        9.193999           0.187578E-4        1.012932           0.141225E-4        1.011233
        9.195999           0.187589E-4        1.012932           0.141232E-4        1.011233
        9.197999           0.187601E-4        1.012932           0.141240E-4        1.011234
        9.199999           0.187612E-4        1.012933           0.141247E-4        1.011234
        9.202000           0.187623E-4        1.012933           0.141255E-4        1.011234
        9.204000           0.187635E-4        1.012933           0.141262E-4        1.011234
        9.205999           0.187646E-4        1.012934           0.141269E-4        1.011235
        9.207999           0.187657E-4        1.012934           0.141277E-4        1.011235
        9.210000           0.187669E-4        1.012935           0.141284E-4        1.011235
        9.212000           0.187680E-4        1.012935           0.141292E-4        1.011236
        9.214000           0.187691E-4        1.012935           0.141299E-4        1.011236
        9.216000           0.187703E-4        1.012936           0.141306E-4        1.011236
        9.217999           0.187714E-4        1.012936           0.141314E-4        1.011236
        9.219999           0.187725E-4        1.012936           0.141321E-4        1.011237
        9.221999           0.187737E-4        1.012937           0.141329E-4        1.011237
        9.223999           0.187748E-4        1.012937           0.141336E-4        1.011237
        9.225999           0.187759E-4        1.012938           0.141344E-4        1.011238
        9.227999           0.187771E-4        1.012938           0.141351E-4        1.011238
        9.230000           0.187782E-4        1.012938           0.141358E-4        1.011238
        9.231999           0.187793E-4        1.012939           0.141366E-4        1.011238
        9.233999           0.187805E-4        1.012939           0.141373E-4        1.011239
        9.235999           0.187816E-4        1.012939           0.141381E-4        1.011239
        9.237999           0.187827E-4        1.012940           0.141388E-4        1.011239
        9.240000           0.187839E-4        1.012940           0.141395E-4        1.011240
        9.242000           0.187850E-4        1.012941           0.141403E-4        1.011240
        9.243999           0.187862E-4        1.012941           0.141410E-4        1.011240
        9.245999           0.187873E-4        1.012941           0.141418E-4        1.011240
        9.247999           0.187884E-4        1.012942           0.141425E-4        1.011241
        9.250000           0.187896E-4        1.012942           0.141433E-4        1.011241
        9.252000           0.187907E-4        1.012942           0.141440E-4        1.011241
        9.254000           0.187918E-4        1.012943           0.141448E-4        1.011242
        9.256000           0.187930E-4        1.012943           0.141455E-4        1.011242
        9.257999           0.187941E-4        1.012944           0.141462E-4        1.011242
        9.259999           0.187952E-4        1.012944           0.141470E-4        1.011242
        9.261999           0.187964E-4        1.012944           0.141477E-4        1.011243
        9.263999           0.187975E-4        1.012945           0.141485E-4        1.011243
        9.265999           0.187987E-4        1.012945           0.141492E-4        1.011243
        9.267999           0.187998E-4        1.012945           0.141500E-4        1.011243
        9.270000           0.188009E-4        1.012946           0.141507E-4        1.011244
        9.271999           0.188021E-4        1.012946           0.141514E-4        1.011244
        9.273999           0.188032E-4        1.012947           0.141522E-4        1.011244
        9.275999           0.188043E-4        1.012947           0.141529E-4        1.011245
        9.277999           0.188055E-4        1.012947           0.141537E-4        1.011245
        9.280000           0.188066E-4        1.012948           0.141544E-4        1.011245
        9.282000           0.188078E-4        1.012948           0.141551E-4        1.011245
        9.283999           0.188089E-4        1.012949           0.141559E-4        1.011246
        9.285999           0.188100E-4        1.012949           0.141567E-4        1.011246
        9.288000           0.188112E-4        1.012949           0.141574E-4        1.011246
        9.290000           0.188123E-4        1.012950           0.141581E-4        1.011247
        9.292000           0.188134E-4        1.012950           0.141589E-4        1.011247
        9.294000           0.188146E-4        1.012950           0.141596E-4        1.011247
        9.296000           0.188157E-4        1.012951           0.141604E-4        1.011247
        9.297999           0.188169E-4        1.012951           0.141611E-4        1.011248
        9.299999           0.188180E-4        1.012951           0.141619E-4        1.011248
        9.301999           0.188191E-4        1.012952           0.141626E-4        1.011248
        9.303999           0.188203E-4        1.012952           0.141633E-4        1.011249
        9.305999           0.188214E-4        1.012953           0.141641E-4        1.011249
        9.308000           0.188226E-4        1.012953           0.141648E-4        1.011249
        9.309999           0.188237E-4        1.012953           0.141656E-4        1.011249
        9.311999           0.188248E-4        1.012954           0.141663E-4        1.011250
        9.313999           0.188260E-4        1.012954           0.141671E-4        1.011250
        9.315999           0.188271E-4        1.012954           0.141678E-4        1.011250
        9.318000           0.188283E-4        1.012955           0.141685E-4        1.011250
        9.320000           0.188294E-4        1.012955           0.141693E-4        1.011251
        9.322000           0.188305E-4        1.012956           0.141700E-4        1.011251
        9.323999           0.188317E-4        1.012956           0.141708E-4        1.011251
        9.325999           0.188328E-4        1.012956           0.141715E-4        1.011252
        9.328000           0.188340E-4        1.012957           0.141723E-4        1.011252
        9.330000           0.188351E-4        1.012957           0.141730E-4        1.011252
        9.331999           0.188362E-4        1.012957           0.141737E-4        1.011253
        9.333999           0.188374E-4        1.012958           0.141745E-4        1.011253
        9.335999           0.188385E-4        1.012958           0.141753E-4        1.011253
        9.337999           0.188397E-4        1.012959           0.141760E-4        1.011253
        9.339999           0.188408E-4        1.012959           0.141768E-4        1.011254
        9.341999           0.188419E-4        1.012959           0.141775E-4        1.011254
        9.343999           0.188431E-4        1.012960           0.141782E-4        1.011254
        9.345999           0.188442E-4        1.012960           0.141790E-4        1.011255
        9.348000           0.188454E-4        1.012961           0.141797E-4        1.011255
        9.349999           0.188465E-4        1.012961           0.141805E-4        1.011255
        9.351999           0.188477E-4        1.012961           0.141812E-4        1.011255
        9.353999           0.188488E-4        1.012962           0.141820E-4        1.011256
        9.355999           0.188499E-4        1.012962           0.141827E-4        1.011256
        9.358000           0.188511E-4        1.012962           0.141834E-4        1.011256
        9.360000           0.188522E-4        1.012963           0.141842E-4        1.011256
        9.362000           0.188534E-4        1.012963           0.141850E-4        1.011257
        9.363999           0.188545E-4        1.012964           0.141857E-4        1.011257
        9.366000           0.188557E-4        1.012964           0.141864E-4        1.011257
        9.367999           0.188568E-4        1.012964           0.141872E-4        1.011258
        9.369999           0.188579E-4        1.012965           0.141880E-4        1.011258
        9.371999           0.188591E-4        1.012965           0.141887E-4        1.011258
        9.373999           0.188602E-4        1.012965           0.141894E-4        1.011258
        9.375999           0.188614E-4        1.012966           0.141902E-4        1.011259
        9.377999           0.188625E-4        1.012966           0.141909E-4        1.011259
        9.379999           0.188637E-4        1.012967           0.141917E-4        1.011259
        9.381999           0.188648E-4        1.012967           0.141924E-4        1.011260
        9.383999           0.188659E-4        1.012967           0.141932E-4        1.011260
        9.386000           0.188671E-4        1.012968           0.141939E-4        1.011260
        9.388000           0.188682E-4        1.012968           0.141947E-4        1.011261
        9.389999           0.188694E-4        1.012968           0.141954E-4        1.011261
        9.391999           0.188705E-4        1.012969           0.141962E-4        1.011261
        9.393999           0.188717E-4        1.012969           0.141969E-4        1.011261
        9.396000           0.188728E-4        1.012970           0.141976E-4        1.011262
        9.398000           0.188739E-4        1.012970           0.141984E-4        1.011262
        9.400000           0.188751E-4        1.012970           0.141991E-4        1.011262
        9.401999           0.188762E-4        1.012971           0.141999E-4        1.011262
        9.403999           0.188774E-4        1.012971           0.142006E-4        1.011263
        9.405999           0.188785E-4        1.012971           0.142014E-4        1.011263
        9.407999           0.188797E-4        1.012972           0.142021E-4        1.011263
        9.409999           0.188808E-4        1.012972           0.142029E-4        1.011264
        9.411999           0.188820E-4        1.012973           0.142036E-4        1.011264
        9.413999           0.188831E-4        1.012973           0.142044E-4        1.011264
        9.415999           0.188842E-4        1.012973           0.142051E-4        1.011264
        9.417999           0.188854E-4        1.012974           0.142059E-4        1.011265
        9.419999           0.188865E-4        1.012974           0.142066E-4        1.011265
        9.421999           0.188877E-4        1.012975           0.142074E-4        1.011265
        9.423999           0.188888E-4        1.012975           0.142081E-4        1.011266
        9.426000           0.188900E-4        1.012975           0.142089E-4        1.011266
        9.427999           0.188911E-4        1.012976           0.142096E-4        1.011266
        9.429999           0.188923E-4        1.012976           0.142104E-4        1.011266
        9.431999           0.188934E-4        1.012976           0.142111E-4        1.011267
        9.434000           0.188946E-4        1.012977           0.142119E-4        1.011267
        9.436000           0.188957E-4        1.012977           0.142126E-4        1.011267
        9.438000           0.188968E-4        1.012977           0.142134E-4        1.011268
        9.440000           0.188980E-4        1.012978           0.142141E-4        1.011268
        9.441999           0.188991E-4        1.012978           0.142149E-4        1.011268
        9.443999           0.189003E-4        1.012979           0.142156E-4        1.011268
        9.445999           0.189014E-4        1.012979           0.142163E-4        1.011269
        9.447999           0.189026E-4        1.012979           0.142171E-4        1.011269
        9.449999           0.189037E-4        1.012980           0.142179E-4        1.011269
        9.451999           0.189049E-4        1.012980           0.142186E-4        1.011270
        9.454000           0.189060E-4        1.012980           0.142194E-4        1.011270
        9.455999           0.189072E-4        1.012981           0.142201E-4        1.011270
        9.457999           0.189083E-4        1.012981           0.142209E-4        1.011270
        9.459999           0.189095E-4        1.012982           0.142216E-4        1.011271
        9.461999           0.189106E-4        1.012982           0.142223E-4        1.011271
        9.464000           0.189118E-4        1.012982           0.142231E-4        1.011271
        9.466000           0.189129E-4        1.012983           0.142238E-4        1.011272
        9.467999           0.189141E-4        1.012983           0.142246E-4        1.011272
        9.469999           0.189152E-4        1.012984           0.142254E-4        1.011272
        9.471999           0.189164E-4        1.012984           0.142261E-4        1.011272
        9.474000           0.189175E-4        1.012984           0.142268E-4        1.011273
        9.476000           0.189187E-4        1.012985           0.142276E-4        1.011273
        9.478000           0.189198E-4        1.012985           0.142283E-4        1.011273
        9.480000           0.189209E-4        1.012985           0.142291E-4        1.011274
        9.481999           0.189221E-4        1.012986           0.142298E-4        1.011274
        9.483999           0.189232E-4        1.012986           0.142306E-4        1.011274
        9.485999           0.189244E-4        1.012987           0.142313E-4        1.011274
        9.487999           0.189255E-4        1.012987           0.142321E-4        1.011275
        9.489999           0.189267E-4        1.012987           0.142328E-4        1.011275
        9.491999           0.189278E-4        1.012988           0.142336E-4        1.011275
        9.493999           0.189290E-4        1.012988           0.142343E-4        1.011276
        9.495999           0.189301E-4        1.012988           0.142351E-4        1.011276
        9.497999           0.189313E-4        1.012989           0.142358E-4        1.011276
        9.499999           0.189324E-4        1.012989           0.142366E-4        1.011276
        9.501999           0.189336E-4        1.012990           0.142373E-4        1.011277
        9.504000           0.189347E-4        1.012990           0.142381E-4        1.011277
        9.506000           0.189359E-4        1.012990           0.142388E-4        1.011277
        9.507999           0.189370E-4        1.012991           0.142396E-4        1.011278
        9.509999           0.189382E-4        1.012991           0.142403E-4        1.011278
        9.512000           0.189393E-4        1.012992           0.142411E-4        1.011278
        9.514000           0.189405E-4        1.012992           0.142419E-4        1.011278
        9.516000           0.189416E-4        1.012992           0.142426E-4        1.011279
        9.518000           0.189428E-4        1.012993           0.142434E-4        1.011279
        9.520000           0.189439E-4        1.012993           0.142441E-4        1.011279
        9.521999           0.189451E-4        1.012993           0.142448E-4        1.011280
        9.523999           0.189462E-4        1.012994           0.142456E-4        1.011280
        9.525999           0.189474E-4        1.012994           0.142464E-4        1.011280
        9.527999           0.189485E-4        1.012995           0.142471E-4        1.011280
        9.529999           0.189497E-4        1.012995           0.142479E-4        1.011281
        9.532000           0.189509E-4        1.012995           0.142486E-4        1.011281
        9.533999           0.189520E-4        1.012996           0.142494E-4        1.011281
        9.535999           0.189531E-4        1.012996           0.142501E-4        1.011281
        9.537999           0.189543E-4        1.012996           0.142508E-4        1.011282
        9.539999           0.189555E-4        1.012997           0.142516E-4        1.011282
        9.542000           0.189566E-4        1.012997           0.142524E-4        1.011282
        9.544000           0.189578E-4        1.012998           0.142531E-4        1.011283
        9.546000           0.189589E-4        1.012998           0.142539E-4        1.011283
        9.547999           0.189601E-4        1.012998           0.142546E-4        1.011283
        9.549999           0.189612E-4        1.012999           0.142554E-4        1.011284
        9.552000           0.189624E-4        1.012999           0.142561E-4        1.011284
        9.554000           0.189635E-4        1.012999           0.142569E-4        1.011284
        9.556000           0.189647E-4        1.013000           0.142576E-4        1.011284
        9.557999           0.189658E-4        1.013000           0.142584E-4        1.011285
        9.559999           0.189670E-4        1.013001           0.142591E-4        1.011285
        9.561999           0.189681E-4        1.013001           0.142599E-4        1.011285
        9.563999           0.189693E-4        1.013001           0.142606E-4        1.011286
        9.565999           0.189704E-4        1.013002           0.142614E-4        1.011286
        9.567999           0.189716E-4        1.013002           0.142622E-4        1.011286
        9.569999           0.189727E-4        1.013003           0.142629E-4        1.011286
        9.572000           0.189739E-4        1.013003           0.142637E-4        1.011287
        9.573999           0.189751E-4        1.013003           0.142644E-4        1.011287
        9.575999           0.189762E-4        1.013004           0.142651E-4        1.011287
        9.577999           0.189774E-4        1.013004           0.142659E-4        1.011288
        9.579999           0.189785E-4        1.013004           0.142667E-4        1.011288
        9.582000           0.189797E-4        1.013005           0.142674E-4        1.011288
        9.584000           0.189808E-4        1.013005           0.142682E-4        1.011288
        9.585999           0.189820E-4        1.013005           0.142689E-4        1.011289
        9.587999           0.189831E-4        1.013006           0.142697E-4        1.011289
        9.590000           0.189843E-4        1.013006           0.142704E-4        1.011289
        9.592000           0.189854E-4        1.013007           0.142712E-4        1.011289
        9.593999           0.189866E-4        1.013007           0.142719E-4        1.011290
        9.595999           0.189878E-4        1.013007           0.142727E-4        1.011290
        9.597999           0.189889E-4        1.013008           0.142734E-4        1.011290
        9.599999           0.189901E-4        1.013008           0.142742E-4        1.011291
        9.601999           0.189912E-4        1.013009           0.142749E-4        1.011291
        9.603999           0.189924E-4        1.013009           0.142757E-4        1.011291
        9.605999           0.189935E-4        1.013009           0.142765E-4        1.011292
        9.607999           0.189947E-4        1.013010           0.142772E-4        1.011292
        9.610000           0.189958E-4        1.013010           0.142780E-4        1.011292
        9.612000           0.189970E-4        1.013011           0.142787E-4        1.011292
        9.613999           0.189981E-4        1.013011           0.142795E-4        1.011293
        9.615999           0.189993E-4        1.013011           0.142802E-4        1.011293
        9.617999           0.190005E-4        1.013012           0.142810E-4        1.011293
        9.620000           0.190016E-4        1.013012           0.142817E-4        1.011294
        9.622000           0.190028E-4        1.013012           0.142825E-4        1.011294
        9.624000           0.190039E-4        1.013013           0.142833E-4        1.011294
        9.625999           0.190051E-4        1.013013           0.142840E-4        1.011294
        9.627999           0.190062E-4        1.013013           0.142847E-4        1.011295
        9.629999           0.190074E-4        1.013014           0.142855E-4        1.011295
        9.631999           0.190086E-4        1.013014           0.142863E-4        1.011295
        9.633999           0.190097E-4        1.013015           0.142870E-4        1.011296
        9.635999           0.190109E-4        1.013015           0.142878E-4        1.011296
        9.637999           0.190120E-4        1.013015           0.142885E-4        1.011296
        9.639999           0.190132E-4        1.013016           0.142893E-4        1.011296
        9.641999           0.190143E-4        1.013016           0.142900E-4        1.011297
        9.643999           0.190155E-4        1.013017           0.142908E-4        1.011297
        9.645999           0.190167E-4        1.013017           0.142915E-4        1.011297
        9.647999           0.190178E-4        1.013017           0.142923E-4        1.011297
        9.650000           0.190190E-4        1.013018           0.142930E-4        1.011298
        9.651999           0.190201E-4        1.013018           0.142938E-4        1.011298
        9.653999           0.190213E-4        1.013018           0.142946E-4        1.011298
        9.655999           0.190224E-4        1.013019           0.142953E-4        1.011299
        9.658000           0.190236E-4        1.013019           0.142961E-4        1.011299
        9.660000           0.190248E-4        1.013020           0.142968E-4        1.011299
        9.662000           0.190259E-4        1.013020           0.142976E-4        1.011299
        9.664000           0.190271E-4        1.013020           0.142983E-4        1.011300
        9.665999           0.190282E-4        1.013021           0.142991E-4        1.011300
        9.667999           0.190294E-4        1.013021           0.142998E-4        1.011300
        9.669999           0.190306E-4        1.013021           0.143006E-4        1.011301
        9.671999           0.190317E-4        1.013022           0.143013E-4        1.011301
        9.673999           0.190329E-4        1.013022           0.143021E-4        1.011301
        9.675999           0.190340E-4        1.013023           0.143029E-4        1.011302
        9.677999           0.190352E-4        1.013023           0.143036E-4        1.011302
        9.679999           0.190363E-4        1.013023           0.143044E-4        1.011302
        9.681999           0.190375E-4        1.013024           0.143051E-4        1.011302
        9.683999           0.190387E-4        1.013024           0.143059E-4        1.011303
        9.685999           0.190398E-4        1.013025           0.143066E-4        1.011303
        9.688000           0.190410E-4        1.013025           0.143074E-4        1.011303
        9.690000           0.190421E-4        1.013025           0.143082E-4        1.011304
        9.691999           0.190433E-4        1.013026           0.143089E-4        1.011304
        9.693999           0.190445E-4        1.013026           0.143097E-4        1.011304
        9.695999           0.190456E-4        1.013026           0.143104E-4        1.011304
        9.698000           0.190468E-4        1.013027           0.143112E-4        1.011305
        9.700000           0.190479E-4        1.013027           0.143119E-4        1.011305
        9.702000           0.190491E-4        1.013028           0.143127E-4        1.011305
        9.704000           0.190503E-4        1.013028           0.143135E-4        1.011306
        9.705999           0.190514E-4        1.013028           0.143142E-4        1.011306
        9.707999           0.190526E-4        1.013029           0.143150E-4        1.011306
        9.709999           0.190537E-4        1.013029           0.143157E-4        1.011306
        9.711999           0.190549E-4        1.013029           0.143165E-4        1.011307
        9.713999           0.190561E-4        1.013030           0.143172E-4        1.011307
        9.715999           0.190572E-4        1.013030           0.143180E-4        1.011307
        9.717999           0.190584E-4        1.013031           0.143187E-4        1.011307
        9.719999           0.190596E-4        1.013031           0.143195E-4        1.011308
        9.721999           0.190607E-4        1.013031           0.143203E-4        1.011308
        9.723999           0.190619E-4        1.013032           0.143210E-4        1.011308
        9.725999           0.190630E-4        1.013032           0.143218E-4        1.011309
        9.728000           0.190642E-4        1.013033           0.143225E-4        1.011309
        9.730000           0.190654E-4        1.013033           0.143233E-4        1.011309
        9.731999           0.190665E-4        1.013033           0.143241E-4        1.011310
        9.733999           0.190677E-4        1.013034           0.143248E-4        1.011310
        9.736000           0.190689E-4        1.013034           0.143256E-4        1.011310
        9.738000           0.190700E-4        1.013034           0.143263E-4        1.011310
        9.740000           0.190712E-4        1.013035           0.143271E-4        1.011311
        9.742000           0.190723E-4        1.013035           0.143279E-4        1.011311
        9.743999           0.190735E-4        1.013036           0.143286E-4        1.011311
        9.745999           0.190747E-4        1.013036           0.143294E-4        1.011312
        9.747999           0.190758E-4        1.013036           0.143301E-4        1.011312
        9.749999           0.190770E-4        1.013037           0.143309E-4        1.011312
        9.751999           0.190782E-4        1.013037           0.143316E-4        1.011312
        9.753999           0.190793E-4        1.013037           0.143324E-4        1.011313
        9.756000           0.190805E-4        1.013038           0.143331E-4        1.011313
        9.757999           0.190816E-4        1.013038           0.143339E-4        1.011313
        9.759999           0.190828E-4        1.013039           0.143347E-4        1.011314
        9.761999           0.190840E-4        1.013039           0.143354E-4        1.011314
        9.763999           0.190851E-4        1.013039           0.143362E-4        1.011314
        9.766000           0.190863E-4        1.013040           0.143370E-4        1.011314
        9.768000           0.190875E-4        1.013040           0.143377E-4        1.011315
        9.770000           0.190886E-4        1.013041           0.143385E-4        1.011315
        9.771999           0.190898E-4        1.013041           0.143392E-4        1.011315
        9.773999           0.190910E-4        1.013041           0.143400E-4        1.011316
        9.776000           0.190921E-4        1.013042           0.143407E-4        1.011316
        9.778000           0.190933E-4        1.013042           0.143415E-4        1.011316
        9.780000           0.190945E-4        1.013042           0.143423E-4        1.011316
        9.781999           0.190956E-4        1.013043           0.143430E-4        1.011317
        9.783998           0.190968E-4        1.013043           0.143438E-4        1.011317
        9.785999           0.190980E-4        1.013044           0.143446E-4        1.011317
        9.787999           0.190991E-4        1.013044           0.143453E-4        1.011318
        9.789999           0.191003E-4        1.013044           0.143461E-4        1.011318
        9.791999           0.191014E-4        1.013045           0.143468E-4        1.011318
        9.793999           0.191026E-4        1.013045           0.143476E-4        1.011318
        9.796000           0.191038E-4        1.013046           0.143483E-4        1.011319
        9.797999           0.191049E-4        1.013046           0.143491E-4        1.011319
        9.799999           0.191061E-4        1.013046           0.143498E-4        1.011319
        9.801999           0.191073E-4        1.013047           0.143506E-4        1.011320
        9.803999           0.191084E-4        1.013047           0.143514E-4        1.011320
        9.806000           0.191096E-4        1.013047           0.143521E-4        1.011320
        9.808000           0.191108E-4        1.013048           0.143529E-4        1.011320
        9.809999           0.191119E-4        1.013048           0.143536E-4        1.011321
        9.811999           0.191131E-4        1.013049           0.143544E-4        1.011321
        9.814000           0.191143E-4        1.013049           0.143552E-4        1.011321
        9.816000           0.191154E-4        1.013049           0.143559E-4        1.011322
        9.817999           0.191166E-4        1.013050           0.143567E-4        1.011322
        9.819999           0.191178E-4        1.013050           0.143575E-4        1.011322
        9.821999           0.191189E-4        1.013050           0.143582E-4        1.011322
        9.823999           0.191201E-4        1.013051           0.143590E-4        1.011323
        9.825999           0.191213E-4        1.013051           0.143597E-4        1.011323
        9.827999           0.191224E-4        1.013052           0.143605E-4        1.011323
        9.829999           0.191236E-4        1.013052           0.143613E-4        1.011324
        9.831999           0.191248E-4        1.013052           0.143620E-4        1.011324
        9.834000           0.191259E-4        1.013053           0.143628E-4        1.011324
        9.835999           0.191271E-4        1.013053           0.143635E-4        1.011324
        9.837999           0.191283E-4        1.013054           0.143643E-4        1.011325
        9.839999           0.191295E-4        1.013054           0.143650E-4        1.011325
        9.841999           0.191306E-4        1.013054           0.143658E-4        1.011325
        9.844000           0.191318E-4        1.013055           0.143666E-4        1.011326
        9.846000           0.191330E-4        1.013055           0.143673E-4        1.011326
        9.848000           0.191341E-4        1.013055           0.143681E-4        1.011326
        9.849999           0.191353E-4        1.013056           0.143688E-4        1.011326
        9.851999           0.191365E-4        1.013056           0.143696E-4        1.011327
        9.853999           0.191376E-4        1.013057           0.143704E-4        1.011327
        9.855999           0.191388E-4        1.013057           0.143711E-4        1.011327
        9.857999           0.191400E-4        1.013057           0.143719E-4        1.011328
        9.859999           0.191411E-4        1.013058           0.143727E-4        1.011328
        9.861999           0.191423E-4        1.013058           0.143734E-4        1.011328
        9.863999           0.191435E-4        1.013059           0.143742E-4        1.011328
        9.865999           0.191447E-4        1.013059           0.143750E-4        1.011329
        9.867999           0.191458E-4        1.013059           0.143757E-4        1.011329
        9.869999           0.191470E-4        1.013060           0.143765E-4        1.011329
        9.871999           0.191482E-4        1.013060           0.143772E-4        1.011330
        9.874000           0.191493E-4        1.013060           0.143780E-4        1.011330
        9.875999           0.191505E-4        1.013061           0.143788E-4        1.011330
        9.877999           0.191517E-4        1.013061           0.143795E-4        1.011330
        9.879999           0.191528E-4        1.013062           0.143803E-4        1.011331
        9.881999           0.191540E-4        1.013062           0.143811E-4        1.011331
        9.884000           0.191552E-4        1.013062           0.143818E-4        1.011331
        9.886000           0.191564E-4        1.013063           0.143826E-4        1.011332
        9.888000           0.191575E-4        1.013063           0.143833E-4        1.011332
        9.889999           0.191587E-4        1.013064           0.143841E-4        1.011332
        9.891999           0.191599E-4        1.013064           0.143849E-4        1.011333
        9.893999           0.191610E-4        1.013064           0.143856E-4        1.011333
        9.895999           0.191622E-4        1.013065           0.143864E-4        1.011333
        9.897999           0.191634E-4        1.013065           0.143871E-4        1.011333
        9.899999           0.191646E-4        1.013065           0.143879E-4        1.011334
        9.901999           0.191657E-4        1.013066           0.143887E-4        1.011334
        9.903999           0.191669E-4        1.013066           0.143894E-4        1.011334
        9.905999           0.191681E-4        1.013067           0.143902E-4        1.011335
        9.907999           0.191692E-4        1.013067           0.143910E-4        1.011335
        9.909999           0.191704E-4        1.013067           0.143917E-4        1.011335
        9.912000           0.191716E-4        1.013068           0.143925E-4        1.011335
        9.914000           0.191728E-4        1.013068           0.143933E-4        1.011336
        9.915999           0.191739E-4        1.013068           0.143940E-4        1.011336
        9.917999           0.191751E-4        1.013069           0.143948E-4        1.011336
        9.919999           0.191763E-4        1.013069           0.143956E-4        1.011337
        9.922000           0.191774E-4        1.013070           0.143963E-4        1.011337
        9.924000           0.191786E-4        1.013070           0.143971E-4        1.011337
        9.926000           0.191798E-4        1.013070           0.143978E-4        1.011337
        9.927999           0.191810E-4        1.013071           0.143986E-4        1.011338
        9.929999           0.191821E-4        1.013071           0.143994E-4        1.011338
        9.931999           0.191833E-4        1.013072           0.144001E-4        1.011338
        9.933999           0.191845E-4        1.013072           0.144009E-4        1.011339
        9.935999           0.191857E-4        1.013072           0.144017E-4        1.011339
        9.937999           0.191868E-4        1.013073           0.144024E-4        1.011339
        9.939999           0.191880E-4        1.013073           0.144032E-4        1.011339
        9.941999           0.191892E-4        1.013073           0.144039E-4        1.011340
        9.943999           0.191904E-4        1.013074           0.144047E-4        1.011340
        9.945999           0.191915E-4        1.013074           0.144055E-4        1.011340
        9.947999           0.191927E-4        1.013075           0.144063E-4        1.011341
        9.949999           0.191939E-4        1.013075           0.144070E-4        1.011341
        9.952000           0.191950E-4        1.013075           0.144078E-4        1.011341
        9.954000           0.191962E-4        1.013076           0.144085E-4        1.011341
        9.955999           0.191974E-4        1.013076           0.144093E-4        1.011342
        9.957999           0.191986E-4        1.013077           0.144100E-4        1.011342
        9.960000           0.191997E-4        1.013077           0.144108E-4        1.011342
        9.962000           0.192009E-4        1.013077           0.144116E-4        1.011343
        9.964000           0.192021E-4        1.013078           0.144124E-4        1.011343
        9.966000           0.192033E-4        1.013078           0.144131E-4        1.011343
        9.967999           0.192044E-4        1.013078           0.144139E-4        1.011343
        9.969999           0.192056E-4        1.013079           0.144147E-4        1.011344
        9.971999           0.192068E-4        1.013079           0.144154E-4        1.011344
        9.973999           0.192080E-4        1.013080           0.144162E-4        1.011344
        9.975999           0.192091E-4        1.013080           0.144169E-4        1.011345
        9.977999           0.192103E-4        1.013080           0.144177E-4        1.011345
        9.980000           0.192115E-4        1.013081           0.144185E-4        1.011345
        9.981999           0.192127E-4        1.013081           0.144192E-4        1.011346
        9.983999           0.192139E-4        1.013082           0.144200E-4        1.011346
        9.985999           0.192150E-4        1.013082           0.144208E-4        1.011346
        9.987999           0.192162E-4        1.013082           0.144215E-4        1.011346
        9.990000           0.192174E-4        1.013083           0.144223E-4        1.011347
        9.992000           0.192186E-4        1.013083           0.144231E-4        1.011347
        9.993999           0.192197E-4        1.013083           0.144238E-4        1.011347
        9.995999           0.192209E-4        1.013084           0.144246E-4        1.011348
        9.997999           0.192221E-4        1.013084           0.144254E-4        1.011348
        10.00000           0.192233E-4        1.013085           0.144261E-4        1.011348
# 
# 08/28/2026 at 16:16 yambo @ compute-9-01 [start]
# 08/28/2026 at 16:35                      [end]
#  
# Timing   [Min/Max/Average]: 19m-47s/19m-47s/19m-47s
#
# .-Input file  BSE_files/BSE.in
# | optics                           # [R] Linear Response optical properties
# | dipoles                          # [R] Oscillator strenghts (or dipoles)
# | bss                              # [R] BSE solver
# | bse                              # [R][BSE] Bethe Salpeter Equation.
# | DBsIOoff= "BS"                   # [IO] Space-separated list of DB with NO I/O. DB=(DIP,X,HF,COLLs,J,GF,CARRIERs,OBS,W,SC,BS,ALL)
# | FFTGvecs= 1837             RL    # [FFT] Plane-waves
# | DIP_CPU= "2.6.2"                 # [PARALLEL] CPUs for each role
# | DIP_ROLEs= "v.c.k"               # [PARALLEL] CPUs roles (k,c,v)
# | DIP_Threads= 2                   # [OPENMP/X] Number of threads for dipoles
# | BS_CPU= "4.6"                    # [PARALLEL] CPUs for each role
# | BS_ROLEs= "eh.k"                 # [PARALLEL] CPUs roles (k,eh,t)
# | BS_nCPU_LinAlg_INV=  4           # [PARALLEL] CPUs for Linear Algebra (if -1 it is automatically set)
# | BS_nCPU_LinAlg_DIAGO=  4         # [PARALLEL] CPUs for Linear Algebra (if -1 it is automatically set)
# | K_Threads= 2                     # [OPENMP/BSK] Number of threads for response functions
# | BSKmod= "SEX"                    # [BSE] IP/Hartree/HF/ALDA/SEX/BSfxc
# | BSEmod= "resonant"               # [BSE] resonant/retarded/coupling
# | BSEdiskIO= "medium"              # [BSE] high(restart always) |medium(restart only corr.) |low(writes at the end)|none
# | BSSmod= "d"                      # [BSS] (h)aydock/(d)iago/(o)ld-diago/(s)lepc/(i)nversion/(c)hase
# | BSENGexx= 20120            mHa   # [BSK] Exchange components
# | BSENGBlk=  89              RL    # [BSK] Screened interaction block size [if -1 uses all the G-vectors of W_{G,Gp}]
# | #WehCpl                        # [BSK] eh interaction included also in coupling
# | KfnQPdb= "E < GW0/ndb.QP"        # [EXTQP BSK BSS] Database action
# | % KfnQP_E
# |  6.000000 | 1.050000 | 1.050000 |        # [EXTQP BSK BSS] E parameters  (c/v) eV|adim|adim
# | %
# | EXCTemp= 0.000000          eV    # Excitonic Temperature (for luminescence spectra and EXCPH)
# | % BSEQptR
# |  1 | 1 |                             # [BSK] Transferred momenta range
# | %
# | % BSEBands
# |    1 |  60 |                         # [BSK] Bands range
# | %
# | BSEFrozenBands= "2 - 5"          # [BSK] Bands expluded from BSE construction
# | #NoDiagSC                      # New setup for non-diagonal supercells
# | % BEnRange
# |   0.00000 | 10.00000 |         eV    # [BSS] Energy range
# | %
# | BDmType= "Lorentzian"            # [BSS] Damping type (Lorentzian | Gaussian)
# | % BDmRange
# |  0.100000 | 0.100000 |         eV    # [BSS] Damping range
# | %
# | BEnSteps=  5001                  # [BSS] Energy steps
# | % BLongDir
# |  1.000000 | 0.000000 | 0.000000 |        # [BSS] [cc] Electric Field versor
# | %
# | BSEprop= " abs esrt indx"        # [BSS] Can be any among abs/jdos/kerr/asymm/anHAll/magn/dich/photolum/esrt/MEspin/MEorb
# | BSEdips= "none"                  # [BSS] Can be "trace/none" or "xy/xz/yz" to define off-diagonal rotation plane
# | WRbsWF                         # [BSS] Write to disk excitonic the WFs
# | BSSldiaLib= "s"                  # [BSS] Library used with ldiago solver `(s)scalapack/(e1)elpa1/(e2)elpa2`
# | BSSNEig=0                        # [SLEPC/DIAGO] Number of eigenvalues to compute
