nbnd_1,nbnd_2,plot_x_nbnd,N_common_energy_points,rms
10,20,20,400,0.000593336
20,30,30,400,0.000040610
30,40,40,400,0.000009071
40,50,50,400,0.000003532
50,60,60,400,0.000001626
60,70,70,400,0.000000947
70,80,80,400,0.000000812
