nbnd_1,nbnd_2,plot_x_nbnd,N_common_energy_points,rms
10,20,20,400,0.138439813
20,30,30,400,0.023842710
30,40,40,400,0.007351854
40,50,50,400,0.003601119
50,60,60,400,0.001826897
60,70,70,400,0.001066454
70,80,80,400,0.000636150
