#                                                                     
# $$\                                                                 
# $$ |                                                                
# $$ |     $$\   $$\ $$$$$$\$$$$\   $$$$$$\  $$$$$$$\                 
# $$ |     $$ |  $$ |$$  _$$  _$$\ $$  __$$\ $$  __$$\                
# $$ |     $$ |  $$ |$$ / $$ / $$ |$$$$$$$$ |$$ |  $$ |               
# $$ |     $$ |  $$ |$$ | $$ | $$ |$$   ____|$$ |  $$ |               
# $$$$$$$$\\$$$$$$  |$$ | $$ | $$ |\$$$$$$$\ $$ |  $$ |               
# \________|\______/ \__| \__| \__| \_______|\__|  \__|               
#                                                                     
#                   Fork Lumen 2.1.0                                  
#                   Branch is nlresp                                  
#        MPI+OpenMP+SLK+SLEPC+HDF5_MPI_IO Build                       
#               http://www.lumen-code.org                             
#
# Absorption @ Q(1):   1.00000000      0.00000000      0.00000000    [q->0 direction]
#
# [GEN] GF Energies                               : Perdew, Burke & Ernzerhof(X)+Perdew, Burke & Ernzerhof(C)
# [GEN] Green`s Function                          : Resonant
#
# [GEN] Gauge                                     : Length
# [GEN] [r,Vnl] included                          : yes
#
# DIP band range                                  :   1  10
# DIP band range limits                           :   5   6
# DIP e/h energy range                            :  -1.00000000     -1.00000000    [eV]
# RL vectors in the sum                           :  1837
# [r,Vnl] included                                : yes
# Bands ordered                                   : yes
# Direct v evaluation                             : no
# Approach used                                   : G-space v
# Dipoles computed                                : R V P [G-space]
# Wavefunctions                                   : Perdew, Burke & Ernzerhof(X)+Perdew, Burke & Ernzerhof(C)
#
#
# [K] Identifier                                  :   5964
# [K] Dimension                                   :  29160
# [K] Bands                                       :   1  10
# [K] Exchange res                                : yes
# [K] Correlation res                             : yes
# [K] Kernel`s coupling                           : no
# [K] Exchange cpl                                : no
# [K] Correlation cpl                             : no
# [K] W interaction is bare                       : no
# [K] ALDA kernel in R-space                      : no
# [K] RL vectors exchange                         :   531
# [K] RL vectors correlation                      :   89
# [K] E/h energy range                            :  -1.00000000     -1.00000000    [eV]
# [K] Coupling range                              :   100.000000      100.000000    [o/o]
# [W] Interaction is diagonal                     : no
# [W] Matrix size                                 :   89
# [W] Bands                                       :   1  10
# [W] e/h energy range                            :  -1.00000000     -1.00000000    [eV]
# [W] Poles                                       :   100.000000    [o/o]
# [W] RL vectors in the sum                       :  1837
# [W] [r,Vnl] included                            : yes
# [W] Field direction                             :  0.999999975E-5   0.00000000      0.00000000   
# [W] Coulomb Cutoff                              : none
# [W] Hxc Kernel                                  : HARTREE
# [RIM] RL components col                         : 0
# [RIM] Random points col                         : 0
# [SOC] Perturbative SOC                          : no
# [X] Response Kind                               : BAR
#
# Diamagnetic term                                
# Ao                                              :  -9.57431698    [nel]
# A                                               :  -9.61616421    [nel]
#
#    E[1] [eV]          Im(eps)            Re(eps)            Im(eps_o)          Re(eps_o)
#
        0.000000           0.897274E-5        1.006369           0.728052E-5        1.005740
        0.002000           0.897325E-5        1.006370           0.728090E-5        1.005740
        0.004000           0.897376E-5        1.006370           0.728127E-5        1.005740
        0.006000           0.897427E-5        1.006370           0.728164E-5        1.005741
        0.008000           0.897477E-5        1.006370           0.728201E-5        1.005741
        0.010000           0.897528E-5        1.006370           0.728238E-5        1.005741
        0.012000           0.897579E-5        1.006371           0.728275E-5        1.005741
        0.014000           0.897630E-5        1.006371           0.728312E-5        1.005741
        0.016000           0.897680E-5        1.006371           0.728350E-5        1.005741
        0.018000           0.897731E-5        1.006371           0.728387E-5        1.005741
        0.020000           0.897782E-5        1.006371           0.728424E-5        1.005741
        0.022000           0.897833E-5        1.006371           0.728461E-5        1.005742
        0.024000           0.897883E-5        1.006372           0.728498E-5        1.005742
        0.026000           0.897934E-5        1.006372           0.728535E-5        1.005742
        0.028000           0.897985E-5        1.006372           0.728572E-5        1.005742
        0.030000           0.898036E-5        1.006372           0.728609E-5        1.005742
        0.032000           0.898087E-5        1.006372           0.728646E-5        1.005742
        0.034000           0.898137E-5        1.006373           0.728683E-5        1.005743
        0.036000           0.898188E-5        1.006373           0.728720E-5        1.005743
        0.038000           0.898239E-5        1.006373           0.728757E-5        1.005743
        0.040000           0.898290E-5        1.006373           0.728794E-5        1.005743
        0.042000           0.898341E-5        1.006373           0.728832E-5        1.005743
        0.044000           0.898392E-5        1.006373           0.728869E-5        1.005743
        0.046000           0.898442E-5        1.006374           0.728906E-5        1.005743
        0.048000           0.898493E-5        1.006374           0.728943E-5        1.005744
        0.050000           0.898544E-5        1.006374           0.728980E-5        1.005744
        0.052000           0.898595E-5        1.006374           0.729017E-5        1.005744
        0.054000           0.898646E-5        1.006374           0.729054E-5        1.005744
        0.056000           0.898697E-5        1.006374           0.729091E-5        1.005744
        0.058000           0.898747E-5        1.006375           0.729129E-5        1.005744
        0.060000           0.898798E-5        1.006375           0.729165E-5        1.005744
        0.062000           0.898849E-5        1.006375           0.729203E-5        1.005745
        0.064000           0.898900E-5        1.006375           0.729240E-5        1.005745
        0.066000           0.898951E-5        1.006375           0.729277E-5        1.005745
        0.068000           0.899002E-5        1.006376           0.729314E-5        1.005745
        0.070000           0.899053E-5        1.006376           0.729351E-5        1.005745
        0.072000           0.899104E-5        1.006376           0.729389E-5        1.005745
        0.074000           0.899154E-5        1.006376           0.729425E-5        1.005745
        0.076000           0.899205E-5        1.006376           0.729462E-5        1.005746
        0.078000           0.899256E-5        1.006377           0.729500E-5        1.005746
        0.080000           0.899307E-5        1.006377           0.729536E-5        1.005746
        0.082000           0.899358E-5        1.006377           0.729574E-5        1.005746
        0.084000           0.899409E-5        1.006377           0.729611E-5        1.005746
        0.086000           0.899460E-5        1.006377           0.729648E-5        1.005746
        0.088000           0.899511E-5        1.006377           0.729686E-5        1.005746
        0.090000           0.899562E-5        1.006378           0.729723E-5        1.005747
        0.092000           0.899613E-5        1.006378           0.729760E-5        1.005747
        0.094000           0.899664E-5        1.006378           0.729797E-5        1.005747
        0.096000           0.899714E-5        1.006378           0.729834E-5        1.005747
        0.098000           0.899766E-5        1.006378           0.729871E-5        1.005747
        0.100000           0.899816E-5        1.006378           0.729909E-5        1.005747
        0.102000           0.899867E-5        1.006379           0.729946E-5        1.005748
        0.104000           0.899918E-5        1.006379           0.729983E-5        1.005748
        0.106000           0.899969E-5        1.006379           0.730020E-5        1.005748
        0.108000           0.900020E-5        1.006379           0.730058E-5        1.005748
        0.110000           0.900071E-5        1.006379           0.730095E-5        1.005748
        0.112000           0.900122E-5        1.006379           0.730132E-5        1.005748
        0.114000           0.900173E-5        1.006380           0.730169E-5        1.005748
        0.116000           0.900224E-5        1.006380           0.730206E-5        1.005749
        0.118000           0.900275E-5        1.006380           0.730244E-5        1.005749
        0.120000           0.900326E-5        1.006380           0.730281E-5        1.005749
        0.122000           0.900377E-5        1.006380           0.730318E-5        1.005749
        0.124000           0.900428E-5        1.006381           0.730355E-5        1.005749
        0.126000           0.900479E-5        1.006381           0.730392E-5        1.005749
        0.128000           0.900530E-5        1.006381           0.730429E-5        1.005749
        0.130000           0.900581E-5        1.006381           0.730467E-5        1.005750
        0.132000           0.900632E-5        1.006381           0.730504E-5        1.005750
        0.134000           0.900683E-5        1.006382           0.730541E-5        1.005750
        0.136000           0.900734E-5        1.006382           0.730578E-5        1.005750
        0.138000           0.900785E-5        1.006382           0.730616E-5        1.005750
        0.140000           0.900836E-5        1.006382           0.730653E-5        1.005750
        0.142000           0.900887E-5        1.006382           0.730689E-5        1.005750
        0.144000           0.900938E-5        1.006382           0.730727E-5        1.005751
        0.146000           0.900989E-5        1.006383           0.730765E-5        1.005751
        0.148000           0.901040E-5        1.006383           0.730802E-5        1.005751
        0.150000           0.901091E-5        1.006383           0.730839E-5        1.005751
        0.152000           0.901142E-5        1.006383           0.730876E-5        1.005751
        0.154000           0.901193E-5        1.006383           0.730913E-5        1.005751
        0.156000           0.901245E-5        1.006384           0.730951E-5        1.005751
        0.158000           0.901296E-5        1.006384           0.730988E-5        1.005752
        0.160000           0.901347E-5        1.006384           0.731025E-5        1.005752
        0.162000           0.901398E-5        1.006384           0.731063E-5        1.005752
        0.164000           0.901449E-5        1.006384           0.731100E-5        1.005752
        0.166000           0.901500E-5        1.006384           0.731137E-5        1.005752
        0.168000           0.901551E-5        1.006385           0.731175E-5        1.005752
        0.170000           0.901602E-5        1.006385           0.731212E-5        1.005752
        0.172000           0.901653E-5        1.006385           0.731249E-5        1.005753
        0.174000           0.901704E-5        1.006385           0.731286E-5        1.005753
        0.176000           0.901755E-5        1.006385           0.731324E-5        1.005753
        0.178000           0.901807E-5        1.006385           0.731361E-5        1.005753
        0.180000           0.901857E-5        1.006386           0.731398E-5        1.005753
        0.182000           0.901909E-5        1.006386           0.731435E-5        1.005753
        0.184000           0.901960E-5        1.006386           0.731472E-5        1.005754
        0.186000           0.902011E-5        1.006386           0.731510E-5        1.005754
        0.188000           0.902062E-5        1.006386           0.731548E-5        1.005754
        0.190000           0.902113E-5        1.006387           0.731584E-5        1.005754
        0.192000           0.902165E-5        1.006387           0.731622E-5        1.005754
        0.194000           0.902216E-5        1.006387           0.731659E-5        1.005754
        0.196000           0.902267E-5        1.006387           0.731697E-5        1.005754
        0.198000           0.902318E-5        1.006387           0.731734E-5        1.005754
        0.200000           0.902369E-5        1.006387           0.731772E-5        1.005755
        0.202000           0.902420E-5        1.006388           0.731809E-5        1.005755
        0.204000           0.902471E-5        1.006388           0.731846E-5        1.005755
        0.206000           0.902523E-5        1.006388           0.731883E-5        1.005755
        0.208000           0.902574E-5        1.006388           0.731921E-5        1.005755
        0.210000           0.902625E-5        1.006388           0.731958E-5        1.005755
        0.212000           0.902676E-5        1.006389           0.731996E-5        1.005756
        0.214000           0.902727E-5        1.006389           0.732032E-5        1.005756
        0.216000           0.902779E-5        1.006389           0.732070E-5        1.005756
        0.218000           0.902830E-5        1.006389           0.732108E-5        1.005756
        0.220000           0.902881E-5        1.006389           0.732145E-5        1.005756
        0.222000           0.902932E-5        1.006389           0.732183E-5        1.005756
        0.224000           0.902983E-5        1.006390           0.732219E-5        1.005756
        0.226000           0.903035E-5        1.006390           0.732257E-5        1.005757
        0.228000           0.903086E-5        1.006390           0.732294E-5        1.005757
        0.230000           0.903137E-5        1.006390           0.732332E-5        1.005757
        0.232000           0.903188E-5        1.006390           0.732369E-5        1.005757
        0.234000           0.903239E-5        1.006391           0.732406E-5        1.005757
        0.236000           0.903291E-5        1.006391           0.732444E-5        1.005757
        0.238000           0.903342E-5        1.006391           0.732481E-5        1.005757
        0.240000           0.903393E-5        1.006391           0.732519E-5        1.005758
        0.242000           0.903444E-5        1.006391           0.732556E-5        1.005758
        0.244000           0.903496E-5        1.006391           0.732594E-5        1.005758
        0.246000           0.903547E-5        1.006392           0.732631E-5        1.005758
        0.248000           0.903598E-5        1.006392           0.732668E-5        1.005758
        0.250000           0.903649E-5        1.006392           0.732706E-5        1.005758
        0.252000           0.903701E-5        1.006392           0.732743E-5        1.005759
        0.254000           0.903752E-5        1.006392           0.732781E-5        1.005759
        0.256000           0.903803E-5        1.006392           0.732818E-5        1.005759
        0.258000           0.903854E-5        1.006393           0.732855E-5        1.005759
        0.260000           0.903906E-5        1.006393           0.732893E-5        1.005759
        0.262000           0.903957E-5        1.006393           0.732930E-5        1.005759
        0.264000           0.904008E-5        1.006393           0.732968E-5        1.005759
        0.266000           0.904060E-5        1.006393           0.733005E-5        1.005759
        0.268000           0.904111E-5        1.006394           0.733042E-5        1.005760
        0.270000           0.904162E-5        1.006394           0.733080E-5        1.005760
        0.272000           0.904214E-5        1.006394           0.733117E-5        1.005760
        0.274000           0.904265E-5        1.006394           0.733154E-5        1.005760
        0.276000           0.904317E-5        1.006394           0.733192E-5        1.005760
        0.278000           0.904368E-5        1.006395           0.733230E-5        1.005760
        0.280000           0.904419E-5        1.006395           0.733267E-5        1.005761
        0.282000           0.904470E-5        1.006395           0.733305E-5        1.005761
        0.284000           0.904522E-5        1.006395           0.733342E-5        1.005761
        0.286000           0.904573E-5        1.006395           0.733379E-5        1.005761
        0.288000           0.904625E-5        1.006395           0.733417E-5        1.005761
        0.290000           0.904676E-5        1.006396           0.733454E-5        1.005761
        0.292000           0.904727E-5        1.006396           0.733491E-5        1.005761
        0.294000           0.904779E-5        1.006396           0.733528E-5        1.005762
        0.296000           0.904830E-5        1.006396           0.733566E-5        1.005762
        0.298000           0.904881E-5        1.006396           0.733604E-5        1.005762
        0.300000           0.904933E-5        1.006397           0.733641E-5        1.005762
        0.302000           0.904984E-5        1.006397           0.733679E-5        1.005762
        0.304000           0.905036E-5        1.006397           0.733716E-5        1.005762
        0.306000           0.905087E-5        1.006397           0.733754E-5        1.005762
        0.308000           0.905138E-5        1.006397           0.733792E-5        1.005763
        0.310000           0.905190E-5        1.006397           0.733829E-5        1.005763
        0.312000           0.905241E-5        1.006398           0.733866E-5        1.005763
        0.314000           0.905292E-5        1.006398           0.733904E-5        1.005763
        0.316000           0.905344E-5        1.006398           0.733941E-5        1.005763
        0.318000           0.905395E-5        1.006398           0.733979E-5        1.005763
        0.320000           0.905447E-5        1.006398           0.734017E-5        1.005763
        0.322000           0.905498E-5        1.006398           0.734054E-5        1.005764
        0.324000           0.905550E-5        1.006399           0.734091E-5        1.005764
        0.326000           0.905601E-5        1.006399           0.734129E-5        1.005764
        0.328000           0.905652E-5        1.006399           0.734166E-5        1.005764
        0.330000           0.905704E-5        1.006399           0.734204E-5        1.005764
        0.332000           0.905755E-5        1.006399           0.734241E-5        1.005764
        0.334000           0.905807E-5        1.006400           0.734279E-5        1.005764
        0.336000           0.905858E-5        1.006400           0.734316E-5        1.005765
        0.338000           0.905910E-5        1.006400           0.734354E-5        1.005765
        0.340000           0.905961E-5        1.006400           0.734392E-5        1.005765
        0.342000           0.906013E-5        1.006400           0.734429E-5        1.005765
        0.344000           0.906064E-5        1.006400           0.734467E-5        1.005765
        0.346000           0.906116E-5        1.006401           0.734504E-5        1.005765
        0.348000           0.906167E-5        1.006401           0.734541E-5        1.005766
        0.350000           0.906219E-5        1.006401           0.734579E-5        1.005766
        0.352000           0.906270E-5        1.006401           0.734617E-5        1.005766
        0.354000           0.906322E-5        1.006401           0.734654E-5        1.005766
        0.356000           0.906373E-5        1.006402           0.734692E-5        1.005766
        0.358000           0.906425E-5        1.006402           0.734729E-5        1.005766
        0.360000           0.906476E-5        1.006402           0.734767E-5        1.005766
        0.362000           0.906528E-5        1.006402           0.734805E-5        1.005767
        0.364000           0.906579E-5        1.006402           0.734842E-5        1.005767
        0.366000           0.906631E-5        1.006402           0.734880E-5        1.005767
        0.368000           0.906682E-5        1.006403           0.734917E-5        1.005767
        0.370000           0.906734E-5        1.006403           0.734955E-5        1.005767
        0.372000           0.906785E-5        1.006403           0.734992E-5        1.005767
        0.374000           0.906837E-5        1.006403           0.735030E-5        1.005767
        0.376000           0.906889E-5        1.006403           0.735068E-5        1.005768
        0.378000           0.906940E-5        1.006404           0.735105E-5        1.005768
        0.380000           0.906992E-5        1.006404           0.735143E-5        1.005768
        0.382000           0.907043E-5        1.006404           0.735181E-5        1.005768
        0.384000           0.907095E-5        1.006404           0.735217E-5        1.005768
        0.386000           0.907146E-5        1.006404           0.735256E-5        1.005768
        0.388000           0.907198E-5        1.006405           0.735293E-5        1.005768
        0.390000           0.907250E-5        1.006405           0.735331E-5        1.005769
        0.392000           0.907301E-5        1.006405           0.735368E-5        1.005769
        0.394000           0.907353E-5        1.006405           0.735406E-5        1.005769
        0.396000           0.907404E-5        1.006405           0.735444E-5        1.005769
        0.398000           0.907456E-5        1.006405           0.735481E-5        1.005769
        0.400000           0.907508E-5        1.006406           0.735519E-5        1.005769
        0.402000           0.907559E-5        1.006406           0.735557E-5        1.005769
        0.404000           0.907611E-5        1.006406           0.735594E-5        1.005770
        0.406000           0.907663E-5        1.006406           0.735631E-5        1.005770
        0.408000           0.907714E-5        1.006406           0.735670E-5        1.005770
        0.410000           0.907766E-5        1.006406           0.735707E-5        1.005770
        0.412000           0.907817E-5        1.006407           0.735744E-5        1.005770
        0.414000           0.907869E-5        1.006407           0.735782E-5        1.005770
        0.416000           0.907920E-5        1.006407           0.735819E-5        1.005771
        0.418000           0.907972E-5        1.006407           0.735857E-5        1.005771
        0.420000           0.908024E-5        1.006407           0.735895E-5        1.005771
        0.422000           0.908076E-5        1.006408           0.735933E-5        1.005771
        0.424000           0.908127E-5        1.006408           0.735970E-5        1.005771
        0.426000           0.908179E-5        1.006408           0.736008E-5        1.005771
        0.428000           0.908230E-5        1.006408           0.736046E-5        1.005771
        0.430000           0.908282E-5        1.006408           0.736083E-5        1.005772
        0.432000           0.908334E-5        1.006408           0.736121E-5        1.005772
        0.434000           0.908386E-5        1.006409           0.736159E-5        1.005772
        0.436000           0.908437E-5        1.006409           0.736197E-5        1.005772
        0.438000           0.908489E-5        1.006409           0.736233E-5        1.005772
        0.440000           0.908541E-5        1.006409           0.736272E-5        1.005772
        0.442000           0.908592E-5        1.006409           0.736309E-5        1.005772
        0.444000           0.908644E-5        1.006410           0.736347E-5        1.005773
        0.446000           0.908696E-5        1.006410           0.736385E-5        1.005773
        0.448000           0.908747E-5        1.006410           0.736423E-5        1.005773
        0.450000           0.908799E-5        1.006410           0.736460E-5        1.005773
        0.452000           0.908851E-5        1.006410           0.736498E-5        1.005773
        0.454000           0.908903E-5        1.006410           0.736536E-5        1.005773
        0.456000           0.908954E-5        1.006411           0.736573E-5        1.005773
        0.458000           0.909006E-5        1.006411           0.736610E-5        1.005774
        0.460000           0.909058E-5        1.006411           0.736648E-5        1.005774
        0.462000           0.909110E-5        1.006411           0.736686E-5        1.005774
        0.464000           0.909161E-5        1.006411           0.736724E-5        1.005774
        0.466000           0.909213E-5        1.006412           0.736762E-5        1.005774
        0.468000           0.909265E-5        1.006412           0.736800E-5        1.005774
        0.470000           0.909316E-5        1.006412           0.736837E-5        1.005774
        0.472000           0.909368E-5        1.006412           0.736875E-5        1.005775
        0.474000           0.909420E-5        1.006412           0.736912E-5        1.005775
        0.476000           0.909472E-5        1.006413           0.736950E-5        1.005775
        0.478000           0.909523E-5        1.006413           0.736988E-5        1.005775
        0.480000           0.909575E-5        1.006413           0.737026E-5        1.005775
        0.482000           0.909627E-5        1.006413           0.737063E-5        1.005775
        0.484000           0.909679E-5        1.006413           0.737101E-5        1.005776
        0.486000           0.909731E-5        1.006413           0.737139E-5        1.005776
        0.488000           0.909782E-5        1.006414           0.737177E-5        1.005776
        0.490000           0.909834E-5        1.006414           0.737215E-5        1.005776
        0.492000           0.909886E-5        1.006414           0.737252E-5        1.005776
        0.494000           0.909938E-5        1.006414           0.737290E-5        1.005776
        0.496000           0.909990E-5        1.006414           0.737327E-5        1.005776
        0.498000           0.910042E-5        1.006415           0.737366E-5        1.005777
        0.500000           0.910093E-5        1.006415           0.737404E-5        1.005777
        0.502000           0.910145E-5        1.006415           0.737441E-5        1.005777
        0.504000           0.910197E-5        1.006415           0.737479E-5        1.005777
        0.506000           0.910249E-5        1.006415           0.737516E-5        1.005777
        0.508000           0.910301E-5        1.006415           0.737554E-5        1.005777
        0.510000           0.910352E-5        1.006416           0.737592E-5        1.005777
        0.512000           0.910404E-5        1.006416           0.737630E-5        1.005778
        0.514000           0.910456E-5        1.006416           0.737668E-5        1.005778
        0.516000           0.910508E-5        1.006416           0.737705E-5        1.005778
        0.518000           0.910560E-5        1.006416           0.737743E-5        1.005778
        0.520000           0.910612E-5        1.006416           0.737781E-5        1.005778
        0.522000           0.910663E-5        1.006417           0.737819E-5        1.005778
        0.524000           0.910716E-5        1.006417           0.737856E-5        1.005778
        0.526000           0.910768E-5        1.006417           0.737894E-5        1.005779
        0.528000           0.910819E-5        1.006417           0.737932E-5        1.005779
        0.530000           0.910871E-5        1.006417           0.737970E-5        1.005779
        0.532000           0.910923E-5        1.006418           0.738007E-5        1.005779
        0.534000           0.910975E-5        1.006418           0.738046E-5        1.005779
        0.536000           0.911027E-5        1.006418           0.738084E-5        1.005779
        0.538000           0.911079E-5        1.006418           0.738121E-5        1.005780
        0.540000           0.911131E-5        1.006418           0.738159E-5        1.005780
        0.542000           0.911183E-5        1.006418           0.738197E-5        1.005780
        0.544000           0.911235E-5        1.006419           0.738235E-5        1.005780
        0.546000           0.911286E-5        1.006419           0.738272E-5        1.005780
        0.548000           0.911338E-5        1.006419           0.738311E-5        1.005780
        0.550000           0.911391E-5        1.006419           0.738348E-5        1.005780
        0.552000           0.911442E-5        1.006419           0.738386E-5        1.005781
        0.554000           0.911494E-5        1.006420           0.738424E-5        1.005781
        0.556000           0.911546E-5        1.006420           0.738462E-5        1.005781
        0.558000           0.911598E-5        1.006420           0.738500E-5        1.005781
        0.560000           0.911650E-5        1.006420           0.738537E-5        1.005781
        0.562000           0.911702E-5        1.006420           0.738575E-5        1.005781
        0.564000           0.911754E-5        1.006420           0.738613E-5        1.005781
        0.566000           0.911806E-5        1.006421           0.738651E-5        1.005782
        0.568000           0.911858E-5        1.006421           0.738688E-5        1.005782
        0.570000           0.911910E-5        1.006421           0.738727E-5        1.005782
        0.572000           0.911962E-5        1.006421           0.738764E-5        1.005782
        0.574000           0.912014E-5        1.006421           0.738802E-5        1.005782
        0.576000           0.912066E-5        1.006422           0.738840E-5        1.005782
        0.578000           0.912118E-5        1.006422           0.738878E-5        1.005782
        0.580000           0.912170E-5        1.006422           0.738916E-5        1.005783
        0.582000           0.912222E-5        1.006422           0.738954E-5        1.005783
        0.584000           0.912273E-5        1.006422           0.738992E-5        1.005783
        0.586000           0.912326E-5        1.006423           0.739030E-5        1.005783
        0.588000           0.912378E-5        1.006423           0.739068E-5        1.005783
        0.590000           0.912430E-5        1.006423           0.739106E-5        1.005783
        0.592000           0.912482E-5        1.006423           0.739143E-5        1.005784
        0.594000           0.912534E-5        1.006423           0.739182E-5        1.005784
        0.596000           0.912586E-5        1.006423           0.739219E-5        1.005784
        0.598000           0.912638E-5        1.006424           0.739257E-5        1.005784
        0.600000           0.912690E-5        1.006424           0.739295E-5        1.005784
        0.602000           0.912742E-5        1.006424           0.739333E-5        1.005784
        0.604000           0.912794E-5        1.006424           0.739371E-5        1.005784
        0.606000           0.912846E-5        1.006424           0.739409E-5        1.005785
        0.608000           0.912898E-5        1.006425           0.739447E-5        1.005785
        0.610000           0.912950E-5        1.006425           0.739484E-5        1.005785
        0.612000           0.913002E-5        1.006425           0.739522E-5        1.005785
        0.614000           0.913054E-5        1.006425           0.739560E-5        1.005785
        0.616000           0.913107E-5        1.006425           0.739599E-5        1.005785
        0.618000           0.913159E-5        1.006425           0.739636E-5        1.005785
        0.620000           0.913211E-5        1.006426           0.739674E-5        1.005786
        0.622000           0.913263E-5        1.006426           0.739713E-5        1.005786
        0.624000           0.913315E-5        1.006426           0.739750E-5        1.005786
        0.626000           0.913367E-5        1.006426           0.739788E-5        1.005786
        0.628000           0.913419E-5        1.006426           0.739826E-5        1.005786
        0.630000           0.913471E-5        1.006426           0.739864E-5        1.005786
        0.632000           0.913523E-5        1.006427           0.739902E-5        1.005786
        0.634000           0.913575E-5        1.006427           0.739940E-5        1.005787
        0.636000           0.913628E-5        1.006427           0.739978E-5        1.005787
        0.638000           0.913680E-5        1.006427           0.740016E-5        1.005787
        0.640000           0.913732E-5        1.006427           0.740054E-5        1.005787
        0.642000           0.913784E-5        1.006428           0.740092E-5        1.005787
        0.644000           0.913836E-5        1.006428           0.740130E-5        1.005787
        0.646000           0.913888E-5        1.006428           0.740168E-5        1.005787
        0.648000           0.913940E-5        1.006428           0.740206E-5        1.005788
        0.650000           0.913993E-5        1.006428           0.740244E-5        1.005788
        0.652000           0.914045E-5        1.006428           0.740282E-5        1.005788
        0.654000           0.914097E-5        1.006429           0.740320E-5        1.005788
        0.656000           0.914149E-5        1.006429           0.740357E-5        1.005788
        0.658000           0.914201E-5        1.006429           0.740396E-5        1.005788
        0.660000           0.914254E-5        1.006429           0.740434E-5        1.005789
        0.662000           0.914306E-5        1.006429           0.740471E-5        1.005789
        0.664000           0.914358E-5        1.006430           0.740510E-5        1.005789
        0.666000           0.914410E-5        1.006430           0.740548E-5        1.005789
        0.668000           0.914462E-5        1.006430           0.740586E-5        1.005789
        0.670000           0.914515E-5        1.006430           0.740623E-5        1.005789
        0.672000           0.914567E-5        1.006430           0.740661E-5        1.005789
        0.674000           0.914619E-5        1.006431           0.740700E-5        1.005790
        0.676000           0.914671E-5        1.006431           0.740738E-5        1.005790
        0.678000           0.914723E-5        1.006431           0.740776E-5        1.005790
        0.680000           0.914776E-5        1.006431           0.740814E-5        1.005790
        0.682000           0.914828E-5        1.006431           0.740852E-5        1.005790
        0.684000           0.914880E-5        1.006431           0.740890E-5        1.005790
        0.686000           0.914932E-5        1.006432           0.740928E-5        1.005790
        0.688000           0.914985E-5        1.006432           0.740966E-5        1.005791
        0.690000           0.915037E-5        1.006432           0.741004E-5        1.005791
        0.692000           0.915089E-5        1.006432           0.741042E-5        1.005791
        0.694000           0.915141E-5        1.006432           0.741080E-5        1.005791
        0.696000           0.915193E-5        1.006433           0.741118E-5        1.005791
        0.698000           0.915246E-5        1.006433           0.741156E-5        1.005791
        0.700000           0.915298E-5        1.006433           0.741194E-5        1.005792
        0.702000           0.915350E-5        1.006433           0.741233E-5        1.005792
        0.704000           0.915402E-5        1.006433           0.741270E-5        1.005792
        0.706000           0.915455E-5        1.006433           0.741309E-5        1.005792
        0.708000           0.915507E-5        1.006434           0.741346E-5        1.005792
        0.710000           0.915559E-5        1.006434           0.741385E-5        1.005792
        0.712000           0.915612E-5        1.006434           0.741422E-5        1.005792
        0.714000           0.915664E-5        1.006434           0.741460E-5        1.005792
        0.716000           0.915716E-5        1.006434           0.741498E-5        1.005793
        0.718000           0.915769E-5        1.006435           0.741537E-5        1.005793
        0.720000           0.915821E-5        1.006435           0.741575E-5        1.005793
        0.722000           0.915873E-5        1.006435           0.741613E-5        1.005793
        0.724000           0.915926E-5        1.006435           0.741651E-5        1.005793
        0.726000           0.915978E-5        1.006435           0.741689E-5        1.005793
        0.728000           0.916030E-5        1.006436           0.741726E-5        1.005794
        0.730000           0.916083E-5        1.006436           0.741765E-5        1.005794
        0.732000           0.916135E-5        1.006436           0.741803E-5        1.005794
        0.734000           0.916187E-5        1.006436           0.741841E-5        1.005794
        0.736000           0.916240E-5        1.006436           0.741879E-5        1.005794
        0.738000           0.916292E-5        1.006436           0.741918E-5        1.005794
        0.740000           0.916344E-5        1.006437           0.741956E-5        1.005794
        0.742000           0.916397E-5        1.006437           0.741994E-5        1.005795
        0.744000           0.916449E-5        1.006437           0.742032E-5        1.005795
        0.746000           0.916501E-5        1.006437           0.742070E-5        1.005795
        0.748000           0.916554E-5        1.006437           0.742108E-5        1.005795
        0.750000           0.916606E-5        1.006438           0.742146E-5        1.005795
        0.752000           0.916658E-5        1.006438           0.742185E-5        1.005795
        0.754000           0.916711E-5        1.006438           0.742222E-5        1.005795
        0.756000           0.916763E-5        1.006438           0.742260E-5        1.005796
        0.758000           0.916815E-5        1.006438           0.742299E-5        1.005796
        0.760000           0.916868E-5        1.006438           0.742337E-5        1.005796
        0.762000           0.916920E-5        1.006439           0.742375E-5        1.005796
        0.764000           0.916973E-5        1.006439           0.742414E-5        1.005796
        0.766000           0.917026E-5        1.006439           0.742451E-5        1.005796
        0.768000           0.917078E-5        1.006439           0.742490E-5        1.005797
        0.770000           0.917130E-5        1.006439           0.742528E-5        1.005797
        0.772000           0.917183E-5        1.006440           0.742566E-5        1.005797
        0.774000           0.917235E-5        1.006440           0.742603E-5        1.005797
        0.776000           0.917288E-5        1.006440           0.742642E-5        1.005797
        0.778000           0.917340E-5        1.006440           0.742681E-5        1.005797
        0.780000           0.917392E-5        1.006440           0.742718E-5        1.005797
        0.782000           0.917445E-5        1.006440           0.742756E-5        1.005798
        0.784000           0.917497E-5        1.006441           0.742795E-5        1.005798
        0.786000           0.917550E-5        1.006441           0.742833E-5        1.005798
        0.788000           0.917602E-5        1.006441           0.742871E-5        1.005798
        0.790000           0.917655E-5        1.006441           0.742910E-5        1.005798
        0.792000           0.917707E-5        1.006441           0.742948E-5        1.005798
        0.794000           0.917760E-5        1.006441           0.742985E-5        1.005798
        0.796000           0.917812E-5        1.006442           0.743024E-5        1.005799
        0.798000           0.917865E-5        1.006442           0.743062E-5        1.005799
        0.800000           0.917917E-5        1.006442           0.743100E-5        1.005799
        0.802000           0.917970E-5        1.006442           0.743139E-5        1.005799
        0.804000           0.918022E-5        1.006442           0.743177E-5        1.005799
        0.806000           0.918075E-5        1.006443           0.743215E-5        1.005799
        0.808000           0.918127E-5        1.006443           0.743253E-5        1.005800
        0.810000           0.918180E-5        1.006443           0.743292E-5        1.005800
        0.812000           0.918232E-5        1.006443           0.743330E-5        1.005800
        0.814000           0.918285E-5        1.006443           0.743368E-5        1.005800
        0.816000           0.918337E-5        1.006444           0.743407E-5        1.005800
        0.818000           0.918390E-5        1.006444           0.743444E-5        1.005800
        0.820000           0.918442E-5        1.006444           0.743483E-5        1.005800
        0.822000           0.918495E-5        1.006444           0.743521E-5        1.005801
        0.824000           0.918548E-5        1.006444           0.743558E-5        1.005801
        0.826000           0.918600E-5        1.006444           0.743597E-5        1.005801
        0.828000           0.918652E-5        1.006445           0.743636E-5        1.005801
        0.830000           0.918705E-5        1.006445           0.743674E-5        1.005801
        0.832000           0.918758E-5        1.006445           0.743712E-5        1.005801
        0.834000           0.918810E-5        1.006445           0.743750E-5        1.005801
        0.836000           0.918863E-5        1.006445           0.743788E-5        1.005802
        0.838000           0.918915E-5        1.006446           0.743827E-5        1.005802
        0.840000           0.918968E-5        1.006446           0.743865E-5        1.005802
        0.842000           0.919021E-5        1.006446           0.743903E-5        1.005802
        0.844000           0.919073E-5        1.006446           0.743942E-5        1.005802
        0.846000           0.919126E-5        1.006446           0.743980E-5        1.005802
        0.848000           0.919178E-5        1.006446           0.744018E-5        1.005803
        0.850000           0.919231E-5        1.006447           0.744056E-5        1.005803
        0.852000           0.919283E-5        1.006447           0.744095E-5        1.005803
        0.854000           0.919336E-5        1.006447           0.744133E-5        1.005803
        0.856000           0.919389E-5        1.006447           0.744171E-5        1.005803
        0.858000           0.919441E-5        1.006447           0.744210E-5        1.005803
        0.860000           0.919494E-5        1.006448           0.744248E-5        1.005803
        0.862000           0.919547E-5        1.006448           0.744286E-5        1.005804
        0.864000           0.919599E-5        1.006448           0.744324E-5        1.005804
        0.866000           0.919652E-5        1.006448           0.744362E-5        1.005804
        0.868000           0.919704E-5        1.006448           0.744401E-5        1.005804
        0.870000           0.919757E-5        1.006449           0.744439E-5        1.005804
        0.872000           0.919810E-5        1.006449           0.744477E-5        1.005804
        0.874000           0.919862E-5        1.006449           0.744516E-5        1.005804
        0.876000           0.919915E-5        1.006449           0.744554E-5        1.005805
        0.878000           0.919968E-5        1.006449           0.744593E-5        1.005805
        0.880000           0.920020E-5        1.006449           0.744631E-5        1.005805
        0.882000           0.920073E-5        1.006450           0.744669E-5        1.005805
        0.884000           0.920126E-5        1.006450           0.744708E-5        1.005805
        0.886000           0.920179E-5        1.006450           0.744746E-5        1.005805
        0.888000           0.920231E-5        1.006450           0.744784E-5        1.005805
        0.890000           0.920284E-5        1.006450           0.744822E-5        1.005806
        0.892000           0.920337E-5        1.006451           0.744861E-5        1.005806
        0.894000           0.920390E-5        1.006451           0.744899E-5        1.005806
        0.896000           0.920442E-5        1.006451           0.744937E-5        1.005806
        0.898000           0.920495E-5        1.006451           0.744976E-5        1.005806
        0.900000           0.920548E-5        1.006451           0.745014E-5        1.005806
        0.902000           0.920600E-5        1.006451           0.745052E-5        1.005806
        0.904000           0.920653E-5        1.006452           0.745092E-5        1.005807
        0.906000           0.920706E-5        1.006452           0.745130E-5        1.005807
        0.908000           0.920759E-5        1.006452           0.745167E-5        1.005807
        0.910000           0.920811E-5        1.006452           0.745206E-5        1.005807
        0.912000           0.920864E-5        1.006452           0.745245E-5        1.005807
        0.914000           0.920917E-5        1.006453           0.745283E-5        1.005807
        0.916000           0.920970E-5        1.006453           0.745321E-5        1.005808
        0.918000           0.921022E-5        1.006453           0.745360E-5        1.005808
        0.920000           0.921075E-5        1.006453           0.745398E-5        1.005808
        0.922000           0.921128E-5        1.006453           0.745436E-5        1.005808
        0.924000           0.921181E-5        1.006454           0.745475E-5        1.005808
        0.926000           0.921234E-5        1.006454           0.745513E-5        1.005808
        0.928000           0.921286E-5        1.006454           0.745552E-5        1.005808
        0.930000           0.921339E-5        1.006454           0.745590E-5        1.005809
        0.932000           0.921392E-5        1.006454           0.745628E-5        1.005809
        0.934000           0.921445E-5        1.006454           0.745667E-5        1.005809
        0.936000           0.921498E-5        1.006455           0.745705E-5        1.005809
        0.938000           0.921550E-5        1.006455           0.745743E-5        1.005809
        0.940000           0.921603E-5        1.006455           0.745782E-5        1.005809
        0.942000           0.921656E-5        1.006455           0.745820E-5        1.005810
        0.944000           0.921709E-5        1.006455           0.745859E-5        1.005810
        0.946000           0.921762E-5        1.006456           0.745897E-5        1.005810
        0.948000           0.921814E-5        1.006456           0.745936E-5        1.005810
        0.950000           0.921867E-5        1.006456           0.745974E-5        1.005810
        0.952000           0.921920E-5        1.006456           0.746012E-5        1.005810
        0.954000           0.921973E-5        1.006456           0.746051E-5        1.005810
        0.956000           0.922026E-5        1.006456           0.746089E-5        1.005810
        0.958000           0.922078E-5        1.006457           0.746128E-5        1.005811
        0.960000           0.922131E-5        1.006457           0.746166E-5        1.005811
        0.962000           0.922184E-5        1.006457           0.746204E-5        1.005811
        0.964000           0.922237E-5        1.006457           0.746243E-5        1.005811
        0.966000           0.922290E-5        1.006457           0.746281E-5        1.005811
        0.968000           0.922343E-5        1.006458           0.746320E-5        1.005811
        0.970000           0.922396E-5        1.006458           0.746358E-5        1.005812
        0.972000           0.922449E-5        1.006458           0.746397E-5        1.005812
        0.974000           0.922502E-5        1.006458           0.746435E-5        1.005812
        0.976000           0.922555E-5        1.006458           0.746474E-5        1.005812
        0.978000           0.922607E-5        1.006458           0.746513E-5        1.005812
        0.980000           0.922660E-5        1.006459           0.746551E-5        1.005812
        0.982000           0.922713E-5        1.006459           0.746589E-5        1.005813
        0.984000           0.922766E-5        1.006459           0.746627E-5        1.005813
        0.986000           0.922819E-5        1.006459           0.746666E-5        1.005813
        0.988000           0.922872E-5        1.006459           0.746704E-5        1.005813
        0.990000           0.922925E-5        1.006460           0.746743E-5        1.005813
        0.992000           0.922978E-5        1.006460           0.746782E-5        1.005813
        0.994000           0.923031E-5        1.006460           0.746820E-5        1.005813
        0.996000           0.923084E-5        1.006460           0.746858E-5        1.005813
        0.998000           0.923137E-5        1.006460           0.746897E-5        1.005814
        1.000000           0.923190E-5        1.006460           0.746935E-5        1.005814
        1.002000           0.923242E-5        1.006461           0.746974E-5        1.005814
        1.004000           0.923295E-5        1.006461           0.747012E-5        1.005814
        1.006000           0.923348E-5        1.006461           0.747050E-5        1.005814
        1.008000           0.923402E-5        1.006461           0.747090E-5        1.005814
        1.010000           0.923455E-5        1.006461           0.747128E-5        1.005815
        1.012000           0.923507E-5        1.006462           0.747166E-5        1.005815
        1.014000           0.923560E-5        1.006462           0.747205E-5        1.005815
        1.016000           0.923613E-5        1.006462           0.747243E-5        1.005815
        1.018000           0.923666E-5        1.006462           0.747282E-5        1.005815
        1.020000           0.923720E-5        1.006462           0.747320E-5        1.005815
        1.022000           0.923772E-5        1.006463           0.747359E-5        1.005816
        1.024000           0.923825E-5        1.006463           0.747398E-5        1.005816
        1.026000           0.923878E-5        1.006463           0.747436E-5        1.005816
        1.028000           0.923931E-5        1.006463           0.747474E-5        1.005816
        1.030000           0.923984E-5        1.006463           0.747513E-5        1.005816
        1.032000           0.924038E-5        1.006463           0.747552E-5        1.005816
        1.034000           0.924091E-5        1.006464           0.747590E-5        1.005816
        1.036000           0.924144E-5        1.006464           0.747628E-5        1.005816
        1.038000           0.924197E-5        1.006464           0.747667E-5        1.005817
        1.040000           0.924250E-5        1.006464           0.747706E-5        1.005817
        1.042000           0.924303E-5        1.006464           0.747744E-5        1.005817
        1.044000           0.924356E-5        1.006465           0.747783E-5        1.005817
        1.046000           0.924409E-5        1.006465           0.747821E-5        1.005817
        1.048000           0.924462E-5        1.006465           0.747860E-5        1.005817
        1.050000           0.924515E-5        1.006465           0.747899E-5        1.005818
        1.052000           0.924568E-5        1.006465           0.747937E-5        1.005818
        1.054000           0.924621E-5        1.006465           0.747976E-5        1.005818
        1.056000           0.924674E-5        1.006466           0.748015E-5        1.005818
        1.058000           0.924727E-5        1.006466           0.748054E-5        1.005818
        1.060000           0.924780E-5        1.006466           0.748092E-5        1.005818
        1.062000           0.924833E-5        1.006466           0.748131E-5        1.005818
        1.064000           0.924887E-5        1.006466           0.748169E-5        1.005819
        1.066000           0.924940E-5        1.006467           0.748207E-5        1.005819
        1.068000           0.924993E-5        1.006467           0.748246E-5        1.005819
        1.070000           0.925046E-5        1.006467           0.748284E-5        1.005819
        1.072000           0.925099E-5        1.006467           0.748323E-5        1.005819
        1.074000           0.925152E-5        1.006467           0.748362E-5        1.005819
        1.076000           0.925205E-5        1.006467           0.748401E-5        1.005819
        1.078000           0.925258E-5        1.006468           0.748439E-5        1.005820
        1.080000           0.925311E-5        1.006468           0.748478E-5        1.005820
        1.082000           0.925364E-5        1.006468           0.748516E-5        1.005820
        1.084000           0.925417E-5        1.006468           0.748555E-5        1.005820
        1.086000           0.925471E-5        1.006468           0.748594E-5        1.005820
        1.088000           0.925524E-5        1.006469           0.748632E-5        1.005820
        1.090000           0.925577E-5        1.006469           0.748671E-5        1.005821
        1.092000           0.925630E-5        1.006469           0.748709E-5        1.005821
        1.094000           0.925683E-5        1.006469           0.748749E-5        1.005821
        1.096000           0.925737E-5        1.006469           0.748787E-5        1.005821
        1.098000           0.925790E-5        1.006470           0.748825E-5        1.005821
        1.100000           0.925843E-5        1.006470           0.748864E-5        1.005821
        1.102000           0.925896E-5        1.006470           0.748903E-5        1.005821
        1.104000           0.925949E-5        1.006470           0.748941E-5        1.005822
        1.106000           0.926002E-5        1.006470           0.748980E-5        1.005822
        1.108000           0.926056E-5        1.006470           0.749018E-5        1.005822
        1.110000           0.926109E-5        1.006471           0.749057E-5        1.005822
        1.112000           0.926162E-5        1.006471           0.749096E-5        1.005822
        1.114000           0.926216E-5        1.006471           0.749135E-5        1.005822
        1.116000           0.926269E-5        1.006471           0.749173E-5        1.005823
        1.118000           0.926322E-5        1.006471           0.749212E-5        1.005823
        1.120000           0.926375E-5        1.006472           0.749251E-5        1.005823
        1.122000           0.926428E-5        1.006472           0.749289E-5        1.005823
        1.124000           0.926482E-5        1.006472           0.749328E-5        1.005823
        1.126000           0.926535E-5        1.006472           0.749367E-5        1.005823
        1.128000           0.926588E-5        1.006472           0.749406E-5        1.005823
        1.130000           0.926641E-5        1.006472           0.749444E-5        1.005823
        1.132000           0.926694E-5        1.006473           0.749483E-5        1.005824
        1.134000           0.926748E-5        1.006473           0.749521E-5        1.005824
        1.136000           0.926801E-5        1.006473           0.749560E-5        1.005824
        1.138000           0.926854E-5        1.006473           0.749599E-5        1.005824
        1.140000           0.926907E-5        1.006473           0.749638E-5        1.005824
        1.142000           0.926961E-5        1.006474           0.749676E-5        1.005824
        1.144000           0.927014E-5        1.006474           0.749715E-5        1.005825
        1.146000           0.927067E-5        1.006474           0.749754E-5        1.005825
        1.148000           0.927121E-5        1.006474           0.749792E-5        1.005825
        1.150000           0.927174E-5        1.006474           0.749831E-5        1.005825
        1.152000           0.927227E-5        1.006474           0.749870E-5        1.005825
        1.154000           0.927281E-5        1.006475           0.749909E-5        1.005825
        1.156000           0.927334E-5        1.006475           0.749947E-5        1.005826
        1.158000           0.927387E-5        1.006475           0.749986E-5        1.005826
        1.160000           0.927440E-5        1.006475           0.750025E-5        1.005826
        1.162000           0.927494E-5        1.006475           0.750064E-5        1.005826
        1.164000           0.927547E-5        1.006476           0.750103E-5        1.005826
        1.166000           0.927600E-5        1.006476           0.750141E-5        1.005826
        1.168000           0.927654E-5        1.006476           0.750180E-5        1.005826
        1.170000           0.927707E-5        1.006476           0.750218E-5        1.005827
        1.172000           0.927761E-5        1.006476           0.750257E-5        1.005827
        1.174000           0.927814E-5        1.006477           0.750296E-5        1.005827
        1.176000           0.927867E-5        1.006477           0.750335E-5        1.005827
        1.178000           0.927921E-5        1.006477           0.750373E-5        1.005827
        1.180000           0.927974E-5        1.006477           0.750412E-5        1.005827
        1.182000           0.928027E-5        1.006477           0.750451E-5        1.005827
        1.184000           0.928081E-5        1.006477           0.750489E-5        1.005828
        1.186000           0.928134E-5        1.006478           0.750529E-5        1.005828
        1.188000           0.928187E-5        1.006478           0.750568E-5        1.005828
        1.190000           0.928241E-5        1.006478           0.750606E-5        1.005828
        1.192000           0.928294E-5        1.006478           0.750645E-5        1.005828
        1.194000           0.928348E-5        1.006478           0.750684E-5        1.005828
        1.196000           0.928401E-5        1.006479           0.750723E-5        1.005828
        1.198000           0.928454E-5        1.006479           0.750762E-5        1.005829
        1.200000           0.928508E-5        1.006479           0.750800E-5        1.005829
        1.202000           0.928561E-5        1.006479           0.750839E-5        1.005829
        1.204000           0.928615E-5        1.006479           0.750878E-5        1.005829
        1.206000           0.928668E-5        1.006480           0.750917E-5        1.005829
        1.208000           0.928722E-5        1.006480           0.750955E-5        1.005829
        1.210000           0.928775E-5        1.006480           0.750995E-5        1.005830
        1.212000           0.928828E-5        1.006480           0.751033E-5        1.005830
        1.214000           0.928882E-5        1.006480           0.751072E-5        1.005830
        1.216000           0.928935E-5        1.006480           0.751111E-5        1.005830
        1.218000           0.928989E-5        1.006481           0.751150E-5        1.005830
        1.220000           0.929042E-5        1.006481           0.751188E-5        1.005830
        1.222000           0.929095E-5        1.006481           0.751227E-5        1.005830
        1.224000           0.929149E-5        1.006481           0.751266E-5        1.005831
        1.226000           0.929203E-5        1.006481           0.751305E-5        1.005831
        1.228000           0.929256E-5        1.006482           0.751344E-5        1.005831
        1.230000           0.929310E-5        1.006482           0.751383E-5        1.005831
        1.232000           0.929363E-5        1.006482           0.751422E-5        1.005831
        1.234000           0.929416E-5        1.006482           0.751460E-5        1.005831
        1.236000           0.929470E-5        1.006482           0.751499E-5        1.005831
        1.238000           0.929524E-5        1.006482           0.751538E-5        1.005832
        1.240000           0.929577E-5        1.006483           0.751576E-5        1.005832
        1.242000           0.929630E-5        1.006483           0.751615E-5        1.005832
        1.244000           0.929684E-5        1.006483           0.751655E-5        1.005832
        1.246000           0.929738E-5        1.006483           0.751693E-5        1.005832
        1.248000           0.929791E-5        1.006483           0.751732E-5        1.005832
        1.250000           0.929844E-5        1.006484           0.751771E-5        1.005833
        1.252000           0.929898E-5        1.006484           0.751810E-5        1.005833
        1.254000           0.929952E-5        1.006484           0.751849E-5        1.005833
        1.256000           0.930005E-5        1.006484           0.751888E-5        1.005833
        1.258000           0.930059E-5        1.006484           0.751927E-5        1.005833
        1.260000           0.930112E-5        1.006485           0.751966E-5        1.005833
        1.262000           0.930166E-5        1.006485           0.752005E-5        1.005834
        1.264000           0.930219E-5        1.006485           0.752043E-5        1.005834
        1.266000           0.930273E-5        1.006485           0.752082E-5        1.005834
        1.268000           0.930326E-5        1.006485           0.752121E-5        1.005834
        1.270000           0.930380E-5        1.006485           0.752160E-5        1.005834
        1.272000           0.930434E-5        1.006486           0.752199E-5        1.005834
        1.274000           0.930487E-5        1.006486           0.752238E-5        1.005834
        1.276000           0.930541E-5        1.006486           0.752277E-5        1.005834
        1.278000           0.930594E-5        1.006486           0.752316E-5        1.005835
        1.280000           0.930648E-5        1.006486           0.752355E-5        1.005835
        1.282000           0.930702E-5        1.006487           0.752393E-5        1.005835
        1.284000           0.930755E-5        1.006487           0.752433E-5        1.005835
        1.286000           0.930809E-5        1.006487           0.752471E-5        1.005835
        1.288000           0.930862E-5        1.006487           0.752510E-5        1.005835
        1.290000           0.930916E-5        1.006487           0.752549E-5        1.005836
        1.292000           0.930969E-5        1.006488           0.752588E-5        1.005836
        1.294000           0.931023E-5        1.006488           0.752627E-5        1.005836
        1.296000           0.931077E-5        1.006488           0.752666E-5        1.005836
        1.298000           0.931130E-5        1.006488           0.752705E-5        1.005836
        1.300000           0.931184E-5        1.006488           0.752744E-5        1.005836
        1.302000           0.931238E-5        1.006488           0.752783E-5        1.005836
        1.304000           0.931291E-5        1.006489           0.752822E-5        1.005837
        1.306000           0.931345E-5        1.006489           0.752861E-5        1.005837
        1.308000           0.931399E-5        1.006489           0.752900E-5        1.005837
        1.310000           0.931452E-5        1.006489           0.752939E-5        1.005837
        1.312000           0.931506E-5        1.006489           0.752978E-5        1.005837
        1.314000           0.931559E-5        1.006490           0.753017E-5        1.005837
        1.316000           0.931613E-5        1.006490           0.753056E-5        1.005838
        1.318000           0.931667E-5        1.006490           0.753095E-5        1.005838
        1.320000           0.931721E-5        1.006490           0.753134E-5        1.005838
        1.322000           0.931774E-5        1.006490           0.753173E-5        1.005838
        1.324000           0.931828E-5        1.006491           0.753212E-5        1.005838
        1.326000           0.931882E-5        1.006491           0.753251E-5        1.005838
        1.328000           0.931935E-5        1.006491           0.753290E-5        1.005838
        1.330000           0.931989E-5        1.006491           0.753328E-5        1.005839
        1.332000           0.932043E-5        1.006491           0.753368E-5        1.005839
        1.334000           0.932097E-5        1.006491           0.753407E-5        1.005839
        1.336000           0.932150E-5        1.006492           0.753446E-5        1.005839
        1.338000           0.932204E-5        1.006492           0.753485E-5        1.005839
        1.340000           0.932258E-5        1.006492           0.753523E-5        1.005839
        1.342000           0.932312E-5        1.006492           0.753563E-5        1.005839
        1.344000           0.932365E-5        1.006492           0.753602E-5        1.005840
        1.346000           0.932419E-5        1.006493           0.753640E-5        1.005840
        1.348000           0.932473E-5        1.006493           0.753680E-5        1.005840
        1.350000           0.932527E-5        1.006493           0.753719E-5        1.005840
        1.352000           0.932580E-5        1.006493           0.753758E-5        1.005840
        1.354000           0.932634E-5        1.006493           0.753796E-5        1.005840
        1.356000           0.932688E-5        1.006494           0.753835E-5        1.005841
        1.358000           0.932741E-5        1.006494           0.753875E-5        1.005841
        1.360000           0.932795E-5        1.006494           0.753914E-5        1.005841
        1.362000           0.932849E-5        1.006494           0.753953E-5        1.005841
        1.364000           0.932903E-5        1.006494           0.753991E-5        1.005841
        1.366000           0.932957E-5        1.006494           0.754030E-5        1.005841
        1.368000           0.933010E-5        1.006495           0.754070E-5        1.005841
        1.370000           0.933064E-5        1.006495           0.754109E-5        1.005842
        1.372000           0.933118E-5        1.006495           0.754148E-5        1.005842
        1.374000           0.933172E-5        1.006495           0.754187E-5        1.005842
        1.376000           0.933226E-5        1.006495           0.754226E-5        1.005842
        1.378000           0.933279E-5        1.006496           0.754265E-5        1.005842
        1.380000           0.933333E-5        1.006496           0.754305E-5        1.005842
        1.382000           0.933387E-5        1.006496           0.754343E-5        1.005842
        1.384000           0.933441E-5        1.006496           0.754383E-5        1.005843
        1.386000           0.933495E-5        1.006496           0.754422E-5        1.005843
        1.388000           0.933549E-5        1.006497           0.754461E-5        1.005843
        1.390000           0.933603E-5        1.006497           0.754500E-5        1.005843
        1.392000           0.933657E-5        1.006497           0.754539E-5        1.005843
        1.394000           0.933710E-5        1.006497           0.754577E-5        1.005843
        1.396000           0.933764E-5        1.006497           0.754617E-5        1.005844
        1.398000           0.933818E-5        1.006497           0.754656E-5        1.005844
        1.400000           0.933872E-5        1.006498           0.754695E-5        1.005844
        1.402000           0.933926E-5        1.006498           0.754734E-5        1.005844
        1.404000           0.933980E-5        1.006498           0.754773E-5        1.005844
        1.406000           0.934034E-5        1.006498           0.754813E-5        1.005844
        1.408000           0.934087E-5        1.006498           0.754852E-5        1.005844
        1.410000           0.934141E-5        1.006499           0.754891E-5        1.005845
        1.412000           0.934196E-5        1.006499           0.754930E-5        1.005845
        1.414000           0.934249E-5        1.006499           0.754969E-5        1.005845
        1.416000           0.934303E-5        1.006499           0.755008E-5        1.005845
        1.418000           0.934357E-5        1.006499           0.755047E-5        1.005845
        1.420000           0.934411E-5        1.006500           0.755086E-5        1.005845
        1.422000           0.934465E-5        1.006500           0.755126E-5        1.005846
        1.424000           0.934519E-5        1.006500           0.755164E-5        1.005846
        1.426000           0.934573E-5        1.006500           0.755204E-5        1.005846
        1.428000           0.934627E-5        1.006500           0.755243E-5        1.005846
        1.430000           0.934681E-5        1.006500           0.755282E-5        1.005846
        1.432000           0.934735E-5        1.006501           0.755321E-5        1.005846
        1.434000           0.934788E-5        1.006501           0.755360E-5        1.005846
        1.436000           0.934843E-5        1.006501           0.755400E-5        1.005847
        1.438000           0.934896E-5        1.006501           0.755439E-5        1.005847
        1.440000           0.934950E-5        1.006501           0.755478E-5        1.005847
        1.442000           0.935004E-5        1.006502           0.755517E-5        1.005847
        1.444000           0.935058E-5        1.006502           0.755556E-5        1.005847
        1.446000           0.935112E-5        1.006502           0.755596E-5        1.005847
        1.448000           0.935166E-5        1.006502           0.755635E-5        1.005847
        1.450000           0.935220E-5        1.006502           0.755674E-5        1.005848
        1.452000           0.935274E-5        1.006503           0.755713E-5        1.005848
        1.454000           0.935328E-5        1.006503           0.755752E-5        1.005848
        1.456000           0.935382E-5        1.006503           0.755791E-5        1.005848
        1.458000           0.935436E-5        1.006503           0.755831E-5        1.005848
        1.460000           0.935490E-5        1.006503           0.755870E-5        1.005848
        1.462000           0.935545E-5        1.006503           0.755909E-5        1.005849
        1.464000           0.935599E-5        1.006504           0.755948E-5        1.005849
        1.466000           0.935653E-5        1.006504           0.755987E-5        1.005849
        1.468000           0.935707E-5        1.006504           0.756027E-5        1.005849
        1.470000           0.935761E-5        1.006504           0.756066E-5        1.005849
        1.472000           0.935815E-5        1.006504           0.756105E-5        1.005849
        1.474000           0.935869E-5        1.006505           0.756144E-5        1.005849
        1.476000           0.935923E-5        1.006505           0.756184E-5        1.005850
        1.478000           0.935977E-5        1.006505           0.756222E-5        1.005850
        1.480000           0.936031E-5        1.006505           0.756262E-5        1.005850
        1.482000           0.936085E-5        1.006505           0.756301E-5        1.005850
        1.484000           0.936139E-5        1.006505           0.756341E-5        1.005850
        1.486000           0.936193E-5        1.006506           0.756379E-5        1.005850
        1.488000           0.936247E-5        1.006506           0.756419E-5        1.005851
        1.490000           0.936301E-5        1.006506           0.756458E-5        1.005851
        1.492000           0.936355E-5        1.006506           0.756497E-5        1.005851
        1.494000           0.936409E-5        1.006506           0.756536E-5        1.005851
        1.496000           0.936463E-5        1.006507           0.756575E-5        1.005851
        1.498000           0.936518E-5        1.006507           0.756615E-5        1.005851
        1.500000           0.936572E-5        1.006507           0.756654E-5        1.005851
        1.502000           0.936626E-5        1.006507           0.756693E-5        1.005852
        1.504000           0.936680E-5        1.006507           0.756733E-5        1.005852
        1.506000           0.936734E-5        1.006508           0.756772E-5        1.005852
        1.508000           0.936788E-5        1.006508           0.756812E-5        1.005852
        1.510000           0.936842E-5        1.006508           0.756851E-5        1.005852
        1.512000           0.936896E-5        1.006508           0.756890E-5        1.005852
        1.514000           0.936950E-5        1.006508           0.756930E-5        1.005852
        1.516000           0.937005E-5        1.006508           0.756968E-5        1.005853
        1.518000           0.937059E-5        1.006509           0.757007E-5        1.005853
        1.520000           0.937113E-5        1.006509           0.757047E-5        1.005853
        1.522000           0.937167E-5        1.006509           0.757087E-5        1.005853
        1.524000           0.937221E-5        1.006509           0.757126E-5        1.005853
        1.526000           0.937275E-5        1.006509           0.757165E-5        1.005853
        1.528000           0.937330E-5        1.006510           0.757204E-5        1.005854
        1.530000           0.937384E-5        1.006510           0.757244E-5        1.005854
        1.532000           0.937438E-5        1.006510           0.757283E-5        1.005854
        1.534000           0.937492E-5        1.006510           0.757322E-5        1.005854
        1.536000           0.937547E-5        1.006510           0.757361E-5        1.005854
        1.538000           0.937601E-5        1.006510           0.757400E-5        1.005854
        1.540000           0.937655E-5        1.006511           0.757439E-5        1.005854
        1.542000           0.937709E-5        1.006511           0.757480E-5        1.005855
        1.544000           0.937763E-5        1.006511           0.757519E-5        1.005855
        1.546000           0.937817E-5        1.006511           0.757558E-5        1.005855
        1.548000           0.937872E-5        1.006511           0.757598E-5        1.005855
        1.550000           0.937926E-5        1.006512           0.757637E-5        1.005855
        1.552000           0.937980E-5        1.006512           0.757676E-5        1.005855
        1.554000           0.938035E-5        1.006512           0.757716E-5        1.005855
        1.556000           0.938089E-5        1.006512           0.757755E-5        1.005856
        1.558000           0.938143E-5        1.006512           0.757794E-5        1.005856
        1.560000           0.938197E-5        1.006513           0.757833E-5        1.005856
        1.562000           0.938251E-5        1.006513           0.757873E-5        1.005856
        1.564000           0.938306E-5        1.006513           0.757912E-5        1.005856
        1.566000           0.938360E-5        1.006513           0.757951E-5        1.005856
        1.568000           0.938414E-5        1.006513           0.757990E-5        1.005857
        1.570000           0.938468E-5        1.006514           0.758030E-5        1.005857
        1.572000           0.938523E-5        1.006514           0.758069E-5        1.005857
        1.574000           0.938577E-5        1.006514           0.758109E-5        1.005857
        1.576000           0.938631E-5        1.006514           0.758148E-5        1.005857
        1.578000           0.938685E-5        1.006514           0.758187E-5        1.005857
        1.580000           0.938740E-5        1.006514           0.758227E-5        1.005857
        1.582000           0.938794E-5        1.006515           0.758267E-5        1.005858
        1.584000           0.938848E-5        1.006515           0.758306E-5        1.005858
        1.586000           0.938903E-5        1.006515           0.758345E-5        1.005858
        1.588000           0.938957E-5        1.006515           0.758385E-5        1.005858
        1.590000           0.939011E-5        1.006515           0.758424E-5        1.005858
        1.592000           0.939066E-5        1.006516           0.758463E-5        1.005858
        1.594000           0.939120E-5        1.006516           0.758503E-5        1.005859
        1.596000           0.939174E-5        1.006516           0.758542E-5        1.005859
        1.598000           0.939229E-5        1.006516           0.758582E-5        1.005859
        1.600000           0.939283E-5        1.006516           0.758622E-5        1.005859
        1.602000           0.939338E-5        1.006517           0.758661E-5        1.005859
        1.604000           0.939392E-5        1.006517           0.758700E-5        1.005859
        1.606000           0.939446E-5        1.006517           0.758739E-5        1.005859
        1.608000           0.939501E-5        1.006517           0.758779E-5        1.005860
        1.610000           0.939555E-5        1.006517           0.758818E-5        1.005860
        1.612000           0.939609E-5        1.006518           0.758857E-5        1.005860
        1.614000           0.939664E-5        1.006518           0.758896E-5        1.005860
        1.616000           0.939718E-5        1.006518           0.758936E-5        1.005860
        1.618000           0.939772E-5        1.006518           0.758976E-5        1.005860
        1.620000           0.939827E-5        1.006518           0.759015E-5        1.005860
        1.622000           0.939881E-5        1.006518           0.759055E-5        1.005861
        1.624000           0.939936E-5        1.006519           0.759093E-5        1.005861
        1.626000           0.939990E-5        1.006519           0.759133E-5        1.005861
        1.628000           0.940045E-5        1.006519           0.759172E-5        1.005861
        1.630000           0.940099E-5        1.006519           0.759212E-5        1.005861
        1.632000           0.940153E-5        1.006519           0.759252E-5        1.005861
        1.634000           0.940208E-5        1.006520           0.759291E-5        1.005862
        1.636000           0.940262E-5        1.006520           0.759330E-5        1.005862
        1.638000           0.940317E-5        1.006520           0.759370E-5        1.005862
        1.640000           0.940371E-5        1.006520           0.759410E-5        1.005862
        1.642000           0.940426E-5        1.006520           0.759448E-5        1.005862
        1.644000           0.940480E-5        1.006521           0.759488E-5        1.005862
        1.646000           0.940535E-5        1.006521           0.759528E-5        1.005862
        1.648000           0.940589E-5        1.006521           0.759567E-5        1.005863
        1.650000           0.940643E-5        1.006521           0.759607E-5        1.005863
        1.652000           0.940698E-5        1.006521           0.759646E-5        1.005863
        1.654000           0.940752E-5        1.006521           0.759686E-5        1.005863
        1.656000           0.940807E-5        1.006522           0.759725E-5        1.005863
        1.658000           0.940861E-5        1.006522           0.759765E-5        1.005863
        1.660000           0.940916E-5        1.006522           0.759805E-5        1.005864
        1.662000           0.940970E-5        1.006522           0.759844E-5        1.005864
        1.664000           0.941025E-5        1.006522           0.759883E-5        1.005864
        1.666000           0.941079E-5        1.006523           0.759923E-5        1.005864
        1.668000           0.941134E-5        1.006523           0.759963E-5        1.005864
        1.670000           0.941188E-5        1.006523           0.760002E-5        1.005864
        1.672000           0.941243E-5        1.006523           0.760041E-5        1.005865
        1.674000           0.941297E-5        1.006523           0.760081E-5        1.005865
        1.676000           0.941352E-5        1.006523           0.760121E-5        1.005865
        1.678000           0.941406E-5        1.006524           0.760160E-5        1.005865
        1.680000           0.941461E-5        1.006524           0.760199E-5        1.005865
        1.682000           0.941515E-5        1.006524           0.760239E-5        1.005865
        1.684000           0.941570E-5        1.006524           0.760279E-5        1.005865
        1.686000           0.941624E-5        1.006524           0.760318E-5        1.005866
        1.688000           0.941679E-5        1.006525           0.760358E-5        1.005866
        1.690000           0.941733E-5        1.006525           0.760398E-5        1.005866
        1.692000           0.941788E-5        1.006525           0.760437E-5        1.005866
        1.694000           0.941842E-5        1.006525           0.760476E-5        1.005866
        1.696000           0.941897E-5        1.006525           0.760516E-5        1.005866
        1.698000           0.941952E-5        1.006526           0.760555E-5        1.005866
        1.700000           0.942006E-5        1.006526           0.760595E-5        1.005867
        1.702000           0.942061E-5        1.006526           0.760634E-5        1.005867
        1.704000           0.942116E-5        1.006526           0.760674E-5        1.005867
        1.706000           0.942170E-5        1.006526           0.760714E-5        1.005867
        1.708000           0.942225E-5        1.006526           0.760753E-5        1.005867
        1.710000           0.942280E-5        1.006527           0.760793E-5        1.005867
        1.712000           0.942334E-5        1.006527           0.760832E-5        1.005867
        1.714000           0.942389E-5        1.006527           0.760872E-5        1.005868
        1.716000           0.942443E-5        1.006527           0.760912E-5        1.005868
        1.718000           0.942498E-5        1.006527           0.760951E-5        1.005868
        1.720000           0.942552E-5        1.006528           0.760991E-5        1.005868
        1.722000           0.942607E-5        1.006528           0.761031E-5        1.005868
        1.724000           0.942662E-5        1.006528           0.761070E-5        1.005868
        1.726000           0.942716E-5        1.006528           0.761110E-5        1.005869
        1.728000           0.942771E-5        1.006528           0.761149E-5        1.005869
        1.730000           0.942825E-5        1.006529           0.761189E-5        1.005869
        1.732000           0.942880E-5        1.006529           0.761229E-5        1.005869
        1.734000           0.942935E-5        1.006529           0.761268E-5        1.005869
        1.736000           0.942990E-5        1.006529           0.761308E-5        1.005869
        1.738000           0.943045E-5        1.006529           0.761348E-5        1.005870
        1.740000           0.943099E-5        1.006530           0.761387E-5        1.005870
        1.742000           0.943154E-5        1.006530           0.761426E-5        1.005870
        1.744000           0.943208E-5        1.006530           0.761466E-5        1.005870
        1.746000           0.943263E-5        1.006530           0.761505E-5        1.005870
        1.748000           0.943318E-5        1.006530           0.761546E-5        1.005870
        1.750000           0.943373E-5        1.006531           0.761585E-5        1.005870
        1.752000           0.943427E-5        1.006531           0.761625E-5        1.005871
        1.754000           0.943482E-5        1.006531           0.761665E-5        1.005871
        1.756000           0.943536E-5        1.006531           0.761705E-5        1.005871
        1.758000           0.943591E-5        1.006531           0.761744E-5        1.005871
        1.760000           0.943646E-5        1.006531           0.761784E-5        1.005871
        1.762000           0.943701E-5        1.006532           0.761823E-5        1.005871
        1.764000           0.943755E-5        1.006532           0.761863E-5        1.005871
        1.766000           0.943810E-5        1.006532           0.761902E-5        1.005872
        1.768000           0.943865E-5        1.006532           0.761942E-5        1.005872
        1.770000           0.943920E-5        1.006532           0.761981E-5        1.005872
        1.772000           0.943974E-5        1.006533           0.762022E-5        1.005872
        1.774000           0.944029E-5        1.006533           0.762061E-5        1.005872
        1.776000           0.944084E-5        1.006533           0.762101E-5        1.005872
        1.778000           0.944139E-5        1.006533           0.762140E-5        1.005872
        1.780000           0.944193E-5        1.006533           0.762180E-5        1.005873
        1.782000           0.944248E-5        1.006534           0.762219E-5        1.005873
        1.784000           0.944303E-5        1.006534           0.762259E-5        1.005873
        1.786000           0.944358E-5        1.006534           0.762300E-5        1.005873
        1.788000           0.944413E-5        1.006534           0.762339E-5        1.005873
        1.790000           0.944468E-5        1.006534           0.762379E-5        1.005873
        1.792000           0.944522E-5        1.006534           0.762418E-5        1.005874
        1.794000           0.944577E-5        1.006535           0.762458E-5        1.005874
        1.796000           0.944632E-5        1.006535           0.762498E-5        1.005874
        1.798000           0.944687E-5        1.006535           0.762537E-5        1.005874
        1.800000           0.944741E-5        1.006535           0.762577E-5        1.005874
        1.802000           0.944796E-5        1.006535           0.762617E-5        1.005874
        1.804000           0.944851E-5        1.006536           0.762656E-5        1.005875
        1.806000           0.944906E-5        1.006536           0.762696E-5        1.005875
        1.808000           0.944961E-5        1.006536           0.762736E-5        1.005875
        1.810000           0.945015E-5        1.006536           0.762776E-5        1.005875
        1.812000           0.945070E-5        1.006536           0.762816E-5        1.005875
        1.814000           0.945125E-5        1.006536           0.762855E-5        1.005875
        1.816000           0.945180E-5        1.006537           0.762895E-5        1.005875
        1.818000           0.945235E-5        1.006537           0.762935E-5        1.005876
        1.820000           0.945290E-5        1.006537           0.762974E-5        1.005876
        1.822000           0.945345E-5        1.006537           0.763014E-5        1.005876
        1.824000           0.945400E-5        1.006537           0.763054E-5        1.005876
        1.826000           0.945455E-5        1.006538           0.763094E-5        1.005876
        1.828000           0.945509E-5        1.006538           0.763133E-5        1.005876
        1.830000           0.945564E-5        1.006538           0.763173E-5        1.005877
        1.832000           0.945619E-5        1.006538           0.763213E-5        1.005877
        1.834000           0.945674E-5        1.006538           0.763253E-5        1.005877
        1.836000           0.945729E-5        1.006539           0.763293E-5        1.005877
        1.838000           0.945784E-5        1.006539           0.763333E-5        1.005877
        1.840000           0.945839E-5        1.006539           0.763372E-5        1.005877
        1.842000           0.945894E-5        1.006539           0.763412E-5        1.005877
        1.844000           0.945949E-5        1.006539           0.763451E-5        1.005877
        1.846000           0.946004E-5        1.006540           0.763491E-5        1.005878
        1.848000           0.946059E-5        1.006540           0.763531E-5        1.005878
        1.850000           0.946114E-5        1.006540           0.763571E-5        1.005878
        1.852000           0.946168E-5        1.006540           0.763611E-5        1.005878
        1.854000           0.946224E-5        1.006540           0.763651E-5        1.005878
        1.856000           0.946278E-5        1.006541           0.763690E-5        1.005878
        1.858000           0.946333E-5        1.006541           0.763730E-5        1.005879
        1.860000           0.946388E-5        1.006541           0.763770E-5        1.005879
        1.862000           0.946443E-5        1.006541           0.763810E-5        1.005879
        1.864000           0.946498E-5        1.006541           0.763850E-5        1.005879
        1.866000           0.946553E-5        1.006541           0.763890E-5        1.005879
        1.868000           0.946608E-5        1.006542           0.763929E-5        1.005879
        1.870000           0.946663E-5        1.006542           0.763969E-5        1.005880
        1.872000           0.946718E-5        1.006542           0.764009E-5        1.005880
        1.874000           0.946773E-5        1.006542           0.764049E-5        1.005880
        1.876000           0.946828E-5        1.006542           0.764089E-5        1.005880
        1.878000           0.946883E-5        1.006543           0.764129E-5        1.005880
        1.880000           0.946938E-5        1.006543           0.764168E-5        1.005880
        1.882000           0.946993E-5        1.006543           0.764208E-5        1.005880
        1.884000           0.947048E-5        1.006543           0.764248E-5        1.005881
        1.886000           0.947103E-5        1.006543           0.764288E-5        1.005881
        1.888000           0.947158E-5        1.006544           0.764327E-5        1.005881
        1.890000           0.947213E-5        1.006544           0.764367E-5        1.005881
        1.892000           0.947268E-5        1.006544           0.764408E-5        1.005881
        1.894000           0.947323E-5        1.006544           0.764448E-5        1.005881
        1.896000           0.947378E-5        1.006544           0.764487E-5        1.005882
        1.898000           0.947434E-5        1.006544           0.764527E-5        1.005882
        1.900000           0.947489E-5        1.006545           0.764567E-5        1.005882
        1.902000           0.947544E-5        1.006545           0.764607E-5        1.005882
        1.904000           0.947599E-5        1.006545           0.764647E-5        1.005882
        1.906000           0.947654E-5        1.006545           0.764687E-5        1.005882
        1.908000           0.947709E-5        1.006545           0.764726E-5        1.005883
        1.910000           0.947764E-5        1.006546           0.764766E-5        1.005883
        1.912000           0.947819E-5        1.006546           0.764806E-5        1.005883
        1.914000           0.947874E-5        1.006546           0.764846E-5        1.005883
        1.916000           0.947929E-5        1.006546           0.764886E-5        1.005883
        1.918000           0.947984E-5        1.006546           0.764926E-5        1.005883
        1.920000           0.948040E-5        1.006546           0.764966E-5        1.005883
        1.922000           0.948094E-5        1.006547           0.765006E-5        1.005883
        1.924000           0.948150E-5        1.006547           0.765046E-5        1.005884
        1.926000           0.948205E-5        1.006547           0.765086E-5        1.005884
        1.928000           0.948260E-5        1.006547           0.765126E-5        1.005884
        1.930000           0.948315E-5        1.006547           0.765166E-5        1.005884
        1.932000           0.948370E-5        1.006548           0.765205E-5        1.005884
        1.934000           0.948425E-5        1.006548           0.765245E-5        1.005884
        1.936000           0.948481E-5        1.006548           0.765285E-5        1.005885
        1.938000           0.948535E-5        1.006548           0.765325E-5        1.005885
        1.940000           0.948591E-5        1.006548           0.765365E-5        1.005885
        1.942000           0.948646E-5        1.006549           0.765405E-5        1.005885
        1.944000           0.948701E-5        1.006549           0.765445E-5        1.005885
        1.946000           0.948756E-5        1.006549           0.765484E-5        1.005885
        1.948000           0.948812E-5        1.006549           0.765525E-5        1.005885
        1.950000           0.948867E-5        1.006549           0.765565E-5        1.005886
        1.952000           0.948922E-5        1.006550           0.765604E-5        1.005886
        1.954000           0.948977E-5        1.006550           0.765645E-5        1.005886
        1.956000           0.949033E-5        1.006550           0.765685E-5        1.005886
        1.958000           0.949088E-5        1.006550           0.765724E-5        1.005886
        1.960000           0.949143E-5        1.006550           0.765765E-5        1.005886
        1.962000           0.949198E-5        1.006551           0.765805E-5        1.005887
        1.964000           0.949253E-5        1.006551           0.765844E-5        1.005887
        1.966000           0.949308E-5        1.006551           0.765884E-5        1.005887
        1.968000           0.949364E-5        1.006551           0.765924E-5        1.005887
        1.970000           0.949419E-5        1.006551           0.765964E-5        1.005887
        1.972000           0.949474E-5        1.006552           0.766005E-5        1.005887
        1.974000           0.949529E-5        1.006552           0.766044E-5        1.005888
        1.976000           0.949584E-5        1.006552           0.766084E-5        1.005888
        1.978000           0.949640E-5        1.006552           0.766125E-5        1.005888
        1.980000           0.949695E-5        1.006552           0.766165E-5        1.005888
        1.982000           0.949750E-5        1.006552           0.766205E-5        1.005888
        1.984000           0.949805E-5        1.006553           0.766244E-5        1.005888
        1.986000           0.949861E-5        1.006553           0.766284E-5        1.005888
        1.988000           0.949916E-5        1.006553           0.766325E-5        1.005889
        1.990000           0.949972E-5        1.006553           0.766364E-5        1.005889
        1.992000           0.950027E-5        1.006553           0.766405E-5        1.005889
        1.994000           0.950082E-5        1.006554           0.766444E-5        1.005889
        1.996000           0.950137E-5        1.006554           0.766484E-5        1.005889
        1.998000           0.950192E-5        1.006554           0.766525E-5        1.005889
        2.000000           0.950248E-5        1.006554           0.766564E-5        1.005890
        2.002000           0.950303E-5        1.006554           0.766605E-5        1.005890
        2.004000           0.950359E-5        1.006554           0.766645E-5        1.005890
        2.006000           0.950414E-5        1.006555           0.766685E-5        1.005890
        2.008000           0.950469E-5        1.006555           0.766724E-5        1.005890
        2.010000           0.950525E-5        1.006555           0.766764E-5        1.005890
        2.012000           0.950580E-5        1.006555           0.766804E-5        1.005890
        2.014000           0.950635E-5        1.006555           0.766844E-5        1.005891
        2.016000           0.950690E-5        1.006556           0.766885E-5        1.005891
        2.018000           0.950746E-5        1.006556           0.766924E-5        1.005891
        2.020000           0.950801E-5        1.006556           0.766965E-5        1.005891
        2.022000           0.950857E-5        1.006556           0.767005E-5        1.005891
        2.024000           0.950912E-5        1.006556           0.767045E-5        1.005891
        2.026000           0.950967E-5        1.006557           0.767085E-5        1.005891
        2.028000           0.951023E-5        1.006557           0.767125E-5        1.005892
        2.030000           0.951078E-5        1.006557           0.767165E-5        1.005892
        2.032000           0.951133E-5        1.006557           0.767205E-5        1.005892
        2.034000           0.951189E-5        1.006557           0.767245E-5        1.005892
        2.036000           0.951244E-5        1.006558           0.767285E-5        1.005892
        2.038000           0.951300E-5        1.006558           0.767326E-5        1.005892
        2.040000           0.951355E-5        1.006558           0.767366E-5        1.005893
        2.042000           0.951410E-5        1.006558           0.767405E-5        1.005893
        2.044000           0.951466E-5        1.006558           0.767446E-5        1.005893
        2.046000           0.951521E-5        1.006559           0.767486E-5        1.005893
        2.048000           0.951576E-5        1.006559           0.767526E-5        1.005893
        2.050000           0.951632E-5        1.006559           0.767566E-5        1.005893
        2.052000           0.951688E-5        1.006559           0.767607E-5        1.005893
        2.054000           0.951743E-5        1.006559           0.767646E-5        1.005894
        2.056000           0.951798E-5        1.006559           0.767687E-5        1.005894
        2.058000           0.951854E-5        1.006560           0.767727E-5        1.005894
        2.060000           0.951909E-5        1.006560           0.767767E-5        1.005894
        2.062000           0.951965E-5        1.006560           0.767807E-5        1.005894
        2.064000           0.952020E-5        1.006560           0.767847E-5        1.005894
        2.066000           0.952076E-5        1.006560           0.767887E-5        1.005895
        2.068000           0.952131E-5        1.006561           0.767928E-5        1.005895
        2.070000           0.952186E-5        1.006561           0.767967E-5        1.005895
        2.072000           0.952242E-5        1.006561           0.768008E-5        1.005895
        2.074000           0.952298E-5        1.006561           0.768048E-5        1.005895
        2.076000           0.952353E-5        1.006561           0.768088E-5        1.005895
        2.078000           0.952408E-5        1.006562           0.768128E-5        1.005895
        2.080000           0.952464E-5        1.006562           0.768168E-5        1.005896
        2.082000           0.952520E-5        1.006562           0.768208E-5        1.005896
        2.084000           0.952575E-5        1.006562           0.768249E-5        1.005896
        2.086000           0.952630E-5        1.006562           0.768289E-5        1.005896
        2.088000           0.952686E-5        1.006562           0.768329E-5        1.005896
        2.090000           0.952741E-5        1.006563           0.768368E-5        1.005896
        2.092000           0.952797E-5        1.006563           0.768409E-5        1.005897
        2.094000           0.952853E-5        1.006563           0.768449E-5        1.005897
        2.096000           0.952908E-5        1.006563           0.768489E-5        1.005897
        2.098000           0.952964E-5        1.006563           0.768530E-5        1.005897
        2.100000           0.953019E-5        1.006564           0.768570E-5        1.005897
        2.102000           0.953075E-5        1.006564           0.768610E-5        1.005897
        2.104000           0.953130E-5        1.006564           0.768650E-5        1.005898
        2.106000           0.953186E-5        1.006564           0.768691E-5        1.005898
        2.108000           0.953241E-5        1.006564           0.768731E-5        1.005898
        2.110000           0.953297E-5        1.006565           0.768771E-5        1.005898
        2.112000           0.953352E-5        1.006565           0.768812E-5        1.005898
        2.114000           0.953408E-5        1.006565           0.768852E-5        1.005898
        2.116000           0.953464E-5        1.006565           0.768892E-5        1.005898
        2.118000           0.953519E-5        1.006565           0.768932E-5        1.005899
        2.120000           0.953575E-5        1.006566           0.768972E-5        1.005899
        2.122000           0.953630E-5        1.006566           0.769013E-5        1.005899
        2.124000           0.953686E-5        1.006566           0.769052E-5        1.005899
        2.126000           0.953742E-5        1.006566           0.769093E-5        1.005899
        2.128000           0.953797E-5        1.006566           0.769133E-5        1.005899
        2.130000           0.953853E-5        1.006567           0.769174E-5        1.005899
        2.132000           0.953909E-5        1.006567           0.769214E-5        1.005900
        2.134000           0.953964E-5        1.006567           0.769253E-5        1.005900
        2.136000           0.954020E-5        1.006567           0.769294E-5        1.005900
        2.138000           0.954076E-5        1.006567           0.769334E-5        1.005900
        2.140000           0.954131E-5        1.006567           0.769374E-5        1.005900
        2.142000           0.954187E-5        1.006568           0.769415E-5        1.005900
        2.144000           0.954242E-5        1.006568           0.769455E-5        1.005901
        2.146000           0.954298E-5        1.006568           0.769495E-5        1.005901
        2.148000           0.954354E-5        1.006568           0.769536E-5        1.005901
        2.150000           0.954409E-5        1.006568           0.769576E-5        1.005901
        2.152000           0.954465E-5        1.006569           0.769616E-5        1.005901
        2.154000           0.954520E-5        1.006569           0.769657E-5        1.005901
        2.156000           0.954576E-5        1.006569           0.769696E-5        1.005901
        2.158000           0.954632E-5        1.006569           0.769736E-5        1.005902
        2.160000           0.954688E-5        1.006569           0.769777E-5        1.005902
        2.162000           0.954743E-5        1.006570           0.769817E-5        1.005902
        2.164000           0.954799E-5        1.006570           0.769858E-5        1.005902
        2.166000           0.954855E-5        1.006570           0.769898E-5        1.005902
        2.168000           0.954911E-5        1.006570           0.769938E-5        1.005902
        2.170000           0.954966E-5        1.006570           0.769979E-5        1.005903
        2.172000           0.955022E-5        1.006571           0.770019E-5        1.005903
        2.174000           0.955078E-5        1.006571           0.770059E-5        1.005903
        2.176000           0.955133E-5        1.006571           0.770099E-5        1.005903
        2.178000           0.955189E-5        1.006571           0.770140E-5        1.005903
        2.180000           0.955245E-5        1.006571           0.770180E-5        1.005903
        2.182000           0.955301E-5        1.006572           0.770221E-5        1.005903
        2.184000           0.955357E-5        1.006572           0.770261E-5        1.005904
        2.186000           0.955412E-5        1.006572           0.770301E-5        1.005904
        2.188000           0.955468E-5        1.006572           0.770342E-5        1.005904
        2.190000           0.955524E-5        1.006572           0.770382E-5        1.005904
        2.192000           0.955579E-5        1.006572           0.770423E-5        1.005904
        2.194000           0.955635E-5        1.006573           0.770462E-5        1.005904
        2.196000           0.955691E-5        1.006573           0.770503E-5        1.005905
        2.198000           0.955747E-5        1.006573           0.770543E-5        1.005905
        2.200000           0.955802E-5        1.006573           0.770583E-5        1.005905
        2.202000           0.955858E-5        1.006573           0.770624E-5        1.005905
        2.204000           0.955914E-5        1.006574           0.770664E-5        1.005905
        2.206000           0.955970E-5        1.006574           0.770705E-5        1.005905
        2.208000           0.956025E-5        1.006574           0.770745E-5        1.005906
        2.210000           0.956081E-5        1.006574           0.770786E-5        1.005906
        2.212000           0.956137E-5        1.006574           0.770826E-5        1.005906
        2.214000           0.956193E-5        1.006575           0.770865E-5        1.005906
        2.216000           0.956249E-5        1.006575           0.770907E-5        1.005906
        2.218000           0.956305E-5        1.006575           0.770947E-5        1.005906
        2.220000           0.956361E-5        1.006575           0.770987E-5        1.005906
        2.222000           0.956416E-5        1.006575           0.771028E-5        1.005907
        2.224000           0.956472E-5        1.006575           0.771068E-5        1.005907
        2.226000           0.956528E-5        1.006576           0.771108E-5        1.005907
        2.228000           0.956584E-5        1.006576           0.771149E-5        1.005907
        2.230000           0.956640E-5        1.006576           0.771189E-5        1.005907
        2.232000           0.956696E-5        1.006576           0.771229E-5        1.005907
        2.234000           0.956752E-5        1.006576           0.771270E-5        1.005908
        2.236000           0.956808E-5        1.006577           0.771310E-5        1.005908
        2.238000           0.956863E-5        1.006577           0.771351E-5        1.005908
        2.240000           0.956919E-5        1.006577           0.771391E-5        1.005908
        2.242000           0.956975E-5        1.006577           0.771432E-5        1.005908
        2.244000           0.957031E-5        1.006577           0.771472E-5        1.005908
        2.246000           0.957087E-5        1.006578           0.771512E-5        1.005908
        2.248000           0.957143E-5        1.006578           0.771553E-5        1.005909
        2.250000           0.957199E-5        1.006578           0.771593E-5        1.005909
        2.252000           0.957255E-5        1.006578           0.771633E-5        1.005909
        2.254000           0.957311E-5        1.006578           0.771674E-5        1.005909
        2.256000           0.957367E-5        1.006579           0.771714E-5        1.005909
        2.258000           0.957422E-5        1.006579           0.771755E-5        1.005909
        2.260000           0.957478E-5        1.006579           0.771795E-5        1.005909
        2.262000           0.957534E-5        1.006579           0.771836E-5        1.005910
        2.264000           0.957590E-5        1.006579           0.771877E-5        1.005910
        2.266000           0.957646E-5        1.006580           0.771917E-5        1.005910
        2.268000           0.957702E-5        1.006580           0.771957E-5        1.005910
        2.270000           0.957758E-5        1.006580           0.771998E-5        1.005910
        2.272000           0.957814E-5        1.006580           0.772038E-5        1.005910
        2.274000           0.957870E-5        1.006580           0.772079E-5        1.005911
        2.276000           0.957926E-5        1.006580           0.772119E-5        1.005911
        2.278000           0.957982E-5        1.006581           0.772160E-5        1.005911
        2.280000           0.958038E-5        1.006581           0.772200E-5        1.005911
        2.282000           0.958094E-5        1.006581           0.772241E-5        1.005911
        2.284000           0.958150E-5        1.006581           0.772281E-5        1.005911
        2.286000           0.958206E-5        1.006581           0.772322E-5        1.005911
        2.288000           0.958262E-5        1.006582           0.772361E-5        1.005912
        2.290000           0.958318E-5        1.006582           0.772403E-5        1.005912
        2.292000           0.958374E-5        1.006582           0.772443E-5        1.005912
        2.294000           0.958430E-5        1.006582           0.772483E-5        1.005912
        2.296000           0.958486E-5        1.006582           0.772524E-5        1.005912
        2.298000           0.958542E-5        1.006583           0.772565E-5        1.005912
        2.300000           0.958598E-5        1.006583           0.772605E-5        1.005913
        2.302000           0.958654E-5        1.006583           0.772645E-5        1.005913
        2.304000           0.958710E-5        1.006583           0.772686E-5        1.005913
        2.306000           0.958766E-5        1.006583           0.772727E-5        1.005913
        2.308000           0.958822E-5        1.006584           0.772767E-5        1.005913
        2.310000           0.958878E-5        1.006584           0.772808E-5        1.005913
        2.312000           0.958935E-5        1.006584           0.772848E-5        1.005913
        2.314000           0.958991E-5        1.006584           0.772889E-5        1.005914
        2.316000           0.959046E-5        1.006584           0.772929E-5        1.005914
        2.318000           0.959102E-5        1.006585           0.772970E-5        1.005914
        2.320000           0.959158E-5        1.006585           0.773010E-5        1.005914
        2.322000           0.959215E-5        1.006585           0.773051E-5        1.005914
        2.324000           0.959271E-5        1.006585           0.773091E-5        1.005914
        2.326000           0.959327E-5        1.006585           0.773132E-5        1.005915
        2.328000           0.959383E-5        1.006585           0.773173E-5        1.005915
        2.330000           0.959439E-5        1.006586           0.773213E-5        1.005915
        2.332000           0.959495E-5        1.006586           0.773254E-5        1.005915
        2.334000           0.959552E-5        1.006586           0.773294E-5        1.005915
        2.336000           0.959607E-5        1.006586           0.773335E-5        1.005915
        2.338000           0.959664E-5        1.006586           0.773376E-5        1.005916
        2.340000           0.959720E-5        1.006587           0.773416E-5        1.005916
        2.342000           0.959776E-5        1.006587           0.773456E-5        1.005916
        2.344000           0.959832E-5        1.006587           0.773497E-5        1.005916
        2.346000           0.959888E-5        1.006587           0.773538E-5        1.005916
        2.348000           0.959944E-5        1.006587           0.773578E-5        1.005916
        2.350000           0.960001E-5        1.006588           0.773619E-5        1.005916
        2.352000           0.960057E-5        1.006588           0.773659E-5        1.005917
        2.354000           0.960113E-5        1.006588           0.773700E-5        1.005917
        2.356000           0.960169E-5        1.006588           0.773740E-5        1.005917
        2.358000           0.960225E-5        1.006588           0.773780E-5        1.005917
        2.360000           0.960281E-5        1.006589           0.773822E-5        1.005917
        2.362000           0.960338E-5        1.006589           0.773862E-5        1.005917
        2.364000           0.960394E-5        1.006589           0.773903E-5        1.005918
        2.366000           0.960450E-5        1.006589           0.773943E-5        1.005918
        2.368000           0.960506E-5        1.006589           0.773984E-5        1.005918
        2.370000           0.960563E-5        1.006590           0.774025E-5        1.005918
        2.372000           0.960619E-5        1.006590           0.774065E-5        1.005918
        2.374000           0.960675E-5        1.006590           0.774107E-5        1.005918
        2.376000           0.960731E-5        1.006590           0.774147E-5        1.005919
        2.378000           0.960787E-5        1.006590           0.774187E-5        1.005919
        2.380000           0.960844E-5        1.006590           0.774227E-5        1.005919
        2.382000           0.960900E-5        1.006591           0.774268E-5        1.005919
        2.384000           0.960956E-5        1.006591           0.774309E-5        1.005919
        2.386000           0.961013E-5        1.006591           0.774350E-5        1.005919
        2.388000           0.961069E-5        1.006591           0.774391E-5        1.005919
        2.390000           0.961125E-5        1.006591           0.774430E-5        1.005920
        2.392000           0.961181E-5        1.006592           0.774471E-5        1.005920
        2.394000           0.961237E-5        1.006592           0.774513E-5        1.005920
        2.396000           0.961294E-5        1.006592           0.774554E-5        1.005920
        2.398000           0.961350E-5        1.006592           0.774594E-5        1.005920
        2.400000           0.961406E-5        1.006592           0.774634E-5        1.005920
        2.402000           0.961463E-5        1.006593           0.774675E-5        1.005920
        2.404000           0.961519E-5        1.006593           0.774716E-5        1.005921
        2.406000           0.961575E-5        1.006593           0.774756E-5        1.005921
        2.408000           0.961631E-5        1.006593           0.774797E-5        1.005921
        2.410000           0.961688E-5        1.006593           0.774838E-5        1.005921
        2.412000           0.961744E-5        1.006594           0.774878E-5        1.005921
        2.414000           0.961801E-5        1.006594           0.774919E-5        1.005921
        2.416000           0.961857E-5        1.006594           0.774960E-5        1.005922
        2.418000           0.961913E-5        1.006594           0.775000E-5        1.005922
        2.420000           0.961970E-5        1.006594           0.775041E-5        1.005922
        2.422000           0.962026E-5        1.006595           0.775082E-5        1.005922
        2.424000           0.962082E-5        1.006595           0.775122E-5        1.005922
        2.426000           0.962138E-5        1.006595           0.775164E-5        1.005922
        2.428000           0.962195E-5        1.006595           0.775204E-5        1.005922
        2.430000           0.962251E-5        1.006595           0.775244E-5        1.005923
        2.432000           0.962307E-5        1.006595           0.775285E-5        1.005923
        2.434000           0.962364E-5        1.006596           0.775326E-5        1.005923
        2.436000           0.962420E-5        1.006596           0.775367E-5        1.005923
        2.438000           0.962477E-5        1.006596           0.775407E-5        1.005923
        2.440000           0.962533E-5        1.006596           0.775448E-5        1.005923
        2.442000           0.962590E-5        1.006596           0.775489E-5        1.005924
        2.444000           0.962646E-5        1.006597           0.775530E-5        1.005924
        2.446000           0.962702E-5        1.006597           0.775571E-5        1.005924
        2.448000           0.962759E-5        1.006597           0.775611E-5        1.005924
        2.450000           0.962815E-5        1.006597           0.775652E-5        1.005924
        2.452000           0.962871E-5        1.006597           0.775692E-5        1.005924
        2.454000           0.962928E-5        1.006598           0.775733E-5        1.005924
        2.456000           0.962984E-5        1.006598           0.775774E-5        1.005925
        2.458000           0.963041E-5        1.006598           0.775815E-5        1.005925
        2.460000           0.963097E-5        1.006598           0.775855E-5        1.005925
        2.462000           0.963153E-5        1.006598           0.775896E-5        1.005925
        2.464000           0.963210E-5        1.006599           0.775938E-5        1.005925
        2.466000           0.963266E-5        1.006599           0.775978E-5        1.005925
        2.468000           0.963323E-5        1.006599           0.776019E-5        1.005926
        2.470000           0.963379E-5        1.006599           0.776059E-5        1.005926
        2.472000           0.963436E-5        1.006599           0.776100E-5        1.005926
        2.474000           0.963492E-5        1.006600           0.776141E-5        1.005926
        2.476000           0.963549E-5        1.006600           0.776182E-5        1.005926
        2.478000           0.963605E-5        1.006600           0.776223E-5        1.005926
        2.480000           0.963662E-5        1.006600           0.776264E-5        1.005926
        2.482000           0.963718E-5        1.006600           0.776305E-5        1.005927
        2.484000           0.963775E-5        1.006600           0.776345E-5        1.005927
        2.486000           0.963831E-5        1.006601           0.776386E-5        1.005927
        2.488000           0.963888E-5        1.006601           0.776427E-5        1.005927
        2.490000           0.963944E-5        1.006601           0.776467E-5        1.005927
        2.492000           0.964001E-5        1.006601           0.776508E-5        1.005927
        2.494000           0.964057E-5        1.006601           0.776550E-5        1.005928
        2.496000           0.964114E-5        1.006602           0.776591E-5        1.005928
        2.498000           0.964170E-5        1.006602           0.776631E-5        1.005928
        2.500000           0.964227E-5        1.006602           0.776672E-5        1.005928
        2.502000           0.964283E-5        1.006602           0.776713E-5        1.005928
        2.504000           0.964340E-5        1.006602           0.776753E-5        1.005928
        2.506000           0.964397E-5        1.006603           0.776794E-5        1.005929
        2.508000           0.964453E-5        1.006603           0.776835E-5        1.005929
        2.510000           0.964510E-5        1.006603           0.776876E-5        1.005929
        2.512000           0.964566E-5        1.006603           0.776916E-5        1.005929
        2.514000           0.964623E-5        1.006603           0.776958E-5        1.005929
        2.516000           0.964679E-5        1.006604           0.776998E-5        1.005929
        2.518000           0.964736E-5        1.006604           0.777040E-5        1.005929
        2.520000           0.964792E-5        1.006604           0.777080E-5        1.005930
        2.522000           0.964849E-5        1.006604           0.777121E-5        1.005930
        2.524000           0.964906E-5        1.006604           0.777162E-5        1.005930
        2.526000           0.964962E-5        1.006605           0.777203E-5        1.005930
        2.528000           0.965019E-5        1.006605           0.777243E-5        1.005930
        2.530000           0.965075E-5        1.006605           0.777285E-5        1.005930
        2.532000           0.965132E-5        1.006605           0.777325E-5        1.005931
        2.534000           0.965189E-5        1.006605           0.777366E-5        1.005931
        2.536000           0.965245E-5        1.006606           0.777407E-5        1.005931
        2.538000           0.965302E-5        1.006606           0.777448E-5        1.005931
        2.540000           0.965359E-5        1.006606           0.777489E-5        1.005931
        2.542000           0.965415E-5        1.006606           0.777530E-5        1.005931
        2.544000           0.965472E-5        1.006606           0.777571E-5        1.005931
        2.546000           0.965529E-5        1.006606           0.777611E-5        1.005932
        2.548000           0.965585E-5        1.006607           0.777653E-5        1.005932
        2.550000           0.965642E-5        1.006607           0.777693E-5        1.005932
        2.552000           0.965698E-5        1.006607           0.777734E-5        1.005932
        2.554000           0.965755E-5        1.006607           0.777775E-5        1.005932
        2.556000           0.965812E-5        1.006607           0.777816E-5        1.005932
        2.558000           0.965869E-5        1.006608           0.777857E-5        1.005933
        2.560000           0.965925E-5        1.006608           0.777898E-5        1.005933
        2.562000           0.965982E-5        1.006608           0.777939E-5        1.005933
        2.564000           0.966038E-5        1.006608           0.777980E-5        1.005933
        2.566000           0.966095E-5        1.006608           0.778021E-5        1.005933
        2.568000           0.966152E-5        1.006609           0.778062E-5        1.005933
        2.570000           0.966209E-5        1.006609           0.778102E-5        1.005934
        2.572000           0.966265E-5        1.006609           0.778144E-5        1.005934
        2.574000           0.966322E-5        1.006609           0.778184E-5        1.005934
        2.576000           0.966379E-5        1.006609           0.778225E-5        1.005934
        2.578000           0.966435E-5        1.006610           0.778266E-5        1.005934
        2.580000           0.966492E-5        1.006610           0.778308E-5        1.005934
        2.582000           0.966549E-5        1.006610           0.778348E-5        1.005934
        2.584000           0.966606E-5        1.006610           0.778390E-5        1.005935
        2.586000           0.966662E-5        1.006610           0.778430E-5        1.005935
        2.588000           0.966719E-5        1.006611           0.778471E-5        1.005935
        2.590000           0.966776E-5        1.006611           0.778512E-5        1.005935
        2.592000           0.966833E-5        1.006611           0.778553E-5        1.005935
        2.594000           0.966889E-5        1.006611           0.778594E-5        1.005935
        2.596000           0.966946E-5        1.006611           0.778635E-5        1.005936
        2.598000           0.967003E-5        1.006611           0.778676E-5        1.005936
        2.600000           0.967060E-5        1.006612           0.778717E-5        1.005936
        2.602000           0.967117E-5        1.006612           0.778758E-5        1.005936
        2.604000           0.967173E-5        1.006612           0.778799E-5        1.005936
        2.606000           0.967230E-5        1.006612           0.778839E-5        1.005936
        2.608000           0.967287E-5        1.006612           0.778881E-5        1.005937
        2.610000           0.967344E-5        1.006613           0.778922E-5        1.005937
        2.612000           0.967401E-5        1.006613           0.778963E-5        1.005937
        2.614000           0.967457E-5        1.006613           0.779004E-5        1.005937
        2.616000           0.967514E-5        1.006613           0.779046E-5        1.005937
        2.618000           0.967571E-5        1.006613           0.779086E-5        1.005937
        2.620000           0.967628E-5        1.006614           0.779127E-5        1.005937
        2.622000           0.967685E-5        1.006614           0.779168E-5        1.005938
        2.624000           0.967742E-5        1.006614           0.779209E-5        1.005938
        2.626000           0.967798E-5        1.006614           0.779250E-5        1.005938
        2.628000           0.967855E-5        1.006614           0.779291E-5        1.005938
        2.630000           0.967912E-5        1.006615           0.779332E-5        1.005938
        2.632000           0.967969E-5        1.006615           0.779373E-5        1.005938
        2.634000           0.968026E-5        1.006615           0.779414E-5        1.005939
        2.636000           0.968083E-5        1.006615           0.779455E-5        1.005939
        2.638000           0.968140E-5        1.006615           0.779496E-5        1.005939
        2.640000           0.968196E-5        1.006616           0.779538E-5        1.005939
        2.642000           0.968253E-5        1.006616           0.779579E-5        1.005939
        2.644000           0.968310E-5        1.006616           0.779619E-5        1.005939
        2.646000           0.968367E-5        1.006616           0.779660E-5        1.005939
        2.648000           0.968424E-5        1.006616           0.779702E-5        1.005940
        2.650000           0.968481E-5        1.006616           0.779742E-5        1.005940
        2.652000           0.968538E-5        1.006617           0.779784E-5        1.005940
        2.654000           0.968595E-5        1.006617           0.779825E-5        1.005940
        2.656000           0.968652E-5        1.006617           0.779865E-5        1.005940
        2.658000           0.968708E-5        1.006617           0.779907E-5        1.005940
        2.660000           0.968765E-5        1.006617           0.779949E-5        1.005941
        2.662000           0.968822E-5        1.006618           0.779989E-5        1.005941
        2.664000           0.968879E-5        1.006618           0.780030E-5        1.005941
        2.666000           0.968936E-5        1.006618           0.780071E-5        1.005941
        2.668000           0.968993E-5        1.006618           0.780113E-5        1.005941
        2.670000           0.969050E-5        1.006618           0.780153E-5        1.005941
        2.672000           0.969107E-5        1.006619           0.780194E-5        1.005942
        2.674000           0.969164E-5        1.006619           0.780236E-5        1.005942
        2.676000           0.969221E-5        1.006619           0.780277E-5        1.005942
        2.678000           0.969278E-5        1.006619           0.780318E-5        1.005942
        2.680000           0.969335E-5        1.006619           0.780359E-5        1.005942
        2.682000           0.969392E-5        1.006620           0.780401E-5        1.005942
        2.684000           0.969449E-5        1.006620           0.780441E-5        1.005942
        2.686000           0.969506E-5        1.006620           0.780482E-5        1.005943
        2.688000           0.969563E-5        1.006620           0.780523E-5        1.005943
        2.690000           0.969620E-5        1.006620           0.780565E-5        1.005943
        2.692000           0.969677E-5        1.006621           0.780606E-5        1.005943
        2.694000           0.969734E-5        1.006621           0.780646E-5        1.005943
        2.696000           0.969791E-5        1.006621           0.780688E-5        1.005943
        2.698000           0.969848E-5        1.006621           0.780729E-5        1.005944
        2.700000           0.969905E-5        1.006621           0.780770E-5        1.005944
        2.702000           0.969962E-5        1.006622           0.780812E-5        1.005944
        2.704000           0.970020E-5        1.006622           0.780853E-5        1.005944
        2.706000           0.970077E-5        1.006622           0.780894E-5        1.005944
        2.708000           0.970134E-5        1.006622           0.780935E-5        1.005944
        2.710000           0.970191E-5        1.006622           0.780976E-5        1.005944
        2.712000           0.970248E-5        1.006623           0.781018E-5        1.005945
        2.714000           0.970305E-5        1.006623           0.781059E-5        1.005945
        2.716000           0.970362E-5        1.006623           0.781100E-5        1.005945
        2.718000           0.970419E-5        1.006623           0.781141E-5        1.005945
        2.720000           0.970476E-5        1.006623           0.781183E-5        1.005945
        2.722000           0.970533E-5        1.006624           0.781224E-5        1.005945
        2.724000           0.970590E-5        1.006624           0.781265E-5        1.005946
        2.726000           0.970647E-5        1.006624           0.781305E-5        1.005946
        2.728000           0.970704E-5        1.006624           0.781347E-5        1.005946
        2.730000           0.970761E-5        1.006624           0.781388E-5        1.005946
        2.732000           0.970819E-5        1.006624           0.781429E-5        1.005946
        2.734000           0.970876E-5        1.006625           0.781471E-5        1.005946
        2.736000           0.970933E-5        1.006625           0.781512E-5        1.005946
        2.738000           0.970990E-5        1.006625           0.781553E-5        1.005947
        2.740000           0.971047E-5        1.006625           0.781594E-5        1.005947
        2.742000           0.971104E-5        1.006625           0.781635E-5        1.005947
        2.744000           0.971161E-5        1.006626           0.781677E-5        1.005947
        2.746000           0.971218E-5        1.006626           0.781718E-5        1.005947
        2.748000           0.971276E-5        1.006626           0.781759E-5        1.005947
        2.750000           0.971333E-5        1.006626           0.781800E-5        1.005948
        2.752000           0.971390E-5        1.006626           0.781841E-5        1.005948
        2.754000           0.971447E-5        1.006627           0.781883E-5        1.005948
        2.756000           0.971504E-5        1.006627           0.781924E-5        1.005948
        2.758000           0.971561E-5        1.006627           0.781965E-5        1.005948
        2.760000           0.971619E-5        1.006627           0.782007E-5        1.005948
        2.762000           0.971676E-5        1.006627           0.782048E-5        1.005949
        2.764000           0.971733E-5        1.006628           0.782089E-5        1.005949
        2.766000           0.971790E-5        1.006628           0.782131E-5        1.005949
        2.768000           0.971847E-5        1.006628           0.782172E-5        1.005949
        2.770000           0.971905E-5        1.006628           0.782213E-5        1.005949
        2.772000           0.971962E-5        1.006628           0.782254E-5        1.005949
        2.774000           0.972019E-5        1.006629           0.782296E-5        1.005949
        2.776000           0.972076E-5        1.006629           0.782337E-5        1.005950
        2.778000           0.972134E-5        1.006629           0.782378E-5        1.005950
        2.780000           0.972191E-5        1.006629           0.782419E-5        1.005950
        2.782000           0.972248E-5        1.006629           0.782460E-5        1.005950
        2.784000           0.972305E-5        1.006629           0.782502E-5        1.005950
        2.786000           0.972363E-5        1.006630           0.782544E-5        1.005950
        2.788000           0.972420E-5        1.006630           0.782584E-5        1.005951
        2.790000           0.972477E-5        1.006630           0.782626E-5        1.005951
        2.792000           0.972535E-5        1.006630           0.782667E-5        1.005951
        2.794000           0.972591E-5        1.006631           0.782708E-5        1.005951
        2.796000           0.972649E-5        1.006631           0.782749E-5        1.005951
        2.798000           0.972706E-5        1.006631           0.782791E-5        1.005951
        2.800000           0.972763E-5        1.006631           0.782832E-5        1.005951
        2.802000           0.972821E-5        1.006631           0.782874E-5        1.005952
        2.804000           0.972878E-5        1.006631           0.782914E-5        1.005952
        2.806000           0.972935E-5        1.006632           0.782956E-5        1.005952
        2.808000           0.972993E-5        1.006632           0.782997E-5        1.005952
        2.810000           0.973050E-5        1.006632           0.783039E-5        1.005952
        2.812000           0.973107E-5        1.006632           0.783080E-5        1.005952
        2.814000           0.973164E-5        1.006632           0.783121E-5        1.005953
        2.816000           0.973222E-5        1.006633           0.783163E-5        1.005953
        2.818000           0.973279E-5        1.006633           0.783204E-5        1.005953
        2.820000           0.973336E-5        1.006633           0.783245E-5        1.005953
        2.822000           0.973394E-5        1.006633           0.783287E-5        1.005953
        2.824000           0.973451E-5        1.006633           0.783328E-5        1.005953
        2.826000           0.973508E-5        1.006634           0.783370E-5        1.005954
        2.828000           0.973566E-5        1.006634           0.783411E-5        1.005954
        2.830000           0.973623E-5        1.006634           0.783452E-5        1.005954
        2.832000           0.973681E-5        1.006634           0.783493E-5        1.005954
        2.834000           0.973738E-5        1.006634           0.783535E-5        1.005954
        2.836000           0.973795E-5        1.006635           0.783577E-5        1.005954
        2.838000           0.973853E-5        1.006635           0.783617E-5        1.005954
        2.840000           0.973910E-5        1.006635           0.783659E-5        1.005955
        2.842000           0.973968E-5        1.006635           0.783701E-5        1.005955
        2.844000           0.974025E-5        1.006635           0.783741E-5        1.005955
        2.846000           0.974082E-5        1.006636           0.783783E-5        1.005955
        2.848000           0.974140E-5        1.006636           0.783825E-5        1.005955
        2.850000           0.974197E-5        1.006636           0.783866E-5        1.005955
        2.852000           0.974254E-5        1.006636           0.783907E-5        1.005956
        2.854000           0.974312E-5        1.006636           0.783948E-5        1.005956
        2.856000           0.974370E-5        1.006637           0.783990E-5        1.005956
        2.858000           0.974427E-5        1.006637           0.784032E-5        1.005956
        2.860000           0.974484E-5        1.006637           0.784073E-5        1.005956
        2.862000           0.974542E-5        1.006637           0.784114E-5        1.005956
        2.864000           0.974599E-5        1.006637           0.784156E-5        1.005957
        2.866000           0.974657E-5        1.006637           0.784197E-5        1.005957
        2.868000           0.974714E-5        1.006638           0.784238E-5        1.005957
        2.870000           0.974772E-5        1.006638           0.784280E-5        1.005957
        2.872000           0.974829E-5        1.006638           0.784322E-5        1.005957
        2.874000           0.974886E-5        1.006638           0.784363E-5        1.005957
        2.876000           0.974944E-5        1.006638           0.784405E-5        1.005957
        2.878000           0.975002E-5        1.006639           0.784446E-5        1.005958
        2.880000           0.975059E-5        1.006639           0.784487E-5        1.005958
        2.882000           0.975117E-5        1.006639           0.784529E-5        1.005958
        2.884000           0.975174E-5        1.006639           0.784570E-5        1.005958
        2.886000           0.975231E-5        1.006639           0.784611E-5        1.005958
        2.888000           0.975289E-5        1.006640           0.784653E-5        1.005958
        2.890000           0.975346E-5        1.006640           0.784695E-5        1.005959
        2.892000           0.975404E-5        1.006640           0.784737E-5        1.005959
        2.894000           0.975462E-5        1.006640           0.784778E-5        1.005959
        2.896000           0.975519E-5        1.006640           0.784819E-5        1.005959
        2.898000           0.975576E-5        1.006641           0.784860E-5        1.005959
        2.900000           0.975634E-5        1.006641           0.784903E-5        1.005959
        2.902000           0.975692E-5        1.006641           0.784944E-5        1.005960
        2.904000           0.975749E-5        1.006641           0.784985E-5        1.005960
        2.906000           0.975807E-5        1.006641           0.785027E-5        1.005960
        2.908000           0.975864E-5        1.006642           0.785068E-5        1.005960
        2.910000           0.975922E-5        1.006642           0.785109E-5        1.005960
        2.912000           0.975979E-5        1.006642           0.785150E-5        1.005960
        2.914000           0.976037E-5        1.006642           0.785193E-5        1.005960
        2.916000           0.976095E-5        1.006642           0.785234E-5        1.005961
        2.918000           0.976152E-5        1.006643           0.785276E-5        1.005961
        2.920000           0.976210E-5        1.006643           0.785318E-5        1.005961
        2.922000           0.976267E-5        1.006643           0.785359E-5        1.005961
        2.924000           0.976325E-5        1.006643           0.785400E-5        1.005961
        2.926000           0.976382E-5        1.006643           0.785442E-5        1.005961
        2.928000           0.976440E-5        1.006644           0.785484E-5        1.005962
        2.930000           0.976498E-5        1.006644           0.785525E-5        1.005962
        2.932000           0.976555E-5        1.006644           0.785566E-5        1.005962
        2.934000           0.976613E-5        1.006644           0.785607E-5        1.005962
        2.936000           0.976671E-5        1.006644           0.785649E-5        1.005962
        2.938000           0.976728E-5        1.006644           0.785690E-5        1.005962
        2.940000           0.976786E-5        1.006645           0.785732E-5        1.005962
        2.942000           0.976844E-5        1.006645           0.785774E-5        1.005963
        2.944000           0.976901E-5        1.006645           0.785815E-5        1.005963
        2.946000           0.976959E-5        1.006645           0.785857E-5        1.005963
        2.948000           0.977017E-5        1.006645           0.785898E-5        1.005963
        2.950000           0.977074E-5        1.006646           0.785940E-5        1.005963
        2.952000           0.977132E-5        1.006646           0.785981E-5        1.005963
        2.954000           0.977190E-5        1.006646           0.786024E-5        1.005964
        2.956000           0.977248E-5        1.006646           0.786065E-5        1.005964
        2.958000           0.977305E-5        1.006647           0.786106E-5        1.005964
        2.960000           0.977363E-5        1.006647           0.786148E-5        1.005964
        2.962000           0.977420E-5        1.006647           0.786190E-5        1.005964
        2.964000           0.977479E-5        1.006647           0.786232E-5        1.005964
        2.966000           0.977536E-5        1.006647           0.786273E-5        1.005965
        2.968000           0.977594E-5        1.006647           0.786315E-5        1.005965
        2.970000           0.977652E-5        1.006648           0.786355E-5        1.005965
        2.972000           0.977709E-5        1.006648           0.786398E-5        1.005965
        2.974000           0.977767E-5        1.006648           0.786439E-5        1.005965
        2.976000           0.977824E-5        1.006648           0.786481E-5        1.005965
        2.978000           0.977882E-5        1.006648           0.786523E-5        1.005965
        2.980000           0.977940E-5        1.006649           0.786564E-5        1.005966
        2.982000           0.977998E-5        1.006649           0.786606E-5        1.005966
        2.984000           0.978056E-5        1.006649           0.786647E-5        1.005966
        2.986000           0.978114E-5        1.006649           0.786689E-5        1.005966
        2.988000           0.978171E-5        1.006649           0.786730E-5        1.005966
        2.990000           0.978229E-5        1.006650           0.786772E-5        1.005966
        2.992000           0.978287E-5        1.006650           0.786814E-5        1.005967
        2.994000           0.978344E-5        1.006650           0.786855E-5        1.005967
        2.996000           0.978402E-5        1.006650           0.786897E-5        1.005967
        2.998000           0.978460E-5        1.006650           0.786938E-5        1.005967
        3.000000           0.978518E-5        1.006651           0.786980E-5        1.005967
        3.002000           0.978576E-5        1.006651           0.787022E-5        1.005967
        3.004000           0.978633E-5        1.006651           0.787063E-5        1.005967
        3.006000           0.978691E-5        1.006651           0.787105E-5        1.005968
        3.008000           0.978749E-5        1.006651           0.787147E-5        1.005968
        3.010000           0.978807E-5        1.006652           0.787189E-5        1.005968
        3.012000           0.978865E-5        1.006652           0.787230E-5        1.005968
        3.014000           0.978922E-5        1.006652           0.787272E-5        1.005968
        3.016000           0.978980E-5        1.006652           0.787313E-5        1.005968
        3.018000           0.979038E-5        1.006652           0.787355E-5        1.005969
        3.020000           0.979096E-5        1.006652           0.787397E-5        1.005969
        3.022000           0.979154E-5        1.006653           0.787439E-5        1.005969
        3.024000           0.979212E-5        1.006653           0.787480E-5        1.005969
        3.026000           0.979269E-5        1.006653           0.787522E-5        1.005969
        3.028000           0.979327E-5        1.006653           0.787564E-5        1.005969
        3.030000           0.979385E-5        1.006654           0.787605E-5        1.005970
        3.032000           0.979443E-5        1.006654           0.787647E-5        1.005970
        3.034000           0.979501E-5        1.006654           0.787689E-5        1.005970
        3.036000           0.979559E-5        1.006654           0.787731E-5        1.005970
        3.038000           0.979617E-5        1.006654           0.787772E-5        1.005970
        3.040000           0.979675E-5        1.006655           0.787813E-5        1.005970
        3.042000           0.979733E-5        1.006655           0.787856E-5        1.005970
        3.044000           0.979791E-5        1.006655           0.787898E-5        1.005971
        3.046000           0.979849E-5        1.006655           0.787940E-5        1.005971
        3.048000           0.979907E-5        1.006655           0.787980E-5        1.005971
        3.050000           0.979964E-5        1.006655           0.788023E-5        1.005971
        3.052000           0.980023E-5        1.006656           0.788064E-5        1.005971
        3.054000           0.980080E-5        1.006656           0.788106E-5        1.005971
        3.056000           0.980138E-5        1.006656           0.788148E-5        1.005972
        3.058000           0.980196E-5        1.006656           0.788189E-5        1.005972
        3.060000           0.980254E-5        1.006656           0.788231E-5        1.005972
        3.062000           0.980312E-5        1.006657           0.788273E-5        1.005972
        3.064000           0.980370E-5        1.006657           0.788315E-5        1.005972
        3.066000           0.980428E-5        1.006657           0.788356E-5        1.005972
        3.068000           0.980486E-5        1.006657           0.788398E-5        1.005973
        3.070000           0.980544E-5        1.006657           0.788441E-5        1.005973
        3.072000           0.980602E-5        1.006658           0.788482E-5        1.005973
        3.074000           0.980660E-5        1.006658           0.788524E-5        1.005973
        3.076000           0.980718E-5        1.006658           0.788565E-5        1.005973
        3.078000           0.980776E-5        1.006658           0.788607E-5        1.005973
        3.080000           0.980834E-5        1.006658           0.788649E-5        1.005973
        3.082000           0.980892E-5        1.006659           0.788691E-5        1.005974
        3.084000           0.980950E-5        1.006659           0.788732E-5        1.005974
        3.086000           0.981008E-5        1.006659           0.788774E-5        1.005974
        3.088000           0.981066E-5        1.006659           0.788816E-5        1.005974
        3.090000           0.981124E-5        1.006659           0.788857E-5        1.005974
        3.092000           0.981182E-5        1.006660           0.788899E-5        1.005974
        3.094000           0.981240E-5        1.006660           0.788941E-5        1.005975
        3.096000           0.981298E-5        1.006660           0.788983E-5        1.005975
        3.098000           0.981356E-5        1.006660           0.789025E-5        1.005975
        3.100000           0.981414E-5        1.006660           0.789067E-5        1.005975
        3.102000           0.981472E-5        1.006661           0.789109E-5        1.005975
        3.104000           0.981530E-5        1.006661           0.789150E-5        1.005975
        3.106000           0.981588E-5        1.006661           0.789192E-5        1.005975
        3.108000           0.981646E-5        1.006661           0.789234E-5        1.005976
        3.110000           0.981705E-5        1.006661           0.789276E-5        1.005976
        3.112000           0.981763E-5        1.006662           0.789318E-5        1.005976
        3.114000           0.981821E-5        1.006662           0.789360E-5        1.005976
        3.116000           0.981879E-5        1.006662           0.789402E-5        1.005976
        3.118000           0.981937E-5        1.006662           0.789443E-5        1.005976
        3.120000           0.981995E-5        1.006662           0.789485E-5        1.005977
        3.122000           0.982053E-5        1.006662           0.789527E-5        1.005977
        3.124000           0.982111E-5        1.006663           0.789568E-5        1.005977
        3.126000           0.982170E-5        1.006663           0.789610E-5        1.005977
        3.128000           0.982228E-5        1.006663           0.789653E-5        1.005977
        3.130000           0.982286E-5        1.006663           0.789694E-5        1.005977
        3.132000           0.982344E-5        1.006664           0.789736E-5        1.005978
        3.134000           0.982402E-5        1.006664           0.789778E-5        1.005978
        3.136000           0.982460E-5        1.006664           0.789820E-5        1.005978
        3.138000           0.982518E-5        1.006664           0.789862E-5        1.005978
        3.140000           0.982577E-5        1.006664           0.789904E-5        1.005978
        3.142000           0.982635E-5        1.006665           0.789945E-5        1.005978
        3.144000           0.982693E-5        1.006665           0.789988E-5        1.005978
        3.146000           0.982751E-5        1.006665           0.790029E-5        1.005979
        3.148000           0.982809E-5        1.006665           0.790071E-5        1.005979
        3.150000           0.982867E-5        1.006665           0.790113E-5        1.005979
        3.152000           0.982925E-5        1.006665           0.790155E-5        1.005979
        3.154000           0.982984E-5        1.006666           0.790197E-5        1.005979
        3.156000           0.983042E-5        1.006666           0.790239E-5        1.005979
        3.158000           0.983100E-5        1.006666           0.790281E-5        1.005980
        3.160000           0.983158E-5        1.006666           0.790322E-5        1.005980
        3.162000           0.983217E-5        1.006666           0.790364E-5        1.005980
        3.164000           0.983275E-5        1.006667           0.790406E-5        1.005980
        3.166000           0.983333E-5        1.006667           0.790448E-5        1.005980
        3.168000           0.983391E-5        1.006667           0.790490E-5        1.005980
        3.170000           0.983449E-5        1.006667           0.790532E-5        1.005981
        3.172000           0.983508E-5        1.006667           0.790574E-5        1.005981
        3.174000           0.983566E-5        1.006668           0.790616E-5        1.005981
        3.176000           0.983624E-5        1.006668           0.790658E-5        1.005981
        3.178000           0.983683E-5        1.006668           0.790700E-5        1.005981
        3.180000           0.983741E-5        1.006668           0.790742E-5        1.005981
        3.182000           0.983799E-5        1.006668           0.790784E-5        1.005982
        3.184000           0.983857E-5        1.006669           0.790826E-5        1.005982
        3.186000           0.983916E-5        1.006669           0.790867E-5        1.005982
        3.188000           0.983974E-5        1.006669           0.790909E-5        1.005982
        3.190000           0.984032E-5        1.006669           0.790951E-5        1.005982
        3.192000           0.984090E-5        1.006669           0.790994E-5        1.005982
        3.194000           0.984149E-5        1.006670           0.791036E-5        1.005983
        3.196000           0.984207E-5        1.006670           0.791078E-5        1.005983
        3.198000           0.984265E-5        1.006670           0.791120E-5        1.005983
        3.200000           0.984324E-5        1.006670           0.791162E-5        1.005983
        3.202000           0.984382E-5        1.006670           0.791204E-5        1.005983
        3.204000           0.984441E-5        1.006671           0.791246E-5        1.005983
        3.206000           0.984499E-5        1.006671           0.791287E-5        1.005983
        3.208000           0.984557E-5        1.006671           0.791329E-5        1.005984
        3.210000           0.984615E-5        1.006671           0.791371E-5        1.005984
        3.212000           0.984674E-5        1.006671           0.791413E-5        1.005984
        3.214000           0.984732E-5        1.006672           0.791456E-5        1.005984
        3.216000           0.984790E-5        1.006672           0.791497E-5        1.005984
        3.218000           0.984849E-5        1.006672           0.791540E-5        1.005984
        3.220000           0.984907E-5        1.006672           0.791582E-5        1.005985
        3.222000           0.984965E-5        1.006672           0.791623E-5        1.005985
        3.224000           0.985024E-5        1.006673           0.791665E-5        1.005985
        3.226000           0.985082E-5        1.006673           0.791708E-5        1.005985
        3.228000           0.985141E-5        1.006673           0.791749E-5        1.005985
        3.230000           0.985199E-5        1.006673           0.791792E-5        1.005985
        3.232000           0.985257E-5        1.006673           0.791833E-5        1.005985
        3.234000           0.985316E-5        1.006674           0.791876E-5        1.005986
        3.236000           0.985374E-5        1.006674           0.791918E-5        1.005986
        3.238000           0.985433E-5        1.006674           0.791960E-5        1.005986
        3.240000           0.985491E-5        1.006674           0.792002E-5        1.005986
        3.242000           0.985549E-5        1.006674           0.792044E-5        1.005986
        3.244000           0.985608E-5        1.006675           0.792086E-5        1.005986
        3.246000           0.985666E-5        1.006675           0.792128E-5        1.005987
        3.248000           0.985725E-5        1.006675           0.792170E-5        1.005987
        3.250000           0.985783E-5        1.006675           0.792212E-5        1.005987
        3.252000           0.985841E-5        1.006675           0.792254E-5        1.005987
        3.254000           0.985900E-5        1.006675           0.792296E-5        1.005987
        3.256000           0.985958E-5        1.006676           0.792338E-5        1.005987
        3.258000           0.986017E-5        1.006676           0.792380E-5        1.005988
        3.260000           0.986075E-5        1.006676           0.792422E-5        1.005988
        3.262000           0.986134E-5        1.006676           0.792465E-5        1.005988
        3.264000           0.986192E-5        1.006677           0.792506E-5        1.005988
        3.266000           0.986251E-5        1.006677           0.792548E-5        1.005988
        3.268000           0.986309E-5        1.006677           0.792590E-5        1.005988
        3.270000           0.986368E-5        1.006677           0.792633E-5        1.005988
        3.272000           0.986426E-5        1.006677           0.792675E-5        1.005989
        3.274000           0.986485E-5        1.006678           0.792717E-5        1.005989
        3.276000           0.986543E-5        1.006678           0.792759E-5        1.005989
        3.278000           0.986602E-5        1.006678           0.792802E-5        1.005989
        3.280000           0.986660E-5        1.006678           0.792843E-5        1.005989
        3.282000           0.986719E-5        1.006678           0.792885E-5        1.005989
        3.284000           0.986777E-5        1.006678           0.792928E-5        1.005990
        3.286000           0.986836E-5        1.006679           0.792970E-5        1.005990
        3.288000           0.986895E-5        1.006679           0.793012E-5        1.005990
        3.290000           0.986953E-5        1.006679           0.793054E-5        1.005990
        3.292000           0.987012E-5        1.006679           0.793096E-5        1.005990
        3.294000           0.987070E-5        1.006679           0.793138E-5        1.005990
        3.296000           0.987129E-5        1.006680           0.793181E-5        1.005991
        3.298000           0.987188E-5        1.006680           0.793223E-5        1.005991
        3.300000           0.987246E-5        1.006680           0.793265E-5        1.005991
        3.302000           0.987305E-5        1.006680           0.793307E-5        1.005991
        3.304000           0.987363E-5        1.006680           0.793349E-5        1.005991
        3.306000           0.987422E-5        1.006681           0.793391E-5        1.005991
        3.308000           0.987480E-5        1.006681           0.793433E-5        1.005991
        3.310000           0.987539E-5        1.006681           0.793476E-5        1.005992
        3.312000           0.987598E-5        1.006681           0.793517E-5        1.005992
        3.314000           0.987656E-5        1.006681           0.793560E-5        1.005992
        3.316000           0.987715E-5        1.006682           0.793602E-5        1.005992
        3.318000           0.987773E-5        1.006682           0.793644E-5        1.005992
        3.320000           0.987832E-5        1.006682           0.793687E-5        1.005992
        3.322000           0.987891E-5        1.006682           0.793728E-5        1.005993
        3.324000           0.987949E-5        1.006682           0.793770E-5        1.005993
        3.326000           0.988008E-5        1.006683           0.793813E-5        1.005993
        3.328000           0.988067E-5        1.006683           0.793855E-5        1.005993
        3.330000           0.988125E-5        1.006683           0.793897E-5        1.005993
        3.332000           0.988184E-5        1.006683           0.793939E-5        1.005993
        3.334000           0.988243E-5        1.006683           0.793982E-5        1.005994
        3.336000           0.988301E-5        1.006684           0.794023E-5        1.005994
        3.338000           0.988360E-5        1.006684           0.794066E-5        1.005994
        3.340000           0.988418E-5        1.006684           0.794108E-5        1.005994
        3.342000           0.988477E-5        1.006684           0.794151E-5        1.005994
        3.344000           0.988536E-5        1.006684           0.794192E-5        1.005994
        3.346000           0.988595E-5        1.006685           0.794235E-5        1.005995
        3.348000           0.988653E-5        1.006685           0.794277E-5        1.005995
        3.350000           0.988712E-5        1.006685           0.794320E-5        1.005995
        3.352000           0.988771E-5        1.006685           0.794361E-5        1.005995
        3.354000           0.988829E-5        1.006685           0.794404E-5        1.005995
        3.356000           0.988888E-5        1.006686           0.794446E-5        1.005995
        3.358000           0.988947E-5        1.006686           0.794489E-5        1.005996
        3.360000           0.989006E-5        1.006686           0.794530E-5        1.005996
        3.362000           0.989065E-5        1.006686           0.794573E-5        1.005996
        3.364000           0.989123E-5        1.006686           0.794615E-5        1.005996
        3.366000           0.989182E-5        1.006687           0.794657E-5        1.005996
        3.368000           0.989241E-5        1.006687           0.794699E-5        1.005996
        3.370000           0.989300E-5        1.006687           0.794742E-5        1.005996
        3.372000           0.989358E-5        1.006687           0.794784E-5        1.005997
        3.374000           0.989417E-5        1.006687           0.794827E-5        1.005997
        3.376000           0.989476E-5        1.006688           0.794869E-5        1.005997
        3.378000           0.989535E-5        1.006688           0.794912E-5        1.005997
        3.380000           0.989594E-5        1.006688           0.794954E-5        1.005997
        3.382000           0.989652E-5        1.006688           0.794996E-5        1.005997
        3.384000           0.989711E-5        1.006688           0.795038E-5        1.005998
        3.386000           0.989770E-5        1.006689           0.795080E-5        1.005998
        3.388000           0.989829E-5        1.006689           0.795122E-5        1.005998
        3.390000           0.989888E-5        1.006689           0.795165E-5        1.005998
        3.392000           0.989946E-5        1.006689           0.795207E-5        1.005998
        3.394000           0.990005E-5        1.006689           0.795249E-5        1.005998
        3.396000           0.990064E-5        1.006690           0.795292E-5        1.005998
        3.398000           0.990123E-5        1.006690           0.795334E-5        1.005999
        3.400000           0.990182E-5        1.006690           0.795377E-5        1.005999
        3.402000           0.990240E-5        1.006690           0.795418E-5        1.005999
        3.404000           0.990299E-5        1.006690           0.795461E-5        1.005999
        3.406000           0.990358E-5        1.006691           0.795503E-5        1.005999
        3.408000           0.990417E-5        1.006691           0.795546E-5        1.005999
        3.410000           0.990476E-5        1.006691           0.795588E-5        1.006000
        3.412000           0.990535E-5        1.006691           0.795631E-5        1.006000
        3.414000           0.990594E-5        1.006691           0.795673E-5        1.006000
        3.416000           0.990653E-5        1.006692           0.795715E-5        1.006000
        3.418000           0.990711E-5        1.006692           0.795757E-5        1.006000
        3.420000           0.990770E-5        1.006692           0.795800E-5        1.006000
        3.422000           0.990829E-5        1.006692           0.795842E-5        1.006001
        3.424000           0.990888E-5        1.006692           0.795885E-5        1.006001
        3.426000           0.990947E-5        1.006693           0.795926E-5        1.006001
        3.428000           0.991006E-5        1.006693           0.795969E-5        1.006001
        3.430000           0.991065E-5        1.006693           0.796012E-5        1.006001
        3.432000           0.991124E-5        1.006693           0.796054E-5        1.006001
        3.434000           0.991183E-5        1.006693           0.796096E-5        1.006001
        3.436000           0.991242E-5        1.006693           0.796138E-5        1.006002
        3.438000           0.991301E-5        1.006694           0.796181E-5        1.006002
        3.440000           0.991360E-5        1.006694           0.796224E-5        1.006002
        3.442000           0.991418E-5        1.006694           0.796266E-5        1.006002
        3.444000           0.991478E-5        1.006694           0.796308E-5        1.006002
        3.446000           0.991537E-5        1.006695           0.796351E-5        1.006002
        3.448000           0.991595E-5        1.006695           0.796393E-5        1.006003
        3.450000           0.991654E-5        1.006695           0.796435E-5        1.006003
        3.452000           0.991714E-5        1.006695           0.796477E-5        1.006003
        3.454000           0.991772E-5        1.006695           0.796520E-5        1.006003
        3.456000           0.991831E-5        1.006696           0.796562E-5        1.006003
        3.458000           0.991890E-5        1.006696           0.796605E-5        1.006003
        3.460000           0.991950E-5        1.006696           0.796647E-5        1.006004
        3.462000           0.992008E-5        1.006696           0.796689E-5        1.006004
        3.464000           0.992067E-5        1.006696           0.796732E-5        1.006004
        3.466000           0.992126E-5        1.006696           0.796775E-5        1.006004
        3.468000           0.992185E-5        1.006697           0.796817E-5        1.006004
        3.470000           0.992244E-5        1.006697           0.796859E-5        1.006004
        3.472000           0.992303E-5        1.006697           0.796902E-5        1.006005
        3.474000           0.992362E-5        1.006697           0.796945E-5        1.006005
        3.476000           0.992421E-5        1.006698           0.796987E-5        1.006005
        3.478000           0.992480E-5        1.006698           0.797029E-5        1.006005
        3.480000           0.992539E-5        1.006698           0.797071E-5        1.006005
        3.482000           0.992599E-5        1.006698           0.797114E-5        1.006005
        3.483999           0.992657E-5        1.006698           0.797157E-5        1.006006
        3.486000           0.992717E-5        1.006698           0.797199E-5        1.006006
        3.488000           0.992776E-5        1.006699           0.797242E-5        1.006006
        3.490000           0.992835E-5        1.006699           0.797283E-5        1.006006
        3.492000           0.992894E-5        1.006699           0.797326E-5        1.006006
        3.493999           0.992953E-5        1.006699           0.797368E-5        1.006006
        3.496000           0.993012E-5        1.006699           0.797412E-5        1.006006
        3.498000           0.993071E-5        1.006700           0.797454E-5        1.006007
        3.500000           0.993130E-5        1.006700           0.797496E-5        1.006007
        3.502000           0.993190E-5        1.006700           0.797539E-5        1.006007
        3.503999           0.993249E-5        1.006700           0.797581E-5        1.006007
        3.506000           0.993307E-5        1.006701           0.797623E-5        1.006007
        3.508000           0.993367E-5        1.006701           0.797666E-5        1.006007
        3.510000           0.993426E-5        1.006701           0.797709E-5        1.006008
        3.512000           0.993485E-5        1.006701           0.797752E-5        1.006008
        3.514000           0.993544E-5        1.006701           0.797794E-5        1.006008
        3.516000           0.993603E-5        1.006701           0.797836E-5        1.006008
        3.518000           0.993662E-5        1.006702           0.797879E-5        1.006008
        3.520000           0.993722E-5        1.006702           0.797921E-5        1.006008
        3.522000           0.993781E-5        1.006702           0.797964E-5        1.006009
        3.524000           0.993840E-5        1.006702           0.798006E-5        1.006009
        3.526000           0.993899E-5        1.006702           0.798049E-5        1.006009
        3.528000           0.993958E-5        1.006703           0.798091E-5        1.006009
        3.530000           0.994018E-5        1.006703           0.798134E-5        1.006009
        3.532000           0.994077E-5        1.006703           0.798176E-5        1.006009
        3.534000           0.994136E-5        1.006703           0.798219E-5        1.006009
        3.536000           0.994195E-5        1.006703           0.798262E-5        1.006010
        3.538000           0.994254E-5        1.006704           0.798305E-5        1.006010
        3.540000           0.994314E-5        1.006704           0.798346E-5        1.006010
        3.542000           0.994373E-5        1.006704           0.798390E-5        1.006010
        3.544000           0.994432E-5        1.006704           0.798432E-5        1.006010
        3.546000           0.994491E-5        1.006704           0.798474E-5        1.006010
        3.548000           0.994550E-5        1.006705           0.798518E-5        1.006011
        3.550000           0.994609E-5        1.006705           0.798560E-5        1.006011
        3.552000           0.994669E-5        1.006705           0.798602E-5        1.006011
        3.554000           0.994728E-5        1.006705           0.798644E-5        1.006011
        3.556000           0.994787E-5        1.006705           0.798687E-5        1.006011
        3.558000           0.994846E-5        1.006706           0.798730E-5        1.006011
        3.560000           0.994906E-5        1.006706           0.798772E-5        1.006012
        3.562000           0.994965E-5        1.006706           0.798815E-5        1.006012
        3.564000           0.995024E-5        1.006706           0.798857E-5        1.006012
        3.566000           0.995083E-5        1.006706           0.798900E-5        1.006012
        3.568000           0.995143E-5        1.006707           0.798943E-5        1.006012
        3.570000           0.995202E-5        1.006707           0.798986E-5        1.006012
        3.572000           0.995261E-5        1.006707           0.799028E-5        1.006013
        3.574000           0.995321E-5        1.006707           0.799071E-5        1.006013
        3.576000           0.995380E-5        1.006707           0.799113E-5        1.006013
        3.578000           0.995439E-5        1.006708           0.799156E-5        1.006013
        3.580000           0.995498E-5        1.006708           0.799198E-5        1.006013
        3.582000           0.995558E-5        1.006708           0.799241E-5        1.006013
        3.584000           0.995617E-5        1.006708           0.799284E-5        1.006014
        3.586000           0.995676E-5        1.006708           0.799326E-5        1.006014
        3.588000           0.995736E-5        1.006709           0.799369E-5        1.006014
        3.590000           0.995795E-5        1.006709           0.799412E-5        1.006014
        3.592000           0.995854E-5        1.006709           0.799454E-5        1.006014
        3.594000           0.995914E-5        1.006709           0.799497E-5        1.006014
        3.596000           0.995973E-5        1.006709           0.799539E-5        1.006014
        3.598000           0.996032E-5        1.006710           0.799582E-5        1.006015
        3.600000           0.996092E-5        1.006710           0.799625E-5        1.006015
        3.602000           0.996151E-5        1.006710           0.799668E-5        1.006015
        3.604000           0.996211E-5        1.006710           0.799710E-5        1.006015
        3.605999           0.996270E-5        1.006710           0.799752E-5        1.006015
        3.608000           0.996329E-5        1.006711           0.799795E-5        1.006015
        3.610000           0.996389E-5        1.006711           0.799838E-5        1.006016
        3.612000           0.996448E-5        1.006711           0.799881E-5        1.006016
        3.614000           0.996508E-5        1.006711           0.799923E-5        1.006016
        3.615999           0.996567E-5        1.006711           0.799966E-5        1.006016
        3.618000           0.996626E-5        1.006712           0.800009E-5        1.006016
        3.620000           0.996686E-5        1.006712           0.800052E-5        1.006016
        3.622000           0.996745E-5        1.006712           0.800095E-5        1.006016
        3.624000           0.996805E-5        1.006712           0.800138E-5        1.006017
        3.625999           0.996864E-5        1.006712           0.800180E-5        1.006017
        3.628000           0.996924E-5        1.006713           0.800222E-5        1.006017
        3.630000           0.996983E-5        1.006713           0.800266E-5        1.006017
        3.632000           0.997043E-5        1.006713           0.800308E-5        1.006017
        3.634000           0.997102E-5        1.006713           0.800351E-5        1.006017
        3.636000           0.997161E-5        1.006713           0.800394E-5        1.006018
        3.638000           0.997221E-5        1.006714           0.800436E-5        1.006018
        3.640000           0.997280E-5        1.006714           0.800479E-5        1.006018
        3.642000           0.997340E-5        1.006714           0.800522E-5        1.006018
        3.644000           0.997399E-5        1.006714           0.800564E-5        1.006018
        3.646000           0.997459E-5        1.006714           0.800607E-5        1.006018
        3.648000           0.997518E-5        1.006715           0.800650E-5        1.006019
        3.650000           0.997578E-5        1.006715           0.800693E-5        1.006019
        3.652000           0.997637E-5        1.006715           0.800736E-5        1.006019
        3.654000           0.997697E-5        1.006715           0.800778E-5        1.006019
        3.656000           0.997756E-5        1.006715           0.800821E-5        1.006019
        3.658000           0.997816E-5        1.006716           0.800864E-5        1.006019
        3.660000           0.997875E-5        1.006716           0.800906E-5        1.006020
        3.662000           0.997935E-5        1.006716           0.800949E-5        1.006020
        3.664000           0.997994E-5        1.006716           0.800992E-5        1.006020
        3.666000           0.998054E-5        1.006716           0.801035E-5        1.006020
        3.668000           0.998114E-5        1.006717           0.801077E-5        1.006020
        3.670000           0.998173E-5        1.006717           0.801120E-5        1.006020
        3.672000           0.998233E-5        1.006717           0.801163E-5        1.006021
        3.674000           0.998292E-5        1.006717           0.801206E-5        1.006021
        3.676000           0.998352E-5        1.006717           0.801248E-5        1.006021
        3.678000           0.998411E-5        1.006718           0.801291E-5        1.006021
        3.680000           0.998471E-5        1.006718           0.801334E-5        1.006021
        3.682000           0.998531E-5        1.006718           0.801377E-5        1.006021
        3.684000           0.998590E-5        1.006718           0.801420E-5        1.006021
        3.686000           0.998650E-5        1.006718           0.801462E-5        1.006022
        3.688000           0.998709E-5        1.006719           0.801505E-5        1.006022
        3.690000           0.998769E-5        1.006719           0.801548E-5        1.006022
        3.692000           0.998829E-5        1.006719           0.801590E-5        1.006022
        3.694000           0.998888E-5        1.006719           0.801634E-5        1.006022
        3.696000           0.998948E-5        1.006719           0.801676E-5        1.006022
        3.698000           0.999007E-5        1.006720           0.801719E-5        1.006023
        3.700000           0.999067E-5        1.006720           0.801761E-5        1.006023
        3.702000           0.999127E-5        1.006720           0.801805E-5        1.006023
        3.704000           0.999186E-5        1.006720           0.801847E-5        1.006023
        3.706000           0.999246E-5        1.006720           0.801891E-5        1.006023
        3.708000           0.999305E-5        1.006721           0.801933E-5        1.006023
        3.710000           0.999365E-5        1.006721           0.801976E-5        1.006024
        3.712000           0.999425E-5        1.006721           0.802019E-5        1.006024
        3.714000           0.999485E-5        1.006721           0.802062E-5        1.006024
        3.716000           0.999544E-5        1.006721           0.802105E-5        1.006024
        3.717999           0.999604E-5        1.006722           0.802148E-5        1.006024
        3.720000           0.999664E-5        1.006722           0.802191E-5        1.006024
        3.722000           0.999723E-5        1.006722           0.802233E-5        1.006024
        3.724000           0.999783E-5        1.006722           0.802276E-5        1.006025
        3.726000           0.999843E-5        1.006722           0.802319E-5        1.006025
        3.727999           0.999903E-5        1.006723           0.802362E-5        1.006025
        3.730000           0.999962E-5        1.006723           0.802405E-5        1.006025
        3.732000           0.100002E-4        1.006723           0.802448E-5        1.006025
        3.734000           0.100008E-4        1.006723           0.802491E-5        1.006025
        3.736000           0.100014E-4        1.006723           0.802534E-5        1.006026
        3.737999           0.100020E-4        1.006724           0.802576E-5        1.006026
        3.740000           0.100026E-4        1.006724           0.802619E-5        1.006026
        3.742000           0.100032E-4        1.006724           0.802662E-5        1.006026
        3.744000           0.100038E-4        1.006724           0.802705E-5        1.006026
        3.746000           0.100044E-4        1.006724           0.802748E-5        1.006027
        3.748000           0.100050E-4        1.006725           0.802791E-5        1.006027
        3.750000           0.100056E-4        1.006725           0.802834E-5        1.006027
        3.752000           0.100062E-4        1.006725           0.802877E-5        1.006027
        3.754000           0.100068E-4        1.006725           0.802920E-5        1.006027
        3.756000           0.100074E-4        1.006725           0.802963E-5        1.006027
        3.758000           0.100080E-4        1.006726           0.803005E-5        1.006027
        3.760000           0.100086E-4        1.006726           0.803049E-5        1.006028
        3.762000           0.100092E-4        1.006726           0.803091E-5        1.006028
        3.764000           0.100098E-4        1.006726           0.803134E-5        1.006028
        3.766000           0.100104E-4        1.006726           0.803177E-5        1.006028
        3.768000           0.100110E-4        1.006727           0.803220E-5        1.006028
        3.770000           0.100116E-4        1.006727           0.803263E-5        1.006028
        3.772000           0.100122E-4        1.006727           0.803306E-5        1.006029
        3.774000           0.100128E-4        1.006727           0.803349E-5        1.006029
        3.776000           0.100134E-4        1.006727           0.803392E-5        1.006029
        3.778000           0.100140E-4        1.006728           0.803435E-5        1.006029
        3.780000           0.100146E-4        1.006728           0.803478E-5        1.006029
        3.782000           0.100152E-4        1.006728           0.803521E-5        1.006029
        3.784000           0.100158E-4        1.006728           0.803564E-5        1.006029
        3.786000           0.100164E-4        1.006728           0.803607E-5        1.006030
        3.788000           0.100170E-4        1.006729           0.803651E-5        1.006030
        3.790000           0.100176E-4        1.006729           0.803693E-5        1.006030
        3.792000           0.100182E-4        1.006729           0.803736E-5        1.006030
        3.794000           0.100188E-4        1.006729           0.803779E-5        1.006030
        3.796000           0.100194E-4        1.006729           0.803822E-5        1.006030
        3.798000           0.100200E-4        1.006730           0.803865E-5        1.006031
        3.800000           0.100206E-4        1.006730           0.803908E-5        1.006031
        3.802000           0.100212E-4        1.006730           0.803951E-5        1.006031
        3.804000           0.100218E-4        1.006730           0.803994E-5        1.006031
        3.806000           0.100224E-4        1.006730           0.804037E-5        1.006031
        3.808000           0.100230E-4        1.006731           0.804080E-5        1.006031
        3.810000           0.100236E-4        1.006731           0.804123E-5        1.006032
        3.812000           0.100242E-4        1.006731           0.804165E-5        1.006032
        3.814000           0.100247E-4        1.006731           0.804209E-5        1.006032
        3.816000           0.100253E-4        1.006731           0.804252E-5        1.006032
        3.818000           0.100259E-4        1.006732           0.804295E-5        1.006032
        3.820000           0.100265E-4        1.006732           0.804338E-5        1.006032
        3.822000           0.100271E-4        1.006732           0.804381E-5        1.006033
        3.824000           0.100277E-4        1.006732           0.804424E-5        1.006033
        3.826000           0.100283E-4        1.006732           0.804467E-5        1.006033
        3.828000           0.100289E-4        1.006733           0.804511E-5        1.006033
        3.830000           0.100295E-4        1.006733           0.804553E-5        1.006033
        3.832000           0.100301E-4        1.006733           0.804596E-5        1.006033
        3.834000           0.100307E-4        1.006733           0.804639E-5        1.006034
        3.836000           0.100313E-4        1.006733           0.804682E-5        1.006034
        3.838000           0.100319E-4        1.006734           0.804726E-5        1.006034
        3.839999           0.100325E-4        1.006734           0.804769E-5        1.006034
        3.842000           0.100331E-4        1.006734           0.804812E-5        1.006034
        3.844000           0.100337E-4        1.006734           0.804855E-5        1.006034
        3.846000           0.100343E-4        1.006734           0.804898E-5        1.006034
        3.848000           0.100349E-4        1.006735           0.804941E-5        1.006035
        3.849999           0.100355E-4        1.006735           0.804984E-5        1.006035
        3.852000           0.100361E-4        1.006735           0.805027E-5        1.006035
        3.854000           0.100367E-4        1.006735           0.805070E-5        1.006035
        3.856000           0.100374E-4        1.006735           0.805113E-5        1.006035
        3.858000           0.100380E-4        1.006736           0.805156E-5        1.006035
        3.860000           0.100386E-4        1.006736           0.805199E-5        1.006036
        3.862000           0.100392E-4        1.006736           0.805243E-5        1.006036
        3.864000           0.100398E-4        1.006736           0.805286E-5        1.006036
        3.866000           0.100404E-4        1.006736           0.805329E-5        1.006036
        3.868000           0.100410E-4        1.006737           0.805372E-5        1.006036
        3.870000           0.100416E-4        1.006737           0.805415E-5        1.006036
        3.872000           0.100422E-4        1.006737           0.805458E-5        1.006037
        3.874000           0.100428E-4        1.006737           0.805501E-5        1.006037
        3.876000           0.100434E-4        1.006737           0.805544E-5        1.006037
        3.878000           0.100440E-4        1.006738           0.805587E-5        1.006037
        3.880000           0.100446E-4        1.006738           0.805630E-5        1.006037
        3.882000           0.100452E-4        1.006738           0.805674E-5        1.006037
        3.884000           0.100458E-4        1.006738           0.805717E-5        1.006038
        3.886000           0.100464E-4        1.006738           0.805760E-5        1.006038
        3.888000           0.100470E-4        1.006739           0.805804E-5        1.006038
        3.890000           0.100476E-4        1.006739           0.805846E-5        1.006038
        3.892000           0.100482E-4        1.006739           0.805889E-5        1.006038
        3.894000           0.100488E-4        1.006739           0.805933E-5        1.006038
        3.896000           0.100494E-4        1.006739           0.805976E-5        1.006039
        3.898000           0.100500E-4        1.006740           0.806019E-5        1.006039
        3.900000           0.100506E-4        1.006740           0.806062E-5        1.006039
        3.902000           0.100512E-4        1.006740           0.806106E-5        1.006039
        3.904000           0.100518E-4        1.006740           0.806149E-5        1.006039
        3.906000           0.100524E-4        1.006740           0.806192E-5        1.006039
        3.908000           0.100530E-4        1.006741           0.806235E-5        1.006040
        3.910000           0.100536E-4        1.006741           0.806278E-5        1.006040
        3.912000           0.100542E-4        1.006741           0.806321E-5        1.006040
        3.914000           0.100548E-4        1.006741           0.806365E-5        1.006040
        3.916000           0.100554E-4        1.006741           0.806408E-5        1.006040
        3.918000           0.100560E-4        1.006742           0.806451E-5        1.006040
        3.920000           0.100566E-4        1.006742           0.806494E-5        1.006040
        3.922000           0.100572E-4        1.006742           0.806538E-5        1.006041
        3.924000           0.100578E-4        1.006742           0.806580E-5        1.006041
        3.926000           0.100584E-4        1.006742           0.806624E-5        1.006041
        3.928000           0.100590E-4        1.006743           0.806667E-5        1.006041
        3.930000           0.100596E-4        1.006743           0.806711E-5        1.006041
        3.932000           0.100602E-4        1.006743           0.806754E-5        1.006041
        3.934000           0.100608E-4        1.006743           0.806797E-5        1.006042
        3.936000           0.100614E-4        1.006743           0.806840E-5        1.006042
        3.938000           0.100620E-4        1.006744           0.806883E-5        1.006042
        3.940000           0.100626E-4        1.006744           0.806926E-5        1.006042
        3.942000           0.100632E-4        1.006744           0.806970E-5        1.006042
        3.944000           0.100638E-4        1.006744           0.807013E-5        1.006042
        3.946000           0.100644E-4        1.006745           0.807056E-5        1.006043
        3.948000           0.100650E-4        1.006745           0.807100E-5        1.006043
        3.950000           0.100656E-4        1.006745           0.807143E-5        1.006043
        3.951999           0.100662E-4        1.006745           0.807186E-5        1.006043
        3.954000           0.100668E-4        1.006745           0.807229E-5        1.006043
        3.956000           0.100674E-4        1.006745           0.807273E-5        1.006043
        3.958000           0.100680E-4        1.006746           0.807316E-5        1.006044
        3.960000           0.100687E-4        1.006746           0.807359E-5        1.006044
        3.961999           0.100693E-4        1.006746           0.807403E-5        1.006044
        3.964000           0.100699E-4        1.006746           0.807446E-5        1.006044
        3.966000           0.100705E-4        1.006746           0.807490E-5        1.006044
        3.968000           0.100711E-4        1.006747           0.807532E-5        1.006044
        3.970000           0.100717E-4        1.006747           0.807575E-5        1.006045
        3.972000           0.100723E-4        1.006747           0.807619E-5        1.006045
        3.974000           0.100729E-4        1.006747           0.807662E-5        1.006045
        3.976000           0.100735E-4        1.006747           0.807705E-5        1.006045
        3.978000           0.100741E-4        1.006748           0.807749E-5        1.006045
        3.980000           0.100747E-4        1.006748           0.807792E-5        1.006045
        3.982000           0.100753E-4        1.006748           0.807836E-5        1.006045
        3.984000           0.100759E-4        1.006748           0.807879E-5        1.006046
        3.986000           0.100765E-4        1.006748           0.807922E-5        1.006046
        3.988000           0.100771E-4        1.006749           0.807965E-5        1.006046
        3.990000           0.100777E-4        1.006749           0.808009E-5        1.006046
        3.992000           0.100783E-4        1.006749           0.808052E-5        1.006046
        3.994000           0.100789E-4        1.006749           0.808095E-5        1.006046
        3.996000           0.100795E-4        1.006750           0.808139E-5        1.006047
        3.998000           0.100801E-4        1.006750           0.808182E-5        1.006047
        4.000000           0.100807E-4        1.006750           0.808225E-5        1.006047
        4.002000           0.100813E-4        1.006750           0.808269E-5        1.006047
        4.004000           0.100819E-4        1.006750           0.808312E-5        1.006047
        4.006000           0.100825E-4        1.006750           0.808355E-5        1.006047
        4.008000           0.100831E-4        1.006751           0.808399E-5        1.006048
        4.010000           0.100838E-4        1.006751           0.808442E-5        1.006048
        4.012000           0.100844E-4        1.006751           0.808485E-5        1.006048
        4.013999           0.100850E-4        1.006751           0.808529E-5        1.006048
        4.016000           0.100856E-4        1.006752           0.808572E-5        1.006048
        4.018000           0.100862E-4        1.006752           0.808615E-5        1.006048
        4.020000           0.100868E-4        1.006752           0.808659E-5        1.006049
        4.022000           0.100874E-4        1.006752           0.808702E-5        1.006049
        4.024000           0.100880E-4        1.006752           0.808746E-5        1.006049
        4.026000           0.100886E-4        1.006752           0.808789E-5        1.006049
        4.028000           0.100892E-4        1.006753           0.808832E-5        1.006049
        4.030000           0.100898E-4        1.006753           0.808876E-5        1.006049
        4.032000           0.100904E-4        1.006753           0.808919E-5        1.006050
        4.033999           0.100910E-4        1.006753           0.808962E-5        1.006050
        4.036000           0.100916E-4        1.006754           0.809006E-5        1.006050
        4.038000           0.100922E-4        1.006754           0.809049E-5        1.006050
        4.040000           0.100928E-4        1.006754           0.809093E-5        1.006050
        4.042000           0.100934E-4        1.006754           0.809136E-5        1.006050
        4.044000           0.100940E-4        1.006754           0.809180E-5        1.006050
        4.046000           0.100946E-4        1.006755           0.809223E-5        1.006051
        4.048000           0.100953E-4        1.006755           0.809266E-5        1.006051
        4.050000           0.100959E-4        1.006755           0.809310E-5        1.006051
        4.052000           0.100965E-4        1.006755           0.809353E-5        1.006051
        4.053999           0.100971E-4        1.006755           0.809397E-5        1.006051
        4.056000           0.100977E-4        1.006756           0.809441E-5        1.006051
        4.058000           0.100983E-4        1.006756           0.809484E-5        1.006052
        4.060000           0.100989E-4        1.006756           0.809528E-5        1.006052
        4.062000           0.100995E-4        1.006756           0.809571E-5        1.006052
        4.064000           0.101001E-4        1.006756           0.809613E-5        1.006052
        4.066000           0.101007E-4        1.006757           0.809657E-5        1.006052
        4.068000           0.101013E-4        1.006757           0.809702E-5        1.006052
        4.070000           0.101019E-4        1.006757           0.809745E-5        1.006053
        4.072000           0.101025E-4        1.006757           0.809789E-5        1.006053
        4.073999           0.101031E-4        1.006757           0.809831E-5        1.006053
        4.076000           0.101037E-4        1.006758           0.809876E-5        1.006053
        4.078000           0.101043E-4        1.006758           0.809919E-5        1.006053
        4.080000           0.101050E-4        1.006758           0.809962E-5        1.006053
        4.082000           0.101056E-4        1.006758           0.810006E-5        1.006054
        4.084000           0.101062E-4        1.006758           0.810049E-5        1.006054
        4.085999           0.101068E-4        1.006759           0.810093E-5        1.006054
        4.087999           0.101074E-4        1.006759           0.810137E-5        1.006054
        4.090000           0.101080E-4        1.006759           0.810180E-5        1.006054
        4.092000           0.101086E-4        1.006759           0.810223E-5        1.006054
        4.094000           0.101092E-4        1.006759           0.810267E-5        1.006055
        4.096000           0.101098E-4        1.006760           0.810310E-5        1.006055
        4.098000           0.101104E-4        1.006760           0.810354E-5        1.006055
        4.100000           0.101110E-4        1.006760           0.810398E-5        1.006055
        4.102000           0.101116E-4        1.006760           0.810441E-5        1.006055
        4.104000           0.101122E-4        1.006760           0.810484E-5        1.006055
        4.105999           0.101128E-4        1.006761           0.810528E-5        1.006055
        4.107999           0.101135E-4        1.006761           0.810571E-5        1.006056
        4.110000           0.101141E-4        1.006761           0.810615E-5        1.006056
        4.112000           0.101147E-4        1.006761           0.810659E-5        1.006056
        4.114000           0.101153E-4        1.006761           0.810702E-5        1.006056
        4.116000           0.101159E-4        1.006762           0.810745E-5        1.006056
        4.118000           0.101165E-4        1.006762           0.810790E-5        1.006056
        4.120000           0.101171E-4        1.006762           0.810832E-5        1.006057
        4.122000           0.101177E-4        1.006762           0.810877E-5        1.006057
        4.124000           0.101183E-4        1.006762           0.810920E-5        1.006057
        4.125999           0.101189E-4        1.006763           0.810963E-5        1.006057
        4.128000           0.101195E-4        1.006763           0.811007E-5        1.006057
        4.130000           0.101201E-4        1.006763           0.811051E-5        1.006057
        4.131999           0.101207E-4        1.006763           0.811094E-5        1.006058
        4.134000           0.101214E-4        1.006763           0.811138E-5        1.006058
        4.136000           0.101220E-4        1.006764           0.811181E-5        1.006058
        4.138000           0.101226E-4        1.006764           0.811225E-5        1.006058
        4.140000           0.101232E-4        1.006764           0.811268E-5        1.006058
        4.142000           0.101238E-4        1.006764           0.811312E-5        1.006058
        4.144000           0.101244E-4        1.006764           0.811356E-5        1.006059
        4.145999           0.101250E-4        1.006765           0.811399E-5        1.006059
        4.148000           0.101256E-4        1.006765           0.811443E-5        1.006059
        4.150000           0.101262E-4        1.006765           0.811486E-5        1.006059
        4.151999           0.101268E-4        1.006765           0.811530E-5        1.006059
        4.154000           0.101274E-4        1.006765           0.811573E-5        1.006059
        4.156000           0.101280E-4        1.006766           0.811617E-5        1.006060
        4.158000           0.101287E-4        1.006766           0.811661E-5        1.006060
        4.160000           0.101293E-4        1.006766           0.811704E-5        1.006060
        4.162000           0.101299E-4        1.006766           0.811749E-5        1.006060
        4.164000           0.101305E-4        1.006766           0.811792E-5        1.006060
        4.165999           0.101311E-4        1.006767           0.811835E-5        1.006060
        4.168000           0.101317E-4        1.006767           0.811879E-5        1.006060
        4.170000           0.101323E-4        1.006767           0.811923E-5        1.006061
        4.172000           0.101329E-4        1.006767           0.811967E-5        1.006061
        4.174000           0.101335E-4        1.006768           0.812010E-5        1.006061
        4.176000           0.101341E-4        1.006768           0.812054E-5        1.006061
        4.178000           0.101347E-4        1.006768           0.812097E-5        1.006061
        4.180000           0.101354E-4        1.006768           0.812141E-5        1.006061
        4.182000           0.101360E-4        1.006768           0.812185E-5        1.006062
        4.184000           0.101366E-4        1.006768           0.812228E-5        1.006062
        4.185999           0.101372E-4        1.006769           0.812272E-5        1.006062
        4.188000           0.101378E-4        1.006769           0.812316E-5        1.006062
        4.190000           0.101384E-4        1.006769           0.812360E-5        1.006062
        4.192000           0.101390E-4        1.006769           0.812403E-5        1.006063
        4.194000           0.101396E-4        1.006770           0.812447E-5        1.006063
        4.196000           0.101402E-4        1.006770           0.812490E-5        1.006063
        4.198000           0.101408E-4        1.006770           0.812534E-5        1.006063
        4.199999           0.101415E-4        1.006770           0.812578E-5        1.006063
        4.202000           0.101421E-4        1.006770           0.812622E-5        1.006063
        4.204000           0.101427E-4        1.006770           0.812665E-5        1.006063
        4.206000           0.101433E-4        1.006771           0.812709E-5        1.006064
        4.208000           0.101439E-4        1.006771           0.812752E-5        1.006064
        4.210000           0.101445E-4        1.006771           0.812797E-5        1.006064
        4.212000           0.101451E-4        1.006771           0.812840E-5        1.006064
        4.214000           0.101457E-4        1.006772           0.812883E-5        1.006064
        4.216000           0.101463E-4        1.006772           0.812928E-5        1.006064
        4.217999           0.101469E-4        1.006772           0.812971E-5        1.006065
        4.219999           0.101476E-4        1.006772           0.813015E-5        1.006065
        4.222000           0.101482E-4        1.006772           0.813059E-5        1.006065
        4.224000           0.101488E-4        1.006773           0.813103E-5        1.006065
        4.226000           0.101494E-4        1.006773           0.813146E-5        1.006065
        4.228000           0.101500E-4        1.006773           0.813190E-5        1.006065
        4.230000           0.101506E-4        1.006773           0.813234E-5        1.006066
        4.232000           0.101512E-4        1.006773           0.813277E-5        1.006066
        4.234000           0.101518E-4        1.006774           0.813322E-5        1.006066
        4.236000           0.101524E-4        1.006774           0.813365E-5        1.006066
        4.237999           0.101530E-4        1.006774           0.813408E-5        1.006066
        4.240000           0.101537E-4        1.006774           0.813452E-5        1.006066
        4.242000           0.101543E-4        1.006774           0.813497E-5        1.006067
        4.243999           0.101549E-4        1.006775           0.813540E-5        1.006067
        4.246000           0.101555E-4        1.006775           0.813584E-5        1.006067
        4.248000           0.101561E-4        1.006775           0.813628E-5        1.006067
        4.250000           0.101567E-4        1.006775           0.813672E-5        1.006067
        4.252000           0.101573E-4        1.006775           0.813716E-5        1.006067
        4.254000           0.101579E-4        1.006776           0.813759E-5        1.006068
        4.256000           0.101586E-4        1.006776           0.813803E-5        1.006068
        4.257999           0.101592E-4        1.006776           0.813846E-5        1.006068
        4.260000           0.101598E-4        1.006776           0.813890E-5        1.006068
        4.262000           0.101604E-4        1.006776           0.813934E-5        1.006068
        4.263999           0.101610E-4        1.006777           0.813978E-5        1.006068
        4.266000           0.101616E-4        1.006777           0.814022E-5        1.006068
        4.268000           0.101622E-4        1.006777           0.814066E-5        1.006069
        4.270000           0.101628E-4        1.006777           0.814110E-5        1.006069
        4.272000           0.101634E-4        1.006777           0.814154E-5        1.006069
        4.274000           0.101641E-4        1.006778           0.814197E-5        1.006069
        4.276000           0.101647E-4        1.006778           0.814241E-5        1.006069
        4.277999           0.101653E-4        1.006778           0.814286E-5        1.006069
        4.280000           0.101659E-4        1.006778           0.814329E-5        1.006070
        4.282000           0.101665E-4        1.006778           0.814373E-5        1.006070
        4.284000           0.101671E-4        1.006779           0.814417E-5        1.006070
        4.286000           0.101677E-4        1.006779           0.814460E-5        1.006070
        4.288000           0.101683E-4        1.006779           0.814504E-5        1.006070
        4.290000           0.101690E-4        1.006779           0.814548E-5        1.006070
        4.292000           0.101696E-4        1.006779           0.814592E-5        1.006071
        4.294000           0.101702E-4        1.006780           0.814637E-5        1.006071
        4.296000           0.101708E-4        1.006780           0.814680E-5        1.006071
        4.297999           0.101714E-4        1.006780           0.814723E-5        1.006071
        4.300000           0.101720E-4        1.006780           0.814767E-5        1.006071
        4.302000           0.101726E-4        1.006781           0.814811E-5        1.006071
        4.304000           0.101732E-4        1.006781           0.814856E-5        1.006072
        4.306000           0.101739E-4        1.006781           0.814899E-5        1.006072
        4.308000           0.101745E-4        1.006781           0.814944E-5        1.006072
        4.310000           0.101751E-4        1.006781           0.814987E-5        1.006072
        4.311999           0.101757E-4        1.006781           0.815030E-5        1.006072
        4.314000           0.101763E-4        1.006782           0.815075E-5        1.006072
        4.316000           0.101769E-4        1.006782           0.815119E-5        1.006073
        4.318000           0.101775E-4        1.006782           0.815163E-5        1.006073
        4.320000           0.101782E-4        1.006782           0.815206E-5        1.006073
        4.322000           0.101788E-4        1.006783           0.815250E-5        1.006073
        4.324000           0.101794E-4        1.006783           0.815295E-5        1.006073
        4.326000           0.101800E-4        1.006783           0.815339E-5        1.006073
        4.328000           0.101806E-4        1.006783           0.815382E-5        1.006074
        4.329999           0.101812E-4        1.006783           0.815426E-5        1.006074
        4.331999           0.101818E-4        1.006783           0.815469E-5        1.006074
        4.334000           0.101824E-4        1.006784           0.815514E-5        1.006074
        4.335999           0.101831E-4        1.006784           0.815558E-5        1.006074
        4.338000           0.101837E-4        1.006784           0.815602E-5        1.006074
        4.340000           0.101843E-4        1.006784           0.815646E-5        1.006075
        4.342000           0.101849E-4        1.006785           0.815690E-5        1.006075
        4.344000           0.101855E-4        1.006785           0.815734E-5        1.006075
        4.346000           0.101861E-4        1.006785           0.815778E-5        1.006075
        4.348000           0.101867E-4        1.006785           0.815822E-5        1.006075
        4.349999           0.101874E-4        1.006785           0.815866E-5        1.006075
        4.352000           0.101880E-4        1.006786           0.815910E-5        1.006076
        4.354000           0.101886E-4        1.006786           0.815953E-5        1.006076
        4.355999           0.101892E-4        1.006786           0.815998E-5        1.006076
        4.358000           0.101898E-4        1.006786           0.816042E-5        1.006076
        4.360000           0.101904E-4        1.006786           0.816086E-5        1.006076
        4.362000           0.101910E-4        1.006787           0.816129E-5        1.006076
        4.364000           0.101917E-4        1.006787           0.816174E-5        1.006076
        4.366000           0.101923E-4        1.006787           0.816218E-5        1.006077
        4.368000           0.101929E-4        1.006787           0.816262E-5        1.006077
        4.369999           0.101935E-4        1.006787           0.816305E-5        1.006077
        4.372000           0.101941E-4        1.006788           0.816349E-5        1.006077
        4.374000           0.101947E-4        1.006788           0.816394E-5        1.006077
        4.375999           0.101953E-4        1.006788           0.816438E-5        1.006077
        4.378000           0.101960E-4        1.006788           0.816481E-5        1.006078
        4.380000           0.101966E-4        1.006788           0.816525E-5        1.006078
        4.382000           0.101972E-4        1.006789           0.816569E-5        1.006078
        4.384000           0.101978E-4        1.006789           0.816613E-5        1.006078
        4.386000           0.101984E-4        1.006789           0.816658E-5        1.006078
        4.388000           0.101990E-4        1.006789           0.816702E-5        1.006078
        4.389999           0.101996E-4        1.006789           0.816745E-5        1.006079
        4.392000           0.102003E-4        1.006790           0.816790E-5        1.006079
        4.394000           0.102009E-4        1.006790           0.816834E-5        1.006079
        4.396000           0.102015E-4        1.006790           0.816878E-5        1.006079
        4.398000           0.102021E-4        1.006790           0.816922E-5        1.006079
        4.400000           0.102027E-4        1.006791           0.816966E-5        1.006079
        4.402000           0.102033E-4        1.006791           0.817010E-5        1.006080
        4.404000           0.102040E-4        1.006791           0.817054E-5        1.006080
        4.406000           0.102046E-4        1.006791           0.817098E-5        1.006080
        4.408000           0.102052E-4        1.006791           0.817143E-5        1.006080
        4.409999           0.102058E-4        1.006791           0.817186E-5        1.006080
        4.412000           0.102064E-4        1.006792           0.817230E-5        1.006080
        4.414000           0.102070E-4        1.006792           0.817274E-5        1.006081
        4.416000           0.102077E-4        1.006792           0.817319E-5        1.006081
        4.418000           0.102083E-4        1.006792           0.817363E-5        1.006081
        4.420000           0.102089E-4        1.006793           0.817407E-5        1.006081
        4.422000           0.102095E-4        1.006793           0.817451E-5        1.006081
        4.423999           0.102101E-4        1.006793           0.817495E-5        1.006081
        4.426000           0.102107E-4        1.006793           0.817539E-5        1.006082
        4.427999           0.102113E-4        1.006793           0.817583E-5        1.006082
        4.430000           0.102120E-4        1.006793           0.817627E-5        1.006082
        4.432000           0.102126E-4        1.006794           0.817672E-5        1.006082
        4.434000           0.102132E-4        1.006794           0.817716E-5        1.006082
        4.436000           0.102138E-4        1.006794           0.817760E-5        1.006082
        4.438000           0.102144E-4        1.006794           0.817804E-5        1.006083
        4.440000           0.102150E-4        1.006795           0.817848E-5        1.006083
        4.441999           0.102157E-4        1.006795           0.817892E-5        1.006083
        4.443999           0.102163E-4        1.006795           0.817936E-5        1.006083
        4.446000           0.102169E-4        1.006795           0.817980E-5        1.006083
        4.447999           0.102175E-4        1.006795           0.818025E-5        1.006083
        4.450000           0.102181E-4        1.006796           0.818068E-5        1.006083
        4.452000           0.102187E-4        1.006796           0.818113E-5        1.006084
        4.454000           0.102194E-4        1.006796           0.818157E-5        1.006084
        4.456000           0.102200E-4        1.006796           0.818201E-5        1.006084
        4.458000           0.102206E-4        1.006796           0.818245E-5        1.006084
        4.460000           0.102212E-4        1.006797           0.818289E-5        1.006084
        4.461999           0.102218E-4        1.006797           0.818333E-5        1.006084
        4.464000           0.102225E-4        1.006797           0.818377E-5        1.006085
        4.466000           0.102231E-4        1.006797           0.818422E-5        1.006085
        4.467999           0.102237E-4        1.006797           0.818465E-5        1.006085
        4.470000           0.102243E-4        1.006798           0.818510E-5        1.006085
        4.472000           0.102249E-4        1.006798           0.818554E-5        1.006085
        4.474000           0.102255E-4        1.006798           0.818598E-5        1.006086
        4.476000           0.102262E-4        1.006798           0.818642E-5        1.006086
        4.478000           0.102268E-4        1.006798           0.818687E-5        1.006086
        4.480000           0.102274E-4        1.006799           0.818731E-5        1.006086
        4.481999           0.102280E-4        1.006799           0.818775E-5        1.006086
        4.484000           0.102286E-4        1.006799           0.818819E-5        1.006086
        4.486000           0.102292E-4        1.006799           0.818864E-5        1.006086
        4.487999           0.102299E-4        1.006799           0.818908E-5        1.006087
        4.490000           0.102305E-4        1.006800           0.818952E-5        1.006087
        4.492000           0.102311E-4        1.006800           0.818996E-5        1.006087
        4.494000           0.102317E-4        1.006800           0.819040E-5        1.006087
        4.496000           0.102323E-4        1.006800           0.819084E-5        1.006087
        4.498000           0.102330E-4        1.006801           0.819129E-5        1.006087
        4.500000           0.102336E-4        1.006801           0.819173E-5        1.006088
        4.501999           0.102342E-4        1.006801           0.819218E-5        1.006088
        4.504000           0.102348E-4        1.006801           0.819261E-5        1.006088
        4.506000           0.102354E-4        1.006801           0.819306E-5        1.006088
        4.508000           0.102360E-4        1.006801           0.819350E-5        1.006088
        4.510000           0.102367E-4        1.006802           0.819395E-5        1.006088
        4.512000           0.102373E-4        1.006802           0.819439E-5        1.006089
        4.514000           0.102379E-4        1.006802           0.819483E-5        1.006089
        4.516000           0.102385E-4        1.006802           0.819527E-5        1.006089
        4.518000           0.102391E-4        1.006803           0.819572E-5        1.006089
        4.520000           0.102398E-4        1.006803           0.819616E-5        1.006089
        4.521999           0.102404E-4        1.006803           0.819660E-5        1.006089
        4.524000           0.102410E-4        1.006803           0.819704E-5        1.006090
        4.526000           0.102416E-4        1.006803           0.819748E-5        1.006090
        4.528000           0.102422E-4        1.006804           0.819793E-5        1.006090
        4.530000           0.102429E-4        1.006804           0.819837E-5        1.006090
        4.532000           0.102435E-4        1.006804           0.819881E-5        1.006090
        4.534000           0.102441E-4        1.006804           0.819926E-5        1.006090
        4.535999           0.102447E-4        1.006804           0.819969E-5        1.006091
        4.538000           0.102453E-4        1.006805           0.820014E-5        1.006091
        4.539999           0.102460E-4        1.006805           0.820058E-5        1.006091
        4.542000           0.102466E-4        1.006805           0.820103E-5        1.006091
        4.544000           0.102472E-4        1.006805           0.820147E-5        1.006091
        4.546000           0.102478E-4        1.006805           0.820191E-5        1.006091
        4.548000           0.102484E-4        1.006806           0.820236E-5        1.006091
        4.550000           0.102490E-4        1.006806           0.820280E-5        1.006092
        4.552000           0.102497E-4        1.006806           0.820324E-5        1.006092
        4.553999           0.102503E-4        1.006806           0.820368E-5        1.006092
        4.555999           0.102509E-4        1.006806           0.820413E-5        1.006092
        4.558000           0.102515E-4        1.006807           0.820457E-5        1.006092
        4.559999           0.102521E-4        1.006807           0.820502E-5        1.006093
        4.562000           0.102528E-4        1.006807           0.820546E-5        1.006093
        4.564000           0.102534E-4        1.006807           0.820591E-5        1.006093
        4.566000           0.102540E-4        1.006807           0.820634E-5        1.006093
        4.568000           0.102546E-4        1.006808           0.820680E-5        1.006093
        4.570000           0.102552E-4        1.006808           0.820724E-5        1.006093
        4.572000           0.102559E-4        1.006808           0.820768E-5        1.006094
        4.573999           0.102565E-4        1.006808           0.820812E-5        1.006094
        4.576000           0.102571E-4        1.006809           0.820856E-5        1.006094
        4.578000           0.102577E-4        1.006809           0.820901E-5        1.006094
        4.579999           0.102584E-4        1.006809           0.820946E-5        1.006094
        4.582000           0.102590E-4        1.006809           0.820990E-5        1.006094
        4.584000           0.102596E-4        1.006809           0.821034E-5        1.006094
        4.586000           0.102602E-4        1.006809           0.821079E-5        1.006095
        4.588000           0.102608E-4        1.006810           0.821123E-5        1.006095
        4.590000           0.102615E-4        1.006810           0.821168E-5        1.006095
        4.592000           0.102621E-4        1.006810           0.821212E-5        1.006095
        4.593999           0.102627E-4        1.006810           0.821257E-5        1.006095
        4.596000           0.102633E-4        1.006811           0.821301E-5        1.006095
        4.598000           0.102639E-4        1.006811           0.821345E-5        1.006096
        4.599999           0.102646E-4        1.006811           0.821389E-5        1.006096
        4.602000           0.102652E-4        1.006811           0.821433E-5        1.006096
        4.604000           0.102658E-4        1.006811           0.821479E-5        1.006096
        4.606000           0.102664E-4        1.006811           0.821523E-5        1.006096
        4.608000           0.102670E-4        1.006812           0.821567E-5        1.006096
        4.610000           0.102677E-4        1.006812           0.821611E-5        1.006097
        4.612000           0.102683E-4        1.006812           0.821656E-5        1.006097
        4.613999           0.102689E-4        1.006812           0.821700E-5        1.006097
        4.616000           0.102695E-4        1.006813           0.821745E-5        1.006097
        4.618000           0.102702E-4        1.006813           0.821790E-5        1.006097
        4.620000           0.102708E-4        1.006813           0.821834E-5        1.006097
        4.622000           0.102714E-4        1.006813           0.821879E-5        1.006098
        4.624000           0.102720E-4        1.006813           0.821923E-5        1.006098
        4.626000           0.102726E-4        1.006814           0.821967E-5        1.006098
        4.628000           0.102733E-4        1.006814           0.822012E-5        1.006098
        4.630000           0.102739E-4        1.006814           0.822056E-5        1.006098
        4.631999           0.102745E-4        1.006814           0.822100E-5        1.006098
        4.633999           0.102751E-4        1.006814           0.822145E-5        1.006099
        4.636000           0.102758E-4        1.006815           0.822190E-5        1.006099
        4.638000           0.102764E-4        1.006815           0.822234E-5        1.006099
        4.640000           0.102770E-4        1.006815           0.822279E-5        1.006099
        4.642000           0.102776E-4        1.006815           0.822323E-5        1.006099
        4.644000           0.102782E-4        1.006815           0.822367E-5        1.006099
        4.646000           0.102789E-4        1.006816           0.822412E-5        1.006100
        4.648000           0.102795E-4        1.006816           0.822456E-5        1.006100
        4.650000           0.102801E-4        1.006816           0.822502E-5        1.006100
        4.651999           0.102807E-4        1.006816           0.822545E-5        1.006100
        4.654000           0.102814E-4        1.006817           0.822590E-5        1.006100
        4.656000           0.102820E-4        1.006817           0.822634E-5        1.006100
        4.658000           0.102826E-4        1.006817           0.822679E-5        1.006101
        4.660000           0.102832E-4        1.006817           0.822723E-5        1.006101
        4.662000           0.102838E-4        1.006817           0.822768E-5        1.006101
        4.664000           0.102845E-4        1.006817           0.822812E-5        1.006101
        4.665999           0.102851E-4        1.006818           0.822857E-5        1.006101
        4.667999           0.102857E-4        1.006818           0.822902E-5        1.006101
        4.670000           0.102863E-4        1.006818           0.822947E-5        1.006101
        4.671999           0.102870E-4        1.006818           0.822990E-5        1.006102
        4.674000           0.102876E-4        1.006819           0.823035E-5        1.006102
        4.676000           0.102882E-4        1.006819           0.823080E-5        1.006102
        4.677999           0.102888E-4        1.006819           0.823124E-5        1.006102
        4.680000           0.102895E-4        1.006819           0.823169E-5        1.006102
        4.682000           0.102901E-4        1.006819           0.823213E-5        1.006103
        4.684000           0.102907E-4        1.006820           0.823258E-5        1.006103
        4.685999           0.102913E-4        1.006820           0.823303E-5        1.006103
        4.688000           0.102919E-4        1.006820           0.823347E-5        1.006103
        4.690000           0.102926E-4        1.006820           0.823392E-5        1.006103
        4.691999           0.102932E-4        1.006820           0.823437E-5        1.006103
        4.694000           0.102938E-4        1.006821           0.823481E-5        1.006104
        4.696000           0.102944E-4        1.006821           0.823526E-5        1.006104
        4.698000           0.102951E-4        1.006821           0.823571E-5        1.006104
        4.700000           0.102957E-4        1.006821           0.823615E-5        1.006104
        4.702000           0.102963E-4        1.006821           0.823659E-5        1.006104
        4.704000           0.102969E-4        1.006822           0.823704E-5        1.006104
        4.705999           0.102976E-4        1.006822           0.823749E-5        1.006104
        4.708000           0.102982E-4        1.006822           0.823794E-5        1.006105
        4.710000           0.102988E-4        1.006822           0.823838E-5        1.006105
        4.711999           0.102994E-4        1.006822           0.823883E-5        1.006105
        4.714000           0.103001E-4        1.006823           0.823927E-5        1.006105
        4.716000           0.103007E-4        1.006823           0.823972E-5        1.006105
        4.718000           0.103013E-4        1.006823           0.824016E-5        1.006106
        4.720000           0.103019E-4        1.006823           0.824061E-5        1.006106
        4.722000           0.103026E-4        1.006823           0.824106E-5        1.006106
        4.724000           0.103032E-4        1.006824           0.824150E-5        1.006106
        4.725999           0.103038E-4        1.006824           0.824195E-5        1.006106
        4.728000           0.103044E-4        1.006824           0.824240E-5        1.006106
        4.730000           0.103051E-4        1.006824           0.824284E-5        1.006106
        4.732000           0.103057E-4        1.006824           0.824328E-5        1.006107
        4.734000           0.103063E-4        1.006825           0.824374E-5        1.006107
        4.736000           0.103069E-4        1.006825           0.824418E-5        1.006107
        4.738000           0.103076E-4        1.006825           0.824463E-5        1.006107
        4.740000           0.103082E-4        1.006825           0.824508E-5        1.006107
        4.742000           0.103088E-4        1.006826           0.824552E-5        1.006107
        4.743999           0.103094E-4        1.006826           0.824597E-5        1.006108
        4.745999           0.103101E-4        1.006826           0.824641E-5        1.006108
        4.748000           0.103107E-4        1.006826           0.824686E-5        1.006108
        4.750000           0.103113E-4        1.006826           0.824731E-5        1.006108
        4.752000           0.103119E-4        1.006827           0.824776E-5        1.006108
        4.754000           0.103126E-4        1.006827           0.824820E-5        1.006109
        4.756000           0.103132E-4        1.006827           0.824865E-5        1.006109
        4.758000           0.103138E-4        1.006827           0.824910E-5        1.006109
        4.760000           0.103144E-4        1.006827           0.824954E-5        1.006109
        4.762000           0.103151E-4        1.006828           0.824999E-5        1.006109
        4.763999           0.103157E-4        1.006828           0.825044E-5        1.006109
        4.766000           0.103163E-4        1.006828           0.825089E-5        1.006109
        4.768000           0.103169E-4        1.006828           0.825133E-5        1.006110
        4.770000           0.103176E-4        1.006828           0.825178E-5        1.006110
        4.772000           0.103182E-4        1.006829           0.825223E-5        1.006110
        4.774000           0.103188E-4        1.006829           0.825267E-5        1.006110
        4.776000           0.103194E-4        1.006829           0.825313E-5        1.006110
        4.778000           0.103201E-4        1.006829           0.825357E-5        1.006110
        4.779999           0.103207E-4        1.006830           0.825401E-5        1.006111
        4.782000           0.103213E-4        1.006830           0.825446E-5        1.006111
        4.783999           0.103219E-4        1.006830           0.825491E-5        1.006111
        4.786000           0.103226E-4        1.006830           0.825536E-5        1.006111
        4.788000           0.103232E-4        1.006830           0.825581E-5        1.006111
        4.789999           0.103238E-4        1.006830           0.825625E-5        1.006111
        4.792000           0.103245E-4        1.006831           0.825670E-5        1.006112
        4.794000           0.103251E-4        1.006831           0.825715E-5        1.006112
        4.796000           0.103257E-4        1.006831           0.825760E-5        1.006112
        4.797999           0.103263E-4        1.006831           0.825804E-5        1.006112
        4.800000           0.103270E-4        1.006832           0.825849E-5        1.006112
        4.802000           0.103276E-4        1.006832           0.825894E-5        1.006112
        4.803999           0.103282E-4        1.006832           0.825939E-5        1.006113
        4.806000           0.103288E-4        1.006832           0.825984E-5        1.006113
        4.808000           0.103295E-4        1.006832           0.826029E-5        1.006113
        4.810000           0.103301E-4        1.006833           0.826073E-5        1.006113
        4.812000           0.103307E-4        1.006833           0.826118E-5        1.006113
        4.814000           0.103313E-4        1.006833           0.826163E-5        1.006113
        4.816000           0.103320E-4        1.006833           0.826208E-5        1.006114
        4.817999           0.103326E-4        1.006833           0.826252E-5        1.006114
        4.820000           0.103332E-4        1.006834           0.826298E-5        1.006114
        4.822000           0.103339E-4        1.006834           0.826342E-5        1.006114
        4.823999           0.103345E-4        1.006834           0.826387E-5        1.006114
        4.826000           0.103351E-4        1.006834           0.826432E-5        1.006114
        4.828000           0.103357E-4        1.006834           0.826476E-5        1.006115
        4.830000           0.103364E-4        1.006835           0.826521E-5        1.006115
        4.832000           0.103370E-4        1.006835           0.826566E-5        1.006115
        4.834000           0.103376E-4        1.006835           0.826611E-5        1.006115
        4.835999           0.103383E-4        1.006835           0.826656E-5        1.006115
        4.837999           0.103389E-4        1.006835           0.826700E-5        1.006115
        4.840000           0.103395E-4        1.006836           0.826746E-5        1.006116
        4.842000           0.103401E-4        1.006836           0.826791E-5        1.006116
        4.844000           0.103408E-4        1.006836           0.826836E-5        1.006116
        4.846000           0.103414E-4        1.006836           0.826880E-5        1.006116
        4.848000           0.103420E-4        1.006837           0.826925E-5        1.006116
        4.850000           0.103426E-4        1.006837           0.826970E-5        1.006116
        4.852000           0.103433E-4        1.006837           0.827015E-5        1.006117
        4.854000           0.103439E-4        1.006837           0.827060E-5        1.006117
        4.855999           0.103445E-4        1.006837           0.827105E-5        1.006117
        4.857999           0.103452E-4        1.006837           0.827149E-5        1.006117
        4.860000           0.103458E-4        1.006838           0.827195E-5        1.006117
        4.862000           0.103464E-4        1.006838           0.827239E-5        1.006117
        4.864000           0.103470E-4        1.006838           0.827284E-5        1.006118
        4.866000           0.103477E-4        1.006838           0.827329E-5        1.006118
        4.868000           0.103483E-4        1.006839           0.827374E-5        1.006118
        4.870000           0.103489E-4        1.006839           0.827418E-5        1.006118
        4.872000           0.103496E-4        1.006839           0.827464E-5        1.006118
        4.874000           0.103502E-4        1.006839           0.827509E-5        1.006118
        4.875999           0.103508E-4        1.006839           0.827554E-5        1.006119
        4.878000           0.103514E-4        1.006840           0.827599E-5        1.006119
        4.880000           0.103521E-4        1.006840           0.827644E-5        1.006119
        4.881999           0.103527E-4        1.006840           0.827688E-5        1.006119
        4.884000           0.103533E-4        1.006840           0.827733E-5        1.006119
        4.886000           0.103540E-4        1.006840           0.827778E-5        1.006119
        4.888000           0.103546E-4        1.006841           0.827822E-5        1.006119
        4.890000           0.103552E-4        1.006841           0.827868E-5        1.006120
        4.891999           0.103559E-4        1.006841           0.827913E-5        1.006120
        4.894000           0.103565E-4        1.006841           0.827958E-5        1.006120
        4.895999           0.103571E-4        1.006841           0.828004E-5        1.006120
        4.898000           0.103577E-4        1.006842           0.828048E-5        1.006120
        4.900000           0.103584E-4        1.006842           0.828093E-5        1.006121
        4.901999           0.103590E-4        1.006842           0.828138E-5        1.006121
        4.904000           0.103596E-4        1.006842           0.828183E-5        1.006121
        4.906000           0.103603E-4        1.006842           0.828228E-5        1.006121
        4.908000           0.103609E-4        1.006843           0.828273E-5        1.006121
        4.909999           0.103615E-4        1.006843           0.828317E-5        1.006121
        4.912000           0.103622E-4        1.006843           0.828363E-5        1.006122
        4.914000           0.103628E-4        1.006843           0.828408E-5        1.006122
        4.915999           0.103634E-4        1.006844           0.828453E-5        1.006122
        4.918000           0.103640E-4        1.006844           0.828498E-5        1.006122
        4.920000           0.103647E-4        1.006844           0.828542E-5        1.006122
        4.922000           0.103653E-4        1.006844           0.828588E-5        1.006122
        4.924000           0.103659E-4        1.006844           0.828633E-5        1.006122
        4.926000           0.103666E-4        1.006845           0.828678E-5        1.006123
        4.927999           0.103672E-4        1.006845           0.828723E-5        1.006123
        4.929999           0.103678E-4        1.006845           0.828768E-5        1.006123
        4.932000           0.103685E-4        1.006845           0.828813E-5        1.006123
        4.934000           0.103691E-4        1.006845           0.828858E-5        1.006123
        4.935999           0.103697E-4        1.006846           0.828903E-5        1.006124
        4.938000           0.103703E-4        1.006846           0.828948E-5        1.006124
        4.940000           0.103710E-4        1.006846           0.828993E-5        1.006124
        4.942000           0.103716E-4        1.006846           0.829038E-5        1.006124
        4.944000           0.103722E-4        1.006846           0.829083E-5        1.006124
        4.946000           0.103729E-4        1.006847           0.829128E-5        1.006124
        4.947999           0.103735E-4        1.006847           0.829173E-5        1.006124
        4.949999           0.103741E-4        1.006847           0.829218E-5        1.006125
        4.952000           0.103748E-4        1.006847           0.829263E-5        1.006125
        4.954000           0.103754E-4        1.006848           0.829308E-5        1.006125
        4.956000           0.103760E-4        1.006848           0.829353E-5        1.006125
        4.958000           0.103767E-4        1.006848           0.829399E-5        1.006125
        4.960000           0.103773E-4        1.006848           0.829443E-5        1.006126
        4.962000           0.103779E-4        1.006848           0.829489E-5        1.006126
        4.964000           0.103786E-4        1.006848           0.829533E-5        1.006126
        4.966000           0.103792E-4        1.006849           0.829578E-5        1.006126
        4.967999           0.103798E-4        1.006849           0.829623E-5        1.006126
        4.969999           0.103804E-4        1.006849           0.829668E-5        1.006126
        4.972000           0.103811E-4        1.006849           0.829714E-5        1.006127
        4.974000           0.103817E-4        1.006850           0.829759E-5        1.006127
        4.976000           0.103823E-4        1.006850           0.829804E-5        1.006127
        4.978000           0.103830E-4        1.006850           0.829849E-5        1.006127
        4.980000           0.103836E-4        1.006850           0.829894E-5        1.006127
        4.982000           0.103842E-4        1.006850           0.829939E-5        1.006127
        4.984000           0.103849E-4        1.006851           0.829985E-5        1.006127
        4.986000           0.103855E-4        1.006851           0.830030E-5        1.006128
        4.987999           0.103861E-4        1.006851           0.830075E-5        1.006128
        4.990000           0.103868E-4        1.006851           0.830120E-5        1.006128
        4.992000           0.103874E-4        1.006851           0.830165E-5        1.006128
        4.993999           0.103880E-4        1.006852           0.830210E-5        1.006128
        4.996000           0.103887E-4        1.006852           0.830255E-5        1.006129
        4.998000           0.103893E-4        1.006852           0.830301E-5        1.006129
        5.000000           0.103899E-4        1.006852           0.830345E-5        1.006129
        5.002000           0.103906E-4        1.006852           0.830391E-5        1.006129
        5.003999           0.103912E-4        1.006853           0.830436E-5        1.006129
        5.006000           0.103918E-4        1.006853           0.830481E-5        1.006129
        5.007999           0.103925E-4        1.006853           0.830526E-5        1.006130
        5.010000           0.103931E-4        1.006853           0.830572E-5        1.006130
        5.012000           0.103937E-4        1.006853           0.830617E-5        1.006130
        5.013999           0.103944E-4        1.006854           0.830662E-5        1.006130
        5.016000           0.103950E-4        1.006854           0.830707E-5        1.006130
        5.018000           0.103956E-4        1.006854           0.830752E-5        1.006130
        5.020000           0.103963E-4        1.006854           0.830797E-5        1.006130
        5.021999           0.103969E-4        1.006855           0.830842E-5        1.006131
        5.024000           0.103975E-4        1.006855           0.830888E-5        1.006131
        5.026000           0.103982E-4        1.006855           0.830933E-5        1.006131
        5.027999           0.103988E-4        1.006855           0.830978E-5        1.006131
        5.030000           0.103994E-4        1.006855           0.831023E-5        1.006131
        5.032000           0.104001E-4        1.006856           0.831068E-5        1.006132
        5.034000           0.104007E-4        1.006856           0.831113E-5        1.006132
        5.036000           0.104013E-4        1.006856           0.831158E-5        1.006132
        5.038000           0.104020E-4        1.006856           0.831204E-5        1.006132
        5.039999           0.104026E-4        1.006856           0.831250E-5        1.006132
        5.041999           0.104032E-4        1.006857           0.831294E-5        1.006132
        5.044000           0.104039E-4        1.006857           0.831340E-5        1.006132
        5.046000           0.104045E-4        1.006857           0.831385E-5        1.006133
        5.047999           0.104051E-4        1.006857           0.831430E-5        1.006133
        5.050000           0.104058E-4        1.006857           0.831476E-5        1.006133
        5.052000           0.104064E-4        1.006858           0.831520E-5        1.006133
        5.054000           0.104070E-4        1.006858           0.831566E-5        1.006133
        5.056000           0.104077E-4        1.006858           0.831612E-5        1.006133
        5.058000           0.104083E-4        1.006858           0.831656E-5        1.006134
        5.059999           0.104089E-4        1.006858           0.831702E-5        1.006134
        5.061999           0.104096E-4        1.006859           0.831747E-5        1.006134
        5.064000           0.104102E-4        1.006859           0.831792E-5        1.006134
        5.066000           0.104108E-4        1.006859           0.831837E-5        1.006134
        5.068000           0.104115E-4        1.006859           0.831882E-5        1.006135
        5.070000           0.104121E-4        1.006860           0.831928E-5        1.006135
        5.072000           0.104127E-4        1.006860           0.831973E-5        1.006135
        5.074000           0.104134E-4        1.006860           0.832018E-5        1.006135
        5.076000           0.104140E-4        1.006860           0.832063E-5        1.006135
        5.078000           0.104146E-4        1.006860           0.832109E-5        1.006135
        5.079999           0.104153E-4        1.006861           0.832154E-5        1.006135
        5.081999           0.104159E-4        1.006861           0.832199E-5        1.006136
        5.084000           0.104165E-4        1.006861           0.832245E-5        1.006136
        5.085999           0.104172E-4        1.006861           0.832290E-5        1.006136
        5.088000           0.104178E-4        1.006861           0.832336E-5        1.006136
        5.090000           0.104185E-4        1.006862           0.832381E-5        1.006136
        5.092000           0.104191E-4        1.006862           0.832426E-5        1.006137
        5.094000           0.104197E-4        1.006862           0.832471E-5        1.006137
        5.096000           0.104204E-4        1.006862           0.832517E-5        1.006137
        5.098000           0.104210E-4        1.006862           0.832562E-5        1.006137
        5.099999           0.104216E-4        1.006863           0.832607E-5        1.006137
        5.102000           0.104223E-4        1.006863           0.832653E-5        1.006137
        5.104000           0.104229E-4        1.006863           0.832698E-5        1.006137
        5.105999           0.104235E-4        1.006863           0.832744E-5        1.006138
        5.108000           0.104242E-4        1.006863           0.832789E-5        1.006138
        5.110000           0.104248E-4        1.006864           0.832834E-5        1.006138
        5.112000           0.104254E-4        1.006864           0.832880E-5        1.006138
        5.114000           0.104261E-4        1.006864           0.832925E-5        1.006138
        5.115999           0.104267E-4        1.006864           0.832971E-5        1.006138
        5.118000           0.104274E-4        1.006865           0.833016E-5        1.006139
        5.119999           0.104280E-4        1.006865           0.833062E-5        1.006139
        5.122000           0.104286E-4        1.006865           0.833106E-5        1.006139
        5.124000           0.104293E-4        1.006865           0.833152E-5        1.006139
        5.125999           0.104299E-4        1.006865           0.833197E-5        1.006139
        5.128000           0.104305E-4        1.006866           0.833243E-5        1.006140
        5.130000           0.104312E-4        1.006866           0.833288E-5        1.006140
        5.132000           0.104318E-4        1.006866           0.833333E-5        1.006140
        5.133999           0.104324E-4        1.006866           0.833379E-5        1.006140
        5.136000           0.104331E-4        1.006866           0.833424E-5        1.006140
        5.138000           0.104337E-4        1.006867           0.833470E-5        1.006140
        5.139999           0.104344E-4        1.006867           0.833515E-5        1.006140
        5.142000           0.104350E-4        1.006867           0.833560E-5        1.006141
        5.144000           0.104356E-4        1.006867           0.833606E-5        1.006141
        5.146000           0.104363E-4        1.006867           0.833651E-5        1.006141
        5.148000           0.104369E-4        1.006868           0.833697E-5        1.006141
        5.150000           0.104375E-4        1.006868           0.833742E-5        1.006141
        5.151999           0.104382E-4        1.006868           0.833787E-5        1.006141
        5.153999           0.104388E-4        1.006868           0.833833E-5        1.006142
        5.156000           0.104395E-4        1.006868           0.833879E-5        1.006142
        5.158000           0.104401E-4        1.006869           0.833924E-5        1.006142
        5.159999           0.104407E-4        1.006869           0.833970E-5        1.006142
        5.162000           0.104414E-4        1.006869           0.834015E-5        1.006142
        5.164000           0.104420E-4        1.006869           0.834060E-5        1.006142
        5.166000           0.104426E-4        1.006870           0.834106E-5        1.006143
        5.168000           0.104433E-4        1.006870           0.834151E-5        1.006143
        5.170000           0.104439E-4        1.006870           0.834196E-5        1.006143
        5.171999           0.104445E-4        1.006870           0.834242E-5        1.006143
        5.173999           0.104452E-4        1.006870           0.834288E-5        1.006143
        5.176000           0.104458E-4        1.006871           0.834333E-5        1.006143
        5.177999           0.104465E-4        1.006871           0.834379E-5        1.006144
        5.180000           0.104471E-4        1.006871           0.834424E-5        1.006144
        5.182000           0.104477E-4        1.006871           0.834469E-5        1.006144
        5.184000           0.104484E-4        1.006871           0.834514E-5        1.006144
        5.186000           0.104490E-4        1.006872           0.834561E-5        1.006144
        5.188000           0.104496E-4        1.006872           0.834605E-5        1.006145
        5.190000           0.104503E-4        1.006872           0.834651E-5        1.006145
        5.191999           0.104509E-4        1.006872           0.834697E-5        1.006145
        5.193999           0.104516E-4        1.006872           0.834742E-5        1.006145
        5.196000           0.104522E-4        1.006873           0.834787E-5        1.006145
        5.197999           0.104528E-4        1.006873           0.834833E-5        1.006145
        5.200000           0.104535E-4        1.006873           0.834879E-5        1.006145
        5.202000           0.104541E-4        1.006873           0.834924E-5        1.006146
        5.204000           0.104548E-4        1.006873           0.834970E-5        1.006146
        5.206000           0.104554E-4        1.006874           0.835015E-5        1.006146
        5.208000           0.104560E-4        1.006874           0.835061E-5        1.006146
        5.210000           0.104567E-4        1.006874           0.835106E-5        1.006146
        5.211999           0.104573E-4        1.006874           0.835152E-5        1.006146
        5.214000           0.104580E-4        1.006875           0.835197E-5        1.006147
        5.216000           0.104586E-4        1.006875           0.835243E-5        1.006147
        5.217999           0.104592E-4        1.006875           0.835288E-5        1.006147
        5.220000           0.104599E-4        1.006875           0.835334E-5        1.006147
        5.222000           0.104605E-4        1.006875           0.835380E-5        1.006147
        5.224000           0.104611E-4        1.006876           0.835425E-5        1.006148
        5.226000           0.104618E-4        1.006876           0.835471E-5        1.006148
        5.228000           0.104624E-4        1.006876           0.835517E-5        1.006148
        5.230000           0.104631E-4        1.006876           0.835562E-5        1.006148
        5.231999           0.104637E-4        1.006876           0.835608E-5        1.006148
        5.234000           0.104643E-4        1.006877           0.835653E-5        1.006148
        5.236000           0.104650E-4        1.006877           0.835699E-5        1.006148
        5.237999           0.104656E-4        1.006877           0.835744E-5        1.006149
        5.240000           0.104663E-4        1.006877           0.835789E-5        1.006149
        5.242000           0.104669E-4        1.006877           0.835835E-5        1.006149
        5.244000           0.104675E-4        1.006878           0.835881E-5        1.006149
        5.245999           0.104682E-4        1.006878           0.835926E-5        1.006149
        5.248000           0.104688E-4        1.006878           0.835972E-5        1.006150
        5.250000           0.104695E-4        1.006878           0.836018E-5        1.006150
        5.251999           0.104701E-4        1.006878           0.836063E-5        1.006150
        5.254000           0.104707E-4        1.006879           0.836109E-5        1.006150
        5.256000           0.104714E-4        1.006879           0.836155E-5        1.006150
        5.258000           0.104720E-4        1.006879           0.836201E-5        1.006150
        5.260000           0.104727E-4        1.006879           0.836246E-5        1.006150
        5.262000           0.104733E-4        1.006880           0.836292E-5        1.006151
        5.263999           0.104739E-4        1.006880           0.836337E-5        1.006151
        5.265999           0.104746E-4        1.006880           0.836383E-5        1.006151
        5.268000           0.104752E-4        1.006880           0.836429E-5        1.006151
        5.270000           0.104759E-4        1.006880           0.836475E-5        1.006151
        5.271999           0.104765E-4        1.006881           0.836520E-5        1.006151
        5.274000           0.104771E-4        1.006881           0.836566E-5        1.006152
        5.276000           0.104778E-4        1.006881           0.836612E-5        1.006152
        5.278000           0.104784E-4        1.006881           0.836657E-5        1.006152
        5.280000           0.104791E-4        1.006881           0.836702E-5        1.006152
        5.282000           0.104797E-4        1.006882           0.836748E-5        1.006152
        5.283999           0.104803E-4        1.006882           0.836794E-5        1.006153
        5.285999           0.104810E-4        1.006882           0.836840E-5        1.006153
        5.288000           0.104816E-4        1.006882           0.836886E-5        1.006153
        5.289999           0.104823E-4        1.006883           0.836931E-5        1.006153
        5.292000           0.104829E-4        1.006883           0.836976E-5        1.006153
        5.294000           0.104836E-4        1.006883           0.837023E-5        1.006153
        5.296000           0.104842E-4        1.006883           0.837068E-5        1.006153
        5.298000           0.104848E-4        1.006883           0.837114E-5        1.006154
        5.300000           0.104855E-4        1.006884           0.837160E-5        1.006154
        5.302000           0.104861E-4        1.006884           0.837205E-5        1.006154
        5.303999           0.104868E-4        1.006884           0.837251E-5        1.006154
        5.305999           0.104874E-4        1.006884           0.837296E-5        1.006154
        5.308000           0.104880E-4        1.006884           0.837342E-5        1.006155
        5.309999           0.104887E-4        1.006885           0.837388E-5        1.006155
        5.312000           0.104893E-4        1.006885           0.837434E-5        1.006155
        5.314000           0.104900E-4        1.006885           0.837480E-5        1.006155
        5.316000           0.104906E-4        1.006885           0.837525E-5        1.006155
        5.318000           0.104913E-4        1.006885           0.837571E-5        1.006155
        5.320000           0.104919E-4        1.006886           0.837617E-5        1.006155
        5.322000           0.104925E-4        1.006886           0.837663E-5        1.006156
        5.323999           0.104932E-4        1.006886           0.837709E-5        1.006156
        5.326000           0.104938E-4        1.006886           0.837754E-5        1.006156
        5.328000           0.104945E-4        1.006886           0.837800E-5        1.006156
        5.329999           0.104951E-4        1.006887           0.837845E-5        1.006156
        5.332000           0.104957E-4        1.006887           0.837890E-5        1.006157
        5.334000           0.104964E-4        1.006887           0.837937E-5        1.006157
        5.336000           0.104970E-4        1.006887           0.837983E-5        1.006157
        5.338000           0.104977E-4        1.006888           0.838029E-5        1.006157
        5.340000           0.104983E-4        1.006888           0.838074E-5        1.006157
        5.342000           0.104990E-4        1.006888           0.838120E-5        1.006157
        5.343999           0.104996E-4        1.006888           0.838166E-5        1.006158
        5.346000           0.105002E-4        1.006888           0.838212E-5        1.006158
        5.348000           0.105009E-4        1.006889           0.838258E-5        1.006158
        5.349999           0.105015E-4        1.006889           0.838303E-5        1.006158
        5.352000           0.105022E-4        1.006889           0.838349E-5        1.006158
        5.354000           0.105028E-4        1.006889           0.838394E-5        1.006158
        5.356000           0.105035E-4        1.006889           0.838440E-5        1.006159
        5.358000           0.105041E-4        1.006890           0.838486E-5        1.006159
        5.360000           0.105047E-4        1.006890           0.838532E-5        1.006159
        5.362000           0.105054E-4        1.006890           0.838578E-5        1.006159
        5.363999           0.105060E-4        1.006890           0.838624E-5        1.006159
        5.366000           0.105067E-4        1.006891           0.838670E-5        1.006159
        5.368000           0.105073E-4        1.006891           0.838716E-5        1.006160
        5.370000           0.105080E-4        1.006891           0.838762E-5        1.006160
        5.372000           0.105086E-4        1.006891           0.838807E-5        1.006160
        5.374000           0.105092E-4        1.006891           0.838853E-5        1.006160
        5.375999           0.105099E-4        1.006891           0.838899E-5        1.006160
        5.377999           0.105105E-4        1.006892           0.838945E-5        1.006160
        5.380000           0.105112E-4        1.006892           0.838991E-5        1.006160
        5.381999           0.105118E-4        1.006892           0.839036E-5        1.006161
        5.383999           0.105125E-4        1.006892           0.839082E-5        1.006161
        5.386000           0.105131E-4        1.006893           0.839129E-5        1.006161
        5.388000           0.105138E-4        1.006893           0.839174E-5        1.006161
        5.390000           0.105144E-4        1.006893           0.839219E-5        1.006161
        5.392000           0.105150E-4        1.006893           0.839266E-5        1.006162
        5.394000           0.105157E-4        1.006893           0.839312E-5        1.006162
        5.395999           0.105163E-4        1.006894           0.839358E-5        1.006162
        5.397999           0.105170E-4        1.006894           0.839404E-5        1.006162
        5.400000           0.105176E-4        1.006894           0.839449E-5        1.006162
        5.401999           0.105183E-4        1.006894           0.839496E-5        1.006162
        5.404000           0.105189E-4        1.006894           0.839541E-5        1.006163
        5.406000           0.105196E-4        1.006895           0.839587E-5        1.006163
        5.408000           0.105202E-4        1.006895           0.839633E-5        1.006163
        5.410000           0.105208E-4        1.006895           0.839679E-5        1.006163
        5.412000           0.105215E-4        1.006895           0.839725E-5        1.006163
        5.414000           0.105221E-4        1.006896           0.839771E-5        1.006163
        5.415999           0.105228E-4        1.006896           0.839816E-5        1.006164
        5.417999           0.105234E-4        1.006896           0.839863E-5        1.006164
        5.420000           0.105241E-4        1.006896           0.839909E-5        1.006164
        5.421999           0.105247E-4        1.006896           0.839954E-5        1.006164
        5.424000           0.105254E-4        1.006897           0.840001E-5        1.006164
        5.426000           0.105260E-4        1.006897           0.840047E-5        1.006164
        5.427999           0.105266E-4        1.006897           0.840092E-5        1.006165
        5.430000           0.105273E-4        1.006897           0.840138E-5        1.006165
        5.432000           0.105279E-4        1.006897           0.840184E-5        1.006165
        5.434000           0.105286E-4        1.006898           0.840231E-5        1.006165
        5.435999           0.105292E-4        1.006898           0.840277E-5        1.006165
        5.438000           0.105299E-4        1.006898           0.840323E-5        1.006165
        5.440000           0.105305E-4        1.006898           0.840368E-5        1.006166
        5.441999           0.105312E-4        1.006899           0.840414E-5        1.006166
        5.444000           0.105318E-4        1.006899           0.840460E-5        1.006166
        5.446000           0.105325E-4        1.006899           0.840507E-5        1.006166
        5.448000           0.105331E-4        1.006899           0.840552E-5        1.006166
        5.450000           0.105337E-4        1.006899           0.840598E-5        1.006166
        5.452000           0.105344E-4        1.006899           0.840644E-5        1.006167
        5.454000           0.105350E-4        1.006900           0.840691E-5        1.006167
        5.455999           0.105357E-4        1.006900           0.840736E-5        1.006167
        5.458000           0.105363E-4        1.006900           0.840782E-5        1.006167
        5.460000           0.105370E-4        1.006900           0.840828E-5        1.006167
        5.461999           0.105376E-4        1.006901           0.840875E-5        1.006167
        5.464000           0.105383E-4        1.006901           0.840920E-5        1.006168
        5.466000           0.105389E-4        1.006901           0.840966E-5        1.006168
        5.468000           0.105396E-4        1.006901           0.841013E-5        1.006168
        5.470000           0.105402E-4        1.006901           0.841058E-5        1.006168
        5.472000           0.105409E-4        1.006902           0.841105E-5        1.006168
        5.474000           0.105415E-4        1.006902           0.841150E-5        1.006168
        5.475999           0.105421E-4        1.006902           0.841197E-5        1.006169
        5.478000           0.105428E-4        1.006902           0.841242E-5        1.006169
        5.480000           0.105434E-4        1.006902           0.841289E-5        1.006169
        5.482000           0.105441E-4        1.006903           0.841334E-5        1.006169
        5.484000           0.105447E-4        1.006903           0.841381E-5        1.006169
        5.486000           0.105454E-4        1.006903           0.841427E-5        1.006169
        5.488000           0.105460E-4        1.006903           0.841472E-5        1.006170
        5.489999           0.105467E-4        1.006904           0.841519E-5        1.006170
        5.492000           0.105473E-4        1.006904           0.841566E-5        1.006170
        5.493999           0.105480E-4        1.006904           0.841611E-5        1.006170
        5.495999           0.105486E-4        1.006904           0.841657E-5        1.006170
        5.498000           0.105493E-4        1.006904           0.841703E-5        1.006171
        5.500000           0.105499E-4        1.006905           0.841749E-5        1.006171
        5.502000           0.105506E-4        1.006905           0.841795E-5        1.006171
        5.504000           0.105512E-4        1.006905           0.841841E-5        1.006171
        5.506000           0.105519E-4        1.006905           0.841887E-5        1.006171
        5.507999           0.105525E-4        1.006905           0.841933E-5        1.006171
        5.509999           0.105531E-4        1.006906           0.841979E-5        1.006171
        5.512000           0.105538E-4        1.006906           0.842026E-5        1.006172
        5.513999           0.105544E-4        1.006906           0.842071E-5        1.006172
        5.516000           0.105551E-4        1.006906           0.842117E-5        1.006172
        5.518000           0.105557E-4        1.006907           0.842164E-5        1.006172
        5.520000           0.105564E-4        1.006907           0.842210E-5        1.006172
        5.522000           0.105570E-4        1.006907           0.842256E-5        1.006173
        5.524000           0.105577E-4        1.006907           0.842302E-5        1.006173
        5.526000           0.105583E-4        1.006907           0.842348E-5        1.006173
        5.527999           0.105590E-4        1.006908           0.842394E-5        1.006173
        5.529999           0.105596E-4        1.006908           0.842440E-5        1.006173
        5.532000           0.105603E-4        1.006908           0.842487E-5        1.006173
        5.533999           0.105609E-4        1.006908           0.842533E-5        1.006173
        5.536000           0.105616E-4        1.006908           0.842579E-5        1.006174
        5.538000           0.105622E-4        1.006909           0.842626E-5        1.006174
        5.539999           0.105629E-4        1.006909           0.842672E-5        1.006174
        5.542000           0.105635E-4        1.006909           0.842718E-5        1.006174
        5.544000           0.105642E-4        1.006909           0.842764E-5        1.006174
        5.546000           0.105648E-4        1.006909           0.842810E-5        1.006175
        5.547999           0.105655E-4        1.006910           0.842856E-5        1.006175
        5.550000           0.105661E-4        1.006910           0.842903E-5        1.006175
        5.552000           0.105668E-4        1.006910           0.842948E-5        1.006175
        5.553999           0.105674E-4        1.006910           0.842995E-5        1.006175
        5.556000           0.105681E-4        1.006910           0.843041E-5        1.006175
        5.558000           0.105687E-4        1.006911           0.843087E-5        1.006176
        5.560000           0.105694E-4        1.006911           0.843133E-5        1.006176
        5.562000           0.105700E-4        1.006911           0.843179E-5        1.006176
        5.564000           0.105707E-4        1.006911           0.843226E-5        1.006176
        5.566000           0.105713E-4        1.006912           0.843272E-5        1.006176
        5.567999           0.105720E-4        1.006912           0.843319E-5        1.006176
        5.570000           0.105726E-4        1.006912           0.843365E-5        1.006176
        5.572000           0.105733E-4        1.006912           0.843411E-5        1.006177
        5.573999           0.105739E-4        1.006912           0.843457E-5        1.006177
        5.576000           0.105746E-4        1.006913           0.843503E-5        1.006177
        5.578000           0.105752E-4        1.006913           0.843550E-5        1.006177
        5.580000           0.105759E-4        1.006913           0.843595E-5        1.006177
        5.582000           0.105765E-4        1.006913           0.843642E-5        1.006178
        5.584000           0.105772E-4        1.006913           0.843688E-5        1.006178
        5.585999           0.105778E-4        1.006914           0.843735E-5        1.006178
        5.587999           0.105785E-4        1.006914           0.843780E-5        1.006178
        5.590000           0.105791E-4        1.006914           0.843827E-5        1.006178
        5.592000           0.105798E-4        1.006914           0.843873E-5        1.006178
        5.594000           0.105804E-4        1.006914           0.843919E-5        1.006178
        5.596000           0.105810E-4        1.006915           0.843966E-5        1.006179
        5.598000           0.105817E-4        1.006915           0.844012E-5        1.006179
        5.600000           0.105824E-4        1.006915           0.844058E-5        1.006179
        5.601999           0.105830E-4        1.006915           0.844105E-5        1.006179
        5.604000           0.105837E-4        1.006916           0.844150E-5        1.006179
        5.605999           0.105843E-4        1.006916           0.844197E-5        1.006180
        5.607999           0.105850E-4        1.006916           0.844243E-5        1.006180
        5.610000           0.105856E-4        1.006916           0.844289E-5        1.006180
        5.612000           0.105863E-4        1.006916           0.844336E-5        1.006180
        5.614000           0.105869E-4        1.006917           0.844382E-5        1.006180
        5.616000           0.105876E-4        1.006917           0.844429E-5        1.006180
        5.618000           0.105882E-4        1.006917           0.844475E-5        1.006181
        5.619999           0.105889E-4        1.006917           0.844521E-5        1.006181
        5.621999           0.105895E-4        1.006917           0.844567E-5        1.006181
        5.624000           0.105902E-4        1.006918           0.844614E-5        1.006181
        5.625999           0.105908E-4        1.006918           0.844659E-5        1.006181
        5.628000           0.105915E-4        1.006918           0.844706E-5        1.006181
        5.630000           0.105921E-4        1.006918           0.844752E-5        1.006182
        5.631999           0.105928E-4        1.006919           0.844798E-5        1.006182
        5.634000           0.105934E-4        1.006919           0.844845E-5        1.006182
        5.636000           0.105941E-4        1.006919           0.844891E-5        1.006182
        5.638000           0.105947E-4        1.006919           0.844937E-5        1.006182
        5.639999           0.105954E-4        1.006919           0.844984E-5        1.006182
        5.641999           0.105960E-4        1.006920           0.845031E-5        1.006183
        5.644000           0.105967E-4        1.006920           0.845077E-5        1.006183
        5.645999           0.105973E-4        1.006920           0.845123E-5        1.006183
        5.648000           0.105980E-4        1.006920           0.845169E-5        1.006183
        5.650000           0.105986E-4        1.006920           0.845216E-5        1.006183
        5.651999           0.105993E-4        1.006921           0.845261E-5        1.006184
        5.654000           0.105999E-4        1.006921           0.845308E-5        1.006184
        5.656000           0.106006E-4        1.006921           0.845355E-5        1.006184
        5.658000           0.106012E-4        1.006921           0.845402E-5        1.006184
        5.659999           0.106019E-4        1.006922           0.845448E-5        1.006184
        5.662000           0.106025E-4        1.006922           0.845494E-5        1.006184
        5.664000           0.106032E-4        1.006922           0.845540E-5        1.006184
        5.665999           0.106038E-4        1.006922           0.845587E-5        1.006185
        5.668000           0.106045E-4        1.006922           0.845633E-5        1.006185
        5.670000           0.106052E-4        1.006923           0.845680E-5        1.006185
        5.672000           0.106058E-4        1.006923           0.845726E-5        1.006185
        5.674000           0.106065E-4        1.006923           0.845772E-5        1.006185
        5.676000           0.106071E-4        1.006923           0.845819E-5        1.006186
        5.677999           0.106078E-4        1.006923           0.845865E-5        1.006186
        5.679999           0.106084E-4        1.006924           0.845912E-5        1.006186
        5.682000           0.106091E-4        1.006924           0.845959E-5        1.006186
        5.684000           0.106097E-4        1.006924           0.846004E-5        1.006186
        5.685999           0.106104E-4        1.006924           0.846051E-5        1.006186
        5.688000           0.106110E-4        1.006925           0.846098E-5        1.006186
        5.690000           0.106117E-4        1.006925           0.846144E-5        1.006187
        5.692000           0.106123E-4        1.006925           0.846190E-5        1.006187
        5.694000           0.106130E-4        1.006925           0.846237E-5        1.006187
        5.696000           0.106136E-4        1.006925           0.846283E-5        1.006187
        5.697999           0.106143E-4        1.006926           0.846330E-5        1.006187
        5.699999           0.106149E-4        1.006926           0.846376E-5        1.006188
        5.702000           0.106156E-4        1.006926           0.846423E-5        1.006188
        5.704000           0.106162E-4        1.006926           0.846469E-5        1.006188
        5.706000           0.106169E-4        1.006926           0.846516E-5        1.006188
        5.708000           0.106176E-4        1.006927           0.846562E-5        1.006188
        5.710000           0.106182E-4        1.006927           0.846608E-5        1.006188
        5.712000           0.106189E-4        1.006927           0.846655E-5        1.006189
        5.713999           0.106195E-4        1.006927           0.846702E-5        1.006189
        5.716000           0.106202E-4        1.006927           0.846748E-5        1.006189
        5.717999           0.106208E-4        1.006928           0.846795E-5        1.006189
        5.719999           0.106215E-4        1.006928           0.846841E-5        1.006189
        5.722000           0.106221E-4        1.006928           0.846888E-5        1.006189
        5.724000           0.106228E-4        1.006928           0.846934E-5        1.006190
        5.726000           0.106234E-4        1.006929           0.846980E-5        1.006190
        5.728000           0.106241E-4        1.006929           0.847027E-5        1.006190
        5.730000           0.106248E-4        1.006929           0.847074E-5        1.006190
        5.731999           0.106254E-4        1.006929           0.847120E-5        1.006190
        5.733999           0.106261E-4        1.006929           0.847166E-5        1.006190
        5.736000           0.106267E-4        1.006930           0.847213E-5        1.006191
        5.737999           0.106274E-4        1.006930           0.847260E-5        1.006191
        5.740000           0.106280E-4        1.006930           0.847307E-5        1.006191
        5.742000           0.106287E-4        1.006930           0.847353E-5        1.006191
        5.743999           0.106293E-4        1.006930           0.847399E-5        1.006191
        5.746000           0.106300E-4        1.006931           0.847446E-5        1.006191
        5.748000           0.106306E-4        1.006931           0.847492E-5        1.006192
        5.750000           0.106313E-4        1.006931           0.847539E-5        1.006192
        5.751999           0.106320E-4        1.006931           0.847585E-5        1.006192
        5.753999           0.106326E-4        1.006932           0.847632E-5        1.006192
        5.756000           0.106333E-4        1.006932           0.847679E-5        1.006192
        5.757999           0.106339E-4        1.006932           0.847726E-5        1.006192
        5.760000           0.106346E-4        1.006932           0.847772E-5        1.006193
        5.762000           0.106352E-4        1.006932           0.847819E-5        1.006193
        5.763999           0.106359E-4        1.006932           0.847864E-5        1.006193
        5.766000           0.106365E-4        1.006933           0.847911E-5        1.006193
        5.768000           0.106372E-4        1.006933           0.847959E-5        1.006193
        5.770000           0.106378E-4        1.006933           0.848004E-5        1.006193
        5.771999           0.106385E-4        1.006933           0.848052E-5        1.006194
        5.774000           0.106392E-4        1.006934           0.848099E-5        1.006194
        5.776000           0.106398E-4        1.006934           0.848145E-5        1.006194
        5.777999           0.106405E-4        1.006934           0.848192E-5        1.006194
        5.780000           0.106411E-4        1.006934           0.848238E-5        1.006194
        5.782000           0.106418E-4        1.006934           0.848285E-5        1.006194
        5.784000           0.106424E-4        1.006935           0.848331E-5        1.006195
        5.786000           0.106431E-4        1.006935           0.848378E-5        1.006195
        5.788000           0.106438E-4        1.006935           0.848425E-5        1.006195
        5.789999           0.106444E-4        1.006935           0.848471E-5        1.006195
        5.791999           0.106451E-4        1.006935           0.848518E-5        1.006195
        5.794000           0.106457E-4        1.006936           0.848564E-5        1.006195
        5.796000           0.106464E-4        1.006936           0.848611E-5        1.006196
        5.797999           0.106470E-4        1.006936           0.848658E-5        1.006196
        5.800000           0.106477E-4        1.006936           0.848704E-5        1.006196
        5.802000           0.106483E-4        1.006937           0.848751E-5        1.006196
        5.804000           0.106490E-4        1.006937           0.848798E-5        1.006196
        5.806000           0.106497E-4        1.006937           0.848844E-5        1.006196
        5.808000           0.106503E-4        1.006937           0.848891E-5        1.006197
        5.809999           0.106510E-4        1.006938           0.848938E-5        1.006197
        5.811999           0.106516E-4        1.006938           0.848984E-5        1.006197
        5.814000           0.106523E-4        1.006938           0.849031E-5        1.006197
        5.816000           0.106529E-4        1.006938           0.849078E-5        1.006197
        5.818000           0.106536E-4        1.006938           0.849124E-5        1.006198
        5.820000           0.106543E-4        1.006938           0.849171E-5        1.006198
        5.822000           0.106549E-4        1.006939           0.849218E-5        1.006198
        5.824000           0.106556E-4        1.006939           0.849265E-5        1.006198
        5.825999           0.106562E-4        1.006939           0.849312E-5        1.006198
        5.828000           0.106569E-4        1.006939           0.849358E-5        1.006198
        5.829999           0.106575E-4        1.006940           0.849404E-5        1.006199
        5.831999           0.106582E-4        1.006940           0.849451E-5        1.006199
        5.834000           0.106589E-4        1.006940           0.849499E-5        1.006199
        5.835999           0.106595E-4        1.006940           0.849545E-5        1.006199
        5.838000           0.106602E-4        1.006940           0.849591E-5        1.006199
        5.840000           0.106608E-4        1.006941           0.849639E-5        1.006199
        5.842000           0.106615E-4        1.006941           0.849685E-5        1.006200
        5.843999           0.106621E-4        1.006941           0.849731E-5        1.006200
        5.845999           0.106628E-4        1.006941           0.849778E-5        1.006200
        5.848000           0.106635E-4        1.006941           0.849825E-5        1.006200
        5.849999           0.106641E-4        1.006942           0.849872E-5        1.006200
        5.852000           0.106648E-4        1.006942           0.849919E-5        1.006200
        5.854000           0.106654E-4        1.006942           0.849965E-5        1.006201
        5.855999           0.106661E-4        1.006942           0.850012E-5        1.006201
        5.858000           0.106667E-4        1.006943           0.850059E-5        1.006201
        5.860000           0.106674E-4        1.006943           0.850105E-5        1.006201
        5.862000           0.106681E-4        1.006943           0.850152E-5        1.006201
        5.863999           0.106687E-4        1.006943           0.850200E-5        1.006201
        5.865999           0.106694E-4        1.006943           0.850246E-5        1.006202
        5.868000           0.106700E-4        1.006944           0.850293E-5        1.006202
        5.869999           0.106707E-4        1.006944           0.850340E-5        1.006202
        5.872000           0.106714E-4        1.006944           0.850387E-5        1.006202
        5.874000           0.106720E-4        1.006944           0.850433E-5        1.006202
        5.875999           0.106727E-4        1.006945           0.850480E-5        1.006202
        5.878000           0.106733E-4        1.006945           0.850527E-5        1.006203
        5.880000           0.106740E-4        1.006945           0.850573E-5        1.006203
        5.881999           0.106747E-4        1.006945           0.850621E-5        1.006203
        5.883999           0.106753E-4        1.006945           0.850668E-5        1.006203
        5.886000           0.106760E-4        1.006945           0.850714E-5        1.006203
        5.888000           0.106766E-4        1.006946           0.850761E-5        1.006203
        5.889999           0.106773E-4        1.006946           0.850808E-5        1.006204
        5.892000           0.106779E-4        1.006946           0.850855E-5        1.006204
        5.894000           0.106786E-4        1.006946           0.850902E-5        1.006204
        5.896000           0.106793E-4        1.006947           0.850949E-5        1.006204
        5.898000           0.106799E-4        1.006947           0.850995E-5        1.006204
        5.900000           0.106806E-4        1.006947           0.851042E-5        1.006204
        5.901999           0.106812E-4        1.006947           0.851090E-5        1.006205
        5.903999           0.106819E-4        1.006948           0.851136E-5        1.006205
        5.906000           0.106826E-4        1.006948           0.851183E-5        1.006205
        5.908000           0.106832E-4        1.006948           0.851229E-5        1.006205
        5.909999           0.106839E-4        1.006948           0.851276E-5        1.006205
        5.912000           0.106845E-4        1.006948           0.851323E-5        1.006206
        5.914000           0.106852E-4        1.006949           0.851371E-5        1.006206
        5.916000           0.106859E-4        1.006949           0.851417E-5        1.006206
        5.918000           0.106865E-4        1.006949           0.851464E-5        1.006206
        5.920000           0.106872E-4        1.006949           0.851511E-5        1.006206
        5.921999           0.106878E-4        1.006949           0.851558E-5        1.006206
        5.923999           0.106885E-4        1.006950           0.851605E-5        1.006207
        5.926000           0.106892E-4        1.006950           0.851652E-5        1.006207
        5.927999           0.106898E-4        1.006950           0.851699E-5        1.006207
        5.930000           0.106905E-4        1.006950           0.851746E-5        1.006207
        5.932000           0.106911E-4        1.006950           0.851793E-5        1.006207
        5.934000           0.106918E-4        1.006951           0.851840E-5        1.006207
        5.936000           0.106925E-4        1.006951           0.851886E-5        1.006208
        5.938000           0.106931E-4        1.006951           0.851933E-5        1.006208
        5.940000           0.106938E-4        1.006951           0.851980E-5        1.006208
        5.941999           0.106944E-4        1.006952           0.852027E-5        1.006208
        5.943999           0.106951E-4        1.006952           0.852074E-5        1.006208
        5.946000           0.106958E-4        1.006952           0.852121E-5        1.006208
        5.947999           0.106964E-4        1.006952           0.852168E-5        1.006209
        5.950000           0.106971E-4        1.006952           0.852215E-5        1.006209
        5.952000           0.106977E-4        1.006953           0.852262E-5        1.006209
        5.954000           0.106984E-4        1.006953           0.852309E-5        1.006209
        5.955999           0.106991E-4        1.006953           0.852356E-5        1.006209
        5.957999           0.106997E-4        1.006953           0.852403E-5        1.006209
        5.960000           0.107004E-4        1.006953           0.852450E-5        1.006210
        5.961999           0.107011E-4        1.006954           0.852497E-5        1.006210
        5.964000           0.107017E-4        1.006954           0.852544E-5        1.006210
        5.966000           0.107024E-4        1.006954           0.852591E-5        1.006210
        5.967999           0.107030E-4        1.006954           0.852637E-5        1.006210
        5.970000           0.107037E-4        1.006955           0.852685E-5        1.006210
        5.972000           0.107044E-4        1.006955           0.852732E-5        1.006211
        5.974000           0.107050E-4        1.006955           0.852778E-5        1.006211
        5.975999           0.107057E-4        1.006955           0.852825E-5        1.006211
        5.977999           0.107063E-4        1.006955           0.852872E-5        1.006211
        5.980000           0.107070E-4        1.006956           0.852919E-5        1.006211
        5.981999           0.107077E-4        1.006956           0.852966E-5        1.006212
        5.984000           0.107083E-4        1.006956           0.853014E-5        1.006212
        5.986000           0.107090E-4        1.006956           0.853061E-5        1.006212
        5.987999           0.107097E-4        1.006956           0.853107E-5        1.006212
        5.990000           0.107103E-4        1.006957           0.853155E-5        1.006212
        5.992000           0.107110E-4        1.006957           0.853202E-5        1.006212
        5.993999           0.107116E-4        1.006957           0.853248E-5        1.006212
        5.995999           0.107123E-4        1.006957           0.853295E-5        1.006213
        5.998000           0.107130E-4        1.006958           0.853343E-5        1.006213
        6.000000           0.107136E-4        1.006958           0.853390E-5        1.006213
        6.001999           0.107143E-4        1.006958           0.853437E-5        1.006213
        6.004000           0.107150E-4        1.006958           0.853484E-5        1.006213
        6.006000           0.107156E-4        1.006958           0.853531E-5        1.006214
        6.008000           0.107163E-4        1.006959           0.853578E-5        1.006214
        6.010000           0.107169E-4        1.006959           0.853626E-5        1.006214
        6.012000           0.107176E-4        1.006959           0.853673E-5        1.006214
        6.013999           0.107183E-4        1.006959           0.853719E-5        1.006214
        6.015999           0.107189E-4        1.006959           0.853766E-5        1.006214
        6.018000           0.107196E-4        1.006960           0.853814E-5        1.006214
        6.020000           0.107203E-4        1.006960           0.853860E-5        1.006215
        6.021999           0.107209E-4        1.006960           0.853907E-5        1.006215
        6.024000           0.107216E-4        1.006960           0.853955E-5        1.006215
        6.026000           0.107223E-4        1.006961           0.854002E-5        1.006215
        6.028000           0.107229E-4        1.006961           0.854049E-5        1.006215
        6.030000           0.107236E-4        1.006961           0.854095E-5        1.006216
        6.032000           0.107242E-4        1.006961           0.854143E-5        1.006216
        6.033999           0.107249E-4        1.006961           0.854190E-5        1.006216
        6.035999           0.107256E-4        1.006962           0.854237E-5        1.006216
        6.038000           0.107262E-4        1.006962           0.854284E-5        1.006216
        6.039999           0.107269E-4        1.006962           0.854332E-5        1.006216
        6.042000           0.107276E-4        1.006962           0.854379E-5        1.006217
        6.044000           0.107282E-4        1.006962           0.854426E-5        1.006217
        6.046000           0.107289E-4        1.006963           0.854473E-5        1.006217
        6.048000           0.107296E-4        1.006963           0.854520E-5        1.006217
        6.050000           0.107302E-4        1.006963           0.854567E-5        1.006217
        6.052000           0.107309E-4        1.006963           0.854614E-5        1.006217
        6.053999           0.107315E-4        1.006963           0.854661E-5        1.006218
        6.055999           0.107322E-4        1.006964           0.854709E-5        1.006218
        6.058000           0.107329E-4        1.006964           0.854755E-5        1.006218
        6.059999           0.107335E-4        1.006964           0.854803E-5        1.006218
        6.062000           0.107342E-4        1.006964           0.854849E-5        1.006218
        6.064000           0.107349E-4        1.006965           0.854897E-5        1.006218
        6.066000           0.107355E-4        1.006965           0.854944E-5        1.006219
        6.068000           0.107362E-4        1.006965           0.854991E-5        1.006219
        6.069999           0.107369E-4        1.006965           0.855038E-5        1.006219
        6.072000           0.107375E-4        1.006966           0.855086E-5        1.006219
        6.073999           0.107382E-4        1.006966           0.855133E-5        1.006219
        6.076000           0.107389E-4        1.006966           0.855180E-5        1.006220
        6.078000           0.107395E-4        1.006966           0.855228E-5        1.006220
        6.079999           0.107402E-4        1.006966           0.855275E-5        1.006220
        6.082000           0.107408E-4        1.006967           0.855321E-5        1.006220
        6.084000           0.107415E-4        1.006967           0.855369E-5        1.006220
        6.085999           0.107422E-4        1.006967           0.855416E-5        1.006220
        6.087999           0.107428E-4        1.006967           0.855463E-5        1.006221
        6.089999           0.107435E-4        1.006967           0.855510E-5        1.006221
        6.092000           0.107442E-4        1.006968           0.855558E-5        1.006221
        6.093999           0.107448E-4        1.006968           0.855605E-5        1.006221
        6.096000           0.107455E-4        1.006968           0.855652E-5        1.006221
        6.098000           0.107462E-4        1.006968           0.855700E-5        1.006221
        6.099999           0.107468E-4        1.006968           0.855747E-5        1.006222
        6.102000           0.107475E-4        1.006969           0.855795E-5        1.006222
        6.104000           0.107482E-4        1.006969           0.855841E-5        1.006222
        6.105999           0.107488E-4        1.006969           0.855888E-5        1.006222
        6.107999           0.107495E-4        1.006969           0.855936E-5        1.006222
        6.110000           0.107502E-4        1.006970           0.855983E-5        1.006222
        6.112000           0.107508E-4        1.006970           0.856030E-5        1.006223
        6.113999           0.107515E-4        1.006970           0.856078E-5        1.006223
        6.116000           0.107522E-4        1.006970           0.856125E-5        1.006223
        6.118000           0.107528E-4        1.006970           0.856172E-5        1.006223
        6.120000           0.107535E-4        1.006971           0.856219E-5        1.006223
        6.122000           0.107542E-4        1.006971           0.856266E-5        1.006223
        6.124000           0.107548E-4        1.006971           0.856314E-5        1.006224
        6.125999           0.107555E-4        1.006971           0.856361E-5        1.006224
        6.127999           0.107562E-4        1.006971           0.856409E-5        1.006224
        6.130000           0.107568E-4        1.006972           0.856456E-5        1.006224
        6.131999           0.107575E-4        1.006972           0.856503E-5        1.006224
        6.133999           0.107582E-4        1.006972           0.856550E-5        1.006225
        6.136000           0.107588E-4        1.006972           0.856598E-5        1.006225
        6.138000           0.107595E-4        1.006973           0.856645E-5        1.006225
        6.140000           0.107602E-4        1.006973           0.856693E-5        1.006225
        6.142000           0.107608E-4        1.006973           0.856739E-5        1.006225
        6.144000           0.107615E-4        1.006973           0.856787E-5        1.006225
        6.145999           0.107622E-4        1.006973           0.856834E-5        1.006225
        6.147999           0.107628E-4        1.006974           0.856882E-5        1.006226
        6.150000           0.107635E-4        1.006974           0.856929E-5        1.006226
        6.151999           0.107642E-4        1.006974           0.856977E-5        1.006226
        6.154000           0.107648E-4        1.006974           0.857023E-5        1.006226
        6.156000           0.107655E-4        1.006974           0.857071E-5        1.006226
        6.158000           0.107662E-4        1.006975           0.857119E-5        1.006227
        6.160000           0.107668E-4        1.006975           0.857165E-5        1.006227
        6.162000           0.107675E-4        1.006975           0.857214E-5        1.006227
        6.164000           0.107682E-4        1.006975           0.857261E-5        1.006227
        6.165999           0.107688E-4        1.006976           0.857309E-5        1.006227
        6.167999           0.107695E-4        1.006976           0.857356E-5        1.006227
        6.170000           0.107702E-4        1.006976           0.857403E-5        1.006227
        6.171999           0.107708E-4        1.006976           0.857450E-5        1.006228
        6.174000           0.107715E-4        1.006976           0.857497E-5        1.006228
        6.176000           0.107722E-4        1.006977           0.857545E-5        1.006228
        6.177999           0.107728E-4        1.006977           0.857593E-5        1.006228
        6.180000           0.107735E-4        1.006977           0.857640E-5        1.006228
        6.181999           0.107742E-4        1.006977           0.857687E-5        1.006229
        6.184000           0.107748E-4        1.006978           0.857735E-5        1.006229
        6.185999           0.107755E-4        1.006978           0.857783E-5        1.006229
        6.188000           0.107762E-4        1.006978           0.857830E-5        1.006229
        6.190000           0.107769E-4        1.006978           0.857877E-5        1.006229
        6.191999           0.107775E-4        1.006978           0.857924E-5        1.006229
        6.194000           0.107782E-4        1.006979           0.857971E-5        1.006230
        6.196000           0.107789E-4        1.006979           0.858019E-5        1.006230
        6.198000           0.107795E-4        1.006979           0.858066E-5        1.006230
        6.199999           0.107802E-4        1.006979           0.858114E-5        1.006230
        6.201999           0.107809E-4        1.006979           0.858162E-5        1.006230
        6.204000           0.107815E-4        1.006980           0.858209E-5        1.006230
        6.205999           0.107822E-4        1.006980           0.858256E-5        1.006231
        6.208000           0.107829E-4        1.006980           0.858304E-5        1.006231
        6.210000           0.107835E-4        1.006980           0.858352E-5        1.006231
        6.211999           0.107842E-4        1.006981           0.858398E-5        1.006231
        6.214000           0.107849E-4        1.006981           0.858446E-5        1.006231
        6.216000           0.107855E-4        1.006981           0.858493E-5        1.006232
        6.217999           0.107862E-4        1.006981           0.858541E-5        1.006232
        6.219999           0.107869E-4        1.006981           0.858588E-5        1.006232
        6.222000           0.107876E-4        1.006982           0.858636E-5        1.006232
        6.224000           0.107882E-4        1.006982           0.858683E-5        1.006232
        6.225999           0.107889E-4        1.006982           0.858731E-5        1.006232
        6.228000           0.107896E-4        1.006982           0.858778E-5        1.006233
        6.230000           0.107902E-4        1.006982           0.858826E-5        1.006233
        6.232000           0.107909E-4        1.006983           0.858873E-5        1.006233
        6.234000           0.107916E-4        1.006983           0.858921E-5        1.006233
        6.236000           0.107922E-4        1.006983           0.858969E-5        1.006233
        6.237999           0.107929E-4        1.006983           0.859016E-5        1.006233
        6.239999           0.107936E-4        1.006984           0.859064E-5        1.006234
        6.242000           0.107942E-4        1.006984           0.859111E-5        1.006234
        6.243999           0.107949E-4        1.006984           0.859158E-5        1.006234
        6.245999           0.107956E-4        1.006984           0.859206E-5        1.006234
        6.248000           0.107963E-4        1.006984           0.859253E-5        1.006234
        6.250000           0.107969E-4        1.006985           0.859301E-5        1.006234
        6.252000           0.107976E-4        1.006985           0.859349E-5        1.006235
        6.254000           0.107983E-4        1.006985           0.859396E-5        1.006235
        6.256000           0.107989E-4        1.006985           0.859444E-5        1.006235
        6.257999           0.107996E-4        1.006986           0.859491E-5        1.006235
        6.259999           0.108003E-4        1.006986           0.859538E-5        1.006235
        6.262000           0.108010E-4        1.006986           0.859586E-5        1.006235
        6.263999           0.108016E-4        1.006986           0.859633E-5        1.006236
        6.266000           0.108023E-4        1.006986           0.859682E-5        1.006236
        6.268000           0.108030E-4        1.006987           0.859729E-5        1.006236
        6.270000           0.108036E-4        1.006987           0.859777E-5        1.006236
        6.272000           0.108043E-4        1.006987           0.859824E-5        1.006236
        6.274000           0.108050E-4        1.006987           0.859872E-5        1.006236
        6.276000           0.108056E-4        1.006987           0.859919E-5        1.006237
        6.277999           0.108063E-4        1.006988           0.859967E-5        1.006237
        6.279999           0.108070E-4        1.006988           0.860015E-5        1.006237
        6.282000           0.108077E-4        1.006988           0.860062E-5        1.006237
        6.283999           0.108083E-4        1.006988           0.860110E-5        1.006237
        6.286000           0.108090E-4        1.006989           0.860157E-5        1.006238
        6.288000           0.108097E-4        1.006989           0.860205E-5        1.006238
        6.289999           0.108103E-4        1.006989           0.860252E-5        1.006238
        6.292000           0.108110E-4        1.006989           0.860300E-5        1.006238
        6.293999           0.108117E-4        1.006989           0.860348E-5        1.006238
        6.296000           0.108124E-4        1.006990           0.860396E-5        1.006238
        6.297999           0.108130E-4        1.006990           0.860443E-5        1.006239
        6.300000           0.108137E-4        1.006990           0.860491E-5        1.006239
        6.302000           0.108144E-4        1.006990           0.860539E-5        1.006239
        6.303999           0.108151E-4        1.006990           0.860585E-5        1.006239
        6.306000           0.108157E-4        1.006991           0.860634E-5        1.006239
        6.308000           0.108164E-4        1.006991           0.860682E-5        1.006239
        6.310000           0.108171E-4        1.006991           0.860729E-5        1.006240
        6.311999           0.108177E-4        1.006991           0.860777E-5        1.006240
        6.313999           0.108184E-4        1.006992           0.860825E-5        1.006240
        6.316000           0.108191E-4        1.006992           0.860872E-5        1.006240
        6.317999           0.108198E-4        1.006992           0.860920E-5        1.006240
        6.320000           0.108204E-4        1.006992           0.860968E-5        1.006240
        6.322000           0.108211E-4        1.006992           0.861014E-5        1.006241
        6.323999           0.108218E-4        1.006993           0.861062E-5        1.006241
        6.326000           0.108224E-4        1.006993           0.861110E-5        1.006241
        6.328000           0.108231E-4        1.006993           0.861158E-5        1.006241
        6.329999           0.108238E-4        1.006993           0.861206E-5        1.006241
        6.331999           0.108245E-4        1.006994           0.861254E-5        1.006241
        6.334000           0.108251E-4        1.006994           0.861301E-5        1.006242
        6.335999           0.108258E-4        1.006994           0.861349E-5        1.006242
        6.337999           0.108265E-4        1.006994           0.861397E-5        1.006242
        6.340000           0.108272E-4        1.006994           0.861444E-5        1.006242
        6.342000           0.108278E-4        1.006995           0.861492E-5        1.006242
        6.344000           0.108285E-4        1.006995           0.861540E-5        1.006243
        6.346000           0.108292E-4        1.006995           0.861587E-5        1.006243
        6.348000           0.108298E-4        1.006995           0.861636E-5        1.006243
        6.349999           0.108305E-4        1.006995           0.861683E-5        1.006243
        6.351999           0.108312E-4        1.006996           0.861731E-5        1.006243
        6.354000           0.108319E-4        1.006996           0.861778E-5        1.006243
        6.355999           0.108325E-4        1.006996           0.861826E-5        1.006244
        6.357999           0.108332E-4        1.006996           0.861874E-5        1.006244
        6.360000           0.108339E-4        1.006997           0.861922E-5        1.006244
        6.362000           0.108346E-4        1.006997           0.861969E-5        1.006244
        6.364000           0.108352E-4        1.006997           0.862017E-5        1.006244
        6.366000           0.108359E-4        1.006997           0.862065E-5        1.006244
        6.368000           0.108366E-4        1.006997           0.862112E-5        1.006245
        6.369999           0.108373E-4        1.006998           0.862161E-5        1.006245
        6.371999           0.108379E-4        1.006998           0.862208E-5        1.006245
        6.374000           0.108386E-4        1.006998           0.862256E-5        1.006245
        6.375999           0.108393E-4        1.006998           0.862303E-5        1.006245
        6.378000           0.108400E-4        1.006998           0.862352E-5        1.006245
        6.380000           0.108406E-4        1.006999           0.862399E-5        1.006246
        6.381999           0.108413E-4        1.006999           0.862448E-5        1.006246
        6.384000           0.108420E-4        1.006999           0.862495E-5        1.006246
        6.386000           0.108427E-4        1.006999           0.862543E-5        1.006246
        6.388000           0.108433E-4        1.007000           0.862591E-5        1.006246
        6.389999           0.108440E-4        1.007000           0.862638E-5        1.006246
        6.391999           0.108447E-4        1.007000           0.862686E-5        1.006247
        6.394000           0.108454E-4        1.007000           0.862735E-5        1.006247
        6.395999           0.108460E-4        1.007000           0.862782E-5        1.006247
        6.398000           0.108467E-4        1.007001           0.862830E-5        1.006247
        6.400000           0.108474E-4        1.007001           0.862878E-5        1.006247
        6.401999           0.108481E-4        1.007001           0.862926E-5        1.006248
        6.404000           0.108487E-4        1.007001           0.862973E-5        1.006248
        6.405999           0.108494E-4        1.007002           0.863021E-5        1.006248
        6.408000           0.108501E-4        1.007002           0.863069E-5        1.006248
        6.409999           0.108508E-4        1.007002           0.863117E-5        1.006248
        6.412000           0.108514E-4        1.007002           0.863165E-5        1.006248
        6.414000           0.108521E-4        1.007002           0.863213E-5        1.006249
        6.415999           0.108528E-4        1.007003           0.863260E-5        1.006249
        6.418000           0.108535E-4        1.007003           0.863308E-5        1.006249
        6.420000           0.108541E-4        1.007003           0.863355E-5        1.006249
        6.422000           0.108548E-4        1.007003           0.863404E-5        1.006249
        6.423999           0.108555E-4        1.007003           0.863452E-5        1.006249
        6.425999           0.108562E-4        1.007004           0.863500E-5        1.006250
        6.427999           0.108568E-4        1.007004           0.863548E-5        1.006250
        6.429999           0.108575E-4        1.007004           0.863596E-5        1.006250
        6.432000           0.108582E-4        1.007004           0.863643E-5        1.006250
        6.434000           0.108589E-4        1.007004           0.863691E-5        1.006250
        6.435999           0.108595E-4        1.007005           0.863739E-5        1.006250
        6.438000           0.108602E-4        1.007005           0.863787E-5        1.006251
        6.440000           0.108609E-4        1.007005           0.863835E-5        1.006251
        6.441999           0.108616E-4        1.007005           0.863883E-5        1.006251
        6.443999           0.108622E-4        1.007006           0.863931E-5        1.006251
        6.446000           0.108629E-4        1.007006           0.863979E-5        1.006251
        6.447999           0.108636E-4        1.007006           0.864027E-5        1.006251
        6.449999           0.108643E-4        1.007006           0.864075E-5        1.006252
        6.452000           0.108649E-4        1.007007           0.864123E-5        1.006252
        6.454000           0.108656E-4        1.007007           0.864171E-5        1.006252
        6.456000           0.108663E-4        1.007007           0.864219E-5        1.006252
        6.458000           0.108670E-4        1.007007           0.864266E-5        1.006252
        6.460000           0.108677E-4        1.007007           0.864314E-5        1.006253
        6.461999           0.108683E-4        1.007008           0.864363E-5        1.006253
        6.463999           0.108690E-4        1.007008           0.864410E-5        1.006253
        6.466000           0.108697E-4        1.007008           0.864458E-5        1.006253
        6.467999           0.108704E-4        1.007008           0.864507E-5        1.006253
        6.469999           0.108710E-4        1.007008           0.864555E-5        1.006253
        6.472000           0.108717E-4        1.007009           0.864602E-5        1.006254
        6.474000           0.108724E-4        1.007009           0.864650E-5        1.006254
        6.476000           0.108731E-4        1.007009           0.864698E-5        1.006254
        6.478000           0.108737E-4        1.007009           0.864747E-5        1.006254
        6.480000           0.108744E-4        1.007010           0.864795E-5        1.006254
        6.481999           0.108751E-4        1.007010           0.864842E-5        1.006254
        6.483999           0.108758E-4        1.007010           0.864890E-5        1.006255
        6.486000           0.108765E-4        1.007010           0.864939E-5        1.006255
        6.487999           0.108771E-4        1.007010           0.864986E-5        1.006255
        6.490000           0.108778E-4        1.007011           0.865035E-5        1.006255
        6.492000           0.108785E-4        1.007011           0.865082E-5        1.006255
        6.493999           0.108792E-4        1.007011           0.865130E-5        1.006256
        6.496000           0.108799E-4        1.007011           0.865178E-5        1.006256
        6.498000           0.108805E-4        1.007012           0.865227E-5        1.006256
        6.500000           0.108812E-4        1.007012           0.865274E-5        1.006256
        6.501999           0.108819E-4        1.007012           0.865322E-5        1.006256
        6.503999           0.108826E-4        1.007012           0.865370E-5        1.006256
        6.506000           0.108832E-4        1.007012           0.865419E-5        1.006256
        6.507999           0.108839E-4        1.007013           0.865466E-5        1.006257
        6.510000           0.108846E-4        1.007013           0.865514E-5        1.006257
        6.512000           0.108853E-4        1.007013           0.865563E-5        1.006257
        6.513999           0.108860E-4        1.007013           0.865611E-5        1.006257
        6.516000           0.108866E-4        1.007013           0.865659E-5        1.006257
        6.518000           0.108873E-4        1.007014           0.865706E-5        1.006258
        6.520000           0.108880E-4        1.007014           0.865755E-5        1.006258
        6.521999           0.108887E-4        1.007014           0.865803E-5        1.006258
        6.524000           0.108894E-4        1.007014           0.865851E-5        1.006258
        6.526000           0.108900E-4        1.007015           0.865899E-5        1.006258
        6.527999           0.108907E-4        1.007015           0.865946E-5        1.006258
        6.530000           0.108914E-4        1.007015           0.865995E-5        1.006259
        6.532000           0.108921E-4        1.007015           0.866044E-5        1.006259
        6.534000           0.108927E-4        1.007015           0.866092E-5        1.006259
        6.535999           0.108934E-4        1.007016           0.866139E-5        1.006259
        6.537999           0.108941E-4        1.007016           0.866187E-5        1.006259
        6.539999           0.108948E-4        1.007016           0.866236E-5        1.006259
        6.541999           0.108955E-4        1.007016           0.866284E-5        1.006260
        6.544000           0.108961E-4        1.007017           0.866332E-5        1.006260
        6.546000           0.108968E-4        1.007017           0.866380E-5        1.006260
        6.547999           0.108975E-4        1.007017           0.866429E-5        1.006260
        6.550000           0.108982E-4        1.007017           0.866476E-5        1.006260
        6.552000           0.108989E-4        1.007017           0.866525E-5        1.006261
        6.553999           0.108995E-4        1.007018           0.866573E-5        1.006261
        6.555999           0.109002E-4        1.007018           0.866622E-5        1.006261
        6.558000           0.109009E-4        1.007018           0.866669E-5        1.006261
        6.559999           0.109016E-4        1.007018           0.866717E-5        1.006261
        6.561999           0.109023E-4        1.007018           0.866764E-5        1.006261
        6.564000           0.109029E-4        1.007019           0.866813E-5        1.006261
        6.566000           0.109036E-4        1.007019           0.866862E-5        1.006262
        6.568000           0.109043E-4        1.007019           0.866910E-5        1.006262
        6.570000           0.109050E-4        1.007019           0.866958E-5        1.006262
        6.572000           0.109057E-4        1.007020           0.867006E-5        1.006262
        6.573999           0.109063E-4        1.007020           0.867055E-5        1.006262
        6.575999           0.109070E-4        1.007020           0.867103E-5        1.006263
        6.578000           0.109077E-4        1.007020           0.867150E-5        1.006263
        6.579999           0.109084E-4        1.007020           0.867199E-5        1.006263
        6.581999           0.109091E-4        1.007021           0.867247E-5        1.006263
        6.584000           0.109097E-4        1.007021           0.867296E-5        1.006263
        6.585999           0.109104E-4        1.007021           0.867344E-5        1.006263
        6.588000           0.109111E-4        1.007021           0.867392E-5        1.006264
        6.590000           0.109118E-4        1.007022           0.867440E-5        1.006264
        6.592000           0.109125E-4        1.007022           0.867488E-5        1.006264
        6.593999           0.109132E-4        1.007022           0.867536E-5        1.006264
        6.595999           0.109138E-4        1.007022           0.867584E-5        1.006264
        6.598000           0.109145E-4        1.007022           0.867632E-5        1.006264
        6.599999           0.109152E-4        1.007023           0.867681E-5        1.006265
        6.602000           0.109159E-4        1.007023           0.867729E-5        1.006265
        6.604000           0.109166E-4        1.007023           0.867776E-5        1.006265
        6.605999           0.109172E-4        1.007023           0.867826E-5        1.006265
        6.608000           0.109179E-4        1.007023           0.867875E-5        1.006265
        6.610000           0.109186E-4        1.007024           0.867923E-5        1.006266
        6.612000           0.109193E-4        1.007024           0.867970E-5        1.006266
        6.613999           0.109200E-4        1.007024           0.868019E-5        1.006266
        6.615999           0.109206E-4        1.007024           0.868067E-5        1.006266
        6.618000           0.109213E-4        1.007025           0.868115E-5        1.006266
        6.619999           0.109220E-4        1.007025           0.868164E-5        1.006266
        6.622000           0.109227E-4        1.007025           0.868212E-5        1.006267
        6.624000           0.109234E-4        1.007025           0.868260E-5        1.006267
        6.625999           0.109241E-4        1.007025           0.868309E-5        1.006267
        6.628000           0.109247E-4        1.007026           0.868357E-5        1.006267
        6.630000           0.109254E-4        1.007026           0.868405E-5        1.006267
        6.631999           0.109261E-4        1.007026           0.868454E-5        1.006267
        6.633999           0.109268E-4        1.007026           0.868502E-5        1.006268
        6.636000           0.109275E-4        1.007027           0.868551E-5        1.006268
        6.638000           0.109282E-4        1.007027           0.868599E-5        1.006268
        6.639999           0.109288E-4        1.007027           0.868647E-5        1.006268
        6.642000           0.109295E-4        1.007027           0.868695E-5        1.006268
        6.644000           0.109302E-4        1.007027           0.868743E-5        1.006269
        6.646000           0.109309E-4        1.007028           0.868792E-5        1.006269
        6.648000           0.109316E-4        1.007028           0.868840E-5        1.006269
        6.649999           0.109323E-4        1.007028           0.868889E-5        1.006269
        6.651999           0.109329E-4        1.007028           0.868936E-5        1.006269
        6.653999           0.109336E-4        1.007029           0.868985E-5        1.006269
        6.656000           0.109343E-4        1.007029           0.869034E-5        1.006269
        6.658000           0.109350E-4        1.007029           0.869082E-5        1.006270
        6.659999           0.109357E-4        1.007029           0.869130E-5        1.006270
        6.662000           0.109363E-4        1.007029           0.869178E-5        1.006270
        6.664000           0.109370E-4        1.007030           0.869227E-5        1.006270
        6.665999           0.109377E-4        1.007030           0.869275E-5        1.006270
        6.667999           0.109384E-4        1.007030           0.869323E-5        1.006271
        6.669999           0.109391E-4        1.007030           0.869372E-5        1.006271
        6.671999           0.109398E-4        1.007030           0.869420E-5        1.006271
        6.673999           0.109405E-4        1.007031           0.869469E-5        1.006271
        6.676000           0.109411E-4        1.007031           0.869517E-5        1.006271
        6.677999           0.109418E-4        1.007031           0.869566E-5        1.006271
        6.680000           0.109425E-4        1.007031           0.869614E-5        1.006272
        6.682000           0.109432E-4        1.007032           0.869662E-5        1.006272
        6.684000           0.109439E-4        1.007032           0.869711E-5        1.006272
        6.685999           0.109446E-4        1.007032           0.869760E-5        1.006272
        6.687999           0.109452E-4        1.007032           0.869808E-5        1.006272
        6.690000           0.109459E-4        1.007033           0.869856E-5        1.006272
        6.691999           0.109466E-4        1.007033           0.869904E-5        1.006273
        6.693999           0.109473E-4        1.007033           0.869952E-5        1.006273
        6.696000           0.109480E-4        1.007033           0.870002E-5        1.006273
        6.697999           0.109487E-4        1.007033           0.870050E-5        1.006273
        6.700000           0.109493E-4        1.007034           0.870098E-5        1.006273
        6.702000           0.109500E-4        1.007034           0.870146E-5        1.006274
        6.704000           0.109507E-4        1.007034           0.870195E-5        1.006274
        6.705999           0.109514E-4        1.007034           0.870244E-5        1.006274
        6.707999           0.109521E-4        1.007034           0.870292E-5        1.006274
        6.710000           0.109528E-4        1.007035           0.870340E-5        1.006274
        6.711999           0.109535E-4        1.007035           0.870389E-5        1.006274
        6.714000           0.109541E-4        1.007035           0.870437E-5        1.006275
        6.716000           0.109548E-4        1.007035           0.870485E-5        1.006275
        6.717999           0.109555E-4        1.007035           0.870534E-5        1.006275
        6.720000           0.109562E-4        1.007036           0.870583E-5        1.006275
        6.722000           0.109569E-4        1.007036           0.870631E-5        1.006275
        6.724000           0.109576E-4        1.007036           0.870679E-5        1.006275
        6.725999           0.109583E-4        1.007036           0.870728E-5        1.006276
        6.727999           0.109589E-4        1.007037           0.870777E-5        1.006276
        6.730000           0.109596E-4        1.007037           0.870826E-5        1.006276
        6.731999           0.109603E-4        1.007037           0.870874E-5        1.006276
        6.734000           0.109610E-4        1.007037           0.870922E-5        1.006276
        6.736000           0.109617E-4        1.007038           0.870970E-5        1.006276
        6.737999           0.109624E-4        1.007038           0.871019E-5        1.006277
        6.740000           0.109630E-4        1.007038           0.871067E-5        1.006277
        6.742000           0.109637E-4        1.007038           0.871116E-5        1.006277
        6.743999           0.109644E-4        1.007038           0.871164E-5        1.006277
        6.745999           0.109651E-4        1.007039           0.871214E-5        1.006277
        6.748000           0.109658E-4        1.007039           0.871262E-5        1.006278
        6.750000           0.109665E-4        1.007039           0.871311E-5        1.006278
        6.751999           0.109672E-4        1.007039           0.871359E-5        1.006278
        6.754000           0.109679E-4        1.007039           0.871407E-5        1.006278
        6.756000           0.109685E-4        1.007040           0.871456E-5        1.006278
        6.758000           0.109692E-4        1.007040           0.871504E-5        1.006278
        6.760000           0.109699E-4        1.007040           0.871553E-5        1.006279
        6.761999           0.109706E-4        1.007040           0.871601E-5        1.006279
        6.763999           0.109713E-4        1.007041           0.871650E-5        1.006279
        6.765999           0.109720E-4        1.007041           0.871699E-5        1.006279
        6.768000           0.109727E-4        1.007041           0.871748E-5        1.006279
        6.770000           0.109733E-4        1.007041           0.871796E-5        1.006279
        6.771999           0.109740E-4        1.007041           0.871844E-5        1.006280
        6.774000           0.109747E-4        1.007042           0.871894E-5        1.006280
        6.776000           0.109754E-4        1.007042           0.871942E-5        1.006280
        6.778000           0.109761E-4        1.007042           0.871990E-5        1.006280
        6.779999           0.109768E-4        1.007042           0.872039E-5        1.006280
        6.781999           0.109775E-4        1.007043           0.872088E-5        1.006280
        6.783999           0.109782E-4        1.007043           0.872136E-5        1.006281
        6.785999           0.109788E-4        1.007043           0.872185E-5        1.006281
        6.788000           0.109795E-4        1.007043           0.872234E-5        1.006281
        6.789999           0.109802E-4        1.007043           0.872282E-5        1.006281
        6.792000           0.109809E-4        1.007044           0.872330E-5        1.006281
        6.794000           0.109816E-4        1.007044           0.872379E-5        1.006281
        6.796000           0.109823E-4        1.007044           0.872428E-5        1.006282
        6.797999           0.109830E-4        1.007044           0.872477E-5        1.006282
        6.799999           0.109837E-4        1.007045           0.872525E-5        1.006282
        6.802000           0.109843E-4        1.007045           0.872574E-5        1.006282
        6.804000           0.109850E-4        1.007045           0.872623E-5        1.006282
        6.806000           0.109857E-4        1.007045           0.872670E-5        1.006283
        6.808000           0.109864E-4        1.007045           0.872720E-5        1.006283
        6.809999           0.109871E-4        1.007046           0.872769E-5        1.006283
        6.811999           0.109878E-4        1.007046           0.872817E-5        1.006283
        6.814000           0.109885E-4        1.007046           0.872865E-5        1.006283
        6.816000           0.109892E-4        1.007046           0.872914E-5        1.006283
        6.817999           0.109898E-4        1.007046           0.872963E-5        1.006284
        6.819999           0.109905E-4        1.007047           0.873011E-5        1.006284
        6.821999           0.109912E-4        1.007047           0.873060E-5        1.006284
        6.824000           0.109919E-4        1.007047           0.873109E-5        1.006284
        6.826000           0.109926E-4        1.007047           0.873157E-5        1.006284
        6.828000           0.109933E-4        1.007048           0.873206E-5        1.006284
        6.829999           0.109940E-4        1.007048           0.873255E-5        1.006285
        6.831999           0.109947E-4        1.007048           0.873304E-5        1.006285
        6.834000           0.109954E-4        1.007048           0.873352E-5        1.006285
        6.835999           0.109960E-4        1.007048           0.873402E-5        1.006285
        6.837999           0.109967E-4        1.007049           0.873450E-5        1.006285
        6.839999           0.109974E-4        1.007049           0.873499E-5        1.006286
        6.841999           0.109981E-4        1.007049           0.873547E-5        1.006286
        6.844000           0.109988E-4        1.007049           0.873596E-5        1.006286
        6.846000           0.109995E-4        1.007050           0.873645E-5        1.006286
        6.848000           0.110002E-4        1.007050           0.873694E-5        1.006286
        6.849999           0.110009E-4        1.007050           0.873742E-5        1.006286
        6.851999           0.110016E-4        1.007050           0.873791E-5        1.006287
        6.854000           0.110022E-4        1.007051           0.873840E-5        1.006287
        6.855999           0.110029E-4        1.007051           0.873888E-5        1.006287
        6.857999           0.110036E-4        1.007051           0.873937E-5        1.006287
        6.859999           0.110043E-4        1.007051           0.873986E-5        1.006287
        6.861999           0.110050E-4        1.007051           0.874035E-5        1.006287
        6.864000           0.110057E-4        1.007052           0.874084E-5        1.006288
        6.866000           0.110064E-4        1.007052           0.874133E-5        1.006288
        6.868000           0.110071E-4        1.007052           0.874181E-5        1.006288
        6.869999           0.110078E-4        1.007052           0.874230E-5        1.006288
        6.871999           0.110085E-4        1.007052           0.874279E-5        1.006288
        6.874000           0.110091E-4        1.007053           0.874328E-5        1.006289
        6.875999           0.110098E-4        1.007053           0.874377E-5        1.006289
        6.877999           0.110105E-4        1.007053           0.874425E-5        1.006289
        6.879999           0.110112E-4        1.007053           0.874474E-5        1.006289
        6.882000           0.110119E-4        1.007053           0.874524E-5        1.006289
        6.884000           0.110126E-4        1.007054           0.874572E-5        1.006289
        6.886000           0.110133E-4        1.007054           0.874621E-5        1.006290
        6.888000           0.110140E-4        1.007054           0.874669E-5        1.006290
        6.889999           0.110147E-4        1.007054           0.874719E-5        1.006290
        6.892000           0.110154E-4        1.007055           0.874768E-5        1.006290
        6.894000           0.110161E-4        1.007055           0.874816E-5        1.006290
        6.895999           0.110167E-4        1.007055           0.874865E-5        1.006290
        6.897999           0.110174E-4        1.007055           0.874914E-5        1.006291
        6.899999           0.110181E-4        1.007056           0.874963E-5        1.006291
        6.902000           0.110188E-4        1.007056           0.875011E-5        1.006291
        6.904000           0.110195E-4        1.007056           0.875061E-5        1.006291
        6.906000           0.110202E-4        1.007056           0.875109E-5        1.006291
        6.908000           0.110209E-4        1.007056           0.875157E-5        1.006292
        6.909999           0.110216E-4        1.007057           0.875206E-5        1.006292
        6.912000           0.110223E-4        1.007057           0.875256E-5        1.006292
        6.914000           0.110230E-4        1.007057           0.875305E-5        1.006292
        6.915999           0.110237E-4        1.007057           0.875354E-5        1.006292
        6.917999           0.110243E-4        1.007058           0.875403E-5        1.006292
        6.919999           0.110250E-4        1.007058           0.875451E-5        1.006293
        6.922000           0.110257E-4        1.007058           0.875500E-5        1.006293
        6.924000           0.110264E-4        1.007058           0.875549E-5        1.006293
        6.926000           0.110271E-4        1.007058           0.875598E-5        1.006293
        6.927999           0.110278E-4        1.007059           0.875646E-5        1.006293
        6.929999           0.110285E-4        1.007059           0.875696E-5        1.006293
        6.932000           0.110292E-4        1.007059           0.875744E-5        1.006294
        6.934000           0.110299E-4        1.007059           0.875793E-5        1.006294
        6.935999           0.110306E-4        1.007059           0.875843E-5        1.006294
        6.937999           0.110313E-4        1.007060           0.875892E-5        1.006294
        6.939999           0.110320E-4        1.007060           0.875940E-5        1.006294
        6.942000           0.110327E-4        1.007060           0.875989E-5        1.006294
        6.944000           0.110333E-4        1.007060           0.876039E-5        1.006295
        6.946000           0.110340E-4        1.007061           0.876087E-5        1.006295
        6.947999           0.110347E-4        1.007061           0.876136E-5        1.006295
        6.949999           0.110354E-4        1.007061           0.876185E-5        1.006295
        6.952000           0.110361E-4        1.007061           0.876234E-5        1.006295
        6.954000           0.110368E-4        1.007061           0.876283E-5        1.006296
        6.955999           0.110375E-4        1.007062           0.876332E-5        1.006296
        6.957999           0.110382E-4        1.007062           0.876381E-5        1.006296
        6.960000           0.110389E-4        1.007062           0.876430E-5        1.006296
        6.962000           0.110396E-4        1.007062           0.876479E-5        1.006296
        6.964000           0.110403E-4        1.007063           0.876528E-5        1.006296
        6.966000           0.110410E-4        1.007063           0.876577E-5        1.006297
        6.967999           0.110417E-4        1.007063           0.876625E-5        1.006297
        6.970000           0.110424E-4        1.007063           0.876675E-5        1.006297
        6.972000           0.110430E-4        1.007064           0.876723E-5        1.006297
        6.974000           0.110437E-4        1.007064           0.876772E-5        1.006297
        6.975999           0.110444E-4        1.007064           0.876822E-5        1.006297
        6.977999           0.110451E-4        1.007064           0.876871E-5        1.006298
        6.980000           0.110458E-4        1.007064           0.876920E-5        1.006298
        6.982000           0.110465E-4        1.007065           0.876969E-5        1.006298
        6.984000           0.110472E-4        1.007065           0.877017E-5        1.006298
        6.985999           0.110479E-4        1.007065           0.877066E-5        1.006298
        6.987999           0.110486E-4        1.007065           0.877116E-5        1.006299
        6.990000           0.110493E-4        1.007065           0.877165E-5        1.006299
        6.992000           0.110500E-4        1.007066           0.877214E-5        1.006299
        6.993999           0.110507E-4        1.007066           0.877263E-5        1.006299
        6.995999           0.110514E-4        1.007066           0.877312E-5        1.006299
        6.997999           0.110521E-4        1.007066           0.877361E-5        1.006299
        7.000000           0.110528E-4        1.007067           0.877410E-5        1.006299
        7.002000           0.110535E-4        1.007067           0.877459E-5        1.006300
        7.003999           0.110541E-4        1.007067           0.877508E-5        1.006300
        7.005999           0.110548E-4        1.007067           0.877557E-5        1.006300
        7.007999           0.110555E-4        1.007067           0.877605E-5        1.006300
        7.010000           0.110562E-4        1.007068           0.877655E-5        1.006300
        7.012000           0.110569E-4        1.007068           0.877704E-5        1.006301
        7.013999           0.110576E-4        1.007068           0.877753E-5        1.006301
        7.015999           0.110583E-4        1.007068           0.877803E-5        1.006301
        7.017999           0.110590E-4        1.007069           0.877852E-5        1.006301
        7.020000           0.110597E-4        1.007069           0.877900E-5        1.006301
        7.021999           0.110604E-4        1.007069           0.877950E-5        1.006302
        7.023999           0.110611E-4        1.007069           0.877999E-5        1.006302
        7.025999           0.110618E-4        1.007069           0.878048E-5        1.006302
        7.028000           0.110625E-4        1.007070           0.878097E-5        1.006302
        7.030000           0.110632E-4        1.007070           0.878146E-5        1.006302
        7.032000           0.110639E-4        1.007070           0.878195E-5        1.006302
        7.033999           0.110646E-4        1.007070           0.878244E-5        1.006302
        7.035999           0.110653E-4        1.007071           0.878294E-5        1.006303
        7.038000           0.110660E-4        1.007071           0.878343E-5        1.006303
        7.039999           0.110667E-4        1.007071           0.878392E-5        1.006303
        7.041999           0.110674E-4        1.007071           0.878441E-5        1.006303
        7.043999           0.110681E-4        1.007071           0.878490E-5        1.006303
        7.045999           0.110687E-4        1.007072           0.878539E-5        1.006304
        7.048000           0.110694E-4        1.007072           0.878589E-5        1.006304
        7.050000           0.110701E-4        1.007072           0.878638E-5        1.006304
        7.052000           0.110708E-4        1.007072           0.878687E-5        1.006304
        7.053999           0.110715E-4        1.007073           0.878736E-5        1.006304
        7.055999           0.110722E-4        1.007073           0.878785E-5        1.006305
        7.058000           0.110729E-4        1.007073           0.878834E-5        1.006305
        7.059999           0.110736E-4        1.007073           0.878884E-5        1.006305
        7.061999           0.110743E-4        1.007073           0.878932E-5        1.006305
        7.063999           0.110750E-4        1.007074           0.878982E-5        1.006305
        7.065999           0.110757E-4        1.007074           0.879031E-5        1.006305
        7.068000           0.110764E-4        1.007074           0.879080E-5        1.006305
        7.070000           0.110771E-4        1.007074           0.879130E-5        1.006306
        7.072000           0.110778E-4        1.007074           0.879179E-5        1.006306
        7.073999           0.110785E-4        1.007075           0.879228E-5        1.006306
        7.075999           0.110792E-4        1.007075           0.879277E-5        1.006306
        7.078000           0.110799E-4        1.007075           0.879326E-5        1.006306
        7.079999           0.110806E-4        1.007075           0.879375E-5        1.006307
        7.081999           0.110813E-4        1.007076           0.879425E-5        1.006307
        7.083999           0.110820E-4        1.007076           0.879473E-5        1.006307
        7.085999           0.110827E-4        1.007076           0.879523E-5        1.006307
        7.088000           0.110834E-4        1.007076           0.879572E-5        1.006307
        7.090000           0.110841E-4        1.007077           0.879622E-5        1.006307
        7.092000           0.110848E-4        1.007077           0.879671E-5        1.006308
        7.093999           0.110855E-4        1.007077           0.879720E-5        1.006308
        7.095999           0.110862E-4        1.007077           0.879769E-5        1.006308
        7.098000           0.110869E-4        1.007077           0.879818E-5        1.006308
        7.099999           0.110876E-4        1.007078           0.879868E-5        1.006308
        7.101999           0.110883E-4        1.007078           0.879917E-5        1.006309
        7.103999           0.110890E-4        1.007078           0.879966E-5        1.006309
        7.106000           0.110897E-4        1.007078           0.880016E-5        1.006309
        7.108000           0.110904E-4        1.007079           0.880065E-5        1.006309
        7.110000           0.110911E-4        1.007079           0.880114E-5        1.006309
        7.112000           0.110917E-4        1.007079           0.880163E-5        1.006309
        7.113999           0.110924E-4        1.007079           0.880213E-5        1.006310
        7.116000           0.110931E-4        1.007079           0.880262E-5        1.006310
        7.118000           0.110938E-4        1.007080           0.880312E-5        1.006310
        7.119999           0.110945E-4        1.007080           0.880360E-5        1.006310
        7.121999           0.110952E-4        1.007080           0.880410E-5        1.006310
        7.123999           0.110959E-4        1.007080           0.880459E-5        1.006310
        7.126000           0.110966E-4        1.007081           0.880508E-5        1.006311
        7.128000           0.110973E-4        1.007081           0.880558E-5        1.006311
        7.130000           0.110980E-4        1.007081           0.880608E-5        1.006311
        7.131999           0.110987E-4        1.007081           0.880656E-5        1.006311
        7.133999           0.110994E-4        1.007081           0.880705E-5        1.006311
        7.136000           0.111001E-4        1.007082           0.880755E-5        1.006312
        7.138000           0.111008E-4        1.007082           0.880805E-5        1.006312
        7.139999           0.111015E-4        1.007082           0.880855E-5        1.006312
        7.141999           0.111022E-4        1.007082           0.880903E-5        1.006312
        7.143999           0.111029E-4        1.007082           0.880953E-5        1.006312
        7.146000           0.111036E-4        1.007083           0.881001E-5        1.006312
        7.148000           0.111043E-4        1.007083           0.881051E-5        1.006313
        7.150000           0.111050E-4        1.007083           0.881101E-5        1.006313
        7.151999           0.111057E-4        1.007083           0.881149E-5        1.006313
        7.153999           0.111064E-4        1.007084           0.881200E-5        1.006313
        7.156000           0.111071E-4        1.007084           0.881249E-5        1.006313
        7.158000           0.111078E-4        1.007084           0.881298E-5        1.006313
        7.159999           0.111085E-4        1.007084           0.881347E-5        1.006314
        7.161999           0.111092E-4        1.007084           0.881396E-5        1.006314
        7.163999           0.111099E-4        1.007085           0.881446E-5        1.006314
        7.166000           0.111106E-4        1.007085           0.881496E-5        1.006314
        7.168000           0.111113E-4        1.007085           0.881546E-5        1.006314
        7.170000           0.111120E-4        1.007085           0.881595E-5        1.006315
        7.171999           0.111127E-4        1.007086           0.881644E-5        1.006315
        7.173999           0.111134E-4        1.007086           0.881694E-5        1.006315
        7.176000           0.111141E-4        1.007086           0.881743E-5        1.006315
        7.177999           0.111148E-4        1.007086           0.881791E-5        1.006315
        7.179999           0.111155E-4        1.007087           0.881842E-5        1.006315
        7.181999           0.111162E-4        1.007087           0.881891E-5        1.006316
        7.184000           0.111169E-4        1.007087           0.881940E-5        1.006316
        7.186000           0.111176E-4        1.007087           0.881989E-5        1.006316
        7.188000           0.111183E-4        1.007087           0.882039E-5        1.006316
        7.190000           0.111190E-4        1.007088           0.882089E-5        1.006316
        7.191999           0.111197E-4        1.007088           0.882138E-5        1.006316
        7.194000           0.111204E-4        1.007088           0.882187E-5        1.006317
        7.196000           0.111211E-4        1.007088           0.882237E-5        1.006317
        7.197999           0.111218E-4        1.007089           0.882286E-5        1.006317
        7.199999           0.111225E-4        1.007089           0.882336E-5        1.006317
        7.201999           0.111232E-4        1.007089           0.882386E-5        1.006317
        7.204000           0.111239E-4        1.007089           0.882436E-5        1.006317
        7.206000           0.111246E-4        1.007089           0.882484E-5        1.006318
        7.208000           0.111253E-4        1.007090           0.882534E-5        1.006318
        7.210000           0.111260E-4        1.007090           0.882583E-5        1.006318
        7.211999           0.111267E-4        1.007090           0.882634E-5        1.006318
        7.214000           0.111274E-4        1.007090           0.882682E-5        1.006318
        7.216000           0.111281E-4        1.007091           0.882732E-5        1.006319
        7.217999           0.111288E-4        1.007091           0.882782E-5        1.006319
        7.219999           0.111295E-4        1.007091           0.882831E-5        1.006319
        7.221999           0.111302E-4        1.007091           0.882881E-5        1.006319
        7.224000           0.111309E-4        1.007091           0.882930E-5        1.006319
        7.226000           0.111316E-4        1.007092           0.882979E-5        1.006319
        7.228000           0.111323E-4        1.007092           0.883029E-5        1.006320
        7.229999           0.111330E-4        1.007092           0.883078E-5        1.006320
        7.231999           0.111338E-4        1.007092           0.883128E-5        1.006320
        7.234000           0.111345E-4        1.007092           0.883178E-5        1.006320
        7.236000           0.111352E-4        1.007093           0.883227E-5        1.006320
        7.237999           0.111359E-4        1.007093           0.883276E-5        1.006320
        7.239999           0.111366E-4        1.007093           0.883327E-5        1.006321
        7.241999           0.111373E-4        1.007093           0.883376E-5        1.006321
        7.244000           0.111380E-4        1.007094           0.883425E-5        1.006321
        7.245999           0.111387E-4        1.007094           0.883475E-5        1.006321
        7.247999           0.111394E-4        1.007094           0.883524E-5        1.006321
        7.249999           0.111401E-4        1.007094           0.883574E-5        1.006322
        7.251999           0.111408E-4        1.007095           0.883623E-5        1.006322
        7.254000           0.111415E-4        1.007095           0.883673E-5        1.006322
        7.256000           0.111422E-4        1.007095           0.883722E-5        1.006322
        7.257999           0.111429E-4        1.007095           0.883773E-5        1.006322
        7.259999           0.111436E-4        1.007095           0.883822E-5        1.006322
        7.262000           0.111443E-4        1.007096           0.883872E-5        1.006323
        7.263999           0.111450E-4        1.007096           0.883922E-5        1.006323
        7.265999           0.111457E-4        1.007096           0.883971E-5        1.006323
        7.267999           0.111464E-4        1.007096           0.884020E-5        1.006323
        7.269999           0.111471E-4        1.007097           0.884070E-5        1.006323
        7.272000           0.111478E-4        1.007097           0.884120E-5        1.006323
        7.274000           0.111485E-4        1.007097           0.884169E-5        1.006324
        7.276000           0.111492E-4        1.007097           0.884219E-5        1.006324
        7.277999           0.111499E-4        1.007097           0.884268E-5        1.006324
        7.279999           0.111506E-4        1.007098           0.884319E-5        1.006324
        7.282000           0.111513E-4        1.007098           0.884367E-5        1.006324
        7.283999           0.111520E-4        1.007098           0.884418E-5        1.006325
        7.285999           0.111527E-4        1.007098           0.884467E-5        1.006325
        7.287999           0.111534E-4        1.007099           0.884517E-5        1.006325
        7.289999           0.111541E-4        1.007099           0.884566E-5        1.006325
        7.292000           0.111548E-4        1.007099           0.884617E-5        1.006325
        7.294000           0.111555E-4        1.007099           0.884666E-5        1.006325
        7.296000           0.111563E-4        1.007099           0.884715E-5        1.006326
        7.297999           0.111570E-4        1.007100           0.884765E-5        1.006326
        7.299999           0.111577E-4        1.007100           0.884814E-5        1.006326
        7.302000           0.111584E-4        1.007100           0.884864E-5        1.006326
        7.303999           0.111591E-4        1.007100           0.884914E-5        1.006326
        7.305999           0.111598E-4        1.007101           0.884963E-5        1.006327
        7.307999           0.111605E-4        1.007101           0.885013E-5        1.006327
        7.309999           0.111612E-4        1.007101           0.885063E-5        1.006327
        7.312000           0.111619E-4        1.007101           0.885113E-5        1.006327
        7.314000           0.111626E-4        1.007101           0.885163E-5        1.006327
        7.316000           0.111633E-4        1.007102           0.885213E-5        1.006327
        7.317999           0.111640E-4        1.007102           0.885262E-5        1.006328
        7.319999           0.111647E-4        1.007102           0.885312E-5        1.006328
        7.322000           0.111654E-4        1.007102           0.885361E-5        1.006328
        7.323999           0.111661E-4        1.007103           0.885411E-5        1.006328
        7.325999           0.111668E-4        1.007103           0.885461E-5        1.006328
        7.327999           0.111675E-4        1.007103           0.885511E-5        1.006328
        7.330000           0.111682E-4        1.007103           0.885560E-5        1.006329
        7.332000           0.111689E-4        1.007103           0.885610E-5        1.006329
        7.334000           0.111696E-4        1.007104           0.885660E-5        1.006329
        7.335999           0.111703E-4        1.007104           0.885710E-5        1.006329
        7.337999           0.111710E-4        1.007104           0.885760E-5        1.006329
        7.340000           0.111718E-4        1.007104           0.885809E-5        1.006330
        7.342000           0.111725E-4        1.007105           0.885859E-5        1.006330
        7.343999           0.111732E-4        1.007105           0.885908E-5        1.006330
        7.345999           0.111739E-4        1.007105           0.885958E-5        1.006330
        7.347999           0.111746E-4        1.007105           0.886008E-5        1.006330
        7.350000           0.111753E-4        1.007105           0.886058E-5        1.006330
        7.352000           0.111760E-4        1.007106           0.886108E-5        1.006331
        7.354000           0.111767E-4        1.007106           0.886157E-5        1.006331
        7.355999           0.111774E-4        1.007106           0.886208E-5        1.006331
        7.357999           0.111781E-4        1.007106           0.886257E-5        1.006331
        7.360000           0.111788E-4        1.007107           0.886307E-5        1.006331
        7.362000           0.111795E-4        1.007107           0.886356E-5        1.006331
        7.363999           0.111802E-4        1.007107           0.886406E-5        1.006332
        7.365999           0.111809E-4        1.007107           0.886456E-5        1.006332
        7.367999           0.111816E-4        1.007107           0.886506E-5        1.006332
        7.370000           0.111823E-4        1.007108           0.886556E-5        1.006332
        7.372000           0.111831E-4        1.007108           0.886605E-5        1.006332
        7.374000           0.111838E-4        1.007108           0.886655E-5        1.006333
        7.375999           0.111845E-4        1.007108           0.886705E-5        1.006333
        7.377999           0.111852E-4        1.007109           0.886755E-5        1.006333
        7.380000           0.111859E-4        1.007109           0.886804E-5        1.006333
        7.381999           0.111866E-4        1.007109           0.886855E-5        1.006333
        7.383999           0.111873E-4        1.007109           0.886905E-5        1.006333
        7.385999           0.111880E-4        1.007110           0.886955E-5        1.006334
        7.387999           0.111887E-4        1.007110           0.887005E-5        1.006334
        7.390000           0.111894E-4        1.007110           0.887054E-5        1.006334
        7.392000           0.111901E-4        1.007110           0.887104E-5        1.006334
        7.394000           0.111908E-4        1.007110           0.887154E-5        1.006334
        7.395999           0.111915E-4        1.007111           0.887203E-5        1.006334
        7.397999           0.111922E-4        1.007111           0.887254E-5        1.006335
        7.400000           0.111930E-4        1.007111           0.887304E-5        1.006335
        7.401999           0.111937E-4        1.007111           0.887354E-5        1.006335
        7.403999           0.111944E-4        1.007112           0.887403E-5        1.006335
        7.405999           0.111951E-4        1.007112           0.887453E-5        1.006335
        7.408000           0.111958E-4        1.007112           0.887503E-5        1.006335
        7.410000           0.111965E-4        1.007112           0.887554E-5        1.006336
        7.412000           0.111972E-4        1.007112           0.887604E-5        1.006336
        7.414000           0.111979E-4        1.007113           0.887653E-5        1.006336
        7.415999           0.111986E-4        1.007113           0.887703E-5        1.006336
        7.418000           0.111993E-4        1.007113           0.887753E-5        1.006336
        7.420000           0.112000E-4        1.007113           0.887803E-5        1.006337
        7.421999           0.112007E-4        1.007113           0.887853E-5        1.006337
        7.423999           0.112015E-4        1.007114           0.887903E-5        1.006337
        7.425999           0.112022E-4        1.007114           0.887953E-5        1.006337
        7.428000           0.112029E-4        1.007114           0.888003E-5        1.006337
        7.430000           0.112036E-4        1.007114           0.888053E-5        1.006338
        7.432000           0.112043E-4        1.007115           0.888103E-5        1.006338
        7.434000           0.112050E-4        1.007115           0.888153E-5        1.006338
        7.435999           0.112057E-4        1.007115           0.888203E-5        1.006338
        7.438000           0.112064E-4        1.007115           0.888253E-5        1.006338
        7.440000           0.112071E-4        1.007115           0.888303E-5        1.006338
        7.441999           0.112078E-4        1.007116           0.888352E-5        1.006339
        7.443999           0.112085E-4        1.007116           0.888403E-5        1.006339
        7.445999           0.112092E-4        1.007116           0.888452E-5        1.006339
        7.448000           0.112100E-4        1.007116           0.888503E-5        1.006339
        7.450000           0.112107E-4        1.007117           0.888553E-5        1.006339
        7.452000           0.112114E-4        1.007117           0.888602E-5        1.006339
        7.453999           0.112121E-4        1.007117           0.888652E-5        1.006340
        7.455999           0.112128E-4        1.007117           0.888703E-5        1.006340
        7.458000           0.112135E-4        1.007118           0.888752E-5        1.006340
        7.460000           0.112142E-4        1.007118           0.888803E-5        1.006340
        7.461999           0.112149E-4        1.007118           0.888852E-5        1.006340
        7.463999           0.112156E-4        1.007118           0.888902E-5        1.006341
        7.465999           0.112163E-4        1.007118           0.888952E-5        1.006341
        7.468000           0.112171E-4        1.007119           0.889002E-5        1.006341
        7.470000           0.112178E-4        1.007119           0.889052E-5        1.006341
        7.471999           0.112185E-4        1.007119           0.889103E-5        1.006341
        7.473999           0.112192E-4        1.007119           0.889152E-5        1.006341
        7.475999           0.112199E-4        1.007120           0.889203E-5        1.006342
        7.478000           0.112206E-4        1.007120           0.889253E-5        1.006342
        7.480000           0.112213E-4        1.007120           0.889303E-5        1.006342
        7.481999           0.112220E-4        1.007120           0.889353E-5        1.006342
        7.483999           0.112227E-4        1.007120           0.889403E-5        1.006342
        7.486000           0.112234E-4        1.007121           0.889453E-5        1.006343
        7.488000           0.112242E-4        1.007121           0.889503E-5        1.006343
        7.489999           0.112249E-4        1.007121           0.889553E-5        1.006343
        7.491999           0.112256E-4        1.007121           0.889603E-5        1.006343
        7.493999           0.112263E-4        1.007122           0.889653E-5        1.006343
        7.496000           0.112270E-4        1.007122           0.889704E-5        1.006343
        7.498000           0.112277E-4        1.007122           0.889753E-5        1.006344
        7.500000           0.112284E-4        1.007122           0.889804E-5        1.006344
        7.501999           0.112291E-4        1.007123           0.889854E-5        1.006344
        7.503999           0.112298E-4        1.007123           0.889904E-5        1.006344
        7.506000           0.112306E-4        1.007123           0.889954E-5        1.006344
        7.507999           0.112313E-4        1.007123           0.890004E-5        1.006344
        7.509999           0.112320E-4        1.007123           0.890054E-5        1.006345
        7.511999           0.112327E-4        1.007124           0.890105E-5        1.006345
        7.513999           0.112334E-4        1.007124           0.890154E-5        1.006345
        7.516000           0.112341E-4        1.007124           0.890205E-5        1.006345
        7.518000           0.112348E-4        1.007124           0.890255E-5        1.006345
        7.520000           0.112355E-4        1.007125           0.890305E-5        1.006346
        7.521999           0.112362E-4        1.007125           0.890355E-5        1.006346
        7.523999           0.112370E-4        1.007125           0.890405E-5        1.006346
        7.526000           0.112377E-4        1.007125           0.890456E-5        1.006346
        7.527999           0.112384E-4        1.007125           0.890506E-5        1.006346
        7.529999           0.112391E-4        1.007126           0.890556E-5        1.006346
        7.531999           0.112398E-4        1.007126           0.890606E-5        1.006347
        7.533999           0.112405E-4        1.007126           0.890656E-5        1.006347
        7.536000           0.112412E-4        1.007126           0.890706E-5        1.006347
        7.538000           0.112419E-4        1.007127           0.890756E-5        1.006347
        7.539999           0.112427E-4        1.007127           0.890807E-5        1.006347
        7.541999           0.112434E-4        1.007127           0.890856E-5        1.006347
        7.543999           0.112441E-4        1.007127           0.890908E-5        1.006348
        7.546000           0.112448E-4        1.007127           0.890957E-5        1.006348
        7.547999           0.112455E-4        1.007128           0.891008E-5        1.006348
        7.549999           0.112462E-4        1.007128           0.891058E-5        1.006348
        7.551999           0.112469E-4        1.007128           0.891108E-5        1.006348
        7.554000           0.112476E-4        1.007128           0.891157E-5        1.006348
        7.556000           0.112484E-4        1.007129           0.891208E-5        1.006349
        7.558000           0.112491E-4        1.007129           0.891259E-5        1.006349
        7.559999           0.112498E-4        1.007129           0.891308E-5        1.006349
        7.561999           0.112505E-4        1.007129           0.891359E-5        1.006349
        7.564000           0.112512E-4        1.007129           0.891409E-5        1.006349
        7.566000           0.112519E-4        1.007130           0.891459E-5        1.006350
        7.567999           0.112526E-4        1.007130           0.891509E-5        1.006350
        7.569999           0.112533E-4        1.007130           0.891560E-5        1.006350
        7.571999           0.112541E-4        1.007130           0.891610E-5        1.006350
        7.574000           0.112548E-4        1.007131           0.891660E-5        1.006350
        7.576000           0.112555E-4        1.007131           0.891711E-5        1.006351
        7.578000           0.112562E-4        1.007131           0.891760E-5        1.006351
        7.579999           0.112569E-4        1.007131           0.891811E-5        1.006351
        7.581999           0.112576E-4        1.007131           0.891861E-5        1.006351
        7.584000           0.112583E-4        1.007132           0.891912E-5        1.006351
        7.585999           0.112591E-4        1.007132           0.891962E-5        1.006351
        7.587999           0.112598E-4        1.007132           0.892012E-5        1.006352
        7.589999           0.112605E-4        1.007132           0.892063E-5        1.006352
        7.591999           0.112612E-4        1.007133           0.892113E-5        1.006352
        7.594000           0.112619E-4        1.007133           0.892164E-5        1.006352
        7.596000           0.112626E-4        1.007133           0.892213E-5        1.006352
        7.598000           0.112633E-4        1.007133           0.892264E-5        1.006352
        7.599999           0.112641E-4        1.007133           0.892314E-5        1.006353
        7.601999           0.112648E-4        1.007134           0.892365E-5        1.006353
        7.604000           0.112655E-4        1.007134           0.892415E-5        1.006353
        7.605999           0.112662E-4        1.007134           0.892465E-5        1.006353
        7.607999           0.112669E-4        1.007134           0.892515E-5        1.006353
        7.609999           0.112676E-4        1.007135           0.892565E-5        1.006353
        7.611999           0.112683E-4        1.007135           0.892616E-5        1.006354
        7.614000           0.112691E-4        1.007135           0.892667E-5        1.006354
        7.616000           0.112698E-4        1.007135           0.892717E-5        1.006354
        7.618000           0.112705E-4        1.007136           0.892767E-5        1.006354
        7.619999           0.112712E-4        1.007136           0.892817E-5        1.006354
        7.621999           0.112719E-4        1.007136           0.892868E-5        1.006355
        7.624000           0.112726E-4        1.007136           0.892918E-5        1.006355
        7.625999           0.112733E-4        1.007136           0.892968E-5        1.006355
        7.627999           0.112741E-4        1.007137           0.893019E-5        1.006355
        7.629999           0.112748E-4        1.007137           0.893070E-5        1.006355
        7.632000           0.112755E-4        1.007137           0.893120E-5        1.006356
        7.634000           0.112762E-4        1.007137           0.893170E-5        1.006356
        7.636000           0.112769E-4        1.007138           0.893220E-5        1.006356
        7.638000           0.112776E-4        1.007138           0.893271E-5        1.006356
        7.639999           0.112784E-4        1.007138           0.893321E-5        1.006356
        7.642000           0.112791E-4        1.007138           0.893371E-5        1.006356
        7.644000           0.112798E-4        1.007138           0.893422E-5        1.006357
        7.645999           0.112805E-4        1.007139           0.893473E-5        1.006357
        7.647999           0.112812E-4        1.007139           0.893523E-5        1.006357
        7.649999           0.112819E-4        1.007139           0.893573E-5        1.006357
        7.652000           0.112827E-4        1.007139           0.893624E-5        1.006357
        7.654000           0.112834E-4        1.007140           0.893674E-5        1.006357
        7.656000           0.112841E-4        1.007140           0.893724E-5        1.006358
        7.658000           0.112848E-4        1.007140           0.893775E-5        1.006358
        7.659999           0.112855E-4        1.007140           0.893827E-5        1.006358
        7.662000           0.112862E-4        1.007141           0.893876E-5        1.006358
        7.664000           0.112870E-4        1.007141           0.893926E-5        1.006358
        7.665999           0.112877E-4        1.007141           0.893977E-5        1.006359
        7.667999           0.112884E-4        1.007141           0.894027E-5        1.006359
        7.669999           0.112891E-4        1.007141           0.894077E-5        1.006359
        7.672000           0.112898E-4        1.007142           0.894129E-5        1.006359
        7.674000           0.112905E-4        1.007142           0.894179E-5        1.006359
        7.676000           0.112913E-4        1.007142           0.894230E-5        1.006359
        7.677999           0.112920E-4        1.007142           0.894280E-5        1.006360
        7.679999           0.112927E-4        1.007143           0.894330E-5        1.006360
        7.682000           0.112934E-4        1.007143           0.894380E-5        1.006360
        7.684000           0.112941E-4        1.007143           0.894432E-5        1.006360
        7.685999           0.112948E-4        1.007143           0.894481E-5        1.006360
        7.687999           0.112956E-4        1.007143           0.894532E-5        1.006361
        7.689999           0.112963E-4        1.007144           0.894582E-5        1.006361
        7.692000           0.112970E-4        1.007144           0.894633E-5        1.006361
        7.694000           0.112977E-4        1.007144           0.894684E-5        1.006361
        7.695999           0.112984E-4        1.007144           0.894734E-5        1.006361
        7.697999           0.112991E-4        1.007145           0.894784E-5        1.006361
        7.699999           0.112999E-4        1.007145           0.894836E-5        1.006362
        7.702000           0.113006E-4        1.007145           0.894886E-5        1.006362
        7.704000           0.113013E-4        1.007145           0.894936E-5        1.006362
        7.705999           0.113020E-4        1.007145           0.894986E-5        1.006362
        7.707999           0.113027E-4        1.007146           0.895037E-5        1.006362
        7.710000           0.113035E-4        1.007146           0.895087E-5        1.006362
        7.712000           0.113042E-4        1.007146           0.895138E-5        1.006363
        7.713999           0.113049E-4        1.007146           0.895189E-5        1.006363
        7.715999           0.113056E-4        1.007147           0.895239E-5        1.006363
        7.717999           0.113063E-4        1.007147           0.895290E-5        1.006363
        7.720000           0.113070E-4        1.007147           0.895341E-5        1.006363
        7.722000           0.113078E-4        1.007147           0.895391E-5        1.006364
        7.724000           0.113085E-4        1.007148           0.895441E-5        1.006364
        7.725999           0.113092E-4        1.007148           0.895492E-5        1.006364
        7.727999           0.113099E-4        1.007148           0.895543E-5        1.006364
        7.730000           0.113106E-4        1.007148           0.895594E-5        1.006364
        7.731999           0.113114E-4        1.007148           0.895644E-5        1.006364
        7.733999           0.113121E-4        1.007149           0.895694E-5        1.006365
        7.735999           0.113128E-4        1.007149           0.895745E-5        1.006365
        7.737999           0.113135E-4        1.007149           0.895796E-5        1.006365
        7.740000           0.113142E-4        1.007149           0.895847E-5        1.006365
        7.742000           0.113150E-4        1.007150           0.895897E-5        1.006365
        7.743999           0.113157E-4        1.007150           0.895948E-5        1.006366
        7.745999           0.113164E-4        1.007150           0.895998E-5        1.006366
        7.747999           0.113171E-4        1.007150           0.896049E-5        1.006366
        7.750000           0.113178E-4        1.007150           0.896099E-5        1.006366
        7.751999           0.113186E-4        1.007151           0.896150E-5        1.006366
        7.753999           0.113193E-4        1.007151           0.896201E-5        1.006366
        7.755999           0.113200E-4        1.007151           0.896252E-5        1.006367
        7.757999           0.113207E-4        1.007151           0.896303E-5        1.006367
        7.760000           0.113214E-4        1.007152           0.896353E-5        1.006367
        7.762000           0.113221E-4        1.007152           0.896404E-5        1.006367
        7.763999           0.113229E-4        1.007152           0.896454E-5        1.006367
        7.765999           0.113236E-4        1.007152           0.896505E-5        1.006367
        7.767999           0.113243E-4        1.007152           0.896556E-5        1.006368
        7.770000           0.113250E-4        1.007153           0.896606E-5        1.006368
        7.771999           0.113257E-4        1.007153           0.896657E-5        1.006368
        7.773999           0.113265E-4        1.007153           0.896707E-5        1.006368
        7.775999           0.113272E-4        1.007153           0.896758E-5        1.006368
        7.777999           0.113279E-4        1.007154           0.896810E-5        1.006369
        7.780000           0.113286E-4        1.007154           0.896860E-5        1.006369
        7.782000           0.113294E-4        1.007154           0.896911E-5        1.006369
        7.783999           0.113301E-4        1.007154           0.896961E-5        1.006369
        7.785999           0.113308E-4        1.007154           0.897012E-5        1.006369
        7.788000           0.113315E-4        1.007155           0.897062E-5        1.006369
        7.789999           0.113322E-4        1.007155           0.897114E-5        1.006370
        7.791999           0.113330E-4        1.007155           0.897164E-5        1.006370
        7.793999           0.113337E-4        1.007155           0.897215E-5        1.006370
        7.795999           0.113344E-4        1.007156           0.897266E-5        1.006370
        7.798000           0.113351E-4        1.007156           0.897316E-5        1.006370
        7.800000           0.113358E-4        1.007156           0.897367E-5        1.006371
        7.802000           0.113366E-4        1.007156           0.897418E-5        1.006371
        7.803999           0.113373E-4        1.007157           0.897469E-5        1.006371
        7.805999           0.113380E-4        1.007157           0.897520E-5        1.006371
        7.808000           0.113387E-4        1.007157           0.897571E-5        1.006371
        7.809999           0.113394E-4        1.007157           0.897621E-5        1.006371
        7.811999           0.113402E-4        1.007157           0.897672E-5        1.006372
        7.813999           0.113409E-4        1.007158           0.897723E-5        1.006372
        7.815999           0.113416E-4        1.007158           0.897774E-5        1.006372
        7.818000           0.113423E-4        1.007158           0.897824E-5        1.006372
        7.820000           0.113431E-4        1.007158           0.897875E-5        1.006372
        7.822000           0.113438E-4        1.007159           0.897925E-5        1.006372
        7.823999           0.113445E-4        1.007159           0.897976E-5        1.006373
        7.825999           0.113452E-4        1.007159           0.898027E-5        1.006373
        7.828000           0.113459E-4        1.007159           0.898078E-5        1.006373
        7.829999           0.113467E-4        1.007159           0.898128E-5        1.006373
        7.831999           0.113474E-4        1.007160           0.898180E-5        1.006373
        7.833999           0.113481E-4        1.007160           0.898231E-5        1.006374
        7.835999           0.113488E-4        1.007160           0.898282E-5        1.006374
        7.838000           0.113496E-4        1.007160           0.898332E-5        1.006374
        7.840000           0.113503E-4        1.007161           0.898383E-5        1.006374
        7.842000           0.113510E-4        1.007161           0.898433E-5        1.006374
        7.843999           0.113517E-4        1.007161           0.898485E-5        1.006374
        7.845999           0.113524E-4        1.007161           0.898535E-5        1.006375
        7.848000           0.113532E-4        1.007161           0.898586E-5        1.006375
        7.849999           0.113539E-4        1.007162           0.898637E-5        1.006375
        7.851999           0.113546E-4        1.007162           0.898688E-5        1.006375
        7.853999           0.113553E-4        1.007162           0.898739E-5        1.006375
        7.856000           0.113561E-4        1.007162           0.898789E-5        1.006376
        7.858000           0.113568E-4        1.007163           0.898841E-5        1.006376
        7.860000           0.113575E-4        1.007163           0.898891E-5        1.006376
        7.862000           0.113582E-4        1.007163           0.898942E-5        1.006376
        7.863999           0.113590E-4        1.007163           0.898992E-5        1.006376
        7.866000           0.113597E-4        1.007164           0.899044E-5        1.006377
        7.868000           0.113604E-4        1.007164           0.899094E-5        1.006377
        7.869999           0.113611E-4        1.007164           0.899146E-5        1.006377
        7.871999           0.113619E-4        1.007164           0.899196E-5        1.006377
        7.873999           0.113626E-4        1.007164           0.899247E-5        1.006377
        7.876000           0.113633E-4        1.007165           0.899299E-5        1.006377
        7.878000           0.113640E-4        1.007165           0.899350E-5        1.006378
        7.880000           0.113647E-4        1.007165           0.899400E-5        1.006378
        7.881999           0.113655E-4        1.007165           0.899451E-5        1.006378
        7.883999           0.113662E-4        1.007166           0.899502E-5        1.006378
        7.886000           0.113669E-4        1.007166           0.899553E-5        1.006378
        7.888000           0.113676E-4        1.007166           0.899604E-5        1.006378
        7.889999           0.113684E-4        1.007166           0.899655E-5        1.006379
        7.891999           0.113691E-4        1.007167           0.899706E-5        1.006379
        7.893999           0.113698E-4        1.007167           0.899756E-5        1.006379
        7.896000           0.113705E-4        1.007167           0.899807E-5        1.006379
        7.898000           0.113713E-4        1.007167           0.899859E-5        1.006379
        7.900000           0.113720E-4        1.007167           0.899909E-5        1.006379
        7.901999           0.113727E-4        1.007168           0.899960E-5        1.006380
        7.903999           0.113734E-4        1.007168           0.900011E-5        1.006380
        7.906000           0.113742E-4        1.007168           0.900062E-5        1.006380
        7.908000           0.113749E-4        1.007168           0.900113E-5        1.006380
        7.909999           0.113756E-4        1.007169           0.900164E-5        1.006380
        7.911999           0.113763E-4        1.007169           0.900215E-5        1.006381
        7.913999           0.113771E-4        1.007169           0.900267E-5        1.006381
        7.916000           0.113778E-4        1.007169           0.900318E-5        1.006381
        7.918000           0.113785E-4        1.007169           0.900368E-5        1.006381
        7.920000           0.113792E-4        1.007170           0.900419E-5        1.006381
        7.921999           0.113800E-4        1.007170           0.900470E-5        1.006382
        7.923999           0.113807E-4        1.007170           0.900522E-5        1.006382
        7.926000           0.113814E-4        1.007170           0.900572E-5        1.006382
        7.927999           0.113821E-4        1.007171           0.900623E-5        1.006382
        7.929999           0.113829E-4        1.007171           0.900675E-5        1.006382
        7.931999           0.113836E-4        1.007171           0.900725E-5        1.006382
        7.934000           0.113843E-4        1.007171           0.900777E-5        1.006383
        7.936000           0.113851E-4        1.007172           0.900827E-5        1.006383
        7.938000           0.113858E-4        1.007172           0.900878E-5        1.006383
        7.939999           0.113865E-4        1.007172           0.900930E-5        1.006383
        7.941999           0.113872E-4        1.007172           0.900981E-5        1.006383
        7.944000           0.113880E-4        1.007172           0.901031E-5        1.006383
        7.946000           0.113887E-4        1.007173           0.901082E-5        1.006384
        7.947999           0.113894E-4        1.007173           0.901133E-5        1.006384
        7.949999           0.113901E-4        1.007173           0.901185E-5        1.006384
        7.951999           0.113909E-4        1.007173           0.901235E-5        1.006384
        7.954000           0.113916E-4        1.007174           0.901287E-5        1.006384
        7.955999           0.113923E-4        1.007174           0.901338E-5        1.006385
        7.957999           0.113930E-4        1.007174           0.901389E-5        1.006385
        7.959999           0.113938E-4        1.007174           0.901440E-5        1.006385
        7.961999           0.113945E-4        1.007174           0.901491E-5        1.006385
        7.964000           0.113952E-4        1.007175           0.901543E-5        1.006385
        7.966000           0.113959E-4        1.007175           0.901593E-5        1.006385
        7.967999           0.113967E-4        1.007175           0.901645E-5        1.006386
        7.969999           0.113974E-4        1.007175           0.901696E-5        1.006386
        7.971999           0.113981E-4        1.007176           0.901747E-5        1.006386
        7.974000           0.113989E-4        1.007176           0.901798E-5        1.006386
        7.975999           0.113996E-4        1.007176           0.901849E-5        1.006386
        7.977999           0.114003E-4        1.007176           0.901900E-5        1.006387
        7.979999           0.114010E-4        1.007177           0.901951E-5        1.006387
        7.981999           0.114018E-4        1.007177           0.902002E-5        1.006387
        7.984000           0.114025E-4        1.007177           0.902053E-5        1.006387
        7.986000           0.114032E-4        1.007177           0.902104E-5        1.006387
        7.987999           0.114039E-4        1.007177           0.902156E-5        1.006387
        7.989999           0.114047E-4        1.007178           0.902207E-5        1.006388
        7.991999           0.114054E-4        1.007178           0.902258E-5        1.006388
        7.993999           0.114061E-4        1.007178           0.902310E-5        1.006388
        7.995999           0.114069E-4        1.007178           0.902360E-5        1.006388
        7.997999           0.114076E-4        1.007179           0.902411E-5        1.006388
        7.999999           0.114083E-4        1.007179           0.902463E-5        1.006389
        8.001999           0.114090E-4        1.007179           0.902514E-5        1.006389
        8.004000           0.114098E-4        1.007179           0.902565E-5        1.006389
        8.006000           0.114105E-4        1.007179           0.902616E-5        1.006389
        8.007999           0.114112E-4        1.007180           0.902667E-5        1.006389
        8.009999           0.114120E-4        1.007180           0.902719E-5        1.006389
        8.012000           0.114127E-4        1.007180           0.902769E-5        1.006390
        8.014000           0.114134E-4        1.007180           0.902821E-5        1.006390
        8.016000           0.114141E-4        1.007181           0.902872E-5        1.006390
        8.018000           0.114149E-4        1.007181           0.902924E-5        1.006390
        8.020000           0.114156E-4        1.007181           0.902975E-5        1.006390
        8.021999           0.114163E-4        1.007181           0.903026E-5        1.006391
        8.023999           0.114171E-4        1.007182           0.903077E-5        1.006391
        8.025999           0.114178E-4        1.007182           0.903129E-5        1.006391
        8.027999           0.114185E-4        1.007182           0.903180E-5        1.006391
        8.029999           0.114193E-4        1.007182           0.903231E-5        1.006391
        8.032000           0.114200E-4        1.007182           0.903282E-5        1.006391
        8.033999           0.114207E-4        1.007183           0.903333E-5        1.006392
        8.035999           0.114214E-4        1.007183           0.903385E-5        1.006392
        8.037999           0.114222E-4        1.007183           0.903437E-5        1.006392
        8.039999           0.114229E-4        1.007183           0.903487E-5        1.006392
        8.042000           0.114236E-4        1.007184           0.903539E-5        1.006392
        8.044000           0.114244E-4        1.007184           0.903590E-5        1.006392
        8.046000           0.114251E-4        1.007184           0.903641E-5        1.006393
        8.047999           0.114258E-4        1.007184           0.903693E-5        1.006393
        8.049999           0.114265E-4        1.007185           0.903744E-5        1.006393
        8.052000           0.114273E-4        1.007185           0.903795E-5        1.006393
        8.054000           0.114280E-4        1.007185           0.903846E-5        1.006393
        8.056000           0.114287E-4        1.007185           0.903897E-5        1.006394
        8.058000           0.114295E-4        1.007185           0.903949E-5        1.006394
        8.059999           0.114302E-4        1.007186           0.904000E-5        1.006394
        8.061999           0.114309E-4        1.007186           0.904052E-5        1.006394
        8.063999           0.114317E-4        1.007186           0.904103E-5        1.006394
        8.065999           0.114324E-4        1.007186           0.904153E-5        1.006395
        8.067999           0.114331E-4        1.007187           0.904205E-5        1.006395
        8.069999           0.114338E-4        1.007187           0.904256E-5        1.006395
        8.072000           0.114346E-4        1.007187           0.904308E-5        1.006395
        8.073999           0.114353E-4        1.007187           0.904360E-5        1.006395
        8.075999           0.114360E-4        1.007187           0.904411E-5        1.006395
        8.077999           0.114368E-4        1.007188           0.904462E-5        1.006396
        8.080000           0.114375E-4        1.007188           0.904513E-5        1.006396
        8.082000           0.114382E-4        1.007188           0.904564E-5        1.006396
        8.084000           0.114390E-4        1.007188           0.904616E-5        1.006396
        8.085999           0.114397E-4        1.007189           0.904667E-5        1.006396
        8.087999           0.114404E-4        1.007189           0.904719E-5        1.006397
        8.090000           0.114412E-4        1.007189           0.904770E-5        1.006397
        8.092000           0.114419E-4        1.007189           0.904821E-5        1.006397
        8.094000           0.114426E-4        1.007190           0.904873E-5        1.006397
        8.096000           0.114434E-4        1.007190           0.904924E-5        1.006397
        8.098000           0.114441E-4        1.007190           0.904976E-5        1.006397
        8.099999           0.114448E-4        1.007190           0.905027E-5        1.006398
        8.101999           0.114455E-4        1.007190           0.905079E-5        1.006398
        8.103999           0.114463E-4        1.007191           0.905129E-5        1.006398
        8.105999           0.114470E-4        1.007191           0.905181E-5        1.006398
        8.107999           0.114477E-4        1.007191           0.905233E-5        1.006398
        8.110000           0.114485E-4        1.007191           0.905284E-5        1.006398
        8.112000           0.114492E-4        1.007192           0.905336E-5        1.006399
        8.113999           0.114499E-4        1.007192           0.905387E-5        1.006399
        8.115999           0.114507E-4        1.007192           0.905438E-5        1.006399
        8.117999           0.114514E-4        1.007192           0.905490E-5        1.006399
        8.120000           0.114521E-4        1.007193           0.905542E-5        1.006399
        8.122000           0.114529E-4        1.007193           0.905593E-5        1.006400
        8.124000           0.114536E-4        1.007193           0.905644E-5        1.006400
        8.125999           0.114543E-4        1.007193           0.905696E-5        1.006400
        8.127999           0.114551E-4        1.007193           0.905747E-5        1.006400
        8.130000           0.114558E-4        1.007194           0.905799E-5        1.006400
        8.132000           0.114565E-4        1.007194           0.905850E-5        1.006400
        8.134000           0.114573E-4        1.007194           0.905902E-5        1.006401
        8.136000           0.114580E-4        1.007194           0.905953E-5        1.006401
        8.137999           0.114587E-4        1.007195           0.906004E-5        1.006401
        8.139999           0.114595E-4        1.007195           0.906055E-5        1.006401
        8.141999           0.114602E-4        1.007195           0.906107E-5        1.006401
        8.143999           0.114609E-4        1.007195           0.906159E-5        1.006402
        8.145999           0.114617E-4        1.007196           0.906211E-5        1.006402
        8.147999           0.114624E-4        1.007196           0.906262E-5        1.006402
        8.150000           0.114631E-4        1.007196           0.906314E-5        1.006402
        8.151999           0.114639E-4        1.007196           0.906365E-5        1.006402
        8.153999           0.114646E-4        1.007196           0.906417E-5        1.006402
        8.155999           0.114653E-4        1.007197           0.906468E-5        1.006403
        8.158000           0.114661E-4        1.007197           0.906519E-5        1.006403
        8.160000           0.114668E-4        1.007197           0.906571E-5        1.006403
        8.162000           0.114675E-4        1.007197           0.906622E-5        1.006403
        8.164000           0.114683E-4        1.007198           0.906674E-5        1.006403
        8.165999           0.114690E-4        1.007198           0.906726E-5        1.006404
        8.168000           0.114697E-4        1.007198           0.906777E-5        1.006404
        8.170000           0.114705E-4        1.007198           0.906828E-5        1.006404
        8.171999           0.114712E-4        1.007199           0.906880E-5        1.006404
        8.173999           0.114719E-4        1.007199           0.906931E-5        1.006404
        8.175999           0.114727E-4        1.007199           0.906983E-5        1.006404
        8.177999           0.114734E-4        1.007199           0.907035E-5        1.006405
        8.179999           0.114741E-4        1.007199           0.907087E-5        1.006405
        8.181999           0.114749E-4        1.007200           0.907139E-5        1.006405
        8.183999           0.114756E-4        1.007200           0.907190E-5        1.006405
        8.185999           0.114763E-4        1.007200           0.907241E-5        1.006405
        8.188000           0.114771E-4        1.007200           0.907293E-5        1.006406
        8.190000           0.114778E-4        1.007201           0.907345E-5        1.006406
        8.191999           0.114786E-4        1.007201           0.907397E-5        1.006406
        8.193999           0.114793E-4        1.007201           0.907448E-5        1.006406
        8.195999           0.114800E-4        1.007201           0.907500E-5        1.006406
        8.198000           0.114808E-4        1.007202           0.907551E-5        1.006406
        8.200000           0.114815E-4        1.007202           0.907603E-5        1.006407
        8.202000           0.114822E-4        1.007202           0.907654E-5        1.006407
        8.204000           0.114830E-4        1.007202           0.907706E-5        1.006407
        8.205999           0.114837E-4        1.007202           0.907758E-5        1.006407
        8.207999           0.114844E-4        1.007203           0.907809E-5        1.006407
        8.209999           0.114852E-4        1.007203           0.907861E-5        1.006407
        8.211999           0.114859E-4        1.007203           0.907912E-5        1.006408
        8.213999           0.114866E-4        1.007203           0.907964E-5        1.006408
        8.215999           0.114874E-4        1.007204           0.908015E-5        1.006408
        8.217999           0.114881E-4        1.007204           0.908067E-5        1.006408
        8.219999           0.114888E-4        1.007204           0.908119E-5        1.006408
        8.221999           0.114896E-4        1.007204           0.908170E-5        1.006409
        8.223999           0.114903E-4        1.007205           0.908222E-5        1.006409
        8.225999           0.114911E-4        1.007205           0.908273E-5        1.006409
        8.228000           0.114918E-4        1.007205           0.908325E-5        1.006409
        8.230000           0.114925E-4        1.007205           0.908377E-5        1.006409
        8.231999           0.114933E-4        1.007205           0.908429E-5        1.006410
        8.233999           0.114940E-4        1.007206           0.908481E-5        1.006410
        8.236000           0.114947E-4        1.007206           0.908532E-5        1.006410
        8.238000           0.114955E-4        1.007206           0.908584E-5        1.006410
        8.240000           0.114962E-4        1.007206           0.908637E-5        1.006410
        8.242000           0.114970E-4        1.007207           0.908688E-5        1.006410
        8.243999           0.114977E-4        1.007207           0.908739E-5        1.006411
        8.245999           0.114984E-4        1.007207           0.908791E-5        1.006411
        8.247999           0.114992E-4        1.007207           0.908843E-5        1.006411
        8.249999           0.114999E-4        1.007208           0.908895E-5        1.006411
        8.251999           0.115006E-4        1.007208           0.908946E-5        1.006411
        8.253999           0.115014E-4        1.007208           0.908998E-5        1.006412
        8.256000           0.115021E-4        1.007208           0.909050E-5        1.006412
        8.257999           0.115028E-4        1.007208           0.909102E-5        1.006412
        8.259999           0.115036E-4        1.007209           0.909153E-5        1.006412
        8.261999           0.115043E-4        1.007209           0.909204E-5        1.006412
        8.263999           0.115051E-4        1.007209           0.909256E-5        1.006412
        8.266000           0.115058E-4        1.007209           0.909308E-5        1.006413
        8.268000           0.115065E-4        1.007210           0.909360E-5        1.006413
        8.270000           0.115073E-4        1.007210           0.909412E-5        1.006413
        8.271999           0.115080E-4        1.007210           0.909464E-5        1.006413
        8.273999           0.115087E-4        1.007210           0.909516E-5        1.006413
        8.276000           0.115095E-4        1.007210           0.909567E-5        1.006414
        8.278000           0.115102E-4        1.007211           0.909620E-5        1.006414
        8.280000           0.115110E-4        1.007211           0.909671E-5        1.006414
        8.282000           0.115117E-4        1.007211           0.909722E-5        1.006414
        8.283999           0.115124E-4        1.007211           0.909775E-5        1.006414
        8.285999           0.115132E-4        1.007212           0.909826E-5        1.006414
        8.287999           0.115139E-4        1.007212           0.909879E-5        1.006415
        8.289999           0.115147E-4        1.007212           0.909930E-5        1.006415
        8.291999           0.115154E-4        1.007212           0.909982E-5        1.006415
        8.293999           0.115161E-4        1.007213           0.910033E-5        1.006415
        8.296000           0.115169E-4        1.007213           0.910085E-5        1.006415
        8.297999           0.115176E-4        1.007213           0.910137E-5        1.006415
        8.299999           0.115183E-4        1.007213           0.910189E-5        1.006416
        8.301999           0.115191E-4        1.007213           0.910240E-5        1.006416
        8.303999           0.115198E-4        1.007214           0.910292E-5        1.006416
        8.306000           0.115206E-4        1.007214           0.910345E-5        1.006416
        8.308000           0.115213E-4        1.007214           0.910397E-5        1.006416
        8.309999           0.115220E-4        1.007214           0.910448E-5        1.006417
        8.311999           0.115228E-4        1.007215           0.910501E-5        1.006417
        8.314000           0.115235E-4        1.007215           0.910552E-5        1.006417
        8.316000           0.115243E-4        1.007215           0.910604E-5        1.006417
        8.318000           0.115250E-4        1.007215           0.910656E-5        1.006417
        8.320000           0.115257E-4        1.007215           0.910707E-5        1.006418
        8.322000           0.115265E-4        1.007216           0.910760E-5        1.006418
        8.323999           0.115272E-4        1.007216           0.910811E-5        1.006418
        8.325999           0.115280E-4        1.007216           0.910864E-5        1.006418
        8.327999           0.115287E-4        1.007216           0.910916E-5        1.006418
        8.329999           0.115294E-4        1.007217           0.910967E-5        1.006418
        8.331999           0.115302E-4        1.007217           0.911018E-5        1.006419
        8.334000           0.115309E-4        1.007217           0.911071E-5        1.006419
        8.335999           0.115317E-4        1.007217           0.911123E-5        1.006419
        8.337999           0.115324E-4        1.007218           0.911174E-5        1.006419
        8.339999           0.115331E-4        1.007218           0.911227E-5        1.006419
        8.341999           0.115339E-4        1.007218           0.911279E-5        1.006420
        8.344000           0.115346E-4        1.007218           0.911330E-5        1.006420
        8.346000           0.115354E-4        1.007219           0.911383E-5        1.006420
        8.348000           0.115361E-4        1.007219           0.911434E-5        1.006420
        8.349999           0.115368E-4        1.007219           0.911486E-5        1.006420
        8.351999           0.115376E-4        1.007219           0.911538E-5        1.006420
        8.354000           0.115383E-4        1.007219           0.911590E-5        1.006421
        8.356000           0.115391E-4        1.007220           0.911642E-5        1.006421
        8.358000           0.115398E-4        1.007220           0.911694E-5        1.006421
        8.360000           0.115405E-4        1.007220           0.911745E-5        1.006421
        8.361999           0.115413E-4        1.007220           0.911798E-5        1.006421
        8.363999           0.115420E-4        1.007221           0.911850E-5        1.006422
        8.365999           0.115428E-4        1.007221           0.911902E-5        1.006422
        8.367999           0.115435E-4        1.007221           0.911954E-5        1.006422
        8.369999           0.115443E-4        1.007221           0.912006E-5        1.006422
        8.371999           0.115450E-4        1.007222           0.912058E-5        1.006422
        8.374000           0.115457E-4        1.007222           0.912110E-5        1.006422
        8.375999           0.115465E-4        1.007222           0.912162E-5        1.006423
        8.377999           0.115472E-4        1.007222           0.912214E-5        1.006423
        8.379999           0.115480E-4        1.007222           0.912266E-5        1.006423
        8.382000           0.115487E-4        1.007223           0.912318E-5        1.006423
        8.384000           0.115494E-4        1.007223           0.912370E-5        1.006423
        8.386000           0.115502E-4        1.007223           0.912422E-5        1.006424
        8.388000           0.115509E-4        1.007223           0.912475E-5        1.006424
        8.389999           0.115517E-4        1.007224           0.912527E-5        1.006424
        8.392000           0.115524E-4        1.007224           0.912579E-5        1.006424
        8.394000           0.115532E-4        1.007224           0.912631E-5        1.006424
        8.396000           0.115539E-4        1.007224           0.912683E-5        1.006424
        8.397999           0.115546E-4        1.007225           0.912735E-5        1.006425
        8.399999           0.115554E-4        1.007225           0.912787E-5        1.006425
        8.401999           0.115561E-4        1.007225           0.912838E-5        1.006425
        8.403999           0.115569E-4        1.007225           0.912891E-5        1.006425
        8.405999           0.115576E-4        1.007226           0.912943E-5        1.006425
        8.407999           0.115583E-4        1.007226           0.912995E-5        1.006425
        8.409999           0.115591E-4        1.007226           0.913046E-5        1.006426
        8.412000           0.115598E-4        1.007226           0.913099E-5        1.006426
        8.414000           0.115606E-4        1.007226           0.913151E-5        1.006426
        8.415999           0.115613E-4        1.007227           0.913203E-5        1.006426
        8.417999           0.115621E-4        1.007227           0.913256E-5        1.006426
        8.419999           0.115628E-4        1.007227           0.913307E-5        1.006427
        8.422000           0.115636E-4        1.007227           0.913359E-5        1.006427
        8.424000           0.115643E-4        1.007228           0.913411E-5        1.006427
        8.426000           0.115650E-4        1.007228           0.913463E-5        1.006427
        8.427999           0.115658E-4        1.007228           0.913516E-5        1.006427
        8.429999           0.115665E-4        1.007228           0.913568E-5        1.006428
        8.432000           0.115673E-4        1.007228           0.913620E-5        1.006428
        8.433999           0.115680E-4        1.007229           0.913672E-5        1.006428
        8.435999           0.115688E-4        1.007229           0.913724E-5        1.006428
        8.437999           0.115695E-4        1.007229           0.913776E-5        1.006428
        8.439999           0.115702E-4        1.007229           0.913829E-5        1.006428
        8.441999           0.115710E-4        1.007230           0.913881E-5        1.006429
        8.443999           0.115717E-4        1.007230           0.913933E-5        1.006429
        8.445999           0.115725E-4        1.007230           0.913985E-5        1.006429
        8.447999           0.115732E-4        1.007230           0.914037E-5        1.006429
        8.449999           0.115740E-4        1.007231           0.914088E-5        1.006429
        8.452000           0.115747E-4        1.007231           0.914141E-5        1.006430
        8.454000           0.115755E-4        1.007231           0.914194E-5        1.006430
        8.455999           0.115762E-4        1.007231           0.914246E-5        1.006430
        8.457999           0.115769E-4        1.007231           0.914299E-5        1.006430
        8.460000           0.115777E-4        1.007232           0.914350E-5        1.006430
        8.462000           0.115784E-4        1.007232           0.914403E-5        1.006431
        8.464000           0.115792E-4        1.007232           0.914455E-5        1.006431
        8.466000           0.115799E-4        1.007232           0.914507E-5        1.006431
        8.467999           0.115807E-4        1.007233           0.914559E-5        1.006431
        8.469999           0.115814E-4        1.007233           0.914612E-5        1.006431
        8.471999           0.115822E-4        1.007233           0.914664E-5        1.006431
        8.473999           0.115829E-4        1.007233           0.914716E-5        1.006432
        8.475999           0.115836E-4        1.007234           0.914768E-5        1.006432
        8.477999           0.115844E-4        1.007234           0.914821E-5        1.006432
        8.480000           0.115851E-4        1.007234           0.914872E-5        1.006432
        8.481999           0.115859E-4        1.007234           0.914925E-5        1.006432
        8.483999           0.115866E-4        1.007234           0.914976E-5        1.006433
        8.485999           0.115874E-4        1.007235           0.915029E-5        1.006433
        8.487999           0.115881E-4        1.007235           0.915082E-5        1.006433
        8.490000           0.115889E-4        1.007235           0.915135E-5        1.006433
        8.492000           0.115896E-4        1.007235           0.915187E-5        1.006433
        8.493999           0.115904E-4        1.007236           0.915238E-5        1.006433
        8.495999           0.115911E-4        1.007236           0.915291E-5        1.006434
        8.497999           0.115918E-4        1.007236           0.915342E-5        1.006434
        8.500000           0.115926E-4        1.007236           0.915395E-5        1.006434
        8.502000           0.115933E-4        1.007237           0.915448E-5        1.006434
        8.504000           0.115941E-4        1.007237           0.915500E-5        1.006434
        8.506000           0.115948E-4        1.007237           0.915552E-5        1.006435
        8.507999           0.115956E-4        1.007237           0.915605E-5        1.006435
        8.509999           0.115963E-4        1.007238           0.915657E-5        1.006435
        8.511999           0.115971E-4        1.007238           0.915709E-5        1.006435
        8.513999           0.115978E-4        1.007238           0.915761E-5        1.006435
        8.515999           0.115986E-4        1.007238           0.915813E-5        1.006435
        8.517999           0.115993E-4        1.007238           0.915866E-5        1.006436
        8.520000           0.116001E-4        1.007239           0.915918E-5        1.006436
        8.521999           0.116008E-4        1.007239           0.915971E-5        1.006436
        8.523999           0.116015E-4        1.007239           0.916024E-5        1.006436
        8.525999           0.116023E-4        1.007239           0.916075E-5        1.006436
        8.527999           0.116030E-4        1.007240           0.916127E-5        1.006437
        8.530000           0.116038E-4        1.007240           0.916180E-5        1.006437
        8.532000           0.116045E-4        1.007240           0.916233E-5        1.006437
        8.533999           0.116053E-4        1.007240           0.916284E-5        1.006437
        8.535999           0.116060E-4        1.007241           0.916337E-5        1.006437
        8.538000           0.116068E-4        1.007241           0.916390E-5        1.006437
        8.540000           0.116075E-4        1.007241           0.916442E-5        1.006438
        8.542000           0.116083E-4        1.007241           0.916494E-5        1.006438
        8.544000           0.116090E-4        1.007241           0.916547E-5        1.006438
        8.546000           0.116098E-4        1.007242           0.916599E-5        1.006438
        8.547999           0.116105E-4        1.007242           0.916651E-5        1.006438
        8.549999           0.116113E-4        1.007242           0.916704E-5        1.006438
        8.551999           0.116120E-4        1.007242           0.916756E-5        1.006439
        8.553999           0.116128E-4        1.007243           0.916809E-5        1.006439
        8.555999           0.116135E-4        1.007243           0.916861E-5        1.006439
        8.558000           0.116143E-4        1.007243           0.916913E-5        1.006439
        8.559999           0.116150E-4        1.007243           0.916966E-5        1.006439
        8.561999           0.116157E-4        1.007244           0.917018E-5        1.006440
        8.563999           0.116165E-4        1.007244           0.917071E-5        1.006440
        8.565999           0.116172E-4        1.007244           0.917123E-5        1.006440
        8.568000           0.116180E-4        1.007244           0.917176E-5        1.006440
        8.570000           0.116187E-4        1.007244           0.917228E-5        1.006440
        8.572000           0.116195E-4        1.007245           0.917280E-5        1.006441
        8.573999           0.116202E-4        1.007245           0.917332E-5        1.006441
        8.575999           0.116210E-4        1.007245           0.917385E-5        1.006441
        8.578000           0.116217E-4        1.007245           0.917437E-5        1.006441
        8.580000           0.116225E-4        1.007246           0.917490E-5        1.006441
        8.582000           0.116232E-4        1.007246           0.917542E-5        1.006441
        8.584000           0.116240E-4        1.007246           0.917595E-5        1.006442
        8.585999           0.116247E-4        1.007246           0.917648E-5        1.006442
        8.587999           0.116255E-4        1.007247           0.917700E-5        1.006442
        8.589999           0.116262E-4        1.007247           0.917752E-5        1.006442
        8.591999           0.116270E-4        1.007247           0.917805E-5        1.006442
        8.593999           0.116277E-4        1.007247           0.917858E-5        1.006443
        8.595999           0.116285E-4        1.007247           0.917911E-5        1.006443
        8.598000           0.116292E-4        1.007248           0.917963E-5        1.006443
        8.599999           0.116300E-4        1.007248           0.918015E-5        1.006443
        8.601999           0.116307E-4        1.007248           0.918067E-5        1.006443
        8.603999           0.116315E-4        1.007248           0.918120E-5        1.006444
        8.606000           0.116322E-4        1.007249           0.918173E-5        1.006444
        8.608000           0.116330E-4        1.007249           0.918225E-5        1.006444
        8.610000           0.116337E-4        1.007249           0.918277E-5        1.006444
        8.612000           0.116345E-4        1.007249           0.918329E-5        1.006444
        8.613999           0.116352E-4        1.007250           0.918382E-5        1.006444
        8.616000           0.116360E-4        1.007250           0.918436E-5        1.006445
        8.618000           0.116367E-4        1.007250           0.918488E-5        1.006445
        8.620000           0.116375E-4        1.007250           0.918540E-5        1.006445
        8.621999           0.116382E-4        1.007251           0.918593E-5        1.006445
        8.623999           0.116390E-4        1.007251           0.918645E-5        1.006445
        8.625999           0.116397E-4        1.007251           0.918698E-5        1.006446
        8.627999           0.116405E-4        1.007251           0.918751E-5        1.006446
        8.629999           0.116412E-4        1.007252           0.918803E-5        1.006446
        8.631999           0.116420E-4        1.007252           0.918855E-5        1.006446
        8.633999           0.116427E-4        1.007252           0.918909E-5        1.006446
        8.636000           0.116435E-4        1.007252           0.918961E-5        1.006446
        8.638000           0.116442E-4        1.007252           0.919013E-5        1.006447
        8.639999           0.116450E-4        1.007253           0.919066E-5        1.006447
        8.641999           0.116457E-4        1.007253           0.919118E-5        1.006447
        8.643999           0.116465E-4        1.007253           0.919171E-5        1.006447
        8.646000           0.116472E-4        1.007253           0.919224E-5        1.006447
        8.648000           0.116480E-4        1.007254           0.919276E-5        1.006448
        8.650000           0.116487E-4        1.007254           0.919329E-5        1.006448
        8.651999           0.116495E-4        1.007254           0.919382E-5        1.006448
        8.653999           0.116503E-4        1.007254           0.919435E-5        1.006448
        8.656000           0.116510E-4        1.007254           0.919487E-5        1.006448
        8.657999           0.116518E-4        1.007255           0.919540E-5        1.006449
        8.659999           0.116525E-4        1.007255           0.919592E-5        1.006449
        8.661999           0.116533E-4        1.007255           0.919646E-5        1.006449
        8.663999           0.116540E-4        1.007255           0.919698E-5        1.006449
        8.665999           0.116548E-4        1.007256           0.919750E-5        1.006449
        8.667999           0.116555E-4        1.007256           0.919804E-5        1.006449
        8.669999           0.116563E-4        1.007256           0.919856E-5        1.006450
        8.671999           0.116570E-4        1.007256           0.919908E-5        1.006450
        8.673999           0.116578E-4        1.007257           0.919961E-5        1.006450
        8.676000           0.116585E-4        1.007257           0.920014E-5        1.006450
        8.677999           0.116593E-4        1.007257           0.920066E-5        1.006450
        8.679999           0.116600E-4        1.007257           0.920119E-5        1.006451
        8.681999           0.116608E-4        1.007257           0.920171E-5        1.006451
        8.684000           0.116615E-4        1.007258           0.920225E-5        1.006451
        8.686000           0.116623E-4        1.007258           0.920277E-5        1.006451
        8.688000           0.116630E-4        1.007258           0.920330E-5        1.006451
        8.690000           0.116638E-4        1.007258           0.920384E-5        1.006451
        8.691999           0.116645E-4        1.007259           0.920435E-5        1.006452
        8.693999           0.116653E-4        1.007259           0.920488E-5        1.006452
        8.695999           0.116661E-4        1.007259           0.920541E-5        1.006452
        8.697999           0.116668E-4        1.007259           0.920594E-5        1.006452
        8.699999           0.116676E-4        1.007260           0.920646E-5        1.006452
        8.701999           0.116683E-4        1.007260           0.920699E-5        1.006453
        8.704000           0.116691E-4        1.007260           0.920752E-5        1.006453
        8.705999           0.116698E-4        1.007260           0.920804E-5        1.006453
        8.707999           0.116706E-4        1.007261           0.920857E-5        1.006453
        8.709999           0.116713E-4        1.007261           0.920910E-5        1.006453
        8.711999           0.116721E-4        1.007261           0.920962E-5        1.006453
        8.714000           0.116728E-4        1.007261           0.921016E-5        1.006454
        8.716000           0.116736E-4        1.007262           0.921069E-5        1.006454
        8.717999           0.116743E-4        1.007262           0.921121E-5        1.006454
        8.719999           0.116751E-4        1.007262           0.921174E-5        1.006454
        8.721999           0.116758E-4        1.007262           0.921227E-5        1.006454
        8.724000           0.116766E-4        1.007262           0.921280E-5        1.006455
        8.726000           0.116774E-4        1.007263           0.921333E-5        1.006455
        8.728000           0.116781E-4        1.007263           0.921385E-5        1.006455
        8.730000           0.116789E-4        1.007263           0.921438E-5        1.006455
        8.731999           0.116796E-4        1.007263           0.921492E-5        1.006455
        8.733999           0.116804E-4        1.007264           0.921543E-5        1.006455
        8.735999           0.116811E-4        1.007264           0.921596E-5        1.006456
        8.737999           0.116819E-4        1.007264           0.921650E-5        1.006456
        8.739999           0.116826E-4        1.007264           0.921702E-5        1.006456
        8.741999           0.116834E-4        1.007264           0.921755E-5        1.006456
        8.743999           0.116841E-4        1.007265           0.921808E-5        1.006456
        8.745999           0.116849E-4        1.007265           0.921860E-5        1.006457
        8.747999           0.116857E-4        1.007265           0.921913E-5        1.006457
        8.749999           0.116864E-4        1.007265           0.921967E-5        1.006457
        8.751999           0.116872E-4        1.007266           0.922019E-5        1.006457
        8.754000           0.116879E-4        1.007266           0.922072E-5        1.006457
        8.756000           0.116887E-4        1.007266           0.922125E-5        1.006457
        8.757999           0.116894E-4        1.007266           0.922178E-5        1.006458
        8.759999           0.116902E-4        1.007267           0.922231E-5        1.006458
        8.762000           0.116909E-4        1.007267           0.922284E-5        1.006458
        8.764000           0.116917E-4        1.007267           0.922337E-5        1.006458
        8.766000           0.116925E-4        1.007267           0.922389E-5        1.006458
        8.768000           0.116932E-4        1.007268           0.922442E-5        1.006459
        8.770000           0.116940E-4        1.007268           0.922495E-5        1.006459
        8.771999           0.116947E-4        1.007268           0.922548E-5        1.006459
        8.773999           0.116955E-4        1.007268           0.922601E-5        1.006459
        8.775999           0.116962E-4        1.007268           0.922653E-5        1.006459
        8.777999           0.116970E-4        1.007269           0.922706E-5        1.006459
        8.779999           0.116977E-4        1.007269           0.922759E-5        1.006460
        8.782000           0.116985E-4        1.007269           0.922813E-5        1.006460
        8.783999           0.116993E-4        1.007269           0.922866E-5        1.006460
        8.785999           0.117000E-4        1.007270           0.922917E-5        1.006460
        8.787999           0.117008E-4        1.007270           0.922972E-5        1.006460
        8.789999           0.117015E-4        1.007270           0.923024E-5        1.006461
        8.792000           0.117023E-4        1.007270           0.923077E-5        1.006461
        8.794000           0.117030E-4        1.007271           0.923130E-5        1.006461
        8.796000           0.117038E-4        1.007271           0.923183E-5        1.006461
        8.797999           0.117046E-4        1.007271           0.923236E-5        1.006461
        8.799999           0.117053E-4        1.007271           0.923289E-5        1.006462
        8.802000           0.117061E-4        1.007272           0.923342E-5        1.006462
        8.804000           0.117068E-4        1.007272           0.923395E-5        1.006462
        8.806000           0.117076E-4        1.007272           0.923447E-5        1.006462
        8.808000           0.117083E-4        1.007272           0.923501E-5        1.006462
        8.809999           0.117091E-4        1.007272           0.923553E-5        1.006462
        8.811999           0.117099E-4        1.007273           0.923607E-5        1.006463
        8.813999           0.117106E-4        1.007273           0.923660E-5        1.006463
        8.815999           0.117114E-4        1.007273           0.923713E-5        1.006463
        8.817999           0.117121E-4        1.007273           0.923766E-5        1.006463
        8.819999           0.117129E-4        1.007274           0.923818E-5        1.006463
        8.822000           0.117136E-4        1.007274           0.923871E-5        1.006464
        8.823999           0.117144E-4        1.007274           0.923925E-5        1.006464
        8.825999           0.117152E-4        1.007274           0.923978E-5        1.006464
        8.827999           0.117159E-4        1.007275           0.924031E-5        1.006464
        8.829999           0.117167E-4        1.007275           0.924084E-5        1.006464
        8.832000           0.117174E-4        1.007275           0.924137E-5        1.006464
        8.834000           0.117182E-4        1.007275           0.924190E-5        1.006465
        8.835999           0.117190E-4        1.007275           0.924243E-5        1.006465
        8.837999           0.117197E-4        1.007276           0.924296E-5        1.006465
        8.840000           0.117205E-4        1.007276           0.924348E-5        1.006465
        8.842000           0.117212E-4        1.007276           0.924402E-5        1.006465
        8.844000           0.117220E-4        1.007276           0.924455E-5        1.006466
        8.846000           0.117227E-4        1.007277           0.924508E-5        1.006466
        8.847999           0.117235E-4        1.007277           0.924561E-5        1.006466
        8.849999           0.117243E-4        1.007277           0.924614E-5        1.006466
        8.851999           0.117250E-4        1.007277           0.924667E-5        1.006466
        8.853999           0.117258E-4        1.007278           0.924720E-5        1.006467
        8.855999           0.117265E-4        1.007278           0.924774E-5        1.006467
        8.857999           0.117273E-4        1.007278           0.924827E-5        1.006467
        8.860000           0.117281E-4        1.007278           0.924880E-5        1.006467
        8.862000           0.117288E-4        1.007279           0.924932E-5        1.006467
        8.863999           0.117296E-4        1.007279           0.924986E-5        1.006467
        8.865999           0.117303E-4        1.007279           0.925039E-5        1.006468
        8.867999           0.117311E-4        1.007279           0.925092E-5        1.006468
        8.870000           0.117319E-4        1.007280           0.925145E-5        1.006468
        8.872000           0.117326E-4        1.007280           0.925198E-5        1.006468
        8.874000           0.117334E-4        1.007280           0.925252E-5        1.006468
        8.875999           0.117341E-4        1.007280           0.925304E-5        1.006469
        8.877999           0.117349E-4        1.007280           0.925358E-5        1.006469
        8.880000           0.117357E-4        1.007281           0.925411E-5        1.006469
        8.882000           0.117364E-4        1.007281           0.925464E-5        1.006469
        8.883999           0.117372E-4        1.007281           0.925517E-5        1.006469
        8.885999           0.117379E-4        1.007281           0.925570E-5        1.006469
        8.887999           0.117387E-4        1.007282           0.925623E-5        1.006470
        8.889999           0.117395E-4        1.007282           0.925677E-5        1.006470
        8.891999           0.117402E-4        1.007282           0.925730E-5        1.006470
        8.893999           0.117410E-4        1.007282           0.925783E-5        1.006470
        8.895999           0.117417E-4        1.007282           0.925837E-5        1.006470
        8.897999           0.117425E-4        1.007283           0.925889E-5        1.006471
        8.900000           0.117433E-4        1.007283           0.925942E-5        1.006471
        8.901999           0.117440E-4        1.007283           0.925996E-5        1.006471
        8.903999           0.117448E-4        1.007283           0.926049E-5        1.006471
        8.905999           0.117455E-4        1.007284           0.926102E-5        1.006471
        8.908000           0.117463E-4        1.007284           0.926156E-5        1.006472
        8.910000           0.117471E-4        1.007284           0.926210E-5        1.006472
        8.912000           0.117478E-4        1.007284           0.926262E-5        1.006472
        8.914000           0.117486E-4        1.007285           0.926315E-5        1.006472
        8.915999           0.117493E-4        1.007285           0.926369E-5        1.006472
        8.917999           0.117501E-4        1.007285           0.926422E-5        1.006472
        8.919999           0.117509E-4        1.007285           0.926476E-5        1.006473
        8.921999           0.117516E-4        1.007286           0.926528E-5        1.006473
        8.923999           0.117524E-4        1.007286           0.926582E-5        1.006473
        8.925999           0.117531E-4        1.007286           0.926635E-5        1.006473
        8.927999           0.117539E-4        1.007286           0.926688E-5        1.006473
        8.929999           0.117547E-4        1.007287           0.926742E-5        1.006474
        8.931999           0.117554E-4        1.007287           0.926795E-5        1.006474
        8.933999           0.117562E-4        1.007287           0.926847E-5        1.006474
        8.935999           0.117570E-4        1.007287           0.926901E-5        1.006474
        8.938000           0.117577E-4        1.007288           0.926954E-5        1.006474
        8.940000           0.117585E-4        1.007288           0.927007E-5        1.006474
        8.941999           0.117592E-4        1.007288           0.927061E-5        1.006475
        8.943999           0.117600E-4        1.007288           0.927115E-5        1.006475
        8.945999           0.117608E-4        1.007288           0.927168E-5        1.006475
        8.948000           0.117615E-4        1.007289           0.927221E-5        1.006475
        8.950000           0.117623E-4        1.007289           0.927274E-5        1.006475
        8.952000           0.117631E-4        1.007289           0.927328E-5        1.006476
        8.954000           0.117638E-4        1.007289           0.927381E-5        1.006476
        8.955999           0.117646E-4        1.007290           0.927434E-5        1.006476
        8.957999           0.117653E-4        1.007290           0.927487E-5        1.006476
        8.959999           0.117661E-4        1.007290           0.927541E-5        1.006476
        8.961999           0.117669E-4        1.007290           0.927594E-5        1.006477
        8.963999           0.117676E-4        1.007291           0.927647E-5        1.006477
        8.965999           0.117684E-4        1.007291           0.927701E-5        1.006477
        8.967999           0.117692E-4        1.007291           0.927754E-5        1.006477
        8.969999           0.117699E-4        1.007291           0.927807E-5        1.006477
        8.971999           0.117707E-4        1.007291           0.927861E-5        1.006477
        8.973999           0.117715E-4        1.007292           0.927914E-5        1.006478
        8.975999           0.117722E-4        1.007292           0.927968E-5        1.006478
        8.978000           0.117730E-4        1.007292           0.928021E-5        1.006478
        8.980000           0.117737E-4        1.007292           0.928074E-5        1.006478
        8.981999           0.117745E-4        1.007293           0.928127E-5        1.006478
        8.983999           0.117753E-4        1.007293           0.928180E-5        1.006479
        8.986000           0.117760E-4        1.007293           0.928235E-5        1.006479
        8.988000           0.117768E-4        1.007293           0.928288E-5        1.006479
        8.990000           0.117776E-4        1.007294           0.928341E-5        1.006479
        8.992000           0.117783E-4        1.007294           0.928394E-5        1.006479
        8.993999           0.117791E-4        1.007294           0.928448E-5        1.006480
        8.995999           0.117799E-4        1.007294           0.928501E-5        1.006480
        8.997999           0.117806E-4        1.007295           0.928555E-5        1.006480
        8.999999           0.117814E-4        1.007295           0.928609E-5        1.006480
        9.001999           0.117821E-4        1.007295           0.928662E-5        1.006480
        9.003999           0.117829E-4        1.007295           0.928715E-5        1.006480
        9.006000           0.117837E-4        1.007295           0.928768E-5        1.006481
        9.007999           0.117844E-4        1.007296           0.928822E-5        1.006481
        9.009999           0.117852E-4        1.007296           0.928876E-5        1.006481
        9.011999           0.117860E-4        1.007296           0.928929E-5        1.006481
        9.013999           0.117867E-4        1.007296           0.928982E-5        1.006481
        9.016000           0.117875E-4        1.007297           0.929036E-5        1.006482
        9.018000           0.117883E-4        1.007297           0.929090E-5        1.006482
        9.020000           0.117890E-4        1.007297           0.929142E-5        1.006482
        9.021999           0.117898E-4        1.007297           0.929197E-5        1.006482
        9.023999           0.117906E-4        1.007298           0.929250E-5        1.006482
        9.026000           0.117913E-4        1.007298           0.929303E-5        1.006482
        9.028000           0.117921E-4        1.007298           0.929357E-5        1.006483
        9.030000           0.117929E-4        1.007298           0.929411E-5        1.006483
        9.032000           0.117936E-4        1.007299           0.929464E-5        1.006483
        9.033999           0.117944E-4        1.007299           0.929517E-5        1.006483
        9.035999           0.117952E-4        1.007299           0.929571E-5        1.006483
        9.037999           0.117959E-4        1.007299           0.929624E-5        1.006484
        9.039999           0.117967E-4        1.007300           0.929678E-5        1.006484
        9.041999           0.117974E-4        1.007300           0.929731E-5        1.006484
        9.043999           0.117982E-4        1.007300           0.929784E-5        1.006484
        9.046000           0.117990E-4        1.007300           0.929839E-5        1.006484
        9.047999           0.117998E-4        1.007300           0.929892E-5        1.006485
        9.049999           0.118005E-4        1.007301           0.929945E-5        1.006485
        9.051999           0.118013E-4        1.007301           0.929999E-5        1.006485
        9.053999           0.118020E-4        1.007301           0.930052E-5        1.006485
        9.056000           0.118028E-4        1.007301           0.930106E-5        1.006485
        9.058000           0.118036E-4        1.007302           0.930160E-5        1.006485
        9.059999           0.118043E-4        1.007302           0.930213E-5        1.006486
        9.061999           0.118051E-4        1.007302           0.930267E-5        1.006486
        9.064000           0.118059E-4        1.007302           0.930320E-5        1.006486
        9.066000           0.118067E-4        1.007303           0.930374E-5        1.006486
        9.068000           0.118074E-4        1.007303           0.930427E-5        1.006486
        9.070000           0.118082E-4        1.007303           0.930481E-5        1.006487
        9.071999           0.118090E-4        1.007303           0.930535E-5        1.006487
        9.073999           0.118097E-4        1.007303           0.930589E-5        1.006487
        9.075999           0.118105E-4        1.007304           0.930642E-5        1.006487
        9.077999           0.118112E-4        1.007304           0.930696E-5        1.006487
        9.079999           0.118120E-4        1.007304           0.930749E-5        1.006487
        9.081999           0.118128E-4        1.007304           0.930802E-5        1.006488
        9.084000           0.118136E-4        1.007305           0.930857E-5        1.006488
        9.085999           0.118143E-4        1.007305           0.930910E-5        1.006488
        9.087999           0.118151E-4        1.007305           0.930964E-5        1.006488
        9.089999           0.118159E-4        1.007305           0.931018E-5        1.006488
        9.091999           0.118166E-4        1.007306           0.931072E-5        1.006489
        9.094000           0.118174E-4        1.007306           0.931125E-5        1.006489
        9.096000           0.118182E-4        1.007306           0.931178E-5        1.006489
        9.098000           0.118189E-4        1.007306           0.931232E-5        1.006489
        9.099999           0.118197E-4        1.007307           0.931286E-5        1.006489
        9.101999           0.118205E-4        1.007307           0.931340E-5        1.006490
        9.104000           0.118212E-4        1.007307           0.931393E-5        1.006490
        9.106000           0.118220E-4        1.007307           0.931447E-5        1.006490
        9.107999           0.118228E-4        1.007308           0.931500E-5        1.006490
        9.109999           0.118235E-4        1.007308           0.931554E-5        1.006490
        9.111999           0.118243E-4        1.007308           0.931607E-5        1.006490
        9.113999           0.118251E-4        1.007308           0.931661E-5        1.006491
        9.115999           0.118258E-4        1.007308           0.931715E-5        1.006491
        9.117999           0.118266E-4        1.007309           0.931769E-5        1.006491
        9.119999           0.118274E-4        1.007309           0.931822E-5        1.006491
        9.121999           0.118282E-4        1.007309           0.931876E-5        1.006491
        9.124000           0.118289E-4        1.007309           0.931930E-5        1.006492
        9.125999           0.118297E-4        1.007310           0.931984E-5        1.006492
        9.127999           0.118305E-4        1.007310           0.932038E-5        1.006492
        9.129999           0.118312E-4        1.007310           0.932091E-5        1.006492
        9.132000           0.118320E-4        1.007310           0.932145E-5        1.006492
        9.134000           0.118328E-4        1.007311           0.932200E-5        1.006492
        9.136000           0.118335E-4        1.007311           0.932252E-5        1.006493
        9.138000           0.118343E-4        1.007311           0.932306E-5        1.006493
        9.139999           0.118351E-4        1.007311           0.932360E-5        1.006493
        9.142000           0.118358E-4        1.007312           0.932414E-5        1.006493
        9.143999           0.118366E-4        1.007312           0.932467E-5        1.006493
        9.145999           0.118374E-4        1.007312           0.932521E-5        1.006494
        9.147999           0.118382E-4        1.007312           0.932575E-5        1.006494
        9.149999           0.118389E-4        1.007313           0.932629E-5        1.006494
        9.151999           0.118397E-4        1.007313           0.932683E-5        1.006494
        9.153999           0.118405E-4        1.007313           0.932736E-5        1.006494
        9.155999           0.118412E-4        1.007313           0.932790E-5        1.006495
        9.157999           0.118420E-4        1.007313           0.932843E-5        1.006495
        9.159999           0.118428E-4        1.007314           0.932897E-5        1.006495
        9.162000           0.118435E-4        1.007314           0.932951E-5        1.006495
        9.164000           0.118443E-4        1.007314           0.933005E-5        1.006495
        9.165999           0.118451E-4        1.007314           0.933058E-5        1.006495
        9.167999           0.118459E-4        1.007315           0.933112E-5        1.006496
        9.169999           0.118466E-4        1.007315           0.933167E-5        1.006496
        9.172000           0.118474E-4        1.007315           0.933220E-5        1.006496
        9.174000           0.118482E-4        1.007315           0.933275E-5        1.006496
        9.176000           0.118489E-4        1.007316           0.933328E-5        1.006496
        9.177999           0.118497E-4        1.007316           0.933382E-5        1.006497
        9.179999           0.118505E-4        1.007316           0.933435E-5        1.006497
        9.181999           0.118513E-4        1.007316           0.933490E-5        1.006497
        9.183999           0.118520E-4        1.007316           0.933543E-5        1.006497
        9.185999           0.118528E-4        1.007317           0.933597E-5        1.006497
        9.187999           0.118536E-4        1.007317           0.933652E-5        1.006498
        9.189999           0.118543E-4        1.007317           0.933705E-5        1.006498
        9.191999           0.118551E-4        1.007317           0.933759E-5        1.006498
        9.193999           0.118559E-4        1.007318           0.933813E-5        1.006498
        9.195999           0.118567E-4        1.007318           0.933867E-5        1.006498
        9.197999           0.118574E-4        1.007318           0.933920E-5        1.006498
        9.199999           0.118582E-4        1.007318           0.933974E-5        1.006499
        9.202000           0.118590E-4        1.007319           0.934028E-5        1.006499
        9.204000           0.118597E-4        1.007319           0.934083E-5        1.006499
        9.205999           0.118605E-4        1.007319           0.934136E-5        1.006499
        9.207999           0.118613E-4        1.007319           0.934190E-5        1.006499
        9.210000           0.118621E-4        1.007320           0.934244E-5        1.006500
        9.212000           0.118628E-4        1.007320           0.934298E-5        1.006500
        9.214000           0.118636E-4        1.007320           0.934351E-5        1.006500
        9.216000           0.118644E-4        1.007320           0.934405E-5        1.006500
        9.217999           0.118652E-4        1.007321           0.934459E-5        1.006500
        9.219999           0.118659E-4        1.007321           0.934513E-5        1.006501
        9.221999           0.118667E-4        1.007321           0.934567E-5        1.006501
        9.223999           0.118675E-4        1.007321           0.934622E-5        1.006501
        9.225999           0.118682E-4        1.007321           0.934676E-5        1.006501
        9.227999           0.118690E-4        1.007322           0.934729E-5        1.006501
        9.230000           0.118698E-4        1.007322           0.934783E-5        1.006502
        9.231999           0.118706E-4        1.007322           0.934837E-5        1.006502
        9.233999           0.118713E-4        1.007322           0.934891E-5        1.006502
        9.235999           0.118721E-4        1.007323           0.934945E-5        1.006502
        9.237999           0.118729E-4        1.007323           0.934999E-5        1.006502
        9.240000           0.118737E-4        1.007323           0.935053E-5        1.006502
        9.242000           0.118744E-4        1.007323           0.935107E-5        1.006503
        9.243999           0.118752E-4        1.007324           0.935161E-5        1.006503
        9.245999           0.118760E-4        1.007324           0.935215E-5        1.006503
        9.247999           0.118767E-4        1.007324           0.935268E-5        1.006503
        9.250000           0.118775E-4        1.007324           0.935323E-5        1.006503
        9.252000           0.118783E-4        1.007325           0.935377E-5        1.006504
        9.254000           0.118791E-4        1.007325           0.935431E-5        1.006504
        9.256000           0.118798E-4        1.007325           0.935485E-5        1.006504
        9.257999           0.118806E-4        1.007325           0.935539E-5        1.006504
        9.259999           0.118814E-4        1.007326           0.935593E-5        1.006504
        9.261999           0.118822E-4        1.007326           0.935647E-5        1.006505
        9.263999           0.118829E-4        1.007326           0.935701E-5        1.006505
        9.265999           0.118837E-4        1.007326           0.935755E-5        1.006505
        9.267999           0.118845E-4        1.007326           0.935810E-5        1.006505
        9.270000           0.118853E-4        1.007327           0.935862E-5        1.006505
        9.271999           0.118860E-4        1.007327           0.935918E-5        1.006505
        9.273999           0.118868E-4        1.007327           0.935971E-5        1.006506
        9.275999           0.118876E-4        1.007327           0.936026E-5        1.006506
        9.277999           0.118884E-4        1.007328           0.936080E-5        1.006506
        9.280000           0.118891E-4        1.007328           0.936134E-5        1.006506
        9.282000           0.118899E-4        1.007328           0.936188E-5        1.006506
        9.283999           0.118907E-4        1.007328           0.936242E-5        1.006507
        9.285999           0.118915E-4        1.007329           0.936296E-5        1.006507
        9.288000           0.118922E-4        1.007329           0.936349E-5        1.006507
        9.290000           0.118930E-4        1.007329           0.936404E-5        1.006507
        9.292000           0.118938E-4        1.007329           0.936459E-5        1.006507
        9.294000           0.118946E-4        1.007330           0.936512E-5        1.006508
        9.296000           0.118953E-4        1.007330           0.936567E-5        1.006508
        9.297999           0.118961E-4        1.007330           0.936621E-5        1.006508
        9.299999           0.118969E-4        1.007330           0.936675E-5        1.006508
        9.301999           0.118977E-4        1.007331           0.936729E-5        1.006508
        9.303999           0.118984E-4        1.007331           0.936783E-5        1.006508
        9.305999           0.118992E-4        1.007331           0.936837E-5        1.006509
        9.308000           0.119000E-4        1.007331           0.936891E-5        1.006509
        9.309999           0.119008E-4        1.007331           0.936945E-5        1.006509
        9.311999           0.119015E-4        1.007332           0.936999E-5        1.006509
        9.313999           0.119023E-4        1.007332           0.937054E-5        1.006509
        9.315999           0.119031E-4        1.007332           0.937108E-5        1.006510
        9.318000           0.119039E-4        1.007332           0.937161E-5        1.006510
        9.320000           0.119047E-4        1.007333           0.937216E-5        1.006510
        9.322000           0.119054E-4        1.007333           0.937271E-5        1.006510
        9.323999           0.119062E-4        1.007333           0.937325E-5        1.006510
        9.325999           0.119070E-4        1.007333           0.937379E-5        1.006510
        9.328000           0.119078E-4        1.007334           0.937433E-5        1.006511
        9.330000           0.119085E-4        1.007334           0.937487E-5        1.006511
        9.331999           0.119093E-4        1.007334           0.937542E-5        1.006511
        9.333999           0.119101E-4        1.007334           0.937596E-5        1.006511
        9.335999           0.119109E-4        1.007335           0.937650E-5        1.006511
        9.337999           0.119116E-4        1.007335           0.937704E-5        1.006512
        9.339999           0.119124E-4        1.007335           0.937759E-5        1.006512
        9.341999           0.119132E-4        1.007335           0.937812E-5        1.006512
        9.343999           0.119140E-4        1.007336           0.937867E-5        1.006512
        9.345999           0.119148E-4        1.007336           0.937921E-5        1.006512
        9.348000           0.119155E-4        1.007336           0.937975E-5        1.006513
        9.349999           0.119163E-4        1.007336           0.938030E-5        1.006513
        9.351999           0.119171E-4        1.007336           0.938084E-5        1.006513
        9.353999           0.119179E-4        1.007337           0.938138E-5        1.006513
        9.355999           0.119186E-4        1.007337           0.938193E-5        1.006513
        9.358000           0.119194E-4        1.007337           0.938247E-5        1.006513
        9.360000           0.119202E-4        1.007337           0.938301E-5        1.006514
        9.362000           0.119210E-4        1.007338           0.938355E-5        1.006514
        9.363999           0.119218E-4        1.007338           0.938409E-5        1.006514
        9.366000           0.119225E-4        1.007338           0.938464E-5        1.006514
        9.367999           0.119233E-4        1.007338           0.938519E-5        1.006514
        9.369999           0.119241E-4        1.007339           0.938571E-5        1.006515
        9.371999           0.119249E-4        1.007339           0.938626E-5        1.006515
        9.373999           0.119256E-4        1.007339           0.938681E-5        1.006515
        9.375999           0.119264E-4        1.007339           0.938735E-5        1.006515
        9.377999           0.119272E-4        1.007340           0.938789E-5        1.006515
        9.379999           0.119280E-4        1.007340           0.938844E-5        1.006516
        9.381999           0.119288E-4        1.007340           0.938898E-5        1.006516
        9.383999           0.119295E-4        1.007340           0.938953E-5        1.006516
        9.386000           0.119303E-4        1.007341           0.939008E-5        1.006516
        9.388000           0.119311E-4        1.007341           0.939062E-5        1.006516
        9.389999           0.119319E-4        1.007341           0.939115E-5        1.006516
        9.391999           0.119327E-4        1.007341           0.939171E-5        1.006517
        9.393999           0.119334E-4        1.007342           0.939225E-5        1.006517
        9.396000           0.119342E-4        1.007342           0.939278E-5        1.006517
        9.398000           0.119350E-4        1.007342           0.939332E-5        1.006517
        9.400000           0.119358E-4        1.007342           0.939387E-5        1.006517
        9.401999           0.119366E-4        1.007342           0.939442E-5        1.006518
        9.403999           0.119373E-4        1.007343           0.939496E-5        1.006518
        9.405999           0.119381E-4        1.007343           0.939550E-5        1.006518
        9.407999           0.119389E-4        1.007343           0.939605E-5        1.006518
        9.409999           0.119397E-4        1.007343           0.939659E-5        1.006518
        9.411999           0.119404E-4        1.007344           0.939713E-5        1.006519
        9.413999           0.119412E-4        1.007344           0.939768E-5        1.006519
        9.415999           0.119420E-4        1.007344           0.939822E-5        1.006519
        9.417999           0.119428E-4        1.007344           0.939876E-5        1.006519
        9.419999           0.119436E-4        1.007345           0.939930E-5        1.006519
        9.421999           0.119444E-4        1.007345           0.939985E-5        1.006519
        9.423999           0.119451E-4        1.007345           0.940040E-5        1.006520
        9.426000           0.119459E-4        1.007345           0.940094E-5        1.006520
        9.427999           0.119467E-4        1.007346           0.940149E-5        1.006520
        9.429999           0.119475E-4        1.007346           0.940203E-5        1.006520
        9.431999           0.119483E-4        1.007346           0.940258E-5        1.006520
        9.434000           0.119490E-4        1.007346           0.940311E-5        1.006521
        9.436000           0.119498E-4        1.007347           0.940366E-5        1.006521
        9.438000           0.119506E-4        1.007347           0.940421E-5        1.006521
        9.440000           0.119514E-4        1.007347           0.940476E-5        1.006521
        9.441999           0.119522E-4        1.007347           0.940530E-5        1.006521
        9.443999           0.119529E-4        1.007347           0.940584E-5        1.006522
        9.445999           0.119537E-4        1.007348           0.940639E-5        1.006522
        9.447999           0.119545E-4        1.007348           0.940693E-5        1.006522
        9.449999           0.119553E-4        1.007348           0.940748E-5        1.006522
        9.451999           0.119561E-4        1.007348           0.940801E-5        1.006522
        9.454000           0.119568E-4        1.007349           0.940857E-5        1.006523
        9.455999           0.119576E-4        1.007349           0.940911E-5        1.006523
        9.457999           0.119584E-4        1.007349           0.940966E-5        1.006523
        9.459999           0.119592E-4        1.007349           0.941020E-5        1.006523
        9.461999           0.119600E-4        1.007350           0.941074E-5        1.006523
        9.464000           0.119608E-4        1.007350           0.941129E-5        1.006523
        9.466000           0.119615E-4        1.007350           0.941183E-5        1.006524
        9.467999           0.119623E-4        1.007350           0.941239E-5        1.006524
        9.469999           0.119631E-4        1.007351           0.941292E-5        1.006524
        9.471999           0.119639E-4        1.007351           0.941347E-5        1.006524
        9.474000           0.119647E-4        1.007351           0.941402E-5        1.006524
        9.476000           0.119654E-4        1.007351           0.941456E-5        1.006525
        9.478000           0.119662E-4        1.007352           0.941511E-5        1.006525
        9.480000           0.119670E-4        1.007352           0.941566E-5        1.006525
        9.481999           0.119678E-4        1.007352           0.941620E-5        1.006525
        9.483999           0.119686E-4        1.007352           0.941674E-5        1.006525
        9.485999           0.119694E-4        1.007352           0.941729E-5        1.006526
        9.487999           0.119701E-4        1.007353           0.941784E-5        1.006526
        9.489999           0.119709E-4        1.007353           0.941839E-5        1.006526
        9.491999           0.119717E-4        1.007353           0.941893E-5        1.006526
        9.493999           0.119725E-4        1.007353           0.941947E-5        1.006526
        9.495999           0.119733E-4        1.007354           0.942002E-5        1.006526
        9.497999           0.119741E-4        1.007354           0.942056E-5        1.006527
        9.499999           0.119748E-4        1.007354           0.942111E-5        1.006527
        9.501999           0.119756E-4        1.007354           0.942166E-5        1.006527
        9.504000           0.119764E-4        1.007355           0.942220E-5        1.006527
        9.506000           0.119772E-4        1.007355           0.942275E-5        1.006527
        9.507999           0.119780E-4        1.007355           0.942329E-5        1.006528
        9.509999           0.119788E-4        1.007355           0.942384E-5        1.006528
        9.512000           0.119795E-4        1.007356           0.942439E-5        1.006528
        9.514000           0.119803E-4        1.007356           0.942493E-5        1.006528
        9.516000           0.119811E-4        1.007356           0.942548E-5        1.006528
        9.518000           0.119819E-4        1.007356           0.942602E-5        1.006528
        9.520000           0.119827E-4        1.007357           0.942657E-5        1.006529
        9.521999           0.119835E-4        1.007357           0.942712E-5        1.006529
        9.523999           0.119843E-4        1.007357           0.942766E-5        1.006529
        9.525999           0.119850E-4        1.007357           0.942821E-5        1.006529
        9.527999           0.119858E-4        1.007357           0.942876E-5        1.006529
        9.529999           0.119866E-4        1.007358           0.942931E-5        1.006530
        9.532000           0.119874E-4        1.007358           0.942985E-5        1.006530
        9.533999           0.119882E-4        1.007358           0.943039E-5        1.006530
        9.535999           0.119890E-4        1.007358           0.943094E-5        1.006530
        9.537999           0.119897E-4        1.007359           0.943149E-5        1.006530
        9.539999           0.119905E-4        1.007359           0.943203E-5        1.006531
        9.542000           0.119913E-4        1.007359           0.943258E-5        1.006531
        9.544000           0.119921E-4        1.007359           0.943313E-5        1.006531
        9.546000           0.119929E-4        1.007360           0.943369E-5        1.006531
        9.547999           0.119937E-4        1.007360           0.943423E-5        1.006531
        9.549999           0.119945E-4        1.007360           0.943478E-5        1.006532
        9.552000           0.119952E-4        1.007360           0.943532E-5        1.006532
        9.554000           0.119960E-4        1.007361           0.943587E-5        1.006532
        9.556000           0.119968E-4        1.007361           0.943642E-5        1.006532
        9.557999           0.119976E-4        1.007361           0.943696E-5        1.006532
        9.559999           0.119984E-4        1.007361           0.943751E-5        1.006533
        9.561999           0.119992E-4        1.007362           0.943805E-5        1.006533
        9.563999           0.120000E-4        1.007362           0.943861E-5        1.006533
        9.565999           0.120007E-4        1.007362           0.943916E-5        1.006533
        9.567999           0.120015E-4        1.007362           0.943971E-5        1.006533
        9.569999           0.120023E-4        1.007363           0.944026E-5        1.006533
        9.572000           0.120031E-4        1.007363           0.944080E-5        1.006534
        9.573999           0.120039E-4        1.007363           0.944135E-5        1.006534
        9.575999           0.120047E-4        1.007363           0.944190E-5        1.006534
        9.577999           0.120055E-4        1.007364           0.944244E-5        1.006534
        9.579999           0.120062E-4        1.007364           0.944298E-5        1.006534
        9.582000           0.120070E-4        1.007364           0.944353E-5        1.006535
        9.584000           0.120078E-4        1.007364           0.944408E-5        1.006535
        9.585999           0.120086E-4        1.007365           0.944463E-5        1.006535
        9.587999           0.120094E-4        1.007365           0.944518E-5        1.006535
        9.590000           0.120102E-4        1.007365           0.944573E-5        1.006535
        9.592000           0.120110E-4        1.007365           0.944628E-5        1.006536
        9.593999           0.120117E-4        1.007365           0.944682E-5        1.006536
        9.595999           0.120125E-4        1.007366           0.944737E-5        1.006536
        9.597999           0.120133E-4        1.007366           0.944793E-5        1.006536
        9.599999           0.120141E-4        1.007366           0.944847E-5        1.006536
        9.601999           0.120149E-4        1.007366           0.944902E-5        1.006536
        9.603999           0.120157E-4        1.007367           0.944957E-5        1.006537
        9.605999           0.120165E-4        1.007367           0.945012E-5        1.006537
        9.607999           0.120173E-4        1.007367           0.945066E-5        1.006537
        9.610000           0.120181E-4        1.007367           0.945121E-5        1.006537
        9.612000           0.120188E-4        1.007368           0.945177E-5        1.006537
        9.613999           0.120196E-4        1.007368           0.945231E-5        1.006538
        9.615999           0.120204E-4        1.007368           0.945286E-5        1.006538
        9.617999           0.120212E-4        1.007368           0.945340E-5        1.006538
        9.620000           0.120220E-4        1.007369           0.945396E-5        1.006538
        9.622000           0.120228E-4        1.007369           0.945450E-5        1.006538
        9.624000           0.120236E-4        1.007369           0.945505E-5        1.006539
        9.625999           0.120244E-4        1.007369           0.945560E-5        1.006539
        9.627999           0.120251E-4        1.007370           0.945615E-5        1.006539
        9.629999           0.120259E-4        1.007370           0.945669E-5        1.006539
        9.631999           0.120267E-4        1.007370           0.945725E-5        1.006539
        9.633999           0.120275E-4        1.007370           0.945780E-5        1.006539
        9.635999           0.120283E-4        1.007370           0.945835E-5        1.006540
        9.637999           0.120291E-4        1.007371           0.945889E-5        1.006540
        9.639999           0.120299E-4        1.007371           0.945945E-5        1.006540
        9.641999           0.120307E-4        1.007371           0.946000E-5        1.006540
        9.643999           0.120314E-4        1.007371           0.946055E-5        1.006540
        9.645999           0.120322E-4        1.007372           0.946110E-5        1.006541
        9.647999           0.120330E-4        1.007372           0.946164E-5        1.006541
        9.650000           0.120338E-4        1.007372           0.946219E-5        1.006541
        9.651999           0.120346E-4        1.007372           0.946274E-5        1.006541
        9.653999           0.120354E-4        1.007373           0.946330E-5        1.006541
        9.655999           0.120362E-4        1.007373           0.946384E-5        1.006542
        9.658000           0.120370E-4        1.007373           0.946439E-5        1.006542
        9.660000           0.120378E-4        1.007373           0.946494E-5        1.006542
        9.662000           0.120386E-4        1.007374           0.946549E-5        1.006542
        9.664000           0.120393E-4        1.007374           0.946604E-5        1.006542
        9.665999           0.120401E-4        1.007374           0.946659E-5        1.006543
        9.667999           0.120409E-4        1.007374           0.946714E-5        1.006543
        9.669999           0.120417E-4        1.007375           0.946770E-5        1.006543
        9.671999           0.120425E-4        1.007375           0.946825E-5        1.006543
        9.673999           0.120433E-4        1.007375           0.946880E-5        1.006543
        9.675999           0.120441E-4        1.007375           0.946934E-5        1.006543
        9.677999           0.120449E-4        1.007376           0.946989E-5        1.006544
        9.679999           0.120457E-4        1.007376           0.947044E-5        1.006544
        9.681999           0.120465E-4        1.007376           0.947099E-5        1.006544
        9.683999           0.120472E-4        1.007376           0.947154E-5        1.006544
        9.685999           0.120480E-4        1.007377           0.947209E-5        1.006544
        9.688000           0.120488E-4        1.007377           0.947264E-5        1.006545
        9.690000           0.120496E-4        1.007377           0.947320E-5        1.006545
        9.691999           0.120504E-4        1.007377           0.947375E-5        1.006545
        9.693999           0.120512E-4        1.007378           0.947430E-5        1.006545
        9.695999           0.120520E-4        1.007378           0.947485E-5        1.006545
        9.698000           0.120528E-4        1.007378           0.947541E-5        1.006546
        9.700000           0.120536E-4        1.007378           0.947595E-5        1.006546
        9.702000           0.120544E-4        1.007378           0.947651E-5        1.006546
        9.704000           0.120552E-4        1.007379           0.947705E-5        1.006546
        9.705999           0.120559E-4        1.007379           0.947760E-5        1.006546
        9.707999           0.120567E-4        1.007379           0.947815E-5        1.006546
        9.709999           0.120575E-4        1.007379           0.947870E-5        1.006547
        9.711999           0.120583E-4        1.007380           0.947925E-5        1.006547
        9.713999           0.120591E-4        1.007380           0.947981E-5        1.006547
        9.715999           0.120599E-4        1.007380           0.948035E-5        1.006547
        9.717999           0.120607E-4        1.007380           0.948091E-5        1.006547
        9.719999           0.120615E-4        1.007381           0.948146E-5        1.006548
        9.721999           0.120623E-4        1.007381           0.948201E-5        1.006548
        9.723999           0.120631E-4        1.007381           0.948256E-5        1.006548
        9.725999           0.120639E-4        1.007381           0.948311E-5        1.006548
        9.728000           0.120647E-4        1.007382           0.948366E-5        1.006548
        9.730000           0.120655E-4        1.007382           0.948422E-5        1.006549
        9.731999           0.120662E-4        1.007382           0.948478E-5        1.006549
        9.733999           0.120670E-4        1.007382           0.948532E-5        1.006549
        9.736000           0.120678E-4        1.007383           0.948588E-5        1.006549
        9.738000           0.120686E-4        1.007383           0.948642E-5        1.006549
        9.740000           0.120694E-4        1.007383           0.948698E-5        1.006549
        9.742000           0.120702E-4        1.007383           0.948753E-5        1.006550
        9.743999           0.120710E-4        1.007383           0.948808E-5        1.006550
        9.745999           0.120718E-4        1.007384           0.948864E-5        1.006550
        9.747999           0.120726E-4        1.007384           0.948919E-5        1.006550
        9.749999           0.120734E-4        1.007384           0.948974E-5        1.006550
        9.751999           0.120742E-4        1.007384           0.949028E-5        1.006551
        9.753999           0.120750E-4        1.007385           0.949084E-5        1.006551
        9.756000           0.120758E-4        1.007385           0.949140E-5        1.006551
        9.757999           0.120766E-4        1.007385           0.949195E-5        1.006551
        9.759999           0.120773E-4        1.007385           0.949250E-5        1.006551
        9.761999           0.120781E-4        1.007386           0.949305E-5        1.006552
        9.763999           0.120789E-4        1.007386           0.949360E-5        1.006552
        9.766000           0.120797E-4        1.007386           0.949415E-5        1.006552
        9.768000           0.120805E-4        1.007386           0.949471E-5        1.006552
        9.770000           0.120813E-4        1.007387           0.949526E-5        1.006552
        9.771999           0.120821E-4        1.007387           0.949581E-5        1.006553
        9.773999           0.120829E-4        1.007387           0.949636E-5        1.006553
        9.776000           0.120837E-4        1.007387           0.949691E-5        1.006553
        9.778000           0.120845E-4        1.007388           0.949747E-5        1.006553
        9.780000           0.120853E-4        1.007388           0.949801E-5        1.006553
        9.781999           0.120861E-4        1.007388           0.949858E-5        1.006554
        9.783998           0.120869E-4        1.007388           0.949912E-5        1.006554
        9.785999           0.120877E-4        1.007389           0.949968E-5        1.006554
        9.787999           0.120885E-4        1.007389           0.950024E-5        1.006554
        9.789999           0.120893E-4        1.007389           0.950078E-5        1.006554
        9.791999           0.120901E-4        1.007389           0.950134E-5        1.006554
        9.793999           0.120908E-4        1.007390           0.950190E-5        1.006555
        9.796000           0.120916E-4        1.007390           0.950245E-5        1.006555
        9.797999           0.120924E-4        1.007390           0.950300E-5        1.006555
        9.799999           0.120932E-4        1.007390           0.950356E-5        1.006555
        9.801999           0.120940E-4        1.007390           0.950411E-5        1.006555
        9.803999           0.120948E-4        1.007391           0.950466E-5        1.006556
        9.806000           0.120956E-4        1.007391           0.950522E-5        1.006556
        9.808000           0.120964E-4        1.007391           0.950576E-5        1.006556
        9.809999           0.120972E-4        1.007391           0.950632E-5        1.006556
        9.811999           0.120980E-4        1.007392           0.950687E-5        1.006556
        9.814000           0.120988E-4        1.007392           0.950743E-5        1.006557
        9.816000           0.120996E-4        1.007392           0.950798E-5        1.006557
        9.817999           0.121004E-4        1.007392           0.950853E-5        1.006557
        9.819999           0.121012E-4        1.007393           0.950909E-5        1.006557
        9.821999           0.121020E-4        1.007393           0.950964E-5        1.006557
        9.823999           0.121028E-4        1.007393           0.951019E-5        1.006557
        9.825999           0.121036E-4        1.007393           0.951074E-5        1.006558
        9.827999           0.121044E-4        1.007394           0.951130E-5        1.006558
        9.829999           0.121052E-4        1.007394           0.951186E-5        1.006558
        9.831999           0.121060E-4        1.007394           0.951241E-5        1.006558
        9.834000           0.121068E-4        1.007394           0.951296E-5        1.006558
        9.835999           0.121076E-4        1.007395           0.951352E-5        1.006559
        9.837999           0.121084E-4        1.007395           0.951408E-5        1.006559
        9.839999           0.121091E-4        1.007395           0.951463E-5        1.006559
        9.841999           0.121099E-4        1.007395           0.951518E-5        1.006559
        9.844000           0.121107E-4        1.007396           0.951573E-5        1.006559
        9.846000           0.121115E-4        1.007396           0.951629E-5        1.006560
        9.848000           0.121123E-4        1.007396           0.951684E-5        1.006560
        9.849999           0.121131E-4        1.007396           0.951740E-5        1.006560
        9.851999           0.121139E-4        1.007397           0.951795E-5        1.006560
        9.853999           0.121147E-4        1.007397           0.951851E-5        1.006560
        9.855999           0.121155E-4        1.007397           0.951906E-5        1.006561
        9.857999           0.121163E-4        1.007397           0.951961E-5        1.006561
        9.859999           0.121171E-4        1.007398           0.952018E-5        1.006561
        9.861999           0.121179E-4        1.007398           0.952073E-5        1.006561
        9.863999           0.121187E-4        1.007398           0.952128E-5        1.006561
        9.865999           0.121195E-4        1.007398           0.952184E-5        1.006562
        9.867999           0.121203E-4        1.007398           0.952239E-5        1.006562
        9.869999           0.121211E-4        1.007399           0.952295E-5        1.006562
        9.871999           0.121219E-4        1.007399           0.952350E-5        1.006562
        9.874000           0.121227E-4        1.007399           0.952405E-5        1.006562
        9.875999           0.121235E-4        1.007399           0.952461E-5        1.006562
        9.877999           0.121243E-4        1.007400           0.952516E-5        1.006563
        9.879999           0.121251E-4        1.007400           0.952572E-5        1.006563
        9.881999           0.121259E-4        1.007400           0.952627E-5        1.006563
        9.884000           0.121267E-4        1.007400           0.952683E-5        1.006563
        9.886000           0.121275E-4        1.007401           0.952738E-5        1.006563
        9.888000           0.121283E-4        1.007401           0.952794E-5        1.006564
        9.889999           0.121291E-4        1.007401           0.952849E-5        1.006564
        9.891999           0.121299E-4        1.007401           0.952906E-5        1.006564
        9.893999           0.121307E-4        1.007402           0.952960E-5        1.006564
        9.895999           0.121315E-4        1.007402           0.953016E-5        1.006564
        9.897999           0.121323E-4        1.007402           0.953072E-5        1.006564
        9.899999           0.121331E-4        1.007402           0.953128E-5        1.006565
        9.901999           0.121339E-4        1.007403           0.953182E-5        1.006565
        9.903999           0.121347E-4        1.007403           0.953238E-5        1.006565
        9.905999           0.121355E-4        1.007403           0.953294E-5        1.006565
        9.907999           0.121363E-4        1.007403           0.953350E-5        1.006565
        9.909999           0.121371E-4        1.007404           0.953405E-5        1.006566
        9.912000           0.121379E-4        1.007404           0.953461E-5        1.006566
        9.914000           0.121387E-4        1.007404           0.953516E-5        1.006566
        9.915999           0.121395E-4        1.007404           0.953572E-5        1.006566
        9.917999           0.121403E-4        1.007405           0.953628E-5        1.006566
        9.919999           0.121411E-4        1.007405           0.953683E-5        1.006567
        9.922000           0.121419E-4        1.007405           0.953739E-5        1.006567
        9.924000           0.121427E-4        1.007405           0.953794E-5        1.006567
        9.926000           0.121435E-4        1.007406           0.953850E-5        1.006567
        9.927999           0.121443E-4        1.007406           0.953906E-5        1.006567
        9.929999           0.121451E-4        1.007406           0.953961E-5        1.006568
        9.931999           0.121459E-4        1.007406           0.954017E-5        1.006568
        9.933999           0.121467E-4        1.007406           0.954073E-5        1.006568
        9.935999           0.121475E-4        1.007407           0.954128E-5        1.006568
        9.937999           0.121483E-4        1.007407           0.954184E-5        1.006568
        9.939999           0.121491E-4        1.007407           0.954240E-5        1.006569
        9.941999           0.121499E-4        1.007407           0.954295E-5        1.006569
        9.943999           0.121507E-4        1.007408           0.954351E-5        1.006569
        9.945999           0.121515E-4        1.007408           0.954407E-5        1.006569
        9.947999           0.121523E-4        1.007408           0.954462E-5        1.006569
        9.949999           0.121531E-4        1.007408           0.954518E-5        1.006570
        9.952000           0.121539E-4        1.007409           0.954574E-5        1.006570
        9.954000           0.121547E-4        1.007409           0.954629E-5        1.006570
        9.955999           0.121555E-4        1.007409           0.954684E-5        1.006570
        9.957999           0.121563E-4        1.007409           0.954740E-5        1.006570
        9.960000           0.121571E-4        1.007410           0.954796E-5        1.006570
        9.962000           0.121579E-4        1.007410           0.954852E-5        1.006571
        9.964000           0.121587E-4        1.007410           0.954908E-5        1.006571
        9.966000           0.121595E-4        1.007410           0.954964E-5        1.006571
        9.967999           0.121603E-4        1.007411           0.955020E-5        1.006571
        9.969999           0.121611E-4        1.007411           0.955076E-5        1.006571
        9.971999           0.121619E-4        1.007411           0.955131E-5        1.006572
        9.973999           0.121627E-4        1.007411           0.955187E-5        1.006572
        9.975999           0.121635E-4        1.007412           0.955242E-5        1.006572
        9.977999           0.121643E-4        1.007412           0.955298E-5        1.006572
        9.980000           0.121651E-4        1.007412           0.955354E-5        1.006572
        9.981999           0.121659E-4        1.007412           0.955410E-5        1.006573
        9.983999           0.121667E-4        1.007413           0.955465E-5        1.006573
        9.985999           0.121675E-4        1.007413           0.955522E-5        1.006573
        9.987999           0.121683E-4        1.007413           0.955577E-5        1.006573
        9.990000           0.121691E-4        1.007413           0.955634E-5        1.006573
        9.992000           0.121699E-4        1.007414           0.955689E-5        1.006574
        9.993999           0.121707E-4        1.007414           0.955745E-5        1.006574
        9.995999           0.121715E-4        1.007414           0.955800E-5        1.006574
        9.997999           0.121723E-4        1.007414           0.955856E-5        1.006574
        10.00000           0.121731E-4        1.007415           0.955912E-5        1.006574
# 
# 08/27/2026 at 17:22 yambo @ compute-9-01 [start]
# 08/27/2026 at 17:45                      [end]
#  
# Timing   [Min/Max/Average]: 22m-45s/22m-45s/22m-45s
#
# .-Input file  BSE_DS_files/BSE_DS.in
# | optics                           # [R] Linear Response optical properties
# | dipoles                          # [R] Oscillator strenghts (or dipoles)
# | bss                              # [R] BSE solver
# | bse                              # [R][BSE] Bethe Salpeter Equation.
# | DBsIOoff= "BS"                   # [IO] Space-separated list of DB with NO I/O. DB=(DIP,X,HF,COLLs,J,GF,CARRIERs,OBS,W,SC,BS,ALL)
# | FFTGvecs= 1837             RL    # [FFT] Plane-waves
# | DIP_CPU= "2.2.6"                 # [PARALLEL] CPUs for each role
# | DIP_ROLEs= "v.c.k"               # [PARALLEL] CPUs roles (k,c,v)
# | DIP_Threads= 2                   # [OPENMP/X] Number of threads for dipoles
# | BS_CPU= "4.6"                    # [PARALLEL] CPUs for each role
# | BS_ROLEs= "eh.k"                 # [PARALLEL] CPUs roles (k,eh,t)
# | BS_nCPU_LinAlg_INV=  4           # [PARALLEL] CPUs for Linear Algebra (if -1 it is automatically set)
# | BS_nCPU_LinAlg_DIAGO=  4         # [PARALLEL] CPUs for Linear Algebra (if -1 it is automatically set)
# | K_Threads= 2                     # [OPENMP/BSK] Number of threads for response functions
# | BSKmod= "SEX"                    # [BSE] IP/Hartree/HF/ALDA/SEX/BSfxc
# | BSEmod= "resonant"               # [BSE] resonant/retarded/coupling
# | BSEdiskIO= "medium"              # [BSE] high(restart always) |medium(restart only corr.) |low(writes at the end)|none
# | BSSmod= "d"                      # [BSS] (h)aydock/(d)iago/(o)ld-diago/(s)lepc/(i)nversion/(c)hase
# | BSENGexx= 20120            mHa   # [BSK] Exchange components
# | BSENGBlk=  89              RL    # [BSK] Screened interaction block size [if -1 uses all the G-vectors of W_{G,Gp}]
# | #WehCpl                        # [BSK] eh interaction included also in coupling
# | KfnQPdb= "E < GW0/ndb.QP"        # [EXTQP BSK BSS] Database action
# | % KfnQP_E
# |  6.000000 | 1.050000 | 1.050000 |        # [EXTQP BSK BSS] E parameters  (c/v) eV|adim|adim
# | %
# | EXCTemp= 0.000000          eV    # Excitonic Temperature (for luminescence spectra and EXCPH)
# | % BSEQptR
# |  1 | 1 |                             # [BSK] Transferred momenta range
# | %
# | % BSEBands
# |   1 | 10 |                           # [BSK] Bands range
# | %
# | BSEFrozenBands= "2 - 5"          # [BSK] Bands expluded from BSE construction
# | #NoDiagSC                      # New setup for non-diagonal supercells
# | % BEnRange
# |   0.00000 | 10.00000 |         eV    # [BSS] Energy range
# | %
# | BDmType= "Lorentzian"            # [BSS] Damping type (Lorentzian | Gaussian)
# | % BDmRange
# |  0.100000 | 0.100000 |         eV    # [BSS] Damping range
# | %
# | BEnSteps=  5001                  # [BSS] Energy steps
# | % BLongDir
# |  1.000000 | 0.000000 | 0.000000 |        # [BSS] [cc] Electric Field versor
# | %
# | BSEprop= " abs esrt indx"        # [BSS] Can be any among abs/jdos/kerr/asymm/anHAll/magn/dich/photolum/esrt/MEspin/MEorb
# | BSEdips= "none"                  # [BSS] Can be "trace/none" or "xy/xz/yz" to define off-diagonal rotation plane
# | WRbsWF                         # [BSS] Write to disk excitonic the WFs
# | BSSldiaLib= "s"                  # [BSS] Library used with ldiago solver `(s)scalapack/(e1)elpa1/(e2)elpa2`
# | BSSNEig=0                        # [SLEPC/DIAGO] Number of eigenvalues to compute
