#                                                                     
# $$\                                                                 
# $$ |                                                                
# $$ |     $$\   $$\ $$$$$$\$$$$\   $$$$$$\  $$$$$$$\                 
# $$ |     $$ |  $$ |$$  _$$  _$$\ $$  __$$\ $$  __$$\                
# $$ |     $$ |  $$ |$$ / $$ / $$ |$$$$$$$$ |$$ |  $$ |               
# $$ |     $$ |  $$ |$$ | $$ | $$ |$$   ____|$$ |  $$ |               
# $$$$$$$$\\$$$$$$  |$$ | $$ | $$ |\$$$$$$$\ $$ |  $$ |               
# \________|\______/ \__| \__| \__| \_______|\__|  \__|               
#                                                                     
#                   Fork Lumen 2.1.0                                  
#                   Branch is nlresp                                  
#        MPI+OpenMP+SLK+SLEPC+HDF5_MPI_IO Build                       
#               http://www.lumen-code.org                             
#
# Absorption @ Q(1):   1.00000000      0.00000000      0.00000000    [q->0 direction]
#
# [GEN] GF Energies                               : Perdew, Burke & Ernzerhof(X)+Perdew, Burke & Ernzerhof(C)
# [GEN] Green`s Function                          : Resonant
#
# [GEN] Gauge                                     : Length
# [GEN] [r,Vnl] included                          : yes
#
# DIP band range                                  :   1  10
# DIP band range limits                           :   5   6
# DIP e/h energy range                            :  -1.00000000     -1.00000000    [eV]
# RL vectors in the sum                           :  1837
# [r,Vnl] included                                : yes
# Bands ordered                                   : yes
# Direct v evaluation                             : no
# Approach used                                   : G-space v
# Dipoles computed                                : R V P [G-space]
# Wavefunctions                                   : Perdew, Burke & Ernzerhof(X)+Perdew, Burke & Ernzerhof(C)
#
#
# [K] Identifier                                  :  1131
# [K] Dimension                                   :   8640
# [K] Bands                                       :   1  10
# [K] Exchange res                                : yes
# [K] Correlation res                             : yes
# [K] Kernel`s coupling                           : no
# [K] Exchange cpl                                : no
# [K] Correlation cpl                             : no
# [K] W interaction is bare                       : no
# [K] ALDA kernel in R-space                      : no
# [K] RL vectors exchange                         :   531
# [K] RL vectors correlation                      :   89
# [K] E/h energy range                            :  -1.00000000     -1.00000000    [eV]
# [K] Coupling range                              :   100.000000      100.000000    [o/o]
# [W] Interaction is diagonal                     : no
# [W] Matrix size                                 :   89
# [W] Bands                                       :   1  10
# [W] e/h energy range                            :  -1.00000000     -1.00000000    [eV]
# [W] Poles                                       :   100.000000    [o/o]
# [W] RL vectors in the sum                       :  1837
# [W] [r,Vnl] included                            : yes
# [W] Field direction                             :  0.999999975E-5   0.00000000      0.00000000   
# [W] Coulomb Cutoff                              : none
# [W] Hxc Kernel                                  : HARTREE
# [RIM] RL components col                         : 0
# [RIM] Random points col                         : 0
# [SOC] Perturbative SOC                          : no
# [X] Response Kind                               : BAR
#
# Diamagnetic term                                
# Ao                                              :  -9.57532406    [nel]
# A                                               :  -9.61676121    [nel]
#
#    E[1] [eV]          Im(eps)            Re(eps)            Im(eps_o)          Re(eps_o)
#
        0.000000           0.896913E-5        1.006365           0.728482E-5        1.005738
        0.002000           0.896963E-5        1.006365           0.728519E-5        1.005738
        0.004000           0.897014E-5        1.006365           0.728556E-5        1.005738
        0.006000           0.897065E-5        1.006365           0.728593E-5        1.005738
        0.008000           0.897115E-5        1.006365           0.728630E-5        1.005738
        0.010000           0.897166E-5        1.006366           0.728667E-5        1.005739
        0.012000           0.897217E-5        1.006366           0.728704E-5        1.005739
        0.014000           0.897268E-5        1.006366           0.728741E-5        1.005739
        0.016000           0.897318E-5        1.006366           0.728779E-5        1.005739
        0.018000           0.897369E-5        1.006366           0.728816E-5        1.005739
        0.020000           0.897420E-5        1.006366           0.728853E-5        1.005739
        0.022000           0.897471E-5        1.006367           0.728890E-5        1.005739
        0.024000           0.897522E-5        1.006367           0.728927E-5        1.005740
        0.026000           0.897572E-5        1.006367           0.728964E-5        1.005740
        0.028000           0.897623E-5        1.006367           0.729001E-5        1.005740
        0.030000           0.897674E-5        1.006367           0.729039E-5        1.005740
        0.032000           0.897725E-5        1.006367           0.729076E-5        1.005740
        0.034000           0.897776E-5        1.006368           0.729112E-5        1.005740
        0.036000           0.897826E-5        1.006368           0.729150E-5        1.005741
        0.038000           0.897877E-5        1.006368           0.729187E-5        1.005741
        0.040000           0.897928E-5        1.006368           0.729224E-5        1.005741
        0.042000           0.897979E-5        1.006368           0.729262E-5        1.005741
        0.044000           0.898030E-5        1.006369           0.729298E-5        1.005741
        0.046000           0.898080E-5        1.006369           0.729336E-5        1.005741
        0.048000           0.898131E-5        1.006369           0.729373E-5        1.005741
        0.050000           0.898182E-5        1.006369           0.729410E-5        1.005741
        0.052000           0.898233E-5        1.006369           0.729447E-5        1.005742
        0.054000           0.898284E-5        1.006369           0.729484E-5        1.005742
        0.056000           0.898335E-5        1.006370           0.729522E-5        1.005742
        0.058000           0.898385E-5        1.006370           0.729559E-5        1.005742
        0.060000           0.898436E-5        1.006370           0.729596E-5        1.005742
        0.062000           0.898487E-5        1.006370           0.729633E-5        1.005742
        0.064000           0.898538E-5        1.006370           0.729671E-5        1.005743
        0.066000           0.898589E-5        1.006371           0.729708E-5        1.005743
        0.068000           0.898640E-5        1.006371           0.729745E-5        1.005743
        0.070000           0.898691E-5        1.006371           0.729782E-5        1.005743
        0.072000           0.898742E-5        1.006371           0.729819E-5        1.005743
        0.074000           0.898792E-5        1.006371           0.729856E-5        1.005743
        0.076000           0.898843E-5        1.006371           0.729894E-5        1.005743
        0.078000           0.898894E-5        1.006372           0.729931E-5        1.005744
        0.080000           0.898945E-5        1.006372           0.729968E-5        1.005744
        0.082000           0.898996E-5        1.006372           0.730005E-5        1.005744
        0.084000           0.899047E-5        1.006372           0.730043E-5        1.005744
        0.086000           0.899098E-5        1.006372           0.730080E-5        1.005744
        0.088000           0.899149E-5        1.006372           0.730117E-5        1.005744
        0.090000           0.899200E-5        1.006373           0.730154E-5        1.005744
        0.092000           0.899251E-5        1.006373           0.730191E-5        1.005745
        0.094000           0.899302E-5        1.006373           0.730229E-5        1.005745
        0.096000           0.899352E-5        1.006373           0.730266E-5        1.005745
        0.098000           0.899404E-5        1.006373           0.730303E-5        1.005745
        0.100000           0.899454E-5        1.006374           0.730340E-5        1.005745
        0.102000           0.899505E-5        1.006374           0.730378E-5        1.005745
        0.104000           0.899556E-5        1.006374           0.730415E-5        1.005746
        0.106000           0.899607E-5        1.006374           0.730452E-5        1.005746
        0.108000           0.899658E-5        1.006374           0.730489E-5        1.005746
        0.110000           0.899709E-5        1.006374           0.730526E-5        1.005746
        0.112000           0.899760E-5        1.006375           0.730564E-5        1.005746
        0.114000           0.899811E-5        1.006375           0.730601E-5        1.005746
        0.116000           0.899862E-5        1.006375           0.730638E-5        1.005746
        0.118000           0.899913E-5        1.006375           0.730675E-5        1.005746
        0.120000           0.899964E-5        1.006375           0.730713E-5        1.005747
        0.122000           0.900015E-5        1.006376           0.730750E-5        1.005747
        0.124000           0.900066E-5        1.006376           0.730788E-5        1.005747
        0.126000           0.900117E-5        1.006376           0.730825E-5        1.005747
        0.128000           0.900168E-5        1.006376           0.730862E-5        1.005747
        0.130000           0.900219E-5        1.006376           0.730899E-5        1.005747
        0.132000           0.900270E-5        1.006377           0.730937E-5        1.005748
        0.134000           0.900321E-5        1.006377           0.730974E-5        1.005748
        0.136000           0.900372E-5        1.006377           0.731011E-5        1.005748
        0.138000           0.900423E-5        1.006377           0.731049E-5        1.005748
        0.140000           0.900474E-5        1.006377           0.731086E-5        1.005748
        0.142000           0.900525E-5        1.006377           0.731123E-5        1.005748
        0.144000           0.900576E-5        1.006378           0.731160E-5        1.005748
        0.146000           0.900627E-5        1.006378           0.731198E-5        1.005749
        0.148000           0.900678E-5        1.006378           0.731235E-5        1.005749
        0.150000           0.900729E-5        1.006378           0.731272E-5        1.005749
        0.152000           0.900780E-5        1.006378           0.731310E-5        1.005749
        0.154000           0.900831E-5        1.006378           0.731347E-5        1.005749
        0.156000           0.900883E-5        1.006379           0.731384E-5        1.005749
        0.158000           0.900934E-5        1.006379           0.731422E-5        1.005749
        0.160000           0.900985E-5        1.006379           0.731459E-5        1.005750
        0.162000           0.901036E-5        1.006379           0.731496E-5        1.005750
        0.164000           0.901087E-5        1.006379           0.731533E-5        1.005750
        0.166000           0.901138E-5        1.006379           0.731571E-5        1.005750
        0.168000           0.901189E-5        1.006380           0.731608E-5        1.005750
        0.170000           0.901240E-5        1.006380           0.731645E-5        1.005750
        0.172000           0.901291E-5        1.006380           0.731683E-5        1.005750
        0.174000           0.901342E-5        1.006380           0.731720E-5        1.005751
        0.176000           0.901393E-5        1.006380           0.731758E-5        1.005751
        0.178000           0.901444E-5        1.006381           0.731796E-5        1.005751
        0.180000           0.901496E-5        1.006381           0.731832E-5        1.005751
        0.182000           0.901547E-5        1.006381           0.731870E-5        1.005751
        0.184000           0.901597E-5        1.006381           0.731907E-5        1.005751
        0.186000           0.901649E-5        1.006381           0.731945E-5        1.005751
        0.188000           0.901700E-5        1.006382           0.731982E-5        1.005752
        0.190000           0.901751E-5        1.006382           0.732019E-5        1.005752
        0.192000           0.901802E-5        1.006382           0.732057E-5        1.005752
        0.194000           0.901853E-5        1.006382           0.732094E-5        1.005752
        0.196000           0.901905E-5        1.006382           0.732131E-5        1.005752
        0.198000           0.901956E-5        1.006382           0.732169E-5        1.005752
        0.200000           0.902007E-5        1.006383           0.732206E-5        1.005752
        0.202000           0.902058E-5        1.006383           0.732243E-5        1.005753
        0.204000           0.902109E-5        1.006383           0.732281E-5        1.005753
        0.206000           0.902160E-5        1.006383           0.732318E-5        1.005753
        0.208000           0.902212E-5        1.006383           0.732356E-5        1.005753
        0.210000           0.902263E-5        1.006384           0.732393E-5        1.005753
        0.212000           0.902314E-5        1.006384           0.732430E-5        1.005753
        0.214000           0.902365E-5        1.006384           0.732468E-5        1.005754
        0.216000           0.902416E-5        1.006384           0.732505E-5        1.005754
        0.218000           0.902467E-5        1.006384           0.732543E-5        1.005754
        0.220000           0.902519E-5        1.006384           0.732580E-5        1.005754
        0.222000           0.902570E-5        1.006385           0.732617E-5        1.005754
        0.224000           0.902621E-5        1.006385           0.732655E-5        1.005754
        0.226000           0.902672E-5        1.006385           0.732692E-5        1.005754
        0.228000           0.902723E-5        1.006385           0.732730E-5        1.005755
        0.230000           0.902775E-5        1.006385           0.732767E-5        1.005755
        0.232000           0.902826E-5        1.006385           0.732805E-5        1.005755
        0.234000           0.902877E-5        1.006386           0.732842E-5        1.005755
        0.236000           0.902929E-5        1.006386           0.732880E-5        1.005755
        0.238000           0.902980E-5        1.006386           0.732917E-5        1.005755
        0.240000           0.903031E-5        1.006386           0.732955E-5        1.005755
        0.242000           0.903082E-5        1.006386           0.732992E-5        1.005756
        0.244000           0.903134E-5        1.006387           0.733029E-5        1.005756
        0.246000           0.903185E-5        1.006387           0.733067E-5        1.005756
        0.248000           0.903236E-5        1.006387           0.733104E-5        1.005756
        0.250000           0.903287E-5        1.006387           0.733142E-5        1.005756
        0.252000           0.903339E-5        1.006387           0.733179E-5        1.005756
        0.254000           0.903390E-5        1.006387           0.733217E-5        1.005756
        0.256000           0.903441E-5        1.006388           0.733254E-5        1.005757
        0.258000           0.903492E-5        1.006388           0.733292E-5        1.005757
        0.260000           0.903544E-5        1.006388           0.733329E-5        1.005757
        0.262000           0.903595E-5        1.006388           0.733367E-5        1.005757
        0.264000           0.903646E-5        1.006388           0.733404E-5        1.005757
        0.266000           0.903698E-5        1.006389           0.733442E-5        1.005757
        0.268000           0.903749E-5        1.006389           0.733479E-5        1.005757
        0.270000           0.903800E-5        1.006389           0.733517E-5        1.005758
        0.272000           0.903852E-5        1.006389           0.733554E-5        1.005758
        0.274000           0.903903E-5        1.006389           0.733591E-5        1.005758
        0.276000           0.903954E-5        1.006389           0.733629E-5        1.005758
        0.278000           0.904006E-5        1.006390           0.733667E-5        1.005758
        0.280000           0.904057E-5        1.006390           0.733704E-5        1.005758
        0.282000           0.904108E-5        1.006390           0.733741E-5        1.005759
        0.284000           0.904160E-5        1.006390           0.733779E-5        1.005759
        0.286000           0.904211E-5        1.006390           0.733816E-5        1.005759
        0.288000           0.904262E-5        1.006391           0.733854E-5        1.005759
        0.290000           0.904314E-5        1.006391           0.733891E-5        1.005759
        0.292000           0.904365E-5        1.006391           0.733929E-5        1.005759
        0.294000           0.904416E-5        1.006391           0.733967E-5        1.005759
        0.296000           0.904468E-5        1.006391           0.734004E-5        1.005759
        0.298000           0.904519E-5        1.006391           0.734041E-5        1.005760
        0.300000           0.904570E-5        1.006392           0.734079E-5        1.005760
        0.302000           0.904622E-5        1.006392           0.734117E-5        1.005760
        0.304000           0.904673E-5        1.006392           0.734154E-5        1.005760
        0.306000           0.904725E-5        1.006392           0.734192E-5        1.005760
        0.308000           0.904776E-5        1.006392           0.734229E-5        1.005760
        0.310000           0.904828E-5        1.006392           0.734267E-5        1.005761
        0.312000           0.904879E-5        1.006393           0.734304E-5        1.005761
        0.314000           0.904930E-5        1.006393           0.734342E-5        1.005761
        0.316000           0.904982E-5        1.006393           0.734379E-5        1.005761
        0.318000           0.905033E-5        1.006393           0.734417E-5        1.005761
        0.320000           0.905084E-5        1.006393           0.734454E-5        1.005761
        0.322000           0.905136E-5        1.006394           0.734492E-5        1.005761
        0.324000           0.905187E-5        1.006394           0.734530E-5        1.005762
        0.326000           0.905239E-5        1.006394           0.734567E-5        1.005762
        0.328000           0.905290E-5        1.006394           0.734605E-5        1.005762
        0.330000           0.905342E-5        1.006394           0.734642E-5        1.005762
        0.332000           0.905393E-5        1.006395           0.734680E-5        1.005762
        0.334000           0.905445E-5        1.006395           0.734717E-5        1.005762
        0.336000           0.905496E-5        1.006395           0.734755E-5        1.005762
        0.338000           0.905547E-5        1.006395           0.734793E-5        1.005763
        0.340000           0.905599E-5        1.006395           0.734830E-5        1.005763
        0.342000           0.905651E-5        1.006395           0.734868E-5        1.005763
        0.344000           0.905702E-5        1.006396           0.734905E-5        1.005763
        0.346000           0.905754E-5        1.006396           0.734943E-5        1.005763
        0.348000           0.905805E-5        1.006396           0.734981E-5        1.005763
        0.350000           0.905856E-5        1.006396           0.735018E-5        1.005764
        0.352000           0.905908E-5        1.006396           0.735056E-5        1.005764
        0.354000           0.905959E-5        1.006397           0.735093E-5        1.005764
        0.356000           0.906011E-5        1.006397           0.735131E-5        1.005764
        0.358000           0.906062E-5        1.006397           0.735169E-5        1.005764
        0.360000           0.906114E-5        1.006397           0.735206E-5        1.005764
        0.362000           0.906165E-5        1.006397           0.735244E-5        1.005764
        0.364000           0.906217E-5        1.006397           0.735282E-5        1.005764
        0.366000           0.906268E-5        1.006398           0.735319E-5        1.005765
        0.368000           0.906320E-5        1.006398           0.735357E-5        1.005765
        0.370000           0.906371E-5        1.006398           0.735395E-5        1.005765
        0.372000           0.906423E-5        1.006398           0.735432E-5        1.005765
        0.374000           0.906475E-5        1.006398           0.735470E-5        1.005765
        0.376000           0.906526E-5        1.006398           0.735507E-5        1.005765
        0.378000           0.906578E-5        1.006399           0.735545E-5        1.005766
        0.380000           0.906629E-5        1.006399           0.735583E-5        1.005766
        0.382000           0.906681E-5        1.006399           0.735620E-5        1.005766
        0.384000           0.906732E-5        1.006399           0.735658E-5        1.005766
        0.386000           0.906784E-5        1.006399           0.735695E-5        1.005766
        0.388000           0.906835E-5        1.006400           0.735733E-5        1.005766
        0.390000           0.906887E-5        1.006400           0.735771E-5        1.005766
        0.392000           0.906938E-5        1.006400           0.735809E-5        1.005767
        0.394000           0.906990E-5        1.006400           0.735846E-5        1.005767
        0.396000           0.907042E-5        1.006400           0.735884E-5        1.005767
        0.398000           0.907093E-5        1.006400           0.735922E-5        1.005767
        0.400000           0.907145E-5        1.006401           0.735959E-5        1.005767
        0.402000           0.907196E-5        1.006401           0.735997E-5        1.005767
        0.404000           0.907248E-5        1.006401           0.736035E-5        1.005767
        0.406000           0.907300E-5        1.006401           0.736072E-5        1.005768
        0.408000           0.907351E-5        1.006401           0.736110E-5        1.005768
        0.410000           0.907403E-5        1.006402           0.736148E-5        1.005768
        0.412000           0.907455E-5        1.006402           0.736186E-5        1.005768
        0.414000           0.907506E-5        1.006402           0.736223E-5        1.005768
        0.416000           0.907558E-5        1.006402           0.736261E-5        1.005768
        0.418000           0.907610E-5        1.006402           0.736299E-5        1.005769
        0.420000           0.907661E-5        1.006402           0.736336E-5        1.005769
        0.422000           0.907713E-5        1.006403           0.736374E-5        1.005769
        0.424000           0.907764E-5        1.006403           0.736412E-5        1.005769
        0.426000           0.907816E-5        1.006403           0.736449E-5        1.005769
        0.428000           0.907868E-5        1.006403           0.736487E-5        1.005769
        0.430000           0.907919E-5        1.006403           0.736525E-5        1.005769
        0.432000           0.907971E-5        1.006404           0.736562E-5        1.005769
        0.434000           0.908023E-5        1.006404           0.736600E-5        1.005770
        0.436000           0.908074E-5        1.006404           0.736638E-5        1.005770
        0.438000           0.908126E-5        1.006404           0.736676E-5        1.005770
        0.440000           0.908178E-5        1.006404           0.736713E-5        1.005770
        0.442000           0.908229E-5        1.006405           0.736751E-5        1.005770
        0.444000           0.908281E-5        1.006405           0.736789E-5        1.005770
        0.446000           0.908333E-5        1.006405           0.736826E-5        1.005771
        0.448000           0.908385E-5        1.006405           0.736864E-5        1.005771
        0.450000           0.908436E-5        1.006405           0.736902E-5        1.005771
        0.452000           0.908488E-5        1.006405           0.736939E-5        1.005771
        0.454000           0.908540E-5        1.006406           0.736978E-5        1.005771
        0.456000           0.908592E-5        1.006406           0.737015E-5        1.005771
        0.458000           0.908643E-5        1.006406           0.737053E-5        1.005771
        0.460000           0.908695E-5        1.006406           0.737091E-5        1.005772
        0.462000           0.908747E-5        1.006406           0.737129E-5        1.005772
        0.464000           0.908799E-5        1.006406           0.737166E-5        1.005772
        0.466000           0.908850E-5        1.006407           0.737204E-5        1.005772
        0.468000           0.908902E-5        1.006407           0.737242E-5        1.005772
        0.470000           0.908954E-5        1.006407           0.737280E-5        1.005772
        0.472000           0.909005E-5        1.006407           0.737318E-5        1.005772
        0.474000           0.909057E-5        1.006407           0.737355E-5        1.005773
        0.476000           0.909109E-5        1.006408           0.737393E-5        1.005773
        0.478000           0.909161E-5        1.006408           0.737431E-5        1.005773
        0.480000           0.909212E-5        1.006408           0.737468E-5        1.005773
        0.482000           0.909264E-5        1.006408           0.737506E-5        1.005773
        0.484000           0.909316E-5        1.006408           0.737544E-5        1.005773
        0.486000           0.909368E-5        1.006408           0.737582E-5        1.005774
        0.488000           0.909420E-5        1.006409           0.737620E-5        1.005774
        0.490000           0.909472E-5        1.006409           0.737658E-5        1.005774
        0.492000           0.909523E-5        1.006409           0.737695E-5        1.005774
        0.494000           0.909575E-5        1.006409           0.737733E-5        1.005774
        0.496000           0.909627E-5        1.006409           0.737771E-5        1.005774
        0.498000           0.909679E-5        1.006410           0.737809E-5        1.005774
        0.500000           0.909731E-5        1.006410           0.737846E-5        1.005774
        0.502000           0.909782E-5        1.006410           0.737884E-5        1.005775
        0.504000           0.909834E-5        1.006410           0.737922E-5        1.005775
        0.506000           0.909886E-5        1.006410           0.737960E-5        1.005775
        0.508000           0.909938E-5        1.006410           0.737998E-5        1.005775
        0.510000           0.909990E-5        1.006411           0.738036E-5        1.005775
        0.512000           0.910042E-5        1.006411           0.738074E-5        1.005775
        0.514000           0.910093E-5        1.006411           0.738111E-5        1.005776
        0.516000           0.910145E-5        1.006411           0.738150E-5        1.005776
        0.518000           0.910197E-5        1.006411           0.738187E-5        1.005776
        0.520000           0.910249E-5        1.006412           0.738225E-5        1.005776
        0.522000           0.910301E-5        1.006412           0.738263E-5        1.005776
        0.524000           0.910353E-5        1.006412           0.738301E-5        1.005776
        0.526000           0.910405E-5        1.006412           0.738339E-5        1.005777
        0.528000           0.910457E-5        1.006412           0.738377E-5        1.005777
        0.530000           0.910508E-5        1.006413           0.738414E-5        1.005777
        0.532000           0.910560E-5        1.006413           0.738452E-5        1.005777
        0.534000           0.910612E-5        1.006413           0.738490E-5        1.005777
        0.536000           0.910664E-5        1.006413           0.738528E-5        1.005777
        0.538000           0.910716E-5        1.006413           0.738566E-5        1.005777
        0.540000           0.910768E-5        1.006413           0.738604E-5        1.005777
        0.542000           0.910820E-5        1.006414           0.738642E-5        1.005778
        0.544000           0.910872E-5        1.006414           0.738679E-5        1.005778
        0.546000           0.910923E-5        1.006414           0.738717E-5        1.005778
        0.548000           0.910976E-5        1.006414           0.738755E-5        1.005778
        0.550000           0.911027E-5        1.006414           0.738793E-5        1.005778
        0.552000           0.911079E-5        1.006415           0.738831E-5        1.005778
        0.554000           0.911131E-5        1.006415           0.738869E-5        1.005779
        0.556000           0.911183E-5        1.006415           0.738907E-5        1.005779
        0.558000           0.911235E-5        1.006415           0.738945E-5        1.005779
        0.560000           0.911287E-5        1.006415           0.738983E-5        1.005779
        0.562000           0.911339E-5        1.006415           0.739021E-5        1.005779
        0.564000           0.911391E-5        1.006416           0.739058E-5        1.005779
        0.566000           0.911443E-5        1.006416           0.739096E-5        1.005779
        0.568000           0.911495E-5        1.006416           0.739134E-5        1.005780
        0.570000           0.911547E-5        1.006416           0.739172E-5        1.005780
        0.572000           0.911599E-5        1.006416           0.739210E-5        1.005780
        0.574000           0.911651E-5        1.006416           0.739248E-5        1.005780
        0.576000           0.911703E-5        1.006417           0.739286E-5        1.005780
        0.578000           0.911755E-5        1.006417           0.739324E-5        1.005780
        0.580000           0.911807E-5        1.006417           0.739362E-5        1.005780
        0.582000           0.911859E-5        1.006417           0.739400E-5        1.005781
        0.584000           0.911911E-5        1.006417           0.739438E-5        1.005781
        0.586000           0.911963E-5        1.006418           0.739476E-5        1.005781
        0.588000           0.912015E-5        1.006418           0.739514E-5        1.005781
        0.590000           0.912067E-5        1.006418           0.739552E-5        1.005781
        0.592000           0.912119E-5        1.006418           0.739589E-5        1.005781
        0.594000           0.912171E-5        1.006418           0.739628E-5        1.005782
        0.596000           0.912223E-5        1.006418           0.739666E-5        1.005782
        0.598000           0.912275E-5        1.006419           0.739704E-5        1.005782
        0.600000           0.912327E-5        1.006419           0.739741E-5        1.005782
        0.602000           0.912379E-5        1.006419           0.739779E-5        1.005782
        0.604000           0.912431E-5        1.006419           0.739817E-5        1.005782
        0.606000           0.912483E-5        1.006419           0.739855E-5        1.005782
        0.608000           0.912535E-5        1.006420           0.739893E-5        1.005782
        0.610000           0.912587E-5        1.006420           0.739931E-5        1.005783
        0.612000           0.912639E-5        1.006420           0.739969E-5        1.005783
        0.614000           0.912692E-5        1.006420           0.740007E-5        1.005783
        0.616000           0.912744E-5        1.006420           0.740045E-5        1.005783
        0.618000           0.912796E-5        1.006420           0.740083E-5        1.005783
        0.620000           0.912848E-5        1.006421           0.740121E-5        1.005783
        0.622000           0.912900E-5        1.006421           0.740159E-5        1.005784
        0.624000           0.912952E-5        1.006421           0.740197E-5        1.005784
        0.626000           0.913004E-5        1.006421           0.740235E-5        1.005784
        0.628000           0.913056E-5        1.006421           0.740273E-5        1.005784
        0.630000           0.913108E-5        1.006422           0.740311E-5        1.005784
        0.632000           0.913160E-5        1.006422           0.740349E-5        1.005784
        0.634000           0.913213E-5        1.006422           0.740387E-5        1.005784
        0.636000           0.913265E-5        1.006422           0.740425E-5        1.005785
        0.638000           0.913317E-5        1.006422           0.740463E-5        1.005785
        0.640000           0.913369E-5        1.006423           0.740501E-5        1.005785
        0.642000           0.913421E-5        1.006423           0.740539E-5        1.005785
        0.644000           0.913473E-5        1.006423           0.740577E-5        1.005785
        0.646000           0.913525E-5        1.006423           0.740615E-5        1.005785
        0.648000           0.913577E-5        1.006423           0.740653E-5        1.005785
        0.650000           0.913630E-5        1.006423           0.740692E-5        1.005786
        0.652000           0.913682E-5        1.006424           0.740729E-5        1.005786
        0.654000           0.913734E-5        1.006424           0.740768E-5        1.005786
        0.656000           0.913786E-5        1.006424           0.740806E-5        1.005786
        0.658000           0.913838E-5        1.006424           0.740844E-5        1.005786
        0.660000           0.913890E-5        1.006424           0.740882E-5        1.005786
        0.662000           0.913943E-5        1.006425           0.740920E-5        1.005787
        0.664000           0.913995E-5        1.006425           0.740958E-5        1.005787
        0.666000           0.914047E-5        1.006425           0.740996E-5        1.005787
        0.668000           0.914099E-5        1.006425           0.741034E-5        1.005787
        0.670000           0.914151E-5        1.006425           0.741072E-5        1.005787
        0.672000           0.914204E-5        1.006425           0.741110E-5        1.005787
        0.674000           0.914256E-5        1.006426           0.741148E-5        1.005787
        0.676000           0.914308E-5        1.006426           0.741186E-5        1.005788
        0.678000           0.914360E-5        1.006426           0.741225E-5        1.005788
        0.680000           0.914413E-5        1.006426           0.741263E-5        1.005788
        0.682000           0.914465E-5        1.006426           0.741300E-5        1.005788
        0.684000           0.914517E-5        1.006427           0.741339E-5        1.005788
        0.686000           0.914569E-5        1.006427           0.741377E-5        1.005788
        0.688000           0.914621E-5        1.006427           0.741415E-5        1.005788
        0.690000           0.914674E-5        1.006427           0.741453E-5        1.005789
        0.692000           0.914726E-5        1.006427           0.741491E-5        1.005789
        0.694000           0.914778E-5        1.006427           0.741529E-5        1.005789
        0.696000           0.914830E-5        1.006428           0.741567E-5        1.005789
        0.698000           0.914883E-5        1.006428           0.741605E-5        1.005789
        0.700000           0.914935E-5        1.006428           0.741643E-5        1.005789
        0.702000           0.914987E-5        1.006428           0.741682E-5        1.005790
        0.704000           0.915040E-5        1.006428           0.741720E-5        1.005790
        0.706000           0.915092E-5        1.006429           0.741758E-5        1.005790
        0.708000           0.915144E-5        1.006429           0.741796E-5        1.005790
        0.710000           0.915196E-5        1.006429           0.741834E-5        1.005790
        0.712000           0.915249E-5        1.006429           0.741872E-5        1.005790
        0.714000           0.915301E-5        1.006429           0.741910E-5        1.005790
        0.716000           0.915353E-5        1.006429           0.741948E-5        1.005790
        0.718000           0.915406E-5        1.006430           0.741987E-5        1.005791
        0.720000           0.915458E-5        1.006430           0.742025E-5        1.005791
        0.722000           0.915510E-5        1.006430           0.742063E-5        1.005791
        0.724000           0.915563E-5        1.006430           0.742101E-5        1.005791
        0.726000           0.915615E-5        1.006430           0.742139E-5        1.005791
        0.728000           0.915667E-5        1.006431           0.742177E-5        1.005791
        0.730000           0.915720E-5        1.006431           0.742216E-5        1.005792
        0.732000           0.915772E-5        1.006431           0.742254E-5        1.005792
        0.734000           0.915824E-5        1.006431           0.742292E-5        1.005792
        0.736000           0.915876E-5        1.006431           0.742330E-5        1.005792
        0.738000           0.915929E-5        1.006431           0.742368E-5        1.005792
        0.740000           0.915981E-5        1.006432           0.742406E-5        1.005792
        0.742000           0.916034E-5        1.006432           0.742444E-5        1.005792
        0.744000           0.916086E-5        1.006432           0.742483E-5        1.005793
        0.746000           0.916138E-5        1.006432           0.742521E-5        1.005793
        0.748000           0.916191E-5        1.006432           0.742559E-5        1.005793
        0.750000           0.916243E-5        1.006433           0.742597E-5        1.005793
        0.752000           0.916296E-5        1.006433           0.742635E-5        1.005793
        0.754000           0.916348E-5        1.006433           0.742674E-5        1.005793
        0.756000           0.916400E-5        1.006433           0.742712E-5        1.005793
        0.758000           0.916453E-5        1.006433           0.742750E-5        1.005794
        0.760000           0.916505E-5        1.006433           0.742788E-5        1.005794
        0.762000           0.916557E-5        1.006434           0.742826E-5        1.005794
        0.764000           0.916610E-5        1.006434           0.742865E-5        1.005794
        0.766000           0.916663E-5        1.006434           0.742903E-5        1.005794
        0.768000           0.916715E-5        1.006434           0.742941E-5        1.005794
        0.770000           0.916767E-5        1.006434           0.742979E-5        1.005795
        0.772000           0.916820E-5        1.006435           0.743017E-5        1.005795
        0.774000           0.916872E-5        1.006435           0.743056E-5        1.005795
        0.776000           0.916925E-5        1.006435           0.743094E-5        1.005795
        0.778000           0.916977E-5        1.006435           0.743132E-5        1.005795
        0.780000           0.917030E-5        1.006435           0.743170E-5        1.005795
        0.782000           0.917082E-5        1.006436           0.743209E-5        1.005795
        0.784000           0.917134E-5        1.006436           0.743247E-5        1.005796
        0.786000           0.917187E-5        1.006436           0.743285E-5        1.005796
        0.788000           0.917239E-5        1.006436           0.743323E-5        1.005796
        0.790000           0.917292E-5        1.006436           0.743362E-5        1.005796
        0.792000           0.917344E-5        1.006436           0.743400E-5        1.005796
        0.794000           0.917397E-5        1.006437           0.743438E-5        1.005796
        0.796000           0.917449E-5        1.006437           0.743477E-5        1.005796
        0.798000           0.917502E-5        1.006437           0.743515E-5        1.005797
        0.800000           0.917554E-5        1.006437           0.743553E-5        1.005797
        0.802000           0.917607E-5        1.006437           0.743591E-5        1.005797
        0.804000           0.917659E-5        1.006438           0.743629E-5        1.005797
        0.806000           0.917712E-5        1.006438           0.743668E-5        1.005797
        0.808000           0.917764E-5        1.006438           0.743706E-5        1.005797
        0.810000           0.917817E-5        1.006438           0.743744E-5        1.005798
        0.812000           0.917869E-5        1.006438           0.743783E-5        1.005798
        0.814000           0.917922E-5        1.006438           0.743821E-5        1.005798
        0.816000           0.917974E-5        1.006439           0.743859E-5        1.005798
        0.818000           0.918027E-5        1.006439           0.743897E-5        1.005798
        0.820000           0.918079E-5        1.006439           0.743936E-5        1.005798
        0.822000           0.918132E-5        1.006439           0.743974E-5        1.005798
        0.824000           0.918184E-5        1.006439           0.744012E-5        1.005799
        0.826000           0.918237E-5        1.006440           0.744050E-5        1.005799
        0.828000           0.918289E-5        1.006440           0.744089E-5        1.005799
        0.830000           0.918342E-5        1.006440           0.744127E-5        1.005799
        0.832000           0.918395E-5        1.006440           0.744165E-5        1.005799
        0.834000           0.918447E-5        1.006440           0.744204E-5        1.005799
        0.836000           0.918500E-5        1.006441           0.744242E-5        1.005799
        0.838000           0.918552E-5        1.006441           0.744280E-5        1.005800
        0.840000           0.918605E-5        1.006441           0.744318E-5        1.005800
        0.842000           0.918658E-5        1.006441           0.744357E-5        1.005800
        0.844000           0.918710E-5        1.006441           0.744395E-5        1.005800
        0.846000           0.918763E-5        1.006441           0.744433E-5        1.005800
        0.848000           0.918815E-5        1.006442           0.744472E-5        1.005800
        0.850000           0.918868E-5        1.006442           0.744510E-5        1.005800
        0.852000           0.918920E-5        1.006442           0.744549E-5        1.005801
        0.854000           0.918973E-5        1.006442           0.744587E-5        1.005801
        0.856000           0.919026E-5        1.006442           0.744625E-5        1.005801
        0.858000           0.919078E-5        1.006443           0.744663E-5        1.005801
        0.860000           0.919131E-5        1.006443           0.744702E-5        1.005801
        0.862000           0.919184E-5        1.006443           0.744740E-5        1.005801
        0.864000           0.919236E-5        1.006443           0.744779E-5        1.005802
        0.866000           0.919289E-5        1.006443           0.744817E-5        1.005802
        0.868000           0.919342E-5        1.006443           0.744855E-5        1.005802
        0.870000           0.919394E-5        1.006444           0.744894E-5        1.005802
        0.872000           0.919447E-5        1.006444           0.744932E-5        1.005802
        0.874000           0.919500E-5        1.006444           0.744971E-5        1.005802
        0.876000           0.919552E-5        1.006444           0.745009E-5        1.005802
        0.878000           0.919605E-5        1.006444           0.745047E-5        1.005803
        0.880000           0.919657E-5        1.006444           0.745085E-5        1.005803
        0.882000           0.919710E-5        1.006445           0.745124E-5        1.005803
        0.884000           0.919763E-5        1.006445           0.745163E-5        1.005803
        0.886000           0.919816E-5        1.006445           0.745201E-5        1.005803
        0.888000           0.919868E-5        1.006445           0.745239E-5        1.005803
        0.890000           0.919921E-5        1.006445           0.745278E-5        1.005803
        0.892000           0.919974E-5        1.006446           0.745316E-5        1.005804
        0.894000           0.920027E-5        1.006446           0.745355E-5        1.005804
        0.896000           0.920079E-5        1.006446           0.745393E-5        1.005804
        0.898000           0.920132E-5        1.006446           0.745431E-5        1.005804
        0.900000           0.920185E-5        1.006446           0.745470E-5        1.005804
        0.902000           0.920237E-5        1.006446           0.745508E-5        1.005804
        0.904000           0.920290E-5        1.006447           0.745547E-5        1.005805
        0.906000           0.920343E-5        1.006447           0.745585E-5        1.005805
        0.908000           0.920396E-5        1.006447           0.745623E-5        1.005805
        0.910000           0.920448E-5        1.006447           0.745662E-5        1.005805
        0.912000           0.920501E-5        1.006447           0.745700E-5        1.005805
        0.914000           0.920554E-5        1.006448           0.745738E-5        1.005805
        0.916000           0.920606E-5        1.006448           0.745777E-5        1.005805
        0.918000           0.920659E-5        1.006448           0.745815E-5        1.005806
        0.920000           0.920712E-5        1.006448           0.745854E-5        1.005806
        0.922000           0.920765E-5        1.006448           0.745892E-5        1.005806
        0.924000           0.920818E-5        1.006449           0.745930E-5        1.005806
        0.926000           0.920870E-5        1.006449           0.745969E-5        1.005806
        0.928000           0.920923E-5        1.006449           0.746008E-5        1.005806
        0.930000           0.920976E-5        1.006449           0.746046E-5        1.005806
        0.932000           0.921029E-5        1.006449           0.746084E-5        1.005807
        0.934000           0.921081E-5        1.006449           0.746123E-5        1.005807
        0.936000           0.921134E-5        1.006450           0.746161E-5        1.005807
        0.938000           0.921187E-5        1.006450           0.746200E-5        1.005807
        0.940000           0.921240E-5        1.006450           0.746238E-5        1.005807
        0.942000           0.921293E-5        1.006450           0.746277E-5        1.005807
        0.944000           0.921346E-5        1.006450           0.746315E-5        1.005808
        0.946000           0.921398E-5        1.006451           0.746354E-5        1.005808
        0.948000           0.921451E-5        1.006451           0.746392E-5        1.005808
        0.950000           0.921504E-5        1.006451           0.746431E-5        1.005808
        0.952000           0.921557E-5        1.006451           0.746469E-5        1.005808
        0.954000           0.921610E-5        1.006451           0.746508E-5        1.005808
        0.956000           0.921663E-5        1.006451           0.746546E-5        1.005808
        0.958000           0.921715E-5        1.006452           0.746585E-5        1.005809
        0.960000           0.921768E-5        1.006452           0.746623E-5        1.005809
        0.962000           0.921821E-5        1.006452           0.746662E-5        1.005809
        0.964000           0.921874E-5        1.006452           0.746700E-5        1.005809
        0.966000           0.921927E-5        1.006452           0.746739E-5        1.005809
        0.968000           0.921980E-5        1.006453           0.746777E-5        1.005809
        0.970000           0.922033E-5        1.006453           0.746816E-5        1.005809
        0.972000           0.922085E-5        1.006453           0.746854E-5        1.005810
        0.974000           0.922138E-5        1.006453           0.746892E-5        1.005810
        0.976000           0.922191E-5        1.006453           0.746931E-5        1.005810
        0.978000           0.922244E-5        1.006454           0.746970E-5        1.005810
        0.980000           0.922297E-5        1.006454           0.747008E-5        1.005810
        0.982000           0.922350E-5        1.006454           0.747047E-5        1.005810
        0.984000           0.922403E-5        1.006454           0.747086E-5        1.005810
        0.986000           0.922456E-5        1.006454           0.747124E-5        1.005811
        0.988000           0.922508E-5        1.006454           0.747162E-5        1.005811
        0.990000           0.922562E-5        1.006455           0.747201E-5        1.005811
        0.992000           0.922615E-5        1.006455           0.747240E-5        1.005811
        0.994000           0.922667E-5        1.006455           0.747278E-5        1.005811
        0.996000           0.922720E-5        1.006455           0.747317E-5        1.005811
        0.998000           0.922773E-5        1.006455           0.747355E-5        1.005812
        1.000000           0.922826E-5        1.006456           0.747394E-5        1.005812
        1.002000           0.922879E-5        1.006456           0.747432E-5        1.005812
        1.004000           0.922932E-5        1.006456           0.747471E-5        1.005812
        1.006000           0.922985E-5        1.006456           0.747509E-5        1.005812
        1.008000           0.923038E-5        1.006456           0.747548E-5        1.005812
        1.010000           0.923091E-5        1.006456           0.747587E-5        1.005812
        1.012000           0.923144E-5        1.006457           0.747625E-5        1.005813
        1.014000           0.923197E-5        1.006457           0.747664E-5        1.005813
        1.016000           0.923250E-5        1.006457           0.747702E-5        1.005813
        1.018000           0.923303E-5        1.006457           0.747741E-5        1.005813
        1.020000           0.923356E-5        1.006457           0.747780E-5        1.005813
        1.022000           0.923409E-5        1.006458           0.747818E-5        1.005813
        1.024000           0.923462E-5        1.006458           0.747857E-5        1.005813
        1.026000           0.923515E-5        1.006458           0.747895E-5        1.005814
        1.028000           0.923568E-5        1.006458           0.747934E-5        1.005814
        1.030000           0.923621E-5        1.006458           0.747973E-5        1.005814
        1.032000           0.923674E-5        1.006459           0.748011E-5        1.005814
        1.034000           0.923727E-5        1.006459           0.748050E-5        1.005814
        1.036000           0.923780E-5        1.006459           0.748088E-5        1.005814
        1.038000           0.923833E-5        1.006459           0.748127E-5        1.005815
        1.040000           0.923886E-5        1.006459           0.748165E-5        1.005815
        1.042000           0.923939E-5        1.006459           0.748204E-5        1.005815
        1.044000           0.923992E-5        1.006460           0.748243E-5        1.005815
        1.046000           0.924045E-5        1.006460           0.748281E-5        1.005815
        1.048000           0.924098E-5        1.006460           0.748320E-5        1.005815
        1.050000           0.924152E-5        1.006460           0.748359E-5        1.005815
        1.052000           0.924205E-5        1.006460           0.748397E-5        1.005816
        1.054000           0.924258E-5        1.006461           0.748436E-5        1.005816
        1.056000           0.924311E-5        1.006461           0.748475E-5        1.005816
        1.058000           0.924364E-5        1.006461           0.748513E-5        1.005816
        1.060000           0.924417E-5        1.006461           0.748552E-5        1.005816
        1.062000           0.924470E-5        1.006461           0.748591E-5        1.005816
        1.064000           0.924523E-5        1.006462           0.748629E-5        1.005816
        1.066000           0.924576E-5        1.006462           0.748668E-5        1.005817
        1.068000           0.924629E-5        1.006462           0.748707E-5        1.005817
        1.070000           0.924682E-5        1.006462           0.748745E-5        1.005817
        1.072000           0.924735E-5        1.006462           0.748784E-5        1.005817
        1.074000           0.924789E-5        1.006462           0.748822E-5        1.005817
        1.076000           0.924842E-5        1.006463           0.748861E-5        1.005817
        1.078000           0.924895E-5        1.006463           0.748900E-5        1.005818
        1.080000           0.924948E-5        1.006463           0.748939E-5        1.005818
        1.082000           0.925001E-5        1.006463           0.748977E-5        1.005818
        1.084000           0.925054E-5        1.006463           0.749016E-5        1.005818
        1.086000           0.925107E-5        1.006464           0.749055E-5        1.005818
        1.088000           0.925160E-5        1.006464           0.749093E-5        1.005818
        1.090000           0.925214E-5        1.006464           0.749132E-5        1.005818
        1.092000           0.925267E-5        1.006464           0.749171E-5        1.005819
        1.094000           0.925320E-5        1.006464           0.749209E-5        1.005819
        1.096000           0.925373E-5        1.006464           0.749248E-5        1.005819
        1.098000           0.925426E-5        1.006465           0.749287E-5        1.005819
        1.100000           0.925480E-5        1.006465           0.749326E-5        1.005819
        1.102000           0.925533E-5        1.006465           0.749364E-5        1.005819
        1.104000           0.925586E-5        1.006465           0.749403E-5        1.005819
        1.106000           0.925639E-5        1.006465           0.749442E-5        1.005820
        1.108000           0.925692E-5        1.006466           0.749480E-5        1.005820
        1.110000           0.925745E-5        1.006466           0.749519E-5        1.005820
        1.112000           0.925799E-5        1.006466           0.749558E-5        1.005820
        1.114000           0.925852E-5        1.006466           0.749597E-5        1.005820
        1.116000           0.925905E-5        1.006466           0.749635E-5        1.005820
        1.118000           0.925958E-5        1.006467           0.749674E-5        1.005821
        1.120000           0.926012E-5        1.006467           0.749713E-5        1.005821
        1.122000           0.926065E-5        1.006467           0.749752E-5        1.005821
        1.124000           0.926118E-5        1.006467           0.749790E-5        1.005821
        1.126000           0.926171E-5        1.006467           0.749829E-5        1.005821
        1.128000           0.926224E-5        1.006467           0.749868E-5        1.005821
        1.130000           0.926278E-5        1.006468           0.749907E-5        1.005821
        1.132000           0.926331E-5        1.006468           0.749946E-5        1.005822
        1.134000           0.926384E-5        1.006468           0.749984E-5        1.005822
        1.136000           0.926438E-5        1.006468           0.750023E-5        1.005822
        1.138000           0.926491E-5        1.006468           0.750062E-5        1.005822
        1.140000           0.926544E-5        1.006469           0.750100E-5        1.005822
        1.142000           0.926597E-5        1.006469           0.750139E-5        1.005822
        1.144000           0.926651E-5        1.006469           0.750178E-5        1.005822
        1.146000           0.926704E-5        1.006469           0.750216E-5        1.005823
        1.148000           0.926757E-5        1.006469           0.750256E-5        1.005823
        1.150000           0.926810E-5        1.006469           0.750294E-5        1.005823
        1.152000           0.926864E-5        1.006470           0.750333E-5        1.005823
        1.154000           0.926917E-5        1.006470           0.750372E-5        1.005823
        1.156000           0.926970E-5        1.006470           0.750410E-5        1.005823
        1.158000           0.927024E-5        1.006470           0.750449E-5        1.005823
        1.160000           0.927077E-5        1.006470           0.750488E-5        1.005824
        1.162000           0.927130E-5        1.006471           0.750527E-5        1.005824
        1.164000           0.927183E-5        1.006471           0.750566E-5        1.005824
        1.166000           0.927237E-5        1.006471           0.750604E-5        1.005824
        1.168000           0.927290E-5        1.006471           0.750643E-5        1.005824
        1.170000           0.927344E-5        1.006471           0.750682E-5        1.005824
        1.172000           0.927397E-5        1.006472           0.750721E-5        1.005825
        1.174000           0.927450E-5        1.006472           0.750760E-5        1.005825
        1.176000           0.927504E-5        1.006472           0.750798E-5        1.005825
        1.178000           0.927557E-5        1.006472           0.750838E-5        1.005825
        1.180000           0.927610E-5        1.006472           0.750877E-5        1.005825
        1.182000           0.927664E-5        1.006472           0.750915E-5        1.005825
        1.184000           0.927717E-5        1.006473           0.750954E-5        1.005825
        1.186000           0.927770E-5        1.006473           0.750993E-5        1.005826
        1.188000           0.927824E-5        1.006473           0.751031E-5        1.005826
        1.190000           0.927877E-5        1.006473           0.751071E-5        1.005826
        1.192000           0.927930E-5        1.006473           0.751109E-5        1.005826
        1.194000           0.927984E-5        1.006474           0.751148E-5        1.005826
        1.196000           0.928037E-5        1.006474           0.751187E-5        1.005826
        1.198000           0.928091E-5        1.006474           0.751226E-5        1.005826
        1.200000           0.928144E-5        1.006474           0.751265E-5        1.005827
        1.202000           0.928198E-5        1.006474           0.751304E-5        1.005827
        1.204000           0.928251E-5        1.006474           0.751343E-5        1.005827
        1.206000           0.928304E-5        1.006475           0.751381E-5        1.005827
        1.208000           0.928358E-5        1.006475           0.751420E-5        1.005827
        1.210000           0.928411E-5        1.006475           0.751459E-5        1.005827
        1.212000           0.928465E-5        1.006475           0.751498E-5        1.005828
        1.214000           0.928518E-5        1.006475           0.751537E-5        1.005828
        1.216000           0.928572E-5        1.006476           0.751576E-5        1.005828
        1.218000           0.928625E-5        1.006476           0.751615E-5        1.005828
        1.220000           0.928679E-5        1.006476           0.751654E-5        1.005828
        1.222000           0.928732E-5        1.006476           0.751692E-5        1.005828
        1.224000           0.928786E-5        1.006476           0.751732E-5        1.005828
        1.226000           0.928839E-5        1.006477           0.751770E-5        1.005829
        1.228000           0.928892E-5        1.006477           0.751809E-5        1.005829
        1.230000           0.928946E-5        1.006477           0.751848E-5        1.005829
        1.232000           0.929000E-5        1.006477           0.751887E-5        1.005829
        1.234000           0.929053E-5        1.006477           0.751926E-5        1.005829
        1.236000           0.929106E-5        1.006477           0.751964E-5        1.005829
        1.238000           0.929160E-5        1.006478           0.752004E-5        1.005830
        1.240000           0.929213E-5        1.006478           0.752042E-5        1.005830
        1.242000           0.929267E-5        1.006478           0.752082E-5        1.005830
        1.244000           0.929320E-5        1.006478           0.752120E-5        1.005830
        1.246000           0.929374E-5        1.006478           0.752160E-5        1.005830
        1.248000           0.929427E-5        1.006479           0.752199E-5        1.005830
        1.250000           0.929481E-5        1.006479           0.752237E-5        1.005830
        1.252000           0.929535E-5        1.006479           0.752276E-5        1.005831
        1.254000           0.929588E-5        1.006479           0.752315E-5        1.005831
        1.256000           0.929642E-5        1.006479           0.752354E-5        1.005831
        1.258000           0.929695E-5        1.006480           0.752393E-5        1.005831
        1.260000           0.929749E-5        1.006480           0.752432E-5        1.005831
        1.262000           0.929802E-5        1.006480           0.752471E-5        1.005831
        1.264000           0.929856E-5        1.006480           0.752510E-5        1.005831
        1.266000           0.929909E-5        1.006480           0.752549E-5        1.005832
        1.268000           0.929963E-5        1.006480           0.752588E-5        1.005832
        1.270000           0.930017E-5        1.006481           0.752627E-5        1.005832
        1.272000           0.930070E-5        1.006481           0.752666E-5        1.005832
        1.274000           0.930124E-5        1.006481           0.752705E-5        1.005832
        1.276000           0.930177E-5        1.006481           0.752744E-5        1.005832
        1.278000           0.930231E-5        1.006481           0.752783E-5        1.005833
        1.280000           0.930284E-5        1.006482           0.752822E-5        1.005833
        1.282000           0.930338E-5        1.006482           0.752861E-5        1.005833
        1.284000           0.930392E-5        1.006482           0.752900E-5        1.005833
        1.286000           0.930445E-5        1.006482           0.752939E-5        1.005833
        1.288000           0.930499E-5        1.006482           0.752978E-5        1.005833
        1.290000           0.930552E-5        1.006482           0.753017E-5        1.005833
        1.292000           0.930606E-5        1.006483           0.753056E-5        1.005834
        1.294000           0.930659E-5        1.006483           0.753095E-5        1.005834
        1.296000           0.930713E-5        1.006483           0.753134E-5        1.005834
        1.298000           0.930767E-5        1.006483           0.753173E-5        1.005834
        1.300000           0.930820E-5        1.006483           0.753212E-5        1.005834
        1.302000           0.930874E-5        1.006484           0.753251E-5        1.005834
        1.304000           0.930928E-5        1.006484           0.753289E-5        1.005834
        1.306000           0.930981E-5        1.006484           0.753329E-5        1.005835
        1.308000           0.931035E-5        1.006484           0.753368E-5        1.005835
        1.310000           0.931089E-5        1.006484           0.753407E-5        1.005835
        1.312000           0.931142E-5        1.006485           0.753446E-5        1.005835
        1.314000           0.931196E-5        1.006485           0.753484E-5        1.005835
        1.316000           0.931250E-5        1.006485           0.753524E-5        1.005835
        1.318000           0.931304E-5        1.006485           0.753563E-5        1.005836
        1.320000           0.931357E-5        1.006485           0.753602E-5        1.005836
        1.322000           0.931411E-5        1.006485           0.753641E-5        1.005836
        1.324000           0.931464E-5        1.006486           0.753680E-5        1.005836
        1.326000           0.931518E-5        1.006486           0.753719E-5        1.005836
        1.328000           0.931572E-5        1.006486           0.753758E-5        1.005836
        1.330000           0.931626E-5        1.006486           0.753797E-5        1.005836
        1.332000           0.931679E-5        1.006486           0.753837E-5        1.005837
        1.334000           0.931733E-5        1.006487           0.753875E-5        1.005837
        1.336000           0.931787E-5        1.006487           0.753914E-5        1.005837
        1.338000           0.931840E-5        1.006487           0.753953E-5        1.005837
        1.340000           0.931894E-5        1.006487           0.753993E-5        1.005837
        1.342000           0.931948E-5        1.006487           0.754032E-5        1.005837
        1.344000           0.932002E-5        1.006487           0.754071E-5        1.005838
        1.346000           0.932056E-5        1.006488           0.754110E-5        1.005838
        1.348000           0.932109E-5        1.006488           0.754149E-5        1.005838
        1.350000           0.932163E-5        1.006488           0.754188E-5        1.005838
        1.352000           0.932217E-5        1.006488           0.754227E-5        1.005838
        1.354000           0.932270E-5        1.006488           0.754266E-5        1.005838
        1.356000           0.932324E-5        1.006489           0.754305E-5        1.005838
        1.358000           0.932378E-5        1.006489           0.754344E-5        1.005839
        1.360000           0.932432E-5        1.006489           0.754383E-5        1.005839
        1.362000           0.932485E-5        1.006489           0.754422E-5        1.005839
        1.364000           0.932539E-5        1.006489           0.754462E-5        1.005839
        1.366000           0.932593E-5        1.006490           0.754501E-5        1.005839
        1.368000           0.932647E-5        1.006490           0.754540E-5        1.005839
        1.370000           0.932701E-5        1.006490           0.754579E-5        1.005839
        1.372000           0.932755E-5        1.006490           0.754618E-5        1.005840
        1.374000           0.932808E-5        1.006490           0.754657E-5        1.005840
        1.376000           0.932862E-5        1.006490           0.754696E-5        1.005840
        1.378000           0.932916E-5        1.006491           0.754735E-5        1.005840
        1.380000           0.932970E-5        1.006491           0.754774E-5        1.005840
        1.382000           0.933024E-5        1.006491           0.754814E-5        1.005840
        1.384000           0.933077E-5        1.006491           0.754853E-5        1.005841
        1.386000           0.933131E-5        1.006491           0.754892E-5        1.005841
        1.388000           0.933185E-5        1.006492           0.754931E-5        1.005841
        1.390000           0.933239E-5        1.006492           0.754970E-5        1.005841
        1.392000           0.933293E-5        1.006492           0.755009E-5        1.005841
        1.394000           0.933347E-5        1.006492           0.755049E-5        1.005841
        1.396000           0.933400E-5        1.006492           0.755088E-5        1.005841
        1.398000           0.933454E-5        1.006492           0.755127E-5        1.005842
        1.400000           0.933508E-5        1.006493           0.755166E-5        1.005842
        1.402000           0.933562E-5        1.006493           0.755205E-5        1.005842
        1.404000           0.933616E-5        1.006493           0.755244E-5        1.005842
        1.406000           0.933670E-5        1.006493           0.755284E-5        1.005842
        1.408000           0.933724E-5        1.006493           0.755323E-5        1.005842
        1.410000           0.933778E-5        1.006494           0.755362E-5        1.005842
        1.412000           0.933832E-5        1.006494           0.755401E-5        1.005843
        1.414000           0.933885E-5        1.006494           0.755440E-5        1.005843
        1.416000           0.933939E-5        1.006494           0.755479E-5        1.005843
        1.418000           0.933993E-5        1.006494           0.755519E-5        1.005843
        1.420000           0.934047E-5        1.006495           0.755558E-5        1.005843
        1.422000           0.934101E-5        1.006495           0.755597E-5        1.005843
        1.424000           0.934155E-5        1.006495           0.755636E-5        1.005844
        1.426000           0.934209E-5        1.006495           0.755675E-5        1.005844
        1.428000           0.934263E-5        1.006495           0.755715E-5        1.005844
        1.430000           0.934317E-5        1.006495           0.755754E-5        1.005844
        1.432000           0.934371E-5        1.006496           0.755793E-5        1.005844
        1.434000           0.934425E-5        1.006496           0.755832E-5        1.005844
        1.436000           0.934479E-5        1.006496           0.755872E-5        1.005844
        1.438000           0.934533E-5        1.006496           0.755911E-5        1.005845
        1.440000           0.934587E-5        1.006496           0.755950E-5        1.005845
        1.442000           0.934641E-5        1.006497           0.755989E-5        1.005845
        1.444000           0.934695E-5        1.006497           0.756028E-5        1.005845
        1.446000           0.934749E-5        1.006497           0.756067E-5        1.005845
        1.448000           0.934803E-5        1.006497           0.756107E-5        1.005845
        1.450000           0.934857E-5        1.006497           0.756146E-5        1.005846
        1.452000           0.934910E-5        1.006498           0.756185E-5        1.005846
        1.454000           0.934965E-5        1.006498           0.756225E-5        1.005846
        1.456000           0.935019E-5        1.006498           0.756264E-5        1.005846
        1.458000           0.935073E-5        1.006498           0.756303E-5        1.005846
        1.460000           0.935127E-5        1.006498           0.756342E-5        1.005846
        1.462000           0.935181E-5        1.006498           0.756381E-5        1.005846
        1.464000           0.935235E-5        1.006499           0.756421E-5        1.005847
        1.466000           0.935289E-5        1.006499           0.756460E-5        1.005847
        1.468000           0.935343E-5        1.006499           0.756499E-5        1.005847
        1.470000           0.935397E-5        1.006499           0.756539E-5        1.005847
        1.472000           0.935451E-5        1.006499           0.756578E-5        1.005847
        1.474000           0.935505E-5        1.006500           0.756617E-5        1.005847
        1.476000           0.935559E-5        1.006500           0.756657E-5        1.005847
        1.478000           0.935613E-5        1.006500           0.756696E-5        1.005848
        1.480000           0.935667E-5        1.006500           0.756735E-5        1.005848
        1.482000           0.935721E-5        1.006500           0.756775E-5        1.005848
        1.484000           0.935775E-5        1.006501           0.756814E-5        1.005848
        1.486000           0.935829E-5        1.006501           0.756853E-5        1.005848
        1.488000           0.935883E-5        1.006501           0.756892E-5        1.005848
        1.490000           0.935937E-5        1.006501           0.756931E-5        1.005849
        1.492000           0.935991E-5        1.006501           0.756971E-5        1.005849
        1.494000           0.936046E-5        1.006501           0.757010E-5        1.005849
        1.496000           0.936100E-5        1.006502           0.757049E-5        1.005849
        1.498000           0.936154E-5        1.006502           0.757088E-5        1.005849
        1.500000           0.936208E-5        1.006502           0.757128E-5        1.005849
        1.502000           0.936262E-5        1.006502           0.757167E-5        1.005849
        1.504000           0.936316E-5        1.006502           0.757207E-5        1.005850
        1.506000           0.936370E-5        1.006503           0.757246E-5        1.005850
        1.508000           0.936424E-5        1.006503           0.757286E-5        1.005850
        1.510000           0.936478E-5        1.006503           0.757325E-5        1.005850
        1.512000           0.936533E-5        1.006503           0.757364E-5        1.005850
        1.514000           0.936587E-5        1.006503           0.757403E-5        1.005850
        1.516000           0.936641E-5        1.006504           0.757443E-5        1.005851
        1.518000           0.936695E-5        1.006504           0.757482E-5        1.005851
        1.520000           0.936749E-5        1.006504           0.757521E-5        1.005851
        1.522000           0.936803E-5        1.006504           0.757561E-5        1.005851
        1.524000           0.936858E-5        1.006504           0.757600E-5        1.005851
        1.526000           0.936912E-5        1.006505           0.757639E-5        1.005851
        1.528000           0.936966E-5        1.006505           0.757679E-5        1.005851
        1.530000           0.937020E-5        1.006505           0.757718E-5        1.005852
        1.532000           0.937074E-5        1.006505           0.757758E-5        1.005852
        1.534000           0.937128E-5        1.006505           0.757797E-5        1.005852
        1.536000           0.937183E-5        1.006505           0.757836E-5        1.005852
        1.538000           0.937237E-5        1.006506           0.757875E-5        1.005852
        1.540000           0.937291E-5        1.006506           0.757915E-5        1.005852
        1.542000           0.937345E-5        1.006506           0.757954E-5        1.005852
        1.544000           0.937399E-5        1.006506           0.757994E-5        1.005853
        1.546000           0.937453E-5        1.006506           0.758033E-5        1.005853
        1.548000           0.937508E-5        1.006507           0.758072E-5        1.005853
        1.550000           0.937562E-5        1.006507           0.758112E-5        1.005853
        1.552000           0.937616E-5        1.006507           0.758151E-5        1.005853
        1.554000           0.937670E-5        1.006507           0.758191E-5        1.005853
        1.556000           0.937725E-5        1.006507           0.758230E-5        1.005854
        1.558000           0.937779E-5        1.006508           0.758269E-5        1.005854
        1.560000           0.937833E-5        1.006508           0.758309E-5        1.005854
        1.562000           0.937888E-5        1.006508           0.758348E-5        1.005854
        1.564000           0.937942E-5        1.006508           0.758388E-5        1.005854
        1.566000           0.937996E-5        1.006508           0.758427E-5        1.005854
        1.568000           0.938050E-5        1.006508           0.758467E-5        1.005854
        1.570000           0.938104E-5        1.006509           0.758506E-5        1.005855
        1.572000           0.938159E-5        1.006509           0.758546E-5        1.005855
        1.574000           0.938213E-5        1.006509           0.758585E-5        1.005855
        1.576000           0.938267E-5        1.006509           0.758624E-5        1.005855
        1.578000           0.938322E-5        1.006509           0.758663E-5        1.005855
        1.580000           0.938376E-5        1.006510           0.758703E-5        1.005855
        1.582000           0.938430E-5        1.006510           0.758743E-5        1.005856
        1.584000           0.938484E-5        1.006510           0.758782E-5        1.005856
        1.586000           0.938539E-5        1.006510           0.758821E-5        1.005856
        1.588000           0.938593E-5        1.006510           0.758861E-5        1.005856
        1.590000           0.938648E-5        1.006510           0.758900E-5        1.005856
        1.592000           0.938702E-5        1.006511           0.758940E-5        1.005856
        1.594000           0.938756E-5        1.006511           0.758980E-5        1.005856
        1.596000           0.938811E-5        1.006511           0.759019E-5        1.005857
        1.598000           0.938865E-5        1.006511           0.759059E-5        1.005857
        1.600000           0.938919E-5        1.006511           0.759098E-5        1.005857
        1.602000           0.938974E-5        1.006512           0.759137E-5        1.005857
        1.604000           0.939028E-5        1.006512           0.759177E-5        1.005857
        1.606000           0.939082E-5        1.006512           0.759216E-5        1.005857
        1.608000           0.939137E-5        1.006512           0.759256E-5        1.005857
        1.610000           0.939191E-5        1.006512           0.759295E-5        1.005858
        1.612000           0.939245E-5        1.006513           0.759335E-5        1.005858
        1.614000           0.939300E-5        1.006513           0.759374E-5        1.005858
        1.616000           0.939354E-5        1.006513           0.759414E-5        1.005858
        1.618000           0.939408E-5        1.006513           0.759453E-5        1.005858
        1.620000           0.939463E-5        1.006513           0.759493E-5        1.005858
        1.622000           0.939517E-5        1.006513           0.759532E-5        1.005859
        1.624000           0.939572E-5        1.006514           0.759572E-5        1.005859
        1.626000           0.939626E-5        1.006514           0.759611E-5        1.005859
        1.628000           0.939680E-5        1.006514           0.759651E-5        1.005859
        1.630000           0.939735E-5        1.006514           0.759690E-5        1.005859
        1.632000           0.939789E-5        1.006514           0.759730E-5        1.005859
        1.634000           0.939844E-5        1.006515           0.759770E-5        1.005859
        1.636000           0.939898E-5        1.006515           0.759809E-5        1.005860
        1.638000           0.939953E-5        1.006515           0.759848E-5        1.005860
        1.640000           0.940007E-5        1.006515           0.759888E-5        1.005860
        1.642000           0.940061E-5        1.006515           0.759927E-5        1.005860
        1.644000           0.940116E-5        1.006516           0.759967E-5        1.005860
        1.646000           0.940170E-5        1.006516           0.760006E-5        1.005860
        1.648000           0.940225E-5        1.006516           0.760046E-5        1.005861
        1.650000           0.940279E-5        1.006516           0.760085E-5        1.005861
        1.652000           0.940334E-5        1.006516           0.760125E-5        1.005861
        1.654000           0.940388E-5        1.006516           0.760165E-5        1.005861
        1.656000           0.940443E-5        1.006517           0.760204E-5        1.005861
        1.658000           0.940497E-5        1.006517           0.760244E-5        1.005861
        1.660000           0.940552E-5        1.006517           0.760283E-5        1.005861
        1.662000           0.940606E-5        1.006517           0.760323E-5        1.005862
        1.664000           0.940660E-5        1.006517           0.760363E-5        1.005862
        1.666000           0.940715E-5        1.006518           0.760402E-5        1.005862
        1.668000           0.940770E-5        1.006518           0.760441E-5        1.005862
        1.670000           0.940824E-5        1.006518           0.760481E-5        1.005862
        1.672000           0.940879E-5        1.006518           0.760520E-5        1.005862
        1.674000           0.940933E-5        1.006518           0.760560E-5        1.005862
        1.676000           0.940988E-5        1.006519           0.760600E-5        1.005863
        1.678000           0.941042E-5        1.006519           0.760639E-5        1.005863
        1.680000           0.941097E-5        1.006519           0.760679E-5        1.005863
        1.682000           0.941151E-5        1.006519           0.760719E-5        1.005863
        1.684000           0.941206E-5        1.006519           0.760758E-5        1.005863
        1.686000           0.941260E-5        1.006520           0.760798E-5        1.005863
        1.688000           0.941315E-5        1.006520           0.760838E-5        1.005864
        1.690000           0.941369E-5        1.006520           0.760877E-5        1.005864
        1.692000           0.941424E-5        1.006520           0.760917E-5        1.005864
        1.694000           0.941478E-5        1.006520           0.760956E-5        1.005864
        1.696000           0.941533E-5        1.006520           0.760996E-5        1.005864
        1.698000           0.941588E-5        1.006521           0.761036E-5        1.005864
        1.700000           0.941642E-5        1.006521           0.761075E-5        1.005865
        1.702000           0.941697E-5        1.006521           0.761115E-5        1.005865
        1.704000           0.941751E-5        1.006521           0.761154E-5        1.005865
        1.706000           0.941806E-5        1.006521           0.761194E-5        1.005865
        1.708000           0.941861E-5        1.006522           0.761234E-5        1.005865
        1.710000           0.941915E-5        1.006522           0.761273E-5        1.005865
        1.712000           0.941970E-5        1.006522           0.761313E-5        1.005865
        1.714000           0.942025E-5        1.006522           0.761352E-5        1.005866
        1.716000           0.942079E-5        1.006522           0.761392E-5        1.005866
        1.718000           0.942134E-5        1.006523           0.761432E-5        1.005866
        1.720000           0.942188E-5        1.006523           0.761471E-5        1.005866
        1.722000           0.942243E-5        1.006523           0.761512E-5        1.005866
        1.724000           0.942298E-5        1.006523           0.761551E-5        1.005866
        1.726000           0.942352E-5        1.006523           0.761591E-5        1.005866
        1.728000           0.942407E-5        1.006523           0.761630E-5        1.005867
        1.730000           0.942462E-5        1.006524           0.761670E-5        1.005867
        1.732000           0.942516E-5        1.006524           0.761710E-5        1.005867
        1.734000           0.942571E-5        1.006524           0.761749E-5        1.005867
        1.736000           0.942626E-5        1.006524           0.761789E-5        1.005867
        1.738000           0.942680E-5        1.006524           0.761829E-5        1.005867
        1.740000           0.942735E-5        1.006525           0.761868E-5        1.005867
        1.742000           0.942789E-5        1.006525           0.761908E-5        1.005868
        1.744000           0.942844E-5        1.006525           0.761948E-5        1.005868
        1.746000           0.942899E-5        1.006525           0.761988E-5        1.005868
        1.748000           0.942954E-5        1.006525           0.762027E-5        1.005868
        1.750000           0.943008E-5        1.006526           0.762067E-5        1.005868
        1.752000           0.943063E-5        1.006526           0.762106E-5        1.005868
        1.754000           0.943118E-5        1.006526           0.762146E-5        1.005869
        1.756000           0.943172E-5        1.006526           0.762186E-5        1.005869
        1.758000           0.943227E-5        1.006526           0.762226E-5        1.005869
        1.760000           0.943282E-5        1.006526           0.762266E-5        1.005869
        1.762000           0.943337E-5        1.006527           0.762305E-5        1.005869
        1.764000           0.943391E-5        1.006527           0.762345E-5        1.005869
        1.766000           0.943446E-5        1.006527           0.762385E-5        1.005870
        1.768000           0.943501E-5        1.006527           0.762425E-5        1.005870
        1.770000           0.943556E-5        1.006527           0.762464E-5        1.005870
        1.772000           0.943610E-5        1.006528           0.762504E-5        1.005870
        1.774000           0.943665E-5        1.006528           0.762544E-5        1.005870
        1.776000           0.943720E-5        1.006528           0.762583E-5        1.005870
        1.778000           0.943775E-5        1.006528           0.762623E-5        1.005870
        1.780000           0.943829E-5        1.006528           0.762663E-5        1.005871
        1.782000           0.943884E-5        1.006528           0.762703E-5        1.005871
        1.784000           0.943939E-5        1.006529           0.762742E-5        1.005871
        1.786000           0.943994E-5        1.006529           0.762782E-5        1.005871
        1.788000           0.944049E-5        1.006529           0.762822E-5        1.005871
        1.790000           0.944103E-5        1.006529           0.762862E-5        1.005871
        1.792000           0.944158E-5        1.006529           0.762901E-5        1.005872
        1.794000           0.944213E-5        1.006530           0.762941E-5        1.005872
        1.796000           0.944268E-5        1.006530           0.762981E-5        1.005872
        1.798000           0.944323E-5        1.006530           0.763021E-5        1.005872
        1.800000           0.944377E-5        1.006530           0.763060E-5        1.005872
        1.802000           0.944432E-5        1.006530           0.763100E-5        1.005872
        1.804000           0.944487E-5        1.006531           0.763140E-5        1.005872
        1.806000           0.944542E-5        1.006531           0.763180E-5        1.005872
        1.808000           0.944597E-5        1.006531           0.763220E-5        1.005873
        1.810000           0.944651E-5        1.006531           0.763260E-5        1.005873
        1.812000           0.944707E-5        1.006531           0.763299E-5        1.005873
        1.814000           0.944761E-5        1.006532           0.763339E-5        1.005873
        1.816000           0.944816E-5        1.006532           0.763379E-5        1.005873
        1.818000           0.944871E-5        1.006532           0.763419E-5        1.005873
        1.820000           0.944926E-5        1.006532           0.763459E-5        1.005874
        1.822000           0.944981E-5        1.006532           0.763498E-5        1.005874
        1.824000           0.945036E-5        1.006533           0.763538E-5        1.005874
        1.826000           0.945091E-5        1.006533           0.763578E-5        1.005874
        1.828000           0.945145E-5        1.006533           0.763618E-5        1.005874
        1.830000           0.945200E-5        1.006533           0.763657E-5        1.005874
        1.832000           0.945255E-5        1.006533           0.763697E-5        1.005875
        1.834000           0.945310E-5        1.006534           0.763737E-5        1.005875
        1.836000           0.945365E-5        1.006534           0.763777E-5        1.005875
        1.838000           0.945420E-5        1.006534           0.763817E-5        1.005875
        1.840000           0.945475E-5        1.006534           0.763857E-5        1.005875
        1.842000           0.945530E-5        1.006534           0.763897E-5        1.005875
        1.844000           0.945585E-5        1.006534           0.763936E-5        1.005875
        1.846000           0.945639E-5        1.006535           0.763976E-5        1.005876
        1.848000           0.945695E-5        1.006535           0.764016E-5        1.005876
        1.850000           0.945749E-5        1.006535           0.764056E-5        1.005876
        1.852000           0.945804E-5        1.006535           0.764096E-5        1.005876
        1.854000           0.945859E-5        1.006535           0.764135E-5        1.005876
        1.856000           0.945914E-5        1.006536           0.764176E-5        1.005876
        1.858000           0.945969E-5        1.006536           0.764216E-5        1.005877
        1.860000           0.946024E-5        1.006536           0.764255E-5        1.005877
        1.862000           0.946079E-5        1.006536           0.764295E-5        1.005877
        1.864000           0.946134E-5        1.006536           0.764335E-5        1.005877
        1.866000           0.946189E-5        1.006536           0.764375E-5        1.005877
        1.868000           0.946244E-5        1.006537           0.764415E-5        1.005877
        1.870000           0.946299E-5        1.006537           0.764455E-5        1.005877
        1.872000           0.946354E-5        1.006537           0.764495E-5        1.005878
        1.874000           0.946409E-5        1.006537           0.764535E-5        1.005878
        1.876000           0.946464E-5        1.006537           0.764575E-5        1.005878
        1.878000           0.946519E-5        1.006538           0.764614E-5        1.005878
        1.880000           0.946574E-5        1.006538           0.764654E-5        1.005878
        1.882000           0.946629E-5        1.006538           0.764694E-5        1.005878
        1.884000           0.946684E-5        1.006538           0.764734E-5        1.005878
        1.886000           0.946739E-5        1.006538           0.764774E-5        1.005879
        1.888000           0.946794E-5        1.006539           0.764814E-5        1.005879
        1.890000           0.946849E-5        1.006539           0.764854E-5        1.005879
        1.892000           0.946904E-5        1.006539           0.764894E-5        1.005879
        1.894000           0.946959E-5        1.006539           0.764934E-5        1.005879
        1.896000           0.947014E-5        1.006539           0.764974E-5        1.005879
        1.898000           0.947069E-5        1.006539           0.765014E-5        1.005880
        1.900000           0.947124E-5        1.006540           0.765053E-5        1.005880
        1.902000           0.947180E-5        1.006540           0.765093E-5        1.005880
        1.904000           0.947234E-5        1.006540           0.765133E-5        1.005880
        1.906000           0.947290E-5        1.006540           0.765173E-5        1.005880
        1.908000           0.947345E-5        1.006540           0.765213E-5        1.005880
        1.910000           0.947400E-5        1.006541           0.765253E-5        1.005880
        1.912000           0.947455E-5        1.006541           0.765293E-5        1.005881
        1.914000           0.947510E-5        1.006541           0.765333E-5        1.005881
        1.916000           0.947565E-5        1.006541           0.765373E-5        1.005881
        1.918000           0.947620E-5        1.006541           0.765413E-5        1.005881
        1.920000           0.947675E-5        1.006542           0.765453E-5        1.005881
        1.922000           0.947730E-5        1.006542           0.765493E-5        1.005881
        1.924000           0.947786E-5        1.006542           0.765533E-5        1.005882
        1.926000           0.947841E-5        1.006542           0.765573E-5        1.005882
        1.928000           0.947896E-5        1.006542           0.765613E-5        1.005882
        1.930000           0.947951E-5        1.006543           0.765653E-5        1.005882
        1.932000           0.948006E-5        1.006543           0.765693E-5        1.005882
        1.934000           0.948061E-5        1.006543           0.765733E-5        1.005882
        1.936000           0.948116E-5        1.006543           0.765773E-5        1.005883
        1.938000           0.948172E-5        1.006543           0.765813E-5        1.005883
        1.940000           0.948227E-5        1.006544           0.765852E-5        1.005883
        1.942000           0.948282E-5        1.006544           0.765893E-5        1.005883
        1.944000           0.948337E-5        1.006544           0.765933E-5        1.005883
        1.946000           0.948392E-5        1.006544           0.765973E-5        1.005883
        1.948000           0.948447E-5        1.006544           0.766013E-5        1.005883
        1.950000           0.948503E-5        1.006544           0.766053E-5        1.005884
        1.952000           0.948558E-5        1.006545           0.766093E-5        1.005884
        1.954000           0.948613E-5        1.006545           0.766133E-5        1.005884
        1.956000           0.948668E-5        1.006545           0.766173E-5        1.005884
        1.958000           0.948723E-5        1.006545           0.766213E-5        1.005884
        1.960000           0.948779E-5        1.006545           0.766253E-5        1.005884
        1.962000           0.948834E-5        1.006546           0.766293E-5        1.005885
        1.964000           0.948889E-5        1.006546           0.766334E-5        1.005885
        1.966000           0.948944E-5        1.006546           0.766373E-5        1.005885
        1.968000           0.948999E-5        1.006546           0.766413E-5        1.005885
        1.970000           0.949055E-5        1.006546           0.766453E-5        1.005885
        1.972000           0.949110E-5        1.006546           0.766493E-5        1.005885
        1.974000           0.949165E-5        1.006547           0.766533E-5        1.005885
        1.976000           0.949220E-5        1.006547           0.766574E-5        1.005886
        1.978000           0.949276E-5        1.006547           0.766614E-5        1.005886
        1.980000           0.949331E-5        1.006547           0.766654E-5        1.005886
        1.982000           0.949386E-5        1.006547           0.766694E-5        1.005886
        1.984000           0.949441E-5        1.006548           0.766734E-5        1.005886
        1.986000           0.949497E-5        1.006548           0.766774E-5        1.005886
        1.988000           0.949552E-5        1.006548           0.766814E-5        1.005886
        1.990000           0.949607E-5        1.006548           0.766854E-5        1.005887
        1.992000           0.949662E-5        1.006548           0.766894E-5        1.005887
        1.994000           0.949718E-5        1.006549           0.766934E-5        1.005887
        1.996000           0.949773E-5        1.006549           0.766974E-5        1.005887
        1.998000           0.949828E-5        1.006549           0.767015E-5        1.005887
        2.000000           0.949884E-5        1.006549           0.767054E-5        1.005887
        2.002000           0.949939E-5        1.006549           0.767095E-5        1.005888
        2.004000           0.949994E-5        1.006550           0.767134E-5        1.005888
        2.006000           0.950049E-5        1.006550           0.767175E-5        1.005888
        2.008000           0.950105E-5        1.006550           0.767214E-5        1.005888
        2.010000           0.950160E-5        1.006550           0.767255E-5        1.005888
        2.012000           0.950215E-5        1.006550           0.767295E-5        1.005888
        2.014000           0.950271E-5        1.006551           0.767335E-5        1.005888
        2.016000           0.950326E-5        1.006551           0.767375E-5        1.005889
        2.018000           0.950382E-5        1.006551           0.767415E-5        1.005889
        2.020000           0.950437E-5        1.006551           0.767455E-5        1.005889
        2.022000           0.950492E-5        1.006551           0.767496E-5        1.005889
        2.024000           0.950548E-5        1.006552           0.767535E-5        1.005889
        2.026000           0.950603E-5        1.006552           0.767576E-5        1.005889
        2.028000           0.950658E-5        1.006552           0.767616E-5        1.005890
        2.030000           0.950714E-5        1.006552           0.767656E-5        1.005890
        2.032000           0.950769E-5        1.006552           0.767696E-5        1.005890
        2.034000           0.950825E-5        1.006552           0.767736E-5        1.005890
        2.036000           0.950880E-5        1.006553           0.767777E-5        1.005890
        2.038000           0.950935E-5        1.006553           0.767817E-5        1.005890
        2.040000           0.950991E-5        1.006553           0.767857E-5        1.005890
        2.042000           0.951046E-5        1.006553           0.767897E-5        1.005891
        2.044000           0.951102E-5        1.006553           0.767937E-5        1.005891
        2.046000           0.951157E-5        1.006554           0.767977E-5        1.005891
        2.048000           0.951212E-5        1.006554           0.768017E-5        1.005891
        2.050000           0.951268E-5        1.006554           0.768058E-5        1.005891
        2.052000           0.951323E-5        1.006554           0.768097E-5        1.005891
        2.054000           0.951379E-5        1.006554           0.768138E-5        1.005892
        2.056000           0.951434E-5        1.006554           0.768178E-5        1.005892
        2.058000           0.951490E-5        1.006555           0.768218E-5        1.005892
        2.060000           0.951545E-5        1.006555           0.768259E-5        1.005892
        2.062000           0.951600E-5        1.006555           0.768299E-5        1.005892
        2.064000           0.951656E-5        1.006555           0.768339E-5        1.005892
        2.066000           0.951711E-5        1.006555           0.768379E-5        1.005893
        2.068000           0.951767E-5        1.006556           0.768419E-5        1.005893
        2.070000           0.951822E-5        1.006556           0.768460E-5        1.005893
        2.072000           0.951878E-5        1.006556           0.768500E-5        1.005893
        2.074000           0.951933E-5        1.006556           0.768540E-5        1.005893
        2.076000           0.951989E-5        1.006556           0.768580E-5        1.005893
        2.078000           0.952044E-5        1.006557           0.768621E-5        1.005893
        2.080000           0.952100E-5        1.006557           0.768661E-5        1.005894
        2.082000           0.952155E-5        1.006557           0.768701E-5        1.005894
        2.084000           0.952211E-5        1.006557           0.768741E-5        1.005894
        2.086000           0.952266E-5        1.006557           0.768782E-5        1.005894
        2.088000           0.952322E-5        1.006558           0.768822E-5        1.005894
        2.090000           0.952377E-5        1.006558           0.768862E-5        1.005894
        2.092000           0.952433E-5        1.006558           0.768902E-5        1.005894
        2.094000           0.952488E-5        1.006558           0.768942E-5        1.005895
        2.096000           0.952544E-5        1.006558           0.768983E-5        1.005895
        2.098000           0.952599E-5        1.006559           0.769023E-5        1.005895
        2.100000           0.952655E-5        1.006559           0.769063E-5        1.005895
        2.102000           0.952711E-5        1.006559           0.769103E-5        1.005895
        2.104000           0.952766E-5        1.006559           0.769144E-5        1.005895
        2.106000           0.952822E-5        1.006559           0.769183E-5        1.005895
        2.108000           0.952877E-5        1.006559           0.769224E-5        1.005896
        2.110000           0.952933E-5        1.006560           0.769264E-5        1.005896
        2.112000           0.952988E-5        1.006560           0.769304E-5        1.005896
        2.114000           0.953044E-5        1.006560           0.769345E-5        1.005896
        2.116000           0.953100E-5        1.006560           0.769385E-5        1.005896
        2.118000           0.953155E-5        1.006560           0.769426E-5        1.005896
        2.120000           0.953211E-5        1.006561           0.769465E-5        1.005897
        2.122000           0.953266E-5        1.006561           0.769506E-5        1.005897
        2.124000           0.953322E-5        1.006561           0.769547E-5        1.005897
        2.126000           0.953377E-5        1.006561           0.769587E-5        1.005897
        2.128000           0.953433E-5        1.006561           0.769627E-5        1.005897
        2.130000           0.953489E-5        1.006562           0.769667E-5        1.005897
        2.132000           0.953544E-5        1.006562           0.769708E-5        1.005898
        2.134000           0.953600E-5        1.006562           0.769748E-5        1.005898
        2.136000           0.953656E-5        1.006562           0.769788E-5        1.005898
        2.138000           0.953711E-5        1.006562           0.769828E-5        1.005898
        2.140000           0.953767E-5        1.006562           0.769869E-5        1.005898
        2.142000           0.953822E-5        1.006563           0.769909E-5        1.005898
        2.144000           0.953878E-5        1.006563           0.769949E-5        1.005898
        2.146000           0.953934E-5        1.006563           0.769990E-5        1.005899
        2.148000           0.953989E-5        1.006563           0.770030E-5        1.005899
        2.150000           0.954045E-5        1.006563           0.770070E-5        1.005899
        2.152000           0.954101E-5        1.006564           0.770110E-5        1.005899
        2.154000           0.954156E-5        1.006564           0.770151E-5        1.005899
        2.156000           0.954212E-5        1.006564           0.770191E-5        1.005899
        2.158000           0.954268E-5        1.006564           0.770231E-5        1.005900
        2.160000           0.954324E-5        1.006564           0.770272E-5        1.005900
        2.162000           0.954379E-5        1.006565           0.770312E-5        1.005900
        2.164000           0.954435E-5        1.006565           0.770353E-5        1.005900
        2.166000           0.954491E-5        1.006565           0.770393E-5        1.005900
        2.168000           0.954546E-5        1.006565           0.770434E-5        1.005900
        2.170000           0.954602E-5        1.006565           0.770474E-5        1.005901
        2.172000           0.954658E-5        1.006566           0.770514E-5        1.005901
        2.174000           0.954714E-5        1.006566           0.770555E-5        1.005901
        2.176000           0.954769E-5        1.006566           0.770595E-5        1.005901
        2.178000           0.954825E-5        1.006566           0.770635E-5        1.005901
        2.180000           0.954881E-5        1.006566           0.770676E-5        1.005901
        2.182000           0.954937E-5        1.006567           0.770716E-5        1.005901
        2.184000           0.954992E-5        1.006567           0.770756E-5        1.005902
        2.186000           0.955048E-5        1.006567           0.770797E-5        1.005902
        2.188000           0.955104E-5        1.006567           0.770837E-5        1.005902
        2.190000           0.955160E-5        1.006567           0.770878E-5        1.005902
        2.192000           0.955215E-5        1.006567           0.770918E-5        1.005902
        2.194000           0.955271E-5        1.006568           0.770958E-5        1.005902
        2.196000           0.955327E-5        1.006568           0.770999E-5        1.005902
        2.198000           0.955383E-5        1.006568           0.771040E-5        1.005903
        2.200000           0.955438E-5        1.006568           0.771080E-5        1.005903
        2.202000           0.955494E-5        1.006568           0.771120E-5        1.005903
        2.204000           0.955550E-5        1.006569           0.771160E-5        1.005903
        2.206000           0.955606E-5        1.006569           0.771201E-5        1.005903
        2.208000           0.955661E-5        1.006569           0.771242E-5        1.005903
        2.210000           0.955717E-5        1.006569           0.771282E-5        1.005904
        2.212000           0.955773E-5        1.006569           0.771322E-5        1.005904
        2.214000           0.955829E-5        1.006570           0.771363E-5        1.005904
        2.216000           0.955885E-5        1.006570           0.771403E-5        1.005904
        2.218000           0.955941E-5        1.006570           0.771444E-5        1.005904
        2.220000           0.955996E-5        1.006570           0.771484E-5        1.005904
        2.222000           0.956052E-5        1.006570           0.771524E-5        1.005904
        2.224000           0.956108E-5        1.006571           0.771565E-5        1.005905
        2.226000           0.956164E-5        1.006571           0.771605E-5        1.005905
        2.228000           0.956220E-5        1.006571           0.771646E-5        1.005905
        2.230000           0.956276E-5        1.006571           0.771686E-5        1.005905
        2.232000           0.956332E-5        1.006571           0.771727E-5        1.005905
        2.234000           0.956388E-5        1.006572           0.771767E-5        1.005905
        2.236000           0.956443E-5        1.006572           0.771808E-5        1.005906
        2.238000           0.956499E-5        1.006572           0.771848E-5        1.005906
        2.240000           0.956555E-5        1.006572           0.771889E-5        1.005906
        2.242000           0.956611E-5        1.006572           0.771929E-5        1.005906
        2.244000           0.956667E-5        1.006572           0.771970E-5        1.005906
        2.246000           0.956723E-5        1.006573           0.772010E-5        1.005906
        2.248000           0.956779E-5        1.006573           0.772051E-5        1.005906
        2.250000           0.956835E-5        1.006573           0.772091E-5        1.005907
        2.252000           0.956891E-5        1.006573           0.772131E-5        1.005907
        2.254000           0.956946E-5        1.006573           0.772172E-5        1.005907
        2.256000           0.957002E-5        1.006574           0.772212E-5        1.005907
        2.258000           0.957058E-5        1.006574           0.772253E-5        1.005907
        2.260000           0.957114E-5        1.006574           0.772294E-5        1.005907
        2.262000           0.957170E-5        1.006574           0.772334E-5        1.005908
        2.264000           0.957226E-5        1.006574           0.772375E-5        1.005908
        2.266000           0.957282E-5        1.006575           0.772415E-5        1.005908
        2.268000           0.957338E-5        1.006575           0.772456E-5        1.005908
        2.270000           0.957394E-5        1.006575           0.772496E-5        1.005908
        2.272000           0.957450E-5        1.006575           0.772537E-5        1.005908
        2.274000           0.957506E-5        1.006575           0.772577E-5        1.005908
        2.276000           0.957562E-5        1.006575           0.772618E-5        1.005909
        2.278000           0.957618E-5        1.006576           0.772658E-5        1.005909
        2.280000           0.957674E-5        1.006576           0.772699E-5        1.005909
        2.282000           0.957730E-5        1.006576           0.772739E-5        1.005909
        2.284000           0.957786E-5        1.006576           0.772780E-5        1.005909
        2.286000           0.957842E-5        1.006576           0.772820E-5        1.005909
        2.288000           0.957898E-5        1.006577           0.772861E-5        1.005910
        2.290000           0.957954E-5        1.006577           0.772902E-5        1.005910
        2.292000           0.958010E-5        1.006577           0.772942E-5        1.005910
        2.294000           0.958066E-5        1.006577           0.772983E-5        1.005910
        2.296000           0.958122E-5        1.006577           0.773023E-5        1.005910
        2.298000           0.958178E-5        1.006578           0.773064E-5        1.005910
        2.300000           0.958234E-5        1.006578           0.773104E-5        1.005911
        2.302000           0.958290E-5        1.006578           0.773145E-5        1.005911
        2.304000           0.958346E-5        1.006578           0.773185E-5        1.005911
        2.306000           0.958402E-5        1.006578           0.773226E-5        1.005911
        2.308000           0.958458E-5        1.006579           0.773267E-5        1.005911
        2.310000           0.958514E-5        1.006579           0.773307E-5        1.005911
        2.312000           0.958570E-5        1.006579           0.773348E-5        1.005911
        2.314000           0.958626E-5        1.006579           0.773389E-5        1.005912
        2.316000           0.958682E-5        1.006579           0.773429E-5        1.005912
        2.318000           0.958738E-5        1.006580           0.773470E-5        1.005912
        2.320000           0.958795E-5        1.006580           0.773510E-5        1.005912
        2.322000           0.958851E-5        1.006580           0.773551E-5        1.005912
        2.324000           0.958907E-5        1.006580           0.773592E-5        1.005912
        2.326000           0.958963E-5        1.006580           0.773632E-5        1.005913
        2.328000           0.959019E-5        1.006580           0.773673E-5        1.005913
        2.330000           0.959075E-5        1.006581           0.773713E-5        1.005913
        2.332000           0.959131E-5        1.006581           0.773754E-5        1.005913
        2.334000           0.959187E-5        1.006581           0.773795E-5        1.005913
        2.336000           0.959243E-5        1.006581           0.773835E-5        1.005913
        2.338000           0.959299E-5        1.006581           0.773876E-5        1.005913
        2.340000           0.959356E-5        1.006582           0.773917E-5        1.005914
        2.342000           0.959412E-5        1.006582           0.773957E-5        1.005914
        2.344000           0.959468E-5        1.006582           0.773998E-5        1.005914
        2.346000           0.959524E-5        1.006582           0.774038E-5        1.005914
        2.348000           0.959580E-5        1.006582           0.774079E-5        1.005914
        2.350000           0.959637E-5        1.006583           0.774120E-5        1.005914
        2.352000           0.959693E-5        1.006583           0.774160E-5        1.005915
        2.354000           0.959749E-5        1.006583           0.774201E-5        1.005915
        2.356000           0.959805E-5        1.006583           0.774242E-5        1.005915
        2.358000           0.959861E-5        1.006583           0.774282E-5        1.005915
        2.360000           0.959917E-5        1.006584           0.774323E-5        1.005915
        2.362000           0.959974E-5        1.006584           0.774364E-5        1.005915
        2.364000           0.960030E-5        1.006584           0.774405E-5        1.005915
        2.366000           0.960086E-5        1.006584           0.774445E-5        1.005916
        2.368000           0.960142E-5        1.006584           0.774486E-5        1.005916
        2.370000           0.960198E-5        1.006585           0.774526E-5        1.005916
        2.372000           0.960254E-5        1.006585           0.774567E-5        1.005916
        2.374000           0.960311E-5        1.006585           0.774608E-5        1.005916
        2.376000           0.960367E-5        1.006585           0.774648E-5        1.005916
        2.378000           0.960423E-5        1.006585           0.774689E-5        1.005916
        2.380000           0.960479E-5        1.006585           0.774730E-5        1.005917
        2.382000           0.960536E-5        1.006586           0.774770E-5        1.005917
        2.384000           0.960592E-5        1.006586           0.774811E-5        1.005917
        2.386000           0.960648E-5        1.006586           0.774852E-5        1.005917
        2.388000           0.960704E-5        1.006586           0.774893E-5        1.005917
        2.390000           0.960761E-5        1.006586           0.774933E-5        1.005917
        2.392000           0.960817E-5        1.006587           0.774974E-5        1.005918
        2.394000           0.960873E-5        1.006587           0.775015E-5        1.005918
        2.396000           0.960929E-5        1.006587           0.775055E-5        1.005918
        2.398000           0.960986E-5        1.006587           0.775096E-5        1.005918
        2.400000           0.961042E-5        1.006587           0.775137E-5        1.005918
        2.402000           0.961098E-5        1.006588           0.775178E-5        1.005918
        2.404000           0.961154E-5        1.006588           0.775218E-5        1.005919
        2.406000           0.961211E-5        1.006588           0.775259E-5        1.005919
        2.408000           0.961267E-5        1.006588           0.775300E-5        1.005919
        2.410000           0.961323E-5        1.006588           0.775341E-5        1.005919
        2.412000           0.961380E-5        1.006589           0.775381E-5        1.005919
        2.414000           0.961436E-5        1.006589           0.775422E-5        1.005919
        2.416000           0.961492E-5        1.006589           0.775463E-5        1.005919
        2.418000           0.961549E-5        1.006589           0.775504E-5        1.005920
        2.420000           0.961605E-5        1.006589           0.775545E-5        1.005920
        2.422000           0.961661E-5        1.006590           0.775585E-5        1.005920
        2.424000           0.961718E-5        1.006590           0.775626E-5        1.005920
        2.426000           0.961774E-5        1.006590           0.775667E-5        1.005920
        2.428000           0.961830E-5        1.006590           0.775707E-5        1.005920
        2.430000           0.961887E-5        1.006590           0.775749E-5        1.005921
        2.432000           0.961943E-5        1.006590           0.775789E-5        1.005921
        2.434000           0.961999E-5        1.006591           0.775830E-5        1.005921
        2.436000           0.962056E-5        1.006591           0.775871E-5        1.005921
        2.438000           0.962112E-5        1.006591           0.775912E-5        1.005921
        2.440000           0.962168E-5        1.006591           0.775953E-5        1.005921
        2.442000           0.962225E-5        1.006591           0.775993E-5        1.005921
        2.444000           0.962281E-5        1.006592           0.776034E-5        1.005922
        2.446000           0.962338E-5        1.006592           0.776075E-5        1.005922
        2.448000           0.962394E-5        1.006592           0.776115E-5        1.005922
        2.450000           0.962451E-5        1.006592           0.776156E-5        1.005922
        2.452000           0.962507E-5        1.006592           0.776198E-5        1.005922
        2.454000           0.962563E-5        1.006593           0.776238E-5        1.005922
        2.456000           0.962620E-5        1.006593           0.776279E-5        1.005923
        2.458000           0.962676E-5        1.006593           0.776320E-5        1.005923
        2.460000           0.962733E-5        1.006593           0.776361E-5        1.005923
        2.462000           0.962789E-5        1.006593           0.776401E-5        1.005923
        2.464000           0.962846E-5        1.006594           0.776442E-5        1.005923
        2.466000           0.962902E-5        1.006594           0.776483E-5        1.005923
        2.468000           0.962958E-5        1.006594           0.776524E-5        1.005924
        2.470000           0.963015E-5        1.006594           0.776564E-5        1.005924
        2.472000           0.963071E-5        1.006594           0.776605E-5        1.005924
        2.474000           0.963128E-5        1.006595           0.776646E-5        1.005924
        2.476000           0.963184E-5        1.006595           0.776687E-5        1.005924
        2.478000           0.963241E-5        1.006595           0.776728E-5        1.005924
        2.480000           0.963297E-5        1.006595           0.776769E-5        1.005924
        2.482000           0.963354E-5        1.006595           0.776810E-5        1.005925
        2.484000           0.963410E-5        1.006595           0.776851E-5        1.005925
        2.486000           0.963467E-5        1.006596           0.776892E-5        1.005925
        2.488000           0.963523E-5        1.006596           0.776932E-5        1.005925
        2.490000           0.963580E-5        1.006596           0.776973E-5        1.005925
        2.492000           0.963636E-5        1.006596           0.777014E-5        1.005925
        2.494000           0.963693E-5        1.006596           0.777055E-5        1.005926
        2.496000           0.963749E-5        1.006597           0.777096E-5        1.005926
        2.498000           0.963806E-5        1.006597           0.777137E-5        1.005926
        2.500000           0.963862E-5        1.006597           0.777178E-5        1.005926
        2.502000           0.963919E-5        1.006597           0.777219E-5        1.005926
        2.504000           0.963975E-5        1.006597           0.777260E-5        1.005926
        2.506000           0.964032E-5        1.006598           0.777300E-5        1.005926
        2.508000           0.964088E-5        1.006598           0.777341E-5        1.005927
        2.510000           0.964145E-5        1.006598           0.777382E-5        1.005927
        2.512000           0.964201E-5        1.006598           0.777424E-5        1.005927
        2.514000           0.964258E-5        1.006598           0.777464E-5        1.005927
        2.516000           0.964315E-5        1.006599           0.777505E-5        1.005927
        2.518000           0.964371E-5        1.006599           0.777546E-5        1.005927
        2.520000           0.964428E-5        1.006599           0.777587E-5        1.005928
        2.522000           0.964485E-5        1.006599           0.777628E-5        1.005928
        2.524000           0.964541E-5        1.006599           0.777669E-5        1.005928
        2.526000           0.964598E-5        1.006600           0.777710E-5        1.005928
        2.528000           0.964654E-5        1.006600           0.777751E-5        1.005928
        2.530000           0.964711E-5        1.006600           0.777792E-5        1.005928
        2.532000           0.964768E-5        1.006600           0.777832E-5        1.005929
        2.534000           0.964824E-5        1.006600           0.777873E-5        1.005929
        2.536000           0.964881E-5        1.006600           0.777914E-5        1.005929
        2.538000           0.964937E-5        1.006601           0.777955E-5        1.005929
        2.540000           0.964994E-5        1.006601           0.777996E-5        1.005929
        2.542000           0.965051E-5        1.006601           0.778038E-5        1.005929
        2.544000           0.965107E-5        1.006601           0.778078E-5        1.005929
        2.546000           0.965164E-5        1.006601           0.778119E-5        1.005930
        2.548000           0.965221E-5        1.006602           0.778160E-5        1.005930
        2.550000           0.965277E-5        1.006602           0.778201E-5        1.005930
        2.552000           0.965334E-5        1.006602           0.778242E-5        1.005930
        2.554000           0.965391E-5        1.006602           0.778283E-5        1.005930
        2.556000           0.965447E-5        1.006602           0.778324E-5        1.005930
        2.558000           0.965504E-5        1.006603           0.778365E-5        1.005931
        2.560000           0.965561E-5        1.006603           0.778406E-5        1.005931
        2.562000           0.965617E-5        1.006603           0.778447E-5        1.005931
        2.564000           0.965674E-5        1.006603           0.778488E-5        1.005931
        2.566000           0.965731E-5        1.006603           0.778529E-5        1.005931
        2.568000           0.965787E-5        1.006604           0.778570E-5        1.005931
        2.570000           0.965844E-5        1.006604           0.778611E-5        1.005931
        2.572000           0.965901E-5        1.006604           0.778652E-5        1.005932
        2.574000           0.965957E-5        1.006604           0.778693E-5        1.005932
        2.576000           0.966014E-5        1.006604           0.778734E-5        1.005932
        2.578000           0.966071E-5        1.006605           0.778775E-5        1.005932
        2.580000           0.966128E-5        1.006605           0.778817E-5        1.005932
        2.582000           0.966184E-5        1.006605           0.778857E-5        1.005932
        2.584000           0.966241E-5        1.006605           0.778898E-5        1.005933
        2.586000           0.966298E-5        1.006605           0.778939E-5        1.005933
        2.588000           0.966355E-5        1.006606           0.778980E-5        1.005933
        2.590000           0.966412E-5        1.006606           0.779021E-5        1.005933
        2.592000           0.966468E-5        1.006606           0.779062E-5        1.005933
        2.594000           0.966525E-5        1.006606           0.779103E-5        1.005933
        2.596000           0.966582E-5        1.006606           0.779144E-5        1.005934
        2.598000           0.966638E-5        1.006606           0.779185E-5        1.005934
        2.600000           0.966695E-5        1.006607           0.779227E-5        1.005934
        2.602000           0.966752E-5        1.006607           0.779268E-5        1.005934
        2.604000           0.966809E-5        1.006607           0.779309E-5        1.005934
        2.606000           0.966866E-5        1.006607           0.779349E-5        1.005934
        2.608000           0.966922E-5        1.006607           0.779391E-5        1.005934
        2.610000           0.966979E-5        1.006608           0.779432E-5        1.005935
        2.612000           0.967036E-5        1.006608           0.779473E-5        1.005935
        2.614000           0.967093E-5        1.006608           0.779514E-5        1.005935
        2.616000           0.967150E-5        1.006608           0.779555E-5        1.005935
        2.618000           0.967207E-5        1.006608           0.779596E-5        1.005935
        2.620000           0.967263E-5        1.006609           0.779637E-5        1.005935
        2.622000           0.967320E-5        1.006609           0.779678E-5        1.005936
        2.624000           0.967377E-5        1.006609           0.779719E-5        1.005936
        2.626000           0.967434E-5        1.006609           0.779760E-5        1.005936
        2.628000           0.967491E-5        1.006609           0.779802E-5        1.005936
        2.630000           0.967548E-5        1.006610           0.779843E-5        1.005936
        2.632000           0.967604E-5        1.006610           0.779884E-5        1.005936
        2.634000           0.967661E-5        1.006610           0.779925E-5        1.005936
        2.636000           0.967718E-5        1.006610           0.779966E-5        1.005937
        2.638000           0.967775E-5        1.006610           0.780007E-5        1.005937
        2.640000           0.967832E-5        1.006611           0.780049E-5        1.005937
        2.642000           0.967889E-5        1.006611           0.780089E-5        1.005937
        2.644000           0.967946E-5        1.006611           0.780131E-5        1.005937
        2.646000           0.968003E-5        1.006611           0.780172E-5        1.005937
        2.648000           0.968060E-5        1.006611           0.780213E-5        1.005938
        2.650000           0.968116E-5        1.006611           0.780254E-5        1.005938
        2.652000           0.968173E-5        1.006612           0.780295E-5        1.005938
        2.654000           0.968230E-5        1.006612           0.780336E-5        1.005938
        2.656000           0.968287E-5        1.006612           0.780377E-5        1.005938
        2.658000           0.968344E-5        1.006612           0.780419E-5        1.005938
        2.660000           0.968401E-5        1.006613           0.780460E-5        1.005938
        2.662000           0.968458E-5        1.006613           0.780501E-5        1.005939
        2.664000           0.968515E-5        1.006613           0.780542E-5        1.005939
        2.666000           0.968572E-5        1.006613           0.780583E-5        1.005939
        2.668000           0.968629E-5        1.006613           0.780624E-5        1.005939
        2.670000           0.968686E-5        1.006613           0.780666E-5        1.005939
        2.672000           0.968743E-5        1.006614           0.780707E-5        1.005939
        2.674000           0.968800E-5        1.006614           0.780748E-5        1.005940
        2.676000           0.968857E-5        1.006614           0.780789E-5        1.005940
        2.678000           0.968914E-5        1.006614           0.780830E-5        1.005940
        2.680000           0.968970E-5        1.006614           0.780871E-5        1.005940
        2.682000           0.969028E-5        1.006615           0.780912E-5        1.005940
        2.684000           0.969085E-5        1.006615           0.780954E-5        1.005940
        2.686000           0.969141E-5        1.006615           0.780995E-5        1.005940
        2.688000           0.969199E-5        1.006615           0.781036E-5        1.005941
        2.690000           0.969256E-5        1.006615           0.781078E-5        1.005941
        2.692000           0.969313E-5        1.006616           0.781119E-5        1.005941
        2.694000           0.969370E-5        1.006616           0.781160E-5        1.005941
        2.696000           0.969427E-5        1.006616           0.781201E-5        1.005941
        2.698000           0.969484E-5        1.006616           0.781242E-5        1.005941
        2.700000           0.969541E-5        1.006616           0.781283E-5        1.005942
        2.702000           0.969598E-5        1.006617           0.781325E-5        1.005942
        2.704000           0.969655E-5        1.006617           0.781366E-5        1.005942
        2.706000           0.969712E-5        1.006617           0.781407E-5        1.005942
        2.708000           0.969769E-5        1.006617           0.781448E-5        1.005942
        2.710000           0.969826E-5        1.006617           0.781490E-5        1.005942
        2.712000           0.969883E-5        1.006618           0.781531E-5        1.005942
        2.714000           0.969940E-5        1.006618           0.781572E-5        1.005943
        2.716000           0.969997E-5        1.006618           0.781613E-5        1.005943
        2.718000           0.970054E-5        1.006618           0.781655E-5        1.005943
        2.720000           0.970111E-5        1.006618           0.781696E-5        1.005943
        2.722000           0.970168E-5        1.006618           0.781737E-5        1.005943
        2.724000           0.970225E-5        1.006619           0.781778E-5        1.005943
        2.726000           0.970283E-5        1.006619           0.781820E-5        1.005944
        2.728000           0.970340E-5        1.006619           0.781861E-5        1.005944
        2.730000           0.970397E-5        1.006619           0.781902E-5        1.005944
        2.732000           0.970454E-5        1.006619           0.781944E-5        1.005944
        2.734000           0.970511E-5        1.006620           0.781984E-5        1.005944
        2.736000           0.970568E-5        1.006620           0.782026E-5        1.005944
        2.738000           0.970625E-5        1.006620           0.782067E-5        1.005945
        2.740000           0.970682E-5        1.006620           0.782109E-5        1.005945
        2.742000           0.970740E-5        1.006620           0.782150E-5        1.005945
        2.744000           0.970797E-5        1.006621           0.782191E-5        1.005945
        2.746000           0.970854E-5        1.006621           0.782232E-5        1.005945
        2.748000           0.970911E-5        1.006621           0.782274E-5        1.005945
        2.750000           0.970968E-5        1.006621           0.782315E-5        1.005945
        2.752000           0.971025E-5        1.006621           0.782356E-5        1.005946
        2.754000           0.971082E-5        1.006622           0.782398E-5        1.005946
        2.756000           0.971140E-5        1.006622           0.782439E-5        1.005946
        2.758000           0.971197E-5        1.006622           0.782480E-5        1.005946
        2.760000           0.971254E-5        1.006622           0.782522E-5        1.005946
        2.762000           0.971311E-5        1.006622           0.782563E-5        1.005946
        2.764000           0.971368E-5        1.006623           0.782604E-5        1.005947
        2.766000           0.971425E-5        1.006623           0.782645E-5        1.005947
        2.768000           0.971483E-5        1.006623           0.782687E-5        1.005947
        2.770000           0.971540E-5        1.006623           0.782728E-5        1.005947
        2.772000           0.971597E-5        1.006623           0.782770E-5        1.005947
        2.774000           0.971654E-5        1.006624           0.782811E-5        1.005947
        2.776000           0.971712E-5        1.006624           0.782852E-5        1.005947
        2.778000           0.971769E-5        1.006624           0.782893E-5        1.005948
        2.780000           0.971826E-5        1.006624           0.782935E-5        1.005948
        2.782000           0.971883E-5        1.006624           0.782976E-5        1.005948
        2.784000           0.971941E-5        1.006625           0.783018E-5        1.005948
        2.786000           0.971998E-5        1.006625           0.783059E-5        1.005948
        2.788000           0.972055E-5        1.006625           0.783100E-5        1.005948
        2.790000           0.972113E-5        1.006625           0.783142E-5        1.005949
        2.792000           0.972170E-5        1.006625           0.783183E-5        1.005949
        2.794000           0.972227E-5        1.006626           0.783225E-5        1.005949
        2.796000           0.972284E-5        1.006626           0.783266E-5        1.005949
        2.798000           0.972341E-5        1.006626           0.783307E-5        1.005949
        2.800000           0.972399E-5        1.006626           0.783348E-5        1.005949
        2.802000           0.972456E-5        1.006626           0.783390E-5        1.005950
        2.804000           0.972513E-5        1.006626           0.783431E-5        1.005950
        2.806000           0.972571E-5        1.006627           0.783472E-5        1.005950
        2.808000           0.972628E-5        1.006627           0.783514E-5        1.005950
        2.810000           0.972685E-5        1.006627           0.783556E-5        1.005950
        2.812000           0.972743E-5        1.006627           0.783597E-5        1.005950
        2.814000           0.972800E-5        1.006627           0.783638E-5        1.005950
        2.816000           0.972857E-5        1.006628           0.783680E-5        1.005951
        2.818000           0.972914E-5        1.006628           0.783721E-5        1.005951
        2.820000           0.972972E-5        1.006628           0.783762E-5        1.005951
        2.822000           0.973029E-5        1.006628           0.783804E-5        1.005951
        2.824000           0.973086E-5        1.006628           0.783846E-5        1.005951
        2.826000           0.973144E-5        1.006629           0.783887E-5        1.005951
        2.828000           0.973201E-5        1.006629           0.783928E-5        1.005952
        2.830000           0.973259E-5        1.006629           0.783970E-5        1.005952
        2.832000           0.973316E-5        1.006629           0.784011E-5        1.005952
        2.834000           0.973373E-5        1.006629           0.784053E-5        1.005952
        2.836000           0.973431E-5        1.006630           0.784094E-5        1.005952
        2.838000           0.973488E-5        1.006630           0.784135E-5        1.005952
        2.840000           0.973545E-5        1.006630           0.784177E-5        1.005953
        2.842000           0.973603E-5        1.006630           0.784218E-5        1.005953
        2.844000           0.973660E-5        1.006630           0.784259E-5        1.005953
        2.846000           0.973718E-5        1.006631           0.784301E-5        1.005953
        2.848000           0.973775E-5        1.006631           0.784343E-5        1.005953
        2.850000           0.973833E-5        1.006631           0.784384E-5        1.005953
        2.852000           0.973890E-5        1.006631           0.784426E-5        1.005953
        2.854000           0.973947E-5        1.006631           0.784467E-5        1.005954
        2.856000           0.974005E-5        1.006631           0.784509E-5        1.005954
        2.858000           0.974062E-5        1.006632           0.784550E-5        1.005954
        2.860000           0.974120E-5        1.006632           0.784591E-5        1.005954
        2.862000           0.974177E-5        1.006632           0.784633E-5        1.005954
        2.864000           0.974234E-5        1.006632           0.784675E-5        1.005954
        2.866000           0.974292E-5        1.006632           0.784716E-5        1.005955
        2.868000           0.974349E-5        1.006633           0.784757E-5        1.005955
        2.870000           0.974407E-5        1.006633           0.784799E-5        1.005955
        2.872000           0.974464E-5        1.006633           0.784841E-5        1.005955
        2.874000           0.974522E-5        1.006633           0.784882E-5        1.005955
        2.876000           0.974579E-5        1.006634           0.784923E-5        1.005955
        2.878000           0.974637E-5        1.006634           0.784965E-5        1.005956
        2.880000           0.974694E-5        1.006634           0.785007E-5        1.005956
        2.882000           0.974752E-5        1.006634           0.785048E-5        1.005956
        2.884000           0.974809E-5        1.006634           0.785090E-5        1.005956
        2.886000           0.974867E-5        1.006634           0.785131E-5        1.005956
        2.888000           0.974924E-5        1.006635           0.785173E-5        1.005956
        2.890000           0.974982E-5        1.006635           0.785214E-5        1.005956
        2.892000           0.975039E-5        1.006635           0.785256E-5        1.005957
        2.894000           0.975097E-5        1.006635           0.785297E-5        1.005957
        2.896000           0.975154E-5        1.006635           0.785339E-5        1.005957
        2.898000           0.975212E-5        1.006636           0.785380E-5        1.005957
        2.900000           0.975269E-5        1.006636           0.785422E-5        1.005957
        2.902000           0.975327E-5        1.006636           0.785463E-5        1.005957
        2.904000           0.975384E-5        1.006636           0.785505E-5        1.005958
        2.906000           0.975442E-5        1.006636           0.785547E-5        1.005958
        2.908000           0.975500E-5        1.006637           0.785588E-5        1.005958
        2.910000           0.975557E-5        1.006637           0.785630E-5        1.005958
        2.912000           0.975615E-5        1.006637           0.785671E-5        1.005958
        2.914000           0.975672E-5        1.006637           0.785713E-5        1.005958
        2.916000           0.975730E-5        1.006637           0.785754E-5        1.005959
        2.918000           0.975787E-5        1.006638           0.785796E-5        1.005959
        2.920000           0.975845E-5        1.006638           0.785837E-5        1.005959
        2.922000           0.975903E-5        1.006638           0.785879E-5        1.005959
        2.924000           0.975960E-5        1.006638           0.785921E-5        1.005959
        2.926000           0.976018E-5        1.006638           0.785962E-5        1.005959
        2.928000           0.976076E-5        1.006639           0.786004E-5        1.005959
        2.930000           0.976133E-5        1.006639           0.786046E-5        1.005960
        2.932000           0.976191E-5        1.006639           0.786087E-5        1.005960
        2.934000           0.976248E-5        1.006639           0.786129E-5        1.005960
        2.936000           0.976306E-5        1.006639           0.786170E-5        1.005960
        2.938000           0.976364E-5        1.006639           0.786212E-5        1.005960
        2.940000           0.976421E-5        1.006640           0.786254E-5        1.005960
        2.942000           0.976479E-5        1.006640           0.786295E-5        1.005961
        2.944000           0.976536E-5        1.006640           0.786337E-5        1.005961
        2.946000           0.976594E-5        1.006640           0.786378E-5        1.005961
        2.948000           0.976652E-5        1.006641           0.786420E-5        1.005961
        2.950000           0.976710E-5        1.006641           0.786462E-5        1.005961
        2.952000           0.976767E-5        1.006641           0.786503E-5        1.005961
        2.954000           0.976825E-5        1.006641           0.786545E-5        1.005962
        2.956000           0.976882E-5        1.006641           0.786587E-5        1.005962
        2.958000           0.976940E-5        1.006642           0.786628E-5        1.005962
        2.960000           0.976998E-5        1.006642           0.786670E-5        1.005962
        2.962000           0.977056E-5        1.006642           0.786712E-5        1.005962
        2.964000           0.977113E-5        1.006642           0.786753E-5        1.005962
        2.966000           0.977171E-5        1.006642           0.786795E-5        1.005962
        2.968000           0.977229E-5        1.006642           0.786837E-5        1.005963
        2.970000           0.977286E-5        1.006643           0.786878E-5        1.005963
        2.972000           0.977344E-5        1.006643           0.786920E-5        1.005963
        2.974000           0.977402E-5        1.006643           0.786961E-5        1.005963
        2.976000           0.977460E-5        1.006643           0.787003E-5        1.005963
        2.978000           0.977517E-5        1.006643           0.787045E-5        1.005963
        2.980000           0.977575E-5        1.006644           0.787087E-5        1.005964
        2.982000           0.977633E-5        1.006644           0.787128E-5        1.005964
        2.984000           0.977691E-5        1.006644           0.787170E-5        1.005964
        2.986000           0.977748E-5        1.006644           0.787212E-5        1.005964
        2.988000           0.977806E-5        1.006644           0.787253E-5        1.005964
        2.990000           0.977864E-5        1.006645           0.787295E-5        1.005964
        2.992000           0.977922E-5        1.006645           0.787336E-5        1.005965
        2.994000           0.977980E-5        1.006645           0.787378E-5        1.005965
        2.996000           0.978037E-5        1.006645           0.787420E-5        1.005965
        2.998000           0.978095E-5        1.006645           0.787461E-5        1.005965
        3.000000           0.978153E-5        1.006646           0.787503E-5        1.005965
        3.002000           0.978211E-5        1.006646           0.787545E-5        1.005965
        3.004000           0.978268E-5        1.006646           0.787587E-5        1.005965
        3.006000           0.978326E-5        1.006646           0.787629E-5        1.005966
        3.008000           0.978384E-5        1.006646           0.787671E-5        1.005966
        3.010000           0.978442E-5        1.006647           0.787712E-5        1.005966
        3.012000           0.978500E-5        1.006647           0.787754E-5        1.005966
        3.014000           0.978558E-5        1.006647           0.787796E-5        1.005966
        3.016000           0.978616E-5        1.006647           0.787838E-5        1.005966
        3.018000           0.978673E-5        1.006647           0.787879E-5        1.005967
        3.020000           0.978731E-5        1.006648           0.787921E-5        1.005967
        3.022000           0.978789E-5        1.006648           0.787963E-5        1.005967
        3.024000           0.978847E-5        1.006648           0.788004E-5        1.005967
        3.026000           0.978905E-5        1.006648           0.788047E-5        1.005967
        3.028000           0.978963E-5        1.006648           0.788088E-5        1.005967
        3.030000           0.979021E-5        1.006649           0.788130E-5        1.005967
        3.032000           0.979078E-5        1.006649           0.788171E-5        1.005968
        3.034000           0.979136E-5        1.006649           0.788213E-5        1.005968
        3.036000           0.979194E-5        1.006649           0.788255E-5        1.005968
        3.038000           0.979252E-5        1.006649           0.788297E-5        1.005968
        3.040000           0.979310E-5        1.006649           0.788338E-5        1.005968
        3.042000           0.979368E-5        1.006650           0.788380E-5        1.005968
        3.044000           0.979426E-5        1.006650           0.788422E-5        1.005969
        3.046000           0.979484E-5        1.006650           0.788464E-5        1.005969
        3.048000           0.979542E-5        1.006650           0.788506E-5        1.005969
        3.050000           0.979599E-5        1.006650           0.788547E-5        1.005969
        3.052000           0.979657E-5        1.006651           0.788589E-5        1.005969
        3.054000           0.979715E-5        1.006651           0.788631E-5        1.005969
        3.056000           0.979773E-5        1.006651           0.788673E-5        1.005970
        3.058000           0.979831E-5        1.006651           0.788715E-5        1.005970
        3.060000           0.979889E-5        1.006651           0.788756E-5        1.005970
        3.062000           0.979947E-5        1.006652           0.788798E-5        1.005970
        3.064000           0.980005E-5        1.006652           0.788840E-5        1.005970
        3.066000           0.980063E-5        1.006652           0.788882E-5        1.005970
        3.068000           0.980121E-5        1.006652           0.788924E-5        1.005970
        3.070000           0.980179E-5        1.006652           0.788966E-5        1.005971
        3.072000           0.980237E-5        1.006653           0.789007E-5        1.005971
        3.074000           0.980295E-5        1.006653           0.789049E-5        1.005971
        3.076000           0.980353E-5        1.006653           0.789091E-5        1.005971
        3.078000           0.980411E-5        1.006653           0.789133E-5        1.005971
        3.080000           0.980469E-5        1.006653           0.789175E-5        1.005971
        3.082000           0.980527E-5        1.006654           0.789217E-5        1.005972
        3.084000           0.980585E-5        1.006654           0.789258E-5        1.005972
        3.086000           0.980643E-5        1.006654           0.789300E-5        1.005972
        3.088000           0.980701E-5        1.006654           0.789342E-5        1.005972
        3.090000           0.980759E-5        1.006654           0.789384E-5        1.005972
        3.092000           0.980817E-5        1.006655           0.789426E-5        1.005972
        3.094000           0.980875E-5        1.006655           0.789468E-5        1.005973
        3.096000           0.980933E-5        1.006655           0.789510E-5        1.005973
        3.098000           0.980991E-5        1.006655           0.789552E-5        1.005973
        3.100000           0.981049E-5        1.006655           0.789593E-5        1.005973
        3.102000           0.981107E-5        1.006656           0.789635E-5        1.005973
        3.104000           0.981165E-5        1.006656           0.789677E-5        1.005973
        3.106000           0.981223E-5        1.006656           0.789719E-5        1.005973
        3.108000           0.981281E-5        1.006656           0.789761E-5        1.005974
        3.110000           0.981340E-5        1.006656           0.789803E-5        1.005974
        3.112000           0.981398E-5        1.006657           0.789845E-5        1.005974
        3.114000           0.981456E-5        1.006657           0.789887E-5        1.005974
        3.116000           0.981514E-5        1.006657           0.789929E-5        1.005974
        3.118000           0.981572E-5        1.006657           0.789971E-5        1.005974
        3.120000           0.981630E-5        1.006657           0.790013E-5        1.005975
        3.122000           0.981688E-5        1.006657           0.790054E-5        1.005975
        3.124000           0.981746E-5        1.006658           0.790096E-5        1.005975
        3.126000           0.981805E-5        1.006658           0.790138E-5        1.005975
        3.128000           0.981863E-5        1.006658           0.790180E-5        1.005975
        3.130000           0.981921E-5        1.006658           0.790222E-5        1.005975
        3.132000           0.981979E-5        1.006659           0.790264E-5        1.005975
        3.134000           0.982037E-5        1.006659           0.790306E-5        1.005976
        3.136000           0.982095E-5        1.006659           0.790348E-5        1.005976
        3.138000           0.982153E-5        1.006659           0.790390E-5        1.005976
        3.140000           0.982211E-5        1.006659           0.790432E-5        1.005976
        3.142000           0.982270E-5        1.006660           0.790474E-5        1.005976
        3.144000           0.982328E-5        1.006660           0.790516E-5        1.005976
        3.146000           0.982386E-5        1.006660           0.790558E-5        1.005977
        3.148000           0.982444E-5        1.006660           0.790600E-5        1.005977
        3.150000           0.982502E-5        1.006660           0.790642E-5        1.005977
        3.152000           0.982561E-5        1.006660           0.790683E-5        1.005977
        3.154000           0.982619E-5        1.006661           0.790726E-5        1.005977
        3.156000           0.982677E-5        1.006661           0.790767E-5        1.005977
        3.158000           0.982735E-5        1.006661           0.790809E-5        1.005978
        3.160000           0.982793E-5        1.006661           0.790851E-5        1.005978
        3.162000           0.982852E-5        1.006661           0.790893E-5        1.005978
        3.164000           0.982910E-5        1.006662           0.790936E-5        1.005978
        3.166000           0.982968E-5        1.006662           0.790977E-5        1.005978
        3.168000           0.983026E-5        1.006662           0.791019E-5        1.005978
        3.170000           0.983084E-5        1.006662           0.791062E-5        1.005979
        3.172000           0.983143E-5        1.006662           0.791104E-5        1.005979
        3.174000           0.983201E-5        1.006663           0.791146E-5        1.005979
        3.176000           0.983259E-5        1.006663           0.791187E-5        1.005979
        3.178000           0.983317E-5        1.006663           0.791229E-5        1.005979
        3.180000           0.983376E-5        1.006663           0.791271E-5        1.005979
        3.182000           0.983434E-5        1.006663           0.791313E-5        1.005980
        3.184000           0.983492E-5        1.006664           0.791356E-5        1.005980
        3.186000           0.983551E-5        1.006664           0.791397E-5        1.005980
        3.188000           0.983609E-5        1.006664           0.791439E-5        1.005980
        3.190000           0.983667E-5        1.006664           0.791482E-5        1.005980
        3.192000           0.983725E-5        1.006664           0.791524E-5        1.005980
        3.194000           0.983784E-5        1.006665           0.791566E-5        1.005980
        3.196000           0.983842E-5        1.006665           0.791607E-5        1.005981
        3.198000           0.983900E-5        1.006665           0.791650E-5        1.005981
        3.200000           0.983959E-5        1.006665           0.791691E-5        1.005981
        3.202000           0.984017E-5        1.006665           0.791734E-5        1.005981
        3.204000           0.984075E-5        1.006666           0.791776E-5        1.005981
        3.206000           0.984133E-5        1.006666           0.791818E-5        1.005981
        3.208000           0.984192E-5        1.006666           0.791860E-5        1.005982
        3.210000           0.984250E-5        1.006666           0.791902E-5        1.005982
        3.212000           0.984309E-5        1.006666           0.791944E-5        1.005982
        3.214000           0.984367E-5        1.006667           0.791986E-5        1.005982
        3.216000           0.984425E-5        1.006667           0.792028E-5        1.005982
        3.218000           0.984484E-5        1.006667           0.792070E-5        1.005982
        3.220000           0.984542E-5        1.006667           0.792112E-5        1.005983
        3.222000           0.984600E-5        1.006667           0.792154E-5        1.005983
        3.224000           0.984659E-5        1.006668           0.792196E-5        1.005983
        3.226000           0.984717E-5        1.006668           0.792239E-5        1.005983
        3.228000           0.984776E-5        1.006668           0.792281E-5        1.005983
        3.230000           0.984834E-5        1.006668           0.792323E-5        1.005983
        3.232000           0.984892E-5        1.006668           0.792365E-5        1.005983
        3.234000           0.984951E-5        1.006669           0.792407E-5        1.005984
        3.236000           0.985009E-5        1.006669           0.792449E-5        1.005984
        3.238000           0.985067E-5        1.006669           0.792491E-5        1.005984
        3.240000           0.985126E-5        1.006669           0.792534E-5        1.005984
        3.242000           0.985184E-5        1.006669           0.792576E-5        1.005984
        3.244000           0.985243E-5        1.006670           0.792617E-5        1.005984
        3.246000           0.985301E-5        1.006670           0.792660E-5        1.005985
        3.248000           0.985359E-5        1.006670           0.792702E-5        1.005985
        3.250000           0.985418E-5        1.006670           0.792744E-5        1.005985
        3.252000           0.985476E-5        1.006670           0.792786E-5        1.005985
        3.254000           0.985535E-5        1.006670           0.792828E-5        1.005985
        3.256000           0.985593E-5        1.006671           0.792871E-5        1.005985
        3.258000           0.985652E-5        1.006671           0.792912E-5        1.005985
        3.260000           0.985710E-5        1.006671           0.792955E-5        1.005986
        3.262000           0.985769E-5        1.006671           0.792997E-5        1.005986
        3.264000           0.985827E-5        1.006672           0.793039E-5        1.005986
        3.266000           0.985886E-5        1.006672           0.793082E-5        1.005986
        3.268000           0.985944E-5        1.006672           0.793124E-5        1.005986
        3.270000           0.986003E-5        1.006672           0.793166E-5        1.005986
        3.272000           0.986061E-5        1.006672           0.793208E-5        1.005987
        3.274000           0.986120E-5        1.006673           0.793250E-5        1.005987
        3.276000           0.986178E-5        1.006673           0.793292E-5        1.005987
        3.278000           0.986237E-5        1.006673           0.793334E-5        1.005987
        3.280000           0.986295E-5        1.006673           0.793376E-5        1.005987
        3.282000           0.986354E-5        1.006673           0.793419E-5        1.005987
        3.284000           0.986412E-5        1.006673           0.793461E-5        1.005988
        3.286000           0.986471E-5        1.006674           0.793503E-5        1.005988
        3.288000           0.986529E-5        1.006674           0.793545E-5        1.005988
        3.290000           0.986588E-5        1.006674           0.793587E-5        1.005988
        3.292000           0.986647E-5        1.006674           0.793630E-5        1.005988
        3.294000           0.986705E-5        1.006674           0.793672E-5        1.005988
        3.296000           0.986764E-5        1.006675           0.793714E-5        1.005988
        3.298000           0.986822E-5        1.006675           0.793756E-5        1.005989
        3.300000           0.986881E-5        1.006675           0.793798E-5        1.005989
        3.302000           0.986939E-5        1.006675           0.793841E-5        1.005989
        3.304000           0.986998E-5        1.006675           0.793883E-5        1.005989
        3.306000           0.987057E-5        1.006676           0.793925E-5        1.005989
        3.308000           0.987115E-5        1.006676           0.793967E-5        1.005989
        3.310000           0.987174E-5        1.006676           0.794010E-5        1.005990
        3.312000           0.987232E-5        1.006676           0.794052E-5        1.005990
        3.314000           0.987291E-5        1.006676           0.794094E-5        1.005990
        3.316000           0.987350E-5        1.006677           0.794136E-5        1.005990
        3.318000           0.987408E-5        1.006677           0.794179E-5        1.005990
        3.320000           0.987467E-5        1.006677           0.794221E-5        1.005990
        3.322000           0.987526E-5        1.006677           0.794263E-5        1.005991
        3.324000           0.987584E-5        1.006677           0.794305E-5        1.005991
        3.326000           0.987643E-5        1.006678           0.794347E-5        1.005991
        3.328000           0.987701E-5        1.006678           0.794390E-5        1.005991
        3.330000           0.987760E-5        1.006678           0.794432E-5        1.005991
        3.332000           0.987819E-5        1.006678           0.794475E-5        1.005991
        3.334000           0.987878E-5        1.006678           0.794517E-5        1.005992
        3.336000           0.987936E-5        1.006679           0.794559E-5        1.005992
        3.338000           0.987995E-5        1.006679           0.794601E-5        1.005992
        3.340000           0.988053E-5        1.006679           0.794643E-5        1.005992
        3.342000           0.988112E-5        1.006679           0.794686E-5        1.005992
        3.344000           0.988171E-5        1.006679           0.794728E-5        1.005992
        3.346000           0.988229E-5        1.006680           0.794770E-5        1.005993
        3.348000           0.988288E-5        1.006680           0.794812E-5        1.005993
        3.350000           0.988347E-5        1.006680           0.794855E-5        1.005993
        3.352000           0.988406E-5        1.006680           0.794897E-5        1.005993
        3.354000           0.988464E-5        1.006680           0.794940E-5        1.005993
        3.356000           0.988523E-5        1.006681           0.794982E-5        1.005993
        3.358000           0.988582E-5        1.006681           0.795024E-5        1.005993
        3.360000           0.988640E-5        1.006681           0.795066E-5        1.005994
        3.362000           0.988699E-5        1.006681           0.795109E-5        1.005994
        3.364000           0.988758E-5        1.006681           0.795151E-5        1.005994
        3.366000           0.988817E-5        1.006682           0.795194E-5        1.005994
        3.368000           0.988875E-5        1.006682           0.795236E-5        1.005994
        3.370000           0.988934E-5        1.006682           0.795278E-5        1.005994
        3.372000           0.988993E-5        1.006682           0.795321E-5        1.005995
        3.374000           0.989052E-5        1.006682           0.795363E-5        1.005995
        3.376000           0.989111E-5        1.006683           0.795405E-5        1.005995
        3.378000           0.989169E-5        1.006683           0.795447E-5        1.005995
        3.380000           0.989228E-5        1.006683           0.795490E-5        1.005995
        3.382000           0.989287E-5        1.006683           0.795532E-5        1.005995
        3.384000           0.989346E-5        1.006683           0.795575E-5        1.005996
        3.386000           0.989405E-5        1.006684           0.795617E-5        1.005996
        3.388000           0.989463E-5        1.006684           0.795659E-5        1.005996
        3.390000           0.989522E-5        1.006684           0.795702E-5        1.005996
        3.392000           0.989581E-5        1.006684           0.795744E-5        1.005996
        3.394000           0.989640E-5        1.006684           0.795786E-5        1.005996
        3.396000           0.989699E-5        1.006685           0.795829E-5        1.005996
        3.398000           0.989757E-5        1.006685           0.795871E-5        1.005997
        3.400000           0.989816E-5        1.006685           0.795914E-5        1.005997
        3.402000           0.989875E-5        1.006685           0.795956E-5        1.005997
        3.404000           0.989934E-5        1.006685           0.795998E-5        1.005997
        3.406000           0.989993E-5        1.006685           0.796041E-5        1.005997
        3.408000           0.990052E-5        1.006686           0.796083E-5        1.005997
        3.410000           0.990110E-5        1.006686           0.796125E-5        1.005998
        3.412000           0.990169E-5        1.006686           0.796168E-5        1.005998
        3.414000           0.990228E-5        1.006686           0.796210E-5        1.005998
        3.416000           0.990287E-5        1.006687           0.796253E-5        1.005998
        3.418000           0.990346E-5        1.006687           0.796295E-5        1.005998
        3.420000           0.990405E-5        1.006687           0.796337E-5        1.005998
        3.422000           0.990464E-5        1.006687           0.796380E-5        1.005998
        3.424000           0.990523E-5        1.006687           0.796423E-5        1.005999
        3.426000           0.990582E-5        1.006688           0.796465E-5        1.005999
        3.428000           0.990641E-5        1.006688           0.796507E-5        1.005999
        3.430000           0.990699E-5        1.006688           0.796550E-5        1.005999
        3.432000           0.990758E-5        1.006688           0.796592E-5        1.005999
        3.434000           0.990817E-5        1.006688           0.796635E-5        1.005999
        3.436000           0.990876E-5        1.006688           0.796677E-5        1.006000
        3.438000           0.990935E-5        1.006689           0.796719E-5        1.006000
        3.440000           0.990994E-5        1.006689           0.796762E-5        1.006000
        3.442000           0.991053E-5        1.006689           0.796804E-5        1.006000
        3.444000           0.991112E-5        1.006689           0.796847E-5        1.006000
        3.446000           0.991171E-5        1.006690           0.796889E-5        1.006000
        3.448000           0.991230E-5        1.006690           0.796932E-5        1.006001
        3.450000           0.991289E-5        1.006690           0.796974E-5        1.006001
        3.452000           0.991348E-5        1.006690           0.797017E-5        1.006001
        3.454000           0.991407E-5        1.006690           0.797059E-5        1.006001
        3.456000           0.991466E-5        1.006691           0.797101E-5        1.006001
        3.458000           0.991525E-5        1.006691           0.797144E-5        1.006001
        3.460000           0.991584E-5        1.006691           0.797187E-5        1.006002
        3.462000           0.991643E-5        1.006691           0.797229E-5        1.006002
        3.464000           0.991702E-5        1.006691           0.797272E-5        1.006002
        3.466000           0.991761E-5        1.006691           0.797314E-5        1.006002
        3.468000           0.991820E-5        1.006692           0.797356E-5        1.006002
        3.470000           0.991879E-5        1.006692           0.797399E-5        1.006002
        3.472000           0.991938E-5        1.006692           0.797441E-5        1.006003
        3.474000           0.991997E-5        1.006692           0.797484E-5        1.006003
        3.476000           0.992056E-5        1.006693           0.797526E-5        1.006003
        3.478000           0.992115E-5        1.006693           0.797570E-5        1.006003
        3.480000           0.992174E-5        1.006693           0.797612E-5        1.006003
        3.482000           0.992233E-5        1.006693           0.797654E-5        1.006003
        3.483999           0.992292E-5        1.006693           0.797697E-5        1.006003
        3.486000           0.992351E-5        1.006693           0.797739E-5        1.006004
        3.488000           0.992410E-5        1.006694           0.797782E-5        1.006004
        3.490000           0.992469E-5        1.006694           0.797824E-5        1.006004
        3.492000           0.992528E-5        1.006694           0.797867E-5        1.006004
        3.493999           0.992588E-5        1.006694           0.797910E-5        1.006004
        3.496000           0.992647E-5        1.006694           0.797952E-5        1.006004
        3.498000           0.992706E-5        1.006695           0.797995E-5        1.006005
        3.500000           0.992765E-5        1.006695           0.798037E-5        1.006005
        3.502000           0.992824E-5        1.006695           0.798080E-5        1.006005
        3.503999           0.992883E-5        1.006695           0.798122E-5        1.006005
        3.506000           0.992942E-5        1.006695           0.798165E-5        1.006005
        3.508000           0.993001E-5        1.006696           0.798208E-5        1.006005
        3.510000           0.993061E-5        1.006696           0.798250E-5        1.006006
        3.512000           0.993120E-5        1.006696           0.798293E-5        1.006006
        3.514000           0.993179E-5        1.006696           0.798335E-5        1.006006
        3.516000           0.993238E-5        1.006696           0.798378E-5        1.006006
        3.518000           0.993297E-5        1.006697           0.798420E-5        1.006006
        3.520000           0.993356E-5        1.006697           0.798462E-5        1.006006
        3.522000           0.993415E-5        1.006697           0.798506E-5        1.006006
        3.524000           0.993474E-5        1.006697           0.798548E-5        1.006007
        3.526000           0.993534E-5        1.006697           0.798590E-5        1.006007
        3.528000           0.993593E-5        1.006698           0.798633E-5        1.006007
        3.530000           0.993652E-5        1.006698           0.798676E-5        1.006007
        3.532000           0.993711E-5        1.006698           0.798718E-5        1.006007
        3.534000           0.993770E-5        1.006698           0.798761E-5        1.006007
        3.536000           0.993829E-5        1.006698           0.798804E-5        1.006008
        3.538000           0.993889E-5        1.006699           0.798846E-5        1.006008
        3.540000           0.993948E-5        1.006699           0.798889E-5        1.006008
        3.542000           0.994007E-5        1.006699           0.798931E-5        1.006008
        3.544000           0.994066E-5        1.006699           0.798974E-5        1.006008
        3.546000           0.994126E-5        1.006699           0.799017E-5        1.006008
        3.548000           0.994185E-5        1.006700           0.799059E-5        1.006009
        3.550000           0.994244E-5        1.006700           0.799102E-5        1.006009
        3.552000           0.994303E-5        1.006700           0.799145E-5        1.006009
        3.554000           0.994363E-5        1.006700           0.799187E-5        1.006009
        3.556000           0.994422E-5        1.006700           0.799230E-5        1.006009
        3.558000           0.994481E-5        1.006701           0.799273E-5        1.006009
        3.560000           0.994540E-5        1.006701           0.799315E-5        1.006010
        3.562000           0.994599E-5        1.006701           0.799358E-5        1.006010
        3.564000           0.994659E-5        1.006701           0.799401E-5        1.006010
        3.566000           0.994718E-5        1.006701           0.799443E-5        1.006010
        3.568000           0.994777E-5        1.006702           0.799486E-5        1.006010
        3.570000           0.994837E-5        1.006702           0.799529E-5        1.006010
        3.572000           0.994896E-5        1.006702           0.799571E-5        1.006011
        3.574000           0.994955E-5        1.006702           0.799614E-5        1.006011
        3.576000           0.995015E-5        1.006702           0.799657E-5        1.006011
        3.578000           0.995074E-5        1.006703           0.799700E-5        1.006011
        3.580000           0.995133E-5        1.006703           0.799742E-5        1.006011
        3.582000           0.995193E-5        1.006703           0.799785E-5        1.006011
        3.584000           0.995252E-5        1.006703           0.799827E-5        1.006011
        3.586000           0.995311E-5        1.006703           0.799870E-5        1.006012
        3.588000           0.995371E-5        1.006704           0.799913E-5        1.006012
        3.590000           0.995430E-5        1.006704           0.799956E-5        1.006012
        3.592000           0.995489E-5        1.006704           0.799998E-5        1.006012
        3.594000           0.995548E-5        1.006704           0.800041E-5        1.006012
        3.596000           0.995608E-5        1.006704           0.800084E-5        1.006012
        3.598000           0.995668E-5        1.006705           0.800127E-5        1.006013
        3.600000           0.995727E-5        1.006705           0.800169E-5        1.006013
        3.602000           0.995786E-5        1.006705           0.800212E-5        1.006013
        3.604000           0.995846E-5        1.006705           0.800255E-5        1.006013
        3.605999           0.995905E-5        1.006705           0.800298E-5        1.006013
        3.608000           0.995964E-5        1.006706           0.800341E-5        1.006013
        3.610000           0.996024E-5        1.006706           0.800383E-5        1.006014
        3.612000           0.996083E-5        1.006706           0.800426E-5        1.006014
        3.614000           0.996142E-5        1.006706           0.800469E-5        1.006014
        3.615999           0.996202E-5        1.006706           0.800511E-5        1.006014
        3.618000           0.996261E-5        1.006707           0.800554E-5        1.006014
        3.620000           0.996321E-5        1.006707           0.800597E-5        1.006014
        3.622000           0.996380E-5        1.006707           0.800639E-5        1.006014
        3.624000           0.996439E-5        1.006707           0.800683E-5        1.006015
        3.625999           0.996499E-5        1.006707           0.800725E-5        1.006015
        3.628000           0.996558E-5        1.006708           0.800768E-5        1.006015
        3.630000           0.996618E-5        1.006708           0.800810E-5        1.006015
        3.632000           0.996677E-5        1.006708           0.800853E-5        1.006015
        3.634000           0.996737E-5        1.006708           0.800896E-5        1.006015
        3.636000           0.996796E-5        1.006708           0.800939E-5        1.006016
        3.638000           0.996855E-5        1.006709           0.800982E-5        1.006016
        3.640000           0.996915E-5        1.006709           0.801024E-5        1.006016
        3.642000           0.996975E-5        1.006709           0.801067E-5        1.006016
        3.644000           0.997034E-5        1.006709           0.801110E-5        1.006016
        3.646000           0.997094E-5        1.006709           0.801153E-5        1.006016
        3.648000           0.997153E-5        1.006710           0.801196E-5        1.006017
        3.650000           0.997212E-5        1.006710           0.801238E-5        1.006017
        3.652000           0.997272E-5        1.006710           0.801282E-5        1.006017
        3.654000           0.997332E-5        1.006710           0.801324E-5        1.006017
        3.656000           0.997391E-5        1.006710           0.801367E-5        1.006017
        3.658000           0.997451E-5        1.006711           0.801410E-5        1.006017
        3.660000           0.997510E-5        1.006711           0.801453E-5        1.006018
        3.662000           0.997570E-5        1.006711           0.801495E-5        1.006018
        3.664000           0.997629E-5        1.006711           0.801538E-5        1.006018
        3.666000           0.997689E-5        1.006711           0.801581E-5        1.006018
        3.668000           0.997748E-5        1.006712           0.801624E-5        1.006018
        3.670000           0.997808E-5        1.006712           0.801667E-5        1.006018
        3.672000           0.997867E-5        1.006712           0.801710E-5        1.006019
        3.674000           0.997927E-5        1.006712           0.801753E-5        1.006019
        3.676000           0.997987E-5        1.006712           0.801796E-5        1.006019
        3.678000           0.998046E-5        1.006713           0.801838E-5        1.006019
        3.680000           0.998106E-5        1.006713           0.801881E-5        1.006019
        3.682000           0.998165E-5        1.006713           0.801924E-5        1.006019
        3.684000           0.998225E-5        1.006713           0.801967E-5        1.006019
        3.686000           0.998284E-5        1.006713           0.802010E-5        1.006020
        3.688000           0.998344E-5        1.006714           0.802053E-5        1.006020
        3.690000           0.998404E-5        1.006714           0.802095E-5        1.006020
        3.692000           0.998463E-5        1.006714           0.802138E-5        1.006020
        3.694000           0.998523E-5        1.006714           0.802181E-5        1.006020
        3.696000           0.998583E-5        1.006714           0.802224E-5        1.006020
        3.698000           0.998642E-5        1.006715           0.802267E-5        1.006021
        3.700000           0.998702E-5        1.006715           0.802310E-5        1.006021
        3.702000           0.998762E-5        1.006715           0.802353E-5        1.006021
        3.704000           0.998821E-5        1.006715           0.802396E-5        1.006021
        3.706000           0.998881E-5        1.006715           0.802439E-5        1.006021
        3.708000           0.998940E-5        1.006716           0.802482E-5        1.006021
        3.710000           0.999000E-5        1.006716           0.802524E-5        1.006021
        3.712000           0.999060E-5        1.006716           0.802568E-5        1.006022
        3.714000           0.999119E-5        1.006716           0.802610E-5        1.006022
        3.716000           0.999179E-5        1.006716           0.802654E-5        1.006022
        3.717999           0.999239E-5        1.006717           0.802696E-5        1.006022
        3.720000           0.999298E-5        1.006717           0.802739E-5        1.006022
        3.722000           0.999358E-5        1.006717           0.802782E-5        1.006023
        3.724000           0.999418E-5        1.006717           0.802825E-5        1.006023
        3.726000           0.999478E-5        1.006717           0.802868E-5        1.006023
        3.727999           0.999537E-5        1.006718           0.802911E-5        1.006023
        3.730000           0.999597E-5        1.006718           0.802954E-5        1.006023
        3.732000           0.999657E-5        1.006718           0.802997E-5        1.006023
        3.734000           0.999716E-5        1.006718           0.803040E-5        1.006024
        3.736000           0.999776E-5        1.006718           0.803083E-5        1.006024
        3.737999           0.999836E-5        1.006719           0.803126E-5        1.006024
        3.740000           0.999895E-5        1.006719           0.803169E-5        1.006024
        3.742000           0.999955E-5        1.006719           0.803212E-5        1.006024
        3.744000           0.100002E-4        1.006719           0.803255E-5        1.006024
        3.746000           0.100007E-4        1.006719           0.803298E-5        1.006024
        3.748000           0.100013E-4        1.006720           0.803341E-5        1.006025
        3.750000           0.100019E-4        1.006720           0.803384E-5        1.006025
        3.752000           0.100025E-4        1.006720           0.803427E-5        1.006025
        3.754000           0.100031E-4        1.006720           0.803469E-5        1.006025
        3.756000           0.100037E-4        1.006720           0.803512E-5        1.006025
        3.758000           0.100043E-4        1.006721           0.803556E-5        1.006025
        3.760000           0.100049E-4        1.006721           0.803599E-5        1.006026
        3.762000           0.100055E-4        1.006721           0.803642E-5        1.006026
        3.764000           0.100061E-4        1.006721           0.803685E-5        1.006026
        3.766000           0.100067E-4        1.006721           0.803727E-5        1.006026
        3.768000           0.100073E-4        1.006722           0.803771E-5        1.006026
        3.770000           0.100079E-4        1.006722           0.803814E-5        1.006026
        3.772000           0.100085E-4        1.006722           0.803857E-5        1.006027
        3.774000           0.100091E-4        1.006722           0.803900E-5        1.006027
        3.776000           0.100097E-4        1.006722           0.803943E-5        1.006027
        3.778000           0.100103E-4        1.006723           0.803986E-5        1.006027
        3.780000           0.100109E-4        1.006723           0.804029E-5        1.006027
        3.782000           0.100115E-4        1.006723           0.804072E-5        1.006027
        3.784000           0.100121E-4        1.006723           0.804115E-5        1.006027
        3.786000           0.100127E-4        1.006723           0.804158E-5        1.006028
        3.788000           0.100133E-4        1.006724           0.804201E-5        1.006028
        3.790000           0.100139E-4        1.006724           0.804244E-5        1.006028
        3.792000           0.100145E-4        1.006724           0.804287E-5        1.006028
        3.794000           0.100151E-4        1.006724           0.804330E-5        1.006028
        3.796000           0.100157E-4        1.006724           0.804373E-5        1.006028
        3.798000           0.100163E-4        1.006725           0.804416E-5        1.006029
        3.800000           0.100169E-4        1.006725           0.804459E-5        1.006029
        3.802000           0.100175E-4        1.006725           0.804502E-5        1.006029
        3.804000           0.100181E-4        1.006725           0.804546E-5        1.006029
        3.806000           0.100187E-4        1.006725           0.804589E-5        1.006029
        3.808000           0.100193E-4        1.006726           0.804632E-5        1.006029
        3.810000           0.100199E-4        1.006726           0.804675E-5        1.006030
        3.812000           0.100205E-4        1.006726           0.804718E-5        1.006030
        3.814000           0.100211E-4        1.006726           0.804761E-5        1.006030
        3.816000           0.100217E-4        1.006726           0.804804E-5        1.006030
        3.818000           0.100223E-4        1.006727           0.804847E-5        1.006030
        3.820000           0.100229E-4        1.006727           0.804891E-5        1.006030
        3.822000           0.100235E-4        1.006727           0.804934E-5        1.006031
        3.824000           0.100241E-4        1.006727           0.804977E-5        1.006031
        3.826000           0.100247E-4        1.006727           0.805020E-5        1.006031
        3.828000           0.100253E-4        1.006728           0.805063E-5        1.006031
        3.830000           0.100259E-4        1.006728           0.805106E-5        1.006031
        3.832000           0.100265E-4        1.006728           0.805149E-5        1.006031
        3.834000           0.100271E-4        1.006728           0.805192E-5        1.006032
        3.836000           0.100277E-4        1.006728           0.805235E-5        1.006032
        3.838000           0.100283E-4        1.006729           0.805278E-5        1.006032
        3.839999           0.100289E-4        1.006729           0.805322E-5        1.006032
        3.842000           0.100295E-4        1.006729           0.805365E-5        1.006032
        3.844000           0.100301E-4        1.006729           0.805408E-5        1.006032
        3.846000           0.100307E-4        1.006729           0.805451E-5        1.006032
        3.848000           0.100313E-4        1.006730           0.805494E-5        1.006033
        3.849999           0.100319E-4        1.006730           0.805537E-5        1.006033
        3.852000           0.100325E-4        1.006730           0.805581E-5        1.006033
        3.854000           0.100331E-4        1.006730           0.805623E-5        1.006033
        3.856000           0.100337E-4        1.006730           0.805667E-5        1.006033
        3.858000           0.100343E-4        1.006731           0.805710E-5        1.006033
        3.860000           0.100349E-4        1.006731           0.805753E-5        1.006034
        3.862000           0.100355E-4        1.006731           0.805796E-5        1.006034
        3.864000           0.100361E-4        1.006731           0.805840E-5        1.006034
        3.866000           0.100367E-4        1.006731           0.805882E-5        1.006034
        3.868000           0.100373E-4        1.006732           0.805926E-5        1.006034
        3.870000           0.100379E-4        1.006732           0.805969E-5        1.006034
        3.872000           0.100385E-4        1.006732           0.806012E-5        1.006035
        3.874000           0.100391E-4        1.006732           0.806056E-5        1.006035
        3.876000           0.100397E-4        1.006732           0.806099E-5        1.006035
        3.878000           0.100403E-4        1.006733           0.806142E-5        1.006035
        3.880000           0.100409E-4        1.006733           0.806185E-5        1.006035
        3.882000           0.100415E-4        1.006733           0.806228E-5        1.006035
        3.884000           0.100421E-4        1.006733           0.806272E-5        1.006036
        3.886000           0.100427E-4        1.006733           0.806315E-5        1.006036
        3.888000           0.100433E-4        1.006734           0.806358E-5        1.006036
        3.890000           0.100439E-4        1.006734           0.806401E-5        1.006036
        3.892000           0.100445E-4        1.006734           0.806444E-5        1.006036
        3.894000           0.100451E-4        1.006734           0.806488E-5        1.006036
        3.896000           0.100457E-4        1.006734           0.806531E-5        1.006037
        3.898000           0.100463E-4        1.006735           0.806574E-5        1.006037
        3.900000           0.100469E-4        1.006735           0.806617E-5        1.006037
        3.902000           0.100475E-4        1.006735           0.806661E-5        1.006037
        3.904000           0.100481E-4        1.006735           0.806704E-5        1.006037
        3.906000           0.100487E-4        1.006735           0.806748E-5        1.006037
        3.908000           0.100493E-4        1.006736           0.806791E-5        1.006037
        3.910000           0.100499E-4        1.006736           0.806834E-5        1.006038
        3.912000           0.100505E-4        1.006736           0.806877E-5        1.006038
        3.914000           0.100511E-4        1.006736           0.806920E-5        1.006038
        3.916000           0.100517E-4        1.006736           0.806964E-5        1.006038
        3.918000           0.100523E-4        1.006737           0.807007E-5        1.006038
        3.920000           0.100529E-4        1.006737           0.807050E-5        1.006038
        3.922000           0.100535E-4        1.006737           0.807094E-5        1.006039
        3.924000           0.100541E-4        1.006737           0.807136E-5        1.006039
        3.926000           0.100547E-4        1.006737           0.807180E-5        1.006039
        3.928000           0.100554E-4        1.006738           0.807223E-5        1.006039
        3.930000           0.100560E-4        1.006738           0.807267E-5        1.006039
        3.932000           0.100566E-4        1.006738           0.807310E-5        1.006039
        3.934000           0.100572E-4        1.006738           0.807353E-5        1.006040
        3.936000           0.100578E-4        1.006738           0.807397E-5        1.006040
        3.938000           0.100584E-4        1.006739           0.807440E-5        1.006040
        3.940000           0.100590E-4        1.006739           0.807483E-5        1.006040
        3.942000           0.100596E-4        1.006739           0.807526E-5        1.006040
        3.944000           0.100602E-4        1.006739           0.807570E-5        1.006040
        3.946000           0.100608E-4        1.006739           0.807613E-5        1.006041
        3.948000           0.100614E-4        1.006740           0.807656E-5        1.006041
        3.950000           0.100620E-4        1.006740           0.807700E-5        1.006041
        3.951999           0.100626E-4        1.006740           0.807743E-5        1.006041
        3.954000           0.100632E-4        1.006740           0.807786E-5        1.006041
        3.956000           0.100638E-4        1.006740           0.807830E-5        1.006041
        3.958000           0.100644E-4        1.006741           0.807873E-5        1.006042
        3.960000           0.100650E-4        1.006741           0.807917E-5        1.006042
        3.961999           0.100656E-4        1.006741           0.807959E-5        1.006042
        3.964000           0.100662E-4        1.006741           0.808003E-5        1.006042
        3.966000           0.100668E-4        1.006741           0.808047E-5        1.006042
        3.968000           0.100674E-4        1.006742           0.808090E-5        1.006042
        3.970000           0.100680E-4        1.006742           0.808133E-5        1.006042
        3.972000           0.100686E-4        1.006742           0.808177E-5        1.006043
        3.974000           0.100692E-4        1.006742           0.808220E-5        1.006043
        3.976000           0.100698E-4        1.006742           0.808264E-5        1.006043
        3.978000           0.100704E-4        1.006743           0.808307E-5        1.006043
        3.980000           0.100710E-4        1.006743           0.808351E-5        1.006043
        3.982000           0.100716E-4        1.006743           0.808394E-5        1.006043
        3.984000           0.100722E-4        1.006743           0.808437E-5        1.006044
        3.986000           0.100728E-4        1.006743           0.808480E-5        1.006044
        3.988000           0.100735E-4        1.006744           0.808524E-5        1.006044
        3.990000           0.100741E-4        1.006744           0.808567E-5        1.006044
        3.992000           0.100747E-4        1.006744           0.808610E-5        1.006044
        3.994000           0.100753E-4        1.006744           0.808654E-5        1.006044
        3.996000           0.100759E-4        1.006745           0.808697E-5        1.006045
        3.998000           0.100765E-4        1.006745           0.808741E-5        1.006045
        4.000000           0.100771E-4        1.006745           0.808784E-5        1.006045
        4.002000           0.100777E-4        1.006745           0.808828E-5        1.006045
        4.004000           0.100783E-4        1.006745           0.808871E-5        1.006045
        4.006000           0.100789E-4        1.006745           0.808914E-5        1.006045
        4.008000           0.100795E-4        1.006746           0.808958E-5        1.006046
        4.010000           0.100801E-4        1.006746           0.809002E-5        1.006046
        4.012000           0.100807E-4        1.006746           0.809045E-5        1.006046
        4.013999           0.100813E-4        1.006746           0.809088E-5        1.006046
        4.016000           0.100819E-4        1.006747           0.809132E-5        1.006046
        4.018000           0.100825E-4        1.006747           0.809175E-5        1.006046
        4.020000           0.100831E-4        1.006747           0.809219E-5        1.006047
        4.022000           0.100837E-4        1.006747           0.809261E-5        1.006047
        4.024000           0.100843E-4        1.006747           0.809306E-5        1.006047
        4.026000           0.100849E-4        1.006747           0.809349E-5        1.006047
        4.028000           0.100855E-4        1.006748           0.809392E-5        1.006047
        4.030000           0.100862E-4        1.006748           0.809436E-5        1.006047
        4.032000           0.100868E-4        1.006748           0.809480E-5        1.006047
        4.033999           0.100874E-4        1.006748           0.809523E-5        1.006048
        4.036000           0.100880E-4        1.006748           0.809566E-5        1.006048
        4.038000           0.100886E-4        1.006749           0.809610E-5        1.006048
        4.040000           0.100892E-4        1.006749           0.809654E-5        1.006048
        4.042000           0.100898E-4        1.006749           0.809697E-5        1.006048
        4.044000           0.100904E-4        1.006749           0.809740E-5        1.006048
        4.046000           0.100910E-4        1.006750           0.809784E-5        1.006049
        4.048000           0.100916E-4        1.006750           0.809828E-5        1.006049
        4.050000           0.100922E-4        1.006750           0.809871E-5        1.006049
        4.052000           0.100928E-4        1.006750           0.809914E-5        1.006049
        4.053999           0.100934E-4        1.006750           0.809958E-5        1.006049
        4.056000           0.100940E-4        1.006750           0.810002E-5        1.006049
        4.058000           0.100946E-4        1.006751           0.810045E-5        1.006050
        4.060000           0.100952E-4        1.006751           0.810089E-5        1.006050
        4.062000           0.100958E-4        1.006751           0.810132E-5        1.006050
        4.064000           0.100964E-4        1.006751           0.810176E-5        1.006050
        4.066000           0.100971E-4        1.006752           0.810219E-5        1.006050
        4.068000           0.100977E-4        1.006752           0.810263E-5        1.006050
        4.070000           0.100983E-4        1.006752           0.810306E-5        1.006051
        4.072000           0.100989E-4        1.006752           0.810350E-5        1.006051
        4.073999           0.100995E-4        1.006752           0.810393E-5        1.006051
        4.076000           0.101001E-4        1.006752           0.810437E-5        1.006051
        4.078000           0.101007E-4        1.006753           0.810481E-5        1.006051
        4.080000           0.101013E-4        1.006753           0.810524E-5        1.006051
        4.082000           0.101019E-4        1.006753           0.810567E-5        1.006052
        4.084000           0.101025E-4        1.006753           0.810611E-5        1.006052
        4.085999           0.101031E-4        1.006754           0.810655E-5        1.006052
        4.087999           0.101037E-4        1.006754           0.810698E-5        1.006052
        4.090000           0.101043E-4        1.006754           0.810742E-5        1.006052
        4.092000           0.101049E-4        1.006754           0.810786E-5        1.006052
        4.094000           0.101055E-4        1.006754           0.810829E-5        1.006052
        4.096000           0.101062E-4        1.006755           0.810872E-5        1.006053
        4.098000           0.101068E-4        1.006755           0.810916E-5        1.006053
        4.100000           0.101074E-4        1.006755           0.810960E-5        1.006053
        4.102000           0.101080E-4        1.006755           0.811003E-5        1.006053
        4.104000           0.101086E-4        1.006755           0.811047E-5        1.006053
        4.105999           0.101092E-4        1.006756           0.811090E-5        1.006053
        4.107999           0.101098E-4        1.006756           0.811134E-5        1.006054
        4.110000           0.101104E-4        1.006756           0.811178E-5        1.006054
        4.112000           0.101110E-4        1.006756           0.811221E-5        1.006054
        4.114000           0.101116E-4        1.006756           0.811265E-5        1.006054
        4.116000           0.101122E-4        1.006757           0.811309E-5        1.006054
        4.118000           0.101128E-4        1.006757           0.811352E-5        1.006055
        4.120000           0.101134E-4        1.006757           0.811396E-5        1.006055
        4.122000           0.101141E-4        1.006757           0.811439E-5        1.006055
        4.124000           0.101147E-4        1.006757           0.811483E-5        1.006055
        4.125999           0.101153E-4        1.006758           0.811527E-5        1.006055
        4.128000           0.101159E-4        1.006758           0.811570E-5        1.006055
        4.130000           0.101165E-4        1.006758           0.811614E-5        1.006055
        4.131999           0.101171E-4        1.006758           0.811658E-5        1.006056
        4.134000           0.101177E-4        1.006758           0.811702E-5        1.006056
        4.136000           0.101183E-4        1.006759           0.811745E-5        1.006056
        4.138000           0.101189E-4        1.006759           0.811789E-5        1.006056
        4.140000           0.101195E-4        1.006759           0.811832E-5        1.006056
        4.142000           0.101201E-4        1.006759           0.811876E-5        1.006056
        4.144000           0.101207E-4        1.006759           0.811920E-5        1.006057
        4.145999           0.101213E-4        1.006760           0.811963E-5        1.006057
        4.148000           0.101220E-4        1.006760           0.812007E-5        1.006057
        4.150000           0.101226E-4        1.006760           0.812051E-5        1.006057
        4.151999           0.101232E-4        1.006760           0.812095E-5        1.006057
        4.154000           0.101238E-4        1.006760           0.812138E-5        1.006057
        4.156000           0.101244E-4        1.006761           0.812182E-5        1.006058
        4.158000           0.101250E-4        1.006761           0.812226E-5        1.006058
        4.160000           0.101256E-4        1.006761           0.812269E-5        1.006058
        4.162000           0.101262E-4        1.006761           0.812313E-5        1.006058
        4.164000           0.101268E-4        1.006761           0.812357E-5        1.006058
        4.165999           0.101274E-4        1.006762           0.812401E-5        1.006058
        4.168000           0.101280E-4        1.006762           0.812444E-5        1.006059
        4.170000           0.101287E-4        1.006762           0.812488E-5        1.006059
        4.172000           0.101293E-4        1.006762           0.812532E-5        1.006059
        4.174000           0.101299E-4        1.006762           0.812575E-5        1.006059
        4.176000           0.101305E-4        1.006763           0.812619E-5        1.006059
        4.178000           0.101311E-4        1.006763           0.812663E-5        1.006059
        4.180000           0.101317E-4        1.006763           0.812707E-5        1.006060
        4.182000           0.101323E-4        1.006763           0.812750E-5        1.006060
        4.184000           0.101329E-4        1.006763           0.812794E-5        1.006060
        4.185999           0.101335E-4        1.006764           0.812838E-5        1.006060
        4.188000           0.101341E-4        1.006764           0.812881E-5        1.006060
        4.190000           0.101348E-4        1.006764           0.812925E-5        1.006060
        4.192000           0.101354E-4        1.006764           0.812969E-5        1.006060
        4.194000           0.101360E-4        1.006764           0.813013E-5        1.006061
        4.196000           0.101366E-4        1.006765           0.813057E-5        1.006061
        4.198000           0.101372E-4        1.006765           0.813100E-5        1.006061
        4.199999           0.101378E-4        1.006765           0.813144E-5        1.006061
        4.202000           0.101384E-4        1.006765           0.813188E-5        1.006061
        4.204000           0.101390E-4        1.006765           0.813232E-5        1.006061
        4.206000           0.101396E-4        1.006766           0.813276E-5        1.006062
        4.208000           0.101402E-4        1.006766           0.813319E-5        1.006062
        4.210000           0.101409E-4        1.006766           0.813363E-5        1.006062
        4.212000           0.101415E-4        1.006766           0.813407E-5        1.006062
        4.214000           0.101421E-4        1.006766           0.813451E-5        1.006062
        4.216000           0.101427E-4        1.006767           0.813494E-5        1.006062
        4.217999           0.101433E-4        1.006767           0.813538E-5        1.006063
        4.219999           0.101439E-4        1.006767           0.813582E-5        1.006063
        4.222000           0.101445E-4        1.006767           0.813626E-5        1.006063
        4.224000           0.101451E-4        1.006768           0.813670E-5        1.006063
        4.226000           0.101457E-4        1.006768           0.813714E-5        1.006063
        4.228000           0.101463E-4        1.006768           0.813757E-5        1.006063
        4.230000           0.101470E-4        1.006768           0.813801E-5        1.006064
        4.232000           0.101476E-4        1.006768           0.813845E-5        1.006064
        4.234000           0.101482E-4        1.006769           0.813889E-5        1.006064
        4.236000           0.101488E-4        1.006769           0.813933E-5        1.006064
        4.237999           0.101494E-4        1.006769           0.813976E-5        1.006064
        4.240000           0.101500E-4        1.006769           0.814020E-5        1.006064
        4.242000           0.101506E-4        1.006769           0.814064E-5        1.006065
        4.243999           0.101512E-4        1.006770           0.814108E-5        1.006065
        4.246000           0.101518E-4        1.006770           0.814152E-5        1.006065
        4.248000           0.101525E-4        1.006770           0.814196E-5        1.006065
        4.250000           0.101531E-4        1.006770           0.814240E-5        1.006065
        4.252000           0.101537E-4        1.006770           0.814284E-5        1.006065
        4.254000           0.101543E-4        1.006771           0.814327E-5        1.006065
        4.256000           0.101549E-4        1.006771           0.814371E-5        1.006066
        4.257999           0.101555E-4        1.006771           0.814415E-5        1.006066
        4.260000           0.101561E-4        1.006771           0.814459E-5        1.006066
        4.262000           0.101567E-4        1.006771           0.814503E-5        1.006066
        4.263999           0.101573E-4        1.006772           0.814547E-5        1.006066
        4.266000           0.101580E-4        1.006772           0.814591E-5        1.006067
        4.268000           0.101586E-4        1.006772           0.814635E-5        1.006067
        4.270000           0.101592E-4        1.006772           0.814679E-5        1.006067
        4.272000           0.101598E-4        1.006772           0.814722E-5        1.006067
        4.274000           0.101604E-4        1.006773           0.814766E-5        1.006067
        4.276000           0.101610E-4        1.006773           0.814810E-5        1.006067
        4.277999           0.101616E-4        1.006773           0.814854E-5        1.006068
        4.280000           0.101622E-4        1.006773           0.814898E-5        1.006068
        4.282000           0.101629E-4        1.006773           0.814942E-5        1.006068
        4.284000           0.101635E-4        1.006774           0.814986E-5        1.006068
        4.286000           0.101641E-4        1.006774           0.815030E-5        1.006068
        4.288000           0.101647E-4        1.006774           0.815074E-5        1.006068
        4.290000           0.101653E-4        1.006774           0.815117E-5        1.006068
        4.292000           0.101659E-4        1.006774           0.815162E-5        1.006069
        4.294000           0.101665E-4        1.006775           0.815205E-5        1.006069
        4.296000           0.101671E-4        1.006775           0.815250E-5        1.006069
        4.297999           0.101678E-4        1.006775           0.815294E-5        1.006069
        4.300000           0.101684E-4        1.006775           0.815337E-5        1.006069
        4.302000           0.101690E-4        1.006775           0.815381E-5        1.006069
        4.304000           0.101696E-4        1.006776           0.815425E-5        1.006070
        4.306000           0.101702E-4        1.006776           0.815469E-5        1.006070
        4.308000           0.101708E-4        1.006776           0.815513E-5        1.006070
        4.310000           0.101714E-4        1.006776           0.815557E-5        1.006070
        4.311999           0.101720E-4        1.006776           0.815601E-5        1.006070
        4.314000           0.101727E-4        1.006777           0.815645E-5        1.006070
        4.316000           0.101733E-4        1.006777           0.815689E-5        1.006071
        4.318000           0.101739E-4        1.006777           0.815733E-5        1.006071
        4.320000           0.101745E-4        1.006777           0.815777E-5        1.006071
        4.322000           0.101751E-4        1.006778           0.815821E-5        1.006071
        4.324000           0.101757E-4        1.006778           0.815865E-5        1.006071
        4.326000           0.101763E-4        1.006778           0.815909E-5        1.006071
        4.328000           0.101770E-4        1.006778           0.815953E-5        1.006072
        4.329999           0.101776E-4        1.006778           0.815997E-5        1.006072
        4.331999           0.101782E-4        1.006778           0.816041E-5        1.006072
        4.334000           0.101788E-4        1.006779           0.816085E-5        1.006072
        4.335999           0.101794E-4        1.006779           0.816129E-5        1.006072
        4.338000           0.101800E-4        1.006779           0.816173E-5        1.006072
        4.340000           0.101806E-4        1.006779           0.816217E-5        1.006073
        4.342000           0.101812E-4        1.006780           0.816261E-5        1.006073
        4.344000           0.101819E-4        1.006780           0.816306E-5        1.006073
        4.346000           0.101825E-4        1.006780           0.816349E-5        1.006073
        4.348000           0.101831E-4        1.006780           0.816393E-5        1.006073
        4.349999           0.101837E-4        1.006780           0.816437E-5        1.006073
        4.352000           0.101843E-4        1.006781           0.816481E-5        1.006073
        4.354000           0.101849E-4        1.006781           0.816525E-5        1.006074
        4.355999           0.101855E-4        1.006781           0.816569E-5        1.006074
        4.358000           0.101862E-4        1.006781           0.816613E-5        1.006074
        4.360000           0.101868E-4        1.006781           0.816658E-5        1.006074
        4.362000           0.101874E-4        1.006782           0.816702E-5        1.006074
        4.364000           0.101880E-4        1.006782           0.816746E-5        1.006075
        4.366000           0.101886E-4        1.006782           0.816790E-5        1.006075
        4.368000           0.101892E-4        1.006782           0.816834E-5        1.006075
        4.369999           0.101898E-4        1.006782           0.816878E-5        1.006075
        4.372000           0.101905E-4        1.006783           0.816922E-5        1.006075
        4.374000           0.101911E-4        1.006783           0.816966E-5        1.006075
        4.375999           0.101917E-4        1.006783           0.817010E-5        1.006076
        4.378000           0.101923E-4        1.006783           0.817054E-5        1.006076
        4.380000           0.101929E-4        1.006783           0.817098E-5        1.006076
        4.382000           0.101935E-4        1.006784           0.817143E-5        1.006076
        4.384000           0.101942E-4        1.006784           0.817187E-5        1.006076
        4.386000           0.101948E-4        1.006784           0.817231E-5        1.006076
        4.388000           0.101954E-4        1.006784           0.817275E-5        1.006076
        4.389999           0.101960E-4        1.006784           0.817319E-5        1.006077
        4.392000           0.101966E-4        1.006785           0.817363E-5        1.006077
        4.394000           0.101972E-4        1.006785           0.817407E-5        1.006077
        4.396000           0.101978E-4        1.006785           0.817451E-5        1.006077
        4.398000           0.101985E-4        1.006785           0.817495E-5        1.006077
        4.400000           0.101991E-4        1.006785           0.817539E-5        1.006077
        4.402000           0.101997E-4        1.006786           0.817584E-5        1.006078
        4.404000           0.102003E-4        1.006786           0.817628E-5        1.006078
        4.406000           0.102009E-4        1.006786           0.817672E-5        1.006078
        4.408000           0.102015E-4        1.006786           0.817716E-5        1.006078
        4.409999           0.102022E-4        1.006786           0.817760E-5        1.006078
        4.412000           0.102028E-4        1.006787           0.817804E-5        1.006078
        4.414000           0.102034E-4        1.006787           0.817848E-5        1.006079
        4.416000           0.102040E-4        1.006787           0.817893E-5        1.006079
        4.418000           0.102046E-4        1.006787           0.817937E-5        1.006079
        4.420000           0.102052E-4        1.006787           0.817981E-5        1.006079
        4.422000           0.102058E-4        1.006788           0.818025E-5        1.006079
        4.423999           0.102065E-4        1.006788           0.818069E-5        1.006079
        4.426000           0.102071E-4        1.006788           0.818113E-5        1.006080
        4.427999           0.102077E-4        1.006788           0.818158E-5        1.006080
        4.430000           0.102083E-4        1.006788           0.818202E-5        1.006080
        4.432000           0.102089E-4        1.006789           0.818246E-5        1.006080
        4.434000           0.102095E-4        1.006789           0.818290E-5        1.006080
        4.436000           0.102102E-4        1.006789           0.818335E-5        1.006080
        4.438000           0.102108E-4        1.006789           0.818379E-5        1.006081
        4.440000           0.102114E-4        1.006789           0.818423E-5        1.006081
        4.441999           0.102120E-4        1.006790           0.818467E-5        1.006081
        4.443999           0.102126E-4        1.006790           0.818511E-5        1.006081
        4.446000           0.102132E-4        1.006790           0.818555E-5        1.006081
        4.447999           0.102139E-4        1.006790           0.818600E-5        1.006081
        4.450000           0.102145E-4        1.006791           0.818644E-5        1.006082
        4.452000           0.102151E-4        1.006791           0.818688E-5        1.006082
        4.454000           0.102157E-4        1.006791           0.818732E-5        1.006082
        4.456000           0.102163E-4        1.006791           0.818777E-5        1.006082
        4.458000           0.102169E-4        1.006791           0.818821E-5        1.006082
        4.460000           0.102176E-4        1.006792           0.818865E-5        1.006082
        4.461999           0.102182E-4        1.006792           0.818909E-5        1.006083
        4.464000           0.102188E-4        1.006792           0.818953E-5        1.006083
        4.466000           0.102194E-4        1.006792           0.818998E-5        1.006083
        4.467999           0.102200E-4        1.006792           0.819042E-5        1.006083
        4.470000           0.102207E-4        1.006793           0.819086E-5        1.006083
        4.472000           0.102213E-4        1.006793           0.819130E-5        1.006083
        4.474000           0.102219E-4        1.006793           0.819175E-5        1.006083
        4.476000           0.102225E-4        1.006793           0.819219E-5        1.006084
        4.478000           0.102231E-4        1.006793           0.819263E-5        1.006084
        4.480000           0.102237E-4        1.006794           0.819308E-5        1.006084
        4.481999           0.102244E-4        1.006794           0.819352E-5        1.006084
        4.484000           0.102250E-4        1.006794           0.819396E-5        1.006084
        4.486000           0.102256E-4        1.006794           0.819440E-5        1.006084
        4.487999           0.102262E-4        1.006794           0.819485E-5        1.006085
        4.490000           0.102268E-4        1.006795           0.819529E-5        1.006085
        4.492000           0.102274E-4        1.006795           0.819573E-5        1.006085
        4.494000           0.102281E-4        1.006795           0.819618E-5        1.006085
        4.496000           0.102287E-4        1.006795           0.819662E-5        1.006085
        4.498000           0.102293E-4        1.006795           0.819706E-5        1.006086
        4.500000           0.102299E-4        1.006796           0.819751E-5        1.006086
        4.501999           0.102305E-4        1.006796           0.819795E-5        1.006086
        4.504000           0.102312E-4        1.006796           0.819839E-5        1.006086
        4.506000           0.102318E-4        1.006796           0.819884E-5        1.006086
        4.508000           0.102324E-4        1.006796           0.819928E-5        1.006086
        4.510000           0.102330E-4        1.006797           0.819972E-5        1.006086
        4.512000           0.102336E-4        1.006797           0.820017E-5        1.006087
        4.514000           0.102342E-4        1.006797           0.820061E-5        1.006087
        4.516000           0.102349E-4        1.006797           0.820105E-5        1.006087
        4.518000           0.102355E-4        1.006797           0.820150E-5        1.006087
        4.520000           0.102361E-4        1.006798           0.820194E-5        1.006087
        4.521999           0.102367E-4        1.006798           0.820238E-5        1.006087
        4.524000           0.102373E-4        1.006798           0.820283E-5        1.006088
        4.526000           0.102380E-4        1.006798           0.820327E-5        1.006088
        4.528000           0.102386E-4        1.006799           0.820371E-5        1.006088
        4.530000           0.102392E-4        1.006799           0.820416E-5        1.006088
        4.532000           0.102398E-4        1.006799           0.820460E-5        1.006088
        4.534000           0.102404E-4        1.006799           0.820504E-5        1.006088
        4.535999           0.102411E-4        1.006799           0.820549E-5        1.006089
        4.538000           0.102417E-4        1.006799           0.820593E-5        1.006089
        4.539999           0.102423E-4        1.006800           0.820638E-5        1.006089
        4.542000           0.102429E-4        1.006800           0.820682E-5        1.006089
        4.544000           0.102435E-4        1.006800           0.820726E-5        1.006089
        4.546000           0.102442E-4        1.006800           0.820771E-5        1.006089
        4.548000           0.102448E-4        1.006801           0.820815E-5        1.006090
        4.550000           0.102454E-4        1.006801           0.820860E-5        1.006090
        4.552000           0.102460E-4        1.006801           0.820904E-5        1.006090
        4.553999           0.102466E-4        1.006801           0.820949E-5        1.006090
        4.555999           0.102473E-4        1.006801           0.820993E-5        1.006090
        4.558000           0.102479E-4        1.006802           0.821037E-5        1.006090
        4.559999           0.102485E-4        1.006802           0.821082E-5        1.006091
        4.562000           0.102491E-4        1.006802           0.821126E-5        1.006091
        4.564000           0.102497E-4        1.006802           0.821171E-5        1.006091
        4.566000           0.102504E-4        1.006802           0.821215E-5        1.006091
        4.568000           0.102510E-4        1.006803           0.821259E-5        1.006091
        4.570000           0.102516E-4        1.006803           0.821304E-5        1.006091
        4.572000           0.102522E-4        1.006803           0.821348E-5        1.006092
        4.573999           0.102528E-4        1.006803           0.821392E-5        1.006092
        4.576000           0.102535E-4        1.006803           0.821437E-5        1.006092
        4.578000           0.102541E-4        1.006804           0.821481E-5        1.006092
        4.579999           0.102547E-4        1.006804           0.821526E-5        1.006092
        4.582000           0.102553E-4        1.006804           0.821571E-5        1.006092
        4.584000           0.102559E-4        1.006804           0.821615E-5        1.006093
        4.586000           0.102566E-4        1.006804           0.821659E-5        1.006093
        4.588000           0.102572E-4        1.006805           0.821704E-5        1.006093
        4.590000           0.102578E-4        1.006805           0.821748E-5        1.006093
        4.592000           0.102584E-4        1.006805           0.821793E-5        1.006093
        4.593999           0.102590E-4        1.006805           0.821837E-5        1.006093
        4.596000           0.102597E-4        1.006805           0.821882E-5        1.006094
        4.598000           0.102603E-4        1.006806           0.821926E-5        1.006094
        4.599999           0.102609E-4        1.006806           0.821971E-5        1.006094
        4.602000           0.102615E-4        1.006806           0.822015E-5        1.006094
        4.604000           0.102621E-4        1.006806           0.822060E-5        1.006094
        4.606000           0.102628E-4        1.006806           0.822104E-5        1.006094
        4.608000           0.102634E-4        1.006807           0.822149E-5        1.006094
        4.610000           0.102640E-4        1.006807           0.822193E-5        1.006095
        4.612000           0.102646E-4        1.006807           0.822238E-5        1.006095
        4.613999           0.102653E-4        1.006807           0.822282E-5        1.006095
        4.616000           0.102659E-4        1.006808           0.822327E-5        1.006095
        4.618000           0.102665E-4        1.006808           0.822371E-5        1.006095
        4.620000           0.102671E-4        1.006808           0.822416E-5        1.006096
        4.622000           0.102677E-4        1.006808           0.822461E-5        1.006096
        4.624000           0.102684E-4        1.006808           0.822505E-5        1.006096
        4.626000           0.102690E-4        1.006809           0.822550E-5        1.006096
        4.628000           0.102696E-4        1.006809           0.822594E-5        1.006096
        4.630000           0.102702E-4        1.006809           0.822639E-5        1.006096
        4.631999           0.102708E-4        1.006809           0.822683E-5        1.006096
        4.633999           0.102715E-4        1.006809           0.822727E-5        1.006097
        4.636000           0.102721E-4        1.006810           0.822772E-5        1.006097
        4.638000           0.102727E-4        1.006810           0.822816E-5        1.006097
        4.640000           0.102733E-4        1.006810           0.822862E-5        1.006097
        4.642000           0.102740E-4        1.006810           0.822906E-5        1.006097
        4.644000           0.102746E-4        1.006810           0.822950E-5        1.006097
        4.646000           0.102752E-4        1.006811           0.822995E-5        1.006098
        4.648000           0.102758E-4        1.006811           0.823040E-5        1.006098
        4.650000           0.102765E-4        1.006811           0.823084E-5        1.006098
        4.651999           0.102771E-4        1.006811           0.823129E-5        1.006098
        4.654000           0.102777E-4        1.006811           0.823173E-5        1.006098
        4.656000           0.102783E-4        1.006812           0.823218E-5        1.006098
        4.658000           0.102789E-4        1.006812           0.823263E-5        1.006099
        4.660000           0.102796E-4        1.006812           0.823307E-5        1.006099
        4.662000           0.102802E-4        1.006812           0.823352E-5        1.006099
        4.664000           0.102808E-4        1.006812           0.823396E-5        1.006099
        4.665999           0.102814E-4        1.006813           0.823441E-5        1.006099
        4.667999           0.102821E-4        1.006813           0.823485E-5        1.006099
        4.670000           0.102827E-4        1.006813           0.823530E-5        1.006100
        4.671999           0.102833E-4        1.006813           0.823574E-5        1.006100
        4.674000           0.102839E-4        1.006814           0.823619E-5        1.006100
        4.676000           0.102846E-4        1.006814           0.823664E-5        1.006100
        4.677999           0.102852E-4        1.006814           0.823709E-5        1.006100
        4.680000           0.102858E-4        1.006814           0.823753E-5        1.006100
        4.682000           0.102864E-4        1.006814           0.823798E-5        1.006101
        4.684000           0.102870E-4        1.006814           0.823842E-5        1.006101
        4.685999           0.102877E-4        1.006815           0.823887E-5        1.006101
        4.688000           0.102883E-4        1.006815           0.823932E-5        1.006101
        4.690000           0.102889E-4        1.006815           0.823977E-5        1.006101
        4.691999           0.102895E-4        1.006815           0.824021E-5        1.006101
        4.694000           0.102902E-4        1.006816           0.824066E-5        1.006102
        4.696000           0.102908E-4        1.006816           0.824111E-5        1.006102
        4.698000           0.102914E-4        1.006816           0.824155E-5        1.006102
        4.700000           0.102920E-4        1.006816           0.824200E-5        1.006102
        4.702000           0.102927E-4        1.006816           0.824244E-5        1.006102
        4.704000           0.102933E-4        1.006817           0.824289E-5        1.006102
        4.705999           0.102939E-4        1.006817           0.824334E-5        1.006103
        4.708000           0.102945E-4        1.006817           0.824379E-5        1.006103
        4.710000           0.102952E-4        1.006817           0.824423E-5        1.006103
        4.711999           0.102958E-4        1.006817           0.824468E-5        1.006103
        4.714000           0.102964E-4        1.006818           0.824513E-5        1.006103
        4.716000           0.102970E-4        1.006818           0.824557E-5        1.006103
        4.718000           0.102977E-4        1.006818           0.824602E-5        1.006104
        4.720000           0.102983E-4        1.006818           0.824647E-5        1.006104
        4.722000           0.102989E-4        1.006818           0.824691E-5        1.006104
        4.724000           0.102995E-4        1.006819           0.824736E-5        1.006104
        4.725999           0.103002E-4        1.006819           0.824781E-5        1.006104
        4.728000           0.103008E-4        1.006819           0.824825E-5        1.006104
        4.730000           0.103014E-4        1.006819           0.824870E-5        1.006105
        4.732000           0.103020E-4        1.006819           0.824915E-5        1.006105
        4.734000           0.103027E-4        1.006820           0.824960E-5        1.006105
        4.736000           0.103033E-4        1.006820           0.825005E-5        1.006105
        4.738000           0.103039E-4        1.006820           0.825049E-5        1.006105
        4.740000           0.103045E-4        1.006820           0.825094E-5        1.006105
        4.742000           0.103052E-4        1.006820           0.825139E-5        1.006106
        4.743999           0.103058E-4        1.006821           0.825184E-5        1.006106
        4.745999           0.103064E-4        1.006821           0.825228E-5        1.006106
        4.748000           0.103070E-4        1.006821           0.825273E-5        1.006106
        4.750000           0.103077E-4        1.006821           0.825318E-5        1.006106
        4.752000           0.103083E-4        1.006822           0.825363E-5        1.006106
        4.754000           0.103089E-4        1.006822           0.825407E-5        1.006106
        4.756000           0.103095E-4        1.006822           0.825452E-5        1.006107
        4.758000           0.103102E-4        1.006822           0.825497E-5        1.006107
        4.760000           0.103108E-4        1.006822           0.825542E-5        1.006107
        4.762000           0.103114E-4        1.006823           0.825587E-5        1.006107
        4.763999           0.103120E-4        1.006823           0.825631E-5        1.006107
        4.766000           0.103127E-4        1.006823           0.825676E-5        1.006108
        4.768000           0.103133E-4        1.006823           0.825721E-5        1.006108
        4.770000           0.103139E-4        1.006823           0.825765E-5        1.006108
        4.772000           0.103145E-4        1.006824           0.825810E-5        1.006108
        4.774000           0.103152E-4        1.006824           0.825855E-5        1.006108
        4.776000           0.103158E-4        1.006824           0.825900E-5        1.006108
        4.778000           0.103164E-4        1.006824           0.825945E-5        1.006109
        4.779999           0.103170E-4        1.006824           0.825990E-5        1.006109
        4.782000           0.103177E-4        1.006825           0.826034E-5        1.006109
        4.783999           0.103183E-4        1.006825           0.826079E-5        1.006109
        4.786000           0.103189E-4        1.006825           0.826124E-5        1.006109
        4.788000           0.103195E-4        1.006825           0.826169E-5        1.006109
        4.789999           0.103202E-4        1.006825           0.826214E-5        1.006109
        4.792000           0.103208E-4        1.006826           0.826259E-5        1.006110
        4.794000           0.103214E-4        1.006826           0.826303E-5        1.006110
        4.796000           0.103221E-4        1.006826           0.826348E-5        1.006110
        4.797999           0.103227E-4        1.006826           0.826393E-5        1.006110
        4.800000           0.103233E-4        1.006826           0.826438E-5        1.006110
        4.802000           0.103239E-4        1.006827           0.826483E-5        1.006111
        4.803999           0.103246E-4        1.006827           0.826528E-5        1.006111
        4.806000           0.103252E-4        1.006827           0.826572E-5        1.006111
        4.808000           0.103258E-4        1.006827           0.826618E-5        1.006111
        4.810000           0.103264E-4        1.006827           0.826663E-5        1.006111
        4.812000           0.103271E-4        1.006828           0.826707E-5        1.006111
        4.814000           0.103277E-4        1.006828           0.826752E-5        1.006112
        4.816000           0.103283E-4        1.006828           0.826797E-5        1.006112
        4.817999           0.103289E-4        1.006828           0.826842E-5        1.006112
        4.820000           0.103296E-4        1.006829           0.826887E-5        1.006112
        4.822000           0.103302E-4        1.006829           0.826932E-5        1.006112
        4.823999           0.103308E-4        1.006829           0.826977E-5        1.006112
        4.826000           0.103315E-4        1.006829           0.827022E-5        1.006112
        4.828000           0.103321E-4        1.006829           0.827067E-5        1.006113
        4.830000           0.103327E-4        1.006830           0.827111E-5        1.006113
        4.832000           0.103333E-4        1.006830           0.827157E-5        1.006113
        4.834000           0.103340E-4        1.006830           0.827201E-5        1.006113
        4.835999           0.103346E-4        1.006830           0.827246E-5        1.006113
        4.837999           0.103352E-4        1.006830           0.827291E-5        1.006113
        4.840000           0.103359E-4        1.006831           0.827336E-5        1.006114
        4.842000           0.103365E-4        1.006831           0.827381E-5        1.006114
        4.844000           0.103371E-4        1.006831           0.827426E-5        1.006114
        4.846000           0.103377E-4        1.006831           0.827471E-5        1.006114
        4.848000           0.103384E-4        1.006831           0.827516E-5        1.006114
        4.850000           0.103390E-4        1.006832           0.827561E-5        1.006114
        4.852000           0.103396E-4        1.006832           0.827606E-5        1.006115
        4.854000           0.103403E-4        1.006832           0.827651E-5        1.006115
        4.855999           0.103409E-4        1.006832           0.827696E-5        1.006115
        4.857999           0.103415E-4        1.006832           0.827741E-5        1.006115
        4.860000           0.103421E-4        1.006833           0.827786E-5        1.006115
        4.862000           0.103428E-4        1.006833           0.827831E-5        1.006115
        4.864000           0.103434E-4        1.006833           0.827875E-5        1.006116
        4.866000           0.103440E-4        1.006833           0.827920E-5        1.006116
        4.868000           0.103447E-4        1.006833           0.827965E-5        1.006116
        4.870000           0.103453E-4        1.006834           0.828011E-5        1.006116
        4.872000           0.103459E-4        1.006834           0.828056E-5        1.006116
        4.874000           0.103465E-4        1.006834           0.828101E-5        1.006116
        4.875999           0.103472E-4        1.006834           0.828146E-5        1.006117
        4.878000           0.103478E-4        1.006835           0.828191E-5        1.006117
        4.880000           0.103484E-4        1.006835           0.828235E-5        1.006117
        4.881999           0.103491E-4        1.006835           0.828280E-5        1.006117
        4.884000           0.103497E-4        1.006835           0.828325E-5        1.006117
        4.886000           0.103503E-4        1.006835           0.828370E-5        1.006117
        4.888000           0.103509E-4        1.006836           0.828415E-5        1.006118
        4.890000           0.103516E-4        1.006836           0.828460E-5        1.006118
        4.891999           0.103522E-4        1.006836           0.828506E-5        1.006118
        4.894000           0.103528E-4        1.006836           0.828551E-5        1.006118
        4.895999           0.103535E-4        1.006836           0.828596E-5        1.006118
        4.898000           0.103541E-4        1.006837           0.828640E-5        1.006118
        4.900000           0.103547E-4        1.006837           0.828685E-5        1.006119
        4.901999           0.103554E-4        1.006837           0.828731E-5        1.006119
        4.904000           0.103560E-4        1.006837           0.828776E-5        1.006119
        4.906000           0.103566E-4        1.006837           0.828821E-5        1.006119
        4.908000           0.103572E-4        1.006838           0.828866E-5        1.006119
        4.909999           0.103579E-4        1.006838           0.828911E-5        1.006119
        4.912000           0.103585E-4        1.006838           0.828956E-5        1.006120
        4.914000           0.103591E-4        1.006838           0.829001E-5        1.006120
        4.915999           0.103598E-4        1.006838           0.829046E-5        1.006120
        4.918000           0.103604E-4        1.006839           0.829091E-5        1.006120
        4.920000           0.103610E-4        1.006839           0.829136E-5        1.006120
        4.922000           0.103616E-4        1.006839           0.829181E-5        1.006120
        4.924000           0.103623E-4        1.006839           0.829227E-5        1.006121
        4.926000           0.103629E-4        1.006840           0.829272E-5        1.006121
        4.927999           0.103635E-4        1.006840           0.829316E-5        1.006121
        4.929999           0.103642E-4        1.006840           0.829362E-5        1.006121
        4.932000           0.103648E-4        1.006840           0.829407E-5        1.006121
        4.934000           0.103654E-4        1.006840           0.829452E-5        1.006121
        4.935999           0.103661E-4        1.006840           0.829497E-5        1.006122
        4.938000           0.103667E-4        1.006841           0.829542E-5        1.006122
        4.940000           0.103673E-4        1.006841           0.829587E-5        1.006122
        4.942000           0.103680E-4        1.006841           0.829632E-5        1.006122
        4.944000           0.103686E-4        1.006841           0.829677E-5        1.006122
        4.946000           0.103692E-4        1.006842           0.829723E-5        1.006122
        4.947999           0.103699E-4        1.006842           0.829768E-5        1.006123
        4.949999           0.103705E-4        1.006842           0.829813E-5        1.006123
        4.952000           0.103711E-4        1.006842           0.829858E-5        1.006123
        4.954000           0.103717E-4        1.006842           0.829903E-5        1.006123
        4.956000           0.103724E-4        1.006843           0.829949E-5        1.006123
        4.958000           0.103730E-4        1.006843           0.829993E-5        1.006123
        4.960000           0.103736E-4        1.006843           0.830039E-5        1.006124
        4.962000           0.103743E-4        1.006843           0.830084E-5        1.006124
        4.964000           0.103749E-4        1.006843           0.830129E-5        1.006124
        4.966000           0.103755E-4        1.006844           0.830174E-5        1.006124
        4.967999           0.103762E-4        1.006844           0.830219E-5        1.006124
        4.969999           0.103768E-4        1.006844           0.830264E-5        1.006124
        4.972000           0.103774E-4        1.006844           0.830309E-5        1.006125
        4.974000           0.103781E-4        1.006845           0.830355E-5        1.006125
        4.976000           0.103787E-4        1.006845           0.830400E-5        1.006125
        4.978000           0.103793E-4        1.006845           0.830445E-5        1.006125
        4.980000           0.103800E-4        1.006845           0.830490E-5        1.006125
        4.982000           0.103806E-4        1.006845           0.830536E-5        1.006125
        4.984000           0.103812E-4        1.006845           0.830581E-5        1.006126
        4.986000           0.103819E-4        1.006846           0.830626E-5        1.006126
        4.987999           0.103825E-4        1.006846           0.830671E-5        1.006126
        4.990000           0.103831E-4        1.006846           0.830717E-5        1.006126
        4.992000           0.103837E-4        1.006846           0.830761E-5        1.006126
        4.993999           0.103844E-4        1.006847           0.830807E-5        1.006126
        4.996000           0.103850E-4        1.006847           0.830852E-5        1.006127
        4.998000           0.103856E-4        1.006847           0.830897E-5        1.006127
        5.000000           0.103863E-4        1.006847           0.830942E-5        1.006127
        5.002000           0.103869E-4        1.006847           0.830988E-5        1.006127
        5.003999           0.103875E-4        1.006848           0.831033E-5        1.006127
        5.006000           0.103882E-4        1.006848           0.831078E-5        1.006127
        5.007999           0.103888E-4        1.006848           0.831123E-5        1.006128
        5.010000           0.103894E-4        1.006848           0.831169E-5        1.006128
        5.012000           0.103901E-4        1.006848           0.831214E-5        1.006128
        5.013999           0.103907E-4        1.006849           0.831259E-5        1.006128
        5.016000           0.103913E-4        1.006849           0.831304E-5        1.006128
        5.018000           0.103920E-4        1.006849           0.831350E-5        1.006128
        5.020000           0.103926E-4        1.006849           0.831395E-5        1.006129
        5.021999           0.103932E-4        1.006849           0.831440E-5        1.006129
        5.024000           0.103939E-4        1.006850           0.831485E-5        1.006129
        5.026000           0.103945E-4        1.006850           0.831531E-5        1.006129
        5.027999           0.103951E-4        1.006850           0.831576E-5        1.006129
        5.030000           0.103958E-4        1.006850           0.831622E-5        1.006129
        5.032000           0.103964E-4        1.006850           0.831666E-5        1.006130
        5.034000           0.103970E-4        1.006851           0.831712E-5        1.006130
        5.036000           0.103977E-4        1.006851           0.831757E-5        1.006130
        5.038000           0.103983E-4        1.006851           0.831802E-5        1.006130
        5.039999           0.103989E-4        1.006851           0.831848E-5        1.006130
        5.041999           0.103996E-4        1.006852           0.831893E-5        1.006130
        5.044000           0.104002E-4        1.006852           0.831938E-5        1.006131
        5.046000           0.104008E-4        1.006852           0.831984E-5        1.006131
        5.047999           0.104015E-4        1.006852           0.832029E-5        1.006131
        5.050000           0.104021E-4        1.006852           0.832074E-5        1.006131
        5.052000           0.104027E-4        1.006853           0.832120E-5        1.006131
        5.054000           0.104034E-4        1.006853           0.832165E-5        1.006131
        5.056000           0.104040E-4        1.006853           0.832210E-5        1.006132
        5.058000           0.104046E-4        1.006853           0.832256E-5        1.006132
        5.059999           0.104053E-4        1.006853           0.832301E-5        1.006132
        5.061999           0.104059E-4        1.006854           0.832347E-5        1.006132
        5.064000           0.104066E-4        1.006854           0.832391E-5        1.006132
        5.066000           0.104072E-4        1.006854           0.832437E-5        1.006132
        5.068000           0.104078E-4        1.006854           0.832482E-5        1.006133
        5.070000           0.104085E-4        1.006854           0.832528E-5        1.006133
        5.072000           0.104091E-4        1.006855           0.832573E-5        1.006133
        5.074000           0.104097E-4        1.006855           0.832618E-5        1.006133
        5.076000           0.104104E-4        1.006855           0.832663E-5        1.006133
        5.078000           0.104110E-4        1.006855           0.832709E-5        1.006133
        5.079999           0.104116E-4        1.006855           0.832755E-5        1.006134
        5.081999           0.104123E-4        1.006856           0.832800E-5        1.006134
        5.084000           0.104129E-4        1.006856           0.832845E-5        1.006134
        5.085999           0.104135E-4        1.006856           0.832890E-5        1.006134
        5.088000           0.104142E-4        1.006856           0.832936E-5        1.006134
        5.090000           0.104148E-4        1.006857           0.832981E-5        1.006134
        5.092000           0.104154E-4        1.006857           0.833027E-5        1.006135
        5.094000           0.104161E-4        1.006857           0.833072E-5        1.006135
        5.096000           0.104167E-4        1.006857           0.833117E-5        1.006135
        5.098000           0.104173E-4        1.006857           0.833163E-5        1.006135
        5.099999           0.104180E-4        1.006858           0.833208E-5        1.006135
        5.102000           0.104186E-4        1.006858           0.833253E-5        1.006135
        5.104000           0.104193E-4        1.006858           0.833299E-5        1.006136
        5.105999           0.104199E-4        1.006858           0.833345E-5        1.006136
        5.108000           0.104205E-4        1.006858           0.833390E-5        1.006136
        5.110000           0.104212E-4        1.006859           0.833435E-5        1.006136
        5.112000           0.104218E-4        1.006859           0.833480E-5        1.006136
        5.114000           0.104224E-4        1.006859           0.833526E-5        1.006136
        5.115999           0.104231E-4        1.006859           0.833572E-5        1.006137
        5.118000           0.104237E-4        1.006859           0.833617E-5        1.006137
        5.119999           0.104243E-4        1.006860           0.833663E-5        1.006137
        5.122000           0.104250E-4        1.006860           0.833708E-5        1.006137
        5.124000           0.104256E-4        1.006860           0.833753E-5        1.006137
        5.125999           0.104262E-4        1.006860           0.833799E-5        1.006137
        5.128000           0.104269E-4        1.006860           0.833845E-5        1.006138
        5.130000           0.104275E-4        1.006861           0.833890E-5        1.006138
        5.132000           0.104282E-4        1.006861           0.833935E-5        1.006138
        5.133999           0.104288E-4        1.006861           0.833981E-5        1.006138
        5.136000           0.104294E-4        1.006861           0.834026E-5        1.006138
        5.138000           0.104301E-4        1.006862           0.834072E-5        1.006138
        5.139999           0.104307E-4        1.006862           0.834117E-5        1.006139
        5.142000           0.104313E-4        1.006862           0.834163E-5        1.006139
        5.144000           0.104320E-4        1.006862           0.834208E-5        1.006139
        5.146000           0.104326E-4        1.006862           0.834254E-5        1.006139
        5.148000           0.104333E-4        1.006863           0.834299E-5        1.006139
        5.150000           0.104339E-4        1.006863           0.834345E-5        1.006139
        5.151999           0.104345E-4        1.006863           0.834390E-5        1.006140
        5.153999           0.104352E-4        1.006863           0.834435E-5        1.006140
        5.156000           0.104358E-4        1.006863           0.834481E-5        1.006140
        5.158000           0.104364E-4        1.006864           0.834527E-5        1.006140
        5.159999           0.104371E-4        1.006864           0.834572E-5        1.006140
        5.162000           0.104377E-4        1.006864           0.834618E-5        1.006140
        5.164000           0.104384E-4        1.006864           0.834663E-5        1.006141
        5.166000           0.104390E-4        1.006864           0.834709E-5        1.006141
        5.168000           0.104396E-4        1.006865           0.834755E-5        1.006141
        5.170000           0.104403E-4        1.006865           0.834800E-5        1.006141
        5.171999           0.104409E-4        1.006865           0.834846E-5        1.006141
        5.173999           0.104415E-4        1.006865           0.834891E-5        1.006141
        5.176000           0.104422E-4        1.006866           0.834936E-5        1.006142
        5.177999           0.104428E-4        1.006866           0.834982E-5        1.006142
        5.180000           0.104435E-4        1.006866           0.835028E-5        1.006142
        5.182000           0.104441E-4        1.006866           0.835073E-5        1.006142
        5.184000           0.104447E-4        1.006866           0.835118E-5        1.006142
        5.186000           0.104454E-4        1.006867           0.835164E-5        1.006142
        5.188000           0.104460E-4        1.006867           0.835210E-5        1.006143
        5.190000           0.104466E-4        1.006867           0.835256E-5        1.006143
        5.191999           0.104473E-4        1.006867           0.835301E-5        1.006143
        5.193999           0.104479E-4        1.006867           0.835347E-5        1.006143
        5.196000           0.104486E-4        1.006868           0.835392E-5        1.006143
        5.197999           0.104492E-4        1.006868           0.835438E-5        1.006143
        5.200000           0.104498E-4        1.006868           0.835484E-5        1.006144
        5.202000           0.104505E-4        1.006868           0.835529E-5        1.006144
        5.204000           0.104511E-4        1.006868           0.835575E-5        1.006144
        5.206000           0.104517E-4        1.006869           0.835620E-5        1.006144
        5.208000           0.104524E-4        1.006869           0.835666E-5        1.006144
        5.210000           0.104530E-4        1.006869           0.835711E-5        1.006144
        5.211999           0.104537E-4        1.006869           0.835757E-5        1.006145
        5.214000           0.104543E-4        1.006869           0.835802E-5        1.006145
        5.216000           0.104549E-4        1.006870           0.835848E-5        1.006145
        5.217999           0.104556E-4        1.006870           0.835894E-5        1.006145
        5.220000           0.104562E-4        1.006870           0.835940E-5        1.006145
        5.222000           0.104569E-4        1.006870           0.835985E-5        1.006145
        5.224000           0.104575E-4        1.006871           0.836031E-5        1.006146
        5.226000           0.104581E-4        1.006871           0.836076E-5        1.006146
        5.228000           0.104588E-4        1.006871           0.836122E-5        1.006146
        5.230000           0.104594E-4        1.006871           0.836168E-5        1.006146
        5.231999           0.104601E-4        1.006871           0.836214E-5        1.006146
        5.234000           0.104607E-4        1.006872           0.836259E-5        1.006146
        5.236000           0.104613E-4        1.006872           0.836305E-5        1.006147
        5.237999           0.104620E-4        1.006872           0.836351E-5        1.006147
        5.240000           0.104626E-4        1.006872           0.836396E-5        1.006147
        5.242000           0.104633E-4        1.006872           0.836442E-5        1.006147
        5.244000           0.104639E-4        1.006873           0.836488E-5        1.006147
        5.245999           0.104645E-4        1.006873           0.836533E-5        1.006147
        5.248000           0.104652E-4        1.006873           0.836579E-5        1.006148
        5.250000           0.104658E-4        1.006873           0.836625E-5        1.006148
        5.251999           0.104665E-4        1.006873           0.836670E-5        1.006148
        5.254000           0.104671E-4        1.006874           0.836716E-5        1.006148
        5.256000           0.104677E-4        1.006874           0.836762E-5        1.006148
        5.258000           0.104684E-4        1.006874           0.836807E-5        1.006148
        5.260000           0.104690E-4        1.006874           0.836853E-5        1.006149
        5.262000           0.104697E-4        1.006874           0.836898E-5        1.006149
        5.263999           0.104703E-4        1.006875           0.836945E-5        1.006149
        5.265999           0.104709E-4        1.006875           0.836990E-5        1.006149
        5.268000           0.104716E-4        1.006875           0.837036E-5        1.006149
        5.270000           0.104722E-4        1.006875           0.837082E-5        1.006149
        5.271999           0.104729E-4        1.006876           0.837127E-5        1.006150
        5.274000           0.104735E-4        1.006876           0.837173E-5        1.006150
        5.276000           0.104741E-4        1.006876           0.837219E-5        1.006150
        5.278000           0.104748E-4        1.006876           0.837264E-5        1.006150
        5.280000           0.104754E-4        1.006876           0.837310E-5        1.006150
        5.282000           0.104761E-4        1.006877           0.837356E-5        1.006150
        5.283999           0.104767E-4        1.006877           0.837402E-5        1.006151
        5.285999           0.104773E-4        1.006877           0.837448E-5        1.006151
        5.288000           0.104780E-4        1.006877           0.837493E-5        1.006151
        5.289999           0.104786E-4        1.006877           0.837539E-5        1.006151
        5.292000           0.104793E-4        1.006878           0.837585E-5        1.006151
        5.294000           0.104799E-4        1.006878           0.837631E-5        1.006151
        5.296000           0.104805E-4        1.006878           0.837676E-5        1.006152
        5.298000           0.104812E-4        1.006878           0.837722E-5        1.006152
        5.300000           0.104818E-4        1.006878           0.837768E-5        1.006152
        5.302000           0.104825E-4        1.006879           0.837814E-5        1.006152
        5.303999           0.104831E-4        1.006879           0.837859E-5        1.006152
        5.305999           0.104837E-4        1.006879           0.837905E-5        1.006152
        5.308000           0.104844E-4        1.006879           0.837951E-5        1.006153
        5.309999           0.104850E-4        1.006880           0.837997E-5        1.006153
        5.312000           0.104857E-4        1.006880           0.838043E-5        1.006153
        5.314000           0.104863E-4        1.006880           0.838088E-5        1.006153
        5.316000           0.104870E-4        1.006880           0.838135E-5        1.006153
        5.318000           0.104876E-4        1.006880           0.838181E-5        1.006153
        5.320000           0.104882E-4        1.006881           0.838226E-5        1.006154
        5.322000           0.104889E-4        1.006881           0.838272E-5        1.006154
        5.323999           0.104895E-4        1.006881           0.838318E-5        1.006154
        5.326000           0.104902E-4        1.006881           0.838364E-5        1.006154
        5.328000           0.104908E-4        1.006881           0.838409E-5        1.006154
        5.329999           0.104915E-4        1.006882           0.838455E-5        1.006154
        5.332000           0.104921E-4        1.006882           0.838501E-5        1.006155
        5.334000           0.104927E-4        1.006882           0.838547E-5        1.006155
        5.336000           0.104934E-4        1.006882           0.838593E-5        1.006155
        5.338000           0.104940E-4        1.006882           0.838639E-5        1.006155
        5.340000           0.104947E-4        1.006883           0.838685E-5        1.006155
        5.342000           0.104953E-4        1.006883           0.838730E-5        1.006155
        5.343999           0.104960E-4        1.006883           0.838776E-5        1.006156
        5.346000           0.104966E-4        1.006883           0.838822E-5        1.006156
        5.348000           0.104972E-4        1.006884           0.838868E-5        1.006156
        5.349999           0.104979E-4        1.006884           0.838914E-5        1.006156
        5.352000           0.104985E-4        1.006884           0.838960E-5        1.006156
        5.354000           0.104992E-4        1.006884           0.839006E-5        1.006156
        5.356000           0.104998E-4        1.006884           0.839051E-5        1.006157
        5.358000           0.105005E-4        1.006885           0.839097E-5        1.006157
        5.360000           0.105011E-4        1.006885           0.839143E-5        1.006157
        5.362000           0.105017E-4        1.006885           0.839189E-5        1.006157
        5.363999           0.105024E-4        1.006885           0.839235E-5        1.006157
        5.366000           0.105030E-4        1.006885           0.839281E-5        1.006158
        5.368000           0.105037E-4        1.006886           0.839327E-5        1.006158
        5.370000           0.105043E-4        1.006886           0.839373E-5        1.006158
        5.372000           0.105050E-4        1.006886           0.839419E-5        1.006158
        5.374000           0.105056E-4        1.006886           0.839465E-5        1.006158
        5.375999           0.105062E-4        1.006886           0.839510E-5        1.006158
        5.377999           0.105069E-4        1.006887           0.839556E-5        1.006158
        5.380000           0.105075E-4        1.006887           0.839603E-5        1.006159
        5.381999           0.105082E-4        1.006887           0.839648E-5        1.006159
        5.383999           0.105088E-4        1.006887           0.839695E-5        1.006159
        5.386000           0.105095E-4        1.006888           0.839740E-5        1.006159
        5.388000           0.105101E-4        1.006888           0.839786E-5        1.006159
        5.390000           0.105108E-4        1.006888           0.839832E-5        1.006159
        5.392000           0.105114E-4        1.006888           0.839878E-5        1.006160
        5.394000           0.105120E-4        1.006888           0.839924E-5        1.006160
        5.395999           0.105127E-4        1.006889           0.839970E-5        1.006160
        5.397999           0.105133E-4        1.006889           0.840016E-5        1.006160
        5.400000           0.105140E-4        1.006889           0.840062E-5        1.006160
        5.401999           0.105146E-4        1.006889           0.840108E-5        1.006160
        5.404000           0.105153E-4        1.006889           0.840154E-5        1.006161
        5.406000           0.105159E-4        1.006890           0.840200E-5        1.006161
        5.408000           0.105165E-4        1.006890           0.840246E-5        1.006161
        5.410000           0.105172E-4        1.006890           0.840292E-5        1.006161
        5.412000           0.105178E-4        1.006890           0.840338E-5        1.006161
        5.414000           0.105185E-4        1.006890           0.840384E-5        1.006161
        5.415999           0.105191E-4        1.006891           0.840430E-5        1.006162
        5.417999           0.105198E-4        1.006891           0.840476E-5        1.006162
        5.420000           0.105204E-4        1.006891           0.840522E-5        1.006162
        5.421999           0.105211E-4        1.006891           0.840568E-5        1.006162
        5.424000           0.105217E-4        1.006891           0.840614E-5        1.006162
        5.426000           0.105224E-4        1.006892           0.840660E-5        1.006163
        5.427999           0.105230E-4        1.006892           0.840706E-5        1.006163
        5.430000           0.105236E-4        1.006892           0.840752E-5        1.006163
        5.432000           0.105243E-4        1.006892           0.840798E-5        1.006163
        5.434000           0.105249E-4        1.006893           0.840844E-5        1.006163
        5.435999           0.105256E-4        1.006893           0.840890E-5        1.006163
        5.438000           0.105262E-4        1.006893           0.840936E-5        1.006163
        5.440000           0.105269E-4        1.006893           0.840982E-5        1.006164
        5.441999           0.105275E-4        1.006893           0.841028E-5        1.006164
        5.444000           0.105282E-4        1.006894           0.841074E-5        1.006164
        5.446000           0.105288E-4        1.006894           0.841121E-5        1.006164
        5.448000           0.105295E-4        1.006894           0.841167E-5        1.006164
        5.450000           0.105301E-4        1.006894           0.841213E-5        1.006165
        5.452000           0.105307E-4        1.006894           0.841259E-5        1.006165
        5.454000           0.105314E-4        1.006895           0.841305E-5        1.006165
        5.455999           0.105320E-4        1.006895           0.841351E-5        1.006165
        5.458000           0.105327E-4        1.006895           0.841397E-5        1.006165
        5.460000           0.105333E-4        1.006895           0.841443E-5        1.006165
        5.461999           0.105340E-4        1.006896           0.841489E-5        1.006166
        5.464000           0.105346E-4        1.006896           0.841536E-5        1.006166
        5.466000           0.105353E-4        1.006896           0.841581E-5        1.006166
        5.468000           0.105359E-4        1.006896           0.841628E-5        1.006166
        5.470000           0.105366E-4        1.006896           0.841674E-5        1.006166
        5.472000           0.105372E-4        1.006896           0.841720E-5        1.006166
        5.474000           0.105379E-4        1.006897           0.841766E-5        1.006167
        5.475999           0.105385E-4        1.006897           0.841812E-5        1.006167
        5.478000           0.105391E-4        1.006897           0.841858E-5        1.006167
        5.480000           0.105398E-4        1.006897           0.841904E-5        1.006167
        5.482000           0.105404E-4        1.006898           0.841950E-5        1.006167
        5.484000           0.105411E-4        1.006898           0.841997E-5        1.006167
        5.486000           0.105417E-4        1.006898           0.842043E-5        1.006168
        5.488000           0.105424E-4        1.006898           0.842089E-5        1.006168
        5.489999           0.105430E-4        1.006898           0.842135E-5        1.006168
        5.492000           0.105437E-4        1.006899           0.842181E-5        1.006168
        5.493999           0.105443E-4        1.006899           0.842227E-5        1.006168
        5.495999           0.105450E-4        1.006899           0.842273E-5        1.006168
        5.498000           0.105456E-4        1.006899           0.842319E-5        1.006169
        5.500000           0.105463E-4        1.006899           0.842365E-5        1.006169
        5.502000           0.105469E-4        1.006900           0.842412E-5        1.006169
        5.504000           0.105476E-4        1.006900           0.842458E-5        1.006169
        5.506000           0.105482E-4        1.006900           0.842504E-5        1.006169
        5.507999           0.105489E-4        1.006900           0.842550E-5        1.006169
        5.509999           0.105495E-4        1.006901           0.842597E-5        1.006170
        5.512000           0.105501E-4        1.006901           0.842643E-5        1.006170
        5.513999           0.105508E-4        1.006901           0.842689E-5        1.006170
        5.516000           0.105514E-4        1.006901           0.842735E-5        1.006170
        5.518000           0.105521E-4        1.006901           0.842781E-5        1.006170
        5.520000           0.105527E-4        1.006902           0.842827E-5        1.006170
        5.522000           0.105534E-4        1.006902           0.842874E-5        1.006171
        5.524000           0.105540E-4        1.006902           0.842920E-5        1.006171
        5.526000           0.105547E-4        1.006902           0.842966E-5        1.006171
        5.527999           0.105553E-4        1.006902           0.843013E-5        1.006171
        5.529999           0.105560E-4        1.006903           0.843058E-5        1.006171
        5.532000           0.105566E-4        1.006903           0.843104E-5        1.006171
        5.533999           0.105573E-4        1.006903           0.843151E-5        1.006172
        5.536000           0.105579E-4        1.006903           0.843197E-5        1.006172
        5.538000           0.105586E-4        1.006904           0.843243E-5        1.006172
        5.539999           0.105592E-4        1.006904           0.843290E-5        1.006172
        5.542000           0.105599E-4        1.006904           0.843336E-5        1.006172
        5.544000           0.105605E-4        1.006904           0.843382E-5        1.006172
        5.546000           0.105612E-4        1.006904           0.843428E-5        1.006173
        5.547999           0.105618E-4        1.006905           0.843475E-5        1.006173
        5.550000           0.105625E-4        1.006905           0.843521E-5        1.006173
        5.552000           0.105631E-4        1.006905           0.843567E-5        1.006173
        5.553999           0.105638E-4        1.006905           0.843613E-5        1.006173
        5.556000           0.105644E-4        1.006905           0.843660E-5        1.006173
        5.558000           0.105651E-4        1.006906           0.843706E-5        1.006174
        5.560000           0.105657E-4        1.006906           0.843752E-5        1.006174
        5.562000           0.105664E-4        1.006906           0.843799E-5        1.006174
        5.564000           0.105670E-4        1.006906           0.843845E-5        1.006174
        5.566000           0.105677E-4        1.006907           0.843891E-5        1.006174
        5.567999           0.105683E-4        1.006907           0.843937E-5        1.006174
        5.570000           0.105690E-4        1.006907           0.843984E-5        1.006175
        5.572000           0.105696E-4        1.006907           0.844030E-5        1.006175
        5.573999           0.105703E-4        1.006907           0.844076E-5        1.006175
        5.576000           0.105709E-4        1.006907           0.844123E-5        1.006175
        5.578000           0.105716E-4        1.006908           0.844169E-5        1.006175
        5.580000           0.105722E-4        1.006908           0.844215E-5        1.006176
        5.582000           0.105729E-4        1.006908           0.844261E-5        1.006176
        5.584000           0.105735E-4        1.006908           0.844308E-5        1.006176
        5.585999           0.105742E-4        1.006909           0.844354E-5        1.006176
        5.587999           0.105748E-4        1.006909           0.844401E-5        1.006176
        5.590000           0.105755E-4        1.006909           0.844447E-5        1.006176
        5.592000           0.105761E-4        1.006909           0.844493E-5        1.006176
        5.594000           0.105768E-4        1.006909           0.844540E-5        1.006177
        5.596000           0.105774E-4        1.006910           0.844586E-5        1.006177
        5.598000           0.105781E-4        1.006910           0.844632E-5        1.006177
        5.600000           0.105787E-4        1.006910           0.844679E-5        1.006177
        5.601999           0.105794E-4        1.006910           0.844725E-5        1.006177
        5.604000           0.105800E-4        1.006910           0.844771E-5        1.006178
        5.605999           0.105807E-4        1.006911           0.844817E-5        1.006178
        5.607999           0.105813E-4        1.006911           0.844864E-5        1.006178
        5.610000           0.105820E-4        1.006911           0.844910E-5        1.006178
        5.612000           0.105826E-4        1.006911           0.844957E-5        1.006178
        5.614000           0.105833E-4        1.006912           0.845003E-5        1.006178
        5.616000           0.105839E-4        1.006912           0.845050E-5        1.006178
        5.618000           0.105846E-4        1.006912           0.845096E-5        1.006179
        5.619999           0.105852E-4        1.006912           0.845142E-5        1.006179
        5.621999           0.105859E-4        1.006912           0.845189E-5        1.006179
        5.624000           0.105865E-4        1.006913           0.845235E-5        1.006179
        5.625999           0.105872E-4        1.006913           0.845281E-5        1.006179
        5.628000           0.105878E-4        1.006913           0.845328E-5        1.006180
        5.630000           0.105885E-4        1.006913           0.845374E-5        1.006180
        5.631999           0.105891E-4        1.006913           0.845421E-5        1.006180
        5.634000           0.105898E-4        1.006914           0.845467E-5        1.006180
        5.636000           0.105904E-4        1.006914           0.845514E-5        1.006180
        5.638000           0.105911E-4        1.006914           0.845560E-5        1.006180
        5.639999           0.105917E-4        1.006914           0.845606E-5        1.006181
        5.641999           0.105924E-4        1.006914           0.845653E-5        1.006181
        5.644000           0.105930E-4        1.006915           0.845699E-5        1.006181
        5.645999           0.105937E-4        1.006915           0.845746E-5        1.006181
        5.648000           0.105943E-4        1.006915           0.845792E-5        1.006181
        5.650000           0.105950E-4        1.006915           0.845839E-5        1.006181
        5.651999           0.105956E-4        1.006916           0.845885E-5        1.006182
        5.654000           0.105963E-4        1.006916           0.845932E-5        1.006182
        5.656000           0.105969E-4        1.006916           0.845978E-5        1.006182
        5.658000           0.105976E-4        1.006916           0.846024E-5        1.006182
        5.659999           0.105982E-4        1.006916           0.846071E-5        1.006182
        5.662000           0.105989E-4        1.006917           0.846117E-5        1.006182
        5.664000           0.105995E-4        1.006917           0.846164E-5        1.006183
        5.665999           0.106002E-4        1.006917           0.846211E-5        1.006183
        5.668000           0.106009E-4        1.006917           0.846257E-5        1.006183
        5.670000           0.106015E-4        1.006917           0.846303E-5        1.006183
        5.672000           0.106022E-4        1.006918           0.846350E-5        1.006183
        5.674000           0.106028E-4        1.006918           0.846396E-5        1.006183
        5.676000           0.106035E-4        1.006918           0.846443E-5        1.006184
        5.677999           0.106041E-4        1.006918           0.846489E-5        1.006184
        5.679999           0.106048E-4        1.006919           0.846536E-5        1.006184
        5.682000           0.106054E-4        1.006919           0.846582E-5        1.006184
        5.684000           0.106061E-4        1.006919           0.846629E-5        1.006184
        5.685999           0.106067E-4        1.006919           0.846676E-5        1.006184
        5.688000           0.106074E-4        1.006919           0.846722E-5        1.006185
        5.690000           0.106080E-4        1.006920           0.846768E-5        1.006185
        5.692000           0.106087E-4        1.006920           0.846815E-5        1.006185
        5.694000           0.106093E-4        1.006920           0.846862E-5        1.006185
        5.696000           0.106100E-4        1.006920           0.846908E-5        1.006185
        5.697999           0.106106E-4        1.006920           0.846955E-5        1.006185
        5.699999           0.106113E-4        1.006921           0.847001E-5        1.006186
        5.702000           0.106120E-4        1.006921           0.847048E-5        1.006186
        5.704000           0.106126E-4        1.006921           0.847094E-5        1.006186
        5.706000           0.106133E-4        1.006921           0.847141E-5        1.006186
        5.708000           0.106139E-4        1.006922           0.847187E-5        1.006186
        5.710000           0.106146E-4        1.006922           0.847234E-5        1.006186
        5.712000           0.106152E-4        1.006922           0.847280E-5        1.006187
        5.713999           0.106159E-4        1.006922           0.847327E-5        1.006187
        5.716000           0.106165E-4        1.006922           0.847374E-5        1.006187
        5.717999           0.106172E-4        1.006923           0.847420E-5        1.006187
        5.719999           0.106178E-4        1.006923           0.847467E-5        1.006187
        5.722000           0.106185E-4        1.006923           0.847513E-5        1.006187
        5.724000           0.106191E-4        1.006923           0.847560E-5        1.006188
        5.726000           0.106198E-4        1.006923           0.847607E-5        1.006188
        5.728000           0.106204E-4        1.006924           0.847653E-5        1.006188
        5.730000           0.106211E-4        1.006924           0.847700E-5        1.006188
        5.731999           0.106218E-4        1.006924           0.847746E-5        1.006188
        5.733999           0.106224E-4        1.006924           0.847793E-5        1.006189
        5.736000           0.106231E-4        1.006925           0.847840E-5        1.006189
        5.737999           0.106237E-4        1.006925           0.847886E-5        1.006189
        5.740000           0.106244E-4        1.006925           0.847933E-5        1.006189
        5.742000           0.106250E-4        1.006925           0.847979E-5        1.006189
        5.743999           0.106257E-4        1.006925           0.848026E-5        1.006189
        5.746000           0.106263E-4        1.006926           0.848073E-5        1.006189
        5.748000           0.106270E-4        1.006926           0.848119E-5        1.006190
        5.750000           0.106277E-4        1.006926           0.848166E-5        1.006190
        5.751999           0.106283E-4        1.006926           0.848213E-5        1.006190
        5.753999           0.106290E-4        1.006926           0.848259E-5        1.006190
        5.756000           0.106296E-4        1.006927           0.848306E-5        1.006190
        5.757999           0.106303E-4        1.006927           0.848353E-5        1.006191
        5.760000           0.106309E-4        1.006927           0.848399E-5        1.006191
        5.762000           0.106316E-4        1.006927           0.848446E-5        1.006191
        5.763999           0.106322E-4        1.006927           0.848493E-5        1.006191
        5.766000           0.106329E-4        1.006928           0.848539E-5        1.006191
        5.768000           0.106335E-4        1.006928           0.848586E-5        1.006191
        5.770000           0.106342E-4        1.006928           0.848633E-5        1.006192
        5.771999           0.106349E-4        1.006928           0.848679E-5        1.006192
        5.774000           0.106355E-4        1.006929           0.848726E-5        1.006192
        5.776000           0.106362E-4        1.006929           0.848773E-5        1.006192
        5.777999           0.106368E-4        1.006929           0.848820E-5        1.006192
        5.780000           0.106375E-4        1.006929           0.848866E-5        1.006192
        5.782000           0.106381E-4        1.006929           0.848913E-5        1.006193
        5.784000           0.106388E-4        1.006930           0.848959E-5        1.006193
        5.786000           0.106394E-4        1.006930           0.849006E-5        1.006193
        5.788000           0.106401E-4        1.006930           0.849053E-5        1.006193
        5.789999           0.106408E-4        1.006930           0.849100E-5        1.006193
        5.791999           0.106414E-4        1.006930           0.849146E-5        1.006193
        5.794000           0.106421E-4        1.006931           0.849193E-5        1.006194
        5.796000           0.106427E-4        1.006931           0.849240E-5        1.006194
        5.797999           0.106434E-4        1.006931           0.849287E-5        1.006194
        5.800000           0.106440E-4        1.006931           0.849333E-5        1.006194
        5.802000           0.106447E-4        1.006932           0.849380E-5        1.006194
        5.804000           0.106454E-4        1.006932           0.849427E-5        1.006194
        5.806000           0.106460E-4        1.006932           0.849473E-5        1.006195
        5.808000           0.106467E-4        1.006932           0.849520E-5        1.006195
        5.809999           0.106473E-4        1.006932           0.849567E-5        1.006195
        5.811999           0.106480E-4        1.006933           0.849614E-5        1.006195
        5.814000           0.106486E-4        1.006933           0.849661E-5        1.006195
        5.816000           0.106493E-4        1.006933           0.849707E-5        1.006195
        5.818000           0.106500E-4        1.006933           0.849754E-5        1.006196
        5.820000           0.106506E-4        1.006933           0.849801E-5        1.006196
        5.822000           0.106513E-4        1.006934           0.849848E-5        1.006196
        5.824000           0.106519E-4        1.006934           0.849894E-5        1.006196
        5.825999           0.106526E-4        1.006934           0.849942E-5        1.006196
        5.828000           0.106532E-4        1.006934           0.849988E-5        1.006196
        5.829999           0.106539E-4        1.006935           0.850035E-5        1.006197
        5.831999           0.106546E-4        1.006935           0.850082E-5        1.006197
        5.834000           0.106552E-4        1.006935           0.850128E-5        1.006197
        5.835999           0.106559E-4        1.006935           0.850175E-5        1.006197
        5.838000           0.106565E-4        1.006935           0.850222E-5        1.006197
        5.840000           0.106572E-4        1.006936           0.850269E-5        1.006197
        5.842000           0.106578E-4        1.006936           0.850316E-5        1.006198
        5.843999           0.106585E-4        1.006936           0.850363E-5        1.006198
        5.845999           0.106592E-4        1.006936           0.850410E-5        1.006198
        5.848000           0.106598E-4        1.006936           0.850456E-5        1.006198
        5.849999           0.106605E-4        1.006937           0.850503E-5        1.006198
        5.852000           0.106611E-4        1.006937           0.850550E-5        1.006199
        5.854000           0.106618E-4        1.006937           0.850597E-5        1.006199
        5.855999           0.106624E-4        1.006937           0.850644E-5        1.006199
        5.858000           0.106631E-4        1.006938           0.850691E-5        1.006199
        5.860000           0.106638E-4        1.006938           0.850737E-5        1.006199
        5.862000           0.106644E-4        1.006938           0.850784E-5        1.006199
        5.863999           0.106651E-4        1.006938           0.850831E-5        1.006200
        5.865999           0.106657E-4        1.006938           0.850878E-5        1.006200
        5.868000           0.106664E-4        1.006939           0.850925E-5        1.006200
        5.869999           0.106671E-4        1.006939           0.850972E-5        1.006200
        5.872000           0.106677E-4        1.006939           0.851018E-5        1.006200
        5.874000           0.106684E-4        1.006939           0.851065E-5        1.006200
        5.875999           0.106690E-4        1.006939           0.851112E-5        1.006201
        5.878000           0.106697E-4        1.006940           0.851159E-5        1.006201
        5.880000           0.106703E-4        1.006940           0.851206E-5        1.006201
        5.881999           0.106710E-4        1.006940           0.851253E-5        1.006201
        5.883999           0.106717E-4        1.006940           0.851300E-5        1.006201
        5.886000           0.106723E-4        1.006940           0.851347E-5        1.006201
        5.888000           0.106730E-4        1.006941           0.851394E-5        1.006202
        5.889999           0.106736E-4        1.006941           0.851441E-5        1.006202
        5.892000           0.106743E-4        1.006941           0.851487E-5        1.006202
        5.894000           0.106750E-4        1.006941           0.851534E-5        1.006202
        5.896000           0.106756E-4        1.006942           0.851582E-5        1.006202
        5.898000           0.106763E-4        1.006942           0.851628E-5        1.006202
        5.900000           0.106769E-4        1.006942           0.851675E-5        1.006203
        5.901999           0.106776E-4        1.006942           0.851722E-5        1.006203
        5.903999           0.106783E-4        1.006942           0.851769E-5        1.006203
        5.906000           0.106789E-4        1.006943           0.851816E-5        1.006203
        5.908000           0.106796E-4        1.006943           0.851863E-5        1.006203
        5.909999           0.106802E-4        1.006943           0.851910E-5        1.006203
        5.912000           0.106809E-4        1.006943           0.851957E-5        1.006204
        5.914000           0.106816E-4        1.006943           0.852004E-5        1.006204
        5.916000           0.106822E-4        1.006944           0.852051E-5        1.006204
        5.918000           0.106829E-4        1.006944           0.852098E-5        1.006204
        5.920000           0.106835E-4        1.006944           0.852145E-5        1.006204
        5.921999           0.106842E-4        1.006944           0.852191E-5        1.006204
        5.923999           0.106849E-4        1.006945           0.852239E-5        1.006205
        5.926000           0.106855E-4        1.006945           0.852286E-5        1.006205
        5.927999           0.106862E-4        1.006945           0.852333E-5        1.006205
        5.930000           0.106868E-4        1.006945           0.852380E-5        1.006205
        5.932000           0.106875E-4        1.006945           0.852427E-5        1.006205
        5.934000           0.106882E-4        1.006946           0.852474E-5        1.006206
        5.936000           0.106888E-4        1.006946           0.852521E-5        1.006206
        5.938000           0.106895E-4        1.006946           0.852568E-5        1.006206
        5.940000           0.106901E-4        1.006946           0.852615E-5        1.006206
        5.941999           0.106908E-4        1.006946           0.852661E-5        1.006206
        5.943999           0.106915E-4        1.006947           0.852709E-5        1.006206
        5.946000           0.106921E-4        1.006947           0.852756E-5        1.006207
        5.947999           0.106928E-4        1.006947           0.852803E-5        1.006207
        5.950000           0.106934E-4        1.006947           0.852850E-5        1.006207
        5.952000           0.106941E-4        1.006948           0.852897E-5        1.006207
        5.954000           0.106948E-4        1.006948           0.852944E-5        1.006207
        5.955999           0.106954E-4        1.006948           0.852991E-5        1.006207
        5.957999           0.106961E-4        1.006948           0.853038E-5        1.006208
        5.960000           0.106967E-4        1.006948           0.853085E-5        1.006208
        5.961999           0.106974E-4        1.006949           0.853132E-5        1.006208
        5.964000           0.106981E-4        1.006949           0.853179E-5        1.006208
        5.966000           0.106987E-4        1.006949           0.853226E-5        1.006208
        5.967999           0.106994E-4        1.006949           0.853273E-5        1.006208
        5.970000           0.107001E-4        1.006949           0.853320E-5        1.006209
        5.972000           0.107007E-4        1.006950           0.853368E-5        1.006209
        5.974000           0.107014E-4        1.006950           0.853415E-5        1.006209
        5.975999           0.107020E-4        1.006950           0.853462E-5        1.006209
        5.977999           0.107027E-4        1.006950           0.853508E-5        1.006209
        5.980000           0.107034E-4        1.006950           0.853556E-5        1.006209
        5.981999           0.107040E-4        1.006951           0.853603E-5        1.006210
        5.984000           0.107047E-4        1.006951           0.853650E-5        1.006210
        5.986000           0.107054E-4        1.006951           0.853697E-5        1.006210
        5.987999           0.107060E-4        1.006951           0.853744E-5        1.006210
        5.990000           0.107067E-4        1.006952           0.853791E-5        1.006210
        5.992000           0.107073E-4        1.006952           0.853838E-5        1.006210
        5.993999           0.107080E-4        1.006952           0.853886E-5        1.006211
        5.995999           0.107087E-4        1.006952           0.853933E-5        1.006211
        5.998000           0.107093E-4        1.006952           0.853980E-5        1.006211
        6.000000           0.107100E-4        1.006953           0.854027E-5        1.006211
        6.001999           0.107106E-4        1.006953           0.854074E-5        1.006211
        6.004000           0.107113E-4        1.006953           0.854121E-5        1.006212
        6.006000           0.107120E-4        1.006953           0.854168E-5        1.006212
        6.008000           0.107126E-4        1.006953           0.854216E-5        1.006212
        6.010000           0.107133E-4        1.006954           0.854263E-5        1.006212
        6.012000           0.107140E-4        1.006954           0.854310E-5        1.006212
        6.013999           0.107146E-4        1.006954           0.854357E-5        1.006212
        6.015999           0.107153E-4        1.006954           0.854404E-5        1.006212
        6.018000           0.107160E-4        1.006955           0.854451E-5        1.006213
        6.020000           0.107166E-4        1.006955           0.854498E-5        1.006213
        6.021999           0.107173E-4        1.006955           0.854546E-5        1.006213
        6.024000           0.107179E-4        1.006955           0.854593E-5        1.006213
        6.026000           0.107186E-4        1.006955           0.854640E-5        1.006213
        6.028000           0.107193E-4        1.006956           0.854687E-5        1.006214
        6.030000           0.107199E-4        1.006956           0.854734E-5        1.006214
        6.032000           0.107206E-4        1.006956           0.854781E-5        1.006214
        6.033999           0.107213E-4        1.006956           0.854829E-5        1.006214
        6.035999           0.107219E-4        1.006956           0.854876E-5        1.006214
        6.038000           0.107226E-4        1.006957           0.854923E-5        1.006214
        6.039999           0.107232E-4        1.006957           0.854970E-5        1.006214
        6.042000           0.107239E-4        1.006957           0.855018E-5        1.006215
        6.044000           0.107246E-4        1.006957           0.855065E-5        1.006215
        6.046000           0.107252E-4        1.006958           0.855112E-5        1.006215
        6.048000           0.107259E-4        1.006958           0.855159E-5        1.006215
        6.050000           0.107266E-4        1.006958           0.855206E-5        1.006215
        6.052000           0.107272E-4        1.006958           0.855253E-5        1.006216
        6.053999           0.107279E-4        1.006958           0.855301E-5        1.006216
        6.055999           0.107286E-4        1.006959           0.855348E-5        1.006216
        6.058000           0.107292E-4        1.006959           0.855395E-5        1.006216
        6.059999           0.107299E-4        1.006959           0.855443E-5        1.006216
        6.062000           0.107306E-4        1.006959           0.855490E-5        1.006216
        6.064000           0.107312E-4        1.006959           0.855537E-5        1.006217
        6.066000           0.107319E-4        1.006960           0.855584E-5        1.006217
        6.068000           0.107325E-4        1.006960           0.855632E-5        1.006217
        6.069999           0.107332E-4        1.006960           0.855679E-5        1.006217
        6.072000           0.107339E-4        1.006960           0.855726E-5        1.006217
        6.073999           0.107345E-4        1.006961           0.855773E-5        1.006217
        6.076000           0.107352E-4        1.006961           0.855821E-5        1.006218
        6.078000           0.107359E-4        1.006961           0.855868E-5        1.006218
        6.079999           0.107365E-4        1.006961           0.855916E-5        1.006218
        6.082000           0.107372E-4        1.006961           0.855963E-5        1.006218
        6.084000           0.107379E-4        1.006962           0.856010E-5        1.006218
        6.085999           0.107385E-4        1.006962           0.856057E-5        1.006218
        6.087999           0.107392E-4        1.006962           0.856104E-5        1.006219
        6.089999           0.107399E-4        1.006962           0.856152E-5        1.006219
        6.092000           0.107405E-4        1.006963           0.856199E-5        1.006219
        6.093999           0.107412E-4        1.006963           0.856246E-5        1.006219
        6.096000           0.107419E-4        1.006963           0.856294E-5        1.006219
        6.098000           0.107425E-4        1.006963           0.856341E-5        1.006220
        6.099999           0.107432E-4        1.006963           0.856388E-5        1.006220
        6.102000           0.107439E-4        1.006964           0.856436E-5        1.006220
        6.104000           0.107445E-4        1.006964           0.856483E-5        1.006220
        6.105999           0.107452E-4        1.006964           0.856531E-5        1.006220
        6.107999           0.107459E-4        1.006964           0.856577E-5        1.006220
        6.110000           0.107465E-4        1.006964           0.856625E-5        1.006221
        6.112000           0.107472E-4        1.006965           0.856672E-5        1.006221
        6.113999           0.107479E-4        1.006965           0.856720E-5        1.006221
        6.116000           0.107485E-4        1.006965           0.856767E-5        1.006221
        6.118000           0.107492E-4        1.006965           0.856814E-5        1.006221
        6.120000           0.107498E-4        1.006966           0.856862E-5        1.006221
        6.122000           0.107505E-4        1.006966           0.856909E-5        1.006222
        6.124000           0.107512E-4        1.006966           0.856956E-5        1.006222
        6.125999           0.107518E-4        1.006966           0.857004E-5        1.006222
        6.127999           0.107525E-4        1.006966           0.857051E-5        1.006222
        6.130000           0.107532E-4        1.006967           0.857098E-5        1.006222
        6.131999           0.107538E-4        1.006967           0.857146E-5        1.006222
        6.133999           0.107545E-4        1.006967           0.857193E-5        1.006223
        6.136000           0.107552E-4        1.006967           0.857241E-5        1.006223
        6.138000           0.107559E-4        1.006967           0.857288E-5        1.006223
        6.140000           0.107565E-4        1.006968           0.857336E-5        1.006223
        6.142000           0.107572E-4        1.006968           0.857383E-5        1.006223
        6.144000           0.107579E-4        1.006968           0.857430E-5        1.006223
        6.145999           0.107585E-4        1.006968           0.857478E-5        1.006224
        6.147999           0.107592E-4        1.006968           0.857525E-5        1.006224
        6.150000           0.107599E-4        1.006969           0.857573E-5        1.006224
        6.151999           0.107605E-4        1.006969           0.857620E-5        1.006224
        6.154000           0.107612E-4        1.006969           0.857668E-5        1.006224
        6.156000           0.107619E-4        1.006969           0.857715E-5        1.006225
        6.158000           0.107625E-4        1.006970           0.857762E-5        1.006225
        6.160000           0.107632E-4        1.006970           0.857810E-5        1.006225
        6.162000           0.107639E-4        1.006970           0.857857E-5        1.006225
        6.164000           0.107645E-4        1.006970           0.857905E-5        1.006225
        6.165999           0.107652E-4        1.006970           0.857952E-5        1.006225
        6.167999           0.107659E-4        1.006971           0.858000E-5        1.006225
        6.170000           0.107665E-4        1.006971           0.858047E-5        1.006226
        6.171999           0.107672E-4        1.006971           0.858094E-5        1.006226
        6.174000           0.107679E-4        1.006971           0.858142E-5        1.006226
        6.176000           0.107685E-4        1.006972           0.858189E-5        1.006226
        6.177999           0.107692E-4        1.006972           0.858237E-5        1.006226
        6.180000           0.107699E-4        1.006972           0.858285E-5        1.006227
        6.181999           0.107705E-4        1.006972           0.858332E-5        1.006227
        6.184000           0.107712E-4        1.006972           0.858380E-5        1.006227
        6.185999           0.107719E-4        1.006973           0.858427E-5        1.006227
        6.188000           0.107725E-4        1.006973           0.858474E-5        1.006227
        6.190000           0.107732E-4        1.006973           0.858522E-5        1.006227
        6.191999           0.107739E-4        1.006973           0.858569E-5        1.006228
        6.194000           0.107745E-4        1.006974           0.858617E-5        1.006228
        6.196000           0.107752E-4        1.006974           0.858665E-5        1.006228
        6.198000           0.107759E-4        1.006974           0.858712E-5        1.006228
        6.199999           0.107766E-4        1.006974           0.858760E-5        1.006228
        6.201999           0.107772E-4        1.006974           0.858807E-5        1.006228
        6.204000           0.107779E-4        1.006975           0.858855E-5        1.006229
        6.205999           0.107786E-4        1.006975           0.858902E-5        1.006229
        6.208000           0.107792E-4        1.006975           0.858950E-5        1.006229
        6.210000           0.107799E-4        1.006975           0.858997E-5        1.006229
        6.211999           0.107806E-4        1.006975           0.859045E-5        1.006229
        6.214000           0.107812E-4        1.006976           0.859092E-5        1.006230
        6.216000           0.107819E-4        1.006976           0.859140E-5        1.006230
        6.217999           0.107826E-4        1.006976           0.859188E-5        1.006230
        6.219999           0.107832E-4        1.006976           0.859235E-5        1.006230
        6.222000           0.107839E-4        1.006976           0.859282E-5        1.006230
        6.224000           0.107846E-4        1.006977           0.859330E-5        1.006230
        6.225999           0.107852E-4        1.006977           0.859378E-5        1.006230
        6.228000           0.107859E-4        1.006977           0.859425E-5        1.006231
        6.230000           0.107866E-4        1.006977           0.859473E-5        1.006231
        6.232000           0.107873E-4        1.006978           0.859521E-5        1.006231
        6.234000           0.107879E-4        1.006978           0.859568E-5        1.006231
        6.236000           0.107886E-4        1.006978           0.859616E-5        1.006231
        6.237999           0.107893E-4        1.006978           0.859663E-5        1.006232
        6.239999           0.107899E-4        1.006978           0.859711E-5        1.006232
        6.242000           0.107906E-4        1.006979           0.859758E-5        1.006232
        6.243999           0.107913E-4        1.006979           0.859806E-5        1.006232
        6.245999           0.107919E-4        1.006979           0.859854E-5        1.006232
        6.248000           0.107926E-4        1.006979           0.859901E-5        1.006232
        6.250000           0.107933E-4        1.006979           0.859949E-5        1.006233
        6.252000           0.107940E-4        1.006980           0.859996E-5        1.006233
        6.254000           0.107946E-4        1.006980           0.860044E-5        1.006233
        6.256000           0.107953E-4        1.006980           0.860092E-5        1.006233
        6.257999           0.107960E-4        1.006980           0.860139E-5        1.006233
        6.259999           0.107966E-4        1.006981           0.860187E-5        1.006233
        6.262000           0.107973E-4        1.006981           0.860235E-5        1.006234
        6.263999           0.107980E-4        1.006981           0.860282E-5        1.006234
        6.266000           0.107987E-4        1.006981           0.860330E-5        1.006234
        6.268000           0.107993E-4        1.006981           0.860378E-5        1.006234
        6.270000           0.108000E-4        1.006982           0.860425E-5        1.006234
        6.272000           0.108007E-4        1.006982           0.860473E-5        1.006234
        6.274000           0.108013E-4        1.006982           0.860521E-5        1.006235
        6.276000           0.108020E-4        1.006982           0.860568E-5        1.006235
        6.277999           0.108027E-4        1.006983           0.860616E-5        1.006235
        6.279999           0.108034E-4        1.006983           0.860664E-5        1.006235
        6.282000           0.108040E-4        1.006983           0.860711E-5        1.006235
        6.283999           0.108047E-4        1.006983           0.860759E-5        1.006235
        6.286000           0.108054E-4        1.006983           0.860807E-5        1.006236
        6.288000           0.108060E-4        1.006984           0.860854E-5        1.006236
        6.289999           0.108067E-4        1.006984           0.860902E-5        1.006236
        6.292000           0.108074E-4        1.006984           0.860950E-5        1.006236
        6.293999           0.108081E-4        1.006984           0.860997E-5        1.006236
        6.296000           0.108087E-4        1.006984           0.861045E-5        1.006237
        6.297999           0.108094E-4        1.006985           0.861093E-5        1.006237
        6.300000           0.108101E-4        1.006985           0.861141E-5        1.006237
        6.302000           0.108107E-4        1.006985           0.861188E-5        1.006237
        6.303999           0.108114E-4        1.006985           0.861236E-5        1.006237
        6.306000           0.108121E-4        1.006986           0.861284E-5        1.006237
        6.308000           0.108128E-4        1.006986           0.861332E-5        1.006238
        6.310000           0.108134E-4        1.006986           0.861379E-5        1.006238
        6.311999           0.108141E-4        1.006986           0.861427E-5        1.006238
        6.313999           0.108148E-4        1.006986           0.861475E-5        1.006238
        6.316000           0.108154E-4        1.006987           0.861523E-5        1.006238
        6.317999           0.108161E-4        1.006987           0.861570E-5        1.006238
        6.320000           0.108168E-4        1.006987           0.861618E-5        1.006239
        6.322000           0.108175E-4        1.006987           0.861666E-5        1.006239
        6.323999           0.108181E-4        1.006988           0.861714E-5        1.006239
        6.326000           0.108188E-4        1.006988           0.861761E-5        1.006239
        6.328000           0.108195E-4        1.006988           0.861809E-5        1.006239
        6.329999           0.108202E-4        1.006988           0.861857E-5        1.006239
        6.331999           0.108208E-4        1.006988           0.861905E-5        1.006240
        6.334000           0.108215E-4        1.006989           0.861953E-5        1.006240
        6.335999           0.108222E-4        1.006989           0.862000E-5        1.006240
        6.337999           0.108228E-4        1.006989           0.862048E-5        1.006240
        6.340000           0.108235E-4        1.006989           0.862096E-5        1.006240
        6.342000           0.108242E-4        1.006989           0.862144E-5        1.006240
        6.344000           0.108249E-4        1.006990           0.862191E-5        1.006241
        6.346000           0.108255E-4        1.006990           0.862239E-5        1.006241
        6.348000           0.108262E-4        1.006990           0.862287E-5        1.006241
        6.349999           0.108269E-4        1.006990           0.862335E-5        1.006241
        6.351999           0.108276E-4        1.006991           0.862383E-5        1.006241
        6.354000           0.108282E-4        1.006991           0.862430E-5        1.006242
        6.355999           0.108289E-4        1.006991           0.862478E-5        1.006242
        6.357999           0.108296E-4        1.006991           0.862526E-5        1.006242
        6.360000           0.108303E-4        1.006991           0.862574E-5        1.006242
        6.362000           0.108309E-4        1.006992           0.862622E-5        1.006242
        6.364000           0.108316E-4        1.006992           0.862670E-5        1.006242
        6.366000           0.108323E-4        1.006992           0.862718E-5        1.006243
        6.368000           0.108329E-4        1.006992           0.862766E-5        1.006243
        6.369999           0.108336E-4        1.006992           0.862813E-5        1.006243
        6.371999           0.108343E-4        1.006993           0.862861E-5        1.006243
        6.374000           0.108350E-4        1.006993           0.862909E-5        1.006243
        6.375999           0.108356E-4        1.006993           0.862957E-5        1.006243
        6.378000           0.108363E-4        1.006993           0.863005E-5        1.006244
        6.380000           0.108370E-4        1.006994           0.863053E-5        1.006244
        6.381999           0.108377E-4        1.006994           0.863101E-5        1.006244
        6.384000           0.108383E-4        1.006994           0.863149E-5        1.006244
        6.386000           0.108390E-4        1.006994           0.863197E-5        1.006244
        6.388000           0.108397E-4        1.006994           0.863244E-5        1.006244
        6.389999           0.108404E-4        1.006995           0.863292E-5        1.006245
        6.391999           0.108410E-4        1.006995           0.863340E-5        1.006245
        6.394000           0.108417E-4        1.006995           0.863388E-5        1.006245
        6.395999           0.108424E-4        1.006995           0.863436E-5        1.006245
        6.398000           0.108431E-4        1.006996           0.863484E-5        1.006245
        6.400000           0.108437E-4        1.006996           0.863532E-5        1.006245
        6.401999           0.108444E-4        1.006996           0.863580E-5        1.006246
        6.404000           0.108451E-4        1.006996           0.863628E-5        1.006246
        6.405999           0.108458E-4        1.006996           0.863675E-5        1.006246
        6.408000           0.108464E-4        1.006997           0.863723E-5        1.006246
        6.409999           0.108471E-4        1.006997           0.863771E-5        1.006246
        6.412000           0.108478E-4        1.006997           0.863820E-5        1.006247
        6.414000           0.108485E-4        1.006997           0.863867E-5        1.006247
        6.415999           0.108491E-4        1.006997           0.863915E-5        1.006247
        6.418000           0.108498E-4        1.006998           0.863963E-5        1.006247
        6.420000           0.108505E-4        1.006998           0.864011E-5        1.006247
        6.422000           0.108512E-4        1.006998           0.864059E-5        1.006247
        6.423999           0.108518E-4        1.006998           0.864107E-5        1.006248
        6.425999           0.108525E-4        1.006999           0.864155E-5        1.006248
        6.427999           0.108532E-4        1.006999           0.864203E-5        1.006248
        6.429999           0.108539E-4        1.006999           0.864251E-5        1.006248
        6.432000           0.108545E-4        1.006999           0.864299E-5        1.006248
        6.434000           0.108552E-4        1.006999           0.864347E-5        1.006248
        6.435999           0.108559E-4        1.007000           0.864395E-5        1.006249
        6.438000           0.108566E-4        1.007000           0.864443E-5        1.006249
        6.440000           0.108573E-4        1.007000           0.864491E-5        1.006249
        6.441999           0.108579E-4        1.007000           0.864539E-5        1.006249
        6.443999           0.108586E-4        1.007001           0.864587E-5        1.006249
        6.446000           0.108593E-4        1.007001           0.864635E-5        1.006249
        6.447999           0.108600E-4        1.007001           0.864683E-5        1.006250
        6.449999           0.108606E-4        1.007001           0.864731E-5        1.006250
        6.452000           0.108613E-4        1.007001           0.864779E-5        1.006250
        6.454000           0.108620E-4        1.007002           0.864827E-5        1.006250
        6.456000           0.108627E-4        1.007002           0.864875E-5        1.006250
        6.458000           0.108633E-4        1.007002           0.864923E-5        1.006251
        6.460000           0.108640E-4        1.007002           0.864971E-5        1.006251
        6.461999           0.108647E-4        1.007002           0.865019E-5        1.006251
        6.463999           0.108654E-4        1.007003           0.865067E-5        1.006251
        6.466000           0.108660E-4        1.007003           0.865115E-5        1.006251
        6.467999           0.108667E-4        1.007003           0.865163E-5        1.006251
        6.469999           0.108674E-4        1.007003           0.865212E-5        1.006252
        6.472000           0.108681E-4        1.007004           0.865259E-5        1.006252
        6.474000           0.108688E-4        1.007004           0.865307E-5        1.006252
        6.476000           0.108694E-4        1.007004           0.865356E-5        1.006252
        6.478000           0.108701E-4        1.007004           0.865404E-5        1.006252
        6.480000           0.108708E-4        1.007004           0.865452E-5        1.006252
        6.481999           0.108715E-4        1.007005           0.865500E-5        1.006253
        6.483999           0.108721E-4        1.007005           0.865548E-5        1.006253
        6.486000           0.108728E-4        1.007005           0.865596E-5        1.006253
        6.487999           0.108735E-4        1.007005           0.865644E-5        1.006253
        6.490000           0.108742E-4        1.007006           0.865692E-5        1.006253
        6.492000           0.108749E-4        1.007006           0.865740E-5        1.006253
        6.493999           0.108755E-4        1.007006           0.865788E-5        1.006254
        6.496000           0.108762E-4        1.007006           0.865837E-5        1.006254
        6.498000           0.108769E-4        1.007006           0.865884E-5        1.006254
        6.500000           0.108776E-4        1.007007           0.865933E-5        1.006254
        6.501999           0.108782E-4        1.007007           0.865981E-5        1.006254
        6.503999           0.108789E-4        1.007007           0.866029E-5        1.006254
        6.506000           0.108796E-4        1.007007           0.866078E-5        1.006255
        6.507999           0.108803E-4        1.007007           0.866125E-5        1.006255
        6.510000           0.108810E-4        1.007008           0.866173E-5        1.006255
        6.512000           0.108816E-4        1.007008           0.866222E-5        1.006255
        6.513999           0.108823E-4        1.007008           0.866269E-5        1.006255
        6.516000           0.108830E-4        1.007008           0.866318E-5        1.006256
        6.518000           0.108837E-4        1.007009           0.866366E-5        1.006256
        6.520000           0.108844E-4        1.007009           0.866414E-5        1.006256
        6.521999           0.108850E-4        1.007009           0.866463E-5        1.006256
        6.524000           0.108857E-4        1.007009           0.866511E-5        1.006256
        6.526000           0.108864E-4        1.007009           0.866559E-5        1.006256
        6.527999           0.108871E-4        1.007010           0.866607E-5        1.006257
        6.530000           0.108878E-4        1.007010           0.866655E-5        1.006257
        6.532000           0.108884E-4        1.007010           0.866703E-5        1.006257
        6.534000           0.108891E-4        1.007010           0.866752E-5        1.006257
        6.535999           0.108898E-4        1.007011           0.866800E-5        1.006257
        6.537999           0.108905E-4        1.007011           0.866848E-5        1.006257
        6.539999           0.108911E-4        1.007011           0.866896E-5        1.006258
        6.541999           0.108918E-4        1.007011           0.866944E-5        1.006258
        6.544000           0.108925E-4        1.007011           0.866993E-5        1.006258
        6.546000           0.108932E-4        1.007012           0.867041E-5        1.006258
        6.547999           0.108939E-4        1.007012           0.867089E-5        1.006258
        6.550000           0.108945E-4        1.007012           0.867137E-5        1.006258
        6.552000           0.108952E-4        1.007012           0.867186E-5        1.006259
        6.553999           0.108959E-4        1.007012           0.867234E-5        1.006259
        6.555999           0.108966E-4        1.007013           0.867282E-5        1.006259
        6.558000           0.108973E-4        1.007013           0.867330E-5        1.006259
        6.559999           0.108979E-4        1.007013           0.867379E-5        1.006259
        6.561999           0.108986E-4        1.007013           0.867427E-5        1.006260
        6.564000           0.108993E-4        1.007014           0.867475E-5        1.006260
        6.566000           0.109000E-4        1.007014           0.867523E-5        1.006260
        6.568000           0.109007E-4        1.007014           0.867571E-5        1.006260
        6.570000           0.109013E-4        1.007014           0.867620E-5        1.006260
        6.572000           0.109020E-4        1.007014           0.867668E-5        1.006260
        6.573999           0.109027E-4        1.007015           0.867716E-5        1.006261
        6.575999           0.109034E-4        1.007015           0.867764E-5        1.006261
        6.578000           0.109041E-4        1.007015           0.867813E-5        1.006261
        6.579999           0.109047E-4        1.007015           0.867861E-5        1.006261
        6.581999           0.109054E-4        1.007016           0.867909E-5        1.006261
        6.584000           0.109061E-4        1.007016           0.867958E-5        1.006261
        6.585999           0.109068E-4        1.007016           0.868006E-5        1.006262
        6.588000           0.109075E-4        1.007016           0.868054E-5        1.006262
        6.590000           0.109082E-4        1.007016           0.868102E-5        1.006262
        6.592000           0.109088E-4        1.007017           0.868151E-5        1.006262
        6.593999           0.109095E-4        1.007017           0.868199E-5        1.006262
        6.595999           0.109102E-4        1.007017           0.868247E-5        1.006262
        6.598000           0.109109E-4        1.007017           0.868296E-5        1.006263
        6.599999           0.109116E-4        1.007017           0.868344E-5        1.006263
        6.602000           0.109122E-4        1.007018           0.868392E-5        1.006263
        6.604000           0.109129E-4        1.007018           0.868441E-5        1.006263
        6.605999           0.109136E-4        1.007018           0.868489E-5        1.006263
        6.608000           0.109143E-4        1.007018           0.868537E-5        1.006263
        6.610000           0.109150E-4        1.007019           0.868586E-5        1.006264
        6.612000           0.109156E-4        1.007019           0.868634E-5        1.006264
        6.613999           0.109163E-4        1.007019           0.868682E-5        1.006264
        6.615999           0.109170E-4        1.007019           0.868731E-5        1.006264
        6.618000           0.109177E-4        1.007020           0.868779E-5        1.006264
        6.619999           0.109184E-4        1.007020           0.868827E-5        1.006265
        6.622000           0.109191E-4        1.007020           0.868876E-5        1.006265
        6.624000           0.109197E-4        1.007020           0.868924E-5        1.006265
        6.625999           0.109204E-4        1.007020           0.868972E-5        1.006265
        6.628000           0.109211E-4        1.007021           0.869021E-5        1.006265
        6.630000           0.109218E-4        1.007021           0.869069E-5        1.006265
        6.631999           0.109225E-4        1.007021           0.869118E-5        1.006266
        6.633999           0.109231E-4        1.007021           0.869166E-5        1.006266
        6.636000           0.109238E-4        1.007021           0.869215E-5        1.006266
        6.638000           0.109245E-4        1.007022           0.869263E-5        1.006266
        6.639999           0.109252E-4        1.007022           0.869312E-5        1.006266
        6.642000           0.109259E-4        1.007022           0.869360E-5        1.006266
        6.644000           0.109266E-4        1.007022           0.869408E-5        1.006267
        6.646000           0.109272E-4        1.007023           0.869456E-5        1.006267
        6.648000           0.109279E-4        1.007023           0.869505E-5        1.006267
        6.649999           0.109286E-4        1.007023           0.869554E-5        1.006267
        6.651999           0.109293E-4        1.007023           0.869602E-5        1.006267
        6.653999           0.109300E-4        1.007023           0.869650E-5        1.006268
        6.656000           0.109307E-4        1.007024           0.869699E-5        1.006268
        6.658000           0.109313E-4        1.007024           0.869747E-5        1.006268
        6.659999           0.109320E-4        1.007024           0.869795E-5        1.006268
        6.662000           0.109327E-4        1.007024           0.869844E-5        1.006268
        6.664000           0.109334E-4        1.007025           0.869892E-5        1.006268
        6.665999           0.109341E-4        1.007025           0.869941E-5        1.006269
        6.667999           0.109348E-4        1.007025           0.869990E-5        1.006269
        6.669999           0.109354E-4        1.007025           0.870038E-5        1.006269
        6.671999           0.109361E-4        1.007025           0.870087E-5        1.006269
        6.673999           0.109368E-4        1.007026           0.870135E-5        1.006269
        6.676000           0.109375E-4        1.007026           0.870183E-5        1.006269
        6.677999           0.109382E-4        1.007026           0.870232E-5        1.006270
        6.680000           0.109389E-4        1.007026           0.870280E-5        1.006270
        6.682000           0.109395E-4        1.007026           0.870329E-5        1.006270
        6.684000           0.109402E-4        1.007027           0.870377E-5        1.006270
        6.685999           0.109409E-4        1.007027           0.870426E-5        1.006270
        6.687999           0.109416E-4        1.007027           0.870474E-5        1.006270
        6.690000           0.109423E-4        1.007027           0.870522E-5        1.006271
        6.691999           0.109430E-4        1.007028           0.870571E-5        1.006271
        6.693999           0.109437E-4        1.007028           0.870620E-5        1.006271
        6.696000           0.109443E-4        1.007028           0.870669E-5        1.006271
        6.697999           0.109450E-4        1.007028           0.870717E-5        1.006271
        6.700000           0.109457E-4        1.007028           0.870766E-5        1.006271
        6.702000           0.109464E-4        1.007029           0.870814E-5        1.006272
        6.704000           0.109471E-4        1.007029           0.870862E-5        1.006272
        6.705999           0.109478E-4        1.007029           0.870911E-5        1.006272
        6.707999           0.109484E-4        1.007029           0.870959E-5        1.006272
        6.710000           0.109491E-4        1.007030           0.871008E-5        1.006272
        6.711999           0.109498E-4        1.007030           0.871056E-5        1.006273
        6.714000           0.109505E-4        1.007030           0.871105E-5        1.006273
        6.716000           0.109512E-4        1.007030           0.871153E-5        1.006273
        6.717999           0.109519E-4        1.007030           0.871202E-5        1.006273
        6.720000           0.109526E-4        1.007031           0.871251E-5        1.006273
        6.722000           0.109532E-4        1.007031           0.871299E-5        1.006273
        6.724000           0.109539E-4        1.007031           0.871348E-5        1.006274
        6.725999           0.109546E-4        1.007031           0.871397E-5        1.006274
        6.727999           0.109553E-4        1.007031           0.871445E-5        1.006274
        6.730000           0.109560E-4        1.007032           0.871494E-5        1.006274
        6.731999           0.109567E-4        1.007032           0.871542E-5        1.006274
        6.734000           0.109574E-4        1.007032           0.871591E-5        1.006274
        6.736000           0.109580E-4        1.007032           0.871639E-5        1.006275
        6.737999           0.109587E-4        1.007033           0.871688E-5        1.006275
        6.740000           0.109594E-4        1.007033           0.871736E-5        1.006275
        6.742000           0.109601E-4        1.007033           0.871785E-5        1.006275
        6.743999           0.109608E-4        1.007033           0.871834E-5        1.006275
        6.745999           0.109615E-4        1.007033           0.871882E-5        1.006276
        6.748000           0.109622E-4        1.007034           0.871931E-5        1.006276
        6.750000           0.109628E-4        1.007034           0.871980E-5        1.006276
        6.751999           0.109635E-4        1.007034           0.872028E-5        1.006276
        6.754000           0.109642E-4        1.007034           0.872077E-5        1.006276
        6.756000           0.109649E-4        1.007035           0.872125E-5        1.006276
        6.758000           0.109656E-4        1.007035           0.872174E-5        1.006277
        6.760000           0.109663E-4        1.007035           0.872223E-5        1.006277
        6.761999           0.109670E-4        1.007035           0.872272E-5        1.006277
        6.763999           0.109676E-4        1.007035           0.872320E-5        1.006277
        6.765999           0.109683E-4        1.007036           0.872369E-5        1.006277
        6.768000           0.109690E-4        1.007036           0.872417E-5        1.006277
        6.770000           0.109697E-4        1.007036           0.872466E-5        1.006278
        6.771999           0.109704E-4        1.007036           0.872515E-5        1.006278
        6.774000           0.109711E-4        1.007037           0.872564E-5        1.006278
        6.776000           0.109718E-4        1.007037           0.872612E-5        1.006278
        6.778000           0.109725E-4        1.007037           0.872661E-5        1.006278
        6.779999           0.109731E-4        1.007037           0.872709E-5        1.006279
        6.781999           0.109738E-4        1.007037           0.872758E-5        1.006279
        6.783999           0.109745E-4        1.007038           0.872807E-5        1.006279
        6.785999           0.109752E-4        1.007038           0.872855E-5        1.006279
        6.788000           0.109759E-4        1.007038           0.872904E-5        1.006279
        6.789999           0.109766E-4        1.007038           0.872953E-5        1.006279
        6.792000           0.109773E-4        1.007038           0.873002E-5        1.006279
        6.794000           0.109780E-4        1.007039           0.873051E-5        1.006280
        6.796000           0.109786E-4        1.007039           0.873099E-5        1.006280
        6.797999           0.109793E-4        1.007039           0.873148E-5        1.006280
        6.799999           0.109800E-4        1.007039           0.873197E-5        1.006280
        6.802000           0.109807E-4        1.007040           0.873245E-5        1.006280
        6.804000           0.109814E-4        1.007040           0.873294E-5        1.006281
        6.806000           0.109821E-4        1.007040           0.873343E-5        1.006281
        6.808000           0.109828E-4        1.007040           0.873392E-5        1.006281
        6.809999           0.109835E-4        1.007041           0.873440E-5        1.006281
        6.811999           0.109841E-4        1.007041           0.873490E-5        1.006281
        6.814000           0.109848E-4        1.007041           0.873538E-5        1.006281
        6.816000           0.109855E-4        1.007041           0.873587E-5        1.006282
        6.817999           0.109862E-4        1.007041           0.873636E-5        1.006282
        6.819999           0.109869E-4        1.007042           0.873684E-5        1.006282
        6.821999           0.109876E-4        1.007042           0.873733E-5        1.006282
        6.824000           0.109883E-4        1.007042           0.873782E-5        1.006282
        6.826000           0.109890E-4        1.007042           0.873830E-5        1.006282
        6.828000           0.109897E-4        1.007042           0.873880E-5        1.006283
        6.829999           0.109903E-4        1.007043           0.873928E-5        1.006283
        6.831999           0.109910E-4        1.007043           0.873977E-5        1.006283
        6.834000           0.109917E-4        1.007043           0.874026E-5        1.006283
        6.835999           0.109924E-4        1.007043           0.874075E-5        1.006283
        6.837999           0.109931E-4        1.007044           0.874123E-5        1.006284
        6.839999           0.109938E-4        1.007044           0.874172E-5        1.006284
        6.841999           0.109945E-4        1.007044           0.874221E-5        1.006284
        6.844000           0.109952E-4        1.007044           0.874270E-5        1.006284
        6.846000           0.109959E-4        1.007044           0.874319E-5        1.006284
        6.848000           0.109965E-4        1.007045           0.874368E-5        1.006284
        6.849999           0.109972E-4        1.007045           0.874416E-5        1.006285
        6.851999           0.109979E-4        1.007045           0.874465E-5        1.006285
        6.854000           0.109986E-4        1.007045           0.874514E-5        1.006285
        6.855999           0.109993E-4        1.007046           0.874563E-5        1.006285
        6.857999           0.110000E-4        1.007046           0.874611E-5        1.006285
        6.859999           0.110007E-4        1.007046           0.874660E-5        1.006285
        6.861999           0.110014E-4        1.007046           0.874710E-5        1.006286
        6.864000           0.110021E-4        1.007046           0.874758E-5        1.006286
        6.866000           0.110028E-4        1.007047           0.874807E-5        1.006286
        6.868000           0.110034E-4        1.007047           0.874856E-5        1.006286
        6.869999           0.110041E-4        1.007047           0.874905E-5        1.006286
        6.871999           0.110048E-4        1.007047           0.874954E-5        1.006287
        6.874000           0.110055E-4        1.007048           0.875003E-5        1.006287
        6.875999           0.110062E-4        1.007048           0.875052E-5        1.006287
        6.877999           0.110069E-4        1.007048           0.875100E-5        1.006287
        6.879999           0.110076E-4        1.007048           0.875149E-5        1.006287
        6.882000           0.110083E-4        1.007048           0.875198E-5        1.006287
        6.884000           0.110090E-4        1.007049           0.875247E-5        1.006288
        6.886000           0.110097E-4        1.007049           0.875296E-5        1.006288
        6.888000           0.110103E-4        1.007049           0.875345E-5        1.006288
        6.889999           0.110110E-4        1.007049           0.875394E-5        1.006288
        6.892000           0.110117E-4        1.007050           0.875443E-5        1.006288
        6.894000           0.110124E-4        1.007050           0.875491E-5        1.006288
        6.895999           0.110131E-4        1.007050           0.875540E-5        1.006289
        6.897999           0.110138E-4        1.007050           0.875589E-5        1.006289
        6.899999           0.110145E-4        1.007050           0.875639E-5        1.006289
        6.902000           0.110152E-4        1.007051           0.875687E-5        1.006289
        6.904000           0.110159E-4        1.007051           0.875736E-5        1.006289
        6.906000           0.110166E-4        1.007051           0.875785E-5        1.006289
        6.908000           0.110173E-4        1.007051           0.875834E-5        1.006290
        6.909999           0.110179E-4        1.007051           0.875883E-5        1.006290
        6.912000           0.110186E-4        1.007052           0.875932E-5        1.006290
        6.914000           0.110193E-4        1.007052           0.875981E-5        1.006290
        6.915999           0.110200E-4        1.007052           0.876030E-5        1.006290
        6.917999           0.110207E-4        1.007052           0.876079E-5        1.006291
        6.919999           0.110214E-4        1.007053           0.876128E-5        1.006291
        6.922000           0.110221E-4        1.007053           0.876177E-5        1.006291
        6.924000           0.110228E-4        1.007053           0.876226E-5        1.006291
        6.926000           0.110235E-4        1.007053           0.876275E-5        1.006291
        6.927999           0.110242E-4        1.007053           0.876324E-5        1.006291
        6.929999           0.110249E-4        1.007054           0.876373E-5        1.006292
        6.932000           0.110256E-4        1.007054           0.876422E-5        1.006292
        6.934000           0.110262E-4        1.007054           0.876471E-5        1.006292
        6.935999           0.110269E-4        1.007054           0.876520E-5        1.006292
        6.937999           0.110276E-4        1.007055           0.876569E-5        1.006292
        6.939999           0.110283E-4        1.007055           0.876618E-5        1.006292
        6.942000           0.110290E-4        1.007055           0.876667E-5        1.006293
        6.944000           0.110297E-4        1.007055           0.876716E-5        1.006293
        6.946000           0.110304E-4        1.007055           0.876765E-5        1.006293
        6.947999           0.110311E-4        1.007056           0.876814E-5        1.006293
        6.949999           0.110318E-4        1.007056           0.876863E-5        1.006293
        6.952000           0.110325E-4        1.007056           0.876912E-5        1.006294
        6.954000           0.110332E-4        1.007056           0.876961E-5        1.006294
        6.955999           0.110339E-4        1.007057           0.877010E-5        1.006294
        6.957999           0.110346E-4        1.007057           0.877060E-5        1.006294
        6.960000           0.110353E-4        1.007057           0.877108E-5        1.006294
        6.962000           0.110359E-4        1.007057           0.877157E-5        1.006294
        6.964000           0.110366E-4        1.007057           0.877207E-5        1.006295
        6.966000           0.110373E-4        1.007058           0.877255E-5        1.006295
        6.967999           0.110380E-4        1.007058           0.877305E-5        1.006295
        6.970000           0.110387E-4        1.007058           0.877354E-5        1.006295
        6.972000           0.110394E-4        1.007058           0.877403E-5        1.006295
        6.974000           0.110401E-4        1.007059           0.877452E-5        1.006295
        6.975999           0.110408E-4        1.007059           0.877501E-5        1.006296
        6.977999           0.110415E-4        1.007059           0.877550E-5        1.006296
        6.980000           0.110422E-4        1.007059           0.877599E-5        1.006296
        6.982000           0.110429E-4        1.007059           0.877648E-5        1.006296
        6.984000           0.110436E-4        1.007060           0.877697E-5        1.006296
        6.985999           0.110443E-4        1.007060           0.877747E-5        1.006297
        6.987999           0.110450E-4        1.007060           0.877796E-5        1.006297
        6.990000           0.110457E-4        1.007060           0.877845E-5        1.006297
        6.992000           0.110464E-4        1.007061           0.877894E-5        1.006297
        6.993999           0.110470E-4        1.007061           0.877943E-5        1.006297
        6.995999           0.110477E-4        1.007061           0.877992E-5        1.006297
        6.997999           0.110484E-4        1.007061           0.878041E-5        1.006298
        7.000000           0.110491E-4        1.007061           0.878090E-5        1.006298
        7.002000           0.110498E-4        1.007062           0.878140E-5        1.006298
        7.003999           0.110505E-4        1.007062           0.878189E-5        1.006298
        7.005999           0.110512E-4        1.007062           0.878238E-5        1.006298
        7.007999           0.110519E-4        1.007062           0.878287E-5        1.006298
        7.010000           0.110526E-4        1.007063           0.878336E-5        1.006299
        7.012000           0.110533E-4        1.007063           0.878385E-5        1.006299
        7.013999           0.110540E-4        1.007063           0.878434E-5        1.006299
        7.015999           0.110547E-4        1.007063           0.878484E-5        1.006299
        7.017999           0.110554E-4        1.007063           0.878533E-5        1.006299
        7.020000           0.110561E-4        1.007064           0.878583E-5        1.006299
        7.021999           0.110568E-4        1.007064           0.878631E-5        1.006300
        7.023999           0.110575E-4        1.007064           0.878680E-5        1.006300
        7.025999           0.110582E-4        1.007064           0.878730E-5        1.006300
        7.028000           0.110589E-4        1.007064           0.878779E-5        1.006300
        7.030000           0.110596E-4        1.007065           0.878828E-5        1.006300
        7.032000           0.110602E-4        1.007065           0.878877E-5        1.006301
        7.033999           0.110609E-4        1.007065           0.878926E-5        1.006301
        7.035999           0.110616E-4        1.007065           0.878976E-5        1.006301
        7.038000           0.110623E-4        1.007066           0.879025E-5        1.006301
        7.039999           0.110630E-4        1.007066           0.879074E-5        1.006301
        7.041999           0.110637E-4        1.007066           0.879123E-5        1.006301
        7.043999           0.110644E-4        1.007066           0.879173E-5        1.006302
        7.045999           0.110651E-4        1.007066           0.879222E-5        1.006302
        7.048000           0.110658E-4        1.007067           0.879271E-5        1.006302
        7.050000           0.110665E-4        1.007067           0.879320E-5        1.006302
        7.052000           0.110672E-4        1.007067           0.879370E-5        1.006302
        7.053999           0.110679E-4        1.007067           0.879419E-5        1.006302
        7.055999           0.110686E-4        1.007068           0.879468E-5        1.006303
        7.058000           0.110693E-4        1.007068           0.879517E-5        1.006303
        7.059999           0.110700E-4        1.007068           0.879567E-5        1.006303
        7.061999           0.110707E-4        1.007068           0.879616E-5        1.006303
        7.063999           0.110714E-4        1.007069           0.879666E-5        1.006303
        7.065999           0.110721E-4        1.007069           0.879715E-5        1.006304
        7.068000           0.110728E-4        1.007069           0.879764E-5        1.006304
        7.070000           0.110735E-4        1.007069           0.879813E-5        1.006304
        7.072000           0.110742E-4        1.007069           0.879862E-5        1.006304
        7.073999           0.110749E-4        1.007070           0.879912E-5        1.006304
        7.075999           0.110756E-4        1.007070           0.879961E-5        1.006304
        7.078000           0.110763E-4        1.007070           0.880010E-5        1.006305
        7.079999           0.110770E-4        1.007070           0.880060E-5        1.006305
        7.081999           0.110777E-4        1.007071           0.880109E-5        1.006305
        7.083999           0.110783E-4        1.007071           0.880158E-5        1.006305
        7.085999           0.110790E-4        1.007071           0.880208E-5        1.006305
        7.088000           0.110797E-4        1.007071           0.880257E-5        1.006305
        7.090000           0.110804E-4        1.007071           0.880306E-5        1.006306
        7.092000           0.110811E-4        1.007072           0.880355E-5        1.006306
        7.093999           0.110818E-4        1.007072           0.880405E-5        1.006306
        7.095999           0.110825E-4        1.007072           0.880454E-5        1.006306
        7.098000           0.110832E-4        1.007072           0.880503E-5        1.006306
        7.099999           0.110839E-4        1.007072           0.880553E-5        1.006307
        7.101999           0.110846E-4        1.007073           0.880602E-5        1.006307
        7.103999           0.110853E-4        1.007073           0.880652E-5        1.006307
        7.106000           0.110860E-4        1.007073           0.880701E-5        1.006307
        7.108000           0.110867E-4        1.007073           0.880750E-5        1.006307
        7.110000           0.110874E-4        1.007074           0.880800E-5        1.006307
        7.112000           0.110881E-4        1.007074           0.880849E-5        1.006308
        7.113999           0.110888E-4        1.007074           0.880898E-5        1.006308
        7.116000           0.110895E-4        1.007074           0.880948E-5        1.006308
        7.118000           0.110902E-4        1.007074           0.880997E-5        1.006308
        7.119999           0.110909E-4        1.007075           0.881047E-5        1.006308
        7.121999           0.110916E-4        1.007075           0.881096E-5        1.006308
        7.123999           0.110923E-4        1.007075           0.881145E-5        1.006309
        7.126000           0.110930E-4        1.007075           0.881195E-5        1.006309
        7.128000           0.110937E-4        1.007076           0.881244E-5        1.006309
        7.130000           0.110944E-4        1.007076           0.881294E-5        1.006309
        7.131999           0.110951E-4        1.007076           0.881343E-5        1.006309
        7.133999           0.110958E-4        1.007076           0.881392E-5        1.006310
        7.136000           0.110965E-4        1.007077           0.881442E-5        1.006310
        7.138000           0.110972E-4        1.007077           0.881491E-5        1.006310
        7.139999           0.110979E-4        1.007077           0.881541E-5        1.006310
        7.141999           0.110986E-4        1.007077           0.881590E-5        1.006310
        7.143999           0.110993E-4        1.007077           0.881639E-5        1.006310
        7.146000           0.111000E-4        1.007078           0.881689E-5        1.006311
        7.148000           0.111007E-4        1.007078           0.881738E-5        1.006311
        7.150000           0.111014E-4        1.007078           0.881788E-5        1.006311
        7.151999           0.111021E-4        1.007078           0.881837E-5        1.006311
        7.153999           0.111028E-4        1.007079           0.881886E-5        1.006311
        7.156000           0.111035E-4        1.007079           0.881936E-5        1.006311
        7.158000           0.111042E-4        1.007079           0.881986E-5        1.006312
        7.159999           0.111049E-4        1.007079           0.882035E-5        1.006312
        7.161999           0.111056E-4        1.007079           0.882085E-5        1.006312
        7.163999           0.111063E-4        1.007080           0.882134E-5        1.006312
        7.166000           0.111070E-4        1.007080           0.882184E-5        1.006312
        7.168000           0.111077E-4        1.007080           0.882233E-5        1.006312
        7.170000           0.111084E-4        1.007080           0.882283E-5        1.006313
        7.171999           0.111091E-4        1.007080           0.882332E-5        1.006313
        7.173999           0.111098E-4        1.007081           0.882382E-5        1.006313
        7.176000           0.111105E-4        1.007081           0.882431E-5        1.006313
        7.177999           0.111112E-4        1.007081           0.882480E-5        1.006313
        7.179999           0.111119E-4        1.007081           0.882530E-5        1.006314
        7.181999           0.111126E-4        1.007082           0.882580E-5        1.006314
        7.184000           0.111133E-4        1.007082           0.882629E-5        1.006314
        7.186000           0.111140E-4        1.007082           0.882679E-5        1.006314
        7.188000           0.111147E-4        1.007082           0.882728E-5        1.006314
        7.190000           0.111154E-4        1.007082           0.882778E-5        1.006315
        7.191999           0.111161E-4        1.007083           0.882827E-5        1.006315
        7.194000           0.111168E-4        1.007083           0.882877E-5        1.006315
        7.196000           0.111175E-4        1.007083           0.882927E-5        1.006315
        7.197999           0.111182E-4        1.007083           0.882976E-5        1.006315
        7.199999           0.111189E-4        1.007084           0.883025E-5        1.006315
        7.201999           0.111196E-4        1.007084           0.883075E-5        1.006315
        7.204000           0.111203E-4        1.007084           0.883124E-5        1.006316
        7.206000           0.111210E-4        1.007084           0.883174E-5        1.006316
        7.208000           0.111217E-4        1.007084           0.883224E-5        1.006316
        7.210000           0.111224E-4        1.007085           0.883273E-5        1.006316
        7.211999           0.111231E-4        1.007085           0.883323E-5        1.006316
        7.214000           0.111238E-4        1.007085           0.883372E-5        1.006317
        7.216000           0.111245E-4        1.007085           0.883422E-5        1.006317
        7.217999           0.111252E-4        1.007086           0.883472E-5        1.006317
        7.219999           0.111259E-4        1.007086           0.883522E-5        1.006317
        7.221999           0.111266E-4        1.007086           0.883570E-5        1.006317
        7.224000           0.111273E-4        1.007086           0.883620E-5        1.006317
        7.226000           0.111280E-4        1.007087           0.883670E-5        1.006318
        7.228000           0.111287E-4        1.007087           0.883720E-5        1.006318
        7.229999           0.111294E-4        1.007087           0.883769E-5        1.006318
        7.231999           0.111301E-4        1.007087           0.883819E-5        1.006318
        7.234000           0.111308E-4        1.007087           0.883868E-5        1.006318
        7.236000           0.111315E-4        1.007088           0.883918E-5        1.006319
        7.237999           0.111322E-4        1.007088           0.883968E-5        1.006319
        7.239999           0.111329E-4        1.007088           0.884017E-5        1.006319
        7.241999           0.111336E-4        1.007088           0.884067E-5        1.006319
        7.244000           0.111343E-4        1.007089           0.884117E-5        1.006319
        7.245999           0.111350E-4        1.007089           0.884167E-5        1.006319
        7.247999           0.111357E-4        1.007089           0.884216E-5        1.006320
        7.249999           0.111364E-4        1.007089           0.884265E-5        1.006320
        7.251999           0.111371E-4        1.007089           0.884315E-5        1.006320
        7.254000           0.111378E-4        1.007090           0.884365E-5        1.006320
        7.256000           0.111385E-4        1.007090           0.884415E-5        1.006320
        7.257999           0.111393E-4        1.007090           0.884464E-5        1.006320
        7.259999           0.111400E-4        1.007090           0.884515E-5        1.006321
        7.262000           0.111407E-4        1.007090           0.884564E-5        1.006321
        7.263999           0.111414E-4        1.007091           0.884613E-5        1.006321
        7.265999           0.111421E-4        1.007091           0.884664E-5        1.006321
        7.267999           0.111428E-4        1.007091           0.884713E-5        1.006321
        7.269999           0.111435E-4        1.007091           0.884763E-5        1.006322
        7.272000           0.111442E-4        1.007092           0.884812E-5        1.006322
        7.274000           0.111449E-4        1.007092           0.884863E-5        1.006322
        7.276000           0.111456E-4        1.007092           0.884912E-5        1.006322
        7.277999           0.111463E-4        1.007092           0.884962E-5        1.006322
        7.279999           0.111470E-4        1.007092           0.885011E-5        1.006322
        7.282000           0.111477E-4        1.007093           0.885061E-5        1.006323
        7.283999           0.111484E-4        1.007093           0.885111E-5        1.006323
        7.285999           0.111491E-4        1.007093           0.885160E-5        1.006323
        7.287999           0.111498E-4        1.007093           0.885210E-5        1.006323
        7.289999           0.111505E-4        1.007094           0.885260E-5        1.006323
        7.292000           0.111512E-4        1.007094           0.885310E-5        1.006323
        7.294000           0.111519E-4        1.007094           0.885360E-5        1.006324
        7.296000           0.111526E-4        1.007094           0.885409E-5        1.006324
        7.297999           0.111533E-4        1.007095           0.885459E-5        1.006324
        7.299999           0.111540E-4        1.007095           0.885509E-5        1.006324
        7.302000           0.111547E-4        1.007095           0.885558E-5        1.006324
        7.303999           0.111554E-4        1.007095           0.885608E-5        1.006325
        7.305999           0.111561E-4        1.007095           0.885658E-5        1.006325
        7.307999           0.111568E-4        1.007096           0.885708E-5        1.006325
        7.309999           0.111575E-4        1.007096           0.885758E-5        1.006325
        7.312000           0.111583E-4        1.007096           0.885808E-5        1.006325
        7.314000           0.111590E-4        1.007096           0.885857E-5        1.006325
        7.316000           0.111597E-4        1.007097           0.885907E-5        1.006326
        7.317999           0.111604E-4        1.007097           0.885957E-5        1.006326
        7.319999           0.111611E-4        1.007097           0.886007E-5        1.006326
        7.322000           0.111618E-4        1.007097           0.886056E-5        1.006326
        7.323999           0.111625E-4        1.007097           0.886106E-5        1.006326
        7.325999           0.111632E-4        1.007098           0.886156E-5        1.006326
        7.327999           0.111639E-4        1.007098           0.886206E-5        1.006327
        7.330000           0.111646E-4        1.007098           0.886255E-5        1.006327
        7.332000           0.111653E-4        1.007098           0.886306E-5        1.006327
        7.334000           0.111660E-4        1.007099           0.886355E-5        1.006327
        7.335999           0.111667E-4        1.007099           0.886405E-5        1.006327
        7.337999           0.111674E-4        1.007099           0.886455E-5        1.006328
        7.340000           0.111681E-4        1.007099           0.886505E-5        1.006328
        7.342000           0.111688E-4        1.007099           0.886555E-5        1.006328
        7.343999           0.111695E-4        1.007100           0.886605E-5        1.006328
        7.345999           0.111702E-4        1.007100           0.886654E-5        1.006328
        7.347999           0.111710E-4        1.007100           0.886704E-5        1.006328
        7.350000           0.111717E-4        1.007100           0.886754E-5        1.006329
        7.352000           0.111724E-4        1.007101           0.886804E-5        1.006329
        7.354000           0.111731E-4        1.007101           0.886854E-5        1.006329
        7.355999           0.111738E-4        1.007101           0.886904E-5        1.006329
        7.357999           0.111745E-4        1.007101           0.886954E-5        1.006329
        7.360000           0.111752E-4        1.007101           0.887004E-5        1.006330
        7.362000           0.111759E-4        1.007102           0.887054E-5        1.006330
        7.363999           0.111766E-4        1.007102           0.887104E-5        1.006330
        7.365999           0.111773E-4        1.007102           0.887154E-5        1.006330
        7.367999           0.111780E-4        1.007102           0.887203E-5        1.006330
        7.370000           0.111787E-4        1.007102           0.887253E-5        1.006330
        7.372000           0.111794E-4        1.007103           0.887303E-5        1.006331
        7.374000           0.111801E-4        1.007103           0.887353E-5        1.006331
        7.375999           0.111808E-4        1.007103           0.887403E-5        1.006331
        7.377999           0.111815E-4        1.007103           0.887453E-5        1.006331
        7.380000           0.111823E-4        1.007104           0.887503E-5        1.006331
        7.381999           0.111830E-4        1.007104           0.887553E-5        1.006331
        7.383999           0.111837E-4        1.007104           0.887603E-5        1.006332
        7.385999           0.111844E-4        1.007104           0.887653E-5        1.006332
        7.387999           0.111851E-4        1.007105           0.887703E-5        1.006332
        7.390000           0.111858E-4        1.007105           0.887753E-5        1.006332
        7.392000           0.111865E-4        1.007105           0.887803E-5        1.006332
        7.394000           0.111872E-4        1.007105           0.887852E-5        1.006333
        7.395999           0.111879E-4        1.007105           0.887902E-5        1.006333
        7.397999           0.111886E-4        1.007106           0.887953E-5        1.006333
        7.400000           0.111893E-4        1.007106           0.888003E-5        1.006333
        7.401999           0.111900E-4        1.007106           0.888053E-5        1.006333
        7.403999           0.111907E-4        1.007106           0.888102E-5        1.006333
        7.405999           0.111915E-4        1.007107           0.888152E-5        1.006334
        7.408000           0.111922E-4        1.007107           0.888203E-5        1.006334
        7.410000           0.111929E-4        1.007107           0.888253E-5        1.006334
        7.412000           0.111936E-4        1.007107           0.888303E-5        1.006334
        7.414000           0.111943E-4        1.007107           0.888352E-5        1.006334
        7.415999           0.111950E-4        1.007108           0.888403E-5        1.006334
        7.418000           0.111957E-4        1.007108           0.888452E-5        1.006335
        7.420000           0.111964E-4        1.007108           0.888502E-5        1.006335
        7.421999           0.111971E-4        1.007108           0.888552E-5        1.006335
        7.423999           0.111978E-4        1.007109           0.888603E-5        1.006335
        7.425999           0.111985E-4        1.007109           0.888652E-5        1.006335
        7.428000           0.111992E-4        1.007109           0.888703E-5        1.006335
        7.430000           0.112000E-4        1.007109           0.888753E-5        1.006336
        7.432000           0.112007E-4        1.007110           0.888803E-5        1.006336
        7.434000           0.112014E-4        1.007110           0.888853E-5        1.006336
        7.435999           0.112021E-4        1.007110           0.888903E-5        1.006336
        7.438000           0.112028E-4        1.007110           0.888953E-5        1.006336
        7.440000           0.112035E-4        1.007110           0.889003E-5        1.006337
        7.441999           0.112042E-4        1.007111           0.889053E-5        1.006337
        7.443999           0.112049E-4        1.007111           0.889103E-5        1.006337
        7.445999           0.112056E-4        1.007111           0.889153E-5        1.006337
        7.448000           0.112063E-4        1.007111           0.889203E-5        1.006337
        7.450000           0.112070E-4        1.007112           0.889253E-5        1.006338
        7.452000           0.112078E-4        1.007112           0.889304E-5        1.006338
        7.453999           0.112085E-4        1.007112           0.889354E-5        1.006338
        7.455999           0.112092E-4        1.007112           0.889404E-5        1.006338
        7.458000           0.112099E-4        1.007112           0.889454E-5        1.006338
        7.460000           0.112106E-4        1.007113           0.889504E-5        1.006338
        7.461999           0.112113E-4        1.007113           0.889554E-5        1.006339
        7.463999           0.112120E-4        1.007113           0.889604E-5        1.006339
        7.465999           0.112127E-4        1.007113           0.889654E-5        1.006339
        7.468000           0.112134E-4        1.007113           0.889705E-5        1.006339
        7.470000           0.112141E-4        1.007114           0.889755E-5        1.006339
        7.471999           0.112148E-4        1.007114           0.889805E-5        1.006339
        7.473999           0.112156E-4        1.007114           0.889855E-5        1.006340
        7.475999           0.112163E-4        1.007114           0.889905E-5        1.006340
        7.478000           0.112170E-4        1.007115           0.889955E-5        1.006340
        7.480000           0.112177E-4        1.007115           0.890005E-5        1.006340
        7.481999           0.112184E-4        1.007115           0.890055E-5        1.006340
        7.483999           0.112191E-4        1.007115           0.890105E-5        1.006341
        7.486000           0.112198E-4        1.007115           0.890156E-5        1.006341
        7.488000           0.112205E-4        1.007116           0.890206E-5        1.006341
        7.489999           0.112212E-4        1.007116           0.890256E-5        1.006341
        7.491999           0.112220E-4        1.007116           0.890306E-5        1.006341
        7.493999           0.112227E-4        1.007116           0.890356E-5        1.006341
        7.496000           0.112234E-4        1.007117           0.890406E-5        1.006342
        7.498000           0.112241E-4        1.007117           0.890457E-5        1.006342
        7.500000           0.112248E-4        1.007117           0.890507E-5        1.006342
        7.501999           0.112255E-4        1.007117           0.890557E-5        1.006342
        7.503999           0.112262E-4        1.007118           0.890607E-5        1.006342
        7.506000           0.112269E-4        1.007118           0.890658E-5        1.006343
        7.507999           0.112276E-4        1.007118           0.890708E-5        1.006343
        7.509999           0.112284E-4        1.007118           0.890758E-5        1.006343
        7.511999           0.112291E-4        1.007118           0.890808E-5        1.006343
        7.513999           0.112298E-4        1.007119           0.890858E-5        1.006343
        7.516000           0.112305E-4        1.007119           0.890909E-5        1.006343
        7.518000           0.112312E-4        1.007119           0.890959E-5        1.006344
        7.520000           0.112319E-4        1.007119           0.891009E-5        1.006344
        7.521999           0.112326E-4        1.007120           0.891060E-5        1.006344
        7.523999           0.112333E-4        1.007120           0.891109E-5        1.006344
        7.526000           0.112340E-4        1.007120           0.891160E-5        1.006344
        7.527999           0.112348E-4        1.007120           0.891210E-5        1.006344
        7.529999           0.112355E-4        1.007120           0.891261E-5        1.006345
        7.531999           0.112362E-4        1.007121           0.891310E-5        1.006345
        7.533999           0.112369E-4        1.007121           0.891361E-5        1.006345
        7.536000           0.112376E-4        1.007121           0.891411E-5        1.006345
        7.538000           0.112383E-4        1.007121           0.891461E-5        1.006345
        7.539999           0.112390E-4        1.007122           0.891511E-5        1.006346
        7.541999           0.112397E-4        1.007122           0.891562E-5        1.006346
        7.543999           0.112405E-4        1.007122           0.891612E-5        1.006346
        7.546000           0.112412E-4        1.007122           0.891663E-5        1.006346
        7.547999           0.112419E-4        1.007123           0.891713E-5        1.006346
        7.549999           0.112426E-4        1.007123           0.891763E-5        1.006346
        7.551999           0.112433E-4        1.007123           0.891813E-5        1.006347
        7.554000           0.112440E-4        1.007123           0.891864E-5        1.006347
        7.556000           0.112447E-4        1.007123           0.891914E-5        1.006347
        7.558000           0.112454E-4        1.007124           0.891964E-5        1.006347
        7.559999           0.112462E-4        1.007124           0.892014E-5        1.006347
        7.561999           0.112469E-4        1.007124           0.892065E-5        1.006347
        7.564000           0.112476E-4        1.007124           0.892115E-5        1.006348
        7.566000           0.112483E-4        1.007125           0.892166E-5        1.006348
        7.567999           0.112490E-4        1.007125           0.892216E-5        1.006348
        7.569999           0.112497E-4        1.007125           0.892266E-5        1.006348
        7.571999           0.112504E-4        1.007125           0.892317E-5        1.006348
        7.574000           0.112512E-4        1.007125           0.892367E-5        1.006348
        7.576000           0.112519E-4        1.007126           0.892417E-5        1.006349
        7.578000           0.112526E-4        1.007126           0.892468E-5        1.006349
        7.579999           0.112533E-4        1.007126           0.892518E-5        1.006349
        7.581999           0.112540E-4        1.007126           0.892568E-5        1.006349
        7.584000           0.112547E-4        1.007127           0.892618E-5        1.006349
        7.585999           0.112554E-4        1.007127           0.892669E-5        1.006350
        7.587999           0.112561E-4        1.007127           0.892720E-5        1.006350
        7.589999           0.112569E-4        1.007127           0.892770E-5        1.006350
        7.591999           0.112576E-4        1.007127           0.892820E-5        1.006350
        7.594000           0.112583E-4        1.007128           0.892871E-5        1.006350
        7.596000           0.112590E-4        1.007128           0.892921E-5        1.006351
        7.598000           0.112597E-4        1.007128           0.892972E-5        1.006351
        7.599999           0.112604E-4        1.007128           0.893022E-5        1.006351
        7.601999           0.112611E-4        1.007129           0.893072E-5        1.006351
        7.604000           0.112619E-4        1.007129           0.893123E-5        1.006351
        7.605999           0.112626E-4        1.007129           0.893173E-5        1.006351
        7.607999           0.112633E-4        1.007129           0.893223E-5        1.006352
        7.609999           0.112640E-4        1.007129           0.893274E-5        1.006352
        7.611999           0.112647E-4        1.007130           0.893324E-5        1.006352
        7.614000           0.112654E-4        1.007130           0.893375E-5        1.006352
        7.616000           0.112662E-4        1.007130           0.893425E-5        1.006352
        7.618000           0.112669E-4        1.007130           0.893476E-5        1.006352
        7.619999           0.112676E-4        1.007131           0.893526E-5        1.006353
        7.621999           0.112683E-4        1.007131           0.893577E-5        1.006353
        7.624000           0.112690E-4        1.007131           0.893627E-5        1.006353
        7.625999           0.112697E-4        1.007131           0.893677E-5        1.006353
        7.627999           0.112704E-4        1.007131           0.893728E-5        1.006353
        7.629999           0.112712E-4        1.007132           0.893778E-5        1.006353
        7.632000           0.112719E-4        1.007132           0.893829E-5        1.006354
        7.634000           0.112726E-4        1.007132           0.893880E-5        1.006354
        7.636000           0.112733E-4        1.007132           0.893930E-5        1.006354
        7.638000           0.112740E-4        1.007133           0.893980E-5        1.006354
        7.639999           0.112747E-4        1.007133           0.894031E-5        1.006354
        7.642000           0.112755E-4        1.007133           0.894081E-5        1.006355
        7.644000           0.112762E-4        1.007133           0.894132E-5        1.006355
        7.645999           0.112769E-4        1.007133           0.894182E-5        1.006355
        7.647999           0.112776E-4        1.007134           0.894233E-5        1.006355
        7.649999           0.112783E-4        1.007134           0.894283E-5        1.006355
        7.652000           0.112790E-4        1.007134           0.894334E-5        1.006356
        7.654000           0.112797E-4        1.007134           0.894384E-5        1.006356
        7.656000           0.112805E-4        1.007135           0.894435E-5        1.006356
        7.658000           0.112812E-4        1.007135           0.894485E-5        1.006356
        7.659999           0.112819E-4        1.007135           0.894536E-5        1.006356
        7.662000           0.112826E-4        1.007135           0.894586E-5        1.006356
        7.664000           0.112833E-4        1.007136           0.894637E-5        1.006357
        7.665999           0.112840E-4        1.007136           0.894688E-5        1.006357
        7.667999           0.112848E-4        1.007136           0.894738E-5        1.006357
        7.669999           0.112855E-4        1.007136           0.894789E-5        1.006357
        7.672000           0.112862E-4        1.007136           0.894839E-5        1.006357
        7.674000           0.112869E-4        1.007137           0.894890E-5        1.006357
        7.676000           0.112876E-4        1.007137           0.894940E-5        1.006358
        7.677999           0.112884E-4        1.007137           0.894991E-5        1.006358
        7.679999           0.112891E-4        1.007137           0.895042E-5        1.006358
        7.682000           0.112898E-4        1.007138           0.895092E-5        1.006358
        7.684000           0.112905E-4        1.007138           0.895143E-5        1.006358
        7.685999           0.112912E-4        1.007138           0.895193E-5        1.006359
        7.687999           0.112919E-4        1.007138           0.895244E-5        1.006359
        7.689999           0.112927E-4        1.007138           0.895295E-5        1.006359
        7.692000           0.112934E-4        1.007139           0.895345E-5        1.006359
        7.694000           0.112941E-4        1.007139           0.895395E-5        1.006359
        7.695999           0.112948E-4        1.007139           0.895446E-5        1.006359
        7.697999           0.112955E-4        1.007139           0.895497E-5        1.006360
        7.699999           0.112962E-4        1.007140           0.895547E-5        1.006360
        7.702000           0.112970E-4        1.007140           0.895598E-5        1.006360
        7.704000           0.112977E-4        1.007140           0.895649E-5        1.006360
        7.705999           0.112984E-4        1.007140           0.895699E-5        1.006360
        7.707999           0.112991E-4        1.007141           0.895750E-5        1.006361
        7.710000           0.112998E-4        1.007141           0.895801E-5        1.006361
        7.712000           0.113006E-4        1.007141           0.895851E-5        1.006361
        7.713999           0.113013E-4        1.007141           0.895902E-5        1.006361
        7.715999           0.113020E-4        1.007141           0.895953E-5        1.006361
        7.717999           0.113027E-4        1.007142           0.896003E-5        1.006361
        7.720000           0.113034E-4        1.007142           0.896054E-5        1.006362
        7.722000           0.113041E-4        1.007142           0.896104E-5        1.006362
        7.724000           0.113049E-4        1.007142           0.896156E-5        1.006362
        7.725999           0.113056E-4        1.007143           0.896206E-5        1.006362
        7.727999           0.113063E-4        1.007143           0.896257E-5        1.006362
        7.730000           0.113070E-4        1.007143           0.896307E-5        1.006362
        7.731999           0.113077E-4        1.007143           0.896358E-5        1.006363
        7.733999           0.113085E-4        1.007143           0.896409E-5        1.006363
        7.735999           0.113092E-4        1.007144           0.896459E-5        1.006363
        7.737999           0.113099E-4        1.007144           0.896510E-5        1.006363
        7.740000           0.113106E-4        1.007144           0.896561E-5        1.006363
        7.742000           0.113113E-4        1.007144           0.896612E-5        1.006364
        7.743999           0.113121E-4        1.007145           0.896662E-5        1.006364
        7.745999           0.113128E-4        1.007145           0.896713E-5        1.006364
        7.747999           0.113135E-4        1.007145           0.896764E-5        1.006364
        7.750000           0.113142E-4        1.007145           0.896815E-5        1.006364
        7.751999           0.113149E-4        1.007146           0.896865E-5        1.006364
        7.753999           0.113157E-4        1.007146           0.896916E-5        1.006365
        7.755999           0.113164E-4        1.007146           0.896967E-5        1.006365
        7.757999           0.113171E-4        1.007146           0.897017E-5        1.006365
        7.760000           0.113178E-4        1.007146           0.897069E-5        1.006365
        7.762000           0.113185E-4        1.007147           0.897119E-5        1.006365
        7.763999           0.113193E-4        1.007147           0.897170E-5        1.006366
        7.765999           0.113200E-4        1.007147           0.897220E-5        1.006366
        7.767999           0.113207E-4        1.007147           0.897271E-5        1.006366
        7.770000           0.113214E-4        1.007148           0.897322E-5        1.006366
        7.771999           0.113221E-4        1.007148           0.897373E-5        1.006366
        7.773999           0.113229E-4        1.007148           0.897424E-5        1.006366
        7.775999           0.113236E-4        1.007148           0.897474E-5        1.006367
        7.777999           0.113243E-4        1.007149           0.897525E-5        1.006367
        7.780000           0.113250E-4        1.007149           0.897576E-5        1.006367
        7.782000           0.113257E-4        1.007149           0.897627E-5        1.006367
        7.783999           0.113265E-4        1.007149           0.897678E-5        1.006367
        7.785999           0.113272E-4        1.007149           0.897728E-5        1.006368
        7.788000           0.113279E-4        1.007150           0.897779E-5        1.006368
        7.789999           0.113286E-4        1.007150           0.897830E-5        1.006368
        7.791999           0.113293E-4        1.007150           0.897880E-5        1.006368
        7.793999           0.113301E-4        1.007150           0.897932E-5        1.006368
        7.795999           0.113308E-4        1.007151           0.897982E-5        1.006368
        7.798000           0.113315E-4        1.007151           0.898033E-5        1.006369
        7.800000           0.113322E-4        1.007151           0.898084E-5        1.006369
        7.802000           0.113329E-4        1.007151           0.898135E-5        1.006369
        7.803999           0.113337E-4        1.007151           0.898186E-5        1.006369
        7.805999           0.113344E-4        1.007152           0.898236E-5        1.006369
        7.808000           0.113351E-4        1.007152           0.898287E-5        1.006369
        7.809999           0.113358E-4        1.007152           0.898338E-5        1.006370
        7.811999           0.113366E-4        1.007152           0.898389E-5        1.006370
        7.813999           0.113373E-4        1.007153           0.898440E-5        1.006370
        7.815999           0.113380E-4        1.007153           0.898490E-5        1.006370
        7.818000           0.113387E-4        1.007153           0.898542E-5        1.006370
        7.820000           0.113394E-4        1.007153           0.898592E-5        1.006371
        7.822000           0.113402E-4        1.007153           0.898643E-5        1.006371
        7.823999           0.113409E-4        1.007154           0.898694E-5        1.006371
        7.825999           0.113416E-4        1.007154           0.898745E-5        1.006371
        7.828000           0.113423E-4        1.007154           0.898796E-5        1.006371
        7.829999           0.113431E-4        1.007154           0.898847E-5        1.006371
        7.831999           0.113438E-4        1.007155           0.898898E-5        1.006372
        7.833999           0.113445E-4        1.007155           0.898949E-5        1.006372
        7.835999           0.113452E-4        1.007155           0.898999E-5        1.006372
        7.838000           0.113459E-4        1.007155           0.899051E-5        1.006372
        7.840000           0.113467E-4        1.007155           0.899102E-5        1.006372
        7.842000           0.113474E-4        1.007156           0.899153E-5        1.006373
        7.843999           0.113481E-4        1.007156           0.899203E-5        1.006373
        7.845999           0.113488E-4        1.007156           0.899254E-5        1.006373
        7.848000           0.113496E-4        1.007156           0.899305E-5        1.006373
        7.849999           0.113503E-4        1.007157           0.899356E-5        1.006373
        7.851999           0.113510E-4        1.007157           0.899407E-5        1.006373
        7.853999           0.113517E-4        1.007157           0.899458E-5        1.006374
        7.856000           0.113524E-4        1.007157           0.899509E-5        1.006374
        7.858000           0.113532E-4        1.007158           0.899560E-5        1.006374
        7.860000           0.113539E-4        1.007158           0.899611E-5        1.006374
        7.862000           0.113546E-4        1.007158           0.899662E-5        1.006374
        7.863999           0.113553E-4        1.007158           0.899713E-5        1.006374
        7.866000           0.113561E-4        1.007158           0.899764E-5        1.006375
        7.868000           0.113568E-4        1.007159           0.899814E-5        1.006375
        7.869999           0.113575E-4        1.007159           0.899866E-5        1.006375
        7.871999           0.113582E-4        1.007159           0.899917E-5        1.006375
        7.873999           0.113590E-4        1.007159           0.899968E-5        1.006375
        7.876000           0.113597E-4        1.007160           0.900019E-5        1.006376
        7.878000           0.113604E-4        1.007160           0.900070E-5        1.006376
        7.880000           0.113611E-4        1.007160           0.900121E-5        1.006376
        7.881999           0.113619E-4        1.007160           0.900172E-5        1.006376
        7.883999           0.113626E-4        1.007160           0.900223E-5        1.006376
        7.886000           0.113633E-4        1.007161           0.900274E-5        1.006377
        7.888000           0.113640E-4        1.007161           0.900325E-5        1.006377
        7.889999           0.113648E-4        1.007161           0.900376E-5        1.006377
        7.891999           0.113655E-4        1.007161           0.900427E-5        1.006377
        7.893999           0.113662E-4        1.007162           0.900478E-5        1.006377
        7.896000           0.113669E-4        1.007162           0.900529E-5        1.006377
        7.898000           0.113677E-4        1.007162           0.900580E-5        1.006378
        7.900000           0.113684E-4        1.007162           0.900631E-5        1.006378
        7.901999           0.113691E-4        1.007163           0.900682E-5        1.006378
        7.903999           0.113698E-4        1.007163           0.900734E-5        1.006378
        7.906000           0.113706E-4        1.007163           0.900784E-5        1.006378
        7.908000           0.113713E-4        1.007163           0.900835E-5        1.006379
        7.909999           0.113720E-4        1.007163           0.900887E-5        1.006379
        7.911999           0.113727E-4        1.007164           0.900937E-5        1.006379
        7.913999           0.113735E-4        1.007164           0.900989E-5        1.006379
        7.916000           0.113742E-4        1.007164           0.901040E-5        1.006379
        7.918000           0.113749E-4        1.007164           0.901091E-5        1.006379
        7.920000           0.113756E-4        1.007165           0.901142E-5        1.006380
        7.921999           0.113764E-4        1.007165           0.901193E-5        1.006380
        7.923999           0.113771E-4        1.007165           0.901245E-5        1.006380
        7.926000           0.113778E-4        1.007165           0.901295E-5        1.006380
        7.927999           0.113785E-4        1.007165           0.901346E-5        1.006380
        7.929999           0.113793E-4        1.007166           0.901398E-5        1.006380
        7.931999           0.113800E-4        1.007166           0.901448E-5        1.006381
        7.934000           0.113807E-4        1.007166           0.901501E-5        1.006381
        7.936000           0.113814E-4        1.007166           0.901551E-5        1.006381
        7.938000           0.113822E-4        1.007167           0.901602E-5        1.006381
        7.939999           0.113829E-4        1.007167           0.901653E-5        1.006381
        7.941999           0.113836E-4        1.007167           0.901704E-5        1.006382
        7.944000           0.113843E-4        1.007167           0.901756E-5        1.006382
        7.946000           0.113851E-4        1.007168           0.901807E-5        1.006382
        7.947999           0.113858E-4        1.007168           0.901858E-5        1.006382
        7.949999           0.113865E-4        1.007168           0.901909E-5        1.006382
        7.951999           0.113872E-4        1.007168           0.901960E-5        1.006382
        7.954000           0.113880E-4        1.007168           0.902011E-5        1.006383
        7.955999           0.113887E-4        1.007169           0.902062E-5        1.006383
        7.957999           0.113894E-4        1.007169           0.902114E-5        1.006383
        7.959999           0.113902E-4        1.007169           0.902165E-5        1.006383
        7.961999           0.113909E-4        1.007169           0.902216E-5        1.006383
        7.964000           0.113916E-4        1.007170           0.902267E-5        1.006384
        7.966000           0.113923E-4        1.007170           0.902319E-5        1.006384
        7.967999           0.113931E-4        1.007170           0.902370E-5        1.006384
        7.969999           0.113938E-4        1.007170           0.902421E-5        1.006384
        7.971999           0.113945E-4        1.007170           0.902472E-5        1.006384
        7.974000           0.113952E-4        1.007171           0.902523E-5        1.006384
        7.975999           0.113960E-4        1.007171           0.902574E-5        1.006385
        7.977999           0.113967E-4        1.007171           0.902626E-5        1.006385
        7.979999           0.113974E-4        1.007171           0.902677E-5        1.006385
        7.981999           0.113982E-4        1.007172           0.902728E-5        1.006385
        7.984000           0.113989E-4        1.007172           0.902780E-5        1.006385
        7.986000           0.113996E-4        1.007172           0.902831E-5        1.006386
        7.987999           0.114003E-4        1.007172           0.902882E-5        1.006386
        7.989999           0.114011E-4        1.007173           0.902933E-5        1.006386
        7.991999           0.114018E-4        1.007173           0.902985E-5        1.006386
        7.993999           0.114025E-4        1.007173           0.903036E-5        1.006386
        7.995999           0.114032E-4        1.007173           0.903087E-5        1.006386
        7.997999           0.114040E-4        1.007173           0.903138E-5        1.006387
        7.999999           0.114047E-4        1.007174           0.903190E-5        1.006387
        8.001999           0.114054E-4        1.007174           0.903241E-5        1.006387
        8.004000           0.114062E-4        1.007174           0.903292E-5        1.006387
        8.006000           0.114069E-4        1.007174           0.903343E-5        1.006387
        8.007999           0.114076E-4        1.007175           0.903395E-5        1.006387
        8.009999           0.114083E-4        1.007175           0.903446E-5        1.006388
        8.012000           0.114091E-4        1.007175           0.903497E-5        1.006388
        8.014000           0.114098E-4        1.007175           0.903548E-5        1.006388
        8.016000           0.114105E-4        1.007175           0.903600E-5        1.006388
        8.018000           0.114113E-4        1.007176           0.903651E-5        1.006388
        8.020000           0.114120E-4        1.007176           0.903702E-5        1.006389
        8.021999           0.114127E-4        1.007176           0.903754E-5        1.006389
        8.023999           0.114135E-4        1.007176           0.903805E-5        1.006389
        8.025999           0.114142E-4        1.007177           0.903856E-5        1.006389
        8.027999           0.114149E-4        1.007177           0.903908E-5        1.006389
        8.029999           0.114156E-4        1.007177           0.903959E-5        1.006389
        8.032000           0.114164E-4        1.007177           0.904011E-5        1.006390
        8.033999           0.114171E-4        1.007178           0.904062E-5        1.006390
        8.035999           0.114178E-4        1.007178           0.904113E-5        1.006390
        8.037999           0.114186E-4        1.007178           0.904165E-5        1.006390
        8.039999           0.114193E-4        1.007178           0.904216E-5        1.006390
        8.042000           0.114200E-4        1.007178           0.904267E-5        1.006391
        8.044000           0.114207E-4        1.007179           0.904318E-5        1.006391
        8.046000           0.114215E-4        1.007179           0.904370E-5        1.006391
        8.047999           0.114222E-4        1.007179           0.904421E-5        1.006391
        8.049999           0.114229E-4        1.007179           0.904473E-5        1.006391
        8.052000           0.114237E-4        1.007180           0.904524E-5        1.006392
        8.054000           0.114244E-4        1.007180           0.904575E-5        1.006392
        8.056000           0.114251E-4        1.007180           0.904627E-5        1.006392
        8.058000           0.114259E-4        1.007180           0.904678E-5        1.006392
        8.059999           0.114266E-4        1.007181           0.904730E-5        1.006392
        8.061999           0.114273E-4        1.007181           0.904781E-5        1.006392
        8.063999           0.114280E-4        1.007181           0.904833E-5        1.006393
        8.065999           0.114288E-4        1.007181           0.904884E-5        1.006393
        8.067999           0.114295E-4        1.007181           0.904935E-5        1.006393
        8.069999           0.114302E-4        1.007182           0.904987E-5        1.006393
        8.072000           0.114310E-4        1.007182           0.905038E-5        1.006393
        8.073999           0.114317E-4        1.007182           0.905090E-5        1.006393
        8.075999           0.114324E-4        1.007182           0.905141E-5        1.006394
        8.077999           0.114332E-4        1.007183           0.905193E-5        1.006394
        8.080000           0.114339E-4        1.007183           0.905244E-5        1.006394
        8.082000           0.114346E-4        1.007183           0.905295E-5        1.006394
        8.084000           0.114354E-4        1.007183           0.905347E-5        1.006394
        8.085999           0.114361E-4        1.007184           0.905398E-5        1.006395
        8.087999           0.114368E-4        1.007184           0.905450E-5        1.006395
        8.090000           0.114376E-4        1.007184           0.905502E-5        1.006395
        8.092000           0.114383E-4        1.007184           0.905553E-5        1.006395
        8.094000           0.114390E-4        1.007184           0.905604E-5        1.006395
        8.096000           0.114397E-4        1.007185           0.905656E-5        1.006395
        8.098000           0.114405E-4        1.007185           0.905707E-5        1.006396
        8.099999           0.114412E-4        1.007185           0.905758E-5        1.006396
        8.101999           0.114419E-4        1.007185           0.905810E-5        1.006396
        8.103999           0.114427E-4        1.007186           0.905862E-5        1.006396
        8.105999           0.114434E-4        1.007186           0.905913E-5        1.006396
        8.107999           0.114441E-4        1.007186           0.905965E-5        1.006397
        8.110000           0.114449E-4        1.007186           0.906016E-5        1.006397
        8.112000           0.114456E-4        1.007186           0.906068E-5        1.006397
        8.113999           0.114463E-4        1.007187           0.906119E-5        1.006397
        8.115999           0.114471E-4        1.007187           0.906171E-5        1.006397
        8.117999           0.114478E-4        1.007187           0.906222E-5        1.006397
        8.120000           0.114485E-4        1.007187           0.906274E-5        1.006398
        8.122000           0.114493E-4        1.007188           0.906326E-5        1.006398
        8.124000           0.114500E-4        1.007188           0.906377E-5        1.006398
        8.125999           0.114507E-4        1.007188           0.906428E-5        1.006398
        8.127999           0.114515E-4        1.007188           0.906480E-5        1.006398
        8.130000           0.114522E-4        1.007189           0.906532E-5        1.006399
        8.132000           0.114529E-4        1.007189           0.906584E-5        1.006399
        8.134000           0.114537E-4        1.007189           0.906635E-5        1.006399
        8.136000           0.114544E-4        1.007189           0.906686E-5        1.006399
        8.137999           0.114551E-4        1.007189           0.906738E-5        1.006399
        8.139999           0.114559E-4        1.007190           0.906789E-5        1.006400
        8.141999           0.114566E-4        1.007190           0.906841E-5        1.006400
        8.143999           0.114573E-4        1.007190           0.906893E-5        1.006400
        8.145999           0.114581E-4        1.007190           0.906944E-5        1.006400
        8.147999           0.114588E-4        1.007191           0.906996E-5        1.006400
        8.150000           0.114595E-4        1.007191           0.907047E-5        1.006400
        8.151999           0.114603E-4        1.007191           0.907099E-5        1.006401
        8.153999           0.114610E-4        1.007191           0.907150E-5        1.006401
        8.155999           0.114617E-4        1.007192           0.907202E-5        1.006401
        8.158000           0.114625E-4        1.007192           0.907254E-5        1.006401
        8.160000           0.114632E-4        1.007192           0.907306E-5        1.006401
        8.162000           0.114639E-4        1.007192           0.907357E-5        1.006401
        8.164000           0.114647E-4        1.007192           0.907409E-5        1.006402
        8.165999           0.114654E-4        1.007193           0.907460E-5        1.006402
        8.168000           0.114661E-4        1.007193           0.907512E-5        1.006402
        8.170000           0.114669E-4        1.007193           0.907564E-5        1.006402
        8.171999           0.114676E-4        1.007193           0.907615E-5        1.006402
        8.173999           0.114683E-4        1.007194           0.907667E-5        1.006402
        8.175999           0.114691E-4        1.007194           0.907718E-5        1.006403
        8.177999           0.114698E-4        1.007194           0.907770E-5        1.006403
        8.179999           0.114705E-4        1.007194           0.907822E-5        1.006403
        8.181999           0.114713E-4        1.007195           0.907874E-5        1.006403
        8.183999           0.114720E-4        1.007195           0.907925E-5        1.006403
        8.185999           0.114727E-4        1.007195           0.907977E-5        1.006404
        8.188000           0.114735E-4        1.007195           0.908028E-5        1.006404
        8.190000           0.114742E-4        1.007195           0.908080E-5        1.006404
        8.191999           0.114749E-4        1.007196           0.908132E-5        1.006404
        8.193999           0.114757E-4        1.007196           0.908184E-5        1.006404
        8.195999           0.114764E-4        1.007196           0.908235E-5        1.006405
        8.198000           0.114772E-4        1.007196           0.908287E-5        1.006405
        8.200000           0.114779E-4        1.007197           0.908339E-5        1.006405
        8.202000           0.114786E-4        1.007197           0.908391E-5        1.006405
        8.204000           0.114794E-4        1.007197           0.908443E-5        1.006405
        8.205999           0.114801E-4        1.007197           0.908494E-5        1.006405
        8.207999           0.114808E-4        1.007197           0.908546E-5        1.006406
        8.209999           0.114816E-4        1.007198           0.908597E-5        1.006406
        8.211999           0.114823E-4        1.007198           0.908649E-5        1.006406
        8.213999           0.114830E-4        1.007198           0.908701E-5        1.006406
        8.215999           0.114838E-4        1.007198           0.908752E-5        1.006406
        8.217999           0.114845E-4        1.007199           0.908805E-5        1.006407
        8.219999           0.114852E-4        1.007199           0.908856E-5        1.006407
        8.221999           0.114860E-4        1.007199           0.908908E-5        1.006407
        8.223999           0.114867E-4        1.007199           0.908960E-5        1.006407
        8.225999           0.114875E-4        1.007200           0.909012E-5        1.006407
        8.228000           0.114882E-4        1.007200           0.909063E-5        1.006407
        8.230000           0.114889E-4        1.007200           0.909115E-5        1.006408
        8.231999           0.114897E-4        1.007200           0.909167E-5        1.006408
        8.233999           0.114904E-4        1.007200           0.909218E-5        1.006408
        8.236000           0.114911E-4        1.007201           0.909270E-5        1.006408
        8.238000           0.114919E-4        1.007201           0.909322E-5        1.006408
        8.240000           0.114926E-4        1.007201           0.909374E-5        1.006409
        8.242000           0.114933E-4        1.007201           0.909425E-5        1.006409
        8.243999           0.114941E-4        1.007202           0.909477E-5        1.006409
        8.245999           0.114948E-4        1.007202           0.909529E-5        1.006409
        8.247999           0.114956E-4        1.007202           0.909581E-5        1.006409
        8.249999           0.114963E-4        1.007202           0.909633E-5        1.006409
        8.251999           0.114970E-4        1.007203           0.909685E-5        1.006410
        8.253999           0.114978E-4        1.007203           0.909737E-5        1.006410
        8.256000           0.114985E-4        1.007203           0.909788E-5        1.006410
        8.257999           0.114992E-4        1.007203           0.909840E-5        1.006410
        8.259999           0.115000E-4        1.007203           0.909892E-5        1.006410
        8.261999           0.115007E-4        1.007204           0.909944E-5        1.006411
        8.263999           0.115015E-4        1.007204           0.909996E-5        1.006411
        8.266000           0.115022E-4        1.007204           0.910048E-5        1.006411
        8.268000           0.115029E-4        1.007204           0.910100E-5        1.006411
        8.270000           0.115037E-4        1.007205           0.910151E-5        1.006411
        8.271999           0.115044E-4        1.007205           0.910203E-5        1.006411
        8.273999           0.115051E-4        1.007205           0.910255E-5        1.006412
        8.276000           0.115059E-4        1.007205           0.910307E-5        1.006412
        8.278000           0.115066E-4        1.007205           0.910359E-5        1.006412
        8.280000           0.115074E-4        1.007206           0.910411E-5        1.006412
        8.282000           0.115081E-4        1.007206           0.910463E-5        1.006412
        8.283999           0.115088E-4        1.007206           0.910515E-5        1.006413
        8.285999           0.115096E-4        1.007206           0.910567E-5        1.006413
        8.287999           0.115103E-4        1.007207           0.910618E-5        1.006413
        8.289999           0.115110E-4        1.007207           0.910670E-5        1.006413
        8.291999           0.115118E-4        1.007207           0.910722E-5        1.006413
        8.293999           0.115125E-4        1.007207           0.910774E-5        1.006413
        8.296000           0.115133E-4        1.007208           0.910826E-5        1.006414
        8.297999           0.115140E-4        1.007208           0.910878E-5        1.006414
        8.299999           0.115147E-4        1.007208           0.910930E-5        1.006414
        8.301999           0.115155E-4        1.007208           0.910982E-5        1.006414
        8.303999           0.115162E-4        1.007208           0.911034E-5        1.006414
        8.306000           0.115170E-4        1.007209           0.911086E-5        1.006415
        8.308000           0.115177E-4        1.007209           0.911138E-5        1.006415
        8.309999           0.115184E-4        1.007209           0.911190E-5        1.006415
        8.311999           0.115192E-4        1.007209           0.911242E-5        1.006415
        8.314000           0.115199E-4        1.007210           0.911294E-5        1.006415
        8.316000           0.115207E-4        1.007210           0.911346E-5        1.006415
        8.318000           0.115214E-4        1.007210           0.911398E-5        1.006416
        8.320000           0.115221E-4        1.007210           0.911450E-5        1.006416
        8.322000           0.115229E-4        1.007211           0.911502E-5        1.006416
        8.323999           0.115236E-4        1.007211           0.911554E-5        1.006416
        8.325999           0.115244E-4        1.007211           0.911606E-5        1.006416
        8.327999           0.115251E-4        1.007211           0.911658E-5        1.006417
        8.329999           0.115258E-4        1.007212           0.911710E-5        1.006417
        8.331999           0.115266E-4        1.007212           0.911761E-5        1.006417
        8.334000           0.115273E-4        1.007212           0.911814E-5        1.006417
        8.335999           0.115281E-4        1.007212           0.911866E-5        1.006417
        8.337999           0.115288E-4        1.007212           0.911918E-5        1.006418
        8.339999           0.115295E-4        1.007213           0.911970E-5        1.006418
        8.341999           0.115303E-4        1.007213           0.912022E-5        1.006418
        8.344000           0.115310E-4        1.007213           0.912074E-5        1.006418
        8.346000           0.115318E-4        1.007213           0.912126E-5        1.006418
        8.348000           0.115325E-4        1.007214           0.912178E-5        1.006418
        8.349999           0.115332E-4        1.007214           0.912230E-5        1.006419
        8.351999           0.115340E-4        1.007214           0.912282E-5        1.006419
        8.354000           0.115347E-4        1.007214           0.912334E-5        1.006419
        8.356000           0.115355E-4        1.007215           0.912386E-5        1.006419
        8.358000           0.115362E-4        1.007215           0.912438E-5        1.006419
        8.360000           0.115369E-4        1.007215           0.912490E-5        1.006419
        8.361999           0.115377E-4        1.007215           0.912542E-5        1.006420
        8.363999           0.115384E-4        1.007215           0.912594E-5        1.006420
        8.365999           0.115392E-4        1.007216           0.912646E-5        1.006420
        8.367999           0.115399E-4        1.007216           0.912698E-5        1.006420
        8.369999           0.115406E-4        1.007216           0.912750E-5        1.006420
        8.371999           0.115414E-4        1.007216           0.912802E-5        1.006421
        8.374000           0.115421E-4        1.007217           0.912855E-5        1.006421
        8.375999           0.115429E-4        1.007217           0.912907E-5        1.006421
        8.377999           0.115436E-4        1.007217           0.912959E-5        1.006421
        8.379999           0.115444E-4        1.007217           0.913011E-5        1.006421
        8.382000           0.115451E-4        1.007218           0.913063E-5        1.006421
        8.384000           0.115458E-4        1.007218           0.913115E-5        1.006422
        8.386000           0.115466E-4        1.007218           0.913167E-5        1.006422
        8.388000           0.115473E-4        1.007218           0.913220E-5        1.006422
        8.389999           0.115481E-4        1.007218           0.913272E-5        1.006422
        8.392000           0.115488E-4        1.007219           0.913324E-5        1.006422
        8.394000           0.115496E-4        1.007219           0.913376E-5        1.006423
        8.396000           0.115503E-4        1.007219           0.913428E-5        1.006423
        8.397999           0.115510E-4        1.007219           0.913480E-5        1.006423
        8.399999           0.115518E-4        1.007220           0.913532E-5        1.006423
        8.401999           0.115525E-4        1.007220           0.913585E-5        1.006423
        8.403999           0.115533E-4        1.007220           0.913636E-5        1.006423
        8.405999           0.115540E-4        1.007220           0.913689E-5        1.006424
        8.407999           0.115547E-4        1.007221           0.913741E-5        1.006424
        8.409999           0.115555E-4        1.007221           0.913793E-5        1.006424
        8.412000           0.115562E-4        1.007221           0.913846E-5        1.006424
        8.414000           0.115570E-4        1.007221           0.913897E-5        1.006424
        8.415999           0.115577E-4        1.007221           0.913950E-5        1.006425
        8.417999           0.115585E-4        1.007222           0.914002E-5        1.006425
        8.419999           0.115592E-4        1.007222           0.914054E-5        1.006425
        8.422000           0.115599E-4        1.007222           0.914107E-5        1.006425
        8.424000           0.115607E-4        1.007222           0.914159E-5        1.006425
        8.426000           0.115614E-4        1.007223           0.914211E-5        1.006425
        8.427999           0.115622E-4        1.007223           0.914263E-5        1.006426
        8.429999           0.115629E-4        1.007223           0.914315E-5        1.006426
        8.432000           0.115637E-4        1.007223           0.914368E-5        1.006426
        8.433999           0.115644E-4        1.007223           0.914420E-5        1.006426
        8.435999           0.115652E-4        1.007224           0.914472E-5        1.006426
        8.437999           0.115659E-4        1.007224           0.914524E-5        1.006427
        8.439999           0.115666E-4        1.007224           0.914577E-5        1.006427
        8.441999           0.115674E-4        1.007224           0.914629E-5        1.006427
        8.443999           0.115681E-4        1.007225           0.914681E-5        1.006427
        8.445999           0.115689E-4        1.007225           0.914733E-5        1.006427
        8.447999           0.115696E-4        1.007225           0.914786E-5        1.006428
        8.449999           0.115704E-4        1.007225           0.914838E-5        1.006428
        8.452000           0.115711E-4        1.007226           0.914890E-5        1.006428
        8.454000           0.115718E-4        1.007226           0.914942E-5        1.006428
        8.455999           0.115726E-4        1.007226           0.914995E-5        1.006428
        8.457999           0.115733E-4        1.007226           0.915047E-5        1.006428
        8.460000           0.115741E-4        1.007226           0.915099E-5        1.006429
        8.462000           0.115748E-4        1.007227           0.915151E-5        1.006429
        8.464000           0.115756E-4        1.007227           0.915204E-5        1.006429
        8.466000           0.115763E-4        1.007227           0.915256E-5        1.006429
        8.467999           0.115771E-4        1.007227           0.915308E-5        1.006429
        8.469999           0.115778E-4        1.007228           0.915361E-5        1.006430
        8.471999           0.115786E-4        1.007228           0.915413E-5        1.006430
        8.473999           0.115793E-4        1.007228           0.915465E-5        1.006430
        8.475999           0.115800E-4        1.007228           0.915518E-5        1.006430
        8.477999           0.115808E-4        1.007229           0.915570E-5        1.006430
        8.480000           0.115815E-4        1.007229           0.915623E-5        1.006430
        8.481999           0.115823E-4        1.007229           0.915675E-5        1.006431
        8.483999           0.115830E-4        1.007229           0.915727E-5        1.006431
        8.485999           0.115838E-4        1.007230           0.915780E-5        1.006431
        8.487999           0.115845E-4        1.007230           0.915832E-5        1.006431
        8.490000           0.115853E-4        1.007230           0.915884E-5        1.006431
        8.492000           0.115860E-4        1.007230           0.915936E-5        1.006432
        8.493999           0.115868E-4        1.007230           0.915989E-5        1.006432
        8.495999           0.115875E-4        1.007231           0.916041E-5        1.006432
        8.497999           0.115882E-4        1.007231           0.916094E-5        1.006432
        8.500000           0.115890E-4        1.007231           0.916146E-5        1.006432
        8.502000           0.115897E-4        1.007231           0.916198E-5        1.006432
        8.504000           0.115905E-4        1.007232           0.916251E-5        1.006433
        8.506000           0.115912E-4        1.007232           0.916303E-5        1.006433
        8.507999           0.115920E-4        1.007232           0.916355E-5        1.006433
        8.509999           0.115927E-4        1.007232           0.916408E-5        1.006433
        8.511999           0.115935E-4        1.007233           0.916460E-5        1.006433
        8.513999           0.115942E-4        1.007233           0.916513E-5        1.006434
        8.515999           0.115950E-4        1.007233           0.916565E-5        1.006434
        8.517999           0.115957E-4        1.007233           0.916618E-5        1.006434
        8.520000           0.115965E-4        1.007234           0.916670E-5        1.006434
        8.521999           0.115972E-4        1.007234           0.916723E-5        1.006434
        8.523999           0.115980E-4        1.007234           0.916775E-5        1.006434
        8.525999           0.115987E-4        1.007234           0.916827E-5        1.006435
        8.527999           0.115994E-4        1.007234           0.916880E-5        1.006435
        8.530000           0.116002E-4        1.007235           0.916932E-5        1.006435
        8.532000           0.116009E-4        1.007235           0.916985E-5        1.006435
        8.533999           0.116017E-4        1.007235           0.917038E-5        1.006435
        8.535999           0.116024E-4        1.007235           0.917090E-5        1.006436
        8.538000           0.116032E-4        1.007236           0.917142E-5        1.006436
        8.540000           0.116039E-4        1.007236           0.917195E-5        1.006436
        8.542000           0.116047E-4        1.007236           0.917247E-5        1.006436
        8.544000           0.116054E-4        1.007236           0.917299E-5        1.006436
        8.546000           0.116062E-4        1.007236           0.917352E-5        1.006436
        8.547999           0.116069E-4        1.007237           0.917405E-5        1.006437
        8.549999           0.116077E-4        1.007237           0.917457E-5        1.006437
        8.551999           0.116084E-4        1.007237           0.917510E-5        1.006437
        8.553999           0.116092E-4        1.007237           0.917562E-5        1.006437
        8.555999           0.116099E-4        1.007238           0.917615E-5        1.006437
        8.558000           0.116107E-4        1.007238           0.917667E-5        1.006438
        8.559999           0.116114E-4        1.007238           0.917720E-5        1.006438
        8.561999           0.116122E-4        1.007238           0.917772E-5        1.006438
        8.563999           0.116129E-4        1.007239           0.917825E-5        1.006438
        8.565999           0.116137E-4        1.007239           0.917877E-5        1.006438
        8.568000           0.116144E-4        1.007239           0.917930E-5        1.006438
        8.570000           0.116151E-4        1.007239           0.917982E-5        1.006439
        8.572000           0.116159E-4        1.007239           0.918035E-5        1.006439
        8.573999           0.116166E-4        1.007240           0.918087E-5        1.006439
        8.575999           0.116174E-4        1.007240           0.918140E-5        1.006439
        8.578000           0.116181E-4        1.007240           0.918192E-5        1.006439
        8.580000           0.116189E-4        1.007240           0.918245E-5        1.006440
        8.582000           0.116196E-4        1.007241           0.918298E-5        1.006440
        8.584000           0.116204E-4        1.007241           0.918350E-5        1.006440
        8.585999           0.116211E-4        1.007241           0.918403E-5        1.006440
        8.587999           0.116219E-4        1.007241           0.918455E-5        1.006440
        8.589999           0.116226E-4        1.007242           0.918508E-5        1.006441
        8.591999           0.116234E-4        1.007242           0.918560E-5        1.006441
        8.593999           0.116241E-4        1.007242           0.918613E-5        1.006441
        8.595999           0.116249E-4        1.007242           0.918666E-5        1.006441
        8.598000           0.116256E-4        1.007243           0.918718E-5        1.006441
        8.599999           0.116264E-4        1.007243           0.918771E-5        1.006441
        8.601999           0.116271E-4        1.007243           0.918824E-5        1.006442
        8.603999           0.116279E-4        1.007243           0.918876E-5        1.006442
        8.606000           0.116286E-4        1.007244           0.918929E-5        1.006442
        8.608000           0.116294E-4        1.007244           0.918981E-5        1.006442
        8.610000           0.116301E-4        1.007244           0.919034E-5        1.006442
        8.612000           0.116309E-4        1.007244           0.919087E-5        1.006443
        8.613999           0.116316E-4        1.007244           0.919139E-5        1.006443
        8.616000           0.116324E-4        1.007245           0.919192E-5        1.006443
        8.618000           0.116331E-4        1.007245           0.919245E-5        1.006443
        8.620000           0.116339E-4        1.007245           0.919297E-5        1.006443
        8.621999           0.116346E-4        1.007245           0.919350E-5        1.006444
        8.623999           0.116354E-4        1.007246           0.919403E-5        1.006444
        8.625999           0.116361E-4        1.007246           0.919455E-5        1.006444
        8.627999           0.116369E-4        1.007246           0.919508E-5        1.006444
        8.629999           0.116376E-4        1.007246           0.919561E-5        1.006444
        8.631999           0.116384E-4        1.007246           0.919613E-5        1.006444
        8.633999           0.116391E-4        1.007247           0.919666E-5        1.006445
        8.636000           0.116399E-4        1.007247           0.919719E-5        1.006445
        8.638000           0.116406E-4        1.007247           0.919771E-5        1.006445
        8.639999           0.116414E-4        1.007247           0.919824E-5        1.006445
        8.641999           0.116421E-4        1.007248           0.919877E-5        1.006445
        8.643999           0.116429E-4        1.007248           0.919929E-5        1.006446
        8.646000           0.116436E-4        1.007248           0.919982E-5        1.006446
        8.648000           0.116444E-4        1.007248           0.920035E-5        1.006446
        8.650000           0.116452E-4        1.007249           0.920087E-5        1.006446
        8.651999           0.116459E-4        1.007249           0.920140E-5        1.006446
        8.653999           0.116467E-4        1.007249           0.920193E-5        1.006446
        8.656000           0.116474E-4        1.007249           0.920245E-5        1.006447
        8.657999           0.116482E-4        1.007249           0.920298E-5        1.006447
        8.659999           0.116489E-4        1.007250           0.920351E-5        1.006447
        8.661999           0.116497E-4        1.007250           0.920404E-5        1.006447
        8.663999           0.116504E-4        1.007250           0.920457E-5        1.006447
        8.665999           0.116512E-4        1.007250           0.920509E-5        1.006448
        8.667999           0.116519E-4        1.007251           0.920562E-5        1.006448
        8.669999           0.116527E-4        1.007251           0.920615E-5        1.006448
        8.671999           0.116534E-4        1.007251           0.920668E-5        1.006448
        8.673999           0.116542E-4        1.007251           0.920720E-5        1.006448
        8.676000           0.116549E-4        1.007252           0.920773E-5        1.006448
        8.677999           0.116557E-4        1.007252           0.920826E-5        1.006449
        8.679999           0.116564E-4        1.007252           0.920879E-5        1.006449
        8.681999           0.116572E-4        1.007252           0.920931E-5        1.006449
        8.684000           0.116579E-4        1.007253           0.920984E-5        1.006449
        8.686000           0.116587E-4        1.007253           0.921037E-5        1.006449
        8.688000           0.116594E-4        1.007253           0.921090E-5        1.006450
        8.690000           0.116602E-4        1.007253           0.921143E-5        1.006450
        8.691999           0.116609E-4        1.007254           0.921196E-5        1.006450
        8.693999           0.116617E-4        1.007254           0.921249E-5        1.006450
        8.695999           0.116625E-4        1.007254           0.921301E-5        1.006450
        8.697999           0.116632E-4        1.007254           0.921354E-5        1.006450
        8.699999           0.116640E-4        1.007254           0.921407E-5        1.006451
        8.701999           0.116647E-4        1.007255           0.921460E-5        1.006451
        8.704000           0.116655E-4        1.007255           0.921513E-5        1.006451
        8.705999           0.116662E-4        1.007255           0.921566E-5        1.006451
        8.707999           0.116670E-4        1.007255           0.921619E-5        1.006451
        8.709999           0.116677E-4        1.007256           0.921671E-5        1.006452
        8.711999           0.116685E-4        1.007256           0.921724E-5        1.006452
        8.714000           0.116692E-4        1.007256           0.921777E-5        1.006452
        8.716000           0.116700E-4        1.007256           0.921830E-5        1.006452
        8.717999           0.116707E-4        1.007257           0.921883E-5        1.006452
        8.719999           0.116715E-4        1.007257           0.921936E-5        1.006452
        8.721999           0.116722E-4        1.007257           0.921988E-5        1.006453
        8.724000           0.116730E-4        1.007257           0.922042E-5        1.006453
        8.726000           0.116738E-4        1.007257           0.922094E-5        1.006453
        8.728000           0.116745E-4        1.007258           0.922147E-5        1.006453
        8.730000           0.116753E-4        1.007258           0.922200E-5        1.006453
        8.731999           0.116760E-4        1.007258           0.922253E-5        1.006454
        8.733999           0.116768E-4        1.007258           0.922306E-5        1.006454
        8.735999           0.116775E-4        1.007259           0.922359E-5        1.006454
        8.737999           0.116783E-4        1.007259           0.922412E-5        1.006454
        8.739999           0.116790E-4        1.007259           0.922465E-5        1.006454
        8.741999           0.116798E-4        1.007259           0.922518E-5        1.006454
        8.743999           0.116805E-4        1.007259           0.922571E-5        1.006455
        8.745999           0.116813E-4        1.007260           0.922624E-5        1.006455
        8.747999           0.116821E-4        1.007260           0.922677E-5        1.006455
        8.749999           0.116828E-4        1.007260           0.922729E-5        1.006455
        8.751999           0.116836E-4        1.007260           0.922782E-5        1.006455
        8.754000           0.116843E-4        1.007261           0.922835E-5        1.006456
        8.756000           0.116851E-4        1.007261           0.922888E-5        1.006456
        8.757999           0.116858E-4        1.007261           0.922941E-5        1.006456
        8.759999           0.116866E-4        1.007261           0.922994E-5        1.006456
        8.762000           0.116873E-4        1.007262           0.923047E-5        1.006456
        8.764000           0.116881E-4        1.007262           0.923100E-5        1.006456
        8.766000           0.116889E-4        1.007262           0.923153E-5        1.006457
        8.768000           0.116896E-4        1.007262           0.923206E-5        1.006457
        8.770000           0.116904E-4        1.007263           0.923259E-5        1.006457
        8.771999           0.116911E-4        1.007263           0.923313E-5        1.006457
        8.773999           0.116919E-4        1.007263           0.923365E-5        1.006457
        8.775999           0.116926E-4        1.007263           0.923419E-5        1.006458
        8.777999           0.116934E-4        1.007264           0.923471E-5        1.006458
        8.779999           0.116942E-4        1.007264           0.923524E-5        1.006458
        8.782000           0.116949E-4        1.007264           0.923577E-5        1.006458
        8.783999           0.116957E-4        1.007264           0.923630E-5        1.006458
        8.785999           0.116964E-4        1.007264           0.923683E-5        1.006459
        8.787999           0.116972E-4        1.007265           0.923737E-5        1.006459
        8.789999           0.116979E-4        1.007265           0.923790E-5        1.006459
        8.792000           0.116987E-4        1.007265           0.923842E-5        1.006459
        8.794000           0.116994E-4        1.007265           0.923895E-5        1.006459
        8.796000           0.117002E-4        1.007266           0.923949E-5        1.006459
        8.797999           0.117010E-4        1.007266           0.924002E-5        1.006460
        8.799999           0.117017E-4        1.007266           0.924055E-5        1.006460
        8.802000           0.117025E-4        1.007266           0.924108E-5        1.006460
        8.804000           0.117032E-4        1.007267           0.924161E-5        1.006460
        8.806000           0.117040E-4        1.007267           0.924214E-5        1.006460
        8.808000           0.117047E-4        1.007267           0.924267E-5        1.006461
        8.809999           0.117055E-4        1.007267           0.924320E-5        1.006461
        8.811999           0.117063E-4        1.007267           0.924373E-5        1.006461
        8.813999           0.117070E-4        1.007268           0.924426E-5        1.006461
        8.815999           0.117078E-4        1.007268           0.924479E-5        1.006461
        8.817999           0.117085E-4        1.007268           0.924533E-5        1.006462
        8.819999           0.117093E-4        1.007268           0.924585E-5        1.006462
        8.822000           0.117100E-4        1.007269           0.924639E-5        1.006462
        8.823999           0.117108E-4        1.007269           0.924692E-5        1.006462
        8.825999           0.117116E-4        1.007269           0.924745E-5        1.006462
        8.827999           0.117123E-4        1.007269           0.924798E-5        1.006462
        8.829999           0.117131E-4        1.007270           0.924851E-5        1.006463
        8.832000           0.117138E-4        1.007270           0.924904E-5        1.006463
        8.834000           0.117146E-4        1.007270           0.924958E-5        1.006463
        8.835999           0.117154E-4        1.007270           0.925010E-5        1.006463
        8.837999           0.117161E-4        1.007271           0.925064E-5        1.006463
        8.840000           0.117169E-4        1.007271           0.925117E-5        1.006464
        8.842000           0.117176E-4        1.007271           0.925170E-5        1.006464
        8.844000           0.117184E-4        1.007271           0.925223E-5        1.006464
        8.846000           0.117192E-4        1.007272           0.925276E-5        1.006464
        8.847999           0.117199E-4        1.007272           0.925330E-5        1.006464
        8.849999           0.117207E-4        1.007272           0.925383E-5        1.006464
        8.851999           0.117214E-4        1.007272           0.925436E-5        1.006465
        8.853999           0.117222E-4        1.007272           0.925489E-5        1.006465
        8.855999           0.117229E-4        1.007273           0.925543E-5        1.006465
        8.857999           0.117237E-4        1.007273           0.925596E-5        1.006465
        8.860000           0.117245E-4        1.007273           0.925649E-5        1.006465
        8.862000           0.117252E-4        1.007273           0.925702E-5        1.006466
        8.863999           0.117260E-4        1.007274           0.925755E-5        1.006466
        8.865999           0.117267E-4        1.007274           0.925809E-5        1.006466
        8.867999           0.117275E-4        1.007274           0.925862E-5        1.006466
        8.870000           0.117283E-4        1.007274           0.925915E-5        1.006466
        8.872000           0.117290E-4        1.007275           0.925968E-5        1.006467
        8.874000           0.117298E-4        1.007275           0.926021E-5        1.006467
        8.875999           0.117305E-4        1.007275           0.926075E-5        1.006467
        8.877999           0.117313E-4        1.007275           0.926128E-5        1.006467
        8.880000           0.117321E-4        1.007275           0.926181E-5        1.006467
        8.882000           0.117328E-4        1.007276           0.926235E-5        1.006467
        8.883999           0.117336E-4        1.007276           0.926288E-5        1.006468
        8.885999           0.117343E-4        1.007276           0.926341E-5        1.006468
        8.887999           0.117351E-4        1.007276           0.926394E-5        1.006468
        8.889999           0.117359E-4        1.007277           0.926447E-5        1.006468
        8.891999           0.117366E-4        1.007277           0.926501E-5        1.006468
        8.893999           0.117374E-4        1.007277           0.926554E-5        1.006469
        8.895999           0.117381E-4        1.007277           0.926607E-5        1.006469
        8.897999           0.117389E-4        1.007278           0.926660E-5        1.006469
        8.900000           0.117397E-4        1.007278           0.926714E-5        1.006469
        8.901999           0.117404E-4        1.007278           0.926767E-5        1.006469
        8.903999           0.117412E-4        1.007278           0.926821E-5        1.006469
        8.905999           0.117419E-4        1.007279           0.926874E-5        1.006470
        8.908000           0.117427E-4        1.007279           0.926927E-5        1.006470
        8.910000           0.117435E-4        1.007279           0.926981E-5        1.006470
        8.912000           0.117442E-4        1.007279           0.927034E-5        1.006470
        8.914000           0.117450E-4        1.007279           0.927087E-5        1.006470
        8.915999           0.117458E-4        1.007280           0.927140E-5        1.006471
        8.917999           0.117465E-4        1.007280           0.927194E-5        1.006471
        8.919999           0.117473E-4        1.007280           0.927247E-5        1.006471
        8.921999           0.117480E-4        1.007280           0.927301E-5        1.006471
        8.923999           0.117488E-4        1.007281           0.927354E-5        1.006471
        8.925999           0.117496E-4        1.007281           0.927407E-5        1.006472
        8.927999           0.117503E-4        1.007281           0.927460E-5        1.006472
        8.929999           0.117511E-4        1.007281           0.927514E-5        1.006472
        8.931999           0.117518E-4        1.007282           0.927567E-5        1.006472
        8.933999           0.117526E-4        1.007282           0.927620E-5        1.006472
        8.935999           0.117534E-4        1.007282           0.927674E-5        1.006472
        8.938000           0.117541E-4        1.007282           0.927727E-5        1.006473
        8.940000           0.117549E-4        1.007282           0.927781E-5        1.006473
        8.941999           0.117557E-4        1.007283           0.927834E-5        1.006473
        8.943999           0.117564E-4        1.007283           0.927887E-5        1.006473
        8.945999           0.117572E-4        1.007283           0.927941E-5        1.006473
        8.948000           0.117579E-4        1.007283           0.927994E-5        1.006474
        8.950000           0.117587E-4        1.007284           0.928047E-5        1.006474
        8.952000           0.117595E-4        1.007284           0.928101E-5        1.006474
        8.954000           0.117602E-4        1.007284           0.928154E-5        1.006474
        8.955999           0.117610E-4        1.007284           0.928208E-5        1.006474
        8.957999           0.117618E-4        1.007285           0.928261E-5        1.006474
        8.959999           0.117625E-4        1.007285           0.928315E-5        1.006475
        8.961999           0.117633E-4        1.007285           0.928368E-5        1.006475
        8.963999           0.117640E-4        1.007285           0.928422E-5        1.006475
        8.965999           0.117648E-4        1.007286           0.928475E-5        1.006475
        8.967999           0.117656E-4        1.007286           0.928529E-5        1.006475
        8.969999           0.117663E-4        1.007286           0.928582E-5        1.006476
        8.971999           0.117671E-4        1.007286           0.928636E-5        1.006476
        8.973999           0.117679E-4        1.007287           0.928689E-5        1.006476
        8.975999           0.117686E-4        1.007287           0.928743E-5        1.006476
        8.978000           0.117694E-4        1.007287           0.928796E-5        1.006476
        8.980000           0.117702E-4        1.007287           0.928849E-5        1.006477
        8.981999           0.117709E-4        1.007288           0.928903E-5        1.006477
        8.983999           0.117717E-4        1.007288           0.928957E-5        1.006477
        8.986000           0.117724E-4        1.007288           0.929010E-5        1.006477
        8.988000           0.117732E-4        1.007288           0.929063E-5        1.006477
        8.990000           0.117740E-4        1.007288           0.929117E-5        1.006477
        8.992000           0.117747E-4        1.007289           0.929170E-5        1.006478
        8.993999           0.117755E-4        1.007289           0.929224E-5        1.006478
        8.995999           0.117763E-4        1.007289           0.929277E-5        1.006478
        8.997999           0.117770E-4        1.007289           0.929331E-5        1.006478
        8.999999           0.117778E-4        1.007290           0.929384E-5        1.006478
        9.001999           0.117786E-4        1.007290           0.929438E-5        1.006479
        9.003999           0.117793E-4        1.007290           0.929492E-5        1.006479
        9.006000           0.117801E-4        1.007290           0.929545E-5        1.006479
        9.007999           0.117809E-4        1.007290           0.929598E-5        1.006479
        9.009999           0.117816E-4        1.007291           0.929652E-5        1.006479
        9.011999           0.117824E-4        1.007291           0.929706E-5        1.006480
        9.013999           0.117831E-4        1.007291           0.929759E-5        1.006480
        9.016000           0.117839E-4        1.007291           0.929813E-5        1.006480
        9.018000           0.117847E-4        1.007292           0.929866E-5        1.006480
        9.020000           0.117854E-4        1.007292           0.929920E-5        1.006480
        9.021999           0.117862E-4        1.007292           0.929974E-5        1.006480
        9.023999           0.117870E-4        1.007292           0.930027E-5        1.006481
        9.026000           0.117877E-4        1.007293           0.930081E-5        1.006481
        9.028000           0.117885E-4        1.007293           0.930134E-5        1.006481
        9.030000           0.117893E-4        1.007293           0.930188E-5        1.006481
        9.032000           0.117900E-4        1.007293           0.930242E-5        1.006481
        9.033999           0.117908E-4        1.007294           0.930295E-5        1.006482
        9.035999           0.117916E-4        1.007294           0.930348E-5        1.006482
        9.037999           0.117923E-4        1.007294           0.930402E-5        1.006482
        9.039999           0.117931E-4        1.007294           0.930456E-5        1.006482
        9.041999           0.117939E-4        1.007295           0.930509E-5        1.006482
        9.043999           0.117946E-4        1.007295           0.930563E-5        1.006482
        9.046000           0.117954E-4        1.007295           0.930617E-5        1.006483
        9.047999           0.117962E-4        1.007295           0.930671E-5        1.006483
        9.049999           0.117969E-4        1.007295           0.930724E-5        1.006483
        9.051999           0.117977E-4        1.007296           0.930778E-5        1.006483
        9.053999           0.117985E-4        1.007296           0.930831E-5        1.006483
        9.056000           0.117992E-4        1.007296           0.930885E-5        1.006484
        9.058000           0.118000E-4        1.007296           0.930939E-5        1.006484
        9.059999           0.118008E-4        1.007297           0.930992E-5        1.006484
        9.061999           0.118015E-4        1.007297           0.931046E-5        1.006484
        9.064000           0.118023E-4        1.007297           0.931099E-5        1.006484
        9.066000           0.118031E-4        1.007297           0.931154E-5        1.006485
        9.068000           0.118038E-4        1.007298           0.931208E-5        1.006485
        9.070000           0.118046E-4        1.007298           0.931260E-5        1.006485
        9.071999           0.118054E-4        1.007298           0.931314E-5        1.006485
        9.073999           0.118061E-4        1.007298           0.931369E-5        1.006485
        9.075999           0.118069E-4        1.007299           0.931422E-5        1.006485
        9.077999           0.118077E-4        1.007299           0.931475E-5        1.006486
        9.079999           0.118084E-4        1.007299           0.931529E-5        1.006486
        9.081999           0.118092E-4        1.007299           0.931583E-5        1.006486
        9.084000           0.118100E-4        1.007299           0.931637E-5        1.006486
        9.085999           0.118107E-4        1.007300           0.931690E-5        1.006486
        9.087999           0.118115E-4        1.007300           0.931744E-5        1.006487
        9.089999           0.118123E-4        1.007300           0.931798E-5        1.006487
        9.091999           0.118130E-4        1.007300           0.931851E-5        1.006487
        9.094000           0.118138E-4        1.007301           0.931906E-5        1.006487
        9.096000           0.118146E-4        1.007301           0.931959E-5        1.006487
        9.098000           0.118153E-4        1.007301           0.932013E-5        1.006487
        9.099999           0.118161E-4        1.007301           0.932066E-5        1.006488
        9.101999           0.118169E-4        1.007302           0.932121E-5        1.006488
        9.104000           0.118176E-4        1.007302           0.932174E-5        1.006488
        9.106000           0.118184E-4        1.007302           0.932228E-5        1.006488
        9.107999           0.118192E-4        1.007302           0.932282E-5        1.006488
        9.109999           0.118200E-4        1.007303           0.932336E-5        1.006489
        9.111999           0.118207E-4        1.007303           0.932389E-5        1.006489
        9.113999           0.118215E-4        1.007303           0.932443E-5        1.006489
        9.115999           0.118223E-4        1.007303           0.932497E-5        1.006489
        9.117999           0.118230E-4        1.007303           0.932551E-5        1.006489
        9.119999           0.118238E-4        1.007304           0.932605E-5        1.006490
        9.121999           0.118246E-4        1.007304           0.932658E-5        1.006490
        9.124000           0.118253E-4        1.007304           0.932712E-5        1.006490
        9.125999           0.118261E-4        1.007304           0.932766E-5        1.006490
        9.127999           0.118269E-4        1.007305           0.932820E-5        1.006490
        9.129999           0.118276E-4        1.007305           0.932873E-5        1.006490
        9.132000           0.118284E-4        1.007305           0.932927E-5        1.006491
        9.134000           0.118292E-4        1.007305           0.932981E-5        1.006491
        9.136000           0.118300E-4        1.007306           0.933035E-5        1.006491
        9.138000           0.118307E-4        1.007306           0.933089E-5        1.006491
        9.139999           0.118315E-4        1.007306           0.933143E-5        1.006491
        9.142000           0.118323E-4        1.007306           0.933197E-5        1.006492
        9.143999           0.118330E-4        1.007307           0.933250E-5        1.006492
        9.145999           0.118338E-4        1.007307           0.933304E-5        1.006492
        9.147999           0.118346E-4        1.007307           0.933358E-5        1.006492
        9.149999           0.118353E-4        1.007307           0.933412E-5        1.006492
        9.151999           0.118361E-4        1.007308           0.933466E-5        1.006493
        9.153999           0.118369E-4        1.007308           0.933520E-5        1.006493
        9.155999           0.118377E-4        1.007308           0.933574E-5        1.006493
        9.157999           0.118384E-4        1.007308           0.933628E-5        1.006493
        9.159999           0.118392E-4        1.007308           0.933682E-5        1.006493
        9.162000           0.118400E-4        1.007309           0.933735E-5        1.006493
        9.164000           0.118407E-4        1.007309           0.933789E-5        1.006494
        9.165999           0.118415E-4        1.007309           0.933843E-5        1.006494
        9.167999           0.118423E-4        1.007309           0.933898E-5        1.006494
        9.169999           0.118430E-4        1.007310           0.933951E-5        1.006494
        9.172000           0.118438E-4        1.007310           0.934005E-5        1.006494
        9.174000           0.118446E-4        1.007310           0.934059E-5        1.006495
        9.176000           0.118454E-4        1.007310           0.934113E-5        1.006495
        9.177999           0.118461E-4        1.007311           0.934167E-5        1.006495
        9.179999           0.118469E-4        1.007311           0.934221E-5        1.006495
        9.181999           0.118477E-4        1.007311           0.934275E-5        1.006495
        9.183999           0.118484E-4        1.007311           0.934328E-5        1.006496
        9.185999           0.118492E-4        1.007312           0.934383E-5        1.006496
        9.187999           0.118500E-4        1.007312           0.934437E-5        1.006496
        9.189999           0.118508E-4        1.007312           0.934490E-5        1.006496
        9.191999           0.118515E-4        1.007312           0.934545E-5        1.006496
        9.193999           0.118523E-4        1.007313           0.934598E-5        1.006496
        9.195999           0.118531E-4        1.007313           0.934653E-5        1.006497
        9.197999           0.118538E-4        1.007313           0.934707E-5        1.006497
        9.199999           0.118546E-4        1.007313           0.934761E-5        1.006497
        9.202000           0.118554E-4        1.007313           0.934814E-5        1.006497
        9.204000           0.118562E-4        1.007314           0.934869E-5        1.006497
        9.205999           0.118569E-4        1.007314           0.934923E-5        1.006498
        9.207999           0.118577E-4        1.007314           0.934976E-5        1.006498
        9.210000           0.118585E-4        1.007314           0.935031E-5        1.006498
        9.212000           0.118593E-4        1.007315           0.935085E-5        1.006498
        9.214000           0.118600E-4        1.007315           0.935139E-5        1.006498
        9.216000           0.118608E-4        1.007315           0.935193E-5        1.006499
        9.217999           0.118616E-4        1.007315           0.935247E-5        1.006499
        9.219999           0.118623E-4        1.007316           0.935301E-5        1.006499
        9.221999           0.118631E-4        1.007316           0.935355E-5        1.006499
        9.223999           0.118639E-4        1.007316           0.935408E-5        1.006499
        9.225999           0.118647E-4        1.007316           0.935463E-5        1.006500
        9.227999           0.118654E-4        1.007316           0.935517E-5        1.006500
        9.230000           0.118662E-4        1.007317           0.935571E-5        1.006500
        9.231999           0.118670E-4        1.007317           0.935625E-5        1.006500
        9.233999           0.118678E-4        1.007317           0.935679E-5        1.006500
        9.235999           0.118685E-4        1.007317           0.935734E-5        1.006500
        9.237999           0.118693E-4        1.007318           0.935788E-5        1.006501
        9.240000           0.118701E-4        1.007318           0.935842E-5        1.006501
        9.242000           0.118708E-4        1.007318           0.935895E-5        1.006501
        9.243999           0.118716E-4        1.007318           0.935949E-5        1.006501
        9.245999           0.118724E-4        1.007319           0.936004E-5        1.006501
        9.247999           0.118732E-4        1.007319           0.936058E-5        1.006502
        9.250000           0.118739E-4        1.007319           0.936112E-5        1.006502
        9.252000           0.118747E-4        1.007319           0.936166E-5        1.006502
        9.254000           0.118755E-4        1.007320           0.936220E-5        1.006502
        9.256000           0.118763E-4        1.007320           0.936274E-5        1.006502
        9.257999           0.118770E-4        1.007320           0.936328E-5        1.006503
        9.259999           0.118778E-4        1.007320           0.936383E-5        1.006503
        9.261999           0.118786E-4        1.007321           0.936437E-5        1.006503
        9.263999           0.118794E-4        1.007321           0.936491E-5        1.006503
        9.265999           0.118801E-4        1.007321           0.936545E-5        1.006503
        9.267999           0.118809E-4        1.007321           0.936599E-5        1.006503
        9.270000           0.118817E-4        1.007321           0.936653E-5        1.006504
        9.271999           0.118825E-4        1.007322           0.936707E-5        1.006504
        9.273999           0.118832E-4        1.007322           0.936762E-5        1.006504
        9.275999           0.118840E-4        1.007322           0.936815E-5        1.006504
        9.277999           0.118848E-4        1.007322           0.936870E-5        1.006504
        9.280000           0.118856E-4        1.007323           0.936924E-5        1.006505
        9.282000           0.118863E-4        1.007323           0.936978E-5        1.006505
        9.283999           0.118871E-4        1.007323           0.937032E-5        1.006505
        9.285999           0.118879E-4        1.007323           0.937086E-5        1.006505
        9.288000           0.118887E-4        1.007324           0.937141E-5        1.006505
        9.290000           0.118894E-4        1.007324           0.937195E-5        1.006505
        9.292000           0.118902E-4        1.007324           0.937249E-5        1.006506
        9.294000           0.118910E-4        1.007324           0.937304E-5        1.006506
        9.296000           0.118918E-4        1.007325           0.937358E-5        1.006506
        9.297999           0.118925E-4        1.007325           0.937412E-5        1.006506
        9.299999           0.118933E-4        1.007325           0.937466E-5        1.006506
        9.301999           0.118941E-4        1.007325           0.937521E-5        1.006507
        9.303999           0.118949E-4        1.007326           0.937574E-5        1.006507
        9.305999           0.118956E-4        1.007326           0.937629E-5        1.006507
        9.308000           0.118964E-4        1.007326           0.937683E-5        1.006507
        9.309999           0.118972E-4        1.007326           0.937737E-5        1.006507
        9.311999           0.118980E-4        1.007326           0.937792E-5        1.006508
        9.313999           0.118987E-4        1.007327           0.937845E-5        1.006508
        9.315999           0.118995E-4        1.007327           0.937900E-5        1.006508
        9.318000           0.119003E-4        1.007327           0.937954E-5        1.006508
        9.320000           0.119011E-4        1.007327           0.938009E-5        1.006508
        9.322000           0.119019E-4        1.007328           0.938063E-5        1.006508
        9.323999           0.119026E-4        1.007328           0.938117E-5        1.006509
        9.325999           0.119034E-4        1.007328           0.938171E-5        1.006509
        9.328000           0.119042E-4        1.007328           0.938226E-5        1.006509
        9.330000           0.119050E-4        1.007329           0.938280E-5        1.006509
        9.331999           0.119057E-4        1.007329           0.938335E-5        1.006509
        9.333999           0.119065E-4        1.007329           0.938389E-5        1.006510
        9.335999           0.119073E-4        1.007329           0.938443E-5        1.006510
        9.337999           0.119081E-4        1.007330           0.938497E-5        1.006510
        9.339999           0.119088E-4        1.007330           0.938551E-5        1.006510
        9.341999           0.119096E-4        1.007330           0.938606E-5        1.006510
        9.343999           0.119104E-4        1.007330           0.938660E-5        1.006510
        9.345999           0.119112E-4        1.007331           0.938715E-5        1.006511
        9.348000           0.119120E-4        1.007331           0.938769E-5        1.006511
        9.349999           0.119127E-4        1.007331           0.938823E-5        1.006511
        9.351999           0.119135E-4        1.007331           0.938878E-5        1.006511
        9.353999           0.119143E-4        1.007331           0.938932E-5        1.006511
        9.355999           0.119151E-4        1.007332           0.938986E-5        1.006512
        9.358000           0.119158E-4        1.007332           0.939041E-5        1.006512
        9.360000           0.119166E-4        1.007332           0.939096E-5        1.006512
        9.362000           0.119174E-4        1.007332           0.939149E-5        1.006512
        9.363999           0.119182E-4        1.007333           0.939204E-5        1.006512
        9.366000           0.119190E-4        1.007333           0.939258E-5        1.006513
        9.367999           0.119197E-4        1.007333           0.939313E-5        1.006513
        9.369999           0.119205E-4        1.007333           0.939367E-5        1.006513
        9.371999           0.119213E-4        1.007334           0.939422E-5        1.006513
        9.373999           0.119221E-4        1.007334           0.939476E-5        1.006513
        9.375999           0.119228E-4        1.007334           0.939530E-5        1.006514
        9.377999           0.119236E-4        1.007334           0.939585E-5        1.006514
        9.379999           0.119244E-4        1.007335           0.939639E-5        1.006514
        9.381999           0.119252E-4        1.007335           0.939693E-5        1.006514
        9.383999           0.119260E-4        1.007335           0.939748E-5        1.006514
        9.386000           0.119267E-4        1.007335           0.939802E-5        1.006514
        9.388000           0.119275E-4        1.007336           0.939857E-5        1.006515
        9.389999           0.119283E-4        1.007336           0.939911E-5        1.006515
        9.391999           0.119291E-4        1.007336           0.939966E-5        1.006515
        9.393999           0.119299E-4        1.007336           0.940020E-5        1.006515
        9.396000           0.119306E-4        1.007336           0.940075E-5        1.006515
        9.398000           0.119314E-4        1.007337           0.940129E-5        1.006516
        9.400000           0.119322E-4        1.007337           0.940184E-5        1.006516
        9.401999           0.119330E-4        1.007337           0.940238E-5        1.006516
        9.403999           0.119338E-4        1.007337           0.940293E-5        1.006516
        9.405999           0.119345E-4        1.007338           0.940347E-5        1.006516
        9.407999           0.119353E-4        1.007338           0.940402E-5        1.006517
        9.409999           0.119361E-4        1.007338           0.940456E-5        1.006517
        9.411999           0.119369E-4        1.007338           0.940510E-5        1.006517
        9.413999           0.119377E-4        1.007339           0.940565E-5        1.006517
        9.415999           0.119384E-4        1.007339           0.940620E-5        1.006517
        9.417999           0.119392E-4        1.007339           0.940674E-5        1.006518
        9.419999           0.119400E-4        1.007339           0.940728E-5        1.006518
        9.421999           0.119408E-4        1.007340           0.940783E-5        1.006518
        9.423999           0.119416E-4        1.007340           0.940838E-5        1.006518
        9.426000           0.119423E-4        1.007340           0.940892E-5        1.006518
        9.427999           0.119431E-4        1.007340           0.940947E-5        1.006518
        9.429999           0.119439E-4        1.007341           0.941001E-5        1.006519
        9.431999           0.119447E-4        1.007341           0.941056E-5        1.006519
        9.434000           0.119455E-4        1.007341           0.941110E-5        1.006519
        9.436000           0.119462E-4        1.007341           0.941165E-5        1.006519
        9.438000           0.119470E-4        1.007342           0.941219E-5        1.006519
        9.440000           0.119478E-4        1.007342           0.941274E-5        1.006520
        9.441999           0.119486E-4        1.007342           0.941329E-5        1.006520
        9.443999           0.119494E-4        1.007342           0.941383E-5        1.006520
        9.445999           0.119502E-4        1.007342           0.941438E-5        1.006520
        9.447999           0.119509E-4        1.007343           0.941492E-5        1.006520
        9.449999           0.119517E-4        1.007343           0.941547E-5        1.006521
        9.451999           0.119525E-4        1.007343           0.941602E-5        1.006521
        9.454000           0.119533E-4        1.007343           0.941656E-5        1.006521
        9.455999           0.119541E-4        1.007344           0.941711E-5        1.006521
        9.457999           0.119548E-4        1.007344           0.941765E-5        1.006521
        9.459999           0.119556E-4        1.007344           0.941820E-5        1.006521
        9.461999           0.119564E-4        1.007344           0.941874E-5        1.006522
        9.464000           0.119572E-4        1.007345           0.941929E-5        1.006522
        9.466000           0.119580E-4        1.007345           0.941984E-5        1.006522
        9.467999           0.119587E-4        1.007345           0.942039E-5        1.006522
        9.469999           0.119595E-4        1.007345           0.942093E-5        1.006522
        9.471999           0.119603E-4        1.007346           0.942148E-5        1.006523
        9.474000           0.119611E-4        1.007346           0.942202E-5        1.006523
        9.476000           0.119619E-4        1.007346           0.942257E-5        1.006523
        9.478000           0.119627E-4        1.007346           0.942312E-5        1.006523
        9.480000           0.119634E-4        1.007347           0.942366E-5        1.006523
        9.481999           0.119642E-4        1.007347           0.942421E-5        1.006523
        9.483999           0.119650E-4        1.007347           0.942475E-5        1.006524
        9.485999           0.119658E-4        1.007347           0.942530E-5        1.006524
        9.487999           0.119666E-4        1.007347           0.942585E-5        1.006524
        9.489999           0.119674E-4        1.007348           0.942639E-5        1.006524
        9.491999           0.119681E-4        1.007348           0.942694E-5        1.006524
        9.493999           0.119689E-4        1.007348           0.942749E-5        1.006525
        9.495999           0.119697E-4        1.007348           0.942804E-5        1.006525
        9.497999           0.119705E-4        1.007349           0.942858E-5        1.006525
        9.499999           0.119713E-4        1.007349           0.942913E-5        1.006525
        9.501999           0.119721E-4        1.007349           0.942968E-5        1.006525
        9.504000           0.119728E-4        1.007349           0.943022E-5        1.006526
        9.506000           0.119736E-4        1.007350           0.943077E-5        1.006526
        9.507999           0.119744E-4        1.007350           0.943132E-5        1.006526
        9.509999           0.119752E-4        1.007350           0.943186E-5        1.006526
        9.512000           0.119760E-4        1.007350           0.943241E-5        1.006526
        9.514000           0.119768E-4        1.007351           0.943296E-5        1.006527
        9.516000           0.119775E-4        1.007351           0.943350E-5        1.006527
        9.518000           0.119783E-4        1.007351           0.943405E-5        1.006527
        9.520000           0.119791E-4        1.007351           0.943460E-5        1.006527
        9.521999           0.119799E-4        1.007352           0.943515E-5        1.006527
        9.523999           0.119807E-4        1.007352           0.943570E-5        1.006527
        9.525999           0.119815E-4        1.007352           0.943625E-5        1.006528
        9.527999           0.119822E-4        1.007352           0.943679E-5        1.006528
        9.529999           0.119830E-4        1.007353           0.943734E-5        1.006528
        9.532000           0.119838E-4        1.007353           0.943789E-5        1.006528
        9.533999           0.119846E-4        1.007353           0.943844E-5        1.006528
        9.535999           0.119854E-4        1.007353           0.943899E-5        1.006529
        9.537999           0.119862E-4        1.007354           0.943953E-5        1.006529
        9.539999           0.119870E-4        1.007354           0.944008E-5        1.006529
        9.542000           0.119877E-4        1.007354           0.944063E-5        1.006529
        9.544000           0.119885E-4        1.007354           0.944118E-5        1.006529
        9.546000           0.119893E-4        1.007354           0.944173E-5        1.006530
        9.547999           0.119901E-4        1.007355           0.944227E-5        1.006530
        9.549999           0.119909E-4        1.007355           0.944282E-5        1.006530
        9.552000           0.119917E-4        1.007355           0.944337E-5        1.006530
        9.554000           0.119925E-4        1.007355           0.944392E-5        1.006530
        9.556000           0.119932E-4        1.007356           0.944446E-5        1.006531
        9.557999           0.119940E-4        1.007356           0.944501E-5        1.006531
        9.559999           0.119948E-4        1.007356           0.944556E-5        1.006531
        9.561999           0.119956E-4        1.007356           0.944611E-5        1.006531
        9.563999           0.119964E-4        1.007357           0.944666E-5        1.006531
        9.565999           0.119972E-4        1.007357           0.944721E-5        1.006531
        9.567999           0.119980E-4        1.007357           0.944776E-5        1.006532
        9.569999           0.119987E-4        1.007357           0.944831E-5        1.006532
        9.572000           0.119995E-4        1.007358           0.944885E-5        1.006532
        9.573999           0.120003E-4        1.007358           0.944940E-5        1.006532
        9.575999           0.120011E-4        1.007358           0.944995E-5        1.006532
        9.577999           0.120019E-4        1.007358           0.945050E-5        1.006533
        9.579999           0.120027E-4        1.007359           0.945105E-5        1.006533
        9.582000           0.120035E-4        1.007359           0.945160E-5        1.006533
        9.584000           0.120042E-4        1.007359           0.945215E-5        1.006533
        9.585999           0.120050E-4        1.007359           0.945270E-5        1.006533
        9.587999           0.120058E-4        1.007360           0.945325E-5        1.006534
        9.590000           0.120066E-4        1.007360           0.945379E-5        1.006534
        9.592000           0.120074E-4        1.007360           0.945434E-5        1.006534
        9.593999           0.120082E-4        1.007360           0.945489E-5        1.006534
        9.595999           0.120090E-4        1.007360           0.945544E-5        1.006534
        9.597999           0.120098E-4        1.007361           0.945599E-5        1.006534
        9.599999           0.120105E-4        1.007361           0.945654E-5        1.006535
        9.601999           0.120113E-4        1.007361           0.945709E-5        1.006535
        9.603999           0.120121E-4        1.007361           0.945764E-5        1.006535
        9.605999           0.120129E-4        1.007362           0.945819E-5        1.006535
        9.607999           0.120137E-4        1.007362           0.945874E-5        1.006535
        9.610000           0.120145E-4        1.007362           0.945929E-5        1.006536
        9.612000           0.120153E-4        1.007362           0.945984E-5        1.006536
        9.613999           0.120161E-4        1.007363           0.946039E-5        1.006536
        9.615999           0.120168E-4        1.007363           0.946094E-5        1.006536
        9.617999           0.120176E-4        1.007363           0.946149E-5        1.006536
        9.620000           0.120184E-4        1.007363           0.946204E-5        1.006537
        9.622000           0.120192E-4        1.007364           0.946259E-5        1.006537
        9.624000           0.120200E-4        1.007364           0.946314E-5        1.006537
        9.625999           0.120208E-4        1.007364           0.946369E-5        1.006537
        9.627999           0.120216E-4        1.007364           0.946424E-5        1.006537
        9.629999           0.120224E-4        1.007365           0.946479E-5        1.006537
        9.631999           0.120232E-4        1.007365           0.946534E-5        1.006538
        9.633999           0.120239E-4        1.007365           0.946589E-5        1.006538
        9.635999           0.120247E-4        1.007365           0.946644E-5        1.006538
        9.637999           0.120255E-4        1.007365           0.946699E-5        1.006538
        9.639999           0.120263E-4        1.007366           0.946754E-5        1.006538
        9.641999           0.120271E-4        1.007366           0.946809E-5        1.006539
        9.643999           0.120279E-4        1.007366           0.946864E-5        1.006539
        9.645999           0.120287E-4        1.007366           0.946920E-5        1.006539
        9.647999           0.120295E-4        1.007367           0.946974E-5        1.006539
        9.650000           0.120303E-4        1.007367           0.947029E-5        1.006539
        9.651999           0.120310E-4        1.007367           0.947085E-5        1.006540
        9.653999           0.120318E-4        1.007367           0.947140E-5        1.006540
        9.655999           0.120326E-4        1.007368           0.947194E-5        1.006540
        9.658000           0.120334E-4        1.007368           0.947250E-5        1.006540
        9.660000           0.120342E-4        1.007368           0.947305E-5        1.006540
        9.662000           0.120350E-4        1.007368           0.947360E-5        1.006541
        9.664000           0.120358E-4        1.007369           0.947415E-5        1.006541
        9.665999           0.120366E-4        1.007369           0.947470E-5        1.006541
        9.667999           0.120374E-4        1.007369           0.947525E-5        1.006541
        9.669999           0.120381E-4        1.007369           0.947580E-5        1.006541
        9.671999           0.120389E-4        1.007370           0.947636E-5        1.006541
        9.673999           0.120397E-4        1.007370           0.947690E-5        1.006542
        9.675999           0.120405E-4        1.007370           0.947745E-5        1.006542
        9.677999           0.120413E-4        1.007370           0.947801E-5        1.006542
        9.679999           0.120421E-4        1.007371           0.947856E-5        1.006542
        9.681999           0.120429E-4        1.007371           0.947911E-5        1.006542
        9.683999           0.120437E-4        1.007371           0.947966E-5        1.006543
        9.685999           0.120445E-4        1.007371           0.948022E-5        1.006543
        9.688000           0.120453E-4        1.007372           0.948076E-5        1.006543
        9.690000           0.120461E-4        1.007372           0.948131E-5        1.006543
        9.691999           0.120468E-4        1.007372           0.948187E-5        1.006543
        9.693999           0.120476E-4        1.007372           0.948242E-5        1.006544
        9.695999           0.120484E-4        1.007372           0.948297E-5        1.006544
        9.698000           0.120492E-4        1.007373           0.948352E-5        1.006544
        9.700000           0.120500E-4        1.007373           0.948408E-5        1.006544
        9.702000           0.120508E-4        1.007373           0.948463E-5        1.006544
        9.704000           0.120516E-4        1.007373           0.948518E-5        1.006544
        9.705999           0.120524E-4        1.007374           0.948573E-5        1.006545
        9.707999           0.120532E-4        1.007374           0.948628E-5        1.006545
        9.709999           0.120540E-4        1.007374           0.948683E-5        1.006545
        9.711999           0.120548E-4        1.007374           0.948738E-5        1.006545
        9.713999           0.120556E-4        1.007375           0.948794E-5        1.006545
        9.715999           0.120563E-4        1.007375           0.948849E-5        1.006546
        9.717999           0.120571E-4        1.007375           0.948905E-5        1.006546
        9.719999           0.120579E-4        1.007375           0.948960E-5        1.006546
        9.721999           0.120587E-4        1.007376           0.949015E-5        1.006546
        9.723999           0.120595E-4        1.007376           0.949070E-5        1.006546
        9.725999           0.120603E-4        1.007376           0.949125E-5        1.006547
        9.728000           0.120611E-4        1.007376           0.949181E-5        1.006547
        9.730000           0.120619E-4        1.007377           0.949236E-5        1.006547
        9.731999           0.120627E-4        1.007377           0.949291E-5        1.006547
        9.733999           0.120635E-4        1.007377           0.949346E-5        1.006547
        9.736000           0.120643E-4        1.007377           0.949402E-5        1.006548
        9.738000           0.120651E-4        1.007378           0.949457E-5        1.006548
        9.740000           0.120658E-4        1.007378           0.949512E-5        1.006548
        9.742000           0.120666E-4        1.007378           0.949568E-5        1.006548
        9.743999           0.120674E-4        1.007378           0.949623E-5        1.006548
        9.745999           0.120682E-4        1.007378           0.949678E-5        1.006549
        9.747999           0.120690E-4        1.007379           0.949733E-5        1.006549
        9.749999           0.120698E-4        1.007379           0.949789E-5        1.006549
        9.751999           0.120706E-4        1.007379           0.949844E-5        1.006549
        9.753999           0.120714E-4        1.007380           0.949899E-5        1.006549
        9.756000           0.120722E-4        1.007380           0.949954E-5        1.006549
        9.757999           0.120730E-4        1.007380           0.950010E-5        1.006550
        9.759999           0.120738E-4        1.007380           0.950065E-5        1.006550
        9.761999           0.120746E-4        1.007380           0.950121E-5        1.006550
        9.763999           0.120754E-4        1.007381           0.950176E-5        1.006550
        9.766000           0.120762E-4        1.007381           0.950231E-5        1.006550
        9.768000           0.120770E-4        1.007381           0.950287E-5        1.006551
        9.770000           0.120777E-4        1.007381           0.950342E-5        1.006551
        9.771999           0.120785E-4        1.007382           0.950397E-5        1.006551
        9.773999           0.120793E-4        1.007382           0.950453E-5        1.006551
        9.776000           0.120801E-4        1.007382           0.950508E-5        1.006551
        9.778000           0.120809E-4        1.007382           0.950563E-5        1.006552
        9.780000           0.120817E-4        1.007383           0.950619E-5        1.006552
        9.781999           0.120825E-4        1.007383           0.950674E-5        1.006552
        9.783998           0.120833E-4        1.007383           0.950730E-5        1.006552
        9.785999           0.120841E-4        1.007383           0.950785E-5        1.006552
        9.787999           0.120849E-4        1.007384           0.950840E-5        1.006552
        9.789999           0.120857E-4        1.007384           0.950896E-5        1.006553
        9.791999           0.120865E-4        1.007384           0.950951E-5        1.006553
        9.793999           0.120873E-4        1.007384           0.951007E-5        1.006553
        9.796000           0.120881E-4        1.007385           0.951062E-5        1.006553
        9.797999           0.120889E-4        1.007385           0.951118E-5        1.006553
        9.799999           0.120897E-4        1.007385           0.951173E-5        1.006554
        9.801999           0.120905E-4        1.007385           0.951228E-5        1.006554
        9.803999           0.120913E-4        1.007385           0.951284E-5        1.006554
        9.806000           0.120921E-4        1.007386           0.951339E-5        1.006554
        9.808000           0.120928E-4        1.007386           0.951395E-5        1.006554
        9.809999           0.120936E-4        1.007386           0.951450E-5        1.006555
        9.811999           0.120944E-4        1.007386           0.951506E-5        1.006555
        9.814000           0.120952E-4        1.007387           0.951561E-5        1.006555
        9.816000           0.120960E-4        1.007387           0.951617E-5        1.006555
        9.817999           0.120968E-4        1.007387           0.951672E-5        1.006555
        9.819999           0.120976E-4        1.007387           0.951727E-5        1.006556
        9.821999           0.120984E-4        1.007388           0.951783E-5        1.006556
        9.823999           0.120992E-4        1.007388           0.951839E-5        1.006556
        9.825999           0.121000E-4        1.007388           0.951894E-5        1.006556
        9.827999           0.121008E-4        1.007388           0.951950E-5        1.006556
        9.829999           0.121016E-4        1.007389           0.952005E-5        1.006557
        9.831999           0.121024E-4        1.007389           0.952061E-5        1.006557
        9.834000           0.121032E-4        1.007389           0.952116E-5        1.006557
        9.835999           0.121040E-4        1.007389           0.952172E-5        1.006557
        9.837999           0.121048E-4        1.007390           0.952227E-5        1.006557
        9.839999           0.121056E-4        1.007390           0.952282E-5        1.006557
        9.841999           0.121064E-4        1.007390           0.952338E-5        1.006558
        9.844000           0.121072E-4        1.007390           0.952393E-5        1.006558
        9.846000           0.121080E-4        1.007391           0.952449E-5        1.006558
        9.848000           0.121088E-4        1.007391           0.952505E-5        1.006558
        9.849999           0.121096E-4        1.007391           0.952560E-5        1.006558
        9.851999           0.121104E-4        1.007391           0.952616E-5        1.006559
        9.853999           0.121112E-4        1.007392           0.952671E-5        1.006559
        9.855999           0.121120E-4        1.007392           0.952727E-5        1.006559
        9.857999           0.121128E-4        1.007392           0.952783E-5        1.006559
        9.859999           0.121136E-4        1.007392           0.952838E-5        1.006559
        9.861999           0.121144E-4        1.007393           0.952894E-5        1.006559
        9.863999           0.121152E-4        1.007393           0.952950E-5        1.006560
        9.865999           0.121160E-4        1.007393           0.953005E-5        1.006560
        9.867999           0.121167E-4        1.007393           0.953060E-5        1.006560
        9.869999           0.121175E-4        1.007393           0.953116E-5        1.006560
        9.871999           0.121183E-4        1.007394           0.953172E-5        1.006560
        9.874000           0.121191E-4        1.007394           0.953227E-5        1.006561
        9.875999           0.121199E-4        1.007394           0.953283E-5        1.006561
        9.877999           0.121207E-4        1.007394           0.953338E-5        1.006561
        9.879999           0.121215E-4        1.007395           0.953394E-5        1.006561
        9.881999           0.121223E-4        1.007395           0.953449E-5        1.006561
        9.884000           0.121231E-4        1.007395           0.953505E-5        1.006562
        9.886000           0.121239E-4        1.007395           0.953561E-5        1.006562
        9.888000           0.121247E-4        1.007396           0.953617E-5        1.006562
        9.889999           0.121255E-4        1.007396           0.953672E-5        1.006562
        9.891999           0.121263E-4        1.007396           0.953728E-5        1.006562
        9.893999           0.121271E-4        1.007396           0.953784E-5        1.006563
        9.895999           0.121279E-4        1.007397           0.953839E-5        1.006563
        9.897999           0.121287E-4        1.007397           0.953895E-5        1.006563
        9.899999           0.121295E-4        1.007397           0.953951E-5        1.006563
        9.901999           0.121303E-4        1.007397           0.954006E-5        1.006563
        9.903999           0.121311E-4        1.007398           0.954062E-5        1.006564
        9.905999           0.121319E-4        1.007398           0.954117E-5        1.006564
        9.907999           0.121327E-4        1.007398           0.954173E-5        1.006564
        9.909999           0.121335E-4        1.007398           0.954229E-5        1.006564
        9.912000           0.121343E-4        1.007399           0.954284E-5        1.006564
        9.914000           0.121351E-4        1.007399           0.954341E-5        1.006564
        9.915999           0.121359E-4        1.007399           0.954396E-5        1.006565
        9.917999           0.121367E-4        1.007399           0.954452E-5        1.006565
        9.919999           0.121375E-4        1.007400           0.954507E-5        1.006565
        9.922000           0.121383E-4        1.007400           0.954563E-5        1.006565
        9.924000           0.121391E-4        1.007400           0.954619E-5        1.006565
        9.926000           0.121399E-4        1.007400           0.954674E-5        1.006566
        9.927999           0.121407E-4        1.007401           0.954730E-5        1.006566
        9.929999           0.121415E-4        1.007401           0.954786E-5        1.006566
        9.931999           0.121423E-4        1.007401           0.954842E-5        1.006566
        9.933999           0.121431E-4        1.007401           0.954898E-5        1.006566
        9.935999           0.121439E-4        1.007401           0.954954E-5        1.006567
        9.937999           0.121447E-4        1.007402           0.955009E-5        1.006567
        9.939999           0.121455E-4        1.007402           0.955065E-5        1.006567
        9.941999           0.121463E-4        1.007402           0.955121E-5        1.006567
        9.943999           0.121471E-4        1.007403           0.955177E-5        1.006567
        9.945999           0.121479E-4        1.007403           0.955232E-5        1.006568
        9.947999           0.121487E-4        1.007403           0.955288E-5        1.006568
        9.949999           0.121495E-4        1.007403           0.955344E-5        1.006568
        9.952000           0.121503E-4        1.007403           0.955400E-5        1.006568
        9.954000           0.121511E-4        1.007404           0.955455E-5        1.006568
        9.955999           0.121519E-4        1.007404           0.955512E-5        1.006569
        9.957999           0.121527E-4        1.007404           0.955567E-5        1.006569
        9.960000           0.121535E-4        1.007404           0.955623E-5        1.006569
        9.962000           0.121543E-4        1.007405           0.955679E-5        1.006569
        9.964000           0.121551E-4        1.007405           0.955735E-5        1.006569
        9.966000           0.121559E-4        1.007405           0.955791E-5        1.006570
        9.967999           0.121567E-4        1.007405           0.955846E-5        1.006570
        9.969999           0.121575E-4        1.007406           0.955902E-5        1.006570
        9.971999           0.121583E-4        1.007406           0.955958E-5        1.006570
        9.973999           0.121591E-4        1.007406           0.956014E-5        1.006570
        9.975999           0.121600E-4        1.007406           0.956070E-5        1.006570
        9.977999           0.121608E-4        1.007407           0.956126E-5        1.006571
        9.980000           0.121616E-4        1.007407           0.956181E-5        1.006571
        9.981999           0.121624E-4        1.007407           0.956238E-5        1.006571
        9.983999           0.121632E-4        1.007407           0.956293E-5        1.006571
        9.985999           0.121640E-4        1.007408           0.956348E-5        1.006571
        9.987999           0.121648E-4        1.007408           0.956405E-5        1.006572
        9.990000           0.121656E-4        1.007408           0.956461E-5        1.006572
        9.992000           0.121664E-4        1.007408           0.956517E-5        1.006572
        9.993999           0.121672E-4        1.007409           0.956573E-5        1.006572
        9.995999           0.121680E-4        1.007409           0.956628E-5        1.006572
        9.997999           0.121688E-4        1.007409           0.956684E-5        1.006572
        10.00000           0.121696E-4        1.007409           0.956740E-5        1.006573
# 
# 08/27/2026 at 16:55 yambo @ compute-9-01 [start]
# 08/27/2026 at 16:56                      [end]
#  
# Timing   [Min/Max/Average]: 01m-05s/01m-05s/01m-05s
#
# .-Input file  BSE_DS_files/BSE_DS.in
# | optics                           # [R] Linear Response optical properties
# | dipoles                          # [R] Oscillator strenghts (or dipoles)
# | bss                              # [R] BSE solver
# | bse                              # [R][BSE] Bethe Salpeter Equation.
# | DBsIOoff= "BS"                   # [IO] Space-separated list of DB with NO I/O. DB=(DIP,X,HF,COLLs,J,GF,CARRIERs,OBS,W,SC,BS,ALL)
# | FFTGvecs= 1837             RL    # [FFT] Plane-waves
# | DIP_CPU= "2.2.6"                 # [PARALLEL] CPUs for each role
# | DIP_ROLEs= "v.c.k"               # [PARALLEL] CPUs roles (k,c,v)
# | DIP_Threads= 2                   # [OPENMP/X] Number of threads for dipoles
# | BS_CPU= "4.6"                    # [PARALLEL] CPUs for each role
# | BS_ROLEs= "eh.k"                 # [PARALLEL] CPUs roles (k,eh,t)
# | BS_nCPU_LinAlg_INV=  4           # [PARALLEL] CPUs for Linear Algebra (if -1 it is automatically set)
# | BS_nCPU_LinAlg_DIAGO=  4         # [PARALLEL] CPUs for Linear Algebra (if -1 it is automatically set)
# | K_Threads= 2                     # [OPENMP/BSK] Number of threads for response functions
# | BSKmod= "SEX"                    # [BSE] IP/Hartree/HF/ALDA/SEX/BSfxc
# | BSEmod= "resonant"               # [BSE] resonant/retarded/coupling
# | BSEdiskIO= "medium"              # [BSE] high(restart always) |medium(restart only corr.) |low(writes at the end)|none
# | BSSmod= "d"                      # [BSS] (h)aydock/(d)iago/(o)ld-diago/(s)lepc/(i)nversion/(c)hase
# | BSENGexx= 20120            mHa   # [BSK] Exchange components
# | BSENGBlk=  89              RL    # [BSK] Screened interaction block size [if -1 uses all the G-vectors of W_{G,Gp}]
# | #WehCpl                        # [BSK] eh interaction included also in coupling
# | KfnQPdb= "E < GW0/ndb.QP"        # [EXTQP BSK BSS] Database action
# | % KfnQP_E
# |  6.000000 | 1.050000 | 1.050000 |        # [EXTQP BSK BSS] E parameters  (c/v) eV|adim|adim
# | %
# | EXCTemp= 0.000000          eV    # Excitonic Temperature (for luminescence spectra and EXCPH)
# | % BSEQptR
# |  1 | 1 |                             # [BSK] Transferred momenta range
# | %
# | % BSEBands
# |   1 | 10 |                           # [BSK] Bands range
# | %
# | BSEFrozenBands= "2 - 5"          # [BSK] Bands expluded from BSE construction
# | #NoDiagSC                      # New setup for non-diagonal supercells
# | % BEnRange
# |   0.00000 | 10.00000 |         eV    # [BSS] Energy range
# | %
# | BDmType= "Lorentzian"            # [BSS] Damping type (Lorentzian | Gaussian)
# | % BDmRange
# |  0.100000 | 0.100000 |         eV    # [BSS] Damping range
# | %
# | BEnSteps=  5001                  # [BSS] Energy steps
# | % BLongDir
# |  1.000000 | 0.000000 | 0.000000 |        # [BSS] [cc] Electric Field versor
# | %
# | BSEprop= " abs esrt indx"        # [BSS] Can be any among abs/jdos/kerr/asymm/anHAll/magn/dich/photolum/esrt/MEspin/MEorb
# | BSEdips= "none"                  # [BSS] Can be "trace/none" or "xy/xz/yz" to define off-diagonal rotation plane
# | WRbsWF                         # [BSS] Write to disk excitonic the WFs
# | BSSldiaLib= "s"                  # [BSS] Library used with ldiago solver `(s)scalapack/(e1)elpa1/(e2)elpa2`
# | BSSNEig=0                        # [SLEPC/DIAGO] Number of eigenvalues to compute
