#                                                                     
# $$\                                                                 
# $$ |                                                                
# $$ |     $$\   $$\ $$$$$$\$$$$\   $$$$$$\  $$$$$$$\                 
# $$ |     $$ |  $$ |$$  _$$  _$$\ $$  __$$\ $$  __$$\                
# $$ |     $$ |  $$ |$$ / $$ / $$ |$$$$$$$$ |$$ |  $$ |               
# $$ |     $$ |  $$ |$$ | $$ | $$ |$$   ____|$$ |  $$ |               
# $$$$$$$$\\$$$$$$  |$$ | $$ | $$ |\$$$$$$$\ $$ |  $$ |               
# \________|\______/ \__| \__| \__| \_______|\__|  \__|               
#                                                                     
#                   Fork Lumen 2.1.0                                  
#                   Branch is nlresp                                  
#        MPI+OpenMP+SLK+SLEPC+HDF5_MPI_IO Build                       
#               http://www.lumen-code.org                             
#
# Absorption @ Q(1):   1.00000000      0.00000000      0.00000000    [q->0 direction]
#
# [GEN] GF Energies                               : Perdew, Burke & Ernzerhof(X)+Perdew, Burke & Ernzerhof(C)
# [GEN] Green`s Function                          : Resonant
#
# [GEN] Gauge                                     : Length
# [GEN] [r,Vnl] included                          : yes
#
# DIP band range                                  :   1  10
# DIP band range limits                           :   5   6
# DIP e/h energy range                            :  -1.00000000     -1.00000000    [eV]
# RL vectors in the sum                           :  1837
# [r,Vnl] included                                : yes
# Bands ordered                                   : yes
# Direct v evaluation                             : no
# Approach used                                   : G-space v
# Dipoles computed                                : R V P [G-space]
# Wavefunctions                                   : Perdew, Burke & Ernzerhof(X)+Perdew, Burke & Ernzerhof(C)
#
#
# [K] Identifier                                  :   6912
# [K] Dimension                                   :  1080
# [K] Bands                                       :   1  10
# [K] Exchange res                                : yes
# [K] Correlation res                             : yes
# [K] Kernel`s coupling                           : no
# [K] Exchange cpl                                : no
# [K] Correlation cpl                             : no
# [K] W interaction is bare                       : no
# [K] ALDA kernel in R-space                      : no
# [K] RL vectors exchange                         :   531
# [K] RL vectors correlation                      :   89
# [K] E/h energy range                            :  -1.00000000     -1.00000000    [eV]
# [K] Coupling range                              :   100.000000      100.000000    [o/o]
# [W] Interaction is diagonal                     : no
# [W] Matrix size                                 :   89
# [W] Bands                                       :   1  10
# [W] e/h energy range                            :  -1.00000000     -1.00000000    [eV]
# [W] Poles                                       :   100.000000    [o/o]
# [W] RL vectors in the sum                       :  1837
# [W] [r,Vnl] included                            : yes
# [W] Field direction                             :  0.999999975E-5   0.00000000      0.00000000   
# [W] Coulomb Cutoff                              : none
# [W] Hxc Kernel                                  : HARTREE
# [RIM] RL components col                         : 0
# [RIM] Random points col                         : 0
# [SOC] Perturbative SOC                          : no
# [X] Response Kind                               : BAR
#
# Diamagnetic term                                
# Ao                                              :  -9.56937981    [nel]
# A                                               :  -9.61057949    [nel]
#
#    E[1] [eV]          Im(eps)            Re(eps)            Im(eps_o)          Re(eps_o)
#
        0.000000           0.884739E-5        1.006340           0.721738E-5        1.005729
        0.002000           0.884789E-5        1.006341           0.721775E-5        1.005729
        0.004000           0.884839E-5        1.006341           0.721812E-5        1.005729
        0.006000           0.884888E-5        1.006341           0.721848E-5        1.005729
        0.008000           0.884938E-5        1.006341           0.721884E-5        1.005729
        0.010000           0.884987E-5        1.006341           0.721921E-5        1.005729
        0.012000           0.885037E-5        1.006341           0.721958E-5        1.005729
        0.014000           0.885087E-5        1.006342           0.721994E-5        1.005730
        0.016000           0.885136E-5        1.006342           0.722030E-5        1.005730
        0.018000           0.885185E-5        1.006342           0.722067E-5        1.005730
        0.020000           0.885235E-5        1.006342           0.722103E-5        1.005730
        0.022000           0.885285E-5        1.006342           0.722140E-5        1.005730
        0.024000           0.885334E-5        1.006343           0.722176E-5        1.005730
        0.026000           0.885384E-5        1.006343           0.722213E-5        1.005730
        0.028000           0.885434E-5        1.006343           0.722249E-5        1.005731
        0.030000           0.885483E-5        1.006343           0.722286E-5        1.005731
        0.032000           0.885533E-5        1.006343           0.722322E-5        1.005731
        0.034000           0.885583E-5        1.006343           0.722359E-5        1.005731
        0.036000           0.885632E-5        1.006344           0.722396E-5        1.005731
        0.038000           0.885682E-5        1.006344           0.722432E-5        1.005731
        0.040000           0.885731E-5        1.006344           0.722469E-5        1.005731
        0.042000           0.885781E-5        1.006344           0.722505E-5        1.005732
        0.044000           0.885831E-5        1.006344           0.722542E-5        1.005732
        0.046000           0.885880E-5        1.006344           0.722578E-5        1.005732
        0.048000           0.885930E-5        1.006345           0.722615E-5        1.005732
        0.050000           0.885979E-5        1.006345           0.722651E-5        1.005732
        0.052000           0.886029E-5        1.006345           0.722688E-5        1.005732
        0.054000           0.886079E-5        1.006345           0.722724E-5        1.005732
        0.056000           0.886129E-5        1.006345           0.722761E-5        1.005733
        0.058000           0.886178E-5        1.006346           0.722797E-5        1.005733
        0.060000           0.886228E-5        1.006346           0.722834E-5        1.005733
        0.062000           0.886278E-5        1.006346           0.722871E-5        1.005733
        0.064000           0.886327E-5        1.006346           0.722907E-5        1.005733
        0.066000           0.886377E-5        1.006346           0.722944E-5        1.005733
        0.068000           0.886427E-5        1.006346           0.722980E-5        1.005733
        0.070000           0.886476E-5        1.006347           0.723017E-5        1.005734
        0.072000           0.886526E-5        1.006347           0.723054E-5        1.005734
        0.074000           0.886576E-5        1.006347           0.723090E-5        1.005734
        0.076000           0.886625E-5        1.006347           0.723127E-5        1.005734
        0.078000           0.886675E-5        1.006347           0.723163E-5        1.005734
        0.080000           0.886725E-5        1.006347           0.723200E-5        1.005734
        0.082000           0.886775E-5        1.006348           0.723236E-5        1.005734
        0.084000           0.886824E-5        1.006348           0.723273E-5        1.005735
        0.086000           0.886874E-5        1.006348           0.723310E-5        1.005735
        0.088000           0.886924E-5        1.006348           0.723346E-5        1.005735
        0.090000           0.886973E-5        1.006348           0.723383E-5        1.005735
        0.092000           0.887023E-5        1.006348           0.723419E-5        1.005735
        0.094000           0.887073E-5        1.006349           0.723456E-5        1.005735
        0.096000           0.887123E-5        1.006349           0.723493E-5        1.005736
        0.098000           0.887172E-5        1.006349           0.723529E-5        1.005736
        0.100000           0.887222E-5        1.006349           0.723566E-5        1.005736
        0.102000           0.887272E-5        1.006349           0.723603E-5        1.005736
        0.104000           0.887322E-5        1.006350           0.723639E-5        1.005736
        0.106000           0.887372E-5        1.006350           0.723676E-5        1.005736
        0.108000           0.887421E-5        1.006350           0.723712E-5        1.005736
        0.110000           0.887471E-5        1.006350           0.723749E-5        1.005736
        0.112000           0.887521E-5        1.006350           0.723786E-5        1.005737
        0.114000           0.887571E-5        1.006351           0.723822E-5        1.005737
        0.116000           0.887620E-5        1.006351           0.723859E-5        1.005737
        0.118000           0.887670E-5        1.006351           0.723895E-5        1.005737
        0.120000           0.887720E-5        1.006351           0.723932E-5        1.005737
        0.122000           0.887770E-5        1.006351           0.723969E-5        1.005737
        0.124000           0.887819E-5        1.006351           0.724005E-5        1.005738
        0.126000           0.887869E-5        1.006351           0.724042E-5        1.005738
        0.128000           0.887919E-5        1.006352           0.724079E-5        1.005738
        0.130000           0.887969E-5        1.006352           0.724116E-5        1.005738
        0.132000           0.888019E-5        1.006352           0.724152E-5        1.005738
        0.134000           0.888069E-5        1.006352           0.724189E-5        1.005738
        0.136000           0.888119E-5        1.006352           0.724225E-5        1.005738
        0.138000           0.888168E-5        1.006353           0.724262E-5        1.005738
        0.140000           0.888218E-5        1.006353           0.724299E-5        1.005739
        0.142000           0.888268E-5        1.006353           0.724335E-5        1.005739
        0.144000           0.888318E-5        1.006353           0.724372E-5        1.005739
        0.146000           0.888368E-5        1.006353           0.724409E-5        1.005739
        0.148000           0.888418E-5        1.006353           0.724445E-5        1.005739
        0.150000           0.888468E-5        1.006354           0.724482E-5        1.005739
        0.152000           0.888517E-5        1.006354           0.724519E-5        1.005740
        0.154000           0.888567E-5        1.006354           0.724555E-5        1.005740
        0.156000           0.888617E-5        1.006354           0.724592E-5        1.005740
        0.158000           0.888667E-5        1.006354           0.724629E-5        1.005740
        0.160000           0.888717E-5        1.006355           0.724666E-5        1.005740
        0.162000           0.888767E-5        1.006355           0.724702E-5        1.005740
        0.164000           0.888817E-5        1.006355           0.724739E-5        1.005740
        0.166000           0.888867E-5        1.006355           0.724776E-5        1.005741
        0.168000           0.888916E-5        1.006355           0.724813E-5        1.005741
        0.170000           0.888966E-5        1.006355           0.724849E-5        1.005741
        0.172000           0.889016E-5        1.006356           0.724886E-5        1.005741
        0.174000           0.889066E-5        1.006356           0.724923E-5        1.005741
        0.176000           0.889116E-5        1.006356           0.724959E-5        1.005741
        0.178000           0.889166E-5        1.006356           0.724996E-5        1.005741
        0.180000           0.889216E-5        1.006356           0.725033E-5        1.005742
        0.182000           0.889266E-5        1.006356           0.725070E-5        1.005742
        0.184000           0.889316E-5        1.006357           0.725106E-5        1.005742
        0.186000           0.889366E-5        1.006357           0.725143E-5        1.005742
        0.188000           0.889416E-5        1.006357           0.725180E-5        1.005742
        0.190000           0.889466E-5        1.006357           0.725216E-5        1.005742
        0.192000           0.889515E-5        1.006357           0.725253E-5        1.005742
        0.194000           0.889566E-5        1.006358           0.725290E-5        1.005743
        0.196000           0.889616E-5        1.006358           0.725327E-5        1.005743
        0.198000           0.889665E-5        1.006358           0.725363E-5        1.005743
        0.200000           0.889715E-5        1.006358           0.725400E-5        1.005743
        0.202000           0.889765E-5        1.006358           0.725437E-5        1.005743
        0.204000           0.889815E-5        1.006359           0.725474E-5        1.005743
        0.206000           0.889865E-5        1.006359           0.725511E-5        1.005744
        0.208000           0.889915E-5        1.006359           0.725547E-5        1.005744
        0.210000           0.889965E-5        1.006359           0.725584E-5        1.005744
        0.212000           0.890015E-5        1.006359           0.725621E-5        1.005744
        0.214000           0.890065E-5        1.006359           0.725658E-5        1.005744
        0.216000           0.890115E-5        1.006360           0.725694E-5        1.005744
        0.218000           0.890165E-5        1.006360           0.725731E-5        1.005744
        0.220000           0.890215E-5        1.006360           0.725768E-5        1.005744
        0.222000           0.890265E-5        1.006360           0.725805E-5        1.005745
        0.224000           0.890315E-5        1.006360           0.725842E-5        1.005745
        0.226000           0.890365E-5        1.006360           0.725878E-5        1.005745
        0.228000           0.890415E-5        1.006361           0.725915E-5        1.005745
        0.230000           0.890465E-5        1.006361           0.725952E-5        1.005745
        0.232000           0.890515E-5        1.006361           0.725989E-5        1.005745
        0.234000           0.890565E-5        1.006361           0.726025E-5        1.005746
        0.236000           0.890616E-5        1.006361           0.726062E-5        1.005746
        0.238000           0.890666E-5        1.006361           0.726099E-5        1.005746
        0.240000           0.890716E-5        1.006362           0.726136E-5        1.005746
        0.242000           0.890766E-5        1.006362           0.726173E-5        1.005746
        0.244000           0.890816E-5        1.006362           0.726210E-5        1.005746
        0.246000           0.890866E-5        1.006362           0.726246E-5        1.005746
        0.248000           0.890916E-5        1.006362           0.726283E-5        1.005746
        0.250000           0.890966E-5        1.006363           0.726320E-5        1.005747
        0.252000           0.891016E-5        1.006363           0.726357E-5        1.005747
        0.254000           0.891066E-5        1.006363           0.726394E-5        1.005747
        0.256000           0.891116E-5        1.006363           0.726431E-5        1.005747
        0.258000           0.891166E-5        1.006363           0.726468E-5        1.005747
        0.260000           0.891216E-5        1.006363           0.726504E-5        1.005747
        0.262000           0.891266E-5        1.006364           0.726541E-5        1.005748
        0.264000           0.891317E-5        1.006364           0.726578E-5        1.005748
        0.266000           0.891367E-5        1.006364           0.726615E-5        1.005748
        0.268000           0.891417E-5        1.006364           0.726652E-5        1.005748
        0.270000           0.891467E-5        1.006364           0.726688E-5        1.005748
        0.272000           0.891517E-5        1.006364           0.726725E-5        1.005748
        0.274000           0.891567E-5        1.006365           0.726762E-5        1.005748
        0.276000           0.891617E-5        1.006365           0.726799E-5        1.005749
        0.278000           0.891667E-5        1.006365           0.726836E-5        1.005749
        0.280000           0.891718E-5        1.006365           0.726873E-5        1.005749
        0.282000           0.891768E-5        1.006365           0.726910E-5        1.005749
        0.284000           0.891818E-5        1.006366           0.726947E-5        1.005749
        0.286000           0.891868E-5        1.006366           0.726983E-5        1.005749
        0.288000           0.891918E-5        1.006366           0.727020E-5        1.005749
        0.290000           0.891968E-5        1.006366           0.727057E-5        1.005750
        0.292000           0.892018E-5        1.006366           0.727094E-5        1.005750
        0.294000           0.892069E-5        1.006366           0.727131E-5        1.005750
        0.296000           0.892119E-5        1.006367           0.727168E-5        1.005750
        0.298000           0.892169E-5        1.006367           0.727205E-5        1.005750
        0.300000           0.892219E-5        1.006367           0.727242E-5        1.005750
        0.302000           0.892269E-5        1.006367           0.727279E-5        1.005750
        0.304000           0.892320E-5        1.006367           0.727315E-5        1.005751
        0.306000           0.892370E-5        1.006368           0.727352E-5        1.005751
        0.308000           0.892420E-5        1.006368           0.727389E-5        1.005751
        0.310000           0.892470E-5        1.006368           0.727426E-5        1.005751
        0.312000           0.892520E-5        1.006368           0.727463E-5        1.005751
        0.314000           0.892571E-5        1.006368           0.727500E-5        1.005751
        0.316000           0.892621E-5        1.006368           0.727537E-5        1.005751
        0.318000           0.892671E-5        1.006369           0.727574E-5        1.005752
        0.320000           0.892721E-5        1.006369           0.727611E-5        1.005752
        0.322000           0.892771E-5        1.006369           0.727648E-5        1.005752
        0.324000           0.892822E-5        1.006369           0.727685E-5        1.005752
        0.326000           0.892872E-5        1.006369           0.727721E-5        1.005752
        0.328000           0.892922E-5        1.006369           0.727758E-5        1.005752
        0.330000           0.892972E-5        1.006370           0.727795E-5        1.005752
        0.332000           0.893023E-5        1.006370           0.727832E-5        1.005753
        0.334000           0.893073E-5        1.006370           0.727869E-5        1.005753
        0.336000           0.893123E-5        1.006370           0.727906E-5        1.005753
        0.338000           0.893174E-5        1.006370           0.727943E-5        1.005753
        0.340000           0.893224E-5        1.006371           0.727980E-5        1.005753
        0.342000           0.893274E-5        1.006371           0.728017E-5        1.005753
        0.344000           0.893324E-5        1.006371           0.728054E-5        1.005754
        0.346000           0.893375E-5        1.006371           0.728091E-5        1.005754
        0.348000           0.893425E-5        1.006371           0.728128E-5        1.005754
        0.350000           0.893475E-5        1.006371           0.728165E-5        1.005754
        0.352000           0.893525E-5        1.006372           0.728202E-5        1.005754
        0.354000           0.893576E-5        1.006372           0.728239E-5        1.005754
        0.356000           0.893626E-5        1.006372           0.728276E-5        1.005754
        0.358000           0.893676E-5        1.006372           0.728313E-5        1.005754
        0.360000           0.893727E-5        1.006372           0.728350E-5        1.005755
        0.362000           0.893777E-5        1.006373           0.728387E-5        1.005755
        0.364000           0.893827E-5        1.006373           0.728424E-5        1.005755
        0.366000           0.893877E-5        1.006373           0.728461E-5        1.005755
        0.368000           0.893928E-5        1.006373           0.728498E-5        1.005755
        0.370000           0.893978E-5        1.006373           0.728535E-5        1.005755
        0.372000           0.894028E-5        1.006373           0.728572E-5        1.005756
        0.374000           0.894079E-5        1.006374           0.728609E-5        1.005756
        0.376000           0.894129E-5        1.006374           0.728646E-5        1.005756
        0.378000           0.894179E-5        1.006374           0.728683E-5        1.005756
        0.380000           0.894230E-5        1.006374           0.728720E-5        1.005756
        0.382000           0.894280E-5        1.006374           0.728757E-5        1.005756
        0.384000           0.894331E-5        1.006374           0.728794E-5        1.005756
        0.386000           0.894381E-5        1.006375           0.728831E-5        1.005756
        0.388000           0.894431E-5        1.006375           0.728868E-5        1.005757
        0.390000           0.894482E-5        1.006375           0.728905E-5        1.005757
        0.392000           0.894532E-5        1.006375           0.728942E-5        1.005757
        0.394000           0.894582E-5        1.006375           0.728979E-5        1.005757
        0.396000           0.894633E-5        1.006376           0.729016E-5        1.005757
        0.398000           0.894683E-5        1.006376           0.729053E-5        1.005757
        0.400000           0.894734E-5        1.006376           0.729090E-5        1.005758
        0.402000           0.894784E-5        1.006376           0.729127E-5        1.005758
        0.404000           0.894834E-5        1.006376           0.729164E-5        1.005758
        0.406000           0.894885E-5        1.006377           0.729201E-5        1.005758
        0.408000           0.894935E-5        1.006377           0.729238E-5        1.005758
        0.410000           0.894986E-5        1.006377           0.729275E-5        1.005758
        0.412000           0.895036E-5        1.006377           0.729312E-5        1.005758
        0.414000           0.895086E-5        1.006377           0.729349E-5        1.005759
        0.416000           0.895137E-5        1.006377           0.729386E-5        1.005759
        0.418000           0.895187E-5        1.006378           0.729424E-5        1.005759
        0.420000           0.895238E-5        1.006378           0.729461E-5        1.005759
        0.422000           0.895288E-5        1.006378           0.729498E-5        1.005759
        0.424000           0.895338E-5        1.006378           0.729535E-5        1.005759
        0.426000           0.895389E-5        1.006378           0.729572E-5        1.005759
        0.428000           0.895439E-5        1.006378           0.729609E-5        1.005760
        0.430000           0.895490E-5        1.006379           0.729646E-5        1.005760
        0.432000           0.895540E-5        1.006379           0.729683E-5        1.005760
        0.434000           0.895591E-5        1.006379           0.729720E-5        1.005760
        0.436000           0.895641E-5        1.006379           0.729757E-5        1.005760
        0.438000           0.895692E-5        1.006379           0.729794E-5        1.005760
        0.440000           0.895742E-5        1.006379           0.729831E-5        1.005760
        0.442000           0.895793E-5        1.006380           0.729869E-5        1.005761
        0.444000           0.895843E-5        1.006380           0.729906E-5        1.005761
        0.446000           0.895894E-5        1.006380           0.729943E-5        1.005761
        0.448000           0.895944E-5        1.006380           0.729980E-5        1.005761
        0.450000           0.895995E-5        1.006380           0.730017E-5        1.005761
        0.452000           0.896045E-5        1.006381           0.730054E-5        1.005761
        0.454000           0.896096E-5        1.006381           0.730091E-5        1.005762
        0.456000           0.896146E-5        1.006381           0.730128E-5        1.005762
        0.458000           0.896197E-5        1.006381           0.730165E-5        1.005762
        0.460000           0.896247E-5        1.006381           0.730203E-5        1.005762
        0.462000           0.896298E-5        1.006382           0.730240E-5        1.005762
        0.464000           0.896348E-5        1.006382           0.730277E-5        1.005762
        0.466000           0.896399E-5        1.006382           0.730314E-5        1.005762
        0.468000           0.896450E-5        1.006382           0.730351E-5        1.005763
        0.470000           0.896500E-5        1.006382           0.730388E-5        1.005763
        0.472000           0.896550E-5        1.006382           0.730425E-5        1.005763
        0.474000           0.896601E-5        1.006383           0.730462E-5        1.005763
        0.476000           0.896652E-5        1.006383           0.730500E-5        1.005763
        0.478000           0.896702E-5        1.006383           0.730537E-5        1.005763
        0.480000           0.896753E-5        1.006383           0.730574E-5        1.005763
        0.482000           0.896803E-5        1.006383           0.730611E-5        1.005764
        0.484000           0.896854E-5        1.006383           0.730648E-5        1.005764
        0.486000           0.896904E-5        1.006384           0.730685E-5        1.005764
        0.488000           0.896955E-5        1.006384           0.730722E-5        1.005764
        0.490000           0.897006E-5        1.006384           0.730760E-5        1.005764
        0.492000           0.897056E-5        1.006384           0.730797E-5        1.005764
        0.494000           0.897107E-5        1.006384           0.730834E-5        1.005764
        0.496000           0.897157E-5        1.006385           0.730871E-5        1.005765
        0.498000           0.897208E-5        1.006385           0.730908E-5        1.005765
        0.500000           0.897259E-5        1.006385           0.730946E-5        1.005765
        0.502000           0.897309E-5        1.006385           0.730983E-5        1.005765
        0.504000           0.897360E-5        1.006385           0.731020E-5        1.005765
        0.506000           0.897410E-5        1.006385           0.731057E-5        1.005765
        0.508000           0.897461E-5        1.006386           0.731094E-5        1.005765
        0.510000           0.897512E-5        1.006386           0.731131E-5        1.005766
        0.512000           0.897562E-5        1.006386           0.731169E-5        1.005766
        0.514000           0.897613E-5        1.006386           0.731206E-5        1.005766
        0.516000           0.897664E-5        1.006386           0.731243E-5        1.005766
        0.518000           0.897714E-5        1.006387           0.731280E-5        1.005766
        0.520000           0.897765E-5        1.006387           0.731318E-5        1.005766
        0.522000           0.897816E-5        1.006387           0.731355E-5        1.005767
        0.524000           0.897866E-5        1.006387           0.731392E-5        1.005767
        0.526000           0.897917E-5        1.006387           0.731429E-5        1.005767
        0.528000           0.897968E-5        1.006387           0.731466E-5        1.005767
        0.530000           0.898018E-5        1.006388           0.731503E-5        1.005767
        0.532000           0.898069E-5        1.006388           0.731541E-5        1.005767
        0.534000           0.898120E-5        1.006388           0.731578E-5        1.005767
        0.536000           0.898170E-5        1.006388           0.731615E-5        1.005767
        0.538000           0.898221E-5        1.006388           0.731652E-5        1.005768
        0.540000           0.898272E-5        1.006389           0.731690E-5        1.005768
        0.542000           0.898322E-5        1.006389           0.731727E-5        1.005768
        0.544000           0.898373E-5        1.006389           0.731764E-5        1.005768
        0.546000           0.898424E-5        1.006389           0.731801E-5        1.005768
        0.548000           0.898475E-5        1.006389           0.731839E-5        1.005768
        0.550000           0.898525E-5        1.006389           0.731876E-5        1.005769
        0.552000           0.898576E-5        1.006390           0.731913E-5        1.005769
        0.554000           0.898627E-5        1.006390           0.731950E-5        1.005769
        0.556000           0.898677E-5        1.006390           0.731988E-5        1.005769
        0.558000           0.898728E-5        1.006390           0.732025E-5        1.005769
        0.560000           0.898779E-5        1.006390           0.732062E-5        1.005769
        0.562000           0.898830E-5        1.006390           0.732100E-5        1.005769
        0.564000           0.898880E-5        1.006391           0.732137E-5        1.005769
        0.566000           0.898931E-5        1.006391           0.732174E-5        1.005770
        0.568000           0.898982E-5        1.006391           0.732211E-5        1.005770
        0.570000           0.899033E-5        1.006391           0.732249E-5        1.005770
        0.572000           0.899083E-5        1.006391           0.732286E-5        1.005770
        0.574000           0.899134E-5        1.006392           0.732323E-5        1.005770
        0.576000           0.899185E-5        1.006392           0.732360E-5        1.005770
        0.578000           0.899236E-5        1.006392           0.732398E-5        1.005771
        0.580000           0.899286E-5        1.006392           0.732435E-5        1.005771
        0.582000           0.899337E-5        1.006392           0.732472E-5        1.005771
        0.584000           0.899388E-5        1.006392           0.732509E-5        1.005771
        0.586000           0.899439E-5        1.006393           0.732547E-5        1.005771
        0.588000           0.899489E-5        1.006393           0.732584E-5        1.005771
        0.590000           0.899540E-5        1.006393           0.732622E-5        1.005771
        0.592000           0.899591E-5        1.006393           0.732659E-5        1.005772
        0.594000           0.899642E-5        1.006393           0.732696E-5        1.005772
        0.596000           0.899693E-5        1.006394           0.732733E-5        1.005772
        0.598000           0.899744E-5        1.006394           0.732771E-5        1.005772
        0.600000           0.899794E-5        1.006394           0.732808E-5        1.005772
        0.602000           0.899845E-5        1.006394           0.732846E-5        1.005772
        0.604000           0.899896E-5        1.006394           0.732883E-5        1.005772
        0.606000           0.899947E-5        1.006394           0.732920E-5        1.005773
        0.608000           0.899998E-5        1.006395           0.732958E-5        1.005773
        0.610000           0.900049E-5        1.006395           0.732995E-5        1.005773
        0.612000           0.900099E-5        1.006395           0.733032E-5        1.005773
        0.614000           0.900150E-5        1.006395           0.733070E-5        1.005773
        0.616000           0.900201E-5        1.006395           0.733107E-5        1.005773
        0.618000           0.900252E-5        1.006395           0.733144E-5        1.005774
        0.620000           0.900303E-5        1.006396           0.733181E-5        1.005774
        0.622000           0.900354E-5        1.006396           0.733219E-5        1.005774
        0.624000           0.900405E-5        1.006396           0.733256E-5        1.005774
        0.626000           0.900456E-5        1.006396           0.733294E-5        1.005774
        0.628000           0.900507E-5        1.006396           0.733331E-5        1.005774
        0.630000           0.900557E-5        1.006397           0.733368E-5        1.005774
        0.632000           0.900608E-5        1.006397           0.733406E-5        1.005774
        0.634000           0.900659E-5        1.006397           0.733443E-5        1.005775
        0.636000           0.900710E-5        1.006397           0.733481E-5        1.005775
        0.638000           0.900761E-5        1.006397           0.733518E-5        1.005775
        0.640000           0.900812E-5        1.006397           0.733555E-5        1.005775
        0.642000           0.900863E-5        1.006398           0.733593E-5        1.005775
        0.644000           0.900914E-5        1.006398           0.733630E-5        1.005775
        0.646000           0.900965E-5        1.006398           0.733667E-5        1.005776
        0.648000           0.901015E-5        1.006398           0.733705E-5        1.005776
        0.650000           0.901067E-5        1.006398           0.733742E-5        1.005776
        0.652000           0.901117E-5        1.006399           0.733780E-5        1.005776
        0.654000           0.901168E-5        1.006399           0.733817E-5        1.005776
        0.656000           0.901219E-5        1.006399           0.733854E-5        1.005776
        0.658000           0.901270E-5        1.006399           0.733892E-5        1.005776
        0.660000           0.901321E-5        1.006399           0.733929E-5        1.005777
        0.662000           0.901372E-5        1.006400           0.733966E-5        1.005777
        0.664000           0.901423E-5        1.006400           0.734004E-5        1.005777
        0.666000           0.901474E-5        1.006400           0.734041E-5        1.005777
        0.668000           0.901525E-5        1.006400           0.734079E-5        1.005777
        0.670000           0.901576E-5        1.006400           0.734116E-5        1.005777
        0.672000           0.901627E-5        1.006400           0.734154E-5        1.005777
        0.674000           0.901678E-5        1.006401           0.734191E-5        1.005778
        0.676000           0.901729E-5        1.006401           0.734228E-5        1.005778
        0.678000           0.901780E-5        1.006401           0.734266E-5        1.005778
        0.680000           0.901831E-5        1.006401           0.734303E-5        1.005778
        0.682000           0.901882E-5        1.006401           0.734341E-5        1.005778
        0.684000           0.901933E-5        1.006401           0.734378E-5        1.005778
        0.686000           0.901984E-5        1.006402           0.734416E-5        1.005779
        0.688000           0.902035E-5        1.006402           0.734453E-5        1.005779
        0.690000           0.902086E-5        1.006402           0.734491E-5        1.005779
        0.692000           0.902137E-5        1.006402           0.734528E-5        1.005779
        0.694000           0.902188E-5        1.006402           0.734566E-5        1.005779
        0.696000           0.902239E-5        1.006402           0.734603E-5        1.005779
        0.698000           0.902290E-5        1.006403           0.734640E-5        1.005779
        0.700000           0.902341E-5        1.006403           0.734678E-5        1.005780
        0.702000           0.902392E-5        1.006403           0.734715E-5        1.005780
        0.704000           0.902443E-5        1.006403           0.734753E-5        1.005780
        0.706000           0.902494E-5        1.006403           0.734790E-5        1.005780
        0.708000           0.902545E-5        1.006404           0.734828E-5        1.005780
        0.710000           0.902596E-5        1.006404           0.734865E-5        1.005780
        0.712000           0.902647E-5        1.006404           0.734903E-5        1.005780
        0.714000           0.902698E-5        1.006404           0.734940E-5        1.005781
        0.716000           0.902749E-5        1.006404           0.734978E-5        1.005781
        0.718000           0.902801E-5        1.006405           0.735015E-5        1.005781
        0.720000           0.902851E-5        1.006405           0.735053E-5        1.005781
        0.722000           0.902903E-5        1.006405           0.735090E-5        1.005781
        0.724000           0.902954E-5        1.006405           0.735128E-5        1.005781
        0.726000           0.903005E-5        1.006405           0.735165E-5        1.005781
        0.728000           0.903056E-5        1.006405           0.735203E-5        1.005782
        0.730000           0.903107E-5        1.006406           0.735240E-5        1.005782
        0.732000           0.903158E-5        1.006406           0.735278E-5        1.005782
        0.734000           0.903209E-5        1.006406           0.735315E-5        1.005782
        0.736000           0.903260E-5        1.006406           0.735353E-5        1.005782
        0.738000           0.903312E-5        1.006406           0.735390E-5        1.005782
        0.740000           0.903363E-5        1.006407           0.735428E-5        1.005782
        0.742000           0.903414E-5        1.006407           0.735465E-5        1.005783
        0.744000           0.903465E-5        1.006407           0.735503E-5        1.005783
        0.746000           0.903516E-5        1.006407           0.735540E-5        1.005783
        0.748000           0.903567E-5        1.006407           0.735578E-5        1.005783
        0.750000           0.903618E-5        1.006407           0.735615E-5        1.005783
        0.752000           0.903670E-5        1.006408           0.735653E-5        1.005783
        0.754000           0.903721E-5        1.006408           0.735691E-5        1.005783
        0.756000           0.903772E-5        1.006408           0.735728E-5        1.005784
        0.758000           0.903823E-5        1.006408           0.735766E-5        1.005784
        0.760000           0.903874E-5        1.006408           0.735803E-5        1.005784
        0.762000           0.903925E-5        1.006408           0.735841E-5        1.005784
        0.764000           0.903977E-5        1.006409           0.735878E-5        1.005784
        0.766000           0.904028E-5        1.006409           0.735916E-5        1.005784
        0.768000           0.904079E-5        1.006409           0.735953E-5        1.005785
        0.770000           0.904130E-5        1.006409           0.735991E-5        1.005785
        0.772000           0.904181E-5        1.006409           0.736029E-5        1.005785
        0.774000           0.904232E-5        1.006410           0.736066E-5        1.005785
        0.776000           0.904284E-5        1.006410           0.736104E-5        1.005785
        0.778000           0.904335E-5        1.006410           0.736141E-5        1.005785
        0.780000           0.904386E-5        1.006410           0.736179E-5        1.005785
        0.782000           0.904437E-5        1.006410           0.736216E-5        1.005786
        0.784000           0.904488E-5        1.006410           0.736254E-5        1.005786
        0.786000           0.904540E-5        1.006411           0.736292E-5        1.005786
        0.788000           0.904591E-5        1.006411           0.736329E-5        1.005786
        0.790000           0.904642E-5        1.006411           0.736367E-5        1.005786
        0.792000           0.904693E-5        1.006411           0.736404E-5        1.005786
        0.794000           0.904745E-5        1.006411           0.736442E-5        1.005786
        0.796000           0.904796E-5        1.006412           0.736480E-5        1.005787
        0.798000           0.904847E-5        1.006412           0.736517E-5        1.005787
        0.800000           0.904898E-5        1.006412           0.736555E-5        1.005787
        0.802000           0.904950E-5        1.006412           0.736592E-5        1.005787
        0.804000           0.905001E-5        1.006412           0.736630E-5        1.005787
        0.806000           0.905052E-5        1.006413           0.736668E-5        1.005787
        0.808000           0.905103E-5        1.006413           0.736705E-5        1.005787
        0.810000           0.905155E-5        1.006413           0.736743E-5        1.005788
        0.812000           0.905206E-5        1.006413           0.736781E-5        1.005788
        0.814000           0.905257E-5        1.006413           0.736818E-5        1.005788
        0.816000           0.905309E-5        1.006413           0.736856E-5        1.005788
        0.818000           0.905360E-5        1.006414           0.736893E-5        1.005788
        0.820000           0.905411E-5        1.006414           0.736931E-5        1.005788
        0.822000           0.905462E-5        1.006414           0.736969E-5        1.005788
        0.824000           0.905514E-5        1.006414           0.737006E-5        1.005789
        0.826000           0.905565E-5        1.006414           0.737044E-5        1.005789
        0.828000           0.905616E-5        1.006415           0.737082E-5        1.005789
        0.830000           0.905668E-5        1.006415           0.737119E-5        1.005789
        0.832000           0.905719E-5        1.006415           0.737157E-5        1.005789
        0.834000           0.905771E-5        1.006415           0.737195E-5        1.005789
        0.836000           0.905822E-5        1.006415           0.737232E-5        1.005790
        0.838000           0.905873E-5        1.006415           0.737270E-5        1.005790
        0.840000           0.905924E-5        1.006416           0.737308E-5        1.005790
        0.842000           0.905976E-5        1.006416           0.737345E-5        1.005790
        0.844000           0.906027E-5        1.006416           0.737383E-5        1.005790
        0.846000           0.906079E-5        1.006416           0.737421E-5        1.005790
        0.848000           0.906130E-5        1.006416           0.737458E-5        1.005790
        0.850000           0.906181E-5        1.006416           0.737496E-5        1.005791
        0.852000           0.906233E-5        1.006417           0.737534E-5        1.005791
        0.854000           0.906284E-5        1.006417           0.737572E-5        1.005791
        0.856000           0.906335E-5        1.006417           0.737609E-5        1.005791
        0.858000           0.906387E-5        1.006417           0.737647E-5        1.005791
        0.860000           0.906438E-5        1.006417           0.737685E-5        1.005791
        0.862000           0.906490E-5        1.006418           0.737722E-5        1.005791
        0.864000           0.906541E-5        1.006418           0.737760E-5        1.005792
        0.866000           0.906592E-5        1.006418           0.737798E-5        1.005792
        0.868000           0.906644E-5        1.006418           0.737835E-5        1.005792
        0.870000           0.906695E-5        1.006418           0.737873E-5        1.005792
        0.872000           0.906747E-5        1.006418           0.737911E-5        1.005792
        0.874000           0.906798E-5        1.006419           0.737948E-5        1.005792
        0.876000           0.906850E-5        1.006419           0.737986E-5        1.005792
        0.878000           0.906901E-5        1.006419           0.738024E-5        1.005793
        0.880000           0.906952E-5        1.006419           0.738061E-5        1.005793
        0.882000           0.907004E-5        1.006419           0.738099E-5        1.005793
        0.884000           0.907055E-5        1.006420           0.738137E-5        1.005793
        0.886000           0.907107E-5        1.006420           0.738175E-5        1.005793
        0.888000           0.907158E-5        1.006420           0.738212E-5        1.005793
        0.890000           0.907210E-5        1.006420           0.738250E-5        1.005794
        0.892000           0.907261E-5        1.006420           0.738288E-5        1.005794
        0.894000           0.907312E-5        1.006420           0.738326E-5        1.005794
        0.896000           0.907364E-5        1.006421           0.738364E-5        1.005794
        0.898000           0.907415E-5        1.006421           0.738401E-5        1.005794
        0.900000           0.907467E-5        1.006421           0.738439E-5        1.005794
        0.902000           0.907518E-5        1.006421           0.738477E-5        1.005794
        0.904000           0.907570E-5        1.006421           0.738515E-5        1.005795
        0.906000           0.907621E-5        1.006422           0.738552E-5        1.005795
        0.908000           0.907673E-5        1.006422           0.738590E-5        1.005795
        0.910000           0.907724E-5        1.006422           0.738628E-5        1.005795
        0.912000           0.907776E-5        1.006422           0.738666E-5        1.005795
        0.914000           0.907827E-5        1.006422           0.738703E-5        1.005795
        0.916000           0.907879E-5        1.006422           0.738741E-5        1.005795
        0.918000           0.907931E-5        1.006423           0.738779E-5        1.005796
        0.920000           0.907982E-5        1.006423           0.738817E-5        1.005796
        0.922000           0.908033E-5        1.006423           0.738854E-5        1.005796
        0.924000           0.908085E-5        1.006423           0.738892E-5        1.005796
        0.926000           0.908137E-5        1.006423           0.738930E-5        1.005796
        0.928000           0.908188E-5        1.006424           0.738968E-5        1.005796
        0.930000           0.908240E-5        1.006424           0.739006E-5        1.005796
        0.932000           0.908291E-5        1.006424           0.739043E-5        1.005797
        0.934000           0.908343E-5        1.006424           0.739081E-5        1.005797
        0.936000           0.908394E-5        1.006424           0.739119E-5        1.005797
        0.938000           0.908446E-5        1.006424           0.739157E-5        1.005797
        0.940000           0.908497E-5        1.006425           0.739195E-5        1.005797
        0.942000           0.908549E-5        1.006425           0.739233E-5        1.005797
        0.944000           0.908601E-5        1.006425           0.739270E-5        1.005798
        0.946000           0.908652E-5        1.006425           0.739308E-5        1.005798
        0.948000           0.908704E-5        1.006425           0.739346E-5        1.005798
        0.950000           0.908755E-5        1.006425           0.739384E-5        1.005798
        0.952000           0.908807E-5        1.006426           0.739422E-5        1.005798
        0.954000           0.908858E-5        1.006426           0.739460E-5        1.005798
        0.956000           0.908910E-5        1.006426           0.739497E-5        1.005798
        0.958000           0.908962E-5        1.006426           0.739535E-5        1.005799
        0.960000           0.909013E-5        1.006426           0.739573E-5        1.005799
        0.962000           0.909065E-5        1.006427           0.739611E-5        1.005799
        0.964000           0.909117E-5        1.006427           0.739649E-5        1.005799
        0.966000           0.909168E-5        1.006427           0.739687E-5        1.005799
        0.968000           0.909220E-5        1.006427           0.739724E-5        1.005799
        0.970000           0.909271E-5        1.006427           0.739762E-5        1.005799
        0.972000           0.909323E-5        1.006428           0.739800E-5        1.005800
        0.974000           0.909375E-5        1.006428           0.739838E-5        1.005800
        0.976000           0.909426E-5        1.006428           0.739876E-5        1.005800
        0.978000           0.909478E-5        1.006428           0.739914E-5        1.005800
        0.980000           0.909530E-5        1.006428           0.739952E-5        1.005800
        0.982000           0.909581E-5        1.006428           0.739989E-5        1.005800
        0.984000           0.909633E-5        1.006429           0.740027E-5        1.005800
        0.986000           0.909685E-5        1.006429           0.740065E-5        1.005801
        0.988000           0.909736E-5        1.006429           0.740103E-5        1.005801
        0.990000           0.909788E-5        1.006429           0.740141E-5        1.005801
        0.992000           0.909840E-5        1.006429           0.740179E-5        1.005801
        0.994000           0.909891E-5        1.006430           0.740217E-5        1.005801
        0.996000           0.909943E-5        1.006430           0.740255E-5        1.005801
        0.998000           0.909995E-5        1.006430           0.740293E-5        1.005802
        1.000000           0.910046E-5        1.006430           0.740330E-5        1.005802
        1.002000           0.910098E-5        1.006430           0.740368E-5        1.005802
        1.004000           0.910150E-5        1.006431           0.740406E-5        1.005802
        1.006000           0.910201E-5        1.006431           0.740444E-5        1.005802
        1.008000           0.910253E-5        1.006431           0.740482E-5        1.005802
        1.010000           0.910305E-5        1.006431           0.740520E-5        1.005802
        1.012000           0.910356E-5        1.006431           0.740558E-5        1.005803
        1.014000           0.910408E-5        1.006431           0.740596E-5        1.005803
        1.016000           0.910460E-5        1.006432           0.740634E-5        1.005803
        1.018000           0.910512E-5        1.006432           0.740672E-5        1.005803
        1.020000           0.910564E-5        1.006432           0.740710E-5        1.005803
        1.022000           0.910615E-5        1.006432           0.740747E-5        1.005803
        1.024000           0.910667E-5        1.006432           0.740786E-5        1.005803
        1.026000           0.910719E-5        1.006432           0.740823E-5        1.005804
        1.028000           0.910771E-5        1.006433           0.740861E-5        1.005804
        1.030000           0.910822E-5        1.006433           0.740899E-5        1.005804
        1.032000           0.910874E-5        1.006433           0.740937E-5        1.005804
        1.034000           0.910926E-5        1.006433           0.740975E-5        1.005804
        1.036000           0.910978E-5        1.006433           0.741013E-5        1.005804
        1.038000           0.911029E-5        1.006434           0.741051E-5        1.005804
        1.040000           0.911081E-5        1.006434           0.741089E-5        1.005805
        1.042000           0.911133E-5        1.006434           0.741127E-5        1.005805
        1.044000           0.911185E-5        1.006434           0.741165E-5        1.005805
        1.046000           0.911236E-5        1.006434           0.741203E-5        1.005805
        1.048000           0.911288E-5        1.006434           0.741241E-5        1.005805
        1.050000           0.911340E-5        1.006435           0.741279E-5        1.005805
        1.052000           0.911392E-5        1.006435           0.741317E-5        1.005805
        1.054000           0.911444E-5        1.006435           0.741355E-5        1.005806
        1.056000           0.911496E-5        1.006435           0.741393E-5        1.005806
        1.058000           0.911547E-5        1.006435           0.741431E-5        1.005806
        1.060000           0.911599E-5        1.006436           0.741469E-5        1.005806
        1.062000           0.911651E-5        1.006436           0.741507E-5        1.005806
        1.064000           0.911703E-5        1.006436           0.741545E-5        1.005806
        1.066000           0.911755E-5        1.006436           0.741583E-5        1.005807
        1.068000           0.911807E-5        1.006436           0.741621E-5        1.005807
        1.070000           0.911858E-5        1.006436           0.741659E-5        1.005807
        1.072000           0.911910E-5        1.006437           0.741697E-5        1.005807
        1.074000           0.911962E-5        1.006437           0.741735E-5        1.005807
        1.076000           0.912014E-5        1.006437           0.741773E-5        1.005807
        1.078000           0.912066E-5        1.006437           0.741811E-5        1.005807
        1.080000           0.912118E-5        1.006437           0.741849E-5        1.005808
        1.082000           0.912170E-5        1.006438           0.741887E-5        1.005808
        1.084000           0.912221E-5        1.006438           0.741925E-5        1.005808
        1.086000           0.912273E-5        1.006438           0.741963E-5        1.005808
        1.088000           0.912325E-5        1.006438           0.742001E-5        1.005808
        1.090000           0.912377E-5        1.006438           0.742039E-5        1.005808
        1.092000           0.912429E-5        1.006438           0.742077E-5        1.005808
        1.094000           0.912481E-5        1.006439           0.742115E-5        1.005809
        1.096000           0.912533E-5        1.006439           0.742153E-5        1.005809
        1.098000           0.912585E-5        1.006439           0.742191E-5        1.005809
        1.100000           0.912637E-5        1.006439           0.742229E-5        1.005809
        1.102000           0.912689E-5        1.006439           0.742267E-5        1.005809
        1.104000           0.912741E-5        1.006440           0.742305E-5        1.005809
        1.106000           0.912793E-5        1.006440           0.742343E-5        1.005810
        1.108000           0.912845E-5        1.006440           0.742381E-5        1.005810
        1.110000           0.912896E-5        1.006440           0.742419E-5        1.005810
        1.112000           0.912948E-5        1.006440           0.742457E-5        1.005810
        1.114000           0.913000E-5        1.006441           0.742496E-5        1.005810
        1.116000           0.913052E-5        1.006441           0.742534E-5        1.005810
        1.118000           0.913104E-5        1.006441           0.742572E-5        1.005810
        1.120000           0.913156E-5        1.006441           0.742610E-5        1.005810
        1.122000           0.913208E-5        1.006441           0.742648E-5        1.005811
        1.124000           0.913260E-5        1.006441           0.742686E-5        1.005811
        1.126000           0.913312E-5        1.006442           0.742724E-5        1.005811
        1.128000           0.913364E-5        1.006442           0.742762E-5        1.005811
        1.130000           0.913416E-5        1.006442           0.742800E-5        1.005811
        1.132000           0.913468E-5        1.006442           0.742838E-5        1.005811
        1.134000           0.913520E-5        1.006442           0.742876E-5        1.005812
        1.136000           0.913572E-5        1.006443           0.742915E-5        1.005812
        1.138000           0.913624E-5        1.006443           0.742953E-5        1.005812
        1.140000           0.913676E-5        1.006443           0.742991E-5        1.005812
        1.142000           0.913728E-5        1.006443           0.743029E-5        1.005812
        1.144000           0.913780E-5        1.006443           0.743067E-5        1.005812
        1.146000           0.913832E-5        1.006443           0.743105E-5        1.005813
        1.148000           0.913884E-5        1.006444           0.743143E-5        1.005813
        1.150000           0.913936E-5        1.006444           0.743181E-5        1.005813
        1.152000           0.913988E-5        1.006444           0.743219E-5        1.005813
        1.154000           0.914040E-5        1.006444           0.743258E-5        1.005813
        1.156000           0.914092E-5        1.006444           0.743296E-5        1.005813
        1.158000           0.914144E-5        1.006444           0.743334E-5        1.005813
        1.160000           0.914196E-5        1.006445           0.743372E-5        1.005813
        1.162000           0.914248E-5        1.006445           0.743410E-5        1.005814
        1.164000           0.914300E-5        1.006445           0.743448E-5        1.005814
        1.166000           0.914352E-5        1.006445           0.743486E-5        1.005814
        1.168000           0.914405E-5        1.006445           0.743525E-5        1.005814
        1.170000           0.914457E-5        1.006446           0.743563E-5        1.005814
        1.172000           0.914509E-5        1.006446           0.743601E-5        1.005814
        1.174000           0.914561E-5        1.006446           0.743639E-5        1.005815
        1.176000           0.914613E-5        1.006446           0.743677E-5        1.005815
        1.178000           0.914665E-5        1.006446           0.743715E-5        1.005815
        1.180000           0.914717E-5        1.006446           0.743753E-5        1.005815
        1.182000           0.914769E-5        1.006447           0.743792E-5        1.005815
        1.184000           0.914821E-5        1.006447           0.743830E-5        1.005815
        1.186000           0.914873E-5        1.006447           0.743868E-5        1.005816
        1.188000           0.914926E-5        1.006447           0.743906E-5        1.005816
        1.190000           0.914978E-5        1.006447           0.743944E-5        1.005816
        1.192000           0.915030E-5        1.006448           0.743982E-5        1.005816
        1.194000           0.915082E-5        1.006448           0.744021E-5        1.005816
        1.196000           0.915134E-5        1.006448           0.744059E-5        1.005816
        1.198000           0.915186E-5        1.006448           0.744097E-5        1.005816
        1.200000           0.915238E-5        1.006448           0.744135E-5        1.005816
        1.202000           0.915291E-5        1.006449           0.744174E-5        1.005817
        1.204000           0.915343E-5        1.006449           0.744212E-5        1.005817
        1.206000           0.915395E-5        1.006449           0.744250E-5        1.005817
        1.208000           0.915447E-5        1.006449           0.744288E-5        1.005817
        1.210000           0.915499E-5        1.006449           0.744326E-5        1.005817
        1.212000           0.915551E-5        1.006449           0.744365E-5        1.005817
        1.214000           0.915603E-5        1.006450           0.744403E-5        1.005818
        1.216000           0.915656E-5        1.006450           0.744441E-5        1.005818
        1.218000           0.915708E-5        1.006450           0.744479E-5        1.005818
        1.220000           0.915760E-5        1.006450           0.744517E-5        1.005818
        1.222000           0.915812E-5        1.006450           0.744556E-5        1.005818
        1.224000           0.915864E-5        1.006451           0.744594E-5        1.005818
        1.226000           0.915917E-5        1.006451           0.744632E-5        1.005818
        1.228000           0.915969E-5        1.006451           0.744670E-5        1.005819
        1.230000           0.916021E-5        1.006451           0.744709E-5        1.005819
        1.232000           0.916073E-5        1.006451           0.744747E-5        1.005819
        1.234000           0.916125E-5        1.006451           0.744785E-5        1.005819
        1.236000           0.916177E-5        1.006452           0.744823E-5        1.005819
        1.238000           0.916230E-5        1.006452           0.744861E-5        1.005819
        1.240000           0.916282E-5        1.006452           0.744900E-5        1.005819
        1.242000           0.916334E-5        1.006452           0.744938E-5        1.005820
        1.244000           0.916386E-5        1.006452           0.744976E-5        1.005820
        1.246000           0.916439E-5        1.006453           0.745015E-5        1.005820
        1.248000           0.916491E-5        1.006453           0.745053E-5        1.005820
        1.250000           0.916543E-5        1.006453           0.745091E-5        1.005820
        1.252000           0.916596E-5        1.006453           0.745129E-5        1.005820
        1.254000           0.916648E-5        1.006453           0.745168E-5        1.005821
        1.256000           0.916700E-5        1.006454           0.745206E-5        1.005821
        1.258000           0.916752E-5        1.006454           0.745244E-5        1.005821
        1.260000           0.916805E-5        1.006454           0.745282E-5        1.005821
        1.262000           0.916857E-5        1.006454           0.745321E-5        1.005821
        1.264000           0.916909E-5        1.006454           0.745359E-5        1.005821
        1.266000           0.916961E-5        1.006454           0.745397E-5        1.005821
        1.268000           0.917014E-5        1.006455           0.745436E-5        1.005822
        1.270000           0.917066E-5        1.006455           0.745474E-5        1.005822
        1.272000           0.917118E-5        1.006455           0.745512E-5        1.005822
        1.274000           0.917171E-5        1.006455           0.745551E-5        1.005822
        1.276000           0.917223E-5        1.006455           0.745589E-5        1.005822
        1.278000           0.917275E-5        1.006456           0.745627E-5        1.005822
        1.280000           0.917328E-5        1.006456           0.745665E-5        1.005822
        1.282000           0.917380E-5        1.006456           0.745704E-5        1.005823
        1.284000           0.917432E-5        1.006456           0.745742E-5        1.005823
        1.286000           0.917484E-5        1.006456           0.745780E-5        1.005823
        1.288000           0.917537E-5        1.006456           0.745819E-5        1.005823
        1.290000           0.917589E-5        1.006457           0.745857E-5        1.005823
        1.292000           0.917642E-5        1.006457           0.745895E-5        1.005823
        1.294000           0.917694E-5        1.006457           0.745934E-5        1.005823
        1.296000           0.917746E-5        1.006457           0.745972E-5        1.005824
        1.298000           0.917799E-5        1.006457           0.746010E-5        1.005824
        1.300000           0.917851E-5        1.006458           0.746049E-5        1.005824
        1.302000           0.917903E-5        1.006458           0.746087E-5        1.005824
        1.304000           0.917956E-5        1.006458           0.746125E-5        1.005824
        1.306000           0.918008E-5        1.006458           0.746164E-5        1.005824
        1.308000           0.918060E-5        1.006458           0.746202E-5        1.005825
        1.310000           0.918113E-5        1.006458           0.746240E-5        1.005825
        1.312000           0.918165E-5        1.006459           0.746279E-5        1.005825
        1.314000           0.918218E-5        1.006459           0.746317E-5        1.005825
        1.316000           0.918270E-5        1.006459           0.746355E-5        1.005825
        1.318000           0.918323E-5        1.006459           0.746394E-5        1.005825
        1.320000           0.918375E-5        1.006459           0.746432E-5        1.005825
        1.322000           0.918427E-5        1.006459           0.746471E-5        1.005826
        1.324000           0.918480E-5        1.006460           0.746509E-5        1.005826
        1.326000           0.918532E-5        1.006460           0.746547E-5        1.005826
        1.328000           0.918585E-5        1.006460           0.746586E-5        1.005826
        1.330000           0.918637E-5        1.006460           0.746624E-5        1.005826
        1.332000           0.918689E-5        1.006460           0.746663E-5        1.005826
        1.334000           0.918742E-5        1.006461           0.746701E-5        1.005826
        1.336000           0.918794E-5        1.006461           0.746739E-5        1.005827
        1.338000           0.918847E-5        1.006461           0.746778E-5        1.005827
        1.340000           0.918899E-5        1.006461           0.746816E-5        1.005827
        1.342000           0.918952E-5        1.006461           0.746855E-5        1.005827
        1.344000           0.919004E-5        1.006462           0.746893E-5        1.005827
        1.346000           0.919057E-5        1.006462           0.746931E-5        1.005827
        1.348000           0.919109E-5        1.006462           0.746970E-5        1.005828
        1.350000           0.919162E-5        1.006462           0.747008E-5        1.005828
        1.352000           0.919214E-5        1.006462           0.747047E-5        1.005828
        1.354000           0.919267E-5        1.006462           0.747085E-5        1.005828
        1.356000           0.919319E-5        1.006463           0.747123E-5        1.005828
        1.358000           0.919372E-5        1.006463           0.747162E-5        1.005828
        1.360000           0.919424E-5        1.006463           0.747200E-5        1.005828
        1.362000           0.919477E-5        1.006463           0.747239E-5        1.005829
        1.364000           0.919529E-5        1.006463           0.747277E-5        1.005829
        1.366000           0.919581E-5        1.006464           0.747316E-5        1.005829
        1.368000           0.919634E-5        1.006464           0.747354E-5        1.005829
        1.370000           0.919687E-5        1.006464           0.747392E-5        1.005829
        1.372000           0.919739E-5        1.006464           0.747431E-5        1.005829
        1.374000           0.919792E-5        1.006464           0.747469E-5        1.005829
        1.376000           0.919844E-5        1.006464           0.747508E-5        1.005830
        1.378000           0.919897E-5        1.006465           0.747546E-5        1.005830
        1.380000           0.919949E-5        1.006465           0.747585E-5        1.005830
        1.382000           0.920002E-5        1.006465           0.747623E-5        1.005830
        1.384000           0.920054E-5        1.006465           0.747662E-5        1.005830
        1.386000           0.920107E-5        1.006465           0.747700E-5        1.005830
        1.388000           0.920159E-5        1.006466           0.747739E-5        1.005831
        1.390000           0.920212E-5        1.006466           0.747777E-5        1.005831
        1.392000           0.920265E-5        1.006466           0.747816E-5        1.005831
        1.394000           0.920317E-5        1.006466           0.747854E-5        1.005831
        1.396000           0.920370E-5        1.006466           0.747892E-5        1.005831
        1.398000           0.920422E-5        1.006467           0.747931E-5        1.005831
        1.400000           0.920475E-5        1.006467           0.747969E-5        1.005831
        1.402000           0.920528E-5        1.006467           0.748008E-5        1.005832
        1.404000           0.920580E-5        1.006467           0.748047E-5        1.005832
        1.406000           0.920633E-5        1.006467           0.748085E-5        1.005832
        1.408000           0.920685E-5        1.006467           0.748124E-5        1.005832
        1.410000           0.920738E-5        1.006468           0.748162E-5        1.005832
        1.412000           0.920791E-5        1.006468           0.748201E-5        1.005832
        1.414000           0.920843E-5        1.006468           0.748239E-5        1.005832
        1.416000           0.920896E-5        1.006468           0.748277E-5        1.005833
        1.418000           0.920949E-5        1.006468           0.748316E-5        1.005833
        1.420000           0.921001E-5        1.006469           0.748355E-5        1.005833
        1.422000           0.921054E-5        1.006469           0.748393E-5        1.005833
        1.424000           0.921106E-5        1.006469           0.748432E-5        1.005833
        1.426000           0.921159E-5        1.006469           0.748470E-5        1.005833
        1.428000           0.921212E-5        1.006469           0.748509E-5        1.005834
        1.430000           0.921264E-5        1.006469           0.748547E-5        1.005834
        1.432000           0.921317E-5        1.006470           0.748586E-5        1.005834
        1.434000           0.921370E-5        1.006470           0.748624E-5        1.005834
        1.436000           0.921423E-5        1.006470           0.748663E-5        1.005834
        1.438000           0.921475E-5        1.006470           0.748701E-5        1.005834
        1.440000           0.921528E-5        1.006470           0.748740E-5        1.005834
        1.442000           0.921580E-5        1.006471           0.748779E-5        1.005835
        1.444000           0.921633E-5        1.006471           0.748817E-5        1.005835
        1.446000           0.921686E-5        1.006471           0.748856E-5        1.005835
        1.448000           0.921739E-5        1.006471           0.748894E-5        1.005835
        1.450000           0.921791E-5        1.006471           0.748933E-5        1.005835
        1.452000           0.921844E-5        1.006472           0.748971E-5        1.005835
        1.454000           0.921896E-5        1.006472           0.749010E-5        1.005835
        1.456000           0.921949E-5        1.006472           0.749048E-5        1.005836
        1.458000           0.922002E-5        1.006472           0.749087E-5        1.005836
        1.460000           0.922055E-5        1.006472           0.749126E-5        1.005836
        1.462000           0.922108E-5        1.006472           0.749164E-5        1.005836
        1.464000           0.922160E-5        1.006473           0.749203E-5        1.005836
        1.466000           0.922213E-5        1.006473           0.749241E-5        1.005836
        1.468000           0.922266E-5        1.006473           0.749280E-5        1.005836
        1.470000           0.922319E-5        1.006473           0.749319E-5        1.005837
        1.472000           0.922371E-5        1.006473           0.749357E-5        1.005837
        1.474000           0.922424E-5        1.006474           0.749396E-5        1.005837
        1.476000           0.922477E-5        1.006474           0.749434E-5        1.005837
        1.478000           0.922530E-5        1.006474           0.749473E-5        1.005837
        1.480000           0.922582E-5        1.006474           0.749511E-5        1.005837
        1.482000           0.922635E-5        1.006474           0.749550E-5        1.005838
        1.484000           0.922688E-5        1.006474           0.749589E-5        1.005838
        1.486000           0.922740E-5        1.006475           0.749627E-5        1.005838
        1.488000           0.922793E-5        1.006475           0.749666E-5        1.005838
        1.490000           0.922846E-5        1.006475           0.749705E-5        1.005838
        1.492000           0.922899E-5        1.006475           0.749743E-5        1.005838
        1.494000           0.922952E-5        1.006475           0.749782E-5        1.005839
        1.496000           0.923005E-5        1.006476           0.749821E-5        1.005839
        1.498000           0.923057E-5        1.006476           0.749859E-5        1.005839
        1.500000           0.923110E-5        1.006476           0.749898E-5        1.005839
        1.502000           0.923163E-5        1.006476           0.749936E-5        1.005839
        1.504000           0.923216E-5        1.006476           0.749975E-5        1.005839
        1.506000           0.923269E-5        1.006477           0.750014E-5        1.005839
        1.508000           0.923322E-5        1.006477           0.750052E-5        1.005839
        1.510000           0.923374E-5        1.006477           0.750091E-5        1.005840
        1.512000           0.923427E-5        1.006477           0.750130E-5        1.005840
        1.514000           0.923480E-5        1.006477           0.750168E-5        1.005840
        1.516000           0.923533E-5        1.006477           0.750207E-5        1.005840
        1.518000           0.923586E-5        1.006478           0.750246E-5        1.005840
        1.520000           0.923639E-5        1.006478           0.750285E-5        1.005840
        1.522000           0.923691E-5        1.006478           0.750323E-5        1.005841
        1.524000           0.923744E-5        1.006478           0.750362E-5        1.005841
        1.526000           0.923797E-5        1.006478           0.750400E-5        1.005841
        1.528000           0.923850E-5        1.006479           0.750439E-5        1.005841
        1.530000           0.923903E-5        1.006479           0.750478E-5        1.005841
        1.532000           0.923956E-5        1.006479           0.750516E-5        1.005841
        1.534000           0.924009E-5        1.006479           0.750555E-5        1.005841
        1.536000           0.924062E-5        1.006479           0.750594E-5        1.005842
        1.538000           0.924115E-5        1.006479           0.750633E-5        1.005842
        1.540000           0.924167E-5        1.006480           0.750671E-5        1.005842
        1.542000           0.924220E-5        1.006480           0.750710E-5        1.005842
        1.544000           0.924273E-5        1.006480           0.750749E-5        1.005842
        1.546000           0.924326E-5        1.006480           0.750787E-5        1.005842
        1.548000           0.924379E-5        1.006480           0.750826E-5        1.005842
        1.550000           0.924432E-5        1.006481           0.750865E-5        1.005843
        1.552000           0.924485E-5        1.006481           0.750904E-5        1.005843
        1.554000           0.924538E-5        1.006481           0.750942E-5        1.005843
        1.556000           0.924591E-5        1.006481           0.750981E-5        1.005843
        1.558000           0.924644E-5        1.006481           0.751020E-5        1.005843
        1.560000           0.924697E-5        1.006481           0.751058E-5        1.005843
        1.562000           0.924750E-5        1.006482           0.751097E-5        1.005844
        1.564000           0.924803E-5        1.006482           0.751136E-5        1.005844
        1.566000           0.924856E-5        1.006482           0.751175E-5        1.005844
        1.568000           0.924909E-5        1.006482           0.751213E-5        1.005844
        1.570000           0.924962E-5        1.006482           0.751252E-5        1.005844
        1.572000           0.925015E-5        1.006483           0.751291E-5        1.005844
        1.574000           0.925068E-5        1.006483           0.751330E-5        1.005844
        1.576000           0.925121E-5        1.006483           0.751368E-5        1.005845
        1.578000           0.925174E-5        1.006483           0.751407E-5        1.005845
        1.580000           0.925227E-5        1.006483           0.751446E-5        1.005845
        1.582000           0.925280E-5        1.006484           0.751485E-5        1.005845
        1.584000           0.925333E-5        1.006484           0.751523E-5        1.005845
        1.586000           0.925386E-5        1.006484           0.751562E-5        1.005845
        1.588000           0.925439E-5        1.006484           0.751601E-5        1.005846
        1.590000           0.925492E-5        1.006484           0.751640E-5        1.005846
        1.592000           0.925545E-5        1.006484           0.751678E-5        1.005846
        1.594000           0.925598E-5        1.006485           0.751717E-5        1.005846
        1.596000           0.925651E-5        1.006485           0.751756E-5        1.005846
        1.598000           0.925704E-5        1.006485           0.751795E-5        1.005846
        1.600000           0.925757E-5        1.006485           0.751834E-5        1.005846
        1.602000           0.925810E-5        1.006485           0.751872E-5        1.005847
        1.604000           0.925863E-5        1.006486           0.751911E-5        1.005847
        1.606000           0.925916E-5        1.006486           0.751950E-5        1.005847
        1.608000           0.925969E-5        1.006486           0.751989E-5        1.005847
        1.610000           0.926022E-5        1.006486           0.752028E-5        1.005847
        1.612000           0.926075E-5        1.006486           0.752066E-5        1.005847
        1.614000           0.926128E-5        1.006486           0.752105E-5        1.005847
        1.616000           0.926181E-5        1.006487           0.752144E-5        1.005848
        1.618000           0.926235E-5        1.006487           0.752183E-5        1.005848
        1.620000           0.926288E-5        1.006487           0.752222E-5        1.005848
        1.622000           0.926341E-5        1.006487           0.752261E-5        1.005848
        1.624000           0.926394E-5        1.006487           0.752299E-5        1.005848
        1.626000           0.926447E-5        1.006488           0.752338E-5        1.005848
        1.628000           0.926500E-5        1.006488           0.752377E-5        1.005849
        1.630000           0.926553E-5        1.006488           0.752416E-5        1.005849
        1.632000           0.926606E-5        1.006488           0.752455E-5        1.005849
        1.634000           0.926659E-5        1.006488           0.752494E-5        1.005849
        1.636000           0.926712E-5        1.006488           0.752532E-5        1.005849
        1.638000           0.926766E-5        1.006489           0.752571E-5        1.005849
        1.640000           0.926819E-5        1.006489           0.752610E-5        1.005849
        1.642000           0.926872E-5        1.006489           0.752649E-5        1.005850
        1.644000           0.926925E-5        1.006489           0.752688E-5        1.005850
        1.646000           0.926978E-5        1.006489           0.752727E-5        1.005850
        1.648000           0.927031E-5        1.006490           0.752765E-5        1.005850
        1.650000           0.927085E-5        1.006490           0.752804E-5        1.005850
        1.652000           0.927138E-5        1.006490           0.752843E-5        1.005850
        1.654000           0.927191E-5        1.006490           0.752882E-5        1.005850
        1.656000           0.927244E-5        1.006490           0.752921E-5        1.005851
        1.658000           0.927297E-5        1.006491           0.752960E-5        1.005851
        1.660000           0.927350E-5        1.006491           0.752999E-5        1.005851
        1.662000           0.927403E-5        1.006491           0.753038E-5        1.005851
        1.664000           0.927457E-5        1.006491           0.753076E-5        1.005851
        1.666000           0.927510E-5        1.006491           0.753115E-5        1.005851
        1.668000           0.927563E-5        1.006491           0.753154E-5        1.005852
        1.670000           0.927616E-5        1.006492           0.753193E-5        1.005852
        1.672000           0.927669E-5        1.006492           0.753232E-5        1.005852
        1.674000           0.927723E-5        1.006492           0.753271E-5        1.005852
        1.676000           0.927776E-5        1.006492           0.753310E-5        1.005852
        1.678000           0.927829E-5        1.006492           0.753349E-5        1.005852
        1.680000           0.927883E-5        1.006493           0.753388E-5        1.005852
        1.682000           0.927936E-5        1.006493           0.753427E-5        1.005853
        1.684000           0.927989E-5        1.006493           0.753465E-5        1.005853
        1.686000           0.928042E-5        1.006493           0.753504E-5        1.005853
        1.688000           0.928095E-5        1.006493           0.753543E-5        1.005853
        1.690000           0.928149E-5        1.006493           0.753582E-5        1.005853
        1.692000           0.928202E-5        1.006494           0.753621E-5        1.005853
        1.694000           0.928255E-5        1.006494           0.753660E-5        1.005854
        1.696000           0.928308E-5        1.006494           0.753699E-5        1.005854
        1.698000           0.928362E-5        1.006494           0.753738E-5        1.005854
        1.700000           0.928415E-5        1.006494           0.753777E-5        1.005854
        1.702000           0.928468E-5        1.006495           0.753816E-5        1.005854
        1.704000           0.928522E-5        1.006495           0.753855E-5        1.005854
        1.706000           0.928575E-5        1.006495           0.753894E-5        1.005854
        1.708000           0.928628E-5        1.006495           0.753933E-5        1.005854
        1.710000           0.928681E-5        1.006495           0.753972E-5        1.005855
        1.712000           0.928735E-5        1.006496           0.754011E-5        1.005855
        1.714000           0.928788E-5        1.006496           0.754050E-5        1.005855
        1.716000           0.928841E-5        1.006496           0.754089E-5        1.005855
        1.718000           0.928895E-5        1.006496           0.754127E-5        1.005855
        1.720000           0.928948E-5        1.006496           0.754167E-5        1.005855
        1.722000           0.929001E-5        1.006496           0.754205E-5        1.005856
        1.724000           0.929055E-5        1.006497           0.754245E-5        1.005856
        1.726000           0.929108E-5        1.006497           0.754284E-5        1.005856
        1.728000           0.929161E-5        1.006497           0.754322E-5        1.005856
        1.730000           0.929214E-5        1.006497           0.754361E-5        1.005856
        1.732000           0.929268E-5        1.006497           0.754400E-5        1.005856
        1.734000           0.929321E-5        1.006498           0.754439E-5        1.005857
        1.736000           0.929375E-5        1.006498           0.754478E-5        1.005857
        1.738000           0.929428E-5        1.006498           0.754517E-5        1.005857
        1.740000           0.929481E-5        1.006498           0.754556E-5        1.005857
        1.742000           0.929535E-5        1.006498           0.754595E-5        1.005857
        1.744000           0.929588E-5        1.006499           0.754634E-5        1.005857
        1.746000           0.929642E-5        1.006499           0.754673E-5        1.005857
        1.748000           0.929695E-5        1.006499           0.754712E-5        1.005858
        1.750000           0.929748E-5        1.006499           0.754751E-5        1.005858
        1.752000           0.929802E-5        1.006499           0.754790E-5        1.005858
        1.754000           0.929855E-5        1.006499           0.754830E-5        1.005858
        1.756000           0.929908E-5        1.006500           0.754868E-5        1.005858
        1.758000           0.929962E-5        1.006500           0.754907E-5        1.005858
        1.760000           0.930015E-5        1.006500           0.754947E-5        1.005858
        1.762000           0.930069E-5        1.006500           0.754986E-5        1.005859
        1.764000           0.930122E-5        1.006500           0.755025E-5        1.005859
        1.766000           0.930176E-5        1.006501           0.755064E-5        1.005859
        1.768000           0.930229E-5        1.006501           0.755103E-5        1.005859
        1.770000           0.930282E-5        1.006501           0.755142E-5        1.005859
        1.772000           0.930336E-5        1.006501           0.755181E-5        1.005859
        1.774000           0.930389E-5        1.006501           0.755220E-5        1.005859
        1.776000           0.930443E-5        1.006502           0.755259E-5        1.005860
        1.778000           0.930496E-5        1.006502           0.755298E-5        1.005860
        1.780000           0.930550E-5        1.006502           0.755337E-5        1.005860
        1.782000           0.930603E-5        1.006502           0.755376E-5        1.005860
        1.784000           0.930657E-5        1.006502           0.755415E-5        1.005860
        1.786000           0.930710E-5        1.006502           0.755454E-5        1.005860
        1.788000           0.930764E-5        1.006503           0.755493E-5        1.005861
        1.790000           0.930817E-5        1.006503           0.755532E-5        1.005861
        1.792000           0.930871E-5        1.006503           0.755571E-5        1.005861
        1.794000           0.930924E-5        1.006503           0.755611E-5        1.005861
        1.796000           0.930978E-5        1.006503           0.755650E-5        1.005861
        1.798000           0.931031E-5        1.006504           0.755689E-5        1.005861
        1.800000           0.931084E-5        1.006504           0.755728E-5        1.005862
        1.802000           0.931138E-5        1.006504           0.755767E-5        1.005862
        1.804000           0.931192E-5        1.006504           0.755806E-5        1.005862
        1.806000           0.931245E-5        1.006504           0.755845E-5        1.005862
        1.808000           0.931299E-5        1.006504           0.755884E-5        1.005862
        1.810000           0.931352E-5        1.006505           0.755923E-5        1.005862
        1.812000           0.931406E-5        1.006505           0.755963E-5        1.005862
        1.814000           0.931459E-5        1.006505           0.756002E-5        1.005863
        1.816000           0.931513E-5        1.006505           0.756041E-5        1.005863
        1.818000           0.931567E-5        1.006505           0.756080E-5        1.005863
        1.820000           0.931620E-5        1.006506           0.756119E-5        1.005863
        1.822000           0.931673E-5        1.006506           0.756158E-5        1.005863
        1.824000           0.931727E-5        1.006506           0.756197E-5        1.005863
        1.826000           0.931781E-5        1.006506           0.756236E-5        1.005863
        1.828000           0.931834E-5        1.006506           0.756275E-5        1.005864
        1.830000           0.931887E-5        1.006507           0.756315E-5        1.005864
        1.832000           0.931941E-5        1.006507           0.756354E-5        1.005864
        1.834000           0.931995E-5        1.006507           0.756393E-5        1.005864
        1.836000           0.932048E-5        1.006507           0.756432E-5        1.005864
        1.838000           0.932102E-5        1.006507           0.756471E-5        1.005864
        1.840000           0.932156E-5        1.006508           0.756510E-5        1.005865
        1.842000           0.932209E-5        1.006508           0.756550E-5        1.005865
        1.844000           0.932263E-5        1.006508           0.756589E-5        1.005865
        1.846000           0.932316E-5        1.006508           0.756628E-5        1.005865
        1.848000           0.932370E-5        1.006508           0.756667E-5        1.005865
        1.850000           0.932424E-5        1.006508           0.756706E-5        1.005865
        1.852000           0.932477E-5        1.006509           0.756745E-5        1.005865
        1.854000           0.932531E-5        1.006509           0.756784E-5        1.005866
        1.856000           0.932585E-5        1.006509           0.756824E-5        1.005866
        1.858000           0.932638E-5        1.006509           0.756863E-5        1.005866
        1.860000           0.932692E-5        1.006509           0.756902E-5        1.005866
        1.862000           0.932746E-5        1.006510           0.756941E-5        1.005866
        1.864000           0.932799E-5        1.006510           0.756980E-5        1.005866
        1.866000           0.932853E-5        1.006510           0.757020E-5        1.005867
        1.868000           0.932906E-5        1.006510           0.757059E-5        1.005867
        1.870000           0.932960E-5        1.006510           0.757098E-5        1.005867
        1.872000           0.933014E-5        1.006510           0.757137E-5        1.005867
        1.874000           0.933067E-5        1.006511           0.757176E-5        1.005867
        1.876000           0.933121E-5        1.006511           0.757216E-5        1.005867
        1.878000           0.933175E-5        1.006511           0.757255E-5        1.005867
        1.880000           0.933228E-5        1.006511           0.757294E-5        1.005867
        1.882000           0.933282E-5        1.006511           0.757333E-5        1.005868
        1.884000           0.933336E-5        1.006512           0.757372E-5        1.005868
        1.886000           0.933390E-5        1.006512           0.757412E-5        1.005868
        1.888000           0.933443E-5        1.006512           0.757451E-5        1.005868
        1.890000           0.933497E-5        1.006512           0.757490E-5        1.005868
        1.892000           0.933551E-5        1.006512           0.757529E-5        1.005868
        1.894000           0.933604E-5        1.006513           0.757569E-5        1.005869
        1.896000           0.933658E-5        1.006513           0.757608E-5        1.005869
        1.898000           0.933712E-5        1.006513           0.757647E-5        1.005869
        1.900000           0.933766E-5        1.006513           0.757686E-5        1.005869
        1.902000           0.933820E-5        1.006513           0.757726E-5        1.005869
        1.904000           0.933873E-5        1.006513           0.757765E-5        1.005869
        1.906000           0.933927E-5        1.006514           0.757804E-5        1.005870
        1.908000           0.933981E-5        1.006514           0.757843E-5        1.005870
        1.910000           0.934034E-5        1.006514           0.757883E-5        1.005870
        1.912000           0.934088E-5        1.006514           0.757922E-5        1.005870
        1.914000           0.934142E-5        1.006514           0.757961E-5        1.005870
        1.916000           0.934196E-5        1.006515           0.758000E-5        1.005870
        1.918000           0.934249E-5        1.006515           0.758040E-5        1.005870
        1.920000           0.934303E-5        1.006515           0.758079E-5        1.005871
        1.922000           0.934357E-5        1.006515           0.758118E-5        1.005871
        1.924000           0.934411E-5        1.006515           0.758157E-5        1.005871
        1.926000           0.934465E-5        1.006516           0.758197E-5        1.005871
        1.928000           0.934518E-5        1.006516           0.758236E-5        1.005871
        1.930000           0.934572E-5        1.006516           0.758275E-5        1.005871
        1.932000           0.934626E-5        1.006516           0.758315E-5        1.005872
        1.934000           0.934680E-5        1.006516           0.758354E-5        1.005872
        1.936000           0.934734E-5        1.006516           0.758393E-5        1.005872
        1.938000           0.934787E-5        1.006517           0.758433E-5        1.005872
        1.940000           0.934841E-5        1.006517           0.758472E-5        1.005872
        1.942000           0.934895E-5        1.006517           0.758511E-5        1.005872
        1.944000           0.934949E-5        1.006517           0.758551E-5        1.005872
        1.946000           0.935003E-5        1.006517           0.758590E-5        1.005872
        1.948000           0.935057E-5        1.006518           0.758629E-5        1.005873
        1.950000           0.935111E-5        1.006518           0.758668E-5        1.005873
        1.952000           0.935164E-5        1.006518           0.758708E-5        1.005873
        1.954000           0.935218E-5        1.006518           0.758747E-5        1.005873
        1.956000           0.935272E-5        1.006518           0.758786E-5        1.005873
        1.958000           0.935326E-5        1.006518           0.758826E-5        1.005873
        1.960000           0.935380E-5        1.006519           0.758865E-5        1.005874
        1.962000           0.935434E-5        1.006519           0.758904E-5        1.005874
        1.964000           0.935488E-5        1.006519           0.758944E-5        1.005874
        1.966000           0.935542E-5        1.006519           0.758983E-5        1.005874
        1.968000           0.935595E-5        1.006519           0.759022E-5        1.005874
        1.970000           0.935649E-5        1.006520           0.759062E-5        1.005874
        1.972000           0.935703E-5        1.006520           0.759101E-5        1.005875
        1.974000           0.935757E-5        1.006520           0.759141E-5        1.005875
        1.976000           0.935811E-5        1.006520           0.759180E-5        1.005875
        1.978000           0.935865E-5        1.006520           0.759219E-5        1.005875
        1.980000           0.935919E-5        1.006521           0.759259E-5        1.005875
        1.982000           0.935973E-5        1.006521           0.759298E-5        1.005875
        1.984000           0.936027E-5        1.006521           0.759337E-5        1.005875
        1.986000           0.936081E-5        1.006521           0.759377E-5        1.005876
        1.988000           0.936135E-5        1.006521           0.759416E-5        1.005876
        1.990000           0.936189E-5        1.006521           0.759455E-5        1.005876
        1.992000           0.936243E-5        1.006522           0.759495E-5        1.005876
        1.994000           0.936297E-5        1.006522           0.759534E-5        1.005876
        1.996000           0.936351E-5        1.006522           0.759574E-5        1.005876
        1.998000           0.936404E-5        1.006522           0.759613E-5        1.005877
        2.000000           0.936458E-5        1.006522           0.759653E-5        1.005877
        2.002000           0.936512E-5        1.006523           0.759692E-5        1.005877
        2.004000           0.936566E-5        1.006523           0.759731E-5        1.005877
        2.006000           0.936620E-5        1.006523           0.759771E-5        1.005877
        2.008000           0.936674E-5        1.006523           0.759810E-5        1.005877
        2.010000           0.936728E-5        1.006523           0.759850E-5        1.005877
        2.012000           0.936782E-5        1.006523           0.759889E-5        1.005877
        2.014000           0.936836E-5        1.006524           0.759928E-5        1.005878
        2.016000           0.936890E-5        1.006524           0.759968E-5        1.005878
        2.018000           0.936944E-5        1.006524           0.760007E-5        1.005878
        2.020000           0.936998E-5        1.006524           0.760047E-5        1.005878
        2.022000           0.937052E-5        1.006524           0.760086E-5        1.005878
        2.024000           0.937107E-5        1.006525           0.760126E-5        1.005878
        2.026000           0.937160E-5        1.006525           0.760165E-5        1.005879
        2.028000           0.937215E-5        1.006525           0.760204E-5        1.005879
        2.030000           0.937269E-5        1.006525           0.760244E-5        1.005879
        2.032000           0.937323E-5        1.006525           0.760283E-5        1.005879
        2.034000           0.937377E-5        1.006526           0.760323E-5        1.005879
        2.036000           0.937431E-5        1.006526           0.760362E-5        1.005879
        2.038000           0.937485E-5        1.006526           0.760402E-5        1.005880
        2.040000           0.937539E-5        1.006526           0.760441E-5        1.005880
        2.042000           0.937593E-5        1.006526           0.760480E-5        1.005880
        2.044000           0.937647E-5        1.006526           0.760520E-5        1.005880
        2.046000           0.937701E-5        1.006527           0.760559E-5        1.005880
        2.048000           0.937755E-5        1.006527           0.760599E-5        1.005880
        2.050000           0.937809E-5        1.006527           0.760638E-5        1.005880
        2.052000           0.937863E-5        1.006527           0.760678E-5        1.005881
        2.054000           0.937917E-5        1.006527           0.760717E-5        1.005881
        2.056000           0.937971E-5        1.006528           0.760757E-5        1.005881
        2.058000           0.938026E-5        1.006528           0.760796E-5        1.005881
        2.060000           0.938080E-5        1.006528           0.760836E-5        1.005881
        2.062000           0.938134E-5        1.006528           0.760875E-5        1.005881
        2.064000           0.938188E-5        1.006528           0.760915E-5        1.005882
        2.066000           0.938242E-5        1.006529           0.760954E-5        1.005882
        2.068000           0.938296E-5        1.006529           0.760994E-5        1.005882
        2.070000           0.938350E-5        1.006529           0.761033E-5        1.005882
        2.072000           0.938405E-5        1.006529           0.761073E-5        1.005882
        2.074000           0.938459E-5        1.006529           0.761112E-5        1.005882
        2.076000           0.938513E-5        1.006530           0.761152E-5        1.005882
        2.078000           0.938567E-5        1.006530           0.761191E-5        1.005883
        2.080000           0.938621E-5        1.006530           0.761231E-5        1.005883
        2.082000           0.938675E-5        1.006530           0.761270E-5        1.005883
        2.084000           0.938729E-5        1.006530           0.761310E-5        1.005883
        2.086000           0.938784E-5        1.006531           0.761350E-5        1.005883
        2.088000           0.938838E-5        1.006531           0.761389E-5        1.005883
        2.090000           0.938892E-5        1.006531           0.761429E-5        1.005883
        2.092000           0.938946E-5        1.006531           0.761468E-5        1.005884
        2.094000           0.939000E-5        1.006531           0.761508E-5        1.005884
        2.096000           0.939054E-5        1.006531           0.761547E-5        1.005884
        2.098000           0.939109E-5        1.006532           0.761587E-5        1.005884
        2.100000           0.939163E-5        1.006532           0.761626E-5        1.005884
        2.102000           0.939217E-5        1.006532           0.761666E-5        1.005884
        2.104000           0.939271E-5        1.006532           0.761705E-5        1.005885
        2.106000           0.939325E-5        1.006532           0.761745E-5        1.005885
        2.108000           0.939380E-5        1.006533           0.761785E-5        1.005885
        2.110000           0.939434E-5        1.006533           0.761824E-5        1.005885
        2.112000           0.939488E-5        1.006533           0.761864E-5        1.005885
        2.114000           0.939542E-5        1.006533           0.761903E-5        1.005885
        2.116000           0.939597E-5        1.006533           0.761943E-5        1.005885
        2.118000           0.939651E-5        1.006534           0.761982E-5        1.005886
        2.120000           0.939705E-5        1.006534           0.762022E-5        1.005886
        2.122000           0.939760E-5        1.006534           0.762062E-5        1.005886
        2.124000           0.939814E-5        1.006534           0.762101E-5        1.005886
        2.126000           0.939868E-5        1.006534           0.762141E-5        1.005886
        2.128000           0.939922E-5        1.006534           0.762180E-5        1.005886
        2.130000           0.939977E-5        1.006535           0.762220E-5        1.005887
        2.132000           0.940031E-5        1.006535           0.762260E-5        1.005887
        2.134000           0.940085E-5        1.006535           0.762299E-5        1.005887
        2.136000           0.940139E-5        1.006535           0.762339E-5        1.005887
        2.138000           0.940194E-5        1.006535           0.762378E-5        1.005887
        2.140000           0.940248E-5        1.006536           0.762418E-5        1.005887
        2.142000           0.940302E-5        1.006536           0.762458E-5        1.005888
        2.144000           0.940357E-5        1.006536           0.762497E-5        1.005888
        2.146000           0.940411E-5        1.006536           0.762537E-5        1.005888
        2.148000           0.940465E-5        1.006536           0.762577E-5        1.005888
        2.150000           0.940519E-5        1.006536           0.762616E-5        1.005888
        2.152000           0.940574E-5        1.006537           0.762656E-5        1.005888
        2.154000           0.940628E-5        1.006537           0.762695E-5        1.005888
        2.156000           0.940682E-5        1.006537           0.762735E-5        1.005888
        2.158000           0.940737E-5        1.006537           0.762775E-5        1.005889
        2.160000           0.940791E-5        1.006537           0.762814E-5        1.005889
        2.162000           0.940846E-5        1.006538           0.762854E-5        1.005889
        2.164000           0.940900E-5        1.006538           0.762894E-5        1.005889
        2.166000           0.940954E-5        1.006538           0.762933E-5        1.005889
        2.168000           0.941009E-5        1.006538           0.762973E-5        1.005889
        2.170000           0.941063E-5        1.006538           0.763013E-5        1.005890
        2.172000           0.941117E-5        1.006539           0.763052E-5        1.005890
        2.174000           0.941172E-5        1.006539           0.763092E-5        1.005890
        2.176000           0.941226E-5        1.006539           0.763132E-5        1.005890
        2.178000           0.941281E-5        1.006539           0.763171E-5        1.005890
        2.180000           0.941335E-5        1.006539           0.763211E-5        1.005890
        2.182000           0.941389E-5        1.006539           0.763251E-5        1.005890
        2.184000           0.941444E-5        1.006540           0.763290E-5        1.005891
        2.186000           0.941498E-5        1.006540           0.763330E-5        1.005891
        2.188000           0.941553E-5        1.006540           0.763370E-5        1.005891
        2.190000           0.941607E-5        1.006540           0.763409E-5        1.005891
        2.192000           0.941661E-5        1.006540           0.763449E-5        1.005891
        2.194000           0.941716E-5        1.006541           0.763489E-5        1.005891
        2.196000           0.941770E-5        1.006541           0.763528E-5        1.005892
        2.198000           0.941825E-5        1.006541           0.763568E-5        1.005892
        2.200000           0.941879E-5        1.006541           0.763608E-5        1.005892
        2.202000           0.941933E-5        1.006541           0.763647E-5        1.005892
        2.204000           0.941988E-5        1.006542           0.763687E-5        1.005892
        2.206000           0.942043E-5        1.006542           0.763727E-5        1.005892
        2.208000           0.942097E-5        1.006542           0.763767E-5        1.005893
        2.210000           0.942151E-5        1.006542           0.763807E-5        1.005893
        2.212000           0.942206E-5        1.006542           0.763846E-5        1.005893
        2.214000           0.942260E-5        1.006543           0.763886E-5        1.005893
        2.216000           0.942315E-5        1.006543           0.763926E-5        1.005893
        2.218000           0.942369E-5        1.006543           0.763965E-5        1.005893
        2.220000           0.942424E-5        1.006543           0.764005E-5        1.005893
        2.222000           0.942478E-5        1.006543           0.764045E-5        1.005894
        2.224000           0.942533E-5        1.006543           0.764085E-5        1.005894
        2.226000           0.942587E-5        1.006544           0.764124E-5        1.005894
        2.228000           0.942642E-5        1.006544           0.764164E-5        1.005894
        2.230000           0.942696E-5        1.006544           0.764204E-5        1.005894
        2.232000           0.942751E-5        1.006544           0.764244E-5        1.005894
        2.234000           0.942805E-5        1.006544           0.764283E-5        1.005894
        2.236000           0.942860E-5        1.006545           0.764323E-5        1.005895
        2.238000           0.942914E-5        1.006545           0.764363E-5        1.005895
        2.240000           0.942969E-5        1.006545           0.764403E-5        1.005895
        2.242000           0.943023E-5        1.006545           0.764442E-5        1.005895
        2.244000           0.943078E-5        1.006545           0.764482E-5        1.005895
        2.246000           0.943133E-5        1.006546           0.764522E-5        1.005895
        2.248000           0.943187E-5        1.006546           0.764562E-5        1.005895
        2.250000           0.943242E-5        1.006546           0.764601E-5        1.005896
        2.252000           0.943296E-5        1.006546           0.764641E-5        1.005896
        2.254000           0.943351E-5        1.006546           0.764681E-5        1.005896
        2.256000           0.943405E-5        1.006546           0.764721E-5        1.005896
        2.258000           0.943460E-5        1.006547           0.764761E-5        1.005896
        2.260000           0.943515E-5        1.006547           0.764800E-5        1.005896
        2.262000           0.943569E-5        1.006547           0.764840E-5        1.005897
        2.264000           0.943624E-5        1.006547           0.764880E-5        1.005897
        2.266000           0.943678E-5        1.006547           0.764920E-5        1.005897
        2.268000           0.943733E-5        1.006548           0.764960E-5        1.005897
        2.270000           0.943788E-5        1.006548           0.765000E-5        1.005897
        2.272000           0.943842E-5        1.006548           0.765039E-5        1.005897
        2.274000           0.943897E-5        1.006548           0.765079E-5        1.005898
        2.276000           0.943952E-5        1.006548           0.765119E-5        1.005898
        2.278000           0.944006E-5        1.006549           0.765159E-5        1.005898
        2.280000           0.944061E-5        1.006549           0.765199E-5        1.005898
        2.282000           0.944115E-5        1.006549           0.765239E-5        1.005898
        2.284000           0.944170E-5        1.006549           0.765278E-5        1.005898
        2.286000           0.944225E-5        1.006549           0.765318E-5        1.005898
        2.288000           0.944279E-5        1.006549           0.765358E-5        1.005899
        2.290000           0.944334E-5        1.006550           0.765398E-5        1.005899
        2.292000           0.944389E-5        1.006550           0.765438E-5        1.005899
        2.294000           0.944443E-5        1.006550           0.765478E-5        1.005899
        2.296000           0.944498E-5        1.006550           0.765517E-5        1.005899
        2.298000           0.944553E-5        1.006550           0.765557E-5        1.005899
        2.300000           0.944607E-5        1.006551           0.765597E-5        1.005900
        2.302000           0.944662E-5        1.006551           0.765637E-5        1.005900
        2.304000           0.944717E-5        1.006551           0.765677E-5        1.005900
        2.306000           0.944771E-5        1.006551           0.765717E-5        1.005900
        2.308000           0.944826E-5        1.006551           0.765757E-5        1.005900
        2.310000           0.944881E-5        1.006552           0.765796E-5        1.005900
        2.312000           0.944936E-5        1.006552           0.765836E-5        1.005900
        2.314000           0.944990E-5        1.006552           0.765876E-5        1.005901
        2.316000           0.945045E-5        1.006552           0.765916E-5        1.005901
        2.318000           0.945100E-5        1.006552           0.765956E-5        1.005901
        2.320000           0.945154E-5        1.006552           0.765996E-5        1.005901
        2.322000           0.945209E-5        1.006553           0.766036E-5        1.005901
        2.324000           0.945264E-5        1.006553           0.766076E-5        1.005901
        2.326000           0.945319E-5        1.006553           0.766116E-5        1.005901
        2.328000           0.945373E-5        1.006553           0.766156E-5        1.005902
        2.330000           0.945428E-5        1.006553           0.766196E-5        1.005902
        2.332000           0.945483E-5        1.006554           0.766235E-5        1.005902
        2.334000           0.945538E-5        1.006554           0.766275E-5        1.005902
        2.336000           0.945592E-5        1.006554           0.766315E-5        1.005902
        2.338000           0.945647E-5        1.006554           0.766355E-5        1.005902
        2.340000           0.945702E-5        1.006554           0.766395E-5        1.005903
        2.342000           0.945757E-5        1.006555           0.766435E-5        1.005903
        2.344000           0.945811E-5        1.006555           0.766475E-5        1.005903
        2.346000           0.945866E-5        1.006555           0.766515E-5        1.005903
        2.348000           0.945921E-5        1.006555           0.766555E-5        1.005903
        2.350000           0.945976E-5        1.006555           0.766595E-5        1.005903
        2.352000           0.946031E-5        1.006556           0.766635E-5        1.005903
        2.354000           0.946085E-5        1.006556           0.766675E-5        1.005904
        2.356000           0.946140E-5        1.006556           0.766715E-5        1.005904
        2.358000           0.946195E-5        1.006556           0.766755E-5        1.005904
        2.360000           0.946250E-5        1.006556           0.766794E-5        1.005904
        2.362000           0.946305E-5        1.006557           0.766834E-5        1.005904
        2.364000           0.946359E-5        1.006557           0.766874E-5        1.005904
        2.366000           0.946414E-5        1.006557           0.766914E-5        1.005905
        2.368000           0.946469E-5        1.006557           0.766954E-5        1.005905
        2.370000           0.946524E-5        1.006557           0.766994E-5        1.005905
        2.372000           0.946579E-5        1.006557           0.767034E-5        1.005905
        2.374000           0.946634E-5        1.006558           0.767074E-5        1.005905
        2.376000           0.946689E-5        1.006558           0.767114E-5        1.005905
        2.378000           0.946744E-5        1.006558           0.767154E-5        1.005906
        2.380000           0.946798E-5        1.006558           0.767194E-5        1.005906
        2.382000           0.946853E-5        1.006558           0.767234E-5        1.005906
        2.384000           0.946908E-5        1.006559           0.767274E-5        1.005906
        2.386000           0.946963E-5        1.006559           0.767314E-5        1.005906
        2.388000           0.947018E-5        1.006559           0.767354E-5        1.005906
        2.390000           0.947073E-5        1.006559           0.767394E-5        1.005906
        2.392000           0.947128E-5        1.006559           0.767434E-5        1.005907
        2.394000           0.947183E-5        1.006559           0.767474E-5        1.005907
        2.396000           0.947237E-5        1.006560           0.767514E-5        1.005907
        2.398000           0.947292E-5        1.006560           0.767554E-5        1.005907
        2.400000           0.947347E-5        1.006560           0.767594E-5        1.005907
        2.402000           0.947402E-5        1.006560           0.767634E-5        1.005907
        2.404000           0.947457E-5        1.006560           0.767674E-5        1.005908
        2.406000           0.947512E-5        1.006561           0.767714E-5        1.005908
        2.408000           0.947567E-5        1.006561           0.767754E-5        1.005908
        2.410000           0.947622E-5        1.006561           0.767795E-5        1.005908
        2.412000           0.947677E-5        1.006561           0.767834E-5        1.005908
        2.414000           0.947732E-5        1.006561           0.767875E-5        1.005908
        2.416000           0.947787E-5        1.006562           0.767915E-5        1.005908
        2.418000           0.947842E-5        1.006562           0.767955E-5        1.005909
        2.420000           0.947897E-5        1.006562           0.767995E-5        1.005909
        2.422000           0.947952E-5        1.006562           0.768035E-5        1.005909
        2.424000           0.948007E-5        1.006562           0.768075E-5        1.005909
        2.426000           0.948062E-5        1.006563           0.768115E-5        1.005909
        2.428000           0.948117E-5        1.006563           0.768155E-5        1.005909
        2.430000           0.948172E-5        1.006563           0.768195E-5        1.005909
        2.432000           0.948227E-5        1.006563           0.768235E-5        1.005910
        2.434000           0.948282E-5        1.006563           0.768275E-5        1.005910
        2.436000           0.948337E-5        1.006564           0.768315E-5        1.005910
        2.438000           0.948392E-5        1.006564           0.768355E-5        1.005910
        2.440000           0.948447E-5        1.006564           0.768395E-5        1.005910
        2.442000           0.948502E-5        1.006564           0.768435E-5        1.005910
        2.444000           0.948557E-5        1.006564           0.768476E-5        1.005911
        2.446000           0.948612E-5        1.006564           0.768516E-5        1.005911
        2.448000           0.948667E-5        1.006565           0.768556E-5        1.005911
        2.450000           0.948722E-5        1.006565           0.768596E-5        1.005911
        2.452000           0.948777E-5        1.006565           0.768636E-5        1.005911
        2.454000           0.948832E-5        1.006565           0.768676E-5        1.005911
        2.456000           0.948887E-5        1.006565           0.768716E-5        1.005911
        2.458000           0.948942E-5        1.006566           0.768756E-5        1.005912
        2.460000           0.948997E-5        1.006566           0.768796E-5        1.005912
        2.462000           0.949052E-5        1.006566           0.768836E-5        1.005912
        2.464000           0.949107E-5        1.006566           0.768877E-5        1.005912
        2.466000           0.949162E-5        1.006566           0.768917E-5        1.005912
        2.468000           0.949217E-5        1.006567           0.768957E-5        1.005912
        2.470000           0.949272E-5        1.006567           0.768997E-5        1.005913
        2.472000           0.949328E-5        1.006567           0.769037E-5        1.005913
        2.474000           0.949383E-5        1.006567           0.769077E-5        1.005913
        2.476000           0.949438E-5        1.006567           0.769117E-5        1.005913
        2.478000           0.949493E-5        1.006567           0.769158E-5        1.005913
        2.480000           0.949548E-5        1.006568           0.769198E-5        1.005913
        2.482000           0.949603E-5        1.006568           0.769238E-5        1.005913
        2.484000           0.949658E-5        1.006568           0.769278E-5        1.005914
        2.486000           0.949713E-5        1.006568           0.769318E-5        1.005914
        2.488000           0.949768E-5        1.006568           0.769358E-5        1.005914
        2.490000           0.949824E-5        1.006569           0.769398E-5        1.005914
        2.492000           0.949879E-5        1.006569           0.769439E-5        1.005914
        2.494000           0.949934E-5        1.006569           0.769479E-5        1.005914
        2.496000           0.949989E-5        1.006569           0.769519E-5        1.005915
        2.498000           0.950044E-5        1.006569           0.769559E-5        1.005915
        2.500000           0.950099E-5        1.006570           0.769599E-5        1.005915
        2.502000           0.950154E-5        1.006570           0.769640E-5        1.005915
        2.504000           0.950210E-5        1.006570           0.769680E-5        1.005915
        2.506000           0.950265E-5        1.006570           0.769720E-5        1.005915
        2.508000           0.950320E-5        1.006570           0.769760E-5        1.005916
        2.510000           0.950375E-5        1.006571           0.769800E-5        1.005916
        2.512000           0.950430E-5        1.006571           0.769841E-5        1.005916
        2.514000           0.950486E-5        1.006571           0.769881E-5        1.005916
        2.516000           0.950541E-5        1.006571           0.769921E-5        1.005916
        2.518000           0.950596E-5        1.006571           0.769961E-5        1.005916
        2.520000           0.950651E-5        1.006571           0.770001E-5        1.005916
        2.522000           0.950706E-5        1.006572           0.770041E-5        1.005917
        2.524000           0.950762E-5        1.006572           0.770082E-5        1.005917
        2.526000           0.950817E-5        1.006572           0.770122E-5        1.005917
        2.528000           0.950872E-5        1.006572           0.770162E-5        1.005917
        2.530000           0.950927E-5        1.006572           0.770202E-5        1.005917
        2.532000           0.950983E-5        1.006573           0.770243E-5        1.005917
        2.534000           0.951038E-5        1.006573           0.770283E-5        1.005918
        2.536000           0.951093E-5        1.006573           0.770323E-5        1.005918
        2.538000           0.951148E-5        1.006573           0.770363E-5        1.005918
        2.540000           0.951203E-5        1.006573           0.770403E-5        1.005918
        2.542000           0.951259E-5        1.006574           0.770444E-5        1.005918
        2.544000           0.951314E-5        1.006574           0.770484E-5        1.005918
        2.546000           0.951369E-5        1.006574           0.770524E-5        1.005918
        2.548000           0.951424E-5        1.006574           0.770564E-5        1.005919
        2.550000           0.951480E-5        1.006574           0.770605E-5        1.005919
        2.552000           0.951535E-5        1.006575           0.770645E-5        1.005919
        2.554000           0.951590E-5        1.006575           0.770685E-5        1.005919
        2.556000           0.951646E-5        1.006575           0.770725E-5        1.005919
        2.558000           0.951701E-5        1.006575           0.770766E-5        1.005919
        2.560000           0.951756E-5        1.006575           0.770806E-5        1.005919
        2.562000           0.951811E-5        1.006575           0.770846E-5        1.005920
        2.564000           0.951867E-5        1.006576           0.770887E-5        1.005920
        2.566000           0.951922E-5        1.006576           0.770927E-5        1.005920
        2.568000           0.951978E-5        1.006576           0.770967E-5        1.005920
        2.570000           0.952033E-5        1.006576           0.771007E-5        1.005920
        2.572000           0.952088E-5        1.006576           0.771048E-5        1.005920
        2.574000           0.952144E-5        1.006577           0.771088E-5        1.005921
        2.576000           0.952199E-5        1.006577           0.771128E-5        1.005921
        2.578000           0.952254E-5        1.006577           0.771169E-5        1.005921
        2.580000           0.952310E-5        1.006577           0.771209E-5        1.005921
        2.582000           0.952365E-5        1.006577           0.771249E-5        1.005921
        2.584000           0.952420E-5        1.006578           0.771290E-5        1.005921
        2.586000           0.952476E-5        1.006578           0.771330E-5        1.005921
        2.588000           0.952531E-5        1.006578           0.771370E-5        1.005922
        2.590000           0.952587E-5        1.006578           0.771411E-5        1.005922
        2.592000           0.952642E-5        1.006578           0.771451E-5        1.005922
        2.594000           0.952697E-5        1.006579           0.771491E-5        1.005922
        2.596000           0.952753E-5        1.006579           0.771531E-5        1.005922
        2.598000           0.952808E-5        1.006579           0.771572E-5        1.005922
        2.600000           0.952863E-5        1.006579           0.771612E-5        1.005923
        2.602000           0.952919E-5        1.006579           0.771653E-5        1.005923
        2.604000           0.952974E-5        1.006580           0.771693E-5        1.005923
        2.606000           0.953030E-5        1.006580           0.771733E-5        1.005923
        2.608000           0.953085E-5        1.006580           0.771773E-5        1.005923
        2.610000           0.953141E-5        1.006580           0.771814E-5        1.005923
        2.612000           0.953196E-5        1.006580           0.771854E-5        1.005924
        2.614000           0.953251E-5        1.006580           0.771895E-5        1.005924
        2.616000           0.953307E-5        1.006581           0.771935E-5        1.005924
        2.618000           0.953362E-5        1.006581           0.771975E-5        1.005924
        2.620000           0.953418E-5        1.006581           0.772016E-5        1.005924
        2.622000           0.953473E-5        1.006581           0.772056E-5        1.005924
        2.624000           0.953529E-5        1.006581           0.772096E-5        1.005924
        2.626000           0.953584E-5        1.006582           0.772137E-5        1.005925
        2.628000           0.953639E-5        1.006582           0.772177E-5        1.005925
        2.630000           0.953695E-5        1.006582           0.772218E-5        1.005925
        2.632000           0.953751E-5        1.006582           0.772258E-5        1.005925
        2.634000           0.953806E-5        1.006582           0.772298E-5        1.005925
        2.636000           0.953861E-5        1.006582           0.772339E-5        1.005925
        2.638000           0.953917E-5        1.006583           0.772379E-5        1.005926
        2.640000           0.953972E-5        1.006583           0.772420E-5        1.005926
        2.642000           0.954028E-5        1.006583           0.772460E-5        1.005926
        2.644000           0.954083E-5        1.006583           0.772500E-5        1.005926
        2.646000           0.954139E-5        1.006583           0.772541E-5        1.005926
        2.648000           0.954194E-5        1.006584           0.772581E-5        1.005926
        2.650000           0.954250E-5        1.006584           0.772622E-5        1.005926
        2.652000           0.954306E-5        1.006584           0.772662E-5        1.005927
        2.654000           0.954361E-5        1.006584           0.772702E-5        1.005927
        2.656000           0.954416E-5        1.006584           0.772743E-5        1.005927
        2.658000           0.954472E-5        1.006585           0.772783E-5        1.005927
        2.660000           0.954528E-5        1.006585           0.772824E-5        1.005927
        2.662000           0.954583E-5        1.006585           0.772864E-5        1.005927
        2.664000           0.954639E-5        1.006585           0.772905E-5        1.005928
        2.666000           0.954694E-5        1.006585           0.772945E-5        1.005928
        2.668000           0.954750E-5        1.006586           0.772985E-5        1.005928
        2.670000           0.954805E-5        1.006586           0.773026E-5        1.005928
        2.672000           0.954861E-5        1.006586           0.773066E-5        1.005928
        2.674000           0.954917E-5        1.006586           0.773107E-5        1.005928
        2.676000           0.954972E-5        1.006586           0.773147E-5        1.005928
        2.678000           0.955028E-5        1.006587           0.773188E-5        1.005929
        2.680000           0.955083E-5        1.006587           0.773228E-5        1.005929
        2.682000           0.955139E-5        1.006587           0.773269E-5        1.005929
        2.684000           0.955195E-5        1.006587           0.773309E-5        1.005929
        2.686000           0.955250E-5        1.006587           0.773350E-5        1.005929
        2.688000           0.955306E-5        1.006588           0.773390E-5        1.005929
        2.690000           0.955361E-5        1.006588           0.773430E-5        1.005930
        2.692000           0.955417E-5        1.006588           0.773471E-5        1.005930
        2.694000           0.955473E-5        1.006588           0.773512E-5        1.005930
        2.696000           0.955528E-5        1.006588           0.773552E-5        1.005930
        2.698000           0.955584E-5        1.006588           0.773592E-5        1.005930
        2.700000           0.955640E-5        1.006589           0.773633E-5        1.005930
        2.702000           0.955695E-5        1.006589           0.773673E-5        1.005930
        2.704000           0.955751E-5        1.006589           0.773714E-5        1.005931
        2.706000           0.955806E-5        1.006589           0.773755E-5        1.005931
        2.708000           0.955862E-5        1.006589           0.773795E-5        1.005931
        2.710000           0.955918E-5        1.006590           0.773835E-5        1.005931
        2.712000           0.955974E-5        1.006590           0.773876E-5        1.005931
        2.714000           0.956029E-5        1.006590           0.773917E-5        1.005931
        2.716000           0.956085E-5        1.006590           0.773957E-5        1.005931
        2.718000           0.956141E-5        1.006590           0.773998E-5        1.005932
        2.720000           0.956196E-5        1.006590           0.774038E-5        1.005932
        2.722000           0.956252E-5        1.006591           0.774079E-5        1.005932
        2.724000           0.956308E-5        1.006591           0.774119E-5        1.005932
        2.726000           0.956363E-5        1.006591           0.774160E-5        1.005932
        2.728000           0.956419E-5        1.006591           0.774200E-5        1.005932
        2.730000           0.956475E-5        1.006591           0.774241E-5        1.005933
        2.732000           0.956530E-5        1.006592           0.774281E-5        1.005933
        2.734000           0.956586E-5        1.006592           0.774322E-5        1.005933
        2.736000           0.956642E-5        1.006592           0.774362E-5        1.005933
        2.738000           0.956698E-5        1.006592           0.774403E-5        1.005933
        2.740000           0.956754E-5        1.006592           0.774444E-5        1.005933
        2.742000           0.956809E-5        1.006593           0.774484E-5        1.005934
        2.744000           0.956865E-5        1.006593           0.774525E-5        1.005934
        2.746000           0.956921E-5        1.006593           0.774565E-5        1.005934
        2.748000           0.956976E-5        1.006593           0.774606E-5        1.005934
        2.750000           0.957032E-5        1.006593           0.774646E-5        1.005934
        2.752000           0.957088E-5        1.006594           0.774687E-5        1.005934
        2.754000           0.957144E-5        1.006594           0.774728E-5        1.005934
        2.756000           0.957200E-5        1.006594           0.774768E-5        1.005935
        2.758000           0.957255E-5        1.006594           0.774809E-5        1.005935
        2.760000           0.957311E-5        1.006594           0.774849E-5        1.005935
        2.762000           0.957367E-5        1.006595           0.774890E-5        1.005935
        2.764000           0.957423E-5        1.006595           0.774931E-5        1.005935
        2.766000           0.957479E-5        1.006595           0.774971E-5        1.005935
        2.768000           0.957534E-5        1.006595           0.775012E-5        1.005936
        2.770000           0.957590E-5        1.006595           0.775052E-5        1.005936
        2.772000           0.957646E-5        1.006595           0.775093E-5        1.005936
        2.774000           0.957702E-5        1.006596           0.775133E-5        1.005936
        2.776000           0.957758E-5        1.006596           0.775174E-5        1.005936
        2.778000           0.957813E-5        1.006596           0.775215E-5        1.005936
        2.780000           0.957869E-5        1.006596           0.775255E-5        1.005937
        2.782000           0.957925E-5        1.006596           0.775296E-5        1.005937
        2.784000           0.957981E-5        1.006597           0.775337E-5        1.005937
        2.786000           0.958037E-5        1.006597           0.775377E-5        1.005937
        2.788000           0.958093E-5        1.006597           0.775418E-5        1.005937
        2.790000           0.958149E-5        1.006597           0.775459E-5        1.005937
        2.792000           0.958204E-5        1.006597           0.775499E-5        1.005937
        2.794000           0.958260E-5        1.006598           0.775540E-5        1.005938
        2.796000           0.958316E-5        1.006598           0.775580E-5        1.005938
        2.798000           0.958372E-5        1.006598           0.775621E-5        1.005938
        2.800000           0.958428E-5        1.006598           0.775662E-5        1.005938
        2.802000           0.958484E-5        1.006598           0.775702E-5        1.005938
        2.804000           0.958539E-5        1.006599           0.775743E-5        1.005938
        2.806000           0.958596E-5        1.006599           0.775784E-5        1.005939
        2.808000           0.958651E-5        1.006599           0.775824E-5        1.005939
        2.810000           0.958707E-5        1.006599           0.775865E-5        1.005939
        2.812000           0.958763E-5        1.006599           0.775906E-5        1.005939
        2.814000           0.958819E-5        1.006600           0.775947E-5        1.005939
        2.816000           0.958875E-5        1.006600           0.775987E-5        1.005939
        2.818000           0.958931E-5        1.006600           0.776028E-5        1.005939
        2.820000           0.958987E-5        1.006600           0.776068E-5        1.005940
        2.822000           0.959043E-5        1.006600           0.776109E-5        1.005940
        2.824000           0.959099E-5        1.006600           0.776150E-5        1.005940
        2.826000           0.959155E-5        1.006601           0.776191E-5        1.005940
        2.828000           0.959211E-5        1.006601           0.776231E-5        1.005940
        2.830000           0.959267E-5        1.006601           0.776272E-5        1.005940
        2.832000           0.959323E-5        1.006601           0.776313E-5        1.005941
        2.834000           0.959379E-5        1.006601           0.776353E-5        1.005941
        2.836000           0.959435E-5        1.006602           0.776394E-5        1.005941
        2.838000           0.959491E-5        1.006602           0.776435E-5        1.005941
        2.840000           0.959547E-5        1.006602           0.776475E-5        1.005941
        2.842000           0.959603E-5        1.006602           0.776516E-5        1.005941
        2.844000           0.959659E-5        1.006602           0.776557E-5        1.005942
        2.846000           0.959715E-5        1.006603           0.776598E-5        1.005942
        2.848000           0.959771E-5        1.006603           0.776638E-5        1.005942
        2.850000           0.959827E-5        1.006603           0.776679E-5        1.005942
        2.852000           0.959883E-5        1.006603           0.776720E-5        1.005942
        2.854000           0.959939E-5        1.006603           0.776761E-5        1.005942
        2.856000           0.959995E-5        1.006604           0.776801E-5        1.005942
        2.858000           0.960051E-5        1.006604           0.776842E-5        1.005943
        2.860000           0.960107E-5        1.006604           0.776883E-5        1.005943
        2.862000           0.960163E-5        1.006604           0.776924E-5        1.005943
        2.864000           0.960219E-5        1.006604           0.776964E-5        1.005943
        2.866000           0.960275E-5        1.006605           0.777005E-5        1.005943
        2.868000           0.960331E-5        1.006605           0.777046E-5        1.005943
        2.870000           0.960387E-5        1.006605           0.777087E-5        1.005944
        2.872000           0.960443E-5        1.006605           0.777127E-5        1.005944
        2.874000           0.960499E-5        1.006605           0.777168E-5        1.005944
        2.876000           0.960555E-5        1.006606           0.777209E-5        1.005944
        2.878000           0.960611E-5        1.006606           0.777250E-5        1.005944
        2.880000           0.960667E-5        1.006606           0.777291E-5        1.005944
        2.882000           0.960723E-5        1.006606           0.777331E-5        1.005944
        2.884000           0.960780E-5        1.006606           0.777372E-5        1.005945
        2.886000           0.960836E-5        1.006606           0.777413E-5        1.005945
        2.888000           0.960892E-5        1.006607           0.777454E-5        1.005945
        2.890000           0.960948E-5        1.006607           0.777494E-5        1.005945
        2.892000           0.961004E-5        1.006607           0.777535E-5        1.005945
        2.894000           0.961060E-5        1.006607           0.777576E-5        1.005945
        2.896000           0.961116E-5        1.006607           0.777617E-5        1.005946
        2.898000           0.961172E-5        1.006608           0.777658E-5        1.005946
        2.900000           0.961228E-5        1.006608           0.777699E-5        1.005946
        2.902000           0.961285E-5        1.006608           0.777739E-5        1.005946
        2.904000           0.961341E-5        1.006608           0.777780E-5        1.005946
        2.906000           0.961397E-5        1.006608           0.777821E-5        1.005946
        2.908000           0.961453E-5        1.006609           0.777862E-5        1.005946
        2.910000           0.961509E-5        1.006609           0.777903E-5        1.005947
        2.912000           0.961565E-5        1.006609           0.777943E-5        1.005947
        2.914000           0.961621E-5        1.006609           0.777984E-5        1.005947
        2.916000           0.961678E-5        1.006609           0.778025E-5        1.005947
        2.918000           0.961734E-5        1.006610           0.778066E-5        1.005947
        2.920000           0.961790E-5        1.006610           0.778107E-5        1.005947
        2.922000           0.961846E-5        1.006610           0.778148E-5        1.005947
        2.924000           0.961902E-5        1.006610           0.778188E-5        1.005948
        2.926000           0.961959E-5        1.006610           0.778229E-5        1.005948
        2.928000           0.962015E-5        1.006611           0.778270E-5        1.005948
        2.930000           0.962071E-5        1.006611           0.778311E-5        1.005948
        2.932000           0.962127E-5        1.006611           0.778352E-5        1.005948
        2.934000           0.962183E-5        1.006611           0.778393E-5        1.005948
        2.936000           0.962240E-5        1.006611           0.778434E-5        1.005949
        2.938000           0.962296E-5        1.006611           0.778475E-5        1.005949
        2.940000           0.962352E-5        1.006612           0.778515E-5        1.005949
        2.942000           0.962409E-5        1.006612           0.778556E-5        1.005949
        2.944000           0.962465E-5        1.006612           0.778597E-5        1.005949
        2.946000           0.962521E-5        1.006612           0.778638E-5        1.005949
        2.948000           0.962577E-5        1.006612           0.778679E-5        1.005949
        2.950000           0.962633E-5        1.006613           0.778720E-5        1.005950
        2.952000           0.962690E-5        1.006613           0.778761E-5        1.005950
        2.954000           0.962746E-5        1.006613           0.778802E-5        1.005950
        2.956000           0.962802E-5        1.006613           0.778843E-5        1.005950
        2.958000           0.962858E-5        1.006613           0.778884E-5        1.005950
        2.960000           0.962915E-5        1.006614           0.778924E-5        1.005950
        2.962000           0.962971E-5        1.006614           0.778965E-5        1.005951
        2.964000           0.963027E-5        1.006614           0.779006E-5        1.005951
        2.966000           0.963084E-5        1.006614           0.779047E-5        1.005951
        2.968000           0.963140E-5        1.006614           0.779088E-5        1.005951
        2.970000           0.963196E-5        1.006615           0.779129E-5        1.005951
        2.972000           0.963252E-5        1.006615           0.779170E-5        1.005951
        2.974000           0.963309E-5        1.006615           0.779211E-5        1.005952
        2.976000           0.963365E-5        1.006615           0.779252E-5        1.005952
        2.978000           0.963421E-5        1.006615           0.779293E-5        1.005952
        2.980000           0.963478E-5        1.006616           0.779334E-5        1.005952
        2.982000           0.963534E-5        1.006616           0.779375E-5        1.005952
        2.984000           0.963591E-5        1.006616           0.779416E-5        1.005952
        2.986000           0.963647E-5        1.006616           0.779457E-5        1.005952
        2.988000           0.963703E-5        1.006616           0.779498E-5        1.005953
        2.990000           0.963760E-5        1.006616           0.779539E-5        1.005953
        2.992000           0.963816E-5        1.006617           0.779579E-5        1.005953
        2.994000           0.963872E-5        1.006617           0.779621E-5        1.005953
        2.996000           0.963929E-5        1.006617           0.779662E-5        1.005953
        2.998000           0.963985E-5        1.006617           0.779702E-5        1.005953
        3.000000           0.964041E-5        1.006617           0.779743E-5        1.005954
        3.002000           0.964098E-5        1.006618           0.779784E-5        1.005954
        3.004000           0.964154E-5        1.006618           0.779825E-5        1.005954
        3.006000           0.964211E-5        1.006618           0.779866E-5        1.005954
        3.008000           0.964267E-5        1.006618           0.779907E-5        1.005954
        3.010000           0.964323E-5        1.006618           0.779948E-5        1.005954
        3.012000           0.964380E-5        1.006619           0.779989E-5        1.005955
        3.014000           0.964436E-5        1.006619           0.780030E-5        1.005955
        3.016000           0.964493E-5        1.006619           0.780071E-5        1.005955
        3.018000           0.964549E-5        1.006619           0.780112E-5        1.005955
        3.020000           0.964606E-5        1.006619           0.780153E-5        1.005955
        3.022000           0.964662E-5        1.006620           0.780194E-5        1.005955
        3.024000           0.964718E-5        1.006620           0.780235E-5        1.005955
        3.026000           0.964775E-5        1.006620           0.780276E-5        1.005956
        3.028000           0.964831E-5        1.006620           0.780317E-5        1.005956
        3.030000           0.964888E-5        1.006620           0.780358E-5        1.005956
        3.032000           0.964944E-5        1.006621           0.780399E-5        1.005956
        3.034000           0.965001E-5        1.006621           0.780440E-5        1.005956
        3.036000           0.965057E-5        1.006621           0.780482E-5        1.005956
        3.038000           0.965114E-5        1.006621           0.780523E-5        1.005957
        3.040000           0.965170E-5        1.006621           0.780564E-5        1.005957
        3.042000           0.965227E-5        1.006621           0.780605E-5        1.005957
        3.044000           0.965283E-5        1.006622           0.780646E-5        1.005957
        3.046000           0.965340E-5        1.006622           0.780687E-5        1.005957
        3.048000           0.965396E-5        1.006622           0.780728E-5        1.005957
        3.050000           0.965452E-5        1.006622           0.780769E-5        1.005957
        3.052000           0.965509E-5        1.006622           0.780810E-5        1.005958
        3.054000           0.965566E-5        1.006623           0.780851E-5        1.005958
        3.056000           0.965622E-5        1.006623           0.780892E-5        1.005958
        3.058000           0.965679E-5        1.006623           0.780933E-5        1.005958
        3.060000           0.965735E-5        1.006623           0.780974E-5        1.005958
        3.062000           0.965792E-5        1.006623           0.781015E-5        1.005958
        3.064000           0.965848E-5        1.006624           0.781056E-5        1.005959
        3.066000           0.965905E-5        1.006624           0.781098E-5        1.005959
        3.068000           0.965961E-5        1.006624           0.781139E-5        1.005959
        3.070000           0.966018E-5        1.006624           0.781180E-5        1.005959
        3.072000           0.966074E-5        1.006624           0.781221E-5        1.005959
        3.074000           0.966131E-5        1.006625           0.781262E-5        1.005959
        3.076000           0.966188E-5        1.006625           0.781303E-5        1.005960
        3.078000           0.966244E-5        1.006625           0.781344E-5        1.005960
        3.080000           0.966301E-5        1.006625           0.781385E-5        1.005960
        3.082000           0.966357E-5        1.006625           0.781426E-5        1.005960
        3.084000           0.966414E-5        1.006626           0.781467E-5        1.005960
        3.086000           0.966470E-5        1.006626           0.781508E-5        1.005960
        3.088000           0.966527E-5        1.006626           0.781550E-5        1.005960
        3.090000           0.966584E-5        1.006626           0.781591E-5        1.005961
        3.092000           0.966640E-5        1.006626           0.781632E-5        1.005961
        3.094000           0.966697E-5        1.006626           0.781673E-5        1.005961
        3.096000           0.966754E-5        1.006627           0.781714E-5        1.005961
        3.098000           0.966810E-5        1.006627           0.781755E-5        1.005961
        3.100000           0.966867E-5        1.006627           0.781796E-5        1.005961
        3.102000           0.966924E-5        1.006627           0.781838E-5        1.005962
        3.104000           0.966980E-5        1.006627           0.781879E-5        1.005962
        3.106000           0.967037E-5        1.006628           0.781920E-5        1.005962
        3.108000           0.967093E-5        1.006628           0.781961E-5        1.005962
        3.110000           0.967150E-5        1.006628           0.782002E-5        1.005962
        3.112000           0.967207E-5        1.006628           0.782043E-5        1.005962
        3.114000           0.967263E-5        1.006628           0.782084E-5        1.005962
        3.116000           0.967320E-5        1.006629           0.782126E-5        1.005963
        3.118000           0.967377E-5        1.006629           0.782167E-5        1.005963
        3.120000           0.967433E-5        1.006629           0.782208E-5        1.005963
        3.122000           0.967490E-5        1.006629           0.782249E-5        1.005963
        3.124000           0.967547E-5        1.006629           0.782290E-5        1.005963
        3.126000           0.967604E-5        1.006630           0.782332E-5        1.005963
        3.128000           0.967660E-5        1.006630           0.782373E-5        1.005964
        3.130000           0.967717E-5        1.006630           0.782414E-5        1.005964
        3.132000           0.967774E-5        1.006630           0.782455E-5        1.005964
        3.134000           0.967830E-5        1.006630           0.782496E-5        1.005964
        3.136000           0.967887E-5        1.006631           0.782537E-5        1.005964
        3.138000           0.967944E-5        1.006631           0.782579E-5        1.005964
        3.140000           0.968000E-5        1.006631           0.782620E-5        1.005965
        3.142000           0.968057E-5        1.006631           0.782661E-5        1.005965
        3.144000           0.968114E-5        1.006631           0.782702E-5        1.005965
        3.146000           0.968171E-5        1.006631           0.782744E-5        1.005965
        3.148000           0.968227E-5        1.006632           0.782785E-5        1.005965
        3.150000           0.968284E-5        1.006632           0.782826E-5        1.005965
        3.152000           0.968341E-5        1.006632           0.782867E-5        1.005965
        3.154000           0.968398E-5        1.006632           0.782908E-5        1.005966
        3.156000           0.968455E-5        1.006632           0.782950E-5        1.005966
        3.158000           0.968511E-5        1.006633           0.782991E-5        1.005966
        3.160000           0.968568E-5        1.006633           0.783032E-5        1.005966
        3.162000           0.968625E-5        1.006633           0.783073E-5        1.005966
        3.164000           0.968682E-5        1.006633           0.783115E-5        1.005966
        3.166000           0.968738E-5        1.006634           0.783156E-5        1.005967
        3.168000           0.968795E-5        1.006634           0.783197E-5        1.005967
        3.170000           0.968852E-5        1.006634           0.783238E-5        1.005967
        3.172000           0.968909E-5        1.006634           0.783279E-5        1.005967
        3.174000           0.968965E-5        1.006634           0.783321E-5        1.005967
        3.176000           0.969022E-5        1.006634           0.783362E-5        1.005967
        3.178000           0.969079E-5        1.006635           0.783403E-5        1.005967
        3.180000           0.969136E-5        1.006635           0.783444E-5        1.005968
        3.182000           0.969193E-5        1.006635           0.783486E-5        1.005968
        3.184000           0.969250E-5        1.006635           0.783527E-5        1.005968
        3.186000           0.969307E-5        1.006635           0.783568E-5        1.005968
        3.188000           0.969363E-5        1.006636           0.783610E-5        1.005968
        3.190000           0.969420E-5        1.006636           0.783651E-5        1.005968
        3.192000           0.969477E-5        1.006636           0.783692E-5        1.005969
        3.194000           0.969534E-5        1.006636           0.783734E-5        1.005969
        3.196000           0.969591E-5        1.006636           0.783775E-5        1.005969
        3.198000           0.969648E-5        1.006637           0.783816E-5        1.005969
        3.200000           0.969705E-5        1.006637           0.783857E-5        1.005969
        3.202000           0.969762E-5        1.006637           0.783899E-5        1.005969
        3.204000           0.969818E-5        1.006637           0.783940E-5        1.005970
        3.206000           0.969875E-5        1.006637           0.783981E-5        1.005970
        3.208000           0.969932E-5        1.006638           0.784023E-5        1.005970
        3.210000           0.969989E-5        1.006638           0.784064E-5        1.005970
        3.212000           0.970046E-5        1.006638           0.784105E-5        1.005970
        3.214000           0.970103E-5        1.006638           0.784147E-5        1.005970
        3.216000           0.970160E-5        1.006638           0.784188E-5        1.005970
        3.218000           0.970217E-5        1.006639           0.784229E-5        1.005971
        3.220000           0.970274E-5        1.006639           0.784271E-5        1.005971
        3.222000           0.970331E-5        1.006639           0.784312E-5        1.005971
        3.224000           0.970387E-5        1.006639           0.784353E-5        1.005971
        3.226000           0.970445E-5        1.006639           0.784395E-5        1.005971
        3.228000           0.970501E-5        1.006639           0.784436E-5        1.005971
        3.230000           0.970558E-5        1.006640           0.784477E-5        1.005972
        3.232000           0.970615E-5        1.006640           0.784519E-5        1.005972
        3.234000           0.970672E-5        1.006640           0.784560E-5        1.005972
        3.236000           0.970729E-5        1.006640           0.784601E-5        1.005972
        3.238000           0.970786E-5        1.006640           0.784643E-5        1.005972
        3.240000           0.970843E-5        1.006641           0.784684E-5        1.005972
        3.242000           0.970900E-5        1.006641           0.784726E-5        1.005973
        3.244000           0.970957E-5        1.006641           0.784767E-5        1.005973
        3.246000           0.971014E-5        1.006641           0.784808E-5        1.005973
        3.248000           0.971071E-5        1.006641           0.784850E-5        1.005973
        3.250000           0.971128E-5        1.006642           0.784891E-5        1.005973
        3.252000           0.971185E-5        1.006642           0.784932E-5        1.005973
        3.254000           0.971242E-5        1.006642           0.784974E-5        1.005973
        3.256000           0.971299E-5        1.006642           0.785015E-5        1.005974
        3.258000           0.971356E-5        1.006642           0.785057E-5        1.005974
        3.260000           0.971413E-5        1.006643           0.785098E-5        1.005974
        3.262000           0.971470E-5        1.006643           0.785140E-5        1.005974
        3.264000           0.971527E-5        1.006643           0.785181E-5        1.005974
        3.266000           0.971585E-5        1.006643           0.785222E-5        1.005974
        3.268000           0.971642E-5        1.006643           0.785264E-5        1.005975
        3.270000           0.971699E-5        1.006644           0.785305E-5        1.005975
        3.272000           0.971756E-5        1.006644           0.785346E-5        1.005975
        3.274000           0.971813E-5        1.006644           0.785388E-5        1.005975
        3.276000           0.971870E-5        1.006644           0.785429E-5        1.005975
        3.278000           0.971927E-5        1.006644           0.785471E-5        1.005975
        3.280000           0.971984E-5        1.006644           0.785512E-5        1.005975
        3.282000           0.972041E-5        1.006645           0.785554E-5        1.005976
        3.284000           0.972098E-5        1.006645           0.785595E-5        1.005976
        3.286000           0.972155E-5        1.006645           0.785637E-5        1.005976
        3.288000           0.972212E-5        1.006645           0.785678E-5        1.005976
        3.290000           0.972269E-5        1.006645           0.785719E-5        1.005976
        3.292000           0.972327E-5        1.006646           0.785761E-5        1.005976
        3.294000           0.972384E-5        1.006646           0.785802E-5        1.005977
        3.296000           0.972441E-5        1.006646           0.785844E-5        1.005977
        3.298000           0.972498E-5        1.006646           0.785885E-5        1.005977
        3.300000           0.972555E-5        1.006647           0.785927E-5        1.005977
        3.302000           0.972612E-5        1.006647           0.785968E-5        1.005977
        3.304000           0.972669E-5        1.006647           0.786010E-5        1.005977
        3.306000           0.972727E-5        1.006647           0.786051E-5        1.005978
        3.308000           0.972784E-5        1.006647           0.786093E-5        1.005978
        3.310000           0.972841E-5        1.006647           0.786134E-5        1.005978
        3.312000           0.972898E-5        1.006648           0.786176E-5        1.005978
        3.314000           0.972955E-5        1.006648           0.786217E-5        1.005978
        3.316000           0.973012E-5        1.006648           0.786259E-5        1.005978
        3.318000           0.973069E-5        1.006648           0.786300E-5        1.005978
        3.320000           0.973127E-5        1.006648           0.786342E-5        1.005979
        3.322000           0.973184E-5        1.006649           0.786383E-5        1.005979
        3.324000           0.973241E-5        1.006649           0.786425E-5        1.005979
        3.326000           0.973298E-5        1.006649           0.786466E-5        1.005979
        3.328000           0.973355E-5        1.006649           0.786508E-5        1.005979
        3.330000           0.973413E-5        1.006649           0.786549E-5        1.005979
        3.332000           0.973470E-5        1.006650           0.786591E-5        1.005980
        3.334000           0.973527E-5        1.006650           0.786632E-5        1.005980
        3.336000           0.973584E-5        1.006650           0.786674E-5        1.005980
        3.338000           0.973642E-5        1.006650           0.786715E-5        1.005980
        3.340000           0.973699E-5        1.006650           0.786757E-5        1.005980
        3.342000           0.973756E-5        1.006651           0.786798E-5        1.005980
        3.344000           0.973813E-5        1.006651           0.786840E-5        1.005980
        3.346000           0.973870E-5        1.006651           0.786881E-5        1.005981
        3.348000           0.973928E-5        1.006651           0.786923E-5        1.005981
        3.350000           0.973985E-5        1.006651           0.786964E-5        1.005981
        3.352000           0.974042E-5        1.006652           0.787006E-5        1.005981
        3.354000           0.974099E-5        1.006652           0.787048E-5        1.005981
        3.356000           0.974157E-5        1.006652           0.787089E-5        1.005981
        3.358000           0.974214E-5        1.006652           0.787131E-5        1.005982
        3.360000           0.974271E-5        1.006652           0.787172E-5        1.005982
        3.362000           0.974329E-5        1.006652           0.787214E-5        1.005982
        3.364000           0.974386E-5        1.006653           0.787255E-5        1.005982
        3.366000           0.974443E-5        1.006653           0.787297E-5        1.005982
        3.368000           0.974500E-5        1.006653           0.787338E-5        1.005982
        3.370000           0.974558E-5        1.006653           0.787380E-5        1.005983
        3.372000           0.974615E-5        1.006653           0.787422E-5        1.005983
        3.374000           0.974672E-5        1.006654           0.787463E-5        1.005983
        3.376000           0.974730E-5        1.006654           0.787505E-5        1.005983
        3.378000           0.974787E-5        1.006654           0.787547E-5        1.005983
        3.380000           0.974844E-5        1.006654           0.787588E-5        1.005983
        3.382000           0.974902E-5        1.006655           0.787630E-5        1.005984
        3.384000           0.974959E-5        1.006655           0.787671E-5        1.005984
        3.386000           0.975017E-5        1.006655           0.787713E-5        1.005984
        3.388000           0.975074E-5        1.006655           0.787755E-5        1.005984
        3.390000           0.975131E-5        1.006655           0.787796E-5        1.005984
        3.392000           0.975189E-5        1.006655           0.787838E-5        1.005984
        3.394000           0.975246E-5        1.006656           0.787879E-5        1.005985
        3.396000           0.975303E-5        1.006656           0.787921E-5        1.005985
        3.398000           0.975361E-5        1.006656           0.787963E-5        1.005985
        3.400000           0.975418E-5        1.006656           0.788004E-5        1.005985
        3.402000           0.975475E-5        1.006656           0.788046E-5        1.005985
        3.404000           0.975533E-5        1.006657           0.788088E-5        1.005985
        3.406000           0.975590E-5        1.006657           0.788129E-5        1.005985
        3.408000           0.975648E-5        1.006657           0.788171E-5        1.005986
        3.410000           0.975705E-5        1.006657           0.788212E-5        1.005986
        3.412000           0.975762E-5        1.006657           0.788254E-5        1.005986
        3.414000           0.975820E-5        1.006658           0.788296E-5        1.005986
        3.416000           0.975877E-5        1.006658           0.788338E-5        1.005986
        3.418000           0.975935E-5        1.006658           0.788379E-5        1.005986
        3.420000           0.975992E-5        1.006658           0.788421E-5        1.005987
        3.422000           0.976050E-5        1.006658           0.788463E-5        1.005987
        3.424000           0.976107E-5        1.006659           0.788504E-5        1.005987
        3.426000           0.976164E-5        1.006659           0.788546E-5        1.005987
        3.428000           0.976222E-5        1.006659           0.788587E-5        1.005987
        3.430000           0.976280E-5        1.006659           0.788629E-5        1.005987
        3.432000           0.976337E-5        1.006659           0.788671E-5        1.005988
        3.434000           0.976394E-5        1.006660           0.788712E-5        1.005988
        3.436000           0.976452E-5        1.006660           0.788754E-5        1.005988
        3.438000           0.976509E-5        1.006660           0.788796E-5        1.005988
        3.440000           0.976567E-5        1.006660           0.788838E-5        1.005988
        3.442000           0.976624E-5        1.006660           0.788879E-5        1.005988
        3.444000           0.976682E-5        1.006660           0.788921E-5        1.005988
        3.446000           0.976739E-5        1.006661           0.788963E-5        1.005989
        3.448000           0.976797E-5        1.006661           0.789004E-5        1.005989
        3.450000           0.976854E-5        1.006661           0.789046E-5        1.005989
        3.452000           0.976912E-5        1.006661           0.789088E-5        1.005989
        3.454000           0.976969E-5        1.006662           0.789130E-5        1.005989
        3.456000           0.977027E-5        1.006662           0.789171E-5        1.005989
        3.458000           0.977085E-5        1.006662           0.789213E-5        1.005990
        3.460000           0.977142E-5        1.006662           0.789255E-5        1.005990
        3.462000           0.977200E-5        1.006662           0.789296E-5        1.005990
        3.464000           0.977257E-5        1.006662           0.789338E-5        1.005990
        3.466000           0.977315E-5        1.006663           0.789380E-5        1.005990
        3.468000           0.977372E-5        1.006663           0.789422E-5        1.005990
        3.470000           0.977430E-5        1.006663           0.789464E-5        1.005991
        3.472000           0.977488E-5        1.006663           0.789505E-5        1.005991
        3.474000           0.977545E-5        1.006663           0.789547E-5        1.005991
        3.476000           0.977602E-5        1.006664           0.789589E-5        1.005991
        3.478000           0.977660E-5        1.006664           0.789630E-5        1.005991
        3.480000           0.977718E-5        1.006664           0.789672E-5        1.005991
        3.482000           0.977775E-5        1.006664           0.789714E-5        1.005991
        3.483999           0.977833E-5        1.006664           0.789756E-5        1.005992
        3.486000           0.977891E-5        1.006665           0.789797E-5        1.005992
        3.488000           0.977948E-5        1.006665           0.789839E-5        1.005992
        3.490000           0.978006E-5        1.006665           0.789881E-5        1.005992
        3.492000           0.978063E-5        1.006665           0.789923E-5        1.005992
        3.493999           0.978121E-5        1.006665           0.789965E-5        1.005992
        3.496000           0.978179E-5        1.006666           0.790006E-5        1.005993
        3.498000           0.978236E-5        1.006666           0.790048E-5        1.005993
        3.500000           0.978294E-5        1.006666           0.790090E-5        1.005993
        3.502000           0.978351E-5        1.006666           0.790132E-5        1.005993
        3.503999           0.978409E-5        1.006666           0.790174E-5        1.005993
        3.506000           0.978467E-5        1.006667           0.790215E-5        1.005993
        3.508000           0.978525E-5        1.006667           0.790257E-5        1.005993
        3.510000           0.978582E-5        1.006667           0.790299E-5        1.005994
        3.512000           0.978640E-5        1.006667           0.790341E-5        1.005994
        3.514000           0.978697E-5        1.006667           0.790383E-5        1.005994
        3.516000           0.978755E-5        1.006667           0.790425E-5        1.005994
        3.518000           0.978813E-5        1.006668           0.790466E-5        1.005994
        3.520000           0.978871E-5        1.006668           0.790508E-5        1.005994
        3.522000           0.978928E-5        1.006668           0.790550E-5        1.005995
        3.524000           0.978986E-5        1.006668           0.790592E-5        1.005995
        3.526000           0.979044E-5        1.006669           0.790634E-5        1.005995
        3.528000           0.979102E-5        1.006669           0.790676E-5        1.005995
        3.530000           0.979159E-5        1.006669           0.790718E-5        1.005995
        3.532000           0.979217E-5        1.006669           0.790759E-5        1.005995
        3.534000           0.979275E-5        1.006669           0.790801E-5        1.005996
        3.536000           0.979332E-5        1.006670           0.790843E-5        1.005996
        3.538000           0.979390E-5        1.006670           0.790885E-5        1.005996
        3.540000           0.979448E-5        1.006670           0.790927E-5        1.005996
        3.542000           0.979505E-5        1.006670           0.790969E-5        1.005996
        3.544000           0.979563E-5        1.006670           0.791010E-5        1.005996
        3.546000           0.979621E-5        1.006670           0.791052E-5        1.005996
        3.548000           0.979679E-5        1.006671           0.791094E-5        1.005997
        3.550000           0.979736E-5        1.006671           0.791136E-5        1.005997
        3.552000           0.979794E-5        1.006671           0.791178E-5        1.005997
        3.554000           0.979852E-5        1.006671           0.791220E-5        1.005997
        3.556000           0.979910E-5        1.006671           0.791262E-5        1.005997
        3.558000           0.979968E-5        1.006672           0.791304E-5        1.005997
        3.560000           0.980026E-5        1.006672           0.791346E-5        1.005998
        3.562000           0.980083E-5        1.006672           0.791387E-5        1.005998
        3.564000           0.980141E-5        1.006672           0.791429E-5        1.005998
        3.566000           0.980199E-5        1.006672           0.791471E-5        1.005998
        3.568000           0.980257E-5        1.006673           0.791513E-5        1.005998
        3.570000           0.980314E-5        1.006673           0.791555E-5        1.005998
        3.572000           0.980372E-5        1.006673           0.791597E-5        1.005998
        3.574000           0.980430E-5        1.006673           0.791639E-5        1.005999
        3.576000           0.980488E-5        1.006673           0.791681E-5        1.005999
        3.578000           0.980546E-5        1.006674           0.791723E-5        1.005999
        3.580000           0.980604E-5        1.006674           0.791765E-5        1.005999
        3.582000           0.980662E-5        1.006674           0.791807E-5        1.005999
        3.584000           0.980719E-5        1.006674           0.791849E-5        1.005999
        3.586000           0.980777E-5        1.006674           0.791890E-5        1.006000
        3.588000           0.980835E-5        1.006675           0.791933E-5        1.006000
        3.590000           0.980893E-5        1.006675           0.791974E-5        1.006000
        3.592000           0.980951E-5        1.006675           0.792016E-5        1.006000
        3.594000           0.981009E-5        1.006675           0.792058E-5        1.006000
        3.596000           0.981067E-5        1.006675           0.792100E-5        1.006000
        3.598000           0.981125E-5        1.006676           0.792142E-5        1.006001
        3.600000           0.981182E-5        1.006676           0.792184E-5        1.006001
        3.602000           0.981240E-5        1.006676           0.792226E-5        1.006001
        3.604000           0.981298E-5        1.006676           0.792268E-5        1.006001
        3.605999           0.981356E-5        1.006676           0.792310E-5        1.006001
        3.608000           0.981414E-5        1.006677           0.792352E-5        1.006001
        3.610000           0.981472E-5        1.006677           0.792394E-5        1.006002
        3.612000           0.981530E-5        1.006677           0.792436E-5        1.006002
        3.614000           0.981588E-5        1.006677           0.792478E-5        1.006002
        3.615999           0.981646E-5        1.006677           0.792520E-5        1.006002
        3.618000           0.981704E-5        1.006678           0.792562E-5        1.006002
        3.620000           0.981762E-5        1.006678           0.792604E-5        1.006002
        3.622000           0.981820E-5        1.006678           0.792646E-5        1.006003
        3.624000           0.981878E-5        1.006678           0.792688E-5        1.006003
        3.625999           0.981936E-5        1.006678           0.792730E-5        1.006003
        3.628000           0.981993E-5        1.006679           0.792772E-5        1.006003
        3.630000           0.982051E-5        1.006679           0.792814E-5        1.006003
        3.632000           0.982110E-5        1.006679           0.792856E-5        1.006003
        3.634000           0.982168E-5        1.006679           0.792898E-5        1.006003
        3.636000           0.982225E-5        1.006679           0.792940E-5        1.006004
        3.638000           0.982283E-5        1.006680           0.792982E-5        1.006004
        3.640000           0.982341E-5        1.006680           0.793024E-5        1.006004
        3.642000           0.982399E-5        1.006680           0.793066E-5        1.006004
        3.644000           0.982457E-5        1.006680           0.793108E-5        1.006004
        3.646000           0.982516E-5        1.006680           0.793150E-5        1.006004
        3.648000           0.982574E-5        1.006680           0.793192E-5        1.006005
        3.650000           0.982632E-5        1.006681           0.793234E-5        1.006005
        3.652000           0.982689E-5        1.006681           0.793276E-5        1.006005
        3.654000           0.982748E-5        1.006681           0.793319E-5        1.006005
        3.656000           0.982806E-5        1.006681           0.793361E-5        1.006005
        3.658000           0.982864E-5        1.006681           0.793403E-5        1.006005
        3.660000           0.982922E-5        1.006682           0.793445E-5        1.006006
        3.662000           0.982980E-5        1.006682           0.793487E-5        1.006006
        3.664000           0.983038E-5        1.006682           0.793529E-5        1.006006
        3.666000           0.983096E-5        1.006682           0.793571E-5        1.006006
        3.668000           0.983154E-5        1.006682           0.793613E-5        1.006006
        3.670000           0.983212E-5        1.006683           0.793655E-5        1.006006
        3.672000           0.983270E-5        1.006683           0.793697E-5        1.006006
        3.674000           0.983328E-5        1.006683           0.793739E-5        1.006007
        3.676000           0.983386E-5        1.006683           0.793781E-5        1.006007
        3.678000           0.983444E-5        1.006683           0.793823E-5        1.006007
        3.680000           0.983502E-5        1.006684           0.793865E-5        1.006007
        3.682000           0.983560E-5        1.006684           0.793908E-5        1.006007
        3.684000           0.983619E-5        1.006684           0.793950E-5        1.006007
        3.686000           0.983677E-5        1.006684           0.793992E-5        1.006008
        3.688000           0.983735E-5        1.006684           0.794034E-5        1.006008
        3.690000           0.983793E-5        1.006685           0.794076E-5        1.006008
        3.692000           0.983851E-5        1.006685           0.794118E-5        1.006008
        3.694000           0.983909E-5        1.006685           0.794160E-5        1.006008
        3.696000           0.983967E-5        1.006685           0.794202E-5        1.006008
        3.698000           0.984026E-5        1.006685           0.794244E-5        1.006009
        3.700000           0.984084E-5        1.006686           0.794287E-5        1.006009
        3.702000           0.984142E-5        1.006686           0.794329E-5        1.006009
        3.704000           0.984200E-5        1.006686           0.794371E-5        1.006009
        3.706000           0.984258E-5        1.006686           0.794413E-5        1.006009
        3.708000           0.984317E-5        1.006686           0.794455E-5        1.006009
        3.710000           0.984374E-5        1.006687           0.794497E-5        1.006009
        3.712000           0.984433E-5        1.006687           0.794540E-5        1.006010
        3.714000           0.984491E-5        1.006687           0.794582E-5        1.006010
        3.716000           0.984549E-5        1.006687           0.794624E-5        1.006010
        3.717999           0.984607E-5        1.006687           0.794666E-5        1.006010
        3.720000           0.984666E-5        1.006688           0.794708E-5        1.006010
        3.722000           0.984724E-5        1.006688           0.794750E-5        1.006010
        3.724000           0.984782E-5        1.006688           0.794792E-5        1.006011
        3.726000           0.984840E-5        1.006688           0.794835E-5        1.006011
        3.727999           0.984898E-5        1.006688           0.794877E-5        1.006011
        3.730000           0.984957E-5        1.006689           0.794919E-5        1.006011
        3.732000           0.985015E-5        1.006689           0.794961E-5        1.006011
        3.734000           0.985073E-5        1.006689           0.795004E-5        1.006011
        3.736000           0.985132E-5        1.006689           0.795046E-5        1.006012
        3.737999           0.985190E-5        1.006689           0.795088E-5        1.006012
        3.740000           0.985248E-5        1.006690           0.795130E-5        1.006012
        3.742000           0.985306E-5        1.006690           0.795172E-5        1.006012
        3.744000           0.985365E-5        1.006690           0.795215E-5        1.006012
        3.746000           0.985423E-5        1.006690           0.795257E-5        1.006012
        3.748000           0.985481E-5        1.006690           0.795299E-5        1.006013
        3.750000           0.985539E-5        1.006691           0.795341E-5        1.006013
        3.752000           0.985597E-5        1.006691           0.795383E-5        1.006013
        3.754000           0.985656E-5        1.006691           0.795426E-5        1.006013
        3.756000           0.985714E-5        1.006691           0.795468E-5        1.006013
        3.758000           0.985773E-5        1.006691           0.795510E-5        1.006013
        3.760000           0.985831E-5        1.006691           0.795552E-5        1.006014
        3.762000           0.985889E-5        1.006692           0.795594E-5        1.006014
        3.764000           0.985948E-5        1.006692           0.795637E-5        1.006014
        3.766000           0.986006E-5        1.006692           0.795679E-5        1.006014
        3.768000           0.986064E-5        1.006692           0.795721E-5        1.006014
        3.770000           0.986123E-5        1.006693           0.795763E-5        1.006014
        3.772000           0.986181E-5        1.006693           0.795806E-5        1.006014
        3.774000           0.986239E-5        1.006693           0.795848E-5        1.006015
        3.776000           0.986297E-5        1.006693           0.795890E-5        1.006015
        3.778000           0.986356E-5        1.006693           0.795932E-5        1.006015
        3.780000           0.986414E-5        1.006693           0.795975E-5        1.006015
        3.782000           0.986472E-5        1.006694           0.796017E-5        1.006015
        3.784000           0.986531E-5        1.006694           0.796059E-5        1.006015
        3.786000           0.986589E-5        1.006694           0.796102E-5        1.006016
        3.788000           0.986648E-5        1.006694           0.796144E-5        1.006016
        3.790000           0.986706E-5        1.006694           0.796186E-5        1.006016
        3.792000           0.986765E-5        1.006695           0.796229E-5        1.006016
        3.794000           0.986823E-5        1.006695           0.796271E-5        1.006016
        3.796000           0.986881E-5        1.006695           0.796313E-5        1.006016
        3.798000           0.986940E-5        1.006695           0.796355E-5        1.006016
        3.800000           0.986998E-5        1.006696           0.796398E-5        1.006017
        3.802000           0.987057E-5        1.006696           0.796440E-5        1.006017
        3.804000           0.987115E-5        1.006696           0.796482E-5        1.006017
        3.806000           0.987173E-5        1.006696           0.796525E-5        1.006017
        3.808000           0.987232E-5        1.006696           0.796567E-5        1.006017
        3.810000           0.987290E-5        1.006696           0.796609E-5        1.006017
        3.812000           0.987349E-5        1.006697           0.796652E-5        1.006018
        3.814000           0.987407E-5        1.006697           0.796694E-5        1.006018
        3.816000           0.987466E-5        1.006697           0.796736E-5        1.006018
        3.818000           0.987524E-5        1.006697           0.796778E-5        1.006018
        3.820000           0.987583E-5        1.006697           0.796821E-5        1.006018
        3.822000           0.987641E-5        1.006698           0.796863E-5        1.006018
        3.824000           0.987699E-5        1.006698           0.796905E-5        1.006019
        3.826000           0.987758E-5        1.006698           0.796948E-5        1.006019
        3.828000           0.987817E-5        1.006698           0.796990E-5        1.006019
        3.830000           0.987875E-5        1.006698           0.797033E-5        1.006019
        3.832000           0.987933E-5        1.006699           0.797075E-5        1.006019
        3.834000           0.987992E-5        1.006699           0.797117E-5        1.006019
        3.836000           0.988050E-5        1.006699           0.797160E-5        1.006019
        3.838000           0.988109E-5        1.006699           0.797202E-5        1.006020
        3.839999           0.988167E-5        1.006699           0.797244E-5        1.006020
        3.842000           0.988226E-5        1.006700           0.797287E-5        1.006020
        3.844000           0.988285E-5        1.006700           0.797329E-5        1.006020
        3.846000           0.988343E-5        1.006700           0.797371E-5        1.006020
        3.848000           0.988402E-5        1.006700           0.797414E-5        1.006020
        3.849999           0.988460E-5        1.006700           0.797456E-5        1.006021
        3.852000           0.988519E-5        1.006701           0.797499E-5        1.006021
        3.854000           0.988577E-5        1.006701           0.797541E-5        1.006021
        3.856000           0.988636E-5        1.006701           0.797583E-5        1.006021
        3.858000           0.988695E-5        1.006701           0.797626E-5        1.006021
        3.860000           0.988753E-5        1.006701           0.797668E-5        1.006021
        3.862000           0.988811E-5        1.006702           0.797710E-5        1.006022
        3.864000           0.988870E-5        1.006702           0.797753E-5        1.006022
        3.866000           0.988929E-5        1.006702           0.797795E-5        1.006022
        3.868000           0.988987E-5        1.006702           0.797838E-5        1.006022
        3.870000           0.989046E-5        1.006702           0.797880E-5        1.006022
        3.872000           0.989105E-5        1.006703           0.797923E-5        1.006022
        3.874000           0.989163E-5        1.006703           0.797965E-5        1.006023
        3.876000           0.989222E-5        1.006703           0.798007E-5        1.006023
        3.878000           0.989280E-5        1.006703           0.798050E-5        1.006023
        3.880000           0.989339E-5        1.006703           0.798093E-5        1.006023
        3.882000           0.989398E-5        1.006704           0.798135E-5        1.006023
        3.884000           0.989456E-5        1.006704           0.798177E-5        1.006023
        3.886000           0.989515E-5        1.006704           0.798220E-5        1.006024
        3.888000           0.989574E-5        1.006704           0.798262E-5        1.006024
        3.890000           0.989632E-5        1.006704           0.798305E-5        1.006024
        3.892000           0.989691E-5        1.006705           0.798347E-5        1.006024
        3.894000           0.989750E-5        1.006705           0.798390E-5        1.006024
        3.896000           0.989808E-5        1.006705           0.798432E-5        1.006024
        3.898000           0.989867E-5        1.006705           0.798475E-5        1.006024
        3.900000           0.989925E-5        1.006705           0.798517E-5        1.006025
        3.902000           0.989984E-5        1.006706           0.798559E-5        1.006025
        3.904000           0.990043E-5        1.006706           0.798602E-5        1.006025
        3.906000           0.990101E-5        1.006706           0.798644E-5        1.006025
        3.908000           0.990160E-5        1.006706           0.798687E-5        1.006025
        3.910000           0.990219E-5        1.006706           0.798729E-5        1.006025
        3.912000           0.990278E-5        1.006706           0.798772E-5        1.006026
        3.914000           0.990336E-5        1.006707           0.798814E-5        1.006026
        3.916000           0.990395E-5        1.006707           0.798857E-5        1.006026
        3.918000           0.990454E-5        1.006707           0.798899E-5        1.006026
        3.920000           0.990513E-5        1.006707           0.798942E-5        1.006026
        3.922000           0.990571E-5        1.006708           0.798984E-5        1.006026
        3.924000           0.990630E-5        1.006708           0.799027E-5        1.006027
        3.926000           0.990689E-5        1.006708           0.799069E-5        1.006027
        3.928000           0.990748E-5        1.006708           0.799112E-5        1.006027
        3.930000           0.990806E-5        1.006708           0.799154E-5        1.006027
        3.932000           0.990865E-5        1.006709           0.799197E-5        1.006027
        3.934000           0.990924E-5        1.006709           0.799239E-5        1.006027
        3.936000           0.990983E-5        1.006709           0.799282E-5        1.006027
        3.938000           0.991041E-5        1.006709           0.799325E-5        1.006028
        3.940000           0.991100E-5        1.006709           0.799367E-5        1.006028
        3.942000           0.991159E-5        1.006709           0.799409E-5        1.006028
        3.944000           0.991218E-5        1.006710           0.799452E-5        1.006028
        3.946000           0.991276E-5        1.006710           0.799495E-5        1.006028
        3.948000           0.991335E-5        1.006710           0.799537E-5        1.006028
        3.950000           0.991394E-5        1.006710           0.799580E-5        1.006029
        3.951999           0.991453E-5        1.006711           0.799622E-5        1.006029
        3.954000           0.991512E-5        1.006711           0.799665E-5        1.006029
        3.956000           0.991570E-5        1.006711           0.799707E-5        1.006029
        3.958000           0.991629E-5        1.006711           0.799750E-5        1.006029
        3.960000           0.991688E-5        1.006711           0.799793E-5        1.006029
        3.961999           0.991747E-5        1.006711           0.799835E-5        1.006030
        3.964000           0.991806E-5        1.006712           0.799878E-5        1.006030
        3.966000           0.991865E-5        1.006712           0.799920E-5        1.006030
        3.968000           0.991923E-5        1.006712           0.799963E-5        1.006030
        3.970000           0.991982E-5        1.006712           0.800005E-5        1.006030
        3.972000           0.992041E-5        1.006712           0.800048E-5        1.006030
        3.974000           0.992100E-5        1.006713           0.800091E-5        1.006031
        3.976000           0.992159E-5        1.006713           0.800133E-5        1.006031
        3.978000           0.992218E-5        1.006713           0.800176E-5        1.006031
        3.980000           0.992277E-5        1.006713           0.800219E-5        1.006031
        3.982000           0.992336E-5        1.006714           0.800261E-5        1.006031
        3.984000           0.992394E-5        1.006714           0.800304E-5        1.006031
        3.986000           0.992453E-5        1.006714           0.800346E-5        1.006032
        3.988000           0.992512E-5        1.006714           0.800389E-5        1.006032
        3.990000           0.992571E-5        1.006714           0.800432E-5        1.006032
        3.992000           0.992630E-5        1.006714           0.800474E-5        1.006032
        3.994000           0.992689E-5        1.006715           0.800517E-5        1.006032
        3.996000           0.992748E-5        1.006715           0.800560E-5        1.006032
        3.998000           0.992807E-5        1.006715           0.800602E-5        1.006032
        4.000000           0.992866E-5        1.006715           0.800645E-5        1.006033
        4.002000           0.992925E-5        1.006715           0.800687E-5        1.006033
        4.004000           0.992984E-5        1.006716           0.800730E-5        1.006033
        4.006000           0.993043E-5        1.006716           0.800773E-5        1.006033
        4.008000           0.993102E-5        1.006716           0.800815E-5        1.006033
        4.010000           0.993161E-5        1.006716           0.800858E-5        1.006033
        4.012000           0.993220E-5        1.006716           0.800901E-5        1.006034
        4.013999           0.993279E-5        1.006717           0.800943E-5        1.006034
        4.016000           0.993338E-5        1.006717           0.800986E-5        1.006034
        4.018000           0.993397E-5        1.006717           0.801029E-5        1.006034
        4.020000           0.993455E-5        1.006717           0.801071E-5        1.006034
        4.022000           0.993514E-5        1.006717           0.801114E-5        1.006034
        4.024000           0.993573E-5        1.006718           0.801157E-5        1.006034
        4.026000           0.993633E-5        1.006718           0.801199E-5        1.006035
        4.028000           0.993692E-5        1.006718           0.801242E-5        1.006035
        4.030000           0.993751E-5        1.006718           0.801285E-5        1.006035
        4.032000           0.993810E-5        1.006718           0.801327E-5        1.006035
        4.033999           0.993869E-5        1.006719           0.801370E-5        1.006035
        4.036000           0.993928E-5        1.006719           0.801413E-5        1.006035
        4.038000           0.993987E-5        1.006719           0.801456E-5        1.006036
        4.040000           0.994046E-5        1.006719           0.801498E-5        1.006036
        4.042000           0.994105E-5        1.006719           0.801541E-5        1.006036
        4.044000           0.994164E-5        1.006720           0.801584E-5        1.006036
        4.046000           0.994223E-5        1.006720           0.801626E-5        1.006036
        4.048000           0.994282E-5        1.006720           0.801669E-5        1.006037
        4.050000           0.994341E-5        1.006720           0.801712E-5        1.006037
        4.052000           0.994400E-5        1.006720           0.801755E-5        1.006037
        4.053999           0.994459E-5        1.006721           0.801797E-5        1.006037
        4.056000           0.994518E-5        1.006721           0.801840E-5        1.006037
        4.058000           0.994577E-5        1.006721           0.801883E-5        1.006037
        4.060000           0.994637E-5        1.006721           0.801926E-5        1.006037
        4.062000           0.994696E-5        1.006721           0.801968E-5        1.006038
        4.064000           0.994754E-5        1.006722           0.802011E-5        1.006038
        4.066000           0.994814E-5        1.006722           0.802054E-5        1.006038
        4.068000           0.994873E-5        1.006722           0.802097E-5        1.006038
        4.070000           0.994932E-5        1.006722           0.802139E-5        1.006038
        4.072000           0.994991E-5        1.006722           0.802182E-5        1.006038
        4.073999           0.995050E-5        1.006723           0.802225E-5        1.006039
        4.076000           0.995109E-5        1.006723           0.802268E-5        1.006039
        4.078000           0.995168E-5        1.006723           0.802310E-5        1.006039
        4.080000           0.995228E-5        1.006723           0.802353E-5        1.006039
        4.082000           0.995287E-5        1.006723           0.802396E-5        1.006039
        4.084000           0.995346E-5        1.006724           0.802439E-5        1.006039
        4.085999           0.995405E-5        1.006724           0.802482E-5        1.006040
        4.087999           0.995464E-5        1.006724           0.802524E-5        1.006040
        4.090000           0.995524E-5        1.006724           0.802567E-5        1.006040
        4.092000           0.995583E-5        1.006724           0.802610E-5        1.006040
        4.094000           0.995642E-5        1.006725           0.802653E-5        1.006040
        4.096000           0.995701E-5        1.006725           0.802696E-5        1.006040
        4.098000           0.995760E-5        1.006725           0.802738E-5        1.006040
        4.100000           0.995819E-5        1.006725           0.802781E-5        1.006041
        4.102000           0.995879E-5        1.006725           0.802824E-5        1.006041
        4.104000           0.995938E-5        1.006726           0.802867E-5        1.006041
        4.105999           0.995997E-5        1.006726           0.802910E-5        1.006041
        4.107999           0.996056E-5        1.006726           0.802952E-5        1.006041
        4.110000           0.996116E-5        1.006726           0.802995E-5        1.006041
        4.112000           0.996175E-5        1.006726           0.803038E-5        1.006042
        4.114000           0.996234E-5        1.006727           0.803081E-5        1.006042
        4.116000           0.996293E-5        1.006727           0.803124E-5        1.006042
        4.118000           0.996353E-5        1.006727           0.803167E-5        1.006042
        4.120000           0.996412E-5        1.006727           0.803210E-5        1.006042
        4.122000           0.996471E-5        1.006727           0.803252E-5        1.006042
        4.124000           0.996530E-5        1.006728           0.803295E-5        1.006043
        4.125999           0.996590E-5        1.006728           0.803338E-5        1.006043
        4.128000           0.996649E-5        1.006728           0.803381E-5        1.006043
        4.130000           0.996708E-5        1.006728           0.803424E-5        1.006043
        4.131999           0.996767E-5        1.006728           0.803467E-5        1.006043
        4.134000           0.996827E-5        1.006729           0.803510E-5        1.006043
        4.136000           0.996886E-5        1.006729           0.803552E-5        1.006044
        4.138000           0.996945E-5        1.006729           0.803595E-5        1.006044
        4.140000           0.997005E-5        1.006729           0.803638E-5        1.006044
        4.142000           0.997064E-5        1.006729           0.803681E-5        1.006044
        4.144000           0.997123E-5        1.006730           0.803724E-5        1.006044
        4.145999           0.997182E-5        1.006730           0.803767E-5        1.006044
        4.148000           0.997242E-5        1.006730           0.803810E-5        1.006045
        4.150000           0.997301E-5        1.006730           0.803853E-5        1.006045
        4.151999           0.997361E-5        1.006730           0.803895E-5        1.006045
        4.154000           0.997420E-5        1.006731           0.803938E-5        1.006045
        4.156000           0.997479E-5        1.006731           0.803981E-5        1.006045
        4.158000           0.997539E-5        1.006731           0.804024E-5        1.006045
        4.160000           0.997598E-5        1.006731           0.804067E-5        1.006045
        4.162000           0.997657E-5        1.006731           0.804110E-5        1.006046
        4.164000           0.997717E-5        1.006732           0.804153E-5        1.006046
        4.165999           0.997776E-5        1.006732           0.804196E-5        1.006046
        4.168000           0.997835E-5        1.006732           0.804239E-5        1.006046
        4.170000           0.997895E-5        1.006732           0.804282E-5        1.006046
        4.172000           0.997954E-5        1.006732           0.804325E-5        1.006046
        4.174000           0.998014E-5        1.006733           0.804368E-5        1.006047
        4.176000           0.998073E-5        1.006733           0.804411E-5        1.006047
        4.178000           0.998133E-5        1.006733           0.804454E-5        1.006047
        4.180000           0.998192E-5        1.006733           0.804496E-5        1.006047
        4.182000           0.998251E-5        1.006733           0.804539E-5        1.006047
        4.184000           0.998311E-5        1.006734           0.804582E-5        1.006047
        4.185999           0.998370E-5        1.006734           0.804625E-5        1.006047
        4.188000           0.998430E-5        1.006734           0.804668E-5        1.006048
        4.190000           0.998489E-5        1.006734           0.804711E-5        1.006048
        4.192000           0.998549E-5        1.006734           0.804754E-5        1.006048
        4.194000           0.998608E-5        1.006735           0.804797E-5        1.006048
        4.196000           0.998667E-5        1.006735           0.804840E-5        1.006048
        4.198000           0.998727E-5        1.006735           0.804883E-5        1.006049
        4.199999           0.998786E-5        1.006735           0.804926E-5        1.006049
        4.202000           0.998846E-5        1.006735           0.804969E-5        1.006049
        4.204000           0.998905E-5        1.006736           0.805012E-5        1.006049
        4.206000           0.998965E-5        1.006736           0.805055E-5        1.006049
        4.208000           0.999024E-5        1.006736           0.805098E-5        1.006049
        4.210000           0.999084E-5        1.006736           0.805141E-5        1.006050
        4.212000           0.999143E-5        1.006736           0.805184E-5        1.006050
        4.214000           0.999203E-5        1.006737           0.805227E-5        1.006050
        4.216000           0.999262E-5        1.006737           0.805270E-5        1.006050
        4.217999           0.999322E-5        1.006737           0.805313E-5        1.006050
        4.219999           0.999381E-5        1.006737           0.805356E-5        1.006050
        4.222000           0.999441E-5        1.006737           0.805399E-5        1.006050
        4.224000           0.999500E-5        1.006738           0.805442E-5        1.006051
        4.226000           0.999560E-5        1.006738           0.805485E-5        1.006051
        4.228000           0.999619E-5        1.006738           0.805528E-5        1.006051
        4.230000           0.999679E-5        1.006738           0.805571E-5        1.006051
        4.232000           0.999738E-5        1.006738           0.805614E-5        1.006051
        4.234000           0.999798E-5        1.006739           0.805658E-5        1.006051
        4.236000           0.999858E-5        1.006739           0.805701E-5        1.006052
        4.237999           0.999917E-5        1.006739           0.805743E-5        1.006052
        4.240000           0.999977E-5        1.006739           0.805786E-5        1.006052
        4.242000           0.100004E-4        1.006739           0.805830E-5        1.006052
        4.243999           0.100010E-4        1.006740           0.805873E-5        1.006052
        4.246000           0.100016E-4        1.006740           0.805916E-5        1.006052
        4.248000           0.100021E-4        1.006740           0.805959E-5        1.006052
        4.250000           0.100027E-4        1.006740           0.806002E-5        1.006053
        4.252000           0.100033E-4        1.006740           0.806045E-5        1.006053
        4.254000           0.100039E-4        1.006741           0.806088E-5        1.006053
        4.256000           0.100045E-4        1.006741           0.806131E-5        1.006053
        4.257999           0.100051E-4        1.006741           0.806174E-5        1.006053
        4.260000           0.100057E-4        1.006741           0.806217E-5        1.006053
        4.262000           0.100063E-4        1.006741           0.806260E-5        1.006054
        4.263999           0.100069E-4        1.006742           0.806304E-5        1.006054
        4.266000           0.100075E-4        1.006742           0.806347E-5        1.006054
        4.268000           0.100081E-4        1.006742           0.806390E-5        1.006054
        4.270000           0.100087E-4        1.006742           0.806433E-5        1.006054
        4.272000           0.100093E-4        1.006742           0.806476E-5        1.006055
        4.274000           0.100099E-4        1.006743           0.806519E-5        1.006055
        4.276000           0.100105E-4        1.006743           0.806562E-5        1.006055
        4.277999           0.100111E-4        1.006743           0.806605E-5        1.006055
        4.280000           0.100117E-4        1.006743           0.806648E-5        1.006055
        4.282000           0.100123E-4        1.006743           0.806692E-5        1.006055
        4.284000           0.100129E-4        1.006744           0.806735E-5        1.006055
        4.286000           0.100135E-4        1.006744           0.806778E-5        1.006056
        4.288000           0.100141E-4        1.006744           0.806821E-5        1.006056
        4.290000           0.100147E-4        1.006744           0.806864E-5        1.006056
        4.292000           0.100153E-4        1.006744           0.806907E-5        1.006056
        4.294000           0.100159E-4        1.006745           0.806950E-5        1.006056
        4.296000           0.100165E-4        1.006745           0.806993E-5        1.006056
        4.297999           0.100171E-4        1.006745           0.807037E-5        1.006057
        4.300000           0.100177E-4        1.006745           0.807080E-5        1.006057
        4.302000           0.100183E-4        1.006745           0.807123E-5        1.006057
        4.304000           0.100189E-4        1.006746           0.807166E-5        1.006057
        4.306000           0.100195E-4        1.006746           0.807209E-5        1.006057
        4.308000           0.100201E-4        1.006746           0.807252E-5        1.006057
        4.310000           0.100207E-4        1.006746           0.807296E-5        1.006058
        4.311999           0.100212E-4        1.006746           0.807339E-5        1.006058
        4.314000           0.100218E-4        1.006747           0.807382E-5        1.006058
        4.316000           0.100224E-4        1.006747           0.807425E-5        1.006058
        4.318000           0.100230E-4        1.006747           0.807468E-5        1.006058
        4.320000           0.100236E-4        1.006747           0.807512E-5        1.006058
        4.322000           0.100242E-4        1.006747           0.807555E-5        1.006058
        4.324000           0.100248E-4        1.006748           0.807598E-5        1.006059
        4.326000           0.100254E-4        1.006748           0.807641E-5        1.006059
        4.328000           0.100260E-4        1.006748           0.807684E-5        1.006059
        4.329999           0.100266E-4        1.006748           0.807728E-5        1.006059
        4.331999           0.100272E-4        1.006748           0.807771E-5        1.006059
        4.334000           0.100278E-4        1.006749           0.807814E-5        1.006060
        4.335999           0.100284E-4        1.006749           0.807857E-5        1.006060
        4.338000           0.100290E-4        1.006749           0.807901E-5        1.006060
        4.340000           0.100296E-4        1.006749           0.807944E-5        1.006060
        4.342000           0.100302E-4        1.006749           0.807987E-5        1.006060
        4.344000           0.100308E-4        1.006750           0.808030E-5        1.006060
        4.346000           0.100314E-4        1.006750           0.808073E-5        1.006060
        4.348000           0.100320E-4        1.006750           0.808117E-5        1.006061
        4.349999           0.100326E-4        1.006750           0.808160E-5        1.006061
        4.352000           0.100332E-4        1.006750           0.808203E-5        1.006061
        4.354000           0.100338E-4        1.006751           0.808246E-5        1.006061
        4.355999           0.100344E-4        1.006751           0.808290E-5        1.006061
        4.358000           0.100350E-4        1.006751           0.808333E-5        1.006061
        4.360000           0.100356E-4        1.006751           0.808376E-5        1.006062
        4.362000           0.100362E-4        1.006751           0.808419E-5        1.006062
        4.364000           0.100368E-4        1.006752           0.808463E-5        1.006062
        4.366000           0.100374E-4        1.006752           0.808506E-5        1.006062
        4.368000           0.100380E-4        1.006752           0.808549E-5        1.006062
        4.369999           0.100386E-4        1.006752           0.808592E-5        1.006062
        4.372000           0.100392E-4        1.006752           0.808636E-5        1.006063
        4.374000           0.100398E-4        1.006753           0.808679E-5        1.006063
        4.375999           0.100404E-4        1.006753           0.808722E-5        1.006063
        4.378000           0.100410E-4        1.006753           0.808766E-5        1.006063
        4.380000           0.100416E-4        1.006753           0.808809E-5        1.006063
        4.382000           0.100422E-4        1.006753           0.808852E-5        1.006063
        4.384000           0.100428E-4        1.006754           0.808895E-5        1.006063
        4.386000           0.100434E-4        1.006754           0.808939E-5        1.006064
        4.388000           0.100440E-4        1.006754           0.808982E-5        1.006064
        4.389999           0.100446E-4        1.006754           0.809025E-5        1.006064
        4.392000           0.100452E-4        1.006754           0.809069E-5        1.006064
        4.394000           0.100458E-4        1.006755           0.809112E-5        1.006064
        4.396000           0.100464E-4        1.006755           0.809156E-5        1.006065
        4.398000           0.100470E-4        1.006755           0.809199E-5        1.006065
        4.400000           0.100476E-4        1.006755           0.809242E-5        1.006065
        4.402000           0.100482E-4        1.006755           0.809285E-5        1.006065
        4.404000           0.100488E-4        1.006756           0.809329E-5        1.006065
        4.406000           0.100494E-4        1.006756           0.809372E-5        1.006065
        4.408000           0.100500E-4        1.006756           0.809416E-5        1.006065
        4.409999           0.100506E-4        1.006756           0.809459E-5        1.006066
        4.412000           0.100512E-4        1.006756           0.809502E-5        1.006066
        4.414000           0.100518E-4        1.006757           0.809545E-5        1.006066
        4.416000           0.100524E-4        1.006757           0.809589E-5        1.006066
        4.418000           0.100530E-4        1.006757           0.809632E-5        1.006066
        4.420000           0.100536E-4        1.006757           0.809675E-5        1.006066
        4.422000           0.100542E-4        1.006757           0.809719E-5        1.006067
        4.423999           0.100548E-4        1.006758           0.809762E-5        1.006067
        4.426000           0.100554E-4        1.006758           0.809806E-5        1.006067
        4.427999           0.100560E-4        1.006758           0.809849E-5        1.006067
        4.430000           0.100566E-4        1.006758           0.809893E-5        1.006067
        4.432000           0.100572E-4        1.006758           0.809936E-5        1.006067
        4.434000           0.100578E-4        1.006759           0.809979E-5        1.006068
        4.436000           0.100584E-4        1.006759           0.810023E-5        1.006068
        4.438000           0.100590E-4        1.006759           0.810066E-5        1.006068
        4.440000           0.100596E-4        1.006759           0.810109E-5        1.006068
        4.441999           0.100602E-4        1.006759           0.810153E-5        1.006068
        4.443999           0.100608E-4        1.006760           0.810196E-5        1.006068
        4.446000           0.100614E-4        1.006760           0.810240E-5        1.006069
        4.447999           0.100620E-4        1.006760           0.810283E-5        1.006069
        4.450000           0.100626E-4        1.006760           0.810326E-5        1.006069
        4.452000           0.100632E-4        1.006760           0.810370E-5        1.006069
        4.454000           0.100638E-4        1.006761           0.810413E-5        1.006069
        4.456000           0.100644E-4        1.006761           0.810457E-5        1.006069
        4.458000           0.100650E-4        1.006761           0.810500E-5        1.006070
        4.460000           0.100656E-4        1.006761           0.810544E-5        1.006070
        4.461999           0.100662E-4        1.006761           0.810587E-5        1.006070
        4.464000           0.100668E-4        1.006762           0.810631E-5        1.006070
        4.466000           0.100674E-4        1.006762           0.810674E-5        1.006070
        4.467999           0.100680E-4        1.006762           0.810717E-5        1.006070
        4.470000           0.100686E-4        1.006762           0.810761E-5        1.006070
        4.472000           0.100692E-4        1.006763           0.810804E-5        1.006071
        4.474000           0.100698E-4        1.006763           0.810848E-5        1.006071
        4.476000           0.100704E-4        1.006763           0.810891E-5        1.006071
        4.478000           0.100710E-4        1.006763           0.810935E-5        1.006071
        4.480000           0.100716E-4        1.006763           0.810978E-5        1.006071
        4.481999           0.100722E-4        1.006763           0.811022E-5        1.006071
        4.484000           0.100728E-4        1.006764           0.811065E-5        1.006072
        4.486000           0.100735E-4        1.006764           0.811109E-5        1.006072
        4.487999           0.100741E-4        1.006764           0.811152E-5        1.006072
        4.490000           0.100747E-4        1.006764           0.811196E-5        1.006072
        4.492000           0.100753E-4        1.006764           0.811239E-5        1.006072
        4.494000           0.100759E-4        1.006765           0.811282E-5        1.006072
        4.496000           0.100765E-4        1.006765           0.811326E-5        1.006073
        4.498000           0.100771E-4        1.006765           0.811370E-5        1.006073
        4.500000           0.100777E-4        1.006765           0.811413E-5        1.006073
        4.501999           0.100783E-4        1.006765           0.811457E-5        1.006073
        4.504000           0.100789E-4        1.006766           0.811500E-5        1.006073
        4.506000           0.100795E-4        1.006766           0.811544E-5        1.006073
        4.508000           0.100801E-4        1.006766           0.811587E-5        1.006074
        4.510000           0.100807E-4        1.006766           0.811631E-5        1.006074
        4.512000           0.100813E-4        1.006766           0.811674E-5        1.006074
        4.514000           0.100819E-4        1.006767           0.811718E-5        1.006074
        4.516000           0.100825E-4        1.006767           0.811761E-5        1.006074
        4.518000           0.100831E-4        1.006767           0.811805E-5        1.006074
        4.520000           0.100837E-4        1.006767           0.811848E-5        1.006075
        4.521999           0.100843E-4        1.006768           0.811892E-5        1.006075
        4.524000           0.100849E-4        1.006768           0.811935E-5        1.006075
        4.526000           0.100855E-4        1.006768           0.811979E-5        1.006075
        4.528000           0.100861E-4        1.006768           0.812023E-5        1.006075
        4.530000           0.100867E-4        1.006768           0.812066E-5        1.006075
        4.532000           0.100873E-4        1.006768           0.812110E-5        1.006076
        4.534000           0.100879E-4        1.006769           0.812153E-5        1.006076
        4.535999           0.100885E-4        1.006769           0.812197E-5        1.006076
        4.538000           0.100891E-4        1.006769           0.812240E-5        1.006076
        4.539999           0.100897E-4        1.006769           0.812284E-5        1.006076
        4.542000           0.100903E-4        1.006770           0.812328E-5        1.006076
        4.544000           0.100909E-4        1.006770           0.812371E-5        1.006076
        4.546000           0.100915E-4        1.006770           0.812415E-5        1.006077
        4.548000           0.100922E-4        1.006770           0.812458E-5        1.006077
        4.550000           0.100928E-4        1.006770           0.812502E-5        1.006077
        4.552000           0.100934E-4        1.006770           0.812545E-5        1.006077
        4.553999           0.100940E-4        1.006771           0.812589E-5        1.006077
        4.555999           0.100946E-4        1.006771           0.812633E-5        1.006077
        4.558000           0.100952E-4        1.006771           0.812676E-5        1.006078
        4.559999           0.100958E-4        1.006771           0.812720E-5        1.006078
        4.562000           0.100964E-4        1.006772           0.812763E-5        1.006078
        4.564000           0.100970E-4        1.006772           0.812807E-5        1.006078
        4.566000           0.100976E-4        1.006772           0.812851E-5        1.006078
        4.568000           0.100982E-4        1.006772           0.812894E-5        1.006078
        4.570000           0.100988E-4        1.006772           0.812938E-5        1.006079
        4.572000           0.100994E-4        1.006773           0.812982E-5        1.006079
        4.573999           0.101000E-4        1.006773           0.813025E-5        1.006079
        4.576000           0.101006E-4        1.006773           0.813069E-5        1.006079
        4.578000           0.101012E-4        1.006773           0.813113E-5        1.006079
        4.579999           0.101018E-4        1.006773           0.813156E-5        1.006079
        4.582000           0.101024E-4        1.006774           0.813200E-5        1.006080
        4.584000           0.101030E-4        1.006774           0.813244E-5        1.006080
        4.586000           0.101036E-4        1.006774           0.813287E-5        1.006080
        4.588000           0.101042E-4        1.006774           0.813331E-5        1.006080
        4.590000           0.101049E-4        1.006774           0.813375E-5        1.006080
        4.592000           0.101055E-4        1.006775           0.813418E-5        1.006080
        4.593999           0.101061E-4        1.006775           0.813462E-5        1.006081
        4.596000           0.101067E-4        1.006775           0.813506E-5        1.006081
        4.598000           0.101073E-4        1.006775           0.813549E-5        1.006081
        4.599999           0.101079E-4        1.006775           0.813593E-5        1.006081
        4.602000           0.101085E-4        1.006776           0.813637E-5        1.006081
        4.604000           0.101091E-4        1.006776           0.813680E-5        1.006081
        4.606000           0.101097E-4        1.006776           0.813724E-5        1.006082
        4.608000           0.101103E-4        1.006776           0.813768E-5        1.006082
        4.610000           0.101109E-4        1.006776           0.813811E-5        1.006082
        4.612000           0.101115E-4        1.006777           0.813855E-5        1.006082
        4.613999           0.101121E-4        1.006777           0.813899E-5        1.006082
        4.616000           0.101127E-4        1.006777           0.813942E-5        1.006082
        4.618000           0.101133E-4        1.006777           0.813986E-5        1.006083
        4.620000           0.101139E-4        1.006777           0.814030E-5        1.006083
        4.622000           0.101145E-4        1.006778           0.814074E-5        1.006083
        4.624000           0.101151E-4        1.006778           0.814117E-5        1.006083
        4.626000           0.101158E-4        1.006778           0.814161E-5        1.006083
        4.628000           0.101164E-4        1.006778           0.814205E-5        1.006083
        4.630000           0.101170E-4        1.006778           0.814249E-5        1.006083
        4.631999           0.101176E-4        1.006779           0.814292E-5        1.006084
        4.633999           0.101182E-4        1.006779           0.814336E-5        1.006084
        4.636000           0.101188E-4        1.006779           0.814380E-5        1.006084
        4.638000           0.101194E-4        1.006779           0.814424E-5        1.006084
        4.640000           0.101200E-4        1.006779           0.814467E-5        1.006084
        4.642000           0.101206E-4        1.006780           0.814511E-5        1.006084
        4.644000           0.101212E-4        1.006780           0.814555E-5        1.006085
        4.646000           0.101218E-4        1.006780           0.814598E-5        1.006085
        4.648000           0.101224E-4        1.006780           0.814642E-5        1.006085
        4.650000           0.101230E-4        1.006780           0.814686E-5        1.006085
        4.651999           0.101236E-4        1.006781           0.814730E-5        1.006085
        4.654000           0.101242E-4        1.006781           0.814774E-5        1.006085
        4.656000           0.101249E-4        1.006781           0.814817E-5        1.006086
        4.658000           0.101255E-4        1.006781           0.814861E-5        1.006086
        4.660000           0.101261E-4        1.006781           0.814905E-5        1.006086
        4.662000           0.101267E-4        1.006782           0.814949E-5        1.006086
        4.664000           0.101273E-4        1.006782           0.814993E-5        1.006086
        4.665999           0.101279E-4        1.006782           0.815036E-5        1.006086
        4.667999           0.101285E-4        1.006782           0.815080E-5        1.006087
        4.670000           0.101291E-4        1.006782           0.815124E-5        1.006087
        4.671999           0.101297E-4        1.006783           0.815168E-5        1.006087
        4.674000           0.101303E-4        1.006783           0.815212E-5        1.006087
        4.676000           0.101309E-4        1.006783           0.815255E-5        1.006087
        4.677999           0.101315E-4        1.006783           0.815299E-5        1.006087
        4.680000           0.101321E-4        1.006783           0.815343E-5        1.006088
        4.682000           0.101327E-4        1.006784           0.815387E-5        1.006088
        4.684000           0.101334E-4        1.006784           0.815431E-5        1.006088
        4.685999           0.101340E-4        1.006784           0.815475E-5        1.006088
        4.688000           0.101346E-4        1.006784           0.815518E-5        1.006088
        4.690000           0.101352E-4        1.006784           0.815562E-5        1.006088
        4.691999           0.101358E-4        1.006785           0.815606E-5        1.006088
        4.694000           0.101364E-4        1.006785           0.815650E-5        1.006089
        4.696000           0.101370E-4        1.006785           0.815694E-5        1.006089
        4.698000           0.101376E-4        1.006785           0.815738E-5        1.006089
        4.700000           0.101382E-4        1.006786           0.815782E-5        1.006089
        4.702000           0.101388E-4        1.006786           0.815825E-5        1.006089
        4.704000           0.101394E-4        1.006786           0.815869E-5        1.006090
        4.705999           0.101400E-4        1.006786           0.815913E-5        1.006090
        4.708000           0.101407E-4        1.006786           0.815957E-5        1.006090
        4.710000           0.101413E-4        1.006786           0.816001E-5        1.006090
        4.711999           0.101419E-4        1.006787           0.816045E-5        1.006090
        4.714000           0.101425E-4        1.006787           0.816089E-5        1.006090
        4.716000           0.101431E-4        1.006787           0.816133E-5        1.006091
        4.718000           0.101437E-4        1.006787           0.816176E-5        1.006091
        4.720000           0.101443E-4        1.006788           0.816220E-5        1.006091
        4.722000           0.101449E-4        1.006788           0.816264E-5        1.006091
        4.724000           0.101455E-4        1.006788           0.816308E-5        1.006091
        4.725999           0.101461E-4        1.006788           0.816352E-5        1.006091
        4.728000           0.101467E-4        1.006788           0.816396E-5        1.006091
        4.730000           0.101473E-4        1.006788           0.816440E-5        1.006092
        4.732000           0.101480E-4        1.006789           0.816484E-5        1.006092
        4.734000           0.101486E-4        1.006789           0.816528E-5        1.006092
        4.736000           0.101492E-4        1.006789           0.816572E-5        1.006092
        4.738000           0.101498E-4        1.006789           0.816616E-5        1.006092
        4.740000           0.101504E-4        1.006790           0.816659E-5        1.006092
        4.742000           0.101510E-4        1.006790           0.816703E-5        1.006093
        4.743999           0.101516E-4        1.006790           0.816747E-5        1.006093
        4.745999           0.101522E-4        1.006790           0.816791E-5        1.006093
        4.748000           0.101528E-4        1.006790           0.816835E-5        1.006093
        4.750000           0.101534E-4        1.006791           0.816879E-5        1.006093
        4.752000           0.101541E-4        1.006791           0.816923E-5        1.006093
        4.754000           0.101547E-4        1.006791           0.816967E-5        1.006094
        4.756000           0.101553E-4        1.006791           0.817011E-5        1.006094
        4.758000           0.101559E-4        1.006791           0.817055E-5        1.006094
        4.760000           0.101565E-4        1.006792           0.817099E-5        1.006094
        4.762000           0.101571E-4        1.006792           0.817143E-5        1.006094
        4.763999           0.101577E-4        1.006792           0.817187E-5        1.006094
        4.766000           0.101583E-4        1.006792           0.817231E-5        1.006095
        4.768000           0.101589E-4        1.006792           0.817275E-5        1.006095
        4.770000           0.101595E-4        1.006793           0.817319E-5        1.006095
        4.772000           0.101602E-4        1.006793           0.817363E-5        1.006095
        4.774000           0.101608E-4        1.006793           0.817407E-5        1.006095
        4.776000           0.101614E-4        1.006793           0.817451E-5        1.006095
        4.778000           0.101620E-4        1.006793           0.817495E-5        1.006096
        4.779999           0.101626E-4        1.006794           0.817539E-5        1.006096
        4.782000           0.101632E-4        1.006794           0.817583E-5        1.006096
        4.783999           0.101638E-4        1.006794           0.817627E-5        1.006096
        4.786000           0.101644E-4        1.006794           0.817671E-5        1.006096
        4.788000           0.101650E-4        1.006794           0.817715E-5        1.006096
        4.789999           0.101656E-4        1.006795           0.817759E-5        1.006096
        4.792000           0.101663E-4        1.006795           0.817803E-5        1.006097
        4.794000           0.101669E-4        1.006795           0.817847E-5        1.006097
        4.796000           0.101675E-4        1.006795           0.817891E-5        1.006097
        4.797999           0.101681E-4        1.006795           0.817935E-5        1.006097
        4.800000           0.101687E-4        1.006796           0.817979E-5        1.006097
        4.802000           0.101693E-4        1.006796           0.818023E-5        1.006098
        4.803999           0.101699E-4        1.006796           0.818067E-5        1.006098
        4.806000           0.101705E-4        1.006796           0.818111E-5        1.006098
        4.808000           0.101711E-4        1.006796           0.818155E-5        1.006098
        4.810000           0.101718E-4        1.006797           0.818199E-5        1.006098
        4.812000           0.101724E-4        1.006797           0.818243E-5        1.006098
        4.814000           0.101730E-4        1.006797           0.818287E-5        1.006099
        4.816000           0.101736E-4        1.006797           0.818332E-5        1.006099
        4.817999           0.101742E-4        1.006797           0.818376E-5        1.006099
        4.820000           0.101748E-4        1.006798           0.818419E-5        1.006099
        4.822000           0.101754E-4        1.006798           0.818464E-5        1.006099
        4.823999           0.101760E-4        1.006798           0.818508E-5        1.006099
        4.826000           0.101766E-4        1.006798           0.818552E-5        1.006099
        4.828000           0.101773E-4        1.006799           0.818596E-5        1.006100
        4.830000           0.101779E-4        1.006799           0.818640E-5        1.006100
        4.832000           0.101785E-4        1.006799           0.818684E-5        1.006100
        4.834000           0.101791E-4        1.006799           0.818728E-5        1.006100
        4.835999           0.101797E-4        1.006799           0.818772E-5        1.006100
        4.837999           0.101803E-4        1.006799           0.818816E-5        1.006100
        4.840000           0.101809E-4        1.006800           0.818861E-5        1.006101
        4.842000           0.101815E-4        1.006800           0.818905E-5        1.006101
        4.844000           0.101822E-4        1.006800           0.818949E-5        1.006101
        4.846000           0.101828E-4        1.006800           0.818993E-5        1.006101
        4.848000           0.101834E-4        1.006801           0.819037E-5        1.006101
        4.850000           0.101840E-4        1.006801           0.819081E-5        1.006101
        4.852000           0.101846E-4        1.006801           0.819125E-5        1.006102
        4.854000           0.101852E-4        1.006801           0.819169E-5        1.006102
        4.855999           0.101858E-4        1.006801           0.819213E-5        1.006102
        4.857999           0.101864E-4        1.006801           0.819258E-5        1.006102
        4.860000           0.101871E-4        1.006802           0.819302E-5        1.006102
        4.862000           0.101877E-4        1.006802           0.819346E-5        1.006102
        4.864000           0.101883E-4        1.006802           0.819390E-5        1.006103
        4.866000           0.101889E-4        1.006802           0.819434E-5        1.006103
        4.868000           0.101895E-4        1.006803           0.819478E-5        1.006103
        4.870000           0.101901E-4        1.006803           0.819523E-5        1.006103
        4.872000           0.101907E-4        1.006803           0.819567E-5        1.006103
        4.874000           0.101913E-4        1.006803           0.819611E-5        1.006103
        4.875999           0.101920E-4        1.006803           0.819655E-5        1.006104
        4.878000           0.101926E-4        1.006804           0.819699E-5        1.006104
        4.880000           0.101932E-4        1.006804           0.819744E-5        1.006104
        4.881999           0.101938E-4        1.006804           0.819788E-5        1.006104
        4.884000           0.101944E-4        1.006804           0.819832E-5        1.006104
        4.886000           0.101950E-4        1.006804           0.819876E-5        1.006104
        4.888000           0.101956E-4        1.006805           0.819920E-5        1.006105
        4.890000           0.101962E-4        1.006805           0.819964E-5        1.006105
        4.891999           0.101969E-4        1.006805           0.820009E-5        1.006105
        4.894000           0.101975E-4        1.006805           0.820053E-5        1.006105
        4.895999           0.101981E-4        1.006805           0.820097E-5        1.006105
        4.898000           0.101987E-4        1.006806           0.820141E-5        1.006105
        4.900000           0.101993E-4        1.006806           0.820185E-5        1.006106
        4.901999           0.101999E-4        1.006806           0.820230E-5        1.006106
        4.904000           0.102005E-4        1.006806           0.820274E-5        1.006106
        4.906000           0.102012E-4        1.006806           0.820318E-5        1.006106
        4.908000           0.102018E-4        1.006807           0.820362E-5        1.006106
        4.909999           0.102024E-4        1.006807           0.820407E-5        1.006106
        4.912000           0.102030E-4        1.006807           0.820451E-5        1.006106
        4.914000           0.102036E-4        1.006807           0.820495E-5        1.006107
        4.915999           0.102042E-4        1.006807           0.820539E-5        1.006107
        4.918000           0.102048E-4        1.006808           0.820584E-5        1.006107
        4.920000           0.102055E-4        1.006808           0.820628E-5        1.006107
        4.922000           0.102061E-4        1.006808           0.820672E-5        1.006107
        4.924000           0.102067E-4        1.006808           0.820717E-5        1.006108
        4.926000           0.102073E-4        1.006809           0.820761E-5        1.006108
        4.927999           0.102079E-4        1.006809           0.820805E-5        1.006108
        4.929999           0.102085E-4        1.006809           0.820849E-5        1.006108
        4.932000           0.102091E-4        1.006809           0.820893E-5        1.006108
        4.934000           0.102098E-4        1.006809           0.820938E-5        1.006108
        4.935999           0.102104E-4        1.006809           0.820982E-5        1.006109
        4.938000           0.102110E-4        1.006810           0.821026E-5        1.006109
        4.940000           0.102116E-4        1.006810           0.821071E-5        1.006109
        4.942000           0.102122E-4        1.006810           0.821115E-5        1.006109
        4.944000           0.102128E-4        1.006810           0.821159E-5        1.006109
        4.946000           0.102134E-4        1.006811           0.821204E-5        1.006109
        4.947999           0.102141E-4        1.006811           0.821248E-5        1.006109
        4.949999           0.102147E-4        1.006811           0.821292E-5        1.006110
        4.952000           0.102153E-4        1.006811           0.821336E-5        1.006110
        4.954000           0.102159E-4        1.006811           0.821381E-5        1.006110
        4.956000           0.102165E-4        1.006811           0.821425E-5        1.006110
        4.958000           0.102171E-4        1.006812           0.821469E-5        1.006110
        4.960000           0.102178E-4        1.006812           0.821514E-5        1.006110
        4.962000           0.102184E-4        1.006812           0.821558E-5        1.006111
        4.964000           0.102190E-4        1.006812           0.821602E-5        1.006111
        4.966000           0.102196E-4        1.006813           0.821647E-5        1.006111
        4.967999           0.102202E-4        1.006813           0.821691E-5        1.006111
        4.969999           0.102208E-4        1.006813           0.821735E-5        1.006111
        4.972000           0.102214E-4        1.006813           0.821780E-5        1.006112
        4.974000           0.102221E-4        1.006813           0.821824E-5        1.006112
        4.976000           0.102227E-4        1.006814           0.821869E-5        1.006112
        4.978000           0.102233E-4        1.006814           0.821913E-5        1.006112
        4.980000           0.102239E-4        1.006814           0.821957E-5        1.006112
        4.982000           0.102245E-4        1.006814           0.822002E-5        1.006112
        4.984000           0.102251E-4        1.006814           0.822046E-5        1.006112
        4.986000           0.102258E-4        1.006815           0.822090E-5        1.006113
        4.987999           0.102264E-4        1.006815           0.822135E-5        1.006113
        4.990000           0.102270E-4        1.006815           0.822179E-5        1.006113
        4.992000           0.102276E-4        1.006815           0.822223E-5        1.006113
        4.993999           0.102282E-4        1.006815           0.822268E-5        1.006113
        4.996000           0.102288E-4        1.006816           0.822312E-5        1.006113
        4.998000           0.102295E-4        1.006816           0.822357E-5        1.006114
        5.000000           0.102301E-4        1.006816           0.822401E-5        1.006114
        5.002000           0.102307E-4        1.006816           0.822445E-5        1.006114
        5.003999           0.102313E-4        1.006816           0.822490E-5        1.006114
        5.006000           0.102319E-4        1.006817           0.822534E-5        1.006114
        5.007999           0.102325E-4        1.006817           0.822579E-5        1.006114
        5.010000           0.102332E-4        1.006817           0.822623E-5        1.006115
        5.012000           0.102338E-4        1.006817           0.822667E-5        1.006115
        5.013999           0.102344E-4        1.006817           0.822712E-5        1.006115
        5.016000           0.102350E-4        1.006818           0.822756E-5        1.006115
        5.018000           0.102356E-4        1.006818           0.822801E-5        1.006115
        5.020000           0.102362E-4        1.006818           0.822845E-5        1.006115
        5.021999           0.102369E-4        1.006818           0.822890E-5        1.006116
        5.024000           0.102375E-4        1.006819           0.822934E-5        1.006116
        5.026000           0.102381E-4        1.006819           0.822978E-5        1.006116
        5.027999           0.102387E-4        1.006819           0.823023E-5        1.006116
        5.030000           0.102393E-4        1.006819           0.823067E-5        1.006116
        5.032000           0.102399E-4        1.006819           0.823112E-5        1.006116
        5.034000           0.102406E-4        1.006819           0.823156E-5        1.006117
        5.036000           0.102412E-4        1.006820           0.823201E-5        1.006117
        5.038000           0.102418E-4        1.006820           0.823245E-5        1.006117
        5.039999           0.102424E-4        1.006820           0.823290E-5        1.006117
        5.041999           0.102430E-4        1.006820           0.823334E-5        1.006117
        5.044000           0.102437E-4        1.006821           0.823378E-5        1.006117
        5.046000           0.102443E-4        1.006821           0.823423E-5        1.006118
        5.047999           0.102449E-4        1.006821           0.823468E-5        1.006118
        5.050000           0.102455E-4        1.006821           0.823512E-5        1.006118
        5.052000           0.102461E-4        1.006821           0.823556E-5        1.006118
        5.054000           0.102467E-4        1.006822           0.823601E-5        1.006118
        5.056000           0.102474E-4        1.006822           0.823645E-5        1.006118
        5.058000           0.102480E-4        1.006822           0.823690E-5        1.006119
        5.059999           0.102486E-4        1.006822           0.823734E-5        1.006119
        5.061999           0.102492E-4        1.006822           0.823779E-5        1.006119
        5.064000           0.102498E-4        1.006823           0.823823E-5        1.006119
        5.066000           0.102505E-4        1.006823           0.823868E-5        1.006119
        5.068000           0.102511E-4        1.006823           0.823913E-5        1.006119
        5.070000           0.102517E-4        1.006823           0.823957E-5        1.006119
        5.072000           0.102523E-4        1.006823           0.824002E-5        1.006120
        5.074000           0.102529E-4        1.006824           0.824046E-5        1.006120
        5.076000           0.102535E-4        1.006824           0.824091E-5        1.006120
        5.078000           0.102542E-4        1.006824           0.824135E-5        1.006120
        5.079999           0.102548E-4        1.006824           0.824180E-5        1.006120
        5.081999           0.102554E-4        1.006824           0.824224E-5        1.006121
        5.084000           0.102560E-4        1.006825           0.824269E-5        1.006121
        5.085999           0.102566E-4        1.006825           0.824313E-5        1.006121
        5.088000           0.102573E-4        1.006825           0.824358E-5        1.006121
        5.090000           0.102579E-4        1.006825           0.824402E-5        1.006121
        5.092000           0.102585E-4        1.006825           0.824447E-5        1.006121
        5.094000           0.102591E-4        1.006826           0.824492E-5        1.006122
        5.096000           0.102597E-4        1.006826           0.824536E-5        1.006122
        5.098000           0.102604E-4        1.006826           0.824581E-5        1.006122
        5.099999           0.102610E-4        1.006826           0.824625E-5        1.006122
        5.102000           0.102616E-4        1.006827           0.824670E-5        1.006122
        5.104000           0.102622E-4        1.006827           0.824714E-5        1.006122
        5.105999           0.102628E-4        1.006827           0.824759E-5        1.006122
        5.108000           0.102634E-4        1.006827           0.824804E-5        1.006123
        5.110000           0.102641E-4        1.006827           0.824848E-5        1.006123
        5.112000           0.102647E-4        1.006827           0.824893E-5        1.006123
        5.114000           0.102653E-4        1.006828           0.824937E-5        1.006123
        5.115999           0.102659E-4        1.006828           0.824982E-5        1.006123
        5.118000           0.102665E-4        1.006828           0.825027E-5        1.006123
        5.119999           0.102672E-4        1.006828           0.825071E-5        1.006124
        5.122000           0.102678E-4        1.006829           0.825116E-5        1.006124
        5.124000           0.102684E-4        1.006829           0.825160E-5        1.006124
        5.125999           0.102690E-4        1.006829           0.825205E-5        1.006124
        5.128000           0.102696E-4        1.006829           0.825250E-5        1.006124
        5.130000           0.102703E-4        1.006829           0.825294E-5        1.006124
        5.132000           0.102709E-4        1.006830           0.825339E-5        1.006125
        5.133999           0.102715E-4        1.006830           0.825384E-5        1.006125
        5.136000           0.102721E-4        1.006830           0.825428E-5        1.006125
        5.138000           0.102727E-4        1.006830           0.825473E-5        1.006125
        5.139999           0.102734E-4        1.006830           0.825518E-5        1.006125
        5.142000           0.102740E-4        1.006831           0.825562E-5        1.006125
        5.144000           0.102746E-4        1.006831           0.825607E-5        1.006126
        5.146000           0.102752E-4        1.006831           0.825652E-5        1.006126
        5.148000           0.102759E-4        1.006831           0.825696E-5        1.006126
        5.150000           0.102765E-4        1.006831           0.825741E-5        1.006126
        5.151999           0.102771E-4        1.006832           0.825786E-5        1.006126
        5.153999           0.102777E-4        1.006832           0.825830E-5        1.006126
        5.156000           0.102783E-4        1.006832           0.825875E-5        1.006127
        5.158000           0.102790E-4        1.006832           0.825920E-5        1.006127
        5.159999           0.102796E-4        1.006832           0.825964E-5        1.006127
        5.162000           0.102802E-4        1.006833           0.826009E-5        1.006127
        5.164000           0.102808E-4        1.006833           0.826054E-5        1.006127
        5.166000           0.102814E-4        1.006833           0.826098E-5        1.006127
        5.168000           0.102821E-4        1.006833           0.826143E-5        1.006128
        5.170000           0.102827E-4        1.006833           0.826188E-5        1.006128
        5.171999           0.102833E-4        1.006834           0.826233E-5        1.006128
        5.173999           0.102839E-4        1.006834           0.826277E-5        1.006128
        5.176000           0.102845E-4        1.006834           0.826322E-5        1.006128
        5.177999           0.102852E-4        1.006834           0.826367E-5        1.006128
        5.180000           0.102858E-4        1.006835           0.826411E-5        1.006129
        5.182000           0.102864E-4        1.006835           0.826456E-5        1.006129
        5.184000           0.102870E-4        1.006835           0.826501E-5        1.006129
        5.186000           0.102877E-4        1.006835           0.826546E-5        1.006129
        5.188000           0.102883E-4        1.006835           0.826590E-5        1.006129
        5.190000           0.102889E-4        1.006836           0.826635E-5        1.006129
        5.191999           0.102895E-4        1.006836           0.826680E-5        1.006130
        5.193999           0.102901E-4        1.006836           0.826724E-5        1.006130
        5.196000           0.102908E-4        1.006836           0.826769E-5        1.006130
        5.197999           0.102914E-4        1.006836           0.826814E-5        1.006130
        5.200000           0.102920E-4        1.006837           0.826859E-5        1.006130
        5.202000           0.102926E-4        1.006837           0.826903E-5        1.006130
        5.204000           0.102933E-4        1.006837           0.826948E-5        1.006131
        5.206000           0.102939E-4        1.006837           0.826993E-5        1.006131
        5.208000           0.102945E-4        1.006837           0.827038E-5        1.006131
        5.210000           0.102951E-4        1.006838           0.827083E-5        1.006131
        5.211999           0.102957E-4        1.006838           0.827127E-5        1.006131
        5.214000           0.102964E-4        1.006838           0.827172E-5        1.006131
        5.216000           0.102970E-4        1.006838           0.827217E-5        1.006132
        5.217999           0.102976E-4        1.006838           0.827262E-5        1.006132
        5.220000           0.102982E-4        1.006839           0.827307E-5        1.006132
        5.222000           0.102989E-4        1.006839           0.827352E-5        1.006132
        5.224000           0.102995E-4        1.006839           0.827396E-5        1.006132
        5.226000           0.103001E-4        1.006839           0.827441E-5        1.006132
        5.228000           0.103007E-4        1.006839           0.827486E-5        1.006133
        5.230000           0.103013E-4        1.006840           0.827530E-5        1.006133
        5.231999           0.103020E-4        1.006840           0.827576E-5        1.006133
        5.234000           0.103026E-4        1.006840           0.827620E-5        1.006133
        5.236000           0.103032E-4        1.006840           0.827665E-5        1.006133
        5.237999           0.103038E-4        1.006840           0.827710E-5        1.006133
        5.240000           0.103045E-4        1.006841           0.827755E-5        1.006134
        5.242000           0.103051E-4        1.006841           0.827800E-5        1.006134
        5.244000           0.103057E-4        1.006841           0.827845E-5        1.006134
        5.245999           0.103063E-4        1.006841           0.827889E-5        1.006134
        5.248000           0.103070E-4        1.006842           0.827934E-5        1.006134
        5.250000           0.103076E-4        1.006842           0.827979E-5        1.006134
        5.251999           0.103082E-4        1.006842           0.828024E-5        1.006135
        5.254000           0.103088E-4        1.006842           0.828069E-5        1.006135
        5.256000           0.103095E-4        1.006842           0.828113E-5        1.006135
        5.258000           0.103101E-4        1.006842           0.828158E-5        1.006135
        5.260000           0.103107E-4        1.006843           0.828203E-5        1.006135
        5.262000           0.103113E-4        1.006843           0.828248E-5        1.006135
        5.263999           0.103119E-4        1.006843           0.828293E-5        1.006136
        5.265999           0.103126E-4        1.006843           0.828338E-5        1.006136
        5.268000           0.103132E-4        1.006844           0.828383E-5        1.006136
        5.270000           0.103138E-4        1.006844           0.828428E-5        1.006136
        5.271999           0.103144E-4        1.006844           0.828473E-5        1.006136
        5.274000           0.103151E-4        1.006844           0.828517E-5        1.006136
        5.276000           0.103157E-4        1.006844           0.828562E-5        1.006137
        5.278000           0.103163E-4        1.006845           0.828607E-5        1.006137
        5.280000           0.103169E-4        1.006845           0.828652E-5        1.006137
        5.282000           0.103176E-4        1.006845           0.828697E-5        1.006137
        5.283999           0.103182E-4        1.006845           0.828742E-5        1.006137
        5.285999           0.103188E-4        1.006845           0.828787E-5        1.006137
        5.288000           0.103194E-4        1.006846           0.828832E-5        1.006137
        5.289999           0.103201E-4        1.006846           0.828877E-5        1.006138
        5.292000           0.103207E-4        1.006846           0.828922E-5        1.006138
        5.294000           0.103213E-4        1.006846           0.828967E-5        1.006138
        5.296000           0.103219E-4        1.006846           0.829011E-5        1.006138
        5.298000           0.103226E-4        1.006847           0.829056E-5        1.006138
        5.300000           0.103232E-4        1.006847           0.829101E-5        1.006139
        5.302000           0.103238E-4        1.006847           0.829146E-5        1.006139
        5.303999           0.103244E-4        1.006847           0.829191E-5        1.006139
        5.305999           0.103251E-4        1.006848           0.829236E-5        1.006139
        5.308000           0.103257E-4        1.006848           0.829281E-5        1.006139
        5.309999           0.103263E-4        1.006848           0.829326E-5        1.006139
        5.312000           0.103269E-4        1.006848           0.829371E-5        1.006140
        5.314000           0.103276E-4        1.006848           0.829416E-5        1.006140
        5.316000           0.103282E-4        1.006849           0.829461E-5        1.006140
        5.318000           0.103288E-4        1.006849           0.829506E-5        1.006140
        5.320000           0.103294E-4        1.006849           0.829551E-5        1.006140
        5.322000           0.103301E-4        1.006849           0.829596E-5        1.006140
        5.323999           0.103307E-4        1.006849           0.829641E-5        1.006140
        5.326000           0.103313E-4        1.006850           0.829686E-5        1.006141
        5.328000           0.103319E-4        1.006850           0.829731E-5        1.006141
        5.329999           0.103326E-4        1.006850           0.829776E-5        1.006141
        5.332000           0.103332E-4        1.006850           0.829821E-5        1.006141
        5.334000           0.103338E-4        1.006850           0.829866E-5        1.006141
        5.336000           0.103344E-4        1.006851           0.829911E-5        1.006142
        5.338000           0.103351E-4        1.006851           0.829956E-5        1.006142
        5.340000           0.103357E-4        1.006851           0.830001E-5        1.006142
        5.342000           0.103363E-4        1.006851           0.830046E-5        1.006142
        5.343999           0.103370E-4        1.006851           0.830091E-5        1.006142
        5.346000           0.103376E-4        1.006852           0.830136E-5        1.006142
        5.348000           0.103382E-4        1.006852           0.830181E-5        1.006142
        5.349999           0.103388E-4        1.006852           0.830226E-5        1.006143
        5.352000           0.103395E-4        1.006852           0.830271E-5        1.006143
        5.354000           0.103401E-4        1.006852           0.830316E-5        1.006143
        5.356000           0.103407E-4        1.006853           0.830361E-5        1.006143
        5.358000           0.103413E-4        1.006853           0.830406E-5        1.006143
        5.360000           0.103420E-4        1.006853           0.830451E-5        1.006144
        5.362000           0.103426E-4        1.006853           0.830496E-5        1.006144
        5.363999           0.103432E-4        1.006853           0.830541E-5        1.006144
        5.366000           0.103438E-4        1.006854           0.830587E-5        1.006144
        5.368000           0.103445E-4        1.006854           0.830632E-5        1.006144
        5.370000           0.103451E-4        1.006854           0.830677E-5        1.006144
        5.372000           0.103457E-4        1.006854           0.830722E-5        1.006145
        5.374000           0.103464E-4        1.006855           0.830767E-5        1.006145
        5.375999           0.103470E-4        1.006855           0.830812E-5        1.006145
        5.377999           0.103476E-4        1.006855           0.830857E-5        1.006145
        5.380000           0.103482E-4        1.006855           0.830902E-5        1.006145
        5.381999           0.103489E-4        1.006855           0.830947E-5        1.006145
        5.383999           0.103495E-4        1.006856           0.830992E-5        1.006145
        5.386000           0.103501E-4        1.006856           0.831037E-5        1.006146
        5.388000           0.103507E-4        1.006856           0.831083E-5        1.006146
        5.390000           0.103514E-4        1.006856           0.831128E-5        1.006146
        5.392000           0.103520E-4        1.006856           0.831173E-5        1.006146
        5.394000           0.103526E-4        1.006857           0.831218E-5        1.006146
        5.395999           0.103533E-4        1.006857           0.831263E-5        1.006147
        5.397999           0.103539E-4        1.006857           0.831308E-5        1.006147
        5.400000           0.103545E-4        1.006857           0.831353E-5        1.006147
        5.401999           0.103551E-4        1.006857           0.831398E-5        1.006147
        5.404000           0.103558E-4        1.006858           0.831444E-5        1.006147
        5.406000           0.103564E-4        1.006858           0.831489E-5        1.006147
        5.408000           0.103570E-4        1.006858           0.831534E-5        1.006148
        5.410000           0.103577E-4        1.006858           0.831579E-5        1.006148
        5.412000           0.103583E-4        1.006858           0.831624E-5        1.006148
        5.414000           0.103589E-4        1.006859           0.831669E-5        1.006148
        5.415999           0.103595E-4        1.006859           0.831714E-5        1.006148
        5.417999           0.103602E-4        1.006859           0.831760E-5        1.006148
        5.420000           0.103608E-4        1.006859           0.831805E-5        1.006148
        5.421999           0.103614E-4        1.006860           0.831850E-5        1.006149
        5.424000           0.103620E-4        1.006860           0.831895E-5        1.006149
        5.426000           0.103627E-4        1.006860           0.831940E-5        1.006149
        5.427999           0.103633E-4        1.006860           0.831985E-5        1.006149
        5.430000           0.103639E-4        1.006860           0.832030E-5        1.006149
        5.432000           0.103646E-4        1.006860           0.832076E-5        1.006150
        5.434000           0.103652E-4        1.006861           0.832121E-5        1.006150
        5.435999           0.103658E-4        1.006861           0.832166E-5        1.006150
        5.438000           0.103665E-4        1.006861           0.832211E-5        1.006150
        5.440000           0.103671E-4        1.006861           0.832257E-5        1.006150
        5.441999           0.103677E-4        1.006862           0.832302E-5        1.006150
        5.444000           0.103683E-4        1.006862           0.832347E-5        1.006150
        5.446000           0.103690E-4        1.006862           0.832392E-5        1.006151
        5.448000           0.103696E-4        1.006862           0.832437E-5        1.006151
        5.450000           0.103702E-4        1.006862           0.832482E-5        1.006151
        5.452000           0.103709E-4        1.006863           0.832528E-5        1.006151
        5.454000           0.103715E-4        1.006863           0.832573E-5        1.006151
        5.455999           0.103721E-4        1.006863           0.832618E-5        1.006151
        5.458000           0.103727E-4        1.006863           0.832663E-5        1.006152
        5.460000           0.103734E-4        1.006863           0.832709E-5        1.006152
        5.461999           0.103740E-4        1.006864           0.832754E-5        1.006152
        5.464000           0.103746E-4        1.006864           0.832799E-5        1.006152
        5.466000           0.103753E-4        1.006864           0.832844E-5        1.006152
        5.468000           0.103759E-4        1.006864           0.832890E-5        1.006153
        5.470000           0.103765E-4        1.006864           0.832935E-5        1.006153
        5.472000           0.103772E-4        1.006865           0.832980E-5        1.006153
        5.474000           0.103778E-4        1.006865           0.833025E-5        1.006153
        5.475999           0.103784E-4        1.006865           0.833071E-5        1.006153
        5.478000           0.103790E-4        1.006865           0.833116E-5        1.006153
        5.480000           0.103797E-4        1.006866           0.833161E-5        1.006153
        5.482000           0.103803E-4        1.006866           0.833207E-5        1.006154
        5.484000           0.103809E-4        1.006866           0.833252E-5        1.006154
        5.486000           0.103816E-4        1.006866           0.833297E-5        1.006154
        5.488000           0.103822E-4        1.006866           0.833342E-5        1.006154
        5.489999           0.103828E-4        1.006867           0.833388E-5        1.006154
        5.492000           0.103835E-4        1.006867           0.833433E-5        1.006155
        5.493999           0.103841E-4        1.006867           0.833478E-5        1.006155
        5.495999           0.103847E-4        1.006867           0.833524E-5        1.006155
        5.498000           0.103853E-4        1.006867           0.833569E-5        1.006155
        5.500000           0.103860E-4        1.006868           0.833614E-5        1.006155
        5.502000           0.103866E-4        1.006868           0.833659E-5        1.006155
        5.504000           0.103872E-4        1.006868           0.833705E-5        1.006155
        5.506000           0.103879E-4        1.006868           0.833750E-5        1.006156
        5.507999           0.103885E-4        1.006868           0.833795E-5        1.006156
        5.509999           0.103891E-4        1.006869           0.833841E-5        1.006156
        5.512000           0.103898E-4        1.006869           0.833886E-5        1.006156
        5.513999           0.103904E-4        1.006869           0.833932E-5        1.006156
        5.516000           0.103910E-4        1.006869           0.833977E-5        1.006156
        5.518000           0.103917E-4        1.006869           0.834022E-5        1.006157
        5.520000           0.103923E-4        1.006870           0.834067E-5        1.006157
        5.522000           0.103929E-4        1.006870           0.834113E-5        1.006157
        5.524000           0.103935E-4        1.006870           0.834158E-5        1.006157
        5.526000           0.103942E-4        1.006870           0.834204E-5        1.006157
        5.527999           0.103948E-4        1.006871           0.834249E-5        1.006158
        5.529999           0.103954E-4        1.006871           0.834294E-5        1.006158
        5.532000           0.103961E-4        1.006871           0.834340E-5        1.006158
        5.533999           0.103967E-4        1.006871           0.834385E-5        1.006158
        5.536000           0.103973E-4        1.006871           0.834430E-5        1.006158
        5.538000           0.103980E-4        1.006872           0.834476E-5        1.006158
        5.539999           0.103986E-4        1.006872           0.834521E-5        1.006158
        5.542000           0.103992E-4        1.006872           0.834566E-5        1.006159
        5.544000           0.103999E-4        1.006872           0.834612E-5        1.006159
        5.546000           0.104005E-4        1.006872           0.834657E-5        1.006159
        5.547999           0.104011E-4        1.006873           0.834703E-5        1.006159
        5.550000           0.104018E-4        1.006873           0.834748E-5        1.006159
        5.552000           0.104024E-4        1.006873           0.834793E-5        1.006160
        5.553999           0.104030E-4        1.006873           0.834839E-5        1.006160
        5.556000           0.104037E-4        1.006873           0.834884E-5        1.006160
        5.558000           0.104043E-4        1.006874           0.834930E-5        1.006160
        5.560000           0.104049E-4        1.006874           0.834975E-5        1.006160
        5.562000           0.104056E-4        1.006874           0.835021E-5        1.006160
        5.564000           0.104062E-4        1.006874           0.835066E-5        1.006160
        5.566000           0.104068E-4        1.006874           0.835112E-5        1.006161
        5.567999           0.104075E-4        1.006875           0.835157E-5        1.006161
        5.570000           0.104081E-4        1.006875           0.835202E-5        1.006161
        5.572000           0.104087E-4        1.006875           0.835248E-5        1.006161
        5.573999           0.104094E-4        1.006875           0.835293E-5        1.006161
        5.576000           0.104100E-4        1.006876           0.835339E-5        1.006161
        5.578000           0.104106E-4        1.006876           0.835384E-5        1.006162
        5.580000           0.104113E-4        1.006876           0.835430E-5        1.006162
        5.582000           0.104119E-4        1.006876           0.835475E-5        1.006162
        5.584000           0.104125E-4        1.006876           0.835521E-5        1.006162
        5.585999           0.104132E-4        1.006876           0.835566E-5        1.006162
        5.587999           0.104138E-4        1.006877           0.835611E-5        1.006163
        5.590000           0.104144E-4        1.006877           0.835657E-5        1.006163
        5.592000           0.104151E-4        1.006877           0.835703E-5        1.006163
        5.594000           0.104157E-4        1.006877           0.835748E-5        1.006163
        5.596000           0.104163E-4        1.006878           0.835793E-5        1.006163
        5.598000           0.104170E-4        1.006878           0.835839E-5        1.006163
        5.600000           0.104176E-4        1.006878           0.835884E-5        1.006163
        5.601999           0.104182E-4        1.006878           0.835930E-5        1.006164
        5.604000           0.104189E-4        1.006878           0.835975E-5        1.006164
        5.605999           0.104195E-4        1.006879           0.836021E-5        1.006164
        5.607999           0.104201E-4        1.006879           0.836066E-5        1.006164
        5.610000           0.104208E-4        1.006879           0.836112E-5        1.006164
        5.612000           0.104214E-4        1.006879           0.836158E-5        1.006165
        5.614000           0.104220E-4        1.006879           0.836203E-5        1.006165
        5.616000           0.104227E-4        1.006880           0.836248E-5        1.006165
        5.618000           0.104233E-4        1.006880           0.836294E-5        1.006165
        5.619999           0.104239E-4        1.006880           0.836340E-5        1.006165
        5.621999           0.104246E-4        1.006880           0.836385E-5        1.006165
        5.624000           0.104252E-4        1.006881           0.836431E-5        1.006166
        5.625999           0.104258E-4        1.006881           0.836476E-5        1.006166
        5.628000           0.104265E-4        1.006881           0.836522E-5        1.006166
        5.630000           0.104271E-4        1.006881           0.836567E-5        1.006166
        5.631999           0.104277E-4        1.006881           0.836613E-5        1.006166
        5.634000           0.104284E-4        1.006881           0.836659E-5        1.006166
        5.636000           0.104290E-4        1.006882           0.836704E-5        1.006167
        5.638000           0.104296E-4        1.006882           0.836750E-5        1.006167
        5.639999           0.104303E-4        1.006882           0.836795E-5        1.006167
        5.641999           0.104309E-4        1.006882           0.836841E-5        1.006167
        5.644000           0.104315E-4        1.006883           0.836886E-5        1.006167
        5.645999           0.104322E-4        1.006883           0.836932E-5        1.006167
        5.648000           0.104328E-4        1.006883           0.836977E-5        1.006168
        5.650000           0.104334E-4        1.006883           0.837023E-5        1.006168
        5.651999           0.104341E-4        1.006883           0.837069E-5        1.006168
        5.654000           0.104347E-4        1.006884           0.837114E-5        1.006168
        5.656000           0.104353E-4        1.006884           0.837160E-5        1.006168
        5.658000           0.104360E-4        1.006884           0.837206E-5        1.006168
        5.659999           0.104366E-4        1.006884           0.837251E-5        1.006168
        5.662000           0.104373E-4        1.006884           0.837297E-5        1.006169
        5.664000           0.104379E-4        1.006885           0.837342E-5        1.006169
        5.665999           0.104385E-4        1.006885           0.837388E-5        1.006169
        5.668000           0.104392E-4        1.006885           0.837434E-5        1.006169
        5.670000           0.104398E-4        1.006885           0.837479E-5        1.006169
        5.672000           0.104404E-4        1.006886           0.837525E-5        1.006170
        5.674000           0.104411E-4        1.006886           0.837570E-5        1.006170
        5.676000           0.104417E-4        1.006886           0.837616E-5        1.006170
        5.677999           0.104423E-4        1.006886           0.837662E-5        1.006170
        5.679999           0.104430E-4        1.006886           0.837707E-5        1.006170
        5.682000           0.104436E-4        1.006886           0.837753E-5        1.006170
        5.684000           0.104442E-4        1.006887           0.837799E-5        1.006171
        5.685999           0.104449E-4        1.006887           0.837844E-5        1.006171
        5.688000           0.104455E-4        1.006887           0.837890E-5        1.006171
        5.690000           0.104462E-4        1.006887           0.837936E-5        1.006171
        5.692000           0.104468E-4        1.006888           0.837981E-5        1.006171
        5.694000           0.104474E-4        1.006888           0.838027E-5        1.006171
        5.696000           0.104481E-4        1.006888           0.838073E-5        1.006172
        5.697999           0.104487E-4        1.006888           0.838118E-5        1.006172
        5.699999           0.104493E-4        1.006888           0.838164E-5        1.006172
        5.702000           0.104500E-4        1.006889           0.838210E-5        1.006172
        5.704000           0.104506E-4        1.006889           0.838255E-5        1.006172
        5.706000           0.104512E-4        1.006889           0.838301E-5        1.006172
        5.708000           0.104519E-4        1.006889           0.838347E-5        1.006173
        5.710000           0.104525E-4        1.006889           0.838392E-5        1.006173
        5.712000           0.104532E-4        1.006890           0.838438E-5        1.006173
        5.713999           0.104538E-4        1.006890           0.838484E-5        1.006173
        5.716000           0.104544E-4        1.006890           0.838530E-5        1.006173
        5.717999           0.104551E-4        1.006890           0.838575E-5        1.006173
        5.719999           0.104557E-4        1.006891           0.838621E-5        1.006174
        5.722000           0.104563E-4        1.006891           0.838667E-5        1.006174
        5.724000           0.104570E-4        1.006891           0.838713E-5        1.006174
        5.726000           0.104576E-4        1.006891           0.838758E-5        1.006174
        5.728000           0.104583E-4        1.006891           0.838804E-5        1.006174
        5.730000           0.104589E-4        1.006891           0.838850E-5        1.006174
        5.731999           0.104595E-4        1.006892           0.838895E-5        1.006175
        5.733999           0.104602E-4        1.006892           0.838941E-5        1.006175
        5.736000           0.104608E-4        1.006892           0.838987E-5        1.006175
        5.737999           0.104614E-4        1.006892           0.839033E-5        1.006175
        5.740000           0.104621E-4        1.006893           0.839078E-5        1.006175
        5.742000           0.104627E-4        1.006893           0.839124E-5        1.006175
        5.743999           0.104634E-4        1.006893           0.839170E-5        1.006176
        5.746000           0.104640E-4        1.006893           0.839216E-5        1.006176
        5.748000           0.104646E-4        1.006893           0.839261E-5        1.006176
        5.750000           0.104653E-4        1.006894           0.839307E-5        1.006176
        5.751999           0.104659E-4        1.006894           0.839353E-5        1.006176
        5.753999           0.104665E-4        1.006894           0.839399E-5        1.006176
        5.756000           0.104672E-4        1.006894           0.839445E-5        1.006177
        5.757999           0.104678E-4        1.006894           0.839490E-5        1.006177
        5.760000           0.104685E-4        1.006895           0.839536E-5        1.006177
        5.762000           0.104691E-4        1.006895           0.839582E-5        1.006177
        5.763999           0.104697E-4        1.006895           0.839628E-5        1.006177
        5.766000           0.104704E-4        1.006895           0.839674E-5        1.006177
        5.768000           0.104710E-4        1.006896           0.839719E-5        1.006178
        5.770000           0.104717E-4        1.006896           0.839765E-5        1.006178
        5.771999           0.104723E-4        1.006896           0.839811E-5        1.006178
        5.774000           0.104729E-4        1.006896           0.839857E-5        1.006178
        5.776000           0.104736E-4        1.006896           0.839903E-5        1.006178
        5.777999           0.104742E-4        1.006897           0.839949E-5        1.006178
        5.780000           0.104748E-4        1.006897           0.839994E-5        1.006179
        5.782000           0.104755E-4        1.006897           0.840040E-5        1.006179
        5.784000           0.104761E-4        1.006897           0.840086E-5        1.006179
        5.786000           0.104768E-4        1.006897           0.840132E-5        1.006179
        5.788000           0.104774E-4        1.006898           0.840178E-5        1.006179
        5.789999           0.104780E-4        1.006898           0.840224E-5        1.006179
        5.791999           0.104787E-4        1.006898           0.840269E-5        1.006180
        5.794000           0.104793E-4        1.006898           0.840315E-5        1.006180
        5.796000           0.104800E-4        1.006898           0.840361E-5        1.006180
        5.797999           0.104806E-4        1.006899           0.840407E-5        1.006180
        5.800000           0.104812E-4        1.006899           0.840453E-5        1.006180
        5.802000           0.104819E-4        1.006899           0.840499E-5        1.006180
        5.804000           0.104825E-4        1.006899           0.840545E-5        1.006181
        5.806000           0.104832E-4        1.006899           0.840591E-5        1.006181
        5.808000           0.104838E-4        1.006900           0.840636E-5        1.006181
        5.809999           0.104844E-4        1.006900           0.840682E-5        1.006181
        5.811999           0.104851E-4        1.006900           0.840728E-5        1.006181
        5.814000           0.104857E-4        1.006900           0.840774E-5        1.006181
        5.816000           0.104864E-4        1.006901           0.840820E-5        1.006182
        5.818000           0.104870E-4        1.006901           0.840866E-5        1.006182
        5.820000           0.104876E-4        1.006901           0.840912E-5        1.006182
        5.822000           0.104883E-4        1.006901           0.840958E-5        1.006182
        5.824000           0.104889E-4        1.006901           0.841004E-5        1.006182
        5.825999           0.104896E-4        1.006902           0.841050E-5        1.006182
        5.828000           0.104902E-4        1.006902           0.841096E-5        1.006183
        5.829999           0.104908E-4        1.006902           0.841141E-5        1.006183
        5.831999           0.104915E-4        1.006902           0.841187E-5        1.006183
        5.834000           0.104921E-4        1.006902           0.841233E-5        1.006183
        5.835999           0.104928E-4        1.006903           0.841279E-5        1.006183
        5.838000           0.104934E-4        1.006903           0.841325E-5        1.006184
        5.840000           0.104940E-4        1.006903           0.841371E-5        1.006184
        5.842000           0.104947E-4        1.006903           0.841417E-5        1.006184
        5.843999           0.104953E-4        1.006904           0.841463E-5        1.006184
        5.845999           0.104960E-4        1.006904           0.841509E-5        1.006184
        5.848000           0.104966E-4        1.006904           0.841555E-5        1.006184
        5.849999           0.104972E-4        1.006904           0.841601E-5        1.006184
        5.852000           0.104979E-4        1.006904           0.841647E-5        1.006185
        5.854000           0.104985E-4        1.006904           0.841693E-5        1.006185
        5.855999           0.104992E-4        1.006905           0.841739E-5        1.006185
        5.858000           0.104998E-4        1.006905           0.841785E-5        1.006185
        5.860000           0.105005E-4        1.006905           0.841831E-5        1.006185
        5.862000           0.105011E-4        1.006905           0.841877E-5        1.006186
        5.863999           0.105017E-4        1.006906           0.841923E-5        1.006186
        5.865999           0.105024E-4        1.006906           0.841969E-5        1.006186
        5.868000           0.105030E-4        1.006906           0.842015E-5        1.006186
        5.869999           0.105037E-4        1.006906           0.842061E-5        1.006186
        5.872000           0.105043E-4        1.006906           0.842107E-5        1.006186
        5.874000           0.105049E-4        1.006907           0.842153E-5        1.006186
        5.875999           0.105056E-4        1.006907           0.842199E-5        1.006187
        5.878000           0.105062E-4        1.006907           0.842245E-5        1.006187
        5.880000           0.105069E-4        1.006907           0.842291E-5        1.006187
        5.881999           0.105075E-4        1.006907           0.842337E-5        1.006187
        5.883999           0.105081E-4        1.006908           0.842383E-5        1.006187
        5.886000           0.105088E-4        1.006908           0.842429E-5        1.006188
        5.888000           0.105094E-4        1.006908           0.842475E-5        1.006188
        5.889999           0.105101E-4        1.006908           0.842521E-5        1.006188
        5.892000           0.105107E-4        1.006909           0.842567E-5        1.006188
        5.894000           0.105114E-4        1.006909           0.842613E-5        1.006188
        5.896000           0.105120E-4        1.006909           0.842659E-5        1.006188
        5.898000           0.105126E-4        1.006909           0.842705E-5        1.006189
        5.900000           0.105133E-4        1.006909           0.842751E-5        1.006189
        5.901999           0.105139E-4        1.006910           0.842797E-5        1.006189
        5.903999           0.105146E-4        1.006910           0.842843E-5        1.006189
        5.906000           0.105152E-4        1.006910           0.842889E-5        1.006189
        5.908000           0.105159E-4        1.006910           0.842936E-5        1.006189
        5.909999           0.105165E-4        1.006910           0.842982E-5        1.006190
        5.912000           0.105171E-4        1.006911           0.843028E-5        1.006190
        5.914000           0.105178E-4        1.006911           0.843074E-5        1.006190
        5.916000           0.105184E-4        1.006911           0.843120E-5        1.006190
        5.918000           0.105191E-4        1.006911           0.843166E-5        1.006190
        5.920000           0.105197E-4        1.006912           0.843212E-5        1.006190
        5.921999           0.105204E-4        1.006912           0.843258E-5        1.006191
        5.923999           0.105210E-4        1.006912           0.843304E-5        1.006191
        5.926000           0.105216E-4        1.006912           0.843351E-5        1.006191
        5.927999           0.105223E-4        1.006912           0.843397E-5        1.006191
        5.930000           0.105229E-4        1.006912           0.843443E-5        1.006191
        5.932000           0.105236E-4        1.006913           0.843489E-5        1.006191
        5.934000           0.105242E-4        1.006913           0.843535E-5        1.006192
        5.936000           0.105249E-4        1.006913           0.843581E-5        1.006192
        5.938000           0.105255E-4        1.006913           0.843627E-5        1.006192
        5.940000           0.105261E-4        1.006914           0.843673E-5        1.006192
        5.941999           0.105268E-4        1.006914           0.843719E-5        1.006192
        5.943999           0.105274E-4        1.006914           0.843766E-5        1.006192
        5.946000           0.105281E-4        1.006914           0.843812E-5        1.006193
        5.947999           0.105287E-4        1.006914           0.843858E-5        1.006193
        5.950000           0.105294E-4        1.006915           0.843904E-5        1.006193
        5.952000           0.105300E-4        1.006915           0.843950E-5        1.006193
        5.954000           0.105307E-4        1.006915           0.843996E-5        1.006193
        5.955999           0.105313E-4        1.006915           0.844042E-5        1.006193
        5.957999           0.105319E-4        1.006915           0.844089E-5        1.006194
        5.960000           0.105326E-4        1.006916           0.844135E-5        1.006194
        5.961999           0.105332E-4        1.006916           0.844181E-5        1.006194
        5.964000           0.105339E-4        1.006916           0.844227E-5        1.006194
        5.966000           0.105345E-4        1.006916           0.844273E-5        1.006194
        5.967999           0.105352E-4        1.006917           0.844320E-5        1.006194
        5.970000           0.105358E-4        1.006917           0.844366E-5        1.006195
        5.972000           0.105365E-4        1.006917           0.844412E-5        1.006195
        5.974000           0.105371E-4        1.006917           0.844458E-5        1.006195
        5.975999           0.105377E-4        1.006917           0.844504E-5        1.006195
        5.977999           0.105384E-4        1.006918           0.844551E-5        1.006195
        5.980000           0.105390E-4        1.006918           0.844597E-5        1.006195
        5.981999           0.105397E-4        1.006918           0.844643E-5        1.006196
        5.984000           0.105403E-4        1.006918           0.844689E-5        1.006196
        5.986000           0.105410E-4        1.006918           0.844735E-5        1.006196
        5.987999           0.105416E-4        1.006919           0.844782E-5        1.006196
        5.990000           0.105423E-4        1.006919           0.844828E-5        1.006196
        5.992000           0.105429E-4        1.006919           0.844874E-5        1.006196
        5.993999           0.105435E-4        1.006919           0.844920E-5        1.006197
        5.995999           0.105442E-4        1.006920           0.844967E-5        1.006197
        5.998000           0.105448E-4        1.006920           0.845013E-5        1.006197
        6.000000           0.105455E-4        1.006920           0.845059E-5        1.006197
        6.001999           0.105461E-4        1.006920           0.845105E-5        1.006197
        6.004000           0.105468E-4        1.006920           0.845152E-5        1.006197
        6.006000           0.105474E-4        1.006921           0.845198E-5        1.006198
        6.008000           0.105481E-4        1.006921           0.845244E-5        1.006198
        6.010000           0.105487E-4        1.006921           0.845290E-5        1.006198
        6.012000           0.105494E-4        1.006921           0.845337E-5        1.006198
        6.013999           0.105500E-4        1.006921           0.845383E-5        1.006198
        6.015999           0.105506E-4        1.006922           0.845429E-5        1.006199
        6.018000           0.105513E-4        1.006922           0.845476E-5        1.006199
        6.020000           0.105519E-4        1.006922           0.845522E-5        1.006199
        6.021999           0.105526E-4        1.006922           0.845568E-5        1.006199
        6.024000           0.105532E-4        1.006922           0.845614E-5        1.006199
        6.026000           0.105539E-4        1.006923           0.845661E-5        1.006199
        6.028000           0.105545E-4        1.006923           0.845707E-5        1.006199
        6.030000           0.105552E-4        1.006923           0.845753E-5        1.006200
        6.032000           0.105558E-4        1.006923           0.845800E-5        1.006200
        6.033999           0.105565E-4        1.006923           0.845846E-5        1.006200
        6.035999           0.105571E-4        1.006924           0.845892E-5        1.006200
        6.038000           0.105578E-4        1.006924           0.845939E-5        1.006200
        6.039999           0.105584E-4        1.006924           0.845985E-5        1.006201
        6.042000           0.105590E-4        1.006924           0.846031E-5        1.006201
        6.044000           0.105597E-4        1.006925           0.846078E-5        1.006201
        6.046000           0.105603E-4        1.006925           0.846124E-5        1.006201
        6.048000           0.105610E-4        1.006925           0.846170E-5        1.006201
        6.050000           0.105616E-4        1.006925           0.846217E-5        1.006201
        6.052000           0.105623E-4        1.006925           0.846263E-5        1.006202
        6.053999           0.105629E-4        1.006926           0.846309E-5        1.006202
        6.055999           0.105636E-4        1.006926           0.846356E-5        1.006202
        6.058000           0.105642E-4        1.006926           0.846402E-5        1.006202
        6.059999           0.105649E-4        1.006926           0.846448E-5        1.006202
        6.062000           0.105655E-4        1.006926           0.846495E-5        1.006202
        6.064000           0.105662E-4        1.006927           0.846541E-5        1.006203
        6.066000           0.105668E-4        1.006927           0.846587E-5        1.006203
        6.068000           0.105675E-4        1.006927           0.846634E-5        1.006203
        6.069999           0.105681E-4        1.006927           0.846680E-5        1.006203
        6.072000           0.105688E-4        1.006927           0.846727E-5        1.006203
        6.073999           0.105694E-4        1.006928           0.846773E-5        1.006203
        6.076000           0.105700E-4        1.006928           0.846820E-5        1.006204
        6.078000           0.105707E-4        1.006928           0.846866E-5        1.006204
        6.079999           0.105713E-4        1.006928           0.846912E-5        1.006204
        6.082000           0.105720E-4        1.006929           0.846959E-5        1.006204
        6.084000           0.105726E-4        1.006929           0.847005E-5        1.006204
        6.085999           0.105733E-4        1.006929           0.847051E-5        1.006204
        6.087999           0.105739E-4        1.006929           0.847098E-5        1.006205
        6.089999           0.105746E-4        1.006929           0.847144E-5        1.006205
        6.092000           0.105752E-4        1.006930           0.847191E-5        1.006205
        6.093999           0.105759E-4        1.006930           0.847237E-5        1.006205
        6.096000           0.105765E-4        1.006930           0.847284E-5        1.006205
        6.098000           0.105772E-4        1.006930           0.847330E-5        1.006205
        6.099999           0.105778E-4        1.006930           0.847376E-5        1.006206
        6.102000           0.105785E-4        1.006931           0.847423E-5        1.006206
        6.104000           0.105791E-4        1.006931           0.847469E-5        1.006206
        6.105999           0.105798E-4        1.006931           0.847516E-5        1.006206
        6.107999           0.105804E-4        1.006931           0.847562E-5        1.006206
        6.110000           0.105811E-4        1.006932           0.847609E-5        1.006206
        6.112000           0.105817E-4        1.006932           0.847655E-5        1.006207
        6.113999           0.105824E-4        1.006932           0.847702E-5        1.006207
        6.116000           0.105830E-4        1.006932           0.847748E-5        1.006207
        6.118000           0.105837E-4        1.006932           0.847795E-5        1.006207
        6.120000           0.105843E-4        1.006933           0.847841E-5        1.006207
        6.122000           0.105850E-4        1.006933           0.847888E-5        1.006207
        6.124000           0.105856E-4        1.006933           0.847934E-5        1.006208
        6.125999           0.105863E-4        1.006933           0.847981E-5        1.006208
        6.127999           0.105869E-4        1.006933           0.848027E-5        1.006208
        6.130000           0.105876E-4        1.006934           0.848074E-5        1.006208
        6.131999           0.105882E-4        1.006934           0.848120E-5        1.006208
        6.133999           0.105889E-4        1.006934           0.848167E-5        1.006208
        6.136000           0.105895E-4        1.006934           0.848213E-5        1.006209
        6.138000           0.105902E-4        1.006935           0.848260E-5        1.006209
        6.140000           0.105908E-4        1.006935           0.848306E-5        1.006209
        6.142000           0.105915E-4        1.006935           0.848353E-5        1.006209
        6.144000           0.105921E-4        1.006935           0.848399E-5        1.006209
        6.145999           0.105928E-4        1.006935           0.848446E-5        1.006209
        6.147999           0.105934E-4        1.006936           0.848492E-5        1.006210
        6.150000           0.105941E-4        1.006936           0.848539E-5        1.006210
        6.151999           0.105947E-4        1.006936           0.848585E-5        1.006210
        6.154000           0.105954E-4        1.006936           0.848632E-5        1.006210
        6.156000           0.105960E-4        1.006936           0.848678E-5        1.006210
        6.158000           0.105967E-4        1.006937           0.848725E-5        1.006211
        6.160000           0.105973E-4        1.006937           0.848772E-5        1.006211
        6.162000           0.105980E-4        1.006937           0.848818E-5        1.006211
        6.164000           0.105986E-4        1.006937           0.848865E-5        1.006211
        6.165999           0.105993E-4        1.006938           0.848911E-5        1.006211
        6.167999           0.105999E-4        1.006938           0.848958E-5        1.006211
        6.170000           0.106006E-4        1.006938           0.849004E-5        1.006212
        6.171999           0.106012E-4        1.006938           0.849051E-5        1.006212
        6.174000           0.106019E-4        1.006938           0.849098E-5        1.006212
        6.176000           0.106025E-4        1.006938           0.849144E-5        1.006212
        6.177999           0.106032E-4        1.006939           0.849191E-5        1.006212
        6.180000           0.106038E-4        1.006939           0.849237E-5        1.006212
        6.181999           0.106045E-4        1.006939           0.849284E-5        1.006213
        6.184000           0.106051E-4        1.006939           0.849331E-5        1.006213
        6.185999           0.106058E-4        1.006940           0.849377E-5        1.006213
        6.188000           0.106064E-4        1.006940           0.849424E-5        1.006213
        6.190000           0.106071E-4        1.006940           0.849470E-5        1.006213
        6.191999           0.106077E-4        1.006940           0.849517E-5        1.006213
        6.194000           0.106084E-4        1.006940           0.849564E-5        1.006214
        6.196000           0.106090E-4        1.006941           0.849610E-5        1.006214
        6.198000           0.106097E-4        1.006941           0.849657E-5        1.006214
        6.199999           0.106103E-4        1.006941           0.849704E-5        1.006214
        6.201999           0.106110E-4        1.006941           0.849750E-5        1.006214
        6.204000           0.106116E-4        1.006941           0.849797E-5        1.006214
        6.205999           0.106123E-4        1.006942           0.849843E-5        1.006215
        6.208000           0.106129E-4        1.006942           0.849890E-5        1.006215
        6.210000           0.106136E-4        1.006942           0.849937E-5        1.006215
        6.211999           0.106142E-4        1.006942           0.849983E-5        1.006215
        6.214000           0.106149E-4        1.006943           0.850030E-5        1.006215
        6.216000           0.106155E-4        1.006943           0.850077E-5        1.006215
        6.217999           0.106162E-4        1.006943           0.850123E-5        1.006216
        6.219999           0.106168E-4        1.006943           0.850170E-5        1.006216
        6.222000           0.106175E-4        1.006943           0.850217E-5        1.006216
        6.224000           0.106181E-4        1.006944           0.850263E-5        1.006216
        6.225999           0.106188E-4        1.006944           0.850310E-5        1.006216
        6.228000           0.106194E-4        1.006944           0.850357E-5        1.006216
        6.230000           0.106201E-4        1.006944           0.850403E-5        1.006217
        6.232000           0.106207E-4        1.006944           0.850450E-5        1.006217
        6.234000           0.106214E-4        1.006945           0.850497E-5        1.006217
        6.236000           0.106221E-4        1.006945           0.850544E-5        1.006217
        6.237999           0.106227E-4        1.006945           0.850590E-5        1.006217
        6.239999           0.106234E-4        1.006945           0.850637E-5        1.006217
        6.242000           0.106240E-4        1.006945           0.850684E-5        1.006218
        6.243999           0.106247E-4        1.006946           0.850730E-5        1.006218
        6.245999           0.106253E-4        1.006946           0.850777E-5        1.006218
        6.248000           0.106260E-4        1.006946           0.850824E-5        1.006218
        6.250000           0.106266E-4        1.006946           0.850870E-5        1.006218
        6.252000           0.106273E-4        1.006947           0.850917E-5        1.006219
        6.254000           0.106279E-4        1.006947           0.850964E-5        1.006219
        6.256000           0.106286E-4        1.006947           0.851011E-5        1.006219
        6.257999           0.106292E-4        1.006947           0.851058E-5        1.006219
        6.259999           0.106299E-4        1.006947           0.851104E-5        1.006219
        6.262000           0.106305E-4        1.006948           0.851151E-5        1.006219
        6.263999           0.106312E-4        1.006948           0.851198E-5        1.006220
        6.266000           0.106318E-4        1.006948           0.851245E-5        1.006220
        6.268000           0.106325E-4        1.006948           0.851291E-5        1.006220
        6.270000           0.106332E-4        1.006948           0.851338E-5        1.006220
        6.272000           0.106338E-4        1.006949           0.851385E-5        1.006220
        6.274000           0.106345E-4        1.006949           0.851432E-5        1.006220
        6.276000           0.106351E-4        1.006949           0.851478E-5        1.006221
        6.277999           0.106358E-4        1.006949           0.851525E-5        1.006221
        6.279999           0.106364E-4        1.006950           0.851572E-5        1.006221
        6.282000           0.106371E-4        1.006950           0.851619E-5        1.006221
        6.283999           0.106377E-4        1.006950           0.851665E-5        1.006221
        6.286000           0.106384E-4        1.006950           0.851712E-5        1.006221
        6.288000           0.106390E-4        1.006950           0.851759E-5        1.006222
        6.289999           0.106397E-4        1.006951           0.851806E-5        1.006222
        6.292000           0.106403E-4        1.006951           0.851853E-5        1.006222
        6.293999           0.106410E-4        1.006951           0.851900E-5        1.006222
        6.296000           0.106417E-4        1.006951           0.851946E-5        1.006222
        6.297999           0.106423E-4        1.006951           0.851993E-5        1.006222
        6.300000           0.106430E-4        1.006952           0.852040E-5        1.006223
        6.302000           0.106436E-4        1.006952           0.852087E-5        1.006223
        6.303999           0.106443E-4        1.006952           0.852134E-5        1.006223
        6.306000           0.106449E-4        1.006952           0.852181E-5        1.006223
        6.308000           0.106456E-4        1.006953           0.852227E-5        1.006223
        6.310000           0.106462E-4        1.006953           0.852274E-5        1.006223
        6.311999           0.106469E-4        1.006953           0.852321E-5        1.006224
        6.313999           0.106475E-4        1.006953           0.852368E-5        1.006224
        6.316000           0.106482E-4        1.006953           0.852415E-5        1.006224
        6.317999           0.106489E-4        1.006954           0.852462E-5        1.006224
        6.320000           0.106495E-4        1.006954           0.852508E-5        1.006224
        6.322000           0.106502E-4        1.006954           0.852555E-5        1.006225
        6.323999           0.106508E-4        1.006954           0.852602E-5        1.006225
        6.326000           0.106515E-4        1.006954           0.852649E-5        1.006225
        6.328000           0.106521E-4        1.006955           0.852696E-5        1.006225
        6.329999           0.106528E-4        1.006955           0.852743E-5        1.006225
        6.331999           0.106534E-4        1.006955           0.852790E-5        1.006225
        6.334000           0.106541E-4        1.006955           0.852837E-5        1.006225
        6.335999           0.106548E-4        1.006956           0.852884E-5        1.006226
        6.337999           0.106554E-4        1.006956           0.852931E-5        1.006226
        6.340000           0.106561E-4        1.006956           0.852977E-5        1.006226
        6.342000           0.106567E-4        1.006956           0.853024E-5        1.006226
        6.344000           0.106574E-4        1.006956           0.853071E-5        1.006226
        6.346000           0.106580E-4        1.006957           0.853118E-5        1.006227
        6.348000           0.106587E-4        1.006957           0.853165E-5        1.006227
        6.349999           0.106593E-4        1.006957           0.853212E-5        1.006227
        6.351999           0.106600E-4        1.006957           0.853259E-5        1.006227
        6.354000           0.106607E-4        1.006957           0.853306E-5        1.006227
        6.355999           0.106613E-4        1.006958           0.853353E-5        1.006227
        6.357999           0.106620E-4        1.006958           0.853400E-5        1.006227
        6.360000           0.106626E-4        1.006958           0.853447E-5        1.006228
        6.362000           0.106633E-4        1.006958           0.853494E-5        1.006228
        6.364000           0.106639E-4        1.006958           0.853540E-5        1.006228
        6.366000           0.106646E-4        1.006959           0.853587E-5        1.006228
        6.368000           0.106652E-4        1.006959           0.853634E-5        1.006228
        6.369999           0.106659E-4        1.006959           0.853681E-5        1.006229
        6.371999           0.106666E-4        1.006959           0.853728E-5        1.006229
        6.374000           0.106672E-4        1.006960           0.853776E-5        1.006229
        6.375999           0.106679E-4        1.006960           0.853822E-5        1.006229
        6.378000           0.106685E-4        1.006960           0.853869E-5        1.006229
        6.380000           0.106692E-4        1.006960           0.853916E-5        1.006229
        6.381999           0.106698E-4        1.006960           0.853963E-5        1.006230
        6.384000           0.106705E-4        1.006961           0.854010E-5        1.006230
        6.386000           0.106712E-4        1.006961           0.854057E-5        1.006230
        6.388000           0.106718E-4        1.006961           0.854104E-5        1.006230
        6.389999           0.106725E-4        1.006961           0.854151E-5        1.006230
        6.391999           0.106731E-4        1.006961           0.854198E-5        1.006230
        6.394000           0.106738E-4        1.006962           0.854245E-5        1.006231
        6.395999           0.106744E-4        1.006962           0.854292E-5        1.006231
        6.398000           0.106751E-4        1.006962           0.854339E-5        1.006231
        6.400000           0.106758E-4        1.006962           0.854386E-5        1.006231
        6.401999           0.106764E-4        1.006963           0.854433E-5        1.006231
        6.404000           0.106771E-4        1.006963           0.854480E-5        1.006231
        6.405999           0.106777E-4        1.006963           0.854527E-5        1.006232
        6.408000           0.106784E-4        1.006963           0.854574E-5        1.006232
        6.409999           0.106790E-4        1.006963           0.854622E-5        1.006232
        6.412000           0.106797E-4        1.006964           0.854668E-5        1.006232
        6.414000           0.106804E-4        1.006964           0.854716E-5        1.006232
        6.415999           0.106810E-4        1.006964           0.854763E-5        1.006233
        6.418000           0.106817E-4        1.006964           0.854810E-5        1.006233
        6.420000           0.106823E-4        1.006964           0.854857E-5        1.006233
        6.422000           0.106830E-4        1.006965           0.854904E-5        1.006233
        6.423999           0.106837E-4        1.006965           0.854951E-5        1.006233
        6.425999           0.106843E-4        1.006965           0.854998E-5        1.006233
        6.427999           0.106850E-4        1.006965           0.855045E-5        1.006233
        6.429999           0.106856E-4        1.006966           0.855092E-5        1.006234
        6.432000           0.106863E-4        1.006966           0.855139E-5        1.006234
        6.434000           0.106869E-4        1.006966           0.855186E-5        1.006234
        6.435999           0.106876E-4        1.006966           0.855233E-5        1.006234
        6.438000           0.106883E-4        1.006966           0.855280E-5        1.006234
        6.440000           0.106889E-4        1.006967           0.855328E-5        1.006235
        6.441999           0.106896E-4        1.006967           0.855375E-5        1.006235
        6.443999           0.106902E-4        1.006967           0.855422E-5        1.006235
        6.446000           0.106909E-4        1.006967           0.855469E-5        1.006235
        6.447999           0.106916E-4        1.006967           0.855516E-5        1.006235
        6.449999           0.106922E-4        1.006968           0.855563E-5        1.006235
        6.452000           0.106929E-4        1.006968           0.855610E-5        1.006236
        6.454000           0.106935E-4        1.006968           0.855657E-5        1.006236
        6.456000           0.106942E-4        1.006968           0.855705E-5        1.006236
        6.458000           0.106948E-4        1.006968           0.855752E-5        1.006236
        6.460000           0.106955E-4        1.006969           0.855799E-5        1.006236
        6.461999           0.106962E-4        1.006969           0.855846E-5        1.006236
        6.463999           0.106968E-4        1.006969           0.855893E-5        1.006237
        6.466000           0.106975E-4        1.006969           0.855940E-5        1.006237
        6.467999           0.106981E-4        1.006970           0.855987E-5        1.006237
        6.469999           0.106988E-4        1.006970           0.856035E-5        1.006237
        6.472000           0.106995E-4        1.006970           0.856082E-5        1.006237
        6.474000           0.107001E-4        1.006970           0.856129E-5        1.006237
        6.476000           0.107008E-4        1.006971           0.856176E-5        1.006238
        6.478000           0.107014E-4        1.006971           0.856223E-5        1.006238
        6.480000           0.107021E-4        1.006971           0.856270E-5        1.006238
        6.481999           0.107028E-4        1.006971           0.856317E-5        1.006238
        6.483999           0.107034E-4        1.006971           0.856365E-5        1.006238
        6.486000           0.107041E-4        1.006972           0.856412E-5        1.006238
        6.487999           0.107047E-4        1.006972           0.856459E-5        1.006239
        6.490000           0.107054E-4        1.006972           0.856506E-5        1.006239
        6.492000           0.107061E-4        1.006972           0.856553E-5        1.006239
        6.493999           0.107067E-4        1.006972           0.856601E-5        1.006239
        6.496000           0.107074E-4        1.006973           0.856648E-5        1.006239
        6.498000           0.107080E-4        1.006973           0.856695E-5        1.006240
        6.500000           0.107087E-4        1.006973           0.856742E-5        1.006240
        6.501999           0.107094E-4        1.006973           0.856790E-5        1.006240
        6.503999           0.107100E-4        1.006974           0.856837E-5        1.006240
        6.506000           0.107107E-4        1.006974           0.856884E-5        1.006240
        6.507999           0.107113E-4        1.006974           0.856931E-5        1.006240
        6.510000           0.107120E-4        1.006974           0.856978E-5        1.006240
        6.512000           0.107127E-4        1.006974           0.857026E-5        1.006241
        6.513999           0.107133E-4        1.006975           0.857073E-5        1.006241
        6.516000           0.107140E-4        1.006975           0.857120E-5        1.006241
        6.518000           0.107147E-4        1.006975           0.857167E-5        1.006241
        6.520000           0.107153E-4        1.006975           0.857215E-5        1.006241
        6.521999           0.107160E-4        1.006975           0.857262E-5        1.006242
        6.524000           0.107166E-4        1.006976           0.857309E-5        1.006242
        6.526000           0.107173E-4        1.006976           0.857356E-5        1.006242
        6.527999           0.107180E-4        1.006976           0.857404E-5        1.006242
        6.530000           0.107186E-4        1.006976           0.857451E-5        1.006242
        6.532000           0.107193E-4        1.006976           0.857498E-5        1.006242
        6.534000           0.107199E-4        1.006977           0.857546E-5        1.006243
        6.535999           0.107206E-4        1.006977           0.857593E-5        1.006243
        6.537999           0.107213E-4        1.006977           0.857640E-5        1.006243
        6.539999           0.107219E-4        1.006977           0.857687E-5        1.006243
        6.541999           0.107226E-4        1.006978           0.857735E-5        1.006243
        6.544000           0.107232E-4        1.006978           0.857782E-5        1.006243
        6.546000           0.107239E-4        1.006978           0.857829E-5        1.006244
        6.547999           0.107246E-4        1.006978           0.857877E-5        1.006244
        6.550000           0.107252E-4        1.006978           0.857924E-5        1.006244
        6.552000           0.107259E-4        1.006979           0.857971E-5        1.006244
        6.553999           0.107266E-4        1.006979           0.858019E-5        1.006244
        6.555999           0.107272E-4        1.006979           0.858066E-5        1.006244
        6.558000           0.107279E-4        1.006979           0.858113E-5        1.006245
        6.559999           0.107285E-4        1.006979           0.858161E-5        1.006245
        6.561999           0.107292E-4        1.006980           0.858208E-5        1.006245
        6.564000           0.107299E-4        1.006980           0.858255E-5        1.006245
        6.566000           0.107305E-4        1.006980           0.858303E-5        1.006245
        6.568000           0.107312E-4        1.006980           0.858350E-5        1.006245
        6.570000           0.107319E-4        1.006981           0.858397E-5        1.006246
        6.572000           0.107325E-4        1.006981           0.858445E-5        1.006246
        6.573999           0.107332E-4        1.006981           0.858492E-5        1.006246
        6.575999           0.107338E-4        1.006981           0.858539E-5        1.006246
        6.578000           0.107345E-4        1.006981           0.858587E-5        1.006246
        6.579999           0.107352E-4        1.006982           0.858634E-5        1.006247
        6.581999           0.107358E-4        1.006982           0.858682E-5        1.006247
        6.584000           0.107365E-4        1.006982           0.858729E-5        1.006247
        6.585999           0.107372E-4        1.006982           0.858776E-5        1.006247
        6.588000           0.107378E-4        1.006982           0.858824E-5        1.006247
        6.590000           0.107385E-4        1.006983           0.858871E-5        1.006247
        6.592000           0.107392E-4        1.006983           0.858919E-5        1.006248
        6.593999           0.107398E-4        1.006983           0.858966E-5        1.006248
        6.595999           0.107405E-4        1.006983           0.859013E-5        1.006248
        6.598000           0.107411E-4        1.006984           0.859061E-5        1.006248
        6.599999           0.107418E-4        1.006984           0.859108E-5        1.006248
        6.602000           0.107425E-4        1.006984           0.859156E-5        1.006248
        6.604000           0.107431E-4        1.006984           0.859203E-5        1.006249
        6.605999           0.107438E-4        1.006984           0.859250E-5        1.006249
        6.608000           0.107445E-4        1.006985           0.859298E-5        1.006249
        6.610000           0.107451E-4        1.006985           0.859345E-5        1.006249
        6.612000           0.107458E-4        1.006985           0.859393E-5        1.006249
        6.613999           0.107465E-4        1.006985           0.859440E-5        1.006249
        6.615999           0.107471E-4        1.006985           0.859488E-5        1.006250
        6.618000           0.107478E-4        1.006986           0.859535E-5        1.006250
        6.619999           0.107484E-4        1.006986           0.859582E-5        1.006250
        6.622000           0.107491E-4        1.006986           0.859630E-5        1.006250
        6.624000           0.107498E-4        1.006986           0.859677E-5        1.006250
        6.625999           0.107504E-4        1.006986           0.859725E-5        1.006251
        6.628000           0.107511E-4        1.006987           0.859772E-5        1.006251
        6.630000           0.107518E-4        1.006987           0.859820E-5        1.006251
        6.631999           0.107524E-4        1.006987           0.859867E-5        1.006251
        6.633999           0.107531E-4        1.006987           0.859915E-5        1.006251
        6.636000           0.107538E-4        1.006988           0.859962E-5        1.006251
        6.638000           0.107544E-4        1.006988           0.860010E-5        1.006252
        6.639999           0.107551E-4        1.006988           0.860057E-5        1.006252
        6.642000           0.107558E-4        1.006988           0.860105E-5        1.006252
        6.644000           0.107564E-4        1.006989           0.860152E-5        1.006252
        6.646000           0.107571E-4        1.006989           0.860200E-5        1.006252
        6.648000           0.107577E-4        1.006989           0.860247E-5        1.006252
        6.649999           0.107584E-4        1.006989           0.860295E-5        1.006253
        6.651999           0.107591E-4        1.006989           0.860342E-5        1.006253
        6.653999           0.107597E-4        1.006990           0.860390E-5        1.006253
        6.656000           0.107604E-4        1.006990           0.860437E-5        1.006253
        6.658000           0.107611E-4        1.006990           0.860485E-5        1.006253
        6.659999           0.107617E-4        1.006990           0.860532E-5        1.006253
        6.662000           0.107624E-4        1.006990           0.860580E-5        1.006254
        6.664000           0.107631E-4        1.006991           0.860627E-5        1.006254
        6.665999           0.107637E-4        1.006991           0.860675E-5        1.006254
        6.667999           0.107644E-4        1.006991           0.860723E-5        1.006254
        6.669999           0.107651E-4        1.006991           0.860770E-5        1.006254
        6.671999           0.107657E-4        1.006992           0.860818E-5        1.006254
        6.673999           0.107664E-4        1.006992           0.860865E-5        1.006255
        6.676000           0.107671E-4        1.006992           0.860913E-5        1.006255
        6.677999           0.107677E-4        1.006992           0.860960E-5        1.006255
        6.680000           0.107684E-4        1.006992           0.861008E-5        1.006255
        6.682000           0.107691E-4        1.006993           0.861055E-5        1.006255
        6.684000           0.107697E-4        1.006993           0.861103E-5        1.006256
        6.685999           0.107704E-4        1.006993           0.861151E-5        1.006256
        6.687999           0.107711E-4        1.006993           0.861198E-5        1.006256
        6.690000           0.107717E-4        1.006993           0.861246E-5        1.006256
        6.691999           0.107724E-4        1.006994           0.861293E-5        1.006256
        6.693999           0.107731E-4        1.006994           0.861341E-5        1.006256
        6.696000           0.107737E-4        1.006994           0.861389E-5        1.006256
        6.697999           0.107744E-4        1.006994           0.861436E-5        1.006257
        6.700000           0.107751E-4        1.006994           0.861484E-5        1.006257
        6.702000           0.107757E-4        1.006995           0.861531E-5        1.006257
        6.704000           0.107764E-4        1.006995           0.861579E-5        1.006257
        6.705999           0.107771E-4        1.006995           0.861627E-5        1.006257
        6.707999           0.107777E-4        1.006995           0.861674E-5        1.006258
        6.710000           0.107784E-4        1.006996           0.861722E-5        1.006258
        6.711999           0.107791E-4        1.006996           0.861769E-5        1.006258
        6.714000           0.107797E-4        1.006996           0.861817E-5        1.006258
        6.716000           0.107804E-4        1.006996           0.861865E-5        1.006258
        6.717999           0.107811E-4        1.006997           0.861912E-5        1.006258
        6.720000           0.107817E-4        1.006997           0.861960E-5        1.006259
        6.722000           0.107824E-4        1.006997           0.862008E-5        1.006259
        6.724000           0.107831E-4        1.006997           0.862055E-5        1.006259
        6.725999           0.107837E-4        1.006997           0.862103E-5        1.006259
        6.727999           0.107844E-4        1.006998           0.862151E-5        1.006259
        6.730000           0.107851E-4        1.006998           0.862199E-5        1.006259
        6.731999           0.107857E-4        1.006998           0.862246E-5        1.006260
        6.734000           0.107864E-4        1.006998           0.862294E-5        1.006260
        6.736000           0.107871E-4        1.006998           0.862341E-5        1.006260
        6.737999           0.107877E-4        1.006999           0.862389E-5        1.006260
        6.740000           0.107884E-4        1.006999           0.862437E-5        1.006260
        6.742000           0.107891E-4        1.006999           0.862484E-5        1.006261
        6.743999           0.107897E-4        1.006999           0.862532E-5        1.006261
        6.745999           0.107904E-4        1.006999           0.862580E-5        1.006261
        6.748000           0.107911E-4        1.007000           0.862628E-5        1.006261
        6.750000           0.107917E-4        1.007000           0.862675E-5        1.006261
        6.751999           0.107924E-4        1.007000           0.862723E-5        1.006261
        6.754000           0.107931E-4        1.007000           0.862771E-5        1.006261
        6.756000           0.107938E-4        1.007001           0.862818E-5        1.006262
        6.758000           0.107944E-4        1.007001           0.862866E-5        1.006262
        6.760000           0.107951E-4        1.007001           0.862914E-5        1.006262
        6.761999           0.107958E-4        1.007001           0.862962E-5        1.006262
        6.763999           0.107964E-4        1.007001           0.863009E-5        1.006262
        6.765999           0.107971E-4        1.007002           0.863057E-5        1.006263
        6.768000           0.107978E-4        1.007002           0.863105E-5        1.006263
        6.770000           0.107984E-4        1.007002           0.863152E-5        1.006263
        6.771999           0.107991E-4        1.007002           0.863200E-5        1.006263
        6.774000           0.107998E-4        1.007002           0.863248E-5        1.006263
        6.776000           0.108004E-4        1.007003           0.863296E-5        1.006263
        6.778000           0.108011E-4        1.007003           0.863344E-5        1.006264
        6.779999           0.108018E-4        1.007003           0.863391E-5        1.006264
        6.781999           0.108024E-4        1.007003           0.863439E-5        1.006264
        6.783999           0.108031E-4        1.007004           0.863487E-5        1.006264
        6.785999           0.108038E-4        1.007004           0.863535E-5        1.006264
        6.788000           0.108045E-4        1.007004           0.863583E-5        1.006264
        6.789999           0.108051E-4        1.007004           0.863630E-5        1.006265
        6.792000           0.108058E-4        1.007004           0.863678E-5        1.006265
        6.794000           0.108065E-4        1.007005           0.863726E-5        1.006265
        6.796000           0.108071E-4        1.007005           0.863774E-5        1.006265
        6.797999           0.108078E-4        1.007005           0.863821E-5        1.006265
        6.799999           0.108085E-4        1.007005           0.863869E-5        1.006266
        6.802000           0.108091E-4        1.007006           0.863917E-5        1.006266
        6.804000           0.108098E-4        1.007006           0.863965E-5        1.006266
        6.806000           0.108105E-4        1.007006           0.864013E-5        1.006266
        6.808000           0.108111E-4        1.007006           0.864060E-5        1.006266
        6.809999           0.108118E-4        1.007006           0.864109E-5        1.006266
        6.811999           0.108125E-4        1.007007           0.864156E-5        1.006266
        6.814000           0.108132E-4        1.007007           0.864204E-5        1.006267
        6.816000           0.108138E-4        1.007007           0.864252E-5        1.006267
        6.817999           0.108145E-4        1.007007           0.864300E-5        1.006267
        6.819999           0.108152E-4        1.007007           0.864348E-5        1.006267
        6.821999           0.108158E-4        1.007008           0.864395E-5        1.006267
        6.824000           0.108165E-4        1.007008           0.864443E-5        1.006268
        6.826000           0.108172E-4        1.007008           0.864491E-5        1.006268
        6.828000           0.108179E-4        1.007008           0.864539E-5        1.006268
        6.829999           0.108185E-4        1.007009           0.864587E-5        1.006268
        6.831999           0.108192E-4        1.007009           0.864635E-5        1.006268
        6.834000           0.108199E-4        1.007009           0.864683E-5        1.006268
        6.835999           0.108205E-4        1.007009           0.864731E-5        1.006269
        6.837999           0.108212E-4        1.007009           0.864778E-5        1.006269
        6.839999           0.108219E-4        1.007010           0.864826E-5        1.006269
        6.841999           0.108226E-4        1.007010           0.864874E-5        1.006269
        6.844000           0.108232E-4        1.007010           0.864922E-5        1.006269
        6.846000           0.108239E-4        1.007010           0.864970E-5        1.006269
        6.848000           0.108246E-4        1.007010           0.865018E-5        1.006270
        6.849999           0.108252E-4        1.007011           0.865066E-5        1.006270
        6.851999           0.108259E-4        1.007011           0.865114E-5        1.006270
        6.854000           0.108266E-4        1.007011           0.865162E-5        1.006270
        6.855999           0.108272E-4        1.007011           0.865209E-5        1.006270
        6.857999           0.108279E-4        1.007012           0.865257E-5        1.006271
        6.859999           0.108286E-4        1.007012           0.865305E-5        1.006271
        6.861999           0.108293E-4        1.007012           0.865353E-5        1.006271
        6.864000           0.108299E-4        1.007012           0.865401E-5        1.006271
        6.866000           0.108306E-4        1.007012           0.865449E-5        1.006271
        6.868000           0.108313E-4        1.007013           0.865497E-5        1.006271
        6.869999           0.108320E-4        1.007013           0.865545E-5        1.006271
        6.871999           0.108326E-4        1.007013           0.865593E-5        1.006272
        6.874000           0.108333E-4        1.007013           0.865641E-5        1.006272
        6.875999           0.108340E-4        1.007014           0.865689E-5        1.006272
        6.877999           0.108346E-4        1.007014           0.865737E-5        1.006272
        6.879999           0.108353E-4        1.007014           0.865785E-5        1.006272
        6.882000           0.108360E-4        1.007014           0.865833E-5        1.006273
        6.884000           0.108367E-4        1.007014           0.865881E-5        1.006273
        6.886000           0.108373E-4        1.007015           0.865929E-5        1.006273
        6.888000           0.108380E-4        1.007015           0.865977E-5        1.006273
        6.889999           0.108387E-4        1.007015           0.866025E-5        1.006273
        6.892000           0.108393E-4        1.007015           0.866073E-5        1.006273
        6.894000           0.108400E-4        1.007015           0.866121E-5        1.006274
        6.895999           0.108407E-4        1.007016           0.866169E-5        1.006274
        6.897999           0.108414E-4        1.007016           0.866217E-5        1.006274
        6.899999           0.108420E-4        1.007016           0.866265E-5        1.006274
        6.902000           0.108427E-4        1.007016           0.866313E-5        1.006274
        6.904000           0.108434E-4        1.007017           0.866361E-5        1.006274
        6.906000           0.108441E-4        1.007017           0.866409E-5        1.006275
        6.908000           0.108447E-4        1.007017           0.866457E-5        1.006275
        6.909999           0.108454E-4        1.007017           0.866505E-5        1.006275
        6.912000           0.108461E-4        1.007017           0.866553E-5        1.006275
        6.914000           0.108468E-4        1.007018           0.866601E-5        1.006275
        6.915999           0.108474E-4        1.007018           0.866649E-5        1.006276
        6.917999           0.108481E-4        1.007018           0.866697E-5        1.006276
        6.919999           0.108488E-4        1.007018           0.866745E-5        1.006276
        6.922000           0.108494E-4        1.007019           0.866793E-5        1.006276
        6.924000           0.108501E-4        1.007019           0.866841E-5        1.006276
        6.926000           0.108508E-4        1.007019           0.866889E-5        1.006276
        6.927999           0.108515E-4        1.007019           0.866937E-5        1.006277
        6.929999           0.108521E-4        1.007019           0.866985E-5        1.006277
        6.932000           0.108528E-4        1.007020           0.867034E-5        1.006277
        6.934000           0.108535E-4        1.007020           0.867082E-5        1.006277
        6.935999           0.108542E-4        1.007020           0.867130E-5        1.006277
        6.937999           0.108548E-4        1.007020           0.867178E-5        1.006277
        6.939999           0.108555E-4        1.007020           0.867226E-5        1.006278
        6.942000           0.108562E-4        1.007021           0.867274E-5        1.006278
        6.944000           0.108569E-4        1.007021           0.867322E-5        1.006278
        6.946000           0.108575E-4        1.007021           0.867370E-5        1.006278
        6.947999           0.108582E-4        1.007021           0.867418E-5        1.006278
        6.949999           0.108589E-4        1.007022           0.867466E-5        1.006279
        6.952000           0.108596E-4        1.007022           0.867514E-5        1.006279
        6.954000           0.108602E-4        1.007022           0.867563E-5        1.006279
        6.955999           0.108609E-4        1.007022           0.867611E-5        1.006279
        6.957999           0.108616E-4        1.007022           0.867659E-5        1.006279
        6.960000           0.108623E-4        1.007023           0.867707E-5        1.006279
        6.962000           0.108629E-4        1.007023           0.867755E-5        1.006279
        6.964000           0.108636E-4        1.007023           0.867803E-5        1.006280
        6.966000           0.108643E-4        1.007023           0.867851E-5        1.006280
        6.967999           0.108650E-4        1.007024           0.867899E-5        1.006280
        6.970000           0.108656E-4        1.007024           0.867948E-5        1.006280
        6.972000           0.108663E-4        1.007024           0.867996E-5        1.006280
        6.974000           0.108670E-4        1.007024           0.868044E-5        1.006281
        6.975999           0.108677E-4        1.007024           0.868092E-5        1.006281
        6.977999           0.108683E-4        1.007025           0.868140E-5        1.006281
        6.980000           0.108690E-4        1.007025           0.868188E-5        1.006281
        6.982000           0.108697E-4        1.007025           0.868237E-5        1.006281
        6.984000           0.108704E-4        1.007025           0.868285E-5        1.006281
        6.985999           0.108710E-4        1.007025           0.868333E-5        1.006282
        6.987999           0.108717E-4        1.007026           0.868381E-5        1.006282
        6.990000           0.108724E-4        1.007026           0.868429E-5        1.006282
        6.992000           0.108731E-4        1.007026           0.868478E-5        1.006282
        6.993999           0.108737E-4        1.007026           0.868526E-5        1.006282
        6.995999           0.108744E-4        1.007027           0.868574E-5        1.006282
        6.997999           0.108751E-4        1.007027           0.868622E-5        1.006283
        7.000000           0.108758E-4        1.007027           0.868670E-5        1.006283
        7.002000           0.108764E-4        1.007027           0.868719E-5        1.006283
        7.003999           0.108771E-4        1.007027           0.868767E-5        1.006283
        7.005999           0.108778E-4        1.007028           0.868815E-5        1.006283
        7.007999           0.108785E-4        1.007028           0.868863E-5        1.006284
        7.010000           0.108791E-4        1.007028           0.868912E-5        1.006284
        7.012000           0.108798E-4        1.007028           0.868960E-5        1.006284
        7.013999           0.108805E-4        1.007028           0.869008E-5        1.006284
        7.015999           0.108812E-4        1.007029           0.869056E-5        1.006284
        7.017999           0.108818E-4        1.007029           0.869104E-5        1.006284
        7.020000           0.108825E-4        1.007029           0.869153E-5        1.006285
        7.021999           0.108832E-4        1.007029           0.869201E-5        1.006285
        7.023999           0.108839E-4        1.007030           0.869249E-5        1.006285
        7.025999           0.108846E-4        1.007030           0.869297E-5        1.006285
        7.028000           0.108852E-4        1.007030           0.869346E-5        1.006285
        7.030000           0.108859E-4        1.007030           0.869394E-5        1.006285
        7.032000           0.108866E-4        1.007030           0.869442E-5        1.006286
        7.033999           0.108873E-4        1.007031           0.869491E-5        1.006286
        7.035999           0.108879E-4        1.007031           0.869539E-5        1.006286
        7.038000           0.108886E-4        1.007031           0.869587E-5        1.006286
        7.039999           0.108893E-4        1.007031           0.869635E-5        1.006286
        7.041999           0.108900E-4        1.007032           0.869684E-5        1.006287
        7.043999           0.108907E-4        1.007032           0.869732E-5        1.006287
        7.045999           0.108913E-4        1.007032           0.869780E-5        1.006287
        7.048000           0.108920E-4        1.007032           0.869829E-5        1.006287
        7.050000           0.108927E-4        1.007032           0.869877E-5        1.006287
        7.052000           0.108934E-4        1.007033           0.869925E-5        1.006287
        7.053999           0.108940E-4        1.007033           0.869974E-5        1.006287
        7.055999           0.108947E-4        1.007033           0.870022E-5        1.006288
        7.058000           0.108954E-4        1.007033           0.870070E-5        1.006288
        7.059999           0.108961E-4        1.007034           0.870118E-5        1.006288
        7.061999           0.108968E-4        1.007034           0.870167E-5        1.006288
        7.063999           0.108974E-4        1.007034           0.870215E-5        1.006288
        7.065999           0.108981E-4        1.007034           0.870263E-5        1.006289
        7.068000           0.108988E-4        1.007034           0.870312E-5        1.006289
        7.070000           0.108995E-4        1.007035           0.870360E-5        1.006289
        7.072000           0.109001E-4        1.007035           0.870409E-5        1.006289
        7.073999           0.109008E-4        1.007035           0.870457E-5        1.006289
        7.075999           0.109015E-4        1.007035           0.870505E-5        1.006289
        7.078000           0.109022E-4        1.007035           0.870554E-5        1.006290
        7.079999           0.109029E-4        1.007036           0.870602E-5        1.006290
        7.081999           0.109035E-4        1.007036           0.870650E-5        1.006290
        7.083999           0.109042E-4        1.007036           0.870699E-5        1.006290
        7.085999           0.109049E-4        1.007036           0.870747E-5        1.006290
        7.088000           0.109056E-4        1.007037           0.870796E-5        1.006290
        7.090000           0.109062E-4        1.007037           0.870844E-5        1.006291
        7.092000           0.109069E-4        1.007037           0.870892E-5        1.006291
        7.093999           0.109076E-4        1.007037           0.870941E-5        1.006291
        7.095999           0.109083E-4        1.007037           0.870989E-5        1.006291
        7.098000           0.109090E-4        1.007038           0.871037E-5        1.006291
        7.099999           0.109096E-4        1.007038           0.871086E-5        1.006292
        7.101999           0.109103E-4        1.007038           0.871134E-5        1.006292
        7.103999           0.109110E-4        1.007038           0.871183E-5        1.006292
        7.106000           0.109117E-4        1.007039           0.871231E-5        1.006292
        7.108000           0.109124E-4        1.007039           0.871280E-5        1.006292
        7.110000           0.109130E-4        1.007039           0.871328E-5        1.006292
        7.112000           0.109137E-4        1.007039           0.871376E-5        1.006293
        7.113999           0.109144E-4        1.007039           0.871425E-5        1.006293
        7.116000           0.109151E-4        1.007040           0.871473E-5        1.006293
        7.118000           0.109158E-4        1.007040           0.871522E-5        1.006293
        7.119999           0.109164E-4        1.007040           0.871570E-5        1.006293
        7.121999           0.109171E-4        1.007040           0.871619E-5        1.006293
        7.123999           0.109178E-4        1.007041           0.871667E-5        1.006294
        7.126000           0.109185E-4        1.007041           0.871716E-5        1.006294
        7.128000           0.109192E-4        1.007041           0.871764E-5        1.006294
        7.130000           0.109198E-4        1.007041           0.871813E-5        1.006294
        7.131999           0.109205E-4        1.007041           0.871861E-5        1.006294
        7.133999           0.109212E-4        1.007042           0.871909E-5        1.006294
        7.136000           0.109219E-4        1.007042           0.871958E-5        1.006295
        7.138000           0.109226E-4        1.007042           0.872007E-5        1.006295
        7.139999           0.109232E-4        1.007042           0.872055E-5        1.006295
        7.141999           0.109239E-4        1.007043           0.872103E-5        1.006295
        7.143999           0.109246E-4        1.007043           0.872152E-5        1.006295
        7.146000           0.109253E-4        1.007043           0.872201E-5        1.006296
        7.148000           0.109260E-4        1.007043           0.872249E-5        1.006296
        7.150000           0.109266E-4        1.007043           0.872298E-5        1.006296
        7.151999           0.109273E-4        1.007044           0.872346E-5        1.006296
        7.153999           0.109280E-4        1.007044           0.872395E-5        1.006296
        7.156000           0.109287E-4        1.007044           0.872443E-5        1.006296
        7.158000           0.109294E-4        1.007044           0.872492E-5        1.006297
        7.159999           0.109301E-4        1.007044           0.872540E-5        1.006297
        7.161999           0.109307E-4        1.007045           0.872589E-5        1.006297
        7.163999           0.109314E-4        1.007045           0.872637E-5        1.006297
        7.166000           0.109321E-4        1.007045           0.872686E-5        1.006297
        7.168000           0.109328E-4        1.007045           0.872734E-5        1.006297
        7.170000           0.109335E-4        1.007046           0.872783E-5        1.006298
        7.171999           0.109341E-4        1.007046           0.872831E-5        1.006298
        7.173999           0.109348E-4        1.007046           0.872880E-5        1.006298
        7.176000           0.109355E-4        1.007046           0.872929E-5        1.006298
        7.177999           0.109362E-4        1.007046           0.872977E-5        1.006298
        7.179999           0.109369E-4        1.007047           0.873026E-5        1.006298
        7.181999           0.109375E-4        1.007047           0.873074E-5        1.006299
        7.184000           0.109382E-4        1.007047           0.873123E-5        1.006299
        7.186000           0.109389E-4        1.007047           0.873171E-5        1.006299
        7.188000           0.109396E-4        1.007048           0.873220E-5        1.006299
        7.190000           0.109403E-4        1.007048           0.873269E-5        1.006299
        7.191999           0.109410E-4        1.007048           0.873317E-5        1.006299
        7.194000           0.109416E-4        1.007048           0.873366E-5        1.006300
        7.196000           0.109423E-4        1.007048           0.873415E-5        1.006300
        7.197999           0.109430E-4        1.007049           0.873463E-5        1.006300
        7.199999           0.109437E-4        1.007049           0.873512E-5        1.006300
        7.201999           0.109444E-4        1.007049           0.873560E-5        1.006300
        7.204000           0.109451E-4        1.007049           0.873609E-5        1.006301
        7.206000           0.109457E-4        1.007049           0.873658E-5        1.006301
        7.208000           0.109464E-4        1.007050           0.873706E-5        1.006301
        7.210000           0.109471E-4        1.007050           0.873755E-5        1.006301
        7.211999           0.109478E-4        1.007050           0.873803E-5        1.006301
        7.214000           0.109485E-4        1.007050           0.873852E-5        1.006301
        7.216000           0.109491E-4        1.007051           0.873901E-5        1.006302
        7.217999           0.109498E-4        1.007051           0.873949E-5        1.006302
        7.219999           0.109505E-4        1.007051           0.873998E-5        1.006302
        7.221999           0.109512E-4        1.007051           0.874047E-5        1.006302
        7.224000           0.109519E-4        1.007051           0.874095E-5        1.006302
        7.226000           0.109526E-4        1.007052           0.874144E-5        1.006302
        7.228000           0.109532E-4        1.007052           0.874193E-5        1.006303
        7.229999           0.109539E-4        1.007052           0.874241E-5        1.006303
        7.231999           0.109546E-4        1.007052           0.874290E-5        1.006303
        7.234000           0.109553E-4        1.007053           0.874339E-5        1.006303
        7.236000           0.109560E-4        1.007053           0.874387E-5        1.006303
        7.237999           0.109567E-4        1.007053           0.874436E-5        1.006304
        7.239999           0.109573E-4        1.007053           0.874485E-5        1.006304
        7.241999           0.109580E-4        1.007053           0.874533E-5        1.006304
        7.244000           0.109587E-4        1.007054           0.874582E-5        1.006304
        7.245999           0.109594E-4        1.007054           0.874631E-5        1.006304
        7.247999           0.109601E-4        1.007054           0.874680E-5        1.006304
        7.249999           0.109608E-4        1.007054           0.874728E-5        1.006305
        7.251999           0.109614E-4        1.007055           0.874777E-5        1.006305
        7.254000           0.109621E-4        1.007055           0.874826E-5        1.006305
        7.256000           0.109628E-4        1.007055           0.874874E-5        1.006305
        7.257999           0.109635E-4        1.007055           0.874923E-5        1.006305
        7.259999           0.109642E-4        1.007055           0.874972E-5        1.006305
        7.262000           0.109649E-4        1.007056           0.875021E-5        1.006306
        7.263999           0.109656E-4        1.007056           0.875070E-5        1.006306
        7.265999           0.109662E-4        1.007056           0.875118E-5        1.006306
        7.267999           0.109669E-4        1.007056           0.875167E-5        1.006306
        7.269999           0.109676E-4        1.007056           0.875216E-5        1.006306
        7.272000           0.109683E-4        1.007057           0.875265E-5        1.006307
        7.274000           0.109690E-4        1.007057           0.875313E-5        1.006307
        7.276000           0.109697E-4        1.007057           0.875362E-5        1.006307
        7.277999           0.109703E-4        1.007057           0.875411E-5        1.006307
        7.279999           0.109710E-4        1.007058           0.875460E-5        1.006307
        7.282000           0.109717E-4        1.007058           0.875508E-5        1.006307
        7.283999           0.109724E-4        1.007058           0.875557E-5        1.006308
        7.285999           0.109731E-4        1.007058           0.875606E-5        1.006308
        7.287999           0.109738E-4        1.007059           0.875655E-5        1.006308
        7.289999           0.109745E-4        1.007059           0.875704E-5        1.006308
        7.292000           0.109751E-4        1.007059           0.875752E-5        1.006308
        7.294000           0.109758E-4        1.007059           0.875801E-5        1.006308
        7.296000           0.109765E-4        1.007059           0.875850E-5        1.006309
        7.297999           0.109772E-4        1.007060           0.875899E-5        1.006309
        7.299999           0.109779E-4        1.007060           0.875948E-5        1.006309
        7.302000           0.109786E-4        1.007060           0.875996E-5        1.006309
        7.303999           0.109793E-4        1.007060           0.876045E-5        1.006309
        7.305999           0.109799E-4        1.007060           0.876094E-5        1.006310
        7.307999           0.109806E-4        1.007061           0.876143E-5        1.006310
        7.309999           0.109813E-4        1.007061           0.876192E-5        1.006310
        7.312000           0.109820E-4        1.007061           0.876241E-5        1.006310
        7.314000           0.109827E-4        1.007061           0.876289E-5        1.006310
        7.316000           0.109834E-4        1.007061           0.876338E-5        1.006310
        7.317999           0.109841E-4        1.007062           0.876387E-5        1.006311
        7.319999           0.109847E-4        1.007062           0.876436E-5        1.006311
        7.322000           0.109854E-4        1.007062           0.876485E-5        1.006311
        7.323999           0.109861E-4        1.007062           0.876534E-5        1.006311
        7.325999           0.109868E-4        1.007063           0.876583E-5        1.006311
        7.327999           0.109875E-4        1.007063           0.876631E-5        1.006311
        7.330000           0.109882E-4        1.007063           0.876680E-5        1.006312
        7.332000           0.109889E-4        1.007063           0.876729E-5        1.006312
        7.334000           0.109896E-4        1.007064           0.876778E-5        1.006312
        7.335999           0.109902E-4        1.007064           0.876827E-5        1.006312
        7.337999           0.109909E-4        1.007064           0.876876E-5        1.006312
        7.340000           0.109916E-4        1.007064           0.876925E-5        1.006312
        7.342000           0.109923E-4        1.007064           0.876974E-5        1.006313
        7.343999           0.109930E-4        1.007065           0.877023E-5        1.006313
        7.345999           0.109937E-4        1.007065           0.877071E-5        1.006313
        7.347999           0.109944E-4        1.007065           0.877120E-5        1.006313
        7.350000           0.109950E-4        1.007065           0.877169E-5        1.006313
        7.352000           0.109957E-4        1.007066           0.877218E-5        1.006314
        7.354000           0.109964E-4        1.007066           0.877267E-5        1.006314
        7.355999           0.109971E-4        1.007066           0.877316E-5        1.006314
        7.357999           0.109978E-4        1.007066           0.877365E-5        1.006314
        7.360000           0.109985E-4        1.007066           0.877414E-5        1.006314
        7.362000           0.109992E-4        1.007067           0.877463E-5        1.006314
        7.363999           0.109999E-4        1.007067           0.877512E-5        1.006315
        7.365999           0.110005E-4        1.007067           0.877561E-5        1.006315
        7.367999           0.110012E-4        1.007067           0.877610E-5        1.006315
        7.370000           0.110019E-4        1.007067           0.877659E-5        1.006315
        7.372000           0.110026E-4        1.007068           0.877708E-5        1.006315
        7.374000           0.110033E-4        1.007068           0.877757E-5        1.006315
        7.375999           0.110040E-4        1.007068           0.877806E-5        1.006316
        7.377999           0.110047E-4        1.007068           0.877855E-5        1.006316
        7.380000           0.110054E-4        1.007069           0.877904E-5        1.006316
        7.381999           0.110061E-4        1.007069           0.877953E-5        1.006316
        7.383999           0.110067E-4        1.007069           0.878002E-5        1.006316
        7.385999           0.110074E-4        1.007069           0.878051E-5        1.006317
        7.387999           0.110081E-4        1.007069           0.878100E-5        1.006317
        7.390000           0.110088E-4        1.007070           0.878149E-5        1.006317
        7.392000           0.110095E-4        1.007070           0.878198E-5        1.006317
        7.394000           0.110102E-4        1.007070           0.878247E-5        1.006317
        7.395999           0.110109E-4        1.007070           0.878296E-5        1.006317
        7.397999           0.110116E-4        1.007071           0.878345E-5        1.006318
        7.400000           0.110123E-4        1.007071           0.878394E-5        1.006318
        7.401999           0.110129E-4        1.007071           0.878443E-5        1.006318
        7.403999           0.110136E-4        1.007071           0.878492E-5        1.006318
        7.405999           0.110143E-4        1.007071           0.878541E-5        1.006318
        7.408000           0.110150E-4        1.007072           0.878590E-5        1.006318
        7.410000           0.110157E-4        1.007072           0.878639E-5        1.006319
        7.412000           0.110164E-4        1.007072           0.878688E-5        1.006319
        7.414000           0.110171E-4        1.007072           0.878737E-5        1.006319
        7.415999           0.110178E-4        1.007073           0.878786E-5        1.006319
        7.418000           0.110185E-4        1.007073           0.878835E-5        1.006319
        7.420000           0.110191E-4        1.007073           0.878884E-5        1.006320
        7.421999           0.110198E-4        1.007073           0.878933E-5        1.006320
        7.423999           0.110205E-4        1.007073           0.878982E-5        1.006320
        7.425999           0.110212E-4        1.007074           0.879031E-5        1.006320
        7.428000           0.110219E-4        1.007074           0.879080E-5        1.006320
        7.430000           0.110226E-4        1.007074           0.879130E-5        1.006320
        7.432000           0.110233E-4        1.007074           0.879179E-5        1.006321
        7.434000           0.110240E-4        1.007074           0.879228E-5        1.006321
        7.435999           0.110247E-4        1.007075           0.879277E-5        1.006321
        7.438000           0.110254E-4        1.007075           0.879326E-5        1.006321
        7.440000           0.110260E-4        1.007075           0.879375E-5        1.006321
        7.441999           0.110267E-4        1.007075           0.879424E-5        1.006321
        7.443999           0.110274E-4        1.007076           0.879473E-5        1.006322
        7.445999           0.110281E-4        1.007076           0.879522E-5        1.006322
        7.448000           0.110288E-4        1.007076           0.879572E-5        1.006322
        7.450000           0.110295E-4        1.007076           0.879621E-5        1.006322
        7.452000           0.110302E-4        1.007077           0.879670E-5        1.006322
        7.453999           0.110309E-4        1.007077           0.879719E-5        1.006323
        7.455999           0.110316E-4        1.007077           0.879768E-5        1.006323
        7.458000           0.110323E-4        1.007077           0.879817E-5        1.006323
        7.460000           0.110329E-4        1.007077           0.879866E-5        1.006323
        7.461999           0.110336E-4        1.007078           0.879915E-5        1.006323
        7.463999           0.110343E-4        1.007078           0.879965E-5        1.006323
        7.465999           0.110350E-4        1.007078           0.880014E-5        1.006324
        7.468000           0.110357E-4        1.007078           0.880063E-5        1.006324
        7.470000           0.110364E-4        1.007079           0.880112E-5        1.006324
        7.471999           0.110371E-4        1.007079           0.880161E-5        1.006324
        7.473999           0.110378E-4        1.007079           0.880210E-5        1.006324
        7.475999           0.110385E-4        1.007079           0.880260E-5        1.006324
        7.478000           0.110392E-4        1.007079           0.880309E-5        1.006325
        7.480000           0.110399E-4        1.007080           0.880358E-5        1.006325
        7.481999           0.110405E-4        1.007080           0.880407E-5        1.006325
        7.483999           0.110412E-4        1.007080           0.880457E-5        1.006325
        7.486000           0.110419E-4        1.007080           0.880506E-5        1.006325
        7.488000           0.110426E-4        1.007080           0.880555E-5        1.006325
        7.489999           0.110433E-4        1.007081           0.880604E-5        1.006326
        7.491999           0.110440E-4        1.007081           0.880653E-5        1.006326
        7.493999           0.110447E-4        1.007081           0.880702E-5        1.006326
        7.496000           0.110454E-4        1.007081           0.880752E-5        1.006326
        7.498000           0.110461E-4        1.007082           0.880801E-5        1.006326
        7.500000           0.110468E-4        1.007082           0.880850E-5        1.006327
        7.501999           0.110475E-4        1.007082           0.880899E-5        1.006327
        7.503999           0.110482E-4        1.007082           0.880949E-5        1.006327
        7.506000           0.110489E-4        1.007082           0.880998E-5        1.006327
        7.507999           0.110495E-4        1.007083           0.881047E-5        1.006327
        7.509999           0.110502E-4        1.007083           0.881096E-5        1.006327
        7.511999           0.110509E-4        1.007083           0.881146E-5        1.006328
        7.513999           0.110516E-4        1.007083           0.881195E-5        1.006328
        7.516000           0.110523E-4        1.007084           0.881244E-5        1.006328
        7.518000           0.110530E-4        1.007084           0.881293E-5        1.006328
        7.520000           0.110537E-4        1.007084           0.881343E-5        1.006328
        7.521999           0.110544E-4        1.007084           0.881392E-5        1.006328
        7.523999           0.110551E-4        1.007084           0.881441E-5        1.006329
        7.526000           0.110558E-4        1.007085           0.881491E-5        1.006329
        7.527999           0.110565E-4        1.007085           0.881540E-5        1.006329
        7.529999           0.110572E-4        1.007085           0.881589E-5        1.006329
        7.531999           0.110579E-4        1.007085           0.881638E-5        1.006329
        7.533999           0.110586E-4        1.007086           0.881688E-5        1.006330
        7.536000           0.110592E-4        1.007086           0.881737E-5        1.006330
        7.538000           0.110599E-4        1.007086           0.881786E-5        1.006330
        7.539999           0.110606E-4        1.007086           0.881836E-5        1.006330
        7.541999           0.110613E-4        1.007086           0.881885E-5        1.006330
        7.543999           0.110620E-4        1.007087           0.881934E-5        1.006330
        7.546000           0.110627E-4        1.007087           0.881984E-5        1.006331
        7.547999           0.110634E-4        1.007087           0.882033E-5        1.006331
        7.549999           0.110641E-4        1.007087           0.882082E-5        1.006331
        7.551999           0.110648E-4        1.007088           0.882132E-5        1.006331
        7.554000           0.110655E-4        1.007088           0.882181E-5        1.006331
        7.556000           0.110662E-4        1.007088           0.882230E-5        1.006331
        7.558000           0.110669E-4        1.007088           0.882280E-5        1.006332
        7.559999           0.110676E-4        1.007088           0.882329E-5        1.006332
        7.561999           0.110683E-4        1.007089           0.882378E-5        1.006332
        7.564000           0.110690E-4        1.007089           0.882428E-5        1.006332
        7.566000           0.110697E-4        1.007089           0.882477E-5        1.006332
        7.567999           0.110703E-4        1.007089           0.882526E-5        1.006333
        7.569999           0.110710E-4        1.007089           0.882576E-5        1.006333
        7.571999           0.110717E-4        1.007090           0.882625E-5        1.006333
        7.574000           0.110724E-4        1.007090           0.882675E-5        1.006333
        7.576000           0.110731E-4        1.007090           0.882724E-5        1.006333
        7.578000           0.110738E-4        1.007090           0.882773E-5        1.006333
        7.579999           0.110745E-4        1.007091           0.882823E-5        1.006334
        7.581999           0.110752E-4        1.007091           0.882872E-5        1.006334
        7.584000           0.110759E-4        1.007091           0.882922E-5        1.006334
        7.585999           0.110766E-4        1.007091           0.882971E-5        1.006334
        7.587999           0.110773E-4        1.007092           0.883020E-5        1.006334
        7.589999           0.110780E-4        1.007092           0.883070E-5        1.006334
        7.591999           0.110787E-4        1.007092           0.883119E-5        1.006335
        7.594000           0.110794E-4        1.007092           0.883169E-5        1.006335
        7.596000           0.110801E-4        1.007092           0.883218E-5        1.006335
        7.598000           0.110808E-4        1.007093           0.883267E-5        1.006335
        7.599999           0.110815E-4        1.007093           0.883317E-5        1.006335
        7.601999           0.110822E-4        1.007093           0.883367E-5        1.006335
        7.604000           0.110829E-4        1.007093           0.883416E-5        1.006336
        7.605999           0.110835E-4        1.007094           0.883465E-5        1.006336
        7.607999           0.110842E-4        1.007094           0.883515E-5        1.006336
        7.609999           0.110849E-4        1.007094           0.883564E-5        1.006336
        7.611999           0.110856E-4        1.007094           0.883614E-5        1.006336
        7.614000           0.110863E-4        1.007094           0.883663E-5        1.006337
        7.616000           0.110870E-4        1.007095           0.883713E-5        1.006337
        7.618000           0.110877E-4        1.007095           0.883762E-5        1.006337
        7.619999           0.110884E-4        1.007095           0.883812E-5        1.006337
        7.621999           0.110891E-4        1.007095           0.883861E-5        1.006337
        7.624000           0.110898E-4        1.007096           0.883911E-5        1.006338
        7.625999           0.110905E-4        1.007096           0.883960E-5        1.006338
        7.627999           0.110912E-4        1.007096           0.884009E-5        1.006338
        7.629999           0.110919E-4        1.007096           0.884059E-5        1.006338
        7.632000           0.110926E-4        1.007096           0.884109E-5        1.006338
        7.634000           0.110933E-4        1.007097           0.884158E-5        1.006338
        7.636000           0.110940E-4        1.007097           0.884208E-5        1.006339
        7.638000           0.110947E-4        1.007097           0.884257E-5        1.006339
        7.639999           0.110954E-4        1.007097           0.884307E-5        1.006339
        7.642000           0.110961E-4        1.007097           0.884356E-5        1.006339
        7.644000           0.110968E-4        1.007098           0.884406E-5        1.006339
        7.645999           0.110975E-4        1.007098           0.884455E-5        1.006339
        7.647999           0.110982E-4        1.007098           0.884505E-5        1.006340
        7.649999           0.110989E-4        1.007098           0.884554E-5        1.006340
        7.652000           0.110996E-4        1.007099           0.884604E-5        1.006340
        7.654000           0.111003E-4        1.007099           0.884653E-5        1.006340
        7.656000           0.111010E-4        1.007099           0.884703E-5        1.006340
        7.658000           0.111017E-4        1.007099           0.884752E-5        1.006341
        7.659999           0.111024E-4        1.007100           0.884802E-5        1.006341
        7.662000           0.111031E-4        1.007100           0.884852E-5        1.006341
        7.664000           0.111037E-4        1.007100           0.884901E-5        1.006341
        7.665999           0.111044E-4        1.007100           0.884951E-5        1.006341
        7.667999           0.111051E-4        1.007100           0.885000E-5        1.006341
        7.669999           0.111058E-4        1.007101           0.885050E-5        1.006342
        7.672000           0.111065E-4        1.007101           0.885100E-5        1.006342
        7.674000           0.111072E-4        1.007101           0.885149E-5        1.006342
        7.676000           0.111079E-4        1.007101           0.885199E-5        1.006342
        7.677999           0.111086E-4        1.007102           0.885248E-5        1.006342
        7.679999           0.111093E-4        1.007102           0.885298E-5        1.006342
        7.682000           0.111100E-4        1.007102           0.885348E-5        1.006343
        7.684000           0.111107E-4        1.007102           0.885397E-5        1.006343
        7.685999           0.111114E-4        1.007102           0.885447E-5        1.006343
        7.687999           0.111121E-4        1.007103           0.885496E-5        1.006343
        7.689999           0.111128E-4        1.007103           0.885546E-5        1.006343
        7.692000           0.111135E-4        1.007103           0.885596E-5        1.006343
        7.694000           0.111142E-4        1.007103           0.885645E-5        1.006344
        7.695999           0.111149E-4        1.007104           0.885695E-5        1.006344
        7.697999           0.111156E-4        1.007104           0.885745E-5        1.006344
        7.699999           0.111163E-4        1.007104           0.885794E-5        1.006344
        7.702000           0.111170E-4        1.007104           0.885844E-5        1.006344
        7.704000           0.111177E-4        1.007104           0.885894E-5        1.006345
        7.705999           0.111184E-4        1.007105           0.885943E-5        1.006345
        7.707999           0.111191E-4        1.007105           0.885993E-5        1.006345
        7.710000           0.111198E-4        1.007105           0.886043E-5        1.006345
        7.712000           0.111205E-4        1.007105           0.886092E-5        1.006345
        7.713999           0.111212E-4        1.007105           0.886142E-5        1.006345
        7.715999           0.111219E-4        1.007106           0.886191E-5        1.006346
        7.717999           0.111226E-4        1.007106           0.886241E-5        1.006346
        7.720000           0.111233E-4        1.007106           0.886291E-5        1.006346
        7.722000           0.111240E-4        1.007106           0.886341E-5        1.006346
        7.724000           0.111247E-4        1.007107           0.886390E-5        1.006346
        7.725999           0.111254E-4        1.007107           0.886440E-5        1.006346
        7.727999           0.111261E-4        1.007107           0.886490E-5        1.006347
        7.730000           0.111268E-4        1.007107           0.886539E-5        1.006347
        7.731999           0.111275E-4        1.007107           0.886589E-5        1.006347
        7.733999           0.111282E-4        1.007108           0.886639E-5        1.006347
        7.735999           0.111289E-4        1.007108           0.886689E-5        1.006347
        7.737999           0.111296E-4        1.007108           0.886738E-5        1.006348
        7.740000           0.111303E-4        1.007108           0.886788E-5        1.006348
        7.742000           0.111310E-4        1.007109           0.886838E-5        1.006348
        7.743999           0.111317E-4        1.007109           0.886887E-5        1.006348
        7.745999           0.111324E-4        1.007109           0.886937E-5        1.006348
        7.747999           0.111331E-4        1.007109           0.886987E-5        1.006348
        7.750000           0.111338E-4        1.007110           0.887037E-5        1.006349
        7.751999           0.111345E-4        1.007110           0.887086E-5        1.006349
        7.753999           0.111352E-4        1.007110           0.887136E-5        1.006349
        7.755999           0.111359E-4        1.007110           0.887186E-5        1.006349
        7.757999           0.111366E-4        1.007110           0.887236E-5        1.006349
        7.760000           0.111373E-4        1.007111           0.887286E-5        1.006350
        7.762000           0.111380E-4        1.007111           0.887335E-5        1.006350
        7.763999           0.111387E-4        1.007111           0.887385E-5        1.006350
        7.765999           0.111394E-4        1.007111           0.887435E-5        1.006350
        7.767999           0.111401E-4        1.007112           0.887485E-5        1.006350
        7.770000           0.111408E-4        1.007112           0.887534E-5        1.006350
        7.771999           0.111415E-4        1.007112           0.887584E-5        1.006351
        7.773999           0.111422E-4        1.007112           0.887634E-5        1.006351
        7.775999           0.111429E-4        1.007112           0.887684E-5        1.006351
        7.777999           0.111436E-4        1.007113           0.887734E-5        1.006351
        7.780000           0.111443E-4        1.007113           0.887783E-5        1.006351
        7.782000           0.111450E-4        1.007113           0.887833E-5        1.006351
        7.783999           0.111457E-4        1.007113           0.887883E-5        1.006352
        7.785999           0.111464E-4        1.007114           0.887933E-5        1.006352
        7.788000           0.111471E-4        1.007114           0.887983E-5        1.006352
        7.789999           0.111478E-4        1.007114           0.888033E-5        1.006352
        7.791999           0.111485E-4        1.007114           0.888083E-5        1.006352
        7.793999           0.111492E-4        1.007114           0.888132E-5        1.006353
        7.795999           0.111499E-4        1.007115           0.888182E-5        1.006353
        7.798000           0.111506E-4        1.007115           0.888232E-5        1.006353
        7.800000           0.111513E-4        1.007115           0.888282E-5        1.006353
        7.802000           0.111520E-4        1.007115           0.888332E-5        1.006353
        7.803999           0.111527E-4        1.007116           0.888382E-5        1.006353
        7.805999           0.111534E-4        1.007116           0.888432E-5        1.006354
        7.808000           0.111541E-4        1.007116           0.888481E-5        1.006354
        7.809999           0.111548E-4        1.007116           0.888531E-5        1.006354
        7.811999           0.111555E-4        1.007116           0.888581E-5        1.006354
        7.813999           0.111562E-4        1.007117           0.888631E-5        1.006354
        7.815999           0.111570E-4        1.007117           0.888681E-5        1.006354
        7.818000           0.111577E-4        1.007117           0.888731E-5        1.006355
        7.820000           0.111584E-4        1.007117           0.888781E-5        1.006355
        7.822000           0.111591E-4        1.007118           0.888831E-5        1.006355
        7.823999           0.111598E-4        1.007118           0.888880E-5        1.006355
        7.825999           0.111605E-4        1.007118           0.888931E-5        1.006355
        7.828000           0.111612E-4        1.007118           0.888980E-5        1.006356
        7.829999           0.111619E-4        1.007118           0.889030E-5        1.006356
        7.831999           0.111626E-4        1.007119           0.889080E-5        1.006356
        7.833999           0.111633E-4        1.007119           0.889130E-5        1.006356
        7.835999           0.111640E-4        1.007119           0.889180E-5        1.006356
        7.838000           0.111647E-4        1.007119           0.889230E-5        1.006356
        7.840000           0.111654E-4        1.007120           0.889280E-5        1.006357
        7.842000           0.111661E-4        1.007120           0.889330E-5        1.006357
        7.843999           0.111668E-4        1.007120           0.889380E-5        1.006357
        7.845999           0.111675E-4        1.007120           0.889430E-5        1.006357
        7.848000           0.111682E-4        1.007120           0.889480E-5        1.006357
        7.849999           0.111689E-4        1.007121           0.889530E-5        1.006358
        7.851999           0.111696E-4        1.007121           0.889580E-5        1.006358
        7.853999           0.111703E-4        1.007121           0.889630E-5        1.006358
        7.856000           0.111710E-4        1.007121           0.889680E-5        1.006358
        7.858000           0.111717E-4        1.007122           0.889730E-5        1.006358
        7.860000           0.111724E-4        1.007122           0.889779E-5        1.006358
        7.862000           0.111731E-4        1.007122           0.889830E-5        1.006359
        7.863999           0.111738E-4        1.007122           0.889880E-5        1.006359
        7.866000           0.111745E-4        1.007123           0.889930E-5        1.006359
        7.868000           0.111752E-4        1.007123           0.889979E-5        1.006359
        7.869999           0.111759E-4        1.007123           0.890030E-5        1.006359
        7.871999           0.111767E-4        1.007123           0.890080E-5        1.006359
        7.873999           0.111774E-4        1.007123           0.890129E-5        1.006360
        7.876000           0.111781E-4        1.007124           0.890180E-5        1.006360
        7.878000           0.111788E-4        1.007124           0.890230E-5        1.006360
        7.880000           0.111795E-4        1.007124           0.890280E-5        1.006360
        7.881999           0.111802E-4        1.007124           0.890329E-5        1.006360
        7.883999           0.111809E-4        1.007124           0.890380E-5        1.006361
        7.886000           0.111816E-4        1.007125           0.890430E-5        1.006361
        7.888000           0.111823E-4        1.007125           0.890480E-5        1.006361
        7.889999           0.111830E-4        1.007125           0.890530E-5        1.006361
        7.891999           0.111837E-4        1.007125           0.890580E-5        1.006361
        7.893999           0.111844E-4        1.007126           0.890630E-5        1.006361
        7.896000           0.111851E-4        1.007126           0.890680E-5        1.006362
        7.898000           0.111858E-4        1.007126           0.890730E-5        1.006362
        7.900000           0.111865E-4        1.007126           0.890780E-5        1.006362
        7.901999           0.111872E-4        1.007126           0.890830E-5        1.006362
        7.903999           0.111879E-4        1.007127           0.890880E-5        1.006362
        7.906000           0.111886E-4        1.007127           0.890930E-5        1.006363
        7.908000           0.111893E-4        1.007127           0.890980E-5        1.006363
        7.909999           0.111900E-4        1.007127           0.891031E-5        1.006363
        7.911999           0.111908E-4        1.007128           0.891081E-5        1.006363
        7.913999           0.111915E-4        1.007128           0.891131E-5        1.006363
        7.916000           0.111922E-4        1.007128           0.891181E-5        1.006363
        7.918000           0.111929E-4        1.007128           0.891231E-5        1.006364
        7.920000           0.111936E-4        1.007128           0.891281E-5        1.006364
        7.921999           0.111943E-4        1.007129           0.891331E-5        1.006364
        7.923999           0.111950E-4        1.007129           0.891381E-5        1.006364
        7.926000           0.111957E-4        1.007129           0.891431E-5        1.006364
        7.927999           0.111964E-4        1.007129           0.891482E-5        1.006364
        7.929999           0.111971E-4        1.007130           0.891532E-5        1.006365
        7.931999           0.111978E-4        1.007130           0.891582E-5        1.006365
        7.934000           0.111985E-4        1.007130           0.891632E-5        1.006365
        7.936000           0.111992E-4        1.007130           0.891682E-5        1.006365
        7.938000           0.111999E-4        1.007131           0.891732E-5        1.006365
        7.939999           0.112006E-4        1.007131           0.891782E-5        1.006366
        7.941999           0.112013E-4        1.007131           0.891833E-5        1.006366
        7.944000           0.112021E-4        1.007131           0.891883E-5        1.006366
        7.946000           0.112028E-4        1.007131           0.891933E-5        1.006366
        7.947999           0.112035E-4        1.007132           0.891983E-5        1.006366
        7.949999           0.112042E-4        1.007132           0.892033E-5        1.006366
        7.951999           0.112049E-4        1.007132           0.892083E-5        1.006367
        7.954000           0.112056E-4        1.007132           0.892134E-5        1.006367
        7.955999           0.112063E-4        1.007133           0.892184E-5        1.006367
        7.957999           0.112070E-4        1.007133           0.892234E-5        1.006367
        7.959999           0.112077E-4        1.007133           0.892284E-5        1.006367
        7.961999           0.112084E-4        1.007133           0.892334E-5        1.006367
        7.964000           0.112091E-4        1.007133           0.892385E-5        1.006368
        7.966000           0.112098E-4        1.007134           0.892435E-5        1.006368
        7.967999           0.112105E-4        1.007134           0.892485E-5        1.006368
        7.969999           0.112112E-4        1.007134           0.892535E-5        1.006368
        7.971999           0.112120E-4        1.007134           0.892585E-5        1.006368
        7.974000           0.112127E-4        1.007135           0.892636E-5        1.006369
        7.975999           0.112134E-4        1.007135           0.892686E-5        1.006369
        7.977999           0.112141E-4        1.007135           0.892736E-5        1.006369
        7.979999           0.112148E-4        1.007135           0.892786E-5        1.006369
        7.981999           0.112155E-4        1.007135           0.892836E-5        1.006369
        7.984000           0.112162E-4        1.007136           0.892887E-5        1.006369
        7.986000           0.112169E-4        1.007136           0.892937E-5        1.006370
        7.987999           0.112176E-4        1.007136           0.892987E-5        1.006370
        7.989999           0.112183E-4        1.007136           0.893037E-5        1.006370
        7.991999           0.112190E-4        1.007137           0.893088E-5        1.006370
        7.993999           0.112197E-4        1.007137           0.893138E-5        1.006370
        7.995999           0.112205E-4        1.007137           0.893188E-5        1.006371
        7.997999           0.112212E-4        1.007137           0.893239E-5        1.006371
        7.999999           0.112219E-4        1.007137           0.893289E-5        1.006371
        8.001999           0.112226E-4        1.007138           0.893339E-5        1.006371
        8.004000           0.112233E-4        1.007138           0.893390E-5        1.006371
        8.006000           0.112240E-4        1.007138           0.893440E-5        1.006371
        8.007999           0.112247E-4        1.007138           0.893490E-5        1.006372
        8.009999           0.112254E-4        1.007139           0.893540E-5        1.006372
        8.012000           0.112261E-4        1.007139           0.893591E-5        1.006372
        8.014000           0.112268E-4        1.007139           0.893641E-5        1.006372
        8.016000           0.112275E-4        1.007139           0.893691E-5        1.006372
        8.018000           0.112283E-4        1.007139           0.893742E-5        1.006372
        8.020000           0.112290E-4        1.007140           0.893792E-5        1.006373
        8.021999           0.112297E-4        1.007140           0.893842E-5        1.006373
        8.023999           0.112304E-4        1.007140           0.893893E-5        1.006373
        8.025999           0.112311E-4        1.007140           0.893943E-5        1.006373
        8.027999           0.112318E-4        1.007141           0.893993E-5        1.006373
        8.029999           0.112325E-4        1.007141           0.894044E-5        1.006374
        8.032000           0.112332E-4        1.007141           0.894094E-5        1.006374
        8.033999           0.112339E-4        1.007141           0.894144E-5        1.006374
        8.035999           0.112346E-4        1.007141           0.894195E-5        1.006374
        8.037999           0.112353E-4        1.007142           0.894245E-5        1.006374
        8.039999           0.112361E-4        1.007142           0.894295E-5        1.006374
        8.042000           0.112368E-4        1.007142           0.894346E-5        1.006375
        8.044000           0.112375E-4        1.007142           0.894396E-5        1.006375
        8.046000           0.112382E-4        1.007143           0.894447E-5        1.006375
        8.047999           0.112389E-4        1.007143           0.894497E-5        1.006375
        8.049999           0.112396E-4        1.007143           0.894547E-5        1.006375
        8.052000           0.112403E-4        1.007143           0.894598E-5        1.006376
        8.054000           0.112410E-4        1.007143           0.894648E-5        1.006376
        8.056000           0.112417E-4        1.007144           0.894698E-5        1.006376
        8.058000           0.112425E-4        1.007144           0.894749E-5        1.006376
        8.059999           0.112432E-4        1.007144           0.894799E-5        1.006376
        8.061999           0.112439E-4        1.007144           0.894850E-5        1.006376
        8.063999           0.112446E-4        1.007145           0.894900E-5        1.006377
        8.065999           0.112453E-4        1.007145           0.894951E-5        1.006377
        8.067999           0.112460E-4        1.007145           0.895001E-5        1.006377
        8.069999           0.112467E-4        1.007145           0.895051E-5        1.006377
        8.072000           0.112474E-4        1.007146           0.895102E-5        1.006377
        8.073999           0.112481E-4        1.007146           0.895152E-5        1.006377
        8.075999           0.112488E-4        1.007146           0.895203E-5        1.006378
        8.077999           0.112496E-4        1.007146           0.895253E-5        1.006378
        8.080000           0.112503E-4        1.007146           0.895304E-5        1.006378
        8.082000           0.112510E-4        1.007147           0.895354E-5        1.006378
        8.084000           0.112517E-4        1.007147           0.895405E-5        1.006378
        8.085999           0.112524E-4        1.007147           0.895455E-5        1.006379
        8.087999           0.112531E-4        1.007147           0.895505E-5        1.006379
        8.090000           0.112538E-4        1.007148           0.895556E-5        1.006379
        8.092000           0.112545E-4        1.007148           0.895606E-5        1.006379
        8.094000           0.112553E-4        1.007148           0.895657E-5        1.006379
        8.096000           0.112560E-4        1.007148           0.895707E-5        1.006379
        8.098000           0.112567E-4        1.007149           0.895758E-5        1.006380
        8.099999           0.112574E-4        1.007149           0.895808E-5        1.006380
        8.101999           0.112581E-4        1.007149           0.895859E-5        1.006380
        8.103999           0.112588E-4        1.007149           0.895909E-5        1.006380
        8.105999           0.112595E-4        1.007149           0.895960E-5        1.006380
        8.107999           0.112602E-4        1.007150           0.896010E-5        1.006381
        8.110000           0.112610E-4        1.007150           0.896061E-5        1.006381
        8.112000           0.112617E-4        1.007150           0.896111E-5        1.006381
        8.113999           0.112624E-4        1.007150           0.896162E-5        1.006381
        8.115999           0.112631E-4        1.007151           0.896213E-5        1.006381
        8.117999           0.112638E-4        1.007151           0.896263E-5        1.006381
        8.120000           0.112645E-4        1.007151           0.896314E-5        1.006382
        8.122000           0.112652E-4        1.007151           0.896364E-5        1.006382
        8.124000           0.112659E-4        1.007151           0.896415E-5        1.006382
        8.125999           0.112667E-4        1.007152           0.896465E-5        1.006382
        8.127999           0.112674E-4        1.007152           0.896516E-5        1.006382
        8.130000           0.112681E-4        1.007152           0.896566E-5        1.006383
        8.132000           0.112688E-4        1.007152           0.896617E-5        1.006383
        8.134000           0.112695E-4        1.007153           0.896668E-5        1.006383
        8.136000           0.112702E-4        1.007153           0.896718E-5        1.006383
        8.137999           0.112709E-4        1.007153           0.896769E-5        1.006383
        8.139999           0.112716E-4        1.007153           0.896819E-5        1.006383
        8.141999           0.112724E-4        1.007153           0.896870E-5        1.006384
        8.143999           0.112731E-4        1.007154           0.896920E-5        1.006384
        8.145999           0.112738E-4        1.007154           0.896971E-5        1.006384
        8.147999           0.112745E-4        1.007154           0.897022E-5        1.006384
        8.150000           0.112752E-4        1.007154           0.897072E-5        1.006384
        8.151999           0.112759E-4        1.007155           0.897123E-5        1.006384
        8.153999           0.112766E-4        1.007155           0.897173E-5        1.006385
        8.155999           0.112774E-4        1.007155           0.897224E-5        1.006385
        8.158000           0.112781E-4        1.007155           0.897275E-5        1.006385
        8.160000           0.112788E-4        1.007155           0.897325E-5        1.006385
        8.162000           0.112795E-4        1.007156           0.897376E-5        1.006385
        8.164000           0.112802E-4        1.007156           0.897427E-5        1.006386
        8.165999           0.112809E-4        1.007156           0.897477E-5        1.006386
        8.168000           0.112816E-4        1.007156           0.897528E-5        1.006386
        8.170000           0.112824E-4        1.007157           0.897579E-5        1.006386
        8.171999           0.112831E-4        1.007157           0.897629E-5        1.006386
        8.173999           0.112838E-4        1.007157           0.897680E-5        1.006387
        8.175999           0.112845E-4        1.007157           0.897730E-5        1.006387
        8.177999           0.112852E-4        1.007157           0.897781E-5        1.006387
        8.179999           0.112859E-4        1.007158           0.897832E-5        1.006387
        8.181999           0.112866E-4        1.007158           0.897882E-5        1.006387
        8.183999           0.112874E-4        1.007158           0.897933E-5        1.006387
        8.185999           0.112881E-4        1.007158           0.897984E-5        1.006388
        8.188000           0.112888E-4        1.007159           0.898035E-5        1.006388
        8.190000           0.112895E-4        1.007159           0.898085E-5        1.006388
        8.191999           0.112902E-4        1.007159           0.898136E-5        1.006388
        8.193999           0.112909E-4        1.007159           0.898186E-5        1.006388
        8.195999           0.112917E-4        1.007160           0.898237E-5        1.006388
        8.198000           0.112924E-4        1.007160           0.898288E-5        1.006389
        8.200000           0.112931E-4        1.007160           0.898339E-5        1.006389
        8.202000           0.112938E-4        1.007160           0.898389E-5        1.006389
        8.204000           0.112945E-4        1.007160           0.898440E-5        1.006389
        8.205999           0.112952E-4        1.007161           0.898491E-5        1.006389
        8.207999           0.112959E-4        1.007161           0.898541E-5        1.006389
        8.209999           0.112967E-4        1.007161           0.898592E-5        1.006390
        8.211999           0.112974E-4        1.007161           0.898643E-5        1.006390
        8.213999           0.112981E-4        1.007162           0.898694E-5        1.006390
        8.215999           0.112988E-4        1.007162           0.898744E-5        1.006390
        8.217999           0.112995E-4        1.007162           0.898795E-5        1.006390
        8.219999           0.113002E-4        1.007162           0.898846E-5        1.006391
        8.221999           0.113010E-4        1.007162           0.898897E-5        1.006391
        8.223999           0.113017E-4        1.007163           0.898947E-5        1.006391
        8.225999           0.113024E-4        1.007163           0.898998E-5        1.006391
        8.228000           0.113031E-4        1.007163           0.899049E-5        1.006391
        8.230000           0.113038E-4        1.007163           0.899100E-5        1.006392
        8.231999           0.113045E-4        1.007164           0.899151E-5        1.006392
        8.233999           0.113053E-4        1.007164           0.899201E-5        1.006392
        8.236000           0.113060E-4        1.007164           0.899252E-5        1.006392
        8.238000           0.113067E-4        1.007164           0.899303E-5        1.006392
        8.240000           0.113074E-4        1.007164           0.899354E-5        1.006392
        8.242000           0.113081E-4        1.007165           0.899404E-5        1.006393
        8.243999           0.113088E-4        1.007165           0.899455E-5        1.006393
        8.245999           0.113096E-4        1.007165           0.899506E-5        1.006393
        8.247999           0.113103E-4        1.007165           0.899557E-5        1.006393
        8.249999           0.113110E-4        1.007166           0.899608E-5        1.006393
        8.251999           0.113117E-4        1.007166           0.899659E-5        1.006393
        8.253999           0.113124E-4        1.007166           0.899709E-5        1.006394
        8.256000           0.113131E-4        1.007166           0.899760E-5        1.006394
        8.257999           0.113139E-4        1.007167           0.899811E-5        1.006394
        8.259999           0.113146E-4        1.007167           0.899862E-5        1.006394
        8.261999           0.113153E-4        1.007167           0.899913E-5        1.006394
        8.263999           0.113160E-4        1.007167           0.899964E-5        1.006395
        8.266000           0.113167E-4        1.007167           0.900014E-5        1.006395
        8.268000           0.113174E-4        1.007168           0.900065E-5        1.006395
        8.270000           0.113182E-4        1.007168           0.900116E-5        1.006395
        8.271999           0.113189E-4        1.007168           0.900167E-5        1.006395
        8.273999           0.113196E-4        1.007168           0.900218E-5        1.006395
        8.276000           0.113203E-4        1.007169           0.900269E-5        1.006396
        8.278000           0.113210E-4        1.007169           0.900319E-5        1.006396
        8.280000           0.113218E-4        1.007169           0.900370E-5        1.006396
        8.282000           0.113225E-4        1.007169           0.900421E-5        1.006396
        8.283999           0.113232E-4        1.007169           0.900472E-5        1.006396
        8.285999           0.113239E-4        1.007170           0.900523E-5        1.006397
        8.287999           0.113246E-4        1.007170           0.900574E-5        1.006397
        8.289999           0.113253E-4        1.007170           0.900625E-5        1.006397
        8.291999           0.113261E-4        1.007170           0.900676E-5        1.006397
        8.293999           0.113268E-4        1.007171           0.900727E-5        1.006397
        8.296000           0.113275E-4        1.007171           0.900778E-5        1.006397
        8.297999           0.113282E-4        1.007171           0.900829E-5        1.006398
        8.299999           0.113289E-4        1.007171           0.900880E-5        1.006398
        8.301999           0.113297E-4        1.007172           0.900930E-5        1.006398
        8.303999           0.113304E-4        1.007172           0.900981E-5        1.006398
        8.306000           0.113311E-4        1.007172           0.901032E-5        1.006398
        8.308000           0.113318E-4        1.007172           0.901083E-5        1.006399
        8.309999           0.113325E-4        1.007172           0.901134E-5        1.006399
        8.311999           0.113333E-4        1.007173           0.901185E-5        1.006399
        8.314000           0.113340E-4        1.007173           0.901236E-5        1.006399
        8.316000           0.113347E-4        1.007173           0.901287E-5        1.006399
        8.318000           0.113354E-4        1.007173           0.901338E-5        1.006399
        8.320000           0.113361E-4        1.007174           0.901389E-5        1.006400
        8.322000           0.113369E-4        1.007174           0.901440E-5        1.006400
        8.323999           0.113376E-4        1.007174           0.901491E-5        1.006400
        8.325999           0.113383E-4        1.007174           0.901542E-5        1.006400
        8.327999           0.113390E-4        1.007174           0.901593E-5        1.006400
        8.329999           0.113397E-4        1.007175           0.901644E-5        1.006400
        8.331999           0.113405E-4        1.007175           0.901695E-5        1.006401
        8.334000           0.113412E-4        1.007175           0.901746E-5        1.006401
        8.335999           0.113419E-4        1.007175           0.901797E-5        1.006401
        8.337999           0.113426E-4        1.007176           0.901848E-5        1.006401
        8.339999           0.113433E-4        1.007176           0.901899E-5        1.006401
        8.341999           0.113441E-4        1.007176           0.901950E-5        1.006402
        8.344000           0.113448E-4        1.007176           0.902001E-5        1.006402
        8.346000           0.113455E-4        1.007177           0.902052E-5        1.006402
        8.348000           0.113462E-4        1.007177           0.902103E-5        1.006402
        8.349999           0.113469E-4        1.007177           0.902154E-5        1.006402
        8.351999           0.113477E-4        1.007177           0.902205E-5        1.006402
        8.354000           0.113484E-4        1.007177           0.902256E-5        1.006403
        8.356000           0.113491E-4        1.007178           0.902307E-5        1.006403
        8.358000           0.113498E-4        1.007178           0.902358E-5        1.006403
        8.360000           0.113505E-4        1.007178           0.902409E-5        1.006403
        8.361999           0.113513E-4        1.007178           0.902460E-5        1.006403
        8.363999           0.113520E-4        1.007179           0.902511E-5        1.006404
        8.365999           0.113527E-4        1.007179           0.902563E-5        1.006404
        8.367999           0.113534E-4        1.007179           0.902613E-5        1.006404
        8.369999           0.113541E-4        1.007179           0.902665E-5        1.006404
        8.371999           0.113549E-4        1.007179           0.902716E-5        1.006404
        8.374000           0.113556E-4        1.007180           0.902767E-5        1.006405
        8.375999           0.113563E-4        1.007180           0.902818E-5        1.006405
        8.377999           0.113570E-4        1.007180           0.902869E-5        1.006405
        8.379999           0.113578E-4        1.007180           0.902920E-5        1.006405
        8.382000           0.113585E-4        1.007181           0.902971E-5        1.006405
        8.384000           0.113592E-4        1.007181           0.903022E-5        1.006405
        8.386000           0.113599E-4        1.007181           0.903073E-5        1.006406
        8.388000           0.113606E-4        1.007181           0.903125E-5        1.006406
        8.389999           0.113614E-4        1.007182           0.903176E-5        1.006406
        8.392000           0.113621E-4        1.007182           0.903227E-5        1.006406
        8.394000           0.113628E-4        1.007182           0.903278E-5        1.006406
        8.396000           0.113635E-4        1.007182           0.903329E-5        1.006406
        8.397999           0.113642E-4        1.007182           0.903380E-5        1.006407
        8.399999           0.113650E-4        1.007183           0.903431E-5        1.006407
        8.401999           0.113657E-4        1.007183           0.903482E-5        1.006407
        8.403999           0.113664E-4        1.007183           0.903534E-5        1.006407
        8.405999           0.113671E-4        1.007183           0.903585E-5        1.006407
        8.407999           0.113679E-4        1.007184           0.903636E-5        1.006407
        8.409999           0.113686E-4        1.007184           0.903687E-5        1.006408
        8.412000           0.113693E-4        1.007184           0.903738E-5        1.006408
        8.414000           0.113700E-4        1.007184           0.903790E-5        1.006408
        8.415999           0.113708E-4        1.007185           0.903841E-5        1.006408
        8.417999           0.113715E-4        1.007185           0.903892E-5        1.006408
        8.419999           0.113722E-4        1.007185           0.903943E-5        1.006409
        8.422000           0.113729E-4        1.007185           0.903994E-5        1.006409
        8.424000           0.113736E-4        1.007185           0.904045E-5        1.006409
        8.426000           0.113744E-4        1.007186           0.904097E-5        1.006409
        8.427999           0.113751E-4        1.007186           0.904148E-5        1.006409
        8.429999           0.113758E-4        1.007186           0.904199E-5        1.006410
        8.432000           0.113765E-4        1.007186           0.904250E-5        1.006410
        8.433999           0.113773E-4        1.007187           0.904301E-5        1.006410
        8.435999           0.113780E-4        1.007187           0.904353E-5        1.006410
        8.437999           0.113787E-4        1.007187           0.904404E-5        1.006410
        8.439999           0.113794E-4        1.007187           0.904455E-5        1.006410
        8.441999           0.113802E-4        1.007187           0.904506E-5        1.006411
        8.443999           0.113809E-4        1.007188           0.904558E-5        1.006411
        8.445999           0.113816E-4        1.007188           0.904609E-5        1.006411
        8.447999           0.113823E-4        1.007188           0.904660E-5        1.006411
        8.449999           0.113831E-4        1.007188           0.904711E-5        1.006411
        8.452000           0.113838E-4        1.007189           0.904763E-5        1.006412
        8.454000           0.113845E-4        1.007189           0.904814E-5        1.006412
        8.455999           0.113852E-4        1.007189           0.904865E-5        1.006412
        8.457999           0.113860E-4        1.007189           0.904916E-5        1.006412
        8.460000           0.113867E-4        1.007190           0.904968E-5        1.006412
        8.462000           0.113874E-4        1.007190           0.905019E-5        1.006412
        8.464000           0.113881E-4        1.007190           0.905070E-5        1.006413
        8.466000           0.113888E-4        1.007190           0.905122E-5        1.006413
        8.467999           0.113896E-4        1.007190           0.905173E-5        1.006413
        8.469999           0.113903E-4        1.007191           0.905224E-5        1.006413
        8.471999           0.113910E-4        1.007191           0.905275E-5        1.006413
        8.473999           0.113917E-4        1.007191           0.905327E-5        1.006414
        8.475999           0.113925E-4        1.007191           0.905378E-5        1.006414
        8.477999           0.113932E-4        1.007192           0.905429E-5        1.006414
        8.480000           0.113939E-4        1.007192           0.905481E-5        1.006414
        8.481999           0.113946E-4        1.007192           0.905532E-5        1.006414
        8.483999           0.113954E-4        1.007192           0.905583E-5        1.006414
        8.485999           0.113961E-4        1.007192           0.905635E-5        1.006415
        8.487999           0.113968E-4        1.007193           0.905686E-5        1.006415
        8.490000           0.113975E-4        1.007193           0.905737E-5        1.006415
        8.492000           0.113983E-4        1.007193           0.905789E-5        1.006415
        8.493999           0.113990E-4        1.007193           0.905840E-5        1.006415
        8.495999           0.113997E-4        1.007194           0.905891E-5        1.006415
        8.497999           0.114004E-4        1.007194           0.905943E-5        1.006416
        8.500000           0.114012E-4        1.007194           0.905994E-5        1.006416
        8.502000           0.114019E-4        1.007194           0.906045E-5        1.006416
        8.504000           0.114026E-4        1.007195           0.906097E-5        1.006416
        8.506000           0.114034E-4        1.007195           0.906148E-5        1.006416
        8.507999           0.114041E-4        1.007195           0.906200E-5        1.006417
        8.509999           0.114048E-4        1.007195           0.906251E-5        1.006417
        8.511999           0.114055E-4        1.007195           0.906302E-5        1.006417
        8.513999           0.114063E-4        1.007196           0.906354E-5        1.006417
        8.515999           0.114070E-4        1.007196           0.906405E-5        1.006417
        8.517999           0.114077E-4        1.007196           0.906456E-5        1.006418
        8.520000           0.114084E-4        1.007196           0.906508E-5        1.006418
        8.521999           0.114092E-4        1.007197           0.906559E-5        1.006418
        8.523999           0.114099E-4        1.007197           0.906611E-5        1.006418
        8.525999           0.114106E-4        1.007197           0.906662E-5        1.006418
        8.527999           0.114113E-4        1.007197           0.906713E-5        1.006418
        8.530000           0.114121E-4        1.007197           0.906765E-5        1.006419
        8.532000           0.114128E-4        1.007198           0.906816E-5        1.006419
        8.533999           0.114135E-4        1.007198           0.906868E-5        1.006419
        8.535999           0.114143E-4        1.007198           0.906919E-5        1.006419
        8.538000           0.114150E-4        1.007198           0.906971E-5        1.006419
        8.540000           0.114157E-4        1.007199           0.907022E-5        1.006420
        8.542000           0.114164E-4        1.007199           0.907074E-5        1.006420
        8.544000           0.114172E-4        1.007199           0.907125E-5        1.006420
        8.546000           0.114179E-4        1.007199           0.907177E-5        1.006420
        8.547999           0.114186E-4        1.007200           0.907228E-5        1.006420
        8.549999           0.114193E-4        1.007200           0.907279E-5        1.006420
        8.551999           0.114201E-4        1.007200           0.907331E-5        1.006421
        8.553999           0.114208E-4        1.007200           0.907382E-5        1.006421
        8.555999           0.114215E-4        1.007200           0.907434E-5        1.006421
        8.558000           0.114223E-4        1.007201           0.907485E-5        1.006421
        8.559999           0.114230E-4        1.007201           0.907537E-5        1.006421
        8.561999           0.114237E-4        1.007201           0.907588E-5        1.006421
        8.563999           0.114244E-4        1.007201           0.907640E-5        1.006422
        8.565999           0.114252E-4        1.007202           0.907691E-5        1.006422
        8.568000           0.114259E-4        1.007202           0.907743E-5        1.006422
        8.570000           0.114266E-4        1.007202           0.907794E-5        1.006422
        8.572000           0.114274E-4        1.007202           0.907846E-5        1.006422
        8.573999           0.114281E-4        1.007203           0.907898E-5        1.006423
        8.575999           0.114288E-4        1.007203           0.907949E-5        1.006423
        8.578000           0.114295E-4        1.007203           0.908000E-5        1.006423
        8.580000           0.114303E-4        1.007203           0.908052E-5        1.006423
        8.582000           0.114310E-4        1.007203           0.908104E-5        1.006423
        8.584000           0.114317E-4        1.007204           0.908155E-5        1.006423
        8.585999           0.114325E-4        1.007204           0.908207E-5        1.006424
        8.587999           0.114332E-4        1.007204           0.908258E-5        1.006424
        8.589999           0.114339E-4        1.007204           0.908310E-5        1.006424
        8.591999           0.114346E-4        1.007205           0.908361E-5        1.006424
        8.593999           0.114354E-4        1.007205           0.908413E-5        1.006424
        8.595999           0.114361E-4        1.007205           0.908465E-5        1.006425
        8.598000           0.114368E-4        1.007205           0.908516E-5        1.006425
        8.599999           0.114376E-4        1.007205           0.908568E-5        1.006425
        8.601999           0.114383E-4        1.007206           0.908619E-5        1.006425
        8.603999           0.114390E-4        1.007206           0.908671E-5        1.006425
        8.606000           0.114397E-4        1.007206           0.908723E-5        1.006425
        8.608000           0.114405E-4        1.007206           0.908774E-5        1.006426
        8.610000           0.114412E-4        1.007207           0.908826E-5        1.006426
        8.612000           0.114419E-4        1.007207           0.908877E-5        1.006426
        8.613999           0.114427E-4        1.007207           0.908929E-5        1.006426
        8.616000           0.114434E-4        1.007207           0.908981E-5        1.006426
        8.618000           0.114441E-4        1.007208           0.909032E-5        1.006427
        8.620000           0.114449E-4        1.007208           0.909084E-5        1.006427
        8.621999           0.114456E-4        1.007208           0.909135E-5        1.006427
        8.623999           0.114463E-4        1.007208           0.909187E-5        1.006427
        8.625999           0.114470E-4        1.007208           0.909239E-5        1.006427
        8.627999           0.114478E-4        1.007209           0.909290E-5        1.006428
        8.629999           0.114485E-4        1.007209           0.909342E-5        1.006428
        8.631999           0.114492E-4        1.007209           0.909394E-5        1.006428
        8.633999           0.114500E-4        1.007209           0.909445E-5        1.006428
        8.636000           0.114507E-4        1.007210           0.909497E-5        1.006428
        8.638000           0.114514E-4        1.007210           0.909548E-5        1.006428
        8.639999           0.114522E-4        1.007210           0.909600E-5        1.006429
        8.641999           0.114529E-4        1.007210           0.909652E-5        1.006429
        8.643999           0.114536E-4        1.007210           0.909704E-5        1.006429
        8.646000           0.114544E-4        1.007211           0.909755E-5        1.006429
        8.648000           0.114551E-4        1.007211           0.909807E-5        1.006429
        8.650000           0.114558E-4        1.007211           0.909859E-5        1.006429
        8.651999           0.114565E-4        1.007211           0.909910E-5        1.006430
        8.653999           0.114573E-4        1.007212           0.909962E-5        1.006430
        8.656000           0.114580E-4        1.007212           0.910014E-5        1.006430
        8.657999           0.114587E-4        1.007212           0.910065E-5        1.006430
        8.659999           0.114595E-4        1.007212           0.910117E-5        1.006430
        8.661999           0.114602E-4        1.007213           0.910169E-5        1.006431
        8.663999           0.114609E-4        1.007213           0.910220E-5        1.006431
        8.665999           0.114617E-4        1.007213           0.910272E-5        1.006431
        8.667999           0.114624E-4        1.007213           0.910324E-5        1.006431
        8.669999           0.114631E-4        1.007213           0.910376E-5        1.006431
        8.671999           0.114639E-4        1.007214           0.910427E-5        1.006431
        8.673999           0.114646E-4        1.007214           0.910479E-5        1.006432
        8.676000           0.114653E-4        1.007214           0.910531E-5        1.006432
        8.677999           0.114661E-4        1.007214           0.910583E-5        1.006432
        8.679999           0.114668E-4        1.007215           0.910634E-5        1.006432
        8.681999           0.114675E-4        1.007215           0.910686E-5        1.006432
        8.684000           0.114683E-4        1.007215           0.910738E-5        1.006433
        8.686000           0.114690E-4        1.007215           0.910790E-5        1.006433
        8.688000           0.114697E-4        1.007215           0.910842E-5        1.006433
        8.690000           0.114704E-4        1.007216           0.910894E-5        1.006433
        8.691999           0.114712E-4        1.007216           0.910945E-5        1.006433
        8.693999           0.114719E-4        1.007216           0.910997E-5        1.006433
        8.695999           0.114726E-4        1.007216           0.911049E-5        1.006434
        8.697999           0.114734E-4        1.007217           0.911100E-5        1.006434
        8.699999           0.114741E-4        1.007217           0.911152E-5        1.006434
        8.701999           0.114748E-4        1.007217           0.911204E-5        1.006434
        8.704000           0.114756E-4        1.007217           0.911256E-5        1.006434
        8.705999           0.114763E-4        1.007218           0.911308E-5        1.006435
        8.707999           0.114770E-4        1.007218           0.911360E-5        1.006435
        8.709999           0.114778E-4        1.007218           0.911412E-5        1.006435
        8.711999           0.114785E-4        1.007218           0.911463E-5        1.006435
        8.714000           0.114792E-4        1.007218           0.911515E-5        1.006435
        8.716000           0.114800E-4        1.007219           0.911567E-5        1.006436
        8.717999           0.114807E-4        1.007219           0.911619E-5        1.006436
        8.719999           0.114814E-4        1.007219           0.911671E-5        1.006436
        8.721999           0.114822E-4        1.007219           0.911723E-5        1.006436
        8.724000           0.114829E-4        1.007220           0.911774E-5        1.006436
        8.726000           0.114836E-4        1.007220           0.911826E-5        1.006436
        8.728000           0.114844E-4        1.007220           0.911878E-5        1.006437
        8.730000           0.114851E-4        1.007220           0.911930E-5        1.006437
        8.731999           0.114858E-4        1.007221           0.911982E-5        1.006437
        8.733999           0.114866E-4        1.007221           0.912034E-5        1.006437
        8.735999           0.114873E-4        1.007221           0.912085E-5        1.006437
        8.737999           0.114880E-4        1.007221           0.912137E-5        1.006438
        8.739999           0.114888E-4        1.007221           0.912189E-5        1.006438
        8.741999           0.114895E-4        1.007222           0.912241E-5        1.006438
        8.743999           0.114902E-4        1.007222           0.912293E-5        1.006438
        8.745999           0.114910E-4        1.007222           0.912345E-5        1.006438
        8.747999           0.114917E-4        1.007222           0.912397E-5        1.006438
        8.749999           0.114925E-4        1.007223           0.912449E-5        1.006439
        8.751999           0.114932E-4        1.007223           0.912501E-5        1.006439
        8.754000           0.114939E-4        1.007223           0.912553E-5        1.006439
        8.756000           0.114947E-4        1.007223           0.912605E-5        1.006439
        8.757999           0.114954E-4        1.007224           0.912657E-5        1.006439
        8.759999           0.114961E-4        1.007224           0.912708E-5        1.006440
        8.762000           0.114969E-4        1.007224           0.912760E-5        1.006440
        8.764000           0.114976E-4        1.007224           0.912812E-5        1.006440
        8.766000           0.114983E-4        1.007224           0.912864E-5        1.006440
        8.768000           0.114991E-4        1.007225           0.912916E-5        1.006440
        8.770000           0.114998E-4        1.007225           0.912968E-5        1.006440
        8.771999           0.115005E-4        1.007225           0.913020E-5        1.006441
        8.773999           0.115013E-4        1.007225           0.913072E-5        1.006441
        8.775999           0.115020E-4        1.007226           0.913124E-5        1.006441
        8.777999           0.115027E-4        1.007226           0.913176E-5        1.006441
        8.779999           0.115035E-4        1.007226           0.913228E-5        1.006441
        8.782000           0.115042E-4        1.007226           0.913280E-5        1.006441
        8.783999           0.115050E-4        1.007227           0.913332E-5        1.006442
        8.785999           0.115057E-4        1.007227           0.913384E-5        1.006442
        8.787999           0.115064E-4        1.007227           0.913436E-5        1.006442
        8.789999           0.115072E-4        1.007227           0.913488E-5        1.006442
        8.792000           0.115079E-4        1.007227           0.913540E-5        1.006442
        8.794000           0.115086E-4        1.007228           0.913592E-5        1.006443
        8.796000           0.115094E-4        1.007228           0.913644E-5        1.006443
        8.797999           0.115101E-4        1.007228           0.913696E-5        1.006443
        8.799999           0.115108E-4        1.007228           0.913748E-5        1.006443
        8.802000           0.115116E-4        1.007229           0.913800E-5        1.006443
        8.804000           0.115123E-4        1.007229           0.913852E-5        1.006444
        8.806000           0.115131E-4        1.007229           0.913904E-5        1.006444
        8.808000           0.115138E-4        1.007229           0.913956E-5        1.006444
        8.809999           0.115145E-4        1.007230           0.914008E-5        1.006444
        8.811999           0.115153E-4        1.007230           0.914060E-5        1.006444
        8.813999           0.115160E-4        1.007230           0.914112E-5        1.006444
        8.815999           0.115167E-4        1.007230           0.914164E-5        1.006445
        8.817999           0.115175E-4        1.007231           0.914216E-5        1.006445
        8.819999           0.115182E-4        1.007231           0.914269E-5        1.006445
        8.822000           0.115189E-4        1.007231           0.914321E-5        1.006445
        8.823999           0.115197E-4        1.007231           0.914373E-5        1.006445
        8.825999           0.115204E-4        1.007231           0.914425E-5        1.006446
        8.827999           0.115212E-4        1.007232           0.914477E-5        1.006446
        8.829999           0.115219E-4        1.007232           0.914529E-5        1.006446
        8.832000           0.115226E-4        1.007232           0.914581E-5        1.006446
        8.834000           0.115234E-4        1.007232           0.914633E-5        1.006446
        8.835999           0.115241E-4        1.007233           0.914685E-5        1.006446
        8.837999           0.115248E-4        1.007233           0.914737E-5        1.006447
        8.840000           0.115256E-4        1.007233           0.914790E-5        1.006447
        8.842000           0.115263E-4        1.007233           0.914842E-5        1.006447
        8.844000           0.115271E-4        1.007234           0.914894E-5        1.006447
        8.846000           0.115278E-4        1.007234           0.914946E-5        1.006447
        8.847999           0.115285E-4        1.007234           0.914998E-5        1.006448
        8.849999           0.115293E-4        1.007234           0.915050E-5        1.006448
        8.851999           0.115300E-4        1.007234           0.915102E-5        1.006448
        8.853999           0.115307E-4        1.007235           0.915154E-5        1.006448
        8.855999           0.115315E-4        1.007235           0.915207E-5        1.006448
        8.857999           0.115322E-4        1.007235           0.915259E-5        1.006449
        8.860000           0.115330E-4        1.007235           0.915311E-5        1.006449
        8.862000           0.115337E-4        1.007236           0.915363E-5        1.006449
        8.863999           0.115344E-4        1.007236           0.915415E-5        1.006449
        8.865999           0.115352E-4        1.007236           0.915467E-5        1.006449
        8.867999           0.115359E-4        1.007236           0.915519E-5        1.006449
        8.870000           0.115367E-4        1.007236           0.915572E-5        1.006450
        8.872000           0.115374E-4        1.007237           0.915624E-5        1.006450
        8.874000           0.115381E-4        1.007237           0.915676E-5        1.006450
        8.875999           0.115389E-4        1.007237           0.915728E-5        1.006450
        8.877999           0.115396E-4        1.007237           0.915781E-5        1.006450
        8.880000           0.115404E-4        1.007238           0.915833E-5        1.006451
        8.882000           0.115411E-4        1.007238           0.915885E-5        1.006451
        8.883999           0.115418E-4        1.007238           0.915937E-5        1.006451
        8.885999           0.115426E-4        1.007238           0.915989E-5        1.006451
        8.887999           0.115433E-4        1.007239           0.916042E-5        1.006451
        8.889999           0.115441E-4        1.007239           0.916094E-5        1.006451
        8.891999           0.115448E-4        1.007239           0.916146E-5        1.006452
        8.893999           0.115455E-4        1.007239           0.916198E-5        1.006452
        8.895999           0.115463E-4        1.007239           0.916251E-5        1.006452
        8.897999           0.115470E-4        1.007240           0.916303E-5        1.006452
        8.900000           0.115478E-4        1.007240           0.916355E-5        1.006452
        8.901999           0.115485E-4        1.007240           0.916407E-5        1.006453
        8.903999           0.115492E-4        1.007240           0.916460E-5        1.006453
        8.905999           0.115500E-4        1.007241           0.916512E-5        1.006453
        8.908000           0.115507E-4        1.007241           0.916564E-5        1.006453
        8.910000           0.115515E-4        1.007241           0.916616E-5        1.006453
        8.912000           0.115522E-4        1.007241           0.916669E-5        1.006453
        8.914000           0.115529E-4        1.007241           0.916721E-5        1.006454
        8.915999           0.115537E-4        1.007242           0.916773E-5        1.006454
        8.917999           0.115544E-4        1.007242           0.916825E-5        1.006454
        8.919999           0.115552E-4        1.007242           0.916878E-5        1.006454
        8.921999           0.115559E-4        1.007242           0.916930E-5        1.006454
        8.923999           0.115566E-4        1.007243           0.916982E-5        1.006454
        8.925999           0.115574E-4        1.007243           0.917035E-5        1.006455
        8.927999           0.115581E-4        1.007243           0.917087E-5        1.006455
        8.929999           0.115589E-4        1.007243           0.917139E-5        1.006455
        8.931999           0.115596E-4        1.007244           0.917192E-5        1.006455
        8.933999           0.115603E-4        1.007244           0.917244E-5        1.006455
        8.935999           0.115611E-4        1.007244           0.917296E-5        1.006456
        8.938000           0.115618E-4        1.007244           0.917349E-5        1.006456
        8.940000           0.115626E-4        1.007245           0.917401E-5        1.006456
        8.941999           0.115633E-4        1.007245           0.917453E-5        1.006456
        8.943999           0.115640E-4        1.007245           0.917506E-5        1.006456
        8.945999           0.115648E-4        1.007245           0.917558E-5        1.006456
        8.948000           0.115655E-4        1.007245           0.917610E-5        1.006457
        8.950000           0.115663E-4        1.007246           0.917663E-5        1.006457
        8.952000           0.115670E-4        1.007246           0.917715E-5        1.006457
        8.954000           0.115678E-4        1.007246           0.917767E-5        1.006457
        8.955999           0.115685E-4        1.007246           0.917820E-5        1.006457
        8.957999           0.115692E-4        1.007247           0.917872E-5        1.006458
        8.959999           0.115700E-4        1.007247           0.917925E-5        1.006458
        8.961999           0.115707E-4        1.007247           0.917977E-5        1.006458
        8.963999           0.115715E-4        1.007247           0.918029E-5        1.006458
        8.965999           0.115722E-4        1.007248           0.918082E-5        1.006458
        8.967999           0.115729E-4        1.007248           0.918134E-5        1.006459
        8.969999           0.115737E-4        1.007248           0.918186E-5        1.006459
        8.971999           0.115744E-4        1.007248           0.918239E-5        1.006459
        8.973999           0.115752E-4        1.007249           0.918291E-5        1.006459
        8.975999           0.115759E-4        1.007249           0.918344E-5        1.006459
        8.978000           0.115767E-4        1.007249           0.918396E-5        1.006459
        8.980000           0.115774E-4        1.007249           0.918449E-5        1.006460
        8.981999           0.115781E-4        1.007249           0.918501E-5        1.006460
        8.983999           0.115789E-4        1.007250           0.918553E-5        1.006460
        8.986000           0.115796E-4        1.007250           0.918606E-5        1.006460
        8.988000           0.115804E-4        1.007250           0.918658E-5        1.006460
        8.990000           0.115811E-4        1.007250           0.918711E-5        1.006461
        8.992000           0.115819E-4        1.007251           0.918763E-5        1.006461
        8.993999           0.115826E-4        1.007251           0.918816E-5        1.006461
        8.995999           0.115833E-4        1.007251           0.918868E-5        1.006461
        8.997999           0.115841E-4        1.007251           0.918921E-5        1.006461
        8.999999           0.115848E-4        1.007252           0.918973E-5        1.006462
        9.001999           0.115856E-4        1.007252           0.919026E-5        1.006462
        9.003999           0.115863E-4        1.007252           0.919078E-5        1.006462
        9.006000           0.115871E-4        1.007252           0.919131E-5        1.006462
        9.007999           0.115878E-4        1.007252           0.919183E-5        1.006462
        9.009999           0.115886E-4        1.007253           0.919236E-5        1.006462
        9.011999           0.115893E-4        1.007253           0.919288E-5        1.006463
        9.013999           0.115900E-4        1.007253           0.919341E-5        1.006463
        9.016000           0.115908E-4        1.007253           0.919393E-5        1.006463
        9.018000           0.115915E-4        1.007254           0.919446E-5        1.006463
        9.020000           0.115923E-4        1.007254           0.919498E-5        1.006463
        9.021999           0.115930E-4        1.007254           0.919551E-5        1.006464
        9.023999           0.115938E-4        1.007254           0.919603E-5        1.006464
        9.026000           0.115945E-4        1.007254           0.919656E-5        1.006464
        9.028000           0.115953E-4        1.007255           0.919708E-5        1.006464
        9.030000           0.115960E-4        1.007255           0.919761E-5        1.006464
        9.032000           0.115967E-4        1.007255           0.919813E-5        1.006464
        9.033999           0.115975E-4        1.007255           0.919866E-5        1.006465
        9.035999           0.115982E-4        1.007256           0.919919E-5        1.006465
        9.037999           0.115990E-4        1.007256           0.919971E-5        1.006465
        9.039999           0.115997E-4        1.007256           0.920024E-5        1.006465
        9.041999           0.116005E-4        1.007256           0.920076E-5        1.006465
        9.043999           0.116012E-4        1.007257           0.920129E-5        1.006466
        9.046000           0.116020E-4        1.007257           0.920181E-5        1.006466
        9.047999           0.116027E-4        1.007257           0.920234E-5        1.006466
        9.049999           0.116034E-4        1.007257           0.920286E-5        1.006466
        9.051999           0.116042E-4        1.007257           0.920339E-5        1.006466
        9.053999           0.116049E-4        1.007258           0.920392E-5        1.006467
        9.056000           0.116057E-4        1.007258           0.920444E-5        1.006467
        9.058000           0.116064E-4        1.007258           0.920497E-5        1.006467
        9.059999           0.116072E-4        1.007258           0.920549E-5        1.006467
        9.061999           0.116079E-4        1.007259           0.920602E-5        1.006467
        9.064000           0.116087E-4        1.007259           0.920655E-5        1.006467
        9.066000           0.116094E-4        1.007259           0.920707E-5        1.006468
        9.068000           0.116102E-4        1.007259           0.920760E-5        1.006468
        9.070000           0.116109E-4        1.007260           0.920812E-5        1.006468
        9.071999           0.116116E-4        1.007260           0.920865E-5        1.006468
        9.073999           0.116124E-4        1.007260           0.920918E-5        1.006468
        9.075999           0.116131E-4        1.007260           0.920971E-5        1.006469
        9.077999           0.116139E-4        1.007261           0.921023E-5        1.006469
        9.079999           0.116146E-4        1.007261           0.921076E-5        1.006469
        9.081999           0.116154E-4        1.007261           0.921129E-5        1.006469
        9.084000           0.116161E-4        1.007261           0.921181E-5        1.006469
        9.085999           0.116169E-4        1.007262           0.921234E-5        1.006469
        9.087999           0.116176E-4        1.007262           0.921286E-5        1.006470
        9.089999           0.116184E-4        1.007262           0.921339E-5        1.006470
        9.091999           0.116191E-4        1.007262           0.921392E-5        1.006470
        9.094000           0.116199E-4        1.007262           0.921445E-5        1.006470
        9.096000           0.116206E-4        1.007263           0.921497E-5        1.006470
        9.098000           0.116214E-4        1.007263           0.921550E-5        1.006471
        9.099999           0.116221E-4        1.007263           0.921603E-5        1.006471
        9.101999           0.116229E-4        1.007263           0.921655E-5        1.006471
        9.104000           0.116236E-4        1.007264           0.921708E-5        1.006471
        9.106000           0.116243E-4        1.007264           0.921761E-5        1.006471
        9.107999           0.116251E-4        1.007264           0.921813E-5        1.006471
        9.109999           0.116258E-4        1.007264           0.921866E-5        1.006472
        9.111999           0.116266E-4        1.007264           0.921919E-5        1.006472
        9.113999           0.116273E-4        1.007265           0.921972E-5        1.006472
        9.115999           0.116281E-4        1.007265           0.922024E-5        1.006472
        9.117999           0.116288E-4        1.007265           0.922077E-5        1.006472
        9.119999           0.116296E-4        1.007265           0.922130E-5        1.006473
        9.121999           0.116303E-4        1.007266           0.922183E-5        1.006473
        9.124000           0.116311E-4        1.007266           0.922235E-5        1.006473
        9.125999           0.116318E-4        1.007266           0.922288E-5        1.006473
        9.127999           0.116326E-4        1.007266           0.922341E-5        1.006473
        9.129999           0.116333E-4        1.007267           0.922393E-5        1.006473
        9.132000           0.116341E-4        1.007267           0.922446E-5        1.006474
        9.134000           0.116348E-4        1.007267           0.922499E-5        1.006474
        9.136000           0.116356E-4        1.007267           0.922552E-5        1.006474
        9.138000           0.116363E-4        1.007267           0.922605E-5        1.006474
        9.139999           0.116371E-4        1.007268           0.922658E-5        1.006474
        9.142000           0.116378E-4        1.007268           0.922710E-5        1.006475
        9.143999           0.116386E-4        1.007268           0.922763E-5        1.006475
        9.145999           0.116393E-4        1.007268           0.922816E-5        1.006475
        9.147999           0.116401E-4        1.007269           0.922869E-5        1.006475
        9.149999           0.116408E-4        1.007269           0.922921E-5        1.006475
        9.151999           0.116416E-4        1.007269           0.922974E-5        1.006475
        9.153999           0.116423E-4        1.007269           0.923027E-5        1.006476
        9.155999           0.116431E-4        1.007270           0.923080E-5        1.006476
        9.157999           0.116438E-4        1.007270           0.923133E-5        1.006476
        9.159999           0.116445E-4        1.007270           0.923186E-5        1.006476
        9.162000           0.116453E-4        1.007270           0.923239E-5        1.006476
        9.164000           0.116460E-4        1.007271           0.923291E-5        1.006477
        9.165999           0.116468E-4        1.007271           0.923344E-5        1.006477
        9.167999           0.116475E-4        1.007271           0.923397E-5        1.006477
        9.169999           0.116483E-4        1.007271           0.923450E-5        1.006477
        9.172000           0.116490E-4        1.007272           0.923503E-5        1.006477
        9.174000           0.116498E-4        1.007272           0.923556E-5        1.006477
        9.176000           0.116505E-4        1.007272           0.923609E-5        1.006478
        9.177999           0.116513E-4        1.007272           0.923661E-5        1.006478
        9.179999           0.116520E-4        1.007272           0.923714E-5        1.006478
        9.181999           0.116528E-4        1.007273           0.923767E-5        1.006478
        9.183999           0.116535E-4        1.007273           0.923820E-5        1.006478
        9.185999           0.116543E-4        1.007273           0.923873E-5        1.006479
        9.187999           0.116550E-4        1.007273           0.923926E-5        1.006479
        9.189999           0.116558E-4        1.007274           0.923979E-5        1.006479
        9.191999           0.116565E-4        1.007274           0.924032E-5        1.006479
        9.193999           0.116573E-4        1.007274           0.924085E-5        1.006479
        9.195999           0.116580E-4        1.007274           0.924138E-5        1.006480
        9.197999           0.116588E-4        1.007275           0.924190E-5        1.006480
        9.199999           0.116596E-4        1.007275           0.924243E-5        1.006480
        9.202000           0.116603E-4        1.007275           0.924296E-5        1.006480
        9.204000           0.116611E-4        1.007275           0.924349E-5        1.006480
        9.205999           0.116618E-4        1.007275           0.924402E-5        1.006480
        9.207999           0.116626E-4        1.007276           0.924455E-5        1.006481
        9.210000           0.116633E-4        1.007276           0.924508E-5        1.006481
        9.212000           0.116641E-4        1.007276           0.924561E-5        1.006481
        9.214000           0.116648E-4        1.007276           0.924614E-5        1.006481
        9.216000           0.116656E-4        1.007277           0.924667E-5        1.006481
        9.217999           0.116663E-4        1.007277           0.924720E-5        1.006482
        9.219999           0.116671E-4        1.007277           0.924773E-5        1.006482
        9.221999           0.116678E-4        1.007277           0.924826E-5        1.006482
        9.223999           0.116686E-4        1.007277           0.924879E-5        1.006482
        9.225999           0.116693E-4        1.007278           0.924932E-5        1.006482
        9.227999           0.116701E-4        1.007278           0.924985E-5        1.006482
        9.230000           0.116708E-4        1.007278           0.925038E-5        1.006483
        9.231999           0.116716E-4        1.007278           0.925091E-5        1.006483
        9.233999           0.116723E-4        1.007279           0.925144E-5        1.006483
        9.235999           0.116731E-4        1.007279           0.925197E-5        1.006483
        9.237999           0.116738E-4        1.007279           0.925250E-5        1.006483
        9.240000           0.116746E-4        1.007279           0.925303E-5        1.006484
        9.242000           0.116753E-4        1.007280           0.925356E-5        1.006484
        9.243999           0.116761E-4        1.007280           0.925409E-5        1.006484
        9.245999           0.116768E-4        1.007280           0.925462E-5        1.006484
        9.247999           0.116776E-4        1.007280           0.925515E-5        1.006484
        9.250000           0.116783E-4        1.007281           0.925568E-5        1.006485
        9.252000           0.116791E-4        1.007281           0.925621E-5        1.006485
        9.254000           0.116798E-4        1.007281           0.925674E-5        1.006485
        9.256000           0.116806E-4        1.007281           0.925727E-5        1.006485
        9.257999           0.116814E-4        1.007282           0.925780E-5        1.006485
        9.259999           0.116821E-4        1.007282           0.925833E-5        1.006485
        9.261999           0.116829E-4        1.007282           0.925886E-5        1.006486
        9.263999           0.116836E-4        1.007282           0.925940E-5        1.006486
        9.265999           0.116844E-4        1.007282           0.925992E-5        1.006486
        9.267999           0.116851E-4        1.007283           0.926046E-5        1.006486
        9.270000           0.116859E-4        1.007283           0.926099E-5        1.006486
        9.271999           0.116866E-4        1.007283           0.926152E-5        1.006487
        9.273999           0.116874E-4        1.007283           0.926205E-5        1.006487
        9.275999           0.116881E-4        1.007284           0.926258E-5        1.006487
        9.277999           0.116889E-4        1.007284           0.926311E-5        1.006487
        9.280000           0.116896E-4        1.007284           0.926364E-5        1.006487
        9.282000           0.116904E-4        1.007284           0.926417E-5        1.006487
        9.283999           0.116911E-4        1.007285           0.926471E-5        1.006488
        9.285999           0.116919E-4        1.007285           0.926524E-5        1.006488
        9.288000           0.116927E-4        1.007285           0.926577E-5        1.006488
        9.290000           0.116934E-4        1.007285           0.926630E-5        1.006488
        9.292000           0.116942E-4        1.007285           0.926683E-5        1.006488
        9.294000           0.116949E-4        1.007286           0.926736E-5        1.006489
        9.296000           0.116957E-4        1.007286           0.926789E-5        1.006489
        9.297999           0.116964E-4        1.007286           0.926842E-5        1.006489
        9.299999           0.116972E-4        1.007286           0.926896E-5        1.006489
        9.301999           0.116979E-4        1.007287           0.926949E-5        1.006489
        9.303999           0.116987E-4        1.007287           0.927002E-5        1.006490
        9.305999           0.116994E-4        1.007287           0.927055E-5        1.006490
        9.308000           0.117002E-4        1.007287           0.927108E-5        1.006490
        9.309999           0.117010E-4        1.007288           0.927161E-5        1.006490
        9.311999           0.117017E-4        1.007288           0.927214E-5        1.006490
        9.313999           0.117025E-4        1.007288           0.927268E-5        1.006490
        9.315999           0.117032E-4        1.007288           0.927321E-5        1.006491
        9.318000           0.117040E-4        1.007289           0.927374E-5        1.006491
        9.320000           0.117047E-4        1.007289           0.927427E-5        1.006491
        9.322000           0.117055E-4        1.007289           0.927481E-5        1.006491
        9.323999           0.117062E-4        1.007289           0.927534E-5        1.006491
        9.325999           0.117070E-4        1.007289           0.927587E-5        1.006492
        9.328000           0.117077E-4        1.007290           0.927640E-5        1.006492
        9.330000           0.117085E-4        1.007290           0.927694E-5        1.006492
        9.331999           0.117093E-4        1.007290           0.927747E-5        1.006492
        9.333999           0.117100E-4        1.007290           0.927800E-5        1.006492
        9.335999           0.117108E-4        1.007291           0.927853E-5        1.006492
        9.337999           0.117115E-4        1.007291           0.927906E-5        1.006493
        9.339999           0.117123E-4        1.007291           0.927960E-5        1.006493
        9.341999           0.117130E-4        1.007291           0.928013E-5        1.006493
        9.343999           0.117138E-4        1.007292           0.928066E-5        1.006493
        9.345999           0.117145E-4        1.007292           0.928119E-5        1.006493
        9.348000           0.117153E-4        1.007292           0.928173E-5        1.006494
        9.349999           0.117161E-4        1.007292           0.928226E-5        1.006494
        9.351999           0.117168E-4        1.007293           0.928279E-5        1.006494
        9.353999           0.117176E-4        1.007293           0.928333E-5        1.006494
        9.355999           0.117183E-4        1.007293           0.928386E-5        1.006494
        9.358000           0.117191E-4        1.007293           0.928439E-5        1.006495
        9.360000           0.117198E-4        1.007293           0.928492E-5        1.006495
        9.362000           0.117206E-4        1.007294           0.928546E-5        1.006495
        9.363999           0.117214E-4        1.007294           0.928599E-5        1.006495
        9.366000           0.117221E-4        1.007294           0.928652E-5        1.006495
        9.367999           0.117229E-4        1.007294           0.928706E-5        1.006495
        9.369999           0.117236E-4        1.007295           0.928759E-5        1.006496
        9.371999           0.117244E-4        1.007295           0.928812E-5        1.006496
        9.373999           0.117251E-4        1.007295           0.928865E-5        1.006496
        9.375999           0.117259E-4        1.007295           0.928919E-5        1.006496
        9.377999           0.117267E-4        1.007295           0.928972E-5        1.006496
        9.379999           0.117274E-4        1.007296           0.929025E-5        1.006497
        9.381999           0.117282E-4        1.007296           0.929079E-5        1.006497
        9.383999           0.117289E-4        1.007296           0.929132E-5        1.006497
        9.386000           0.117297E-4        1.007296           0.929186E-5        1.006497
        9.388000           0.117304E-4        1.007297           0.929239E-5        1.006497
        9.389999           0.117312E-4        1.007297           0.929292E-5        1.006498
        9.391999           0.117320E-4        1.007297           0.929346E-5        1.006498
        9.393999           0.117327E-4        1.007297           0.929399E-5        1.006498
        9.396000           0.117335E-4        1.007298           0.929452E-5        1.006498
        9.398000           0.117342E-4        1.007298           0.929506E-5        1.006498
        9.400000           0.117350E-4        1.007298           0.929559E-5        1.006498
        9.401999           0.117358E-4        1.007298           0.929613E-5        1.006499
        9.403999           0.117365E-4        1.007299           0.929666E-5        1.006499
        9.405999           0.117373E-4        1.007299           0.929719E-5        1.006499
        9.407999           0.117380E-4        1.007299           0.929773E-5        1.006499
        9.409999           0.117388E-4        1.007299           0.929826E-5        1.006499
        9.411999           0.117395E-4        1.007300           0.929879E-5        1.006500
        9.413999           0.117403E-4        1.007300           0.929933E-5        1.006500
        9.415999           0.117411E-4        1.007300           0.929986E-5        1.006500
        9.417999           0.117418E-4        1.007300           0.930040E-5        1.006500
        9.419999           0.117426E-4        1.007300           0.930093E-5        1.006500
        9.421999           0.117433E-4        1.007301           0.930147E-5        1.006500
        9.423999           0.117441E-4        1.007301           0.930200E-5        1.006501
        9.426000           0.117449E-4        1.007301           0.930254E-5        1.006501
        9.427999           0.117456E-4        1.007301           0.930307E-5        1.006501
        9.429999           0.117464E-4        1.007302           0.930361E-5        1.006501
        9.431999           0.117471E-4        1.007302           0.930414E-5        1.006501
        9.434000           0.117479E-4        1.007302           0.930467E-5        1.006502
        9.436000           0.117486E-4        1.007302           0.930521E-5        1.006502
        9.438000           0.117494E-4        1.007303           0.930574E-5        1.006502
        9.440000           0.117502E-4        1.007303           0.930628E-5        1.006502
        9.441999           0.117509E-4        1.007303           0.930681E-5        1.006502
        9.443999           0.117517E-4        1.007303           0.930735E-5        1.006503
        9.445999           0.117524E-4        1.007303           0.930788E-5        1.006503
        9.447999           0.117532E-4        1.007304           0.930842E-5        1.006503
        9.449999           0.117540E-4        1.007304           0.930895E-5        1.006503
        9.451999           0.117547E-4        1.007304           0.930949E-5        1.006503
        9.454000           0.117555E-4        1.007304           0.931002E-5        1.006503
        9.455999           0.117562E-4        1.007305           0.931056E-5        1.006504
        9.457999           0.117570E-4        1.007305           0.931109E-5        1.006504
        9.459999           0.117578E-4        1.007305           0.931163E-5        1.006504
        9.461999           0.117585E-4        1.007305           0.931216E-5        1.006504
        9.464000           0.117593E-4        1.007306           0.931270E-5        1.006504
        9.466000           0.117600E-4        1.007306           0.931324E-5        1.006505
        9.467999           0.117608E-4        1.007306           0.931377E-5        1.006505
        9.469999           0.117616E-4        1.007306           0.931431E-5        1.006505
        9.471999           0.117623E-4        1.007307           0.931484E-5        1.006505
        9.474000           0.117631E-4        1.007307           0.931538E-5        1.006505
        9.476000           0.117638E-4        1.007307           0.931591E-5        1.006505
        9.478000           0.117646E-4        1.007307           0.931645E-5        1.006506
        9.480000           0.117654E-4        1.007308           0.931698E-5        1.006506
        9.481999           0.117661E-4        1.007308           0.931752E-5        1.006506
        9.483999           0.117669E-4        1.007308           0.931805E-5        1.006506
        9.485999           0.117677E-4        1.007308           0.931859E-5        1.006506
        9.487999           0.117684E-4        1.007308           0.931913E-5        1.006507
        9.489999           0.117692E-4        1.007309           0.931966E-5        1.006507
        9.491999           0.117699E-4        1.007309           0.932020E-5        1.006507
        9.493999           0.117707E-4        1.007309           0.932074E-5        1.006507
        9.495999           0.117715E-4        1.007309           0.932127E-5        1.006507
        9.497999           0.117722E-4        1.007310           0.932181E-5        1.006508
        9.499999           0.117730E-4        1.007310           0.932234E-5        1.006508
        9.501999           0.117737E-4        1.007310           0.932288E-5        1.006508
        9.504000           0.117745E-4        1.007310           0.932342E-5        1.006508
        9.506000           0.117753E-4        1.007311           0.932395E-5        1.006508
        9.507999           0.117760E-4        1.007311           0.932449E-5        1.006508
        9.509999           0.117768E-4        1.007311           0.932503E-5        1.006509
        9.512000           0.117776E-4        1.007311           0.932556E-5        1.006509
        9.514000           0.117783E-4        1.007312           0.932610E-5        1.006509
        9.516000           0.117791E-4        1.007312           0.932664E-5        1.006509
        9.518000           0.117798E-4        1.007312           0.932717E-5        1.006509
        9.520000           0.117806E-4        1.007312           0.932771E-5        1.006510
        9.521999           0.117814E-4        1.007312           0.932825E-5        1.006510
        9.523999           0.117821E-4        1.007313           0.932878E-5        1.006510
        9.525999           0.117829E-4        1.007313           0.932932E-5        1.006510
        9.527999           0.117837E-4        1.007313           0.932985E-5        1.006510
        9.529999           0.117844E-4        1.007313           0.933039E-5        1.006511
        9.532000           0.117852E-4        1.007314           0.933093E-5        1.006511
        9.533999           0.117859E-4        1.007314           0.933146E-5        1.006511
        9.535999           0.117867E-4        1.007314           0.933200E-5        1.006511
        9.537999           0.117875E-4        1.007314           0.933254E-5        1.006511
        9.539999           0.117882E-4        1.007315           0.933308E-5        1.006511
        9.542000           0.117890E-4        1.007315           0.933361E-5        1.006512
        9.544000           0.117898E-4        1.007315           0.933415E-5        1.006512
        9.546000           0.117905E-4        1.007315           0.933469E-5        1.006512
        9.547999           0.117913E-4        1.007316           0.933523E-5        1.006512
        9.549999           0.117921E-4        1.007316           0.933576E-5        1.006512
        9.552000           0.117928E-4        1.007316           0.933630E-5        1.006513
        9.554000           0.117936E-4        1.007316           0.933684E-5        1.006513
        9.556000           0.117943E-4        1.007316           0.933738E-5        1.006513
        9.557999           0.117951E-4        1.007317           0.933791E-5        1.006513
        9.559999           0.117959E-4        1.007317           0.933845E-5        1.006513
        9.561999           0.117966E-4        1.007317           0.933899E-5        1.006514
        9.563999           0.117974E-4        1.007317           0.933953E-5        1.006514
        9.565999           0.117982E-4        1.007318           0.934006E-5        1.006514
        9.567999           0.117989E-4        1.007318           0.934060E-5        1.006514
        9.569999           0.117997E-4        1.007318           0.934114E-5        1.006514
        9.572000           0.118005E-4        1.007318           0.934168E-5        1.006515
        9.573999           0.118012E-4        1.007319           0.934221E-5        1.006515
        9.575999           0.118020E-4        1.007319           0.934275E-5        1.006515
        9.577999           0.118028E-4        1.007319           0.934329E-5        1.006515
        9.579999           0.118035E-4        1.007319           0.934383E-5        1.006515
        9.582000           0.118043E-4        1.007320           0.934437E-5        1.006515
        9.584000           0.118050E-4        1.007320           0.934491E-5        1.006516
        9.585999           0.118058E-4        1.007320           0.934544E-5        1.006516
        9.587999           0.118066E-4        1.007320           0.934598E-5        1.006516
        9.590000           0.118073E-4        1.007321           0.934652E-5        1.006516
        9.592000           0.118081E-4        1.007321           0.934706E-5        1.006516
        9.593999           0.118089E-4        1.007321           0.934759E-5        1.006517
        9.595999           0.118096E-4        1.007321           0.934814E-5        1.006517
        9.597999           0.118104E-4        1.007321           0.934867E-5        1.006517
        9.599999           0.118112E-4        1.007322           0.934921E-5        1.006517
        9.601999           0.118119E-4        1.007322           0.934975E-5        1.006517
        9.603999           0.118127E-4        1.007322           0.935029E-5        1.006518
        9.605999           0.118135E-4        1.007322           0.935083E-5        1.006518
        9.607999           0.118142E-4        1.007323           0.935137E-5        1.006518
        9.610000           0.118150E-4        1.007323           0.935190E-5        1.006518
        9.612000           0.118158E-4        1.007323           0.935244E-5        1.006518
        9.613999           0.118165E-4        1.007323           0.935298E-5        1.006518
        9.615999           0.118173E-4        1.007324           0.935352E-5        1.006519
        9.617999           0.118181E-4        1.007324           0.935406E-5        1.006519
        9.620000           0.118188E-4        1.007324           0.935460E-5        1.006519
        9.622000           0.118196E-4        1.007324           0.935514E-5        1.006519
        9.624000           0.118204E-4        1.007324           0.935568E-5        1.006519
        9.625999           0.118211E-4        1.007325           0.935621E-5        1.006520
        9.627999           0.118219E-4        1.007325           0.935676E-5        1.006520
        9.629999           0.118227E-4        1.007325           0.935729E-5        1.006520
        9.631999           0.118234E-4        1.007325           0.935784E-5        1.006520
        9.633999           0.118242E-4        1.007326           0.935837E-5        1.006520
        9.635999           0.118250E-4        1.007326           0.935891E-5        1.006521
        9.637999           0.118257E-4        1.007326           0.935945E-5        1.006521
        9.639999           0.118265E-4        1.007326           0.935999E-5        1.006521
        9.641999           0.118273E-4        1.007327           0.936053E-5        1.006521
        9.643999           0.118280E-4        1.007327           0.936107E-5        1.006521
        9.645999           0.118288E-4        1.007327           0.936161E-5        1.006521
        9.647999           0.118296E-4        1.007327           0.936215E-5        1.006522
        9.650000           0.118303E-4        1.007328           0.936269E-5        1.006522
        9.651999           0.118311E-4        1.007328           0.936323E-5        1.006522
        9.653999           0.118319E-4        1.007328           0.936377E-5        1.006522
        9.655999           0.118326E-4        1.007328           0.936431E-5        1.006522
        9.658000           0.118334E-4        1.007329           0.936485E-5        1.006523
        9.660000           0.118342E-4        1.007329           0.936539E-5        1.006523
        9.662000           0.118349E-4        1.007329           0.936593E-5        1.006523
        9.664000           0.118357E-4        1.007329           0.936647E-5        1.006523
        9.665999           0.118365E-4        1.007329           0.936701E-5        1.006523
        9.667999           0.118372E-4        1.007330           0.936755E-5        1.006523
        9.669999           0.118380E-4        1.007330           0.936809E-5        1.006524
        9.671999           0.118388E-4        1.007330           0.936863E-5        1.006524
        9.673999           0.118395E-4        1.007330           0.936917E-5        1.006524
        9.675999           0.118403E-4        1.007331           0.936971E-5        1.006524
        9.677999           0.118411E-4        1.007331           0.937025E-5        1.006524
        9.679999           0.118418E-4        1.007331           0.937079E-5        1.006525
        9.681999           0.118426E-4        1.007331           0.937133E-5        1.006525
        9.683999           0.118434E-4        1.007332           0.937187E-5        1.006525
        9.685999           0.118442E-4        1.007332           0.937241E-5        1.006525
        9.688000           0.118449E-4        1.007332           0.937295E-5        1.006525
        9.690000           0.118457E-4        1.007332           0.937349E-5        1.006526
        9.691999           0.118465E-4        1.007333           0.937403E-5        1.006526
        9.693999           0.118472E-4        1.007333           0.937457E-5        1.006526
        9.695999           0.118480E-4        1.007333           0.937511E-5        1.006526
        9.698000           0.118488E-4        1.007333           0.937566E-5        1.006526
        9.700000           0.118495E-4        1.007334           0.937620E-5        1.006526
        9.702000           0.118503E-4        1.007334           0.937674E-5        1.006527
        9.704000           0.118511E-4        1.007334           0.937728E-5        1.006527
        9.705999           0.118518E-4        1.007334           0.937782E-5        1.006527
        9.707999           0.118526E-4        1.007334           0.937836E-5        1.006527
        9.709999           0.118534E-4        1.007335           0.937890E-5        1.006527
        9.711999           0.118542E-4        1.007335           0.937944E-5        1.006528
        9.713999           0.118549E-4        1.007335           0.937998E-5        1.006528
        9.715999           0.118557E-4        1.007335           0.938052E-5        1.006528
        9.717999           0.118565E-4        1.007336           0.938107E-5        1.006528
        9.719999           0.118572E-4        1.007336           0.938161E-5        1.006528
        9.721999           0.118580E-4        1.007336           0.938215E-5        1.006528
        9.723999           0.118588E-4        1.007336           0.938269E-5        1.006529
        9.725999           0.118595E-4        1.007337           0.938323E-5        1.006529
        9.728000           0.118603E-4        1.007337           0.938377E-5        1.006529
        9.730000           0.118611E-4        1.007337           0.938432E-5        1.006529
        9.731999           0.118619E-4        1.007337           0.938485E-5        1.006529
        9.733999           0.118626E-4        1.007338           0.938540E-5        1.006530
        9.736000           0.118634E-4        1.007338           0.938594E-5        1.006530
        9.738000           0.118642E-4        1.007338           0.938648E-5        1.006530
        9.740000           0.118649E-4        1.007338           0.938702E-5        1.006530
        9.742000           0.118657E-4        1.007339           0.938756E-5        1.006530
        9.743999           0.118665E-4        1.007339           0.938811E-5        1.006531
        9.745999           0.118672E-4        1.007339           0.938865E-5        1.006531
        9.747999           0.118680E-4        1.007339           0.938919E-5        1.006531
        9.749999           0.118688E-4        1.007339           0.938973E-5        1.006531
        9.751999           0.118696E-4        1.007340           0.939027E-5        1.006531
        9.753999           0.118703E-4        1.007340           0.939082E-5        1.006532
        9.756000           0.118711E-4        1.007340           0.939136E-5        1.006532
        9.757999           0.118719E-4        1.007340           0.939190E-5        1.006532
        9.759999           0.118726E-4        1.007341           0.939244E-5        1.006532
        9.761999           0.118734E-4        1.007341           0.939299E-5        1.006532
        9.763999           0.118742E-4        1.007341           0.939353E-5        1.006532
        9.766000           0.118750E-4        1.007341           0.939407E-5        1.006533
        9.768000           0.118757E-4        1.007342           0.939461E-5        1.006533
        9.770000           0.118765E-4        1.007342           0.939516E-5        1.006533
        9.771999           0.118773E-4        1.007342           0.939570E-5        1.006533
        9.773999           0.118781E-4        1.007342           0.939624E-5        1.006533
        9.776000           0.118788E-4        1.007343           0.939678E-5        1.006534
        9.778000           0.118796E-4        1.007343           0.939732E-5        1.006534
        9.780000           0.118804E-4        1.007343           0.939787E-5        1.006534
        9.781999           0.118811E-4        1.007343           0.939841E-5        1.006534
        9.783998           0.118819E-4        1.007343           0.939895E-5        1.006534
        9.785999           0.118827E-4        1.007344           0.939950E-5        1.006535
        9.787999           0.118835E-4        1.007344           0.940004E-5        1.006535
        9.789999           0.118842E-4        1.007344           0.940058E-5        1.006535
        9.791999           0.118850E-4        1.007344           0.940113E-5        1.006535
        9.793999           0.118858E-4        1.007345           0.940167E-5        1.006535
        9.796000           0.118865E-4        1.007345           0.940221E-5        1.006536
        9.797999           0.118873E-4        1.007345           0.940276E-5        1.006536
        9.799999           0.118881E-4        1.007345           0.940330E-5        1.006536
        9.801999           0.118889E-4        1.007346           0.940384E-5        1.006536
        9.803999           0.118896E-4        1.007346           0.940439E-5        1.006536
        9.806000           0.118904E-4        1.007346           0.940493E-5        1.006536
        9.808000           0.118912E-4        1.007346           0.940547E-5        1.006537
        9.809999           0.118920E-4        1.007347           0.940602E-5        1.006537
        9.811999           0.118927E-4        1.007347           0.940656E-5        1.006537
        9.814000           0.118935E-4        1.007347           0.940710E-5        1.006537
        9.816000           0.118943E-4        1.007347           0.940764E-5        1.006537
        9.817999           0.118951E-4        1.007347           0.940819E-5        1.006538
        9.819999           0.118958E-4        1.007348           0.940873E-5        1.006538
        9.821999           0.118966E-4        1.007348           0.940928E-5        1.006538
        9.823999           0.118974E-4        1.007348           0.940982E-5        1.006538
        9.825999           0.118981E-4        1.007348           0.941036E-5        1.006538
        9.827999           0.118989E-4        1.007349           0.941091E-5        1.006539
        9.829999           0.118997E-4        1.007349           0.941145E-5        1.006539
        9.831999           0.119005E-4        1.007349           0.941200E-5        1.006539
        9.834000           0.119012E-4        1.007349           0.941254E-5        1.006539
        9.835999           0.119020E-4        1.007350           0.941309E-5        1.006539
        9.837999           0.119028E-4        1.007350           0.941363E-5        1.006539
        9.839999           0.119036E-4        1.007350           0.941417E-5        1.006540
        9.841999           0.119043E-4        1.007350           0.941472E-5        1.006540
        9.844000           0.119051E-4        1.007351           0.941526E-5        1.006540
        9.846000           0.119059E-4        1.007351           0.941580E-5        1.006540
        9.848000           0.119067E-4        1.007351           0.941635E-5        1.006540
        9.849999           0.119074E-4        1.007351           0.941689E-5        1.006541
        9.851999           0.119082E-4        1.007352           0.941744E-5        1.006541
        9.853999           0.119090E-4        1.007352           0.941798E-5        1.006541
        9.855999           0.119098E-4        1.007352           0.941853E-5        1.006541
        9.857999           0.119105E-4        1.007352           0.941907E-5        1.006541
        9.859999           0.119113E-4        1.007352           0.941962E-5        1.006541
        9.861999           0.119121E-4        1.007353           0.942016E-5        1.006542
        9.863999           0.119129E-4        1.007353           0.942071E-5        1.006542
        9.865999           0.119136E-4        1.007353           0.942125E-5        1.006542
        9.867999           0.119144E-4        1.007353           0.942180E-5        1.006542
        9.869999           0.119152E-4        1.007354           0.942234E-5        1.006542
        9.871999           0.119160E-4        1.007354           0.942288E-5        1.006543
        9.874000           0.119167E-4        1.007354           0.942343E-5        1.006543
        9.875999           0.119175E-4        1.007354           0.942397E-5        1.006543
        9.877999           0.119183E-4        1.007355           0.942452E-5        1.006543
        9.879999           0.119191E-4        1.007355           0.942507E-5        1.006543
        9.881999           0.119199E-4        1.007355           0.942561E-5        1.006544
        9.884000           0.119206E-4        1.007355           0.942615E-5        1.006544
        9.886000           0.119214E-4        1.007356           0.942670E-5        1.006544
        9.888000           0.119222E-4        1.007356           0.942725E-5        1.006544
        9.889999           0.119230E-4        1.007356           0.942779E-5        1.006544
        9.891999           0.119237E-4        1.007356           0.942834E-5        1.006544
        9.893999           0.119245E-4        1.007357           0.942888E-5        1.006545
        9.895999           0.119253E-4        1.007357           0.942943E-5        1.006545
        9.897999           0.119261E-4        1.007357           0.942997E-5        1.006545
        9.899999           0.119268E-4        1.007357           0.943052E-5        1.006545
        9.901999           0.119276E-4        1.007357           0.943107E-5        1.006545
        9.903999           0.119284E-4        1.007358           0.943161E-5        1.006546
        9.905999           0.119292E-4        1.007358           0.943216E-5        1.006546
        9.907999           0.119300E-4        1.007358           0.943270E-5        1.006546
        9.909999           0.119307E-4        1.007358           0.943325E-5        1.006546
        9.912000           0.119315E-4        1.007359           0.943379E-5        1.006546
        9.914000           0.119323E-4        1.007359           0.943434E-5        1.006547
        9.915999           0.119331E-4        1.007359           0.943489E-5        1.006547
        9.917999           0.119338E-4        1.007359           0.943543E-5        1.006547
        9.919999           0.119346E-4        1.007360           0.943598E-5        1.006547
        9.922000           0.119354E-4        1.007360           0.943652E-5        1.006547
        9.924000           0.119362E-4        1.007360           0.943707E-5        1.006548
        9.926000           0.119369E-4        1.007360           0.943761E-5        1.006548
        9.927999           0.119377E-4        1.007361           0.943816E-5        1.006548
        9.929999           0.119385E-4        1.007361           0.943871E-5        1.006548
        9.931999           0.119393E-4        1.007361           0.943925E-5        1.006548
        9.933999           0.119401E-4        1.007361           0.943980E-5        1.006549
        9.935999           0.119408E-4        1.007362           0.944035E-5        1.006549
        9.937999           0.119416E-4        1.007362           0.944089E-5        1.006549
        9.939999           0.119424E-4        1.007362           0.944144E-5        1.006549
        9.941999           0.119432E-4        1.007362           0.944199E-5        1.006549
        9.943999           0.119440E-4        1.007362           0.944253E-5        1.006549
        9.945999           0.119447E-4        1.007363           0.944308E-5        1.006550
        9.947999           0.119455E-4        1.007363           0.944363E-5        1.006550
        9.949999           0.119463E-4        1.007363           0.944417E-5        1.006550
        9.952000           0.119471E-4        1.007363           0.944472E-5        1.006550
        9.954000           0.119478E-4        1.007364           0.944527E-5        1.006550
        9.955999           0.119486E-4        1.007364           0.944581E-5        1.006551
        9.957999           0.119494E-4        1.007364           0.944636E-5        1.006551
        9.960000           0.119502E-4        1.007364           0.944691E-5        1.006551
        9.962000           0.119510E-4        1.007365           0.944745E-5        1.006551
        9.964000           0.119517E-4        1.007365           0.944800E-5        1.006551
        9.966000           0.119525E-4        1.007365           0.944855E-5        1.006552
        9.967999           0.119533E-4        1.007365           0.944910E-5        1.006552
        9.969999           0.119541E-4        1.007366           0.944964E-5        1.006552
        9.971999           0.119549E-4        1.007366           0.945019E-5        1.006552
        9.973999           0.119556E-4        1.007366           0.945074E-5        1.006552
        9.975999           0.119564E-4        1.007366           0.945129E-5        1.006552
        9.977999           0.119572E-4        1.007367           0.945183E-5        1.006553
        9.980000           0.119580E-4        1.007367           0.945238E-5        1.006553
        9.981999           0.119588E-4        1.007367           0.945293E-5        1.006553
        9.983999           0.119595E-4        1.007367           0.945347E-5        1.006553
        9.985999           0.119603E-4        1.007367           0.945402E-5        1.006553
        9.987999           0.119611E-4        1.007368           0.945457E-5        1.006554
        9.990000           0.119619E-4        1.007368           0.945512E-5        1.006554
        9.992000           0.119627E-4        1.007368           0.945567E-5        1.006554
        9.993999           0.119634E-4        1.007369           0.945621E-5        1.006554
        9.995999           0.119642E-4        1.007369           0.945676E-5        1.006554
        9.997999           0.119650E-4        1.007369           0.945731E-5        1.006554
        10.00000           0.119658E-4        1.007369           0.945786E-5        1.006555
# 
# 08/27/2026 at 16:50 yambo @ compute-9-01 [start]
# 08/27/2026 at 16:50                      [end]
#  
# Timing   [Min/Max/Average]: 15s/15s/15s
#
# .-Input file  BSE_DS_files/BSE_DS.in
# | optics                           # [R] Linear Response optical properties
# | dipoles                          # [R] Oscillator strenghts (or dipoles)
# | bss                              # [R] BSE solver
# | bse                              # [R][BSE] Bethe Salpeter Equation.
# | DBsIOoff= "BS"                   # [IO] Space-separated list of DB with NO I/O. DB=(DIP,X,HF,COLLs,J,GF,CARRIERs,OBS,W,SC,BS,ALL)
# | FFTGvecs= 1837             RL    # [FFT] Plane-waves
# | DIP_CPU= "2.2.6"                 # [PARALLEL] CPUs for each role
# | DIP_ROLEs= "v.c.k"               # [PARALLEL] CPUs roles (k,c,v)
# | DIP_Threads= 2                   # [OPENMP/X] Number of threads for dipoles
# | BS_CPU= "4.6"                    # [PARALLEL] CPUs for each role
# | BS_ROLEs= "eh.k"                 # [PARALLEL] CPUs roles (k,eh,t)
# | BS_nCPU_LinAlg_INV=  4           # [PARALLEL] CPUs for Linear Algebra (if -1 it is automatically set)
# | BS_nCPU_LinAlg_DIAGO=  4         # [PARALLEL] CPUs for Linear Algebra (if -1 it is automatically set)
# | K_Threads= 2                     # [OPENMP/BSK] Number of threads for response functions
# | BSKmod= "SEX"                    # [BSE] IP/Hartree/HF/ALDA/SEX/BSfxc
# | BSEmod= "resonant"               # [BSE] resonant/retarded/coupling
# | BSEdiskIO= "medium"              # [BSE] high(restart always) |medium(restart only corr.) |low(writes at the end)|none
# | BSSmod= "d"                      # [BSS] (h)aydock/(d)iago/(o)ld-diago/(s)lepc/(i)nversion/(c)hase
# | BSENGexx= 20120            mHa   # [BSK] Exchange components
# | BSENGBlk=  89              RL    # [BSK] Screened interaction block size [if -1 uses all the G-vectors of W_{G,Gp}]
# | #WehCpl                        # [BSK] eh interaction included also in coupling
# | KfnQPdb= "E < GW0/ndb.QP"        # [EXTQP BSK BSS] Database action
# | % KfnQP_E
# |  6.000000 | 1.050000 | 1.050000 |        # [EXTQP BSK BSS] E parameters  (c/v) eV|adim|adim
# | %
# | EXCTemp= 0.000000          eV    # Excitonic Temperature (for luminescence spectra and EXCPH)
# | % BSEQptR
# |  1 | 1 |                             # [BSK] Transferred momenta range
# | %
# | % BSEBands
# |   1 | 10 |                           # [BSK] Bands range
# | %
# | BSEFrozenBands= "2 - 5"          # [BSK] Bands expluded from BSE construction
# | #NoDiagSC                      # New setup for non-diagonal supercells
# | % BEnRange
# |   0.00000 | 10.00000 |         eV    # [BSS] Energy range
# | %
# | BDmType= "Lorentzian"            # [BSS] Damping type (Lorentzian | Gaussian)
# | % BDmRange
# |  0.100000 | 0.100000 |         eV    # [BSS] Damping range
# | %
# | BEnSteps=  5001                  # [BSS] Energy steps
# | % BLongDir
# |  1.000000 | 0.000000 | 0.000000 |        # [BSS] [cc] Electric Field versor
# | %
# | BSEprop= " abs esrt indx"        # [BSS] Can be any among abs/jdos/kerr/asymm/anHAll/magn/dich/photolum/esrt/MEspin/MEorb
# | BSEdips= "none"                  # [BSS] Can be "trace/none" or "xy/xz/yz" to define off-diagonal rotation plane
# | WRbsWF                         # [BSS] Write to disk excitonic the WFs
# | BSSldiaLib= "s"                  # [BSS] Library used with ldiago solver `(s)scalapack/(e1)elpa1/(e2)elpa2`
# | BSSNEig=0                        # [SLEPC/DIAGO] Number of eigenvalues to compute
