#                                                                     
# $$\                                                                 
# $$ |                                                                
# $$ |     $$\   $$\ $$$$$$\$$$$\   $$$$$$\  $$$$$$$\                 
# $$ |     $$ |  $$ |$$  _$$  _$$\ $$  __$$\ $$  __$$\                
# $$ |     $$ |  $$ |$$ / $$ / $$ |$$$$$$$$ |$$ |  $$ |               
# $$ |     $$ |  $$ |$$ | $$ | $$ |$$   ____|$$ |  $$ |               
# $$$$$$$$\\$$$$$$  |$$ | $$ | $$ |\$$$$$$$\ $$ |  $$ |               
# \________|\______/ \__| \__| \__| \_______|\__|  \__|               
#                                                                     
#                   Fork Lumen 2.1.0                                  
#                   Branch is nlresp                                  
#        MPI+OpenMP+SLK+SLEPC+HDF5_MPI_IO Build                       
#               http://www.lumen-code.org                             
#
# Absorption @ Q(1):   1.00000000      0.00000000      0.00000000    [q->0 direction]
#
# [GEN] GF Energies                               : Perdew, Burke & Ernzerhof(X)+Perdew, Burke & Ernzerhof(C)
# [GEN] Green`s Function                          : Resonant
#
# [GEN] Gauge                                     : Length
# [GEN] [r,Vnl] included                          : yes
#
# DIP band range                                  :   1  10
# DIP band range limits                           :   5   6
# DIP e/h energy range                            :  -1.00000000     -1.00000000    [eV]
# RL vectors in the sum                           :  1837
# [r,Vnl] included                                : yes
# Bands ordered                                   : yes
# Direct v evaluation                             : no
# Approach used                                   : G-space v
# Dipoles computed                                : R V P [G-space]
# Wavefunctions                                   : Perdew, Burke & Ernzerhof(X)+Perdew, Burke & Ernzerhof(C)
#
#
# [K] Identifier                                  :   8614
# [K] Dimension                                   :  1030
# [K] Bands                                       :   1  10
# [K] Exchange res                                : yes
# [K] Correlation res                             : yes
# [K] Kernel`s coupling                           : no
# [K] Exchange cpl                                : no
# [K] Correlation cpl                             : no
# [K] W interaction is bare                       : no
# [K] ALDA kernel in R-space                      : no
# [K] RL vectors exchange                         :   531
# [K] RL vectors correlation                      :   89
# [K] E/h energy range                            :  -1.00000000     -1.00000000    [eV]
# [K] Coupling range                              :   100.000000      100.000000    [o/o]
# [W] Interaction is diagonal                     : no
# [W] Matrix size                                 :   89
# [W] Bands                                       :   1  10
# [W] e/h energy range                            :  -1.00000000     -1.00000000    [eV]
# [W] Poles                                       :   100.000000    [o/o]
# [W] RL vectors in the sum                       :  1837
# [W] [r,Vnl] included                            : yes
# [W] Field direction                             :  0.999999975E-5   0.00000000      0.00000000   
# [W] Coulomb Cutoff                              : none
# [W] Hxc Kernel                                  : HARTREE
# [RIM] RL components col                         : 0
# [RIM] Random points col                         : 0
# [SOC] Perturbative SOC                          : no
# [X] Response Kind                               : BAR
#
# Diamagnetic term                                
# Ao                                              :  -9.80735779    [nel]
# A                                               :  -9.81704426    [nel]
#
#    E[1] [eV]          Im(eps)            Re(eps)            Im(eps_o)          Re(eps_o)
#
        0.000000           0.313664E-5        1.002476           0.282903E-5        1.002351
        0.002000           0.313680E-5        1.002476           0.282917E-5        1.002351
        0.004000           0.313696E-5        1.002476           0.282931E-5        1.002351
        0.006000           0.313712E-5        1.002476           0.282944E-5        1.002351
        0.008000           0.313727E-5        1.002476           0.282958E-5        1.002351
        0.010000           0.313743E-5        1.002476           0.282971E-5        1.002351
        0.012000           0.313759E-5        1.002476           0.282985E-5        1.002351
        0.014000           0.313775E-5        1.002476           0.282999E-5        1.002352
        0.016000           0.313791E-5        1.002476           0.283012E-5        1.002352
        0.018000           0.313807E-5        1.002476           0.283026E-5        1.002352
        0.020000           0.313823E-5        1.002476           0.283040E-5        1.002352
        0.022000           0.313839E-5        1.002476           0.283053E-5        1.002352
        0.024000           0.313855E-5        1.002476           0.283067E-5        1.002352
        0.026000           0.313871E-5        1.002476           0.283081E-5        1.002352
        0.028000           0.313887E-5        1.002477           0.283094E-5        1.002352
        0.030000           0.313903E-5        1.002477           0.283108E-5        1.002352
        0.032000           0.313919E-5        1.002477           0.283121E-5        1.002352
        0.034000           0.313934E-5        1.002477           0.283135E-5        1.002352
        0.036000           0.313950E-5        1.002477           0.283149E-5        1.002352
        0.038000           0.313966E-5        1.002477           0.283162E-5        1.002352
        0.040000           0.313982E-5        1.002477           0.283176E-5        1.002352
        0.042000           0.313998E-5        1.002477           0.283190E-5        1.002352
        0.044000           0.314014E-5        1.002477           0.283203E-5        1.002352
        0.046000           0.314030E-5        1.002477           0.283217E-5        1.002352
        0.048000           0.314046E-5        1.002477           0.283231E-5        1.002352
        0.050000           0.314062E-5        1.002477           0.283244E-5        1.002352
        0.052000           0.314078E-5        1.002477           0.283258E-5        1.002353
        0.054000           0.314094E-5        1.002477           0.283272E-5        1.002353
        0.056000           0.314110E-5        1.002477           0.283285E-5        1.002353
        0.058000           0.314126E-5        1.002477           0.283299E-5        1.002353
        0.060000           0.314142E-5        1.002478           0.283313E-5        1.002353
        0.062000           0.314158E-5        1.002478           0.283326E-5        1.002353
        0.064000           0.314174E-5        1.002478           0.283340E-5        1.002353
        0.066000           0.314189E-5        1.002478           0.283354E-5        1.002353
        0.068000           0.314205E-5        1.002478           0.283367E-5        1.002353
        0.070000           0.314221E-5        1.002478           0.283381E-5        1.002353
        0.072000           0.314237E-5        1.002478           0.283395E-5        1.002353
        0.074000           0.314253E-5        1.002478           0.283408E-5        1.002353
        0.076000           0.314269E-5        1.002478           0.283422E-5        1.002353
        0.078000           0.314285E-5        1.002478           0.283436E-5        1.002353
        0.080000           0.314301E-5        1.002478           0.283449E-5        1.002353
        0.082000           0.314317E-5        1.002478           0.283463E-5        1.002353
        0.084000           0.314333E-5        1.002478           0.283477E-5        1.002353
        0.086000           0.314349E-5        1.002478           0.283490E-5        1.002354
        0.088000           0.314365E-5        1.002478           0.283504E-5        1.002354
        0.090000           0.314381E-5        1.002478           0.283518E-5        1.002354
        0.092000           0.314397E-5        1.002478           0.283531E-5        1.002354
        0.094000           0.314413E-5        1.002479           0.283545E-5        1.002354
        0.096000           0.314429E-5        1.002479           0.283559E-5        1.002354
        0.098000           0.314445E-5        1.002479           0.283572E-5        1.002354
        0.100000           0.314461E-5        1.002479           0.283586E-5        1.002354
        0.102000           0.314477E-5        1.002479           0.283600E-5        1.002354
        0.104000           0.314493E-5        1.002479           0.283613E-5        1.002354
        0.106000           0.314509E-5        1.002479           0.283627E-5        1.002354
        0.108000           0.314525E-5        1.002479           0.283641E-5        1.002354
        0.110000           0.314541E-5        1.002479           0.283654E-5        1.002354
        0.112000           0.314557E-5        1.002479           0.283668E-5        1.002354
        0.114000           0.314573E-5        1.002479           0.283682E-5        1.002354
        0.116000           0.314589E-5        1.002479           0.283695E-5        1.002354
        0.118000           0.314605E-5        1.002479           0.283709E-5        1.002355
        0.120000           0.314621E-5        1.002479           0.283723E-5        1.002355
        0.122000           0.314637E-5        1.002479           0.283737E-5        1.002355
        0.124000           0.314653E-5        1.002480           0.283750E-5        1.002355
        0.126000           0.314669E-5        1.002480           0.283764E-5        1.002355
        0.128000           0.314685E-5        1.002480           0.283778E-5        1.002355
        0.130000           0.314700E-5        1.002480           0.283791E-5        1.002355
        0.132000           0.314717E-5        1.002480           0.283805E-5        1.002355
        0.134000           0.314733E-5        1.002480           0.283819E-5        1.002355
        0.136000           0.314748E-5        1.002480           0.283832E-5        1.002355
        0.138000           0.314764E-5        1.002480           0.283846E-5        1.002355
        0.140000           0.314780E-5        1.002480           0.283860E-5        1.002355
        0.142000           0.314796E-5        1.002480           0.283873E-5        1.002355
        0.144000           0.314812E-5        1.002480           0.283887E-5        1.002355
        0.146000           0.314829E-5        1.002480           0.283901E-5        1.002355
        0.148000           0.314844E-5        1.002480           0.283915E-5        1.002355
        0.150000           0.314860E-5        1.002480           0.283928E-5        1.002355
        0.152000           0.314876E-5        1.002480           0.283942E-5        1.002355
        0.154000           0.314892E-5        1.002481           0.283956E-5        1.002355
        0.156000           0.314908E-5        1.002481           0.283969E-5        1.002356
        0.158000           0.314925E-5        1.002481           0.283983E-5        1.002356
        0.160000           0.314941E-5        1.002481           0.283997E-5        1.002356
        0.162000           0.314956E-5        1.002481           0.284011E-5        1.002356
        0.164000           0.314972E-5        1.002481           0.284024E-5        1.002356
        0.166000           0.314988E-5        1.002481           0.284038E-5        1.002356
        0.168000           0.315005E-5        1.002481           0.284052E-5        1.002356
        0.170000           0.315021E-5        1.002481           0.284065E-5        1.002356
        0.172000           0.315037E-5        1.002481           0.284079E-5        1.002356
        0.174000           0.315053E-5        1.002481           0.284093E-5        1.002356
        0.176000           0.315069E-5        1.002481           0.284106E-5        1.002356
        0.178000           0.315085E-5        1.002481           0.284120E-5        1.002356
        0.180000           0.315101E-5        1.002481           0.284134E-5        1.002356
        0.182000           0.315117E-5        1.002481           0.284148E-5        1.002356
        0.184000           0.315133E-5        1.002481           0.284161E-5        1.002356
        0.186000           0.315149E-5        1.002481           0.284175E-5        1.002356
        0.188000           0.315165E-5        1.002482           0.284189E-5        1.002356
        0.190000           0.315181E-5        1.002482           0.284202E-5        1.002357
        0.192000           0.315197E-5        1.002482           0.284216E-5        1.002357
        0.194000           0.315213E-5        1.002482           0.284230E-5        1.002357
        0.196000           0.315229E-5        1.002482           0.284244E-5        1.002357
        0.198000           0.315245E-5        1.002482           0.284257E-5        1.002357
        0.200000           0.315261E-5        1.002482           0.284271E-5        1.002357
        0.202000           0.315277E-5        1.002482           0.284285E-5        1.002357
        0.204000           0.315293E-5        1.002482           0.284299E-5        1.002357
        0.206000           0.315309E-5        1.002482           0.284312E-5        1.002357
        0.208000           0.315325E-5        1.002482           0.284326E-5        1.002357
        0.210000           0.315341E-5        1.002482           0.284340E-5        1.002357
        0.212000           0.315357E-5        1.002482           0.284353E-5        1.002357
        0.214000           0.315373E-5        1.002482           0.284367E-5        1.002357
        0.216000           0.315389E-5        1.002482           0.284381E-5        1.002357
        0.218000           0.315405E-5        1.002483           0.284395E-5        1.002357
        0.220000           0.315421E-5        1.002483           0.284408E-5        1.002357
        0.222000           0.315437E-5        1.002483           0.284422E-5        1.002357
        0.224000           0.315453E-5        1.002483           0.284436E-5        1.002357
        0.226000           0.315469E-5        1.002483           0.284450E-5        1.002357
        0.228000           0.315485E-5        1.002483           0.284463E-5        1.002358
        0.230000           0.315501E-5        1.002483           0.284477E-5        1.002358
        0.232000           0.315517E-5        1.002483           0.284491E-5        1.002358
        0.234000           0.315533E-5        1.002483           0.284505E-5        1.002358
        0.236000           0.315550E-5        1.002483           0.284518E-5        1.002358
        0.238000           0.315566E-5        1.002483           0.284532E-5        1.002358
        0.240000           0.315582E-5        1.002483           0.284546E-5        1.002358
        0.242000           0.315598E-5        1.002483           0.284560E-5        1.002358
        0.244000           0.315614E-5        1.002483           0.284573E-5        1.002358
        0.246000           0.315630E-5        1.002483           0.284587E-5        1.002358
        0.248000           0.315646E-5        1.002483           0.284601E-5        1.002358
        0.250000           0.315662E-5        1.002483           0.284615E-5        1.002358
        0.252000           0.315678E-5        1.002484           0.284628E-5        1.002358
        0.254000           0.315694E-5        1.002484           0.284642E-5        1.002358
        0.256000           0.315710E-5        1.002484           0.284656E-5        1.002358
        0.258000           0.315726E-5        1.002484           0.284670E-5        1.002358
        0.260000           0.315742E-5        1.002484           0.284683E-5        1.002358
        0.262000           0.315758E-5        1.002484           0.284697E-5        1.002359
        0.264000           0.315774E-5        1.002484           0.284711E-5        1.002359
        0.266000           0.315791E-5        1.002484           0.284725E-5        1.002359
        0.268000           0.315807E-5        1.002484           0.284738E-5        1.002359
        0.270000           0.315823E-5        1.002484           0.284752E-5        1.002359
        0.272000           0.315839E-5        1.002484           0.284766E-5        1.002359
        0.274000           0.315855E-5        1.002484           0.284780E-5        1.002359
        0.276000           0.315871E-5        1.002484           0.284793E-5        1.002359
        0.278000           0.315887E-5        1.002484           0.284807E-5        1.002359
        0.280000           0.315903E-5        1.002484           0.284821E-5        1.002359
        0.282000           0.315919E-5        1.002485           0.284835E-5        1.002359
        0.284000           0.315935E-5        1.002485           0.284849E-5        1.002359
        0.286000           0.315951E-5        1.002485           0.284862E-5        1.002359
        0.288000           0.315968E-5        1.002485           0.284876E-5        1.002359
        0.290000           0.315983E-5        1.002485           0.284890E-5        1.002359
        0.292000           0.316000E-5        1.002485           0.284904E-5        1.002359
        0.294000           0.316016E-5        1.002485           0.284917E-5        1.002360
        0.296000           0.316032E-5        1.002485           0.284931E-5        1.002360
        0.298000           0.316048E-5        1.002485           0.284945E-5        1.002360
        0.300000           0.316064E-5        1.002485           0.284959E-5        1.002360
        0.302000           0.316080E-5        1.002485           0.284972E-5        1.002360
        0.304000           0.316096E-5        1.002485           0.284986E-5        1.002360
        0.306000           0.316112E-5        1.002485           0.285000E-5        1.002360
        0.308000           0.316128E-5        1.002485           0.285014E-5        1.002360
        0.310000           0.316144E-5        1.002485           0.285028E-5        1.002360
        0.312000           0.316160E-5        1.002486           0.285041E-5        1.002360
        0.314000           0.316177E-5        1.002486           0.285055E-5        1.002360
        0.316000           0.316193E-5        1.002486           0.285069E-5        1.002360
        0.318000           0.316209E-5        1.002486           0.285083E-5        1.002360
        0.320000           0.316225E-5        1.002486           0.285097E-5        1.002360
        0.322000           0.316241E-5        1.002486           0.285110E-5        1.002360
        0.324000           0.316257E-5        1.002486           0.285124E-5        1.002360
        0.326000           0.316273E-5        1.002486           0.285138E-5        1.002360
        0.328000           0.316289E-5        1.002486           0.285152E-5        1.002360
        0.330000           0.316305E-5        1.002486           0.285165E-5        1.002360
        0.332000           0.316322E-5        1.002486           0.285179E-5        1.002361
        0.334000           0.316338E-5        1.002486           0.285193E-5        1.002361
        0.336000           0.316354E-5        1.002486           0.285207E-5        1.002361
        0.338000           0.316370E-5        1.002486           0.285221E-5        1.002361
        0.340000           0.316386E-5        1.002486           0.285234E-5        1.002361
        0.342000           0.316402E-5        1.002486           0.285248E-5        1.002361
        0.344000           0.316418E-5        1.002486           0.285262E-5        1.002361
        0.346000           0.316434E-5        1.002487           0.285276E-5        1.002361
        0.348000           0.316450E-5        1.002487           0.285290E-5        1.002361
        0.350000           0.316467E-5        1.002487           0.285303E-5        1.002361
        0.352000           0.316483E-5        1.002487           0.285317E-5        1.002361
        0.354000           0.316499E-5        1.002487           0.285331E-5        1.002361
        0.356000           0.316515E-5        1.002487           0.285345E-5        1.002361
        0.358000           0.316531E-5        1.002487           0.285359E-5        1.002361
        0.360000           0.316547E-5        1.002487           0.285372E-5        1.002361
        0.362000           0.316563E-5        1.002487           0.285386E-5        1.002361
        0.364000           0.316580E-5        1.002487           0.285400E-5        1.002361
        0.366000           0.316596E-5        1.002487           0.285414E-5        1.002362
        0.368000           0.316612E-5        1.002487           0.285428E-5        1.002362
        0.370000           0.316628E-5        1.002487           0.285441E-5        1.002362
        0.372000           0.316644E-5        1.002487           0.285455E-5        1.002362
        0.374000           0.316660E-5        1.002487           0.285469E-5        1.002362
        0.376000           0.316676E-5        1.002488           0.285483E-5        1.002362
        0.378000           0.316692E-5        1.002488           0.285497E-5        1.002362
        0.380000           0.316709E-5        1.002488           0.285511E-5        1.002362
        0.382000           0.316725E-5        1.002488           0.285524E-5        1.002362
        0.384000           0.316741E-5        1.002488           0.285538E-5        1.002362
        0.386000           0.316757E-5        1.002488           0.285552E-5        1.002362
        0.388000           0.316773E-5        1.002488           0.285566E-5        1.002362
        0.390000           0.316789E-5        1.002488           0.285580E-5        1.002362
        0.392000           0.316805E-5        1.002488           0.285593E-5        1.002362
        0.394000           0.316822E-5        1.002488           0.285607E-5        1.002362
        0.396000           0.316838E-5        1.002488           0.285621E-5        1.002362
        0.398000           0.316854E-5        1.002488           0.285635E-5        1.002362
        0.400000           0.316870E-5        1.002488           0.285649E-5        1.002362
        0.402000           0.316886E-5        1.002488           0.285663E-5        1.002362
        0.404000           0.316902E-5        1.002488           0.285676E-5        1.002363
        0.406000           0.316918E-5        1.002488           0.285690E-5        1.002363
        0.408000           0.316935E-5        1.002488           0.285704E-5        1.002363
        0.410000           0.316951E-5        1.002489           0.285718E-5        1.002363
        0.412000           0.316967E-5        1.002489           0.285732E-5        1.002363
        0.414000           0.316983E-5        1.002489           0.285746E-5        1.002363
        0.416000           0.316999E-5        1.002489           0.285759E-5        1.002363
        0.418000           0.317016E-5        1.002489           0.285773E-5        1.002363
        0.420000           0.317032E-5        1.002489           0.285787E-5        1.002363
        0.422000           0.317048E-5        1.002489           0.285801E-5        1.002363
        0.424000           0.317064E-5        1.002489           0.285815E-5        1.002363
        0.426000           0.317080E-5        1.002489           0.285829E-5        1.002363
        0.428000           0.317096E-5        1.002489           0.285842E-5        1.002363
        0.430000           0.317112E-5        1.002489           0.285856E-5        1.002363
        0.432000           0.317129E-5        1.002489           0.285870E-5        1.002363
        0.434000           0.317145E-5        1.002489           0.285884E-5        1.002363
        0.436000           0.317161E-5        1.002489           0.285898E-5        1.002364
        0.438000           0.317177E-5        1.002489           0.285912E-5        1.002364
        0.440000           0.317193E-5        1.002490           0.285926E-5        1.002364
        0.442000           0.317210E-5        1.002490           0.285939E-5        1.002364
        0.444000           0.317226E-5        1.002490           0.285953E-5        1.002364
        0.446000           0.317242E-5        1.002490           0.285967E-5        1.002364
        0.448000           0.317258E-5        1.002490           0.285981E-5        1.002364
        0.450000           0.317274E-5        1.002490           0.285995E-5        1.002364
        0.452000           0.317290E-5        1.002490           0.286009E-5        1.002364
        0.454000           0.317307E-5        1.002490           0.286022E-5        1.002364
        0.456000           0.317323E-5        1.002490           0.286036E-5        1.002364
        0.458000           0.317339E-5        1.002490           0.286050E-5        1.002364
        0.460000           0.317355E-5        1.002490           0.286064E-5        1.002364
        0.462000           0.317371E-5        1.002490           0.286078E-5        1.002364
        0.464000           0.317388E-5        1.002490           0.286092E-5        1.002364
        0.466000           0.317404E-5        1.002490           0.286106E-5        1.002364
        0.468000           0.317420E-5        1.002490           0.286120E-5        1.002364
        0.470000           0.317436E-5        1.002491           0.286133E-5        1.002365
        0.472000           0.317452E-5        1.002491           0.286147E-5        1.002365
        0.474000           0.317469E-5        1.002491           0.286161E-5        1.002365
        0.476000           0.317485E-5        1.002491           0.286175E-5        1.002365
        0.478000           0.317501E-5        1.002491           0.286189E-5        1.002365
        0.480000           0.317517E-5        1.002491           0.286203E-5        1.002365
        0.482000           0.317533E-5        1.002491           0.286217E-5        1.002365
        0.484000           0.317550E-5        1.002491           0.286230E-5        1.002365
        0.486000           0.317566E-5        1.002491           0.286244E-5        1.002365
        0.488000           0.317582E-5        1.002491           0.286258E-5        1.002365
        0.490000           0.317598E-5        1.002491           0.286272E-5        1.002365
        0.492000           0.317615E-5        1.002491           0.286286E-5        1.002365
        0.494000           0.317631E-5        1.002491           0.286300E-5        1.002365
        0.496000           0.317647E-5        1.002491           0.286314E-5        1.002365
        0.498000           0.317663E-5        1.002491           0.286328E-5        1.002365
        0.500000           0.317679E-5        1.002491           0.286341E-5        1.002365
        0.502000           0.317696E-5        1.002491           0.286355E-5        1.002365
        0.504000           0.317712E-5        1.002492           0.286369E-5        1.002365
        0.506000           0.317728E-5        1.002492           0.286383E-5        1.002365
        0.508000           0.317744E-5        1.002492           0.286397E-5        1.002366
        0.510000           0.317760E-5        1.002492           0.286411E-5        1.002366
        0.512000           0.317777E-5        1.002492           0.286425E-5        1.002366
        0.514000           0.317793E-5        1.002492           0.286439E-5        1.002366
        0.516000           0.317809E-5        1.002492           0.286452E-5        1.002366
        0.518000           0.317825E-5        1.002492           0.286466E-5        1.002366
        0.520000           0.317842E-5        1.002492           0.286480E-5        1.002366
        0.522000           0.317858E-5        1.002492           0.286494E-5        1.002366
        0.524000           0.317874E-5        1.002492           0.286508E-5        1.002366
        0.526000           0.317890E-5        1.002492           0.286522E-5        1.002366
        0.528000           0.317906E-5        1.002492           0.286536E-5        1.002366
        0.530000           0.317923E-5        1.002492           0.286550E-5        1.002366
        0.532000           0.317939E-5        1.002492           0.286564E-5        1.002366
        0.534000           0.317955E-5        1.002493           0.286577E-5        1.002366
        0.536000           0.317971E-5        1.002493           0.286591E-5        1.002366
        0.538000           0.317988E-5        1.002493           0.286605E-5        1.002366
        0.540000           0.318004E-5        1.002493           0.286619E-5        1.002367
        0.542000           0.318020E-5        1.002493           0.286633E-5        1.002367
        0.544000           0.318036E-5        1.002493           0.286647E-5        1.002367
        0.546000           0.318053E-5        1.002493           0.286661E-5        1.002367
        0.548000           0.318069E-5        1.002493           0.286675E-5        1.002367
        0.550000           0.318085E-5        1.002493           0.286689E-5        1.002367
        0.552000           0.318101E-5        1.002493           0.286703E-5        1.002367
        0.554000           0.318118E-5        1.002493           0.286716E-5        1.002367
        0.556000           0.318134E-5        1.002493           0.286730E-5        1.002367
        0.558000           0.318150E-5        1.002493           0.286744E-5        1.002367
        0.560000           0.318166E-5        1.002493           0.286758E-5        1.002367
        0.562000           0.318183E-5        1.002493           0.286772E-5        1.002367
        0.564000           0.318199E-5        1.002494           0.286786E-5        1.002367
        0.566000           0.318215E-5        1.002494           0.286800E-5        1.002367
        0.568000           0.318231E-5        1.002494           0.286814E-5        1.002367
        0.570000           0.318248E-5        1.002494           0.286828E-5        1.002367
        0.572000           0.318264E-5        1.002494           0.286842E-5        1.002367
        0.574000           0.318280E-5        1.002494           0.286856E-5        1.002367
        0.576000           0.318296E-5        1.002494           0.286869E-5        1.002367
        0.578000           0.318313E-5        1.002494           0.286883E-5        1.002368
        0.580000           0.318329E-5        1.002494           0.286897E-5        1.002368
        0.582000           0.318345E-5        1.002494           0.286911E-5        1.002368
        0.584000           0.318362E-5        1.002494           0.286925E-5        1.002368
        0.586000           0.318378E-5        1.002494           0.286939E-5        1.002368
        0.588000           0.318394E-5        1.002494           0.286953E-5        1.002368
        0.590000           0.318410E-5        1.002494           0.286967E-5        1.002368
        0.592000           0.318427E-5        1.002494           0.286981E-5        1.002368
        0.594000           0.318443E-5        1.002494           0.286995E-5        1.002368
        0.596000           0.318459E-5        1.002494           0.287009E-5        1.002368
        0.598000           0.318475E-5        1.002495           0.287023E-5        1.002368
        0.600000           0.318492E-5        1.002495           0.287037E-5        1.002368
        0.602000           0.318508E-5        1.002495           0.287050E-5        1.002368
        0.604000           0.318524E-5        1.002495           0.287064E-5        1.002368
        0.606000           0.318541E-5        1.002495           0.287078E-5        1.002368
        0.608000           0.318557E-5        1.002495           0.287092E-5        1.002368
        0.610000           0.318573E-5        1.002495           0.287106E-5        1.002368
        0.612000           0.318589E-5        1.002495           0.287120E-5        1.002369
        0.614000           0.318606E-5        1.002495           0.287134E-5        1.002369
        0.616000           0.318622E-5        1.002495           0.287148E-5        1.002369
        0.618000           0.318638E-5        1.002495           0.287162E-5        1.002369
        0.620000           0.318654E-5        1.002495           0.287176E-5        1.002369
        0.622000           0.318671E-5        1.002495           0.287190E-5        1.002369
        0.624000           0.318687E-5        1.002495           0.287204E-5        1.002369
        0.626000           0.318703E-5        1.002495           0.287218E-5        1.002369
        0.628000           0.318720E-5        1.002496           0.287232E-5        1.002369
        0.630000           0.318736E-5        1.002496           0.287246E-5        1.002369
        0.632000           0.318752E-5        1.002496           0.287260E-5        1.002369
        0.634000           0.318769E-5        1.002496           0.287273E-5        1.002369
        0.636000           0.318785E-5        1.002496           0.287287E-5        1.002369
        0.638000           0.318801E-5        1.002496           0.287301E-5        1.002369
        0.640000           0.318818E-5        1.002496           0.287315E-5        1.002369
        0.642000           0.318834E-5        1.002496           0.287329E-5        1.002369
        0.644000           0.318850E-5        1.002496           0.287343E-5        1.002370
        0.646000           0.318866E-5        1.002496           0.287357E-5        1.002370
        0.648000           0.318883E-5        1.002496           0.287371E-5        1.002370
        0.650000           0.318899E-5        1.002496           0.287385E-5        1.002370
        0.652000           0.318915E-5        1.002496           0.287399E-5        1.002370
        0.654000           0.318932E-5        1.002496           0.287413E-5        1.002370
        0.656000           0.318948E-5        1.002496           0.287427E-5        1.002370
        0.658000           0.318964E-5        1.002496           0.287441E-5        1.002370
        0.660000           0.318981E-5        1.002496           0.287455E-5        1.002370
        0.662000           0.318997E-5        1.002497           0.287469E-5        1.002370
        0.664000           0.319013E-5        1.002497           0.287483E-5        1.002370
        0.666000           0.319030E-5        1.002497           0.287497E-5        1.002370
        0.668000           0.319046E-5        1.002497           0.287511E-5        1.002370
        0.670000           0.319062E-5        1.002497           0.287525E-5        1.002370
        0.672000           0.319079E-5        1.002497           0.287539E-5        1.002370
        0.674000           0.319095E-5        1.002497           0.287553E-5        1.002370
        0.676000           0.319111E-5        1.002497           0.287567E-5        1.002370
        0.678000           0.319127E-5        1.002497           0.287580E-5        1.002370
        0.680000           0.319144E-5        1.002497           0.287594E-5        1.002370
        0.682000           0.319160E-5        1.002497           0.287608E-5        1.002371
        0.684000           0.319176E-5        1.002497           0.287622E-5        1.002371
        0.686000           0.319193E-5        1.002497           0.287636E-5        1.002371
        0.688000           0.319209E-5        1.002497           0.287650E-5        1.002371
        0.690000           0.319225E-5        1.002497           0.287664E-5        1.002371
        0.692000           0.319242E-5        1.002498           0.287678E-5        1.002371
        0.694000           0.319258E-5        1.002498           0.287692E-5        1.002371
        0.696000           0.319275E-5        1.002498           0.287706E-5        1.002371
        0.698000           0.319291E-5        1.002498           0.287720E-5        1.002371
        0.700000           0.319307E-5        1.002498           0.287734E-5        1.002371
        0.702000           0.319324E-5        1.002498           0.287748E-5        1.002371
        0.704000           0.319340E-5        1.002498           0.287762E-5        1.002371
        0.706000           0.319356E-5        1.002498           0.287776E-5        1.002371
        0.708000           0.319373E-5        1.002498           0.287790E-5        1.002371
        0.710000           0.319389E-5        1.002498           0.287804E-5        1.002371
        0.712000           0.319405E-5        1.002498           0.287818E-5        1.002371
        0.714000           0.319422E-5        1.002498           0.287832E-5        1.002371
        0.716000           0.319438E-5        1.002498           0.287846E-5        1.002372
        0.718000           0.319454E-5        1.002498           0.287860E-5        1.002372
        0.720000           0.319471E-5        1.002498           0.287874E-5        1.002372
        0.722000           0.319487E-5        1.002499           0.287888E-5        1.002372
        0.724000           0.319503E-5        1.002499           0.287902E-5        1.002372
        0.726000           0.319520E-5        1.002499           0.287916E-5        1.002372
        0.728000           0.319536E-5        1.002499           0.287930E-5        1.002372
        0.730000           0.319552E-5        1.002499           0.287944E-5        1.002372
        0.732000           0.319569E-5        1.002499           0.287958E-5        1.002372
        0.734000           0.319585E-5        1.002499           0.287972E-5        1.002372
        0.736000           0.319601E-5        1.002499           0.287986E-5        1.002372
        0.738000           0.319618E-5        1.002499           0.288000E-5        1.002372
        0.740000           0.319634E-5        1.002499           0.288014E-5        1.002372
        0.742000           0.319651E-5        1.002499           0.288028E-5        1.002372
        0.744000           0.319667E-5        1.002499           0.288042E-5        1.002372
        0.746000           0.319683E-5        1.002499           0.288056E-5        1.002372
        0.748000           0.319700E-5        1.002499           0.288070E-5        1.002373
        0.750000           0.319716E-5        1.002499           0.288084E-5        1.002373
        0.752000           0.319732E-5        1.002499           0.288098E-5        1.002373
        0.754000           0.319749E-5        1.002500           0.288112E-5        1.002373
        0.756000           0.319765E-5        1.002500           0.288126E-5        1.002373
        0.758000           0.319782E-5        1.002500           0.288140E-5        1.002373
        0.760000           0.319798E-5        1.002500           0.288154E-5        1.002373
        0.762000           0.319814E-5        1.002500           0.288168E-5        1.002373
        0.764000           0.319831E-5        1.002500           0.288182E-5        1.002373
        0.766000           0.319847E-5        1.002500           0.288196E-5        1.002373
        0.768000           0.319863E-5        1.002500           0.288210E-5        1.002373
        0.770000           0.319880E-5        1.002500           0.288224E-5        1.002373
        0.772000           0.319896E-5        1.002500           0.288238E-5        1.002373
        0.774000           0.319913E-5        1.002500           0.288252E-5        1.002373
        0.776000           0.319929E-5        1.002500           0.288266E-5        1.002373
        0.778000           0.319945E-5        1.002500           0.288280E-5        1.002373
        0.780000           0.319962E-5        1.002500           0.288294E-5        1.002373
        0.782000           0.319978E-5        1.002500           0.288308E-5        1.002373
        0.784000           0.319995E-5        1.002501           0.288322E-5        1.002373
        0.786000           0.320011E-5        1.002501           0.288336E-5        1.002374
        0.788000           0.320027E-5        1.002501           0.288350E-5        1.002374
        0.790000           0.320044E-5        1.002501           0.288364E-5        1.002374
        0.792000           0.320060E-5        1.002501           0.288378E-5        1.002374
        0.794000           0.320077E-5        1.002501           0.288392E-5        1.002374
        0.796000           0.320093E-5        1.002501           0.288406E-5        1.002374
        0.798000           0.320109E-5        1.002501           0.288420E-5        1.002374
        0.800000           0.320126E-5        1.002501           0.288434E-5        1.002374
        0.802000           0.320142E-5        1.002501           0.288448E-5        1.002374
        0.804000           0.320159E-5        1.002501           0.288462E-5        1.002374
        0.806000           0.320175E-5        1.002501           0.288476E-5        1.002374
        0.808000           0.320191E-5        1.002501           0.288491E-5        1.002374
        0.810000           0.320208E-5        1.002501           0.288505E-5        1.002374
        0.812000           0.320224E-5        1.002501           0.288519E-5        1.002374
        0.814000           0.320241E-5        1.002501           0.288533E-5        1.002374
        0.816000           0.320257E-5        1.002501           0.288547E-5        1.002374
        0.818000           0.320273E-5        1.002502           0.288561E-5        1.002375
        0.820000           0.320290E-5        1.002502           0.288575E-5        1.002375
        0.822000           0.320306E-5        1.002502           0.288589E-5        1.002375
        0.824000           0.320323E-5        1.002502           0.288603E-5        1.002375
        0.826000           0.320339E-5        1.002502           0.288617E-5        1.002375
        0.828000           0.320356E-5        1.002502           0.288631E-5        1.002375
        0.830000           0.320372E-5        1.002502           0.288645E-5        1.002375
        0.832000           0.320388E-5        1.002502           0.288659E-5        1.002375
        0.834000           0.320405E-5        1.002502           0.288673E-5        1.002375
        0.836000           0.320421E-5        1.002502           0.288687E-5        1.002375
        0.838000           0.320438E-5        1.002502           0.288701E-5        1.002375
        0.840000           0.320454E-5        1.002502           0.288715E-5        1.002375
        0.842000           0.320471E-5        1.002502           0.288729E-5        1.002375
        0.844000           0.320487E-5        1.002502           0.288743E-5        1.002375
        0.846000           0.320503E-5        1.002502           0.288757E-5        1.002375
        0.848000           0.320520E-5        1.002503           0.288771E-5        1.002375
        0.850000           0.320536E-5        1.002503           0.288786E-5        1.002375
        0.852000           0.320553E-5        1.002503           0.288800E-5        1.002375
        0.854000           0.320569E-5        1.002503           0.288814E-5        1.002375
        0.856000           0.320586E-5        1.002503           0.288828E-5        1.002376
        0.858000           0.320602E-5        1.002503           0.288842E-5        1.002376
        0.860000           0.320618E-5        1.002503           0.288856E-5        1.002376
        0.862000           0.320635E-5        1.002503           0.288870E-5        1.002376
        0.864000           0.320651E-5        1.002503           0.288884E-5        1.002376
        0.866000           0.320668E-5        1.002503           0.288898E-5        1.002376
        0.868000           0.320684E-5        1.002503           0.288912E-5        1.002376
        0.870000           0.320701E-5        1.002503           0.288926E-5        1.002376
        0.872000           0.320717E-5        1.002503           0.288940E-5        1.002376
        0.874000           0.320734E-5        1.002503           0.288954E-5        1.002376
        0.876000           0.320750E-5        1.002503           0.288968E-5        1.002376
        0.878000           0.320766E-5        1.002504           0.288982E-5        1.002376
        0.880000           0.320783E-5        1.002504           0.288996E-5        1.002376
        0.882000           0.320799E-5        1.002504           0.289011E-5        1.002376
        0.884000           0.320816E-5        1.002504           0.289025E-5        1.002376
        0.886000           0.320832E-5        1.002504           0.289039E-5        1.002376
        0.888000           0.320849E-5        1.002504           0.289053E-5        1.002377
        0.890000           0.320865E-5        1.002504           0.289067E-5        1.002377
        0.892000           0.320882E-5        1.002504           0.289081E-5        1.002377
        0.894000           0.320898E-5        1.002504           0.289095E-5        1.002377
        0.896000           0.320915E-5        1.002504           0.289109E-5        1.002377
        0.898000           0.320931E-5        1.002504           0.289123E-5        1.002377
        0.900000           0.320948E-5        1.002504           0.289137E-5        1.002377
        0.902000           0.320964E-5        1.002504           0.289151E-5        1.002377
        0.904000           0.320981E-5        1.002504           0.289165E-5        1.002377
        0.906000           0.320997E-5        1.002504           0.289179E-5        1.002377
        0.908000           0.321013E-5        1.002504           0.289194E-5        1.002377
        0.910000           0.321030E-5        1.002504           0.289208E-5        1.002377
        0.912000           0.321046E-5        1.002505           0.289222E-5        1.002377
        0.914000           0.321063E-5        1.002505           0.289236E-5        1.002377
        0.916000           0.321079E-5        1.002505           0.289250E-5        1.002377
        0.918000           0.321096E-5        1.002505           0.289264E-5        1.002377
        0.920000           0.321112E-5        1.002505           0.289278E-5        1.002377
        0.922000           0.321129E-5        1.002505           0.289292E-5        1.002378
        0.924000           0.321145E-5        1.002505           0.289306E-5        1.002378
        0.926000           0.321162E-5        1.002505           0.289320E-5        1.002378
        0.928000           0.321178E-5        1.002505           0.289334E-5        1.002378
        0.930000           0.321195E-5        1.002505           0.289349E-5        1.002378
        0.932000           0.321211E-5        1.002505           0.289363E-5        1.002378
        0.934000           0.321228E-5        1.002505           0.289377E-5        1.002378
        0.936000           0.321244E-5        1.002505           0.289391E-5        1.002378
        0.938000           0.321261E-5        1.002505           0.289405E-5        1.002378
        0.940000           0.321277E-5        1.002506           0.289419E-5        1.002378
        0.942000           0.321294E-5        1.002506           0.289433E-5        1.002378
        0.944000           0.321310E-5        1.002506           0.289447E-5        1.002378
        0.946000           0.321327E-5        1.002506           0.289461E-5        1.002378
        0.948000           0.321343E-5        1.002506           0.289475E-5        1.002378
        0.950000           0.321360E-5        1.002506           0.289490E-5        1.002378
        0.952000           0.321376E-5        1.002506           0.289504E-5        1.002378
        0.954000           0.321393E-5        1.002506           0.289518E-5        1.002378
        0.956000           0.321409E-5        1.002506           0.289532E-5        1.002378
        0.958000           0.321426E-5        1.002506           0.289546E-5        1.002379
        0.960000           0.321442E-5        1.002506           0.289560E-5        1.002379
        0.962000           0.321459E-5        1.002506           0.289574E-5        1.002379
        0.964000           0.321475E-5        1.002506           0.289588E-5        1.002379
        0.966000           0.321492E-5        1.002506           0.289602E-5        1.002379
        0.968000           0.321508E-5        1.002506           0.289617E-5        1.002379
        0.970000           0.321525E-5        1.002506           0.289631E-5        1.002379
        0.972000           0.321541E-5        1.002506           0.289645E-5        1.002379
        0.974000           0.321558E-5        1.002507           0.289659E-5        1.002379
        0.976000           0.321574E-5        1.002507           0.289673E-5        1.002379
        0.978000           0.321591E-5        1.002507           0.289687E-5        1.002379
        0.980000           0.321607E-5        1.002507           0.289701E-5        1.002379
        0.982000           0.321624E-5        1.002507           0.289715E-5        1.002379
        0.984000           0.321640E-5        1.002507           0.289730E-5        1.002379
        0.986000           0.321657E-5        1.002507           0.289744E-5        1.002379
        0.988000           0.321673E-5        1.002507           0.289758E-5        1.002379
        0.990000           0.321690E-5        1.002507           0.289772E-5        1.002379
        0.992000           0.321706E-5        1.002507           0.289786E-5        1.002380
        0.994000           0.321723E-5        1.002507           0.289800E-5        1.002380
        0.996000           0.321739E-5        1.002507           0.289814E-5        1.002380
        0.998000           0.321756E-5        1.002507           0.289828E-5        1.002380
        1.000000           0.321773E-5        1.002507           0.289843E-5        1.002380
        1.002000           0.321789E-5        1.002507           0.289857E-5        1.002380
        1.004000           0.321806E-5        1.002508           0.289871E-5        1.002380
        1.006000           0.321822E-5        1.002508           0.289885E-5        1.002380
        1.008000           0.321839E-5        1.002508           0.289899E-5        1.002380
        1.010000           0.321855E-5        1.002508           0.289913E-5        1.002380
        1.012000           0.321872E-5        1.002508           0.289927E-5        1.002380
        1.014000           0.321888E-5        1.002508           0.289942E-5        1.002380
        1.016000           0.321905E-5        1.002508           0.289956E-5        1.002380
        1.018000           0.321921E-5        1.002508           0.289970E-5        1.002380
        1.020000           0.321938E-5        1.002508           0.289984E-5        1.002380
        1.022000           0.321954E-5        1.002508           0.289998E-5        1.002380
        1.024000           0.321971E-5        1.002508           0.290012E-5        1.002380
        1.026000           0.321987E-5        1.002508           0.290026E-5        1.002380
        1.028000           0.322004E-5        1.002508           0.290040E-5        1.002381
        1.030000           0.322021E-5        1.002508           0.290055E-5        1.002381
        1.032000           0.322037E-5        1.002508           0.290069E-5        1.002381
        1.034000           0.322054E-5        1.002509           0.290083E-5        1.002381
        1.036000           0.322070E-5        1.002509           0.290097E-5        1.002381
        1.038000           0.322087E-5        1.002509           0.290111E-5        1.002381
        1.040000           0.322103E-5        1.002509           0.290125E-5        1.002381
        1.042000           0.322120E-5        1.002509           0.290140E-5        1.002381
        1.044000           0.322136E-5        1.002509           0.290154E-5        1.002381
        1.046000           0.322153E-5        1.002509           0.290168E-5        1.002381
        1.048000           0.322170E-5        1.002509           0.290182E-5        1.002381
        1.050000           0.322186E-5        1.002509           0.290196E-5        1.002381
        1.052000           0.322203E-5        1.002509           0.290210E-5        1.002381
        1.054000           0.322219E-5        1.002509           0.290225E-5        1.002381
        1.056000           0.322236E-5        1.002509           0.290239E-5        1.002381
        1.058000           0.322252E-5        1.002509           0.290253E-5        1.002381
        1.060000           0.322269E-5        1.002509           0.290267E-5        1.002381
        1.062000           0.322285E-5        1.002509           0.290281E-5        1.002382
        1.064000           0.322302E-5        1.002509           0.290295E-5        1.002382
        1.066000           0.322319E-5        1.002510           0.290310E-5        1.002382
        1.068000           0.322335E-5        1.002510           0.290324E-5        1.002382
        1.070000           0.322352E-5        1.002510           0.290338E-5        1.002382
        1.072000           0.322368E-5        1.002510           0.290352E-5        1.002382
        1.074000           0.322385E-5        1.002510           0.290366E-5        1.002382
        1.076000           0.322402E-5        1.002510           0.290380E-5        1.002382
        1.078000           0.322418E-5        1.002510           0.290394E-5        1.002382
        1.080000           0.322435E-5        1.002510           0.290409E-5        1.002382
        1.082000           0.322451E-5        1.002510           0.290423E-5        1.002382
        1.084000           0.322468E-5        1.002510           0.290437E-5        1.002382
        1.086000           0.322484E-5        1.002510           0.290451E-5        1.002382
        1.088000           0.322501E-5        1.002510           0.290465E-5        1.002382
        1.090000           0.322518E-5        1.002510           0.290480E-5        1.002382
        1.092000           0.322534E-5        1.002510           0.290494E-5        1.002382
        1.094000           0.322551E-5        1.002510           0.290508E-5        1.002383
        1.096000           0.322567E-5        1.002511           0.290522E-5        1.002383
        1.098000           0.322584E-5        1.002511           0.290536E-5        1.002383
        1.100000           0.322601E-5        1.002511           0.290550E-5        1.002383
        1.102000           0.322617E-5        1.002511           0.290565E-5        1.002383
        1.104000           0.322634E-5        1.002511           0.290579E-5        1.002383
        1.106000           0.322650E-5        1.002511           0.290593E-5        1.002383
        1.108000           0.322667E-5        1.002511           0.290607E-5        1.002383
        1.110000           0.322684E-5        1.002511           0.290621E-5        1.002383
        1.112000           0.322700E-5        1.002511           0.290636E-5        1.002383
        1.114000           0.322717E-5        1.002511           0.290650E-5        1.002383
        1.116000           0.322733E-5        1.002511           0.290664E-5        1.002383
        1.118000           0.322750E-5        1.002511           0.290678E-5        1.002383
        1.120000           0.322767E-5        1.002511           0.290692E-5        1.002383
        1.122000           0.322783E-5        1.002511           0.290707E-5        1.002383
        1.124000           0.322800E-5        1.002511           0.290721E-5        1.002383
        1.126000           0.322816E-5        1.002512           0.290735E-5        1.002383
        1.128000           0.322833E-5        1.002512           0.290749E-5        1.002383
        1.130000           0.322850E-5        1.002512           0.290763E-5        1.002383
        1.132000           0.322866E-5        1.002512           0.290778E-5        1.002384
        1.134000           0.322883E-5        1.002512           0.290792E-5        1.002384
        1.136000           0.322900E-5        1.002512           0.290806E-5        1.002384
        1.138000           0.322916E-5        1.002512           0.290820E-5        1.002384
        1.140000           0.322933E-5        1.002512           0.290834E-5        1.002384
        1.142000           0.322949E-5        1.002512           0.290849E-5        1.002384
        1.144000           0.322966E-5        1.002512           0.290863E-5        1.002384
        1.146000           0.322983E-5        1.002512           0.290877E-5        1.002384
        1.148000           0.322999E-5        1.002512           0.290891E-5        1.002384
        1.150000           0.323016E-5        1.002512           0.290905E-5        1.002384
        1.152000           0.323032E-5        1.002512           0.290920E-5        1.002384
        1.154000           0.323049E-5        1.002512           0.290934E-5        1.002384
        1.156000           0.323066E-5        1.002512           0.290948E-5        1.002384
        1.158000           0.323082E-5        1.002512           0.290962E-5        1.002384
        1.160000           0.323099E-5        1.002513           0.290977E-5        1.002384
        1.162000           0.323116E-5        1.002513           0.290991E-5        1.002384
        1.164000           0.323132E-5        1.002513           0.291005E-5        1.002385
        1.166000           0.323149E-5        1.002513           0.291019E-5        1.002385
        1.168000           0.323166E-5        1.002513           0.291033E-5        1.002385
        1.170000           0.323182E-5        1.002513           0.291048E-5        1.002385
        1.172000           0.323199E-5        1.002513           0.291062E-5        1.002385
        1.174000           0.323215E-5        1.002513           0.291076E-5        1.002385
        1.176000           0.323232E-5        1.002513           0.291090E-5        1.002385
        1.178000           0.323249E-5        1.002513           0.291104E-5        1.002385
        1.180000           0.323265E-5        1.002513           0.291119E-5        1.002385
        1.182000           0.323282E-5        1.002513           0.291133E-5        1.002385
        1.184000           0.323299E-5        1.002513           0.291147E-5        1.002385
        1.186000           0.323315E-5        1.002513           0.291161E-5        1.002385
        1.188000           0.323332E-5        1.002514           0.291176E-5        1.002385
        1.190000           0.323349E-5        1.002514           0.291190E-5        1.002385
        1.192000           0.323365E-5        1.002514           0.291204E-5        1.002385
        1.194000           0.323382E-5        1.002514           0.291218E-5        1.002385
        1.196000           0.323399E-5        1.002514           0.291233E-5        1.002385
        1.198000           0.323415E-5        1.002514           0.291247E-5        1.002385
        1.200000           0.323432E-5        1.002514           0.291261E-5        1.002385
        1.202000           0.323449E-5        1.002514           0.291275E-5        1.002386
        1.204000           0.323465E-5        1.002514           0.291289E-5        1.002386
        1.206000           0.323482E-5        1.002514           0.291304E-5        1.002386
        1.208000           0.323499E-5        1.002514           0.291318E-5        1.002386
        1.210000           0.323515E-5        1.002514           0.291332E-5        1.002386
        1.212000           0.323532E-5        1.002514           0.291346E-5        1.002386
        1.214000           0.323549E-5        1.002514           0.291361E-5        1.002386
        1.216000           0.323565E-5        1.002514           0.291375E-5        1.002386
        1.218000           0.323582E-5        1.002514           0.291389E-5        1.002386
        1.220000           0.323599E-5        1.002514           0.291403E-5        1.002386
        1.222000           0.323615E-5        1.002515           0.291418E-5        1.002386
        1.224000           0.323632E-5        1.002515           0.291432E-5        1.002386
        1.226000           0.323649E-5        1.002515           0.291446E-5        1.002386
        1.228000           0.323665E-5        1.002515           0.291460E-5        1.002386
        1.230000           0.323682E-5        1.002515           0.291475E-5        1.002386
        1.232000           0.323699E-5        1.002515           0.291489E-5        1.002386
        1.234000           0.323715E-5        1.002515           0.291503E-5        1.002387
        1.236000           0.323732E-5        1.002515           0.291517E-5        1.002387
        1.238000           0.323749E-5        1.002515           0.291532E-5        1.002387
        1.240000           0.323765E-5        1.002515           0.291546E-5        1.002387
        1.242000           0.323782E-5        1.002515           0.291560E-5        1.002387
        1.244000           0.323799E-5        1.002515           0.291574E-5        1.002387
        1.246000           0.323815E-5        1.002515           0.291589E-5        1.002387
        1.248000           0.323832E-5        1.002515           0.291603E-5        1.002387
        1.250000           0.323849E-5        1.002515           0.291617E-5        1.002387
        1.252000           0.323865E-5        1.002516           0.291632E-5        1.002387
        1.254000           0.323882E-5        1.002516           0.291646E-5        1.002387
        1.256000           0.323899E-5        1.002516           0.291660E-5        1.002387
        1.258000           0.323916E-5        1.002516           0.291674E-5        1.002387
        1.260000           0.323932E-5        1.002516           0.291689E-5        1.002387
        1.262000           0.323949E-5        1.002516           0.291703E-5        1.002387
        1.264000           0.323966E-5        1.002516           0.291717E-5        1.002387
        1.266000           0.323982E-5        1.002516           0.291731E-5        1.002388
        1.268000           0.323999E-5        1.002516           0.291746E-5        1.002388
        1.270000           0.324016E-5        1.002516           0.291760E-5        1.002388
        1.272000           0.324032E-5        1.002516           0.291774E-5        1.002388
        1.274000           0.324049E-5        1.002516           0.291789E-5        1.002388
        1.276000           0.324066E-5        1.002516           0.291803E-5        1.002388
        1.278000           0.324083E-5        1.002516           0.291817E-5        1.002388
        1.280000           0.324099E-5        1.002517           0.291831E-5        1.002388
        1.282000           0.324116E-5        1.002517           0.291846E-5        1.002388
        1.284000           0.324133E-5        1.002517           0.291860E-5        1.002388
        1.286000           0.324149E-5        1.002517           0.291874E-5        1.002388
        1.288000           0.324166E-5        1.002517           0.291888E-5        1.002388
        1.290000           0.324183E-5        1.002517           0.291903E-5        1.002388
        1.292000           0.324200E-5        1.002517           0.291917E-5        1.002388
        1.294000           0.324216E-5        1.002517           0.291931E-5        1.002388
        1.296000           0.324233E-5        1.002517           0.291946E-5        1.002388
        1.298000           0.324250E-5        1.002517           0.291960E-5        1.002388
        1.300000           0.324266E-5        1.002517           0.291974E-5        1.002388
        1.302000           0.324283E-5        1.002517           0.291988E-5        1.002388
        1.304000           0.324300E-5        1.002517           0.292003E-5        1.002389
        1.306000           0.324317E-5        1.002517           0.292017E-5        1.002389
        1.308000           0.324333E-5        1.002517           0.292031E-5        1.002389
        1.310000           0.324350E-5        1.002517           0.292046E-5        1.002389
        1.312000           0.324367E-5        1.002517           0.292060E-5        1.002389
        1.314000           0.324384E-5        1.002518           0.292074E-5        1.002389
        1.316000           0.324400E-5        1.002518           0.292088E-5        1.002389
        1.318000           0.324417E-5        1.002518           0.292103E-5        1.002389
        1.320000           0.324434E-5        1.002518           0.292117E-5        1.002389
        1.322000           0.324451E-5        1.002518           0.292131E-5        1.002389
        1.324000           0.324467E-5        1.002518           0.292146E-5        1.002389
        1.326000           0.324484E-5        1.002518           0.292160E-5        1.002389
        1.328000           0.324501E-5        1.002518           0.292174E-5        1.002389
        1.330000           0.324517E-5        1.002518           0.292189E-5        1.002389
        1.332000           0.324534E-5        1.002518           0.292203E-5        1.002389
        1.334000           0.324551E-5        1.002518           0.292217E-5        1.002389
        1.336000           0.324568E-5        1.002518           0.292232E-5        1.002390
        1.338000           0.324584E-5        1.002518           0.292246E-5        1.002390
        1.340000           0.324601E-5        1.002518           0.292260E-5        1.002390
        1.342000           0.324618E-5        1.002518           0.292274E-5        1.002390
        1.344000           0.324635E-5        1.002519           0.292289E-5        1.002390
        1.346000           0.324652E-5        1.002519           0.292303E-5        1.002390
        1.348000           0.324668E-5        1.002519           0.292317E-5        1.002390
        1.350000           0.324685E-5        1.002519           0.292332E-5        1.002390
        1.352000           0.324702E-5        1.002519           0.292346E-5        1.002390
        1.354000           0.324719E-5        1.002519           0.292360E-5        1.002390
        1.356000           0.324735E-5        1.002519           0.292375E-5        1.002390
        1.358000           0.324752E-5        1.002519           0.292389E-5        1.002390
        1.360000           0.324769E-5        1.002519           0.292403E-5        1.002390
        1.362000           0.324786E-5        1.002519           0.292418E-5        1.002390
        1.364000           0.324802E-5        1.002519           0.292432E-5        1.002390
        1.366000           0.324819E-5        1.002519           0.292446E-5        1.002390
        1.368000           0.324836E-5        1.002519           0.292461E-5        1.002391
        1.370000           0.324853E-5        1.002519           0.292475E-5        1.002391
        1.372000           0.324869E-5        1.002519           0.292489E-5        1.002391
        1.374000           0.324886E-5        1.002519           0.292504E-5        1.002391
        1.376000           0.324903E-5        1.002520           0.292518E-5        1.002391
        1.378000           0.324920E-5        1.002520           0.292532E-5        1.002391
        1.380000           0.324936E-5        1.002520           0.292547E-5        1.002391
        1.382000           0.324953E-5        1.002520           0.292561E-5        1.002391
        1.384000           0.324970E-5        1.002520           0.292575E-5        1.002391
        1.386000           0.324987E-5        1.002520           0.292590E-5        1.002391
        1.388000           0.325004E-5        1.002520           0.292604E-5        1.002391
        1.390000           0.325020E-5        1.002520           0.292618E-5        1.002391
        1.392000           0.325037E-5        1.002520           0.292633E-5        1.002391
        1.394000           0.325054E-5        1.002520           0.292647E-5        1.002391
        1.396000           0.325071E-5        1.002520           0.292661E-5        1.002391
        1.398000           0.325087E-5        1.002520           0.292676E-5        1.002391
        1.400000           0.325104E-5        1.002520           0.292690E-5        1.002391
        1.402000           0.325121E-5        1.002520           0.292704E-5        1.002391
        1.404000           0.325138E-5        1.002520           0.292719E-5        1.002391
        1.406000           0.325155E-5        1.002521           0.292733E-5        1.002392
        1.408000           0.325171E-5        1.002521           0.292747E-5        1.002392
        1.410000           0.325188E-5        1.002521           0.292762E-5        1.002392
        1.412000           0.325205E-5        1.002521           0.292776E-5        1.002392
        1.414000           0.325222E-5        1.002521           0.292790E-5        1.002392
        1.416000           0.325239E-5        1.002521           0.292805E-5        1.002392
        1.418000           0.325255E-5        1.002521           0.292819E-5        1.002392
        1.420000           0.325272E-5        1.002521           0.292833E-5        1.002392
        1.422000           0.325289E-5        1.002521           0.292848E-5        1.002392
        1.424000           0.325306E-5        1.002521           0.292862E-5        1.002392
        1.426000           0.325323E-5        1.002521           0.292876E-5        1.002392
        1.428000           0.325339E-5        1.002521           0.292891E-5        1.002392
        1.430000           0.325356E-5        1.002521           0.292905E-5        1.002392
        1.432000           0.325373E-5        1.002521           0.292920E-5        1.002392
        1.434000           0.325390E-5        1.002522           0.292934E-5        1.002392
        1.436000           0.325407E-5        1.002522           0.292948E-5        1.002392
        1.438000           0.325424E-5        1.002522           0.292963E-5        1.002393
        1.440000           0.325440E-5        1.002522           0.292977E-5        1.002393
        1.442000           0.325457E-5        1.002522           0.292991E-5        1.002393
        1.444000           0.325474E-5        1.002522           0.293006E-5        1.002393
        1.446000           0.325491E-5        1.002522           0.293020E-5        1.002393
        1.448000           0.325508E-5        1.002522           0.293034E-5        1.002393
        1.450000           0.325524E-5        1.002522           0.293049E-5        1.002393
        1.452000           0.325541E-5        1.002522           0.293063E-5        1.002393
        1.454000           0.325558E-5        1.002522           0.293078E-5        1.002393
        1.456000           0.325575E-5        1.002522           0.293092E-5        1.002393
        1.458000           0.325592E-5        1.002522           0.293106E-5        1.002393
        1.460000           0.325609E-5        1.002522           0.293121E-5        1.002393
        1.462000           0.325625E-5        1.002522           0.293135E-5        1.002393
        1.464000           0.325642E-5        1.002522           0.293149E-5        1.002393
        1.466000           0.325659E-5        1.002522           0.293164E-5        1.002393
        1.468000           0.325676E-5        1.002523           0.293178E-5        1.002393
        1.470000           0.325693E-5        1.002523           0.293193E-5        1.002393
        1.472000           0.325709E-5        1.002523           0.293207E-5        1.002393
        1.474000           0.325726E-5        1.002523           0.293221E-5        1.002394
        1.476000           0.325743E-5        1.002523           0.293236E-5        1.002394
        1.478000           0.325760E-5        1.002523           0.293250E-5        1.002394
        1.480000           0.325777E-5        1.002523           0.293264E-5        1.002394
        1.482000           0.325794E-5        1.002523           0.293279E-5        1.002394
        1.484000           0.325811E-5        1.002523           0.293293E-5        1.002394
        1.486000           0.325827E-5        1.002523           0.293308E-5        1.002394
        1.488000           0.325844E-5        1.002523           0.293322E-5        1.002394
        1.490000           0.325861E-5        1.002523           0.293336E-5        1.002394
        1.492000           0.325878E-5        1.002523           0.293351E-5        1.002394
        1.494000           0.325895E-5        1.002523           0.293365E-5        1.002394
        1.496000           0.325912E-5        1.002523           0.293380E-5        1.002394
        1.498000           0.325928E-5        1.002524           0.293394E-5        1.002394
        1.500000           0.325945E-5        1.002524           0.293408E-5        1.002394
        1.502000           0.325962E-5        1.002524           0.293423E-5        1.002394
        1.504000           0.325979E-5        1.002524           0.293437E-5        1.002394
        1.506000           0.325996E-5        1.002524           0.293452E-5        1.002395
        1.508000           0.326013E-5        1.002524           0.293466E-5        1.002395
        1.510000           0.326030E-5        1.002524           0.293480E-5        1.002395
        1.512000           0.326046E-5        1.002524           0.293495E-5        1.002395
        1.514000           0.326063E-5        1.002524           0.293509E-5        1.002395
        1.516000           0.326080E-5        1.002524           0.293524E-5        1.002395
        1.518000           0.326097E-5        1.002524           0.293538E-5        1.002395
        1.520000           0.326114E-5        1.002524           0.293552E-5        1.002395
        1.522000           0.326131E-5        1.002524           0.293567E-5        1.002395
        1.524000           0.326148E-5        1.002524           0.293581E-5        1.002395
        1.526000           0.326165E-5        1.002524           0.293596E-5        1.002395
        1.528000           0.326181E-5        1.002524           0.293610E-5        1.002395
        1.530000           0.326198E-5        1.002525           0.293624E-5        1.002395
        1.532000           0.326215E-5        1.002525           0.293639E-5        1.002395
        1.534000           0.326232E-5        1.002525           0.293653E-5        1.002395
        1.536000           0.326249E-5        1.002525           0.293668E-5        1.002395
        1.538000           0.326266E-5        1.002525           0.293682E-5        1.002395
        1.540000           0.326283E-5        1.002525           0.293696E-5        1.002396
        1.542000           0.326300E-5        1.002525           0.293711E-5        1.002396
        1.544000           0.326316E-5        1.002525           0.293725E-5        1.002396
        1.546000           0.326333E-5        1.002525           0.293740E-5        1.002396
        1.548000           0.326350E-5        1.002525           0.293754E-5        1.002396
        1.550000           0.326367E-5        1.002525           0.293768E-5        1.002396
        1.552000           0.326384E-5        1.002525           0.293783E-5        1.002396
        1.554000           0.326401E-5        1.002525           0.293797E-5        1.002396
        1.556000           0.326418E-5        1.002525           0.293812E-5        1.002396
        1.558000           0.326435E-5        1.002525           0.293826E-5        1.002396
        1.560000           0.326451E-5        1.002526           0.293841E-5        1.002396
        1.562000           0.326468E-5        1.002526           0.293855E-5        1.002396
        1.564000           0.326485E-5        1.002526           0.293869E-5        1.002396
        1.566000           0.326502E-5        1.002526           0.293884E-5        1.002396
        1.568000           0.326519E-5        1.002526           0.293898E-5        1.002396
        1.570000           0.326536E-5        1.002526           0.293913E-5        1.002396
        1.572000           0.326553E-5        1.002526           0.293927E-5        1.002396
        1.574000           0.326570E-5        1.002526           0.293942E-5        1.002396
        1.576000           0.326587E-5        1.002526           0.293956E-5        1.002397
        1.578000           0.326604E-5        1.002526           0.293970E-5        1.002397
        1.580000           0.326621E-5        1.002526           0.293985E-5        1.002397
        1.582000           0.326637E-5        1.002526           0.293999E-5        1.002397
        1.584000           0.326654E-5        1.002526           0.294014E-5        1.002397
        1.586000           0.326671E-5        1.002526           0.294028E-5        1.002397
        1.588000           0.326688E-5        1.002527           0.294043E-5        1.002397
        1.590000           0.326705E-5        1.002527           0.294057E-5        1.002397
        1.592000           0.326722E-5        1.002527           0.294072E-5        1.002397
        1.594000           0.326739E-5        1.002527           0.294086E-5        1.002397
        1.596000           0.326756E-5        1.002527           0.294101E-5        1.002397
        1.598000           0.326773E-5        1.002527           0.294115E-5        1.002397
        1.600000           0.326790E-5        1.002527           0.294129E-5        1.002397
        1.602000           0.326807E-5        1.002527           0.294144E-5        1.002397
        1.604000           0.326823E-5        1.002527           0.294158E-5        1.002397
        1.606000           0.326840E-5        1.002527           0.294173E-5        1.002397
        1.608000           0.326857E-5        1.002527           0.294187E-5        1.002398
        1.610000           0.326874E-5        1.002527           0.294202E-5        1.002398
        1.612000           0.326891E-5        1.002527           0.294216E-5        1.002398
        1.614000           0.326908E-5        1.002527           0.294231E-5        1.002398
        1.616000           0.326925E-5        1.002527           0.294245E-5        1.002398
        1.618000           0.326942E-5        1.002527           0.294259E-5        1.002398
        1.620000           0.326959E-5        1.002527           0.294274E-5        1.002398
        1.622000           0.326976E-5        1.002528           0.294288E-5        1.002398
        1.624000           0.326993E-5        1.002528           0.294303E-5        1.002398
        1.626000           0.327010E-5        1.002528           0.294317E-5        1.002398
        1.628000           0.327027E-5        1.002528           0.294332E-5        1.002398
        1.630000           0.327044E-5        1.002528           0.294346E-5        1.002398
        1.632000           0.327061E-5        1.002528           0.294361E-5        1.002398
        1.634000           0.327077E-5        1.002528           0.294375E-5        1.002398
        1.636000           0.327094E-5        1.002528           0.294390E-5        1.002398
        1.638000           0.327111E-5        1.002528           0.294404E-5        1.002398
        1.640000           0.327128E-5        1.002528           0.294419E-5        1.002398
        1.642000           0.327145E-5        1.002528           0.294433E-5        1.002398
        1.644000           0.327162E-5        1.002528           0.294448E-5        1.002399
        1.646000           0.327179E-5        1.002528           0.294462E-5        1.002399
        1.648000           0.327196E-5        1.002528           0.294476E-5        1.002399
        1.650000           0.327213E-5        1.002529           0.294491E-5        1.002399
        1.652000           0.327230E-5        1.002529           0.294505E-5        1.002399
        1.654000           0.327247E-5        1.002529           0.294520E-5        1.002399
        1.656000           0.327264E-5        1.002529           0.294534E-5        1.002399
        1.658000           0.327281E-5        1.002529           0.294549E-5        1.002399
        1.660000           0.327298E-5        1.002529           0.294563E-5        1.002399
        1.662000           0.327315E-5        1.002529           0.294578E-5        1.002399
        1.664000           0.327332E-5        1.002529           0.294592E-5        1.002399
        1.666000           0.327349E-5        1.002529           0.294607E-5        1.002399
        1.668000           0.327366E-5        1.002529           0.294621E-5        1.002399
        1.670000           0.327383E-5        1.002529           0.294636E-5        1.002399
        1.672000           0.327400E-5        1.002529           0.294650E-5        1.002399
        1.674000           0.327417E-5        1.002529           0.294665E-5        1.002399
        1.676000           0.327433E-5        1.002529           0.294679E-5        1.002399
        1.678000           0.327450E-5        1.002529           0.294694E-5        1.002400
        1.680000           0.327467E-5        1.002530           0.294708E-5        1.002400
        1.682000           0.327484E-5        1.002530           0.294723E-5        1.002400
        1.684000           0.327501E-5        1.002530           0.294737E-5        1.002400
        1.686000           0.327518E-5        1.002530           0.294752E-5        1.002400
        1.688000           0.327535E-5        1.002530           0.294766E-5        1.002400
        1.690000           0.327552E-5        1.002530           0.294781E-5        1.002400
        1.692000           0.327569E-5        1.002530           0.294795E-5        1.002400
        1.694000           0.327586E-5        1.002530           0.294810E-5        1.002400
        1.696000           0.327603E-5        1.002530           0.294824E-5        1.002400
        1.698000           0.327620E-5        1.002530           0.294839E-5        1.002400
        1.700000           0.327637E-5        1.002530           0.294853E-5        1.002400
        1.702000           0.327654E-5        1.002530           0.294868E-5        1.002400
        1.704000           0.327671E-5        1.002530           0.294882E-5        1.002400
        1.706000           0.327688E-5        1.002530           0.294897E-5        1.002400
        1.708000           0.327705E-5        1.002530           0.294911E-5        1.002400
        1.710000           0.327722E-5        1.002530           0.294926E-5        1.002401
        1.712000           0.327739E-5        1.002531           0.294940E-5        1.002401
        1.714000           0.327756E-5        1.002531           0.294955E-5        1.002401
        1.716000           0.327773E-5        1.002531           0.294969E-5        1.002401
        1.718000           0.327790E-5        1.002531           0.294984E-5        1.002401
        1.720000           0.327807E-5        1.002531           0.294998E-5        1.002401
        1.722000           0.327824E-5        1.002531           0.295013E-5        1.002401
        1.724000           0.327841E-5        1.002531           0.295027E-5        1.002401
        1.726000           0.327858E-5        1.002531           0.295042E-5        1.002401
        1.728000           0.327875E-5        1.002531           0.295056E-5        1.002401
        1.730000           0.327892E-5        1.002531           0.295071E-5        1.002401
        1.732000           0.327909E-5        1.002531           0.295085E-5        1.002401
        1.734000           0.327926E-5        1.002531           0.295100E-5        1.002401
        1.736000           0.327943E-5        1.002531           0.295114E-5        1.002401
        1.738000           0.327960E-5        1.002531           0.295129E-5        1.002401
        1.740000           0.327977E-5        1.002531           0.295143E-5        1.002401
        1.742000           0.327994E-5        1.002532           0.295158E-5        1.002401
        1.744000           0.328011E-5        1.002532           0.295172E-5        1.002401
        1.746000           0.328028E-5        1.002532           0.295187E-5        1.002402
        1.748000           0.328045E-5        1.002532           0.295201E-5        1.002402
        1.750000           0.328062E-5        1.002532           0.295216E-5        1.002402
        1.752000           0.328079E-5        1.002532           0.295231E-5        1.002402
        1.754000           0.328096E-5        1.002532           0.295245E-5        1.002402
        1.756000           0.328113E-5        1.002532           0.295260E-5        1.002402
        1.758000           0.328130E-5        1.002532           0.295274E-5        1.002402
        1.760000           0.328147E-5        1.002532           0.295289E-5        1.002402
        1.762000           0.328164E-5        1.002532           0.295303E-5        1.002402
        1.764000           0.328181E-5        1.002532           0.295318E-5        1.002402
        1.766000           0.328198E-5        1.002532           0.295332E-5        1.002402
        1.768000           0.328215E-5        1.002532           0.295347E-5        1.002402
        1.770000           0.328233E-5        1.002532           0.295361E-5        1.002402
        1.772000           0.328250E-5        1.002532           0.295376E-5        1.002402
        1.774000           0.328267E-5        1.002533           0.295390E-5        1.002402
        1.776000           0.328284E-5        1.002533           0.295405E-5        1.002402
        1.778000           0.328301E-5        1.002533           0.295419E-5        1.002403
        1.780000           0.328318E-5        1.002533           0.295434E-5        1.002403
        1.782000           0.328335E-5        1.002533           0.295449E-5        1.002403
        1.784000           0.328352E-5        1.002533           0.295463E-5        1.002403
        1.786000           0.328369E-5        1.002533           0.295478E-5        1.002403
        1.788000           0.328386E-5        1.002533           0.295492E-5        1.002403
        1.790000           0.328403E-5        1.002533           0.295507E-5        1.002403
        1.792000           0.328420E-5        1.002533           0.295521E-5        1.002403
        1.794000           0.328437E-5        1.002533           0.295536E-5        1.002403
        1.796000           0.328454E-5        1.002533           0.295550E-5        1.002403
        1.798000           0.328471E-5        1.002533           0.295565E-5        1.002403
        1.800000           0.328488E-5        1.002533           0.295580E-5        1.002403
        1.802000           0.328505E-5        1.002533           0.295594E-5        1.002403
        1.804000           0.328522E-5        1.002534           0.295609E-5        1.002403
        1.806000           0.328539E-5        1.002534           0.295623E-5        1.002403
        1.808000           0.328556E-5        1.002534           0.295638E-5        1.002403
        1.810000           0.328573E-5        1.002534           0.295652E-5        1.002403
        1.812000           0.328590E-5        1.002534           0.295667E-5        1.002403
        1.814000           0.328608E-5        1.002534           0.295681E-5        1.002404
        1.816000           0.328625E-5        1.002534           0.295696E-5        1.002404
        1.818000           0.328642E-5        1.002534           0.295711E-5        1.002404
        1.820000           0.328659E-5        1.002534           0.295725E-5        1.002404
        1.822000           0.328676E-5        1.002534           0.295740E-5        1.002404
        1.824000           0.328693E-5        1.002534           0.295754E-5        1.002404
        1.826000           0.328710E-5        1.002534           0.295769E-5        1.002404
        1.828000           0.328727E-5        1.002534           0.295783E-5        1.002404
        1.830000           0.328744E-5        1.002534           0.295798E-5        1.002404
        1.832000           0.328761E-5        1.002535           0.295813E-5        1.002404
        1.834000           0.328778E-5        1.002535           0.295827E-5        1.002404
        1.836000           0.328795E-5        1.002535           0.295842E-5        1.002404
        1.838000           0.328812E-5        1.002535           0.295856E-5        1.002404
        1.840000           0.328829E-5        1.002535           0.295871E-5        1.002404
        1.842000           0.328847E-5        1.002535           0.295885E-5        1.002404
        1.844000           0.328864E-5        1.002535           0.295900E-5        1.002404
        1.846000           0.328881E-5        1.002535           0.295915E-5        1.002405
        1.848000           0.328898E-5        1.002535           0.295929E-5        1.002405
        1.850000           0.328915E-5        1.002535           0.295944E-5        1.002405
        1.852000           0.328932E-5        1.002535           0.295958E-5        1.002405
        1.854000           0.328949E-5        1.002535           0.295973E-5        1.002405
        1.856000           0.328966E-5        1.002535           0.295988E-5        1.002405
        1.858000           0.328983E-5        1.002535           0.296002E-5        1.002405
        1.860000           0.329000E-5        1.002535           0.296017E-5        1.002405
        1.862000           0.329017E-5        1.002535           0.296031E-5        1.002405
        1.864000           0.329034E-5        1.002536           0.296046E-5        1.002405
        1.866000           0.329052E-5        1.002536           0.296060E-5        1.002405
        1.868000           0.329069E-5        1.002536           0.296075E-5        1.002405
        1.870000           0.329086E-5        1.002536           0.296090E-5        1.002405
        1.872000           0.329103E-5        1.002536           0.296104E-5        1.002405
        1.874000           0.329120E-5        1.002536           0.296119E-5        1.002405
        1.876000           0.329137E-5        1.002536           0.296133E-5        1.002405
        1.878000           0.329154E-5        1.002536           0.296148E-5        1.002406
        1.880000           0.329171E-5        1.002536           0.296163E-5        1.002406
        1.882000           0.329188E-5        1.002536           0.296177E-5        1.002406
        1.884000           0.329205E-5        1.002536           0.296192E-5        1.002406
        1.886000           0.329223E-5        1.002536           0.296206E-5        1.002406
        1.888000           0.329240E-5        1.002536           0.296221E-5        1.002406
        1.890000           0.329257E-5        1.002536           0.296236E-5        1.002406
        1.892000           0.329274E-5        1.002536           0.296250E-5        1.002406
        1.894000           0.329291E-5        1.002537           0.296265E-5        1.002406
        1.896000           0.329308E-5        1.002537           0.296279E-5        1.002406
        1.898000           0.329325E-5        1.002537           0.296294E-5        1.002406
        1.900000           0.329342E-5        1.002537           0.296309E-5        1.002406
        1.902000           0.329360E-5        1.002537           0.296323E-5        1.002406
        1.904000           0.329377E-5        1.002537           0.296338E-5        1.002406
        1.906000           0.329394E-5        1.002537           0.296352E-5        1.002406
        1.908000           0.329411E-5        1.002537           0.296367E-5        1.002406
        1.910000           0.329428E-5        1.002537           0.296382E-5        1.002406
        1.912000           0.329445E-5        1.002537           0.296396E-5        1.002406
        1.914000           0.329462E-5        1.002537           0.296411E-5        1.002406
        1.916000           0.329479E-5        1.002537           0.296425E-5        1.002407
        1.918000           0.329496E-5        1.002537           0.296440E-5        1.002407
        1.920000           0.329514E-5        1.002537           0.296455E-5        1.002407
        1.922000           0.329531E-5        1.002537           0.296469E-5        1.002407
        1.924000           0.329548E-5        1.002537           0.296484E-5        1.002407
        1.926000           0.329565E-5        1.002538           0.296499E-5        1.002407
        1.928000           0.329582E-5        1.002538           0.296513E-5        1.002407
        1.930000           0.329599E-5        1.002538           0.296528E-5        1.002407
        1.932000           0.329616E-5        1.002538           0.296542E-5        1.002407
        1.934000           0.329634E-5        1.002538           0.296557E-5        1.002407
        1.936000           0.329651E-5        1.002538           0.296572E-5        1.002407
        1.938000           0.329668E-5        1.002538           0.296586E-5        1.002407
        1.940000           0.329685E-5        1.002538           0.296601E-5        1.002407
        1.942000           0.329702E-5        1.002538           0.296616E-5        1.002407
        1.944000           0.329719E-5        1.002538           0.296630E-5        1.002407
        1.946000           0.329736E-5        1.002538           0.296645E-5        1.002407
        1.948000           0.329754E-5        1.002538           0.296660E-5        1.002408
        1.950000           0.329771E-5        1.002538           0.296674E-5        1.002408
        1.952000           0.329788E-5        1.002538           0.296689E-5        1.002408
        1.954000           0.329805E-5        1.002538           0.296703E-5        1.002408
        1.956000           0.329822E-5        1.002539           0.296718E-5        1.002408
        1.958000           0.329839E-5        1.002539           0.296733E-5        1.002408
        1.960000           0.329856E-5        1.002539           0.296747E-5        1.002408
        1.962000           0.329874E-5        1.002539           0.296762E-5        1.002408
        1.964000           0.329891E-5        1.002539           0.296777E-5        1.002408
        1.966000           0.329908E-5        1.002539           0.296791E-5        1.002408
        1.968000           0.329925E-5        1.002539           0.296806E-5        1.002408
        1.970000           0.329942E-5        1.002539           0.296821E-5        1.002408
        1.972000           0.329960E-5        1.002539           0.296835E-5        1.002408
        1.974000           0.329977E-5        1.002539           0.296850E-5        1.002408
        1.976000           0.329994E-5        1.002539           0.296865E-5        1.002408
        1.978000           0.330011E-5        1.002539           0.296879E-5        1.002408
        1.980000           0.330028E-5        1.002539           0.296894E-5        1.002409
        1.982000           0.330045E-5        1.002539           0.296909E-5        1.002409
        1.984000           0.330062E-5        1.002540           0.296923E-5        1.002409
        1.986000           0.330080E-5        1.002540           0.296938E-5        1.002409
        1.988000           0.330097E-5        1.002540           0.296952E-5        1.002409
        1.990000           0.330114E-5        1.002540           0.296967E-5        1.002409
        1.992000           0.330131E-5        1.002540           0.296982E-5        1.002409
        1.994000           0.330148E-5        1.002540           0.296996E-5        1.002409
        1.996000           0.330166E-5        1.002540           0.297011E-5        1.002409
        1.998000           0.330183E-5        1.002540           0.297026E-5        1.002409
        2.000000           0.330200E-5        1.002540           0.297040E-5        1.002409
        2.002000           0.330217E-5        1.002540           0.297055E-5        1.002409
        2.004000           0.330234E-5        1.002540           0.297070E-5        1.002409
        2.006000           0.330251E-5        1.002540           0.297084E-5        1.002409
        2.008000           0.330269E-5        1.002540           0.297099E-5        1.002409
        2.010000           0.330286E-5        1.002540           0.297114E-5        1.002409
        2.012000           0.330303E-5        1.002540           0.297128E-5        1.002409
        2.014000           0.330320E-5        1.002540           0.297143E-5        1.002409
        2.016000           0.330338E-5        1.002541           0.297158E-5        1.002410
        2.018000           0.330355E-5        1.002541           0.297172E-5        1.002410
        2.020000           0.330372E-5        1.002541           0.297187E-5        1.002410
        2.022000           0.330389E-5        1.002541           0.297202E-5        1.002410
        2.024000           0.330406E-5        1.002541           0.297216E-5        1.002410
        2.026000           0.330423E-5        1.002541           0.297231E-5        1.002410
        2.028000           0.330441E-5        1.002541           0.297246E-5        1.002410
        2.030000           0.330458E-5        1.002541           0.297260E-5        1.002410
        2.032000           0.330475E-5        1.002541           0.297275E-5        1.002410
        2.034000           0.330492E-5        1.002541           0.297290E-5        1.002410
        2.036000           0.330509E-5        1.002541           0.297304E-5        1.002410
        2.038000           0.330527E-5        1.002541           0.297319E-5        1.002410
        2.040000           0.330544E-5        1.002541           0.297334E-5        1.002410
        2.042000           0.330561E-5        1.002541           0.297349E-5        1.002410
        2.044000           0.330578E-5        1.002541           0.297363E-5        1.002410
        2.046000           0.330596E-5        1.002542           0.297378E-5        1.002410
        2.048000           0.330613E-5        1.002542           0.297393E-5        1.002411
        2.050000           0.330630E-5        1.002542           0.297407E-5        1.002411
        2.052000           0.330647E-5        1.002542           0.297422E-5        1.002411
        2.054000           0.330664E-5        1.002542           0.297437E-5        1.002411
        2.056000           0.330682E-5        1.002542           0.297451E-5        1.002411
        2.058000           0.330699E-5        1.002542           0.297466E-5        1.002411
        2.060000           0.330716E-5        1.002542           0.297481E-5        1.002411
        2.062000           0.330733E-5        1.002542           0.297495E-5        1.002411
        2.064000           0.330751E-5        1.002542           0.297510E-5        1.002411
        2.066000           0.330768E-5        1.002542           0.297525E-5        1.002411
        2.068000           0.330785E-5        1.002542           0.297540E-5        1.002411
        2.070000           0.330802E-5        1.002542           0.297554E-5        1.002411
        2.072000           0.330819E-5        1.002542           0.297569E-5        1.002411
        2.074000           0.330837E-5        1.002542           0.297584E-5        1.002411
        2.076000           0.330854E-5        1.002542           0.297598E-5        1.002411
        2.078000           0.330871E-5        1.002543           0.297613E-5        1.002411
        2.080000           0.330888E-5        1.002543           0.297628E-5        1.002411
        2.082000           0.330906E-5        1.002543           0.297642E-5        1.002411
        2.084000           0.330923E-5        1.002543           0.297657E-5        1.002412
        2.086000           0.330940E-5        1.002543           0.297672E-5        1.002412
        2.088000           0.330957E-5        1.002543           0.297687E-5        1.002412
        2.090000           0.330975E-5        1.002543           0.297701E-5        1.002412
        2.092000           0.330992E-5        1.002543           0.297716E-5        1.002412
        2.094000           0.331009E-5        1.002543           0.297731E-5        1.002412
        2.096000           0.331026E-5        1.002543           0.297745E-5        1.002412
        2.098000           0.331044E-5        1.002543           0.297760E-5        1.002412
        2.100000           0.331061E-5        1.002543           0.297775E-5        1.002412
        2.102000           0.331078E-5        1.002543           0.297790E-5        1.002412
        2.104000           0.331095E-5        1.002543           0.297804E-5        1.002412
        2.106000           0.331113E-5        1.002544           0.297819E-5        1.002412
        2.108000           0.331130E-5        1.002544           0.297834E-5        1.002412
        2.110000           0.331147E-5        1.002544           0.297848E-5        1.002412
        2.112000           0.331164E-5        1.002544           0.297863E-5        1.002412
        2.114000           0.331182E-5        1.002544           0.297878E-5        1.002412
        2.116000           0.331199E-5        1.002544           0.297893E-5        1.002413
        2.118000           0.331216E-5        1.002544           0.297907E-5        1.002413
        2.120000           0.331233E-5        1.002544           0.297922E-5        1.002413
        2.122000           0.331251E-5        1.002544           0.297937E-5        1.002413
        2.124000           0.331268E-5        1.002544           0.297952E-5        1.002413
        2.126000           0.331285E-5        1.002544           0.297966E-5        1.002413
        2.128000           0.331302E-5        1.002544           0.297981E-5        1.002413
        2.130000           0.331320E-5        1.002544           0.297996E-5        1.002413
        2.132000           0.331337E-5        1.002544           0.298010E-5        1.002413
        2.134000           0.331354E-5        1.002544           0.298025E-5        1.002413
        2.136000           0.331372E-5        1.002545           0.298040E-5        1.002413
        2.138000           0.331389E-5        1.002545           0.298055E-5        1.002413
        2.140000           0.331406E-5        1.002545           0.298069E-5        1.002413
        2.142000           0.331423E-5        1.002545           0.298084E-5        1.002413
        2.144000           0.331441E-5        1.002545           0.298099E-5        1.002413
        2.146000           0.331458E-5        1.002545           0.298114E-5        1.002413
        2.148000           0.331475E-5        1.002545           0.298128E-5        1.002414
        2.150000           0.331493E-5        1.002545           0.298143E-5        1.002414
        2.152000           0.331510E-5        1.002545           0.298158E-5        1.002414
        2.154000           0.331527E-5        1.002545           0.298173E-5        1.002414
        2.156000           0.331544E-5        1.002545           0.298187E-5        1.002414
        2.158000           0.331562E-5        1.002545           0.298202E-5        1.002414
        2.160000           0.331579E-5        1.002545           0.298217E-5        1.002414
        2.162000           0.331596E-5        1.002545           0.298232E-5        1.002414
        2.164000           0.331614E-5        1.002545           0.298246E-5        1.002414
        2.166000           0.331631E-5        1.002545           0.298261E-5        1.002414
        2.168000           0.331648E-5        1.002546           0.298276E-5        1.002414
        2.170000           0.331665E-5        1.002546           0.298291E-5        1.002414
        2.172000           0.331683E-5        1.002546           0.298305E-5        1.002414
        2.174000           0.331700E-5        1.002546           0.298320E-5        1.002414
        2.176000           0.331717E-5        1.002546           0.298335E-5        1.002414
        2.178000           0.331735E-5        1.002546           0.298350E-5        1.002414
        2.180000           0.331752E-5        1.002546           0.298364E-5        1.002414
        2.182000           0.331769E-5        1.002546           0.298379E-5        1.002414
        2.184000           0.331787E-5        1.002546           0.298394E-5        1.002415
        2.186000           0.331804E-5        1.002546           0.298409E-5        1.002415
        2.188000           0.331821E-5        1.002546           0.298424E-5        1.002415
        2.190000           0.331839E-5        1.002546           0.298438E-5        1.002415
        2.192000           0.331856E-5        1.002546           0.298453E-5        1.002415
        2.194000           0.331873E-5        1.002546           0.298468E-5        1.002415
        2.196000           0.331891E-5        1.002547           0.298483E-5        1.002415
        2.198000           0.331908E-5        1.002547           0.298497E-5        1.002415
        2.200000           0.331925E-5        1.002547           0.298512E-5        1.002415
        2.202000           0.331942E-5        1.002547           0.298527E-5        1.002415
        2.204000           0.331960E-5        1.002547           0.298542E-5        1.002415
        2.206000           0.331977E-5        1.002547           0.298556E-5        1.002415
        2.208000           0.331994E-5        1.002547           0.298571E-5        1.002415
        2.210000           0.332012E-5        1.002547           0.298586E-5        1.002415
        2.212000           0.332029E-5        1.002547           0.298601E-5        1.002415
        2.214000           0.332046E-5        1.002547           0.298616E-5        1.002415
        2.216000           0.332064E-5        1.002547           0.298630E-5        1.002416
        2.218000           0.332081E-5        1.002547           0.298645E-5        1.002416
        2.220000           0.332098E-5        1.002547           0.298660E-5        1.002416
        2.222000           0.332116E-5        1.002547           0.298675E-5        1.002416
        2.224000           0.332133E-5        1.002547           0.298690E-5        1.002416
        2.226000           0.332150E-5        1.002548           0.298704E-5        1.002416
        2.228000           0.332168E-5        1.002548           0.298719E-5        1.002416
        2.230000           0.332185E-5        1.002548           0.298734E-5        1.002416
        2.232000           0.332202E-5        1.002548           0.298749E-5        1.002416
        2.234000           0.332220E-5        1.002548           0.298763E-5        1.002416
        2.236000           0.332237E-5        1.002548           0.298778E-5        1.002416
        2.238000           0.332254E-5        1.002548           0.298793E-5        1.002416
        2.240000           0.332272E-5        1.002548           0.298808E-5        1.002416
        2.242000           0.332289E-5        1.002548           0.298823E-5        1.002416
        2.244000           0.332307E-5        1.002548           0.298837E-5        1.002416
        2.246000           0.332324E-5        1.002548           0.298852E-5        1.002416
        2.248000           0.332341E-5        1.002548           0.298867E-5        1.002416
        2.250000           0.332359E-5        1.002548           0.298882E-5        1.002416
        2.252000           0.332376E-5        1.002548           0.298897E-5        1.002417
        2.254000           0.332393E-5        1.002548           0.298911E-5        1.002417
        2.256000           0.332411E-5        1.002548           0.298926E-5        1.002417
        2.258000           0.332428E-5        1.002549           0.298941E-5        1.002417
        2.260000           0.332445E-5        1.002549           0.298956E-5        1.002417
        2.262000           0.332463E-5        1.002549           0.298971E-5        1.002417
        2.264000           0.332480E-5        1.002549           0.298985E-5        1.002417
        2.266000           0.332497E-5        1.002549           0.299000E-5        1.002417
        2.268000           0.332515E-5        1.002549           0.299015E-5        1.002417
        2.270000           0.332532E-5        1.002549           0.299030E-5        1.002417
        2.272000           0.332550E-5        1.002549           0.299045E-5        1.002417
        2.274000           0.332567E-5        1.002549           0.299059E-5        1.002417
        2.276000           0.332584E-5        1.002549           0.299074E-5        1.002417
        2.278000           0.332602E-5        1.002549           0.299089E-5        1.002417
        2.280000           0.332619E-5        1.002549           0.299104E-5        1.002417
        2.282000           0.332636E-5        1.002549           0.299119E-5        1.002417
        2.284000           0.332654E-5        1.002549           0.299134E-5        1.002418
        2.286000           0.332671E-5        1.002550           0.299148E-5        1.002418
        2.288000           0.332688E-5        1.002550           0.299163E-5        1.002418
        2.290000           0.332706E-5        1.002550           0.299178E-5        1.002418
        2.292000           0.332723E-5        1.002550           0.299193E-5        1.002418
        2.294000           0.332741E-5        1.002550           0.299208E-5        1.002418
        2.296000           0.332758E-5        1.002550           0.299222E-5        1.002418
        2.298000           0.332775E-5        1.002550           0.299237E-5        1.002418
        2.300000           0.332793E-5        1.002550           0.299252E-5        1.002418
        2.302000           0.332810E-5        1.002550           0.299267E-5        1.002418
        2.304000           0.332828E-5        1.002550           0.299282E-5        1.002418
        2.306000           0.332845E-5        1.002550           0.299297E-5        1.002418
        2.308000           0.332862E-5        1.002550           0.299311E-5        1.002418
        2.310000           0.332880E-5        1.002550           0.299326E-5        1.002418
        2.312000           0.332897E-5        1.002550           0.299341E-5        1.002418
        2.314000           0.332915E-5        1.002550           0.299356E-5        1.002418
        2.316000           0.332932E-5        1.002550           0.299371E-5        1.002419
        2.318000           0.332949E-5        1.002551           0.299386E-5        1.002419
        2.320000           0.332967E-5        1.002551           0.299400E-5        1.002419
        2.322000           0.332984E-5        1.002551           0.299415E-5        1.002419
        2.324000           0.333002E-5        1.002551           0.299430E-5        1.002419
        2.326000           0.333019E-5        1.002551           0.299445E-5        1.002419
        2.328000           0.333036E-5        1.002551           0.299460E-5        1.002419
        2.330000           0.333054E-5        1.002551           0.299475E-5        1.002419
        2.332000           0.333071E-5        1.002551           0.299490E-5        1.002419
        2.334000           0.333089E-5        1.002551           0.299504E-5        1.002419
        2.336000           0.333106E-5        1.002551           0.299519E-5        1.002419
        2.338000           0.333123E-5        1.002551           0.299534E-5        1.002419
        2.340000           0.333141E-5        1.002551           0.299549E-5        1.002419
        2.342000           0.333158E-5        1.002551           0.299564E-5        1.002419
        2.344000           0.333176E-5        1.002551           0.299579E-5        1.002419
        2.346000           0.333193E-5        1.002551           0.299593E-5        1.002419
        2.348000           0.333211E-5        1.002552           0.299608E-5        1.002419
        2.350000           0.333228E-5        1.002552           0.299623E-5        1.002419
        2.352000           0.333245E-5        1.002552           0.299638E-5        1.002420
        2.354000           0.333263E-5        1.002552           0.299653E-5        1.002420
        2.356000           0.333280E-5        1.002552           0.299668E-5        1.002420
        2.358000           0.333298E-5        1.002552           0.299683E-5        1.002420
        2.360000           0.333315E-5        1.002552           0.299697E-5        1.002420
        2.362000           0.333332E-5        1.002552           0.299712E-5        1.002420
        2.364000           0.333350E-5        1.002552           0.299727E-5        1.002420
        2.366000           0.333367E-5        1.002552           0.299742E-5        1.002420
        2.368000           0.333385E-5        1.002552           0.299757E-5        1.002420
        2.370000           0.333402E-5        1.002552           0.299772E-5        1.002420
        2.372000           0.333420E-5        1.002552           0.299787E-5        1.002420
        2.374000           0.333437E-5        1.002552           0.299801E-5        1.002420
        2.376000           0.333455E-5        1.002553           0.299816E-5        1.002420
        2.378000           0.333472E-5        1.002553           0.299831E-5        1.002420
        2.380000           0.333489E-5        1.002553           0.299846E-5        1.002420
        2.382000           0.333507E-5        1.002553           0.299861E-5        1.002421
        2.384000           0.333524E-5        1.002553           0.299876E-5        1.002421
        2.386000           0.333542E-5        1.002553           0.299891E-5        1.002421
        2.388000           0.333559E-5        1.002553           0.299906E-5        1.002421
        2.390000           0.333577E-5        1.002553           0.299921E-5        1.002421
        2.392000           0.333594E-5        1.002553           0.299935E-5        1.002421
        2.394000           0.333612E-5        1.002553           0.299950E-5        1.002421
        2.396000           0.333629E-5        1.002553           0.299965E-5        1.002421
        2.398000           0.333647E-5        1.002553           0.299980E-5        1.002421
        2.400000           0.333664E-5        1.002553           0.299995E-5        1.002421
        2.402000           0.333681E-5        1.002553           0.300010E-5        1.002421
        2.404000           0.333699E-5        1.002553           0.300025E-5        1.002421
        2.406000           0.333716E-5        1.002553           0.300040E-5        1.002421
        2.408000           0.333734E-5        1.002554           0.300054E-5        1.002421
        2.410000           0.333751E-5        1.002554           0.300069E-5        1.002421
        2.412000           0.333769E-5        1.002554           0.300084E-5        1.002421
        2.414000           0.333786E-5        1.002554           0.300099E-5        1.002421
        2.416000           0.333804E-5        1.002554           0.300114E-5        1.002421
        2.418000           0.333821E-5        1.002554           0.300129E-5        1.002422
        2.420000           0.333839E-5        1.002554           0.300144E-5        1.002422
        2.422000           0.333856E-5        1.002554           0.300159E-5        1.002422
        2.424000           0.333873E-5        1.002554           0.300174E-5        1.002422
        2.426000           0.333891E-5        1.002554           0.300188E-5        1.002422
        2.428000           0.333908E-5        1.002554           0.300203E-5        1.002422
        2.430000           0.333926E-5        1.002554           0.300218E-5        1.002422
        2.432000           0.333943E-5        1.002554           0.300233E-5        1.002422
        2.434000           0.333961E-5        1.002554           0.300248E-5        1.002422
        2.436000           0.333978E-5        1.002555           0.300263E-5        1.002422
        2.438000           0.333996E-5        1.002555           0.300278E-5        1.002422
        2.440000           0.334013E-5        1.002555           0.300293E-5        1.002422
        2.442000           0.334031E-5        1.002555           0.300308E-5        1.002422
        2.444000           0.334048E-5        1.002555           0.300323E-5        1.002422
        2.446000           0.334066E-5        1.002555           0.300337E-5        1.002422
        2.448000           0.334083E-5        1.002555           0.300352E-5        1.002422
        2.450000           0.334101E-5        1.002555           0.300367E-5        1.002423
        2.452000           0.334118E-5        1.002555           0.300382E-5        1.002423
        2.454000           0.334136E-5        1.002555           0.300397E-5        1.002423
        2.456000           0.334153E-5        1.002555           0.300412E-5        1.002423
        2.458000           0.334171E-5        1.002555           0.300427E-5        1.002423
        2.460000           0.334188E-5        1.002555           0.300442E-5        1.002423
        2.462000           0.334206E-5        1.002555           0.300457E-5        1.002423
        2.464000           0.334223E-5        1.002555           0.300472E-5        1.002423
        2.466000           0.334241E-5        1.002555           0.300487E-5        1.002423
        2.468000           0.334258E-5        1.002556           0.300501E-5        1.002423
        2.470000           0.334276E-5        1.002556           0.300516E-5        1.002423
        2.472000           0.334293E-5        1.002556           0.300531E-5        1.002423
        2.474000           0.334311E-5        1.002556           0.300546E-5        1.002423
        2.476000           0.334328E-5        1.002556           0.300561E-5        1.002423
        2.478000           0.334346E-5        1.002556           0.300576E-5        1.002423
        2.480000           0.334363E-5        1.002556           0.300591E-5        1.002423
        2.482000           0.334381E-5        1.002556           0.300606E-5        1.002424
        2.484000           0.334398E-5        1.002556           0.300621E-5        1.002424
        2.486000           0.334416E-5        1.002556           0.300636E-5        1.002424
        2.488000           0.334433E-5        1.002556           0.300651E-5        1.002424
        2.490000           0.334451E-5        1.002556           0.300666E-5        1.002424
        2.492000           0.334468E-5        1.002556           0.300681E-5        1.002424
        2.494000           0.334486E-5        1.002556           0.300696E-5        1.002424
        2.496000           0.334503E-5        1.002556           0.300711E-5        1.002424
        2.498000           0.334521E-5        1.002557           0.300725E-5        1.002424
        2.500000           0.334538E-5        1.002557           0.300740E-5        1.002424
        2.502000           0.334556E-5        1.002557           0.300755E-5        1.002424
        2.504000           0.334573E-5        1.002557           0.300770E-5        1.002424
        2.506000           0.334591E-5        1.002557           0.300785E-5        1.002424
        2.508000           0.334609E-5        1.002557           0.300800E-5        1.002424
        2.510000           0.334626E-5        1.002557           0.300815E-5        1.002424
        2.512000           0.334644E-5        1.002557           0.300830E-5        1.002424
        2.514000           0.334661E-5        1.002557           0.300845E-5        1.002424
        2.516000           0.334679E-5        1.002557           0.300860E-5        1.002424
        2.518000           0.334696E-5        1.002557           0.300875E-5        1.002425
        2.520000           0.334714E-5        1.002557           0.300890E-5        1.002425
        2.522000           0.334731E-5        1.002557           0.300905E-5        1.002425
        2.524000           0.334749E-5        1.002557           0.300920E-5        1.002425
        2.526000           0.334766E-5        1.002558           0.300935E-5        1.002425
        2.528000           0.334784E-5        1.002558           0.300950E-5        1.002425
        2.530000           0.334801E-5        1.002558           0.300965E-5        1.002425
        2.532000           0.334819E-5        1.002558           0.300980E-5        1.002425
        2.534000           0.334837E-5        1.002558           0.300994E-5        1.002425
        2.536000           0.334854E-5        1.002558           0.301009E-5        1.002425
        2.538000           0.334872E-5        1.002558           0.301024E-5        1.002425
        2.540000           0.334889E-5        1.002558           0.301039E-5        1.002425
        2.542000           0.334907E-5        1.002558           0.301054E-5        1.002425
        2.544000           0.334924E-5        1.002558           0.301069E-5        1.002425
        2.546000           0.334942E-5        1.002558           0.301084E-5        1.002425
        2.548000           0.334959E-5        1.002558           0.301099E-5        1.002425
        2.550000           0.334977E-5        1.002558           0.301114E-5        1.002426
        2.552000           0.334995E-5        1.002558           0.301129E-5        1.002426
        2.554000           0.335012E-5        1.002558           0.301144E-5        1.002426
        2.556000           0.335030E-5        1.002558           0.301159E-5        1.002426
        2.558000           0.335047E-5        1.002559           0.301174E-5        1.002426
        2.560000           0.335065E-5        1.002559           0.301189E-5        1.002426
        2.562000           0.335082E-5        1.002559           0.301204E-5        1.002426
        2.564000           0.335100E-5        1.002559           0.301219E-5        1.002426
        2.566000           0.335118E-5        1.002559           0.301234E-5        1.002426
        2.568000           0.335135E-5        1.002559           0.301249E-5        1.002426
        2.570000           0.335153E-5        1.002559           0.301264E-5        1.002426
        2.572000           0.335170E-5        1.002559           0.301279E-5        1.002426
        2.574000           0.335188E-5        1.002559           0.301294E-5        1.002426
        2.576000           0.335205E-5        1.002559           0.301309E-5        1.002426
        2.578000           0.335223E-5        1.002559           0.301324E-5        1.002426
        2.580000           0.335241E-5        1.002559           0.301339E-5        1.002426
        2.582000           0.335258E-5        1.002559           0.301354E-5        1.002427
        2.584000           0.335276E-5        1.002559           0.301369E-5        1.002427
        2.586000           0.335293E-5        1.002560           0.301384E-5        1.002427
        2.588000           0.335311E-5        1.002560           0.301399E-5        1.002427
        2.590000           0.335328E-5        1.002560           0.301414E-5        1.002427
        2.592000           0.335346E-5        1.002560           0.301429E-5        1.002427
        2.594000           0.335364E-5        1.002560           0.301444E-5        1.002427
        2.596000           0.335381E-5        1.002560           0.301459E-5        1.002427
        2.598000           0.335399E-5        1.002560           0.301474E-5        1.002427
        2.600000           0.335416E-5        1.002560           0.301489E-5        1.002427
        2.602000           0.335434E-5        1.002560           0.301504E-5        1.002427
        2.604000           0.335452E-5        1.002560           0.301519E-5        1.002427
        2.606000           0.335469E-5        1.002560           0.301534E-5        1.002427
        2.608000           0.335487E-5        1.002560           0.301549E-5        1.002427
        2.610000           0.335504E-5        1.002560           0.301564E-5        1.002427
        2.612000           0.335522E-5        1.002560           0.301579E-5        1.002427
        2.614000           0.335540E-5        1.002560           0.301594E-5        1.002427
        2.616000           0.335557E-5        1.002560           0.301609E-5        1.002428
        2.618000           0.335575E-5        1.002561           0.301624E-5        1.002428
        2.620000           0.335592E-5        1.002561           0.301639E-5        1.002428
        2.622000           0.335610E-5        1.002561           0.301654E-5        1.002428
        2.624000           0.335628E-5        1.002561           0.301669E-5        1.002428
        2.626000           0.335645E-5        1.002561           0.301684E-5        1.002428
        2.628000           0.335663E-5        1.002561           0.301699E-5        1.002428
        2.630000           0.335680E-5        1.002561           0.301714E-5        1.002428
        2.632000           0.335698E-5        1.002561           0.301729E-5        1.002428
        2.634000           0.335716E-5        1.002561           0.301744E-5        1.002428
        2.636000           0.335733E-5        1.002561           0.301759E-5        1.002428
        2.638000           0.335751E-5        1.002561           0.301774E-5        1.002428
        2.640000           0.335769E-5        1.002561           0.301789E-5        1.002428
        2.642000           0.335786E-5        1.002561           0.301804E-5        1.002428
        2.644000           0.335804E-5        1.002561           0.301819E-5        1.002428
        2.646000           0.335821E-5        1.002562           0.301834E-5        1.002428
        2.648000           0.335839E-5        1.002562           0.301849E-5        1.002429
        2.650000           0.335857E-5        1.002562           0.301864E-5        1.002429
        2.652000           0.335874E-5        1.002562           0.301879E-5        1.002429
        2.654000           0.335892E-5        1.002562           0.301894E-5        1.002429
        2.656000           0.335910E-5        1.002562           0.301909E-5        1.002429
        2.658000           0.335927E-5        1.002562           0.301924E-5        1.002429
        2.660000           0.335945E-5        1.002562           0.301939E-5        1.002429
        2.662000           0.335962E-5        1.002562           0.301954E-5        1.002429
        2.664000           0.335980E-5        1.002562           0.301969E-5        1.002429
        2.666000           0.335998E-5        1.002562           0.301984E-5        1.002429
        2.668000           0.336015E-5        1.002562           0.301999E-5        1.002429
        2.670000           0.336033E-5        1.002562           0.302014E-5        1.002429
        2.672000           0.336051E-5        1.002562           0.302029E-5        1.002429
        2.674000           0.336068E-5        1.002562           0.302044E-5        1.002429
        2.676000           0.336086E-5        1.002563           0.302059E-5        1.002429
        2.678000           0.336104E-5        1.002563           0.302074E-5        1.002429
        2.680000           0.336121E-5        1.002563           0.302089E-5        1.002429
        2.682000           0.336139E-5        1.002563           0.302104E-5        1.002429
        2.684000           0.336157E-5        1.002563           0.302119E-5        1.002430
        2.686000           0.336174E-5        1.002563           0.302134E-5        1.002430
        2.688000           0.336192E-5        1.002563           0.302149E-5        1.002430
        2.690000           0.336210E-5        1.002563           0.302165E-5        1.002430
        2.692000           0.336227E-5        1.002563           0.302180E-5        1.002430
        2.694000           0.336245E-5        1.002563           0.302195E-5        1.002430
        2.696000           0.336263E-5        1.002563           0.302210E-5        1.002430
        2.698000           0.336280E-5        1.002563           0.302225E-5        1.002430
        2.700000           0.336298E-5        1.002563           0.302240E-5        1.002430
        2.702000           0.336315E-5        1.002563           0.302255E-5        1.002430
        2.704000           0.336333E-5        1.002563           0.302270E-5        1.002430
        2.706000           0.336351E-5        1.002564           0.302285E-5        1.002430
        2.708000           0.336368E-5        1.002564           0.302300E-5        1.002430
        2.710000           0.336386E-5        1.002564           0.302315E-5        1.002430
        2.712000           0.336404E-5        1.002564           0.302330E-5        1.002430
        2.714000           0.336422E-5        1.002564           0.302345E-5        1.002430
        2.716000           0.336439E-5        1.002564           0.302360E-5        1.002431
        2.718000           0.336457E-5        1.002564           0.302375E-5        1.002431
        2.720000           0.336475E-5        1.002564           0.302390E-5        1.002431
        2.722000           0.336492E-5        1.002564           0.302405E-5        1.002431
        2.724000           0.336510E-5        1.002564           0.302420E-5        1.002431
        2.726000           0.336528E-5        1.002564           0.302436E-5        1.002431
        2.728000           0.336545E-5        1.002564           0.302451E-5        1.002431
        2.730000           0.336563E-5        1.002564           0.302466E-5        1.002431
        2.732000           0.336581E-5        1.002564           0.302481E-5        1.002431
        2.734000           0.336598E-5        1.002564           0.302496E-5        1.002431
        2.736000           0.336616E-5        1.002565           0.302511E-5        1.002431
        2.738000           0.336634E-5        1.002565           0.302526E-5        1.002431
        2.740000           0.336651E-5        1.002565           0.302541E-5        1.002431
        2.742000           0.336669E-5        1.002565           0.302556E-5        1.002431
        2.744000           0.336687E-5        1.002565           0.302571E-5        1.002431
        2.746000           0.336704E-5        1.002565           0.302586E-5        1.002431
        2.748000           0.336722E-5        1.002565           0.302601E-5        1.002432
        2.750000           0.336740E-5        1.002565           0.302616E-5        1.002432
        2.752000           0.336758E-5        1.002565           0.302631E-5        1.002432
        2.754000           0.336775E-5        1.002565           0.302647E-5        1.002432
        2.756000           0.336793E-5        1.002565           0.302662E-5        1.002432
        2.758000           0.336811E-5        1.002565           0.302677E-5        1.002432
        2.760000           0.336828E-5        1.002565           0.302692E-5        1.002432
        2.762000           0.336846E-5        1.002565           0.302707E-5        1.002432
        2.764000           0.336864E-5        1.002566           0.302722E-5        1.002432
        2.766000           0.336882E-5        1.002566           0.302737E-5        1.002432
        2.768000           0.336899E-5        1.002566           0.302752E-5        1.002432
        2.770000           0.336917E-5        1.002566           0.302767E-5        1.002432
        2.772000           0.336935E-5        1.002566           0.302782E-5        1.002432
        2.774000           0.336952E-5        1.002566           0.302797E-5        1.002432
        2.776000           0.336970E-5        1.002566           0.302812E-5        1.002432
        2.778000           0.336988E-5        1.002566           0.302828E-5        1.002432
        2.780000           0.337005E-5        1.002566           0.302843E-5        1.002432
        2.782000           0.337023E-5        1.002566           0.302858E-5        1.002433
        2.784000           0.337041E-5        1.002566           0.302873E-5        1.002433
        2.786000           0.337059E-5        1.002566           0.302888E-5        1.002433
        2.788000           0.337076E-5        1.002566           0.302903E-5        1.002433
        2.790000           0.337094E-5        1.002566           0.302918E-5        1.002433
        2.792000           0.337112E-5        1.002566           0.302933E-5        1.002433
        2.794000           0.337130E-5        1.002566           0.302948E-5        1.002433
        2.796000           0.337147E-5        1.002567           0.302963E-5        1.002433
        2.798000           0.337165E-5        1.002567           0.302979E-5        1.002433
        2.800000           0.337183E-5        1.002567           0.302994E-5        1.002433
        2.802000           0.337200E-5        1.002567           0.303009E-5        1.002433
        2.804000           0.337218E-5        1.002567           0.303024E-5        1.002433
        2.806000           0.337236E-5        1.002567           0.303039E-5        1.002433
        2.808000           0.337254E-5        1.002567           0.303054E-5        1.002433
        2.810000           0.337271E-5        1.002567           0.303069E-5        1.002433
        2.812000           0.337289E-5        1.002567           0.303084E-5        1.002433
        2.814000           0.337307E-5        1.002567           0.303099E-5        1.002434
        2.816000           0.337325E-5        1.002567           0.303115E-5        1.002434
        2.818000           0.337342E-5        1.002567           0.303130E-5        1.002434
        2.820000           0.337360E-5        1.002567           0.303145E-5        1.002434
        2.822000           0.337378E-5        1.002567           0.303160E-5        1.002434
        2.824000           0.337396E-5        1.002568           0.303175E-5        1.002434
        2.826000           0.337413E-5        1.002568           0.303190E-5        1.002434
        2.828000           0.337431E-5        1.002568           0.303205E-5        1.002434
        2.830000           0.337449E-5        1.002568           0.303220E-5        1.002434
        2.832000           0.337467E-5        1.002568           0.303235E-5        1.002434
        2.834000           0.337484E-5        1.002568           0.303251E-5        1.002434
        2.836000           0.337502E-5        1.002568           0.303266E-5        1.002434
        2.838000           0.337520E-5        1.002568           0.303281E-5        1.002434
        2.840000           0.337538E-5        1.002568           0.303296E-5        1.002434
        2.842000           0.337555E-5        1.002568           0.303311E-5        1.002434
        2.844000           0.337573E-5        1.002568           0.303326E-5        1.002434
        2.846000           0.337591E-5        1.002568           0.303341E-5        1.002434
        2.848000           0.337609E-5        1.002568           0.303357E-5        1.002434
        2.850000           0.337627E-5        1.002568           0.303372E-5        1.002435
        2.852000           0.337644E-5        1.002568           0.303387E-5        1.002435
        2.854000           0.337662E-5        1.002568           0.303402E-5        1.002435
        2.856000           0.337680E-5        1.002569           0.303417E-5        1.002435
        2.858000           0.337698E-5        1.002569           0.303432E-5        1.002435
        2.860000           0.337715E-5        1.002569           0.303447E-5        1.002435
        2.862000           0.337733E-5        1.002569           0.303463E-5        1.002435
        2.864000           0.337751E-5        1.002569           0.303478E-5        1.002435
        2.866000           0.337769E-5        1.002569           0.303493E-5        1.002435
        2.868000           0.337786E-5        1.002569           0.303508E-5        1.002435
        2.870000           0.337804E-5        1.002569           0.303523E-5        1.002435
        2.872000           0.337822E-5        1.002569           0.303538E-5        1.002435
        2.874000           0.337840E-5        1.002569           0.303553E-5        1.002435
        2.876000           0.337858E-5        1.002569           0.303569E-5        1.002435
        2.878000           0.337875E-5        1.002569           0.303584E-5        1.002435
        2.880000           0.337893E-5        1.002569           0.303599E-5        1.002436
        2.882000           0.337911E-5        1.002569           0.303614E-5        1.002436
        2.884000           0.337929E-5        1.002570           0.303629E-5        1.002436
        2.886000           0.337947E-5        1.002570           0.303644E-5        1.002436
        2.888000           0.337964E-5        1.002570           0.303659E-5        1.002436
        2.890000           0.337982E-5        1.002570           0.303675E-5        1.002436
        2.892000           0.338000E-5        1.002570           0.303690E-5        1.002436
        2.894000           0.338018E-5        1.002570           0.303705E-5        1.002436
        2.896000           0.338036E-5        1.002570           0.303720E-5        1.002436
        2.898000           0.338053E-5        1.002570           0.303735E-5        1.002436
        2.900000           0.338071E-5        1.002570           0.303750E-5        1.002436
        2.902000           0.338089E-5        1.002570           0.303766E-5        1.002436
        2.904000           0.338107E-5        1.002570           0.303781E-5        1.002436
        2.906000           0.338125E-5        1.002570           0.303796E-5        1.002436
        2.908000           0.338142E-5        1.002570           0.303811E-5        1.002436
        2.910000           0.338160E-5        1.002570           0.303826E-5        1.002436
        2.912000           0.338178E-5        1.002571           0.303841E-5        1.002437
        2.914000           0.338196E-5        1.002571           0.303857E-5        1.002437
        2.916000           0.338214E-5        1.002571           0.303872E-5        1.002437
        2.918000           0.338231E-5        1.002571           0.303887E-5        1.002437
        2.920000           0.338249E-5        1.002571           0.303902E-5        1.002437
        2.922000           0.338267E-5        1.002571           0.303917E-5        1.002437
        2.924000           0.338285E-5        1.002571           0.303932E-5        1.002437
        2.926000           0.338303E-5        1.002571           0.303948E-5        1.002437
        2.928000           0.338321E-5        1.002571           0.303963E-5        1.002437
        2.930000           0.338338E-5        1.002571           0.303978E-5        1.002437
        2.932000           0.338356E-5        1.002571           0.303993E-5        1.002437
        2.934000           0.338374E-5        1.002571           0.304008E-5        1.002437
        2.936000           0.338392E-5        1.002571           0.304024E-5        1.002437
        2.938000           0.338410E-5        1.002571           0.304039E-5        1.002437
        2.940000           0.338427E-5        1.002571           0.304054E-5        1.002437
        2.942000           0.338445E-5        1.002571           0.304069E-5        1.002437
        2.944000           0.338463E-5        1.002572           0.304084E-5        1.002437
        2.946000           0.338481E-5        1.002572           0.304099E-5        1.002437
        2.948000           0.338499E-5        1.002572           0.304115E-5        1.002438
        2.950000           0.338517E-5        1.002572           0.304130E-5        1.002438
        2.952000           0.338535E-5        1.002572           0.304145E-5        1.002438
        2.954000           0.338552E-5        1.002572           0.304160E-5        1.002438
        2.956000           0.338570E-5        1.002572           0.304175E-5        1.002438
        2.958000           0.338588E-5        1.002572           0.304191E-5        1.002438
        2.960000           0.338606E-5        1.002572           0.304206E-5        1.002438
        2.962000           0.338624E-5        1.002572           0.304221E-5        1.002438
        2.964000           0.338642E-5        1.002572           0.304236E-5        1.002438
        2.966000           0.338659E-5        1.002572           0.304251E-5        1.002438
        2.968000           0.338677E-5        1.002572           0.304267E-5        1.002438
        2.970000           0.338695E-5        1.002572           0.304282E-5        1.002438
        2.972000           0.338713E-5        1.002573           0.304297E-5        1.002438
        2.974000           0.338731E-5        1.002573           0.304312E-5        1.002438
        2.976000           0.338749E-5        1.002573           0.304327E-5        1.002438
        2.978000           0.338766E-5        1.002573           0.304343E-5        1.002439
        2.980000           0.338784E-5        1.002573           0.304358E-5        1.002439
        2.982000           0.338802E-5        1.002573           0.304373E-5        1.002439
        2.984000           0.338820E-5        1.002573           0.304388E-5        1.002439
        2.986000           0.338838E-5        1.002573           0.304404E-5        1.002439
        2.988000           0.338856E-5        1.002573           0.304419E-5        1.002439
        2.990000           0.338874E-5        1.002573           0.304434E-5        1.002439
        2.992000           0.338892E-5        1.002573           0.304449E-5        1.002439
        2.994000           0.338909E-5        1.002573           0.304464E-5        1.002439
        2.996000           0.338927E-5        1.002573           0.304480E-5        1.002439
        2.998000           0.338945E-5        1.002573           0.304495E-5        1.002439
        3.000000           0.338963E-5        1.002573           0.304510E-5        1.002439
        3.002000           0.338981E-5        1.002573           0.304525E-5        1.002439
        3.004000           0.338999E-5        1.002574           0.304540E-5        1.002439
        3.006000           0.339017E-5        1.002574           0.304556E-5        1.002439
        3.008000           0.339035E-5        1.002574           0.304571E-5        1.002439
        3.010000           0.339052E-5        1.002574           0.304586E-5        1.002439
        3.012000           0.339070E-5        1.002574           0.304601E-5        1.002439
        3.014000           0.339088E-5        1.002574           0.304617E-5        1.002440
        3.016000           0.339106E-5        1.002574           0.304632E-5        1.002440
        3.018000           0.339124E-5        1.002574           0.304647E-5        1.002440
        3.020000           0.339142E-5        1.002574           0.304662E-5        1.002440
        3.022000           0.339160E-5        1.002574           0.304678E-5        1.002440
        3.024000           0.339178E-5        1.002574           0.304693E-5        1.002440
        3.026000           0.339196E-5        1.002574           0.304708E-5        1.002440
        3.028000           0.339213E-5        1.002574           0.304723E-5        1.002440
        3.030000           0.339231E-5        1.002574           0.304738E-5        1.002440
        3.032000           0.339249E-5        1.002575           0.304754E-5        1.002440
        3.034000           0.339267E-5        1.002575           0.304769E-5        1.002440
        3.036000           0.339285E-5        1.002575           0.304784E-5        1.002440
        3.038000           0.339303E-5        1.002575           0.304799E-5        1.002440
        3.040000           0.339321E-5        1.002575           0.304815E-5        1.002440
        3.042000           0.339339E-5        1.002575           0.304830E-5        1.002440
        3.044000           0.339357E-5        1.002575           0.304845E-5        1.002440
        3.046000           0.339375E-5        1.002575           0.304860E-5        1.002441
        3.048000           0.339392E-5        1.002575           0.304876E-5        1.002441
        3.050000           0.339410E-5        1.002575           0.304891E-5        1.002441
        3.052000           0.339428E-5        1.002575           0.304906E-5        1.002441
        3.054000           0.339446E-5        1.002575           0.304921E-5        1.002441
        3.056000           0.339464E-5        1.002575           0.304937E-5        1.002441
        3.058000           0.339482E-5        1.002575           0.304952E-5        1.002441
        3.060000           0.339500E-5        1.002576           0.304967E-5        1.002441
        3.062000           0.339518E-5        1.002576           0.304982E-5        1.002441
        3.064000           0.339536E-5        1.002576           0.304998E-5        1.002441
        3.066000           0.339554E-5        1.002576           0.305013E-5        1.002441
        3.068000           0.339572E-5        1.002576           0.305028E-5        1.002441
        3.070000           0.339590E-5        1.002576           0.305043E-5        1.002441
        3.072000           0.339608E-5        1.002576           0.305059E-5        1.002441
        3.074000           0.339625E-5        1.002576           0.305074E-5        1.002441
        3.076000           0.339643E-5        1.002576           0.305089E-5        1.002442
        3.078000           0.339661E-5        1.002576           0.305104E-5        1.002442
        3.080000           0.339679E-5        1.002576           0.305120E-5        1.002442
        3.082000           0.339697E-5        1.002576           0.305135E-5        1.002442
        3.084000           0.339715E-5        1.002576           0.305150E-5        1.002442
        3.086000           0.339733E-5        1.002576           0.305165E-5        1.002442
        3.088000           0.339751E-5        1.002576           0.305181E-5        1.002442
        3.090000           0.339769E-5        1.002576           0.305196E-5        1.002442
        3.092000           0.339787E-5        1.002577           0.305211E-5        1.002442
        3.094000           0.339805E-5        1.002577           0.305227E-5        1.002442
        3.096000           0.339823E-5        1.002577           0.305242E-5        1.002442
        3.098000           0.339841E-5        1.002577           0.305257E-5        1.002442
        3.100000           0.339859E-5        1.002577           0.305272E-5        1.002442
        3.102000           0.339877E-5        1.002577           0.305288E-5        1.002442
        3.104000           0.339894E-5        1.002577           0.305303E-5        1.002442
        3.106000           0.339912E-5        1.002577           0.305318E-5        1.002442
        3.108000           0.339930E-5        1.002577           0.305334E-5        1.002442
        3.110000           0.339948E-5        1.002577           0.305349E-5        1.002442
        3.112000           0.339966E-5        1.002577           0.305364E-5        1.002443
        3.114000           0.339984E-5        1.002577           0.305379E-5        1.002443
        3.116000           0.340002E-5        1.002577           0.305395E-5        1.002443
        3.118000           0.340020E-5        1.002577           0.305410E-5        1.002443
        3.120000           0.340038E-5        1.002578           0.305425E-5        1.002443
        3.122000           0.340056E-5        1.002578           0.305441E-5        1.002443
        3.124000           0.340074E-5        1.002578           0.305456E-5        1.002443
        3.126000           0.340092E-5        1.002578           0.305471E-5        1.002443
        3.128000           0.340110E-5        1.002578           0.305486E-5        1.002443
        3.130000           0.340128E-5        1.002578           0.305502E-5        1.002443
        3.132000           0.340146E-5        1.002578           0.305517E-5        1.002443
        3.134000           0.340164E-5        1.002578           0.305532E-5        1.002443
        3.136000           0.340182E-5        1.002578           0.305548E-5        1.002443
        3.138000           0.340200E-5        1.002578           0.305563E-5        1.002443
        3.140000           0.340218E-5        1.002578           0.305578E-5        1.002443
        3.142000           0.340236E-5        1.002578           0.305593E-5        1.002444
        3.144000           0.340254E-5        1.002578           0.305609E-5        1.002444
        3.146000           0.340272E-5        1.002578           0.305624E-5        1.002444
        3.148000           0.340290E-5        1.002578           0.305639E-5        1.002444
        3.150000           0.340308E-5        1.002579           0.305655E-5        1.002444
        3.152000           0.340326E-5        1.002579           0.305670E-5        1.002444
        3.154000           0.340344E-5        1.002579           0.305685E-5        1.002444
        3.156000           0.340362E-5        1.002579           0.305701E-5        1.002444
        3.158000           0.340380E-5        1.002579           0.305716E-5        1.002444
        3.160000           0.340398E-5        1.002579           0.305731E-5        1.002444
        3.162000           0.340416E-5        1.002579           0.305747E-5        1.002444
        3.164000           0.340434E-5        1.002579           0.305762E-5        1.002444
        3.166000           0.340452E-5        1.002579           0.305777E-5        1.002444
        3.168000           0.340470E-5        1.002579           0.305793E-5        1.002444
        3.170000           0.340487E-5        1.002579           0.305808E-5        1.002444
        3.172000           0.340505E-5        1.002579           0.305823E-5        1.002444
        3.174000           0.340523E-5        1.002579           0.305838E-5        1.002445
        3.176000           0.340542E-5        1.002579           0.305854E-5        1.002445
        3.178000           0.340559E-5        1.002580           0.305869E-5        1.002445
        3.180000           0.340577E-5        1.002580           0.305884E-5        1.002445
        3.182000           0.340596E-5        1.002580           0.305900E-5        1.002445
        3.184000           0.340613E-5        1.002580           0.305915E-5        1.002445
        3.186000           0.340632E-5        1.002580           0.305930E-5        1.002445
        3.188000           0.340649E-5        1.002580           0.305946E-5        1.002445
        3.190000           0.340668E-5        1.002580           0.305961E-5        1.002445
        3.192000           0.340686E-5        1.002580           0.305976E-5        1.002445
        3.194000           0.340704E-5        1.002580           0.305992E-5        1.002445
        3.196000           0.340722E-5        1.002580           0.306007E-5        1.002445
        3.198000           0.340740E-5        1.002580           0.306022E-5        1.002445
        3.200000           0.340758E-5        1.002580           0.306038E-5        1.002445
        3.202000           0.340776E-5        1.002580           0.306053E-5        1.002445
        3.204000           0.340794E-5        1.002580           0.306068E-5        1.002445
        3.206000           0.340812E-5        1.002581           0.306084E-5        1.002445
        3.208000           0.340830E-5        1.002581           0.306099E-5        1.002445
        3.210000           0.340848E-5        1.002581           0.306114E-5        1.002446
        3.212000           0.340866E-5        1.002581           0.306130E-5        1.002446
        3.214000           0.340884E-5        1.002581           0.306145E-5        1.002446
        3.216000           0.340902E-5        1.002581           0.306160E-5        1.002446
        3.218000           0.340920E-5        1.002581           0.306176E-5        1.002446
        3.220000           0.340938E-5        1.002581           0.306191E-5        1.002446
        3.222000           0.340956E-5        1.002581           0.306206E-5        1.002446
        3.224000           0.340974E-5        1.002581           0.306222E-5        1.002446
        3.226000           0.340992E-5        1.002581           0.306237E-5        1.002446
        3.228000           0.341010E-5        1.002581           0.306252E-5        1.002446
        3.230000           0.341028E-5        1.002581           0.306268E-5        1.002446
        3.232000           0.341046E-5        1.002581           0.306283E-5        1.002446
        3.234000           0.341064E-5        1.002581           0.306299E-5        1.002446
        3.236000           0.341082E-5        1.002581           0.306314E-5        1.002446
        3.238000           0.341100E-5        1.002582           0.306329E-5        1.002446
        3.240000           0.341118E-5        1.002582           0.306345E-5        1.002447
        3.242000           0.341136E-5        1.002582           0.306360E-5        1.002447
        3.244000           0.341154E-5        1.002582           0.306375E-5        1.002447
        3.246000           0.341172E-5        1.002582           0.306391E-5        1.002447
        3.248000           0.341190E-5        1.002582           0.306406E-5        1.002447
        3.250000           0.341208E-5        1.002582           0.306421E-5        1.002447
        3.252000           0.341226E-5        1.002582           0.306437E-5        1.002447
        3.254000           0.341245E-5        1.002582           0.306452E-5        1.002447
        3.256000           0.341263E-5        1.002582           0.306468E-5        1.002447
        3.258000           0.341281E-5        1.002582           0.306483E-5        1.002447
        3.260000           0.341299E-5        1.002582           0.306498E-5        1.002447
        3.262000           0.341317E-5        1.002582           0.306514E-5        1.002447
        3.264000           0.341335E-5        1.002582           0.306529E-5        1.002447
        3.266000           0.341353E-5        1.002583           0.306544E-5        1.002447
        3.268000           0.341371E-5        1.002583           0.306560E-5        1.002447
        3.270000           0.341389E-5        1.002583           0.306575E-5        1.002447
        3.272000           0.341407E-5        1.002583           0.306591E-5        1.002447
        3.274000           0.341425E-5        1.002583           0.306606E-5        1.002447
        3.276000           0.341443E-5        1.002583           0.306621E-5        1.002448
        3.278000           0.341461E-5        1.002583           0.306637E-5        1.002448
        3.280000           0.341479E-5        1.002583           0.306652E-5        1.002448
        3.282000           0.341497E-5        1.002583           0.306667E-5        1.002448
        3.284000           0.341516E-5        1.002583           0.306683E-5        1.002448
        3.286000           0.341534E-5        1.002583           0.306698E-5        1.002448
        3.288000           0.341552E-5        1.002583           0.306714E-5        1.002448
        3.290000           0.341570E-5        1.002583           0.306729E-5        1.002448
        3.292000           0.341588E-5        1.002583           0.306744E-5        1.002448
        3.294000           0.341606E-5        1.002584           0.306760E-5        1.002448
        3.296000           0.341624E-5        1.002584           0.306775E-5        1.002448
        3.298000           0.341642E-5        1.002584           0.306791E-5        1.002448
        3.300000           0.341660E-5        1.002584           0.306806E-5        1.002448
        3.302000           0.341678E-5        1.002584           0.306821E-5        1.002448
        3.304000           0.341696E-5        1.002584           0.306837E-5        1.002448
        3.306000           0.341714E-5        1.002584           0.306852E-5        1.002449
        3.308000           0.341733E-5        1.002584           0.306868E-5        1.002449
        3.310000           0.341751E-5        1.002584           0.306883E-5        1.002449
        3.312000           0.341769E-5        1.002584           0.306898E-5        1.002449
        3.314000           0.341787E-5        1.002584           0.306914E-5        1.002449
        3.316000           0.341805E-5        1.002584           0.306929E-5        1.002449
        3.318000           0.341823E-5        1.002584           0.306944E-5        1.002449
        3.320000           0.341841E-5        1.002584           0.306960E-5        1.002449
        3.322000           0.341859E-5        1.002584           0.306975E-5        1.002449
        3.324000           0.341877E-5        1.002584           0.306991E-5        1.002449
        3.326000           0.341895E-5        1.002585           0.307006E-5        1.002449
        3.328000           0.341914E-5        1.002585           0.307022E-5        1.002449
        3.330000           0.341932E-5        1.002585           0.307037E-5        1.002449
        3.332000           0.341950E-5        1.002585           0.307052E-5        1.002449
        3.334000           0.341968E-5        1.002585           0.307068E-5        1.002449
        3.336000           0.341986E-5        1.002585           0.307083E-5        1.002449
        3.338000           0.342004E-5        1.002585           0.307099E-5        1.002450
        3.340000           0.342022E-5        1.002585           0.307114E-5        1.002450
        3.342000           0.342040E-5        1.002585           0.307129E-5        1.002450
        3.344000           0.342058E-5        1.002585           0.307145E-5        1.002450
        3.346000           0.342077E-5        1.002585           0.307160E-5        1.002450
        3.348000           0.342095E-5        1.002585           0.307176E-5        1.002450
        3.350000           0.342113E-5        1.002585           0.307191E-5        1.002450
        3.352000           0.342131E-5        1.002585           0.307206E-5        1.002450
        3.354000           0.342149E-5        1.002586           0.307222E-5        1.002450
        3.356000           0.342167E-5        1.002586           0.307237E-5        1.002450
        3.358000           0.342185E-5        1.002586           0.307253E-5        1.002450
        3.360000           0.342203E-5        1.002586           0.307268E-5        1.002450
        3.362000           0.342222E-5        1.002586           0.307284E-5        1.002450
        3.364000           0.342240E-5        1.002586           0.307299E-5        1.002450
        3.366000           0.342258E-5        1.002586           0.307314E-5        1.002450
        3.368000           0.342276E-5        1.002586           0.307330E-5        1.002450
        3.370000           0.342294E-5        1.002586           0.307345E-5        1.002450
        3.372000           0.342312E-5        1.002586           0.307361E-5        1.002451
        3.374000           0.342330E-5        1.002586           0.307376E-5        1.002451
        3.376000           0.342348E-5        1.002586           0.307392E-5        1.002451
        3.378000           0.342367E-5        1.002586           0.307407E-5        1.002451
        3.380000           0.342385E-5        1.002586           0.307423E-5        1.002451
        3.382000           0.342403E-5        1.002586           0.307438E-5        1.002451
        3.384000           0.342421E-5        1.002587           0.307453E-5        1.002451
        3.386000           0.342439E-5        1.002587           0.307469E-5        1.002451
        3.388000           0.342457E-5        1.002587           0.307484E-5        1.002451
        3.390000           0.342476E-5        1.002587           0.307500E-5        1.002451
        3.392000           0.342494E-5        1.002587           0.307515E-5        1.002451
        3.394000           0.342512E-5        1.002587           0.307531E-5        1.002451
        3.396000           0.342530E-5        1.002587           0.307546E-5        1.002451
        3.398000           0.342548E-5        1.002587           0.307562E-5        1.002451
        3.400000           0.342566E-5        1.002587           0.307577E-5        1.002451
        3.402000           0.342585E-5        1.002587           0.307592E-5        1.002451
        3.404000           0.342603E-5        1.002587           0.307608E-5        1.002452
        3.406000           0.342621E-5        1.002587           0.307623E-5        1.002452
        3.408000           0.342639E-5        1.002587           0.307639E-5        1.002452
        3.410000           0.342657E-5        1.002587           0.307654E-5        1.002452
        3.412000           0.342675E-5        1.002588           0.307670E-5        1.002452
        3.414000           0.342694E-5        1.002588           0.307685E-5        1.002452
        3.416000           0.342712E-5        1.002588           0.307701E-5        1.002452
        3.418000           0.342730E-5        1.002588           0.307716E-5        1.002452
        3.420000           0.342748E-5        1.002588           0.307732E-5        1.002452
        3.422000           0.342766E-5        1.002588           0.307747E-5        1.002452
        3.424000           0.342784E-5        1.002588           0.307763E-5        1.002452
        3.426000           0.342803E-5        1.002588           0.307778E-5        1.002452
        3.428000           0.342821E-5        1.002588           0.307793E-5        1.002452
        3.430000           0.342839E-5        1.002588           0.307809E-5        1.002452
        3.432000           0.342857E-5        1.002588           0.307824E-5        1.002452
        3.434000           0.342875E-5        1.002588           0.307840E-5        1.002452
        3.436000           0.342894E-5        1.002588           0.307855E-5        1.002452
        3.438000           0.342912E-5        1.002588           0.307871E-5        1.002453
        3.440000           0.342930E-5        1.002589           0.307886E-5        1.002453
        3.442000           0.342948E-5        1.002589           0.307902E-5        1.002453
        3.444000           0.342966E-5        1.002589           0.307917E-5        1.002453
        3.446000           0.342984E-5        1.002589           0.307933E-5        1.002453
        3.448000           0.343003E-5        1.002589           0.307948E-5        1.002453
        3.450000           0.343021E-5        1.002589           0.307964E-5        1.002453
        3.452000           0.343039E-5        1.002589           0.307979E-5        1.002453
        3.454000           0.343057E-5        1.002589           0.307995E-5        1.002453
        3.456000           0.343075E-5        1.002589           0.308010E-5        1.002453
        3.458000           0.343094E-5        1.002589           0.308026E-5        1.002453
        3.460000           0.343112E-5        1.002589           0.308041E-5        1.002453
        3.462000           0.343130E-5        1.002589           0.308056E-5        1.002453
        3.464000           0.343148E-5        1.002589           0.308072E-5        1.002453
        3.466000           0.343166E-5        1.002589           0.308088E-5        1.002453
        3.468000           0.343185E-5        1.002589           0.308103E-5        1.002453
        3.470000           0.343203E-5        1.002589           0.308118E-5        1.002454
        3.472000           0.343221E-5        1.002590           0.308134E-5        1.002454
        3.474000           0.343239E-5        1.002590           0.308149E-5        1.002454
        3.476000           0.343258E-5        1.002590           0.308165E-5        1.002454
        3.478000           0.343276E-5        1.002590           0.308180E-5        1.002454
        3.480000           0.343294E-5        1.002590           0.308196E-5        1.002454
        3.482000           0.343312E-5        1.002590           0.308211E-5        1.002454
        3.483999           0.343330E-5        1.002590           0.308227E-5        1.002454
        3.486000           0.343349E-5        1.002590           0.308242E-5        1.002454
        3.488000           0.343367E-5        1.002590           0.308258E-5        1.002454
        3.490000           0.343385E-5        1.002590           0.308273E-5        1.002454
        3.492000           0.343403E-5        1.002590           0.308289E-5        1.002454
        3.493999           0.343422E-5        1.002590           0.308305E-5        1.002454
        3.496000           0.343440E-5        1.002590           0.308320E-5        1.002454
        3.498000           0.343458E-5        1.002590           0.308335E-5        1.002454
        3.500000           0.343476E-5        1.002591           0.308351E-5        1.002455
        3.502000           0.343494E-5        1.002591           0.308367E-5        1.002455
        3.503999           0.343513E-5        1.002591           0.308382E-5        1.002455
        3.506000           0.343531E-5        1.002591           0.308397E-5        1.002455
        3.508000           0.343549E-5        1.002591           0.308413E-5        1.002455
        3.510000           0.343567E-5        1.002591           0.308429E-5        1.002455
        3.512000           0.343586E-5        1.002591           0.308444E-5        1.002455
        3.514000           0.343604E-5        1.002591           0.308460E-5        1.002455
        3.516000           0.343622E-5        1.002591           0.308475E-5        1.002455
        3.518000           0.343640E-5        1.002591           0.308491E-5        1.002455
        3.520000           0.343659E-5        1.002591           0.308506E-5        1.002455
        3.522000           0.343677E-5        1.002591           0.308522E-5        1.002455
        3.524000           0.343695E-5        1.002591           0.308537E-5        1.002455
        3.526000           0.343713E-5        1.002591           0.308553E-5        1.002455
        3.528000           0.343732E-5        1.002591           0.308568E-5        1.002455
        3.530000           0.343750E-5        1.002592           0.308584E-5        1.002455
        3.532000           0.343768E-5        1.002592           0.308599E-5        1.002455
        3.534000           0.343786E-5        1.002592           0.308615E-5        1.002455
        3.536000           0.343805E-5        1.002592           0.308630E-5        1.002456
        3.538000           0.343823E-5        1.002592           0.308646E-5        1.002456
        3.540000           0.343841E-5        1.002592           0.308661E-5        1.002456
        3.542000           0.343859E-5        1.002592           0.308677E-5        1.002456
        3.544000           0.343878E-5        1.002592           0.308692E-5        1.002456
        3.546000           0.343896E-5        1.002592           0.308708E-5        1.002456
        3.548000           0.343914E-5        1.002592           0.308724E-5        1.002456
        3.550000           0.343932E-5        1.002592           0.308739E-5        1.002456
        3.552000           0.343951E-5        1.002592           0.308755E-5        1.002456
        3.554000           0.343969E-5        1.002592           0.308770E-5        1.002456
        3.556000           0.343987E-5        1.002592           0.308786E-5        1.002456
        3.558000           0.344006E-5        1.002593           0.308801E-5        1.002456
        3.560000           0.344024E-5        1.002593           0.308817E-5        1.002456
        3.562000           0.344042E-5        1.002593           0.308832E-5        1.002456
        3.564000           0.344060E-5        1.002593           0.308848E-5        1.002456
        3.566000           0.344079E-5        1.002593           0.308863E-5        1.002457
        3.568000           0.344097E-5        1.002593           0.308879E-5        1.002457
        3.570000           0.344115E-5        1.002593           0.308895E-5        1.002457
        3.572000           0.344134E-5        1.002593           0.308910E-5        1.002457
        3.574000           0.344152E-5        1.002593           0.308926E-5        1.002457
        3.576000           0.344170E-5        1.002593           0.308941E-5        1.002457
        3.578000           0.344188E-5        1.002593           0.308957E-5        1.002457
        3.580000           0.344207E-5        1.002593           0.308972E-5        1.002457
        3.582000           0.344225E-5        1.002593           0.308988E-5        1.002457
        3.584000           0.344243E-5        1.002593           0.309003E-5        1.002457
        3.586000           0.344262E-5        1.002594           0.309019E-5        1.002457
        3.588000           0.344280E-5        1.002594           0.309035E-5        1.002457
        3.590000           0.344298E-5        1.002594           0.309050E-5        1.002457
        3.592000           0.344316E-5        1.002594           0.309066E-5        1.002457
        3.594000           0.344335E-5        1.002594           0.309081E-5        1.002457
        3.596000           0.344353E-5        1.002594           0.309097E-5        1.002457
        3.598000           0.344371E-5        1.002594           0.309112E-5        1.002457
        3.600000           0.344390E-5        1.002594           0.309128E-5        1.002458
        3.602000           0.344408E-5        1.002594           0.309143E-5        1.002458
        3.604000           0.344426E-5        1.002594           0.309159E-5        1.002458
        3.605999           0.344445E-5        1.002594           0.309175E-5        1.002458
        3.608000           0.344463E-5        1.002594           0.309190E-5        1.002458
        3.610000           0.344481E-5        1.002594           0.309206E-5        1.002458
        3.612000           0.344499E-5        1.002594           0.309221E-5        1.002458
        3.614000           0.344518E-5        1.002594           0.309237E-5        1.002458
        3.615999           0.344536E-5        1.002594           0.309252E-5        1.002458
        3.618000           0.344554E-5        1.002595           0.309268E-5        1.002458
        3.620000           0.344573E-5        1.002595           0.309284E-5        1.002458
        3.622000           0.344591E-5        1.002595           0.309299E-5        1.002458
        3.624000           0.344609E-5        1.002595           0.309315E-5        1.002458
        3.625999           0.344628E-5        1.002595           0.309330E-5        1.002458
        3.628000           0.344646E-5        1.002595           0.309346E-5        1.002458
        3.630000           0.344664E-5        1.002595           0.309362E-5        1.002458
        3.632000           0.344683E-5        1.002595           0.309377E-5        1.002459
        3.634000           0.344701E-5        1.002595           0.309393E-5        1.002459
        3.636000           0.344719E-5        1.002595           0.309408E-5        1.002459
        3.638000           0.344738E-5        1.002595           0.309424E-5        1.002459
        3.640000           0.344756E-5        1.002595           0.309440E-5        1.002459
        3.642000           0.344774E-5        1.002595           0.309455E-5        1.002459
        3.644000           0.344793E-5        1.002595           0.309471E-5        1.002459
        3.646000           0.344811E-5        1.002596           0.309486E-5        1.002459
        3.648000           0.344829E-5        1.002596           0.309502E-5        1.002459
        3.650000           0.344848E-5        1.002596           0.309517E-5        1.002459
        3.652000           0.344866E-5        1.002596           0.309533E-5        1.002459
        3.654000           0.344884E-5        1.002596           0.309549E-5        1.002459
        3.656000           0.344903E-5        1.002596           0.309564E-5        1.002459
        3.658000           0.344921E-5        1.002596           0.309580E-5        1.002459
        3.660000           0.344939E-5        1.002596           0.309595E-5        1.002459
        3.662000           0.344958E-5        1.002596           0.309611E-5        1.002460
        3.664000           0.344976E-5        1.002596           0.309627E-5        1.002460
        3.666000           0.344994E-5        1.002596           0.309642E-5        1.002460
        3.668000           0.345013E-5        1.002596           0.309658E-5        1.002460
        3.670000           0.345031E-5        1.002596           0.309674E-5        1.002460
        3.672000           0.345050E-5        1.002596           0.309689E-5        1.002460
        3.674000           0.345068E-5        1.002596           0.309705E-5        1.002460
        3.676000           0.345086E-5        1.002597           0.309720E-5        1.002460
        3.678000           0.345105E-5        1.002597           0.309736E-5        1.002460
        3.680000           0.345123E-5        1.002597           0.309752E-5        1.002460
        3.682000           0.345141E-5        1.002597           0.309767E-5        1.002460
        3.684000           0.345160E-5        1.002597           0.309783E-5        1.002460
        3.686000           0.345178E-5        1.002597           0.309798E-5        1.002460
        3.688000           0.345196E-5        1.002597           0.309814E-5        1.002460
        3.690000           0.345215E-5        1.002597           0.309830E-5        1.002460
        3.692000           0.345233E-5        1.002597           0.309845E-5        1.002460
        3.694000           0.345252E-5        1.002597           0.309861E-5        1.002460
        3.696000           0.345270E-5        1.002597           0.309877E-5        1.002461
        3.698000           0.345288E-5        1.002597           0.309892E-5        1.002461
        3.700000           0.345307E-5        1.002597           0.309908E-5        1.002461
        3.702000           0.345325E-5        1.002597           0.309923E-5        1.002461
        3.704000           0.345344E-5        1.002598           0.309939E-5        1.002461
        3.706000           0.345362E-5        1.002598           0.309955E-5        1.002461
        3.708000           0.345380E-5        1.002598           0.309970E-5        1.002461
        3.710000           0.345399E-5        1.002598           0.309986E-5        1.002461
        3.712000           0.345417E-5        1.002598           0.310002E-5        1.002461
        3.714000           0.345435E-5        1.002598           0.310017E-5        1.002461
        3.716000           0.345454E-5        1.002598           0.310033E-5        1.002461
        3.717999           0.345472E-5        1.002598           0.310048E-5        1.002461
        3.720000           0.345491E-5        1.002598           0.310064E-5        1.002461
        3.722000           0.345509E-5        1.002598           0.310080E-5        1.002461
        3.724000           0.345527E-5        1.002598           0.310095E-5        1.002461
        3.726000           0.345546E-5        1.002598           0.310111E-5        1.002461
        3.727999           0.345564E-5        1.002598           0.310127E-5        1.002462
        3.730000           0.345583E-5        1.002598           0.310142E-5        1.002462
        3.732000           0.345601E-5        1.002599           0.310158E-5        1.002462
        3.734000           0.345619E-5        1.002599           0.310174E-5        1.002462
        3.736000           0.345638E-5        1.002599           0.310189E-5        1.002462
        3.737999           0.345656E-5        1.002599           0.310205E-5        1.002462
        3.740000           0.345675E-5        1.002599           0.310221E-5        1.002462
        3.742000           0.345693E-5        1.002599           0.310236E-5        1.002462
        3.744000           0.345711E-5        1.002599           0.310252E-5        1.002462
        3.746000           0.345730E-5        1.002599           0.310268E-5        1.002462
        3.748000           0.345748E-5        1.002599           0.310283E-5        1.002462
        3.750000           0.345767E-5        1.002599           0.310299E-5        1.002462
        3.752000           0.345785E-5        1.002599           0.310314E-5        1.002462
        3.754000           0.345803E-5        1.002599           0.310330E-5        1.002462
        3.756000           0.345822E-5        1.002599           0.310346E-5        1.002462
        3.758000           0.345840E-5        1.002599           0.310361E-5        1.002463
        3.760000           0.345859E-5        1.002599           0.310377E-5        1.002463
        3.762000           0.345877E-5        1.002600           0.310393E-5        1.002463
        3.764000           0.345896E-5        1.002600           0.310408E-5        1.002463
        3.766000           0.345914E-5        1.002600           0.310424E-5        1.002463
        3.768000           0.345932E-5        1.002600           0.310440E-5        1.002463
        3.770000           0.345951E-5        1.002600           0.310455E-5        1.002463
        3.772000           0.345969E-5        1.002600           0.310471E-5        1.002463
        3.774000           0.345988E-5        1.002600           0.310487E-5        1.002463
        3.776000           0.346006E-5        1.002600           0.310502E-5        1.002463
        3.778000           0.346025E-5        1.002600           0.310518E-5        1.002463
        3.780000           0.346043E-5        1.002600           0.310534E-5        1.002463
        3.782000           0.346061E-5        1.002600           0.310549E-5        1.002463
        3.784000           0.346080E-5        1.002600           0.310565E-5        1.002463
        3.786000           0.346098E-5        1.002600           0.310581E-5        1.002463
        3.788000           0.346117E-5        1.002600           0.310596E-5        1.002463
        3.790000           0.346135E-5        1.002601           0.310612E-5        1.002463
        3.792000           0.346154E-5        1.002601           0.310628E-5        1.002464
        3.794000           0.346172E-5        1.002601           0.310644E-5        1.002464
        3.796000           0.346191E-5        1.002601           0.310659E-5        1.002464
        3.798000           0.346209E-5        1.002601           0.310675E-5        1.002464
        3.800000           0.346227E-5        1.002601           0.310691E-5        1.002464
        3.802000           0.346246E-5        1.002601           0.310706E-5        1.002464
        3.804000           0.346264E-5        1.002601           0.310722E-5        1.002464
        3.806000           0.346283E-5        1.002601           0.310738E-5        1.002464
        3.808000           0.346301E-5        1.002601           0.310753E-5        1.002464
        3.810000           0.346320E-5        1.002601           0.310769E-5        1.002464
        3.812000           0.346338E-5        1.002601           0.310785E-5        1.002464
        3.814000           0.346357E-5        1.002601           0.310800E-5        1.002464
        3.816000           0.346375E-5        1.002601           0.310816E-5        1.002464
        3.818000           0.346394E-5        1.002602           0.310832E-5        1.002464
        3.820000           0.346412E-5        1.002602           0.310847E-5        1.002464
        3.822000           0.346431E-5        1.002602           0.310863E-5        1.002464
        3.824000           0.346449E-5        1.002602           0.310879E-5        1.002465
        3.826000           0.346467E-5        1.002602           0.310895E-5        1.002465
        3.828000           0.346486E-5        1.002602           0.310910E-5        1.002465
        3.830000           0.346504E-5        1.002602           0.310926E-5        1.002465
        3.832000           0.346523E-5        1.002602           0.310942E-5        1.002465
        3.834000           0.346541E-5        1.002602           0.310957E-5        1.002465
        3.836000           0.346560E-5        1.002602           0.310973E-5        1.002465
        3.838000           0.346578E-5        1.002602           0.310989E-5        1.002465
        3.839999           0.346597E-5        1.002602           0.311005E-5        1.002465
        3.842000           0.346615E-5        1.002602           0.311020E-5        1.002465
        3.844000           0.346634E-5        1.002602           0.311036E-5        1.002465
        3.846000           0.346652E-5        1.002602           0.311052E-5        1.002465
        3.848000           0.346671E-5        1.002603           0.311067E-5        1.002465
        3.849999           0.346689E-5        1.002603           0.311083E-5        1.002465
        3.852000           0.346708E-5        1.002603           0.311099E-5        1.002465
        3.854000           0.346726E-5        1.002603           0.311115E-5        1.002465
        3.856000           0.346745E-5        1.002603           0.311130E-5        1.002465
        3.858000           0.346763E-5        1.002603           0.311146E-5        1.002466
        3.860000           0.346782E-5        1.002603           0.311162E-5        1.002466
        3.862000           0.346800E-5        1.002603           0.311177E-5        1.002466
        3.864000           0.346819E-5        1.002603           0.311193E-5        1.002466
        3.866000           0.346837E-5        1.002603           0.311209E-5        1.002466
        3.868000           0.346856E-5        1.002603           0.311225E-5        1.002466
        3.870000           0.346874E-5        1.002603           0.311240E-5        1.002466
        3.872000           0.346893E-5        1.002603           0.311256E-5        1.002466
        3.874000           0.346911E-5        1.002603           0.311272E-5        1.002466
        3.876000           0.346930E-5        1.002604           0.311288E-5        1.002466
        3.878000           0.346948E-5        1.002604           0.311303E-5        1.002466
        3.880000           0.346967E-5        1.002604           0.311319E-5        1.002466
        3.882000           0.346985E-5        1.002604           0.311335E-5        1.002466
        3.884000           0.347004E-5        1.002604           0.311350E-5        1.002466
        3.886000           0.347022E-5        1.002604           0.311366E-5        1.002466
        3.888000           0.347041E-5        1.002604           0.311382E-5        1.002467
        3.890000           0.347059E-5        1.002604           0.311398E-5        1.002467
        3.892000           0.347078E-5        1.002604           0.311413E-5        1.002467
        3.894000           0.347096E-5        1.002604           0.311429E-5        1.002467
        3.896000           0.347115E-5        1.002604           0.311445E-5        1.002467
        3.898000           0.347133E-5        1.002604           0.311461E-5        1.002467
        3.900000           0.347152E-5        1.002604           0.311476E-5        1.002467
        3.902000           0.347170E-5        1.002604           0.311492E-5        1.002467
        3.904000           0.347189E-5        1.002604           0.311508E-5        1.002467
        3.906000           0.347207E-5        1.002605           0.311524E-5        1.002467
        3.908000           0.347226E-5        1.002605           0.311539E-5        1.002467
        3.910000           0.347245E-5        1.002605           0.311555E-5        1.002467
        3.912000           0.347263E-5        1.002605           0.311571E-5        1.002467
        3.914000           0.347282E-5        1.002605           0.311587E-5        1.002467
        3.916000           0.347300E-5        1.002605           0.311602E-5        1.002467
        3.918000           0.347319E-5        1.002605           0.311618E-5        1.002467
        3.920000           0.347337E-5        1.002605           0.311634E-5        1.002468
        3.922000           0.347356E-5        1.002605           0.311650E-5        1.002468
        3.924000           0.347374E-5        1.002605           0.311665E-5        1.002468
        3.926000           0.347393E-5        1.002605           0.311681E-5        1.002468
        3.928000           0.347411E-5        1.002605           0.311697E-5        1.002468
        3.930000           0.347430E-5        1.002605           0.311713E-5        1.002468
        3.932000           0.347448E-5        1.002605           0.311728E-5        1.002468
        3.934000           0.347467E-5        1.002606           0.311744E-5        1.002468
        3.936000           0.347486E-5        1.002606           0.311760E-5        1.002468
        3.938000           0.347504E-5        1.002606           0.311776E-5        1.002468
        3.940000           0.347523E-5        1.002606           0.311792E-5        1.002468
        3.942000           0.347541E-5        1.002606           0.311807E-5        1.002468
        3.944000           0.347560E-5        1.002606           0.311823E-5        1.002468
        3.946000           0.347578E-5        1.002606           0.311839E-5        1.002468
        3.948000           0.347597E-5        1.002606           0.311855E-5        1.002468
        3.950000           0.347616E-5        1.002606           0.311870E-5        1.002468
        3.951999           0.347634E-5        1.002606           0.311886E-5        1.002468
        3.954000           0.347653E-5        1.002606           0.311902E-5        1.002469
        3.956000           0.347671E-5        1.002606           0.311918E-5        1.002469
        3.958000           0.347690E-5        1.002606           0.311934E-5        1.002469
        3.960000           0.347708E-5        1.002606           0.311949E-5        1.002469
        3.961999           0.347727E-5        1.002607           0.311965E-5        1.002469
        3.964000           0.347746E-5        1.002607           0.311981E-5        1.002469
        3.966000           0.347764E-5        1.002607           0.311997E-5        1.002469
        3.968000           0.347783E-5        1.002607           0.312012E-5        1.002469
        3.970000           0.347801E-5        1.002607           0.312028E-5        1.002469
        3.972000           0.347820E-5        1.002607           0.312044E-5        1.002469
        3.974000           0.347838E-5        1.002607           0.312060E-5        1.002469
        3.976000           0.347857E-5        1.002607           0.312076E-5        1.002469
        3.978000           0.347876E-5        1.002607           0.312091E-5        1.002469
        3.980000           0.347894E-5        1.002607           0.312107E-5        1.002469
        3.982000           0.347913E-5        1.002607           0.312123E-5        1.002469
        3.984000           0.347931E-5        1.002607           0.312139E-5        1.002470
        3.986000           0.347950E-5        1.002607           0.312155E-5        1.002470
        3.988000           0.347969E-5        1.002607           0.312170E-5        1.002470
        3.990000           0.347987E-5        1.002607           0.312186E-5        1.002470
        3.992000           0.348006E-5        1.002608           0.312202E-5        1.002470
        3.994000           0.348024E-5        1.002608           0.312218E-5        1.002470
        3.996000           0.348043E-5        1.002608           0.312234E-5        1.002470
        3.998000           0.348062E-5        1.002608           0.312249E-5        1.002470
        4.000000           0.348080E-5        1.002608           0.312265E-5        1.002470
        4.002000           0.348099E-5        1.002608           0.312281E-5        1.002470
        4.004000           0.348117E-5        1.002608           0.312297E-5        1.002470
        4.006000           0.348136E-5        1.002608           0.312313E-5        1.002470
        4.008000           0.348154E-5        1.002608           0.312328E-5        1.002470
        4.010000           0.348173E-5        1.002608           0.312344E-5        1.002470
        4.012000           0.348192E-5        1.002608           0.312360E-5        1.002470
        4.013999           0.348210E-5        1.002608           0.312376E-5        1.002470
        4.016000           0.348229E-5        1.002608           0.312392E-5        1.002470
        4.018000           0.348248E-5        1.002608           0.312407E-5        1.002471
        4.020000           0.348266E-5        1.002609           0.312423E-5        1.002471
        4.022000           0.348285E-5        1.002609           0.312439E-5        1.002471
        4.024000           0.348303E-5        1.002609           0.312455E-5        1.002471
        4.026000           0.348322E-5        1.002609           0.312471E-5        1.002471
        4.028000           0.348341E-5        1.002609           0.312487E-5        1.002471
        4.030000           0.348359E-5        1.002609           0.312502E-5        1.002471
        4.032000           0.348378E-5        1.002609           0.312518E-5        1.002471
        4.033999           0.348396E-5        1.002609           0.312534E-5        1.002471
        4.036000           0.348415E-5        1.002609           0.312550E-5        1.002471
        4.038000           0.348434E-5        1.002609           0.312566E-5        1.002471
        4.040000           0.348452E-5        1.002609           0.312582E-5        1.002471
        4.042000           0.348471E-5        1.002609           0.312597E-5        1.002471
        4.044000           0.348490E-5        1.002609           0.312613E-5        1.002471
        4.046000           0.348508E-5        1.002609           0.312629E-5        1.002471
        4.048000           0.348527E-5        1.002609           0.312645E-5        1.002471
        4.050000           0.348546E-5        1.002610           0.312661E-5        1.002472
        4.052000           0.348564E-5        1.002610           0.312677E-5        1.002472
        4.053999           0.348583E-5        1.002610           0.312692E-5        1.002472
        4.056000           0.348602E-5        1.002610           0.312708E-5        1.002472
        4.058000           0.348620E-5        1.002610           0.312724E-5        1.002472
        4.060000           0.348639E-5        1.002610           0.312740E-5        1.002472
        4.062000           0.348657E-5        1.002610           0.312756E-5        1.002472
        4.064000           0.348676E-5        1.002610           0.312772E-5        1.002472
        4.066000           0.348695E-5        1.002610           0.312787E-5        1.002472
        4.068000           0.348713E-5        1.002610           0.312803E-5        1.002472
        4.070000           0.348732E-5        1.002610           0.312819E-5        1.002472
        4.072000           0.348751E-5        1.002610           0.312835E-5        1.002472
        4.073999           0.348769E-5        1.002610           0.312851E-5        1.002472
        4.076000           0.348788E-5        1.002610           0.312867E-5        1.002472
        4.078000           0.348807E-5        1.002611           0.312883E-5        1.002472
        4.080000           0.348825E-5        1.002611           0.312898E-5        1.002473
        4.082000           0.348844E-5        1.002611           0.312914E-5        1.002473
        4.084000           0.348863E-5        1.002611           0.312930E-5        1.002473
        4.085999           0.348881E-5        1.002611           0.312946E-5        1.002473
        4.087999           0.348900E-5        1.002611           0.312962E-5        1.002473
        4.090000           0.348919E-5        1.002611           0.312978E-5        1.002473
        4.092000           0.348937E-5        1.002611           0.312994E-5        1.002473
        4.094000           0.348956E-5        1.002611           0.313009E-5        1.002473
        4.096000           0.348975E-5        1.002611           0.313025E-5        1.002473
        4.098000           0.348993E-5        1.002611           0.313041E-5        1.002473
        4.100000           0.349012E-5        1.002611           0.313057E-5        1.002473
        4.102000           0.349031E-5        1.002611           0.313073E-5        1.002473
        4.104000           0.349049E-5        1.002611           0.313089E-5        1.002473
        4.105999           0.349068E-5        1.002612           0.313105E-5        1.002473
        4.107999           0.349087E-5        1.002612           0.313120E-5        1.002473
        4.110000           0.349105E-5        1.002612           0.313136E-5        1.002473
        4.112000           0.349124E-5        1.002612           0.313152E-5        1.002473
        4.114000           0.349143E-5        1.002612           0.313168E-5        1.002474
        4.116000           0.349161E-5        1.002612           0.313184E-5        1.002474
        4.118000           0.349180E-5        1.002612           0.313200E-5        1.002474
        4.120000           0.349199E-5        1.002612           0.313216E-5        1.002474
        4.122000           0.349217E-5        1.002612           0.313232E-5        1.002474
        4.124000           0.349236E-5        1.002612           0.313247E-5        1.002474
        4.125999           0.349255E-5        1.002612           0.313263E-5        1.002474
        4.128000           0.349274E-5        1.002612           0.313279E-5        1.002474
        4.130000           0.349292E-5        1.002612           0.313295E-5        1.002474
        4.131999           0.349311E-5        1.002612           0.313311E-5        1.002474
        4.134000           0.349330E-5        1.002612           0.313327E-5        1.002474
        4.136000           0.349348E-5        1.002613           0.313343E-5        1.002474
        4.138000           0.349367E-5        1.002613           0.313359E-5        1.002474
        4.140000           0.349386E-5        1.002613           0.313375E-5        1.002474
        4.142000           0.349404E-5        1.002613           0.313390E-5        1.002474
        4.144000           0.349423E-5        1.002613           0.313406E-5        1.002475
        4.145999           0.349442E-5        1.002613           0.313422E-5        1.002475
        4.148000           0.349461E-5        1.002613           0.313438E-5        1.002475
        4.150000           0.349479E-5        1.002613           0.313454E-5        1.002475
        4.151999           0.349498E-5        1.002613           0.313470E-5        1.002475
        4.154000           0.349517E-5        1.002613           0.313486E-5        1.002475
        4.156000           0.349536E-5        1.002613           0.313502E-5        1.002475
        4.158000           0.349554E-5        1.002613           0.313518E-5        1.002475
        4.160000           0.349573E-5        1.002613           0.313533E-5        1.002475
        4.162000           0.349592E-5        1.002613           0.313549E-5        1.002475
        4.164000           0.349610E-5        1.002614           0.313565E-5        1.002475
        4.165999           0.349629E-5        1.002614           0.313581E-5        1.002475
        4.168000           0.349648E-5        1.002614           0.313597E-5        1.002475
        4.170000           0.349667E-5        1.002614           0.313613E-5        1.002475
        4.172000           0.349685E-5        1.002614           0.313629E-5        1.002475
        4.174000           0.349704E-5        1.002614           0.313645E-5        1.002476
        4.176000           0.349723E-5        1.002614           0.313661E-5        1.002476
        4.178000           0.349741E-5        1.002614           0.313677E-5        1.002476
        4.180000           0.349760E-5        1.002614           0.313693E-5        1.002476
        4.182000           0.349779E-5        1.002614           0.313708E-5        1.002476
        4.184000           0.349798E-5        1.002614           0.313724E-5        1.002476
        4.185999           0.349816E-5        1.002614           0.313740E-5        1.002476
        4.188000           0.349835E-5        1.002614           0.313756E-5        1.002476
        4.190000           0.349854E-5        1.002614           0.313772E-5        1.002476
        4.192000           0.349873E-5        1.002614           0.313788E-5        1.002476
        4.194000           0.349891E-5        1.002615           0.313804E-5        1.002476
        4.196000           0.349910E-5        1.002615           0.313820E-5        1.002476
        4.198000           0.349929E-5        1.002615           0.313836E-5        1.002476
        4.199999           0.349948E-5        1.002615           0.313852E-5        1.002476
        4.202000           0.349966E-5        1.002615           0.313868E-5        1.002476
        4.204000           0.349985E-5        1.002615           0.313884E-5        1.002476
        4.206000           0.350004E-5        1.002615           0.313900E-5        1.002476
        4.208000           0.350023E-5        1.002615           0.313916E-5        1.002476
        4.210000           0.350041E-5        1.002615           0.313931E-5        1.002477
        4.212000           0.350060E-5        1.002615           0.313947E-5        1.002477
        4.214000           0.350079E-5        1.002615           0.313963E-5        1.002477
        4.216000           0.350098E-5        1.002615           0.313979E-5        1.002477
        4.217999           0.350116E-5        1.002615           0.313995E-5        1.002477
        4.219999           0.350135E-5        1.002615           0.314011E-5        1.002477
        4.222000           0.350154E-5        1.002616           0.314027E-5        1.002477
        4.224000           0.350173E-5        1.002616           0.314043E-5        1.002477
        4.226000           0.350191E-5        1.002616           0.314059E-5        1.002477
        4.228000           0.350210E-5        1.002616           0.314075E-5        1.002477
        4.230000           0.350229E-5        1.002616           0.314091E-5        1.002477
        4.232000           0.350248E-5        1.002616           0.314107E-5        1.002477
        4.234000           0.350267E-5        1.002616           0.314123E-5        1.002477
        4.236000           0.350285E-5        1.002616           0.314139E-5        1.002477
        4.237999           0.350304E-5        1.002616           0.314155E-5        1.002477
        4.240000           0.350323E-5        1.002616           0.314171E-5        1.002478
        4.242000           0.350342E-5        1.002616           0.314187E-5        1.002478
        4.243999           0.350361E-5        1.002616           0.314202E-5        1.002478
        4.246000           0.350379E-5        1.002616           0.314218E-5        1.002478
        4.248000           0.350398E-5        1.002617           0.314234E-5        1.002478
        4.250000           0.350417E-5        1.002617           0.314250E-5        1.002478
        4.252000           0.350436E-5        1.002617           0.314266E-5        1.002478
        4.254000           0.350454E-5        1.002617           0.314282E-5        1.002478
        4.256000           0.350473E-5        1.002617           0.314298E-5        1.002478
        4.257999           0.350492E-5        1.002617           0.314314E-5        1.002478
        4.260000           0.350511E-5        1.002617           0.314330E-5        1.002478
        4.262000           0.350530E-5        1.002617           0.314346E-5        1.002478
        4.263999           0.350548E-5        1.002617           0.314362E-5        1.002478
        4.266000           0.350567E-5        1.002617           0.314378E-5        1.002478
        4.268000           0.350586E-5        1.002617           0.314394E-5        1.002478
        4.270000           0.350605E-5        1.002617           0.314410E-5        1.002478
        4.272000           0.350624E-5        1.002617           0.314426E-5        1.002478
        4.274000           0.350642E-5        1.002617           0.314442E-5        1.002479
        4.276000           0.350661E-5        1.002617           0.314458E-5        1.002479
        4.277999           0.350680E-5        1.002617           0.314474E-5        1.002479
        4.280000           0.350699E-5        1.002618           0.314490E-5        1.002479
        4.282000           0.350718E-5        1.002618           0.314506E-5        1.002479
        4.284000           0.350736E-5        1.002618           0.314522E-5        1.002479
        4.286000           0.350755E-5        1.002618           0.314538E-5        1.002479
        4.288000           0.350774E-5        1.002618           0.314554E-5        1.002479
        4.290000           0.350793E-5        1.002618           0.314570E-5        1.002479
        4.292000           0.350812E-5        1.002618           0.314586E-5        1.002479
        4.294000           0.350831E-5        1.002618           0.314602E-5        1.002479
        4.296000           0.350849E-5        1.002618           0.314618E-5        1.002479
        4.297999           0.350868E-5        1.002618           0.314634E-5        1.002479
        4.300000           0.350887E-5        1.002618           0.314650E-5        1.002479
        4.302000           0.350906E-5        1.002618           0.314666E-5        1.002479
        4.304000           0.350925E-5        1.002618           0.314682E-5        1.002480
        4.306000           0.350944E-5        1.002619           0.314698E-5        1.002480
        4.308000           0.350962E-5        1.002619           0.314714E-5        1.002480
        4.310000           0.350981E-5        1.002619           0.314730E-5        1.002480
        4.311999           0.351000E-5        1.002619           0.314746E-5        1.002480
        4.314000           0.351019E-5        1.002619           0.314762E-5        1.002480
        4.316000           0.351038E-5        1.002619           0.314778E-5        1.002480
        4.318000           0.351056E-5        1.002619           0.314794E-5        1.002480
        4.320000           0.351075E-5        1.002619           0.314809E-5        1.002480
        4.322000           0.351094E-5        1.002619           0.314826E-5        1.002480
        4.324000           0.351113E-5        1.002619           0.314842E-5        1.002480
        4.326000           0.351132E-5        1.002619           0.314857E-5        1.002480
        4.328000           0.351151E-5        1.002619           0.314874E-5        1.002480
        4.329999           0.351170E-5        1.002619           0.314890E-5        1.002480
        4.331999           0.351188E-5        1.002619           0.314906E-5        1.002480
        4.334000           0.351207E-5        1.002620           0.314922E-5        1.002481
        4.335999           0.351226E-5        1.002620           0.314938E-5        1.002481
        4.338000           0.351245E-5        1.002620           0.314954E-5        1.002481
        4.340000           0.351264E-5        1.002620           0.314970E-5        1.002481
        4.342000           0.351283E-5        1.002620           0.314986E-5        1.002481
        4.344000           0.351302E-5        1.002620           0.315002E-5        1.002481
        4.346000           0.351320E-5        1.002620           0.315018E-5        1.002481
        4.348000           0.351339E-5        1.002620           0.315034E-5        1.002481
        4.349999           0.351358E-5        1.002620           0.315050E-5        1.002481
        4.352000           0.351377E-5        1.002620           0.315066E-5        1.002481
        4.354000           0.351396E-5        1.002620           0.315082E-5        1.002481
        4.355999           0.351415E-5        1.002620           0.315098E-5        1.002481
        4.358000           0.351434E-5        1.002620           0.315114E-5        1.002481
        4.360000           0.351453E-5        1.002620           0.315130E-5        1.002481
        4.362000           0.351471E-5        1.002620           0.315146E-5        1.002481
        4.364000           0.351490E-5        1.002621           0.315162E-5        1.002481
        4.366000           0.351509E-5        1.002621           0.315178E-5        1.002481
        4.368000           0.351528E-5        1.002621           0.315194E-5        1.002482
        4.369999           0.351547E-5        1.002621           0.315210E-5        1.002482
        4.372000           0.351566E-5        1.002621           0.315226E-5        1.002482
        4.374000           0.351585E-5        1.002621           0.315242E-5        1.002482
        4.375999           0.351604E-5        1.002621           0.315258E-5        1.002482
        4.378000           0.351622E-5        1.002621           0.315274E-5        1.002482
        4.380000           0.351641E-5        1.002621           0.315290E-5        1.002482
        4.382000           0.351660E-5        1.002621           0.315306E-5        1.002482
        4.384000           0.351679E-5        1.002621           0.315322E-5        1.002482
        4.386000           0.351698E-5        1.002621           0.315338E-5        1.002482
        4.388000           0.351717E-5        1.002621           0.315354E-5        1.002482
        4.389999           0.351736E-5        1.002621           0.315370E-5        1.002482
        4.392000           0.351755E-5        1.002622           0.315386E-5        1.002482
        4.394000           0.351774E-5        1.002622           0.315402E-5        1.002482
        4.396000           0.351792E-5        1.002622           0.315418E-5        1.002482
        4.398000           0.351811E-5        1.002622           0.315434E-5        1.002483
        4.400000           0.351830E-5        1.002622           0.315450E-5        1.002483
        4.402000           0.351849E-5        1.002622           0.315467E-5        1.002483
        4.404000           0.351868E-5        1.002622           0.315483E-5        1.002483
        4.406000           0.351887E-5        1.002622           0.315499E-5        1.002483
        4.408000           0.351906E-5        1.002622           0.315515E-5        1.002483
        4.409999           0.351925E-5        1.002622           0.315531E-5        1.002483
        4.412000           0.351944E-5        1.002622           0.315547E-5        1.002483
        4.414000           0.351963E-5        1.002622           0.315563E-5        1.002483
        4.416000           0.351982E-5        1.002622           0.315579E-5        1.002483
        4.418000           0.352000E-5        1.002622           0.315595E-5        1.002483
        4.420000           0.352019E-5        1.002622           0.315611E-5        1.002483
        4.422000           0.352038E-5        1.002623           0.315627E-5        1.002483
        4.423999           0.352057E-5        1.002623           0.315643E-5        1.002483
        4.426000           0.352076E-5        1.002623           0.315659E-5        1.002483
        4.427999           0.352095E-5        1.002623           0.315675E-5        1.002483
        4.430000           0.352114E-5        1.002623           0.315691E-5        1.002483
        4.432000           0.352133E-5        1.002623           0.315707E-5        1.002484
        4.434000           0.352152E-5        1.002623           0.315723E-5        1.002484
        4.436000           0.352171E-5        1.002623           0.315740E-5        1.002484
        4.438000           0.352190E-5        1.002623           0.315756E-5        1.002484
        4.440000           0.352209E-5        1.002623           0.315772E-5        1.002484
        4.441999           0.352228E-5        1.002623           0.315788E-5        1.002484
        4.443999           0.352246E-5        1.002623           0.315804E-5        1.002484
        4.446000           0.352265E-5        1.002623           0.315820E-5        1.002484
        4.447999           0.352284E-5        1.002624           0.315836E-5        1.002484
        4.450000           0.352303E-5        1.002624           0.315852E-5        1.002484
        4.452000           0.352322E-5        1.002624           0.315868E-5        1.002484
        4.454000           0.352341E-5        1.002624           0.315884E-5        1.002484
        4.456000           0.352360E-5        1.002624           0.315900E-5        1.002484
        4.458000           0.352379E-5        1.002624           0.315916E-5        1.002484
        4.460000           0.352398E-5        1.002624           0.315933E-5        1.002484
        4.461999           0.352417E-5        1.002624           0.315949E-5        1.002485
        4.464000           0.352436E-5        1.002624           0.315965E-5        1.002485
        4.466000           0.352455E-5        1.002624           0.315981E-5        1.002485
        4.467999           0.352474E-5        1.002624           0.315997E-5        1.002485
        4.470000           0.352493E-5        1.002624           0.316013E-5        1.002485
        4.472000           0.352512E-5        1.002624           0.316029E-5        1.002485
        4.474000           0.352531E-5        1.002624           0.316045E-5        1.002485
        4.476000           0.352550E-5        1.002625           0.316061E-5        1.002485
        4.478000           0.352569E-5        1.002625           0.316077E-5        1.002485
        4.480000           0.352588E-5        1.002625           0.316093E-5        1.002485
        4.481999           0.352607E-5        1.002625           0.316109E-5        1.002485
        4.484000           0.352625E-5        1.002625           0.316126E-5        1.002485
        4.486000           0.352644E-5        1.002625           0.316142E-5        1.002485
        4.487999           0.352663E-5        1.002625           0.316158E-5        1.002485
        4.490000           0.352682E-5        1.002625           0.316174E-5        1.002485
        4.492000           0.352701E-5        1.002625           0.316190E-5        1.002486
        4.494000           0.352720E-5        1.002625           0.316206E-5        1.002486
        4.496000           0.352739E-5        1.002625           0.316222E-5        1.002486
        4.498000           0.352758E-5        1.002625           0.316238E-5        1.002486
        4.500000           0.352777E-5        1.002625           0.316254E-5        1.002486
        4.501999           0.352796E-5        1.002625           0.316271E-5        1.002486
        4.504000           0.352815E-5        1.002625           0.316287E-5        1.002486
        4.506000           0.352834E-5        1.002626           0.316303E-5        1.002486
        4.508000           0.352853E-5        1.002626           0.316319E-5        1.002486
        4.510000           0.352872E-5        1.002626           0.316335E-5        1.002486
        4.512000           0.352891E-5        1.002626           0.316351E-5        1.002486
        4.514000           0.352910E-5        1.002626           0.316367E-5        1.002486
        4.516000           0.352929E-5        1.002626           0.316383E-5        1.002486
        4.518000           0.352948E-5        1.002626           0.316399E-5        1.002486
        4.520000           0.352967E-5        1.002626           0.316416E-5        1.002486
        4.521999           0.352986E-5        1.002626           0.316432E-5        1.002486
        4.524000           0.353005E-5        1.002626           0.316448E-5        1.002486
        4.526000           0.353024E-5        1.002626           0.316464E-5        1.002487
        4.528000           0.353043E-5        1.002626           0.316480E-5        1.002487
        4.530000           0.353062E-5        1.002626           0.316496E-5        1.002487
        4.532000           0.353081E-5        1.002626           0.316512E-5        1.002487
        4.534000           0.353100E-5        1.002627           0.316529E-5        1.002487
        4.535999           0.353119E-5        1.002627           0.316545E-5        1.002487
        4.538000           0.353138E-5        1.002627           0.316561E-5        1.002487
        4.539999           0.353157E-5        1.002627           0.316577E-5        1.002487
        4.542000           0.353176E-5        1.002627           0.316593E-5        1.002487
        4.544000           0.353195E-5        1.002627           0.316609E-5        1.002487
        4.546000           0.353214E-5        1.002627           0.316625E-5        1.002487
        4.548000           0.353233E-5        1.002627           0.316641E-5        1.002487
        4.550000           0.353252E-5        1.002627           0.316658E-5        1.002487
        4.552000           0.353271E-5        1.002627           0.316674E-5        1.002487
        4.553999           0.353290E-5        1.002627           0.316690E-5        1.002487
        4.555999           0.353309E-5        1.002627           0.316706E-5        1.002488
        4.558000           0.353328E-5        1.002627           0.316722E-5        1.002488
        4.559999           0.353347E-5        1.002627           0.316738E-5        1.002488
        4.562000           0.353366E-5        1.002627           0.316754E-5        1.002488
        4.564000           0.353385E-5        1.002628           0.316771E-5        1.002488
        4.566000           0.353404E-5        1.002628           0.316787E-5        1.002488
        4.568000           0.353423E-5        1.002628           0.316803E-5        1.002488
        4.570000           0.353442E-5        1.002628           0.316819E-5        1.002488
        4.572000           0.353461E-5        1.002628           0.316835E-5        1.002488
        4.573999           0.353481E-5        1.002628           0.316851E-5        1.002488
        4.576000           0.353500E-5        1.002628           0.316868E-5        1.002488
        4.578000           0.353519E-5        1.002628           0.316884E-5        1.002488
        4.579999           0.353538E-5        1.002628           0.316900E-5        1.002488
        4.582000           0.353557E-5        1.002628           0.316916E-5        1.002488
        4.584000           0.353576E-5        1.002628           0.316932E-5        1.002488
        4.586000           0.353595E-5        1.002628           0.316948E-5        1.002488
        4.588000           0.353614E-5        1.002628           0.316964E-5        1.002488
        4.590000           0.353633E-5        1.002629           0.316981E-5        1.002489
        4.592000           0.353652E-5        1.002629           0.316997E-5        1.002489
        4.593999           0.353671E-5        1.002629           0.317013E-5        1.002489
        4.596000           0.353690E-5        1.002629           0.317029E-5        1.002489
        4.598000           0.353709E-5        1.002629           0.317045E-5        1.002489
        4.599999           0.353728E-5        1.002629           0.317061E-5        1.002489
        4.602000           0.353747E-5        1.002629           0.317078E-5        1.002489
        4.604000           0.353766E-5        1.002629           0.317094E-5        1.002489
        4.606000           0.353785E-5        1.002629           0.317110E-5        1.002489
        4.608000           0.353804E-5        1.002629           0.317126E-5        1.002489
        4.610000           0.353823E-5        1.002629           0.317142E-5        1.002489
        4.612000           0.353843E-5        1.002629           0.317159E-5        1.002489
        4.613999           0.353862E-5        1.002629           0.317175E-5        1.002489
        4.616000           0.353881E-5        1.002629           0.317191E-5        1.002489
        4.618000           0.353900E-5        1.002630           0.317207E-5        1.002489
        4.620000           0.353919E-5        1.002630           0.317223E-5        1.002490
        4.622000           0.353938E-5        1.002630           0.317239E-5        1.002490
        4.624000           0.353957E-5        1.002630           0.317256E-5        1.002490
        4.626000           0.353976E-5        1.002630           0.317272E-5        1.002490
        4.628000           0.353995E-5        1.002630           0.317288E-5        1.002490
        4.630000           0.354014E-5        1.002630           0.317304E-5        1.002490
        4.631999           0.354033E-5        1.002630           0.317320E-5        1.002490
        4.633999           0.354052E-5        1.002630           0.317337E-5        1.002490
        4.636000           0.354071E-5        1.002630           0.317353E-5        1.002490
        4.638000           0.354090E-5        1.002630           0.317369E-5        1.002490
        4.640000           0.354110E-5        1.002630           0.317385E-5        1.002490
        4.642000           0.354129E-5        1.002630           0.317401E-5        1.002490
        4.644000           0.354148E-5        1.002630           0.317418E-5        1.002490
        4.646000           0.354167E-5        1.002630           0.317434E-5        1.002490
        4.648000           0.354186E-5        1.002631           0.317450E-5        1.002490
        4.650000           0.354205E-5        1.002631           0.317466E-5        1.002491
        4.651999           0.354224E-5        1.002631           0.317482E-5        1.002491
        4.654000           0.354243E-5        1.002631           0.317499E-5        1.002491
        4.656000           0.354262E-5        1.002631           0.317515E-5        1.002491
        4.658000           0.354281E-5        1.002631           0.317531E-5        1.002491
        4.660000           0.354300E-5        1.002631           0.317547E-5        1.002491
        4.662000           0.354320E-5        1.002631           0.317563E-5        1.002491
        4.664000           0.354339E-5        1.002631           0.317580E-5        1.002491
        4.665999           0.354358E-5        1.002631           0.317596E-5        1.002491
        4.667999           0.354377E-5        1.002631           0.317612E-5        1.002491
        4.670000           0.354396E-5        1.002631           0.317628E-5        1.002491
        4.671999           0.354415E-5        1.002631           0.317644E-5        1.002491
        4.674000           0.354434E-5        1.002632           0.317661E-5        1.002491
        4.676000           0.354453E-5        1.002632           0.317677E-5        1.002491
        4.677999           0.354473E-5        1.002632           0.317693E-5        1.002491
        4.680000           0.354492E-5        1.002632           0.317709E-5        1.002491
        4.682000           0.354511E-5        1.002632           0.317726E-5        1.002491
        4.684000           0.354530E-5        1.002632           0.317742E-5        1.002492
        4.685999           0.354549E-5        1.002632           0.317758E-5        1.002492
        4.688000           0.354568E-5        1.002632           0.317774E-5        1.002492
        4.690000           0.354587E-5        1.002632           0.317790E-5        1.002492
        4.691999           0.354606E-5        1.002632           0.317807E-5        1.002492
        4.694000           0.354625E-5        1.002632           0.317823E-5        1.002492
        4.696000           0.354645E-5        1.002632           0.317839E-5        1.002492
        4.698000           0.354664E-5        1.002632           0.317855E-5        1.002492
        4.700000           0.354683E-5        1.002632           0.317872E-5        1.002492
        4.702000           0.354702E-5        1.002632           0.317888E-5        1.002492
        4.704000           0.354721E-5        1.002632           0.317904E-5        1.002492
        4.705999           0.354740E-5        1.002633           0.317920E-5        1.002492
        4.708000           0.354759E-5        1.002633           0.317937E-5        1.002492
        4.710000           0.354778E-5        1.002633           0.317953E-5        1.002492
        4.711999           0.354798E-5        1.002633           0.317969E-5        1.002492
        4.714000           0.354817E-5        1.002633           0.317985E-5        1.002493
        4.716000           0.354836E-5        1.002633           0.318001E-5        1.002493
        4.718000           0.354855E-5        1.002633           0.318018E-5        1.002493
        4.720000           0.354874E-5        1.002633           0.318034E-5        1.002493
        4.722000           0.354893E-5        1.002633           0.318050E-5        1.002493
        4.724000           0.354913E-5        1.002633           0.318066E-5        1.002493
        4.725999           0.354932E-5        1.002633           0.318083E-5        1.002493
        4.728000           0.354951E-5        1.002633           0.318099E-5        1.002493
        4.730000           0.354970E-5        1.002633           0.318115E-5        1.002493
        4.732000           0.354989E-5        1.002634           0.318131E-5        1.002493
        4.734000           0.355008E-5        1.002634           0.318148E-5        1.002493
        4.736000           0.355027E-5        1.002634           0.318164E-5        1.002493
        4.738000           0.355047E-5        1.002634           0.318180E-5        1.002493
        4.740000           0.355066E-5        1.002634           0.318197E-5        1.002493
        4.742000           0.355085E-5        1.002634           0.318213E-5        1.002493
        4.743999           0.355104E-5        1.002634           0.318229E-5        1.002494
        4.745999           0.355123E-5        1.002634           0.318245E-5        1.002494
        4.748000           0.355142E-5        1.002634           0.318262E-5        1.002494
        4.750000           0.355162E-5        1.002634           0.318278E-5        1.002494
        4.752000           0.355181E-5        1.002634           0.318294E-5        1.002494
        4.754000           0.355200E-5        1.002634           0.318310E-5        1.002494
        4.756000           0.355219E-5        1.002634           0.318327E-5        1.002494
        4.758000           0.355238E-5        1.002635           0.318343E-5        1.002494
        4.760000           0.355257E-5        1.002635           0.318359E-5        1.002494
        4.762000           0.355277E-5        1.002635           0.318375E-5        1.002494
        4.763999           0.355296E-5        1.002635           0.318392E-5        1.002494
        4.766000           0.355315E-5        1.002635           0.318408E-5        1.002494
        4.768000           0.355334E-5        1.002635           0.318424E-5        1.002494
        4.770000           0.355353E-5        1.002635           0.318441E-5        1.002494
        4.772000           0.355373E-5        1.002635           0.318457E-5        1.002494
        4.774000           0.355392E-5        1.002635           0.318473E-5        1.002494
        4.776000           0.355411E-5        1.002635           0.318489E-5        1.002494
        4.778000           0.355430E-5        1.002635           0.318506E-5        1.002495
        4.779999           0.355449E-5        1.002635           0.318522E-5        1.002495
        4.782000           0.355469E-5        1.002635           0.318538E-5        1.002495
        4.783999           0.355488E-5        1.002635           0.318554E-5        1.002495
        4.786000           0.355507E-5        1.002635           0.318571E-5        1.002495
        4.788000           0.355526E-5        1.002635           0.318587E-5        1.002495
        4.789999           0.355545E-5        1.002636           0.318603E-5        1.002495
        4.792000           0.355565E-5        1.002636           0.318620E-5        1.002495
        4.794000           0.355584E-5        1.002636           0.318636E-5        1.002495
        4.796000           0.355603E-5        1.002636           0.318652E-5        1.002495
        4.797999           0.355622E-5        1.002636           0.318669E-5        1.002495
        4.800000           0.355641E-5        1.002636           0.318685E-5        1.002495
        4.802000           0.355661E-5        1.002636           0.318701E-5        1.002495
        4.803999           0.355680E-5        1.002636           0.318717E-5        1.002495
        4.806000           0.355699E-5        1.002636           0.318734E-5        1.002495
        4.808000           0.355718E-5        1.002636           0.318750E-5        1.002496
        4.810000           0.355737E-5        1.002636           0.318766E-5        1.002496
        4.812000           0.355757E-5        1.002636           0.318783E-5        1.002496
        4.814000           0.355776E-5        1.002636           0.318799E-5        1.002496
        4.816000           0.355795E-5        1.002637           0.318815E-5        1.002496
        4.817999           0.355814E-5        1.002637           0.318832E-5        1.002496
        4.820000           0.355834E-5        1.002637           0.318848E-5        1.002496
        4.822000           0.355853E-5        1.002637           0.318864E-5        1.002496
        4.823999           0.355872E-5        1.002637           0.318881E-5        1.002496
        4.826000           0.355891E-5        1.002637           0.318897E-5        1.002496
        4.828000           0.355911E-5        1.002637           0.318913E-5        1.002496
        4.830000           0.355930E-5        1.002637           0.318929E-5        1.002496
        4.832000           0.355949E-5        1.002637           0.318946E-5        1.002496
        4.834000           0.355968E-5        1.002637           0.318962E-5        1.002496
        4.835999           0.355988E-5        1.002637           0.318978E-5        1.002496
        4.837999           0.356007E-5        1.002637           0.318995E-5        1.002496
        4.840000           0.356026E-5        1.002637           0.319011E-5        1.002496
        4.842000           0.356045E-5        1.002638           0.319027E-5        1.002497
        4.844000           0.356064E-5        1.002638           0.319044E-5        1.002497
        4.846000           0.356084E-5        1.002638           0.319060E-5        1.002497
        4.848000           0.356103E-5        1.002638           0.319076E-5        1.002497
        4.850000           0.356122E-5        1.002638           0.319093E-5        1.002497
        4.852000           0.356141E-5        1.002638           0.319109E-5        1.002497
        4.854000           0.356161E-5        1.002638           0.319125E-5        1.002497
        4.855999           0.356180E-5        1.002638           0.319142E-5        1.002497
        4.857999           0.356199E-5        1.002638           0.319158E-5        1.002497
        4.860000           0.356218E-5        1.002638           0.319174E-5        1.002497
        4.862000           0.356238E-5        1.002638           0.319191E-5        1.002497
        4.864000           0.356257E-5        1.002638           0.319207E-5        1.002497
        4.866000           0.356276E-5        1.002638           0.319223E-5        1.002497
        4.868000           0.356295E-5        1.002638           0.319240E-5        1.002497
        4.870000           0.356315E-5        1.002638           0.319256E-5        1.002497
        4.872000           0.356334E-5        1.002639           0.319272E-5        1.002498
        4.874000           0.356353E-5        1.002639           0.319289E-5        1.002498
        4.875999           0.356373E-5        1.002639           0.319305E-5        1.002498
        4.878000           0.356392E-5        1.002639           0.319321E-5        1.002498
        4.880000           0.356411E-5        1.002639           0.319338E-5        1.002498
        4.881999           0.356430E-5        1.002639           0.319354E-5        1.002498
        4.884000           0.356450E-5        1.002639           0.319370E-5        1.002498
        4.886000           0.356469E-5        1.002639           0.319387E-5        1.002498
        4.888000           0.356488E-5        1.002639           0.319403E-5        1.002498
        4.890000           0.356507E-5        1.002639           0.319419E-5        1.002498
        4.891999           0.356527E-5        1.002639           0.319436E-5        1.002498
        4.894000           0.356546E-5        1.002639           0.319452E-5        1.002498
        4.895999           0.356565E-5        1.002639           0.319468E-5        1.002498
        4.898000           0.356585E-5        1.002639           0.319485E-5        1.002498
        4.900000           0.356604E-5        1.002640           0.319501E-5        1.002498
        4.901999           0.356623E-5        1.002640           0.319518E-5        1.002499
        4.904000           0.356642E-5        1.002640           0.319534E-5        1.002499
        4.906000           0.356662E-5        1.002640           0.319550E-5        1.002499
        4.908000           0.356681E-5        1.002640           0.319567E-5        1.002499
        4.909999           0.356700E-5        1.002640           0.319583E-5        1.002499
        4.912000           0.356720E-5        1.002640           0.319599E-5        1.002499
        4.914000           0.356739E-5        1.002640           0.319616E-5        1.002499
        4.915999           0.356758E-5        1.002640           0.319632E-5        1.002499
        4.918000           0.356778E-5        1.002640           0.319648E-5        1.002499
        4.920000           0.356797E-5        1.002640           0.319665E-5        1.002499
        4.922000           0.356816E-5        1.002640           0.319681E-5        1.002499
        4.924000           0.356835E-5        1.002640           0.319698E-5        1.002499
        4.926000           0.356855E-5        1.002640           0.319714E-5        1.002499
        4.927999           0.356874E-5        1.002640           0.319730E-5        1.002499
        4.929999           0.356893E-5        1.002641           0.319747E-5        1.002499
        4.932000           0.356913E-5        1.002641           0.319763E-5        1.002499
        4.934000           0.356932E-5        1.002641           0.319780E-5        1.002499
        4.935999           0.356951E-5        1.002641           0.319796E-5        1.002500
        4.938000           0.356971E-5        1.002641           0.319812E-5        1.002500
        4.940000           0.356990E-5        1.002641           0.319829E-5        1.002500
        4.942000           0.357009E-5        1.002641           0.319845E-5        1.002500
        4.944000           0.357029E-5        1.002641           0.319861E-5        1.002500
        4.946000           0.357048E-5        1.002641           0.319878E-5        1.002500
        4.947999           0.357067E-5        1.002641           0.319894E-5        1.002500
        4.949999           0.357087E-5        1.002641           0.319911E-5        1.002500
        4.952000           0.357106E-5        1.002641           0.319927E-5        1.002500
        4.954000           0.357125E-5        1.002641           0.319943E-5        1.002500
        4.956000           0.357145E-5        1.002642           0.319960E-5        1.002500
        4.958000           0.357164E-5        1.002642           0.319976E-5        1.002500
        4.960000           0.357183E-5        1.002642           0.319993E-5        1.002500
        4.962000           0.357203E-5        1.002642           0.320009E-5        1.002500
        4.964000           0.357222E-5        1.002642           0.320025E-5        1.002500
        4.966000           0.357241E-5        1.002642           0.320042E-5        1.002501
        4.967999           0.357261E-5        1.002642           0.320058E-5        1.002501
        4.969999           0.357280E-5        1.002642           0.320075E-5        1.002501
        4.972000           0.357299E-5        1.002642           0.320091E-5        1.002501
        4.974000           0.357319E-5        1.002642           0.320107E-5        1.002501
        4.976000           0.357338E-5        1.002642           0.320124E-5        1.002501
        4.978000           0.357357E-5        1.002642           0.320140E-5        1.002501
        4.980000           0.357377E-5        1.002642           0.320157E-5        1.002501
        4.982000           0.357396E-5        1.002642           0.320173E-5        1.002501
        4.984000           0.357415E-5        1.002643           0.320189E-5        1.002501
        4.986000           0.357435E-5        1.002643           0.320206E-5        1.002501
        4.987999           0.357454E-5        1.002643           0.320222E-5        1.002501
        4.990000           0.357473E-5        1.002643           0.320239E-5        1.002501
        4.992000           0.357493E-5        1.002643           0.320255E-5        1.002501
        4.993999           0.357512E-5        1.002643           0.320271E-5        1.002501
        4.996000           0.357532E-5        1.002643           0.320288E-5        1.002501
        4.998000           0.357551E-5        1.002643           0.320304E-5        1.002502
        5.000000           0.357570E-5        1.002643           0.320321E-5        1.002502
        5.002000           0.357590E-5        1.002643           0.320337E-5        1.002502
        5.003999           0.357609E-5        1.002643           0.320354E-5        1.002502
        5.006000           0.357628E-5        1.002643           0.320370E-5        1.002502
        5.007999           0.357648E-5        1.002643           0.320386E-5        1.002502
        5.010000           0.357667E-5        1.002643           0.320403E-5        1.002502
        5.012000           0.357686E-5        1.002643           0.320419E-5        1.002502
        5.013999           0.357706E-5        1.002644           0.320436E-5        1.002502
        5.016000           0.357725E-5        1.002644           0.320452E-5        1.002502
        5.018000           0.357745E-5        1.002644           0.320469E-5        1.002502
        5.020000           0.357764E-5        1.002644           0.320485E-5        1.002502
        5.021999           0.357783E-5        1.002644           0.320501E-5        1.002502
        5.024000           0.357803E-5        1.002644           0.320518E-5        1.002502
        5.026000           0.357822E-5        1.002644           0.320534E-5        1.002502
        5.027999           0.357842E-5        1.002644           0.320551E-5        1.002503
        5.030000           0.357861E-5        1.002644           0.320567E-5        1.002503
        5.032000           0.357880E-5        1.002644           0.320584E-5        1.002503
        5.034000           0.357900E-5        1.002644           0.320600E-5        1.002503
        5.036000           0.357919E-5        1.002644           0.320617E-5        1.002503
        5.038000           0.357939E-5        1.002644           0.320633E-5        1.002503
        5.039999           0.357958E-5        1.002645           0.320649E-5        1.002503
        5.041999           0.357977E-5        1.002645           0.320666E-5        1.002503
        5.044000           0.357997E-5        1.002645           0.320682E-5        1.002503
        5.046000           0.358016E-5        1.002645           0.320699E-5        1.002503
        5.047999           0.358036E-5        1.002645           0.320715E-5        1.002503
        5.050000           0.358055E-5        1.002645           0.320732E-5        1.002503
        5.052000           0.358074E-5        1.002645           0.320748E-5        1.002503
        5.054000           0.358094E-5        1.002645           0.320765E-5        1.002503
        5.056000           0.358113E-5        1.002645           0.320781E-5        1.002503
        5.058000           0.358133E-5        1.002645           0.320797E-5        1.002504
        5.059999           0.358152E-5        1.002645           0.320814E-5        1.002504
        5.061999           0.358171E-5        1.002645           0.320830E-5        1.002504
        5.064000           0.358191E-5        1.002645           0.320847E-5        1.002504
        5.066000           0.358210E-5        1.002645           0.320863E-5        1.002504
        5.068000           0.358230E-5        1.002645           0.320880E-5        1.002504
        5.070000           0.358249E-5        1.002646           0.320896E-5        1.002504
        5.072000           0.358268E-5        1.002646           0.320913E-5        1.002504
        5.074000           0.358288E-5        1.002646           0.320929E-5        1.002504
        5.076000           0.358307E-5        1.002646           0.320946E-5        1.002504
        5.078000           0.358327E-5        1.002646           0.320962E-5        1.002504
        5.079999           0.358346E-5        1.002646           0.320979E-5        1.002504
        5.081999           0.358366E-5        1.002646           0.320995E-5        1.002504
        5.084000           0.358385E-5        1.002646           0.321012E-5        1.002504
        5.085999           0.358404E-5        1.002646           0.321028E-5        1.002504
        5.088000           0.358424E-5        1.002646           0.321044E-5        1.002504
        5.090000           0.358443E-5        1.002646           0.321061E-5        1.002504
        5.092000           0.358463E-5        1.002646           0.321077E-5        1.002505
        5.094000           0.358482E-5        1.002646           0.321094E-5        1.002505
        5.096000           0.358502E-5        1.002647           0.321110E-5        1.002505
        5.098000           0.358521E-5        1.002647           0.321127E-5        1.002505
        5.099999           0.358541E-5        1.002647           0.321143E-5        1.002505
        5.102000           0.358560E-5        1.002647           0.321160E-5        1.002505
        5.104000           0.358579E-5        1.002647           0.321176E-5        1.002505
        5.105999           0.358599E-5        1.002647           0.321193E-5        1.002505
        5.108000           0.358618E-5        1.002647           0.321209E-5        1.002505
        5.110000           0.358638E-5        1.002647           0.321226E-5        1.002505
        5.112000           0.358657E-5        1.002647           0.321242E-5        1.002505
        5.114000           0.358677E-5        1.002647           0.321259E-5        1.002505
        5.115999           0.358696E-5        1.002647           0.321275E-5        1.002505
        5.118000           0.358716E-5        1.002647           0.321292E-5        1.002505
        5.119999           0.358735E-5        1.002647           0.321308E-5        1.002505
        5.122000           0.358755E-5        1.002648           0.321325E-5        1.002506
        5.124000           0.358774E-5        1.002648           0.321341E-5        1.002506
        5.125999           0.358793E-5        1.002648           0.321358E-5        1.002506
        5.128000           0.358813E-5        1.002648           0.321374E-5        1.002506
        5.130000           0.358832E-5        1.002648           0.321391E-5        1.002506
        5.132000           0.358852E-5        1.002648           0.321407E-5        1.002506
        5.133999           0.358871E-5        1.002648           0.321424E-5        1.002506
        5.136000           0.358891E-5        1.002648           0.321440E-5        1.002506
        5.138000           0.358910E-5        1.002648           0.321457E-5        1.002506
        5.139999           0.358930E-5        1.002648           0.321473E-5        1.002506
        5.142000           0.358949E-5        1.002648           0.321490E-5        1.002506
        5.144000           0.358969E-5        1.002648           0.321506E-5        1.002506
        5.146000           0.358988E-5        1.002648           0.321523E-5        1.002506
        5.148000           0.359008E-5        1.002648           0.321539E-5        1.002506
        5.150000           0.359027E-5        1.002648           0.321556E-5        1.002506
        5.151999           0.359047E-5        1.002649           0.321572E-5        1.002506
        5.153999           0.359066E-5        1.002649           0.321589E-5        1.002507
        5.156000           0.359086E-5        1.002649           0.321605E-5        1.002507
        5.158000           0.359105E-5        1.002649           0.321622E-5        1.002507
        5.159999           0.359125E-5        1.002649           0.321638E-5        1.002507
        5.162000           0.359144E-5        1.002649           0.321655E-5        1.002507
        5.164000           0.359164E-5        1.002649           0.321672E-5        1.002507
        5.166000           0.359183E-5        1.002649           0.321688E-5        1.002507
        5.168000           0.359203E-5        1.002649           0.321705E-5        1.002507
        5.170000           0.359222E-5        1.002649           0.321721E-5        1.002507
        5.171999           0.359242E-5        1.002649           0.321738E-5        1.002507
        5.173999           0.359261E-5        1.002649           0.321754E-5        1.002507
        5.176000           0.359281E-5        1.002649           0.321771E-5        1.002507
        5.177999           0.359300E-5        1.002649           0.321787E-5        1.002507
        5.180000           0.359320E-5        1.002650           0.321804E-5        1.002507
        5.182000           0.359339E-5        1.002650           0.321820E-5        1.002507
        5.184000           0.359359E-5        1.002650           0.321837E-5        1.002508
        5.186000           0.359378E-5        1.002650           0.321853E-5        1.002508
        5.188000           0.359398E-5        1.002650           0.321870E-5        1.002508
        5.190000           0.359417E-5        1.002650           0.321886E-5        1.002508
        5.191999           0.359437E-5        1.002650           0.321903E-5        1.002508
        5.193999           0.359456E-5        1.002650           0.321920E-5        1.002508
        5.196000           0.359476E-5        1.002650           0.321936E-5        1.002508
        5.197999           0.359495E-5        1.002650           0.321953E-5        1.002508
        5.200000           0.359515E-5        1.002650           0.321969E-5        1.002508
        5.202000           0.359534E-5        1.002650           0.321986E-5        1.002508
        5.204000           0.359554E-5        1.002650           0.322002E-5        1.002508
        5.206000           0.359573E-5        1.002650           0.322019E-5        1.002508
        5.208000           0.359593E-5        1.002650           0.322035E-5        1.002508
        5.210000           0.359613E-5        1.002651           0.322052E-5        1.002508
        5.211999           0.359632E-5        1.002651           0.322068E-5        1.002508
        5.214000           0.359652E-5        1.002651           0.322085E-5        1.002509
        5.216000           0.359671E-5        1.002651           0.322102E-5        1.002509
        5.217999           0.359691E-5        1.002651           0.322118E-5        1.002509
        5.220000           0.359710E-5        1.002651           0.322135E-5        1.002509
        5.222000           0.359730E-5        1.002651           0.322151E-5        1.002509
        5.224000           0.359749E-5        1.002651           0.322168E-5        1.002509
        5.226000           0.359769E-5        1.002651           0.322184E-5        1.002509
        5.228000           0.359788E-5        1.002651           0.322201E-5        1.002509
        5.230000           0.359808E-5        1.002651           0.322218E-5        1.002509
        5.231999           0.359827E-5        1.002651           0.322234E-5        1.002509
        5.234000           0.359847E-5        1.002651           0.322251E-5        1.002509
        5.236000           0.359867E-5        1.002652           0.322267E-5        1.002509
        5.237999           0.359886E-5        1.002652           0.322284E-5        1.002509
        5.240000           0.359906E-5        1.002652           0.322300E-5        1.002509
        5.242000           0.359925E-5        1.002652           0.322317E-5        1.002509
        5.244000           0.359945E-5        1.002652           0.322334E-5        1.002509
        5.245999           0.359964E-5        1.002652           0.322350E-5        1.002509
        5.248000           0.359984E-5        1.002652           0.322367E-5        1.002510
        5.250000           0.360003E-5        1.002652           0.322383E-5        1.002510
        5.251999           0.360023E-5        1.002652           0.322400E-5        1.002510
        5.254000           0.360043E-5        1.002652           0.322416E-5        1.002510
        5.256000           0.360062E-5        1.002652           0.322433E-5        1.002510
        5.258000           0.360082E-5        1.002652           0.322450E-5        1.002510
        5.260000           0.360101E-5        1.002652           0.322466E-5        1.002510
        5.262000           0.360121E-5        1.002653           0.322483E-5        1.002510
        5.263999           0.360141E-5        1.002653           0.322499E-5        1.002510
        5.265999           0.360160E-5        1.002653           0.322516E-5        1.002510
        5.268000           0.360180E-5        1.002653           0.322533E-5        1.002510
        5.270000           0.360199E-5        1.002653           0.322549E-5        1.002510
        5.271999           0.360219E-5        1.002653           0.322566E-5        1.002510
        5.274000           0.360238E-5        1.002653           0.322582E-5        1.002510
        5.276000           0.360258E-5        1.002653           0.322599E-5        1.002511
        5.278000           0.360278E-5        1.002653           0.322616E-5        1.002511
        5.280000           0.360297E-5        1.002653           0.322632E-5        1.002511
        5.282000           0.360317E-5        1.002653           0.322649E-5        1.002511
        5.283999           0.360336E-5        1.002653           0.322665E-5        1.002511
        5.285999           0.360356E-5        1.002653           0.322682E-5        1.002511
        5.288000           0.360375E-5        1.002653           0.322699E-5        1.002511
        5.289999           0.360395E-5        1.002653           0.322715E-5        1.002511
        5.292000           0.360415E-5        1.002654           0.322732E-5        1.002511
        5.294000           0.360434E-5        1.002654           0.322748E-5        1.002511
        5.296000           0.360454E-5        1.002654           0.322765E-5        1.002511
        5.298000           0.360473E-5        1.002654           0.322782E-5        1.002511
        5.300000           0.360493E-5        1.002654           0.322798E-5        1.002511
        5.302000           0.360513E-5        1.002654           0.322815E-5        1.002511
        5.303999           0.360532E-5        1.002654           0.322832E-5        1.002511
        5.305999           0.360552E-5        1.002654           0.322848E-5        1.002512
        5.308000           0.360572E-5        1.002654           0.322865E-5        1.002512
        5.309999           0.360591E-5        1.002654           0.322881E-5        1.002512
        5.312000           0.360611E-5        1.002654           0.322898E-5        1.002512
        5.314000           0.360630E-5        1.002654           0.322915E-5        1.002512
        5.316000           0.360650E-5        1.002654           0.322931E-5        1.002512
        5.318000           0.360670E-5        1.002655           0.322948E-5        1.002512
        5.320000           0.360689E-5        1.002655           0.322964E-5        1.002512
        5.322000           0.360709E-5        1.002655           0.322981E-5        1.002512
        5.323999           0.360729E-5        1.002655           0.322998E-5        1.002512
        5.326000           0.360748E-5        1.002655           0.323014E-5        1.002512
        5.328000           0.360768E-5        1.002655           0.323031E-5        1.002512
        5.329999           0.360787E-5        1.002655           0.323048E-5        1.002512
        5.332000           0.360807E-5        1.002655           0.323064E-5        1.002512
        5.334000           0.360827E-5        1.002655           0.323081E-5        1.002512
        5.336000           0.360846E-5        1.002655           0.323098E-5        1.002512
        5.338000           0.360866E-5        1.002655           0.323114E-5        1.002512
        5.340000           0.360885E-5        1.002655           0.323131E-5        1.002513
        5.342000           0.360905E-5        1.002655           0.323147E-5        1.002513
        5.343999           0.360925E-5        1.002656           0.323164E-5        1.002513
        5.346000           0.360944E-5        1.002656           0.323181E-5        1.002513
        5.348000           0.360964E-5        1.002656           0.323197E-5        1.002513
        5.349999           0.360984E-5        1.002656           0.323214E-5        1.002513
        5.352000           0.361003E-5        1.002656           0.323231E-5        1.002513
        5.354000           0.361023E-5        1.002656           0.323247E-5        1.002513
        5.356000           0.361043E-5        1.002656           0.323264E-5        1.002513
        5.358000           0.361062E-5        1.002656           0.323281E-5        1.002513
        5.360000           0.361082E-5        1.002656           0.323297E-5        1.002513
        5.362000           0.361102E-5        1.002656           0.323314E-5        1.002513
        5.363999           0.361121E-5        1.002656           0.323331E-5        1.002513
        5.366000           0.361141E-5        1.002656           0.323347E-5        1.002513
        5.368000           0.361161E-5        1.002656           0.323364E-5        1.002513
        5.370000           0.361180E-5        1.002656           0.323381E-5        1.002514
        5.372000           0.361200E-5        1.002656           0.323397E-5        1.002514
        5.374000           0.361220E-5        1.002657           0.323414E-5        1.002514
        5.375999           0.361239E-5        1.002657           0.323431E-5        1.002514
        5.377999           0.361259E-5        1.002657           0.323447E-5        1.002514
        5.380000           0.361279E-5        1.002657           0.323464E-5        1.002514
        5.381999           0.361298E-5        1.002657           0.323481E-5        1.002514
        5.383999           0.361318E-5        1.002657           0.323497E-5        1.002514
        5.386000           0.361338E-5        1.002657           0.323514E-5        1.002514
        5.388000           0.361357E-5        1.002657           0.323530E-5        1.002514
        5.390000           0.361377E-5        1.002657           0.323547E-5        1.002514
        5.392000           0.361397E-5        1.002657           0.323564E-5        1.002514
        5.394000           0.361416E-5        1.002657           0.323581E-5        1.002514
        5.395999           0.361436E-5        1.002657           0.323597E-5        1.002514
        5.397999           0.361456E-5        1.002657           0.323614E-5        1.002514
        5.400000           0.361475E-5        1.002657           0.323630E-5        1.002514
        5.401999           0.361495E-5        1.002658           0.323647E-5        1.002515
        5.404000           0.361515E-5        1.002658           0.323664E-5        1.002515
        5.406000           0.361534E-5        1.002658           0.323680E-5        1.002515
        5.408000           0.361554E-5        1.002658           0.323697E-5        1.002515
        5.410000           0.361574E-5        1.002658           0.323714E-5        1.002515
        5.412000           0.361593E-5        1.002658           0.323731E-5        1.002515
        5.414000           0.361613E-5        1.002658           0.323747E-5        1.002515
        5.415999           0.361633E-5        1.002658           0.323764E-5        1.002515
        5.417999           0.361653E-5        1.002658           0.323781E-5        1.002515
        5.420000           0.361672E-5        1.002658           0.323797E-5        1.002515
        5.421999           0.361692E-5        1.002658           0.323814E-5        1.002515
        5.424000           0.361712E-5        1.002658           0.323831E-5        1.002515
        5.426000           0.361731E-5        1.002658           0.323847E-5        1.002515
        5.427999           0.361751E-5        1.002658           0.323864E-5        1.002515
        5.430000           0.361771E-5        1.002659           0.323881E-5        1.002515
        5.432000           0.361791E-5        1.002659           0.323898E-5        1.002516
        5.434000           0.361810E-5        1.002659           0.323914E-5        1.002516
        5.435999           0.361830E-5        1.002659           0.323931E-5        1.002516
        5.438000           0.361850E-5        1.002659           0.323948E-5        1.002516
        5.440000           0.361869E-5        1.002659           0.323964E-5        1.002516
        5.441999           0.361889E-5        1.002659           0.323981E-5        1.002516
        5.444000           0.361909E-5        1.002659           0.323998E-5        1.002516
        5.446000           0.361929E-5        1.002659           0.324015E-5        1.002516
        5.448000           0.361948E-5        1.002659           0.324031E-5        1.002516
        5.450000           0.361968E-5        1.002659           0.324048E-5        1.002516
        5.452000           0.361988E-5        1.002659           0.324065E-5        1.002516
        5.454000           0.362008E-5        1.002659           0.324081E-5        1.002516
        5.455999           0.362027E-5        1.002659           0.324098E-5        1.002516
        5.458000           0.362047E-5        1.002660           0.324115E-5        1.002516
        5.460000           0.362067E-5        1.002660           0.324131E-5        1.002516
        5.461999           0.362086E-5        1.002660           0.324148E-5        1.002517
        5.464000           0.362106E-5        1.002660           0.324165E-5        1.002517
        5.466000           0.362126E-5        1.002660           0.324182E-5        1.002517
        5.468000           0.362146E-5        1.002660           0.324198E-5        1.002517
        5.470000           0.362165E-5        1.002660           0.324215E-5        1.002517
        5.472000           0.362185E-5        1.002660           0.324232E-5        1.002517
        5.474000           0.362205E-5        1.002660           0.324248E-5        1.002517
        5.475999           0.362225E-5        1.002660           0.324265E-5        1.002517
        5.478000           0.362244E-5        1.002660           0.324282E-5        1.002517
        5.480000           0.362264E-5        1.002660           0.324299E-5        1.002517
        5.482000           0.362284E-5        1.002660           0.324315E-5        1.002517
        5.484000           0.362304E-5        1.002661           0.324332E-5        1.002517
        5.486000           0.362323E-5        1.002661           0.324349E-5        1.002517
        5.488000           0.362343E-5        1.002661           0.324366E-5        1.002517
        5.489999           0.362363E-5        1.002661           0.324382E-5        1.002517
        5.492000           0.362383E-5        1.002661           0.324399E-5        1.002517
        5.493999           0.362402E-5        1.002661           0.324416E-5        1.002518
        5.495999           0.362422E-5        1.002661           0.324433E-5        1.002518
        5.498000           0.362442E-5        1.002661           0.324449E-5        1.002518
        5.500000           0.362462E-5        1.002661           0.324466E-5        1.002518
        5.502000           0.362481E-5        1.002661           0.324483E-5        1.002518
        5.504000           0.362501E-5        1.002661           0.324500E-5        1.002518
        5.506000           0.362521E-5        1.002661           0.324516E-5        1.002518
        5.507999           0.362541E-5        1.002661           0.324533E-5        1.002518
        5.509999           0.362561E-5        1.002661           0.324550E-5        1.002518
        5.512000           0.362580E-5        1.002662           0.324567E-5        1.002518
        5.513999           0.362600E-5        1.002662           0.324583E-5        1.002518
        5.516000           0.362620E-5        1.002662           0.324600E-5        1.002518
        5.518000           0.362640E-5        1.002662           0.324617E-5        1.002518
        5.520000           0.362659E-5        1.002662           0.324634E-5        1.002518
        5.522000           0.362679E-5        1.002662           0.324650E-5        1.002518
        5.524000           0.362699E-5        1.002662           0.324667E-5        1.002519
        5.526000           0.362719E-5        1.002662           0.324684E-5        1.002519
        5.527999           0.362739E-5        1.002662           0.324701E-5        1.002519
        5.529999           0.362758E-5        1.002662           0.324717E-5        1.002519
        5.532000           0.362778E-5        1.002662           0.324734E-5        1.002519
        5.533999           0.362798E-5        1.002662           0.324751E-5        1.002519
        5.536000           0.362818E-5        1.002662           0.324768E-5        1.002519
        5.538000           0.362837E-5        1.002662           0.324784E-5        1.002519
        5.539999           0.362857E-5        1.002663           0.324801E-5        1.002519
        5.542000           0.362877E-5        1.002663           0.324818E-5        1.002519
        5.544000           0.362897E-5        1.002663           0.324835E-5        1.002519
        5.546000           0.362917E-5        1.002663           0.324851E-5        1.002519
        5.547999           0.362937E-5        1.002663           0.324868E-5        1.002519
        5.550000           0.362956E-5        1.002663           0.324885E-5        1.002519
        5.552000           0.362976E-5        1.002663           0.324902E-5        1.002519
        5.553999           0.362996E-5        1.002663           0.324919E-5        1.002519
        5.556000           0.363016E-5        1.002663           0.324935E-5        1.002520
        5.558000           0.363036E-5        1.002663           0.324952E-5        1.002520
        5.560000           0.363055E-5        1.002663           0.324969E-5        1.002520
        5.562000           0.363075E-5        1.002663           0.324986E-5        1.002520
        5.564000           0.363095E-5        1.002663           0.325002E-5        1.002520
        5.566000           0.363115E-5        1.002663           0.325019E-5        1.002520
        5.567999           0.363135E-5        1.002664           0.325036E-5        1.002520
        5.570000           0.363154E-5        1.002664           0.325053E-5        1.002520
        5.572000           0.363174E-5        1.002664           0.325070E-5        1.002520
        5.573999           0.363194E-5        1.002664           0.325086E-5        1.002520
        5.576000           0.363214E-5        1.002664           0.325103E-5        1.002520
        5.578000           0.363234E-5        1.002664           0.325120E-5        1.002520
        5.580000           0.363254E-5        1.002664           0.325137E-5        1.002520
        5.582000           0.363273E-5        1.002664           0.325153E-5        1.002520
        5.584000           0.363293E-5        1.002664           0.325170E-5        1.002520
        5.585999           0.363313E-5        1.002664           0.325187E-5        1.002521
        5.587999           0.363333E-5        1.002664           0.325204E-5        1.002521
        5.590000           0.363353E-5        1.002664           0.325221E-5        1.002521
        5.592000           0.363373E-5        1.002664           0.325238E-5        1.002521
        5.594000           0.363392E-5        1.002664           0.325254E-5        1.002521
        5.596000           0.363412E-5        1.002665           0.325271E-5        1.002521
        5.598000           0.363432E-5        1.002665           0.325288E-5        1.002521
        5.600000           0.363452E-5        1.002665           0.325305E-5        1.002521
        5.601999           0.363472E-5        1.002665           0.325322E-5        1.002521
        5.604000           0.363492E-5        1.002665           0.325338E-5        1.002521
        5.605999           0.363512E-5        1.002665           0.325355E-5        1.002521
        5.607999           0.363531E-5        1.002665           0.325372E-5        1.002521
        5.610000           0.363551E-5        1.002665           0.325389E-5        1.002521
        5.612000           0.363571E-5        1.002665           0.325406E-5        1.002521
        5.614000           0.363591E-5        1.002665           0.325422E-5        1.002521
        5.616000           0.363611E-5        1.002665           0.325439E-5        1.002522
        5.618000           0.363631E-5        1.002665           0.325456E-5        1.002522
        5.619999           0.363651E-5        1.002665           0.325473E-5        1.002522
        5.621999           0.363670E-5        1.002666           0.325490E-5        1.002522
        5.624000           0.363690E-5        1.002666           0.325506E-5        1.002522
        5.625999           0.363710E-5        1.002666           0.325523E-5        1.002522
        5.628000           0.363730E-5        1.002666           0.325540E-5        1.002522
        5.630000           0.363750E-5        1.002666           0.325557E-5        1.002522
        5.631999           0.363770E-5        1.002666           0.325574E-5        1.002522
        5.634000           0.363790E-5        1.002666           0.325591E-5        1.002522
        5.636000           0.363810E-5        1.002666           0.325607E-5        1.002522
        5.638000           0.363829E-5        1.002666           0.325624E-5        1.002522
        5.639999           0.363849E-5        1.002666           0.325641E-5        1.002522
        5.641999           0.363869E-5        1.002666           0.325658E-5        1.002522
        5.644000           0.363889E-5        1.002666           0.325675E-5        1.002522
        5.645999           0.363909E-5        1.002666           0.325692E-5        1.002522
        5.648000           0.363929E-5        1.002666           0.325708E-5        1.002523
        5.650000           0.363949E-5        1.002667           0.325725E-5        1.002523
        5.651999           0.363969E-5        1.002667           0.325742E-5        1.002523
        5.654000           0.363988E-5        1.002667           0.325759E-5        1.002523
        5.656000           0.364008E-5        1.002667           0.325776E-5        1.002523
        5.658000           0.364028E-5        1.002667           0.325793E-5        1.002523
        5.659999           0.364048E-5        1.002667           0.325810E-5        1.002523
        5.662000           0.364068E-5        1.002667           0.325826E-5        1.002523
        5.664000           0.364088E-5        1.002667           0.325843E-5        1.002523
        5.665999           0.364108E-5        1.002667           0.325860E-5        1.002523
        5.668000           0.364128E-5        1.002667           0.325877E-5        1.002523
        5.670000           0.364148E-5        1.002667           0.325894E-5        1.002523
        5.672000           0.364168E-5        1.002667           0.325911E-5        1.002523
        5.674000           0.364187E-5        1.002667           0.325927E-5        1.002523
        5.676000           0.364207E-5        1.002668           0.325944E-5        1.002523
        5.677999           0.364227E-5        1.002668           0.325961E-5        1.002524
        5.679999           0.364247E-5        1.002668           0.325978E-5        1.002524
        5.682000           0.364267E-5        1.002668           0.325995E-5        1.002524
        5.684000           0.364287E-5        1.002668           0.326012E-5        1.002524
        5.685999           0.364307E-5        1.002668           0.326029E-5        1.002524
        5.688000           0.364327E-5        1.002668           0.326046E-5        1.002524
        5.690000           0.364347E-5        1.002668           0.326062E-5        1.002524
        5.692000           0.364367E-5        1.002668           0.326079E-5        1.002524
        5.694000           0.364387E-5        1.002668           0.326096E-5        1.002524
        5.696000           0.364407E-5        1.002668           0.326113E-5        1.002524
        5.697999           0.364426E-5        1.002668           0.326130E-5        1.002524
        5.699999           0.364446E-5        1.002668           0.326147E-5        1.002524
        5.702000           0.364466E-5        1.002668           0.326164E-5        1.002524
        5.704000           0.364486E-5        1.002668           0.326180E-5        1.002524
        5.706000           0.364506E-5        1.002669           0.326197E-5        1.002524
        5.708000           0.364526E-5        1.002669           0.326214E-5        1.002524
        5.710000           0.364546E-5        1.002669           0.326231E-5        1.002525
        5.712000           0.364566E-5        1.002669           0.326248E-5        1.002525
        5.713999           0.364586E-5        1.002669           0.326265E-5        1.002525
        5.716000           0.364606E-5        1.002669           0.326282E-5        1.002525
        5.717999           0.364626E-5        1.002669           0.326299E-5        1.002525
        5.719999           0.364646E-5        1.002669           0.326315E-5        1.002525
        5.722000           0.364666E-5        1.002669           0.326332E-5        1.002525
        5.724000           0.364686E-5        1.002669           0.326349E-5        1.002525
        5.726000           0.364706E-5        1.002669           0.326366E-5        1.002525
        5.728000           0.364726E-5        1.002669           0.326383E-5        1.002525
        5.730000           0.364745E-5        1.002669           0.326400E-5        1.002525
        5.731999           0.364766E-5        1.002670           0.326417E-5        1.002525
        5.733999           0.364785E-5        1.002670           0.326434E-5        1.002525
        5.736000           0.364805E-5        1.002670           0.326451E-5        1.002525
        5.737999           0.364825E-5        1.002670           0.326468E-5        1.002525
        5.740000           0.364845E-5        1.002670           0.326484E-5        1.002526
        5.742000           0.364865E-5        1.002670           0.326501E-5        1.002526
        5.743999           0.364885E-5        1.002670           0.326518E-5        1.002526
        5.746000           0.364905E-5        1.002670           0.326535E-5        1.002526
        5.748000           0.364925E-5        1.002670           0.326552E-5        1.002526
        5.750000           0.364945E-5        1.002670           0.326569E-5        1.002526
        5.751999           0.364965E-5        1.002670           0.326586E-5        1.002526
        5.753999           0.364985E-5        1.002670           0.326603E-5        1.002526
        5.756000           0.365005E-5        1.002670           0.326620E-5        1.002526
        5.757999           0.365025E-5        1.002671           0.326637E-5        1.002526
        5.760000           0.365045E-5        1.002671           0.326653E-5        1.002526
        5.762000           0.365065E-5        1.002671           0.326670E-5        1.002526
        5.763999           0.365085E-5        1.002671           0.326687E-5        1.002526
        5.766000           0.365105E-5        1.002671           0.326704E-5        1.002526
        5.768000           0.365125E-5        1.002671           0.326721E-5        1.002527
        5.770000           0.365145E-5        1.002671           0.326738E-5        1.002527
        5.771999           0.365165E-5        1.002671           0.326755E-5        1.002527
        5.774000           0.365185E-5        1.002671           0.326772E-5        1.002527
        5.776000           0.365205E-5        1.002671           0.326789E-5        1.002527
        5.777999           0.365225E-5        1.002671           0.326806E-5        1.002527
        5.780000           0.365245E-5        1.002671           0.326823E-5        1.002527
        5.782000           0.365265E-5        1.002671           0.326840E-5        1.002527
        5.784000           0.365285E-5        1.002671           0.326856E-5        1.002527
        5.786000           0.365305E-5        1.002671           0.326873E-5        1.002527
        5.788000           0.365325E-5        1.002672           0.326890E-5        1.002527
        5.789999           0.365345E-5        1.002672           0.326907E-5        1.002527
        5.791999           0.365365E-5        1.002672           0.326924E-5        1.002527
        5.794000           0.365385E-5        1.002672           0.326941E-5        1.002527
        5.796000           0.365405E-5        1.002672           0.326958E-5        1.002527
        5.797999           0.365425E-5        1.002672           0.326975E-5        1.002527
        5.800000           0.365445E-5        1.002672           0.326992E-5        1.002527
        5.802000           0.365465E-5        1.002672           0.327009E-5        1.002528
        5.804000           0.365485E-5        1.002672           0.327026E-5        1.002528
        5.806000           0.365505E-5        1.002672           0.327043E-5        1.002528
        5.808000           0.365525E-5        1.002672           0.327060E-5        1.002528
        5.809999           0.365545E-5        1.002672           0.327077E-5        1.002528
        5.811999           0.365565E-5        1.002672           0.327094E-5        1.002528
        5.814000           0.365585E-5        1.002673           0.327111E-5        1.002528
        5.816000           0.365605E-5        1.002673           0.327128E-5        1.002528
        5.818000           0.365625E-5        1.002673           0.327144E-5        1.002528
        5.820000           0.365645E-5        1.002673           0.327161E-5        1.002528
        5.822000           0.365665E-5        1.002673           0.327178E-5        1.002528
        5.824000           0.365685E-5        1.002673           0.327195E-5        1.002528
        5.825999           0.365705E-5        1.002673           0.327212E-5        1.002528
        5.828000           0.365725E-5        1.002673           0.327229E-5        1.002528
        5.829999           0.365745E-5        1.002673           0.327246E-5        1.002529
        5.831999           0.365765E-5        1.002673           0.327263E-5        1.002529
        5.834000           0.365785E-5        1.002673           0.327280E-5        1.002529
        5.835999           0.365805E-5        1.002673           0.327297E-5        1.002529
        5.838000           0.365825E-5        1.002673           0.327314E-5        1.002529
        5.840000           0.365845E-5        1.002674           0.327331E-5        1.002529
        5.842000           0.365865E-5        1.002674           0.327348E-5        1.002529
        5.843999           0.365886E-5        1.002674           0.327365E-5        1.002529
        5.845999           0.365906E-5        1.002674           0.327382E-5        1.002529
        5.848000           0.365926E-5        1.002674           0.327399E-5        1.002529
        5.849999           0.365946E-5        1.002674           0.327416E-5        1.002529
        5.852000           0.365966E-5        1.002674           0.327433E-5        1.002529
        5.854000           0.365986E-5        1.002674           0.327450E-5        1.002529
        5.855999           0.366006E-5        1.002674           0.327467E-5        1.002529
        5.858000           0.366026E-5        1.002674           0.327484E-5        1.002529
        5.860000           0.366046E-5        1.002674           0.327501E-5        1.002530
        5.862000           0.366066E-5        1.002674           0.327518E-5        1.002530
        5.863999           0.366086E-5        1.002674           0.327535E-5        1.002530
        5.865999           0.366106E-5        1.002674           0.327552E-5        1.002530
        5.868000           0.366126E-5        1.002674           0.327569E-5        1.002530
        5.869999           0.366146E-5        1.002675           0.327586E-5        1.002530
        5.872000           0.366166E-5        1.002675           0.327603E-5        1.002530
        5.874000           0.366186E-5        1.002675           0.327619E-5        1.002530
        5.875999           0.366206E-5        1.002675           0.327637E-5        1.002530
        5.878000           0.366227E-5        1.002675           0.327654E-5        1.002530
        5.880000           0.366247E-5        1.002675           0.327670E-5        1.002530
        5.881999           0.366267E-5        1.002675           0.327688E-5        1.002530
        5.883999           0.366287E-5        1.002675           0.327705E-5        1.002530
        5.886000           0.366307E-5        1.002675           0.327721E-5        1.002530
        5.888000           0.366327E-5        1.002675           0.327739E-5        1.002530
        5.889999           0.366347E-5        1.002675           0.327756E-5        1.002530
        5.892000           0.366367E-5        1.002675           0.327772E-5        1.002531
        5.894000           0.366387E-5        1.002675           0.327789E-5        1.002531
        5.896000           0.366407E-5        1.002676           0.327807E-5        1.002531
        5.898000           0.366427E-5        1.002676           0.327824E-5        1.002531
        5.900000           0.366447E-5        1.002676           0.327840E-5        1.002531
        5.901999           0.366468E-5        1.002676           0.327857E-5        1.002531
        5.903999           0.366488E-5        1.002676           0.327874E-5        1.002531
        5.906000           0.366508E-5        1.002676           0.327891E-5        1.002531
        5.908000           0.366528E-5        1.002676           0.327908E-5        1.002531
        5.909999           0.366548E-5        1.002676           0.327926E-5        1.002531
        5.912000           0.366568E-5        1.002676           0.327943E-5        1.002531
        5.914000           0.366588E-5        1.002676           0.327960E-5        1.002531
        5.916000           0.366608E-5        1.002676           0.327977E-5        1.002531
        5.918000           0.366628E-5        1.002676           0.327994E-5        1.002531
        5.920000           0.366648E-5        1.002676           0.328011E-5        1.002531
        5.921999           0.366669E-5        1.002676           0.328028E-5        1.002532
        5.923999           0.366689E-5        1.002677           0.328045E-5        1.002532
        5.926000           0.366709E-5        1.002677           0.328062E-5        1.002532
        5.927999           0.366729E-5        1.002677           0.328079E-5        1.002532
        5.930000           0.366749E-5        1.002677           0.328096E-5        1.002532
        5.932000           0.366769E-5        1.002677           0.328113E-5        1.002532
        5.934000           0.366789E-5        1.002677           0.328130E-5        1.002532
        5.936000           0.366809E-5        1.002677           0.328147E-5        1.002532
        5.938000           0.366830E-5        1.002677           0.328164E-5        1.002532
        5.940000           0.366850E-5        1.002677           0.328181E-5        1.002532
        5.941999           0.366870E-5        1.002677           0.328198E-5        1.002532
        5.943999           0.366890E-5        1.002677           0.328215E-5        1.002532
        5.946000           0.366910E-5        1.002677           0.328232E-5        1.002532
        5.947999           0.366930E-5        1.002677           0.328249E-5        1.002532
        5.950000           0.366950E-5        1.002678           0.328266E-5        1.002532
        5.952000           0.366970E-5        1.002678           0.328283E-5        1.002532
        5.954000           0.366991E-5        1.002678           0.328300E-5        1.002533
        5.955999           0.367011E-5        1.002678           0.328317E-5        1.002533
        5.957999           0.367031E-5        1.002678           0.328334E-5        1.002533
        5.960000           0.367051E-5        1.002678           0.328351E-5        1.002533
        5.961999           0.367071E-5        1.002678           0.328368E-5        1.002533
        5.964000           0.367091E-5        1.002678           0.328385E-5        1.002533
        5.966000           0.367111E-5        1.002678           0.328402E-5        1.002533
        5.967999           0.367132E-5        1.002678           0.328419E-5        1.002533
        5.970000           0.367152E-5        1.002678           0.328436E-5        1.002533
        5.972000           0.367172E-5        1.002678           0.328453E-5        1.002533
        5.974000           0.367192E-5        1.002678           0.328470E-5        1.002533
        5.975999           0.367212E-5        1.002679           0.328488E-5        1.002533
        5.977999           0.367232E-5        1.002679           0.328505E-5        1.002533
        5.980000           0.367252E-5        1.002679           0.328522E-5        1.002533
        5.981999           0.367273E-5        1.002679           0.328539E-5        1.002533
        5.984000           0.367293E-5        1.002679           0.328556E-5        1.002534
        5.986000           0.367313E-5        1.002679           0.328573E-5        1.002534
        5.987999           0.367333E-5        1.002679           0.328590E-5        1.002534
        5.990000           0.367353E-5        1.002679           0.328607E-5        1.002534
        5.992000           0.367373E-5        1.002679           0.328624E-5        1.002534
        5.993999           0.367394E-5        1.002679           0.328641E-5        1.002534
        5.995999           0.367414E-5        1.002679           0.328658E-5        1.002534
        5.998000           0.367434E-5        1.002679           0.328675E-5        1.002534
        6.000000           0.367454E-5        1.002679           0.328692E-5        1.002534
        6.001999           0.367474E-5        1.002679           0.328709E-5        1.002534
        6.004000           0.367495E-5        1.002679           0.328726E-5        1.002534
        6.006000           0.367515E-5        1.002680           0.328744E-5        1.002534
        6.008000           0.367535E-5        1.002680           0.328761E-5        1.002534
        6.010000           0.367555E-5        1.002680           0.328778E-5        1.002534
        6.012000           0.367575E-5        1.002680           0.328795E-5        1.002535
        6.013999           0.367595E-5        1.002680           0.328812E-5        1.002535
        6.015999           0.367616E-5        1.002680           0.328829E-5        1.002535
        6.018000           0.367636E-5        1.002680           0.328846E-5        1.002535
        6.020000           0.367656E-5        1.002680           0.328863E-5        1.002535
        6.021999           0.367676E-5        1.002680           0.328880E-5        1.002535
        6.024000           0.367696E-5        1.002680           0.328897E-5        1.002535
        6.026000           0.367717E-5        1.002680           0.328914E-5        1.002535
        6.028000           0.367737E-5        1.002680           0.328931E-5        1.002535
        6.030000           0.367757E-5        1.002680           0.328949E-5        1.002535
        6.032000           0.367777E-5        1.002681           0.328966E-5        1.002535
        6.033999           0.367797E-5        1.002681           0.328983E-5        1.002535
        6.035999           0.367818E-5        1.002681           0.329000E-5        1.002535
        6.038000           0.367838E-5        1.002681           0.329017E-5        1.002535
        6.039999           0.367858E-5        1.002681           0.329034E-5        1.002535
        6.042000           0.367878E-5        1.002681           0.329051E-5        1.002535
        6.044000           0.367899E-5        1.002681           0.329068E-5        1.002535
        6.046000           0.367919E-5        1.002681           0.329085E-5        1.002536
        6.048000           0.367939E-5        1.002681           0.329102E-5        1.002536
        6.050000           0.367959E-5        1.002681           0.329120E-5        1.002536
        6.052000           0.367979E-5        1.002681           0.329137E-5        1.002536
        6.053999           0.367999E-5        1.002681           0.329154E-5        1.002536
        6.055999           0.368020E-5        1.002681           0.329171E-5        1.002536
        6.058000           0.368040E-5        1.002681           0.329188E-5        1.002536
        6.059999           0.368060E-5        1.002681           0.329205E-5        1.002536
        6.062000           0.368080E-5        1.002682           0.329222E-5        1.002536
        6.064000           0.368101E-5        1.002682           0.329239E-5        1.002536
        6.066000           0.368121E-5        1.002682           0.329256E-5        1.002536
        6.068000           0.368141E-5        1.002682           0.329273E-5        1.002536
        6.069999           0.368161E-5        1.002682           0.329291E-5        1.002536
        6.072000           0.368182E-5        1.002682           0.329308E-5        1.002536
        6.073999           0.368202E-5        1.002682           0.329325E-5        1.002537
        6.076000           0.368222E-5        1.002682           0.329342E-5        1.002537
        6.078000           0.368242E-5        1.002682           0.329359E-5        1.002537
        6.079999           0.368263E-5        1.002682           0.329376E-5        1.002537
        6.082000           0.368283E-5        1.002682           0.329393E-5        1.002537
        6.084000           0.368303E-5        1.002682           0.329410E-5        1.002537
        6.085999           0.368323E-5        1.002682           0.329428E-5        1.002537
        6.087999           0.368344E-5        1.002683           0.329445E-5        1.002537
        6.089999           0.368364E-5        1.002683           0.329462E-5        1.002537
        6.092000           0.368384E-5        1.002683           0.329479E-5        1.002537
        6.093999           0.368404E-5        1.002683           0.329496E-5        1.002537
        6.096000           0.368425E-5        1.002683           0.329513E-5        1.002537
        6.098000           0.368445E-5        1.002683           0.329530E-5        1.002537
        6.099999           0.368465E-5        1.002683           0.329548E-5        1.002537
        6.102000           0.368485E-5        1.002683           0.329565E-5        1.002537
        6.104000           0.368506E-5        1.002683           0.329582E-5        1.002537
        6.105999           0.368526E-5        1.002683           0.329599E-5        1.002538
        6.107999           0.368546E-5        1.002683           0.329616E-5        1.002538
        6.110000           0.368566E-5        1.002683           0.329633E-5        1.002538
        6.112000           0.368587E-5        1.002684           0.329650E-5        1.002538
        6.113999           0.368607E-5        1.002684           0.329668E-5        1.002538
        6.116000           0.368627E-5        1.002684           0.329685E-5        1.002538
        6.118000           0.368648E-5        1.002684           0.329702E-5        1.002538
        6.120000           0.368668E-5        1.002684           0.329719E-5        1.002538
        6.122000           0.368688E-5        1.002684           0.329736E-5        1.002538
        6.124000           0.368708E-5        1.002684           0.329753E-5        1.002538
        6.125999           0.368729E-5        1.002684           0.329770E-5        1.002538
        6.127999           0.368749E-5        1.002684           0.329788E-5        1.002538
        6.130000           0.368769E-5        1.002684           0.329805E-5        1.002538
        6.131999           0.368789E-5        1.002684           0.329822E-5        1.002538
        6.133999           0.368810E-5        1.002684           0.329839E-5        1.002538
        6.136000           0.368830E-5        1.002684           0.329856E-5        1.002539
        6.138000           0.368850E-5        1.002684           0.329873E-5        1.002539
        6.140000           0.368871E-5        1.002684           0.329891E-5        1.002539
        6.142000           0.368891E-5        1.002685           0.329908E-5        1.002539
        6.144000           0.368911E-5        1.002685           0.329925E-5        1.002539
        6.145999           0.368931E-5        1.002685           0.329942E-5        1.002539
        6.147999           0.368952E-5        1.002685           0.329959E-5        1.002539
        6.150000           0.368972E-5        1.002685           0.329976E-5        1.002539
        6.151999           0.368992E-5        1.002685           0.329994E-5        1.002539
        6.154000           0.369013E-5        1.002685           0.330011E-5        1.002539
        6.156000           0.369033E-5        1.002685           0.330028E-5        1.002539
        6.158000           0.369053E-5        1.002685           0.330045E-5        1.002539
        6.160000           0.369074E-5        1.002685           0.330062E-5        1.002539
        6.162000           0.369094E-5        1.002685           0.330079E-5        1.002539
        6.164000           0.369114E-5        1.002685           0.330097E-5        1.002540
        6.165999           0.369135E-5        1.002685           0.330114E-5        1.002540
        6.167999           0.369155E-5        1.002686           0.330131E-5        1.002540
        6.170000           0.369175E-5        1.002686           0.330148E-5        1.002540
        6.171999           0.369196E-5        1.002686           0.330165E-5        1.002540
        6.174000           0.369216E-5        1.002686           0.330183E-5        1.002540
        6.176000           0.369236E-5        1.002686           0.330200E-5        1.002540
        6.177999           0.369257E-5        1.002686           0.330217E-5        1.002540
        6.180000           0.369277E-5        1.002686           0.330234E-5        1.002540
        6.181999           0.369297E-5        1.002686           0.330251E-5        1.002540
        6.184000           0.369317E-5        1.002686           0.330268E-5        1.002540
        6.185999           0.369338E-5        1.002686           0.330286E-5        1.002540
        6.188000           0.369358E-5        1.002686           0.330303E-5        1.002540
        6.190000           0.369378E-5        1.002686           0.330320E-5        1.002540
        6.191999           0.369399E-5        1.002686           0.330337E-5        1.002540
        6.194000           0.369419E-5        1.002687           0.330354E-5        1.002540
        6.196000           0.369439E-5        1.002687           0.330372E-5        1.002541
        6.198000           0.369460E-5        1.002687           0.330389E-5        1.002541
        6.199999           0.369480E-5        1.002687           0.330406E-5        1.002541
        6.201999           0.369501E-5        1.002687           0.330423E-5        1.002541
        6.204000           0.369521E-5        1.002687           0.330440E-5        1.002541
        6.205999           0.369541E-5        1.002687           0.330458E-5        1.002541
        6.208000           0.369562E-5        1.002687           0.330475E-5        1.002541
        6.210000           0.369582E-5        1.002687           0.330492E-5        1.002541
        6.211999           0.369602E-5        1.002687           0.330509E-5        1.002541
        6.214000           0.369623E-5        1.002687           0.330527E-5        1.002541
        6.216000           0.369643E-5        1.002687           0.330544E-5        1.002541
        6.217999           0.369663E-5        1.002687           0.330561E-5        1.002541
        6.219999           0.369684E-5        1.002687           0.330578E-5        1.002541
        6.222000           0.369704E-5        1.002688           0.330595E-5        1.002541
        6.224000           0.369724E-5        1.002688           0.330613E-5        1.002541
        6.225999           0.369745E-5        1.002688           0.330630E-5        1.002542
        6.228000           0.369765E-5        1.002688           0.330647E-5        1.002542
        6.230000           0.369786E-5        1.002688           0.330664E-5        1.002542
        6.232000           0.369806E-5        1.002688           0.330681E-5        1.002542
        6.234000           0.369826E-5        1.002688           0.330699E-5        1.002542
        6.236000           0.369847E-5        1.002688           0.330716E-5        1.002542
        6.237999           0.369867E-5        1.002688           0.330733E-5        1.002542
        6.239999           0.369887E-5        1.002688           0.330750E-5        1.002542
        6.242000           0.369908E-5        1.002688           0.330768E-5        1.002542
        6.243999           0.369928E-5        1.002688           0.330785E-5        1.002542
        6.245999           0.369948E-5        1.002688           0.330802E-5        1.002542
        6.248000           0.369969E-5        1.002689           0.330819E-5        1.002542
        6.250000           0.369989E-5        1.002689           0.330837E-5        1.002542
        6.252000           0.370010E-5        1.002689           0.330854E-5        1.002542
        6.254000           0.370030E-5        1.002689           0.330871E-5        1.002542
        6.256000           0.370050E-5        1.002689           0.330888E-5        1.002542
        6.257999           0.370071E-5        1.002689           0.330906E-5        1.002543
        6.259999           0.370091E-5        1.002689           0.330923E-5        1.002543
        6.262000           0.370112E-5        1.002689           0.330940E-5        1.002543
        6.263999           0.370132E-5        1.002689           0.330957E-5        1.002543
        6.266000           0.370152E-5        1.002689           0.330975E-5        1.002543
        6.268000           0.370173E-5        1.002689           0.330992E-5        1.002543
        6.270000           0.370193E-5        1.002689           0.331009E-5        1.002543
        6.272000           0.370214E-5        1.002689           0.331026E-5        1.002543
        6.274000           0.370234E-5        1.002689           0.331044E-5        1.002543
        6.276000           0.370254E-5        1.002689           0.331061E-5        1.002543
        6.277999           0.370275E-5        1.002690           0.331078E-5        1.002543
        6.279999           0.370295E-5        1.002690           0.331095E-5        1.002543
        6.282000           0.370316E-5        1.002690           0.331113E-5        1.002543
        6.283999           0.370336E-5        1.002690           0.331130E-5        1.002543
        6.286000           0.370356E-5        1.002690           0.331147E-5        1.002543
        6.288000           0.370377E-5        1.002690           0.331164E-5        1.002544
        6.289999           0.370397E-5        1.002690           0.331182E-5        1.002544
        6.292000           0.370418E-5        1.002690           0.331199E-5        1.002544
        6.293999           0.370438E-5        1.002690           0.331216E-5        1.002544
        6.296000           0.370459E-5        1.002690           0.331233E-5        1.002544
        6.297999           0.370479E-5        1.002690           0.331251E-5        1.002544
        6.300000           0.370499E-5        1.002690           0.331268E-5        1.002544
        6.302000           0.370520E-5        1.002690           0.331285E-5        1.002544
        6.303999           0.370540E-5        1.002691           0.331302E-5        1.002544
        6.306000           0.370561E-5        1.002691           0.331320E-5        1.002544
        6.308000           0.370581E-5        1.002691           0.331337E-5        1.002544
        6.310000           0.370602E-5        1.002691           0.331354E-5        1.002544
        6.311999           0.370622E-5        1.002691           0.331372E-5        1.002544
        6.313999           0.370642E-5        1.002691           0.331389E-5        1.002544
        6.316000           0.370663E-5        1.002691           0.331406E-5        1.002545
        6.317999           0.370683E-5        1.002691           0.331423E-5        1.002545
        6.320000           0.370704E-5        1.002691           0.331441E-5        1.002545
        6.322000           0.370724E-5        1.002691           0.331458E-5        1.002545
        6.323999           0.370745E-5        1.002691           0.331475E-5        1.002545
        6.326000           0.370765E-5        1.002691           0.331493E-5        1.002545
        6.328000           0.370786E-5        1.002691           0.331510E-5        1.002545
        6.329999           0.370806E-5        1.002692           0.331527E-5        1.002545
        6.331999           0.370827E-5        1.002692           0.331544E-5        1.002545
        6.334000           0.370847E-5        1.002692           0.331562E-5        1.002545
        6.335999           0.370867E-5        1.002692           0.331579E-5        1.002545
        6.337999           0.370888E-5        1.002692           0.331596E-5        1.002545
        6.340000           0.370908E-5        1.002692           0.331614E-5        1.002545
        6.342000           0.370929E-5        1.002692           0.331631E-5        1.002545
        6.344000           0.370949E-5        1.002692           0.331648E-5        1.002545
        6.346000           0.370970E-5        1.002692           0.331666E-5        1.002545
        6.348000           0.370990E-5        1.002692           0.331683E-5        1.002546
        6.349999           0.371011E-5        1.002692           0.331700E-5        1.002546
        6.351999           0.371031E-5        1.002692           0.331717E-5        1.002546
        6.354000           0.371052E-5        1.002692           0.331735E-5        1.002546
        6.355999           0.371072E-5        1.002692           0.331752E-5        1.002546
        6.357999           0.371093E-5        1.002693           0.331769E-5        1.002546
        6.360000           0.371113E-5        1.002693           0.331787E-5        1.002546
        6.362000           0.371134E-5        1.002693           0.331804E-5        1.002546
        6.364000           0.371154E-5        1.002693           0.331821E-5        1.002546
        6.366000           0.371174E-5        1.002693           0.331839E-5        1.002546
        6.368000           0.371195E-5        1.002693           0.331856E-5        1.002546
        6.369999           0.371215E-5        1.002693           0.331873E-5        1.002546
        6.371999           0.371236E-5        1.002693           0.331891E-5        1.002546
        6.374000           0.371256E-5        1.002693           0.331908E-5        1.002546
        6.375999           0.371277E-5        1.002693           0.331925E-5        1.002547
        6.378000           0.371297E-5        1.002693           0.331943E-5        1.002547
        6.380000           0.371318E-5        1.002693           0.331960E-5        1.002547
        6.381999           0.371338E-5        1.002693           0.331977E-5        1.002547
        6.384000           0.371359E-5        1.002694           0.331995E-5        1.002547
        6.386000           0.371379E-5        1.002694           0.332012E-5        1.002547
        6.388000           0.371400E-5        1.002694           0.332029E-5        1.002547
        6.389999           0.371420E-5        1.002694           0.332047E-5        1.002547
        6.391999           0.371441E-5        1.002694           0.332064E-5        1.002547
        6.394000           0.371461E-5        1.002694           0.332081E-5        1.002547
        6.395999           0.371482E-5        1.002694           0.332099E-5        1.002547
        6.398000           0.371502E-5        1.002694           0.332116E-5        1.002547
        6.400000           0.371523E-5        1.002694           0.332133E-5        1.002547
        6.401999           0.371543E-5        1.002694           0.332151E-5        1.002547
        6.404000           0.371564E-5        1.002694           0.332168E-5        1.002547
        6.405999           0.371584E-5        1.002694           0.332185E-5        1.002548
        6.408000           0.371605E-5        1.002694           0.332203E-5        1.002548
        6.409999           0.371626E-5        1.002694           0.332220E-5        1.002548
        6.412000           0.371646E-5        1.002695           0.332237E-5        1.002548
        6.414000           0.371667E-5        1.002695           0.332255E-5        1.002548
        6.415999           0.371687E-5        1.002695           0.332272E-5        1.002548
        6.418000           0.371708E-5        1.002695           0.332289E-5        1.002548
        6.420000           0.371728E-5        1.002695           0.332307E-5        1.002548
        6.422000           0.371749E-5        1.002695           0.332324E-5        1.002548
        6.423999           0.371769E-5        1.002695           0.332341E-5        1.002548
        6.425999           0.371790E-5        1.002695           0.332359E-5        1.002548
        6.427999           0.371810E-5        1.002695           0.332376E-5        1.002548
        6.429999           0.371831E-5        1.002695           0.332393E-5        1.002548
        6.432000           0.371851E-5        1.002695           0.332411E-5        1.002548
        6.434000           0.371872E-5        1.002695           0.332428E-5        1.002548
        6.435999           0.371892E-5        1.002695           0.332446E-5        1.002548
        6.438000           0.371913E-5        1.002696           0.332463E-5        1.002549
        6.440000           0.371934E-5        1.002696           0.332480E-5        1.002549
        6.441999           0.371954E-5        1.002696           0.332498E-5        1.002549
        6.443999           0.371975E-5        1.002696           0.332515E-5        1.002549
        6.446000           0.371995E-5        1.002696           0.332532E-5        1.002549
        6.447999           0.372016E-5        1.002696           0.332550E-5        1.002549
        6.449999           0.372036E-5        1.002696           0.332567E-5        1.002549
        6.452000           0.372057E-5        1.002696           0.332584E-5        1.002549
        6.454000           0.372077E-5        1.002696           0.332602E-5        1.002549
        6.456000           0.372098E-5        1.002696           0.332619E-5        1.002549
        6.458000           0.372118E-5        1.002696           0.332637E-5        1.002549
        6.460000           0.372139E-5        1.002696           0.332654E-5        1.002549
        6.461999           0.372160E-5        1.002696           0.332671E-5        1.002549
        6.463999           0.372180E-5        1.002697           0.332689E-5        1.002549
        6.466000           0.372201E-5        1.002697           0.332706E-5        1.002550
        6.467999           0.372221E-5        1.002697           0.332724E-5        1.002550
        6.469999           0.372242E-5        1.002697           0.332741E-5        1.002550
        6.472000           0.372263E-5        1.002697           0.332758E-5        1.002550
        6.474000           0.372283E-5        1.002697           0.332776E-5        1.002550
        6.476000           0.372304E-5        1.002697           0.332793E-5        1.002550
        6.478000           0.372324E-5        1.002697           0.332810E-5        1.002550
        6.480000           0.372345E-5        1.002697           0.332828E-5        1.002550
        6.481999           0.372365E-5        1.002697           0.332845E-5        1.002550
        6.483999           0.372386E-5        1.002697           0.332863E-5        1.002550
        6.486000           0.372407E-5        1.002697           0.332880E-5        1.002550
        6.487999           0.372427E-5        1.002697           0.332898E-5        1.002550
        6.490000           0.372448E-5        1.002697           0.332915E-5        1.002550
        6.492000           0.372468E-5        1.002698           0.332932E-5        1.002550
        6.493999           0.372489E-5        1.002698           0.332950E-5        1.002550
        6.496000           0.372509E-5        1.002698           0.332967E-5        1.002550
        6.498000           0.372530E-5        1.002698           0.332984E-5        1.002551
        6.500000           0.372551E-5        1.002698           0.333002E-5        1.002551
        6.501999           0.372571E-5        1.002698           0.333019E-5        1.002551
        6.503999           0.372592E-5        1.002698           0.333037E-5        1.002551
        6.506000           0.372612E-5        1.002698           0.333054E-5        1.002551
        6.507999           0.372633E-5        1.002698           0.333072E-5        1.002551
        6.510000           0.372654E-5        1.002698           0.333089E-5        1.002551
        6.512000           0.372674E-5        1.002698           0.333106E-5        1.002551
        6.513999           0.372695E-5        1.002698           0.333124E-5        1.002551
        6.516000           0.372715E-5        1.002698           0.333141E-5        1.002551
        6.518000           0.372736E-5        1.002699           0.333159E-5        1.002551
        6.520000           0.372757E-5        1.002699           0.333176E-5        1.002551
        6.521999           0.372777E-5        1.002699           0.333193E-5        1.002551
        6.524000           0.372798E-5        1.002699           0.333211E-5        1.002551
        6.526000           0.372819E-5        1.002699           0.333228E-5        1.002551
        6.527999           0.372839E-5        1.002699           0.333246E-5        1.002552
        6.530000           0.372860E-5        1.002699           0.333263E-5        1.002552
        6.532000           0.372881E-5        1.002699           0.333281E-5        1.002552
        6.534000           0.372901E-5        1.002699           0.333298E-5        1.002552
        6.535999           0.372922E-5        1.002699           0.333315E-5        1.002552
        6.537999           0.372942E-5        1.002699           0.333333E-5        1.002552
        6.539999           0.372963E-5        1.002699           0.333350E-5        1.002552
        6.541999           0.372984E-5        1.002699           0.333368E-5        1.002552
        6.544000           0.373004E-5        1.002699           0.333385E-5        1.002552
        6.546000           0.373025E-5        1.002700           0.333403E-5        1.002552
        6.547999           0.373045E-5        1.002700           0.333420E-5        1.002552
        6.550000           0.373066E-5        1.002700           0.333438E-5        1.002552
        6.552000           0.373087E-5        1.002700           0.333455E-5        1.002552
        6.553999           0.373107E-5        1.002700           0.333472E-5        1.002552
        6.555999           0.373128E-5        1.002700           0.333490E-5        1.002553
        6.558000           0.373149E-5        1.002700           0.333507E-5        1.002553
        6.559999           0.373169E-5        1.002700           0.333525E-5        1.002553
        6.561999           0.373190E-5        1.002700           0.333542E-5        1.002553
        6.564000           0.373211E-5        1.002700           0.333560E-5        1.002553
        6.566000           0.373231E-5        1.002700           0.333577E-5        1.002553
        6.568000           0.373252E-5        1.002700           0.333595E-5        1.002553
        6.570000           0.373273E-5        1.002700           0.333612E-5        1.002553
        6.572000           0.373293E-5        1.002701           0.333629E-5        1.002553
        6.573999           0.373314E-5        1.002701           0.333647E-5        1.002553
        6.575999           0.373335E-5        1.002701           0.333664E-5        1.002553
        6.578000           0.373355E-5        1.002701           0.333682E-5        1.002553
        6.579999           0.373376E-5        1.002701           0.333699E-5        1.002553
        6.581999           0.373397E-5        1.002701           0.333717E-5        1.002553
        6.584000           0.373417E-5        1.002701           0.333734E-5        1.002553
        6.585999           0.373438E-5        1.002701           0.333752E-5        1.002553
        6.588000           0.373459E-5        1.002701           0.333769E-5        1.002554
        6.590000           0.373479E-5        1.002701           0.333787E-5        1.002554
        6.592000           0.373500E-5        1.002701           0.333804E-5        1.002554
        6.593999           0.373521E-5        1.002701           0.333822E-5        1.002554
        6.595999           0.373541E-5        1.002701           0.333839E-5        1.002554
        6.598000           0.373562E-5        1.002702           0.333856E-5        1.002554
        6.599999           0.373583E-5        1.002702           0.333874E-5        1.002554
        6.602000           0.373603E-5        1.002702           0.333891E-5        1.002554
        6.604000           0.373624E-5        1.002702           0.333909E-5        1.002554
        6.605999           0.373645E-5        1.002702           0.333926E-5        1.002554
        6.608000           0.373666E-5        1.002702           0.333944E-5        1.002554
        6.610000           0.373686E-5        1.002702           0.333961E-5        1.002554
        6.612000           0.373707E-5        1.002702           0.333979E-5        1.002554
        6.613999           0.373728E-5        1.002702           0.333996E-5        1.002554
        6.615999           0.373748E-5        1.002702           0.334014E-5        1.002555
        6.618000           0.373769E-5        1.002702           0.334031E-5        1.002555
        6.619999           0.373790E-5        1.002702           0.334049E-5        1.002555
        6.622000           0.373810E-5        1.002702           0.334066E-5        1.002555
        6.624000           0.373831E-5        1.002702           0.334084E-5        1.002555
        6.625999           0.373852E-5        1.002703           0.334101E-5        1.002555
        6.628000           0.373873E-5        1.002703           0.334119E-5        1.002555
        6.630000           0.373893E-5        1.002703           0.334136E-5        1.002555
        6.631999           0.373914E-5        1.002703           0.334154E-5        1.002555
        6.633999           0.373935E-5        1.002703           0.334171E-5        1.002555
        6.636000           0.373955E-5        1.002703           0.334189E-5        1.002555
        6.638000           0.373976E-5        1.002703           0.334206E-5        1.002555
        6.639999           0.373997E-5        1.002703           0.334224E-5        1.002555
        6.642000           0.374017E-5        1.002703           0.334241E-5        1.002555
        6.644000           0.374038E-5        1.002703           0.334259E-5        1.002555
        6.646000           0.374059E-5        1.002703           0.334276E-5        1.002555
        6.648000           0.374080E-5        1.002703           0.334294E-5        1.002556
        6.649999           0.374100E-5        1.002703           0.334311E-5        1.002556
        6.651999           0.374121E-5        1.002704           0.334329E-5        1.002556
        6.653999           0.374142E-5        1.002704           0.334346E-5        1.002556
        6.656000           0.374163E-5        1.002704           0.334364E-5        1.002556
        6.658000           0.374183E-5        1.002704           0.334381E-5        1.002556
        6.659999           0.374204E-5        1.002704           0.334399E-5        1.002556
        6.662000           0.374225E-5        1.002704           0.334416E-5        1.002556
        6.664000           0.374245E-5        1.002704           0.334434E-5        1.002556
        6.665999           0.374266E-5        1.002704           0.334451E-5        1.002556
        6.667999           0.374287E-5        1.002704           0.334469E-5        1.002556
        6.669999           0.374308E-5        1.002704           0.334486E-5        1.002556
        6.671999           0.374328E-5        1.002704           0.334504E-5        1.002556
        6.673999           0.374349E-5        1.002704           0.334522E-5        1.002556
        6.676000           0.374370E-5        1.002704           0.334539E-5        1.002556
        6.677999           0.374391E-5        1.002705           0.334557E-5        1.002557
        6.680000           0.374411E-5        1.002705           0.334574E-5        1.002557
        6.682000           0.374432E-5        1.002705           0.334592E-5        1.002557
        6.684000           0.374453E-5        1.002705           0.334609E-5        1.002557
        6.685999           0.374474E-5        1.002705           0.334627E-5        1.002557
        6.687999           0.374495E-5        1.002705           0.334644E-5        1.002557
        6.690000           0.374515E-5        1.002705           0.334662E-5        1.002557
        6.691999           0.374536E-5        1.002705           0.334679E-5        1.002557
        6.693999           0.374557E-5        1.002705           0.334697E-5        1.002557
        6.696000           0.374578E-5        1.002705           0.334714E-5        1.002557
        6.697999           0.374598E-5        1.002705           0.334732E-5        1.002557
        6.700000           0.374619E-5        1.002705           0.334749E-5        1.002557
        6.702000           0.374640E-5        1.002705           0.334767E-5        1.002557
        6.704000           0.374661E-5        1.002705           0.334785E-5        1.002557
        6.705999           0.374681E-5        1.002706           0.334802E-5        1.002558
        6.707999           0.374702E-5        1.002706           0.334820E-5        1.002558
        6.710000           0.374723E-5        1.002706           0.334837E-5        1.002558
        6.711999           0.374744E-5        1.002706           0.334855E-5        1.002558
        6.714000           0.374764E-5        1.002706           0.334872E-5        1.002558
        6.716000           0.374785E-5        1.002706           0.334890E-5        1.002558
        6.717999           0.374806E-5        1.002706           0.334907E-5        1.002558
        6.720000           0.374827E-5        1.002706           0.334925E-5        1.002558
        6.722000           0.374848E-5        1.002706           0.334943E-5        1.002558
        6.724000           0.374868E-5        1.002706           0.334960E-5        1.002558
        6.725999           0.374889E-5        1.002706           0.334978E-5        1.002558
        6.727999           0.374910E-5        1.002706           0.334995E-5        1.002558
        6.730000           0.374931E-5        1.002706           0.335013E-5        1.002558
        6.731999           0.374952E-5        1.002707           0.335030E-5        1.002558
        6.734000           0.374972E-5        1.002707           0.335048E-5        1.002558
        6.736000           0.374993E-5        1.002707           0.335066E-5        1.002558
        6.737999           0.375014E-5        1.002707           0.335083E-5        1.002559
        6.740000           0.375035E-5        1.002707           0.335101E-5        1.002559
        6.742000           0.375056E-5        1.002707           0.335118E-5        1.002559
        6.743999           0.375076E-5        1.002707           0.335136E-5        1.002559
        6.745999           0.375097E-5        1.002707           0.335153E-5        1.002559
        6.748000           0.375118E-5        1.002707           0.335171E-5        1.002559
        6.750000           0.375139E-5        1.002707           0.335188E-5        1.002559
        6.751999           0.375160E-5        1.002707           0.335206E-5        1.002559
        6.754000           0.375181E-5        1.002707           0.335224E-5        1.002559
        6.756000           0.375201E-5        1.002707           0.335241E-5        1.002559
        6.758000           0.375222E-5        1.002707           0.335259E-5        1.002559
        6.760000           0.375243E-5        1.002708           0.335276E-5        1.002559
        6.761999           0.375264E-5        1.002708           0.335294E-5        1.002559
        6.763999           0.375285E-5        1.002708           0.335312E-5        1.002559
        6.765999           0.375305E-5        1.002708           0.335329E-5        1.002560
        6.768000           0.375326E-5        1.002708           0.335347E-5        1.002560
        6.770000           0.375347E-5        1.002708           0.335364E-5        1.002560
        6.771999           0.375368E-5        1.002708           0.335382E-5        1.002560
        6.774000           0.375389E-5        1.002708           0.335400E-5        1.002560
        6.776000           0.375410E-5        1.002708           0.335417E-5        1.002560
        6.778000           0.375430E-5        1.002708           0.335435E-5        1.002560
        6.779999           0.375451E-5        1.002708           0.335452E-5        1.002560
        6.781999           0.375472E-5        1.002708           0.335470E-5        1.002560
        6.783999           0.375493E-5        1.002708           0.335488E-5        1.002560
        6.785999           0.375514E-5        1.002709           0.335505E-5        1.002560
        6.788000           0.375535E-5        1.002709           0.335523E-5        1.002560
        6.789999           0.375555E-5        1.002709           0.335540E-5        1.002560
        6.792000           0.375576E-5        1.002709           0.335558E-5        1.002560
        6.794000           0.375597E-5        1.002709           0.335576E-5        1.002560
        6.796000           0.375618E-5        1.002709           0.335593E-5        1.002560
        6.797999           0.375639E-5        1.002709           0.335611E-5        1.002561
        6.799999           0.375660E-5        1.002709           0.335628E-5        1.002561
        6.802000           0.375681E-5        1.002709           0.335646E-5        1.002561
        6.804000           0.375701E-5        1.002709           0.335664E-5        1.002561
        6.806000           0.375722E-5        1.002709           0.335681E-5        1.002561
        6.808000           0.375743E-5        1.002709           0.335699E-5        1.002561
        6.809999           0.375764E-5        1.002709           0.335717E-5        1.002561
        6.811999           0.375785E-5        1.002710           0.335734E-5        1.002561
        6.814000           0.375806E-5        1.002710           0.335752E-5        1.002561
        6.816000           0.375827E-5        1.002710           0.335769E-5        1.002561
        6.817999           0.375848E-5        1.002710           0.335787E-5        1.002561
        6.819999           0.375868E-5        1.002710           0.335805E-5        1.002561
        6.821999           0.375889E-5        1.002710           0.335822E-5        1.002561
        6.824000           0.375910E-5        1.002710           0.335840E-5        1.002561
        6.826000           0.375931E-5        1.002710           0.335858E-5        1.002562
        6.828000           0.375952E-5        1.002710           0.335875E-5        1.002562
        6.829999           0.375973E-5        1.002710           0.335893E-5        1.002562
        6.831999           0.375994E-5        1.002710           0.335910E-5        1.002562
        6.834000           0.376014E-5        1.002710           0.335928E-5        1.002562
        6.835999           0.376035E-5        1.002710           0.335946E-5        1.002562
        6.837999           0.376056E-5        1.002710           0.335963E-5        1.002562
        6.839999           0.376077E-5        1.002711           0.335981E-5        1.002562
        6.841999           0.376098E-5        1.002711           0.335999E-5        1.002562
        6.844000           0.376119E-5        1.002711           0.336016E-5        1.002562
        6.846000           0.376140E-5        1.002711           0.336034E-5        1.002562
        6.848000           0.376161E-5        1.002711           0.336052E-5        1.002562
        6.849999           0.376182E-5        1.002711           0.336069E-5        1.002562
        6.851999           0.376203E-5        1.002711           0.336087E-5        1.002562
        6.854000           0.376224E-5        1.002711           0.336105E-5        1.002562
        6.855999           0.376244E-5        1.002711           0.336122E-5        1.002563
        6.857999           0.376265E-5        1.002711           0.336140E-5        1.002563
        6.859999           0.376286E-5        1.002711           0.336157E-5        1.002563
        6.861999           0.376307E-5        1.002711           0.336175E-5        1.002563
        6.864000           0.376328E-5        1.002711           0.336193E-5        1.002563
        6.866000           0.376349E-5        1.002712           0.336210E-5        1.002563
        6.868000           0.376370E-5        1.002712           0.336228E-5        1.002563
        6.869999           0.376391E-5        1.002712           0.336246E-5        1.002563
        6.871999           0.376412E-5        1.002712           0.336263E-5        1.002563
        6.874000           0.376433E-5        1.002712           0.336281E-5        1.002563
        6.875999           0.376454E-5        1.002712           0.336299E-5        1.002563
        6.877999           0.376474E-5        1.002712           0.336316E-5        1.002563
        6.879999           0.376495E-5        1.002712           0.336334E-5        1.002563
        6.882000           0.376516E-5        1.002712           0.336352E-5        1.002563
        6.884000           0.376537E-5        1.002712           0.336369E-5        1.002563
        6.886000           0.376558E-5        1.002712           0.336387E-5        1.002563
        6.888000           0.376579E-5        1.002712           0.336405E-5        1.002564
        6.889999           0.376600E-5        1.002712           0.336422E-5        1.002564
        6.892000           0.376621E-5        1.002712           0.336440E-5        1.002564
        6.894000           0.376642E-5        1.002713           0.336458E-5        1.002564
        6.895999           0.376663E-5        1.002713           0.336476E-5        1.002564
        6.897999           0.376684E-5        1.002713           0.336493E-5        1.002564
        6.899999           0.376705E-5        1.002713           0.336511E-5        1.002564
        6.902000           0.376726E-5        1.002713           0.336529E-5        1.002564
        6.904000           0.376747E-5        1.002713           0.336546E-5        1.002564
        6.906000           0.376768E-5        1.002713           0.336564E-5        1.002564
        6.908000           0.376789E-5        1.002713           0.336582E-5        1.002564
        6.909999           0.376809E-5        1.002713           0.336599E-5        1.002564
        6.912000           0.376830E-5        1.002713           0.336617E-5        1.002564
        6.914000           0.376851E-5        1.002713           0.336635E-5        1.002564
        6.915999           0.376872E-5        1.002713           0.336652E-5        1.002565
        6.917999           0.376893E-5        1.002714           0.336670E-5        1.002565
        6.919999           0.376914E-5        1.002714           0.336688E-5        1.002565
        6.922000           0.376935E-5        1.002714           0.336705E-5        1.002565
        6.924000           0.376956E-5        1.002714           0.336723E-5        1.002565
        6.926000           0.376977E-5        1.002714           0.336741E-5        1.002565
        6.927999           0.376998E-5        1.002714           0.336759E-5        1.002565
        6.929999           0.377019E-5        1.002714           0.336776E-5        1.002565
        6.932000           0.377040E-5        1.002714           0.336794E-5        1.002565
        6.934000           0.377061E-5        1.002714           0.336812E-5        1.002565
        6.935999           0.377082E-5        1.002714           0.336829E-5        1.002565
        6.937999           0.377103E-5        1.002714           0.336847E-5        1.002565
        6.939999           0.377124E-5        1.002714           0.336865E-5        1.002565
        6.942000           0.377145E-5        1.002714           0.336883E-5        1.002565
        6.944000           0.377166E-5        1.002715           0.336900E-5        1.002566
        6.946000           0.377187E-5        1.002715           0.336918E-5        1.002566
        6.947999           0.377208E-5        1.002715           0.336936E-5        1.002566
        6.949999           0.377229E-5        1.002715           0.336953E-5        1.002566
        6.952000           0.377250E-5        1.002715           0.336971E-5        1.002566
        6.954000           0.377271E-5        1.002715           0.336989E-5        1.002566
        6.955999           0.377292E-5        1.002715           0.337007E-5        1.002566
        6.957999           0.377313E-5        1.002715           0.337024E-5        1.002566
        6.960000           0.377334E-5        1.002715           0.337042E-5        1.002566
        6.962000           0.377355E-5        1.002715           0.337060E-5        1.002566
        6.964000           0.377376E-5        1.002715           0.337077E-5        1.002566
        6.966000           0.377397E-5        1.002715           0.337095E-5        1.002566
        6.967999           0.377418E-5        1.002715           0.337113E-5        1.002566
        6.970000           0.377439E-5        1.002715           0.337131E-5        1.002566
        6.972000           0.377460E-5        1.002716           0.337148E-5        1.002566
        6.974000           0.377481E-5        1.002716           0.337166E-5        1.002566
        6.975999           0.377502E-5        1.002716           0.337184E-5        1.002567
        6.977999           0.377523E-5        1.002716           0.337202E-5        1.002567
        6.980000           0.377544E-5        1.002716           0.337219E-5        1.002567
        6.982000           0.377565E-5        1.002716           0.337237E-5        1.002567
        6.984000           0.377586E-5        1.002716           0.337255E-5        1.002567
        6.985999           0.377607E-5        1.002716           0.337273E-5        1.002567
        6.987999           0.377628E-5        1.002716           0.337290E-5        1.002567
        6.990000           0.377649E-5        1.002716           0.337308E-5        1.002567
        6.992000           0.377670E-5        1.002716           0.337326E-5        1.002567
        6.993999           0.377691E-5        1.002716           0.337344E-5        1.002567
        6.995999           0.377712E-5        1.002716           0.337361E-5        1.002567
        6.997999           0.377733E-5        1.002717           0.337379E-5        1.002567
        7.000000           0.377754E-5        1.002717           0.337397E-5        1.002567
        7.002000           0.377775E-5        1.002717           0.337415E-5        1.002567
        7.003999           0.377796E-5        1.002717           0.337432E-5        1.002568
        7.005999           0.377817E-5        1.002717           0.337450E-5        1.002568
        7.007999           0.377838E-5        1.002717           0.337468E-5        1.002568
        7.010000           0.377859E-5        1.002717           0.337486E-5        1.002568
        7.012000           0.377880E-5        1.002717           0.337503E-5        1.002568
        7.013999           0.377901E-5        1.002717           0.337521E-5        1.002568
        7.015999           0.377922E-5        1.002717           0.337539E-5        1.002568
        7.017999           0.377943E-5        1.002717           0.337557E-5        1.002568
        7.020000           0.377964E-5        1.002717           0.337574E-5        1.002568
        7.021999           0.377986E-5        1.002717           0.337592E-5        1.002568
        7.023999           0.378007E-5        1.002717           0.337610E-5        1.002568
        7.025999           0.378028E-5        1.002718           0.337628E-5        1.002568
        7.028000           0.378049E-5        1.002718           0.337646E-5        1.002568
        7.030000           0.378070E-5        1.002718           0.337663E-5        1.002568
        7.032000           0.378091E-5        1.002718           0.337681E-5        1.002568
        7.033999           0.378112E-5        1.002718           0.337699E-5        1.002568
        7.035999           0.378133E-5        1.002718           0.337717E-5        1.002569
        7.038000           0.378154E-5        1.002718           0.337734E-5        1.002569
        7.039999           0.378175E-5        1.002718           0.337752E-5        1.002569
        7.041999           0.378196E-5        1.002718           0.337770E-5        1.002569
        7.043999           0.378217E-5        1.002718           0.337788E-5        1.002569
        7.045999           0.378238E-5        1.002718           0.337806E-5        1.002569
        7.048000           0.378259E-5        1.002718           0.337823E-5        1.002569
        7.050000           0.378280E-5        1.002718           0.337841E-5        1.002569
        7.052000           0.378301E-5        1.002719           0.337859E-5        1.002569
        7.053999           0.378322E-5        1.002719           0.337877E-5        1.002569
        7.055999           0.378344E-5        1.002719           0.337894E-5        1.002569
        7.058000           0.378365E-5        1.002719           0.337912E-5        1.002569
        7.059999           0.378386E-5        1.002719           0.337930E-5        1.002569
        7.061999           0.378407E-5        1.002719           0.337948E-5        1.002569
        7.063999           0.378428E-5        1.002719           0.337966E-5        1.002570
        7.065999           0.378449E-5        1.002719           0.337983E-5        1.002570
        7.068000           0.378470E-5        1.002719           0.338001E-5        1.002570
        7.070000           0.378491E-5        1.002719           0.338019E-5        1.002570
        7.072000           0.378512E-5        1.002719           0.338037E-5        1.002570
        7.073999           0.378533E-5        1.002719           0.338055E-5        1.002570
        7.075999           0.378555E-5        1.002720           0.338072E-5        1.002570
        7.078000           0.378576E-5        1.002720           0.338090E-5        1.002570
        7.079999           0.378597E-5        1.002720           0.338108E-5        1.002570
        7.081999           0.378618E-5        1.002720           0.338126E-5        1.002570
        7.083999           0.378639E-5        1.002720           0.338144E-5        1.002570
        7.085999           0.378660E-5        1.002720           0.338162E-5        1.002570
        7.088000           0.378681E-5        1.002720           0.338179E-5        1.002570
        7.090000           0.378702E-5        1.002720           0.338197E-5        1.002570
        7.092000           0.378723E-5        1.002720           0.338215E-5        1.002571
        7.093999           0.378744E-5        1.002720           0.338233E-5        1.002571
        7.095999           0.378766E-5        1.002720           0.338251E-5        1.002571
        7.098000           0.378787E-5        1.002720           0.338268E-5        1.002571
        7.099999           0.378808E-5        1.002720           0.338286E-5        1.002571
        7.101999           0.378829E-5        1.002720           0.338304E-5        1.002571
        7.103999           0.378850E-5        1.002720           0.338322E-5        1.002571
        7.106000           0.378871E-5        1.002721           0.338340E-5        1.002571
        7.108000           0.378892E-5        1.002721           0.338358E-5        1.002571
        7.110000           0.378913E-5        1.002721           0.338375E-5        1.002571
        7.112000           0.378935E-5        1.002721           0.338393E-5        1.002571
        7.113999           0.378956E-5        1.002721           0.338411E-5        1.002571
        7.116000           0.378977E-5        1.002721           0.338429E-5        1.002571
        7.118000           0.378998E-5        1.002721           0.338447E-5        1.002571
        7.119999           0.379019E-5        1.002721           0.338465E-5        1.002571
        7.121999           0.379040E-5        1.002721           0.338482E-5        1.002571
        7.123999           0.379061E-5        1.002721           0.338500E-5        1.002572
        7.126000           0.379082E-5        1.002721           0.338518E-5        1.002572
        7.128000           0.379104E-5        1.002721           0.338536E-5        1.002572
        7.130000           0.379125E-5        1.002722           0.338554E-5        1.002572
        7.131999           0.379146E-5        1.002722           0.338572E-5        1.002572
        7.133999           0.379167E-5        1.002722           0.338589E-5        1.002572
        7.136000           0.379188E-5        1.002722           0.338607E-5        1.002572
        7.138000           0.379209E-5        1.002722           0.338625E-5        1.002572
        7.139999           0.379231E-5        1.002722           0.338643E-5        1.002572
        7.141999           0.379252E-5        1.002722           0.338661E-5        1.002572
        7.143999           0.379273E-5        1.002722           0.338679E-5        1.002572
        7.146000           0.379294E-5        1.002722           0.338697E-5        1.002572
        7.148000           0.379315E-5        1.002722           0.338714E-5        1.002572
        7.150000           0.379336E-5        1.002722           0.338732E-5        1.002572
        7.151999           0.379358E-5        1.002722           0.338750E-5        1.002573
        7.153999           0.379379E-5        1.002722           0.338768E-5        1.002573
        7.156000           0.379400E-5        1.002723           0.338786E-5        1.002573
        7.158000           0.379421E-5        1.002723           0.338804E-5        1.002573
        7.159999           0.379442E-5        1.002723           0.338822E-5        1.002573
        7.161999           0.379463E-5        1.002723           0.338839E-5        1.002573
        7.163999           0.379485E-5        1.002723           0.338857E-5        1.002573
        7.166000           0.379506E-5        1.002723           0.338875E-5        1.002573
        7.168000           0.379527E-5        1.002723           0.338893E-5        1.002573
        7.170000           0.379548E-5        1.002723           0.338911E-5        1.002573
        7.171999           0.379569E-5        1.002723           0.338929E-5        1.002573
        7.173999           0.379590E-5        1.002723           0.338947E-5        1.002573
        7.176000           0.379612E-5        1.002723           0.338965E-5        1.002573
        7.177999           0.379633E-5        1.002723           0.338982E-5        1.002573
        7.179999           0.379654E-5        1.002723           0.339000E-5        1.002573
        7.181999           0.379675E-5        1.002723           0.339018E-5        1.002573
        7.184000           0.379696E-5        1.002724           0.339036E-5        1.002574
        7.186000           0.379718E-5        1.002724           0.339054E-5        1.002574
        7.188000           0.379739E-5        1.002724           0.339072E-5        1.002574
        7.190000           0.379760E-5        1.002724           0.339090E-5        1.002574
        7.191999           0.379781E-5        1.002724           0.339108E-5        1.002574
        7.194000           0.379802E-5        1.002724           0.339126E-5        1.002574
        7.196000           0.379824E-5        1.002724           0.339143E-5        1.002574
        7.197999           0.379845E-5        1.002724           0.339161E-5        1.002574
        7.199999           0.379866E-5        1.002724           0.339179E-5        1.002574
        7.201999           0.379887E-5        1.002724           0.339197E-5        1.002574
        7.204000           0.379908E-5        1.002724           0.339215E-5        1.002574
        7.206000           0.379930E-5        1.002724           0.339233E-5        1.002574
        7.208000           0.379951E-5        1.002725           0.339251E-5        1.002574
        7.210000           0.379972E-5        1.002725           0.339269E-5        1.002574
        7.211999           0.379993E-5        1.002725           0.339287E-5        1.002575
        7.214000           0.380014E-5        1.002725           0.339304E-5        1.002575
        7.216000           0.380036E-5        1.002725           0.339322E-5        1.002575
        7.217999           0.380057E-5        1.002725           0.339340E-5        1.002575
        7.219999           0.380078E-5        1.002725           0.339358E-5        1.002575
        7.221999           0.380099E-5        1.002725           0.339376E-5        1.002575
        7.224000           0.380121E-5        1.002725           0.339394E-5        1.002575
        7.226000           0.380142E-5        1.002725           0.339412E-5        1.002575
        7.228000           0.380163E-5        1.002725           0.339430E-5        1.002575
        7.229999           0.380184E-5        1.002725           0.339448E-5        1.002575
        7.231999           0.380206E-5        1.002725           0.339466E-5        1.002575
        7.234000           0.380227E-5        1.002725           0.339484E-5        1.002575
        7.236000           0.380248E-5        1.002725           0.339502E-5        1.002575
        7.237999           0.380269E-5        1.002726           0.339519E-5        1.002575
        7.239999           0.380290E-5        1.002726           0.339537E-5        1.002576
        7.241999           0.380312E-5        1.002726           0.339555E-5        1.002576
        7.244000           0.380333E-5        1.002726           0.339573E-5        1.002576
        7.245999           0.380354E-5        1.002726           0.339591E-5        1.002576
        7.247999           0.380375E-5        1.002726           0.339609E-5        1.002576
        7.249999           0.380397E-5        1.002726           0.339627E-5        1.002576
        7.251999           0.380418E-5        1.002726           0.339645E-5        1.002576
        7.254000           0.380439E-5        1.002726           0.339663E-5        1.002576
        7.256000           0.380460E-5        1.002726           0.339681E-5        1.002576
        7.257999           0.380482E-5        1.002726           0.339699E-5        1.002576
        7.259999           0.380503E-5        1.002726           0.339717E-5        1.002576
        7.262000           0.380524E-5        1.002727           0.339735E-5        1.002576
        7.263999           0.380546E-5        1.002727           0.339753E-5        1.002576
        7.265999           0.380567E-5        1.002727           0.339771E-5        1.002576
        7.267999           0.380588E-5        1.002727           0.339788E-5        1.002576
        7.269999           0.380609E-5        1.002727           0.339806E-5        1.002576
        7.272000           0.380631E-5        1.002727           0.339824E-5        1.002577
        7.274000           0.380652E-5        1.002727           0.339842E-5        1.002577
        7.276000           0.380673E-5        1.002727           0.339860E-5        1.002577
        7.277999           0.380694E-5        1.002727           0.339878E-5        1.002577
        7.279999           0.380716E-5        1.002727           0.339896E-5        1.002577
        7.282000           0.380737E-5        1.002727           0.339914E-5        1.002577
        7.283999           0.380758E-5        1.002727           0.339932E-5        1.002577
        7.285999           0.380780E-5        1.002727           0.339950E-5        1.002577
        7.287999           0.380801E-5        1.002728           0.339968E-5        1.002577
        7.289999           0.380822E-5        1.002728           0.339986E-5        1.002577
        7.292000           0.380843E-5        1.002728           0.340004E-5        1.002577
        7.294000           0.380865E-5        1.002728           0.340022E-5        1.002577
        7.296000           0.380886E-5        1.002728           0.340040E-5        1.002577
        7.297999           0.380907E-5        1.002728           0.340058E-5        1.002577
        7.299999           0.380929E-5        1.002728           0.340076E-5        1.002578
        7.302000           0.380950E-5        1.002728           0.340094E-5        1.002578
        7.303999           0.380971E-5        1.002728           0.340112E-5        1.002578
        7.305999           0.380993E-5        1.002728           0.340130E-5        1.002578
        7.307999           0.381014E-5        1.002728           0.340148E-5        1.002578
        7.309999           0.381035E-5        1.002728           0.340166E-5        1.002578
        7.312000           0.381056E-5        1.002728           0.340183E-5        1.002578
        7.314000           0.381078E-5        1.002728           0.340201E-5        1.002578
        7.316000           0.381099E-5        1.002729           0.340219E-5        1.002578
        7.317999           0.381120E-5        1.002729           0.340237E-5        1.002578
        7.319999           0.381142E-5        1.002729           0.340255E-5        1.002578
        7.322000           0.381163E-5        1.002729           0.340273E-5        1.002578
        7.323999           0.381184E-5        1.002729           0.340291E-5        1.002578
        7.325999           0.381206E-5        1.002729           0.340309E-5        1.002578
        7.327999           0.381227E-5        1.002729           0.340327E-5        1.002578
        7.330000           0.381248E-5        1.002729           0.340345E-5        1.002578
        7.332000           0.381270E-5        1.002729           0.340363E-5        1.002579
        7.334000           0.381291E-5        1.002729           0.340381E-5        1.002579
        7.335999           0.381312E-5        1.002729           0.340399E-5        1.002579
        7.337999           0.381334E-5        1.002729           0.340417E-5        1.002579
        7.340000           0.381355E-5        1.002730           0.340435E-5        1.002579
        7.342000           0.381376E-5        1.002730           0.340453E-5        1.002579
        7.343999           0.381398E-5        1.002730           0.340471E-5        1.002579
        7.345999           0.381419E-5        1.002730           0.340489E-5        1.002579
        7.347999           0.381440E-5        1.002730           0.340507E-5        1.002579
        7.350000           0.381462E-5        1.002730           0.340525E-5        1.002579
        7.352000           0.381483E-5        1.002730           0.340543E-5        1.002579
        7.354000           0.381504E-5        1.002730           0.340561E-5        1.002579
        7.355999           0.381526E-5        1.002730           0.340579E-5        1.002579
        7.357999           0.381547E-5        1.002730           0.340597E-5        1.002579
        7.360000           0.381568E-5        1.002730           0.340615E-5        1.002580
        7.362000           0.381590E-5        1.002730           0.340633E-5        1.002580
        7.363999           0.381611E-5        1.002730           0.340651E-5        1.002580
        7.365999           0.381632E-5        1.002730           0.340669E-5        1.002580
        7.367999           0.381654E-5        1.002731           0.340687E-5        1.002580
        7.370000           0.381675E-5        1.002731           0.340705E-5        1.002580
        7.372000           0.381696E-5        1.002731           0.340723E-5        1.002580
        7.374000           0.381718E-5        1.002731           0.340741E-5        1.002580
        7.375999           0.381739E-5        1.002731           0.340759E-5        1.002580
        7.377999           0.381761E-5        1.002731           0.340777E-5        1.002580
        7.380000           0.381782E-5        1.002731           0.340795E-5        1.002580
        7.381999           0.381803E-5        1.002731           0.340814E-5        1.002580
        7.383999           0.381825E-5        1.002731           0.340832E-5        1.002580
        7.385999           0.381846E-5        1.002731           0.340849E-5        1.002580
        7.387999           0.381867E-5        1.002731           0.340868E-5        1.002581
        7.390000           0.381889E-5        1.002731           0.340886E-5        1.002581
        7.392000           0.381910E-5        1.002731           0.340904E-5        1.002581
        7.394000           0.381932E-5        1.002732           0.340922E-5        1.002581
        7.395999           0.381953E-5        1.002732           0.340940E-5        1.002581
        7.397999           0.381974E-5        1.002732           0.340958E-5        1.002581
        7.400000           0.381996E-5        1.002732           0.340976E-5        1.002581
        7.401999           0.382017E-5        1.002732           0.340994E-5        1.002581
        7.403999           0.382038E-5        1.002732           0.341012E-5        1.002581
        7.405999           0.382060E-5        1.002732           0.341030E-5        1.002581
        7.408000           0.382081E-5        1.002732           0.341048E-5        1.002581
        7.410000           0.382103E-5        1.002732           0.341066E-5        1.002581
        7.412000           0.382124E-5        1.002732           0.341084E-5        1.002581
        7.414000           0.382145E-5        1.002732           0.341102E-5        1.002581
        7.415999           0.382167E-5        1.002732           0.341120E-5        1.002581
        7.418000           0.382188E-5        1.002733           0.341138E-5        1.002582
        7.420000           0.382210E-5        1.002733           0.341156E-5        1.002582
        7.421999           0.382231E-5        1.002733           0.341174E-5        1.002582
        7.423999           0.382252E-5        1.002733           0.341192E-5        1.002582
        7.425999           0.382274E-5        1.002733           0.341210E-5        1.002582
        7.428000           0.382295E-5        1.002733           0.341228E-5        1.002582
        7.430000           0.382317E-5        1.002733           0.341246E-5        1.002582
        7.432000           0.382338E-5        1.002733           0.341265E-5        1.002582
        7.434000           0.382360E-5        1.002733           0.341283E-5        1.002582
        7.435999           0.382381E-5        1.002733           0.341301E-5        1.002582
        7.438000           0.382402E-5        1.002733           0.341319E-5        1.002582
        7.440000           0.382424E-5        1.002733           0.341337E-5        1.002582
        7.441999           0.382445E-5        1.002733           0.341355E-5        1.002582
        7.443999           0.382467E-5        1.002733           0.341373E-5        1.002582
        7.445999           0.382488E-5        1.002734           0.341391E-5        1.002583
        7.448000           0.382510E-5        1.002734           0.341409E-5        1.002583
        7.450000           0.382531E-5        1.002734           0.341427E-5        1.002583
        7.452000           0.382552E-5        1.002734           0.341445E-5        1.002583
        7.453999           0.382574E-5        1.002734           0.341463E-5        1.002583
        7.455999           0.382595E-5        1.002734           0.341481E-5        1.002583
        7.458000           0.382617E-5        1.002734           0.341499E-5        1.002583
        7.460000           0.382638E-5        1.002734           0.341518E-5        1.002583
        7.461999           0.382660E-5        1.002734           0.341536E-5        1.002583
        7.463999           0.382681E-5        1.002734           0.341554E-5        1.002583
        7.465999           0.382702E-5        1.002734           0.341572E-5        1.002583
        7.468000           0.382724E-5        1.002734           0.341590E-5        1.002583
        7.470000           0.382745E-5        1.002734           0.341608E-5        1.002583
        7.471999           0.382767E-5        1.002735           0.341626E-5        1.002583
        7.473999           0.382788E-5        1.002735           0.341644E-5        1.002584
        7.475999           0.382810E-5        1.002735           0.341662E-5        1.002584
        7.478000           0.382831E-5        1.002735           0.341680E-5        1.002584
        7.480000           0.382853E-5        1.002735           0.341698E-5        1.002584
        7.481999           0.382874E-5        1.002735           0.341717E-5        1.002584
        7.483999           0.382896E-5        1.002735           0.341735E-5        1.002584
        7.486000           0.382917E-5        1.002735           0.341753E-5        1.002584
        7.488000           0.382938E-5        1.002735           0.341771E-5        1.002584
        7.489999           0.382960E-5        1.002735           0.341789E-5        1.002584
        7.491999           0.382981E-5        1.002735           0.341807E-5        1.002584
        7.493999           0.383003E-5        1.002735           0.341825E-5        1.002584
        7.496000           0.383024E-5        1.002735           0.341843E-5        1.002584
        7.498000           0.383046E-5        1.002735           0.341861E-5        1.002584
        7.500000           0.383067E-5        1.002736           0.341879E-5        1.002584
        7.501999           0.383089E-5        1.002736           0.341897E-5        1.002584
        7.503999           0.383110E-5        1.002736           0.341916E-5        1.002584
        7.506000           0.383132E-5        1.002736           0.341934E-5        1.002585
        7.507999           0.383153E-5        1.002736           0.341952E-5        1.002585
        7.509999           0.383175E-5        1.002736           0.341970E-5        1.002585
        7.511999           0.383196E-5        1.002736           0.341988E-5        1.002585
        7.513999           0.383218E-5        1.002736           0.342006E-5        1.002585
        7.516000           0.383239E-5        1.002736           0.342024E-5        1.002585
        7.518000           0.383261E-5        1.002736           0.342042E-5        1.002585
        7.520000           0.383282E-5        1.002736           0.342061E-5        1.002585
        7.521999           0.383304E-5        1.002736           0.342079E-5        1.002585
        7.523999           0.383325E-5        1.002737           0.342097E-5        1.002585
        7.526000           0.383347E-5        1.002737           0.342115E-5        1.002585
        7.527999           0.383368E-5        1.002737           0.342133E-5        1.002585
        7.529999           0.383390E-5        1.002737           0.342151E-5        1.002585
        7.531999           0.383411E-5        1.002737           0.342169E-5        1.002585
        7.533999           0.383433E-5        1.002737           0.342187E-5        1.002586
        7.536000           0.383454E-5        1.002737           0.342206E-5        1.002586
        7.538000           0.383476E-5        1.002737           0.342224E-5        1.002586
        7.539999           0.383497E-5        1.002737           0.342242E-5        1.002586
        7.541999           0.383519E-5        1.002737           0.342260E-5        1.002586
        7.543999           0.383540E-5        1.002737           0.342278E-5        1.002586
        7.546000           0.383562E-5        1.002737           0.342296E-5        1.002586
        7.547999           0.383583E-5        1.002737           0.342314E-5        1.002586
        7.549999           0.383605E-5        1.002738           0.342333E-5        1.002586
        7.551999           0.383626E-5        1.002738           0.342351E-5        1.002586
        7.554000           0.383648E-5        1.002738           0.342369E-5        1.002586
        7.556000           0.383669E-5        1.002738           0.342387E-5        1.002586
        7.558000           0.383691E-5        1.002738           0.342405E-5        1.002586
        7.559999           0.383712E-5        1.002738           0.342423E-5        1.002586
        7.561999           0.383734E-5        1.002738           0.342441E-5        1.002586
        7.564000           0.383756E-5        1.002738           0.342460E-5        1.002587
        7.566000           0.383777E-5        1.002738           0.342478E-5        1.002587
        7.567999           0.383799E-5        1.002738           0.342496E-5        1.002587
        7.569999           0.383820E-5        1.002738           0.342514E-5        1.002587
        7.571999           0.383842E-5        1.002738           0.342532E-5        1.002587
        7.574000           0.383863E-5        1.002738           0.342550E-5        1.002587
        7.576000           0.383885E-5        1.002738           0.342569E-5        1.002587
        7.578000           0.383906E-5        1.002739           0.342587E-5        1.002587
        7.579999           0.383928E-5        1.002739           0.342605E-5        1.002587
        7.581999           0.383949E-5        1.002739           0.342623E-5        1.002587
        7.584000           0.383971E-5        1.002739           0.342641E-5        1.002587
        7.585999           0.383992E-5        1.002739           0.342659E-5        1.002587
        7.587999           0.384014E-5        1.002739           0.342678E-5        1.002587
        7.589999           0.384036E-5        1.002739           0.342696E-5        1.002587
        7.591999           0.384057E-5        1.002739           0.342714E-5        1.002588
        7.594000           0.384079E-5        1.002739           0.342732E-5        1.002588
        7.596000           0.384100E-5        1.002739           0.342750E-5        1.002588
        7.598000           0.384122E-5        1.002739           0.342768E-5        1.002588
        7.599999           0.384143E-5        1.002739           0.342787E-5        1.002588
        7.601999           0.384165E-5        1.002740           0.342805E-5        1.002588
        7.604000           0.384187E-5        1.002740           0.342823E-5        1.002588
        7.605999           0.384208E-5        1.002740           0.342841E-5        1.002588
        7.607999           0.384230E-5        1.002740           0.342859E-5        1.002588
        7.609999           0.384251E-5        1.002740           0.342878E-5        1.002588
        7.611999           0.384273E-5        1.002740           0.342896E-5        1.002588
        7.614000           0.384294E-5        1.002740           0.342914E-5        1.002588
        7.616000           0.384316E-5        1.002740           0.342932E-5        1.002588
        7.618000           0.384338E-5        1.002740           0.342950E-5        1.002588
        7.619999           0.384359E-5        1.002740           0.342969E-5        1.002589
        7.621999           0.384381E-5        1.002740           0.342987E-5        1.002589
        7.624000           0.384402E-5        1.002740           0.343005E-5        1.002589
        7.625999           0.384424E-5        1.002741           0.343023E-5        1.002589
        7.627999           0.384446E-5        1.002741           0.343041E-5        1.002589
        7.629999           0.384467E-5        1.002741           0.343060E-5        1.002589
        7.632000           0.384489E-5        1.002741           0.343078E-5        1.002589
        7.634000           0.384510E-5        1.002741           0.343096E-5        1.002589
        7.636000           0.384532E-5        1.002741           0.343114E-5        1.002589
        7.638000           0.384554E-5        1.002741           0.343132E-5        1.002589
        7.639999           0.384575E-5        1.002741           0.343151E-5        1.002589
        7.642000           0.384597E-5        1.002741           0.343169E-5        1.002589
        7.644000           0.384618E-5        1.002741           0.343187E-5        1.002589
        7.645999           0.384640E-5        1.002741           0.343205E-5        1.002589
        7.647999           0.384662E-5        1.002741           0.343223E-5        1.002589
        7.649999           0.384683E-5        1.002741           0.343242E-5        1.002589
        7.652000           0.384705E-5        1.002741           0.343260E-5        1.002590
        7.654000           0.384726E-5        1.002742           0.343278E-5        1.002590
        7.656000           0.384748E-5        1.002742           0.343296E-5        1.002590
        7.658000           0.384770E-5        1.002742           0.343314E-5        1.002590
        7.659999           0.384791E-5        1.002742           0.343333E-5        1.002590
        7.662000           0.384813E-5        1.002742           0.343351E-5        1.002590
        7.664000           0.384834E-5        1.002742           0.343369E-5        1.002590
        7.665999           0.384856E-5        1.002742           0.343387E-5        1.002590
        7.667999           0.384878E-5        1.002742           0.343406E-5        1.002590
        7.669999           0.384899E-5        1.002742           0.343424E-5        1.002590
        7.672000           0.384921E-5        1.002742           0.343442E-5        1.002590
        7.674000           0.384943E-5        1.002742           0.343460E-5        1.002590
        7.676000           0.384964E-5        1.002742           0.343479E-5        1.002590
        7.677999           0.384986E-5        1.002742           0.343497E-5        1.002590
        7.679999           0.385007E-5        1.002743           0.343515E-5        1.002591
        7.682000           0.385029E-5        1.002743           0.343533E-5        1.002591
        7.684000           0.385051E-5        1.002743           0.343552E-5        1.002591
        7.685999           0.385072E-5        1.002743           0.343570E-5        1.002591
        7.687999           0.385094E-5        1.002743           0.343588E-5        1.002591
        7.689999           0.385116E-5        1.002743           0.343606E-5        1.002591
        7.692000           0.385137E-5        1.002743           0.343624E-5        1.002591
        7.694000           0.385159E-5        1.002743           0.343643E-5        1.002591
        7.695999           0.385181E-5        1.002743           0.343661E-5        1.002591
        7.697999           0.385202E-5        1.002743           0.343679E-5        1.002591
        7.699999           0.385224E-5        1.002743           0.343698E-5        1.002591
        7.702000           0.385246E-5        1.002743           0.343716E-5        1.002591
        7.704000           0.385267E-5        1.002743           0.343734E-5        1.002591
        7.705999           0.385289E-5        1.002743           0.343752E-5        1.002591
        7.707999           0.385311E-5        1.002744           0.343771E-5        1.002591
        7.710000           0.385332E-5        1.002744           0.343789E-5        1.002592
        7.712000           0.385354E-5        1.002744           0.343807E-5        1.002592
        7.713999           0.385376E-5        1.002744           0.343825E-5        1.002592
        7.715999           0.385397E-5        1.002744           0.343844E-5        1.002592
        7.717999           0.385419E-5        1.002744           0.343862E-5        1.002592
        7.720000           0.385441E-5        1.002744           0.343880E-5        1.002592
        7.722000           0.385462E-5        1.002744           0.343898E-5        1.002592
        7.724000           0.385484E-5        1.002744           0.343917E-5        1.002592
        7.725999           0.385506E-5        1.002744           0.343935E-5        1.002592
        7.727999           0.385527E-5        1.002744           0.343953E-5        1.002592
        7.730000           0.385549E-5        1.002744           0.343971E-5        1.002592
        7.731999           0.385571E-5        1.002745           0.343990E-5        1.002592
        7.733999           0.385592E-5        1.002745           0.344008E-5        1.002592
        7.735999           0.385614E-5        1.002745           0.344026E-5        1.002592
        7.737999           0.385636E-5        1.002745           0.344045E-5        1.002593
        7.740000           0.385658E-5        1.002745           0.344063E-5        1.002593
        7.742000           0.385679E-5        1.002745           0.344081E-5        1.002593
        7.743999           0.385701E-5        1.002745           0.344099E-5        1.002593
        7.745999           0.385723E-5        1.002745           0.344118E-5        1.002593
        7.747999           0.385744E-5        1.002745           0.344136E-5        1.002593
        7.750000           0.385766E-5        1.002745           0.344154E-5        1.002593
        7.751999           0.385788E-5        1.002745           0.344173E-5        1.002593
        7.753999           0.385810E-5        1.002745           0.344191E-5        1.002593
        7.755999           0.385831E-5        1.002746           0.344209E-5        1.002593
        7.757999           0.385853E-5        1.002746           0.344227E-5        1.002593
        7.760000           0.385875E-5        1.002746           0.344246E-5        1.002593
        7.762000           0.385896E-5        1.002746           0.344264E-5        1.002593
        7.763999           0.385918E-5        1.002746           0.344282E-5        1.002593
        7.765999           0.385940E-5        1.002746           0.344301E-5        1.002594
        7.767999           0.385962E-5        1.002746           0.344319E-5        1.002594
        7.770000           0.385983E-5        1.002746           0.344337E-5        1.002594
        7.771999           0.386005E-5        1.002746           0.344356E-5        1.002594
        7.773999           0.386027E-5        1.002746           0.344374E-5        1.002594
        7.775999           0.386048E-5        1.002746           0.344392E-5        1.002594
        7.777999           0.386070E-5        1.002746           0.344411E-5        1.002594
        7.780000           0.386092E-5        1.002746           0.344429E-5        1.002594
        7.782000           0.386114E-5        1.002746           0.344447E-5        1.002594
        7.783999           0.386135E-5        1.002747           0.344465E-5        1.002594
        7.785999           0.386157E-5        1.002747           0.344484E-5        1.002594
        7.788000           0.386179E-5        1.002747           0.344502E-5        1.002594
        7.789999           0.386201E-5        1.002747           0.344520E-5        1.002594
        7.791999           0.386222E-5        1.002747           0.344539E-5        1.002594
        7.793999           0.386244E-5        1.002747           0.344557E-5        1.002594
        7.795999           0.386266E-5        1.002747           0.344575E-5        1.002594
        7.798000           0.386287E-5        1.002747           0.344594E-5        1.002595
        7.800000           0.386309E-5        1.002747           0.344612E-5        1.002595
        7.802000           0.386331E-5        1.002747           0.344630E-5        1.002595
        7.803999           0.386353E-5        1.002747           0.344649E-5        1.002595
        7.805999           0.386375E-5        1.002747           0.344667E-5        1.002595
        7.808000           0.386396E-5        1.002747           0.344685E-5        1.002595
        7.809999           0.386418E-5        1.002748           0.344704E-5        1.002595
        7.811999           0.386440E-5        1.002748           0.344722E-5        1.002595
        7.813999           0.386462E-5        1.002748           0.344740E-5        1.002595
        7.815999           0.386483E-5        1.002748           0.344759E-5        1.002595
        7.818000           0.386505E-5        1.002748           0.344777E-5        1.002595
        7.820000           0.386527E-5        1.002748           0.344795E-5        1.002595
        7.822000           0.386549E-5        1.002748           0.344814E-5        1.002595
        7.823999           0.386570E-5        1.002748           0.344832E-5        1.002595
        7.825999           0.386592E-5        1.002748           0.344850E-5        1.002596
        7.828000           0.386614E-5        1.002748           0.344869E-5        1.002596
        7.829999           0.386636E-5        1.002748           0.344887E-5        1.002596
        7.831999           0.386658E-5        1.002748           0.344905E-5        1.002596
        7.833999           0.386679E-5        1.002748           0.344924E-5        1.002596
        7.835999           0.386701E-5        1.002748           0.344942E-5        1.002596
        7.838000           0.386723E-5        1.002749           0.344960E-5        1.002596
        7.840000           0.386745E-5        1.002749           0.344979E-5        1.002596
        7.842000           0.386766E-5        1.002749           0.344997E-5        1.002596
        7.843999           0.386788E-5        1.002749           0.345016E-5        1.002596
        7.845999           0.386810E-5        1.002749           0.345034E-5        1.002596
        7.848000           0.386832E-5        1.002749           0.345052E-5        1.002596
        7.849999           0.386854E-5        1.002749           0.345071E-5        1.002596
        7.851999           0.386875E-5        1.002749           0.345089E-5        1.002596
        7.853999           0.386897E-5        1.002749           0.345107E-5        1.002596
        7.856000           0.386919E-5        1.002749           0.345126E-5        1.002597
        7.858000           0.386941E-5        1.002749           0.345144E-5        1.002597
        7.860000           0.386963E-5        1.002749           0.345162E-5        1.002597
        7.862000           0.386984E-5        1.002750           0.345181E-5        1.002597
        7.863999           0.387006E-5        1.002750           0.345199E-5        1.002597
        7.866000           0.387028E-5        1.002750           0.345218E-5        1.002597
        7.868000           0.387050E-5        1.002750           0.345236E-5        1.002597
        7.869999           0.387072E-5        1.002750           0.345254E-5        1.002597
        7.871999           0.387093E-5        1.002750           0.345273E-5        1.002597
        7.873999           0.387115E-5        1.002750           0.345291E-5        1.002597
        7.876000           0.387137E-5        1.002750           0.345310E-5        1.002597
        7.878000           0.387159E-5        1.002750           0.345328E-5        1.002597
        7.880000           0.387181E-5        1.002750           0.345346E-5        1.002597
        7.881999           0.387203E-5        1.002750           0.345365E-5        1.002597
        7.883999           0.387224E-5        1.002750           0.345383E-5        1.002598
        7.886000           0.387246E-5        1.002751           0.345401E-5        1.002598
        7.888000           0.387268E-5        1.002751           0.345420E-5        1.002598
        7.889999           0.387290E-5        1.002751           0.345438E-5        1.002598
        7.891999           0.387312E-5        1.002751           0.345457E-5        1.002598
        7.893999           0.387334E-5        1.002751           0.345475E-5        1.002598
        7.896000           0.387355E-5        1.002751           0.345493E-5        1.002598
        7.898000           0.387377E-5        1.002751           0.345512E-5        1.002598
        7.900000           0.387399E-5        1.002751           0.345530E-5        1.002598
        7.901999           0.387421E-5        1.002751           0.345549E-5        1.002598
        7.903999           0.387443E-5        1.002751           0.345567E-5        1.002598
        7.906000           0.387465E-5        1.002751           0.345585E-5        1.002598
        7.908000           0.387486E-5        1.002751           0.345604E-5        1.002598
        7.909999           0.387508E-5        1.002751           0.345622E-5        1.002598
        7.911999           0.387530E-5        1.002751           0.345641E-5        1.002599
        7.913999           0.387552E-5        1.002752           0.345659E-5        1.002599
        7.916000           0.387574E-5        1.002752           0.345677E-5        1.002599
        7.918000           0.387596E-5        1.002752           0.345696E-5        1.002599
        7.920000           0.387618E-5        1.002752           0.345714E-5        1.002599
        7.921999           0.387639E-5        1.002752           0.345733E-5        1.002599
        7.923999           0.387661E-5        1.002752           0.345751E-5        1.002599
        7.926000           0.387683E-5        1.002752           0.345770E-5        1.002599
        7.927999           0.387705E-5        1.002752           0.345788E-5        1.002599
        7.929999           0.387727E-5        1.002752           0.345806E-5        1.002599
        7.931999           0.387749E-5        1.002752           0.345825E-5        1.002599
        7.934000           0.387771E-5        1.002752           0.345843E-5        1.002599
        7.936000           0.387793E-5        1.002752           0.345862E-5        1.002599
        7.938000           0.387814E-5        1.002753           0.345880E-5        1.002599
        7.939999           0.387836E-5        1.002753           0.345898E-5        1.002599
        7.941999           0.387858E-5        1.002753           0.345917E-5        1.002600
        7.944000           0.387880E-5        1.002753           0.345935E-5        1.002600
        7.946000           0.387902E-5        1.002753           0.345954E-5        1.002600
        7.947999           0.387924E-5        1.002753           0.345972E-5        1.002600
        7.949999           0.387946E-5        1.002753           0.345991E-5        1.002600
        7.951999           0.387968E-5        1.002753           0.346009E-5        1.002600
        7.954000           0.387990E-5        1.002753           0.346028E-5        1.002600
        7.955999           0.388011E-5        1.002753           0.346046E-5        1.002600
        7.957999           0.388033E-5        1.002753           0.346064E-5        1.002600
        7.959999           0.388055E-5        1.002753           0.346083E-5        1.002600
        7.961999           0.388077E-5        1.002753           0.346101E-5        1.002600
        7.964000           0.388099E-5        1.002753           0.346120E-5        1.002600
        7.966000           0.388121E-5        1.002754           0.346138E-5        1.002600
        7.967999           0.388143E-5        1.002754           0.346157E-5        1.002600
        7.969999           0.388165E-5        1.002754           0.346175E-5        1.002601
        7.971999           0.388187E-5        1.002754           0.346193E-5        1.002601
        7.974000           0.388208E-5        1.002754           0.346212E-5        1.002601
        7.975999           0.388230E-5        1.002754           0.346230E-5        1.002601
        7.977999           0.388252E-5        1.002754           0.346249E-5        1.002601
        7.979999           0.388274E-5        1.002754           0.346267E-5        1.002601
        7.981999           0.388296E-5        1.002754           0.346286E-5        1.002601
        7.984000           0.388318E-5        1.002754           0.346304E-5        1.002601
        7.986000           0.388340E-5        1.002754           0.346323E-5        1.002601
        7.987999           0.388362E-5        1.002754           0.346341E-5        1.002601
        7.989999           0.388384E-5        1.002755           0.346360E-5        1.002601
        7.991999           0.388406E-5        1.002755           0.346378E-5        1.002601
        7.993999           0.388428E-5        1.002755           0.346397E-5        1.002601
        7.995999           0.388450E-5        1.002755           0.346415E-5        1.002601
        7.997999           0.388472E-5        1.002755           0.346434E-5        1.002602
        7.999999           0.388494E-5        1.002755           0.346452E-5        1.002602
        8.001999           0.388515E-5        1.002755           0.346471E-5        1.002602
        8.004000           0.388537E-5        1.002755           0.346489E-5        1.002602
        8.006000           0.388559E-5        1.002755           0.346507E-5        1.002602
        8.007999           0.388581E-5        1.002755           0.346526E-5        1.002602
        8.009999           0.388603E-5        1.002755           0.346544E-5        1.002602
        8.012000           0.388625E-5        1.002755           0.346563E-5        1.002602
        8.014000           0.388647E-5        1.002755           0.346581E-5        1.002602
        8.016000           0.388669E-5        1.002756           0.346600E-5        1.002602
        8.018000           0.388691E-5        1.002756           0.346618E-5        1.002602
        8.020000           0.388713E-5        1.002756           0.346637E-5        1.002602
        8.021999           0.388735E-5        1.002756           0.346655E-5        1.002602
        8.023999           0.388757E-5        1.002756           0.346674E-5        1.002602
        8.025999           0.388779E-5        1.002756           0.346692E-5        1.002602
        8.027999           0.388801E-5        1.002756           0.346711E-5        1.002603
        8.029999           0.388823E-5        1.002756           0.346729E-5        1.002603
        8.032000           0.388845E-5        1.002756           0.346748E-5        1.002603
        8.033999           0.388867E-5        1.002756           0.346766E-5        1.002603
        8.035999           0.388889E-5        1.002756           0.346785E-5        1.002603
        8.037999           0.388911E-5        1.002756           0.346803E-5        1.002603
        8.039999           0.388933E-5        1.002756           0.346822E-5        1.002603
        8.042000           0.388955E-5        1.002757           0.346840E-5        1.002603
        8.044000           0.388977E-5        1.002757           0.346859E-5        1.002603
        8.046000           0.388999E-5        1.002757           0.346877E-5        1.002603
        8.047999           0.389020E-5        1.002757           0.346896E-5        1.002603
        8.049999           0.389043E-5        1.002757           0.346914E-5        1.002603
        8.052000           0.389065E-5        1.002757           0.346933E-5        1.002603
        8.054000           0.389086E-5        1.002757           0.346951E-5        1.002603
        8.056000           0.389108E-5        1.002757           0.346970E-5        1.002604
        8.058000           0.389130E-5        1.002757           0.346988E-5        1.002604
        8.059999           0.389152E-5        1.002757           0.347007E-5        1.002604
        8.061999           0.389174E-5        1.002757           0.347025E-5        1.002604
        8.063999           0.389196E-5        1.002757           0.347044E-5        1.002604
        8.065999           0.389218E-5        1.002757           0.347062E-5        1.002604
        8.067999           0.389240E-5        1.002758           0.347081E-5        1.002604
        8.069999           0.389262E-5        1.002758           0.347099E-5        1.002604
        8.072000           0.389284E-5        1.002758           0.347118E-5        1.002604
        8.073999           0.389306E-5        1.002758           0.347137E-5        1.002604
        8.075999           0.389328E-5        1.002758           0.347155E-5        1.002604
        8.077999           0.389350E-5        1.002758           0.347174E-5        1.002604
        8.080000           0.389373E-5        1.002758           0.347192E-5        1.002604
        8.082000           0.389394E-5        1.002758           0.347211E-5        1.002604
        8.084000           0.389417E-5        1.002758           0.347229E-5        1.002604
        8.085999           0.389438E-5        1.002758           0.347248E-5        1.002605
        8.087999           0.389461E-5        1.002758           0.347266E-5        1.002605
        8.090000           0.389482E-5        1.002758           0.347285E-5        1.002605
        8.092000           0.389505E-5        1.002759           0.347303E-5        1.002605
        8.094000           0.389527E-5        1.002759           0.347322E-5        1.002605
        8.096000           0.389549E-5        1.002759           0.347340E-5        1.002605
        8.098000           0.389571E-5        1.002759           0.347359E-5        1.002605
        8.099999           0.389593E-5        1.002759           0.347378E-5        1.002605
        8.101999           0.389615E-5        1.002759           0.347396E-5        1.002605
        8.103999           0.389637E-5        1.002759           0.347415E-5        1.002605
        8.105999           0.389659E-5        1.002759           0.347433E-5        1.002605
        8.107999           0.389681E-5        1.002759           0.347452E-5        1.002605
        8.110000           0.389703E-5        1.002759           0.347470E-5        1.002605
        8.112000           0.389725E-5        1.002759           0.347489E-5        1.002605
        8.113999           0.389747E-5        1.002759           0.347507E-5        1.002606
        8.115999           0.389769E-5        1.002759           0.347526E-5        1.002606
        8.117999           0.389791E-5        1.002759           0.347545E-5        1.002606
        8.120000           0.389813E-5        1.002760           0.347563E-5        1.002606
        8.122000           0.389835E-5        1.002760           0.347582E-5        1.002606
        8.124000           0.389857E-5        1.002760           0.347600E-5        1.002606
        8.125999           0.389879E-5        1.002760           0.347619E-5        1.002606
        8.127999           0.389901E-5        1.002760           0.347637E-5        1.002606
        8.130000           0.389923E-5        1.002760           0.347656E-5        1.002606
        8.132000           0.389945E-5        1.002760           0.347675E-5        1.002606
        8.134000           0.389967E-5        1.002760           0.347693E-5        1.002606
        8.136000           0.389989E-5        1.002760           0.347712E-5        1.002606
        8.137999           0.390012E-5        1.002760           0.347730E-5        1.002606
        8.139999           0.390034E-5        1.002760           0.347749E-5        1.002606
        8.141999           0.390056E-5        1.002760           0.347767E-5        1.002607
        8.143999           0.390078E-5        1.002761           0.347786E-5        1.002607
        8.145999           0.390100E-5        1.002761           0.347805E-5        1.002607
        8.147999           0.390122E-5        1.002761           0.347823E-5        1.002607
        8.150000           0.390144E-5        1.002761           0.347842E-5        1.002607
        8.151999           0.390166E-5        1.002761           0.347860E-5        1.002607
        8.153999           0.390188E-5        1.002761           0.347879E-5        1.002607
        8.155999           0.390210E-5        1.002761           0.347898E-5        1.002607
        8.158000           0.390232E-5        1.002761           0.347916E-5        1.002607
        8.160000           0.390254E-5        1.002761           0.347935E-5        1.002607
        8.162000           0.390276E-5        1.002761           0.347953E-5        1.002607
        8.164000           0.390298E-5        1.002761           0.347972E-5        1.002607
        8.165999           0.390321E-5        1.002761           0.347990E-5        1.002607
        8.168000           0.390343E-5        1.002761           0.348009E-5        1.002607
        8.170000           0.390365E-5        1.002761           0.348028E-5        1.002607
        8.171999           0.390387E-5        1.002762           0.348046E-5        1.002608
        8.173999           0.390409E-5        1.002762           0.348065E-5        1.002608
        8.175999           0.390431E-5        1.002762           0.348083E-5        1.002608
        8.177999           0.390453E-5        1.002762           0.348102E-5        1.002608
        8.179999           0.390475E-5        1.002762           0.348121E-5        1.002608
        8.181999           0.390497E-5        1.002762           0.348139E-5        1.002608
        8.183999           0.390520E-5        1.002762           0.348158E-5        1.002608
        8.185999           0.390542E-5        1.002762           0.348177E-5        1.002608
        8.188000           0.390564E-5        1.002762           0.348195E-5        1.002608
        8.190000           0.390586E-5        1.002762           0.348214E-5        1.002608
        8.191999           0.390608E-5        1.002762           0.348232E-5        1.002608
        8.193999           0.390630E-5        1.002762           0.348251E-5        1.002608
        8.195999           0.390652E-5        1.002763           0.348270E-5        1.002608
        8.198000           0.390674E-5        1.002763           0.348288E-5        1.002608
        8.200000           0.390696E-5        1.002763           0.348307E-5        1.002609
        8.202000           0.390718E-5        1.002763           0.348325E-5        1.002609
        8.204000           0.390741E-5        1.002763           0.348344E-5        1.002609
        8.205999           0.390763E-5        1.002763           0.348363E-5        1.002609
        8.207999           0.390785E-5        1.002763           0.348381E-5        1.002609
        8.209999           0.390807E-5        1.002763           0.348400E-5        1.002609
        8.211999           0.390829E-5        1.002763           0.348419E-5        1.002609
        8.213999           0.390851E-5        1.002763           0.348437E-5        1.002609
        8.215999           0.390873E-5        1.002763           0.348456E-5        1.002609
        8.217999           0.390896E-5        1.002763           0.348475E-5        1.002609
        8.219999           0.390918E-5        1.002764           0.348493E-5        1.002609
        8.221999           0.390940E-5        1.002764           0.348512E-5        1.002609
        8.223999           0.390962E-5        1.002764           0.348530E-5        1.002609
        8.225999           0.390984E-5        1.002764           0.348549E-5        1.002609
        8.228000           0.391006E-5        1.002764           0.348568E-5        1.002609
        8.230000           0.391028E-5        1.002764           0.348586E-5        1.002610
        8.231999           0.391051E-5        1.002764           0.348605E-5        1.002610
        8.233999           0.391073E-5        1.002764           0.348624E-5        1.002610
        8.236000           0.391095E-5        1.002764           0.348642E-5        1.002610
        8.238000           0.391117E-5        1.002764           0.348661E-5        1.002610
        8.240000           0.391139E-5        1.002764           0.348680E-5        1.002610
        8.242000           0.391161E-5        1.002764           0.348698E-5        1.002610
        8.243999           0.391184E-5        1.002764           0.348717E-5        1.002610
        8.245999           0.391206E-5        1.002764           0.348736E-5        1.002610
        8.247999           0.391228E-5        1.002765           0.348754E-5        1.002610
        8.249999           0.391250E-5        1.002765           0.348773E-5        1.002610
        8.251999           0.391272E-5        1.002765           0.348791E-5        1.002610
        8.253999           0.391294E-5        1.002765           0.348810E-5        1.002610
        8.256000           0.391317E-5        1.002765           0.348829E-5        1.002610
        8.257999           0.391339E-5        1.002765           0.348848E-5        1.002611
        8.259999           0.391361E-5        1.002765           0.348866E-5        1.002611
        8.261999           0.391383E-5        1.002765           0.348885E-5        1.002611
        8.263999           0.391405E-5        1.002765           0.348903E-5        1.002611
        8.266000           0.391427E-5        1.002765           0.348922E-5        1.002611
        8.268000           0.391450E-5        1.002765           0.348941E-5        1.002611
        8.270000           0.391472E-5        1.002765           0.348960E-5        1.002611
        8.271999           0.391494E-5        1.002766           0.348978E-5        1.002611
        8.273999           0.391516E-5        1.002766           0.348997E-5        1.002611
        8.276000           0.391538E-5        1.002766           0.349016E-5        1.002611
        8.278000           0.391561E-5        1.002766           0.349034E-5        1.002611
        8.280000           0.391583E-5        1.002766           0.349053E-5        1.002611
        8.282000           0.391605E-5        1.002766           0.349072E-5        1.002611
        8.283999           0.391627E-5        1.002766           0.349090E-5        1.002611
        8.285999           0.391649E-5        1.002766           0.349109E-5        1.002612
        8.287999           0.391672E-5        1.002766           0.349128E-5        1.002612
        8.289999           0.391694E-5        1.002766           0.349146E-5        1.002612
        8.291999           0.391716E-5        1.002766           0.349165E-5        1.002612
        8.293999           0.391738E-5        1.002766           0.349184E-5        1.002612
        8.296000           0.391760E-5        1.002766           0.349202E-5        1.002612
        8.297999           0.391783E-5        1.002766           0.349221E-5        1.002612
        8.299999           0.391805E-5        1.002767           0.349240E-5        1.002612
        8.301999           0.391827E-5        1.002767           0.349259E-5        1.002612
        8.303999           0.391849E-5        1.002767           0.349277E-5        1.002612
        8.306000           0.391872E-5        1.002767           0.349296E-5        1.002612
        8.308000           0.391894E-5        1.002767           0.349315E-5        1.002612
        8.309999           0.391916E-5        1.002767           0.349333E-5        1.002612
        8.311999           0.391938E-5        1.002767           0.349352E-5        1.002612
        8.314000           0.391960E-5        1.002767           0.349371E-5        1.002612
        8.316000           0.391983E-5        1.002767           0.349389E-5        1.002613
        8.318000           0.392005E-5        1.002767           0.349408E-5        1.002613
        8.320000           0.392027E-5        1.002767           0.349427E-5        1.002613
        8.322000           0.392049E-5        1.002767           0.349446E-5        1.002613
        8.323999           0.392072E-5        1.002768           0.349464E-5        1.002613
        8.325999           0.392094E-5        1.002768           0.349483E-5        1.002613
        8.327999           0.392116E-5        1.002768           0.349502E-5        1.002613
        8.329999           0.392138E-5        1.002768           0.349520E-5        1.002613
        8.331999           0.392161E-5        1.002768           0.349539E-5        1.002613
        8.334000           0.392183E-5        1.002768           0.349558E-5        1.002613
        8.335999           0.392205E-5        1.002768           0.349577E-5        1.002613
        8.337999           0.392227E-5        1.002768           0.349595E-5        1.002613
        8.339999           0.392250E-5        1.002768           0.349614E-5        1.002613
        8.341999           0.392272E-5        1.002768           0.349633E-5        1.002613
        8.344000           0.392294E-5        1.002768           0.349652E-5        1.002614
        8.346000           0.392316E-5        1.002768           0.349670E-5        1.002614
        8.348000           0.392339E-5        1.002769           0.349689E-5        1.002614
        8.349999           0.392361E-5        1.002769           0.349708E-5        1.002614
        8.351999           0.392383E-5        1.002769           0.349726E-5        1.002614
        8.354000           0.392405E-5        1.002769           0.349745E-5        1.002614
        8.356000           0.392428E-5        1.002769           0.349764E-5        1.002614
        8.358000           0.392450E-5        1.002769           0.349783E-5        1.002614
        8.360000           0.392472E-5        1.002769           0.349801E-5        1.002614
        8.361999           0.392494E-5        1.002769           0.349820E-5        1.002614
        8.363999           0.392517E-5        1.002769           0.349839E-5        1.002614
        8.365999           0.392539E-5        1.002769           0.349858E-5        1.002614
        8.367999           0.392561E-5        1.002769           0.349876E-5        1.002614
        8.369999           0.392584E-5        1.002769           0.349895E-5        1.002614
        8.371999           0.392606E-5        1.002769           0.349914E-5        1.002614
        8.374000           0.392628E-5        1.002769           0.349933E-5        1.002615
        8.375999           0.392650E-5        1.002770           0.349951E-5        1.002615
        8.377999           0.392673E-5        1.002770           0.349970E-5        1.002615
        8.379999           0.392695E-5        1.002770           0.349989E-5        1.002615
        8.382000           0.392717E-5        1.002770           0.350008E-5        1.002615
        8.384000           0.392740E-5        1.002770           0.350026E-5        1.002615
        8.386000           0.392762E-5        1.002770           0.350045E-5        1.002615
        8.388000           0.392784E-5        1.002770           0.350064E-5        1.002615
        8.389999           0.392806E-5        1.002770           0.350083E-5        1.002615
        8.392000           0.392829E-5        1.002770           0.350101E-5        1.002615
        8.394000           0.392851E-5        1.002770           0.350120E-5        1.002615
        8.396000           0.392873E-5        1.002770           0.350139E-5        1.002615
        8.397999           0.392896E-5        1.002770           0.350158E-5        1.002615
        8.399999           0.392918E-5        1.002771           0.350177E-5        1.002615
        8.401999           0.392940E-5        1.002771           0.350195E-5        1.002616
        8.403999           0.392963E-5        1.002771           0.350214E-5        1.002616
        8.405999           0.392985E-5        1.002771           0.350233E-5        1.002616
        8.407999           0.393007E-5        1.002771           0.350252E-5        1.002616
        8.409999           0.393030E-5        1.002771           0.350270E-5        1.002616
        8.412000           0.393052E-5        1.002771           0.350289E-5        1.002616
        8.414000           0.393074E-5        1.002771           0.350308E-5        1.002616
        8.415999           0.393097E-5        1.002771           0.350327E-5        1.002616
        8.417999           0.393119E-5        1.002771           0.350346E-5        1.002616
        8.419999           0.393141E-5        1.002771           0.350364E-5        1.002616
        8.422000           0.393164E-5        1.002771           0.350383E-5        1.002616
        8.424000           0.393186E-5        1.002771           0.350402E-5        1.002616
        8.426000           0.393208E-5        1.002771           0.350421E-5        1.002616
        8.427999           0.393231E-5        1.002772           0.350439E-5        1.002617
        8.429999           0.393253E-5        1.002772           0.350458E-5        1.002617
        8.432000           0.393275E-5        1.002772           0.350477E-5        1.002617
        8.433999           0.393298E-5        1.002772           0.350496E-5        1.002617
        8.435999           0.393320E-5        1.002772           0.350515E-5        1.002617
        8.437999           0.393342E-5        1.002772           0.350534E-5        1.002617
        8.439999           0.393365E-5        1.002772           0.350552E-5        1.002617
        8.441999           0.393387E-5        1.002772           0.350571E-5        1.002617
        8.443999           0.393409E-5        1.002772           0.350590E-5        1.002617
        8.445999           0.393432E-5        1.002772           0.350609E-5        1.002617
        8.447999           0.393454E-5        1.002772           0.350628E-5        1.002617
        8.449999           0.393476E-5        1.002772           0.350646E-5        1.002617
        8.452000           0.393499E-5        1.002773           0.350665E-5        1.002617
        8.454000           0.393521E-5        1.002773           0.350684E-5        1.002617
        8.455999           0.393544E-5        1.002773           0.350703E-5        1.002617
        8.457999           0.393566E-5        1.002773           0.350722E-5        1.002617
        8.460000           0.393588E-5        1.002773           0.350740E-5        1.002618
        8.462000           0.393611E-5        1.002773           0.350759E-5        1.002618
        8.464000           0.393633E-5        1.002773           0.350778E-5        1.002618
        8.466000           0.393655E-5        1.002773           0.350797E-5        1.002618
        8.467999           0.393678E-5        1.002773           0.350816E-5        1.002618
        8.469999           0.393700E-5        1.002773           0.350835E-5        1.002618
        8.471999           0.393723E-5        1.002773           0.350853E-5        1.002618
        8.473999           0.393745E-5        1.002773           0.350872E-5        1.002618
        8.475999           0.393767E-5        1.002774           0.350891E-5        1.002618
        8.477999           0.393790E-5        1.002774           0.350910E-5        1.002618
        8.480000           0.393812E-5        1.002774           0.350929E-5        1.002618
        8.481999           0.393834E-5        1.002774           0.350948E-5        1.002618
        8.483999           0.393857E-5        1.002774           0.350966E-5        1.002618
        8.485999           0.393879E-5        1.002774           0.350985E-5        1.002619
        8.487999           0.393902E-5        1.002774           0.351004E-5        1.002619
        8.490000           0.393924E-5        1.002774           0.351023E-5        1.002619
        8.492000           0.393946E-5        1.002774           0.351042E-5        1.002619
        8.493999           0.393969E-5        1.002774           0.351061E-5        1.002619
        8.495999           0.393991E-5        1.002774           0.351079E-5        1.002619
        8.497999           0.394014E-5        1.002774           0.351098E-5        1.002619
        8.500000           0.394036E-5        1.002774           0.351117E-5        1.002619
        8.502000           0.394058E-5        1.002775           0.351136E-5        1.002619
        8.504000           0.394081E-5        1.002775           0.351155E-5        1.002619
        8.506000           0.394103E-5        1.002775           0.351174E-5        1.002619
        8.507999           0.394126E-5        1.002775           0.351193E-5        1.002619
        8.509999           0.394148E-5        1.002775           0.351211E-5        1.002619
        8.511999           0.394170E-5        1.002775           0.351230E-5        1.002619
        8.513999           0.394193E-5        1.002775           0.351249E-5        1.002620
        8.515999           0.394215E-5        1.002775           0.351268E-5        1.002620
        8.517999           0.394238E-5        1.002775           0.351287E-5        1.002620
        8.520000           0.394260E-5        1.002775           0.351306E-5        1.002620
        8.521999           0.394283E-5        1.002775           0.351325E-5        1.002620
        8.523999           0.394305E-5        1.002775           0.351343E-5        1.002620
        8.525999           0.394327E-5        1.002776           0.351362E-5        1.002620
        8.527999           0.394350E-5        1.002776           0.351381E-5        1.002620
        8.530000           0.394372E-5        1.002776           0.351400E-5        1.002620
        8.532000           0.394395E-5        1.002776           0.351419E-5        1.002620
        8.533999           0.394417E-5        1.002776           0.351438E-5        1.002620
        8.535999           0.394440E-5        1.002776           0.351457E-5        1.002620
        8.538000           0.394462E-5        1.002776           0.351476E-5        1.002620
        8.540000           0.394485E-5        1.002776           0.351494E-5        1.002620
        8.542000           0.394507E-5        1.002776           0.351513E-5        1.002620
        8.544000           0.394529E-5        1.002776           0.351532E-5        1.002621
        8.546000           0.394552E-5        1.002776           0.351551E-5        1.002621
        8.547999           0.394574E-5        1.002776           0.351570E-5        1.002621
        8.549999           0.394597E-5        1.002776           0.351589E-5        1.002621
        8.551999           0.394619E-5        1.002777           0.351608E-5        1.002621
        8.553999           0.394642E-5        1.002777           0.351627E-5        1.002621
        8.555999           0.394664E-5        1.002777           0.351645E-5        1.002621
        8.558000           0.394687E-5        1.002777           0.351664E-5        1.002621
        8.559999           0.394709E-5        1.002777           0.351683E-5        1.002621
        8.561999           0.394732E-5        1.002777           0.351702E-5        1.002621
        8.563999           0.394754E-5        1.002777           0.351721E-5        1.002621
        8.565999           0.394777E-5        1.002777           0.351740E-5        1.002621
        8.568000           0.394799E-5        1.002777           0.351759E-5        1.002621
        8.570000           0.394821E-5        1.002777           0.351778E-5        1.002621
        8.572000           0.394844E-5        1.002777           0.351797E-5        1.002622
        8.573999           0.394866E-5        1.002777           0.351816E-5        1.002622
        8.575999           0.394889E-5        1.002777           0.351834E-5        1.002622
        8.578000           0.394911E-5        1.002778           0.351853E-5        1.002622
        8.580000           0.394934E-5        1.002778           0.351872E-5        1.002622
        8.582000           0.394956E-5        1.002778           0.351891E-5        1.002622
        8.584000           0.394979E-5        1.002778           0.351910E-5        1.002622
        8.585999           0.395001E-5        1.002778           0.351929E-5        1.002622
        8.587999           0.395024E-5        1.002778           0.351948E-5        1.002622
        8.589999           0.395046E-5        1.002778           0.351967E-5        1.002622
        8.591999           0.395069E-5        1.002778           0.351986E-5        1.002622
        8.593999           0.395091E-5        1.002778           0.352005E-5        1.002622
        8.595999           0.395114E-5        1.002778           0.352024E-5        1.002622
        8.598000           0.395136E-5        1.002778           0.352042E-5        1.002622
        8.599999           0.395159E-5        1.002778           0.352061E-5        1.002622
        8.601999           0.395181E-5        1.002779           0.352080E-5        1.002623
        8.603999           0.395204E-5        1.002779           0.352099E-5        1.002623
        8.606000           0.395226E-5        1.002779           0.352118E-5        1.002623
        8.608000           0.395249E-5        1.002779           0.352137E-5        1.002623
        8.610000           0.395271E-5        1.002779           0.352156E-5        1.002623
        8.612000           0.395294E-5        1.002779           0.352175E-5        1.002623
        8.613999           0.395316E-5        1.002779           0.352194E-5        1.002623
        8.616000           0.395339E-5        1.002779           0.352213E-5        1.002623
        8.618000           0.395361E-5        1.002779           0.352232E-5        1.002623
        8.620000           0.395384E-5        1.002779           0.352251E-5        1.002623
        8.621999           0.395406E-5        1.002779           0.352270E-5        1.002623
        8.623999           0.395429E-5        1.002779           0.352289E-5        1.002623
        8.625999           0.395451E-5        1.002779           0.352308E-5        1.002623
        8.627999           0.395474E-5        1.002779           0.352327E-5        1.002624
        8.629999           0.395496E-5        1.002780           0.352345E-5        1.002624
        8.631999           0.395519E-5        1.002780           0.352364E-5        1.002624
        8.633999           0.395542E-5        1.002780           0.352383E-5        1.002624
        8.636000           0.395564E-5        1.002780           0.352402E-5        1.002624
        8.638000           0.395587E-5        1.002780           0.352421E-5        1.002624
        8.639999           0.395609E-5        1.002780           0.352440E-5        1.002624
        8.641999           0.395632E-5        1.002780           0.352459E-5        1.002624
        8.643999           0.395654E-5        1.002780           0.352478E-5        1.002624
        8.646000           0.395677E-5        1.002780           0.352497E-5        1.002624
        8.648000           0.395699E-5        1.002780           0.352516E-5        1.002624
        8.650000           0.395722E-5        1.002780           0.352535E-5        1.002624
        8.651999           0.395744E-5        1.002780           0.352554E-5        1.002624
        8.653999           0.395767E-5        1.002781           0.352573E-5        1.002624
        8.656000           0.395790E-5        1.002781           0.352592E-5        1.002625
        8.657999           0.395812E-5        1.002781           0.352611E-5        1.002625
        8.659999           0.395835E-5        1.002781           0.352630E-5        1.002625
        8.661999           0.395857E-5        1.002781           0.352649E-5        1.002625
        8.663999           0.395880E-5        1.002781           0.352668E-5        1.002625
        8.665999           0.395902E-5        1.002781           0.352687E-5        1.002625
        8.667999           0.395925E-5        1.002781           0.352706E-5        1.002625
        8.669999           0.395947E-5        1.002781           0.352725E-5        1.002625
        8.671999           0.395970E-5        1.002781           0.352744E-5        1.002625
        8.673999           0.395993E-5        1.002781           0.352763E-5        1.002625
        8.676000           0.396015E-5        1.002781           0.352782E-5        1.002625
        8.677999           0.396038E-5        1.002782           0.352801E-5        1.002625
        8.679999           0.396060E-5        1.002782           0.352820E-5        1.002625
        8.681999           0.396083E-5        1.002782           0.352839E-5        1.002625
        8.684000           0.396106E-5        1.002782           0.352858E-5        1.002625
        8.686000           0.396128E-5        1.002782           0.352877E-5        1.002626
        8.688000           0.396151E-5        1.002782           0.352896E-5        1.002626
        8.690000           0.396173E-5        1.002782           0.352915E-5        1.002626
        8.691999           0.396196E-5        1.002782           0.352934E-5        1.002626
        8.693999           0.396219E-5        1.002782           0.352953E-5        1.002626
        8.695999           0.396241E-5        1.002782           0.352972E-5        1.002626
        8.697999           0.396264E-5        1.002782           0.352991E-5        1.002626
        8.699999           0.396286E-5        1.002782           0.353010E-5        1.002626
        8.701999           0.396309E-5        1.002782           0.353029E-5        1.002626
        8.704000           0.396332E-5        1.002783           0.353048E-5        1.002626
        8.705999           0.396354E-5        1.002783           0.353067E-5        1.002626
        8.707999           0.396377E-5        1.002783           0.353086E-5        1.002626
        8.709999           0.396399E-5        1.002783           0.353105E-5        1.002626
        8.711999           0.396422E-5        1.002783           0.353124E-5        1.002626
        8.714000           0.396445E-5        1.002783           0.353143E-5        1.002627
        8.716000           0.396467E-5        1.002783           0.353162E-5        1.002627
        8.717999           0.396490E-5        1.002783           0.353181E-5        1.002627
        8.719999           0.396512E-5        1.002783           0.353200E-5        1.002627
        8.721999           0.396535E-5        1.002783           0.353219E-5        1.002627
        8.724000           0.396558E-5        1.002783           0.353238E-5        1.002627
        8.726000           0.396580E-5        1.002783           0.353257E-5        1.002627
        8.728000           0.396603E-5        1.002784           0.353276E-5        1.002627
        8.730000           0.396625E-5        1.002784           0.353295E-5        1.002627
        8.731999           0.396648E-5        1.002784           0.353314E-5        1.002627
        8.733999           0.396671E-5        1.002784           0.353333E-5        1.002627
        8.735999           0.396693E-5        1.002784           0.353352E-5        1.002627
        8.737999           0.396716E-5        1.002784           0.353371E-5        1.002627
        8.739999           0.396739E-5        1.002784           0.353390E-5        1.002627
        8.741999           0.396761E-5        1.002784           0.353409E-5        1.002627
        8.743999           0.396784E-5        1.002784           0.353428E-5        1.002628
        8.745999           0.396807E-5        1.002784           0.353447E-5        1.002628
        8.747999           0.396829E-5        1.002784           0.353466E-5        1.002628
        8.749999           0.396852E-5        1.002784           0.353485E-5        1.002628
        8.751999           0.396875E-5        1.002784           0.353504E-5        1.002628
        8.754000           0.396897E-5        1.002784           0.353523E-5        1.002628
        8.756000           0.396920E-5        1.002785           0.353542E-5        1.002628
        8.757999           0.396942E-5        1.002785           0.353561E-5        1.002628
        8.759999           0.396965E-5        1.002785           0.353580E-5        1.002628
        8.762000           0.396988E-5        1.002785           0.353599E-5        1.002628
        8.764000           0.397010E-5        1.002785           0.353618E-5        1.002628
        8.766000           0.397033E-5        1.002785           0.353637E-5        1.002628
        8.768000           0.397056E-5        1.002785           0.353656E-5        1.002628
        8.770000           0.397079E-5        1.002785           0.353676E-5        1.002629
        8.771999           0.397101E-5        1.002785           0.353695E-5        1.002629
        8.773999           0.397124E-5        1.002785           0.353714E-5        1.002629
        8.775999           0.397147E-5        1.002785           0.353733E-5        1.002629
        8.777999           0.397169E-5        1.002785           0.353752E-5        1.002629
        8.779999           0.397192E-5        1.002786           0.353771E-5        1.002629
        8.782000           0.397214E-5        1.002786           0.353790E-5        1.002629
        8.783999           0.397237E-5        1.002786           0.353809E-5        1.002629
        8.785999           0.397260E-5        1.002786           0.353828E-5        1.002629
        8.787999           0.397283E-5        1.002786           0.353847E-5        1.002629
        8.789999           0.397305E-5        1.002786           0.353866E-5        1.002629
        8.792000           0.397328E-5        1.002786           0.353885E-5        1.002629
        8.794000           0.397351E-5        1.002786           0.353904E-5        1.002629
        8.796000           0.397373E-5        1.002786           0.353923E-5        1.002629
        8.797999           0.397396E-5        1.002786           0.353943E-5        1.002630
        8.799999           0.397419E-5        1.002786           0.353962E-5        1.002630
        8.802000           0.397441E-5        1.002786           0.353981E-5        1.002630
        8.804000           0.397464E-5        1.002787           0.354000E-5        1.002630
        8.806000           0.397487E-5        1.002787           0.354019E-5        1.002630
        8.808000           0.397509E-5        1.002787           0.354038E-5        1.002630
        8.809999           0.397532E-5        1.002787           0.354057E-5        1.002630
        8.811999           0.397555E-5        1.002787           0.354076E-5        1.002630
        8.813999           0.397578E-5        1.002787           0.354095E-5        1.002630
        8.815999           0.397600E-5        1.002787           0.354114E-5        1.002630
        8.817999           0.397623E-5        1.002787           0.354133E-5        1.002630
        8.819999           0.397646E-5        1.002787           0.354152E-5        1.002630
        8.822000           0.397669E-5        1.002787           0.354172E-5        1.002630
        8.823999           0.397691E-5        1.002787           0.354191E-5        1.002630
        8.825999           0.397714E-5        1.002787           0.354210E-5        1.002630
        8.827999           0.397737E-5        1.002787           0.354229E-5        1.002631
        8.829999           0.397759E-5        1.002788           0.354248E-5        1.002631
        8.832000           0.397782E-5        1.002788           0.354267E-5        1.002631
        8.834000           0.397805E-5        1.002788           0.354286E-5        1.002631
        8.835999           0.397828E-5        1.002788           0.354305E-5        1.002631
        8.837999           0.397850E-5        1.002788           0.354324E-5        1.002631
        8.840000           0.397873E-5        1.002788           0.354343E-5        1.002631
        8.842000           0.397896E-5        1.002788           0.354363E-5        1.002631
        8.844000           0.397918E-5        1.002788           0.354382E-5        1.002631
        8.846000           0.397941E-5        1.002788           0.354401E-5        1.002631
        8.847999           0.397964E-5        1.002788           0.354420E-5        1.002631
        8.849999           0.397987E-5        1.002788           0.354439E-5        1.002631
        8.851999           0.398009E-5        1.002788           0.354458E-5        1.002631
        8.853999           0.398032E-5        1.002789           0.354477E-5        1.002632
        8.855999           0.398055E-5        1.002789           0.354496E-5        1.002632
        8.857999           0.398078E-5        1.002789           0.354515E-5        1.002632
        8.860000           0.398100E-5        1.002789           0.354535E-5        1.002632
        8.862000           0.398123E-5        1.002789           0.354554E-5        1.002632
        8.863999           0.398146E-5        1.002789           0.354573E-5        1.002632
        8.865999           0.398169E-5        1.002789           0.354592E-5        1.002632
        8.867999           0.398191E-5        1.002789           0.354611E-5        1.002632
        8.870000           0.398214E-5        1.002789           0.354630E-5        1.002632
        8.872000           0.398237E-5        1.002789           0.354649E-5        1.002632
        8.874000           0.398260E-5        1.002789           0.354669E-5        1.002632
        8.875999           0.398283E-5        1.002789           0.354688E-5        1.002632
        8.877999           0.398305E-5        1.002789           0.354707E-5        1.002632
        8.880000           0.398328E-5        1.002789           0.354726E-5        1.002632
        8.882000           0.398351E-5        1.002790           0.354745E-5        1.002632
        8.883999           0.398374E-5        1.002790           0.354764E-5        1.002632
        8.885999           0.398396E-5        1.002790           0.354783E-5        1.002633
        8.887999           0.398419E-5        1.002790           0.354802E-5        1.002633
        8.889999           0.398442E-5        1.002790           0.354822E-5        1.002633
        8.891999           0.398465E-5        1.002790           0.354841E-5        1.002633
        8.893999           0.398488E-5        1.002790           0.354860E-5        1.002633
        8.895999           0.398510E-5        1.002790           0.354879E-5        1.002633
        8.897999           0.398533E-5        1.002790           0.354898E-5        1.002633
        8.900000           0.398556E-5        1.002790           0.354917E-5        1.002633
        8.901999           0.398579E-5        1.002790           0.354937E-5        1.002633
        8.903999           0.398602E-5        1.002790           0.354956E-5        1.002633
        8.905999           0.398624E-5        1.002791           0.354975E-5        1.002633
        8.908000           0.398647E-5        1.002791           0.354994E-5        1.002633
        8.910000           0.398670E-5        1.002791           0.355013E-5        1.002633
        8.912000           0.398693E-5        1.002791           0.355032E-5        1.002634
        8.914000           0.398716E-5        1.002791           0.355052E-5        1.002634
        8.915999           0.398738E-5        1.002791           0.355071E-5        1.002634
        8.917999           0.398761E-5        1.002791           0.355090E-5        1.002634
        8.919999           0.398784E-5        1.002791           0.355109E-5        1.002634
        8.921999           0.398807E-5        1.002791           0.355128E-5        1.002634
        8.923999           0.398830E-5        1.002791           0.355147E-5        1.002634
        8.925999           0.398852E-5        1.002791           0.355167E-5        1.002634
        8.927999           0.398875E-5        1.002791           0.355186E-5        1.002634
        8.929999           0.398898E-5        1.002792           0.355205E-5        1.002634
        8.931999           0.398921E-5        1.002792           0.355224E-5        1.002634
        8.933999           0.398944E-5        1.002792           0.355243E-5        1.002634
        8.935999           0.398966E-5        1.002792           0.355262E-5        1.002634
        8.938000           0.398989E-5        1.002792           0.355282E-5        1.002635
        8.940000           0.399012E-5        1.002792           0.355301E-5        1.002635
        8.941999           0.399035E-5        1.002792           0.355320E-5        1.002635
        8.943999           0.399058E-5        1.002792           0.355339E-5        1.002635
        8.945999           0.399081E-5        1.002792           0.355358E-5        1.002635
        8.948000           0.399104E-5        1.002792           0.355378E-5        1.002635
        8.950000           0.399126E-5        1.002792           0.355397E-5        1.002635
        8.952000           0.399149E-5        1.002792           0.355416E-5        1.002635
        8.954000           0.399172E-5        1.002792           0.355435E-5        1.002635
        8.955999           0.399195E-5        1.002793           0.355454E-5        1.002635
        8.957999           0.399218E-5        1.002793           0.355474E-5        1.002635
        8.959999           0.399241E-5        1.002793           0.355493E-5        1.002635
        8.961999           0.399263E-5        1.002793           0.355512E-5        1.002635
        8.963999           0.399286E-5        1.002793           0.355531E-5        1.002635
        8.965999           0.399309E-5        1.002793           0.355550E-5        1.002635
        8.967999           0.399332E-5        1.002793           0.355570E-5        1.002635
        8.969999           0.399355E-5        1.002793           0.355589E-5        1.002636
        8.971999           0.399378E-5        1.002793           0.355608E-5        1.002636
        8.973999           0.399401E-5        1.002793           0.355627E-5        1.002636
        8.975999           0.399424E-5        1.002793           0.355646E-5        1.002636
        8.978000           0.399446E-5        1.002793           0.355666E-5        1.002636
        8.980000           0.399469E-5        1.002794           0.355685E-5        1.002636
        8.981999           0.399492E-5        1.002794           0.355704E-5        1.002636
        8.983999           0.399515E-5        1.002794           0.355723E-5        1.002636
        8.986000           0.399538E-5        1.002794           0.355743E-5        1.002636
        8.988000           0.399561E-5        1.002794           0.355762E-5        1.002636
        8.990000           0.399584E-5        1.002794           0.355781E-5        1.002636
        8.992000           0.399606E-5        1.002794           0.355800E-5        1.002636
        8.993999           0.399629E-5        1.002794           0.355819E-5        1.002636
        8.995999           0.399652E-5        1.002794           0.355839E-5        1.002637
        8.997999           0.399675E-5        1.002794           0.355858E-5        1.002637
        8.999999           0.399698E-5        1.002794           0.355877E-5        1.002637
        9.001999           0.399721E-5        1.002794           0.355896E-5        1.002637
        9.003999           0.399744E-5        1.002795           0.355916E-5        1.002637
        9.006000           0.399767E-5        1.002795           0.355935E-5        1.002637
        9.007999           0.399790E-5        1.002795           0.355954E-5        1.002637
        9.009999           0.399813E-5        1.002795           0.355973E-5        1.002637
        9.011999           0.399835E-5        1.002795           0.355993E-5        1.002637
        9.013999           0.399858E-5        1.002795           0.356012E-5        1.002637
        9.016000           0.399881E-5        1.002795           0.356031E-5        1.002637
        9.018000           0.399904E-5        1.002795           0.356050E-5        1.002637
        9.020000           0.399927E-5        1.002795           0.356070E-5        1.002637
        9.021999           0.399950E-5        1.002795           0.356089E-5        1.002638
        9.023999           0.399973E-5        1.002795           0.356108E-5        1.002638
        9.026000           0.399996E-5        1.002795           0.356127E-5        1.002638
        9.028000           0.400019E-5        1.002795           0.356147E-5        1.002638
        9.030000           0.400042E-5        1.002795           0.356166E-5        1.002638
        9.032000           0.400065E-5        1.002796           0.356185E-5        1.002638
        9.033999           0.400087E-5        1.002796           0.356204E-5        1.002638
        9.035999           0.400110E-5        1.002796           0.356224E-5        1.002638
        9.037999           0.400133E-5        1.002796           0.356243E-5        1.002638
        9.039999           0.400156E-5        1.002796           0.356262E-5        1.002638
        9.041999           0.400179E-5        1.002796           0.356281E-5        1.002638
        9.043999           0.400202E-5        1.002796           0.356301E-5        1.002638
        9.046000           0.400225E-5        1.002796           0.356320E-5        1.002638
        9.047999           0.400248E-5        1.002796           0.356339E-5        1.002638
        9.049999           0.400271E-5        1.002796           0.356358E-5        1.002638
        9.051999           0.400294E-5        1.002796           0.356378E-5        1.002639
        9.053999           0.400317E-5        1.002796           0.356397E-5        1.002639
        9.056000           0.400340E-5        1.002797           0.356416E-5        1.002639
        9.058000           0.400363E-5        1.002797           0.356436E-5        1.002639
        9.059999           0.400386E-5        1.002797           0.356455E-5        1.002639
        9.061999           0.400409E-5        1.002797           0.356474E-5        1.002639
        9.064000           0.400432E-5        1.002797           0.356493E-5        1.002639
        9.066000           0.400455E-5        1.002797           0.356513E-5        1.002639
        9.068000           0.400478E-5        1.002797           0.356532E-5        1.002639
        9.070000           0.400500E-5        1.002797           0.356551E-5        1.002639
        9.071999           0.400523E-5        1.002797           0.356571E-5        1.002639
        9.073999           0.400546E-5        1.002797           0.356590E-5        1.002639
        9.075999           0.400569E-5        1.002797           0.356609E-5        1.002639
        9.077999           0.400592E-5        1.002797           0.356628E-5        1.002639
        9.079999           0.400615E-5        1.002797           0.356648E-5        1.002640
        9.081999           0.400638E-5        1.002798           0.356667E-5        1.002640
        9.084000           0.400661E-5        1.002798           0.356686E-5        1.002640
        9.085999           0.400684E-5        1.002798           0.356706E-5        1.002640
        9.087999           0.400707E-5        1.002798           0.356725E-5        1.002640
        9.089999           0.400730E-5        1.002798           0.356744E-5        1.002640
        9.091999           0.400753E-5        1.002798           0.356763E-5        1.002640
        9.094000           0.400776E-5        1.002798           0.356783E-5        1.002640
        9.096000           0.400799E-5        1.002798           0.356802E-5        1.002640
        9.098000           0.400822E-5        1.002798           0.356821E-5        1.002640
        9.099999           0.400845E-5        1.002798           0.356841E-5        1.002640
        9.101999           0.400868E-5        1.002798           0.356860E-5        1.002640
        9.104000           0.400891E-5        1.002798           0.356879E-5        1.002640
        9.106000           0.400914E-5        1.002799           0.356899E-5        1.002640
        9.107999           0.400937E-5        1.002799           0.356918E-5        1.002640
        9.109999           0.400960E-5        1.002799           0.356937E-5        1.002641
        9.111999           0.400983E-5        1.002799           0.356957E-5        1.002641
        9.113999           0.401006E-5        1.002799           0.356976E-5        1.002641
        9.115999           0.401029E-5        1.002799           0.356995E-5        1.002641
        9.117999           0.401052E-5        1.002799           0.357015E-5        1.002641
        9.119999           0.401075E-5        1.002799           0.357034E-5        1.002641
        9.121999           0.401098E-5        1.002799           0.357053E-5        1.002641
        9.124000           0.401121E-5        1.002799           0.357073E-5        1.002641
        9.125999           0.401144E-5        1.002799           0.357092E-5        1.002641
        9.127999           0.401167E-5        1.002799           0.357111E-5        1.002641
        9.129999           0.401190E-5        1.002800           0.357131E-5        1.002641
        9.132000           0.401213E-5        1.002800           0.357150E-5        1.002641
        9.134000           0.401236E-5        1.002800           0.357169E-5        1.002641
        9.136000           0.401259E-5        1.002800           0.357189E-5        1.002642
        9.138000           0.401282E-5        1.002800           0.357208E-5        1.002642
        9.139999           0.401305E-5        1.002800           0.357227E-5        1.002642
        9.142000           0.401328E-5        1.002800           0.357247E-5        1.002642
        9.143999           0.401351E-5        1.002800           0.357266E-5        1.002642
        9.145999           0.401374E-5        1.002800           0.357285E-5        1.002642
        9.147999           0.401397E-5        1.002800           0.357305E-5        1.002642
        9.149999           0.401420E-5        1.002800           0.357324E-5        1.002642
        9.151999           0.401444E-5        1.002800           0.357343E-5        1.002642
        9.153999           0.401467E-5        1.002800           0.357363E-5        1.002642
        9.155999           0.401490E-5        1.002801           0.357382E-5        1.002642
        9.157999           0.401513E-5        1.002801           0.357401E-5        1.002642
        9.159999           0.401536E-5        1.002801           0.357421E-5        1.002642
        9.162000           0.401559E-5        1.002801           0.357440E-5        1.002643
        9.164000           0.401582E-5        1.002801           0.357460E-5        1.002643
        9.165999           0.401605E-5        1.002801           0.357479E-5        1.002643
        9.167999           0.401628E-5        1.002801           0.357498E-5        1.002643
        9.169999           0.401651E-5        1.002801           0.357518E-5        1.002643
        9.172000           0.401674E-5        1.002801           0.357537E-5        1.002643
        9.174000           0.401697E-5        1.002801           0.357556E-5        1.002643
        9.176000           0.401720E-5        1.002801           0.357576E-5        1.002643
        9.177999           0.401743E-5        1.002801           0.357595E-5        1.002643
        9.179999           0.401766E-5        1.002802           0.357614E-5        1.002643
        9.181999           0.401789E-5        1.002802           0.357634E-5        1.002643
        9.183999           0.401812E-5        1.002802           0.357653E-5        1.002643
        9.185999           0.401836E-5        1.002802           0.357673E-5        1.002643
        9.187999           0.401859E-5        1.002802           0.357692E-5        1.002643
        9.189999           0.401882E-5        1.002802           0.357711E-5        1.002643
        9.191999           0.401905E-5        1.002802           0.357731E-5        1.002644
        9.193999           0.401928E-5        1.002802           0.357750E-5        1.002644
        9.195999           0.401951E-5        1.002802           0.357769E-5        1.002644
        9.197999           0.401974E-5        1.002802           0.357789E-5        1.002644
        9.199999           0.401997E-5        1.002802           0.357808E-5        1.002644
        9.202000           0.402020E-5        1.002802           0.357828E-5        1.002644
        9.204000           0.402043E-5        1.002802           0.357847E-5        1.002644
        9.205999           0.402066E-5        1.002803           0.357866E-5        1.002644
        9.207999           0.402090E-5        1.002803           0.357886E-5        1.002644
        9.210000           0.402113E-5        1.002803           0.357905E-5        1.002644
        9.212000           0.402136E-5        1.002803           0.357925E-5        1.002644
        9.214000           0.402159E-5        1.002803           0.357944E-5        1.002644
        9.216000           0.402182E-5        1.002803           0.357963E-5        1.002644
        9.217999           0.402205E-5        1.002803           0.357983E-5        1.002644
        9.219999           0.402228E-5        1.002803           0.358002E-5        1.002645
        9.221999           0.402251E-5        1.002803           0.358022E-5        1.002645
        9.223999           0.402274E-5        1.002803           0.358041E-5        1.002645
        9.225999           0.402298E-5        1.002803           0.358061E-5        1.002645
        9.227999           0.402321E-5        1.002803           0.358080E-5        1.002645
        9.230000           0.402344E-5        1.002804           0.358099E-5        1.002645
        9.231999           0.402367E-5        1.002804           0.358119E-5        1.002645
        9.233999           0.402390E-5        1.002804           0.358138E-5        1.002645
        9.235999           0.402413E-5        1.002804           0.358158E-5        1.002645
        9.237999           0.402436E-5        1.002804           0.358177E-5        1.002645
        9.240000           0.402459E-5        1.002804           0.358196E-5        1.002645
        9.242000           0.402482E-5        1.002804           0.358216E-5        1.002645
        9.243999           0.402506E-5        1.002804           0.358235E-5        1.002645
        9.245999           0.402529E-5        1.002804           0.358255E-5        1.002645
        9.247999           0.402552E-5        1.002804           0.358274E-5        1.002645
        9.250000           0.402575E-5        1.002804           0.358294E-5        1.002646
        9.252000           0.402598E-5        1.002804           0.358313E-5        1.002646
        9.254000           0.402621E-5        1.002805           0.358332E-5        1.002646
        9.256000           0.402644E-5        1.002805           0.358352E-5        1.002646
        9.257999           0.402668E-5        1.002805           0.358371E-5        1.002646
        9.259999           0.402691E-5        1.002805           0.358391E-5        1.002646
        9.261999           0.402714E-5        1.002805           0.358410E-5        1.002646
        9.263999           0.402737E-5        1.002805           0.358430E-5        1.002646
        9.265999           0.402760E-5        1.002805           0.358449E-5        1.002646
        9.267999           0.402783E-5        1.002805           0.358468E-5        1.002646
        9.270000           0.402807E-5        1.002805           0.358488E-5        1.002646
        9.271999           0.402830E-5        1.002805           0.358507E-5        1.002646
        9.273999           0.402853E-5        1.002805           0.358527E-5        1.002646
        9.275999           0.402876E-5        1.002805           0.358546E-5        1.002647
        9.277999           0.402899E-5        1.002805           0.358566E-5        1.002647
        9.280000           0.402922E-5        1.002806           0.358585E-5        1.002647
        9.282000           0.402945E-5        1.002806           0.358605E-5        1.002647
        9.283999           0.402969E-5        1.002806           0.358624E-5        1.002647
        9.285999           0.402992E-5        1.002806           0.358644E-5        1.002647
        9.288000           0.403015E-5        1.002806           0.358663E-5        1.002647
        9.290000           0.403038E-5        1.002806           0.358682E-5        1.002647
        9.292000           0.403061E-5        1.002806           0.358702E-5        1.002647
        9.294000           0.403085E-5        1.002806           0.358721E-5        1.002647
        9.296000           0.403108E-5        1.002806           0.358741E-5        1.002647
        9.297999           0.403131E-5        1.002806           0.358760E-5        1.002647
        9.299999           0.403154E-5        1.002806           0.358780E-5        1.002647
        9.301999           0.403177E-5        1.002806           0.358799E-5        1.002648
        9.303999           0.403200E-5        1.002807           0.358819E-5        1.002648
        9.305999           0.403224E-5        1.002807           0.358838E-5        1.002648
        9.308000           0.403247E-5        1.002807           0.358858E-5        1.002648
        9.309999           0.403270E-5        1.002807           0.358877E-5        1.002648
        9.311999           0.403293E-5        1.002807           0.358897E-5        1.002648
        9.313999           0.403316E-5        1.002807           0.358916E-5        1.002648
        9.315999           0.403340E-5        1.002807           0.358936E-5        1.002648
        9.318000           0.403363E-5        1.002807           0.358955E-5        1.002648
        9.320000           0.403386E-5        1.002807           0.358975E-5        1.002648
        9.322000           0.403409E-5        1.002807           0.358994E-5        1.002648
        9.323999           0.403432E-5        1.002807           0.359014E-5        1.002648
        9.325999           0.403456E-5        1.002807           0.359033E-5        1.002648
        9.328000           0.403479E-5        1.002807           0.359053E-5        1.002648
        9.330000           0.403502E-5        1.002808           0.359072E-5        1.002648
        9.331999           0.403525E-5        1.002808           0.359091E-5        1.002649
        9.333999           0.403549E-5        1.002808           0.359111E-5        1.002649
        9.335999           0.403572E-5        1.002808           0.359131E-5        1.002649
        9.337999           0.403595E-5        1.002808           0.359150E-5        1.002649
        9.339999           0.403618E-5        1.002808           0.359169E-5        1.002649
        9.341999           0.403642E-5        1.002808           0.359189E-5        1.002649
        9.343999           0.403665E-5        1.002808           0.359209E-5        1.002649
        9.345999           0.403688E-5        1.002808           0.359228E-5        1.002649
        9.348000           0.403711E-5        1.002808           0.359248E-5        1.002649
        9.349999           0.403734E-5        1.002808           0.359267E-5        1.002649
        9.351999           0.403758E-5        1.002808           0.359287E-5        1.002649
        9.353999           0.403781E-5        1.002809           0.359306E-5        1.002649
        9.355999           0.403804E-5        1.002809           0.359326E-5        1.002649
        9.358000           0.403827E-5        1.002809           0.359345E-5        1.002649
        9.360000           0.403851E-5        1.002809           0.359365E-5        1.002650
        9.362000           0.403874E-5        1.002809           0.359384E-5        1.002650
        9.363999           0.403897E-5        1.002809           0.359404E-5        1.002650
        9.366000           0.403920E-5        1.002809           0.359423E-5        1.002650
        9.367999           0.403944E-5        1.002809           0.359443E-5        1.002650
        9.369999           0.403967E-5        1.002809           0.359462E-5        1.002650
        9.371999           0.403990E-5        1.002809           0.359482E-5        1.002650
        9.373999           0.404014E-5        1.002809           0.359501E-5        1.002650
        9.375999           0.404037E-5        1.002809           0.359521E-5        1.002650
        9.377999           0.404060E-5        1.002810           0.359540E-5        1.002650
        9.379999           0.404083E-5        1.002810           0.359560E-5        1.002650
        9.381999           0.404107E-5        1.002810           0.359579E-5        1.002650
        9.383999           0.404130E-5        1.002810           0.359599E-5        1.002650
        9.386000           0.404153E-5        1.002810           0.359618E-5        1.002650
        9.388000           0.404176E-5        1.002810           0.359638E-5        1.002650
        9.389999           0.404200E-5        1.002810           0.359657E-5        1.002651
        9.391999           0.404223E-5        1.002810           0.359677E-5        1.002651
        9.393999           0.404246E-5        1.002810           0.359697E-5        1.002651
        9.396000           0.404269E-5        1.002810           0.359716E-5        1.002651
        9.398000           0.404293E-5        1.002810           0.359736E-5        1.002651
        9.400000           0.404316E-5        1.002810           0.359755E-5        1.002651
        9.401999           0.404339E-5        1.002810           0.359775E-5        1.002651
        9.403999           0.404363E-5        1.002811           0.359794E-5        1.002651
        9.405999           0.404386E-5        1.002811           0.359814E-5        1.002651
        9.407999           0.404409E-5        1.002811           0.359833E-5        1.002651
        9.409999           0.404433E-5        1.002811           0.359853E-5        1.002651
        9.411999           0.404456E-5        1.002811           0.359872E-5        1.002651
        9.413999           0.404479E-5        1.002811           0.359892E-5        1.002651
        9.415999           0.404502E-5        1.002811           0.359912E-5        1.002652
        9.417999           0.404526E-5        1.002811           0.359931E-5        1.002652
        9.419999           0.404549E-5        1.002811           0.359951E-5        1.002652
        9.421999           0.404572E-5        1.002811           0.359970E-5        1.002652
        9.423999           0.404596E-5        1.002811           0.359990E-5        1.002652
        9.426000           0.404619E-5        1.002811           0.360010E-5        1.002652
        9.427999           0.404642E-5        1.002812           0.360029E-5        1.002652
        9.429999           0.404666E-5        1.002812           0.360049E-5        1.002652
        9.431999           0.404689E-5        1.002812           0.360068E-5        1.002652
        9.434000           0.404712E-5        1.002812           0.360088E-5        1.002652
        9.436000           0.404736E-5        1.002812           0.360107E-5        1.002652
        9.438000           0.404759E-5        1.002812           0.360127E-5        1.002652
        9.440000           0.404782E-5        1.002812           0.360147E-5        1.002652
        9.441999           0.404806E-5        1.002812           0.360166E-5        1.002653
        9.443999           0.404829E-5        1.002812           0.360186E-5        1.002653
        9.445999           0.404852E-5        1.002812           0.360205E-5        1.002653
        9.447999           0.404876E-5        1.002812           0.360225E-5        1.002653
        9.449999           0.404899E-5        1.002812           0.360244E-5        1.002653
        9.451999           0.404922E-5        1.002813           0.360264E-5        1.002653
        9.454000           0.404946E-5        1.002813           0.360284E-5        1.002653
        9.455999           0.404969E-5        1.002813           0.360303E-5        1.002653
        9.457999           0.404992E-5        1.002813           0.360323E-5        1.002653
        9.459999           0.405016E-5        1.002813           0.360342E-5        1.002653
        9.461999           0.405039E-5        1.002813           0.360362E-5        1.002653
        9.464000           0.405062E-5        1.002813           0.360382E-5        1.002653
        9.466000           0.405086E-5        1.002813           0.360401E-5        1.002653
        9.467999           0.405109E-5        1.002813           0.360421E-5        1.002653
        9.469999           0.405132E-5        1.002813           0.360440E-5        1.002653
        9.471999           0.405156E-5        1.002813           0.360460E-5        1.002654
        9.474000           0.405179E-5        1.002813           0.360480E-5        1.002654
        9.476000           0.405203E-5        1.002813           0.360499E-5        1.002654
        9.478000           0.405226E-5        1.002814           0.360519E-5        1.002654
        9.480000           0.405249E-5        1.002814           0.360539E-5        1.002654
        9.481999           0.405273E-5        1.002814           0.360558E-5        1.002654
        9.483999           0.405296E-5        1.002814           0.360578E-5        1.002654
        9.485999           0.405319E-5        1.002814           0.360597E-5        1.002654
        9.487999           0.405343E-5        1.002814           0.360617E-5        1.002654
        9.489999           0.405366E-5        1.002814           0.360637E-5        1.002654
        9.491999           0.405390E-5        1.002814           0.360656E-5        1.002654
        9.493999           0.405413E-5        1.002814           0.360676E-5        1.002654
        9.495999           0.405436E-5        1.002814           0.360695E-5        1.002654
        9.497999           0.405460E-5        1.002814           0.360715E-5        1.002655
        9.499999           0.405483E-5        1.002814           0.360735E-5        1.002655
        9.501999           0.405506E-5        1.002815           0.360754E-5        1.002655
        9.504000           0.405530E-5        1.002815           0.360774E-5        1.002655
        9.506000           0.405553E-5        1.002815           0.360794E-5        1.002655
        9.507999           0.405577E-5        1.002815           0.360813E-5        1.002655
        9.509999           0.405600E-5        1.002815           0.360833E-5        1.002655
        9.512000           0.405624E-5        1.002815           0.360853E-5        1.002655
        9.514000           0.405647E-5        1.002815           0.360872E-5        1.002655
        9.516000           0.405670E-5        1.002815           0.360892E-5        1.002655
        9.518000           0.405694E-5        1.002815           0.360911E-5        1.002655
        9.520000           0.405717E-5        1.002815           0.360931E-5        1.002655
        9.521999           0.405741E-5        1.002815           0.360951E-5        1.002655
        9.523999           0.405764E-5        1.002815           0.360970E-5        1.002656
        9.525999           0.405787E-5        1.002815           0.360990E-5        1.002656
        9.527999           0.405811E-5        1.002816           0.361010E-5        1.002656
        9.529999           0.405834E-5        1.002816           0.361029E-5        1.002656
        9.532000           0.405858E-5        1.002816           0.361049E-5        1.002656
        9.533999           0.405881E-5        1.002816           0.361069E-5        1.002656
        9.535999           0.405904E-5        1.002816           0.361088E-5        1.002656
        9.537999           0.405928E-5        1.002816           0.361108E-5        1.002656
        9.539999           0.405951E-5        1.002816           0.361128E-5        1.002656
        9.542000           0.405975E-5        1.002816           0.361147E-5        1.002656
        9.544000           0.405998E-5        1.002816           0.361167E-5        1.002656
        9.546000           0.406022E-5        1.002816           0.361187E-5        1.002656
        9.547999           0.406045E-5        1.002816           0.361206E-5        1.002656
        9.549999           0.406069E-5        1.002816           0.361226E-5        1.002656
        9.552000           0.406092E-5        1.002817           0.361246E-5        1.002656
        9.554000           0.406115E-5        1.002817           0.361265E-5        1.002657
        9.556000           0.406139E-5        1.002817           0.361285E-5        1.002657
        9.557999           0.406162E-5        1.002817           0.361305E-5        1.002657
        9.559999           0.406186E-5        1.002817           0.361324E-5        1.002657
        9.561999           0.406209E-5        1.002817           0.361344E-5        1.002657
        9.563999           0.406233E-5        1.002817           0.361364E-5        1.002657
        9.565999           0.406256E-5        1.002817           0.361383E-5        1.002657
        9.567999           0.406280E-5        1.002817           0.361403E-5        1.002657
        9.569999           0.406303E-5        1.002817           0.361423E-5        1.002657
        9.572000           0.406326E-5        1.002817           0.361442E-5        1.002657
        9.573999           0.406350E-5        1.002817           0.361462E-5        1.002657
        9.575999           0.406373E-5        1.002818           0.361482E-5        1.002657
        9.577999           0.406397E-5        1.002818           0.361501E-5        1.002657
        9.579999           0.406420E-5        1.002818           0.361521E-5        1.002658
        9.582000           0.406444E-5        1.002818           0.361541E-5        1.002658
        9.584000           0.406467E-5        1.002818           0.361560E-5        1.002658
        9.585999           0.406491E-5        1.002818           0.361580E-5        1.002658
        9.587999           0.406514E-5        1.002818           0.361600E-5        1.002658
        9.590000           0.406538E-5        1.002818           0.361620E-5        1.002658
        9.592000           0.406561E-5        1.002818           0.361639E-5        1.002658
        9.593999           0.406585E-5        1.002818           0.361659E-5        1.002658
        9.595999           0.406608E-5        1.002818           0.361679E-5        1.002658
        9.597999           0.406632E-5        1.002818           0.361698E-5        1.002658
        9.599999           0.406655E-5        1.002818           0.361718E-5        1.002658
        9.601999           0.406679E-5        1.002819           0.361738E-5        1.002658
        9.603999           0.406702E-5        1.002819           0.361758E-5        1.002658
        9.605999           0.406726E-5        1.002819           0.361777E-5        1.002658
        9.607999           0.406749E-5        1.002819           0.361797E-5        1.002658
        9.610000           0.406773E-5        1.002819           0.361817E-5        1.002659
        9.612000           0.406796E-5        1.002819           0.361836E-5        1.002659
        9.613999           0.406820E-5        1.002819           0.361856E-5        1.002659
        9.615999           0.406843E-5        1.002819           0.361876E-5        1.002659
        9.617999           0.406867E-5        1.002819           0.361896E-5        1.002659
        9.620000           0.406890E-5        1.002819           0.361915E-5        1.002659
        9.622000           0.406914E-5        1.002819           0.361935E-5        1.002659
        9.624000           0.406937E-5        1.002819           0.361955E-5        1.002659
        9.625999           0.406961E-5        1.002820           0.361975E-5        1.002659
        9.627999           0.406984E-5        1.002820           0.361994E-5        1.002659
        9.629999           0.407008E-5        1.002820           0.362014E-5        1.002659
        9.631999           0.407031E-5        1.002820           0.362034E-5        1.002659
        9.633999           0.407055E-5        1.002820           0.362053E-5        1.002659
        9.635999           0.407078E-5        1.002820           0.362073E-5        1.002660
        9.637999           0.407102E-5        1.002820           0.362093E-5        1.002660
        9.639999           0.407125E-5        1.002820           0.362113E-5        1.002660
        9.641999           0.407149E-5        1.002820           0.362132E-5        1.002660
        9.643999           0.407173E-5        1.002820           0.362152E-5        1.002660
        9.645999           0.407196E-5        1.002820           0.362172E-5        1.002660
        9.647999           0.407220E-5        1.002820           0.362192E-5        1.002660
        9.650000           0.407243E-5        1.002820           0.362211E-5        1.002660
        9.651999           0.407267E-5        1.002821           0.362231E-5        1.002660
        9.653999           0.407290E-5        1.002821           0.362251E-5        1.002660
        9.655999           0.407314E-5        1.002821           0.362271E-5        1.002660
        9.658000           0.407337E-5        1.002821           0.362290E-5        1.002660
        9.660000           0.407361E-5        1.002821           0.362310E-5        1.002660
        9.662000           0.407384E-5        1.002821           0.362330E-5        1.002660
        9.664000           0.407408E-5        1.002821           0.362350E-5        1.002661
        9.665999           0.407432E-5        1.002821           0.362369E-5        1.002661
        9.667999           0.407455E-5        1.002821           0.362389E-5        1.002661
        9.669999           0.407479E-5        1.002821           0.362409E-5        1.002661
        9.671999           0.407502E-5        1.002821           0.362429E-5        1.002661
        9.673999           0.407526E-5        1.002822           0.362448E-5        1.002661
        9.675999           0.407549E-5        1.002822           0.362468E-5        1.002661
        9.677999           0.407573E-5        1.002822           0.362488E-5        1.002661
        9.679999           0.407597E-5        1.002822           0.362508E-5        1.002661
        9.681999           0.407620E-5        1.002822           0.362528E-5        1.002661
        9.683999           0.407644E-5        1.002822           0.362547E-5        1.002661
        9.685999           0.407667E-5        1.002822           0.362567E-5        1.002661
        9.688000           0.407691E-5        1.002822           0.362587E-5        1.002661
        9.690000           0.407714E-5        1.002822           0.362607E-5        1.002661
        9.691999           0.407738E-5        1.002822           0.362626E-5        1.002662
        9.693999           0.407762E-5        1.002822           0.362646E-5        1.002662
        9.695999           0.407785E-5        1.002822           0.362666E-5        1.002662
        9.698000           0.407809E-5        1.002823           0.362686E-5        1.002662
        9.700000           0.407832E-5        1.002823           0.362706E-5        1.002662
        9.702000           0.407856E-5        1.002823           0.362725E-5        1.002662
        9.704000           0.407880E-5        1.002823           0.362745E-5        1.002662
        9.705999           0.407903E-5        1.002823           0.362765E-5        1.002662
        9.707999           0.407927E-5        1.002823           0.362785E-5        1.002662
        9.709999           0.407950E-5        1.002823           0.362805E-5        1.002662
        9.711999           0.407974E-5        1.002823           0.362824E-5        1.002662
        9.713999           0.407998E-5        1.002823           0.362844E-5        1.002662
        9.715999           0.408021E-5        1.002823           0.362864E-5        1.002662
        9.717999           0.408045E-5        1.002823           0.362884E-5        1.002662
        9.719999           0.408068E-5        1.002823           0.362904E-5        1.002663
        9.721999           0.408092E-5        1.002823           0.362923E-5        1.002663
        9.723999           0.408116E-5        1.002824           0.362943E-5        1.002663
        9.725999           0.408139E-5        1.002824           0.362963E-5        1.002663
        9.728000           0.408163E-5        1.002824           0.362983E-5        1.002663
        9.730000           0.408186E-5        1.002824           0.363003E-5        1.002663
        9.731999           0.408210E-5        1.002824           0.363022E-5        1.002663
        9.733999           0.408234E-5        1.002824           0.363042E-5        1.002663
        9.736000           0.408257E-5        1.002824           0.363062E-5        1.002663
        9.738000           0.408281E-5        1.002824           0.363082E-5        1.002663
        9.740000           0.408305E-5        1.002824           0.363102E-5        1.002663
        9.742000           0.408328E-5        1.002824           0.363122E-5        1.002663
        9.743999           0.408352E-5        1.002824           0.363141E-5        1.002663
        9.745999           0.408376E-5        1.002824           0.363161E-5        1.002663
        9.747999           0.408399E-5        1.002825           0.363181E-5        1.002664
        9.749999           0.408423E-5        1.002825           0.363201E-5        1.002664
        9.751999           0.408447E-5        1.002825           0.363221E-5        1.002664
        9.753999           0.408470E-5        1.002825           0.363241E-5        1.002664
        9.756000           0.408494E-5        1.002825           0.363260E-5        1.002664
        9.757999           0.408517E-5        1.002825           0.363280E-5        1.002664
        9.759999           0.408541E-5        1.002825           0.363300E-5        1.002664
        9.761999           0.408565E-5        1.002825           0.363320E-5        1.002664
        9.763999           0.408588E-5        1.002825           0.363340E-5        1.002664
        9.766000           0.408612E-5        1.002825           0.363360E-5        1.002664
        9.768000           0.408636E-5        1.002825           0.363379E-5        1.002664
        9.770000           0.408659E-5        1.002825           0.363399E-5        1.002664
        9.771999           0.408683E-5        1.002825           0.363419E-5        1.002664
        9.773999           0.408707E-5        1.002826           0.363439E-5        1.002665
        9.776000           0.408730E-5        1.002826           0.363459E-5        1.002665
        9.778000           0.408754E-5        1.002826           0.363479E-5        1.002665
        9.780000           0.408778E-5        1.002826           0.363499E-5        1.002665
        9.781999           0.408801E-5        1.002826           0.363518E-5        1.002665
        9.783998           0.408825E-5        1.002826           0.363538E-5        1.002665
        9.785999           0.408849E-5        1.002826           0.363558E-5        1.002665
        9.787999           0.408872E-5        1.002826           0.363578E-5        1.002665
        9.789999           0.408896E-5        1.002826           0.363598E-5        1.002665
        9.791999           0.408920E-5        1.002826           0.363618E-5        1.002665
        9.793999           0.408944E-5        1.002826           0.363638E-5        1.002665
        9.796000           0.408967E-5        1.002826           0.363657E-5        1.002665
        9.797999           0.408991E-5        1.002827           0.363677E-5        1.002665
        9.799999           0.409015E-5        1.002827           0.363697E-5        1.002665
        9.801999           0.409038E-5        1.002827           0.363717E-5        1.002666
        9.803999           0.409062E-5        1.002827           0.363737E-5        1.002666
        9.806000           0.409086E-5        1.002827           0.363757E-5        1.002666
        9.808000           0.409109E-5        1.002827           0.363777E-5        1.002666
        9.809999           0.409133E-5        1.002827           0.363797E-5        1.002666
        9.811999           0.409157E-5        1.002827           0.363816E-5        1.002666
        9.814000           0.409181E-5        1.002827           0.363836E-5        1.002666
        9.816000           0.409204E-5        1.002827           0.363856E-5        1.002666
        9.817999           0.409228E-5        1.002827           0.363876E-5        1.002666
        9.819999           0.409252E-5        1.002828           0.363896E-5        1.002666
        9.821999           0.409275E-5        1.002828           0.363916E-5        1.002666
        9.823999           0.409299E-5        1.002828           0.363936E-5        1.002666
        9.825999           0.409323E-5        1.002828           0.363956E-5        1.002666
        9.827999           0.409347E-5        1.002828           0.363976E-5        1.002666
        9.829999           0.409370E-5        1.002828           0.363995E-5        1.002667
        9.831999           0.409394E-5        1.002828           0.364015E-5        1.002667
        9.834000           0.409418E-5        1.002828           0.364035E-5        1.002667
        9.835999           0.409442E-5        1.002828           0.364055E-5        1.002667
        9.837999           0.409465E-5        1.002828           0.364075E-5        1.002667
        9.839999           0.409489E-5        1.002828           0.364095E-5        1.002667
        9.841999           0.409513E-5        1.002828           0.364115E-5        1.002667
        9.844000           0.409537E-5        1.002828           0.364135E-5        1.002667
        9.846000           0.409560E-5        1.002829           0.364155E-5        1.002667
        9.848000           0.409584E-5        1.002829           0.364175E-5        1.002667
        9.849999           0.409608E-5        1.002829           0.364195E-5        1.002667
        9.851999           0.409632E-5        1.002829           0.364214E-5        1.002667
        9.853999           0.409655E-5        1.002829           0.364234E-5        1.002667
        9.855999           0.409679E-5        1.002829           0.364254E-5        1.002668
        9.857999           0.409703E-5        1.002829           0.364274E-5        1.002668
        9.859999           0.409726E-5        1.002829           0.364294E-5        1.002668
        9.861999           0.409750E-5        1.002829           0.364314E-5        1.002668
        9.863999           0.409774E-5        1.002829           0.364334E-5        1.002668
        9.865999           0.409798E-5        1.002829           0.364354E-5        1.002668
        9.867999           0.409822E-5        1.002829           0.364374E-5        1.002668
        9.869999           0.409845E-5        1.002830           0.364394E-5        1.002668
        9.871999           0.409869E-5        1.002830           0.364414E-5        1.002668
        9.874000           0.409893E-5        1.002830           0.364434E-5        1.002668
        9.875999           0.409917E-5        1.002830           0.364453E-5        1.002668
        9.877999           0.409940E-5        1.002830           0.364473E-5        1.002668
        9.879999           0.409964E-5        1.002830           0.364493E-5        1.002668
        9.881999           0.409988E-5        1.002830           0.364513E-5        1.002668
        9.884000           0.410012E-5        1.002830           0.364533E-5        1.002668
        9.886000           0.410036E-5        1.002830           0.364553E-5        1.002669
        9.888000           0.410059E-5        1.002830           0.364573E-5        1.002669
        9.889999           0.410083E-5        1.002830           0.364593E-5        1.002669
        9.891999           0.410107E-5        1.002830           0.364613E-5        1.002669
        9.893999           0.410131E-5        1.002831           0.364633E-5        1.002669
        9.895999           0.410155E-5        1.002831           0.364653E-5        1.002669
        9.897999           0.410178E-5        1.002831           0.364673E-5        1.002669
        9.899999           0.410202E-5        1.002831           0.364693E-5        1.002669
        9.901999           0.410226E-5        1.002831           0.364713E-5        1.002669
        9.903999           0.410250E-5        1.002831           0.364733E-5        1.002669
        9.905999           0.410273E-5        1.002831           0.364753E-5        1.002669
        9.907999           0.410297E-5        1.002831           0.364773E-5        1.002669
        9.909999           0.410321E-5        1.002831           0.364793E-5        1.002669
        9.912000           0.410345E-5        1.002831           0.364813E-5        1.002670
        9.914000           0.410369E-5        1.002831           0.364833E-5        1.002670
        9.915999           0.410393E-5        1.002831           0.364853E-5        1.002670
        9.917999           0.410416E-5        1.002831           0.364872E-5        1.002670
        9.919999           0.410440E-5        1.002832           0.364892E-5        1.002670
        9.922000           0.410464E-5        1.002832           0.364912E-5        1.002670
        9.924000           0.410488E-5        1.002832           0.364932E-5        1.002670
        9.926000           0.410512E-5        1.002832           0.364952E-5        1.002670
        9.927999           0.410535E-5        1.002832           0.364972E-5        1.002670
        9.929999           0.410559E-5        1.002832           0.364992E-5        1.002670
        9.931999           0.410583E-5        1.002832           0.365012E-5        1.002670
        9.933999           0.410607E-5        1.002832           0.365032E-5        1.002670
        9.935999           0.410631E-5        1.002832           0.365052E-5        1.002670
        9.937999           0.410655E-5        1.002832           0.365072E-5        1.002671
        9.939999           0.410679E-5        1.002832           0.365092E-5        1.002671
        9.941999           0.410702E-5        1.002833           0.365112E-5        1.002671
        9.943999           0.410726E-5        1.002833           0.365132E-5        1.002671
        9.945999           0.410750E-5        1.002833           0.365152E-5        1.002671
        9.947999           0.410774E-5        1.002833           0.365172E-5        1.002671
        9.949999           0.410798E-5        1.002833           0.365192E-5        1.002671
        9.952000           0.410822E-5        1.002833           0.365212E-5        1.002671
        9.954000           0.410845E-5        1.002833           0.365232E-5        1.002671
        9.955999           0.410869E-5        1.002833           0.365252E-5        1.002671
        9.957999           0.410893E-5        1.002833           0.365272E-5        1.002671
        9.960000           0.410917E-5        1.002833           0.365292E-5        1.002671
        9.962000           0.410941E-5        1.002833           0.365312E-5        1.002671
        9.964000           0.410965E-5        1.002833           0.365332E-5        1.002671
        9.966000           0.410989E-5        1.002833           0.365352E-5        1.002671
        9.967999           0.411013E-5        1.002834           0.365372E-5        1.002672
        9.969999           0.411036E-5        1.002834           0.365392E-5        1.002672
        9.971999           0.411060E-5        1.002834           0.365412E-5        1.002672
        9.973999           0.411084E-5        1.002834           0.365432E-5        1.002672
        9.975999           0.411108E-5        1.002834           0.365452E-5        1.002672
        9.977999           0.411132E-5        1.002834           0.365472E-5        1.002672
        9.980000           0.411156E-5        1.002834           0.365492E-5        1.002672
        9.981999           0.411180E-5        1.002834           0.365512E-5        1.002672
        9.983999           0.411204E-5        1.002834           0.365532E-5        1.002672
        9.985999           0.411228E-5        1.002834           0.365552E-5        1.002672
        9.987999           0.411251E-5        1.002834           0.365572E-5        1.002672
        9.990000           0.411275E-5        1.002834           0.365592E-5        1.002672
        9.992000           0.411299E-5        1.002835           0.365612E-5        1.002672
        9.993999           0.411323E-5        1.002835           0.365632E-5        1.002673
        9.995999           0.411347E-5        1.002835           0.365652E-5        1.002673
        9.997999           0.411371E-5        1.002835           0.365672E-5        1.002673
        10.00000           0.411395E-5        1.002835           0.365692E-5        1.002673
# 
# 08/31/2026 at 11:49 yambo @ compute-9-01 [start]
# 08/31/2026 at 11:49                      [end]
#  
# Timing   [Min/Max/Average]: 14s/14s/14s
#
# .-Input file  BSE_files/BSE.in
# | optics                           # [R] Linear Response optical properties
# | dipoles                          # [R] Oscillator strenghts (or dipoles)
# | bss                              # [R] BSE solver
# | bse                              # [R][BSE] Bethe Salpeter Equation.
# | DBsIOoff= "BS"                   # [IO] Space-separated list of DB with NO I/O. DB=(DIP,X,HF,COLLs,J,GF,CARRIERs,OBS,W,SC,BS,ALL)
# | FFTGvecs= 1837             RL    # [FFT] Plane-waves
# | DIP_CPU= "2.2.6"                 # [PARALLEL] CPUs for each role
# | DIP_ROLEs= "v.c.k"               # [PARALLEL] CPUs roles (k,c,v)
# | DIP_Threads= 2                   # [OPENMP/X] Number of threads for dipoles
# | BS_CPU= "4.6"                    # [PARALLEL] CPUs for each role
# | BS_ROLEs= "eh.k"                 # [PARALLEL] CPUs roles (k,eh,t)
# | BS_nCPU_LinAlg_INV=  4           # [PARALLEL] CPUs for Linear Algebra (if -1 it is automatically set)
# | BS_nCPU_LinAlg_DIAGO=  4         # [PARALLEL] CPUs for Linear Algebra (if -1 it is automatically set)
# | K_Threads= 2                     # [OPENMP/BSK] Number of threads for response functions
# | BSKmod= "SEX"                    # [BSE] IP/Hartree/HF/ALDA/SEX/BSfxc
# | BSEmod= "resonant"               # [BSE] resonant/retarded/coupling
# | BSEdiskIO= "medium"              # [BSE] high(restart always) |medium(restart only corr.) |low(writes at the end)|none
# | BSSmod= "d"                      # [BSS] (h)aydock/(d)iago/(o)ld-diago/(s)lepc/(i)nversion/(c)hase
# | BSENGexx= 20120            mHa   # [BSK] Exchange components
# | BSENGBlk=  89              RL    # [BSK] Screened interaction block size [if -1 uses all the G-vectors of W_{G,Gp}]
# | #WehCpl                        # [BSK] eh interaction included also in coupling
# | KfnQPdb= "E < GW0/ndb.QP"        # [EXTQP BSK BSS] Database action
# | % KfnQP_E
# |  6.000000 | 1.050000 | 1.050000 |        # [EXTQP BSK BSS] E parameters  (c/v) eV|adim|adim
# | %
# | EXCTemp= 0.000000          eV    # Excitonic Temperature (for luminescence spectra and EXCPH)
# | % BSEQptR
# |  1 | 1 |                             # [BSK] Transferred momenta range
# | %
# | % BSEBands
# |   1 | 10 |                           # [BSK] Bands range
# | %
# | BSEFrozenBands= "2 - 8"          # [BSK] Bands expluded from BSE construction
# | #NoDiagSC                      # New setup for non-diagonal supercells
# | % BEnRange
# |   0.00000 | 10.00000 |         eV    # [BSS] Energy range
# | %
# | BDmType= "Lorentzian"            # [BSS] Damping type (Lorentzian | Gaussian)
# | % BDmRange
# |  0.100000 | 0.100000 |         eV    # [BSS] Damping range
# | %
# | BEnSteps=  5001                  # [BSS] Energy steps
# | % BLongDir
# |  1.000000 | 0.000000 | 0.000000 |        # [BSS] [cc] Electric Field versor
# | %
# | BSEprop= " abs esrt indx"        # [BSS] Can be any among abs/jdos/kerr/asymm/anHAll/magn/dich/photolum/esrt/MEspin/MEorb
# | BSEdips= "none"                  # [BSS] Can be "trace/none" or "xy/xz/yz" to define off-diagonal rotation plane
# | WRbsWF                         # [BSS] Write to disk excitonic the WFs
# | BSSldiaLib= "s"                  # [BSS] Library used with ldiago solver `(s)scalapack/(e1)elpa1/(e2)elpa2`
# | BSSNEig=0                        # [SLEPC/DIAGO] Number of eigenvalues to compute
