#                                                                     
# $$\                                                                 
# $$ |                                                                
# $$ |     $$\   $$\ $$$$$$\$$$$\   $$$$$$\  $$$$$$$\                 
# $$ |     $$ |  $$ |$$  _$$  _$$\ $$  __$$\ $$  __$$\                
# $$ |     $$ |  $$ |$$ / $$ / $$ |$$$$$$$$ |$$ |  $$ |               
# $$ |     $$ |  $$ |$$ | $$ | $$ |$$   ____|$$ |  $$ |               
# $$$$$$$$\\$$$$$$  |$$ | $$ | $$ |\$$$$$$$\ $$ |  $$ |               
# \________|\______/ \__| \__| \__| \_______|\__|  \__|               
#                                                                     
#                   Fork Lumen 2.1.0                                  
#                   Branch is nlresp                                  
#        MPI+OpenMP+SLK+SLEPC+HDF5_MPI_IO Build                       
#               http://www.lumen-code.org                             
#
# Absorption @ Q(1):   1.00000000      0.00000000      0.00000000    [q->0 direction]
#
# [GEN] GF Energies                               : Perdew, Burke & Ernzerhof(X)+Perdew, Burke & Ernzerhof(C)
# [GEN] Green`s Function                          : Resonant
#
# [GEN] Gauge                                     : Length
# [GEN] [r,Vnl] included                          : yes
#
# DIP band range                                  :   1  10
# DIP band range limits                           :   5   6
# DIP e/h energy range                            :  -1.00000000     -1.00000000    [eV]
# RL vectors in the sum                           :  1837
# [r,Vnl] included                                : yes
# Bands ordered                                   : yes
# Direct v evaluation                             : no
# Approach used                                   : G-space v
# Dipoles computed                                : R V P [G-space]
# Wavefunctions                                   : Perdew, Burke & Ernzerhof(X)+Perdew, Burke & Ernzerhof(C)
#
#
# [K] Identifier                                  :   4870
# [K] Dimension                                   :  1537
# [K] Bands                                       :   1  10
# [K] Exchange res                                : yes
# [K] Correlation res                             : yes
# [K] Kernel`s coupling                           : no
# [K] Exchange cpl                                : no
# [K] Correlation cpl                             : no
# [K] W interaction is bare                       : no
# [K] ALDA kernel in R-space                      : no
# [K] RL vectors exchange                         :   531
# [K] RL vectors correlation                      :   89
# [K] E/h energy range                            :  -1.00000000     -1.00000000    [eV]
# [K] Coupling range                              :   100.000000      100.000000    [o/o]
# [W] Interaction is diagonal                     : no
# [W] Matrix size                                 :   89
# [W] Bands                                       :   1  10
# [W] e/h energy range                            :  -1.00000000     -1.00000000    [eV]
# [W] Poles                                       :   100.000000    [o/o]
# [W] RL vectors in the sum                       :  1837
# [W] [r,Vnl] included                            : yes
# [W] Field direction                             :  0.999999975E-5   0.00000000      0.00000000   
# [W] Coulomb Cutoff                              : none
# [W] Hxc Kernel                                  : HARTREE
# [RIM] RL components col                         : 0
# [RIM] Random points col                         : 0
# [SOC] Perturbative SOC                          : no
# [X] Response Kind                               : BAR
#
# Diamagnetic term                                
# Ao                                              :  -9.69944763    [nel]
# A                                               :  -9.72089005    [nel]
#
#    E[1] [eV]          Im(eps)            Re(eps)            Im(eps_o)          Re(eps_o)
#
        0.000000           0.527543E-5        1.004030           0.454734E-5        1.003742
        0.002000           0.527570E-5        1.004030           0.454756E-5        1.003742
        0.004000           0.527598E-5        1.004031           0.454779E-5        1.003742
        0.006000           0.527626E-5        1.004031           0.454801E-5        1.003742
        0.008000           0.527653E-5        1.004031           0.454823E-5        1.003743
        0.010000           0.527681E-5        1.004031           0.454845E-5        1.003743
        0.012000           0.527709E-5        1.004031           0.454867E-5        1.003743
        0.014000           0.527736E-5        1.004031           0.454889E-5        1.003743
        0.016000           0.527764E-5        1.004031           0.454911E-5        1.003743
        0.018000           0.527791E-5        1.004031           0.454934E-5        1.003743
        0.020000           0.527819E-5        1.004031           0.454956E-5        1.003743
        0.022000           0.527847E-5        1.004032           0.454978E-5        1.003743
        0.024000           0.527874E-5        1.004032           0.455000E-5        1.003743
        0.026000           0.527902E-5        1.004032           0.455022E-5        1.003743
        0.028000           0.527930E-5        1.004032           0.455044E-5        1.003743
        0.030000           0.527957E-5        1.004032           0.455066E-5        1.003744
        0.032000           0.527985E-5        1.004032           0.455089E-5        1.003744
        0.034000           0.528013E-5        1.004032           0.455111E-5        1.003744
        0.036000           0.528040E-5        1.004032           0.455133E-5        1.003744
        0.038000           0.528068E-5        1.004032           0.455155E-5        1.003744
        0.040000           0.528096E-5        1.004032           0.455177E-5        1.003744
        0.042000           0.528124E-5        1.004033           0.455199E-5        1.003744
        0.044000           0.528151E-5        1.004033           0.455221E-5        1.003744
        0.046000           0.528179E-5        1.004033           0.455244E-5        1.003744
        0.048000           0.528207E-5        1.004033           0.455266E-5        1.003744
        0.050000           0.528234E-5        1.004033           0.455288E-5        1.003744
        0.052000           0.528262E-5        1.004033           0.455310E-5        1.003745
        0.054000           0.528290E-5        1.004033           0.455332E-5        1.003745
        0.056000           0.528318E-5        1.004033           0.455354E-5        1.003745
        0.058000           0.528345E-5        1.004033           0.455377E-5        1.003745
        0.060000           0.528373E-5        1.004034           0.455399E-5        1.003745
        0.062000           0.528401E-5        1.004034           0.455421E-5        1.003745
        0.064000           0.528428E-5        1.004034           0.455443E-5        1.003745
        0.066000           0.528456E-5        1.004034           0.455465E-5        1.003745
        0.068000           0.528484E-5        1.004034           0.455487E-5        1.003745
        0.070000           0.528511E-5        1.004034           0.455510E-5        1.003745
        0.072000           0.528539E-5        1.004034           0.455532E-5        1.003745
        0.074000           0.528567E-5        1.004034           0.455554E-5        1.003746
        0.076000           0.528595E-5        1.004034           0.455576E-5        1.003746
        0.078000           0.528622E-5        1.004035           0.455598E-5        1.003746
        0.080000           0.528650E-5        1.004035           0.455621E-5        1.003746
        0.082000           0.528678E-5        1.004035           0.455643E-5        1.003746
        0.084000           0.528706E-5        1.004035           0.455665E-5        1.003746
        0.086000           0.528733E-5        1.004035           0.455687E-5        1.003746
        0.088000           0.528761E-5        1.004035           0.455709E-5        1.003746
        0.090000           0.528789E-5        1.004035           0.455731E-5        1.003746
        0.092000           0.528817E-5        1.004035           0.455754E-5        1.003746
        0.094000           0.528844E-5        1.004035           0.455776E-5        1.003747
        0.096000           0.528872E-5        1.004035           0.455798E-5        1.003747
        0.098000           0.528900E-5        1.004036           0.455820E-5        1.003747
        0.100000           0.528927E-5        1.004036           0.455842E-5        1.003747
        0.102000           0.528955E-5        1.004036           0.455865E-5        1.003747
        0.104000           0.528983E-5        1.004036           0.455887E-5        1.003747
        0.106000           0.529011E-5        1.004036           0.455909E-5        1.003747
        0.108000           0.529039E-5        1.004036           0.455931E-5        1.003747
        0.110000           0.529066E-5        1.004036           0.455953E-5        1.003747
        0.112000           0.529094E-5        1.004036           0.455976E-5        1.003747
        0.114000           0.529122E-5        1.004036           0.455998E-5        1.003747
        0.116000           0.529149E-5        1.004037           0.456020E-5        1.003747
        0.118000           0.529177E-5        1.004037           0.456042E-5        1.003748
        0.120000           0.529205E-5        1.004037           0.456064E-5        1.003748
        0.122000           0.529233E-5        1.004037           0.456087E-5        1.003748
        0.124000           0.529261E-5        1.004037           0.456109E-5        1.003748
        0.126000           0.529288E-5        1.004037           0.456131E-5        1.003748
        0.128000           0.529316E-5        1.004037           0.456153E-5        1.003748
        0.130000           0.529344E-5        1.004037           0.456176E-5        1.003748
        0.132000           0.529372E-5        1.004037           0.456198E-5        1.003748
        0.134000           0.529400E-5        1.004037           0.456220E-5        1.003748
        0.136000           0.529427E-5        1.004038           0.456242E-5        1.003748
        0.138000           0.529455E-5        1.004038           0.456264E-5        1.003748
        0.140000           0.529483E-5        1.004038           0.456287E-5        1.003749
        0.142000           0.529511E-5        1.004038           0.456309E-5        1.003749
        0.144000           0.529539E-5        1.004038           0.456331E-5        1.003749
        0.146000           0.529566E-5        1.004038           0.456353E-5        1.003749
        0.148000           0.529594E-5        1.004038           0.456376E-5        1.003749
        0.150000           0.529622E-5        1.004038           0.456398E-5        1.003749
        0.152000           0.529650E-5        1.004038           0.456420E-5        1.003749
        0.154000           0.529677E-5        1.004039           0.456442E-5        1.003749
        0.156000           0.529705E-5        1.004039           0.456465E-5        1.003749
        0.158000           0.529733E-5        1.004039           0.456487E-5        1.003749
        0.160000           0.529761E-5        1.004039           0.456509E-5        1.003749
        0.162000           0.529789E-5        1.004039           0.456531E-5        1.003750
        0.164000           0.529817E-5        1.004039           0.456554E-5        1.003750
        0.166000           0.529844E-5        1.004039           0.456576E-5        1.003750
        0.168000           0.529872E-5        1.004039           0.456598E-5        1.003750
        0.170000           0.529900E-5        1.004039           0.456620E-5        1.003750
        0.172000           0.529928E-5        1.004040           0.456643E-5        1.003750
        0.174000           0.529956E-5        1.004040           0.456665E-5        1.003750
        0.176000           0.529984E-5        1.004040           0.456687E-5        1.003750
        0.178000           0.530011E-5        1.004040           0.456709E-5        1.003750
        0.180000           0.530039E-5        1.004040           0.456732E-5        1.003750
        0.182000           0.530067E-5        1.004040           0.456754E-5        1.003750
        0.184000           0.530095E-5        1.004040           0.456776E-5        1.003751
        0.186000           0.530123E-5        1.004040           0.456799E-5        1.003751
        0.188000           0.530151E-5        1.004040           0.456821E-5        1.003751
        0.190000           0.530178E-5        1.004040           0.456843E-5        1.003751
        0.192000           0.530206E-5        1.004041           0.456865E-5        1.003751
        0.194000           0.530234E-5        1.004041           0.456888E-5        1.003751
        0.196000           0.530262E-5        1.004041           0.456910E-5        1.003751
        0.198000           0.530290E-5        1.004041           0.456932E-5        1.003751
        0.200000           0.530318E-5        1.004041           0.456954E-5        1.003751
        0.202000           0.530346E-5        1.004041           0.456977E-5        1.003751
        0.204000           0.530373E-5        1.004041           0.456999E-5        1.003752
        0.206000           0.530401E-5        1.004041           0.457021E-5        1.003752
        0.208000           0.530429E-5        1.004041           0.457044E-5        1.003752
        0.210000           0.530457E-5        1.004042           0.457066E-5        1.003752
        0.212000           0.530485E-5        1.004042           0.457088E-5        1.003752
        0.214000           0.530513E-5        1.004042           0.457110E-5        1.003752
        0.216000           0.530541E-5        1.004042           0.457133E-5        1.003752
        0.218000           0.530569E-5        1.004042           0.457155E-5        1.003752
        0.220000           0.530596E-5        1.004042           0.457177E-5        1.003752
        0.222000           0.530624E-5        1.004042           0.457200E-5        1.003752
        0.224000           0.530652E-5        1.004042           0.457222E-5        1.003752
        0.226000           0.530680E-5        1.004042           0.457244E-5        1.003752
        0.228000           0.530708E-5        1.004043           0.457266E-5        1.003753
        0.230000           0.530736E-5        1.004043           0.457289E-5        1.003753
        0.232000           0.530764E-5        1.004043           0.457311E-5        1.003753
        0.234000           0.530792E-5        1.004043           0.457333E-5        1.003753
        0.236000           0.530820E-5        1.004043           0.457356E-5        1.003753
        0.238000           0.530847E-5        1.004043           0.457378E-5        1.003753
        0.240000           0.530875E-5        1.004043           0.457400E-5        1.003753
        0.242000           0.530903E-5        1.004043           0.457423E-5        1.003753
        0.244000           0.530931E-5        1.004043           0.457445E-5        1.003753
        0.246000           0.530959E-5        1.004043           0.457467E-5        1.003753
        0.248000           0.530987E-5        1.004044           0.457490E-5        1.003754
        0.250000           0.531015E-5        1.004044           0.457512E-5        1.003754
        0.252000           0.531043E-5        1.004044           0.457534E-5        1.003754
        0.254000           0.531071E-5        1.004044           0.457557E-5        1.003754
        0.256000           0.531099E-5        1.004044           0.457579E-5        1.003754
        0.258000           0.531127E-5        1.004044           0.457601E-5        1.003754
        0.260000           0.531155E-5        1.004044           0.457624E-5        1.003754
        0.262000           0.531183E-5        1.004044           0.457646E-5        1.003754
        0.264000           0.531210E-5        1.004044           0.457668E-5        1.003754
        0.266000           0.531238E-5        1.004045           0.457691E-5        1.003754
        0.268000           0.531266E-5        1.004045           0.457713E-5        1.003754
        0.270000           0.531294E-5        1.004045           0.457735E-5        1.003754
        0.272000           0.531322E-5        1.004045           0.457758E-5        1.003755
        0.274000           0.531350E-5        1.004045           0.457780E-5        1.003755
        0.276000           0.531378E-5        1.004045           0.457802E-5        1.003755
        0.278000           0.531406E-5        1.004045           0.457825E-5        1.003755
        0.280000           0.531434E-5        1.004045           0.457847E-5        1.003755
        0.282000           0.531462E-5        1.004045           0.457869E-5        1.003755
        0.284000           0.531490E-5        1.004045           0.457892E-5        1.003755
        0.286000           0.531518E-5        1.004045           0.457914E-5        1.003755
        0.288000           0.531546E-5        1.004046           0.457936E-5        1.003755
        0.290000           0.531574E-5        1.004046           0.457959E-5        1.003755
        0.292000           0.531602E-5        1.004046           0.457981E-5        1.003756
        0.294000           0.531630E-5        1.004046           0.458003E-5        1.003756
        0.296000           0.531658E-5        1.004046           0.458026E-5        1.003756
        0.298000           0.531686E-5        1.004046           0.458048E-5        1.003756
        0.300000           0.531714E-5        1.004046           0.458071E-5        1.003756
        0.302000           0.531742E-5        1.004046           0.458093E-5        1.003756
        0.304000           0.531770E-5        1.004046           0.458115E-5        1.003756
        0.306000           0.531798E-5        1.004047           0.458138E-5        1.003756
        0.308000           0.531825E-5        1.004047           0.458160E-5        1.003756
        0.310000           0.531854E-5        1.004047           0.458182E-5        1.003756
        0.312000           0.531882E-5        1.004047           0.458205E-5        1.003756
        0.314000           0.531910E-5        1.004047           0.458227E-5        1.003757
        0.316000           0.531937E-5        1.004047           0.458249E-5        1.003757
        0.318000           0.531965E-5        1.004047           0.458272E-5        1.003757
        0.320000           0.531993E-5        1.004047           0.458294E-5        1.003757
        0.322000           0.532021E-5        1.004048           0.458317E-5        1.003757
        0.324000           0.532049E-5        1.004048           0.458339E-5        1.003757
        0.326000           0.532077E-5        1.004048           0.458361E-5        1.003757
        0.328000           0.532106E-5        1.004048           0.458384E-5        1.003757
        0.330000           0.532133E-5        1.004048           0.458406E-5        1.003757
        0.332000           0.532161E-5        1.004048           0.458429E-5        1.003757
        0.334000           0.532189E-5        1.004048           0.458451E-5        1.003757
        0.336000           0.532217E-5        1.004048           0.458473E-5        1.003757
        0.338000           0.532246E-5        1.004048           0.458496E-5        1.003758
        0.340000           0.532274E-5        1.004048           0.458518E-5        1.003758
        0.342000           0.532302E-5        1.004048           0.458541E-5        1.003758
        0.344000           0.532329E-5        1.004049           0.458563E-5        1.003758
        0.346000           0.532358E-5        1.004049           0.458585E-5        1.003758
        0.348000           0.532386E-5        1.004049           0.458608E-5        1.003758
        0.350000           0.532414E-5        1.004049           0.458630E-5        1.003758
        0.352000           0.532442E-5        1.004049           0.458653E-5        1.003758
        0.354000           0.532470E-5        1.004049           0.458675E-5        1.003758
        0.356000           0.532498E-5        1.004049           0.458697E-5        1.003758
        0.358000           0.532526E-5        1.004049           0.458720E-5        1.003759
        0.360000           0.532554E-5        1.004050           0.458742E-5        1.003759
        0.362000           0.532582E-5        1.004050           0.458765E-5        1.003759
        0.364000           0.532610E-5        1.004050           0.458787E-5        1.003759
        0.366000           0.532638E-5        1.004050           0.458809E-5        1.003759
        0.368000           0.532666E-5        1.004050           0.458832E-5        1.003759
        0.370000           0.532694E-5        1.004050           0.458854E-5        1.003759
        0.372000           0.532722E-5        1.004050           0.458877E-5        1.003759
        0.374000           0.532750E-5        1.004050           0.458899E-5        1.003759
        0.376000           0.532778E-5        1.004050           0.458922E-5        1.003759
        0.378000           0.532806E-5        1.004050           0.458944E-5        1.003760
        0.380000           0.532834E-5        1.004050           0.458966E-5        1.003760
        0.382000           0.532862E-5        1.004051           0.458989E-5        1.003760
        0.384000           0.532890E-5        1.004051           0.459011E-5        1.003760
        0.386000           0.532918E-5        1.004051           0.459034E-5        1.003760
        0.388000           0.532946E-5        1.004051           0.459056E-5        1.003760
        0.390000           0.532974E-5        1.004051           0.459079E-5        1.003760
        0.392000           0.533003E-5        1.004051           0.459101E-5        1.003760
        0.394000           0.533031E-5        1.004051           0.459123E-5        1.003760
        0.396000           0.533059E-5        1.004051           0.459146E-5        1.003760
        0.398000           0.533087E-5        1.004051           0.459168E-5        1.003760
        0.400000           0.533115E-5        1.004052           0.459191E-5        1.003760
        0.402000           0.533143E-5        1.004052           0.459213E-5        1.003761
        0.404000           0.533171E-5        1.004052           0.459236E-5        1.003761
        0.406000           0.533199E-5        1.004052           0.459258E-5        1.003761
        0.408000           0.533227E-5        1.004052           0.459280E-5        1.003761
        0.410000           0.533255E-5        1.004052           0.459303E-5        1.003761
        0.412000           0.533283E-5        1.004052           0.459325E-5        1.003761
        0.414000           0.533312E-5        1.004052           0.459348E-5        1.003761
        0.416000           0.533340E-5        1.004053           0.459370E-5        1.003761
        0.418000           0.533368E-5        1.004053           0.459393E-5        1.003761
        0.420000           0.533396E-5        1.004053           0.459415E-5        1.003761
        0.422000           0.533424E-5        1.004053           0.459438E-5        1.003762
        0.424000           0.533452E-5        1.004053           0.459460E-5        1.003762
        0.426000           0.533480E-5        1.004053           0.459483E-5        1.003762
        0.428000           0.533508E-5        1.004053           0.459505E-5        1.003762
        0.430000           0.533536E-5        1.004053           0.459528E-5        1.003762
        0.432000           0.533565E-5        1.004053           0.459550E-5        1.003762
        0.434000           0.533593E-5        1.004053           0.459573E-5        1.003762
        0.436000           0.533621E-5        1.004053           0.459595E-5        1.003762
        0.438000           0.533649E-5        1.004054           0.459617E-5        1.003762
        0.440000           0.533677E-5        1.004054           0.459640E-5        1.003762
        0.442000           0.533705E-5        1.004054           0.459662E-5        1.003762
        0.444000           0.533733E-5        1.004054           0.459685E-5        1.003762
        0.446000           0.533761E-5        1.004054           0.459707E-5        1.003763
        0.448000           0.533789E-5        1.004054           0.459730E-5        1.003763
        0.450000           0.533818E-5        1.004054           0.459752E-5        1.003763
        0.452000           0.533846E-5        1.004054           0.459775E-5        1.003763
        0.454000           0.533874E-5        1.004055           0.459797E-5        1.003763
        0.456000           0.533902E-5        1.004055           0.459820E-5        1.003763
        0.458000           0.533930E-5        1.004055           0.459842E-5        1.003763
        0.460000           0.533958E-5        1.004055           0.459865E-5        1.003763
        0.462000           0.533987E-5        1.004055           0.459887E-5        1.003763
        0.464000           0.534015E-5        1.004055           0.459910E-5        1.003763
        0.466000           0.534043E-5        1.004055           0.459932E-5        1.003763
        0.468000           0.534071E-5        1.004055           0.459955E-5        1.003764
        0.470000           0.534099E-5        1.004055           0.459977E-5        1.003764
        0.472000           0.534127E-5        1.004056           0.460000E-5        1.003764
        0.474000           0.534155E-5        1.004056           0.460022E-5        1.003764
        0.476000           0.534184E-5        1.004056           0.460045E-5        1.003764
        0.478000           0.534212E-5        1.004056           0.460067E-5        1.003764
        0.480000           0.534240E-5        1.004056           0.460090E-5        1.003764
        0.482000           0.534268E-5        1.004056           0.460112E-5        1.003764
        0.484000           0.534296E-5        1.004056           0.460135E-5        1.003764
        0.486000           0.534325E-5        1.004056           0.460157E-5        1.003764
        0.488000           0.534353E-5        1.004056           0.460180E-5        1.003765
        0.490000           0.534381E-5        1.004056           0.460202E-5        1.003765
        0.492000           0.534409E-5        1.004057           0.460225E-5        1.003765
        0.494000           0.534437E-5        1.004057           0.460247E-5        1.003765
        0.496000           0.534465E-5        1.004057           0.460270E-5        1.003765
        0.498000           0.534494E-5        1.004057           0.460292E-5        1.003765
        0.500000           0.534522E-5        1.004057           0.460315E-5        1.003765
        0.502000           0.534550E-5        1.004057           0.460338E-5        1.003765
        0.504000           0.534578E-5        1.004057           0.460360E-5        1.003765
        0.506000           0.534606E-5        1.004057           0.460383E-5        1.003765
        0.508000           0.534635E-5        1.004057           0.460405E-5        1.003765
        0.510000           0.534663E-5        1.004058           0.460428E-5        1.003765
        0.512000           0.534691E-5        1.004058           0.460450E-5        1.003766
        0.514000           0.534719E-5        1.004058           0.460473E-5        1.003766
        0.516000           0.534747E-5        1.004058           0.460495E-5        1.003766
        0.518000           0.534776E-5        1.004058           0.460518E-5        1.003766
        0.520000           0.534804E-5        1.004058           0.460541E-5        1.003766
        0.522000           0.534832E-5        1.004058           0.460563E-5        1.003766
        0.524000           0.534860E-5        1.004058           0.460586E-5        1.003766
        0.526000           0.534888E-5        1.004058           0.460608E-5        1.003766
        0.528000           0.534917E-5        1.004058           0.460631E-5        1.003766
        0.530000           0.534945E-5        1.004059           0.460653E-5        1.003766
        0.532000           0.534973E-5        1.004059           0.460676E-5        1.003767
        0.534000           0.535001E-5        1.004059           0.460698E-5        1.003767
        0.536000           0.535030E-5        1.004059           0.460721E-5        1.003767
        0.538000           0.535058E-5        1.004059           0.460743E-5        1.003767
        0.540000           0.535086E-5        1.004059           0.460766E-5        1.003767
        0.542000           0.535114E-5        1.004059           0.460789E-5        1.003767
        0.544000           0.535142E-5        1.004059           0.460811E-5        1.003767
        0.546000           0.535171E-5        1.004059           0.460834E-5        1.003767
        0.548000           0.535199E-5        1.004060           0.460856E-5        1.003767
        0.550000           0.535227E-5        1.004060           0.460879E-5        1.003767
        0.552000           0.535256E-5        1.004060           0.460901E-5        1.003767
        0.554000           0.535284E-5        1.004060           0.460924E-5        1.003767
        0.556000           0.535312E-5        1.004060           0.460947E-5        1.003768
        0.558000           0.535340E-5        1.004060           0.460969E-5        1.003768
        0.560000           0.535369E-5        1.004060           0.460992E-5        1.003768
        0.562000           0.535397E-5        1.004060           0.461014E-5        1.003768
        0.564000           0.535425E-5        1.004060           0.461037E-5        1.003768
        0.566000           0.535453E-5        1.004061           0.461059E-5        1.003768
        0.568000           0.535482E-5        1.004061           0.461082E-5        1.003768
        0.570000           0.535510E-5        1.004061           0.461105E-5        1.003768
        0.572000           0.535538E-5        1.004061           0.461127E-5        1.003768
        0.574000           0.535566E-5        1.004061           0.461150E-5        1.003768
        0.576000           0.535595E-5        1.004061           0.461172E-5        1.003769
        0.578000           0.535623E-5        1.004061           0.461195E-5        1.003769
        0.580000           0.535651E-5        1.004061           0.461217E-5        1.003769
        0.582000           0.535680E-5        1.004061           0.461240E-5        1.003769
        0.584000           0.535708E-5        1.004061           0.461263E-5        1.003769
        0.586000           0.535736E-5        1.004062           0.461285E-5        1.003769
        0.588000           0.535764E-5        1.004062           0.461308E-5        1.003769
        0.590000           0.535793E-5        1.004062           0.461331E-5        1.003769
        0.592000           0.535821E-5        1.004062           0.461353E-5        1.003769
        0.594000           0.535849E-5        1.004062           0.461376E-5        1.003769
        0.596000           0.535878E-5        1.004062           0.461398E-5        1.003770
        0.598000           0.535906E-5        1.004062           0.461421E-5        1.003770
        0.600000           0.535934E-5        1.004062           0.461444E-5        1.003770
        0.602000           0.535962E-5        1.004062           0.461466E-5        1.003770
        0.604000           0.535991E-5        1.004063           0.461489E-5        1.003770
        0.606000           0.536019E-5        1.004063           0.461511E-5        1.003770
        0.608000           0.536047E-5        1.004063           0.461534E-5        1.003770
        0.610000           0.536076E-5        1.004063           0.461557E-5        1.003770
        0.612000           0.536104E-5        1.004063           0.461579E-5        1.003770
        0.614000           0.536132E-5        1.004063           0.461602E-5        1.003770
        0.616000           0.536161E-5        1.004063           0.461624E-5        1.003770
        0.618000           0.536189E-5        1.004063           0.461647E-5        1.003770
        0.620000           0.536217E-5        1.004063           0.461670E-5        1.003771
        0.622000           0.536246E-5        1.004063           0.461692E-5        1.003771
        0.624000           0.536274E-5        1.004064           0.461715E-5        1.003771
        0.626000           0.536302E-5        1.004064           0.461738E-5        1.003771
        0.628000           0.536331E-5        1.004064           0.461760E-5        1.003771
        0.630000           0.536359E-5        1.004064           0.461783E-5        1.003771
        0.632000           0.536387E-5        1.004064           0.461806E-5        1.003771
        0.634000           0.536416E-5        1.004064           0.461828E-5        1.003771
        0.636000           0.536444E-5        1.004064           0.461851E-5        1.003771
        0.638000           0.536472E-5        1.004064           0.461873E-5        1.003771
        0.640000           0.536501E-5        1.004064           0.461896E-5        1.003772
        0.642000           0.536529E-5        1.004065           0.461919E-5        1.003772
        0.644000           0.536557E-5        1.004065           0.461941E-5        1.003772
        0.646000           0.536586E-5        1.004065           0.461964E-5        1.003772
        0.648000           0.536614E-5        1.004065           0.461987E-5        1.003772
        0.650000           0.536643E-5        1.004065           0.462009E-5        1.003772
        0.652000           0.536671E-5        1.004065           0.462032E-5        1.003772
        0.654000           0.536699E-5        1.004065           0.462055E-5        1.003772
        0.656000           0.536728E-5        1.004065           0.462077E-5        1.003772
        0.658000           0.536756E-5        1.004065           0.462100E-5        1.003772
        0.660000           0.536784E-5        1.004066           0.462123E-5        1.003772
        0.662000           0.536813E-5        1.004066           0.462145E-5        1.003772
        0.664000           0.536841E-5        1.004066           0.462168E-5        1.003773
        0.666000           0.536870E-5        1.004066           0.462191E-5        1.003773
        0.668000           0.536898E-5        1.004066           0.462213E-5        1.003773
        0.670000           0.536926E-5        1.004066           0.462236E-5        1.003773
        0.672000           0.536955E-5        1.004066           0.462259E-5        1.003773
        0.674000           0.536983E-5        1.004066           0.462281E-5        1.003773
        0.676000           0.537011E-5        1.004066           0.462304E-5        1.003773
        0.678000           0.537040E-5        1.004066           0.462327E-5        1.003773
        0.680000           0.537068E-5        1.004067           0.462349E-5        1.003773
        0.682000           0.537097E-5        1.004067           0.462372E-5        1.003773
        0.684000           0.537125E-5        1.004067           0.462395E-5        1.003774
        0.686000           0.537153E-5        1.004067           0.462417E-5        1.003774
        0.688000           0.537182E-5        1.004067           0.462440E-5        1.003774
        0.690000           0.537210E-5        1.004067           0.462463E-5        1.003774
        0.692000           0.537239E-5        1.004067           0.462485E-5        1.003774
        0.694000           0.537267E-5        1.004067           0.462508E-5        1.003774
        0.696000           0.537295E-5        1.004067           0.462531E-5        1.003774
        0.698000           0.537324E-5        1.004068           0.462553E-5        1.003774
        0.700000           0.537352E-5        1.004068           0.462576E-5        1.003774
        0.702000           0.537381E-5        1.004068           0.462599E-5        1.003774
        0.704000           0.537409E-5        1.004068           0.462622E-5        1.003775
        0.706000           0.537437E-5        1.004068           0.462644E-5        1.003775
        0.708000           0.537466E-5        1.004068           0.462667E-5        1.003775
        0.710000           0.537494E-5        1.004068           0.462690E-5        1.003775
        0.712000           0.537523E-5        1.004068           0.462712E-5        1.003775
        0.714000           0.537551E-5        1.004068           0.462735E-5        1.003775
        0.716000           0.537580E-5        1.004068           0.462758E-5        1.003775
        0.718000           0.537608E-5        1.004069           0.462780E-5        1.003775
        0.720000           0.537637E-5        1.004069           0.462803E-5        1.003775
        0.722000           0.537665E-5        1.004069           0.462826E-5        1.003775
        0.724000           0.537693E-5        1.004069           0.462849E-5        1.003775
        0.726000           0.537722E-5        1.004069           0.462871E-5        1.003775
        0.728000           0.537750E-5        1.004069           0.462894E-5        1.003776
        0.730000           0.537779E-5        1.004069           0.462917E-5        1.003776
        0.732000           0.537807E-5        1.004069           0.462940E-5        1.003776
        0.734000           0.537836E-5        1.004069           0.462962E-5        1.003776
        0.736000           0.537864E-5        1.004070           0.462985E-5        1.003776
        0.738000           0.537893E-5        1.004070           0.463008E-5        1.003776
        0.740000           0.537921E-5        1.004070           0.463030E-5        1.003776
        0.742000           0.537949E-5        1.004070           0.463053E-5        1.003776
        0.744000           0.537978E-5        1.004070           0.463076E-5        1.003776
        0.746000           0.538006E-5        1.004070           0.463099E-5        1.003776
        0.748000           0.538035E-5        1.004070           0.463121E-5        1.003777
        0.750000           0.538063E-5        1.004070           0.463144E-5        1.003777
        0.752000           0.538092E-5        1.004071           0.463167E-5        1.003777
        0.754000           0.538120E-5        1.004071           0.463190E-5        1.003777
        0.756000           0.538149E-5        1.004071           0.463212E-5        1.003777
        0.758000           0.538177E-5        1.004071           0.463235E-5        1.003777
        0.760000           0.538206E-5        1.004071           0.463258E-5        1.003777
        0.762000           0.538234E-5        1.004071           0.463280E-5        1.003777
        0.764000           0.538263E-5        1.004071           0.463303E-5        1.003777
        0.766000           0.538291E-5        1.004071           0.463326E-5        1.003777
        0.768000           0.538320E-5        1.004071           0.463349E-5        1.003777
        0.770000           0.538348E-5        1.004071           0.463371E-5        1.003778
        0.772000           0.538377E-5        1.004072           0.463394E-5        1.003778
        0.774000           0.538405E-5        1.004072           0.463417E-5        1.003778
        0.776000           0.538434E-5        1.004072           0.463440E-5        1.003778
        0.778000           0.538462E-5        1.004072           0.463462E-5        1.003778
        0.780000           0.538491E-5        1.004072           0.463485E-5        1.003778
        0.782000           0.538519E-5        1.004072           0.463508E-5        1.003778
        0.784000           0.538548E-5        1.004072           0.463531E-5        1.003778
        0.786000           0.538576E-5        1.004072           0.463554E-5        1.003778
        0.788000           0.538605E-5        1.004072           0.463576E-5        1.003778
        0.790000           0.538633E-5        1.004073           0.463599E-5        1.003778
        0.792000           0.538662E-5        1.004073           0.463622E-5        1.003779
        0.794000           0.538690E-5        1.004073           0.463645E-5        1.003779
        0.796000           0.538719E-5        1.004073           0.463667E-5        1.003779
        0.798000           0.538747E-5        1.004073           0.463690E-5        1.003779
        0.800000           0.538776E-5        1.004073           0.463713E-5        1.003779
        0.802000           0.538805E-5        1.004073           0.463736E-5        1.003779
        0.804000           0.538833E-5        1.004073           0.463759E-5        1.003779
        0.806000           0.538862E-5        1.004073           0.463781E-5        1.003779
        0.808000           0.538890E-5        1.004074           0.463804E-5        1.003779
        0.810000           0.538919E-5        1.004074           0.463827E-5        1.003779
        0.812000           0.538947E-5        1.004074           0.463850E-5        1.003780
        0.814000           0.538976E-5        1.004074           0.463872E-5        1.003780
        0.816000           0.539004E-5        1.004074           0.463895E-5        1.003780
        0.818000           0.539033E-5        1.004074           0.463918E-5        1.003780
        0.820000           0.539061E-5        1.004074           0.463941E-5        1.003780
        0.822000           0.539090E-5        1.004074           0.463964E-5        1.003780
        0.824000           0.539118E-5        1.004074           0.463986E-5        1.003780
        0.826000           0.539147E-5        1.004074           0.464009E-5        1.003780
        0.828000           0.539176E-5        1.004075           0.464032E-5        1.003780
        0.830000           0.539204E-5        1.004075           0.464055E-5        1.003780
        0.832000           0.539233E-5        1.004075           0.464078E-5        1.003780
        0.834000           0.539261E-5        1.004075           0.464100E-5        1.003780
        0.836000           0.539290E-5        1.004075           0.464123E-5        1.003781
        0.838000           0.539318E-5        1.004075           0.464146E-5        1.003781
        0.840000           0.539347E-5        1.004075           0.464169E-5        1.003781
        0.842000           0.539376E-5        1.004075           0.464192E-5        1.003781
        0.844000           0.539404E-5        1.004075           0.464214E-5        1.003781
        0.846000           0.539433E-5        1.004076           0.464237E-5        1.003781
        0.848000           0.539461E-5        1.004076           0.464260E-5        1.003781
        0.850000           0.539490E-5        1.004076           0.464283E-5        1.003781
        0.852000           0.539518E-5        1.004076           0.464306E-5        1.003781
        0.854000           0.539547E-5        1.004076           0.464329E-5        1.003781
        0.856000           0.539576E-5        1.004076           0.464351E-5        1.003782
        0.858000           0.539604E-5        1.004076           0.464374E-5        1.003782
        0.860000           0.539633E-5        1.004076           0.464397E-5        1.003782
        0.862000           0.539661E-5        1.004076           0.464420E-5        1.003782
        0.864000           0.539690E-5        1.004076           0.464443E-5        1.003782
        0.866000           0.539719E-5        1.004077           0.464465E-5        1.003782
        0.868000           0.539747E-5        1.004077           0.464488E-5        1.003782
        0.870000           0.539776E-5        1.004077           0.464511E-5        1.003782
        0.872000           0.539805E-5        1.004077           0.464534E-5        1.003782
        0.874000           0.539833E-5        1.004077           0.464557E-5        1.003782
        0.876000           0.539862E-5        1.004077           0.464580E-5        1.003782
        0.878000           0.539890E-5        1.004077           0.464602E-5        1.003783
        0.880000           0.539919E-5        1.004077           0.464625E-5        1.003783
        0.882000           0.539948E-5        1.004077           0.464648E-5        1.003783
        0.884000           0.539976E-5        1.004078           0.464671E-5        1.003783
        0.886000           0.540005E-5        1.004078           0.464694E-5        1.003783
        0.888000           0.540033E-5        1.004078           0.464717E-5        1.003783
        0.890000           0.540062E-5        1.004078           0.464740E-5        1.003783
        0.892000           0.540091E-5        1.004078           0.464763E-5        1.003783
        0.894000           0.540119E-5        1.004078           0.464785E-5        1.003783
        0.896000           0.540148E-5        1.004078           0.464808E-5        1.003783
        0.898000           0.540177E-5        1.004078           0.464831E-5        1.003783
        0.900000           0.540205E-5        1.004078           0.464854E-5        1.003784
        0.902000           0.540234E-5        1.004079           0.464877E-5        1.003784
        0.904000           0.540263E-5        1.004079           0.464900E-5        1.003784
        0.906000           0.540291E-5        1.004079           0.464923E-5        1.003784
        0.908000           0.540320E-5        1.004079           0.464945E-5        1.003784
        0.910000           0.540348E-5        1.004079           0.464968E-5        1.003784
        0.912000           0.540377E-5        1.004079           0.464991E-5        1.003784
        0.914000           0.540406E-5        1.004079           0.465014E-5        1.003784
        0.916000           0.540435E-5        1.004079           0.465037E-5        1.003784
        0.918000           0.540463E-5        1.004079           0.465060E-5        1.003784
        0.920000           0.540492E-5        1.004080           0.465083E-5        1.003785
        0.922000           0.540520E-5        1.004080           0.465105E-5        1.003785
        0.924000           0.540549E-5        1.004080           0.465128E-5        1.003785
        0.926000           0.540578E-5        1.004080           0.465151E-5        1.003785
        0.928000           0.540607E-5        1.004080           0.465174E-5        1.003785
        0.930000           0.540635E-5        1.004080           0.465197E-5        1.003785
        0.932000           0.540664E-5        1.004080           0.465220E-5        1.003785
        0.934000           0.540693E-5        1.004080           0.465243E-5        1.003785
        0.936000           0.540721E-5        1.004080           0.465266E-5        1.003785
        0.938000           0.540750E-5        1.004081           0.465289E-5        1.003785
        0.940000           0.540779E-5        1.004081           0.465312E-5        1.003785
        0.942000           0.540807E-5        1.004081           0.465334E-5        1.003785
        0.944000           0.540836E-5        1.004081           0.465357E-5        1.003786
        0.946000           0.540865E-5        1.004081           0.465380E-5        1.003786
        0.948000           0.540894E-5        1.004081           0.465403E-5        1.003786
        0.950000           0.540922E-5        1.004081           0.465426E-5        1.003786
        0.952000           0.540951E-5        1.004081           0.465449E-5        1.003786
        0.954000           0.540980E-5        1.004081           0.465472E-5        1.003786
        0.956000           0.541008E-5        1.004081           0.465495E-5        1.003786
        0.958000           0.541037E-5        1.004082           0.465518E-5        1.003786
        0.960000           0.541066E-5        1.004082           0.465541E-5        1.003786
        0.962000           0.541094E-5        1.004082           0.465564E-5        1.003786
        0.964000           0.541123E-5        1.004082           0.465586E-5        1.003787
        0.966000           0.541152E-5        1.004082           0.465609E-5        1.003787
        0.968000           0.541180E-5        1.004082           0.465632E-5        1.003787
        0.970000           0.541209E-5        1.004082           0.465655E-5        1.003787
        0.972000           0.541238E-5        1.004082           0.465678E-5        1.003787
        0.974000           0.541267E-5        1.004082           0.465701E-5        1.003787
        0.976000           0.541296E-5        1.004083           0.465724E-5        1.003787
        0.978000           0.541324E-5        1.004083           0.465747E-5        1.003787
        0.980000           0.541353E-5        1.004083           0.465770E-5        1.003787
        0.982000           0.541382E-5        1.004083           0.465793E-5        1.003787
        0.984000           0.541411E-5        1.004083           0.465816E-5        1.003788
        0.986000           0.541439E-5        1.004083           0.465839E-5        1.003788
        0.988000           0.541468E-5        1.004083           0.465862E-5        1.003788
        0.990000           0.541497E-5        1.004083           0.465884E-5        1.003788
        0.992000           0.541525E-5        1.004083           0.465907E-5        1.003788
        0.994000           0.541554E-5        1.004084           0.465930E-5        1.003788
        0.996000           0.541583E-5        1.004084           0.465953E-5        1.003788
        0.998000           0.541612E-5        1.004084           0.465976E-5        1.003788
        1.000000           0.541640E-5        1.004084           0.465999E-5        1.003788
        1.002000           0.541669E-5        1.004084           0.466022E-5        1.003788
        1.004000           0.541698E-5        1.004084           0.466045E-5        1.003788
        1.006000           0.541727E-5        1.004084           0.466068E-5        1.003788
        1.008000           0.541756E-5        1.004084           0.466091E-5        1.003789
        1.010000           0.541784E-5        1.004084           0.466114E-5        1.003789
        1.012000           0.541813E-5        1.004084           0.466137E-5        1.003789
        1.014000           0.541842E-5        1.004085           0.466160E-5        1.003789
        1.016000           0.541871E-5        1.004085           0.466183E-5        1.003789
        1.018000           0.541899E-5        1.004085           0.466206E-5        1.003789
        1.020000           0.541928E-5        1.004085           0.466229E-5        1.003789
        1.022000           0.541957E-5        1.004085           0.466252E-5        1.003789
        1.024000           0.541986E-5        1.004085           0.466275E-5        1.003789
        1.026000           0.542014E-5        1.004085           0.466298E-5        1.003789
        1.028000           0.542043E-5        1.004085           0.466321E-5        1.003790
        1.030000           0.542072E-5        1.004085           0.466344E-5        1.003790
        1.032000           0.542101E-5        1.004086           0.466367E-5        1.003790
        1.034000           0.542130E-5        1.004086           0.466390E-5        1.003790
        1.036000           0.542159E-5        1.004086           0.466412E-5        1.003790
        1.038000           0.542187E-5        1.004086           0.466435E-5        1.003790
        1.040000           0.542216E-5        1.004086           0.466458E-5        1.003790
        1.042000           0.542245E-5        1.004086           0.466481E-5        1.003790
        1.044000           0.542274E-5        1.004086           0.466504E-5        1.003790
        1.046000           0.542302E-5        1.004086           0.466527E-5        1.003790
        1.048000           0.542331E-5        1.004086           0.466550E-5        1.003790
        1.050000           0.542360E-5        1.004087           0.466573E-5        1.003790
        1.052000           0.542389E-5        1.004087           0.466596E-5        1.003791
        1.054000           0.542418E-5        1.004087           0.466619E-5        1.003791
        1.056000           0.542446E-5        1.004087           0.466642E-5        1.003791
        1.058000           0.542475E-5        1.004087           0.466665E-5        1.003791
        1.060000           0.542504E-5        1.004087           0.466688E-5        1.003791
        1.062000           0.542533E-5        1.004087           0.466711E-5        1.003791
        1.064000           0.542562E-5        1.004087           0.466734E-5        1.003791
        1.066000           0.542591E-5        1.004087           0.466757E-5        1.003791
        1.068000           0.542620E-5        1.004088           0.466780E-5        1.003791
        1.070000           0.542648E-5        1.004088           0.466803E-5        1.003791
        1.072000           0.542677E-5        1.004088           0.466826E-5        1.003792
        1.074000           0.542706E-5        1.004088           0.466849E-5        1.003792
        1.076000           0.542735E-5        1.004088           0.466872E-5        1.003792
        1.078000           0.542764E-5        1.004088           0.466895E-5        1.003792
        1.080000           0.542793E-5        1.004088           0.466918E-5        1.003792
        1.082000           0.542821E-5        1.004088           0.466941E-5        1.003792
        1.084000           0.542850E-5        1.004088           0.466964E-5        1.003792
        1.086000           0.542879E-5        1.004089           0.466987E-5        1.003792
        1.088000           0.542908E-5        1.004089           0.467010E-5        1.003792
        1.090000           0.542937E-5        1.004089           0.467033E-5        1.003792
        1.092000           0.542966E-5        1.004089           0.467056E-5        1.003793
        1.094000           0.542995E-5        1.004089           0.467079E-5        1.003793
        1.096000           0.543023E-5        1.004089           0.467103E-5        1.003793
        1.098000           0.543052E-5        1.004089           0.467126E-5        1.003793
        1.100000           0.543081E-5        1.004089           0.467149E-5        1.003793
        1.102000           0.543110E-5        1.004089           0.467172E-5        1.003793
        1.104000           0.543139E-5        1.004089           0.467195E-5        1.003793
        1.106000           0.543168E-5        1.004090           0.467218E-5        1.003793
        1.108000           0.543197E-5        1.004090           0.467241E-5        1.003793
        1.110000           0.543226E-5        1.004090           0.467264E-5        1.003793
        1.112000           0.543254E-5        1.004090           0.467287E-5        1.003793
        1.114000           0.543283E-5        1.004090           0.467310E-5        1.003794
        1.116000           0.543312E-5        1.004090           0.467333E-5        1.003794
        1.118000           0.543341E-5        1.004090           0.467356E-5        1.003794
        1.120000           0.543370E-5        1.004090           0.467379E-5        1.003794
        1.122000           0.543399E-5        1.004090           0.467402E-5        1.003794
        1.124000           0.543428E-5        1.004091           0.467425E-5        1.003794
        1.126000           0.543457E-5        1.004091           0.467448E-5        1.003794
        1.128000           0.543486E-5        1.004091           0.467471E-5        1.003794
        1.130000           0.543515E-5        1.004091           0.467494E-5        1.003794
        1.132000           0.543543E-5        1.004091           0.467517E-5        1.003794
        1.134000           0.543572E-5        1.004091           0.467540E-5        1.003794
        1.136000           0.543601E-5        1.004091           0.467563E-5        1.003795
        1.138000           0.543630E-5        1.004091           0.467587E-5        1.003795
        1.140000           0.543659E-5        1.004092           0.467610E-5        1.003795
        1.142000           0.543688E-5        1.004092           0.467633E-5        1.003795
        1.144000           0.543717E-5        1.004092           0.467656E-5        1.003795
        1.146000           0.543746E-5        1.004092           0.467679E-5        1.003795
        1.148000           0.543775E-5        1.004092           0.467702E-5        1.003795
        1.150000           0.543804E-5        1.004092           0.467725E-5        1.003795
        1.152000           0.543833E-5        1.004092           0.467748E-5        1.003795
        1.154000           0.543862E-5        1.004092           0.467771E-5        1.003795
        1.156000           0.543891E-5        1.004092           0.467794E-5        1.003796
        1.158000           0.543919E-5        1.004092           0.467817E-5        1.003796
        1.160000           0.543949E-5        1.004093           0.467840E-5        1.003796
        1.162000           0.543977E-5        1.004093           0.467863E-5        1.003796
        1.164000           0.544006E-5        1.004093           0.467886E-5        1.003796
        1.166000           0.544035E-5        1.004093           0.467910E-5        1.003796
        1.168000           0.544064E-5        1.004093           0.467933E-5        1.003796
        1.170000           0.544093E-5        1.004093           0.467956E-5        1.003796
        1.172000           0.544122E-5        1.004093           0.467979E-5        1.003796
        1.174000           0.544151E-5        1.004093           0.468002E-5        1.003796
        1.176000           0.544180E-5        1.004093           0.468025E-5        1.003796
        1.178000           0.544209E-5        1.004094           0.468048E-5        1.003797
        1.180000           0.544238E-5        1.004094           0.468071E-5        1.003797
        1.182000           0.544267E-5        1.004094           0.468094E-5        1.003797
        1.184000           0.544296E-5        1.004094           0.468117E-5        1.003797
        1.186000           0.544325E-5        1.004094           0.468141E-5        1.003797
        1.188000           0.544354E-5        1.004094           0.468164E-5        1.003797
        1.190000           0.544383E-5        1.004094           0.468187E-5        1.003797
        1.192000           0.544412E-5        1.004094           0.468210E-5        1.003797
        1.194000           0.544441E-5        1.004094           0.468233E-5        1.003797
        1.196000           0.544470E-5        1.004094           0.468256E-5        1.003797
        1.198000           0.544499E-5        1.004095           0.468279E-5        1.003797
        1.200000           0.544528E-5        1.004095           0.468302E-5        1.003798
        1.202000           0.544557E-5        1.004095           0.468325E-5        1.003798
        1.204000           0.544586E-5        1.004095           0.468349E-5        1.003798
        1.206000           0.544615E-5        1.004095           0.468372E-5        1.003798
        1.208000           0.544644E-5        1.004095           0.468395E-5        1.003798
        1.210000           0.544673E-5        1.004095           0.468418E-5        1.003798
        1.212000           0.544702E-5        1.004095           0.468441E-5        1.003798
        1.214000           0.544731E-5        1.004095           0.468464E-5        1.003798
        1.216000           0.544760E-5        1.004096           0.468487E-5        1.003798
        1.218000           0.544789E-5        1.004096           0.468510E-5        1.003798
        1.220000           0.544818E-5        1.004096           0.468534E-5        1.003798
        1.222000           0.544847E-5        1.004096           0.468557E-5        1.003799
        1.224000           0.544876E-5        1.004096           0.468580E-5        1.003799
        1.226000           0.544905E-5        1.004096           0.468603E-5        1.003799
        1.228000           0.544934E-5        1.004096           0.468626E-5        1.003799
        1.230000           0.544963E-5        1.004096           0.468649E-5        1.003799
        1.232000           0.544992E-5        1.004097           0.468672E-5        1.003799
        1.234000           0.545021E-5        1.004097           0.468696E-5        1.003799
        1.236000           0.545050E-5        1.004097           0.468719E-5        1.003799
        1.238000           0.545079E-5        1.004097           0.468742E-5        1.003799
        1.240000           0.545108E-5        1.004097           0.468765E-5        1.003799
        1.242000           0.545137E-5        1.004097           0.468788E-5        1.003800
        1.244000           0.545166E-5        1.004097           0.468811E-5        1.003800
        1.246000           0.545195E-5        1.004097           0.468835E-5        1.003800
        1.248000           0.545224E-5        1.004097           0.468858E-5        1.003800
        1.250000           0.545253E-5        1.004097           0.468881E-5        1.003800
        1.252000           0.545282E-5        1.004098           0.468904E-5        1.003800
        1.254000           0.545311E-5        1.004098           0.468927E-5        1.003800
        1.256000           0.545340E-5        1.004098           0.468950E-5        1.003800
        1.258000           0.545369E-5        1.004098           0.468973E-5        1.003800
        1.260000           0.545399E-5        1.004098           0.468997E-5        1.003800
        1.262000           0.545428E-5        1.004098           0.469020E-5        1.003801
        1.264000           0.545457E-5        1.004098           0.469043E-5        1.003801
        1.266000           0.545486E-5        1.004098           0.469066E-5        1.003801
        1.268000           0.545515E-5        1.004098           0.469089E-5        1.003801
        1.270000           0.545544E-5        1.004099           0.469113E-5        1.003801
        1.272000           0.545573E-5        1.004099           0.469136E-5        1.003801
        1.274000           0.545602E-5        1.004099           0.469159E-5        1.003801
        1.276000           0.545631E-5        1.004099           0.469182E-5        1.003801
        1.278000           0.545660E-5        1.004099           0.469205E-5        1.003801
        1.280000           0.545689E-5        1.004099           0.469228E-5        1.003801
        1.282000           0.545718E-5        1.004099           0.469252E-5        1.003801
        1.284000           0.545747E-5        1.004099           0.469275E-5        1.003801
        1.286000           0.545776E-5        1.004099           0.469298E-5        1.003802
        1.288000           0.545806E-5        1.004099           0.469321E-5        1.003802
        1.290000           0.545835E-5        1.004100           0.469344E-5        1.003802
        1.292000           0.545864E-5        1.004100           0.469368E-5        1.003802
        1.294000           0.545893E-5        1.004100           0.469391E-5        1.003802
        1.296000           0.545922E-5        1.004100           0.469414E-5        1.003802
        1.298000           0.545951E-5        1.004100           0.469437E-5        1.003802
        1.300000           0.545980E-5        1.004100           0.469460E-5        1.003802
        1.302000           0.546009E-5        1.004100           0.469484E-5        1.003802
        1.304000           0.546038E-5        1.004100           0.469507E-5        1.003802
        1.306000           0.546067E-5        1.004100           0.469530E-5        1.003803
        1.308000           0.546096E-5        1.004101           0.469553E-5        1.003803
        1.310000           0.546126E-5        1.004101           0.469576E-5        1.003803
        1.312000           0.546155E-5        1.004101           0.469600E-5        1.003803
        1.314000           0.546184E-5        1.004101           0.469623E-5        1.003803
        1.316000           0.546213E-5        1.004101           0.469646E-5        1.003803
        1.318000           0.546242E-5        1.004101           0.469669E-5        1.003803
        1.320000           0.546271E-5        1.004101           0.469692E-5        1.003803
        1.322000           0.546300E-5        1.004101           0.469716E-5        1.003803
        1.324000           0.546329E-5        1.004102           0.469739E-5        1.003803
        1.326000           0.546359E-5        1.004102           0.469762E-5        1.003803
        1.328000           0.546388E-5        1.004102           0.469785E-5        1.003804
        1.330000           0.546417E-5        1.004102           0.469809E-5        1.003804
        1.332000           0.546446E-5        1.004102           0.469832E-5        1.003804
        1.334000           0.546475E-5        1.004102           0.469855E-5        1.003804
        1.336000           0.546504E-5        1.004102           0.469878E-5        1.003804
        1.338000           0.546533E-5        1.004102           0.469901E-5        1.003804
        1.340000           0.546563E-5        1.004102           0.469925E-5        1.003804
        1.342000           0.546592E-5        1.004102           0.469948E-5        1.003804
        1.344000           0.546621E-5        1.004103           0.469971E-5        1.003804
        1.346000           0.546650E-5        1.004103           0.469995E-5        1.003804
        1.348000           0.546679E-5        1.004103           0.470018E-5        1.003804
        1.350000           0.546709E-5        1.004103           0.470041E-5        1.003805
        1.352000           0.546738E-5        1.004103           0.470064E-5        1.003805
        1.354000           0.546767E-5        1.004103           0.470087E-5        1.003805
        1.356000           0.546796E-5        1.004103           0.470111E-5        1.003805
        1.358000           0.546825E-5        1.004103           0.470134E-5        1.003805
        1.360000           0.546854E-5        1.004103           0.470157E-5        1.003805
        1.362000           0.546883E-5        1.004104           0.470181E-5        1.003805
        1.364000           0.546913E-5        1.004104           0.470204E-5        1.003805
        1.366000           0.546942E-5        1.004104           0.470227E-5        1.003805
        1.368000           0.546971E-5        1.004104           0.470250E-5        1.003805
        1.370000           0.547000E-5        1.004104           0.470274E-5        1.003806
        1.372000           0.547029E-5        1.004104           0.470297E-5        1.003806
        1.374000           0.547059E-5        1.004104           0.470320E-5        1.003806
        1.376000           0.547088E-5        1.004104           0.470343E-5        1.003806
        1.378000           0.547117E-5        1.004104           0.470367E-5        1.003806
        1.380000           0.547146E-5        1.004104           0.470390E-5        1.003806
        1.382000           0.547175E-5        1.004105           0.470413E-5        1.003806
        1.384000           0.547205E-5        1.004105           0.470436E-5        1.003806
        1.386000           0.547234E-5        1.004105           0.470460E-5        1.003806
        1.388000           0.547263E-5        1.004105           0.470483E-5        1.003806
        1.390000           0.547292E-5        1.004105           0.470506E-5        1.003806
        1.392000           0.547321E-5        1.004105           0.470529E-5        1.003807
        1.394000           0.547351E-5        1.004105           0.470553E-5        1.003807
        1.396000           0.547380E-5        1.004105           0.470576E-5        1.003807
        1.398000           0.547409E-5        1.004106           0.470599E-5        1.003807
        1.400000           0.547438E-5        1.004106           0.470623E-5        1.003807
        1.402000           0.547468E-5        1.004106           0.470646E-5        1.003807
        1.404000           0.547497E-5        1.004106           0.470669E-5        1.003807
        1.406000           0.547526E-5        1.004106           0.470693E-5        1.003807
        1.408000           0.547555E-5        1.004106           0.470716E-5        1.003807
        1.410000           0.547584E-5        1.004106           0.470739E-5        1.003807
        1.412000           0.547614E-5        1.004106           0.470762E-5        1.003808
        1.414000           0.547643E-5        1.004106           0.470786E-5        1.003808
        1.416000           0.547672E-5        1.004107           0.470809E-5        1.003808
        1.418000           0.547701E-5        1.004107           0.470832E-5        1.003808
        1.420000           0.547731E-5        1.004107           0.470856E-5        1.003808
        1.422000           0.547760E-5        1.004107           0.470879E-5        1.003808
        1.424000           0.547789E-5        1.004107           0.470902E-5        1.003808
        1.426000           0.547818E-5        1.004107           0.470926E-5        1.003808
        1.428000           0.547848E-5        1.004107           0.470949E-5        1.003808
        1.430000           0.547877E-5        1.004107           0.470972E-5        1.003808
        1.432000           0.547906E-5        1.004107           0.470996E-5        1.003808
        1.434000           0.547935E-5        1.004107           0.471019E-5        1.003808
        1.436000           0.547965E-5        1.004108           0.471042E-5        1.003809
        1.438000           0.547994E-5        1.004108           0.471065E-5        1.003809
        1.440000           0.548023E-5        1.004108           0.471089E-5        1.003809
        1.442000           0.548052E-5        1.004108           0.471112E-5        1.003809
        1.444000           0.548082E-5        1.004108           0.471135E-5        1.003809
        1.446000           0.548111E-5        1.004108           0.471159E-5        1.003809
        1.448000           0.548140E-5        1.004108           0.471182E-5        1.003809
        1.450000           0.548170E-5        1.004108           0.471205E-5        1.003809
        1.452000           0.548199E-5        1.004108           0.471229E-5        1.003809
        1.454000           0.548228E-5        1.004109           0.471252E-5        1.003809
        1.456000           0.548258E-5        1.004109           0.471276E-5        1.003810
        1.458000           0.548287E-5        1.004109           0.471299E-5        1.003810
        1.460000           0.548316E-5        1.004109           0.471322E-5        1.003810
        1.462000           0.548345E-5        1.004109           0.471345E-5        1.003810
        1.464000           0.548375E-5        1.004109           0.471369E-5        1.003810
        1.466000           0.548404E-5        1.004109           0.471392E-5        1.003810
        1.468000           0.548433E-5        1.004109           0.471415E-5        1.003810
        1.470000           0.548463E-5        1.004110           0.471439E-5        1.003810
        1.472000           0.548492E-5        1.004110           0.471462E-5        1.003810
        1.474000           0.548521E-5        1.004110           0.471486E-5        1.003810
        1.476000           0.548550E-5        1.004110           0.471509E-5        1.003811
        1.478000           0.548580E-5        1.004110           0.471532E-5        1.003811
        1.480000           0.548609E-5        1.004110           0.471556E-5        1.003811
        1.482000           0.548638E-5        1.004110           0.471579E-5        1.003811
        1.484000           0.548668E-5        1.004110           0.471602E-5        1.003811
        1.486000           0.548697E-5        1.004110           0.471626E-5        1.003811
        1.488000           0.548726E-5        1.004110           0.471649E-5        1.003811
        1.490000           0.548756E-5        1.004111           0.471672E-5        1.003811
        1.492000           0.548785E-5        1.004111           0.471696E-5        1.003811
        1.494000           0.548814E-5        1.004111           0.471719E-5        1.003811
        1.496000           0.548844E-5        1.004111           0.471743E-5        1.003811
        1.498000           0.548873E-5        1.004111           0.471766E-5        1.003812
        1.500000           0.548902E-5        1.004111           0.471789E-5        1.003812
        1.502000           0.548932E-5        1.004111           0.471813E-5        1.003812
        1.504000           0.548961E-5        1.004111           0.471836E-5        1.003812
        1.506000           0.548990E-5        1.004111           0.471859E-5        1.003812
        1.508000           0.549020E-5        1.004112           0.471883E-5        1.003812
        1.510000           0.549049E-5        1.004112           0.471906E-5        1.003812
        1.512000           0.549078E-5        1.004112           0.471930E-5        1.003812
        1.514000           0.549108E-5        1.004112           0.471953E-5        1.003812
        1.516000           0.549137E-5        1.004112           0.471976E-5        1.003812
        1.518000           0.549166E-5        1.004112           0.472000E-5        1.003813
        1.520000           0.549196E-5        1.004112           0.472023E-5        1.003813
        1.522000           0.549225E-5        1.004112           0.472047E-5        1.003813
        1.524000           0.549255E-5        1.004112           0.472070E-5        1.003813
        1.526000           0.549284E-5        1.004113           0.472093E-5        1.003813
        1.528000           0.549313E-5        1.004113           0.472117E-5        1.003813
        1.530000           0.549343E-5        1.004113           0.472140E-5        1.003813
        1.532000           0.549372E-5        1.004113           0.472164E-5        1.003813
        1.534000           0.549401E-5        1.004113           0.472187E-5        1.003813
        1.536000           0.549431E-5        1.004113           0.472210E-5        1.003813
        1.538000           0.549460E-5        1.004113           0.472234E-5        1.003814
        1.540000           0.549490E-5        1.004113           0.472257E-5        1.003814
        1.542000           0.549519E-5        1.004113           0.472281E-5        1.003814
        1.544000           0.549548E-5        1.004114           0.472304E-5        1.003814
        1.546000           0.549578E-5        1.004114           0.472327E-5        1.003814
        1.548000           0.549607E-5        1.004114           0.472351E-5        1.003814
        1.550000           0.549637E-5        1.004114           0.472374E-5        1.003814
        1.552000           0.549666E-5        1.004114           0.472398E-5        1.003814
        1.554000           0.549695E-5        1.004114           0.472421E-5        1.003814
        1.556000           0.549725E-5        1.004114           0.472444E-5        1.003814
        1.558000           0.549754E-5        1.004114           0.472468E-5        1.003814
        1.560000           0.549784E-5        1.004114           0.472491E-5        1.003814
        1.562000           0.549813E-5        1.004115           0.472515E-5        1.003815
        1.564000           0.549842E-5        1.004115           0.472538E-5        1.003815
        1.566000           0.549872E-5        1.004115           0.472562E-5        1.003815
        1.568000           0.549901E-5        1.004115           0.472585E-5        1.003815
        1.570000           0.549931E-5        1.004115           0.472609E-5        1.003815
        1.572000           0.549960E-5        1.004115           0.472632E-5        1.003815
        1.574000           0.549990E-5        1.004115           0.472655E-5        1.003815
        1.576000           0.550019E-5        1.004115           0.472679E-5        1.003815
        1.578000           0.550048E-5        1.004115           0.472702E-5        1.003815
        1.580000           0.550078E-5        1.004115           0.472726E-5        1.003815
        1.582000           0.550107E-5        1.004116           0.472749E-5        1.003816
        1.584000           0.550137E-5        1.004116           0.472773E-5        1.003816
        1.586000           0.550166E-5        1.004116           0.472796E-5        1.003816
        1.588000           0.550196E-5        1.004116           0.472820E-5        1.003816
        1.590000           0.550225E-5        1.004116           0.472843E-5        1.003816
        1.592000           0.550254E-5        1.004116           0.472866E-5        1.003816
        1.594000           0.550284E-5        1.004116           0.472890E-5        1.003816
        1.596000           0.550313E-5        1.004116           0.472913E-5        1.003816
        1.598000           0.550343E-5        1.004117           0.472937E-5        1.003816
        1.600000           0.550372E-5        1.004117           0.472960E-5        1.003816
        1.602000           0.550402E-5        1.004117           0.472984E-5        1.003816
        1.604000           0.550431E-5        1.004117           0.473007E-5        1.003817
        1.606000           0.550461E-5        1.004117           0.473031E-5        1.003817
        1.608000           0.550490E-5        1.004117           0.473054E-5        1.003817
        1.610000           0.550520E-5        1.004117           0.473078E-5        1.003817
        1.612000           0.550549E-5        1.004117           0.473101E-5        1.003817
        1.614000           0.550578E-5        1.004117           0.473125E-5        1.003817
        1.616000           0.550608E-5        1.004117           0.473148E-5        1.003817
        1.618000           0.550637E-5        1.004118           0.473172E-5        1.003817
        1.620000           0.550667E-5        1.004118           0.473195E-5        1.003817
        1.622000           0.550696E-5        1.004118           0.473219E-5        1.003817
        1.624000           0.550726E-5        1.004118           0.473242E-5        1.003818
        1.626000           0.550755E-5        1.004118           0.473265E-5        1.003818
        1.628000           0.550785E-5        1.004118           0.473289E-5        1.003818
        1.630000           0.550814E-5        1.004118           0.473312E-5        1.003818
        1.632000           0.550844E-5        1.004118           0.473336E-5        1.003818
        1.634000           0.550873E-5        1.004118           0.473359E-5        1.003818
        1.636000           0.550903E-5        1.004119           0.473383E-5        1.003818
        1.638000           0.550932E-5        1.004119           0.473406E-5        1.003818
        1.640000           0.550962E-5        1.004119           0.473430E-5        1.003818
        1.642000           0.550991E-5        1.004119           0.473453E-5        1.003818
        1.644000           0.551021E-5        1.004119           0.473477E-5        1.003819
        1.646000           0.551050E-5        1.004119           0.473500E-5        1.003819
        1.648000           0.551080E-5        1.004119           0.473524E-5        1.003819
        1.650000           0.551109E-5        1.004119           0.473547E-5        1.003819
        1.652000           0.551139E-5        1.004120           0.473571E-5        1.003819
        1.654000           0.551169E-5        1.004120           0.473594E-5        1.003819
        1.656000           0.551198E-5        1.004120           0.473618E-5        1.003819
        1.658000           0.551228E-5        1.004120           0.473641E-5        1.003819
        1.660000           0.551257E-5        1.004120           0.473665E-5        1.003819
        1.662000           0.551287E-5        1.004120           0.473688E-5        1.003819
        1.664000           0.551316E-5        1.004120           0.473712E-5        1.003819
        1.666000           0.551346E-5        1.004120           0.473735E-5        1.003819
        1.668000           0.551375E-5        1.004120           0.473759E-5        1.003820
        1.670000           0.551405E-5        1.004120           0.473783E-5        1.003820
        1.672000           0.551434E-5        1.004121           0.473806E-5        1.003820
        1.674000           0.551464E-5        1.004121           0.473830E-5        1.003820
        1.676000           0.551493E-5        1.004121           0.473853E-5        1.003820
        1.678000           0.551523E-5        1.004121           0.473877E-5        1.003820
        1.680000           0.551553E-5        1.004121           0.473900E-5        1.003820
        1.682000           0.551582E-5        1.004121           0.473924E-5        1.003820
        1.684000           0.551612E-5        1.004121           0.473947E-5        1.003820
        1.686000           0.551641E-5        1.004121           0.473971E-5        1.003820
        1.688000           0.551671E-5        1.004121           0.473994E-5        1.003821
        1.690000           0.551700E-5        1.004122           0.474018E-5        1.003821
        1.692000           0.551730E-5        1.004122           0.474041E-5        1.003821
        1.694000           0.551759E-5        1.004122           0.474065E-5        1.003821
        1.696000           0.551789E-5        1.004122           0.474089E-5        1.003821
        1.698000           0.551818E-5        1.004122           0.474112E-5        1.003821
        1.700000           0.551848E-5        1.004122           0.474136E-5        1.003821
        1.702000           0.551878E-5        1.004122           0.474159E-5        1.003821
        1.704000           0.551907E-5        1.004122           0.474183E-5        1.003821
        1.706000           0.551937E-5        1.004122           0.474206E-5        1.003821
        1.708000           0.551967E-5        1.004123           0.474230E-5        1.003821
        1.710000           0.551996E-5        1.004123           0.474253E-5        1.003822
        1.712000           0.552026E-5        1.004123           0.474277E-5        1.003822
        1.714000           0.552055E-5        1.004123           0.474300E-5        1.003822
        1.716000           0.552085E-5        1.004123           0.474324E-5        1.003822
        1.718000           0.552114E-5        1.004123           0.474348E-5        1.003822
        1.720000           0.552144E-5        1.004123           0.474371E-5        1.003822
        1.722000           0.552174E-5        1.004123           0.474395E-5        1.003822
        1.724000           0.552203E-5        1.004123           0.474418E-5        1.003822
        1.726000           0.552233E-5        1.004124           0.474442E-5        1.003822
        1.728000           0.552262E-5        1.004124           0.474466E-5        1.003822
        1.730000           0.552292E-5        1.004124           0.474489E-5        1.003823
        1.732000           0.552322E-5        1.004124           0.474513E-5        1.003823
        1.734000           0.552351E-5        1.004124           0.474536E-5        1.003823
        1.736000           0.552381E-5        1.004124           0.474560E-5        1.003823
        1.738000           0.552411E-5        1.004124           0.474583E-5        1.003823
        1.740000           0.552440E-5        1.004124           0.474607E-5        1.003823
        1.742000           0.552470E-5        1.004124           0.474631E-5        1.003823
        1.744000           0.552499E-5        1.004125           0.474654E-5        1.003823
        1.746000           0.552529E-5        1.004125           0.474678E-5        1.003823
        1.748000           0.552559E-5        1.004125           0.474701E-5        1.003823
        1.750000           0.552588E-5        1.004125           0.474725E-5        1.003824
        1.752000           0.552618E-5        1.004125           0.474748E-5        1.003824
        1.754000           0.552648E-5        1.004125           0.474772E-5        1.003824
        1.756000           0.552677E-5        1.004125           0.474796E-5        1.003824
        1.758000           0.552707E-5        1.004125           0.474819E-5        1.003824
        1.760000           0.552736E-5        1.004125           0.474843E-5        1.003824
        1.762000           0.552766E-5        1.004126           0.474867E-5        1.003824
        1.764000           0.552796E-5        1.004126           0.474890E-5        1.003824
        1.766000           0.552825E-5        1.004126           0.474914E-5        1.003824
        1.768000           0.552855E-5        1.004126           0.474937E-5        1.003824
        1.770000           0.552885E-5        1.004126           0.474961E-5        1.003824
        1.772000           0.552914E-5        1.004126           0.474985E-5        1.003825
        1.774000           0.552944E-5        1.004126           0.475008E-5        1.003825
        1.776000           0.552974E-5        1.004126           0.475032E-5        1.003825
        1.778000           0.553003E-5        1.004126           0.475055E-5        1.003825
        1.780000           0.553033E-5        1.004127           0.475079E-5        1.003825
        1.782000           0.553063E-5        1.004127           0.475103E-5        1.003825
        1.784000           0.553092E-5        1.004127           0.475126E-5        1.003825
        1.786000           0.553122E-5        1.004127           0.475150E-5        1.003825
        1.788000           0.553152E-5        1.004127           0.475174E-5        1.003825
        1.790000           0.553181E-5        1.004127           0.475197E-5        1.003825
        1.792000           0.553211E-5        1.004127           0.475221E-5        1.003826
        1.794000           0.553241E-5        1.004127           0.475244E-5        1.003826
        1.796000           0.553270E-5        1.004127           0.475268E-5        1.003826
        1.798000           0.553300E-5        1.004128           0.475292E-5        1.003826
        1.800000           0.553330E-5        1.004128           0.475315E-5        1.003826
        1.802000           0.553360E-5        1.004128           0.475339E-5        1.003826
        1.804000           0.553389E-5        1.004128           0.475363E-5        1.003826
        1.806000           0.553419E-5        1.004128           0.475386E-5        1.003826
        1.808000           0.553449E-5        1.004128           0.475410E-5        1.003826
        1.810000           0.553478E-5        1.004128           0.475434E-5        1.003826
        1.812000           0.553508E-5        1.004128           0.475457E-5        1.003826
        1.814000           0.553538E-5        1.004128           0.475481E-5        1.003826
        1.816000           0.553567E-5        1.004129           0.475504E-5        1.003827
        1.818000           0.553597E-5        1.004129           0.475528E-5        1.003827
        1.820000           0.553627E-5        1.004129           0.475552E-5        1.003827
        1.822000           0.553657E-5        1.004129           0.475575E-5        1.003827
        1.824000           0.553686E-5        1.004129           0.475599E-5        1.003827
        1.826000           0.553716E-5        1.004129           0.475623E-5        1.003827
        1.828000           0.553746E-5        1.004129           0.475646E-5        1.003827
        1.830000           0.553776E-5        1.004129           0.475670E-5        1.003827
        1.832000           0.553805E-5        1.004129           0.475694E-5        1.003827
        1.834000           0.553835E-5        1.004130           0.475718E-5        1.003827
        1.836000           0.553865E-5        1.004130           0.475741E-5        1.003828
        1.838000           0.553895E-5        1.004130           0.475765E-5        1.003828
        1.840000           0.553924E-5        1.004130           0.475789E-5        1.003828
        1.842000           0.553954E-5        1.004130           0.475812E-5        1.003828
        1.844000           0.553984E-5        1.004130           0.475836E-5        1.003828
        1.846000           0.554014E-5        1.004130           0.475859E-5        1.003828
        1.848000           0.554043E-5        1.004130           0.475883E-5        1.003828
        1.850000           0.554073E-5        1.004130           0.475907E-5        1.003828
        1.852000           0.554103E-5        1.004130           0.475930E-5        1.003828
        1.854000           0.554133E-5        1.004131           0.475954E-5        1.003828
        1.856000           0.554162E-5        1.004131           0.475978E-5        1.003829
        1.858000           0.554192E-5        1.004131           0.476002E-5        1.003829
        1.860000           0.554222E-5        1.004131           0.476025E-5        1.003829
        1.862000           0.554252E-5        1.004131           0.476049E-5        1.003829
        1.864000           0.554281E-5        1.004131           0.476073E-5        1.003829
        1.866000           0.554311E-5        1.004131           0.476096E-5        1.003829
        1.868000           0.554341E-5        1.004131           0.476120E-5        1.003829
        1.870000           0.554371E-5        1.004132           0.476144E-5        1.003829
        1.872000           0.554401E-5        1.004132           0.476167E-5        1.003829
        1.874000           0.554430E-5        1.004132           0.476191E-5        1.003829
        1.876000           0.554460E-5        1.004132           0.476215E-5        1.003829
        1.878000           0.554490E-5        1.004132           0.476239E-5        1.003830
        1.880000           0.554520E-5        1.004132           0.476262E-5        1.003830
        1.882000           0.554549E-5        1.004132           0.476286E-5        1.003830
        1.884000           0.554579E-5        1.004132           0.476310E-5        1.003830
        1.886000           0.554609E-5        1.004132           0.476334E-5        1.003830
        1.888000           0.554639E-5        1.004133           0.476357E-5        1.003830
        1.890000           0.554669E-5        1.004133           0.476381E-5        1.003830
        1.892000           0.554698E-5        1.004133           0.476405E-5        1.003830
        1.894000           0.554728E-5        1.004133           0.476428E-5        1.003830
        1.896000           0.554758E-5        1.004133           0.476452E-5        1.003830
        1.898000           0.554788E-5        1.004133           0.476476E-5        1.003831
        1.900000           0.554818E-5        1.004133           0.476499E-5        1.003831
        1.902000           0.554848E-5        1.004133           0.476523E-5        1.003831
        1.904000           0.554877E-5        1.004133           0.476547E-5        1.003831
        1.906000           0.554907E-5        1.004133           0.476571E-5        1.003831
        1.908000           0.554937E-5        1.004134           0.476594E-5        1.003831
        1.910000           0.554967E-5        1.004134           0.476618E-5        1.003831
        1.912000           0.554997E-5        1.004134           0.476642E-5        1.003831
        1.914000           0.555026E-5        1.004134           0.476666E-5        1.003831
        1.916000           0.555056E-5        1.004134           0.476689E-5        1.003831
        1.918000           0.555086E-5        1.004134           0.476713E-5        1.003832
        1.920000           0.555116E-5        1.004134           0.476737E-5        1.003832
        1.922000           0.555146E-5        1.004134           0.476761E-5        1.003832
        1.924000           0.555176E-5        1.004135           0.476784E-5        1.003832
        1.926000           0.555205E-5        1.004135           0.476808E-5        1.003832
        1.928000           0.555235E-5        1.004135           0.476832E-5        1.003832
        1.930000           0.555265E-5        1.004135           0.476856E-5        1.003832
        1.932000           0.555295E-5        1.004135           0.476879E-5        1.003832
        1.934000           0.555325E-5        1.004135           0.476903E-5        1.003832
        1.936000           0.555355E-5        1.004135           0.476927E-5        1.003832
        1.938000           0.555385E-5        1.004135           0.476951E-5        1.003832
        1.940000           0.555414E-5        1.004135           0.476974E-5        1.003833
        1.942000           0.555444E-5        1.004135           0.476998E-5        1.003833
        1.944000           0.555474E-5        1.004136           0.477022E-5        1.003833
        1.946000           0.555504E-5        1.004136           0.477046E-5        1.003833
        1.948000           0.555534E-5        1.004136           0.477069E-5        1.003833
        1.950000           0.555564E-5        1.004136           0.477093E-5        1.003833
        1.952000           0.555594E-5        1.004136           0.477117E-5        1.003833
        1.954000           0.555624E-5        1.004136           0.477141E-5        1.003833
        1.956000           0.555654E-5        1.004136           0.477165E-5        1.003833
        1.958000           0.555683E-5        1.004136           0.477188E-5        1.003833
        1.960000           0.555713E-5        1.004137           0.477212E-5        1.003834
        1.962000           0.555743E-5        1.004137           0.477236E-5        1.003834
        1.964000           0.555773E-5        1.004137           0.477260E-5        1.003834
        1.966000           0.555803E-5        1.004137           0.477283E-5        1.003834
        1.968000           0.555833E-5        1.004137           0.477307E-5        1.003834
        1.970000           0.555863E-5        1.004137           0.477331E-5        1.003834
        1.972000           0.555893E-5        1.004137           0.477355E-5        1.003834
        1.974000           0.555922E-5        1.004137           0.477379E-5        1.003834
        1.976000           0.555952E-5        1.004137           0.477402E-5        1.003834
        1.978000           0.555982E-5        1.004138           0.477426E-5        1.003834
        1.980000           0.556012E-5        1.004138           0.477450E-5        1.003834
        1.982000           0.556042E-5        1.004138           0.477474E-5        1.003834
        1.984000           0.556072E-5        1.004138           0.477498E-5        1.003835
        1.986000           0.556102E-5        1.004138           0.477521E-5        1.003835
        1.988000           0.556132E-5        1.004138           0.477545E-5        1.003835
        1.990000           0.556162E-5        1.004138           0.477569E-5        1.003835
        1.992000           0.556192E-5        1.004138           0.477593E-5        1.003835
        1.994000           0.556222E-5        1.004138           0.477617E-5        1.003835
        1.996000           0.556252E-5        1.004138           0.477640E-5        1.003835
        1.998000           0.556281E-5        1.004139           0.477664E-5        1.003835
        2.000000           0.556311E-5        1.004139           0.477688E-5        1.003835
        2.002000           0.556341E-5        1.004139           0.477712E-5        1.003835
        2.004000           0.556371E-5        1.004139           0.477736E-5        1.003836
        2.006000           0.556401E-5        1.004139           0.477760E-5        1.003836
        2.008000           0.556431E-5        1.004139           0.477783E-5        1.003836
        2.010000           0.556461E-5        1.004139           0.477807E-5        1.003836
        2.012000           0.556491E-5        1.004139           0.477831E-5        1.003836
        2.014000           0.556521E-5        1.004140           0.477855E-5        1.003836
        2.016000           0.556551E-5        1.004140           0.477879E-5        1.003836
        2.018000           0.556581E-5        1.004140           0.477902E-5        1.003836
        2.020000           0.556611E-5        1.004140           0.477926E-5        1.003836
        2.022000           0.556641E-5        1.004140           0.477950E-5        1.003836
        2.024000           0.556671E-5        1.004140           0.477974E-5        1.003837
        2.026000           0.556701E-5        1.004140           0.477998E-5        1.003837
        2.028000           0.556731E-5        1.004140           0.478022E-5        1.003837
        2.030000           0.556761E-5        1.004140           0.478046E-5        1.003837
        2.032000           0.556791E-5        1.004140           0.478069E-5        1.003837
        2.034000           0.556821E-5        1.004141           0.478093E-5        1.003837
        2.036000           0.556851E-5        1.004141           0.478117E-5        1.003837
        2.038000           0.556881E-5        1.004141           0.478141E-5        1.003837
        2.040000           0.556911E-5        1.004141           0.478165E-5        1.003837
        2.042000           0.556941E-5        1.004141           0.478189E-5        1.003837
        2.044000           0.556971E-5        1.004141           0.478212E-5        1.003837
        2.046000           0.557001E-5        1.004141           0.478236E-5        1.003838
        2.048000           0.557031E-5        1.004141           0.478260E-5        1.003838
        2.050000           0.557061E-5        1.004142           0.478284E-5        1.003838
        2.052000           0.557091E-5        1.004142           0.478308E-5        1.003838
        2.054000           0.557121E-5        1.004142           0.478332E-5        1.003838
        2.056000           0.557151E-5        1.004142           0.478356E-5        1.003838
        2.058000           0.557181E-5        1.004142           0.478380E-5        1.003838
        2.060000           0.557211E-5        1.004142           0.478403E-5        1.003838
        2.062000           0.557241E-5        1.004142           0.478427E-5        1.003838
        2.064000           0.557271E-5        1.004142           0.478451E-5        1.003838
        2.066000           0.557301E-5        1.004142           0.478475E-5        1.003839
        2.068000           0.557331E-5        1.004143           0.478499E-5        1.003839
        2.070000           0.557361E-5        1.004143           0.478523E-5        1.003839
        2.072000           0.557391E-5        1.004143           0.478547E-5        1.003839
        2.074000           0.557421E-5        1.004143           0.478571E-5        1.003839
        2.076000           0.557451E-5        1.004143           0.478594E-5        1.003839
        2.078000           0.557481E-5        1.004143           0.478618E-5        1.003839
        2.080000           0.557511E-5        1.004143           0.478642E-5        1.003839
        2.082000           0.557541E-5        1.004143           0.478666E-5        1.003839
        2.084000           0.557571E-5        1.004143           0.478690E-5        1.003839
        2.086000           0.557601E-5        1.004143           0.478714E-5        1.003839
        2.088000           0.557631E-5        1.004144           0.478738E-5        1.003840
        2.090000           0.557661E-5        1.004144           0.478762E-5        1.003840
        2.092000           0.557691E-5        1.004144           0.478785E-5        1.003840
        2.094000           0.557721E-5        1.004144           0.478809E-5        1.003840
        2.096000           0.557751E-5        1.004144           0.478833E-5        1.003840
        2.098000           0.557781E-5        1.004144           0.478857E-5        1.003840
        2.100000           0.557811E-5        1.004144           0.478881E-5        1.003840
        2.102000           0.557841E-5        1.004144           0.478905E-5        1.003840
        2.104000           0.557871E-5        1.004145           0.478929E-5        1.003840
        2.106000           0.557901E-5        1.004145           0.478953E-5        1.003840
        2.108000           0.557932E-5        1.004145           0.478977E-5        1.003841
        2.110000           0.557962E-5        1.004145           0.479001E-5        1.003841
        2.112000           0.557992E-5        1.004145           0.479025E-5        1.003841
        2.114000           0.558022E-5        1.004145           0.479048E-5        1.003841
        2.116000           0.558052E-5        1.004145           0.479072E-5        1.003841
        2.118000           0.558082E-5        1.004145           0.479096E-5        1.003841
        2.120000           0.558112E-5        1.004145           0.479120E-5        1.003841
        2.122000           0.558142E-5        1.004146           0.479144E-5        1.003841
        2.124000           0.558172E-5        1.004146           0.479168E-5        1.003841
        2.126000           0.558202E-5        1.004146           0.479192E-5        1.003841
        2.128000           0.558232E-5        1.004146           0.479216E-5        1.003842
        2.130000           0.558262E-5        1.004146           0.479240E-5        1.003842
        2.132000           0.558293E-5        1.004146           0.479264E-5        1.003842
        2.134000           0.558323E-5        1.004146           0.479288E-5        1.003842
        2.136000           0.558353E-5        1.004146           0.479312E-5        1.003842
        2.138000           0.558383E-5        1.004146           0.479336E-5        1.003842
        2.140000           0.558413E-5        1.004147           0.479360E-5        1.003842
        2.142000           0.558443E-5        1.004147           0.479383E-5        1.003842
        2.144000           0.558473E-5        1.004147           0.479407E-5        1.003842
        2.146000           0.558503E-5        1.004147           0.479431E-5        1.003842
        2.148000           0.558533E-5        1.004147           0.479455E-5        1.003842
        2.150000           0.558563E-5        1.004147           0.479479E-5        1.003843
        2.152000           0.558594E-5        1.004147           0.479503E-5        1.003843
        2.154000           0.558624E-5        1.004147           0.479527E-5        1.003843
        2.156000           0.558654E-5        1.004147           0.479551E-5        1.003843
        2.158000           0.558684E-5        1.004148           0.479575E-5        1.003843
        2.160000           0.558714E-5        1.004148           0.479599E-5        1.003843
        2.162000           0.558744E-5        1.004148           0.479623E-5        1.003843
        2.164000           0.558774E-5        1.004148           0.479647E-5        1.003843
        2.166000           0.558805E-5        1.004148           0.479671E-5        1.003843
        2.168000           0.558835E-5        1.004148           0.479695E-5        1.003843
        2.170000           0.558865E-5        1.004148           0.479719E-5        1.003844
        2.172000           0.558895E-5        1.004148           0.479743E-5        1.003844
        2.174000           0.558925E-5        1.004148           0.479767E-5        1.003844
        2.176000           0.558955E-5        1.004149           0.479791E-5        1.003844
        2.178000           0.558985E-5        1.004149           0.479815E-5        1.003844
        2.180000           0.559016E-5        1.004149           0.479839E-5        1.003844
        2.182000           0.559046E-5        1.004149           0.479863E-5        1.003844
        2.184000           0.559076E-5        1.004149           0.479887E-5        1.003844
        2.186000           0.559106E-5        1.004149           0.479911E-5        1.003844
        2.188000           0.559136E-5        1.004149           0.479935E-5        1.003844
        2.190000           0.559166E-5        1.004149           0.479959E-5        1.003844
        2.192000           0.559196E-5        1.004149           0.479983E-5        1.003845
        2.194000           0.559227E-5        1.004150           0.480007E-5        1.003845
        2.196000           0.559257E-5        1.004150           0.480031E-5        1.003845
        2.198000           0.559287E-5        1.004150           0.480055E-5        1.003845
        2.200000           0.559317E-5        1.004150           0.480079E-5        1.003845
        2.202000           0.559347E-5        1.004150           0.480103E-5        1.003845
        2.204000           0.559378E-5        1.004150           0.480127E-5        1.003845
        2.206000           0.559408E-5        1.004150           0.480151E-5        1.003845
        2.208000           0.559438E-5        1.004150           0.480175E-5        1.003845
        2.210000           0.559468E-5        1.004151           0.480199E-5        1.003845
        2.212000           0.559498E-5        1.004151           0.480223E-5        1.003846
        2.214000           0.559528E-5        1.004151           0.480247E-5        1.003846
        2.216000           0.559559E-5        1.004151           0.480271E-5        1.003846
        2.218000           0.559589E-5        1.004151           0.480295E-5        1.003846
        2.220000           0.559619E-5        1.004151           0.480319E-5        1.003846
        2.222000           0.559649E-5        1.004151           0.480343E-5        1.003846
        2.224000           0.559680E-5        1.004151           0.480367E-5        1.003846
        2.226000           0.559710E-5        1.004151           0.480391E-5        1.003846
        2.228000           0.559740E-5        1.004151           0.480415E-5        1.003846
        2.230000           0.559770E-5        1.004152           0.480439E-5        1.003846
        2.232000           0.559800E-5        1.004152           0.480463E-5        1.003847
        2.234000           0.559831E-5        1.004152           0.480487E-5        1.003847
        2.236000           0.559861E-5        1.004152           0.480511E-5        1.003847
        2.238000           0.559891E-5        1.004152           0.480535E-5        1.003847
        2.240000           0.559921E-5        1.004152           0.480559E-5        1.003847
        2.242000           0.559951E-5        1.004152           0.480583E-5        1.003847
        2.244000           0.559982E-5        1.004152           0.480607E-5        1.003847
        2.246000           0.560012E-5        1.004152           0.480631E-5        1.003847
        2.248000           0.560042E-5        1.004153           0.480655E-5        1.003847
        2.250000           0.560072E-5        1.004153           0.480679E-5        1.003847
        2.252000           0.560103E-5        1.004153           0.480703E-5        1.003847
        2.254000           0.560133E-5        1.004153           0.480727E-5        1.003848
        2.256000           0.560163E-5        1.004153           0.480751E-5        1.003848
        2.258000           0.560193E-5        1.004153           0.480775E-5        1.003848
        2.260000           0.560224E-5        1.004153           0.480799E-5        1.003848
        2.262000           0.560254E-5        1.004153           0.480823E-5        1.003848
        2.264000           0.560284E-5        1.004153           0.480847E-5        1.003848
        2.266000           0.560314E-5        1.004154           0.480871E-5        1.003848
        2.268000           0.560345E-5        1.004154           0.480896E-5        1.003848
        2.270000           0.560375E-5        1.004154           0.480920E-5        1.003848
        2.272000           0.560405E-5        1.004154           0.480944E-5        1.003848
        2.274000           0.560435E-5        1.004154           0.480968E-5        1.003849
        2.276000           0.560466E-5        1.004154           0.480992E-5        1.003849
        2.278000           0.560496E-5        1.004154           0.481016E-5        1.003849
        2.280000           0.560526E-5        1.004154           0.481040E-5        1.003849
        2.282000           0.560557E-5        1.004154           0.481064E-5        1.003849
        2.284000           0.560587E-5        1.004155           0.481088E-5        1.003849
        2.286000           0.560617E-5        1.004155           0.481112E-5        1.003849
        2.288000           0.560647E-5        1.004155           0.481136E-5        1.003849
        2.290000           0.560678E-5        1.004155           0.481160E-5        1.003849
        2.292000           0.560708E-5        1.004155           0.481184E-5        1.003849
        2.294000           0.560738E-5        1.004155           0.481208E-5        1.003850
        2.296000           0.560769E-5        1.004155           0.481232E-5        1.003850
        2.298000           0.560799E-5        1.004155           0.481257E-5        1.003850
        2.300000           0.560829E-5        1.004156           0.481281E-5        1.003850
        2.302000           0.560860E-5        1.004156           0.481305E-5        1.003850
        2.304000           0.560890E-5        1.004156           0.481329E-5        1.003850
        2.306000           0.560920E-5        1.004156           0.481353E-5        1.003850
        2.308000           0.560950E-5        1.004156           0.481377E-5        1.003850
        2.310000           0.560981E-5        1.004156           0.481401E-5        1.003850
        2.312000           0.561011E-5        1.004156           0.481425E-5        1.003850
        2.314000           0.561041E-5        1.004156           0.481449E-5        1.003850
        2.316000           0.561072E-5        1.004156           0.481473E-5        1.003851
        2.318000           0.561102E-5        1.004156           0.481498E-5        1.003851
        2.320000           0.561132E-5        1.004157           0.481522E-5        1.003851
        2.322000           0.561163E-5        1.004157           0.481546E-5        1.003851
        2.324000           0.561193E-5        1.004157           0.481570E-5        1.003851
        2.326000           0.561223E-5        1.004157           0.481594E-5        1.003851
        2.328000           0.561254E-5        1.004157           0.481618E-5        1.003851
        2.330000           0.561284E-5        1.004157           0.481642E-5        1.003851
        2.332000           0.561314E-5        1.004157           0.481666E-5        1.003851
        2.334000           0.561345E-5        1.004157           0.481690E-5        1.003851
        2.336000           0.561375E-5        1.004158           0.481715E-5        1.003852
        2.338000           0.561405E-5        1.004158           0.481739E-5        1.003852
        2.340000           0.561436E-5        1.004158           0.481763E-5        1.003852
        2.342000           0.561466E-5        1.004158           0.481787E-5        1.003852
        2.344000           0.561496E-5        1.004158           0.481811E-5        1.003852
        2.346000           0.561527E-5        1.004158           0.481835E-5        1.003852
        2.348000           0.561557E-5        1.004158           0.481859E-5        1.003852
        2.350000           0.561587E-5        1.004158           0.481883E-5        1.003852
        2.352000           0.561618E-5        1.004158           0.481908E-5        1.003852
        2.354000           0.561648E-5        1.004158           0.481932E-5        1.003852
        2.356000           0.561679E-5        1.004159           0.481956E-5        1.003852
        2.358000           0.561709E-5        1.004159           0.481980E-5        1.003853
        2.360000           0.561739E-5        1.004159           0.482004E-5        1.003853
        2.362000           0.561770E-5        1.004159           0.482028E-5        1.003853
        2.364000           0.561800E-5        1.004159           0.482052E-5        1.003853
        2.366000           0.561831E-5        1.004159           0.482076E-5        1.003853
        2.368000           0.561861E-5        1.004159           0.482101E-5        1.003853
        2.370000           0.561891E-5        1.004159           0.482125E-5        1.003853
        2.372000           0.561922E-5        1.004160           0.482149E-5        1.003853
        2.374000           0.561952E-5        1.004160           0.482173E-5        1.003853
        2.376000           0.561982E-5        1.004160           0.482197E-5        1.003853
        2.378000           0.562013E-5        1.004160           0.482221E-5        1.003854
        2.380000           0.562043E-5        1.004160           0.482245E-5        1.003854
        2.382000           0.562074E-5        1.004160           0.482270E-5        1.003854
        2.384000           0.562104E-5        1.004160           0.482294E-5        1.003854
        2.386000           0.562134E-5        1.004160           0.482318E-5        1.003854
        2.388000           0.562165E-5        1.004160           0.482342E-5        1.003854
        2.390000           0.562195E-5        1.004161           0.482366E-5        1.003854
        2.392000           0.562226E-5        1.004161           0.482390E-5        1.003854
        2.394000           0.562256E-5        1.004161           0.482415E-5        1.003854
        2.396000           0.562287E-5        1.004161           0.482439E-5        1.003854
        2.398000           0.562317E-5        1.004161           0.482463E-5        1.003855
        2.400000           0.562347E-5        1.004161           0.482487E-5        1.003855
        2.402000           0.562378E-5        1.004161           0.482511E-5        1.003855
        2.404000           0.562408E-5        1.004161           0.482536E-5        1.003855
        2.406000           0.562439E-5        1.004161           0.482560E-5        1.003855
        2.408000           0.562469E-5        1.004162           0.482584E-5        1.003855
        2.410000           0.562500E-5        1.004162           0.482608E-5        1.003855
        2.412000           0.562530E-5        1.004162           0.482632E-5        1.003855
        2.414000           0.562560E-5        1.004162           0.482656E-5        1.003855
        2.416000           0.562591E-5        1.004162           0.482681E-5        1.003855
        2.418000           0.562621E-5        1.004162           0.482705E-5        1.003855
        2.420000           0.562652E-5        1.004162           0.482729E-5        1.003856
        2.422000           0.562682E-5        1.004162           0.482753E-5        1.003856
        2.424000           0.562713E-5        1.004162           0.482777E-5        1.003856
        2.426000           0.562743E-5        1.004163           0.482802E-5        1.003856
        2.428000           0.562774E-5        1.004163           0.482826E-5        1.003856
        2.430000           0.562804E-5        1.004163           0.482850E-5        1.003856
        2.432000           0.562834E-5        1.004163           0.482874E-5        1.003856
        2.434000           0.562865E-5        1.004163           0.482898E-5        1.003856
        2.436000           0.562895E-5        1.004163           0.482923E-5        1.003856
        2.438000           0.562926E-5        1.004163           0.482947E-5        1.003856
        2.440000           0.562956E-5        1.004163           0.482971E-5        1.003857
        2.442000           0.562987E-5        1.004164           0.482995E-5        1.003857
        2.444000           0.563017E-5        1.004164           0.483019E-5        1.003857
        2.446000           0.563048E-5        1.004164           0.483044E-5        1.003857
        2.448000           0.563078E-5        1.004164           0.483068E-5        1.003857
        2.450000           0.563109E-5        1.004164           0.483092E-5        1.003857
        2.452000           0.563139E-5        1.004164           0.483116E-5        1.003857
        2.454000           0.563170E-5        1.004164           0.483141E-5        1.003857
        2.456000           0.563200E-5        1.004164           0.483165E-5        1.003857
        2.458000           0.563231E-5        1.004164           0.483189E-5        1.003857
        2.460000           0.563261E-5        1.004164           0.483213E-5        1.003857
        2.462000           0.563292E-5        1.004165           0.483237E-5        1.003858
        2.464000           0.563322E-5        1.004165           0.483262E-5        1.003858
        2.466000           0.563353E-5        1.004165           0.483286E-5        1.003858
        2.468000           0.563383E-5        1.004165           0.483310E-5        1.003858
        2.470000           0.563414E-5        1.004165           0.483334E-5        1.003858
        2.472000           0.563444E-5        1.004165           0.483359E-5        1.003858
        2.474000           0.563475E-5        1.004165           0.483383E-5        1.003858
        2.476000           0.563505E-5        1.004165           0.483407E-5        1.003858
        2.478000           0.563536E-5        1.004166           0.483431E-5        1.003858
        2.480000           0.563566E-5        1.004166           0.483456E-5        1.003858
        2.482000           0.563597E-5        1.004166           0.483480E-5        1.003859
        2.484000           0.563627E-5        1.004166           0.483504E-5        1.003859
        2.486000           0.563658E-5        1.004166           0.483528E-5        1.003859
        2.488000           0.563688E-5        1.004166           0.483553E-5        1.003859
        2.490000           0.563719E-5        1.004166           0.483577E-5        1.003859
        2.492000           0.563749E-5        1.004166           0.483601E-5        1.003859
        2.494000           0.563780E-5        1.004166           0.483626E-5        1.003859
        2.496000           0.563811E-5        1.004166           0.483650E-5        1.003859
        2.498000           0.563841E-5        1.004167           0.483674E-5        1.003859
        2.500000           0.563872E-5        1.004167           0.483698E-5        1.003859
        2.502000           0.563902E-5        1.004167           0.483723E-5        1.003860
        2.504000           0.563933E-5        1.004167           0.483747E-5        1.003860
        2.506000           0.563963E-5        1.004167           0.483771E-5        1.003860
        2.508000           0.563994E-5        1.004167           0.483795E-5        1.003860
        2.510000           0.564024E-5        1.004167           0.483820E-5        1.003860
        2.512000           0.564055E-5        1.004167           0.483844E-5        1.003860
        2.514000           0.564086E-5        1.004168           0.483868E-5        1.003860
        2.516000           0.564116E-5        1.004168           0.483892E-5        1.003860
        2.518000           0.564147E-5        1.004168           0.483917E-5        1.003860
        2.520000           0.564177E-5        1.004168           0.483941E-5        1.003860
        2.522000           0.564208E-5        1.004168           0.483965E-5        1.003860
        2.524000           0.564238E-5        1.004168           0.483990E-5        1.003861
        2.526000           0.564269E-5        1.004168           0.484014E-5        1.003861
        2.528000           0.564300E-5        1.004168           0.484038E-5        1.003861
        2.530000           0.564330E-5        1.004168           0.484063E-5        1.003861
        2.532000           0.564361E-5        1.004169           0.484087E-5        1.003861
        2.534000           0.564391E-5        1.004169           0.484111E-5        1.003861
        2.536000           0.564422E-5        1.004169           0.484135E-5        1.003861
        2.538000           0.564453E-5        1.004169           0.484160E-5        1.003861
        2.540000           0.564483E-5        1.004169           0.484184E-5        1.003861
        2.542000           0.564514E-5        1.004169           0.484208E-5        1.003861
        2.544000           0.564544E-5        1.004169           0.484233E-5        1.003862
        2.546000           0.564575E-5        1.004169           0.484257E-5        1.003862
        2.548000           0.564606E-5        1.004169           0.484281E-5        1.003862
        2.550000           0.564636E-5        1.004170           0.484305E-5        1.003862
        2.552000           0.564667E-5        1.004170           0.484330E-5        1.003862
        2.554000           0.564697E-5        1.004170           0.484354E-5        1.003862
        2.556000           0.564728E-5        1.004170           0.484378E-5        1.003862
        2.558000           0.564759E-5        1.004170           0.484403E-5        1.003862
        2.560000           0.564789E-5        1.004170           0.484427E-5        1.003862
        2.562000           0.564820E-5        1.004170           0.484451E-5        1.003862
        2.564000           0.564851E-5        1.004170           0.484476E-5        1.003863
        2.566000           0.564881E-5        1.004170           0.484500E-5        1.003863
        2.568000           0.564912E-5        1.004171           0.484524E-5        1.003863
        2.570000           0.564942E-5        1.004171           0.484549E-5        1.003863
        2.572000           0.564973E-5        1.004171           0.484573E-5        1.003863
        2.574000           0.565004E-5        1.004171           0.484597E-5        1.003863
        2.576000           0.565034E-5        1.004171           0.484622E-5        1.003863
        2.578000           0.565065E-5        1.004171           0.484646E-5        1.003863
        2.580000           0.565096E-5        1.004171           0.484670E-5        1.003863
        2.582000           0.565126E-5        1.004171           0.484695E-5        1.003863
        2.584000           0.565157E-5        1.004171           0.484719E-5        1.003863
        2.586000           0.565188E-5        1.004172           0.484743E-5        1.003864
        2.588000           0.565218E-5        1.004172           0.484768E-5        1.003864
        2.590000           0.565249E-5        1.004172           0.484792E-5        1.003864
        2.592000           0.565280E-5        1.004172           0.484816E-5        1.003864
        2.594000           0.565310E-5        1.004172           0.484841E-5        1.003864
        2.596000           0.565341E-5        1.004172           0.484865E-5        1.003864
        2.598000           0.565372E-5        1.004172           0.484890E-5        1.003864
        2.600000           0.565402E-5        1.004172           0.484914E-5        1.003864
        2.602000           0.565433E-5        1.004173           0.484938E-5        1.003864
        2.604000           0.565464E-5        1.004173           0.484963E-5        1.003865
        2.606000           0.565494E-5        1.004173           0.484987E-5        1.003865
        2.608000           0.565525E-5        1.004173           0.485011E-5        1.003865
        2.610000           0.565556E-5        1.004173           0.485036E-5        1.003865
        2.612000           0.565586E-5        1.004173           0.485060E-5        1.003865
        2.614000           0.565617E-5        1.004173           0.485084E-5        1.003865
        2.616000           0.565648E-5        1.004173           0.485109E-5        1.003865
        2.618000           0.565678E-5        1.004173           0.485133E-5        1.003865
        2.620000           0.565709E-5        1.004174           0.485158E-5        1.003865
        2.622000           0.565740E-5        1.004174           0.485182E-5        1.003865
        2.624000           0.565771E-5        1.004174           0.485206E-5        1.003865
        2.626000           0.565801E-5        1.004174           0.485231E-5        1.003865
        2.628000           0.565832E-5        1.004174           0.485255E-5        1.003866
        2.630000           0.565863E-5        1.004174           0.485279E-5        1.003866
        2.632000           0.565893E-5        1.004174           0.485304E-5        1.003866
        2.634000           0.565924E-5        1.004174           0.485328E-5        1.003866
        2.636000           0.565955E-5        1.004174           0.485353E-5        1.003866
        2.638000           0.565986E-5        1.004175           0.485377E-5        1.003866
        2.640000           0.566016E-5        1.004175           0.485401E-5        1.003866
        2.642000           0.566047E-5        1.004175           0.485426E-5        1.003866
        2.644000           0.566078E-5        1.004175           0.485450E-5        1.003866
        2.646000           0.566108E-5        1.004175           0.485475E-5        1.003867
        2.648000           0.566139E-5        1.004175           0.485499E-5        1.003867
        2.650000           0.566170E-5        1.004175           0.485523E-5        1.003867
        2.652000           0.566201E-5        1.004175           0.485548E-5        1.003867
        2.654000           0.566231E-5        1.004175           0.485572E-5        1.003867
        2.656000           0.566262E-5        1.004176           0.485597E-5        1.003867
        2.658000           0.566293E-5        1.004176           0.485621E-5        1.003867
        2.660000           0.566324E-5        1.004176           0.485646E-5        1.003867
        2.662000           0.566354E-5        1.004176           0.485670E-5        1.003867
        2.664000           0.566385E-5        1.004176           0.485694E-5        1.003867
        2.666000           0.566416E-5        1.004176           0.485719E-5        1.003868
        2.668000           0.566447E-5        1.004176           0.485743E-5        1.003868
        2.670000           0.566477E-5        1.004176           0.485768E-5        1.003868
        2.672000           0.566508E-5        1.004176           0.485792E-5        1.003868
        2.674000           0.566539E-5        1.004177           0.485816E-5        1.003868
        2.676000           0.566570E-5        1.004177           0.485841E-5        1.003868
        2.678000           0.566600E-5        1.004177           0.485865E-5        1.003868
        2.680000           0.566631E-5        1.004177           0.485890E-5        1.003868
        2.682000           0.566662E-5        1.004177           0.485914E-5        1.003868
        2.684000           0.566693E-5        1.004177           0.485939E-5        1.003868
        2.686000           0.566723E-5        1.004177           0.485963E-5        1.003868
        2.688000           0.566754E-5        1.004177           0.485987E-5        1.003869
        2.690000           0.566785E-5        1.004177           0.486012E-5        1.003869
        2.692000           0.566816E-5        1.004178           0.486036E-5        1.003869
        2.694000           0.566847E-5        1.004178           0.486061E-5        1.003869
        2.696000           0.566877E-5        1.004178           0.486085E-5        1.003869
        2.698000           0.566908E-5        1.004178           0.486110E-5        1.003869
        2.700000           0.566939E-5        1.004178           0.486134E-5        1.003869
        2.702000           0.566970E-5        1.004178           0.486159E-5        1.003869
        2.704000           0.567001E-5        1.004178           0.486183E-5        1.003869
        2.706000           0.567032E-5        1.004178           0.486207E-5        1.003869
        2.708000           0.567062E-5        1.004179           0.486232E-5        1.003870
        2.710000           0.567093E-5        1.004179           0.486256E-5        1.003870
        2.712000           0.567124E-5        1.004179           0.486281E-5        1.003870
        2.714000           0.567155E-5        1.004179           0.486305E-5        1.003870
        2.716000           0.567185E-5        1.004179           0.486330E-5        1.003870
        2.718000           0.567216E-5        1.004179           0.486354E-5        1.003870
        2.720000           0.567247E-5        1.004179           0.486379E-5        1.003870
        2.722000           0.567278E-5        1.004179           0.486403E-5        1.003870
        2.724000           0.567309E-5        1.004179           0.486428E-5        1.003870
        2.726000           0.567340E-5        1.004179           0.486452E-5        1.003870
        2.728000           0.567370E-5        1.004180           0.486477E-5        1.003870
        2.730000           0.567401E-5        1.004180           0.486501E-5        1.003871
        2.732000           0.567432E-5        1.004180           0.486526E-5        1.003871
        2.734000           0.567463E-5        1.004180           0.486550E-5        1.003871
        2.736000           0.567494E-5        1.004180           0.486575E-5        1.003871
        2.738000           0.567525E-5        1.004180           0.486599E-5        1.003871
        2.740000           0.567556E-5        1.004180           0.486624E-5        1.003871
        2.742000           0.567586E-5        1.004180           0.486648E-5        1.003871
        2.744000           0.567617E-5        1.004181           0.486673E-5        1.003871
        2.746000           0.567648E-5        1.004181           0.486697E-5        1.003871
        2.748000           0.567679E-5        1.004181           0.486722E-5        1.003871
        2.750000           0.567710E-5        1.004181           0.486746E-5        1.003872
        2.752000           0.567741E-5        1.004181           0.486770E-5        1.003872
        2.754000           0.567772E-5        1.004181           0.486795E-5        1.003872
        2.756000           0.567802E-5        1.004181           0.486819E-5        1.003872
        2.758000           0.567833E-5        1.004181           0.486844E-5        1.003872
        2.760000           0.567864E-5        1.004182           0.486868E-5        1.003872
        2.762000           0.567895E-5        1.004182           0.486893E-5        1.003872
        2.764000           0.567926E-5        1.004182           0.486918E-5        1.003872
        2.766000           0.567957E-5        1.004182           0.486942E-5        1.003872
        2.768000           0.567988E-5        1.004182           0.486967E-5        1.003872
        2.770000           0.568019E-5        1.004182           0.486991E-5        1.003873
        2.772000           0.568049E-5        1.004182           0.487016E-5        1.003873
        2.774000           0.568080E-5        1.004182           0.487040E-5        1.003873
        2.776000           0.568111E-5        1.004182           0.487065E-5        1.003873
        2.778000           0.568142E-5        1.004182           0.487089E-5        1.003873
        2.780000           0.568173E-5        1.004183           0.487114E-5        1.003873
        2.782000           0.568204E-5        1.004183           0.487138E-5        1.003873
        2.784000           0.568235E-5        1.004183           0.487163E-5        1.003873
        2.786000           0.568266E-5        1.004183           0.487187E-5        1.003873
        2.788000           0.568296E-5        1.004183           0.487212E-5        1.003873
        2.790000           0.568328E-5        1.004183           0.487236E-5        1.003873
        2.792000           0.568358E-5        1.004183           0.487261E-5        1.003874
        2.794000           0.568389E-5        1.004183           0.487285E-5        1.003874
        2.796000           0.568420E-5        1.004184           0.487310E-5        1.003874
        2.798000           0.568451E-5        1.004184           0.487334E-5        1.003874
        2.800000           0.568482E-5        1.004184           0.487359E-5        1.003874
        2.802000           0.568513E-5        1.004184           0.487384E-5        1.003874
        2.804000           0.568544E-5        1.004184           0.487408E-5        1.003874
        2.806000           0.568575E-5        1.004184           0.487433E-5        1.003874
        2.808000           0.568606E-5        1.004184           0.487457E-5        1.003874
        2.810000           0.568637E-5        1.004184           0.487482E-5        1.003875
        2.812000           0.568668E-5        1.004184           0.487506E-5        1.003875
        2.814000           0.568699E-5        1.004184           0.487531E-5        1.003875
        2.816000           0.568730E-5        1.004185           0.487555E-5        1.003875
        2.818000           0.568761E-5        1.004185           0.487580E-5        1.003875
        2.820000           0.568791E-5        1.004185           0.487604E-5        1.003875
        2.822000           0.568822E-5        1.004185           0.487629E-5        1.003875
        2.824000           0.568854E-5        1.004185           0.487654E-5        1.003875
        2.826000           0.568884E-5        1.004185           0.487678E-5        1.003875
        2.828000           0.568915E-5        1.004185           0.487703E-5        1.003875
        2.830000           0.568946E-5        1.004185           0.487727E-5        1.003875
        2.832000           0.568977E-5        1.004186           0.487752E-5        1.003876
        2.834000           0.569008E-5        1.004186           0.487777E-5        1.003876
        2.836000           0.569039E-5        1.004186           0.487801E-5        1.003876
        2.838000           0.569070E-5        1.004186           0.487826E-5        1.003876
        2.840000           0.569101E-5        1.004186           0.487850E-5        1.003876
        2.842000           0.569132E-5        1.004186           0.487875E-5        1.003876
        2.844000           0.569163E-5        1.004186           0.487899E-5        1.003876
        2.846000           0.569194E-5        1.004186           0.487924E-5        1.003876
        2.848000           0.569225E-5        1.004187           0.487949E-5        1.003876
        2.850000           0.569256E-5        1.004187           0.487973E-5        1.003876
        2.852000           0.569287E-5        1.004187           0.487998E-5        1.003877
        2.854000           0.569318E-5        1.004187           0.488022E-5        1.003877
        2.856000           0.569349E-5        1.004187           0.488047E-5        1.003877
        2.858000           0.569380E-5        1.004187           0.488071E-5        1.003877
        2.860000           0.569411E-5        1.004187           0.488096E-5        1.003877
        2.862000           0.569442E-5        1.004187           0.488121E-5        1.003877
        2.864000           0.569473E-5        1.004187           0.488145E-5        1.003877
        2.866000           0.569504E-5        1.004187           0.488170E-5        1.003877
        2.868000           0.569535E-5        1.004188           0.488195E-5        1.003877
        2.870000           0.569566E-5        1.004188           0.488219E-5        1.003877
        2.872000           0.569597E-5        1.004188           0.488244E-5        1.003878
        2.874000           0.569628E-5        1.004188           0.488268E-5        1.003878
        2.876000           0.569659E-5        1.004188           0.488293E-5        1.003878
        2.878000           0.569690E-5        1.004188           0.488318E-5        1.003878
        2.880000           0.569721E-5        1.004188           0.488342E-5        1.003878
        2.882000           0.569752E-5        1.004188           0.488367E-5        1.003878
        2.884000           0.569783E-5        1.004189           0.488391E-5        1.003878
        2.886000           0.569814E-5        1.004189           0.488416E-5        1.003878
        2.888000           0.569845E-5        1.004189           0.488441E-5        1.003878
        2.890000           0.569876E-5        1.004189           0.488465E-5        1.003878
        2.892000           0.569907E-5        1.004189           0.488490E-5        1.003878
        2.894000           0.569938E-5        1.004189           0.488515E-5        1.003879
        2.896000           0.569969E-5        1.004189           0.488539E-5        1.003879
        2.898000           0.570000E-5        1.004189           0.488564E-5        1.003879
        2.900000           0.570031E-5        1.004189           0.488589E-5        1.003879
        2.902000           0.570063E-5        1.004189           0.488613E-5        1.003879
        2.904000           0.570094E-5        1.004190           0.488638E-5        1.003879
        2.906000           0.570125E-5        1.004190           0.488662E-5        1.003879
        2.908000           0.570156E-5        1.004190           0.488687E-5        1.003879
        2.910000           0.570187E-5        1.004190           0.488712E-5        1.003879
        2.912000           0.570218E-5        1.004190           0.488736E-5        1.003879
        2.914000           0.570249E-5        1.004190           0.488761E-5        1.003880
        2.916000           0.570280E-5        1.004190           0.488786E-5        1.003880
        2.918000           0.570311E-5        1.004190           0.488810E-5        1.003880
        2.920000           0.570342E-5        1.004191           0.488835E-5        1.003880
        2.922000           0.570373E-5        1.004191           0.488860E-5        1.003880
        2.924000           0.570404E-5        1.004191           0.488884E-5        1.003880
        2.926000           0.570435E-5        1.004191           0.488909E-5        1.003880
        2.928000           0.570466E-5        1.004191           0.488934E-5        1.003880
        2.930000           0.570498E-5        1.004191           0.488958E-5        1.003880
        2.932000           0.570529E-5        1.004191           0.488983E-5        1.003881
        2.934000           0.570560E-5        1.004191           0.489008E-5        1.003881
        2.936000           0.570591E-5        1.004192           0.489032E-5        1.003881
        2.938000           0.570622E-5        1.004192           0.489057E-5        1.003881
        2.940000           0.570653E-5        1.004192           0.489082E-5        1.003881
        2.942000           0.570684E-5        1.004192           0.489106E-5        1.003881
        2.944000           0.570715E-5        1.004192           0.489131E-5        1.003881
        2.946000           0.570746E-5        1.004192           0.489156E-5        1.003881
        2.948000           0.570777E-5        1.004192           0.489180E-5        1.003881
        2.950000           0.570809E-5        1.004192           0.489205E-5        1.003881
        2.952000           0.570840E-5        1.004192           0.489230E-5        1.003881
        2.954000           0.570871E-5        1.004192           0.489254E-5        1.003882
        2.956000           0.570902E-5        1.004193           0.489279E-5        1.003882
        2.958000           0.570933E-5        1.004193           0.489304E-5        1.003882
        2.960000           0.570964E-5        1.004193           0.489328E-5        1.003882
        2.962000           0.570995E-5        1.004193           0.489353E-5        1.003882
        2.964000           0.571027E-5        1.004193           0.489378E-5        1.003882
        2.966000           0.571058E-5        1.004193           0.489403E-5        1.003882
        2.968000           0.571089E-5        1.004193           0.489427E-5        1.003882
        2.970000           0.571120E-5        1.004193           0.489452E-5        1.003882
        2.972000           0.571151E-5        1.004194           0.489477E-5        1.003882
        2.974000           0.571182E-5        1.004194           0.489501E-5        1.003883
        2.976000           0.571213E-5        1.004194           0.489526E-5        1.003883
        2.978000           0.571244E-5        1.004194           0.489551E-5        1.003883
        2.980000           0.571276E-5        1.004194           0.489575E-5        1.003883
        2.982000           0.571307E-5        1.004194           0.489600E-5        1.003883
        2.984000           0.571338E-5        1.004194           0.489625E-5        1.003883
        2.986000           0.571369E-5        1.004194           0.489650E-5        1.003883
        2.988000           0.571400E-5        1.004194           0.489674E-5        1.003883
        2.990000           0.571431E-5        1.004195           0.489699E-5        1.003883
        2.992000           0.571462E-5        1.004195           0.489724E-5        1.003883
        2.994000           0.571494E-5        1.004195           0.489748E-5        1.003883
        2.996000           0.571525E-5        1.004195           0.489773E-5        1.003884
        2.998000           0.571556E-5        1.004195           0.489798E-5        1.003884
        3.000000           0.571587E-5        1.004195           0.489823E-5        1.003884
        3.002000           0.571618E-5        1.004195           0.489847E-5        1.003884
        3.004000           0.571650E-5        1.004195           0.489872E-5        1.003884
        3.006000           0.571681E-5        1.004195           0.489897E-5        1.003884
        3.008000           0.571712E-5        1.004196           0.489922E-5        1.003884
        3.010000           0.571743E-5        1.004196           0.489946E-5        1.003884
        3.012000           0.571774E-5        1.004196           0.489971E-5        1.003884
        3.014000           0.571805E-5        1.004196           0.489996E-5        1.003884
        3.016000           0.571837E-5        1.004196           0.490021E-5        1.003885
        3.018000           0.571868E-5        1.004196           0.490045E-5        1.003885
        3.020000           0.571899E-5        1.004196           0.490070E-5        1.003885
        3.022000           0.571930E-5        1.004196           0.490095E-5        1.003885
        3.024000           0.571962E-5        1.004197           0.490120E-5        1.003885
        3.026000           0.571993E-5        1.004197           0.490144E-5        1.003885
        3.028000           0.572024E-5        1.004197           0.490169E-5        1.003885
        3.030000           0.572055E-5        1.004197           0.490194E-5        1.003885
        3.032000           0.572086E-5        1.004197           0.490219E-5        1.003885
        3.034000           0.572118E-5        1.004197           0.490243E-5        1.003885
        3.036000           0.572149E-5        1.004197           0.490268E-5        1.003886
        3.038000           0.572180E-5        1.004197           0.490293E-5        1.003886
        3.040000           0.572211E-5        1.004197           0.490318E-5        1.003886
        3.042000           0.572242E-5        1.004197           0.490342E-5        1.003886
        3.044000           0.572274E-5        1.004198           0.490367E-5        1.003886
        3.046000           0.572305E-5        1.004198           0.490392E-5        1.003886
        3.048000           0.572336E-5        1.004198           0.490417E-5        1.003886
        3.050000           0.572368E-5        1.004198           0.490442E-5        1.003886
        3.052000           0.572399E-5        1.004198           0.490466E-5        1.003886
        3.054000           0.572430E-5        1.004198           0.490491E-5        1.003886
        3.056000           0.572461E-5        1.004198           0.490516E-5        1.003886
        3.058000           0.572492E-5        1.004198           0.490541E-5        1.003887
        3.060000           0.572524E-5        1.004199           0.490565E-5        1.003887
        3.062000           0.572555E-5        1.004199           0.490590E-5        1.003887
        3.064000           0.572586E-5        1.004199           0.490615E-5        1.003887
        3.066000           0.572618E-5        1.004199           0.490640E-5        1.003887
        3.068000           0.572649E-5        1.004199           0.490665E-5        1.003887
        3.070000           0.572680E-5        1.004199           0.490689E-5        1.003887
        3.072000           0.572711E-5        1.004199           0.490714E-5        1.003887
        3.074000           0.572743E-5        1.004199           0.490739E-5        1.003887
        3.076000           0.572774E-5        1.004200           0.490764E-5        1.003888
        3.078000           0.572805E-5        1.004200           0.490789E-5        1.003888
        3.080000           0.572836E-5        1.004200           0.490813E-5        1.003888
        3.082000           0.572868E-5        1.004200           0.490838E-5        1.003888
        3.084000           0.572899E-5        1.004200           0.490863E-5        1.003888
        3.086000           0.572930E-5        1.004200           0.490888E-5        1.003888
        3.088000           0.572962E-5        1.004200           0.490913E-5        1.003888
        3.090000           0.572993E-5        1.004200           0.490937E-5        1.003888
        3.092000           0.573024E-5        1.004200           0.490962E-5        1.003888
        3.094000           0.573056E-5        1.004200           0.490987E-5        1.003888
        3.096000           0.573087E-5        1.004201           0.491012E-5        1.003888
        3.098000           0.573118E-5        1.004201           0.491037E-5        1.003889
        3.100000           0.573149E-5        1.004201           0.491062E-5        1.003889
        3.102000           0.573181E-5        1.004201           0.491086E-5        1.003889
        3.104000           0.573212E-5        1.004201           0.491111E-5        1.003889
        3.106000           0.573243E-5        1.004201           0.491136E-5        1.003889
        3.108000           0.573275E-5        1.004201           0.491161E-5        1.003889
        3.110000           0.573306E-5        1.004201           0.491186E-5        1.003889
        3.112000           0.573337E-5        1.004202           0.491210E-5        1.003889
        3.114000           0.573369E-5        1.004202           0.491235E-5        1.003889
        3.116000           0.573400E-5        1.004202           0.491260E-5        1.003889
        3.118000           0.573431E-5        1.004202           0.491285E-5        1.003890
        3.120000           0.573463E-5        1.004202           0.491310E-5        1.003890
        3.122000           0.573494E-5        1.004202           0.491335E-5        1.003890
        3.124000           0.573525E-5        1.004202           0.491360E-5        1.003890
        3.126000           0.573557E-5        1.004202           0.491384E-5        1.003890
        3.128000           0.573588E-5        1.004202           0.491409E-5        1.003890
        3.130000           0.573619E-5        1.004203           0.491434E-5        1.003890
        3.132000           0.573651E-5        1.004203           0.491459E-5        1.003890
        3.134000           0.573682E-5        1.004203           0.491484E-5        1.003890
        3.136000           0.573713E-5        1.004203           0.491509E-5        1.003890
        3.138000           0.573745E-5        1.004203           0.491534E-5        1.003891
        3.140000           0.573776E-5        1.004203           0.491558E-5        1.003891
        3.142000           0.573807E-5        1.004203           0.491583E-5        1.003891
        3.144000           0.573839E-5        1.004203           0.491608E-5        1.003891
        3.146000           0.573870E-5        1.004203           0.491633E-5        1.003891
        3.148000           0.573901E-5        1.004204           0.491658E-5        1.003891
        3.150000           0.573933E-5        1.004204           0.491683E-5        1.003891
        3.152000           0.573964E-5        1.004204           0.491708E-5        1.003891
        3.154000           0.573996E-5        1.004204           0.491732E-5        1.003891
        3.156000           0.574027E-5        1.004204           0.491757E-5        1.003891
        3.158000           0.574058E-5        1.004204           0.491782E-5        1.003891
        3.160000           0.574090E-5        1.004204           0.491807E-5        1.003892
        3.162000           0.574121E-5        1.004204           0.491832E-5        1.003892
        3.164000           0.574152E-5        1.004205           0.491857E-5        1.003892
        3.166000           0.574184E-5        1.004205           0.491882E-5        1.003892
        3.168000           0.574215E-5        1.004205           0.491907E-5        1.003892
        3.170000           0.574247E-5        1.004205           0.491932E-5        1.003892
        3.172000           0.574278E-5        1.004205           0.491956E-5        1.003892
        3.174000           0.574309E-5        1.004205           0.491981E-5        1.003892
        3.176000           0.574341E-5        1.004205           0.492006E-5        1.003892
        3.178000           0.574372E-5        1.004205           0.492031E-5        1.003893
        3.180000           0.574404E-5        1.004205           0.492056E-5        1.003893
        3.182000           0.574435E-5        1.004206           0.492081E-5        1.003893
        3.184000           0.574466E-5        1.004206           0.492106E-5        1.003893
        3.186000           0.574498E-5        1.004206           0.492131E-5        1.003893
        3.188000           0.574529E-5        1.004206           0.492155E-5        1.003893
        3.190000           0.574561E-5        1.004206           0.492181E-5        1.003893
        3.192000           0.574592E-5        1.004206           0.492205E-5        1.003893
        3.194000           0.574624E-5        1.004206           0.492230E-5        1.003893
        3.196000           0.574655E-5        1.004206           0.492255E-5        1.003893
        3.198000           0.574686E-5        1.004207           0.492280E-5        1.003893
        3.200000           0.574718E-5        1.004207           0.492305E-5        1.003894
        3.202000           0.574749E-5        1.004207           0.492330E-5        1.003894
        3.204000           0.574781E-5        1.004207           0.492355E-5        1.003894
        3.206000           0.574812E-5        1.004207           0.492380E-5        1.003894
        3.208000           0.574844E-5        1.004207           0.492405E-5        1.003894
        3.210000           0.574875E-5        1.004207           0.492430E-5        1.003894
        3.212000           0.574907E-5        1.004207           0.492455E-5        1.003894
        3.214000           0.574938E-5        1.004207           0.492480E-5        1.003894
        3.216000           0.574969E-5        1.004207           0.492504E-5        1.003894
        3.218000           0.575001E-5        1.004208           0.492529E-5        1.003894
        3.220000           0.575032E-5        1.004208           0.492554E-5        1.003895
        3.222000           0.575064E-5        1.004208           0.492579E-5        1.003895
        3.224000           0.575095E-5        1.004208           0.492604E-5        1.003895
        3.226000           0.575127E-5        1.004208           0.492629E-5        1.003895
        3.228000           0.575158E-5        1.004208           0.492654E-5        1.003895
        3.230000           0.575190E-5        1.004208           0.492679E-5        1.003895
        3.232000           0.575221E-5        1.004208           0.492704E-5        1.003895
        3.234000           0.575253E-5        1.004209           0.492729E-5        1.003895
        3.236000           0.575284E-5        1.004209           0.492754E-5        1.003895
        3.238000           0.575315E-5        1.004209           0.492779E-5        1.003896
        3.240000           0.575347E-5        1.004209           0.492804E-5        1.003896
        3.242000           0.575379E-5        1.004209           0.492829E-5        1.003896
        3.244000           0.575410E-5        1.004209           0.492854E-5        1.003896
        3.246000           0.575441E-5        1.004209           0.492879E-5        1.003896
        3.248000           0.575473E-5        1.004209           0.492904E-5        1.003896
        3.250000           0.575505E-5        1.004210           0.492929E-5        1.003896
        3.252000           0.575536E-5        1.004210           0.492954E-5        1.003896
        3.254000           0.575568E-5        1.004210           0.492979E-5        1.003896
        3.256000           0.575599E-5        1.004210           0.493004E-5        1.003896
        3.258000           0.575631E-5        1.004210           0.493028E-5        1.003896
        3.260000           0.575662E-5        1.004210           0.493054E-5        1.003897
        3.262000           0.575694E-5        1.004210           0.493079E-5        1.003897
        3.264000           0.575725E-5        1.004210           0.493103E-5        1.003897
        3.266000           0.575757E-5        1.004210           0.493128E-5        1.003897
        3.268000           0.575788E-5        1.004210           0.493153E-5        1.003897
        3.270000           0.575820E-5        1.004211           0.493178E-5        1.003897
        3.272000           0.575851E-5        1.004211           0.493203E-5        1.003897
        3.274000           0.575883E-5        1.004211           0.493228E-5        1.003897
        3.276000           0.575914E-5        1.004211           0.493253E-5        1.003897
        3.278000           0.575946E-5        1.004211           0.493278E-5        1.003897
        3.280000           0.575977E-5        1.004211           0.493303E-5        1.003898
        3.282000           0.576009E-5        1.004211           0.493328E-5        1.003898
        3.284000           0.576040E-5        1.004211           0.493353E-5        1.003898
        3.286000           0.576072E-5        1.004212           0.493378E-5        1.003898
        3.288000           0.576104E-5        1.004212           0.493403E-5        1.003898
        3.290000           0.576135E-5        1.004212           0.493428E-5        1.003898
        3.292000           0.576167E-5        1.004212           0.493453E-5        1.003898
        3.294000           0.576198E-5        1.004212           0.493478E-5        1.003898
        3.296000           0.576230E-5        1.004212           0.493503E-5        1.003898
        3.298000           0.576261E-5        1.004212           0.493528E-5        1.003898
        3.300000           0.576293E-5        1.004212           0.493553E-5        1.003899
        3.302000           0.576325E-5        1.004212           0.493578E-5        1.003899
        3.304000           0.576356E-5        1.004213           0.493603E-5        1.003899
        3.306000           0.576388E-5        1.004213           0.493628E-5        1.003899
        3.308000           0.576419E-5        1.004213           0.493653E-5        1.003899
        3.310000           0.576451E-5        1.004213           0.493678E-5        1.003899
        3.312000           0.576482E-5        1.004213           0.493703E-5        1.003899
        3.314000           0.576514E-5        1.004213           0.493729E-5        1.003899
        3.316000           0.576545E-5        1.004213           0.493753E-5        1.003899
        3.318000           0.576577E-5        1.004213           0.493778E-5        1.003899
        3.320000           0.576609E-5        1.004213           0.493804E-5        1.003899
        3.322000           0.576640E-5        1.004214           0.493829E-5        1.003900
        3.324000           0.576672E-5        1.004214           0.493854E-5        1.003900
        3.326000           0.576703E-5        1.004214           0.493879E-5        1.003900
        3.328000           0.576735E-5        1.004214           0.493904E-5        1.003900
        3.330000           0.576767E-5        1.004214           0.493929E-5        1.003900
        3.332000           0.576798E-5        1.004214           0.493954E-5        1.003900
        3.334000           0.576830E-5        1.004214           0.493979E-5        1.003900
        3.336000           0.576861E-5        1.004214           0.494004E-5        1.003900
        3.338000           0.576893E-5        1.004215           0.494029E-5        1.003900
        3.340000           0.576925E-5        1.004215           0.494054E-5        1.003901
        3.342000           0.576956E-5        1.004215           0.494079E-5        1.003901
        3.344000           0.576988E-5        1.004215           0.494104E-5        1.003901
        3.346000           0.577020E-5        1.004215           0.494129E-5        1.003901
        3.348000           0.577051E-5        1.004215           0.494154E-5        1.003901
        3.350000           0.577083E-5        1.004215           0.494179E-5        1.003901
        3.352000           0.577114E-5        1.004215           0.494204E-5        1.003901
        3.354000           0.577146E-5        1.004215           0.494229E-5        1.003901
        3.356000           0.577178E-5        1.004216           0.494254E-5        1.003901
        3.358000           0.577209E-5        1.004216           0.494280E-5        1.003901
        3.360000           0.577241E-5        1.004216           0.494305E-5        1.003901
        3.362000           0.577273E-5        1.004216           0.494330E-5        1.003902
        3.364000           0.577304E-5        1.004216           0.494355E-5        1.003902
        3.366000           0.577336E-5        1.004216           0.494380E-5        1.003902
        3.368000           0.577368E-5        1.004216           0.494405E-5        1.003902
        3.370000           0.577399E-5        1.004216           0.494430E-5        1.003902
        3.372000           0.577431E-5        1.004217           0.494455E-5        1.003902
        3.374000           0.577463E-5        1.004217           0.494480E-5        1.003902
        3.376000           0.577494E-5        1.004217           0.494505E-5        1.003902
        3.378000           0.577526E-5        1.004217           0.494530E-5        1.003902
        3.380000           0.577558E-5        1.004217           0.494555E-5        1.003902
        3.382000           0.577589E-5        1.004217           0.494581E-5        1.003903
        3.384000           0.577621E-5        1.004217           0.494606E-5        1.003903
        3.386000           0.577653E-5        1.004217           0.494631E-5        1.003903
        3.388000           0.577684E-5        1.004217           0.494656E-5        1.003903
        3.390000           0.577716E-5        1.004218           0.494681E-5        1.003903
        3.392000           0.577748E-5        1.004218           0.494706E-5        1.003903
        3.394000           0.577779E-5        1.004218           0.494731E-5        1.003903
        3.396000           0.577811E-5        1.004218           0.494756E-5        1.003903
        3.398000           0.577843E-5        1.004218           0.494781E-5        1.003903
        3.400000           0.577874E-5        1.004218           0.494806E-5        1.003904
        3.402000           0.577906E-5        1.004218           0.494831E-5        1.003904
        3.404000           0.577938E-5        1.004218           0.494857E-5        1.003904
        3.406000           0.577969E-5        1.004218           0.494882E-5        1.003904
        3.408000           0.578001E-5        1.004219           0.494907E-5        1.003904
        3.410000           0.578033E-5        1.004219           0.494932E-5        1.003904
        3.412000           0.578065E-5        1.004219           0.494957E-5        1.003904
        3.414000           0.578096E-5        1.004219           0.494982E-5        1.003904
        3.416000           0.578128E-5        1.004219           0.495007E-5        1.003904
        3.418000           0.578160E-5        1.004219           0.495033E-5        1.003904
        3.420000           0.578191E-5        1.004219           0.495058E-5        1.003904
        3.422000           0.578223E-5        1.004219           0.495083E-5        1.003905
        3.424000           0.578255E-5        1.004220           0.495108E-5        1.003905
        3.426000           0.578287E-5        1.004220           0.495133E-5        1.003905
        3.428000           0.578318E-5        1.004220           0.495158E-5        1.003905
        3.430000           0.578350E-5        1.004220           0.495183E-5        1.003905
        3.432000           0.578382E-5        1.004220           0.495208E-5        1.003905
        3.434000           0.578413E-5        1.004220           0.495234E-5        1.003905
        3.436000           0.578445E-5        1.004220           0.495259E-5        1.003905
        3.438000           0.578477E-5        1.004220           0.495284E-5        1.003905
        3.440000           0.578509E-5        1.004220           0.495309E-5        1.003905
        3.442000           0.578540E-5        1.004221           0.495334E-5        1.003906
        3.444000           0.578572E-5        1.004221           0.495359E-5        1.003906
        3.446000           0.578604E-5        1.004221           0.495384E-5        1.003906
        3.448000           0.578636E-5        1.004221           0.495410E-5        1.003906
        3.450000           0.578667E-5        1.004221           0.495435E-5        1.003906
        3.452000           0.578699E-5        1.004221           0.495460E-5        1.003906
        3.454000           0.578731E-5        1.004221           0.495485E-5        1.003906
        3.456000           0.578763E-5        1.004221           0.495510E-5        1.003906
        3.458000           0.578795E-5        1.004221           0.495535E-5        1.003906
        3.460000           0.578826E-5        1.004222           0.495561E-5        1.003906
        3.462000           0.578858E-5        1.004222           0.495586E-5        1.003906
        3.464000           0.578890E-5        1.004222           0.495611E-5        1.003907
        3.466000           0.578922E-5        1.004222           0.495636E-5        1.003907
        3.468000           0.578953E-5        1.004222           0.495661E-5        1.003907
        3.470000           0.578985E-5        1.004222           0.495686E-5        1.003907
        3.472000           0.579017E-5        1.004222           0.495712E-5        1.003907
        3.474000           0.579049E-5        1.004222           0.495737E-5        1.003907
        3.476000           0.579081E-5        1.004223           0.495762E-5        1.003907
        3.478000           0.579112E-5        1.004223           0.495787E-5        1.003907
        3.480000           0.579144E-5        1.004223           0.495812E-5        1.003907
        3.482000           0.579176E-5        1.004223           0.495838E-5        1.003908
        3.483999           0.579208E-5        1.004223           0.495863E-5        1.003908
        3.486000           0.579240E-5        1.004223           0.495888E-5        1.003908
        3.488000           0.579271E-5        1.004223           0.495913E-5        1.003908
        3.490000           0.579303E-5        1.004223           0.495938E-5        1.003908
        3.492000           0.579335E-5        1.004223           0.495963E-5        1.003908
        3.493999           0.579367E-5        1.004224           0.495989E-5        1.003908
        3.496000           0.579399E-5        1.004224           0.496014E-5        1.003908
        3.498000           0.579430E-5        1.004224           0.496039E-5        1.003908
        3.500000           0.579462E-5        1.004224           0.496064E-5        1.003908
        3.502000           0.579494E-5        1.004224           0.496089E-5        1.003909
        3.503999           0.579526E-5        1.004224           0.496115E-5        1.003909
        3.506000           0.579558E-5        1.004224           0.496140E-5        1.003909
        3.508000           0.579590E-5        1.004224           0.496165E-5        1.003909
        3.510000           0.579622E-5        1.004225           0.496190E-5        1.003909
        3.512000           0.579653E-5        1.004225           0.496215E-5        1.003909
        3.514000           0.579685E-5        1.004225           0.496241E-5        1.003909
        3.516000           0.579717E-5        1.004225           0.496266E-5        1.003909
        3.518000           0.579749E-5        1.004225           0.496291E-5        1.003909
        3.520000           0.579781E-5        1.004225           0.496316E-5        1.003909
        3.522000           0.579813E-5        1.004225           0.496342E-5        1.003909
        3.524000           0.579845E-5        1.004225           0.496367E-5        1.003910
        3.526000           0.579876E-5        1.004225           0.496392E-5        1.003910
        3.528000           0.579908E-5        1.004225           0.496417E-5        1.003910
        3.530000           0.579940E-5        1.004226           0.496443E-5        1.003910
        3.532000           0.579972E-5        1.004226           0.496468E-5        1.003910
        3.534000           0.580004E-5        1.004226           0.496493E-5        1.003910
        3.536000           0.580036E-5        1.004226           0.496518E-5        1.003910
        3.538000           0.580067E-5        1.004226           0.496543E-5        1.003910
        3.540000           0.580099E-5        1.004226           0.496569E-5        1.003910
        3.542000           0.580131E-5        1.004226           0.496594E-5        1.003911
        3.544000           0.580163E-5        1.004226           0.496619E-5        1.003911
        3.546000           0.580195E-5        1.004227           0.496645E-5        1.003911
        3.548000           0.580227E-5        1.004227           0.496670E-5        1.003911
        3.550000           0.580259E-5        1.004227           0.496695E-5        1.003911
        3.552000           0.580291E-5        1.004227           0.496720E-5        1.003911
        3.554000           0.580323E-5        1.004227           0.496745E-5        1.003911
        3.556000           0.580354E-5        1.004227           0.496771E-5        1.003911
        3.558000           0.580386E-5        1.004227           0.496796E-5        1.003911
        3.560000           0.580418E-5        1.004227           0.496821E-5        1.003911
        3.562000           0.580450E-5        1.004228           0.496846E-5        1.003911
        3.564000           0.580482E-5        1.004228           0.496872E-5        1.003912
        3.566000           0.580514E-5        1.004228           0.496897E-5        1.003912
        3.568000           0.580546E-5        1.004228           0.496922E-5        1.003912
        3.570000           0.580578E-5        1.004228           0.496948E-5        1.003912
        3.572000           0.580610E-5        1.004228           0.496973E-5        1.003912
        3.574000           0.580642E-5        1.004228           0.496998E-5        1.003912
        3.576000           0.580674E-5        1.004228           0.497023E-5        1.003912
        3.578000           0.580706E-5        1.004228           0.497049E-5        1.003912
        3.580000           0.580737E-5        1.004229           0.497074E-5        1.003912
        3.582000           0.580769E-5        1.004229           0.497099E-5        1.003912
        3.584000           0.580801E-5        1.004229           0.497125E-5        1.003913
        3.586000           0.580833E-5        1.004229           0.497150E-5        1.003913
        3.588000           0.580865E-5        1.004229           0.497175E-5        1.003913
        3.590000           0.580897E-5        1.004229           0.497200E-5        1.003913
        3.592000           0.580929E-5        1.004229           0.497226E-5        1.003913
        3.594000           0.580961E-5        1.004229           0.497251E-5        1.003913
        3.596000           0.580993E-5        1.004229           0.497276E-5        1.003913
        3.598000           0.581025E-5        1.004230           0.497302E-5        1.003913
        3.600000           0.581057E-5        1.004230           0.497327E-5        1.003913
        3.602000           0.581089E-5        1.004230           0.497352E-5        1.003914
        3.604000           0.581121E-5        1.004230           0.497378E-5        1.003914
        3.605999           0.581153E-5        1.004230           0.497403E-5        1.003914
        3.608000           0.581185E-5        1.004230           0.497428E-5        1.003914
        3.610000           0.581217E-5        1.004230           0.497454E-5        1.003914
        3.612000           0.581249E-5        1.004230           0.497479E-5        1.003914
        3.614000           0.581281E-5        1.004230           0.497504E-5        1.003914
        3.615999           0.581313E-5        1.004231           0.497529E-5        1.003914
        3.618000           0.581345E-5        1.004231           0.497555E-5        1.003914
        3.620000           0.581376E-5        1.004231           0.497580E-5        1.003914
        3.622000           0.581409E-5        1.004231           0.497605E-5        1.003914
        3.624000           0.581440E-5        1.004231           0.497631E-5        1.003915
        3.625999           0.581473E-5        1.004231           0.497656E-5        1.003915
        3.628000           0.581505E-5        1.004231           0.497681E-5        1.003915
        3.630000           0.581536E-5        1.004231           0.497707E-5        1.003915
        3.632000           0.581569E-5        1.004232           0.497732E-5        1.003915
        3.634000           0.581601E-5        1.004232           0.497757E-5        1.003915
        3.636000           0.581632E-5        1.004232           0.497783E-5        1.003915
        3.638000           0.581664E-5        1.004232           0.497808E-5        1.003915
        3.640000           0.581697E-5        1.004232           0.497833E-5        1.003915
        3.642000           0.581729E-5        1.004232           0.497859E-5        1.003915
        3.644000           0.581761E-5        1.004232           0.497884E-5        1.003916
        3.646000           0.581793E-5        1.004232           0.497909E-5        1.003916
        3.648000           0.581825E-5        1.004233           0.497935E-5        1.003916
        3.650000           0.581857E-5        1.004233           0.497960E-5        1.003916
        3.652000           0.581889E-5        1.004233           0.497985E-5        1.003916
        3.654000           0.581921E-5        1.004233           0.498011E-5        1.003916
        3.656000           0.581953E-5        1.004233           0.498036E-5        1.003916
        3.658000           0.581985E-5        1.004233           0.498061E-5        1.003916
        3.660000           0.582017E-5        1.004233           0.498087E-5        1.003916
        3.662000           0.582049E-5        1.004233           0.498112E-5        1.003917
        3.664000           0.582081E-5        1.004233           0.498137E-5        1.003917
        3.666000           0.582113E-5        1.004234           0.498163E-5        1.003917
        3.668000           0.582145E-5        1.004234           0.498188E-5        1.003917
        3.670000           0.582177E-5        1.004234           0.498214E-5        1.003917
        3.672000           0.582209E-5        1.004234           0.498239E-5        1.003917
        3.674000           0.582241E-5        1.004234           0.498264E-5        1.003917
        3.676000           0.582273E-5        1.004234           0.498290E-5        1.003917
        3.678000           0.582305E-5        1.004234           0.498315E-5        1.003917
        3.680000           0.582337E-5        1.004234           0.498340E-5        1.003917
        3.682000           0.582369E-5        1.004234           0.498366E-5        1.003917
        3.684000           0.582401E-5        1.004235           0.498391E-5        1.003918
        3.686000           0.582433E-5        1.004235           0.498417E-5        1.003918
        3.688000           0.582465E-5        1.004235           0.498442E-5        1.003918
        3.690000           0.582498E-5        1.004235           0.498467E-5        1.003918
        3.692000           0.582530E-5        1.004235           0.498493E-5        1.003918
        3.694000           0.582562E-5        1.004235           0.498518E-5        1.003918
        3.696000           0.582594E-5        1.004235           0.498544E-5        1.003918
        3.698000           0.582626E-5        1.004235           0.498569E-5        1.003918
        3.700000           0.582658E-5        1.004236           0.498594E-5        1.003918
        3.702000           0.582690E-5        1.004236           0.498620E-5        1.003918
        3.704000           0.582722E-5        1.004236           0.498645E-5        1.003919
        3.706000           0.582754E-5        1.004236           0.498670E-5        1.003919
        3.708000           0.582786E-5        1.004236           0.498696E-5        1.003919
        3.710000           0.582818E-5        1.004236           0.498721E-5        1.003919
        3.712000           0.582851E-5        1.004236           0.498747E-5        1.003919
        3.714000           0.582883E-5        1.004236           0.498772E-5        1.003919
        3.716000           0.582915E-5        1.004236           0.498798E-5        1.003919
        3.717999           0.582947E-5        1.004237           0.498823E-5        1.003919
        3.720000           0.582979E-5        1.004237           0.498848E-5        1.003919
        3.722000           0.583011E-5        1.004237           0.498874E-5        1.003919
        3.724000           0.583043E-5        1.004237           0.498899E-5        1.003920
        3.726000           0.583076E-5        1.004237           0.498925E-5        1.003920
        3.727999           0.583108E-5        1.004237           0.498950E-5        1.003920
        3.730000           0.583140E-5        1.004237           0.498976E-5        1.003920
        3.732000           0.583172E-5        1.004237           0.499001E-5        1.003920
        3.734000           0.583204E-5        1.004238           0.499026E-5        1.003920
        3.736000           0.583236E-5        1.004238           0.499052E-5        1.003920
        3.737999           0.583268E-5        1.004238           0.499077E-5        1.003920
        3.740000           0.583300E-5        1.004238           0.499103E-5        1.003920
        3.742000           0.583333E-5        1.004238           0.499128E-5        1.003920
        3.744000           0.583365E-5        1.004238           0.499154E-5        1.003921
        3.746000           0.583397E-5        1.004238           0.499179E-5        1.003921
        3.748000           0.583429E-5        1.004238           0.499205E-5        1.003921
        3.750000           0.583461E-5        1.004238           0.499230E-5        1.003921
        3.752000           0.583493E-5        1.004239           0.499255E-5        1.003921
        3.754000           0.583525E-5        1.004239           0.499281E-5        1.003921
        3.756000           0.583558E-5        1.004239           0.499306E-5        1.003921
        3.758000           0.583590E-5        1.004239           0.499332E-5        1.003921
        3.760000           0.583622E-5        1.004239           0.499357E-5        1.003921
        3.762000           0.583654E-5        1.004239           0.499383E-5        1.003922
        3.764000           0.583686E-5        1.004239           0.499408E-5        1.003922
        3.766000           0.583718E-5        1.004239           0.499434E-5        1.003922
        3.768000           0.583751E-5        1.004239           0.499459E-5        1.003922
        3.770000           0.583783E-5        1.004240           0.499484E-5        1.003922
        3.772000           0.583815E-5        1.004240           0.499510E-5        1.003922
        3.774000           0.583847E-5        1.004240           0.499535E-5        1.003922
        3.776000           0.583879E-5        1.004240           0.499561E-5        1.003922
        3.778000           0.583912E-5        1.004240           0.499586E-5        1.003922
        3.780000           0.583944E-5        1.004240           0.499612E-5        1.003922
        3.782000           0.583976E-5        1.004240           0.499637E-5        1.003922
        3.784000           0.584008E-5        1.004240           0.499663E-5        1.003923
        3.786000           0.584040E-5        1.004241           0.499688E-5        1.003923
        3.788000           0.584072E-5        1.004241           0.499714E-5        1.003923
        3.790000           0.584105E-5        1.004241           0.499739E-5        1.003923
        3.792000           0.584137E-5        1.004241           0.499765E-5        1.003923
        3.794000           0.584169E-5        1.004241           0.499790E-5        1.003923
        3.796000           0.584201E-5        1.004241           0.499816E-5        1.003923
        3.798000           0.584233E-5        1.004241           0.499841E-5        1.003923
        3.800000           0.584266E-5        1.004241           0.499867E-5        1.003923
        3.802000           0.584298E-5        1.004241           0.499892E-5        1.003923
        3.804000           0.584330E-5        1.004242           0.499918E-5        1.003924
        3.806000           0.584362E-5        1.004242           0.499943E-5        1.003924
        3.808000           0.584395E-5        1.004242           0.499969E-5        1.003924
        3.810000           0.584427E-5        1.004242           0.499994E-5        1.003924
        3.812000           0.584459E-5        1.004242           0.500020E-5        1.003924
        3.814000           0.584491E-5        1.004242           0.500045E-5        1.003924
        3.816000           0.584524E-5        1.004242           0.500071E-5        1.003924
        3.818000           0.584556E-5        1.004242           0.500096E-5        1.003924
        3.820000           0.584588E-5        1.004243           0.500122E-5        1.003924
        3.822000           0.584620E-5        1.004243           0.500147E-5        1.003924
        3.824000           0.584653E-5        1.004243           0.500173E-5        1.003925
        3.826000           0.584685E-5        1.004243           0.500198E-5        1.003925
        3.828000           0.584717E-5        1.004243           0.500224E-5        1.003925
        3.830000           0.584750E-5        1.004243           0.500249E-5        1.003925
        3.832000           0.584782E-5        1.004243           0.500275E-5        1.003925
        3.834000           0.584814E-5        1.004243           0.500300E-5        1.003925
        3.836000           0.584846E-5        1.004243           0.500326E-5        1.003925
        3.838000           0.584878E-5        1.004244           0.500351E-5        1.003925
        3.839999           0.584911E-5        1.004244           0.500377E-5        1.003925
        3.842000           0.584943E-5        1.004244           0.500402E-5        1.003925
        3.844000           0.584975E-5        1.004244           0.500428E-5        1.003926
        3.846000           0.585008E-5        1.004244           0.500454E-5        1.003926
        3.848000           0.585040E-5        1.004244           0.500479E-5        1.003926
        3.849999           0.585072E-5        1.004244           0.500505E-5        1.003926
        3.852000           0.585105E-5        1.004244           0.500530E-5        1.003926
        3.854000           0.585137E-5        1.004245           0.500556E-5        1.003926
        3.856000           0.585169E-5        1.004245           0.500581E-5        1.003926
        3.858000           0.585201E-5        1.004245           0.500607E-5        1.003926
        3.860000           0.585234E-5        1.004245           0.500632E-5        1.003926
        3.862000           0.585266E-5        1.004245           0.500658E-5        1.003927
        3.864000           0.585298E-5        1.004245           0.500684E-5        1.003927
        3.866000           0.585331E-5        1.004245           0.500709E-5        1.003927
        3.868000           0.585363E-5        1.004245           0.500735E-5        1.003927
        3.870000           0.585395E-5        1.004245           0.500760E-5        1.003927
        3.872000           0.585428E-5        1.004246           0.500786E-5        1.003927
        3.874000           0.585460E-5        1.004246           0.500811E-5        1.003927
        3.876000           0.585492E-5        1.004246           0.500837E-5        1.003927
        3.878000           0.585525E-5        1.004246           0.500862E-5        1.003927
        3.880000           0.585557E-5        1.004246           0.500888E-5        1.003927
        3.882000           0.585589E-5        1.004246           0.500914E-5        1.003927
        3.884000           0.585622E-5        1.004246           0.500939E-5        1.003928
        3.886000           0.585654E-5        1.004246           0.500965E-5        1.003928
        3.888000           0.585686E-5        1.004246           0.500990E-5        1.003928
        3.890000           0.585718E-5        1.004247           0.501016E-5        1.003928
        3.892000           0.585751E-5        1.004247           0.501041E-5        1.003928
        3.894000           0.585783E-5        1.004247           0.501067E-5        1.003928
        3.896000           0.585815E-5        1.004247           0.501093E-5        1.003928
        3.898000           0.585848E-5        1.004247           0.501118E-5        1.003928
        3.900000           0.585880E-5        1.004247           0.501144E-5        1.003928
        3.902000           0.585913E-5        1.004247           0.501169E-5        1.003928
        3.904000           0.585945E-5        1.004247           0.501195E-5        1.003929
        3.906000           0.585977E-5        1.004248           0.501221E-5        1.003929
        3.908000           0.586010E-5        1.004248           0.501246E-5        1.003929
        3.910000           0.586042E-5        1.004248           0.501272E-5        1.003929
        3.912000           0.586074E-5        1.004248           0.501297E-5        1.003929
        3.914000           0.586107E-5        1.004248           0.501323E-5        1.003929
        3.916000           0.586139E-5        1.004248           0.501349E-5        1.003929
        3.918000           0.586172E-5        1.004248           0.501374E-5        1.003929
        3.920000           0.586204E-5        1.004248           0.501400E-5        1.003929
        3.922000           0.586236E-5        1.004248           0.501426E-5        1.003929
        3.924000           0.586269E-5        1.004249           0.501451E-5        1.003930
        3.926000           0.586301E-5        1.004249           0.501477E-5        1.003930
        3.928000           0.586334E-5        1.004249           0.501502E-5        1.003930
        3.930000           0.586366E-5        1.004249           0.501528E-5        1.003930
        3.932000           0.586398E-5        1.004249           0.501554E-5        1.003930
        3.934000           0.586431E-5        1.004249           0.501579E-5        1.003930
        3.936000           0.586463E-5        1.004249           0.501605E-5        1.003930
        3.938000           0.586496E-5        1.004249           0.501631E-5        1.003930
        3.940000           0.586528E-5        1.004250           0.501656E-5        1.003930
        3.942000           0.586560E-5        1.004250           0.501682E-5        1.003930
        3.944000           0.586593E-5        1.004250           0.501707E-5        1.003931
        3.946000           0.586625E-5        1.004250           0.501733E-5        1.003931
        3.948000           0.586658E-5        1.004250           0.501759E-5        1.003931
        3.950000           0.586690E-5        1.004250           0.501784E-5        1.003931
        3.951999           0.586722E-5        1.004250           0.501810E-5        1.003931
        3.954000           0.586755E-5        1.004250           0.501836E-5        1.003931
        3.956000           0.586787E-5        1.004251           0.501861E-5        1.003931
        3.958000           0.586820E-5        1.004251           0.501887E-5        1.003931
        3.960000           0.586852E-5        1.004251           0.501913E-5        1.003931
        3.961999           0.586885E-5        1.004251           0.501938E-5        1.003932
        3.964000           0.586917E-5        1.004251           0.501964E-5        1.003932
        3.966000           0.586949E-5        1.004251           0.501990E-5        1.003932
        3.968000           0.586982E-5        1.004251           0.502015E-5        1.003932
        3.970000           0.587014E-5        1.004251           0.502041E-5        1.003932
        3.972000           0.587047E-5        1.004251           0.502067E-5        1.003932
        3.974000           0.587079E-5        1.004252           0.502092E-5        1.003932
        3.976000           0.587112E-5        1.004252           0.502118E-5        1.003932
        3.978000           0.587144E-5        1.004252           0.502143E-5        1.003932
        3.980000           0.587177E-5        1.004252           0.502169E-5        1.003932
        3.982000           0.587209E-5        1.004252           0.502195E-5        1.003932
        3.984000           0.587242E-5        1.004252           0.502221E-5        1.003933
        3.986000           0.587274E-5        1.004252           0.502246E-5        1.003933
        3.988000           0.587307E-5        1.004252           0.502272E-5        1.003933
        3.990000           0.587339E-5        1.004253           0.502298E-5        1.003933
        3.992000           0.587372E-5        1.004253           0.502323E-5        1.003933
        3.994000           0.587404E-5        1.004253           0.502349E-5        1.003933
        3.996000           0.587437E-5        1.004253           0.502375E-5        1.003933
        3.998000           0.587469E-5        1.004253           0.502400E-5        1.003933
        4.000000           0.587501E-5        1.004253           0.502426E-5        1.003933
        4.002000           0.587534E-5        1.004253           0.502452E-5        1.003933
        4.004000           0.587567E-5        1.004253           0.502477E-5        1.003934
        4.006000           0.587599E-5        1.004253           0.502503E-5        1.003934
        4.008000           0.587631E-5        1.004254           0.502529E-5        1.003934
        4.010000           0.587664E-5        1.004254           0.502554E-5        1.003934
        4.012000           0.587696E-5        1.004254           0.502580E-5        1.003934
        4.013999           0.587729E-5        1.004254           0.502606E-5        1.003934
        4.016000           0.587761E-5        1.004254           0.502632E-5        1.003934
        4.018000           0.587794E-5        1.004254           0.502657E-5        1.003934
        4.020000           0.587826E-5        1.004254           0.502683E-5        1.003934
        4.022000           0.587859E-5        1.004254           0.502709E-5        1.003935
        4.024000           0.587892E-5        1.004254           0.502734E-5        1.003935
        4.026000           0.587924E-5        1.004255           0.502760E-5        1.003935
        4.028000           0.587957E-5        1.004255           0.502786E-5        1.003935
        4.030000           0.587989E-5        1.004255           0.502812E-5        1.003935
        4.032000           0.588022E-5        1.004255           0.502837E-5        1.003935
        4.033999           0.588054E-5        1.004255           0.502863E-5        1.003935
        4.036000           0.588087E-5        1.004255           0.502889E-5        1.003935
        4.038000           0.588119E-5        1.004255           0.502914E-5        1.003935
        4.040000           0.588152E-5        1.004255           0.502940E-5        1.003935
        4.042000           0.588184E-5        1.004256           0.502966E-5        1.003935
        4.044000           0.588217E-5        1.004256           0.502992E-5        1.003936
        4.046000           0.588249E-5        1.004256           0.503017E-5        1.003936
        4.048000           0.588282E-5        1.004256           0.503043E-5        1.003936
        4.050000           0.588315E-5        1.004256           0.503069E-5        1.003936
        4.052000           0.588347E-5        1.004256           0.503095E-5        1.003936
        4.053999           0.588380E-5        1.004256           0.503120E-5        1.003936
        4.056000           0.588412E-5        1.004256           0.503146E-5        1.003936
        4.058000           0.588445E-5        1.004256           0.503172E-5        1.003936
        4.060000           0.588477E-5        1.004257           0.503198E-5        1.003936
        4.062000           0.588510E-5        1.004257           0.503223E-5        1.003937
        4.064000           0.588542E-5        1.004257           0.503249E-5        1.003937
        4.066000           0.588575E-5        1.004257           0.503275E-5        1.003937
        4.068000           0.588608E-5        1.004257           0.503301E-5        1.003937
        4.070000           0.588640E-5        1.004257           0.503326E-5        1.003937
        4.072000           0.588673E-5        1.004257           0.503352E-5        1.003937
        4.073999           0.588705E-5        1.004257           0.503378E-5        1.003937
        4.076000           0.588738E-5        1.004258           0.503404E-5        1.003937
        4.078000           0.588771E-5        1.004258           0.503430E-5        1.003937
        4.080000           0.588803E-5        1.004258           0.503455E-5        1.003937
        4.082000           0.588836E-5        1.004258           0.503481E-5        1.003937
        4.084000           0.588868E-5        1.004258           0.503507E-5        1.003938
        4.085999           0.588901E-5        1.004258           0.503532E-5        1.003938
        4.087999           0.588934E-5        1.004258           0.503558E-5        1.003938
        4.090000           0.588966E-5        1.004258           0.503584E-5        1.003938
        4.092000           0.588999E-5        1.004259           0.503610E-5        1.003938
        4.094000           0.589031E-5        1.004259           0.503636E-5        1.003938
        4.096000           0.589064E-5        1.004259           0.503661E-5        1.003938
        4.098000           0.589097E-5        1.004259           0.503687E-5        1.003938
        4.100000           0.589129E-5        1.004259           0.503713E-5        1.003938
        4.102000           0.589162E-5        1.004259           0.503739E-5        1.003939
        4.104000           0.589195E-5        1.004259           0.503765E-5        1.003939
        4.105999           0.589227E-5        1.004259           0.503790E-5        1.003939
        4.107999           0.589260E-5        1.004259           0.503816E-5        1.003939
        4.110000           0.589292E-5        1.004260           0.503842E-5        1.003939
        4.112000           0.589325E-5        1.004260           0.503868E-5        1.003939
        4.114000           0.589358E-5        1.004260           0.503894E-5        1.003939
        4.116000           0.589390E-5        1.004260           0.503919E-5        1.003939
        4.118000           0.589423E-5        1.004260           0.503945E-5        1.003939
        4.120000           0.589456E-5        1.004260           0.503971E-5        1.003939
        4.122000           0.589488E-5        1.004260           0.503997E-5        1.003940
        4.124000           0.589521E-5        1.004260           0.504023E-5        1.003940
        4.125999           0.589554E-5        1.004261           0.504048E-5        1.003940
        4.128000           0.589586E-5        1.004261           0.504074E-5        1.003940
        4.130000           0.589619E-5        1.004261           0.504100E-5        1.003940
        4.131999           0.589652E-5        1.004261           0.504126E-5        1.003940
        4.134000           0.589684E-5        1.004261           0.504152E-5        1.003940
        4.136000           0.589717E-5        1.004261           0.504178E-5        1.003940
        4.138000           0.589750E-5        1.004261           0.504203E-5        1.003940
        4.140000           0.589782E-5        1.004261           0.504229E-5        1.003940
        4.142000           0.589815E-5        1.004261           0.504255E-5        1.003941
        4.144000           0.589848E-5        1.004262           0.504281E-5        1.003941
        4.145999           0.589880E-5        1.004262           0.504307E-5        1.003941
        4.148000           0.589913E-5        1.004262           0.504333E-5        1.003941
        4.150000           0.589946E-5        1.004262           0.504358E-5        1.003941
        4.151999           0.589978E-5        1.004262           0.504384E-5        1.003941
        4.154000           0.590011E-5        1.004262           0.504410E-5        1.003941
        4.156000           0.590044E-5        1.004262           0.504436E-5        1.003941
        4.158000           0.590077E-5        1.004262           0.504462E-5        1.003941
        4.160000           0.590109E-5        1.004262           0.504488E-5        1.003941
        4.162000           0.590142E-5        1.004263           0.504513E-5        1.003942
        4.164000           0.590175E-5        1.004263           0.504539E-5        1.003942
        4.165999           0.590207E-5        1.004263           0.504565E-5        1.003942
        4.168000           0.590240E-5        1.004263           0.504591E-5        1.003942
        4.170000           0.590273E-5        1.004263           0.504617E-5        1.003942
        4.172000           0.590306E-5        1.004263           0.504643E-5        1.003942
        4.174000           0.590338E-5        1.004263           0.504669E-5        1.003942
        4.176000           0.590371E-5        1.004263           0.504695E-5        1.003942
        4.178000           0.590404E-5        1.004264           0.504720E-5        1.003942
        4.180000           0.590436E-5        1.004264           0.504746E-5        1.003942
        4.182000           0.590469E-5        1.004264           0.504772E-5        1.003942
        4.184000           0.590502E-5        1.004264           0.504798E-5        1.003943
        4.185999           0.590535E-5        1.004264           0.504824E-5        1.003943
        4.188000           0.590567E-5        1.004264           0.504850E-5        1.003943
        4.190000           0.590600E-5        1.004264           0.504876E-5        1.003943
        4.192000           0.590633E-5        1.004264           0.504902E-5        1.003943
        4.194000           0.590666E-5        1.004264           0.504927E-5        1.003943
        4.196000           0.590698E-5        1.004265           0.504953E-5        1.003943
        4.198000           0.590731E-5        1.004265           0.504979E-5        1.003943
        4.199999           0.590764E-5        1.004265           0.505005E-5        1.003943
        4.202000           0.590797E-5        1.004265           0.505031E-5        1.003944
        4.204000           0.590829E-5        1.004265           0.505057E-5        1.003944
        4.206000           0.590862E-5        1.004265           0.505083E-5        1.003944
        4.208000           0.590895E-5        1.004265           0.505109E-5        1.003944
        4.210000           0.590928E-5        1.004265           0.505134E-5        1.003944
        4.212000           0.590961E-5        1.004266           0.505160E-5        1.003944
        4.214000           0.590993E-5        1.004266           0.505186E-5        1.003944
        4.216000           0.591026E-5        1.004266           0.505212E-5        1.003944
        4.217999           0.591059E-5        1.004266           0.505238E-5        1.003944
        4.219999           0.591092E-5        1.004266           0.505264E-5        1.003945
        4.222000           0.591125E-5        1.004266           0.505290E-5        1.003945
        4.224000           0.591157E-5        1.004266           0.505316E-5        1.003945
        4.226000           0.591190E-5        1.004266           0.505342E-5        1.003945
        4.228000           0.591223E-5        1.004267           0.505368E-5        1.003945
        4.230000           0.591256E-5        1.004267           0.505394E-5        1.003945
        4.232000           0.591288E-5        1.004267           0.505419E-5        1.003945
        4.234000           0.591321E-5        1.004267           0.505445E-5        1.003945
        4.236000           0.591354E-5        1.004267           0.505471E-5        1.003945
        4.237999           0.591387E-5        1.004267           0.505497E-5        1.003945
        4.240000           0.591420E-5        1.004267           0.505523E-5        1.003945
        4.242000           0.591453E-5        1.004267           0.505549E-5        1.003946
        4.243999           0.591485E-5        1.004267           0.505575E-5        1.003946
        4.246000           0.591518E-5        1.004268           0.505601E-5        1.003946
        4.248000           0.591551E-5        1.004268           0.505627E-5        1.003946
        4.250000           0.591584E-5        1.004268           0.505653E-5        1.003946
        4.252000           0.591617E-5        1.004268           0.505679E-5        1.003946
        4.254000           0.591649E-5        1.004268           0.505705E-5        1.003946
        4.256000           0.591682E-5        1.004268           0.505731E-5        1.003946
        4.257999           0.591715E-5        1.004268           0.505757E-5        1.003946
        4.260000           0.591748E-5        1.004268           0.505783E-5        1.003947
        4.262000           0.591781E-5        1.004269           0.505809E-5        1.003947
        4.263999           0.591814E-5        1.004269           0.505834E-5        1.003947
        4.266000           0.591847E-5        1.004269           0.505860E-5        1.003947
        4.268000           0.591879E-5        1.004269           0.505886E-5        1.003947
        4.270000           0.591912E-5        1.004269           0.505912E-5        1.003947
        4.272000           0.591945E-5        1.004269           0.505938E-5        1.003947
        4.274000           0.591978E-5        1.004269           0.505964E-5        1.003947
        4.276000           0.592011E-5        1.004269           0.505990E-5        1.003947
        4.277999           0.592044E-5        1.004269           0.506016E-5        1.003947
        4.280000           0.592077E-5        1.004270           0.506042E-5        1.003947
        4.282000           0.592109E-5        1.004270           0.506068E-5        1.003948
        4.284000           0.592142E-5        1.004270           0.506094E-5        1.003948
        4.286000           0.592175E-5        1.004270           0.506120E-5        1.003948
        4.288000           0.592208E-5        1.004270           0.506146E-5        1.003948
        4.290000           0.592241E-5        1.004270           0.506172E-5        1.003948
        4.292000           0.592274E-5        1.004270           0.506198E-5        1.003948
        4.294000           0.592307E-5        1.004270           0.506224E-5        1.003948
        4.296000           0.592340E-5        1.004271           0.506250E-5        1.003948
        4.297999           0.592373E-5        1.004271           0.506276E-5        1.003948
        4.300000           0.592406E-5        1.004271           0.506302E-5        1.003948
        4.302000           0.592438E-5        1.004271           0.506328E-5        1.003949
        4.304000           0.592471E-5        1.004271           0.506354E-5        1.003949
        4.306000           0.592504E-5        1.004271           0.506380E-5        1.003949
        4.308000           0.592537E-5        1.004271           0.506406E-5        1.003949
        4.310000           0.592570E-5        1.004271           0.506432E-5        1.003949
        4.311999           0.592603E-5        1.004272           0.506458E-5        1.003949
        4.314000           0.592636E-5        1.004272           0.506484E-5        1.003949
        4.316000           0.592669E-5        1.004272           0.506510E-5        1.003949
        4.318000           0.592702E-5        1.004272           0.506536E-5        1.003949
        4.320000           0.592735E-5        1.004272           0.506562E-5        1.003950
        4.322000           0.592767E-5        1.004272           0.506588E-5        1.003950
        4.324000           0.592800E-5        1.004272           0.506614E-5        1.003950
        4.326000           0.592833E-5        1.004272           0.506640E-5        1.003950
        4.328000           0.592866E-5        1.004272           0.506666E-5        1.003950
        4.329999           0.592899E-5        1.004273           0.506692E-5        1.003950
        4.331999           0.592932E-5        1.004273           0.506718E-5        1.003950
        4.334000           0.592965E-5        1.004273           0.506744E-5        1.003950
        4.335999           0.592998E-5        1.004273           0.506770E-5        1.003950
        4.338000           0.593031E-5        1.004273           0.506796E-5        1.003950
        4.340000           0.593064E-5        1.004273           0.506822E-5        1.003950
        4.342000           0.593097E-5        1.004273           0.506848E-5        1.003951
        4.344000           0.593130E-5        1.004273           0.506874E-5        1.003951
        4.346000           0.593163E-5        1.004274           0.506900E-5        1.003951
        4.348000           0.593196E-5        1.004274           0.506926E-5        1.003951
        4.349999           0.593229E-5        1.004274           0.506952E-5        1.003951
        4.352000           0.593262E-5        1.004274           0.506978E-5        1.003951
        4.354000           0.593295E-5        1.004274           0.507004E-5        1.003951
        4.355999           0.593328E-5        1.004274           0.507030E-5        1.003951
        4.358000           0.593361E-5        1.004274           0.507056E-5        1.003951
        4.360000           0.593394E-5        1.004274           0.507083E-5        1.003952
        4.362000           0.593427E-5        1.004274           0.507109E-5        1.003952
        4.364000           0.593460E-5        1.004275           0.507135E-5        1.003952
        4.366000           0.593493E-5        1.004275           0.507161E-5        1.003952
        4.368000           0.593526E-5        1.004275           0.507187E-5        1.003952
        4.369999           0.593559E-5        1.004275           0.507213E-5        1.003952
        4.372000           0.593592E-5        1.004275           0.507239E-5        1.003952
        4.374000           0.593625E-5        1.004275           0.507265E-5        1.003952
        4.375999           0.593658E-5        1.004275           0.507291E-5        1.003952
        4.378000           0.593691E-5        1.004275           0.507317E-5        1.003953
        4.380000           0.593724E-5        1.004276           0.507343E-5        1.003953
        4.382000           0.593757E-5        1.004276           0.507369E-5        1.003953
        4.384000           0.593790E-5        1.004276           0.507395E-5        1.003953
        4.386000           0.593823E-5        1.004276           0.507421E-5        1.003953
        4.388000           0.593856E-5        1.004276           0.507447E-5        1.003953
        4.389999           0.593889E-5        1.004276           0.507473E-5        1.003953
        4.392000           0.593922E-5        1.004276           0.507500E-5        1.003953
        4.394000           0.593955E-5        1.004276           0.507526E-5        1.003953
        4.396000           0.593988E-5        1.004277           0.507552E-5        1.003953
        4.398000           0.594021E-5        1.004277           0.507578E-5        1.003953
        4.400000           0.594054E-5        1.004277           0.507604E-5        1.003954
        4.402000           0.594087E-5        1.004277           0.507630E-5        1.003954
        4.404000           0.594120E-5        1.004277           0.507656E-5        1.003954
        4.406000           0.594153E-5        1.004277           0.507682E-5        1.003954
        4.408000           0.594186E-5        1.004277           0.507708E-5        1.003954
        4.409999           0.594219E-5        1.004277           0.507734E-5        1.003954
        4.412000           0.594252E-5        1.004277           0.507760E-5        1.003954
        4.414000           0.594285E-5        1.004278           0.507787E-5        1.003954
        4.416000           0.594318E-5        1.004278           0.507813E-5        1.003954
        4.418000           0.594351E-5        1.004278           0.507839E-5        1.003955
        4.420000           0.594384E-5        1.004278           0.507865E-5        1.003955
        4.422000           0.594417E-5        1.004278           0.507891E-5        1.003955
        4.423999           0.594451E-5        1.004278           0.507917E-5        1.003955
        4.426000           0.594484E-5        1.004278           0.507943E-5        1.003955
        4.427999           0.594517E-5        1.004278           0.507969E-5        1.003955
        4.430000           0.594550E-5        1.004279           0.507996E-5        1.003955
        4.432000           0.594583E-5        1.004279           0.508022E-5        1.003955
        4.434000           0.594616E-5        1.004279           0.508048E-5        1.003955
        4.436000           0.594649E-5        1.004279           0.508074E-5        1.003955
        4.438000           0.594682E-5        1.004279           0.508100E-5        1.003955
        4.440000           0.594715E-5        1.004279           0.508126E-5        1.003956
        4.441999           0.594748E-5        1.004279           0.508152E-5        1.003956
        4.443999           0.594781E-5        1.004279           0.508178E-5        1.003956
        4.446000           0.594815E-5        1.004279           0.508205E-5        1.003956
        4.447999           0.594848E-5        1.004280           0.508231E-5        1.003956
        4.450000           0.594881E-5        1.004280           0.508257E-5        1.003956
        4.452000           0.594914E-5        1.004280           0.508283E-5        1.003956
        4.454000           0.594947E-5        1.004280           0.508309E-5        1.003956
        4.456000           0.594980E-5        1.004280           0.508335E-5        1.003956
        4.458000           0.595013E-5        1.004280           0.508361E-5        1.003957
        4.460000           0.595046E-5        1.004280           0.508388E-5        1.003957
        4.461999           0.595079E-5        1.004280           0.508414E-5        1.003957
        4.464000           0.595112E-5        1.004281           0.508440E-5        1.003957
        4.466000           0.595146E-5        1.004281           0.508466E-5        1.003957
        4.467999           0.595179E-5        1.004281           0.508492E-5        1.003957
        4.470000           0.595212E-5        1.004281           0.508518E-5        1.003957
        4.472000           0.595245E-5        1.004281           0.508544E-5        1.003957
        4.474000           0.595278E-5        1.004281           0.508571E-5        1.003957
        4.476000           0.595311E-5        1.004281           0.508597E-5        1.003957
        4.478000           0.595344E-5        1.004281           0.508623E-5        1.003958
        4.480000           0.595377E-5        1.004282           0.508649E-5        1.003958
        4.481999           0.595411E-5        1.004282           0.508675E-5        1.003958
        4.484000           0.595444E-5        1.004282           0.508701E-5        1.003958
        4.486000           0.595477E-5        1.004282           0.508728E-5        1.003958
        4.487999           0.595510E-5        1.004282           0.508754E-5        1.003958
        4.490000           0.595543E-5        1.004282           0.508780E-5        1.003958
        4.492000           0.595576E-5        1.004282           0.508806E-5        1.003958
        4.494000           0.595610E-5        1.004282           0.508832E-5        1.003958
        4.496000           0.595643E-5        1.004282           0.508859E-5        1.003958
        4.498000           0.595676E-5        1.004283           0.508885E-5        1.003959
        4.500000           0.595709E-5        1.004283           0.508911E-5        1.003959
        4.501999           0.595742E-5        1.004283           0.508937E-5        1.003959
        4.504000           0.595775E-5        1.004283           0.508963E-5        1.003959
        4.506000           0.595809E-5        1.004283           0.508990E-5        1.003959
        4.508000           0.595842E-5        1.004283           0.509016E-5        1.003959
        4.510000           0.595875E-5        1.004283           0.509042E-5        1.003959
        4.512000           0.595908E-5        1.004283           0.509068E-5        1.003959
        4.514000           0.595941E-5        1.004284           0.509094E-5        1.003959
        4.516000           0.595975E-5        1.004284           0.509121E-5        1.003959
        4.518000           0.596008E-5        1.004284           0.509147E-5        1.003960
        4.520000           0.596041E-5        1.004284           0.509173E-5        1.003960
        4.521999           0.596074E-5        1.004284           0.509199E-5        1.003960
        4.524000           0.596108E-5        1.004284           0.509225E-5        1.003960
        4.526000           0.596141E-5        1.004284           0.509252E-5        1.003960
        4.528000           0.596174E-5        1.004284           0.509278E-5        1.003960
        4.530000           0.596207E-5        1.004285           0.509304E-5        1.003960
        4.532000           0.596240E-5        1.004285           0.509330E-5        1.003960
        4.534000           0.596273E-5        1.004285           0.509356E-5        1.003960
        4.535999           0.596307E-5        1.004285           0.509383E-5        1.003960
        4.538000           0.596340E-5        1.004285           0.509409E-5        1.003961
        4.539999           0.596373E-5        1.004285           0.509435E-5        1.003961
        4.542000           0.596406E-5        1.004285           0.509462E-5        1.003961
        4.544000           0.596440E-5        1.004285           0.509488E-5        1.003961
        4.546000           0.596473E-5        1.004285           0.509514E-5        1.003961
        4.548000           0.596506E-5        1.004286           0.509540E-5        1.003961
        4.550000           0.596539E-5        1.004286           0.509566E-5        1.003961
        4.552000           0.596573E-5        1.004286           0.509593E-5        1.003961
        4.553999           0.596606E-5        1.004286           0.509619E-5        1.003961
        4.555999           0.596639E-5        1.004286           0.509645E-5        1.003962
        4.558000           0.596672E-5        1.004286           0.509671E-5        1.003962
        4.559999           0.596706E-5        1.004286           0.509698E-5        1.003962
        4.562000           0.596739E-5        1.004286           0.509724E-5        1.003962
        4.564000           0.596772E-5        1.004287           0.509750E-5        1.003962
        4.566000           0.596805E-5        1.004287           0.509776E-5        1.003962
        4.568000           0.596839E-5        1.004287           0.509803E-5        1.003962
        4.570000           0.596872E-5        1.004287           0.509829E-5        1.003962
        4.572000           0.596905E-5        1.004287           0.509855E-5        1.003962
        4.573999           0.596938E-5        1.004287           0.509881E-5        1.003962
        4.576000           0.596972E-5        1.004287           0.509908E-5        1.003963
        4.578000           0.597005E-5        1.004287           0.509934E-5        1.003963
        4.579999           0.597038E-5        1.004287           0.509960E-5        1.003963
        4.582000           0.597072E-5        1.004288           0.509987E-5        1.003963
        4.584000           0.597105E-5        1.004288           0.510013E-5        1.003963
        4.586000           0.597138E-5        1.004288           0.510039E-5        1.003963
        4.588000           0.597171E-5        1.004288           0.510065E-5        1.003963
        4.590000           0.597205E-5        1.004288           0.510092E-5        1.003963
        4.592000           0.597238E-5        1.004288           0.510118E-5        1.003963
        4.593999           0.597271E-5        1.004288           0.510144E-5        1.003963
        4.596000           0.597305E-5        1.004288           0.510170E-5        1.003964
        4.598000           0.597338E-5        1.004289           0.510197E-5        1.003964
        4.599999           0.597371E-5        1.004289           0.510223E-5        1.003964
        4.602000           0.597405E-5        1.004289           0.510249E-5        1.003964
        4.604000           0.597438E-5        1.004289           0.510276E-5        1.003964
        4.606000           0.597471E-5        1.004289           0.510302E-5        1.003964
        4.608000           0.597505E-5        1.004289           0.510328E-5        1.003964
        4.610000           0.597538E-5        1.004289           0.510354E-5        1.003964
        4.612000           0.597571E-5        1.004289           0.510381E-5        1.003964
        4.613999           0.597605E-5        1.004290           0.510407E-5        1.003964
        4.616000           0.597638E-5        1.004290           0.510433E-5        1.003965
        4.618000           0.597671E-5        1.004290           0.510460E-5        1.003965
        4.620000           0.597705E-5        1.004290           0.510486E-5        1.003965
        4.622000           0.597738E-5        1.004290           0.510512E-5        1.003965
        4.624000           0.597771E-5        1.004290           0.510539E-5        1.003965
        4.626000           0.597805E-5        1.004290           0.510565E-5        1.003965
        4.628000           0.597838E-5        1.004290           0.510591E-5        1.003965
        4.630000           0.597871E-5        1.004290           0.510618E-5        1.003965
        4.631999           0.597905E-5        1.004291           0.510644E-5        1.003965
        4.633999           0.597938E-5        1.004291           0.510670E-5        1.003965
        4.636000           0.597971E-5        1.004291           0.510697E-5        1.003966
        4.638000           0.598005E-5        1.004291           0.510723E-5        1.003966
        4.640000           0.598038E-5        1.004291           0.510749E-5        1.003966
        4.642000           0.598072E-5        1.004291           0.510776E-5        1.003966
        4.644000           0.598105E-5        1.004291           0.510802E-5        1.003966
        4.646000           0.598138E-5        1.004291           0.510828E-5        1.003966
        4.648000           0.598172E-5        1.004292           0.510855E-5        1.003966
        4.650000           0.598205E-5        1.004292           0.510881E-5        1.003966
        4.651999           0.598238E-5        1.004292           0.510907E-5        1.003966
        4.654000           0.598272E-5        1.004292           0.510934E-5        1.003967
        4.656000           0.598305E-5        1.004292           0.510960E-5        1.003967
        4.658000           0.598339E-5        1.004292           0.510986E-5        1.003967
        4.660000           0.598372E-5        1.004292           0.511013E-5        1.003967
        4.662000           0.598405E-5        1.004292           0.511039E-5        1.003967
        4.664000           0.598439E-5        1.004292           0.511065E-5        1.003967
        4.665999           0.598472E-5        1.004293           0.511092E-5        1.003967
        4.667999           0.598506E-5        1.004293           0.511118E-5        1.003967
        4.670000           0.598539E-5        1.004293           0.511145E-5        1.003967
        4.671999           0.598572E-5        1.004293           0.511171E-5        1.003967
        4.674000           0.598606E-5        1.004293           0.511197E-5        1.003968
        4.676000           0.598639E-5        1.004293           0.511224E-5        1.003968
        4.677999           0.598673E-5        1.004293           0.511250E-5        1.003968
        4.680000           0.598706E-5        1.004293           0.511276E-5        1.003968
        4.682000           0.598739E-5        1.004294           0.511303E-5        1.003968
        4.684000           0.598773E-5        1.004294           0.511329E-5        1.003968
        4.685999           0.598806E-5        1.004294           0.511356E-5        1.003968
        4.688000           0.598840E-5        1.004294           0.511382E-5        1.003968
        4.690000           0.598873E-5        1.004294           0.511408E-5        1.003968
        4.691999           0.598907E-5        1.004294           0.511435E-5        1.003968
        4.694000           0.598940E-5        1.004294           0.511461E-5        1.003969
        4.696000           0.598974E-5        1.004294           0.511487E-5        1.003969
        4.698000           0.599007E-5        1.004295           0.511514E-5        1.003969
        4.700000           0.599040E-5        1.004295           0.511540E-5        1.003969
        4.702000           0.599074E-5        1.004295           0.511567E-5        1.003969
        4.704000           0.599107E-5        1.004295           0.511593E-5        1.003969
        4.705999           0.599141E-5        1.004295           0.511619E-5        1.003969
        4.708000           0.599174E-5        1.004295           0.511646E-5        1.003969
        4.710000           0.599208E-5        1.004295           0.511672E-5        1.003969
        4.711999           0.599241E-5        1.004295           0.511699E-5        1.003969
        4.714000           0.599275E-5        1.004295           0.511725E-5        1.003970
        4.716000           0.599308E-5        1.004296           0.511751E-5        1.003970
        4.718000           0.599342E-5        1.004296           0.511778E-5        1.003970
        4.720000           0.599375E-5        1.004296           0.511804E-5        1.003970
        4.722000           0.599409E-5        1.004296           0.511831E-5        1.003970
        4.724000           0.599442E-5        1.004296           0.511857E-5        1.003970
        4.725999           0.599476E-5        1.004296           0.511883E-5        1.003970
        4.728000           0.599509E-5        1.004296           0.511910E-5        1.003970
        4.730000           0.599543E-5        1.004296           0.511936E-5        1.003970
        4.732000           0.599576E-5        1.004297           0.511963E-5        1.003971
        4.734000           0.599610E-5        1.004297           0.511989E-5        1.003971
        4.736000           0.599643E-5        1.004297           0.512016E-5        1.003971
        4.738000           0.599677E-5        1.004297           0.512042E-5        1.003971
        4.740000           0.599710E-5        1.004297           0.512068E-5        1.003971
        4.742000           0.599744E-5        1.004297           0.512095E-5        1.003971
        4.743999           0.599777E-5        1.004297           0.512121E-5        1.003971
        4.745999           0.599811E-5        1.004297           0.512148E-5        1.003971
        4.748000           0.599844E-5        1.004297           0.512174E-5        1.003971
        4.750000           0.599878E-5        1.004298           0.512201E-5        1.003971
        4.752000           0.599911E-5        1.004298           0.512227E-5        1.003972
        4.754000           0.599945E-5        1.004298           0.512254E-5        1.003972
        4.756000           0.599978E-5        1.004298           0.512280E-5        1.003972
        4.758000           0.600012E-5        1.004298           0.512306E-5        1.003972
        4.760000           0.600045E-5        1.004298           0.512333E-5        1.003972
        4.762000           0.600079E-5        1.004298           0.512359E-5        1.003972
        4.763999           0.600112E-5        1.004298           0.512386E-5        1.003972
        4.766000           0.600146E-5        1.004299           0.512412E-5        1.003972
        4.768000           0.600179E-5        1.004299           0.512439E-5        1.003972
        4.770000           0.600213E-5        1.004299           0.512465E-5        1.003972
        4.772000           0.600247E-5        1.004299           0.512492E-5        1.003973
        4.774000           0.600280E-5        1.004299           0.512518E-5        1.003973
        4.776000           0.600314E-5        1.004299           0.512545E-5        1.003973
        4.778000           0.600347E-5        1.004299           0.512571E-5        1.003973
        4.779999           0.600381E-5        1.004299           0.512598E-5        1.003973
        4.782000           0.600414E-5        1.004300           0.512624E-5        1.003973
        4.783999           0.600448E-5        1.004300           0.512651E-5        1.003973
        4.786000           0.600482E-5        1.004300           0.512677E-5        1.003973
        4.788000           0.600515E-5        1.004300           0.512703E-5        1.003973
        4.789999           0.600549E-5        1.004300           0.512730E-5        1.003973
        4.792000           0.600582E-5        1.004300           0.512756E-5        1.003974
        4.794000           0.600616E-5        1.004300           0.512783E-5        1.003974
        4.796000           0.600649E-5        1.004300           0.512809E-5        1.003974
        4.797999           0.600683E-5        1.004300           0.512836E-5        1.003974
        4.800000           0.600717E-5        1.004301           0.512862E-5        1.003974
        4.802000           0.600750E-5        1.004301           0.512889E-5        1.003974
        4.803999           0.600784E-5        1.004301           0.512915E-5        1.003974
        4.806000           0.600817E-5        1.004301           0.512942E-5        1.003974
        4.808000           0.600851E-5        1.004301           0.512968E-5        1.003974
        4.810000           0.600885E-5        1.004301           0.512995E-5        1.003975
        4.812000           0.600918E-5        1.004301           0.513021E-5        1.003975
        4.814000           0.600952E-5        1.004301           0.513048E-5        1.003975
        4.816000           0.600985E-5        1.004302           0.513075E-5        1.003975
        4.817999           0.601019E-5        1.004302           0.513101E-5        1.003975
        4.820000           0.601053E-5        1.004302           0.513128E-5        1.003975
        4.822000           0.601086E-5        1.004302           0.513154E-5        1.003975
        4.823999           0.601120E-5        1.004302           0.513181E-5        1.003975
        4.826000           0.601153E-5        1.004302           0.513207E-5        1.003975
        4.828000           0.601187E-5        1.004302           0.513234E-5        1.003975
        4.830000           0.601221E-5        1.004302           0.513260E-5        1.003976
        4.832000           0.601254E-5        1.004303           0.513287E-5        1.003976
        4.834000           0.601288E-5        1.004303           0.513313E-5        1.003976
        4.835999           0.601322E-5        1.004303           0.513340E-5        1.003976
        4.837999           0.601355E-5        1.004303           0.513366E-5        1.003976
        4.840000           0.601389E-5        1.004303           0.513393E-5        1.003976
        4.842000           0.601423E-5        1.004303           0.513419E-5        1.003976
        4.844000           0.601456E-5        1.004303           0.513446E-5        1.003976
        4.846000           0.601490E-5        1.004303           0.513472E-5        1.003976
        4.848000           0.601524E-5        1.004303           0.513499E-5        1.003976
        4.850000           0.601557E-5        1.004304           0.513526E-5        1.003977
        4.852000           0.601591E-5        1.004304           0.513552E-5        1.003977
        4.854000           0.601625E-5        1.004304           0.513579E-5        1.003977
        4.855999           0.601658E-5        1.004304           0.513605E-5        1.003977
        4.857999           0.601692E-5        1.004304           0.513632E-5        1.003977
        4.860000           0.601726E-5        1.004304           0.513658E-5        1.003977
        4.862000           0.601759E-5        1.004304           0.513685E-5        1.003977
        4.864000           0.601793E-5        1.004304           0.513711E-5        1.003977
        4.866000           0.601827E-5        1.004305           0.513738E-5        1.003977
        4.868000           0.601860E-5        1.004305           0.513765E-5        1.003978
        4.870000           0.601894E-5        1.004305           0.513791E-5        1.003978
        4.872000           0.601928E-5        1.004305           0.513818E-5        1.003978
        4.874000           0.601962E-5        1.004305           0.513844E-5        1.003978
        4.875999           0.601995E-5        1.004305           0.513871E-5        1.003978
        4.878000           0.602029E-5        1.004305           0.513897E-5        1.003978
        4.880000           0.602063E-5        1.004305           0.513924E-5        1.003978
        4.881999           0.602096E-5        1.004305           0.513951E-5        1.003978
        4.884000           0.602130E-5        1.004306           0.513977E-5        1.003978
        4.886000           0.602164E-5        1.004306           0.514004E-5        1.003978
        4.888000           0.602198E-5        1.004306           0.514030E-5        1.003978
        4.890000           0.602231E-5        1.004306           0.514057E-5        1.003979
        4.891999           0.602265E-5        1.004306           0.514083E-5        1.003979
        4.894000           0.602299E-5        1.004306           0.514110E-5        1.003979
        4.895999           0.602332E-5        1.004306           0.514137E-5        1.003979
        4.898000           0.602366E-5        1.004307           0.514163E-5        1.003979
        4.900000           0.602400E-5        1.004307           0.514190E-5        1.003979
        4.901999           0.602434E-5        1.004307           0.514217E-5        1.003979
        4.904000           0.602467E-5        1.004307           0.514243E-5        1.003979
        4.906000           0.602501E-5        1.004307           0.514270E-5        1.003979
        4.908000           0.602535E-5        1.004307           0.514296E-5        1.003980
        4.909999           0.602569E-5        1.004307           0.514323E-5        1.003980
        4.912000           0.602602E-5        1.004307           0.514350E-5        1.003980
        4.914000           0.602636E-5        1.004308           0.514376E-5        1.003980
        4.915999           0.602670E-5        1.004308           0.514403E-5        1.003980
        4.918000           0.602704E-5        1.004308           0.514429E-5        1.003980
        4.920000           0.602737E-5        1.004308           0.514456E-5        1.003980
        4.922000           0.602771E-5        1.004308           0.514483E-5        1.003980
        4.924000           0.602805E-5        1.004308           0.514509E-5        1.003980
        4.926000           0.602839E-5        1.004308           0.514536E-5        1.003981
        4.927999           0.602872E-5        1.004308           0.514562E-5        1.003981
        4.929999           0.602906E-5        1.004308           0.514589E-5        1.003981
        4.932000           0.602940E-5        1.004309           0.514616E-5        1.003981
        4.934000           0.602974E-5        1.004309           0.514642E-5        1.003981
        4.935999           0.603008E-5        1.004309           0.514669E-5        1.003981
        4.938000           0.603042E-5        1.004309           0.514696E-5        1.003981
        4.940000           0.603075E-5        1.004309           0.514722E-5        1.003981
        4.942000           0.603109E-5        1.004309           0.514749E-5        1.003981
        4.944000           0.603143E-5        1.004309           0.514775E-5        1.003981
        4.946000           0.603176E-5        1.004309           0.514802E-5        1.003981
        4.947999           0.603210E-5        1.004310           0.514829E-5        1.003982
        4.949999           0.603244E-5        1.004310           0.514856E-5        1.003982
        4.952000           0.603278E-5        1.004310           0.514882E-5        1.003982
        4.954000           0.603312E-5        1.004310           0.514909E-5        1.003982
        4.956000           0.603346E-5        1.004310           0.514935E-5        1.003982
        4.958000           0.603379E-5        1.004310           0.514962E-5        1.003982
        4.960000           0.603413E-5        1.004310           0.514989E-5        1.003982
        4.962000           0.603447E-5        1.004310           0.515016E-5        1.003982
        4.964000           0.603481E-5        1.004310           0.515042E-5        1.003982
        4.966000           0.603515E-5        1.004311           0.515069E-5        1.003983
        4.967999           0.603549E-5        1.004311           0.515096E-5        1.003983
        4.969999           0.603582E-5        1.004311           0.515122E-5        1.003983
        4.972000           0.603616E-5        1.004311           0.515149E-5        1.003983
        4.974000           0.603650E-5        1.004311           0.515175E-5        1.003983
        4.976000           0.603684E-5        1.004311           0.515202E-5        1.003983
        4.978000           0.603718E-5        1.004311           0.515229E-5        1.003983
        4.980000           0.603751E-5        1.004311           0.515255E-5        1.003983
        4.982000           0.603785E-5        1.004312           0.515282E-5        1.003983
        4.984000           0.603819E-5        1.004312           0.515309E-5        1.003983
        4.986000           0.603853E-5        1.004312           0.515336E-5        1.003983
        4.987999           0.603887E-5        1.004312           0.515362E-5        1.003984
        4.990000           0.603921E-5        1.004312           0.515389E-5        1.003984
        4.992000           0.603955E-5        1.004312           0.515416E-5        1.003984
        4.993999           0.603988E-5        1.004312           0.515442E-5        1.003984
        4.996000           0.604022E-5        1.004312           0.515469E-5        1.003984
        4.998000           0.604056E-5        1.004313           0.515496E-5        1.003984
        5.000000           0.604090E-5        1.004313           0.515522E-5        1.003984
        5.002000           0.604124E-5        1.004313           0.515549E-5        1.003984
        5.003999           0.604158E-5        1.004313           0.515576E-5        1.003984
        5.006000           0.604192E-5        1.004313           0.515602E-5        1.003985
        5.007999           0.604226E-5        1.004313           0.515629E-5        1.003985
        5.010000           0.604260E-5        1.004313           0.515656E-5        1.003985
        5.012000           0.604294E-5        1.004313           0.515683E-5        1.003985
        5.013999           0.604327E-5        1.004313           0.515709E-5        1.003985
        5.016000           0.604361E-5        1.004314           0.515736E-5        1.003985
        5.018000           0.604395E-5        1.004314           0.515763E-5        1.003985
        5.020000           0.604429E-5        1.004314           0.515790E-5        1.003985
        5.021999           0.604463E-5        1.004314           0.515816E-5        1.003985
        5.024000           0.604497E-5        1.004314           0.515843E-5        1.003986
        5.026000           0.604531E-5        1.004314           0.515870E-5        1.003986
        5.027999           0.604565E-5        1.004314           0.515896E-5        1.003986
        5.030000           0.604599E-5        1.004314           0.515923E-5        1.003986
        5.032000           0.604633E-5        1.004315           0.515950E-5        1.003986
        5.034000           0.604667E-5        1.004315           0.515977E-5        1.003986
        5.036000           0.604701E-5        1.004315           0.516004E-5        1.003986
        5.038000           0.604734E-5        1.004315           0.516030E-5        1.003986
        5.039999           0.604768E-5        1.004315           0.516057E-5        1.003986
        5.041999           0.604802E-5        1.004315           0.516084E-5        1.003986
        5.044000           0.604836E-5        1.004315           0.516110E-5        1.003987
        5.046000           0.604870E-5        1.004315           0.516137E-5        1.003987
        5.047999           0.604904E-5        1.004316           0.516164E-5        1.003987
        5.050000           0.604938E-5        1.004316           0.516191E-5        1.003987
        5.052000           0.604972E-5        1.004316           0.516217E-5        1.003987
        5.054000           0.605006E-5        1.004316           0.516244E-5        1.003987
        5.056000           0.605040E-5        1.004316           0.516271E-5        1.003987
        5.058000           0.605074E-5        1.004316           0.516298E-5        1.003987
        5.059999           0.605108E-5        1.004316           0.516324E-5        1.003987
        5.061999           0.605142E-5        1.004316           0.516351E-5        1.003987
        5.064000           0.605176E-5        1.004317           0.516378E-5        1.003988
        5.066000           0.605210E-5        1.004317           0.516405E-5        1.003988
        5.068000           0.605244E-5        1.004317           0.516432E-5        1.003988
        5.070000           0.605278E-5        1.004317           0.516458E-5        1.003988
        5.072000           0.605312E-5        1.004317           0.516485E-5        1.003988
        5.074000           0.605346E-5        1.004317           0.516512E-5        1.003988
        5.076000           0.605380E-5        1.004317           0.516539E-5        1.003988
        5.078000           0.605414E-5        1.004317           0.516565E-5        1.003988
        5.079999           0.605447E-5        1.004318           0.516592E-5        1.003988
        5.081999           0.605482E-5        1.004318           0.516619E-5        1.003989
        5.084000           0.605516E-5        1.004318           0.516646E-5        1.003989
        5.085999           0.605549E-5        1.004318           0.516673E-5        1.003989
        5.088000           0.605584E-5        1.004318           0.516699E-5        1.003989
        5.090000           0.605618E-5        1.004318           0.516726E-5        1.003989
        5.092000           0.605652E-5        1.004318           0.516753E-5        1.003989
        5.094000           0.605686E-5        1.004318           0.516780E-5        1.003989
        5.096000           0.605720E-5        1.004318           0.516806E-5        1.003989
        5.098000           0.605754E-5        1.004319           0.516833E-5        1.003989
        5.099999           0.605788E-5        1.004319           0.516860E-5        1.003989
        5.102000           0.605822E-5        1.004319           0.516887E-5        1.003990
        5.104000           0.605856E-5        1.004319           0.516914E-5        1.003990
        5.105999           0.605890E-5        1.004319           0.516941E-5        1.003990
        5.108000           0.605924E-5        1.004319           0.516967E-5        1.003990
        5.110000           0.605958E-5        1.004319           0.516994E-5        1.003990
        5.112000           0.605992E-5        1.004319           0.517021E-5        1.003990
        5.114000           0.606026E-5        1.004320           0.517048E-5        1.003990
        5.115999           0.606060E-5        1.004320           0.517075E-5        1.003990
        5.118000           0.606094E-5        1.004320           0.517102E-5        1.003990
        5.119999           0.606128E-5        1.004320           0.517128E-5        1.003990
        5.122000           0.606162E-5        1.004320           0.517155E-5        1.003991
        5.124000           0.606196E-5        1.004320           0.517182E-5        1.003991
        5.125999           0.606230E-5        1.004320           0.517209E-5        1.003991
        5.128000           0.606264E-5        1.004320           0.517236E-5        1.003991
        5.130000           0.606298E-5        1.004321           0.517263E-5        1.003991
        5.132000           0.606332E-5        1.004321           0.517289E-5        1.003991
        5.133999           0.606366E-5        1.004321           0.517316E-5        1.003991
        5.136000           0.606400E-5        1.004321           0.517343E-5        1.003991
        5.138000           0.606434E-5        1.004321           0.517370E-5        1.003991
        5.139999           0.606469E-5        1.004321           0.517397E-5        1.003991
        5.142000           0.606503E-5        1.004321           0.517424E-5        1.003992
        5.144000           0.606537E-5        1.004321           0.517450E-5        1.003992
        5.146000           0.606571E-5        1.004321           0.517477E-5        1.003992
        5.148000           0.606605E-5        1.004322           0.517504E-5        1.003992
        5.150000           0.606639E-5        1.004322           0.517531E-5        1.003992
        5.151999           0.606673E-5        1.004322           0.517558E-5        1.003992
        5.153999           0.606707E-5        1.004322           0.517585E-5        1.003992
        5.156000           0.606741E-5        1.004322           0.517612E-5        1.003992
        5.158000           0.606775E-5        1.004322           0.517638E-5        1.003992
        5.159999           0.606809E-5        1.004322           0.517665E-5        1.003993
        5.162000           0.606843E-5        1.004322           0.517692E-5        1.003993
        5.164000           0.606878E-5        1.004323           0.517719E-5        1.003993
        5.166000           0.606912E-5        1.004323           0.517746E-5        1.003993
        5.168000           0.606946E-5        1.004323           0.517773E-5        1.003993
        5.170000           0.606980E-5        1.004323           0.517800E-5        1.003993
        5.171999           0.607014E-5        1.004323           0.517827E-5        1.003993
        5.173999           0.607048E-5        1.004323           0.517853E-5        1.003993
        5.176000           0.607082E-5        1.004323           0.517880E-5        1.003993
        5.177999           0.607117E-5        1.004323           0.517907E-5        1.003994
        5.180000           0.607151E-5        1.004324           0.517934E-5        1.003994
        5.182000           0.607185E-5        1.004324           0.517961E-5        1.003994
        5.184000           0.607219E-5        1.004324           0.517988E-5        1.003994
        5.186000           0.607253E-5        1.004324           0.518015E-5        1.003994
        5.188000           0.607287E-5        1.004324           0.518042E-5        1.003994
        5.190000           0.607321E-5        1.004324           0.518069E-5        1.003994
        5.191999           0.607356E-5        1.004324           0.518096E-5        1.003994
        5.193999           0.607390E-5        1.004324           0.518122E-5        1.003994
        5.196000           0.607424E-5        1.004325           0.518149E-5        1.003994
        5.197999           0.607458E-5        1.004325           0.518176E-5        1.003994
        5.200000           0.607492E-5        1.004325           0.518203E-5        1.003995
        5.202000           0.607526E-5        1.004325           0.518230E-5        1.003995
        5.204000           0.607561E-5        1.004325           0.518257E-5        1.003995
        5.206000           0.607595E-5        1.004325           0.518284E-5        1.003995
        5.208000           0.607629E-5        1.004325           0.518311E-5        1.003995
        5.210000           0.607663E-5        1.004325           0.518338E-5        1.003995
        5.211999           0.607697E-5        1.004326           0.518365E-5        1.003995
        5.214000           0.607731E-5        1.004326           0.518392E-5        1.003995
        5.216000           0.607766E-5        1.004326           0.518418E-5        1.003995
        5.217999           0.607800E-5        1.004326           0.518445E-5        1.003996
        5.220000           0.607834E-5        1.004326           0.518472E-5        1.003996
        5.222000           0.607868E-5        1.004326           0.518499E-5        1.003996
        5.224000           0.607902E-5        1.004326           0.518526E-5        1.003996
        5.226000           0.607937E-5        1.004326           0.518553E-5        1.003996
        5.228000           0.607971E-5        1.004326           0.518580E-5        1.003996
        5.230000           0.608005E-5        1.004327           0.518607E-5        1.003996
        5.231999           0.608039E-5        1.004327           0.518634E-5        1.003996
        5.234000           0.608073E-5        1.004327           0.518661E-5        1.003996
        5.236000           0.608108E-5        1.004327           0.518688E-5        1.003996
        5.237999           0.608142E-5        1.004327           0.518715E-5        1.003997
        5.240000           0.608176E-5        1.004327           0.518742E-5        1.003997
        5.242000           0.608210E-5        1.004327           0.518769E-5        1.003997
        5.244000           0.608244E-5        1.004327           0.518796E-5        1.003997
        5.245999           0.608279E-5        1.004328           0.518823E-5        1.003997
        5.248000           0.608313E-5        1.004328           0.518850E-5        1.003997
        5.250000           0.608347E-5        1.004328           0.518877E-5        1.003997
        5.251999           0.608381E-5        1.004328           0.518904E-5        1.003997
        5.254000           0.608416E-5        1.004328           0.518931E-5        1.003997
        5.256000           0.608450E-5        1.004328           0.518957E-5        1.003998
        5.258000           0.608484E-5        1.004328           0.518985E-5        1.003998
        5.260000           0.608518E-5        1.004328           0.519011E-5        1.003998
        5.262000           0.608553E-5        1.004328           0.519038E-5        1.003998
        5.263999           0.608587E-5        1.004329           0.519065E-5        1.003998
        5.265999           0.608621E-5        1.004329           0.519093E-5        1.003998
        5.268000           0.608655E-5        1.004329           0.519119E-5        1.003998
        5.270000           0.608690E-5        1.004329           0.519146E-5        1.003998
        5.271999           0.608724E-5        1.004329           0.519173E-5        1.003998
        5.274000           0.608758E-5        1.004329           0.519200E-5        1.003998
        5.276000           0.608792E-5        1.004329           0.519227E-5        1.003999
        5.278000           0.608827E-5        1.004330           0.519254E-5        1.003999
        5.280000           0.608861E-5        1.004330           0.519281E-5        1.003999
        5.282000           0.608895E-5        1.004330           0.519308E-5        1.003999
        5.283999           0.608930E-5        1.004330           0.519335E-5        1.003999
        5.285999           0.608964E-5        1.004330           0.519362E-5        1.003999
        5.288000           0.608998E-5        1.004330           0.519389E-5        1.003999
        5.289999           0.609033E-5        1.004330           0.519416E-5        1.003999
        5.292000           0.609067E-5        1.004330           0.519443E-5        1.003999
        5.294000           0.609101E-5        1.004331           0.519470E-5        1.003999
        5.296000           0.609135E-5        1.004331           0.519497E-5        1.004000
        5.298000           0.609170E-5        1.004331           0.519524E-5        1.004000
        5.300000           0.609204E-5        1.004331           0.519551E-5        1.004000
        5.302000           0.609238E-5        1.004331           0.519578E-5        1.004000
        5.303999           0.609273E-5        1.004331           0.519605E-5        1.004000
        5.305999           0.609307E-5        1.004331           0.519632E-5        1.004000
        5.308000           0.609341E-5        1.004331           0.519659E-5        1.004000
        5.309999           0.609376E-5        1.004331           0.519687E-5        1.004000
        5.312000           0.609410E-5        1.004332           0.519714E-5        1.004000
        5.314000           0.609444E-5        1.004332           0.519741E-5        1.004001
        5.316000           0.609479E-5        1.004332           0.519768E-5        1.004001
        5.318000           0.609513E-5        1.004332           0.519795E-5        1.004001
        5.320000           0.609547E-5        1.004332           0.519822E-5        1.004001
        5.322000           0.609582E-5        1.004332           0.519849E-5        1.004001
        5.323999           0.609616E-5        1.004332           0.519876E-5        1.004001
        5.326000           0.609650E-5        1.004332           0.519903E-5        1.004001
        5.328000           0.609685E-5        1.004333           0.519930E-5        1.004001
        5.329999           0.609719E-5        1.004333           0.519957E-5        1.004001
        5.332000           0.609753E-5        1.004333           0.519984E-5        1.004001
        5.334000           0.609788E-5        1.004333           0.520011E-5        1.004002
        5.336000           0.609822E-5        1.004333           0.520038E-5        1.004002
        5.338000           0.609856E-5        1.004333           0.520065E-5        1.004002
        5.340000           0.609891E-5        1.004333           0.520092E-5        1.004002
        5.342000           0.609925E-5        1.004333           0.520119E-5        1.004002
        5.343999           0.609960E-5        1.004333           0.520146E-5        1.004002
        5.346000           0.609994E-5        1.004334           0.520173E-5        1.004002
        5.348000           0.610028E-5        1.004334           0.520200E-5        1.004002
        5.349999           0.610063E-5        1.004334           0.520228E-5        1.004002
        5.352000           0.610097E-5        1.004334           0.520255E-5        1.004002
        5.354000           0.610131E-5        1.004334           0.520282E-5        1.004003
        5.356000           0.610166E-5        1.004334           0.520309E-5        1.004003
        5.358000           0.610200E-5        1.004334           0.520336E-5        1.004003
        5.360000           0.610235E-5        1.004335           0.520363E-5        1.004003
        5.362000           0.610269E-5        1.004335           0.520390E-5        1.004003
        5.363999           0.610303E-5        1.004335           0.520417E-5        1.004003
        5.366000           0.610338E-5        1.004335           0.520444E-5        1.004003
        5.368000           0.610372E-5        1.004335           0.520471E-5        1.004003
        5.370000           0.610407E-5        1.004335           0.520498E-5        1.004003
        5.372000           0.610441E-5        1.004335           0.520525E-5        1.004004
        5.374000           0.610476E-5        1.004335           0.520552E-5        1.004004
        5.375999           0.610510E-5        1.004336           0.520579E-5        1.004004
        5.377999           0.610544E-5        1.004336           0.520607E-5        1.004004
        5.380000           0.610579E-5        1.004336           0.520634E-5        1.004004
        5.381999           0.610613E-5        1.004336           0.520661E-5        1.004004
        5.383999           0.610648E-5        1.004336           0.520688E-5        1.004004
        5.386000           0.610682E-5        1.004336           0.520715E-5        1.004004
        5.388000           0.610716E-5        1.004336           0.520742E-5        1.004004
        5.390000           0.610751E-5        1.004336           0.520769E-5        1.004004
        5.392000           0.610785E-5        1.004336           0.520796E-5        1.004005
        5.394000           0.610820E-5        1.004337           0.520824E-5        1.004005
        5.395999           0.610854E-5        1.004337           0.520851E-5        1.004005
        5.397999           0.610889E-5        1.004337           0.520878E-5        1.004005
        5.400000           0.610923E-5        1.004337           0.520905E-5        1.004005
        5.401999           0.610958E-5        1.004337           0.520932E-5        1.004005
        5.404000           0.610992E-5        1.004337           0.520959E-5        1.004005
        5.406000           0.611026E-5        1.004337           0.520986E-5        1.004005
        5.408000           0.611061E-5        1.004337           0.521013E-5        1.004005
        5.410000           0.611095E-5        1.004338           0.521041E-5        1.004006
        5.412000           0.611130E-5        1.004338           0.521068E-5        1.004006
        5.414000           0.611164E-5        1.004338           0.521095E-5        1.004006
        5.415999           0.611199E-5        1.004338           0.521122E-5        1.004006
        5.417999           0.611233E-5        1.004338           0.521149E-5        1.004006
        5.420000           0.611268E-5        1.004338           0.521176E-5        1.004006
        5.421999           0.611302E-5        1.004338           0.521203E-5        1.004006
        5.424000           0.611337E-5        1.004338           0.521231E-5        1.004006
        5.426000           0.611371E-5        1.004339           0.521258E-5        1.004006
        5.427999           0.611406E-5        1.004339           0.521285E-5        1.004007
        5.430000           0.611440E-5        1.004339           0.521312E-5        1.004007
        5.432000           0.611475E-5        1.004339           0.521339E-5        1.004007
        5.434000           0.611509E-5        1.004339           0.521366E-5        1.004007
        5.435999           0.611544E-5        1.004339           0.521393E-5        1.004007
        5.438000           0.611578E-5        1.004339           0.521421E-5        1.004007
        5.440000           0.611613E-5        1.004339           0.521448E-5        1.004007
        5.441999           0.611647E-5        1.004340           0.521475E-5        1.004007
        5.444000           0.611682E-5        1.004340           0.521502E-5        1.004007
        5.446000           0.611716E-5        1.004340           0.521529E-5        1.004007
        5.448000           0.611751E-5        1.004340           0.521557E-5        1.004007
        5.450000           0.611785E-5        1.004340           0.521584E-5        1.004008
        5.452000           0.611820E-5        1.004340           0.521611E-5        1.004008
        5.454000           0.611855E-5        1.004340           0.521638E-5        1.004008
        5.455999           0.611889E-5        1.004340           0.521665E-5        1.004008
        5.458000           0.611923E-5        1.004341           0.521692E-5        1.004008
        5.460000           0.611958E-5        1.004341           0.521720E-5        1.004008
        5.461999           0.611993E-5        1.004341           0.521747E-5        1.004008
        5.464000           0.612027E-5        1.004341           0.521774E-5        1.004008
        5.466000           0.612062E-5        1.004341           0.521801E-5        1.004008
        5.468000           0.612096E-5        1.004341           0.521828E-5        1.004009
        5.470000           0.612131E-5        1.004341           0.521856E-5        1.004009
        5.472000           0.612165E-5        1.004341           0.521883E-5        1.004009
        5.474000           0.612200E-5        1.004341           0.521910E-5        1.004009
        5.475999           0.612235E-5        1.004342           0.521937E-5        1.004009
        5.478000           0.612269E-5        1.004342           0.521964E-5        1.004009
        5.480000           0.612304E-5        1.004342           0.521991E-5        1.004009
        5.482000           0.612338E-5        1.004342           0.522019E-5        1.004009
        5.484000           0.612373E-5        1.004342           0.522046E-5        1.004009
        5.486000           0.612407E-5        1.004342           0.522073E-5        1.004009
        5.488000           0.612442E-5        1.004342           0.522100E-5        1.004010
        5.489999           0.612477E-5        1.004342           0.522128E-5        1.004010
        5.492000           0.612511E-5        1.004343           0.522155E-5        1.004010
        5.493999           0.612546E-5        1.004343           0.522182E-5        1.004010
        5.495999           0.612580E-5        1.004343           0.522209E-5        1.004010
        5.498000           0.612615E-5        1.004343           0.522236E-5        1.004010
        5.500000           0.612650E-5        1.004343           0.522264E-5        1.004010
        5.502000           0.612684E-5        1.004343           0.522291E-5        1.004010
        5.504000           0.612719E-5        1.004343           0.522318E-5        1.004010
        5.506000           0.612753E-5        1.004343           0.522345E-5        1.004011
        5.507999           0.612788E-5        1.004344           0.522373E-5        1.004011
        5.509999           0.612823E-5        1.004344           0.522400E-5        1.004011
        5.512000           0.612857E-5        1.004344           0.522427E-5        1.004011
        5.513999           0.612892E-5        1.004344           0.522454E-5        1.004011
        5.516000           0.612926E-5        1.004344           0.522482E-5        1.004011
        5.518000           0.612961E-5        1.004344           0.522509E-5        1.004011
        5.520000           0.612996E-5        1.004344           0.522536E-5        1.004011
        5.522000           0.613030E-5        1.004344           0.522563E-5        1.004011
        5.524000           0.613065E-5        1.004345           0.522591E-5        1.004012
        5.526000           0.613100E-5        1.004345           0.522618E-5        1.004012
        5.527999           0.613134E-5        1.004345           0.522645E-5        1.004012
        5.529999           0.613169E-5        1.004345           0.522672E-5        1.004012
        5.532000           0.613203E-5        1.004345           0.522700E-5        1.004012
        5.533999           0.613238E-5        1.004345           0.522727E-5        1.004012
        5.536000           0.613273E-5        1.004345           0.522754E-5        1.004012
        5.538000           0.613307E-5        1.004345           0.522781E-5        1.004012
        5.539999           0.613342E-5        1.004346           0.522809E-5        1.004012
        5.542000           0.613377E-5        1.004346           0.522836E-5        1.004012
        5.544000           0.613411E-5        1.004346           0.522863E-5        1.004012
        5.546000           0.613446E-5        1.004346           0.522890E-5        1.004013
        5.547999           0.613481E-5        1.004346           0.522918E-5        1.004013
        5.550000           0.613515E-5        1.004346           0.522945E-5        1.004013
        5.552000           0.613550E-5        1.004346           0.522972E-5        1.004013
        5.553999           0.613585E-5        1.004346           0.523000E-5        1.004013
        5.556000           0.613620E-5        1.004346           0.523027E-5        1.004013
        5.558000           0.613654E-5        1.004347           0.523054E-5        1.004013
        5.560000           0.613689E-5        1.004347           0.523081E-5        1.004013
        5.562000           0.613724E-5        1.004347           0.523109E-5        1.004013
        5.564000           0.613758E-5        1.004347           0.523136E-5        1.004014
        5.566000           0.613793E-5        1.004347           0.523163E-5        1.004014
        5.567999           0.613828E-5        1.004347           0.523191E-5        1.004014
        5.570000           0.613862E-5        1.004347           0.523218E-5        1.004014
        5.572000           0.613897E-5        1.004347           0.523245E-5        1.004014
        5.573999           0.613932E-5        1.004348           0.523273E-5        1.004014
        5.576000           0.613967E-5        1.004348           0.523300E-5        1.004014
        5.578000           0.614001E-5        1.004348           0.523327E-5        1.004014
        5.580000           0.614036E-5        1.004348           0.523355E-5        1.004014
        5.582000           0.614071E-5        1.004348           0.523382E-5        1.004014
        5.584000           0.614105E-5        1.004348           0.523409E-5        1.004015
        5.585999           0.614140E-5        1.004348           0.523436E-5        1.004015
        5.587999           0.614175E-5        1.004349           0.523464E-5        1.004015
        5.590000           0.614210E-5        1.004349           0.523491E-5        1.004015
        5.592000           0.614244E-5        1.004349           0.523518E-5        1.004015
        5.594000           0.614279E-5        1.004349           0.523546E-5        1.004015
        5.596000           0.614314E-5        1.004349           0.523573E-5        1.004015
        5.598000           0.614349E-5        1.004349           0.523601E-5        1.004015
        5.600000           0.614383E-5        1.004349           0.523628E-5        1.004015
        5.601999           0.614418E-5        1.004349           0.523655E-5        1.004016
        5.604000           0.614453E-5        1.004349           0.523683E-5        1.004016
        5.605999           0.614487E-5        1.004350           0.523710E-5        1.004016
        5.607999           0.614522E-5        1.004350           0.523737E-5        1.004016
        5.610000           0.614557E-5        1.004350           0.523765E-5        1.004016
        5.612000           0.614592E-5        1.004350           0.523792E-5        1.004016
        5.614000           0.614627E-5        1.004350           0.523819E-5        1.004016
        5.616000           0.614661E-5        1.004350           0.523847E-5        1.004016
        5.618000           0.614696E-5        1.004350           0.523874E-5        1.004016
        5.619999           0.614731E-5        1.004350           0.523901E-5        1.004017
        5.621999           0.614766E-5        1.004351           0.523929E-5        1.004017
        5.624000           0.614800E-5        1.004351           0.523956E-5        1.004017
        5.625999           0.614835E-5        1.004351           0.523983E-5        1.004017
        5.628000           0.614870E-5        1.004351           0.524011E-5        1.004017
        5.630000           0.614905E-5        1.004351           0.524038E-5        1.004017
        5.631999           0.614940E-5        1.004351           0.524065E-5        1.004017
        5.634000           0.614974E-5        1.004351           0.524093E-5        1.004017
        5.636000           0.615009E-5        1.004351           0.524120E-5        1.004017
        5.638000           0.615044E-5        1.004351           0.524148E-5        1.004017
        5.639999           0.615079E-5        1.004352           0.524175E-5        1.004018
        5.641999           0.615114E-5        1.004352           0.524202E-5        1.004018
        5.644000           0.615148E-5        1.004352           0.524230E-5        1.004018
        5.645999           0.615183E-5        1.004352           0.524257E-5        1.004018
        5.648000           0.615218E-5        1.004352           0.524284E-5        1.004018
        5.650000           0.615253E-5        1.004352           0.524312E-5        1.004018
        5.651999           0.615288E-5        1.004352           0.524339E-5        1.004018
        5.654000           0.615323E-5        1.004353           0.524367E-5        1.004018
        5.656000           0.615357E-5        1.004353           0.524394E-5        1.004018
        5.658000           0.615392E-5        1.004353           0.524421E-5        1.004018
        5.659999           0.615427E-5        1.004353           0.524449E-5        1.004019
        5.662000           0.615462E-5        1.004353           0.524476E-5        1.004019
        5.664000           0.615497E-5        1.004353           0.524504E-5        1.004019
        5.665999           0.615531E-5        1.004353           0.524531E-5        1.004019
        5.668000           0.615566E-5        1.004353           0.524558E-5        1.004019
        5.670000           0.615601E-5        1.004354           0.524586E-5        1.004019
        5.672000           0.615636E-5        1.004354           0.524613E-5        1.004019
        5.674000           0.615671E-5        1.004354           0.524641E-5        1.004019
        5.676000           0.615706E-5        1.004354           0.524668E-5        1.004019
        5.677999           0.615741E-5        1.004354           0.524696E-5        1.004019
        5.679999           0.615776E-5        1.004354           0.524723E-5        1.004020
        5.682000           0.615810E-5        1.004354           0.524750E-5        1.004020
        5.684000           0.615845E-5        1.004354           0.524778E-5        1.004020
        5.685999           0.615880E-5        1.004354           0.524805E-5        1.004020
        5.688000           0.615915E-5        1.004355           0.524833E-5        1.004020
        5.690000           0.615950E-5        1.004355           0.524860E-5        1.004020
        5.692000           0.615985E-5        1.004355           0.524888E-5        1.004020
        5.694000           0.616020E-5        1.004355           0.524915E-5        1.004020
        5.696000           0.616055E-5        1.004355           0.524942E-5        1.004020
        5.697999           0.616089E-5        1.004355           0.524970E-5        1.004021
        5.699999           0.616124E-5        1.004355           0.524997E-5        1.004021
        5.702000           0.616159E-5        1.004355           0.525025E-5        1.004021
        5.704000           0.616194E-5        1.004356           0.525052E-5        1.004021
        5.706000           0.616229E-5        1.004356           0.525080E-5        1.004021
        5.708000           0.616264E-5        1.004356           0.525107E-5        1.004021
        5.710000           0.616299E-5        1.004356           0.525135E-5        1.004021
        5.712000           0.616334E-5        1.004356           0.525162E-5        1.004021
        5.713999           0.616369E-5        1.004356           0.525189E-5        1.004021
        5.716000           0.616404E-5        1.004356           0.525217E-5        1.004022
        5.717999           0.616439E-5        1.004357           0.525244E-5        1.004022
        5.719999           0.616473E-5        1.004357           0.525272E-5        1.004022
        5.722000           0.616508E-5        1.004357           0.525299E-5        1.004022
        5.724000           0.616543E-5        1.004357           0.525327E-5        1.004022
        5.726000           0.616578E-5        1.004357           0.525354E-5        1.004022
        5.728000           0.616613E-5        1.004357           0.525382E-5        1.004022
        5.730000           0.616648E-5        1.004357           0.525409E-5        1.004022
        5.731999           0.616683E-5        1.004357           0.525437E-5        1.004022
        5.733999           0.616718E-5        1.004357           0.525464E-5        1.004022
        5.736000           0.616753E-5        1.004358           0.525492E-5        1.004023
        5.737999           0.616788E-5        1.004358           0.525519E-5        1.004023
        5.740000           0.616823E-5        1.004358           0.525547E-5        1.004023
        5.742000           0.616858E-5        1.004358           0.525574E-5        1.004023
        5.743999           0.616893E-5        1.004358           0.525602E-5        1.004023
        5.746000           0.616928E-5        1.004358           0.525629E-5        1.004023
        5.748000           0.616963E-5        1.004358           0.525657E-5        1.004023
        5.750000           0.616998E-5        1.004358           0.525684E-5        1.004023
        5.751999           0.617033E-5        1.004359           0.525711E-5        1.004023
        5.753999           0.617068E-5        1.004359           0.525739E-5        1.004024
        5.756000           0.617102E-5        1.004359           0.525766E-5        1.004024
        5.757999           0.617137E-5        1.004359           0.525794E-5        1.004024
        5.760000           0.617172E-5        1.004359           0.525822E-5        1.004024
        5.762000           0.617207E-5        1.004359           0.525849E-5        1.004024
        5.763999           0.617242E-5        1.004359           0.525877E-5        1.004024
        5.766000           0.617278E-5        1.004359           0.525904E-5        1.004024
        5.768000           0.617312E-5        1.004360           0.525932E-5        1.004024
        5.770000           0.617347E-5        1.004360           0.525959E-5        1.004024
        5.771999           0.617382E-5        1.004360           0.525987E-5        1.004025
        5.774000           0.617417E-5        1.004360           0.526014E-5        1.004025
        5.776000           0.617452E-5        1.004360           0.526042E-5        1.004025
        5.777999           0.617487E-5        1.004360           0.526069E-5        1.004025
        5.780000           0.617523E-5        1.004360           0.526097E-5        1.004025
        5.782000           0.617558E-5        1.004360           0.526124E-5        1.004025
        5.784000           0.617593E-5        1.004361           0.526152E-5        1.004025
        5.786000           0.617628E-5        1.004361           0.526179E-5        1.004025
        5.788000           0.617663E-5        1.004361           0.526207E-5        1.004025
        5.789999           0.617698E-5        1.004361           0.526234E-5        1.004025
        5.791999           0.617733E-5        1.004361           0.526262E-5        1.004026
        5.794000           0.617768E-5        1.004361           0.526289E-5        1.004026
        5.796000           0.617803E-5        1.004361           0.526317E-5        1.004026
        5.797999           0.617838E-5        1.004361           0.526345E-5        1.004026
        5.800000           0.617873E-5        1.004362           0.526372E-5        1.004026
        5.802000           0.617908E-5        1.004362           0.526400E-5        1.004026
        5.804000           0.617943E-5        1.004362           0.526427E-5        1.004026
        5.806000           0.617978E-5        1.004362           0.526455E-5        1.004026
        5.808000           0.618013E-5        1.004362           0.526482E-5        1.004026
        5.809999           0.618048E-5        1.004362           0.526510E-5        1.004026
        5.811999           0.618083E-5        1.004362           0.526538E-5        1.004027
        5.814000           0.618118E-5        1.004362           0.526565E-5        1.004027
        5.816000           0.618153E-5        1.004362           0.526593E-5        1.004027
        5.818000           0.618188E-5        1.004363           0.526620E-5        1.004027
        5.820000           0.618223E-5        1.004363           0.526648E-5        1.004027
        5.822000           0.618258E-5        1.004363           0.526675E-5        1.004027
        5.824000           0.618294E-5        1.004363           0.526703E-5        1.004027
        5.825999           0.618328E-5        1.004363           0.526730E-5        1.004027
        5.828000           0.618364E-5        1.004363           0.526758E-5        1.004027
        5.829999           0.618399E-5        1.004363           0.526786E-5        1.004027
        5.831999           0.618434E-5        1.004364           0.526813E-5        1.004028
        5.834000           0.618469E-5        1.004364           0.526841E-5        1.004028
        5.835999           0.618504E-5        1.004364           0.526868E-5        1.004028
        5.838000           0.618539E-5        1.004364           0.526896E-5        1.004028
        5.840000           0.618574E-5        1.004364           0.526924E-5        1.004028
        5.842000           0.618609E-5        1.004364           0.526951E-5        1.004028
        5.843999           0.618644E-5        1.004364           0.526979E-5        1.004028
        5.845999           0.618680E-5        1.004364           0.527006E-5        1.004028
        5.848000           0.618715E-5        1.004364           0.527034E-5        1.004028
        5.849999           0.618750E-5        1.004365           0.527062E-5        1.004029
        5.852000           0.618785E-5        1.004365           0.527089E-5        1.004029
        5.854000           0.618820E-5        1.004365           0.527117E-5        1.004029
        5.855999           0.618855E-5        1.004365           0.527144E-5        1.004029
        5.858000           0.618890E-5        1.004365           0.527172E-5        1.004029
        5.860000           0.618926E-5        1.004365           0.527200E-5        1.004029
        5.862000           0.618961E-5        1.004365           0.527227E-5        1.004029
        5.863999           0.618996E-5        1.004365           0.527255E-5        1.004029
        5.865999           0.619031E-5        1.004366           0.527282E-5        1.004029
        5.868000           0.619066E-5        1.004366           0.527310E-5        1.004030
        5.869999           0.619101E-5        1.004366           0.527338E-5        1.004030
        5.872000           0.619136E-5        1.004366           0.527365E-5        1.004030
        5.874000           0.619172E-5        1.004366           0.527393E-5        1.004030
        5.875999           0.619207E-5        1.004366           0.527421E-5        1.004030
        5.878000           0.619242E-5        1.004366           0.527448E-5        1.004030
        5.880000           0.619277E-5        1.004367           0.527476E-5        1.004030
        5.881999           0.619312E-5        1.004367           0.527504E-5        1.004030
        5.883999           0.619347E-5        1.004367           0.527531E-5        1.004030
        5.886000           0.619382E-5        1.004367           0.527559E-5        1.004030
        5.888000           0.619418E-5        1.004367           0.527587E-5        1.004031
        5.889999           0.619453E-5        1.004367           0.527614E-5        1.004031
        5.892000           0.619488E-5        1.004367           0.527642E-5        1.004031
        5.894000           0.619523E-5        1.004367           0.527669E-5        1.004031
        5.896000           0.619558E-5        1.004367           0.527697E-5        1.004031
        5.898000           0.619594E-5        1.004368           0.527725E-5        1.004031
        5.900000           0.619629E-5        1.004368           0.527752E-5        1.004031
        5.901999           0.619664E-5        1.004368           0.527780E-5        1.004031
        5.903999           0.619699E-5        1.004368           0.527808E-5        1.004031
        5.906000           0.619734E-5        1.004368           0.527835E-5        1.004032
        5.908000           0.619769E-5        1.004368           0.527863E-5        1.004032
        5.909999           0.619805E-5        1.004368           0.527891E-5        1.004032
        5.912000           0.619840E-5        1.004368           0.527918E-5        1.004032
        5.914000           0.619875E-5        1.004369           0.527946E-5        1.004032
        5.916000           0.619910E-5        1.004369           0.527974E-5        1.004032
        5.918000           0.619946E-5        1.004369           0.528002E-5        1.004032
        5.920000           0.619981E-5        1.004369           0.528029E-5        1.004032
        5.921999           0.620016E-5        1.004369           0.528057E-5        1.004032
        5.923999           0.620051E-5        1.004369           0.528085E-5        1.004032
        5.926000           0.620086E-5        1.004369           0.528112E-5        1.004033
        5.927999           0.620122E-5        1.004369           0.528140E-5        1.004033
        5.930000           0.620157E-5        1.004370           0.528168E-5        1.004033
        5.932000           0.620192E-5        1.004370           0.528195E-5        1.004033
        5.934000           0.620228E-5        1.004370           0.528223E-5        1.004033
        5.936000           0.620263E-5        1.004370           0.528251E-5        1.004033
        5.938000           0.620298E-5        1.004370           0.528278E-5        1.004033
        5.940000           0.620333E-5        1.004370           0.528306E-5        1.004033
        5.941999           0.620369E-5        1.004370           0.528334E-5        1.004033
        5.943999           0.620404E-5        1.004370           0.528361E-5        1.004034
        5.946000           0.620439E-5        1.004371           0.528389E-5        1.004034
        5.947999           0.620474E-5        1.004371           0.528417E-5        1.004034
        5.950000           0.620510E-5        1.004371           0.528445E-5        1.004034
        5.952000           0.620545E-5        1.004371           0.528472E-5        1.004034
        5.954000           0.620580E-5        1.004371           0.528500E-5        1.004034
        5.955999           0.620615E-5        1.004371           0.528528E-5        1.004034
        5.957999           0.620651E-5        1.004371           0.528555E-5        1.004034
        5.960000           0.620686E-5        1.004371           0.528583E-5        1.004034
        5.961999           0.620721E-5        1.004372           0.528611E-5        1.004035
        5.964000           0.620757E-5        1.004372           0.528639E-5        1.004035
        5.966000           0.620792E-5        1.004372           0.528666E-5        1.004035
        5.967999           0.620827E-5        1.004372           0.528694E-5        1.004035
        5.970000           0.620862E-5        1.004372           0.528722E-5        1.004035
        5.972000           0.620898E-5        1.004372           0.528750E-5        1.004035
        5.974000           0.620933E-5        1.004372           0.528777E-5        1.004035
        5.975999           0.620968E-5        1.004372           0.528805E-5        1.004035
        5.977999           0.621004E-5        1.004373           0.528833E-5        1.004035
        5.980000           0.621039E-5        1.004373           0.528861E-5        1.004035
        5.981999           0.621074E-5        1.004373           0.528888E-5        1.004036
        5.984000           0.621110E-5        1.004373           0.528916E-5        1.004036
        5.986000           0.621145E-5        1.004373           0.528944E-5        1.004036
        5.987999           0.621180E-5        1.004373           0.528972E-5        1.004036
        5.990000           0.621216E-5        1.004373           0.528999E-5        1.004036
        5.992000           0.621251E-5        1.004373           0.529027E-5        1.004036
        5.993999           0.621286E-5        1.004374           0.529055E-5        1.004036
        5.995999           0.621322E-5        1.004374           0.529083E-5        1.004036
        5.998000           0.621357E-5        1.004374           0.529110E-5        1.004036
        6.000000           0.621392E-5        1.004374           0.529138E-5        1.004037
        6.001999           0.621427E-5        1.004374           0.529166E-5        1.004037
        6.004000           0.621463E-5        1.004374           0.529194E-5        1.004037
        6.006000           0.621498E-5        1.004374           0.529221E-5        1.004037
        6.008000           0.621534E-5        1.004374           0.529249E-5        1.004037
        6.010000           0.621569E-5        1.004375           0.529277E-5        1.004037
        6.012000           0.621604E-5        1.004375           0.529305E-5        1.004037
        6.013999           0.621640E-5        1.004375           0.529333E-5        1.004037
        6.015999           0.621675E-5        1.004375           0.529360E-5        1.004037
        6.018000           0.621710E-5        1.004375           0.529388E-5        1.004037
        6.020000           0.621746E-5        1.004375           0.529416E-5        1.004038
        6.021999           0.621781E-5        1.004375           0.529444E-5        1.004038
        6.024000           0.621817E-5        1.004375           0.529471E-5        1.004038
        6.026000           0.621852E-5        1.004376           0.529499E-5        1.004038
        6.028000           0.621887E-5        1.004376           0.529527E-5        1.004038
        6.030000           0.621923E-5        1.004376           0.529555E-5        1.004038
        6.032000           0.621958E-5        1.004376           0.529583E-5        1.004038
        6.033999           0.621994E-5        1.004376           0.529610E-5        1.004038
        6.035999           0.622029E-5        1.004376           0.529638E-5        1.004038
        6.038000           0.622064E-5        1.004376           0.529666E-5        1.004038
        6.039999           0.622100E-5        1.004376           0.529694E-5        1.004039
        6.042000           0.622135E-5        1.004377           0.529722E-5        1.004039
        6.044000           0.622171E-5        1.004377           0.529749E-5        1.004039
        6.046000           0.622206E-5        1.004377           0.529777E-5        1.004039
        6.048000           0.622241E-5        1.004377           0.529805E-5        1.004039
        6.050000           0.622277E-5        1.004377           0.529833E-5        1.004039
        6.052000           0.622312E-5        1.004377           0.529861E-5        1.004039
        6.053999           0.622348E-5        1.004377           0.529889E-5        1.004039
        6.055999           0.622383E-5        1.004377           0.529917E-5        1.004039
        6.058000           0.622419E-5        1.004377           0.529944E-5        1.004040
        6.059999           0.622454E-5        1.004378           0.529972E-5        1.004040
        6.062000           0.622489E-5        1.004378           0.530000E-5        1.004040
        6.064000           0.622525E-5        1.004378           0.530028E-5        1.004040
        6.066000           0.622560E-5        1.004378           0.530056E-5        1.004040
        6.068000           0.622596E-5        1.004378           0.530084E-5        1.004040
        6.069999           0.622631E-5        1.004378           0.530111E-5        1.004040
        6.072000           0.622667E-5        1.004378           0.530139E-5        1.004040
        6.073999           0.622702E-5        1.004379           0.530167E-5        1.004040
        6.076000           0.622737E-5        1.004379           0.530195E-5        1.004040
        6.078000           0.622773E-5        1.004379           0.530223E-5        1.004041
        6.079999           0.622808E-5        1.004379           0.530251E-5        1.004041
        6.082000           0.622844E-5        1.004379           0.530278E-5        1.004041
        6.084000           0.622879E-5        1.004379           0.530306E-5        1.004041
        6.085999           0.622915E-5        1.004379           0.530334E-5        1.004041
        6.087999           0.622950E-5        1.004379           0.530362E-5        1.004041
        6.089999           0.622986E-5        1.004380           0.530390E-5        1.004041
        6.092000           0.623021E-5        1.004380           0.530418E-5        1.004041
        6.093999           0.623057E-5        1.004380           0.530446E-5        1.004041
        6.096000           0.623092E-5        1.004380           0.530474E-5        1.004042
        6.098000           0.623128E-5        1.004380           0.530502E-5        1.004042
        6.099999           0.623163E-5        1.004380           0.530529E-5        1.004042
        6.102000           0.623199E-5        1.004380           0.530557E-5        1.004042
        6.104000           0.623234E-5        1.004380           0.530585E-5        1.004042
        6.105999           0.623270E-5        1.004380           0.530613E-5        1.004042
        6.107999           0.623305E-5        1.004381           0.530641E-5        1.004042
        6.110000           0.623341E-5        1.004381           0.530669E-5        1.004042
        6.112000           0.623376E-5        1.004381           0.530697E-5        1.004042
        6.113999           0.623412E-5        1.004381           0.530724E-5        1.004043
        6.116000           0.623447E-5        1.004381           0.530752E-5        1.004043
        6.118000           0.623483E-5        1.004381           0.530780E-5        1.004043
        6.120000           0.623518E-5        1.004381           0.530808E-5        1.004043
        6.122000           0.623554E-5        1.004382           0.530836E-5        1.004043
        6.124000           0.623589E-5        1.004382           0.530864E-5        1.004043
        6.125999           0.623625E-5        1.004382           0.530892E-5        1.004043
        6.127999           0.623660E-5        1.004382           0.530920E-5        1.004043
        6.130000           0.623696E-5        1.004382           0.530948E-5        1.004043
        6.131999           0.623731E-5        1.004382           0.530976E-5        1.004043
        6.133999           0.623767E-5        1.004382           0.531004E-5        1.004044
        6.136000           0.623803E-5        1.004382           0.531032E-5        1.004044
        6.138000           0.623838E-5        1.004382           0.531059E-5        1.004044
        6.140000           0.623874E-5        1.004383           0.531087E-5        1.004044
        6.142000           0.623909E-5        1.004383           0.531115E-5        1.004044
        6.144000           0.623945E-5        1.004383           0.531143E-5        1.004044
        6.145999           0.623980E-5        1.004383           0.531171E-5        1.004044
        6.147999           0.624016E-5        1.004383           0.531199E-5        1.004044
        6.150000           0.624052E-5        1.004383           0.531227E-5        1.004044
        6.151999           0.624087E-5        1.004383           0.531255E-5        1.004045
        6.154000           0.624123E-5        1.004384           0.531283E-5        1.004045
        6.156000           0.624158E-5        1.004384           0.531311E-5        1.004045
        6.158000           0.624194E-5        1.004384           0.531339E-5        1.004045
        6.160000           0.624229E-5        1.004384           0.531367E-5        1.004045
        6.162000           0.624265E-5        1.004384           0.531395E-5        1.004045
        6.164000           0.624301E-5        1.004384           0.531423E-5        1.004045
        6.165999           0.624336E-5        1.004384           0.531451E-5        1.004045
        6.167999           0.624372E-5        1.004384           0.531478E-5        1.004045
        6.170000           0.624407E-5        1.004385           0.531506E-5        1.004045
        6.171999           0.624443E-5        1.004385           0.531534E-5        1.004046
        6.174000           0.624479E-5        1.004385           0.531562E-5        1.004046
        6.176000           0.624514E-5        1.004385           0.531590E-5        1.004046
        6.177999           0.624550E-5        1.004385           0.531618E-5        1.004046
        6.180000           0.624586E-5        1.004385           0.531646E-5        1.004046
        6.181999           0.624621E-5        1.004385           0.531674E-5        1.004046
        6.184000           0.624657E-5        1.004385           0.531702E-5        1.004046
        6.185999           0.624692E-5        1.004385           0.531730E-5        1.004046
        6.188000           0.624728E-5        1.004386           0.531758E-5        1.004046
        6.190000           0.624764E-5        1.004386           0.531786E-5        1.004047
        6.191999           0.624799E-5        1.004386           0.531814E-5        1.004047
        6.194000           0.624835E-5        1.004386           0.531842E-5        1.004047
        6.196000           0.624871E-5        1.004386           0.531870E-5        1.004047
        6.198000           0.624906E-5        1.004386           0.531898E-5        1.004047
        6.199999           0.624942E-5        1.004386           0.531926E-5        1.004047
        6.201999           0.624977E-5        1.004387           0.531954E-5        1.004047
        6.204000           0.625013E-5        1.004387           0.531982E-5        1.004047
        6.205999           0.625049E-5        1.004387           0.532010E-5        1.004047
        6.208000           0.625084E-5        1.004387           0.532038E-5        1.004048
        6.210000           0.625120E-5        1.004387           0.532066E-5        1.004048
        6.211999           0.625156E-5        1.004387           0.532094E-5        1.004048
        6.214000           0.625192E-5        1.004387           0.532122E-5        1.004048
        6.216000           0.625227E-5        1.004387           0.532150E-5        1.004048
        6.217999           0.625263E-5        1.004387           0.532178E-5        1.004048
        6.219999           0.625298E-5        1.004388           0.532206E-5        1.004048
        6.222000           0.625334E-5        1.004388           0.532234E-5        1.004048
        6.224000           0.625370E-5        1.004388           0.532262E-5        1.004048
        6.225999           0.625405E-5        1.004388           0.532290E-5        1.004048
        6.228000           0.625441E-5        1.004388           0.532318E-5        1.004049
        6.230000           0.625477E-5        1.004388           0.532346E-5        1.004049
        6.232000           0.625512E-5        1.004388           0.532374E-5        1.004049
        6.234000           0.625548E-5        1.004389           0.532402E-5        1.004049
        6.236000           0.625584E-5        1.004389           0.532430E-5        1.004049
        6.237999           0.625620E-5        1.004389           0.532458E-5        1.004049
        6.239999           0.625655E-5        1.004389           0.532486E-5        1.004049
        6.242000           0.625691E-5        1.004389           0.532514E-5        1.004049
        6.243999           0.625727E-5        1.004389           0.532542E-5        1.004049
        6.245999           0.625762E-5        1.004389           0.532570E-5        1.004050
        6.248000           0.625798E-5        1.004389           0.532598E-5        1.004050
        6.250000           0.625834E-5        1.004390           0.532626E-5        1.004050
        6.252000           0.625870E-5        1.004390           0.532655E-5        1.004050
        6.254000           0.625905E-5        1.004390           0.532682E-5        1.004050
        6.256000           0.625941E-5        1.004390           0.532711E-5        1.004050
        6.257999           0.625977E-5        1.004390           0.532739E-5        1.004050
        6.259999           0.626013E-5        1.004390           0.532767E-5        1.004050
        6.262000           0.626048E-5        1.004390           0.532795E-5        1.004050
        6.263999           0.626084E-5        1.004390           0.532823E-5        1.004050
        6.266000           0.626120E-5        1.004390           0.532851E-5        1.004051
        6.268000           0.626155E-5        1.004391           0.532879E-5        1.004051
        6.270000           0.626191E-5        1.004391           0.532907E-5        1.004051
        6.272000           0.626227E-5        1.004391           0.532935E-5        1.004051
        6.274000           0.626263E-5        1.004391           0.532963E-5        1.004051
        6.276000           0.626299E-5        1.004391           0.532991E-5        1.004051
        6.277999           0.626334E-5        1.004391           0.533019E-5        1.004051
        6.279999           0.626370E-5        1.004391           0.533047E-5        1.004051
        6.282000           0.626406E-5        1.004392           0.533075E-5        1.004051
        6.283999           0.626442E-5        1.004392           0.533103E-5        1.004052
        6.286000           0.626477E-5        1.004392           0.533132E-5        1.004052
        6.288000           0.626513E-5        1.004392           0.533160E-5        1.004052
        6.289999           0.626549E-5        1.004392           0.533188E-5        1.004052
        6.292000           0.626585E-5        1.004392           0.533216E-5        1.004052
        6.293999           0.626621E-5        1.004392           0.533244E-5        1.004052
        6.296000           0.626656E-5        1.004392           0.533272E-5        1.004052
        6.297999           0.626692E-5        1.004393           0.533300E-5        1.004052
        6.300000           0.626728E-5        1.004393           0.533328E-5        1.004052
        6.302000           0.626764E-5        1.004393           0.533356E-5        1.004053
        6.303999           0.626800E-5        1.004393           0.533384E-5        1.004053
        6.306000           0.626835E-5        1.004393           0.533413E-5        1.004053
        6.308000           0.626871E-5        1.004393           0.533441E-5        1.004053
        6.310000           0.626907E-5        1.004393           0.533469E-5        1.004053
        6.311999           0.626943E-5        1.004393           0.533497E-5        1.004053
        6.313999           0.626979E-5        1.004394           0.533525E-5        1.004053
        6.316000           0.627014E-5        1.004394           0.533553E-5        1.004053
        6.317999           0.627050E-5        1.004394           0.533581E-5        1.004053
        6.320000           0.627086E-5        1.004394           0.533609E-5        1.004053
        6.322000           0.627122E-5        1.004394           0.533637E-5        1.004054
        6.323999           0.627158E-5        1.004394           0.533666E-5        1.004054
        6.326000           0.627194E-5        1.004394           0.533694E-5        1.004054
        6.328000           0.627229E-5        1.004394           0.533722E-5        1.004054
        6.329999           0.627265E-5        1.004395           0.533750E-5        1.004054
        6.331999           0.627301E-5        1.004395           0.533778E-5        1.004054
        6.334000           0.627337E-5        1.004395           0.533806E-5        1.004054
        6.335999           0.627373E-5        1.004395           0.533834E-5        1.004054
        6.337999           0.627409E-5        1.004395           0.533863E-5        1.004054
        6.340000           0.627445E-5        1.004395           0.533891E-5        1.004055
        6.342000           0.627480E-5        1.004395           0.533919E-5        1.004055
        6.344000           0.627516E-5        1.004395           0.533947E-5        1.004055
        6.346000           0.627552E-5        1.004395           0.533975E-5        1.004055
        6.348000           0.627588E-5        1.004396           0.534003E-5        1.004055
        6.349999           0.627624E-5        1.004396           0.534031E-5        1.004055
        6.351999           0.627660E-5        1.004396           0.534060E-5        1.004055
        6.354000           0.627696E-5        1.004396           0.534088E-5        1.004055
        6.355999           0.627732E-5        1.004396           0.534116E-5        1.004055
        6.357999           0.627767E-5        1.004396           0.534144E-5        1.004056
        6.360000           0.627803E-5        1.004396           0.534172E-5        1.004056
        6.362000           0.627839E-5        1.004397           0.534200E-5        1.004056
        6.364000           0.627875E-5        1.004397           0.534228E-5        1.004056
        6.366000           0.627911E-5        1.004397           0.534257E-5        1.004056
        6.368000           0.627947E-5        1.004397           0.534285E-5        1.004056
        6.369999           0.627983E-5        1.004397           0.534313E-5        1.004056
        6.371999           0.628019E-5        1.004397           0.534341E-5        1.004056
        6.374000           0.628055E-5        1.004397           0.534369E-5        1.004056
        6.375999           0.628091E-5        1.004397           0.534398E-5        1.004056
        6.378000           0.628127E-5        1.004398           0.534426E-5        1.004057
        6.380000           0.628162E-5        1.004398           0.534454E-5        1.004057
        6.381999           0.628199E-5        1.004398           0.534482E-5        1.004057
        6.384000           0.628234E-5        1.004398           0.534510E-5        1.004057
        6.386000           0.628270E-5        1.004398           0.534539E-5        1.004057
        6.388000           0.628306E-5        1.004398           0.534567E-5        1.004057
        6.389999           0.628342E-5        1.004398           0.534595E-5        1.004057
        6.391999           0.628378E-5        1.004398           0.534623E-5        1.004057
        6.394000           0.628414E-5        1.004399           0.534651E-5        1.004057
        6.395999           0.628450E-5        1.004399           0.534680E-5        1.004058
        6.398000           0.628486E-5        1.004399           0.534708E-5        1.004058
        6.400000           0.628522E-5        1.004399           0.534736E-5        1.004058
        6.401999           0.628558E-5        1.004399           0.534764E-5        1.004058
        6.404000           0.628594E-5        1.004399           0.534792E-5        1.004058
        6.405999           0.628630E-5        1.004399           0.534821E-5        1.004058
        6.408000           0.628666E-5        1.004399           0.534849E-5        1.004058
        6.409999           0.628702E-5        1.004400           0.534877E-5        1.004058
        6.412000           0.628738E-5        1.004400           0.534905E-5        1.004058
        6.414000           0.628774E-5        1.004400           0.534933E-5        1.004058
        6.415999           0.628810E-5        1.004400           0.534962E-5        1.004059
        6.418000           0.628846E-5        1.004400           0.534990E-5        1.004059
        6.420000           0.628882E-5        1.004400           0.535018E-5        1.004059
        6.422000           0.628918E-5        1.004400           0.535046E-5        1.004059
        6.423999           0.628954E-5        1.004400           0.535075E-5        1.004059
        6.425999           0.628990E-5        1.004401           0.535103E-5        1.004059
        6.427999           0.629026E-5        1.004401           0.535131E-5        1.004059
        6.429999           0.629062E-5        1.004401           0.535159E-5        1.004059
        6.432000           0.629098E-5        1.004401           0.535188E-5        1.004059
        6.434000           0.629134E-5        1.004401           0.535216E-5        1.004060
        6.435999           0.629170E-5        1.004401           0.535244E-5        1.004060
        6.438000           0.629206E-5        1.004401           0.535272E-5        1.004060
        6.440000           0.629242E-5        1.004401           0.535301E-5        1.004060
        6.441999           0.629278E-5        1.004402           0.535329E-5        1.004060
        6.443999           0.629314E-5        1.004402           0.535357E-5        1.004060
        6.446000           0.629350E-5        1.004402           0.535385E-5        1.004060
        6.447999           0.629386E-5        1.004402           0.535414E-5        1.004060
        6.449999           0.629422E-5        1.004402           0.535442E-5        1.004061
        6.452000           0.629458E-5        1.004402           0.535470E-5        1.004061
        6.454000           0.629494E-5        1.004402           0.535498E-5        1.004061
        6.456000           0.629530E-5        1.004402           0.535527E-5        1.004061
        6.458000           0.629566E-5        1.004403           0.535555E-5        1.004061
        6.460000           0.629602E-5        1.004403           0.535583E-5        1.004061
        6.461999           0.629638E-5        1.004403           0.535612E-5        1.004061
        6.463999           0.629674E-5        1.004403           0.535640E-5        1.004061
        6.466000           0.629710E-5        1.004403           0.535668E-5        1.004061
        6.467999           0.629746E-5        1.004403           0.535696E-5        1.004061
        6.469999           0.629782E-5        1.004403           0.535725E-5        1.004062
        6.472000           0.629818E-5        1.004403           0.535753E-5        1.004062
        6.474000           0.629854E-5        1.004404           0.535781E-5        1.004062
        6.476000           0.629890E-5        1.004404           0.535810E-5        1.004062
        6.478000           0.629927E-5        1.004404           0.535838E-5        1.004062
        6.480000           0.629963E-5        1.004404           0.535866E-5        1.004062
        6.481999           0.629999E-5        1.004404           0.535894E-5        1.004062
        6.483999           0.630035E-5        1.004404           0.535923E-5        1.004062
        6.486000           0.630071E-5        1.004404           0.535951E-5        1.004062
        6.487999           0.630107E-5        1.004404           0.535979E-5        1.004063
        6.490000           0.630143E-5        1.004405           0.536008E-5        1.004063
        6.492000           0.630179E-5        1.004405           0.536036E-5        1.004063
        6.493999           0.630215E-5        1.004405           0.536064E-5        1.004063
        6.496000           0.630251E-5        1.004405           0.536093E-5        1.004063
        6.498000           0.630287E-5        1.004405           0.536121E-5        1.004063
        6.500000           0.630324E-5        1.004405           0.536149E-5        1.004063
        6.501999           0.630360E-5        1.004405           0.536178E-5        1.004063
        6.503999           0.630396E-5        1.004405           0.536206E-5        1.004063
        6.506000           0.630432E-5        1.004406           0.536234E-5        1.004063
        6.507999           0.630468E-5        1.004406           0.536263E-5        1.004064
        6.510000           0.630504E-5        1.004406           0.536291E-5        1.004064
        6.512000           0.630540E-5        1.004406           0.536319E-5        1.004064
        6.513999           0.630576E-5        1.004406           0.536348E-5        1.004064
        6.516000           0.630613E-5        1.004406           0.536376E-5        1.004064
        6.518000           0.630649E-5        1.004406           0.536404E-5        1.004064
        6.520000           0.630685E-5        1.004406           0.536433E-5        1.004064
        6.521999           0.630721E-5        1.004407           0.536461E-5        1.004064
        6.524000           0.630757E-5        1.004407           0.536489E-5        1.004064
        6.526000           0.630793E-5        1.004407           0.536518E-5        1.004065
        6.527999           0.630829E-5        1.004407           0.536546E-5        1.004065
        6.530000           0.630866E-5        1.004407           0.536574E-5        1.004065
        6.532000           0.630902E-5        1.004407           0.536603E-5        1.004065
        6.534000           0.630938E-5        1.004407           0.536631E-5        1.004065
        6.535999           0.630974E-5        1.004408           0.536659E-5        1.004065
        6.537999           0.631010E-5        1.004408           0.536688E-5        1.004065
        6.539999           0.631046E-5        1.004408           0.536716E-5        1.004065
        6.541999           0.631083E-5        1.004408           0.536745E-5        1.004065
        6.544000           0.631119E-5        1.004408           0.536773E-5        1.004066
        6.546000           0.631155E-5        1.004408           0.536801E-5        1.004066
        6.547999           0.631191E-5        1.004408           0.536830E-5        1.004066
        6.550000           0.631227E-5        1.004408           0.536858E-5        1.004066
        6.552000           0.631263E-5        1.004408           0.536886E-5        1.004066
        6.553999           0.631300E-5        1.004409           0.536915E-5        1.004066
        6.555999           0.631336E-5        1.004409           0.536943E-5        1.004066
        6.558000           0.631372E-5        1.004409           0.536972E-5        1.004066
        6.559999           0.631408E-5        1.004409           0.537000E-5        1.004066
        6.561999           0.631444E-5        1.004409           0.537028E-5        1.004066
        6.564000           0.631481E-5        1.004409           0.537057E-5        1.004067
        6.566000           0.631517E-5        1.004409           0.537085E-5        1.004067
        6.568000           0.631553E-5        1.004410           0.537114E-5        1.004067
        6.570000           0.631589E-5        1.004410           0.537142E-5        1.004067
        6.572000           0.631626E-5        1.004410           0.537170E-5        1.004067
        6.573999           0.631662E-5        1.004410           0.537199E-5        1.004067
        6.575999           0.631698E-5        1.004410           0.537227E-5        1.004067
        6.578000           0.631734E-5        1.004410           0.537256E-5        1.004067
        6.579999           0.631770E-5        1.004410           0.537284E-5        1.004067
        6.581999           0.631807E-5        1.004410           0.537312E-5        1.004068
        6.584000           0.631843E-5        1.004411           0.537341E-5        1.004068
        6.585999           0.631879E-5        1.004411           0.537369E-5        1.004068
        6.588000           0.631915E-5        1.004411           0.537398E-5        1.004068
        6.590000           0.631952E-5        1.004411           0.537426E-5        1.004068
        6.592000           0.631988E-5        1.004411           0.537455E-5        1.004068
        6.593999           0.632024E-5        1.004411           0.537483E-5        1.004068
        6.595999           0.632060E-5        1.004411           0.537511E-5        1.004068
        6.598000           0.632096E-5        1.004411           0.537540E-5        1.004068
        6.599999           0.632133E-5        1.004412           0.537568E-5        1.004068
        6.602000           0.632169E-5        1.004412           0.537597E-5        1.004069
        6.604000           0.632205E-5        1.004412           0.537625E-5        1.004069
        6.605999           0.632242E-5        1.004412           0.537654E-5        1.004069
        6.608000           0.632278E-5        1.004412           0.537682E-5        1.004069
        6.610000           0.632314E-5        1.004412           0.537711E-5        1.004069
        6.612000           0.632350E-5        1.004412           0.537739E-5        1.004069
        6.613999           0.632387E-5        1.004412           0.537767E-5        1.004069
        6.615999           0.632423E-5        1.004413           0.537796E-5        1.004069
        6.618000           0.632459E-5        1.004413           0.537824E-5        1.004069
        6.619999           0.632496E-5        1.004413           0.537853E-5        1.004070
        6.622000           0.632532E-5        1.004413           0.537881E-5        1.004070
        6.624000           0.632568E-5        1.004413           0.537910E-5        1.004070
        6.625999           0.632604E-5        1.004413           0.537938E-5        1.004070
        6.628000           0.632641E-5        1.004413           0.537967E-5        1.004070
        6.630000           0.632677E-5        1.004413           0.537995E-5        1.004070
        6.631999           0.632714E-5        1.004414           0.538024E-5        1.004070
        6.633999           0.632750E-5        1.004414           0.538052E-5        1.004070
        6.636000           0.632786E-5        1.004414           0.538081E-5        1.004070
        6.638000           0.632823E-5        1.004414           0.538109E-5        1.004071
        6.639999           0.632859E-5        1.004414           0.538137E-5        1.004071
        6.642000           0.632895E-5        1.004414           0.538166E-5        1.004071
        6.644000           0.632931E-5        1.004414           0.538194E-5        1.004071
        6.646000           0.632968E-5        1.004414           0.538223E-5        1.004071
        6.648000           0.633004E-5        1.004415           0.538251E-5        1.004071
        6.649999           0.633041E-5        1.004415           0.538280E-5        1.004071
        6.651999           0.633077E-5        1.004415           0.538308E-5        1.004071
        6.653999           0.633113E-5        1.004415           0.538337E-5        1.004071
        6.656000           0.633150E-5        1.004415           0.538365E-5        1.004071
        6.658000           0.633186E-5        1.004415           0.538394E-5        1.004072
        6.659999           0.633222E-5        1.004415           0.538422E-5        1.004072
        6.662000           0.633259E-5        1.004415           0.538451E-5        1.004072
        6.664000           0.633295E-5        1.004416           0.538479E-5        1.004072
        6.665999           0.633331E-5        1.004416           0.538508E-5        1.004072
        6.667999           0.633368E-5        1.004416           0.538536E-5        1.004072
        6.669999           0.633404E-5        1.004416           0.538565E-5        1.004072
        6.671999           0.633441E-5        1.004416           0.538593E-5        1.004072
        6.673999           0.633477E-5        1.004416           0.538622E-5        1.004072
        6.676000           0.633513E-5        1.004416           0.538650E-5        1.004073
        6.677999           0.633550E-5        1.004416           0.538679E-5        1.004073
        6.680000           0.633586E-5        1.004417           0.538708E-5        1.004073
        6.682000           0.633622E-5        1.004417           0.538736E-5        1.004073
        6.684000           0.633659E-5        1.004417           0.538765E-5        1.004073
        6.685999           0.633695E-5        1.004417           0.538793E-5        1.004073
        6.687999           0.633732E-5        1.004417           0.538822E-5        1.004073
        6.690000           0.633768E-5        1.004417           0.538850E-5        1.004073
        6.691999           0.633804E-5        1.004417           0.538879E-5        1.004074
        6.693999           0.633841E-5        1.004418           0.538907E-5        1.004074
        6.696000           0.633877E-5        1.004418           0.538936E-5        1.004074
        6.697999           0.633914E-5        1.004418           0.538964E-5        1.004074
        6.700000           0.633950E-5        1.004418           0.538993E-5        1.004074
        6.702000           0.633986E-5        1.004418           0.539021E-5        1.004074
        6.704000           0.634023E-5        1.004418           0.539050E-5        1.004074
        6.705999           0.634059E-5        1.004418           0.539079E-5        1.004074
        6.707999           0.634096E-5        1.004418           0.539107E-5        1.004074
        6.710000           0.634132E-5        1.004418           0.539136E-5        1.004074
        6.711999           0.634169E-5        1.004419           0.539164E-5        1.004075
        6.714000           0.634205E-5        1.004419           0.539193E-5        1.004075
        6.716000           0.634242E-5        1.004419           0.539221E-5        1.004075
        6.717999           0.634278E-5        1.004419           0.539250E-5        1.004075
        6.720000           0.634314E-5        1.004419           0.539278E-5        1.004075
        6.722000           0.634351E-5        1.004419           0.539307E-5        1.004075
        6.724000           0.634387E-5        1.004419           0.539336E-5        1.004075
        6.725999           0.634424E-5        1.004420           0.539364E-5        1.004075
        6.727999           0.634460E-5        1.004420           0.539393E-5        1.004075
        6.730000           0.634497E-5        1.004420           0.539421E-5        1.004076
        6.731999           0.634533E-5        1.004420           0.539450E-5        1.004076
        6.734000           0.634570E-5        1.004420           0.539478E-5        1.004076
        6.736000           0.634606E-5        1.004420           0.539507E-5        1.004076
        6.737999           0.634643E-5        1.004420           0.539536E-5        1.004076
        6.740000           0.634679E-5        1.004420           0.539564E-5        1.004076
        6.742000           0.634716E-5        1.004421           0.539593E-5        1.004076
        6.743999           0.634752E-5        1.004421           0.539622E-5        1.004076
        6.745999           0.634789E-5        1.004421           0.539650E-5        1.004076
        6.748000           0.634825E-5        1.004421           0.539679E-5        1.004076
        6.750000           0.634862E-5        1.004421           0.539707E-5        1.004077
        6.751999           0.634898E-5        1.004421           0.539736E-5        1.004077
        6.754000           0.634935E-5        1.004421           0.539765E-5        1.004077
        6.756000           0.634971E-5        1.004421           0.539793E-5        1.004077
        6.758000           0.635008E-5        1.004422           0.539822E-5        1.004077
        6.760000           0.635044E-5        1.004422           0.539850E-5        1.004077
        6.761999           0.635081E-5        1.004422           0.539879E-5        1.004077
        6.763999           0.635117E-5        1.004422           0.539907E-5        1.004077
        6.765999           0.635154E-5        1.004422           0.539936E-5        1.004077
        6.768000           0.635190E-5        1.004422           0.539965E-5        1.004078
        6.770000           0.635227E-5        1.004422           0.539993E-5        1.004078
        6.771999           0.635263E-5        1.004422           0.540022E-5        1.004078
        6.774000           0.635300E-5        1.004423           0.540051E-5        1.004078
        6.776000           0.635336E-5        1.004423           0.540079E-5        1.004078
        6.778000           0.635373E-5        1.004423           0.540108E-5        1.004078
        6.779999           0.635410E-5        1.004423           0.540137E-5        1.004078
        6.781999           0.635446E-5        1.004423           0.540165E-5        1.004078
        6.783999           0.635483E-5        1.004423           0.540194E-5        1.004078
        6.785999           0.635519E-5        1.004423           0.540223E-5        1.004079
        6.788000           0.635556E-5        1.004423           0.540251E-5        1.004079
        6.789999           0.635592E-5        1.004424           0.540280E-5        1.004079
        6.792000           0.635629E-5        1.004424           0.540309E-5        1.004079
        6.794000           0.635665E-5        1.004424           0.540337E-5        1.004079
        6.796000           0.635702E-5        1.004424           0.540366E-5        1.004079
        6.797999           0.635739E-5        1.004424           0.540395E-5        1.004079
        6.799999           0.635775E-5        1.004424           0.540423E-5        1.004079
        6.802000           0.635812E-5        1.004424           0.540452E-5        1.004079
        6.804000           0.635848E-5        1.004424           0.540481E-5        1.004079
        6.806000           0.635885E-5        1.004425           0.540509E-5        1.004080
        6.808000           0.635921E-5        1.004425           0.540538E-5        1.004080
        6.809999           0.635958E-5        1.004425           0.540566E-5        1.004080
        6.811999           0.635995E-5        1.004425           0.540595E-5        1.004080
        6.814000           0.636031E-5        1.004425           0.540624E-5        1.004080
        6.816000           0.636068E-5        1.004425           0.540653E-5        1.004080
        6.817999           0.636105E-5        1.004425           0.540681E-5        1.004080
        6.819999           0.636141E-5        1.004426           0.540710E-5        1.004080
        6.821999           0.636178E-5        1.004426           0.540739E-5        1.004080
        6.824000           0.636215E-5        1.004426           0.540767E-5        1.004081
        6.826000           0.636251E-5        1.004426           0.540796E-5        1.004081
        6.828000           0.636288E-5        1.004426           0.540825E-5        1.004081
        6.829999           0.636324E-5        1.004426           0.540853E-5        1.004081
        6.831999           0.636361E-5        1.004426           0.540882E-5        1.004081
        6.834000           0.636397E-5        1.004426           0.540911E-5        1.004081
        6.835999           0.636434E-5        1.004426           0.540939E-5        1.004081
        6.837999           0.636471E-5        1.004427           0.540968E-5        1.004081
        6.839999           0.636507E-5        1.004427           0.540997E-5        1.004081
        6.841999           0.636544E-5        1.004427           0.541026E-5        1.004082
        6.844000           0.636581E-5        1.004427           0.541054E-5        1.004082
        6.846000           0.636617E-5        1.004427           0.541083E-5        1.004082
        6.848000           0.636654E-5        1.004427           0.541112E-5        1.004082
        6.849999           0.636691E-5        1.004427           0.541140E-5        1.004082
        6.851999           0.636727E-5        1.004428           0.541169E-5        1.004082
        6.854000           0.636764E-5        1.004428           0.541198E-5        1.004082
        6.855999           0.636801E-5        1.004428           0.541227E-5        1.004082
        6.857999           0.636837E-5        1.004428           0.541255E-5        1.004082
        6.859999           0.636874E-5        1.004428           0.541284E-5        1.004083
        6.861999           0.636911E-5        1.004428           0.541313E-5        1.004083
        6.864000           0.636947E-5        1.004428           0.541341E-5        1.004083
        6.866000           0.636984E-5        1.004428           0.541370E-5        1.004083
        6.868000           0.637021E-5        1.004429           0.541399E-5        1.004083
        6.869999           0.637057E-5        1.004429           0.541428E-5        1.004083
        6.871999           0.637094E-5        1.004429           0.541456E-5        1.004083
        6.874000           0.637131E-5        1.004429           0.541485E-5        1.004083
        6.875999           0.637168E-5        1.004429           0.541514E-5        1.004083
        6.877999           0.637204E-5        1.004429           0.541543E-5        1.004084
        6.879999           0.637241E-5        1.004429           0.541571E-5        1.004084
        6.882000           0.637278E-5        1.004429           0.541600E-5        1.004084
        6.884000           0.637314E-5        1.004430           0.541629E-5        1.004084
        6.886000           0.637351E-5        1.004430           0.541658E-5        1.004084
        6.888000           0.637388E-5        1.004430           0.541687E-5        1.004084
        6.889999           0.637424E-5        1.004430           0.541715E-5        1.004084
        6.892000           0.637461E-5        1.004430           0.541744E-5        1.004084
        6.894000           0.637498E-5        1.004430           0.541773E-5        1.004084
        6.895999           0.637535E-5        1.004430           0.541802E-5        1.004084
        6.897999           0.637571E-5        1.004430           0.541830E-5        1.004085
        6.899999           0.637608E-5        1.004431           0.541859E-5        1.004085
        6.902000           0.637645E-5        1.004431           0.541888E-5        1.004085
        6.904000           0.637682E-5        1.004431           0.541917E-5        1.004085
        6.906000           0.637718E-5        1.004431           0.541946E-5        1.004085
        6.908000           0.637755E-5        1.004431           0.541974E-5        1.004085
        6.909999           0.637792E-5        1.004431           0.542003E-5        1.004085
        6.912000           0.637829E-5        1.004431           0.542032E-5        1.004085
        6.914000           0.637865E-5        1.004431           0.542061E-5        1.004085
        6.915999           0.637902E-5        1.004432           0.542090E-5        1.004086
        6.917999           0.637939E-5        1.004432           0.542118E-5        1.004086
        6.919999           0.637976E-5        1.004432           0.542147E-5        1.004086
        6.922000           0.638012E-5        1.004432           0.542176E-5        1.004086
        6.924000           0.638049E-5        1.004432           0.542205E-5        1.004086
        6.926000           0.638086E-5        1.004432           0.542234E-5        1.004086
        6.927999           0.638123E-5        1.004432           0.542262E-5        1.004086
        6.929999           0.638160E-5        1.004432           0.542291E-5        1.004086
        6.932000           0.638196E-5        1.004433           0.542320E-5        1.004086
        6.934000           0.638233E-5        1.004433           0.542349E-5        1.004086
        6.935999           0.638270E-5        1.004433           0.542378E-5        1.004087
        6.937999           0.638307E-5        1.004433           0.542406E-5        1.004087
        6.939999           0.638344E-5        1.004433           0.542435E-5        1.004087
        6.942000           0.638380E-5        1.004433           0.542464E-5        1.004087
        6.944000           0.638417E-5        1.004433           0.542493E-5        1.004087
        6.946000           0.638454E-5        1.004434           0.542522E-5        1.004087
        6.947999           0.638491E-5        1.004434           0.542551E-5        1.004087
        6.949999           0.638528E-5        1.004434           0.542579E-5        1.004087
        6.952000           0.638564E-5        1.004434           0.542608E-5        1.004088
        6.954000           0.638601E-5        1.004434           0.542637E-5        1.004088
        6.955999           0.638638E-5        1.004434           0.542666E-5        1.004088
        6.957999           0.638675E-5        1.004434           0.542695E-5        1.004088
        6.960000           0.638712E-5        1.004434           0.542724E-5        1.004088
        6.962000           0.638749E-5        1.004435           0.542752E-5        1.004088
        6.964000           0.638785E-5        1.004435           0.542781E-5        1.004088
        6.966000           0.638822E-5        1.004435           0.542810E-5        1.004088
        6.967999           0.638859E-5        1.004435           0.542839E-5        1.004088
        6.970000           0.638896E-5        1.004435           0.542868E-5        1.004089
        6.972000           0.638933E-5        1.004435           0.542897E-5        1.004089
        6.974000           0.638970E-5        1.004435           0.542925E-5        1.004089
        6.975999           0.639006E-5        1.004435           0.542954E-5        1.004089
        6.977999           0.639043E-5        1.004436           0.542983E-5        1.004089
        6.980000           0.639080E-5        1.004436           0.543012E-5        1.004089
        6.982000           0.639117E-5        1.004436           0.543041E-5        1.004089
        6.984000           0.639154E-5        1.004436           0.543070E-5        1.004089
        6.985999           0.639191E-5        1.004436           0.543099E-5        1.004089
        6.987999           0.639228E-5        1.004436           0.543127E-5        1.004089
        6.990000           0.639265E-5        1.004436           0.543157E-5        1.004090
        6.992000           0.639302E-5        1.004436           0.543185E-5        1.004090
        6.993999           0.639338E-5        1.004437           0.543214E-5        1.004090
        6.995999           0.639375E-5        1.004437           0.543243E-5        1.004090
        6.997999           0.639412E-5        1.004437           0.543272E-5        1.004090
        7.000000           0.639449E-5        1.004437           0.543301E-5        1.004090
        7.002000           0.639486E-5        1.004437           0.543330E-5        1.004090
        7.003999           0.639523E-5        1.004437           0.543359E-5        1.004090
        7.005999           0.639560E-5        1.004437           0.543388E-5        1.004090
        7.007999           0.639597E-5        1.004437           0.543416E-5        1.004091
        7.010000           0.639634E-5        1.004438           0.543445E-5        1.004091
        7.012000           0.639671E-5        1.004438           0.543474E-5        1.004091
        7.013999           0.639707E-5        1.004438           0.543503E-5        1.004091
        7.015999           0.639744E-5        1.004438           0.543532E-5        1.004091
        7.017999           0.639781E-5        1.004438           0.543561E-5        1.004091
        7.020000           0.639818E-5        1.004438           0.543590E-5        1.004091
        7.021999           0.639855E-5        1.004438           0.543619E-5        1.004091
        7.023999           0.639892E-5        1.004439           0.543648E-5        1.004091
        7.025999           0.639929E-5        1.004439           0.543677E-5        1.004092
        7.028000           0.639966E-5        1.004439           0.543706E-5        1.004092
        7.030000           0.640003E-5        1.004439           0.543735E-5        1.004092
        7.032000           0.640040E-5        1.004439           0.543763E-5        1.004092
        7.033999           0.640077E-5        1.004439           0.543792E-5        1.004092
        7.035999           0.640114E-5        1.004439           0.543821E-5        1.004092
        7.038000           0.640151E-5        1.004439           0.543850E-5        1.004092
        7.039999           0.640188E-5        1.004439           0.543879E-5        1.004092
        7.041999           0.640225E-5        1.004440           0.543908E-5        1.004092
        7.043999           0.640262E-5        1.004440           0.543937E-5        1.004092
        7.045999           0.640299E-5        1.004440           0.543966E-5        1.004093
        7.048000           0.640335E-5        1.004440           0.543995E-5        1.004093
        7.050000           0.640372E-5        1.004440           0.544024E-5        1.004093
        7.052000           0.640410E-5        1.004440           0.544053E-5        1.004093
        7.053999           0.640446E-5        1.004440           0.544082E-5        1.004093
        7.055999           0.640484E-5        1.004441           0.544111E-5        1.004093
        7.058000           0.640520E-5        1.004441           0.544140E-5        1.004093
        7.059999           0.640557E-5        1.004441           0.544169E-5        1.004093
        7.061999           0.640594E-5        1.004441           0.544198E-5        1.004094
        7.063999           0.640632E-5        1.004441           0.544227E-5        1.004094
        7.065999           0.640668E-5        1.004441           0.544256E-5        1.004094
        7.068000           0.640706E-5        1.004441           0.544285E-5        1.004094
        7.070000           0.640743E-5        1.004441           0.544314E-5        1.004094
        7.072000           0.640779E-5        1.004442           0.544343E-5        1.004094
        7.073999           0.640816E-5        1.004442           0.544372E-5        1.004094
        7.075999           0.640853E-5        1.004442           0.544400E-5        1.004094
        7.078000           0.640891E-5        1.004442           0.544430E-5        1.004094
        7.079999           0.640928E-5        1.004442           0.544458E-5        1.004094
        7.081999           0.640965E-5        1.004442           0.544487E-5        1.004095
        7.083999           0.641002E-5        1.004442           0.544516E-5        1.004095
        7.085999           0.641039E-5        1.004442           0.544545E-5        1.004095
        7.088000           0.641076E-5        1.004443           0.544574E-5        1.004095
        7.090000           0.641113E-5        1.004443           0.544603E-5        1.004095
        7.092000           0.641150E-5        1.004443           0.544632E-5        1.004095
        7.093999           0.641187E-5        1.004443           0.544661E-5        1.004095
        7.095999           0.641224E-5        1.004443           0.544690E-5        1.004095
        7.098000           0.641261E-5        1.004443           0.544719E-5        1.004095
        7.099999           0.641298E-5        1.004443           0.544748E-5        1.004096
        7.101999           0.641335E-5        1.004444           0.544777E-5        1.004096
        7.103999           0.641372E-5        1.004444           0.544806E-5        1.004096
        7.106000           0.641409E-5        1.004444           0.544835E-5        1.004096
        7.108000           0.641446E-5        1.004444           0.544864E-5        1.004096
        7.110000           0.641483E-5        1.004444           0.544894E-5        1.004096
        7.112000           0.641520E-5        1.004444           0.544922E-5        1.004096
        7.113999           0.641558E-5        1.004444           0.544952E-5        1.004096
        7.116000           0.641595E-5        1.004444           0.544981E-5        1.004096
        7.118000           0.641632E-5        1.004444           0.545010E-5        1.004097
        7.119999           0.641669E-5        1.004445           0.545039E-5        1.004097
        7.121999           0.641706E-5        1.004445           0.545068E-5        1.004097
        7.123999           0.641743E-5        1.004445           0.545097E-5        1.004097
        7.126000           0.641780E-5        1.004445           0.545126E-5        1.004097
        7.128000           0.641817E-5        1.004445           0.545155E-5        1.004097
        7.130000           0.641854E-5        1.004445           0.545184E-5        1.004097
        7.131999           0.641891E-5        1.004445           0.545213E-5        1.004097
        7.133999           0.641928E-5        1.004446           0.545242E-5        1.004097
        7.136000           0.641966E-5        1.004446           0.545271E-5        1.004097
        7.138000           0.642003E-5        1.004446           0.545300E-5        1.004098
        7.139999           0.642040E-5        1.004446           0.545329E-5        1.004098
        7.141999           0.642077E-5        1.004446           0.545358E-5        1.004098
        7.143999           0.642114E-5        1.004446           0.545387E-5        1.004098
        7.146000           0.642151E-5        1.004446           0.545416E-5        1.004098
        7.148000           0.642188E-5        1.004446           0.545445E-5        1.004098
        7.150000           0.642225E-5        1.004447           0.545474E-5        1.004098
        7.151999           0.642263E-5        1.004447           0.545503E-5        1.004098
        7.153999           0.642300E-5        1.004447           0.545532E-5        1.004099
        7.156000           0.642337E-5        1.004447           0.545561E-5        1.004099
        7.158000           0.642374E-5        1.004447           0.545591E-5        1.004099
        7.159999           0.642411E-5        1.004447           0.545620E-5        1.004099
        7.161999           0.642448E-5        1.004447           0.545649E-5        1.004099
        7.163999           0.642485E-5        1.004447           0.545678E-5        1.004099
        7.166000           0.642523E-5        1.004448           0.545707E-5        1.004099
        7.168000           0.642560E-5        1.004448           0.545736E-5        1.004099
        7.170000           0.642597E-5        1.004448           0.545765E-5        1.004099
        7.171999           0.642634E-5        1.004448           0.545794E-5        1.004099
        7.173999           0.642671E-5        1.004448           0.545823E-5        1.004100
        7.176000           0.642708E-5        1.004448           0.545852E-5        1.004100
        7.177999           0.642746E-5        1.004448           0.545881E-5        1.004100
        7.179999           0.642783E-5        1.004449           0.545911E-5        1.004100
        7.181999           0.642820E-5        1.004449           0.545940E-5        1.004100
        7.184000           0.642857E-5        1.004449           0.545969E-5        1.004100
        7.186000           0.642894E-5        1.004449           0.545998E-5        1.004100
        7.188000           0.642932E-5        1.004449           0.546027E-5        1.004100
        7.190000           0.642969E-5        1.004449           0.546056E-5        1.004100
        7.191999           0.643006E-5        1.004449           0.546085E-5        1.004101
        7.194000           0.643043E-5        1.004449           0.546114E-5        1.004101
        7.196000           0.643080E-5        1.004449           0.546143E-5        1.004101
        7.197999           0.643118E-5        1.004450           0.546173E-5        1.004101
        7.199999           0.643155E-5        1.004450           0.546202E-5        1.004101
        7.201999           0.643192E-5        1.004450           0.546231E-5        1.004101
        7.204000           0.643229E-5        1.004450           0.546260E-5        1.004101
        7.206000           0.643266E-5        1.004450           0.546289E-5        1.004101
        7.208000           0.643304E-5        1.004450           0.546318E-5        1.004101
        7.210000           0.643341E-5        1.004450           0.546347E-5        1.004102
        7.211999           0.643378E-5        1.004451           0.546376E-5        1.004102
        7.214000           0.643415E-5        1.004451           0.546406E-5        1.004102
        7.216000           0.643453E-5        1.004451           0.546435E-5        1.004102
        7.217999           0.643490E-5        1.004451           0.546464E-5        1.004102
        7.219999           0.643527E-5        1.004451           0.546493E-5        1.004102
        7.221999           0.643564E-5        1.004451           0.546522E-5        1.004102
        7.224000           0.643602E-5        1.004451           0.546551E-5        1.004102
        7.226000           0.643639E-5        1.004452           0.546580E-5        1.004102
        7.228000           0.643676E-5        1.004452           0.546610E-5        1.004103
        7.229999           0.643714E-5        1.004452           0.546639E-5        1.004103
        7.231999           0.643751E-5        1.004452           0.546668E-5        1.004103
        7.234000           0.643788E-5        1.004452           0.546697E-5        1.004103
        7.236000           0.643825E-5        1.004452           0.546726E-5        1.004103
        7.237999           0.643863E-5        1.004452           0.546755E-5        1.004103
        7.239999           0.643900E-5        1.004452           0.546785E-5        1.004103
        7.241999           0.643937E-5        1.004452           0.546814E-5        1.004103
        7.244000           0.643974E-5        1.004453           0.546843E-5        1.004103
        7.245999           0.644012E-5        1.004453           0.546872E-5        1.004104
        7.247999           0.644049E-5        1.004453           0.546901E-5        1.004104
        7.249999           0.644086E-5        1.004453           0.546930E-5        1.004104
        7.251999           0.644124E-5        1.004453           0.546960E-5        1.004104
        7.254000           0.644161E-5        1.004453           0.546989E-5        1.004104
        7.256000           0.644198E-5        1.004453           0.547018E-5        1.004104
        7.257999           0.644236E-5        1.004454           0.547047E-5        1.004104
        7.259999           0.644273E-5        1.004454           0.547076E-5        1.004104
        7.262000           0.644310E-5        1.004454           0.547106E-5        1.004104
        7.263999           0.644347E-5        1.004454           0.547135E-5        1.004104
        7.265999           0.644385E-5        1.004454           0.547164E-5        1.004105
        7.267999           0.644422E-5        1.004454           0.547193E-5        1.004105
        7.269999           0.644459E-5        1.004454           0.547222E-5        1.004105
        7.272000           0.644497E-5        1.004454           0.547252E-5        1.004105
        7.274000           0.644534E-5        1.004454           0.547281E-5        1.004105
        7.276000           0.644571E-5        1.004455           0.547310E-5        1.004105
        7.277999           0.644609E-5        1.004455           0.547339E-5        1.004105
        7.279999           0.644646E-5        1.004455           0.547369E-5        1.004105
        7.282000           0.644684E-5        1.004455           0.547398E-5        1.004105
        7.283999           0.644721E-5        1.004455           0.547427E-5        1.004106
        7.285999           0.644758E-5        1.004455           0.547456E-5        1.004106
        7.287999           0.644796E-5        1.004455           0.547485E-5        1.004106
        7.289999           0.644833E-5        1.004456           0.547515E-5        1.004106
        7.292000           0.644870E-5        1.004456           0.547544E-5        1.004106
        7.294000           0.644908E-5        1.004456           0.547573E-5        1.004106
        7.296000           0.644945E-5        1.004456           0.547602E-5        1.004106
        7.297999           0.644982E-5        1.004456           0.547632E-5        1.004106
        7.299999           0.645020E-5        1.004456           0.547661E-5        1.004107
        7.302000           0.645057E-5        1.004456           0.547690E-5        1.004107
        7.303999           0.645095E-5        1.004457           0.547719E-5        1.004107
        7.305999           0.645132E-5        1.004457           0.547749E-5        1.004107
        7.307999           0.645169E-5        1.004457           0.547778E-5        1.004107
        7.309999           0.645207E-5        1.004457           0.547807E-5        1.004107
        7.312000           0.645244E-5        1.004457           0.547836E-5        1.004107
        7.314000           0.645282E-5        1.004457           0.547866E-5        1.004107
        7.316000           0.645319E-5        1.004457           0.547895E-5        1.004107
        7.317999           0.645356E-5        1.004457           0.547924E-5        1.004107
        7.319999           0.645394E-5        1.004457           0.547953E-5        1.004108
        7.322000           0.645431E-5        1.004458           0.547983E-5        1.004108
        7.323999           0.645469E-5        1.004458           0.548012E-5        1.004108
        7.325999           0.645506E-5        1.004458           0.548041E-5        1.004108
        7.327999           0.645544E-5        1.004458           0.548070E-5        1.004108
        7.330000           0.645581E-5        1.004458           0.548100E-5        1.004108
        7.332000           0.645618E-5        1.004458           0.548129E-5        1.004108
        7.334000           0.645656E-5        1.004458           0.548158E-5        1.004108
        7.335999           0.645693E-5        1.004459           0.548187E-5        1.004108
        7.337999           0.645731E-5        1.004459           0.548217E-5        1.004109
        7.340000           0.645768E-5        1.004459           0.548246E-5        1.004109
        7.342000           0.645805E-5        1.004459           0.548275E-5        1.004109
        7.343999           0.645843E-5        1.004459           0.548305E-5        1.004109
        7.345999           0.645881E-5        1.004459           0.548334E-5        1.004109
        7.347999           0.645918E-5        1.004459           0.548363E-5        1.004109
        7.350000           0.645955E-5        1.004460           0.548393E-5        1.004109
        7.352000           0.645993E-5        1.004460           0.548422E-5        1.004109
        7.354000           0.646030E-5        1.004460           0.548451E-5        1.004109
        7.355999           0.646068E-5        1.004460           0.548480E-5        1.004110
        7.357999           0.646105E-5        1.004460           0.548510E-5        1.004110
        7.360000           0.646143E-5        1.004460           0.548539E-5        1.004110
        7.362000           0.646180E-5        1.004460           0.548568E-5        1.004110
        7.363999           0.646218E-5        1.004460           0.548598E-5        1.004110
        7.365999           0.646255E-5        1.004460           0.548627E-5        1.004110
        7.367999           0.646293E-5        1.004461           0.548656E-5        1.004110
        7.370000           0.646330E-5        1.004461           0.548686E-5        1.004110
        7.372000           0.646368E-5        1.004461           0.548715E-5        1.004110
        7.374000           0.646405E-5        1.004461           0.548744E-5        1.004111
        7.375999           0.646443E-5        1.004461           0.548774E-5        1.004111
        7.377999           0.646480E-5        1.004461           0.548803E-5        1.004111
        7.380000           0.646518E-5        1.004461           0.548832E-5        1.004111
        7.381999           0.646555E-5        1.004462           0.548862E-5        1.004111
        7.383999           0.646593E-5        1.004462           0.548891E-5        1.004111
        7.385999           0.646630E-5        1.004462           0.548920E-5        1.004111
        7.387999           0.646668E-5        1.004462           0.548950E-5        1.004111
        7.390000           0.646705E-5        1.004462           0.548979E-5        1.004111
        7.392000           0.646743E-5        1.004462           0.549008E-5        1.004112
        7.394000           0.646780E-5        1.004462           0.549038E-5        1.004112
        7.395999           0.646818E-5        1.004462           0.549067E-5        1.004112
        7.397999           0.646855E-5        1.004463           0.549096E-5        1.004112
        7.400000           0.646893E-5        1.004463           0.549126E-5        1.004112
        7.401999           0.646931E-5        1.004463           0.549155E-5        1.004112
        7.403999           0.646968E-5        1.004463           0.549184E-5        1.004112
        7.405999           0.647006E-5        1.004463           0.549214E-5        1.004112
        7.408000           0.647043E-5        1.004463           0.549243E-5        1.004112
        7.410000           0.647081E-5        1.004463           0.549273E-5        1.004112
        7.412000           0.647118E-5        1.004463           0.549302E-5        1.004113
        7.414000           0.647156E-5        1.004464           0.549331E-5        1.004113
        7.415999           0.647193E-5        1.004464           0.549361E-5        1.004113
        7.418000           0.647231E-5        1.004464           0.549390E-5        1.004113
        7.420000           0.647269E-5        1.004464           0.549420E-5        1.004113
        7.421999           0.647306E-5        1.004464           0.549449E-5        1.004113
        7.423999           0.647344E-5        1.004464           0.549478E-5        1.004113
        7.425999           0.647381E-5        1.004464           0.549508E-5        1.004113
        7.428000           0.647419E-5        1.004465           0.549537E-5        1.004114
        7.430000           0.647456E-5        1.004465           0.549566E-5        1.004114
        7.432000           0.647494E-5        1.004465           0.549596E-5        1.004114
        7.434000           0.647532E-5        1.004465           0.549625E-5        1.004114
        7.435999           0.647569E-5        1.004465           0.549655E-5        1.004114
        7.438000           0.647607E-5        1.004465           0.549684E-5        1.004114
        7.440000           0.647644E-5        1.004465           0.549713E-5        1.004114
        7.441999           0.647682E-5        1.004465           0.549743E-5        1.004114
        7.443999           0.647720E-5        1.004466           0.549772E-5        1.004114
        7.445999           0.647757E-5        1.004466           0.549802E-5        1.004115
        7.448000           0.647795E-5        1.004466           0.549831E-5        1.004115
        7.450000           0.647833E-5        1.004466           0.549860E-5        1.004115
        7.452000           0.647870E-5        1.004466           0.549890E-5        1.004115
        7.453999           0.647908E-5        1.004466           0.549919E-5        1.004115
        7.455999           0.647946E-5        1.004466           0.549949E-5        1.004115
        7.458000           0.647983E-5        1.004466           0.549978E-5        1.004115
        7.460000           0.648021E-5        1.004467           0.550008E-5        1.004115
        7.461999           0.648058E-5        1.004467           0.550037E-5        1.004115
        7.463999           0.648096E-5        1.004467           0.550067E-5        1.004115
        7.465999           0.648134E-5        1.004467           0.550096E-5        1.004116
        7.468000           0.648171E-5        1.004467           0.550125E-5        1.004116
        7.470000           0.648209E-5        1.004467           0.550155E-5        1.004116
        7.471999           0.648247E-5        1.004467           0.550184E-5        1.004116
        7.473999           0.648284E-5        1.004467           0.550214E-5        1.004116
        7.475999           0.648322E-5        1.004468           0.550243E-5        1.004116
        7.478000           0.648360E-5        1.004468           0.550273E-5        1.004116
        7.480000           0.648397E-5        1.004468           0.550302E-5        1.004116
        7.481999           0.648435E-5        1.004468           0.550332E-5        1.004116
        7.483999           0.648473E-5        1.004468           0.550361E-5        1.004117
        7.486000           0.648510E-5        1.004468           0.550390E-5        1.004117
        7.488000           0.648548E-5        1.004468           0.550420E-5        1.004117
        7.489999           0.648586E-5        1.004469           0.550449E-5        1.004117
        7.491999           0.648624E-5        1.004469           0.550479E-5        1.004117
        7.493999           0.648661E-5        1.004469           0.550508E-5        1.004117
        7.496000           0.648699E-5        1.004469           0.550538E-5        1.004117
        7.498000           0.648736E-5        1.004469           0.550567E-5        1.004117
        7.500000           0.648774E-5        1.004469           0.550597E-5        1.004117
        7.501999           0.648812E-5        1.004469           0.550626E-5        1.004118
        7.503999           0.648850E-5        1.004469           0.550656E-5        1.004118
        7.506000           0.648887E-5        1.004470           0.550685E-5        1.004118
        7.507999           0.648925E-5        1.004470           0.550715E-5        1.004118
        7.509999           0.648963E-5        1.004470           0.550744E-5        1.004118
        7.511999           0.649001E-5        1.004470           0.550774E-5        1.004118
        7.513999           0.649038E-5        1.004470           0.550803E-5        1.004118
        7.516000           0.649076E-5        1.004470           0.550833E-5        1.004118
        7.518000           0.649114E-5        1.004470           0.550862E-5        1.004118
        7.520000           0.649152E-5        1.004470           0.550892E-5        1.004119
        7.521999           0.649189E-5        1.004471           0.550921E-5        1.004119
        7.523999           0.649227E-5        1.004471           0.550951E-5        1.004119
        7.526000           0.649265E-5        1.004471           0.550980E-5        1.004119
        7.527999           0.649302E-5        1.004471           0.551010E-5        1.004119
        7.529999           0.649340E-5        1.004471           0.551039E-5        1.004119
        7.531999           0.649378E-5        1.004471           0.551068E-5        1.004119
        7.533999           0.649416E-5        1.004471           0.551098E-5        1.004119
        7.536000           0.649454E-5        1.004472           0.551128E-5        1.004119
        7.538000           0.649491E-5        1.004472           0.551157E-5        1.004120
        7.539999           0.649529E-5        1.004472           0.551187E-5        1.004120
        7.541999           0.649567E-5        1.004472           0.551216E-5        1.004120
        7.543999           0.649605E-5        1.004472           0.551246E-5        1.004120
        7.546000           0.649642E-5        1.004472           0.551275E-5        1.004120
        7.547999           0.649680E-5        1.004472           0.551305E-5        1.004120
        7.549999           0.649718E-5        1.004472           0.551334E-5        1.004120
        7.551999           0.649756E-5        1.004472           0.551364E-5        1.004120
        7.554000           0.649794E-5        1.004473           0.551393E-5        1.004120
        7.556000           0.649831E-5        1.004473           0.551423E-5        1.004121
        7.558000           0.649869E-5        1.004473           0.551453E-5        1.004121
        7.559999           0.649907E-5        1.004473           0.551482E-5        1.004121
        7.561999           0.649945E-5        1.004473           0.551511E-5        1.004121
        7.564000           0.649983E-5        1.004473           0.551541E-5        1.004121
        7.566000           0.650020E-5        1.004473           0.551571E-5        1.004121
        7.567999           0.650058E-5        1.004474           0.551600E-5        1.004121
        7.569999           0.650096E-5        1.004474           0.551630E-5        1.004121
        7.571999           0.650134E-5        1.004474           0.551659E-5        1.004121
        7.574000           0.650172E-5        1.004474           0.551689E-5        1.004122
        7.576000           0.650210E-5        1.004474           0.551718E-5        1.004122
        7.578000           0.650247E-5        1.004474           0.551748E-5        1.004122
        7.579999           0.650285E-5        1.004474           0.551778E-5        1.004122
        7.581999           0.650323E-5        1.004475           0.551807E-5        1.004122
        7.584000           0.650361E-5        1.004475           0.551837E-5        1.004122
        7.585999           0.650399E-5        1.004475           0.551866E-5        1.004122
        7.587999           0.650437E-5        1.004475           0.551896E-5        1.004122
        7.589999           0.650475E-5        1.004475           0.551925E-5        1.004122
        7.591999           0.650512E-5        1.004475           0.551955E-5        1.004122
        7.594000           0.650550E-5        1.004475           0.551985E-5        1.004123
        7.596000           0.650588E-5        1.004475           0.552014E-5        1.004123
        7.598000           0.650626E-5        1.004475           0.552044E-5        1.004123
        7.599999           0.650664E-5        1.004476           0.552073E-5        1.004123
        7.601999           0.650702E-5        1.004476           0.552103E-5        1.004123
        7.604000           0.650740E-5        1.004476           0.552133E-5        1.004123
        7.605999           0.650777E-5        1.004476           0.552162E-5        1.004123
        7.607999           0.650815E-5        1.004476           0.552192E-5        1.004123
        7.609999           0.650853E-5        1.004476           0.552222E-5        1.004124
        7.611999           0.650891E-5        1.004476           0.552251E-5        1.004124
        7.614000           0.650929E-5        1.004477           0.552281E-5        1.004124
        7.616000           0.650967E-5        1.004477           0.552310E-5        1.004124
        7.618000           0.651005E-5        1.004477           0.552340E-5        1.004124
        7.619999           0.651043E-5        1.004477           0.552369E-5        1.004124
        7.621999           0.651081E-5        1.004477           0.552399E-5        1.004124
        7.624000           0.651118E-5        1.004477           0.552429E-5        1.004124
        7.625999           0.651156E-5        1.004477           0.552458E-5        1.004124
        7.627999           0.651194E-5        1.004478           0.552488E-5        1.004125
        7.629999           0.651232E-5        1.004478           0.552518E-5        1.004125
        7.632000           0.651270E-5        1.004478           0.552547E-5        1.004125
        7.634000           0.651308E-5        1.004478           0.552577E-5        1.004125
        7.636000           0.651346E-5        1.004478           0.552607E-5        1.004125
        7.638000           0.651384E-5        1.004478           0.552636E-5        1.004125
        7.639999           0.651422E-5        1.004478           0.552666E-5        1.004125
        7.642000           0.651460E-5        1.004478           0.552695E-5        1.004125
        7.644000           0.651498E-5        1.004479           0.552725E-5        1.004125
        7.645999           0.651536E-5        1.004479           0.552755E-5        1.004125
        7.647999           0.651574E-5        1.004479           0.552784E-5        1.004126
        7.649999           0.651612E-5        1.004479           0.552814E-5        1.004126
        7.652000           0.651650E-5        1.004479           0.552844E-5        1.004126
        7.654000           0.651688E-5        1.004479           0.552873E-5        1.004126
        7.656000           0.651725E-5        1.004479           0.552903E-5        1.004126
        7.658000           0.651763E-5        1.004479           0.552933E-5        1.004126
        7.659999           0.651802E-5        1.004480           0.552962E-5        1.004126
        7.662000           0.651839E-5        1.004480           0.552992E-5        1.004126
        7.664000           0.651877E-5        1.004480           0.553022E-5        1.004127
        7.665999           0.651915E-5        1.004480           0.553051E-5        1.004127
        7.667999           0.651953E-5        1.004480           0.553081E-5        1.004127
        7.669999           0.651991E-5        1.004480           0.553111E-5        1.004127
        7.672000           0.652029E-5        1.004480           0.553140E-5        1.004127
        7.674000           0.652067E-5        1.004480           0.553170E-5        1.004127
        7.676000           0.652105E-5        1.004481           0.553200E-5        1.004127
        7.677999           0.652143E-5        1.004481           0.553230E-5        1.004127
        7.679999           0.652181E-5        1.004481           0.553259E-5        1.004127
        7.682000           0.652219E-5        1.004481           0.553289E-5        1.004128
        7.684000           0.652257E-5        1.004481           0.553319E-5        1.004128
        7.685999           0.652295E-5        1.004481           0.553348E-5        1.004128
        7.687999           0.652333E-5        1.004481           0.553378E-5        1.004128
        7.689999           0.652371E-5        1.004482           0.553408E-5        1.004128
        7.692000           0.652410E-5        1.004482           0.553437E-5        1.004128
        7.694000           0.652447E-5        1.004482           0.553467E-5        1.004128
        7.695999           0.652486E-5        1.004482           0.553497E-5        1.004128
        7.697999           0.652524E-5        1.004482           0.553527E-5        1.004128
        7.699999           0.652561E-5        1.004482           0.553556E-5        1.004128
        7.702000           0.652600E-5        1.004482           0.553586E-5        1.004129
        7.704000           0.652638E-5        1.004482           0.553616E-5        1.004129
        7.705999           0.652676E-5        1.004483           0.553645E-5        1.004129
        7.707999           0.652714E-5        1.004483           0.553675E-5        1.004129
        7.710000           0.652752E-5        1.004483           0.553705E-5        1.004129
        7.712000           0.652790E-5        1.004483           0.553735E-5        1.004129
        7.713999           0.652828E-5        1.004483           0.553764E-5        1.004129
        7.715999           0.652866E-5        1.004483           0.553794E-5        1.004129
        7.717999           0.652904E-5        1.004483           0.553824E-5        1.004130
        7.720000           0.652942E-5        1.004483           0.553853E-5        1.004130
        7.722000           0.652980E-5        1.004484           0.553883E-5        1.004130
        7.724000           0.653018E-5        1.004484           0.553913E-5        1.004130
        7.725999           0.653056E-5        1.004484           0.553943E-5        1.004130
        7.727999           0.653094E-5        1.004484           0.553972E-5        1.004130
        7.730000           0.653133E-5        1.004484           0.554002E-5        1.004130
        7.731999           0.653171E-5        1.004484           0.554032E-5        1.004130
        7.733999           0.653209E-5        1.004484           0.554062E-5        1.004130
        7.735999           0.653247E-5        1.004485           0.554091E-5        1.004130
        7.737999           0.653285E-5        1.004485           0.554121E-5        1.004131
        7.740000           0.653323E-5        1.004485           0.554151E-5        1.004131
        7.742000           0.653361E-5        1.004485           0.554181E-5        1.004131
        7.743999           0.653399E-5        1.004485           0.554210E-5        1.004131
        7.745999           0.653437E-5        1.004485           0.554240E-5        1.004131
        7.747999           0.653475E-5        1.004485           0.554270E-5        1.004131
        7.750000           0.653514E-5        1.004485           0.554300E-5        1.004131
        7.751999           0.653552E-5        1.004486           0.554330E-5        1.004131
        7.753999           0.653590E-5        1.004486           0.554359E-5        1.004132
        7.755999           0.653628E-5        1.004486           0.554389E-5        1.004132
        7.757999           0.653666E-5        1.004486           0.554419E-5        1.004132
        7.760000           0.653704E-5        1.004486           0.554449E-5        1.004132
        7.762000           0.653742E-5        1.004486           0.554479E-5        1.004132
        7.763999           0.653780E-5        1.004486           0.554508E-5        1.004132
        7.765999           0.653819E-5        1.004486           0.554538E-5        1.004132
        7.767999           0.653857E-5        1.004487           0.554568E-5        1.004132
        7.770000           0.653895E-5        1.004487           0.554598E-5        1.004132
        7.771999           0.653933E-5        1.004487           0.554627E-5        1.004133
        7.773999           0.653971E-5        1.004487           0.554657E-5        1.004133
        7.775999           0.654010E-5        1.004487           0.554687E-5        1.004133
        7.777999           0.654048E-5        1.004487           0.554717E-5        1.004133
        7.780000           0.654086E-5        1.004487           0.554747E-5        1.004133
        7.782000           0.654124E-5        1.004488           0.554777E-5        1.004133
        7.783999           0.654162E-5        1.004488           0.554806E-5        1.004133
        7.785999           0.654200E-5        1.004488           0.554836E-5        1.004133
        7.788000           0.654238E-5        1.004488           0.554866E-5        1.004133
        7.789999           0.654277E-5        1.004488           0.554896E-5        1.004133
        7.791999           0.654315E-5        1.004488           0.554926E-5        1.004134
        7.793999           0.654353E-5        1.004488           0.554955E-5        1.004134
        7.795999           0.654391E-5        1.004488           0.554985E-5        1.004134
        7.798000           0.654429E-5        1.004489           0.555015E-5        1.004134
        7.800000           0.654468E-5        1.004489           0.555045E-5        1.004134
        7.802000           0.654506E-5        1.004489           0.555075E-5        1.004134
        7.803999           0.654544E-5        1.004489           0.555105E-5        1.004134
        7.805999           0.654582E-5        1.004489           0.555134E-5        1.004134
        7.808000           0.654621E-5        1.004489           0.555164E-5        1.004135
        7.809999           0.654659E-5        1.004489           0.555194E-5        1.004135
        7.811999           0.654697E-5        1.004490           0.555224E-5        1.004135
        7.813999           0.654735E-5        1.004490           0.555254E-5        1.004135
        7.815999           0.654773E-5        1.004490           0.555284E-5        1.004135
        7.818000           0.654812E-5        1.004490           0.555314E-5        1.004135
        7.820000           0.654850E-5        1.004490           0.555343E-5        1.004135
        7.822000           0.654888E-5        1.004490           0.555373E-5        1.004135
        7.823999           0.654926E-5        1.004490           0.555403E-5        1.004135
        7.825999           0.654965E-5        1.004490           0.555433E-5        1.004135
        7.828000           0.655003E-5        1.004490           0.555463E-5        1.004136
        7.829999           0.655041E-5        1.004491           0.555493E-5        1.004136
        7.831999           0.655079E-5        1.004491           0.555523E-5        1.004136
        7.833999           0.655118E-5        1.004491           0.555553E-5        1.004136
        7.835999           0.655156E-5        1.004491           0.555582E-5        1.004136
        7.838000           0.655194E-5        1.004491           0.555612E-5        1.004136
        7.840000           0.655233E-5        1.004491           0.555642E-5        1.004136
        7.842000           0.655271E-5        1.004491           0.555672E-5        1.004136
        7.843999           0.655309E-5        1.004492           0.555702E-5        1.004136
        7.845999           0.655347E-5        1.004492           0.555732E-5        1.004137
        7.848000           0.655386E-5        1.004492           0.555762E-5        1.004137
        7.849999           0.655424E-5        1.004492           0.555791E-5        1.004137
        7.851999           0.655462E-5        1.004492           0.555821E-5        1.004137
        7.853999           0.655501E-5        1.004492           0.555851E-5        1.004137
        7.856000           0.655539E-5        1.004492           0.555881E-5        1.004137
        7.858000           0.655577E-5        1.004493           0.555911E-5        1.004137
        7.860000           0.655615E-5        1.004493           0.555941E-5        1.004137
        7.862000           0.655654E-5        1.004493           0.555971E-5        1.004138
        7.863999           0.655692E-5        1.004493           0.556001E-5        1.004138
        7.866000           0.655730E-5        1.004493           0.556031E-5        1.004138
        7.868000           0.655769E-5        1.004493           0.556061E-5        1.004138
        7.869999           0.655807E-5        1.004493           0.556091E-5        1.004138
        7.871999           0.655845E-5        1.004493           0.556121E-5        1.004138
        7.873999           0.655884E-5        1.004494           0.556150E-5        1.004138
        7.876000           0.655922E-5        1.004494           0.556181E-5        1.004138
        7.878000           0.655960E-5        1.004494           0.556210E-5        1.004138
        7.880000           0.655999E-5        1.004494           0.556240E-5        1.004138
        7.881999           0.656037E-5        1.004494           0.556270E-5        1.004139
        7.883999           0.656076E-5        1.004494           0.556300E-5        1.004139
        7.886000           0.656114E-5        1.004494           0.556330E-5        1.004139
        7.888000           0.656152E-5        1.004494           0.556360E-5        1.004139
        7.889999           0.656190E-5        1.004495           0.556390E-5        1.004139
        7.891999           0.656229E-5        1.004495           0.556420E-5        1.004139
        7.893999           0.656267E-5        1.004495           0.556450E-5        1.004139
        7.896000           0.656306E-5        1.004495           0.556480E-5        1.004139
        7.898000           0.656344E-5        1.004495           0.556510E-5        1.004140
        7.900000           0.656382E-5        1.004495           0.556540E-5        1.004140
        7.901999           0.656421E-5        1.004495           0.556570E-5        1.004140
        7.903999           0.656459E-5        1.004496           0.556600E-5        1.004140
        7.906000           0.656497E-5        1.004496           0.556630E-5        1.004140
        7.908000           0.656536E-5        1.004496           0.556660E-5        1.004140
        7.909999           0.656574E-5        1.004496           0.556690E-5        1.004140
        7.911999           0.656613E-5        1.004496           0.556719E-5        1.004140
        7.913999           0.656651E-5        1.004496           0.556749E-5        1.004140
        7.916000           0.656689E-5        1.004496           0.556779E-5        1.004140
        7.918000           0.656728E-5        1.004496           0.556809E-5        1.004141
        7.920000           0.656766E-5        1.004497           0.556839E-5        1.004141
        7.921999           0.656805E-5        1.004497           0.556869E-5        1.004141
        7.923999           0.656843E-5        1.004497           0.556899E-5        1.004141
        7.926000           0.656882E-5        1.004497           0.556929E-5        1.004141
        7.927999           0.656920E-5        1.004497           0.556959E-5        1.004141
        7.929999           0.656958E-5        1.004497           0.556989E-5        1.004141
        7.931999           0.656997E-5        1.004497           0.557019E-5        1.004141
        7.934000           0.657035E-5        1.004498           0.557049E-5        1.004141
        7.936000           0.657074E-5        1.004498           0.557079E-5        1.004142
        7.938000           0.657112E-5        1.004498           0.557109E-5        1.004142
        7.939999           0.657150E-5        1.004498           0.557139E-5        1.004142
        7.941999           0.657189E-5        1.004498           0.557169E-5        1.004142
        7.944000           0.657227E-5        1.004498           0.557199E-5        1.004142
        7.946000           0.657266E-5        1.004498           0.557229E-5        1.004142
        7.947999           0.657304E-5        1.004498           0.557259E-5        1.004142
        7.949999           0.657343E-5        1.004499           0.557289E-5        1.004142
        7.951999           0.657381E-5        1.004499           0.557319E-5        1.004143
        7.954000           0.657419E-5        1.004499           0.557349E-5        1.004143
        7.955999           0.657458E-5        1.004499           0.557379E-5        1.004143
        7.957999           0.657497E-5        1.004499           0.557409E-5        1.004143
        7.959999           0.657535E-5        1.004499           0.557439E-5        1.004143
        7.961999           0.657573E-5        1.004499           0.557469E-5        1.004143
        7.964000           0.657612E-5        1.004499           0.557500E-5        1.004143
        7.966000           0.657650E-5        1.004500           0.557529E-5        1.004143
        7.967999           0.657689E-5        1.004500           0.557559E-5        1.004143
        7.969999           0.657727E-5        1.004500           0.557590E-5        1.004143
        7.971999           0.657766E-5        1.004500           0.557620E-5        1.004144
        7.974000           0.657804E-5        1.004500           0.557650E-5        1.004144
        7.975999           0.657843E-5        1.004500           0.557680E-5        1.004144
        7.977999           0.657881E-5        1.004500           0.557710E-5        1.004144
        7.979999           0.657920E-5        1.004501           0.557740E-5        1.004144
        7.981999           0.657958E-5        1.004501           0.557770E-5        1.004144
        7.984000           0.657997E-5        1.004501           0.557800E-5        1.004144
        7.986000           0.658036E-5        1.004501           0.557830E-5        1.004144
        7.987999           0.658074E-5        1.004501           0.557860E-5        1.004145
        7.989999           0.658113E-5        1.004501           0.557890E-5        1.004145
        7.991999           0.658151E-5        1.004501           0.557920E-5        1.004145
        7.993999           0.658190E-5        1.004501           0.557950E-5        1.004145
        7.995999           0.658228E-5        1.004502           0.557980E-5        1.004145
        7.997999           0.658267E-5        1.004502           0.558010E-5        1.004145
        7.999999           0.658305E-5        1.004502           0.558040E-5        1.004145
        8.001999           0.658344E-5        1.004502           0.558071E-5        1.004145
        8.004000           0.658382E-5        1.004502           0.558101E-5        1.004145
        8.006000           0.658421E-5        1.004502           0.558131E-5        1.004146
        8.007999           0.658459E-5        1.004502           0.558161E-5        1.004146
        8.009999           0.658498E-5        1.004503           0.558191E-5        1.004146
        8.012000           0.658537E-5        1.004503           0.558221E-5        1.004146
        8.014000           0.658575E-5        1.004503           0.558251E-5        1.004146
        8.016000           0.658614E-5        1.004503           0.558281E-5        1.004146
        8.018000           0.658652E-5        1.004503           0.558311E-5        1.004146
        8.020000           0.658691E-5        1.004503           0.558341E-5        1.004146
        8.021999           0.658729E-5        1.004503           0.558372E-5        1.004146
        8.023999           0.658768E-5        1.004503           0.558402E-5        1.004147
        8.025999           0.658807E-5        1.004504           0.558432E-5        1.004147
        8.027999           0.658845E-5        1.004504           0.558462E-5        1.004147
        8.029999           0.658884E-5        1.004504           0.558492E-5        1.004147
        8.032000           0.658922E-5        1.004504           0.558522E-5        1.004147
        8.033999           0.658961E-5        1.004504           0.558552E-5        1.004147
        8.035999           0.659000E-5        1.004504           0.558582E-5        1.004147
        8.037999           0.659038E-5        1.004504           0.558613E-5        1.004147
        8.039999           0.659077E-5        1.004504           0.558643E-5        1.004147
        8.042000           0.659115E-5        1.004505           0.558673E-5        1.004148
        8.044000           0.659154E-5        1.004505           0.558703E-5        1.004148
        8.046000           0.659193E-5        1.004505           0.558733E-5        1.004148
        8.047999           0.659231E-5        1.004505           0.558763E-5        1.004148
        8.049999           0.659270E-5        1.004505           0.558793E-5        1.004148
        8.052000           0.659308E-5        1.004505           0.558823E-5        1.004148
        8.054000           0.659347E-5        1.004505           0.558853E-5        1.004148
        8.056000           0.659386E-5        1.004506           0.558884E-5        1.004148
        8.058000           0.659424E-5        1.004506           0.558914E-5        1.004148
        8.059999           0.659463E-5        1.004506           0.558944E-5        1.004148
        8.061999           0.659502E-5        1.004506           0.558974E-5        1.004149
        8.063999           0.659540E-5        1.004506           0.559004E-5        1.004149
        8.065999           0.659579E-5        1.004506           0.559034E-5        1.004149
        8.067999           0.659618E-5        1.004506           0.559064E-5        1.004149
        8.069999           0.659656E-5        1.004506           0.559095E-5        1.004149
        8.072000           0.659695E-5        1.004507           0.559125E-5        1.004149
        8.073999           0.659734E-5        1.004507           0.559155E-5        1.004149
        8.075999           0.659772E-5        1.004507           0.559185E-5        1.004149
        8.077999           0.659811E-5        1.004507           0.559215E-5        1.004150
        8.080000           0.659850E-5        1.004507           0.559246E-5        1.004150
        8.082000           0.659888E-5        1.004507           0.559276E-5        1.004150
        8.084000           0.659927E-5        1.004507           0.559306E-5        1.004150
        8.085999           0.659966E-5        1.004508           0.559336E-5        1.004150
        8.087999           0.660004E-5        1.004508           0.559366E-5        1.004150
        8.090000           0.660043E-5        1.004508           0.559396E-5        1.004150
        8.092000           0.660082E-5        1.004508           0.559427E-5        1.004150
        8.094000           0.660121E-5        1.004508           0.559457E-5        1.004150
        8.096000           0.660159E-5        1.004508           0.559487E-5        1.004151
        8.098000           0.660198E-5        1.004508           0.559517E-5        1.004151
        8.099999           0.660237E-5        1.004508           0.559547E-5        1.004151
        8.101999           0.660275E-5        1.004509           0.559578E-5        1.004151
        8.103999           0.660314E-5        1.004509           0.559608E-5        1.004151
        8.105999           0.660353E-5        1.004509           0.559638E-5        1.004151
        8.107999           0.660391E-5        1.004509           0.559668E-5        1.004151
        8.110000           0.660430E-5        1.004509           0.559698E-5        1.004151
        8.112000           0.660469E-5        1.004509           0.559729E-5        1.004151
        8.113999           0.660508E-5        1.004509           0.559759E-5        1.004152
        8.115999           0.660546E-5        1.004509           0.559789E-5        1.004152
        8.117999           0.660585E-5        1.004510           0.559819E-5        1.004152
        8.120000           0.660624E-5        1.004510           0.559849E-5        1.004152
        8.122000           0.660662E-5        1.004510           0.559880E-5        1.004152
        8.124000           0.660701E-5        1.004510           0.559910E-5        1.004152
        8.125999           0.660740E-5        1.004510           0.559940E-5        1.004152
        8.127999           0.660779E-5        1.004510           0.559970E-5        1.004152
        8.130000           0.660818E-5        1.004510           0.560001E-5        1.004152
        8.132000           0.660856E-5        1.004511           0.560031E-5        1.004153
        8.134000           0.660895E-5        1.004511           0.560061E-5        1.004153
        8.136000           0.660934E-5        1.004511           0.560091E-5        1.004153
        8.137999           0.660973E-5        1.004511           0.560122E-5        1.004153
        8.139999           0.661011E-5        1.004511           0.560152E-5        1.004153
        8.141999           0.661050E-5        1.004511           0.560182E-5        1.004153
        8.143999           0.661089E-5        1.004511           0.560212E-5        1.004153
        8.145999           0.661128E-5        1.004511           0.560243E-5        1.004153
        8.147999           0.661167E-5        1.004512           0.560273E-5        1.004153
        8.150000           0.661205E-5        1.004512           0.560303E-5        1.004154
        8.151999           0.661244E-5        1.004512           0.560333E-5        1.004154
        8.153999           0.661283E-5        1.004512           0.560364E-5        1.004154
        8.155999           0.661322E-5        1.004512           0.560394E-5        1.004154
        8.158000           0.661361E-5        1.004512           0.560424E-5        1.004154
        8.160000           0.661400E-5        1.004512           0.560455E-5        1.004154
        8.162000           0.661438E-5        1.004513           0.560485E-5        1.004154
        8.164000           0.661477E-5        1.004513           0.560515E-5        1.004154
        8.165999           0.661516E-5        1.004513           0.560545E-5        1.004154
        8.168000           0.661555E-5        1.004513           0.560576E-5        1.004155
        8.170000           0.661594E-5        1.004513           0.560606E-5        1.004155
        8.171999           0.661632E-5        1.004513           0.560636E-5        1.004155
        8.173999           0.661671E-5        1.004513           0.560667E-5        1.004155
        8.175999           0.661710E-5        1.004514           0.560697E-5        1.004155
        8.177999           0.661749E-5        1.004514           0.560727E-5        1.004155
        8.179999           0.661788E-5        1.004514           0.560757E-5        1.004155
        8.181999           0.661827E-5        1.004514           0.560788E-5        1.004155
        8.183999           0.661865E-5        1.004514           0.560818E-5        1.004156
        8.185999           0.661904E-5        1.004514           0.560848E-5        1.004156
        8.188000           0.661943E-5        1.004514           0.560879E-5        1.004156
        8.190000           0.661982E-5        1.004514           0.560909E-5        1.004156
        8.191999           0.662021E-5        1.004515           0.560939E-5        1.004156
        8.193999           0.662060E-5        1.004515           0.560969E-5        1.004156
        8.195999           0.662099E-5        1.004515           0.561000E-5        1.004156
        8.198000           0.662138E-5        1.004515           0.561030E-5        1.004156
        8.200000           0.662176E-5        1.004515           0.561060E-5        1.004156
        8.202000           0.662215E-5        1.004515           0.561091E-5        1.004156
        8.204000           0.662254E-5        1.004515           0.561121E-5        1.004157
        8.205999           0.662293E-5        1.004515           0.561151E-5        1.004157
        8.207999           0.662332E-5        1.004516           0.561182E-5        1.004157
        8.209999           0.662371E-5        1.004516           0.561212E-5        1.004157
        8.211999           0.662410E-5        1.004516           0.561242E-5        1.004157
        8.213999           0.662449E-5        1.004516           0.561273E-5        1.004157
        8.215999           0.662488E-5        1.004516           0.561303E-5        1.004157
        8.217999           0.662527E-5        1.004516           0.561333E-5        1.004157
        8.219999           0.662566E-5        1.004516           0.561364E-5        1.004158
        8.221999           0.662604E-5        1.004516           0.561394E-5        1.004158
        8.223999           0.662643E-5        1.004517           0.561424E-5        1.004158
        8.225999           0.662682E-5        1.004517           0.561455E-5        1.004158
        8.228000           0.662721E-5        1.004517           0.561485E-5        1.004158
        8.230000           0.662760E-5        1.004517           0.561515E-5        1.004158
        8.231999           0.662799E-5        1.004517           0.561546E-5        1.004158
        8.233999           0.662838E-5        1.004517           0.561576E-5        1.004158
        8.236000           0.662877E-5        1.004517           0.561607E-5        1.004158
        8.238000           0.662916E-5        1.004518           0.561637E-5        1.004158
        8.240000           0.662955E-5        1.004518           0.561667E-5        1.004159
        8.242000           0.662994E-5        1.004518           0.561698E-5        1.004159
        8.243999           0.663033E-5        1.004518           0.561728E-5        1.004159
        8.245999           0.663072E-5        1.004518           0.561759E-5        1.004159
        8.247999           0.663111E-5        1.004518           0.561789E-5        1.004159
        8.249999           0.663150E-5        1.004518           0.561819E-5        1.004159
        8.251999           0.663189E-5        1.004519           0.561849E-5        1.004159
        8.253999           0.663228E-5        1.004519           0.561880E-5        1.004159
        8.256000           0.663267E-5        1.004519           0.561910E-5        1.004160
        8.257999           0.663305E-5        1.004519           0.561941E-5        1.004160
        8.259999           0.663345E-5        1.004519           0.561971E-5        1.004160
        8.261999           0.663384E-5        1.004519           0.562001E-5        1.004160
        8.263999           0.663422E-5        1.004519           0.562032E-5        1.004160
        8.266000           0.663461E-5        1.004519           0.562062E-5        1.004160
        8.268000           0.663501E-5        1.004520           0.562093E-5        1.004160
        8.270000           0.663540E-5        1.004520           0.562123E-5        1.004160
        8.271999           0.663579E-5        1.004520           0.562154E-5        1.004160
        8.273999           0.663617E-5        1.004520           0.562184E-5        1.004161
        8.276000           0.663657E-5        1.004520           0.562214E-5        1.004161
        8.278000           0.663696E-5        1.004520           0.562245E-5        1.004161
        8.280000           0.663735E-5        1.004520           0.562275E-5        1.004161
        8.282000           0.663773E-5        1.004521           0.562306E-5        1.004161
        8.283999           0.663813E-5        1.004521           0.562336E-5        1.004161
        8.285999           0.663852E-5        1.004521           0.562366E-5        1.004161
        8.287999           0.663891E-5        1.004521           0.562397E-5        1.004161
        8.289999           0.663930E-5        1.004521           0.562427E-5        1.004161
        8.291999           0.663969E-5        1.004521           0.562458E-5        1.004162
        8.293999           0.664008E-5        1.004521           0.562488E-5        1.004162
        8.296000           0.664047E-5        1.004521           0.562519E-5        1.004162
        8.297999           0.664086E-5        1.004521           0.562549E-5        1.004162
        8.299999           0.664125E-5        1.004522           0.562580E-5        1.004162
        8.301999           0.664164E-5        1.004522           0.562610E-5        1.004162
        8.303999           0.664203E-5        1.004522           0.562640E-5        1.004162
        8.306000           0.664242E-5        1.004522           0.562671E-5        1.004162
        8.308000           0.664281E-5        1.004522           0.562701E-5        1.004162
        8.309999           0.664320E-5        1.004522           0.562732E-5        1.004163
        8.311999           0.664359E-5        1.004522           0.562762E-5        1.004163
        8.314000           0.664398E-5        1.004523           0.562793E-5        1.004163
        8.316000           0.664438E-5        1.004523           0.562823E-5        1.004163
        8.318000           0.664477E-5        1.004523           0.562854E-5        1.004163
        8.320000           0.664516E-5        1.004523           0.562884E-5        1.004163
        8.322000           0.664555E-5        1.004523           0.562915E-5        1.004163
        8.323999           0.664594E-5        1.004523           0.562945E-5        1.004163
        8.325999           0.664633E-5        1.004523           0.562976E-5        1.004164
        8.327999           0.664672E-5        1.004524           0.563006E-5        1.004164
        8.329999           0.664711E-5        1.004524           0.563036E-5        1.004164
        8.331999           0.664750E-5        1.004524           0.563067E-5        1.004164
        8.334000           0.664790E-5        1.004524           0.563097E-5        1.004164
        8.335999           0.664829E-5        1.004524           0.563128E-5        1.004164
        8.337999           0.664868E-5        1.004524           0.563158E-5        1.004164
        8.339999           0.664907E-5        1.004524           0.563189E-5        1.004164
        8.341999           0.664946E-5        1.004524           0.563219E-5        1.004164
        8.344000           0.664985E-5        1.004525           0.563250E-5        1.004164
        8.346000           0.665024E-5        1.004525           0.563280E-5        1.004165
        8.348000           0.665063E-5        1.004525           0.563311E-5        1.004165
        8.349999           0.665102E-5        1.004525           0.563341E-5        1.004165
        8.351999           0.665142E-5        1.004525           0.563372E-5        1.004165
        8.354000           0.665181E-5        1.004525           0.563403E-5        1.004165
        8.356000           0.665220E-5        1.004525           0.563433E-5        1.004165
        8.358000           0.665259E-5        1.004526           0.563463E-5        1.004165
        8.360000           0.665298E-5        1.004526           0.563494E-5        1.004165
        8.361999           0.665337E-5        1.004526           0.563525E-5        1.004166
        8.363999           0.665376E-5        1.004526           0.563555E-5        1.004166
        8.365999           0.665416E-5        1.004526           0.563586E-5        1.004166
        8.367999           0.665455E-5        1.004526           0.563616E-5        1.004166
        8.369999           0.665494E-5        1.004526           0.563647E-5        1.004166
        8.371999           0.665533E-5        1.004526           0.563677E-5        1.004166
        8.374000           0.665572E-5        1.004527           0.563708E-5        1.004166
        8.375999           0.665612E-5        1.004527           0.563738E-5        1.004166
        8.377999           0.665651E-5        1.004527           0.563769E-5        1.004166
        8.379999           0.665690E-5        1.004527           0.563799E-5        1.004166
        8.382000           0.665729E-5        1.004527           0.563830E-5        1.004167
        8.384000           0.665768E-5        1.004527           0.563860E-5        1.004167
        8.386000           0.665808E-5        1.004527           0.563891E-5        1.004167
        8.388000           0.665847E-5        1.004528           0.563921E-5        1.004167
        8.389999           0.665886E-5        1.004528           0.563952E-5        1.004167
        8.392000           0.665925E-5        1.004528           0.563983E-5        1.004167
        8.394000           0.665964E-5        1.004528           0.564013E-5        1.004167
        8.396000           0.666004E-5        1.004528           0.564044E-5        1.004167
        8.397999           0.666043E-5        1.004528           0.564074E-5        1.004168
        8.399999           0.666082E-5        1.004528           0.564105E-5        1.004168
        8.401999           0.666121E-5        1.004528           0.564136E-5        1.004168
        8.403999           0.666160E-5        1.004529           0.564166E-5        1.004168
        8.405999           0.666200E-5        1.004529           0.564197E-5        1.004168
        8.407999           0.666239E-5        1.004529           0.564227E-5        1.004168
        8.409999           0.666278E-5        1.004529           0.564258E-5        1.004168
        8.412000           0.666318E-5        1.004529           0.564288E-5        1.004168
        8.414000           0.666357E-5        1.004529           0.564319E-5        1.004168
        8.415999           0.666396E-5        1.004529           0.564350E-5        1.004169
        8.417999           0.666435E-5        1.004529           0.564380E-5        1.004169
        8.419999           0.666475E-5        1.004530           0.564411E-5        1.004169
        8.422000           0.666514E-5        1.004530           0.564441E-5        1.004169
        8.424000           0.666553E-5        1.004530           0.564472E-5        1.004169
        8.426000           0.666592E-5        1.004530           0.564502E-5        1.004169
        8.427999           0.666632E-5        1.004530           0.564533E-5        1.004169
        8.429999           0.666671E-5        1.004530           0.564564E-5        1.004169
        8.432000           0.666710E-5        1.004530           0.564594E-5        1.004169
        8.433999           0.666749E-5        1.004531           0.564625E-5        1.004170
        8.435999           0.666789E-5        1.004531           0.564656E-5        1.004170
        8.437999           0.666828E-5        1.004531           0.564686E-5        1.004170
        8.439999           0.666867E-5        1.004531           0.564717E-5        1.004170
        8.441999           0.666907E-5        1.004531           0.564747E-5        1.004170
        8.443999           0.666946E-5        1.004531           0.564778E-5        1.004170
        8.445999           0.666985E-5        1.004531           0.564809E-5        1.004170
        8.447999           0.667025E-5        1.004532           0.564839E-5        1.004170
        8.449999           0.667064E-5        1.004532           0.564870E-5        1.004170
        8.452000           0.667103E-5        1.004532           0.564900E-5        1.004171
        8.454000           0.667142E-5        1.004532           0.564931E-5        1.004171
        8.455999           0.667182E-5        1.004532           0.564962E-5        1.004171
        8.457999           0.667221E-5        1.004532           0.564992E-5        1.004171
        8.460000           0.667261E-5        1.004532           0.565023E-5        1.004171
        8.462000           0.667300E-5        1.004532           0.565054E-5        1.004171
        8.464000           0.667339E-5        1.004533           0.565084E-5        1.004171
        8.466000           0.667378E-5        1.004533           0.565115E-5        1.004171
        8.467999           0.667418E-5        1.004533           0.565146E-5        1.004171
        8.469999           0.667457E-5        1.004533           0.565176E-5        1.004172
        8.471999           0.667497E-5        1.004533           0.565207E-5        1.004172
        8.473999           0.667536E-5        1.004533           0.565238E-5        1.004172
        8.475999           0.667575E-5        1.004533           0.565268E-5        1.004172
        8.477999           0.667615E-5        1.004534           0.565299E-5        1.004172
        8.480000           0.667654E-5        1.004534           0.565330E-5        1.004172
        8.481999           0.667693E-5        1.004534           0.565360E-5        1.004172
        8.483999           0.667733E-5        1.004534           0.565391E-5        1.004172
        8.485999           0.667772E-5        1.004534           0.565422E-5        1.004172
        8.487999           0.667811E-5        1.004534           0.565452E-5        1.004173
        8.490000           0.667851E-5        1.004534           0.565483E-5        1.004173
        8.492000           0.667890E-5        1.004534           0.565514E-5        1.004173
        8.493999           0.667930E-5        1.004535           0.565544E-5        1.004173
        8.495999           0.667969E-5        1.004535           0.565575E-5        1.004173
        8.497999           0.668008E-5        1.004535           0.565606E-5        1.004173
        8.500000           0.668048E-5        1.004535           0.565636E-5        1.004173
        8.502000           0.668087E-5        1.004535           0.565667E-5        1.004173
        8.504000           0.668127E-5        1.004535           0.565698E-5        1.004174
        8.506000           0.668166E-5        1.004535           0.565728E-5        1.004174
        8.507999           0.668206E-5        1.004536           0.565759E-5        1.004174
        8.509999           0.668245E-5        1.004536           0.565790E-5        1.004174
        8.511999           0.668284E-5        1.004536           0.565821E-5        1.004174
        8.513999           0.668324E-5        1.004536           0.565851E-5        1.004174
        8.515999           0.668363E-5        1.004536           0.565882E-5        1.004174
        8.517999           0.668403E-5        1.004536           0.565913E-5        1.004174
        8.520000           0.668442E-5        1.004536           0.565943E-5        1.004174
        8.521999           0.668482E-5        1.004537           0.565974E-5        1.004174
        8.523999           0.668521E-5        1.004537           0.566005E-5        1.004175
        8.525999           0.668560E-5        1.004537           0.566036E-5        1.004175
        8.527999           0.668600E-5        1.004537           0.566066E-5        1.004175
        8.530000           0.668639E-5        1.004537           0.566097E-5        1.004175
        8.532000           0.668679E-5        1.004537           0.566128E-5        1.004175
        8.533999           0.668718E-5        1.004537           0.566159E-5        1.004175
        8.535999           0.668758E-5        1.004537           0.566189E-5        1.004175
        8.538000           0.668797E-5        1.004538           0.566220E-5        1.004175
        8.540000           0.668837E-5        1.004538           0.566251E-5        1.004176
        8.542000           0.668876E-5        1.004538           0.566282E-5        1.004176
        8.544000           0.668916E-5        1.004538           0.566312E-5        1.004176
        8.546000           0.668955E-5        1.004538           0.566343E-5        1.004176
        8.547999           0.668995E-5        1.004538           0.566374E-5        1.004176
        8.549999           0.669034E-5        1.004538           0.566405E-5        1.004176
        8.551999           0.669073E-5        1.004538           0.566435E-5        1.004176
        8.553999           0.669113E-5        1.004539           0.566466E-5        1.004176
        8.555999           0.669152E-5        1.004539           0.566497E-5        1.004176
        8.558000           0.669192E-5        1.004539           0.566528E-5        1.004176
        8.559999           0.669232E-5        1.004539           0.566558E-5        1.004177
        8.561999           0.669271E-5        1.004539           0.566589E-5        1.004177
        8.563999           0.669310E-5        1.004539           0.566620E-5        1.004177
        8.565999           0.669350E-5        1.004539           0.566651E-5        1.004177
        8.568000           0.669390E-5        1.004539           0.566682E-5        1.004177
        8.570000           0.669429E-5        1.004540           0.566712E-5        1.004177
        8.572000           0.669468E-5        1.004540           0.566743E-5        1.004177
        8.573999           0.669508E-5        1.004540           0.566774E-5        1.004177
        8.575999           0.669548E-5        1.004540           0.566805E-5        1.004178
        8.578000           0.669587E-5        1.004540           0.566835E-5        1.004178
        8.580000           0.669627E-5        1.004540           0.566866E-5        1.004178
        8.582000           0.669666E-5        1.004540           0.566897E-5        1.004178
        8.584000           0.669706E-5        1.004541           0.566928E-5        1.004178
        8.585999           0.669745E-5        1.004541           0.566959E-5        1.004178
        8.587999           0.669785E-5        1.004541           0.566989E-5        1.004178
        8.589999           0.669824E-5        1.004541           0.567020E-5        1.004178
        8.591999           0.669864E-5        1.004541           0.567051E-5        1.004179
        8.593999           0.669904E-5        1.004541           0.567082E-5        1.004179
        8.595999           0.669943E-5        1.004541           0.567113E-5        1.004179
        8.598000           0.669983E-5        1.004542           0.567143E-5        1.004179
        8.599999           0.670022E-5        1.004542           0.567174E-5        1.004179
        8.601999           0.670062E-5        1.004542           0.567205E-5        1.004179
        8.603999           0.670102E-5        1.004542           0.567236E-5        1.004179
        8.606000           0.670141E-5        1.004542           0.567267E-5        1.004179
        8.608000           0.670181E-5        1.004542           0.567298E-5        1.004179
        8.610000           0.670220E-5        1.004542           0.567328E-5        1.004179
        8.612000           0.670260E-5        1.004542           0.567359E-5        1.004180
        8.613999           0.670299E-5        1.004543           0.567390E-5        1.004180
        8.616000           0.670339E-5        1.004543           0.567421E-5        1.004180
        8.618000           0.670379E-5        1.004543           0.567452E-5        1.004180
        8.620000           0.670418E-5        1.004543           0.567483E-5        1.004180
        8.621999           0.670458E-5        1.004543           0.567513E-5        1.004180
        8.623999           0.670498E-5        1.004543           0.567544E-5        1.004180
        8.625999           0.670537E-5        1.004543           0.567575E-5        1.004180
        8.627999           0.670577E-5        1.004544           0.567606E-5        1.004181
        8.629999           0.670616E-5        1.004544           0.567637E-5        1.004181
        8.631999           0.670656E-5        1.004544           0.567668E-5        1.004181
        8.633999           0.670696E-5        1.004544           0.567699E-5        1.004181
        8.636000           0.670735E-5        1.004544           0.567729E-5        1.004181
        8.638000           0.670775E-5        1.004544           0.567760E-5        1.004181
        8.639999           0.670815E-5        1.004544           0.567791E-5        1.004181
        8.641999           0.670854E-5        1.004544           0.567822E-5        1.004181
        8.643999           0.670894E-5        1.004545           0.567853E-5        1.004181
        8.646000           0.670934E-5        1.004545           0.567884E-5        1.004182
        8.648000           0.670973E-5        1.004545           0.567915E-5        1.004182
        8.650000           0.671013E-5        1.004545           0.567946E-5        1.004182
        8.651999           0.671053E-5        1.004545           0.567976E-5        1.004182
        8.653999           0.671092E-5        1.004545           0.568007E-5        1.004182
        8.656000           0.671132E-5        1.004545           0.568038E-5        1.004182
        8.657999           0.671172E-5        1.004546           0.568069E-5        1.004182
        8.659999           0.671211E-5        1.004546           0.568100E-5        1.004182
        8.661999           0.671251E-5        1.004546           0.568131E-5        1.004182
        8.663999           0.671291E-5        1.004546           0.568162E-5        1.004183
        8.665999           0.671330E-5        1.004546           0.568193E-5        1.004183
        8.667999           0.671370E-5        1.004546           0.568224E-5        1.004183
        8.669999           0.671410E-5        1.004546           0.568255E-5        1.004183
        8.671999           0.671449E-5        1.004547           0.568285E-5        1.004183
        8.673999           0.671489E-5        1.004547           0.568316E-5        1.004183
        8.676000           0.671529E-5        1.004547           0.568347E-5        1.004183
        8.677999           0.671569E-5        1.004547           0.568378E-5        1.004183
        8.679999           0.671608E-5        1.004547           0.568409E-5        1.004184
        8.681999           0.671648E-5        1.004547           0.568440E-5        1.004184
        8.684000           0.671688E-5        1.004547           0.568471E-5        1.004184
        8.686000           0.671727E-5        1.004547           0.568502E-5        1.004184
        8.688000           0.671767E-5        1.004548           0.568533E-5        1.004184
        8.690000           0.671807E-5        1.004548           0.568564E-5        1.004184
        8.691999           0.671847E-5        1.004548           0.568595E-5        1.004184
        8.693999           0.671886E-5        1.004548           0.568625E-5        1.004184
        8.695999           0.671926E-5        1.004548           0.568656E-5        1.004184
        8.697999           0.671966E-5        1.004548           0.568687E-5        1.004184
        8.699999           0.672006E-5        1.004548           0.568718E-5        1.004185
        8.701999           0.672045E-5        1.004549           0.568749E-5        1.004185
        8.704000           0.672085E-5        1.004549           0.568780E-5        1.004185
        8.705999           0.672125E-5        1.004549           0.568811E-5        1.004185
        8.707999           0.672165E-5        1.004549           0.568842E-5        1.004185
        8.709999           0.672204E-5        1.004549           0.568873E-5        1.004185
        8.711999           0.672244E-5        1.004549           0.568904E-5        1.004185
        8.714000           0.672284E-5        1.004549           0.568935E-5        1.004185
        8.716000           0.672324E-5        1.004550           0.568966E-5        1.004186
        8.717999           0.672364E-5        1.004550           0.568997E-5        1.004186
        8.719999           0.672403E-5        1.004550           0.569028E-5        1.004186
        8.721999           0.672443E-5        1.004550           0.569059E-5        1.004186
        8.724000           0.672483E-5        1.004550           0.569090E-5        1.004186
        8.726000           0.672523E-5        1.004550           0.569121E-5        1.004186
        8.728000           0.672562E-5        1.004550           0.569152E-5        1.004186
        8.730000           0.672602E-5        1.004550           0.569183E-5        1.004186
        8.731999           0.672642E-5        1.004551           0.569214E-5        1.004186
        8.733999           0.672682E-5        1.004551           0.569245E-5        1.004187
        8.735999           0.672722E-5        1.004551           0.569276E-5        1.004187
        8.737999           0.672762E-5        1.004551           0.569307E-5        1.004187
        8.739999           0.672801E-5        1.004551           0.569338E-5        1.004187
        8.741999           0.672841E-5        1.004551           0.569369E-5        1.004187
        8.743999           0.672881E-5        1.004551           0.569400E-5        1.004187
        8.745999           0.672921E-5        1.004552           0.569431E-5        1.004187
        8.747999           0.672961E-5        1.004552           0.569462E-5        1.004187
        8.749999           0.673001E-5        1.004552           0.569493E-5        1.004187
        8.751999           0.673040E-5        1.004552           0.569524E-5        1.004188
        8.754000           0.673080E-5        1.004552           0.569555E-5        1.004188
        8.756000           0.673120E-5        1.004552           0.569586E-5        1.004188
        8.757999           0.673160E-5        1.004552           0.569617E-5        1.004188
        8.759999           0.673200E-5        1.004552           0.569648E-5        1.004188
        8.762000           0.673240E-5        1.004553           0.569679E-5        1.004188
        8.764000           0.673280E-5        1.004553           0.569710E-5        1.004188
        8.766000           0.673319E-5        1.004553           0.569741E-5        1.004188
        8.768000           0.673359E-5        1.004553           0.569772E-5        1.004189
        8.770000           0.673399E-5        1.004553           0.569803E-5        1.004189
        8.771999           0.673439E-5        1.004553           0.569834E-5        1.004189
        8.773999           0.673479E-5        1.004553           0.569865E-5        1.004189
        8.775999           0.673519E-5        1.004554           0.569896E-5        1.004189
        8.777999           0.673559E-5        1.004554           0.569927E-5        1.004189
        8.779999           0.673599E-5        1.004554           0.569958E-5        1.004189
        8.782000           0.673639E-5        1.004554           0.569989E-5        1.004189
        8.783999           0.673679E-5        1.004554           0.570020E-5        1.004189
        8.785999           0.673718E-5        1.004554           0.570051E-5        1.004189
        8.787999           0.673758E-5        1.004554           0.570082E-5        1.004190
        8.789999           0.673798E-5        1.004555           0.570114E-5        1.004190
        8.792000           0.673838E-5        1.004555           0.570145E-5        1.004190
        8.794000           0.673878E-5        1.004555           0.570176E-5        1.004190
        8.796000           0.673918E-5        1.004555           0.570207E-5        1.004190
        8.797999           0.673958E-5        1.004555           0.570238E-5        1.004190
        8.799999           0.673998E-5        1.004555           0.570269E-5        1.004190
        8.802000           0.674038E-5        1.004555           0.570300E-5        1.004190
        8.804000           0.674078E-5        1.004555           0.570331E-5        1.004191
        8.806000           0.674118E-5        1.004556           0.570362E-5        1.004191
        8.808000           0.674157E-5        1.004556           0.570393E-5        1.004191
        8.809999           0.674197E-5        1.004556           0.570424E-5        1.004191
        8.811999           0.674237E-5        1.004556           0.570455E-5        1.004191
        8.813999           0.674277E-5        1.004556           0.570486E-5        1.004191
        8.815999           0.674317E-5        1.004556           0.570517E-5        1.004191
        8.817999           0.674357E-5        1.004556           0.570548E-5        1.004191
        8.819999           0.674397E-5        1.004557           0.570580E-5        1.004191
        8.822000           0.674437E-5        1.004557           0.570611E-5        1.004192
        8.823999           0.674477E-5        1.004557           0.570642E-5        1.004192
        8.825999           0.674517E-5        1.004557           0.570673E-5        1.004192
        8.827999           0.674557E-5        1.004557           0.570704E-5        1.004192
        8.829999           0.674597E-5        1.004557           0.570735E-5        1.004192
        8.832000           0.674637E-5        1.004557           0.570766E-5        1.004192
        8.834000           0.674677E-5        1.004557           0.570797E-5        1.004192
        8.835999           0.674717E-5        1.004558           0.570829E-5        1.004192
        8.837999           0.674757E-5        1.004558           0.570860E-5        1.004192
        8.840000           0.674797E-5        1.004558           0.570891E-5        1.004193
        8.842000           0.674837E-5        1.004558           0.570922E-5        1.004193
        8.844000           0.674877E-5        1.004558           0.570953E-5        1.004193
        8.846000           0.674917E-5        1.004558           0.570984E-5        1.004193
        8.847999           0.674957E-5        1.004558           0.571015E-5        1.004193
        8.849999           0.674997E-5        1.004558           0.571046E-5        1.004193
        8.851999           0.675037E-5        1.004559           0.571077E-5        1.004193
        8.853999           0.675077E-5        1.004559           0.571109E-5        1.004193
        8.855999           0.675117E-5        1.004559           0.571140E-5        1.004194
        8.857999           0.675157E-5        1.004559           0.571171E-5        1.004194
        8.860000           0.675197E-5        1.004559           0.571202E-5        1.004194
        8.862000           0.675237E-5        1.004559           0.571233E-5        1.004194
        8.863999           0.675277E-5        1.004559           0.571264E-5        1.004194
        8.865999           0.675317E-5        1.004560           0.571296E-5        1.004194
        8.867999           0.675357E-5        1.004560           0.571327E-5        1.004194
        8.870000           0.675398E-5        1.004560           0.571358E-5        1.004194
        8.872000           0.675438E-5        1.004560           0.571389E-5        1.004194
        8.874000           0.675478E-5        1.004560           0.571420E-5        1.004194
        8.875999           0.675518E-5        1.004560           0.571451E-5        1.004195
        8.877999           0.675558E-5        1.004560           0.571482E-5        1.004195
        8.880000           0.675598E-5        1.004560           0.571514E-5        1.004195
        8.882000           0.675638E-5        1.004561           0.571545E-5        1.004195
        8.883999           0.675678E-5        1.004561           0.571576E-5        1.004195
        8.885999           0.675718E-5        1.004561           0.571607E-5        1.004195
        8.887999           0.675758E-5        1.004561           0.571638E-5        1.004195
        8.889999           0.675798E-5        1.004561           0.571670E-5        1.004195
        8.891999           0.675838E-5        1.004561           0.571701E-5        1.004196
        8.893999           0.675878E-5        1.004561           0.571732E-5        1.004196
        8.895999           0.675918E-5        1.004562           0.571763E-5        1.004196
        8.897999           0.675958E-5        1.004562           0.571794E-5        1.004196
        8.900000           0.675999E-5        1.004562           0.571826E-5        1.004196
        8.901999           0.676039E-5        1.004562           0.571857E-5        1.004196
        8.903999           0.676079E-5        1.004562           0.571888E-5        1.004196
        8.905999           0.676119E-5        1.004562           0.571919E-5        1.004196
        8.908000           0.676159E-5        1.004562           0.571950E-5        1.004197
        8.910000           0.676199E-5        1.004562           0.571981E-5        1.004197
        8.912000           0.676239E-5        1.004563           0.572013E-5        1.004197
        8.914000           0.676280E-5        1.004563           0.572044E-5        1.004197
        8.915999           0.676320E-5        1.004563           0.572075E-5        1.004197
        8.917999           0.676360E-5        1.004563           0.572106E-5        1.004197
        8.919999           0.676400E-5        1.004563           0.572138E-5        1.004197
        8.921999           0.676440E-5        1.004563           0.572169E-5        1.004197
        8.923999           0.676480E-5        1.004563           0.572200E-5        1.004197
        8.925999           0.676520E-5        1.004564           0.572231E-5        1.004197
        8.927999           0.676561E-5        1.004564           0.572263E-5        1.004198
        8.929999           0.676601E-5        1.004564           0.572294E-5        1.004198
        8.931999           0.676641E-5        1.004564           0.572325E-5        1.004198
        8.933999           0.676681E-5        1.004564           0.572356E-5        1.004198
        8.935999           0.676721E-5        1.004564           0.572388E-5        1.004198
        8.938000           0.676761E-5        1.004564           0.572419E-5        1.004198
        8.940000           0.676802E-5        1.004565           0.572450E-5        1.004198
        8.941999           0.676842E-5        1.004565           0.572481E-5        1.004198
        8.943999           0.676882E-5        1.004565           0.572512E-5        1.004199
        8.945999           0.676922E-5        1.004565           0.572544E-5        1.004199
        8.948000           0.676962E-5        1.004565           0.572575E-5        1.004199
        8.950000           0.677003E-5        1.004565           0.572606E-5        1.004199
        8.952000           0.677043E-5        1.004565           0.572638E-5        1.004199
        8.954000           0.677083E-5        1.004565           0.572669E-5        1.004199
        8.955999           0.677123E-5        1.004566           0.572700E-5        1.004199
        8.957999           0.677163E-5        1.004566           0.572731E-5        1.004199
        8.959999           0.677204E-5        1.004566           0.572763E-5        1.004200
        8.961999           0.677244E-5        1.004566           0.572794E-5        1.004200
        8.963999           0.677284E-5        1.004566           0.572825E-5        1.004200
        8.965999           0.677324E-5        1.004566           0.572857E-5        1.004200
        8.967999           0.677364E-5        1.004566           0.572888E-5        1.004200
        8.969999           0.677405E-5        1.004567           0.572919E-5        1.004200
        8.971999           0.677445E-5        1.004567           0.572950E-5        1.004200
        8.973999           0.677485E-5        1.004567           0.572982E-5        1.004200
        8.975999           0.677525E-5        1.004567           0.573013E-5        1.004200
        8.978000           0.677566E-5        1.004567           0.573044E-5        1.004200
        8.980000           0.677606E-5        1.004567           0.573076E-5        1.004201
        8.981999           0.677646E-5        1.004567           0.573107E-5        1.004201
        8.983999           0.677686E-5        1.004568           0.573138E-5        1.004201
        8.986000           0.677727E-5        1.004568           0.573169E-5        1.004201
        8.988000           0.677767E-5        1.004568           0.573201E-5        1.004201
        8.990000           0.677807E-5        1.004568           0.573232E-5        1.004201
        8.992000           0.677848E-5        1.004568           0.573263E-5        1.004201
        8.993999           0.677888E-5        1.004568           0.573295E-5        1.004201
        8.995999           0.677928E-5        1.004568           0.573326E-5        1.004202
        8.997999           0.677968E-5        1.004568           0.573357E-5        1.004202
        8.999999           0.678009E-5        1.004569           0.573389E-5        1.004202
        9.001999           0.678049E-5        1.004569           0.573420E-5        1.004202
        9.003999           0.678089E-5        1.004569           0.573451E-5        1.004202
        9.006000           0.678129E-5        1.004569           0.573483E-5        1.004202
        9.007999           0.678170E-5        1.004569           0.573514E-5        1.004202
        9.009999           0.678210E-5        1.004569           0.573545E-5        1.004202
        9.011999           0.678250E-5        1.004569           0.573577E-5        1.004202
        9.013999           0.678291E-5        1.004570           0.573608E-5        1.004203
        9.016000           0.678331E-5        1.004570           0.573639E-5        1.004203
        9.018000           0.678371E-5        1.004570           0.573671E-5        1.004203
        9.020000           0.678412E-5        1.004570           0.573702E-5        1.004203
        9.021999           0.678452E-5        1.004570           0.573733E-5        1.004203
        9.023999           0.678492E-5        1.004570           0.573765E-5        1.004203
        9.026000           0.678533E-5        1.004570           0.573796E-5        1.004203
        9.028000           0.678573E-5        1.004571           0.573828E-5        1.004203
        9.030000           0.678613E-5        1.004571           0.573859E-5        1.004203
        9.032000           0.678654E-5        1.004571           0.573890E-5        1.004204
        9.033999           0.678694E-5        1.004571           0.573922E-5        1.004204
        9.035999           0.678734E-5        1.004571           0.573953E-5        1.004204
        9.037999           0.678775E-5        1.004571           0.573984E-5        1.004204
        9.039999           0.678815E-5        1.004571           0.574016E-5        1.004204
        9.041999           0.678855E-5        1.004572           0.574047E-5        1.004204
        9.043999           0.678896E-5        1.004572           0.574079E-5        1.004204
        9.046000           0.678936E-5        1.004572           0.574110E-5        1.004204
        9.047999           0.678977E-5        1.004572           0.574141E-5        1.004205
        9.049999           0.679017E-5        1.004572           0.574173E-5        1.004205
        9.051999           0.679057E-5        1.004572           0.574204E-5        1.004205
        9.053999           0.679098E-5        1.004572           0.574236E-5        1.004205
        9.056000           0.679138E-5        1.004572           0.574267E-5        1.004205
        9.058000           0.679179E-5        1.004573           0.574298E-5        1.004205
        9.059999           0.679219E-5        1.004573           0.574330E-5        1.004205
        9.061999           0.679259E-5        1.004573           0.574361E-5        1.004205
        9.064000           0.679300E-5        1.004573           0.574392E-5        1.004205
        9.066000           0.679340E-5        1.004573           0.574424E-5        1.004206
        9.068000           0.679380E-5        1.004573           0.574455E-5        1.004206
        9.070000           0.679421E-5        1.004573           0.574487E-5        1.004206
        9.071999           0.679461E-5        1.004574           0.574518E-5        1.004206
        9.073999           0.679502E-5        1.004574           0.574550E-5        1.004206
        9.075999           0.679542E-5        1.004574           0.574581E-5        1.004206
        9.077999           0.679583E-5        1.004574           0.574613E-5        1.004206
        9.079999           0.679623E-5        1.004574           0.574644E-5        1.004206
        9.081999           0.679663E-5        1.004574           0.574675E-5        1.004206
        9.084000           0.679704E-5        1.004574           0.574707E-5        1.004207
        9.085999           0.679744E-5        1.004575           0.574738E-5        1.004207
        9.087999           0.679785E-5        1.004575           0.574770E-5        1.004207
        9.089999           0.679825E-5        1.004575           0.574801E-5        1.004207
        9.091999           0.679866E-5        1.004575           0.574832E-5        1.004207
        9.094000           0.679906E-5        1.004575           0.574864E-5        1.004207
        9.096000           0.679947E-5        1.004575           0.574895E-5        1.004207
        9.098000           0.679987E-5        1.004575           0.574927E-5        1.004207
        9.099999           0.680027E-5        1.004575           0.574958E-5        1.004207
        9.101999           0.680068E-5        1.004576           0.574990E-5        1.004208
        9.104000           0.680109E-5        1.004576           0.575021E-5        1.004208
        9.106000           0.680149E-5        1.004576           0.575053E-5        1.004208
        9.107999           0.680189E-5        1.004576           0.575084E-5        1.004208
        9.109999           0.680230E-5        1.004576           0.575116E-5        1.004208
        9.111999           0.680270E-5        1.004576           0.575147E-5        1.004208
        9.113999           0.680311E-5        1.004576           0.575179E-5        1.004208
        9.115999           0.680351E-5        1.004577           0.575210E-5        1.004208
        9.117999           0.680392E-5        1.004577           0.575242E-5        1.004209
        9.119999           0.680432E-5        1.004577           0.575273E-5        1.004209
        9.121999           0.680473E-5        1.004577           0.575304E-5        1.004209
        9.124000           0.680513E-5        1.004577           0.575336E-5        1.004209
        9.125999           0.680554E-5        1.004577           0.575367E-5        1.004209
        9.127999           0.680594E-5        1.004577           0.575399E-5        1.004209
        9.129999           0.680635E-5        1.004578           0.575430E-5        1.004209
        9.132000           0.680676E-5        1.004578           0.575462E-5        1.004209
        9.134000           0.680716E-5        1.004578           0.575493E-5        1.004209
        9.136000           0.680757E-5        1.004578           0.575525E-5        1.004210
        9.138000           0.680797E-5        1.004578           0.575556E-5        1.004210
        9.139999           0.680838E-5        1.004578           0.575588E-5        1.004210
        9.142000           0.680878E-5        1.004578           0.575619E-5        1.004210
        9.143999           0.680919E-5        1.004578           0.575651E-5        1.004210
        9.145999           0.680959E-5        1.004579           0.575683E-5        1.004210
        9.147999           0.681000E-5        1.004579           0.575714E-5        1.004210
        9.149999           0.681040E-5        1.004579           0.575745E-5        1.004210
        9.151999           0.681081E-5        1.004579           0.575777E-5        1.004210
        9.153999           0.681121E-5        1.004579           0.575809E-5        1.004211
        9.155999           0.681162E-5        1.004579           0.575840E-5        1.004211
        9.157999           0.681203E-5        1.004579           0.575872E-5        1.004211
        9.159999           0.681243E-5        1.004580           0.575903E-5        1.004211
        9.162000           0.681284E-5        1.004580           0.575935E-5        1.004211
        9.164000           0.681324E-5        1.004580           0.575966E-5        1.004211
        9.165999           0.681365E-5        1.004580           0.575998E-5        1.004211
        9.167999           0.681406E-5        1.004580           0.576029E-5        1.004211
        9.169999           0.681446E-5        1.004580           0.576061E-5        1.004212
        9.172000           0.681487E-5        1.004580           0.576092E-5        1.004212
        9.174000           0.681527E-5        1.004580           0.576124E-5        1.004212
        9.176000           0.681568E-5        1.004581           0.576155E-5        1.004212
        9.177999           0.681608E-5        1.004581           0.576187E-5        1.004212
        9.179999           0.681649E-5        1.004581           0.576218E-5        1.004212
        9.181999           0.681690E-5        1.004581           0.576250E-5        1.004212
        9.183999           0.681730E-5        1.004581           0.576282E-5        1.004212
        9.185999           0.681771E-5        1.004581           0.576313E-5        1.004212
        9.187999           0.681812E-5        1.004581           0.576345E-5        1.004212
        9.189999           0.681852E-5        1.004582           0.576377E-5        1.004213
        9.191999           0.681893E-5        1.004582           0.576408E-5        1.004213
        9.193999           0.681934E-5        1.004582           0.576440E-5        1.004213
        9.195999           0.681974E-5        1.004582           0.576471E-5        1.004213
        9.197999           0.682015E-5        1.004582           0.576503E-5        1.004213
        9.199999           0.682055E-5        1.004582           0.576534E-5        1.004213
        9.202000           0.682096E-5        1.004582           0.576566E-5        1.004213
        9.204000           0.682137E-5        1.004583           0.576598E-5        1.004213
        9.205999           0.682178E-5        1.004583           0.576629E-5        1.004214
        9.207999           0.682218E-5        1.004583           0.576661E-5        1.004214
        9.210000           0.682259E-5        1.004583           0.576692E-5        1.004214
        9.212000           0.682300E-5        1.004583           0.576724E-5        1.004214
        9.214000           0.682340E-5        1.004583           0.576756E-5        1.004214
        9.216000           0.682381E-5        1.004583           0.576787E-5        1.004214
        9.217999           0.682422E-5        1.004583           0.576819E-5        1.004214
        9.219999           0.682462E-5        1.004584           0.576850E-5        1.004214
        9.221999           0.682503E-5        1.004584           0.576882E-5        1.004215
        9.223999           0.682543E-5        1.004584           0.576913E-5        1.004215
        9.225999           0.682584E-5        1.004584           0.576945E-5        1.004215
        9.227999           0.682625E-5        1.004584           0.576977E-5        1.004215
        9.230000           0.682666E-5        1.004584           0.577008E-5        1.004215
        9.231999           0.682706E-5        1.004584           0.577040E-5        1.004215
        9.233999           0.682747E-5        1.004585           0.577072E-5        1.004215
        9.235999           0.682788E-5        1.004585           0.577103E-5        1.004215
        9.237999           0.682828E-5        1.004585           0.577135E-5        1.004215
        9.240000           0.682869E-5        1.004585           0.577167E-5        1.004216
        9.242000           0.682910E-5        1.004585           0.577198E-5        1.004216
        9.243999           0.682951E-5        1.004585           0.577230E-5        1.004216
        9.245999           0.682991E-5        1.004585           0.577261E-5        1.004216
        9.247999           0.683032E-5        1.004586           0.577293E-5        1.004216
        9.250000           0.683073E-5        1.004586           0.577325E-5        1.004216
        9.252000           0.683114E-5        1.004586           0.577356E-5        1.004216
        9.254000           0.683154E-5        1.004586           0.577388E-5        1.004216
        9.256000           0.683195E-5        1.004586           0.577420E-5        1.004216
        9.257999           0.683236E-5        1.004586           0.577451E-5        1.004217
        9.259999           0.683277E-5        1.004586           0.577483E-5        1.004217
        9.261999           0.683317E-5        1.004586           0.577515E-5        1.004217
        9.263999           0.683358E-5        1.004587           0.577546E-5        1.004217
        9.265999           0.683399E-5        1.004587           0.577578E-5        1.004217
        9.267999           0.683440E-5        1.004587           0.577610E-5        1.004217
        9.270000           0.683480E-5        1.004587           0.577641E-5        1.004217
        9.271999           0.683521E-5        1.004587           0.577673E-5        1.004217
        9.273999           0.683562E-5        1.004587           0.577705E-5        1.004218
        9.275999           0.683603E-5        1.004587           0.577737E-5        1.004218
        9.277999           0.683644E-5        1.004588           0.577768E-5        1.004218
        9.280000           0.683684E-5        1.004588           0.577800E-5        1.004218
        9.282000           0.683725E-5        1.004588           0.577831E-5        1.004218
        9.283999           0.683766E-5        1.004588           0.577863E-5        1.004218
        9.285999           0.683807E-5        1.004588           0.577895E-5        1.004218
        9.288000           0.683847E-5        1.004588           0.577927E-5        1.004218
        9.290000           0.683888E-5        1.004588           0.577958E-5        1.004218
        9.292000           0.683929E-5        1.004588           0.577990E-5        1.004219
        9.294000           0.683970E-5        1.004589           0.578022E-5        1.004219
        9.296000           0.684011E-5        1.004589           0.578053E-5        1.004219
        9.297999           0.684052E-5        1.004589           0.578085E-5        1.004219
        9.299999           0.684092E-5        1.004589           0.578117E-5        1.004219
        9.301999           0.684133E-5        1.004589           0.578149E-5        1.004219
        9.303999           0.684174E-5        1.004589           0.578180E-5        1.004219
        9.305999           0.684215E-5        1.004589           0.578212E-5        1.004219
        9.308000           0.684256E-5        1.004590           0.578244E-5        1.004220
        9.309999           0.684297E-5        1.004590           0.578275E-5        1.004220
        9.311999           0.684338E-5        1.004590           0.578307E-5        1.004220
        9.313999           0.684379E-5        1.004590           0.578339E-5        1.004220
        9.315999           0.684419E-5        1.004590           0.578371E-5        1.004220
        9.318000           0.684460E-5        1.004590           0.578402E-5        1.004220
        9.320000           0.684501E-5        1.004590           0.578434E-5        1.004220
        9.322000           0.684542E-5        1.004591           0.578466E-5        1.004220
        9.323999           0.684583E-5        1.004591           0.578498E-5        1.004220
        9.325999           0.684624E-5        1.004591           0.578529E-5        1.004220
        9.328000           0.684665E-5        1.004591           0.578561E-5        1.004221
        9.330000           0.684705E-5        1.004591           0.578593E-5        1.004221
        9.331999           0.684746E-5        1.004591           0.578625E-5        1.004221
        9.333999           0.684787E-5        1.004591           0.578656E-5        1.004221
        9.335999           0.684828E-5        1.004592           0.578688E-5        1.004221
        9.337999           0.684869E-5        1.004592           0.578720E-5        1.004221
        9.339999           0.684910E-5        1.004592           0.578752E-5        1.004221
        9.341999           0.684951E-5        1.004592           0.578783E-5        1.004221
        9.343999           0.684992E-5        1.004592           0.578815E-5        1.004222
        9.345999           0.685033E-5        1.004592           0.578847E-5        1.004222
        9.348000           0.685074E-5        1.004592           0.578879E-5        1.004222
        9.349999           0.685114E-5        1.004593           0.578911E-5        1.004222
        9.351999           0.685155E-5        1.004593           0.578942E-5        1.004222
        9.353999           0.685196E-5        1.004593           0.578974E-5        1.004222
        9.355999           0.685237E-5        1.004593           0.579006E-5        1.004222
        9.358000           0.685278E-5        1.004593           0.579038E-5        1.004222
        9.360000           0.685319E-5        1.004593           0.579070E-5        1.004223
        9.362000           0.685360E-5        1.004593           0.579101E-5        1.004223
        9.363999           0.685401E-5        1.004593           0.579133E-5        1.004223
        9.366000           0.685442E-5        1.004594           0.579165E-5        1.004223
        9.367999           0.685483E-5        1.004594           0.579197E-5        1.004223
        9.369999           0.685524E-5        1.004594           0.579228E-5        1.004223
        9.371999           0.685565E-5        1.004594           0.579260E-5        1.004223
        9.373999           0.685606E-5        1.004594           0.579292E-5        1.004223
        9.375999           0.685647E-5        1.004594           0.579324E-5        1.004223
        9.377999           0.685688E-5        1.004594           0.579356E-5        1.004224
        9.379999           0.685729E-5        1.004595           0.579388E-5        1.004224
        9.381999           0.685770E-5        1.004595           0.579419E-5        1.004224
        9.383999           0.685811E-5        1.004595           0.579451E-5        1.004224
        9.386000           0.685852E-5        1.004595           0.579483E-5        1.004224
        9.388000           0.685893E-5        1.004595           0.579515E-5        1.004224
        9.389999           0.685934E-5        1.004595           0.579547E-5        1.004224
        9.391999           0.685975E-5        1.004595           0.579579E-5        1.004224
        9.393999           0.686016E-5        1.004596           0.579610E-5        1.004224
        9.396000           0.686057E-5        1.004596           0.579642E-5        1.004225
        9.398000           0.686098E-5        1.004596           0.579674E-5        1.004225
        9.400000           0.686139E-5        1.004596           0.579706E-5        1.004225
        9.401999           0.686180E-5        1.004596           0.579738E-5        1.004225
        9.403999           0.686221E-5        1.004596           0.579770E-5        1.004225
        9.405999           0.686262E-5        1.004596           0.579802E-5        1.004225
        9.407999           0.686303E-5        1.004596           0.579833E-5        1.004225
        9.409999           0.686344E-5        1.004597           0.579865E-5        1.004225
        9.411999           0.686385E-5        1.004597           0.579897E-5        1.004225
        9.413999           0.686426E-5        1.004597           0.579929E-5        1.004226
        9.415999           0.686467E-5        1.004597           0.579961E-5        1.004226
        9.417999           0.686508E-5        1.004597           0.579993E-5        1.004226
        9.419999           0.686549E-5        1.004597           0.580025E-5        1.004226
        9.421999           0.686590E-5        1.004597           0.580056E-5        1.004226
        9.423999           0.686631E-5        1.004598           0.580088E-5        1.004226
        9.426000           0.686672E-5        1.004598           0.580120E-5        1.004226
        9.427999           0.686713E-5        1.004598           0.580152E-5        1.004226
        9.429999           0.686754E-5        1.004598           0.580184E-5        1.004227
        9.431999           0.686795E-5        1.004598           0.580216E-5        1.004227
        9.434000           0.686836E-5        1.004598           0.580248E-5        1.004227
        9.436000           0.686877E-5        1.004598           0.580280E-5        1.004227
        9.438000           0.686919E-5        1.004598           0.580311E-5        1.004227
        9.440000           0.686960E-5        1.004599           0.580343E-5        1.004227
        9.441999           0.687001E-5        1.004599           0.580375E-5        1.004227
        9.443999           0.687042E-5        1.004599           0.580407E-5        1.004227
        9.445999           0.687083E-5        1.004599           0.580439E-5        1.004228
        9.447999           0.687124E-5        1.004599           0.580471E-5        1.004228
        9.449999           0.687165E-5        1.004599           0.580503E-5        1.004228
        9.451999           0.687206E-5        1.004599           0.580535E-5        1.004228
        9.454000           0.687247E-5        1.004600           0.580567E-5        1.004228
        9.455999           0.687289E-5        1.004600           0.580599E-5        1.004228
        9.457999           0.687330E-5        1.004600           0.580631E-5        1.004228
        9.459999           0.687371E-5        1.004600           0.580663E-5        1.004228
        9.461999           0.687412E-5        1.004600           0.580694E-5        1.004228
        9.464000           0.687453E-5        1.004600           0.580726E-5        1.004228
        9.466000           0.687494E-5        1.004600           0.580758E-5        1.004229
        9.467999           0.687535E-5        1.004601           0.580790E-5        1.004229
        9.469999           0.687576E-5        1.004601           0.580822E-5        1.004229
        9.471999           0.687618E-5        1.004601           0.580854E-5        1.004229
        9.474000           0.687659E-5        1.004601           0.580886E-5        1.004229
        9.476000           0.687700E-5        1.004601           0.580918E-5        1.004229
        9.478000           0.687741E-5        1.004601           0.580950E-5        1.004229
        9.480000           0.687782E-5        1.004601           0.580982E-5        1.004229
        9.481999           0.687823E-5        1.004602           0.581014E-5        1.004230
        9.483999           0.687865E-5        1.004602           0.581046E-5        1.004230
        9.485999           0.687906E-5        1.004602           0.581078E-5        1.004230
        9.487999           0.687947E-5        1.004602           0.581110E-5        1.004230
        9.489999           0.687988E-5        1.004602           0.581142E-5        1.004230
        9.491999           0.688029E-5        1.004602           0.581174E-5        1.004230
        9.493999           0.688070E-5        1.004602           0.581206E-5        1.004230
        9.495999           0.688112E-5        1.004603           0.581238E-5        1.004230
        9.497999           0.688153E-5        1.004603           0.581270E-5        1.004230
        9.499999           0.688194E-5        1.004603           0.581301E-5        1.004231
        9.501999           0.688235E-5        1.004603           0.581334E-5        1.004231
        9.504000           0.688276E-5        1.004603           0.581366E-5        1.004231
        9.506000           0.688318E-5        1.004603           0.581397E-5        1.004231
        9.507999           0.688359E-5        1.004603           0.581430E-5        1.004231
        9.509999           0.688400E-5        1.004604           0.581461E-5        1.004231
        9.512000           0.688441E-5        1.004604           0.581493E-5        1.004231
        9.514000           0.688482E-5        1.004604           0.581525E-5        1.004231
        9.516000           0.688524E-5        1.004604           0.581558E-5        1.004232
        9.518000           0.688565E-5        1.004604           0.581589E-5        1.004232
        9.520000           0.688606E-5        1.004604           0.581621E-5        1.004232
        9.521999           0.688647E-5        1.004604           0.581654E-5        1.004232
        9.523999           0.688689E-5        1.004604           0.581686E-5        1.004232
        9.525999           0.688730E-5        1.004605           0.581718E-5        1.004232
        9.527999           0.688771E-5        1.004605           0.581749E-5        1.004232
        9.529999           0.688812E-5        1.004605           0.581782E-5        1.004232
        9.532000           0.688854E-5        1.004605           0.581814E-5        1.004233
        9.533999           0.688895E-5        1.004605           0.581846E-5        1.004233
        9.535999           0.688936E-5        1.004605           0.581878E-5        1.004233
        9.537999           0.688978E-5        1.004605           0.581910E-5        1.004233
        9.539999           0.689019E-5        1.004606           0.581942E-5        1.004233
        9.542000           0.689060E-5        1.004606           0.581974E-5        1.004233
        9.544000           0.689101E-5        1.004606           0.582006E-5        1.004233
        9.546000           0.689143E-5        1.004606           0.582038E-5        1.004233
        9.547999           0.689184E-5        1.004606           0.582070E-5        1.004233
        9.549999           0.689225E-5        1.004606           0.582102E-5        1.004233
        9.552000           0.689266E-5        1.004606           0.582134E-5        1.004234
        9.554000           0.689308E-5        1.004606           0.582166E-5        1.004234
        9.556000           0.689349E-5        1.004607           0.582198E-5        1.004234
        9.557999           0.689390E-5        1.004607           0.582230E-5        1.004234
        9.559999           0.689432E-5        1.004607           0.582262E-5        1.004234
        9.561999           0.689473E-5        1.004607           0.582294E-5        1.004234
        9.563999           0.689514E-5        1.004607           0.582326E-5        1.004234
        9.565999           0.689556E-5        1.004607           0.582358E-5        1.004234
        9.567999           0.689597E-5        1.004607           0.582390E-5        1.004235
        9.569999           0.689638E-5        1.004608           0.582422E-5        1.004235
        9.572000           0.689680E-5        1.004608           0.582455E-5        1.004235
        9.573999           0.689721E-5        1.004608           0.582487E-5        1.004235
        9.575999           0.689762E-5        1.004608           0.582519E-5        1.004235
        9.577999           0.689804E-5        1.004608           0.582551E-5        1.004235
        9.579999           0.689845E-5        1.004608           0.582583E-5        1.004235
        9.582000           0.689886E-5        1.004609           0.582615E-5        1.004235
        9.584000           0.689928E-5        1.004609           0.582647E-5        1.004236
        9.585999           0.689969E-5        1.004609           0.582679E-5        1.004236
        9.587999           0.690010E-5        1.004609           0.582711E-5        1.004236
        9.590000           0.690052E-5        1.004609           0.582743E-5        1.004236
        9.592000           0.690093E-5        1.004609           0.582775E-5        1.004236
        9.593999           0.690134E-5        1.004609           0.582807E-5        1.004236
        9.595999           0.690176E-5        1.004609           0.582840E-5        1.004236
        9.597999           0.690217E-5        1.004610           0.582872E-5        1.004236
        9.599999           0.690259E-5        1.004610           0.582904E-5        1.004236
        9.601999           0.690300E-5        1.004610           0.582936E-5        1.004237
        9.603999           0.690341E-5        1.004610           0.582968E-5        1.004237
        9.605999           0.690383E-5        1.004610           0.583000E-5        1.004237
        9.607999           0.690424E-5        1.004610           0.583032E-5        1.004237
        9.610000           0.690466E-5        1.004610           0.583064E-5        1.004237
        9.612000           0.690507E-5        1.004611           0.583097E-5        1.004237
        9.613999           0.690548E-5        1.004611           0.583129E-5        1.004237
        9.615999           0.690590E-5        1.004611           0.583161E-5        1.004237
        9.617999           0.690631E-5        1.004611           0.583193E-5        1.004238
        9.620000           0.690673E-5        1.004611           0.583225E-5        1.004238
        9.622000           0.690714E-5        1.004611           0.583257E-5        1.004238
        9.624000           0.690756E-5        1.004611           0.583289E-5        1.004238
        9.625999           0.690797E-5        1.004611           0.583321E-5        1.004238
        9.627999           0.690838E-5        1.004612           0.583354E-5        1.004238
        9.629999           0.690880E-5        1.004612           0.583386E-5        1.004238
        9.631999           0.690921E-5        1.004612           0.583418E-5        1.004238
        9.633999           0.690963E-5        1.004612           0.583450E-5        1.004238
        9.635999           0.691004E-5        1.004612           0.583482E-5        1.004238
        9.637999           0.691046E-5        1.004612           0.583514E-5        1.004239
        9.639999           0.691087E-5        1.004612           0.583546E-5        1.004239
        9.641999           0.691129E-5        1.004613           0.583579E-5        1.004239
        9.643999           0.691170E-5        1.004613           0.583611E-5        1.004239
        9.645999           0.691211E-5        1.004613           0.583643E-5        1.004239
        9.647999           0.691253E-5        1.004613           0.583675E-5        1.004239
        9.650000           0.691294E-5        1.004613           0.583707E-5        1.004239
        9.651999           0.691336E-5        1.004613           0.583740E-5        1.004239
        9.653999           0.691377E-5        1.004613           0.583772E-5        1.004240
        9.655999           0.691419E-5        1.004614           0.583804E-5        1.004240
        9.658000           0.691460E-5        1.004614           0.583836E-5        1.004240
        9.660000           0.691502E-5        1.004614           0.583868E-5        1.004240
        9.662000           0.691543E-5        1.004614           0.583901E-5        1.004240
        9.664000           0.691585E-5        1.004614           0.583933E-5        1.004240
        9.665999           0.691626E-5        1.004614           0.583965E-5        1.004240
        9.667999           0.691668E-5        1.004614           0.583997E-5        1.004240
        9.669999           0.691709E-5        1.004615           0.584029E-5        1.004241
        9.671999           0.691751E-5        1.004615           0.584061E-5        1.004241
        9.673999           0.691792E-5        1.004615           0.584094E-5        1.004241
        9.675999           0.691834E-5        1.004615           0.584126E-5        1.004241
        9.677999           0.691876E-5        1.004615           0.584158E-5        1.004241
        9.679999           0.691917E-5        1.004615           0.584190E-5        1.004241
        9.681999           0.691959E-5        1.004615           0.584222E-5        1.004241
        9.683999           0.692000E-5        1.004616           0.584255E-5        1.004241
        9.685999           0.692042E-5        1.004616           0.584287E-5        1.004241
        9.688000           0.692083E-5        1.004616           0.584319E-5        1.004242
        9.690000           0.692125E-5        1.004616           0.584351E-5        1.004242
        9.691999           0.692166E-5        1.004616           0.584384E-5        1.004242
        9.693999           0.692208E-5        1.004616           0.584416E-5        1.004242
        9.695999           0.692249E-5        1.004616           0.584448E-5        1.004242
        9.698000           0.692291E-5        1.004616           0.584480E-5        1.004242
        9.700000           0.692333E-5        1.004617           0.584513E-5        1.004242
        9.702000           0.692374E-5        1.004617           0.584545E-5        1.004242
        9.704000           0.692416E-5        1.004617           0.584577E-5        1.004243
        9.705999           0.692457E-5        1.004617           0.584609E-5        1.004243
        9.707999           0.692499E-5        1.004617           0.584642E-5        1.004243
        9.709999           0.692540E-5        1.004617           0.584674E-5        1.004243
        9.711999           0.692582E-5        1.004617           0.584706E-5        1.004243
        9.713999           0.692624E-5        1.004618           0.584738E-5        1.004243
        9.715999           0.692665E-5        1.004618           0.584771E-5        1.004243
        9.717999           0.692707E-5        1.004618           0.584803E-5        1.004243
        9.719999           0.692749E-5        1.004618           0.584835E-5        1.004243
        9.721999           0.692790E-5        1.004618           0.584867E-5        1.004244
        9.723999           0.692832E-5        1.004618           0.584900E-5        1.004244
        9.725999           0.692873E-5        1.004618           0.584932E-5        1.004244
        9.728000           0.692915E-5        1.004619           0.584964E-5        1.004244
        9.730000           0.692957E-5        1.004619           0.584997E-5        1.004244
        9.731999           0.692998E-5        1.004619           0.585029E-5        1.004244
        9.733999           0.693040E-5        1.004619           0.585061E-5        1.004244
        9.736000           0.693082E-5        1.004619           0.585093E-5        1.004244
        9.738000           0.693123E-5        1.004619           0.585126E-5        1.004244
        9.740000           0.693165E-5        1.004619           0.585158E-5        1.004245
        9.742000           0.693207E-5        1.004619           0.585190E-5        1.004245
        9.743999           0.693248E-5        1.004620           0.585223E-5        1.004245
        9.745999           0.693290E-5        1.004620           0.585255E-5        1.004245
        9.747999           0.693331E-5        1.004620           0.585287E-5        1.004245
        9.749999           0.693373E-5        1.004620           0.585320E-5        1.004245
        9.751999           0.693415E-5        1.004620           0.585352E-5        1.004245
        9.753999           0.693456E-5        1.004620           0.585384E-5        1.004245
        9.756000           0.693498E-5        1.004620           0.585417E-5        1.004246
        9.757999           0.693540E-5        1.004621           0.585449E-5        1.004246
        9.759999           0.693582E-5        1.004621           0.585481E-5        1.004246
        9.761999           0.693623E-5        1.004621           0.585514E-5        1.004246
        9.763999           0.693665E-5        1.004621           0.585546E-5        1.004246
        9.766000           0.693707E-5        1.004621           0.585578E-5        1.004246
        9.768000           0.693748E-5        1.004621           0.585610E-5        1.004246
        9.770000           0.693790E-5        1.004622           0.585643E-5        1.004246
        9.771999           0.693832E-5        1.004622           0.585675E-5        1.004246
        9.773999           0.693873E-5        1.004622           0.585708E-5        1.004247
        9.776000           0.693915E-5        1.004622           0.585740E-5        1.004247
        9.778000           0.693957E-5        1.004622           0.585772E-5        1.004247
        9.780000           0.693999E-5        1.004622           0.585804E-5        1.004247
        9.781999           0.694040E-5        1.004622           0.585837E-5        1.004247
        9.783998           0.694082E-5        1.004622           0.585869E-5        1.004247
        9.785999           0.694124E-5        1.004623           0.585902E-5        1.004247
        9.787999           0.694165E-5        1.004623           0.585934E-5        1.004247
        9.789999           0.694207E-5        1.004623           0.585966E-5        1.004248
        9.791999           0.694249E-5        1.004623           0.585999E-5        1.004248
        9.793999           0.694291E-5        1.004623           0.586031E-5        1.004248
        9.796000           0.694332E-5        1.004623           0.586063E-5        1.004248
        9.797999           0.694374E-5        1.004623           0.586096E-5        1.004248
        9.799999           0.694416E-5        1.004624           0.586128E-5        1.004248
        9.801999           0.694458E-5        1.004624           0.586161E-5        1.004248
        9.803999           0.694499E-5        1.004624           0.586193E-5        1.004248
        9.806000           0.694541E-5        1.004624           0.586225E-5        1.004248
        9.808000           0.694583E-5        1.004624           0.586258E-5        1.004249
        9.809999           0.694625E-5        1.004624           0.586290E-5        1.004249
        9.811999           0.694666E-5        1.004624           0.586322E-5        1.004249
        9.814000           0.694708E-5        1.004624           0.586355E-5        1.004249
        9.816000           0.694750E-5        1.004625           0.586387E-5        1.004249
        9.817999           0.694792E-5        1.004625           0.586420E-5        1.004249
        9.819999           0.694834E-5        1.004625           0.586452E-5        1.004249
        9.821999           0.694876E-5        1.004625           0.586485E-5        1.004249
        9.823999           0.694917E-5        1.004625           0.586517E-5        1.004250
        9.825999           0.694959E-5        1.004625           0.586549E-5        1.004250
        9.827999           0.695001E-5        1.004625           0.586582E-5        1.004250
        9.829999           0.695043E-5        1.004626           0.586614E-5        1.004250
        9.831999           0.695085E-5        1.004626           0.586647E-5        1.004250
        9.834000           0.695126E-5        1.004626           0.586679E-5        1.004250
        9.835999           0.695168E-5        1.004626           0.586711E-5        1.004250
        9.837999           0.695210E-5        1.004626           0.586744E-5        1.004250
        9.839999           0.695252E-5        1.004626           0.586776E-5        1.004251
        9.841999           0.695294E-5        1.004627           0.586809E-5        1.004251
        9.844000           0.695336E-5        1.004627           0.586841E-5        1.004251
        9.846000           0.695377E-5        1.004627           0.586874E-5        1.004251
        9.848000           0.695419E-5        1.004627           0.586906E-5        1.004251
        9.849999           0.695461E-5        1.004627           0.586938E-5        1.004251
        9.851999           0.695503E-5        1.004627           0.586971E-5        1.004251
        9.853999           0.695545E-5        1.004627           0.587003E-5        1.004251
        9.855999           0.695587E-5        1.004627           0.587036E-5        1.004251
        9.857999           0.695629E-5        1.004628           0.587068E-5        1.004251
        9.859999           0.695670E-5        1.004628           0.587101E-5        1.004252
        9.861999           0.695712E-5        1.004628           0.587133E-5        1.004252
        9.863999           0.695754E-5        1.004628           0.587166E-5        1.004252
        9.865999           0.695796E-5        1.004628           0.587198E-5        1.004252
        9.867999           0.695838E-5        1.004628           0.587231E-5        1.004252
        9.869999           0.695880E-5        1.004628           0.587263E-5        1.004252
        9.871999           0.695922E-5        1.004629           0.587295E-5        1.004252
        9.874000           0.695964E-5        1.004629           0.587328E-5        1.004252
        9.875999           0.696005E-5        1.004629           0.587360E-5        1.004253
        9.877999           0.696047E-5        1.004629           0.587393E-5        1.004253
        9.879999           0.696089E-5        1.004629           0.587425E-5        1.004253
        9.881999           0.696131E-5        1.004629           0.587458E-5        1.004253
        9.884000           0.696173E-5        1.004629           0.587490E-5        1.004253
        9.886000           0.696215E-5        1.004629           0.587523E-5        1.004253
        9.888000           0.696257E-5        1.004630           0.587556E-5        1.004253
        9.889999           0.696299E-5        1.004630           0.587588E-5        1.004253
        9.891999           0.696341E-5        1.004630           0.587620E-5        1.004254
        9.893999           0.696383E-5        1.004630           0.587653E-5        1.004254
        9.895999           0.696425E-5        1.004630           0.587685E-5        1.004254
        9.897999           0.696467E-5        1.004630           0.587718E-5        1.004254
        9.899999           0.696509E-5        1.004630           0.587750E-5        1.004254
        9.901999           0.696551E-5        1.004631           0.587783E-5        1.004254
        9.903999           0.696593E-5        1.004631           0.587815E-5        1.004254
        9.905999           0.696635E-5        1.004631           0.587848E-5        1.004254
        9.907999           0.696677E-5        1.004631           0.587881E-5        1.004254
        9.909999           0.696718E-5        1.004631           0.587913E-5        1.004255
        9.912000           0.696760E-5        1.004631           0.587946E-5        1.004255
        9.914000           0.696802E-5        1.004632           0.587978E-5        1.004255
        9.915999           0.696844E-5        1.004632           0.588011E-5        1.004255
        9.917999           0.696886E-5        1.004632           0.588043E-5        1.004255
        9.919999           0.696928E-5        1.004632           0.588076E-5        1.004255
        9.922000           0.696970E-5        1.004632           0.588108E-5        1.004255
        9.924000           0.697012E-5        1.004632           0.588141E-5        1.004255
        9.926000           0.697054E-5        1.004632           0.588173E-5        1.004256
        9.927999           0.697096E-5        1.004632           0.588206E-5        1.004256
        9.929999           0.697138E-5        1.004633           0.588238E-5        1.004256
        9.931999           0.697180E-5        1.004633           0.588271E-5        1.004256
        9.933999           0.697222E-5        1.004633           0.588304E-5        1.004256
        9.935999           0.697264E-5        1.004633           0.588336E-5        1.004256
        9.937999           0.697307E-5        1.004633           0.588369E-5        1.004256
        9.939999           0.697348E-5        1.004633           0.588401E-5        1.004256
        9.941999           0.697390E-5        1.004633           0.588434E-5        1.004256
        9.943999           0.697433E-5        1.004634           0.588466E-5        1.004257
        9.945999           0.697475E-5        1.004634           0.588499E-5        1.004257
        9.947999           0.697517E-5        1.004634           0.588532E-5        1.004257
        9.949999           0.697558E-5        1.004634           0.588564E-5        1.004257
        9.952000           0.697601E-5        1.004634           0.588597E-5        1.004257
        9.954000           0.697643E-5        1.004634           0.588629E-5        1.004257
        9.955999           0.697685E-5        1.004634           0.588662E-5        1.004257
        9.957999           0.697727E-5        1.004634           0.588695E-5        1.004257
        9.960000           0.697769E-5        1.004635           0.588727E-5        1.004258
        9.962000           0.697811E-5        1.004635           0.588760E-5        1.004258
        9.964000           0.697853E-5        1.004635           0.588792E-5        1.004258
        9.966000           0.697895E-5        1.004635           0.588825E-5        1.004258
        9.967999           0.697937E-5        1.004635           0.588857E-5        1.004258
        9.969999           0.697979E-5        1.004635           0.588890E-5        1.004258
        9.971999           0.698021E-5        1.004636           0.588923E-5        1.004258
        9.973999           0.698063E-5        1.004636           0.588955E-5        1.004258
        9.975999           0.698106E-5        1.004636           0.588988E-5        1.004259
        9.977999           0.698148E-5        1.004636           0.589020E-5        1.004259
        9.980000           0.698190E-5        1.004636           0.589053E-5        1.004259
        9.981999           0.698232E-5        1.004636           0.589086E-5        1.004259
        9.983999           0.698274E-5        1.004636           0.589118E-5        1.004259
        9.985999           0.698316E-5        1.004637           0.589151E-5        1.004259
        9.987999           0.698358E-5        1.004637           0.589184E-5        1.004259
        9.990000           0.698400E-5        1.004637           0.589216E-5        1.004259
        9.992000           0.698442E-5        1.004637           0.589249E-5        1.004259
        9.993999           0.698484E-5        1.004637           0.589282E-5        1.004259
        9.995999           0.698527E-5        1.004637           0.589314E-5        1.004260
        9.997999           0.698569E-5        1.004637           0.589347E-5        1.004260
        10.00000           0.698611E-5        1.004637           0.589379E-5        1.004260
# 
# 08/31/2026 at 11:48 yambo @ compute-9-01 [start]
# 08/31/2026 at 11:48                      [end]
#  
# Timing   [Min/Max/Average]: 16s/16s/16s
#
# .-Input file  BSE_files/BSE.in
# | optics                           # [R] Linear Response optical properties
# | dipoles                          # [R] Oscillator strenghts (or dipoles)
# | bss                              # [R] BSE solver
# | bse                              # [R][BSE] Bethe Salpeter Equation.
# | DBsIOoff= "BS"                   # [IO] Space-separated list of DB with NO I/O. DB=(DIP,X,HF,COLLs,J,GF,CARRIERs,OBS,W,SC,BS,ALL)
# | FFTGvecs= 1837             RL    # [FFT] Plane-waves
# | DIP_CPU= "2.2.6"                 # [PARALLEL] CPUs for each role
# | DIP_ROLEs= "v.c.k"               # [PARALLEL] CPUs roles (k,c,v)
# | DIP_Threads= 2                   # [OPENMP/X] Number of threads for dipoles
# | BS_CPU= "4.6"                    # [PARALLEL] CPUs for each role
# | BS_ROLEs= "eh.k"                 # [PARALLEL] CPUs roles (k,eh,t)
# | BS_nCPU_LinAlg_INV=  4           # [PARALLEL] CPUs for Linear Algebra (if -1 it is automatically set)
# | BS_nCPU_LinAlg_DIAGO=  4         # [PARALLEL] CPUs for Linear Algebra (if -1 it is automatically set)
# | K_Threads= 2                     # [OPENMP/BSK] Number of threads for response functions
# | BSKmod= "SEX"                    # [BSE] IP/Hartree/HF/ALDA/SEX/BSfxc
# | BSEmod= "resonant"               # [BSE] resonant/retarded/coupling
# | BSEdiskIO= "medium"              # [BSE] high(restart always) |medium(restart only corr.) |low(writes at the end)|none
# | BSSmod= "d"                      # [BSS] (h)aydock/(d)iago/(o)ld-diago/(s)lepc/(i)nversion/(c)hase
# | BSENGexx= 20120            mHa   # [BSK] Exchange components
# | BSENGBlk=  89              RL    # [BSK] Screened interaction block size [if -1 uses all the G-vectors of W_{G,Gp}]
# | #WehCpl                        # [BSK] eh interaction included also in coupling
# | KfnQPdb= "E < GW0/ndb.QP"        # [EXTQP BSK BSS] Database action
# | % KfnQP_E
# |  6.000000 | 1.050000 | 1.050000 |        # [EXTQP BSK BSS] E parameters  (c/v) eV|adim|adim
# | %
# | EXCTemp= 0.000000          eV    # Excitonic Temperature (for luminescence spectra and EXCPH)
# | % BSEQptR
# |  1 | 1 |                             # [BSK] Transferred momenta range
# | %
# | % BSEBands
# |   1 | 10 |                           # [BSK] Bands range
# | %
# | BSEFrozenBands= "2 - 7"          # [BSK] Bands expluded from BSE construction
# | #NoDiagSC                      # New setup for non-diagonal supercells
# | % BEnRange
# |   0.00000 | 10.00000 |         eV    # [BSS] Energy range
# | %
# | BDmType= "Lorentzian"            # [BSS] Damping type (Lorentzian | Gaussian)
# | % BDmRange
# |  0.100000 | 0.100000 |         eV    # [BSS] Damping range
# | %
# | BEnSteps=  5001                  # [BSS] Energy steps
# | % BLongDir
# |  1.000000 | 0.000000 | 0.000000 |        # [BSS] [cc] Electric Field versor
# | %
# | BSEprop= " abs esrt indx"        # [BSS] Can be any among abs/jdos/kerr/asymm/anHAll/magn/dich/photolum/esrt/MEspin/MEorb
# | BSEdips= "none"                  # [BSS] Can be "trace/none" or "xy/xz/yz" to define off-diagonal rotation plane
# | WRbsWF                         # [BSS] Write to disk excitonic the WFs
# | BSSldiaLib= "s"                  # [BSS] Library used with ldiago solver `(s)scalapack/(e1)elpa1/(e2)elpa2`
# | BSSNEig=0                        # [SLEPC/DIAGO] Number of eigenvalues to compute
