nk_1,nk_2,plot_x_nk,N_common_energy_points,rms
4,6,6,400,1.001350070
6,8,8,400,0.601354195
8,10,10,400,0.376109177
10,12,12,400,0.329609373
12,14,14,400,0.204811973
14,16,16,400,0.142012913
16,18,18,400,0.114524432
