nk_1,nk_2,plot_x_nk,N_common_energy_points,rms
4,6,6,400,1.003464614
6,8,8,400,0.600711026
8,10,10,400,0.377081490
10,12,12,400,0.330084328
12,14,14,400,0.204865148
14,16,16,400,0.142620540
16,18,18,400,0.115097339
