E[1] [eV],Im(eps)_nbnd_10,Im(eps)_nbnd_20,Im(eps)_nbnd_30,Im(eps)_nbnd_40,Im(eps)_nbnd_50,Im(eps)_nbnd_60,Im(eps)_nbnd_70,Im(eps)_nbnd_80
0.000000,0.00000905,0.00001267,0.00001390,0.00001423,0.00001439,0.00001448,0.00001453,0.00001455
0.002000,0.00000905,0.00001267,0.00001390,0.00001423,0.00001440,0.00001448,0.00001453,0.00001455
0.004000,0.00000905,0.00001267,0.00001390,0.00001423,0.00001440,0.00001448,0.00001453,0.00001455
0.006000,0.00000905,0.00001267,0.00001390,0.00001423,0.00001440,0.00001448,0.00001453,0.00001455
0.008000,0.00000905,0.00001267,0.00001390,0.00001423,0.00001440,0.00001448,0.00001453,0.00001455
0.010000,0.00000905,0.00001267,0.00001390,0.00001423,0.00001440,0.00001448,0.00001453,0.00001455
0.012000,0.00000905,0.00001268,0.00001390,0.00001423,0.00001440,0.00001449,0.00001453,0.00001455
0.014000,0.00000905,0.00001268,0.00001390,0.00001423,0.00001440,0.00001449,0.00001453,0.00001455
0.016000,0.00000905,0.00001268,0.00001390,0.00001424,0.00001440,0.00001449,0.00001454,0.00001455
0.018000,0.00000905,0.00001268,0.00001391,0.00001424,0.00001440,0.00001449,0.00001454,0.00001456
0.020000,0.00000905,0.00001268,0.00001391,0.00001424,0.00001440,0.00001449,0.00001454,0.00001456
0.022000,0.00000905,0.00001268,0.00001391,0.00001424,0.00001440,0.00001449,0.00001454,0.00001456
0.024000,0.00000905,0.00001268,0.00001391,0.00001424,0.00001440,0.00001449,0.00001454,0.00001456
0.026000,0.00000905,0.00001268,0.00001391,0.00001424,0.00001440,0.00001449,0.00001454,0.00001456
0.028000,0.00000905,0.00001268,0.00001391,0.00001424,0.00001441,0.00001449,0.00001454,0.00001456
0.030000,0.00000905,0.00001268,0.00001391,0.00001424,0.00001441,0.00001449,0.00001454,0.00001456
0.032000,0.00000906,0.00001268,0.00001391,0.00001424,0.00001441,0.00001449,0.00001454,0.00001456
0.034000,0.00000906,0.00001268,0.00001391,0.00001424,0.00001441,0.00001449,0.00001454,0.00001456
0.036000,0.00000906,0.00001268,0.00001391,0.00001424,0.00001441,0.00001449,0.00001454,0.00001456
0.038000,0.00000906,0.00001268,0.00001391,0.00001424,0.00001441,0.00001450,0.00001454,0.00001456
0.040000,0.00000906,0.00001268,0.00001391,0.00001424,0.00001441,0.00001450,0.00001454,0.00001456
0.042000,0.00000906,0.00001269,0.00001391,0.00001424,0.00001441,0.00001450,0.00001455,0.00001456
0.044000,0.00000906,0.00001269,0.00001392,0.00001425,0.00001441,0.00001450,0.00001455,0.00001457
0.046000,0.00000906,0.00001269,0.00001392,0.00001425,0.00001441,0.00001450,0.00001455,0.00001457
0.048000,0.00000906,0.00001269,0.00001392,0.00001425,0.00001441,0.00001450,0.00001455,0.00001457
0.050000,0.00000906,0.00001269,0.00001392,0.00001425,0.00001441,0.00001450,0.00001455,0.00001457
0.052000,0.00000906,0.00001269,0.00001392,0.00001425,0.00001441,0.00001450,0.00001455,0.00001457
0.054000,0.00000906,0.00001269,0.00001392,0.00001425,0.00001441,0.00001450,0.00001455,0.00001457
0.056000,0.00000906,0.00001269,0.00001392,0.00001425,0.00001442,0.00001450,0.00001455,0.00001457
0.058000,0.00000906,0.00001269,0.00001392,0.00001425,0.00001442,0.00001450,0.00001455,0.00001457
0.060000,0.00000906,0.00001269,0.00001392,0.00001425,0.00001442,0.00001450,0.00001455,0.00001457
0.062000,0.00000906,0.00001269,0.00001392,0.00001425,0.00001442,0.00001450,0.00001455,0.00001457
0.064000,0.00000906,0.00001269,0.00001392,0.00001425,0.00001442,0.00001451,0.00001455,0.00001457
0.066000,0.00000906,0.00001269,0.00001392,0.00001425,0.00001442,0.00001451,0.00001455,0.00001457
0.068000,0.00000906,0.00001269,0.00001392,0.00001425,0.00001442,0.00001451,0.00001455,0.00001457
0.070000,0.00000907,0.00001270,0.00001393,0.00001426,0.00001442,0.00001451,0.00001456,0.00001458
0.072000,0.00000907,0.00001270,0.00001393,0.00001426,0.00001442,0.00001451,0.00001456,0.00001458
0.074000,0.00000907,0.00001270,0.00001393,0.00001426,0.00001442,0.00001451,0.00001456,0.00001458
0.076000,0.00000907,0.00001270,0.00001393,0.00001426,0.00001442,0.00001451,0.00001456,0.00001458
0.078000,0.00000907,0.00001270,0.00001393,0.00001426,0.00001442,0.00001451,0.00001456,0.00001458
0.080000,0.00000907,0.00001270,0.00001393,0.00001426,0.00001442,0.00001451,0.00001456,0.00001458
0.082000,0.00000907,0.00001270,0.00001393,0.00001426,0.00001443,0.00001451,0.00001456,0.00001458
0.084000,0.00000907,0.00001270,0.00001393,0.00001426,0.00001443,0.00001451,0.00001456,0.00001458
0.086000,0.00000907,0.00001270,0.00001393,0.00001426,0.00001443,0.00001451,0.00001456,0.00001458
0.088000,0.00000907,0.00001270,0.00001393,0.00001426,0.00001443,0.00001451,0.00001456,0.00001458
0.090000,0.00000907,0.00001270,0.00001393,0.00001426,0.00001443,0.00001452,0.00001456,0.00001458
0.092000,0.00000907,0.00001270,0.00001393,0.00001426,0.00001443,0.00001452,0.00001456,0.00001458
0.094000,0.00000907,0.00001270,0.00001393,0.00001426,0.00001443,0.00001452,0.00001456,0.00001458
0.096000,0.00000907,0.00001270,0.00001393,0.00001427,0.00001443,0.00001452,0.00001457,0.00001459
0.098000,0.00000907,0.00001271,0.00001394,0.00001427,0.00001443,0.00001452,0.00001457,0.00001459
0.100000,0.00000907,0.00001271,0.00001394,0.00001427,0.00001443,0.00001452,0.00001457,0.00001459
0.102000,0.00000907,0.00001271,0.00001394,0.00001427,0.00001443,0.00001452,0.00001457,0.00001459
0.104000,0.00000907,0.00001271,0.00001394,0.00001427,0.00001443,0.00001452,0.00001457,0.00001459
0.106000,0.00000907,0.00001271,0.00001394,0.00001427,0.00001443,0.00001452,0.00001457,0.00001459
0.108000,0.00000907,0.00001271,0.00001394,0.00001427,0.00001444,0.00001452,0.00001457,0.00001459
0.110000,0.00000908,0.00001271,0.00001394,0.00001427,0.00001444,0.00001452,0.00001457,0.00001459
0.112000,0.00000908,0.00001271,0.00001394,0.00001427,0.00001444,0.00001452,0.00001457,0.00001459
0.114000,0.00000908,0.00001271,0.00001394,0.00001427,0.00001444,0.00001452,0.00001457,0.00001459
0.116000,0.00000908,0.00001271,0.00001394,0.00001427,0.00001444,0.00001453,0.00001457,0.00001459
0.118000,0.00000908,0.00001271,0.00001394,0.00001427,0.00001444,0.00001453,0.00001457,0.00001459
0.120000,0.00000908,0.00001271,0.00001394,0.00001427,0.00001444,0.00001453,0.00001457,0.00001459
0.122000,0.00000908,0.00001271,0.00001394,0.00001427,0.00001444,0.00001453,0.00001458,0.00001460
0.124000,0.00000908,0.00001271,0.00001395,0.00001428,0.00001444,0.00001453,0.00001458,0.00001460
0.126000,0.00000908,0.00001271,0.00001395,0.00001428,0.00001444,0.00001453,0.00001458,0.00001460
0.128000,0.00000908,0.00001272,0.00001395,0.00001428,0.00001444,0.00001453,0.00001458,0.00001460
0.130000,0.00000908,0.00001272,0.00001395,0.00001428,0.00001444,0.00001453,0.00001458,0.00001460
0.132000,0.00000908,0.00001272,0.00001395,0.00001428,0.00001444,0.00001453,0.00001458,0.00001460
0.134000,0.00000908,0.00001272,0.00001395,0.00001428,0.00001445,0.00001453,0.00001458,0.00001460
0.136000,0.00000908,0.00001272,0.00001395,0.00001428,0.00001445,0.00001453,0.00001458,0.00001460
0.138000,0.00000908,0.00001272,0.00001395,0.00001428,0.00001445,0.00001453,0.00001458,0.00001460
0.140000,0.00000908,0.00001272,0.00001395,0.00001428,0.00001445,0.00001453,0.00001458,0.00001460
0.142000,0.00000908,0.00001272,0.00001395,0.00001428,0.00001445,0.00001454,0.00001458,0.00001460
0.144000,0.00000908,0.00001272,0.00001395,0.00001428,0.00001445,0.00001454,0.00001458,0.00001460
0.146000,0.00000908,0.00001272,0.00001395,0.00001428,0.00001445,0.00001454,0.00001458,0.00001460
0.148000,0.00000909,0.00001272,0.00001395,0.00001428,0.00001445,0.00001454,0.00001459,0.00001461
0.150000,0.00000909,0.00001272,0.00001395,0.00001429,0.00001445,0.00001454,0.00001459,0.00001461
0.152000,0.00000909,0.00001272,0.00001396,0.00001429,0.00001445,0.00001454,0.00001459,0.00001461
0.154000,0.00000909,0.00001272,0.00001396,0.00001429,0.00001445,0.00001454,0.00001459,0.00001461
0.156000,0.00000909,0.00001273,0.00001396,0.00001429,0.00001445,0.00001454,0.00001459,0.00001461
0.158000,0.00000909,0.00001273,0.00001396,0.00001429,0.00001445,0.00001454,0.00001459,0.00001461
0.160000,0.00000909,0.00001273,0.00001396,0.00001429,0.00001446,0.00001454,0.00001459,0.00001461
0.162000,0.00000909,0.00001273,0.00001396,0.00001429,0.00001446,0.00001454,0.00001459,0.00001461
0.164000,0.00000909,0.00001273,0.00001396,0.00001429,0.00001446,0.00001454,0.00001459,0.00001461
0.166000,0.00000909,0.00001273,0.00001396,0.00001429,0.00001446,0.00001454,0.00001459,0.00001461
0.168000,0.00000909,0.00001273,0.00001396,0.00001429,0.00001446,0.00001455,0.00001459,0.00001461
0.170000,0.00000909,0.00001273,0.00001396,0.00001429,0.00001446,0.00001455,0.00001459,0.00001461
0.172000,0.00000909,0.00001273,0.00001396,0.00001429,0.00001446,0.00001455,0.00001459,0.00001461
0.174000,0.00000909,0.00001273,0.00001396,0.00001429,0.00001446,0.00001455,0.00001460,0.00001462
0.176000,0.00000909,0.00001273,0.00001396,0.00001430,0.00001446,0.00001455,0.00001460,0.00001462
0.178000,0.00000909,0.00001273,0.00001397,0.00001430,0.00001446,0.00001455,0.00001460,0.00001462
0.180000,0.00000909,0.00001273,0.00001397,0.00001430,0.00001446,0.00001455,0.00001460,0.00001462
0.182000,0.00000909,0.00001273,0.00001397,0.00001430,0.00001446,0.00001455,0.00001460,0.00001462
0.184000,0.00000909,0.00001273,0.00001397,0.00001430,0.00001446,0.00001455,0.00001460,0.00001462
0.186000,0.00000910,0.00001274,0.00001397,0.00001430,0.00001447,0.00001455,0.00001460,0.00001462
0.188000,0.00000910,0.00001274,0.00001397,0.00001430,0.00001447,0.00001455,0.00001460,0.00001462
0.190000,0.00000910,0.00001274,0.00001397,0.00001430,0.00001447,0.00001455,0.00001460,0.00001462
0.192000,0.00000910,0.00001274,0.00001397,0.00001430,0.00001447,0.00001455,0.00001460,0.00001462
0.194000,0.00000910,0.00001274,0.00001397,0.00001430,0.00001447,0.00001456,0.00001460,0.00001462
0.196000,0.00000910,0.00001274,0.00001397,0.00001430,0.00001447,0.00001456,0.00001460,0.00001462
0.198000,0.00000910,0.00001274,0.00001397,0.00001430,0.00001447,0.00001456,0.00001460,0.00001462
0.200000,0.00000910,0.00001274,0.00001397,0.00001430,0.00001447,0.00001456,0.00001461,0.00001463
0.202000,0.00000910,0.00001274,0.00001397,0.00001431,0.00001447,0.00001456,0.00001461,0.00001463
0.204000,0.00000910,0.00001274,0.00001397,0.00001431,0.00001447,0.00001456,0.00001461,0.00001463
0.206000,0.00000910,0.00001274,0.00001398,0.00001431,0.00001447,0.00001456,0.00001461,0.00001463
0.208000,0.00000910,0.00001274,0.00001398,0.00001431,0.00001447,0.00001456,0.00001461,0.00001463
0.210000,0.00000910,0.00001274,0.00001398,0.00001431,0.00001447,0.00001456,0.00001461,0.00001463
0.212000,0.00000910,0.00001274,0.00001398,0.00001431,0.00001448,0.00001456,0.00001461,0.00001463
0.214000,0.00000910,0.00001275,0.00001398,0.00001431,0.00001448,0.00001456,0.00001461,0.00001463
0.216000,0.00000910,0.00001275,0.00001398,0.00001431,0.00001448,0.00001456,0.00001461,0.00001463
0.218000,0.00000910,0.00001275,0.00001398,0.00001431,0.00001448,0.00001456,0.00001461,0.00001463
0.220000,0.00000910,0.00001275,0.00001398,0.00001431,0.00001448,0.00001457,0.00001461,0.00001463
0.222000,0.00000910,0.00001275,0.00001398,0.00001431,0.00001448,0.00001457,0.00001461,0.00001463
0.224000,0.00000911,0.00001275,0.00001398,0.00001431,0.00001448,0.00001457,0.00001461,0.00001463
0.226000,0.00000911,0.00001275,0.00001398,0.00001431,0.00001448,0.00001457,0.00001462,0.00001464
0.228000,0.00000911,0.00001275,0.00001398,0.00001432,0.00001448,0.00001457,0.00001462,0.00001464
0.230000,0.00000911,0.00001275,0.00001398,0.00001432,0.00001448,0.00001457,0.00001462,0.00001464
0.232000,0.00000911,0.00001275,0.00001399,0.00001432,0.00001448,0.00001457,0.00001462,0.00001464
0.234000,0.00000911,0.00001275,0.00001399,0.00001432,0.00001448,0.00001457,0.00001462,0.00001464
0.236000,0.00000911,0.00001275,0.00001399,0.00001432,0.00001448,0.00001457,0.00001462,0.00001464
0.238000,0.00000911,0.00001275,0.00001399,0.00001432,0.00001449,0.00001457,0.00001462,0.00001464
0.240000,0.00000911,0.00001275,0.00001399,0.00001432,0.00001449,0.00001457,0.00001462,0.00001464
0.242000,0.00000911,0.00001276,0.00001399,0.00001432,0.00001449,0.00001457,0.00001462,0.00001464
0.244000,0.00000911,0.00001276,0.00001399,0.00001432,0.00001449,0.00001457,0.00001462,0.00001464
0.246000,0.00000911,0.00001276,0.00001399,0.00001432,0.00001449,0.00001458,0.00001462,0.00001464
0.248000,0.00000911,0.00001276,0.00001399,0.00001432,0.00001449,0.00001458,0.00001462,0.00001464
0.250000,0.00000911,0.00001276,0.00001399,0.00001432,0.00001449,0.00001458,0.00001462,0.00001464
0.252000,0.00000911,0.00001276,0.00001399,0.00001432,0.00001449,0.00001458,0.00001463,0.00001465
0.254000,0.00000911,0.00001276,0.00001399,0.00001433,0.00001449,0.00001458,0.00001463,0.00001465
0.256000,0.00000911,0.00001276,0.00001399,0.00001433,0.00001449,0.00001458,0.00001463,0.00001465
0.258000,0.00000911,0.00001276,0.00001400,0.00001433,0.00001449,0.00001458,0.00001463,0.00001465
0.260000,0.00000911,0.00001276,0.00001400,0.00001433,0.00001449,0.00001458,0.00001463,0.00001465
0.262000,0.00000911,0.00001276,0.00001400,0.00001433,0.00001449,0.00001458,0.00001463,0.00001465
0.264000,0.00000912,0.00001276,0.00001400,0.00001433,0.00001450,0.00001458,0.00001463,0.00001465
0.266000,0.00000912,0.00001276,0.00001400,0.00001433,0.00001450,0.00001458,0.00001463,0.00001465
0.268000,0.00000912,0.00001276,0.00001400,0.00001433,0.00001450,0.00001458,0.00001463,0.00001465
0.270000,0.00000912,0.00001276,0.00001400,0.00001433,0.00001450,0.00001458,0.00001463,0.00001465
0.272000,0.00000912,0.00001277,0.00001400,0.00001433,0.00001450,0.00001459,0.00001463,0.00001465
0.274000,0.00000912,0.00001277,0.00001400,0.00001433,0.00001450,0.00001459,0.00001463,0.00001465
0.276000,0.00000912,0.00001277,0.00001400,0.00001433,0.00001450,0.00001459,0.00001463,0.00001465
0.278000,0.00000912,0.00001277,0.00001400,0.00001433,0.00001450,0.00001459,0.00001464,0.00001466
0.280000,0.00000912,0.00001277,0.00001400,0.00001434,0.00001450,0.00001459,0.00001464,0.00001466
0.282000,0.00000912,0.00001277,0.00001400,0.00001434,0.00001450,0.00001459,0.00001464,0.00001466
0.284000,0.00000912,0.00001277,0.00001401,0.00001434,0.00001450,0.00001459,0.00001464,0.00001466
0.286000,0.00000912,0.00001277,0.00001401,0.00001434,0.00001450,0.00001459,0.00001464,0.00001466
0.288000,0.00000912,0.00001277,0.00001401,0.00001434,0.00001450,0.00001459,0.00001464,0.00001466
0.290000,0.00000912,0.00001277,0.00001401,0.00001434,0.00001451,0.00001459,0.00001464,0.00001466
0.292000,0.00000912,0.00001277,0.00001401,0.00001434,0.00001451,0.00001459,0.00001464,0.00001466
0.294000,0.00000912,0.00001277,0.00001401,0.00001434,0.00001451,0.00001459,0.00001464,0.00001466
0.296000,0.00000912,0.00001277,0.00001401,0.00001434,0.00001451,0.00001459,0.00001464,0.00001466
0.298000,0.00000912,0.00001277,0.00001401,0.00001434,0.00001451,0.00001460,0.00001464,0.00001466
0.300000,0.00000912,0.00001278,0.00001401,0.00001434,0.00001451,0.00001460,0.00001464,0.00001466
0.302000,0.00000913,0.00001278,0.00001401,0.00001434,0.00001451,0.00001460,0.00001464,0.00001466
0.304000,0.00000913,0.00001278,0.00001401,0.00001434,0.00001451,0.00001460,0.00001465,0.00001467
0.306000,0.00000913,0.00001278,0.00001401,0.00001435,0.00001451,0.00001460,0.00001465,0.00001467
0.308000,0.00000913,0.00001278,0.00001401,0.00001435,0.00001451,0.00001460,0.00001465,0.00001467
0.310000,0.00000913,0.00001278,0.00001401,0.00001435,0.00001451,0.00001460,0.00001465,0.00001467
0.312000,0.00000913,0.00001278,0.00001402,0.00001435,0.00001451,0.00001460,0.00001465,0.00001467
0.314000,0.00000913,0.00001278,0.00001402,0.00001435,0.00001451,0.00001460,0.00001465,0.00001467
0.316000,0.00000913,0.00001278,0.00001402,0.00001435,0.00001452,0.00001460,0.00001465,0.00001467
0.318000,0.00000913,0.00001278,0.00001402,0.00001435,0.00001452,0.00001460,0.00001465,0.00001467
0.320000,0.00000913,0.00001278,0.00001402,0.00001435,0.00001452,0.00001460,0.00001465,0.00001467
0.322000,0.00000913,0.00001278,0.00001402,0.00001435,0.00001452,0.00001460,0.00001465,0.00001467
0.324000,0.00000913,0.00001278,0.00001402,0.00001435,0.00001452,0.00001460,0.00001465,0.00001467
0.326000,0.00000913,0.00001278,0.00001402,0.00001435,0.00001452,0.00001461,0.00001465,0.00001467
0.328000,0.00000913,0.00001279,0.00001402,0.00001435,0.00001452,0.00001461,0.00001465,0.00001467
0.330000,0.00000913,0.00001279,0.00001402,0.00001435,0.00001452,0.00001461,0.00001466,0.00001468
0.332000,0.00000913,0.00001279,0.00001402,0.00001435,0.00001452,0.00001461,0.00001466,0.00001468
0.334000,0.00000913,0.00001279,0.00001402,0.00001436,0.00001452,0.00001461,0.00001466,0.00001468
0.336000,0.00000913,0.00001279,0.00001402,0.00001436,0.00001452,0.00001461,0.00001466,0.00001468
0.338000,0.00000913,0.00001279,0.00001403,0.00001436,0.00001452,0.00001461,0.00001466,0.00001468
0.340000,0.00000914,0.00001279,0.00001403,0.00001436,0.00001452,0.00001461,0.00001466,0.00001468
0.342000,0.00000914,0.00001279,0.00001403,0.00001436,0.00001453,0.00001461,0.00001466,0.00001468
0.344000,0.00000914,0.00001279,0.00001403,0.00001436,0.00001453,0.00001461,0.00001466,0.00001468
0.346000,0.00000914,0.00001279,0.00001403,0.00001436,0.00001453,0.00001461,0.00001466,0.00001468
0.348000,0.00000914,0.00001279,0.00001403,0.00001436,0.00001453,0.00001461,0.00001466,0.00001468
0.350000,0.00000914,0.00001279,0.00001403,0.00001436,0.00001453,0.00001462,0.00001466,0.00001468
0.352000,0.00000914,0.00001279,0.00001403,0.00001436,0.00001453,0.00001462,0.00001466,0.00001468
0.354000,0.00000914,0.00001279,0.00001403,0.00001436,0.00001453,0.00001462,0.00001466,0.00001468
0.356000,0.00000914,0.00001279,0.00001403,0.00001436,0.00001453,0.00001462,0.00001467,0.00001469
0.358000,0.00000914,0.00001280,0.00001403,0.00001436,0.00001453,0.00001462,0.00001467,0.00001469
0.360000,0.00000914,0.00001280,0.00001403,0.00001437,0.00001453,0.00001462,0.00001467,0.00001469
0.362000,0.00000914,0.00001280,0.00001403,0.00001437,0.00001453,0.00001462,0.00001467,0.00001469
0.364000,0.00000914,0.00001280,0.00001404,0.00001437,0.00001453,0.00001462,0.00001467,0.00001469
0.366000,0.00000914,0.00001280,0.00001404,0.00001437,0.00001453,0.00001462,0.00001467,0.00001469
0.368000,0.00000914,0.00001280,0.00001404,0.00001437,0.00001454,0.00001462,0.00001467,0.00001469
0.370000,0.00000914,0.00001280,0.00001404,0.00001437,0.00001454,0.00001462,0.00001467,0.00001469
0.372000,0.00000914,0.00001280,0.00001404,0.00001437,0.00001454,0.00001462,0.00001467,0.00001469
0.374000,0.00000914,0.00001280,0.00001404,0.00001437,0.00001454,0.00001462,0.00001467,0.00001469
0.376000,0.00000914,0.00001280,0.00001404,0.00001437,0.00001454,0.00001463,0.00001467,0.00001469
0.378000,0.00000915,0.00001280,0.00001404,0.00001437,0.00001454,0.00001463,0.00001467,0.00001469
0.380000,0.00000915,0.00001280,0.00001404,0.00001437,0.00001454,0.00001463,0.00001467,0.00001469
0.382000,0.00000915,0.00001280,0.00001404,0.00001437,0.00001454,0.00001463,0.00001468,0.00001470
0.384000,0.00000915,0.00001280,0.00001404,0.00001437,0.00001454,0.00001463,0.00001468,0.00001470
0.386000,0.00000915,0.00001281,0.00001404,0.00001438,0.00001454,0.00001463,0.00001468,0.00001470
0.388000,0.00000915,0.00001281,0.00001404,0.00001438,0.00001454,0.00001463,0.00001468,0.00001470
0.390000,0.00000915,0.00001281,0.00001404,0.00001438,0.00001454,0.00001463,0.00001468,0.00001470
0.392000,0.00000915,0.00001281,0.00001405,0.00001438,0.00001454,0.00001463,0.00001468,0.00001470
0.394000,0.00000915,0.00001281,0.00001405,0.00001438,0.00001455,0.00001463,0.00001468,0.00001470
0.396000,0.00000915,0.00001281,0.00001405,0.00001438,0.00001455,0.00001463,0.00001468,0.00001470
0.398000,0.00000915,0.00001281,0.00001405,0.00001438,0.00001455,0.00001463,0.00001468,0.00001470
0.400000,0.00000915,0.00001281,0.00001405,0.00001438,0.00001455,0.00001463,0.00001468,0.00001470
0.402000,0.00000915,0.00001281,0.00001405,0.00001438,0.00001455,0.00001464,0.00001468,0.00001470
0.404000,0.00000915,0.00001281,0.00001405,0.00001438,0.00001455,0.00001464,0.00001468,0.00001470
0.406000,0.00000915,0.00001281,0.00001405,0.00001438,0.00001455,0.00001464,0.00001468,0.00001470
0.408000,0.00000915,0.00001281,0.00001405,0.00001438,0.00001455,0.00001464,0.00001469,0.00001471
0.410000,0.00000915,0.00001281,0.00001405,0.00001438,0.00001455,0.00001464,0.00001469,0.00001471
0.412000,0.00000915,0.00001281,0.00001405,0.00001439,0.00001455,0.00001464,0.00001469,0.00001471
0.414000,0.00000915,0.00001282,0.00001405,0.00001439,0.00001455,0.00001464,0.00001469,0.00001471
0.416000,0.00000916,0.00001282,0.00001405,0.00001439,0.00001455,0.00001464,0.00001469,0.00001471
0.418000,0.00000916,0.00001282,0.00001406,0.00001439,0.00001455,0.00001464,0.00001469,0.00001471
0.420000,0.00000916,0.00001282,0.00001406,0.00001439,0.00001456,0.00001464,0.00001469,0.00001471
0.422000,0.00000916,0.00001282,0.00001406,0.00001439,0.00001456,0.00001464,0.00001469,0.00001471
0.424000,0.00000916,0.00001282,0.00001406,0.00001439,0.00001456,0.00001464,0.00001469,0.00001471
0.426000,0.00000916,0.00001282,0.00001406,0.00001439,0.00001456,0.00001464,0.00001469,0.00001471
0.428000,0.00000916,0.00001282,0.00001406,0.00001439,0.00001456,0.00001465,0.00001469,0.00001471
0.430000,0.00000916,0.00001282,0.00001406,0.00001439,0.00001456,0.00001465,0.00001469,0.00001471
0.432000,0.00000916,0.00001282,0.00001406,0.00001439,0.00001456,0.00001465,0.00001469,0.00001471
0.434000,0.00000916,0.00001282,0.00001406,0.00001439,0.00001456,0.00001465,0.00001470,0.00001472
0.436000,0.00000916,0.00001282,0.00001406,0.00001439,0.00001456,0.00001465,0.00001470,0.00001472
0.438000,0.00000916,0.00001282,0.00001406,0.00001440,0.00001456,0.00001465,0.00001470,0.00001472
0.440000,0.00000916,0.00001282,0.00001406,0.00001440,0.00001456,0.00001465,0.00001470,0.00001472
0.442000,0.00000916,0.00001283,0.00001406,0.00001440,0.00001456,0.00001465,0.00001470,0.00001472
0.444000,0.00000916,0.00001283,0.00001407,0.00001440,0.00001456,0.00001465,0.00001470,0.00001472
0.446000,0.00000916,0.00001283,0.00001407,0.00001440,0.00001457,0.00001465,0.00001470,0.00001472
0.448000,0.00000916,0.00001283,0.00001407,0.00001440,0.00001457,0.00001465,0.00001470,0.00001472
0.450000,0.00000916,0.00001283,0.00001407,0.00001440,0.00001457,0.00001465,0.00001470,0.00001472
0.452000,0.00000916,0.00001283,0.00001407,0.00001440,0.00001457,0.00001465,0.00001470,0.00001472
0.454000,0.00000917,0.00001283,0.00001407,0.00001440,0.00001457,0.00001466,0.00001470,0.00001472
0.456000,0.00000917,0.00001283,0.00001407,0.00001440,0.00001457,0.00001466,0.00001470,0.00001472
0.458000,0.00000917,0.00001283,0.00001407,0.00001440,0.00001457,0.00001466,0.00001471,0.00001472
0.460000,0.00000917,0.00001283,0.00001407,0.00001440,0.00001457,0.00001466,0.00001471,0.00001473
0.462000,0.00000917,0.00001283,0.00001407,0.00001440,0.00001457,0.00001466,0.00001471,0.00001473
0.464000,0.00000917,0.00001283,0.00001407,0.00001441,0.00001457,0.00001466,0.00001471,0.00001473
0.466000,0.00000917,0.00001283,0.00001407,0.00001441,0.00001457,0.00001466,0.00001471,0.00001473
0.468000,0.00000917,0.00001283,0.00001407,0.00001441,0.00001457,0.00001466,0.00001471,0.00001473
0.470000,0.00000917,0.00001283,0.00001408,0.00001441,0.00001457,0.00001466,0.00001471,0.00001473
0.472000,0.00000917,0.00001284,0.00001408,0.00001441,0.00001458,0.00001466,0.00001471,0.00001473
0.474000,0.00000917,0.00001284,0.00001408,0.00001441,0.00001458,0.00001466,0.00001471,0.00001473
0.476000,0.00000917,0.00001284,0.00001408,0.00001441,0.00001458,0.00001466,0.00001471,0.00001473
0.478000,0.00000917,0.00001284,0.00001408,0.00001441,0.00001458,0.00001466,0.00001471,0.00001473
0.480000,0.00000917,0.00001284,0.00001408,0.00001441,0.00001458,0.00001467,0.00001471,0.00001473
0.482000,0.00000917,0.00001284,0.00001408,0.00001441,0.00001458,0.00001467,0.00001471,0.00001473
0.484000,0.00000917,0.00001284,0.00001408,0.00001441,0.00001458,0.00001467,0.00001472,0.00001473
0.486000,0.00000917,0.00001284,0.00001408,0.00001441,0.00001458,0.00001467,0.00001472,0.00001474
0.488000,0.00000917,0.00001284,0.00001408,0.00001441,0.00001458,0.00001467,0.00001472,0.00001474
0.490000,0.00000917,0.00001284,0.00001408,0.00001442,0.00001458,0.00001467,0.00001472,0.00001474
0.492000,0.00000918,0.00001284,0.00001408,0.00001442,0.00001458,0.00001467,0.00001472,0.00001474
0.494000,0.00000918,0.00001284,0.00001408,0.00001442,0.00001458,0.00001467,0.00001472,0.00001474
0.496000,0.00000918,0.00001284,0.00001408,0.00001442,0.00001458,0.00001467,0.00001472,0.00001474
0.498000,0.00000918,0.00001284,0.00001409,0.00001442,0.00001459,0.00001467,0.00001472,0.00001474
0.500000,0.00000918,0.00001285,0.00001409,0.00001442,0.00001459,0.00001467,0.00001472,0.00001474
0.502000,0.00000918,0.00001285,0.00001409,0.00001442,0.00001459,0.00001467,0.00001472,0.00001474
0.504000,0.00000918,0.00001285,0.00001409,0.00001442,0.00001459,0.00001467,0.00001472,0.00001474
0.506000,0.00000918,0.00001285,0.00001409,0.00001442,0.00001459,0.00001468,0.00001472,0.00001474
0.508000,0.00000918,0.00001285,0.00001409,0.00001442,0.00001459,0.00001468,0.00001472,0.00001474
0.510000,0.00000918,0.00001285,0.00001409,0.00001442,0.00001459,0.00001468,0.00001473,0.00001474
0.512000,0.00000918,0.00001285,0.00001409,0.00001442,0.00001459,0.00001468,0.00001473,0.00001475
0.514000,0.00000918,0.00001285,0.00001409,0.00001442,0.00001459,0.00001468,0.00001473,0.00001475
0.516000,0.00000918,0.00001285,0.00001409,0.00001443,0.00001459,0.00001468,0.00001473,0.00001475
0.518000,0.00000918,0.00001285,0.00001409,0.00001443,0.00001459,0.00001468,0.00001473,0.00001475
0.520000,0.00000918,0.00001285,0.00001409,0.00001443,0.00001459,0.00001468,0.00001473,0.00001475
0.522000,0.00000918,0.00001285,0.00001409,0.00001443,0.00001459,0.00001468,0.00001473,0.00001475
0.524000,0.00000918,0.00001285,0.00001410,0.00001443,0.00001460,0.00001468,0.00001473,0.00001475
0.526000,0.00000918,0.00001285,0.00001410,0.00001443,0.00001460,0.00001468,0.00001473,0.00001475
0.528000,0.00000918,0.00001286,0.00001410,0.00001443,0.00001460,0.00001468,0.00001473,0.00001475
0.530000,0.00000919,0.00001286,0.00001410,0.00001443,0.00001460,0.00001468,0.00001473,0.00001475
0.532000,0.00000919,0.00001286,0.00001410,0.00001443,0.00001460,0.00001469,0.00001473,0.00001475
0.534000,0.00000919,0.00001286,0.00001410,0.00001443,0.00001460,0.00001469,0.00001473,0.00001475
0.536000,0.00000919,0.00001286,0.00001410,0.00001443,0.00001460,0.00001469,0.00001474,0.00001476
0.538000,0.00000919,0.00001286,0.00001410,0.00001443,0.00001460,0.00001469,0.00001474,0.00001476
0.540000,0.00000919,0.00001286,0.00001410,0.00001443,0.00001460,0.00001469,0.00001474,0.00001476
0.542000,0.00000919,0.00001286,0.00001410,0.00001444,0.00001460,0.00001469,0.00001474,0.00001476
0.544000,0.00000919,0.00001286,0.00001410,0.00001444,0.00001460,0.00001469,0.00001474,0.00001476
0.546000,0.00000919,0.00001286,0.00001410,0.00001444,0.00001460,0.00001469,0.00001474,0.00001476
0.548000,0.00000919,0.00001286,0.00001410,0.00001444,0.00001460,0.00001469,0.00001474,0.00001476
0.550000,0.00000919,0.00001286,0.00001411,0.00001444,0.00001461,0.00001469,0.00001474,0.00001476
0.552000,0.00000919,0.00001286,0.00001411,0.00001444,0.00001461,0.00001469,0.00001474,0.00001476
0.554000,0.00000919,0.00001286,0.00001411,0.00001444,0.00001461,0.00001469,0.00001474,0.00001476
0.556000,0.00000919,0.00001287,0.00001411,0.00001444,0.00001461,0.00001469,0.00001474,0.00001476
0.558000,0.00000919,0.00001287,0.00001411,0.00001444,0.00001461,0.00001470,0.00001474,0.00001476
0.560000,0.00000919,0.00001287,0.00001411,0.00001444,0.00001461,0.00001470,0.00001474,0.00001476
0.562000,0.00000919,0.00001287,0.00001411,0.00001444,0.00001461,0.00001470,0.00001475,0.00001477
0.564000,0.00000919,0.00001287,0.00001411,0.00001444,0.00001461,0.00001470,0.00001475,0.00001477
0.566000,0.00000919,0.00001287,0.00001411,0.00001444,0.00001461,0.00001470,0.00001475,0.00001477
0.568000,0.00000920,0.00001287,0.00001411,0.00001445,0.00001461,0.00001470,0.00001475,0.00001477
0.570000,0.00000920,0.00001287,0.00001411,0.00001445,0.00001461,0.00001470,0.00001475,0.00001477
0.572000,0.00000920,0.00001287,0.00001411,0.00001445,0.00001461,0.00001470,0.00001475,0.00001477
0.574000,0.00000920,0.00001287,0.00001411,0.00001445,0.00001461,0.00001470,0.00001475,0.00001477
0.576000,0.00000920,0.00001287,0.00001412,0.00001445,0.00001462,0.00001470,0.00001475,0.00001477
0.578000,0.00000920,0.00001287,0.00001412,0.00001445,0.00001462,0.00001470,0.00001475,0.00001477
0.580000,0.00000920,0.00001287,0.00001412,0.00001445,0.00001462,0.00001470,0.00001475,0.00001477
0.582000,0.00000920,0.00001287,0.00001412,0.00001445,0.00001462,0.00001471,0.00001475,0.00001477
0.584000,0.00000920,0.00001287,0.00001412,0.00001445,0.00001462,0.00001471,0.00001475,0.00001477
0.586000,0.00000920,0.00001288,0.00001412,0.00001445,0.00001462,0.00001471,0.00001475,0.00001477
0.588000,0.00000920,0.00001288,0.00001412,0.00001445,0.00001462,0.00001471,0.00001476,0.00001478
0.590000,0.00000920,0.00001288,0.00001412,0.00001445,0.00001462,0.00001471,0.00001476,0.00001478
0.592000,0.00000920,0.00001288,0.00001412,0.00001445,0.00001462,0.00001471,0.00001476,0.00001478
0.594000,0.00000920,0.00001288,0.00001412,0.00001446,0.00001462,0.00001471,0.00001476,0.00001478
0.596000,0.00000920,0.00001288,0.00001412,0.00001446,0.00001462,0.00001471,0.00001476,0.00001478
0.598000,0.00000920,0.00001288,0.00001412,0.00001446,0.00001462,0.00001471,0.00001476,0.00001478
0.600000,0.00000920,0.00001288,0.00001412,0.00001446,0.00001462,0.00001471,0.00001476,0.00001478
0.602000,0.00000920,0.00001288,0.00001413,0.00001446,0.00001463,0.00001471,0.00001476,0.00001478
0.604000,0.00000920,0.00001288,0.00001413,0.00001446,0.00001463,0.00001471,0.00001476,0.00001478
0.606000,0.00000921,0.00001288,0.00001413,0.00001446,0.00001463,0.00001471,0.00001476,0.00001478
0.608000,0.00000921,0.00001288,0.00001413,0.00001446,0.00001463,0.00001472,0.00001476,0.00001478
0.610000,0.00000921,0.00001288,0.00001413,0.00001446,0.00001463,0.00001472,0.00001476,0.00001478
0.612000,0.00000921,0.00001288,0.00001413,0.00001446,0.00001463,0.00001472,0.00001477,0.00001478
0.614000,0.00000921,0.00001289,0.00001413,0.00001446,0.00001463,0.00001472,0.00001477,0.00001479
0.616000,0.00000921,0.00001289,0.00001413,0.00001446,0.00001463,0.00001472,0.00001477,0.00001479
0.618000,0.00000921,0.00001289,0.00001413,0.00001446,0.00001463,0.00001472,0.00001477,0.00001479
0.620000,0.00000921,0.00001289,0.00001413,0.00001447,0.00001463,0.00001472,0.00001477,0.00001479
0.622000,0.00000921,0.00001289,0.00001413,0.00001447,0.00001463,0.00001472,0.00001477,0.00001479
0.624000,0.00000921,0.00001289,0.00001413,0.00001447,0.00001463,0.00001472,0.00001477,0.00001479
0.626000,0.00000921,0.00001289,0.00001413,0.00001447,0.00001463,0.00001472,0.00001477,0.00001479
0.628000,0.00000921,0.00001289,0.00001413,0.00001447,0.00001464,0.00001472,0.00001477,0.00001479
0.630000,0.00000921,0.00001289,0.00001414,0.00001447,0.00001464,0.00001472,0.00001477,0.00001479
0.632000,0.00000921,0.00001289,0.00001414,0.00001447,0.00001464,0.00001472,0.00001477,0.00001479
0.634000,0.00000921,0.00001289,0.00001414,0.00001447,0.00001464,0.00001473,0.00001477,0.00001479
0.636000,0.00000921,0.00001289,0.00001414,0.00001447,0.00001464,0.00001473,0.00001477,0.00001479
0.638000,0.00000921,0.00001289,0.00001414,0.00001447,0.00001464,0.00001473,0.00001478,0.00001479
0.640000,0.00000921,0.00001289,0.00001414,0.00001447,0.00001464,0.00001473,0.00001478,0.00001480
0.642000,0.00000921,0.00001290,0.00001414,0.00001447,0.00001464,0.00001473,0.00001478,0.00001480
0.644000,0.00000922,0.00001290,0.00001414,0.00001447,0.00001464,0.00001473,0.00001478,0.00001480
0.646000,0.00000922,0.00001290,0.00001414,0.00001448,0.00001464,0.00001473,0.00001478,0.00001480
0.648000,0.00000922,0.00001290,0.00001414,0.00001448,0.00001464,0.00001473,0.00001478,0.00001480
0.650000,0.00000922,0.00001290,0.00001414,0.00001448,0.00001464,0.00001473,0.00001478,0.00001480
0.652000,0.00000922,0.00001290,0.00001414,0.00001448,0.00001464,0.00001473,0.00001478,0.00001480
0.654000,0.00000922,0.00001290,0.00001414,0.00001448,0.00001465,0.00001473,0.00001478,0.00001480
0.656000,0.00000922,0.00001290,0.00001415,0.00001448,0.00001465,0.00001473,0.00001478,0.00001480
0.658000,0.00000922,0.00001290,0.00001415,0.00001448,0.00001465,0.00001473,0.00001478,0.00001480
0.660000,0.00000922,0.00001290,0.00001415,0.00001448,0.00001465,0.00001474,0.00001478,0.00001480
0.662000,0.00000922,0.00001290,0.00001415,0.00001448,0.00001465,0.00001474,0.00001478,0.00001480
0.664000,0.00000922,0.00001290,0.00001415,0.00001448,0.00001465,0.00001474,0.00001479,0.00001480
0.666000,0.00000922,0.00001290,0.00001415,0.00001448,0.00001465,0.00001474,0.00001479,0.00001481
0.668000,0.00000922,0.00001290,0.00001415,0.00001448,0.00001465,0.00001474,0.00001479,0.00001481
0.670000,0.00000922,0.00001291,0.00001415,0.00001448,0.00001465,0.00001474,0.00001479,0.00001481
0.672000,0.00000922,0.00001291,0.00001415,0.00001449,0.00001465,0.00001474,0.00001479,0.00001481
0.674000,0.00000922,0.00001291,0.00001415,0.00001449,0.00001465,0.00001474,0.00001479,0.00001481
0.676000,0.00000922,0.00001291,0.00001415,0.00001449,0.00001465,0.00001474,0.00001479,0.00001481
0.678000,0.00000922,0.00001291,0.00001415,0.00001449,0.00001466,0.00001474,0.00001479,0.00001481
0.680000,0.00000922,0.00001291,0.00001415,0.00001449,0.00001466,0.00001474,0.00001479,0.00001481
0.682000,0.00000923,0.00001291,0.00001416,0.00001449,0.00001466,0.00001474,0.00001479,0.00001481
0.684000,0.00000923,0.00001291,0.00001416,0.00001449,0.00001466,0.00001474,0.00001479,0.00001481
0.686000,0.00000923,0.00001291,0.00001416,0.00001449,0.00001466,0.00001475,0.00001479,0.00001481
0.688000,0.00000923,0.00001291,0.00001416,0.00001449,0.00001466,0.00001475,0.00001479,0.00001481
0.690000,0.00000923,0.00001291,0.00001416,0.00001449,0.00001466,0.00001475,0.00001480,0.00001482
0.692000,0.00000923,0.00001291,0.00001416,0.00001449,0.00001466,0.00001475,0.00001480,0.00001482
0.694000,0.00000923,0.00001291,0.00001416,0.00001449,0.00001466,0.00001475,0.00001480,0.00001482
0.696000,0.00000923,0.00001291,0.00001416,0.00001449,0.00001466,0.00001475,0.00001480,0.00001482
0.698000,0.00000923,0.00001292,0.00001416,0.00001450,0.00001466,0.00001475,0.00001480,0.00001482
0.700000,0.00000923,0.00001292,0.00001416,0.00001450,0.00001466,0.00001475,0.00001480,0.00001482
0.702000,0.00000923,0.00001292,0.00001416,0.00001450,0.00001466,0.00001475,0.00001480,0.00001482
0.704000,0.00000923,0.00001292,0.00001416,0.00001450,0.00001467,0.00001475,0.00001480,0.00001482
0.706000,0.00000923,0.00001292,0.00001416,0.00001450,0.00001467,0.00001475,0.00001480,0.00001482
0.708000,0.00000923,0.00001292,0.00001417,0.00001450,0.00001467,0.00001475,0.00001480,0.00001482
0.710000,0.00000923,0.00001292,0.00001417,0.00001450,0.00001467,0.00001476,0.00001480,0.00001482
0.712000,0.00000923,0.00001292,0.00001417,0.00001450,0.00001467,0.00001476,0.00001480,0.00001482
0.714000,0.00000923,0.00001292,0.00001417,0.00001450,0.00001467,0.00001476,0.00001480,0.00001482
0.716000,0.00000923,0.00001292,0.00001417,0.00001450,0.00001467,0.00001476,0.00001481,0.00001483
0.718000,0.00000923,0.00001292,0.00001417,0.00001450,0.00001467,0.00001476,0.00001481,0.00001483
0.720000,0.00000924,0.00001292,0.00001417,0.00001450,0.00001467,0.00001476,0.00001481,0.00001483
0.722000,0.00000924,0.00001292,0.00001417,0.00001450,0.00001467,0.00001476,0.00001481,0.00001483
0.724000,0.00000924,0.00001292,0.00001417,0.00001451,0.00001467,0.00001476,0.00001481,0.00001483
0.726000,0.00000924,0.00001293,0.00001417,0.00001451,0.00001467,0.00001476,0.00001481,0.00001483
0.728000,0.00000924,0.00001293,0.00001417,0.00001451,0.00001467,0.00001476,0.00001481,0.00001483
0.730000,0.00000924,0.00001293,0.00001417,0.00001451,0.00001468,0.00001476,0.00001481,0.00001483
0.732000,0.00000924,0.00001293,0.00001417,0.00001451,0.00001468,0.00001476,0.00001481,0.00001483
0.734000,0.00000924,0.00001293,0.00001418,0.00001451,0.00001468,0.00001476,0.00001481,0.00001483
0.736000,0.00000924,0.00001293,0.00001418,0.00001451,0.00001468,0.00001477,0.00001481,0.00001483
0.738000,0.00000924,0.00001293,0.00001418,0.00001451,0.00001468,0.00001477,0.00001481,0.00001483
0.740000,0.00000924,0.00001293,0.00001418,0.00001451,0.00001468,0.00001477,0.00001482,0.00001483
0.742000,0.00000924,0.00001293,0.00001418,0.00001451,0.00001468,0.00001477,0.00001482,0.00001484
0.744000,0.00000924,0.00001293,0.00001418,0.00001451,0.00001468,0.00001477,0.00001482,0.00001484
0.746000,0.00000924,0.00001293,0.00001418,0.00001451,0.00001468,0.00001477,0.00001482,0.00001484
0.748000,0.00000924,0.00001293,0.00001418,0.00001452,0.00001468,0.00001477,0.00001482,0.00001484
0.750000,0.00000924,0.00001293,0.00001418,0.00001452,0.00001468,0.00001477,0.00001482,0.00001484
0.752000,0.00000924,0.00001293,0.00001418,0.00001452,0.00001468,0.00001477,0.00001482,0.00001484
0.754000,0.00000924,0.00001294,0.00001418,0.00001452,0.00001468,0.00001477,0.00001482,0.00001484
0.756000,0.00000924,0.00001294,0.00001418,0.00001452,0.00001469,0.00001477,0.00001482,0.00001484
0.758000,0.00000925,0.00001294,0.00001418,0.00001452,0.00001469,0.00001477,0.00001482,0.00001484
0.760000,0.00000925,0.00001294,0.00001419,0.00001452,0.00001469,0.00001477,0.00001482,0.00001484
0.762000,0.00000925,0.00001294,0.00001419,0.00001452,0.00001469,0.00001478,0.00001482,0.00001484
0.764000,0.00000925,0.00001294,0.00001419,0.00001452,0.00001469,0.00001478,0.00001482,0.00001484
0.766000,0.00000925,0.00001294,0.00001419,0.00001452,0.00001469,0.00001478,0.00001483,0.00001484
0.768000,0.00000925,0.00001294,0.00001419,0.00001452,0.00001469,0.00001478,0.00001483,0.00001485
0.770000,0.00000925,0.00001294,0.00001419,0.00001452,0.00001469,0.00001478,0.00001483,0.00001485
0.772000,0.00000925,0.00001294,0.00001419,0.00001452,0.00001469,0.00001478,0.00001483,0.00001485
0.774000,0.00000925,0.00001294,0.00001419,0.00001453,0.00001469,0.00001478,0.00001483,0.00001485
0.776000,0.00000925,0.00001294,0.00001419,0.00001453,0.00001469,0.00001478,0.00001483,0.00001485
0.778000,0.00000925,0.00001294,0.00001419,0.00001453,0.00001469,0.00001478,0.00001483,0.00001485
0.780000,0.00000925,0.00001294,0.00001419,0.00001453,0.00001470,0.00001478,0.00001483,0.00001485
0.782000,0.00000925,0.00001295,0.00001419,0.00001453,0.00001470,0.00001478,0.00001483,0.00001485
0.784000,0.00000925,0.00001295,0.00001419,0.00001453,0.00001470,0.00001478,0.00001483,0.00001485
0.786000,0.00000925,0.00001295,0.00001420,0.00001453,0.00001470,0.00001478,0.00001483,0.00001485
0.788000,0.00000925,0.00001295,0.00001420,0.00001453,0.00001470,0.00001479,0.00001483,0.00001485
0.790000,0.00000925,0.00001295,0.00001420,0.00001453,0.00001470,0.00001479,0.00001483,0.00001485
0.792000,0.00000925,0.00001295,0.00001420,0.00001453,0.00001470,0.00001479,0.00001484,0.00001486
0.794000,0.00000925,0.00001295,0.00001420,0.00001453,0.00001470,0.00001479,0.00001484,0.00001486
0.796000,0.00000926,0.00001295,0.00001420,0.00001453,0.00001470,0.00001479,0.00001484,0.00001486
0.798000,0.00000926,0.00001295,0.00001420,0.00001453,0.00001470,0.00001479,0.00001484,0.00001486
0.800000,0.00000926,0.00001295,0.00001420,0.00001454,0.00001470,0.00001479,0.00001484,0.00001486
0.802000,0.00000926,0.00001295,0.00001420,0.00001454,0.00001470,0.00001479,0.00001484,0.00001486
0.804000,0.00000926,0.00001295,0.00001420,0.00001454,0.00001470,0.00001479,0.00001484,0.00001486
0.806000,0.00000926,0.00001295,0.00001420,0.00001454,0.00001471,0.00001479,0.00001484,0.00001486
0.808000,0.00000926,0.00001295,0.00001420,0.00001454,0.00001471,0.00001479,0.00001484,0.00001486
0.810000,0.00000926,0.00001296,0.00001420,0.00001454,0.00001471,0.00001479,0.00001484,0.00001486
0.812000,0.00000926,0.00001296,0.00001421,0.00001454,0.00001471,0.00001479,0.00001484,0.00001486
0.814000,0.00000926,0.00001296,0.00001421,0.00001454,0.00001471,0.00001480,0.00001484,0.00001486
0.816000,0.00000926,0.00001296,0.00001421,0.00001454,0.00001471,0.00001480,0.00001484,0.00001486
0.818000,0.00000926,0.00001296,0.00001421,0.00001454,0.00001471,0.00001480,0.00001485,0.00001487
0.820000,0.00000926,0.00001296,0.00001421,0.00001454,0.00001471,0.00001480,0.00001485,0.00001487
0.822000,0.00000926,0.00001296,0.00001421,0.00001454,0.00001471,0.00001480,0.00001485,0.00001487
0.824000,0.00000926,0.00001296,0.00001421,0.00001454,0.00001471,0.00001480,0.00001485,0.00001487
0.826000,0.00000926,0.00001296,0.00001421,0.00001455,0.00001471,0.00001480,0.00001485,0.00001487
0.828000,0.00000926,0.00001296,0.00001421,0.00001455,0.00001471,0.00001480,0.00001485,0.00001487
0.830000,0.00000926,0.00001296,0.00001421,0.00001455,0.00001471,0.00001480,0.00001485,0.00001487
0.832000,0.00000927,0.00001296,0.00001421,0.00001455,0.00001472,0.00001480,0.00001485,0.00001487
0.834000,0.00000927,0.00001296,0.00001421,0.00001455,0.00001472,0.00001480,0.00001485,0.00001487
0.836000,0.00000927,0.00001296,0.00001421,0.00001455,0.00001472,0.00001480,0.00001485,0.00001487
0.838000,0.00000927,0.00001297,0.00001422,0.00001455,0.00001472,0.00001481,0.00001485,0.00001487
0.840000,0.00000927,0.00001297,0.00001422,0.00001455,0.00001472,0.00001481,0.00001485,0.00001487
0.842000,0.00000927,0.00001297,0.00001422,0.00001455,0.00001472,0.00001481,0.00001486,0.00001487
0.844000,0.00000927,0.00001297,0.00001422,0.00001455,0.00001472,0.00001481,0.00001486,0.00001488
0.846000,0.00000927,0.00001297,0.00001422,0.00001455,0.00001472,0.00001481,0.00001486,0.00001488
0.848000,0.00000927,0.00001297,0.00001422,0.00001455,0.00001472,0.00001481,0.00001486,0.00001488
0.850000,0.00000927,0.00001297,0.00001422,0.00001455,0.00001472,0.00001481,0.00001486,0.00001488
0.852000,0.00000927,0.00001297,0.00001422,0.00001456,0.00001472,0.00001481,0.00001486,0.00001488
0.854000,0.00000927,0.00001297,0.00001422,0.00001456,0.00001472,0.00001481,0.00001486,0.00001488
0.856000,0.00000927,0.00001297,0.00001422,0.00001456,0.00001472,0.00001481,0.00001486,0.00001488
0.858000,0.00000927,0.00001297,0.00001422,0.00001456,0.00001473,0.00001481,0.00001486,0.00001488
0.860000,0.00000927,0.00001297,0.00001422,0.00001456,0.00001473,0.00001481,0.00001486,0.00001488
0.862000,0.00000927,0.00001297,0.00001422,0.00001456,0.00001473,0.00001481,0.00001486,0.00001488
0.864000,0.00000927,0.00001297,0.00001423,0.00001456,0.00001473,0.00001482,0.00001486,0.00001488
0.866000,0.00000927,0.00001298,0.00001423,0.00001456,0.00001473,0.00001482,0.00001486,0.00001488
0.868000,0.00000927,0.00001298,0.00001423,0.00001456,0.00001473,0.00001482,0.00001487,0.00001489
0.870000,0.00000928,0.00001298,0.00001423,0.00001456,0.00001473,0.00001482,0.00001487,0.00001489
0.872000,0.00000928,0.00001298,0.00001423,0.00001456,0.00001473,0.00001482,0.00001487,0.00001489
0.874000,0.00000928,0.00001298,0.00001423,0.00001456,0.00001473,0.00001482,0.00001487,0.00001489
0.876000,0.00000928,0.00001298,0.00001423,0.00001457,0.00001473,0.00001482,0.00001487,0.00001489
0.878000,0.00000928,0.00001298,0.00001423,0.00001457,0.00001473,0.00001482,0.00001487,0.00001489
0.880000,0.00000928,0.00001298,0.00001423,0.00001457,0.00001473,0.00001482,0.00001487,0.00001489
0.882000,0.00000928,0.00001298,0.00001423,0.00001457,0.00001474,0.00001482,0.00001487,0.00001489
0.884000,0.00000928,0.00001298,0.00001423,0.00001457,0.00001474,0.00001482,0.00001487,0.00001489
0.886000,0.00000928,0.00001298,0.00001423,0.00001457,0.00001474,0.00001482,0.00001487,0.00001489
0.888000,0.00000928,0.00001298,0.00001423,0.00001457,0.00001474,0.00001482,0.00001487,0.00001489
0.890000,0.00000928,0.00001298,0.00001424,0.00001457,0.00001474,0.00001483,0.00001487,0.00001489
0.892000,0.00000928,0.00001298,0.00001424,0.00001457,0.00001474,0.00001483,0.00001487,0.00001489
0.894000,0.00000928,0.00001299,0.00001424,0.00001457,0.00001474,0.00001483,0.00001488,0.00001490
0.896000,0.00000928,0.00001299,0.00001424,0.00001457,0.00001474,0.00001483,0.00001488,0.00001490
0.898000,0.00000928,0.00001299,0.00001424,0.00001457,0.00001474,0.00001483,0.00001488,0.00001490
0.900000,0.00000928,0.00001299,0.00001424,0.00001457,0.00001474,0.00001483,0.00001488,0.00001490
0.902000,0.00000928,0.00001299,0.00001424,0.00001458,0.00001474,0.00001483,0.00001488,0.00001490
0.904000,0.00000928,0.00001299,0.00001424,0.00001458,0.00001474,0.00001483,0.00001488,0.00001490
0.906000,0.00000928,0.00001299,0.00001424,0.00001458,0.00001474,0.00001483,0.00001488,0.00001490
0.908000,0.00000929,0.00001299,0.00001424,0.00001458,0.00001475,0.00001483,0.00001488,0.00001490
0.910000,0.00000929,0.00001299,0.00001424,0.00001458,0.00001475,0.00001483,0.00001488,0.00001490
0.912000,0.00000929,0.00001299,0.00001424,0.00001458,0.00001475,0.00001483,0.00001488,0.00001490
0.914000,0.00000929,0.00001299,0.00001424,0.00001458,0.00001475,0.00001484,0.00001488,0.00001490
0.916000,0.00000929,0.00001299,0.00001425,0.00001458,0.00001475,0.00001484,0.00001488,0.00001490
0.918000,0.00000929,0.00001299,0.00001425,0.00001458,0.00001475,0.00001484,0.00001489,0.00001490
0.920000,0.00000929,0.00001299,0.00001425,0.00001458,0.00001475,0.00001484,0.00001489,0.00001491
0.922000,0.00000929,0.00001300,0.00001425,0.00001458,0.00001475,0.00001484,0.00001489,0.00001491
0.924000,0.00000929,0.00001300,0.00001425,0.00001458,0.00001475,0.00001484,0.00001489,0.00001491
0.926000,0.00000929,0.00001300,0.00001425,0.00001458,0.00001475,0.00001484,0.00001489,0.00001491
0.928000,0.00000929,0.00001300,0.00001425,0.00001459,0.00001475,0.00001484,0.00001489,0.00001491
0.930000,0.00000929,0.00001300,0.00001425,0.00001459,0.00001475,0.00001484,0.00001489,0.00001491
0.932000,0.00000929,0.00001300,0.00001425,0.00001459,0.00001475,0.00001484,0.00001489,0.00001491
0.934000,0.00000929,0.00001300,0.00001425,0.00001459,0.00001476,0.00001484,0.00001489,0.00001491
0.936000,0.00000929,0.00001300,0.00001425,0.00001459,0.00001476,0.00001484,0.00001489,0.00001491
0.938000,0.00000929,0.00001300,0.00001425,0.00001459,0.00001476,0.00001484,0.00001489,0.00001491
0.940000,0.00000929,0.00001300,0.00001425,0.00001459,0.00001476,0.00001485,0.00001489,0.00001491
0.942000,0.00000929,0.00001300,0.00001426,0.00001459,0.00001476,0.00001485,0.00001489,0.00001491
0.944000,0.00000930,0.00001300,0.00001426,0.00001459,0.00001476,0.00001485,0.00001490,0.00001492
0.946000,0.00000930,0.00001300,0.00001426,0.00001459,0.00001476,0.00001485,0.00001490,0.00001492
0.948000,0.00000930,0.00001300,0.00001426,0.00001459,0.00001476,0.00001485,0.00001490,0.00001492
0.950000,0.00000930,0.00001301,0.00001426,0.00001459,0.00001476,0.00001485,0.00001490,0.00001492
0.952000,0.00000930,0.00001301,0.00001426,0.00001459,0.00001476,0.00001485,0.00001490,0.00001492
0.954000,0.00000930,0.00001301,0.00001426,0.00001460,0.00001476,0.00001485,0.00001490,0.00001492
0.956000,0.00000930,0.00001301,0.00001426,0.00001460,0.00001476,0.00001485,0.00001490,0.00001492
0.958000,0.00000930,0.00001301,0.00001426,0.00001460,0.00001477,0.00001485,0.00001490,0.00001492
0.960000,0.00000930,0.00001301,0.00001426,0.00001460,0.00001477,0.00001485,0.00001490,0.00001492
0.962000,0.00000930,0.00001301,0.00001426,0.00001460,0.00001477,0.00001485,0.00001490,0.00001492
0.964000,0.00000930,0.00001301,0.00001426,0.00001460,0.00001477,0.00001485,0.00001490,0.00001492
0.966000,0.00000930,0.00001301,0.00001426,0.00001460,0.00001477,0.00001486,0.00001490,0.00001492
0.968000,0.00000930,0.00001301,0.00001427,0.00001460,0.00001477,0.00001486,0.00001491,0.00001492
0.970000,0.00000930,0.00001301,0.00001427,0.00001460,0.00001477,0.00001486,0.00001491,0.00001493
0.972000,0.00000930,0.00001301,0.00001427,0.00001460,0.00001477,0.00001486,0.00001491,0.00001493
0.974000,0.00000930,0.00001301,0.00001427,0.00001460,0.00001477,0.00001486,0.00001491,0.00001493
0.976000,0.00000930,0.00001301,0.00001427,0.00001460,0.00001477,0.00001486,0.00001491,0.00001493
0.978000,0.00000930,0.00001302,0.00001427,0.00001460,0.00001477,0.00001486,0.00001491,0.00001493
0.980000,0.00000930,0.00001302,0.00001427,0.00001461,0.00001477,0.00001486,0.00001491,0.00001493
0.982000,0.00000931,0.00001302,0.00001427,0.00001461,0.00001477,0.00001486,0.00001491,0.00001493
0.984000,0.00000931,0.00001302,0.00001427,0.00001461,0.00001478,0.00001486,0.00001491,0.00001493
0.986000,0.00000931,0.00001302,0.00001427,0.00001461,0.00001478,0.00001486,0.00001491,0.00001493
0.988000,0.00000931,0.00001302,0.00001427,0.00001461,0.00001478,0.00001486,0.00001491,0.00001493
0.990000,0.00000931,0.00001302,0.00001427,0.00001461,0.00001478,0.00001487,0.00001491,0.00001493
0.992000,0.00000931,0.00001302,0.00001427,0.00001461,0.00001478,0.00001487,0.00001491,0.00001493
0.994000,0.00000931,0.00001302,0.00001428,0.00001461,0.00001478,0.00001487,0.00001492,0.00001494
0.996000,0.00000931,0.00001302,0.00001428,0.00001461,0.00001478,0.00001487,0.00001492,0.00001494
0.998000,0.00000931,0.00001302,0.00001428,0.00001461,0.00001478,0.00001487,0.00001492,0.00001494
1.000000,0.00000931,0.00001302,0.00001428,0.00001461,0.00001478,0.00001487,0.00001492,0.00001494
1.002000,0.00000931,0.00001302,0.00001428,0.00001461,0.00001478,0.00001487,0.00001492,0.00001494
1.004000,0.00000931,0.00001302,0.00001428,0.00001462,0.00001478,0.00001487,0.00001492,0.00001494
1.006000,0.00000931,0.00001303,0.00001428,0.00001462,0.00001478,0.00001487,0.00001492,0.00001494
1.008000,0.00000931,0.00001303,0.00001428,0.00001462,0.00001478,0.00001487,0.00001492,0.00001494
1.010000,0.00000931,0.00001303,0.00001428,0.00001462,0.00001479,0.00001487,0.00001492,0.00001494
1.012000,0.00000931,0.00001303,0.00001428,0.00001462,0.00001479,0.00001487,0.00001492,0.00001494
1.014000,0.00000931,0.00001303,0.00001428,0.00001462,0.00001479,0.00001487,0.00001492,0.00001494
1.016000,0.00000931,0.00001303,0.00001428,0.00001462,0.00001479,0.00001488,0.00001492,0.00001494
1.018000,0.00000931,0.00001303,0.00001428,0.00001462,0.00001479,0.00001488,0.00001492,0.00001494
1.020000,0.00000932,0.00001303,0.00001429,0.00001462,0.00001479,0.00001488,0.00001493,0.00001495
1.022000,0.00000932,0.00001303,0.00001429,0.00001462,0.00001479,0.00001488,0.00001493,0.00001495
1.024000,0.00000932,0.00001303,0.00001429,0.00001462,0.00001479,0.00001488,0.00001493,0.00001495
1.026000,0.00000932,0.00001303,0.00001429,0.00001462,0.00001479,0.00001488,0.00001493,0.00001495
1.028000,0.00000932,0.00001303,0.00001429,0.00001462,0.00001479,0.00001488,0.00001493,0.00001495
1.030000,0.00000932,0.00001303,0.00001429,0.00001463,0.00001479,0.00001488,0.00001493,0.00001495
1.032000,0.00000932,0.00001303,0.00001429,0.00001463,0.00001479,0.00001488,0.00001493,0.00001495
1.034000,0.00000932,0.00001304,0.00001429,0.00001463,0.00001479,0.00001488,0.00001493,0.00001495
1.036000,0.00000932,0.00001304,0.00001429,0.00001463,0.00001480,0.00001488,0.00001493,0.00001495
1.038000,0.00000932,0.00001304,0.00001429,0.00001463,0.00001480,0.00001488,0.00001493,0.00001495
1.040000,0.00000932,0.00001304,0.00001429,0.00001463,0.00001480,0.00001489,0.00001493,0.00001495
1.042000,0.00000932,0.00001304,0.00001429,0.00001463,0.00001480,0.00001489,0.00001493,0.00001495
1.044000,0.00000932,0.00001304,0.00001429,0.00001463,0.00001480,0.00001489,0.00001494,0.00001495
1.046000,0.00000932,0.00001304,0.00001430,0.00001463,0.00001480,0.00001489,0.00001494,0.00001496
1.048000,0.00000932,0.00001304,0.00001430,0.00001463,0.00001480,0.00001489,0.00001494,0.00001496
1.050000,0.00000932,0.00001304,0.00001430,0.00001463,0.00001480,0.00001489,0.00001494,0.00001496
1.052000,0.00000932,0.00001304,0.00001430,0.00001463,0.00001480,0.00001489,0.00001494,0.00001496
1.054000,0.00000932,0.00001304,0.00001430,0.00001463,0.00001480,0.00001489,0.00001494,0.00001496
1.056000,0.00000933,0.00001304,0.00001430,0.00001464,0.00001480,0.00001489,0.00001494,0.00001496
1.058000,0.00000933,0.00001304,0.00001430,0.00001464,0.00001480,0.00001489,0.00001494,0.00001496
1.060000,0.00000933,0.00001304,0.00001430,0.00001464,0.00001481,0.00001489,0.00001494,0.00001496
1.062000,0.00000933,0.00001305,0.00001430,0.00001464,0.00001481,0.00001489,0.00001494,0.00001496
1.064000,0.00000933,0.00001305,0.00001430,0.00001464,0.00001481,0.00001489,0.00001494,0.00001496
1.066000,0.00000933,0.00001305,0.00001430,0.00001464,0.00001481,0.00001490,0.00001494,0.00001496
1.068000,0.00000933,0.00001305,0.00001430,0.00001464,0.00001481,0.00001490,0.00001494,0.00001496
1.070000,0.00000933,0.00001305,0.00001430,0.00001464,0.00001481,0.00001490,0.00001495,0.00001497
1.072000,0.00000933,0.00001305,0.00001431,0.00001464,0.00001481,0.00001490,0.00001495,0.00001497
1.074000,0.00000933,0.00001305,0.00001431,0.00001464,0.00001481,0.00001490,0.00001495,0.00001497
1.076000,0.00000933,0.00001305,0.00001431,0.00001464,0.00001481,0.00001490,0.00001495,0.00001497
1.078000,0.00000933,0.00001305,0.00001431,0.00001464,0.00001481,0.00001490,0.00001495,0.00001497
1.080000,0.00000933,0.00001305,0.00001431,0.00001464,0.00001481,0.00001490,0.00001495,0.00001497
1.082000,0.00000933,0.00001305,0.00001431,0.00001465,0.00001481,0.00001490,0.00001495,0.00001497
1.084000,0.00000933,0.00001305,0.00001431,0.00001465,0.00001481,0.00001490,0.00001495,0.00001497
1.086000,0.00000933,0.00001305,0.00001431,0.00001465,0.00001482,0.00001490,0.00001495,0.00001497
1.088000,0.00000933,0.00001305,0.00001431,0.00001465,0.00001482,0.00001490,0.00001495,0.00001497
1.090000,0.00000933,0.00001306,0.00001431,0.00001465,0.00001482,0.00001490,0.00001495,0.00001497
1.092000,0.00000933,0.00001306,0.00001431,0.00001465,0.00001482,0.00001491,0.00001495,0.00001497
1.094000,0.00000934,0.00001306,0.00001431,0.00001465,0.00001482,0.00001491,0.00001495,0.00001497
1.096000,0.00000934,0.00001306,0.00001431,0.00001465,0.00001482,0.00001491,0.00001496,0.00001498
1.098000,0.00000934,0.00001306,0.00001432,0.00001465,0.00001482,0.00001491,0.00001496,0.00001498
1.100000,0.00000934,0.00001306,0.00001432,0.00001465,0.00001482,0.00001491,0.00001496,0.00001498
1.102000,0.00000934,0.00001306,0.00001432,0.00001465,0.00001482,0.00001491,0.00001496,0.00001498
1.104000,0.00000934,0.00001306,0.00001432,0.00001465,0.00001482,0.00001491,0.00001496,0.00001498
1.106000,0.00000934,0.00001306,0.00001432,0.00001466,0.00001482,0.00001491,0.00001496,0.00001498
1.108000,0.00000934,0.00001306,0.00001432,0.00001466,0.00001482,0.00001491,0.00001496,0.00001498
1.110000,0.00000934,0.00001306,0.00001432,0.00001466,0.00001483,0.00001491,0.00001496,0.00001498
1.112000,0.00000934,0.00001306,0.00001432,0.00001466,0.00001483,0.00001491,0.00001496,0.00001498
1.114000,0.00000934,0.00001306,0.00001432,0.00001466,0.00001483,0.00001491,0.00001496,0.00001498
1.116000,0.00000934,0.00001307,0.00001432,0.00001466,0.00001483,0.00001492,0.00001496,0.00001498
1.118000,0.00000934,0.00001307,0.00001432,0.00001466,0.00001483,0.00001492,0.00001496,0.00001498
1.120000,0.00000934,0.00001307,0.00001432,0.00001466,0.00001483,0.00001492,0.00001497,0.00001499
1.122000,0.00000934,0.00001307,0.00001432,0.00001466,0.00001483,0.00001492,0.00001497,0.00001499
1.124000,0.00000934,0.00001307,0.00001433,0.00001466,0.00001483,0.00001492,0.00001497,0.00001499
1.126000,0.00000934,0.00001307,0.00001433,0.00001466,0.00001483,0.00001492,0.00001497,0.00001499
1.128000,0.00000934,0.00001307,0.00001433,0.00001466,0.00001483,0.00001492,0.00001497,0.00001499
1.130000,0.00000935,0.00001307,0.00001433,0.00001466,0.00001483,0.00001492,0.00001497,0.00001499
1.132000,0.00000935,0.00001307,0.00001433,0.00001467,0.00001483,0.00001492,0.00001497,0.00001499
1.134000,0.00000935,0.00001307,0.00001433,0.00001467,0.00001483,0.00001492,0.00001497,0.00001499
1.136000,0.00000935,0.00001307,0.00001433,0.00001467,0.00001484,0.00001492,0.00001497,0.00001499
1.138000,0.00000935,0.00001307,0.00001433,0.00001467,0.00001484,0.00001492,0.00001497,0.00001499
1.140000,0.00000935,0.00001307,0.00001433,0.00001467,0.00001484,0.00001492,0.00001497,0.00001499
1.142000,0.00000935,0.00001307,0.00001433,0.00001467,0.00001484,0.00001493,0.00001497,0.00001499
1.144000,0.00000935,0.00001308,0.00001433,0.00001467,0.00001484,0.00001493,0.00001497,0.00001499
1.146000,0.00000935,0.00001308,0.00001433,0.00001467,0.00001484,0.00001493,0.00001498,0.00001500
1.148000,0.00000935,0.00001308,0.00001434,0.00001467,0.00001484,0.00001493,0.00001498,0.00001500
1.150000,0.00000935,0.00001308,0.00001434,0.00001467,0.00001484,0.00001493,0.00001498,0.00001500
1.152000,0.00000935,0.00001308,0.00001434,0.00001467,0.00001484,0.00001493,0.00001498,0.00001500
1.154000,0.00000935,0.00001308,0.00001434,0.00001467,0.00001484,0.00001493,0.00001498,0.00001500
1.156000,0.00000935,0.00001308,0.00001434,0.00001467,0.00001484,0.00001493,0.00001498,0.00001500
1.158000,0.00000935,0.00001308,0.00001434,0.00001468,0.00001484,0.00001493,0.00001498,0.00001500
1.160000,0.00000935,0.00001308,0.00001434,0.00001468,0.00001484,0.00001493,0.00001498,0.00001500
1.162000,0.00000935,0.00001308,0.00001434,0.00001468,0.00001485,0.00001493,0.00001498,0.00001500
1.164000,0.00000935,0.00001308,0.00001434,0.00001468,0.00001485,0.00001493,0.00001498,0.00001500
1.166000,0.00000935,0.00001308,0.00001434,0.00001468,0.00001485,0.00001494,0.00001498,0.00001500
1.168000,0.00000936,0.00001308,0.00001434,0.00001468,0.00001485,0.00001494,0.00001498,0.00001500
1.170000,0.00000936,0.00001308,0.00001434,0.00001468,0.00001485,0.00001494,0.00001499,0.00001501
1.172000,0.00000936,0.00001309,0.00001434,0.00001468,0.00001485,0.00001494,0.00001499,0.00001501
1.174000,0.00000936,0.00001309,0.00001435,0.00001468,0.00001485,0.00001494,0.00001499,0.00001501
1.176000,0.00000936,0.00001309,0.00001435,0.00001468,0.00001485,0.00001494,0.00001499,0.00001501
1.178000,0.00000936,0.00001309,0.00001435,0.00001468,0.00001485,0.00001494,0.00001499,0.00001501
1.180000,0.00000936,0.00001309,0.00001435,0.00001468,0.00001485,0.00001494,0.00001499,0.00001501
1.182000,0.00000936,0.00001309,0.00001435,0.00001469,0.00001485,0.00001494,0.00001499,0.00001501
1.184000,0.00000936,0.00001309,0.00001435,0.00001469,0.00001485,0.00001494,0.00001499,0.00001501
1.186000,0.00000936,0.00001309,0.00001435,0.00001469,0.00001486,0.00001494,0.00001499,0.00001501
1.188000,0.00000936,0.00001309,0.00001435,0.00001469,0.00001486,0.00001494,0.00001499,0.00001501
1.190000,0.00000936,0.00001309,0.00001435,0.00001469,0.00001486,0.00001494,0.00001499,0.00001501
1.192000,0.00000936,0.00001309,0.00001435,0.00001469,0.00001486,0.00001495,0.00001499,0.00001501
1.194000,0.00000936,0.00001309,0.00001435,0.00001469,0.00001486,0.00001495,0.00001499,0.00001501
1.196000,0.00000936,0.00001309,0.00001435,0.00001469,0.00001486,0.00001495,0.00001500,0.00001502
1.198000,0.00000936,0.00001309,0.00001435,0.00001469,0.00001486,0.00001495,0.00001500,0.00001502
1.200000,0.00000936,0.00001310,0.00001436,0.00001469,0.00001486,0.00001495,0.00001500,0.00001502
1.202000,0.00000936,0.00001310,0.00001436,0.00001469,0.00001486,0.00001495,0.00001500,0.00001502
1.204000,0.00000937,0.00001310,0.00001436,0.00001469,0.00001486,0.00001495,0.00001500,0.00001502
1.206000,0.00000937,0.00001310,0.00001436,0.00001469,0.00001486,0.00001495,0.00001500,0.00001502
1.208000,0.00000937,0.00001310,0.00001436,0.00001470,0.00001486,0.00001495,0.00001500,0.00001502
1.210000,0.00000937,0.00001310,0.00001436,0.00001470,0.00001486,0.00001495,0.00001500,0.00001502
1.212000,0.00000937,0.00001310,0.00001436,0.00001470,0.00001487,0.00001495,0.00001500,0.00001502
1.214000,0.00000937,0.00001310,0.00001436,0.00001470,0.00001487,0.00001495,0.00001500,0.00001502
1.216000,0.00000937,0.00001310,0.00001436,0.00001470,0.00001487,0.00001496,0.00001500,0.00001502
1.218000,0.00000937,0.00001310,0.00001436,0.00001470,0.00001487,0.00001496,0.00001500,0.00001502
1.220000,0.00000937,0.00001310,0.00001436,0.00001470,0.00001487,0.00001496,0.00001501,0.00001503
1.222000,0.00000937,0.00001310,0.00001436,0.00001470,0.00001487,0.00001496,0.00001501,0.00001503
1.224000,0.00000937,0.00001310,0.00001436,0.00001470,0.00001487,0.00001496,0.00001501,0.00001503
1.226000,0.00000937,0.00001310,0.00001437,0.00001470,0.00001487,0.00001496,0.00001501,0.00001503
1.228000,0.00000937,0.00001311,0.00001437,0.00001470,0.00001487,0.00001496,0.00001501,0.00001503
1.230000,0.00000937,0.00001311,0.00001437,0.00001470,0.00001487,0.00001496,0.00001501,0.00001503
1.232000,0.00000937,0.00001311,0.00001437,0.00001471,0.00001487,0.00001496,0.00001501,0.00001503
1.234000,0.00000937,0.00001311,0.00001437,0.00001471,0.00001487,0.00001496,0.00001501,0.00001503
1.236000,0.00000937,0.00001311,0.00001437,0.00001471,0.00001488,0.00001496,0.00001501,0.00001503
1.238000,0.00000937,0.00001311,0.00001437,0.00001471,0.00001488,0.00001496,0.00001501,0.00001503
1.240000,0.00000937,0.00001311,0.00001437,0.00001471,0.00001488,0.00001496,0.00001501,0.00001503
1.242000,0.00000938,0.00001311,0.00001437,0.00001471,0.00001488,0.00001497,0.00001501,0.00001503
1.244000,0.00000938,0.00001311,0.00001437,0.00001471,0.00001488,0.00001497,0.00001501,0.00001503
1.246000,0.00000938,0.00001311,0.00001437,0.00001471,0.00001488,0.00001497,0.00001502,0.00001504
1.248000,0.00000938,0.00001311,0.00001437,0.00001471,0.00001488,0.00001497,0.00001502,0.00001504
1.250000,0.00000938,0.00001311,0.00001437,0.00001471,0.00001488,0.00001497,0.00001502,0.00001504
1.252000,0.00000938,0.00001311,0.00001438,0.00001471,0.00001488,0.00001497,0.00001502,0.00001504
1.254000,0.00000938,0.00001312,0.00001438,0.00001471,0.00001488,0.00001497,0.00001502,0.00001504
1.256000,0.00000938,0.00001312,0.00001438,0.00001471,0.00001488,0.00001497,0.00001502,0.00001504
1.258000,0.00000938,0.00001312,0.00001438,0.00001472,0.00001488,0.00001497,0.00001502,0.00001504
1.260000,0.00000938,0.00001312,0.00001438,0.00001472,0.00001488,0.00001497,0.00001502,0.00001504
1.262000,0.00000938,0.00001312,0.00001438,0.00001472,0.00001489,0.00001497,0.00001502,0.00001504
1.264000,0.00000938,0.00001312,0.00001438,0.00001472,0.00001489,0.00001497,0.00001502,0.00001504
1.266000,0.00000938,0.00001312,0.00001438,0.00001472,0.00001489,0.00001498,0.00001502,0.00001504
1.268000,0.00000938,0.00001312,0.00001438,0.00001472,0.00001489,0.00001498,0.00001502,0.00001504
1.270000,0.00000938,0.00001312,0.00001438,0.00001472,0.00001489,0.00001498,0.00001503,0.00001505
1.272000,0.00000938,0.00001312,0.00001438,0.00001472,0.00001489,0.00001498,0.00001503,0.00001505
1.274000,0.00000938,0.00001312,0.00001438,0.00001472,0.00001489,0.00001498,0.00001503,0.00001505
1.276000,0.00000938,0.00001312,0.00001439,0.00001472,0.00001489,0.00001498,0.00001503,0.00001505
1.278000,0.00000939,0.00001312,0.00001439,0.00001472,0.00001489,0.00001498,0.00001503,0.00001505
1.280000,0.00000939,0.00001312,0.00001439,0.00001472,0.00001489,0.00001498,0.00001503,0.00001505
1.282000,0.00000939,0.00001313,0.00001439,0.00001472,0.00001489,0.00001498,0.00001503,0.00001505
1.284000,0.00000939,0.00001313,0.00001439,0.00001473,0.00001489,0.00001498,0.00001503,0.00001505
1.286000,0.00000939,0.00001313,0.00001439,0.00001473,0.00001490,0.00001498,0.00001503,0.00001505
1.288000,0.00000939,0.00001313,0.00001439,0.00001473,0.00001490,0.00001498,0.00001503,0.00001505
1.290000,0.00000939,0.00001313,0.00001439,0.00001473,0.00001490,0.00001498,0.00001503,0.00001505
1.292000,0.00000939,0.00001313,0.00001439,0.00001473,0.00001490,0.00001499,0.00001503,0.00001505
1.294000,0.00000939,0.00001313,0.00001439,0.00001473,0.00001490,0.00001499,0.00001503,0.00001505
1.296000,0.00000939,0.00001313,0.00001439,0.00001473,0.00001490,0.00001499,0.00001504,0.00001506
1.298000,0.00000939,0.00001313,0.00001439,0.00001473,0.00001490,0.00001499,0.00001504,0.00001506
1.300000,0.00000939,0.00001313,0.00001439,0.00001473,0.00001490,0.00001499,0.00001504,0.00001506
1.302000,0.00000939,0.00001313,0.00001440,0.00001473,0.00001490,0.00001499,0.00001504,0.00001506
1.304000,0.00000939,0.00001313,0.00001440,0.00001473,0.00001490,0.00001499,0.00001504,0.00001506
1.306000,0.00000939,0.00001313,0.00001440,0.00001473,0.00001490,0.00001499,0.00001504,0.00001506
1.308000,0.00000939,0.00001313,0.00001440,0.00001474,0.00001490,0.00001499,0.00001504,0.00001506
1.310000,0.00000939,0.00001314,0.00001440,0.00001474,0.00001490,0.00001499,0.00001504,0.00001506
1.312000,0.00000939,0.00001314,0.00001440,0.00001474,0.00001491,0.00001499,0.00001504,0.00001506
1.314000,0.00000940,0.00001314,0.00001440,0.00001474,0.00001491,0.00001499,0.00001504,0.00001506
1.316000,0.00000940,0.00001314,0.00001440,0.00001474,0.00001491,0.00001500,0.00001504,0.00001506
1.318000,0.00000940,0.00001314,0.00001440,0.00001474,0.00001491,0.00001500,0.00001504,0.00001506
1.320000,0.00000940,0.00001314,0.00001440,0.00001474,0.00001491,0.00001500,0.00001505,0.00001507
1.322000,0.00000940,0.00001314,0.00001440,0.00001474,0.00001491,0.00001500,0.00001505,0.00001507
1.324000,0.00000940,0.00001314,0.00001440,0.00001474,0.00001491,0.00001500,0.00001505,0.00001507
1.326000,0.00000940,0.00001314,0.00001440,0.00001474,0.00001491,0.00001500,0.00001505,0.00001507
1.328000,0.00000940,0.00001314,0.00001441,0.00001474,0.00001491,0.00001500,0.00001505,0.00001507
1.330000,0.00000940,0.00001314,0.00001441,0.00001474,0.00001491,0.00001500,0.00001505,0.00001507
1.332000,0.00000940,0.00001314,0.00001441,0.00001474,0.00001491,0.00001500,0.00001505,0.00001507
1.334000,0.00000940,0.00001314,0.00001441,0.00001475,0.00001491,0.00001500,0.00001505,0.00001507
1.336000,0.00000940,0.00001314,0.00001441,0.00001475,0.00001492,0.00001500,0.00001505,0.00001507
1.338000,0.00000940,0.00001315,0.00001441,0.00001475,0.00001492,0.00001500,0.00001505,0.00001507
1.340000,0.00000940,0.00001315,0.00001441,0.00001475,0.00001492,0.00001500,0.00001505,0.00001507
1.342000,0.00000940,0.00001315,0.00001441,0.00001475,0.00001492,0.00001501,0.00001505,0.00001507
1.344000,0.00000940,0.00001315,0.00001441,0.00001475,0.00001492,0.00001501,0.00001506,0.00001507
1.346000,0.00000940,0.00001315,0.00001441,0.00001475,0.00001492,0.00001501,0.00001506,0.00001508
1.348000,0.00000940,0.00001315,0.00001441,0.00001475,0.00001492,0.00001501,0.00001506,0.00001508
1.350000,0.00000940,0.00001315,0.00001441,0.00001475,0.00001492,0.00001501,0.00001506,0.00001508
1.352000,0.00000941,0.00001315,0.00001441,0.00001475,0.00001492,0.00001501,0.00001506,0.00001508
1.354000,0.00000941,0.00001315,0.00001442,0.00001475,0.00001492,0.00001501,0.00001506,0.00001508
1.356000,0.00000941,0.00001315,0.00001442,0.00001475,0.00001492,0.00001501,0.00001506,0.00001508
1.358000,0.00000941,0.00001315,0.00001442,0.00001476,0.00001492,0.00001501,0.00001506,0.00001508
1.360000,0.00000941,0.00001315,0.00001442,0.00001476,0.00001492,0.00001501,0.00001506,0.00001508
1.362000,0.00000941,0.00001315,0.00001442,0.00001476,0.00001493,0.00001501,0.00001506,0.00001508
1.364000,0.00000941,0.00001316,0.00001442,0.00001476,0.00001493,0.00001501,0.00001506,0.00001508
1.366000,0.00000941,0.00001316,0.00001442,0.00001476,0.00001493,0.00001502,0.00001506,0.00001508
1.368000,0.00000941,0.00001316,0.00001442,0.00001476,0.00001493,0.00001502,0.00001506,0.00001508
1.370000,0.00000941,0.00001316,0.00001442,0.00001476,0.00001493,0.00001502,0.00001507,0.00001509
1.372000,0.00000941,0.00001316,0.00001442,0.00001476,0.00001493,0.00001502,0.00001507,0.00001509
1.374000,0.00000941,0.00001316,0.00001442,0.00001476,0.00001493,0.00001502,0.00001507,0.00001509
1.376000,0.00000941,0.00001316,0.00001442,0.00001476,0.00001493,0.00001502,0.00001507,0.00001509
1.378000,0.00000941,0.00001316,0.00001442,0.00001476,0.00001493,0.00001502,0.00001507,0.00001509
1.380000,0.00000941,0.00001316,0.00001443,0.00001476,0.00001493,0.00001502,0.00001507,0.00001509
1.382000,0.00000941,0.00001316,0.00001443,0.00001476,0.00001493,0.00001502,0.00001507,0.00001509
1.384000,0.00000941,0.00001316,0.00001443,0.00001477,0.00001493,0.00001502,0.00001507,0.00001509
1.386000,0.00000941,0.00001316,0.00001443,0.00001477,0.00001494,0.00001502,0.00001507,0.00001509
1.388000,0.00000942,0.00001316,0.00001443,0.00001477,0.00001494,0.00001502,0.00001507,0.00001509
1.390000,0.00000942,0.00001316,0.00001443,0.00001477,0.00001494,0.00001502,0.00001507,0.00001509
1.392000,0.00000942,0.00001317,0.00001443,0.00001477,0.00001494,0.00001503,0.00001507,0.00001509
1.394000,0.00000942,0.00001317,0.00001443,0.00001477,0.00001494,0.00001503,0.00001508,0.00001510
1.396000,0.00000942,0.00001317,0.00001443,0.00001477,0.00001494,0.00001503,0.00001508,0.00001510
1.398000,0.00000942,0.00001317,0.00001443,0.00001477,0.00001494,0.00001503,0.00001508,0.00001510
1.400000,0.00000942,0.00001317,0.00001443,0.00001477,0.00001494,0.00001503,0.00001508,0.00001510
1.402000,0.00000942,0.00001317,0.00001443,0.00001477,0.00001494,0.00001503,0.00001508,0.00001510
1.404000,0.00000942,0.00001317,0.00001444,0.00001477,0.00001494,0.00001503,0.00001508,0.00001510
1.406000,0.00000942,0.00001317,0.00001444,0.00001477,0.00001494,0.00001503,0.00001508,0.00001510
1.408000,0.00000942,0.00001317,0.00001444,0.00001478,0.00001494,0.00001503,0.00001508,0.00001510
1.410000,0.00000942,0.00001317,0.00001444,0.00001478,0.00001494,0.00001503,0.00001508,0.00001510
1.412000,0.00000942,0.00001317,0.00001444,0.00001478,0.00001495,0.00001503,0.00001508,0.00001510
1.414000,0.00000942,0.00001317,0.00001444,0.00001478,0.00001495,0.00001503,0.00001508,0.00001510
1.416000,0.00000942,0.00001317,0.00001444,0.00001478,0.00001495,0.00001504,0.00001508,0.00001510
1.418000,0.00000942,0.00001317,0.00001444,0.00001478,0.00001495,0.00001504,0.00001508,0.00001510
1.420000,0.00000942,0.00001318,0.00001444,0.00001478,0.00001495,0.00001504,0.00001509,0.00001511
1.422000,0.00000942,0.00001318,0.00001444,0.00001478,0.00001495,0.00001504,0.00001509,0.00001511
1.424000,0.00000943,0.00001318,0.00001444,0.00001478,0.00001495,0.00001504,0.00001509,0.00001511
1.426000,0.00000943,0.00001318,0.00001444,0.00001478,0.00001495,0.00001504,0.00001509,0.00001511
1.428000,0.00000943,0.00001318,0.00001444,0.00001478,0.00001495,0.00001504,0.00001509,0.00001511
1.430000,0.00000943,0.00001318,0.00001445,0.00001478,0.00001495,0.00001504,0.00001509,0.00001511
1.432000,0.00000943,0.00001318,0.00001445,0.00001478,0.00001495,0.00001504,0.00001509,0.00001511
1.434000,0.00000943,0.00001318,0.00001445,0.00001479,0.00001495,0.00001504,0.00001509,0.00001511
1.436000,0.00000943,0.00001318,0.00001445,0.00001479,0.00001496,0.00001504,0.00001509,0.00001511
1.438000,0.00000943,0.00001318,0.00001445,0.00001479,0.00001496,0.00001504,0.00001509,0.00001511
1.440000,0.00000943,0.00001318,0.00001445,0.00001479,0.00001496,0.00001505,0.00001509,0.00001511
1.442000,0.00000943,0.00001318,0.00001445,0.00001479,0.00001496,0.00001505,0.00001509,0.00001511
1.444000,0.00000943,0.00001318,0.00001445,0.00001479,0.00001496,0.00001505,0.00001510,0.00001512
1.446000,0.00000943,0.00001319,0.00001445,0.00001479,0.00001496,0.00001505,0.00001510,0.00001512
1.448000,0.00000943,0.00001319,0.00001445,0.00001479,0.00001496,0.00001505,0.00001510,0.00001512
1.450000,0.00000943,0.00001319,0.00001445,0.00001479,0.00001496,0.00001505,0.00001510,0.00001512
1.452000,0.00000943,0.00001319,0.00001445,0.00001479,0.00001496,0.00001505,0.00001510,0.00001512
1.454000,0.00000943,0.00001319,0.00001445,0.00001479,0.00001496,0.00001505,0.00001510,0.00001512
1.456000,0.00000943,0.00001319,0.00001446,0.00001479,0.00001496,0.00001505,0.00001510,0.00001512
1.458000,0.00000943,0.00001319,0.00001446,0.00001479,0.00001496,0.00001505,0.00001510,0.00001512
1.460000,0.00000943,0.00001319,0.00001446,0.00001480,0.00001496,0.00001505,0.00001510,0.00001512
1.462000,0.00000944,0.00001319,0.00001446,0.00001480,0.00001497,0.00001505,0.00001510,0.00001512
1.464000,0.00000944,0.00001319,0.00001446,0.00001480,0.00001497,0.00001505,0.00001510,0.00001512
1.466000,0.00000944,0.00001319,0.00001446,0.00001480,0.00001497,0.00001506,0.00001510,0.00001512
1.468000,0.00000944,0.00001319,0.00001446,0.00001480,0.00001497,0.00001506,0.00001511,0.00001512
1.470000,0.00000944,0.00001319,0.00001446,0.00001480,0.00001497,0.00001506,0.00001511,0.00001513
1.472000,0.00000944,0.00001319,0.00001446,0.00001480,0.00001497,0.00001506,0.00001511,0.00001513
1.474000,0.00000944,0.00001320,0.00001446,0.00001480,0.00001497,0.00001506,0.00001511,0.00001513
1.476000,0.00000944,0.00001320,0.00001446,0.00001480,0.00001497,0.00001506,0.00001511,0.00001513
1.478000,0.00000944,0.00001320,0.00001446,0.00001480,0.00001497,0.00001506,0.00001511,0.00001513
1.480000,0.00000944,0.00001320,0.00001447,0.00001480,0.00001497,0.00001506,0.00001511,0.00001513
1.482000,0.00000944,0.00001320,0.00001447,0.00001480,0.00001497,0.00001506,0.00001511,0.00001513
1.484000,0.00000944,0.00001320,0.00001447,0.00001481,0.00001497,0.00001506,0.00001511,0.00001513
1.486000,0.00000944,0.00001320,0.00001447,0.00001481,0.00001498,0.00001506,0.00001511,0.00001513
1.488000,0.00000944,0.00001320,0.00001447,0.00001481,0.00001498,0.00001506,0.00001511,0.00001513
1.490000,0.00000944,0.00001320,0.00001447,0.00001481,0.00001498,0.00001507,0.00001511,0.00001513
1.492000,0.00000944,0.00001320,0.00001447,0.00001481,0.00001498,0.00001507,0.00001511,0.00001513
1.494000,0.00000944,0.00001320,0.00001447,0.00001481,0.00001498,0.00001507,0.00001512,0.00001514
1.496000,0.00000944,0.00001320,0.00001447,0.00001481,0.00001498,0.00001507,0.00001512,0.00001514
1.498000,0.00000945,0.00001320,0.00001447,0.00001481,0.00001498,0.00001507,0.00001512,0.00001514
1.500000,0.00000945,0.00001320,0.00001447,0.00001481,0.00001498,0.00001507,0.00001512,0.00001514
1.502000,0.00000945,0.00001321,0.00001447,0.00001481,0.00001498,0.00001507,0.00001512,0.00001514
1.504000,0.00000945,0.00001321,0.00001447,0.00001481,0.00001498,0.00001507,0.00001512,0.00001514
1.506000,0.00000945,0.00001321,0.00001448,0.00001481,0.00001498,0.00001507,0.00001512,0.00001514
1.508000,0.00000945,0.00001321,0.00001448,0.00001482,0.00001498,0.00001507,0.00001512,0.00001514
1.510000,0.00000945,0.00001321,0.00001448,0.00001482,0.00001499,0.00001507,0.00001512,0.00001514
1.512000,0.00000945,0.00001321,0.00001448,0.00001482,0.00001499,0.00001507,0.00001512,0.00001514
1.514000,0.00000945,0.00001321,0.00001448,0.00001482,0.00001499,0.00001508,0.00001512,0.00001514
1.516000,0.00000945,0.00001321,0.00001448,0.00001482,0.00001499,0.00001508,0.00001512,0.00001514
1.518000,0.00000945,0.00001321,0.00001448,0.00001482,0.00001499,0.00001508,0.00001513,0.00001515
1.520000,0.00000945,0.00001321,0.00001448,0.00001482,0.00001499,0.00001508,0.00001513,0.00001515
1.522000,0.00000945,0.00001321,0.00001448,0.00001482,0.00001499,0.00001508,0.00001513,0.00001515
1.524000,0.00000945,0.00001321,0.00001448,0.00001482,0.00001499,0.00001508,0.00001513,0.00001515
1.526000,0.00000945,0.00001321,0.00001448,0.00001482,0.00001499,0.00001508,0.00001513,0.00001515
1.528000,0.00000945,0.00001322,0.00001448,0.00001482,0.00001499,0.00001508,0.00001513,0.00001515
1.530000,0.00000945,0.00001322,0.00001448,0.00001482,0.00001499,0.00001508,0.00001513,0.00001515
1.532000,0.00000945,0.00001322,0.00001449,0.00001482,0.00001499,0.00001508,0.00001513,0.00001515
1.534000,0.00000946,0.00001322,0.00001449,0.00001483,0.00001499,0.00001508,0.00001513,0.00001515
1.536000,0.00000946,0.00001322,0.00001449,0.00001483,0.00001500,0.00001508,0.00001513,0.00001515
1.538000,0.00000946,0.00001322,0.00001449,0.00001483,0.00001500,0.00001508,0.00001513,0.00001515
1.540000,0.00000946,0.00001322,0.00001449,0.00001483,0.00001500,0.00001509,0.00001513,0.00001515
1.542000,0.00000946,0.00001322,0.00001449,0.00001483,0.00001500,0.00001509,0.00001514,0.00001515
1.544000,0.00000946,0.00001322,0.00001449,0.00001483,0.00001500,0.00001509,0.00001514,0.00001516
1.546000,0.00000946,0.00001322,0.00001449,0.00001483,0.00001500,0.00001509,0.00001514,0.00001516
1.548000,0.00000946,0.00001322,0.00001449,0.00001483,0.00001500,0.00001509,0.00001514,0.00001516
1.550000,0.00000946,0.00001322,0.00001449,0.00001483,0.00001500,0.00001509,0.00001514,0.00001516
1.552000,0.00000946,0.00001322,0.00001449,0.00001483,0.00001500,0.00001509,0.00001514,0.00001516
1.554000,0.00000946,0.00001322,0.00001449,0.00001483,0.00001500,0.00001509,0.00001514,0.00001516
1.556000,0.00000946,0.00001323,0.00001450,0.00001483,0.00001500,0.00001509,0.00001514,0.00001516
1.558000,0.00000946,0.00001323,0.00001450,0.00001484,0.00001500,0.00001509,0.00001514,0.00001516
1.560000,0.00000946,0.00001323,0.00001450,0.00001484,0.00001501,0.00001509,0.00001514,0.00001516
1.562000,0.00000946,0.00001323,0.00001450,0.00001484,0.00001501,0.00001509,0.00001514,0.00001516
1.564000,0.00000946,0.00001323,0.00001450,0.00001484,0.00001501,0.00001510,0.00001514,0.00001516
1.566000,0.00000946,0.00001323,0.00001450,0.00001484,0.00001501,0.00001510,0.00001514,0.00001516
1.568000,0.00000946,0.00001323,0.00001450,0.00001484,0.00001501,0.00001510,0.00001515,0.00001517
1.570000,0.00000947,0.00001323,0.00001450,0.00001484,0.00001501,0.00001510,0.00001515,0.00001517
1.572000,0.00000947,0.00001323,0.00001450,0.00001484,0.00001501,0.00001510,0.00001515,0.00001517
1.574000,0.00000947,0.00001323,0.00001450,0.00001484,0.00001501,0.00001510,0.00001515,0.00001517
1.576000,0.00000947,0.00001323,0.00001450,0.00001484,0.00001501,0.00001510,0.00001515,0.00001517
1.578000,0.00000947,0.00001323,0.00001450,0.00001484,0.00001501,0.00001510,0.00001515,0.00001517
1.580000,0.00000947,0.00001323,0.00001450,0.00001484,0.00001501,0.00001510,0.00001515,0.00001517
1.582000,0.00000947,0.00001324,0.00001451,0.00001484,0.00001501,0.00001510,0.00001515,0.00001517
1.584000,0.00000947,0.00001324,0.00001451,0.00001485,0.00001502,0.00001510,0.00001515,0.00001517
1.586000,0.00000947,0.00001324,0.00001451,0.00001485,0.00001502,0.00001510,0.00001515,0.00001517
1.588000,0.00000947,0.00001324,0.00001451,0.00001485,0.00001502,0.00001511,0.00001515,0.00001517
1.590000,0.00000947,0.00001324,0.00001451,0.00001485,0.00001502,0.00001511,0.00001515,0.00001517
1.592000,0.00000947,0.00001324,0.00001451,0.00001485,0.00001502,0.00001511,0.00001516,0.00001518
1.594000,0.00000947,0.00001324,0.00001451,0.00001485,0.00001502,0.00001511,0.00001516,0.00001518
1.596000,0.00000947,0.00001324,0.00001451,0.00001485,0.00001502,0.00001511,0.00001516,0.00001518
1.598000,0.00000947,0.00001324,0.00001451,0.00001485,0.00001502,0.00001511,0.00001516,0.00001518
1.600000,0.00000947,0.00001324,0.00001451,0.00001485,0.00001502,0.00001511,0.00001516,0.00001518
1.602000,0.00000947,0.00001324,0.00001451,0.00001485,0.00001502,0.00001511,0.00001516,0.00001518
1.604000,0.00000947,0.00001324,0.00001451,0.00001485,0.00001502,0.00001511,0.00001516,0.00001518
1.606000,0.00000948,0.00001324,0.00001451,0.00001485,0.00001502,0.00001511,0.00001516,0.00001518
1.608000,0.00000948,0.00001324,0.00001452,0.00001486,0.00001502,0.00001511,0.00001516,0.00001518
1.610000,0.00000948,0.00001325,0.00001452,0.00001486,0.00001503,0.00001511,0.00001516,0.00001518
1.612000,0.00000948,0.00001325,0.00001452,0.00001486,0.00001503,0.00001511,0.00001516,0.00001518
1.614000,0.00000948,0.00001325,0.00001452,0.00001486,0.00001503,0.00001512,0.00001516,0.00001518
1.616000,0.00000948,0.00001325,0.00001452,0.00001486,0.00001503,0.00001512,0.00001517,0.00001518
1.618000,0.00000948,0.00001325,0.00001452,0.00001486,0.00001503,0.00001512,0.00001517,0.00001519
1.620000,0.00000948,0.00001325,0.00001452,0.00001486,0.00001503,0.00001512,0.00001517,0.00001519
1.622000,0.00000948,0.00001325,0.00001452,0.00001486,0.00001503,0.00001512,0.00001517,0.00001519
1.624000,0.00000948,0.00001325,0.00001452,0.00001486,0.00001503,0.00001512,0.00001517,0.00001519
1.626000,0.00000948,0.00001325,0.00001452,0.00001486,0.00001503,0.00001512,0.00001517,0.00001519
1.628000,0.00000948,0.00001325,0.00001452,0.00001486,0.00001503,0.00001512,0.00001517,0.00001519
1.630000,0.00000948,0.00001325,0.00001452,0.00001486,0.00001503,0.00001512,0.00001517,0.00001519
1.632000,0.00000948,0.00001325,0.00001453,0.00001486,0.00001503,0.00001512,0.00001517,0.00001519
1.634000,0.00000948,0.00001325,0.00001453,0.00001487,0.00001504,0.00001512,0.00001517,0.00001519
1.636000,0.00000948,0.00001325,0.00001453,0.00001487,0.00001504,0.00001512,0.00001517,0.00001519
1.638000,0.00000948,0.00001326,0.00001453,0.00001487,0.00001504,0.00001513,0.00001517,0.00001519
1.640000,0.00000948,0.00001326,0.00001453,0.00001487,0.00001504,0.00001513,0.00001517,0.00001519
1.642000,0.00000949,0.00001326,0.00001453,0.00001487,0.00001504,0.00001513,0.00001518,0.00001520
1.644000,0.00000949,0.00001326,0.00001453,0.00001487,0.00001504,0.00001513,0.00001518,0.00001520
1.646000,0.00000949,0.00001326,0.00001453,0.00001487,0.00001504,0.00001513,0.00001518,0.00001520
1.648000,0.00000949,0.00001326,0.00001453,0.00001487,0.00001504,0.00001513,0.00001518,0.00001520
1.650000,0.00000949,0.00001326,0.00001453,0.00001487,0.00001504,0.00001513,0.00001518,0.00001520
1.652000,0.00000949,0.00001326,0.00001453,0.00001487,0.00001504,0.00001513,0.00001518,0.00001520
1.654000,0.00000949,0.00001326,0.00001453,0.00001487,0.00001504,0.00001513,0.00001518,0.00001520
1.656000,0.00000949,0.00001326,0.00001453,0.00001487,0.00001504,0.00001513,0.00001518,0.00001520
1.658000,0.00000949,0.00001326,0.00001454,0.00001488,0.00001505,0.00001513,0.00001518,0.00001520
1.660000,0.00000949,0.00001326,0.00001454,0.00001488,0.00001505,0.00001513,0.00001518,0.00001520
1.662000,0.00000949,0.00001326,0.00001454,0.00001488,0.00001505,0.00001514,0.00001518,0.00001520
1.664000,0.00000949,0.00001327,0.00001454,0.00001488,0.00001505,0.00001514,0.00001518,0.00001520
1.666000,0.00000949,0.00001327,0.00001454,0.00001488,0.00001505,0.00001514,0.00001519,0.00001521
1.668000,0.00000949,0.00001327,0.00001454,0.00001488,0.00001505,0.00001514,0.00001519,0.00001521
1.670000,0.00000949,0.00001327,0.00001454,0.00001488,0.00001505,0.00001514,0.00001519,0.00001521
1.672000,0.00000949,0.00001327,0.00001454,0.00001488,0.00001505,0.00001514,0.00001519,0.00001521
1.674000,0.00000949,0.00001327,0.00001454,0.00001488,0.00001505,0.00001514,0.00001519,0.00001521
1.676000,0.00000949,0.00001327,0.00001454,0.00001488,0.00001505,0.00001514,0.00001519,0.00001521
1.678000,0.00000950,0.00001327,0.00001454,0.00001488,0.00001505,0.00001514,0.00001519,0.00001521
1.680000,0.00000950,0.00001327,0.00001454,0.00001488,0.00001505,0.00001514,0.00001519,0.00001521
1.682000,0.00000950,0.00001327,0.00001455,0.00001489,0.00001505,0.00001514,0.00001519,0.00001521
1.684000,0.00000950,0.00001327,0.00001455,0.00001489,0.00001506,0.00001514,0.00001519,0.00001521
1.686000,0.00000950,0.00001327,0.00001455,0.00001489,0.00001506,0.00001514,0.00001519,0.00001521
1.688000,0.00000950,0.00001327,0.00001455,0.00001489,0.00001506,0.00001515,0.00001519,0.00001521
1.690000,0.00000950,0.00001328,0.00001455,0.00001489,0.00001506,0.00001515,0.00001520,0.00001522
1.692000,0.00000950,0.00001328,0.00001455,0.00001489,0.00001506,0.00001515,0.00001520,0.00001522
1.694000,0.00000950,0.00001328,0.00001455,0.00001489,0.00001506,0.00001515,0.00001520,0.00001522
1.696000,0.00000950,0.00001328,0.00001455,0.00001489,0.00001506,0.00001515,0.00001520,0.00001522
1.698000,0.00000950,0.00001328,0.00001455,0.00001489,0.00001506,0.00001515,0.00001520,0.00001522
1.700000,0.00000950,0.00001328,0.00001455,0.00001489,0.00001506,0.00001515,0.00001520,0.00001522
1.702000,0.00000950,0.00001328,0.00001455,0.00001489,0.00001506,0.00001515,0.00001520,0.00001522
1.704000,0.00000950,0.00001328,0.00001455,0.00001489,0.00001506,0.00001515,0.00001520,0.00001522
1.706000,0.00000950,0.00001328,0.00001455,0.00001489,0.00001506,0.00001515,0.00001520,0.00001522
1.708000,0.00000950,0.00001328,0.00001456,0.00001490,0.00001507,0.00001515,0.00001520,0.00001522
1.710000,0.00000950,0.00001328,0.00001456,0.00001490,0.00001507,0.00001515,0.00001520,0.00001522
1.712000,0.00000950,0.00001328,0.00001456,0.00001490,0.00001507,0.00001516,0.00001520,0.00001522
1.714000,0.00000950,0.00001328,0.00001456,0.00001490,0.00001507,0.00001516,0.00001521,0.00001522
1.716000,0.00000951,0.00001328,0.00001456,0.00001490,0.00001507,0.00001516,0.00001521,0.00001523
1.718000,0.00000951,0.00001329,0.00001456,0.00001490,0.00001507,0.00001516,0.00001521,0.00001523
1.720000,0.00000951,0.00001329,0.00001456,0.00001490,0.00001507,0.00001516,0.00001521,0.00001523
1.722000,0.00000951,0.00001329,0.00001456,0.00001490,0.00001507,0.00001516,0.00001521,0.00001523
1.724000,0.00000951,0.00001329,0.00001456,0.00001490,0.00001507,0.00001516,0.00001521,0.00001523
1.726000,0.00000951,0.00001329,0.00001456,0.00001490,0.00001507,0.00001516,0.00001521,0.00001523
1.728000,0.00000951,0.00001329,0.00001456,0.00001490,0.00001507,0.00001516,0.00001521,0.00001523
1.730000,0.00000951,0.00001329,0.00001456,0.00001490,0.00001507,0.00001516,0.00001521,0.00001523
1.732000,0.00000951,0.00001329,0.00001456,0.00001491,0.00001508,0.00001516,0.00001521,0.00001523
1.734000,0.00000951,0.00001329,0.00001457,0.00001491,0.00001508,0.00001516,0.00001521,0.00001523
1.736000,0.00000951,0.00001329,0.00001457,0.00001491,0.00001508,0.00001517,0.00001521,0.00001523
1.738000,0.00000951,0.00001329,0.00001457,0.00001491,0.00001508,0.00001517,0.00001521,0.00001523
1.740000,0.00000951,0.00001329,0.00001457,0.00001491,0.00001508,0.00001517,0.00001522,0.00001524
1.742000,0.00000951,0.00001329,0.00001457,0.00001491,0.00001508,0.00001517,0.00001522,0.00001524
1.744000,0.00000951,0.00001330,0.00001457,0.00001491,0.00001508,0.00001517,0.00001522,0.00001524
1.746000,0.00000951,0.00001330,0.00001457,0.00001491,0.00001508,0.00001517,0.00001522,0.00001524
1.748000,0.00000951,0.00001330,0.00001457,0.00001491,0.00001508,0.00001517,0.00001522,0.00001524
1.750000,0.00000951,0.00001330,0.00001457,0.00001491,0.00001508,0.00001517,0.00001522,0.00001524
1.752000,0.00000952,0.00001330,0.00001457,0.00001491,0.00001508,0.00001517,0.00001522,0.00001524
1.754000,0.00000952,0.00001330,0.00001457,0.00001491,0.00001508,0.00001517,0.00001522,0.00001524
1.756000,0.00000952,0.00001330,0.00001457,0.00001492,0.00001509,0.00001517,0.00001522,0.00001524
1.758000,0.00000952,0.00001330,0.00001458,0.00001492,0.00001509,0.00001517,0.00001522,0.00001524
1.760000,0.00000952,0.00001330,0.00001458,0.00001492,0.00001509,0.00001518,0.00001522,0.00001524
1.762000,0.00000952,0.00001330,0.00001458,0.00001492,0.00001509,0.00001518,0.00001522,0.00001524
1.764000,0.00000952,0.00001330,0.00001458,0.00001492,0.00001509,0.00001518,0.00001523,0.00001525
1.766000,0.00000952,0.00001330,0.00001458,0.00001492,0.00001509,0.00001518,0.00001523,0.00001525
1.768000,0.00000952,0.00001330,0.00001458,0.00001492,0.00001509,0.00001518,0.00001523,0.00001525
1.770000,0.00000952,0.00001330,0.00001458,0.00001492,0.00001509,0.00001518,0.00001523,0.00001525
1.772000,0.00000952,0.00001331,0.00001458,0.00001492,0.00001509,0.00001518,0.00001523,0.00001525
1.774000,0.00000952,0.00001331,0.00001458,0.00001492,0.00001509,0.00001518,0.00001523,0.00001525
1.776000,0.00000952,0.00001331,0.00001458,0.00001492,0.00001509,0.00001518,0.00001523,0.00001525
1.778000,0.00000952,0.00001331,0.00001458,0.00001492,0.00001509,0.00001518,0.00001523,0.00001525
1.780000,0.00000952,0.00001331,0.00001458,0.00001492,0.00001509,0.00001518,0.00001523,0.00001525
1.782000,0.00000952,0.00001331,0.00001458,0.00001493,0.00001510,0.00001518,0.00001523,0.00001525
1.784000,0.00000952,0.00001331,0.00001459,0.00001493,0.00001510,0.00001518,0.00001523,0.00001525
1.786000,0.00000952,0.00001331,0.00001459,0.00001493,0.00001510,0.00001519,0.00001523,0.00001525
1.788000,0.00000953,0.00001331,0.00001459,0.00001493,0.00001510,0.00001519,0.00001524,0.00001526
1.790000,0.00000953,0.00001331,0.00001459,0.00001493,0.00001510,0.00001519,0.00001524,0.00001526
1.792000,0.00000953,0.00001331,0.00001459,0.00001493,0.00001510,0.00001519,0.00001524,0.00001526
1.794000,0.00000953,0.00001331,0.00001459,0.00001493,0.00001510,0.00001519,0.00001524,0.00001526
1.796000,0.00000953,0.00001331,0.00001459,0.00001493,0.00001510,0.00001519,0.00001524,0.00001526
1.798000,0.00000953,0.00001332,0.00001459,0.00001493,0.00001510,0.00001519,0.00001524,0.00001526
1.800000,0.00000953,0.00001332,0.00001459,0.00001493,0.00001510,0.00001519,0.00001524,0.00001526
1.802000,0.00000953,0.00001332,0.00001459,0.00001493,0.00001510,0.00001519,0.00001524,0.00001526
1.804000,0.00000953,0.00001332,0.00001459,0.00001493,0.00001510,0.00001519,0.00001524,0.00001526
1.806000,0.00000953,0.00001332,0.00001459,0.00001494,0.00001511,0.00001519,0.00001524,0.00001526
1.808000,0.00000953,0.00001332,0.00001460,0.00001494,0.00001511,0.00001519,0.00001524,0.00001526
1.810000,0.00000953,0.00001332,0.00001460,0.00001494,0.00001511,0.00001520,0.00001524,0.00001526
1.812000,0.00000953,0.00001332,0.00001460,0.00001494,0.00001511,0.00001520,0.00001525,0.00001527
1.814000,0.00000953,0.00001332,0.00001460,0.00001494,0.00001511,0.00001520,0.00001525,0.00001527
1.816000,0.00000953,0.00001332,0.00001460,0.00001494,0.00001511,0.00001520,0.00001525,0.00001527
1.818000,0.00000953,0.00001332,0.00001460,0.00001494,0.00001511,0.00001520,0.00001525,0.00001527
1.820000,0.00000953,0.00001332,0.00001460,0.00001494,0.00001511,0.00001520,0.00001525,0.00001527
1.822000,0.00000954,0.00001332,0.00001460,0.00001494,0.00001511,0.00001520,0.00001525,0.00001527
1.824000,0.00000954,0.00001332,0.00001460,0.00001494,0.00001511,0.00001520,0.00001525,0.00001527
1.826000,0.00000954,0.00001333,0.00001460,0.00001494,0.00001511,0.00001520,0.00001525,0.00001527
1.828000,0.00000954,0.00001333,0.00001460,0.00001494,0.00001511,0.00001520,0.00001525,0.00001527
1.830000,0.00000954,0.00001333,0.00001460,0.00001495,0.00001512,0.00001520,0.00001525,0.00001527
1.832000,0.00000954,0.00001333,0.00001460,0.00001495,0.00001512,0.00001520,0.00001525,0.00001527
1.834000,0.00000954,0.00001333,0.00001461,0.00001495,0.00001512,0.00001521,0.00001525,0.00001527
1.836000,0.00000954,0.00001333,0.00001461,0.00001495,0.00001512,0.00001521,0.00001526,0.00001527
1.838000,0.00000954,0.00001333,0.00001461,0.00001495,0.00001512,0.00001521,0.00001526,0.00001528
1.840000,0.00000954,0.00001333,0.00001461,0.00001495,0.00001512,0.00001521,0.00001526,0.00001528
1.842000,0.00000954,0.00001333,0.00001461,0.00001495,0.00001512,0.00001521,0.00001526,0.00001528
1.844000,0.00000954,0.00001333,0.00001461,0.00001495,0.00001512,0.00001521,0.00001526,0.00001528
1.846000,0.00000954,0.00001333,0.00001461,0.00001495,0.00001512,0.00001521,0.00001526,0.00001528
1.848000,0.00000954,0.00001333,0.00001461,0.00001495,0.00001512,0.00001521,0.00001526,0.00001528
1.850000,0.00000954,0.00001333,0.00001461,0.00001495,0.00001512,0.00001521,0.00001526,0.00001528
1.852000,0.00000954,0.00001334,0.00001461,0.00001495,0.00001512,0.00001521,0.00001526,0.00001528
1.854000,0.00000954,0.00001334,0.00001461,0.00001495,0.00001513,0.00001521,0.00001526,0.00001528
1.856000,0.00000954,0.00001334,0.00001461,0.00001496,0.00001513,0.00001521,0.00001526,0.00001528
1.858000,0.00000955,0.00001334,0.00001462,0.00001496,0.00001513,0.00001522,0.00001526,0.00001528
1.860000,0.00000955,0.00001334,0.00001462,0.00001496,0.00001513,0.00001522,0.00001526,0.00001528
1.862000,0.00000955,0.00001334,0.00001462,0.00001496,0.00001513,0.00001522,0.00001527,0.00001529
1.864000,0.00000955,0.00001334,0.00001462,0.00001496,0.00001513,0.00001522,0.00001527,0.00001529
1.866000,0.00000955,0.00001334,0.00001462,0.00001496,0.00001513,0.00001522,0.00001527,0.00001529
1.868000,0.00000955,0.00001334,0.00001462,0.00001496,0.00001513,0.00001522,0.00001527,0.00001529
1.870000,0.00000955,0.00001334,0.00001462,0.00001496,0.00001513,0.00001522,0.00001527,0.00001529
1.872000,0.00000955,0.00001334,0.00001462,0.00001496,0.00001513,0.00001522,0.00001527,0.00001529
1.874000,0.00000955,0.00001334,0.00001462,0.00001496,0.00001513,0.00001522,0.00001527,0.00001529
1.876000,0.00000955,0.00001334,0.00001462,0.00001496,0.00001513,0.00001522,0.00001527,0.00001529
1.878000,0.00000955,0.00001334,0.00001462,0.00001496,0.00001513,0.00001522,0.00001527,0.00001529
1.880000,0.00000955,0.00001335,0.00001462,0.00001497,0.00001514,0.00001522,0.00001527,0.00001529
1.882000,0.00000955,0.00001335,0.00001462,0.00001497,0.00001514,0.00001523,0.00001527,0.00001529
1.884000,0.00000955,0.00001335,0.00001463,0.00001497,0.00001514,0.00001523,0.00001527,0.00001529
1.886000,0.00000955,0.00001335,0.00001463,0.00001497,0.00001514,0.00001523,0.00001528,0.00001530
1.888000,0.00000955,0.00001335,0.00001463,0.00001497,0.00001514,0.00001523,0.00001528,0.00001530
1.890000,0.00000955,0.00001335,0.00001463,0.00001497,0.00001514,0.00001523,0.00001528,0.00001530
1.892000,0.00000955,0.00001335,0.00001463,0.00001497,0.00001514,0.00001523,0.00001528,0.00001530
1.894000,0.00000956,0.00001335,0.00001463,0.00001497,0.00001514,0.00001523,0.00001528,0.00001530
1.896000,0.00000956,0.00001335,0.00001463,0.00001497,0.00001514,0.00001523,0.00001528,0.00001530
1.898000,0.00000956,0.00001335,0.00001463,0.00001497,0.00001514,0.00001523,0.00001528,0.00001530
1.900000,0.00000956,0.00001335,0.00001463,0.00001497,0.00001514,0.00001523,0.00001528,0.00001530
1.902000,0.00000956,0.00001335,0.00001463,0.00001497,0.00001514,0.00001523,0.00001528,0.00001530
1.904000,0.00000956,0.00001335,0.00001463,0.00001498,0.00001515,0.00001523,0.00001528,0.00001530
1.906000,0.00000956,0.00001336,0.00001463,0.00001498,0.00001515,0.00001524,0.00001528,0.00001530
1.908000,0.00000956,0.00001336,0.00001464,0.00001498,0.00001515,0.00001524,0.00001528,0.00001530
1.910000,0.00000956,0.00001336,0.00001464,0.00001498,0.00001515,0.00001524,0.00001529,0.00001531
1.912000,0.00000956,0.00001336,0.00001464,0.00001498,0.00001515,0.00001524,0.00001529,0.00001531
1.914000,0.00000956,0.00001336,0.00001464,0.00001498,0.00001515,0.00001524,0.00001529,0.00001531
1.916000,0.00000956,0.00001336,0.00001464,0.00001498,0.00001515,0.00001524,0.00001529,0.00001531
1.918000,0.00000956,0.00001336,0.00001464,0.00001498,0.00001515,0.00001524,0.00001529,0.00001531
1.920000,0.00000956,0.00001336,0.00001464,0.00001498,0.00001515,0.00001524,0.00001529,0.00001531
1.922000,0.00000956,0.00001336,0.00001464,0.00001498,0.00001515,0.00001524,0.00001529,0.00001531
1.924000,0.00000956,0.00001336,0.00001464,0.00001498,0.00001515,0.00001524,0.00001529,0.00001531
1.926000,0.00000956,0.00001336,0.00001464,0.00001498,0.00001515,0.00001524,0.00001529,0.00001531
1.928000,0.00000956,0.00001336,0.00001464,0.00001498,0.00001516,0.00001524,0.00001529,0.00001531
1.930000,0.00000957,0.00001336,0.00001464,0.00001499,0.00001516,0.00001524,0.00001529,0.00001531
1.932000,0.00000957,0.00001336,0.00001464,0.00001499,0.00001516,0.00001525,0.00001529,0.00001531
1.934000,0.00000957,0.00001337,0.00001465,0.00001499,0.00001516,0.00001525,0.00001530,0.00001532
1.936000,0.00000957,0.00001337,0.00001465,0.00001499,0.00001516,0.00001525,0.00001530,0.00001532
1.938000,0.00000957,0.00001337,0.00001465,0.00001499,0.00001516,0.00001525,0.00001530,0.00001532
1.940000,0.00000957,0.00001337,0.00001465,0.00001499,0.00001516,0.00001525,0.00001530,0.00001532
1.942000,0.00000957,0.00001337,0.00001465,0.00001499,0.00001516,0.00001525,0.00001530,0.00001532
1.944000,0.00000957,0.00001337,0.00001465,0.00001499,0.00001516,0.00001525,0.00001530,0.00001532
1.946000,0.00000957,0.00001337,0.00001465,0.00001499,0.00001516,0.00001525,0.00001530,0.00001532
1.948000,0.00000957,0.00001337,0.00001465,0.00001499,0.00001516,0.00001525,0.00001530,0.00001532
1.950000,0.00000957,0.00001337,0.00001465,0.00001499,0.00001516,0.00001525,0.00001530,0.00001532
1.952000,0.00000957,0.00001337,0.00001465,0.00001499,0.00001517,0.00001525,0.00001530,0.00001532
1.954000,0.00000957,0.00001337,0.00001465,0.00001500,0.00001517,0.00001525,0.00001530,0.00001532
1.956000,0.00000957,0.00001337,0.00001465,0.00001500,0.00001517,0.00001526,0.00001530,0.00001532
1.958000,0.00000957,0.00001337,0.00001466,0.00001500,0.00001517,0.00001526,0.00001531,0.00001533
1.960000,0.00000957,0.00001338,0.00001466,0.00001500,0.00001517,0.00001526,0.00001531,0.00001533
1.962000,0.00000957,0.00001338,0.00001466,0.00001500,0.00001517,0.00001526,0.00001531,0.00001533
1.964000,0.00000957,0.00001338,0.00001466,0.00001500,0.00001517,0.00001526,0.00001531,0.00001533
1.966000,0.00000958,0.00001338,0.00001466,0.00001500,0.00001517,0.00001526,0.00001531,0.00001533
1.968000,0.00000958,0.00001338,0.00001466,0.00001500,0.00001517,0.00001526,0.00001531,0.00001533
1.970000,0.00000958,0.00001338,0.00001466,0.00001500,0.00001517,0.00001526,0.00001531,0.00001533
1.972000,0.00000958,0.00001338,0.00001466,0.00001500,0.00001517,0.00001526,0.00001531,0.00001533
1.974000,0.00000958,0.00001338,0.00001466,0.00001500,0.00001517,0.00001526,0.00001531,0.00001533
1.976000,0.00000958,0.00001338,0.00001466,0.00001500,0.00001517,0.00001526,0.00001531,0.00001533
1.978000,0.00000958,0.00001338,0.00001466,0.00001501,0.00001518,0.00001526,0.00001531,0.00001533
1.980000,0.00000958,0.00001338,0.00001466,0.00001501,0.00001518,0.00001527,0.00001531,0.00001533
1.982000,0.00000958,0.00001338,0.00001467,0.00001501,0.00001518,0.00001527,0.00001532,0.00001534
1.984000,0.00000958,0.00001338,0.00001467,0.00001501,0.00001518,0.00001527,0.00001532,0.00001534
1.986000,0.00000958,0.00001339,0.00001467,0.00001501,0.00001518,0.00001527,0.00001532,0.00001534
1.988000,0.00000958,0.00001339,0.00001467,0.00001501,0.00001518,0.00001527,0.00001532,0.00001534
1.990000,0.00000958,0.00001339,0.00001467,0.00001501,0.00001518,0.00001527,0.00001532,0.00001534
1.992000,0.00000958,0.00001339,0.00001467,0.00001501,0.00001518,0.00001527,0.00001532,0.00001534
1.994000,0.00000958,0.00001339,0.00001467,0.00001501,0.00001518,0.00001527,0.00001532,0.00001534
1.996000,0.00000958,0.00001339,0.00001467,0.00001501,0.00001518,0.00001527,0.00001532,0.00001534
1.998000,0.00000958,0.00001339,0.00001467,0.00001501,0.00001518,0.00001527,0.00001532,0.00001534
2.000000,0.00000958,0.00001339,0.00001467,0.00001501,0.00001518,0.00001527,0.00001532,0.00001534
2.002000,0.00000959,0.00001339,0.00001467,0.00001502,0.00001519,0.00001527,0.00001532,0.00001534
2.004000,0.00000959,0.00001339,0.00001467,0.00001502,0.00001519,0.00001528,0.00001532,0.00001534
2.006000,0.00000959,0.00001339,0.00001467,0.00001502,0.00001519,0.00001528,0.00001533,0.00001534
2.008000,0.00000959,0.00001339,0.00001468,0.00001502,0.00001519,0.00001528,0.00001533,0.00001535
2.010000,0.00000959,0.00001339,0.00001468,0.00001502,0.00001519,0.00001528,0.00001533,0.00001535
2.012000,0.00000959,0.00001339,0.00001468,0.00001502,0.00001519,0.00001528,0.00001533,0.00001535
2.014000,0.00000959,0.00001340,0.00001468,0.00001502,0.00001519,0.00001528,0.00001533,0.00001535
2.016000,0.00000959,0.00001340,0.00001468,0.00001502,0.00001519,0.00001528,0.00001533,0.00001535
2.018000,0.00000959,0.00001340,0.00001468,0.00001502,0.00001519,0.00001528,0.00001533,0.00001535
2.020000,0.00000959,0.00001340,0.00001468,0.00001502,0.00001519,0.00001528,0.00001533,0.00001535
2.022000,0.00000959,0.00001340,0.00001468,0.00001502,0.00001519,0.00001528,0.00001533,0.00001535
2.024000,0.00000959,0.00001340,0.00001468,0.00001502,0.00001519,0.00001528,0.00001533,0.00001535
2.026000,0.00000959,0.00001340,0.00001468,0.00001502,0.00001520,0.00001528,0.00001533,0.00001535
2.028000,0.00000959,0.00001340,0.00001468,0.00001503,0.00001520,0.00001529,0.00001533,0.00001535
2.030000,0.00000959,0.00001340,0.00001468,0.00001503,0.00001520,0.00001529,0.00001534,0.00001535
2.032000,0.00000959,0.00001340,0.00001469,0.00001503,0.00001520,0.00001529,0.00001534,0.00001536
2.034000,0.00000959,0.00001340,0.00001469,0.00001503,0.00001520,0.00001529,0.00001534,0.00001536
2.036000,0.00000959,0.00001340,0.00001469,0.00001503,0.00001520,0.00001529,0.00001534,0.00001536
2.038000,0.00000960,0.00001340,0.00001469,0.00001503,0.00001520,0.00001529,0.00001534,0.00001536
2.040000,0.00000960,0.00001341,0.00001469,0.00001503,0.00001520,0.00001529,0.00001534,0.00001536
2.042000,0.00000960,0.00001341,0.00001469,0.00001503,0.00001520,0.00001529,0.00001534,0.00001536
2.044000,0.00000960,0.00001341,0.00001469,0.00001503,0.00001520,0.00001529,0.00001534,0.00001536
2.046000,0.00000960,0.00001341,0.00001469,0.00001503,0.00001520,0.00001529,0.00001534,0.00001536
2.048000,0.00000960,0.00001341,0.00001469,0.00001503,0.00001520,0.00001529,0.00001534,0.00001536
2.050000,0.00000960,0.00001341,0.00001469,0.00001503,0.00001521,0.00001529,0.00001534,0.00001536
2.052000,0.00000960,0.00001341,0.00001469,0.00001504,0.00001521,0.00001530,0.00001534,0.00001536
2.054000,0.00000960,0.00001341,0.00001469,0.00001504,0.00001521,0.00001530,0.00001534,0.00001536
2.056000,0.00000960,0.00001341,0.00001469,0.00001504,0.00001521,0.00001530,0.00001535,0.00001537
2.058000,0.00000960,0.00001341,0.00001470,0.00001504,0.00001521,0.00001530,0.00001535,0.00001537
2.060000,0.00000960,0.00001341,0.00001470,0.00001504,0.00001521,0.00001530,0.00001535,0.00001537
2.062000,0.00000960,0.00001341,0.00001470,0.00001504,0.00001521,0.00001530,0.00001535,0.00001537
2.064000,0.00000960,0.00001341,0.00001470,0.00001504,0.00001521,0.00001530,0.00001535,0.00001537
2.066000,0.00000960,0.00001342,0.00001470,0.00001504,0.00001521,0.00001530,0.00001535,0.00001537
2.068000,0.00000960,0.00001342,0.00001470,0.00001504,0.00001521,0.00001530,0.00001535,0.00001537
2.070000,0.00000960,0.00001342,0.00001470,0.00001504,0.00001521,0.00001530,0.00001535,0.00001537
2.072000,0.00000961,0.00001342,0.00001470,0.00001504,0.00001521,0.00001530,0.00001535,0.00001537
2.074000,0.00000961,0.00001342,0.00001470,0.00001504,0.00001522,0.00001530,0.00001535,0.00001537
2.076000,0.00000961,0.00001342,0.00001470,0.00001505,0.00001522,0.00001531,0.00001535,0.00001537
2.078000,0.00000961,0.00001342,0.00001470,0.00001505,0.00001522,0.00001531,0.00001535,0.00001537
2.080000,0.00000961,0.00001342,0.00001470,0.00001505,0.00001522,0.00001531,0.00001536,0.00001538
2.082000,0.00000961,0.00001342,0.00001471,0.00001505,0.00001522,0.00001531,0.00001536,0.00001538
2.084000,0.00000961,0.00001342,0.00001471,0.00001505,0.00001522,0.00001531,0.00001536,0.00001538
2.086000,0.00000961,0.00001342,0.00001471,0.00001505,0.00001522,0.00001531,0.00001536,0.00001538
2.088000,0.00000961,0.00001342,0.00001471,0.00001505,0.00001522,0.00001531,0.00001536,0.00001538
2.090000,0.00000961,0.00001342,0.00001471,0.00001505,0.00001522,0.00001531,0.00001536,0.00001538
2.092000,0.00000961,0.00001342,0.00001471,0.00001505,0.00001522,0.00001531,0.00001536,0.00001538
2.094000,0.00000961,0.00001343,0.00001471,0.00001505,0.00001522,0.00001531,0.00001536,0.00001538
2.096000,0.00000961,0.00001343,0.00001471,0.00001505,0.00001522,0.00001531,0.00001536,0.00001538
2.098000,0.00000961,0.00001343,0.00001471,0.00001505,0.00001523,0.00001531,0.00001536,0.00001538
2.100000,0.00000961,0.00001343,0.00001471,0.00001506,0.00001523,0.00001532,0.00001536,0.00001538
2.102000,0.00000961,0.00001343,0.00001471,0.00001506,0.00001523,0.00001532,0.00001536,0.00001538
2.104000,0.00000961,0.00001343,0.00001471,0.00001506,0.00001523,0.00001532,0.00001537,0.00001539
2.106000,0.00000961,0.00001343,0.00001472,0.00001506,0.00001523,0.00001532,0.00001537,0.00001539
2.108000,0.00000962,0.00001343,0.00001472,0.00001506,0.00001523,0.00001532,0.00001537,0.00001539
2.110000,0.00000962,0.00001343,0.00001472,0.00001506,0.00001523,0.00001532,0.00001537,0.00001539
2.112000,0.00000962,0.00001343,0.00001472,0.00001506,0.00001523,0.00001532,0.00001537,0.00001539
2.114000,0.00000962,0.00001343,0.00001472,0.00001506,0.00001523,0.00001532,0.00001537,0.00001539
2.116000,0.00000962,0.00001343,0.00001472,0.00001506,0.00001523,0.00001532,0.00001537,0.00001539
2.118000,0.00000962,0.00001343,0.00001472,0.00001506,0.00001523,0.00001532,0.00001537,0.00001539
2.120000,0.00000962,0.00001344,0.00001472,0.00001506,0.00001523,0.00001532,0.00001537,0.00001539
2.122000,0.00000962,0.00001344,0.00001472,0.00001506,0.00001524,0.00001532,0.00001537,0.00001539
2.124000,0.00000962,0.00001344,0.00001472,0.00001507,0.00001524,0.00001532,0.00001537,0.00001539
2.126000,0.00000962,0.00001344,0.00001472,0.00001507,0.00001524,0.00001533,0.00001537,0.00001539
2.128000,0.00000962,0.00001344,0.00001472,0.00001507,0.00001524,0.00001533,0.00001538,0.00001540
2.130000,0.00000962,0.00001344,0.00001472,0.00001507,0.00001524,0.00001533,0.00001538,0.00001540
2.132000,0.00000962,0.00001344,0.00001473,0.00001507,0.00001524,0.00001533,0.00001538,0.00001540
2.134000,0.00000962,0.00001344,0.00001473,0.00001507,0.00001524,0.00001533,0.00001538,0.00001540
2.136000,0.00000962,0.00001344,0.00001473,0.00001507,0.00001524,0.00001533,0.00001538,0.00001540
2.138000,0.00000962,0.00001344,0.00001473,0.00001507,0.00001524,0.00001533,0.00001538,0.00001540
2.140000,0.00000962,0.00001344,0.00001473,0.00001507,0.00001524,0.00001533,0.00001538,0.00001540
2.142000,0.00000962,0.00001344,0.00001473,0.00001507,0.00001524,0.00001533,0.00001538,0.00001540
2.144000,0.00000963,0.00001344,0.00001473,0.00001507,0.00001524,0.00001533,0.00001538,0.00001540
2.146000,0.00000963,0.00001345,0.00001473,0.00001507,0.00001525,0.00001533,0.00001538,0.00001540
2.148000,0.00000963,0.00001345,0.00001473,0.00001508,0.00001525,0.00001534,0.00001538,0.00001540
2.150000,0.00000963,0.00001345,0.00001473,0.00001508,0.00001525,0.00001534,0.00001538,0.00001540
2.152000,0.00000963,0.00001345,0.00001473,0.00001508,0.00001525,0.00001534,0.00001539,0.00001541
2.154000,0.00000963,0.00001345,0.00001473,0.00001508,0.00001525,0.00001534,0.00001539,0.00001541
2.156000,0.00000963,0.00001345,0.00001474,0.00001508,0.00001525,0.00001534,0.00001539,0.00001541
2.158000,0.00000963,0.00001345,0.00001474,0.00001508,0.00001525,0.00001534,0.00001539,0.00001541
2.160000,0.00000963,0.00001345,0.00001474,0.00001508,0.00001525,0.00001534,0.00001539,0.00001541
2.162000,0.00000963,0.00001345,0.00001474,0.00001508,0.00001525,0.00001534,0.00001539,0.00001541
2.164000,0.00000963,0.00001345,0.00001474,0.00001508,0.00001525,0.00001534,0.00001539,0.00001541
2.166000,0.00000963,0.00001345,0.00001474,0.00001508,0.00001525,0.00001534,0.00001539,0.00001541
2.168000,0.00000963,0.00001345,0.00001474,0.00001508,0.00001525,0.00001534,0.00001539,0.00001541
2.170000,0.00000963,0.00001345,0.00001474,0.00001508,0.00001526,0.00001534,0.00001539,0.00001541
2.172000,0.00000963,0.00001346,0.00001474,0.00001509,0.00001526,0.00001534,0.00001539,0.00001541
2.174000,0.00000963,0.00001346,0.00001474,0.00001509,0.00001526,0.00001535,0.00001539,0.00001541
2.176000,0.00000963,0.00001346,0.00001474,0.00001509,0.00001526,0.00001535,0.00001540,0.00001542
2.178000,0.00000963,0.00001346,0.00001474,0.00001509,0.00001526,0.00001535,0.00001540,0.00001542
2.180000,0.00000964,0.00001346,0.00001475,0.00001509,0.00001526,0.00001535,0.00001540,0.00001542
2.182000,0.00000964,0.00001346,0.00001475,0.00001509,0.00001526,0.00001535,0.00001540,0.00001542
2.184000,0.00000964,0.00001346,0.00001475,0.00001509,0.00001526,0.00001535,0.00001540,0.00001542
2.186000,0.00000964,0.00001346,0.00001475,0.00001509,0.00001526,0.00001535,0.00001540,0.00001542
2.188000,0.00000964,0.00001346,0.00001475,0.00001509,0.00001526,0.00001535,0.00001540,0.00001542
2.190000,0.00000964,0.00001346,0.00001475,0.00001509,0.00001526,0.00001535,0.00001540,0.00001542
2.192000,0.00000964,0.00001346,0.00001475,0.00001509,0.00001526,0.00001535,0.00001540,0.00001542
2.194000,0.00000964,0.00001346,0.00001475,0.00001509,0.00001527,0.00001535,0.00001540,0.00001542
2.196000,0.00000964,0.00001346,0.00001475,0.00001509,0.00001527,0.00001536,0.00001540,0.00001542
2.198000,0.00000964,0.00001347,0.00001475,0.00001510,0.00001527,0.00001536,0.00001540,0.00001542
2.200000,0.00000964,0.00001347,0.00001475,0.00001510,0.00001527,0.00001536,0.00001541,0.00001543
2.202000,0.00000964,0.00001347,0.00001475,0.00001510,0.00001527,0.00001536,0.00001541,0.00001543
2.204000,0.00000964,0.00001347,0.00001475,0.00001510,0.00001527,0.00001536,0.00001541,0.00001543
2.206000,0.00000964,0.00001347,0.00001476,0.00001510,0.00001527,0.00001536,0.00001541,0.00001543
2.208000,0.00000964,0.00001347,0.00001476,0.00001510,0.00001527,0.00001536,0.00001541,0.00001543
2.210000,0.00000964,0.00001347,0.00001476,0.00001510,0.00001527,0.00001536,0.00001541,0.00001543
2.212000,0.00000964,0.00001347,0.00001476,0.00001510,0.00001527,0.00001536,0.00001541,0.00001543
2.214000,0.00000965,0.00001347,0.00001476,0.00001510,0.00001527,0.00001536,0.00001541,0.00001543
2.216000,0.00000965,0.00001347,0.00001476,0.00001510,0.00001527,0.00001536,0.00001541,0.00001543
2.218000,0.00000965,0.00001347,0.00001476,0.00001510,0.00001528,0.00001536,0.00001541,0.00001543
2.220000,0.00000965,0.00001347,0.00001476,0.00001510,0.00001528,0.00001536,0.00001541,0.00001543
2.222000,0.00000965,0.00001347,0.00001476,0.00001511,0.00001528,0.00001537,0.00001541,0.00001543
2.224000,0.00000965,0.00001347,0.00001476,0.00001511,0.00001528,0.00001537,0.00001542,0.00001544
2.226000,0.00000965,0.00001348,0.00001476,0.00001511,0.00001528,0.00001537,0.00001542,0.00001544
2.228000,0.00000965,0.00001348,0.00001476,0.00001511,0.00001528,0.00001537,0.00001542,0.00001544
2.230000,0.00000965,0.00001348,0.00001477,0.00001511,0.00001528,0.00001537,0.00001542,0.00001544
2.232000,0.00000965,0.00001348,0.00001477,0.00001511,0.00001528,0.00001537,0.00001542,0.00001544
2.234000,0.00000965,0.00001348,0.00001477,0.00001511,0.00001528,0.00001537,0.00001542,0.00001544
2.236000,0.00000965,0.00001348,0.00001477,0.00001511,0.00001528,0.00001537,0.00001542,0.00001544
2.238000,0.00000965,0.00001348,0.00001477,0.00001511,0.00001528,0.00001537,0.00001542,0.00001544
2.240000,0.00000965,0.00001348,0.00001477,0.00001511,0.00001528,0.00001537,0.00001542,0.00001544
2.242000,0.00000965,0.00001348,0.00001477,0.00001511,0.00001529,0.00001537,0.00001542,0.00001544
2.244000,0.00000965,0.00001348,0.00001477,0.00001511,0.00001529,0.00001538,0.00001542,0.00001544
2.246000,0.00000965,0.00001348,0.00001477,0.00001512,0.00001529,0.00001538,0.00001542,0.00001544
2.248000,0.00000965,0.00001348,0.00001477,0.00001512,0.00001529,0.00001538,0.00001543,0.00001545
2.250000,0.00000966,0.00001348,0.00001477,0.00001512,0.00001529,0.00001538,0.00001543,0.00001545
2.252000,0.00000966,0.00001349,0.00001477,0.00001512,0.00001529,0.00001538,0.00001543,0.00001545
2.254000,0.00000966,0.00001349,0.00001478,0.00001512,0.00001529,0.00001538,0.00001543,0.00001545
2.256000,0.00000966,0.00001349,0.00001478,0.00001512,0.00001529,0.00001538,0.00001543,0.00001545
2.258000,0.00000966,0.00001349,0.00001478,0.00001512,0.00001529,0.00001538,0.00001543,0.00001545
2.260000,0.00000966,0.00001349,0.00001478,0.00001512,0.00001529,0.00001538,0.00001543,0.00001545
2.262000,0.00000966,0.00001349,0.00001478,0.00001512,0.00001529,0.00001538,0.00001543,0.00001545
2.264000,0.00000966,0.00001349,0.00001478,0.00001512,0.00001529,0.00001538,0.00001543,0.00001545
2.266000,0.00000966,0.00001349,0.00001478,0.00001512,0.00001530,0.00001538,0.00001543,0.00001545
2.268000,0.00000966,0.00001349,0.00001478,0.00001512,0.00001530,0.00001538,0.00001543,0.00001545
2.270000,0.00000966,0.00001349,0.00001478,0.00001513,0.00001530,0.00001539,0.00001543,0.00001545
2.272000,0.00000966,0.00001349,0.00001478,0.00001513,0.00001530,0.00001539,0.00001544,0.00001546
2.274000,0.00000966,0.00001349,0.00001478,0.00001513,0.00001530,0.00001539,0.00001544,0.00001546
2.276000,0.00000966,0.00001349,0.00001478,0.00001513,0.00001530,0.00001539,0.00001544,0.00001546
2.278000,0.00000966,0.00001350,0.00001478,0.00001513,0.00001530,0.00001539,0.00001544,0.00001546
2.280000,0.00000966,0.00001350,0.00001479,0.00001513,0.00001530,0.00001539,0.00001544,0.00001546
2.282000,0.00000966,0.00001350,0.00001479,0.00001513,0.00001530,0.00001539,0.00001544,0.00001546
2.284000,0.00000967,0.00001350,0.00001479,0.00001513,0.00001530,0.00001539,0.00001544,0.00001546
2.286000,0.00000967,0.00001350,0.00001479,0.00001513,0.00001530,0.00001539,0.00001544,0.00001546
2.288000,0.00000967,0.00001350,0.00001479,0.00001513,0.00001530,0.00001539,0.00001544,0.00001546
2.290000,0.00000967,0.00001350,0.00001479,0.00001513,0.00001531,0.00001539,0.00001544,0.00001546
2.292000,0.00000967,0.00001350,0.00001479,0.00001513,0.00001531,0.00001540,0.00001544,0.00001546
2.294000,0.00000967,0.00001350,0.00001479,0.00001514,0.00001531,0.00001540,0.00001544,0.00001546
2.296000,0.00000967,0.00001350,0.00001479,0.00001514,0.00001531,0.00001540,0.00001545,0.00001547
2.298000,0.00000967,0.00001350,0.00001479,0.00001514,0.00001531,0.00001540,0.00001545,0.00001547
2.300000,0.00000967,0.00001350,0.00001479,0.00001514,0.00001531,0.00001540,0.00001545,0.00001547
2.302000,0.00000967,0.00001350,0.00001479,0.00001514,0.00001531,0.00001540,0.00001545,0.00001547
2.304000,0.00000967,0.00001351,0.00001480,0.00001514,0.00001531,0.00001540,0.00001545,0.00001547
2.306000,0.00000967,0.00001351,0.00001480,0.00001514,0.00001531,0.00001540,0.00001545,0.00001547
2.308000,0.00000967,0.00001351,0.00001480,0.00001514,0.00001531,0.00001540,0.00001545,0.00001547
2.310000,0.00000967,0.00001351,0.00001480,0.00001514,0.00001531,0.00001540,0.00001545,0.00001547
2.312000,0.00000967,0.00001351,0.00001480,0.00001514,0.00001531,0.00001540,0.00001545,0.00001547
2.314000,0.00000967,0.00001351,0.00001480,0.00001514,0.00001532,0.00001540,0.00001545,0.00001547
2.316000,0.00000967,0.00001351,0.00001480,0.00001514,0.00001532,0.00001540,0.00001545,0.00001547
2.318000,0.00000967,0.00001351,0.00001480,0.00001515,0.00001532,0.00001541,0.00001546,0.00001547
2.320000,0.00000968,0.00001351,0.00001480,0.00001515,0.00001532,0.00001541,0.00001546,0.00001548
2.322000,0.00000968,0.00001351,0.00001480,0.00001515,0.00001532,0.00001541,0.00001546,0.00001548
2.324000,0.00000968,0.00001351,0.00001480,0.00001515,0.00001532,0.00001541,0.00001546,0.00001548
2.326000,0.00000968,0.00001351,0.00001480,0.00001515,0.00001532,0.00001541,0.00001546,0.00001548
2.328000,0.00000968,0.00001351,0.00001481,0.00001515,0.00001532,0.00001541,0.00001546,0.00001548
2.330000,0.00000968,0.00001352,0.00001481,0.00001515,0.00001532,0.00001541,0.00001546,0.00001548
2.332000,0.00000968,0.00001352,0.00001481,0.00001515,0.00001532,0.00001541,0.00001546,0.00001548
2.334000,0.00000968,0.00001352,0.00001481,0.00001515,0.00001532,0.00001541,0.00001546,0.00001548
2.336000,0.00000968,0.00001352,0.00001481,0.00001515,0.00001532,0.00001541,0.00001546,0.00001548
2.338000,0.00000968,0.00001352,0.00001481,0.00001515,0.00001533,0.00001541,0.00001546,0.00001548
2.340000,0.00000968,0.00001352,0.00001481,0.00001515,0.00001533,0.00001542,0.00001546,0.00001548
2.342000,0.00000968,0.00001352,0.00001481,0.00001516,0.00001533,0.00001542,0.00001546,0.00001548
2.344000,0.00000968,0.00001352,0.00001481,0.00001516,0.00001533,0.00001542,0.00001547,0.00001549
2.346000,0.00000968,0.00001352,0.00001481,0.00001516,0.00001533,0.00001542,0.00001547,0.00001549
2.348000,0.00000968,0.00001352,0.00001481,0.00001516,0.00001533,0.00001542,0.00001547,0.00001549
2.350000,0.00000968,0.00001352,0.00001481,0.00001516,0.00001533,0.00001542,0.00001547,0.00001549
2.352000,0.00000968,0.00001352,0.00001482,0.00001516,0.00001533,0.00001542,0.00001547,0.00001549
2.354000,0.00000968,0.00001352,0.00001482,0.00001516,0.00001533,0.00001542,0.00001547,0.00001549
2.356000,0.00000969,0.00001353,0.00001482,0.00001516,0.00001533,0.00001542,0.00001547,0.00001549
2.358000,0.00000969,0.00001353,0.00001482,0.00001516,0.00001533,0.00001542,0.00001547,0.00001549
2.360000,0.00000969,0.00001353,0.00001482,0.00001516,0.00001533,0.00001542,0.00001547,0.00001549
2.362000,0.00000969,0.00001353,0.00001482,0.00001516,0.00001534,0.00001542,0.00001547,0.00001549
2.364000,0.00000969,0.00001353,0.00001482,0.00001516,0.00001534,0.00001543,0.00001547,0.00001549
2.366000,0.00000969,0.00001353,0.00001482,0.00001517,0.00001534,0.00001543,0.00001548,0.00001549
2.368000,0.00000969,0.00001353,0.00001482,0.00001517,0.00001534,0.00001543,0.00001548,0.00001550
2.370000,0.00000969,0.00001353,0.00001482,0.00001517,0.00001534,0.00001543,0.00001548,0.00001550
2.372000,0.00000969,0.00001353,0.00001482,0.00001517,0.00001534,0.00001543,0.00001548,0.00001550
2.374000,0.00000969,0.00001353,0.00001482,0.00001517,0.00001534,0.00001543,0.00001548,0.00001550
2.376000,0.00000969,0.00001353,0.00001482,0.00001517,0.00001534,0.00001543,0.00001548,0.00001550
2.378000,0.00000969,0.00001353,0.00001483,0.00001517,0.00001534,0.00001543,0.00001548,0.00001550
2.380000,0.00000969,0.00001353,0.00001483,0.00001517,0.00001534,0.00001543,0.00001548,0.00001550
2.382000,0.00000969,0.00001353,0.00001483,0.00001517,0.00001534,0.00001543,0.00001548,0.00001550
2.384000,0.00000969,0.00001354,0.00001483,0.00001517,0.00001534,0.00001543,0.00001548,0.00001550
2.386000,0.00000969,0.00001354,0.00001483,0.00001517,0.00001535,0.00001543,0.00001548,0.00001550
2.388000,0.00000969,0.00001354,0.00001483,0.00001517,0.00001535,0.00001544,0.00001548,0.00001550
2.390000,0.00000970,0.00001354,0.00001483,0.00001518,0.00001535,0.00001544,0.00001549,0.00001551
2.392000,0.00000970,0.00001354,0.00001483,0.00001518,0.00001535,0.00001544,0.00001549,0.00001551
2.394000,0.00000970,0.00001354,0.00001483,0.00001518,0.00001535,0.00001544,0.00001549,0.00001551
2.396000,0.00000970,0.00001354,0.00001483,0.00001518,0.00001535,0.00001544,0.00001549,0.00001551
2.398000,0.00000970,0.00001354,0.00001483,0.00001518,0.00001535,0.00001544,0.00001549,0.00001551
2.400000,0.00000970,0.00001354,0.00001483,0.00001518,0.00001535,0.00001544,0.00001549,0.00001551
2.402000,0.00000970,0.00001354,0.00001484,0.00001518,0.00001535,0.00001544,0.00001549,0.00001551
2.404000,0.00000970,0.00001354,0.00001484,0.00001518,0.00001535,0.00001544,0.00001549,0.00001551
2.406000,0.00000970,0.00001354,0.00001484,0.00001518,0.00001535,0.00001544,0.00001549,0.00001551
2.408000,0.00000970,0.00001354,0.00001484,0.00001518,0.00001535,0.00001544,0.00001549,0.00001551
2.410000,0.00000970,0.00001355,0.00001484,0.00001518,0.00001536,0.00001544,0.00001549,0.00001551
2.412000,0.00000970,0.00001355,0.00001484,0.00001518,0.00001536,0.00001545,0.00001549,0.00001551
2.414000,0.00000970,0.00001355,0.00001484,0.00001519,0.00001536,0.00001545,0.00001550,0.00001552
2.416000,0.00000970,0.00001355,0.00001484,0.00001519,0.00001536,0.00001545,0.00001550,0.00001552
2.418000,0.00000970,0.00001355,0.00001484,0.00001519,0.00001536,0.00001545,0.00001550,0.00001552
2.420000,0.00000970,0.00001355,0.00001484,0.00001519,0.00001536,0.00001545,0.00001550,0.00001552
2.422000,0.00000970,0.00001355,0.00001484,0.00001519,0.00001536,0.00001545,0.00001550,0.00001552
2.424000,0.00000970,0.00001355,0.00001484,0.00001519,0.00001536,0.00001545,0.00001550,0.00001552
2.426000,0.00000971,0.00001355,0.00001485,0.00001519,0.00001536,0.00001545,0.00001550,0.00001552
2.428000,0.00000971,0.00001355,0.00001485,0.00001519,0.00001536,0.00001545,0.00001550,0.00001552
2.430000,0.00000971,0.00001355,0.00001485,0.00001519,0.00001536,0.00001545,0.00001550,0.00001552
2.432000,0.00000971,0.00001355,0.00001485,0.00001519,0.00001536,0.00001545,0.00001550,0.00001552
2.434000,0.00000971,0.00001355,0.00001485,0.00001519,0.00001537,0.00001545,0.00001550,0.00001552
2.436000,0.00000971,0.00001356,0.00001485,0.00001519,0.00001537,0.00001546,0.00001550,0.00001552
2.438000,0.00000971,0.00001356,0.00001485,0.00001520,0.00001537,0.00001546,0.00001551,0.00001553
2.440000,0.00000971,0.00001356,0.00001485,0.00001520,0.00001537,0.00001546,0.00001551,0.00001553
2.442000,0.00000971,0.00001356,0.00001485,0.00001520,0.00001537,0.00001546,0.00001551,0.00001553
2.444000,0.00000971,0.00001356,0.00001485,0.00001520,0.00001537,0.00001546,0.00001551,0.00001553
2.446000,0.00000971,0.00001356,0.00001485,0.00001520,0.00001537,0.00001546,0.00001551,0.00001553
2.448000,0.00000971,0.00001356,0.00001485,0.00001520,0.00001537,0.00001546,0.00001551,0.00001553
2.450000,0.00000971,0.00001356,0.00001486,0.00001520,0.00001537,0.00001546,0.00001551,0.00001553
2.452000,0.00000971,0.00001356,0.00001486,0.00001520,0.00001537,0.00001546,0.00001551,0.00001553
2.454000,0.00000971,0.00001356,0.00001486,0.00001520,0.00001537,0.00001546,0.00001551,0.00001553
2.456000,0.00000971,0.00001356,0.00001486,0.00001520,0.00001537,0.00001546,0.00001551,0.00001553
2.458000,0.00000971,0.00001356,0.00001486,0.00001520,0.00001538,0.00001546,0.00001551,0.00001553
2.460000,0.00000972,0.00001356,0.00001486,0.00001520,0.00001538,0.00001547,0.00001551,0.00001553
2.462000,0.00000972,0.00001357,0.00001486,0.00001521,0.00001538,0.00001547,0.00001552,0.00001554
2.464000,0.00000972,0.00001357,0.00001486,0.00001521,0.00001538,0.00001547,0.00001552,0.00001554
2.466000,0.00000972,0.00001357,0.00001486,0.00001521,0.00001538,0.00001547,0.00001552,0.00001554
2.468000,0.00000972,0.00001357,0.00001486,0.00001521,0.00001538,0.00001547,0.00001552,0.00001554
2.470000,0.00000972,0.00001357,0.00001486,0.00001521,0.00001538,0.00001547,0.00001552,0.00001554
2.472000,0.00000972,0.00001357,0.00001486,0.00001521,0.00001538,0.00001547,0.00001552,0.00001554
2.474000,0.00000972,0.00001357,0.00001487,0.00001521,0.00001538,0.00001547,0.00001552,0.00001554
2.476000,0.00000972,0.00001357,0.00001487,0.00001521,0.00001538,0.00001547,0.00001552,0.00001554
2.478000,0.00000972,0.00001357,0.00001487,0.00001521,0.00001538,0.00001547,0.00001552,0.00001554
2.480000,0.00000972,0.00001357,0.00001487,0.00001521,0.00001538,0.00001547,0.00001552,0.00001554
2.482000,0.00000972,0.00001357,0.00001487,0.00001521,0.00001539,0.00001547,0.00001552,0.00001554
2.484000,0.00000972,0.00001357,0.00001487,0.00001521,0.00001539,0.00001548,0.00001552,0.00001554
2.486000,0.00000972,0.00001357,0.00001487,0.00001522,0.00001539,0.00001548,0.00001553,0.00001555
2.488000,0.00000972,0.00001358,0.00001487,0.00001522,0.00001539,0.00001548,0.00001553,0.00001555
2.490000,0.00000972,0.00001358,0.00001487,0.00001522,0.00001539,0.00001548,0.00001553,0.00001555
2.492000,0.00000972,0.00001358,0.00001487,0.00001522,0.00001539,0.00001548,0.00001553,0.00001555
2.494000,0.00000973,0.00001358,0.00001487,0.00001522,0.00001539,0.00001548,0.00001553,0.00001555
2.496000,0.00000973,0.00001358,0.00001487,0.00001522,0.00001539,0.00001548,0.00001553,0.00001555
2.498000,0.00000973,0.00001358,0.00001488,0.00001522,0.00001539,0.00001548,0.00001553,0.00001555
2.500000,0.00000973,0.00001358,0.00001488,0.00001522,0.00001539,0.00001548,0.00001553,0.00001555
2.502000,0.00000973,0.00001358,0.00001488,0.00001522,0.00001539,0.00001548,0.00001553,0.00001555
2.504000,0.00000973,0.00001358,0.00001488,0.00001522,0.00001539,0.00001548,0.00001553,0.00001555
2.506000,0.00000973,0.00001358,0.00001488,0.00001522,0.00001540,0.00001548,0.00001553,0.00001555
2.508000,0.00000973,0.00001358,0.00001488,0.00001522,0.00001540,0.00001549,0.00001553,0.00001555
2.510000,0.00000973,0.00001358,0.00001488,0.00001523,0.00001540,0.00001549,0.00001554,0.00001556
2.512000,0.00000973,0.00001358,0.00001488,0.00001523,0.00001540,0.00001549,0.00001554,0.00001556
2.514000,0.00000973,0.00001359,0.00001488,0.00001523,0.00001540,0.00001549,0.00001554,0.00001556
2.516000,0.00000973,0.00001359,0.00001488,0.00001523,0.00001540,0.00001549,0.00001554,0.00001556
2.518000,0.00000973,0.00001359,0.00001488,0.00001523,0.00001540,0.00001549,0.00001554,0.00001556
2.520000,0.00000973,0.00001359,0.00001488,0.00001523,0.00001540,0.00001549,0.00001554,0.00001556
2.522000,0.00000973,0.00001359,0.00001489,0.00001523,0.00001540,0.00001549,0.00001554,0.00001556
2.524000,0.00000973,0.00001359,0.00001489,0.00001523,0.00001540,0.00001549,0.00001554,0.00001556
2.526000,0.00000973,0.00001359,0.00001489,0.00001523,0.00001540,0.00001549,0.00001554,0.00001556
2.528000,0.00000973,0.00001359,0.00001489,0.00001523,0.00001540,0.00001549,0.00001554,0.00001556
2.530000,0.00000974,0.00001359,0.00001489,0.00001523,0.00001541,0.00001549,0.00001554,0.00001556
2.532000,0.00000974,0.00001359,0.00001489,0.00001523,0.00001541,0.00001550,0.00001555,0.00001556
2.534000,0.00000974,0.00001359,0.00001489,0.00001524,0.00001541,0.00001550,0.00001555,0.00001557
2.536000,0.00000974,0.00001359,0.00001489,0.00001524,0.00001541,0.00001550,0.00001555,0.00001557
2.538000,0.00000974,0.00001359,0.00001489,0.00001524,0.00001541,0.00001550,0.00001555,0.00001557
2.540000,0.00000974,0.00001360,0.00001489,0.00001524,0.00001541,0.00001550,0.00001555,0.00001557
2.542000,0.00000974,0.00001360,0.00001489,0.00001524,0.00001541,0.00001550,0.00001555,0.00001557
2.544000,0.00000974,0.00001360,0.00001489,0.00001524,0.00001541,0.00001550,0.00001555,0.00001557
2.546000,0.00000974,0.00001360,0.00001489,0.00001524,0.00001541,0.00001550,0.00001555,0.00001557
2.548000,0.00000974,0.00001360,0.00001490,0.00001524,0.00001541,0.00001550,0.00001555,0.00001557
2.550000,0.00000974,0.00001360,0.00001490,0.00001524,0.00001541,0.00001550,0.00001555,0.00001557
2.552000,0.00000974,0.00001360,0.00001490,0.00001524,0.00001541,0.00001550,0.00001555,0.00001557
2.554000,0.00000974,0.00001360,0.00001490,0.00001524,0.00001542,0.00001551,0.00001555,0.00001557
2.556000,0.00000974,0.00001360,0.00001490,0.00001524,0.00001542,0.00001551,0.00001556,0.00001558
2.558000,0.00000974,0.00001360,0.00001490,0.00001525,0.00001542,0.00001551,0.00001556,0.00001558
2.560000,0.00000974,0.00001360,0.00001490,0.00001525,0.00001542,0.00001551,0.00001556,0.00001558
2.562000,0.00000974,0.00001360,0.00001490,0.00001525,0.00001542,0.00001551,0.00001556,0.00001558
2.564000,0.00000975,0.00001360,0.00001490,0.00001525,0.00001542,0.00001551,0.00001556,0.00001558
2.566000,0.00000975,0.00001361,0.00001490,0.00001525,0.00001542,0.00001551,0.00001556,0.00001558
2.568000,0.00000975,0.00001361,0.00001490,0.00001525,0.00001542,0.00001551,0.00001556,0.00001558
2.570000,0.00000975,0.00001361,0.00001490,0.00001525,0.00001542,0.00001551,0.00001556,0.00001558
2.572000,0.00000975,0.00001361,0.00001491,0.00001525,0.00001542,0.00001551,0.00001556,0.00001558
2.574000,0.00000975,0.00001361,0.00001491,0.00001525,0.00001542,0.00001551,0.00001556,0.00001558
2.576000,0.00000975,0.00001361,0.00001491,0.00001525,0.00001542,0.00001551,0.00001556,0.00001558
2.578000,0.00000975,0.00001361,0.00001491,0.00001525,0.00001543,0.00001552,0.00001556,0.00001558
2.580000,0.00000975,0.00001361,0.00001491,0.00001525,0.00001543,0.00001552,0.00001557,0.00001559
2.582000,0.00000975,0.00001361,0.00001491,0.00001526,0.00001543,0.00001552,0.00001557,0.00001559
2.584000,0.00000975,0.00001361,0.00001491,0.00001526,0.00001543,0.00001552,0.00001557,0.00001559
2.586000,0.00000975,0.00001361,0.00001491,0.00001526,0.00001543,0.00001552,0.00001557,0.00001559
2.588000,0.00000975,0.00001361,0.00001491,0.00001526,0.00001543,0.00001552,0.00001557,0.00001559
2.590000,0.00000975,0.00001361,0.00001491,0.00001526,0.00001543,0.00001552,0.00001557,0.00001559
2.592000,0.00000975,0.00001362,0.00001491,0.00001526,0.00001543,0.00001552,0.00001557,0.00001559
2.594000,0.00000975,0.00001362,0.00001491,0.00001526,0.00001543,0.00001552,0.00001557,0.00001559
2.596000,0.00000975,0.00001362,0.00001492,0.00001526,0.00001543,0.00001552,0.00001557,0.00001559
2.598000,0.00000975,0.00001362,0.00001492,0.00001526,0.00001543,0.00001552,0.00001557,0.00001559
2.600000,0.00000976,0.00001362,0.00001492,0.00001526,0.00001544,0.00001552,0.00001557,0.00001559
2.602000,0.00000976,0.00001362,0.00001492,0.00001526,0.00001544,0.00001553,0.00001557,0.00001559
2.604000,0.00000976,0.00001362,0.00001492,0.00001526,0.00001544,0.00001553,0.00001558,0.00001560
2.606000,0.00000976,0.00001362,0.00001492,0.00001527,0.00001544,0.00001553,0.00001558,0.00001560
2.608000,0.00000976,0.00001362,0.00001492,0.00001527,0.00001544,0.00001553,0.00001558,0.00001560
2.610000,0.00000976,0.00001362,0.00001492,0.00001527,0.00001544,0.00001553,0.00001558,0.00001560
2.612000,0.00000976,0.00001362,0.00001492,0.00001527,0.00001544,0.00001553,0.00001558,0.00001560
2.614000,0.00000976,0.00001362,0.00001492,0.00001527,0.00001544,0.00001553,0.00001558,0.00001560
2.616000,0.00000976,0.00001362,0.00001492,0.00001527,0.00001544,0.00001553,0.00001558,0.00001560
2.618000,0.00000976,0.00001363,0.00001492,0.00001527,0.00001544,0.00001553,0.00001558,0.00001560
2.620000,0.00000976,0.00001363,0.00001493,0.00001527,0.00001544,0.00001553,0.00001558,0.00001560
2.622000,0.00000976,0.00001363,0.00001493,0.00001527,0.00001544,0.00001553,0.00001558,0.00001560
2.624000,0.00000976,0.00001363,0.00001493,0.00001527,0.00001545,0.00001553,0.00001558,0.00001560
2.626000,0.00000976,0.00001363,0.00001493,0.00001527,0.00001545,0.00001554,0.00001558,0.00001560
2.628000,0.00000976,0.00001363,0.00001493,0.00001527,0.00001545,0.00001554,0.00001559,0.00001561
2.630000,0.00000976,0.00001363,0.00001493,0.00001528,0.00001545,0.00001554,0.00001559,0.00001561
2.632000,0.00000976,0.00001363,0.00001493,0.00001528,0.00001545,0.00001554,0.00001559,0.00001561
2.634000,0.00000977,0.00001363,0.00001493,0.00001528,0.00001545,0.00001554,0.00001559,0.00001561
2.636000,0.00000977,0.00001363,0.00001493,0.00001528,0.00001545,0.00001554,0.00001559,0.00001561
2.638000,0.00000977,0.00001363,0.00001493,0.00001528,0.00001545,0.00001554,0.00001559,0.00001561
2.640000,0.00000977,0.00001363,0.00001493,0.00001528,0.00001545,0.00001554,0.00001559,0.00001561
2.642000,0.00000977,0.00001363,0.00001493,0.00001528,0.00001545,0.00001554,0.00001559,0.00001561
2.644000,0.00000977,0.00001364,0.00001494,0.00001528,0.00001545,0.00001554,0.00001559,0.00001561
2.646000,0.00000977,0.00001364,0.00001494,0.00001528,0.00001545,0.00001554,0.00001559,0.00001561
2.648000,0.00000977,0.00001364,0.00001494,0.00001528,0.00001546,0.00001554,0.00001559,0.00001561
2.650000,0.00000977,0.00001364,0.00001494,0.00001528,0.00001546,0.00001555,0.00001559,0.00001561
2.652000,0.00000977,0.00001364,0.00001494,0.00001528,0.00001546,0.00001555,0.00001560,0.00001562
2.654000,0.00000977,0.00001364,0.00001494,0.00001529,0.00001546,0.00001555,0.00001560,0.00001562
2.656000,0.00000977,0.00001364,0.00001494,0.00001529,0.00001546,0.00001555,0.00001560,0.00001562
2.658000,0.00000977,0.00001364,0.00001494,0.00001529,0.00001546,0.00001555,0.00001560,0.00001562
2.660000,0.00000977,0.00001364,0.00001494,0.00001529,0.00001546,0.00001555,0.00001560,0.00001562
2.662000,0.00000977,0.00001364,0.00001494,0.00001529,0.00001546,0.00001555,0.00001560,0.00001562
2.664000,0.00000977,0.00001364,0.00001494,0.00001529,0.00001546,0.00001555,0.00001560,0.00001562
2.666000,0.00000977,0.00001364,0.00001494,0.00001529,0.00001546,0.00001555,0.00001560,0.00001562
2.668000,0.00000978,0.00001364,0.00001495,0.00001529,0.00001546,0.00001555,0.00001560,0.00001562
2.670000,0.00000978,0.00001365,0.00001495,0.00001529,0.00001546,0.00001555,0.00001560,0.00001562
2.672000,0.00000978,0.00001365,0.00001495,0.00001529,0.00001547,0.00001556,0.00001560,0.00001562
2.674000,0.00000978,0.00001365,0.00001495,0.00001529,0.00001547,0.00001556,0.00001561,0.00001563
2.676000,0.00000978,0.00001365,0.00001495,0.00001529,0.00001547,0.00001556,0.00001561,0.00001563
2.678000,0.00000978,0.00001365,0.00001495,0.00001530,0.00001547,0.00001556,0.00001561,0.00001563
2.680000,0.00000978,0.00001365,0.00001495,0.00001530,0.00001547,0.00001556,0.00001561,0.00001563
2.682000,0.00000978,0.00001365,0.00001495,0.00001530,0.00001547,0.00001556,0.00001561,0.00001563
2.684000,0.00000978,0.00001365,0.00001495,0.00001530,0.00001547,0.00001556,0.00001561,0.00001563
2.686000,0.00000978,0.00001365,0.00001495,0.00001530,0.00001547,0.00001556,0.00001561,0.00001563
2.688000,0.00000978,0.00001365,0.00001495,0.00001530,0.00001547,0.00001556,0.00001561,0.00001563
2.690000,0.00000978,0.00001365,0.00001495,0.00001530,0.00001547,0.00001556,0.00001561,0.00001563
2.692000,0.00000978,0.00001365,0.00001496,0.00001530,0.00001547,0.00001556,0.00001561,0.00001563
2.694000,0.00000978,0.00001365,0.00001496,0.00001530,0.00001547,0.00001556,0.00001561,0.00001563
2.696000,0.00000978,0.00001366,0.00001496,0.00001530,0.00001548,0.00001557,0.00001561,0.00001563
2.698000,0.00000978,0.00001366,0.00001496,0.00001530,0.00001548,0.00001557,0.00001562,0.00001564
2.700000,0.00000978,0.00001366,0.00001496,0.00001531,0.00001548,0.00001557,0.00001562,0.00001564
2.702000,0.00000978,0.00001366,0.00001496,0.00001531,0.00001548,0.00001557,0.00001562,0.00001564
2.704000,0.00000979,0.00001366,0.00001496,0.00001531,0.00001548,0.00001557,0.00001562,0.00001564
2.706000,0.00000979,0.00001366,0.00001496,0.00001531,0.00001548,0.00001557,0.00001562,0.00001564
2.708000,0.00000979,0.00001366,0.00001496,0.00001531,0.00001548,0.00001557,0.00001562,0.00001564
2.710000,0.00000979,0.00001366,0.00001496,0.00001531,0.00001548,0.00001557,0.00001562,0.00001564
2.712000,0.00000979,0.00001366,0.00001496,0.00001531,0.00001548,0.00001557,0.00001562,0.00001564
2.714000,0.00000979,0.00001366,0.00001496,0.00001531,0.00001548,0.00001557,0.00001562,0.00001564
2.716000,0.00000979,0.00001366,0.00001497,0.00001531,0.00001548,0.00001557,0.00001562,0.00001564
2.718000,0.00000979,0.00001366,0.00001497,0.00001531,0.00001549,0.00001557,0.00001562,0.00001564
2.720000,0.00000979,0.00001366,0.00001497,0.00001531,0.00001549,0.00001558,0.00001562,0.00001564
2.722000,0.00000979,0.00001367,0.00001497,0.00001531,0.00001549,0.00001558,0.00001563,0.00001565
2.724000,0.00000979,0.00001367,0.00001497,0.00001532,0.00001549,0.00001558,0.00001563,0.00001565
2.726000,0.00000979,0.00001367,0.00001497,0.00001532,0.00001549,0.00001558,0.00001563,0.00001565
2.728000,0.00000979,0.00001367,0.00001497,0.00001532,0.00001549,0.00001558,0.00001563,0.00001565
2.730000,0.00000979,0.00001367,0.00001497,0.00001532,0.00001549,0.00001558,0.00001563,0.00001565
2.732000,0.00000979,0.00001367,0.00001497,0.00001532,0.00001549,0.00001558,0.00001563,0.00001565
2.734000,0.00000979,0.00001367,0.00001497,0.00001532,0.00001549,0.00001558,0.00001563,0.00001565
2.736000,0.00000979,0.00001367,0.00001497,0.00001532,0.00001549,0.00001558,0.00001563,0.00001565
2.738000,0.00000980,0.00001367,0.00001497,0.00001532,0.00001549,0.00001558,0.00001563,0.00001565
2.740000,0.00000980,0.00001367,0.00001498,0.00001532,0.00001549,0.00001558,0.00001563,0.00001565
2.742000,0.00000980,0.00001367,0.00001498,0.00001532,0.00001550,0.00001558,0.00001563,0.00001565
2.744000,0.00000980,0.00001367,0.00001498,0.00001532,0.00001550,0.00001559,0.00001563,0.00001565
2.746000,0.00000980,0.00001367,0.00001498,0.00001532,0.00001550,0.00001559,0.00001564,0.00001566
2.748000,0.00000980,0.00001368,0.00001498,0.00001533,0.00001550,0.00001559,0.00001564,0.00001566
2.750000,0.00000980,0.00001368,0.00001498,0.00001533,0.00001550,0.00001559,0.00001564,0.00001566
2.752000,0.00000980,0.00001368,0.00001498,0.00001533,0.00001550,0.00001559,0.00001564,0.00001566
2.754000,0.00000980,0.00001368,0.00001498,0.00001533,0.00001550,0.00001559,0.00001564,0.00001566
2.756000,0.00000980,0.00001368,0.00001498,0.00001533,0.00001550,0.00001559,0.00001564,0.00001566
2.758000,0.00000980,0.00001368,0.00001498,0.00001533,0.00001550,0.00001559,0.00001564,0.00001566
2.760000,0.00000980,0.00001368,0.00001498,0.00001533,0.00001550,0.00001559,0.00001564,0.00001566
2.762000,0.00000980,0.00001368,0.00001498,0.00001533,0.00001550,0.00001559,0.00001564,0.00001566
2.764000,0.00000980,0.00001368,0.00001499,0.00001533,0.00001550,0.00001559,0.00001564,0.00001566
2.766000,0.00000980,0.00001368,0.00001499,0.00001533,0.00001551,0.00001560,0.00001564,0.00001566
2.768000,0.00000980,0.00001368,0.00001499,0.00001533,0.00001551,0.00001560,0.00001565,0.00001567
2.770000,0.00000980,0.00001368,0.00001499,0.00001533,0.00001551,0.00001560,0.00001565,0.00001567
2.772000,0.00000981,0.00001368,0.00001499,0.00001534,0.00001551,0.00001560,0.00001565,0.00001567
2.774000,0.00000981,0.00001369,0.00001499,0.00001534,0.00001551,0.00001560,0.00001565,0.00001567
2.776000,0.00000981,0.00001369,0.00001499,0.00001534,0.00001551,0.00001560,0.00001565,0.00001567
2.778000,0.00000981,0.00001369,0.00001499,0.00001534,0.00001551,0.00001560,0.00001565,0.00001567
2.780000,0.00000981,0.00001369,0.00001499,0.00001534,0.00001551,0.00001560,0.00001565,0.00001567
2.782000,0.00000981,0.00001369,0.00001499,0.00001534,0.00001551,0.00001560,0.00001565,0.00001567
2.784000,0.00000981,0.00001369,0.00001499,0.00001534,0.00001551,0.00001560,0.00001565,0.00001567
2.786000,0.00000981,0.00001369,0.00001499,0.00001534,0.00001551,0.00001560,0.00001565,0.00001567
2.788000,0.00000981,0.00001369,0.00001500,0.00001534,0.00001551,0.00001560,0.00001565,0.00001567
2.790000,0.00000981,0.00001369,0.00001500,0.00001534,0.00001552,0.00001561,0.00001565,0.00001567
2.792000,0.00000981,0.00001369,0.00001500,0.00001534,0.00001552,0.00001561,0.00001566,0.00001568
2.794000,0.00000981,0.00001369,0.00001500,0.00001534,0.00001552,0.00001561,0.00001566,0.00001568
2.796000,0.00000981,0.00001369,0.00001500,0.00001535,0.00001552,0.00001561,0.00001566,0.00001568
2.798000,0.00000981,0.00001369,0.00001500,0.00001535,0.00001552,0.00001561,0.00001566,0.00001568
2.800000,0.00000981,0.00001370,0.00001500,0.00001535,0.00001552,0.00001561,0.00001566,0.00001568
2.802000,0.00000981,0.00001370,0.00001500,0.00001535,0.00001552,0.00001561,0.00001566,0.00001568
2.804000,0.00000981,0.00001370,0.00001500,0.00001535,0.00001552,0.00001561,0.00001566,0.00001568
2.806000,0.00000982,0.00001370,0.00001500,0.00001535,0.00001552,0.00001561,0.00001566,0.00001568
2.808000,0.00000982,0.00001370,0.00001500,0.00001535,0.00001552,0.00001561,0.00001566,0.00001568
2.810000,0.00000982,0.00001370,0.00001500,0.00001535,0.00001552,0.00001561,0.00001566,0.00001568
2.812000,0.00000982,0.00001370,0.00001501,0.00001535,0.00001553,0.00001561,0.00001566,0.00001568
2.814000,0.00000982,0.00001370,0.00001501,0.00001535,0.00001553,0.00001562,0.00001566,0.00001568
2.816000,0.00000982,0.00001370,0.00001501,0.00001535,0.00001553,0.00001562,0.00001567,0.00001569
2.818000,0.00000982,0.00001370,0.00001501,0.00001535,0.00001553,0.00001562,0.00001567,0.00001569
2.820000,0.00000982,0.00001370,0.00001501,0.00001536,0.00001553,0.00001562,0.00001567,0.00001569
2.822000,0.00000982,0.00001370,0.00001501,0.00001536,0.00001553,0.00001562,0.00001567,0.00001569
2.824000,0.00000982,0.00001370,0.00001501,0.00001536,0.00001553,0.00001562,0.00001567,0.00001569
2.826000,0.00000982,0.00001371,0.00001501,0.00001536,0.00001553,0.00001562,0.00001567,0.00001569
2.828000,0.00000982,0.00001371,0.00001501,0.00001536,0.00001553,0.00001562,0.00001567,0.00001569
2.830000,0.00000982,0.00001371,0.00001501,0.00001536,0.00001553,0.00001562,0.00001567,0.00001569
2.832000,0.00000982,0.00001371,0.00001501,0.00001536,0.00001553,0.00001562,0.00001567,0.00001569
2.834000,0.00000982,0.00001371,0.00001501,0.00001536,0.00001553,0.00001562,0.00001567,0.00001569
2.836000,0.00000982,0.00001371,0.00001502,0.00001536,0.00001554,0.00001563,0.00001567,0.00001569
2.838000,0.00000982,0.00001371,0.00001502,0.00001536,0.00001554,0.00001563,0.00001568,0.00001570
2.840000,0.00000983,0.00001371,0.00001502,0.00001536,0.00001554,0.00001563,0.00001568,0.00001570
2.842000,0.00000983,0.00001371,0.00001502,0.00001536,0.00001554,0.00001563,0.00001568,0.00001570
2.844000,0.00000983,0.00001371,0.00001502,0.00001537,0.00001554,0.00001563,0.00001568,0.00001570
2.846000,0.00000983,0.00001371,0.00001502,0.00001537,0.00001554,0.00001563,0.00001568,0.00001570
2.848000,0.00000983,0.00001371,0.00001502,0.00001537,0.00001554,0.00001563,0.00001568,0.00001570
2.850000,0.00000983,0.00001372,0.00001502,0.00001537,0.00001554,0.00001563,0.00001568,0.00001570
2.852000,0.00000983,0.00001372,0.00001502,0.00001537,0.00001554,0.00001563,0.00001568,0.00001570
2.854000,0.00000983,0.00001372,0.00001502,0.00001537,0.00001554,0.00001563,0.00001568,0.00001570
2.856000,0.00000983,0.00001372,0.00001502,0.00001537,0.00001554,0.00001563,0.00001568,0.00001570
2.858000,0.00000983,0.00001372,0.00001502,0.00001537,0.00001554,0.00001563,0.00001568,0.00001570
2.860000,0.00000983,0.00001372,0.00001503,0.00001537,0.00001555,0.00001564,0.00001568,0.00001570
2.862000,0.00000983,0.00001372,0.00001503,0.00001537,0.00001555,0.00001564,0.00001569,0.00001571
2.864000,0.00000983,0.00001372,0.00001503,0.00001537,0.00001555,0.00001564,0.00001569,0.00001571
2.866000,0.00000983,0.00001372,0.00001503,0.00001538,0.00001555,0.00001564,0.00001569,0.00001571
2.868000,0.00000983,0.00001372,0.00001503,0.00001538,0.00001555,0.00001564,0.00001569,0.00001571
2.870000,0.00000983,0.00001372,0.00001503,0.00001538,0.00001555,0.00001564,0.00001569,0.00001571
2.872000,0.00000983,0.00001372,0.00001503,0.00001538,0.00001555,0.00001564,0.00001569,0.00001571
2.874000,0.00000983,0.00001372,0.00001503,0.00001538,0.00001555,0.00001564,0.00001569,0.00001571
2.876000,0.00000984,0.00001373,0.00001503,0.00001538,0.00001555,0.00001564,0.00001569,0.00001571
2.878000,0.00000984,0.00001373,0.00001503,0.00001538,0.00001555,0.00001564,0.00001569,0.00001571
2.880000,0.00000984,0.00001373,0.00001503,0.00001538,0.00001555,0.00001564,0.00001569,0.00001571
2.882000,0.00000984,0.00001373,0.00001503,0.00001538,0.00001555,0.00001564,0.00001569,0.00001571
2.884000,0.00000984,0.00001373,0.00001504,0.00001538,0.00001556,0.00001565,0.00001569,0.00001571
2.886000,0.00000984,0.00001373,0.00001504,0.00001538,0.00001556,0.00001565,0.00001570,0.00001572
2.888000,0.00000984,0.00001373,0.00001504,0.00001538,0.00001556,0.00001565,0.00001570,0.00001572
2.890000,0.00000984,0.00001373,0.00001504,0.00001539,0.00001556,0.00001565,0.00001570,0.00001572
2.892000,0.00000984,0.00001373,0.00001504,0.00001539,0.00001556,0.00001565,0.00001570,0.00001572
2.894000,0.00000984,0.00001373,0.00001504,0.00001539,0.00001556,0.00001565,0.00001570,0.00001572
2.896000,0.00000984,0.00001373,0.00001504,0.00001539,0.00001556,0.00001565,0.00001570,0.00001572
2.898000,0.00000984,0.00001373,0.00001504,0.00001539,0.00001556,0.00001565,0.00001570,0.00001572
2.900000,0.00000984,0.00001373,0.00001504,0.00001539,0.00001556,0.00001565,0.00001570,0.00001572
2.902000,0.00000984,0.00001374,0.00001504,0.00001539,0.00001556,0.00001565,0.00001570,0.00001572
2.904000,0.00000984,0.00001374,0.00001504,0.00001539,0.00001556,0.00001565,0.00001570,0.00001572
2.906000,0.00000984,0.00001374,0.00001504,0.00001539,0.00001557,0.00001565,0.00001570,0.00001572
2.908000,0.00000984,0.00001374,0.00001505,0.00001539,0.00001557,0.00001566,0.00001571,0.00001573
2.910000,0.00000985,0.00001374,0.00001505,0.00001539,0.00001557,0.00001566,0.00001571,0.00001573
2.912000,0.00000985,0.00001374,0.00001505,0.00001539,0.00001557,0.00001566,0.00001571,0.00001573
2.914000,0.00000985,0.00001374,0.00001505,0.00001540,0.00001557,0.00001566,0.00001571,0.00001573
2.916000,0.00000985,0.00001374,0.00001505,0.00001540,0.00001557,0.00001566,0.00001571,0.00001573
2.918000,0.00000985,0.00001374,0.00001505,0.00001540,0.00001557,0.00001566,0.00001571,0.00001573
2.920000,0.00000985,0.00001374,0.00001505,0.00001540,0.00001557,0.00001566,0.00001571,0.00001573
2.922000,0.00000985,0.00001374,0.00001505,0.00001540,0.00001557,0.00001566,0.00001571,0.00001573
2.924000,0.00000985,0.00001374,0.00001505,0.00001540,0.00001557,0.00001566,0.00001571,0.00001573
2.926000,0.00000985,0.00001374,0.00001505,0.00001540,0.00001557,0.00001566,0.00001571,0.00001573
2.928000,0.00000985,0.00001375,0.00001505,0.00001540,0.00001557,0.00001566,0.00001571,0.00001573
2.930000,0.00000985,0.00001375,0.00001505,0.00001540,0.00001558,0.00001567,0.00001571,0.00001573
2.932000,0.00000985,0.00001375,0.00001506,0.00001540,0.00001558,0.00001567,0.00001572,0.00001574
2.934000,0.00000985,0.00001375,0.00001506,0.00001540,0.00001558,0.00001567,0.00001572,0.00001574
2.936000,0.00000985,0.00001375,0.00001506,0.00001540,0.00001558,0.00001567,0.00001572,0.00001574
2.938000,0.00000985,0.00001375,0.00001506,0.00001541,0.00001558,0.00001567,0.00001572,0.00001574
2.940000,0.00000985,0.00001375,0.00001506,0.00001541,0.00001558,0.00001567,0.00001572,0.00001574
2.942000,0.00000985,0.00001375,0.00001506,0.00001541,0.00001558,0.00001567,0.00001572,0.00001574
2.944000,0.00000986,0.00001375,0.00001506,0.00001541,0.00001558,0.00001567,0.00001572,0.00001574
2.946000,0.00000986,0.00001375,0.00001506,0.00001541,0.00001558,0.00001567,0.00001572,0.00001574
2.948000,0.00000986,0.00001375,0.00001506,0.00001541,0.00001558,0.00001567,0.00001572,0.00001574
2.950000,0.00000986,0.00001375,0.00001506,0.00001541,0.00001558,0.00001567,0.00001572,0.00001574
2.952000,0.00000986,0.00001375,0.00001506,0.00001541,0.00001558,0.00001567,0.00001572,0.00001574
2.954000,0.00000986,0.00001376,0.00001506,0.00001541,0.00001559,0.00001568,0.00001572,0.00001574
2.956000,0.00000986,0.00001376,0.00001507,0.00001541,0.00001559,0.00001568,0.00001573,0.00001575
2.958000,0.00000986,0.00001376,0.00001507,0.00001541,0.00001559,0.00001568,0.00001573,0.00001575
2.960000,0.00000986,0.00001376,0.00001507,0.00001542,0.00001559,0.00001568,0.00001573,0.00001575
2.962000,0.00000986,0.00001376,0.00001507,0.00001542,0.00001559,0.00001568,0.00001573,0.00001575
2.964000,0.00000986,0.00001376,0.00001507,0.00001542,0.00001559,0.00001568,0.00001573,0.00001575
2.966000,0.00000986,0.00001376,0.00001507,0.00001542,0.00001559,0.00001568,0.00001573,0.00001575
2.968000,0.00000986,0.00001376,0.00001507,0.00001542,0.00001559,0.00001568,0.00001573,0.00001575
2.970000,0.00000986,0.00001376,0.00001507,0.00001542,0.00001559,0.00001568,0.00001573,0.00001575
2.972000,0.00000986,0.00001376,0.00001507,0.00001542,0.00001559,0.00001568,0.00001573,0.00001575
2.974000,0.00000986,0.00001376,0.00001507,0.00001542,0.00001559,0.00001568,0.00001573,0.00001575
2.976000,0.00000986,0.00001376,0.00001507,0.00001542,0.00001560,0.00001568,0.00001573,0.00001575
2.978000,0.00000987,0.00001376,0.00001507,0.00001542,0.00001560,0.00001569,0.00001574,0.00001576
2.980000,0.00000987,0.00001377,0.00001508,0.00001542,0.00001560,0.00001569,0.00001574,0.00001576
2.982000,0.00000987,0.00001377,0.00001508,0.00001542,0.00001560,0.00001569,0.00001574,0.00001576
2.984000,0.00000987,0.00001377,0.00001508,0.00001543,0.00001560,0.00001569,0.00001574,0.00001576
2.986000,0.00000987,0.00001377,0.00001508,0.00001543,0.00001560,0.00001569,0.00001574,0.00001576
2.988000,0.00000987,0.00001377,0.00001508,0.00001543,0.00001560,0.00001569,0.00001574,0.00001576
2.990000,0.00000987,0.00001377,0.00001508,0.00001543,0.00001560,0.00001569,0.00001574,0.00001576
2.992000,0.00000987,0.00001377,0.00001508,0.00001543,0.00001560,0.00001569,0.00001574,0.00001576
2.994000,0.00000987,0.00001377,0.00001508,0.00001543,0.00001560,0.00001569,0.00001574,0.00001576
2.996000,0.00000987,0.00001377,0.00001508,0.00001543,0.00001560,0.00001569,0.00001574,0.00001576
2.998000,0.00000987,0.00001377,0.00001508,0.00001543,0.00001560,0.00001569,0.00001574,0.00001576
3.000000,0.00000987,0.00001377,0.00001508,0.00001543,0.00001561,0.00001570,0.00001574,0.00001576
3.002000,0.00000987,0.00001377,0.00001508,0.00001543,0.00001561,0.00001570,0.00001575,0.00001577
3.004000,0.00000987,0.00001378,0.00001509,0.00001543,0.00001561,0.00001570,0.00001575,0.00001577
3.006000,0.00000987,0.00001378,0.00001509,0.00001543,0.00001561,0.00001570,0.00001575,0.00001577
3.008000,0.00000987,0.00001378,0.00001509,0.00001544,0.00001561,0.00001570,0.00001575,0.00001577
3.010000,0.00000987,0.00001378,0.00001509,0.00001544,0.00001561,0.00001570,0.00001575,0.00001577
3.012000,0.00000988,0.00001378,0.00001509,0.00001544,0.00001561,0.00001570,0.00001575,0.00001577
3.014000,0.00000988,0.00001378,0.00001509,0.00001544,0.00001561,0.00001570,0.00001575,0.00001577
3.016000,0.00000988,0.00001378,0.00001509,0.00001544,0.00001561,0.00001570,0.00001575,0.00001577
3.018000,0.00000988,0.00001378,0.00001509,0.00001544,0.00001561,0.00001570,0.00001575,0.00001577
3.020000,0.00000988,0.00001378,0.00001509,0.00001544,0.00001561,0.00001570,0.00001575,0.00001577
3.022000,0.00000988,0.00001378,0.00001509,0.00001544,0.00001561,0.00001570,0.00001575,0.00001577
3.024000,0.00000988,0.00001378,0.00001509,0.00001544,0.00001562,0.00001571,0.00001576,0.00001578
3.026000,0.00000988,0.00001378,0.00001509,0.00001544,0.00001562,0.00001571,0.00001576,0.00001578
3.028000,0.00000988,0.00001378,0.00001510,0.00001544,0.00001562,0.00001571,0.00001576,0.00001578
3.030000,0.00000988,0.00001379,0.00001510,0.00001544,0.00001562,0.00001571,0.00001576,0.00001578
3.032000,0.00000988,0.00001379,0.00001510,0.00001545,0.00001562,0.00001571,0.00001576,0.00001578
3.034000,0.00000988,0.00001379,0.00001510,0.00001545,0.00001562,0.00001571,0.00001576,0.00001578
3.036000,0.00000988,0.00001379,0.00001510,0.00001545,0.00001562,0.00001571,0.00001576,0.00001578
3.038000,0.00000988,0.00001379,0.00001510,0.00001545,0.00001562,0.00001571,0.00001576,0.00001578
3.040000,0.00000988,0.00001379,0.00001510,0.00001545,0.00001562,0.00001571,0.00001576,0.00001578
3.042000,0.00000988,0.00001379,0.00001510,0.00001545,0.00001562,0.00001571,0.00001576,0.00001578
3.044000,0.00000988,0.00001379,0.00001510,0.00001545,0.00001562,0.00001571,0.00001576,0.00001578
3.046000,0.00000989,0.00001379,0.00001510,0.00001545,0.00001563,0.00001572,0.00001576,0.00001578
3.048000,0.00000989,0.00001379,0.00001510,0.00001545,0.00001563,0.00001572,0.00001577,0.00001579
3.050000,0.00000989,0.00001379,0.00001510,0.00001545,0.00001563,0.00001572,0.00001577,0.00001579
3.052000,0.00000989,0.00001379,0.00001511,0.00001545,0.00001563,0.00001572,0.00001577,0.00001579
3.054000,0.00000989,0.00001379,0.00001511,0.00001546,0.00001563,0.00001572,0.00001577,0.00001579
3.056000,0.00000989,0.00001380,0.00001511,0.00001546,0.00001563,0.00001572,0.00001577,0.00001579
3.058000,0.00000989,0.00001380,0.00001511,0.00001546,0.00001563,0.00001572,0.00001577,0.00001579
3.060000,0.00000989,0.00001380,0.00001511,0.00001546,0.00001563,0.00001572,0.00001577,0.00001579
3.062000,0.00000989,0.00001380,0.00001511,0.00001546,0.00001563,0.00001572,0.00001577,0.00001579
3.064000,0.00000989,0.00001380,0.00001511,0.00001546,0.00001563,0.00001572,0.00001577,0.00001579
3.066000,0.00000989,0.00001380,0.00001511,0.00001546,0.00001563,0.00001572,0.00001577,0.00001579
3.068000,0.00000989,0.00001380,0.00001511,0.00001546,0.00001563,0.00001572,0.00001577,0.00001579
3.070000,0.00000989,0.00001380,0.00001511,0.00001546,0.00001564,0.00001573,0.00001578,0.00001580
3.072000,0.00000989,0.00001380,0.00001511,0.00001546,0.00001564,0.00001573,0.00001578,0.00001580
3.074000,0.00000989,0.00001380,0.00001512,0.00001546,0.00001564,0.00001573,0.00001578,0.00001580
3.076000,0.00000989,0.00001380,0.00001512,0.00001546,0.00001564,0.00001573,0.00001578,0.00001580
3.078000,0.00000989,0.00001380,0.00001512,0.00001547,0.00001564,0.00001573,0.00001578,0.00001580
3.080000,0.00000990,0.00001380,0.00001512,0.00001547,0.00001564,0.00001573,0.00001578,0.00001580
3.082000,0.00000990,0.00001381,0.00001512,0.00001547,0.00001564,0.00001573,0.00001578,0.00001580
3.084000,0.00000990,0.00001381,0.00001512,0.00001547,0.00001564,0.00001573,0.00001578,0.00001580
3.086000,0.00000990,0.00001381,0.00001512,0.00001547,0.00001564,0.00001573,0.00001578,0.00001580
3.088000,0.00000990,0.00001381,0.00001512,0.00001547,0.00001564,0.00001573,0.00001578,0.00001580
3.090000,0.00000990,0.00001381,0.00001512,0.00001547,0.00001564,0.00001573,0.00001578,0.00001580
3.092000,0.00000990,0.00001381,0.00001512,0.00001547,0.00001565,0.00001574,0.00001578,0.00001580
3.094000,0.00000990,0.00001381,0.00001512,0.00001547,0.00001565,0.00001574,0.00001579,0.00001581
3.096000,0.00000990,0.00001381,0.00001512,0.00001547,0.00001565,0.00001574,0.00001579,0.00001581
3.098000,0.00000990,0.00001381,0.00001513,0.00001547,0.00001565,0.00001574,0.00001579,0.00001581
3.100000,0.00000990,0.00001381,0.00001513,0.00001548,0.00001565,0.00001574,0.00001579,0.00001581
3.102000,0.00000990,0.00001381,0.00001513,0.00001548,0.00001565,0.00001574,0.00001579,0.00001581
3.104000,0.00000990,0.00001381,0.00001513,0.00001548,0.00001565,0.00001574,0.00001579,0.00001581
3.106000,0.00000990,0.00001382,0.00001513,0.00001548,0.00001565,0.00001574,0.00001579,0.00001581
3.108000,0.00000990,0.00001382,0.00001513,0.00001548,0.00001565,0.00001574,0.00001579,0.00001581
3.110000,0.00000990,0.00001382,0.00001513,0.00001548,0.00001565,0.00001574,0.00001579,0.00001581
3.112000,0.00000990,0.00001382,0.00001513,0.00001548,0.00001565,0.00001574,0.00001579,0.00001581
3.114000,0.00000991,0.00001382,0.00001513,0.00001548,0.00001565,0.00001574,0.00001579,0.00001581
3.116000,0.00000991,0.00001382,0.00001513,0.00001548,0.00001566,0.00001575,0.00001579,0.00001581
3.118000,0.00000991,0.00001382,0.00001513,0.00001548,0.00001566,0.00001575,0.00001580,0.00001582
3.120000,0.00000991,0.00001382,0.00001513,0.00001548,0.00001566,0.00001575,0.00001580,0.00001582
3.122000,0.00000991,0.00001382,0.00001514,0.00001548,0.00001566,0.00001575,0.00001580,0.00001582
3.124000,0.00000991,0.00001382,0.00001514,0.00001549,0.00001566,0.00001575,0.00001580,0.00001582
3.126000,0.00000991,0.00001382,0.00001514,0.00001549,0.00001566,0.00001575,0.00001580,0.00001582
3.128000,0.00000991,0.00001382,0.00001514,0.00001549,0.00001566,0.00001575,0.00001580,0.00001582
3.130000,0.00000991,0.00001382,0.00001514,0.00001549,0.00001566,0.00001575,0.00001580,0.00001582
3.132000,0.00000991,0.00001383,0.00001514,0.00001549,0.00001566,0.00001575,0.00001580,0.00001582
3.134000,0.00000991,0.00001383,0.00001514,0.00001549,0.00001566,0.00001575,0.00001580,0.00001582
3.136000,0.00000991,0.00001383,0.00001514,0.00001549,0.00001566,0.00001575,0.00001580,0.00001582
3.138000,0.00000991,0.00001383,0.00001514,0.00001549,0.00001566,0.00001576,0.00001580,0.00001582
3.140000,0.00000991,0.00001383,0.00001514,0.00001549,0.00001567,0.00001576,0.00001581,0.00001583
3.142000,0.00000991,0.00001383,0.00001514,0.00001549,0.00001567,0.00001576,0.00001581,0.00001583
3.144000,0.00000991,0.00001383,0.00001514,0.00001549,0.00001567,0.00001576,0.00001581,0.00001583
3.146000,0.00000991,0.00001383,0.00001515,0.00001549,0.00001567,0.00001576,0.00001581,0.00001583
3.148000,0.00000992,0.00001383,0.00001515,0.00001550,0.00001567,0.00001576,0.00001581,0.00001583
3.150000,0.00000992,0.00001383,0.00001515,0.00001550,0.00001567,0.00001576,0.00001581,0.00001583
3.152000,0.00000992,0.00001383,0.00001515,0.00001550,0.00001567,0.00001576,0.00001581,0.00001583
3.154000,0.00000992,0.00001383,0.00001515,0.00001550,0.00001567,0.00001576,0.00001581,0.00001583
3.156000,0.00000992,0.00001383,0.00001515,0.00001550,0.00001567,0.00001576,0.00001581,0.00001583
3.158000,0.00000992,0.00001384,0.00001515,0.00001550,0.00001567,0.00001576,0.00001581,0.00001583
3.160000,0.00000992,0.00001384,0.00001515,0.00001550,0.00001567,0.00001576,0.00001581,0.00001583
3.162000,0.00000992,0.00001384,0.00001515,0.00001550,0.00001568,0.00001577,0.00001581,0.00001583
3.164000,0.00000992,0.00001384,0.00001515,0.00001550,0.00001568,0.00001577,0.00001582,0.00001584
3.166000,0.00000992,0.00001384,0.00001515,0.00001550,0.00001568,0.00001577,0.00001582,0.00001584
3.168000,0.00000992,0.00001384,0.00001515,0.00001550,0.00001568,0.00001577,0.00001582,0.00001584
3.170000,0.00000992,0.00001384,0.00001516,0.00001551,0.00001568,0.00001577,0.00001582,0.00001584
3.172000,0.00000992,0.00001384,0.00001516,0.00001551,0.00001568,0.00001577,0.00001582,0.00001584
3.174000,0.00000992,0.00001384,0.00001516,0.00001551,0.00001568,0.00001577,0.00001582,0.00001584
3.176000,0.00000992,0.00001384,0.00001516,0.00001551,0.00001568,0.00001577,0.00001582,0.00001584
3.178000,0.00000992,0.00001384,0.00001516,0.00001551,0.00001568,0.00001577,0.00001582,0.00001584
3.180000,0.00000992,0.00001384,0.00001516,0.00001551,0.00001568,0.00001577,0.00001582,0.00001584
3.182000,0.00000993,0.00001385,0.00001516,0.00001551,0.00001568,0.00001577,0.00001582,0.00001584
3.184000,0.00000993,0.00001385,0.00001516,0.00001551,0.00001568,0.00001577,0.00001582,0.00001584
3.186000,0.00000993,0.00001385,0.00001516,0.00001551,0.00001569,0.00001578,0.00001583,0.00001585
3.188000,0.00000993,0.00001385,0.00001516,0.00001551,0.00001569,0.00001578,0.00001583,0.00001585
3.190000,0.00000993,0.00001385,0.00001516,0.00001551,0.00001569,0.00001578,0.00001583,0.00001585
3.192000,0.00000993,0.00001385,0.00001516,0.00001551,0.00001569,0.00001578,0.00001583,0.00001585
3.194000,0.00000993,0.00001385,0.00001517,0.00001552,0.00001569,0.00001578,0.00001583,0.00001585
3.196000,0.00000993,0.00001385,0.00001517,0.00001552,0.00001569,0.00001578,0.00001583,0.00001585
3.198000,0.00000993,0.00001385,0.00001517,0.00001552,0.00001569,0.00001578,0.00001583,0.00001585
3.200000,0.00000993,0.00001385,0.00001517,0.00001552,0.00001569,0.00001578,0.00001583,0.00001585
3.202000,0.00000993,0.00001385,0.00001517,0.00001552,0.00001569,0.00001578,0.00001583,0.00001585
3.204000,0.00000993,0.00001385,0.00001517,0.00001552,0.00001569,0.00001578,0.00001583,0.00001585
3.206000,0.00000993,0.00001385,0.00001517,0.00001552,0.00001569,0.00001578,0.00001583,0.00001585
3.208000,0.00000993,0.00001386,0.00001517,0.00001552,0.00001570,0.00001579,0.00001583,0.00001585
3.210000,0.00000993,0.00001386,0.00001517,0.00001552,0.00001570,0.00001579,0.00001584,0.00001586
3.212000,0.00000993,0.00001386,0.00001517,0.00001552,0.00001570,0.00001579,0.00001584,0.00001586
3.214000,0.00000993,0.00001386,0.00001517,0.00001552,0.00001570,0.00001579,0.00001584,0.00001586
3.216000,0.00000994,0.00001386,0.00001518,0.00001552,0.00001570,0.00001579,0.00001584,0.00001586
3.218000,0.00000994,0.00001386,0.00001518,0.00001553,0.00001570,0.00001579,0.00001584,0.00001586
3.220000,0.00000994,0.00001386,0.00001518,0.00001553,0.00001570,0.00001579,0.00001584,0.00001586
3.222000,0.00000994,0.00001386,0.00001518,0.00001553,0.00001570,0.00001579,0.00001584,0.00001586
3.224000,0.00000994,0.00001386,0.00001518,0.00001553,0.00001570,0.00001579,0.00001584,0.00001586
3.226000,0.00000994,0.00001386,0.00001518,0.00001553,0.00001570,0.00001579,0.00001584,0.00001586
3.228000,0.00000994,0.00001386,0.00001518,0.00001553,0.00001570,0.00001579,0.00001584,0.00001586
3.230000,0.00000994,0.00001386,0.00001518,0.00001553,0.00001570,0.00001579,0.00001584,0.00001586
3.232000,0.00000994,0.00001386,0.00001518,0.00001553,0.00001571,0.00001580,0.00001585,0.00001587
3.234000,0.00000994,0.00001387,0.00001518,0.00001553,0.00001571,0.00001580,0.00001585,0.00001587
3.236000,0.00000994,0.00001387,0.00001518,0.00001553,0.00001571,0.00001580,0.00001585,0.00001587
3.238000,0.00000994,0.00001387,0.00001518,0.00001553,0.00001571,0.00001580,0.00001585,0.00001587
3.240000,0.00000994,0.00001387,0.00001519,0.00001554,0.00001571,0.00001580,0.00001585,0.00001587
3.242000,0.00000994,0.00001387,0.00001519,0.00001554,0.00001571,0.00001580,0.00001585,0.00001587
3.244000,0.00000994,0.00001387,0.00001519,0.00001554,0.00001571,0.00001580,0.00001585,0.00001587
3.246000,0.00000994,0.00001387,0.00001519,0.00001554,0.00001571,0.00001580,0.00001585,0.00001587
3.248000,0.00000995,0.00001387,0.00001519,0.00001554,0.00001571,0.00001580,0.00001585,0.00001587
3.250000,0.00000995,0.00001387,0.00001519,0.00001554,0.00001571,0.00001580,0.00001585,0.00001587
3.252000,0.00000995,0.00001387,0.00001519,0.00001554,0.00001571,0.00001580,0.00001585,0.00001587
3.254000,0.00000995,0.00001387,0.00001519,0.00001554,0.00001572,0.00001581,0.00001585,0.00001587
3.256000,0.00000995,0.00001387,0.00001519,0.00001554,0.00001572,0.00001581,0.00001586,0.00001588
3.258000,0.00000995,0.00001388,0.00001519,0.00001554,0.00001572,0.00001581,0.00001586,0.00001588
3.260000,0.00000995,0.00001388,0.00001519,0.00001554,0.00001572,0.00001581,0.00001586,0.00001588
3.262000,0.00000995,0.00001388,0.00001519,0.00001554,0.00001572,0.00001581,0.00001586,0.00001588
3.264000,0.00000995,0.00001388,0.00001520,0.00001555,0.00001572,0.00001581,0.00001586,0.00001588
3.266000,0.00000995,0.00001388,0.00001520,0.00001555,0.00001572,0.00001581,0.00001586,0.00001588
3.268000,0.00000995,0.00001388,0.00001520,0.00001555,0.00001572,0.00001581,0.00001586,0.00001588
3.270000,0.00000995,0.00001388,0.00001520,0.00001555,0.00001572,0.00001581,0.00001586,0.00001588
3.272000,0.00000995,0.00001388,0.00001520,0.00001555,0.00001572,0.00001581,0.00001586,0.00001588
3.274000,0.00000995,0.00001388,0.00001520,0.00001555,0.00001572,0.00001581,0.00001586,0.00001588
3.276000,0.00000995,0.00001388,0.00001520,0.00001555,0.00001572,0.00001581,0.00001586,0.00001588
3.278000,0.00000995,0.00001388,0.00001520,0.00001555,0.00001573,0.00001582,0.00001587,0.00001589
3.280000,0.00000995,0.00001388,0.00001520,0.00001555,0.00001573,0.00001582,0.00001587,0.00001589
3.282000,0.00000996,0.00001388,0.00001520,0.00001555,0.00001573,0.00001582,0.00001587,0.00001589
3.284000,0.00000996,0.00001389,0.00001520,0.00001555,0.00001573,0.00001582,0.00001587,0.00001589
3.286000,0.00000996,0.00001389,0.00001520,0.00001555,0.00001573,0.00001582,0.00001587,0.00001589
3.288000,0.00000996,0.00001389,0.00001521,0.00001556,0.00001573,0.00001582,0.00001587,0.00001589
3.290000,0.00000996,0.00001389,0.00001521,0.00001556,0.00001573,0.00001582,0.00001587,0.00001589
3.292000,0.00000996,0.00001389,0.00001521,0.00001556,0.00001573,0.00001582,0.00001587,0.00001589
3.294000,0.00000996,0.00001389,0.00001521,0.00001556,0.00001573,0.00001582,0.00001587,0.00001589
3.296000,0.00000996,0.00001389,0.00001521,0.00001556,0.00001573,0.00001582,0.00001587,0.00001589
3.298000,0.00000996,0.00001389,0.00001521,0.00001556,0.00001573,0.00001582,0.00001587,0.00001589
3.300000,0.00000996,0.00001389,0.00001521,0.00001556,0.00001574,0.00001583,0.00001587,0.00001589
3.302000,0.00000996,0.00001389,0.00001521,0.00001556,0.00001574,0.00001583,0.00001588,0.00001590
3.304000,0.00000996,0.00001389,0.00001521,0.00001556,0.00001574,0.00001583,0.00001588,0.00001590
3.306000,0.00000996,0.00001389,0.00001521,0.00001556,0.00001574,0.00001583,0.00001588,0.00001590
3.308000,0.00000996,0.00001389,0.00001521,0.00001556,0.00001574,0.00001583,0.00001588,0.00001590
3.310000,0.00000996,0.00001390,0.00001521,0.00001557,0.00001574,0.00001583,0.00001588,0.00001590
3.312000,0.00000996,0.00001390,0.00001522,0.00001557,0.00001574,0.00001583,0.00001588,0.00001590
3.314000,0.00000996,0.00001390,0.00001522,0.00001557,0.00001574,0.00001583,0.00001588,0.00001590
3.316000,0.00000997,0.00001390,0.00001522,0.00001557,0.00001574,0.00001583,0.00001588,0.00001590
3.318000,0.00000997,0.00001390,0.00001522,0.00001557,0.00001574,0.00001583,0.00001588,0.00001590
3.320000,0.00000997,0.00001390,0.00001522,0.00001557,0.00001574,0.00001583,0.00001588,0.00001590
3.322000,0.00000997,0.00001390,0.00001522,0.00001557,0.00001574,0.00001584,0.00001588,0.00001590
3.324000,0.00000997,0.00001390,0.00001522,0.00001557,0.00001575,0.00001584,0.00001589,0.00001591
3.326000,0.00000997,0.00001390,0.00001522,0.00001557,0.00001575,0.00001584,0.00001589,0.00001591
3.328000,0.00000997,0.00001390,0.00001522,0.00001557,0.00001575,0.00001584,0.00001589,0.00001591
3.330000,0.00000997,0.00001390,0.00001522,0.00001557,0.00001575,0.00001584,0.00001589,0.00001591
3.332000,0.00000997,0.00001390,0.00001522,0.00001557,0.00001575,0.00001584,0.00001589,0.00001591
3.334000,0.00000997,0.00001391,0.00001523,0.00001558,0.00001575,0.00001584,0.00001589,0.00001591
3.336000,0.00000997,0.00001391,0.00001523,0.00001558,0.00001575,0.00001584,0.00001589,0.00001591
3.338000,0.00000997,0.00001391,0.00001523,0.00001558,0.00001575,0.00001584,0.00001589,0.00001591
3.340000,0.00000997,0.00001391,0.00001523,0.00001558,0.00001575,0.00001584,0.00001589,0.00001591
3.342000,0.00000997,0.00001391,0.00001523,0.00001558,0.00001575,0.00001584,0.00001589,0.00001591
3.344000,0.00000997,0.00001391,0.00001523,0.00001558,0.00001575,0.00001584,0.00001589,0.00001591
3.346000,0.00000997,0.00001391,0.00001523,0.00001558,0.00001576,0.00001585,0.00001589,0.00001591
3.348000,0.00000997,0.00001391,0.00001523,0.00001558,0.00001576,0.00001585,0.00001590,0.00001592
3.350000,0.00000998,0.00001391,0.00001523,0.00001558,0.00001576,0.00001585,0.00001590,0.00001592
3.352000,0.00000998,0.00001391,0.00001523,0.00001558,0.00001576,0.00001585,0.00001590,0.00001592
3.354000,0.00000998,0.00001391,0.00001523,0.00001558,0.00001576,0.00001585,0.00001590,0.00001592
3.356000,0.00000998,0.00001391,0.00001523,0.00001559,0.00001576,0.00001585,0.00001590,0.00001592
3.358000,0.00000998,0.00001391,0.00001524,0.00001559,0.00001576,0.00001585,0.00001590,0.00001592
3.360000,0.00000998,0.00001392,0.00001524,0.00001559,0.00001576,0.00001585,0.00001590,0.00001592
3.362000,0.00000998,0.00001392,0.00001524,0.00001559,0.00001576,0.00001585,0.00001590,0.00001592
3.364000,0.00000998,0.00001392,0.00001524,0.00001559,0.00001576,0.00001585,0.00001590,0.00001592
3.366000,0.00000998,0.00001392,0.00001524,0.00001559,0.00001576,0.00001585,0.00001590,0.00001592
3.368000,0.00000998,0.00001392,0.00001524,0.00001559,0.00001576,0.00001586,0.00001590,0.00001592
3.370000,0.00000998,0.00001392,0.00001524,0.00001559,0.00001577,0.00001586,0.00001591,0.00001593
3.372000,0.00000998,0.00001392,0.00001524,0.00001559,0.00001577,0.00001586,0.00001591,0.00001593
3.374000,0.00000998,0.00001392,0.00001524,0.00001559,0.00001577,0.00001586,0.00001591,0.00001593
3.376000,0.00000998,0.00001392,0.00001524,0.00001559,0.00001577,0.00001586,0.00001591,0.00001593
3.378000,0.00000998,0.00001392,0.00001524,0.00001559,0.00001577,0.00001586,0.00001591,0.00001593
3.380000,0.00000998,0.00001392,0.00001524,0.00001560,0.00001577,0.00001586,0.00001591,0.00001593
3.382000,0.00000998,0.00001392,0.00001525,0.00001560,0.00001577,0.00001586,0.00001591,0.00001593
3.384000,0.00000999,0.00001393,0.00001525,0.00001560,0.00001577,0.00001586,0.00001591,0.00001593
3.386000,0.00000999,0.00001393,0.00001525,0.00001560,0.00001577,0.00001586,0.00001591,0.00001593
3.388000,0.00000999,0.00001393,0.00001525,0.00001560,0.00001577,0.00001586,0.00001591,0.00001593
3.390000,0.00000999,0.00001393,0.00001525,0.00001560,0.00001577,0.00001586,0.00001591,0.00001593
3.392000,0.00000999,0.00001393,0.00001525,0.00001560,0.00001578,0.00001587,0.00001592,0.00001594
3.394000,0.00000999,0.00001393,0.00001525,0.00001560,0.00001578,0.00001587,0.00001592,0.00001594
3.396000,0.00000999,0.00001393,0.00001525,0.00001560,0.00001578,0.00001587,0.00001592,0.00001594
3.398000,0.00000999,0.00001393,0.00001525,0.00001560,0.00001578,0.00001587,0.00001592,0.00001594
3.400000,0.00000999,0.00001393,0.00001525,0.00001560,0.00001578,0.00001587,0.00001592,0.00001594
3.402000,0.00000999,0.00001393,0.00001525,0.00001561,0.00001578,0.00001587,0.00001592,0.00001594
3.404000,0.00000999,0.00001393,0.00001526,0.00001561,0.00001578,0.00001587,0.00001592,0.00001594
3.406000,0.00000999,0.00001393,0.00001526,0.00001561,0.00001578,0.00001587,0.00001592,0.00001594
3.408000,0.00000999,0.00001393,0.00001526,0.00001561,0.00001578,0.00001587,0.00001592,0.00001594
3.410000,0.00000999,0.00001394,0.00001526,0.00001561,0.00001578,0.00001587,0.00001592,0.00001594
3.412000,0.00000999,0.00001394,0.00001526,0.00001561,0.00001578,0.00001587,0.00001592,0.00001594
3.414000,0.00000999,0.00001394,0.00001526,0.00001561,0.00001578,0.00001588,0.00001592,0.00001594
3.416000,0.00001000,0.00001394,0.00001526,0.00001561,0.00001579,0.00001588,0.00001593,0.00001595
3.418000,0.00001000,0.00001394,0.00001526,0.00001561,0.00001579,0.00001588,0.00001593,0.00001595
3.420000,0.00001000,0.00001394,0.00001526,0.00001561,0.00001579,0.00001588,0.00001593,0.00001595
3.422000,0.00001000,0.00001394,0.00001526,0.00001561,0.00001579,0.00001588,0.00001593,0.00001595
3.424000,0.00001000,0.00001394,0.00001526,0.00001561,0.00001579,0.00001588,0.00001593,0.00001595
3.426000,0.00001000,0.00001394,0.00001526,0.00001562,0.00001579,0.00001588,0.00001593,0.00001595
3.428000,0.00001000,0.00001394,0.00001527,0.00001562,0.00001579,0.00001588,0.00001593,0.00001595
3.430000,0.00001000,0.00001394,0.00001527,0.00001562,0.00001579,0.00001588,0.00001593,0.00001595
3.432000,0.00001000,0.00001394,0.00001527,0.00001562,0.00001579,0.00001588,0.00001593,0.00001595
3.434000,0.00001000,0.00001394,0.00001527,0.00001562,0.00001579,0.00001588,0.00001593,0.00001595
3.436000,0.00001000,0.00001395,0.00001527,0.00001562,0.00001579,0.00001588,0.00001593,0.00001595
3.438000,0.00001000,0.00001395,0.00001527,0.00001562,0.00001580,0.00001589,0.00001594,0.00001596
3.440000,0.00001000,0.00001395,0.00001527,0.00001562,0.00001580,0.00001589,0.00001594,0.00001596
3.442000,0.00001000,0.00001395,0.00001527,0.00001562,0.00001580,0.00001589,0.00001594,0.00001596
3.444000,0.00001000,0.00001395,0.00001527,0.00001562,0.00001580,0.00001589,0.00001594,0.00001596
3.446000,0.00001000,0.00001395,0.00001527,0.00001562,0.00001580,0.00001589,0.00001594,0.00001596
3.448000,0.00001000,0.00001395,0.00001527,0.00001563,0.00001580,0.00001589,0.00001594,0.00001596
3.450000,0.00001001,0.00001395,0.00001527,0.00001563,0.00001580,0.00001589,0.00001594,0.00001596
3.452000,0.00001001,0.00001395,0.00001528,0.00001563,0.00001580,0.00001589,0.00001594,0.00001596
3.454000,0.00001001,0.00001395,0.00001528,0.00001563,0.00001580,0.00001589,0.00001594,0.00001596
3.456000,0.00001001,0.00001395,0.00001528,0.00001563,0.00001580,0.00001589,0.00001594,0.00001596
3.458000,0.00001001,0.00001395,0.00001528,0.00001563,0.00001580,0.00001589,0.00001594,0.00001596
3.460000,0.00001001,0.00001396,0.00001528,0.00001563,0.00001580,0.00001590,0.00001595,0.00001597
3.462000,0.00001001,0.00001396,0.00001528,0.00001563,0.00001581,0.00001590,0.00001595,0.00001597
3.464000,0.00001001,0.00001396,0.00001528,0.00001563,0.00001581,0.00001590,0.00001595,0.00001597
3.466000,0.00001001,0.00001396,0.00001528,0.00001563,0.00001581,0.00001590,0.00001595,0.00001597
3.468000,0.00001001,0.00001396,0.00001528,0.00001563,0.00001581,0.00001590,0.00001595,0.00001597
3.470000,0.00001001,0.00001396,0.00001528,0.00001563,0.00001581,0.00001590,0.00001595,0.00001597
3.472000,0.00001001,0.00001396,0.00001528,0.00001564,0.00001581,0.00001590,0.00001595,0.00001597
3.474000,0.00001001,0.00001396,0.00001529,0.00001564,0.00001581,0.00001590,0.00001595,0.00001597
3.476000,0.00001001,0.00001396,0.00001529,0.00001564,0.00001581,0.00001590,0.00001595,0.00001597
3.478000,0.00001001,0.00001396,0.00001529,0.00001564,0.00001581,0.00001590,0.00001595,0.00001597
3.480000,0.00001001,0.00001396,0.00001529,0.00001564,0.00001581,0.00001590,0.00001595,0.00001597
3.482000,0.00001001,0.00001396,0.00001529,0.00001564,0.00001581,0.00001591,0.00001595,0.00001597
3.483999,0.00001002,0.00001396,0.00001529,0.00001564,0.00001582,0.00001591,0.00001596,0.00001598
3.486000,0.00001002,0.00001397,0.00001529,0.00001564,0.00001582,0.00001591,0.00001596,0.00001598
3.488000,0.00001002,0.00001397,0.00001529,0.00001564,0.00001582,0.00001591,0.00001596,0.00001598
3.490000,0.00001002,0.00001397,0.00001529,0.00001564,0.00001582,0.00001591,0.00001596,0.00001598
3.492000,0.00001002,0.00001397,0.00001529,0.00001564,0.00001582,0.00001591,0.00001596,0.00001598
3.493999,0.00001002,0.00001397,0.00001529,0.00001565,0.00001582,0.00001591,0.00001596,0.00001598
3.496000,0.00001002,0.00001397,0.00001529,0.00001565,0.00001582,0.00001591,0.00001596,0.00001598
3.498000,0.00001002,0.00001397,0.00001530,0.00001565,0.00001582,0.00001591,0.00001596,0.00001598
3.500000,0.00001002,0.00001397,0.00001530,0.00001565,0.00001582,0.00001591,0.00001596,0.00001598
3.502000,0.00001002,0.00001397,0.00001530,0.00001565,0.00001582,0.00001591,0.00001596,0.00001598
3.503999,0.00001002,0.00001397,0.00001530,0.00001565,0.00001582,0.00001591,0.00001596,0.00001598
3.506000,0.00001002,0.00001397,0.00001530,0.00001565,0.00001583,0.00001592,0.00001597,0.00001599
3.508000,0.00001002,0.00001397,0.00001530,0.00001565,0.00001583,0.00001592,0.00001597,0.00001599
3.510000,0.00001002,0.00001398,0.00001530,0.00001565,0.00001583,0.00001592,0.00001597,0.00001599
3.512000,0.00001002,0.00001398,0.00001530,0.00001565,0.00001583,0.00001592,0.00001597,0.00001599
3.514000,0.00001002,0.00001398,0.00001530,0.00001565,0.00001583,0.00001592,0.00001597,0.00001599
3.516000,0.00001003,0.00001398,0.00001530,0.00001565,0.00001583,0.00001592,0.00001597,0.00001599
3.518000,0.00001003,0.00001398,0.00001530,0.00001566,0.00001583,0.00001592,0.00001597,0.00001599
3.520000,0.00001003,0.00001398,0.00001530,0.00001566,0.00001583,0.00001592,0.00001597,0.00001599
3.522000,0.00001003,0.00001398,0.00001531,0.00001566,0.00001583,0.00001592,0.00001597,0.00001599
3.524000,0.00001003,0.00001398,0.00001531,0.00001566,0.00001583,0.00001592,0.00001597,0.00001599
3.526000,0.00001003,0.00001398,0.00001531,0.00001566,0.00001583,0.00001592,0.00001597,0.00001599
3.528000,0.00001003,0.00001398,0.00001531,0.00001566,0.00001583,0.00001593,0.00001597,0.00001599
3.530000,0.00001003,0.00001398,0.00001531,0.00001566,0.00001584,0.00001593,0.00001598,0.00001600
3.532000,0.00001003,0.00001398,0.00001531,0.00001566,0.00001584,0.00001593,0.00001598,0.00001600
3.534000,0.00001003,0.00001399,0.00001531,0.00001566,0.00001584,0.00001593,0.00001598,0.00001600
3.536000,0.00001003,0.00001399,0.00001531,0.00001566,0.00001584,0.00001593,0.00001598,0.00001600
3.538000,0.00001003,0.00001399,0.00001531,0.00001566,0.00001584,0.00001593,0.00001598,0.00001600
3.540000,0.00001003,0.00001399,0.00001531,0.00001567,0.00001584,0.00001593,0.00001598,0.00001600
3.542000,0.00001003,0.00001399,0.00001531,0.00001567,0.00001584,0.00001593,0.00001598,0.00001600
3.544000,0.00001003,0.00001399,0.00001532,0.00001567,0.00001584,0.00001593,0.00001598,0.00001600
3.546000,0.00001003,0.00001399,0.00001532,0.00001567,0.00001584,0.00001593,0.00001598,0.00001600
3.548000,0.00001003,0.00001399,0.00001532,0.00001567,0.00001584,0.00001593,0.00001598,0.00001600
3.550000,0.00001004,0.00001399,0.00001532,0.00001567,0.00001584,0.00001593,0.00001598,0.00001600
3.552000,0.00001004,0.00001399,0.00001532,0.00001567,0.00001585,0.00001594,0.00001599,0.00001601
3.554000,0.00001004,0.00001399,0.00001532,0.00001567,0.00001585,0.00001594,0.00001599,0.00001601
3.556000,0.00001004,0.00001399,0.00001532,0.00001567,0.00001585,0.00001594,0.00001599,0.00001601
3.558000,0.00001004,0.00001399,0.00001532,0.00001567,0.00001585,0.00001594,0.00001599,0.00001601
3.560000,0.00001004,0.00001400,0.00001532,0.00001567,0.00001585,0.00001594,0.00001599,0.00001601
3.562000,0.00001004,0.00001400,0.00001532,0.00001568,0.00001585,0.00001594,0.00001599,0.00001601
3.564000,0.00001004,0.00001400,0.00001532,0.00001568,0.00001585,0.00001594,0.00001599,0.00001601
3.566000,0.00001004,0.00001400,0.00001532,0.00001568,0.00001585,0.00001594,0.00001599,0.00001601
3.568000,0.00001004,0.00001400,0.00001533,0.00001568,0.00001585,0.00001594,0.00001599,0.00001601
3.570000,0.00001004,0.00001400,0.00001533,0.00001568,0.00001585,0.00001594,0.00001599,0.00001601
3.572000,0.00001004,0.00001400,0.00001533,0.00001568,0.00001585,0.00001594,0.00001599,0.00001601
3.574000,0.00001004,0.00001400,0.00001533,0.00001568,0.00001585,0.00001595,0.00001600,0.00001602
3.576000,0.00001004,0.00001400,0.00001533,0.00001568,0.00001586,0.00001595,0.00001600,0.00001602
3.578000,0.00001004,0.00001400,0.00001533,0.00001568,0.00001586,0.00001595,0.00001600,0.00001602
3.580000,0.00001004,0.00001400,0.00001533,0.00001568,0.00001586,0.00001595,0.00001600,0.00001602
3.582000,0.00001004,0.00001400,0.00001533,0.00001568,0.00001586,0.00001595,0.00001600,0.00001602
3.584000,0.00001005,0.00001401,0.00001533,0.00001568,0.00001586,0.00001595,0.00001600,0.00001602
3.586000,0.00001005,0.00001401,0.00001533,0.00001569,0.00001586,0.00001595,0.00001600,0.00001602
3.588000,0.00001005,0.00001401,0.00001533,0.00001569,0.00001586,0.00001595,0.00001600,0.00001602
3.590000,0.00001005,0.00001401,0.00001534,0.00001569,0.00001586,0.00001595,0.00001600,0.00001602
3.592000,0.00001005,0.00001401,0.00001534,0.00001569,0.00001586,0.00001595,0.00001600,0.00001602
3.594000,0.00001005,0.00001401,0.00001534,0.00001569,0.00001586,0.00001595,0.00001600,0.00001602
3.596000,0.00001005,0.00001401,0.00001534,0.00001569,0.00001586,0.00001596,0.00001601,0.00001602
3.598000,0.00001005,0.00001401,0.00001534,0.00001569,0.00001587,0.00001596,0.00001601,0.00001603
3.600000,0.00001005,0.00001401,0.00001534,0.00001569,0.00001587,0.00001596,0.00001601,0.00001603
3.602000,0.00001005,0.00001401,0.00001534,0.00001569,0.00001587,0.00001596,0.00001601,0.00001603
3.604000,0.00001005,0.00001401,0.00001534,0.00001569,0.00001587,0.00001596,0.00001601,0.00001603
3.605999,0.00001005,0.00001401,0.00001534,0.00001569,0.00001587,0.00001596,0.00001601,0.00001603
3.608000,0.00001005,0.00001401,0.00001534,0.00001570,0.00001587,0.00001596,0.00001601,0.00001603
3.610000,0.00001005,0.00001402,0.00001534,0.00001570,0.00001587,0.00001596,0.00001601,0.00001603
3.612000,0.00001005,0.00001402,0.00001534,0.00001570,0.00001587,0.00001596,0.00001601,0.00001603
3.614000,0.00001005,0.00001402,0.00001535,0.00001570,0.00001587,0.00001596,0.00001601,0.00001603
3.615999,0.00001006,0.00001402,0.00001535,0.00001570,0.00001587,0.00001596,0.00001601,0.00001603
3.618000,0.00001006,0.00001402,0.00001535,0.00001570,0.00001587,0.00001597,0.00001601,0.00001603
3.620000,0.00001006,0.00001402,0.00001535,0.00001570,0.00001588,0.00001597,0.00001602,0.00001604
3.622000,0.00001006,0.00001402,0.00001535,0.00001570,0.00001588,0.00001597,0.00001602,0.00001604
3.624000,0.00001006,0.00001402,0.00001535,0.00001570,0.00001588,0.00001597,0.00001602,0.00001604
3.625999,0.00001006,0.00001402,0.00001535,0.00001570,0.00001588,0.00001597,0.00001602,0.00001604
3.628000,0.00001006,0.00001402,0.00001535,0.00001570,0.00001588,0.00001597,0.00001602,0.00001604
3.630000,0.00001006,0.00001402,0.00001535,0.00001570,0.00001588,0.00001597,0.00001602,0.00001604
3.632000,0.00001006,0.00001402,0.00001535,0.00001571,0.00001588,0.00001597,0.00001602,0.00001604
3.634000,0.00001006,0.00001403,0.00001535,0.00001571,0.00001588,0.00001597,0.00001602,0.00001604
3.636000,0.00001006,0.00001403,0.00001535,0.00001571,0.00001588,0.00001597,0.00001602,0.00001604
3.638000,0.00001006,0.00001403,0.00001536,0.00001571,0.00001588,0.00001597,0.00001602,0.00001604
3.640000,0.00001006,0.00001403,0.00001536,0.00001571,0.00001588,0.00001597,0.00001602,0.00001604
3.642000,0.00001006,0.00001403,0.00001536,0.00001571,0.00001588,0.00001598,0.00001603,0.00001605
3.644000,0.00001006,0.00001403,0.00001536,0.00001571,0.00001589,0.00001598,0.00001603,0.00001605
3.646000,0.00001006,0.00001403,0.00001536,0.00001571,0.00001589,0.00001598,0.00001603,0.00001605
3.648000,0.00001006,0.00001403,0.00001536,0.00001571,0.00001589,0.00001598,0.00001603,0.00001605
3.650000,0.00001007,0.00001403,0.00001536,0.00001571,0.00001589,0.00001598,0.00001603,0.00001605
3.652000,0.00001007,0.00001403,0.00001536,0.00001571,0.00001589,0.00001598,0.00001603,0.00001605
3.654000,0.00001007,0.00001403,0.00001536,0.00001572,0.00001589,0.00001598,0.00001603,0.00001605
3.656000,0.00001007,0.00001403,0.00001536,0.00001572,0.00001589,0.00001598,0.00001603,0.00001605
3.658000,0.00001007,0.00001403,0.00001536,0.00001572,0.00001589,0.00001598,0.00001603,0.00001605
3.660000,0.00001007,0.00001404,0.00001537,0.00001572,0.00001589,0.00001598,0.00001603,0.00001605
3.662000,0.00001007,0.00001404,0.00001537,0.00001572,0.00001589,0.00001598,0.00001603,0.00001605
3.664000,0.00001007,0.00001404,0.00001537,0.00001572,0.00001589,0.00001599,0.00001604,0.00001606
3.666000,0.00001007,0.00001404,0.00001537,0.00001572,0.00001590,0.00001599,0.00001604,0.00001606
3.668000,0.00001007,0.00001404,0.00001537,0.00001572,0.00001590,0.00001599,0.00001604,0.00001606
3.670000,0.00001007,0.00001404,0.00001537,0.00001572,0.00001590,0.00001599,0.00001604,0.00001606
3.672000,0.00001007,0.00001404,0.00001537,0.00001572,0.00001590,0.00001599,0.00001604,0.00001606
3.674000,0.00001007,0.00001404,0.00001537,0.00001572,0.00001590,0.00001599,0.00001604,0.00001606
3.676000,0.00001007,0.00001404,0.00001537,0.00001572,0.00001590,0.00001599,0.00001604,0.00001606
3.678000,0.00001007,0.00001404,0.00001537,0.00001573,0.00001590,0.00001599,0.00001604,0.00001606
3.680000,0.00001007,0.00001404,0.00001537,0.00001573,0.00001590,0.00001599,0.00001604,0.00001606
3.682000,0.00001008,0.00001404,0.00001537,0.00001573,0.00001590,0.00001599,0.00001604,0.00001606
3.684000,0.00001008,0.00001405,0.00001538,0.00001573,0.00001590,0.00001599,0.00001604,0.00001606
3.686000,0.00001008,0.00001405,0.00001538,0.00001573,0.00001590,0.00001600,0.00001604,0.00001606
3.688000,0.00001008,0.00001405,0.00001538,0.00001573,0.00001591,0.00001600,0.00001605,0.00001607
3.690000,0.00001008,0.00001405,0.00001538,0.00001573,0.00001591,0.00001600,0.00001605,0.00001607
3.692000,0.00001008,0.00001405,0.00001538,0.00001573,0.00001591,0.00001600,0.00001605,0.00001607
3.694000,0.00001008,0.00001405,0.00001538,0.00001573,0.00001591,0.00001600,0.00001605,0.00001607
3.696000,0.00001008,0.00001405,0.00001538,0.00001573,0.00001591,0.00001600,0.00001605,0.00001607
3.698000,0.00001008,0.00001405,0.00001538,0.00001573,0.00001591,0.00001600,0.00001605,0.00001607
3.700000,0.00001008,0.00001405,0.00001538,0.00001574,0.00001591,0.00001600,0.00001605,0.00001607
3.702000,0.00001008,0.00001405,0.00001538,0.00001574,0.00001591,0.00001600,0.00001605,0.00001607
3.704000,0.00001008,0.00001405,0.00001538,0.00001574,0.00001591,0.00001600,0.00001605,0.00001607
3.706000,0.00001008,0.00001405,0.00001539,0.00001574,0.00001591,0.00001600,0.00001605,0.00001607
3.708000,0.00001008,0.00001406,0.00001539,0.00001574,0.00001591,0.00001600,0.00001605,0.00001607
3.710000,0.00001008,0.00001406,0.00001539,0.00001574,0.00001591,0.00001601,0.00001606,0.00001608
3.712000,0.00001008,0.00001406,0.00001539,0.00001574,0.00001592,0.00001601,0.00001606,0.00001608
3.714000,0.00001008,0.00001406,0.00001539,0.00001574,0.00001592,0.00001601,0.00001606,0.00001608
3.716000,0.00001009,0.00001406,0.00001539,0.00001574,0.00001592,0.00001601,0.00001606,0.00001608
3.717999,0.00001009,0.00001406,0.00001539,0.00001574,0.00001592,0.00001601,0.00001606,0.00001608
3.720000,0.00001009,0.00001406,0.00001539,0.00001574,0.00001592,0.00001601,0.00001606,0.00001608
3.722000,0.00001009,0.00001406,0.00001539,0.00001575,0.00001592,0.00001601,0.00001606,0.00001608
3.724000,0.00001009,0.00001406,0.00001539,0.00001575,0.00001592,0.00001601,0.00001606,0.00001608
3.726000,0.00001009,0.00001406,0.00001539,0.00001575,0.00001592,0.00001601,0.00001606,0.00001608
3.727999,0.00001009,0.00001406,0.00001539,0.00001575,0.00001592,0.00001601,0.00001606,0.00001608
3.730000,0.00001009,0.00001406,0.00001540,0.00001575,0.00001592,0.00001601,0.00001606,0.00001608
3.732000,0.00001009,0.00001406,0.00001540,0.00001575,0.00001592,0.00001602,0.00001607,0.00001609
3.734000,0.00001009,0.00001407,0.00001540,0.00001575,0.00001593,0.00001602,0.00001607,0.00001609
3.736000,0.00001009,0.00001407,0.00001540,0.00001575,0.00001593,0.00001602,0.00001607,0.00001609
3.737999,0.00001009,0.00001407,0.00001540,0.00001575,0.00001593,0.00001602,0.00001607,0.00001609
3.740000,0.00001009,0.00001407,0.00001540,0.00001575,0.00001593,0.00001602,0.00001607,0.00001609
3.742000,0.00001009,0.00001407,0.00001540,0.00001575,0.00001593,0.00001602,0.00001607,0.00001609
3.744000,0.00001009,0.00001407,0.00001540,0.00001575,0.00001593,0.00001602,0.00001607,0.00001609
3.746000,0.00001009,0.00001407,0.00001540,0.00001576,0.00001593,0.00001602,0.00001607,0.00001609
3.748000,0.00001010,0.00001407,0.00001540,0.00001576,0.00001593,0.00001602,0.00001607,0.00001609
3.750000,0.00001010,0.00001407,0.00001540,0.00001576,0.00001593,0.00001602,0.00001607,0.00001609
3.752000,0.00001010,0.00001407,0.00001541,0.00001576,0.00001593,0.00001602,0.00001607,0.00001609
3.754000,0.00001010,0.00001407,0.00001541,0.00001576,0.00001593,0.00001603,0.00001608,0.00001610
3.756000,0.00001010,0.00001407,0.00001541,0.00001576,0.00001594,0.00001603,0.00001608,0.00001610
3.758000,0.00001010,0.00001408,0.00001541,0.00001576,0.00001594,0.00001603,0.00001608,0.00001610
3.760000,0.00001010,0.00001408,0.00001541,0.00001576,0.00001594,0.00001603,0.00001608,0.00001610
3.762000,0.00001010,0.00001408,0.00001541,0.00001576,0.00001594,0.00001603,0.00001608,0.00001610
3.764000,0.00001010,0.00001408,0.00001541,0.00001576,0.00001594,0.00001603,0.00001608,0.00001610
3.766000,0.00001010,0.00001408,0.00001541,0.00001576,0.00001594,0.00001603,0.00001608,0.00001610
3.768000,0.00001010,0.00001408,0.00001541,0.00001577,0.00001594,0.00001603,0.00001608,0.00001610
3.770000,0.00001010,0.00001408,0.00001541,0.00001577,0.00001594,0.00001603,0.00001608,0.00001610
3.772000,0.00001010,0.00001408,0.00001541,0.00001577,0.00001594,0.00001603,0.00001608,0.00001610
3.774000,0.00001010,0.00001408,0.00001541,0.00001577,0.00001594,0.00001603,0.00001608,0.00001610
3.776000,0.00001010,0.00001408,0.00001542,0.00001577,0.00001594,0.00001604,0.00001608,0.00001610
3.778000,0.00001010,0.00001408,0.00001542,0.00001577,0.00001595,0.00001604,0.00001609,0.00001611
3.780000,0.00001010,0.00001408,0.00001542,0.00001577,0.00001595,0.00001604,0.00001609,0.00001611
3.782000,0.00001011,0.00001408,0.00001542,0.00001577,0.00001595,0.00001604,0.00001609,0.00001611
3.784000,0.00001011,0.00001409,0.00001542,0.00001577,0.00001595,0.00001604,0.00001609,0.00001611
3.786000,0.00001011,0.00001409,0.00001542,0.00001577,0.00001595,0.00001604,0.00001609,0.00001611
3.788000,0.00001011,0.00001409,0.00001542,0.00001577,0.00001595,0.00001604,0.00001609,0.00001611
3.790000,0.00001011,0.00001409,0.00001542,0.00001578,0.00001595,0.00001604,0.00001609,0.00001611
3.792000,0.00001011,0.00001409,0.00001542,0.00001578,0.00001595,0.00001604,0.00001609,0.00001611
3.794000,0.00001011,0.00001409,0.00001542,0.00001578,0.00001595,0.00001604,0.00001609,0.00001611
3.796000,0.00001011,0.00001409,0.00001542,0.00001578,0.00001595,0.00001604,0.00001609,0.00001611
3.798000,0.00001011,0.00001409,0.00001543,0.00001578,0.00001595,0.00001604,0.00001609,0.00001611
3.800000,0.00001011,0.00001409,0.00001543,0.00001578,0.00001595,0.00001605,0.00001610,0.00001612
3.802000,0.00001011,0.00001409,0.00001543,0.00001578,0.00001596,0.00001605,0.00001610,0.00001612
3.804000,0.00001011,0.00001409,0.00001543,0.00001578,0.00001596,0.00001605,0.00001610,0.00001612
3.806000,0.00001011,0.00001409,0.00001543,0.00001578,0.00001596,0.00001605,0.00001610,0.00001612
3.808000,0.00001011,0.00001410,0.00001543,0.00001578,0.00001596,0.00001605,0.00001610,0.00001612
3.810000,0.00001011,0.00001410,0.00001543,0.00001578,0.00001596,0.00001605,0.00001610,0.00001612
3.812000,0.00001011,0.00001410,0.00001543,0.00001578,0.00001596,0.00001605,0.00001610,0.00001612
3.814000,0.00001012,0.00001410,0.00001543,0.00001579,0.00001596,0.00001605,0.00001610,0.00001612
3.816000,0.00001012,0.00001410,0.00001543,0.00001579,0.00001596,0.00001605,0.00001610,0.00001612
3.818000,0.00001012,0.00001410,0.00001543,0.00001579,0.00001596,0.00001605,0.00001610,0.00001612
3.820000,0.00001012,0.00001410,0.00001543,0.00001579,0.00001596,0.00001605,0.00001610,0.00001612
3.822000,0.00001012,0.00001410,0.00001544,0.00001579,0.00001596,0.00001606,0.00001611,0.00001613
3.824000,0.00001012,0.00001410,0.00001544,0.00001579,0.00001597,0.00001606,0.00001611,0.00001613
3.826000,0.00001012,0.00001410,0.00001544,0.00001579,0.00001597,0.00001606,0.00001611,0.00001613
3.828000,0.00001012,0.00001410,0.00001544,0.00001579,0.00001597,0.00001606,0.00001611,0.00001613
3.830000,0.00001012,0.00001410,0.00001544,0.00001579,0.00001597,0.00001606,0.00001611,0.00001613
3.832000,0.00001012,0.00001411,0.00001544,0.00001579,0.00001597,0.00001606,0.00001611,0.00001613
3.834000,0.00001012,0.00001411,0.00001544,0.00001579,0.00001597,0.00001606,0.00001611,0.00001613
3.836000,0.00001012,0.00001411,0.00001544,0.00001580,0.00001597,0.00001606,0.00001611,0.00001613
3.838000,0.00001012,0.00001411,0.00001544,0.00001580,0.00001597,0.00001606,0.00001611,0.00001613
3.839999,0.00001012,0.00001411,0.00001544,0.00001580,0.00001597,0.00001606,0.00001611,0.00001613
3.842000,0.00001012,0.00001411,0.00001544,0.00001580,0.00001597,0.00001606,0.00001611,0.00001613
3.844000,0.00001012,0.00001411,0.00001545,0.00001580,0.00001597,0.00001607,0.00001612,0.00001614
3.846000,0.00001013,0.00001411,0.00001545,0.00001580,0.00001598,0.00001607,0.00001612,0.00001614
3.848000,0.00001013,0.00001411,0.00001545,0.00001580,0.00001598,0.00001607,0.00001612,0.00001614
3.849999,0.00001013,0.00001411,0.00001545,0.00001580,0.00001598,0.00001607,0.00001612,0.00001614
3.852000,0.00001013,0.00001411,0.00001545,0.00001580,0.00001598,0.00001607,0.00001612,0.00001614
3.854000,0.00001013,0.00001411,0.00001545,0.00001580,0.00001598,0.00001607,0.00001612,0.00001614
3.856000,0.00001013,0.00001411,0.00001545,0.00001580,0.00001598,0.00001607,0.00001612,0.00001614
3.858000,0.00001013,0.00001412,0.00001545,0.00001581,0.00001598,0.00001607,0.00001612,0.00001614
3.860000,0.00001013,0.00001412,0.00001545,0.00001581,0.00001598,0.00001607,0.00001612,0.00001614
3.862000,0.00001013,0.00001412,0.00001545,0.00001581,0.00001598,0.00001607,0.00001612,0.00001614
3.864000,0.00001013,0.00001412,0.00001545,0.00001581,0.00001598,0.00001607,0.00001612,0.00001614
3.866000,0.00001013,0.00001412,0.00001545,0.00001581,0.00001598,0.00001608,0.00001613,0.00001614
3.868000,0.00001013,0.00001412,0.00001546,0.00001581,0.00001599,0.00001608,0.00001613,0.00001615
3.870000,0.00001013,0.00001412,0.00001546,0.00001581,0.00001599,0.00001608,0.00001613,0.00001615
3.872000,0.00001013,0.00001412,0.00001546,0.00001581,0.00001599,0.00001608,0.00001613,0.00001615
3.874000,0.00001013,0.00001412,0.00001546,0.00001581,0.00001599,0.00001608,0.00001613,0.00001615
3.876000,0.00001013,0.00001412,0.00001546,0.00001581,0.00001599,0.00001608,0.00001613,0.00001615
3.878000,0.00001013,0.00001412,0.00001546,0.00001581,0.00001599,0.00001608,0.00001613,0.00001615
3.880000,0.00001014,0.00001412,0.00001546,0.00001581,0.00001599,0.00001608,0.00001613,0.00001615
3.882000,0.00001014,0.00001413,0.00001546,0.00001582,0.00001599,0.00001608,0.00001613,0.00001615
3.884000,0.00001014,0.00001413,0.00001546,0.00001582,0.00001599,0.00001608,0.00001613,0.00001615
3.886000,0.00001014,0.00001413,0.00001546,0.00001582,0.00001599,0.00001608,0.00001613,0.00001615
3.888000,0.00001014,0.00001413,0.00001546,0.00001582,0.00001599,0.00001608,0.00001613,0.00001615
3.890000,0.00001014,0.00001413,0.00001547,0.00001582,0.00001599,0.00001609,0.00001614,0.00001616
3.892000,0.00001014,0.00001413,0.00001547,0.00001582,0.00001600,0.00001609,0.00001614,0.00001616
3.894000,0.00001014,0.00001413,0.00001547,0.00001582,0.00001600,0.00001609,0.00001614,0.00001616
3.896000,0.00001014,0.00001413,0.00001547,0.00001582,0.00001600,0.00001609,0.00001614,0.00001616
3.898000,0.00001014,0.00001413,0.00001547,0.00001582,0.00001600,0.00001609,0.00001614,0.00001616
3.900000,0.00001014,0.00001413,0.00001547,0.00001582,0.00001600,0.00001609,0.00001614,0.00001616
3.902000,0.00001014,0.00001413,0.00001547,0.00001582,0.00001600,0.00001609,0.00001614,0.00001616
3.904000,0.00001014,0.00001413,0.00001547,0.00001583,0.00001600,0.00001609,0.00001614,0.00001616
3.906000,0.00001014,0.00001414,0.00001547,0.00001583,0.00001600,0.00001609,0.00001614,0.00001616
3.908000,0.00001014,0.00001414,0.00001547,0.00001583,0.00001600,0.00001609,0.00001614,0.00001616
3.910000,0.00001014,0.00001414,0.00001547,0.00001583,0.00001600,0.00001609,0.00001614,0.00001616
3.912000,0.00001015,0.00001414,0.00001547,0.00001583,0.00001600,0.00001610,0.00001615,0.00001617
3.914000,0.00001015,0.00001414,0.00001548,0.00001583,0.00001601,0.00001610,0.00001615,0.00001617
3.916000,0.00001015,0.00001414,0.00001548,0.00001583,0.00001601,0.00001610,0.00001615,0.00001617
3.918000,0.00001015,0.00001414,0.00001548,0.00001583,0.00001601,0.00001610,0.00001615,0.00001617
3.920000,0.00001015,0.00001414,0.00001548,0.00001583,0.00001601,0.00001610,0.00001615,0.00001617
3.922000,0.00001015,0.00001414,0.00001548,0.00001583,0.00001601,0.00001610,0.00001615,0.00001617
3.924000,0.00001015,0.00001414,0.00001548,0.00001583,0.00001601,0.00001610,0.00001615,0.00001617
3.926000,0.00001015,0.00001414,0.00001548,0.00001584,0.00001601,0.00001610,0.00001615,0.00001617
3.928000,0.00001015,0.00001414,0.00001548,0.00001584,0.00001601,0.00001610,0.00001615,0.00001617
3.930000,0.00001015,0.00001414,0.00001548,0.00001584,0.00001601,0.00001610,0.00001615,0.00001617
3.932000,0.00001015,0.00001415,0.00001548,0.00001584,0.00001601,0.00001610,0.00001615,0.00001617
3.934000,0.00001015,0.00001415,0.00001548,0.00001584,0.00001601,0.00001611,0.00001616,0.00001618
3.936000,0.00001015,0.00001415,0.00001549,0.00001584,0.00001602,0.00001611,0.00001616,0.00001618
3.938000,0.00001015,0.00001415,0.00001549,0.00001584,0.00001602,0.00001611,0.00001616,0.00001618
3.940000,0.00001015,0.00001415,0.00001549,0.00001584,0.00001602,0.00001611,0.00001616,0.00001618
3.942000,0.00001015,0.00001415,0.00001549,0.00001584,0.00001602,0.00001611,0.00001616,0.00001618
3.944000,0.00001015,0.00001415,0.00001549,0.00001584,0.00001602,0.00001611,0.00001616,0.00001618
3.946000,0.00001016,0.00001415,0.00001549,0.00001584,0.00001602,0.00001611,0.00001616,0.00001618
3.948000,0.00001016,0.00001415,0.00001549,0.00001585,0.00001602,0.00001611,0.00001616,0.00001618
3.950000,0.00001016,0.00001415,0.00001549,0.00001585,0.00001602,0.00001611,0.00001616,0.00001618
3.951999,0.00001016,0.00001415,0.00001549,0.00001585,0.00001602,0.00001611,0.00001616,0.00001618
3.954000,0.00001016,0.00001415,0.00001549,0.00001585,0.00001602,0.00001611,0.00001616,0.00001618
3.956000,0.00001016,0.00001416,0.00001549,0.00001585,0.00001602,0.00001612,0.00001617,0.00001619
3.958000,0.00001016,0.00001416,0.00001549,0.00001585,0.00001603,0.00001612,0.00001617,0.00001619
3.960000,0.00001016,0.00001416,0.00001550,0.00001585,0.00001603,0.00001612,0.00001617,0.00001619
3.961999,0.00001016,0.00001416,0.00001550,0.00001585,0.00001603,0.00001612,0.00001617,0.00001619
3.964000,0.00001016,0.00001416,0.00001550,0.00001585,0.00001603,0.00001612,0.00001617,0.00001619
3.966000,0.00001016,0.00001416,0.00001550,0.00001585,0.00001603,0.00001612,0.00001617,0.00001619
3.968000,0.00001016,0.00001416,0.00001550,0.00001585,0.00001603,0.00001612,0.00001617,0.00001619
3.970000,0.00001016,0.00001416,0.00001550,0.00001585,0.00001603,0.00001612,0.00001617,0.00001619
3.972000,0.00001016,0.00001416,0.00001550,0.00001586,0.00001603,0.00001612,0.00001617,0.00001619
3.974000,0.00001016,0.00001416,0.00001550,0.00001586,0.00001603,0.00001612,0.00001617,0.00001619
3.976000,0.00001016,0.00001416,0.00001550,0.00001586,0.00001603,0.00001612,0.00001617,0.00001619
3.978000,0.00001017,0.00001416,0.00001550,0.00001586,0.00001603,0.00001613,0.00001618,0.00001620
3.980000,0.00001017,0.00001417,0.00001550,0.00001586,0.00001604,0.00001613,0.00001618,0.00001620
3.982000,0.00001017,0.00001417,0.00001551,0.00001586,0.00001604,0.00001613,0.00001618,0.00001620
3.984000,0.00001017,0.00001417,0.00001551,0.00001586,0.00001604,0.00001613,0.00001618,0.00001620
3.986000,0.00001017,0.00001417,0.00001551,0.00001586,0.00001604,0.00001613,0.00001618,0.00001620
3.988000,0.00001017,0.00001417,0.00001551,0.00001586,0.00001604,0.00001613,0.00001618,0.00001620
3.990000,0.00001017,0.00001417,0.00001551,0.00001586,0.00001604,0.00001613,0.00001618,0.00001620
3.992000,0.00001017,0.00001417,0.00001551,0.00001586,0.00001604,0.00001613,0.00001618,0.00001620
3.994000,0.00001017,0.00001417,0.00001551,0.00001587,0.00001604,0.00001613,0.00001618,0.00001620
3.996000,0.00001017,0.00001417,0.00001551,0.00001587,0.00001604,0.00001613,0.00001618,0.00001620
3.998000,0.00001017,0.00001417,0.00001551,0.00001587,0.00001604,0.00001613,0.00001618,0.00001620
4.000000,0.00001017,0.00001417,0.00001551,0.00001587,0.00001604,0.00001614,0.00001619,0.00001621
4.002000,0.00001017,0.00001417,0.00001551,0.00001587,0.00001604,0.00001614,0.00001619,0.00001621
4.004000,0.00001017,0.00001418,0.00001552,0.00001587,0.00001605,0.00001614,0.00001619,0.00001621
4.006000,0.00001017,0.00001418,0.00001552,0.00001587,0.00001605,0.00001614,0.00001619,0.00001621
4.008000,0.00001017,0.00001418,0.00001552,0.00001587,0.00001605,0.00001614,0.00001619,0.00001621
4.010000,0.00001018,0.00001418,0.00001552,0.00001587,0.00001605,0.00001614,0.00001619,0.00001621
4.012000,0.00001018,0.00001418,0.00001552,0.00001587,0.00001605,0.00001614,0.00001619,0.00001621
4.013999,0.00001018,0.00001418,0.00001552,0.00001587,0.00001605,0.00001614,0.00001619,0.00001621
4.016000,0.00001018,0.00001418,0.00001552,0.00001588,0.00001605,0.00001614,0.00001619,0.00001621
4.018000,0.00001018,0.00001418,0.00001552,0.00001588,0.00001605,0.00001614,0.00001619,0.00001621
4.020000,0.00001018,0.00001418,0.00001552,0.00001588,0.00001605,0.00001614,0.00001619,0.00001621
4.022000,0.00001018,0.00001418,0.00001552,0.00001588,0.00001605,0.00001615,0.00001619,0.00001622
4.024000,0.00001018,0.00001418,0.00001552,0.00001588,0.00001605,0.00001615,0.00001620,0.00001622
4.026000,0.00001018,0.00001418,0.00001552,0.00001588,0.00001606,0.00001615,0.00001620,0.00001622
4.028000,0.00001018,0.00001419,0.00001553,0.00001588,0.00001606,0.00001615,0.00001620,0.00001622
4.030000,0.00001018,0.00001419,0.00001553,0.00001588,0.00001606,0.00001615,0.00001620,0.00001622
4.032000,0.00001018,0.00001419,0.00001553,0.00001588,0.00001606,0.00001615,0.00001620,0.00001622
4.033999,0.00001018,0.00001419,0.00001553,0.00001588,0.00001606,0.00001615,0.00001620,0.00001622
4.036000,0.00001018,0.00001419,0.00001553,0.00001588,0.00001606,0.00001615,0.00001620,0.00001622
4.038000,0.00001018,0.00001419,0.00001553,0.00001589,0.00001606,0.00001615,0.00001620,0.00001622
4.040000,0.00001018,0.00001419,0.00001553,0.00001589,0.00001606,0.00001615,0.00001620,0.00001622
4.042000,0.00001018,0.00001419,0.00001553,0.00001589,0.00001606,0.00001615,0.00001620,0.00001622
4.044000,0.00001019,0.00001419,0.00001553,0.00001589,0.00001606,0.00001616,0.00001621,0.00001623
4.046000,0.00001019,0.00001419,0.00001553,0.00001589,0.00001606,0.00001616,0.00001621,0.00001623
4.048000,0.00001019,0.00001419,0.00001553,0.00001589,0.00001607,0.00001616,0.00001621,0.00001623
4.050000,0.00001019,0.00001419,0.00001554,0.00001589,0.00001607,0.00001616,0.00001621,0.00001623
4.052000,0.00001019,0.00001419,0.00001554,0.00001589,0.00001607,0.00001616,0.00001621,0.00001623
4.053999,0.00001019,0.00001420,0.00001554,0.00001589,0.00001607,0.00001616,0.00001621,0.00001623
4.056000,0.00001019,0.00001420,0.00001554,0.00001589,0.00001607,0.00001616,0.00001621,0.00001623
4.058000,0.00001019,0.00001420,0.00001554,0.00001589,0.00001607,0.00001616,0.00001621,0.00001623
4.060000,0.00001019,0.00001420,0.00001554,0.00001589,0.00001607,0.00001616,0.00001621,0.00001623
4.062000,0.00001019,0.00001420,0.00001554,0.00001590,0.00001607,0.00001616,0.00001621,0.00001623
4.064000,0.00001019,0.00001420,0.00001554,0.00001590,0.00001607,0.00001616,0.00001621,0.00001623
4.066000,0.00001019,0.00001420,0.00001554,0.00001590,0.00001607,0.00001616,0.00001621,0.00001623
4.068000,0.00001019,0.00001420,0.00001554,0.00001590,0.00001607,0.00001617,0.00001622,0.00001624
4.070000,0.00001019,0.00001420,0.00001554,0.00001590,0.00001608,0.00001617,0.00001622,0.00001624
4.072000,0.00001019,0.00001420,0.00001554,0.00001590,0.00001608,0.00001617,0.00001622,0.00001624
4.073999,0.00001019,0.00001420,0.00001555,0.00001590,0.00001608,0.00001617,0.00001622,0.00001624
4.076000,0.00001020,0.00001420,0.00001555,0.00001590,0.00001608,0.00001617,0.00001622,0.00001624
4.078000,0.00001020,0.00001421,0.00001555,0.00001590,0.00001608,0.00001617,0.00001622,0.00001624
4.080000,0.00001020,0.00001421,0.00001555,0.00001590,0.00001608,0.00001617,0.00001622,0.00001624
4.082000,0.00001020,0.00001421,0.00001555,0.00001590,0.00001608,0.00001617,0.00001622,0.00001624
4.084000,0.00001020,0.00001421,0.00001555,0.00001591,0.00001608,0.00001617,0.00001622,0.00001624
4.085999,0.00001020,0.00001421,0.00001555,0.00001591,0.00001608,0.00001617,0.00001622,0.00001624
4.087999,0.00001020,0.00001421,0.00001555,0.00001591,0.00001608,0.00001617,0.00001622,0.00001624
4.090000,0.00001020,0.00001421,0.00001555,0.00001591,0.00001608,0.00001618,0.00001623,0.00001625
4.092000,0.00001020,0.00001421,0.00001555,0.00001591,0.00001609,0.00001618,0.00001623,0.00001625
4.094000,0.00001020,0.00001421,0.00001555,0.00001591,0.00001609,0.00001618,0.00001623,0.00001625
4.096000,0.00001020,0.00001421,0.00001556,0.00001591,0.00001609,0.00001618,0.00001623,0.00001625
4.098000,0.00001020,0.00001421,0.00001556,0.00001591,0.00001609,0.00001618,0.00001623,0.00001625
4.100000,0.00001020,0.00001421,0.00001556,0.00001591,0.00001609,0.00001618,0.00001623,0.00001625
4.102000,0.00001020,0.00001422,0.00001556,0.00001591,0.00001609,0.00001618,0.00001623,0.00001625
4.104000,0.00001020,0.00001422,0.00001556,0.00001591,0.00001609,0.00001618,0.00001623,0.00001625
4.105999,0.00001020,0.00001422,0.00001556,0.00001592,0.00001609,0.00001618,0.00001623,0.00001625
4.107999,0.00001021,0.00001422,0.00001556,0.00001592,0.00001609,0.00001618,0.00001623,0.00001625
4.110000,0.00001021,0.00001422,0.00001556,0.00001592,0.00001609,0.00001618,0.00001623,0.00001625
4.112000,0.00001021,0.00001422,0.00001556,0.00001592,0.00001609,0.00001619,0.00001624,0.00001626
4.114000,0.00001021,0.00001422,0.00001556,0.00001592,0.00001610,0.00001619,0.00001624,0.00001626
4.116000,0.00001021,0.00001422,0.00001556,0.00001592,0.00001610,0.00001619,0.00001624,0.00001626
4.118000,0.00001021,0.00001422,0.00001557,0.00001592,0.00001610,0.00001619,0.00001624,0.00001626
4.120000,0.00001021,0.00001422,0.00001557,0.00001592,0.00001610,0.00001619,0.00001624,0.00001626
4.122000,0.00001021,0.00001422,0.00001557,0.00001592,0.00001610,0.00001619,0.00001624,0.00001626
4.124000,0.00001021,0.00001422,0.00001557,0.00001592,0.00001610,0.00001619,0.00001624,0.00001626
4.125999,0.00001021,0.00001423,0.00001557,0.00001592,0.00001610,0.00001619,0.00001624,0.00001626
4.128000,0.00001021,0.00001423,0.00001557,0.00001593,0.00001610,0.00001619,0.00001624,0.00001626
4.130000,0.00001021,0.00001423,0.00001557,0.00001593,0.00001610,0.00001619,0.00001624,0.00001626
4.131999,0.00001021,0.00001423,0.00001557,0.00001593,0.00001610,0.00001619,0.00001624,0.00001626
4.134000,0.00001021,0.00001423,0.00001557,0.00001593,0.00001610,0.00001620,0.00001625,0.00001627
4.136000,0.00001021,0.00001423,0.00001557,0.00001593,0.00001611,0.00001620,0.00001625,0.00001627
4.138000,0.00001021,0.00001423,0.00001557,0.00001593,0.00001611,0.00001620,0.00001625,0.00001627
4.140000,0.00001022,0.00001423,0.00001557,0.00001593,0.00001611,0.00001620,0.00001625,0.00001627
4.142000,0.00001022,0.00001423,0.00001558,0.00001593,0.00001611,0.00001620,0.00001625,0.00001627
4.144000,0.00001022,0.00001423,0.00001558,0.00001593,0.00001611,0.00001620,0.00001625,0.00001627
4.145999,0.00001022,0.00001423,0.00001558,0.00001593,0.00001611,0.00001620,0.00001625,0.00001627
4.148000,0.00001022,0.00001423,0.00001558,0.00001593,0.00001611,0.00001620,0.00001625,0.00001627
4.150000,0.00001022,0.00001424,0.00001558,0.00001594,0.00001611,0.00001620,0.00001625,0.00001627
4.151999,0.00001022,0.00001424,0.00001558,0.00001594,0.00001611,0.00001620,0.00001625,0.00001627
4.154000,0.00001022,0.00001424,0.00001558,0.00001594,0.00001611,0.00001620,0.00001625,0.00001627
4.156000,0.00001022,0.00001424,0.00001558,0.00001594,0.00001611,0.00001621,0.00001626,0.00001628
4.158000,0.00001022,0.00001424,0.00001558,0.00001594,0.00001612,0.00001621,0.00001626,0.00001628
4.160000,0.00001022,0.00001424,0.00001558,0.00001594,0.00001612,0.00001621,0.00001626,0.00001628
4.162000,0.00001022,0.00001424,0.00001558,0.00001594,0.00001612,0.00001621,0.00001626,0.00001628
4.164000,0.00001022,0.00001424,0.00001559,0.00001594,0.00001612,0.00001621,0.00001626,0.00001628
4.165999,0.00001022,0.00001424,0.00001559,0.00001594,0.00001612,0.00001621,0.00001626,0.00001628
4.168000,0.00001022,0.00001424,0.00001559,0.00001594,0.00001612,0.00001621,0.00001626,0.00001628
4.170000,0.00001022,0.00001424,0.00001559,0.00001594,0.00001612,0.00001621,0.00001626,0.00001628
4.172000,0.00001023,0.00001424,0.00001559,0.00001595,0.00001612,0.00001621,0.00001626,0.00001628
4.174000,0.00001023,0.00001424,0.00001559,0.00001595,0.00001612,0.00001621,0.00001626,0.00001628
4.176000,0.00001023,0.00001425,0.00001559,0.00001595,0.00001612,0.00001621,0.00001626,0.00001628
4.178000,0.00001023,0.00001425,0.00001559,0.00001595,0.00001612,0.00001622,0.00001627,0.00001629
4.180000,0.00001023,0.00001425,0.00001559,0.00001595,0.00001613,0.00001622,0.00001627,0.00001629
4.182000,0.00001023,0.00001425,0.00001559,0.00001595,0.00001613,0.00001622,0.00001627,0.00001629
4.184000,0.00001023,0.00001425,0.00001559,0.00001595,0.00001613,0.00001622,0.00001627,0.00001629
4.185999,0.00001023,0.00001425,0.00001560,0.00001595,0.00001613,0.00001622,0.00001627,0.00001629
4.188000,0.00001023,0.00001425,0.00001560,0.00001595,0.00001613,0.00001622,0.00001627,0.00001629
4.190000,0.00001023,0.00001425,0.00001560,0.00001595,0.00001613,0.00001622,0.00001627,0.00001629
4.192000,0.00001023,0.00001425,0.00001560,0.00001595,0.00001613,0.00001622,0.00001627,0.00001629
4.194000,0.00001023,0.00001425,0.00001560,0.00001595,0.00001613,0.00001622,0.00001627,0.00001629
4.196000,0.00001023,0.00001425,0.00001560,0.00001596,0.00001613,0.00001622,0.00001627,0.00001629
4.198000,0.00001023,0.00001425,0.00001560,0.00001596,0.00001613,0.00001622,0.00001627,0.00001629
4.199999,0.00001023,0.00001426,0.00001560,0.00001596,0.00001613,0.00001623,0.00001628,0.00001630
4.202000,0.00001023,0.00001426,0.00001560,0.00001596,0.00001614,0.00001623,0.00001628,0.00001630
4.204000,0.00001023,0.00001426,0.00001560,0.00001596,0.00001614,0.00001623,0.00001628,0.00001630
4.206000,0.00001024,0.00001426,0.00001560,0.00001596,0.00001614,0.00001623,0.00001628,0.00001630
4.208000,0.00001024,0.00001426,0.00001561,0.00001596,0.00001614,0.00001623,0.00001628,0.00001630
4.210000,0.00001024,0.00001426,0.00001561,0.00001596,0.00001614,0.00001623,0.00001628,0.00001630
4.212000,0.00001024,0.00001426,0.00001561,0.00001596,0.00001614,0.00001623,0.00001628,0.00001630
4.214000,0.00001024,0.00001426,0.00001561,0.00001596,0.00001614,0.00001623,0.00001628,0.00001630
4.216000,0.00001024,0.00001426,0.00001561,0.00001596,0.00001614,0.00001623,0.00001628,0.00001630
4.217999,0.00001024,0.00001426,0.00001561,0.00001597,0.00001614,0.00001623,0.00001628,0.00001630
4.219999,0.00001024,0.00001426,0.00001561,0.00001597,0.00001614,0.00001623,0.00001628,0.00001630
4.222000,0.00001024,0.00001426,0.00001561,0.00001597,0.00001614,0.00001624,0.00001629,0.00001631
4.224000,0.00001024,0.00001427,0.00001561,0.00001597,0.00001614,0.00001624,0.00001629,0.00001631
4.226000,0.00001024,0.00001427,0.00001561,0.00001597,0.00001615,0.00001624,0.00001629,0.00001631
4.228000,0.00001024,0.00001427,0.00001561,0.00001597,0.00001615,0.00001624,0.00001629,0.00001631
4.230000,0.00001024,0.00001427,0.00001561,0.00001597,0.00001615,0.00001624,0.00001629,0.00001631
4.232000,0.00001024,0.00001427,0.00001562,0.00001597,0.00001615,0.00001624,0.00001629,0.00001631
4.234000,0.00001024,0.00001427,0.00001562,0.00001597,0.00001615,0.00001624,0.00001629,0.00001631
4.236000,0.00001024,0.00001427,0.00001562,0.00001597,0.00001615,0.00001624,0.00001629,0.00001631
4.237999,0.00001025,0.00001427,0.00001562,0.00001597,0.00001615,0.00001624,0.00001629,0.00001631
4.240000,0.00001025,0.00001427,0.00001562,0.00001598,0.00001615,0.00001624,0.00001629,0.00001631
4.242000,0.00001025,0.00001427,0.00001562,0.00001598,0.00001615,0.00001624,0.00001629,0.00001631
4.243999,0.00001025,0.00001427,0.00001562,0.00001598,0.00001615,0.00001625,0.00001630,0.00001632
4.246000,0.00001025,0.00001427,0.00001562,0.00001598,0.00001616,0.00001625,0.00001630,0.00001632
4.248000,0.00001025,0.00001428,0.00001562,0.00001598,0.00001616,0.00001625,0.00001630,0.00001632
4.250000,0.00001025,0.00001428,0.00001562,0.00001598,0.00001616,0.00001625,0.00001630,0.00001632
4.252000,0.00001025,0.00001428,0.00001562,0.00001598,0.00001616,0.00001625,0.00001630,0.00001632
4.254000,0.00001025,0.00001428,0.00001563,0.00001598,0.00001616,0.00001625,0.00001630,0.00001632
4.256000,0.00001025,0.00001428,0.00001563,0.00001598,0.00001616,0.00001625,0.00001630,0.00001632
4.257999,0.00001025,0.00001428,0.00001563,0.00001598,0.00001616,0.00001625,0.00001630,0.00001632
4.260000,0.00001025,0.00001428,0.00001563,0.00001598,0.00001616,0.00001625,0.00001630,0.00001632
4.262000,0.00001025,0.00001428,0.00001563,0.00001599,0.00001616,0.00001625,0.00001630,0.00001632
4.263999,0.00001025,0.00001428,0.00001563,0.00001599,0.00001616,0.00001625,0.00001630,0.00001632
4.266000,0.00001025,0.00001428,0.00001563,0.00001599,0.00001616,0.00001626,0.00001631,0.00001633
4.268000,0.00001025,0.00001428,0.00001563,0.00001599,0.00001616,0.00001626,0.00001631,0.00001633
4.270000,0.00001026,0.00001428,0.00001563,0.00001599,0.00001617,0.00001626,0.00001631,0.00001633
4.272000,0.00001026,0.00001429,0.00001563,0.00001599,0.00001617,0.00001626,0.00001631,0.00001633
4.274000,0.00001026,0.00001429,0.00001563,0.00001599,0.00001617,0.00001626,0.00001631,0.00001633
4.276000,0.00001026,0.00001429,0.00001564,0.00001599,0.00001617,0.00001626,0.00001631,0.00001633
4.277999,0.00001026,0.00001429,0.00001564,0.00001599,0.00001617,0.00001626,0.00001631,0.00001633
4.280000,0.00001026,0.00001429,0.00001564,0.00001599,0.00001617,0.00001626,0.00001631,0.00001633
4.282000,0.00001026,0.00001429,0.00001564,0.00001599,0.00001617,0.00001626,0.00001631,0.00001633
4.284000,0.00001026,0.00001429,0.00001564,0.00001600,0.00001617,0.00001626,0.00001631,0.00001633
4.286000,0.00001026,0.00001429,0.00001564,0.00001600,0.00001617,0.00001626,0.00001631,0.00001633
4.288000,0.00001026,0.00001429,0.00001564,0.00001600,0.00001617,0.00001627,0.00001632,0.00001634
4.290000,0.00001026,0.00001429,0.00001564,0.00001600,0.00001617,0.00001627,0.00001632,0.00001634
4.292000,0.00001026,0.00001429,0.00001564,0.00001600,0.00001618,0.00001627,0.00001632,0.00001634
4.294000,0.00001026,0.00001429,0.00001564,0.00001600,0.00001618,0.00001627,0.00001632,0.00001634
4.296000,0.00001026,0.00001430,0.00001564,0.00001600,0.00001618,0.00001627,0.00001632,0.00001634
4.297999,0.00001026,0.00001430,0.00001564,0.00001600,0.00001618,0.00001627,0.00001632,0.00001634
4.300000,0.00001026,0.00001430,0.00001565,0.00001600,0.00001618,0.00001627,0.00001632,0.00001634
4.302000,0.00001027,0.00001430,0.00001565,0.00001600,0.00001618,0.00001627,0.00001632,0.00001634
4.304000,0.00001027,0.00001430,0.00001565,0.00001600,0.00001618,0.00001627,0.00001632,0.00001634
4.306000,0.00001027,0.00001430,0.00001565,0.00001601,0.00001618,0.00001627,0.00001632,0.00001634
4.308000,0.00001027,0.00001430,0.00001565,0.00001601,0.00001618,0.00001627,0.00001632,0.00001634
4.310000,0.00001027,0.00001430,0.00001565,0.00001601,0.00001618,0.00001628,0.00001633,0.00001635
4.311999,0.00001027,0.00001430,0.00001565,0.00001601,0.00001618,0.00001628,0.00001633,0.00001635
4.314000,0.00001027,0.00001430,0.00001565,0.00001601,0.00001619,0.00001628,0.00001633,0.00001635
4.316000,0.00001027,0.00001430,0.00001565,0.00001601,0.00001619,0.00001628,0.00001633,0.00001635
4.318000,0.00001027,0.00001430,0.00001565,0.00001601,0.00001619,0.00001628,0.00001633,0.00001635
4.320000,0.00001027,0.00001431,0.00001565,0.00001601,0.00001619,0.00001628,0.00001633,0.00001635
4.322000,0.00001027,0.00001431,0.00001566,0.00001601,0.00001619,0.00001628,0.00001633,0.00001635
4.324000,0.00001027,0.00001431,0.00001566,0.00001601,0.00001619,0.00001628,0.00001633,0.00001635
4.326000,0.00001027,0.00001431,0.00001566,0.00001601,0.00001619,0.00001628,0.00001633,0.00001635
4.328000,0.00001027,0.00001431,0.00001566,0.00001602,0.00001619,0.00001628,0.00001633,0.00001635
4.329999,0.00001027,0.00001431,0.00001566,0.00001602,0.00001619,0.00001628,0.00001633,0.00001635
4.331999,0.00001027,0.00001431,0.00001566,0.00001602,0.00001619,0.00001629,0.00001634,0.00001636
4.334000,0.00001028,0.00001431,0.00001566,0.00001602,0.00001619,0.00001629,0.00001634,0.00001636
4.335999,0.00001028,0.00001431,0.00001566,0.00001602,0.00001620,0.00001629,0.00001634,0.00001636
4.338000,0.00001028,0.00001431,0.00001566,0.00001602,0.00001620,0.00001629,0.00001634,0.00001636
4.340000,0.00001028,0.00001431,0.00001566,0.00001602,0.00001620,0.00001629,0.00001634,0.00001636
4.342000,0.00001028,0.00001431,0.00001566,0.00001602,0.00001620,0.00001629,0.00001634,0.00001636
4.344000,0.00001028,0.00001432,0.00001567,0.00001602,0.00001620,0.00001629,0.00001634,0.00001636
4.346000,0.00001028,0.00001432,0.00001567,0.00001602,0.00001620,0.00001629,0.00001634,0.00001636
4.348000,0.00001028,0.00001432,0.00001567,0.00001602,0.00001620,0.00001629,0.00001634,0.00001636
4.349999,0.00001028,0.00001432,0.00001567,0.00001603,0.00001620,0.00001629,0.00001634,0.00001636
4.352000,0.00001028,0.00001432,0.00001567,0.00001603,0.00001620,0.00001629,0.00001634,0.00001636
4.354000,0.00001028,0.00001432,0.00001567,0.00001603,0.00001620,0.00001630,0.00001635,0.00001637
4.355999,0.00001028,0.00001432,0.00001567,0.00001603,0.00001620,0.00001630,0.00001635,0.00001637
4.358000,0.00001028,0.00001432,0.00001567,0.00001603,0.00001621,0.00001630,0.00001635,0.00001637
4.360000,0.00001028,0.00001432,0.00001567,0.00001603,0.00001621,0.00001630,0.00001635,0.00001637
4.362000,0.00001028,0.00001432,0.00001567,0.00001603,0.00001621,0.00001630,0.00001635,0.00001637
4.364000,0.00001028,0.00001432,0.00001567,0.00001603,0.00001621,0.00001630,0.00001635,0.00001637
4.366000,0.00001029,0.00001432,0.00001568,0.00001603,0.00001621,0.00001630,0.00001635,0.00001637
4.368000,0.00001029,0.00001433,0.00001568,0.00001603,0.00001621,0.00001630,0.00001635,0.00001637
4.369999,0.00001029,0.00001433,0.00001568,0.00001603,0.00001621,0.00001630,0.00001635,0.00001637
4.372000,0.00001029,0.00001433,0.00001568,0.00001604,0.00001621,0.00001630,0.00001635,0.00001637
4.374000,0.00001029,0.00001433,0.00001568,0.00001604,0.00001621,0.00001630,0.00001635,0.00001637
4.375999,0.00001029,0.00001433,0.00001568,0.00001604,0.00001621,0.00001631,0.00001636,0.00001638
4.378000,0.00001029,0.00001433,0.00001568,0.00001604,0.00001621,0.00001631,0.00001636,0.00001638
4.380000,0.00001029,0.00001433,0.00001568,0.00001604,0.00001622,0.00001631,0.00001636,0.00001638
4.382000,0.00001029,0.00001433,0.00001568,0.00001604,0.00001622,0.00001631,0.00001636,0.00001638
4.384000,0.00001029,0.00001433,0.00001568,0.00001604,0.00001622,0.00001631,0.00001636,0.00001638
4.386000,0.00001029,0.00001433,0.00001568,0.00001604,0.00001622,0.00001631,0.00001636,0.00001638
4.388000,0.00001029,0.00001433,0.00001568,0.00001604,0.00001622,0.00001631,0.00001636,0.00001638
4.389999,0.00001029,0.00001433,0.00001569,0.00001604,0.00001622,0.00001631,0.00001636,0.00001638
4.392000,0.00001029,0.00001434,0.00001569,0.00001604,0.00001622,0.00001631,0.00001636,0.00001638
4.394000,0.00001029,0.00001434,0.00001569,0.00001605,0.00001622,0.00001631,0.00001636,0.00001638
4.396000,0.00001029,0.00001434,0.00001569,0.00001605,0.00001622,0.00001631,0.00001636,0.00001638
4.398000,0.00001030,0.00001434,0.00001569,0.00001605,0.00001622,0.00001632,0.00001637,0.00001639
4.400000,0.00001030,0.00001434,0.00001569,0.00001605,0.00001622,0.00001632,0.00001637,0.00001639
4.402000,0.00001030,0.00001434,0.00001569,0.00001605,0.00001623,0.00001632,0.00001637,0.00001639
4.404000,0.00001030,0.00001434,0.00001569,0.00001605,0.00001623,0.00001632,0.00001637,0.00001639
4.406000,0.00001030,0.00001434,0.00001569,0.00001605,0.00001623,0.00001632,0.00001637,0.00001639
4.408000,0.00001030,0.00001434,0.00001569,0.00001605,0.00001623,0.00001632,0.00001637,0.00001639
4.409999,0.00001030,0.00001434,0.00001569,0.00001605,0.00001623,0.00001632,0.00001637,0.00001639
4.412000,0.00001030,0.00001434,0.00001570,0.00001605,0.00001623,0.00001632,0.00001637,0.00001639
4.414000,0.00001030,0.00001434,0.00001570,0.00001605,0.00001623,0.00001632,0.00001637,0.00001639
4.416000,0.00001030,0.00001435,0.00001570,0.00001606,0.00001623,0.00001632,0.00001637,0.00001639
4.418000,0.00001030,0.00001435,0.00001570,0.00001606,0.00001623,0.00001632,0.00001637,0.00001639
4.420000,0.00001030,0.00001435,0.00001570,0.00001606,0.00001623,0.00001633,0.00001638,0.00001640
4.422000,0.00001030,0.00001435,0.00001570,0.00001606,0.00001623,0.00001633,0.00001638,0.00001640
4.423999,0.00001030,0.00001435,0.00001570,0.00001606,0.00001624,0.00001633,0.00001638,0.00001640
4.426000,0.00001030,0.00001435,0.00001570,0.00001606,0.00001624,0.00001633,0.00001638,0.00001640
4.427999,0.00001030,0.00001435,0.00001570,0.00001606,0.00001624,0.00001633,0.00001638,0.00001640
4.430000,0.00001031,0.00001435,0.00001570,0.00001606,0.00001624,0.00001633,0.00001638,0.00001640
4.432000,0.00001031,0.00001435,0.00001570,0.00001606,0.00001624,0.00001633,0.00001638,0.00001640
4.434000,0.00001031,0.00001435,0.00001571,0.00001606,0.00001624,0.00001633,0.00001638,0.00001640
4.436000,0.00001031,0.00001435,0.00001571,0.00001606,0.00001624,0.00001633,0.00001638,0.00001640
4.438000,0.00001031,0.00001435,0.00001571,0.00001607,0.00001624,0.00001633,0.00001638,0.00001640
4.440000,0.00001031,0.00001436,0.00001571,0.00001607,0.00001624,0.00001633,0.00001638,0.00001640
4.441999,0.00001031,0.00001436,0.00001571,0.00001607,0.00001624,0.00001634,0.00001639,0.00001641
4.443999,0.00001031,0.00001436,0.00001571,0.00001607,0.00001625,0.00001634,0.00001639,0.00001641
4.446000,0.00001031,0.00001436,0.00001571,0.00001607,0.00001625,0.00001634,0.00001639,0.00001641
4.447999,0.00001031,0.00001436,0.00001571,0.00001607,0.00001625,0.00001634,0.00001639,0.00001641
4.450000,0.00001031,0.00001436,0.00001571,0.00001607,0.00001625,0.00001634,0.00001639,0.00001641
4.452000,0.00001031,0.00001436,0.00001571,0.00001607,0.00001625,0.00001634,0.00001639,0.00001641
4.454000,0.00001031,0.00001436,0.00001571,0.00001607,0.00001625,0.00001634,0.00001639,0.00001641
4.456000,0.00001031,0.00001436,0.00001572,0.00001607,0.00001625,0.00001634,0.00001639,0.00001641
4.458000,0.00001031,0.00001436,0.00001572,0.00001607,0.00001625,0.00001634,0.00001639,0.00001641
4.460000,0.00001031,0.00001436,0.00001572,0.00001608,0.00001625,0.00001634,0.00001639,0.00001641
4.461999,0.00001032,0.00001436,0.00001572,0.00001608,0.00001625,0.00001634,0.00001640,0.00001642
4.464000,0.00001032,0.00001437,0.00001572,0.00001608,0.00001625,0.00001635,0.00001640,0.00001642
4.466000,0.00001032,0.00001437,0.00001572,0.00001608,0.00001626,0.00001635,0.00001640,0.00001642
4.467999,0.00001032,0.00001437,0.00001572,0.00001608,0.00001626,0.00001635,0.00001640,0.00001642
4.470000,0.00001032,0.00001437,0.00001572,0.00001608,0.00001626,0.00001635,0.00001640,0.00001642
4.472000,0.00001032,0.00001437,0.00001572,0.00001608,0.00001626,0.00001635,0.00001640,0.00001642
4.474000,0.00001032,0.00001437,0.00001572,0.00001608,0.00001626,0.00001635,0.00001640,0.00001642
4.476000,0.00001032,0.00001437,0.00001572,0.00001608,0.00001626,0.00001635,0.00001640,0.00001642
4.478000,0.00001032,0.00001437,0.00001573,0.00001608,0.00001626,0.00001635,0.00001640,0.00001642
4.480000,0.00001032,0.00001437,0.00001573,0.00001608,0.00001626,0.00001635,0.00001640,0.00001642
4.481999,0.00001032,0.00001437,0.00001573,0.00001609,0.00001626,0.00001635,0.00001640,0.00001642
4.484000,0.00001032,0.00001437,0.00001573,0.00001609,0.00001626,0.00001635,0.00001641,0.00001643
4.486000,0.00001032,0.00001437,0.00001573,0.00001609,0.00001626,0.00001636,0.00001641,0.00001643
4.487999,0.00001032,0.00001438,0.00001573,0.00001609,0.00001627,0.00001636,0.00001641,0.00001643
4.490000,0.00001032,0.00001438,0.00001573,0.00001609,0.00001627,0.00001636,0.00001641,0.00001643
4.492000,0.00001032,0.00001438,0.00001573,0.00001609,0.00001627,0.00001636,0.00001641,0.00001643
4.494000,0.00001033,0.00001438,0.00001573,0.00001609,0.00001627,0.00001636,0.00001641,0.00001643
4.496000,0.00001033,0.00001438,0.00001573,0.00001609,0.00001627,0.00001636,0.00001641,0.00001643
4.498000,0.00001033,0.00001438,0.00001573,0.00001609,0.00001627,0.00001636,0.00001641,0.00001643
4.500000,0.00001033,0.00001438,0.00001574,0.00001609,0.00001627,0.00001636,0.00001641,0.00001643
4.501999,0.00001033,0.00001438,0.00001574,0.00001609,0.00001627,0.00001636,0.00001641,0.00001643
4.504000,0.00001033,0.00001438,0.00001574,0.00001610,0.00001627,0.00001636,0.00001641,0.00001643
4.506000,0.00001033,0.00001438,0.00001574,0.00001610,0.00001627,0.00001637,0.00001642,0.00001644
4.508000,0.00001033,0.00001438,0.00001574,0.00001610,0.00001627,0.00001637,0.00001642,0.00001644
4.510000,0.00001033,0.00001438,0.00001574,0.00001610,0.00001628,0.00001637,0.00001642,0.00001644
4.512000,0.00001033,0.00001439,0.00001574,0.00001610,0.00001628,0.00001637,0.00001642,0.00001644
4.514000,0.00001033,0.00001439,0.00001574,0.00001610,0.00001628,0.00001637,0.00001642,0.00001644
4.516000,0.00001033,0.00001439,0.00001574,0.00001610,0.00001628,0.00001637,0.00001642,0.00001644
4.518000,0.00001033,0.00001439,0.00001574,0.00001610,0.00001628,0.00001637,0.00001642,0.00001644
4.520000,0.00001033,0.00001439,0.00001574,0.00001610,0.00001628,0.00001637,0.00001642,0.00001644
4.521999,0.00001033,0.00001439,0.00001574,0.00001610,0.00001628,0.00001637,0.00001642,0.00001644
4.524000,0.00001033,0.00001439,0.00001575,0.00001610,0.00001628,0.00001637,0.00001642,0.00001644
4.526000,0.00001034,0.00001439,0.00001575,0.00001611,0.00001628,0.00001637,0.00001642,0.00001644
4.528000,0.00001034,0.00001439,0.00001575,0.00001611,0.00001628,0.00001638,0.00001643,0.00001645
4.530000,0.00001034,0.00001439,0.00001575,0.00001611,0.00001628,0.00001638,0.00001643,0.00001645
4.532000,0.00001034,0.00001439,0.00001575,0.00001611,0.00001629,0.00001638,0.00001643,0.00001645
4.534000,0.00001034,0.00001439,0.00001575,0.00001611,0.00001629,0.00001638,0.00001643,0.00001645
4.535999,0.00001034,0.00001440,0.00001575,0.00001611,0.00001629,0.00001638,0.00001643,0.00001645
4.538000,0.00001034,0.00001440,0.00001575,0.00001611,0.00001629,0.00001638,0.00001643,0.00001645
4.539999,0.00001034,0.00001440,0.00001575,0.00001611,0.00001629,0.00001638,0.00001643,0.00001645
4.542000,0.00001034,0.00001440,0.00001575,0.00001611,0.00001629,0.00001638,0.00001643,0.00001645
4.544000,0.00001034,0.00001440,0.00001575,0.00001611,0.00001629,0.00001638,0.00001643,0.00001645
4.546000,0.00001034,0.00001440,0.00001576,0.00001611,0.00001629,0.00001638,0.00001643,0.00001645
4.548000,0.00001034,0.00001440,0.00001576,0.00001612,0.00001629,0.00001638,0.00001643,0.00001645
4.550000,0.00001034,0.00001440,0.00001576,0.00001612,0.00001629,0.00001639,0.00001644,0.00001646
4.552000,0.00001034,0.00001440,0.00001576,0.00001612,0.00001629,0.00001639,0.00001644,0.00001646
4.553999,0.00001034,0.00001440,0.00001576,0.00001612,0.00001630,0.00001639,0.00001644,0.00001646
4.555999,0.00001035,0.00001440,0.00001576,0.00001612,0.00001630,0.00001639,0.00001644,0.00001646
4.558000,0.00001035,0.00001440,0.00001576,0.00001612,0.00001630,0.00001639,0.00001644,0.00001646
4.559999,0.00001035,0.00001441,0.00001576,0.00001612,0.00001630,0.00001639,0.00001644,0.00001646
4.562000,0.00001035,0.00001441,0.00001576,0.00001612,0.00001630,0.00001639,0.00001644,0.00001646
4.564000,0.00001035,0.00001441,0.00001576,0.00001612,0.00001630,0.00001639,0.00001644,0.00001646
4.566000,0.00001035,0.00001441,0.00001576,0.00001612,0.00001630,0.00001639,0.00001644,0.00001646
4.568000,0.00001035,0.00001441,0.00001577,0.00001612,0.00001630,0.00001639,0.00001644,0.00001646
4.570000,0.00001035,0.00001441,0.00001577,0.00001613,0.00001630,0.00001639,0.00001644,0.00001646
4.572000,0.00001035,0.00001441,0.00001577,0.00001613,0.00001630,0.00001640,0.00001645,0.00001647
4.573999,0.00001035,0.00001441,0.00001577,0.00001613,0.00001630,0.00001640,0.00001645,0.00001647
4.576000,0.00001035,0.00001441,0.00001577,0.00001613,0.00001631,0.00001640,0.00001645,0.00001647
4.578000,0.00001035,0.00001441,0.00001577,0.00001613,0.00001631,0.00001640,0.00001645,0.00001647
4.579999,0.00001035,0.00001441,0.00001577,0.00001613,0.00001631,0.00001640,0.00001645,0.00001647
4.582000,0.00001035,0.00001441,0.00001577,0.00001613,0.00001631,0.00001640,0.00001645,0.00001647
4.584000,0.00001035,0.00001442,0.00001577,0.00001613,0.00001631,0.00001640,0.00001645,0.00001647
4.586000,0.00001035,0.00001442,0.00001577,0.00001613,0.00001631,0.00001640,0.00001645,0.00001647
4.588000,0.00001036,0.00001442,0.00001577,0.00001613,0.00001631,0.00001640,0.00001645,0.00001647
4.590000,0.00001036,0.00001442,0.00001578,0.00001613,0.00001631,0.00001640,0.00001645,0.00001647
4.592000,0.00001036,0.00001442,0.00001578,0.00001614,0.00001631,0.00001640,0.00001645,0.00001647
4.593999,0.00001036,0.00001442,0.00001578,0.00001614,0.00001631,0.00001641,0.00001646,0.00001648
4.596000,0.00001036,0.00001442,0.00001578,0.00001614,0.00001631,0.00001641,0.00001646,0.00001648
4.598000,0.00001036,0.00001442,0.00001578,0.00001614,0.00001632,0.00001641,0.00001646,0.00001648
4.599999,0.00001036,0.00001442,0.00001578,0.00001614,0.00001632,0.00001641,0.00001646,0.00001648
4.602000,0.00001036,0.00001442,0.00001578,0.00001614,0.00001632,0.00001641,0.00001646,0.00001648
4.604000,0.00001036,0.00001442,0.00001578,0.00001614,0.00001632,0.00001641,0.00001646,0.00001648
4.606000,0.00001036,0.00001442,0.00001578,0.00001614,0.00001632,0.00001641,0.00001646,0.00001648
4.608000,0.00001036,0.00001443,0.00001578,0.00001614,0.00001632,0.00001641,0.00001646,0.00001648
4.610000,0.00001036,0.00001443,0.00001578,0.00001614,0.00001632,0.00001641,0.00001646,0.00001648
4.612000,0.00001036,0.00001443,0.00001579,0.00001614,0.00001632,0.00001641,0.00001646,0.00001648
4.613999,0.00001036,0.00001443,0.00001579,0.00001615,0.00001632,0.00001641,0.00001646,0.00001649
4.616000,0.00001036,0.00001443,0.00001579,0.00001615,0.00001632,0.00001642,0.00001647,0.00001649
4.618000,0.00001036,0.00001443,0.00001579,0.00001615,0.00001632,0.00001642,0.00001647,0.00001649
4.620000,0.00001037,0.00001443,0.00001579,0.00001615,0.00001633,0.00001642,0.00001647,0.00001649
4.622000,0.00001037,0.00001443,0.00001579,0.00001615,0.00001633,0.00001642,0.00001647,0.00001649
4.624000,0.00001037,0.00001443,0.00001579,0.00001615,0.00001633,0.00001642,0.00001647,0.00001649
4.626000,0.00001037,0.00001443,0.00001579,0.00001615,0.00001633,0.00001642,0.00001647,0.00001649
4.628000,0.00001037,0.00001443,0.00001579,0.00001615,0.00001633,0.00001642,0.00001647,0.00001649
4.630000,0.00001037,0.00001443,0.00001579,0.00001615,0.00001633,0.00001642,0.00001647,0.00001649
4.631999,0.00001037,0.00001444,0.00001579,0.00001615,0.00001633,0.00001642,0.00001647,0.00001649
4.633999,0.00001037,0.00001444,0.00001580,0.00001615,0.00001633,0.00001642,0.00001647,0.00001649
4.636000,0.00001037,0.00001444,0.00001580,0.00001616,0.00001633,0.00001642,0.00001648,0.00001650
4.638000,0.00001037,0.00001444,0.00001580,0.00001616,0.00001633,0.00001643,0.00001648,0.00001650
4.640000,0.00001037,0.00001444,0.00001580,0.00001616,0.00001633,0.00001643,0.00001648,0.00001650
4.642000,0.00001037,0.00001444,0.00001580,0.00001616,0.00001634,0.00001643,0.00001648,0.00001650
4.644000,0.00001037,0.00001444,0.00001580,0.00001616,0.00001634,0.00001643,0.00001648,0.00001650
4.646000,0.00001037,0.00001444,0.00001580,0.00001616,0.00001634,0.00001643,0.00001648,0.00001650
4.648000,0.00001037,0.00001444,0.00001580,0.00001616,0.00001634,0.00001643,0.00001648,0.00001650
4.650000,0.00001037,0.00001444,0.00001580,0.00001616,0.00001634,0.00001643,0.00001648,0.00001650
4.651999,0.00001038,0.00001444,0.00001580,0.00001616,0.00001634,0.00001643,0.00001648,0.00001650
4.654000,0.00001038,0.00001444,0.00001580,0.00001616,0.00001634,0.00001643,0.00001648,0.00001650
4.656000,0.00001038,0.00001445,0.00001581,0.00001616,0.00001634,0.00001643,0.00001648,0.00001650
4.658000,0.00001038,0.00001445,0.00001581,0.00001617,0.00001634,0.00001644,0.00001649,0.00001651
4.660000,0.00001038,0.00001445,0.00001581,0.00001617,0.00001634,0.00001644,0.00001649,0.00001651
4.662000,0.00001038,0.00001445,0.00001581,0.00001617,0.00001635,0.00001644,0.00001649,0.00001651
4.664000,0.00001038,0.00001445,0.00001581,0.00001617,0.00001635,0.00001644,0.00001649,0.00001651
4.665999,0.00001038,0.00001445,0.00001581,0.00001617,0.00001635,0.00001644,0.00001649,0.00001651
4.667999,0.00001038,0.00001445,0.00001581,0.00001617,0.00001635,0.00001644,0.00001649,0.00001651
4.670000,0.00001038,0.00001445,0.00001581,0.00001617,0.00001635,0.00001644,0.00001649,0.00001651
4.671999,0.00001038,0.00001445,0.00001581,0.00001617,0.00001635,0.00001644,0.00001649,0.00001651
4.674000,0.00001038,0.00001445,0.00001581,0.00001617,0.00001635,0.00001644,0.00001649,0.00001651
4.676000,0.00001038,0.00001445,0.00001581,0.00001617,0.00001635,0.00001644,0.00001649,0.00001651
4.677999,0.00001038,0.00001445,0.00001582,0.00001617,0.00001635,0.00001644,0.00001649,0.00001651
4.680000,0.00001038,0.00001446,0.00001582,0.00001618,0.00001635,0.00001645,0.00001650,0.00001652
4.682000,0.00001038,0.00001446,0.00001582,0.00001618,0.00001635,0.00001645,0.00001650,0.00001652
4.684000,0.00001039,0.00001446,0.00001582,0.00001618,0.00001636,0.00001645,0.00001650,0.00001652
4.685999,0.00001039,0.00001446,0.00001582,0.00001618,0.00001636,0.00001645,0.00001650,0.00001652
4.688000,0.00001039,0.00001446,0.00001582,0.00001618,0.00001636,0.00001645,0.00001650,0.00001652
4.690000,0.00001039,0.00001446,0.00001582,0.00001618,0.00001636,0.00001645,0.00001650,0.00001652
4.691999,0.00001039,0.00001446,0.00001582,0.00001618,0.00001636,0.00001645,0.00001650,0.00001652
4.694000,0.00001039,0.00001446,0.00001582,0.00001618,0.00001636,0.00001645,0.00001650,0.00001652
4.696000,0.00001039,0.00001446,0.00001582,0.00001618,0.00001636,0.00001645,0.00001650,0.00001652
4.698000,0.00001039,0.00001446,0.00001582,0.00001618,0.00001636,0.00001645,0.00001650,0.00001652
4.700000,0.00001039,0.00001446,0.00001583,0.00001618,0.00001636,0.00001645,0.00001650,0.00001652
4.702000,0.00001039,0.00001447,0.00001583,0.00001619,0.00001636,0.00001646,0.00001651,0.00001653
4.704000,0.00001039,0.00001447,0.00001583,0.00001619,0.00001636,0.00001646,0.00001651,0.00001653
4.705999,0.00001039,0.00001447,0.00001583,0.00001619,0.00001637,0.00001646,0.00001651,0.00001653
4.708000,0.00001039,0.00001447,0.00001583,0.00001619,0.00001637,0.00001646,0.00001651,0.00001653
4.710000,0.00001039,0.00001447,0.00001583,0.00001619,0.00001637,0.00001646,0.00001651,0.00001653
4.711999,0.00001039,0.00001447,0.00001583,0.00001619,0.00001637,0.00001646,0.00001651,0.00001653
4.714000,0.00001039,0.00001447,0.00001583,0.00001619,0.00001637,0.00001646,0.00001651,0.00001653
4.716000,0.00001040,0.00001447,0.00001583,0.00001619,0.00001637,0.00001646,0.00001651,0.00001653
4.718000,0.00001040,0.00001447,0.00001583,0.00001619,0.00001637,0.00001646,0.00001651,0.00001653
4.720000,0.00001040,0.00001447,0.00001583,0.00001619,0.00001637,0.00001646,0.00001651,0.00001653
4.722000,0.00001040,0.00001447,0.00001584,0.00001619,0.00001637,0.00001646,0.00001652,0.00001654
4.724000,0.00001040,0.00001447,0.00001584,0.00001620,0.00001637,0.00001647,0.00001652,0.00001654
4.725999,0.00001040,0.00001448,0.00001584,0.00001620,0.00001637,0.00001647,0.00001652,0.00001654
4.728000,0.00001040,0.00001448,0.00001584,0.00001620,0.00001638,0.00001647,0.00001652,0.00001654
4.730000,0.00001040,0.00001448,0.00001584,0.00001620,0.00001638,0.00001647,0.00001652,0.00001654
4.732000,0.00001040,0.00001448,0.00001584,0.00001620,0.00001638,0.00001647,0.00001652,0.00001654
4.734000,0.00001040,0.00001448,0.00001584,0.00001620,0.00001638,0.00001647,0.00001652,0.00001654
4.736000,0.00001040,0.00001448,0.00001584,0.00001620,0.00001638,0.00001647,0.00001652,0.00001654
4.738000,0.00001040,0.00001448,0.00001584,0.00001620,0.00001638,0.00001647,0.00001652,0.00001654
4.740000,0.00001040,0.00001448,0.00001584,0.00001620,0.00001638,0.00001647,0.00001652,0.00001654
4.742000,0.00001040,0.00001448,0.00001584,0.00001620,0.00001638,0.00001647,0.00001652,0.00001654
4.743999,0.00001040,0.00001448,0.00001585,0.00001621,0.00001638,0.00001647,0.00001653,0.00001655
4.745999,0.00001041,0.00001448,0.00001585,0.00001621,0.00001638,0.00001648,0.00001653,0.00001655
4.748000,0.00001041,0.00001448,0.00001585,0.00001621,0.00001638,0.00001648,0.00001653,0.00001655
4.750000,0.00001041,0.00001449,0.00001585,0.00001621,0.00001639,0.00001648,0.00001653,0.00001655
4.752000,0.00001041,0.00001449,0.00001585,0.00001621,0.00001639,0.00001648,0.00001653,0.00001655
4.754000,0.00001041,0.00001449,0.00001585,0.00001621,0.00001639,0.00001648,0.00001653,0.00001655
4.756000,0.00001041,0.00001449,0.00001585,0.00001621,0.00001639,0.00001648,0.00001653,0.00001655
4.758000,0.00001041,0.00001449,0.00001585,0.00001621,0.00001639,0.00001648,0.00001653,0.00001655
4.760000,0.00001041,0.00001449,0.00001585,0.00001621,0.00001639,0.00001648,0.00001653,0.00001655
4.762000,0.00001041,0.00001449,0.00001585,0.00001621,0.00001639,0.00001648,0.00001653,0.00001655
4.763999,0.00001041,0.00001449,0.00001585,0.00001621,0.00001639,0.00001648,0.00001653,0.00001655
4.766000,0.00001041,0.00001449,0.00001585,0.00001622,0.00001639,0.00001649,0.00001654,0.00001656
4.768000,0.00001041,0.00001449,0.00001586,0.00001622,0.00001639,0.00001649,0.00001654,0.00001656
4.770000,0.00001041,0.00001449,0.00001586,0.00001622,0.00001640,0.00001649,0.00001654,0.00001656
4.772000,0.00001041,0.00001449,0.00001586,0.00001622,0.00001640,0.00001649,0.00001654,0.00001656
4.774000,0.00001041,0.00001450,0.00001586,0.00001622,0.00001640,0.00001649,0.00001654,0.00001656
4.776000,0.00001041,0.00001450,0.00001586,0.00001622,0.00001640,0.00001649,0.00001654,0.00001656
4.778000,0.00001042,0.00001450,0.00001586,0.00001622,0.00001640,0.00001649,0.00001654,0.00001656
4.779999,0.00001042,0.00001450,0.00001586,0.00001622,0.00001640,0.00001649,0.00001654,0.00001656
4.782000,0.00001042,0.00001450,0.00001586,0.00001622,0.00001640,0.00001649,0.00001654,0.00001656
4.783999,0.00001042,0.00001450,0.00001586,0.00001622,0.00001640,0.00001649,0.00001654,0.00001656
4.786000,0.00001042,0.00001450,0.00001586,0.00001622,0.00001640,0.00001649,0.00001654,0.00001656
4.788000,0.00001042,0.00001450,0.00001587,0.00001623,0.00001640,0.00001650,0.00001655,0.00001657
4.789999,0.00001042,0.00001450,0.00001587,0.00001623,0.00001640,0.00001650,0.00001655,0.00001657
4.792000,0.00001042,0.00001450,0.00001587,0.00001623,0.00001641,0.00001650,0.00001655,0.00001657
4.794000,0.00001042,0.00001450,0.00001587,0.00001623,0.00001641,0.00001650,0.00001655,0.00001657
4.796000,0.00001042,0.00001450,0.00001587,0.00001623,0.00001641,0.00001650,0.00001655,0.00001657
4.797999,0.00001042,0.00001451,0.00001587,0.00001623,0.00001641,0.00001650,0.00001655,0.00001657
4.800000,0.00001042,0.00001451,0.00001587,0.00001623,0.00001641,0.00001650,0.00001655,0.00001657
4.802000,0.00001042,0.00001451,0.00001587,0.00001623,0.00001641,0.00001650,0.00001655,0.00001657
4.803999,0.00001042,0.00001451,0.00001587,0.00001623,0.00001641,0.00001650,0.00001655,0.00001657
4.806000,0.00001042,0.00001451,0.00001587,0.00001623,0.00001641,0.00001650,0.00001655,0.00001657
4.808000,0.00001042,0.00001451,0.00001587,0.00001623,0.00001641,0.00001650,0.00001655,0.00001658
4.810000,0.00001043,0.00001451,0.00001587,0.00001624,0.00001641,0.00001651,0.00001656,0.00001658
4.812000,0.00001043,0.00001451,0.00001588,0.00001624,0.00001641,0.00001651,0.00001656,0.00001658
4.814000,0.00001043,0.00001451,0.00001588,0.00001624,0.00001642,0.00001651,0.00001656,0.00001658
4.816000,0.00001043,0.00001451,0.00001588,0.00001624,0.00001642,0.00001651,0.00001656,0.00001658
4.817999,0.00001043,0.00001451,0.00001588,0.00001624,0.00001642,0.00001651,0.00001656,0.00001658
4.820000,0.00001043,0.00001451,0.00001588,0.00001624,0.00001642,0.00001651,0.00001656,0.00001658
4.822000,0.00001043,0.00001452,0.00001588,0.00001624,0.00001642,0.00001651,0.00001656,0.00001658
4.823999,0.00001043,0.00001452,0.00001588,0.00001624,0.00001642,0.00001651,0.00001656,0.00001658
4.826000,0.00001043,0.00001452,0.00001588,0.00001624,0.00001642,0.00001651,0.00001656,0.00001658
4.828000,0.00001043,0.00001452,0.00001588,0.00001624,0.00001642,0.00001651,0.00001656,0.00001658
4.830000,0.00001043,0.00001452,0.00001588,0.00001624,0.00001642,0.00001651,0.00001657,0.00001659
4.832000,0.00001043,0.00001452,0.00001589,0.00001625,0.00001642,0.00001652,0.00001657,0.00001659
4.834000,0.00001043,0.00001452,0.00001589,0.00001625,0.00001642,0.00001652,0.00001657,0.00001659
4.835999,0.00001043,0.00001452,0.00001589,0.00001625,0.00001643,0.00001652,0.00001657,0.00001659
4.837999,0.00001043,0.00001452,0.00001589,0.00001625,0.00001643,0.00001652,0.00001657,0.00001659
4.840000,0.00001043,0.00001452,0.00001589,0.00001625,0.00001643,0.00001652,0.00001657,0.00001659
4.842000,0.00001044,0.00001452,0.00001589,0.00001625,0.00001643,0.00001652,0.00001657,0.00001659
4.844000,0.00001044,0.00001453,0.00001589,0.00001625,0.00001643,0.00001652,0.00001657,0.00001659
4.846000,0.00001044,0.00001453,0.00001589,0.00001625,0.00001643,0.00001652,0.00001657,0.00001659
4.848000,0.00001044,0.00001453,0.00001589,0.00001625,0.00001643,0.00001652,0.00001657,0.00001659
4.850000,0.00001044,0.00001453,0.00001589,0.00001625,0.00001643,0.00001652,0.00001657,0.00001659
4.852000,0.00001044,0.00001453,0.00001589,0.00001625,0.00001643,0.00001653,0.00001658,0.00001660
4.854000,0.00001044,0.00001453,0.00001589,0.00001626,0.00001643,0.00001653,0.00001658,0.00001660
4.855999,0.00001044,0.00001453,0.00001590,0.00001626,0.00001643,0.00001653,0.00001658,0.00001660
4.857999,0.00001044,0.00001453,0.00001590,0.00001626,0.00001644,0.00001653,0.00001658,0.00001660
4.860000,0.00001044,0.00001453,0.00001590,0.00001626,0.00001644,0.00001653,0.00001658,0.00001660
4.862000,0.00001044,0.00001453,0.00001590,0.00001626,0.00001644,0.00001653,0.00001658,0.00001660
4.864000,0.00001044,0.00001453,0.00001590,0.00001626,0.00001644,0.00001653,0.00001658,0.00001660
4.866000,0.00001044,0.00001453,0.00001590,0.00001626,0.00001644,0.00001653,0.00001658,0.00001660
4.868000,0.00001044,0.00001454,0.00001590,0.00001626,0.00001644,0.00001653,0.00001658,0.00001660
4.870000,0.00001044,0.00001454,0.00001590,0.00001626,0.00001644,0.00001653,0.00001658,0.00001660
4.872000,0.00001045,0.00001454,0.00001590,0.00001626,0.00001644,0.00001653,0.00001658,0.00001660
4.874000,0.00001045,0.00001454,0.00001590,0.00001626,0.00001644,0.00001654,0.00001659,0.00001661
4.875999,0.00001045,0.00001454,0.00001591,0.00001627,0.00001644,0.00001654,0.00001659,0.00001661
4.878000,0.00001045,0.00001454,0.00001591,0.00001627,0.00001645,0.00001654,0.00001659,0.00001661
4.880000,0.00001045,0.00001454,0.00001591,0.00001627,0.00001645,0.00001654,0.00001659,0.00001661
4.881999,0.00001045,0.00001454,0.00001591,0.00001627,0.00001645,0.00001654,0.00001659,0.00001661
4.884000,0.00001045,0.00001454,0.00001591,0.00001627,0.00001645,0.00001654,0.00001659,0.00001661
4.886000,0.00001045,0.00001454,0.00001591,0.00001627,0.00001645,0.00001654,0.00001659,0.00001661
4.888000,0.00001045,0.00001454,0.00001591,0.00001627,0.00001645,0.00001654,0.00001659,0.00001661
4.890000,0.00001045,0.00001454,0.00001591,0.00001627,0.00001645,0.00001654,0.00001659,0.00001661
4.891999,0.00001045,0.00001455,0.00001591,0.00001627,0.00001645,0.00001654,0.00001659,0.00001661
4.894000,0.00001045,0.00001455,0.00001591,0.00001627,0.00001645,0.00001654,0.00001660,0.00001662
4.895999,0.00001045,0.00001455,0.00001591,0.00001628,0.00001645,0.00001655,0.00001660,0.00001662
4.898000,0.00001045,0.00001455,0.00001592,0.00001628,0.00001645,0.00001655,0.00001660,0.00001662
4.900000,0.00001045,0.00001455,0.00001592,0.00001628,0.00001646,0.00001655,0.00001660,0.00001662
4.901999,0.00001045,0.00001455,0.00001592,0.00001628,0.00001646,0.00001655,0.00001660,0.00001662
4.904000,0.00001046,0.00001455,0.00001592,0.00001628,0.00001646,0.00001655,0.00001660,0.00001662
4.906000,0.00001046,0.00001455,0.00001592,0.00001628,0.00001646,0.00001655,0.00001660,0.00001662
4.908000,0.00001046,0.00001455,0.00001592,0.00001628,0.00001646,0.00001655,0.00001660,0.00001662
4.909999,0.00001046,0.00001455,0.00001592,0.00001628,0.00001646,0.00001655,0.00001660,0.00001662
4.912000,0.00001046,0.00001455,0.00001592,0.00001628,0.00001646,0.00001655,0.00001660,0.00001662
4.914000,0.00001046,0.00001455,0.00001592,0.00001628,0.00001646,0.00001655,0.00001660,0.00001662
4.915999,0.00001046,0.00001456,0.00001592,0.00001628,0.00001646,0.00001655,0.00001661,0.00001663
4.918000,0.00001046,0.00001456,0.00001592,0.00001629,0.00001646,0.00001656,0.00001661,0.00001663
4.920000,0.00001046,0.00001456,0.00001593,0.00001629,0.00001646,0.00001656,0.00001661,0.00001663
4.922000,0.00001046,0.00001456,0.00001593,0.00001629,0.00001647,0.00001656,0.00001661,0.00001663
4.924000,0.00001046,0.00001456,0.00001593,0.00001629,0.00001647,0.00001656,0.00001661,0.00001663
4.926000,0.00001046,0.00001456,0.00001593,0.00001629,0.00001647,0.00001656,0.00001661,0.00001663
4.927999,0.00001046,0.00001456,0.00001593,0.00001629,0.00001647,0.00001656,0.00001661,0.00001663
4.929999,0.00001046,0.00001456,0.00001593,0.00001629,0.00001647,0.00001656,0.00001661,0.00001663
4.932000,0.00001046,0.00001456,0.00001593,0.00001629,0.00001647,0.00001656,0.00001661,0.00001663
4.934000,0.00001047,0.00001456,0.00001593,0.00001629,0.00001647,0.00001656,0.00001661,0.00001663
4.935999,0.00001047,0.00001456,0.00001593,0.00001629,0.00001647,0.00001656,0.00001661,0.00001663
4.938000,0.00001047,0.00001457,0.00001593,0.00001629,0.00001647,0.00001657,0.00001662,0.00001664
4.940000,0.00001047,0.00001457,0.00001593,0.00001630,0.00001647,0.00001657,0.00001662,0.00001664
4.942000,0.00001047,0.00001457,0.00001594,0.00001630,0.00001648,0.00001657,0.00001662,0.00001664
4.944000,0.00001047,0.00001457,0.00001594,0.00001630,0.00001648,0.00001657,0.00001662,0.00001664
4.946000,0.00001047,0.00001457,0.00001594,0.00001630,0.00001648,0.00001657,0.00001662,0.00001664
4.947999,0.00001047,0.00001457,0.00001594,0.00001630,0.00001648,0.00001657,0.00001662,0.00001664
4.949999,0.00001047,0.00001457,0.00001594,0.00001630,0.00001648,0.00001657,0.00001662,0.00001664
4.952000,0.00001047,0.00001457,0.00001594,0.00001630,0.00001648,0.00001657,0.00001662,0.00001664
4.954000,0.00001047,0.00001457,0.00001594,0.00001630,0.00001648,0.00001657,0.00001662,0.00001664
4.956000,0.00001047,0.00001457,0.00001594,0.00001630,0.00001648,0.00001657,0.00001662,0.00001664
4.958000,0.00001047,0.00001457,0.00001594,0.00001630,0.00001648,0.00001657,0.00001663,0.00001665
4.960000,0.00001047,0.00001457,0.00001594,0.00001630,0.00001648,0.00001658,0.00001663,0.00001665
4.962000,0.00001047,0.00001458,0.00001594,0.00001631,0.00001648,0.00001658,0.00001663,0.00001665
4.964000,0.00001047,0.00001458,0.00001595,0.00001631,0.00001649,0.00001658,0.00001663,0.00001665
4.966000,0.00001048,0.00001458,0.00001595,0.00001631,0.00001649,0.00001658,0.00001663,0.00001665
4.967999,0.00001048,0.00001458,0.00001595,0.00001631,0.00001649,0.00001658,0.00001663,0.00001665
4.969999,0.00001048,0.00001458,0.00001595,0.00001631,0.00001649,0.00001658,0.00001663,0.00001665
4.972000,0.00001048,0.00001458,0.00001595,0.00001631,0.00001649,0.00001658,0.00001663,0.00001665
4.974000,0.00001048,0.00001458,0.00001595,0.00001631,0.00001649,0.00001658,0.00001663,0.00001665
4.976000,0.00001048,0.00001458,0.00001595,0.00001631,0.00001649,0.00001658,0.00001663,0.00001665
4.978000,0.00001048,0.00001458,0.00001595,0.00001631,0.00001649,0.00001658,0.00001663,0.00001665
4.980000,0.00001048,0.00001458,0.00001595,0.00001631,0.00001649,0.00001659,0.00001664,0.00001666
4.982000,0.00001048,0.00001458,0.00001595,0.00001631,0.00001649,0.00001659,0.00001664,0.00001666
4.984000,0.00001048,0.00001458,0.00001595,0.00001632,0.00001649,0.00001659,0.00001664,0.00001666
4.986000,0.00001048,0.00001459,0.00001596,0.00001632,0.00001650,0.00001659,0.00001664,0.00001666
4.987999,0.00001048,0.00001459,0.00001596,0.00001632,0.00001650,0.00001659,0.00001664,0.00001666
4.990000,0.00001048,0.00001459,0.00001596,0.00001632,0.00001650,0.00001659,0.00001664,0.00001666
4.992000,0.00001048,0.00001459,0.00001596,0.00001632,0.00001650,0.00001659,0.00001664,0.00001666
4.993999,0.00001048,0.00001459,0.00001596,0.00001632,0.00001650,0.00001659,0.00001664,0.00001666
4.996000,0.00001049,0.00001459,0.00001596,0.00001632,0.00001650,0.00001659,0.00001664,0.00001666
4.998000,0.00001049,0.00001459,0.00001596,0.00001632,0.00001650,0.00001659,0.00001664,0.00001666
5.000000,0.00001049,0.00001459,0.00001596,0.00001632,0.00001650,0.00001659,0.00001664,0.00001666
5.002000,0.00001049,0.00001459,0.00001596,0.00001632,0.00001650,0.00001660,0.00001665,0.00001667
5.003999,0.00001049,0.00001459,0.00001596,0.00001633,0.00001650,0.00001660,0.00001665,0.00001667
5.006000,0.00001049,0.00001459,0.00001596,0.00001633,0.00001650,0.00001660,0.00001665,0.00001667
5.007999,0.00001049,0.00001460,0.00001597,0.00001633,0.00001651,0.00001660,0.00001665,0.00001667
5.010000,0.00001049,0.00001460,0.00001597,0.00001633,0.00001651,0.00001660,0.00001665,0.00001667
5.012000,0.00001049,0.00001460,0.00001597,0.00001633,0.00001651,0.00001660,0.00001665,0.00001667
5.013999,0.00001049,0.00001460,0.00001597,0.00001633,0.00001651,0.00001660,0.00001665,0.00001667
5.016000,0.00001049,0.00001460,0.00001597,0.00001633,0.00001651,0.00001660,0.00001665,0.00001667
5.018000,0.00001049,0.00001460,0.00001597,0.00001633,0.00001651,0.00001660,0.00001665,0.00001667
5.020000,0.00001049,0.00001460,0.00001597,0.00001633,0.00001651,0.00001660,0.00001665,0.00001667
5.021999,0.00001049,0.00001460,0.00001597,0.00001633,0.00001651,0.00001660,0.00001666,0.00001668
5.024000,0.00001049,0.00001460,0.00001597,0.00001633,0.00001651,0.00001661,0.00001666,0.00001668
5.026000,0.00001049,0.00001460,0.00001597,0.00001634,0.00001651,0.00001661,0.00001666,0.00001668
5.027999,0.00001050,0.00001460,0.00001597,0.00001634,0.00001652,0.00001661,0.00001666,0.00001668
5.030000,0.00001050,0.00001460,0.00001598,0.00001634,0.00001652,0.00001661,0.00001666,0.00001668
5.032000,0.00001050,0.00001461,0.00001598,0.00001634,0.00001652,0.00001661,0.00001666,0.00001668
5.034000,0.00001050,0.00001461,0.00001598,0.00001634,0.00001652,0.00001661,0.00001666,0.00001668
5.036000,0.00001050,0.00001461,0.00001598,0.00001634,0.00001652,0.00001661,0.00001666,0.00001668
5.038000,0.00001050,0.00001461,0.00001598,0.00001634,0.00001652,0.00001661,0.00001666,0.00001668
5.039999,0.00001050,0.00001461,0.00001598,0.00001634,0.00001652,0.00001661,0.00001666,0.00001668
5.041999,0.00001050,0.00001461,0.00001598,0.00001634,0.00001652,0.00001661,0.00001666,0.00001668
5.044000,0.00001050,0.00001461,0.00001598,0.00001634,0.00001652,0.00001661,0.00001667,0.00001669
5.046000,0.00001050,0.00001461,0.00001598,0.00001634,0.00001652,0.00001662,0.00001667,0.00001669
5.047999,0.00001050,0.00001461,0.00001598,0.00001635,0.00001652,0.00001662,0.00001667,0.00001669
5.050000,0.00001050,0.00001461,0.00001598,0.00001635,0.00001653,0.00001662,0.00001667,0.00001669
5.052000,0.00001050,0.00001461,0.00001599,0.00001635,0.00001653,0.00001662,0.00001667,0.00001669
5.054000,0.00001050,0.00001461,0.00001599,0.00001635,0.00001653,0.00001662,0.00001667,0.00001669
5.056000,0.00001050,0.00001462,0.00001599,0.00001635,0.00001653,0.00001662,0.00001667,0.00001669
5.058000,0.00001050,0.00001462,0.00001599,0.00001635,0.00001653,0.00001662,0.00001667,0.00001669
5.059999,0.00001051,0.00001462,0.00001599,0.00001635,0.00001653,0.00001662,0.00001667,0.00001669
5.061999,0.00001051,0.00001462,0.00001599,0.00001635,0.00001653,0.00001662,0.00001667,0.00001669
5.064000,0.00001051,0.00001462,0.00001599,0.00001635,0.00001653,0.00001662,0.00001667,0.00001669
5.066000,0.00001051,0.00001462,0.00001599,0.00001635,0.00001653,0.00001663,0.00001668,0.00001670
5.068000,0.00001051,0.00001462,0.00001599,0.00001636,0.00001653,0.00001663,0.00001668,0.00001670
5.070000,0.00001051,0.00001462,0.00001599,0.00001636,0.00001653,0.00001663,0.00001668,0.00001670
5.072000,0.00001051,0.00001462,0.00001599,0.00001636,0.00001654,0.00001663,0.00001668,0.00001670
5.074000,0.00001051,0.00001462,0.00001600,0.00001636,0.00001654,0.00001663,0.00001668,0.00001670
5.076000,0.00001051,0.00001462,0.00001600,0.00001636,0.00001654,0.00001663,0.00001668,0.00001670
5.078000,0.00001051,0.00001462,0.00001600,0.00001636,0.00001654,0.00001663,0.00001668,0.00001670
5.079999,0.00001051,0.00001463,0.00001600,0.00001636,0.00001654,0.00001663,0.00001668,0.00001670
5.081999,0.00001051,0.00001463,0.00001600,0.00001636,0.00001654,0.00001663,0.00001668,0.00001670
5.084000,0.00001051,0.00001463,0.00001600,0.00001636,0.00001654,0.00001663,0.00001668,0.00001670
5.085999,0.00001051,0.00001463,0.00001600,0.00001636,0.00001654,0.00001663,0.00001669,0.00001671
5.088000,0.00001051,0.00001463,0.00001600,0.00001636,0.00001654,0.00001664,0.00001669,0.00001671
5.090000,0.00001052,0.00001463,0.00001600,0.00001637,0.00001654,0.00001664,0.00001669,0.00001671
5.092000,0.00001052,0.00001463,0.00001600,0.00001637,0.00001655,0.00001664,0.00001669,0.00001671
5.094000,0.00001052,0.00001463,0.00001600,0.00001637,0.00001655,0.00001664,0.00001669,0.00001671
5.096000,0.00001052,0.00001463,0.00001601,0.00001637,0.00001655,0.00001664,0.00001669,0.00001671
5.098000,0.00001052,0.00001463,0.00001601,0.00001637,0.00001655,0.00001664,0.00001669,0.00001671
5.099999,0.00001052,0.00001463,0.00001601,0.00001637,0.00001655,0.00001664,0.00001669,0.00001671
5.102000,0.00001052,0.00001464,0.00001601,0.00001637,0.00001655,0.00001664,0.00001669,0.00001671
5.104000,0.00001052,0.00001464,0.00001601,0.00001637,0.00001655,0.00001664,0.00001669,0.00001671
5.105999,0.00001052,0.00001464,0.00001601,0.00001637,0.00001655,0.00001664,0.00001669,0.00001671
5.108000,0.00001052,0.00001464,0.00001601,0.00001637,0.00001655,0.00001665,0.00001670,0.00001672
5.110000,0.00001052,0.00001464,0.00001601,0.00001637,0.00001655,0.00001665,0.00001670,0.00001672
5.112000,0.00001052,0.00001464,0.00001601,0.00001638,0.00001655,0.00001665,0.00001670,0.00001672
5.114000,0.00001052,0.00001464,0.00001601,0.00001638,0.00001656,0.00001665,0.00001670,0.00001672
5.115999,0.00001052,0.00001464,0.00001602,0.00001638,0.00001656,0.00001665,0.00001670,0.00001672
5.118000,0.00001052,0.00001464,0.00001602,0.00001638,0.00001656,0.00001665,0.00001670,0.00001672
5.119999,0.00001053,0.00001464,0.00001602,0.00001638,0.00001656,0.00001665,0.00001670,0.00001672
5.122000,0.00001053,0.00001464,0.00001602,0.00001638,0.00001656,0.00001665,0.00001670,0.00001672
5.124000,0.00001053,0.00001464,0.00001602,0.00001638,0.00001656,0.00001665,0.00001670,0.00001672
5.125999,0.00001053,0.00001465,0.00001602,0.00001638,0.00001656,0.00001665,0.00001670,0.00001672
5.128000,0.00001053,0.00001465,0.00001602,0.00001638,0.00001656,0.00001665,0.00001671,0.00001673
5.130000,0.00001053,0.00001465,0.00001602,0.00001638,0.00001656,0.00001666,0.00001671,0.00001673
5.132000,0.00001053,0.00001465,0.00001602,0.00001638,0.00001656,0.00001666,0.00001671,0.00001673
5.133999,0.00001053,0.00001465,0.00001602,0.00001639,0.00001657,0.00001666,0.00001671,0.00001673
5.136000,0.00001053,0.00001465,0.00001602,0.00001639,0.00001657,0.00001666,0.00001671,0.00001673
5.138000,0.00001053,0.00001465,0.00001603,0.00001639,0.00001657,0.00001666,0.00001671,0.00001673
5.139999,0.00001053,0.00001465,0.00001603,0.00001639,0.00001657,0.00001666,0.00001671,0.00001673
5.142000,0.00001053,0.00001465,0.00001603,0.00001639,0.00001657,0.00001666,0.00001671,0.00001673
5.144000,0.00001053,0.00001465,0.00001603,0.00001639,0.00001657,0.00001666,0.00001671,0.00001673
5.146000,0.00001053,0.00001465,0.00001603,0.00001639,0.00001657,0.00001666,0.00001671,0.00001673
5.148000,0.00001053,0.00001465,0.00001603,0.00001639,0.00001657,0.00001666,0.00001671,0.00001673
5.150000,0.00001053,0.00001466,0.00001603,0.00001639,0.00001657,0.00001667,0.00001672,0.00001674
5.151999,0.00001054,0.00001466,0.00001603,0.00001639,0.00001657,0.00001667,0.00001672,0.00001674
5.153999,0.00001054,0.00001466,0.00001603,0.00001640,0.00001657,0.00001667,0.00001672,0.00001674
5.156000,0.00001054,0.00001466,0.00001603,0.00001640,0.00001658,0.00001667,0.00001672,0.00001674
5.158000,0.00001054,0.00001466,0.00001603,0.00001640,0.00001658,0.00001667,0.00001672,0.00001674
5.159999,0.00001054,0.00001466,0.00001604,0.00001640,0.00001658,0.00001667,0.00001672,0.00001674
5.162000,0.00001054,0.00001466,0.00001604,0.00001640,0.00001658,0.00001667,0.00001672,0.00001674
5.164000,0.00001054,0.00001466,0.00001604,0.00001640,0.00001658,0.00001667,0.00001672,0.00001674
5.166000,0.00001054,0.00001466,0.00001604,0.00001640,0.00001658,0.00001667,0.00001672,0.00001674
5.168000,0.00001054,0.00001466,0.00001604,0.00001640,0.00001658,0.00001667,0.00001672,0.00001674
5.170000,0.00001054,0.00001466,0.00001604,0.00001640,0.00001658,0.00001667,0.00001672,0.00001674
5.171999,0.00001054,0.00001467,0.00001604,0.00001640,0.00001658,0.00001668,0.00001673,0.00001675
5.173999,0.00001054,0.00001467,0.00001604,0.00001640,0.00001658,0.00001668,0.00001673,0.00001675
5.176000,0.00001054,0.00001467,0.00001604,0.00001641,0.00001658,0.00001668,0.00001673,0.00001675
5.177999,0.00001054,0.00001467,0.00001604,0.00001641,0.00001659,0.00001668,0.00001673,0.00001675
5.180000,0.00001054,0.00001467,0.00001604,0.00001641,0.00001659,0.00001668,0.00001673,0.00001675
5.182000,0.00001054,0.00001467,0.00001605,0.00001641,0.00001659,0.00001668,0.00001673,0.00001675
5.184000,0.00001055,0.00001467,0.00001605,0.00001641,0.00001659,0.00001668,0.00001673,0.00001675
5.186000,0.00001055,0.00001467,0.00001605,0.00001641,0.00001659,0.00001668,0.00001673,0.00001675
5.188000,0.00001055,0.00001467,0.00001605,0.00001641,0.00001659,0.00001668,0.00001673,0.00001675
5.190000,0.00001055,0.00001467,0.00001605,0.00001641,0.00001659,0.00001668,0.00001673,0.00001675
5.191999,0.00001055,0.00001467,0.00001605,0.00001641,0.00001659,0.00001668,0.00001674,0.00001676
5.193999,0.00001055,0.00001467,0.00001605,0.00001641,0.00001659,0.00001669,0.00001674,0.00001676
5.196000,0.00001055,0.00001468,0.00001605,0.00001641,0.00001659,0.00001669,0.00001674,0.00001676
5.197999,0.00001055,0.00001468,0.00001605,0.00001642,0.00001660,0.00001669,0.00001674,0.00001676
5.200000,0.00001055,0.00001468,0.00001605,0.00001642,0.00001660,0.00001669,0.00001674,0.00001676
5.202000,0.00001055,0.00001468,0.00001605,0.00001642,0.00001660,0.00001669,0.00001674,0.00001676
5.204000,0.00001055,0.00001468,0.00001606,0.00001642,0.00001660,0.00001669,0.00001674,0.00001676
5.206000,0.00001055,0.00001468,0.00001606,0.00001642,0.00001660,0.00001669,0.00001674,0.00001676
5.208000,0.00001055,0.00001468,0.00001606,0.00001642,0.00001660,0.00001669,0.00001674,0.00001676
5.210000,0.00001055,0.00001468,0.00001606,0.00001642,0.00001660,0.00001669,0.00001674,0.00001676
5.211999,0.00001055,0.00001468,0.00001606,0.00001642,0.00001660,0.00001669,0.00001674,0.00001676
5.214000,0.00001056,0.00001468,0.00001606,0.00001642,0.00001660,0.00001670,0.00001675,0.00001677
5.216000,0.00001056,0.00001468,0.00001606,0.00001642,0.00001660,0.00001670,0.00001675,0.00001677
5.217999,0.00001056,0.00001469,0.00001606,0.00001643,0.00001660,0.00001670,0.00001675,0.00001677
5.220000,0.00001056,0.00001469,0.00001606,0.00001643,0.00001661,0.00001670,0.00001675,0.00001677
5.222000,0.00001056,0.00001469,0.00001606,0.00001643,0.00001661,0.00001670,0.00001675,0.00001677
5.224000,0.00001056,0.00001469,0.00001606,0.00001643,0.00001661,0.00001670,0.00001675,0.00001677
5.226000,0.00001056,0.00001469,0.00001607,0.00001643,0.00001661,0.00001670,0.00001675,0.00001677
5.228000,0.00001056,0.00001469,0.00001607,0.00001643,0.00001661,0.00001670,0.00001675,0.00001677
5.230000,0.00001056,0.00001469,0.00001607,0.00001643,0.00001661,0.00001670,0.00001675,0.00001677
5.231999,0.00001056,0.00001469,0.00001607,0.00001643,0.00001661,0.00001670,0.00001675,0.00001677
5.234000,0.00001056,0.00001469,0.00001607,0.00001643,0.00001661,0.00001670,0.00001676,0.00001678
5.236000,0.00001056,0.00001469,0.00001607,0.00001643,0.00001661,0.00001671,0.00001676,0.00001678
5.237999,0.00001056,0.00001469,0.00001607,0.00001643,0.00001661,0.00001671,0.00001676,0.00001678
5.240000,0.00001056,0.00001469,0.00001607,0.00001644,0.00001661,0.00001671,0.00001676,0.00001678
5.242000,0.00001056,0.00001470,0.00001607,0.00001644,0.00001662,0.00001671,0.00001676,0.00001678
5.244000,0.00001057,0.00001470,0.00001607,0.00001644,0.00001662,0.00001671,0.00001676,0.00001678
5.245999,0.00001057,0.00001470,0.00001608,0.00001644,0.00001662,0.00001671,0.00001676,0.00001678
5.248000,0.00001057,0.00001470,0.00001608,0.00001644,0.00001662,0.00001671,0.00001676,0.00001678
5.250000,0.00001057,0.00001470,0.00001608,0.00001644,0.00001662,0.00001671,0.00001676,0.00001678
5.251999,0.00001057,0.00001470,0.00001608,0.00001644,0.00001662,0.00001671,0.00001676,0.00001678
5.254000,0.00001057,0.00001470,0.00001608,0.00001644,0.00001662,0.00001671,0.00001676,0.00001678
5.256000,0.00001057,0.00001470,0.00001608,0.00001644,0.00001662,0.00001672,0.00001677,0.00001679
5.258000,0.00001057,0.00001470,0.00001608,0.00001644,0.00001662,0.00001672,0.00001677,0.00001679
5.260000,0.00001057,0.00001470,0.00001608,0.00001644,0.00001662,0.00001672,0.00001677,0.00001679
5.262000,0.00001057,0.00001470,0.00001608,0.00001645,0.00001663,0.00001672,0.00001677,0.00001679
5.263999,0.00001057,0.00001471,0.00001608,0.00001645,0.00001663,0.00001672,0.00001677,0.00001679
5.265999,0.00001057,0.00001471,0.00001608,0.00001645,0.00001663,0.00001672,0.00001677,0.00001679
5.268000,0.00001057,0.00001471,0.00001609,0.00001645,0.00001663,0.00001672,0.00001677,0.00001679
5.270000,0.00001057,0.00001471,0.00001609,0.00001645,0.00001663,0.00001672,0.00001677,0.00001679
5.271999,0.00001057,0.00001471,0.00001609,0.00001645,0.00001663,0.00001672,0.00001677,0.00001679
5.274000,0.00001057,0.00001471,0.00001609,0.00001645,0.00001663,0.00001672,0.00001677,0.00001679
5.276000,0.00001058,0.00001471,0.00001609,0.00001645,0.00001663,0.00001672,0.00001678,0.00001680
5.278000,0.00001058,0.00001471,0.00001609,0.00001645,0.00001663,0.00001673,0.00001678,0.00001680
5.280000,0.00001058,0.00001471,0.00001609,0.00001645,0.00001663,0.00001673,0.00001678,0.00001680
5.282000,0.00001058,0.00001471,0.00001609,0.00001646,0.00001663,0.00001673,0.00001678,0.00001680
5.283999,0.00001058,0.00001471,0.00001609,0.00001646,0.00001664,0.00001673,0.00001678,0.00001680
5.285999,0.00001058,0.00001471,0.00001609,0.00001646,0.00001664,0.00001673,0.00001678,0.00001680
5.288000,0.00001058,0.00001472,0.00001609,0.00001646,0.00001664,0.00001673,0.00001678,0.00001680
5.289999,0.00001058,0.00001472,0.00001610,0.00001646,0.00001664,0.00001673,0.00001678,0.00001680
5.292000,0.00001058,0.00001472,0.00001610,0.00001646,0.00001664,0.00001673,0.00001678,0.00001680
5.294000,0.00001058,0.00001472,0.00001610,0.00001646,0.00001664,0.00001673,0.00001678,0.00001680
5.296000,0.00001058,0.00001472,0.00001610,0.00001646,0.00001664,0.00001673,0.00001678,0.00001680
5.298000,0.00001058,0.00001472,0.00001610,0.00001646,0.00001664,0.00001674,0.00001679,0.00001681
5.300000,0.00001058,0.00001472,0.00001610,0.00001646,0.00001664,0.00001674,0.00001679,0.00001681
5.302000,0.00001058,0.00001472,0.00001610,0.00001646,0.00001664,0.00001674,0.00001679,0.00001681
5.303999,0.00001058,0.00001472,0.00001610,0.00001647,0.00001665,0.00001674,0.00001679,0.00001681
5.305999,0.00001059,0.00001472,0.00001610,0.00001647,0.00001665,0.00001674,0.00001679,0.00001681
5.308000,0.00001059,0.00001472,0.00001610,0.00001647,0.00001665,0.00001674,0.00001679,0.00001681
5.309999,0.00001059,0.00001472,0.00001610,0.00001647,0.00001665,0.00001674,0.00001679,0.00001681
5.312000,0.00001059,0.00001473,0.00001611,0.00001647,0.00001665,0.00001674,0.00001679,0.00001681
5.314000,0.00001059,0.00001473,0.00001611,0.00001647,0.00001665,0.00001674,0.00001679,0.00001681
5.316000,0.00001059,0.00001473,0.00001611,0.00001647,0.00001665,0.00001674,0.00001679,0.00001681
5.318000,0.00001059,0.00001473,0.00001611,0.00001647,0.00001665,0.00001674,0.00001680,0.00001682
5.320000,0.00001059,0.00001473,0.00001611,0.00001647,0.00001665,0.00001675,0.00001680,0.00001682
5.322000,0.00001059,0.00001473,0.00001611,0.00001647,0.00001665,0.00001675,0.00001680,0.00001682
5.323999,0.00001059,0.00001473,0.00001611,0.00001648,0.00001665,0.00001675,0.00001680,0.00001682
5.326000,0.00001059,0.00001473,0.00001611,0.00001648,0.00001666,0.00001675,0.00001680,0.00001682
5.328000,0.00001059,0.00001473,0.00001611,0.00001648,0.00001666,0.00001675,0.00001680,0.00001682
5.329999,0.00001059,0.00001473,0.00001611,0.00001648,0.00001666,0.00001675,0.00001680,0.00001682
5.332000,0.00001059,0.00001473,0.00001612,0.00001648,0.00001666,0.00001675,0.00001680,0.00001682
5.334000,0.00001059,0.00001474,0.00001612,0.00001648,0.00001666,0.00001675,0.00001680,0.00001682
5.336000,0.00001060,0.00001474,0.00001612,0.00001648,0.00001666,0.00001675,0.00001680,0.00001682
5.338000,0.00001060,0.00001474,0.00001612,0.00001648,0.00001666,0.00001675,0.00001680,0.00001682
5.340000,0.00001060,0.00001474,0.00001612,0.00001648,0.00001666,0.00001676,0.00001681,0.00001683
5.342000,0.00001060,0.00001474,0.00001612,0.00001648,0.00001666,0.00001676,0.00001681,0.00001683
5.343999,0.00001060,0.00001474,0.00001612,0.00001648,0.00001666,0.00001676,0.00001681,0.00001683
5.346000,0.00001060,0.00001474,0.00001612,0.00001649,0.00001667,0.00001676,0.00001681,0.00001683
5.348000,0.00001060,0.00001474,0.00001612,0.00001649,0.00001667,0.00001676,0.00001681,0.00001683
5.349999,0.00001060,0.00001474,0.00001612,0.00001649,0.00001667,0.00001676,0.00001681,0.00001683
5.352000,0.00001060,0.00001474,0.00001612,0.00001649,0.00001667,0.00001676,0.00001681,0.00001683
5.354000,0.00001060,0.00001474,0.00001613,0.00001649,0.00001667,0.00001676,0.00001681,0.00001683
5.356000,0.00001060,0.00001474,0.00001613,0.00001649,0.00001667,0.00001676,0.00001681,0.00001683
5.358000,0.00001060,0.00001475,0.00001613,0.00001649,0.00001667,0.00001676,0.00001681,0.00001683
5.360000,0.00001060,0.00001475,0.00001613,0.00001649,0.00001667,0.00001676,0.00001682,0.00001684
5.362000,0.00001060,0.00001475,0.00001613,0.00001649,0.00001667,0.00001677,0.00001682,0.00001684
5.363999,0.00001060,0.00001475,0.00001613,0.00001649,0.00001667,0.00001677,0.00001682,0.00001684
5.366000,0.00001060,0.00001475,0.00001613,0.00001650,0.00001667,0.00001677,0.00001682,0.00001684
5.368000,0.00001061,0.00001475,0.00001613,0.00001650,0.00001668,0.00001677,0.00001682,0.00001684
5.370000,0.00001061,0.00001475,0.00001613,0.00001650,0.00001668,0.00001677,0.00001682,0.00001684
5.372000,0.00001061,0.00001475,0.00001613,0.00001650,0.00001668,0.00001677,0.00001682,0.00001684
5.374000,0.00001061,0.00001475,0.00001613,0.00001650,0.00001668,0.00001677,0.00001682,0.00001684
5.375999,0.00001061,0.00001475,0.00001614,0.00001650,0.00001668,0.00001677,0.00001682,0.00001684
5.377999,0.00001061,0.00001475,0.00001614,0.00001650,0.00001668,0.00001677,0.00001682,0.00001684
5.380000,0.00001061,0.00001476,0.00001614,0.00001650,0.00001668,0.00001677,0.00001682,0.00001684
5.381999,0.00001061,0.00001476,0.00001614,0.00001650,0.00001668,0.00001678,0.00001683,0.00001685
5.383999,0.00001061,0.00001476,0.00001614,0.00001650,0.00001668,0.00001678,0.00001683,0.00001685
5.386000,0.00001061,0.00001476,0.00001614,0.00001650,0.00001668,0.00001678,0.00001683,0.00001685
5.388000,0.00001061,0.00001476,0.00001614,0.00001651,0.00001669,0.00001678,0.00001683,0.00001685
5.390000,0.00001061,0.00001476,0.00001614,0.00001651,0.00001669,0.00001678,0.00001683,0.00001685
5.392000,0.00001061,0.00001476,0.00001614,0.00001651,0.00001669,0.00001678,0.00001683,0.00001685
5.394000,0.00001061,0.00001476,0.00001614,0.00001651,0.00001669,0.00001678,0.00001683,0.00001685
5.395999,0.00001061,0.00001476,0.00001614,0.00001651,0.00001669,0.00001678,0.00001683,0.00001685
5.397999,0.00001062,0.00001476,0.00001615,0.00001651,0.00001669,0.00001678,0.00001683,0.00001685
5.400000,0.00001062,0.00001476,0.00001615,0.00001651,0.00001669,0.00001678,0.00001683,0.00001685
5.401999,0.00001062,0.00001476,0.00001615,0.00001651,0.00001669,0.00001678,0.00001684,0.00001686
5.404000,0.00001062,0.00001477,0.00001615,0.00001651,0.00001669,0.00001679,0.00001684,0.00001686
5.406000,0.00001062,0.00001477,0.00001615,0.00001651,0.00001669,0.00001679,0.00001684,0.00001686
5.408000,0.00001062,0.00001477,0.00001615,0.00001651,0.00001669,0.00001679,0.00001684,0.00001686
5.410000,0.00001062,0.00001477,0.00001615,0.00001652,0.00001670,0.00001679,0.00001684,0.00001686
5.412000,0.00001062,0.00001477,0.00001615,0.00001652,0.00001670,0.00001679,0.00001684,0.00001686
5.414000,0.00001062,0.00001477,0.00001615,0.00001652,0.00001670,0.00001679,0.00001684,0.00001686
5.415999,0.00001062,0.00001477,0.00001615,0.00001652,0.00001670,0.00001679,0.00001684,0.00001686
5.417999,0.00001062,0.00001477,0.00001616,0.00001652,0.00001670,0.00001679,0.00001684,0.00001686
5.420000,0.00001062,0.00001477,0.00001616,0.00001652,0.00001670,0.00001679,0.00001684,0.00001686
5.421999,0.00001062,0.00001477,0.00001616,0.00001652,0.00001670,0.00001679,0.00001684,0.00001686
5.424000,0.00001062,0.00001477,0.00001616,0.00001652,0.00001670,0.00001680,0.00001685,0.00001687
5.426000,0.00001062,0.00001478,0.00001616,0.00001652,0.00001670,0.00001680,0.00001685,0.00001687
5.427999,0.00001063,0.00001478,0.00001616,0.00001652,0.00001670,0.00001680,0.00001685,0.00001687
5.430000,0.00001063,0.00001478,0.00001616,0.00001653,0.00001671,0.00001680,0.00001685,0.00001687
5.432000,0.00001063,0.00001478,0.00001616,0.00001653,0.00001671,0.00001680,0.00001685,0.00001687
5.434000,0.00001063,0.00001478,0.00001616,0.00001653,0.00001671,0.00001680,0.00001685,0.00001687
5.435999,0.00001063,0.00001478,0.00001616,0.00001653,0.00001671,0.00001680,0.00001685,0.00001687
5.438000,0.00001063,0.00001478,0.00001616,0.00001653,0.00001671,0.00001680,0.00001685,0.00001687
5.440000,0.00001063,0.00001478,0.00001617,0.00001653,0.00001671,0.00001680,0.00001685,0.00001687
5.441999,0.00001063,0.00001478,0.00001617,0.00001653,0.00001671,0.00001680,0.00001685,0.00001687
5.444000,0.00001063,0.00001478,0.00001617,0.00001653,0.00001671,0.00001680,0.00001686,0.00001688
5.446000,0.00001063,0.00001478,0.00001617,0.00001653,0.00001671,0.00001681,0.00001686,0.00001688
5.448000,0.00001063,0.00001478,0.00001617,0.00001653,0.00001671,0.00001681,0.00001686,0.00001688
5.450000,0.00001063,0.00001479,0.00001617,0.00001653,0.00001671,0.00001681,0.00001686,0.00001688
5.452000,0.00001063,0.00001479,0.00001617,0.00001654,0.00001672,0.00001681,0.00001686,0.00001688
5.454000,0.00001063,0.00001479,0.00001617,0.00001654,0.00001672,0.00001681,0.00001686,0.00001688
5.455999,0.00001063,0.00001479,0.00001617,0.00001654,0.00001672,0.00001681,0.00001686,0.00001688
5.458000,0.00001064,0.00001479,0.00001617,0.00001654,0.00001672,0.00001681,0.00001686,0.00001688
5.460000,0.00001064,0.00001479,0.00001617,0.00001654,0.00001672,0.00001681,0.00001686,0.00001688
5.461999,0.00001064,0.00001479,0.00001618,0.00001654,0.00001672,0.00001681,0.00001686,0.00001688
5.464000,0.00001064,0.00001479,0.00001618,0.00001654,0.00001672,0.00001681,0.00001686,0.00001688
5.466000,0.00001064,0.00001479,0.00001618,0.00001654,0.00001672,0.00001682,0.00001687,0.00001689
5.468000,0.00001064,0.00001479,0.00001618,0.00001654,0.00001672,0.00001682,0.00001687,0.00001689
5.470000,0.00001064,0.00001479,0.00001618,0.00001654,0.00001672,0.00001682,0.00001687,0.00001689
5.472000,0.00001064,0.00001480,0.00001618,0.00001655,0.00001673,0.00001682,0.00001687,0.00001689
5.474000,0.00001064,0.00001480,0.00001618,0.00001655,0.00001673,0.00001682,0.00001687,0.00001689
5.475999,0.00001064,0.00001480,0.00001618,0.00001655,0.00001673,0.00001682,0.00001687,0.00001689
5.478000,0.00001064,0.00001480,0.00001618,0.00001655,0.00001673,0.00001682,0.00001687,0.00001689
5.480000,0.00001064,0.00001480,0.00001618,0.00001655,0.00001673,0.00001682,0.00001687,0.00001689
5.482000,0.00001064,0.00001480,0.00001618,0.00001655,0.00001673,0.00001682,0.00001687,0.00001689
5.484000,0.00001064,0.00001480,0.00001619,0.00001655,0.00001673,0.00001682,0.00001687,0.00001689
5.486000,0.00001064,0.00001480,0.00001619,0.00001655,0.00001673,0.00001682,0.00001688,0.00001690
5.488000,0.00001064,0.00001480,0.00001619,0.00001655,0.00001673,0.00001683,0.00001688,0.00001690
5.489999,0.00001065,0.00001480,0.00001619,0.00001655,0.00001673,0.00001683,0.00001688,0.00001690
5.492000,0.00001065,0.00001480,0.00001619,0.00001655,0.00001673,0.00001683,0.00001688,0.00001690
5.493999,0.00001065,0.00001480,0.00001619,0.00001656,0.00001674,0.00001683,0.00001688,0.00001690
5.495999,0.00001065,0.00001481,0.00001619,0.00001656,0.00001674,0.00001683,0.00001688,0.00001690
5.498000,0.00001065,0.00001481,0.00001619,0.00001656,0.00001674,0.00001683,0.00001688,0.00001690
5.500000,0.00001065,0.00001481,0.00001619,0.00001656,0.00001674,0.00001683,0.00001688,0.00001690
5.502000,0.00001065,0.00001481,0.00001619,0.00001656,0.00001674,0.00001683,0.00001688,0.00001690
5.504000,0.00001065,0.00001481,0.00001620,0.00001656,0.00001674,0.00001683,0.00001688,0.00001690
5.506000,0.00001065,0.00001481,0.00001620,0.00001656,0.00001674,0.00001683,0.00001689,0.00001691
5.507999,0.00001065,0.00001481,0.00001620,0.00001656,0.00001674,0.00001684,0.00001689,0.00001691
5.509999,0.00001065,0.00001481,0.00001620,0.00001656,0.00001674,0.00001684,0.00001689,0.00001691
5.512000,0.00001065,0.00001481,0.00001620,0.00001656,0.00001674,0.00001684,0.00001689,0.00001691
5.513999,0.00001065,0.00001481,0.00001620,0.00001657,0.00001675,0.00001684,0.00001689,0.00001691
5.516000,0.00001065,0.00001481,0.00001620,0.00001657,0.00001675,0.00001684,0.00001689,0.00001691
5.518000,0.00001065,0.00001482,0.00001620,0.00001657,0.00001675,0.00001684,0.00001689,0.00001691
5.520000,0.00001066,0.00001482,0.00001620,0.00001657,0.00001675,0.00001684,0.00001689,0.00001691
5.522000,0.00001066,0.00001482,0.00001620,0.00001657,0.00001675,0.00001684,0.00001689,0.00001691
5.524000,0.00001066,0.00001482,0.00001620,0.00001657,0.00001675,0.00001684,0.00001689,0.00001691
5.526000,0.00001066,0.00001482,0.00001621,0.00001657,0.00001675,0.00001684,0.00001689,0.00001691
5.527999,0.00001066,0.00001482,0.00001621,0.00001657,0.00001675,0.00001684,0.00001690,0.00001692
5.529999,0.00001066,0.00001482,0.00001621,0.00001657,0.00001675,0.00001685,0.00001690,0.00001692
5.532000,0.00001066,0.00001482,0.00001621,0.00001657,0.00001675,0.00001685,0.00001690,0.00001692
5.533999,0.00001066,0.00001482,0.00001621,0.00001657,0.00001675,0.00001685,0.00001690,0.00001692
5.536000,0.00001066,0.00001482,0.00001621,0.00001658,0.00001676,0.00001685,0.00001690,0.00001692
5.538000,0.00001066,0.00001482,0.00001621,0.00001658,0.00001676,0.00001685,0.00001690,0.00001692
5.539999,0.00001066,0.00001483,0.00001621,0.00001658,0.00001676,0.00001685,0.00001690,0.00001692
5.542000,0.00001066,0.00001483,0.00001621,0.00001658,0.00001676,0.00001685,0.00001690,0.00001692
5.544000,0.00001066,0.00001483,0.00001621,0.00001658,0.00001676,0.00001685,0.00001690,0.00001692
5.546000,0.00001066,0.00001483,0.00001621,0.00001658,0.00001676,0.00001685,0.00001690,0.00001692
5.547999,0.00001066,0.00001483,0.00001622,0.00001658,0.00001676,0.00001685,0.00001691,0.00001693
5.550000,0.00001067,0.00001483,0.00001622,0.00001658,0.00001676,0.00001686,0.00001691,0.00001693
5.552000,0.00001067,0.00001483,0.00001622,0.00001658,0.00001676,0.00001686,0.00001691,0.00001693
5.553999,0.00001067,0.00001483,0.00001622,0.00001658,0.00001676,0.00001686,0.00001691,0.00001693
5.556000,0.00001067,0.00001483,0.00001622,0.00001659,0.00001677,0.00001686,0.00001691,0.00001693
5.558000,0.00001067,0.00001483,0.00001622,0.00001659,0.00001677,0.00001686,0.00001691,0.00001693
5.560000,0.00001067,0.00001483,0.00001622,0.00001659,0.00001677,0.00001686,0.00001691,0.00001693
5.562000,0.00001067,0.00001483,0.00001622,0.00001659,0.00001677,0.00001686,0.00001691,0.00001693
5.564000,0.00001067,0.00001484,0.00001622,0.00001659,0.00001677,0.00001686,0.00001691,0.00001693
5.566000,0.00001067,0.00001484,0.00001622,0.00001659,0.00001677,0.00001686,0.00001691,0.00001693
5.567999,0.00001067,0.00001484,0.00001623,0.00001659,0.00001677,0.00001686,0.00001691,0.00001693
5.570000,0.00001067,0.00001484,0.00001623,0.00001659,0.00001677,0.00001687,0.00001692,0.00001694
5.572000,0.00001067,0.00001484,0.00001623,0.00001659,0.00001677,0.00001687,0.00001692,0.00001694
5.573999,0.00001067,0.00001484,0.00001623,0.00001659,0.00001677,0.00001687,0.00001692,0.00001694
5.576000,0.00001067,0.00001484,0.00001623,0.00001659,0.00001678,0.00001687,0.00001692,0.00001694
5.578000,0.00001067,0.00001484,0.00001623,0.00001660,0.00001678,0.00001687,0.00001692,0.00001694
5.580000,0.00001068,0.00001484,0.00001623,0.00001660,0.00001678,0.00001687,0.00001692,0.00001694
5.582000,0.00001068,0.00001484,0.00001623,0.00001660,0.00001678,0.00001687,0.00001692,0.00001694
5.584000,0.00001068,0.00001484,0.00001623,0.00001660,0.00001678,0.00001687,0.00001692,0.00001694
5.585999,0.00001068,0.00001485,0.00001623,0.00001660,0.00001678,0.00001687,0.00001692,0.00001694
5.587999,0.00001068,0.00001485,0.00001623,0.00001660,0.00001678,0.00001687,0.00001692,0.00001694
5.590000,0.00001068,0.00001485,0.00001624,0.00001660,0.00001678,0.00001687,0.00001693,0.00001695
5.592000,0.00001068,0.00001485,0.00001624,0.00001660,0.00001678,0.00001688,0.00001693,0.00001695
5.594000,0.00001068,0.00001485,0.00001624,0.00001660,0.00001678,0.00001688,0.00001693,0.00001695
5.596000,0.00001068,0.00001485,0.00001624,0.00001660,0.00001678,0.00001688,0.00001693,0.00001695
5.598000,0.00001068,0.00001485,0.00001624,0.00001661,0.00001679,0.00001688,0.00001693,0.00001695
5.600000,0.00001068,0.00001485,0.00001624,0.00001661,0.00001679,0.00001688,0.00001693,0.00001695
5.601999,0.00001068,0.00001485,0.00001624,0.00001661,0.00001679,0.00001688,0.00001693,0.00001695
5.604000,0.00001068,0.00001485,0.00001624,0.00001661,0.00001679,0.00001688,0.00001693,0.00001695
5.605999,0.00001068,0.00001485,0.00001624,0.00001661,0.00001679,0.00001688,0.00001693,0.00001695
5.607999,0.00001068,0.00001485,0.00001624,0.00001661,0.00001679,0.00001688,0.00001693,0.00001695
5.610000,0.00001069,0.00001486,0.00001625,0.00001661,0.00001679,0.00001688,0.00001694,0.00001696
5.612000,0.00001069,0.00001486,0.00001625,0.00001661,0.00001679,0.00001689,0.00001694,0.00001696
5.614000,0.00001069,0.00001486,0.00001625,0.00001661,0.00001679,0.00001689,0.00001694,0.00001696
5.616000,0.00001069,0.00001486,0.00001625,0.00001661,0.00001679,0.00001689,0.00001694,0.00001696
5.618000,0.00001069,0.00001486,0.00001625,0.00001661,0.00001680,0.00001689,0.00001694,0.00001696
5.619999,0.00001069,0.00001486,0.00001625,0.00001662,0.00001680,0.00001689,0.00001694,0.00001696
5.621999,0.00001069,0.00001486,0.00001625,0.00001662,0.00001680,0.00001689,0.00001694,0.00001696
5.624000,0.00001069,0.00001486,0.00001625,0.00001662,0.00001680,0.00001689,0.00001694,0.00001696
5.625999,0.00001069,0.00001486,0.00001625,0.00001662,0.00001680,0.00001689,0.00001694,0.00001696
5.628000,0.00001069,0.00001486,0.00001625,0.00001662,0.00001680,0.00001689,0.00001694,0.00001696
5.630000,0.00001069,0.00001486,0.00001625,0.00001662,0.00001680,0.00001689,0.00001694,0.00001696
5.631999,0.00001069,0.00001487,0.00001626,0.00001662,0.00001680,0.00001690,0.00001695,0.00001697
5.634000,0.00001069,0.00001487,0.00001626,0.00001662,0.00001680,0.00001690,0.00001695,0.00001697
5.636000,0.00001069,0.00001487,0.00001626,0.00001662,0.00001680,0.00001690,0.00001695,0.00001697
5.638000,0.00001069,0.00001487,0.00001626,0.00001662,0.00001680,0.00001690,0.00001695,0.00001697
5.639999,0.00001070,0.00001487,0.00001626,0.00001663,0.00001681,0.00001690,0.00001695,0.00001697
5.641999,0.00001070,0.00001487,0.00001626,0.00001663,0.00001681,0.00001690,0.00001695,0.00001697
5.644000,0.00001070,0.00001487,0.00001626,0.00001663,0.00001681,0.00001690,0.00001695,0.00001697
5.645999,0.00001070,0.00001487,0.00001626,0.00001663,0.00001681,0.00001690,0.00001695,0.00001697
5.648000,0.00001070,0.00001487,0.00001626,0.00001663,0.00001681,0.00001690,0.00001695,0.00001697
5.650000,0.00001070,0.00001487,0.00001626,0.00001663,0.00001681,0.00001690,0.00001695,0.00001697
5.651999,0.00001070,0.00001487,0.00001626,0.00001663,0.00001681,0.00001690,0.00001696,0.00001698
5.654000,0.00001070,0.00001488,0.00001627,0.00001663,0.00001681,0.00001691,0.00001696,0.00001698
5.656000,0.00001070,0.00001488,0.00001627,0.00001663,0.00001681,0.00001691,0.00001696,0.00001698
5.658000,0.00001070,0.00001488,0.00001627,0.00001663,0.00001681,0.00001691,0.00001696,0.00001698
5.659999,0.00001070,0.00001488,0.00001627,0.00001663,0.00001682,0.00001691,0.00001696,0.00001698
5.662000,0.00001070,0.00001488,0.00001627,0.00001664,0.00001682,0.00001691,0.00001696,0.00001698
5.664000,0.00001070,0.00001488,0.00001627,0.00001664,0.00001682,0.00001691,0.00001696,0.00001698
5.665999,0.00001070,0.00001488,0.00001627,0.00001664,0.00001682,0.00001691,0.00001696,0.00001698
5.668000,0.00001070,0.00001488,0.00001627,0.00001664,0.00001682,0.00001691,0.00001696,0.00001698
5.670000,0.00001070,0.00001488,0.00001627,0.00001664,0.00001682,0.00001691,0.00001696,0.00001698
5.672000,0.00001071,0.00001488,0.00001627,0.00001664,0.00001682,0.00001691,0.00001697,0.00001699
5.674000,0.00001071,0.00001488,0.00001628,0.00001664,0.00001682,0.00001692,0.00001697,0.00001699
5.676000,0.00001071,0.00001488,0.00001628,0.00001664,0.00001682,0.00001692,0.00001697,0.00001699
5.677999,0.00001071,0.00001489,0.00001628,0.00001664,0.00001682,0.00001692,0.00001697,0.00001699
5.679999,0.00001071,0.00001489,0.00001628,0.00001664,0.00001682,0.00001692,0.00001697,0.00001699
5.682000,0.00001071,0.00001489,0.00001628,0.00001665,0.00001683,0.00001692,0.00001697,0.00001699
5.684000,0.00001071,0.00001489,0.00001628,0.00001665,0.00001683,0.00001692,0.00001697,0.00001699
5.685999,0.00001071,0.00001489,0.00001628,0.00001665,0.00001683,0.00001692,0.00001697,0.00001699
5.688000,0.00001071,0.00001489,0.00001628,0.00001665,0.00001683,0.00001692,0.00001697,0.00001699
5.690000,0.00001071,0.00001489,0.00001628,0.00001665,0.00001683,0.00001692,0.00001697,0.00001699
5.692000,0.00001071,0.00001489,0.00001628,0.00001665,0.00001683,0.00001692,0.00001697,0.00001699
5.694000,0.00001071,0.00001489,0.00001628,0.00001665,0.00001683,0.00001692,0.00001698,0.00001700
5.696000,0.00001071,0.00001489,0.00001629,0.00001665,0.00001683,0.00001693,0.00001698,0.00001700
5.697999,0.00001071,0.00001489,0.00001629,0.00001665,0.00001683,0.00001693,0.00001698,0.00001700
5.699999,0.00001071,0.00001490,0.00001629,0.00001665,0.00001683,0.00001693,0.00001698,0.00001700
5.702000,0.00001072,0.00001490,0.00001629,0.00001665,0.00001684,0.00001693,0.00001698,0.00001700
5.704000,0.00001072,0.00001490,0.00001629,0.00001666,0.00001684,0.00001693,0.00001698,0.00001700
5.706000,0.00001072,0.00001490,0.00001629,0.00001666,0.00001684,0.00001693,0.00001698,0.00001700
5.708000,0.00001072,0.00001490,0.00001629,0.00001666,0.00001684,0.00001693,0.00001698,0.00001700
5.710000,0.00001072,0.00001490,0.00001629,0.00001666,0.00001684,0.00001693,0.00001698,0.00001700
5.712000,0.00001072,0.00001490,0.00001629,0.00001666,0.00001684,0.00001693,0.00001698,0.00001700
5.713999,0.00001072,0.00001490,0.00001629,0.00001666,0.00001684,0.00001693,0.00001699,0.00001701
5.716000,0.00001072,0.00001490,0.00001630,0.00001666,0.00001684,0.00001694,0.00001699,0.00001701
5.717999,0.00001072,0.00001490,0.00001630,0.00001666,0.00001684,0.00001694,0.00001699,0.00001701
5.719999,0.00001072,0.00001490,0.00001630,0.00001666,0.00001684,0.00001694,0.00001699,0.00001701
5.722000,0.00001072,0.00001491,0.00001630,0.00001666,0.00001685,0.00001694,0.00001699,0.00001701
5.724000,0.00001072,0.00001491,0.00001630,0.00001667,0.00001685,0.00001694,0.00001699,0.00001701
5.726000,0.00001072,0.00001491,0.00001630,0.00001667,0.00001685,0.00001694,0.00001699,0.00001701
5.728000,0.00001072,0.00001491,0.00001630,0.00001667,0.00001685,0.00001694,0.00001699,0.00001701
5.730000,0.00001072,0.00001491,0.00001630,0.00001667,0.00001685,0.00001694,0.00001699,0.00001701
5.731999,0.00001073,0.00001491,0.00001630,0.00001667,0.00001685,0.00001694,0.00001699,0.00001701
5.733999,0.00001073,0.00001491,0.00001630,0.00001667,0.00001685,0.00001694,0.00001700,0.00001702
5.736000,0.00001073,0.00001491,0.00001630,0.00001667,0.00001685,0.00001695,0.00001700,0.00001702
5.737999,0.00001073,0.00001491,0.00001631,0.00001667,0.00001685,0.00001695,0.00001700,0.00001702
5.740000,0.00001073,0.00001491,0.00001631,0.00001667,0.00001685,0.00001695,0.00001700,0.00001702
5.742000,0.00001073,0.00001491,0.00001631,0.00001667,0.00001686,0.00001695,0.00001700,0.00001702
5.743999,0.00001073,0.00001491,0.00001631,0.00001668,0.00001686,0.00001695,0.00001700,0.00001702
5.746000,0.00001073,0.00001492,0.00001631,0.00001668,0.00001686,0.00001695,0.00001700,0.00001702
5.748000,0.00001073,0.00001492,0.00001631,0.00001668,0.00001686,0.00001695,0.00001700,0.00001702
5.750000,0.00001073,0.00001492,0.00001631,0.00001668,0.00001686,0.00001695,0.00001700,0.00001702
5.751999,0.00001073,0.00001492,0.00001631,0.00001668,0.00001686,0.00001695,0.00001700,0.00001702
5.753999,0.00001073,0.00001492,0.00001631,0.00001668,0.00001686,0.00001695,0.00001700,0.00001702
5.756000,0.00001073,0.00001492,0.00001631,0.00001668,0.00001686,0.00001695,0.00001701,0.00001703
5.757999,0.00001073,0.00001492,0.00001631,0.00001668,0.00001686,0.00001696,0.00001701,0.00001703
5.760000,0.00001073,0.00001492,0.00001632,0.00001668,0.00001686,0.00001696,0.00001701,0.00001703
5.762000,0.00001074,0.00001492,0.00001632,0.00001668,0.00001686,0.00001696,0.00001701,0.00001703
5.763999,0.00001074,0.00001492,0.00001632,0.00001668,0.00001687,0.00001696,0.00001701,0.00001703
5.766000,0.00001074,0.00001492,0.00001632,0.00001669,0.00001687,0.00001696,0.00001701,0.00001703
5.768000,0.00001074,0.00001493,0.00001632,0.00001669,0.00001687,0.00001696,0.00001701,0.00001703
5.770000,0.00001074,0.00001493,0.00001632,0.00001669,0.00001687,0.00001696,0.00001701,0.00001703
5.771999,0.00001074,0.00001493,0.00001632,0.00001669,0.00001687,0.00001696,0.00001701,0.00001703
5.774000,0.00001074,0.00001493,0.00001632,0.00001669,0.00001687,0.00001696,0.00001701,0.00001703
5.776000,0.00001074,0.00001493,0.00001632,0.00001669,0.00001687,0.00001696,0.00001702,0.00001704
5.777999,0.00001074,0.00001493,0.00001632,0.00001669,0.00001687,0.00001697,0.00001702,0.00001704
5.780000,0.00001074,0.00001493,0.00001633,0.00001669,0.00001687,0.00001697,0.00001702,0.00001704
5.782000,0.00001074,0.00001493,0.00001633,0.00001669,0.00001687,0.00001697,0.00001702,0.00001704
5.784000,0.00001074,0.00001493,0.00001633,0.00001669,0.00001688,0.00001697,0.00001702,0.00001704
5.786000,0.00001074,0.00001493,0.00001633,0.00001670,0.00001688,0.00001697,0.00001702,0.00001704
5.788000,0.00001074,0.00001493,0.00001633,0.00001670,0.00001688,0.00001697,0.00001702,0.00001704
5.789999,0.00001074,0.00001494,0.00001633,0.00001670,0.00001688,0.00001697,0.00001702,0.00001704
5.791999,0.00001075,0.00001494,0.00001633,0.00001670,0.00001688,0.00001697,0.00001702,0.00001704
5.794000,0.00001075,0.00001494,0.00001633,0.00001670,0.00001688,0.00001697,0.00001702,0.00001704
5.796000,0.00001075,0.00001494,0.00001633,0.00001670,0.00001688,0.00001697,0.00001703,0.00001705
5.797999,0.00001075,0.00001494,0.00001633,0.00001670,0.00001688,0.00001698,0.00001703,0.00001705
5.800000,0.00001075,0.00001494,0.00001633,0.00001670,0.00001688,0.00001698,0.00001703,0.00001705
5.802000,0.00001075,0.00001494,0.00001634,0.00001670,0.00001688,0.00001698,0.00001703,0.00001705
5.804000,0.00001075,0.00001494,0.00001634,0.00001670,0.00001688,0.00001698,0.00001703,0.00001705
5.806000,0.00001075,0.00001494,0.00001634,0.00001671,0.00001689,0.00001698,0.00001703,0.00001705
5.808000,0.00001075,0.00001494,0.00001634,0.00001671,0.00001689,0.00001698,0.00001703,0.00001705
5.809999,0.00001075,0.00001494,0.00001634,0.00001671,0.00001689,0.00001698,0.00001703,0.00001705
5.811999,0.00001075,0.00001494,0.00001634,0.00001671,0.00001689,0.00001698,0.00001703,0.00001705
5.814000,0.00001075,0.00001495,0.00001634,0.00001671,0.00001689,0.00001698,0.00001703,0.00001705
5.816000,0.00001075,0.00001495,0.00001634,0.00001671,0.00001689,0.00001698,0.00001703,0.00001706
5.818000,0.00001075,0.00001495,0.00001634,0.00001671,0.00001689,0.00001699,0.00001704,0.00001706
5.820000,0.00001075,0.00001495,0.00001634,0.00001671,0.00001689,0.00001699,0.00001704,0.00001706
5.822000,0.00001076,0.00001495,0.00001635,0.00001671,0.00001689,0.00001699,0.00001704,0.00001706
5.824000,0.00001076,0.00001495,0.00001635,0.00001671,0.00001689,0.00001699,0.00001704,0.00001706
5.825999,0.00001076,0.00001495,0.00001635,0.00001671,0.00001690,0.00001699,0.00001704,0.00001706
5.828000,0.00001076,0.00001495,0.00001635,0.00001672,0.00001690,0.00001699,0.00001704,0.00001706
5.829999,0.00001076,0.00001495,0.00001635,0.00001672,0.00001690,0.00001699,0.00001704,0.00001706
5.831999,0.00001076,0.00001495,0.00001635,0.00001672,0.00001690,0.00001699,0.00001704,0.00001706
5.834000,0.00001076,0.00001495,0.00001635,0.00001672,0.00001690,0.00001699,0.00001704,0.00001706
5.835999,0.00001076,0.00001496,0.00001635,0.00001672,0.00001690,0.00001699,0.00001704,0.00001706
5.838000,0.00001076,0.00001496,0.00001635,0.00001672,0.00001690,0.00001699,0.00001705,0.00001707
5.840000,0.00001076,0.00001496,0.00001635,0.00001672,0.00001690,0.00001700,0.00001705,0.00001707
5.842000,0.00001076,0.00001496,0.00001635,0.00001672,0.00001690,0.00001700,0.00001705,0.00001707
5.843999,0.00001076,0.00001496,0.00001636,0.00001672,0.00001690,0.00001700,0.00001705,0.00001707
5.845999,0.00001076,0.00001496,0.00001636,0.00001672,0.00001691,0.00001700,0.00001705,0.00001707
5.848000,0.00001076,0.00001496,0.00001636,0.00001673,0.00001691,0.00001700,0.00001705,0.00001707
5.849999,0.00001076,0.00001496,0.00001636,0.00001673,0.00001691,0.00001700,0.00001705,0.00001707
5.852000,0.00001077,0.00001496,0.00001636,0.00001673,0.00001691,0.00001700,0.00001705,0.00001707
5.854000,0.00001077,0.00001496,0.00001636,0.00001673,0.00001691,0.00001700,0.00001705,0.00001707
5.855999,0.00001077,0.00001496,0.00001636,0.00001673,0.00001691,0.00001700,0.00001705,0.00001707
5.858000,0.00001077,0.00001497,0.00001636,0.00001673,0.00001691,0.00001700,0.00001706,0.00001708
5.860000,0.00001077,0.00001497,0.00001636,0.00001673,0.00001691,0.00001701,0.00001706,0.00001708
5.862000,0.00001077,0.00001497,0.00001636,0.00001673,0.00001691,0.00001701,0.00001706,0.00001708
5.863999,0.00001077,0.00001497,0.00001637,0.00001673,0.00001691,0.00001701,0.00001706,0.00001708
5.865999,0.00001077,0.00001497,0.00001637,0.00001673,0.00001692,0.00001701,0.00001706,0.00001708
5.868000,0.00001077,0.00001497,0.00001637,0.00001673,0.00001692,0.00001701,0.00001706,0.00001708
5.869999,0.00001077,0.00001497,0.00001637,0.00001674,0.00001692,0.00001701,0.00001706,0.00001708
5.872000,0.00001077,0.00001497,0.00001637,0.00001674,0.00001692,0.00001701,0.00001706,0.00001708
5.874000,0.00001077,0.00001497,0.00001637,0.00001674,0.00001692,0.00001701,0.00001706,0.00001708
5.875999,0.00001077,0.00001497,0.00001637,0.00001674,0.00001692,0.00001701,0.00001706,0.00001708
5.878000,0.00001077,0.00001497,0.00001637,0.00001674,0.00001692,0.00001701,0.00001707,0.00001709
5.880000,0.00001077,0.00001497,0.00001637,0.00001674,0.00001692,0.00001702,0.00001707,0.00001709
5.881999,0.00001078,0.00001498,0.00001637,0.00001674,0.00001692,0.00001702,0.00001707,0.00001709
5.883999,0.00001078,0.00001498,0.00001637,0.00001674,0.00001692,0.00001702,0.00001707,0.00001709
5.886000,0.00001078,0.00001498,0.00001638,0.00001674,0.00001692,0.00001702,0.00001707,0.00001709
5.888000,0.00001078,0.00001498,0.00001638,0.00001674,0.00001693,0.00001702,0.00001707,0.00001709
5.889999,0.00001078,0.00001498,0.00001638,0.00001675,0.00001693,0.00001702,0.00001707,0.00001709
5.892000,0.00001078,0.00001498,0.00001638,0.00001675,0.00001693,0.00001702,0.00001707,0.00001709
5.894000,0.00001078,0.00001498,0.00001638,0.00001675,0.00001693,0.00001702,0.00001707,0.00001709
5.896000,0.00001078,0.00001498,0.00001638,0.00001675,0.00001693,0.00001702,0.00001707,0.00001709
5.898000,0.00001078,0.00001498,0.00001638,0.00001675,0.00001693,0.00001702,0.00001707,0.00001710
5.900000,0.00001078,0.00001498,0.00001638,0.00001675,0.00001693,0.00001703,0.00001708,0.00001710
5.901999,0.00001078,0.00001498,0.00001638,0.00001675,0.00001693,0.00001703,0.00001708,0.00001710
5.903999,0.00001078,0.00001499,0.00001638,0.00001675,0.00001693,0.00001703,0.00001708,0.00001710
5.906000,0.00001078,0.00001499,0.00001639,0.00001675,0.00001693,0.00001703,0.00001708,0.00001710
5.908000,0.00001078,0.00001499,0.00001639,0.00001675,0.00001694,0.00001703,0.00001708,0.00001710
5.909999,0.00001078,0.00001499,0.00001639,0.00001676,0.00001694,0.00001703,0.00001708,0.00001710
5.912000,0.00001079,0.00001499,0.00001639,0.00001676,0.00001694,0.00001703,0.00001708,0.00001710
5.914000,0.00001079,0.00001499,0.00001639,0.00001676,0.00001694,0.00001703,0.00001708,0.00001710
5.916000,0.00001079,0.00001499,0.00001639,0.00001676,0.00001694,0.00001703,0.00001708,0.00001710
5.918000,0.00001079,0.00001499,0.00001639,0.00001676,0.00001694,0.00001703,0.00001708,0.00001710
5.920000,0.00001079,0.00001499,0.00001639,0.00001676,0.00001694,0.00001703,0.00001709,0.00001711
5.921999,0.00001079,0.00001499,0.00001639,0.00001676,0.00001694,0.00001704,0.00001709,0.00001711
5.923999,0.00001079,0.00001499,0.00001639,0.00001676,0.00001694,0.00001704,0.00001709,0.00001711
5.926000,0.00001079,0.00001500,0.00001639,0.00001676,0.00001694,0.00001704,0.00001709,0.00001711
5.927999,0.00001079,0.00001500,0.00001640,0.00001676,0.00001695,0.00001704,0.00001709,0.00001711
5.930000,0.00001079,0.00001500,0.00001640,0.00001676,0.00001695,0.00001704,0.00001709,0.00001711
5.932000,0.00001079,0.00001500,0.00001640,0.00001677,0.00001695,0.00001704,0.00001709,0.00001711
5.934000,0.00001079,0.00001500,0.00001640,0.00001677,0.00001695,0.00001704,0.00001709,0.00001711
5.936000,0.00001079,0.00001500,0.00001640,0.00001677,0.00001695,0.00001704,0.00001709,0.00001711
5.938000,0.00001079,0.00001500,0.00001640,0.00001677,0.00001695,0.00001704,0.00001709,0.00001711
5.940000,0.00001080,0.00001500,0.00001640,0.00001677,0.00001695,0.00001704,0.00001710,0.00001712
5.941999,0.00001080,0.00001500,0.00001640,0.00001677,0.00001695,0.00001705,0.00001710,0.00001712
5.943999,0.00001080,0.00001500,0.00001640,0.00001677,0.00001695,0.00001705,0.00001710,0.00001712
5.946000,0.00001080,0.00001500,0.00001640,0.00001677,0.00001695,0.00001705,0.00001710,0.00001712
5.947999,0.00001080,0.00001501,0.00001641,0.00001677,0.00001695,0.00001705,0.00001710,0.00001712
5.950000,0.00001080,0.00001501,0.00001641,0.00001677,0.00001696,0.00001705,0.00001710,0.00001712
5.952000,0.00001080,0.00001501,0.00001641,0.00001678,0.00001696,0.00001705,0.00001710,0.00001712
5.954000,0.00001080,0.00001501,0.00001641,0.00001678,0.00001696,0.00001705,0.00001710,0.00001712
5.955999,0.00001080,0.00001501,0.00001641,0.00001678,0.00001696,0.00001705,0.00001710,0.00001712
5.957999,0.00001080,0.00001501,0.00001641,0.00001678,0.00001696,0.00001705,0.00001710,0.00001712
5.960000,0.00001080,0.00001501,0.00001641,0.00001678,0.00001696,0.00001705,0.00001711,0.00001713
5.961999,0.00001080,0.00001501,0.00001641,0.00001678,0.00001696,0.00001706,0.00001711,0.00001713
5.964000,0.00001080,0.00001501,0.00001641,0.00001678,0.00001696,0.00001706,0.00001711,0.00001713
5.966000,0.00001080,0.00001501,0.00001641,0.00001678,0.00001696,0.00001706,0.00001711,0.00001713
5.967999,0.00001080,0.00001501,0.00001642,0.00001678,0.00001696,0.00001706,0.00001711,0.00001713
5.970000,0.00001081,0.00001502,0.00001642,0.00001678,0.00001697,0.00001706,0.00001711,0.00001713
5.972000,0.00001081,0.00001502,0.00001642,0.00001679,0.00001697,0.00001706,0.00001711,0.00001713
5.974000,0.00001081,0.00001502,0.00001642,0.00001679,0.00001697,0.00001706,0.00001711,0.00001713
5.975999,0.00001081,0.00001502,0.00001642,0.00001679,0.00001697,0.00001706,0.00001711,0.00001713
5.977999,0.00001081,0.00001502,0.00001642,0.00001679,0.00001697,0.00001706,0.00001711,0.00001713
5.980000,0.00001081,0.00001502,0.00001642,0.00001679,0.00001697,0.00001706,0.00001712,0.00001714
5.981999,0.00001081,0.00001502,0.00001642,0.00001679,0.00001697,0.00001707,0.00001712,0.00001714
5.984000,0.00001081,0.00001502,0.00001642,0.00001679,0.00001697,0.00001707,0.00001712,0.00001714
5.986000,0.00001081,0.00001502,0.00001642,0.00001679,0.00001697,0.00001707,0.00001712,0.00001714
5.987999,0.00001081,0.00001502,0.00001642,0.00001679,0.00001697,0.00001707,0.00001712,0.00001714
5.990000,0.00001081,0.00001502,0.00001643,0.00001679,0.00001698,0.00001707,0.00001712,0.00001714
5.992000,0.00001081,0.00001502,0.00001643,0.00001680,0.00001698,0.00001707,0.00001712,0.00001714
5.993999,0.00001081,0.00001503,0.00001643,0.00001680,0.00001698,0.00001707,0.00001712,0.00001714
5.995999,0.00001081,0.00001503,0.00001643,0.00001680,0.00001698,0.00001707,0.00001712,0.00001714
5.998000,0.00001081,0.00001503,0.00001643,0.00001680,0.00001698,0.00001707,0.00001712,0.00001714
6.000000,0.00001082,0.00001503,0.00001643,0.00001680,0.00001698,0.00001707,0.00001712,0.00001714
6.001999,0.00001082,0.00001503,0.00001643,0.00001680,0.00001698,0.00001707,0.00001713,0.00001715
6.004000,0.00001082,0.00001503,0.00001643,0.00001680,0.00001698,0.00001708,0.00001713,0.00001715
6.006000,0.00001082,0.00001503,0.00001643,0.00001680,0.00001698,0.00001708,0.00001713,0.00001715
6.008000,0.00001082,0.00001503,0.00001643,0.00001680,0.00001698,0.00001708,0.00001713,0.00001715
6.010000,0.00001082,0.00001503,0.00001644,0.00001680,0.00001699,0.00001708,0.00001713,0.00001715
6.012000,0.00001082,0.00001503,0.00001644,0.00001680,0.00001699,0.00001708,0.00001713,0.00001715
6.013999,0.00001082,0.00001503,0.00001644,0.00001681,0.00001699,0.00001708,0.00001713,0.00001715
6.015999,0.00001082,0.00001504,0.00001644,0.00001681,0.00001699,0.00001708,0.00001713,0.00001715
6.018000,0.00001082,0.00001504,0.00001644,0.00001681,0.00001699,0.00001708,0.00001713,0.00001715
6.020000,0.00001082,0.00001504,0.00001644,0.00001681,0.00001699,0.00001708,0.00001713,0.00001715
6.021999,0.00001082,0.00001504,0.00001644,0.00001681,0.00001699,0.00001708,0.00001714,0.00001716
6.024000,0.00001082,0.00001504,0.00001644,0.00001681,0.00001699,0.00001709,0.00001714,0.00001716
6.026000,0.00001082,0.00001504,0.00001644,0.00001681,0.00001699,0.00001709,0.00001714,0.00001716
6.028000,0.00001082,0.00001504,0.00001644,0.00001681,0.00001699,0.00001709,0.00001714,0.00001716
6.030000,0.00001083,0.00001504,0.00001644,0.00001681,0.00001700,0.00001709,0.00001714,0.00001716
6.032000,0.00001083,0.00001504,0.00001645,0.00001681,0.00001700,0.00001709,0.00001714,0.00001716
6.033999,0.00001083,0.00001504,0.00001645,0.00001682,0.00001700,0.00001709,0.00001714,0.00001716
6.035999,0.00001083,0.00001504,0.00001645,0.00001682,0.00001700,0.00001709,0.00001714,0.00001716
6.038000,0.00001083,0.00001505,0.00001645,0.00001682,0.00001700,0.00001709,0.00001714,0.00001716
6.039999,0.00001083,0.00001505,0.00001645,0.00001682,0.00001700,0.00001709,0.00001714,0.00001716
6.042000,0.00001083,0.00001505,0.00001645,0.00001682,0.00001700,0.00001709,0.00001715,0.00001717
6.044000,0.00001083,0.00001505,0.00001645,0.00001682,0.00001700,0.00001710,0.00001715,0.00001717
6.046000,0.00001083,0.00001505,0.00001645,0.00001682,0.00001700,0.00001710,0.00001715,0.00001717
6.048000,0.00001083,0.00001505,0.00001645,0.00001682,0.00001700,0.00001710,0.00001715,0.00001717
6.050000,0.00001083,0.00001505,0.00001645,0.00001682,0.00001700,0.00001710,0.00001715,0.00001717
6.052000,0.00001083,0.00001505,0.00001646,0.00001682,0.00001701,0.00001710,0.00001715,0.00001717
6.053999,0.00001083,0.00001505,0.00001646,0.00001683,0.00001701,0.00001710,0.00001715,0.00001717
6.055999,0.00001083,0.00001505,0.00001646,0.00001683,0.00001701,0.00001710,0.00001715,0.00001717
6.058000,0.00001083,0.00001505,0.00001646,0.00001683,0.00001701,0.00001710,0.00001715,0.00001717
6.059999,0.00001084,0.00001506,0.00001646,0.00001683,0.00001701,0.00001710,0.00001715,0.00001717
6.062000,0.00001084,0.00001506,0.00001646,0.00001683,0.00001701,0.00001710,0.00001716,0.00001718
6.064000,0.00001084,0.00001506,0.00001646,0.00001683,0.00001701,0.00001711,0.00001716,0.00001718
6.066000,0.00001084,0.00001506,0.00001646,0.00001683,0.00001701,0.00001711,0.00001716,0.00001718
6.068000,0.00001084,0.00001506,0.00001646,0.00001683,0.00001701,0.00001711,0.00001716,0.00001718
6.069999,0.00001084,0.00001506,0.00001646,0.00001683,0.00001701,0.00001711,0.00001716,0.00001718
6.072000,0.00001084,0.00001506,0.00001646,0.00001683,0.00001702,0.00001711,0.00001716,0.00001718
6.073999,0.00001084,0.00001506,0.00001647,0.00001683,0.00001702,0.00001711,0.00001716,0.00001718
6.076000,0.00001084,0.00001506,0.00001647,0.00001684,0.00001702,0.00001711,0.00001716,0.00001718
6.078000,0.00001084,0.00001506,0.00001647,0.00001684,0.00001702,0.00001711,0.00001716,0.00001718
6.079999,0.00001084,0.00001506,0.00001647,0.00001684,0.00001702,0.00001711,0.00001716,0.00001718
6.082000,0.00001084,0.00001507,0.00001647,0.00001684,0.00001702,0.00001711,0.00001717,0.00001719
6.084000,0.00001084,0.00001507,0.00001647,0.00001684,0.00001702,0.00001712,0.00001717,0.00001719
6.085999,0.00001084,0.00001507,0.00001647,0.00001684,0.00001702,0.00001712,0.00001717,0.00001719
6.087999,0.00001085,0.00001507,0.00001647,0.00001684,0.00001702,0.00001712,0.00001717,0.00001719
6.089999,0.00001085,0.00001507,0.00001647,0.00001684,0.00001702,0.00001712,0.00001717,0.00001719
6.092000,0.00001085,0.00001507,0.00001647,0.00001684,0.00001703,0.00001712,0.00001717,0.00001719
6.093999,0.00001085,0.00001507,0.00001648,0.00001684,0.00001703,0.00001712,0.00001717,0.00001719
6.096000,0.00001085,0.00001507,0.00001648,0.00001685,0.00001703,0.00001712,0.00001717,0.00001719
6.098000,0.00001085,0.00001507,0.00001648,0.00001685,0.00001703,0.00001712,0.00001717,0.00001719
6.099999,0.00001085,0.00001507,0.00001648,0.00001685,0.00001703,0.00001712,0.00001717,0.00001719
6.102000,0.00001085,0.00001507,0.00001648,0.00001685,0.00001703,0.00001712,0.00001718,0.00001720
6.104000,0.00001085,0.00001508,0.00001648,0.00001685,0.00001703,0.00001712,0.00001718,0.00001720
6.105999,0.00001085,0.00001508,0.00001648,0.00001685,0.00001703,0.00001713,0.00001718,0.00001720
6.107999,0.00001085,0.00001508,0.00001648,0.00001685,0.00001703,0.00001713,0.00001718,0.00001720
6.110000,0.00001085,0.00001508,0.00001648,0.00001685,0.00001703,0.00001713,0.00001718,0.00001720
6.112000,0.00001085,0.00001508,0.00001648,0.00001685,0.00001704,0.00001713,0.00001718,0.00001720
6.113999,0.00001085,0.00001508,0.00001649,0.00001685,0.00001704,0.00001713,0.00001718,0.00001720
6.116000,0.00001085,0.00001508,0.00001649,0.00001686,0.00001704,0.00001713,0.00001718,0.00001720
6.118000,0.00001086,0.00001508,0.00001649,0.00001686,0.00001704,0.00001713,0.00001718,0.00001720
6.120000,0.00001086,0.00001508,0.00001649,0.00001686,0.00001704,0.00001713,0.00001718,0.00001720
6.122000,0.00001086,0.00001508,0.00001649,0.00001686,0.00001704,0.00001713,0.00001718,0.00001720
6.124000,0.00001086,0.00001508,0.00001649,0.00001686,0.00001704,0.00001713,0.00001719,0.00001721
6.125999,0.00001086,0.00001509,0.00001649,0.00001686,0.00001704,0.00001714,0.00001719,0.00001721
6.127999,0.00001086,0.00001509,0.00001649,0.00001686,0.00001704,0.00001714,0.00001719,0.00001721
6.130000,0.00001086,0.00001509,0.00001649,0.00001686,0.00001704,0.00001714,0.00001719,0.00001721
6.131999,0.00001086,0.00001509,0.00001649,0.00001686,0.00001705,0.00001714,0.00001719,0.00001721
6.133999,0.00001086,0.00001509,0.00001649,0.00001686,0.00001705,0.00001714,0.00001719,0.00001721
6.136000,0.00001086,0.00001509,0.00001650,0.00001687,0.00001705,0.00001714,0.00001719,0.00001721
6.138000,0.00001086,0.00001509,0.00001650,0.00001687,0.00001705,0.00001714,0.00001719,0.00001721
6.140000,0.00001086,0.00001509,0.00001650,0.00001687,0.00001705,0.00001714,0.00001719,0.00001721
6.142000,0.00001086,0.00001509,0.00001650,0.00001687,0.00001705,0.00001714,0.00001719,0.00001721
6.144000,0.00001086,0.00001509,0.00001650,0.00001687,0.00001705,0.00001714,0.00001720,0.00001722
6.145999,0.00001086,0.00001509,0.00001650,0.00001687,0.00001705,0.00001715,0.00001720,0.00001722
6.147999,0.00001087,0.00001509,0.00001650,0.00001687,0.00001705,0.00001715,0.00001720,0.00001722
6.150000,0.00001087,0.00001510,0.00001650,0.00001687,0.00001705,0.00001715,0.00001720,0.00001722
6.151999,0.00001087,0.00001510,0.00001650,0.00001687,0.00001705,0.00001715,0.00001720,0.00001722
6.154000,0.00001087,0.00001510,0.00001650,0.00001687,0.00001706,0.00001715,0.00001720,0.00001722
6.156000,0.00001087,0.00001510,0.00001651,0.00001688,0.00001706,0.00001715,0.00001720,0.00001722
6.158000,0.00001087,0.00001510,0.00001651,0.00001688,0.00001706,0.00001715,0.00001720,0.00001722
6.160000,0.00001087,0.00001510,0.00001651,0.00001688,0.00001706,0.00001715,0.00001720,0.00001722
6.162000,0.00001087,0.00001510,0.00001651,0.00001688,0.00001706,0.00001715,0.00001720,0.00001722
6.164000,0.00001087,0.00001510,0.00001651,0.00001688,0.00001706,0.00001715,0.00001721,0.00001723
6.165999,0.00001087,0.00001510,0.00001651,0.00001688,0.00001706,0.00001716,0.00001721,0.00001723
6.167999,0.00001087,0.00001510,0.00001651,0.00001688,0.00001706,0.00001716,0.00001721,0.00001723
6.170000,0.00001087,0.00001510,0.00001651,0.00001688,0.00001706,0.00001716,0.00001721,0.00001723
6.171999,0.00001087,0.00001511,0.00001651,0.00001688,0.00001706,0.00001716,0.00001721,0.00001723
6.174000,0.00001087,0.00001511,0.00001651,0.00001688,0.00001707,0.00001716,0.00001721,0.00001723
6.176000,0.00001087,0.00001511,0.00001651,0.00001688,0.00001707,0.00001716,0.00001721,0.00001723
6.177999,0.00001088,0.00001511,0.00001652,0.00001689,0.00001707,0.00001716,0.00001721,0.00001723
6.180000,0.00001088,0.00001511,0.00001652,0.00001689,0.00001707,0.00001716,0.00001721,0.00001723
6.181999,0.00001088,0.00001511,0.00001652,0.00001689,0.00001707,0.00001716,0.00001721,0.00001723
6.184000,0.00001088,0.00001511,0.00001652,0.00001689,0.00001707,0.00001716,0.00001722,0.00001724
6.185999,0.00001088,0.00001511,0.00001652,0.00001689,0.00001707,0.00001717,0.00001722,0.00001724
6.188000,0.00001088,0.00001511,0.00001652,0.00001689,0.00001707,0.00001717,0.00001722,0.00001724
6.190000,0.00001088,0.00001511,0.00001652,0.00001689,0.00001707,0.00001717,0.00001722,0.00001724
6.191999,0.00001088,0.00001511,0.00001652,0.00001689,0.00001707,0.00001717,0.00001722,0.00001724
6.194000,0.00001088,0.00001512,0.00001652,0.00001689,0.00001708,0.00001717,0.00001722,0.00001724
6.196000,0.00001088,0.00001512,0.00001652,0.00001689,0.00001708,0.00001717,0.00001722,0.00001724
6.198000,0.00001088,0.00001512,0.00001653,0.00001690,0.00001708,0.00001717,0.00001722,0.00001724
6.199999,0.00001088,0.00001512,0.00001653,0.00001690,0.00001708,0.00001717,0.00001722,0.00001724
6.201999,0.00001088,0.00001512,0.00001653,0.00001690,0.00001708,0.00001717,0.00001722,0.00001724
6.204000,0.00001088,0.00001512,0.00001653,0.00001690,0.00001708,0.00001717,0.00001723,0.00001725
6.205999,0.00001088,0.00001512,0.00001653,0.00001690,0.00001708,0.00001718,0.00001723,0.00001725
6.208000,0.00001089,0.00001512,0.00001653,0.00001690,0.00001708,0.00001718,0.00001723,0.00001725
6.210000,0.00001089,0.00001512,0.00001653,0.00001690,0.00001708,0.00001718,0.00001723,0.00001725
6.211999,0.00001089,0.00001512,0.00001653,0.00001690,0.00001708,0.00001718,0.00001723,0.00001725
6.214000,0.00001089,0.00001512,0.00001653,0.00001690,0.00001709,0.00001718,0.00001723,0.00001725
6.216000,0.00001089,0.00001513,0.00001653,0.00001690,0.00001709,0.00001718,0.00001723,0.00001725
6.217999,0.00001089,0.00001513,0.00001654,0.00001691,0.00001709,0.00001718,0.00001723,0.00001725
6.219999,0.00001089,0.00001513,0.00001654,0.00001691,0.00001709,0.00001718,0.00001723,0.00001725
6.222000,0.00001089,0.00001513,0.00001654,0.00001691,0.00001709,0.00001718,0.00001723,0.00001725
6.224000,0.00001089,0.00001513,0.00001654,0.00001691,0.00001709,0.00001718,0.00001724,0.00001726
6.225999,0.00001089,0.00001513,0.00001654,0.00001691,0.00001709,0.00001719,0.00001724,0.00001726
6.228000,0.00001089,0.00001513,0.00001654,0.00001691,0.00001709,0.00001719,0.00001724,0.00001726
6.230000,0.00001089,0.00001513,0.00001654,0.00001691,0.00001709,0.00001719,0.00001724,0.00001726
6.232000,0.00001089,0.00001513,0.00001654,0.00001691,0.00001709,0.00001719,0.00001724,0.00001726
6.234000,0.00001089,0.00001513,0.00001654,0.00001691,0.00001710,0.00001719,0.00001724,0.00001726
6.236000,0.00001090,0.00001513,0.00001654,0.00001691,0.00001710,0.00001719,0.00001724,0.00001726
6.237999,0.00001090,0.00001514,0.00001654,0.00001692,0.00001710,0.00001719,0.00001724,0.00001726
6.239999,0.00001090,0.00001514,0.00001655,0.00001692,0.00001710,0.00001719,0.00001724,0.00001726
6.242000,0.00001090,0.00001514,0.00001655,0.00001692,0.00001710,0.00001719,0.00001724,0.00001726
6.243999,0.00001090,0.00001514,0.00001655,0.00001692,0.00001710,0.00001719,0.00001725,0.00001727
6.245999,0.00001090,0.00001514,0.00001655,0.00001692,0.00001710,0.00001720,0.00001725,0.00001727
6.248000,0.00001090,0.00001514,0.00001655,0.00001692,0.00001710,0.00001720,0.00001725,0.00001727
6.250000,0.00001090,0.00001514,0.00001655,0.00001692,0.00001710,0.00001720,0.00001725,0.00001727
6.252000,0.00001090,0.00001514,0.00001655,0.00001692,0.00001710,0.00001720,0.00001725,0.00001727
6.254000,0.00001090,0.00001514,0.00001655,0.00001692,0.00001711,0.00001720,0.00001725,0.00001727
6.256000,0.00001090,0.00001514,0.00001655,0.00001692,0.00001711,0.00001720,0.00001725,0.00001727
6.257999,0.00001090,0.00001514,0.00001655,0.00001693,0.00001711,0.00001720,0.00001725,0.00001727
6.259999,0.00001090,0.00001515,0.00001656,0.00001693,0.00001711,0.00001720,0.00001725,0.00001727
6.262000,0.00001090,0.00001515,0.00001656,0.00001693,0.00001711,0.00001720,0.00001725,0.00001727
6.263999,0.00001090,0.00001515,0.00001656,0.00001693,0.00001711,0.00001720,0.00001726,0.00001728
6.266000,0.00001091,0.00001515,0.00001656,0.00001693,0.00001711,0.00001721,0.00001726,0.00001728
6.268000,0.00001091,0.00001515,0.00001656,0.00001693,0.00001711,0.00001721,0.00001726,0.00001728
6.270000,0.00001091,0.00001515,0.00001656,0.00001693,0.00001711,0.00001721,0.00001726,0.00001728
6.272000,0.00001091,0.00001515,0.00001656,0.00001693,0.00001711,0.00001721,0.00001726,0.00001728
6.274000,0.00001091,0.00001515,0.00001656,0.00001693,0.00001712,0.00001721,0.00001726,0.00001728
6.276000,0.00001091,0.00001515,0.00001656,0.00001693,0.00001712,0.00001721,0.00001726,0.00001728
6.277999,0.00001091,0.00001515,0.00001656,0.00001693,0.00001712,0.00001721,0.00001726,0.00001728
6.279999,0.00001091,0.00001515,0.00001657,0.00001694,0.00001712,0.00001721,0.00001726,0.00001728
6.282000,0.00001091,0.00001516,0.00001657,0.00001694,0.00001712,0.00001721,0.00001726,0.00001728
6.283999,0.00001091,0.00001516,0.00001657,0.00001694,0.00001712,0.00001721,0.00001727,0.00001729
6.286000,0.00001091,0.00001516,0.00001657,0.00001694,0.00001712,0.00001722,0.00001727,0.00001729
6.288000,0.00001091,0.00001516,0.00001657,0.00001694,0.00001712,0.00001722,0.00001727,0.00001729
6.289999,0.00001091,0.00001516,0.00001657,0.00001694,0.00001712,0.00001722,0.00001727,0.00001729
6.292000,0.00001091,0.00001516,0.00001657,0.00001694,0.00001712,0.00001722,0.00001727,0.00001729
6.293999,0.00001091,0.00001516,0.00001657,0.00001694,0.00001713,0.00001722,0.00001727,0.00001729
6.296000,0.00001092,0.00001516,0.00001657,0.00001694,0.00001713,0.00001722,0.00001727,0.00001729
6.297999,0.00001092,0.00001516,0.00001657,0.00001694,0.00001713,0.00001722,0.00001727,0.00001729
6.300000,0.00001092,0.00001516,0.00001657,0.00001695,0.00001713,0.00001722,0.00001727,0.00001729
6.302000,0.00001092,0.00001516,0.00001658,0.00001695,0.00001713,0.00001722,0.00001727,0.00001729
6.303999,0.00001092,0.00001517,0.00001658,0.00001695,0.00001713,0.00001722,0.00001727,0.00001730
6.306000,0.00001092,0.00001517,0.00001658,0.00001695,0.00001713,0.00001722,0.00001728,0.00001730
6.308000,0.00001092,0.00001517,0.00001658,0.00001695,0.00001713,0.00001723,0.00001728,0.00001730
6.310000,0.00001092,0.00001517,0.00001658,0.00001695,0.00001713,0.00001723,0.00001728,0.00001730
6.311999,0.00001092,0.00001517,0.00001658,0.00001695,0.00001713,0.00001723,0.00001728,0.00001730
6.313999,0.00001092,0.00001517,0.00001658,0.00001695,0.00001714,0.00001723,0.00001728,0.00001730
6.316000,0.00001092,0.00001517,0.00001658,0.00001695,0.00001714,0.00001723,0.00001728,0.00001730
6.317999,0.00001092,0.00001517,0.00001658,0.00001695,0.00001714,0.00001723,0.00001728,0.00001730
6.320000,0.00001092,0.00001517,0.00001658,0.00001696,0.00001714,0.00001723,0.00001728,0.00001730
6.322000,0.00001092,0.00001517,0.00001659,0.00001696,0.00001714,0.00001723,0.00001728,0.00001730
6.323999,0.00001093,0.00001517,0.00001659,0.00001696,0.00001714,0.00001723,0.00001729,0.00001731
6.326000,0.00001093,0.00001518,0.00001659,0.00001696,0.00001714,0.00001723,0.00001729,0.00001731
6.328000,0.00001093,0.00001518,0.00001659,0.00001696,0.00001714,0.00001724,0.00001729,0.00001731
6.329999,0.00001093,0.00001518,0.00001659,0.00001696,0.00001714,0.00001724,0.00001729,0.00001731
6.331999,0.00001093,0.00001518,0.00001659,0.00001696,0.00001714,0.00001724,0.00001729,0.00001731
6.334000,0.00001093,0.00001518,0.00001659,0.00001696,0.00001714,0.00001724,0.00001729,0.00001731
6.335999,0.00001093,0.00001518,0.00001659,0.00001696,0.00001715,0.00001724,0.00001729,0.00001731
6.337999,0.00001093,0.00001518,0.00001659,0.00001696,0.00001715,0.00001724,0.00001729,0.00001731
6.340000,0.00001093,0.00001518,0.00001659,0.00001697,0.00001715,0.00001724,0.00001729,0.00001731
6.342000,0.00001093,0.00001518,0.00001660,0.00001697,0.00001715,0.00001724,0.00001729,0.00001731
6.344000,0.00001093,0.00001518,0.00001660,0.00001697,0.00001715,0.00001724,0.00001729,0.00001732
6.346000,0.00001093,0.00001518,0.00001660,0.00001697,0.00001715,0.00001724,0.00001730,0.00001732
6.348000,0.00001093,0.00001519,0.00001660,0.00001697,0.00001715,0.00001725,0.00001730,0.00001732
6.349999,0.00001093,0.00001519,0.00001660,0.00001697,0.00001715,0.00001725,0.00001730,0.00001732
6.351999,0.00001093,0.00001519,0.00001660,0.00001697,0.00001715,0.00001725,0.00001730,0.00001732
6.354000,0.00001094,0.00001519,0.00001660,0.00001697,0.00001715,0.00001725,0.00001730,0.00001732
6.355999,0.00001094,0.00001519,0.00001660,0.00001697,0.00001716,0.00001725,0.00001730,0.00001732
6.357999,0.00001094,0.00001519,0.00001660,0.00001697,0.00001716,0.00001725,0.00001730,0.00001732
6.360000,0.00001094,0.00001519,0.00001660,0.00001698,0.00001716,0.00001725,0.00001730,0.00001732
6.362000,0.00001094,0.00001519,0.00001661,0.00001698,0.00001716,0.00001725,0.00001730,0.00001732
6.364000,0.00001094,0.00001519,0.00001661,0.00001698,0.00001716,0.00001725,0.00001730,0.00001733
6.366000,0.00001094,0.00001519,0.00001661,0.00001698,0.00001716,0.00001725,0.00001731,0.00001733
6.368000,0.00001094,0.00001519,0.00001661,0.00001698,0.00001716,0.00001726,0.00001731,0.00001733
6.369999,0.00001094,0.00001520,0.00001661,0.00001698,0.00001716,0.00001726,0.00001731,0.00001733
6.371999,0.00001094,0.00001520,0.00001661,0.00001698,0.00001716,0.00001726,0.00001731,0.00001733
6.374000,0.00001094,0.00001520,0.00001661,0.00001698,0.00001716,0.00001726,0.00001731,0.00001733
6.375999,0.00001094,0.00001520,0.00001661,0.00001698,0.00001717,0.00001726,0.00001731,0.00001733
6.378000,0.00001094,0.00001520,0.00001661,0.00001698,0.00001717,0.00001726,0.00001731,0.00001733
6.380000,0.00001094,0.00001520,0.00001661,0.00001699,0.00001717,0.00001726,0.00001731,0.00001733
6.381999,0.00001095,0.00001520,0.00001661,0.00001699,0.00001717,0.00001726,0.00001731,0.00001733
6.384000,0.00001095,0.00001520,0.00001662,0.00001699,0.00001717,0.00001726,0.00001731,0.00001734
6.386000,0.00001095,0.00001520,0.00001662,0.00001699,0.00001717,0.00001726,0.00001732,0.00001734
6.388000,0.00001095,0.00001520,0.00001662,0.00001699,0.00001717,0.00001727,0.00001732,0.00001734
6.389999,0.00001095,0.00001520,0.00001662,0.00001699,0.00001717,0.00001727,0.00001732,0.00001734
6.391999,0.00001095,0.00001521,0.00001662,0.00001699,0.00001717,0.00001727,0.00001732,0.00001734
6.394000,0.00001095,0.00001521,0.00001662,0.00001699,0.00001717,0.00001727,0.00001732,0.00001734
6.395999,0.00001095,0.00001521,0.00001662,0.00001699,0.00001718,0.00001727,0.00001732,0.00001734
6.398000,0.00001095,0.00001521,0.00001662,0.00001699,0.00001718,0.00001727,0.00001732,0.00001734
6.400000,0.00001095,0.00001521,0.00001662,0.00001700,0.00001718,0.00001727,0.00001732,0.00001734
6.401999,0.00001095,0.00001521,0.00001662,0.00001700,0.00001718,0.00001727,0.00001732,0.00001734
6.404000,0.00001095,0.00001521,0.00001663,0.00001700,0.00001718,0.00001727,0.00001732,0.00001735
6.405999,0.00001095,0.00001521,0.00001663,0.00001700,0.00001718,0.00001727,0.00001733,0.00001735
6.408000,0.00001095,0.00001521,0.00001663,0.00001700,0.00001718,0.00001728,0.00001733,0.00001735
6.409999,0.00001095,0.00001521,0.00001663,0.00001700,0.00001718,0.00001728,0.00001733,0.00001735
6.412000,0.00001096,0.00001521,0.00001663,0.00001700,0.00001718,0.00001728,0.00001733,0.00001735
6.414000,0.00001096,0.00001522,0.00001663,0.00001700,0.00001718,0.00001728,0.00001733,0.00001735
6.415999,0.00001096,0.00001522,0.00001663,0.00001700,0.00001719,0.00001728,0.00001733,0.00001735
6.418000,0.00001096,0.00001522,0.00001663,0.00001700,0.00001719,0.00001728,0.00001733,0.00001735
6.420000,0.00001096,0.00001522,0.00001663,0.00001701,0.00001719,0.00001728,0.00001733,0.00001735
6.422000,0.00001096,0.00001522,0.00001663,0.00001701,0.00001719,0.00001728,0.00001733,0.00001735
6.423999,0.00001096,0.00001522,0.00001664,0.00001701,0.00001719,0.00001728,0.00001733,0.00001736
6.425999,0.00001096,0.00001522,0.00001664,0.00001701,0.00001719,0.00001728,0.00001734,0.00001736
6.427999,0.00001096,0.00001522,0.00001664,0.00001701,0.00001719,0.00001729,0.00001734,0.00001736
6.429999,0.00001096,0.00001522,0.00001664,0.00001701,0.00001719,0.00001729,0.00001734,0.00001736
6.432000,0.00001096,0.00001522,0.00001664,0.00001701,0.00001719,0.00001729,0.00001734,0.00001736
6.434000,0.00001096,0.00001522,0.00001664,0.00001701,0.00001719,0.00001729,0.00001734,0.00001736
6.435999,0.00001096,0.00001523,0.00001664,0.00001701,0.00001720,0.00001729,0.00001734,0.00001736
6.438000,0.00001096,0.00001523,0.00001664,0.00001701,0.00001720,0.00001729,0.00001734,0.00001736
6.440000,0.00001096,0.00001523,0.00001664,0.00001701,0.00001720,0.00001729,0.00001734,0.00001736
6.441999,0.00001097,0.00001523,0.00001664,0.00001702,0.00001720,0.00001729,0.00001734,0.00001736
6.443999,0.00001097,0.00001523,0.00001665,0.00001702,0.00001720,0.00001729,0.00001734,0.00001737
6.446000,0.00001097,0.00001523,0.00001665,0.00001702,0.00001720,0.00001729,0.00001735,0.00001737
6.447999,0.00001097,0.00001523,0.00001665,0.00001702,0.00001720,0.00001730,0.00001735,0.00001737
6.449999,0.00001097,0.00001523,0.00001665,0.00001702,0.00001720,0.00001730,0.00001735,0.00001737
6.452000,0.00001097,0.00001523,0.00001665,0.00001702,0.00001720,0.00001730,0.00001735,0.00001737
6.454000,0.00001097,0.00001523,0.00001665,0.00001702,0.00001720,0.00001730,0.00001735,0.00001737
6.456000,0.00001097,0.00001523,0.00001665,0.00001702,0.00001721,0.00001730,0.00001735,0.00001737
6.458000,0.00001097,0.00001524,0.00001665,0.00001702,0.00001721,0.00001730,0.00001735,0.00001737
6.460000,0.00001097,0.00001524,0.00001665,0.00001702,0.00001721,0.00001730,0.00001735,0.00001737
6.461999,0.00001097,0.00001524,0.00001665,0.00001703,0.00001721,0.00001730,0.00001735,0.00001737
6.463999,0.00001097,0.00001524,0.00001665,0.00001703,0.00001721,0.00001730,0.00001735,0.00001738
6.466000,0.00001097,0.00001524,0.00001666,0.00001703,0.00001721,0.00001730,0.00001736,0.00001738
6.467999,0.00001097,0.00001524,0.00001666,0.00001703,0.00001721,0.00001731,0.00001736,0.00001738
6.469999,0.00001098,0.00001524,0.00001666,0.00001703,0.00001721,0.00001731,0.00001736,0.00001738
6.472000,0.00001098,0.00001524,0.00001666,0.00001703,0.00001721,0.00001731,0.00001736,0.00001738
6.474000,0.00001098,0.00001524,0.00001666,0.00001703,0.00001721,0.00001731,0.00001736,0.00001738
6.476000,0.00001098,0.00001524,0.00001666,0.00001703,0.00001722,0.00001731,0.00001736,0.00001738
6.478000,0.00001098,0.00001524,0.00001666,0.00001703,0.00001722,0.00001731,0.00001736,0.00001738
6.480000,0.00001098,0.00001525,0.00001666,0.00001703,0.00001722,0.00001731,0.00001736,0.00001738
6.481999,0.00001098,0.00001525,0.00001666,0.00001704,0.00001722,0.00001731,0.00001736,0.00001738
6.483999,0.00001098,0.00001525,0.00001666,0.00001704,0.00001722,0.00001731,0.00001736,0.00001739
6.486000,0.00001098,0.00001525,0.00001667,0.00001704,0.00001722,0.00001731,0.00001737,0.00001739
6.487999,0.00001098,0.00001525,0.00001667,0.00001704,0.00001722,0.00001732,0.00001737,0.00001739
6.490000,0.00001098,0.00001525,0.00001667,0.00001704,0.00001722,0.00001732,0.00001737,0.00001739
6.492000,0.00001098,0.00001525,0.00001667,0.00001704,0.00001722,0.00001732,0.00001737,0.00001739
6.493999,0.00001098,0.00001525,0.00001667,0.00001704,0.00001722,0.00001732,0.00001737,0.00001739
6.496000,0.00001098,0.00001525,0.00001667,0.00001704,0.00001723,0.00001732,0.00001737,0.00001739
6.498000,0.00001099,0.00001525,0.00001667,0.00001704,0.00001723,0.00001732,0.00001737,0.00001739
6.500000,0.00001099,0.00001525,0.00001667,0.00001704,0.00001723,0.00001732,0.00001737,0.00001739
6.501999,0.00001099,0.00001526,0.00001667,0.00001705,0.00001723,0.00001732,0.00001737,0.00001739
6.503999,0.00001099,0.00001526,0.00001667,0.00001705,0.00001723,0.00001732,0.00001737,0.00001740
6.506000,0.00001099,0.00001526,0.00001668,0.00001705,0.00001723,0.00001732,0.00001738,0.00001740
6.507999,0.00001099,0.00001526,0.00001668,0.00001705,0.00001723,0.00001733,0.00001738,0.00001740
6.510000,0.00001099,0.00001526,0.00001668,0.00001705,0.00001723,0.00001733,0.00001738,0.00001740
6.512000,0.00001099,0.00001526,0.00001668,0.00001705,0.00001723,0.00001733,0.00001738,0.00001740
6.513999,0.00001099,0.00001526,0.00001668,0.00001705,0.00001723,0.00001733,0.00001738,0.00001740
6.516000,0.00001099,0.00001526,0.00001668,0.00001705,0.00001724,0.00001733,0.00001738,0.00001740
6.518000,0.00001099,0.00001526,0.00001668,0.00001705,0.00001724,0.00001733,0.00001738,0.00001740
6.520000,0.00001099,0.00001526,0.00001668,0.00001705,0.00001724,0.00001733,0.00001738,0.00001740
6.521999,0.00001099,0.00001526,0.00001668,0.00001706,0.00001724,0.00001733,0.00001738,0.00001740
6.524000,0.00001099,0.00001527,0.00001668,0.00001706,0.00001724,0.00001733,0.00001739,0.00001741
6.526000,0.00001099,0.00001527,0.00001669,0.00001706,0.00001724,0.00001733,0.00001739,0.00001741
6.527999,0.00001100,0.00001527,0.00001669,0.00001706,0.00001724,0.00001734,0.00001739,0.00001741
6.530000,0.00001100,0.00001527,0.00001669,0.00001706,0.00001724,0.00001734,0.00001739,0.00001741
6.532000,0.00001100,0.00001527,0.00001669,0.00001706,0.00001724,0.00001734,0.00001739,0.00001741
6.534000,0.00001100,0.00001527,0.00001669,0.00001706,0.00001724,0.00001734,0.00001739,0.00001741
6.535999,0.00001100,0.00001527,0.00001669,0.00001706,0.00001725,0.00001734,0.00001739,0.00001741
6.537999,0.00001100,0.00001527,0.00001669,0.00001706,0.00001725,0.00001734,0.00001739,0.00001741
6.539999,0.00001100,0.00001527,0.00001669,0.00001706,0.00001725,0.00001734,0.00001739,0.00001741
6.541999,0.00001100,0.00001527,0.00001669,0.00001707,0.00001725,0.00001734,0.00001739,0.00001741
6.544000,0.00001100,0.00001527,0.00001669,0.00001707,0.00001725,0.00001734,0.00001739,0.00001742
6.546000,0.00001100,0.00001528,0.00001670,0.00001707,0.00001725,0.00001734,0.00001740,0.00001742
6.547999,0.00001100,0.00001528,0.00001670,0.00001707,0.00001725,0.00001735,0.00001740,0.00001742
6.550000,0.00001100,0.00001528,0.00001670,0.00001707,0.00001725,0.00001735,0.00001740,0.00001742
6.552000,0.00001100,0.00001528,0.00001670,0.00001707,0.00001725,0.00001735,0.00001740,0.00001742
6.553999,0.00001100,0.00001528,0.00001670,0.00001707,0.00001725,0.00001735,0.00001740,0.00001742
6.555999,0.00001101,0.00001528,0.00001670,0.00001707,0.00001726,0.00001735,0.00001740,0.00001742
6.558000,0.00001101,0.00001528,0.00001670,0.00001707,0.00001726,0.00001735,0.00001740,0.00001742
6.559999,0.00001101,0.00001528,0.00001670,0.00001707,0.00001726,0.00001735,0.00001740,0.00001742
6.561999,0.00001101,0.00001528,0.00001670,0.00001708,0.00001726,0.00001735,0.00001740,0.00001742
6.564000,0.00001101,0.00001528,0.00001670,0.00001708,0.00001726,0.00001735,0.00001741,0.00001743
6.566000,0.00001101,0.00001528,0.00001670,0.00001708,0.00001726,0.00001735,0.00001741,0.00001743
6.568000,0.00001101,0.00001529,0.00001671,0.00001708,0.00001726,0.00001736,0.00001741,0.00001743
6.570000,0.00001101,0.00001529,0.00001671,0.00001708,0.00001726,0.00001736,0.00001741,0.00001743
6.572000,0.00001101,0.00001529,0.00001671,0.00001708,0.00001726,0.00001736,0.00001741,0.00001743
6.573999,0.00001101,0.00001529,0.00001671,0.00001708,0.00001726,0.00001736,0.00001741,0.00001743
6.575999,0.00001101,0.00001529,0.00001671,0.00001708,0.00001727,0.00001736,0.00001741,0.00001743
6.578000,0.00001101,0.00001529,0.00001671,0.00001708,0.00001727,0.00001736,0.00001741,0.00001743
6.579999,0.00001101,0.00001529,0.00001671,0.00001708,0.00001727,0.00001736,0.00001741,0.00001743
6.581999,0.00001101,0.00001529,0.00001671,0.00001709,0.00001727,0.00001736,0.00001741,0.00001743
6.584000,0.00001101,0.00001529,0.00001671,0.00001709,0.00001727,0.00001736,0.00001742,0.00001744
6.585999,0.00001102,0.00001529,0.00001671,0.00001709,0.00001727,0.00001737,0.00001742,0.00001744
6.588000,0.00001102,0.00001529,0.00001672,0.00001709,0.00001727,0.00001737,0.00001742,0.00001744
6.590000,0.00001102,0.00001530,0.00001672,0.00001709,0.00001727,0.00001737,0.00001742,0.00001744
6.592000,0.00001102,0.00001530,0.00001672,0.00001709,0.00001727,0.00001737,0.00001742,0.00001744
6.593999,0.00001102,0.00001530,0.00001672,0.00001709,0.00001727,0.00001737,0.00001742,0.00001744
6.595999,0.00001102,0.00001530,0.00001672,0.00001709,0.00001728,0.00001737,0.00001742,0.00001744
6.598000,0.00001102,0.00001530,0.00001672,0.00001709,0.00001728,0.00001737,0.00001742,0.00001744
6.599999,0.00001102,0.00001530,0.00001672,0.00001709,0.00001728,0.00001737,0.00001742,0.00001744
6.602000,0.00001102,0.00001530,0.00001672,0.00001710,0.00001728,0.00001737,0.00001742,0.00001744
6.604000,0.00001102,0.00001530,0.00001672,0.00001710,0.00001728,0.00001737,0.00001743,0.00001745
6.605999,0.00001102,0.00001530,0.00001672,0.00001710,0.00001728,0.00001737,0.00001743,0.00001745
6.608000,0.00001102,0.00001530,0.00001673,0.00001710,0.00001728,0.00001738,0.00001743,0.00001745
6.610000,0.00001102,0.00001530,0.00001673,0.00001710,0.00001728,0.00001738,0.00001743,0.00001745
6.612000,0.00001102,0.00001531,0.00001673,0.00001710,0.00001728,0.00001738,0.00001743,0.00001745
6.613999,0.00001103,0.00001531,0.00001673,0.00001710,0.00001728,0.00001738,0.00001743,0.00001745
6.615999,0.00001103,0.00001531,0.00001673,0.00001710,0.00001729,0.00001738,0.00001743,0.00001745
6.618000,0.00001103,0.00001531,0.00001673,0.00001710,0.00001729,0.00001738,0.00001743,0.00001745
6.619999,0.00001103,0.00001531,0.00001673,0.00001710,0.00001729,0.00001738,0.00001743,0.00001745
6.622000,0.00001103,0.00001531,0.00001673,0.00001711,0.00001729,0.00001738,0.00001743,0.00001745
6.624000,0.00001103,0.00001531,0.00001673,0.00001711,0.00001729,0.00001738,0.00001744,0.00001746
6.625999,0.00001103,0.00001531,0.00001673,0.00001711,0.00001729,0.00001739,0.00001744,0.00001746
6.628000,0.00001103,0.00001531,0.00001674,0.00001711,0.00001729,0.00001739,0.00001744,0.00001746
6.630000,0.00001103,0.00001531,0.00001674,0.00001711,0.00001729,0.00001739,0.00001744,0.00001746
6.631999,0.00001103,0.00001532,0.00001674,0.00001711,0.00001729,0.00001739,0.00001744,0.00001746
6.633999,0.00001103,0.00001532,0.00001674,0.00001711,0.00001729,0.00001739,0.00001744,0.00001746
6.636000,0.00001103,0.00001532,0.00001674,0.00001711,0.00001730,0.00001739,0.00001744,0.00001746
6.638000,0.00001103,0.00001532,0.00001674,0.00001711,0.00001730,0.00001739,0.00001744,0.00001746
6.639999,0.00001103,0.00001532,0.00001674,0.00001711,0.00001730,0.00001739,0.00001744,0.00001746
6.642000,0.00001103,0.00001532,0.00001674,0.00001712,0.00001730,0.00001739,0.00001744,0.00001746
6.644000,0.00001104,0.00001532,0.00001674,0.00001712,0.00001730,0.00001739,0.00001745,0.00001747
6.646000,0.00001104,0.00001532,0.00001674,0.00001712,0.00001730,0.00001740,0.00001745,0.00001747
6.648000,0.00001104,0.00001532,0.00001675,0.00001712,0.00001730,0.00001740,0.00001745,0.00001747
6.649999,0.00001104,0.00001532,0.00001675,0.00001712,0.00001730,0.00001740,0.00001745,0.00001747
6.651999,0.00001104,0.00001532,0.00001675,0.00001712,0.00001730,0.00001740,0.00001745,0.00001747
6.653999,0.00001104,0.00001533,0.00001675,0.00001712,0.00001730,0.00001740,0.00001745,0.00001747
6.656000,0.00001104,0.00001533,0.00001675,0.00001712,0.00001731,0.00001740,0.00001745,0.00001747
6.658000,0.00001104,0.00001533,0.00001675,0.00001712,0.00001731,0.00001740,0.00001745,0.00001747
6.659999,0.00001104,0.00001533,0.00001675,0.00001712,0.00001731,0.00001740,0.00001745,0.00001747
6.662000,0.00001104,0.00001533,0.00001675,0.00001713,0.00001731,0.00001740,0.00001745,0.00001747
6.664000,0.00001104,0.00001533,0.00001675,0.00001713,0.00001731,0.00001740,0.00001746,0.00001748
6.665999,0.00001104,0.00001533,0.00001675,0.00001713,0.00001731,0.00001741,0.00001746,0.00001748
6.667999,0.00001104,0.00001533,0.00001676,0.00001713,0.00001731,0.00001741,0.00001746,0.00001748
6.669999,0.00001104,0.00001533,0.00001676,0.00001713,0.00001731,0.00001741,0.00001746,0.00001748
6.671999,0.00001105,0.00001533,0.00001676,0.00001713,0.00001731,0.00001741,0.00001746,0.00001748
6.673999,0.00001105,0.00001533,0.00001676,0.00001713,0.00001731,0.00001741,0.00001746,0.00001748
6.676000,0.00001105,0.00001534,0.00001676,0.00001713,0.00001732,0.00001741,0.00001746,0.00001748
6.677999,0.00001105,0.00001534,0.00001676,0.00001713,0.00001732,0.00001741,0.00001746,0.00001748
6.680000,0.00001105,0.00001534,0.00001676,0.00001713,0.00001732,0.00001741,0.00001746,0.00001748
6.682000,0.00001105,0.00001534,0.00001676,0.00001714,0.00001732,0.00001741,0.00001746,0.00001748
6.684000,0.00001105,0.00001534,0.00001676,0.00001714,0.00001732,0.00001741,0.00001747,0.00001749
6.685999,0.00001105,0.00001534,0.00001676,0.00001714,0.00001732,0.00001742,0.00001747,0.00001749
6.687999,0.00001105,0.00001534,0.00001676,0.00001714,0.00001732,0.00001742,0.00001747,0.00001749
6.690000,0.00001105,0.00001534,0.00001677,0.00001714,0.00001732,0.00001742,0.00001747,0.00001749
6.691999,0.00001105,0.00001534,0.00001677,0.00001714,0.00001732,0.00001742,0.00001747,0.00001749
6.693999,0.00001105,0.00001534,0.00001677,0.00001714,0.00001733,0.00001742,0.00001747,0.00001749
6.696000,0.00001105,0.00001534,0.00001677,0.00001714,0.00001733,0.00001742,0.00001747,0.00001749
6.697999,0.00001105,0.00001535,0.00001677,0.00001714,0.00001733,0.00001742,0.00001747,0.00001749
6.700000,0.00001105,0.00001535,0.00001677,0.00001714,0.00001733,0.00001742,0.00001747,0.00001749
6.702000,0.00001106,0.00001535,0.00001677,0.00001715,0.00001733,0.00001742,0.00001747,0.00001749
6.704000,0.00001106,0.00001535,0.00001677,0.00001715,0.00001733,0.00001742,0.00001748,0.00001750
6.705999,0.00001106,0.00001535,0.00001677,0.00001715,0.00001733,0.00001743,0.00001748,0.00001750
6.707999,0.00001106,0.00001535,0.00001677,0.00001715,0.00001733,0.00001743,0.00001748,0.00001750
6.710000,0.00001106,0.00001535,0.00001678,0.00001715,0.00001733,0.00001743,0.00001748,0.00001750
6.711999,0.00001106,0.00001535,0.00001678,0.00001715,0.00001733,0.00001743,0.00001748,0.00001750
6.714000,0.00001106,0.00001535,0.00001678,0.00001715,0.00001734,0.00001743,0.00001748,0.00001750
6.716000,0.00001106,0.00001535,0.00001678,0.00001715,0.00001734,0.00001743,0.00001748,0.00001750
6.717999,0.00001106,0.00001535,0.00001678,0.00001715,0.00001734,0.00001743,0.00001748,0.00001750
6.720000,0.00001106,0.00001536,0.00001678,0.00001715,0.00001734,0.00001743,0.00001748,0.00001750
6.722000,0.00001106,0.00001536,0.00001678,0.00001716,0.00001734,0.00001743,0.00001748,0.00001751
6.724000,0.00001106,0.00001536,0.00001678,0.00001716,0.00001734,0.00001743,0.00001749,0.00001751
6.725999,0.00001106,0.00001536,0.00001678,0.00001716,0.00001734,0.00001744,0.00001749,0.00001751
6.727999,0.00001106,0.00001536,0.00001678,0.00001716,0.00001734,0.00001744,0.00001749,0.00001751
6.730000,0.00001107,0.00001536,0.00001679,0.00001716,0.00001734,0.00001744,0.00001749,0.00001751
6.731999,0.00001107,0.00001536,0.00001679,0.00001716,0.00001734,0.00001744,0.00001749,0.00001751
6.734000,0.00001107,0.00001536,0.00001679,0.00001716,0.00001735,0.00001744,0.00001749,0.00001751
6.736000,0.00001107,0.00001536,0.00001679,0.00001716,0.00001735,0.00001744,0.00001749,0.00001751
6.737999,0.00001107,0.00001536,0.00001679,0.00001716,0.00001735,0.00001744,0.00001749,0.00001751
6.740000,0.00001107,0.00001536,0.00001679,0.00001716,0.00001735,0.00001744,0.00001749,0.00001751
6.742000,0.00001107,0.00001537,0.00001679,0.00001717,0.00001735,0.00001744,0.00001750,0.00001752
6.743999,0.00001107,0.00001537,0.00001679,0.00001717,0.00001735,0.00001744,0.00001750,0.00001752
6.745999,0.00001107,0.00001537,0.00001679,0.00001717,0.00001735,0.00001745,0.00001750,0.00001752
6.748000,0.00001107,0.00001537,0.00001679,0.00001717,0.00001735,0.00001745,0.00001750,0.00001752
6.750000,0.00001107,0.00001537,0.00001680,0.00001717,0.00001735,0.00001745,0.00001750,0.00001752
6.751999,0.00001107,0.00001537,0.00001680,0.00001717,0.00001735,0.00001745,0.00001750,0.00001752
6.754000,0.00001107,0.00001537,0.00001680,0.00001717,0.00001736,0.00001745,0.00001750,0.00001752
6.756000,0.00001107,0.00001537,0.00001680,0.00001717,0.00001736,0.00001745,0.00001750,0.00001752
6.758000,0.00001108,0.00001537,0.00001680,0.00001717,0.00001736,0.00001745,0.00001750,0.00001752
6.760000,0.00001108,0.00001537,0.00001680,0.00001717,0.00001736,0.00001745,0.00001750,0.00001752
6.761999,0.00001108,0.00001538,0.00001680,0.00001718,0.00001736,0.00001745,0.00001751,0.00001753
6.763999,0.00001108,0.00001538,0.00001680,0.00001718,0.00001736,0.00001745,0.00001751,0.00001753
6.765999,0.00001108,0.00001538,0.00001680,0.00001718,0.00001736,0.00001746,0.00001751,0.00001753
6.768000,0.00001108,0.00001538,0.00001680,0.00001718,0.00001736,0.00001746,0.00001751,0.00001753
6.770000,0.00001108,0.00001538,0.00001681,0.00001718,0.00001736,0.00001746,0.00001751,0.00001753
6.771999,0.00001108,0.00001538,0.00001681,0.00001718,0.00001736,0.00001746,0.00001751,0.00001753
6.774000,0.00001108,0.00001538,0.00001681,0.00001718,0.00001737,0.00001746,0.00001751,0.00001753
6.776000,0.00001108,0.00001538,0.00001681,0.00001718,0.00001737,0.00001746,0.00001751,0.00001753
6.778000,0.00001108,0.00001538,0.00001681,0.00001718,0.00001737,0.00001746,0.00001751,0.00001753
6.779999,0.00001108,0.00001538,0.00001681,0.00001718,0.00001737,0.00001746,0.00001751,0.00001753
6.781999,0.00001108,0.00001538,0.00001681,0.00001719,0.00001737,0.00001746,0.00001752,0.00001754
6.783999,0.00001108,0.00001539,0.00001681,0.00001719,0.00001737,0.00001746,0.00001752,0.00001754
6.785999,0.00001108,0.00001539,0.00001681,0.00001719,0.00001737,0.00001747,0.00001752,0.00001754
6.788000,0.00001109,0.00001539,0.00001681,0.00001719,0.00001737,0.00001747,0.00001752,0.00001754
6.789999,0.00001109,0.00001539,0.00001682,0.00001719,0.00001737,0.00001747,0.00001752,0.00001754
6.792000,0.00001109,0.00001539,0.00001682,0.00001719,0.00001737,0.00001747,0.00001752,0.00001754
6.794000,0.00001109,0.00001539,0.00001682,0.00001719,0.00001738,0.00001747,0.00001752,0.00001754
6.796000,0.00001109,0.00001539,0.00001682,0.00001719,0.00001738,0.00001747,0.00001752,0.00001754
6.797999,0.00001109,0.00001539,0.00001682,0.00001719,0.00001738,0.00001747,0.00001752,0.00001754
6.799999,0.00001109,0.00001539,0.00001682,0.00001719,0.00001738,0.00001747,0.00001752,0.00001754
6.802000,0.00001109,0.00001539,0.00001682,0.00001720,0.00001738,0.00001747,0.00001753,0.00001755
6.804000,0.00001109,0.00001539,0.00001682,0.00001720,0.00001738,0.00001748,0.00001753,0.00001755
6.806000,0.00001109,0.00001540,0.00001682,0.00001720,0.00001738,0.00001748,0.00001753,0.00001755
6.808000,0.00001109,0.00001540,0.00001682,0.00001720,0.00001738,0.00001748,0.00001753,0.00001755
6.809999,0.00001109,0.00001540,0.00001683,0.00001720,0.00001738,0.00001748,0.00001753,0.00001755
6.811999,0.00001109,0.00001540,0.00001683,0.00001720,0.00001738,0.00001748,0.00001753,0.00001755
6.814000,0.00001109,0.00001540,0.00001683,0.00001720,0.00001739,0.00001748,0.00001753,0.00001755
6.816000,0.00001110,0.00001540,0.00001683,0.00001720,0.00001739,0.00001748,0.00001753,0.00001755
6.817999,0.00001110,0.00001540,0.00001683,0.00001720,0.00001739,0.00001748,0.00001753,0.00001755
6.819999,0.00001110,0.00001540,0.00001683,0.00001720,0.00001739,0.00001748,0.00001753,0.00001755
6.821999,0.00001110,0.00001540,0.00001683,0.00001721,0.00001739,0.00001748,0.00001754,0.00001756
6.824000,0.00001110,0.00001540,0.00001683,0.00001721,0.00001739,0.00001749,0.00001754,0.00001756
6.826000,0.00001110,0.00001540,0.00001683,0.00001721,0.00001739,0.00001749,0.00001754,0.00001756
6.828000,0.00001110,0.00001541,0.00001683,0.00001721,0.00001739,0.00001749,0.00001754,0.00001756
6.829999,0.00001110,0.00001541,0.00001684,0.00001721,0.00001739,0.00001749,0.00001754,0.00001756
6.831999,0.00001110,0.00001541,0.00001684,0.00001721,0.00001739,0.00001749,0.00001754,0.00001756
6.834000,0.00001110,0.00001541,0.00001684,0.00001721,0.00001740,0.00001749,0.00001754,0.00001756
6.835999,0.00001110,0.00001541,0.00001684,0.00001721,0.00001740,0.00001749,0.00001754,0.00001756
6.837999,0.00001110,0.00001541,0.00001684,0.00001721,0.00001740,0.00001749,0.00001754,0.00001756
6.839999,0.00001110,0.00001541,0.00001684,0.00001722,0.00001740,0.00001749,0.00001754,0.00001756
6.841999,0.00001110,0.00001541,0.00001684,0.00001722,0.00001740,0.00001749,0.00001755,0.00001757
6.844000,0.00001111,0.00001541,0.00001684,0.00001722,0.00001740,0.00001750,0.00001755,0.00001757
6.846000,0.00001111,0.00001541,0.00001684,0.00001722,0.00001740,0.00001750,0.00001755,0.00001757
6.848000,0.00001111,0.00001541,0.00001684,0.00001722,0.00001740,0.00001750,0.00001755,0.00001757
6.849999,0.00001111,0.00001542,0.00001685,0.00001722,0.00001740,0.00001750,0.00001755,0.00001757
6.851999,0.00001111,0.00001542,0.00001685,0.00001722,0.00001741,0.00001750,0.00001755,0.00001757
6.854000,0.00001111,0.00001542,0.00001685,0.00001722,0.00001741,0.00001750,0.00001755,0.00001757
6.855999,0.00001111,0.00001542,0.00001685,0.00001722,0.00001741,0.00001750,0.00001755,0.00001757
6.857999,0.00001111,0.00001542,0.00001685,0.00001722,0.00001741,0.00001750,0.00001755,0.00001757
6.859999,0.00001111,0.00001542,0.00001685,0.00001723,0.00001741,0.00001750,0.00001756,0.00001758
6.861999,0.00001111,0.00001542,0.00001685,0.00001723,0.00001741,0.00001750,0.00001756,0.00001758
6.864000,0.00001111,0.00001542,0.00001685,0.00001723,0.00001741,0.00001751,0.00001756,0.00001758
6.866000,0.00001111,0.00001542,0.00001685,0.00001723,0.00001741,0.00001751,0.00001756,0.00001758
6.868000,0.00001111,0.00001542,0.00001685,0.00001723,0.00001741,0.00001751,0.00001756,0.00001758
6.869999,0.00001111,0.00001543,0.00001686,0.00001723,0.00001741,0.00001751,0.00001756,0.00001758
6.871999,0.00001111,0.00001543,0.00001686,0.00001723,0.00001742,0.00001751,0.00001756,0.00001758
6.874000,0.00001112,0.00001543,0.00001686,0.00001723,0.00001742,0.00001751,0.00001756,0.00001758
6.875999,0.00001112,0.00001543,0.00001686,0.00001723,0.00001742,0.00001751,0.00001756,0.00001758
6.877999,0.00001112,0.00001543,0.00001686,0.00001723,0.00001742,0.00001751,0.00001756,0.00001758
6.879999,0.00001112,0.00001543,0.00001686,0.00001724,0.00001742,0.00001751,0.00001757,0.00001759
6.882000,0.00001112,0.00001543,0.00001686,0.00001724,0.00001742,0.00001751,0.00001757,0.00001759
6.884000,0.00001112,0.00001543,0.00001686,0.00001724,0.00001742,0.00001752,0.00001757,0.00001759
6.886000,0.00001112,0.00001543,0.00001686,0.00001724,0.00001742,0.00001752,0.00001757,0.00001759
6.888000,0.00001112,0.00001543,0.00001686,0.00001724,0.00001742,0.00001752,0.00001757,0.00001759
6.889999,0.00001112,0.00001543,0.00001687,0.00001724,0.00001742,0.00001752,0.00001757,0.00001759
6.892000,0.00001112,0.00001544,0.00001687,0.00001724,0.00001743,0.00001752,0.00001757,0.00001759
6.894000,0.00001112,0.00001544,0.00001687,0.00001724,0.00001743,0.00001752,0.00001757,0.00001759
6.895999,0.00001112,0.00001544,0.00001687,0.00001724,0.00001743,0.00001752,0.00001757,0.00001759
6.897999,0.00001112,0.00001544,0.00001687,0.00001724,0.00001743,0.00001752,0.00001757,0.00001759
6.899999,0.00001112,0.00001544,0.00001687,0.00001725,0.00001743,0.00001752,0.00001758,0.00001760
6.902000,0.00001113,0.00001544,0.00001687,0.00001725,0.00001743,0.00001753,0.00001758,0.00001760
6.904000,0.00001113,0.00001544,0.00001687,0.00001725,0.00001743,0.00001753,0.00001758,0.00001760
6.906000,0.00001113,0.00001544,0.00001687,0.00001725,0.00001743,0.00001753,0.00001758,0.00001760
6.908000,0.00001113,0.00001544,0.00001687,0.00001725,0.00001743,0.00001753,0.00001758,0.00001760
6.909999,0.00001113,0.00001544,0.00001688,0.00001725,0.00001743,0.00001753,0.00001758,0.00001760
6.912000,0.00001113,0.00001544,0.00001688,0.00001725,0.00001744,0.00001753,0.00001758,0.00001760
6.914000,0.00001113,0.00001545,0.00001688,0.00001725,0.00001744,0.00001753,0.00001758,0.00001760
6.915999,0.00001113,0.00001545,0.00001688,0.00001725,0.00001744,0.00001753,0.00001758,0.00001760
6.917999,0.00001113,0.00001545,0.00001688,0.00001725,0.00001744,0.00001753,0.00001758,0.00001760
6.919999,0.00001113,0.00001545,0.00001688,0.00001726,0.00001744,0.00001753,0.00001759,0.00001761
6.922000,0.00001113,0.00001545,0.00001688,0.00001726,0.00001744,0.00001754,0.00001759,0.00001761
6.924000,0.00001113,0.00001545,0.00001688,0.00001726,0.00001744,0.00001754,0.00001759,0.00001761
6.926000,0.00001113,0.00001545,0.00001688,0.00001726,0.00001744,0.00001754,0.00001759,0.00001761
6.927999,0.00001113,0.00001545,0.00001688,0.00001726,0.00001744,0.00001754,0.00001759,0.00001761
6.929999,0.00001114,0.00001545,0.00001689,0.00001726,0.00001744,0.00001754,0.00001759,0.00001761
6.932000,0.00001114,0.00001545,0.00001689,0.00001726,0.00001745,0.00001754,0.00001759,0.00001761
6.934000,0.00001114,0.00001545,0.00001689,0.00001726,0.00001745,0.00001754,0.00001759,0.00001761
6.935999,0.00001114,0.00001546,0.00001689,0.00001726,0.00001745,0.00001754,0.00001759,0.00001761
6.937999,0.00001114,0.00001546,0.00001689,0.00001726,0.00001745,0.00001754,0.00001759,0.00001762
6.939999,0.00001114,0.00001546,0.00001689,0.00001727,0.00001745,0.00001754,0.00001760,0.00001762
6.942000,0.00001114,0.00001546,0.00001689,0.00001727,0.00001745,0.00001755,0.00001760,0.00001762
6.944000,0.00001114,0.00001546,0.00001689,0.00001727,0.00001745,0.00001755,0.00001760,0.00001762
6.946000,0.00001114,0.00001546,0.00001689,0.00001727,0.00001745,0.00001755,0.00001760,0.00001762
6.947999,0.00001114,0.00001546,0.00001689,0.00001727,0.00001745,0.00001755,0.00001760,0.00001762
6.949999,0.00001114,0.00001546,0.00001690,0.00001727,0.00001745,0.00001755,0.00001760,0.00001762
6.952000,0.00001114,0.00001546,0.00001690,0.00001727,0.00001746,0.00001755,0.00001760,0.00001762
6.954000,0.00001114,0.00001546,0.00001690,0.00001727,0.00001746,0.00001755,0.00001760,0.00001762
6.955999,0.00001114,0.00001547,0.00001690,0.00001727,0.00001746,0.00001755,0.00001760,0.00001762
6.957999,0.00001115,0.00001547,0.00001690,0.00001727,0.00001746,0.00001755,0.00001761,0.00001763
6.960000,0.00001115,0.00001547,0.00001690,0.00001728,0.00001746,0.00001755,0.00001761,0.00001763
6.962000,0.00001115,0.00001547,0.00001690,0.00001728,0.00001746,0.00001756,0.00001761,0.00001763
6.964000,0.00001115,0.00001547,0.00001690,0.00001728,0.00001746,0.00001756,0.00001761,0.00001763
6.966000,0.00001115,0.00001547,0.00001690,0.00001728,0.00001746,0.00001756,0.00001761,0.00001763
6.967999,0.00001115,0.00001547,0.00001690,0.00001728,0.00001746,0.00001756,0.00001761,0.00001763
6.970000,0.00001115,0.00001547,0.00001691,0.00001728,0.00001747,0.00001756,0.00001761,0.00001763
6.972000,0.00001115,0.00001547,0.00001691,0.00001728,0.00001747,0.00001756,0.00001761,0.00001763
6.974000,0.00001115,0.00001547,0.00001691,0.00001728,0.00001747,0.00001756,0.00001761,0.00001763
6.975999,0.00001115,0.00001547,0.00001691,0.00001728,0.00001747,0.00001756,0.00001761,0.00001763
6.977999,0.00001115,0.00001548,0.00001691,0.00001728,0.00001747,0.00001756,0.00001762,0.00001764
6.980000,0.00001115,0.00001548,0.00001691,0.00001729,0.00001747,0.00001756,0.00001762,0.00001764
6.982000,0.00001115,0.00001548,0.00001691,0.00001729,0.00001747,0.00001757,0.00001762,0.00001764
6.984000,0.00001115,0.00001548,0.00001691,0.00001729,0.00001747,0.00001757,0.00001762,0.00001764
6.985999,0.00001116,0.00001548,0.00001691,0.00001729,0.00001747,0.00001757,0.00001762,0.00001764
6.987999,0.00001116,0.00001548,0.00001691,0.00001729,0.00001747,0.00001757,0.00001762,0.00001764
6.990000,0.00001116,0.00001548,0.00001692,0.00001729,0.00001748,0.00001757,0.00001762,0.00001764
6.992000,0.00001116,0.00001548,0.00001692,0.00001729,0.00001748,0.00001757,0.00001762,0.00001764
6.993999,0.00001116,0.00001548,0.00001692,0.00001729,0.00001748,0.00001757,0.00001762,0.00001764
6.995999,0.00001116,0.00001548,0.00001692,0.00001729,0.00001748,0.00001757,0.00001762,0.00001764
6.997999,0.00001116,0.00001548,0.00001692,0.00001729,0.00001748,0.00001757,0.00001763,0.00001765
7.000000,0.00001116,0.00001549,0.00001692,0.00001730,0.00001748,0.00001758,0.00001763,0.00001765
7.002000,0.00001116,0.00001549,0.00001692,0.00001730,0.00001748,0.00001758,0.00001763,0.00001765
7.003999,0.00001116,0.00001549,0.00001692,0.00001730,0.00001748,0.00001758,0.00001763,0.00001765
7.005999,0.00001116,0.00001549,0.00001692,0.00001730,0.00001748,0.00001758,0.00001763,0.00001765
7.007999,0.00001116,0.00001549,0.00001692,0.00001730,0.00001748,0.00001758,0.00001763,0.00001765
7.010000,0.00001116,0.00001549,0.00001693,0.00001730,0.00001749,0.00001758,0.00001763,0.00001765
7.012000,0.00001116,0.00001549,0.00001693,0.00001730,0.00001749,0.00001758,0.00001763,0.00001765
7.013999,0.00001117,0.00001549,0.00001693,0.00001730,0.00001749,0.00001758,0.00001763,0.00001765
7.015999,0.00001117,0.00001549,0.00001693,0.00001730,0.00001749,0.00001758,0.00001763,0.00001766
7.017999,0.00001117,0.00001549,0.00001693,0.00001731,0.00001749,0.00001758,0.00001764,0.00001766
7.020000,0.00001117,0.00001550,0.00001693,0.00001731,0.00001749,0.00001759,0.00001764,0.00001766
7.021999,0.00001117,0.00001550,0.00001693,0.00001731,0.00001749,0.00001759,0.00001764,0.00001766
7.023999,0.00001117,0.00001550,0.00001693,0.00001731,0.00001749,0.00001759,0.00001764,0.00001766
7.025999,0.00001117,0.00001550,0.00001693,0.00001731,0.00001749,0.00001759,0.00001764,0.00001766
7.028000,0.00001117,0.00001550,0.00001693,0.00001731,0.00001749,0.00001759,0.00001764,0.00001766
7.030000,0.00001117,0.00001550,0.00001694,0.00001731,0.00001750,0.00001759,0.00001764,0.00001766
7.032000,0.00001117,0.00001550,0.00001694,0.00001731,0.00001750,0.00001759,0.00001764,0.00001766
7.033999,0.00001117,0.00001550,0.00001694,0.00001731,0.00001750,0.00001759,0.00001764,0.00001766
7.035999,0.00001117,0.00001550,0.00001694,0.00001731,0.00001750,0.00001759,0.00001765,0.00001767
7.038000,0.00001117,0.00001550,0.00001694,0.00001732,0.00001750,0.00001759,0.00001765,0.00001767
7.039999,0.00001117,0.00001550,0.00001694,0.00001732,0.00001750,0.00001760,0.00001765,0.00001767
7.041999,0.00001117,0.00001551,0.00001694,0.00001732,0.00001750,0.00001760,0.00001765,0.00001767
7.043999,0.00001118,0.00001551,0.00001694,0.00001732,0.00001750,0.00001760,0.00001765,0.00001767
7.045999,0.00001118,0.00001551,0.00001694,0.00001732,0.00001750,0.00001760,0.00001765,0.00001767
7.048000,0.00001118,0.00001551,0.00001694,0.00001732,0.00001750,0.00001760,0.00001765,0.00001767
7.050000,0.00001118,0.00001551,0.00001695,0.00001732,0.00001751,0.00001760,0.00001765,0.00001767
7.052000,0.00001118,0.00001551,0.00001695,0.00001732,0.00001751,0.00001760,0.00001765,0.00001767
7.053999,0.00001118,0.00001551,0.00001695,0.00001732,0.00001751,0.00001760,0.00001765,0.00001767
7.055999,0.00001118,0.00001551,0.00001695,0.00001732,0.00001751,0.00001760,0.00001766,0.00001768
7.058000,0.00001118,0.00001551,0.00001695,0.00001733,0.00001751,0.00001760,0.00001766,0.00001768
7.059999,0.00001118,0.00001551,0.00001695,0.00001733,0.00001751,0.00001761,0.00001766,0.00001768
7.061999,0.00001118,0.00001551,0.00001695,0.00001733,0.00001751,0.00001761,0.00001766,0.00001768
7.063999,0.00001118,0.00001552,0.00001695,0.00001733,0.00001751,0.00001761,0.00001766,0.00001768
7.065999,0.00001118,0.00001552,0.00001695,0.00001733,0.00001751,0.00001761,0.00001766,0.00001768
7.068000,0.00001118,0.00001552,0.00001695,0.00001733,0.00001752,0.00001761,0.00001766,0.00001768
7.070000,0.00001118,0.00001552,0.00001696,0.00001733,0.00001752,0.00001761,0.00001766,0.00001768
7.072000,0.00001119,0.00001552,0.00001696,0.00001733,0.00001752,0.00001761,0.00001766,0.00001768
7.073999,0.00001119,0.00001552,0.00001696,0.00001733,0.00001752,0.00001761,0.00001766,0.00001768
7.075999,0.00001119,0.00001552,0.00001696,0.00001733,0.00001752,0.00001761,0.00001767,0.00001769
7.078000,0.00001119,0.00001552,0.00001696,0.00001734,0.00001752,0.00001762,0.00001767,0.00001769
7.079999,0.00001119,0.00001552,0.00001696,0.00001734,0.00001752,0.00001762,0.00001767,0.00001769
7.081999,0.00001119,0.00001552,0.00001696,0.00001734,0.00001752,0.00001762,0.00001767,0.00001769
7.083999,0.00001119,0.00001553,0.00001696,0.00001734,0.00001752,0.00001762,0.00001767,0.00001769
7.085999,0.00001119,0.00001553,0.00001696,0.00001734,0.00001752,0.00001762,0.00001767,0.00001769
7.088000,0.00001119,0.00001553,0.00001696,0.00001734,0.00001753,0.00001762,0.00001767,0.00001769
7.090000,0.00001119,0.00001553,0.00001697,0.00001734,0.00001753,0.00001762,0.00001767,0.00001769
7.092000,0.00001119,0.00001553,0.00001697,0.00001734,0.00001753,0.00001762,0.00001767,0.00001769
7.093999,0.00001119,0.00001553,0.00001697,0.00001734,0.00001753,0.00001762,0.00001767,0.00001770
7.095999,0.00001119,0.00001553,0.00001697,0.00001734,0.00001753,0.00001762,0.00001768,0.00001770
7.098000,0.00001119,0.00001553,0.00001697,0.00001735,0.00001753,0.00001763,0.00001768,0.00001770
7.099999,0.00001120,0.00001553,0.00001697,0.00001735,0.00001753,0.00001763,0.00001768,0.00001770
7.101999,0.00001120,0.00001553,0.00001697,0.00001735,0.00001753,0.00001763,0.00001768,0.00001770
7.103999,0.00001120,0.00001553,0.00001697,0.00001735,0.00001753,0.00001763,0.00001768,0.00001770
7.106000,0.00001120,0.00001554,0.00001697,0.00001735,0.00001753,0.00001763,0.00001768,0.00001770
7.108000,0.00001120,0.00001554,0.00001697,0.00001735,0.00001754,0.00001763,0.00001768,0.00001770
7.110000,0.00001120,0.00001554,0.00001698,0.00001735,0.00001754,0.00001763,0.00001768,0.00001770
7.112000,0.00001120,0.00001554,0.00001698,0.00001735,0.00001754,0.00001763,0.00001768,0.00001770
7.113999,0.00001120,0.00001554,0.00001698,0.00001735,0.00001754,0.00001763,0.00001769,0.00001771
7.116000,0.00001120,0.00001554,0.00001698,0.00001736,0.00001754,0.00001763,0.00001769,0.00001771
7.118000,0.00001120,0.00001554,0.00001698,0.00001736,0.00001754,0.00001764,0.00001769,0.00001771
7.119999,0.00001120,0.00001554,0.00001698,0.00001736,0.00001754,0.00001764,0.00001769,0.00001771
7.121999,0.00001120,0.00001554,0.00001698,0.00001736,0.00001754,0.00001764,0.00001769,0.00001771
7.123999,0.00001120,0.00001554,0.00001698,0.00001736,0.00001754,0.00001764,0.00001769,0.00001771
7.126000,0.00001120,0.00001554,0.00001698,0.00001736,0.00001754,0.00001764,0.00001769,0.00001771
7.128000,0.00001121,0.00001555,0.00001698,0.00001736,0.00001755,0.00001764,0.00001769,0.00001771
7.130000,0.00001121,0.00001555,0.00001699,0.00001736,0.00001755,0.00001764,0.00001769,0.00001771
7.131999,0.00001121,0.00001555,0.00001699,0.00001736,0.00001755,0.00001764,0.00001769,0.00001771
7.133999,0.00001121,0.00001555,0.00001699,0.00001736,0.00001755,0.00001764,0.00001770,0.00001772
7.136000,0.00001121,0.00001555,0.00001699,0.00001737,0.00001755,0.00001765,0.00001770,0.00001772
7.138000,0.00001121,0.00001555,0.00001699,0.00001737,0.00001755,0.00001765,0.00001770,0.00001772
7.139999,0.00001121,0.00001555,0.00001699,0.00001737,0.00001755,0.00001765,0.00001770,0.00001772
7.141999,0.00001121,0.00001555,0.00001699,0.00001737,0.00001755,0.00001765,0.00001770,0.00001772
7.143999,0.00001121,0.00001555,0.00001699,0.00001737,0.00001755,0.00001765,0.00001770,0.00001772
7.146000,0.00001121,0.00001555,0.00001699,0.00001737,0.00001756,0.00001765,0.00001770,0.00001772
7.148000,0.00001121,0.00001556,0.00001699,0.00001737,0.00001756,0.00001765,0.00001770,0.00001772
7.150000,0.00001121,0.00001556,0.00001700,0.00001737,0.00001756,0.00001765,0.00001770,0.00001772
7.151999,0.00001121,0.00001556,0.00001700,0.00001737,0.00001756,0.00001765,0.00001770,0.00001773
7.153999,0.00001121,0.00001556,0.00001700,0.00001737,0.00001756,0.00001765,0.00001771,0.00001773
7.156000,0.00001122,0.00001556,0.00001700,0.00001738,0.00001756,0.00001766,0.00001771,0.00001773
7.158000,0.00001122,0.00001556,0.00001700,0.00001738,0.00001756,0.00001766,0.00001771,0.00001773
7.159999,0.00001122,0.00001556,0.00001700,0.00001738,0.00001756,0.00001766,0.00001771,0.00001773
7.161999,0.00001122,0.00001556,0.00001700,0.00001738,0.00001756,0.00001766,0.00001771,0.00001773
7.163999,0.00001122,0.00001556,0.00001700,0.00001738,0.00001756,0.00001766,0.00001771,0.00001773
7.166000,0.00001122,0.00001556,0.00001700,0.00001738,0.00001757,0.00001766,0.00001771,0.00001773
7.168000,0.00001122,0.00001556,0.00001700,0.00001738,0.00001757,0.00001766,0.00001771,0.00001773
7.170000,0.00001122,0.00001557,0.00001701,0.00001738,0.00001757,0.00001766,0.00001771,0.00001773
7.171999,0.00001122,0.00001557,0.00001701,0.00001738,0.00001757,0.00001766,0.00001772,0.00001774
7.173999,0.00001122,0.00001557,0.00001701,0.00001738,0.00001757,0.00001766,0.00001772,0.00001774
7.176000,0.00001122,0.00001557,0.00001701,0.00001739,0.00001757,0.00001767,0.00001772,0.00001774
7.177999,0.00001122,0.00001557,0.00001701,0.00001739,0.00001757,0.00001767,0.00001772,0.00001774
7.179999,0.00001122,0.00001557,0.00001701,0.00001739,0.00001757,0.00001767,0.00001772,0.00001774
7.181999,0.00001122,0.00001557,0.00001701,0.00001739,0.00001757,0.00001767,0.00001772,0.00001774
7.184000,0.00001123,0.00001557,0.00001701,0.00001739,0.00001757,0.00001767,0.00001772,0.00001774
7.186000,0.00001123,0.00001557,0.00001701,0.00001739,0.00001758,0.00001767,0.00001772,0.00001774
7.188000,0.00001123,0.00001557,0.00001701,0.00001739,0.00001758,0.00001767,0.00001772,0.00001774
7.190000,0.00001123,0.00001557,0.00001702,0.00001739,0.00001758,0.00001767,0.00001772,0.00001774
7.191999,0.00001123,0.00001558,0.00001702,0.00001739,0.00001758,0.00001767,0.00001773,0.00001775
7.194000,0.00001123,0.00001558,0.00001702,0.00001740,0.00001758,0.00001768,0.00001773,0.00001775
7.196000,0.00001123,0.00001558,0.00001702,0.00001740,0.00001758,0.00001768,0.00001773,0.00001775
7.197999,0.00001123,0.00001558,0.00001702,0.00001740,0.00001758,0.00001768,0.00001773,0.00001775
7.199999,0.00001123,0.00001558,0.00001702,0.00001740,0.00001758,0.00001768,0.00001773,0.00001775
7.201999,0.00001123,0.00001558,0.00001702,0.00001740,0.00001758,0.00001768,0.00001773,0.00001775
7.204000,0.00001123,0.00001558,0.00001702,0.00001740,0.00001759,0.00001768,0.00001773,0.00001775
7.206000,0.00001123,0.00001558,0.00001702,0.00001740,0.00001759,0.00001768,0.00001773,0.00001775
7.208000,0.00001123,0.00001558,0.00001703,0.00001740,0.00001759,0.00001768,0.00001773,0.00001775
7.210000,0.00001123,0.00001558,0.00001703,0.00001740,0.00001759,0.00001768,0.00001773,0.00001776
7.211999,0.00001124,0.00001559,0.00001703,0.00001740,0.00001759,0.00001768,0.00001774,0.00001776
7.214000,0.00001124,0.00001559,0.00001703,0.00001741,0.00001759,0.00001769,0.00001774,0.00001776
7.216000,0.00001124,0.00001559,0.00001703,0.00001741,0.00001759,0.00001769,0.00001774,0.00001776
7.217999,0.00001124,0.00001559,0.00001703,0.00001741,0.00001759,0.00001769,0.00001774,0.00001776
7.219999,0.00001124,0.00001559,0.00001703,0.00001741,0.00001759,0.00001769,0.00001774,0.00001776
7.221999,0.00001124,0.00001559,0.00001703,0.00001741,0.00001759,0.00001769,0.00001774,0.00001776
7.224000,0.00001124,0.00001559,0.00001703,0.00001741,0.00001760,0.00001769,0.00001774,0.00001776
7.226000,0.00001124,0.00001559,0.00001703,0.00001741,0.00001760,0.00001769,0.00001774,0.00001776
7.228000,0.00001124,0.00001559,0.00001704,0.00001741,0.00001760,0.00001769,0.00001774,0.00001776
7.229999,0.00001124,0.00001559,0.00001704,0.00001741,0.00001760,0.00001769,0.00001775,0.00001777
7.231999,0.00001124,0.00001559,0.00001704,0.00001741,0.00001760,0.00001769,0.00001775,0.00001777
7.234000,0.00001124,0.00001560,0.00001704,0.00001742,0.00001760,0.00001770,0.00001775,0.00001777
7.236000,0.00001124,0.00001560,0.00001704,0.00001742,0.00001760,0.00001770,0.00001775,0.00001777
7.237999,0.00001124,0.00001560,0.00001704,0.00001742,0.00001760,0.00001770,0.00001775,0.00001777
7.239999,0.00001125,0.00001560,0.00001704,0.00001742,0.00001760,0.00001770,0.00001775,0.00001777
7.241999,0.00001125,0.00001560,0.00001704,0.00001742,0.00001760,0.00001770,0.00001775,0.00001777
7.244000,0.00001125,0.00001560,0.00001704,0.00001742,0.00001761,0.00001770,0.00001775,0.00001777
7.245999,0.00001125,0.00001560,0.00001704,0.00001742,0.00001761,0.00001770,0.00001775,0.00001777
7.247999,0.00001125,0.00001560,0.00001705,0.00001742,0.00001761,0.00001770,0.00001775,0.00001777
7.249999,0.00001125,0.00001560,0.00001705,0.00001742,0.00001761,0.00001770,0.00001776,0.00001778
7.251999,0.00001125,0.00001560,0.00001705,0.00001742,0.00001761,0.00001771,0.00001776,0.00001778
7.254000,0.00001125,0.00001561,0.00001705,0.00001743,0.00001761,0.00001771,0.00001776,0.00001778
7.256000,0.00001125,0.00001561,0.00001705,0.00001743,0.00001761,0.00001771,0.00001776,0.00001778
7.257999,0.00001125,0.00001561,0.00001705,0.00001743,0.00001761,0.00001771,0.00001776,0.00001778
7.259999,0.00001125,0.00001561,0.00001705,0.00001743,0.00001761,0.00001771,0.00001776,0.00001778
7.262000,0.00001125,0.00001561,0.00001705,0.00001743,0.00001762,0.00001771,0.00001776,0.00001778
7.263999,0.00001125,0.00001561,0.00001705,0.00001743,0.00001762,0.00001771,0.00001776,0.00001778
7.265999,0.00001125,0.00001561,0.00001705,0.00001743,0.00001762,0.00001771,0.00001776,0.00001778
7.267999,0.00001126,0.00001561,0.00001706,0.00001743,0.00001762,0.00001771,0.00001776,0.00001779
7.269999,0.00001126,0.00001561,0.00001706,0.00001743,0.00001762,0.00001771,0.00001777,0.00001779
7.272000,0.00001126,0.00001561,0.00001706,0.00001744,0.00001762,0.00001772,0.00001777,0.00001779
7.274000,0.00001126,0.00001561,0.00001706,0.00001744,0.00001762,0.00001772,0.00001777,0.00001779
7.276000,0.00001126,0.00001562,0.00001706,0.00001744,0.00001762,0.00001772,0.00001777,0.00001779
7.277999,0.00001126,0.00001562,0.00001706,0.00001744,0.00001762,0.00001772,0.00001777,0.00001779
7.279999,0.00001126,0.00001562,0.00001706,0.00001744,0.00001762,0.00001772,0.00001777,0.00001779
7.282000,0.00001126,0.00001562,0.00001706,0.00001744,0.00001763,0.00001772,0.00001777,0.00001779
7.283999,0.00001126,0.00001562,0.00001706,0.00001744,0.00001763,0.00001772,0.00001777,0.00001779
7.285999,0.00001126,0.00001562,0.00001706,0.00001744,0.00001763,0.00001772,0.00001777,0.00001779
7.287999,0.00001126,0.00001562,0.00001707,0.00001744,0.00001763,0.00001772,0.00001778,0.00001780
7.289999,0.00001126,0.00001562,0.00001707,0.00001744,0.00001763,0.00001772,0.00001778,0.00001780
7.292000,0.00001126,0.00001562,0.00001707,0.00001745,0.00001763,0.00001773,0.00001778,0.00001780
7.294000,0.00001126,0.00001562,0.00001707,0.00001745,0.00001763,0.00001773,0.00001778,0.00001780
7.296000,0.00001127,0.00001563,0.00001707,0.00001745,0.00001763,0.00001773,0.00001778,0.00001780
7.297999,0.00001127,0.00001563,0.00001707,0.00001745,0.00001763,0.00001773,0.00001778,0.00001780
7.299999,0.00001127,0.00001563,0.00001707,0.00001745,0.00001763,0.00001773,0.00001778,0.00001780
7.302000,0.00001127,0.00001563,0.00001707,0.00001745,0.00001764,0.00001773,0.00001778,0.00001780
7.303999,0.00001127,0.00001563,0.00001707,0.00001745,0.00001764,0.00001773,0.00001778,0.00001780
7.305999,0.00001127,0.00001563,0.00001707,0.00001745,0.00001764,0.00001773,0.00001778,0.00001780
7.307999,0.00001127,0.00001563,0.00001708,0.00001745,0.00001764,0.00001773,0.00001779,0.00001781
7.309999,0.00001127,0.00001563,0.00001708,0.00001745,0.00001764,0.00001774,0.00001779,0.00001781
7.312000,0.00001127,0.00001563,0.00001708,0.00001746,0.00001764,0.00001774,0.00001779,0.00001781
7.314000,0.00001127,0.00001563,0.00001708,0.00001746,0.00001764,0.00001774,0.00001779,0.00001781
7.316000,0.00001127,0.00001563,0.00001708,0.00001746,0.00001764,0.00001774,0.00001779,0.00001781
7.317999,0.00001127,0.00001564,0.00001708,0.00001746,0.00001764,0.00001774,0.00001779,0.00001781
7.319999,0.00001127,0.00001564,0.00001708,0.00001746,0.00001765,0.00001774,0.00001779,0.00001781
7.322000,0.00001127,0.00001564,0.00001708,0.00001746,0.00001765,0.00001774,0.00001779,0.00001781
7.323999,0.00001128,0.00001564,0.00001708,0.00001746,0.00001765,0.00001774,0.00001779,0.00001781
7.325999,0.00001128,0.00001564,0.00001708,0.00001746,0.00001765,0.00001774,0.00001780,0.00001782
7.327999,0.00001128,0.00001564,0.00001709,0.00001746,0.00001765,0.00001774,0.00001780,0.00001782
7.330000,0.00001128,0.00001564,0.00001709,0.00001746,0.00001765,0.00001775,0.00001780,0.00001782
7.332000,0.00001128,0.00001564,0.00001709,0.00001747,0.00001765,0.00001775,0.00001780,0.00001782
7.334000,0.00001128,0.00001564,0.00001709,0.00001747,0.00001765,0.00001775,0.00001780,0.00001782
7.335999,0.00001128,0.00001564,0.00001709,0.00001747,0.00001765,0.00001775,0.00001780,0.00001782
7.337999,0.00001128,0.00001565,0.00001709,0.00001747,0.00001765,0.00001775,0.00001780,0.00001782
7.340000,0.00001128,0.00001565,0.00001709,0.00001747,0.00001766,0.00001775,0.00001780,0.00001782
7.342000,0.00001128,0.00001565,0.00001709,0.00001747,0.00001766,0.00001775,0.00001780,0.00001782
7.343999,0.00001128,0.00001565,0.00001709,0.00001747,0.00001766,0.00001775,0.00001780,0.00001782
7.345999,0.00001128,0.00001565,0.00001710,0.00001747,0.00001766,0.00001775,0.00001781,0.00001783
7.347999,0.00001128,0.00001565,0.00001710,0.00001747,0.00001766,0.00001775,0.00001781,0.00001783
7.350000,0.00001128,0.00001565,0.00001710,0.00001748,0.00001766,0.00001776,0.00001781,0.00001783
7.352000,0.00001129,0.00001565,0.00001710,0.00001748,0.00001766,0.00001776,0.00001781,0.00001783
7.354000,0.00001129,0.00001565,0.00001710,0.00001748,0.00001766,0.00001776,0.00001781,0.00001783
7.355999,0.00001129,0.00001565,0.00001710,0.00001748,0.00001766,0.00001776,0.00001781,0.00001783
7.357999,0.00001129,0.00001565,0.00001710,0.00001748,0.00001767,0.00001776,0.00001781,0.00001783
7.360000,0.00001129,0.00001566,0.00001710,0.00001748,0.00001767,0.00001776,0.00001781,0.00001783
7.362000,0.00001129,0.00001566,0.00001710,0.00001748,0.00001767,0.00001776,0.00001781,0.00001783
7.363999,0.00001129,0.00001566,0.00001710,0.00001748,0.00001767,0.00001776,0.00001781,0.00001784
7.365999,0.00001129,0.00001566,0.00001711,0.00001748,0.00001767,0.00001776,0.00001782,0.00001784
7.367999,0.00001129,0.00001566,0.00001711,0.00001748,0.00001767,0.00001777,0.00001782,0.00001784
7.370000,0.00001129,0.00001566,0.00001711,0.00001749,0.00001767,0.00001777,0.00001782,0.00001784
7.372000,0.00001129,0.00001566,0.00001711,0.00001749,0.00001767,0.00001777,0.00001782,0.00001784
7.374000,0.00001129,0.00001566,0.00001711,0.00001749,0.00001767,0.00001777,0.00001782,0.00001784
7.375999,0.00001129,0.00001566,0.00001711,0.00001749,0.00001767,0.00001777,0.00001782,0.00001784
7.377999,0.00001129,0.00001566,0.00001711,0.00001749,0.00001768,0.00001777,0.00001782,0.00001784
7.380000,0.00001130,0.00001566,0.00001711,0.00001749,0.00001768,0.00001777,0.00001782,0.00001784
7.381999,0.00001130,0.00001567,0.00001711,0.00001749,0.00001768,0.00001777,0.00001782,0.00001784
7.383999,0.00001130,0.00001567,0.00001711,0.00001749,0.00001768,0.00001777,0.00001783,0.00001785
7.385999,0.00001130,0.00001567,0.00001712,0.00001749,0.00001768,0.00001777,0.00001783,0.00001785
7.387999,0.00001130,0.00001567,0.00001712,0.00001750,0.00001768,0.00001778,0.00001783,0.00001785
7.390000,0.00001130,0.00001567,0.00001712,0.00001750,0.00001768,0.00001778,0.00001783,0.00001785
7.392000,0.00001130,0.00001567,0.00001712,0.00001750,0.00001768,0.00001778,0.00001783,0.00001785
7.394000,0.00001130,0.00001567,0.00001712,0.00001750,0.00001768,0.00001778,0.00001783,0.00001785
7.395999,0.00001130,0.00001567,0.00001712,0.00001750,0.00001768,0.00001778,0.00001783,0.00001785
7.397999,0.00001130,0.00001567,0.00001712,0.00001750,0.00001769,0.00001778,0.00001783,0.00001785
7.400000,0.00001130,0.00001567,0.00001712,0.00001750,0.00001769,0.00001778,0.00001783,0.00001785
7.401999,0.00001130,0.00001568,0.00001712,0.00001750,0.00001769,0.00001778,0.00001783,0.00001786
7.403999,0.00001130,0.00001568,0.00001712,0.00001750,0.00001769,0.00001778,0.00001784,0.00001786
7.405999,0.00001130,0.00001568,0.00001713,0.00001750,0.00001769,0.00001779,0.00001784,0.00001786
7.408000,0.00001131,0.00001568,0.00001713,0.00001751,0.00001769,0.00001779,0.00001784,0.00001786
7.410000,0.00001131,0.00001568,0.00001713,0.00001751,0.00001769,0.00001779,0.00001784,0.00001786
7.412000,0.00001131,0.00001568,0.00001713,0.00001751,0.00001769,0.00001779,0.00001784,0.00001786
7.414000,0.00001131,0.00001568,0.00001713,0.00001751,0.00001769,0.00001779,0.00001784,0.00001786
7.415999,0.00001131,0.00001568,0.00001713,0.00001751,0.00001770,0.00001779,0.00001784,0.00001786
7.418000,0.00001131,0.00001568,0.00001713,0.00001751,0.00001770,0.00001779,0.00001784,0.00001786
7.420000,0.00001131,0.00001568,0.00001713,0.00001751,0.00001770,0.00001779,0.00001784,0.00001786
7.421999,0.00001131,0.00001568,0.00001713,0.00001751,0.00001770,0.00001779,0.00001785,0.00001787
7.423999,0.00001131,0.00001569,0.00001713,0.00001751,0.00001770,0.00001779,0.00001785,0.00001787
7.425999,0.00001131,0.00001569,0.00001714,0.00001751,0.00001770,0.00001780,0.00001785,0.00001787
7.428000,0.00001131,0.00001569,0.00001714,0.00001752,0.00001770,0.00001780,0.00001785,0.00001787
7.430000,0.00001131,0.00001569,0.00001714,0.00001752,0.00001770,0.00001780,0.00001785,0.00001787
7.432000,0.00001131,0.00001569,0.00001714,0.00001752,0.00001770,0.00001780,0.00001785,0.00001787
7.434000,0.00001131,0.00001569,0.00001714,0.00001752,0.00001770,0.00001780,0.00001785,0.00001787
7.435999,0.00001132,0.00001569,0.00001714,0.00001752,0.00001771,0.00001780,0.00001785,0.00001787
7.438000,0.00001132,0.00001569,0.00001714,0.00001752,0.00001771,0.00001780,0.00001785,0.00001787
7.440000,0.00001132,0.00001569,0.00001714,0.00001752,0.00001771,0.00001780,0.00001785,0.00001787
7.441999,0.00001132,0.00001569,0.00001714,0.00001752,0.00001771,0.00001780,0.00001786,0.00001788
7.443999,0.00001132,0.00001570,0.00001714,0.00001752,0.00001771,0.00001781,0.00001786,0.00001788
7.445999,0.00001132,0.00001570,0.00001715,0.00001752,0.00001771,0.00001781,0.00001786,0.00001788
7.448000,0.00001132,0.00001570,0.00001715,0.00001753,0.00001771,0.00001781,0.00001786,0.00001788
7.450000,0.00001132,0.00001570,0.00001715,0.00001753,0.00001771,0.00001781,0.00001786,0.00001788
7.452000,0.00001132,0.00001570,0.00001715,0.00001753,0.00001771,0.00001781,0.00001786,0.00001788
7.453999,0.00001132,0.00001570,0.00001715,0.00001753,0.00001771,0.00001781,0.00001786,0.00001788
7.455999,0.00001132,0.00001570,0.00001715,0.00001753,0.00001772,0.00001781,0.00001786,0.00001788
7.458000,0.00001132,0.00001570,0.00001715,0.00001753,0.00001772,0.00001781,0.00001786,0.00001788
7.460000,0.00001132,0.00001570,0.00001715,0.00001753,0.00001772,0.00001781,0.00001787,0.00001789
7.461999,0.00001133,0.00001570,0.00001715,0.00001753,0.00001772,0.00001781,0.00001787,0.00001789
7.463999,0.00001133,0.00001571,0.00001716,0.00001753,0.00001772,0.00001782,0.00001787,0.00001789
7.465999,0.00001133,0.00001571,0.00001716,0.00001754,0.00001772,0.00001782,0.00001787,0.00001789
7.468000,0.00001133,0.00001571,0.00001716,0.00001754,0.00001772,0.00001782,0.00001787,0.00001789
7.470000,0.00001133,0.00001571,0.00001716,0.00001754,0.00001772,0.00001782,0.00001787,0.00001789
7.471999,0.00001133,0.00001571,0.00001716,0.00001754,0.00001772,0.00001782,0.00001787,0.00001789
7.473999,0.00001133,0.00001571,0.00001716,0.00001754,0.00001773,0.00001782,0.00001787,0.00001789
7.475999,0.00001133,0.00001571,0.00001716,0.00001754,0.00001773,0.00001782,0.00001787,0.00001789
7.478000,0.00001133,0.00001571,0.00001716,0.00001754,0.00001773,0.00001782,0.00001787,0.00001789
7.480000,0.00001133,0.00001571,0.00001716,0.00001754,0.00001773,0.00001782,0.00001788,0.00001790
7.481999,0.00001133,0.00001571,0.00001716,0.00001754,0.00001773,0.00001782,0.00001788,0.00001790
7.483999,0.00001133,0.00001571,0.00001717,0.00001754,0.00001773,0.00001783,0.00001788,0.00001790
7.486000,0.00001133,0.00001572,0.00001717,0.00001755,0.00001773,0.00001783,0.00001788,0.00001790
7.488000,0.00001133,0.00001572,0.00001717,0.00001755,0.00001773,0.00001783,0.00001788,0.00001790
7.489999,0.00001134,0.00001572,0.00001717,0.00001755,0.00001773,0.00001783,0.00001788,0.00001790
7.491999,0.00001134,0.00001572,0.00001717,0.00001755,0.00001773,0.00001783,0.00001788,0.00001790
7.493999,0.00001134,0.00001572,0.00001717,0.00001755,0.00001774,0.00001783,0.00001788,0.00001790
7.496000,0.00001134,0.00001572,0.00001717,0.00001755,0.00001774,0.00001783,0.00001788,0.00001790
7.498000,0.00001134,0.00001572,0.00001717,0.00001755,0.00001774,0.00001783,0.00001788,0.00001791
7.500000,0.00001134,0.00001572,0.00001717,0.00001755,0.00001774,0.00001783,0.00001789,0.00001791
7.501999,0.00001134,0.00001572,0.00001717,0.00001755,0.00001774,0.00001784,0.00001789,0.00001791
7.503999,0.00001134,0.00001572,0.00001718,0.00001756,0.00001774,0.00001784,0.00001789,0.00001791
7.506000,0.00001134,0.00001573,0.00001718,0.00001756,0.00001774,0.00001784,0.00001789,0.00001791
7.507999,0.00001134,0.00001573,0.00001718,0.00001756,0.00001774,0.00001784,0.00001789,0.00001791
7.509999,0.00001134,0.00001573,0.00001718,0.00001756,0.00001774,0.00001784,0.00001789,0.00001791
7.511999,0.00001134,0.00001573,0.00001718,0.00001756,0.00001775,0.00001784,0.00001789,0.00001791
7.513999,0.00001134,0.00001573,0.00001718,0.00001756,0.00001775,0.00001784,0.00001789,0.00001791
7.516000,0.00001134,0.00001573,0.00001718,0.00001756,0.00001775,0.00001784,0.00001789,0.00001791
7.518000,0.00001135,0.00001573,0.00001718,0.00001756,0.00001775,0.00001784,0.00001790,0.00001792
7.520000,0.00001135,0.00001573,0.00001718,0.00001756,0.00001775,0.00001784,0.00001790,0.00001792
7.521999,0.00001135,0.00001573,0.00001718,0.00001756,0.00001775,0.00001785,0.00001790,0.00001792
7.523999,0.00001135,0.00001573,0.00001719,0.00001757,0.00001775,0.00001785,0.00001790,0.00001792
7.526000,0.00001135,0.00001573,0.00001719,0.00001757,0.00001775,0.00001785,0.00001790,0.00001792
7.527999,0.00001135,0.00001574,0.00001719,0.00001757,0.00001775,0.00001785,0.00001790,0.00001792
7.529999,0.00001135,0.00001574,0.00001719,0.00001757,0.00001775,0.00001785,0.00001790,0.00001792
7.531999,0.00001135,0.00001574,0.00001719,0.00001757,0.00001776,0.00001785,0.00001790,0.00001792
7.533999,0.00001135,0.00001574,0.00001719,0.00001757,0.00001776,0.00001785,0.00001790,0.00001792
7.536000,0.00001135,0.00001574,0.00001719,0.00001757,0.00001776,0.00001785,0.00001790,0.00001793
7.538000,0.00001135,0.00001574,0.00001719,0.00001757,0.00001776,0.00001785,0.00001791,0.00001793
7.539999,0.00001135,0.00001574,0.00001719,0.00001757,0.00001776,0.00001786,0.00001791,0.00001793
7.541999,0.00001135,0.00001574,0.00001720,0.00001758,0.00001776,0.00001786,0.00001791,0.00001793
7.543999,0.00001135,0.00001574,0.00001720,0.00001758,0.00001776,0.00001786,0.00001791,0.00001793
7.546000,0.00001136,0.00001574,0.00001720,0.00001758,0.00001776,0.00001786,0.00001791,0.00001793
7.547999,0.00001136,0.00001575,0.00001720,0.00001758,0.00001776,0.00001786,0.00001791,0.00001793
7.549999,0.00001136,0.00001575,0.00001720,0.00001758,0.00001777,0.00001786,0.00001791,0.00001793
7.551999,0.00001136,0.00001575,0.00001720,0.00001758,0.00001777,0.00001786,0.00001791,0.00001793
7.554000,0.00001136,0.00001575,0.00001720,0.00001758,0.00001777,0.00001786,0.00001791,0.00001793
7.556000,0.00001136,0.00001575,0.00001720,0.00001758,0.00001777,0.00001786,0.00001792,0.00001794
7.558000,0.00001136,0.00001575,0.00001720,0.00001758,0.00001777,0.00001786,0.00001792,0.00001794
7.559999,0.00001136,0.00001575,0.00001720,0.00001758,0.00001777,0.00001787,0.00001792,0.00001794
7.561999,0.00001136,0.00001575,0.00001721,0.00001759,0.00001777,0.00001787,0.00001792,0.00001794
7.564000,0.00001136,0.00001575,0.00001721,0.00001759,0.00001777,0.00001787,0.00001792,0.00001794
7.566000,0.00001136,0.00001575,0.00001721,0.00001759,0.00001777,0.00001787,0.00001792,0.00001794
7.567999,0.00001136,0.00001575,0.00001721,0.00001759,0.00001777,0.00001787,0.00001792,0.00001794
7.569999,0.00001136,0.00001576,0.00001721,0.00001759,0.00001778,0.00001787,0.00001792,0.00001794
7.571999,0.00001136,0.00001576,0.00001721,0.00001759,0.00001778,0.00001787,0.00001792,0.00001794
7.574000,0.00001137,0.00001576,0.00001721,0.00001759,0.00001778,0.00001787,0.00001792,0.00001795
7.576000,0.00001137,0.00001576,0.00001721,0.00001759,0.00001778,0.00001787,0.00001793,0.00001795
7.578000,0.00001137,0.00001576,0.00001721,0.00001759,0.00001778,0.00001788,0.00001793,0.00001795
7.579999,0.00001137,0.00001576,0.00001721,0.00001759,0.00001778,0.00001788,0.00001793,0.00001795
7.581999,0.00001137,0.00001576,0.00001722,0.00001760,0.00001778,0.00001788,0.00001793,0.00001795
7.584000,0.00001137,0.00001576,0.00001722,0.00001760,0.00001778,0.00001788,0.00001793,0.00001795
7.585999,0.00001137,0.00001576,0.00001722,0.00001760,0.00001778,0.00001788,0.00001793,0.00001795
7.587999,0.00001137,0.00001576,0.00001722,0.00001760,0.00001779,0.00001788,0.00001793,0.00001795
7.589999,0.00001137,0.00001577,0.00001722,0.00001760,0.00001779,0.00001788,0.00001793,0.00001795
7.591999,0.00001137,0.00001577,0.00001722,0.00001760,0.00001779,0.00001788,0.00001793,0.00001795
7.594000,0.00001137,0.00001577,0.00001722,0.00001760,0.00001779,0.00001788,0.00001794,0.00001796
7.596000,0.00001137,0.00001577,0.00001722,0.00001760,0.00001779,0.00001788,0.00001794,0.00001796
7.598000,0.00001137,0.00001577,0.00001722,0.00001760,0.00001779,0.00001789,0.00001794,0.00001796
7.599999,0.00001138,0.00001577,0.00001722,0.00001761,0.00001779,0.00001789,0.00001794,0.00001796
7.601999,0.00001138,0.00001577,0.00001723,0.00001761,0.00001779,0.00001789,0.00001794,0.00001796
7.604000,0.00001138,0.00001577,0.00001723,0.00001761,0.00001779,0.00001789,0.00001794,0.00001796
7.605999,0.00001138,0.00001577,0.00001723,0.00001761,0.00001779,0.00001789,0.00001794,0.00001796
7.607999,0.00001138,0.00001577,0.00001723,0.00001761,0.00001780,0.00001789,0.00001794,0.00001796
7.609999,0.00001138,0.00001578,0.00001723,0.00001761,0.00001780,0.00001789,0.00001794,0.00001796
7.611999,0.00001138,0.00001578,0.00001723,0.00001761,0.00001780,0.00001789,0.00001794,0.00001797
7.614000,0.00001138,0.00001578,0.00001723,0.00001761,0.00001780,0.00001789,0.00001795,0.00001797
7.616000,0.00001138,0.00001578,0.00001723,0.00001761,0.00001780,0.00001790,0.00001795,0.00001797
7.618000,0.00001138,0.00001578,0.00001723,0.00001761,0.00001780,0.00001790,0.00001795,0.00001797
7.619999,0.00001138,0.00001578,0.00001724,0.00001762,0.00001780,0.00001790,0.00001795,0.00001797
7.621999,0.00001138,0.00001578,0.00001724,0.00001762,0.00001780,0.00001790,0.00001795,0.00001797
7.624000,0.00001138,0.00001578,0.00001724,0.00001762,0.00001780,0.00001790,0.00001795,0.00001797
7.625999,0.00001138,0.00001578,0.00001724,0.00001762,0.00001781,0.00001790,0.00001795,0.00001797
7.627999,0.00001139,0.00001578,0.00001724,0.00001762,0.00001781,0.00001790,0.00001795,0.00001797
7.629999,0.00001139,0.00001578,0.00001724,0.00001762,0.00001781,0.00001790,0.00001795,0.00001797
7.632000,0.00001139,0.00001579,0.00001724,0.00001762,0.00001781,0.00001790,0.00001796,0.00001798
7.634000,0.00001139,0.00001579,0.00001724,0.00001762,0.00001781,0.00001790,0.00001796,0.00001798
7.636000,0.00001139,0.00001579,0.00001724,0.00001762,0.00001781,0.00001791,0.00001796,0.00001798
7.638000,0.00001139,0.00001579,0.00001724,0.00001763,0.00001781,0.00001791,0.00001796,0.00001798
7.639999,0.00001139,0.00001579,0.00001725,0.00001763,0.00001781,0.00001791,0.00001796,0.00001798
7.642000,0.00001139,0.00001579,0.00001725,0.00001763,0.00001781,0.00001791,0.00001796,0.00001798
7.644000,0.00001139,0.00001579,0.00001725,0.00001763,0.00001781,0.00001791,0.00001796,0.00001798
7.645999,0.00001139,0.00001579,0.00001725,0.00001763,0.00001782,0.00001791,0.00001796,0.00001798
7.647999,0.00001139,0.00001579,0.00001725,0.00001763,0.00001782,0.00001791,0.00001796,0.00001798
7.649999,0.00001139,0.00001579,0.00001725,0.00001763,0.00001782,0.00001791,0.00001797,0.00001799
7.652000,0.00001139,0.00001580,0.00001725,0.00001763,0.00001782,0.00001791,0.00001797,0.00001799
7.654000,0.00001139,0.00001580,0.00001725,0.00001763,0.00001782,0.00001792,0.00001797,0.00001799
7.656000,0.00001140,0.00001580,0.00001725,0.00001763,0.00001782,0.00001792,0.00001797,0.00001799
7.658000,0.00001140,0.00001580,0.00001725,0.00001764,0.00001782,0.00001792,0.00001797,0.00001799
7.659999,0.00001140,0.00001580,0.00001726,0.00001764,0.00001782,0.00001792,0.00001797,0.00001799
7.662000,0.00001140,0.00001580,0.00001726,0.00001764,0.00001782,0.00001792,0.00001797,0.00001799
7.664000,0.00001140,0.00001580,0.00001726,0.00001764,0.00001783,0.00001792,0.00001797,0.00001799
7.665999,0.00001140,0.00001580,0.00001726,0.00001764,0.00001783,0.00001792,0.00001797,0.00001799
7.667999,0.00001140,0.00001580,0.00001726,0.00001764,0.00001783,0.00001792,0.00001797,0.00001799
7.669999,0.00001140,0.00001580,0.00001726,0.00001764,0.00001783,0.00001792,0.00001798,0.00001800
7.672000,0.00001140,0.00001580,0.00001726,0.00001764,0.00001783,0.00001792,0.00001798,0.00001800
7.674000,0.00001140,0.00001581,0.00001726,0.00001764,0.00001783,0.00001793,0.00001798,0.00001800
7.676000,0.00001140,0.00001581,0.00001726,0.00001765,0.00001783,0.00001793,0.00001798,0.00001800
7.677999,0.00001140,0.00001581,0.00001727,0.00001765,0.00001783,0.00001793,0.00001798,0.00001800
7.679999,0.00001140,0.00001581,0.00001727,0.00001765,0.00001783,0.00001793,0.00001798,0.00001800
7.682000,0.00001140,0.00001581,0.00001727,0.00001765,0.00001783,0.00001793,0.00001798,0.00001800
7.684000,0.00001141,0.00001581,0.00001727,0.00001765,0.00001784,0.00001793,0.00001798,0.00001800
7.685999,0.00001141,0.00001581,0.00001727,0.00001765,0.00001784,0.00001793,0.00001798,0.00001800
7.687999,0.00001141,0.00001581,0.00001727,0.00001765,0.00001784,0.00001793,0.00001799,0.00001801
7.689999,0.00001141,0.00001581,0.00001727,0.00001765,0.00001784,0.00001793,0.00001799,0.00001801
7.692000,0.00001141,0.00001581,0.00001727,0.00001765,0.00001784,0.00001794,0.00001799,0.00001801
7.694000,0.00001141,0.00001582,0.00001727,0.00001765,0.00001784,0.00001794,0.00001799,0.00001801
7.695999,0.00001141,0.00001582,0.00001727,0.00001766,0.00001784,0.00001794,0.00001799,0.00001801
7.697999,0.00001141,0.00001582,0.00001728,0.00001766,0.00001784,0.00001794,0.00001799,0.00001801
7.699999,0.00001141,0.00001582,0.00001728,0.00001766,0.00001784,0.00001794,0.00001799,0.00001801
7.702000,0.00001141,0.00001582,0.00001728,0.00001766,0.00001785,0.00001794,0.00001799,0.00001801
7.704000,0.00001141,0.00001582,0.00001728,0.00001766,0.00001785,0.00001794,0.00001799,0.00001801
7.705999,0.00001141,0.00001582,0.00001728,0.00001766,0.00001785,0.00001794,0.00001799,0.00001801
7.707999,0.00001141,0.00001582,0.00001728,0.00001766,0.00001785,0.00001794,0.00001800,0.00001802
7.710000,0.00001142,0.00001582,0.00001728,0.00001766,0.00001785,0.00001794,0.00001800,0.00001802
7.712000,0.00001142,0.00001582,0.00001728,0.00001766,0.00001785,0.00001795,0.00001800,0.00001802
7.713999,0.00001142,0.00001583,0.00001728,0.00001766,0.00001785,0.00001795,0.00001800,0.00001802
7.715999,0.00001142,0.00001583,0.00001728,0.00001767,0.00001785,0.00001795,0.00001800,0.00001802
7.717999,0.00001142,0.00001583,0.00001729,0.00001767,0.00001785,0.00001795,0.00001800,0.00001802
7.720000,0.00001142,0.00001583,0.00001729,0.00001767,0.00001785,0.00001795,0.00001800,0.00001802
7.722000,0.00001142,0.00001583,0.00001729,0.00001767,0.00001786,0.00001795,0.00001800,0.00001802
7.724000,0.00001142,0.00001583,0.00001729,0.00001767,0.00001786,0.00001795,0.00001800,0.00001802
7.725999,0.00001142,0.00001583,0.00001729,0.00001767,0.00001786,0.00001795,0.00001801,0.00001803
7.727999,0.00001142,0.00001583,0.00001729,0.00001767,0.00001786,0.00001795,0.00001801,0.00001803
7.730000,0.00001142,0.00001583,0.00001729,0.00001767,0.00001786,0.00001796,0.00001801,0.00001803
7.731999,0.00001142,0.00001583,0.00001729,0.00001767,0.00001786,0.00001796,0.00001801,0.00001803
7.733999,0.00001142,0.00001583,0.00001729,0.00001768,0.00001786,0.00001796,0.00001801,0.00001803
7.735999,0.00001142,0.00001584,0.00001730,0.00001768,0.00001786,0.00001796,0.00001801,0.00001803
7.737999,0.00001143,0.00001584,0.00001730,0.00001768,0.00001786,0.00001796,0.00001801,0.00001803
7.740000,0.00001143,0.00001584,0.00001730,0.00001768,0.00001787,0.00001796,0.00001801,0.00001803
7.742000,0.00001143,0.00001584,0.00001730,0.00001768,0.00001787,0.00001796,0.00001801,0.00001803
7.743999,0.00001143,0.00001584,0.00001730,0.00001768,0.00001787,0.00001796,0.00001801,0.00001804
7.745999,0.00001143,0.00001584,0.00001730,0.00001768,0.00001787,0.00001796,0.00001802,0.00001804
7.747999,0.00001143,0.00001584,0.00001730,0.00001768,0.00001787,0.00001797,0.00001802,0.00001804
7.750000,0.00001143,0.00001584,0.00001730,0.00001768,0.00001787,0.00001797,0.00001802,0.00001804
7.751999,0.00001143,0.00001584,0.00001730,0.00001768,0.00001787,0.00001797,0.00001802,0.00001804
7.753999,0.00001143,0.00001584,0.00001730,0.00001769,0.00001787,0.00001797,0.00001802,0.00001804
7.755999,0.00001143,0.00001585,0.00001731,0.00001769,0.00001787,0.00001797,0.00001802,0.00001804
7.757999,0.00001143,0.00001585,0.00001731,0.00001769,0.00001787,0.00001797,0.00001802,0.00001804
7.760000,0.00001143,0.00001585,0.00001731,0.00001769,0.00001788,0.00001797,0.00001802,0.00001804
7.762000,0.00001143,0.00001585,0.00001731,0.00001769,0.00001788,0.00001797,0.00001802,0.00001804
7.763999,0.00001143,0.00001585,0.00001731,0.00001769,0.00001788,0.00001797,0.00001803,0.00001805
7.765999,0.00001144,0.00001585,0.00001731,0.00001769,0.00001788,0.00001797,0.00001803,0.00001805
7.767999,0.00001144,0.00001585,0.00001731,0.00001769,0.00001788,0.00001798,0.00001803,0.00001805
7.770000,0.00001144,0.00001585,0.00001731,0.00001769,0.00001788,0.00001798,0.00001803,0.00001805
7.771999,0.00001144,0.00001585,0.00001731,0.00001770,0.00001788,0.00001798,0.00001803,0.00001805
7.773999,0.00001144,0.00001585,0.00001731,0.00001770,0.00001788,0.00001798,0.00001803,0.00001805
7.775999,0.00001144,0.00001586,0.00001732,0.00001770,0.00001788,0.00001798,0.00001803,0.00001805
7.777999,0.00001144,0.00001586,0.00001732,0.00001770,0.00001789,0.00001798,0.00001803,0.00001805
7.780000,0.00001144,0.00001586,0.00001732,0.00001770,0.00001789,0.00001798,0.00001803,0.00001805
7.782000,0.00001144,0.00001586,0.00001732,0.00001770,0.00001789,0.00001798,0.00001803,0.00001806
7.783999,0.00001144,0.00001586,0.00001732,0.00001770,0.00001789,0.00001798,0.00001804,0.00001806
7.785999,0.00001144,0.00001586,0.00001732,0.00001770,0.00001789,0.00001799,0.00001804,0.00001806
7.788000,0.00001144,0.00001586,0.00001732,0.00001770,0.00001789,0.00001799,0.00001804,0.00001806
7.789999,0.00001144,0.00001586,0.00001732,0.00001770,0.00001789,0.00001799,0.00001804,0.00001806
7.791999,0.00001145,0.00001586,0.00001732,0.00001771,0.00001789,0.00001799,0.00001804,0.00001806
7.793999,0.00001145,0.00001586,0.00001733,0.00001771,0.00001789,0.00001799,0.00001804,0.00001806
7.795999,0.00001145,0.00001586,0.00001733,0.00001771,0.00001789,0.00001799,0.00001804,0.00001806
7.798000,0.00001145,0.00001587,0.00001733,0.00001771,0.00001790,0.00001799,0.00001804,0.00001806
7.800000,0.00001145,0.00001587,0.00001733,0.00001771,0.00001790,0.00001799,0.00001804,0.00001806
7.802000,0.00001145,0.00001587,0.00001733,0.00001771,0.00001790,0.00001799,0.00001805,0.00001807
7.803999,0.00001145,0.00001587,0.00001733,0.00001771,0.00001790,0.00001799,0.00001805,0.00001807
7.805999,0.00001145,0.00001587,0.00001733,0.00001771,0.00001790,0.00001800,0.00001805,0.00001807
7.808000,0.00001145,0.00001587,0.00001733,0.00001771,0.00001790,0.00001800,0.00001805,0.00001807
7.809999,0.00001145,0.00001587,0.00001733,0.00001772,0.00001790,0.00001800,0.00001805,0.00001807
7.811999,0.00001145,0.00001587,0.00001733,0.00001772,0.00001790,0.00001800,0.00001805,0.00001807
7.813999,0.00001145,0.00001587,0.00001734,0.00001772,0.00001790,0.00001800,0.00001805,0.00001807
7.815999,0.00001145,0.00001587,0.00001734,0.00001772,0.00001791,0.00001800,0.00001805,0.00001807
7.818000,0.00001145,0.00001588,0.00001734,0.00001772,0.00001791,0.00001800,0.00001805,0.00001807
7.820000,0.00001146,0.00001588,0.00001734,0.00001772,0.00001791,0.00001800,0.00001806,0.00001808
7.822000,0.00001146,0.00001588,0.00001734,0.00001772,0.00001791,0.00001800,0.00001806,0.00001808
7.823999,0.00001146,0.00001588,0.00001734,0.00001772,0.00001791,0.00001801,0.00001806,0.00001808
7.825999,0.00001146,0.00001588,0.00001734,0.00001772,0.00001791,0.00001801,0.00001806,0.00001808
7.828000,0.00001146,0.00001588,0.00001734,0.00001772,0.00001791,0.00001801,0.00001806,0.00001808
7.829999,0.00001146,0.00001588,0.00001734,0.00001773,0.00001791,0.00001801,0.00001806,0.00001808
7.831999,0.00001146,0.00001588,0.00001735,0.00001773,0.00001791,0.00001801,0.00001806,0.00001808
7.833999,0.00001146,0.00001588,0.00001735,0.00001773,0.00001792,0.00001801,0.00001806,0.00001808
7.835999,0.00001146,0.00001588,0.00001735,0.00001773,0.00001792,0.00001801,0.00001806,0.00001808
7.838000,0.00001146,0.00001589,0.00001735,0.00001773,0.00001792,0.00001801,0.00001806,0.00001809
7.840000,0.00001146,0.00001589,0.00001735,0.00001773,0.00001792,0.00001801,0.00001807,0.00001809
7.842000,0.00001146,0.00001589,0.00001735,0.00001773,0.00001792,0.00001802,0.00001807,0.00001809
7.843999,0.00001146,0.00001589,0.00001735,0.00001773,0.00001792,0.00001802,0.00001807,0.00001809
7.845999,0.00001146,0.00001589,0.00001735,0.00001773,0.00001792,0.00001802,0.00001807,0.00001809
7.848000,0.00001147,0.00001589,0.00001735,0.00001774,0.00001792,0.00001802,0.00001807,0.00001809
7.849999,0.00001147,0.00001589,0.00001735,0.00001774,0.00001792,0.00001802,0.00001807,0.00001809
7.851999,0.00001147,0.00001589,0.00001736,0.00001774,0.00001792,0.00001802,0.00001807,0.00001809
7.853999,0.00001147,0.00001589,0.00001736,0.00001774,0.00001793,0.00001802,0.00001807,0.00001809
7.856000,0.00001147,0.00001589,0.00001736,0.00001774,0.00001793,0.00001802,0.00001807,0.00001809
7.858000,0.00001147,0.00001590,0.00001736,0.00001774,0.00001793,0.00001802,0.00001808,0.00001810
7.860000,0.00001147,0.00001590,0.00001736,0.00001774,0.00001793,0.00001802,0.00001808,0.00001810
7.862000,0.00001147,0.00001590,0.00001736,0.00001774,0.00001793,0.00001803,0.00001808,0.00001810
7.863999,0.00001147,0.00001590,0.00001736,0.00001774,0.00001793,0.00001803,0.00001808,0.00001810
7.866000,0.00001147,0.00001590,0.00001736,0.00001775,0.00001793,0.00001803,0.00001808,0.00001810
7.868000,0.00001147,0.00001590,0.00001736,0.00001775,0.00001793,0.00001803,0.00001808,0.00001810
7.869999,0.00001147,0.00001590,0.00001736,0.00001775,0.00001793,0.00001803,0.00001808,0.00001810
7.871999,0.00001147,0.00001590,0.00001737,0.00001775,0.00001794,0.00001803,0.00001808,0.00001810
7.873999,0.00001148,0.00001590,0.00001737,0.00001775,0.00001794,0.00001803,0.00001808,0.00001810
7.876000,0.00001148,0.00001590,0.00001737,0.00001775,0.00001794,0.00001803,0.00001809,0.00001811
7.878000,0.00001148,0.00001590,0.00001737,0.00001775,0.00001794,0.00001803,0.00001809,0.00001811
7.880000,0.00001148,0.00001591,0.00001737,0.00001775,0.00001794,0.00001804,0.00001809,0.00001811
7.881999,0.00001148,0.00001591,0.00001737,0.00001775,0.00001794,0.00001804,0.00001809,0.00001811
7.883999,0.00001148,0.00001591,0.00001737,0.00001775,0.00001794,0.00001804,0.00001809,0.00001811
7.886000,0.00001148,0.00001591,0.00001737,0.00001776,0.00001794,0.00001804,0.00001809,0.00001811
7.888000,0.00001148,0.00001591,0.00001737,0.00001776,0.00001794,0.00001804,0.00001809,0.00001811
7.889999,0.00001148,0.00001591,0.00001738,0.00001776,0.00001794,0.00001804,0.00001809,0.00001811
7.891999,0.00001148,0.00001591,0.00001738,0.00001776,0.00001795,0.00001804,0.00001809,0.00001811
7.893999,0.00001148,0.00001591,0.00001738,0.00001776,0.00001795,0.00001804,0.00001809,0.00001811
7.896000,0.00001148,0.00001591,0.00001738,0.00001776,0.00001795,0.00001804,0.00001810,0.00001812
7.898000,0.00001148,0.00001591,0.00001738,0.00001776,0.00001795,0.00001804,0.00001810,0.00001812
7.900000,0.00001148,0.00001592,0.00001738,0.00001776,0.00001795,0.00001805,0.00001810,0.00001812
7.901999,0.00001149,0.00001592,0.00001738,0.00001776,0.00001795,0.00001805,0.00001810,0.00001812
7.903999,0.00001149,0.00001592,0.00001738,0.00001777,0.00001795,0.00001805,0.00001810,0.00001812
7.906000,0.00001149,0.00001592,0.00001738,0.00001777,0.00001795,0.00001805,0.00001810,0.00001812
7.908000,0.00001149,0.00001592,0.00001738,0.00001777,0.00001795,0.00001805,0.00001810,0.00001812
7.909999,0.00001149,0.00001592,0.00001739,0.00001777,0.00001796,0.00001805,0.00001810,0.00001812
7.911999,0.00001149,0.00001592,0.00001739,0.00001777,0.00001796,0.00001805,0.00001810,0.00001812
7.913999,0.00001149,0.00001592,0.00001739,0.00001777,0.00001796,0.00001805,0.00001811,0.00001813
7.916000,0.00001149,0.00001592,0.00001739,0.00001777,0.00001796,0.00001805,0.00001811,0.00001813
7.918000,0.00001149,0.00001592,0.00001739,0.00001777,0.00001796,0.00001806,0.00001811,0.00001813
7.920000,0.00001149,0.00001593,0.00001739,0.00001777,0.00001796,0.00001806,0.00001811,0.00001813
7.921999,0.00001149,0.00001593,0.00001739,0.00001777,0.00001796,0.00001806,0.00001811,0.00001813
7.923999,0.00001149,0.00001593,0.00001739,0.00001778,0.00001796,0.00001806,0.00001811,0.00001813
7.926000,0.00001149,0.00001593,0.00001739,0.00001778,0.00001796,0.00001806,0.00001811,0.00001813
7.927999,0.00001150,0.00001593,0.00001740,0.00001778,0.00001797,0.00001806,0.00001811,0.00001813
7.929999,0.00001150,0.00001593,0.00001740,0.00001778,0.00001797,0.00001806,0.00001811,0.00001813
7.931999,0.00001150,0.00001593,0.00001740,0.00001778,0.00001797,0.00001806,0.00001811,0.00001814
7.934000,0.00001150,0.00001593,0.00001740,0.00001778,0.00001797,0.00001806,0.00001812,0.00001814
7.936000,0.00001150,0.00001593,0.00001740,0.00001778,0.00001797,0.00001807,0.00001812,0.00001814
7.938000,0.00001150,0.00001593,0.00001740,0.00001778,0.00001797,0.00001807,0.00001812,0.00001814
7.939999,0.00001150,0.00001593,0.00001740,0.00001778,0.00001797,0.00001807,0.00001812,0.00001814
7.941999,0.00001150,0.00001594,0.00001740,0.00001779,0.00001797,0.00001807,0.00001812,0.00001814
7.944000,0.00001150,0.00001594,0.00001740,0.00001779,0.00001797,0.00001807,0.00001812,0.00001814
7.946000,0.00001150,0.00001594,0.00001740,0.00001779,0.00001797,0.00001807,0.00001812,0.00001814
7.947999,0.00001150,0.00001594,0.00001741,0.00001779,0.00001798,0.00001807,0.00001812,0.00001814
7.949999,0.00001150,0.00001594,0.00001741,0.00001779,0.00001798,0.00001807,0.00001812,0.00001814
7.951999,0.00001150,0.00001594,0.00001741,0.00001779,0.00001798,0.00001807,0.00001813,0.00001815
7.954000,0.00001150,0.00001594,0.00001741,0.00001779,0.00001798,0.00001807,0.00001813,0.00001815
7.955999,0.00001151,0.00001594,0.00001741,0.00001779,0.00001798,0.00001808,0.00001813,0.00001815
7.957999,0.00001151,0.00001594,0.00001741,0.00001779,0.00001798,0.00001808,0.00001813,0.00001815
7.959999,0.00001151,0.00001594,0.00001741,0.00001779,0.00001798,0.00001808,0.00001813,0.00001815
7.961999,0.00001151,0.00001595,0.00001741,0.00001780,0.00001798,0.00001808,0.00001813,0.00001815
7.964000,0.00001151,0.00001595,0.00001741,0.00001780,0.00001798,0.00001808,0.00001813,0.00001815
7.966000,0.00001151,0.00001595,0.00001742,0.00001780,0.00001799,0.00001808,0.00001813,0.00001815
7.967999,0.00001151,0.00001595,0.00001742,0.00001780,0.00001799,0.00001808,0.00001813,0.00001815
7.969999,0.00001151,0.00001595,0.00001742,0.00001780,0.00001799,0.00001808,0.00001814,0.00001816
7.971999,0.00001151,0.00001595,0.00001742,0.00001780,0.00001799,0.00001808,0.00001814,0.00001816
7.974000,0.00001151,0.00001595,0.00001742,0.00001780,0.00001799,0.00001809,0.00001814,0.00001816
7.975999,0.00001151,0.00001595,0.00001742,0.00001780,0.00001799,0.00001809,0.00001814,0.00001816
7.977999,0.00001151,0.00001595,0.00001742,0.00001780,0.00001799,0.00001809,0.00001814,0.00001816
7.979999,0.00001151,0.00001595,0.00001742,0.00001781,0.00001799,0.00001809,0.00001814,0.00001816
7.981999,0.00001152,0.00001596,0.00001742,0.00001781,0.00001799,0.00001809,0.00001814,0.00001816
7.984000,0.00001152,0.00001596,0.00001742,0.00001781,0.00001799,0.00001809,0.00001814,0.00001816
7.986000,0.00001152,0.00001596,0.00001743,0.00001781,0.00001800,0.00001809,0.00001814,0.00001816
7.987999,0.00001152,0.00001596,0.00001743,0.00001781,0.00001800,0.00001809,0.00001814,0.00001817
7.989999,0.00001152,0.00001596,0.00001743,0.00001781,0.00001800,0.00001809,0.00001815,0.00001817
7.991999,0.00001152,0.00001596,0.00001743,0.00001781,0.00001800,0.00001810,0.00001815,0.00001817
7.993999,0.00001152,0.00001596,0.00001743,0.00001781,0.00001800,0.00001810,0.00001815,0.00001817
7.995999,0.00001152,0.00001596,0.00001743,0.00001781,0.00001800,0.00001810,0.00001815,0.00001817
7.997999,0.00001152,0.00001596,0.00001743,0.00001782,0.00001800,0.00001810,0.00001815,0.00001817
7.999999,0.00001152,0.00001596,0.00001743,0.00001782,0.00001800,0.00001810,0.00001815,0.00001817
8.001999,0.00001152,0.00001597,0.00001743,0.00001782,0.00001800,0.00001810,0.00001815,0.00001817
8.004000,0.00001152,0.00001597,0.00001744,0.00001782,0.00001801,0.00001810,0.00001815,0.00001817
8.006000,0.00001152,0.00001597,0.00001744,0.00001782,0.00001801,0.00001810,0.00001815,0.00001817
8.007999,0.00001152,0.00001597,0.00001744,0.00001782,0.00001801,0.00001810,0.00001816,0.00001818
8.009999,0.00001153,0.00001597,0.00001744,0.00001782,0.00001801,0.00001810,0.00001816,0.00001818
8.012000,0.00001153,0.00001597,0.00001744,0.00001782,0.00001801,0.00001811,0.00001816,0.00001818
8.014000,0.00001153,0.00001597,0.00001744,0.00001782,0.00001801,0.00001811,0.00001816,0.00001818
8.016000,0.00001153,0.00001597,0.00001744,0.00001782,0.00001801,0.00001811,0.00001816,0.00001818
8.018000,0.00001153,0.00001597,0.00001744,0.00001783,0.00001801,0.00001811,0.00001816,0.00001818
8.020000,0.00001153,0.00001597,0.00001744,0.00001783,0.00001801,0.00001811,0.00001816,0.00001818
8.021999,0.00001153,0.00001598,0.00001744,0.00001783,0.00001802,0.00001811,0.00001816,0.00001818
8.023999,0.00001153,0.00001598,0.00001745,0.00001783,0.00001802,0.00001811,0.00001816,0.00001818
8.025999,0.00001153,0.00001598,0.00001745,0.00001783,0.00001802,0.00001811,0.00001817,0.00001819
8.027999,0.00001153,0.00001598,0.00001745,0.00001783,0.00001802,0.00001811,0.00001817,0.00001819
8.029999,0.00001153,0.00001598,0.00001745,0.00001783,0.00001802,0.00001812,0.00001817,0.00001819
8.032000,0.00001153,0.00001598,0.00001745,0.00001783,0.00001802,0.00001812,0.00001817,0.00001819
8.033999,0.00001153,0.00001598,0.00001745,0.00001783,0.00001802,0.00001812,0.00001817,0.00001819
8.035999,0.00001154,0.00001598,0.00001745,0.00001784,0.00001802,0.00001812,0.00001817,0.00001819
8.037999,0.00001154,0.00001598,0.00001745,0.00001784,0.00001802,0.00001812,0.00001817,0.00001819
8.039999,0.00001154,0.00001598,0.00001745,0.00001784,0.00001802,0.00001812,0.00001817,0.00001819
8.042000,0.00001154,0.00001599,0.00001746,0.00001784,0.00001803,0.00001812,0.00001817,0.00001819
8.044000,0.00001154,0.00001599,0.00001746,0.00001784,0.00001803,0.00001812,0.00001818,0.00001820
8.046000,0.00001154,0.00001599,0.00001746,0.00001784,0.00001803,0.00001812,0.00001818,0.00001820
8.047999,0.00001154,0.00001599,0.00001746,0.00001784,0.00001803,0.00001813,0.00001818,0.00001820
8.049999,0.00001154,0.00001599,0.00001746,0.00001784,0.00001803,0.00001813,0.00001818,0.00001820
8.052000,0.00001154,0.00001599,0.00001746,0.00001784,0.00001803,0.00001813,0.00001818,0.00001820
8.054000,0.00001154,0.00001599,0.00001746,0.00001784,0.00001803,0.00001813,0.00001818,0.00001820
8.056000,0.00001154,0.00001599,0.00001746,0.00001785,0.00001803,0.00001813,0.00001818,0.00001820
8.058000,0.00001154,0.00001599,0.00001746,0.00001785,0.00001803,0.00001813,0.00001818,0.00001820
8.059999,0.00001154,0.00001599,0.00001746,0.00001785,0.00001804,0.00001813,0.00001818,0.00001820
8.061999,0.00001154,0.00001599,0.00001747,0.00001785,0.00001804,0.00001813,0.00001818,0.00001821
8.063999,0.00001155,0.00001600,0.00001747,0.00001785,0.00001804,0.00001813,0.00001819,0.00001821
8.065999,0.00001155,0.00001600,0.00001747,0.00001785,0.00001804,0.00001813,0.00001819,0.00001821
8.067999,0.00001155,0.00001600,0.00001747,0.00001785,0.00001804,0.00001814,0.00001819,0.00001821
8.069999,0.00001155,0.00001600,0.00001747,0.00001785,0.00001804,0.00001814,0.00001819,0.00001821
8.072000,0.00001155,0.00001600,0.00001747,0.00001785,0.00001804,0.00001814,0.00001819,0.00001821
8.073999,0.00001155,0.00001600,0.00001747,0.00001786,0.00001804,0.00001814,0.00001819,0.00001821
8.075999,0.00001155,0.00001600,0.00001747,0.00001786,0.00001804,0.00001814,0.00001819,0.00001821
8.077999,0.00001155,0.00001600,0.00001747,0.00001786,0.00001805,0.00001814,0.00001819,0.00001821
8.080000,0.00001155,0.00001600,0.00001748,0.00001786,0.00001805,0.00001814,0.00001819,0.00001821
8.082000,0.00001155,0.00001600,0.00001748,0.00001786,0.00001805,0.00001814,0.00001820,0.00001822
8.084000,0.00001155,0.00001601,0.00001748,0.00001786,0.00001805,0.00001814,0.00001820,0.00001822
8.085999,0.00001155,0.00001601,0.00001748,0.00001786,0.00001805,0.00001815,0.00001820,0.00001822
8.087999,0.00001155,0.00001601,0.00001748,0.00001786,0.00001805,0.00001815,0.00001820,0.00001822
8.090000,0.00001156,0.00001601,0.00001748,0.00001786,0.00001805,0.00001815,0.00001820,0.00001822
8.092000,0.00001156,0.00001601,0.00001748,0.00001787,0.00001805,0.00001815,0.00001820,0.00001822
8.094000,0.00001156,0.00001601,0.00001748,0.00001787,0.00001805,0.00001815,0.00001820,0.00001822
8.096000,0.00001156,0.00001601,0.00001748,0.00001787,0.00001805,0.00001815,0.00001820,0.00001822
8.098000,0.00001156,0.00001601,0.00001748,0.00001787,0.00001806,0.00001815,0.00001820,0.00001822
8.099999,0.00001156,0.00001601,0.00001749,0.00001787,0.00001806,0.00001815,0.00001821,0.00001823
8.101999,0.00001156,0.00001601,0.00001749,0.00001787,0.00001806,0.00001815,0.00001821,0.00001823
8.103999,0.00001156,0.00001602,0.00001749,0.00001787,0.00001806,0.00001816,0.00001821,0.00001823
8.105999,0.00001156,0.00001602,0.00001749,0.00001787,0.00001806,0.00001816,0.00001821,0.00001823
8.107999,0.00001156,0.00001602,0.00001749,0.00001787,0.00001806,0.00001816,0.00001821,0.00001823
8.110000,0.00001156,0.00001602,0.00001749,0.00001787,0.00001806,0.00001816,0.00001821,0.00001823
8.112000,0.00001156,0.00001602,0.00001749,0.00001788,0.00001806,0.00001816,0.00001821,0.00001823
8.113999,0.00001156,0.00001602,0.00001749,0.00001788,0.00001806,0.00001816,0.00001821,0.00001823
8.115999,0.00001156,0.00001602,0.00001749,0.00001788,0.00001807,0.00001816,0.00001821,0.00001823
8.117999,0.00001157,0.00001602,0.00001750,0.00001788,0.00001807,0.00001816,0.00001821,0.00001824
8.120000,0.00001157,0.00001602,0.00001750,0.00001788,0.00001807,0.00001816,0.00001822,0.00001824
8.122000,0.00001157,0.00001602,0.00001750,0.00001788,0.00001807,0.00001817,0.00001822,0.00001824
8.124000,0.00001157,0.00001603,0.00001750,0.00001788,0.00001807,0.00001817,0.00001822,0.00001824
8.125999,0.00001157,0.00001603,0.00001750,0.00001788,0.00001807,0.00001817,0.00001822,0.00001824
8.127999,0.00001157,0.00001603,0.00001750,0.00001788,0.00001807,0.00001817,0.00001822,0.00001824
8.130000,0.00001157,0.00001603,0.00001750,0.00001789,0.00001807,0.00001817,0.00001822,0.00001824
8.132000,0.00001157,0.00001603,0.00001750,0.00001789,0.00001807,0.00001817,0.00001822,0.00001824
8.134000,0.00001157,0.00001603,0.00001750,0.00001789,0.00001808,0.00001817,0.00001822,0.00001824
8.136000,0.00001157,0.00001603,0.00001750,0.00001789,0.00001808,0.00001817,0.00001822,0.00001824
8.137999,0.00001157,0.00001603,0.00001751,0.00001789,0.00001808,0.00001817,0.00001823,0.00001825
8.139999,0.00001157,0.00001603,0.00001751,0.00001789,0.00001808,0.00001817,0.00001823,0.00001825
8.141999,0.00001157,0.00001603,0.00001751,0.00001789,0.00001808,0.00001818,0.00001823,0.00001825
8.143999,0.00001158,0.00001604,0.00001751,0.00001789,0.00001808,0.00001818,0.00001823,0.00001825
8.145999,0.00001158,0.00001604,0.00001751,0.00001789,0.00001808,0.00001818,0.00001823,0.00001825
8.147999,0.00001158,0.00001604,0.00001751,0.00001790,0.00001808,0.00001818,0.00001823,0.00001825
8.150000,0.00001158,0.00001604,0.00001751,0.00001790,0.00001808,0.00001818,0.00001823,0.00001825
8.151999,0.00001158,0.00001604,0.00001751,0.00001790,0.00001809,0.00001818,0.00001823,0.00001825
8.153999,0.00001158,0.00001604,0.00001751,0.00001790,0.00001809,0.00001818,0.00001823,0.00001825
8.155999,0.00001158,0.00001604,0.00001752,0.00001790,0.00001809,0.00001818,0.00001824,0.00001826
8.158000,0.00001158,0.00001604,0.00001752,0.00001790,0.00001809,0.00001818,0.00001824,0.00001826
8.160000,0.00001158,0.00001604,0.00001752,0.00001790,0.00001809,0.00001819,0.00001824,0.00001826
8.162000,0.00001158,0.00001604,0.00001752,0.00001790,0.00001809,0.00001819,0.00001824,0.00001826
8.164000,0.00001158,0.00001604,0.00001752,0.00001790,0.00001809,0.00001819,0.00001824,0.00001826
8.165999,0.00001158,0.00001605,0.00001752,0.00001790,0.00001809,0.00001819,0.00001824,0.00001826
8.168000,0.00001158,0.00001605,0.00001752,0.00001791,0.00001809,0.00001819,0.00001824,0.00001826
8.170000,0.00001158,0.00001605,0.00001752,0.00001791,0.00001809,0.00001819,0.00001824,0.00001826
8.171999,0.00001159,0.00001605,0.00001752,0.00001791,0.00001810,0.00001819,0.00001824,0.00001826
8.173999,0.00001159,0.00001605,0.00001752,0.00001791,0.00001810,0.00001819,0.00001825,0.00001827
8.175999,0.00001159,0.00001605,0.00001753,0.00001791,0.00001810,0.00001819,0.00001825,0.00001827
8.177999,0.00001159,0.00001605,0.00001753,0.00001791,0.00001810,0.00001820,0.00001825,0.00001827
8.179999,0.00001159,0.00001605,0.00001753,0.00001791,0.00001810,0.00001820,0.00001825,0.00001827
8.181999,0.00001159,0.00001605,0.00001753,0.00001791,0.00001810,0.00001820,0.00001825,0.00001827
8.183999,0.00001159,0.00001605,0.00001753,0.00001791,0.00001810,0.00001820,0.00001825,0.00001827
8.185999,0.00001159,0.00001606,0.00001753,0.00001792,0.00001810,0.00001820,0.00001825,0.00001827
8.188000,0.00001159,0.00001606,0.00001753,0.00001792,0.00001810,0.00001820,0.00001825,0.00001827
8.190000,0.00001159,0.00001606,0.00001753,0.00001792,0.00001811,0.00001820,0.00001825,0.00001827
8.191999,0.00001159,0.00001606,0.00001753,0.00001792,0.00001811,0.00001820,0.00001825,0.00001828
8.193999,0.00001159,0.00001606,0.00001754,0.00001792,0.00001811,0.00001820,0.00001826,0.00001828
8.195999,0.00001159,0.00001606,0.00001754,0.00001792,0.00001811,0.00001821,0.00001826,0.00001828
8.198000,0.00001160,0.00001606,0.00001754,0.00001792,0.00001811,0.00001821,0.00001826,0.00001828
8.200000,0.00001160,0.00001606,0.00001754,0.00001792,0.00001811,0.00001821,0.00001826,0.00001828
8.202000,0.00001160,0.00001606,0.00001754,0.00001792,0.00001811,0.00001821,0.00001826,0.00001828
8.204000,0.00001160,0.00001606,0.00001754,0.00001793,0.00001811,0.00001821,0.00001826,0.00001828
8.205999,0.00001160,0.00001607,0.00001754,0.00001793,0.00001811,0.00001821,0.00001826,0.00001828
8.207999,0.00001160,0.00001607,0.00001754,0.00001793,0.00001812,0.00001821,0.00001826,0.00001828
8.209999,0.00001160,0.00001607,0.00001754,0.00001793,0.00001812,0.00001821,0.00001826,0.00001828
8.211999,0.00001160,0.00001607,0.00001754,0.00001793,0.00001812,0.00001821,0.00001827,0.00001829
8.213999,0.00001160,0.00001607,0.00001755,0.00001793,0.00001812,0.00001821,0.00001827,0.00001829
8.215999,0.00001160,0.00001607,0.00001755,0.00001793,0.00001812,0.00001822,0.00001827,0.00001829
8.217999,0.00001160,0.00001607,0.00001755,0.00001793,0.00001812,0.00001822,0.00001827,0.00001829
8.219999,0.00001160,0.00001607,0.00001755,0.00001793,0.00001812,0.00001822,0.00001827,0.00001829
8.221999,0.00001160,0.00001607,0.00001755,0.00001793,0.00001812,0.00001822,0.00001827,0.00001829
8.223999,0.00001161,0.00001607,0.00001755,0.00001794,0.00001812,0.00001822,0.00001827,0.00001829
8.225999,0.00001161,0.00001608,0.00001755,0.00001794,0.00001813,0.00001822,0.00001827,0.00001829
8.228000,0.00001161,0.00001608,0.00001755,0.00001794,0.00001813,0.00001822,0.00001827,0.00001829
8.230000,0.00001161,0.00001608,0.00001755,0.00001794,0.00001813,0.00001822,0.00001828,0.00001830
8.231999,0.00001161,0.00001608,0.00001756,0.00001794,0.00001813,0.00001822,0.00001828,0.00001830
8.233999,0.00001161,0.00001608,0.00001756,0.00001794,0.00001813,0.00001823,0.00001828,0.00001830
8.236000,0.00001161,0.00001608,0.00001756,0.00001794,0.00001813,0.00001823,0.00001828,0.00001830
8.238000,0.00001161,0.00001608,0.00001756,0.00001794,0.00001813,0.00001823,0.00001828,0.00001830
8.240000,0.00001161,0.00001608,0.00001756,0.00001794,0.00001813,0.00001823,0.00001828,0.00001830
8.242000,0.00001161,0.00001608,0.00001756,0.00001795,0.00001813,0.00001823,0.00001828,0.00001830
8.243999,0.00001161,0.00001608,0.00001756,0.00001795,0.00001813,0.00001823,0.00001828,0.00001830
8.245999,0.00001161,0.00001609,0.00001756,0.00001795,0.00001814,0.00001823,0.00001828,0.00001830
8.247999,0.00001161,0.00001609,0.00001756,0.00001795,0.00001814,0.00001823,0.00001829,0.00001831
8.249999,0.00001161,0.00001609,0.00001756,0.00001795,0.00001814,0.00001823,0.00001829,0.00001831
8.251999,0.00001162,0.00001609,0.00001757,0.00001795,0.00001814,0.00001824,0.00001829,0.00001831
8.253999,0.00001162,0.00001609,0.00001757,0.00001795,0.00001814,0.00001824,0.00001829,0.00001831
8.256000,0.00001162,0.00001609,0.00001757,0.00001795,0.00001814,0.00001824,0.00001829,0.00001831
8.257999,0.00001162,0.00001609,0.00001757,0.00001795,0.00001814,0.00001824,0.00001829,0.00001831
8.259999,0.00001162,0.00001609,0.00001757,0.00001796,0.00001814,0.00001824,0.00001829,0.00001831
8.261999,0.00001162,0.00001609,0.00001757,0.00001796,0.00001814,0.00001824,0.00001829,0.00001831
8.263999,0.00001162,0.00001609,0.00001757,0.00001796,0.00001815,0.00001824,0.00001829,0.00001831
8.266000,0.00001162,0.00001610,0.00001757,0.00001796,0.00001815,0.00001824,0.00001830,0.00001832
8.268000,0.00001162,0.00001610,0.00001757,0.00001796,0.00001815,0.00001824,0.00001830,0.00001832
8.270000,0.00001162,0.00001610,0.00001758,0.00001796,0.00001815,0.00001825,0.00001830,0.00001832
8.271999,0.00001162,0.00001610,0.00001758,0.00001796,0.00001815,0.00001825,0.00001830,0.00001832
8.273999,0.00001162,0.00001610,0.00001758,0.00001796,0.00001815,0.00001825,0.00001830,0.00001832
8.276000,0.00001162,0.00001610,0.00001758,0.00001796,0.00001815,0.00001825,0.00001830,0.00001832
8.278000,0.00001163,0.00001610,0.00001758,0.00001796,0.00001815,0.00001825,0.00001830,0.00001832
8.280000,0.00001163,0.00001610,0.00001758,0.00001797,0.00001815,0.00001825,0.00001830,0.00001832
8.282000,0.00001163,0.00001610,0.00001758,0.00001797,0.00001816,0.00001825,0.00001830,0.00001832
8.283999,0.00001163,0.00001610,0.00001758,0.00001797,0.00001816,0.00001825,0.00001830,0.00001833
8.285999,0.00001163,0.00001611,0.00001758,0.00001797,0.00001816,0.00001825,0.00001831,0.00001833
8.287999,0.00001163,0.00001611,0.00001758,0.00001797,0.00001816,0.00001826,0.00001831,0.00001833
8.289999,0.00001163,0.00001611,0.00001759,0.00001797,0.00001816,0.00001826,0.00001831,0.00001833
8.291999,0.00001163,0.00001611,0.00001759,0.00001797,0.00001816,0.00001826,0.00001831,0.00001833
8.293999,0.00001163,0.00001611,0.00001759,0.00001797,0.00001816,0.00001826,0.00001831,0.00001833
8.296000,0.00001163,0.00001611,0.00001759,0.00001797,0.00001816,0.00001826,0.00001831,0.00001833
8.297999,0.00001163,0.00001611,0.00001759,0.00001798,0.00001816,0.00001826,0.00001831,0.00001833
8.299999,0.00001163,0.00001611,0.00001759,0.00001798,0.00001817,0.00001826,0.00001831,0.00001833
8.301999,0.00001163,0.00001611,0.00001759,0.00001798,0.00001817,0.00001826,0.00001831,0.00001833
8.303999,0.00001164,0.00001611,0.00001759,0.00001798,0.00001817,0.00001826,0.00001832,0.00001834
8.306000,0.00001164,0.00001612,0.00001759,0.00001798,0.00001817,0.00001826,0.00001832,0.00001834
8.308000,0.00001164,0.00001612,0.00001760,0.00001798,0.00001817,0.00001827,0.00001832,0.00001834
8.309999,0.00001164,0.00001612,0.00001760,0.00001798,0.00001817,0.00001827,0.00001832,0.00001834
8.311999,0.00001164,0.00001612,0.00001760,0.00001798,0.00001817,0.00001827,0.00001832,0.00001834
8.314000,0.00001164,0.00001612,0.00001760,0.00001798,0.00001817,0.00001827,0.00001832,0.00001834
8.316000,0.00001164,0.00001612,0.00001760,0.00001799,0.00001817,0.00001827,0.00001832,0.00001834
8.318000,0.00001164,0.00001612,0.00001760,0.00001799,0.00001817,0.00001827,0.00001832,0.00001834
8.320000,0.00001164,0.00001612,0.00001760,0.00001799,0.00001818,0.00001827,0.00001832,0.00001834
8.322000,0.00001164,0.00001612,0.00001760,0.00001799,0.00001818,0.00001827,0.00001833,0.00001835
8.323999,0.00001164,0.00001612,0.00001760,0.00001799,0.00001818,0.00001827,0.00001833,0.00001835
8.325999,0.00001164,0.00001613,0.00001761,0.00001799,0.00001818,0.00001828,0.00001833,0.00001835
8.327999,0.00001164,0.00001613,0.00001761,0.00001799,0.00001818,0.00001828,0.00001833,0.00001835
8.329999,0.00001164,0.00001613,0.00001761,0.00001799,0.00001818,0.00001828,0.00001833,0.00001835
8.331999,0.00001165,0.00001613,0.00001761,0.00001799,0.00001818,0.00001828,0.00001833,0.00001835
8.334000,0.00001165,0.00001613,0.00001761,0.00001800,0.00001818,0.00001828,0.00001833,0.00001835
8.335999,0.00001165,0.00001613,0.00001761,0.00001800,0.00001818,0.00001828,0.00001833,0.00001835
8.337999,0.00001165,0.00001613,0.00001761,0.00001800,0.00001819,0.00001828,0.00001833,0.00001835
8.339999,0.00001165,0.00001613,0.00001761,0.00001800,0.00001819,0.00001828,0.00001834,0.00001836
8.341999,0.00001165,0.00001613,0.00001761,0.00001800,0.00001819,0.00001828,0.00001834,0.00001836
8.344000,0.00001165,0.00001613,0.00001761,0.00001800,0.00001819,0.00001829,0.00001834,0.00001836
8.346000,0.00001165,0.00001614,0.00001762,0.00001800,0.00001819,0.00001829,0.00001834,0.00001836
8.348000,0.00001165,0.00001614,0.00001762,0.00001800,0.00001819,0.00001829,0.00001834,0.00001836
8.349999,0.00001165,0.00001614,0.00001762,0.00001800,0.00001819,0.00001829,0.00001834,0.00001836
8.351999,0.00001165,0.00001614,0.00001762,0.00001800,0.00001819,0.00001829,0.00001834,0.00001836
8.354000,0.00001165,0.00001614,0.00001762,0.00001801,0.00001819,0.00001829,0.00001834,0.00001836
8.356000,0.00001165,0.00001614,0.00001762,0.00001801,0.00001820,0.00001829,0.00001834,0.00001836
8.358000,0.00001166,0.00001614,0.00001762,0.00001801,0.00001820,0.00001829,0.00001835,0.00001837
8.360000,0.00001166,0.00001614,0.00001762,0.00001801,0.00001820,0.00001829,0.00001835,0.00001837
8.361999,0.00001166,0.00001614,0.00001762,0.00001801,0.00001820,0.00001830,0.00001835,0.00001837
8.363999,0.00001166,0.00001614,0.00001763,0.00001801,0.00001820,0.00001830,0.00001835,0.00001837
8.365999,0.00001166,0.00001615,0.00001763,0.00001801,0.00001820,0.00001830,0.00001835,0.00001837
8.367999,0.00001166,0.00001615,0.00001763,0.00001801,0.00001820,0.00001830,0.00001835,0.00001837
8.369999,0.00001166,0.00001615,0.00001763,0.00001801,0.00001820,0.00001830,0.00001835,0.00001837
8.371999,0.00001166,0.00001615,0.00001763,0.00001802,0.00001820,0.00001830,0.00001835,0.00001837
8.374000,0.00001166,0.00001615,0.00001763,0.00001802,0.00001821,0.00001830,0.00001835,0.00001837
8.375999,0.00001166,0.00001615,0.00001763,0.00001802,0.00001821,0.00001830,0.00001835,0.00001838
8.377999,0.00001166,0.00001615,0.00001763,0.00001802,0.00001821,0.00001830,0.00001836,0.00001838
8.379999,0.00001166,0.00001615,0.00001763,0.00001802,0.00001821,0.00001831,0.00001836,0.00001838
8.382000,0.00001166,0.00001615,0.00001764,0.00001802,0.00001821,0.00001831,0.00001836,0.00001838
8.384000,0.00001167,0.00001615,0.00001764,0.00001802,0.00001821,0.00001831,0.00001836,0.00001838
8.386000,0.00001167,0.00001616,0.00001764,0.00001802,0.00001821,0.00001831,0.00001836,0.00001838
8.388000,0.00001167,0.00001616,0.00001764,0.00001802,0.00001821,0.00001831,0.00001836,0.00001838
8.389999,0.00001167,0.00001616,0.00001764,0.00001803,0.00001821,0.00001831,0.00001836,0.00001838
8.392000,0.00001167,0.00001616,0.00001764,0.00001803,0.00001822,0.00001831,0.00001836,0.00001838
8.394000,0.00001167,0.00001616,0.00001764,0.00001803,0.00001822,0.00001831,0.00001836,0.00001839
8.396000,0.00001167,0.00001616,0.00001764,0.00001803,0.00001822,0.00001831,0.00001837,0.00001839
8.397999,0.00001167,0.00001616,0.00001764,0.00001803,0.00001822,0.00001831,0.00001837,0.00001839
8.399999,0.00001167,0.00001616,0.00001764,0.00001803,0.00001822,0.00001832,0.00001837,0.00001839
8.401999,0.00001167,0.00001616,0.00001765,0.00001803,0.00001822,0.00001832,0.00001837,0.00001839
8.403999,0.00001167,0.00001616,0.00001765,0.00001803,0.00001822,0.00001832,0.00001837,0.00001839
8.405999,0.00001167,0.00001617,0.00001765,0.00001803,0.00001822,0.00001832,0.00001837,0.00001839
8.407999,0.00001167,0.00001617,0.00001765,0.00001804,0.00001822,0.00001832,0.00001837,0.00001839
8.409999,0.00001168,0.00001617,0.00001765,0.00001804,0.00001822,0.00001832,0.00001837,0.00001839
8.412000,0.00001168,0.00001617,0.00001765,0.00001804,0.00001823,0.00001832,0.00001837,0.00001839
8.414000,0.00001168,0.00001617,0.00001765,0.00001804,0.00001823,0.00001832,0.00001838,0.00001840
8.415999,0.00001168,0.00001617,0.00001765,0.00001804,0.00001823,0.00001832,0.00001838,0.00001840
8.417999,0.00001168,0.00001617,0.00001765,0.00001804,0.00001823,0.00001833,0.00001838,0.00001840
8.419999,0.00001168,0.00001617,0.00001766,0.00001804,0.00001823,0.00001833,0.00001838,0.00001840
8.422000,0.00001168,0.00001617,0.00001766,0.00001804,0.00001823,0.00001833,0.00001838,0.00001840
8.424000,0.00001168,0.00001617,0.00001766,0.00001804,0.00001823,0.00001833,0.00001838,0.00001840
8.426000,0.00001168,0.00001618,0.00001766,0.00001805,0.00001823,0.00001833,0.00001838,0.00001840
8.427999,0.00001168,0.00001618,0.00001766,0.00001805,0.00001823,0.00001833,0.00001838,0.00001840
8.429999,0.00001168,0.00001618,0.00001766,0.00001805,0.00001824,0.00001833,0.00001838,0.00001840
8.432000,0.00001168,0.00001618,0.00001766,0.00001805,0.00001824,0.00001833,0.00001839,0.00001841
8.433999,0.00001168,0.00001618,0.00001766,0.00001805,0.00001824,0.00001833,0.00001839,0.00001841
8.435999,0.00001168,0.00001618,0.00001766,0.00001805,0.00001824,0.00001834,0.00001839,0.00001841
8.437999,0.00001169,0.00001618,0.00001767,0.00001805,0.00001824,0.00001834,0.00001839,0.00001841
8.439999,0.00001169,0.00001618,0.00001767,0.00001805,0.00001824,0.00001834,0.00001839,0.00001841
8.441999,0.00001169,0.00001618,0.00001767,0.00001805,0.00001824,0.00001834,0.00001839,0.00001841
8.443999,0.00001169,0.00001618,0.00001767,0.00001805,0.00001824,0.00001834,0.00001839,0.00001841
8.445999,0.00001169,0.00001619,0.00001767,0.00001806,0.00001824,0.00001834,0.00001839,0.00001841
8.447999,0.00001169,0.00001619,0.00001767,0.00001806,0.00001825,0.00001834,0.00001839,0.00001841
8.449999,0.00001169,0.00001619,0.00001767,0.00001806,0.00001825,0.00001834,0.00001840,0.00001842
8.452000,0.00001169,0.00001619,0.00001767,0.00001806,0.00001825,0.00001834,0.00001840,0.00001842
8.454000,0.00001169,0.00001619,0.00001767,0.00001806,0.00001825,0.00001835,0.00001840,0.00001842
8.455999,0.00001169,0.00001619,0.00001767,0.00001806,0.00001825,0.00001835,0.00001840,0.00001842
8.457999,0.00001169,0.00001619,0.00001768,0.00001806,0.00001825,0.00001835,0.00001840,0.00001842
8.460000,0.00001169,0.00001619,0.00001768,0.00001806,0.00001825,0.00001835,0.00001840,0.00001842
8.462000,0.00001169,0.00001619,0.00001768,0.00001806,0.00001825,0.00001835,0.00001840,0.00001842
8.464000,0.00001170,0.00001619,0.00001768,0.00001807,0.00001825,0.00001835,0.00001840,0.00001842
8.466000,0.00001170,0.00001620,0.00001768,0.00001807,0.00001826,0.00001835,0.00001840,0.00001842
8.467999,0.00001170,0.00001620,0.00001768,0.00001807,0.00001826,0.00001835,0.00001841,0.00001843
8.469999,0.00001170,0.00001620,0.00001768,0.00001807,0.00001826,0.00001835,0.00001841,0.00001843
8.471999,0.00001170,0.00001620,0.00001768,0.00001807,0.00001826,0.00001836,0.00001841,0.00001843
8.473999,0.00001170,0.00001620,0.00001768,0.00001807,0.00001826,0.00001836,0.00001841,0.00001843
8.475999,0.00001170,0.00001620,0.00001769,0.00001807,0.00001826,0.00001836,0.00001841,0.00001843
8.477999,0.00001170,0.00001620,0.00001769,0.00001807,0.00001826,0.00001836,0.00001841,0.00001843
8.480000,0.00001170,0.00001620,0.00001769,0.00001807,0.00001826,0.00001836,0.00001841,0.00001843
8.481999,0.00001170,0.00001620,0.00001769,0.00001808,0.00001826,0.00001836,0.00001841,0.00001843
8.483999,0.00001170,0.00001620,0.00001769,0.00001808,0.00001827,0.00001836,0.00001841,0.00001843
8.485999,0.00001170,0.00001621,0.00001769,0.00001808,0.00001827,0.00001836,0.00001842,0.00001844
8.487999,0.00001170,0.00001621,0.00001769,0.00001808,0.00001827,0.00001836,0.00001842,0.00001844
8.490000,0.00001171,0.00001621,0.00001769,0.00001808,0.00001827,0.00001837,0.00001842,0.00001844
8.492000,0.00001171,0.00001621,0.00001769,0.00001808,0.00001827,0.00001837,0.00001842,0.00001844
8.493999,0.00001171,0.00001621,0.00001769,0.00001808,0.00001827,0.00001837,0.00001842,0.00001844
8.495999,0.00001171,0.00001621,0.00001770,0.00001808,0.00001827,0.00001837,0.00001842,0.00001844
8.497999,0.00001171,0.00001621,0.00001770,0.00001808,0.00001827,0.00001837,0.00001842,0.00001844
8.500000,0.00001171,0.00001621,0.00001770,0.00001809,0.00001827,0.00001837,0.00001842,0.00001844
8.502000,0.00001171,0.00001621,0.00001770,0.00001809,0.00001828,0.00001837,0.00001842,0.00001844
8.504000,0.00001171,0.00001621,0.00001770,0.00001809,0.00001828,0.00001837,0.00001843,0.00001845
8.506000,0.00001171,0.00001622,0.00001770,0.00001809,0.00001828,0.00001837,0.00001843,0.00001845
8.507999,0.00001171,0.00001622,0.00001770,0.00001809,0.00001828,0.00001838,0.00001843,0.00001845
8.509999,0.00001171,0.00001622,0.00001770,0.00001809,0.00001828,0.00001838,0.00001843,0.00001845
8.511999,0.00001171,0.00001622,0.00001770,0.00001809,0.00001828,0.00001838,0.00001843,0.00001845
8.513999,0.00001171,0.00001622,0.00001771,0.00001809,0.00001828,0.00001838,0.00001843,0.00001845
8.515999,0.00001172,0.00001622,0.00001771,0.00001809,0.00001828,0.00001838,0.00001843,0.00001845
8.517999,0.00001172,0.00001622,0.00001771,0.00001809,0.00001828,0.00001838,0.00001843,0.00001845
8.520000,0.00001172,0.00001622,0.00001771,0.00001810,0.00001828,0.00001838,0.00001843,0.00001845
8.521999,0.00001172,0.00001622,0.00001771,0.00001810,0.00001829,0.00001838,0.00001843,0.00001846
8.523999,0.00001172,0.00001622,0.00001771,0.00001810,0.00001829,0.00001838,0.00001844,0.00001846
8.525999,0.00001172,0.00001623,0.00001771,0.00001810,0.00001829,0.00001839,0.00001844,0.00001846
8.527999,0.00001172,0.00001623,0.00001771,0.00001810,0.00001829,0.00001839,0.00001844,0.00001846
8.530000,0.00001172,0.00001623,0.00001771,0.00001810,0.00001829,0.00001839,0.00001844,0.00001846
8.532000,0.00001172,0.00001623,0.00001772,0.00001810,0.00001829,0.00001839,0.00001844,0.00001846
8.533999,0.00001172,0.00001623,0.00001772,0.00001810,0.00001829,0.00001839,0.00001844,0.00001846
8.535999,0.00001172,0.00001623,0.00001772,0.00001810,0.00001829,0.00001839,0.00001844,0.00001846
8.538000,0.00001172,0.00001623,0.00001772,0.00001811,0.00001829,0.00001839,0.00001844,0.00001846
8.540000,0.00001172,0.00001623,0.00001772,0.00001811,0.00001830,0.00001839,0.00001844,0.00001847
8.542000,0.00001173,0.00001623,0.00001772,0.00001811,0.00001830,0.00001839,0.00001845,0.00001847
8.544000,0.00001173,0.00001623,0.00001772,0.00001811,0.00001830,0.00001839,0.00001845,0.00001847
8.546000,0.00001173,0.00001624,0.00001772,0.00001811,0.00001830,0.00001840,0.00001845,0.00001847
8.547999,0.00001173,0.00001624,0.00001772,0.00001811,0.00001830,0.00001840,0.00001845,0.00001847
8.549999,0.00001173,0.00001624,0.00001773,0.00001811,0.00001830,0.00001840,0.00001845,0.00001847
8.551999,0.00001173,0.00001624,0.00001773,0.00001811,0.00001830,0.00001840,0.00001845,0.00001847
8.553999,0.00001173,0.00001624,0.00001773,0.00001811,0.00001830,0.00001840,0.00001845,0.00001847
8.555999,0.00001173,0.00001624,0.00001773,0.00001812,0.00001830,0.00001840,0.00001845,0.00001847
8.558000,0.00001173,0.00001624,0.00001773,0.00001812,0.00001831,0.00001840,0.00001845,0.00001848
8.559999,0.00001173,0.00001624,0.00001773,0.00001812,0.00001831,0.00001840,0.00001846,0.00001848
8.561999,0.00001173,0.00001624,0.00001773,0.00001812,0.00001831,0.00001840,0.00001846,0.00001848
8.563999,0.00001173,0.00001624,0.00001773,0.00001812,0.00001831,0.00001841,0.00001846,0.00001848
8.565999,0.00001173,0.00001625,0.00001773,0.00001812,0.00001831,0.00001841,0.00001846,0.00001848
8.568000,0.00001174,0.00001625,0.00001773,0.00001812,0.00001831,0.00001841,0.00001846,0.00001848
8.570000,0.00001174,0.00001625,0.00001774,0.00001812,0.00001831,0.00001841,0.00001846,0.00001848
8.572000,0.00001174,0.00001625,0.00001774,0.00001812,0.00001831,0.00001841,0.00001846,0.00001848
8.573999,0.00001174,0.00001625,0.00001774,0.00001813,0.00001831,0.00001841,0.00001846,0.00001848
8.575999,0.00001174,0.00001625,0.00001774,0.00001813,0.00001832,0.00001841,0.00001846,0.00001849
8.578000,0.00001174,0.00001625,0.00001774,0.00001813,0.00001832,0.00001841,0.00001847,0.00001849
8.580000,0.00001174,0.00001625,0.00001774,0.00001813,0.00001832,0.00001841,0.00001847,0.00001849
8.582000,0.00001174,0.00001625,0.00001774,0.00001813,0.00001832,0.00001842,0.00001847,0.00001849
8.584000,0.00001174,0.00001625,0.00001774,0.00001813,0.00001832,0.00001842,0.00001847,0.00001849
8.585999,0.00001174,0.00001626,0.00001774,0.00001813,0.00001832,0.00001842,0.00001847,0.00001849
8.587999,0.00001174,0.00001626,0.00001775,0.00001813,0.00001832,0.00001842,0.00001847,0.00001849
8.589999,0.00001174,0.00001626,0.00001775,0.00001813,0.00001832,0.00001842,0.00001847,0.00001849
8.591999,0.00001174,0.00001626,0.00001775,0.00001814,0.00001832,0.00001842,0.00001847,0.00001849
8.593999,0.00001174,0.00001626,0.00001775,0.00001814,0.00001833,0.00001842,0.00001847,0.00001850
8.595999,0.00001175,0.00001626,0.00001775,0.00001814,0.00001833,0.00001842,0.00001848,0.00001850
8.598000,0.00001175,0.00001626,0.00001775,0.00001814,0.00001833,0.00001842,0.00001848,0.00001850
8.599999,0.00001175,0.00001626,0.00001775,0.00001814,0.00001833,0.00001843,0.00001848,0.00001850
8.601999,0.00001175,0.00001626,0.00001775,0.00001814,0.00001833,0.00001843,0.00001848,0.00001850
8.603999,0.00001175,0.00001626,0.00001775,0.00001814,0.00001833,0.00001843,0.00001848,0.00001850
8.606000,0.00001175,0.00001627,0.00001776,0.00001814,0.00001833,0.00001843,0.00001848,0.00001850
8.608000,0.00001175,0.00001627,0.00001776,0.00001814,0.00001833,0.00001843,0.00001848,0.00001850
8.610000,0.00001175,0.00001627,0.00001776,0.00001815,0.00001833,0.00001843,0.00001848,0.00001850
8.612000,0.00001175,0.00001627,0.00001776,0.00001815,0.00001834,0.00001843,0.00001848,0.00001850
8.613999,0.00001175,0.00001627,0.00001776,0.00001815,0.00001834,0.00001843,0.00001849,0.00001851
8.616000,0.00001175,0.00001627,0.00001776,0.00001815,0.00001834,0.00001843,0.00001849,0.00001851
8.618000,0.00001175,0.00001627,0.00001776,0.00001815,0.00001834,0.00001844,0.00001849,0.00001851
8.620000,0.00001175,0.00001627,0.00001776,0.00001815,0.00001834,0.00001844,0.00001849,0.00001851
8.621999,0.00001176,0.00001627,0.00001776,0.00001815,0.00001834,0.00001844,0.00001849,0.00001851
8.623999,0.00001176,0.00001627,0.00001777,0.00001815,0.00001834,0.00001844,0.00001849,0.00001851
8.625999,0.00001176,0.00001628,0.00001777,0.00001815,0.00001834,0.00001844,0.00001849,0.00001851
8.627999,0.00001176,0.00001628,0.00001777,0.00001816,0.00001834,0.00001844,0.00001849,0.00001851
8.629999,0.00001176,0.00001628,0.00001777,0.00001816,0.00001835,0.00001844,0.00001849,0.00001851
8.631999,0.00001176,0.00001628,0.00001777,0.00001816,0.00001835,0.00001844,0.00001850,0.00001852
8.633999,0.00001176,0.00001628,0.00001777,0.00001816,0.00001835,0.00001844,0.00001850,0.00001852
8.636000,0.00001176,0.00001628,0.00001777,0.00001816,0.00001835,0.00001845,0.00001850,0.00001852
8.638000,0.00001176,0.00001628,0.00001777,0.00001816,0.00001835,0.00001845,0.00001850,0.00001852
8.639999,0.00001176,0.00001628,0.00001777,0.00001816,0.00001835,0.00001845,0.00001850,0.00001852
8.641999,0.00001176,0.00001628,0.00001777,0.00001816,0.00001835,0.00001845,0.00001850,0.00001852
8.643999,0.00001176,0.00001628,0.00001778,0.00001816,0.00001835,0.00001845,0.00001850,0.00001852
8.646000,0.00001176,0.00001629,0.00001778,0.00001816,0.00001835,0.00001845,0.00001850,0.00001852
8.648000,0.00001177,0.00001629,0.00001778,0.00001817,0.00001836,0.00001845,0.00001850,0.00001852
8.650000,0.00001177,0.00001629,0.00001778,0.00001817,0.00001836,0.00001845,0.00001851,0.00001853
8.651999,0.00001177,0.00001629,0.00001778,0.00001817,0.00001836,0.00001845,0.00001851,0.00001853
8.653999,0.00001177,0.00001629,0.00001778,0.00001817,0.00001836,0.00001846,0.00001851,0.00001853
8.656000,0.00001177,0.00001629,0.00001778,0.00001817,0.00001836,0.00001846,0.00001851,0.00001853
8.657999,0.00001177,0.00001629,0.00001778,0.00001817,0.00001836,0.00001846,0.00001851,0.00001853
8.659999,0.00001177,0.00001629,0.00001778,0.00001817,0.00001836,0.00001846,0.00001851,0.00001853
8.661999,0.00001177,0.00001629,0.00001779,0.00001817,0.00001836,0.00001846,0.00001851,0.00001853
8.663999,0.00001177,0.00001629,0.00001779,0.00001817,0.00001836,0.00001846,0.00001851,0.00001853
8.665999,0.00001177,0.00001630,0.00001779,0.00001818,0.00001837,0.00001846,0.00001851,0.00001853
8.667999,0.00001177,0.00001630,0.00001779,0.00001818,0.00001837,0.00001846,0.00001852,0.00001854
8.669999,0.00001177,0.00001630,0.00001779,0.00001818,0.00001837,0.00001846,0.00001852,0.00001854
8.671999,0.00001177,0.00001630,0.00001779,0.00001818,0.00001837,0.00001847,0.00001852,0.00001854
8.673999,0.00001178,0.00001630,0.00001779,0.00001818,0.00001837,0.00001847,0.00001852,0.00001854
8.676000,0.00001178,0.00001630,0.00001779,0.00001818,0.00001837,0.00001847,0.00001852,0.00001854
8.677999,0.00001178,0.00001630,0.00001779,0.00001818,0.00001837,0.00001847,0.00001852,0.00001854
8.679999,0.00001178,0.00001630,0.00001780,0.00001818,0.00001837,0.00001847,0.00001852,0.00001854
8.681999,0.00001178,0.00001630,0.00001780,0.00001818,0.00001837,0.00001847,0.00001852,0.00001854
8.684000,0.00001178,0.00001630,0.00001780,0.00001819,0.00001838,0.00001847,0.00001852,0.00001854
8.686000,0.00001178,0.00001631,0.00001780,0.00001819,0.00001838,0.00001847,0.00001853,0.00001855
8.688000,0.00001178,0.00001631,0.00001780,0.00001819,0.00001838,0.00001847,0.00001853,0.00001855
8.690000,0.00001178,0.00001631,0.00001780,0.00001819,0.00001838,0.00001848,0.00001853,0.00001855
8.691999,0.00001178,0.00001631,0.00001780,0.00001819,0.00001838,0.00001848,0.00001853,0.00001855
8.693999,0.00001178,0.00001631,0.00001780,0.00001819,0.00001838,0.00001848,0.00001853,0.00001855
8.695999,0.00001178,0.00001631,0.00001780,0.00001819,0.00001838,0.00001848,0.00001853,0.00001855
8.697999,0.00001178,0.00001631,0.00001780,0.00001819,0.00001838,0.00001848,0.00001853,0.00001855
8.699999,0.00001179,0.00001631,0.00001781,0.00001819,0.00001838,0.00001848,0.00001853,0.00001855
8.701999,0.00001179,0.00001631,0.00001781,0.00001820,0.00001839,0.00001848,0.00001853,0.00001855
8.704000,0.00001179,0.00001631,0.00001781,0.00001820,0.00001839,0.00001848,0.00001854,0.00001856
8.705999,0.00001179,0.00001632,0.00001781,0.00001820,0.00001839,0.00001848,0.00001854,0.00001856
8.707999,0.00001179,0.00001632,0.00001781,0.00001820,0.00001839,0.00001849,0.00001854,0.00001856
8.709999,0.00001179,0.00001632,0.00001781,0.00001820,0.00001839,0.00001849,0.00001854,0.00001856
8.711999,0.00001179,0.00001632,0.00001781,0.00001820,0.00001839,0.00001849,0.00001854,0.00001856
8.714000,0.00001179,0.00001632,0.00001781,0.00001820,0.00001839,0.00001849,0.00001854,0.00001856
8.716000,0.00001179,0.00001632,0.00001781,0.00001820,0.00001839,0.00001849,0.00001854,0.00001856
8.717999,0.00001179,0.00001632,0.00001782,0.00001820,0.00001839,0.00001849,0.00001854,0.00001856
8.719999,0.00001179,0.00001632,0.00001782,0.00001821,0.00001840,0.00001849,0.00001854,0.00001856
8.721999,0.00001179,0.00001632,0.00001782,0.00001821,0.00001840,0.00001849,0.00001855,0.00001857
8.724000,0.00001179,0.00001633,0.00001782,0.00001821,0.00001840,0.00001849,0.00001855,0.00001857
8.726000,0.00001180,0.00001633,0.00001782,0.00001821,0.00001840,0.00001850,0.00001855,0.00001857
8.728000,0.00001180,0.00001633,0.00001782,0.00001821,0.00001840,0.00001850,0.00001855,0.00001857
8.730000,0.00001180,0.00001633,0.00001782,0.00001821,0.00001840,0.00001850,0.00001855,0.00001857
8.731999,0.00001180,0.00001633,0.00001782,0.00001821,0.00001840,0.00001850,0.00001855,0.00001857
8.733999,0.00001180,0.00001633,0.00001782,0.00001821,0.00001840,0.00001850,0.00001855,0.00001857
8.735999,0.00001180,0.00001633,0.00001783,0.00001821,0.00001840,0.00001850,0.00001855,0.00001857
8.737999,0.00001180,0.00001633,0.00001783,0.00001822,0.00001841,0.00001850,0.00001855,0.00001857
8.739999,0.00001180,0.00001633,0.00001783,0.00001822,0.00001841,0.00001850,0.00001856,0.00001858
8.741999,0.00001180,0.00001633,0.00001783,0.00001822,0.00001841,0.00001850,0.00001856,0.00001858
8.743999,0.00001180,0.00001634,0.00001783,0.00001822,0.00001841,0.00001851,0.00001856,0.00001858
8.745999,0.00001180,0.00001634,0.00001783,0.00001822,0.00001841,0.00001851,0.00001856,0.00001858
8.747999,0.00001180,0.00001634,0.00001783,0.00001822,0.00001841,0.00001851,0.00001856,0.00001858
8.749999,0.00001180,0.00001634,0.00001783,0.00001822,0.00001841,0.00001851,0.00001856,0.00001858
8.751999,0.00001181,0.00001634,0.00001783,0.00001822,0.00001841,0.00001851,0.00001856,0.00001858
8.754000,0.00001181,0.00001634,0.00001784,0.00001822,0.00001841,0.00001851,0.00001856,0.00001858
8.756000,0.00001181,0.00001634,0.00001784,0.00001823,0.00001842,0.00001851,0.00001856,0.00001858
8.757999,0.00001181,0.00001634,0.00001784,0.00001823,0.00001842,0.00001851,0.00001857,0.00001859
8.759999,0.00001181,0.00001634,0.00001784,0.00001823,0.00001842,0.00001851,0.00001857,0.00001859
8.762000,0.00001181,0.00001634,0.00001784,0.00001823,0.00001842,0.00001852,0.00001857,0.00001859
8.764000,0.00001181,0.00001635,0.00001784,0.00001823,0.00001842,0.00001852,0.00001857,0.00001859
8.766000,0.00001181,0.00001635,0.00001784,0.00001823,0.00001842,0.00001852,0.00001857,0.00001859
8.768000,0.00001181,0.00001635,0.00001784,0.00001823,0.00001842,0.00001852,0.00001857,0.00001859
8.770000,0.00001181,0.00001635,0.00001784,0.00001823,0.00001842,0.00001852,0.00001857,0.00001859
8.771999,0.00001181,0.00001635,0.00001785,0.00001823,0.00001842,0.00001852,0.00001857,0.00001859
8.773999,0.00001181,0.00001635,0.00001785,0.00001824,0.00001843,0.00001852,0.00001857,0.00001859
8.775999,0.00001181,0.00001635,0.00001785,0.00001824,0.00001843,0.00001852,0.00001858,0.00001860
8.777999,0.00001182,0.00001635,0.00001785,0.00001824,0.00001843,0.00001852,0.00001858,0.00001860
8.779999,0.00001182,0.00001635,0.00001785,0.00001824,0.00001843,0.00001853,0.00001858,0.00001860
8.782000,0.00001182,0.00001635,0.00001785,0.00001824,0.00001843,0.00001853,0.00001858,0.00001860
8.783999,0.00001182,0.00001636,0.00001785,0.00001824,0.00001843,0.00001853,0.00001858,0.00001860
8.785999,0.00001182,0.00001636,0.00001785,0.00001824,0.00001843,0.00001853,0.00001858,0.00001860
8.787999,0.00001182,0.00001636,0.00001785,0.00001824,0.00001843,0.00001853,0.00001858,0.00001860
8.789999,0.00001182,0.00001636,0.00001786,0.00001824,0.00001843,0.00001853,0.00001858,0.00001860
8.792000,0.00001182,0.00001636,0.00001786,0.00001825,0.00001843,0.00001853,0.00001858,0.00001860
8.794000,0.00001182,0.00001636,0.00001786,0.00001825,0.00001844,0.00001853,0.00001859,0.00001861
8.796000,0.00001182,0.00001636,0.00001786,0.00001825,0.00001844,0.00001853,0.00001859,0.00001861
8.797999,0.00001182,0.00001636,0.00001786,0.00001825,0.00001844,0.00001854,0.00001859,0.00001861
8.799999,0.00001182,0.00001636,0.00001786,0.00001825,0.00001844,0.00001854,0.00001859,0.00001861
8.802000,0.00001182,0.00001636,0.00001786,0.00001825,0.00001844,0.00001854,0.00001859,0.00001861
8.804000,0.00001183,0.00001637,0.00001786,0.00001825,0.00001844,0.00001854,0.00001859,0.00001861
8.806000,0.00001183,0.00001637,0.00001786,0.00001825,0.00001844,0.00001854,0.00001859,0.00001861
8.808000,0.00001183,0.00001637,0.00001786,0.00001825,0.00001844,0.00001854,0.00001859,0.00001861
8.809999,0.00001183,0.00001637,0.00001787,0.00001826,0.00001845,0.00001854,0.00001859,0.00001861
8.811999,0.00001183,0.00001637,0.00001787,0.00001826,0.00001845,0.00001854,0.00001860,0.00001862
8.813999,0.00001183,0.00001637,0.00001787,0.00001826,0.00001845,0.00001854,0.00001860,0.00001862
8.815999,0.00001183,0.00001637,0.00001787,0.00001826,0.00001845,0.00001855,0.00001860,0.00001862
8.817999,0.00001183,0.00001637,0.00001787,0.00001826,0.00001845,0.00001855,0.00001860,0.00001862
8.819999,0.00001183,0.00001637,0.00001787,0.00001826,0.00001845,0.00001855,0.00001860,0.00001862
8.822000,0.00001183,0.00001637,0.00001787,0.00001826,0.00001845,0.00001855,0.00001860,0.00001862
8.823999,0.00001183,0.00001638,0.00001787,0.00001826,0.00001845,0.00001855,0.00001860,0.00001862
8.825999,0.00001183,0.00001638,0.00001787,0.00001826,0.00001845,0.00001855,0.00001860,0.00001862
8.827999,0.00001183,0.00001638,0.00001788,0.00001827,0.00001845,0.00001855,0.00001860,0.00001862
8.829999,0.00001184,0.00001638,0.00001788,0.00001827,0.00001846,0.00001855,0.00001861,0.00001863
8.832000,0.00001184,0.00001638,0.00001788,0.00001827,0.00001846,0.00001855,0.00001861,0.00001863
8.834000,0.00001184,0.00001638,0.00001788,0.00001827,0.00001846,0.00001856,0.00001861,0.00001863
8.835999,0.00001184,0.00001638,0.00001788,0.00001827,0.00001846,0.00001856,0.00001861,0.00001863
8.837999,0.00001184,0.00001638,0.00001788,0.00001827,0.00001846,0.00001856,0.00001861,0.00001863
8.840000,0.00001184,0.00001638,0.00001788,0.00001827,0.00001846,0.00001856,0.00001861,0.00001863
8.842000,0.00001184,0.00001639,0.00001788,0.00001827,0.00001846,0.00001856,0.00001861,0.00001863
8.844000,0.00001184,0.00001639,0.00001788,0.00001827,0.00001846,0.00001856,0.00001861,0.00001863
8.846000,0.00001184,0.00001639,0.00001789,0.00001828,0.00001847,0.00001856,0.00001861,0.00001863
8.847999,0.00001184,0.00001639,0.00001789,0.00001828,0.00001847,0.00001856,0.00001862,0.00001864
8.849999,0.00001184,0.00001639,0.00001789,0.00001828,0.00001847,0.00001856,0.00001862,0.00001864
8.851999,0.00001184,0.00001639,0.00001789,0.00001828,0.00001847,0.00001857,0.00001862,0.00001864
8.853999,0.00001184,0.00001639,0.00001789,0.00001828,0.00001847,0.00001857,0.00001862,0.00001864
8.855999,0.00001185,0.00001639,0.00001789,0.00001828,0.00001847,0.00001857,0.00001862,0.00001864
8.857999,0.00001185,0.00001639,0.00001789,0.00001828,0.00001847,0.00001857,0.00001862,0.00001864
8.860000,0.00001185,0.00001639,0.00001789,0.00001828,0.00001847,0.00001857,0.00001862,0.00001864
8.862000,0.00001185,0.00001640,0.00001789,0.00001828,0.00001847,0.00001857,0.00001862,0.00001864
8.863999,0.00001185,0.00001640,0.00001790,0.00001828,0.00001848,0.00001857,0.00001862,0.00001864
8.865999,0.00001185,0.00001640,0.00001790,0.00001829,0.00001848,0.00001857,0.00001863,0.00001865
8.867999,0.00001185,0.00001640,0.00001790,0.00001829,0.00001848,0.00001857,0.00001863,0.00001865
8.870000,0.00001185,0.00001640,0.00001790,0.00001829,0.00001848,0.00001858,0.00001863,0.00001865
8.872000,0.00001185,0.00001640,0.00001790,0.00001829,0.00001848,0.00001858,0.00001863,0.00001865
8.874000,0.00001185,0.00001640,0.00001790,0.00001829,0.00001848,0.00001858,0.00001863,0.00001865
8.875999,0.00001185,0.00001640,0.00001790,0.00001829,0.00001848,0.00001858,0.00001863,0.00001865
8.877999,0.00001185,0.00001640,0.00001790,0.00001829,0.00001848,0.00001858,0.00001863,0.00001865
8.880000,0.00001185,0.00001640,0.00001790,0.00001829,0.00001848,0.00001858,0.00001863,0.00001865
8.882000,0.00001186,0.00001641,0.00001791,0.00001830,0.00001849,0.00001858,0.00001863,0.00001865
8.883999,0.00001186,0.00001641,0.00001791,0.00001830,0.00001849,0.00001858,0.00001864,0.00001866
8.885999,0.00001186,0.00001641,0.00001791,0.00001830,0.00001849,0.00001858,0.00001864,0.00001866
8.887999,0.00001186,0.00001641,0.00001791,0.00001830,0.00001849,0.00001859,0.00001864,0.00001866
8.889999,0.00001186,0.00001641,0.00001791,0.00001830,0.00001849,0.00001859,0.00001864,0.00001866
8.891999,0.00001186,0.00001641,0.00001791,0.00001830,0.00001849,0.00001859,0.00001864,0.00001866
8.893999,0.00001186,0.00001641,0.00001791,0.00001830,0.00001849,0.00001859,0.00001864,0.00001866
8.895999,0.00001186,0.00001641,0.00001791,0.00001830,0.00001849,0.00001859,0.00001864,0.00001866
8.897999,0.00001186,0.00001641,0.00001791,0.00001830,0.00001849,0.00001859,0.00001864,0.00001866
8.900000,0.00001186,0.00001641,0.00001792,0.00001830,0.00001850,0.00001859,0.00001864,0.00001866
8.901999,0.00001186,0.00001642,0.00001792,0.00001831,0.00001850,0.00001859,0.00001865,0.00001867
8.903999,0.00001186,0.00001642,0.00001792,0.00001831,0.00001850,0.00001859,0.00001865,0.00001867
8.905999,0.00001186,0.00001642,0.00001792,0.00001831,0.00001850,0.00001860,0.00001865,0.00001867
8.908000,0.00001187,0.00001642,0.00001792,0.00001831,0.00001850,0.00001860,0.00001865,0.00001867
8.910000,0.00001187,0.00001642,0.00001792,0.00001831,0.00001850,0.00001860,0.00001865,0.00001867
8.912000,0.00001187,0.00001642,0.00001792,0.00001831,0.00001850,0.00001860,0.00001865,0.00001867
8.914000,0.00001187,0.00001642,0.00001792,0.00001831,0.00001850,0.00001860,0.00001865,0.00001867
8.915999,0.00001187,0.00001642,0.00001792,0.00001831,0.00001850,0.00001860,0.00001865,0.00001867
8.917999,0.00001187,0.00001642,0.00001792,0.00001831,0.00001851,0.00001860,0.00001865,0.00001868
8.919999,0.00001187,0.00001642,0.00001793,0.00001832,0.00001851,0.00001860,0.00001866,0.00001868
8.921999,0.00001187,0.00001643,0.00001793,0.00001832,0.00001851,0.00001860,0.00001866,0.00001868
8.923999,0.00001187,0.00001643,0.00001793,0.00001832,0.00001851,0.00001861,0.00001866,0.00001868
8.925999,0.00001187,0.00001643,0.00001793,0.00001832,0.00001851,0.00001861,0.00001866,0.00001868
8.927999,0.00001187,0.00001643,0.00001793,0.00001832,0.00001851,0.00001861,0.00001866,0.00001868
8.929999,0.00001187,0.00001643,0.00001793,0.00001832,0.00001851,0.00001861,0.00001866,0.00001868
8.931999,0.00001187,0.00001643,0.00001793,0.00001832,0.00001851,0.00001861,0.00001866,0.00001868
8.933999,0.00001188,0.00001643,0.00001793,0.00001832,0.00001851,0.00001861,0.00001866,0.00001868
8.935999,0.00001188,0.00001643,0.00001793,0.00001833,0.00001852,0.00001861,0.00001866,0.00001869
8.938000,0.00001188,0.00001643,0.00001794,0.00001833,0.00001852,0.00001861,0.00001867,0.00001869
8.940000,0.00001188,0.00001644,0.00001794,0.00001833,0.00001852,0.00001861,0.00001867,0.00001869
8.941999,0.00001188,0.00001644,0.00001794,0.00001833,0.00001852,0.00001862,0.00001867,0.00001869
8.943999,0.00001188,0.00001644,0.00001794,0.00001833,0.00001852,0.00001862,0.00001867,0.00001869
8.945999,0.00001188,0.00001644,0.00001794,0.00001833,0.00001852,0.00001862,0.00001867,0.00001869
8.948000,0.00001188,0.00001644,0.00001794,0.00001833,0.00001852,0.00001862,0.00001867,0.00001869
8.950000,0.00001188,0.00001644,0.00001794,0.00001833,0.00001852,0.00001862,0.00001867,0.00001869
8.952000,0.00001188,0.00001644,0.00001794,0.00001833,0.00001852,0.00001862,0.00001867,0.00001869
8.954000,0.00001188,0.00001644,0.00001794,0.00001833,0.00001853,0.00001862,0.00001867,0.00001870
8.955999,0.00001188,0.00001644,0.00001795,0.00001834,0.00001853,0.00001862,0.00001868,0.00001870
8.957999,0.00001189,0.00001644,0.00001795,0.00001834,0.00001853,0.00001862,0.00001868,0.00001870
8.959999,0.00001189,0.00001645,0.00001795,0.00001834,0.00001853,0.00001863,0.00001868,0.00001870
8.961999,0.00001189,0.00001645,0.00001795,0.00001834,0.00001853,0.00001863,0.00001868,0.00001870
8.963999,0.00001189,0.00001645,0.00001795,0.00001834,0.00001853,0.00001863,0.00001868,0.00001870
8.965999,0.00001189,0.00001645,0.00001795,0.00001834,0.00001853,0.00001863,0.00001868,0.00001870
8.967999,0.00001189,0.00001645,0.00001795,0.00001834,0.00001853,0.00001863,0.00001868,0.00001870
8.969999,0.00001189,0.00001645,0.00001795,0.00001834,0.00001853,0.00001863,0.00001868,0.00001870
8.971999,0.00001189,0.00001645,0.00001795,0.00001835,0.00001854,0.00001863,0.00001869,0.00001871
8.973999,0.00001189,0.00001645,0.00001796,0.00001835,0.00001854,0.00001863,0.00001869,0.00001871
8.975999,0.00001189,0.00001645,0.00001796,0.00001835,0.00001854,0.00001863,0.00001869,0.00001871
8.978000,0.00001189,0.00001645,0.00001796,0.00001835,0.00001854,0.00001864,0.00001869,0.00001871
8.980000,0.00001189,0.00001646,0.00001796,0.00001835,0.00001854,0.00001864,0.00001869,0.00001871
8.981999,0.00001189,0.00001646,0.00001796,0.00001835,0.00001854,0.00001864,0.00001869,0.00001871
8.983999,0.00001190,0.00001646,0.00001796,0.00001835,0.00001854,0.00001864,0.00001869,0.00001871
8.986000,0.00001190,0.00001646,0.00001796,0.00001835,0.00001854,0.00001864,0.00001869,0.00001871
8.988000,0.00001190,0.00001646,0.00001796,0.00001835,0.00001854,0.00001864,0.00001869,0.00001871
8.990000,0.00001190,0.00001646,0.00001796,0.00001835,0.00001855,0.00001864,0.00001870,0.00001872
8.992000,0.00001190,0.00001646,0.00001797,0.00001836,0.00001855,0.00001864,0.00001870,0.00001872
8.993999,0.00001190,0.00001646,0.00001797,0.00001836,0.00001855,0.00001864,0.00001870,0.00001872
8.995999,0.00001190,0.00001646,0.00001797,0.00001836,0.00001855,0.00001865,0.00001870,0.00001872
8.997999,0.00001190,0.00001646,0.00001797,0.00001836,0.00001855,0.00001865,0.00001870,0.00001872
8.999999,0.00001190,0.00001647,0.00001797,0.00001836,0.00001855,0.00001865,0.00001870,0.00001872
9.001999,0.00001190,0.00001647,0.00001797,0.00001836,0.00001855,0.00001865,0.00001870,0.00001872
9.003999,0.00001190,0.00001647,0.00001797,0.00001836,0.00001855,0.00001865,0.00001870,0.00001872
9.006000,0.00001190,0.00001647,0.00001797,0.00001836,0.00001855,0.00001865,0.00001870,0.00001872
9.007999,0.00001190,0.00001647,0.00001797,0.00001837,0.00001856,0.00001865,0.00001871,0.00001873
9.009999,0.00001191,0.00001647,0.00001798,0.00001837,0.00001856,0.00001865,0.00001871,0.00001873
9.011999,0.00001191,0.00001647,0.00001798,0.00001837,0.00001856,0.00001866,0.00001871,0.00001873
9.013999,0.00001191,0.00001647,0.00001798,0.00001837,0.00001856,0.00001866,0.00001871,0.00001873
9.016000,0.00001191,0.00001647,0.00001798,0.00001837,0.00001856,0.00001866,0.00001871,0.00001873
9.018000,0.00001191,0.00001648,0.00001798,0.00001837,0.00001856,0.00001866,0.00001871,0.00001873
9.020000,0.00001191,0.00001648,0.00001798,0.00001837,0.00001856,0.00001866,0.00001871,0.00001873
9.021999,0.00001191,0.00001648,0.00001798,0.00001837,0.00001856,0.00001866,0.00001871,0.00001873
9.023999,0.00001191,0.00001648,0.00001798,0.00001837,0.00001856,0.00001866,0.00001871,0.00001873
9.026000,0.00001191,0.00001648,0.00001798,0.00001838,0.00001857,0.00001866,0.00001872,0.00001874
9.028000,0.00001191,0.00001648,0.00001799,0.00001838,0.00001857,0.00001866,0.00001872,0.00001874
9.030000,0.00001191,0.00001648,0.00001799,0.00001838,0.00001857,0.00001867,0.00001872,0.00001874
9.032000,0.00001191,0.00001648,0.00001799,0.00001838,0.00001857,0.00001867,0.00001872,0.00001874
9.033999,0.00001191,0.00001648,0.00001799,0.00001838,0.00001857,0.00001867,0.00001872,0.00001874
9.035999,0.00001192,0.00001648,0.00001799,0.00001838,0.00001857,0.00001867,0.00001872,0.00001874
9.037999,0.00001192,0.00001649,0.00001799,0.00001838,0.00001857,0.00001867,0.00001872,0.00001874
9.039999,0.00001192,0.00001649,0.00001799,0.00001838,0.00001857,0.00001867,0.00001872,0.00001874
9.041999,0.00001192,0.00001649,0.00001799,0.00001838,0.00001857,0.00001867,0.00001872,0.00001874
9.043999,0.00001192,0.00001649,0.00001799,0.00001839,0.00001858,0.00001867,0.00001873,0.00001875
9.046000,0.00001192,0.00001649,0.00001800,0.00001839,0.00001858,0.00001867,0.00001873,0.00001875
9.047999,0.00001192,0.00001649,0.00001800,0.00001839,0.00001858,0.00001868,0.00001873,0.00001875
9.049999,0.00001192,0.00001649,0.00001800,0.00001839,0.00001858,0.00001868,0.00001873,0.00001875
9.051999,0.00001192,0.00001649,0.00001800,0.00001839,0.00001858,0.00001868,0.00001873,0.00001875
9.053999,0.00001192,0.00001649,0.00001800,0.00001839,0.00001858,0.00001868,0.00001873,0.00001875
9.056000,0.00001192,0.00001649,0.00001800,0.00001839,0.00001858,0.00001868,0.00001873,0.00001875
9.058000,0.00001192,0.00001650,0.00001800,0.00001839,0.00001858,0.00001868,0.00001873,0.00001875
9.059999,0.00001192,0.00001650,0.00001800,0.00001839,0.00001858,0.00001868,0.00001873,0.00001875
9.061999,0.00001193,0.00001650,0.00001800,0.00001840,0.00001859,0.00001868,0.00001874,0.00001876
9.064000,0.00001193,0.00001650,0.00001801,0.00001840,0.00001859,0.00001868,0.00001874,0.00001876
9.066000,0.00001193,0.00001650,0.00001801,0.00001840,0.00001859,0.00001869,0.00001874,0.00001876
9.068000,0.00001193,0.00001650,0.00001801,0.00001840,0.00001859,0.00001869,0.00001874,0.00001876
9.070000,0.00001193,0.00001650,0.00001801,0.00001840,0.00001859,0.00001869,0.00001874,0.00001876
9.071999,0.00001193,0.00001650,0.00001801,0.00001840,0.00001859,0.00001869,0.00001874,0.00001876
9.073999,0.00001193,0.00001650,0.00001801,0.00001840,0.00001859,0.00001869,0.00001874,0.00001876
9.075999,0.00001193,0.00001650,0.00001801,0.00001840,0.00001859,0.00001869,0.00001874,0.00001876
9.077999,0.00001193,0.00001651,0.00001801,0.00001840,0.00001859,0.00001869,0.00001874,0.00001877
9.079999,0.00001193,0.00001651,0.00001801,0.00001841,0.00001860,0.00001869,0.00001875,0.00001877
9.081999,0.00001193,0.00001651,0.00001801,0.00001841,0.00001860,0.00001869,0.00001875,0.00001877
9.084000,0.00001193,0.00001651,0.00001802,0.00001841,0.00001860,0.00001870,0.00001875,0.00001877
9.085999,0.00001193,0.00001651,0.00001802,0.00001841,0.00001860,0.00001870,0.00001875,0.00001877
9.087999,0.00001194,0.00001651,0.00001802,0.00001841,0.00001860,0.00001870,0.00001875,0.00001877
9.089999,0.00001194,0.00001651,0.00001802,0.00001841,0.00001860,0.00001870,0.00001875,0.00001877
9.091999,0.00001194,0.00001651,0.00001802,0.00001841,0.00001860,0.00001870,0.00001875,0.00001877
9.094000,0.00001194,0.00001651,0.00001802,0.00001841,0.00001860,0.00001870,0.00001875,0.00001877
9.096000,0.00001194,0.00001652,0.00001802,0.00001841,0.00001860,0.00001870,0.00001875,0.00001878
9.098000,0.00001194,0.00001652,0.00001802,0.00001842,0.00001861,0.00001870,0.00001876,0.00001878
9.099999,0.00001194,0.00001652,0.00001802,0.00001842,0.00001861,0.00001870,0.00001876,0.00001878
9.101999,0.00001194,0.00001652,0.00001803,0.00001842,0.00001861,0.00001871,0.00001876,0.00001878
9.104000,0.00001194,0.00001652,0.00001803,0.00001842,0.00001861,0.00001871,0.00001876,0.00001878
9.106000,0.00001194,0.00001652,0.00001803,0.00001842,0.00001861,0.00001871,0.00001876,0.00001878
9.107999,0.00001194,0.00001652,0.00001803,0.00001842,0.00001861,0.00001871,0.00001876,0.00001878
9.109999,0.00001194,0.00001652,0.00001803,0.00001842,0.00001861,0.00001871,0.00001876,0.00001878
9.111999,0.00001194,0.00001652,0.00001803,0.00001842,0.00001861,0.00001871,0.00001876,0.00001878
9.113999,0.00001195,0.00001652,0.00001803,0.00001842,0.00001862,0.00001871,0.00001877,0.00001879
9.115999,0.00001195,0.00001653,0.00001803,0.00001843,0.00001862,0.00001871,0.00001877,0.00001879
9.117999,0.00001195,0.00001653,0.00001803,0.00001843,0.00001862,0.00001871,0.00001877,0.00001879
9.119999,0.00001195,0.00001653,0.00001804,0.00001843,0.00001862,0.00001872,0.00001877,0.00001879
9.121999,0.00001195,0.00001653,0.00001804,0.00001843,0.00001862,0.00001872,0.00001877,0.00001879
9.124000,0.00001195,0.00001653,0.00001804,0.00001843,0.00001862,0.00001872,0.00001877,0.00001879
9.125999,0.00001195,0.00001653,0.00001804,0.00001843,0.00001862,0.00001872,0.00001877,0.00001879
9.127999,0.00001195,0.00001653,0.00001804,0.00001843,0.00001862,0.00001872,0.00001877,0.00001879
9.129999,0.00001195,0.00001653,0.00001804,0.00001843,0.00001862,0.00001872,0.00001877,0.00001879
9.132000,0.00001195,0.00001653,0.00001804,0.00001843,0.00001863,0.00001872,0.00001878,0.00001880
9.134000,0.00001195,0.00001654,0.00001804,0.00001844,0.00001863,0.00001872,0.00001878,0.00001880
9.136000,0.00001195,0.00001654,0.00001804,0.00001844,0.00001863,0.00001873,0.00001878,0.00001880
9.138000,0.00001196,0.00001654,0.00001805,0.00001844,0.00001863,0.00001873,0.00001878,0.00001880
9.139999,0.00001196,0.00001654,0.00001805,0.00001844,0.00001863,0.00001873,0.00001878,0.00001880
9.142000,0.00001196,0.00001654,0.00001805,0.00001844,0.00001863,0.00001873,0.00001878,0.00001880
9.143999,0.00001196,0.00001654,0.00001805,0.00001844,0.00001863,0.00001873,0.00001878,0.00001880
9.145999,0.00001196,0.00001654,0.00001805,0.00001844,0.00001863,0.00001873,0.00001878,0.00001880
9.147999,0.00001196,0.00001654,0.00001805,0.00001844,0.00001863,0.00001873,0.00001878,0.00001880
9.149999,0.00001196,0.00001654,0.00001805,0.00001844,0.00001864,0.00001873,0.00001879,0.00001881
9.151999,0.00001196,0.00001654,0.00001805,0.00001845,0.00001864,0.00001873,0.00001879,0.00001881
9.153999,0.00001196,0.00001655,0.00001805,0.00001845,0.00001864,0.00001874,0.00001879,0.00001881
9.155999,0.00001196,0.00001655,0.00001806,0.00001845,0.00001864,0.00001874,0.00001879,0.00001881
9.157999,0.00001196,0.00001655,0.00001806,0.00001845,0.00001864,0.00001874,0.00001879,0.00001881
9.159999,0.00001196,0.00001655,0.00001806,0.00001845,0.00001864,0.00001874,0.00001879,0.00001881
9.162000,0.00001196,0.00001655,0.00001806,0.00001845,0.00001864,0.00001874,0.00001879,0.00001881
9.164000,0.00001197,0.00001655,0.00001806,0.00001845,0.00001864,0.00001874,0.00001879,0.00001881
9.165999,0.00001197,0.00001655,0.00001806,0.00001845,0.00001864,0.00001874,0.00001879,0.00001881
9.167999,0.00001197,0.00001655,0.00001806,0.00001845,0.00001865,0.00001874,0.00001880,0.00001882
9.169999,0.00001197,0.00001655,0.00001806,0.00001846,0.00001865,0.00001874,0.00001880,0.00001882
9.172000,0.00001197,0.00001655,0.00001806,0.00001846,0.00001865,0.00001875,0.00001880,0.00001882
9.174000,0.00001197,0.00001656,0.00001807,0.00001846,0.00001865,0.00001875,0.00001880,0.00001882
9.176000,0.00001197,0.00001656,0.00001807,0.00001846,0.00001865,0.00001875,0.00001880,0.00001882
9.177999,0.00001197,0.00001656,0.00001807,0.00001846,0.00001865,0.00001875,0.00001880,0.00001882
9.179999,0.00001197,0.00001656,0.00001807,0.00001846,0.00001865,0.00001875,0.00001880,0.00001882
9.181999,0.00001197,0.00001656,0.00001807,0.00001846,0.00001865,0.00001875,0.00001880,0.00001882
9.183999,0.00001197,0.00001656,0.00001807,0.00001846,0.00001865,0.00001875,0.00001880,0.00001883
9.185999,0.00001197,0.00001656,0.00001807,0.00001846,0.00001866,0.00001875,0.00001881,0.00001883
9.187999,0.00001197,0.00001656,0.00001807,0.00001847,0.00001866,0.00001875,0.00001881,0.00001883
9.189999,0.00001198,0.00001656,0.00001807,0.00001847,0.00001866,0.00001876,0.00001881,0.00001883
9.191999,0.00001198,0.00001657,0.00001808,0.00001847,0.00001866,0.00001876,0.00001881,0.00001883
9.193999,0.00001198,0.00001657,0.00001808,0.00001847,0.00001866,0.00001876,0.00001881,0.00001883
9.195999,0.00001198,0.00001657,0.00001808,0.00001847,0.00001866,0.00001876,0.00001881,0.00001883
9.197999,0.00001198,0.00001657,0.00001808,0.00001847,0.00001866,0.00001876,0.00001881,0.00001883
9.199999,0.00001198,0.00001657,0.00001808,0.00001847,0.00001866,0.00001876,0.00001881,0.00001883
9.202000,0.00001198,0.00001657,0.00001808,0.00001847,0.00001866,0.00001876,0.00001881,0.00001884
9.204000,0.00001198,0.00001657,0.00001808,0.00001847,0.00001867,0.00001876,0.00001882,0.00001884
9.205999,0.00001198,0.00001657,0.00001808,0.00001848,0.00001867,0.00001876,0.00001882,0.00001884
9.207999,0.00001198,0.00001657,0.00001808,0.00001848,0.00001867,0.00001877,0.00001882,0.00001884
9.210000,0.00001198,0.00001657,0.00001809,0.00001848,0.00001867,0.00001877,0.00001882,0.00001884
9.212000,0.00001198,0.00001658,0.00001809,0.00001848,0.00001867,0.00001877,0.00001882,0.00001884
9.214000,0.00001198,0.00001658,0.00001809,0.00001848,0.00001867,0.00001877,0.00001882,0.00001884
9.216000,0.00001199,0.00001658,0.00001809,0.00001848,0.00001867,0.00001877,0.00001882,0.00001884
9.217999,0.00001199,0.00001658,0.00001809,0.00001848,0.00001867,0.00001877,0.00001882,0.00001884
9.219999,0.00001199,0.00001658,0.00001809,0.00001848,0.00001867,0.00001877,0.00001883,0.00001885
9.221999,0.00001199,0.00001658,0.00001809,0.00001848,0.00001868,0.00001877,0.00001883,0.00001885
9.223999,0.00001199,0.00001658,0.00001809,0.00001849,0.00001868,0.00001877,0.00001883,0.00001885
9.225999,0.00001199,0.00001658,0.00001809,0.00001849,0.00001868,0.00001878,0.00001883,0.00001885
9.227999,0.00001199,0.00001658,0.00001810,0.00001849,0.00001868,0.00001878,0.00001883,0.00001885
9.230000,0.00001199,0.00001658,0.00001810,0.00001849,0.00001868,0.00001878,0.00001883,0.00001885
9.231999,0.00001199,0.00001659,0.00001810,0.00001849,0.00001868,0.00001878,0.00001883,0.00001885
9.233999,0.00001199,0.00001659,0.00001810,0.00001849,0.00001868,0.00001878,0.00001883,0.00001885
9.235999,0.00001199,0.00001659,0.00001810,0.00001849,0.00001868,0.00001878,0.00001883,0.00001885
9.237999,0.00001199,0.00001659,0.00001810,0.00001849,0.00001869,0.00001878,0.00001884,0.00001886
9.240000,0.00001200,0.00001659,0.00001810,0.00001850,0.00001869,0.00001878,0.00001884,0.00001886
9.242000,0.00001200,0.00001659,0.00001810,0.00001850,0.00001869,0.00001879,0.00001884,0.00001886
9.243999,0.00001200,0.00001659,0.00001810,0.00001850,0.00001869,0.00001879,0.00001884,0.00001886
9.245999,0.00001200,0.00001659,0.00001811,0.00001850,0.00001869,0.00001879,0.00001884,0.00001886
9.247999,0.00001200,0.00001659,0.00001811,0.00001850,0.00001869,0.00001879,0.00001884,0.00001886
9.250000,0.00001200,0.00001660,0.00001811,0.00001850,0.00001869,0.00001879,0.00001884,0.00001886
9.252000,0.00001200,0.00001660,0.00001811,0.00001850,0.00001869,0.00001879,0.00001884,0.00001886
9.254000,0.00001200,0.00001660,0.00001811,0.00001850,0.00001869,0.00001879,0.00001884,0.00001886
9.256000,0.00001200,0.00001660,0.00001811,0.00001850,0.00001870,0.00001879,0.00001885,0.00001887
9.257999,0.00001200,0.00001660,0.00001811,0.00001851,0.00001870,0.00001879,0.00001885,0.00001887
9.259999,0.00001200,0.00001660,0.00001811,0.00001851,0.00001870,0.00001880,0.00001885,0.00001887
9.261999,0.00001200,0.00001660,0.00001811,0.00001851,0.00001870,0.00001880,0.00001885,0.00001887
9.263999,0.00001200,0.00001660,0.00001812,0.00001851,0.00001870,0.00001880,0.00001885,0.00001887
9.265999,0.00001201,0.00001660,0.00001812,0.00001851,0.00001870,0.00001880,0.00001885,0.00001887
9.267999,0.00001201,0.00001660,0.00001812,0.00001851,0.00001870,0.00001880,0.00001885,0.00001887
9.270000,0.00001201,0.00001661,0.00001812,0.00001851,0.00001870,0.00001880,0.00001885,0.00001887
9.271999,0.00001201,0.00001661,0.00001812,0.00001851,0.00001870,0.00001880,0.00001885,0.00001888
9.273999,0.00001201,0.00001661,0.00001812,0.00001851,0.00001871,0.00001880,0.00001886,0.00001888
9.275999,0.00001201,0.00001661,0.00001812,0.00001852,0.00001871,0.00001880,0.00001886,0.00001888
9.277999,0.00001201,0.00001661,0.00001812,0.00001852,0.00001871,0.00001881,0.00001886,0.00001888
9.280000,0.00001201,0.00001661,0.00001812,0.00001852,0.00001871,0.00001881,0.00001886,0.00001888
9.282000,0.00001201,0.00001661,0.00001813,0.00001852,0.00001871,0.00001881,0.00001886,0.00001888
9.283999,0.00001201,0.00001661,0.00001813,0.00001852,0.00001871,0.00001881,0.00001886,0.00001888
9.285999,0.00001201,0.00001661,0.00001813,0.00001852,0.00001871,0.00001881,0.00001886,0.00001888
9.288000,0.00001201,0.00001661,0.00001813,0.00001852,0.00001871,0.00001881,0.00001886,0.00001888
9.290000,0.00001201,0.00001662,0.00001813,0.00001852,0.00001871,0.00001881,0.00001886,0.00001889
9.292000,0.00001202,0.00001662,0.00001813,0.00001852,0.00001872,0.00001881,0.00001887,0.00001889
9.294000,0.00001202,0.00001662,0.00001813,0.00001853,0.00001872,0.00001881,0.00001887,0.00001889
9.296000,0.00001202,0.00001662,0.00001813,0.00001853,0.00001872,0.00001882,0.00001887,0.00001889
9.297999,0.00001202,0.00001662,0.00001813,0.00001853,0.00001872,0.00001882,0.00001887,0.00001889
9.299999,0.00001202,0.00001662,0.00001814,0.00001853,0.00001872,0.00001882,0.00001887,0.00001889
9.301999,0.00001202,0.00001662,0.00001814,0.00001853,0.00001872,0.00001882,0.00001887,0.00001889
9.303999,0.00001202,0.00001662,0.00001814,0.00001853,0.00001872,0.00001882,0.00001887,0.00001889
9.305999,0.00001202,0.00001662,0.00001814,0.00001853,0.00001872,0.00001882,0.00001887,0.00001889
9.308000,0.00001202,0.00001663,0.00001814,0.00001853,0.00001872,0.00001882,0.00001888,0.00001890
9.309999,0.00001202,0.00001663,0.00001814,0.00001853,0.00001873,0.00001882,0.00001888,0.00001890
9.311999,0.00001202,0.00001663,0.00001814,0.00001854,0.00001873,0.00001882,0.00001888,0.00001890
9.313999,0.00001202,0.00001663,0.00001814,0.00001854,0.00001873,0.00001883,0.00001888,0.00001890
9.315999,0.00001203,0.00001663,0.00001814,0.00001854,0.00001873,0.00001883,0.00001888,0.00001890
9.318000,0.00001203,0.00001663,0.00001815,0.00001854,0.00001873,0.00001883,0.00001888,0.00001890
9.320000,0.00001203,0.00001663,0.00001815,0.00001854,0.00001873,0.00001883,0.00001888,0.00001890
9.322000,0.00001203,0.00001663,0.00001815,0.00001854,0.00001873,0.00001883,0.00001888,0.00001890
9.323999,0.00001203,0.00001663,0.00001815,0.00001854,0.00001873,0.00001883,0.00001888,0.00001890
9.325999,0.00001203,0.00001663,0.00001815,0.00001854,0.00001874,0.00001883,0.00001889,0.00001891
9.328000,0.00001203,0.00001664,0.00001815,0.00001854,0.00001874,0.00001883,0.00001889,0.00001891
9.330000,0.00001203,0.00001664,0.00001815,0.00001855,0.00001874,0.00001884,0.00001889,0.00001891
9.331999,0.00001203,0.00001664,0.00001815,0.00001855,0.00001874,0.00001884,0.00001889,0.00001891
9.333999,0.00001203,0.00001664,0.00001815,0.00001855,0.00001874,0.00001884,0.00001889,0.00001891
9.335999,0.00001203,0.00001664,0.00001816,0.00001855,0.00001874,0.00001884,0.00001889,0.00001891
9.337999,0.00001203,0.00001664,0.00001816,0.00001855,0.00001874,0.00001884,0.00001889,0.00001891
9.339999,0.00001203,0.00001664,0.00001816,0.00001855,0.00001874,0.00001884,0.00001889,0.00001891
9.341999,0.00001204,0.00001664,0.00001816,0.00001855,0.00001874,0.00001884,0.00001889,0.00001891
9.343999,0.00001204,0.00001664,0.00001816,0.00001855,0.00001875,0.00001884,0.00001890,0.00001892
9.345999,0.00001204,0.00001665,0.00001816,0.00001855,0.00001875,0.00001884,0.00001890,0.00001892
9.348000,0.00001204,0.00001665,0.00001816,0.00001856,0.00001875,0.00001885,0.00001890,0.00001892
9.349999,0.00001204,0.00001665,0.00001816,0.00001856,0.00001875,0.00001885,0.00001890,0.00001892
9.351999,0.00001204,0.00001665,0.00001816,0.00001856,0.00001875,0.00001885,0.00001890,0.00001892
9.353999,0.00001204,0.00001665,0.00001817,0.00001856,0.00001875,0.00001885,0.00001890,0.00001892
9.355999,0.00001204,0.00001665,0.00001817,0.00001856,0.00001875,0.00001885,0.00001890,0.00001892
9.358000,0.00001204,0.00001665,0.00001817,0.00001856,0.00001875,0.00001885,0.00001890,0.00001892
9.360000,0.00001204,0.00001665,0.00001817,0.00001856,0.00001875,0.00001885,0.00001890,0.00001893
9.362000,0.00001204,0.00001665,0.00001817,0.00001856,0.00001876,0.00001885,0.00001891,0.00001893
9.363999,0.00001204,0.00001665,0.00001817,0.00001857,0.00001876,0.00001885,0.00001891,0.00001893
9.366000,0.00001204,0.00001666,0.00001817,0.00001857,0.00001876,0.00001886,0.00001891,0.00001893
9.367999,0.00001205,0.00001666,0.00001817,0.00001857,0.00001876,0.00001886,0.00001891,0.00001893
9.369999,0.00001205,0.00001666,0.00001817,0.00001857,0.00001876,0.00001886,0.00001891,0.00001893
9.371999,0.00001205,0.00001666,0.00001818,0.00001857,0.00001876,0.00001886,0.00001891,0.00001893
9.373999,0.00001205,0.00001666,0.00001818,0.00001857,0.00001876,0.00001886,0.00001891,0.00001893
9.375999,0.00001205,0.00001666,0.00001818,0.00001857,0.00001876,0.00001886,0.00001891,0.00001893
9.377999,0.00001205,0.00001666,0.00001818,0.00001857,0.00001876,0.00001886,0.00001892,0.00001894
9.379999,0.00001205,0.00001666,0.00001818,0.00001857,0.00001877,0.00001886,0.00001892,0.00001894
9.381999,0.00001205,0.00001666,0.00001818,0.00001858,0.00001877,0.00001886,0.00001892,0.00001894
9.383999,0.00001205,0.00001666,0.00001818,0.00001858,0.00001877,0.00001887,0.00001892,0.00001894
9.386000,0.00001205,0.00001667,0.00001818,0.00001858,0.00001877,0.00001887,0.00001892,0.00001894
9.388000,0.00001205,0.00001667,0.00001818,0.00001858,0.00001877,0.00001887,0.00001892,0.00001894
9.389999,0.00001205,0.00001667,0.00001819,0.00001858,0.00001877,0.00001887,0.00001892,0.00001894
9.391999,0.00001206,0.00001667,0.00001819,0.00001858,0.00001877,0.00001887,0.00001892,0.00001894
9.393999,0.00001206,0.00001667,0.00001819,0.00001858,0.00001877,0.00001887,0.00001892,0.00001894
9.396000,0.00001206,0.00001667,0.00001819,0.00001858,0.00001877,0.00001887,0.00001893,0.00001895
9.398000,0.00001206,0.00001667,0.00001819,0.00001858,0.00001878,0.00001887,0.00001893,0.00001895
9.400000,0.00001206,0.00001667,0.00001819,0.00001859,0.00001878,0.00001888,0.00001893,0.00001895
9.401999,0.00001206,0.00001667,0.00001819,0.00001859,0.00001878,0.00001888,0.00001893,0.00001895
9.403999,0.00001206,0.00001668,0.00001819,0.00001859,0.00001878,0.00001888,0.00001893,0.00001895
9.405999,0.00001206,0.00001668,0.00001820,0.00001859,0.00001878,0.00001888,0.00001893,0.00001895
9.407999,0.00001206,0.00001668,0.00001820,0.00001859,0.00001878,0.00001888,0.00001893,0.00001895
9.409999,0.00001206,0.00001668,0.00001820,0.00001859,0.00001878,0.00001888,0.00001893,0.00001895
9.411999,0.00001206,0.00001668,0.00001820,0.00001859,0.00001878,0.00001888,0.00001893,0.00001895
9.413999,0.00001206,0.00001668,0.00001820,0.00001859,0.00001879,0.00001888,0.00001894,0.00001896
9.415999,0.00001206,0.00001668,0.00001820,0.00001859,0.00001879,0.00001888,0.00001894,0.00001896
9.417999,0.00001207,0.00001668,0.00001820,0.00001860,0.00001879,0.00001889,0.00001894,0.00001896
9.419999,0.00001207,0.00001668,0.00001820,0.00001860,0.00001879,0.00001889,0.00001894,0.00001896
9.421999,0.00001207,0.00001668,0.00001820,0.00001860,0.00001879,0.00001889,0.00001894,0.00001896
9.423999,0.00001207,0.00001669,0.00001821,0.00001860,0.00001879,0.00001889,0.00001894,0.00001896
9.426000,0.00001207,0.00001669,0.00001821,0.00001860,0.00001879,0.00001889,0.00001894,0.00001896
9.427999,0.00001207,0.00001669,0.00001821,0.00001860,0.00001879,0.00001889,0.00001894,0.00001896
9.429999,0.00001207,0.00001669,0.00001821,0.00001860,0.00001879,0.00001889,0.00001894,0.00001897
9.431999,0.00001207,0.00001669,0.00001821,0.00001860,0.00001880,0.00001889,0.00001895,0.00001897
9.434000,0.00001207,0.00001669,0.00001821,0.00001860,0.00001880,0.00001889,0.00001895,0.00001897
9.436000,0.00001207,0.00001669,0.00001821,0.00001861,0.00001880,0.00001890,0.00001895,0.00001897
9.438000,0.00001207,0.00001669,0.00001821,0.00001861,0.00001880,0.00001890,0.00001895,0.00001897
9.440000,0.00001207,0.00001669,0.00001821,0.00001861,0.00001880,0.00001890,0.00001895,0.00001897
9.441999,0.00001208,0.00001670,0.00001822,0.00001861,0.00001880,0.00001890,0.00001895,0.00001897
9.443999,0.00001208,0.00001670,0.00001822,0.00001861,0.00001880,0.00001890,0.00001895,0.00001897
9.445999,0.00001208,0.00001670,0.00001822,0.00001861,0.00001880,0.00001890,0.00001895,0.00001897
9.447999,0.00001208,0.00001670,0.00001822,0.00001861,0.00001880,0.00001890,0.00001896,0.00001898
9.449999,0.00001208,0.00001670,0.00001822,0.00001861,0.00001881,0.00001890,0.00001896,0.00001898
9.451999,0.00001208,0.00001670,0.00001822,0.00001862,0.00001881,0.00001890,0.00001896,0.00001898
9.454000,0.00001208,0.00001670,0.00001822,0.00001862,0.00001881,0.00001891,0.00001896,0.00001898
9.455999,0.00001208,0.00001670,0.00001822,0.00001862,0.00001881,0.00001891,0.00001896,0.00001898
9.457999,0.00001208,0.00001670,0.00001822,0.00001862,0.00001881,0.00001891,0.00001896,0.00001898
9.459999,0.00001208,0.00001670,0.00001823,0.00001862,0.00001881,0.00001891,0.00001896,0.00001898
9.461999,0.00001208,0.00001671,0.00001823,0.00001862,0.00001881,0.00001891,0.00001896,0.00001898
9.464000,0.00001208,0.00001671,0.00001823,0.00001862,0.00001881,0.00001891,0.00001896,0.00001898
9.466000,0.00001208,0.00001671,0.00001823,0.00001862,0.00001881,0.00001891,0.00001897,0.00001899
9.467999,0.00001209,0.00001671,0.00001823,0.00001862,0.00001882,0.00001891,0.00001897,0.00001899
9.469999,0.00001209,0.00001671,0.00001823,0.00001863,0.00001882,0.00001892,0.00001897,0.00001899
9.471999,0.00001209,0.00001671,0.00001823,0.00001863,0.00001882,0.00001892,0.00001897,0.00001899
9.474000,0.00001209,0.00001671,0.00001823,0.00001863,0.00001882,0.00001892,0.00001897,0.00001899
9.476000,0.00001209,0.00001671,0.00001823,0.00001863,0.00001882,0.00001892,0.00001897,0.00001899
9.478000,0.00001209,0.00001671,0.00001824,0.00001863,0.00001882,0.00001892,0.00001897,0.00001899
9.480000,0.00001209,0.00001672,0.00001824,0.00001863,0.00001882,0.00001892,0.00001897,0.00001899
9.481999,0.00001209,0.00001672,0.00001824,0.00001863,0.00001882,0.00001892,0.00001897,0.00001900
9.483999,0.00001209,0.00001672,0.00001824,0.00001863,0.00001883,0.00001892,0.00001898,0.00001900
9.485999,0.00001209,0.00001672,0.00001824,0.00001863,0.00001883,0.00001892,0.00001898,0.00001900
9.487999,0.00001209,0.00001672,0.00001824,0.00001864,0.00001883,0.00001893,0.00001898,0.00001900
9.489999,0.00001209,0.00001672,0.00001824,0.00001864,0.00001883,0.00001893,0.00001898,0.00001900
9.491999,0.00001210,0.00001672,0.00001824,0.00001864,0.00001883,0.00001893,0.00001898,0.00001900
9.493999,0.00001210,0.00001672,0.00001824,0.00001864,0.00001883,0.00001893,0.00001898,0.00001900
9.495999,0.00001210,0.00001672,0.00001825,0.00001864,0.00001883,0.00001893,0.00001898,0.00001900
9.497999,0.00001210,0.00001672,0.00001825,0.00001864,0.00001883,0.00001893,0.00001898,0.00001900
9.499999,0.00001210,0.00001673,0.00001825,0.00001864,0.00001883,0.00001893,0.00001899,0.00001901
9.501999,0.00001210,0.00001673,0.00001825,0.00001864,0.00001884,0.00001893,0.00001899,0.00001901
9.504000,0.00001210,0.00001673,0.00001825,0.00001864,0.00001884,0.00001893,0.00001899,0.00001901
9.506000,0.00001210,0.00001673,0.00001825,0.00001865,0.00001884,0.00001894,0.00001899,0.00001901
9.507999,0.00001210,0.00001673,0.00001825,0.00001865,0.00001884,0.00001894,0.00001899,0.00001901
9.509999,0.00001210,0.00001673,0.00001825,0.00001865,0.00001884,0.00001894,0.00001899,0.00001901
9.512000,0.00001210,0.00001673,0.00001825,0.00001865,0.00001884,0.00001894,0.00001899,0.00001901
9.514000,0.00001210,0.00001673,0.00001826,0.00001865,0.00001884,0.00001894,0.00001899,0.00001901
9.516000,0.00001210,0.00001673,0.00001826,0.00001865,0.00001884,0.00001894,0.00001899,0.00001901
9.518000,0.00001211,0.00001674,0.00001826,0.00001865,0.00001884,0.00001894,0.00001900,0.00001902
9.520000,0.00001211,0.00001674,0.00001826,0.00001865,0.00001885,0.00001894,0.00001900,0.00001902
9.521999,0.00001211,0.00001674,0.00001826,0.00001866,0.00001885,0.00001895,0.00001900,0.00001902
9.523999,0.00001211,0.00001674,0.00001826,0.00001866,0.00001885,0.00001895,0.00001900,0.00001902
9.525999,0.00001211,0.00001674,0.00001826,0.00001866,0.00001885,0.00001895,0.00001900,0.00001902
9.527999,0.00001211,0.00001674,0.00001826,0.00001866,0.00001885,0.00001895,0.00001900,0.00001902
9.529999,0.00001211,0.00001674,0.00001826,0.00001866,0.00001885,0.00001895,0.00001900,0.00001902
9.532000,0.00001211,0.00001674,0.00001827,0.00001866,0.00001885,0.00001895,0.00001900,0.00001902
9.533999,0.00001211,0.00001674,0.00001827,0.00001866,0.00001885,0.00001895,0.00001900,0.00001903
9.535999,0.00001211,0.00001674,0.00001827,0.00001866,0.00001886,0.00001895,0.00001901,0.00001903
9.537999,0.00001211,0.00001675,0.00001827,0.00001866,0.00001886,0.00001895,0.00001901,0.00001903
9.539999,0.00001211,0.00001675,0.00001827,0.00001867,0.00001886,0.00001896,0.00001901,0.00001903
9.542000,0.00001211,0.00001675,0.00001827,0.00001867,0.00001886,0.00001896,0.00001901,0.00001903
9.544000,0.00001212,0.00001675,0.00001827,0.00001867,0.00001886,0.00001896,0.00001901,0.00001903
9.546000,0.00001212,0.00001675,0.00001827,0.00001867,0.00001886,0.00001896,0.00001901,0.00001903
9.547999,0.00001212,0.00001675,0.00001827,0.00001867,0.00001886,0.00001896,0.00001901,0.00001903
9.549999,0.00001212,0.00001675,0.00001828,0.00001867,0.00001886,0.00001896,0.00001901,0.00001903
9.552000,0.00001212,0.00001675,0.00001828,0.00001867,0.00001886,0.00001896,0.00001902,0.00001904
9.554000,0.00001212,0.00001675,0.00001828,0.00001867,0.00001887,0.00001896,0.00001902,0.00001904
9.556000,0.00001212,0.00001676,0.00001828,0.00001867,0.00001887,0.00001896,0.00001902,0.00001904
9.557999,0.00001212,0.00001676,0.00001828,0.00001868,0.00001887,0.00001897,0.00001902,0.00001904
9.559999,0.00001212,0.00001676,0.00001828,0.00001868,0.00001887,0.00001897,0.00001902,0.00001904
9.561999,0.00001212,0.00001676,0.00001828,0.00001868,0.00001887,0.00001897,0.00001902,0.00001904
9.563999,0.00001212,0.00001676,0.00001828,0.00001868,0.00001887,0.00001897,0.00001902,0.00001904
9.565999,0.00001212,0.00001676,0.00001828,0.00001868,0.00001887,0.00001897,0.00001902,0.00001904
9.567999,0.00001213,0.00001676,0.00001829,0.00001868,0.00001887,0.00001897,0.00001902,0.00001904
9.569999,0.00001213,0.00001676,0.00001829,0.00001868,0.00001887,0.00001897,0.00001903,0.00001905
9.572000,0.00001213,0.00001676,0.00001829,0.00001868,0.00001888,0.00001897,0.00001903,0.00001905
9.573999,0.00001213,0.00001676,0.00001829,0.00001868,0.00001888,0.00001898,0.00001903,0.00001905
9.575999,0.00001213,0.00001677,0.00001829,0.00001869,0.00001888,0.00001898,0.00001903,0.00001905
9.577999,0.00001213,0.00001677,0.00001829,0.00001869,0.00001888,0.00001898,0.00001903,0.00001905
9.579999,0.00001213,0.00001677,0.00001829,0.00001869,0.00001888,0.00001898,0.00001903,0.00001905
9.582000,0.00001213,0.00001677,0.00001829,0.00001869,0.00001888,0.00001898,0.00001903,0.00001905
9.584000,0.00001213,0.00001677,0.00001830,0.00001869,0.00001888,0.00001898,0.00001903,0.00001905
9.585999,0.00001213,0.00001677,0.00001830,0.00001869,0.00001888,0.00001898,0.00001903,0.00001906
9.587999,0.00001213,0.00001677,0.00001830,0.00001869,0.00001888,0.00001898,0.00001904,0.00001906
9.590000,0.00001213,0.00001677,0.00001830,0.00001869,0.00001889,0.00001898,0.00001904,0.00001906
9.592000,0.00001213,0.00001677,0.00001830,0.00001869,0.00001889,0.00001899,0.00001904,0.00001906
9.593999,0.00001214,0.00001678,0.00001830,0.00001870,0.00001889,0.00001899,0.00001904,0.00001906
9.595999,0.00001214,0.00001678,0.00001830,0.00001870,0.00001889,0.00001899,0.00001904,0.00001906
9.597999,0.00001214,0.00001678,0.00001830,0.00001870,0.00001889,0.00001899,0.00001904,0.00001906
9.599999,0.00001214,0.00001678,0.00001830,0.00001870,0.00001889,0.00001899,0.00001904,0.00001906
9.601999,0.00001214,0.00001678,0.00001831,0.00001870,0.00001889,0.00001899,0.00001904,0.00001906
9.603999,0.00001214,0.00001678,0.00001831,0.00001870,0.00001889,0.00001899,0.00001905,0.00001907
9.605999,0.00001214,0.00001678,0.00001831,0.00001870,0.00001890,0.00001899,0.00001905,0.00001907
9.607999,0.00001214,0.00001678,0.00001831,0.00001870,0.00001890,0.00001899,0.00001905,0.00001907
9.610000,0.00001214,0.00001678,0.00001831,0.00001871,0.00001890,0.00001900,0.00001905,0.00001907
9.612000,0.00001214,0.00001678,0.00001831,0.00001871,0.00001890,0.00001900,0.00001905,0.00001907
9.613999,0.00001214,0.00001679,0.00001831,0.00001871,0.00001890,0.00001900,0.00001905,0.00001907
9.615999,0.00001214,0.00001679,0.00001831,0.00001871,0.00001890,0.00001900,0.00001905,0.00001907
9.617999,0.00001215,0.00001679,0.00001831,0.00001871,0.00001890,0.00001900,0.00001905,0.00001907
9.620000,0.00001215,0.00001679,0.00001832,0.00001871,0.00001890,0.00001900,0.00001905,0.00001907
9.622000,0.00001215,0.00001679,0.00001832,0.00001871,0.00001890,0.00001900,0.00001906,0.00001908
9.624000,0.00001215,0.00001679,0.00001832,0.00001871,0.00001891,0.00001900,0.00001906,0.00001908
9.625999,0.00001215,0.00001679,0.00001832,0.00001871,0.00001891,0.00001901,0.00001906,0.00001908
9.627999,0.00001215,0.00001679,0.00001832,0.00001872,0.00001891,0.00001901,0.00001906,0.00001908
9.629999,0.00001215,0.00001679,0.00001832,0.00001872,0.00001891,0.00001901,0.00001906,0.00001908
9.631999,0.00001215,0.00001680,0.00001832,0.00001872,0.00001891,0.00001901,0.00001906,0.00001908
9.633999,0.00001215,0.00001680,0.00001832,0.00001872,0.00001891,0.00001901,0.00001906,0.00001908
9.635999,0.00001215,0.00001680,0.00001832,0.00001872,0.00001891,0.00001901,0.00001906,0.00001908
9.637999,0.00001215,0.00001680,0.00001833,0.00001872,0.00001891,0.00001901,0.00001906,0.00001909
9.639999,0.00001215,0.00001680,0.00001833,0.00001872,0.00001892,0.00001901,0.00001907,0.00001909
9.641999,0.00001215,0.00001680,0.00001833,0.00001872,0.00001892,0.00001901,0.00001907,0.00001909
9.643999,0.00001216,0.00001680,0.00001833,0.00001872,0.00001892,0.00001902,0.00001907,0.00001909
9.645999,0.00001216,0.00001680,0.00001833,0.00001873,0.00001892,0.00001902,0.00001907,0.00001909
9.647999,0.00001216,0.00001680,0.00001833,0.00001873,0.00001892,0.00001902,0.00001907,0.00001909
9.650000,0.00001216,0.00001680,0.00001833,0.00001873,0.00001892,0.00001902,0.00001907,0.00001909
9.651999,0.00001216,0.00001681,0.00001833,0.00001873,0.00001892,0.00001902,0.00001907,0.00001909
9.653999,0.00001216,0.00001681,0.00001833,0.00001873,0.00001892,0.00001902,0.00001907,0.00001909
9.655999,0.00001216,0.00001681,0.00001834,0.00001873,0.00001892,0.00001902,0.00001908,0.00001910
9.658000,0.00001216,0.00001681,0.00001834,0.00001873,0.00001893,0.00001902,0.00001908,0.00001910
9.660000,0.00001216,0.00001681,0.00001834,0.00001873,0.00001893,0.00001902,0.00001908,0.00001910
9.662000,0.00001216,0.00001681,0.00001834,0.00001874,0.00001893,0.00001903,0.00001908,0.00001910
9.664000,0.00001216,0.00001681,0.00001834,0.00001874,0.00001893,0.00001903,0.00001908,0.00001910
9.665999,0.00001216,0.00001681,0.00001834,0.00001874,0.00001893,0.00001903,0.00001908,0.00001910
9.667999,0.00001217,0.00001681,0.00001834,0.00001874,0.00001893,0.00001903,0.00001908,0.00001910
9.669999,0.00001217,0.00001682,0.00001834,0.00001874,0.00001893,0.00001903,0.00001908,0.00001910
9.671999,0.00001217,0.00001682,0.00001834,0.00001874,0.00001893,0.00001903,0.00001908,0.00001910
9.673999,0.00001217,0.00001682,0.00001835,0.00001874,0.00001893,0.00001903,0.00001909,0.00001911
9.675999,0.00001217,0.00001682,0.00001835,0.00001874,0.00001894,0.00001903,0.00001909,0.00001911
9.677999,0.00001217,0.00001682,0.00001835,0.00001874,0.00001894,0.00001904,0.00001909,0.00001911
9.679999,0.00001217,0.00001682,0.00001835,0.00001875,0.00001894,0.00001904,0.00001909,0.00001911
9.681999,0.00001217,0.00001682,0.00001835,0.00001875,0.00001894,0.00001904,0.00001909,0.00001911
9.683999,0.00001217,0.00001682,0.00001835,0.00001875,0.00001894,0.00001904,0.00001909,0.00001911
9.685999,0.00001217,0.00001682,0.00001835,0.00001875,0.00001894,0.00001904,0.00001909,0.00001911
9.688000,0.00001217,0.00001683,0.00001835,0.00001875,0.00001894,0.00001904,0.00001909,0.00001911
9.690000,0.00001217,0.00001683,0.00001836,0.00001875,0.00001894,0.00001904,0.00001909,0.00001912
9.691999,0.00001218,0.00001683,0.00001836,0.00001875,0.00001895,0.00001904,0.00001910,0.00001912
9.693999,0.00001218,0.00001683,0.00001836,0.00001875,0.00001895,0.00001904,0.00001910,0.00001912
9.695999,0.00001218,0.00001683,0.00001836,0.00001875,0.00001895,0.00001905,0.00001910,0.00001912
9.698000,0.00001218,0.00001683,0.00001836,0.00001876,0.00001895,0.00001905,0.00001910,0.00001912
9.700000,0.00001218,0.00001683,0.00001836,0.00001876,0.00001895,0.00001905,0.00001910,0.00001912
9.702000,0.00001218,0.00001683,0.00001836,0.00001876,0.00001895,0.00001905,0.00001910,0.00001912
9.704000,0.00001218,0.00001683,0.00001836,0.00001876,0.00001895,0.00001905,0.00001910,0.00001912
9.705999,0.00001218,0.00001683,0.00001836,0.00001876,0.00001895,0.00001905,0.00001910,0.00001912
9.707999,0.00001218,0.00001684,0.00001837,0.00001876,0.00001895,0.00001905,0.00001911,0.00001913
9.709999,0.00001218,0.00001684,0.00001837,0.00001876,0.00001896,0.00001905,0.00001911,0.00001913
9.711999,0.00001218,0.00001684,0.00001837,0.00001876,0.00001896,0.00001905,0.00001911,0.00001913
9.713999,0.00001218,0.00001684,0.00001837,0.00001877,0.00001896,0.00001906,0.00001911,0.00001913
9.715999,0.00001218,0.00001684,0.00001837,0.00001877,0.00001896,0.00001906,0.00001911,0.00001913
9.717999,0.00001219,0.00001684,0.00001837,0.00001877,0.00001896,0.00001906,0.00001911,0.00001913
9.719999,0.00001219,0.00001684,0.00001837,0.00001877,0.00001896,0.00001906,0.00001911,0.00001913
9.721999,0.00001219,0.00001684,0.00001837,0.00001877,0.00001896,0.00001906,0.00001911,0.00001913
9.723999,0.00001219,0.00001684,0.00001837,0.00001877,0.00001896,0.00001906,0.00001911,0.00001913
9.725999,0.00001219,0.00001685,0.00001838,0.00001877,0.00001896,0.00001906,0.00001912,0.00001914
9.728000,0.00001219,0.00001685,0.00001838,0.00001877,0.00001897,0.00001906,0.00001912,0.00001914
9.730000,0.00001219,0.00001685,0.00001838,0.00001877,0.00001897,0.00001907,0.00001912,0.00001914
9.731999,0.00001219,0.00001685,0.00001838,0.00001878,0.00001897,0.00001907,0.00001912,0.00001914
9.733999,0.00001219,0.00001685,0.00001838,0.00001878,0.00001897,0.00001907,0.00001912,0.00001914
9.736000,0.00001219,0.00001685,0.00001838,0.00001878,0.00001897,0.00001907,0.00001912,0.00001914
9.738000,0.00001219,0.00001685,0.00001838,0.00001878,0.00001897,0.00001907,0.00001912,0.00001914
9.740000,0.00001219,0.00001685,0.00001838,0.00001878,0.00001897,0.00001907,0.00001912,0.00001914
9.742000,0.00001220,0.00001685,0.00001838,0.00001878,0.00001897,0.00001907,0.00001913,0.00001915
9.743999,0.00001220,0.00001685,0.00001839,0.00001878,0.00001898,0.00001907,0.00001913,0.00001915
9.745999,0.00001220,0.00001686,0.00001839,0.00001878,0.00001898,0.00001907,0.00001913,0.00001915
9.747999,0.00001220,0.00001686,0.00001839,0.00001878,0.00001898,0.00001908,0.00001913,0.00001915
9.749999,0.00001220,0.00001686,0.00001839,0.00001879,0.00001898,0.00001908,0.00001913,0.00001915
9.751999,0.00001220,0.00001686,0.00001839,0.00001879,0.00001898,0.00001908,0.00001913,0.00001915
9.753999,0.00001220,0.00001686,0.00001839,0.00001879,0.00001898,0.00001908,0.00001913,0.00001915
9.756000,0.00001220,0.00001686,0.00001839,0.00001879,0.00001898,0.00001908,0.00001913,0.00001915
9.757999,0.00001220,0.00001686,0.00001839,0.00001879,0.00001898,0.00001908,0.00001913,0.00001915
9.759999,0.00001220,0.00001686,0.00001839,0.00001879,0.00001898,0.00001908,0.00001914,0.00001916
9.761999,0.00001220,0.00001686,0.00001840,0.00001879,0.00001899,0.00001908,0.00001914,0.00001916
9.763999,0.00001220,0.00001687,0.00001840,0.00001879,0.00001899,0.00001909,0.00001914,0.00001916
9.766000,0.00001220,0.00001687,0.00001840,0.00001880,0.00001899,0.00001909,0.00001914,0.00001916
9.768000,0.00001221,0.00001687,0.00001840,0.00001880,0.00001899,0.00001909,0.00001914,0.00001916
9.770000,0.00001221,0.00001687,0.00001840,0.00001880,0.00001899,0.00001909,0.00001914,0.00001916
9.771999,0.00001221,0.00001687,0.00001840,0.00001880,0.00001899,0.00001909,0.00001914,0.00001916
9.773999,0.00001221,0.00001687,0.00001840,0.00001880,0.00001899,0.00001909,0.00001914,0.00001916
9.776000,0.00001221,0.00001687,0.00001840,0.00001880,0.00001899,0.00001909,0.00001914,0.00001917
9.778000,0.00001221,0.00001687,0.00001841,0.00001880,0.00001900,0.00001909,0.00001915,0.00001917
9.780000,0.00001221,0.00001687,0.00001841,0.00001880,0.00001900,0.00001909,0.00001915,0.00001917
9.781999,0.00001221,0.00001688,0.00001841,0.00001880,0.00001900,0.00001910,0.00001915,0.00001917
9.783998,0.00001221,0.00001688,0.00001841,0.00001881,0.00001900,0.00001910,0.00001915,0.00001917
9.785999,0.00001221,0.00001688,0.00001841,0.00001881,0.00001900,0.00001910,0.00001915,0.00001917
9.787999,0.00001221,0.00001688,0.00001841,0.00001881,0.00001900,0.00001910,0.00001915,0.00001917
9.789999,0.00001221,0.00001688,0.00001841,0.00001881,0.00001900,0.00001910,0.00001915,0.00001917
9.791999,0.00001222,0.00001688,0.00001841,0.00001881,0.00001900,0.00001910,0.00001915,0.00001917
9.793999,0.00001222,0.00001688,0.00001841,0.00001881,0.00001900,0.00001910,0.00001916,0.00001918
9.796000,0.00001222,0.00001688,0.00001842,0.00001881,0.00001901,0.00001910,0.00001916,0.00001918
9.797999,0.00001222,0.00001688,0.00001842,0.00001881,0.00001901,0.00001910,0.00001916,0.00001918
9.799999,0.00001222,0.00001688,0.00001842,0.00001881,0.00001901,0.00001911,0.00001916,0.00001918
9.801999,0.00001222,0.00001689,0.00001842,0.00001882,0.00001901,0.00001911,0.00001916,0.00001918
9.803999,0.00001222,0.00001689,0.00001842,0.00001882,0.00001901,0.00001911,0.00001916,0.00001918
9.806000,0.00001222,0.00001689,0.00001842,0.00001882,0.00001901,0.00001911,0.00001916,0.00001918
9.808000,0.00001222,0.00001689,0.00001842,0.00001882,0.00001901,0.00001911,0.00001916,0.00001918
9.809999,0.00001222,0.00001689,0.00001842,0.00001882,0.00001901,0.00001911,0.00001916,0.00001919
9.811999,0.00001222,0.00001689,0.00001842,0.00001882,0.00001901,0.00001911,0.00001917,0.00001919
9.814000,0.00001222,0.00001689,0.00001843,0.00001882,0.00001902,0.00001911,0.00001917,0.00001919
9.816000,0.00001223,0.00001689,0.00001843,0.00001882,0.00001902,0.00001912,0.00001917,0.00001919
9.817999,0.00001223,0.00001689,0.00001843,0.00001883,0.00001902,0.00001912,0.00001917,0.00001919
9.819999,0.00001223,0.00001690,0.00001843,0.00001883,0.00001902,0.00001912,0.00001917,0.00001919
9.821999,0.00001223,0.00001690,0.00001843,0.00001883,0.00001902,0.00001912,0.00001917,0.00001919
9.823999,0.00001223,0.00001690,0.00001843,0.00001883,0.00001902,0.00001912,0.00001917,0.00001919
9.825999,0.00001223,0.00001690,0.00001843,0.00001883,0.00001902,0.00001912,0.00001917,0.00001919
9.827999,0.00001223,0.00001690,0.00001843,0.00001883,0.00001902,0.00001912,0.00001918,0.00001920
9.829999,0.00001223,0.00001690,0.00001843,0.00001883,0.00001903,0.00001912,0.00001918,0.00001920
9.831999,0.00001223,0.00001690,0.00001844,0.00001883,0.00001903,0.00001912,0.00001918,0.00001920
9.834000,0.00001223,0.00001690,0.00001844,0.00001883,0.00001903,0.00001913,0.00001918,0.00001920
9.835999,0.00001223,0.00001690,0.00001844,0.00001884,0.00001903,0.00001913,0.00001918,0.00001920
9.837999,0.00001223,0.00001690,0.00001844,0.00001884,0.00001903,0.00001913,0.00001918,0.00001920
9.839999,0.00001223,0.00001691,0.00001844,0.00001884,0.00001903,0.00001913,0.00001918,0.00001920
9.841999,0.00001224,0.00001691,0.00001844,0.00001884,0.00001903,0.00001913,0.00001918,0.00001920
9.844000,0.00001224,0.00001691,0.00001844,0.00001884,0.00001903,0.00001913,0.00001918,0.00001920
9.846000,0.00001224,0.00001691,0.00001844,0.00001884,0.00001903,0.00001913,0.00001919,0.00001921
9.848000,0.00001224,0.00001691,0.00001845,0.00001884,0.00001904,0.00001913,0.00001919,0.00001921
9.849999,0.00001224,0.00001691,0.00001845,0.00001884,0.00001904,0.00001914,0.00001919,0.00001921
9.851999,0.00001224,0.00001691,0.00001845,0.00001884,0.00001904,0.00001914,0.00001919,0.00001921
9.853999,0.00001224,0.00001691,0.00001845,0.00001885,0.00001904,0.00001914,0.00001919,0.00001921
9.855999,0.00001224,0.00001691,0.00001845,0.00001885,0.00001904,0.00001914,0.00001919,0.00001921
9.857999,0.00001224,0.00001692,0.00001845,0.00001885,0.00001904,0.00001914,0.00001919,0.00001921
9.859999,0.00001224,0.00001692,0.00001845,0.00001885,0.00001904,0.00001914,0.00001919,0.00001921
9.861999,0.00001224,0.00001692,0.00001845,0.00001885,0.00001904,0.00001914,0.00001920,0.00001922
9.863999,0.00001224,0.00001692,0.00001845,0.00001885,0.00001905,0.00001914,0.00001920,0.00001922
9.865999,0.00001225,0.00001692,0.00001846,0.00001885,0.00001905,0.00001914,0.00001920,0.00001922
9.867999,0.00001225,0.00001692,0.00001846,0.00001885,0.00001905,0.00001915,0.00001920,0.00001922
9.869999,0.00001225,0.00001692,0.00001846,0.00001886,0.00001905,0.00001915,0.00001920,0.00001922
9.871999,0.00001225,0.00001692,0.00001846,0.00001886,0.00001905,0.00001915,0.00001920,0.00001922
9.874000,0.00001225,0.00001692,0.00001846,0.00001886,0.00001905,0.00001915,0.00001920,0.00001922
9.875999,0.00001225,0.00001693,0.00001846,0.00001886,0.00001905,0.00001915,0.00001920,0.00001922
9.877999,0.00001225,0.00001693,0.00001846,0.00001886,0.00001905,0.00001915,0.00001920,0.00001922
9.879999,0.00001225,0.00001693,0.00001846,0.00001886,0.00001905,0.00001915,0.00001921,0.00001923
9.881999,0.00001225,0.00001693,0.00001846,0.00001886,0.00001906,0.00001915,0.00001921,0.00001923
9.884000,0.00001225,0.00001693,0.00001847,0.00001886,0.00001906,0.00001916,0.00001921,0.00001923
9.886000,0.00001225,0.00001693,0.00001847,0.00001886,0.00001906,0.00001916,0.00001921,0.00001923
9.888000,0.00001225,0.00001693,0.00001847,0.00001887,0.00001906,0.00001916,0.00001921,0.00001923
9.889999,0.00001226,0.00001693,0.00001847,0.00001887,0.00001906,0.00001916,0.00001921,0.00001923
9.891999,0.00001226,0.00001693,0.00001847,0.00001887,0.00001906,0.00001916,0.00001921,0.00001923
9.893999,0.00001226,0.00001693,0.00001847,0.00001887,0.00001906,0.00001916,0.00001921,0.00001923
9.895999,0.00001226,0.00001694,0.00001847,0.00001887,0.00001906,0.00001916,0.00001922,0.00001924
9.897999,0.00001226,0.00001694,0.00001847,0.00001887,0.00001906,0.00001916,0.00001922,0.00001924
9.899999,0.00001226,0.00001694,0.00001847,0.00001887,0.00001907,0.00001916,0.00001922,0.00001924
9.901999,0.00001226,0.00001694,0.00001848,0.00001887,0.00001907,0.00001917,0.00001922,0.00001924
9.903999,0.00001226,0.00001694,0.00001848,0.00001888,0.00001907,0.00001917,0.00001922,0.00001924
9.905999,0.00001226,0.00001694,0.00001848,0.00001888,0.00001907,0.00001917,0.00001922,0.00001924
9.907999,0.00001226,0.00001694,0.00001848,0.00001888,0.00001907,0.00001917,0.00001922,0.00001924
9.909999,0.00001226,0.00001694,0.00001848,0.00001888,0.00001907,0.00001917,0.00001922,0.00001924
9.912000,0.00001226,0.00001694,0.00001848,0.00001888,0.00001907,0.00001917,0.00001922,0.00001924
9.914000,0.00001226,0.00001695,0.00001848,0.00001888,0.00001907,0.00001917,0.00001923,0.00001925
9.915999,0.00001227,0.00001695,0.00001848,0.00001888,0.00001908,0.00001917,0.00001923,0.00001925
9.917999,0.00001227,0.00001695,0.00001849,0.00001888,0.00001908,0.00001918,0.00001923,0.00001925
9.919999,0.00001227,0.00001695,0.00001849,0.00001888,0.00001908,0.00001918,0.00001923,0.00001925
9.922000,0.00001227,0.00001695,0.00001849,0.00001889,0.00001908,0.00001918,0.00001923,0.00001925
9.924000,0.00001227,0.00001695,0.00001849,0.00001889,0.00001908,0.00001918,0.00001923,0.00001925
9.926000,0.00001227,0.00001695,0.00001849,0.00001889,0.00001908,0.00001918,0.00001923,0.00001925
9.927999,0.00001227,0.00001695,0.00001849,0.00001889,0.00001908,0.00001918,0.00001923,0.00001925
9.929999,0.00001227,0.00001695,0.00001849,0.00001889,0.00001908,0.00001918,0.00001924,0.00001926
9.931999,0.00001227,0.00001696,0.00001849,0.00001889,0.00001908,0.00001918,0.00001924,0.00001926
9.933999,0.00001227,0.00001696,0.00001849,0.00001889,0.00001909,0.00001918,0.00001924,0.00001926
9.935999,0.00001227,0.00001696,0.00001850,0.00001889,0.00001909,0.00001919,0.00001924,0.00001926
9.937999,0.00001227,0.00001696,0.00001850,0.00001889,0.00001909,0.00001919,0.00001924,0.00001926
9.939999,0.00001228,0.00001696,0.00001850,0.00001890,0.00001909,0.00001919,0.00001924,0.00001926
9.941999,0.00001228,0.00001696,0.00001850,0.00001890,0.00001909,0.00001919,0.00001924,0.00001926
9.943999,0.00001228,0.00001696,0.00001850,0.00001890,0.00001909,0.00001919,0.00001924,0.00001926
9.945999,0.00001228,0.00001696,0.00001850,0.00001890,0.00001909,0.00001919,0.00001924,0.00001926
9.947999,0.00001228,0.00001696,0.00001850,0.00001890,0.00001909,0.00001919,0.00001925,0.00001927
9.949999,0.00001228,0.00001697,0.00001850,0.00001890,0.00001910,0.00001919,0.00001925,0.00001927
9.952000,0.00001228,0.00001697,0.00001850,0.00001890,0.00001910,0.00001919,0.00001925,0.00001927
9.954000,0.00001228,0.00001697,0.00001851,0.00001890,0.00001910,0.00001920,0.00001925,0.00001927
9.955999,0.00001228,0.00001697,0.00001851,0.00001891,0.00001910,0.00001920,0.00001925,0.00001927
9.957999,0.00001228,0.00001697,0.00001851,0.00001891,0.00001910,0.00001920,0.00001925,0.00001927
9.960000,0.00001228,0.00001697,0.00001851,0.00001891,0.00001910,0.00001920,0.00001925,0.00001927
9.962000,0.00001228,0.00001697,0.00001851,0.00001891,0.00001910,0.00001920,0.00001925,0.00001927
9.964000,0.00001229,0.00001697,0.00001851,0.00001891,0.00001910,0.00001920,0.00001926,0.00001928
9.966000,0.00001229,0.00001697,0.00001851,0.00001891,0.00001910,0.00001920,0.00001926,0.00001928
9.967999,0.00001229,0.00001697,0.00001851,0.00001891,0.00001911,0.00001920,0.00001926,0.00001928
9.969999,0.00001229,0.00001698,0.00001852,0.00001891,0.00001911,0.00001921,0.00001926,0.00001928
9.971999,0.00001229,0.00001698,0.00001852,0.00001891,0.00001911,0.00001921,0.00001926,0.00001928
9.973999,0.00001229,0.00001698,0.00001852,0.00001892,0.00001911,0.00001921,0.00001926,0.00001928
9.975999,0.00001229,0.00001698,0.00001852,0.00001892,0.00001911,0.00001921,0.00001926,0.00001928
9.977999,0.00001229,0.00001698,0.00001852,0.00001892,0.00001911,0.00001921,0.00001926,0.00001928
9.980000,0.00001229,0.00001698,0.00001852,0.00001892,0.00001911,0.00001921,0.00001926,0.00001928
9.981999,0.00001229,0.00001698,0.00001852,0.00001892,0.00001911,0.00001921,0.00001927,0.00001929
9.983999,0.00001229,0.00001698,0.00001852,0.00001892,0.00001912,0.00001921,0.00001927,0.00001929
9.985999,0.00001229,0.00001698,0.00001852,0.00001892,0.00001912,0.00001922,0.00001927,0.00001929
9.987999,0.00001230,0.00001699,0.00001853,0.00001892,0.00001912,0.00001922,0.00001927,0.00001929
9.990000,0.00001230,0.00001699,0.00001853,0.00001893,0.00001912,0.00001922,0.00001927,0.00001929
9.992000,0.00001230,0.00001699,0.00001853,0.00001893,0.00001912,0.00001922,0.00001927,0.00001929
9.993999,0.00001230,0.00001699,0.00001853,0.00001893,0.00001912,0.00001922,0.00001927,0.00001929
9.995999,0.00001230,0.00001699,0.00001853,0.00001893,0.00001912,0.00001922,0.00001927,0.00001929
9.997999,0.00001230,0.00001699,0.00001853,0.00001893,0.00001912,0.00001922,0.00001928,0.00001930
10.000000,0.00001230,0.00001699,0.00001853,0.00001893,0.00001912,0.00001922,0.00001928,0.00001930
