E[1] [eV],Re(eps)_nbnd_10,Re(eps)_nbnd_20,Re(eps)_nbnd_30,Re(eps)_nbnd_40,Re(eps)_nbnd_50,Re(eps)_nbnd_60,Re(eps)_nbnd_70,Re(eps)_nbnd_80
0.000000,1.00638000,1.00945000,1.01065800,1.01104800,1.01127900,1.01141700,1.01150500,1.01155000
0.002000,1.00638000,1.00945000,1.01065800,1.01104900,1.01127900,1.01141700,1.01150500,1.01155000
0.004000,1.00638000,1.00945000,1.01065900,1.01104900,1.01128000,1.01141700,1.01150500,1.01155000
0.006000,1.00638000,1.00945100,1.01065900,1.01104900,1.01128000,1.01141800,1.01150600,1.01155100
0.008000,1.00638000,1.00945100,1.01065900,1.01105000,1.01128000,1.01141800,1.01150600,1.01155100
0.010000,1.00638100,1.00945100,1.01065900,1.01105000,1.01128100,1.01141800,1.01150600,1.01155100
0.012000,1.00638100,1.00945100,1.01066000,1.01105000,1.01128100,1.01141800,1.01150700,1.01155100
0.014000,1.00638100,1.00945200,1.01066000,1.01105000,1.01128100,1.01141900,1.01150700,1.01155200
0.016000,1.00638100,1.00945200,1.01066000,1.01105100,1.01128100,1.01141900,1.01150700,1.01155200
0.018000,1.00638100,1.00945200,1.01066100,1.01105100,1.01128200,1.01141900,1.01150700,1.01155200
0.020000,1.00638200,1.00945200,1.01066100,1.01105100,1.01128200,1.01142000,1.01150800,1.01155300
0.022000,1.00638200,1.00945300,1.01066100,1.01105200,1.01128200,1.01142000,1.01150800,1.01155300
0.024000,1.00638200,1.00945300,1.01066100,1.01105200,1.01128300,1.01142000,1.01150800,1.01155300
0.026000,1.00638200,1.00945300,1.01066200,1.01105200,1.01128300,1.01142000,1.01150900,1.01155300
0.028000,1.00638200,1.00945300,1.01066200,1.01105200,1.01128300,1.01142100,1.01150900,1.01155400
0.030000,1.00638200,1.00945400,1.01066200,1.01105300,1.01128400,1.01142100,1.01150900,1.01155400
0.032000,1.00638300,1.00945400,1.01066300,1.01105300,1.01128400,1.01142100,1.01150900,1.01155400
0.034000,1.00638300,1.00945400,1.01066300,1.01105300,1.01128400,1.01142200,1.01151000,1.01155500
0.036000,1.00638300,1.00945400,1.01066300,1.01105400,1.01128400,1.01142200,1.01151000,1.01155500
0.038000,1.00638300,1.00945500,1.01066300,1.01105400,1.01128500,1.01142200,1.01151000,1.01155500
0.040000,1.00638300,1.00945500,1.01066400,1.01105400,1.01128500,1.01142200,1.01151100,1.01155500
0.042000,1.00638400,1.00945500,1.01066400,1.01105400,1.01128500,1.01142300,1.01151100,1.01155600
0.044000,1.00638400,1.00945500,1.01066400,1.01105500,1.01128600,1.01142300,1.01151100,1.01155600
0.046000,1.00638400,1.00945600,1.01066400,1.01105500,1.01128600,1.01142300,1.01151100,1.01155600
0.048000,1.00638400,1.00945600,1.01066500,1.01105500,1.01128600,1.01142400,1.01151200,1.01155700
0.050000,1.00638400,1.00945600,1.01066500,1.01105600,1.01128600,1.01142400,1.01151200,1.01155700
0.052000,1.00638400,1.00945700,1.01066500,1.01105600,1.01128700,1.01142400,1.01151200,1.01155700
0.054000,1.00638500,1.00945700,1.01066600,1.01105600,1.01128700,1.01142400,1.01151300,1.01155700
0.056000,1.00638500,1.00945700,1.01066600,1.01105600,1.01128700,1.01142500,1.01151300,1.01155800
0.058000,1.00638500,1.00945700,1.01066600,1.01105700,1.01128800,1.01142500,1.01151300,1.01155800
0.060000,1.00638500,1.00945700,1.01066600,1.01105700,1.01128800,1.01142500,1.01151300,1.01155800
0.062000,1.00638500,1.00945800,1.01066700,1.01105700,1.01128800,1.01142600,1.01151400,1.01155900
0.064000,1.00638600,1.00945800,1.01066700,1.01105700,1.01128800,1.01142600,1.01151400,1.01155900
0.066000,1.00638600,1.00945800,1.01066700,1.01105800,1.01128900,1.01142600,1.01151400,1.01155900
0.068000,1.00638600,1.00945900,1.01066800,1.01105800,1.01128900,1.01142600,1.01151500,1.01155900
0.070000,1.00638600,1.00945900,1.01066800,1.01105800,1.01128900,1.01142700,1.01151500,1.01156000
0.072000,1.00638600,1.00945900,1.01066800,1.01105900,1.01129000,1.01142700,1.01151500,1.01156000
0.074000,1.00638600,1.00945900,1.01066800,1.01105900,1.01129000,1.01142700,1.01151500,1.01156000
0.076000,1.00638700,1.00945900,1.01066900,1.01105900,1.01129000,1.01142800,1.01151600,1.01156100
0.078000,1.00638700,1.00946000,1.01066900,1.01106000,1.01129000,1.01142800,1.01151600,1.01156100
0.080000,1.00638700,1.00946000,1.01066900,1.01106000,1.01129100,1.01142800,1.01151600,1.01156100
0.082000,1.00638700,1.00946000,1.01066900,1.01106000,1.01129100,1.01142800,1.01151700,1.01156200
0.084000,1.00638700,1.00946100,1.01067000,1.01106000,1.01129100,1.01142900,1.01151700,1.01156200
0.086000,1.00638700,1.00946100,1.01067000,1.01106100,1.01129200,1.01142900,1.01151700,1.01156200
0.088000,1.00638800,1.00946100,1.01067000,1.01106100,1.01129200,1.01142900,1.01151800,1.01156200
0.090000,1.00638800,1.00946100,1.01067100,1.01106100,1.01129200,1.01143000,1.01151800,1.01156300
0.092000,1.00638800,1.00946200,1.01067100,1.01106200,1.01129200,1.01143000,1.01151800,1.01156300
0.094000,1.00638800,1.00946200,1.01067100,1.01106200,1.01129300,1.01143000,1.01151800,1.01156300
0.096000,1.00638800,1.00946200,1.01067100,1.01106200,1.01129300,1.01143100,1.01151900,1.01156400
0.098000,1.00638900,1.00946200,1.01067200,1.01106200,1.01129300,1.01143100,1.01151900,1.01156400
0.100000,1.00638900,1.00946300,1.01067200,1.01106300,1.01129400,1.01143100,1.01151900,1.01156400
0.102000,1.00638900,1.00946300,1.01067200,1.01106300,1.01129400,1.01143100,1.01152000,1.01156400
0.104000,1.00638900,1.00946300,1.01067300,1.01106300,1.01129400,1.01143200,1.01152000,1.01156500
0.106000,1.00638900,1.00946300,1.01067300,1.01106400,1.01129400,1.01143200,1.01152000,1.01156500
0.108000,1.00638900,1.00946400,1.01067300,1.01106400,1.01129500,1.01143200,1.01152100,1.01156500
0.110000,1.00639000,1.00946400,1.01067300,1.01106400,1.01129500,1.01143300,1.01152100,1.01156600
0.112000,1.00639000,1.00946400,1.01067400,1.01106400,1.01129500,1.01143300,1.01152100,1.01156600
0.114000,1.00639000,1.00946400,1.01067400,1.01106500,1.01129600,1.01143300,1.01152100,1.01156600
0.116000,1.00639000,1.00946500,1.01067400,1.01106500,1.01129600,1.01143300,1.01152200,1.01156700
0.118000,1.00639000,1.00946500,1.01067400,1.01106500,1.01129600,1.01143400,1.01152200,1.01156700
0.120000,1.00639100,1.00946500,1.01067500,1.01106500,1.01129700,1.01143400,1.01152200,1.01156700
0.122000,1.00639100,1.00946500,1.01067500,1.01106600,1.01129700,1.01143400,1.01152300,1.01156700
0.124000,1.00639100,1.00946600,1.01067500,1.01106600,1.01129700,1.01143500,1.01152300,1.01156800
0.126000,1.00639100,1.00946600,1.01067600,1.01106600,1.01129700,1.01143500,1.01152300,1.01156800
0.128000,1.00639100,1.00946600,1.01067600,1.01106700,1.01129800,1.01143500,1.01152300,1.01156800
0.130000,1.00639200,1.00946600,1.01067600,1.01106700,1.01129800,1.01143600,1.01152400,1.01156900
0.132000,1.00639200,1.00946700,1.01067600,1.01106700,1.01129800,1.01143600,1.01152400,1.01156900
0.134000,1.00639200,1.00946700,1.01067700,1.01106800,1.01129900,1.01143600,1.01152400,1.01156900
0.136000,1.00639200,1.00946700,1.01067700,1.01106800,1.01129900,1.01143600,1.01152500,1.01156900
0.138000,1.00639200,1.00946700,1.01067700,1.01106800,1.01129900,1.01143700,1.01152500,1.01157000
0.140000,1.00639200,1.00946800,1.01067800,1.01106800,1.01129900,1.01143700,1.01152500,1.01157000
0.142000,1.00639300,1.00946800,1.01067800,1.01106900,1.01130000,1.01143700,1.01152500,1.01157000
0.144000,1.00639300,1.00946800,1.01067800,1.01106900,1.01130000,1.01143800,1.01152600,1.01157100
0.146000,1.00639300,1.00946800,1.01067800,1.01106900,1.01130000,1.01143800,1.01152600,1.01157100
0.148000,1.00639300,1.00946900,1.01067900,1.01107000,1.01130100,1.01143800,1.01152600,1.01157100
0.150000,1.00639300,1.00946900,1.01067900,1.01107000,1.01130100,1.01143800,1.01152700,1.01157200
0.152000,1.00639400,1.00946900,1.01067900,1.01107000,1.01130100,1.01143900,1.01152700,1.01157200
0.154000,1.00639400,1.00946900,1.01067900,1.01107000,1.01130100,1.01143900,1.01152700,1.01157200
0.156000,1.00639400,1.00947000,1.01068000,1.01107100,1.01130200,1.01143900,1.01152800,1.01157200
0.158000,1.00639400,1.00947000,1.01068000,1.01107100,1.01130200,1.01144000,1.01152800,1.01157300
0.160000,1.00639400,1.00947000,1.01068000,1.01107100,1.01130200,1.01144000,1.01152800,1.01157300
0.162000,1.00639400,1.00947000,1.01068100,1.01107200,1.01130300,1.01144000,1.01152800,1.01157300
0.164000,1.00639500,1.00947100,1.01068100,1.01107200,1.01130300,1.01144000,1.01152900,1.01157400
0.166000,1.00639500,1.00947100,1.01068100,1.01107200,1.01130300,1.01144100,1.01152900,1.01157400
0.168000,1.00639500,1.00947100,1.01068200,1.01107200,1.01130300,1.01144100,1.01152900,1.01157400
0.170000,1.00639500,1.00947100,1.01068200,1.01107300,1.01130400,1.01144100,1.01153000,1.01157400
0.172000,1.00639500,1.00947200,1.01068200,1.01107300,1.01130400,1.01144200,1.01153000,1.01157500
0.174000,1.00639500,1.00947200,1.01068200,1.01107300,1.01130400,1.01144200,1.01153000,1.01157500
0.176000,1.00639600,1.00947200,1.01068300,1.01107300,1.01130500,1.01144200,1.01153000,1.01157500
0.178000,1.00639600,1.00947200,1.01068300,1.01107400,1.01130500,1.01144200,1.01153100,1.01157600
0.180000,1.00639600,1.00947300,1.01068300,1.01107400,1.01130500,1.01144300,1.01153100,1.01157600
0.182000,1.00639600,1.00947300,1.01068300,1.01107400,1.01130500,1.01144300,1.01153100,1.01157600
0.184000,1.00639600,1.00947300,1.01068400,1.01107500,1.01130600,1.01144300,1.01153200,1.01157600
0.186000,1.00639700,1.00947400,1.01068400,1.01107500,1.01130600,1.01144400,1.01153200,1.01157700
0.188000,1.00639700,1.00947400,1.01068400,1.01107500,1.01130600,1.01144400,1.01153200,1.01157700
0.190000,1.00639700,1.00947400,1.01068400,1.01107500,1.01130700,1.01144400,1.01153200,1.01157700
0.192000,1.00639700,1.00947400,1.01068500,1.01107600,1.01130700,1.01144400,1.01153300,1.01157800
0.194000,1.00639700,1.00947500,1.01068500,1.01107600,1.01130700,1.01144500,1.01153300,1.01157800
0.196000,1.00639700,1.00947500,1.01068500,1.01107600,1.01130700,1.01144500,1.01153300,1.01157800
0.198000,1.00639800,1.00947500,1.01068600,1.01107700,1.01130800,1.01144500,1.01153400,1.01157900
0.200000,1.00639800,1.00947500,1.01068600,1.01107700,1.01130800,1.01144600,1.01153400,1.01157900
0.202000,1.00639800,1.00947600,1.01068600,1.01107700,1.01130800,1.01144600,1.01153400,1.01157900
0.204000,1.00639800,1.00947600,1.01068700,1.01107800,1.01130900,1.01144600,1.01153400,1.01157900
0.206000,1.00639800,1.00947600,1.01068700,1.01107800,1.01130900,1.01144600,1.01153500,1.01158000
0.208000,1.00639900,1.00947600,1.01068700,1.01107800,1.01130900,1.01144700,1.01153500,1.01158000
0.210000,1.00639900,1.00947700,1.01068700,1.01107800,1.01131000,1.01144700,1.01153500,1.01158000
0.212000,1.00639900,1.00947700,1.01068800,1.01107900,1.01131000,1.01144700,1.01153600,1.01158100
0.214000,1.00639900,1.00947700,1.01068800,1.01107900,1.01131000,1.01144800,1.01153600,1.01158100
0.216000,1.00639900,1.00947700,1.01068800,1.01107900,1.01131000,1.01144800,1.01153600,1.01158100
0.218000,1.00640000,1.00947800,1.01068800,1.01108000,1.01131100,1.01144800,1.01153700,1.01158100
0.220000,1.00640000,1.00947800,1.01068900,1.01108000,1.01131100,1.01144900,1.01153700,1.01158200
0.222000,1.00640000,1.00947800,1.01068900,1.01108000,1.01131100,1.01144900,1.01153700,1.01158200
0.224000,1.00640000,1.00947800,1.01068900,1.01108000,1.01131200,1.01144900,1.01153700,1.01158200
0.226000,1.00640000,1.00947900,1.01069000,1.01108100,1.01131200,1.01144900,1.01153800,1.01158300
0.228000,1.00640000,1.00947900,1.01069000,1.01108100,1.01131200,1.01145000,1.01153800,1.01158300
0.230000,1.00640100,1.00947900,1.01069000,1.01108100,1.01131200,1.01145000,1.01153800,1.01158300
0.232000,1.00640100,1.00947900,1.01069000,1.01108200,1.01131300,1.01145000,1.01153900,1.01158300
0.234000,1.00640100,1.00948000,1.01069100,1.01108200,1.01131300,1.01145100,1.01153900,1.01158400
0.236000,1.00640100,1.00948000,1.01069100,1.01108200,1.01131300,1.01145100,1.01153900,1.01158400
0.238000,1.00640100,1.00948000,1.01069100,1.01108200,1.01131400,1.01145100,1.01153900,1.01158400
0.240000,1.00640200,1.00948000,1.01069200,1.01108300,1.01131400,1.01145100,1.01154000,1.01158500
0.242000,1.00640200,1.00948100,1.01069200,1.01108300,1.01131400,1.01145200,1.01154000,1.01158500
0.244000,1.00640200,1.00948100,1.01069200,1.01108300,1.01131400,1.01145200,1.01154000,1.01158500
0.246000,1.00640200,1.00948100,1.01069200,1.01108300,1.01131500,1.01145200,1.01154100,1.01158600
0.248000,1.00640200,1.00948100,1.01069300,1.01108400,1.01131500,1.01145300,1.01154100,1.01158600
0.250000,1.00640200,1.00948200,1.01069300,1.01108400,1.01131500,1.01145300,1.01154100,1.01158600
0.252000,1.00640300,1.00948200,1.01069300,1.01108400,1.01131600,1.01145300,1.01154100,1.01158600
0.254000,1.00640300,1.00948200,1.01069300,1.01108500,1.01131600,1.01145400,1.01154200,1.01158700
0.256000,1.00640300,1.00948200,1.01069400,1.01108500,1.01131600,1.01145400,1.01154200,1.01158700
0.258000,1.00640300,1.00948300,1.01069400,1.01108500,1.01131600,1.01145400,1.01154200,1.01158700
0.260000,1.00640300,1.00948300,1.01069400,1.01108600,1.01131700,1.01145400,1.01154300,1.01158800
0.262000,1.00640400,1.00948300,1.01069500,1.01108600,1.01131700,1.01145500,1.01154300,1.01158800
0.264000,1.00640400,1.00948300,1.01069500,1.01108600,1.01131700,1.01145500,1.01154300,1.01158800
0.266000,1.00640400,1.00948400,1.01069500,1.01108600,1.01131800,1.01145500,1.01154400,1.01158800
0.268000,1.00640400,1.00948400,1.01069500,1.01108700,1.01131800,1.01145600,1.01154400,1.01158900
0.270000,1.00640400,1.00948400,1.01069600,1.01108700,1.01131800,1.01145600,1.01154400,1.01158900
0.272000,1.00640400,1.00948500,1.01069600,1.01108700,1.01131800,1.01145600,1.01154400,1.01158900
0.274000,1.00640500,1.00948500,1.01069600,1.01108800,1.01131900,1.01145600,1.01154500,1.01159000
0.276000,1.00640500,1.00948500,1.01069700,1.01108800,1.01131900,1.01145700,1.01154500,1.01159000
0.278000,1.00640500,1.00948500,1.01069700,1.01108800,1.01131900,1.01145700,1.01154500,1.01159000
0.280000,1.00640500,1.00948500,1.01069700,1.01108800,1.01132000,1.01145700,1.01154600,1.01159000
0.282000,1.00640500,1.00948600,1.01069700,1.01108900,1.01132000,1.01145800,1.01154600,1.01159100
0.284000,1.00640500,1.00948600,1.01069800,1.01108900,1.01132000,1.01145800,1.01154600,1.01159100
0.286000,1.00640600,1.00948600,1.01069800,1.01108900,1.01132000,1.01145800,1.01154600,1.01159100
0.288000,1.00640600,1.00948700,1.01069800,1.01109000,1.01132100,1.01145900,1.01154700,1.01159200
0.290000,1.00640600,1.00948700,1.01069900,1.01109000,1.01132100,1.01145900,1.01154700,1.01159200
0.292000,1.00640600,1.00948700,1.01069900,1.01109000,1.01132100,1.01145900,1.01154700,1.01159200
0.294000,1.00640600,1.00948700,1.01069900,1.01109000,1.01132200,1.01145900,1.01154800,1.01159300
0.296000,1.00640700,1.00948800,1.01069900,1.01109100,1.01132200,1.01146000,1.01154800,1.01159300
0.298000,1.00640700,1.00948800,1.01070000,1.01109100,1.01132200,1.01146000,1.01154800,1.01159300
0.300000,1.00640700,1.00948800,1.01070000,1.01109100,1.01132200,1.01146000,1.01154900,1.01159300
0.302000,1.00640700,1.00948800,1.01070000,1.01109200,1.01132300,1.01146100,1.01154900,1.01159400
0.304000,1.00640700,1.00948900,1.01070000,1.01109200,1.01132300,1.01146100,1.01154900,1.01159400
0.306000,1.00640700,1.00948900,1.01070100,1.01109200,1.01132300,1.01146100,1.01154900,1.01159400
0.308000,1.00640800,1.00948900,1.01070100,1.01109200,1.01132400,1.01146100,1.01155000,1.01159500
0.310000,1.00640800,1.00948900,1.01070100,1.01109300,1.01132400,1.01146200,1.01155000,1.01159500
0.312000,1.00640800,1.00949000,1.01070200,1.01109300,1.01132400,1.01146200,1.01155000,1.01159500
0.314000,1.00640800,1.00949000,1.01070200,1.01109300,1.01132500,1.01146200,1.01155100,1.01159500
0.316000,1.00640800,1.00949000,1.01070200,1.01109400,1.01132500,1.01146300,1.01155100,1.01159600
0.318000,1.00640900,1.00949000,1.01070200,1.01109400,1.01132500,1.01146300,1.01155100,1.01159600
0.320000,1.00640900,1.00949100,1.01070300,1.01109400,1.01132500,1.01146300,1.01155100,1.01159600
0.322000,1.00640900,1.00949100,1.01070300,1.01109400,1.01132600,1.01146300,1.01155200,1.01159700
0.324000,1.00640900,1.00949100,1.01070300,1.01109500,1.01132600,1.01146400,1.01155200,1.01159700
0.326000,1.00640900,1.00949100,1.01070400,1.01109500,1.01132600,1.01146400,1.01155200,1.01159700
0.328000,1.00641000,1.00949200,1.01070400,1.01109500,1.01132700,1.01146400,1.01155300,1.01159800
0.330000,1.00641000,1.00949200,1.01070400,1.01109600,1.01132700,1.01146500,1.01155300,1.01159800
0.332000,1.00641000,1.00949200,1.01070400,1.01109600,1.01132700,1.01146500,1.01155300,1.01159800
0.334000,1.00641000,1.00949200,1.01070500,1.01109600,1.01132800,1.01146500,1.01155400,1.01159800
0.336000,1.00641000,1.00949300,1.01070500,1.01109600,1.01132800,1.01146500,1.01155400,1.01159900
0.338000,1.00641000,1.00949300,1.01070500,1.01109700,1.01132800,1.01146600,1.01155400,1.01159900
0.340000,1.00641100,1.00949300,1.01070600,1.01109700,1.01132800,1.01146600,1.01155400,1.01159900
0.342000,1.00641100,1.00949300,1.01070600,1.01109700,1.01132900,1.01146600,1.01155500,1.01160000
0.344000,1.00641100,1.00949400,1.01070600,1.01109800,1.01132900,1.01146700,1.01155500,1.01160000
0.346000,1.00641100,1.00949400,1.01070600,1.01109800,1.01132900,1.01146700,1.01155500,1.01160000
0.348000,1.00641100,1.00949400,1.01070700,1.01109800,1.01133000,1.01146700,1.01155600,1.01160000
0.350000,1.00641200,1.00949400,1.01070700,1.01109900,1.01133000,1.01146800,1.01155600,1.01160100
0.352000,1.00641200,1.00949500,1.01070700,1.01109900,1.01133000,1.01146800,1.01155600,1.01160100
0.354000,1.00641200,1.00949500,1.01070700,1.01109900,1.01133000,1.01146800,1.01155700,1.01160100
0.356000,1.00641200,1.00949500,1.01070800,1.01109900,1.01133100,1.01146800,1.01155700,1.01160200
0.358000,1.00641200,1.00949500,1.01070800,1.01110000,1.01133100,1.01146900,1.01155700,1.01160200
0.360000,1.00641300,1.00949600,1.01070800,1.01110000,1.01133100,1.01146900,1.01155700,1.01160200
0.362000,1.00641300,1.00949600,1.01070900,1.01110000,1.01133200,1.01146900,1.01155800,1.01160300
0.364000,1.00641300,1.00949600,1.01070900,1.01110000,1.01133200,1.01147000,1.01155800,1.01160300
0.366000,1.00641300,1.00949600,1.01070900,1.01110100,1.01133200,1.01147000,1.01155800,1.01160300
0.368000,1.00641300,1.00949700,1.01071000,1.01110100,1.01133200,1.01147000,1.01155900,1.01160300
0.370000,1.00641300,1.00949700,1.01071000,1.01110100,1.01133300,1.01147000,1.01155900,1.01160400
0.372000,1.00641400,1.00949700,1.01071000,1.01110200,1.01133300,1.01147100,1.01155900,1.01160400
0.374000,1.00641400,1.00949800,1.01071000,1.01110200,1.01133300,1.01147100,1.01155900,1.01160400
0.376000,1.00641400,1.00949800,1.01071100,1.01110200,1.01133400,1.01147100,1.01156000,1.01160500
0.378000,1.00641400,1.00949800,1.01071100,1.01110200,1.01133400,1.01147200,1.01156000,1.01160500
0.380000,1.00641400,1.00949800,1.01071100,1.01110300,1.01133400,1.01147200,1.01156000,1.01160500
0.382000,1.00641400,1.00949900,1.01071100,1.01110300,1.01133400,1.01147200,1.01156100,1.01160600
0.384000,1.00641500,1.00949900,1.01071200,1.01110300,1.01133500,1.01147200,1.01156100,1.01160600
0.386000,1.00641500,1.00949900,1.01071200,1.01110400,1.01133500,1.01147300,1.01156100,1.01160600
0.388000,1.00641500,1.00949900,1.01071200,1.01110400,1.01133500,1.01147300,1.01156100,1.01160600
0.390000,1.00641500,1.00950000,1.01071300,1.01110400,1.01133600,1.01147300,1.01156200,1.01160700
0.392000,1.00641500,1.00950000,1.01071300,1.01110400,1.01133600,1.01147400,1.01156200,1.01160700
0.394000,1.00641600,1.00950000,1.01071300,1.01110500,1.01133600,1.01147400,1.01156200,1.01160700
0.396000,1.00641600,1.00950000,1.01071300,1.01110500,1.01133600,1.01147400,1.01156300,1.01160800
0.398000,1.00641600,1.00950100,1.01071400,1.01110500,1.01133700,1.01147500,1.01156300,1.01160800
0.400000,1.00641600,1.00950100,1.01071400,1.01110600,1.01133700,1.01147500,1.01156300,1.01160800
0.402000,1.00641600,1.00950100,1.01071400,1.01110600,1.01133700,1.01147500,1.01156400,1.01160800
0.404000,1.00641600,1.00950100,1.01071500,1.01110600,1.01133800,1.01147500,1.01156400,1.01160900
0.406000,1.00641700,1.00950200,1.01071500,1.01110600,1.01133800,1.01147600,1.01156400,1.01160900
0.408000,1.00641700,1.00950200,1.01071500,1.01110700,1.01133800,1.01147600,1.01156400,1.01160900
0.410000,1.00641700,1.00950200,1.01071500,1.01110700,1.01133800,1.01147600,1.01156500,1.01161000
0.412000,1.00641700,1.00950200,1.01071600,1.01110700,1.01133900,1.01147700,1.01156500,1.01161000
0.414000,1.00641700,1.00950300,1.01071600,1.01110800,1.01133900,1.01147700,1.01156500,1.01161000
0.416000,1.00641800,1.00950300,1.01071600,1.01110800,1.01133900,1.01147700,1.01156600,1.01161100
0.418000,1.00641800,1.00950300,1.01071600,1.01110800,1.01134000,1.01147700,1.01156600,1.01161100
0.420000,1.00641800,1.00950300,1.01071700,1.01110900,1.01134000,1.01147800,1.01156600,1.01161100
0.422000,1.00641800,1.00950400,1.01071700,1.01110900,1.01134000,1.01147800,1.01156600,1.01161100
0.424000,1.00641800,1.00950400,1.01071700,1.01110900,1.01134000,1.01147800,1.01156700,1.01161200
0.426000,1.00641800,1.00950400,1.01071800,1.01110900,1.01134100,1.01147900,1.01156700,1.01161200
0.428000,1.00641900,1.00950400,1.01071800,1.01111000,1.01134100,1.01147900,1.01156700,1.01161200
0.430000,1.00641900,1.00950500,1.01071800,1.01111000,1.01134100,1.01147900,1.01156800,1.01161300
0.432000,1.00641900,1.00950500,1.01071800,1.01111000,1.01134200,1.01147900,1.01156800,1.01161300
0.434000,1.00641900,1.00950500,1.01071900,1.01111100,1.01134200,1.01148000,1.01156800,1.01161300
0.436000,1.00641900,1.00950600,1.01071900,1.01111100,1.01134200,1.01148000,1.01156900,1.01161300
0.438000,1.00642000,1.00950600,1.01071900,1.01111100,1.01134300,1.01148000,1.01156900,1.01161400
0.440000,1.00642000,1.00950600,1.01072000,1.01111100,1.01134300,1.01148100,1.01156900,1.01161400
0.442000,1.00642000,1.00950600,1.01072000,1.01111200,1.01134300,1.01148100,1.01156900,1.01161400
0.444000,1.00642000,1.00950600,1.01072000,1.01111200,1.01134300,1.01148100,1.01157000,1.01161500
0.446000,1.00642000,1.00950700,1.01072000,1.01111200,1.01134400,1.01148200,1.01157000,1.01161500
0.448000,1.00642000,1.00950700,1.01072100,1.01111300,1.01134400,1.01148200,1.01157000,1.01161500
0.450000,1.00642100,1.00950700,1.01072100,1.01111300,1.01134400,1.01148200,1.01157100,1.01161600
0.452000,1.00642100,1.00950800,1.01072100,1.01111300,1.01134500,1.01148200,1.01157100,1.01161600
0.454000,1.00642100,1.00950800,1.01072200,1.01111300,1.01134500,1.01148300,1.01157100,1.01161600
0.456000,1.00642100,1.00950800,1.01072200,1.01111400,1.01134500,1.01148300,1.01157100,1.01161600
0.458000,1.00642100,1.00950800,1.01072200,1.01111400,1.01134600,1.01148300,1.01157200,1.01161700
0.460000,1.00642200,1.00950800,1.01072200,1.01111400,1.01134600,1.01148400,1.01157200,1.01161700
0.462000,1.00642200,1.00950900,1.01072300,1.01111500,1.01134600,1.01148400,1.01157200,1.01161700
0.464000,1.00642200,1.00950900,1.01072300,1.01111500,1.01134600,1.01148400,1.01157300,1.01161800
0.466000,1.00642200,1.00950900,1.01072300,1.01111500,1.01134700,1.01148500,1.01157300,1.01161800
0.468000,1.00642200,1.00951000,1.01072300,1.01111500,1.01134700,1.01148500,1.01157300,1.01161800
0.470000,1.00642300,1.00951000,1.01072400,1.01111600,1.01134700,1.01148500,1.01157300,1.01161800
0.472000,1.00642300,1.00951000,1.01072400,1.01111600,1.01134800,1.01148500,1.01157400,1.01161900
0.474000,1.00642300,1.00951000,1.01072400,1.01111600,1.01134800,1.01148600,1.01157400,1.01161900
0.476000,1.00642300,1.00951100,1.01072500,1.01111700,1.01134800,1.01148600,1.01157400,1.01161900
0.478000,1.00642300,1.00951100,1.01072500,1.01111700,1.01134800,1.01148600,1.01157500,1.01162000
0.480000,1.00642300,1.00951100,1.01072500,1.01111700,1.01134900,1.01148700,1.01157500,1.01162000
0.482000,1.00642400,1.00951100,1.01072500,1.01111700,1.01134900,1.01148700,1.01157500,1.01162000
0.484000,1.00642400,1.00951200,1.01072600,1.01111800,1.01134900,1.01148700,1.01157600,1.01162100
0.486000,1.00642400,1.00951200,1.01072600,1.01111800,1.01135000,1.01148700,1.01157600,1.01162100
0.488000,1.00642400,1.00951200,1.01072600,1.01111800,1.01135000,1.01148800,1.01157600,1.01162100
0.490000,1.00642400,1.00951200,1.01072700,1.01111900,1.01135000,1.01148800,1.01157600,1.01162100
0.492000,1.00642500,1.00951300,1.01072700,1.01111900,1.01135000,1.01148800,1.01157700,1.01162200
0.494000,1.00642500,1.00951300,1.01072700,1.01111900,1.01135100,1.01148900,1.01157700,1.01162200
0.496000,1.00642500,1.00951300,1.01072700,1.01111900,1.01135100,1.01148900,1.01157700,1.01162200
0.498000,1.00642500,1.00951300,1.01072800,1.01112000,1.01135100,1.01148900,1.01157800,1.01162300
0.500000,1.00642500,1.00951400,1.01072800,1.01112000,1.01135200,1.01149000,1.01157800,1.01162300
0.502000,1.00642500,1.00951400,1.01072800,1.01112000,1.01135200,1.01149000,1.01157800,1.01162300
0.504000,1.00642600,1.00951400,1.01072900,1.01112100,1.01135200,1.01149000,1.01157800,1.01162400
0.506000,1.00642600,1.00951400,1.01072900,1.01112100,1.01135300,1.01149000,1.01157900,1.01162400
0.508000,1.00642600,1.00951500,1.01072900,1.01112100,1.01135300,1.01149100,1.01157900,1.01162400
0.510000,1.00642600,1.00951500,1.01072900,1.01112200,1.01135300,1.01149100,1.01157900,1.01162400
0.512000,1.00642600,1.00951500,1.01073000,1.01112200,1.01135300,1.01149100,1.01158000,1.01162500
0.514000,1.00642700,1.00951600,1.01073000,1.01112200,1.01135400,1.01149200,1.01158000,1.01162500
0.516000,1.00642700,1.00951600,1.01073000,1.01112200,1.01135400,1.01149200,1.01158000,1.01162500
0.518000,1.00642700,1.00951600,1.01073100,1.01112300,1.01135400,1.01149200,1.01158100,1.01162600
0.520000,1.00642700,1.00951600,1.01073100,1.01112300,1.01135500,1.01149200,1.01158100,1.01162600
0.522000,1.00642700,1.00951600,1.01073100,1.01112300,1.01135500,1.01149300,1.01158100,1.01162600
0.524000,1.00642800,1.00951700,1.01073100,1.01112400,1.01135500,1.01149300,1.01158100,1.01162600
0.526000,1.00642800,1.00951700,1.01073200,1.01112400,1.01135500,1.01149300,1.01158200,1.01162700
0.528000,1.00642800,1.00951700,1.01073200,1.01112400,1.01135600,1.01149400,1.01158200,1.01162700
0.530000,1.00642800,1.00951800,1.01073200,1.01112400,1.01135600,1.01149400,1.01158200,1.01162700
0.532000,1.00642800,1.00951800,1.01073300,1.01112500,1.01135600,1.01149400,1.01158300,1.01162800
0.534000,1.00642800,1.00951800,1.01073300,1.01112500,1.01135700,1.01149500,1.01158300,1.01162800
0.536000,1.00642900,1.00951800,1.01073300,1.01112500,1.01135700,1.01149500,1.01158300,1.01162800
0.538000,1.00642900,1.00951900,1.01073300,1.01112600,1.01135700,1.01149500,1.01158300,1.01162900
0.540000,1.00642900,1.00951900,1.01073400,1.01112600,1.01135700,1.01149500,1.01158400,1.01162900
0.542000,1.00642900,1.00951900,1.01073400,1.01112600,1.01135800,1.01149600,1.01158400,1.01162900
0.544000,1.00642900,1.00951900,1.01073400,1.01112600,1.01135800,1.01149600,1.01158400,1.01162900
0.546000,1.00643000,1.00952000,1.01073500,1.01112700,1.01135800,1.01149600,1.01158500,1.01163000
0.548000,1.00643000,1.00952000,1.01073500,1.01112700,1.01135900,1.01149700,1.01158500,1.01163000
0.550000,1.00643000,1.00952000,1.01073500,1.01112700,1.01135900,1.01149700,1.01158500,1.01163000
0.552000,1.00643000,1.00952000,1.01073500,1.01112800,1.01135900,1.01149700,1.01158600,1.01163100
0.554000,1.00643000,1.00952100,1.01073600,1.01112800,1.01135900,1.01149700,1.01158600,1.01163100
0.556000,1.00643000,1.00952100,1.01073600,1.01112800,1.01136000,1.01149800,1.01158600,1.01163100
0.558000,1.00643100,1.00952100,1.01073600,1.01112800,1.01136000,1.01149800,1.01158600,1.01163100
0.560000,1.00643100,1.00952100,1.01073600,1.01112900,1.01136000,1.01149800,1.01158700,1.01163200
0.562000,1.00643100,1.00952200,1.01073700,1.01112900,1.01136100,1.01149900,1.01158700,1.01163200
0.564000,1.00643100,1.00952200,1.01073700,1.01112900,1.01136100,1.01149900,1.01158700,1.01163200
0.566000,1.00643100,1.00952200,1.01073700,1.01112900,1.01136100,1.01149900,1.01158800,1.01163300
0.568000,1.00643200,1.00952200,1.01073800,1.01113000,1.01136200,1.01150000,1.01158800,1.01163300
0.570000,1.00643200,1.00952300,1.01073800,1.01113000,1.01136200,1.01150000,1.01158800,1.01163300
0.572000,1.00643200,1.00952300,1.01073800,1.01113000,1.01136200,1.01150000,1.01158800,1.01163400
0.574000,1.00643200,1.00952300,1.01073800,1.01113100,1.01136200,1.01150000,1.01158900,1.01163400
0.576000,1.00643200,1.00952300,1.01073900,1.01113100,1.01136300,1.01150100,1.01158900,1.01163400
0.578000,1.00643200,1.00952400,1.01073900,1.01113100,1.01136300,1.01150100,1.01158900,1.01163400
0.580000,1.00643300,1.00952400,1.01073900,1.01113200,1.01136300,1.01150100,1.01159000,1.01163500
0.582000,1.00643300,1.00952400,1.01074000,1.01113200,1.01136400,1.01150200,1.01159000,1.01163500
0.584000,1.00643300,1.00952400,1.01074000,1.01113200,1.01136400,1.01150200,1.01159000,1.01163500
0.586000,1.00643300,1.00952500,1.01074000,1.01113200,1.01136400,1.01150200,1.01159100,1.01163600
0.588000,1.00643300,1.00952500,1.01074000,1.01113300,1.01136400,1.01150200,1.01159100,1.01163600
0.590000,1.00643400,1.00952500,1.01074100,1.01113300,1.01136500,1.01150300,1.01159100,1.01163600
0.592000,1.00643400,1.00952600,1.01074100,1.01113300,1.01136500,1.01150300,1.01159100,1.01163600
0.594000,1.00643400,1.00952600,1.01074100,1.01113400,1.01136500,1.01150300,1.01159200,1.01163700
0.596000,1.00643400,1.00952600,1.01074200,1.01113400,1.01136600,1.01150400,1.01159200,1.01163700
0.598000,1.00643400,1.00952600,1.01074200,1.01113400,1.01136600,1.01150400,1.01159200,1.01163700
0.600000,1.00643400,1.00952600,1.01074200,1.01113500,1.01136600,1.01150400,1.01159300,1.01163800
0.602000,1.00643500,1.00952700,1.01074200,1.01113500,1.01136600,1.01150500,1.01159300,1.01163800
0.604000,1.00643500,1.00952700,1.01074300,1.01113500,1.01136700,1.01150500,1.01159300,1.01163800
0.606000,1.00643500,1.00952700,1.01074300,1.01113500,1.01136700,1.01150500,1.01159400,1.01163900
0.608000,1.00643500,1.00952800,1.01074300,1.01113600,1.01136700,1.01150500,1.01159400,1.01163900
0.610000,1.00643500,1.00952800,1.01074300,1.01113600,1.01136800,1.01150600,1.01159400,1.01163900
0.612000,1.00643600,1.00952800,1.01074400,1.01113600,1.01136800,1.01150600,1.01159400,1.01163900
0.614000,1.00643600,1.00952800,1.01074400,1.01113700,1.01136800,1.01150600,1.01159500,1.01164000
0.616000,1.00643600,1.00952900,1.01074400,1.01113700,1.01136900,1.01150700,1.01159500,1.01164000
0.618000,1.00643600,1.00952900,1.01074500,1.01113700,1.01136900,1.01150700,1.01159500,1.01164000
0.620000,1.00643600,1.00952900,1.01074500,1.01113700,1.01136900,1.01150700,1.01159600,1.01164100
0.622000,1.00643600,1.00952900,1.01074500,1.01113800,1.01136900,1.01150700,1.01159600,1.01164100
0.624000,1.00643700,1.00953000,1.01074600,1.01113800,1.01137000,1.01150800,1.01159600,1.01164100
0.626000,1.00643700,1.00953000,1.01074600,1.01113800,1.01137000,1.01150800,1.01159600,1.01164200
0.628000,1.00643700,1.00953000,1.01074600,1.01113900,1.01137000,1.01150800,1.01159700,1.01164200
0.630000,1.00643700,1.00953000,1.01074600,1.01113900,1.01137100,1.01150900,1.01159700,1.01164200
0.632000,1.00643700,1.00953100,1.01074700,1.01113900,1.01137100,1.01150900,1.01159700,1.01164200
0.634000,1.00643800,1.00953100,1.01074700,1.01113900,1.01137100,1.01150900,1.01159800,1.01164300
0.636000,1.00643800,1.00953100,1.01074700,1.01114000,1.01137100,1.01151000,1.01159800,1.01164300
0.638000,1.00643800,1.00953100,1.01074800,1.01114000,1.01137200,1.01151000,1.01159800,1.01164300
0.640000,1.00643800,1.00953200,1.01074800,1.01114000,1.01137200,1.01151000,1.01159900,1.01164400
0.642000,1.00643800,1.00953200,1.01074800,1.01114100,1.01137200,1.01151000,1.01159900,1.01164400
0.644000,1.00643800,1.00953200,1.01074800,1.01114100,1.01137300,1.01151100,1.01159900,1.01164400
0.646000,1.00643900,1.00953200,1.01074900,1.01114100,1.01137300,1.01151100,1.01159900,1.01164400
0.648000,1.00643900,1.00953300,1.01074900,1.01114100,1.01137300,1.01151100,1.01160000,1.01164500
0.650000,1.00643900,1.00953300,1.01074900,1.01114200,1.01137400,1.01151200,1.01160000,1.01164500
0.652000,1.00643900,1.00953300,1.01074900,1.01114200,1.01137400,1.01151200,1.01160000,1.01164500
0.654000,1.00643900,1.00953400,1.01075000,1.01114200,1.01137400,1.01151200,1.01160100,1.01164600
0.656000,1.00644000,1.00953400,1.01075000,1.01114300,1.01137400,1.01151200,1.01160100,1.01164600
0.658000,1.00644000,1.00953400,1.01075000,1.01114300,1.01137500,1.01151300,1.01160100,1.01164600
0.660000,1.00644000,1.00953400,1.01075100,1.01114300,1.01137500,1.01151300,1.01160100,1.01164700
0.662000,1.00644000,1.00953400,1.01075100,1.01114300,1.01137500,1.01151300,1.01160200,1.01164700
0.664000,1.00644000,1.00953500,1.01075100,1.01114400,1.01137600,1.01151400,1.01160200,1.01164700
0.666000,1.00644100,1.00953500,1.01075100,1.01114400,1.01137600,1.01151400,1.01160200,1.01164700
0.668000,1.00644100,1.00953500,1.01075200,1.01114400,1.01137600,1.01151400,1.01160300,1.01164800
0.670000,1.00644100,1.00953600,1.01075200,1.01114500,1.01137700,1.01151500,1.01160300,1.01164800
0.672000,1.00644100,1.00953600,1.01075200,1.01114500,1.01137700,1.01151500,1.01160300,1.01164800
0.674000,1.00644100,1.00953600,1.01075300,1.01114500,1.01137700,1.01151500,1.01160400,1.01164900
0.676000,1.00644100,1.00953600,1.01075300,1.01114500,1.01137700,1.01151500,1.01160400,1.01164900
0.678000,1.00644200,1.00953700,1.01075300,1.01114600,1.01137800,1.01151600,1.01160400,1.01164900
0.680000,1.00644200,1.00953700,1.01075300,1.01114600,1.01137800,1.01151600,1.01160400,1.01164900
0.682000,1.00644200,1.00953700,1.01075400,1.01114600,1.01137800,1.01151600,1.01160500,1.01165000
0.684000,1.00644200,1.00953700,1.01075400,1.01114700,1.01137900,1.01151700,1.01160500,1.01165000
0.686000,1.00644200,1.00953800,1.01075400,1.01114700,1.01137900,1.01151700,1.01160500,1.01165000
0.688000,1.00644300,1.00953800,1.01075500,1.01114700,1.01137900,1.01151700,1.01160600,1.01165100
0.690000,1.00644300,1.00953800,1.01075500,1.01114700,1.01137900,1.01151700,1.01160600,1.01165100
0.692000,1.00644300,1.00953800,1.01075500,1.01114800,1.01138000,1.01151800,1.01160600,1.01165100
0.694000,1.00644300,1.00953900,1.01075500,1.01114800,1.01138000,1.01151800,1.01160700,1.01165200
0.696000,1.00644300,1.00953900,1.01075600,1.01114800,1.01138000,1.01151800,1.01160700,1.01165200
0.698000,1.00644400,1.00953900,1.01075600,1.01114900,1.01138100,1.01151900,1.01160700,1.01165200
0.700000,1.00644400,1.00953900,1.01075600,1.01114900,1.01138100,1.01151900,1.01160700,1.01165200
0.702000,1.00644400,1.00954000,1.01075700,1.01114900,1.01138100,1.01151900,1.01160800,1.01165300
0.704000,1.00644400,1.00954000,1.01075700,1.01115000,1.01138200,1.01152000,1.01160800,1.01165300
0.706000,1.00644400,1.00954000,1.01075700,1.01115000,1.01138200,1.01152000,1.01160800,1.01165300
0.708000,1.00644400,1.00954000,1.01075700,1.01115000,1.01138200,1.01152000,1.01160900,1.01165400
0.710000,1.00644500,1.00954100,1.01075800,1.01115000,1.01138200,1.01152000,1.01160900,1.01165400
0.712000,1.00644500,1.00954100,1.01075800,1.01115100,1.01138300,1.01152100,1.01160900,1.01165400
0.714000,1.00644500,1.00954100,1.01075800,1.01115100,1.01138300,1.01152100,1.01160900,1.01165400
0.716000,1.00644500,1.00954200,1.01075900,1.01115100,1.01138300,1.01152100,1.01161000,1.01165500
0.718000,1.00644500,1.00954200,1.01075900,1.01115200,1.01138400,1.01152200,1.01161000,1.01165500
0.720000,1.00644600,1.00954200,1.01075900,1.01115200,1.01138400,1.01152200,1.01161000,1.01165500
0.722000,1.00644600,1.00954200,1.01075900,1.01115200,1.01138400,1.01152200,1.01161100,1.01165600
0.724000,1.00644600,1.00954300,1.01076000,1.01115200,1.01138400,1.01152200,1.01161100,1.01165600
0.726000,1.00644600,1.00954300,1.01076000,1.01115300,1.01138500,1.01152300,1.01161100,1.01165600
0.728000,1.00644600,1.00954300,1.01076000,1.01115300,1.01138500,1.01152300,1.01161200,1.01165700
0.730000,1.00644600,1.00954300,1.01076100,1.01115300,1.01138500,1.01152300,1.01161200,1.01165700
0.732000,1.00644700,1.00954400,1.01076100,1.01115400,1.01138600,1.01152400,1.01161200,1.01165700
0.734000,1.00644700,1.00954400,1.01076100,1.01115400,1.01138600,1.01152400,1.01161200,1.01165700
0.736000,1.00644700,1.00954400,1.01076100,1.01115400,1.01138600,1.01152400,1.01161300,1.01165800
0.738000,1.00644700,1.00954400,1.01076200,1.01115400,1.01138600,1.01152500,1.01161300,1.01165800
0.740000,1.00644700,1.00954500,1.01076200,1.01115500,1.01138700,1.01152500,1.01161300,1.01165800
0.742000,1.00644800,1.00954500,1.01076200,1.01115500,1.01138700,1.01152500,1.01161400,1.01165900
0.744000,1.00644800,1.00954500,1.01076200,1.01115500,1.01138700,1.01152500,1.01161400,1.01165900
0.746000,1.00644800,1.00954500,1.01076300,1.01115600,1.01138800,1.01152600,1.01161400,1.01165900
0.748000,1.00644800,1.00954600,1.01076300,1.01115600,1.01138800,1.01152600,1.01161500,1.01166000
0.750000,1.00644800,1.00954600,1.01076300,1.01115600,1.01138800,1.01152600,1.01161500,1.01166000
0.752000,1.00644900,1.00954600,1.01076400,1.01115600,1.01138900,1.01152700,1.01161500,1.01166000
0.754000,1.00644900,1.00954600,1.01076400,1.01115700,1.01138900,1.01152700,1.01161500,1.01166000
0.756000,1.00644900,1.00954700,1.01076400,1.01115700,1.01138900,1.01152700,1.01161600,1.01166100
0.758000,1.00644900,1.00954700,1.01076400,1.01115700,1.01138900,1.01152800,1.01161600,1.01166100
0.760000,1.00644900,1.00954700,1.01076500,1.01115800,1.01139000,1.01152800,1.01161600,1.01166100
0.762000,1.00644900,1.00954700,1.01076500,1.01115800,1.01139000,1.01152800,1.01161700,1.01166200
0.764000,1.00645000,1.00954800,1.01076500,1.01115800,1.01139000,1.01152800,1.01161700,1.01166200
0.766000,1.00645000,1.00954800,1.01076600,1.01115800,1.01139100,1.01152900,1.01161700,1.01166200
0.768000,1.00645000,1.00954800,1.01076600,1.01115900,1.01139100,1.01152900,1.01161800,1.01166200
0.770000,1.00645000,1.00954800,1.01076600,1.01115900,1.01139100,1.01152900,1.01161800,1.01166300
0.772000,1.00645000,1.00954900,1.01076700,1.01115900,1.01139100,1.01153000,1.01161800,1.01166300
0.774000,1.00645100,1.00954900,1.01076700,1.01116000,1.01139200,1.01153000,1.01161800,1.01166300
0.776000,1.00645100,1.00954900,1.01076700,1.01116000,1.01139200,1.01153000,1.01161900,1.01166400
0.778000,1.00645100,1.00954900,1.01076700,1.01116000,1.01139200,1.01153000,1.01161900,1.01166400
0.780000,1.00645100,1.00955000,1.01076800,1.01116100,1.01139300,1.01153100,1.01161900,1.01166400
0.782000,1.00645100,1.00955000,1.01076800,1.01116100,1.01139300,1.01153100,1.01162000,1.01166500
0.784000,1.00645100,1.00955000,1.01076800,1.01116100,1.01139300,1.01153100,1.01162000,1.01166500
0.786000,1.00645200,1.00955100,1.01076800,1.01116100,1.01139400,1.01153200,1.01162000,1.01166500
0.788000,1.00645200,1.00955100,1.01076900,1.01116200,1.01139400,1.01153200,1.01162000,1.01166500
0.790000,1.00645200,1.00955100,1.01076900,1.01116200,1.01139400,1.01153200,1.01162100,1.01166600
0.792000,1.00645200,1.00955100,1.01076900,1.01116200,1.01139400,1.01153300,1.01162100,1.01166600
0.794000,1.00645200,1.00955200,1.01077000,1.01116300,1.01139500,1.01153300,1.01162100,1.01166600
0.796000,1.00645300,1.00955200,1.01077000,1.01116300,1.01139500,1.01153300,1.01162200,1.01166700
0.798000,1.00645300,1.00955200,1.01077000,1.01116300,1.01139500,1.01153300,1.01162200,1.01166700
0.800000,1.00645300,1.00955200,1.01077000,1.01116300,1.01139600,1.01153400,1.01162200,1.01166700
0.802000,1.00645300,1.00955300,1.01077100,1.01116400,1.01139600,1.01153400,1.01162300,1.01166800
0.804000,1.00645300,1.00955300,1.01077100,1.01116400,1.01139600,1.01153400,1.01162300,1.01166800
0.806000,1.00645400,1.00955300,1.01077100,1.01116400,1.01139600,1.01153500,1.01162300,1.01166800
0.808000,1.00645400,1.00955300,1.01077200,1.01116500,1.01139700,1.01153500,1.01162300,1.01166800
0.810000,1.00645400,1.00955400,1.01077200,1.01116500,1.01139700,1.01153500,1.01162400,1.01166900
0.812000,1.00645400,1.00955400,1.01077200,1.01116500,1.01139700,1.01153500,1.01162400,1.01166900
0.814000,1.00645400,1.00955400,1.01077200,1.01116500,1.01139800,1.01153600,1.01162400,1.01166900
0.816000,1.00645400,1.00955400,1.01077300,1.01116600,1.01139800,1.01153600,1.01162500,1.01167000
0.818000,1.00645500,1.00955500,1.01077300,1.01116600,1.01139800,1.01153600,1.01162500,1.01167000
0.820000,1.00645500,1.00955500,1.01077300,1.01116600,1.01139800,1.01153700,1.01162500,1.01167000
0.822000,1.00645500,1.00955500,1.01077400,1.01116700,1.01139900,1.01153700,1.01162600,1.01167100
0.824000,1.00645500,1.00955500,1.01077400,1.01116700,1.01139900,1.01153700,1.01162600,1.01167100
0.826000,1.00645500,1.00955600,1.01077400,1.01116700,1.01139900,1.01153800,1.01162600,1.01167100
0.828000,1.00645600,1.00955600,1.01077400,1.01116800,1.01140000,1.01153800,1.01162600,1.01167100
0.830000,1.00645600,1.00955600,1.01077500,1.01116800,1.01140000,1.01153800,1.01162700,1.01167200
0.832000,1.00645600,1.00955700,1.01077500,1.01116800,1.01140000,1.01153800,1.01162700,1.01167200
0.834000,1.00645600,1.00955700,1.01077500,1.01116800,1.01140100,1.01153900,1.01162700,1.01167200
0.836000,1.00645600,1.00955700,1.01077600,1.01116900,1.01140100,1.01153900,1.01162800,1.01167300
0.838000,1.00645600,1.00955700,1.01077600,1.01116900,1.01140100,1.01153900,1.01162800,1.01167300
0.840000,1.00645700,1.00955800,1.01077600,1.01116900,1.01140100,1.01154000,1.01162800,1.01167300
0.842000,1.00645700,1.00955800,1.01077600,1.01117000,1.01140200,1.01154000,1.01162900,1.01167300
0.844000,1.00645700,1.00955800,1.01077700,1.01117000,1.01140200,1.01154000,1.01162900,1.01167400
0.846000,1.00645700,1.00955800,1.01077700,1.01117000,1.01140200,1.01154100,1.01162900,1.01167400
0.848000,1.00645700,1.00955900,1.01077700,1.01117100,1.01140300,1.01154100,1.01162900,1.01167400
0.850000,1.00645800,1.00955900,1.01077800,1.01117100,1.01140300,1.01154100,1.01163000,1.01167500
0.852000,1.00645800,1.00955900,1.01077800,1.01117100,1.01140300,1.01154100,1.01163000,1.01167500
0.854000,1.00645800,1.00955900,1.01077800,1.01117100,1.01140300,1.01154200,1.01163000,1.01167500
0.856000,1.00645800,1.00956000,1.01077800,1.01117200,1.01140400,1.01154200,1.01163100,1.01167600
0.858000,1.00645800,1.00956000,1.01077900,1.01117200,1.01140400,1.01154200,1.01163100,1.01167600
0.860000,1.00645900,1.00956000,1.01077900,1.01117200,1.01140400,1.01154300,1.01163100,1.01167600
0.862000,1.00645900,1.00956000,1.01077900,1.01117300,1.01140500,1.01154300,1.01163100,1.01167600
0.864000,1.00645900,1.00956100,1.01078000,1.01117300,1.01140500,1.01154300,1.01163200,1.01167700
0.866000,1.00645900,1.00956100,1.01078000,1.01117300,1.01140500,1.01154400,1.01163200,1.01167700
0.868000,1.00645900,1.00956100,1.01078000,1.01117300,1.01140600,1.01154400,1.01163200,1.01167700
0.870000,1.00645900,1.00956100,1.01078000,1.01117400,1.01140600,1.01154400,1.01163300,1.01167800
0.872000,1.00646000,1.00956200,1.01078100,1.01117400,1.01140600,1.01154400,1.01163300,1.01167800
0.874000,1.00646000,1.00956200,1.01078100,1.01117400,1.01140600,1.01154500,1.01163300,1.01167800
0.876000,1.00646000,1.00956200,1.01078100,1.01117500,1.01140700,1.01154500,1.01163400,1.01167900
0.878000,1.00646000,1.00956200,1.01078200,1.01117500,1.01140700,1.01154500,1.01163400,1.01167900
0.880000,1.00646000,1.00956300,1.01078200,1.01117500,1.01140700,1.01154600,1.01163400,1.01167900
0.882000,1.00646100,1.00956300,1.01078200,1.01117500,1.01140800,1.01154600,1.01163400,1.01167900
0.884000,1.00646100,1.00956300,1.01078200,1.01117600,1.01140800,1.01154600,1.01163500,1.01168000
0.886000,1.00646100,1.00956400,1.01078300,1.01117600,1.01140800,1.01154600,1.01163500,1.01168000
0.888000,1.00646100,1.00956400,1.01078300,1.01117600,1.01140800,1.01154700,1.01163500,1.01168000
0.890000,1.00646100,1.00956400,1.01078300,1.01117700,1.01140900,1.01154700,1.01163600,1.01168100
0.892000,1.00646200,1.00956400,1.01078400,1.01117700,1.01140900,1.01154700,1.01163600,1.01168100
0.894000,1.00646200,1.00956500,1.01078400,1.01117700,1.01140900,1.01154800,1.01163600,1.01168100
0.896000,1.00646200,1.00956500,1.01078400,1.01117700,1.01141000,1.01154800,1.01163600,1.01168200
0.898000,1.00646200,1.00956500,1.01078400,1.01117800,1.01141000,1.01154800,1.01163700,1.01168200
0.900000,1.00646200,1.00956500,1.01078500,1.01117800,1.01141000,1.01154900,1.01163700,1.01168200
0.902000,1.00646200,1.00956600,1.01078500,1.01117800,1.01141100,1.01154900,1.01163700,1.01168200
0.904000,1.00646300,1.00956600,1.01078500,1.01117900,1.01141100,1.01154900,1.01163800,1.01168300
0.906000,1.00646300,1.00956600,1.01078600,1.01117900,1.01141100,1.01154900,1.01163800,1.01168300
0.908000,1.00646300,1.00956600,1.01078600,1.01117900,1.01141100,1.01155000,1.01163800,1.01168300
0.910000,1.00646300,1.00956700,1.01078600,1.01117900,1.01141200,1.01155000,1.01163900,1.01168400
0.912000,1.00646300,1.00956700,1.01078600,1.01118000,1.01141200,1.01155000,1.01163900,1.01168400
0.914000,1.00646400,1.00956700,1.01078700,1.01118000,1.01141200,1.01155100,1.01163900,1.01168400
0.916000,1.00646400,1.00956700,1.01078700,1.01118000,1.01141300,1.01155100,1.01163900,1.01168500
0.918000,1.00646400,1.00956800,1.01078700,1.01118100,1.01141300,1.01155100,1.01164000,1.01168500
0.920000,1.00646400,1.00956800,1.01078700,1.01118100,1.01141300,1.01155100,1.01164000,1.01168500
0.922000,1.00646400,1.00956800,1.01078800,1.01118100,1.01141400,1.01155200,1.01164000,1.01168500
0.924000,1.00646400,1.00956800,1.01078800,1.01118100,1.01141400,1.01155200,1.01164100,1.01168600
0.926000,1.00646500,1.00956900,1.01078800,1.01118200,1.01141400,1.01155200,1.01164100,1.01168600
0.928000,1.00646500,1.00956900,1.01078900,1.01118200,1.01141400,1.01155300,1.01164100,1.01168600
0.930000,1.00646500,1.00956900,1.01078900,1.01118200,1.01141500,1.01155300,1.01164200,1.01168700
0.932000,1.00646500,1.00957000,1.01078900,1.01118300,1.01141500,1.01155300,1.01164200,1.01168700
0.934000,1.00646500,1.00957000,1.01079000,1.01118300,1.01141500,1.01155400,1.01164200,1.01168700
0.936000,1.00646600,1.00957000,1.01079000,1.01118300,1.01141600,1.01155400,1.01164200,1.01168800
0.938000,1.00646600,1.00957000,1.01079000,1.01118400,1.01141600,1.01155400,1.01164300,1.01168800
0.940000,1.00646600,1.00957000,1.01079000,1.01118400,1.01141600,1.01155400,1.01164300,1.01168800
0.942000,1.00646600,1.00957100,1.01079100,1.01118400,1.01141600,1.01155500,1.01164300,1.01168800
0.944000,1.00646600,1.00957100,1.01079100,1.01118400,1.01141700,1.01155500,1.01164400,1.01168900
0.946000,1.00646700,1.00957100,1.01079100,1.01118500,1.01141700,1.01155500,1.01164400,1.01168900
0.948000,1.00646700,1.00957200,1.01079200,1.01118500,1.01141700,1.01155600,1.01164400,1.01168900
0.950000,1.00646700,1.00957200,1.01079200,1.01118500,1.01141800,1.01155600,1.01164500,1.01169000
0.952000,1.00646700,1.00957200,1.01079200,1.01118600,1.01141800,1.01155600,1.01164500,1.01169000
0.954000,1.00646700,1.00957200,1.01079200,1.01118600,1.01141800,1.01155700,1.01164500,1.01169000
0.956000,1.00646700,1.00957300,1.01079300,1.01118600,1.01141900,1.01155700,1.01164500,1.01169000
0.958000,1.00646800,1.00957300,1.01079300,1.01118600,1.01141900,1.01155700,1.01164600,1.01169100
0.960000,1.00646800,1.00957300,1.01079300,1.01118700,1.01141900,1.01155700,1.01164600,1.01169100
0.962000,1.00646800,1.00957300,1.01079400,1.01118700,1.01141900,1.01155800,1.01164600,1.01169100
0.964000,1.00646800,1.00957400,1.01079400,1.01118700,1.01142000,1.01155800,1.01164700,1.01169200
0.966000,1.00646800,1.00957400,1.01079400,1.01118800,1.01142000,1.01155800,1.01164700,1.01169200
0.968000,1.00646900,1.00957400,1.01079400,1.01118800,1.01142000,1.01155900,1.01164700,1.01169200
0.970000,1.00646900,1.00957400,1.01079500,1.01118800,1.01142100,1.01155900,1.01164700,1.01169300
0.972000,1.00646900,1.00957500,1.01079500,1.01118900,1.01142100,1.01155900,1.01164800,1.01169300
0.974000,1.00646900,1.00957500,1.01079500,1.01118900,1.01142100,1.01155900,1.01164800,1.01169300
0.976000,1.00646900,1.00957500,1.01079500,1.01118900,1.01142100,1.01156000,1.01164800,1.01169300
0.978000,1.00646900,1.00957500,1.01079600,1.01118900,1.01142200,1.01156000,1.01164900,1.01169400
0.980000,1.00647000,1.00957600,1.01079600,1.01119000,1.01142200,1.01156000,1.01164900,1.01169400
0.982000,1.00647000,1.00957600,1.01079600,1.01119000,1.01142200,1.01156100,1.01164900,1.01169400
0.984000,1.00647000,1.00957600,1.01079700,1.01119000,1.01142300,1.01156100,1.01165000,1.01169500
0.986000,1.00647000,1.00957700,1.01079700,1.01119100,1.01142300,1.01156100,1.01165000,1.01169500
0.988000,1.00647000,1.00957700,1.01079700,1.01119100,1.01142300,1.01156200,1.01165000,1.01169500
0.990000,1.00647100,1.00957700,1.01079800,1.01119100,1.01142400,1.01156200,1.01165100,1.01169600
0.992000,1.00647100,1.00957700,1.01079800,1.01119100,1.01142400,1.01156200,1.01165100,1.01169600
0.994000,1.00647100,1.00957800,1.01079800,1.01119200,1.01142400,1.01156200,1.01165100,1.01169600
0.996000,1.00647100,1.00957800,1.01079800,1.01119200,1.01142400,1.01156300,1.01165100,1.01169600
0.998000,1.00647100,1.00957800,1.01079900,1.01119200,1.01142500,1.01156300,1.01165200,1.01169700
1.000000,1.00647200,1.00957800,1.01079900,1.01119300,1.01142500,1.01156300,1.01165200,1.01169700
1.002000,1.00647200,1.00957900,1.01079900,1.01119300,1.01142500,1.01156400,1.01165200,1.01169700
1.004000,1.00647200,1.00957900,1.01080000,1.01119300,1.01142600,1.01156400,1.01165300,1.01169800
1.006000,1.00647200,1.00957900,1.01080000,1.01119400,1.01142600,1.01156400,1.01165300,1.01169800
1.008000,1.00647200,1.00957900,1.01080000,1.01119400,1.01142600,1.01156400,1.01165300,1.01169800
1.010000,1.00647200,1.00958000,1.01080000,1.01119400,1.01142700,1.01156500,1.01165400,1.01169900
1.012000,1.00647300,1.00958000,1.01080100,1.01119400,1.01142700,1.01156500,1.01165400,1.01169900
1.014000,1.00647300,1.00958000,1.01080100,1.01119500,1.01142700,1.01156500,1.01165400,1.01169900
1.016000,1.00647300,1.00958000,1.01080100,1.01119500,1.01142700,1.01156600,1.01165400,1.01169900
1.018000,1.00647300,1.00958100,1.01080200,1.01119500,1.01142800,1.01156600,1.01165500,1.01170000
1.020000,1.00647300,1.00958100,1.01080200,1.01119600,1.01142800,1.01156600,1.01165500,1.01170000
1.022000,1.00647400,1.00958100,1.01080200,1.01119600,1.01142800,1.01156700,1.01165500,1.01170000
1.024000,1.00647400,1.00958100,1.01080200,1.01119600,1.01142900,1.01156700,1.01165600,1.01170100
1.026000,1.00647400,1.00958200,1.01080300,1.01119600,1.01142900,1.01156700,1.01165600,1.01170100
1.028000,1.00647400,1.00958200,1.01080300,1.01119700,1.01142900,1.01156700,1.01165600,1.01170100
1.030000,1.00647400,1.00958200,1.01080300,1.01119700,1.01142900,1.01156800,1.01165700,1.01170200
1.032000,1.00647400,1.00958300,1.01080300,1.01119700,1.01143000,1.01156800,1.01165700,1.01170200
1.034000,1.00647500,1.00958300,1.01080400,1.01119800,1.01143000,1.01156800,1.01165700,1.01170200
1.036000,1.00647500,1.00958300,1.01080400,1.01119800,1.01143000,1.01156900,1.01165700,1.01170200
1.038000,1.00647500,1.00958300,1.01080400,1.01119800,1.01143100,1.01156900,1.01165800,1.01170300
1.040000,1.00647500,1.00958400,1.01080500,1.01119900,1.01143100,1.01156900,1.01165800,1.01170300
1.042000,1.00647500,1.00958400,1.01080500,1.01119900,1.01143100,1.01157000,1.01165800,1.01170300
1.044000,1.00647600,1.00958400,1.01080500,1.01119900,1.01143200,1.01157000,1.01165900,1.01170400
1.046000,1.00647600,1.00958400,1.01080500,1.01119900,1.01143200,1.01157000,1.01165900,1.01170400
1.048000,1.00647600,1.00958500,1.01080600,1.01120000,1.01143200,1.01157000,1.01165900,1.01170400
1.050000,1.00647600,1.00958500,1.01080600,1.01120000,1.01143200,1.01157100,1.01166000,1.01170500
1.052000,1.00647600,1.00958500,1.01080600,1.01120000,1.01143300,1.01157100,1.01166000,1.01170500
1.054000,1.00647700,1.00958500,1.01080700,1.01120100,1.01143300,1.01157100,1.01166000,1.01170500
1.056000,1.00647700,1.00958600,1.01080700,1.01120100,1.01143300,1.01157200,1.01166000,1.01170500
1.058000,1.00647700,1.00958600,1.01080700,1.01120100,1.01143400,1.01157200,1.01166100,1.01170600
1.060000,1.00647700,1.00958600,1.01080800,1.01120100,1.01143400,1.01157200,1.01166100,1.01170600
1.062000,1.00647700,1.00958600,1.01080800,1.01120200,1.01143400,1.01157300,1.01166100,1.01170600
1.064000,1.00647700,1.00958700,1.01080800,1.01120200,1.01143500,1.01157300,1.01166200,1.01170700
1.066000,1.00647800,1.00958700,1.01080800,1.01120200,1.01143500,1.01157300,1.01166200,1.01170700
1.068000,1.00647800,1.00958700,1.01080900,1.01120300,1.01143500,1.01157300,1.01166200,1.01170700
1.070000,1.00647800,1.00958700,1.01080900,1.01120300,1.01143500,1.01157400,1.01166200,1.01170800
1.072000,1.00647800,1.00958800,1.01080900,1.01120300,1.01143600,1.01157400,1.01166300,1.01170800
1.074000,1.00647800,1.00958800,1.01081000,1.01120300,1.01143600,1.01157400,1.01166300,1.01170800
1.076000,1.00647900,1.00958800,1.01081000,1.01120400,1.01143600,1.01157500,1.01166300,1.01170800
1.078000,1.00647900,1.00958800,1.01081000,1.01120400,1.01143700,1.01157500,1.01166400,1.01170900
1.080000,1.00647900,1.00958900,1.01081000,1.01120400,1.01143700,1.01157500,1.01166400,1.01170900
1.082000,1.00647900,1.00958900,1.01081100,1.01120500,1.01143700,1.01157600,1.01166400,1.01170900
1.084000,1.00647900,1.00958900,1.01081100,1.01120500,1.01143700,1.01157600,1.01166500,1.01171000
1.086000,1.00648000,1.00959000,1.01081100,1.01120500,1.01143800,1.01157600,1.01166500,1.01171000
1.088000,1.00648000,1.00959000,1.01081200,1.01120500,1.01143800,1.01157600,1.01166500,1.01171000
1.090000,1.00648000,1.00959000,1.01081200,1.01120600,1.01143800,1.01157700,1.01166500,1.01171100
1.092000,1.00648000,1.00959000,1.01081200,1.01120600,1.01143900,1.01157700,1.01166600,1.01171100
1.094000,1.00648000,1.00959100,1.01081200,1.01120600,1.01143900,1.01157700,1.01166600,1.01171100
1.096000,1.00648000,1.00959100,1.01081300,1.01120700,1.01143900,1.01157800,1.01166600,1.01171100
1.098000,1.00648100,1.00959100,1.01081300,1.01120700,1.01144000,1.01157800,1.01166700,1.01171200
1.100000,1.00648100,1.00959100,1.01081300,1.01120700,1.01144000,1.01157800,1.01166700,1.01171200
1.102000,1.00648100,1.00959200,1.01081300,1.01120800,1.01144000,1.01157900,1.01166700,1.01171200
1.104000,1.00648100,1.00959200,1.01081400,1.01120800,1.01144000,1.01157900,1.01166700,1.01171300
1.106000,1.00648100,1.00959200,1.01081400,1.01120800,1.01144100,1.01157900,1.01166800,1.01171300
1.108000,1.00648200,1.00959200,1.01081400,1.01120800,1.01144100,1.01157900,1.01166800,1.01171300
1.110000,1.00648200,1.00959300,1.01081500,1.01120900,1.01144100,1.01158000,1.01166800,1.01171400
1.112000,1.00648200,1.00959300,1.01081500,1.01120900,1.01144200,1.01158000,1.01166900,1.01171400
1.114000,1.00648200,1.00959300,1.01081500,1.01120900,1.01144200,1.01158000,1.01166900,1.01171400
1.116000,1.00648200,1.00959300,1.01081600,1.01121000,1.01144200,1.01158100,1.01166900,1.01171400
1.118000,1.00648200,1.00959400,1.01081600,1.01121000,1.01144300,1.01158100,1.01167000,1.01171500
1.120000,1.00648300,1.00959400,1.01081600,1.01121000,1.01144300,1.01158100,1.01167000,1.01171500
1.122000,1.00648300,1.00959400,1.01081600,1.01121000,1.01144300,1.01158200,1.01167000,1.01171500
1.124000,1.00648300,1.00959500,1.01081700,1.01121100,1.01144300,1.01158200,1.01167000,1.01171600
1.126000,1.00648300,1.00959500,1.01081700,1.01121100,1.01144400,1.01158200,1.01167100,1.01171600
1.128000,1.00648300,1.00959500,1.01081700,1.01121100,1.01144400,1.01158200,1.01167100,1.01171600
1.130000,1.00648400,1.00959500,1.01081800,1.01121200,1.01144400,1.01158300,1.01167100,1.01171600
1.132000,1.00648400,1.00959600,1.01081800,1.01121200,1.01144500,1.01158300,1.01167200,1.01171700
1.134000,1.00648400,1.00959600,1.01081800,1.01121200,1.01144500,1.01158300,1.01167200,1.01171700
1.136000,1.00648400,1.00959600,1.01081800,1.01121200,1.01144500,1.01158400,1.01167200,1.01171700
1.138000,1.00648400,1.00959600,1.01081900,1.01121300,1.01144600,1.01158400,1.01167300,1.01171800
1.140000,1.00648500,1.00959700,1.01081900,1.01121300,1.01144600,1.01158400,1.01167300,1.01171800
1.142000,1.00648500,1.00959700,1.01081900,1.01121300,1.01144600,1.01158500,1.01167300,1.01171800
1.144000,1.00648500,1.00959700,1.01082000,1.01121400,1.01144600,1.01158500,1.01167400,1.01171900
1.146000,1.00648500,1.00959700,1.01082000,1.01121400,1.01144700,1.01158500,1.01167400,1.01171900
1.148000,1.00648500,1.00959800,1.01082000,1.01121400,1.01144700,1.01158500,1.01167400,1.01171900
1.150000,1.00648500,1.00959800,1.01082000,1.01121500,1.01144700,1.01158600,1.01167400,1.01171900
1.152000,1.00648600,1.00959800,1.01082100,1.01121500,1.01144800,1.01158600,1.01167500,1.01172000
1.154000,1.00648600,1.00959800,1.01082100,1.01121500,1.01144800,1.01158600,1.01167500,1.01172000
1.156000,1.00648600,1.00959900,1.01082100,1.01121500,1.01144800,1.01158700,1.01167500,1.01172000
1.158000,1.00648600,1.00959900,1.01082200,1.01121600,1.01144800,1.01158700,1.01167600,1.01172100
1.160000,1.00648600,1.00959900,1.01082200,1.01121600,1.01144900,1.01158700,1.01167600,1.01172100
1.162000,1.00648700,1.00959900,1.01082200,1.01121600,1.01144900,1.01158800,1.01167600,1.01172100
1.164000,1.00648700,1.00960000,1.01082200,1.01121700,1.01144900,1.01158800,1.01167700,1.01172200
1.166000,1.00648700,1.00960000,1.01082300,1.01121700,1.01145000,1.01158800,1.01167700,1.01172200
1.168000,1.00648700,1.00960000,1.01082300,1.01121700,1.01145000,1.01158800,1.01167700,1.01172200
1.170000,1.00648700,1.00960100,1.01082300,1.01121700,1.01145000,1.01158900,1.01167700,1.01172300
1.172000,1.00648800,1.00960100,1.01082400,1.01121800,1.01145100,1.01158900,1.01167800,1.01172300
1.174000,1.00648800,1.00960100,1.01082400,1.01121800,1.01145100,1.01158900,1.01167800,1.01172300
1.176000,1.00648800,1.00960100,1.01082400,1.01121800,1.01145100,1.01159000,1.01167800,1.01172300
1.178000,1.00648800,1.00960200,1.01082400,1.01121900,1.01145100,1.01159000,1.01167900,1.01172400
1.180000,1.00648800,1.00960200,1.01082500,1.01121900,1.01145200,1.01159000,1.01167900,1.01172400
1.182000,1.00648800,1.00960200,1.01082500,1.01121900,1.01145200,1.01159000,1.01167900,1.01172400
1.184000,1.00648900,1.00960200,1.01082500,1.01122000,1.01145200,1.01159100,1.01168000,1.01172500
1.186000,1.00648900,1.00960300,1.01082600,1.01122000,1.01145300,1.01159100,1.01168000,1.01172500
1.188000,1.00648900,1.00960300,1.01082600,1.01122000,1.01145300,1.01159100,1.01168000,1.01172500
1.190000,1.00648900,1.00960300,1.01082600,1.01122000,1.01145300,1.01159200,1.01168000,1.01172600
1.192000,1.00648900,1.00960300,1.01082600,1.01122100,1.01145400,1.01159200,1.01168100,1.01172600
1.194000,1.00649000,1.00960400,1.01082700,1.01122100,1.01145400,1.01159200,1.01168100,1.01172600
1.196000,1.00649000,1.00960400,1.01082700,1.01122100,1.01145400,1.01159300,1.01168100,1.01172600
1.198000,1.00649000,1.00960400,1.01082700,1.01122200,1.01145400,1.01159300,1.01168200,1.01172700
1.200000,1.00649000,1.00960400,1.01082800,1.01122200,1.01145500,1.01159300,1.01168200,1.01172700
1.202000,1.00649000,1.00960500,1.01082800,1.01122200,1.01145500,1.01159300,1.01168200,1.01172700
1.204000,1.00649100,1.00960500,1.01082800,1.01122200,1.01145500,1.01159400,1.01168300,1.01172800
1.206000,1.00649100,1.00960500,1.01082800,1.01122300,1.01145600,1.01159400,1.01168300,1.01172800
1.208000,1.00649100,1.00960600,1.01082900,1.01122300,1.01145600,1.01159400,1.01168300,1.01172800
1.210000,1.00649100,1.00960600,1.01082900,1.01122300,1.01145600,1.01159500,1.01168300,1.01172900
1.212000,1.00649100,1.00960600,1.01082900,1.01122400,1.01145600,1.01159500,1.01168400,1.01172900
1.214000,1.00649100,1.00960600,1.01083000,1.01122400,1.01145700,1.01159500,1.01168400,1.01172900
1.216000,1.00649200,1.00960700,1.01083000,1.01122400,1.01145700,1.01159600,1.01168400,1.01172900
1.218000,1.00649200,1.00960700,1.01083000,1.01122500,1.01145700,1.01159600,1.01168500,1.01173000
1.220000,1.00649200,1.00960700,1.01083000,1.01122500,1.01145800,1.01159600,1.01168500,1.01173000
1.222000,1.00649200,1.00960700,1.01083100,1.01122500,1.01145800,1.01159600,1.01168500,1.01173000
1.224000,1.00649200,1.00960800,1.01083100,1.01122500,1.01145800,1.01159700,1.01168500,1.01173100
1.226000,1.00649300,1.00960800,1.01083100,1.01122600,1.01145900,1.01159700,1.01168600,1.01173100
1.228000,1.00649300,1.00960800,1.01083200,1.01122600,1.01145900,1.01159700,1.01168600,1.01173100
1.230000,1.00649300,1.00960800,1.01083200,1.01122600,1.01145900,1.01159800,1.01168600,1.01173200
1.232000,1.00649300,1.00960900,1.01083200,1.01122700,1.01145900,1.01159800,1.01168700,1.01173200
1.234000,1.00649300,1.00960900,1.01083200,1.01122700,1.01146000,1.01159800,1.01168700,1.01173200
1.236000,1.00649400,1.00960900,1.01083300,1.01122700,1.01146000,1.01159900,1.01168700,1.01173200
1.238000,1.00649400,1.00960900,1.01083300,1.01122700,1.01146000,1.01159900,1.01168800,1.01173300
1.240000,1.00649400,1.00961000,1.01083300,1.01122800,1.01146100,1.01159900,1.01168800,1.01173300
1.242000,1.00649400,1.00961000,1.01083400,1.01122800,1.01146100,1.01159900,1.01168800,1.01173300
1.244000,1.00649400,1.00961000,1.01083400,1.01122800,1.01146100,1.01160000,1.01168800,1.01173400
1.246000,1.00649500,1.00961100,1.01083400,1.01122900,1.01146100,1.01160000,1.01168900,1.01173400
1.248000,1.00649500,1.00961100,1.01083400,1.01122900,1.01146200,1.01160000,1.01168900,1.01173400
1.250000,1.00649500,1.00961100,1.01083500,1.01122900,1.01146200,1.01160100,1.01168900,1.01173400
1.252000,1.00649500,1.00961100,1.01083500,1.01123000,1.01146200,1.01160100,1.01169000,1.01173500
1.254000,1.00649500,1.00961100,1.01083500,1.01123000,1.01146300,1.01160100,1.01169000,1.01173500
1.256000,1.00649500,1.00961200,1.01083600,1.01123000,1.01146300,1.01160200,1.01169000,1.01173500
1.258000,1.00649600,1.00961200,1.01083600,1.01123000,1.01146300,1.01160200,1.01169100,1.01173600
1.260000,1.00649600,1.00961200,1.01083600,1.01123100,1.01146400,1.01160200,1.01169100,1.01173600
1.262000,1.00649600,1.00961300,1.01083600,1.01123100,1.01146400,1.01160200,1.01169100,1.01173600
1.264000,1.00649600,1.00961300,1.01083700,1.01123100,1.01146400,1.01160300,1.01169200,1.01173700
1.266000,1.00649600,1.00961300,1.01083700,1.01123200,1.01146400,1.01160300,1.01169200,1.01173700
1.268000,1.00649700,1.00961300,1.01083700,1.01123200,1.01146500,1.01160300,1.01169200,1.01173700
1.270000,1.00649700,1.00961400,1.01083800,1.01123200,1.01146500,1.01160400,1.01169200,1.01173800
1.272000,1.00649700,1.00961400,1.01083800,1.01123200,1.01146500,1.01160400,1.01169300,1.01173800
1.274000,1.00649700,1.00961400,1.01083800,1.01123300,1.01146600,1.01160400,1.01169300,1.01173800
1.276000,1.00649700,1.00961400,1.01083900,1.01123300,1.01146600,1.01160500,1.01169300,1.01173800
1.278000,1.00649800,1.00961500,1.01083900,1.01123300,1.01146600,1.01160500,1.01169400,1.01173900
1.280000,1.00649800,1.00961500,1.01083900,1.01123400,1.01146700,1.01160500,1.01169400,1.01173900
1.282000,1.00649800,1.00961500,1.01083900,1.01123400,1.01146700,1.01160600,1.01169400,1.01173900
1.284000,1.00649800,1.00961500,1.01084000,1.01123400,1.01146700,1.01160600,1.01169500,1.01174000
1.286000,1.00649800,1.00961600,1.01084000,1.01123500,1.01146700,1.01160600,1.01169500,1.01174000
1.288000,1.00649800,1.00961600,1.01084000,1.01123500,1.01146800,1.01160600,1.01169500,1.01174000
1.290000,1.00649900,1.00961600,1.01084100,1.01123500,1.01146800,1.01160700,1.01169500,1.01174100
1.292000,1.00649900,1.00961600,1.01084100,1.01123500,1.01146800,1.01160700,1.01169600,1.01174100
1.294000,1.00649900,1.00961700,1.01084100,1.01123600,1.01146900,1.01160700,1.01169600,1.01174100
1.296000,1.00649900,1.00961700,1.01084100,1.01123600,1.01146900,1.01160800,1.01169600,1.01174100
1.298000,1.00649900,1.00961700,1.01084200,1.01123600,1.01146900,1.01160800,1.01169700,1.01174200
1.300000,1.00650000,1.00961800,1.01084200,1.01123700,1.01147000,1.01160800,1.01169700,1.01174200
1.302000,1.00650000,1.00961800,1.01084200,1.01123700,1.01147000,1.01160800,1.01169700,1.01174200
1.304000,1.00650000,1.00961800,1.01084300,1.01123700,1.01147000,1.01160900,1.01169800,1.01174300
1.306000,1.00650000,1.00961800,1.01084300,1.01123800,1.01147000,1.01160900,1.01169800,1.01174300
1.308000,1.00650000,1.00961900,1.01084300,1.01123800,1.01147100,1.01160900,1.01169800,1.01174300
1.310000,1.00650000,1.00961900,1.01084300,1.01123800,1.01147100,1.01161000,1.01169800,1.01174400
1.312000,1.00650100,1.00961900,1.01084400,1.01123800,1.01147100,1.01161000,1.01169900,1.01174400
1.314000,1.00650100,1.00961900,1.01084400,1.01123900,1.01147200,1.01161000,1.01169900,1.01174400
1.316000,1.00650100,1.00962000,1.01084400,1.01123900,1.01147200,1.01161100,1.01169900,1.01174400
1.318000,1.00650100,1.00962000,1.01084500,1.01123900,1.01147200,1.01161100,1.01170000,1.01174500
1.320000,1.00650100,1.00962000,1.01084500,1.01124000,1.01147300,1.01161100,1.01170000,1.01174500
1.322000,1.00650200,1.00962000,1.01084500,1.01124000,1.01147300,1.01161100,1.01170000,1.01174500
1.324000,1.00650200,1.00962100,1.01084500,1.01124000,1.01147300,1.01161200,1.01170100,1.01174600
1.326000,1.00650200,1.00962100,1.01084600,1.01124000,1.01147300,1.01161200,1.01170100,1.01174600
1.328000,1.00650200,1.00962100,1.01084600,1.01124100,1.01147400,1.01161200,1.01170100,1.01174600
1.330000,1.00650200,1.00962200,1.01084600,1.01124100,1.01147400,1.01161300,1.01170100,1.01174700
1.332000,1.00650300,1.00962200,1.01084600,1.01124100,1.01147400,1.01161300,1.01170200,1.01174700
1.334000,1.00650300,1.00962200,1.01084700,1.01124200,1.01147500,1.01161300,1.01170200,1.01174700
1.336000,1.00650300,1.00962200,1.01084700,1.01124200,1.01147500,1.01161300,1.01170200,1.01174700
1.338000,1.00650300,1.00962300,1.01084700,1.01124200,1.01147500,1.01161400,1.01170300,1.01174800
1.340000,1.00650300,1.00962300,1.01084800,1.01124300,1.01147600,1.01161400,1.01170300,1.01174800
1.342000,1.00650300,1.00962300,1.01084800,1.01124300,1.01147600,1.01161400,1.01170300,1.01174800
1.344000,1.00650400,1.00962300,1.01084800,1.01124300,1.01147600,1.01161500,1.01170300,1.01174900
1.346000,1.00650400,1.00962400,1.01084900,1.01124300,1.01147600,1.01161500,1.01170400,1.01174900
1.348000,1.00650400,1.00962400,1.01084900,1.01124400,1.01147700,1.01161500,1.01170400,1.01174900
1.350000,1.00650400,1.00962400,1.01084900,1.01124400,1.01147700,1.01161600,1.01170400,1.01175000
1.352000,1.00650400,1.00962400,1.01084900,1.01124400,1.01147700,1.01161600,1.01170500,1.01175000
1.354000,1.00650500,1.00962500,1.01085000,1.01124500,1.01147800,1.01161600,1.01170500,1.01175000
1.356000,1.00650500,1.00962500,1.01085000,1.01124500,1.01147800,1.01161700,1.01170500,1.01175000
1.358000,1.00650500,1.00962500,1.01085000,1.01124500,1.01147800,1.01161700,1.01170600,1.01175100
1.360000,1.00650500,1.00962500,1.01085100,1.01124500,1.01147900,1.01161700,1.01170600,1.01175100
1.362000,1.00650500,1.00962600,1.01085100,1.01124600,1.01147900,1.01161700,1.01170600,1.01175100
1.364000,1.00650600,1.00962600,1.01085100,1.01124600,1.01147900,1.01161800,1.01170700,1.01175200
1.366000,1.00650600,1.00962600,1.01085200,1.01124600,1.01147900,1.01161800,1.01170700,1.01175200
1.368000,1.00650600,1.00962700,1.01085200,1.01124700,1.01148000,1.01161800,1.01170700,1.01175200
1.370000,1.00650600,1.00962700,1.01085200,1.01124700,1.01148000,1.01161900,1.01170700,1.01175300
1.372000,1.00650600,1.00962700,1.01085200,1.01124700,1.01148000,1.01161900,1.01170800,1.01175300
1.374000,1.00650700,1.00962700,1.01085300,1.01124800,1.01148100,1.01161900,1.01170800,1.01175300
1.376000,1.00650700,1.00962800,1.01085300,1.01124800,1.01148100,1.01162000,1.01170800,1.01175400
1.378000,1.00650700,1.00962800,1.01085300,1.01124800,1.01148100,1.01162000,1.01170900,1.01175400
1.380000,1.00650700,1.00962800,1.01085400,1.01124800,1.01148200,1.01162000,1.01170900,1.01175400
1.382000,1.00650700,1.00962800,1.01085400,1.01124900,1.01148200,1.01162000,1.01170900,1.01175400
1.384000,1.00650700,1.00962900,1.01085400,1.01124900,1.01148200,1.01162100,1.01171000,1.01175500
1.386000,1.00650800,1.00962900,1.01085400,1.01124900,1.01148200,1.01162100,1.01171000,1.01175500
1.388000,1.00650800,1.00962900,1.01085500,1.01125000,1.01148300,1.01162100,1.01171000,1.01175500
1.390000,1.00650800,1.00962900,1.01085500,1.01125000,1.01148300,1.01162200,1.01171100,1.01175600
1.392000,1.00650800,1.00963000,1.01085500,1.01125000,1.01148300,1.01162200,1.01171100,1.01175600
1.394000,1.00650800,1.00963000,1.01085500,1.01125000,1.01148400,1.01162200,1.01171100,1.01175600
1.396000,1.00650900,1.00963000,1.01085600,1.01125100,1.01148400,1.01162300,1.01171100,1.01175700
1.398000,1.00650900,1.00963000,1.01085600,1.01125100,1.01148400,1.01162300,1.01171200,1.01175700
1.400000,1.00650900,1.00963100,1.01085600,1.01125100,1.01148500,1.01162300,1.01171200,1.01175700
1.402000,1.00650900,1.00963100,1.01085700,1.01125200,1.01148500,1.01162400,1.01171200,1.01175700
1.404000,1.00650900,1.00963100,1.01085700,1.01125200,1.01148500,1.01162400,1.01171300,1.01175800
1.406000,1.00651000,1.00963200,1.01085700,1.01125200,1.01148500,1.01162400,1.01171300,1.01175800
1.408000,1.00651000,1.00963200,1.01085700,1.01125300,1.01148600,1.01162400,1.01171300,1.01175800
1.410000,1.00651000,1.00963200,1.01085800,1.01125300,1.01148600,1.01162500,1.01171400,1.01175900
1.412000,1.00651000,1.00963200,1.01085800,1.01125300,1.01148600,1.01162500,1.01171400,1.01175900
1.414000,1.00651000,1.00963300,1.01085800,1.01125300,1.01148700,1.01162500,1.01171400,1.01175900
1.416000,1.00651000,1.00963300,1.01085900,1.01125400,1.01148700,1.01162600,1.01171400,1.01176000
1.418000,1.00651100,1.00963300,1.01085900,1.01125400,1.01148700,1.01162600,1.01171500,1.01176000
1.420000,1.00651100,1.00963300,1.01085900,1.01125400,1.01148700,1.01162600,1.01171500,1.01176000
1.422000,1.00651100,1.00963400,1.01085900,1.01125500,1.01148800,1.01162600,1.01171500,1.01176000
1.424000,1.00651100,1.00963400,1.01086000,1.01125500,1.01148800,1.01162700,1.01171600,1.01176100
1.426000,1.00651100,1.00963400,1.01086000,1.01125500,1.01148800,1.01162700,1.01171600,1.01176100
1.428000,1.00651200,1.00963400,1.01086000,1.01125600,1.01148900,1.01162700,1.01171600,1.01176100
1.430000,1.00651200,1.00963500,1.01086100,1.01125600,1.01148900,1.01162800,1.01171600,1.01176200
1.432000,1.00651200,1.00963500,1.01086100,1.01125600,1.01148900,1.01162800,1.01171700,1.01176200
1.434000,1.00651200,1.00963500,1.01086100,1.01125600,1.01149000,1.01162800,1.01171700,1.01176200
1.436000,1.00651200,1.00963500,1.01086200,1.01125700,1.01149000,1.01162900,1.01171700,1.01176300
1.438000,1.00651300,1.00963600,1.01086200,1.01125700,1.01149000,1.01162900,1.01171800,1.01176300
1.440000,1.00651300,1.00963600,1.01086200,1.01125700,1.01149000,1.01162900,1.01171800,1.01176300
1.442000,1.00651300,1.00963600,1.01086200,1.01125800,1.01149100,1.01162900,1.01171800,1.01176300
1.444000,1.00651300,1.00963700,1.01086300,1.01125800,1.01149100,1.01163000,1.01171900,1.01176400
1.446000,1.00651300,1.00963700,1.01086300,1.01125800,1.01149100,1.01163000,1.01171900,1.01176400
1.448000,1.00651300,1.00963700,1.01086300,1.01125800,1.01149200,1.01163000,1.01171900,1.01176400
1.450000,1.00651400,1.00963700,1.01086400,1.01125900,1.01149200,1.01163100,1.01172000,1.01176500
1.452000,1.00651400,1.00963800,1.01086400,1.01125900,1.01149200,1.01163100,1.01172000,1.01176500
1.454000,1.00651400,1.00963800,1.01086400,1.01125900,1.01149300,1.01163100,1.01172000,1.01176500
1.456000,1.00651400,1.00963800,1.01086400,1.01126000,1.01149300,1.01163200,1.01172000,1.01176600
1.458000,1.00651400,1.00963800,1.01086500,1.01126000,1.01149300,1.01163200,1.01172100,1.01176600
1.460000,1.00651500,1.00963900,1.01086500,1.01126000,1.01149300,1.01163200,1.01172100,1.01176600
1.462000,1.00651500,1.00963900,1.01086500,1.01126100,1.01149400,1.01163200,1.01172100,1.01176600
1.464000,1.00651500,1.00963900,1.01086600,1.01126100,1.01149400,1.01163300,1.01172200,1.01176700
1.466000,1.00651500,1.00963900,1.01086600,1.01126100,1.01149400,1.01163300,1.01172200,1.01176700
1.468000,1.00651500,1.00964000,1.01086600,1.01126100,1.01149500,1.01163300,1.01172200,1.01176700
1.470000,1.00651600,1.00964000,1.01086700,1.01126200,1.01149500,1.01163400,1.01172300,1.01176800
1.472000,1.00651600,1.00964000,1.01086700,1.01126200,1.01149500,1.01163400,1.01172300,1.01176800
1.474000,1.00651600,1.00964000,1.01086700,1.01126200,1.01149600,1.01163400,1.01172300,1.01176800
1.476000,1.00651600,1.00964100,1.01086700,1.01126300,1.01149600,1.01163500,1.01172300,1.01176900
1.478000,1.00651600,1.00964100,1.01086800,1.01126300,1.01149600,1.01163500,1.01172400,1.01176900
1.480000,1.00651600,1.00964100,1.01086800,1.01126300,1.01149600,1.01163500,1.01172400,1.01176900
1.482000,1.00651700,1.00964200,1.01086800,1.01126300,1.01149700,1.01163500,1.01172400,1.01177000
1.484000,1.00651700,1.00964200,1.01086900,1.01126400,1.01149700,1.01163600,1.01172500,1.01177000
1.486000,1.00651700,1.00964200,1.01086900,1.01126400,1.01149700,1.01163600,1.01172500,1.01177000
1.488000,1.00651700,1.00964200,1.01086900,1.01126400,1.01149800,1.01163600,1.01172500,1.01177000
1.490000,1.00651700,1.00964300,1.01086900,1.01126500,1.01149800,1.01163700,1.01172600,1.01177100
1.492000,1.00651800,1.00964300,1.01087000,1.01126500,1.01149800,1.01163700,1.01172600,1.01177100
1.494000,1.00651800,1.00964300,1.01087000,1.01126500,1.01149900,1.01163700,1.01172600,1.01177100
1.496000,1.00651800,1.00964300,1.01087000,1.01126600,1.01149900,1.01163800,1.01172600,1.01177200
1.498000,1.00651800,1.00964400,1.01087100,1.01126600,1.01149900,1.01163800,1.01172700,1.01177200
1.500000,1.00651800,1.00964400,1.01087100,1.01126600,1.01149900,1.01163800,1.01172700,1.01177200
1.502000,1.00651900,1.00964400,1.01087100,1.01126600,1.01150000,1.01163900,1.01172700,1.01177300
1.504000,1.00651900,1.00964400,1.01087100,1.01126700,1.01150000,1.01163900,1.01172800,1.01177300
1.506000,1.00651900,1.00964500,1.01087200,1.01126700,1.01150000,1.01163900,1.01172800,1.01177300
1.508000,1.00651900,1.00964500,1.01087200,1.01126700,1.01150100,1.01163900,1.01172800,1.01177300
1.510000,1.00651900,1.00964500,1.01087200,1.01126800,1.01150100,1.01164000,1.01172900,1.01177400
1.512000,1.00652000,1.00964500,1.01087300,1.01126800,1.01150100,1.01164000,1.01172900,1.01177400
1.514000,1.00652000,1.00964600,1.01087300,1.01126800,1.01150200,1.01164000,1.01172900,1.01177400
1.516000,1.00652000,1.00964600,1.01087300,1.01126800,1.01150200,1.01164100,1.01172900,1.01177500
1.518000,1.00652000,1.00964600,1.01087300,1.01126900,1.01150200,1.01164100,1.01173000,1.01177500
1.520000,1.00652000,1.00964700,1.01087400,1.01126900,1.01150200,1.01164100,1.01173000,1.01177500
1.522000,1.00652100,1.00964700,1.01087400,1.01126900,1.01150300,1.01164200,1.01173000,1.01177600
1.524000,1.00652100,1.00964700,1.01087400,1.01127000,1.01150300,1.01164200,1.01173100,1.01177600
1.526000,1.00652100,1.00964700,1.01087500,1.01127000,1.01150300,1.01164200,1.01173100,1.01177600
1.528000,1.00652100,1.00964800,1.01087500,1.01127000,1.01150400,1.01164200,1.01173100,1.01177600
1.530000,1.00652100,1.00964800,1.01087500,1.01127100,1.01150400,1.01164300,1.01173200,1.01177700
1.532000,1.00652100,1.00964800,1.01087500,1.01127100,1.01150400,1.01164300,1.01173200,1.01177700
1.534000,1.00652200,1.00964800,1.01087600,1.01127100,1.01150500,1.01164300,1.01173200,1.01177700
1.536000,1.00652200,1.00964900,1.01087600,1.01127100,1.01150500,1.01164400,1.01173300,1.01177800
1.538000,1.00652200,1.00964900,1.01087600,1.01127200,1.01150500,1.01164400,1.01173300,1.01177800
1.540000,1.00652200,1.00964900,1.01087700,1.01127200,1.01150500,1.01164400,1.01173300,1.01177800
1.542000,1.00652200,1.00965000,1.01087700,1.01127200,1.01150600,1.01164400,1.01173300,1.01177900
1.544000,1.00652300,1.00965000,1.01087700,1.01127300,1.01150600,1.01164500,1.01173400,1.01177900
1.546000,1.00652300,1.00965000,1.01087700,1.01127300,1.01150600,1.01164500,1.01173400,1.01177900
1.548000,1.00652300,1.00965000,1.01087800,1.01127300,1.01150700,1.01164500,1.01173400,1.01178000
1.550000,1.00652300,1.00965000,1.01087800,1.01127400,1.01150700,1.01164600,1.01173500,1.01178000
1.552000,1.00652300,1.00965100,1.01087800,1.01127400,1.01150700,1.01164600,1.01173500,1.01178000
1.554000,1.00652300,1.00965100,1.01087900,1.01127400,1.01150800,1.01164600,1.01173500,1.01178000
1.556000,1.00652400,1.00965100,1.01087900,1.01127400,1.01150800,1.01164700,1.01173600,1.01178100
1.558000,1.00652400,1.00965200,1.01087900,1.01127500,1.01150800,1.01164700,1.01173600,1.01178100
1.560000,1.00652400,1.00965200,1.01088000,1.01127500,1.01150800,1.01164700,1.01173600,1.01178100
1.562000,1.00652400,1.00965200,1.01088000,1.01127500,1.01150900,1.01164800,1.01173700,1.01178200
1.564000,1.00652400,1.00965200,1.01088000,1.01127600,1.01150900,1.01164800,1.01173700,1.01178200
1.566000,1.00652500,1.00965300,1.01088000,1.01127600,1.01150900,1.01164800,1.01173700,1.01178200
1.568000,1.00652500,1.00965300,1.01088100,1.01127600,1.01151000,1.01164800,1.01173700,1.01178300
1.570000,1.00652500,1.00965300,1.01088100,1.01127700,1.01151000,1.01164900,1.01173800,1.01178300
1.572000,1.00652500,1.00965300,1.01088100,1.01127700,1.01151000,1.01164900,1.01173800,1.01178300
1.574000,1.00652500,1.00965400,1.01088200,1.01127700,1.01151000,1.01164900,1.01173800,1.01178300
1.576000,1.00652600,1.00965400,1.01088200,1.01127700,1.01151100,1.01165000,1.01173900,1.01178400
1.578000,1.00652600,1.00965400,1.01088200,1.01127800,1.01151100,1.01165000,1.01173900,1.01178400
1.580000,1.00652600,1.00965500,1.01088200,1.01127800,1.01151100,1.01165000,1.01173900,1.01178400
1.582000,1.00652600,1.00965500,1.01088300,1.01127800,1.01151200,1.01165100,1.01173900,1.01178500
1.584000,1.00652600,1.00965500,1.01088300,1.01127900,1.01151200,1.01165100,1.01174000,1.01178500
1.586000,1.00652600,1.00965500,1.01088300,1.01127900,1.01151200,1.01165100,1.01174000,1.01178500
1.588000,1.00652700,1.00965600,1.01088400,1.01127900,1.01151300,1.01165200,1.01174000,1.01178600
1.590000,1.00652700,1.00965600,1.01088400,1.01127900,1.01151300,1.01165200,1.01174100,1.01178600
1.592000,1.00652700,1.00965600,1.01088400,1.01128000,1.01151300,1.01165200,1.01174100,1.01178600
1.594000,1.00652700,1.00965600,1.01088400,1.01128000,1.01151400,1.01165200,1.01174100,1.01178600
1.596000,1.00652700,1.00965700,1.01088500,1.01128000,1.01151400,1.01165300,1.01174200,1.01178700
1.598000,1.00652800,1.00965700,1.01088500,1.01128100,1.01151400,1.01165300,1.01174200,1.01178700
1.600000,1.00652800,1.00965700,1.01088500,1.01128100,1.01151400,1.01165300,1.01174200,1.01178700
1.602000,1.00652800,1.00965700,1.01088600,1.01128100,1.01151500,1.01165400,1.01174200,1.01178800
1.604000,1.00652800,1.00965800,1.01088600,1.01128200,1.01151500,1.01165400,1.01174300,1.01178800
1.606000,1.00652800,1.00965800,1.01088600,1.01128200,1.01151500,1.01165400,1.01174300,1.01178800
1.608000,1.00652900,1.00965800,1.01088600,1.01128200,1.01151600,1.01165400,1.01174300,1.01178900
1.610000,1.00652900,1.00965800,1.01088700,1.01128200,1.01151600,1.01165500,1.01174400,1.01178900
1.612000,1.00652900,1.00965900,1.01088700,1.01128300,1.01151600,1.01165500,1.01174400,1.01178900
1.614000,1.00652900,1.00965900,1.01088700,1.01128300,1.01151700,1.01165500,1.01174400,1.01179000
1.616000,1.00652900,1.00965900,1.01088800,1.01128300,1.01151700,1.01165600,1.01174500,1.01179000
1.618000,1.00653000,1.00966000,1.01088800,1.01128400,1.01151700,1.01165600,1.01174500,1.01179000
1.620000,1.00653000,1.00966000,1.01088800,1.01128400,1.01151700,1.01165600,1.01174500,1.01179000
1.622000,1.00653000,1.00966000,1.01088800,1.01128400,1.01151800,1.01165700,1.01174600,1.01179100
1.624000,1.00653000,1.00966000,1.01088900,1.01128500,1.01151800,1.01165700,1.01174600,1.01179100
1.626000,1.00653000,1.00966100,1.01088900,1.01128500,1.01151800,1.01165700,1.01174600,1.01179100
1.628000,1.00653100,1.00966100,1.01088900,1.01128500,1.01151900,1.01165700,1.01174600,1.01179200
1.630000,1.00653100,1.00966100,1.01089000,1.01128500,1.01151900,1.01165800,1.01174700,1.01179200
1.632000,1.00653100,1.00966100,1.01089000,1.01128600,1.01151900,1.01165800,1.01174700,1.01179200
1.634000,1.00653100,1.00966200,1.01089000,1.01128600,1.01152000,1.01165800,1.01174700,1.01179300
1.636000,1.00653100,1.00966200,1.01089000,1.01128600,1.01152000,1.01165900,1.01174800,1.01179300
1.638000,1.00653100,1.00966200,1.01089100,1.01128700,1.01152000,1.01165900,1.01174800,1.01179300
1.640000,1.00653200,1.00966200,1.01089100,1.01128700,1.01152100,1.01165900,1.01174800,1.01179300
1.642000,1.00653200,1.00966300,1.01089100,1.01128700,1.01152100,1.01166000,1.01174900,1.01179400
1.644000,1.00653200,1.00966300,1.01089200,1.01128800,1.01152100,1.01166000,1.01174900,1.01179400
1.646000,1.00653200,1.00966300,1.01089200,1.01128800,1.01152100,1.01166000,1.01174900,1.01179400
1.648000,1.00653200,1.00966300,1.01089200,1.01128800,1.01152200,1.01166100,1.01175000,1.01179500
1.650000,1.00653300,1.00966400,1.01089300,1.01128800,1.01152200,1.01166100,1.01175000,1.01179500
1.652000,1.00653300,1.00966400,1.01089300,1.01128900,1.01152200,1.01166100,1.01175000,1.01179500
1.654000,1.00653300,1.00966400,1.01089300,1.01128900,1.01152300,1.01166100,1.01175000,1.01179600
1.656000,1.00653300,1.00966500,1.01089300,1.01128900,1.01152300,1.01166200,1.01175100,1.01179600
1.658000,1.00653300,1.00966500,1.01089400,1.01129000,1.01152300,1.01166200,1.01175100,1.01179600
1.660000,1.00653400,1.00966500,1.01089400,1.01129000,1.01152300,1.01166200,1.01175100,1.01179600
1.662000,1.00653400,1.00966500,1.01089400,1.01129000,1.01152400,1.01166300,1.01175200,1.01179700
1.664000,1.00653400,1.00966600,1.01089500,1.01129100,1.01152400,1.01166300,1.01175200,1.01179700
1.666000,1.00653400,1.00966600,1.01089500,1.01129100,1.01152400,1.01166300,1.01175200,1.01179700
1.668000,1.00653400,1.00966600,1.01089500,1.01129100,1.01152500,1.01166400,1.01175200,1.01179800
1.670000,1.00653400,1.00966600,1.01089500,1.01129100,1.01152500,1.01166400,1.01175300,1.01179800
1.672000,1.00653500,1.00966700,1.01089600,1.01129200,1.01152500,1.01166400,1.01175300,1.01179800
1.674000,1.00653500,1.00966700,1.01089600,1.01129200,1.01152600,1.01166500,1.01175300,1.01179900
1.676000,1.00653500,1.00966700,1.01089600,1.01129200,1.01152600,1.01166500,1.01175400,1.01179900
1.678000,1.00653500,1.00966800,1.01089700,1.01129300,1.01152600,1.01166500,1.01175400,1.01179900
1.680000,1.00653500,1.00966800,1.01089700,1.01129300,1.01152600,1.01166500,1.01175400,1.01180000
1.682000,1.00653600,1.00966800,1.01089700,1.01129300,1.01152700,1.01166600,1.01175500,1.01180000
1.684000,1.00653600,1.00966800,1.01089800,1.01129400,1.01152700,1.01166600,1.01175500,1.01180000
1.686000,1.00653600,1.00966900,1.01089800,1.01129400,1.01152700,1.01166600,1.01175500,1.01180000
1.688000,1.00653600,1.00966900,1.01089800,1.01129400,1.01152800,1.01166700,1.01175600,1.01180100
1.690000,1.00653600,1.00966900,1.01089800,1.01129400,1.01152800,1.01166700,1.01175600,1.01180100
1.692000,1.00653700,1.00966900,1.01089900,1.01129500,1.01152800,1.01166700,1.01175600,1.01180100
1.694000,1.00653700,1.00967000,1.01089900,1.01129500,1.01152900,1.01166700,1.01175700,1.01180200
1.696000,1.00653700,1.00967000,1.01089900,1.01129500,1.01152900,1.01166800,1.01175700,1.01180200
1.698000,1.00653700,1.00967000,1.01090000,1.01129600,1.01152900,1.01166800,1.01175700,1.01180200
1.700000,1.00653700,1.00967000,1.01090000,1.01129600,1.01152900,1.01166800,1.01175700,1.01180300
1.702000,1.00653800,1.00967100,1.01090000,1.01129600,1.01153000,1.01166900,1.01175800,1.01180300
1.704000,1.00653800,1.00967100,1.01090000,1.01129700,1.01153000,1.01166900,1.01175800,1.01180300
1.706000,1.00653800,1.00967100,1.01090100,1.01129700,1.01153000,1.01166900,1.01175800,1.01180400
1.708000,1.00653800,1.00967100,1.01090100,1.01129700,1.01153100,1.01167000,1.01175900,1.01180400
1.710000,1.00653800,1.00967200,1.01090100,1.01129700,1.01153100,1.01167000,1.01175900,1.01180400
1.712000,1.00653900,1.00967200,1.01090200,1.01129800,1.01153100,1.01167000,1.01175900,1.01180400
1.714000,1.00653900,1.00967200,1.01090200,1.01129800,1.01153200,1.01167100,1.01176000,1.01180500
1.716000,1.00653900,1.00967300,1.01090200,1.01129800,1.01153200,1.01167100,1.01176000,1.01180500
1.718000,1.00653900,1.00967300,1.01090200,1.01129900,1.01153200,1.01167100,1.01176000,1.01180500
1.720000,1.00653900,1.00967300,1.01090300,1.01129900,1.01153300,1.01167100,1.01176000,1.01180600
1.722000,1.00653900,1.00967300,1.01090300,1.01129900,1.01153300,1.01167200,1.01176100,1.01180600
1.724000,1.00654000,1.00967400,1.01090300,1.01129900,1.01153300,1.01167200,1.01176100,1.01180600
1.726000,1.00654000,1.00967400,1.01090400,1.01130000,1.01153300,1.01167200,1.01176100,1.01180700
1.728000,1.00654000,1.00967400,1.01090400,1.01130000,1.01153400,1.01167300,1.01176200,1.01180700
1.730000,1.00654000,1.00967400,1.01090400,1.01130000,1.01153400,1.01167300,1.01176200,1.01180700
1.732000,1.00654000,1.00967500,1.01090500,1.01130100,1.01153400,1.01167300,1.01176200,1.01180700
1.734000,1.00654100,1.00967500,1.01090500,1.01130100,1.01153500,1.01167400,1.01176300,1.01180800
1.736000,1.00654100,1.00967500,1.01090500,1.01130100,1.01153500,1.01167400,1.01176300,1.01180800
1.738000,1.00654100,1.00967500,1.01090500,1.01130200,1.01153500,1.01167400,1.01176300,1.01180800
1.740000,1.00654100,1.00967600,1.01090600,1.01130200,1.01153600,1.01167500,1.01176300,1.01180900
1.742000,1.00654100,1.00967600,1.01090600,1.01130200,1.01153600,1.01167500,1.01176400,1.01180900
1.744000,1.00654100,1.00967600,1.01090600,1.01130200,1.01153600,1.01167500,1.01176400,1.01180900
1.746000,1.00654200,1.00967600,1.01090700,1.01130300,1.01153600,1.01167500,1.01176400,1.01181000
1.748000,1.00654200,1.00967700,1.01090700,1.01130300,1.01153700,1.01167600,1.01176500,1.01181000
1.750000,1.00654200,1.00967700,1.01090700,1.01130300,1.01153700,1.01167600,1.01176500,1.01181000
1.752000,1.00654200,1.00967700,1.01090700,1.01130400,1.01153700,1.01167600,1.01176500,1.01181100
1.754000,1.00654200,1.00967800,1.01090800,1.01130400,1.01153800,1.01167700,1.01176600,1.01181100
1.756000,1.00654300,1.00967800,1.01090800,1.01130400,1.01153800,1.01167700,1.01176600,1.01181100
1.758000,1.00654300,1.00967800,1.01090800,1.01130400,1.01153800,1.01167700,1.01176600,1.01181100
1.760000,1.00654300,1.00967800,1.01090900,1.01130500,1.01153900,1.01167800,1.01176700,1.01181200
1.762000,1.00654300,1.00967900,1.01090900,1.01130500,1.01153900,1.01167800,1.01176700,1.01181200
1.764000,1.00654300,1.00967900,1.01090900,1.01130500,1.01153900,1.01167800,1.01176700,1.01181200
1.766000,1.00654400,1.00967900,1.01090900,1.01130600,1.01153900,1.01167800,1.01176700,1.01181300
1.768000,1.00654400,1.00967900,1.01091000,1.01130600,1.01154000,1.01167900,1.01176800,1.01181300
1.770000,1.00654400,1.00968000,1.01091000,1.01130600,1.01154000,1.01167900,1.01176800,1.01181300
1.772000,1.00654400,1.00968000,1.01091000,1.01130700,1.01154000,1.01167900,1.01176800,1.01181400
1.774000,1.00654400,1.00968000,1.01091100,1.01130700,1.01154100,1.01168000,1.01176900,1.01181400
1.776000,1.00654500,1.00968100,1.01091100,1.01130700,1.01154100,1.01168000,1.01176900,1.01181400
1.778000,1.00654500,1.00968100,1.01091100,1.01130700,1.01154100,1.01168000,1.01176900,1.01181400
1.780000,1.00654500,1.00968100,1.01091100,1.01130800,1.01154200,1.01168100,1.01177000,1.01181500
1.782000,1.00654500,1.00968100,1.01091200,1.01130800,1.01154200,1.01168100,1.01177000,1.01181500
1.784000,1.00654500,1.00968200,1.01091200,1.01130800,1.01154200,1.01168100,1.01177000,1.01181500
1.786000,1.00654600,1.00968200,1.01091200,1.01130900,1.01154200,1.01168100,1.01177000,1.01181600
1.788000,1.00654600,1.00968200,1.01091300,1.01130900,1.01154300,1.01168200,1.01177100,1.01181600
1.790000,1.00654600,1.00968200,1.01091300,1.01130900,1.01154300,1.01168200,1.01177100,1.01181600
1.792000,1.00654600,1.00968300,1.01091300,1.01131000,1.01154300,1.01168200,1.01177100,1.01181700
1.794000,1.00654600,1.00968300,1.01091300,1.01131000,1.01154400,1.01168300,1.01177200,1.01181700
1.796000,1.00654600,1.00968300,1.01091400,1.01131000,1.01154400,1.01168300,1.01177200,1.01181700
1.798000,1.00654700,1.00968300,1.01091400,1.01131000,1.01154400,1.01168300,1.01177200,1.01181800
1.800000,1.00654700,1.00968400,1.01091400,1.01131100,1.01154500,1.01168400,1.01177300,1.01181800
1.802000,1.00654700,1.00968400,1.01091500,1.01131100,1.01154500,1.01168400,1.01177300,1.01181800
1.804000,1.00654700,1.00968400,1.01091500,1.01131100,1.01154500,1.01168400,1.01177300,1.01181800
1.806000,1.00654700,1.00968400,1.01091500,1.01131200,1.01154500,1.01168500,1.01177400,1.01181900
1.808000,1.00654800,1.00968500,1.01091600,1.01131200,1.01154600,1.01168500,1.01177400,1.01181900
1.810000,1.00654800,1.00968500,1.01091600,1.01131200,1.01154600,1.01168500,1.01177400,1.01181900
1.812000,1.00654800,1.00968500,1.01091600,1.01131300,1.01154600,1.01168500,1.01177400,1.01182000
1.814000,1.00654800,1.00968600,1.01091600,1.01131300,1.01154700,1.01168600,1.01177500,1.01182000
1.816000,1.00654800,1.00968600,1.01091700,1.01131300,1.01154700,1.01168600,1.01177500,1.01182000
1.818000,1.00654900,1.00968600,1.01091700,1.01131300,1.01154700,1.01168600,1.01177500,1.01182100
1.820000,1.00654900,1.00968600,1.01091700,1.01131400,1.01154800,1.01168700,1.01177600,1.01182100
1.822000,1.00654900,1.00968700,1.01091800,1.01131400,1.01154800,1.01168700,1.01177600,1.01182100
1.824000,1.00654900,1.00968700,1.01091800,1.01131400,1.01154800,1.01168700,1.01177600,1.01182200
1.826000,1.00654900,1.00968700,1.01091800,1.01131500,1.01154900,1.01168800,1.01177700,1.01182200
1.828000,1.00654900,1.00968700,1.01091800,1.01131500,1.01154900,1.01168800,1.01177700,1.01182200
1.830000,1.00655000,1.00968800,1.01091900,1.01131500,1.01154900,1.01168800,1.01177700,1.01182200
1.832000,1.00655000,1.00968800,1.01091900,1.01131600,1.01154900,1.01168800,1.01177800,1.01182300
1.834000,1.00655000,1.00968800,1.01091900,1.01131600,1.01155000,1.01168900,1.01177800,1.01182300
1.836000,1.00655000,1.00968800,1.01092000,1.01131600,1.01155000,1.01168900,1.01177800,1.01182300
1.838000,1.00655000,1.00968900,1.01092000,1.01131600,1.01155000,1.01168900,1.01177800,1.01182400
1.840000,1.00655100,1.00968900,1.01092000,1.01131700,1.01155100,1.01169000,1.01177900,1.01182400
1.842000,1.00655100,1.00968900,1.01092100,1.01131700,1.01155100,1.01169000,1.01177900,1.01182400
1.844000,1.00655100,1.00969000,1.01092100,1.01131700,1.01155100,1.01169000,1.01177900,1.01182500
1.846000,1.00655100,1.00969000,1.01092100,1.01131800,1.01155100,1.01169100,1.01178000,1.01182500
1.848000,1.00655100,1.00969000,1.01092100,1.01131800,1.01155200,1.01169100,1.01178000,1.01182500
1.850000,1.00655200,1.00969000,1.01092200,1.01131800,1.01155200,1.01169100,1.01178000,1.01182500
1.852000,1.00655200,1.00969100,1.01092200,1.01131900,1.01155200,1.01169100,1.01178100,1.01182600
1.854000,1.00655200,1.00969100,1.01092200,1.01131900,1.01155300,1.01169200,1.01178100,1.01182600
1.856000,1.00655200,1.00969100,1.01092300,1.01131900,1.01155300,1.01169200,1.01178100,1.01182600
1.858000,1.00655200,1.00969100,1.01092300,1.01131900,1.01155300,1.01169200,1.01178100,1.01182700
1.860000,1.00655300,1.00969200,1.01092300,1.01132000,1.01155400,1.01169300,1.01178200,1.01182700
1.862000,1.00655300,1.00969200,1.01092400,1.01132000,1.01155400,1.01169300,1.01178200,1.01182700
1.864000,1.00655300,1.00969200,1.01092400,1.01132000,1.01155400,1.01169300,1.01178200,1.01182800
1.866000,1.00655300,1.00969200,1.01092400,1.01132100,1.01155500,1.01169400,1.01178300,1.01182800
1.868000,1.00655300,1.00969300,1.01092400,1.01132100,1.01155500,1.01169400,1.01178300,1.01182800
1.870000,1.00655400,1.00969300,1.01092500,1.01132100,1.01155500,1.01169400,1.01178300,1.01182900
1.872000,1.00655400,1.00969300,1.01092500,1.01132200,1.01155500,1.01169500,1.01178400,1.01182900
1.874000,1.00655400,1.00969400,1.01092500,1.01132200,1.01155600,1.01169500,1.01178400,1.01182900
1.876000,1.00655400,1.00969400,1.01092600,1.01132200,1.01155600,1.01169500,1.01178400,1.01182900
1.878000,1.00655400,1.00969400,1.01092600,1.01132200,1.01155600,1.01169600,1.01178500,1.01183000
1.880000,1.00655400,1.00969400,1.01092600,1.01132300,1.01155700,1.01169600,1.01178500,1.01183000
1.882000,1.00655500,1.00969500,1.01092600,1.01132300,1.01155700,1.01169600,1.01178500,1.01183000
1.884000,1.00655500,1.00969500,1.01092700,1.01132300,1.01155700,1.01169600,1.01178500,1.01183100
1.886000,1.00655500,1.00969500,1.01092700,1.01132400,1.01155800,1.01169700,1.01178600,1.01183100
1.888000,1.00655500,1.00969500,1.01092700,1.01132400,1.01155800,1.01169700,1.01178600,1.01183100
1.890000,1.00655500,1.00969600,1.01092800,1.01132400,1.01155800,1.01169700,1.01178600,1.01183200
1.892000,1.00655600,1.00969600,1.01092800,1.01132500,1.01155900,1.01169800,1.01178700,1.01183200
1.894000,1.00655600,1.00969600,1.01092800,1.01132500,1.01155900,1.01169800,1.01178700,1.01183200
1.896000,1.00655600,1.00969600,1.01092800,1.01132500,1.01155900,1.01169800,1.01178700,1.01183200
1.898000,1.00655600,1.00969700,1.01092900,1.01132500,1.01155900,1.01169800,1.01178800,1.01183300
1.900000,1.00655600,1.00969700,1.01092900,1.01132600,1.01156000,1.01169900,1.01178800,1.01183300
1.902000,1.00655700,1.00969700,1.01092900,1.01132600,1.01156000,1.01169900,1.01178800,1.01183300
1.904000,1.00655700,1.00969800,1.01093000,1.01132600,1.01156000,1.01169900,1.01178800,1.01183400
1.906000,1.00655700,1.00969800,1.01093000,1.01132700,1.01156100,1.01170000,1.01178900,1.01183400
1.908000,1.00655700,1.00969800,1.01093000,1.01132700,1.01156100,1.01170000,1.01178900,1.01183400
1.910000,1.00655700,1.00969800,1.01093100,1.01132700,1.01156100,1.01170000,1.01178900,1.01183500
1.912000,1.00655800,1.00969900,1.01093100,1.01132800,1.01156200,1.01170100,1.01179000,1.01183500
1.914000,1.00655800,1.00969900,1.01093100,1.01132800,1.01156200,1.01170100,1.01179000,1.01183500
1.916000,1.00655800,1.00969900,1.01093100,1.01132800,1.01156200,1.01170100,1.01179000,1.01183600
1.918000,1.00655800,1.00969900,1.01093200,1.01132800,1.01156200,1.01170200,1.01179100,1.01183600
1.920000,1.00655800,1.00970000,1.01093200,1.01132900,1.01156300,1.01170200,1.01179100,1.01183600
1.922000,1.00655900,1.00970000,1.01093200,1.01132900,1.01156300,1.01170200,1.01179100,1.01183700
1.924000,1.00655900,1.00970000,1.01093300,1.01132900,1.01156300,1.01170200,1.01179200,1.01183700
1.926000,1.00655900,1.00970100,1.01093300,1.01133000,1.01156400,1.01170300,1.01179200,1.01183700
1.928000,1.00655900,1.00970100,1.01093300,1.01133000,1.01156400,1.01170300,1.01179200,1.01183700
1.930000,1.00655900,1.00970100,1.01093300,1.01133000,1.01156400,1.01170300,1.01179200,1.01183800
1.932000,1.00655900,1.00970100,1.01093400,1.01133000,1.01156400,1.01170400,1.01179300,1.01183800
1.934000,1.00656000,1.00970200,1.01093400,1.01133100,1.01156500,1.01170400,1.01179300,1.01183800
1.936000,1.00656000,1.00970200,1.01093400,1.01133100,1.01156500,1.01170400,1.01179300,1.01183900
1.938000,1.00656000,1.00970200,1.01093500,1.01133100,1.01156500,1.01170500,1.01179400,1.01183900
1.940000,1.00656000,1.00970200,1.01093500,1.01133200,1.01156600,1.01170500,1.01179400,1.01183900
1.942000,1.00656000,1.00970300,1.01093500,1.01133200,1.01156600,1.01170500,1.01179400,1.01184000
1.944000,1.00656100,1.00970300,1.01093500,1.01133200,1.01156600,1.01170600,1.01179500,1.01184000
1.946000,1.00656100,1.00970300,1.01093600,1.01133300,1.01156700,1.01170600,1.01179500,1.01184000
1.948000,1.00656100,1.00970300,1.01093600,1.01133300,1.01156700,1.01170600,1.01179500,1.01184000
1.950000,1.00656100,1.00970400,1.01093600,1.01133300,1.01156700,1.01170600,1.01179600,1.01184100
1.952000,1.00656100,1.00970400,1.01093700,1.01133400,1.01156800,1.01170700,1.01179600,1.01184100
1.954000,1.00656200,1.00970400,1.01093700,1.01133400,1.01156800,1.01170700,1.01179600,1.01184100
1.956000,1.00656200,1.00970400,1.01093700,1.01133400,1.01156800,1.01170700,1.01179600,1.01184200
1.958000,1.00656200,1.00970500,1.01093800,1.01133400,1.01156800,1.01170800,1.01179700,1.01184200
1.960000,1.00656200,1.00970500,1.01093800,1.01133500,1.01156900,1.01170800,1.01179700,1.01184200
1.962000,1.00656200,1.00970500,1.01093800,1.01133500,1.01156900,1.01170800,1.01179700,1.01184300
1.964000,1.00656200,1.00970600,1.01093800,1.01133500,1.01156900,1.01170800,1.01179800,1.01184300
1.966000,1.00656300,1.00970600,1.01093900,1.01133600,1.01157000,1.01170900,1.01179800,1.01184300
1.968000,1.00656300,1.00970600,1.01093900,1.01133600,1.01157000,1.01170900,1.01179800,1.01184400
1.970000,1.00656300,1.00970600,1.01093900,1.01133600,1.01157000,1.01170900,1.01179900,1.01184400
1.972000,1.00656300,1.00970700,1.01094000,1.01133700,1.01157100,1.01171000,1.01179900,1.01184400
1.974000,1.00656300,1.00970700,1.01094000,1.01133700,1.01157100,1.01171000,1.01179900,1.01184500
1.976000,1.00656400,1.00970700,1.01094000,1.01133700,1.01157100,1.01171000,1.01179900,1.01184500
1.978000,1.00656400,1.00970700,1.01094000,1.01133700,1.01157200,1.01171100,1.01180000,1.01184500
1.980000,1.00656400,1.00970800,1.01094100,1.01133800,1.01157200,1.01171100,1.01180000,1.01184500
1.982000,1.00656400,1.00970800,1.01094100,1.01133800,1.01157200,1.01171100,1.01180000,1.01184600
1.984000,1.00656400,1.00970800,1.01094100,1.01133800,1.01157200,1.01171200,1.01180100,1.01184600
1.986000,1.00656500,1.00970900,1.01094200,1.01133900,1.01157300,1.01171200,1.01180100,1.01184600
1.988000,1.00656500,1.00970900,1.01094200,1.01133900,1.01157300,1.01171200,1.01180100,1.01184700
1.990000,1.00656500,1.00970900,1.01094200,1.01133900,1.01157300,1.01171300,1.01180200,1.01184700
1.992000,1.00656500,1.00970900,1.01094200,1.01134000,1.01157400,1.01171300,1.01180200,1.01184700
1.994000,1.00656500,1.00971000,1.01094300,1.01134000,1.01157400,1.01171300,1.01180200,1.01184700
1.996000,1.00656600,1.00971000,1.01094300,1.01134000,1.01157400,1.01171300,1.01180300,1.01184800
1.998000,1.00656600,1.00971000,1.01094300,1.01134000,1.01157500,1.01171400,1.01180300,1.01184800
2.000000,1.00656600,1.00971000,1.01094400,1.01134100,1.01157500,1.01171400,1.01180300,1.01184800
2.002000,1.00656600,1.00971100,1.01094400,1.01134100,1.01157500,1.01171400,1.01180400,1.01184900
2.004000,1.00656600,1.00971100,1.01094400,1.01134100,1.01157500,1.01171500,1.01180400,1.01184900
2.006000,1.00656700,1.00971100,1.01094500,1.01134200,1.01157600,1.01171500,1.01180400,1.01184900
2.008000,1.00656700,1.00971200,1.01094500,1.01134200,1.01157600,1.01171500,1.01180400,1.01185000
2.010000,1.00656700,1.00971200,1.01094500,1.01134200,1.01157600,1.01171600,1.01180500,1.01185000
2.012000,1.00656700,1.00971200,1.01094500,1.01134300,1.01157700,1.01171600,1.01180500,1.01185000
2.014000,1.00656700,1.00971200,1.01094600,1.01134300,1.01157700,1.01171600,1.01180500,1.01185100
2.016000,1.00656700,1.00971300,1.01094600,1.01134300,1.01157700,1.01171600,1.01180600,1.01185100
2.018000,1.00656800,1.00971300,1.01094600,1.01134300,1.01157800,1.01171700,1.01180600,1.01185100
2.020000,1.00656800,1.00971300,1.01094700,1.01134400,1.01157800,1.01171700,1.01180600,1.01185200
2.022000,1.00656800,1.00971300,1.01094700,1.01134400,1.01157800,1.01171700,1.01180700,1.01185200
2.024000,1.00656800,1.00971400,1.01094700,1.01134400,1.01157900,1.01171800,1.01180700,1.01185200
2.026000,1.00656800,1.00971400,1.01094700,1.01134500,1.01157900,1.01171800,1.01180700,1.01185200
2.028000,1.00656900,1.00971400,1.01094800,1.01134500,1.01157900,1.01171800,1.01180700,1.01185300
2.030000,1.00656900,1.00971400,1.01094800,1.01134500,1.01157900,1.01171900,1.01180800,1.01185300
2.032000,1.00656900,1.00971500,1.01094800,1.01134600,1.01158000,1.01171900,1.01180800,1.01185300
2.034000,1.00656900,1.00971500,1.01094900,1.01134600,1.01158000,1.01171900,1.01180800,1.01185400
2.036000,1.00656900,1.00971500,1.01094900,1.01134600,1.01158000,1.01172000,1.01180900,1.01185400
2.038000,1.00657000,1.00971500,1.01094900,1.01134600,1.01158100,1.01172000,1.01180900,1.01185400
2.040000,1.00657000,1.00971600,1.01094900,1.01134700,1.01158100,1.01172000,1.01180900,1.01185500
2.042000,1.00657000,1.00971600,1.01095000,1.01134700,1.01158100,1.01172000,1.01181000,1.01185500
2.044000,1.00657000,1.00971600,1.01095000,1.01134700,1.01158200,1.01172100,1.01181000,1.01185500
2.046000,1.00657000,1.00971700,1.01095000,1.01134800,1.01158200,1.01172100,1.01181000,1.01185500
2.048000,1.00657100,1.00971700,1.01095100,1.01134800,1.01158200,1.01172100,1.01181100,1.01185600
2.050000,1.00657100,1.00971700,1.01095100,1.01134800,1.01158200,1.01172200,1.01181100,1.01185600
2.052000,1.00657100,1.00971700,1.01095100,1.01134900,1.01158300,1.01172200,1.01181100,1.01185600
2.054000,1.00657100,1.00971800,1.01095200,1.01134900,1.01158300,1.01172200,1.01181100,1.01185700
2.056000,1.00657100,1.00971800,1.01095200,1.01134900,1.01158300,1.01172300,1.01181200,1.01185700
2.058000,1.00657200,1.00971800,1.01095200,1.01134900,1.01158400,1.01172300,1.01181200,1.01185700
2.060000,1.00657200,1.00971800,1.01095200,1.01135000,1.01158400,1.01172300,1.01181200,1.01185800
2.062000,1.00657200,1.00971900,1.01095300,1.01135000,1.01158400,1.01172400,1.01181300,1.01185800
2.064000,1.00657200,1.00971900,1.01095300,1.01135000,1.01158500,1.01172400,1.01181300,1.01185800
2.066000,1.00657200,1.00971900,1.01095300,1.01135100,1.01158500,1.01172400,1.01181300,1.01185900
2.068000,1.00657200,1.00971900,1.01095400,1.01135100,1.01158500,1.01172400,1.01181400,1.01185900
2.070000,1.00657300,1.00972000,1.01095400,1.01135100,1.01158500,1.01172500,1.01181400,1.01185900
2.072000,1.00657300,1.00972000,1.01095400,1.01135200,1.01158600,1.01172500,1.01181400,1.01186000
2.074000,1.00657300,1.00972000,1.01095400,1.01135200,1.01158600,1.01172500,1.01181400,1.01186000
2.076000,1.00657300,1.00972100,1.01095500,1.01135200,1.01158600,1.01172600,1.01181500,1.01186000
2.078000,1.00657300,1.00972100,1.01095500,1.01135200,1.01158700,1.01172600,1.01181500,1.01186000
2.080000,1.00657400,1.00972100,1.01095500,1.01135300,1.01158700,1.01172600,1.01181500,1.01186100
2.082000,1.00657400,1.00972100,1.01095600,1.01135300,1.01158700,1.01172700,1.01181600,1.01186100
2.084000,1.00657400,1.00972200,1.01095600,1.01135300,1.01158800,1.01172700,1.01181600,1.01186100
2.086000,1.00657400,1.00972200,1.01095600,1.01135400,1.01158800,1.01172700,1.01181600,1.01186200
2.088000,1.00657400,1.00972200,1.01095700,1.01135400,1.01158800,1.01172700,1.01181700,1.01186200
2.090000,1.00657500,1.00972200,1.01095700,1.01135400,1.01158900,1.01172800,1.01181700,1.01186200
2.092000,1.00657500,1.00972300,1.01095700,1.01135500,1.01158900,1.01172800,1.01181700,1.01186300
2.094000,1.00657500,1.00972300,1.01095700,1.01135500,1.01158900,1.01172800,1.01181800,1.01186300
2.096000,1.00657500,1.00972300,1.01095800,1.01135500,1.01158900,1.01172900,1.01181800,1.01186300
2.098000,1.00657500,1.00972400,1.01095800,1.01135600,1.01159000,1.01172900,1.01181800,1.01186300
2.100000,1.00657600,1.00972400,1.01095800,1.01135600,1.01159000,1.01172900,1.01181900,1.01186400
2.102000,1.00657600,1.00972400,1.01095900,1.01135600,1.01159000,1.01173000,1.01181900,1.01186400
2.104000,1.00657600,1.00972400,1.01095900,1.01135600,1.01159100,1.01173000,1.01181900,1.01186400
2.106000,1.00657600,1.00972500,1.01095900,1.01135700,1.01159100,1.01173000,1.01181900,1.01186500
2.108000,1.00657600,1.00972500,1.01096000,1.01135700,1.01159100,1.01173100,1.01182000,1.01186500
2.110000,1.00657700,1.00972500,1.01096000,1.01135700,1.01159200,1.01173100,1.01182000,1.01186500
2.112000,1.00657700,1.00972500,1.01096000,1.01135800,1.01159200,1.01173100,1.01182000,1.01186600
2.114000,1.00657700,1.00972600,1.01096000,1.01135800,1.01159200,1.01173200,1.01182100,1.01186600
2.116000,1.00657700,1.00972600,1.01096100,1.01135800,1.01159300,1.01173200,1.01182100,1.01186600
2.118000,1.00657700,1.00972600,1.01096100,1.01135800,1.01159300,1.01173200,1.01182100,1.01186700
2.120000,1.00657700,1.00972700,1.01096100,1.01135900,1.01159300,1.01173200,1.01182200,1.01186700
2.122000,1.00657800,1.00972700,1.01096200,1.01135900,1.01159300,1.01173300,1.01182200,1.01186700
2.124000,1.00657800,1.00972700,1.01096200,1.01135900,1.01159400,1.01173300,1.01182200,1.01186800
2.126000,1.00657800,1.00972700,1.01096200,1.01136000,1.01159400,1.01173300,1.01182300,1.01186800
2.128000,1.00657800,1.00972800,1.01096200,1.01136000,1.01159400,1.01173400,1.01182300,1.01186800
2.130000,1.00657800,1.00972800,1.01096300,1.01136000,1.01159500,1.01173400,1.01182300,1.01186800
2.132000,1.00657900,1.00972800,1.01096300,1.01136100,1.01159500,1.01173400,1.01182300,1.01186900
2.134000,1.00657900,1.00972800,1.01096300,1.01136100,1.01159500,1.01173500,1.01182400,1.01186900
2.136000,1.00657900,1.00972900,1.01096400,1.01136100,1.01159500,1.01173500,1.01182400,1.01186900
2.138000,1.00657900,1.00972900,1.01096400,1.01136100,1.01159600,1.01173500,1.01182400,1.01187000
2.140000,1.00657900,1.00972900,1.01096400,1.01136200,1.01159600,1.01173500,1.01182500,1.01187000
2.142000,1.00658000,1.00973000,1.01096500,1.01136200,1.01159600,1.01173600,1.01182500,1.01187000
2.144000,1.00658000,1.00973000,1.01096500,1.01136200,1.01159700,1.01173600,1.01182500,1.01187100
2.146000,1.00658000,1.00973000,1.01096500,1.01136300,1.01159700,1.01173600,1.01182600,1.01187100
2.148000,1.00658000,1.00973000,1.01096500,1.01136300,1.01159700,1.01173700,1.01182600,1.01187100
2.150000,1.00658000,1.00973100,1.01096600,1.01136300,1.01159800,1.01173700,1.01182600,1.01187100
2.152000,1.00658100,1.00973100,1.01096600,1.01136400,1.01159800,1.01173700,1.01182700,1.01187200
2.154000,1.00658100,1.00973100,1.01096600,1.01136400,1.01159800,1.01173800,1.01182700,1.01187200
2.156000,1.00658100,1.00973100,1.01096700,1.01136400,1.01159900,1.01173800,1.01182700,1.01187200
2.158000,1.00658100,1.00973200,1.01096700,1.01136400,1.01159900,1.01173800,1.01182700,1.01187300
2.160000,1.00658100,1.00973200,1.01096700,1.01136500,1.01159900,1.01173900,1.01182800,1.01187300
2.162000,1.00658200,1.00973200,1.01096700,1.01136500,1.01160000,1.01173900,1.01182800,1.01187300
2.164000,1.00658200,1.00973200,1.01096800,1.01136500,1.01160000,1.01173900,1.01182800,1.01187400
2.166000,1.00658200,1.00973300,1.01096800,1.01136600,1.01160000,1.01173900,1.01182900,1.01187400
2.168000,1.00658200,1.00973300,1.01096800,1.01136600,1.01160000,1.01174000,1.01182900,1.01187400
2.170000,1.00658200,1.00973300,1.01096900,1.01136600,1.01160100,1.01174000,1.01182900,1.01187500
2.172000,1.00658200,1.00973300,1.01096900,1.01136700,1.01160100,1.01174000,1.01183000,1.01187500
2.174000,1.00658300,1.00973400,1.01096900,1.01136700,1.01160100,1.01174100,1.01183000,1.01187500
2.176000,1.00658300,1.00973400,1.01097000,1.01136700,1.01160200,1.01174100,1.01183000,1.01187600
2.178000,1.00658300,1.00973400,1.01097000,1.01136800,1.01160200,1.01174100,1.01183100,1.01187600
2.180000,1.00658300,1.00973500,1.01097000,1.01136800,1.01160200,1.01174200,1.01183100,1.01187600
2.182000,1.00658300,1.00973500,1.01097000,1.01136800,1.01160300,1.01174200,1.01183100,1.01187600
2.184000,1.00658400,1.00973500,1.01097100,1.01136800,1.01160300,1.01174200,1.01183100,1.01187700
2.186000,1.00658400,1.00973500,1.01097100,1.01136900,1.01160300,1.01174200,1.01183200,1.01187700
2.188000,1.00658400,1.00973600,1.01097100,1.01136900,1.01160300,1.01174300,1.01183200,1.01187700
2.190000,1.00658400,1.00973600,1.01097200,1.01136900,1.01160400,1.01174300,1.01183200,1.01187800
2.192000,1.00658400,1.00973600,1.01097200,1.01137000,1.01160400,1.01174300,1.01183300,1.01187800
2.194000,1.00658500,1.00973600,1.01097200,1.01137000,1.01160400,1.01174400,1.01183300,1.01187800
2.196000,1.00658500,1.00973700,1.01097200,1.01137000,1.01160500,1.01174400,1.01183300,1.01187900
2.198000,1.00658500,1.00973700,1.01097300,1.01137100,1.01160500,1.01174400,1.01183400,1.01187900
2.200000,1.00658500,1.00973700,1.01097300,1.01137100,1.01160500,1.01174500,1.01183400,1.01187900
2.202000,1.00658500,1.00973700,1.01097300,1.01137100,1.01160600,1.01174500,1.01183400,1.01188000
2.204000,1.00658600,1.00973800,1.01097400,1.01137100,1.01160600,1.01174500,1.01183500,1.01188000
2.206000,1.00658600,1.00973800,1.01097400,1.01137200,1.01160600,1.01174600,1.01183500,1.01188000
2.208000,1.00658600,1.00973800,1.01097400,1.01137200,1.01160700,1.01174600,1.01183500,1.01188000
2.210000,1.00658600,1.00973900,1.01097500,1.01137200,1.01160700,1.01174600,1.01183500,1.01188100
2.212000,1.00658600,1.00973900,1.01097500,1.01137300,1.01160700,1.01174700,1.01183600,1.01188100
2.214000,1.00658700,1.00973900,1.01097500,1.01137300,1.01160700,1.01174700,1.01183600,1.01188100
2.216000,1.00658700,1.00973900,1.01097500,1.01137300,1.01160800,1.01174700,1.01183600,1.01188200
2.218000,1.00658700,1.00974000,1.01097600,1.01137400,1.01160800,1.01174700,1.01183700,1.01188200
2.220000,1.00658700,1.00974000,1.01097600,1.01137400,1.01160800,1.01174800,1.01183700,1.01188200
2.222000,1.00658700,1.00974000,1.01097600,1.01137400,1.01160900,1.01174800,1.01183700,1.01188300
2.224000,1.00658800,1.00974000,1.01097700,1.01137400,1.01160900,1.01174800,1.01183800,1.01188300
2.226000,1.00658800,1.00974100,1.01097700,1.01137500,1.01160900,1.01174900,1.01183800,1.01188300
2.228000,1.00658800,1.00974100,1.01097700,1.01137500,1.01161000,1.01174900,1.01183800,1.01188300
2.230000,1.00658800,1.00974100,1.01097800,1.01137500,1.01161000,1.01174900,1.01183900,1.01188400
2.232000,1.00658800,1.00974200,1.01097800,1.01137600,1.01161000,1.01175000,1.01183900,1.01188400
2.234000,1.00658800,1.00974200,1.01097800,1.01137600,1.01161100,1.01175000,1.01183900,1.01188400
2.236000,1.00658900,1.00974200,1.01097800,1.01137600,1.01161100,1.01175000,1.01184000,1.01188500
2.238000,1.00658900,1.00974200,1.01097900,1.01137700,1.01161100,1.01175000,1.01184000,1.01188500
2.240000,1.00658900,1.00974300,1.01097900,1.01137700,1.01161100,1.01175100,1.01184000,1.01188500
2.242000,1.00658900,1.00974300,1.01097900,1.01137700,1.01161200,1.01175100,1.01184000,1.01188600
2.244000,1.00658900,1.00974300,1.01098000,1.01137700,1.01161200,1.01175100,1.01184100,1.01188600
2.246000,1.00659000,1.00974300,1.01098000,1.01137800,1.01161200,1.01175200,1.01184100,1.01188600
2.248000,1.00659000,1.00974400,1.01098000,1.01137800,1.01161300,1.01175200,1.01184100,1.01188700
2.250000,1.00659000,1.00974400,1.01098000,1.01137800,1.01161300,1.01175200,1.01184200,1.01188700
2.252000,1.00659000,1.00974400,1.01098100,1.01137900,1.01161300,1.01175300,1.01184200,1.01188700
2.254000,1.00659000,1.00974500,1.01098100,1.01137900,1.01161400,1.01175300,1.01184200,1.01188800
2.256000,1.00659100,1.00974500,1.01098100,1.01137900,1.01161400,1.01175300,1.01184200,1.01188800
2.258000,1.00659100,1.00974500,1.01098200,1.01138000,1.01161400,1.01175400,1.01184300,1.01188800
2.260000,1.00659100,1.00974500,1.01098200,1.01138000,1.01161400,1.01175400,1.01184300,1.01188900
2.262000,1.00659100,1.00974600,1.01098200,1.01138000,1.01161500,1.01175400,1.01184300,1.01188900
2.264000,1.00659100,1.00974600,1.01098300,1.01138100,1.01161500,1.01175500,1.01184400,1.01188900
2.266000,1.00659200,1.00974600,1.01098300,1.01138100,1.01161500,1.01175500,1.01184400,1.01188900
2.268000,1.00659200,1.00974600,1.01098300,1.01138100,1.01161600,1.01175500,1.01184400,1.01189000
2.270000,1.00659200,1.00974700,1.01098300,1.01138100,1.01161600,1.01175500,1.01184500,1.01189000
2.272000,1.00659200,1.00974700,1.01098400,1.01138200,1.01161600,1.01175600,1.01184500,1.01189000
2.274000,1.00659200,1.00974700,1.01098400,1.01138200,1.01161700,1.01175600,1.01184500,1.01189100
2.276000,1.00659300,1.00974800,1.01098400,1.01138200,1.01161700,1.01175600,1.01184600,1.01189100
2.278000,1.00659300,1.00974800,1.01098500,1.01138300,1.01161700,1.01175700,1.01184600,1.01189100
2.280000,1.00659300,1.00974800,1.01098500,1.01138300,1.01161800,1.01175700,1.01184600,1.01189200
2.282000,1.00659300,1.00974800,1.01098500,1.01138300,1.01161800,1.01175700,1.01184700,1.01189200
2.284000,1.00659300,1.00974900,1.01098500,1.01138400,1.01161800,1.01175800,1.01184700,1.01189200
2.286000,1.00659300,1.00974900,1.01098600,1.01138400,1.01161800,1.01175800,1.01184700,1.01189200
2.288000,1.00659400,1.00974900,1.01098600,1.01138400,1.01161900,1.01175800,1.01184700,1.01189300
2.290000,1.00659400,1.00974900,1.01098600,1.01138400,1.01161900,1.01175900,1.01184800,1.01189300
2.292000,1.00659400,1.00975000,1.01098700,1.01138500,1.01161900,1.01175900,1.01184800,1.01189300
2.294000,1.00659400,1.00975000,1.01098700,1.01138500,1.01162000,1.01175900,1.01184800,1.01189400
2.296000,1.00659400,1.00975000,1.01098700,1.01138500,1.01162000,1.01175900,1.01184900,1.01189400
2.298000,1.00659500,1.00975000,1.01098800,1.01138600,1.01162000,1.01176000,1.01184900,1.01189400
2.300000,1.00659500,1.00975100,1.01098800,1.01138600,1.01162100,1.01176000,1.01184900,1.01189500
2.302000,1.00659500,1.00975100,1.01098800,1.01138600,1.01162100,1.01176000,1.01185000,1.01189500
2.304000,1.00659500,1.00975100,1.01098800,1.01138700,1.01162100,1.01176100,1.01185000,1.01189500
2.306000,1.00659500,1.00975200,1.01098900,1.01138700,1.01162100,1.01176100,1.01185000,1.01189600
2.308000,1.00659600,1.00975200,1.01098900,1.01138700,1.01162200,1.01176100,1.01185100,1.01189600
2.310000,1.00659600,1.00975200,1.01098900,1.01138700,1.01162200,1.01176200,1.01185100,1.01189600
2.312000,1.00659600,1.00975200,1.01099000,1.01138800,1.01162200,1.01176200,1.01185100,1.01189600
2.314000,1.00659600,1.00975300,1.01099000,1.01138800,1.01162300,1.01176200,1.01185200,1.01189700
2.316000,1.00659600,1.00975300,1.01099000,1.01138800,1.01162300,1.01176200,1.01185200,1.01189700
2.318000,1.00659700,1.00975300,1.01099100,1.01138900,1.01162300,1.01176300,1.01185200,1.01189700
2.320000,1.00659700,1.00975300,1.01099100,1.01138900,1.01162400,1.01176300,1.01185200,1.01189800
2.322000,1.00659700,1.00975400,1.01099100,1.01138900,1.01162400,1.01176300,1.01185300,1.01189800
2.324000,1.00659700,1.00975400,1.01099100,1.01139000,1.01162400,1.01176400,1.01185300,1.01189800
2.326000,1.00659700,1.00975400,1.01099200,1.01139000,1.01162500,1.01176400,1.01185300,1.01189900
2.328000,1.00659800,1.00975500,1.01099200,1.01139000,1.01162500,1.01176400,1.01185400,1.01189900
2.330000,1.00659800,1.00975500,1.01099200,1.01139000,1.01162500,1.01176500,1.01185400,1.01189900
2.332000,1.00659800,1.00975500,1.01099300,1.01139100,1.01162600,1.01176500,1.01185400,1.01190000
2.334000,1.00659800,1.00975500,1.01099300,1.01139100,1.01162600,1.01176500,1.01185500,1.01190000
2.336000,1.00659800,1.00975600,1.01099300,1.01139100,1.01162600,1.01176600,1.01185500,1.01190000
2.338000,1.00659800,1.00975600,1.01099300,1.01139200,1.01162600,1.01176600,1.01185500,1.01190100
2.340000,1.00659900,1.00975600,1.01099400,1.01139200,1.01162700,1.01176600,1.01185500,1.01190100
2.342000,1.00659900,1.00975600,1.01099400,1.01139200,1.01162700,1.01176700,1.01185600,1.01190100
2.344000,1.00659900,1.00975700,1.01099400,1.01139300,1.01162700,1.01176700,1.01185600,1.01190100
2.346000,1.00659900,1.00975700,1.01099500,1.01139300,1.01162800,1.01176700,1.01185600,1.01190200
2.348000,1.00659900,1.00975700,1.01099500,1.01139300,1.01162800,1.01176800,1.01185700,1.01190200
2.350000,1.00660000,1.00975800,1.01099500,1.01139400,1.01162800,1.01176800,1.01185700,1.01190200
2.352000,1.00660000,1.00975800,1.01099600,1.01139400,1.01162900,1.01176800,1.01185700,1.01190300
2.354000,1.00660000,1.00975800,1.01099600,1.01139400,1.01162900,1.01176800,1.01185800,1.01190300
2.356000,1.00660000,1.00975800,1.01099600,1.01139500,1.01162900,1.01176900,1.01185800,1.01190300
2.358000,1.00660000,1.00975900,1.01099600,1.01139500,1.01162900,1.01176900,1.01185800,1.01190400
2.360000,1.00660100,1.00975900,1.01099700,1.01139500,1.01163000,1.01176900,1.01185900,1.01190400
2.362000,1.00660100,1.00975900,1.01099700,1.01139500,1.01163000,1.01177000,1.01185900,1.01190400
2.364000,1.00660100,1.00975900,1.01099700,1.01139600,1.01163000,1.01177000,1.01185900,1.01190500
2.366000,1.00660100,1.00976000,1.01099800,1.01139600,1.01163100,1.01177000,1.01186000,1.01190500
2.368000,1.00660100,1.00976000,1.01099800,1.01139600,1.01163100,1.01177000,1.01186000,1.01190500
2.370000,1.00660200,1.00976000,1.01099800,1.01139700,1.01163100,1.01177100,1.01186000,1.01190600
2.372000,1.00660200,1.00976000,1.01099800,1.01139700,1.01163200,1.01177100,1.01186000,1.01190600
2.374000,1.00660200,1.00976100,1.01099900,1.01139700,1.01163200,1.01177100,1.01186100,1.01190600
2.376000,1.00660200,1.00976100,1.01099900,1.01139700,1.01163200,1.01177200,1.01186100,1.01190600
2.378000,1.00660200,1.00976100,1.01099900,1.01139800,1.01163300,1.01177200,1.01186100,1.01190700
2.380000,1.00660300,1.00976200,1.01100000,1.01139800,1.01163300,1.01177200,1.01186200,1.01190700
2.382000,1.00660300,1.00976200,1.01100000,1.01139800,1.01163300,1.01177300,1.01186200,1.01190700
2.384000,1.00660300,1.00976200,1.01100000,1.01139900,1.01163400,1.01177300,1.01186200,1.01190800
2.386000,1.00660300,1.00976200,1.01100100,1.01139900,1.01163400,1.01177300,1.01186300,1.01190800
2.388000,1.00660300,1.00976300,1.01100100,1.01139900,1.01163400,1.01177400,1.01186300,1.01190800
2.390000,1.00660400,1.00976300,1.01100100,1.01140000,1.01163400,1.01177400,1.01186300,1.01190900
2.392000,1.00660400,1.00976300,1.01100100,1.01140000,1.01163500,1.01177400,1.01186400,1.01190900
2.394000,1.00660400,1.00976300,1.01100200,1.01140000,1.01163500,1.01177500,1.01186400,1.01190900
2.396000,1.00660400,1.00976400,1.01100200,1.01140000,1.01163500,1.01177500,1.01186400,1.01190900
2.398000,1.00660400,1.00976400,1.01100200,1.01140100,1.01163600,1.01177500,1.01186500,1.01191000
2.400000,1.00660500,1.00976400,1.01100300,1.01140100,1.01163600,1.01177500,1.01186500,1.01191000
2.402000,1.00660500,1.00976500,1.01100300,1.01140100,1.01163600,1.01177600,1.01186500,1.01191000
2.404000,1.00660500,1.00976500,1.01100300,1.01140200,1.01163600,1.01177600,1.01186500,1.01191100
2.406000,1.00660500,1.00976500,1.01100400,1.01140200,1.01163700,1.01177600,1.01186600,1.01191100
2.408000,1.00660500,1.00976500,1.01100400,1.01140200,1.01163700,1.01177700,1.01186600,1.01191100
2.410000,1.00660600,1.00976600,1.01100400,1.01140300,1.01163700,1.01177700,1.01186600,1.01191200
2.412000,1.00660600,1.00976600,1.01100400,1.01140300,1.01163800,1.01177700,1.01186700,1.01191200
2.414000,1.00660600,1.00976600,1.01100500,1.01140300,1.01163800,1.01177800,1.01186700,1.01191200
2.416000,1.00660600,1.00976600,1.01100500,1.01140400,1.01163800,1.01177800,1.01186700,1.01191300
2.418000,1.00660600,1.00976700,1.01100500,1.01140400,1.01163900,1.01177800,1.01186800,1.01191300
2.420000,1.00660600,1.00976700,1.01100600,1.01140400,1.01163900,1.01177900,1.01186800,1.01191300
2.422000,1.00660700,1.00976700,1.01100600,1.01140500,1.01163900,1.01177900,1.01186800,1.01191400
2.424000,1.00660700,1.00976800,1.01100600,1.01140500,1.01164000,1.01177900,1.01186800,1.01191400
2.426000,1.00660700,1.00976800,1.01100700,1.01140500,1.01164000,1.01178000,1.01186900,1.01191400
2.428000,1.00660700,1.00976800,1.01100700,1.01140500,1.01164000,1.01178000,1.01186900,1.01191400
2.430000,1.00660700,1.00976800,1.01100700,1.01140600,1.01164100,1.01178000,1.01186900,1.01191500
2.432000,1.00660800,1.00976900,1.01100700,1.01140600,1.01164100,1.01178000,1.01187000,1.01191500
2.434000,1.00660800,1.00976900,1.01100800,1.01140600,1.01164100,1.01178100,1.01187000,1.01191500
2.436000,1.00660800,1.00976900,1.01100800,1.01140700,1.01164200,1.01178100,1.01187000,1.01191600
2.438000,1.00660800,1.00976900,1.01100800,1.01140700,1.01164200,1.01178100,1.01187100,1.01191600
2.440000,1.00660800,1.00977000,1.01100900,1.01140700,1.01164200,1.01178200,1.01187100,1.01191600
2.442000,1.00660900,1.00977000,1.01100900,1.01140700,1.01164200,1.01178200,1.01187100,1.01191700
2.444000,1.00660900,1.00977000,1.01100900,1.01140800,1.01164300,1.01178200,1.01187200,1.01191700
2.446000,1.00660900,1.00977100,1.01100900,1.01140800,1.01164300,1.01178300,1.01187200,1.01191700
2.448000,1.00660900,1.00977100,1.01101000,1.01140800,1.01164300,1.01178300,1.01187200,1.01191800
2.450000,1.00660900,1.00977100,1.01101000,1.01140900,1.01164400,1.01178300,1.01187300,1.01191800
2.452000,1.00661000,1.00977100,1.01101000,1.01140900,1.01164400,1.01178300,1.01187300,1.01191800
2.454000,1.00661000,1.00977200,1.01101100,1.01140900,1.01164400,1.01178400,1.01187300,1.01191900
2.456000,1.00661000,1.00977200,1.01101100,1.01141000,1.01164400,1.01178400,1.01187300,1.01191900
2.458000,1.00661000,1.00977200,1.01101100,1.01141000,1.01164500,1.01178400,1.01187400,1.01191900
2.460000,1.00661000,1.00977200,1.01101200,1.01141000,1.01164500,1.01178500,1.01187400,1.01191900
2.462000,1.00661100,1.00977300,1.01101200,1.01141100,1.01164500,1.01178500,1.01187400,1.01192000
2.464000,1.00661100,1.00977300,1.01101200,1.01141100,1.01164600,1.01178500,1.01187500,1.01192000
2.466000,1.00661100,1.00977300,1.01101200,1.01141100,1.01164600,1.01178600,1.01187500,1.01192000
2.468000,1.00661100,1.00977300,1.01101300,1.01141100,1.01164600,1.01178600,1.01187500,1.01192100
2.470000,1.00661100,1.00977400,1.01101300,1.01141200,1.01164700,1.01178600,1.01187600,1.01192100
2.472000,1.00661100,1.00977400,1.01101300,1.01141200,1.01164700,1.01178700,1.01187600,1.01192100
2.474000,1.00661200,1.00977400,1.01101400,1.01141200,1.01164700,1.01178700,1.01187600,1.01192200
2.476000,1.00661200,1.00977500,1.01101400,1.01141300,1.01164800,1.01178700,1.01187700,1.01192200
2.478000,1.00661200,1.00977500,1.01101400,1.01141300,1.01164800,1.01178800,1.01187700,1.01192200
2.480000,1.00661200,1.00977500,1.01101500,1.01141300,1.01164800,1.01178800,1.01187700,1.01192300
2.482000,1.00661300,1.00977500,1.01101500,1.01141400,1.01164900,1.01178800,1.01187800,1.01192300
2.484000,1.00661300,1.00977600,1.01101500,1.01141400,1.01164900,1.01178800,1.01187800,1.01192300
2.486000,1.00661300,1.00977600,1.01101500,1.01141400,1.01164900,1.01178900,1.01187800,1.01192400
2.488000,1.00661300,1.00977600,1.01101600,1.01141500,1.01164900,1.01178900,1.01187800,1.01192400
2.490000,1.00661300,1.00977600,1.01101600,1.01141500,1.01165000,1.01178900,1.01187900,1.01192400
2.492000,1.00661300,1.00977700,1.01101600,1.01141500,1.01165000,1.01179000,1.01187900,1.01192400
2.494000,1.00661400,1.00977700,1.01101700,1.01141500,1.01165000,1.01179000,1.01187900,1.01192500
2.496000,1.00661400,1.00977700,1.01101700,1.01141600,1.01165100,1.01179000,1.01188000,1.01192500
2.498000,1.00661400,1.00977800,1.01101700,1.01141600,1.01165100,1.01179100,1.01188000,1.01192500
2.500000,1.00661400,1.00977800,1.01101800,1.01141600,1.01165100,1.01179100,1.01188000,1.01192600
2.502000,1.00661400,1.00977800,1.01101800,1.01141700,1.01165200,1.01179100,1.01188100,1.01192600
2.504000,1.00661500,1.00977800,1.01101800,1.01141700,1.01165200,1.01179200,1.01188100,1.01192600
2.506000,1.00661500,1.00977900,1.01101800,1.01141700,1.01165200,1.01179200,1.01188100,1.01192700
2.508000,1.00661500,1.00977900,1.01101900,1.01141800,1.01165300,1.01179200,1.01188200,1.01192700
2.510000,1.00661500,1.00977900,1.01101900,1.01141800,1.01165300,1.01179300,1.01188200,1.01192700
2.512000,1.00661500,1.00977900,1.01101900,1.01141800,1.01165300,1.01179300,1.01188200,1.01192700
2.514000,1.00661600,1.00978000,1.01102000,1.01141800,1.01165300,1.01179300,1.01188300,1.01192800
2.516000,1.00661600,1.00978000,1.01102000,1.01141900,1.01165400,1.01179300,1.01188300,1.01192800
2.518000,1.00661600,1.00978000,1.01102000,1.01141900,1.01165400,1.01179400,1.01188300,1.01192800
2.520000,1.00661600,1.00978100,1.01102100,1.01141900,1.01165400,1.01179400,1.01188300,1.01192900
2.522000,1.00661600,1.00978100,1.01102100,1.01142000,1.01165500,1.01179400,1.01188400,1.01192900
2.524000,1.00661700,1.00978100,1.01102100,1.01142000,1.01165500,1.01179500,1.01188400,1.01192900
2.526000,1.00661700,1.00978100,1.01102100,1.01142000,1.01165500,1.01179500,1.01188400,1.01193000
2.528000,1.00661700,1.00978200,1.01102200,1.01142100,1.01165600,1.01179500,1.01188500,1.01193000
2.530000,1.00661700,1.00978200,1.01102200,1.01142100,1.01165600,1.01179600,1.01188500,1.01193000
2.532000,1.00661700,1.00978200,1.01102200,1.01142100,1.01165600,1.01179600,1.01188500,1.01193100
2.534000,1.00661800,1.00978200,1.01102300,1.01142200,1.01165700,1.01179600,1.01188600,1.01193100
2.536000,1.00661800,1.00978300,1.01102300,1.01142200,1.01165700,1.01179600,1.01188600,1.01193100
2.538000,1.00661800,1.00978300,1.01102300,1.01142200,1.01165700,1.01179700,1.01188600,1.01193200
2.540000,1.00661800,1.00978300,1.01102400,1.01142200,1.01165700,1.01179700,1.01188600,1.01193200
2.542000,1.00661800,1.00978400,1.01102400,1.01142300,1.01165800,1.01179700,1.01188700,1.01193200
2.544000,1.00661800,1.00978400,1.01102400,1.01142300,1.01165800,1.01179800,1.01188700,1.01193200
2.546000,1.00661900,1.00978400,1.01102400,1.01142300,1.01165800,1.01179800,1.01188700,1.01193300
2.548000,1.00661900,1.00978400,1.01102500,1.01142400,1.01165900,1.01179800,1.01188800,1.01193300
2.550000,1.00661900,1.00978500,1.01102500,1.01142400,1.01165900,1.01179900,1.01188800,1.01193300
2.552000,1.00661900,1.00978500,1.01102500,1.01142400,1.01165900,1.01179900,1.01188800,1.01193400
2.554000,1.00661900,1.00978500,1.01102600,1.01142500,1.01166000,1.01179900,1.01188900,1.01193400
2.556000,1.00662000,1.00978500,1.01102600,1.01142500,1.01166000,1.01180000,1.01188900,1.01193400
2.558000,1.00662000,1.00978600,1.01102600,1.01142500,1.01166000,1.01180000,1.01188900,1.01193500
2.560000,1.00662000,1.00978600,1.01102700,1.01142500,1.01166100,1.01180000,1.01189000,1.01193500
2.562000,1.00662000,1.00978600,1.01102700,1.01142600,1.01166100,1.01180100,1.01189000,1.01193500
2.564000,1.00662100,1.00978600,1.01102700,1.01142600,1.01166100,1.01180100,1.01189000,1.01193600
2.566000,1.00662100,1.00978700,1.01102700,1.01142600,1.01166100,1.01180100,1.01189100,1.01193600
2.568000,1.00662100,1.00978700,1.01102800,1.01142700,1.01166200,1.01180100,1.01189100,1.01193600
2.570000,1.00662100,1.00978700,1.01102800,1.01142700,1.01166200,1.01180200,1.01189100,1.01193700
2.572000,1.00662100,1.00978800,1.01102800,1.01142700,1.01166200,1.01180200,1.01189100,1.01193700
2.574000,1.00662100,1.00978800,1.01102900,1.01142800,1.01166300,1.01180200,1.01189200,1.01193700
2.576000,1.00662200,1.00978800,1.01102900,1.01142800,1.01166300,1.01180300,1.01189200,1.01193700
2.578000,1.00662200,1.00978800,1.01102900,1.01142800,1.01166300,1.01180300,1.01189200,1.01193800
2.580000,1.00662200,1.00978900,1.01102900,1.01142800,1.01166400,1.01180300,1.01189300,1.01193800
2.582000,1.00662200,1.00978900,1.01103000,1.01142900,1.01166400,1.01180400,1.01189300,1.01193800
2.584000,1.00662200,1.00978900,1.01103000,1.01142900,1.01166400,1.01180400,1.01189300,1.01193900
2.586000,1.00662300,1.00978900,1.01103000,1.01142900,1.01166500,1.01180400,1.01189400,1.01193900
2.588000,1.00662300,1.00979000,1.01103100,1.01143000,1.01166500,1.01180500,1.01189400,1.01193900
2.590000,1.00662300,1.00979000,1.01103100,1.01143000,1.01166500,1.01180500,1.01189400,1.01194000
2.592000,1.00662300,1.00979000,1.01103100,1.01143000,1.01166500,1.01180500,1.01189500,1.01194000
2.594000,1.00662300,1.00979100,1.01103200,1.01143100,1.01166600,1.01180600,1.01189500,1.01194000
2.596000,1.00662400,1.00979100,1.01103200,1.01143100,1.01166600,1.01180600,1.01189500,1.01194100
2.598000,1.00662400,1.00979100,1.01103200,1.01143100,1.01166600,1.01180600,1.01189600,1.01194100
2.600000,1.00662400,1.00979100,1.01103200,1.01143200,1.01166700,1.01180600,1.01189600,1.01194100
2.602000,1.00662400,1.00979200,1.01103300,1.01143200,1.01166700,1.01180700,1.01189600,1.01194200
2.604000,1.00662400,1.00979200,1.01103300,1.01143200,1.01166700,1.01180700,1.01189600,1.01194200
2.606000,1.00662500,1.00979200,1.01103300,1.01143300,1.01166800,1.01180700,1.01189700,1.01194200
2.608000,1.00662500,1.00979200,1.01103400,1.01143300,1.01166800,1.01180800,1.01189700,1.01194300
2.610000,1.00662500,1.00979300,1.01103400,1.01143300,1.01166800,1.01180800,1.01189700,1.01194300
2.612000,1.00662500,1.00979300,1.01103400,1.01143300,1.01166900,1.01180800,1.01189800,1.01194300
2.614000,1.00662500,1.00979300,1.01103400,1.01143400,1.01166900,1.01180900,1.01189800,1.01194300
2.616000,1.00662600,1.00979400,1.01103500,1.01143400,1.01166900,1.01180900,1.01189800,1.01194400
2.618000,1.00662600,1.00979400,1.01103500,1.01143400,1.01167000,1.01180900,1.01189900,1.01194400
2.620000,1.00662600,1.00979400,1.01103500,1.01143500,1.01167000,1.01181000,1.01189900,1.01194400
2.622000,1.00662600,1.00979400,1.01103600,1.01143500,1.01167000,1.01181000,1.01189900,1.01194500
2.624000,1.00662600,1.00979500,1.01103600,1.01143500,1.01167000,1.01181000,1.01190000,1.01194500
2.626000,1.00662600,1.00979500,1.01103600,1.01143600,1.01167100,1.01181000,1.01190000,1.01194500
2.628000,1.00662700,1.00979500,1.01103700,1.01143600,1.01167100,1.01181100,1.01190000,1.01194600
2.630000,1.00662700,1.00979600,1.01103700,1.01143600,1.01167100,1.01181100,1.01190100,1.01194600
2.632000,1.00662700,1.00979600,1.01103700,1.01143600,1.01167200,1.01181100,1.01190100,1.01194600
2.634000,1.00662700,1.00979600,1.01103700,1.01143700,1.01167200,1.01181200,1.01190100,1.01194700
2.636000,1.00662700,1.00979600,1.01103800,1.01143700,1.01167200,1.01181200,1.01190100,1.01194700
2.638000,1.00662800,1.00979700,1.01103800,1.01143700,1.01167300,1.01181200,1.01190200,1.01194700
2.640000,1.00662800,1.00979700,1.01103800,1.01143800,1.01167300,1.01181300,1.01190200,1.01194800
2.642000,1.00662800,1.00979700,1.01103900,1.01143800,1.01167300,1.01181300,1.01190200,1.01194800
2.644000,1.00662800,1.00979700,1.01103900,1.01143800,1.01167300,1.01181300,1.01190300,1.01194800
2.646000,1.00662900,1.00979800,1.01103900,1.01143900,1.01167400,1.01181400,1.01190300,1.01194800
2.648000,1.00662900,1.00979800,1.01104000,1.01143900,1.01167400,1.01181400,1.01190300,1.01194900
2.650000,1.00662900,1.00979800,1.01104000,1.01143900,1.01167400,1.01181400,1.01190400,1.01194900
2.652000,1.00662900,1.00979900,1.01104000,1.01144000,1.01167500,1.01181400,1.01190400,1.01194900
2.654000,1.00662900,1.00979900,1.01104000,1.01144000,1.01167500,1.01181500,1.01190400,1.01195000
2.656000,1.00662900,1.00979900,1.01104100,1.01144000,1.01167500,1.01181500,1.01190500,1.01195000
2.658000,1.00663000,1.00979900,1.01104100,1.01144000,1.01167600,1.01181500,1.01190500,1.01195000
2.660000,1.00663000,1.00980000,1.01104100,1.01144100,1.01167600,1.01181600,1.01190500,1.01195100
2.662000,1.00663000,1.00980000,1.01104200,1.01144100,1.01167600,1.01181600,1.01190600,1.01195100
2.664000,1.00663000,1.00980000,1.01104200,1.01144100,1.01167700,1.01181600,1.01190600,1.01195100
2.666000,1.00663000,1.00980000,1.01104200,1.01144200,1.01167700,1.01181700,1.01190600,1.01195200
2.668000,1.00663100,1.00980100,1.01104300,1.01144200,1.01167700,1.01181700,1.01190700,1.01195200
2.670000,1.00663100,1.00980100,1.01104300,1.01144200,1.01167800,1.01181700,1.01190700,1.01195200
2.672000,1.00663100,1.00980100,1.01104300,1.01144300,1.01167800,1.01181800,1.01190700,1.01195300
2.674000,1.00663100,1.00980200,1.01104300,1.01144300,1.01167800,1.01181800,1.01190700,1.01195300
2.676000,1.00663100,1.00980200,1.01104400,1.01144300,1.01167800,1.01181800,1.01190800,1.01195300
2.678000,1.00663200,1.00980200,1.01104400,1.01144300,1.01167900,1.01181900,1.01190800,1.01195300
2.680000,1.00663200,1.00980200,1.01104400,1.01144400,1.01167900,1.01181900,1.01190800,1.01195400
2.682000,1.00663200,1.00980300,1.01104500,1.01144400,1.01167900,1.01181900,1.01190900,1.01195400
2.684000,1.00663200,1.00980300,1.01104500,1.01144400,1.01168000,1.01181900,1.01190900,1.01195400
2.686000,1.00663200,1.00980300,1.01104500,1.01144500,1.01168000,1.01182000,1.01190900,1.01195500
2.688000,1.00663300,1.00980300,1.01104600,1.01144500,1.01168000,1.01182000,1.01191000,1.01195500
2.690000,1.00663300,1.00980400,1.01104600,1.01144500,1.01168100,1.01182000,1.01191000,1.01195500
2.692000,1.00663300,1.00980400,1.01104600,1.01144600,1.01168100,1.01182100,1.01191000,1.01195600
2.694000,1.00663300,1.00980400,1.01104700,1.01144600,1.01168100,1.01182100,1.01191100,1.01195600
2.696000,1.00663300,1.00980400,1.01104700,1.01144600,1.01168200,1.01182100,1.01191100,1.01195600
2.698000,1.00663400,1.00980500,1.01104700,1.01144700,1.01168200,1.01182200,1.01191100,1.01195700
2.700000,1.00663400,1.00980500,1.01104700,1.01144700,1.01168200,1.01182200,1.01191200,1.01195700
2.702000,1.00663400,1.00980500,1.01104800,1.01144700,1.01168300,1.01182200,1.01191200,1.01195700
2.704000,1.00663400,1.00980600,1.01104800,1.01144700,1.01168300,1.01182300,1.01191200,1.01195800
2.706000,1.00663400,1.00980600,1.01104800,1.01144800,1.01168300,1.01182300,1.01191200,1.01195800
2.708000,1.00663400,1.00980600,1.01104900,1.01144800,1.01168300,1.01182300,1.01191300,1.01195800
2.710000,1.00663500,1.00980600,1.01104900,1.01144800,1.01168400,1.01182400,1.01191300,1.01195800
2.712000,1.00663500,1.00980700,1.01104900,1.01144900,1.01168400,1.01182400,1.01191300,1.01195900
2.714000,1.00663500,1.00980700,1.01105000,1.01144900,1.01168400,1.01182400,1.01191400,1.01195900
2.716000,1.00663500,1.00980700,1.01105000,1.01144900,1.01168500,1.01182400,1.01191400,1.01195900
2.718000,1.00663600,1.00980700,1.01105000,1.01145000,1.01168500,1.01182500,1.01191400,1.01196000
2.720000,1.00663600,1.00980800,1.01105000,1.01145000,1.01168500,1.01182500,1.01191500,1.01196000
2.722000,1.00663600,1.00980800,1.01105100,1.01145000,1.01168600,1.01182500,1.01191500,1.01196000
2.724000,1.00663600,1.00980800,1.01105100,1.01145100,1.01168600,1.01182600,1.01191500,1.01196100
2.726000,1.00663600,1.00980900,1.01105100,1.01145100,1.01168600,1.01182600,1.01191600,1.01196100
2.728000,1.00663700,1.00980900,1.01105200,1.01145100,1.01168700,1.01182600,1.01191600,1.01196100
2.730000,1.00663700,1.00980900,1.01105200,1.01145100,1.01168700,1.01182700,1.01191600,1.01196200
2.732000,1.00663700,1.00980900,1.01105200,1.01145200,1.01168700,1.01182700,1.01191700,1.01196200
2.734000,1.00663700,1.00981000,1.01105200,1.01145200,1.01168700,1.01182700,1.01191700,1.01196200
2.736000,1.00663700,1.00981000,1.01105300,1.01145200,1.01168800,1.01182800,1.01191700,1.01196300
2.738000,1.00663700,1.00981000,1.01105300,1.01145300,1.01168800,1.01182800,1.01191700,1.01196300
2.740000,1.00663800,1.00981100,1.01105300,1.01145300,1.01168800,1.01182800,1.01191800,1.01196300
2.742000,1.00663800,1.00981100,1.01105400,1.01145300,1.01168900,1.01182900,1.01191800,1.01196300
2.744000,1.00663800,1.00981100,1.01105400,1.01145400,1.01168900,1.01182900,1.01191800,1.01196400
2.746000,1.00663800,1.00981100,1.01105400,1.01145400,1.01168900,1.01182900,1.01191900,1.01196400
2.748000,1.00663800,1.00981200,1.01105500,1.01145400,1.01169000,1.01182900,1.01191900,1.01196400
2.750000,1.00663900,1.00981200,1.01105500,1.01145400,1.01169000,1.01183000,1.01191900,1.01196500
2.752000,1.00663900,1.00981200,1.01105500,1.01145500,1.01169000,1.01183000,1.01192000,1.01196500
2.754000,1.00663900,1.00981200,1.01105500,1.01145500,1.01169000,1.01183000,1.01192000,1.01196500
2.756000,1.00663900,1.00981300,1.01105600,1.01145500,1.01169100,1.01183100,1.01192000,1.01196600
2.758000,1.00663900,1.00981300,1.01105600,1.01145600,1.01169100,1.01183100,1.01192100,1.01196600
2.760000,1.00664000,1.00981300,1.01105600,1.01145600,1.01169100,1.01183100,1.01192100,1.01196600
2.762000,1.00664000,1.00981400,1.01105700,1.01145600,1.01169200,1.01183200,1.01192100,1.01196700
2.764000,1.00664000,1.00981400,1.01105700,1.01145700,1.01169200,1.01183200,1.01192200,1.01196700
2.766000,1.00664000,1.00981400,1.01105700,1.01145700,1.01169200,1.01183200,1.01192200,1.01196700
2.768000,1.00664000,1.00981400,1.01105800,1.01145700,1.01169300,1.01183300,1.01192200,1.01196800
2.770000,1.00664100,1.00981500,1.01105800,1.01145800,1.01169300,1.01183300,1.01192200,1.01196800
2.772000,1.00664100,1.00981500,1.01105800,1.01145800,1.01169300,1.01183300,1.01192300,1.01196800
2.774000,1.00664100,1.00981500,1.01105800,1.01145800,1.01169400,1.01183400,1.01192300,1.01196800
2.776000,1.00664100,1.00981500,1.01105900,1.01145900,1.01169400,1.01183400,1.01192300,1.01196900
2.778000,1.00664100,1.00981600,1.01105900,1.01145900,1.01169400,1.01183400,1.01192400,1.01196900
2.780000,1.00664200,1.00981600,1.01105900,1.01145900,1.01169500,1.01183500,1.01192400,1.01196900
2.782000,1.00664200,1.00981600,1.01106000,1.01145900,1.01169500,1.01183500,1.01192400,1.01197000
2.784000,1.00664200,1.00981700,1.01106000,1.01146000,1.01169500,1.01183500,1.01192500,1.01197000
2.786000,1.00664200,1.00981700,1.01106000,1.01146000,1.01169600,1.01183500,1.01192500,1.01197000
2.788000,1.00664200,1.00981700,1.01106100,1.01146000,1.01169600,1.01183600,1.01192500,1.01197100
2.790000,1.00664300,1.00981700,1.01106100,1.01146100,1.01169600,1.01183600,1.01192600,1.01197100
2.792000,1.00664300,1.00981800,1.01106100,1.01146100,1.01169600,1.01183600,1.01192600,1.01197100
2.794000,1.00664300,1.00981800,1.01106100,1.01146100,1.01169700,1.01183700,1.01192600,1.01197200
2.796000,1.00664300,1.00981800,1.01106200,1.01146200,1.01169700,1.01183700,1.01192700,1.01197200
2.798000,1.00664300,1.00981800,1.01106200,1.01146200,1.01169700,1.01183700,1.01192700,1.01197200
2.800000,1.00664400,1.00981900,1.01106200,1.01146200,1.01169800,1.01183800,1.01192700,1.01197300
2.802000,1.00664400,1.00981900,1.01106300,1.01146200,1.01169800,1.01183800,1.01192700,1.01197300
2.804000,1.00664400,1.00981900,1.01106300,1.01146300,1.01169800,1.01183800,1.01192800,1.01197300
2.806000,1.00664400,1.00982000,1.01106300,1.01146300,1.01169900,1.01183900,1.01192800,1.01197400
2.808000,1.00664400,1.00982000,1.01106400,1.01146300,1.01169900,1.01183900,1.01192800,1.01197400
2.810000,1.00664400,1.00982000,1.01106400,1.01146400,1.01169900,1.01183900,1.01192900,1.01197400
2.812000,1.00664500,1.00982000,1.01106400,1.01146400,1.01170000,1.01183900,1.01192900,1.01197400
2.814000,1.00664500,1.00982100,1.01106400,1.01146400,1.01170000,1.01184000,1.01192900,1.01197500
2.816000,1.00664500,1.00982100,1.01106500,1.01146500,1.01170000,1.01184000,1.01193000,1.01197500
2.818000,1.00664500,1.00982100,1.01106500,1.01146500,1.01170100,1.01184000,1.01193000,1.01197500
2.820000,1.00664600,1.00982100,1.01106500,1.01146500,1.01170100,1.01184100,1.01193000,1.01197600
2.822000,1.00664600,1.00982200,1.01106600,1.01146600,1.01170100,1.01184100,1.01193100,1.01197600
2.824000,1.00664600,1.00982200,1.01106600,1.01146600,1.01170100,1.01184100,1.01193100,1.01197600
2.826000,1.00664600,1.00982200,1.01106600,1.01146600,1.01170200,1.01184200,1.01193100,1.01197700
2.828000,1.00664600,1.00982300,1.01106700,1.01146700,1.01170200,1.01184200,1.01193200,1.01197700
2.830000,1.00664700,1.00982300,1.01106700,1.01146700,1.01170200,1.01184200,1.01193200,1.01197700
2.832000,1.00664700,1.00982300,1.01106700,1.01146700,1.01170300,1.01184300,1.01193200,1.01197800
2.834000,1.00664700,1.00982300,1.01106800,1.01146700,1.01170300,1.01184300,1.01193200,1.01197800
2.836000,1.00664700,1.00982400,1.01106800,1.01146800,1.01170300,1.01184300,1.01193300,1.01197800
2.838000,1.00664700,1.00982400,1.01106800,1.01146800,1.01170400,1.01184400,1.01193300,1.01197900
2.840000,1.00664700,1.00982400,1.01106800,1.01146800,1.01170400,1.01184400,1.01193300,1.01197900
2.842000,1.00664800,1.00982500,1.01106900,1.01146900,1.01170400,1.01184400,1.01193400,1.01197900
2.844000,1.00664800,1.00982500,1.01106900,1.01146900,1.01170400,1.01184400,1.01193400,1.01197900
2.846000,1.00664800,1.00982500,1.01106900,1.01146900,1.01170500,1.01184500,1.01193400,1.01198000
2.848000,1.00664800,1.00982500,1.01107000,1.01147000,1.01170500,1.01184500,1.01193500,1.01198000
2.850000,1.00664800,1.00982600,1.01107000,1.01147000,1.01170500,1.01184500,1.01193500,1.01198000
2.852000,1.00664900,1.00982600,1.01107000,1.01147000,1.01170600,1.01184600,1.01193500,1.01198100
2.854000,1.00664900,1.00982600,1.01107000,1.01147000,1.01170600,1.01184600,1.01193600,1.01198100
2.856000,1.00664900,1.00982600,1.01107100,1.01147100,1.01170600,1.01184600,1.01193600,1.01198100
2.858000,1.00664900,1.00982700,1.01107100,1.01147100,1.01170700,1.01184700,1.01193600,1.01198200
2.860000,1.00664900,1.00982700,1.01107100,1.01147100,1.01170700,1.01184700,1.01193700,1.01198200
2.862000,1.00665000,1.00982700,1.01107200,1.01147200,1.01170700,1.01184700,1.01193700,1.01198200
2.864000,1.00665000,1.00982700,1.01107200,1.01147200,1.01170800,1.01184800,1.01193700,1.01198300
2.866000,1.00665000,1.00982800,1.01107200,1.01147200,1.01170800,1.01184800,1.01193700,1.01198300
2.868000,1.00665000,1.00982800,1.01107300,1.01147300,1.01170800,1.01184800,1.01193800,1.01198300
2.870000,1.00665000,1.00982800,1.01107300,1.01147300,1.01170800,1.01184800,1.01193800,1.01198400
2.872000,1.00665100,1.00982900,1.01107300,1.01147300,1.01170900,1.01184900,1.01193800,1.01198400
2.874000,1.00665100,1.00982900,1.01107300,1.01147400,1.01170900,1.01184900,1.01193900,1.01198400
2.876000,1.00665100,1.00982900,1.01107400,1.01147400,1.01170900,1.01184900,1.01193900,1.01198400
2.878000,1.00665100,1.00982900,1.01107400,1.01147400,1.01171000,1.01185000,1.01193900,1.01198500
2.880000,1.00665100,1.00983000,1.01107400,1.01147400,1.01171000,1.01185000,1.01194000,1.01198500
2.882000,1.00665200,1.00983000,1.01107500,1.01147500,1.01171000,1.01185000,1.01194000,1.01198500
2.884000,1.00665200,1.00983000,1.01107500,1.01147500,1.01171100,1.01185100,1.01194000,1.01198600
2.886000,1.00665200,1.00983000,1.01107500,1.01147500,1.01171100,1.01185100,1.01194100,1.01198600
2.888000,1.00665200,1.00983100,1.01107600,1.01147600,1.01171100,1.01185100,1.01194100,1.01198600
2.890000,1.00665200,1.00983100,1.01107600,1.01147600,1.01171200,1.01185200,1.01194100,1.01198700
2.892000,1.00665300,1.00983100,1.01107600,1.01147600,1.01171200,1.01185200,1.01194200,1.01198700
2.894000,1.00665300,1.00983200,1.01107600,1.01147700,1.01171200,1.01185200,1.01194200,1.01198700
2.896000,1.00665300,1.00983200,1.01107700,1.01147700,1.01171300,1.01185300,1.01194200,1.01198800
2.898000,1.00665300,1.00983200,1.01107700,1.01147700,1.01171300,1.01185300,1.01194300,1.01198800
2.900000,1.00665300,1.00983300,1.01107700,1.01147800,1.01171300,1.01185300,1.01194300,1.01198800
2.902000,1.00665400,1.00983300,1.01107800,1.01147800,1.01171400,1.01185400,1.01194300,1.01198900
2.904000,1.00665400,1.00983300,1.01107800,1.01147800,1.01171400,1.01185400,1.01194300,1.01198900
2.906000,1.00665400,1.00983300,1.01107800,1.01147800,1.01171400,1.01185400,1.01194400,1.01198900
2.908000,1.00665400,1.00983400,1.01107900,1.01147900,1.01171400,1.01185400,1.01194400,1.01198900
2.910000,1.00665400,1.00983400,1.01107900,1.01147900,1.01171500,1.01185500,1.01194400,1.01199000
2.912000,1.00665500,1.00983400,1.01107900,1.01147900,1.01171500,1.01185500,1.01194500,1.01199000
2.914000,1.00665500,1.00983400,1.01107900,1.01148000,1.01171500,1.01185500,1.01194500,1.01199000
2.916000,1.00665500,1.00983500,1.01108000,1.01148000,1.01171600,1.01185600,1.01194500,1.01199100
2.918000,1.00665500,1.00983500,1.01108000,1.01148000,1.01171600,1.01185600,1.01194600,1.01199100
2.920000,1.00665500,1.00983500,1.01108000,1.01148100,1.01171600,1.01185600,1.01194600,1.01199100
2.922000,1.00665600,1.00983500,1.01108100,1.01148100,1.01171700,1.01185700,1.01194600,1.01199200
2.924000,1.00665600,1.00983600,1.01108100,1.01148100,1.01171700,1.01185700,1.01194700,1.01199200
2.926000,1.00665600,1.00983600,1.01108100,1.01148200,1.01171700,1.01185700,1.01194700,1.01199200
2.928000,1.00665600,1.00983600,1.01108200,1.01148200,1.01171800,1.01185800,1.01194700,1.01199300
2.930000,1.00665600,1.00983700,1.01108200,1.01148200,1.01171800,1.01185800,1.01194800,1.01199300
2.932000,1.00665700,1.00983700,1.01108200,1.01148200,1.01171800,1.01185800,1.01194800,1.01199300
2.934000,1.00665700,1.00983700,1.01108300,1.01148300,1.01171900,1.01185900,1.01194800,1.01199400
2.936000,1.00665700,1.00983700,1.01108300,1.01148300,1.01171900,1.01185900,1.01194800,1.01199400
2.938000,1.00665700,1.00983800,1.01108300,1.01148300,1.01171900,1.01185900,1.01194900,1.01199400
2.940000,1.00665700,1.00983800,1.01108300,1.01148400,1.01171900,1.01185900,1.01194900,1.01199400
2.942000,1.00665700,1.00983800,1.01108400,1.01148400,1.01172000,1.01186000,1.01194900,1.01199500
2.944000,1.00665800,1.00983800,1.01108400,1.01148400,1.01172000,1.01186000,1.01195000,1.01199500
2.946000,1.00665800,1.00983900,1.01108400,1.01148500,1.01172000,1.01186000,1.01195000,1.01199500
2.948000,1.00665800,1.00983900,1.01108500,1.01148500,1.01172100,1.01186100,1.01195000,1.01199600
2.950000,1.00665800,1.00983900,1.01108500,1.01148500,1.01172100,1.01186100,1.01195100,1.01199600
2.952000,1.00665900,1.00984000,1.01108500,1.01148600,1.01172100,1.01186100,1.01195100,1.01199600
2.954000,1.00665900,1.00984000,1.01108600,1.01148600,1.01172200,1.01186200,1.01195100,1.01199700
2.956000,1.00665900,1.00984000,1.01108600,1.01148600,1.01172200,1.01186200,1.01195200,1.01199700
2.958000,1.00665900,1.00984000,1.01108600,1.01148700,1.01172200,1.01186200,1.01195200,1.01199700
2.960000,1.00665900,1.00984100,1.01108600,1.01148700,1.01172300,1.01186300,1.01195200,1.01199800
2.962000,1.00666000,1.00984100,1.01108700,1.01148700,1.01172300,1.01186300,1.01195300,1.01199800
2.964000,1.00666000,1.00984100,1.01108700,1.01148700,1.01172300,1.01186300,1.01195300,1.01199800
2.966000,1.00666000,1.00984200,1.01108700,1.01148800,1.01172400,1.01186400,1.01195300,1.01199900
2.968000,1.00666000,1.00984200,1.01108800,1.01148800,1.01172400,1.01186400,1.01195300,1.01199900
2.970000,1.00666000,1.00984200,1.01108800,1.01148800,1.01172400,1.01186400,1.01195400,1.01199900
2.972000,1.00666000,1.00984200,1.01108800,1.01148900,1.01172400,1.01186500,1.01195400,1.01200000
2.974000,1.00666100,1.00984300,1.01108800,1.01148900,1.01172500,1.01186500,1.01195400,1.01200000
2.976000,1.00666100,1.00984300,1.01108900,1.01148900,1.01172500,1.01186500,1.01195500,1.01200000
2.978000,1.00666100,1.00984300,1.01108900,1.01149000,1.01172500,1.01186500,1.01195500,1.01200000
2.980000,1.00666100,1.00984300,1.01108900,1.01149000,1.01172600,1.01186600,1.01195500,1.01200100
2.982000,1.00666100,1.00984400,1.01109000,1.01149000,1.01172600,1.01186600,1.01195600,1.01200100
2.984000,1.00666200,1.00984400,1.01109000,1.01149000,1.01172600,1.01186600,1.01195600,1.01200100
2.986000,1.00666200,1.00984400,1.01109000,1.01149100,1.01172700,1.01186700,1.01195600,1.01200200
2.988000,1.00666200,1.00984500,1.01109100,1.01149100,1.01172700,1.01186700,1.01195700,1.01200200
2.990000,1.00666200,1.00984500,1.01109100,1.01149100,1.01172700,1.01186700,1.01195700,1.01200200
2.992000,1.00666200,1.00984500,1.01109100,1.01149200,1.01172800,1.01186800,1.01195700,1.01200300
2.994000,1.00666300,1.00984500,1.01109200,1.01149200,1.01172800,1.01186800,1.01195800,1.01200300
2.996000,1.00666300,1.00984600,1.01109200,1.01149200,1.01172800,1.01186800,1.01195800,1.01200300
2.998000,1.00666300,1.00984600,1.01109200,1.01149300,1.01172900,1.01186900,1.01195800,1.01200400
3.000000,1.00666300,1.00984600,1.01109200,1.01149300,1.01172900,1.01186900,1.01195800,1.01200400
3.002000,1.00666300,1.00984600,1.01109300,1.01149300,1.01172900,1.01186900,1.01195900,1.01200400
3.004000,1.00666400,1.00984700,1.01109300,1.01149400,1.01172900,1.01187000,1.01195900,1.01200500
3.006000,1.00666400,1.00984700,1.01109300,1.01149400,1.01173000,1.01187000,1.01195900,1.01200500
3.008000,1.00666400,1.00984700,1.01109400,1.01149400,1.01173000,1.01187000,1.01196000,1.01200500
3.010000,1.00666400,1.00984800,1.01109400,1.01149500,1.01173000,1.01187100,1.01196000,1.01200600
3.012000,1.00666400,1.00984800,1.01109400,1.01149500,1.01173100,1.01187100,1.01196000,1.01200600
3.014000,1.00666500,1.00984800,1.01109500,1.01149500,1.01173100,1.01187100,1.01196100,1.01200600
3.016000,1.00666500,1.00984800,1.01109500,1.01149500,1.01173100,1.01187100,1.01196100,1.01200700
3.018000,1.00666500,1.00984900,1.01109500,1.01149600,1.01173200,1.01187200,1.01196100,1.01200700
3.020000,1.00666500,1.00984900,1.01109500,1.01149600,1.01173200,1.01187200,1.01196200,1.01200700
3.022000,1.00666500,1.00984900,1.01109600,1.01149600,1.01173200,1.01187200,1.01196200,1.01200700
3.024000,1.00666600,1.00985000,1.01109600,1.01149700,1.01173300,1.01187300,1.01196200,1.01200800
3.026000,1.00666600,1.00985000,1.01109600,1.01149700,1.01173300,1.01187300,1.01196300,1.01200800
3.028000,1.00666600,1.00985000,1.01109700,1.01149700,1.01173300,1.01187300,1.01196300,1.01200800
3.030000,1.00666600,1.00985000,1.01109700,1.01149800,1.01173400,1.01187400,1.01196300,1.01200900
3.032000,1.00666600,1.00985100,1.01109700,1.01149800,1.01173400,1.01187400,1.01196400,1.01200900
3.034000,1.00666700,1.00985100,1.01109800,1.01149800,1.01173400,1.01187400,1.01196400,1.01200900
3.036000,1.00666700,1.00985100,1.01109800,1.01149900,1.01173400,1.01187500,1.01196400,1.01201000
3.038000,1.00666700,1.00985100,1.01109800,1.01149900,1.01173500,1.01187500,1.01196400,1.01201000
3.040000,1.00666700,1.00985200,1.01109900,1.01149900,1.01173500,1.01187500,1.01196500,1.01201000
3.042000,1.00666700,1.00985200,1.01109900,1.01149900,1.01173500,1.01187600,1.01196500,1.01201100
3.044000,1.00666800,1.00985200,1.01109900,1.01150000,1.01173600,1.01187600,1.01196500,1.01201100
3.046000,1.00666800,1.00985300,1.01109900,1.01150000,1.01173600,1.01187600,1.01196600,1.01201100
3.048000,1.00666800,1.00985300,1.01110000,1.01150000,1.01173600,1.01187600,1.01196600,1.01201200
3.050000,1.00666800,1.00985300,1.01110000,1.01150100,1.01173700,1.01187700,1.01196600,1.01201200
3.052000,1.00666800,1.00985300,1.01110000,1.01150100,1.01173700,1.01187700,1.01196700,1.01201200
3.054000,1.00666900,1.00985400,1.01110100,1.01150100,1.01173700,1.01187700,1.01196700,1.01201200
3.056000,1.00666900,1.00985400,1.01110100,1.01150200,1.01173800,1.01187800,1.01196700,1.01201300
3.058000,1.00666900,1.00985400,1.01110100,1.01150200,1.01173800,1.01187800,1.01196800,1.01201300
3.060000,1.00666900,1.00985400,1.01110100,1.01150200,1.01173800,1.01187800,1.01196800,1.01201300
3.062000,1.00666900,1.00985500,1.01110200,1.01150300,1.01173800,1.01187900,1.01196800,1.01201400
3.064000,1.00667000,1.00985500,1.01110200,1.01150300,1.01173900,1.01187900,1.01196900,1.01201400
3.066000,1.00667000,1.00985500,1.01110200,1.01150300,1.01173900,1.01187900,1.01196900,1.01201400
3.068000,1.00667000,1.00985600,1.01110300,1.01150300,1.01173900,1.01188000,1.01196900,1.01201500
3.070000,1.00667000,1.00985600,1.01110300,1.01150400,1.01174000,1.01188000,1.01197000,1.01201500
3.072000,1.00667000,1.00985600,1.01110300,1.01150400,1.01174000,1.01188000,1.01197000,1.01201500
3.074000,1.00667100,1.00985600,1.01110400,1.01150400,1.01174000,1.01188100,1.01197000,1.01201600
3.076000,1.00667100,1.00985700,1.01110400,1.01150500,1.01174100,1.01188100,1.01197100,1.01201600
3.078000,1.00667100,1.00985700,1.01110400,1.01150500,1.01174100,1.01188100,1.01197100,1.01201600
3.080000,1.00667100,1.00985700,1.01110400,1.01150500,1.01174100,1.01188100,1.01197100,1.01201700
3.082000,1.00667100,1.00985800,1.01110500,1.01150600,1.01174200,1.01188200,1.01197100,1.01201700
3.084000,1.00667200,1.00985800,1.01110500,1.01150600,1.01174200,1.01188200,1.01197200,1.01201700
3.086000,1.00667200,1.00985800,1.01110500,1.01150600,1.01174200,1.01188200,1.01197200,1.01201700
3.088000,1.00667200,1.00985800,1.01110600,1.01150700,1.01174300,1.01188300,1.01197200,1.01201800
3.090000,1.00667200,1.00985900,1.01110600,1.01150700,1.01174300,1.01188300,1.01197300,1.01201800
3.092000,1.00667200,1.00985900,1.01110600,1.01150700,1.01174300,1.01188300,1.01197300,1.01201800
3.094000,1.00667300,1.00985900,1.01110700,1.01150800,1.01174300,1.01188400,1.01197300,1.01201900
3.096000,1.00667300,1.00985900,1.01110700,1.01150800,1.01174400,1.01188400,1.01197400,1.01201900
3.098000,1.00667300,1.00986000,1.01110700,1.01150800,1.01174400,1.01188400,1.01197400,1.01201900
3.100000,1.00667300,1.00986000,1.01110800,1.01150800,1.01174400,1.01188500,1.01197400,1.01202000
3.102000,1.00667300,1.00986000,1.01110800,1.01150900,1.01174500,1.01188500,1.01197500,1.01202000
3.104000,1.00667300,1.00986100,1.01110800,1.01150900,1.01174500,1.01188500,1.01197500,1.01202000
3.106000,1.00667400,1.00986100,1.01110800,1.01150900,1.01174500,1.01188600,1.01197500,1.01202100
3.108000,1.00667400,1.00986100,1.01110900,1.01151000,1.01174600,1.01188600,1.01197600,1.01202100
3.110000,1.00667400,1.00986100,1.01110900,1.01151000,1.01174600,1.01188600,1.01197600,1.01202100
3.112000,1.00667400,1.00986200,1.01110900,1.01151000,1.01174600,1.01188600,1.01197600,1.01202200
3.114000,1.00667500,1.00986200,1.01111000,1.01151100,1.01174700,1.01188700,1.01197600,1.01202200
3.116000,1.00667500,1.00986200,1.01111000,1.01151100,1.01174700,1.01188700,1.01197700,1.01202200
3.118000,1.00667500,1.00986200,1.01111000,1.01151100,1.01174700,1.01188700,1.01197700,1.01202300
3.120000,1.00667500,1.00986300,1.01111100,1.01151100,1.01174800,1.01188800,1.01197700,1.01202300
3.122000,1.00667500,1.00986300,1.01111100,1.01151200,1.01174800,1.01188800,1.01197800,1.01202300
3.124000,1.00667500,1.00986300,1.01111100,1.01151200,1.01174800,1.01188800,1.01197800,1.01202400
3.126000,1.00667600,1.00986400,1.01111100,1.01151200,1.01174900,1.01188900,1.01197800,1.01202400
3.128000,1.00667600,1.00986400,1.01111200,1.01151300,1.01174900,1.01188900,1.01197900,1.01202400
3.130000,1.00667600,1.00986400,1.01111200,1.01151300,1.01174900,1.01188900,1.01197900,1.01202500
3.132000,1.00667600,1.00986400,1.01111200,1.01151300,1.01174900,1.01189000,1.01197900,1.01202500
3.134000,1.00667600,1.00986500,1.01111300,1.01151400,1.01175000,1.01189000,1.01198000,1.01202500
3.136000,1.00667700,1.00986500,1.01111300,1.01151400,1.01175000,1.01189000,1.01198000,1.01202500
3.138000,1.00667700,1.00986500,1.01111300,1.01151400,1.01175000,1.01189100,1.01198000,1.01202600
3.140000,1.00667700,1.00986600,1.01111400,1.01151500,1.01175100,1.01189100,1.01198100,1.01202600
3.142000,1.00667700,1.00986600,1.01111400,1.01151500,1.01175100,1.01189100,1.01198100,1.01202600
3.144000,1.00667800,1.00986600,1.01111400,1.01151500,1.01175100,1.01189100,1.01198100,1.01202700
3.146000,1.00667800,1.00986600,1.01111400,1.01151500,1.01175200,1.01189200,1.01198100,1.01202700
3.148000,1.00667800,1.00986700,1.01111500,1.01151600,1.01175200,1.01189200,1.01198200,1.01202700
3.150000,1.00667800,1.00986700,1.01111500,1.01151600,1.01175200,1.01189200,1.01198200,1.01202800
3.152000,1.00667800,1.00986700,1.01111500,1.01151600,1.01175300,1.01189300,1.01198200,1.01202800
3.154000,1.00667800,1.00986700,1.01111600,1.01151700,1.01175300,1.01189300,1.01198300,1.01202800
3.156000,1.00667900,1.00986800,1.01111600,1.01151700,1.01175300,1.01189300,1.01198300,1.01202900
3.158000,1.00667900,1.00986800,1.01111600,1.01151700,1.01175400,1.01189400,1.01198300,1.01202900
3.160000,1.00667900,1.00986800,1.01111700,1.01151800,1.01175400,1.01189400,1.01198400,1.01202900
3.162000,1.00667900,1.00986900,1.01111700,1.01151800,1.01175400,1.01189400,1.01198400,1.01203000
3.164000,1.00667900,1.00986900,1.01111700,1.01151800,1.01175400,1.01189500,1.01198400,1.01203000
3.166000,1.00668000,1.00986900,1.01111800,1.01151900,1.01175500,1.01189500,1.01198500,1.01203000
3.168000,1.00668000,1.00986900,1.01111800,1.01151900,1.01175500,1.01189500,1.01198500,1.01203000
3.170000,1.00668000,1.00987000,1.01111800,1.01151900,1.01175500,1.01189600,1.01198500,1.01203100
3.172000,1.00668000,1.00987000,1.01111800,1.01152000,1.01175600,1.01189600,1.01198600,1.01203100
3.174000,1.00668000,1.00987000,1.01111900,1.01152000,1.01175600,1.01189600,1.01198600,1.01203100
3.176000,1.00668100,1.00987100,1.01111900,1.01152000,1.01175600,1.01189700,1.01198600,1.01203200
3.178000,1.00668100,1.00987100,1.01111900,1.01152100,1.01175700,1.01189700,1.01198700,1.01203200
3.180000,1.00668100,1.00987100,1.01112000,1.01152100,1.01175700,1.01189700,1.01198700,1.01203200
3.182000,1.00668100,1.00987100,1.01112000,1.01152100,1.01175700,1.01189800,1.01198700,1.01203300
3.184000,1.00668100,1.00987200,1.01112000,1.01152100,1.01175800,1.01189800,1.01198800,1.01203300
3.186000,1.00668200,1.00987200,1.01112100,1.01152200,1.01175800,1.01189800,1.01198800,1.01203300
3.188000,1.00668200,1.00987200,1.01112100,1.01152200,1.01175800,1.01189900,1.01198800,1.01203400
3.190000,1.00668200,1.00987200,1.01112100,1.01152200,1.01175900,1.01189900,1.01198900,1.01203400
3.192000,1.00668200,1.00987300,1.01112200,1.01152300,1.01175900,1.01189900,1.01198900,1.01203400
3.194000,1.00668200,1.00987300,1.01112200,1.01152300,1.01175900,1.01189900,1.01198900,1.01203500
3.196000,1.00668300,1.00987300,1.01112200,1.01152300,1.01176000,1.01190000,1.01198900,1.01203500
3.198000,1.00668300,1.00987400,1.01112200,1.01152400,1.01176000,1.01190000,1.01199000,1.01203500
3.200000,1.00668300,1.00987400,1.01112300,1.01152400,1.01176000,1.01190000,1.01199000,1.01203600
3.202000,1.00668300,1.00987400,1.01112300,1.01152400,1.01176000,1.01190100,1.01199000,1.01203600
3.204000,1.00668300,1.00987400,1.01112300,1.01152500,1.01176100,1.01190100,1.01199100,1.01203600
3.206000,1.00668400,1.00987500,1.01112400,1.01152500,1.01176100,1.01190100,1.01199100,1.01203700
3.208000,1.00668400,1.00987500,1.01112400,1.01152500,1.01176100,1.01190200,1.01199100,1.01203700
3.210000,1.00668400,1.00987500,1.01112400,1.01152600,1.01176200,1.01190200,1.01199200,1.01203700
3.212000,1.00668400,1.00987600,1.01112400,1.01152600,1.01176200,1.01190200,1.01199200,1.01203800
3.214000,1.00668400,1.00987600,1.01112500,1.01152600,1.01176200,1.01190300,1.01199200,1.01203800
3.216000,1.00668500,1.00987600,1.01112500,1.01152600,1.01176300,1.01190300,1.01199300,1.01203800
3.218000,1.00668500,1.00987600,1.01112500,1.01152700,1.01176300,1.01190300,1.01199300,1.01203800
3.220000,1.00668500,1.00987700,1.01112600,1.01152700,1.01176300,1.01190400,1.01199300,1.01203900
3.222000,1.00668500,1.00987700,1.01112600,1.01152700,1.01176400,1.01190400,1.01199400,1.01203900
3.224000,1.00668500,1.00987700,1.01112600,1.01152800,1.01176400,1.01190400,1.01199400,1.01203900
3.226000,1.00668600,1.00987700,1.01112700,1.01152800,1.01176400,1.01190400,1.01199400,1.01204000
3.228000,1.00668600,1.00987800,1.01112700,1.01152800,1.01176500,1.01190500,1.01199400,1.01204000
3.230000,1.00668600,1.00987800,1.01112700,1.01152900,1.01176500,1.01190500,1.01199500,1.01204000
3.232000,1.00668600,1.00987800,1.01112800,1.01152900,1.01176500,1.01190500,1.01199500,1.01204100
3.234000,1.00668600,1.00987900,1.01112800,1.01152900,1.01176500,1.01190600,1.01199500,1.01204100
3.236000,1.00668700,1.00987900,1.01112800,1.01152900,1.01176600,1.01190600,1.01199600,1.01204100
3.238000,1.00668700,1.00987900,1.01112800,1.01153000,1.01176600,1.01190600,1.01199600,1.01204200
3.240000,1.00668700,1.00987900,1.01112900,1.01153000,1.01176600,1.01190700,1.01199600,1.01204200
3.242000,1.00668700,1.00988000,1.01112900,1.01153000,1.01176700,1.01190700,1.01199700,1.01204200
3.244000,1.00668700,1.00988000,1.01112900,1.01153100,1.01176700,1.01190700,1.01199700,1.01204300
3.246000,1.00668800,1.00988000,1.01113000,1.01153100,1.01176700,1.01190800,1.01199700,1.01204300
3.248000,1.00668800,1.00988000,1.01113000,1.01153100,1.01176800,1.01190800,1.01199800,1.01204300
3.250000,1.00668800,1.00988100,1.01113000,1.01153200,1.01176800,1.01190800,1.01199800,1.01204300
3.252000,1.00668800,1.00988100,1.01113100,1.01153200,1.01176800,1.01190900,1.01199800,1.01204400
3.254000,1.00668800,1.00988100,1.01113100,1.01153200,1.01176900,1.01190900,1.01199900,1.01204400
3.256000,1.00668900,1.00988200,1.01113100,1.01153300,1.01176900,1.01190900,1.01199900,1.01204400
3.258000,1.00668900,1.00988200,1.01113200,1.01153300,1.01176900,1.01190900,1.01199900,1.01204500
3.260000,1.00668900,1.00988200,1.01113200,1.01153300,1.01177000,1.01191000,1.01200000,1.01204500
3.262000,1.00668900,1.00988200,1.01113200,1.01153300,1.01177000,1.01191000,1.01200000,1.01204500
3.264000,1.00668900,1.00988300,1.01113200,1.01153400,1.01177000,1.01191000,1.01200000,1.01204600
3.266000,1.00669000,1.00988300,1.01113300,1.01153400,1.01177000,1.01191100,1.01200100,1.01204600
3.268000,1.00669000,1.00988300,1.01113300,1.01153400,1.01177100,1.01191100,1.01200100,1.01204600
3.270000,1.00669000,1.00988400,1.01113300,1.01153500,1.01177100,1.01191100,1.01200100,1.01204700
3.272000,1.00669000,1.00988400,1.01113400,1.01153500,1.01177100,1.01191200,1.01200200,1.01204700
3.274000,1.00669000,1.00988400,1.01113400,1.01153500,1.01177200,1.01191200,1.01200200,1.01204700
3.276000,1.00669100,1.00988400,1.01113400,1.01153600,1.01177200,1.01191200,1.01200200,1.01204800
3.278000,1.00669100,1.00988500,1.01113500,1.01153600,1.01177200,1.01191300,1.01200200,1.01204800
3.280000,1.00669100,1.00988500,1.01113500,1.01153600,1.01177300,1.01191300,1.01200300,1.01204800
3.282000,1.00669100,1.00988500,1.01113500,1.01153700,1.01177300,1.01191300,1.01200300,1.01204900
3.284000,1.00669100,1.00988500,1.01113500,1.01153700,1.01177300,1.01191400,1.01200300,1.01204900
3.286000,1.00669200,1.00988600,1.01113600,1.01153700,1.01177400,1.01191400,1.01200400,1.01204900
3.288000,1.00669200,1.00988600,1.01113600,1.01153800,1.01177400,1.01191400,1.01200400,1.01205000
3.290000,1.00669200,1.00988600,1.01113600,1.01153800,1.01177400,1.01191500,1.01200400,1.01205000
3.292000,1.00669200,1.00988700,1.01113700,1.01153800,1.01177500,1.01191500,1.01200500,1.01205000
3.294000,1.00669200,1.00988700,1.01113700,1.01153900,1.01177500,1.01191500,1.01200500,1.01205100
3.296000,1.00669300,1.00988700,1.01113700,1.01153900,1.01177500,1.01191600,1.01200500,1.01205100
3.298000,1.00669300,1.00988700,1.01113800,1.01153900,1.01177500,1.01191600,1.01200600,1.01205100
3.300000,1.00669300,1.00988800,1.01113800,1.01153900,1.01177600,1.01191600,1.01200600,1.01205100
3.302000,1.00669300,1.00988800,1.01113800,1.01154000,1.01177600,1.01191700,1.01200600,1.01205200
3.304000,1.00669300,1.00988800,1.01113800,1.01154000,1.01177600,1.01191700,1.01200700,1.01205200
3.306000,1.00669400,1.00988900,1.01113900,1.01154000,1.01177700,1.01191700,1.01200700,1.01205200
3.308000,1.00669400,1.00988900,1.01113900,1.01154100,1.01177700,1.01191700,1.01200700,1.01205300
3.310000,1.00669400,1.00988900,1.01113900,1.01154100,1.01177700,1.01191800,1.01200700,1.01205300
3.312000,1.00669400,1.00988900,1.01114000,1.01154100,1.01177800,1.01191800,1.01200800,1.01205300
3.314000,1.00669400,1.00989000,1.01114000,1.01154200,1.01177800,1.01191800,1.01200800,1.01205400
3.316000,1.00669500,1.00989000,1.01114000,1.01154200,1.01177800,1.01191900,1.01200800,1.01205400
3.318000,1.00669500,1.00989000,1.01114100,1.01154200,1.01177900,1.01191900,1.01200900,1.01205400
3.320000,1.00669500,1.00989000,1.01114100,1.01154300,1.01177900,1.01191900,1.01200900,1.01205500
3.322000,1.00669500,1.00989100,1.01114100,1.01154300,1.01177900,1.01192000,1.01200900,1.01205500
3.324000,1.00669500,1.00989100,1.01114200,1.01154300,1.01178000,1.01192000,1.01201000,1.01205500
3.326000,1.00669600,1.00989100,1.01114200,1.01154400,1.01178000,1.01192000,1.01201000,1.01205600
3.328000,1.00669600,1.00989200,1.01114200,1.01154400,1.01178000,1.01192100,1.01201000,1.01205600
3.330000,1.00669600,1.00989200,1.01114200,1.01154400,1.01178100,1.01192100,1.01201100,1.01205600
3.332000,1.00669600,1.00989200,1.01114300,1.01154400,1.01178100,1.01192100,1.01201100,1.01205700
3.334000,1.00669600,1.00989200,1.01114300,1.01154500,1.01178100,1.01192200,1.01201100,1.01205700
3.336000,1.00669700,1.00989300,1.01114300,1.01154500,1.01178100,1.01192200,1.01201200,1.01205700
3.338000,1.00669700,1.00989300,1.01114400,1.01154500,1.01178200,1.01192200,1.01201200,1.01205800
3.340000,1.00669700,1.00989300,1.01114400,1.01154600,1.01178200,1.01192200,1.01201200,1.01205800
3.342000,1.00669700,1.00989400,1.01114400,1.01154600,1.01178200,1.01192300,1.01201300,1.01205800
3.344000,1.00669700,1.00989400,1.01114500,1.01154600,1.01178300,1.01192300,1.01201300,1.01205800
3.346000,1.00669800,1.00989400,1.01114500,1.01154700,1.01178300,1.01192300,1.01201300,1.01205900
3.348000,1.00669800,1.00989400,1.01114500,1.01154700,1.01178300,1.01192400,1.01201400,1.01205900
3.350000,1.00669800,1.00989500,1.01114500,1.01154700,1.01178400,1.01192400,1.01201400,1.01205900
3.352000,1.00669800,1.00989500,1.01114600,1.01154800,1.01178400,1.01192400,1.01201400,1.01206000
3.354000,1.00669800,1.00989500,1.01114600,1.01154800,1.01178400,1.01192500,1.01201500,1.01206000
3.356000,1.00669900,1.00989500,1.01114600,1.01154800,1.01178500,1.01192500,1.01201500,1.01206000
3.358000,1.00669900,1.00989600,1.01114700,1.01154900,1.01178500,1.01192500,1.01201500,1.01206100
3.360000,1.00669900,1.00989600,1.01114700,1.01154900,1.01178500,1.01192600,1.01201500,1.01206100
3.362000,1.00669900,1.00989600,1.01114700,1.01154900,1.01178600,1.01192600,1.01201600,1.01206100
3.364000,1.00669900,1.00989700,1.01114800,1.01154900,1.01178600,1.01192600,1.01201600,1.01206200
3.366000,1.00670000,1.00989700,1.01114800,1.01155000,1.01178600,1.01192700,1.01201600,1.01206200
3.368000,1.00670000,1.00989700,1.01114800,1.01155000,1.01178600,1.01192700,1.01201700,1.01206200
3.370000,1.00670000,1.00989700,1.01114900,1.01155000,1.01178700,1.01192700,1.01201700,1.01206300
3.372000,1.00670000,1.00989800,1.01114900,1.01155100,1.01178700,1.01192800,1.01201700,1.01206300
3.374000,1.00670000,1.00989800,1.01114900,1.01155100,1.01178700,1.01192800,1.01201800,1.01206300
3.376000,1.00670100,1.00989800,1.01114900,1.01155100,1.01178800,1.01192800,1.01201800,1.01206400
3.378000,1.00670100,1.00989900,1.01115000,1.01155200,1.01178800,1.01192900,1.01201800,1.01206400
3.380000,1.00670100,1.00989900,1.01115000,1.01155200,1.01178800,1.01192900,1.01201900,1.01206400
3.382000,1.00670100,1.00989900,1.01115000,1.01155200,1.01178900,1.01192900,1.01201900,1.01206400
3.384000,1.00670100,1.00989900,1.01115100,1.01155300,1.01178900,1.01193000,1.01201900,1.01206500
3.386000,1.00670200,1.00990000,1.01115100,1.01155300,1.01178900,1.01193000,1.01202000,1.01206500
3.388000,1.00670200,1.00990000,1.01115100,1.01155300,1.01179000,1.01193000,1.01202000,1.01206500
3.390000,1.00670200,1.00990000,1.01115200,1.01155400,1.01179000,1.01193000,1.01202000,1.01206600
3.392000,1.00670200,1.00990000,1.01115200,1.01155400,1.01179000,1.01193100,1.01202100,1.01206600
3.394000,1.00670200,1.00990100,1.01115200,1.01155400,1.01179100,1.01193100,1.01202100,1.01206600
3.396000,1.00670300,1.00990100,1.01115300,1.01155400,1.01179100,1.01193100,1.01202100,1.01206700
3.398000,1.00670300,1.00990100,1.01115300,1.01155500,1.01179100,1.01193200,1.01202200,1.01206700
3.400000,1.00670300,1.00990200,1.01115300,1.01155500,1.01179200,1.01193200,1.01202200,1.01206700
3.402000,1.00670300,1.00990200,1.01115300,1.01155500,1.01179200,1.01193200,1.01202200,1.01206800
3.404000,1.00670300,1.00990200,1.01115400,1.01155600,1.01179200,1.01193300,1.01202200,1.01206800
3.406000,1.00670300,1.00990200,1.01115400,1.01155600,1.01179300,1.01193300,1.01202300,1.01206800
3.408000,1.00670400,1.00990300,1.01115400,1.01155600,1.01179300,1.01193300,1.01202300,1.01206900
3.410000,1.00670400,1.00990300,1.01115500,1.01155700,1.01179300,1.01193400,1.01202300,1.01206900
3.412000,1.00670400,1.00990300,1.01115500,1.01155700,1.01179300,1.01193400,1.01202400,1.01206900
3.414000,1.00670400,1.00990400,1.01115500,1.01155700,1.01179400,1.01193400,1.01202400,1.01207000
3.416000,1.00670500,1.00990400,1.01115600,1.01155800,1.01179400,1.01193500,1.01202400,1.01207000
3.418000,1.00670500,1.00990400,1.01115600,1.01155800,1.01179400,1.01193500,1.01202500,1.01207000
3.420000,1.00670500,1.00990400,1.01115600,1.01155800,1.01179500,1.01193500,1.01202500,1.01207100
3.422000,1.00670500,1.00990500,1.01115600,1.01155800,1.01179500,1.01193500,1.01202500,1.01207100
3.424000,1.00670500,1.00990500,1.01115700,1.01155900,1.01179500,1.01193600,1.01202600,1.01207100
3.426000,1.00670600,1.00990500,1.01115700,1.01155900,1.01179600,1.01193600,1.01202600,1.01207100
3.428000,1.00670600,1.00990500,1.01115700,1.01155900,1.01179600,1.01193600,1.01202600,1.01207200
3.430000,1.00670600,1.00990600,1.01115800,1.01156000,1.01179600,1.01193700,1.01202700,1.01207200
3.432000,1.00670600,1.00990600,1.01115800,1.01156000,1.01179700,1.01193700,1.01202700,1.01207200
3.434000,1.00670600,1.00990600,1.01115800,1.01156000,1.01179700,1.01193700,1.01202700,1.01207300
3.436000,1.00670700,1.00990700,1.01115900,1.01156100,1.01179700,1.01193800,1.01202800,1.01207300
3.438000,1.00670700,1.00990700,1.01115900,1.01156100,1.01179800,1.01193800,1.01202800,1.01207300
3.440000,1.00670700,1.00990700,1.01115900,1.01156100,1.01179800,1.01193800,1.01202800,1.01207400
3.442000,1.00670700,1.00990700,1.01116000,1.01156200,1.01179800,1.01193900,1.01202900,1.01207400
3.444000,1.00670700,1.00990800,1.01116000,1.01156200,1.01179900,1.01193900,1.01202900,1.01207400
3.446000,1.00670800,1.00990800,1.01116000,1.01156200,1.01179900,1.01193900,1.01202900,1.01207500
3.448000,1.00670800,1.00990800,1.01116000,1.01156200,1.01179900,1.01194000,1.01203000,1.01207500
3.450000,1.00670800,1.00990900,1.01116100,1.01156300,1.01179900,1.01194000,1.01203000,1.01207500
3.452000,1.00670800,1.00990900,1.01116100,1.01156300,1.01180000,1.01194000,1.01203000,1.01207600
3.454000,1.00670800,1.00990900,1.01116100,1.01156300,1.01180000,1.01194100,1.01203000,1.01207600
3.456000,1.00670900,1.00990900,1.01116200,1.01156400,1.01180000,1.01194100,1.01203100,1.01207600
3.458000,1.00670900,1.00991000,1.01116200,1.01156400,1.01180100,1.01194100,1.01203100,1.01207700
3.460000,1.00670900,1.00991000,1.01116200,1.01156400,1.01180100,1.01194200,1.01203100,1.01207700
3.462000,1.00670900,1.00991000,1.01116300,1.01156500,1.01180100,1.01194200,1.01203200,1.01207700
3.464000,1.00670900,1.00991100,1.01116300,1.01156500,1.01180200,1.01194200,1.01203200,1.01207800
3.466000,1.00671000,1.00991100,1.01116300,1.01156500,1.01180200,1.01194300,1.01203200,1.01207800
3.468000,1.00671000,1.00991100,1.01116300,1.01156600,1.01180200,1.01194300,1.01203300,1.01207800
3.470000,1.00671000,1.00991100,1.01116400,1.01156600,1.01180300,1.01194300,1.01203300,1.01207900
3.472000,1.00671000,1.00991200,1.01116400,1.01156600,1.01180300,1.01194300,1.01203300,1.01207900
3.474000,1.00671000,1.00991200,1.01116400,1.01156700,1.01180300,1.01194400,1.01203400,1.01207900
3.476000,1.00671100,1.00991200,1.01116500,1.01156700,1.01180400,1.01194400,1.01203400,1.01207900
3.478000,1.00671100,1.00991200,1.01116500,1.01156700,1.01180400,1.01194400,1.01203400,1.01208000
3.480000,1.00671100,1.00991300,1.01116500,1.01156700,1.01180400,1.01194500,1.01203500,1.01208000
3.482000,1.00671100,1.00991300,1.01116600,1.01156800,1.01180400,1.01194500,1.01203500,1.01208000
3.483999,1.00671100,1.00991300,1.01116600,1.01156800,1.01180500,1.01194500,1.01203500,1.01208100
3.486000,1.00671200,1.00991400,1.01116600,1.01156800,1.01180500,1.01194600,1.01203500,1.01208100
3.488000,1.00671200,1.00991400,1.01116700,1.01156900,1.01180500,1.01194600,1.01203600,1.01208100
3.490000,1.00671200,1.00991400,1.01116700,1.01156900,1.01180600,1.01194600,1.01203600,1.01208200
3.492000,1.00671200,1.00991400,1.01116700,1.01156900,1.01180600,1.01194700,1.01203600,1.01208200
3.493999,1.00671200,1.00991500,1.01116800,1.01157000,1.01180600,1.01194700,1.01203700,1.01208200
3.496000,1.00671300,1.00991500,1.01116800,1.01157000,1.01180700,1.01194700,1.01203700,1.01208300
3.498000,1.00671300,1.00991500,1.01116800,1.01157000,1.01180700,1.01194800,1.01203700,1.01208300
3.500000,1.00671300,1.00991600,1.01116800,1.01157100,1.01180700,1.01194800,1.01203800,1.01208300
3.502000,1.00671300,1.00991600,1.01116900,1.01157100,1.01180800,1.01194800,1.01203800,1.01208400
3.503999,1.00671300,1.00991600,1.01116900,1.01157100,1.01180800,1.01194900,1.01203800,1.01208400
3.506000,1.00671400,1.00991600,1.01116900,1.01157200,1.01180800,1.01194900,1.01203900,1.01208400
3.508000,1.00671400,1.00991700,1.01117000,1.01157200,1.01180900,1.01194900,1.01203900,1.01208500
3.510000,1.00671400,1.00991700,1.01117000,1.01157200,1.01180900,1.01195000,1.01203900,1.01208500
3.512000,1.00671400,1.00991700,1.01117000,1.01157200,1.01180900,1.01195000,1.01204000,1.01208500
3.514000,1.00671400,1.00991700,1.01117100,1.01157300,1.01181000,1.01195000,1.01204000,1.01208600
3.516000,1.00671500,1.00991800,1.01117100,1.01157300,1.01181000,1.01195000,1.01204000,1.01208600
3.518000,1.00671500,1.00991800,1.01117100,1.01157300,1.01181000,1.01195100,1.01204100,1.01208600
3.520000,1.00671500,1.00991800,1.01117100,1.01157400,1.01181100,1.01195100,1.01204100,1.01208700
3.522000,1.00671500,1.00991900,1.01117200,1.01157400,1.01181100,1.01195100,1.01204100,1.01208700
3.524000,1.00671500,1.00991900,1.01117200,1.01157400,1.01181100,1.01195200,1.01204200,1.01208700
3.526000,1.00671600,1.00991900,1.01117200,1.01157500,1.01181100,1.01195200,1.01204200,1.01208700
3.528000,1.00671600,1.00992000,1.01117300,1.01157500,1.01181200,1.01195200,1.01204200,1.01208800
3.530000,1.00671600,1.00992000,1.01117300,1.01157500,1.01181200,1.01195300,1.01204300,1.01208800
3.532000,1.00671600,1.00992000,1.01117300,1.01157600,1.01181200,1.01195300,1.01204300,1.01208800
3.534000,1.00671600,1.00992000,1.01117400,1.01157600,1.01181300,1.01195300,1.01204300,1.01208900
3.536000,1.00671700,1.00992100,1.01117400,1.01157600,1.01181300,1.01195400,1.01204300,1.01208900
3.538000,1.00671700,1.00992100,1.01117400,1.01157700,1.01181300,1.01195400,1.01204400,1.01208900
3.540000,1.00671700,1.00992100,1.01117500,1.01157700,1.01181400,1.01195400,1.01204400,1.01209000
3.542000,1.00671700,1.00992100,1.01117500,1.01157700,1.01181400,1.01195500,1.01204400,1.01209000
3.544000,1.00671700,1.00992200,1.01117500,1.01157700,1.01181400,1.01195500,1.01204500,1.01209000
3.546000,1.00671800,1.00992200,1.01117500,1.01157800,1.01181500,1.01195500,1.01204500,1.01209100
3.548000,1.00671800,1.00992200,1.01117600,1.01157800,1.01181500,1.01195500,1.01204500,1.01209100
3.550000,1.00671800,1.00992300,1.01117600,1.01157800,1.01181500,1.01195600,1.01204600,1.01209100
3.552000,1.00671800,1.00992300,1.01117600,1.01157900,1.01181600,1.01195600,1.01204600,1.01209200
3.554000,1.00671800,1.00992300,1.01117700,1.01157900,1.01181600,1.01195600,1.01204600,1.01209200
3.556000,1.00671900,1.00992300,1.01117700,1.01157900,1.01181600,1.01195700,1.01204700,1.01209200
3.558000,1.00671900,1.00992400,1.01117700,1.01158000,1.01181700,1.01195700,1.01204700,1.01209300
3.560000,1.00671900,1.00992400,1.01117800,1.01158000,1.01181700,1.01195700,1.01204700,1.01209300
3.562000,1.00671900,1.00992400,1.01117800,1.01158000,1.01181700,1.01195800,1.01204800,1.01209300
3.564000,1.00671900,1.00992500,1.01117800,1.01158100,1.01181700,1.01195800,1.01204800,1.01209400
3.566000,1.00672000,1.00992500,1.01117800,1.01158100,1.01181800,1.01195800,1.01204800,1.01209400
3.568000,1.00672000,1.00992500,1.01117900,1.01158100,1.01181800,1.01195900,1.01204900,1.01209400
3.570000,1.00672000,1.00992500,1.01117900,1.01158200,1.01181800,1.01195900,1.01204900,1.01209400
3.572000,1.00672000,1.00992600,1.01117900,1.01158200,1.01181900,1.01195900,1.01204900,1.01209500
3.574000,1.00672000,1.00992600,1.01118000,1.01158200,1.01181900,1.01196000,1.01205000,1.01209500
3.576000,1.00672100,1.00992600,1.01118000,1.01158300,1.01181900,1.01196000,1.01205000,1.01209500
3.578000,1.00672100,1.00992600,1.01118000,1.01158300,1.01182000,1.01196000,1.01205000,1.01209600
3.580000,1.00672100,1.00992700,1.01118100,1.01158300,1.01182000,1.01196100,1.01205100,1.01209600
3.582000,1.00672100,1.00992700,1.01118100,1.01158300,1.01182000,1.01196100,1.01205100,1.01209600
3.584000,1.00672100,1.00992700,1.01118100,1.01158400,1.01182100,1.01196100,1.01205100,1.01209700
3.586000,1.00672200,1.00992800,1.01118200,1.01158400,1.01182100,1.01196200,1.01205100,1.01209700
3.588000,1.00672200,1.00992800,1.01118200,1.01158400,1.01182100,1.01196200,1.01205200,1.01209700
3.590000,1.00672200,1.00992800,1.01118200,1.01158500,1.01182200,1.01196200,1.01205200,1.01209800
3.592000,1.00672200,1.00992800,1.01118200,1.01158500,1.01182200,1.01196300,1.01205200,1.01209800
3.594000,1.00672200,1.00992900,1.01118300,1.01158500,1.01182200,1.01196300,1.01205300,1.01209800
3.596000,1.00672300,1.00992900,1.01118300,1.01158600,1.01182300,1.01196300,1.01205300,1.01209900
3.598000,1.00672300,1.00992900,1.01118300,1.01158600,1.01182300,1.01196300,1.01205300,1.01209900
3.600000,1.00672300,1.00993000,1.01118400,1.01158600,1.01182300,1.01196400,1.01205400,1.01209900
3.602000,1.00672300,1.00993000,1.01118400,1.01158700,1.01182400,1.01196400,1.01205400,1.01210000
3.604000,1.00672300,1.00993000,1.01118400,1.01158700,1.01182400,1.01196400,1.01205400,1.01210000
3.605999,1.00672400,1.00993000,1.01118500,1.01158700,1.01182400,1.01196500,1.01205500,1.01210000
3.608000,1.00672400,1.00993100,1.01118500,1.01158800,1.01182400,1.01196500,1.01205500,1.01210100
3.610000,1.00672400,1.00993100,1.01118500,1.01158800,1.01182500,1.01196500,1.01205500,1.01210100
3.612000,1.00672400,1.00993100,1.01118600,1.01158800,1.01182500,1.01196600,1.01205600,1.01210100
3.614000,1.00672400,1.00993200,1.01118600,1.01158900,1.01182500,1.01196600,1.01205600,1.01210200
3.615999,1.00672500,1.00993200,1.01118600,1.01158900,1.01182600,1.01196600,1.01205600,1.01210200
3.618000,1.00672500,1.00993200,1.01118600,1.01158900,1.01182600,1.01196700,1.01205700,1.01210200
3.620000,1.00672500,1.00993200,1.01118700,1.01158900,1.01182600,1.01196700,1.01205700,1.01210200
3.622000,1.00672500,1.00993300,1.01118700,1.01159000,1.01182700,1.01196700,1.01205700,1.01210300
3.624000,1.00672500,1.00993300,1.01118700,1.01159000,1.01182700,1.01196800,1.01205800,1.01210300
3.625999,1.00672600,1.00993300,1.01118800,1.01159000,1.01182700,1.01196800,1.01205800,1.01210400
3.628000,1.00672600,1.00993300,1.01118800,1.01159100,1.01182800,1.01196800,1.01205800,1.01210400
3.630000,1.00672600,1.00993400,1.01118800,1.01159100,1.01182800,1.01196900,1.01205900,1.01210400
3.632000,1.00672600,1.00993400,1.01118900,1.01159100,1.01182800,1.01196900,1.01205900,1.01210500
3.634000,1.00672600,1.00993400,1.01118900,1.01159200,1.01182900,1.01196900,1.01205900,1.01210500
3.636000,1.00672700,1.00993500,1.01118900,1.01159200,1.01182900,1.01197000,1.01206000,1.01210500
3.638000,1.00672700,1.00993500,1.01119000,1.01159200,1.01182900,1.01197000,1.01206000,1.01210500
3.640000,1.00672700,1.00993500,1.01119000,1.01159300,1.01183000,1.01197000,1.01206000,1.01210600
3.642000,1.00672700,1.00993500,1.01119000,1.01159300,1.01183000,1.01197100,1.01206100,1.01210600
3.644000,1.00672700,1.00993600,1.01119000,1.01159300,1.01183000,1.01197100,1.01206100,1.01210600
3.646000,1.00672800,1.00993600,1.01119100,1.01159400,1.01183000,1.01197100,1.01206100,1.01210700
3.648000,1.00672800,1.00993600,1.01119100,1.01159400,1.01183100,1.01197100,1.01206100,1.01210700
3.650000,1.00672800,1.00993700,1.01119100,1.01159400,1.01183100,1.01197200,1.01206200,1.01210700
3.652000,1.00672800,1.00993700,1.01119200,1.01159500,1.01183100,1.01197200,1.01206200,1.01210800
3.654000,1.00672800,1.00993700,1.01119200,1.01159500,1.01183200,1.01197200,1.01206200,1.01210800
3.656000,1.00672900,1.00993700,1.01119200,1.01159500,1.01183200,1.01197300,1.01206300,1.01210800
3.658000,1.00672900,1.00993800,1.01119300,1.01159500,1.01183200,1.01197300,1.01206300,1.01210900
3.660000,1.00672900,1.00993800,1.01119300,1.01159600,1.01183300,1.01197300,1.01206300,1.01210900
3.662000,1.00672900,1.00993800,1.01119300,1.01159600,1.01183300,1.01197400,1.01206400,1.01210900
3.664000,1.00672900,1.00993800,1.01119400,1.01159600,1.01183300,1.01197400,1.01206400,1.01211000
3.666000,1.00673000,1.00993900,1.01119400,1.01159700,1.01183400,1.01197400,1.01206400,1.01211000
3.668000,1.00673000,1.00993900,1.01119400,1.01159700,1.01183400,1.01197500,1.01206500,1.01211000
3.670000,1.00673000,1.00993900,1.01119400,1.01159700,1.01183400,1.01197500,1.01206500,1.01211100
3.672000,1.00673000,1.00994000,1.01119500,1.01159800,1.01183500,1.01197500,1.01206500,1.01211100
3.674000,1.00673000,1.00994000,1.01119500,1.01159800,1.01183500,1.01197600,1.01206600,1.01211100
3.676000,1.00673100,1.00994000,1.01119500,1.01159800,1.01183500,1.01197600,1.01206600,1.01211200
3.678000,1.00673100,1.00994100,1.01119600,1.01159900,1.01183600,1.01197600,1.01206600,1.01211200
3.680000,1.00673100,1.00994100,1.01119600,1.01159900,1.01183600,1.01197700,1.01206700,1.01211200
3.682000,1.00673100,1.00994100,1.01119600,1.01159900,1.01183600,1.01197700,1.01206700,1.01211200
3.684000,1.00673100,1.00994100,1.01119700,1.01160000,1.01183700,1.01197700,1.01206700,1.01211300
3.686000,1.00673200,1.00994200,1.01119700,1.01160000,1.01183700,1.01197800,1.01206800,1.01211300
3.688000,1.00673200,1.00994200,1.01119700,1.01160000,1.01183700,1.01197800,1.01206800,1.01211300
3.690000,1.00673200,1.00994200,1.01119800,1.01160000,1.01183700,1.01197800,1.01206800,1.01211400
3.692000,1.00673200,1.00994200,1.01119800,1.01160100,1.01183800,1.01197900,1.01206900,1.01211400
3.694000,1.00673200,1.00994300,1.01119800,1.01160100,1.01183800,1.01197900,1.01206900,1.01211400
3.696000,1.00673300,1.00994300,1.01119800,1.01160100,1.01183800,1.01197900,1.01206900,1.01211500
3.698000,1.00673300,1.00994300,1.01119900,1.01160200,1.01183900,1.01197900,1.01206900,1.01211500
3.700000,1.00673300,1.00994400,1.01119900,1.01160200,1.01183900,1.01198000,1.01207000,1.01211500
3.702000,1.00673300,1.00994400,1.01119900,1.01160200,1.01183900,1.01198000,1.01207000,1.01211600
3.704000,1.00673300,1.00994400,1.01120000,1.01160300,1.01184000,1.01198000,1.01207000,1.01211600
3.706000,1.00673400,1.00994400,1.01120000,1.01160300,1.01184000,1.01198100,1.01207100,1.01211600
3.708000,1.00673400,1.00994500,1.01120000,1.01160300,1.01184000,1.01198100,1.01207100,1.01211700
3.710000,1.00673400,1.00994500,1.01120100,1.01160400,1.01184100,1.01198100,1.01207100,1.01211700
3.712000,1.00673400,1.00994500,1.01120100,1.01160400,1.01184100,1.01198200,1.01207200,1.01211700
3.714000,1.00673400,1.00994600,1.01120100,1.01160400,1.01184100,1.01198200,1.01207200,1.01211800
3.716000,1.00673500,1.00994600,1.01120200,1.01160500,1.01184200,1.01198200,1.01207200,1.01211800
3.717999,1.00673500,1.00994600,1.01120200,1.01160500,1.01184200,1.01198300,1.01207300,1.01211800
3.720000,1.00673500,1.00994600,1.01120200,1.01160500,1.01184200,1.01198300,1.01207300,1.01211900
3.722000,1.00673500,1.00994700,1.01120200,1.01160600,1.01184300,1.01198300,1.01207300,1.01211900
3.724000,1.00673500,1.00994700,1.01120300,1.01160600,1.01184300,1.01198400,1.01207400,1.01211900
3.726000,1.00673600,1.00994700,1.01120300,1.01160600,1.01184300,1.01198400,1.01207400,1.01212000
3.727999,1.00673600,1.00994800,1.01120300,1.01160600,1.01184400,1.01198400,1.01207400,1.01212000
3.730000,1.00673600,1.00994800,1.01120400,1.01160700,1.01184400,1.01198500,1.01207500,1.01212000
3.732000,1.00673600,1.00994800,1.01120400,1.01160700,1.01184400,1.01198500,1.01207500,1.01212000
3.734000,1.00673700,1.00994800,1.01120400,1.01160700,1.01184500,1.01198500,1.01207500,1.01212100
3.736000,1.00673700,1.00994900,1.01120500,1.01160800,1.01184500,1.01198600,1.01207600,1.01212100
3.737999,1.00673700,1.00994900,1.01120500,1.01160800,1.01184500,1.01198600,1.01207600,1.01212100
3.740000,1.00673700,1.00994900,1.01120500,1.01160800,1.01184500,1.01198600,1.01207600,1.01212200
3.742000,1.00673700,1.00994900,1.01120600,1.01160900,1.01184600,1.01198600,1.01207600,1.01212200
3.744000,1.00673700,1.00995000,1.01120600,1.01160900,1.01184600,1.01198700,1.01207700,1.01212300
3.746000,1.00673800,1.00995000,1.01120600,1.01160900,1.01184600,1.01198700,1.01207700,1.01212300
3.748000,1.00673800,1.00995000,1.01120700,1.01161000,1.01184700,1.01198700,1.01207700,1.01212300
3.750000,1.00673800,1.00995100,1.01120700,1.01161000,1.01184700,1.01198800,1.01207800,1.01212300
3.752000,1.00673800,1.00995100,1.01120700,1.01161000,1.01184700,1.01198800,1.01207800,1.01212400
3.754000,1.00673900,1.00995100,1.01120700,1.01161100,1.01184800,1.01198800,1.01207800,1.01212400
3.756000,1.00673900,1.00995100,1.01120800,1.01161100,1.01184800,1.01198900,1.01207900,1.01212400
3.758000,1.00673900,1.00995200,1.01120800,1.01161100,1.01184800,1.01198900,1.01207900,1.01212500
3.760000,1.00673900,1.00995200,1.01120800,1.01161100,1.01184900,1.01198900,1.01207900,1.01212500
3.762000,1.00673900,1.00995200,1.01120900,1.01161200,1.01184900,1.01199000,1.01208000,1.01212500
3.764000,1.00673900,1.00995300,1.01120900,1.01161200,1.01184900,1.01199000,1.01208000,1.01212600
3.766000,1.00674000,1.00995300,1.01120900,1.01161200,1.01185000,1.01199000,1.01208000,1.01212600
3.768000,1.00674000,1.00995300,1.01120900,1.01161300,1.01185000,1.01199100,1.01208100,1.01212600
3.770000,1.00674000,1.00995300,1.01121000,1.01161300,1.01185000,1.01199100,1.01208100,1.01212700
3.772000,1.00674000,1.00995400,1.01121000,1.01161300,1.01185100,1.01199100,1.01208100,1.01212700
3.774000,1.00674100,1.00995400,1.01121000,1.01161400,1.01185100,1.01199200,1.01208200,1.01212700
3.776000,1.00674100,1.00995400,1.01121100,1.01161400,1.01185100,1.01199200,1.01208200,1.01212800
3.778000,1.00674100,1.00995500,1.01121100,1.01161400,1.01185200,1.01199200,1.01208200,1.01212800
3.780000,1.00674100,1.00995500,1.01121100,1.01161500,1.01185200,1.01199300,1.01208300,1.01212800
3.782000,1.00674100,1.00995500,1.01121200,1.01161500,1.01185200,1.01199300,1.01208300,1.01212900
3.784000,1.00674200,1.00995500,1.01121200,1.01161500,1.01185300,1.01199300,1.01208300,1.01212900
3.786000,1.00674200,1.00995600,1.01121200,1.01161600,1.01185300,1.01199400,1.01208400,1.01212900
3.788000,1.00674200,1.00995600,1.01121300,1.01161600,1.01185300,1.01199400,1.01208400,1.01213000
3.790000,1.00674200,1.00995600,1.01121300,1.01161600,1.01185300,1.01199400,1.01208400,1.01213000
3.792000,1.00674200,1.00995600,1.01121300,1.01161600,1.01185400,1.01199500,1.01208500,1.01213000
3.794000,1.00674300,1.00995700,1.01121400,1.01161700,1.01185400,1.01199500,1.01208500,1.01213000
3.796000,1.00674300,1.00995700,1.01121400,1.01161700,1.01185400,1.01199500,1.01208500,1.01213100
3.798000,1.00674300,1.00995700,1.01121400,1.01161700,1.01185500,1.01199600,1.01208600,1.01213100
3.800000,1.00674300,1.00995800,1.01121400,1.01161800,1.01185500,1.01199600,1.01208600,1.01213100
3.802000,1.00674300,1.00995800,1.01121500,1.01161800,1.01185500,1.01199600,1.01208600,1.01213200
3.804000,1.00674400,1.00995800,1.01121500,1.01161800,1.01185600,1.01199700,1.01208700,1.01213200
3.806000,1.00674400,1.00995900,1.01121500,1.01161900,1.01185600,1.01199700,1.01208700,1.01213200
3.808000,1.00674400,1.00995900,1.01121600,1.01161900,1.01185600,1.01199700,1.01208700,1.01213300
3.810000,1.00674400,1.00995900,1.01121600,1.01161900,1.01185700,1.01199700,1.01208700,1.01213300
3.812000,1.00674400,1.00995900,1.01121600,1.01162000,1.01185700,1.01199800,1.01208800,1.01213300
3.814000,1.00674500,1.00996000,1.01121700,1.01162000,1.01185700,1.01199800,1.01208800,1.01213400
3.816000,1.00674500,1.00996000,1.01121700,1.01162000,1.01185800,1.01199800,1.01208800,1.01213400
3.818000,1.00674500,1.00996000,1.01121700,1.01162100,1.01185800,1.01199900,1.01208900,1.01213400
3.820000,1.00674500,1.00996000,1.01121800,1.01162100,1.01185800,1.01199900,1.01208900,1.01213500
3.822000,1.00674500,1.00996100,1.01121800,1.01162100,1.01185900,1.01199900,1.01208900,1.01213500
3.824000,1.00674600,1.00996100,1.01121800,1.01162200,1.01185900,1.01200000,1.01209000,1.01213500
3.826000,1.00674600,1.00996100,1.01121800,1.01162200,1.01185900,1.01200000,1.01209000,1.01213600
3.828000,1.00674600,1.00996200,1.01121900,1.01162200,1.01186000,1.01200000,1.01209000,1.01213600
3.830000,1.00674600,1.00996200,1.01121900,1.01162300,1.01186000,1.01200100,1.01209100,1.01213600
3.832000,1.00674600,1.00996200,1.01121900,1.01162300,1.01186000,1.01200100,1.01209100,1.01213700
3.834000,1.00674700,1.00996200,1.01122000,1.01162300,1.01186000,1.01200100,1.01209100,1.01213700
3.836000,1.00674700,1.00996300,1.01122000,1.01162400,1.01186100,1.01200200,1.01209200,1.01213700
3.838000,1.00674700,1.00996300,1.01122000,1.01162400,1.01186100,1.01200200,1.01209200,1.01213800
3.839999,1.00674700,1.00996300,1.01122100,1.01162400,1.01186100,1.01200200,1.01209200,1.01213800
3.842000,1.00674700,1.00996400,1.01122100,1.01162400,1.01186200,1.01200300,1.01209300,1.01213800
3.844000,1.00674800,1.00996400,1.01122100,1.01162500,1.01186200,1.01200300,1.01209300,1.01213900
3.846000,1.00674800,1.00996400,1.01122200,1.01162500,1.01186200,1.01200300,1.01209300,1.01213900
3.848000,1.00674800,1.00996400,1.01122200,1.01162500,1.01186300,1.01200400,1.01209400,1.01213900
3.849999,1.00674800,1.00996500,1.01122200,1.01162600,1.01186300,1.01200400,1.01209400,1.01214000
3.852000,1.00674800,1.00996500,1.01122200,1.01162600,1.01186300,1.01200400,1.01209400,1.01214000
3.854000,1.00674900,1.00996500,1.01122300,1.01162600,1.01186400,1.01200400,1.01209400,1.01214000
3.856000,1.00674900,1.00996600,1.01122300,1.01162700,1.01186400,1.01200500,1.01209500,1.01214100
3.858000,1.00674900,1.00996600,1.01122300,1.01162700,1.01186400,1.01200500,1.01209500,1.01214100
3.860000,1.00674900,1.00996600,1.01122400,1.01162700,1.01186500,1.01200500,1.01209600,1.01214100
3.862000,1.00674900,1.00996600,1.01122400,1.01162800,1.01186500,1.01200600,1.01209600,1.01214100
3.864000,1.00675000,1.00996700,1.01122400,1.01162800,1.01186500,1.01200600,1.01209600,1.01214200
3.866000,1.00675000,1.00996700,1.01122500,1.01162800,1.01186600,1.01200600,1.01209700,1.01214200
3.868000,1.00675000,1.00996700,1.01122500,1.01162900,1.01186600,1.01200700,1.01209700,1.01214200
3.870000,1.00675000,1.00996800,1.01122500,1.01162900,1.01186600,1.01200700,1.01209700,1.01214300
3.872000,1.00675000,1.00996800,1.01122600,1.01162900,1.01186700,1.01200700,1.01209700,1.01214300
3.874000,1.00675100,1.00996800,1.01122600,1.01162900,1.01186700,1.01200800,1.01209800,1.01214300
3.876000,1.00675100,1.00996800,1.01122600,1.01163000,1.01186700,1.01200800,1.01209800,1.01214400
3.878000,1.00675100,1.00996900,1.01122700,1.01163000,1.01186800,1.01200800,1.01209800,1.01214400
3.880000,1.00675100,1.00996900,1.01122700,1.01163000,1.01186800,1.01200900,1.01209900,1.01214400
3.882000,1.00675100,1.00996900,1.01122700,1.01163100,1.01186800,1.01200900,1.01209900,1.01214500
3.884000,1.00675200,1.00996900,1.01122700,1.01163100,1.01186800,1.01200900,1.01209900,1.01214500
3.886000,1.00675200,1.00997000,1.01122800,1.01163100,1.01186900,1.01201000,1.01210000,1.01214500
3.888000,1.00675200,1.00997000,1.01122800,1.01163200,1.01186900,1.01201000,1.01210000,1.01214600
3.890000,1.00675200,1.00997000,1.01122800,1.01163200,1.01186900,1.01201000,1.01210000,1.01214600
3.892000,1.00675200,1.00997100,1.01122900,1.01163200,1.01187000,1.01201100,1.01210100,1.01214600
3.894000,1.00675300,1.00997100,1.01122900,1.01163300,1.01187000,1.01201100,1.01210100,1.01214700
3.896000,1.00675300,1.00997100,1.01122900,1.01163300,1.01187000,1.01201100,1.01210100,1.01214700
3.898000,1.00675300,1.00997100,1.01123000,1.01163300,1.01187100,1.01201200,1.01210200,1.01214700
3.900000,1.00675300,1.00997200,1.01123000,1.01163400,1.01187100,1.01201200,1.01210200,1.01214800
3.902000,1.00675300,1.00997200,1.01123000,1.01163400,1.01187100,1.01201200,1.01210200,1.01214800
3.904000,1.00675400,1.00997200,1.01123100,1.01163400,1.01187200,1.01201300,1.01210300,1.01214800
3.906000,1.00675400,1.00997300,1.01123100,1.01163500,1.01187200,1.01201300,1.01210300,1.01214900
3.908000,1.00675400,1.00997300,1.01123100,1.01163500,1.01187200,1.01201300,1.01210300,1.01214900
3.910000,1.00675400,1.00997300,1.01123100,1.01163500,1.01187300,1.01201400,1.01210400,1.01214900
3.912000,1.00675500,1.00997300,1.01123200,1.01163600,1.01187300,1.01201400,1.01210400,1.01215000
3.914000,1.00675500,1.00997400,1.01123200,1.01163600,1.01187300,1.01201400,1.01210400,1.01215000
3.916000,1.00675500,1.00997400,1.01123200,1.01163600,1.01187400,1.01201500,1.01210500,1.01215000
3.918000,1.00675500,1.00997400,1.01123300,1.01163600,1.01187400,1.01201500,1.01210500,1.01215100
3.920000,1.00675500,1.00997500,1.01123300,1.01163700,1.01187400,1.01201500,1.01210500,1.01215100
3.922000,1.00675500,1.00997500,1.01123300,1.01163700,1.01187500,1.01201500,1.01210600,1.01215100
3.924000,1.00675600,1.00997500,1.01123400,1.01163700,1.01187500,1.01201600,1.01210600,1.01215100
3.926000,1.00675600,1.00997500,1.01123400,1.01163800,1.01187500,1.01201600,1.01210600,1.01215200
3.928000,1.00675600,1.00997600,1.01123400,1.01163800,1.01187600,1.01201600,1.01210700,1.01215200
3.930000,1.00675600,1.00997600,1.01123500,1.01163800,1.01187600,1.01201700,1.01210700,1.01215200
3.932000,1.00675700,1.00997600,1.01123500,1.01163900,1.01187600,1.01201700,1.01210700,1.01215300
3.934000,1.00675700,1.00997700,1.01123500,1.01163900,1.01187600,1.01201700,1.01210700,1.01215300
3.936000,1.00675700,1.00997700,1.01123500,1.01163900,1.01187700,1.01201800,1.01210800,1.01215300
3.938000,1.00675700,1.00997700,1.01123600,1.01164000,1.01187700,1.01201800,1.01210800,1.01215400
3.940000,1.00675700,1.00997700,1.01123600,1.01164000,1.01187700,1.01201800,1.01210800,1.01215400
3.942000,1.00675700,1.00997800,1.01123600,1.01164000,1.01187800,1.01201900,1.01210900,1.01215400
3.944000,1.00675800,1.00997800,1.01123700,1.01164100,1.01187800,1.01201900,1.01210900,1.01215500
3.946000,1.00675800,1.00997800,1.01123700,1.01164100,1.01187800,1.01201900,1.01210900,1.01215500
3.948000,1.00675800,1.00997900,1.01123700,1.01164100,1.01187900,1.01202000,1.01211000,1.01215500
3.950000,1.00675800,1.00997900,1.01123800,1.01164200,1.01187900,1.01202000,1.01211000,1.01215600
3.951999,1.00675900,1.00997900,1.01123800,1.01164200,1.01187900,1.01202000,1.01211000,1.01215600
3.954000,1.00675900,1.00997900,1.01123800,1.01164200,1.01188000,1.01202100,1.01211100,1.01215600
3.956000,1.00675900,1.00998000,1.01123900,1.01164200,1.01188000,1.01202100,1.01211100,1.01215700
3.958000,1.00675900,1.00998000,1.01123900,1.01164300,1.01188000,1.01202100,1.01211100,1.01215700
3.960000,1.00675900,1.00998000,1.01123900,1.01164300,1.01188100,1.01202200,1.01211200,1.01215700
3.961999,1.00676000,1.00998100,1.01124000,1.01164300,1.01188100,1.01202200,1.01211200,1.01215800
3.964000,1.00676000,1.00998100,1.01124000,1.01164400,1.01188100,1.01202200,1.01211200,1.01215800
3.966000,1.00676000,1.00998100,1.01124000,1.01164400,1.01188200,1.01202200,1.01211300,1.01215800
3.968000,1.00676000,1.00998100,1.01124000,1.01164400,1.01188200,1.01202300,1.01211300,1.01215900
3.970000,1.00676000,1.00998200,1.01124100,1.01164500,1.01188200,1.01202300,1.01211300,1.01215900
3.972000,1.00676100,1.00998200,1.01124100,1.01164500,1.01188300,1.01202300,1.01211400,1.01215900
3.974000,1.00676100,1.00998200,1.01124100,1.01164500,1.01188300,1.01202400,1.01211400,1.01216000
3.976000,1.00676100,1.00998200,1.01124200,1.01164600,1.01188300,1.01202400,1.01211400,1.01216000
3.978000,1.00676100,1.00998300,1.01124200,1.01164600,1.01188300,1.01202500,1.01211500,1.01216000
3.980000,1.00676100,1.00998300,1.01124200,1.01164600,1.01188400,1.01202500,1.01211500,1.01216100
3.982000,1.00676200,1.00998300,1.01124300,1.01164700,1.01188400,1.01202500,1.01211500,1.01216100
3.984000,1.00676200,1.00998400,1.01124300,1.01164700,1.01188400,1.01202500,1.01211600,1.01216100
3.986000,1.00676200,1.00998400,1.01124300,1.01164700,1.01188500,1.01202600,1.01211600,1.01216100
3.988000,1.00676200,1.00998400,1.01124400,1.01164800,1.01188500,1.01202600,1.01211600,1.01216200
3.990000,1.00676200,1.00998400,1.01124400,1.01164800,1.01188500,1.01202600,1.01211700,1.01216200
3.992000,1.00676300,1.00998500,1.01124400,1.01164800,1.01188600,1.01202700,1.01211700,1.01216200
3.994000,1.00676300,1.00998500,1.01124500,1.01164900,1.01188600,1.01202700,1.01211700,1.01216300
3.996000,1.00676300,1.00998500,1.01124500,1.01164900,1.01188600,1.01202700,1.01211800,1.01216300
3.998000,1.00676300,1.00998600,1.01124500,1.01164900,1.01188700,1.01202800,1.01211800,1.01216400
4.000000,1.00676300,1.00998600,1.01124500,1.01164900,1.01188700,1.01202800,1.01211800,1.01216400
4.002000,1.00676400,1.00998600,1.01124600,1.01165000,1.01188700,1.01202800,1.01211800,1.01216400
4.004000,1.00676400,1.00998700,1.01124600,1.01165000,1.01188800,1.01202900,1.01211900,1.01216400
4.006000,1.00676400,1.00998700,1.01124600,1.01165000,1.01188800,1.01202900,1.01211900,1.01216500
4.008000,1.00676400,1.00998700,1.01124700,1.01165100,1.01188800,1.01202900,1.01211900,1.01216500
4.010000,1.00676400,1.00998700,1.01124700,1.01165100,1.01188900,1.01203000,1.01212000,1.01216500
4.012000,1.00676500,1.00998800,1.01124700,1.01165100,1.01188900,1.01203000,1.01212000,1.01216600
4.013999,1.00676500,1.00998800,1.01124800,1.01165200,1.01188900,1.01203000,1.01212000,1.01216600
4.016000,1.00676500,1.00998800,1.01124800,1.01165200,1.01189000,1.01203100,1.01212100,1.01216600
4.018000,1.00676500,1.00998800,1.01124800,1.01165200,1.01189000,1.01203100,1.01212100,1.01216700
4.020000,1.00676500,1.00998900,1.01124800,1.01165300,1.01189000,1.01203100,1.01212100,1.01216700
4.022000,1.00676600,1.00998900,1.01124900,1.01165300,1.01189100,1.01203200,1.01212200,1.01216700
4.024000,1.00676600,1.00998900,1.01124900,1.01165300,1.01189100,1.01203200,1.01212200,1.01216800
4.026000,1.00676600,1.00999000,1.01124900,1.01165400,1.01189100,1.01203200,1.01212200,1.01216800
4.028000,1.00676600,1.00999000,1.01125000,1.01165400,1.01189100,1.01203300,1.01212300,1.01216800
4.030000,1.00676600,1.00999000,1.01125000,1.01165400,1.01189200,1.01203300,1.01212300,1.01216900
4.032000,1.00676700,1.00999000,1.01125000,1.01165400,1.01189200,1.01203300,1.01212300,1.01216900
4.033999,1.00676700,1.00999100,1.01125100,1.01165500,1.01189200,1.01203300,1.01212400,1.01216900
4.036000,1.00676700,1.00999100,1.01125100,1.01165500,1.01189300,1.01203400,1.01212400,1.01217000
4.038000,1.00676700,1.00999100,1.01125100,1.01165500,1.01189300,1.01203400,1.01212400,1.01217000
4.040000,1.00676800,1.00999200,1.01125200,1.01165600,1.01189300,1.01203400,1.01212500,1.01217000
4.042000,1.00676800,1.00999200,1.01125200,1.01165600,1.01189400,1.01203500,1.01212500,1.01217100
4.044000,1.00676800,1.00999200,1.01125200,1.01165600,1.01189400,1.01203500,1.01212500,1.01217100
4.046000,1.00676800,1.00999200,1.01125300,1.01165700,1.01189400,1.01203500,1.01212600,1.01217100
4.048000,1.00676800,1.00999300,1.01125300,1.01165700,1.01189500,1.01203600,1.01212600,1.01217200
4.050000,1.00676900,1.00999300,1.01125300,1.01165700,1.01189500,1.01203600,1.01212600,1.01217200
4.052000,1.00676900,1.00999300,1.01125300,1.01165800,1.01189500,1.01203600,1.01212700,1.01217200
4.053999,1.00676900,1.00999400,1.01125400,1.01165800,1.01189600,1.01203700,1.01212700,1.01217300
4.056000,1.00676900,1.00999400,1.01125400,1.01165800,1.01189600,1.01203700,1.01212700,1.01217300
4.058000,1.00676900,1.00999400,1.01125400,1.01165900,1.01189600,1.01203700,1.01212800,1.01217300
4.060000,1.00677000,1.00999400,1.01125500,1.01165900,1.01189700,1.01203800,1.01212800,1.01217400
4.062000,1.00677000,1.00999500,1.01125500,1.01165900,1.01189700,1.01203800,1.01212800,1.01217400
4.064000,1.00677000,1.00999500,1.01125500,1.01166000,1.01189700,1.01203800,1.01212800,1.01217400
4.066000,1.00677000,1.00999500,1.01125600,1.01166000,1.01189800,1.01203900,1.01212900,1.01217400
4.068000,1.00677000,1.00999600,1.01125600,1.01166000,1.01189800,1.01203900,1.01212900,1.01217500
4.070000,1.00677100,1.00999600,1.01125600,1.01166100,1.01189800,1.01203900,1.01212900,1.01217500
4.072000,1.00677100,1.00999600,1.01125700,1.01166100,1.01189900,1.01204000,1.01213000,1.01217500
4.073999,1.00677100,1.00999600,1.01125700,1.01166100,1.01189900,1.01204000,1.01213000,1.01217600
4.076000,1.00677100,1.00999700,1.01125700,1.01166200,1.01189900,1.01204000,1.01213000,1.01217600
4.078000,1.00677100,1.00999700,1.01125800,1.01166200,1.01190000,1.01204100,1.01213100,1.01217600
4.080000,1.00677200,1.00999700,1.01125800,1.01166200,1.01190000,1.01204100,1.01213100,1.01217700
4.082000,1.00677200,1.00999800,1.01125800,1.01166200,1.01190000,1.01204100,1.01213100,1.01217700
4.084000,1.00677200,1.00999800,1.01125800,1.01166300,1.01190100,1.01204200,1.01213200,1.01217700
4.085999,1.00677200,1.00999800,1.01125900,1.01166300,1.01190100,1.01204200,1.01213200,1.01217800
4.087999,1.00677200,1.00999800,1.01125900,1.01166300,1.01190100,1.01204200,1.01213200,1.01217800
4.090000,1.00677300,1.00999900,1.01125900,1.01166400,1.01190100,1.01204300,1.01213300,1.01217800
4.092000,1.00677300,1.00999900,1.01126000,1.01166400,1.01190200,1.01204300,1.01213300,1.01217900
4.094000,1.00677300,1.00999900,1.01126000,1.01166400,1.01190200,1.01204300,1.01213300,1.01217900
4.096000,1.00677300,1.01000000,1.01126000,1.01166500,1.01190200,1.01204300,1.01213400,1.01217900
4.098000,1.00677300,1.01000000,1.01126100,1.01166500,1.01190300,1.01204400,1.01213400,1.01218000
4.100000,1.00677400,1.01000000,1.01126100,1.01166500,1.01190300,1.01204400,1.01213400,1.01218000
4.102000,1.00677400,1.01000000,1.01126100,1.01166600,1.01190300,1.01204500,1.01213500,1.01218000
4.104000,1.00677400,1.01000100,1.01126200,1.01166600,1.01190400,1.01204500,1.01213500,1.01218100
4.105999,1.00677400,1.01000100,1.01126200,1.01166600,1.01190400,1.01204500,1.01213500,1.01218100
4.107999,1.00677400,1.01000100,1.01126200,1.01166700,1.01190400,1.01204600,1.01213600,1.01218100
4.110000,1.00677500,1.01000200,1.01126300,1.01166700,1.01190500,1.01204600,1.01213600,1.01218200
4.112000,1.00677500,1.01000200,1.01126300,1.01166700,1.01190500,1.01204600,1.01213600,1.01218200
4.114000,1.00677500,1.01000200,1.01126300,1.01166800,1.01190500,1.01204600,1.01213700,1.01218200
4.116000,1.00677500,1.01000200,1.01126300,1.01166800,1.01190600,1.01204700,1.01213700,1.01218300
4.118000,1.00677500,1.01000300,1.01126400,1.01166800,1.01190600,1.01204700,1.01213700,1.01218300
4.120000,1.00677600,1.01000300,1.01126400,1.01166900,1.01190600,1.01204700,1.01213800,1.01218300
4.122000,1.00677600,1.01000300,1.01126400,1.01166900,1.01190700,1.01204800,1.01213800,1.01218400
4.124000,1.00677600,1.01000400,1.01126500,1.01166900,1.01190700,1.01204800,1.01213800,1.01218400
4.125999,1.00677600,1.01000400,1.01126500,1.01167000,1.01190700,1.01204800,1.01213900,1.01218400
4.128000,1.00677600,1.01000400,1.01126500,1.01167000,1.01190800,1.01204900,1.01213900,1.01218500
4.130000,1.00677700,1.01000400,1.01126600,1.01167000,1.01190800,1.01204900,1.01213900,1.01218500
4.131999,1.00677700,1.01000500,1.01126600,1.01167000,1.01190800,1.01204900,1.01214000,1.01218500
4.134000,1.00677700,1.01000500,1.01126600,1.01167100,1.01190900,1.01205000,1.01214000,1.01218600
4.136000,1.00677700,1.01000500,1.01126700,1.01167100,1.01190900,1.01205000,1.01214000,1.01218600
4.138000,1.00677800,1.01000500,1.01126700,1.01167100,1.01190900,1.01205000,1.01214100,1.01218600
4.140000,1.00677800,1.01000600,1.01126700,1.01167200,1.01190900,1.01205100,1.01214100,1.01218700
4.142000,1.00677800,1.01000600,1.01126700,1.01167200,1.01191000,1.01205100,1.01214100,1.01218700
4.144000,1.00677800,1.01000600,1.01126800,1.01167200,1.01191000,1.01205100,1.01214100,1.01218700
4.145999,1.00677800,1.01000700,1.01126800,1.01167300,1.01191000,1.01205200,1.01214200,1.01218700
4.148000,1.00677800,1.01000700,1.01126800,1.01167300,1.01191100,1.01205200,1.01214200,1.01218800
4.150000,1.00677900,1.01000700,1.01126900,1.01167300,1.01191100,1.01205200,1.01214200,1.01218800
4.151999,1.00677900,1.01000800,1.01126900,1.01167400,1.01191200,1.01205300,1.01214300,1.01218800
4.154000,1.00677900,1.01000800,1.01126900,1.01167400,1.01191200,1.01205300,1.01214300,1.01218900
4.156000,1.00677900,1.01000800,1.01127000,1.01167400,1.01191200,1.01205300,1.01214300,1.01218900
4.158000,1.00678000,1.01000800,1.01127000,1.01167500,1.01191200,1.01205400,1.01214400,1.01219000
4.160000,1.00678000,1.01000900,1.01127000,1.01167500,1.01191300,1.01205400,1.01214400,1.01219000
4.162000,1.00678000,1.01000900,1.01127100,1.01167500,1.01191300,1.01205400,1.01214400,1.01219000
4.164000,1.00678000,1.01000900,1.01127100,1.01167500,1.01191300,1.01205500,1.01214500,1.01219000
4.165999,1.00678000,1.01001000,1.01127100,1.01167600,1.01191400,1.01205500,1.01214500,1.01219100
4.168000,1.00678100,1.01001000,1.01127100,1.01167600,1.01191400,1.01205500,1.01214500,1.01219100
4.170000,1.00678100,1.01001000,1.01127200,1.01167600,1.01191400,1.01205600,1.01214600,1.01219100
4.172000,1.00678100,1.01001000,1.01127200,1.01167700,1.01191500,1.01205600,1.01214600,1.01219200
4.174000,1.00678100,1.01001100,1.01127200,1.01167700,1.01191500,1.01205600,1.01214600,1.01219200
4.176000,1.00678100,1.01001100,1.01127300,1.01167700,1.01191500,1.01205600,1.01214700,1.01219200
4.178000,1.00678200,1.01001100,1.01127300,1.01167800,1.01191600,1.01205700,1.01214700,1.01219300
4.180000,1.00678200,1.01001200,1.01127300,1.01167800,1.01191600,1.01205700,1.01214700,1.01219300
4.182000,1.00678200,1.01001200,1.01127400,1.01167800,1.01191600,1.01205700,1.01214800,1.01219300
4.184000,1.00678200,1.01001200,1.01127400,1.01167900,1.01191700,1.01205800,1.01214800,1.01219400
4.185999,1.00678200,1.01001200,1.01127400,1.01167900,1.01191700,1.01205800,1.01214800,1.01219400
4.188000,1.00678300,1.01001300,1.01127500,1.01167900,1.01191700,1.01205800,1.01214900,1.01219400
4.190000,1.00678300,1.01001300,1.01127500,1.01168000,1.01191800,1.01205900,1.01214900,1.01219500
4.192000,1.00678300,1.01001300,1.01127500,1.01168000,1.01191800,1.01205900,1.01214900,1.01219500
4.194000,1.00678300,1.01001300,1.01127600,1.01168000,1.01191800,1.01205900,1.01215000,1.01219500
4.196000,1.00678300,1.01001400,1.01127600,1.01168100,1.01191900,1.01206000,1.01215000,1.01219600
4.198000,1.00678400,1.01001400,1.01127600,1.01168100,1.01191900,1.01206000,1.01215000,1.01219600
4.199999,1.00678400,1.01001400,1.01127600,1.01168100,1.01191900,1.01206000,1.01215100,1.01219600
4.202000,1.00678400,1.01001500,1.01127700,1.01168200,1.01191900,1.01206100,1.01215100,1.01219700
4.204000,1.00678400,1.01001500,1.01127700,1.01168200,1.01192000,1.01206100,1.01215100,1.01219700
4.206000,1.00678400,1.01001500,1.01127700,1.01168200,1.01192000,1.01206100,1.01215200,1.01219700
4.208000,1.00678500,1.01001500,1.01127800,1.01168300,1.01192000,1.01206200,1.01215200,1.01219800
4.210000,1.00678500,1.01001600,1.01127800,1.01168300,1.01192100,1.01206200,1.01215200,1.01219800
4.212000,1.00678500,1.01001600,1.01127800,1.01168300,1.01192100,1.01206200,1.01215300,1.01219800
4.214000,1.00678500,1.01001600,1.01127900,1.01168300,1.01192100,1.01206300,1.01215300,1.01219900
4.216000,1.00678600,1.01001700,1.01127900,1.01168400,1.01192200,1.01206300,1.01215300,1.01219900
4.217999,1.00678600,1.01001700,1.01127900,1.01168400,1.01192200,1.01206300,1.01215400,1.01219900
4.219999,1.00678600,1.01001700,1.01128000,1.01168400,1.01192200,1.01206400,1.01215400,1.01220000
4.222000,1.00678600,1.01001800,1.01128000,1.01168500,1.01192300,1.01206400,1.01215400,1.01220000
4.224000,1.00678600,1.01001800,1.01128000,1.01168500,1.01192300,1.01206400,1.01215400,1.01220000
4.226000,1.00678600,1.01001800,1.01128100,1.01168500,1.01192300,1.01206500,1.01215500,1.01220100
4.228000,1.00678700,1.01001800,1.01128100,1.01168600,1.01192400,1.01206500,1.01215500,1.01220100
4.230000,1.00678700,1.01001900,1.01128100,1.01168600,1.01192400,1.01206500,1.01215600,1.01220100
4.232000,1.00678700,1.01001900,1.01128100,1.01168600,1.01192400,1.01206600,1.01215600,1.01220200
4.234000,1.00678700,1.01001900,1.01128200,1.01168700,1.01192500,1.01206600,1.01215600,1.01220200
4.236000,1.00678800,1.01002000,1.01128200,1.01168700,1.01192500,1.01206600,1.01215600,1.01220200
4.237999,1.00678800,1.01002000,1.01128200,1.01168700,1.01192500,1.01206700,1.01215700,1.01220300
4.240000,1.00678800,1.01002000,1.01128300,1.01168800,1.01192600,1.01206700,1.01215700,1.01220300
4.242000,1.00678800,1.01002000,1.01128300,1.01168800,1.01192600,1.01206700,1.01215700,1.01220300
4.243999,1.00678800,1.01002100,1.01128300,1.01168800,1.01192600,1.01206800,1.01215800,1.01220300
4.246000,1.00678900,1.01002100,1.01128400,1.01168900,1.01192700,1.01206800,1.01215800,1.01220400
4.248000,1.00678900,1.01002100,1.01128400,1.01168900,1.01192700,1.01206800,1.01215800,1.01220400
4.250000,1.00678900,1.01002100,1.01128400,1.01168900,1.01192700,1.01206900,1.01215900,1.01220400
4.252000,1.00678900,1.01002200,1.01128500,1.01169000,1.01192800,1.01206900,1.01215900,1.01220500
4.254000,1.00678900,1.01002200,1.01128500,1.01169000,1.01192800,1.01206900,1.01215900,1.01220500
4.256000,1.00679000,1.01002200,1.01128500,1.01169000,1.01192800,1.01206900,1.01216000,1.01220500
4.257999,1.00679000,1.01002300,1.01128600,1.01169000,1.01192900,1.01207000,1.01216000,1.01220600
4.260000,1.00679000,1.01002300,1.01128600,1.01169100,1.01192900,1.01207000,1.01216000,1.01220600
4.262000,1.00679000,1.01002300,1.01128600,1.01169100,1.01192900,1.01207000,1.01216100,1.01220600
4.263999,1.00679000,1.01002300,1.01128600,1.01169100,1.01193000,1.01207100,1.01216100,1.01220700
4.266000,1.00679100,1.01002400,1.01128700,1.01169200,1.01193000,1.01207100,1.01216100,1.01220700
4.268000,1.00679100,1.01002400,1.01128700,1.01169200,1.01193000,1.01207100,1.01216200,1.01220700
4.270000,1.00679100,1.01002400,1.01128700,1.01169200,1.01193000,1.01207200,1.01216200,1.01220800
4.272000,1.00679100,1.01002500,1.01128800,1.01169300,1.01193100,1.01207200,1.01216200,1.01220800
4.274000,1.00679100,1.01002500,1.01128800,1.01169300,1.01193100,1.01207200,1.01216300,1.01220800
4.276000,1.00679200,1.01002500,1.01128800,1.01169300,1.01193100,1.01207300,1.01216300,1.01220900
4.277999,1.00679200,1.01002600,1.01128900,1.01169400,1.01193200,1.01207300,1.01216300,1.01220900
4.280000,1.00679200,1.01002600,1.01128900,1.01169400,1.01193200,1.01207300,1.01216400,1.01220900
4.282000,1.00679200,1.01002600,1.01128900,1.01169400,1.01193200,1.01207400,1.01216400,1.01221000
4.284000,1.00679200,1.01002600,1.01129000,1.01169500,1.01193300,1.01207400,1.01216400,1.01221000
4.286000,1.00679300,1.01002700,1.01129000,1.01169500,1.01193300,1.01207400,1.01216500,1.01221000
4.288000,1.00679300,1.01002700,1.01129000,1.01169500,1.01193300,1.01207500,1.01216500,1.01221100
4.290000,1.00679300,1.01002700,1.01129100,1.01169600,1.01193400,1.01207500,1.01216500,1.01221100
4.292000,1.00679300,1.01002800,1.01129100,1.01169600,1.01193400,1.01207500,1.01216600,1.01221100
4.294000,1.00679300,1.01002800,1.01129100,1.01169600,1.01193400,1.01207600,1.01216600,1.01221200
4.296000,1.00679400,1.01002800,1.01129200,1.01169700,1.01193500,1.01207600,1.01216600,1.01221200
4.297999,1.00679400,1.01002800,1.01129200,1.01169700,1.01193500,1.01207600,1.01216700,1.01221200
4.300000,1.00679400,1.01002900,1.01129200,1.01169700,1.01193500,1.01207700,1.01216700,1.01221300
4.302000,1.00679400,1.01002900,1.01129200,1.01169800,1.01193600,1.01207700,1.01216700,1.01221300
4.304000,1.00679400,1.01002900,1.01129300,1.01169800,1.01193600,1.01207700,1.01216800,1.01221300
4.306000,1.00679500,1.01002900,1.01129300,1.01169800,1.01193600,1.01207800,1.01216800,1.01221400
4.308000,1.00679500,1.01003000,1.01129300,1.01169800,1.01193700,1.01207800,1.01216800,1.01221400
4.310000,1.00679500,1.01003000,1.01129400,1.01169900,1.01193700,1.01207800,1.01216900,1.01221400
4.311999,1.00679500,1.01003000,1.01129400,1.01169900,1.01193700,1.01207900,1.01216900,1.01221500
4.314000,1.00679600,1.01003100,1.01129400,1.01169900,1.01193800,1.01207900,1.01216900,1.01221500
4.316000,1.00679600,1.01003100,1.01129500,1.01170000,1.01193800,1.01207900,1.01216900,1.01221500
4.318000,1.00679600,1.01003100,1.01129500,1.01170000,1.01193800,1.01208000,1.01217000,1.01221600
4.320000,1.00679600,1.01003100,1.01129500,1.01170000,1.01193900,1.01208000,1.01217000,1.01221600
4.322000,1.00679600,1.01003200,1.01129600,1.01170100,1.01193900,1.01208000,1.01217000,1.01221600
4.324000,1.00679700,1.01003200,1.01129600,1.01170100,1.01193900,1.01208100,1.01217100,1.01221700
4.326000,1.00679700,1.01003200,1.01129600,1.01170100,1.01194000,1.01208100,1.01217100,1.01221700
4.328000,1.00679700,1.01003300,1.01129700,1.01170200,1.01194000,1.01208100,1.01217200,1.01221700
4.329999,1.00679700,1.01003300,1.01129700,1.01170200,1.01194000,1.01208200,1.01217200,1.01221800
4.331999,1.00679700,1.01003300,1.01129700,1.01170200,1.01194000,1.01208200,1.01217200,1.01221800
4.334000,1.00679800,1.01003300,1.01129700,1.01170300,1.01194100,1.01208200,1.01217200,1.01221800
4.335999,1.00679800,1.01003400,1.01129800,1.01170300,1.01194100,1.01208200,1.01217300,1.01221800
4.338000,1.00679800,1.01003400,1.01129800,1.01170300,1.01194200,1.01208300,1.01217300,1.01221900
4.340000,1.00679800,1.01003400,1.01129800,1.01170400,1.01194200,1.01208300,1.01217300,1.01221900
4.342000,1.00679800,1.01003500,1.01129900,1.01170400,1.01194200,1.01208300,1.01217400,1.01221900
4.344000,1.00679900,1.01003500,1.01129900,1.01170400,1.01194300,1.01208400,1.01217400,1.01222000
4.346000,1.00679900,1.01003500,1.01129900,1.01170500,1.01194300,1.01208400,1.01217400,1.01222000
4.348000,1.00679900,1.01003600,1.01130000,1.01170500,1.01194300,1.01208400,1.01217500,1.01222100
4.349999,1.00679900,1.01003600,1.01130000,1.01170500,1.01194300,1.01208500,1.01217500,1.01222100
4.352000,1.00679900,1.01003600,1.01130000,1.01170600,1.01194400,1.01208500,1.01217500,1.01222100
4.354000,1.00680000,1.01003600,1.01130100,1.01170600,1.01194400,1.01208500,1.01217600,1.01222100
4.355999,1.00680000,1.01003700,1.01130100,1.01170600,1.01194400,1.01208600,1.01217600,1.01222200
4.358000,1.00680000,1.01003700,1.01130100,1.01170700,1.01194500,1.01208600,1.01217600,1.01222200
4.360000,1.00680000,1.01003700,1.01130200,1.01170700,1.01194500,1.01208600,1.01217700,1.01222200
4.362000,1.00680000,1.01003800,1.01130200,1.01170700,1.01194500,1.01208700,1.01217700,1.01222300
4.364000,1.00680100,1.01003800,1.01130200,1.01170800,1.01194600,1.01208700,1.01217700,1.01222300
4.366000,1.00680100,1.01003800,1.01130200,1.01170800,1.01194600,1.01208700,1.01217800,1.01222300
4.368000,1.00680100,1.01003800,1.01130300,1.01170800,1.01194600,1.01208800,1.01217800,1.01222400
4.369999,1.00680100,1.01003900,1.01130300,1.01170800,1.01194700,1.01208800,1.01217800,1.01222400
4.372000,1.00680100,1.01003900,1.01130300,1.01170900,1.01194700,1.01208800,1.01217900,1.01222400
4.374000,1.00680200,1.01003900,1.01130400,1.01170900,1.01194700,1.01208900,1.01217900,1.01222500
4.375999,1.00680200,1.01003900,1.01130400,1.01170900,1.01194800,1.01208900,1.01217900,1.01222500
4.378000,1.00680200,1.01004000,1.01130400,1.01171000,1.01194800,1.01208900,1.01218000,1.01222500
4.380000,1.00680200,1.01004000,1.01130500,1.01171000,1.01194800,1.01209000,1.01218000,1.01222600
4.382000,1.00680300,1.01004000,1.01130500,1.01171000,1.01194900,1.01209000,1.01218000,1.01222600
4.384000,1.00680300,1.01004100,1.01130500,1.01171100,1.01194900,1.01209000,1.01218100,1.01222600
4.386000,1.00680300,1.01004100,1.01130600,1.01171100,1.01194900,1.01209100,1.01218100,1.01222700
4.388000,1.00680300,1.01004100,1.01130600,1.01171100,1.01195000,1.01209100,1.01218100,1.01222700
4.389999,1.00680300,1.01004100,1.01130600,1.01171200,1.01195000,1.01209100,1.01218200,1.01222700
4.392000,1.00680400,1.01004200,1.01130700,1.01171200,1.01195000,1.01209200,1.01218200,1.01222800
4.394000,1.00680400,1.01004200,1.01130700,1.01171200,1.01195100,1.01209200,1.01218200,1.01222800
4.396000,1.00680400,1.01004200,1.01130700,1.01171300,1.01195100,1.01209200,1.01218300,1.01222800
4.398000,1.00680400,1.01004300,1.01130700,1.01171300,1.01195100,1.01209300,1.01218300,1.01222900
4.400000,1.00680400,1.01004300,1.01130800,1.01171300,1.01195200,1.01209300,1.01218300,1.01222900
4.402000,1.00680500,1.01004300,1.01130800,1.01171400,1.01195200,1.01209300,1.01218400,1.01222900
4.404000,1.00680500,1.01004400,1.01130800,1.01171400,1.01195200,1.01209400,1.01218400,1.01223000
4.406000,1.00680500,1.01004400,1.01130900,1.01171400,1.01195300,1.01209400,1.01218400,1.01223000
4.408000,1.00680500,1.01004400,1.01130900,1.01171500,1.01195300,1.01209400,1.01218500,1.01223000
4.409999,1.00680500,1.01004400,1.01130900,1.01171500,1.01195300,1.01209400,1.01218500,1.01223100
4.412000,1.00680600,1.01004500,1.01131000,1.01171500,1.01195300,1.01209500,1.01218500,1.01223100
4.414000,1.00680600,1.01004500,1.01131000,1.01171600,1.01195400,1.01209500,1.01218600,1.01223100
4.416000,1.00680600,1.01004500,1.01131000,1.01171600,1.01195400,1.01209600,1.01218600,1.01223200
4.418000,1.00680600,1.01004600,1.01131100,1.01171600,1.01195400,1.01209600,1.01218600,1.01223200
4.420000,1.00680600,1.01004600,1.01131100,1.01171600,1.01195500,1.01209600,1.01218700,1.01223200
4.422000,1.00680700,1.01004600,1.01131100,1.01171700,1.01195500,1.01209700,1.01218700,1.01223300
4.423999,1.00680700,1.01004600,1.01131200,1.01171700,1.01195500,1.01209700,1.01218700,1.01223300
4.426000,1.00680700,1.01004700,1.01131200,1.01171700,1.01195600,1.01209700,1.01218700,1.01223300
4.427999,1.00680700,1.01004700,1.01131200,1.01171800,1.01195600,1.01209700,1.01218800,1.01223400
4.430000,1.00680700,1.01004700,1.01131200,1.01171800,1.01195600,1.01209800,1.01218800,1.01223400
4.432000,1.00680800,1.01004800,1.01131300,1.01171800,1.01195700,1.01209800,1.01218800,1.01223400
4.434000,1.00680800,1.01004800,1.01131300,1.01171900,1.01195700,1.01209800,1.01218900,1.01223500
4.436000,1.00680800,1.01004800,1.01131300,1.01171900,1.01195700,1.01209900,1.01218900,1.01223500
4.438000,1.00680800,1.01004800,1.01131400,1.01171900,1.01195800,1.01209900,1.01219000,1.01223500
4.440000,1.00680900,1.01004900,1.01131400,1.01172000,1.01195800,1.01210000,1.01219000,1.01223600
4.441999,1.00680900,1.01004900,1.01131400,1.01172000,1.01195800,1.01210000,1.01219000,1.01223600
4.443999,1.00680900,1.01004900,1.01131500,1.01172000,1.01195900,1.01210000,1.01219000,1.01223600
4.446000,1.00680900,1.01005000,1.01131500,1.01172100,1.01195900,1.01210000,1.01219100,1.01223600
4.447999,1.00680900,1.01005000,1.01131500,1.01172100,1.01195900,1.01210100,1.01219100,1.01223700
4.450000,1.00680900,1.01005000,1.01131600,1.01172100,1.01196000,1.01210100,1.01219100,1.01223700
4.452000,1.00681000,1.01005000,1.01131600,1.01172200,1.01196000,1.01210100,1.01219200,1.01223800
4.454000,1.00681000,1.01005100,1.01131600,1.01172200,1.01196000,1.01210200,1.01219200,1.01223800
4.456000,1.00681000,1.01005100,1.01131700,1.01172200,1.01196100,1.01210200,1.01219200,1.01223800
4.458000,1.00681000,1.01005100,1.01131700,1.01172300,1.01196100,1.01210200,1.01219300,1.01223900
4.460000,1.00681100,1.01005200,1.01131700,1.01172300,1.01196100,1.01210300,1.01219300,1.01223900
4.461999,1.00681100,1.01005200,1.01131700,1.01172300,1.01196200,1.01210300,1.01219300,1.01223900
4.464000,1.00681100,1.01005200,1.01131800,1.01172400,1.01196200,1.01210300,1.01219400,1.01223900
4.466000,1.00681100,1.01005200,1.01131800,1.01172400,1.01196200,1.01210400,1.01219400,1.01224000
4.467999,1.00681100,1.01005300,1.01131800,1.01172400,1.01196300,1.01210400,1.01219400,1.01224000
4.470000,1.00681200,1.01005300,1.01131900,1.01172400,1.01196300,1.01210400,1.01219500,1.01224000
4.472000,1.00681200,1.01005300,1.01131900,1.01172500,1.01196300,1.01210500,1.01219500,1.01224100
4.474000,1.00681200,1.01005400,1.01131900,1.01172500,1.01196400,1.01210500,1.01219500,1.01224100
4.476000,1.00681200,1.01005400,1.01132000,1.01172500,1.01196400,1.01210500,1.01219600,1.01224100
4.478000,1.00681200,1.01005400,1.01132000,1.01172600,1.01196400,1.01210600,1.01219600,1.01224200
4.480000,1.00681300,1.01005400,1.01132000,1.01172600,1.01196500,1.01210600,1.01219600,1.01224200
4.481999,1.00681300,1.01005500,1.01132100,1.01172600,1.01196500,1.01210600,1.01219700,1.01224200
4.484000,1.00681300,1.01005500,1.01132100,1.01172700,1.01196500,1.01210700,1.01219700,1.01224300
4.486000,1.00681300,1.01005500,1.01132100,1.01172700,1.01196600,1.01210700,1.01219700,1.01224300
4.487999,1.00681300,1.01005600,1.01132200,1.01172700,1.01196600,1.01210700,1.01219800,1.01224300
4.490000,1.00681400,1.01005600,1.01132200,1.01172800,1.01196600,1.01210800,1.01219800,1.01224400
4.492000,1.00681400,1.01005600,1.01132200,1.01172800,1.01196600,1.01210800,1.01219800,1.01224400
4.494000,1.00681400,1.01005600,1.01132300,1.01172800,1.01196700,1.01210800,1.01219900,1.01224400
4.496000,1.00681400,1.01005700,1.01132300,1.01172900,1.01196700,1.01210900,1.01219900,1.01224500
4.498000,1.00681400,1.01005700,1.01132300,1.01172900,1.01196800,1.01210900,1.01219900,1.01224500
4.500000,1.00681500,1.01005700,1.01132400,1.01172900,1.01196800,1.01210900,1.01220000,1.01224500
4.501999,1.00681500,1.01005800,1.01132400,1.01173000,1.01196800,1.01211000,1.01220000,1.01224600
4.504000,1.00681500,1.01005800,1.01132400,1.01173000,1.01196800,1.01211000,1.01220000,1.01224600
4.506000,1.00681500,1.01005800,1.01132500,1.01173000,1.01196900,1.01211000,1.01220100,1.01224600
4.508000,1.00681600,1.01005800,1.01132500,1.01173100,1.01196900,1.01211100,1.01220100,1.01224700
4.510000,1.00681600,1.01005900,1.01132500,1.01173100,1.01196900,1.01211100,1.01220100,1.01224700
4.512000,1.00681600,1.01005900,1.01132500,1.01173100,1.01197000,1.01211100,1.01220200,1.01224700
4.514000,1.00681600,1.01005900,1.01132600,1.01173200,1.01197000,1.01211200,1.01220200,1.01224800
4.516000,1.00681600,1.01006000,1.01132600,1.01173200,1.01197000,1.01211200,1.01220200,1.01224800
4.518000,1.00681700,1.01006000,1.01132600,1.01173200,1.01197100,1.01211200,1.01220300,1.01224800
4.520000,1.00681700,1.01006000,1.01132700,1.01173300,1.01197100,1.01211200,1.01220300,1.01224900
4.521999,1.00681700,1.01006000,1.01132700,1.01173300,1.01197100,1.01211300,1.01220300,1.01224900
4.524000,1.00681700,1.01006100,1.01132700,1.01173300,1.01197200,1.01211300,1.01220400,1.01224900
4.526000,1.00681700,1.01006100,1.01132800,1.01173400,1.01197200,1.01211400,1.01220400,1.01225000
4.528000,1.00681800,1.01006100,1.01132800,1.01173400,1.01197200,1.01211400,1.01220400,1.01225000
4.530000,1.00681800,1.01006200,1.01132800,1.01173400,1.01197300,1.01211400,1.01220500,1.01225000
4.532000,1.00681800,1.01006200,1.01132900,1.01173400,1.01197300,1.01211500,1.01220500,1.01225100
4.534000,1.00681800,1.01006200,1.01132900,1.01173500,1.01197300,1.01211500,1.01220500,1.01225100
4.535999,1.00681800,1.01006200,1.01132900,1.01173500,1.01197400,1.01211500,1.01220500,1.01225100
4.538000,1.00681900,1.01006300,1.01133000,1.01173500,1.01197400,1.01211500,1.01220600,1.01225200
4.539999,1.00681900,1.01006300,1.01133000,1.01173600,1.01197400,1.01211600,1.01220600,1.01225200
4.542000,1.00681900,1.01006300,1.01133000,1.01173600,1.01197500,1.01211600,1.01220700,1.01225200
4.544000,1.00681900,1.01006400,1.01133000,1.01173600,1.01197500,1.01211600,1.01220700,1.01225300
4.546000,1.00681900,1.01006400,1.01133100,1.01173700,1.01197500,1.01211700,1.01220700,1.01225300
4.548000,1.00682000,1.01006400,1.01133100,1.01173700,1.01197600,1.01211700,1.01220800,1.01225300
4.550000,1.00682000,1.01006400,1.01133100,1.01173700,1.01197600,1.01211700,1.01220800,1.01225400
4.552000,1.00682000,1.01006500,1.01133200,1.01173800,1.01197600,1.01211800,1.01220800,1.01225400
4.553999,1.00682000,1.01006500,1.01133200,1.01173800,1.01197700,1.01211800,1.01220800,1.01225400
4.555999,1.00682000,1.01006500,1.01133200,1.01173800,1.01197700,1.01211800,1.01220900,1.01225500
4.558000,1.00682100,1.01006600,1.01133300,1.01173900,1.01197700,1.01211900,1.01220900,1.01225500
4.559999,1.00682100,1.01006600,1.01133300,1.01173900,1.01197800,1.01211900,1.01221000,1.01225500
4.562000,1.00682100,1.01006600,1.01133300,1.01173900,1.01197800,1.01211900,1.01221000,1.01225600
4.564000,1.00682100,1.01006700,1.01133400,1.01174000,1.01197800,1.01212000,1.01221000,1.01225600
4.566000,1.00682200,1.01006700,1.01133400,1.01174000,1.01197900,1.01212000,1.01221000,1.01225600
4.568000,1.00682200,1.01006700,1.01133400,1.01174000,1.01197900,1.01212000,1.01221100,1.01225700
4.570000,1.00682200,1.01006700,1.01133500,1.01174100,1.01197900,1.01212100,1.01221100,1.01225700
4.572000,1.00682200,1.01006800,1.01133500,1.01174100,1.01198000,1.01212100,1.01221100,1.01225700
4.573999,1.00682200,1.01006800,1.01133500,1.01174100,1.01198000,1.01212100,1.01221200,1.01225800
4.576000,1.00682300,1.01006800,1.01133500,1.01174200,1.01198000,1.01212200,1.01221200,1.01225800
4.578000,1.00682300,1.01006900,1.01133600,1.01174200,1.01198100,1.01212200,1.01221200,1.01225800
4.579999,1.00682300,1.01006900,1.01133600,1.01174200,1.01198100,1.01212200,1.01221300,1.01225900
4.582000,1.00682300,1.01006900,1.01133600,1.01174300,1.01198100,1.01212300,1.01221300,1.01225900
4.584000,1.00682300,1.01006900,1.01133700,1.01174300,1.01198100,1.01212300,1.01221300,1.01225900
4.586000,1.00682400,1.01007000,1.01133700,1.01174300,1.01198200,1.01212300,1.01221400,1.01225900
4.588000,1.00682400,1.01007000,1.01133700,1.01174400,1.01198200,1.01212400,1.01221400,1.01226000
4.590000,1.00682400,1.01007000,1.01133800,1.01174400,1.01198200,1.01212400,1.01221400,1.01226000
4.592000,1.00682400,1.01007100,1.01133800,1.01174400,1.01198300,1.01212400,1.01221500,1.01226100
4.593999,1.00682400,1.01007100,1.01133800,1.01174400,1.01198300,1.01212500,1.01221500,1.01226100
4.596000,1.00682500,1.01007100,1.01133900,1.01174500,1.01198300,1.01212500,1.01221500,1.01226100
4.598000,1.00682500,1.01007100,1.01133900,1.01174500,1.01198400,1.01212500,1.01221600,1.01226200
4.599999,1.00682500,1.01007200,1.01133900,1.01174500,1.01198400,1.01212600,1.01221600,1.01226200
4.602000,1.00682500,1.01007200,1.01134000,1.01174600,1.01198400,1.01212600,1.01221600,1.01226200
4.604000,1.00682500,1.01007200,1.01134000,1.01174600,1.01198500,1.01212600,1.01221700,1.01226200
4.606000,1.00682600,1.01007300,1.01134000,1.01174600,1.01198500,1.01212700,1.01221700,1.01226300
4.608000,1.00682600,1.01007300,1.01134000,1.01174700,1.01198500,1.01212700,1.01221700,1.01226300
4.610000,1.00682600,1.01007300,1.01134100,1.01174700,1.01198600,1.01212700,1.01221800,1.01226400
4.612000,1.00682600,1.01007300,1.01134100,1.01174700,1.01198600,1.01212800,1.01221800,1.01226400
4.613999,1.00682700,1.01007400,1.01134100,1.01174800,1.01198600,1.01212800,1.01221800,1.01226400
4.616000,1.00682700,1.01007400,1.01134200,1.01174800,1.01198700,1.01212800,1.01221900,1.01226400
4.618000,1.00682700,1.01007400,1.01134200,1.01174800,1.01198700,1.01212900,1.01221900,1.01226500
4.620000,1.00682700,1.01007500,1.01134200,1.01174900,1.01198700,1.01212900,1.01221900,1.01226500
4.622000,1.00682700,1.01007500,1.01134300,1.01174900,1.01198800,1.01212900,1.01222000,1.01226500
4.624000,1.00682700,1.01007500,1.01134300,1.01174900,1.01198800,1.01213000,1.01222000,1.01226600
4.626000,1.00682800,1.01007500,1.01134300,1.01175000,1.01198800,1.01213000,1.01222000,1.01226600
4.628000,1.00682800,1.01007600,1.01134400,1.01175000,1.01198900,1.01213000,1.01222100,1.01226700
4.630000,1.00682800,1.01007600,1.01134400,1.01175000,1.01198900,1.01213100,1.01222100,1.01226700
4.631999,1.00682800,1.01007600,1.01134400,1.01175100,1.01198900,1.01213100,1.01222100,1.01226700
4.633999,1.00682900,1.01007700,1.01134500,1.01175100,1.01199000,1.01213100,1.01222200,1.01226700
4.636000,1.00682900,1.01007700,1.01134500,1.01175100,1.01199000,1.01213200,1.01222200,1.01226800
4.638000,1.00682900,1.01007700,1.01134500,1.01175200,1.01199000,1.01213200,1.01222200,1.01226800
4.640000,1.00682900,1.01007700,1.01134600,1.01175200,1.01199100,1.01213200,1.01222300,1.01226800
4.642000,1.00682900,1.01007800,1.01134600,1.01175200,1.01199100,1.01213300,1.01222300,1.01226900
4.644000,1.00683000,1.01007800,1.01134600,1.01175300,1.01199100,1.01213300,1.01222300,1.01226900
4.646000,1.00683000,1.01007800,1.01134700,1.01175300,1.01199200,1.01213300,1.01222400,1.01226900
4.648000,1.00683000,1.01007900,1.01134700,1.01175300,1.01199200,1.01213300,1.01222400,1.01227000
4.650000,1.00683000,1.01007900,1.01134700,1.01175400,1.01199200,1.01213400,1.01222400,1.01227000
4.651999,1.00683000,1.01007900,1.01134800,1.01175400,1.01199300,1.01213400,1.01222500,1.01227000
4.654000,1.00683100,1.01008000,1.01134800,1.01175400,1.01199300,1.01213500,1.01222500,1.01227100
4.656000,1.00683100,1.01008000,1.01134800,1.01175500,1.01199300,1.01213500,1.01222500,1.01227100
4.658000,1.00683100,1.01008000,1.01134800,1.01175500,1.01199400,1.01213500,1.01222600,1.01227100
4.660000,1.00683100,1.01008000,1.01134900,1.01175500,1.01199400,1.01213600,1.01222600,1.01227200
4.662000,1.00683100,1.01008100,1.01134900,1.01175500,1.01199400,1.01213600,1.01222600,1.01227200
4.664000,1.00683200,1.01008100,1.01134900,1.01175600,1.01199500,1.01213600,1.01222700,1.01227200
4.665999,1.00683200,1.01008100,1.01135000,1.01175600,1.01199500,1.01213600,1.01222700,1.01227300
4.667999,1.00683200,1.01008200,1.01135000,1.01175600,1.01199500,1.01213700,1.01222700,1.01227300
4.670000,1.00683200,1.01008200,1.01135000,1.01175700,1.01199600,1.01213700,1.01222800,1.01227300
4.671999,1.00683200,1.01008200,1.01135100,1.01175700,1.01199600,1.01213700,1.01222800,1.01227400
4.674000,1.00683300,1.01008200,1.01135100,1.01175700,1.01199600,1.01213800,1.01222800,1.01227400
4.676000,1.00683300,1.01008300,1.01135100,1.01175800,1.01199700,1.01213800,1.01222900,1.01227400
4.677999,1.00683300,1.01008300,1.01135200,1.01175800,1.01199700,1.01213800,1.01222900,1.01227500
4.680000,1.00683300,1.01008300,1.01135200,1.01175800,1.01199700,1.01213900,1.01222900,1.01227500
4.682000,1.00683400,1.01008400,1.01135200,1.01175900,1.01199700,1.01213900,1.01223000,1.01227500
4.684000,1.00683400,1.01008400,1.01135300,1.01175900,1.01199800,1.01213900,1.01223000,1.01227600
4.685999,1.00683400,1.01008400,1.01135300,1.01175900,1.01199800,1.01214000,1.01223000,1.01227600
4.688000,1.00683400,1.01008400,1.01135300,1.01176000,1.01199900,1.01214000,1.01223100,1.01227600
4.690000,1.00683400,1.01008500,1.01135300,1.01176000,1.01199900,1.01214000,1.01223100,1.01227700
4.691999,1.00683500,1.01008500,1.01135400,1.01176000,1.01199900,1.01214100,1.01223100,1.01227700
4.694000,1.00683500,1.01008500,1.01135400,1.01176100,1.01199900,1.01214100,1.01223200,1.01227700
4.696000,1.00683500,1.01008600,1.01135400,1.01176100,1.01200000,1.01214100,1.01223200,1.01227800
4.698000,1.00683500,1.01008600,1.01135500,1.01176100,1.01200000,1.01214200,1.01223200,1.01227800
4.700000,1.00683500,1.01008600,1.01135500,1.01176200,1.01200000,1.01214200,1.01223300,1.01227800
4.702000,1.00683600,1.01008600,1.01135500,1.01176200,1.01200100,1.01214200,1.01223300,1.01227900
4.704000,1.00683600,1.01008700,1.01135600,1.01176200,1.01200100,1.01214300,1.01223300,1.01227900
4.705999,1.00683600,1.01008700,1.01135600,1.01176300,1.01200100,1.01214300,1.01223300,1.01227900
4.708000,1.00683600,1.01008700,1.01135600,1.01176300,1.01200200,1.01214300,1.01223400,1.01228000
4.710000,1.00683600,1.01008800,1.01135700,1.01176300,1.01200200,1.01214400,1.01223400,1.01228000
4.711999,1.00683700,1.01008800,1.01135700,1.01176400,1.01200200,1.01214400,1.01223500,1.01228000
4.714000,1.00683700,1.01008800,1.01135700,1.01176400,1.01200300,1.01214400,1.01223500,1.01228100
4.716000,1.00683700,1.01008800,1.01135800,1.01176400,1.01200300,1.01214500,1.01223500,1.01228100
4.718000,1.00683700,1.01008900,1.01135800,1.01176500,1.01200300,1.01214500,1.01223600,1.01228100
4.720000,1.00683700,1.01008900,1.01135800,1.01176500,1.01200400,1.01214500,1.01223600,1.01228200
4.722000,1.00683800,1.01008900,1.01135900,1.01176500,1.01200400,1.01214600,1.01223600,1.01228200
4.724000,1.00683800,1.01009000,1.01135900,1.01176500,1.01200400,1.01214600,1.01223600,1.01228200
4.725999,1.00683800,1.01009000,1.01135900,1.01176600,1.01200500,1.01214600,1.01223700,1.01228300
4.728000,1.00683800,1.01009000,1.01136000,1.01176600,1.01200500,1.01214700,1.01223700,1.01228300
4.730000,1.00683900,1.01009000,1.01136000,1.01176600,1.01200500,1.01214700,1.01223800,1.01228300
4.732000,1.00683900,1.01009100,1.01136000,1.01176700,1.01200600,1.01214700,1.01223800,1.01228400
4.734000,1.00683900,1.01009100,1.01136100,1.01176700,1.01200600,1.01214800,1.01223800,1.01228400
4.736000,1.00683900,1.01009100,1.01136100,1.01176700,1.01200600,1.01214800,1.01223900,1.01228400
4.738000,1.00683900,1.01009200,1.01136100,1.01176800,1.01200700,1.01214800,1.01223900,1.01228500
4.740000,1.00684000,1.01009200,1.01136100,1.01176800,1.01200700,1.01214900,1.01223900,1.01228500
4.742000,1.00684000,1.01009200,1.01136200,1.01176800,1.01200700,1.01214900,1.01223900,1.01228500
4.743999,1.00684000,1.01009200,1.01136200,1.01176900,1.01200800,1.01214900,1.01224000,1.01228600
4.745999,1.00684000,1.01009300,1.01136200,1.01176900,1.01200800,1.01215000,1.01224000,1.01228600
4.748000,1.00684000,1.01009300,1.01136300,1.01176900,1.01200800,1.01215000,1.01224100,1.01228600
4.750000,1.00684100,1.01009300,1.01136300,1.01177000,1.01200900,1.01215000,1.01224100,1.01228700
4.752000,1.00684100,1.01009400,1.01136300,1.01177000,1.01200900,1.01215100,1.01224100,1.01228700
4.754000,1.00684100,1.01009400,1.01136400,1.01177000,1.01200900,1.01215100,1.01224100,1.01228700
4.756000,1.00684100,1.01009400,1.01136400,1.01177100,1.01201000,1.01215100,1.01224200,1.01228800
4.758000,1.00684100,1.01009500,1.01136400,1.01177100,1.01201000,1.01215200,1.01224200,1.01228800
4.760000,1.00684200,1.01009500,1.01136500,1.01177100,1.01201000,1.01215200,1.01224200,1.01228800
4.762000,1.00684200,1.01009500,1.01136500,1.01177200,1.01201100,1.01215200,1.01224300,1.01228900
4.763999,1.00684200,1.01009500,1.01136500,1.01177200,1.01201100,1.01215300,1.01224300,1.01228900
4.766000,1.00684200,1.01009600,1.01136600,1.01177200,1.01201100,1.01215300,1.01224300,1.01228900
4.768000,1.00684200,1.01009600,1.01136600,1.01177300,1.01201200,1.01215300,1.01224400,1.01229000
4.770000,1.00684300,1.01009600,1.01136600,1.01177300,1.01201200,1.01215400,1.01224400,1.01229000
4.772000,1.00684300,1.01009700,1.01136600,1.01177300,1.01201200,1.01215400,1.01224400,1.01229000
4.774000,1.00684300,1.01009700,1.01136700,1.01177400,1.01201300,1.01215400,1.01224500,1.01229100
4.776000,1.00684300,1.01009700,1.01136700,1.01177400,1.01201300,1.01215500,1.01224500,1.01229100
4.778000,1.00684400,1.01009700,1.01136700,1.01177400,1.01201300,1.01215500,1.01224500,1.01229100
4.779999,1.00684400,1.01009800,1.01136800,1.01177500,1.01201400,1.01215500,1.01224600,1.01229200
4.782000,1.00684400,1.01009800,1.01136800,1.01177500,1.01201400,1.01215600,1.01224600,1.01229200
4.783999,1.00684400,1.01009800,1.01136800,1.01177500,1.01201400,1.01215600,1.01224600,1.01229200
4.786000,1.00684400,1.01009900,1.01136900,1.01177600,1.01201500,1.01215600,1.01224700,1.01229300
4.788000,1.00684500,1.01009900,1.01136900,1.01177600,1.01201500,1.01215700,1.01224700,1.01229300
4.789999,1.00684500,1.01009900,1.01136900,1.01177600,1.01201500,1.01215700,1.01224700,1.01229300
4.792000,1.00684500,1.01010000,1.01137000,1.01177700,1.01201500,1.01215700,1.01224800,1.01229400
4.794000,1.00684500,1.01010000,1.01137000,1.01177700,1.01201600,1.01215800,1.01224800,1.01229400
4.796000,1.00684500,1.01010000,1.01137000,1.01177700,1.01201600,1.01215800,1.01224800,1.01229400
4.797999,1.00684600,1.01010000,1.01137100,1.01177800,1.01201700,1.01215800,1.01224900,1.01229500
4.800000,1.00684600,1.01010100,1.01137100,1.01177800,1.01201700,1.01215900,1.01224900,1.01229500
4.802000,1.00684600,1.01010100,1.01137100,1.01177800,1.01201700,1.01215900,1.01224900,1.01229500
4.803999,1.00684600,1.01010100,1.01137200,1.01177800,1.01201700,1.01215900,1.01225000,1.01229600
4.806000,1.00684600,1.01010200,1.01137200,1.01177900,1.01201800,1.01216000,1.01225000,1.01229600
4.808000,1.00684700,1.01010200,1.01137200,1.01177900,1.01201800,1.01216000,1.01225000,1.01229600
4.810000,1.00684700,1.01010200,1.01137300,1.01177900,1.01201800,1.01216000,1.01225100,1.01229700
4.812000,1.00684700,1.01010200,1.01137300,1.01178000,1.01201900,1.01216100,1.01225100,1.01229700
4.814000,1.00684700,1.01010300,1.01137300,1.01178000,1.01201900,1.01216100,1.01225100,1.01229700
4.816000,1.00684800,1.01010300,1.01137400,1.01178000,1.01201900,1.01216100,1.01225200,1.01229800
4.817999,1.00684800,1.01010300,1.01137400,1.01178100,1.01202000,1.01216100,1.01225200,1.01229800
4.820000,1.00684800,1.01010400,1.01137400,1.01178100,1.01202000,1.01216200,1.01225200,1.01229800
4.822000,1.00684800,1.01010400,1.01137400,1.01178100,1.01202000,1.01216200,1.01225300,1.01229900
4.823999,1.00684800,1.01010400,1.01137500,1.01178200,1.01202100,1.01216300,1.01225300,1.01229900
4.826000,1.00684900,1.01010400,1.01137500,1.01178200,1.01202100,1.01216300,1.01225300,1.01229900
4.828000,1.00684900,1.01010500,1.01137500,1.01178200,1.01202100,1.01216300,1.01225400,1.01230000
4.830000,1.00684900,1.01010500,1.01137600,1.01178300,1.01202200,1.01216400,1.01225400,1.01230000
4.832000,1.00684900,1.01010500,1.01137600,1.01178300,1.01202200,1.01216400,1.01225400,1.01230000
4.834000,1.00684900,1.01010600,1.01137600,1.01178300,1.01202200,1.01216400,1.01225500,1.01230000
4.835999,1.00685000,1.01010600,1.01137700,1.01178400,1.01202300,1.01216400,1.01225500,1.01230100
4.837999,1.00685000,1.01010600,1.01137700,1.01178400,1.01202300,1.01216500,1.01225500,1.01230100
4.840000,1.00685000,1.01010600,1.01137700,1.01178400,1.01202300,1.01216500,1.01225600,1.01230200
4.842000,1.00685000,1.01010700,1.01137800,1.01178500,1.01202400,1.01216500,1.01225600,1.01230200
4.844000,1.00685000,1.01010700,1.01137800,1.01178500,1.01202400,1.01216600,1.01225600,1.01230200
4.846000,1.00685100,1.01010700,1.01137800,1.01178500,1.01202400,1.01216600,1.01225700,1.01230300
4.848000,1.00685100,1.01010800,1.01137900,1.01178600,1.01202500,1.01216700,1.01225700,1.01230300
4.850000,1.00685100,1.01010800,1.01137900,1.01178600,1.01202500,1.01216700,1.01225700,1.01230300
4.852000,1.00685100,1.01010800,1.01137900,1.01178600,1.01202500,1.01216700,1.01225800,1.01230300
4.854000,1.00685100,1.01010800,1.01137900,1.01178700,1.01202600,1.01216700,1.01225800,1.01230400
4.855999,1.00685200,1.01010900,1.01138000,1.01178700,1.01202600,1.01216800,1.01225800,1.01230400
4.857999,1.00685200,1.01010900,1.01138000,1.01178700,1.01202600,1.01216800,1.01225900,1.01230500
4.860000,1.00685200,1.01010900,1.01138000,1.01178800,1.01202700,1.01216800,1.01225900,1.01230500
4.862000,1.00685200,1.01011000,1.01138100,1.01178800,1.01202700,1.01216900,1.01225900,1.01230500
4.864000,1.00685300,1.01011000,1.01138100,1.01178800,1.01202700,1.01216900,1.01226000,1.01230500
4.866000,1.00685300,1.01011000,1.01138100,1.01178900,1.01202800,1.01216900,1.01226000,1.01230600
4.868000,1.00685300,1.01011000,1.01138200,1.01178900,1.01202800,1.01217000,1.01226000,1.01230600
4.870000,1.00685300,1.01011100,1.01138200,1.01178900,1.01202800,1.01217000,1.01226100,1.01230600
4.872000,1.00685300,1.01011100,1.01138200,1.01179000,1.01202900,1.01217000,1.01226100,1.01230700
4.874000,1.00685400,1.01011100,1.01138300,1.01179000,1.01202900,1.01217100,1.01226100,1.01230700
4.875999,1.00685400,1.01011200,1.01138300,1.01179000,1.01202900,1.01217100,1.01226200,1.01230800
4.878000,1.00685400,1.01011200,1.01138300,1.01179100,1.01203000,1.01217100,1.01226200,1.01230800
4.880000,1.00685400,1.01011200,1.01138400,1.01179100,1.01203000,1.01217200,1.01226200,1.01230800
4.881999,1.00685400,1.01011300,1.01138400,1.01179100,1.01203000,1.01217200,1.01226300,1.01230800
4.884000,1.00685500,1.01011300,1.01138400,1.01179100,1.01203100,1.01217200,1.01226300,1.01230900
4.886000,1.00685500,1.01011300,1.01138500,1.01179200,1.01203100,1.01217300,1.01226300,1.01230900
4.888000,1.00685500,1.01011300,1.01138500,1.01179200,1.01203100,1.01217300,1.01226400,1.01231000
4.890000,1.00685500,1.01011400,1.01138500,1.01179200,1.01203200,1.01217300,1.01226400,1.01231000
4.891999,1.00685500,1.01011400,1.01138600,1.01179300,1.01203200,1.01217400,1.01226400,1.01231000
4.894000,1.00685600,1.01011400,1.01138600,1.01179300,1.01203200,1.01217400,1.01226500,1.01231100
4.895999,1.00685600,1.01011500,1.01138600,1.01179300,1.01203300,1.01217400,1.01226500,1.01231100
4.898000,1.00685600,1.01011500,1.01138700,1.01179400,1.01203300,1.01217500,1.01226500,1.01231100
4.900000,1.00685600,1.01011500,1.01138700,1.01179400,1.01203300,1.01217500,1.01226600,1.01231100
4.901999,1.00685600,1.01011600,1.01138700,1.01179400,1.01203400,1.01217500,1.01226600,1.01231200
4.904000,1.00685700,1.01011600,1.01138700,1.01179500,1.01203400,1.01217600,1.01226600,1.01231200
4.906000,1.00685700,1.01011600,1.01138800,1.01179500,1.01203400,1.01217600,1.01226700,1.01231300
4.908000,1.00685700,1.01011600,1.01138800,1.01179500,1.01203500,1.01217600,1.01226700,1.01231300
4.909999,1.00685700,1.01011700,1.01138800,1.01179600,1.01203500,1.01217700,1.01226700,1.01231300
4.912000,1.00685800,1.01011700,1.01138900,1.01179600,1.01203500,1.01217700,1.01226800,1.01231300
4.914000,1.00685800,1.01011700,1.01138900,1.01179600,1.01203600,1.01217700,1.01226800,1.01231400
4.915999,1.00685800,1.01011800,1.01138900,1.01179700,1.01203600,1.01217800,1.01226800,1.01231400
4.918000,1.00685800,1.01011800,1.01139000,1.01179700,1.01203600,1.01217800,1.01226900,1.01231400
4.920000,1.00685800,1.01011800,1.01139000,1.01179700,1.01203700,1.01217800,1.01226900,1.01231500
4.922000,1.00685900,1.01011800,1.01139000,1.01179800,1.01203700,1.01217900,1.01226900,1.01231500
4.924000,1.00685900,1.01011900,1.01139100,1.01179800,1.01203700,1.01217900,1.01227000,1.01231600
4.926000,1.00685900,1.01011900,1.01139100,1.01179800,1.01203800,1.01217900,1.01227000,1.01231600
4.927999,1.00685900,1.01011900,1.01139100,1.01179900,1.01203800,1.01218000,1.01227000,1.01231600
4.929999,1.00685900,1.01012000,1.01139200,1.01179900,1.01203800,1.01218000,1.01227100,1.01231600
4.932000,1.00686000,1.01012000,1.01139200,1.01179900,1.01203800,1.01218000,1.01227100,1.01231700
4.934000,1.00686000,1.01012000,1.01139200,1.01180000,1.01203900,1.01218100,1.01227100,1.01231700
4.935999,1.00686000,1.01012000,1.01139300,1.01180000,1.01203900,1.01218100,1.01227200,1.01231700
4.938000,1.00686000,1.01012100,1.01139300,1.01180000,1.01204000,1.01218100,1.01227200,1.01231800
4.940000,1.00686000,1.01012100,1.01139300,1.01180100,1.01204000,1.01218200,1.01227200,1.01231800
4.942000,1.00686100,1.01012100,1.01139400,1.01180100,1.01204000,1.01218200,1.01227300,1.01231800
4.944000,1.00686100,1.01012200,1.01139400,1.01180100,1.01204000,1.01218200,1.01227300,1.01231900
4.946000,1.00686100,1.01012200,1.01139400,1.01180200,1.01204100,1.01218300,1.01227300,1.01231900
4.947999,1.00686100,1.01012200,1.01139500,1.01180200,1.01204100,1.01218300,1.01227400,1.01231900
4.949999,1.00686100,1.01012200,1.01139500,1.01180200,1.01204100,1.01218300,1.01227400,1.01232000
4.952000,1.00686200,1.01012300,1.01139500,1.01180300,1.01204200,1.01218400,1.01227400,1.01232000
4.954000,1.00686200,1.01012300,1.01139500,1.01180300,1.01204200,1.01218400,1.01227500,1.01232100
4.956000,1.00686200,1.01012300,1.01139600,1.01180300,1.01204300,1.01218400,1.01227500,1.01232100
4.958000,1.00686200,1.01012400,1.01139600,1.01180400,1.01204300,1.01218500,1.01227500,1.01232100
4.960000,1.00686300,1.01012400,1.01139600,1.01180400,1.01204300,1.01218500,1.01227600,1.01232100
4.962000,1.00686300,1.01012400,1.01139700,1.01180400,1.01204300,1.01218500,1.01227600,1.01232200
4.964000,1.00686300,1.01012400,1.01139700,1.01180400,1.01204400,1.01218600,1.01227600,1.01232200
4.966000,1.00686300,1.01012500,1.01139700,1.01180500,1.01204400,1.01218600,1.01227700,1.01232200
4.967999,1.00686300,1.01012500,1.01139800,1.01180500,1.01204400,1.01218600,1.01227700,1.01232300
4.969999,1.00686400,1.01012500,1.01139800,1.01180600,1.01204500,1.01218700,1.01227700,1.01232300
4.972000,1.00686400,1.01012600,1.01139800,1.01180600,1.01204500,1.01218700,1.01227800,1.01232300
4.974000,1.00686400,1.01012600,1.01139900,1.01180600,1.01204600,1.01218700,1.01227800,1.01232400
4.976000,1.00686400,1.01012600,1.01139900,1.01180600,1.01204600,1.01218800,1.01227800,1.01232400
4.978000,1.00686400,1.01012600,1.01139900,1.01180700,1.01204600,1.01218800,1.01227900,1.01232400
4.980000,1.00686500,1.01012700,1.01140000,1.01180700,1.01204600,1.01218800,1.01227900,1.01232500
4.982000,1.00686500,1.01012700,1.01140000,1.01180700,1.01204700,1.01218900,1.01227900,1.01232500
4.984000,1.00686500,1.01012700,1.01140000,1.01180800,1.01204700,1.01218900,1.01228000,1.01232600
4.986000,1.00686500,1.01012800,1.01140100,1.01180800,1.01204700,1.01218900,1.01228000,1.01232600
4.987999,1.00686600,1.01012800,1.01140100,1.01180800,1.01204800,1.01219000,1.01228000,1.01232600
4.990000,1.00686600,1.01012800,1.01140100,1.01180900,1.01204800,1.01219000,1.01228100,1.01232600
4.992000,1.00686600,1.01012900,1.01140200,1.01180900,1.01204800,1.01219000,1.01228100,1.01232700
4.993999,1.00686600,1.01012900,1.01140200,1.01180900,1.01204900,1.01219100,1.01228100,1.01232700
4.996000,1.00686600,1.01012900,1.01140200,1.01181000,1.01204900,1.01219100,1.01228200,1.01232700
4.998000,1.00686600,1.01012900,1.01140200,1.01181000,1.01204900,1.01219100,1.01228200,1.01232800
5.000000,1.00686700,1.01013000,1.01140300,1.01181000,1.01205000,1.01219200,1.01228200,1.01232800
5.002000,1.00686700,1.01013000,1.01140300,1.01181100,1.01205000,1.01219200,1.01228300,1.01232900
5.003999,1.00686700,1.01013000,1.01140300,1.01181100,1.01205000,1.01219200,1.01228300,1.01232900
5.006000,1.00686700,1.01013100,1.01140400,1.01181100,1.01205100,1.01219300,1.01228300,1.01232900
5.007999,1.00686800,1.01013100,1.01140400,1.01181200,1.01205100,1.01219300,1.01228400,1.01232900
5.010000,1.00686800,1.01013100,1.01140400,1.01181200,1.01205100,1.01219300,1.01228400,1.01233000
5.012000,1.00686800,1.01013100,1.01140500,1.01181200,1.01205200,1.01219400,1.01228400,1.01233000
5.013999,1.00686800,1.01013200,1.01140500,1.01181300,1.01205200,1.01219400,1.01228500,1.01233000
5.016000,1.00686800,1.01013200,1.01140500,1.01181300,1.01205200,1.01219400,1.01228500,1.01233100
5.018000,1.00686900,1.01013200,1.01140600,1.01181300,1.01205300,1.01219500,1.01228500,1.01233100
5.020000,1.00686900,1.01013300,1.01140600,1.01181400,1.01205300,1.01219500,1.01228600,1.01233100
5.021999,1.00686900,1.01013300,1.01140600,1.01181400,1.01205300,1.01219500,1.01228600,1.01233200
5.024000,1.00686900,1.01013300,1.01140700,1.01181400,1.01205400,1.01219600,1.01228600,1.01233200
5.026000,1.00686900,1.01013400,1.01140700,1.01181500,1.01205400,1.01219600,1.01228700,1.01233200
5.027999,1.00687000,1.01013400,1.01140700,1.01181500,1.01205400,1.01219600,1.01228700,1.01233300
5.030000,1.00687000,1.01013400,1.01140800,1.01181500,1.01205500,1.01219700,1.01228700,1.01233300
5.032000,1.00687000,1.01013400,1.01140800,1.01181600,1.01205500,1.01219700,1.01228800,1.01233400
5.034000,1.00687000,1.01013500,1.01140800,1.01181600,1.01205500,1.01219700,1.01228800,1.01233400
5.036000,1.00687100,1.01013500,1.01140900,1.01181600,1.01205600,1.01219800,1.01228800,1.01233400
5.038000,1.00687100,1.01013500,1.01140900,1.01181700,1.01205600,1.01219800,1.01228900,1.01233400
5.039999,1.00687100,1.01013600,1.01140900,1.01181700,1.01205600,1.01219800,1.01228900,1.01233500
5.041999,1.00687100,1.01013600,1.01141000,1.01181700,1.01205700,1.01219900,1.01228900,1.01233500
5.044000,1.00687100,1.01013600,1.01141000,1.01181800,1.01205700,1.01219900,1.01229000,1.01233500
5.046000,1.00687200,1.01013600,1.01141000,1.01181800,1.01205700,1.01219900,1.01229000,1.01233600
5.047999,1.00687200,1.01013700,1.01141000,1.01181800,1.01205800,1.01220000,1.01229000,1.01233600
5.050000,1.00687200,1.01013700,1.01141100,1.01181900,1.01205800,1.01220000,1.01229100,1.01233600
5.052000,1.00687200,1.01013700,1.01141100,1.01181900,1.01205800,1.01220000,1.01229100,1.01233700
5.054000,1.00687200,1.01013800,1.01141100,1.01181900,1.01205900,1.01220100,1.01229100,1.01233700
5.056000,1.00687300,1.01013800,1.01141200,1.01181900,1.01205900,1.01220100,1.01229200,1.01233700
5.058000,1.00687300,1.01013800,1.01141200,1.01182000,1.01205900,1.01220100,1.01229200,1.01233800
5.059999,1.00687300,1.01013900,1.01141200,1.01182000,1.01206000,1.01220200,1.01229200,1.01233800
5.061999,1.00687300,1.01013900,1.01141300,1.01182100,1.01206000,1.01220200,1.01229300,1.01233900
5.064000,1.00687300,1.01013900,1.01141300,1.01182100,1.01206000,1.01220200,1.01229300,1.01233900
5.066000,1.00687400,1.01013900,1.01141300,1.01182100,1.01206100,1.01220300,1.01229300,1.01233900
5.068000,1.00687400,1.01014000,1.01141400,1.01182200,1.01206100,1.01220300,1.01229400,1.01233900
5.070000,1.00687400,1.01014000,1.01141400,1.01182200,1.01206100,1.01220300,1.01229400,1.01234000
5.072000,1.00687400,1.01014000,1.01141400,1.01182200,1.01206200,1.01220400,1.01229400,1.01234000
5.074000,1.00687400,1.01014100,1.01141500,1.01182200,1.01206200,1.01220400,1.01229500,1.01234000
5.076000,1.00687500,1.01014100,1.01141500,1.01182300,1.01206200,1.01220400,1.01229500,1.01234100
5.078000,1.00687500,1.01014100,1.01141500,1.01182300,1.01206300,1.01220500,1.01229500,1.01234100
5.079999,1.00687500,1.01014100,1.01141600,1.01182300,1.01206300,1.01220500,1.01229600,1.01234100
5.081999,1.00687500,1.01014200,1.01141600,1.01182400,1.01206300,1.01220500,1.01229600,1.01234200
5.084000,1.00687600,1.01014200,1.01141600,1.01182400,1.01206400,1.01220600,1.01229600,1.01234200
5.085999,1.00687600,1.01014200,1.01141700,1.01182400,1.01206400,1.01220600,1.01229700,1.01234200
5.088000,1.00687600,1.01014300,1.01141700,1.01182500,1.01206400,1.01220600,1.01229700,1.01234300
5.090000,1.00687600,1.01014300,1.01141700,1.01182500,1.01206500,1.01220700,1.01229700,1.01234300
5.092000,1.00687600,1.01014300,1.01141800,1.01182500,1.01206500,1.01220700,1.01229800,1.01234400
5.094000,1.00687700,1.01014400,1.01141800,1.01182600,1.01206500,1.01220700,1.01229800,1.01234400
5.096000,1.00687700,1.01014400,1.01141800,1.01182600,1.01206600,1.01220800,1.01229800,1.01234400
5.098000,1.00687700,1.01014400,1.01141800,1.01182600,1.01206600,1.01220800,1.01229900,1.01234400
5.099999,1.00687700,1.01014400,1.01141900,1.01182700,1.01206600,1.01220800,1.01229900,1.01234500
5.102000,1.00687700,1.01014500,1.01141900,1.01182700,1.01206700,1.01220900,1.01229900,1.01234500
5.104000,1.00687800,1.01014500,1.01141900,1.01182700,1.01206700,1.01220900,1.01230000,1.01234500
5.105999,1.00687800,1.01014500,1.01142000,1.01182800,1.01206700,1.01220900,1.01230000,1.01234600
5.108000,1.00687800,1.01014600,1.01142000,1.01182800,1.01206800,1.01221000,1.01230000,1.01234600
5.110000,1.00687800,1.01014600,1.01142000,1.01182800,1.01206800,1.01221000,1.01230100,1.01234700
5.112000,1.00687800,1.01014600,1.01142100,1.01182900,1.01206800,1.01221000,1.01230100,1.01234700
5.114000,1.00687900,1.01014600,1.01142100,1.01182900,1.01206900,1.01221100,1.01230100,1.01234700
5.115999,1.00687900,1.01014700,1.01142100,1.01182900,1.01206900,1.01221100,1.01230200,1.01234700
5.118000,1.00687900,1.01014700,1.01142200,1.01183000,1.01206900,1.01221100,1.01230200,1.01234800
5.119999,1.00687900,1.01014700,1.01142200,1.01183000,1.01207000,1.01221200,1.01230200,1.01234800
5.122000,1.00688000,1.01014800,1.01142200,1.01183000,1.01207000,1.01221200,1.01230300,1.01234900
5.124000,1.00688000,1.01014800,1.01142300,1.01183100,1.01207000,1.01221200,1.01230300,1.01234900
5.125999,1.00688000,1.01014800,1.01142300,1.01183100,1.01207100,1.01221300,1.01230300,1.01234900
5.128000,1.00688000,1.01014800,1.01142300,1.01183100,1.01207100,1.01221300,1.01230400,1.01234900
5.130000,1.00688000,1.01014900,1.01142400,1.01183200,1.01207100,1.01221300,1.01230400,1.01235000
5.132000,1.00688100,1.01014900,1.01142400,1.01183200,1.01207200,1.01221400,1.01230400,1.01235000
5.133999,1.00688100,1.01014900,1.01142400,1.01183200,1.01207200,1.01221400,1.01230500,1.01235100
5.136000,1.00688100,1.01015000,1.01142500,1.01183300,1.01207200,1.01221400,1.01230500,1.01235100
5.138000,1.00688100,1.01015000,1.01142500,1.01183300,1.01207300,1.01221500,1.01230500,1.01235100
5.139999,1.00688100,1.01015000,1.01142500,1.01183300,1.01207300,1.01221500,1.01230600,1.01235200
5.142000,1.00688200,1.01015100,1.01142500,1.01183400,1.01207300,1.01221500,1.01230600,1.01235200
5.144000,1.00688200,1.01015100,1.01142600,1.01183400,1.01207400,1.01221600,1.01230600,1.01235200
5.146000,1.00688200,1.01015100,1.01142600,1.01183400,1.01207400,1.01221600,1.01230700,1.01235200
5.148000,1.00688200,1.01015100,1.01142600,1.01183500,1.01207400,1.01221600,1.01230700,1.01235300
5.150000,1.00688200,1.01015200,1.01142700,1.01183500,1.01207500,1.01221700,1.01230700,1.01235300
5.151999,1.00688300,1.01015200,1.01142700,1.01183500,1.01207500,1.01221700,1.01230800,1.01235400
5.153999,1.00688300,1.01015200,1.01142700,1.01183600,1.01207500,1.01221700,1.01230800,1.01235400
5.156000,1.00688300,1.01015300,1.01142800,1.01183600,1.01207600,1.01221800,1.01230800,1.01235400
5.158000,1.00688300,1.01015300,1.01142800,1.01183600,1.01207600,1.01221800,1.01230900,1.01235400
5.159999,1.00688400,1.01015300,1.01142800,1.01183700,1.01207600,1.01221800,1.01230900,1.01235500
5.162000,1.00688400,1.01015300,1.01142900,1.01183700,1.01207600,1.01221900,1.01230900,1.01235500
5.164000,1.00688400,1.01015400,1.01142900,1.01183700,1.01207700,1.01221900,1.01231000,1.01235600
5.166000,1.00688400,1.01015400,1.01142900,1.01183700,1.01207700,1.01221900,1.01231000,1.01235600
5.168000,1.00688400,1.01015400,1.01143000,1.01183800,1.01207800,1.01222000,1.01231000,1.01235600
5.170000,1.00688500,1.01015500,1.01143000,1.01183800,1.01207800,1.01222000,1.01231100,1.01235700
5.171999,1.00688500,1.01015500,1.01143000,1.01183900,1.01207800,1.01222000,1.01231100,1.01235700
5.173999,1.00688500,1.01015500,1.01143100,1.01183900,1.01207900,1.01222100,1.01231100,1.01235700
5.176000,1.00688500,1.01015500,1.01143100,1.01183900,1.01207900,1.01222100,1.01231200,1.01235800
5.177999,1.00688500,1.01015600,1.01143100,1.01184000,1.01207900,1.01222100,1.01231200,1.01235800
5.180000,1.00688600,1.01015600,1.01143200,1.01184000,1.01207900,1.01222200,1.01231200,1.01235800
5.182000,1.00688600,1.01015600,1.01143200,1.01184000,1.01208000,1.01222200,1.01231300,1.01235900
5.184000,1.00688600,1.01015700,1.01143200,1.01184000,1.01208000,1.01222200,1.01231300,1.01235900
5.186000,1.00688600,1.01015700,1.01143300,1.01184100,1.01208100,1.01222300,1.01231300,1.01235900
5.188000,1.00688600,1.01015700,1.01143300,1.01184100,1.01208100,1.01222300,1.01231400,1.01235900
5.190000,1.00688700,1.01015800,1.01143300,1.01184200,1.01208100,1.01222300,1.01231400,1.01236000
5.191999,1.00688700,1.01015800,1.01143300,1.01184200,1.01208200,1.01222400,1.01231400,1.01236000
5.193999,1.00688700,1.01015800,1.01143400,1.01184200,1.01208200,1.01222400,1.01231500,1.01236100
5.196000,1.00688700,1.01015800,1.01143400,1.01184200,1.01208200,1.01222400,1.01231500,1.01236100
5.197999,1.00688800,1.01015900,1.01143400,1.01184300,1.01208200,1.01222500,1.01231500,1.01236100
5.200000,1.00688800,1.01015900,1.01143500,1.01184300,1.01208300,1.01222500,1.01231600,1.01236200
5.202000,1.00688800,1.01015900,1.01143500,1.01184300,1.01208300,1.01222500,1.01231600,1.01236200
5.204000,1.00688800,1.01016000,1.01143500,1.01184400,1.01208400,1.01222600,1.01231600,1.01236200
5.206000,1.00688800,1.01016000,1.01143600,1.01184400,1.01208400,1.01222600,1.01231700,1.01236300
5.208000,1.00688900,1.01016000,1.01143600,1.01184400,1.01208400,1.01222600,1.01231700,1.01236300
5.210000,1.00688900,1.01016000,1.01143600,1.01184500,1.01208400,1.01222700,1.01231700,1.01236300
5.211999,1.00688900,1.01016100,1.01143700,1.01184500,1.01208500,1.01222700,1.01231800,1.01236400
5.214000,1.00688900,1.01016100,1.01143700,1.01184500,1.01208500,1.01222700,1.01231800,1.01236400
5.216000,1.00688900,1.01016100,1.01143700,1.01184600,1.01208500,1.01222800,1.01231800,1.01236400
5.217999,1.00689000,1.01016200,1.01143800,1.01184600,1.01208600,1.01222800,1.01231900,1.01236500
5.220000,1.00689000,1.01016200,1.01143800,1.01184600,1.01208600,1.01222800,1.01231900,1.01236500
5.222000,1.00689000,1.01016200,1.01143800,1.01184700,1.01208700,1.01222900,1.01231900,1.01236500
5.224000,1.00689000,1.01016200,1.01143900,1.01184700,1.01208700,1.01222900,1.01232000,1.01236600
5.226000,1.00689100,1.01016300,1.01143900,1.01184700,1.01208700,1.01222900,1.01232000,1.01236600
5.228000,1.00689100,1.01016300,1.01143900,1.01184800,1.01208700,1.01223000,1.01232000,1.01236600
5.230000,1.00689100,1.01016300,1.01144000,1.01184800,1.01208800,1.01223000,1.01232100,1.01236700
5.231999,1.00689100,1.01016400,1.01144000,1.01184800,1.01208800,1.01223000,1.01232100,1.01236700
5.234000,1.00689100,1.01016400,1.01144000,1.01184900,1.01208900,1.01223100,1.01232100,1.01236700
5.236000,1.00689200,1.01016400,1.01144100,1.01184900,1.01208900,1.01223100,1.01232200,1.01236800
5.237999,1.00689200,1.01016500,1.01144100,1.01184900,1.01208900,1.01223100,1.01232200,1.01236800
5.240000,1.00689200,1.01016500,1.01144100,1.01185000,1.01208900,1.01223200,1.01232200,1.01236800
5.242000,1.00689200,1.01016500,1.01144200,1.01185000,1.01209000,1.01223200,1.01232300,1.01236900
5.244000,1.00689200,1.01016500,1.01144200,1.01185000,1.01209000,1.01223200,1.01232300,1.01236900
5.245999,1.00689300,1.01016600,1.01144200,1.01185100,1.01209000,1.01223300,1.01232300,1.01236900
5.248000,1.00689300,1.01016600,1.01144300,1.01185100,1.01209100,1.01223300,1.01232400,1.01237000
5.250000,1.00689300,1.01016600,1.01144300,1.01185100,1.01209100,1.01223300,1.01232400,1.01237000
5.251999,1.00689300,1.01016700,1.01144300,1.01185200,1.01209200,1.01223400,1.01232400,1.01237000
5.254000,1.00689400,1.01016700,1.01144300,1.01185200,1.01209200,1.01223400,1.01232500,1.01237100
5.256000,1.00689400,1.01016700,1.01144400,1.01185200,1.01209200,1.01223400,1.01232500,1.01237100
5.258000,1.00689400,1.01016700,1.01144400,1.01185300,1.01209200,1.01223500,1.01232500,1.01237100
5.260000,1.00689400,1.01016800,1.01144400,1.01185300,1.01209300,1.01223500,1.01232600,1.01237200
5.262000,1.00689400,1.01016800,1.01144500,1.01185300,1.01209300,1.01223500,1.01232600,1.01237200
5.263999,1.00689400,1.01016800,1.01144500,1.01185400,1.01209300,1.01223600,1.01232600,1.01237200
5.265999,1.00689500,1.01016900,1.01144500,1.01185400,1.01209400,1.01223600,1.01232700,1.01237300
5.268000,1.00689500,1.01016900,1.01144600,1.01185400,1.01209400,1.01223600,1.01232700,1.01237300
5.270000,1.00689500,1.01016900,1.01144600,1.01185500,1.01209400,1.01223700,1.01232700,1.01237300
5.271999,1.00689500,1.01017000,1.01144600,1.01185500,1.01209500,1.01223700,1.01232800,1.01237400
5.274000,1.00689600,1.01017000,1.01144700,1.01185500,1.01209500,1.01223700,1.01232800,1.01237400
5.276000,1.00689600,1.01017000,1.01144700,1.01185600,1.01209500,1.01223800,1.01232800,1.01237400
5.278000,1.00689600,1.01017000,1.01144700,1.01185600,1.01209600,1.01223800,1.01232900,1.01237500
5.280000,1.00689600,1.01017100,1.01144800,1.01185600,1.01209600,1.01223800,1.01232900,1.01237500
5.282000,1.00689600,1.01017100,1.01144800,1.01185700,1.01209600,1.01223900,1.01232900,1.01237500
5.283999,1.00689700,1.01017100,1.01144800,1.01185700,1.01209700,1.01223900,1.01233000,1.01237600
5.285999,1.00689700,1.01017200,1.01144900,1.01185700,1.01209700,1.01223900,1.01233000,1.01237600
5.288000,1.00689700,1.01017200,1.01144900,1.01185800,1.01209700,1.01224000,1.01233000,1.01237600
5.289999,1.00689700,1.01017200,1.01144900,1.01185800,1.01209800,1.01224000,1.01233100,1.01237700
5.292000,1.00689700,1.01017200,1.01145000,1.01185800,1.01209800,1.01224000,1.01233100,1.01237700
5.294000,1.00689800,1.01017300,1.01145000,1.01185900,1.01209800,1.01224100,1.01233100,1.01237700
5.296000,1.00689800,1.01017300,1.01145000,1.01185900,1.01209900,1.01224100,1.01233200,1.01237800
5.298000,1.00689800,1.01017300,1.01145100,1.01185900,1.01209900,1.01224100,1.01233200,1.01237800
5.300000,1.00689800,1.01017400,1.01145100,1.01186000,1.01210000,1.01224200,1.01233200,1.01237800
5.302000,1.00689900,1.01017400,1.01145100,1.01186000,1.01210000,1.01224200,1.01233300,1.01237900
5.303999,1.00689900,1.01017400,1.01145100,1.01186000,1.01210000,1.01224200,1.01233300,1.01237900
5.305999,1.00689900,1.01017500,1.01145200,1.01186100,1.01210000,1.01224300,1.01233300,1.01237900
5.308000,1.00689900,1.01017500,1.01145200,1.01186100,1.01210100,1.01224300,1.01233400,1.01238000
5.309999,1.00689900,1.01017500,1.01145200,1.01186100,1.01210100,1.01224300,1.01233400,1.01238000
5.312000,1.00690000,1.01017500,1.01145300,1.01186200,1.01210100,1.01224400,1.01233400,1.01238000
5.314000,1.00690000,1.01017600,1.01145300,1.01186200,1.01210200,1.01224400,1.01233500,1.01238100
5.316000,1.00690000,1.01017600,1.01145300,1.01186200,1.01210200,1.01224400,1.01233500,1.01238100
5.318000,1.00690000,1.01017600,1.01145400,1.01186300,1.01210200,1.01224500,1.01233500,1.01238100
5.320000,1.00690000,1.01017700,1.01145400,1.01186300,1.01210300,1.01224500,1.01233600,1.01238200
5.322000,1.00690100,1.01017700,1.01145400,1.01186300,1.01210300,1.01224500,1.01233600,1.01238200
5.323999,1.00690100,1.01017700,1.01145500,1.01186300,1.01210300,1.01224600,1.01233600,1.01238200
5.326000,1.00690100,1.01017700,1.01145500,1.01186400,1.01210400,1.01224600,1.01233700,1.01238300
5.328000,1.00690100,1.01017800,1.01145500,1.01186400,1.01210400,1.01224600,1.01233700,1.01238300
5.329999,1.00690200,1.01017800,1.01145600,1.01186500,1.01210500,1.01224700,1.01233700,1.01238300
5.332000,1.00690200,1.01017800,1.01145600,1.01186500,1.01210500,1.01224700,1.01233800,1.01238400
5.334000,1.00690200,1.01017900,1.01145600,1.01186500,1.01210500,1.01224700,1.01233800,1.01238400
5.336000,1.00690200,1.01017900,1.01145700,1.01186500,1.01210500,1.01224800,1.01233800,1.01238400
5.338000,1.00690200,1.01017900,1.01145700,1.01186600,1.01210600,1.01224800,1.01233900,1.01238500
5.340000,1.00690300,1.01018000,1.01145700,1.01186600,1.01210600,1.01224800,1.01233900,1.01238500
5.342000,1.00690300,1.01018000,1.01145800,1.01186600,1.01210600,1.01224900,1.01233900,1.01238500
5.343999,1.00690300,1.01018000,1.01145800,1.01186700,1.01210700,1.01224900,1.01234000,1.01238600
5.346000,1.00690300,1.01018000,1.01145800,1.01186700,1.01210700,1.01224900,1.01234000,1.01238600
5.348000,1.00690300,1.01018100,1.01145900,1.01186800,1.01210700,1.01225000,1.01234000,1.01238600
5.349999,1.00690400,1.01018100,1.01145900,1.01186800,1.01210800,1.01225000,1.01234100,1.01238700
5.352000,1.00690400,1.01018100,1.01145900,1.01186800,1.01210800,1.01225000,1.01234100,1.01238700
5.354000,1.00690400,1.01018200,1.01146000,1.01186800,1.01210800,1.01225100,1.01234100,1.01238700
5.356000,1.00690400,1.01018200,1.01146000,1.01186900,1.01210900,1.01225100,1.01234200,1.01238800
5.358000,1.00690400,1.01018200,1.01146000,1.01186900,1.01210900,1.01225100,1.01234200,1.01238800
5.360000,1.00690500,1.01018200,1.01146100,1.01186900,1.01210900,1.01225200,1.01234200,1.01238800
5.362000,1.00690500,1.01018300,1.01146100,1.01187000,1.01211000,1.01225200,1.01234300,1.01238900
5.363999,1.00690500,1.01018300,1.01146100,1.01187000,1.01211000,1.01225200,1.01234300,1.01238900
5.366000,1.00690500,1.01018300,1.01146100,1.01187000,1.01211000,1.01225300,1.01234400,1.01238900
5.368000,1.00690600,1.01018400,1.01146200,1.01187100,1.01211100,1.01225300,1.01234400,1.01239000
5.370000,1.00690600,1.01018400,1.01146200,1.01187100,1.01211100,1.01225300,1.01234400,1.01239000
5.372000,1.00690600,1.01018400,1.01146200,1.01187100,1.01211100,1.01225400,1.01234400,1.01239000
5.374000,1.00690600,1.01018500,1.01146300,1.01187200,1.01211200,1.01225400,1.01234500,1.01239100
5.375999,1.00690600,1.01018500,1.01146300,1.01187200,1.01211200,1.01225400,1.01234500,1.01239100
5.377999,1.00690700,1.01018500,1.01146300,1.01187200,1.01211200,1.01225500,1.01234600,1.01239100
5.380000,1.00690700,1.01018500,1.01146400,1.01187300,1.01211300,1.01225500,1.01234600,1.01239200
5.381999,1.00690700,1.01018600,1.01146400,1.01187300,1.01211300,1.01225500,1.01234600,1.01239200
5.383999,1.00690700,1.01018600,1.01146400,1.01187300,1.01211300,1.01225600,1.01234700,1.01239300
5.386000,1.00690700,1.01018600,1.01146500,1.01187400,1.01211400,1.01225600,1.01234700,1.01239300
5.388000,1.00690800,1.01018700,1.01146500,1.01187400,1.01211400,1.01225600,1.01234700,1.01239300
5.390000,1.00690800,1.01018700,1.01146500,1.01187400,1.01211400,1.01225700,1.01234800,1.01239300
5.392000,1.00690800,1.01018700,1.01146600,1.01187500,1.01211500,1.01225700,1.01234800,1.01239400
5.394000,1.00690800,1.01018800,1.01146600,1.01187500,1.01211500,1.01225700,1.01234800,1.01239400
5.395999,1.00690900,1.01018800,1.01146600,1.01187500,1.01211500,1.01225800,1.01234900,1.01239500
5.397999,1.00690900,1.01018800,1.01146700,1.01187600,1.01211600,1.01225800,1.01234900,1.01239500
5.400000,1.00690900,1.01018800,1.01146700,1.01187600,1.01211600,1.01225800,1.01234900,1.01239500
5.401999,1.00690900,1.01018900,1.01146700,1.01187600,1.01211600,1.01225900,1.01235000,1.01239600
5.404000,1.00690900,1.01018900,1.01146800,1.01187700,1.01211700,1.01225900,1.01235000,1.01239600
5.406000,1.00691000,1.01018900,1.01146800,1.01187700,1.01211700,1.01225900,1.01235000,1.01239600
5.408000,1.00691000,1.01019000,1.01146800,1.01187700,1.01211800,1.01226000,1.01235100,1.01239700
5.410000,1.00691000,1.01019000,1.01146900,1.01187800,1.01211800,1.01226000,1.01235100,1.01239700
5.412000,1.00691000,1.01019000,1.01146900,1.01187800,1.01211800,1.01226000,1.01235100,1.01239700
5.414000,1.00691000,1.01019000,1.01146900,1.01187800,1.01211800,1.01226100,1.01235200,1.01239800
5.415999,1.00691100,1.01019100,1.01147000,1.01187900,1.01211900,1.01226100,1.01235200,1.01239800
5.417999,1.00691100,1.01019100,1.01147000,1.01187900,1.01211900,1.01226100,1.01235200,1.01239800
5.420000,1.00691100,1.01019100,1.01147000,1.01187900,1.01211900,1.01226200,1.01235300,1.01239800
5.421999,1.00691100,1.01019200,1.01147100,1.01188000,1.01212000,1.01226200,1.01235300,1.01239900
5.424000,1.00691200,1.01019200,1.01147100,1.01188000,1.01212000,1.01226200,1.01235300,1.01239900
5.426000,1.00691200,1.01019200,1.01147100,1.01188000,1.01212000,1.01226300,1.01235400,1.01240000
5.427999,1.00691200,1.01019300,1.01147200,1.01188100,1.01212100,1.01226300,1.01235400,1.01240000
5.430000,1.00691200,1.01019300,1.01147200,1.01188100,1.01212100,1.01226300,1.01235400,1.01240000
5.432000,1.00691200,1.01019300,1.01147200,1.01188100,1.01212100,1.01226400,1.01235500,1.01240100
5.434000,1.00691300,1.01019300,1.01147200,1.01188200,1.01212200,1.01226400,1.01235500,1.01240100
5.435999,1.00691300,1.01019400,1.01147300,1.01188200,1.01212200,1.01226400,1.01235500,1.01240100
5.438000,1.00691300,1.01019400,1.01147300,1.01188200,1.01212300,1.01226500,1.01235600,1.01240200
5.440000,1.00691300,1.01019400,1.01147300,1.01188300,1.01212300,1.01226500,1.01235600,1.01240200
5.441999,1.00691300,1.01019500,1.01147400,1.01188300,1.01212300,1.01226500,1.01235600,1.01240200
5.444000,1.00691400,1.01019500,1.01147400,1.01188300,1.01212300,1.01226600,1.01235700,1.01240300
5.446000,1.00691400,1.01019500,1.01147400,1.01188400,1.01212400,1.01226600,1.01235700,1.01240300
5.448000,1.00691400,1.01019500,1.01147500,1.01188400,1.01212400,1.01226700,1.01235700,1.01240300
5.450000,1.00691400,1.01019600,1.01147500,1.01188400,1.01212400,1.01226700,1.01235800,1.01240400
5.452000,1.00691400,1.01019600,1.01147500,1.01188500,1.01212500,1.01226700,1.01235800,1.01240400
5.454000,1.00691500,1.01019600,1.01147600,1.01188500,1.01212500,1.01226700,1.01235800,1.01240400
5.455999,1.00691500,1.01019700,1.01147600,1.01188500,1.01212500,1.01226800,1.01235900,1.01240500
5.458000,1.00691500,1.01019700,1.01147600,1.01188600,1.01212600,1.01226800,1.01235900,1.01240500
5.460000,1.00691500,1.01019700,1.01147700,1.01188600,1.01212600,1.01226800,1.01235900,1.01240500
5.461999,1.00691600,1.01019800,1.01147700,1.01188600,1.01212600,1.01226900,1.01236000,1.01240600
5.464000,1.00691600,1.01019800,1.01147700,1.01188700,1.01212700,1.01226900,1.01236000,1.01240600
5.466000,1.00691600,1.01019800,1.01147800,1.01188700,1.01212700,1.01226900,1.01236000,1.01240600
5.468000,1.00691600,1.01019800,1.01147800,1.01188700,1.01212800,1.01227000,1.01236100,1.01240700
5.470000,1.00691600,1.01019900,1.01147800,1.01188800,1.01212800,1.01227000,1.01236100,1.01240700
5.472000,1.00691700,1.01019900,1.01147900,1.01188800,1.01212800,1.01227000,1.01236100,1.01240700
5.474000,1.00691700,1.01019900,1.01147900,1.01188800,1.01212800,1.01227100,1.01236200,1.01240800
5.475999,1.00691700,1.01020000,1.01147900,1.01188900,1.01212900,1.01227100,1.01236200,1.01240800
5.478000,1.00691700,1.01020000,1.01148000,1.01188900,1.01212900,1.01227200,1.01236200,1.01240800
5.480000,1.00691700,1.01020000,1.01148000,1.01188900,1.01213000,1.01227200,1.01236300,1.01240900
5.482000,1.00691800,1.01020100,1.01148000,1.01189000,1.01213000,1.01227200,1.01236300,1.01240900
5.484000,1.00691800,1.01020100,1.01148100,1.01189000,1.01213000,1.01227200,1.01236300,1.01240900
5.486000,1.00691800,1.01020100,1.01148100,1.01189000,1.01213000,1.01227300,1.01236400,1.01241000
5.488000,1.00691800,1.01020100,1.01148100,1.01189100,1.01213100,1.01227300,1.01236400,1.01241000
5.489999,1.00691800,1.01020200,1.01148200,1.01189100,1.01213100,1.01227400,1.01236400,1.01241000
5.492000,1.00691900,1.01020200,1.01148200,1.01189100,1.01213100,1.01227400,1.01236500,1.01241100
5.493999,1.00691900,1.01020200,1.01148200,1.01189200,1.01213200,1.01227400,1.01236500,1.01241100
5.495999,1.00691900,1.01020300,1.01148200,1.01189200,1.01213200,1.01227500,1.01236500,1.01241100
5.498000,1.00691900,1.01020300,1.01148300,1.01189200,1.01213300,1.01227500,1.01236600,1.01241200
5.500000,1.00692000,1.01020300,1.01148300,1.01189300,1.01213300,1.01227500,1.01236600,1.01241200
5.502000,1.00692000,1.01020300,1.01148300,1.01189300,1.01213300,1.01227600,1.01236600,1.01241200
5.504000,1.00692000,1.01020400,1.01148400,1.01189300,1.01213300,1.01227600,1.01236700,1.01241300
5.506000,1.00692000,1.01020400,1.01148400,1.01189400,1.01213400,1.01227600,1.01236700,1.01241300
5.507999,1.00692000,1.01020400,1.01148500,1.01189400,1.01213400,1.01227700,1.01236700,1.01241300
5.509999,1.00692100,1.01020500,1.01148500,1.01189400,1.01213500,1.01227700,1.01236800,1.01241400
5.512000,1.00692100,1.01020500,1.01148500,1.01189500,1.01213500,1.01227700,1.01236800,1.01241400
5.513999,1.00692100,1.01020500,1.01148500,1.01189500,1.01213500,1.01227800,1.01236800,1.01241400
5.516000,1.00692100,1.01020600,1.01148600,1.01189500,1.01213600,1.01227800,1.01236900,1.01241500
5.518000,1.00692200,1.01020600,1.01148600,1.01189600,1.01213600,1.01227800,1.01236900,1.01241500
5.520000,1.00692200,1.01020600,1.01148600,1.01189600,1.01213600,1.01227900,1.01237000,1.01241500
5.522000,1.00692200,1.01020600,1.01148700,1.01189600,1.01213700,1.01227900,1.01237000,1.01241600
5.524000,1.00692200,1.01020700,1.01148700,1.01189700,1.01213700,1.01227900,1.01237000,1.01241600
5.526000,1.00692200,1.01020700,1.01148700,1.01189700,1.01213700,1.01228000,1.01237000,1.01241600
5.527999,1.00692200,1.01020700,1.01148800,1.01189700,1.01213800,1.01228000,1.01237100,1.01241700
5.529999,1.00692300,1.01020800,1.01148800,1.01189800,1.01213800,1.01228000,1.01237100,1.01241700
5.532000,1.00692300,1.01020800,1.01148800,1.01189800,1.01213800,1.01228100,1.01237200,1.01241700
5.533999,1.00692300,1.01020800,1.01148900,1.01189800,1.01213800,1.01228100,1.01237200,1.01241800
5.536000,1.00692300,1.01020900,1.01148900,1.01189900,1.01213900,1.01228100,1.01237200,1.01241800
5.538000,1.00692400,1.01020900,1.01148900,1.01189900,1.01213900,1.01228200,1.01237200,1.01241900
5.539999,1.00692400,1.01020900,1.01149000,1.01189900,1.01214000,1.01228200,1.01237300,1.01241900
5.542000,1.00692400,1.01020900,1.01149000,1.01190000,1.01214000,1.01228200,1.01237300,1.01241900
5.544000,1.00692400,1.01021000,1.01149000,1.01190000,1.01214000,1.01228300,1.01237400,1.01241900
5.546000,1.00692500,1.01021000,1.01149100,1.01190000,1.01214100,1.01228300,1.01237400,1.01242000
5.547999,1.00692500,1.01021000,1.01149100,1.01190100,1.01214100,1.01228300,1.01237400,1.01242000
5.550000,1.00692500,1.01021100,1.01149100,1.01190100,1.01214100,1.01228400,1.01237500,1.01242100
5.552000,1.00692500,1.01021100,1.01149200,1.01190100,1.01214200,1.01228400,1.01237500,1.01242100
5.553999,1.00692500,1.01021100,1.01149200,1.01190100,1.01214200,1.01228400,1.01237500,1.01242100
5.556000,1.00692600,1.01021100,1.01149200,1.01190200,1.01214200,1.01228500,1.01237600,1.01242100
5.558000,1.00692600,1.01021200,1.01149300,1.01190200,1.01214300,1.01228500,1.01237600,1.01242200
5.560000,1.00692600,1.01021200,1.01149300,1.01190300,1.01214300,1.01228500,1.01237600,1.01242200
5.562000,1.00692600,1.01021200,1.01149300,1.01190300,1.01214300,1.01228600,1.01237700,1.01242300
5.564000,1.00692600,1.01021300,1.01149400,1.01190300,1.01214400,1.01228600,1.01237700,1.01242300
5.566000,1.00692700,1.01021300,1.01149400,1.01190400,1.01214400,1.01228600,1.01237700,1.01242300
5.567999,1.00692700,1.01021300,1.01149400,1.01190400,1.01214400,1.01228700,1.01237800,1.01242400
5.570000,1.00692700,1.01021400,1.01149500,1.01190400,1.01214500,1.01228700,1.01237800,1.01242400
5.572000,1.00692700,1.01021400,1.01149500,1.01190400,1.01214500,1.01228700,1.01237800,1.01242400
5.573999,1.00692700,1.01021400,1.01149500,1.01190500,1.01214500,1.01228800,1.01237900,1.01242500
5.576000,1.00692800,1.01021400,1.01149500,1.01190500,1.01214600,1.01228800,1.01237900,1.01242500
5.578000,1.00692800,1.01021500,1.01149600,1.01190600,1.01214600,1.01228800,1.01237900,1.01242500
5.580000,1.00692800,1.01021500,1.01149600,1.01190600,1.01214600,1.01228900,1.01238000,1.01242600
5.582000,1.00692800,1.01021500,1.01149600,1.01190600,1.01214700,1.01228900,1.01238000,1.01242600
5.584000,1.00692900,1.01021600,1.01149700,1.01190700,1.01214700,1.01228900,1.01238000,1.01242600
5.585999,1.00692900,1.01021600,1.01149700,1.01190700,1.01214700,1.01229000,1.01238100,1.01242700
5.587999,1.00692900,1.01021600,1.01149700,1.01190700,1.01214800,1.01229000,1.01238100,1.01242700
5.590000,1.00692900,1.01021700,1.01149800,1.01190700,1.01214800,1.01229000,1.01238100,1.01242700
5.592000,1.00692900,1.01021700,1.01149800,1.01190800,1.01214800,1.01229100,1.01238200,1.01242800
5.594000,1.00693000,1.01021700,1.01149800,1.01190800,1.01214900,1.01229100,1.01238200,1.01242800
5.596000,1.00693000,1.01021700,1.01149900,1.01190900,1.01214900,1.01229100,1.01238200,1.01242800
5.598000,1.00693000,1.01021800,1.01149900,1.01190900,1.01214900,1.01229200,1.01238300,1.01242900
5.600000,1.00693000,1.01021800,1.01149900,1.01190900,1.01215000,1.01229200,1.01238300,1.01242900
5.601999,1.00693000,1.01021800,1.01150000,1.01190900,1.01215000,1.01229200,1.01238300,1.01242900
5.604000,1.00693100,1.01021900,1.01150000,1.01191000,1.01215000,1.01229300,1.01238400,1.01243000
5.605999,1.00693100,1.01021900,1.01150000,1.01191000,1.01215100,1.01229300,1.01238400,1.01243000
5.607999,1.00693100,1.01021900,1.01150100,1.01191000,1.01215100,1.01229300,1.01238400,1.01243000
5.610000,1.00693100,1.01022000,1.01150100,1.01191100,1.01215100,1.01229400,1.01238500,1.01243100
5.612000,1.00693200,1.01022000,1.01150100,1.01191100,1.01215200,1.01229400,1.01238500,1.01243100
5.614000,1.00693200,1.01022000,1.01150200,1.01191200,1.01215200,1.01229400,1.01238500,1.01243100
5.616000,1.00693200,1.01022000,1.01150200,1.01191200,1.01215200,1.01229500,1.01238600,1.01243200
5.618000,1.00693200,1.01022100,1.01150200,1.01191200,1.01215300,1.01229500,1.01238600,1.01243200
5.619999,1.00693200,1.01022100,1.01150300,1.01191200,1.01215300,1.01229500,1.01238600,1.01243200
5.621999,1.00693300,1.01022100,1.01150300,1.01191300,1.01215300,1.01229600,1.01238700,1.01243300
5.624000,1.00693300,1.01022200,1.01150300,1.01191300,1.01215400,1.01229600,1.01238700,1.01243300
5.625999,1.00693300,1.01022200,1.01150400,1.01191400,1.01215400,1.01229600,1.01238700,1.01243300
5.628000,1.00693300,1.01022200,1.01150400,1.01191400,1.01215400,1.01229700,1.01238800,1.01243400
5.630000,1.00693300,1.01022300,1.01150400,1.01191400,1.01215500,1.01229700,1.01238800,1.01243400
5.631999,1.00693400,1.01022300,1.01150500,1.01191400,1.01215500,1.01229800,1.01238800,1.01243400
5.634000,1.00693400,1.01022300,1.01150500,1.01191500,1.01215500,1.01229800,1.01238900,1.01243500
5.636000,1.00693400,1.01022300,1.01150500,1.01191500,1.01215600,1.01229800,1.01238900,1.01243500
5.638000,1.00693400,1.01022400,1.01150600,1.01191500,1.01215600,1.01229800,1.01238900,1.01243500
5.639999,1.00693500,1.01022400,1.01150600,1.01191600,1.01215600,1.01229900,1.01239000,1.01243600
5.641999,1.00693500,1.01022400,1.01150600,1.01191600,1.01215700,1.01229900,1.01239000,1.01243600
5.644000,1.00693500,1.01022500,1.01150700,1.01191700,1.01215700,1.01230000,1.01239000,1.01243600
5.645999,1.00693500,1.01022500,1.01150700,1.01191700,1.01215700,1.01230000,1.01239100,1.01243700
5.648000,1.00693500,1.01022500,1.01150700,1.01191700,1.01215800,1.01230000,1.01239100,1.01243700
5.650000,1.00693600,1.01022600,1.01150800,1.01191700,1.01215800,1.01230000,1.01239100,1.01243700
5.651999,1.00693600,1.01022600,1.01150800,1.01191800,1.01215800,1.01230100,1.01239200,1.01243800
5.654000,1.00693600,1.01022600,1.01150800,1.01191800,1.01215900,1.01230100,1.01239200,1.01243800
5.656000,1.00693600,1.01022600,1.01150800,1.01191800,1.01215900,1.01230200,1.01239300,1.01243800
5.658000,1.00693600,1.01022700,1.01150900,1.01191900,1.01215900,1.01230200,1.01239300,1.01243900
5.659999,1.00693700,1.01022700,1.01150900,1.01191900,1.01216000,1.01230200,1.01239300,1.01243900
5.662000,1.00693700,1.01022700,1.01150900,1.01191900,1.01216000,1.01230300,1.01239300,1.01243900
5.664000,1.00693700,1.01022800,1.01151000,1.01192000,1.01216000,1.01230300,1.01239400,1.01244000
5.665999,1.00693700,1.01022800,1.01151000,1.01192000,1.01216100,1.01230300,1.01239400,1.01244000
5.668000,1.00693800,1.01022800,1.01151000,1.01192000,1.01216100,1.01230400,1.01239500,1.01244100
5.670000,1.00693800,1.01022900,1.01151100,1.01192100,1.01216100,1.01230400,1.01239500,1.01244100
5.672000,1.00693800,1.01022900,1.01151100,1.01192100,1.01216200,1.01230400,1.01239500,1.01244100
5.674000,1.00693800,1.01022900,1.01151100,1.01192200,1.01216200,1.01230500,1.01239600,1.01244200
5.676000,1.00693800,1.01022900,1.01151200,1.01192200,1.01216200,1.01230500,1.01239600,1.01244200
5.677999,1.00693900,1.01023000,1.01151200,1.01192200,1.01216300,1.01230500,1.01239600,1.01244200
5.679999,1.00693900,1.01023000,1.01151200,1.01192200,1.01216300,1.01230600,1.01239700,1.01244300
5.682000,1.00693900,1.01023000,1.01151300,1.01192300,1.01216300,1.01230600,1.01239700,1.01244300
5.684000,1.00693900,1.01023100,1.01151300,1.01192300,1.01216400,1.01230600,1.01239700,1.01244300
5.685999,1.00693900,1.01023100,1.01151300,1.01192300,1.01216400,1.01230700,1.01239800,1.01244400
5.688000,1.00694000,1.01023100,1.01151400,1.01192400,1.01216400,1.01230700,1.01239800,1.01244400
5.690000,1.00694000,1.01023100,1.01151400,1.01192400,1.01216500,1.01230700,1.01239800,1.01244400
5.692000,1.00694000,1.01023200,1.01151400,1.01192500,1.01216500,1.01230800,1.01239900,1.01244500
5.694000,1.00694000,1.01023200,1.01151500,1.01192500,1.01216500,1.01230800,1.01239900,1.01244500
5.696000,1.00694000,1.01023200,1.01151500,1.01192500,1.01216600,1.01230800,1.01239900,1.01244500
5.697999,1.00694100,1.01023300,1.01151500,1.01192500,1.01216600,1.01230900,1.01240000,1.01244600
5.699999,1.00694100,1.01023300,1.01151600,1.01192600,1.01216600,1.01230900,1.01240000,1.01244600
5.702000,1.00694100,1.01023300,1.01151600,1.01192600,1.01216700,1.01230900,1.01240000,1.01244600
5.704000,1.00694100,1.01023400,1.01151600,1.01192600,1.01216700,1.01231000,1.01240100,1.01244700
5.706000,1.00694200,1.01023400,1.01151700,1.01192700,1.01216700,1.01231000,1.01240100,1.01244700
5.708000,1.00694200,1.01023400,1.01151700,1.01192700,1.01216800,1.01231000,1.01240100,1.01244700
5.710000,1.00694200,1.01023400,1.01151700,1.01192700,1.01216800,1.01231100,1.01240200,1.01244800
5.712000,1.00694200,1.01023500,1.01151800,1.01192800,1.01216800,1.01231100,1.01240200,1.01244800
5.713999,1.00694200,1.01023500,1.01151800,1.01192800,1.01216900,1.01231100,1.01240200,1.01244800
5.716000,1.00694300,1.01023500,1.01151800,1.01192800,1.01216900,1.01231200,1.01240300,1.01244900
5.717999,1.00694300,1.01023600,1.01151900,1.01192900,1.01216900,1.01231200,1.01240300,1.01244900
5.719999,1.00694300,1.01023600,1.01151900,1.01192900,1.01217000,1.01231200,1.01240300,1.01244900
5.722000,1.00694300,1.01023600,1.01151900,1.01193000,1.01217000,1.01231300,1.01240400,1.01245000
5.724000,1.00694300,1.01023700,1.01152000,1.01193000,1.01217000,1.01231300,1.01240400,1.01245000
5.726000,1.00694400,1.01023700,1.01152000,1.01193000,1.01217100,1.01231300,1.01240400,1.01245000
5.728000,1.00694400,1.01023700,1.01152000,1.01193000,1.01217100,1.01231400,1.01240500,1.01245100
5.730000,1.00694400,1.01023700,1.01152100,1.01193100,1.01217200,1.01231400,1.01240500,1.01245100
5.731999,1.00694400,1.01023800,1.01152100,1.01193100,1.01217200,1.01231400,1.01240500,1.01245100
5.733999,1.00694500,1.01023800,1.01152100,1.01193100,1.01217200,1.01231500,1.01240600,1.01245200
5.736000,1.00694500,1.01023800,1.01152100,1.01193200,1.01217200,1.01231500,1.01240600,1.01245200
5.737999,1.00694500,1.01023900,1.01152200,1.01193200,1.01217300,1.01231500,1.01240600,1.01245200
5.740000,1.00694500,1.01023900,1.01152200,1.01193200,1.01217300,1.01231600,1.01240700,1.01245300
5.742000,1.00694500,1.01023900,1.01152300,1.01193300,1.01217400,1.01231600,1.01240700,1.01245300
5.743999,1.00694600,1.01023900,1.01152300,1.01193300,1.01217400,1.01231600,1.01240700,1.01245300
5.746000,1.00694600,1.01024000,1.01152300,1.01193300,1.01217400,1.01231700,1.01240800,1.01245400
5.748000,1.00694600,1.01024000,1.01152300,1.01193400,1.01217400,1.01231700,1.01240800,1.01245400
5.750000,1.00694600,1.01024000,1.01152400,1.01193400,1.01217500,1.01231700,1.01240800,1.01245500
5.751999,1.00694600,1.01024100,1.01152400,1.01193500,1.01217500,1.01231800,1.01240900,1.01245500
5.753999,1.00694700,1.01024100,1.01152400,1.01193500,1.01217600,1.01231800,1.01240900,1.01245500
5.756000,1.00694700,1.01024100,1.01152500,1.01193500,1.01217600,1.01231800,1.01240900,1.01245500
5.757999,1.00694700,1.01024200,1.01152500,1.01193500,1.01217600,1.01231900,1.01241000,1.01245600
5.760000,1.00694700,1.01024200,1.01152500,1.01193600,1.01217700,1.01231900,1.01241000,1.01245600
5.762000,1.00694800,1.01024200,1.01152600,1.01193600,1.01217700,1.01231900,1.01241100,1.01245700
5.763999,1.00694800,1.01024200,1.01152600,1.01193600,1.01217700,1.01232000,1.01241100,1.01245700
5.766000,1.00694800,1.01024300,1.01152600,1.01193700,1.01217800,1.01232000,1.01241100,1.01245700
5.768000,1.00694800,1.01024300,1.01152700,1.01193700,1.01217800,1.01232100,1.01241100,1.01245700
5.770000,1.00694800,1.01024300,1.01152700,1.01193700,1.01217800,1.01232100,1.01241200,1.01245800
5.771999,1.00694900,1.01024400,1.01152700,1.01193800,1.01217900,1.01232100,1.01241200,1.01245800
5.774000,1.00694900,1.01024400,1.01152800,1.01193800,1.01217900,1.01232100,1.01241300,1.01245900
5.776000,1.00694900,1.01024400,1.01152800,1.01193800,1.01217900,1.01232200,1.01241300,1.01245900
5.777999,1.00694900,1.01024500,1.01152800,1.01193900,1.01218000,1.01232200,1.01241300,1.01245900
5.780000,1.00695000,1.01024500,1.01152900,1.01193900,1.01218000,1.01232300,1.01241400,1.01246000
5.782000,1.00695000,1.01024500,1.01152900,1.01194000,1.01218000,1.01232300,1.01241400,1.01246000
5.784000,1.00695000,1.01024500,1.01152900,1.01194000,1.01218100,1.01232300,1.01241400,1.01246000
5.786000,1.00695000,1.01024600,1.01153000,1.01194000,1.01218100,1.01232300,1.01241500,1.01246100
5.788000,1.00695000,1.01024600,1.01153000,1.01194000,1.01218100,1.01232400,1.01241500,1.01246100
5.789999,1.00695100,1.01024600,1.01153000,1.01194100,1.01218200,1.01232400,1.01241500,1.01246100
5.791999,1.00695100,1.01024700,1.01153100,1.01194100,1.01218200,1.01232500,1.01241600,1.01246200
5.794000,1.00695100,1.01024700,1.01153100,1.01194100,1.01218200,1.01232500,1.01241600,1.01246200
5.796000,1.00695100,1.01024700,1.01153100,1.01194200,1.01218300,1.01232500,1.01241600,1.01246200
5.797999,1.00695100,1.01024800,1.01153200,1.01194200,1.01218300,1.01232600,1.01241700,1.01246300
5.800000,1.00695200,1.01024800,1.01153200,1.01194300,1.01218300,1.01232600,1.01241700,1.01246300
5.802000,1.00695200,1.01024800,1.01153200,1.01194300,1.01218400,1.01232600,1.01241700,1.01246300
5.804000,1.00695200,1.01024800,1.01153300,1.01194300,1.01218400,1.01232700,1.01241800,1.01246400
5.806000,1.00695200,1.01024900,1.01153300,1.01194300,1.01218400,1.01232700,1.01241800,1.01246400
5.808000,1.00695300,1.01024900,1.01153300,1.01194400,1.01218500,1.01232700,1.01241800,1.01246400
5.809999,1.00695300,1.01024900,1.01153400,1.01194400,1.01218500,1.01232800,1.01241900,1.01246500
5.811999,1.00695300,1.01025000,1.01153400,1.01194500,1.01218500,1.01232800,1.01241900,1.01246500
5.814000,1.00695300,1.01025000,1.01153400,1.01194500,1.01218600,1.01232800,1.01241900,1.01246500
5.816000,1.00695300,1.01025000,1.01153500,1.01194500,1.01218600,1.01232900,1.01242000,1.01246600
5.818000,1.00695400,1.01025100,1.01153500,1.01194500,1.01218600,1.01232900,1.01242000,1.01246600
5.820000,1.00695400,1.01025100,1.01153500,1.01194600,1.01218700,1.01232900,1.01242000,1.01246600
5.822000,1.00695400,1.01025100,1.01153600,1.01194600,1.01218700,1.01233000,1.01242100,1.01246700
5.824000,1.00695400,1.01025100,1.01153600,1.01194600,1.01218700,1.01233000,1.01242100,1.01246700
5.825999,1.00695400,1.01025200,1.01153600,1.01194700,1.01218800,1.01233000,1.01242100,1.01246700
5.828000,1.00695500,1.01025200,1.01153600,1.01194700,1.01218800,1.01233100,1.01242200,1.01246800
5.829999,1.00695500,1.01025200,1.01153700,1.01194800,1.01218800,1.01233100,1.01242200,1.01246800
5.831999,1.00695500,1.01025300,1.01153700,1.01194800,1.01218900,1.01233100,1.01242200,1.01246800
5.834000,1.00695500,1.01025300,1.01153800,1.01194800,1.01218900,1.01233200,1.01242300,1.01246900
5.835999,1.00695600,1.01025300,1.01153800,1.01194800,1.01218900,1.01233200,1.01242300,1.01246900
5.838000,1.00695600,1.01025400,1.01153800,1.01194900,1.01219000,1.01233200,1.01242300,1.01246900
5.840000,1.00695600,1.01025400,1.01153900,1.01194900,1.01219000,1.01233300,1.01242400,1.01247000
5.842000,1.00695600,1.01025400,1.01153900,1.01195000,1.01219000,1.01233300,1.01242400,1.01247000
5.843999,1.00695600,1.01025400,1.01153900,1.01195000,1.01219100,1.01233300,1.01242400,1.01247000
5.845999,1.00695700,1.01025500,1.01153900,1.01195000,1.01219100,1.01233400,1.01242500,1.01247100
5.848000,1.00695700,1.01025500,1.01154000,1.01195000,1.01219100,1.01233400,1.01242500,1.01247100
5.849999,1.00695700,1.01025500,1.01154000,1.01195100,1.01219200,1.01233400,1.01242500,1.01247200
5.852000,1.00695700,1.01025600,1.01154000,1.01195100,1.01219200,1.01233500,1.01242600,1.01247200
5.854000,1.00695700,1.01025600,1.01154100,1.01195100,1.01219200,1.01233500,1.01242600,1.01247200
5.855999,1.00695800,1.01025600,1.01154100,1.01195200,1.01219300,1.01233500,1.01242600,1.01247300
5.858000,1.00695800,1.01025700,1.01154100,1.01195200,1.01219300,1.01233600,1.01242700,1.01247300
5.860000,1.00695800,1.01025700,1.01154200,1.01195300,1.01219300,1.01233600,1.01242700,1.01247300
5.862000,1.00695800,1.01025700,1.01154200,1.01195300,1.01219400,1.01233600,1.01242800,1.01247400
5.863999,1.00695800,1.01025700,1.01154200,1.01195300,1.01219400,1.01233700,1.01242800,1.01247400
5.865999,1.00695900,1.01025800,1.01154300,1.01195300,1.01219400,1.01233700,1.01242800,1.01247400
5.868000,1.00695900,1.01025800,1.01154300,1.01195400,1.01219500,1.01233700,1.01242900,1.01247500
5.869999,1.00695900,1.01025800,1.01154300,1.01195400,1.01219500,1.01233800,1.01242900,1.01247500
5.872000,1.00695900,1.01025900,1.01154400,1.01195500,1.01219500,1.01233800,1.01242900,1.01247500
5.874000,1.00696000,1.01025900,1.01154400,1.01195500,1.01219600,1.01233900,1.01243000,1.01247600
5.875999,1.00696000,1.01025900,1.01154400,1.01195500,1.01219600,1.01233900,1.01243000,1.01247600
5.878000,1.00696000,1.01026000,1.01154500,1.01195500,1.01219600,1.01233900,1.01243000,1.01247600
5.880000,1.00696000,1.01026000,1.01154500,1.01195600,1.01219700,1.01233900,1.01243100,1.01247700
5.881999,1.00696100,1.01026000,1.01154500,1.01195600,1.01219700,1.01234000,1.01243100,1.01247700
5.883999,1.00696100,1.01026000,1.01154600,1.01195700,1.01219700,1.01234000,1.01243100,1.01247700
5.886000,1.00696100,1.01026100,1.01154600,1.01195700,1.01219800,1.01234100,1.01243200,1.01247800
5.888000,1.00696100,1.01026100,1.01154600,1.01195700,1.01219800,1.01234100,1.01243200,1.01247800
5.889999,1.00696100,1.01026100,1.01154700,1.01195800,1.01219800,1.01234100,1.01243200,1.01247800
5.892000,1.00696200,1.01026200,1.01154700,1.01195800,1.01219900,1.01234100,1.01243300,1.01247900
5.894000,1.00696200,1.01026200,1.01154700,1.01195800,1.01219900,1.01234200,1.01243300,1.01247900
5.896000,1.00696200,1.01026200,1.01154800,1.01195800,1.01220000,1.01234200,1.01243300,1.01247900
5.898000,1.00696200,1.01026200,1.01154800,1.01195900,1.01220000,1.01234300,1.01243400,1.01248000
5.900000,1.00696200,1.01026300,1.01154800,1.01195900,1.01220000,1.01234300,1.01243400,1.01248000
5.901999,1.00696300,1.01026300,1.01154900,1.01196000,1.01220000,1.01234300,1.01243400,1.01248000
5.903999,1.00696300,1.01026300,1.01154900,1.01196000,1.01220100,1.01234400,1.01243500,1.01248100
5.906000,1.00696300,1.01026400,1.01154900,1.01196000,1.01220100,1.01234400,1.01243500,1.01248100
5.908000,1.00696300,1.01026400,1.01155000,1.01196100,1.01220200,1.01234400,1.01243500,1.01248100
5.909999,1.00696300,1.01026400,1.01155000,1.01196100,1.01220200,1.01234500,1.01243600,1.01248200
5.912000,1.00696400,1.01026500,1.01155000,1.01196100,1.01220200,1.01234500,1.01243600,1.01248200
5.914000,1.00696400,1.01026500,1.01155100,1.01196200,1.01220300,1.01234500,1.01243600,1.01248200
5.916000,1.00696400,1.01026500,1.01155100,1.01196200,1.01220300,1.01234600,1.01243700,1.01248300
5.918000,1.00696400,1.01026500,1.01155100,1.01196200,1.01220300,1.01234600,1.01243700,1.01248300
5.920000,1.00696500,1.01026600,1.01155200,1.01196300,1.01220400,1.01234600,1.01243700,1.01248300
5.921999,1.00696500,1.01026600,1.01155200,1.01196300,1.01220400,1.01234700,1.01243800,1.01248400
5.923999,1.00696500,1.01026600,1.01155200,1.01196300,1.01220400,1.01234700,1.01243800,1.01248400
5.926000,1.00696500,1.01026700,1.01155300,1.01196400,1.01220500,1.01234700,1.01243800,1.01248400
5.927999,1.00696500,1.01026700,1.01155300,1.01196400,1.01220500,1.01234800,1.01243900,1.01248500
5.930000,1.00696600,1.01026700,1.01155300,1.01196400,1.01220500,1.01234800,1.01243900,1.01248500
5.932000,1.00696600,1.01026800,1.01155400,1.01196500,1.01220600,1.01234800,1.01243900,1.01248600
5.934000,1.00696600,1.01026800,1.01155400,1.01196500,1.01220600,1.01234900,1.01244000,1.01248600
5.936000,1.00696600,1.01026800,1.01155400,1.01196500,1.01220600,1.01234900,1.01244000,1.01248600
5.938000,1.00696600,1.01026800,1.01155400,1.01196600,1.01220700,1.01234900,1.01244000,1.01248700
5.940000,1.00696700,1.01026900,1.01155500,1.01196600,1.01220700,1.01235000,1.01244100,1.01248700
5.941999,1.00696700,1.01026900,1.01155500,1.01196600,1.01220700,1.01235000,1.01244100,1.01248700
5.943999,1.00696700,1.01026900,1.01155600,1.01196700,1.01220800,1.01235000,1.01244200,1.01248800
5.946000,1.00696700,1.01027000,1.01155600,1.01196700,1.01220800,1.01235100,1.01244200,1.01248800
5.947999,1.00696800,1.01027000,1.01155600,1.01196700,1.01220800,1.01235100,1.01244200,1.01248800
5.950000,1.00696800,1.01027000,1.01155700,1.01196800,1.01220900,1.01235100,1.01244300,1.01248900
5.952000,1.00696800,1.01027100,1.01155700,1.01196800,1.01220900,1.01235200,1.01244300,1.01248900
5.954000,1.00696800,1.01027100,1.01155700,1.01196800,1.01220900,1.01235200,1.01244300,1.01248900
5.955999,1.00696800,1.01027100,1.01155700,1.01196900,1.01221000,1.01235200,1.01244400,1.01249000
5.957999,1.00696900,1.01027200,1.01155800,1.01196900,1.01221000,1.01235300,1.01244400,1.01249000
5.960000,1.00696900,1.01027200,1.01155800,1.01196900,1.01221000,1.01235300,1.01244400,1.01249000
5.961999,1.00696900,1.01027200,1.01155800,1.01197000,1.01221100,1.01235400,1.01244500,1.01249100
5.964000,1.00696900,1.01027200,1.01155900,1.01197000,1.01221100,1.01235400,1.01244500,1.01249100
5.966000,1.00697000,1.01027300,1.01155900,1.01197000,1.01221100,1.01235400,1.01244500,1.01249100
5.967999,1.00697000,1.01027300,1.01155900,1.01197100,1.01221200,1.01235400,1.01244600,1.01249200
5.970000,1.00697000,1.01027300,1.01156000,1.01197100,1.01221200,1.01235500,1.01244600,1.01249200
5.972000,1.00697000,1.01027400,1.01156000,1.01197100,1.01221200,1.01235500,1.01244600,1.01249200
5.974000,1.00697000,1.01027400,1.01156000,1.01197200,1.01221300,1.01235600,1.01244700,1.01249300
5.975999,1.00697100,1.01027400,1.01156100,1.01197200,1.01221300,1.01235600,1.01244700,1.01249300
5.977999,1.00697100,1.01027500,1.01156100,1.01197200,1.01221300,1.01235600,1.01244700,1.01249300
5.980000,1.00697100,1.01027500,1.01156100,1.01197300,1.01221400,1.01235700,1.01244800,1.01249400
5.981999,1.00697100,1.01027500,1.01156200,1.01197300,1.01221400,1.01235700,1.01244800,1.01249400
5.984000,1.00697100,1.01027500,1.01156200,1.01197300,1.01221400,1.01235700,1.01244800,1.01249400
5.986000,1.00697200,1.01027600,1.01156200,1.01197400,1.01221500,1.01235800,1.01244900,1.01249500
5.987999,1.00697200,1.01027600,1.01156300,1.01197400,1.01221500,1.01235800,1.01244900,1.01249500
5.990000,1.00697200,1.01027600,1.01156300,1.01197400,1.01221500,1.01235800,1.01244900,1.01249500
5.992000,1.00697200,1.01027700,1.01156300,1.01197500,1.01221600,1.01235900,1.01245000,1.01249600
5.993999,1.00697300,1.01027700,1.01156400,1.01197500,1.01221600,1.01235900,1.01245000,1.01249600
5.995999,1.00697300,1.01027700,1.01156400,1.01197500,1.01221600,1.01235900,1.01245000,1.01249600
5.998000,1.00697300,1.01027800,1.01156400,1.01197600,1.01221700,1.01236000,1.01245100,1.01249700
6.000000,1.00697300,1.01027800,1.01156500,1.01197600,1.01221700,1.01236000,1.01245100,1.01249700
6.001999,1.00697300,1.01027800,1.01156500,1.01197600,1.01221800,1.01236000,1.01245100,1.01249800
6.004000,1.00697400,1.01027800,1.01156500,1.01197700,1.01221800,1.01236100,1.01245200,1.01249800
6.006000,1.00697400,1.01027900,1.01156600,1.01197700,1.01221800,1.01236100,1.01245200,1.01249800
6.008000,1.00697400,1.01027900,1.01156600,1.01197700,1.01221800,1.01236100,1.01245200,1.01249800
6.010000,1.00697400,1.01027900,1.01156600,1.01197800,1.01221900,1.01236200,1.01245300,1.01249900
6.012000,1.00697400,1.01028000,1.01156700,1.01197800,1.01221900,1.01236200,1.01245300,1.01249900
6.013999,1.00697500,1.01028000,1.01156700,1.01197800,1.01222000,1.01236200,1.01245400,1.01250000
6.015999,1.00697500,1.01028000,1.01156700,1.01197900,1.01222000,1.01236300,1.01245400,1.01250000
6.018000,1.00697500,1.01028000,1.01156800,1.01197900,1.01222000,1.01236300,1.01245400,1.01250000
6.020000,1.00697500,1.01028100,1.01156800,1.01197900,1.01222100,1.01236300,1.01245500,1.01250100
6.021999,1.00697600,1.01028100,1.01156800,1.01198000,1.01222100,1.01236400,1.01245500,1.01250100
6.024000,1.00697600,1.01028100,1.01156900,1.01198000,1.01222100,1.01236400,1.01245500,1.01250100
6.026000,1.00697600,1.01028200,1.01156900,1.01198000,1.01222200,1.01236400,1.01245600,1.01250200
6.028000,1.00697600,1.01028200,1.01156900,1.01198100,1.01222200,1.01236500,1.01245600,1.01250200
6.030000,1.00697600,1.01028200,1.01157000,1.01198100,1.01222200,1.01236500,1.01245600,1.01250200
6.032000,1.00697700,1.01028300,1.01157000,1.01198100,1.01222300,1.01236500,1.01245700,1.01250300
6.033999,1.00697700,1.01028300,1.01157000,1.01198200,1.01222300,1.01236600,1.01245700,1.01250300
6.035999,1.00697700,1.01028300,1.01157100,1.01198200,1.01222300,1.01236600,1.01245700,1.01250300
6.038000,1.00697700,1.01028300,1.01157100,1.01198200,1.01222400,1.01236600,1.01245800,1.01250400
6.039999,1.00697800,1.01028400,1.01157100,1.01198300,1.01222400,1.01236700,1.01245800,1.01250400
6.042000,1.00697800,1.01028400,1.01157200,1.01198300,1.01222400,1.01236700,1.01245800,1.01250400
6.044000,1.00697800,1.01028400,1.01157200,1.01198300,1.01222500,1.01236700,1.01245900,1.01250500
6.046000,1.00697800,1.01028500,1.01157200,1.01198400,1.01222500,1.01236800,1.01245900,1.01250500
6.048000,1.00697800,1.01028500,1.01157300,1.01198400,1.01222500,1.01236800,1.01245900,1.01250500
6.050000,1.00697900,1.01028500,1.01157300,1.01198400,1.01222600,1.01236900,1.01246000,1.01250600
6.052000,1.00697900,1.01028600,1.01157300,1.01198500,1.01222600,1.01236900,1.01246000,1.01250600
6.053999,1.00697900,1.01028600,1.01157400,1.01198500,1.01222600,1.01236900,1.01246000,1.01250600
6.055999,1.00697900,1.01028600,1.01157400,1.01198500,1.01222700,1.01237000,1.01246100,1.01250700
6.058000,1.00697900,1.01028700,1.01157400,1.01198600,1.01222700,1.01237000,1.01246100,1.01250700
6.059999,1.00698000,1.01028700,1.01157500,1.01198600,1.01222700,1.01237000,1.01246100,1.01250700
6.062000,1.00698000,1.01028700,1.01157500,1.01198600,1.01222800,1.01237100,1.01246200,1.01250800
6.064000,1.00698000,1.01028700,1.01157500,1.01198700,1.01222800,1.01237100,1.01246200,1.01250800
6.066000,1.00698000,1.01028800,1.01157600,1.01198700,1.01222800,1.01237100,1.01246200,1.01250900
6.068000,1.00698100,1.01028800,1.01157600,1.01198700,1.01222900,1.01237200,1.01246300,1.01250900
6.069999,1.00698100,1.01028800,1.01157600,1.01198800,1.01222900,1.01237200,1.01246300,1.01250900
6.072000,1.00698100,1.01028900,1.01157700,1.01198800,1.01222900,1.01237200,1.01246300,1.01250900
6.073999,1.00698100,1.01028900,1.01157700,1.01198800,1.01223000,1.01237300,1.01246400,1.01251000
6.076000,1.00698100,1.01028900,1.01157700,1.01198900,1.01223000,1.01237300,1.01246400,1.01251000
6.078000,1.00698200,1.01029000,1.01157700,1.01198900,1.01223000,1.01237300,1.01246500,1.01251100
6.079999,1.00698200,1.01029000,1.01157800,1.01198900,1.01223100,1.01237400,1.01246500,1.01251100
6.082000,1.00698200,1.01029000,1.01157800,1.01199000,1.01223100,1.01237400,1.01246500,1.01251100
6.084000,1.00698200,1.01029100,1.01157900,1.01199000,1.01223100,1.01237400,1.01246500,1.01251200
6.085999,1.00698300,1.01029100,1.01157900,1.01199000,1.01223200,1.01237500,1.01246600,1.01251200
6.087999,1.00698300,1.01029100,1.01157900,1.01199100,1.01223200,1.01237500,1.01246600,1.01251200
6.089999,1.00698300,1.01029100,1.01158000,1.01199100,1.01223200,1.01237500,1.01246700,1.01251300
6.092000,1.00698300,1.01029200,1.01158000,1.01199200,1.01223300,1.01237600,1.01246700,1.01251300
6.093999,1.00698300,1.01029200,1.01158000,1.01199200,1.01223300,1.01237600,1.01246700,1.01251300
6.096000,1.00698400,1.01029200,1.01158000,1.01199200,1.01223300,1.01237600,1.01246800,1.01251400
6.098000,1.00698400,1.01029300,1.01158100,1.01199200,1.01223400,1.01237700,1.01246800,1.01251400
6.099999,1.00698400,1.01029300,1.01158100,1.01199300,1.01223400,1.01237700,1.01246800,1.01251400
6.102000,1.00698400,1.01029300,1.01158200,1.01199300,1.01223400,1.01237700,1.01246900,1.01251500
6.104000,1.00698400,1.01029300,1.01158200,1.01199400,1.01223500,1.01237800,1.01246900,1.01251500
6.105999,1.00698500,1.01029400,1.01158200,1.01199400,1.01223500,1.01237800,1.01246900,1.01251500
6.107999,1.00698500,1.01029400,1.01158200,1.01199400,1.01223600,1.01237800,1.01247000,1.01251600
6.110000,1.00698500,1.01029400,1.01158300,1.01199400,1.01223600,1.01237900,1.01247000,1.01251600
6.112000,1.00698500,1.01029500,1.01158300,1.01199500,1.01223600,1.01237900,1.01247000,1.01251600
6.113999,1.00698600,1.01029500,1.01158300,1.01199500,1.01223600,1.01237900,1.01247100,1.01251700
6.116000,1.00698600,1.01029500,1.01158400,1.01199600,1.01223700,1.01238000,1.01247100,1.01251700
6.118000,1.00698600,1.01029600,1.01158400,1.01199600,1.01223700,1.01238000,1.01247100,1.01251700
6.120000,1.00698600,1.01029600,1.01158400,1.01199600,1.01223800,1.01238000,1.01247200,1.01251800
6.122000,1.00698600,1.01029600,1.01158500,1.01199700,1.01223800,1.01238100,1.01247200,1.01251800
6.124000,1.00698700,1.01029600,1.01158500,1.01199700,1.01223800,1.01238100,1.01247200,1.01251800
6.125999,1.00698700,1.01029700,1.01158500,1.01199700,1.01223900,1.01238200,1.01247300,1.01251900
6.127999,1.00698700,1.01029700,1.01158600,1.01199700,1.01223900,1.01238200,1.01247300,1.01251900
6.130000,1.00698700,1.01029700,1.01158600,1.01199800,1.01223900,1.01238200,1.01247300,1.01251900
6.131999,1.00698800,1.01029800,1.01158600,1.01199800,1.01224000,1.01238300,1.01247400,1.01252000
6.133999,1.00698800,1.01029800,1.01158700,1.01199900,1.01224000,1.01238300,1.01247400,1.01252000
6.136000,1.00698800,1.01029800,1.01158700,1.01199900,1.01224000,1.01238300,1.01247400,1.01252100
6.138000,1.00698800,1.01029900,1.01158700,1.01199900,1.01224100,1.01238400,1.01247500,1.01252100
6.140000,1.00698800,1.01029900,1.01158800,1.01199900,1.01224100,1.01238400,1.01247500,1.01252100
6.142000,1.00698900,1.01029900,1.01158800,1.01200000,1.01224100,1.01238400,1.01247500,1.01252200
6.144000,1.00698900,1.01029900,1.01158800,1.01200000,1.01224200,1.01238500,1.01247600,1.01252200
6.145999,1.00698900,1.01030000,1.01158900,1.01200100,1.01224200,1.01238500,1.01247600,1.01252200
6.147999,1.00698900,1.01030000,1.01158900,1.01200100,1.01224200,1.01238500,1.01247600,1.01252300
6.150000,1.00698900,1.01030000,1.01158900,1.01200100,1.01224300,1.01238600,1.01247700,1.01252300
6.151999,1.00699000,1.01030100,1.01159000,1.01200200,1.01224300,1.01238600,1.01247700,1.01252300
6.154000,1.00699000,1.01030100,1.01159000,1.01200200,1.01224300,1.01238600,1.01247800,1.01252400
6.156000,1.00699000,1.01030100,1.01159000,1.01200200,1.01224400,1.01238700,1.01247800,1.01252400
6.158000,1.00699000,1.01030200,1.01159100,1.01200300,1.01224400,1.01238700,1.01247800,1.01252400
6.160000,1.00699100,1.01030200,1.01159100,1.01200300,1.01224400,1.01238700,1.01247900,1.01252500
6.162000,1.00699100,1.01030200,1.01159100,1.01200300,1.01224500,1.01238800,1.01247900,1.01252500
6.164000,1.00699100,1.01030300,1.01159200,1.01200400,1.01224500,1.01238800,1.01247900,1.01252500
6.165999,1.00699100,1.01030300,1.01159200,1.01200400,1.01224500,1.01238800,1.01248000,1.01252600
6.167999,1.00699100,1.01030300,1.01159200,1.01200400,1.01224600,1.01238900,1.01248000,1.01252600
6.170000,1.00699200,1.01030300,1.01159300,1.01200500,1.01224600,1.01238900,1.01248000,1.01252600
6.171999,1.00699200,1.01030400,1.01159300,1.01200500,1.01224600,1.01238900,1.01248100,1.01252700
6.174000,1.00699200,1.01030400,1.01159300,1.01200500,1.01224700,1.01239000,1.01248100,1.01252700
6.176000,1.00699200,1.01030400,1.01159400,1.01200600,1.01224700,1.01239000,1.01248100,1.01252700
6.177999,1.00699200,1.01030500,1.01159400,1.01200600,1.01224700,1.01239000,1.01248200,1.01252800
6.180000,1.00699300,1.01030500,1.01159400,1.01200600,1.01224800,1.01239100,1.01248200,1.01252800
6.181999,1.00699300,1.01030500,1.01159500,1.01200700,1.01224800,1.01239100,1.01248200,1.01252800
6.184000,1.00699300,1.01030600,1.01159500,1.01200700,1.01224900,1.01239100,1.01248300,1.01252900
6.185999,1.00699300,1.01030600,1.01159500,1.01200700,1.01224900,1.01239200,1.01248300,1.01252900
6.188000,1.00699400,1.01030600,1.01159600,1.01200800,1.01224900,1.01239200,1.01248300,1.01252900
6.190000,1.00699400,1.01030600,1.01159600,1.01200800,1.01224900,1.01239300,1.01248400,1.01253000
6.191999,1.00699400,1.01030700,1.01159600,1.01200800,1.01225000,1.01239300,1.01248400,1.01253000
6.194000,1.00699400,1.01030700,1.01159700,1.01200900,1.01225000,1.01239300,1.01248400,1.01253100
6.196000,1.00699400,1.01030700,1.01159700,1.01200900,1.01225100,1.01239300,1.01248500,1.01253100
6.198000,1.00699500,1.01030800,1.01159700,1.01200900,1.01225100,1.01239400,1.01248500,1.01253100
6.199999,1.00699500,1.01030800,1.01159800,1.01201000,1.01225100,1.01239400,1.01248600,1.01253200
6.201999,1.00699500,1.01030800,1.01159800,1.01201000,1.01225100,1.01239500,1.01248600,1.01253200
6.204000,1.00699500,1.01030900,1.01159800,1.01201000,1.01225200,1.01239500,1.01248600,1.01253200
6.205999,1.00699600,1.01030900,1.01159900,1.01201100,1.01225200,1.01239500,1.01248600,1.01253300
6.208000,1.00699600,1.01030900,1.01159900,1.01201100,1.01225300,1.01239600,1.01248700,1.01253300
6.210000,1.00699600,1.01030900,1.01159900,1.01201100,1.01225300,1.01239600,1.01248700,1.01253300
6.211999,1.00699600,1.01031000,1.01160000,1.01201200,1.01225300,1.01239600,1.01248800,1.01253400
6.214000,1.00699600,1.01031000,1.01160000,1.01201200,1.01225400,1.01239700,1.01248800,1.01253400
6.216000,1.00699700,1.01031000,1.01160000,1.01201200,1.01225400,1.01239700,1.01248800,1.01253400
6.217999,1.00699700,1.01031100,1.01160100,1.01201300,1.01225400,1.01239700,1.01248900,1.01253500
6.219999,1.00699700,1.01031100,1.01160100,1.01201300,1.01225500,1.01239800,1.01248900,1.01253500
6.222000,1.00699700,1.01031100,1.01160100,1.01201300,1.01225500,1.01239800,1.01248900,1.01253500
6.224000,1.00699700,1.01031200,1.01160200,1.01201400,1.01225500,1.01239800,1.01249000,1.01253600
6.225999,1.00699800,1.01031200,1.01160200,1.01201400,1.01225600,1.01239900,1.01249000,1.01253600
6.228000,1.00699800,1.01031200,1.01160200,1.01201400,1.01225600,1.01239900,1.01249000,1.01253600
6.230000,1.00699800,1.01031200,1.01160300,1.01201500,1.01225600,1.01239900,1.01249100,1.01253700
6.232000,1.00699800,1.01031300,1.01160300,1.01201500,1.01225700,1.01240000,1.01249100,1.01253700
6.234000,1.00699900,1.01031300,1.01160300,1.01201500,1.01225700,1.01240000,1.01249100,1.01253700
6.236000,1.00699900,1.01031300,1.01160400,1.01201600,1.01225700,1.01240000,1.01249200,1.01253800
6.237999,1.00699900,1.01031400,1.01160400,1.01201600,1.01225800,1.01240100,1.01249200,1.01253800
6.239999,1.00699900,1.01031400,1.01160400,1.01201600,1.01225800,1.01240100,1.01249200,1.01253800
6.242000,1.00699900,1.01031400,1.01160500,1.01201700,1.01225800,1.01240100,1.01249300,1.01253900
6.243999,1.00700000,1.01031500,1.01160500,1.01201700,1.01225900,1.01240200,1.01249300,1.01253900
6.245999,1.00700000,1.01031500,1.01160500,1.01201700,1.01225900,1.01240200,1.01249300,1.01254000
6.248000,1.00700000,1.01031500,1.01160600,1.01201800,1.01225900,1.01240200,1.01249400,1.01254000
6.250000,1.00700000,1.01031600,1.01160600,1.01201800,1.01226000,1.01240300,1.01249400,1.01254000
6.252000,1.00700100,1.01031600,1.01160600,1.01201800,1.01226000,1.01240300,1.01249400,1.01254100
6.254000,1.00700100,1.01031600,1.01160700,1.01201900,1.01226000,1.01240300,1.01249500,1.01254100
6.256000,1.00700100,1.01031600,1.01160700,1.01201900,1.01226100,1.01240400,1.01249500,1.01254100
6.257999,1.00700100,1.01031700,1.01160700,1.01202000,1.01226100,1.01240400,1.01249500,1.01254200
6.259999,1.00700100,1.01031700,1.01160800,1.01202000,1.01226100,1.01240500,1.01249600,1.01254200
6.262000,1.00700200,1.01031700,1.01160800,1.01202000,1.01226200,1.01240500,1.01249600,1.01254200
6.263999,1.00700200,1.01031800,1.01160800,1.01202000,1.01226200,1.01240500,1.01249600,1.01254300
6.266000,1.00700200,1.01031800,1.01160900,1.01202100,1.01226200,1.01240600,1.01249700,1.01254300
6.268000,1.00700200,1.01031800,1.01160900,1.01202100,1.01226300,1.01240600,1.01249700,1.01254300
6.270000,1.00700300,1.01031900,1.01160900,1.01202200,1.01226300,1.01240600,1.01249800,1.01254400
6.272000,1.00700300,1.01031900,1.01161000,1.01202200,1.01226400,1.01240700,1.01249800,1.01254400
6.274000,1.00700300,1.01031900,1.01161000,1.01202200,1.01226400,1.01240700,1.01249800,1.01254400
6.276000,1.00700300,1.01031900,1.01161000,1.01202200,1.01226400,1.01240700,1.01249800,1.01254500
6.277999,1.00700300,1.01032000,1.01161100,1.01202300,1.01226400,1.01240800,1.01249900,1.01254500
6.279999,1.00700400,1.01032000,1.01161100,1.01202300,1.01226500,1.01240800,1.01249900,1.01254500
6.282000,1.00700400,1.01032000,1.01161100,1.01202400,1.01226500,1.01240800,1.01250000,1.01254600
6.283999,1.00700400,1.01032100,1.01161200,1.01202400,1.01226600,1.01240900,1.01250000,1.01254600
6.286000,1.00700400,1.01032100,1.01161200,1.01202400,1.01226600,1.01240900,1.01250000,1.01254600
6.288000,1.00700400,1.01032100,1.01161200,1.01202500,1.01226600,1.01240900,1.01250100,1.01254700
6.289999,1.00700500,1.01032200,1.01161300,1.01202500,1.01226700,1.01241000,1.01250100,1.01254700
6.292000,1.00700500,1.01032200,1.01161300,1.01202500,1.01226700,1.01241000,1.01250100,1.01254700
6.293999,1.00700500,1.01032200,1.01161300,1.01202600,1.01226700,1.01241000,1.01250200,1.01254800
6.296000,1.00700500,1.01032200,1.01161400,1.01202600,1.01226800,1.01241100,1.01250200,1.01254800
6.297999,1.00700600,1.01032300,1.01161400,1.01202600,1.01226800,1.01241100,1.01250200,1.01254800
6.300000,1.00700600,1.01032300,1.01161400,1.01202700,1.01226800,1.01241100,1.01250300,1.01254900
6.302000,1.00700600,1.01032300,1.01161500,1.01202700,1.01226900,1.01241200,1.01250300,1.01254900
6.303999,1.00700600,1.01032400,1.01161500,1.01202700,1.01226900,1.01241200,1.01250300,1.01255000
6.306000,1.00700600,1.01032400,1.01161500,1.01202800,1.01226900,1.01241200,1.01250400,1.01255000
6.308000,1.00700700,1.01032400,1.01161600,1.01202800,1.01227000,1.01241300,1.01250400,1.01255000
6.310000,1.00700700,1.01032500,1.01161600,1.01202800,1.01227000,1.01241300,1.01250400,1.01255100
6.311999,1.00700700,1.01032500,1.01161600,1.01202900,1.01227000,1.01241400,1.01250500,1.01255100
6.313999,1.00700700,1.01032500,1.01161700,1.01202900,1.01227100,1.01241400,1.01250500,1.01255100
6.316000,1.00700800,1.01032600,1.01161700,1.01202900,1.01227100,1.01241400,1.01250500,1.01255200
6.317999,1.00700800,1.01032600,1.01161700,1.01203000,1.01227100,1.01241400,1.01250600,1.01255200
6.320000,1.00700800,1.01032600,1.01161800,1.01203000,1.01227200,1.01241500,1.01250600,1.01255200
6.322000,1.00700800,1.01032600,1.01161800,1.01203000,1.01227200,1.01241500,1.01250600,1.01255300
6.323999,1.00700800,1.01032700,1.01161800,1.01203100,1.01227200,1.01241600,1.01250700,1.01255300
6.326000,1.00700900,1.01032700,1.01161800,1.01203100,1.01227300,1.01241600,1.01250700,1.01255300
6.328000,1.00700900,1.01032700,1.01161900,1.01203100,1.01227300,1.01241600,1.01250800,1.01255400
6.329999,1.00700900,1.01032800,1.01161900,1.01203200,1.01227300,1.01241700,1.01250800,1.01255400
6.331999,1.00700900,1.01032800,1.01162000,1.01203200,1.01227400,1.01241700,1.01250800,1.01255400
6.334000,1.00701000,1.01032800,1.01162000,1.01203200,1.01227400,1.01241700,1.01250900,1.01255500
6.335999,1.00701000,1.01032900,1.01162000,1.01203300,1.01227500,1.01241800,1.01250900,1.01255500
6.337999,1.00701000,1.01032900,1.01162100,1.01203300,1.01227500,1.01241800,1.01250900,1.01255500
6.340000,1.00701000,1.01032900,1.01162100,1.01203300,1.01227500,1.01241800,1.01251000,1.01255600
6.342000,1.00701000,1.01032900,1.01162100,1.01203400,1.01227500,1.01241900,1.01251000,1.01255600
6.344000,1.00701100,1.01033000,1.01162100,1.01203400,1.01227600,1.01241900,1.01251000,1.01255600
6.346000,1.00701100,1.01033000,1.01162200,1.01203400,1.01227600,1.01241900,1.01251100,1.01255700
6.348000,1.00701100,1.01033000,1.01162200,1.01203500,1.01227700,1.01242000,1.01251100,1.01255700
6.349999,1.00701100,1.01033100,1.01162300,1.01203500,1.01227700,1.01242000,1.01251100,1.01255800
6.351999,1.00701200,1.01033100,1.01162300,1.01203500,1.01227700,1.01242000,1.01251200,1.01255800
6.354000,1.00701200,1.01033100,1.01162300,1.01203600,1.01227800,1.01242100,1.01251200,1.01255800
6.355999,1.00701200,1.01033200,1.01162400,1.01203600,1.01227800,1.01242100,1.01251200,1.01255800
6.357999,1.00701200,1.01033200,1.01162400,1.01203600,1.01227800,1.01242100,1.01251300,1.01255900
6.360000,1.00701200,1.01033200,1.01162400,1.01203700,1.01227900,1.01242200,1.01251300,1.01255900
6.362000,1.00701300,1.01033200,1.01162400,1.01203700,1.01227900,1.01242200,1.01251300,1.01256000
6.364000,1.00701300,1.01033300,1.01162500,1.01203700,1.01227900,1.01242200,1.01251400,1.01256000
6.366000,1.00701300,1.01033300,1.01162500,1.01203800,1.01228000,1.01242300,1.01251400,1.01256000
6.368000,1.00701300,1.01033300,1.01162600,1.01203800,1.01228000,1.01242300,1.01251400,1.01256100
6.369999,1.00701300,1.01033400,1.01162600,1.01203800,1.01228000,1.01242400,1.01251500,1.01256100
6.371999,1.00701400,1.01033400,1.01162600,1.01203900,1.01228100,1.01242400,1.01251500,1.01256100
6.374000,1.00701400,1.01033400,1.01162600,1.01203900,1.01228100,1.01242400,1.01251600,1.01256200
6.375999,1.00701400,1.01033500,1.01162700,1.01203900,1.01228100,1.01242400,1.01251600,1.01256200
6.378000,1.00701400,1.01033500,1.01162700,1.01204000,1.01228200,1.01242500,1.01251600,1.01256200
6.380000,1.00701500,1.01033500,1.01162700,1.01204000,1.01228200,1.01242500,1.01251600,1.01256300
6.381999,1.00701500,1.01033600,1.01162800,1.01204000,1.01228200,1.01242600,1.01251700,1.01256300
6.384000,1.00701500,1.01033600,1.01162800,1.01204100,1.01228300,1.01242600,1.01251700,1.01256300
6.386000,1.00701500,1.01033600,1.01162900,1.01204100,1.01228300,1.01242600,1.01251800,1.01256400
6.388000,1.00701500,1.01033700,1.01162900,1.01204200,1.01228300,1.01242700,1.01251800,1.01256400
6.389999,1.00701600,1.01033700,1.01162900,1.01204200,1.01228400,1.01242700,1.01251800,1.01256400
6.391999,1.00701600,1.01033700,1.01162900,1.01204200,1.01228400,1.01242700,1.01251900,1.01256500
6.394000,1.00701600,1.01033700,1.01163000,1.01204300,1.01228400,1.01242800,1.01251900,1.01256500
6.395999,1.00701600,1.01033800,1.01163000,1.01204300,1.01228500,1.01242800,1.01251900,1.01256500
6.398000,1.00701700,1.01033800,1.01163100,1.01204300,1.01228500,1.01242800,1.01252000,1.01256600
6.400000,1.00701700,1.01033800,1.01163100,1.01204400,1.01228500,1.01242900,1.01252000,1.01256600
6.401999,1.00701700,1.01033900,1.01163100,1.01204400,1.01228600,1.01242900,1.01252000,1.01256600
6.404000,1.00701700,1.01033900,1.01163100,1.01204400,1.01228600,1.01242900,1.01252100,1.01256700
6.405999,1.00701700,1.01033900,1.01163200,1.01204500,1.01228600,1.01243000,1.01252100,1.01256700
6.408000,1.00701800,1.01033900,1.01163200,1.01204500,1.01228700,1.01243000,1.01252100,1.01256800
6.409999,1.00701800,1.01034000,1.01163200,1.01204500,1.01228700,1.01243000,1.01252200,1.01256800
6.412000,1.00701800,1.01034000,1.01163300,1.01204600,1.01228700,1.01243100,1.01252200,1.01256800
6.414000,1.00701800,1.01034000,1.01163300,1.01204600,1.01228800,1.01243100,1.01252200,1.01256900
6.415999,1.00701800,1.01034100,1.01163400,1.01204600,1.01228800,1.01243100,1.01252300,1.01256900
6.418000,1.00701900,1.01034100,1.01163400,1.01204700,1.01228900,1.01243200,1.01252300,1.01256900
6.420000,1.00701900,1.01034100,1.01163400,1.01204700,1.01228900,1.01243200,1.01252300,1.01257000
6.422000,1.00701900,1.01034200,1.01163400,1.01204700,1.01228900,1.01243200,1.01252400,1.01257000
6.423999,1.00701900,1.01034200,1.01163500,1.01204800,1.01229000,1.01243300,1.01252400,1.01257000
6.425999,1.00702000,1.01034200,1.01163500,1.01204800,1.01229000,1.01243300,1.01252400,1.01257100
6.427999,1.00702000,1.01034300,1.01163500,1.01204800,1.01229000,1.01243400,1.01252500,1.01257100
6.429999,1.00702000,1.01034300,1.01163600,1.01204900,1.01229100,1.01243400,1.01252500,1.01257100
6.432000,1.00702000,1.01034300,1.01163600,1.01204900,1.01229100,1.01243400,1.01252600,1.01257200
6.434000,1.00702000,1.01034300,1.01163600,1.01204900,1.01229100,1.01243400,1.01252600,1.01257200
6.435999,1.00702100,1.01034400,1.01163700,1.01205000,1.01229200,1.01243500,1.01252600,1.01257200
6.438000,1.00702100,1.01034400,1.01163700,1.01205000,1.01229200,1.01243500,1.01252700,1.01257300
6.440000,1.00702100,1.01034400,1.01163700,1.01205000,1.01229200,1.01243600,1.01252700,1.01257300
6.441999,1.00702100,1.01034500,1.01163800,1.01205100,1.01229300,1.01243600,1.01252700,1.01257300
6.443999,1.00702200,1.01034500,1.01163800,1.01205100,1.01229300,1.01243600,1.01252800,1.01257400
6.446000,1.00702200,1.01034500,1.01163900,1.01205100,1.01229300,1.01243700,1.01252800,1.01257400
6.447999,1.00702200,1.01034600,1.01163900,1.01205200,1.01229400,1.01243700,1.01252800,1.01257400
6.449999,1.00702200,1.01034600,1.01163900,1.01205200,1.01229400,1.01243700,1.01252900,1.01257500
6.452000,1.00702300,1.01034600,1.01163900,1.01205200,1.01229400,1.01243800,1.01252900,1.01257500
6.454000,1.00702300,1.01034700,1.01164000,1.01205300,1.01229500,1.01243800,1.01252900,1.01257600
6.456000,1.00702300,1.01034700,1.01164000,1.01205300,1.01229500,1.01243800,1.01253000,1.01257600
6.458000,1.00702300,1.01034700,1.01164000,1.01205300,1.01229500,1.01243900,1.01253000,1.01257600
6.460000,1.00702300,1.01034700,1.01164100,1.01205400,1.01229600,1.01243900,1.01253000,1.01257700
6.461999,1.00702400,1.01034800,1.01164100,1.01205400,1.01229600,1.01243900,1.01253100,1.01257700
6.463999,1.00702400,1.01034800,1.01164200,1.01205400,1.01229600,1.01244000,1.01253100,1.01257700
6.466000,1.00702400,1.01034800,1.01164200,1.01205500,1.01229700,1.01244000,1.01253100,1.01257800
6.467999,1.00702400,1.01034900,1.01164200,1.01205500,1.01229700,1.01244000,1.01253200,1.01257800
6.469999,1.00702400,1.01034900,1.01164200,1.01205600,1.01229800,1.01244100,1.01253200,1.01257800
6.472000,1.00702500,1.01034900,1.01164300,1.01205600,1.01229800,1.01244100,1.01253200,1.01257900
6.474000,1.00702500,1.01035000,1.01164300,1.01205600,1.01229800,1.01244100,1.01253300,1.01257900
6.476000,1.00702500,1.01035000,1.01164300,1.01205600,1.01229800,1.01244200,1.01253300,1.01257900
6.478000,1.00702500,1.01035000,1.01164400,1.01205700,1.01229900,1.01244200,1.01253400,1.01258000
6.480000,1.00702500,1.01035000,1.01164400,1.01205700,1.01229900,1.01244200,1.01253400,1.01258000
6.481999,1.00702600,1.01035100,1.01164400,1.01205800,1.01230000,1.01244300,1.01253400,1.01258000
6.483999,1.00702600,1.01035100,1.01164500,1.01205800,1.01230000,1.01244300,1.01253500,1.01258100
6.486000,1.00702600,1.01035100,1.01164500,1.01205800,1.01230000,1.01244400,1.01253500,1.01258100
6.487999,1.00702600,1.01035200,1.01164500,1.01205800,1.01230100,1.01244400,1.01253500,1.01258100
6.490000,1.00702700,1.01035200,1.01164600,1.01205900,1.01230100,1.01244400,1.01253600,1.01258200
6.492000,1.00702700,1.01035200,1.01164600,1.01205900,1.01230100,1.01244500,1.01253600,1.01258200
6.493999,1.00702700,1.01035300,1.01164700,1.01206000,1.01230200,1.01244500,1.01253600,1.01258200
6.496000,1.00702700,1.01035300,1.01164700,1.01206000,1.01230200,1.01244500,1.01253700,1.01258300
6.498000,1.00702800,1.01035300,1.01164700,1.01206000,1.01230200,1.01244600,1.01253700,1.01258300
6.500000,1.00702800,1.01035400,1.01164700,1.01206100,1.01230300,1.01244600,1.01253700,1.01258300
6.501999,1.00702800,1.01035400,1.01164800,1.01206100,1.01230300,1.01244600,1.01253800,1.01258400
6.503999,1.00702800,1.01035400,1.01164800,1.01206100,1.01230300,1.01244700,1.01253800,1.01258400
6.506000,1.00702800,1.01035400,1.01164800,1.01206200,1.01230400,1.01244700,1.01253800,1.01258500
6.507999,1.00702900,1.01035500,1.01164900,1.01206200,1.01230400,1.01244700,1.01253900,1.01258500
6.510000,1.00702900,1.01035500,1.01164900,1.01206200,1.01230400,1.01244800,1.01253900,1.01258500
6.512000,1.00702900,1.01035500,1.01164900,1.01206300,1.01230500,1.01244800,1.01253900,1.01258600
6.513999,1.00702900,1.01035600,1.01165000,1.01206300,1.01230500,1.01244800,1.01254000,1.01258600
6.516000,1.00702900,1.01035600,1.01165000,1.01206300,1.01230500,1.01244900,1.01254000,1.01258600
6.518000,1.00703000,1.01035600,1.01165000,1.01206400,1.01230600,1.01244900,1.01254000,1.01258700
6.520000,1.00703000,1.01035700,1.01165100,1.01206400,1.01230600,1.01244900,1.01254100,1.01258700
6.521999,1.00703000,1.01035700,1.01165100,1.01206400,1.01230600,1.01245000,1.01254100,1.01258700
6.524000,1.00703000,1.01035700,1.01165200,1.01206500,1.01230700,1.01245000,1.01254200,1.01258800
6.526000,1.00703100,1.01035700,1.01165200,1.01206500,1.01230700,1.01245000,1.01254200,1.01258800
6.527999,1.00703100,1.01035800,1.01165200,1.01206500,1.01230800,1.01245100,1.01254200,1.01258800
6.530000,1.00703100,1.01035800,1.01165200,1.01206600,1.01230800,1.01245100,1.01254300,1.01258900
6.532000,1.00703100,1.01035800,1.01165300,1.01206600,1.01230800,1.01245200,1.01254300,1.01258900
6.534000,1.00703100,1.01035900,1.01165300,1.01206600,1.01230800,1.01245200,1.01254300,1.01258900
6.535999,1.00703200,1.01035900,1.01165300,1.01206700,1.01230900,1.01245200,1.01254400,1.01259000
6.537999,1.00703200,1.01035900,1.01165400,1.01206700,1.01230900,1.01245200,1.01254400,1.01259000
6.539999,1.00703200,1.01036000,1.01165400,1.01206700,1.01231000,1.01245300,1.01254400,1.01259000
6.541999,1.00703200,1.01036000,1.01165400,1.01206800,1.01231000,1.01245300,1.01254500,1.01259100
6.544000,1.00703300,1.01036000,1.01165500,1.01206800,1.01231000,1.01245400,1.01254500,1.01259100
6.546000,1.00703300,1.01036000,1.01165500,1.01206800,1.01231100,1.01245400,1.01254500,1.01259100
6.547999,1.00703300,1.01036100,1.01165500,1.01206900,1.01231100,1.01245400,1.01254600,1.01259200
6.550000,1.00703300,1.01036100,1.01165600,1.01206900,1.01231100,1.01245500,1.01254600,1.01259200
6.552000,1.00703300,1.01036100,1.01165600,1.01206900,1.01231200,1.01245500,1.01254600,1.01259300
6.553999,1.00703400,1.01036200,1.01165700,1.01207000,1.01231200,1.01245500,1.01254700,1.01259300
6.555999,1.00703400,1.01036200,1.01165700,1.01207000,1.01231200,1.01245600,1.01254700,1.01259300
6.558000,1.00703400,1.01036200,1.01165700,1.01207000,1.01231300,1.01245600,1.01254700,1.01259400
6.559999,1.00703400,1.01036300,1.01165700,1.01207100,1.01231300,1.01245600,1.01254800,1.01259400
6.561999,1.00703500,1.01036300,1.01165800,1.01207100,1.01231300,1.01245700,1.01254800,1.01259400
6.564000,1.00703500,1.01036300,1.01165800,1.01207100,1.01231400,1.01245700,1.01254800,1.01259500
6.566000,1.00703500,1.01036400,1.01165800,1.01207200,1.01231400,1.01245700,1.01254900,1.01259500
6.568000,1.00703500,1.01036400,1.01165900,1.01207200,1.01231400,1.01245800,1.01254900,1.01259500
6.570000,1.00703500,1.01036400,1.01165900,1.01207300,1.01231500,1.01245800,1.01255000,1.01259600
6.572000,1.00703600,1.01036500,1.01166000,1.01207300,1.01231500,1.01245800,1.01255000,1.01259600
6.573999,1.00703600,1.01036500,1.01166000,1.01207300,1.01231500,1.01245900,1.01255000,1.01259600
6.575999,1.00703600,1.01036500,1.01166000,1.01207400,1.01231600,1.01245900,1.01255100,1.01259700
6.578000,1.00703600,1.01036500,1.01166000,1.01207400,1.01231600,1.01246000,1.01255100,1.01259700
6.579999,1.00703700,1.01036600,1.01166100,1.01207400,1.01231600,1.01246000,1.01255100,1.01259700
6.581999,1.00703700,1.01036600,1.01166100,1.01207500,1.01231700,1.01246000,1.01255200,1.01259800
6.584000,1.00703700,1.01036600,1.01166200,1.01207500,1.01231700,1.01246000,1.01255200,1.01259800
6.585999,1.00703700,1.01036700,1.01166200,1.01207500,1.01231800,1.01246100,1.01255200,1.01259900
6.588000,1.00703700,1.01036700,1.01166200,1.01207600,1.01231800,1.01246100,1.01255300,1.01259900
6.590000,1.00703800,1.01036700,1.01166200,1.01207600,1.01231800,1.01246200,1.01255300,1.01259900
6.592000,1.00703800,1.01036800,1.01166300,1.01207600,1.01231800,1.01246200,1.01255300,1.01259900
6.593999,1.00703800,1.01036800,1.01166300,1.01207700,1.01231900,1.01246200,1.01255400,1.01260000
6.595999,1.00703800,1.01036800,1.01166300,1.01207700,1.01231900,1.01246300,1.01255400,1.01260000
6.598000,1.00703800,1.01036800,1.01166400,1.01207700,1.01232000,1.01246300,1.01255400,1.01260100
6.599999,1.00703900,1.01036900,1.01166400,1.01207800,1.01232000,1.01246300,1.01255500,1.01260100
6.602000,1.00703900,1.01036900,1.01166500,1.01207800,1.01232000,1.01246400,1.01255500,1.01260100
6.604000,1.00703900,1.01036900,1.01166500,1.01207800,1.01232100,1.01246400,1.01255500,1.01260200
6.605999,1.00703900,1.01037000,1.01166500,1.01207900,1.01232100,1.01246400,1.01255600,1.01260200
6.608000,1.00704000,1.01037000,1.01166500,1.01207900,1.01232100,1.01246500,1.01255600,1.01260200
6.610000,1.00704000,1.01037000,1.01166600,1.01207900,1.01232200,1.01246500,1.01255600,1.01260300
6.612000,1.00704000,1.01037100,1.01166600,1.01208000,1.01232200,1.01246500,1.01255700,1.01260300
6.613999,1.00704000,1.01037100,1.01166700,1.01208000,1.01232200,1.01246600,1.01255700,1.01260300
6.615999,1.00704100,1.01037100,1.01166700,1.01208000,1.01232300,1.01246600,1.01255800,1.01260400
6.618000,1.00704100,1.01037200,1.01166700,1.01208100,1.01232300,1.01246600,1.01255800,1.01260400
6.619999,1.00704100,1.01037200,1.01166700,1.01208100,1.01232300,1.01246700,1.01255800,1.01260400
6.622000,1.00704100,1.01037200,1.01166800,1.01208100,1.01232400,1.01246700,1.01255900,1.01260500
6.624000,1.00704100,1.01037300,1.01166800,1.01208200,1.01232400,1.01246800,1.01255900,1.01260500
6.625999,1.00704200,1.01037300,1.01166900,1.01208200,1.01232400,1.01246800,1.01255900,1.01260500
6.628000,1.00704200,1.01037300,1.01166900,1.01208200,1.01232500,1.01246800,1.01256000,1.01260600
6.630000,1.00704200,1.01037300,1.01166900,1.01208300,1.01232500,1.01246800,1.01256000,1.01260600
6.631999,1.00704200,1.01037400,1.01167000,1.01208300,1.01232500,1.01246900,1.01256000,1.01260700
6.633999,1.00704200,1.01037400,1.01167000,1.01208300,1.01232600,1.01246900,1.01256100,1.01260700
6.636000,1.00704300,1.01037400,1.01167000,1.01208400,1.01232600,1.01247000,1.01256100,1.01260700
6.638000,1.00704300,1.01037500,1.01167000,1.01208400,1.01232600,1.01247000,1.01256100,1.01260800
6.639999,1.00704300,1.01037500,1.01167100,1.01208400,1.01232700,1.01247000,1.01256200,1.01260800
6.642000,1.00704300,1.01037500,1.01167100,1.01208500,1.01232700,1.01247100,1.01256200,1.01260800
6.644000,1.00704400,1.01037500,1.01167200,1.01208500,1.01232800,1.01247100,1.01256200,1.01260900
6.646000,1.00704400,1.01037600,1.01167200,1.01208600,1.01232800,1.01247100,1.01256300,1.01260900
6.648000,1.00704400,1.01037600,1.01167200,1.01208600,1.01232800,1.01247200,1.01256300,1.01260900
6.649999,1.00704400,1.01037600,1.01167200,1.01208600,1.01232900,1.01247200,1.01256300,1.01261000
6.651999,1.00704400,1.01037700,1.01167300,1.01208700,1.01232900,1.01247200,1.01256400,1.01261000
6.653999,1.00704500,1.01037700,1.01167300,1.01208700,1.01232900,1.01247300,1.01256400,1.01261000
6.656000,1.00704500,1.01037700,1.01167400,1.01208700,1.01233000,1.01247300,1.01256500,1.01261100
6.658000,1.00704500,1.01037800,1.01167400,1.01208800,1.01233000,1.01247300,1.01256500,1.01261100
6.659999,1.00704500,1.01037800,1.01167400,1.01208800,1.01233000,1.01247400,1.01256500,1.01261100
6.662000,1.00704600,1.01037800,1.01167500,1.01208800,1.01233100,1.01247400,1.01256500,1.01261200
6.664000,1.00704600,1.01037900,1.01167500,1.01208900,1.01233100,1.01247400,1.01256600,1.01261200
6.665999,1.00704600,1.01037900,1.01167500,1.01208900,1.01233100,1.01247500,1.01256600,1.01261200
6.667999,1.00704600,1.01037900,1.01167600,1.01208900,1.01233200,1.01247500,1.01256700,1.01261300
6.669999,1.00704600,1.01038000,1.01167600,1.01209000,1.01233200,1.01247500,1.01256700,1.01261300
6.671999,1.00704700,1.01038000,1.01167600,1.01209000,1.01233200,1.01247600,1.01256700,1.01261400
6.673999,1.00704700,1.01038000,1.01167700,1.01209000,1.01233300,1.01247600,1.01256800,1.01261400
6.676000,1.00704700,1.01038000,1.01167700,1.01209100,1.01233300,1.01247700,1.01256800,1.01261400
6.677999,1.00704700,1.01038100,1.01167700,1.01209100,1.01233300,1.01247700,1.01256800,1.01261500
6.680000,1.00704800,1.01038100,1.01167800,1.01209100,1.01233400,1.01247700,1.01256900,1.01261500
6.682000,1.00704800,1.01038100,1.01167800,1.01209200,1.01233400,1.01247800,1.01256900,1.01261500
6.684000,1.00704800,1.01038200,1.01167800,1.01209200,1.01233400,1.01247800,1.01256900,1.01261600
6.685999,1.00704800,1.01038200,1.01167900,1.01209200,1.01233500,1.01247800,1.01257000,1.01261600
6.687999,1.00704800,1.01038200,1.01167900,1.01209300,1.01233500,1.01247900,1.01257000,1.01261600
6.690000,1.00704900,1.01038300,1.01167900,1.01209300,1.01233500,1.01247900,1.01257000,1.01261700
6.691999,1.00704900,1.01038300,1.01168000,1.01209300,1.01233600,1.01247900,1.01257100,1.01261700
6.693999,1.00704900,1.01038300,1.01168000,1.01209400,1.01233600,1.01248000,1.01257100,1.01261700
6.696000,1.00704900,1.01038300,1.01168000,1.01209400,1.01233600,1.01248000,1.01257100,1.01261800
6.697999,1.00705000,1.01038400,1.01168100,1.01209400,1.01233700,1.01248000,1.01257200,1.01261800
6.700000,1.00705000,1.01038400,1.01168100,1.01209500,1.01233700,1.01248100,1.01257200,1.01261800
6.702000,1.00705000,1.01038400,1.01168100,1.01209500,1.01233800,1.01248100,1.01257300,1.01261900
6.704000,1.00705000,1.01038500,1.01168200,1.01209500,1.01233800,1.01248100,1.01257300,1.01261900
6.705999,1.00705000,1.01038500,1.01168200,1.01209600,1.01233800,1.01248200,1.01257300,1.01261900
6.707999,1.00705100,1.01038500,1.01168200,1.01209600,1.01233900,1.01248200,1.01257400,1.01262000
6.710000,1.00705100,1.01038600,1.01168300,1.01209700,1.01233900,1.01248200,1.01257400,1.01262000
6.711999,1.00705100,1.01038600,1.01168300,1.01209700,1.01233900,1.01248300,1.01257400,1.01262000
6.714000,1.00705100,1.01038600,1.01168300,1.01209700,1.01234000,1.01248300,1.01257500,1.01262100
6.716000,1.00705100,1.01038700,1.01168400,1.01209700,1.01234000,1.01248300,1.01257500,1.01262100
6.717999,1.00705200,1.01038700,1.01168400,1.01209800,1.01234000,1.01248400,1.01257500,1.01262200
6.720000,1.00705200,1.01038700,1.01168400,1.01209800,1.01234100,1.01248400,1.01257600,1.01262200
6.722000,1.00705200,1.01038800,1.01168500,1.01209900,1.01234100,1.01248500,1.01257600,1.01262200
6.724000,1.00705200,1.01038800,1.01168500,1.01209900,1.01234100,1.01248500,1.01257600,1.01262300
6.725999,1.00705300,1.01038800,1.01168500,1.01209900,1.01234200,1.01248500,1.01257700,1.01262300
6.727999,1.00705300,1.01038800,1.01168600,1.01210000,1.01234200,1.01248600,1.01257700,1.01262300
6.730000,1.00705300,1.01038900,1.01168600,1.01210000,1.01234200,1.01248600,1.01257700,1.01262400
6.731999,1.00705300,1.01038900,1.01168600,1.01210000,1.01234300,1.01248600,1.01257800,1.01262400
6.734000,1.00705300,1.01038900,1.01168700,1.01210100,1.01234300,1.01248700,1.01257800,1.01262400
6.736000,1.00705400,1.01039000,1.01168700,1.01210100,1.01234300,1.01248700,1.01257800,1.01262500
6.737999,1.00705400,1.01039000,1.01168700,1.01210100,1.01234400,1.01248700,1.01257900,1.01262500
6.740000,1.00705400,1.01039000,1.01168800,1.01210200,1.01234400,1.01248800,1.01257900,1.01262500
6.742000,1.00705400,1.01039100,1.01168800,1.01210200,1.01234400,1.01248800,1.01258000,1.01262600
6.743999,1.00705500,1.01039100,1.01168800,1.01210200,1.01234500,1.01248800,1.01258000,1.01262600
6.745999,1.00705500,1.01039100,1.01168900,1.01210300,1.01234500,1.01248900,1.01258000,1.01262600
6.748000,1.00705500,1.01039100,1.01168900,1.01210300,1.01234600,1.01248900,1.01258100,1.01262700
6.750000,1.00705500,1.01039200,1.01168900,1.01210300,1.01234600,1.01248900,1.01258100,1.01262700
6.751999,1.00705600,1.01039200,1.01169000,1.01210400,1.01234600,1.01249000,1.01258100,1.01262700
6.754000,1.00705600,1.01039200,1.01169000,1.01210400,1.01234700,1.01249000,1.01258200,1.01262800
6.756000,1.00705600,1.01039300,1.01169000,1.01210400,1.01234700,1.01249100,1.01258200,1.01262800
6.758000,1.00705600,1.01039300,1.01169100,1.01210500,1.01234700,1.01249100,1.01258200,1.01262900
6.760000,1.00705600,1.01039300,1.01169100,1.01210500,1.01234800,1.01249100,1.01258300,1.01262900
6.761999,1.00705700,1.01039400,1.01169100,1.01210500,1.01234800,1.01249100,1.01258300,1.01262900
6.763999,1.00705700,1.01039400,1.01169200,1.01210600,1.01234800,1.01249200,1.01258300,1.01263000
6.765999,1.00705700,1.01039400,1.01169200,1.01210600,1.01234900,1.01249200,1.01258400,1.01263000
6.768000,1.00705700,1.01039500,1.01169200,1.01210600,1.01234900,1.01249300,1.01258400,1.01263000
6.770000,1.00705800,1.01039500,1.01169300,1.01210700,1.01234900,1.01249300,1.01258400,1.01263100
6.771999,1.00705800,1.01039500,1.01169300,1.01210700,1.01235000,1.01249300,1.01258500,1.01263100
6.774000,1.00705800,1.01039600,1.01169300,1.01210700,1.01235000,1.01249400,1.01258500,1.01263100
6.776000,1.00705800,1.01039600,1.01169400,1.01210800,1.01235000,1.01249400,1.01258600,1.01263200
6.778000,1.00705800,1.01039600,1.01169400,1.01210800,1.01235100,1.01249400,1.01258600,1.01263200
6.779999,1.00705900,1.01039600,1.01169400,1.01210800,1.01235100,1.01249500,1.01258600,1.01263200
6.781999,1.00705900,1.01039700,1.01169500,1.01210900,1.01235100,1.01249500,1.01258700,1.01263300
6.783999,1.00705900,1.01039700,1.01169500,1.01210900,1.01235200,1.01249500,1.01258700,1.01263300
6.785999,1.00705900,1.01039700,1.01169500,1.01211000,1.01235200,1.01249600,1.01258700,1.01263300
6.788000,1.00705900,1.01039800,1.01169600,1.01211000,1.01235200,1.01249600,1.01258800,1.01263400
6.789999,1.00706000,1.01039800,1.01169600,1.01211000,1.01235300,1.01249600,1.01258800,1.01263400
6.792000,1.00706000,1.01039800,1.01169600,1.01211100,1.01235300,1.01249700,1.01258800,1.01263500
6.794000,1.00706000,1.01039900,1.01169700,1.01211100,1.01235400,1.01249700,1.01258900,1.01263500
6.796000,1.00706000,1.01039900,1.01169700,1.01211100,1.01235400,1.01249700,1.01258900,1.01263500
6.797999,1.00706100,1.01039900,1.01169700,1.01211200,1.01235400,1.01249800,1.01258900,1.01263600
6.799999,1.00706100,1.01039900,1.01169800,1.01211200,1.01235500,1.01249800,1.01259000,1.01263600
6.802000,1.00706100,1.01040000,1.01169800,1.01211200,1.01235500,1.01249800,1.01259000,1.01263600
6.804000,1.00706100,1.01040000,1.01169800,1.01211300,1.01235500,1.01249900,1.01259000,1.01263700
6.806000,1.00706100,1.01040000,1.01169900,1.01211300,1.01235600,1.01249900,1.01259100,1.01263700
6.808000,1.00706200,1.01040100,1.01169900,1.01211300,1.01235600,1.01250000,1.01259100,1.01263700
6.809999,1.00706200,1.01040100,1.01169900,1.01211400,1.01235600,1.01250000,1.01259100,1.01263800
6.811999,1.00706200,1.01040100,1.01170000,1.01211400,1.01235700,1.01250000,1.01259200,1.01263800
6.814000,1.00706200,1.01040200,1.01170000,1.01211400,1.01235700,1.01250100,1.01259200,1.01263800
6.816000,1.00706300,1.01040200,1.01170000,1.01211500,1.01235700,1.01250100,1.01259200,1.01263900
6.817999,1.00706300,1.01040200,1.01170100,1.01211500,1.01235800,1.01250100,1.01259300,1.01263900
6.819999,1.00706300,1.01040300,1.01170100,1.01211500,1.01235800,1.01250200,1.01259300,1.01263900
6.821999,1.00706300,1.01040300,1.01170100,1.01211600,1.01235800,1.01250200,1.01259400,1.01264000
6.824000,1.00706400,1.01040300,1.01170200,1.01211600,1.01235900,1.01250200,1.01259400,1.01264000
6.826000,1.00706400,1.01040400,1.01170200,1.01211600,1.01235900,1.01250300,1.01259400,1.01264000
6.828000,1.00706400,1.01040400,1.01170200,1.01211700,1.01235900,1.01250300,1.01259500,1.01264100
6.829999,1.00706400,1.01040400,1.01170300,1.01211700,1.01236000,1.01250300,1.01259500,1.01264100
6.831999,1.00706400,1.01040400,1.01170300,1.01211700,1.01236000,1.01250400,1.01259500,1.01264200
6.834000,1.00706500,1.01040500,1.01170300,1.01211800,1.01236000,1.01250400,1.01259600,1.01264200
6.835999,1.00706500,1.01040500,1.01170400,1.01211800,1.01236100,1.01250400,1.01259600,1.01264200
6.837999,1.00706500,1.01040500,1.01170400,1.01211800,1.01236100,1.01250500,1.01259600,1.01264300
6.839999,1.00706500,1.01040600,1.01170400,1.01211900,1.01236200,1.01250500,1.01259700,1.01264300
6.841999,1.00706600,1.01040600,1.01170500,1.01211900,1.01236200,1.01250600,1.01259700,1.01264300
6.844000,1.00706600,1.01040600,1.01170500,1.01212000,1.01236200,1.01250600,1.01259700,1.01264400
6.846000,1.00706600,1.01040700,1.01170500,1.01212000,1.01236300,1.01250600,1.01259800,1.01264400
6.848000,1.00706600,1.01040700,1.01170600,1.01212000,1.01236300,1.01250600,1.01259800,1.01264400
6.849999,1.00706600,1.01040700,1.01170600,1.01212000,1.01236300,1.01250700,1.01259900,1.01264500
6.851999,1.00706700,1.01040700,1.01170600,1.01212100,1.01236400,1.01250700,1.01259900,1.01264500
6.854000,1.00706700,1.01040800,1.01170700,1.01212100,1.01236400,1.01250800,1.01259900,1.01264500
6.855999,1.00706700,1.01040800,1.01170700,1.01212200,1.01236400,1.01250800,1.01259900,1.01264600
6.857999,1.00706700,1.01040800,1.01170700,1.01212200,1.01236500,1.01250800,1.01260000,1.01264600
6.859999,1.00706700,1.01040900,1.01170800,1.01212200,1.01236500,1.01250900,1.01260000,1.01264600
6.861999,1.00706800,1.01040900,1.01170800,1.01212300,1.01236500,1.01250900,1.01260100,1.01264700
6.864000,1.00706800,1.01040900,1.01170800,1.01212300,1.01236600,1.01250900,1.01260100,1.01264700
6.866000,1.00706800,1.01041000,1.01170900,1.01212300,1.01236600,1.01251000,1.01260100,1.01264800
6.868000,1.00706800,1.01041000,1.01170900,1.01212400,1.01236600,1.01251000,1.01260200,1.01264800
6.869999,1.00706900,1.01041000,1.01170900,1.01212400,1.01236700,1.01251000,1.01260200,1.01264800
6.871999,1.00706900,1.01041100,1.01171000,1.01212400,1.01236700,1.01251100,1.01260200,1.01264900
6.874000,1.00706900,1.01041100,1.01171000,1.01212500,1.01236700,1.01251100,1.01260300,1.01264900
6.875999,1.00706900,1.01041100,1.01171100,1.01212500,1.01236800,1.01251100,1.01260300,1.01264900
6.877999,1.00706900,1.01041200,1.01171100,1.01212500,1.01236800,1.01251200,1.01260300,1.01265000
6.879999,1.00707000,1.01041200,1.01171100,1.01212600,1.01236800,1.01251200,1.01260400,1.01265000
6.882000,1.00707000,1.01041200,1.01171100,1.01212600,1.01236900,1.01251200,1.01260400,1.01265000
6.884000,1.00707000,1.01041200,1.01171200,1.01212600,1.01236900,1.01251300,1.01260400,1.01265100
6.886000,1.00707000,1.01041300,1.01171200,1.01212700,1.01237000,1.01251300,1.01260500,1.01265100
6.888000,1.00707100,1.01041300,1.01171300,1.01212700,1.01237000,1.01251400,1.01260500,1.01265100
6.889999,1.00707100,1.01041300,1.01171300,1.01212700,1.01237000,1.01251400,1.01260500,1.01265200
6.892000,1.00707100,1.01041400,1.01171300,1.01212800,1.01237100,1.01251400,1.01260600,1.01265200
6.894000,1.00707100,1.01041400,1.01171400,1.01212800,1.01237100,1.01251500,1.01260600,1.01265200
6.895999,1.00707100,1.01041400,1.01171400,1.01212800,1.01237100,1.01251500,1.01260700,1.01265300
6.897999,1.00707200,1.01041500,1.01171400,1.01212900,1.01237200,1.01251500,1.01260700,1.01265300
6.899999,1.00707200,1.01041500,1.01171500,1.01212900,1.01237200,1.01251600,1.01260700,1.01265300
6.902000,1.00707200,1.01041500,1.01171500,1.01213000,1.01237200,1.01251600,1.01260800,1.01265400
6.904000,1.00707200,1.01041600,1.01171500,1.01213000,1.01237300,1.01251600,1.01260800,1.01265400
6.906000,1.00707300,1.01041600,1.01171600,1.01213000,1.01237300,1.01251700,1.01260800,1.01265500
6.908000,1.00707300,1.01041600,1.01171600,1.01213000,1.01237300,1.01251700,1.01260900,1.01265500
6.909999,1.00707300,1.01041600,1.01171600,1.01213100,1.01237400,1.01251700,1.01260900,1.01265500
6.912000,1.00707300,1.01041700,1.01171700,1.01213100,1.01237400,1.01251800,1.01260900,1.01265600
6.914000,1.00707400,1.01041700,1.01171700,1.01213200,1.01237400,1.01251800,1.01261000,1.01265600
6.915999,1.00707400,1.01041700,1.01171700,1.01213200,1.01237500,1.01251800,1.01261000,1.01265600
6.917999,1.00707400,1.01041800,1.01171800,1.01213200,1.01237500,1.01251900,1.01261000,1.01265700
6.919999,1.00707400,1.01041800,1.01171800,1.01213300,1.01237500,1.01251900,1.01261100,1.01265700
6.922000,1.00707400,1.01041800,1.01171800,1.01213300,1.01237600,1.01251900,1.01261100,1.01265700
6.924000,1.00707500,1.01041900,1.01171900,1.01213300,1.01237600,1.01252000,1.01261200,1.01265800
6.926000,1.00707500,1.01041900,1.01171900,1.01213400,1.01237700,1.01252000,1.01261200,1.01265800
6.927999,1.00707500,1.01041900,1.01171900,1.01213400,1.01237700,1.01252100,1.01261200,1.01265800
6.929999,1.00707500,1.01041900,1.01172000,1.01213400,1.01237700,1.01252100,1.01261200,1.01265900
6.932000,1.00707600,1.01042000,1.01172000,1.01213500,1.01237800,1.01252100,1.01261300,1.01265900
6.934000,1.00707600,1.01042000,1.01172000,1.01213500,1.01237800,1.01252200,1.01261300,1.01265900
6.935999,1.00707600,1.01042000,1.01172100,1.01213500,1.01237800,1.01252200,1.01261400,1.01266000
6.937999,1.00707600,1.01042100,1.01172100,1.01213600,1.01237900,1.01252200,1.01261400,1.01266000
6.939999,1.00707600,1.01042100,1.01172100,1.01213600,1.01237900,1.01252300,1.01261400,1.01266100
6.942000,1.00707700,1.01042100,1.01172200,1.01213600,1.01237900,1.01252300,1.01261500,1.01266100
6.944000,1.00707700,1.01042200,1.01172200,1.01213700,1.01238000,1.01252300,1.01261500,1.01266100
6.946000,1.00707700,1.01042200,1.01172200,1.01213700,1.01238000,1.01252400,1.01261500,1.01266200
6.947999,1.00707700,1.01042200,1.01172300,1.01213700,1.01238000,1.01252400,1.01261600,1.01266200
6.949999,1.00707700,1.01042300,1.01172300,1.01213800,1.01238100,1.01252400,1.01261600,1.01266200
6.952000,1.00707800,1.01042300,1.01172300,1.01213800,1.01238100,1.01252500,1.01261600,1.01266300
6.954000,1.00707800,1.01042300,1.01172400,1.01213800,1.01238100,1.01252500,1.01261700,1.01266300
6.955999,1.00707800,1.01042400,1.01172400,1.01213900,1.01238200,1.01252500,1.01261700,1.01266300
6.957999,1.00707800,1.01042400,1.01172400,1.01213900,1.01238200,1.01252600,1.01261700,1.01266400
6.960000,1.00707900,1.01042400,1.01172500,1.01214000,1.01238200,1.01252600,1.01261800,1.01266400
6.962000,1.00707900,1.01042400,1.01172500,1.01214000,1.01238300,1.01252700,1.01261800,1.01266400
6.964000,1.00707900,1.01042500,1.01172500,1.01214000,1.01238300,1.01252700,1.01261900,1.01266500
6.966000,1.00707900,1.01042500,1.01172600,1.01214100,1.01238300,1.01252700,1.01261900,1.01266500
6.967999,1.00707900,1.01042500,1.01172600,1.01214100,1.01238400,1.01252800,1.01261900,1.01266600
6.970000,1.00708000,1.01042600,1.01172600,1.01214100,1.01238400,1.01252800,1.01261900,1.01266600
6.972000,1.00708000,1.01042600,1.01172700,1.01214200,1.01238500,1.01252800,1.01262000,1.01266600
6.974000,1.00708000,1.01042600,1.01172700,1.01214200,1.01238500,1.01252900,1.01262000,1.01266600
6.975999,1.00708000,1.01042700,1.01172700,1.01214200,1.01238500,1.01252900,1.01262100,1.01266700
6.977999,1.00708100,1.01042700,1.01172800,1.01214300,1.01238600,1.01252900,1.01262100,1.01266700
6.980000,1.00708100,1.01042700,1.01172800,1.01214300,1.01238600,1.01253000,1.01262100,1.01266800
6.982000,1.00708100,1.01042800,1.01172800,1.01214300,1.01238600,1.01253000,1.01262200,1.01266800
6.984000,1.00708100,1.01042800,1.01172900,1.01214400,1.01238700,1.01253000,1.01262200,1.01266800
6.985999,1.00708200,1.01042800,1.01172900,1.01214400,1.01238700,1.01253100,1.01262200,1.01266900
6.987999,1.00708200,1.01042900,1.01172900,1.01214400,1.01238700,1.01253100,1.01262300,1.01266900
6.990000,1.00708200,1.01042900,1.01173000,1.01214500,1.01238800,1.01253100,1.01262300,1.01266900
6.992000,1.00708200,1.01042900,1.01173000,1.01214500,1.01238800,1.01253200,1.01262300,1.01267000
6.993999,1.00708200,1.01042900,1.01173000,1.01214500,1.01238800,1.01253200,1.01262400,1.01267000
6.995999,1.00708300,1.01043000,1.01173100,1.01214600,1.01238900,1.01253200,1.01262400,1.01267000
6.997999,1.00708300,1.01043000,1.01173100,1.01214600,1.01238900,1.01253300,1.01262500,1.01267100
7.000000,1.00708300,1.01043000,1.01173100,1.01214600,1.01238900,1.01253300,1.01262500,1.01267100
7.002000,1.00708300,1.01043100,1.01173200,1.01214700,1.01239000,1.01253400,1.01262500,1.01267100
7.003999,1.00708400,1.01043100,1.01173200,1.01214700,1.01239000,1.01253400,1.01262600,1.01267200
7.005999,1.00708400,1.01043100,1.01173200,1.01214700,1.01239000,1.01253400,1.01262600,1.01267200
7.007999,1.00708400,1.01043200,1.01173300,1.01214800,1.01239100,1.01253500,1.01262600,1.01267300
7.010000,1.00708400,1.01043200,1.01173300,1.01214800,1.01239100,1.01253500,1.01262700,1.01267300
7.012000,1.00708400,1.01043200,1.01173300,1.01214800,1.01239200,1.01253500,1.01262700,1.01267300
7.013999,1.00708500,1.01043200,1.01173400,1.01214900,1.01239200,1.01253600,1.01262700,1.01267400
7.015999,1.00708500,1.01043300,1.01173400,1.01214900,1.01239200,1.01253600,1.01262800,1.01267400
7.017999,1.00708500,1.01043300,1.01173400,1.01215000,1.01239300,1.01253600,1.01262800,1.01267400
7.020000,1.00708500,1.01043300,1.01173500,1.01215000,1.01239300,1.01253700,1.01262800,1.01267500
7.021999,1.00708600,1.01043400,1.01173500,1.01215000,1.01239300,1.01253700,1.01262900,1.01267500
7.023999,1.00708600,1.01043400,1.01173600,1.01215100,1.01239400,1.01253700,1.01262900,1.01267500
7.025999,1.00708600,1.01043400,1.01173600,1.01215100,1.01239400,1.01253800,1.01262900,1.01267600
7.028000,1.00708600,1.01043500,1.01173600,1.01215100,1.01239400,1.01253800,1.01263000,1.01267600
7.030000,1.00708600,1.01043500,1.01173700,1.01215200,1.01239500,1.01253800,1.01263000,1.01267600
7.032000,1.00708700,1.01043500,1.01173700,1.01215200,1.01239500,1.01253900,1.01263000,1.01267700
7.033999,1.00708700,1.01043600,1.01173700,1.01215200,1.01239500,1.01253900,1.01263100,1.01267700
7.035999,1.00708700,1.01043600,1.01173800,1.01215300,1.01239600,1.01254000,1.01263100,1.01267700
7.038000,1.00708700,1.01043600,1.01173800,1.01215300,1.01239600,1.01254000,1.01263200,1.01267800
7.039999,1.00708800,1.01043700,1.01173800,1.01215300,1.01239600,1.01254000,1.01263200,1.01267800
7.041999,1.00708800,1.01043700,1.01173900,1.01215400,1.01239700,1.01254100,1.01263200,1.01267900
7.043999,1.00708800,1.01043700,1.01173900,1.01215400,1.01239700,1.01254100,1.01263300,1.01267900
7.045999,1.00708800,1.01043700,1.01173900,1.01215400,1.01239700,1.01254100,1.01263300,1.01267900
7.048000,1.00708800,1.01043800,1.01174000,1.01215500,1.01239800,1.01254200,1.01263300,1.01268000
7.050000,1.00708900,1.01043800,1.01174000,1.01215500,1.01239800,1.01254200,1.01263400,1.01268000
7.052000,1.00708900,1.01043800,1.01174000,1.01215500,1.01239800,1.01254200,1.01263400,1.01268000
7.053999,1.00708900,1.01043900,1.01174100,1.01215600,1.01239900,1.01254300,1.01263400,1.01268100
7.055999,1.00708900,1.01043900,1.01174100,1.01215600,1.01239900,1.01254300,1.01263500,1.01268100
7.058000,1.00708900,1.01043900,1.01174100,1.01215600,1.01240000,1.01254300,1.01263500,1.01268100
7.059999,1.00709000,1.01044000,1.01174200,1.01215700,1.01240000,1.01254400,1.01263500,1.01268200
7.061999,1.00709000,1.01044000,1.01174200,1.01215700,1.01240000,1.01254400,1.01263600,1.01268200
7.063999,1.00709000,1.01044000,1.01174200,1.01215800,1.01240100,1.01254500,1.01263600,1.01268200
7.065999,1.00709000,1.01044100,1.01174300,1.01215800,1.01240100,1.01254500,1.01263700,1.01268300
7.068000,1.00709100,1.01044100,1.01174300,1.01215800,1.01240100,1.01254500,1.01263700,1.01268300
7.070000,1.00709100,1.01044100,1.01174300,1.01215900,1.01240200,1.01254500,1.01263700,1.01268400
7.072000,1.00709100,1.01044200,1.01174400,1.01215900,1.01240200,1.01254600,1.01263700,1.01268400
7.073999,1.00709100,1.01044200,1.01174400,1.01215900,1.01240200,1.01254600,1.01263800,1.01268400
7.075999,1.00709200,1.01044200,1.01174400,1.01216000,1.01240300,1.01254700,1.01263800,1.01268500
7.078000,1.00709200,1.01044200,1.01174500,1.01216000,1.01240300,1.01254700,1.01263900,1.01268500
7.079999,1.00709200,1.01044300,1.01174500,1.01216000,1.01240300,1.01254700,1.01263900,1.01268500
7.081999,1.00709200,1.01044300,1.01174500,1.01216100,1.01240400,1.01254800,1.01263900,1.01268600
7.083999,1.00709200,1.01044300,1.01174600,1.01216100,1.01240400,1.01254800,1.01264000,1.01268600
7.085999,1.00709300,1.01044400,1.01174600,1.01216100,1.01240400,1.01254800,1.01264000,1.01268600
7.088000,1.00709300,1.01044400,1.01174600,1.01216200,1.01240500,1.01254900,1.01264000,1.01268700
7.090000,1.00709300,1.01044400,1.01174700,1.01216200,1.01240500,1.01254900,1.01264100,1.01268700
7.092000,1.00709300,1.01044500,1.01174700,1.01216200,1.01240600,1.01254900,1.01264100,1.01268700
7.093999,1.00709400,1.01044500,1.01174700,1.01216300,1.01240600,1.01255000,1.01264100,1.01268800
7.095999,1.00709400,1.01044500,1.01174800,1.01216300,1.01240600,1.01255000,1.01264200,1.01268800
7.098000,1.00709400,1.01044600,1.01174800,1.01216300,1.01240700,1.01255000,1.01264200,1.01268800
7.099999,1.00709400,1.01044600,1.01174800,1.01216400,1.01240700,1.01255100,1.01264300,1.01268900
7.101999,1.00709500,1.01044600,1.01174900,1.01216400,1.01240700,1.01255100,1.01264300,1.01268900
7.103999,1.00709500,1.01044700,1.01174900,1.01216400,1.01240800,1.01255200,1.01264300,1.01268900
7.106000,1.00709500,1.01044700,1.01174900,1.01216500,1.01240800,1.01255200,1.01264400,1.01269000
7.108000,1.00709500,1.01044700,1.01175000,1.01216500,1.01240800,1.01255200,1.01264400,1.01269000
7.110000,1.00709500,1.01044700,1.01175000,1.01216500,1.01240900,1.01255200,1.01264400,1.01269100
7.112000,1.00709600,1.01044800,1.01175000,1.01216600,1.01240900,1.01255300,1.01264500,1.01269100
7.113999,1.00709600,1.01044800,1.01175100,1.01216600,1.01240900,1.01255300,1.01264500,1.01269100
7.116000,1.00709600,1.01044800,1.01175100,1.01216700,1.01241000,1.01255400,1.01264500,1.01269200
7.118000,1.00709600,1.01044900,1.01175100,1.01216700,1.01241000,1.01255400,1.01264600,1.01269200
7.119999,1.00709700,1.01044900,1.01175200,1.01216700,1.01241000,1.01255400,1.01264600,1.01269200
7.121999,1.00709700,1.01044900,1.01175200,1.01216800,1.01241100,1.01255500,1.01264600,1.01269300
7.123999,1.00709700,1.01045000,1.01175200,1.01216800,1.01241100,1.01255500,1.01264700,1.01269300
7.126000,1.00709700,1.01045000,1.01175300,1.01216800,1.01241100,1.01255500,1.01264700,1.01269300
7.128000,1.00709700,1.01045000,1.01175300,1.01216900,1.01241200,1.01255600,1.01264700,1.01269400
7.130000,1.00709800,1.01045000,1.01175300,1.01216900,1.01241200,1.01255600,1.01264800,1.01269400
7.131999,1.00709800,1.01045100,1.01175400,1.01216900,1.01241300,1.01255600,1.01264800,1.01269400
7.133999,1.00709800,1.01045100,1.01175400,1.01217000,1.01241300,1.01255700,1.01264800,1.01269500
7.136000,1.00709800,1.01045100,1.01175500,1.01217000,1.01241300,1.01255700,1.01264900,1.01269500
7.138000,1.00709900,1.01045200,1.01175500,1.01217000,1.01241400,1.01255800,1.01264900,1.01269600
7.139999,1.00709900,1.01045200,1.01175500,1.01217100,1.01241400,1.01255800,1.01265000,1.01269600
7.141999,1.00709900,1.01045200,1.01175500,1.01217100,1.01241400,1.01255800,1.01265000,1.01269600
7.143999,1.00709900,1.01045300,1.01175600,1.01217100,1.01241500,1.01255900,1.01265000,1.01269700
7.146000,1.00709900,1.01045300,1.01175600,1.01217200,1.01241500,1.01255900,1.01265100,1.01269700
7.148000,1.00710000,1.01045300,1.01175700,1.01217200,1.01241500,1.01255900,1.01265100,1.01269700
7.150000,1.00710000,1.01045400,1.01175700,1.01217200,1.01241600,1.01256000,1.01265100,1.01269800
7.151999,1.00710000,1.01045400,1.01175700,1.01217300,1.01241600,1.01256000,1.01265200,1.01269800
7.153999,1.00710000,1.01045400,1.01175800,1.01217300,1.01241600,1.01256000,1.01265200,1.01269800
7.156000,1.00710100,1.01045500,1.01175800,1.01217300,1.01241700,1.01256100,1.01265200,1.01269900
7.158000,1.00710100,1.01045500,1.01175800,1.01217400,1.01241700,1.01256100,1.01265300,1.01269900
7.159999,1.00710100,1.01045500,1.01175900,1.01217400,1.01241700,1.01256100,1.01265300,1.01269900
7.161999,1.00710100,1.01045500,1.01175900,1.01217400,1.01241800,1.01256200,1.01265300,1.01270000
7.163999,1.00710100,1.01045600,1.01175900,1.01217500,1.01241800,1.01256200,1.01265400,1.01270000
7.166000,1.00710200,1.01045600,1.01176000,1.01217500,1.01241900,1.01256200,1.01265400,1.01270000
7.168000,1.00710200,1.01045600,1.01176000,1.01217600,1.01241900,1.01256300,1.01265500,1.01270100
7.170000,1.00710200,1.01045700,1.01176000,1.01217600,1.01241900,1.01256300,1.01265500,1.01270100
7.171999,1.00710200,1.01045700,1.01176100,1.01217600,1.01242000,1.01256300,1.01265500,1.01270200
7.173999,1.00710200,1.01045700,1.01176100,1.01217700,1.01242000,1.01256400,1.01265600,1.01270200
7.176000,1.00710300,1.01045800,1.01176100,1.01217700,1.01242000,1.01256400,1.01265600,1.01270200
7.177999,1.00710300,1.01045800,1.01176200,1.01217700,1.01242100,1.01256500,1.01265600,1.01270300
7.179999,1.00710300,1.01045800,1.01176200,1.01217800,1.01242100,1.01256500,1.01265700,1.01270300
7.181999,1.00710300,1.01045900,1.01176200,1.01217800,1.01242100,1.01256500,1.01265700,1.01270300
7.184000,1.00710400,1.01045900,1.01176300,1.01217800,1.01242200,1.01256600,1.01265700,1.01270400
7.186000,1.00710400,1.01045900,1.01176300,1.01217900,1.01242200,1.01256600,1.01265800,1.01270400
7.188000,1.00710400,1.01046000,1.01176300,1.01217900,1.01242200,1.01256600,1.01265800,1.01270400
7.190000,1.00710400,1.01046000,1.01176400,1.01217900,1.01242300,1.01256700,1.01265800,1.01270500
7.191999,1.00710500,1.01046000,1.01176400,1.01218000,1.01242300,1.01256700,1.01265900,1.01270500
7.194000,1.00710500,1.01046000,1.01176400,1.01218000,1.01242300,1.01256700,1.01265900,1.01270500
7.196000,1.00710500,1.01046100,1.01176500,1.01218000,1.01242400,1.01256800,1.01265900,1.01270600
7.197999,1.00710500,1.01046100,1.01176500,1.01218100,1.01242400,1.01256800,1.01266000,1.01270600
7.199999,1.00710500,1.01046100,1.01176500,1.01218100,1.01242400,1.01256800,1.01266000,1.01270700
7.201999,1.00710600,1.01046200,1.01176600,1.01218200,1.01242500,1.01256900,1.01266100,1.01270700
7.204000,1.00710600,1.01046200,1.01176600,1.01218200,1.01242500,1.01256900,1.01266100,1.01270700
7.206000,1.00710600,1.01046200,1.01176600,1.01218200,1.01242600,1.01257000,1.01266100,1.01270800
7.208000,1.00710600,1.01046300,1.01176700,1.01218200,1.01242600,1.01257000,1.01266200,1.01270800
7.210000,1.00710700,1.01046300,1.01176700,1.01218300,1.01242600,1.01257000,1.01266200,1.01270800
7.211999,1.00710700,1.01046300,1.01176700,1.01218300,1.01242700,1.01257100,1.01266200,1.01270900
7.214000,1.00710700,1.01046400,1.01176800,1.01218400,1.01242700,1.01257100,1.01266300,1.01270900
7.216000,1.00710700,1.01046400,1.01176800,1.01218400,1.01242700,1.01257100,1.01266300,1.01270900
7.217999,1.00710700,1.01046400,1.01176800,1.01218400,1.01242800,1.01257200,1.01266300,1.01271000
7.219999,1.00710800,1.01046500,1.01176900,1.01218500,1.01242800,1.01257200,1.01266400,1.01271000
7.221999,1.00710800,1.01046500,1.01176900,1.01218500,1.01242800,1.01257200,1.01266400,1.01271000
7.224000,1.00710800,1.01046500,1.01176900,1.01218500,1.01242900,1.01257300,1.01266400,1.01271100
7.226000,1.00710800,1.01046600,1.01177000,1.01218600,1.01242900,1.01257300,1.01266500,1.01271100
7.228000,1.00710900,1.01046600,1.01177000,1.01218600,1.01242900,1.01257300,1.01266500,1.01271200
7.229999,1.00710900,1.01046600,1.01177000,1.01218600,1.01243000,1.01257400,1.01266600,1.01271200
7.231999,1.00710900,1.01046600,1.01177100,1.01218700,1.01243000,1.01257400,1.01266600,1.01271200
7.234000,1.00710900,1.01046700,1.01177100,1.01218700,1.01243000,1.01257400,1.01266600,1.01271300
7.236000,1.00711000,1.01046700,1.01177200,1.01218700,1.01243100,1.01257500,1.01266700,1.01271300
7.237999,1.00711000,1.01046700,1.01177200,1.01218800,1.01243100,1.01257500,1.01266700,1.01271300
7.239999,1.00711000,1.01046800,1.01177200,1.01218800,1.01243200,1.01257600,1.01266700,1.01271400
7.241999,1.00711000,1.01046800,1.01177300,1.01218800,1.01243200,1.01257600,1.01266800,1.01271400
7.244000,1.00711000,1.01046800,1.01177300,1.01218900,1.01243200,1.01257600,1.01266800,1.01271400
7.245999,1.00711100,1.01046900,1.01177300,1.01218900,1.01243300,1.01257700,1.01266800,1.01271500
7.247999,1.00711100,1.01046900,1.01177400,1.01219000,1.01243300,1.01257700,1.01266900,1.01271500
7.249999,1.00711100,1.01046900,1.01177400,1.01219000,1.01243300,1.01257700,1.01266900,1.01271500
7.251999,1.00711100,1.01047000,1.01177400,1.01219000,1.01243400,1.01257800,1.01266900,1.01271600
7.254000,1.00711200,1.01047000,1.01177500,1.01219100,1.01243400,1.01257800,1.01267000,1.01271600
7.256000,1.00711200,1.01047000,1.01177500,1.01219100,1.01243400,1.01257800,1.01267000,1.01271600
7.257999,1.00711200,1.01047100,1.01177500,1.01219100,1.01243500,1.01257900,1.01267100,1.01271700
7.259999,1.00711200,1.01047100,1.01177600,1.01219200,1.01243500,1.01257900,1.01267100,1.01271700
7.262000,1.00711200,1.01047100,1.01177600,1.01219200,1.01243500,1.01257900,1.01267100,1.01271700
7.263999,1.00711300,1.01047100,1.01177600,1.01219200,1.01243600,1.01258000,1.01267200,1.01271800
7.265999,1.00711300,1.01047200,1.01177700,1.01219300,1.01243600,1.01258000,1.01267200,1.01271800
7.267999,1.00711300,1.01047200,1.01177700,1.01219300,1.01243700,1.01258100,1.01267200,1.01271900
7.269999,1.00711300,1.01047200,1.01177700,1.01219300,1.01243700,1.01258100,1.01267300,1.01271900
7.272000,1.00711400,1.01047300,1.01177800,1.01219400,1.01243700,1.01258100,1.01267300,1.01271900
7.274000,1.00711400,1.01047300,1.01177800,1.01219400,1.01243700,1.01258200,1.01267300,1.01272000
7.276000,1.00711400,1.01047300,1.01177800,1.01219400,1.01243800,1.01258200,1.01267400,1.01272000
7.277999,1.00711400,1.01047400,1.01177900,1.01219500,1.01243800,1.01258200,1.01267400,1.01272000
7.279999,1.00711400,1.01047400,1.01177900,1.01219500,1.01243900,1.01258300,1.01267400,1.01272100
7.282000,1.00711500,1.01047400,1.01177900,1.01219500,1.01243900,1.01258300,1.01267500,1.01272100
7.283999,1.00711500,1.01047500,1.01178000,1.01219600,1.01243900,1.01258300,1.01267500,1.01272100
7.285999,1.00711500,1.01047500,1.01178000,1.01219600,1.01244000,1.01258400,1.01267500,1.01272200
7.287999,1.00711500,1.01047500,1.01178000,1.01219600,1.01244000,1.01258400,1.01267600,1.01272200
7.289999,1.00711600,1.01047600,1.01178100,1.01219700,1.01244000,1.01258400,1.01267600,1.01272200
7.292000,1.00711600,1.01047600,1.01178100,1.01219700,1.01244100,1.01258500,1.01267600,1.01272300
7.294000,1.00711600,1.01047600,1.01178100,1.01219700,1.01244100,1.01258500,1.01267700,1.01272300
7.296000,1.00711600,1.01047600,1.01178200,1.01219800,1.01244100,1.01258500,1.01267700,1.01272400
7.297999,1.00711600,1.01047700,1.01178200,1.01219800,1.01244200,1.01258600,1.01267800,1.01272400
7.299999,1.00711700,1.01047700,1.01178200,1.01219900,1.01244200,1.01258600,1.01267800,1.01272400
7.302000,1.00711700,1.01047700,1.01178300,1.01219900,1.01244200,1.01258600,1.01267800,1.01272500
7.303999,1.00711700,1.01047800,1.01178300,1.01219900,1.01244300,1.01258700,1.01267900,1.01272500
7.305999,1.00711700,1.01047800,1.01178300,1.01220000,1.01244300,1.01258700,1.01267900,1.01272500
7.307999,1.00711800,1.01047800,1.01178400,1.01220000,1.01244400,1.01258800,1.01267900,1.01272600
7.309999,1.00711800,1.01047900,1.01178400,1.01220000,1.01244400,1.01258800,1.01268000,1.01272600
7.312000,1.00711800,1.01047900,1.01178400,1.01220100,1.01244400,1.01258800,1.01268000,1.01272600
7.314000,1.00711800,1.01047900,1.01178500,1.01220100,1.01244500,1.01258900,1.01268000,1.01272700
7.316000,1.00711800,1.01048000,1.01178500,1.01220100,1.01244500,1.01258900,1.01268100,1.01272700
7.317999,1.00711900,1.01048000,1.01178600,1.01220200,1.01244500,1.01258900,1.01268100,1.01272700
7.319999,1.00711900,1.01048000,1.01178600,1.01220200,1.01244600,1.01259000,1.01268100,1.01272800
7.322000,1.00711900,1.01048100,1.01178600,1.01220200,1.01244600,1.01259000,1.01268200,1.01272800
7.323999,1.00711900,1.01048100,1.01178700,1.01220300,1.01244600,1.01259000,1.01268200,1.01272900
7.325999,1.00712000,1.01048100,1.01178700,1.01220300,1.01244700,1.01259100,1.01268300,1.01272900
7.327999,1.00712000,1.01048100,1.01178700,1.01220300,1.01244700,1.01259100,1.01268300,1.01272900
7.330000,1.00712000,1.01048200,1.01178800,1.01220400,1.01244700,1.01259100,1.01268300,1.01273000
7.332000,1.00712000,1.01048200,1.01178800,1.01220400,1.01244800,1.01259200,1.01268400,1.01273000
7.334000,1.00712000,1.01048200,1.01178800,1.01220500,1.01244800,1.01259200,1.01268400,1.01273000
7.335999,1.00712100,1.01048300,1.01178900,1.01220500,1.01244800,1.01259300,1.01268400,1.01273100
7.337999,1.00712100,1.01048300,1.01178900,1.01220500,1.01244900,1.01259300,1.01268500,1.01273100
7.340000,1.00712100,1.01048300,1.01178900,1.01220500,1.01244900,1.01259300,1.01268500,1.01273100
7.342000,1.00712100,1.01048400,1.01179000,1.01220600,1.01245000,1.01259400,1.01268500,1.01273200
7.343999,1.00712200,1.01048400,1.01179000,1.01220600,1.01245000,1.01259400,1.01268600,1.01273200
7.345999,1.00712200,1.01048400,1.01179000,1.01220700,1.01245000,1.01259400,1.01268600,1.01273300
7.347999,1.00712200,1.01048500,1.01179100,1.01220700,1.01245100,1.01259500,1.01268600,1.01273300
7.350000,1.00712200,1.01048500,1.01179100,1.01220700,1.01245100,1.01259500,1.01268700,1.01273300
7.352000,1.00712300,1.01048500,1.01179100,1.01220800,1.01245100,1.01259500,1.01268700,1.01273400
7.354000,1.00712300,1.01048600,1.01179200,1.01220800,1.01245200,1.01259600,1.01268800,1.01273400
7.355999,1.00712300,1.01048600,1.01179200,1.01220800,1.01245200,1.01259600,1.01268800,1.01273400
7.357999,1.00712300,1.01048600,1.01179200,1.01220900,1.01245200,1.01259600,1.01268800,1.01273500
7.360000,1.00712300,1.01048600,1.01179300,1.01220900,1.01245300,1.01259700,1.01268900,1.01273500
7.362000,1.00712400,1.01048700,1.01179300,1.01220900,1.01245300,1.01259700,1.01268900,1.01273500
7.363999,1.00712400,1.01048700,1.01179300,1.01221000,1.01245300,1.01259800,1.01268900,1.01273600
7.365999,1.00712400,1.01048700,1.01179400,1.01221000,1.01245400,1.01259800,1.01269000,1.01273600
7.367999,1.00712400,1.01048800,1.01179400,1.01221000,1.01245400,1.01259800,1.01269000,1.01273600
7.370000,1.00712500,1.01048800,1.01179400,1.01221100,1.01245400,1.01259900,1.01269000,1.01273700
7.372000,1.00712500,1.01048800,1.01179500,1.01221100,1.01245500,1.01259900,1.01269100,1.01273700
7.374000,1.00712500,1.01048900,1.01179500,1.01221100,1.01245500,1.01259900,1.01269100,1.01273800
7.375999,1.00712500,1.01048900,1.01179500,1.01221200,1.01245500,1.01260000,1.01269100,1.01273800
7.377999,1.00712500,1.01048900,1.01179600,1.01221200,1.01245600,1.01260000,1.01269200,1.01273800
7.380000,1.00712600,1.01049000,1.01179600,1.01221300,1.01245600,1.01260000,1.01269200,1.01273900
7.381999,1.00712600,1.01049000,1.01179600,1.01221300,1.01245700,1.01260100,1.01269300,1.01273900
7.383999,1.00712600,1.01049000,1.01179700,1.01221300,1.01245700,1.01260100,1.01269300,1.01273900
7.385999,1.00712600,1.01049100,1.01179700,1.01221400,1.01245700,1.01260100,1.01269300,1.01274000
7.387999,1.00712700,1.01049100,1.01179700,1.01221400,1.01245800,1.01260200,1.01269400,1.01274000
7.390000,1.00712700,1.01049100,1.01179800,1.01221400,1.01245800,1.01260200,1.01269400,1.01274000
7.392000,1.00712700,1.01049100,1.01179800,1.01221500,1.01245800,1.01260200,1.01269400,1.01274100
7.394000,1.00712700,1.01049200,1.01179900,1.01221500,1.01245900,1.01260300,1.01269500,1.01274100
7.395999,1.00712800,1.01049200,1.01179900,1.01221500,1.01245900,1.01260300,1.01269500,1.01274100
7.397999,1.00712800,1.01049200,1.01179900,1.01221600,1.01245900,1.01260400,1.01269500,1.01274200
7.400000,1.00712800,1.01049300,1.01180000,1.01221600,1.01246000,1.01260400,1.01269600,1.01274200
7.401999,1.00712800,1.01049300,1.01180000,1.01221600,1.01246000,1.01260400,1.01269600,1.01274300
7.403999,1.00712800,1.01049300,1.01180000,1.01221700,1.01246000,1.01260500,1.01269700,1.01274300
7.405999,1.00712900,1.01049400,1.01180100,1.01221700,1.01246100,1.01260500,1.01269700,1.01274300
7.408000,1.00712900,1.01049400,1.01180100,1.01221700,1.01246100,1.01260500,1.01269700,1.01274300
7.410000,1.00712900,1.01049400,1.01180100,1.01221800,1.01246200,1.01260600,1.01269800,1.01274400
7.412000,1.00712900,1.01049500,1.01180200,1.01221800,1.01246200,1.01260600,1.01269800,1.01274400
7.414000,1.00713000,1.01049500,1.01180200,1.01221800,1.01246200,1.01260600,1.01269800,1.01274500
7.415999,1.00713000,1.01049500,1.01180200,1.01221900,1.01246300,1.01260700,1.01269900,1.01274500
7.418000,1.00713000,1.01049600,1.01180300,1.01221900,1.01246300,1.01260700,1.01269900,1.01274500
7.420000,1.00713000,1.01049600,1.01180300,1.01222000,1.01246300,1.01260700,1.01269900,1.01274600
7.421999,1.00713100,1.01049600,1.01180300,1.01222000,1.01246400,1.01260800,1.01270000,1.01274600
7.423999,1.00713100,1.01049600,1.01180400,1.01222000,1.01246400,1.01260800,1.01270000,1.01274600
7.425999,1.00713100,1.01049700,1.01180400,1.01222100,1.01246400,1.01260900,1.01270000,1.01274700
7.428000,1.00713100,1.01049700,1.01180400,1.01222100,1.01246500,1.01260900,1.01270100,1.01274700
7.430000,1.00713100,1.01049700,1.01180500,1.01222100,1.01246500,1.01260900,1.01270100,1.01274700
7.432000,1.00713200,1.01049800,1.01180500,1.01222200,1.01246500,1.01261000,1.01270200,1.01274800
7.434000,1.00713200,1.01049800,1.01180500,1.01222200,1.01246600,1.01261000,1.01270200,1.01274800
7.435999,1.00713200,1.01049800,1.01180600,1.01222200,1.01246600,1.01261000,1.01270200,1.01274800
7.438000,1.00713200,1.01049900,1.01180600,1.01222300,1.01246600,1.01261100,1.01270300,1.01274900
7.440000,1.00713300,1.01049900,1.01180600,1.01222300,1.01246700,1.01261100,1.01270300,1.01274900
7.441999,1.00713300,1.01049900,1.01180700,1.01222300,1.01246700,1.01261100,1.01270300,1.01275000
7.443999,1.00713300,1.01050000,1.01180700,1.01222400,1.01246800,1.01261200,1.01270400,1.01275000
7.445999,1.00713300,1.01050000,1.01180700,1.01222400,1.01246800,1.01261200,1.01270400,1.01275000
7.448000,1.00713300,1.01050000,1.01180800,1.01222400,1.01246800,1.01261200,1.01270400,1.01275100
7.450000,1.00713400,1.01050100,1.01180800,1.01222500,1.01246900,1.01261300,1.01270500,1.01275100
7.452000,1.00713400,1.01050100,1.01180800,1.01222500,1.01246900,1.01261300,1.01270500,1.01275100
7.453999,1.00713400,1.01050100,1.01180900,1.01222600,1.01246900,1.01261400,1.01270500,1.01275200
7.455999,1.00713400,1.01050200,1.01180900,1.01222600,1.01247000,1.01261400,1.01270600,1.01275200
7.458000,1.00713500,1.01050200,1.01180900,1.01222600,1.01247000,1.01261400,1.01270600,1.01275200
7.460000,1.00713500,1.01050200,1.01181000,1.01222700,1.01247000,1.01261500,1.01270700,1.01275300
7.461999,1.00713500,1.01050200,1.01181000,1.01222700,1.01247100,1.01261500,1.01270700,1.01275300
7.463999,1.00713500,1.01050300,1.01181100,1.01222700,1.01247100,1.01261500,1.01270700,1.01275300
7.465999,1.00713600,1.01050300,1.01181100,1.01222800,1.01247100,1.01261600,1.01270800,1.01275400
7.468000,1.00713600,1.01050300,1.01181100,1.01222800,1.01247200,1.01261600,1.01270800,1.01275400
7.470000,1.00713600,1.01050400,1.01181100,1.01222800,1.01247200,1.01261600,1.01270800,1.01275500
7.471999,1.00713600,1.01050400,1.01181200,1.01222900,1.01247300,1.01261700,1.01270900,1.01275500
7.473999,1.00713600,1.01050400,1.01181200,1.01222900,1.01247300,1.01261700,1.01270900,1.01275500
7.475999,1.00713700,1.01050500,1.01181300,1.01222900,1.01247300,1.01261700,1.01270900,1.01275600
7.478000,1.00713700,1.01050500,1.01181300,1.01223000,1.01247400,1.01261800,1.01271000,1.01275600
7.480000,1.00713700,1.01050500,1.01181300,1.01223000,1.01247400,1.01261800,1.01271000,1.01275600
7.481999,1.00713700,1.01050600,1.01181400,1.01223000,1.01247400,1.01261900,1.01271000,1.01275700
7.483999,1.00713800,1.01050600,1.01181400,1.01223100,1.01247500,1.01261900,1.01271100,1.01275700
7.486000,1.00713800,1.01050600,1.01181400,1.01223100,1.01247500,1.01261900,1.01271100,1.01275700
7.488000,1.00713800,1.01050700,1.01181500,1.01223100,1.01247500,1.01262000,1.01271200,1.01275800
7.489999,1.00713800,1.01050700,1.01181500,1.01223200,1.01247600,1.01262000,1.01271200,1.01275800
7.491999,1.00713800,1.01050700,1.01181500,1.01223200,1.01247600,1.01262000,1.01271200,1.01275800
7.493999,1.00713900,1.01050700,1.01181600,1.01223300,1.01247600,1.01262100,1.01271300,1.01275900
7.496000,1.00713900,1.01050800,1.01181600,1.01223300,1.01247700,1.01262100,1.01271300,1.01275900
7.498000,1.00713900,1.01050800,1.01181600,1.01223300,1.01247700,1.01262100,1.01271300,1.01276000
7.500000,1.00713900,1.01050800,1.01181700,1.01223300,1.01247800,1.01262200,1.01271400,1.01276000
7.501999,1.00714000,1.01050900,1.01181700,1.01223400,1.01247800,1.01262200,1.01271400,1.01276000
7.503999,1.00714000,1.01050900,1.01181700,1.01223400,1.01247800,1.01262200,1.01271400,1.01276100
7.506000,1.00714000,1.01050900,1.01181800,1.01223500,1.01247800,1.01262300,1.01271500,1.01276100
7.507999,1.00714000,1.01051000,1.01181800,1.01223500,1.01247900,1.01262300,1.01271500,1.01276100
7.509999,1.00714000,1.01051000,1.01181800,1.01223500,1.01247900,1.01262400,1.01271500,1.01276200
7.511999,1.00714100,1.01051000,1.01181900,1.01223600,1.01248000,1.01262400,1.01271600,1.01276200
7.513999,1.00714100,1.01051100,1.01181900,1.01223600,1.01248000,1.01262400,1.01271600,1.01276300
7.516000,1.00714100,1.01051100,1.01181900,1.01223600,1.01248000,1.01262500,1.01271700,1.01276300
7.518000,1.00714100,1.01051100,1.01182000,1.01223700,1.01248100,1.01262500,1.01271700,1.01276300
7.520000,1.00714200,1.01051200,1.01182000,1.01223700,1.01248100,1.01262500,1.01271700,1.01276400
7.521999,1.00714200,1.01051200,1.01182000,1.01223700,1.01248100,1.01262600,1.01271800,1.01276400
7.523999,1.00714200,1.01051200,1.01182100,1.01223800,1.01248200,1.01262600,1.01271800,1.01276400
7.526000,1.00714200,1.01051200,1.01182100,1.01223800,1.01248200,1.01262600,1.01271800,1.01276500
7.527999,1.00714300,1.01051300,1.01182200,1.01223900,1.01248200,1.01262700,1.01271900,1.01276500
7.529999,1.00714300,1.01051300,1.01182200,1.01223900,1.01248300,1.01262700,1.01271900,1.01276500
7.531999,1.00714300,1.01051300,1.01182200,1.01223900,1.01248300,1.01262700,1.01271900,1.01276600
7.533999,1.00714300,1.01051400,1.01182200,1.01224000,1.01248300,1.01262800,1.01272000,1.01276600
7.536000,1.00714300,1.01051400,1.01182300,1.01224000,1.01248400,1.01262800,1.01272000,1.01276600
7.538000,1.00714400,1.01051400,1.01182300,1.01224000,1.01248400,1.01262900,1.01272000,1.01276700
7.539999,1.00714400,1.01051500,1.01182400,1.01224100,1.01248500,1.01262900,1.01272100,1.01276700
7.541999,1.00714400,1.01051500,1.01182400,1.01224100,1.01248500,1.01262900,1.01272100,1.01276800
7.543999,1.00714400,1.01051500,1.01182400,1.01224100,1.01248500,1.01263000,1.01272200,1.01276800
7.546000,1.00714500,1.01051600,1.01182500,1.01224200,1.01248600,1.01263000,1.01272200,1.01276800
7.547999,1.00714500,1.01051600,1.01182500,1.01224200,1.01248600,1.01263000,1.01272200,1.01276900
7.549999,1.00714500,1.01051600,1.01182500,1.01224200,1.01248600,1.01263100,1.01272300,1.01276900
7.551999,1.00714500,1.01051700,1.01182600,1.01224300,1.01248700,1.01263100,1.01272300,1.01276900
7.554000,1.00714500,1.01051700,1.01182600,1.01224300,1.01248700,1.01263100,1.01272300,1.01277000
7.556000,1.00714600,1.01051700,1.01182600,1.01224300,1.01248700,1.01263200,1.01272400,1.01277000
7.558000,1.00714600,1.01051700,1.01182700,1.01224400,1.01248800,1.01263200,1.01272400,1.01277000
7.559999,1.00714600,1.01051800,1.01182700,1.01224400,1.01248800,1.01263200,1.01272400,1.01277100
7.561999,1.00714600,1.01051800,1.01182700,1.01224400,1.01248800,1.01263300,1.01272500,1.01277100
7.564000,1.00714700,1.01051800,1.01182800,1.01224500,1.01248900,1.01263300,1.01272500,1.01277100
7.566000,1.00714700,1.01051900,1.01182800,1.01224500,1.01248900,1.01263300,1.01272500,1.01277200
7.567999,1.00714700,1.01051900,1.01182800,1.01224600,1.01249000,1.01263400,1.01272600,1.01277200
7.569999,1.00714700,1.01051900,1.01182900,1.01224600,1.01249000,1.01263400,1.01272600,1.01277300
7.571999,1.00714800,1.01052000,1.01182900,1.01224600,1.01249000,1.01263500,1.01272700,1.01277300
7.574000,1.00714800,1.01052000,1.01182900,1.01224700,1.01249100,1.01263500,1.01272700,1.01277300
7.576000,1.00714800,1.01052000,1.01183000,1.01224700,1.01249100,1.01263500,1.01272700,1.01277400
7.578000,1.00714800,1.01052100,1.01183000,1.01224700,1.01249100,1.01263600,1.01272800,1.01277400
7.579999,1.00714800,1.01052100,1.01183000,1.01224800,1.01249200,1.01263600,1.01272800,1.01277400
7.581999,1.00714900,1.01052100,1.01183100,1.01224800,1.01249200,1.01263600,1.01272800,1.01277500
7.584000,1.00714900,1.01052200,1.01183100,1.01224800,1.01249200,1.01263700,1.01272900,1.01277500
7.585999,1.00714900,1.01052200,1.01183100,1.01224900,1.01249300,1.01263700,1.01272900,1.01277500
7.587999,1.00714900,1.01052200,1.01183200,1.01224900,1.01249300,1.01263700,1.01272900,1.01277600
7.589999,1.00715000,1.01052300,1.01183200,1.01224900,1.01249300,1.01263800,1.01273000,1.01277600
7.591999,1.00715000,1.01052300,1.01183200,1.01225000,1.01249400,1.01263800,1.01273000,1.01277600
7.594000,1.00715000,1.01052300,1.01183300,1.01225000,1.01249400,1.01263800,1.01273000,1.01277700
7.596000,1.00715000,1.01052300,1.01183300,1.01225000,1.01249500,1.01263900,1.01273100,1.01277700
7.598000,1.00715000,1.01052400,1.01183400,1.01225100,1.01249500,1.01263900,1.01273100,1.01277800
7.599999,1.00715100,1.01052400,1.01183400,1.01225100,1.01249500,1.01264000,1.01273200,1.01277800
7.601999,1.00715100,1.01052400,1.01183400,1.01225100,1.01249600,1.01264000,1.01273200,1.01277800
7.604000,1.00715100,1.01052500,1.01183500,1.01225200,1.01249600,1.01264000,1.01273200,1.01277900
7.605999,1.00715100,1.01052500,1.01183500,1.01225200,1.01249600,1.01264100,1.01273300,1.01277900
7.607999,1.00715200,1.01052500,1.01183500,1.01225300,1.01249700,1.01264100,1.01273300,1.01277900
7.609999,1.00715200,1.01052600,1.01183600,1.01225300,1.01249700,1.01264100,1.01273300,1.01278000
7.611999,1.00715200,1.01052600,1.01183600,1.01225300,1.01249700,1.01264200,1.01273400,1.01278000
7.614000,1.00715200,1.01052600,1.01183600,1.01225400,1.01249800,1.01264200,1.01273400,1.01278000
7.616000,1.00715300,1.01052700,1.01183700,1.01225400,1.01249800,1.01264200,1.01273400,1.01278100
7.618000,1.00715300,1.01052700,1.01183700,1.01225400,1.01249800,1.01264300,1.01273500,1.01278100
7.619999,1.00715300,1.01052700,1.01183700,1.01225500,1.01249900,1.01264300,1.01273500,1.01278200
7.621999,1.00715300,1.01052800,1.01183800,1.01225500,1.01249900,1.01264300,1.01273500,1.01278200
7.624000,1.00715300,1.01052800,1.01183800,1.01225500,1.01249900,1.01264400,1.01273600,1.01278200
7.625999,1.00715400,1.01052800,1.01183800,1.01225600,1.01250000,1.01264400,1.01273600,1.01278300
7.627999,1.00715400,1.01052900,1.01183900,1.01225600,1.01250000,1.01264500,1.01273700,1.01278300
7.629999,1.00715400,1.01052900,1.01183900,1.01225600,1.01250100,1.01264500,1.01273700,1.01278300
7.632000,1.00715400,1.01052900,1.01183900,1.01225700,1.01250100,1.01264500,1.01273700,1.01278400
7.634000,1.00715500,1.01053000,1.01184000,1.01225700,1.01250100,1.01264600,1.01273800,1.01278400
7.636000,1.00715500,1.01053000,1.01184000,1.01225700,1.01250200,1.01264600,1.01273800,1.01278400
7.638000,1.00715500,1.01053000,1.01184000,1.01225800,1.01250200,1.01264600,1.01273800,1.01278500
7.639999,1.00715500,1.01053000,1.01184100,1.01225800,1.01250200,1.01264700,1.01273900,1.01278500
7.642000,1.00715500,1.01053100,1.01184100,1.01225900,1.01250300,1.01264700,1.01273900,1.01278500
7.644000,1.00715600,1.01053100,1.01184100,1.01225900,1.01250300,1.01264800,1.01273900,1.01278600
7.645999,1.00715600,1.01053100,1.01184200,1.01225900,1.01250300,1.01264800,1.01274000,1.01278600
7.647999,1.00715600,1.01053200,1.01184200,1.01226000,1.01250400,1.01264800,1.01274000,1.01278700
7.649999,1.00715600,1.01053200,1.01184200,1.01226000,1.01250400,1.01264900,1.01274000,1.01278700
7.652000,1.00715700,1.01053200,1.01184300,1.01226000,1.01250400,1.01264900,1.01274100,1.01278700
7.654000,1.00715700,1.01053300,1.01184300,1.01226100,1.01250500,1.01264900,1.01274100,1.01278800
7.656000,1.00715700,1.01053300,1.01184400,1.01226100,1.01250500,1.01265000,1.01274200,1.01278800
7.658000,1.00715700,1.01053300,1.01184400,1.01226100,1.01250600,1.01265000,1.01274200,1.01278800
7.659999,1.00715800,1.01053400,1.01184400,1.01226200,1.01250600,1.01265000,1.01274200,1.01278900
7.662000,1.00715800,1.01053400,1.01184500,1.01226200,1.01250600,1.01265100,1.01274300,1.01278900
7.664000,1.00715800,1.01053400,1.01184500,1.01226200,1.01250700,1.01265100,1.01274300,1.01278900
7.665999,1.00715800,1.01053500,1.01184500,1.01226300,1.01250700,1.01265100,1.01274300,1.01279000
7.667999,1.00715800,1.01053500,1.01184600,1.01226300,1.01250700,1.01265200,1.01274400,1.01279000
7.669999,1.00715900,1.01053500,1.01184600,1.01226300,1.01250800,1.01265200,1.01274400,1.01279000
7.672000,1.00715900,1.01053500,1.01184600,1.01226400,1.01250800,1.01265300,1.01274400,1.01279100
7.674000,1.00715900,1.01053600,1.01184700,1.01226400,1.01250800,1.01265300,1.01274500,1.01279100
7.676000,1.00715900,1.01053600,1.01184700,1.01226400,1.01250900,1.01265300,1.01274500,1.01279200
7.677999,1.00716000,1.01053600,1.01184700,1.01226500,1.01250900,1.01265400,1.01274500,1.01279200
7.679999,1.00716000,1.01053700,1.01184800,1.01226500,1.01250900,1.01265400,1.01274600,1.01279200
7.682000,1.00716000,1.01053700,1.01184800,1.01226600,1.01251000,1.01265400,1.01274600,1.01279300
7.684000,1.00716000,1.01053700,1.01184800,1.01226600,1.01251000,1.01265500,1.01274700,1.01279300
7.685999,1.00716000,1.01053800,1.01184900,1.01226600,1.01251100,1.01265500,1.01274700,1.01279300
7.687999,1.00716100,1.01053800,1.01184900,1.01226700,1.01251100,1.01265500,1.01274700,1.01279400
7.689999,1.00716100,1.01053800,1.01184900,1.01226700,1.01251100,1.01265600,1.01274800,1.01279400
7.692000,1.00716100,1.01053900,1.01185000,1.01226700,1.01251200,1.01265600,1.01274800,1.01279400
7.694000,1.00716100,1.01053900,1.01185000,1.01226800,1.01251200,1.01265600,1.01274800,1.01279500
7.695999,1.00716200,1.01053900,1.01185000,1.01226800,1.01251200,1.01265700,1.01274900,1.01279500
7.697999,1.00716200,1.01054000,1.01185100,1.01226800,1.01251300,1.01265700,1.01274900,1.01279600
7.699999,1.00716200,1.01054000,1.01185100,1.01226900,1.01251300,1.01265800,1.01274900,1.01279600
7.702000,1.00716200,1.01054000,1.01185100,1.01226900,1.01251300,1.01265800,1.01275000,1.01279600
7.704000,1.00716300,1.01054100,1.01185200,1.01226900,1.01251400,1.01265800,1.01275000,1.01279700
7.705999,1.00716300,1.01054100,1.01185200,1.01227000,1.01251400,1.01265900,1.01275100,1.01279700
7.707999,1.00716300,1.01054100,1.01185300,1.01227000,1.01251400,1.01265900,1.01275100,1.01279700
7.710000,1.00716300,1.01054200,1.01185300,1.01227100,1.01251500,1.01265900,1.01275100,1.01279800
7.712000,1.00716300,1.01054200,1.01185300,1.01227100,1.01251500,1.01266000,1.01275200,1.01279800
7.713999,1.00716400,1.01054200,1.01185400,1.01227100,1.01251600,1.01266000,1.01275200,1.01279800
7.715999,1.00716400,1.01054300,1.01185400,1.01227200,1.01251600,1.01266000,1.01275200,1.01279900
7.717999,1.00716400,1.01054300,1.01185400,1.01227200,1.01251600,1.01266100,1.01275300,1.01279900
7.720000,1.00716400,1.01054300,1.01185500,1.01227200,1.01251700,1.01266100,1.01275300,1.01280000
7.722000,1.00716500,1.01054300,1.01185500,1.01227300,1.01251700,1.01266100,1.01275300,1.01280000
7.724000,1.00716500,1.01054400,1.01185500,1.01227300,1.01251700,1.01266200,1.01275400,1.01280000
7.725999,1.00716500,1.01054400,1.01185600,1.01227300,1.01251800,1.01266200,1.01275400,1.01280100
7.727999,1.00716500,1.01054400,1.01185600,1.01227400,1.01251800,1.01266300,1.01275500,1.01280100
7.730000,1.00716600,1.01054500,1.01185600,1.01227400,1.01251800,1.01266300,1.01275500,1.01280100
7.731999,1.00716600,1.01054500,1.01185700,1.01227400,1.01251900,1.01266300,1.01275500,1.01280200
7.733999,1.00716600,1.01054500,1.01185700,1.01227500,1.01251900,1.01266400,1.01275600,1.01280200
7.735999,1.00716600,1.01054600,1.01185700,1.01227500,1.01251900,1.01266400,1.01275600,1.01280200
7.737999,1.00716600,1.01054600,1.01185800,1.01227500,1.01252000,1.01266400,1.01275600,1.01280300
7.740000,1.00716700,1.01054600,1.01185800,1.01227600,1.01252000,1.01266500,1.01275700,1.01280300
7.742000,1.00716700,1.01054700,1.01185800,1.01227600,1.01252100,1.01266500,1.01275700,1.01280300
7.743999,1.00716700,1.01054700,1.01185900,1.01227700,1.01252100,1.01266500,1.01275700,1.01280400
7.745999,1.00716700,1.01054700,1.01185900,1.01227700,1.01252100,1.01266600,1.01275800,1.01280400
7.747999,1.00716800,1.01054800,1.01185900,1.01227700,1.01252200,1.01266600,1.01275800,1.01280500
7.750000,1.00716800,1.01054800,1.01186000,1.01227800,1.01252200,1.01266600,1.01275800,1.01280500
7.751999,1.00716800,1.01054800,1.01186000,1.01227800,1.01252200,1.01266700,1.01275900,1.01280500
7.753999,1.00716800,1.01054800,1.01186000,1.01227800,1.01252300,1.01266700,1.01275900,1.01280600
7.755999,1.00716800,1.01054900,1.01186100,1.01227900,1.01252300,1.01266800,1.01276000,1.01280600
7.757999,1.00716900,1.01054900,1.01186100,1.01227900,1.01252300,1.01266800,1.01276000,1.01280600
7.760000,1.00716900,1.01054900,1.01186100,1.01227900,1.01252400,1.01266800,1.01276000,1.01280700
7.762000,1.00716900,1.01055000,1.01186200,1.01228000,1.01252400,1.01266900,1.01276100,1.01280700
7.763999,1.00716900,1.01055000,1.01186200,1.01228000,1.01252400,1.01266900,1.01276100,1.01280700
7.765999,1.00717000,1.01055000,1.01186300,1.01228000,1.01252500,1.01266900,1.01276100,1.01280800
7.767999,1.00717000,1.01055100,1.01186300,1.01228100,1.01252500,1.01267000,1.01276200,1.01280800
7.770000,1.00717000,1.01055100,1.01186300,1.01228100,1.01252600,1.01267000,1.01276200,1.01280900
7.771999,1.00717000,1.01055100,1.01186400,1.01228200,1.01252600,1.01267000,1.01276200,1.01280900
7.773999,1.00717100,1.01055200,1.01186400,1.01228200,1.01252600,1.01267100,1.01276300,1.01280900
7.775999,1.00717100,1.01055200,1.01186400,1.01228200,1.01252700,1.01267100,1.01276300,1.01281000
7.777999,1.00717100,1.01055200,1.01186500,1.01228200,1.01252700,1.01267100,1.01276400,1.01281000
7.780000,1.00717100,1.01055300,1.01186500,1.01228300,1.01252700,1.01267200,1.01276400,1.01281000
7.782000,1.00717100,1.01055300,1.01186500,1.01228300,1.01252800,1.01267200,1.01276400,1.01281100
7.783999,1.00717200,1.01055300,1.01186600,1.01228400,1.01252800,1.01267300,1.01276500,1.01281100
7.785999,1.00717200,1.01055400,1.01186600,1.01228400,1.01252800,1.01267300,1.01276500,1.01281100
7.788000,1.00717200,1.01055400,1.01186600,1.01228400,1.01252900,1.01267300,1.01276500,1.01281200
7.789999,1.00717200,1.01055400,1.01186700,1.01228500,1.01252900,1.01267400,1.01276600,1.01281200
7.791999,1.00717300,1.01055500,1.01186700,1.01228500,1.01252900,1.01267400,1.01276600,1.01281200
7.793999,1.00717300,1.01055500,1.01186700,1.01228500,1.01253000,1.01267400,1.01276600,1.01281300
7.795999,1.00717300,1.01055500,1.01186800,1.01228600,1.01253000,1.01267500,1.01276700,1.01281300
7.798000,1.00717300,1.01055600,1.01186800,1.01228600,1.01253100,1.01267500,1.01276700,1.01281400
7.800000,1.00717400,1.01055600,1.01186800,1.01228600,1.01253100,1.01267500,1.01276800,1.01281400
7.802000,1.00717400,1.01055600,1.01186900,1.01228700,1.01253100,1.01267600,1.01276800,1.01281400
7.803999,1.00717400,1.01055600,1.01186900,1.01228700,1.01253200,1.01267600,1.01276800,1.01281500
7.805999,1.00717400,1.01055700,1.01186900,1.01228700,1.01253200,1.01267600,1.01276900,1.01281500
7.808000,1.00717400,1.01055700,1.01187000,1.01228800,1.01253200,1.01267700,1.01276900,1.01281500
7.809999,1.00717500,1.01055700,1.01187000,1.01228800,1.01253300,1.01267700,1.01276900,1.01281600
7.811999,1.00717500,1.01055800,1.01187100,1.01228900,1.01253300,1.01267800,1.01277000,1.01281600
7.813999,1.00717500,1.01055800,1.01187100,1.01228900,1.01253300,1.01267800,1.01277000,1.01281600
7.815999,1.00717500,1.01055800,1.01187100,1.01228900,1.01253400,1.01267800,1.01277000,1.01281700
7.818000,1.00717600,1.01055900,1.01187200,1.01229000,1.01253400,1.01267900,1.01277100,1.01281700
7.820000,1.00717600,1.01055900,1.01187200,1.01229000,1.01253400,1.01267900,1.01277100,1.01281800
7.822000,1.00717600,1.01055900,1.01187200,1.01229000,1.01253500,1.01267900,1.01277100,1.01281800
7.823999,1.00717600,1.01056000,1.01187300,1.01229100,1.01253500,1.01268000,1.01277200,1.01281800
7.825999,1.00717700,1.01056000,1.01187300,1.01229100,1.01253600,1.01268000,1.01277200,1.01281900
7.828000,1.00717700,1.01056000,1.01187300,1.01229100,1.01253600,1.01268100,1.01277300,1.01281900
7.829999,1.00717700,1.01056100,1.01187400,1.01229200,1.01253600,1.01268100,1.01277300,1.01281900
7.831999,1.00717700,1.01056100,1.01187400,1.01229200,1.01253700,1.01268100,1.01277300,1.01282000
7.833999,1.00717700,1.01056100,1.01187400,1.01229300,1.01253700,1.01268200,1.01277400,1.01282000
7.835999,1.00717800,1.01056100,1.01187500,1.01229300,1.01253700,1.01268200,1.01277400,1.01282000
7.838000,1.00717800,1.01056200,1.01187500,1.01229300,1.01253800,1.01268200,1.01277400,1.01282100
7.840000,1.00717800,1.01056200,1.01187500,1.01229400,1.01253800,1.01268300,1.01277500,1.01282100
7.842000,1.00717800,1.01056200,1.01187600,1.01229400,1.01253800,1.01268300,1.01277500,1.01282200
7.843999,1.00717900,1.01056300,1.01187600,1.01229400,1.01253900,1.01268300,1.01277500,1.01282200
7.845999,1.00717900,1.01056300,1.01187600,1.01229500,1.01253900,1.01268400,1.01277600,1.01282200
7.848000,1.00717900,1.01056300,1.01187700,1.01229500,1.01254000,1.01268400,1.01277600,1.01282300
7.849999,1.00717900,1.01056400,1.01187700,1.01229500,1.01254000,1.01268400,1.01277600,1.01282300
7.851999,1.00717900,1.01056400,1.01187700,1.01229600,1.01254000,1.01268500,1.01277700,1.01282300
7.853999,1.00718000,1.01056400,1.01187800,1.01229600,1.01254100,1.01268500,1.01277700,1.01282400
7.856000,1.00718000,1.01056500,1.01187800,1.01229600,1.01254100,1.01268600,1.01277800,1.01282400
7.858000,1.00718000,1.01056500,1.01187800,1.01229700,1.01254100,1.01268600,1.01277800,1.01282400
7.860000,1.00718000,1.01056500,1.01187900,1.01229700,1.01254200,1.01268600,1.01277800,1.01282500
7.862000,1.00718100,1.01056600,1.01187900,1.01229700,1.01254200,1.01268700,1.01277900,1.01282500
7.863999,1.00718100,1.01056600,1.01188000,1.01229800,1.01254200,1.01268700,1.01277900,1.01282500
7.866000,1.00718100,1.01056600,1.01188000,1.01229800,1.01254300,1.01268700,1.01277900,1.01282600
7.868000,1.00718100,1.01056700,1.01188000,1.01229800,1.01254300,1.01268800,1.01278000,1.01282600
7.869999,1.00718200,1.01056700,1.01188100,1.01229900,1.01254300,1.01268800,1.01278000,1.01282700
7.871999,1.00718200,1.01056700,1.01188100,1.01229900,1.01254400,1.01268800,1.01278100,1.01282700
7.873999,1.00718200,1.01056800,1.01188100,1.01230000,1.01254400,1.01268900,1.01278100,1.01282700
7.876000,1.00718200,1.01056800,1.01188200,1.01230000,1.01254500,1.01268900,1.01278100,1.01282800
7.878000,1.00718200,1.01056800,1.01188200,1.01230000,1.01254500,1.01268900,1.01278200,1.01282800
7.880000,1.00718300,1.01056800,1.01188200,1.01230100,1.01254500,1.01269000,1.01278200,1.01282800
7.881999,1.00718300,1.01056900,1.01188300,1.01230100,1.01254600,1.01269000,1.01278200,1.01282900
7.883999,1.00718300,1.01056900,1.01188300,1.01230100,1.01254600,1.01269100,1.01278300,1.01282900
7.886000,1.00718300,1.01056900,1.01188300,1.01230200,1.01254600,1.01269100,1.01278300,1.01283000
7.888000,1.00718400,1.01057000,1.01188400,1.01230200,1.01254700,1.01269100,1.01278300,1.01283000
7.889999,1.00718400,1.01057000,1.01188400,1.01230200,1.01254700,1.01269200,1.01278400,1.01283000
7.891999,1.00718400,1.01057000,1.01188400,1.01230300,1.01254700,1.01269200,1.01278400,1.01283100
7.893999,1.00718400,1.01057100,1.01188500,1.01230300,1.01254800,1.01269200,1.01278400,1.01283100
7.896000,1.00718500,1.01057100,1.01188500,1.01230300,1.01254800,1.01269300,1.01278500,1.01283100
7.898000,1.00718500,1.01057100,1.01188500,1.01230400,1.01254800,1.01269300,1.01278500,1.01283200
7.900000,1.00718500,1.01057200,1.01188600,1.01230400,1.01254900,1.01269400,1.01278600,1.01283200
7.901999,1.00718500,1.01057200,1.01188600,1.01230500,1.01254900,1.01269400,1.01278600,1.01283200
7.903999,1.00718500,1.01057200,1.01188600,1.01230500,1.01255000,1.01269400,1.01278600,1.01283300
7.906000,1.00718600,1.01057300,1.01188700,1.01230500,1.01255000,1.01269500,1.01278700,1.01283300
7.908000,1.00718600,1.01057300,1.01188700,1.01230600,1.01255000,1.01269500,1.01278700,1.01283300
7.909999,1.00718600,1.01057300,1.01188800,1.01230600,1.01255100,1.01269500,1.01278700,1.01283400
7.911999,1.00718600,1.01057400,1.01188800,1.01230600,1.01255100,1.01269600,1.01278800,1.01283400
7.913999,1.00718700,1.01057400,1.01188800,1.01230700,1.01255100,1.01269600,1.01278800,1.01283500
7.916000,1.00718700,1.01057400,1.01188900,1.01230700,1.01255200,1.01269600,1.01278900,1.01283500
7.918000,1.00718700,1.01057500,1.01188900,1.01230700,1.01255200,1.01269700,1.01278900,1.01283500
7.920000,1.00718700,1.01057500,1.01188900,1.01230800,1.01255200,1.01269700,1.01278900,1.01283600
7.921999,1.00718700,1.01057500,1.01189000,1.01230800,1.01255300,1.01269700,1.01279000,1.01283600
7.923999,1.00718800,1.01057600,1.01189000,1.01230800,1.01255300,1.01269800,1.01279000,1.01283600
7.926000,1.00718800,1.01057600,1.01189000,1.01230900,1.01255300,1.01269800,1.01279000,1.01283700
7.927999,1.00718800,1.01057600,1.01189100,1.01230900,1.01255400,1.01269900,1.01279100,1.01283700
7.929999,1.00718800,1.01057600,1.01189100,1.01231000,1.01255400,1.01269900,1.01279100,1.01283700
7.931999,1.00718900,1.01057700,1.01189100,1.01231000,1.01255500,1.01269900,1.01279100,1.01283800
7.934000,1.00718900,1.01057700,1.01189200,1.01231000,1.01255500,1.01270000,1.01279200,1.01283800
7.936000,1.00718900,1.01057700,1.01189200,1.01231100,1.01255500,1.01270000,1.01279200,1.01283900
7.938000,1.00718900,1.01057800,1.01189200,1.01231100,1.01255600,1.01270000,1.01279200,1.01283900
7.939999,1.00719000,1.01057800,1.01189300,1.01231100,1.01255600,1.01270100,1.01279300,1.01283900
7.941999,1.00719000,1.01057800,1.01189300,1.01231200,1.01255600,1.01270100,1.01279300,1.01284000
7.944000,1.00719000,1.01057900,1.01189300,1.01231200,1.01255700,1.01270100,1.01279400,1.01284000
7.946000,1.00719000,1.01057900,1.01189400,1.01231200,1.01255700,1.01270200,1.01279400,1.01284000
7.947999,1.00719000,1.01057900,1.01189400,1.01231300,1.01255800,1.01270200,1.01279400,1.01284100
7.949999,1.00719100,1.01058000,1.01189400,1.01231300,1.01255800,1.01270200,1.01279500,1.01284100
7.951999,1.00719100,1.01058000,1.01189500,1.01231300,1.01255800,1.01270300,1.01279500,1.01284100
7.954000,1.00719100,1.01058000,1.01189500,1.01231400,1.01255900,1.01270300,1.01279500,1.01284200
7.955999,1.00719100,1.01058100,1.01189600,1.01231400,1.01255900,1.01270400,1.01279600,1.01284200
7.957999,1.00719200,1.01058100,1.01189600,1.01231400,1.01255900,1.01270400,1.01279600,1.01284300
7.959999,1.00719200,1.01058100,1.01189600,1.01231500,1.01256000,1.01270400,1.01279600,1.01284300
7.961999,1.00719200,1.01058100,1.01189700,1.01231500,1.01256000,1.01270500,1.01279700,1.01284300
7.964000,1.00719200,1.01058200,1.01189700,1.01231600,1.01256000,1.01270500,1.01279700,1.01284400
7.966000,1.00719300,1.01058200,1.01189700,1.01231600,1.01256100,1.01270500,1.01279800,1.01284400
7.967999,1.00719300,1.01058200,1.01189800,1.01231600,1.01256100,1.01270600,1.01279800,1.01284400
7.969999,1.00719300,1.01058300,1.01189800,1.01231700,1.01256100,1.01270600,1.01279800,1.01284500
7.971999,1.00719300,1.01058300,1.01189800,1.01231700,1.01256200,1.01270700,1.01279900,1.01284500
7.974000,1.00719300,1.01058300,1.01189900,1.01231700,1.01256200,1.01270700,1.01279900,1.01284500
7.975999,1.00719400,1.01058400,1.01189900,1.01231800,1.01256300,1.01270700,1.01279900,1.01284600
7.977999,1.00719400,1.01058400,1.01189900,1.01231800,1.01256300,1.01270800,1.01280000,1.01284600
7.979999,1.00719400,1.01058400,1.01190000,1.01231800,1.01256300,1.01270800,1.01280000,1.01284700
7.981999,1.00719400,1.01058500,1.01190000,1.01231900,1.01256400,1.01270800,1.01280000,1.01284700
7.984000,1.00719500,1.01058500,1.01190000,1.01231900,1.01256400,1.01270900,1.01280100,1.01284700
7.986000,1.00719500,1.01058500,1.01190100,1.01231900,1.01256400,1.01270900,1.01280100,1.01284800
7.987999,1.00719500,1.01058600,1.01190100,1.01232000,1.01256500,1.01270900,1.01280200,1.01284800
7.989999,1.00719500,1.01058600,1.01190100,1.01232000,1.01256500,1.01271000,1.01280200,1.01284800
7.991999,1.00719600,1.01058600,1.01190200,1.01232100,1.01256500,1.01271000,1.01280200,1.01284900
7.993999,1.00719600,1.01058700,1.01190200,1.01232100,1.01256600,1.01271000,1.01280300,1.01284900
7.995999,1.00719600,1.01058700,1.01190200,1.01232100,1.01256600,1.01271100,1.01280300,1.01284900
7.997999,1.00719600,1.01058700,1.01190300,1.01232200,1.01256600,1.01271100,1.01280300,1.01285000
7.999999,1.00719600,1.01058800,1.01190300,1.01232200,1.01256700,1.01271200,1.01280400,1.01285000
8.001999,1.00719700,1.01058800,1.01190400,1.01232200,1.01256700,1.01271200,1.01280400,1.01285100
8.004000,1.00719700,1.01058800,1.01190400,1.01232300,1.01256800,1.01271200,1.01280400,1.01285100
8.006000,1.00719700,1.01058900,1.01190400,1.01232300,1.01256800,1.01271300,1.01280500,1.01285100
8.007999,1.00719700,1.01058900,1.01190500,1.01232300,1.01256800,1.01271300,1.01280500,1.01285200
8.009999,1.00719800,1.01058900,1.01190500,1.01232400,1.01256900,1.01271300,1.01280500,1.01285200
8.012000,1.00719800,1.01058900,1.01190500,1.01232400,1.01256900,1.01271400,1.01280600,1.01285200
8.014000,1.00719800,1.01059000,1.01190600,1.01232400,1.01256900,1.01271400,1.01280600,1.01285300
8.016000,1.00719800,1.01059000,1.01190600,1.01232500,1.01257000,1.01271400,1.01280700,1.01285300
8.018000,1.00719900,1.01059000,1.01190600,1.01232500,1.01257000,1.01271500,1.01280700,1.01285400
8.020000,1.00719900,1.01059100,1.01190700,1.01232600,1.01257000,1.01271500,1.01280700,1.01285400
8.021999,1.00719900,1.01059100,1.01190700,1.01232600,1.01257100,1.01271600,1.01280800,1.01285400
8.023999,1.00719900,1.01059100,1.01190700,1.01232600,1.01257100,1.01271600,1.01280800,1.01285500
8.025999,1.00720000,1.01059200,1.01190800,1.01232700,1.01257100,1.01271600,1.01280800,1.01285500
8.027999,1.00720000,1.01059200,1.01190800,1.01232700,1.01257200,1.01271700,1.01280900,1.01285500
8.029999,1.00720000,1.01059200,1.01190800,1.01232700,1.01257200,1.01271700,1.01280900,1.01285600
8.032000,1.00720000,1.01059300,1.01190900,1.01232800,1.01257300,1.01271700,1.01281000,1.01285600
8.033999,1.00720000,1.01059300,1.01190900,1.01232800,1.01257300,1.01271800,1.01281000,1.01285600
8.035999,1.00720100,1.01059300,1.01190900,1.01232800,1.01257300,1.01271800,1.01281000,1.01285700
8.037999,1.00720100,1.01059400,1.01191000,1.01232900,1.01257400,1.01271800,1.01281100,1.01285700
8.039999,1.00720100,1.01059400,1.01191000,1.01232900,1.01257400,1.01271900,1.01281100,1.01285700
8.042000,1.00720100,1.01059400,1.01191100,1.01232900,1.01257400,1.01271900,1.01281100,1.01285800
8.044000,1.00720200,1.01059500,1.01191100,1.01233000,1.01257500,1.01272000,1.01281200,1.01285800
8.046000,1.00720200,1.01059500,1.01191100,1.01233000,1.01257500,1.01272000,1.01281200,1.01285900
8.047999,1.00720200,1.01059500,1.01191200,1.01233100,1.01257600,1.01272000,1.01281200,1.01285900
8.049999,1.00720200,1.01059600,1.01191200,1.01233100,1.01257600,1.01272100,1.01281300,1.01285900
8.052000,1.00720300,1.01059600,1.01191200,1.01233100,1.01257600,1.01272100,1.01281300,1.01286000
8.054000,1.00720300,1.01059600,1.01191300,1.01233200,1.01257700,1.01272100,1.01281400,1.01286000
8.056000,1.00720300,1.01059700,1.01191300,1.01233200,1.01257700,1.01272200,1.01281400,1.01286000
8.058000,1.00720300,1.01059700,1.01191300,1.01233200,1.01257700,1.01272200,1.01281400,1.01286100
8.059999,1.00720300,1.01059700,1.01191400,1.01233300,1.01257800,1.01272200,1.01281500,1.01286100
8.061999,1.00720400,1.01059700,1.01191400,1.01233300,1.01257800,1.01272300,1.01281500,1.01286100
8.063999,1.00720400,1.01059800,1.01191400,1.01233300,1.01257800,1.01272300,1.01281500,1.01286200
8.065999,1.00720400,1.01059800,1.01191500,1.01233400,1.01257900,1.01272400,1.01281600,1.01286200
8.067999,1.00720400,1.01059800,1.01191500,1.01233400,1.01257900,1.01272400,1.01281600,1.01286300
8.069999,1.00720500,1.01059900,1.01191500,1.01233400,1.01257900,1.01272400,1.01281600,1.01286300
8.072000,1.00720500,1.01059900,1.01191600,1.01233500,1.01258000,1.01272500,1.01281700,1.01286300
8.073999,1.00720500,1.01059900,1.01191600,1.01233500,1.01258000,1.01272500,1.01281700,1.01286400
8.075999,1.00720500,1.01060000,1.01191600,1.01233600,1.01258100,1.01272500,1.01281800,1.01286400
8.077999,1.00720500,1.01060000,1.01191700,1.01233600,1.01258100,1.01272600,1.01281800,1.01286400
8.080000,1.00720600,1.01060000,1.01191700,1.01233600,1.01258100,1.01272600,1.01281800,1.01286500
8.082000,1.00720600,1.01060100,1.01191700,1.01233700,1.01258200,1.01272600,1.01281900,1.01286500
8.084000,1.00720600,1.01060100,1.01191800,1.01233700,1.01258200,1.01272700,1.01281900,1.01286500
8.085999,1.00720600,1.01060100,1.01191800,1.01233700,1.01258200,1.01272700,1.01281900,1.01286600
8.087999,1.00720700,1.01060200,1.01191900,1.01233800,1.01258300,1.01272700,1.01282000,1.01286600
8.090000,1.00720700,1.01060200,1.01191900,1.01233800,1.01258300,1.01272800,1.01282000,1.01286600
8.092000,1.00720700,1.01060200,1.01191900,1.01233800,1.01258300,1.01272800,1.01282000,1.01286700
8.094000,1.00720700,1.01060300,1.01192000,1.01233900,1.01258400,1.01272900,1.01282100,1.01286700
8.096000,1.00720800,1.01060300,1.01192000,1.01233900,1.01258400,1.01272900,1.01282100,1.01286800
8.098000,1.00720800,1.01060300,1.01192000,1.01233900,1.01258400,1.01272900,1.01282200,1.01286800
8.099999,1.00720800,1.01060400,1.01192100,1.01234000,1.01258500,1.01273000,1.01282200,1.01286800
8.101999,1.00720800,1.01060400,1.01192100,1.01234000,1.01258500,1.01273000,1.01282200,1.01286900
8.103999,1.00720800,1.01060400,1.01192100,1.01234100,1.01258600,1.01273000,1.01282300,1.01286900
8.105999,1.00720900,1.01060500,1.01192200,1.01234100,1.01258600,1.01273100,1.01282300,1.01286900
8.107999,1.00720900,1.01060500,1.01192200,1.01234100,1.01258600,1.01273100,1.01282300,1.01287000
8.110000,1.00720900,1.01060500,1.01192200,1.01234200,1.01258700,1.01273200,1.01282400,1.01287000
8.112000,1.00720900,1.01060500,1.01192300,1.01234200,1.01258700,1.01273200,1.01282400,1.01287100
8.113999,1.00721000,1.01060600,1.01192300,1.01234200,1.01258700,1.01273200,1.01282400,1.01287100
8.115999,1.00721000,1.01060600,1.01192300,1.01234300,1.01258800,1.01273300,1.01282500,1.01287100
8.117999,1.00721000,1.01060700,1.01192400,1.01234300,1.01258800,1.01273300,1.01282500,1.01287200
8.120000,1.00721000,1.01060700,1.01192400,1.01234300,1.01258900,1.01273300,1.01282500,1.01287200
8.122000,1.00721100,1.01060700,1.01192500,1.01234400,1.01258900,1.01273400,1.01282600,1.01287200
8.124000,1.00721100,1.01060700,1.01192500,1.01234400,1.01258900,1.01273400,1.01282600,1.01287300
8.125999,1.00721100,1.01060800,1.01192500,1.01234400,1.01259000,1.01273400,1.01282700,1.01287300
8.127999,1.00721100,1.01060800,1.01192600,1.01234500,1.01259000,1.01273500,1.01282700,1.01287400
8.130000,1.00721100,1.01060800,1.01192600,1.01234500,1.01259000,1.01273500,1.01282700,1.01287400
8.132000,1.00721200,1.01060900,1.01192600,1.01234600,1.01259100,1.01273500,1.01282800,1.01287400
8.134000,1.00721200,1.01060900,1.01192700,1.01234600,1.01259100,1.01273600,1.01282800,1.01287500
8.136000,1.00721200,1.01060900,1.01192700,1.01234600,1.01259100,1.01273600,1.01282800,1.01287500
8.137999,1.00721200,1.01061000,1.01192700,1.01234700,1.01259200,1.01273700,1.01282900,1.01287500
8.139999,1.00721300,1.01061000,1.01192800,1.01234700,1.01259200,1.01273700,1.01282900,1.01287600
8.141999,1.00721300,1.01061000,1.01192800,1.01234700,1.01259200,1.01273700,1.01283000,1.01287600
8.143999,1.00721300,1.01061100,1.01192800,1.01234800,1.01259300,1.01273800,1.01283000,1.01287600
8.145999,1.00721300,1.01061100,1.01192900,1.01234800,1.01259300,1.01273800,1.01283000,1.01287700
8.147999,1.00721400,1.01061100,1.01192900,1.01234800,1.01259400,1.01273800,1.01283100,1.01287700
8.150000,1.00721400,1.01061200,1.01192900,1.01234900,1.01259400,1.01273900,1.01283100,1.01287700
8.151999,1.00721400,1.01061200,1.01193000,1.01234900,1.01259400,1.01273900,1.01283100,1.01287800
8.153999,1.00721400,1.01061200,1.01193000,1.01234900,1.01259500,1.01274000,1.01283200,1.01287800
8.155999,1.00721500,1.01061300,1.01193000,1.01235000,1.01259500,1.01274000,1.01283200,1.01287900
8.158000,1.00721500,1.01061300,1.01193100,1.01235000,1.01259500,1.01274000,1.01283200,1.01287900
8.160000,1.00721500,1.01061300,1.01193100,1.01235100,1.01259600,1.01274100,1.01283300,1.01287900
8.162000,1.00721500,1.01061400,1.01193200,1.01235100,1.01259600,1.01274100,1.01283300,1.01288000
8.164000,1.00721500,1.01061400,1.01193200,1.01235100,1.01259600,1.01274100,1.01283400,1.01288000
8.165999,1.00721600,1.01061400,1.01193200,1.01235200,1.01259700,1.01274200,1.01283400,1.01288000
8.168000,1.00721600,1.01061500,1.01193200,1.01235200,1.01259700,1.01274200,1.01283400,1.01288100
8.170000,1.00721600,1.01061500,1.01193300,1.01235200,1.01259700,1.01274200,1.01283500,1.01288100
8.171999,1.00721600,1.01061500,1.01193300,1.01235300,1.01259800,1.01274300,1.01283500,1.01288200
8.173999,1.00721700,1.01061500,1.01193400,1.01235300,1.01259800,1.01274300,1.01283500,1.01288200
8.175999,1.00721700,1.01061600,1.01193400,1.01235300,1.01259900,1.01274300,1.01283600,1.01288200
8.177999,1.00721700,1.01061600,1.01193400,1.01235400,1.01259900,1.01274400,1.01283600,1.01288300
8.179999,1.00721700,1.01061600,1.01193500,1.01235400,1.01259900,1.01274400,1.01283600,1.01288300
8.181999,1.00721800,1.01061700,1.01193500,1.01235400,1.01260000,1.01274500,1.01283700,1.01288300
8.183999,1.00721800,1.01061700,1.01193500,1.01235500,1.01260000,1.01274500,1.01283700,1.01288400
8.185999,1.00721800,1.01061700,1.01193600,1.01235500,1.01260000,1.01274500,1.01283800,1.01288400
8.188000,1.00721800,1.01061800,1.01193600,1.01235600,1.01260100,1.01274600,1.01283800,1.01288400
8.190000,1.00721800,1.01061800,1.01193600,1.01235600,1.01260100,1.01274600,1.01283800,1.01288500
8.191999,1.00721900,1.01061800,1.01193700,1.01235600,1.01260100,1.01274600,1.01283900,1.01288500
8.193999,1.00721900,1.01061900,1.01193700,1.01235700,1.01260200,1.01274700,1.01283900,1.01288600
8.195999,1.00721900,1.01061900,1.01193700,1.01235700,1.01260200,1.01274700,1.01283900,1.01288600
8.198000,1.00721900,1.01061900,1.01193800,1.01235700,1.01260300,1.01274800,1.01284000,1.01288600
8.200000,1.00722000,1.01062000,1.01193800,1.01235800,1.01260300,1.01274800,1.01284000,1.01288700
8.202000,1.00722000,1.01062000,1.01193800,1.01235800,1.01260300,1.01274800,1.01284100,1.01288700
8.204000,1.00722000,1.01062000,1.01193900,1.01235800,1.01260400,1.01274900,1.01284100,1.01288700
8.205999,1.00722000,1.01062100,1.01193900,1.01235900,1.01260400,1.01274900,1.01284100,1.01288800
8.207999,1.00722100,1.01062100,1.01194000,1.01235900,1.01260400,1.01274900,1.01284200,1.01288800
8.209999,1.00722100,1.01062100,1.01194000,1.01235900,1.01260500,1.01275000,1.01284200,1.01288800
8.211999,1.00722100,1.01062200,1.01194000,1.01236000,1.01260500,1.01275000,1.01284200,1.01288900
8.213999,1.00722100,1.01062200,1.01194100,1.01236000,1.01260500,1.01275000,1.01284300,1.01288900
8.215999,1.00722100,1.01062200,1.01194100,1.01236100,1.01260600,1.01275100,1.01284300,1.01289000
8.217999,1.00722200,1.01062300,1.01194100,1.01236100,1.01260600,1.01275100,1.01284300,1.01289000
8.219999,1.00722200,1.01062300,1.01194200,1.01236100,1.01260700,1.01275100,1.01284400,1.01289000
8.221999,1.00722200,1.01062300,1.01194200,1.01236200,1.01260700,1.01275200,1.01284400,1.01289100
8.223999,1.00722200,1.01062300,1.01194200,1.01236200,1.01260700,1.01275200,1.01284400,1.01289100
8.225999,1.00722300,1.01062400,1.01194300,1.01236200,1.01260800,1.01275300,1.01284500,1.01289100
8.228000,1.00722300,1.01062400,1.01194300,1.01236300,1.01260800,1.01275300,1.01284500,1.01289200
8.230000,1.00722300,1.01062400,1.01194300,1.01236300,1.01260800,1.01275300,1.01284600,1.01289200
8.231999,1.00722300,1.01062500,1.01194400,1.01236300,1.01260900,1.01275400,1.01284600,1.01289200
8.233999,1.00722300,1.01062500,1.01194400,1.01236400,1.01260900,1.01275400,1.01284600,1.01289300
8.236000,1.00722400,1.01062500,1.01194500,1.01236400,1.01260900,1.01275400,1.01284700,1.01289300
8.238000,1.00722400,1.01062600,1.01194500,1.01236500,1.01261000,1.01275500,1.01284700,1.01289400
8.240000,1.00722400,1.01062600,1.01194500,1.01236500,1.01261000,1.01275500,1.01284700,1.01289400
8.242000,1.00722400,1.01062600,1.01194500,1.01236500,1.01261100,1.01275600,1.01284800,1.01289400
8.243999,1.00722500,1.01062700,1.01194600,1.01236600,1.01261100,1.01275600,1.01284800,1.01289500
8.245999,1.00722500,1.01062700,1.01194600,1.01236600,1.01261100,1.01275600,1.01284800,1.01289500
8.247999,1.00722500,1.01062700,1.01194700,1.01236600,1.01261200,1.01275700,1.01284900,1.01289500
8.249999,1.00722500,1.01062800,1.01194700,1.01236700,1.01261200,1.01275700,1.01284900,1.01289600
8.251999,1.00722600,1.01062800,1.01194700,1.01236700,1.01261200,1.01275700,1.01285000,1.01289600
8.253999,1.00722600,1.01062800,1.01194800,1.01236700,1.01261300,1.01275800,1.01285000,1.01289700
8.256000,1.00722600,1.01062900,1.01194800,1.01236800,1.01261300,1.01275800,1.01285000,1.01289700
8.257999,1.00722600,1.01062900,1.01194800,1.01236800,1.01261300,1.01275800,1.01285100,1.01289700
8.259999,1.00722700,1.01062900,1.01194900,1.01236800,1.01261400,1.01275900,1.01285100,1.01289800
8.261999,1.00722700,1.01063000,1.01194900,1.01236900,1.01261400,1.01275900,1.01285100,1.01289800
8.263999,1.00722700,1.01063000,1.01194900,1.01236900,1.01261400,1.01276000,1.01285200,1.01289800
8.266000,1.00722700,1.01063000,1.01195000,1.01237000,1.01261500,1.01276000,1.01285200,1.01289900
8.268000,1.00722800,1.01063100,1.01195000,1.01237000,1.01261500,1.01276000,1.01285300,1.01289900
8.270000,1.00722800,1.01063100,1.01195000,1.01237000,1.01261600,1.01276100,1.01285300,1.01289900
8.271999,1.00722800,1.01063100,1.01195100,1.01237100,1.01261600,1.01276100,1.01285300,1.01290000
8.273999,1.00722800,1.01063200,1.01195100,1.01237100,1.01261600,1.01276100,1.01285400,1.01290000
8.276000,1.00722800,1.01063200,1.01195100,1.01237100,1.01261700,1.01276200,1.01285400,1.01290100
8.278000,1.00722900,1.01063200,1.01195200,1.01237200,1.01261700,1.01276200,1.01285400,1.01290100
8.280000,1.00722900,1.01063300,1.01195200,1.01237200,1.01261700,1.01276200,1.01285500,1.01290100
8.282000,1.00722900,1.01063300,1.01195300,1.01237200,1.01261800,1.01276300,1.01285500,1.01290200
8.283999,1.00722900,1.01063300,1.01195300,1.01237300,1.01261800,1.01276300,1.01285600,1.01290200
8.285999,1.00723000,1.01063300,1.01195300,1.01237300,1.01261900,1.01276400,1.01285600,1.01290200
8.287999,1.00723000,1.01063400,1.01195400,1.01237300,1.01261900,1.01276400,1.01285600,1.01290300
8.289999,1.00723000,1.01063400,1.01195400,1.01237400,1.01261900,1.01276400,1.01285700,1.01290300
8.291999,1.00723000,1.01063400,1.01195400,1.01237400,1.01262000,1.01276500,1.01285700,1.01290300
8.293999,1.00723100,1.01063500,1.01195500,1.01237500,1.01262000,1.01276500,1.01285700,1.01290400
8.296000,1.00723100,1.01063500,1.01195500,1.01237500,1.01262000,1.01276500,1.01285800,1.01290400
8.297999,1.00723100,1.01063500,1.01195500,1.01237500,1.01262100,1.01276600,1.01285800,1.01290500
8.299999,1.00723100,1.01063600,1.01195600,1.01237600,1.01262100,1.01276600,1.01285800,1.01290500
8.301999,1.00723100,1.01063600,1.01195600,1.01237600,1.01262100,1.01276600,1.01285900,1.01290500
8.303999,1.00723200,1.01063600,1.01195600,1.01237600,1.01262200,1.01276700,1.01285900,1.01290600
8.306000,1.00723200,1.01063700,1.01195700,1.01237700,1.01262200,1.01276700,1.01285900,1.01290600
8.308000,1.00723200,1.01063700,1.01195700,1.01237700,1.01262200,1.01276800,1.01286000,1.01290600
8.309999,1.00723200,1.01063700,1.01195800,1.01237800,1.01262300,1.01276800,1.01286000,1.01290700
8.311999,1.00723300,1.01063800,1.01195800,1.01237800,1.01262300,1.01276800,1.01286100,1.01290700
8.314000,1.00723300,1.01063800,1.01195800,1.01237800,1.01262400,1.01276900,1.01286100,1.01290800
8.316000,1.00723300,1.01063800,1.01195800,1.01237900,1.01262400,1.01276900,1.01286100,1.01290800
8.318000,1.00723300,1.01063900,1.01195900,1.01237900,1.01262400,1.01276900,1.01286200,1.01290800
8.320000,1.00723400,1.01063900,1.01195900,1.01237900,1.01262500,1.01277000,1.01286200,1.01290900
8.322000,1.00723400,1.01063900,1.01196000,1.01238000,1.01262500,1.01277000,1.01286200,1.01290900
8.323999,1.00723400,1.01064000,1.01196000,1.01238000,1.01262500,1.01277000,1.01286300,1.01290900
8.325999,1.00723400,1.01064000,1.01196000,1.01238000,1.01262600,1.01277100,1.01286300,1.01291000
8.327999,1.00723400,1.01064000,1.01196100,1.01238100,1.01262600,1.01277100,1.01286400,1.01291000
8.329999,1.00723500,1.01064100,1.01196100,1.01238100,1.01262700,1.01277200,1.01286400,1.01291000
8.331999,1.00723500,1.01064100,1.01196100,1.01238100,1.01262700,1.01277200,1.01286400,1.01291100
8.334000,1.00723500,1.01064100,1.01196200,1.01238200,1.01262700,1.01277200,1.01286500,1.01291100
8.335999,1.00723500,1.01064100,1.01196200,1.01238200,1.01262800,1.01277300,1.01286500,1.01291200
8.337999,1.00723600,1.01064200,1.01196200,1.01238300,1.01262800,1.01277300,1.01286500,1.01291200
8.339999,1.00723600,1.01064200,1.01196300,1.01238300,1.01262800,1.01277300,1.01286600,1.01291200
8.341999,1.00723600,1.01064300,1.01196300,1.01238300,1.01262900,1.01277400,1.01286600,1.01291300
8.344000,1.00723600,1.01064300,1.01196300,1.01238400,1.01262900,1.01277400,1.01286600,1.01291300
8.346000,1.00723700,1.01064300,1.01196400,1.01238400,1.01262900,1.01277400,1.01286700,1.01291300
8.348000,1.00723700,1.01064300,1.01196400,1.01238400,1.01263000,1.01277500,1.01286700,1.01291400
8.349999,1.00723700,1.01064400,1.01196500,1.01238500,1.01263000,1.01277500,1.01286800,1.01291400
8.351999,1.00723700,1.01064400,1.01196500,1.01238500,1.01263100,1.01277600,1.01286800,1.01291400
8.354000,1.00723700,1.01064400,1.01196500,1.01238500,1.01263100,1.01277600,1.01286800,1.01291500
8.356000,1.00723800,1.01064500,1.01196600,1.01238600,1.01263100,1.01277600,1.01286900,1.01291500
8.358000,1.00723800,1.01064500,1.01196600,1.01238600,1.01263200,1.01277700,1.01286900,1.01291600
8.360000,1.00723800,1.01064500,1.01196600,1.01238600,1.01263200,1.01277700,1.01286900,1.01291600
8.361999,1.00723800,1.01064600,1.01196700,1.01238700,1.01263200,1.01277700,1.01287000,1.01291600
8.363999,1.00723900,1.01064600,1.01196700,1.01238700,1.01263300,1.01277800,1.01287000,1.01291700
8.365999,1.00723900,1.01064600,1.01196700,1.01238800,1.01263300,1.01277800,1.01287100,1.01291700
8.367999,1.00723900,1.01064700,1.01196800,1.01238800,1.01263300,1.01277900,1.01287100,1.01291700
8.369999,1.00723900,1.01064700,1.01196800,1.01238800,1.01263400,1.01277900,1.01287100,1.01291800
8.371999,1.00724000,1.01064700,1.01196800,1.01238900,1.01263400,1.01277900,1.01287200,1.01291800
8.374000,1.00724000,1.01064800,1.01196900,1.01238900,1.01263500,1.01278000,1.01287200,1.01291800
8.375999,1.00724000,1.01064800,1.01196900,1.01238900,1.01263500,1.01278000,1.01287200,1.01291900
8.377999,1.00724000,1.01064800,1.01196900,1.01239000,1.01263500,1.01278000,1.01287300,1.01291900
8.379999,1.00724100,1.01064900,1.01197000,1.01239000,1.01263600,1.01278100,1.01287300,1.01292000
8.382000,1.00724100,1.01064900,1.01197000,1.01239000,1.01263600,1.01278100,1.01287300,1.01292000
8.384000,1.00724100,1.01064900,1.01197100,1.01239100,1.01263600,1.01278200,1.01287400,1.01292000
8.386000,1.00724100,1.01065000,1.01197100,1.01239100,1.01263700,1.01278200,1.01287400,1.01292100
8.388000,1.00724100,1.01065000,1.01197100,1.01239100,1.01263700,1.01278200,1.01287400,1.01292100
8.389999,1.00724200,1.01065000,1.01197200,1.01239200,1.01263700,1.01278300,1.01287500,1.01292100
8.392000,1.00724200,1.01065100,1.01197200,1.01239200,1.01263800,1.01278300,1.01287500,1.01292200
8.394000,1.00724200,1.01065100,1.01197200,1.01239300,1.01263800,1.01278300,1.01287600,1.01292200
8.396000,1.00724200,1.01065100,1.01197300,1.01239300,1.01263900,1.01278400,1.01287600,1.01292300
8.397999,1.00724300,1.01065100,1.01197300,1.01239300,1.01263900,1.01278400,1.01287600,1.01292300
8.399999,1.00724300,1.01065200,1.01197300,1.01239400,1.01263900,1.01278400,1.01287700,1.01292300
8.401999,1.00724300,1.01065200,1.01197400,1.01239400,1.01264000,1.01278500,1.01287700,1.01292400
8.403999,1.00724300,1.01065300,1.01197400,1.01239400,1.01264000,1.01278500,1.01287700,1.01292400
8.405999,1.00724400,1.01065300,1.01197400,1.01239500,1.01264000,1.01278500,1.01287800,1.01292400
8.407999,1.00724400,1.01065300,1.01197500,1.01239500,1.01264100,1.01278600,1.01287800,1.01292500
8.409999,1.00724400,1.01065300,1.01197500,1.01239600,1.01264100,1.01278600,1.01287900,1.01292500
8.412000,1.00724400,1.01065400,1.01197500,1.01239600,1.01264100,1.01278700,1.01287900,1.01292600
8.414000,1.00724400,1.01065400,1.01197600,1.01239600,1.01264200,1.01278700,1.01287900,1.01292600
8.415999,1.00724500,1.01065400,1.01197600,1.01239700,1.01264200,1.01278700,1.01288000,1.01292600
8.417999,1.00724500,1.01065500,1.01197600,1.01239700,1.01264300,1.01278800,1.01288000,1.01292700
8.419999,1.00724500,1.01065500,1.01197700,1.01239700,1.01264300,1.01278800,1.01288000,1.01292700
8.422000,1.00724500,1.01065500,1.01197700,1.01239800,1.01264300,1.01278800,1.01288100,1.01292700
8.424000,1.00724600,1.01065600,1.01197800,1.01239800,1.01264400,1.01278900,1.01288100,1.01292800
8.426000,1.00724600,1.01065600,1.01197800,1.01239800,1.01264400,1.01278900,1.01288200,1.01292800
8.427999,1.00724600,1.01065600,1.01197800,1.01239900,1.01264400,1.01278900,1.01288200,1.01292800
8.429999,1.00724600,1.01065700,1.01197900,1.01239900,1.01264500,1.01279000,1.01288200,1.01292900
8.432000,1.00724700,1.01065700,1.01197900,1.01239900,1.01264500,1.01279000,1.01288300,1.01292900
8.433999,1.00724700,1.01065700,1.01197900,1.01240000,1.01264500,1.01279100,1.01288300,1.01293000
8.435999,1.00724700,1.01065800,1.01198000,1.01240000,1.01264600,1.01279100,1.01288300,1.01293000
8.437999,1.00724700,1.01065800,1.01198000,1.01240100,1.01264600,1.01279100,1.01288400,1.01293000
8.439999,1.00724800,1.01065800,1.01198000,1.01240100,1.01264700,1.01279200,1.01288400,1.01293100
8.441999,1.00724800,1.01065900,1.01198100,1.01240100,1.01264700,1.01279200,1.01288400,1.01293100
8.443999,1.00724800,1.01065900,1.01198100,1.01240200,1.01264700,1.01279200,1.01288500,1.01293100
8.445999,1.00724800,1.01065900,1.01198100,1.01240200,1.01264800,1.01279300,1.01288500,1.01293200
8.447999,1.00724900,1.01066000,1.01198200,1.01240200,1.01264800,1.01279300,1.01288600,1.01293200
8.449999,1.00724900,1.01066000,1.01198200,1.01240300,1.01264800,1.01279400,1.01288600,1.01293300
8.452000,1.00724900,1.01066000,1.01198300,1.01240300,1.01264900,1.01279400,1.01288600,1.01293300
8.454000,1.00724900,1.01066100,1.01198300,1.01240300,1.01264900,1.01279400,1.01288700,1.01293300
8.455999,1.00724900,1.01066100,1.01198300,1.01240400,1.01264900,1.01279500,1.01288700,1.01293400
8.457999,1.00725000,1.01066100,1.01198400,1.01240400,1.01265000,1.01279500,1.01288700,1.01293400
8.460000,1.00725000,1.01066200,1.01198400,1.01240400,1.01265000,1.01279500,1.01288800,1.01293400
8.462000,1.00725000,1.01066200,1.01198400,1.01240500,1.01265100,1.01279600,1.01288800,1.01293500
8.464000,1.00725000,1.01066200,1.01198500,1.01240500,1.01265100,1.01279600,1.01288900,1.01293500
8.466000,1.00725100,1.01066300,1.01198500,1.01240600,1.01265100,1.01279700,1.01288900,1.01293500
8.467999,1.00725100,1.01066300,1.01198500,1.01240600,1.01265200,1.01279700,1.01288900,1.01293600
8.469999,1.00725100,1.01066300,1.01198600,1.01240600,1.01265200,1.01279700,1.01289000,1.01293600
8.471999,1.00725100,1.01066400,1.01198600,1.01240700,1.01265200,1.01279800,1.01289000,1.01293700
8.473999,1.00725200,1.01066400,1.01198600,1.01240700,1.01265300,1.01279800,1.01289000,1.01293700
8.475999,1.00725200,1.01066400,1.01198700,1.01240700,1.01265300,1.01279800,1.01289100,1.01293700
8.477999,1.00725200,1.01066400,1.01198700,1.01240800,1.01265300,1.01279900,1.01289100,1.01293800
8.480000,1.00725200,1.01066500,1.01198700,1.01240800,1.01265400,1.01279900,1.01289100,1.01293800
8.481999,1.00725200,1.01066500,1.01198800,1.01240800,1.01265400,1.01279900,1.01289200,1.01293800
8.483999,1.00725300,1.01066500,1.01198800,1.01240900,1.01265500,1.01280000,1.01289200,1.01293900
8.485999,1.00725300,1.01066600,1.01198900,1.01240900,1.01265500,1.01280000,1.01289300,1.01293900
8.487999,1.00725300,1.01066600,1.01198900,1.01241000,1.01265500,1.01280100,1.01289300,1.01293900
8.490000,1.00725300,1.01066600,1.01198900,1.01241000,1.01265600,1.01280100,1.01289300,1.01294000
8.492000,1.00725400,1.01066700,1.01199000,1.01241000,1.01265600,1.01280100,1.01289400,1.01294000
8.493999,1.00725400,1.01066700,1.01199000,1.01241100,1.01265600,1.01280200,1.01289400,1.01294100
8.495999,1.00725400,1.01066700,1.01199000,1.01241100,1.01265700,1.01280200,1.01289400,1.01294100
8.497999,1.00725400,1.01066800,1.01199100,1.01241100,1.01265700,1.01280200,1.01289500,1.01294100
8.500000,1.00725500,1.01066800,1.01199100,1.01241200,1.01265800,1.01280300,1.01289500,1.01294200
8.502000,1.00725500,1.01066800,1.01199100,1.01241200,1.01265800,1.01280300,1.01289500,1.01294200
8.504000,1.00725500,1.01066900,1.01199200,1.01241200,1.01265800,1.01280300,1.01289600,1.01294200
8.506000,1.00725500,1.01066900,1.01199200,1.01241300,1.01265900,1.01280400,1.01289600,1.01294300
8.507999,1.00725500,1.01066900,1.01199200,1.01241300,1.01265900,1.01280400,1.01289700,1.01294300
8.509999,1.00725600,1.01067000,1.01199300,1.01241400,1.01265900,1.01280500,1.01289700,1.01294400
8.511999,1.00725600,1.01067000,1.01199300,1.01241400,1.01266000,1.01280500,1.01289700,1.01294400
8.513999,1.00725600,1.01067000,1.01199400,1.01241400,1.01266000,1.01280500,1.01289800,1.01294400
8.515999,1.00725600,1.01067100,1.01199400,1.01241500,1.01266000,1.01280600,1.01289800,1.01294500
8.517999,1.00725700,1.01067100,1.01199400,1.01241500,1.01266100,1.01280600,1.01289800,1.01294500
8.520000,1.00725700,1.01067100,1.01199500,1.01241500,1.01266100,1.01280600,1.01289900,1.01294500
8.521999,1.00725700,1.01067200,1.01199500,1.01241600,1.01266200,1.01280700,1.01289900,1.01294600
8.523999,1.00725700,1.01067200,1.01199500,1.01241600,1.01266200,1.01280700,1.01290000,1.01294600
8.525999,1.00725800,1.01067200,1.01199600,1.01241600,1.01266200,1.01280700,1.01290000,1.01294600
8.527999,1.00725800,1.01067300,1.01199600,1.01241700,1.01266300,1.01280800,1.01290000,1.01294700
8.530000,1.00725800,1.01067300,1.01199600,1.01241700,1.01266300,1.01280800,1.01290100,1.01294700
8.532000,1.00725800,1.01067300,1.01199700,1.01241800,1.01266300,1.01280900,1.01290100,1.01294800
8.533999,1.00725900,1.01067400,1.01199700,1.01241800,1.01266400,1.01280900,1.01290100,1.01294800
8.535999,1.00725900,1.01067400,1.01199700,1.01241800,1.01266400,1.01280900,1.01290200,1.01294800
8.538000,1.00725900,1.01067400,1.01199800,1.01241900,1.01266400,1.01281000,1.01290200,1.01294900
8.540000,1.00725900,1.01067400,1.01199800,1.01241900,1.01266500,1.01281000,1.01290200,1.01294900
8.542000,1.00725900,1.01067500,1.01199800,1.01241900,1.01266500,1.01281000,1.01290300,1.01294900
8.544000,1.00726000,1.01067500,1.01199900,1.01242000,1.01266600,1.01281100,1.01290300,1.01295000
8.546000,1.00726000,1.01067600,1.01199900,1.01242000,1.01266600,1.01281100,1.01290400,1.01295000
8.547999,1.00726000,1.01067600,1.01199900,1.01242000,1.01266600,1.01281200,1.01290400,1.01295100
8.549999,1.00726000,1.01067600,1.01200000,1.01242100,1.01266700,1.01281200,1.01290400,1.01295100
8.551999,1.00726100,1.01067700,1.01200000,1.01242100,1.01266700,1.01281200,1.01290500,1.01295100
8.553999,1.00726100,1.01067700,1.01200100,1.01242100,1.01266700,1.01281300,1.01290500,1.01295200
8.555999,1.00726100,1.01067700,1.01200100,1.01242200,1.01266800,1.01281300,1.01290500,1.01295200
8.558000,1.00726100,1.01067700,1.01200100,1.01242200,1.01266800,1.01281300,1.01290600,1.01295200
8.559999,1.00726200,1.01067800,1.01200200,1.01242300,1.01266800,1.01281400,1.01290600,1.01295300
8.561999,1.00726200,1.01067800,1.01200200,1.01242300,1.01266900,1.01281400,1.01290700,1.01295300
8.563999,1.00726200,1.01067800,1.01200200,1.01242300,1.01266900,1.01281500,1.01290700,1.01295400
8.565999,1.00726200,1.01067900,1.01200300,1.01242400,1.01267000,1.01281500,1.01290700,1.01295400
8.568000,1.00726200,1.01067900,1.01200300,1.01242400,1.01267000,1.01281500,1.01290800,1.01295400
8.570000,1.00726300,1.01067900,1.01200300,1.01242400,1.01267000,1.01281600,1.01290800,1.01295500
8.572000,1.00726300,1.01068000,1.01200400,1.01242500,1.01267100,1.01281600,1.01290800,1.01295500
8.573999,1.00726300,1.01068000,1.01200400,1.01242500,1.01267100,1.01281600,1.01290900,1.01295500
8.575999,1.00726300,1.01068000,1.01200400,1.01242500,1.01267100,1.01281700,1.01290900,1.01295600
8.578000,1.00726400,1.01068100,1.01200500,1.01242600,1.01267200,1.01281700,1.01291000,1.01295600
8.580000,1.00726400,1.01068100,1.01200500,1.01242600,1.01267200,1.01281700,1.01291000,1.01295700
8.582000,1.00726400,1.01068100,1.01200600,1.01242700,1.01267300,1.01281800,1.01291000,1.01295700
8.584000,1.00726400,1.01068200,1.01200600,1.01242700,1.01267300,1.01281800,1.01291100,1.01295700
8.585999,1.00726500,1.01068200,1.01200600,1.01242700,1.01267300,1.01281900,1.01291100,1.01295800
8.587999,1.00726500,1.01068200,1.01200700,1.01242800,1.01267400,1.01281900,1.01291100,1.01295800
8.589999,1.00726500,1.01068300,1.01200700,1.01242800,1.01267400,1.01281900,1.01291200,1.01295800
8.591999,1.00726500,1.01068300,1.01200700,1.01242800,1.01267400,1.01282000,1.01291200,1.01295900
8.593999,1.00726600,1.01068300,1.01200800,1.01242900,1.01267500,1.01282000,1.01291300,1.01295900
8.595999,1.00726600,1.01068400,1.01200800,1.01242900,1.01267500,1.01282000,1.01291300,1.01295900
8.598000,1.00726600,1.01068400,1.01200800,1.01242900,1.01267500,1.01282100,1.01291300,1.01296000
8.599999,1.00726600,1.01068400,1.01200900,1.01243000,1.01267600,1.01282100,1.01291400,1.01296000
8.601999,1.00726700,1.01068500,1.01200900,1.01243000,1.01267600,1.01282100,1.01291400,1.01296100
8.603999,1.00726700,1.01068500,1.01201000,1.01243100,1.01267700,1.01282200,1.01291400,1.01296100
8.606000,1.00726700,1.01068500,1.01201000,1.01243100,1.01267700,1.01282200,1.01291500,1.01296100
8.608000,1.00726700,1.01068600,1.01201000,1.01243100,1.01267700,1.01282300,1.01291500,1.01296200
8.610000,1.00726700,1.01068600,1.01201000,1.01243200,1.01267800,1.01282300,1.01291500,1.01296200
8.612000,1.00726800,1.01068600,1.01201100,1.01243200,1.01267800,1.01282300,1.01291600,1.01296200
8.613999,1.00726800,1.01068700,1.01201100,1.01243200,1.01267800,1.01282400,1.01291600,1.01296300
8.616000,1.00726800,1.01068700,1.01201200,1.01243300,1.01267900,1.01282400,1.01291700,1.01296300
8.618000,1.00726800,1.01068700,1.01201200,1.01243300,1.01267900,1.01282400,1.01291700,1.01296400
8.620000,1.00726900,1.01068700,1.01201200,1.01243300,1.01267900,1.01282500,1.01291700,1.01296400
8.621999,1.00726900,1.01068800,1.01201300,1.01243400,1.01268000,1.01282500,1.01291800,1.01296400
8.623999,1.00726900,1.01068800,1.01201300,1.01243400,1.01268000,1.01282500,1.01291800,1.01296500
8.625999,1.00726900,1.01068900,1.01201300,1.01243500,1.01268100,1.01282600,1.01291800,1.01296500
8.627999,1.00727000,1.01068900,1.01201400,1.01243500,1.01268100,1.01282600,1.01291900,1.01296500
8.629999,1.00727000,1.01068900,1.01201400,1.01243500,1.01268100,1.01282700,1.01291900,1.01296600
8.631999,1.00727000,1.01068900,1.01201400,1.01243600,1.01268200,1.01282700,1.01292000,1.01296600
8.633999,1.00727000,1.01069000,1.01201500,1.01243600,1.01268200,1.01282700,1.01292000,1.01296700
8.636000,1.00727000,1.01069000,1.01201500,1.01243600,1.01268200,1.01282800,1.01292000,1.01296700
8.638000,1.00727100,1.01069000,1.01201500,1.01243700,1.01268300,1.01282800,1.01292100,1.01296700
8.639999,1.00727100,1.01069100,1.01201600,1.01243700,1.01268300,1.01282800,1.01292100,1.01296800
8.641999,1.00727100,1.01069100,1.01201600,1.01243700,1.01268400,1.01282900,1.01292100,1.01296800
8.643999,1.00727100,1.01069100,1.01201700,1.01243800,1.01268400,1.01282900,1.01292200,1.01296800
8.646000,1.00727200,1.01069200,1.01201700,1.01243800,1.01268400,1.01283000,1.01292200,1.01296900
8.648000,1.00727200,1.01069200,1.01201700,1.01243900,1.01268500,1.01283000,1.01292300,1.01296900
8.650000,1.00727200,1.01069200,1.01201800,1.01243900,1.01268500,1.01283000,1.01292300,1.01296900
8.651999,1.00727200,1.01069300,1.01201800,1.01243900,1.01268500,1.01283100,1.01292300,1.01297000
8.653999,1.00727300,1.01069300,1.01201800,1.01244000,1.01268600,1.01283100,1.01292400,1.01297000
8.656000,1.00727300,1.01069300,1.01201900,1.01244000,1.01268600,1.01283100,1.01292400,1.01297100
8.657999,1.00727300,1.01069400,1.01201900,1.01244000,1.01268600,1.01283200,1.01292400,1.01297100
8.659999,1.00727300,1.01069400,1.01201900,1.01244100,1.01268700,1.01283200,1.01292500,1.01297100
8.661999,1.00727400,1.01069400,1.01202000,1.01244100,1.01268700,1.01283300,1.01292500,1.01297200
8.663999,1.00727400,1.01069500,1.01202000,1.01244100,1.01268800,1.01283300,1.01292500,1.01297200
8.665999,1.00727400,1.01069500,1.01202000,1.01244200,1.01268800,1.01283300,1.01292600,1.01297200
8.667999,1.00727400,1.01069500,1.01202100,1.01244200,1.01268800,1.01283400,1.01292600,1.01297300
8.669999,1.00727500,1.01069600,1.01202100,1.01244300,1.01268900,1.01283400,1.01292700,1.01297300
8.671999,1.00727500,1.01069600,1.01202200,1.01244300,1.01268900,1.01283400,1.01292700,1.01297400
8.673999,1.00727500,1.01069600,1.01202200,1.01244300,1.01268900,1.01283500,1.01292700,1.01297400
8.676000,1.00727500,1.01069700,1.01202200,1.01244400,1.01269000,1.01283500,1.01292800,1.01297400
8.677999,1.00727500,1.01069700,1.01202300,1.01244400,1.01269000,1.01283600,1.01292800,1.01297500
8.679999,1.00727600,1.01069700,1.01202300,1.01244400,1.01269100,1.01283600,1.01292800,1.01297500
8.681999,1.00727600,1.01069800,1.01202300,1.01244500,1.01269100,1.01283600,1.01292900,1.01297500
8.684000,1.00727600,1.01069800,1.01202400,1.01244500,1.01269100,1.01283700,1.01292900,1.01297600
8.686000,1.00727600,1.01069800,1.01202400,1.01244500,1.01269200,1.01283700,1.01293000,1.01297600
8.688000,1.00727700,1.01069900,1.01202400,1.01244600,1.01269200,1.01283700,1.01293000,1.01297700
8.690000,1.00727700,1.01069900,1.01202500,1.01244600,1.01269200,1.01283800,1.01293000,1.01297700
8.691999,1.00727700,1.01069900,1.01202500,1.01244700,1.01269300,1.01283800,1.01293100,1.01297700
8.693999,1.00727700,1.01070000,1.01202500,1.01244700,1.01269300,1.01283800,1.01293100,1.01297800
8.695999,1.00727800,1.01070000,1.01202600,1.01244700,1.01269300,1.01283900,1.01293100,1.01297800
8.697999,1.00727800,1.01070000,1.01202600,1.01244800,1.01269400,1.01283900,1.01293200,1.01297800
8.699999,1.00727800,1.01070100,1.01202700,1.01244800,1.01269400,1.01284000,1.01293200,1.01297900
8.701999,1.00727800,1.01070100,1.01202700,1.01244800,1.01269400,1.01284000,1.01293200,1.01297900
8.704000,1.00727900,1.01070100,1.01202700,1.01244900,1.01269500,1.01284000,1.01293300,1.01298000
8.705999,1.00727900,1.01070200,1.01202800,1.01244900,1.01269500,1.01284100,1.01293300,1.01298000
8.707999,1.00727900,1.01070200,1.01202800,1.01245000,1.01269600,1.01284100,1.01293400,1.01298000
8.709999,1.00727900,1.01070200,1.01202800,1.01245000,1.01269600,1.01284100,1.01293400,1.01298100
8.711999,1.00727900,1.01070200,1.01202900,1.01245000,1.01269600,1.01284200,1.01293400,1.01298100
8.714000,1.00728000,1.01070300,1.01202900,1.01245100,1.01269700,1.01284200,1.01293500,1.01298100
8.716000,1.00728000,1.01070300,1.01202900,1.01245100,1.01269700,1.01284300,1.01293500,1.01298200
8.717999,1.00728000,1.01070300,1.01203000,1.01245100,1.01269700,1.01284300,1.01293500,1.01298200
8.719999,1.00728000,1.01070400,1.01203000,1.01245200,1.01269800,1.01284300,1.01293600,1.01298200
8.721999,1.00728100,1.01070400,1.01203000,1.01245200,1.01269800,1.01284400,1.01293600,1.01298300
8.724000,1.00728100,1.01070500,1.01203100,1.01245200,1.01269900,1.01284400,1.01293700,1.01298300
8.726000,1.00728100,1.01070500,1.01203100,1.01245300,1.01269900,1.01284400,1.01293700,1.01298400
8.728000,1.00728100,1.01070500,1.01203200,1.01245300,1.01269900,1.01284500,1.01293700,1.01298400
8.730000,1.00728200,1.01070500,1.01203200,1.01245300,1.01270000,1.01284500,1.01293800,1.01298400
8.731999,1.00728200,1.01070600,1.01203200,1.01245400,1.01270000,1.01284600,1.01293800,1.01298500
8.733999,1.00728200,1.01070600,1.01203300,1.01245400,1.01270000,1.01284600,1.01293800,1.01298500
8.735999,1.00728200,1.01070600,1.01203300,1.01245500,1.01270100,1.01284600,1.01293900,1.01298500
8.737999,1.00728200,1.01070700,1.01203300,1.01245500,1.01270100,1.01284700,1.01293900,1.01298600
8.739999,1.00728300,1.01070700,1.01203400,1.01245500,1.01270200,1.01284700,1.01293900,1.01298600
8.741999,1.00728300,1.01070700,1.01203400,1.01245600,1.01270200,1.01284700,1.01294000,1.01298700
8.743999,1.00728300,1.01070800,1.01203400,1.01245600,1.01270200,1.01284800,1.01294000,1.01298700
8.745999,1.00728300,1.01070800,1.01203500,1.01245600,1.01270300,1.01284800,1.01294100,1.01298700
8.747999,1.00728400,1.01070800,1.01203500,1.01245700,1.01270300,1.01284800,1.01294100,1.01298800
8.749999,1.00728400,1.01070900,1.01203500,1.01245700,1.01270300,1.01284900,1.01294100,1.01298800
8.751999,1.00728400,1.01070900,1.01203600,1.01245700,1.01270400,1.01284900,1.01294200,1.01298800
8.754000,1.00728400,1.01070900,1.01203600,1.01245800,1.01270400,1.01285000,1.01294200,1.01298900
8.756000,1.00728500,1.01071000,1.01203600,1.01245800,1.01270400,1.01285000,1.01294200,1.01298900
8.757999,1.00728500,1.01071000,1.01203700,1.01245900,1.01270500,1.01285000,1.01294300,1.01299000
8.759999,1.00728500,1.01071000,1.01203700,1.01245900,1.01270500,1.01285100,1.01294300,1.01299000
8.762000,1.00728500,1.01071100,1.01203800,1.01245900,1.01270600,1.01285100,1.01294400,1.01299000
8.764000,1.00728600,1.01071100,1.01203800,1.01246000,1.01270600,1.01285100,1.01294400,1.01299100
8.766000,1.00728600,1.01071100,1.01203800,1.01246000,1.01270600,1.01285200,1.01294400,1.01299100
8.768000,1.00728600,1.01071200,1.01203900,1.01246000,1.01270700,1.01285200,1.01294500,1.01299100
8.770000,1.00728600,1.01071200,1.01203900,1.01246100,1.01270700,1.01285300,1.01294500,1.01299200
8.771999,1.00728700,1.01071200,1.01203900,1.01246100,1.01270700,1.01285300,1.01294500,1.01299200
8.773999,1.00728700,1.01071300,1.01204000,1.01246100,1.01270800,1.01285300,1.01294600,1.01299300
8.775999,1.00728700,1.01071300,1.01204000,1.01246200,1.01270800,1.01285400,1.01294600,1.01299300
8.777999,1.00728700,1.01071300,1.01204000,1.01246200,1.01270900,1.01285400,1.01294700,1.01299300
8.779999,1.00728800,1.01071400,1.01204100,1.01246300,1.01270900,1.01285400,1.01294700,1.01299400
8.782000,1.00728800,1.01071400,1.01204100,1.01246300,1.01270900,1.01285500,1.01294700,1.01299400
8.783999,1.00728800,1.01071400,1.01204100,1.01246300,1.01271000,1.01285500,1.01294800,1.01299400
8.785999,1.00728800,1.01071500,1.01204200,1.01246400,1.01271000,1.01285600,1.01294800,1.01299500
8.787999,1.00728800,1.01071500,1.01204200,1.01246400,1.01271000,1.01285600,1.01294800,1.01299500
8.789999,1.00728900,1.01071500,1.01204300,1.01246400,1.01271100,1.01285600,1.01294900,1.01299500
8.792000,1.00728900,1.01071600,1.01204300,1.01246500,1.01271100,1.01285700,1.01294900,1.01299600
8.794000,1.00728900,1.01071600,1.01204300,1.01246500,1.01271200,1.01285700,1.01295000,1.01299600
8.796000,1.00728900,1.01071600,1.01204400,1.01246500,1.01271200,1.01285700,1.01295000,1.01299700
8.797999,1.00729000,1.01071700,1.01204400,1.01246600,1.01271200,1.01285800,1.01295000,1.01299700
8.799999,1.00729000,1.01071700,1.01204400,1.01246600,1.01271300,1.01285800,1.01295100,1.01299700
8.802000,1.00729000,1.01071700,1.01204500,1.01246700,1.01271300,1.01285900,1.01295100,1.01299800
8.804000,1.00729000,1.01071800,1.01204500,1.01246700,1.01271300,1.01285900,1.01295100,1.01299800
8.806000,1.00729100,1.01071800,1.01204500,1.01246700,1.01271400,1.01285900,1.01295200,1.01299800
8.808000,1.00729100,1.01071800,1.01204600,1.01246800,1.01271400,1.01286000,1.01295200,1.01299900
8.809999,1.00729100,1.01071900,1.01204600,1.01246800,1.01271400,1.01286000,1.01295300,1.01299900
8.811999,1.00729100,1.01071900,1.01204600,1.01246800,1.01271500,1.01286000,1.01295300,1.01300000
8.813999,1.00729200,1.01071900,1.01204700,1.01246900,1.01271500,1.01286100,1.01295300,1.01300000
8.815999,1.00729200,1.01072000,1.01204700,1.01246900,1.01271600,1.01286100,1.01295400,1.01300000
8.817999,1.00729200,1.01072000,1.01204800,1.01247000,1.01271600,1.01286100,1.01295400,1.01300100
8.819999,1.00729200,1.01072000,1.01204800,1.01247000,1.01271600,1.01286200,1.01295400,1.01300100
8.822000,1.00729200,1.01072000,1.01204800,1.01247000,1.01271700,1.01286200,1.01295500,1.01300100
8.823999,1.00729300,1.01072100,1.01204900,1.01247100,1.01271700,1.01286300,1.01295500,1.01300200
8.825999,1.00729300,1.01072100,1.01204900,1.01247100,1.01271700,1.01286300,1.01295600,1.01300200
8.827999,1.00729300,1.01072100,1.01204900,1.01247100,1.01271800,1.01286300,1.01295600,1.01300300
8.829999,1.00729300,1.01072200,1.01205000,1.01247200,1.01271800,1.01286400,1.01295600,1.01300300
8.832000,1.00729400,1.01072200,1.01205000,1.01247200,1.01271800,1.01286400,1.01295700,1.01300300
8.834000,1.00729400,1.01072300,1.01205000,1.01247200,1.01271900,1.01286400,1.01295700,1.01300400
8.835999,1.00729400,1.01072300,1.01205100,1.01247300,1.01271900,1.01286500,1.01295700,1.01300400
8.837999,1.00729400,1.01072300,1.01205100,1.01247300,1.01272000,1.01286500,1.01295800,1.01300400
8.840000,1.00729500,1.01072300,1.01205100,1.01247400,1.01272000,1.01286600,1.01295800,1.01300500
8.842000,1.00729500,1.01072400,1.01205200,1.01247400,1.01272000,1.01286600,1.01295900,1.01300500
8.844000,1.00729500,1.01072400,1.01205200,1.01247400,1.01272100,1.01286600,1.01295900,1.01300500
8.846000,1.00729500,1.01072400,1.01205300,1.01247500,1.01272100,1.01286700,1.01295900,1.01300600
8.847999,1.00729500,1.01072500,1.01205300,1.01247500,1.01272100,1.01286700,1.01296000,1.01300600
8.849999,1.00729600,1.01072500,1.01205300,1.01247500,1.01272200,1.01286700,1.01296000,1.01300700
8.851999,1.00729600,1.01072500,1.01205400,1.01247600,1.01272200,1.01286800,1.01296000,1.01300700
8.853999,1.00729600,1.01072600,1.01205400,1.01247600,1.01272200,1.01286800,1.01296100,1.01300700
8.855999,1.00729600,1.01072600,1.01205400,1.01247600,1.01272300,1.01286900,1.01296100,1.01300800
8.857999,1.00729700,1.01072600,1.01205500,1.01247700,1.01272300,1.01286900,1.01296100,1.01300800
8.860000,1.00729700,1.01072700,1.01205500,1.01247700,1.01272400,1.01286900,1.01296200,1.01300800
8.862000,1.00729700,1.01072700,1.01205500,1.01247800,1.01272400,1.01287000,1.01296200,1.01300900
8.863999,1.00729700,1.01072700,1.01205600,1.01247800,1.01272400,1.01287000,1.01296300,1.01300900
8.865999,1.00729800,1.01072800,1.01205600,1.01247800,1.01272500,1.01287000,1.01296300,1.01301000
8.867999,1.00729800,1.01072800,1.01205600,1.01247900,1.01272500,1.01287100,1.01296300,1.01301000
8.870000,1.00729800,1.01072800,1.01205700,1.01247900,1.01272500,1.01287100,1.01296400,1.01301000
8.872000,1.00729800,1.01072900,1.01205700,1.01247900,1.01272600,1.01287200,1.01296400,1.01301100
8.874000,1.00729900,1.01072900,1.01205800,1.01248000,1.01272600,1.01287200,1.01296400,1.01301100
8.875999,1.00729900,1.01072900,1.01205800,1.01248000,1.01272700,1.01287200,1.01296500,1.01301100
8.877999,1.00729900,1.01073000,1.01205800,1.01248000,1.01272700,1.01287300,1.01296500,1.01301200
8.880000,1.00729900,1.01073000,1.01205900,1.01248100,1.01272700,1.01287300,1.01296600,1.01301200
8.882000,1.00730000,1.01073000,1.01205900,1.01248100,1.01272800,1.01287300,1.01296600,1.01301300
8.883999,1.00730000,1.01073100,1.01205900,1.01248200,1.01272800,1.01287400,1.01296600,1.01301300
8.885999,1.00730000,1.01073100,1.01206000,1.01248200,1.01272800,1.01287400,1.01296700,1.01301300
8.887999,1.00730000,1.01073100,1.01206000,1.01248200,1.01272900,1.01287400,1.01296700,1.01301400
8.889999,1.00730000,1.01073200,1.01206000,1.01248300,1.01272900,1.01287500,1.01296700,1.01301400
8.891999,1.00730100,1.01073200,1.01206100,1.01248300,1.01273000,1.01287500,1.01296800,1.01301400
8.893999,1.00730100,1.01073200,1.01206100,1.01248300,1.01273000,1.01287600,1.01296800,1.01301500
8.895999,1.00730100,1.01073300,1.01206100,1.01248400,1.01273000,1.01287600,1.01296900,1.01301500
8.897999,1.00730100,1.01073300,1.01206200,1.01248400,1.01273100,1.01287600,1.01296900,1.01301600
8.900000,1.00730200,1.01073300,1.01206200,1.01248500,1.01273100,1.01287700,1.01296900,1.01301600
8.901999,1.00730200,1.01073400,1.01206300,1.01248500,1.01273100,1.01287700,1.01297000,1.01301600
8.903999,1.00730200,1.01073400,1.01206300,1.01248500,1.01273200,1.01287700,1.01297000,1.01301700
8.905999,1.00730200,1.01073400,1.01206300,1.01248600,1.01273200,1.01287800,1.01297000,1.01301700
8.908000,1.00730300,1.01073500,1.01206400,1.01248600,1.01273300,1.01287800,1.01297100,1.01301700
8.910000,1.00730300,1.01073500,1.01206400,1.01248600,1.01273300,1.01287900,1.01297100,1.01301800
8.912000,1.00730300,1.01073500,1.01206400,1.01248700,1.01273300,1.01287900,1.01297200,1.01301800
8.914000,1.00730300,1.01073600,1.01206500,1.01248700,1.01273400,1.01287900,1.01297200,1.01301800
8.915999,1.00730400,1.01073600,1.01206500,1.01248700,1.01273400,1.01288000,1.01297200,1.01301900
8.917999,1.00730400,1.01073600,1.01206500,1.01248800,1.01273400,1.01288000,1.01297300,1.01301900
8.919999,1.00730400,1.01073700,1.01206600,1.01248800,1.01273500,1.01288000,1.01297300,1.01302000
8.921999,1.00730400,1.01073700,1.01206600,1.01248800,1.01273500,1.01288100,1.01297300,1.01302000
8.923999,1.00730500,1.01073700,1.01206600,1.01248900,1.01273500,1.01288100,1.01297400,1.01302000
8.925999,1.00730500,1.01073800,1.01206700,1.01248900,1.01273600,1.01288200,1.01297400,1.01302100
8.927999,1.00730500,1.01073800,1.01206700,1.01249000,1.01273600,1.01288200,1.01297500,1.01302100
8.929999,1.00730500,1.01073800,1.01206800,1.01249000,1.01273700,1.01288200,1.01297500,1.01302100
8.931999,1.00730600,1.01073800,1.01206800,1.01249000,1.01273700,1.01288300,1.01297500,1.01302200
8.933999,1.00730600,1.01073900,1.01206800,1.01249100,1.01273700,1.01288300,1.01297600,1.01302200
8.935999,1.00730600,1.01073900,1.01206900,1.01249100,1.01273800,1.01288300,1.01297600,1.01302300
8.938000,1.00730600,1.01074000,1.01206900,1.01249100,1.01273800,1.01288400,1.01297600,1.01302300
8.940000,1.00730600,1.01074000,1.01206900,1.01249200,1.01273800,1.01288400,1.01297700,1.01302300
8.941999,1.00730700,1.01074000,1.01207000,1.01249200,1.01273900,1.01288400,1.01297700,1.01302400
8.943999,1.00730700,1.01074100,1.01207000,1.01249300,1.01273900,1.01288500,1.01297700,1.01302400
8.945999,1.00730700,1.01074100,1.01207100,1.01249300,1.01274000,1.01288500,1.01297800,1.01302500
8.948000,1.00730700,1.01074100,1.01207100,1.01249300,1.01274000,1.01288600,1.01297800,1.01302500
8.950000,1.00730800,1.01074100,1.01207100,1.01249400,1.01274000,1.01288600,1.01297900,1.01302500
8.952000,1.00730800,1.01074200,1.01207200,1.01249400,1.01274100,1.01288600,1.01297900,1.01302600
8.954000,1.00730800,1.01074200,1.01207200,1.01249400,1.01274100,1.01288700,1.01297900,1.01302600
8.955999,1.00730800,1.01074300,1.01207200,1.01249500,1.01274100,1.01288700,1.01298000,1.01302600
8.957999,1.00730900,1.01074300,1.01207300,1.01249500,1.01274200,1.01288700,1.01298000,1.01302700
8.959999,1.00730900,1.01074300,1.01207300,1.01249600,1.01274200,1.01288800,1.01298000,1.01302700
8.961999,1.00730900,1.01074300,1.01207300,1.01249600,1.01274300,1.01288800,1.01298100,1.01302800
8.963999,1.00730900,1.01074400,1.01207400,1.01249600,1.01274300,1.01288900,1.01298100,1.01302800
8.965999,1.00731000,1.01074400,1.01207400,1.01249700,1.01274300,1.01288900,1.01298200,1.01302800
8.967999,1.00731000,1.01074400,1.01207400,1.01249700,1.01274400,1.01288900,1.01298200,1.01302900
8.969999,1.00731000,1.01074500,1.01207500,1.01249700,1.01274400,1.01289000,1.01298200,1.01302900
8.971999,1.00731000,1.01074500,1.01207500,1.01249800,1.01274400,1.01289000,1.01298300,1.01302900
8.973999,1.00731100,1.01074500,1.01207600,1.01249800,1.01274500,1.01289000,1.01298300,1.01303000
8.975999,1.00731100,1.01074600,1.01207600,1.01249800,1.01274500,1.01289100,1.01298300,1.01303000
8.978000,1.00731100,1.01074600,1.01207600,1.01249900,1.01274500,1.01289100,1.01298400,1.01303100
8.980000,1.00731100,1.01074600,1.01207700,1.01249900,1.01274600,1.01289200,1.01298400,1.01303100
8.981999,1.00731100,1.01074700,1.01207700,1.01250000,1.01274600,1.01289200,1.01298500,1.01303100
8.983999,1.00731200,1.01074700,1.01207700,1.01250000,1.01274700,1.01289200,1.01298500,1.01303200
8.986000,1.00731200,1.01074700,1.01207800,1.01250000,1.01274700,1.01289300,1.01298500,1.01303200
8.988000,1.00731200,1.01074800,1.01207800,1.01250100,1.01274700,1.01289300,1.01298600,1.01303200
8.990000,1.00731200,1.01074800,1.01207800,1.01250100,1.01274800,1.01289300,1.01298600,1.01303300
8.992000,1.00731300,1.01074800,1.01207900,1.01250100,1.01274800,1.01289400,1.01298600,1.01303300
8.993999,1.00731300,1.01074900,1.01207900,1.01250200,1.01274800,1.01289400,1.01298700,1.01303400
8.995999,1.00731300,1.01074900,1.01207900,1.01250200,1.01274900,1.01289500,1.01298700,1.01303400
8.997999,1.00731300,1.01074900,1.01208000,1.01250200,1.01274900,1.01289500,1.01298800,1.01303400
8.999999,1.00731400,1.01075000,1.01208000,1.01250300,1.01275000,1.01289500,1.01298800,1.01303500
9.001999,1.00731400,1.01075000,1.01208100,1.01250300,1.01275000,1.01289600,1.01298800,1.01303500
9.003999,1.00731400,1.01075000,1.01208100,1.01250400,1.01275000,1.01289600,1.01298900,1.01303500
9.006000,1.00731400,1.01075100,1.01208100,1.01250400,1.01275100,1.01289600,1.01298900,1.01303600
9.007999,1.00731500,1.01075100,1.01208200,1.01250400,1.01275100,1.01289700,1.01298900,1.01303600
9.009999,1.00731500,1.01075100,1.01208200,1.01250500,1.01275100,1.01289700,1.01299000,1.01303600
9.011999,1.00731500,1.01075200,1.01208200,1.01250500,1.01275200,1.01289700,1.01299000,1.01303700
9.013999,1.00731500,1.01075200,1.01208300,1.01250500,1.01275200,1.01289800,1.01299100,1.01303700
9.016000,1.00731600,1.01075200,1.01208300,1.01250600,1.01275300,1.01289800,1.01299100,1.01303800
9.018000,1.00731600,1.01075300,1.01208300,1.01250600,1.01275300,1.01289900,1.01299100,1.01303800
9.020000,1.00731600,1.01075300,1.01208400,1.01250600,1.01275300,1.01289900,1.01299200,1.01303800
9.021999,1.00731600,1.01075300,1.01208400,1.01250700,1.01275400,1.01289900,1.01299200,1.01303900
9.023999,1.00731600,1.01075400,1.01208400,1.01250700,1.01275400,1.01290000,1.01299200,1.01303900
9.026000,1.00731700,1.01075400,1.01208500,1.01250800,1.01275400,1.01290000,1.01299300,1.01303900
9.028000,1.00731700,1.01075400,1.01208500,1.01250800,1.01275500,1.01290000,1.01299300,1.01304000
9.030000,1.00731700,1.01075500,1.01208600,1.01250800,1.01275500,1.01290100,1.01299400,1.01304000
9.032000,1.00731700,1.01075500,1.01208600,1.01250900,1.01275600,1.01290100,1.01299400,1.01304100
9.033999,1.00731800,1.01075500,1.01208600,1.01250900,1.01275600,1.01290200,1.01299400,1.01304100
9.035999,1.00731800,1.01075600,1.01208700,1.01250900,1.01275600,1.01290200,1.01299500,1.01304100
9.037999,1.00731800,1.01075600,1.01208700,1.01251000,1.01275700,1.01290200,1.01299500,1.01304200
9.039999,1.00731800,1.01075600,1.01208700,1.01251000,1.01275700,1.01290300,1.01299500,1.01304200
9.041999,1.00731900,1.01075700,1.01208800,1.01251100,1.01275700,1.01290300,1.01299600,1.01304200
9.043999,1.00731900,1.01075700,1.01208800,1.01251100,1.01275800,1.01290300,1.01299600,1.01304300
9.046000,1.00731900,1.01075700,1.01208800,1.01251100,1.01275800,1.01290400,1.01299700,1.01304300
9.047999,1.00731900,1.01075800,1.01208900,1.01251200,1.01275800,1.01290400,1.01299700,1.01304400
9.049999,1.00732000,1.01075800,1.01208900,1.01251200,1.01275900,1.01290500,1.01299700,1.01304400
9.051999,1.00732000,1.01075800,1.01208900,1.01251200,1.01275900,1.01290500,1.01299800,1.01304400
9.053999,1.00732000,1.01075900,1.01209000,1.01251300,1.01276000,1.01290500,1.01299800,1.01304500
9.056000,1.00732000,1.01075900,1.01209000,1.01251300,1.01276000,1.01290600,1.01299800,1.01304500
9.058000,1.00732100,1.01075900,1.01209100,1.01251400,1.01276000,1.01290600,1.01299900,1.01304500
9.059999,1.00732100,1.01076000,1.01209100,1.01251400,1.01276100,1.01290600,1.01299900,1.01304600
9.061999,1.00732100,1.01076000,1.01209100,1.01251400,1.01276100,1.01290700,1.01300000,1.01304600
9.064000,1.00732100,1.01076000,1.01209200,1.01251500,1.01276100,1.01290700,1.01300000,1.01304700
9.066000,1.00732100,1.01076100,1.01209200,1.01251500,1.01276200,1.01290800,1.01300000,1.01304700
9.068000,1.00732200,1.01076100,1.01209200,1.01251500,1.01276200,1.01290800,1.01300100,1.01304700
9.070000,1.00732200,1.01076100,1.01209300,1.01251600,1.01276300,1.01290800,1.01300100,1.01304800
9.071999,1.00732200,1.01076200,1.01209300,1.01251600,1.01276300,1.01290900,1.01300100,1.01304800
9.073999,1.00732200,1.01076200,1.01209400,1.01251600,1.01276300,1.01290900,1.01300200,1.01304900
9.075999,1.00732300,1.01076200,1.01209400,1.01251700,1.01276400,1.01290900,1.01300200,1.01304900
9.077999,1.00732300,1.01076300,1.01209400,1.01251700,1.01276400,1.01291000,1.01300300,1.01304900
9.079999,1.00732300,1.01076300,1.01209500,1.01251800,1.01276400,1.01291000,1.01300300,1.01305000
9.081999,1.00732300,1.01076300,1.01209500,1.01251800,1.01276500,1.01291100,1.01300300,1.01305000
9.084000,1.00732400,1.01076400,1.01209500,1.01251800,1.01276500,1.01291100,1.01300400,1.01305000
9.085999,1.00732400,1.01076400,1.01209600,1.01251900,1.01276600,1.01291100,1.01300400,1.01305100
9.087999,1.00732400,1.01076400,1.01209600,1.01251900,1.01276600,1.01291200,1.01300400,1.01305100
9.089999,1.00732400,1.01076500,1.01209600,1.01251900,1.01276600,1.01291200,1.01300500,1.01305200
9.091999,1.00732500,1.01076500,1.01209700,1.01252000,1.01276700,1.01291200,1.01300500,1.01305200
9.094000,1.00732500,1.01076500,1.01209700,1.01252000,1.01276700,1.01291300,1.01300500,1.01305200
9.096000,1.00732500,1.01076600,1.01209700,1.01252000,1.01276700,1.01291300,1.01300600,1.01305300
9.098000,1.00732500,1.01076600,1.01209800,1.01252100,1.01276800,1.01291400,1.01300600,1.01305300
9.099999,1.00732600,1.01076600,1.01209800,1.01252100,1.01276800,1.01291400,1.01300700,1.01305300
9.101999,1.00732600,1.01076700,1.01209900,1.01252200,1.01276900,1.01291400,1.01300700,1.01305400
9.104000,1.00732600,1.01076700,1.01209900,1.01252200,1.01276900,1.01291500,1.01300700,1.01305400
9.106000,1.00732600,1.01076700,1.01209900,1.01252200,1.01276900,1.01291500,1.01300800,1.01305400
9.107999,1.00732600,1.01076800,1.01210000,1.01252300,1.01277000,1.01291500,1.01300800,1.01305500
9.109999,1.00732700,1.01076800,1.01210000,1.01252300,1.01277000,1.01291600,1.01300900,1.01305500
9.111999,1.00732700,1.01076800,1.01210000,1.01252300,1.01277000,1.01291600,1.01300900,1.01305600
9.113999,1.00732700,1.01076900,1.01210100,1.01252400,1.01277100,1.01291700,1.01300900,1.01305600
9.115999,1.00732700,1.01076900,1.01210100,1.01252400,1.01277100,1.01291700,1.01301000,1.01305600
9.117999,1.00732800,1.01076900,1.01210100,1.01252400,1.01277100,1.01291700,1.01301000,1.01305700
9.119999,1.00732800,1.01076900,1.01210200,1.01252500,1.01277200,1.01291800,1.01301000,1.01305700
9.121999,1.00732800,1.01077000,1.01210200,1.01252500,1.01277200,1.01291800,1.01301100,1.01305700
9.124000,1.00732800,1.01077000,1.01210200,1.01252600,1.01277300,1.01291800,1.01301100,1.01305800
9.125999,1.00732900,1.01077100,1.01210300,1.01252600,1.01277300,1.01291900,1.01301200,1.01305800
9.127999,1.00732900,1.01077100,1.01210300,1.01252600,1.01277300,1.01291900,1.01301200,1.01305900
9.129999,1.00732900,1.01077100,1.01210400,1.01252700,1.01277400,1.01292000,1.01301200,1.01305900
9.132000,1.00732900,1.01077200,1.01210400,1.01252700,1.01277400,1.01292000,1.01301300,1.01305900
9.134000,1.00733000,1.01077200,1.01210400,1.01252700,1.01277400,1.01292000,1.01301300,1.01306000
9.136000,1.00733000,1.01077200,1.01210500,1.01252800,1.01277500,1.01292100,1.01301300,1.01306000
9.138000,1.00733000,1.01077200,1.01210500,1.01252800,1.01277500,1.01292100,1.01301400,1.01306000
9.139999,1.00733000,1.01077300,1.01210500,1.01252900,1.01277600,1.01292100,1.01301400,1.01306100
9.142000,1.00733100,1.01077300,1.01210600,1.01252900,1.01277600,1.01292200,1.01301500,1.01306100
9.143999,1.00733100,1.01077400,1.01210600,1.01252900,1.01277600,1.01292200,1.01301500,1.01306200
9.145999,1.00733100,1.01077400,1.01210600,1.01253000,1.01277700,1.01292300,1.01301500,1.01306200
9.147999,1.00733100,1.01077400,1.01210700,1.01253000,1.01277700,1.01292300,1.01301600,1.01306200
9.149999,1.00733100,1.01077400,1.01210700,1.01253000,1.01277700,1.01292300,1.01301600,1.01306300
9.151999,1.00733200,1.01077500,1.01210800,1.01253100,1.01277800,1.01292400,1.01301600,1.01306300
9.153999,1.00733200,1.01077500,1.01210800,1.01253100,1.01277800,1.01292400,1.01301700,1.01306400
9.155999,1.00733200,1.01077500,1.01210800,1.01253200,1.01277900,1.01292400,1.01301700,1.01306400
9.157999,1.00733200,1.01077600,1.01210900,1.01253200,1.01277900,1.01292500,1.01301800,1.01306400
9.159999,1.00733300,1.01077600,1.01210900,1.01253200,1.01277900,1.01292500,1.01301800,1.01306500
9.162000,1.00733300,1.01077700,1.01210900,1.01253300,1.01278000,1.01292600,1.01301800,1.01306500
9.164000,1.00733300,1.01077700,1.01211000,1.01253300,1.01278000,1.01292600,1.01301900,1.01306500
9.165999,1.00733300,1.01077700,1.01211000,1.01253300,1.01278000,1.01292600,1.01301900,1.01306600
9.167999,1.00733400,1.01077700,1.01211000,1.01253400,1.01278100,1.01292700,1.01301900,1.01306600
9.169999,1.00733400,1.01077800,1.01211100,1.01253400,1.01278100,1.01292700,1.01302000,1.01306700
9.172000,1.00733400,1.01077800,1.01211100,1.01253400,1.01278200,1.01292700,1.01302000,1.01306700
9.174000,1.00733400,1.01077800,1.01211200,1.01253500,1.01278200,1.01292800,1.01302100,1.01306700
9.176000,1.00733500,1.01077900,1.01211200,1.01253500,1.01278200,1.01292800,1.01302100,1.01306800
9.177999,1.00733500,1.01077900,1.01211200,1.01253600,1.01278300,1.01292900,1.01302100,1.01306800
9.179999,1.00733500,1.01078000,1.01211300,1.01253600,1.01278300,1.01292900,1.01302200,1.01306800
9.181999,1.00733500,1.01078000,1.01211300,1.01253600,1.01278300,1.01292900,1.01302200,1.01306900
9.183999,1.00733600,1.01078000,1.01211300,1.01253700,1.01278400,1.01293000,1.01302200,1.01306900
9.185999,1.00733600,1.01078000,1.01211400,1.01253700,1.01278400,1.01293000,1.01302300,1.01307000
9.187999,1.00733600,1.01078100,1.01211400,1.01253700,1.01278500,1.01293000,1.01302300,1.01307000
9.189999,1.00733600,1.01078100,1.01211400,1.01253800,1.01278500,1.01293100,1.01302400,1.01307000
9.191999,1.00733600,1.01078100,1.01211500,1.01253800,1.01278500,1.01293100,1.01302400,1.01307100
9.193999,1.00733700,1.01078200,1.01211500,1.01253900,1.01278600,1.01293200,1.01302400,1.01307100
9.195999,1.00733700,1.01078200,1.01211500,1.01253900,1.01278600,1.01293200,1.01302500,1.01307100
9.197999,1.00733700,1.01078200,1.01211600,1.01253900,1.01278600,1.01293200,1.01302500,1.01307200
9.199999,1.00733700,1.01078300,1.01211600,1.01254000,1.01278700,1.01293300,1.01302500,1.01307200
9.202000,1.00733800,1.01078300,1.01211700,1.01254000,1.01278700,1.01293300,1.01302600,1.01307200
9.204000,1.00733800,1.01078300,1.01211700,1.01254000,1.01278800,1.01293300,1.01302600,1.01307300
9.205999,1.00733800,1.01078400,1.01211700,1.01254100,1.01278800,1.01293400,1.01302700,1.01307300
9.207999,1.00733800,1.01078400,1.01211800,1.01254100,1.01278800,1.01293400,1.01302700,1.01307400
9.210000,1.00733900,1.01078400,1.01211800,1.01254200,1.01278900,1.01293500,1.01302700,1.01307400
9.212000,1.00733900,1.01078500,1.01211800,1.01254200,1.01278900,1.01293500,1.01302800,1.01307400
9.214000,1.00733900,1.01078500,1.01211900,1.01254200,1.01278900,1.01293500,1.01302800,1.01307500
9.216000,1.00733900,1.01078500,1.01211900,1.01254300,1.01279000,1.01293600,1.01302900,1.01307500
9.217999,1.00734000,1.01078600,1.01212000,1.01254300,1.01279000,1.01293600,1.01302900,1.01307600
9.219999,1.00734000,1.01078600,1.01212000,1.01254300,1.01279100,1.01293600,1.01302900,1.01307600
9.221999,1.00734000,1.01078600,1.01212000,1.01254400,1.01279100,1.01293700,1.01303000,1.01307600
9.223999,1.00734000,1.01078700,1.01212100,1.01254400,1.01279100,1.01293700,1.01303000,1.01307700
9.225999,1.00734100,1.01078700,1.01212100,1.01254500,1.01279200,1.01293800,1.01303000,1.01307700
9.227999,1.00734100,1.01078700,1.01212100,1.01254500,1.01279200,1.01293800,1.01303100,1.01307700
9.230000,1.00734100,1.01078800,1.01212200,1.01254500,1.01279200,1.01293800,1.01303100,1.01307800
9.231999,1.00734100,1.01078800,1.01212200,1.01254600,1.01279300,1.01293900,1.01303100,1.01307800
9.233999,1.00734200,1.01078800,1.01212200,1.01254600,1.01279300,1.01293900,1.01303200,1.01307900
9.235999,1.00734200,1.01078900,1.01212300,1.01254600,1.01279400,1.01293900,1.01303200,1.01307900
9.237999,1.00734200,1.01078900,1.01212300,1.01254700,1.01279400,1.01294000,1.01303300,1.01307900
9.240000,1.00734200,1.01078900,1.01212300,1.01254700,1.01279400,1.01294000,1.01303300,1.01308000
9.242000,1.00734200,1.01079000,1.01212400,1.01254700,1.01279500,1.01294100,1.01303300,1.01308000
9.243999,1.00734300,1.01079000,1.01212400,1.01254800,1.01279500,1.01294100,1.01303400,1.01308000
9.245999,1.00734300,1.01079000,1.01212500,1.01254800,1.01279500,1.01294100,1.01303400,1.01308100
9.247999,1.00734300,1.01079100,1.01212500,1.01254900,1.01279600,1.01294200,1.01303400,1.01308100
9.250000,1.00734300,1.01079100,1.01212500,1.01254900,1.01279600,1.01294200,1.01303500,1.01308200
9.252000,1.00734400,1.01079100,1.01212600,1.01254900,1.01279700,1.01294200,1.01303500,1.01308200
9.254000,1.00734400,1.01079200,1.01212600,1.01255000,1.01279700,1.01294300,1.01303600,1.01308200
9.256000,1.00734400,1.01079200,1.01212600,1.01255000,1.01279700,1.01294300,1.01303600,1.01308300
9.257999,1.00734400,1.01079200,1.01212700,1.01255000,1.01279800,1.01294400,1.01303600,1.01308300
9.259999,1.00734500,1.01079300,1.01212700,1.01255100,1.01279800,1.01294400,1.01303700,1.01308300
9.261999,1.00734500,1.01079300,1.01212700,1.01255100,1.01279800,1.01294400,1.01303700,1.01308400
9.263999,1.00734500,1.01079300,1.01212800,1.01255200,1.01279900,1.01294500,1.01303800,1.01308400
9.265999,1.00734500,1.01079400,1.01212800,1.01255200,1.01279900,1.01294500,1.01303800,1.01308500
9.267999,1.00734600,1.01079400,1.01212900,1.01255200,1.01280000,1.01294500,1.01303800,1.01308500
9.270000,1.00734600,1.01079400,1.01212900,1.01255300,1.01280000,1.01294600,1.01303900,1.01308500
9.271999,1.00734600,1.01079500,1.01212900,1.01255300,1.01280000,1.01294600,1.01303900,1.01308600
9.273999,1.00734600,1.01079500,1.01213000,1.01255300,1.01280100,1.01294700,1.01303900,1.01308600
9.275999,1.00734700,1.01079500,1.01213000,1.01255400,1.01280100,1.01294700,1.01304000,1.01308700
9.277999,1.00734700,1.01079600,1.01213000,1.01255400,1.01280100,1.01294700,1.01304000,1.01308700
9.280000,1.00734700,1.01079600,1.01213100,1.01255400,1.01280200,1.01294800,1.01304100,1.01308700
9.282000,1.00734700,1.01079600,1.01213100,1.01255500,1.01280200,1.01294800,1.01304100,1.01308800
9.283999,1.00734800,1.01079700,1.01213100,1.01255500,1.01280200,1.01294900,1.01304100,1.01308800
9.285999,1.00734800,1.01079700,1.01213200,1.01255600,1.01280300,1.01294900,1.01304200,1.01308800
9.288000,1.00734800,1.01079700,1.01213200,1.01255600,1.01280300,1.01294900,1.01304200,1.01308900
9.290000,1.00734800,1.01079800,1.01213300,1.01255600,1.01280400,1.01295000,1.01304200,1.01308900
9.292000,1.00734900,1.01079800,1.01213300,1.01255700,1.01280400,1.01295000,1.01304300,1.01309000
9.294000,1.00734900,1.01079800,1.01213300,1.01255700,1.01280400,1.01295000,1.01304300,1.01309000
9.296000,1.00734900,1.01079900,1.01213400,1.01255700,1.01280500,1.01295100,1.01304400,1.01309000
9.297999,1.00734900,1.01079900,1.01213400,1.01255800,1.01280500,1.01295100,1.01304400,1.01309100
9.299999,1.00734900,1.01079900,1.01213400,1.01255800,1.01280500,1.01295100,1.01304400,1.01309100
9.301999,1.00735000,1.01080000,1.01213500,1.01255900,1.01280600,1.01295200,1.01304500,1.01309100
9.303999,1.00735000,1.01080000,1.01213500,1.01255900,1.01280600,1.01295200,1.01304500,1.01309200
9.305999,1.00735000,1.01080000,1.01213500,1.01255900,1.01280700,1.01295300,1.01304500,1.01309200
9.308000,1.00735000,1.01080100,1.01213600,1.01256000,1.01280700,1.01295300,1.01304600,1.01309300
9.309999,1.00735100,1.01080100,1.01213600,1.01256000,1.01280700,1.01295300,1.01304600,1.01309300
9.311999,1.00735100,1.01080100,1.01213600,1.01256000,1.01280800,1.01295400,1.01304700,1.01309300
9.313999,1.00735100,1.01080200,1.01213700,1.01256100,1.01280800,1.01295400,1.01304700,1.01309400
9.315999,1.00735100,1.01080200,1.01213700,1.01256100,1.01280800,1.01295400,1.01304700,1.01309400
9.318000,1.00735200,1.01080200,1.01213800,1.01256200,1.01280900,1.01295500,1.01304800,1.01309400
9.320000,1.00735200,1.01080300,1.01213800,1.01256200,1.01280900,1.01295500,1.01304800,1.01309500
9.322000,1.00735200,1.01080300,1.01213800,1.01256200,1.01281000,1.01295600,1.01304800,1.01309500
9.323999,1.00735200,1.01080300,1.01213900,1.01256300,1.01281000,1.01295600,1.01304900,1.01309600
9.325999,1.00735300,1.01080400,1.01213900,1.01256300,1.01281000,1.01295600,1.01304900,1.01309600
9.328000,1.00735300,1.01080400,1.01213900,1.01256300,1.01281100,1.01295700,1.01305000,1.01309600
9.330000,1.00735300,1.01080400,1.01214000,1.01256400,1.01281100,1.01295700,1.01305000,1.01309700
9.331999,1.00735300,1.01080500,1.01214000,1.01256400,1.01281100,1.01295700,1.01305000,1.01309700
9.333999,1.00735400,1.01080500,1.01214100,1.01256400,1.01281200,1.01295800,1.01305100,1.01309700
9.335999,1.00735400,1.01080500,1.01214100,1.01256500,1.01281200,1.01295800,1.01305100,1.01309800
9.337999,1.00735400,1.01080600,1.01214100,1.01256500,1.01281300,1.01295900,1.01305200,1.01309800
9.339999,1.00735400,1.01080600,1.01214200,1.01256600,1.01281300,1.01295900,1.01305200,1.01309900
9.341999,1.00735400,1.01080600,1.01214200,1.01256600,1.01281300,1.01295900,1.01305200,1.01309900
9.343999,1.00735500,1.01080700,1.01214200,1.01256600,1.01281400,1.01296000,1.01305300,1.01309900
9.345999,1.00735500,1.01080700,1.01214300,1.01256700,1.01281400,1.01296000,1.01305300,1.01310000
9.348000,1.00735500,1.01080700,1.01214300,1.01256700,1.01281500,1.01296100,1.01305300,1.01310000
9.349999,1.00735500,1.01080800,1.01214300,1.01256700,1.01281500,1.01296100,1.01305400,1.01310100
9.351999,1.00735600,1.01080800,1.01214400,1.01256800,1.01281500,1.01296100,1.01305400,1.01310100
9.353999,1.00735600,1.01080800,1.01214400,1.01256800,1.01281600,1.01296200,1.01305400,1.01310100
9.355999,1.00735600,1.01080900,1.01214400,1.01256900,1.01281600,1.01296200,1.01305500,1.01310200
9.358000,1.00735600,1.01080900,1.01214500,1.01256900,1.01281600,1.01296200,1.01305500,1.01310200
9.360000,1.00735700,1.01080900,1.01214500,1.01256900,1.01281700,1.01296300,1.01305600,1.01310200
9.362000,1.00735700,1.01081000,1.01214600,1.01257000,1.01281700,1.01296300,1.01305600,1.01310300
9.363999,1.00735700,1.01081000,1.01214600,1.01257000,1.01281800,1.01296400,1.01305600,1.01310300
9.366000,1.00735700,1.01081000,1.01214600,1.01257000,1.01281800,1.01296400,1.01305700,1.01310300
9.367999,1.00735800,1.01081100,1.01214700,1.01257100,1.01281800,1.01296400,1.01305700,1.01310400
9.369999,1.00735800,1.01081100,1.01214700,1.01257100,1.01281900,1.01296500,1.01305700,1.01310400
9.371999,1.00735800,1.01081100,1.01214700,1.01257200,1.01281900,1.01296500,1.01305800,1.01310500
9.373999,1.00735800,1.01081200,1.01214800,1.01257200,1.01281900,1.01296500,1.01305800,1.01310500
9.375999,1.00735900,1.01081200,1.01214800,1.01257200,1.01282000,1.01296600,1.01305900,1.01310500
9.377999,1.00735900,1.01081200,1.01214800,1.01257300,1.01282000,1.01296600,1.01305900,1.01310600
9.379999,1.00735900,1.01081300,1.01214900,1.01257300,1.01282000,1.01296700,1.01305900,1.01310600
9.381999,1.00735900,1.01081300,1.01214900,1.01257300,1.01282100,1.01296700,1.01306000,1.01310700
9.383999,1.00736000,1.01081300,1.01215000,1.01257400,1.01282100,1.01296700,1.01306000,1.01310700
9.386000,1.00736000,1.01081400,1.01215000,1.01257400,1.01282200,1.01296800,1.01306100,1.01310700
9.388000,1.00736000,1.01081400,1.01215000,1.01257400,1.01282200,1.01296800,1.01306100,1.01310800
9.389999,1.00736000,1.01081400,1.01215100,1.01257500,1.01282200,1.01296800,1.01306100,1.01310800
9.391999,1.00736100,1.01081500,1.01215100,1.01257500,1.01282300,1.01296900,1.01306200,1.01310800
9.393999,1.00736100,1.01081500,1.01215100,1.01257600,1.01282300,1.01296900,1.01306200,1.01310900
9.396000,1.00736100,1.01081500,1.01215200,1.01257600,1.01282300,1.01297000,1.01306200,1.01310900
9.398000,1.00736100,1.01081600,1.01215200,1.01257600,1.01282400,1.01297000,1.01306300,1.01311000
9.400000,1.00736200,1.01081600,1.01215300,1.01257700,1.01282400,1.01297000,1.01306300,1.01311000
9.401999,1.00736200,1.01081600,1.01215300,1.01257700,1.01282500,1.01297100,1.01306400,1.01311000
9.403999,1.00736200,1.01081700,1.01215300,1.01257700,1.01282500,1.01297100,1.01306400,1.01311100
9.405999,1.00736200,1.01081700,1.01215400,1.01257800,1.01282500,1.01297100,1.01306400,1.01311100
9.407999,1.00736200,1.01081700,1.01215400,1.01257800,1.01282600,1.01297200,1.01306500,1.01311100
9.409999,1.00736300,1.01081800,1.01215400,1.01257900,1.01282600,1.01297200,1.01306500,1.01311200
9.411999,1.00736300,1.01081800,1.01215500,1.01257900,1.01282600,1.01297300,1.01306500,1.01311200
9.413999,1.00736300,1.01081800,1.01215500,1.01257900,1.01282700,1.01297300,1.01306600,1.01311300
9.415999,1.00736300,1.01081900,1.01215500,1.01258000,1.01282700,1.01297300,1.01306600,1.01311300
9.417999,1.00736400,1.01081900,1.01215600,1.01258000,1.01282800,1.01297400,1.01306700,1.01311300
9.419999,1.00736400,1.01081900,1.01215600,1.01258000,1.01282800,1.01297400,1.01306700,1.01311400
9.421999,1.00736400,1.01082000,1.01215600,1.01258100,1.01282800,1.01297500,1.01306700,1.01311400
9.423999,1.00736400,1.01082000,1.01215700,1.01258100,1.01282900,1.01297500,1.01306800,1.01311400
9.426000,1.00736500,1.01082000,1.01215700,1.01258200,1.01282900,1.01297500,1.01306800,1.01311500
9.427999,1.00736500,1.01082100,1.01215800,1.01258200,1.01282900,1.01297600,1.01306900,1.01311500
9.429999,1.00736500,1.01082100,1.01215800,1.01258200,1.01283000,1.01297600,1.01306900,1.01311600
9.431999,1.00736500,1.01082100,1.01215800,1.01258300,1.01283000,1.01297600,1.01306900,1.01311600
9.434000,1.00736600,1.01082200,1.01215900,1.01258300,1.01283100,1.01297700,1.01307000,1.01311600
9.436000,1.00736600,1.01082200,1.01215900,1.01258300,1.01283100,1.01297700,1.01307000,1.01311700
9.438000,1.00736600,1.01082200,1.01215900,1.01258400,1.01283100,1.01297700,1.01307000,1.01311700
9.440000,1.00736600,1.01082300,1.01216000,1.01258400,1.01283200,1.01297800,1.01307100,1.01311800
9.441999,1.00736700,1.01082300,1.01216000,1.01258500,1.01283200,1.01297800,1.01307100,1.01311800
9.443999,1.00736700,1.01082300,1.01216100,1.01258500,1.01283300,1.01297900,1.01307200,1.01311800
9.445999,1.00736700,1.01082400,1.01216100,1.01258500,1.01283300,1.01297900,1.01307200,1.01311900
9.447999,1.00736700,1.01082400,1.01216100,1.01258600,1.01283300,1.01297900,1.01307200,1.01311900
9.449999,1.00736700,1.01082400,1.01216200,1.01258600,1.01283400,1.01298000,1.01307300,1.01311900
9.451999,1.00736800,1.01082500,1.01216200,1.01258600,1.01283400,1.01298000,1.01307300,1.01312000
9.454000,1.00736800,1.01082500,1.01216200,1.01258700,1.01283400,1.01298000,1.01307300,1.01312000
9.455999,1.00736800,1.01082500,1.01216300,1.01258700,1.01283500,1.01298100,1.01307400,1.01312100
9.457999,1.00736800,1.01082600,1.01216300,1.01258800,1.01283500,1.01298100,1.01307400,1.01312100
9.459999,1.00736900,1.01082600,1.01216300,1.01258800,1.01283600,1.01298200,1.01307500,1.01312100
9.461999,1.00736900,1.01082600,1.01216400,1.01258800,1.01283600,1.01298200,1.01307500,1.01312200
9.464000,1.00736900,1.01082700,1.01216400,1.01258900,1.01283600,1.01298200,1.01307500,1.01312200
9.466000,1.00736900,1.01082700,1.01216400,1.01258900,1.01283700,1.01298300,1.01307600,1.01312200
9.467999,1.00737000,1.01082700,1.01216500,1.01258900,1.01283700,1.01298300,1.01307600,1.01312300
9.469999,1.00737000,1.01082800,1.01216500,1.01259000,1.01283700,1.01298400,1.01307600,1.01312300
9.471999,1.00737000,1.01082800,1.01216600,1.01259000,1.01283800,1.01298400,1.01307700,1.01312400
9.474000,1.00737000,1.01082800,1.01216600,1.01259100,1.01283800,1.01298400,1.01307700,1.01312400
9.476000,1.00737100,1.01082900,1.01216600,1.01259100,1.01283800,1.01298500,1.01307800,1.01312400
9.478000,1.00737100,1.01082900,1.01216700,1.01259100,1.01283900,1.01298500,1.01307800,1.01312500
9.480000,1.00737100,1.01082900,1.01216700,1.01259200,1.01283900,1.01298500,1.01307800,1.01312500
9.481999,1.00737100,1.01083000,1.01216700,1.01259200,1.01284000,1.01298600,1.01307900,1.01312600
9.483999,1.00737200,1.01083000,1.01216800,1.01259200,1.01284000,1.01298600,1.01307900,1.01312600
9.485999,1.00737200,1.01083000,1.01216800,1.01259300,1.01284000,1.01298700,1.01308000,1.01312600
9.487999,1.00737200,1.01083100,1.01216900,1.01259300,1.01284100,1.01298700,1.01308000,1.01312700
9.489999,1.00737200,1.01083100,1.01216900,1.01259400,1.01284100,1.01298700,1.01308000,1.01312700
9.491999,1.00737300,1.01083100,1.01216900,1.01259400,1.01284100,1.01298800,1.01308100,1.01312700
9.493999,1.00737300,1.01083200,1.01217000,1.01259400,1.01284200,1.01298800,1.01308100,1.01312800
9.495999,1.00737300,1.01083200,1.01217000,1.01259500,1.01284200,1.01298800,1.01308100,1.01312800
9.497999,1.00737300,1.01083200,1.01217000,1.01259500,1.01284300,1.01298900,1.01308200,1.01312900
9.499999,1.00737400,1.01083300,1.01217100,1.01259500,1.01284300,1.01298900,1.01308200,1.01312900
9.501999,1.00737400,1.01083300,1.01217100,1.01259600,1.01284300,1.01299000,1.01308300,1.01312900
9.504000,1.00737400,1.01083300,1.01217200,1.01259600,1.01284400,1.01299000,1.01308300,1.01313000
9.506000,1.00737400,1.01083400,1.01217200,1.01259600,1.01284400,1.01299000,1.01308300,1.01313000
9.507999,1.00737500,1.01083400,1.01217200,1.01259700,1.01284500,1.01299100,1.01308400,1.01313000
9.509999,1.00737500,1.01083400,1.01217300,1.01259700,1.01284500,1.01299100,1.01308400,1.01313100
9.512000,1.00737500,1.01083500,1.01217300,1.01259800,1.01284500,1.01299200,1.01308400,1.01313100
9.514000,1.00737500,1.01083500,1.01217300,1.01259800,1.01284600,1.01299200,1.01308500,1.01313200
9.516000,1.00737500,1.01083500,1.01217400,1.01259800,1.01284600,1.01299200,1.01308500,1.01313200
9.518000,1.00737600,1.01083600,1.01217400,1.01259900,1.01284600,1.01299300,1.01308600,1.01313200
9.520000,1.00737600,1.01083600,1.01217400,1.01259900,1.01284700,1.01299300,1.01308600,1.01313300
9.521999,1.00737600,1.01083600,1.01217500,1.01259900,1.01284700,1.01299300,1.01308600,1.01313300
9.523999,1.00737600,1.01083700,1.01217500,1.01260000,1.01284800,1.01299400,1.01308700,1.01313400
9.525999,1.00737700,1.01083700,1.01217500,1.01260000,1.01284800,1.01299400,1.01308700,1.01313400
9.527999,1.00737700,1.01083700,1.01217600,1.01260100,1.01284800,1.01299500,1.01308800,1.01313400
9.529999,1.00737700,1.01083800,1.01217600,1.01260100,1.01284900,1.01299500,1.01308800,1.01313500
9.532000,1.00737700,1.01083800,1.01217700,1.01260100,1.01284900,1.01299500,1.01308800,1.01313500
9.533999,1.00737800,1.01083800,1.01217700,1.01260200,1.01284900,1.01299600,1.01308900,1.01313500
9.535999,1.00737800,1.01083900,1.01217700,1.01260200,1.01285000,1.01299600,1.01308900,1.01313600
9.537999,1.00737800,1.01083900,1.01217800,1.01260200,1.01285000,1.01299600,1.01308900,1.01313600
9.539999,1.00737800,1.01083900,1.01217800,1.01260300,1.01285100,1.01299700,1.01309000,1.01313700
9.542000,1.00737900,1.01084000,1.01217800,1.01260300,1.01285100,1.01299700,1.01309000,1.01313700
9.544000,1.00737900,1.01084000,1.01217900,1.01260400,1.01285100,1.01299800,1.01309000,1.01313700
9.546000,1.00737900,1.01084000,1.01217900,1.01260400,1.01285200,1.01299800,1.01309100,1.01313800
9.547999,1.00737900,1.01084100,1.01217900,1.01260400,1.01285200,1.01299800,1.01309100,1.01313800
9.549999,1.00738000,1.01084100,1.01218000,1.01260500,1.01285200,1.01299900,1.01309200,1.01313800
9.552000,1.00738000,1.01084100,1.01218000,1.01260500,1.01285300,1.01299900,1.01309200,1.01313900
9.554000,1.00738000,1.01084200,1.01218100,1.01260500,1.01285300,1.01299900,1.01309200,1.01313900
9.556000,1.00738000,1.01084200,1.01218100,1.01260600,1.01285400,1.01300000,1.01309300,1.01314000
9.557999,1.00738100,1.01084200,1.01218100,1.01260600,1.01285400,1.01300000,1.01309300,1.01314000
9.559999,1.00738100,1.01084300,1.01218200,1.01260700,1.01285400,1.01300100,1.01309400,1.01314000
9.561999,1.00738100,1.01084300,1.01218200,1.01260700,1.01285500,1.01300100,1.01309400,1.01314100
9.563999,1.00738100,1.01084300,1.01218200,1.01260700,1.01285500,1.01300100,1.01309400,1.01314100
9.565999,1.00738200,1.01084400,1.01218300,1.01260800,1.01285600,1.01300200,1.01309500,1.01314200
9.567999,1.00738200,1.01084400,1.01218300,1.01260800,1.01285600,1.01300200,1.01309500,1.01314200
9.569999,1.00738200,1.01084400,1.01218400,1.01260800,1.01285600,1.01300300,1.01309500,1.01314200
9.572000,1.00738200,1.01084500,1.01218400,1.01260900,1.01285700,1.01300300,1.01309600,1.01314300
9.573999,1.00738300,1.01084500,1.01218400,1.01260900,1.01285700,1.01300300,1.01309600,1.01314300
9.575999,1.00738300,1.01084500,1.01218500,1.01260900,1.01285700,1.01300400,1.01309700,1.01314300
9.577999,1.00738300,1.01084600,1.01218500,1.01261000,1.01285800,1.01300400,1.01309700,1.01314400
9.579999,1.00738300,1.01084600,1.01218500,1.01261000,1.01285800,1.01300400,1.01309700,1.01314400
9.582000,1.00738300,1.01084600,1.01218600,1.01261100,1.01285900,1.01300500,1.01309800,1.01314400
9.584000,1.00738400,1.01084700,1.01218600,1.01261100,1.01285900,1.01300500,1.01309800,1.01314500
9.585999,1.00738400,1.01084700,1.01218600,1.01261100,1.01285900,1.01300500,1.01309800,1.01314500
9.587999,1.00738400,1.01084700,1.01218700,1.01261200,1.01286000,1.01300600,1.01309900,1.01314600
9.590000,1.00738400,1.01084800,1.01218700,1.01261200,1.01286000,1.01300600,1.01309900,1.01314600
9.592000,1.00738500,1.01084800,1.01218700,1.01261200,1.01286000,1.01300700,1.01310000,1.01314600
9.593999,1.00738500,1.01084800,1.01218800,1.01261300,1.01286100,1.01300700,1.01310000,1.01314700
9.595999,1.00738500,1.01084900,1.01218800,1.01261300,1.01286100,1.01300700,1.01310000,1.01314700
9.597999,1.00738500,1.01084900,1.01218900,1.01261400,1.01286100,1.01300800,1.01310100,1.01314800
9.599999,1.00738600,1.01084900,1.01218900,1.01261400,1.01286200,1.01300800,1.01310100,1.01314800
9.601999,1.00738600,1.01085000,1.01218900,1.01261400,1.01286200,1.01300900,1.01310200,1.01314800
9.603999,1.00738600,1.01085000,1.01219000,1.01261500,1.01286300,1.01300900,1.01310200,1.01314900
9.605999,1.00738600,1.01085000,1.01219000,1.01261500,1.01286300,1.01300900,1.01310200,1.01314900
9.607999,1.00738700,1.01085100,1.01219000,1.01261600,1.01286300,1.01301000,1.01310300,1.01314900
9.610000,1.00738700,1.01085100,1.01219100,1.01261600,1.01286400,1.01301000,1.01310300,1.01315000
9.612000,1.00738700,1.01085200,1.01219100,1.01261600,1.01286400,1.01301100,1.01310300,1.01315000
9.613999,1.00738700,1.01085200,1.01219200,1.01261700,1.01286500,1.01301100,1.01310400,1.01315100
9.615999,1.00738800,1.01085200,1.01219200,1.01261700,1.01286500,1.01301100,1.01310400,1.01315100
9.617999,1.00738800,1.01085200,1.01219200,1.01261700,1.01286500,1.01301200,1.01310500,1.01315100
9.620000,1.00738800,1.01085300,1.01219300,1.01261800,1.01286600,1.01301200,1.01310500,1.01315200
9.622000,1.00738800,1.01085300,1.01219300,1.01261800,1.01286600,1.01301200,1.01310500,1.01315200
9.624000,1.00738900,1.01085400,1.01219300,1.01261900,1.01286600,1.01301300,1.01310600,1.01315300
9.625999,1.00738900,1.01085400,1.01219400,1.01261900,1.01286700,1.01301300,1.01310600,1.01315300
9.627999,1.00738900,1.01085400,1.01219400,1.01261900,1.01286700,1.01301300,1.01310600,1.01315300
9.629999,1.00738900,1.01085400,1.01219500,1.01262000,1.01286800,1.01301400,1.01310700,1.01315400
9.631999,1.00739000,1.01085500,1.01219500,1.01262000,1.01286800,1.01301400,1.01310700,1.01315400
9.633999,1.00739000,1.01085500,1.01219500,1.01262000,1.01286800,1.01301500,1.01310800,1.01315500
9.635999,1.00739000,1.01085600,1.01219600,1.01262100,1.01286900,1.01301500,1.01310800,1.01315500
9.637999,1.00739000,1.01085600,1.01219600,1.01262100,1.01286900,1.01301500,1.01310800,1.01315500
9.639999,1.00739000,1.01085600,1.01219600,1.01262200,1.01286900,1.01301600,1.01310900,1.01315600
9.641999,1.00739100,1.01085700,1.01219700,1.01262200,1.01287000,1.01301600,1.01310900,1.01315600
9.643999,1.00739100,1.01085700,1.01219700,1.01262200,1.01287000,1.01301700,1.01311000,1.01315600
9.645999,1.00739100,1.01085700,1.01219700,1.01262300,1.01287100,1.01301700,1.01311000,1.01315700
9.647999,1.00739200,1.01085700,1.01219800,1.01262300,1.01287100,1.01301700,1.01311000,1.01315700
9.650000,1.00739200,1.01085800,1.01219800,1.01262300,1.01287100,1.01301800,1.01311100,1.01315700
9.651999,1.00739200,1.01085800,1.01219900,1.01262400,1.01287200,1.01301800,1.01311100,1.01315800
9.653999,1.00739200,1.01085900,1.01219900,1.01262400,1.01287200,1.01301800,1.01311100,1.01315800
9.655999,1.00739300,1.01085900,1.01219900,1.01262500,1.01287200,1.01301900,1.01311200,1.01315900
9.658000,1.00739300,1.01085900,1.01220000,1.01262500,1.01287300,1.01301900,1.01311200,1.01315900
9.660000,1.00739300,1.01085900,1.01220000,1.01262500,1.01287300,1.01302000,1.01311300,1.01315900
9.662000,1.00739300,1.01086000,1.01220000,1.01262600,1.01287400,1.01302000,1.01311300,1.01316000
9.664000,1.00739300,1.01086000,1.01220100,1.01262600,1.01287400,1.01302000,1.01311300,1.01316000
9.665999,1.00739400,1.01086100,1.01220100,1.01262600,1.01287400,1.01302100,1.01311400,1.01316100
9.667999,1.00739400,1.01086100,1.01220100,1.01262700,1.01287500,1.01302100,1.01311400,1.01316100
9.669999,1.00739400,1.01086100,1.01220200,1.01262700,1.01287500,1.01302100,1.01311400,1.01316100
9.671999,1.00739400,1.01086200,1.01220200,1.01262700,1.01287600,1.01302200,1.01311500,1.01316200
9.673999,1.00739500,1.01086200,1.01220300,1.01262800,1.01287600,1.01302200,1.01311500,1.01316200
9.675999,1.00739500,1.01086200,1.01220300,1.01262800,1.01287600,1.01302300,1.01311600,1.01316200
9.677999,1.00739500,1.01086300,1.01220300,1.01262900,1.01287700,1.01302300,1.01311600,1.01316300
9.679999,1.00739500,1.01086300,1.01220400,1.01262900,1.01287700,1.01302300,1.01311600,1.01316300
9.681999,1.00739600,1.01086300,1.01220400,1.01262900,1.01287700,1.01302400,1.01311700,1.01316400
9.683999,1.00739600,1.01086400,1.01220400,1.01263000,1.01287800,1.01302400,1.01311700,1.01316400
9.685999,1.00739600,1.01086400,1.01220500,1.01263000,1.01287800,1.01302500,1.01311800,1.01316400
9.688000,1.00739600,1.01086400,1.01220500,1.01263000,1.01287900,1.01302500,1.01311800,1.01316500
9.690000,1.00739700,1.01086500,1.01220500,1.01263100,1.01287900,1.01302500,1.01311800,1.01316500
9.691999,1.00739700,1.01086500,1.01220600,1.01263100,1.01287900,1.01302600,1.01311900,1.01316500
9.693999,1.00739700,1.01086500,1.01220600,1.01263200,1.01288000,1.01302600,1.01311900,1.01316600
9.695999,1.00739700,1.01086600,1.01220700,1.01263200,1.01288000,1.01302600,1.01311900,1.01316600
9.698000,1.00739800,1.01086600,1.01220700,1.01263200,1.01288000,1.01302700,1.01312000,1.01316700
9.700000,1.00739800,1.01086600,1.01220700,1.01263300,1.01288100,1.01302700,1.01312000,1.01316700
9.702000,1.00739800,1.01086700,1.01220800,1.01263300,1.01288100,1.01302800,1.01312100,1.01316700
9.704000,1.00739800,1.01086700,1.01220800,1.01263300,1.01288200,1.01302800,1.01312100,1.01316800
9.705999,1.00739900,1.01086700,1.01220800,1.01263400,1.01288200,1.01302800,1.01312100,1.01316800
9.707999,1.00739900,1.01086800,1.01220900,1.01263400,1.01288200,1.01302900,1.01312200,1.01316900
9.709999,1.00739900,1.01086800,1.01220900,1.01263500,1.01288300,1.01302900,1.01312200,1.01316900
9.711999,1.00739900,1.01086800,1.01221000,1.01263500,1.01288300,1.01302900,1.01312300,1.01316900
9.713999,1.00740000,1.01086900,1.01221000,1.01263500,1.01288300,1.01303000,1.01312300,1.01317000
9.715999,1.00740000,1.01086900,1.01221000,1.01263600,1.01288400,1.01303000,1.01312300,1.01317000
9.717999,1.00740000,1.01086900,1.01221100,1.01263600,1.01288400,1.01303100,1.01312400,1.01317000
9.719999,1.00740000,1.01087000,1.01221100,1.01263700,1.01288500,1.01303100,1.01312400,1.01317100
9.721999,1.00740100,1.01087000,1.01221100,1.01263700,1.01288500,1.01303100,1.01312400,1.01317100
9.723999,1.00740100,1.01087000,1.01221200,1.01263700,1.01288500,1.01303200,1.01312500,1.01317200
9.725999,1.00740100,1.01087100,1.01221200,1.01263800,1.01288600,1.01303200,1.01312500,1.01317200
9.728000,1.00740100,1.01087100,1.01221300,1.01263800,1.01288600,1.01303300,1.01312600,1.01317200
9.730000,1.00740100,1.01087100,1.01221300,1.01263800,1.01288700,1.01303300,1.01312600,1.01317300
9.731999,1.00740200,1.01087200,1.01221300,1.01263900,1.01288700,1.01303300,1.01312600,1.01317300
9.733999,1.00740200,1.01087200,1.01221400,1.01263900,1.01288700,1.01303400,1.01312700,1.01317400
9.736000,1.00740200,1.01087200,1.01221400,1.01264000,1.01288800,1.01303400,1.01312700,1.01317400
9.738000,1.00740200,1.01087300,1.01221400,1.01264000,1.01288800,1.01303400,1.01312700,1.01317400
9.740000,1.00740300,1.01087300,1.01221500,1.01264000,1.01288800,1.01303500,1.01312800,1.01317500
9.742000,1.00740300,1.01087300,1.01221500,1.01264100,1.01288900,1.01303500,1.01312800,1.01317500
9.743999,1.00740300,1.01087400,1.01221500,1.01264100,1.01288900,1.01303600,1.01312900,1.01317500
9.745999,1.00740300,1.01087400,1.01221600,1.01264100,1.01289000,1.01303600,1.01312900,1.01317600
9.747999,1.00740400,1.01087400,1.01221600,1.01264200,1.01289000,1.01303600,1.01312900,1.01317600
9.749999,1.00740400,1.01087500,1.01221700,1.01264200,1.01289000,1.01303700,1.01313000,1.01317700
9.751999,1.00740400,1.01087500,1.01221700,1.01264300,1.01289100,1.01303700,1.01313000,1.01317700
9.753999,1.00740400,1.01087500,1.01221700,1.01264300,1.01289100,1.01303700,1.01313100,1.01317700
9.756000,1.00740500,1.01087600,1.01221800,1.01264300,1.01289100,1.01303800,1.01313100,1.01317800
9.757999,1.00740500,1.01087600,1.01221800,1.01264400,1.01289200,1.01303800,1.01313100,1.01317800
9.759999,1.00740500,1.01087600,1.01221800,1.01264400,1.01289200,1.01303900,1.01313200,1.01317900
9.761999,1.00740500,1.01087700,1.01221900,1.01264400,1.01289300,1.01303900,1.01313200,1.01317900
9.763999,1.00740600,1.01087700,1.01221900,1.01264500,1.01289300,1.01303900,1.01313200,1.01317900
9.766000,1.00740600,1.01087700,1.01221900,1.01264500,1.01289300,1.01304000,1.01313300,1.01318000
9.768000,1.00740600,1.01087800,1.01222000,1.01264500,1.01289400,1.01304000,1.01313300,1.01318000
9.770000,1.00740600,1.01087800,1.01222000,1.01264600,1.01289400,1.01304100,1.01313400,1.01318000
9.771999,1.00740700,1.01087800,1.01222100,1.01264600,1.01289500,1.01304100,1.01313400,1.01318100
9.773999,1.00740700,1.01087900,1.01222100,1.01264700,1.01289500,1.01304100,1.01313400,1.01318100
9.776000,1.00740700,1.01087900,1.01222100,1.01264700,1.01289500,1.01304200,1.01313500,1.01318200
9.778000,1.00740700,1.01087900,1.01222200,1.01264700,1.01289600,1.01304200,1.01313500,1.01318200
9.780000,1.00740800,1.01088000,1.01222200,1.01264800,1.01289600,1.01304200,1.01313600,1.01318200
9.781999,1.00740800,1.01088000,1.01222200,1.01264800,1.01289600,1.01304300,1.01313600,1.01318300
9.783998,1.00740800,1.01088000,1.01222300,1.01264800,1.01289700,1.01304300,1.01313600,1.01318300
9.785999,1.00740800,1.01088100,1.01222300,1.01264900,1.01289700,1.01304400,1.01313700,1.01318300
9.787999,1.00740900,1.01088100,1.01222300,1.01264900,1.01289700,1.01304400,1.01313700,1.01318400
9.789999,1.00740900,1.01088100,1.01222400,1.01265000,1.01289800,1.01304400,1.01313700,1.01318400
9.791999,1.00740900,1.01088200,1.01222400,1.01265000,1.01289800,1.01304500,1.01313800,1.01318500
9.793999,1.00740900,1.01088200,1.01222500,1.01265000,1.01289900,1.01304500,1.01313800,1.01318500
9.796000,1.00741000,1.01088200,1.01222500,1.01265100,1.01289900,1.01304600,1.01313900,1.01318500
9.797999,1.00741000,1.01088300,1.01222500,1.01265100,1.01289900,1.01304600,1.01313900,1.01318600
9.799999,1.00741000,1.01088300,1.01222600,1.01265200,1.01290000,1.01304600,1.01313900,1.01318600
9.801999,1.00741000,1.01088300,1.01222600,1.01265200,1.01290000,1.01304700,1.01314000,1.01318700
9.803999,1.00741100,1.01088400,1.01222600,1.01265200,1.01290100,1.01304700,1.01314000,1.01318700
9.806000,1.00741100,1.01088400,1.01222700,1.01265300,1.01290100,1.01304700,1.01314100,1.01318700
9.808000,1.00741100,1.01088500,1.01222700,1.01265300,1.01290100,1.01304800,1.01314100,1.01318800
9.809999,1.00741100,1.01088500,1.01222800,1.01265300,1.01290200,1.01304800,1.01314100,1.01318800
9.811999,1.00741100,1.01088500,1.01222800,1.01265400,1.01290200,1.01304900,1.01314200,1.01318800
9.814000,1.00741200,1.01088500,1.01222800,1.01265400,1.01290200,1.01304900,1.01314200,1.01318900
9.816000,1.00741200,1.01088600,1.01222900,1.01265500,1.01290300,1.01304900,1.01314200,1.01318900
9.817999,1.00741200,1.01088600,1.01222900,1.01265500,1.01290300,1.01305000,1.01314300,1.01319000
9.819999,1.00741200,1.01088700,1.01222900,1.01265500,1.01290400,1.01305000,1.01314300,1.01319000
9.821999,1.00741300,1.01088700,1.01223000,1.01265600,1.01290400,1.01305000,1.01314400,1.01319000
9.823999,1.00741300,1.01088700,1.01223000,1.01265600,1.01290400,1.01305100,1.01314400,1.01319100
9.825999,1.00741300,1.01088800,1.01223100,1.01265600,1.01290500,1.01305100,1.01314400,1.01319100
9.827999,1.00741400,1.01088800,1.01223100,1.01265700,1.01290500,1.01305200,1.01314500,1.01319200
9.829999,1.00741400,1.01088800,1.01223100,1.01265700,1.01290500,1.01305200,1.01314500,1.01319200
9.831999,1.00741400,1.01088900,1.01223200,1.01265800,1.01290600,1.01305200,1.01314500,1.01319200
9.834000,1.00741400,1.01088900,1.01223200,1.01265800,1.01290600,1.01305300,1.01314600,1.01319300
9.835999,1.00741400,1.01088900,1.01223200,1.01265800,1.01290700,1.01305300,1.01314600,1.01319300
9.837999,1.00741500,1.01089000,1.01223300,1.01265900,1.01290700,1.01305400,1.01314700,1.01319300
9.839999,1.00741500,1.01089000,1.01223300,1.01265900,1.01290700,1.01305400,1.01314700,1.01319400
9.841999,1.00741500,1.01089000,1.01223300,1.01265900,1.01290800,1.01305400,1.01314700,1.01319400
9.844000,1.00741500,1.01089100,1.01223400,1.01266000,1.01290800,1.01305500,1.01314800,1.01319500
9.846000,1.00741600,1.01089100,1.01223400,1.01266000,1.01290900,1.01305500,1.01314800,1.01319500
9.848000,1.00741600,1.01089100,1.01223500,1.01266100,1.01290900,1.01305500,1.01314900,1.01319500
9.849999,1.00741600,1.01089200,1.01223500,1.01266100,1.01290900,1.01305600,1.01314900,1.01319600
9.851999,1.00741600,1.01089200,1.01223500,1.01266100,1.01291000,1.01305600,1.01314900,1.01319600
9.853999,1.00741700,1.01089200,1.01223600,1.01266200,1.01291000,1.01305700,1.01315000,1.01319700
9.855999,1.00741700,1.01089300,1.01223600,1.01266200,1.01291000,1.01305700,1.01315000,1.01319700
9.857999,1.00741700,1.01089300,1.01223600,1.01266200,1.01291100,1.01305700,1.01315000,1.01319700
9.859999,1.00741700,1.01089300,1.01223700,1.01266300,1.01291100,1.01305800,1.01315100,1.01319800
9.861999,1.00741800,1.01089400,1.01223700,1.01266300,1.01291200,1.01305800,1.01315100,1.01319800
9.863999,1.00741800,1.01089400,1.01223800,1.01266400,1.01291200,1.01305900,1.01315200,1.01319800
9.865999,1.00741800,1.01089400,1.01223800,1.01266400,1.01291200,1.01305900,1.01315200,1.01319900
9.867999,1.00741800,1.01089500,1.01223800,1.01266400,1.01291300,1.01305900,1.01315200,1.01319900
9.869999,1.00741900,1.01089500,1.01223900,1.01266500,1.01291300,1.01306000,1.01315300,1.01320000
9.871999,1.00741900,1.01089500,1.01223900,1.01266500,1.01291300,1.01306000,1.01315300,1.01320000
9.874000,1.00741900,1.01089600,1.01223900,1.01266600,1.01291400,1.01306000,1.01315400,1.01320000
9.875999,1.00741900,1.01089600,1.01224000,1.01266600,1.01291400,1.01306100,1.01315400,1.01320100
9.877999,1.00742000,1.01089600,1.01224000,1.01266600,1.01291500,1.01306100,1.01315400,1.01320100
9.879999,1.00742000,1.01089700,1.01224100,1.01266700,1.01291500,1.01306200,1.01315500,1.01320200
9.881999,1.00742000,1.01089700,1.01224100,1.01266700,1.01291500,1.01306200,1.01315500,1.01320200
9.884000,1.00742000,1.01089700,1.01224100,1.01266700,1.01291600,1.01306200,1.01315500,1.01320200
9.886000,1.00742100,1.01089800,1.01224200,1.01266800,1.01291600,1.01306300,1.01315600,1.01320300
9.888000,1.00742100,1.01089800,1.01224200,1.01266800,1.01291700,1.01306300,1.01315600,1.01320300
9.889999,1.00742100,1.01089800,1.01224200,1.01266800,1.01291700,1.01306400,1.01315700,1.01320400
9.891999,1.00742100,1.01089900,1.01224300,1.01266900,1.01291700,1.01306400,1.01315700,1.01320400
9.893999,1.00742100,1.01089900,1.01224300,1.01266900,1.01291800,1.01306400,1.01315700,1.01320400
9.895999,1.00742200,1.01089900,1.01224300,1.01267000,1.01291800,1.01306500,1.01315800,1.01320500
9.897999,1.00742200,1.01090000,1.01224400,1.01267000,1.01291800,1.01306500,1.01315800,1.01320500
9.899999,1.00742200,1.01090000,1.01224400,1.01267000,1.01291900,1.01306500,1.01315900,1.01320500
9.901999,1.00742300,1.01090000,1.01224500,1.01267100,1.01291900,1.01306600,1.01315900,1.01320600
9.903999,1.00742300,1.01090100,1.01224500,1.01267100,1.01292000,1.01306600,1.01315900,1.01320600
9.905999,1.00742300,1.01090100,1.01224500,1.01267100,1.01292000,1.01306700,1.01316000,1.01320700
9.907999,1.00742300,1.01090100,1.01224600,1.01267200,1.01292000,1.01306700,1.01316000,1.01320700
9.909999,1.00742400,1.01090200,1.01224600,1.01267200,1.01292100,1.01306700,1.01316000,1.01320700
9.912000,1.00742400,1.01090200,1.01224600,1.01267300,1.01292100,1.01306800,1.01316100,1.01320800
9.914000,1.00742400,1.01090200,1.01224700,1.01267300,1.01292100,1.01306800,1.01316100,1.01320800
9.915999,1.00742400,1.01090300,1.01224700,1.01267300,1.01292200,1.01306800,1.01316200,1.01320900
9.917999,1.00742400,1.01090300,1.01224700,1.01267400,1.01292200,1.01306900,1.01316200,1.01320900
9.919999,1.00742500,1.01090300,1.01224800,1.01267400,1.01292300,1.01306900,1.01316200,1.01320900
9.922000,1.00742500,1.01090400,1.01224800,1.01267500,1.01292300,1.01307000,1.01316300,1.01321000
9.924000,1.00742500,1.01090400,1.01224900,1.01267500,1.01292300,1.01307000,1.01316300,1.01321000
9.926000,1.00742500,1.01090400,1.01224900,1.01267500,1.01292400,1.01307000,1.01316400,1.01321000
9.927999,1.00742600,1.01090500,1.01224900,1.01267600,1.01292400,1.01307100,1.01316400,1.01321100
9.929999,1.00742600,1.01090500,1.01225000,1.01267600,1.01292500,1.01307100,1.01316400,1.01321100
9.931999,1.00742600,1.01090600,1.01225000,1.01267600,1.01292500,1.01307200,1.01316500,1.01321200
9.933999,1.00742700,1.01090600,1.01225000,1.01267700,1.01292500,1.01307200,1.01316500,1.01321200
9.935999,1.00742700,1.01090600,1.01225100,1.01267700,1.01292600,1.01307200,1.01316500,1.01321200
9.937999,1.00742700,1.01090600,1.01225100,1.01267800,1.01292600,1.01307300,1.01316600,1.01321300
9.939999,1.00742700,1.01090700,1.01225200,1.01267800,1.01292600,1.01307300,1.01316600,1.01321300
9.941999,1.00742700,1.01090700,1.01225200,1.01267800,1.01292700,1.01307300,1.01316700,1.01321400
9.943999,1.00742800,1.01090800,1.01225200,1.01267900,1.01292700,1.01307400,1.01316700,1.01321400
9.945999,1.00742800,1.01090800,1.01225300,1.01267900,1.01292800,1.01307400,1.01316700,1.01321400
9.947999,1.00742800,1.01090800,1.01225300,1.01267900,1.01292800,1.01307500,1.01316800,1.01321500
9.949999,1.00742800,1.01090800,1.01225300,1.01268000,1.01292800,1.01307500,1.01316800,1.01321500
9.952000,1.00742900,1.01090900,1.01225400,1.01268000,1.01292900,1.01307500,1.01316900,1.01321500
9.954000,1.00742900,1.01090900,1.01225400,1.01268100,1.01292900,1.01307600,1.01316900,1.01321600
9.955999,1.00742900,1.01091000,1.01225400,1.01268100,1.01293000,1.01307600,1.01316900,1.01321600
9.957999,1.00742900,1.01091000,1.01225500,1.01268100,1.01293000,1.01307700,1.01317000,1.01321700
9.960000,1.00743000,1.01091000,1.01225500,1.01268200,1.01293000,1.01307700,1.01317000,1.01321700
9.962000,1.00743000,1.01091100,1.01225600,1.01268200,1.01293100,1.01307700,1.01317000,1.01321700
9.964000,1.00743000,1.01091100,1.01225600,1.01268200,1.01293100,1.01307800,1.01317100,1.01321800
9.966000,1.00743000,1.01091100,1.01225600,1.01268300,1.01293100,1.01307800,1.01317100,1.01321800
9.967999,1.00743100,1.01091200,1.01225700,1.01268300,1.01293200,1.01307800,1.01317200,1.01321900
9.969999,1.00743100,1.01091200,1.01225700,1.01268400,1.01293200,1.01307900,1.01317200,1.01321900
9.971999,1.00743100,1.01091200,1.01225700,1.01268400,1.01293300,1.01307900,1.01317200,1.01321900
9.973999,1.00743100,1.01091300,1.01225800,1.01268400,1.01293300,1.01308000,1.01317300,1.01322000
9.975999,1.00743200,1.01091300,1.01225800,1.01268500,1.01293300,1.01308000,1.01317300,1.01322000
9.977999,1.00743200,1.01091300,1.01225900,1.01268500,1.01293400,1.01308000,1.01317400,1.01322000
9.980000,1.00743200,1.01091400,1.01225900,1.01268600,1.01293400,1.01308100,1.01317400,1.01322100
9.981999,1.00743200,1.01091400,1.01225900,1.01268600,1.01293400,1.01308100,1.01317400,1.01322100
9.983999,1.00743300,1.01091400,1.01226000,1.01268600,1.01293500,1.01308200,1.01317500,1.01322200
9.985999,1.00743300,1.01091500,1.01226000,1.01268700,1.01293500,1.01308200,1.01317500,1.01322200
9.987999,1.00743300,1.01091500,1.01226000,1.01268700,1.01293600,1.01308200,1.01317500,1.01322200
9.990000,1.00743300,1.01091500,1.01226100,1.01268700,1.01293600,1.01308300,1.01317600,1.01322300
9.992000,1.00743400,1.01091600,1.01226100,1.01268800,1.01293600,1.01308300,1.01317600,1.01322300
9.993999,1.00743400,1.01091600,1.01226200,1.01268800,1.01293700,1.01308300,1.01317700,1.01322400
9.995999,1.00743400,1.01091600,1.01226200,1.01268900,1.01293700,1.01308400,1.01317700,1.01322400
9.997999,1.00743400,1.01091700,1.01226200,1.01268900,1.01293800,1.01308400,1.01317700,1.01322400
10.000000,1.00743500,1.01091700,1.01226300,1.01268900,1.01293800,1.01308500,1.01317800,1.01322500
