nbnd_1,nbnd_2,plot_x_nbnd,N_common_energy_points,rms
30,40,40,400,0.645617161
40,50,50,400,0.236808665
50,60,60,400,0.108020114
60,70,70,400,0.061128790
70,80,80,400,0.008597648
80,90,90,400,0.000775666
90,100,100,400,0.000601557
100,110,110,400,0.000388211
110,120,120,400,0.000205373
120,130,130,400,0.000221383
