nbnd_1,nbnd_2,plot_x_nbnd,N_common_energy_points,rms
30,40,40,400,0.644074227
40,50,50,400,0.237683249
50,60,60,400,0.106419025
60,70,70,400,0.061060560
70,80,80,400,0.008576502
80,90,90,400,0.000770740
90,100,100,400,0.000584164
100,110,110,400,0.000379552
110,120,120,400,0.000200433
120,130,130,400,0.000221120
