E[1] [eV],Re(eps)_f_FzB_4,Re(eps)_f_FzB_5,Re(eps)_f_FzB_6,Re(eps)_f_FzB_7,Re(eps)_f_FzB_8,Re(eps)_f_FzB_9
0.000000,1.17332900,1.00624900,1.00490300,1.00403000,1.00247600,1.00074900
0.002000,1.17334400,1.00624900,1.00490300,1.00403000,1.00247600,1.00074900
0.004000,1.17335900,1.00625000,1.00490300,1.00403100,1.00247600,1.00074900
0.006000,1.17337400,1.00625000,1.00490300,1.00403100,1.00247600,1.00074900
0.008000,1.17338900,1.00625000,1.00490300,1.00403100,1.00247600,1.00074900
0.010000,1.17340400,1.00625000,1.00490300,1.00403100,1.00247600,1.00074900
0.012000,1.17341900,1.00625000,1.00490400,1.00403100,1.00247600,1.00074900
0.014000,1.17343400,1.00625000,1.00490400,1.00403100,1.00247600,1.00074900
0.016000,1.17344900,1.00625100,1.00490400,1.00403100,1.00247600,1.00074900
0.018000,1.17346400,1.00625100,1.00490400,1.00403100,1.00247600,1.00074900
0.020000,1.17347900,1.00625100,1.00490400,1.00403100,1.00247600,1.00074900
0.022000,1.17349400,1.00625100,1.00490400,1.00403200,1.00247600,1.00074900
0.024000,1.17350900,1.00625100,1.00490400,1.00403200,1.00247600,1.00074900
0.026000,1.17352400,1.00625100,1.00490500,1.00403200,1.00247600,1.00074900
0.028000,1.17353900,1.00625200,1.00490500,1.00403200,1.00247700,1.00074900
0.030000,1.17355400,1.00625200,1.00490500,1.00403200,1.00247700,1.00074900
0.032000,1.17356900,1.00625200,1.00490500,1.00403200,1.00247700,1.00074900
0.034000,1.17358400,1.00625200,1.00490500,1.00403200,1.00247700,1.00075000
0.036000,1.17359900,1.00625200,1.00490500,1.00403200,1.00247700,1.00075000
0.038000,1.17361400,1.00625300,1.00490500,1.00403200,1.00247700,1.00075000
0.040000,1.17362900,1.00625300,1.00490500,1.00403200,1.00247700,1.00075000
0.042000,1.17364400,1.00625300,1.00490500,1.00403300,1.00247700,1.00075000
0.044000,1.17365900,1.00625300,1.00490600,1.00403300,1.00247700,1.00075000
0.046000,1.17367400,1.00625300,1.00490600,1.00403300,1.00247700,1.00075000
0.048000,1.17368900,1.00625300,1.00490600,1.00403300,1.00247700,1.00075000
0.050000,1.17370400,1.00625400,1.00490600,1.00403300,1.00247700,1.00075000
0.052000,1.17371900,1.00625400,1.00490600,1.00403300,1.00247700,1.00075000
0.054000,1.17373400,1.00625400,1.00490600,1.00403300,1.00247700,1.00075000
0.056000,1.17374900,1.00625400,1.00490600,1.00403300,1.00247700,1.00075000
0.058000,1.17376400,1.00625400,1.00490700,1.00403300,1.00247700,1.00075000
0.060000,1.17377900,1.00625400,1.00490700,1.00403400,1.00247800,1.00075000
0.062000,1.17379400,1.00625500,1.00490700,1.00403400,1.00247800,1.00075000
0.064000,1.17380900,1.00625500,1.00490700,1.00403400,1.00247800,1.00075000
0.066000,1.17382400,1.00625500,1.00490700,1.00403400,1.00247800,1.00075000
0.068000,1.17383900,1.00625500,1.00490700,1.00403400,1.00247800,1.00075000
0.070000,1.17385400,1.00625500,1.00490700,1.00403400,1.00247800,1.00075000
0.072000,1.17386900,1.00625600,1.00490700,1.00403400,1.00247800,1.00075000
0.074000,1.17388400,1.00625600,1.00490800,1.00403400,1.00247800,1.00075000
0.076000,1.17389900,1.00625600,1.00490800,1.00403400,1.00247800,1.00075000
0.078000,1.17391400,1.00625600,1.00490800,1.00403500,1.00247800,1.00075000
0.080000,1.17392900,1.00625600,1.00490800,1.00403500,1.00247800,1.00075000
0.082000,1.17394400,1.00625600,1.00490800,1.00403500,1.00247800,1.00075000
0.084000,1.17395900,1.00625600,1.00490800,1.00403500,1.00247800,1.00075000
0.086000,1.17397400,1.00625700,1.00490800,1.00403500,1.00247800,1.00075000
0.088000,1.17398900,1.00625700,1.00490900,1.00403500,1.00247800,1.00075000
0.090000,1.17400400,1.00625700,1.00490900,1.00403500,1.00247800,1.00075000
0.092000,1.17401900,1.00625700,1.00490900,1.00403500,1.00247800,1.00075000
0.094000,1.17403400,1.00625700,1.00490900,1.00403500,1.00247900,1.00075000
0.096000,1.17404900,1.00625800,1.00490900,1.00403500,1.00247900,1.00075000
0.098000,1.17406400,1.00625800,1.00490900,1.00403600,1.00247900,1.00075000
0.100000,1.17407900,1.00625800,1.00490900,1.00403600,1.00247900,1.00075000
0.102000,1.17409400,1.00625800,1.00491000,1.00403600,1.00247900,1.00075000
0.104000,1.17411000,1.00625800,1.00491000,1.00403600,1.00247900,1.00075000
0.106000,1.17412500,1.00625800,1.00491000,1.00403600,1.00247900,1.00075000
0.108000,1.17414000,1.00625900,1.00491000,1.00403600,1.00247900,1.00075000
0.110000,1.17415500,1.00625900,1.00491000,1.00403600,1.00247900,1.00075000
0.112000,1.17417000,1.00625900,1.00491000,1.00403600,1.00247900,1.00075000
0.114000,1.17418500,1.00625900,1.00491000,1.00403600,1.00247900,1.00075000
0.116000,1.17420000,1.00625900,1.00491000,1.00403700,1.00247900,1.00075000
0.118000,1.17421500,1.00625900,1.00491000,1.00403700,1.00247900,1.00075000
0.120000,1.17423000,1.00626000,1.00491100,1.00403700,1.00247900,1.00075000
0.122000,1.17424500,1.00626000,1.00491100,1.00403700,1.00247900,1.00075000
0.124000,1.17426000,1.00626000,1.00491100,1.00403700,1.00248000,1.00075000
0.126000,1.17427600,1.00626000,1.00491100,1.00403700,1.00248000,1.00075000
0.128000,1.17429100,1.00626000,1.00491100,1.00403700,1.00248000,1.00075000
0.130000,1.17430600,1.00626100,1.00491100,1.00403700,1.00248000,1.00075000
0.132000,1.17432100,1.00626100,1.00491100,1.00403700,1.00248000,1.00075000
0.134000,1.17433600,1.00626100,1.00491200,1.00403700,1.00248000,1.00075000
0.136000,1.17435100,1.00626100,1.00491200,1.00403800,1.00248000,1.00075000
0.138000,1.17436600,1.00626100,1.00491200,1.00403800,1.00248000,1.00075000
0.140000,1.17438100,1.00626100,1.00491200,1.00403800,1.00248000,1.00075100
0.142000,1.17439600,1.00626200,1.00491200,1.00403800,1.00248000,1.00075100
0.144000,1.17441200,1.00626200,1.00491200,1.00403800,1.00248000,1.00075100
0.146000,1.17442700,1.00626200,1.00491200,1.00403800,1.00248000,1.00075100
0.148000,1.17444200,1.00626200,1.00491200,1.00403800,1.00248000,1.00075100
0.150000,1.17445700,1.00626200,1.00491300,1.00403800,1.00248000,1.00075100
0.152000,1.17447200,1.00626200,1.00491300,1.00403800,1.00248000,1.00075100
0.154000,1.17448700,1.00626300,1.00491300,1.00403900,1.00248100,1.00075100
0.156000,1.17450200,1.00626300,1.00491300,1.00403900,1.00248100,1.00075100
0.158000,1.17451800,1.00626300,1.00491300,1.00403900,1.00248100,1.00075100
0.160000,1.17453300,1.00626300,1.00491300,1.00403900,1.00248100,1.00075100
0.162000,1.17454800,1.00626300,1.00491300,1.00403900,1.00248100,1.00075100
0.164000,1.17456300,1.00626300,1.00491400,1.00403900,1.00248100,1.00075100
0.166000,1.17457800,1.00626400,1.00491400,1.00403900,1.00248100,1.00075100
0.168000,1.17459300,1.00626400,1.00491400,1.00403900,1.00248100,1.00075100
0.170000,1.17460800,1.00626400,1.00491400,1.00403900,1.00248100,1.00075100
0.172000,1.17462400,1.00626400,1.00491400,1.00404000,1.00248100,1.00075100
0.174000,1.17463900,1.00626400,1.00491400,1.00404000,1.00248100,1.00075100
0.176000,1.17465400,1.00626500,1.00491400,1.00404000,1.00248100,1.00075100
0.178000,1.17466900,1.00626500,1.00491400,1.00404000,1.00248100,1.00075100
0.180000,1.17468400,1.00626500,1.00491500,1.00404000,1.00248100,1.00075100
0.182000,1.17470000,1.00626500,1.00491500,1.00404000,1.00248100,1.00075100
0.184000,1.17471500,1.00626500,1.00491500,1.00404000,1.00248100,1.00075100
0.186000,1.17473000,1.00626500,1.00491500,1.00404000,1.00248100,1.00075100
0.188000,1.17474500,1.00626600,1.00491500,1.00404000,1.00248200,1.00075100
0.190000,1.17476000,1.00626600,1.00491500,1.00404000,1.00248200,1.00075100
0.192000,1.17477500,1.00626600,1.00491500,1.00404100,1.00248200,1.00075100
0.194000,1.17479100,1.00626600,1.00491500,1.00404100,1.00248200,1.00075100
0.196000,1.17480600,1.00626600,1.00491600,1.00404100,1.00248200,1.00075100
0.198000,1.17482100,1.00626600,1.00491600,1.00404100,1.00248200,1.00075100
0.200000,1.17483600,1.00626700,1.00491600,1.00404100,1.00248200,1.00075100
0.202000,1.17485100,1.00626700,1.00491600,1.00404100,1.00248200,1.00075100
0.204000,1.17486700,1.00626700,1.00491600,1.00404100,1.00248200,1.00075100
0.206000,1.17488200,1.00626700,1.00491600,1.00404100,1.00248200,1.00075100
0.208000,1.17489700,1.00626700,1.00491600,1.00404100,1.00248200,1.00075100
0.210000,1.17491200,1.00626700,1.00491700,1.00404200,1.00248200,1.00075100
0.212000,1.17492700,1.00626800,1.00491700,1.00404200,1.00248200,1.00075100
0.214000,1.17494300,1.00626800,1.00491700,1.00404200,1.00248200,1.00075100
0.216000,1.17495800,1.00626800,1.00491700,1.00404200,1.00248200,1.00075100
0.218000,1.17497300,1.00626800,1.00491700,1.00404200,1.00248300,1.00075100
0.220000,1.17498800,1.00626800,1.00491700,1.00404200,1.00248300,1.00075100
0.222000,1.17500400,1.00626900,1.00491700,1.00404200,1.00248300,1.00075100
0.224000,1.17501900,1.00626900,1.00491800,1.00404200,1.00248300,1.00075100
0.226000,1.17503400,1.00626900,1.00491800,1.00404200,1.00248300,1.00075100
0.228000,1.17504900,1.00626900,1.00491800,1.00404300,1.00248300,1.00075100
0.230000,1.17506500,1.00626900,1.00491800,1.00404300,1.00248300,1.00075100
0.232000,1.17508000,1.00626900,1.00491800,1.00404300,1.00248300,1.00075100
0.234000,1.17509500,1.00627000,1.00491800,1.00404300,1.00248300,1.00075100
0.236000,1.17511000,1.00627000,1.00491800,1.00404300,1.00248300,1.00075100
0.238000,1.17512600,1.00627000,1.00491800,1.00404300,1.00248300,1.00075100
0.240000,1.17514100,1.00627000,1.00491900,1.00404300,1.00248300,1.00075100
0.242000,1.17515600,1.00627000,1.00491900,1.00404300,1.00248300,1.00075100
0.244000,1.17517100,1.00627000,1.00491900,1.00404300,1.00248300,1.00075100
0.246000,1.17518700,1.00627100,1.00491900,1.00404300,1.00248300,1.00075100
0.248000,1.17520200,1.00627100,1.00491900,1.00404400,1.00248300,1.00075100
0.250000,1.17521700,1.00627100,1.00491900,1.00404400,1.00248300,1.00075100
0.252000,1.17523300,1.00627100,1.00491900,1.00404400,1.00248400,1.00075100
0.254000,1.17524800,1.00627100,1.00491900,1.00404400,1.00248400,1.00075100
0.256000,1.17526300,1.00627100,1.00492000,1.00404400,1.00248400,1.00075100
0.258000,1.17527800,1.00627200,1.00492000,1.00404400,1.00248400,1.00075100
0.260000,1.17529400,1.00627200,1.00492000,1.00404400,1.00248400,1.00075200
0.262000,1.17530900,1.00627200,1.00492000,1.00404400,1.00248400,1.00075200
0.264000,1.17532400,1.00627200,1.00492000,1.00404400,1.00248400,1.00075200
0.266000,1.17533900,1.00627200,1.00492000,1.00404500,1.00248400,1.00075200
0.268000,1.17535500,1.00627300,1.00492000,1.00404500,1.00248400,1.00075200
0.270000,1.17537000,1.00627300,1.00492000,1.00404500,1.00248400,1.00075200
0.272000,1.17538500,1.00627300,1.00492100,1.00404500,1.00248400,1.00075200
0.274000,1.17540100,1.00627300,1.00492100,1.00404500,1.00248400,1.00075200
0.276000,1.17541600,1.00627300,1.00492100,1.00404500,1.00248400,1.00075200
0.278000,1.17543100,1.00627300,1.00492100,1.00404500,1.00248400,1.00075200
0.280000,1.17544700,1.00627400,1.00492100,1.00404500,1.00248400,1.00075200
0.282000,1.17546200,1.00627400,1.00492100,1.00404500,1.00248500,1.00075200
0.284000,1.17547700,1.00627400,1.00492100,1.00404500,1.00248500,1.00075200
0.286000,1.17549300,1.00627400,1.00492200,1.00404500,1.00248500,1.00075200
0.288000,1.17550800,1.00627400,1.00492200,1.00404600,1.00248500,1.00075200
0.290000,1.17552300,1.00627400,1.00492200,1.00404600,1.00248500,1.00075200
0.292000,1.17553900,1.00627500,1.00492200,1.00404600,1.00248500,1.00075200
0.294000,1.17555400,1.00627500,1.00492200,1.00404600,1.00248500,1.00075200
0.296000,1.17556900,1.00627500,1.00492200,1.00404600,1.00248500,1.00075200
0.298000,1.17558500,1.00627500,1.00492200,1.00404600,1.00248500,1.00075200
0.300000,1.17560000,1.00627500,1.00492300,1.00404600,1.00248500,1.00075200
0.302000,1.17561500,1.00627600,1.00492300,1.00404600,1.00248500,1.00075200
0.304000,1.17563100,1.00627600,1.00492300,1.00404600,1.00248500,1.00075200
0.306000,1.17564600,1.00627600,1.00492300,1.00404700,1.00248500,1.00075200
0.308000,1.17566100,1.00627600,1.00492300,1.00404700,1.00248500,1.00075200
0.310000,1.17567700,1.00627600,1.00492300,1.00404700,1.00248500,1.00075200
0.312000,1.17569200,1.00627600,1.00492300,1.00404700,1.00248600,1.00075200
0.314000,1.17570700,1.00627700,1.00492300,1.00404700,1.00248600,1.00075200
0.316000,1.17572300,1.00627700,1.00492400,1.00404700,1.00248600,1.00075200
0.318000,1.17573800,1.00627700,1.00492400,1.00404700,1.00248600,1.00075200
0.320000,1.17575400,1.00627700,1.00492400,1.00404700,1.00248600,1.00075200
0.322000,1.17576900,1.00627700,1.00492400,1.00404800,1.00248600,1.00075200
0.324000,1.17578400,1.00627700,1.00492400,1.00404800,1.00248600,1.00075200
0.326000,1.17580000,1.00627800,1.00492400,1.00404800,1.00248600,1.00075200
0.328000,1.17581500,1.00627800,1.00492400,1.00404800,1.00248600,1.00075200
0.330000,1.17583000,1.00627800,1.00492500,1.00404800,1.00248600,1.00075200
0.332000,1.17584600,1.00627800,1.00492500,1.00404800,1.00248600,1.00075200
0.334000,1.17586100,1.00627800,1.00492500,1.00404800,1.00248600,1.00075200
0.336000,1.17587700,1.00627900,1.00492500,1.00404800,1.00248600,1.00075200
0.338000,1.17589200,1.00627900,1.00492500,1.00404800,1.00248600,1.00075200
0.340000,1.17590700,1.00627900,1.00492500,1.00404800,1.00248600,1.00075200
0.342000,1.17592300,1.00627900,1.00492500,1.00404800,1.00248600,1.00075200
0.344000,1.17593800,1.00627900,1.00492500,1.00404900,1.00248600,1.00075200
0.346000,1.17595400,1.00627900,1.00492500,1.00404900,1.00248700,1.00075200
0.348000,1.17596900,1.00628000,1.00492600,1.00404900,1.00248700,1.00075200
0.350000,1.17598500,1.00628000,1.00492600,1.00404900,1.00248700,1.00075200
0.352000,1.17600000,1.00628000,1.00492600,1.00404900,1.00248700,1.00075200
0.354000,1.17601500,1.00628000,1.00492600,1.00404900,1.00248700,1.00075200
0.356000,1.17603100,1.00628000,1.00492600,1.00404900,1.00248700,1.00075200
0.358000,1.17604600,1.00628000,1.00492600,1.00404900,1.00248700,1.00075200
0.360000,1.17606200,1.00628100,1.00492600,1.00405000,1.00248700,1.00075200
0.362000,1.17607700,1.00628100,1.00492700,1.00405000,1.00248700,1.00075200
0.364000,1.17609200,1.00628100,1.00492700,1.00405000,1.00248700,1.00075200
0.366000,1.17610800,1.00628100,1.00492700,1.00405000,1.00248700,1.00075300
0.368000,1.17612300,1.00628100,1.00492700,1.00405000,1.00248700,1.00075300
0.370000,1.17613900,1.00628100,1.00492700,1.00405000,1.00248700,1.00075300
0.372000,1.17615400,1.00628200,1.00492700,1.00405000,1.00248700,1.00075300
0.374000,1.17617000,1.00628200,1.00492700,1.00405000,1.00248700,1.00075300
0.376000,1.17618500,1.00628200,1.00492800,1.00405000,1.00248800,1.00075300
0.378000,1.17620100,1.00628200,1.00492800,1.00405000,1.00248800,1.00075300
0.380000,1.17621600,1.00628200,1.00492800,1.00405000,1.00248800,1.00075300
0.382000,1.17623200,1.00628300,1.00492800,1.00405100,1.00248800,1.00075300
0.384000,1.17624700,1.00628300,1.00492800,1.00405100,1.00248800,1.00075300
0.386000,1.17626200,1.00628300,1.00492800,1.00405100,1.00248800,1.00075300
0.388000,1.17627800,1.00628300,1.00492800,1.00405100,1.00248800,1.00075300
0.390000,1.17629300,1.00628300,1.00492800,1.00405100,1.00248800,1.00075300
0.392000,1.17630900,1.00628300,1.00492900,1.00405100,1.00248800,1.00075300
0.394000,1.17632400,1.00628400,1.00492900,1.00405100,1.00248800,1.00075300
0.396000,1.17634000,1.00628400,1.00492900,1.00405100,1.00248800,1.00075300
0.398000,1.17635500,1.00628400,1.00492900,1.00405100,1.00248800,1.00075300
0.400000,1.17637100,1.00628400,1.00492900,1.00405200,1.00248800,1.00075300
0.402000,1.17638600,1.00628400,1.00492900,1.00405200,1.00248800,1.00075300
0.404000,1.17640200,1.00628400,1.00492900,1.00405200,1.00248800,1.00075300
0.406000,1.17641700,1.00628500,1.00493000,1.00405200,1.00248800,1.00075300
0.408000,1.17643300,1.00628500,1.00493000,1.00405200,1.00248800,1.00075300
0.410000,1.17644800,1.00628500,1.00493000,1.00405200,1.00248900,1.00075300
0.412000,1.17646400,1.00628500,1.00493000,1.00405200,1.00248900,1.00075300
0.414000,1.17647900,1.00628500,1.00493000,1.00405200,1.00248900,1.00075300
0.416000,1.17649500,1.00628600,1.00493000,1.00405300,1.00248900,1.00075300
0.418000,1.17651000,1.00628600,1.00493000,1.00405300,1.00248900,1.00075300
0.420000,1.17652600,1.00628600,1.00493000,1.00405300,1.00248900,1.00075300
0.422000,1.17654100,1.00628600,1.00493100,1.00405300,1.00248900,1.00075300
0.424000,1.17655700,1.00628600,1.00493100,1.00405300,1.00248900,1.00075300
0.426000,1.17657200,1.00628600,1.00493100,1.00405300,1.00248900,1.00075300
0.428000,1.17658800,1.00628700,1.00493100,1.00405300,1.00248900,1.00075300
0.430000,1.17660300,1.00628700,1.00493100,1.00405300,1.00248900,1.00075300
0.432000,1.17661900,1.00628700,1.00493100,1.00405300,1.00248900,1.00075300
0.434000,1.17663400,1.00628700,1.00493100,1.00405300,1.00248900,1.00075300
0.436000,1.17665000,1.00628700,1.00493100,1.00405300,1.00248900,1.00075300
0.438000,1.17666600,1.00628700,1.00493200,1.00405400,1.00248900,1.00075300
0.440000,1.17668100,1.00628800,1.00493200,1.00405400,1.00249000,1.00075300
0.442000,1.17669700,1.00628800,1.00493200,1.00405400,1.00249000,1.00075300
0.444000,1.17671200,1.00628800,1.00493200,1.00405400,1.00249000,1.00075300
0.446000,1.17672800,1.00628800,1.00493200,1.00405400,1.00249000,1.00075300
0.448000,1.17674300,1.00628800,1.00493200,1.00405400,1.00249000,1.00075300
0.450000,1.17675900,1.00628900,1.00493200,1.00405400,1.00249000,1.00075300
0.452000,1.17677400,1.00628900,1.00493300,1.00405400,1.00249000,1.00075300
0.454000,1.17679000,1.00628900,1.00493300,1.00405500,1.00249000,1.00075300
0.456000,1.17680500,1.00628900,1.00493300,1.00405500,1.00249000,1.00075300
0.458000,1.17682100,1.00628900,1.00493300,1.00405500,1.00249000,1.00075300
0.460000,1.17683700,1.00628900,1.00493300,1.00405500,1.00249000,1.00075300
0.462000,1.17685200,1.00629000,1.00493300,1.00405500,1.00249000,1.00075300
0.464000,1.17686800,1.00629000,1.00493300,1.00405500,1.00249000,1.00075300
0.466000,1.17688300,1.00629000,1.00493300,1.00405500,1.00249000,1.00075300
0.468000,1.17689900,1.00629000,1.00493400,1.00405500,1.00249000,1.00075300
0.470000,1.17691500,1.00629000,1.00493400,1.00405500,1.00249100,1.00075400
0.472000,1.17693000,1.00629000,1.00493400,1.00405600,1.00249100,1.00075400
0.474000,1.17694600,1.00629100,1.00493400,1.00405600,1.00249100,1.00075400
0.476000,1.17696100,1.00629100,1.00493400,1.00405600,1.00249100,1.00075400
0.478000,1.17697700,1.00629100,1.00493400,1.00405600,1.00249100,1.00075400
0.480000,1.17699300,1.00629100,1.00493400,1.00405600,1.00249100,1.00075400
0.482000,1.17700800,1.00629100,1.00493500,1.00405600,1.00249100,1.00075400
0.484000,1.17702400,1.00629200,1.00493500,1.00405600,1.00249100,1.00075400
0.486000,1.17703900,1.00629200,1.00493500,1.00405600,1.00249100,1.00075400
0.488000,1.17705500,1.00629200,1.00493500,1.00405600,1.00249100,1.00075400
0.490000,1.17707100,1.00629200,1.00493500,1.00405600,1.00249100,1.00075400
0.492000,1.17708600,1.00629200,1.00493500,1.00405700,1.00249100,1.00075400
0.494000,1.17710200,1.00629200,1.00493500,1.00405700,1.00249100,1.00075400
0.496000,1.17711700,1.00629300,1.00493600,1.00405700,1.00249100,1.00075400
0.498000,1.17713300,1.00629300,1.00493600,1.00405700,1.00249100,1.00075400
0.500000,1.17714900,1.00629300,1.00493600,1.00405700,1.00249100,1.00075400
0.502000,1.17716400,1.00629300,1.00493600,1.00405700,1.00249100,1.00075400
0.504000,1.17718000,1.00629300,1.00493600,1.00405700,1.00249200,1.00075400
0.506000,1.17719600,1.00629300,1.00493600,1.00405700,1.00249200,1.00075400
0.508000,1.17721100,1.00629400,1.00493600,1.00405700,1.00249200,1.00075400
0.510000,1.17722700,1.00629400,1.00493600,1.00405800,1.00249200,1.00075400
0.512000,1.17724300,1.00629400,1.00493700,1.00405800,1.00249200,1.00075400
0.514000,1.17725800,1.00629400,1.00493700,1.00405800,1.00249200,1.00075400
0.516000,1.17727400,1.00629400,1.00493700,1.00405800,1.00249200,1.00075400
0.518000,1.17728900,1.00629400,1.00493700,1.00405800,1.00249200,1.00075400
0.520000,1.17730500,1.00629500,1.00493700,1.00405800,1.00249200,1.00075400
0.522000,1.17732100,1.00629500,1.00493700,1.00405800,1.00249200,1.00075400
0.524000,1.17733600,1.00629500,1.00493700,1.00405800,1.00249200,1.00075400
0.526000,1.17735200,1.00629500,1.00493700,1.00405800,1.00249200,1.00075400
0.528000,1.17736800,1.00629500,1.00493800,1.00405800,1.00249200,1.00075400
0.530000,1.17738300,1.00629600,1.00493800,1.00405900,1.00249200,1.00075400
0.532000,1.17739900,1.00629600,1.00493800,1.00405900,1.00249200,1.00075400
0.534000,1.17741500,1.00629600,1.00493800,1.00405900,1.00249300,1.00075400
0.536000,1.17743100,1.00629600,1.00493800,1.00405900,1.00249300,1.00075400
0.538000,1.17744600,1.00629600,1.00493800,1.00405900,1.00249300,1.00075400
0.540000,1.17746200,1.00629600,1.00493800,1.00405900,1.00249300,1.00075400
0.542000,1.17747800,1.00629700,1.00493800,1.00405900,1.00249300,1.00075400
0.544000,1.17749300,1.00629700,1.00493900,1.00405900,1.00249300,1.00075400
0.546000,1.17750900,1.00629700,1.00493900,1.00405900,1.00249300,1.00075400
0.548000,1.17752500,1.00629700,1.00493900,1.00406000,1.00249300,1.00075400
0.550000,1.17754000,1.00629700,1.00493900,1.00406000,1.00249300,1.00075400
0.552000,1.17755600,1.00629700,1.00493900,1.00406000,1.00249300,1.00075400
0.554000,1.17757200,1.00629800,1.00493900,1.00406000,1.00249300,1.00075400
0.556000,1.17758800,1.00629800,1.00493900,1.00406000,1.00249300,1.00075400
0.558000,1.17760300,1.00629800,1.00494000,1.00406000,1.00249300,1.00075400
0.560000,1.17761900,1.00629800,1.00494000,1.00406000,1.00249300,1.00075400
0.562000,1.17763500,1.00629800,1.00494000,1.00406000,1.00249300,1.00075400
0.564000,1.17765000,1.00629900,1.00494000,1.00406000,1.00249400,1.00075400
0.566000,1.17766600,1.00629900,1.00494000,1.00406100,1.00249400,1.00075400
0.568000,1.17768200,1.00629900,1.00494000,1.00406100,1.00249400,1.00075400
0.570000,1.17769800,1.00629900,1.00494000,1.00406100,1.00249400,1.00075400
0.572000,1.17771300,1.00629900,1.00494100,1.00406100,1.00249400,1.00075400
0.574000,1.17772900,1.00629900,1.00494100,1.00406100,1.00249400,1.00075400
0.576000,1.17774500,1.00630000,1.00494100,1.00406100,1.00249400,1.00075400
0.578000,1.17776000,1.00630000,1.00494100,1.00406100,1.00249400,1.00075400
0.580000,1.17777600,1.00630000,1.00494100,1.00406100,1.00249400,1.00075400
0.582000,1.17779200,1.00630000,1.00494100,1.00406100,1.00249400,1.00075400
0.584000,1.17780800,1.00630000,1.00494100,1.00406100,1.00249400,1.00075400
0.586000,1.17782400,1.00630000,1.00494100,1.00406200,1.00249400,1.00075400
0.588000,1.17783900,1.00630100,1.00494200,1.00406200,1.00249400,1.00075500
0.590000,1.17785500,1.00630100,1.00494200,1.00406200,1.00249400,1.00075500
0.592000,1.17787100,1.00630100,1.00494200,1.00406200,1.00249400,1.00075500
0.594000,1.17788700,1.00630100,1.00494200,1.00406200,1.00249400,1.00075500
0.596000,1.17790200,1.00630100,1.00494200,1.00406200,1.00249400,1.00075500
0.598000,1.17791800,1.00630200,1.00494200,1.00406200,1.00249500,1.00075500
0.600000,1.17793400,1.00630200,1.00494200,1.00406200,1.00249500,1.00075500
0.602000,1.17795000,1.00630200,1.00494300,1.00406200,1.00249500,1.00075500
0.604000,1.17796500,1.00630200,1.00494300,1.00406300,1.00249500,1.00075500
0.606000,1.17798100,1.00630200,1.00494300,1.00406300,1.00249500,1.00075500
0.608000,1.17799700,1.00630200,1.00494300,1.00406300,1.00249500,1.00075500
0.610000,1.17801300,1.00630300,1.00494300,1.00406300,1.00249500,1.00075500
0.612000,1.17802900,1.00630300,1.00494300,1.00406300,1.00249500,1.00075500
0.614000,1.17804400,1.00630300,1.00494300,1.00406300,1.00249500,1.00075500
0.616000,1.17806000,1.00630300,1.00494300,1.00406300,1.00249500,1.00075500
0.618000,1.17807600,1.00630300,1.00494400,1.00406300,1.00249500,1.00075500
0.620000,1.17809200,1.00630400,1.00494400,1.00406300,1.00249500,1.00075500
0.622000,1.17810800,1.00630400,1.00494400,1.00406300,1.00249500,1.00075500
0.624000,1.17812300,1.00630400,1.00494400,1.00406400,1.00249500,1.00075500
0.626000,1.17813900,1.00630400,1.00494400,1.00406400,1.00249500,1.00075500
0.628000,1.17815500,1.00630400,1.00494400,1.00406400,1.00249600,1.00075500
0.630000,1.17817100,1.00630400,1.00494400,1.00406400,1.00249600,1.00075500
0.632000,1.17818700,1.00630500,1.00494500,1.00406400,1.00249600,1.00075500
0.634000,1.17820300,1.00630500,1.00494500,1.00406400,1.00249600,1.00075500
0.636000,1.17821800,1.00630500,1.00494500,1.00406400,1.00249600,1.00075500
0.638000,1.17823400,1.00630500,1.00494500,1.00406400,1.00249600,1.00075500
0.640000,1.17825000,1.00630500,1.00494500,1.00406400,1.00249600,1.00075500
0.642000,1.17826600,1.00630500,1.00494500,1.00406500,1.00249600,1.00075500
0.644000,1.17828200,1.00630600,1.00494500,1.00406500,1.00249600,1.00075500
0.646000,1.17829800,1.00630600,1.00494500,1.00406500,1.00249600,1.00075500
0.648000,1.17831300,1.00630600,1.00494600,1.00406500,1.00249600,1.00075500
0.650000,1.17832900,1.00630600,1.00494600,1.00406500,1.00249600,1.00075500
0.652000,1.17834500,1.00630600,1.00494600,1.00406500,1.00249600,1.00075500
0.654000,1.17836100,1.00630700,1.00494600,1.00406500,1.00249600,1.00075500
0.656000,1.17837700,1.00630700,1.00494600,1.00406500,1.00249600,1.00075500
0.658000,1.17839300,1.00630700,1.00494600,1.00406500,1.00249600,1.00075500
0.660000,1.17840900,1.00630700,1.00494600,1.00406600,1.00249600,1.00075500
0.662000,1.17842400,1.00630700,1.00494600,1.00406600,1.00249700,1.00075500
0.664000,1.17844000,1.00630700,1.00494700,1.00406600,1.00249700,1.00075500
0.666000,1.17845600,1.00630800,1.00494700,1.00406600,1.00249700,1.00075500
0.668000,1.17847200,1.00630800,1.00494700,1.00406600,1.00249700,1.00075500
0.670000,1.17848800,1.00630800,1.00494700,1.00406600,1.00249700,1.00075500
0.672000,1.17850400,1.00630800,1.00494700,1.00406600,1.00249700,1.00075500
0.674000,1.17852000,1.00630800,1.00494700,1.00406600,1.00249700,1.00075500
0.676000,1.17853600,1.00630800,1.00494700,1.00406600,1.00249700,1.00075500
0.678000,1.17855100,1.00630900,1.00494800,1.00406600,1.00249700,1.00075500
0.680000,1.17856700,1.00630900,1.00494800,1.00406700,1.00249700,1.00075500
0.682000,1.17858300,1.00630900,1.00494800,1.00406700,1.00249700,1.00075500
0.684000,1.17859900,1.00630900,1.00494800,1.00406700,1.00249700,1.00075500
0.686000,1.17861500,1.00630900,1.00494800,1.00406700,1.00249700,1.00075500
0.688000,1.17863100,1.00631000,1.00494800,1.00406700,1.00249700,1.00075500
0.690000,1.17864700,1.00631000,1.00494800,1.00406700,1.00249700,1.00075500
0.692000,1.17866300,1.00631000,1.00494800,1.00406700,1.00249800,1.00075500
0.694000,1.17867900,1.00631000,1.00494900,1.00406700,1.00249800,1.00075600
0.696000,1.17869500,1.00631000,1.00494900,1.00406700,1.00249800,1.00075600
0.698000,1.17871000,1.00631000,1.00494900,1.00406800,1.00249800,1.00075600
0.700000,1.17872600,1.00631100,1.00494900,1.00406800,1.00249800,1.00075600
0.702000,1.17874200,1.00631100,1.00494900,1.00406800,1.00249800,1.00075600
0.704000,1.17875800,1.00631100,1.00494900,1.00406800,1.00249800,1.00075600
0.706000,1.17877400,1.00631100,1.00494900,1.00406800,1.00249800,1.00075600
0.708000,1.17879000,1.00631100,1.00495000,1.00406800,1.00249800,1.00075600
0.710000,1.17880600,1.00631100,1.00495000,1.00406800,1.00249800,1.00075600
0.712000,1.17882200,1.00631200,1.00495000,1.00406800,1.00249800,1.00075600
0.714000,1.17883800,1.00631200,1.00495000,1.00406800,1.00249800,1.00075600
0.716000,1.17885400,1.00631200,1.00495000,1.00406800,1.00249800,1.00075600
0.718000,1.17887000,1.00631200,1.00495000,1.00406900,1.00249800,1.00075600
0.720000,1.17888600,1.00631200,1.00495000,1.00406900,1.00249800,1.00075600
0.722000,1.17890200,1.00631200,1.00495100,1.00406900,1.00249900,1.00075600
0.724000,1.17891800,1.00631300,1.00495100,1.00406900,1.00249900,1.00075600
0.726000,1.17893400,1.00631300,1.00495100,1.00406900,1.00249900,1.00075600
0.728000,1.17895000,1.00631300,1.00495100,1.00406900,1.00249900,1.00075600
0.730000,1.17896600,1.00631300,1.00495100,1.00406900,1.00249900,1.00075600
0.732000,1.17898200,1.00631300,1.00495100,1.00406900,1.00249900,1.00075600
0.734000,1.17899800,1.00631400,1.00495100,1.00406900,1.00249900,1.00075600
0.736000,1.17901400,1.00631400,1.00495100,1.00407000,1.00249900,1.00075600
0.738000,1.17903000,1.00631400,1.00495200,1.00407000,1.00249900,1.00075600
0.740000,1.17904500,1.00631400,1.00495200,1.00407000,1.00249900,1.00075600
0.742000,1.17906200,1.00631400,1.00495200,1.00407000,1.00249900,1.00075600
0.744000,1.17907800,1.00631500,1.00495200,1.00407000,1.00249900,1.00075600
0.746000,1.17909300,1.00631500,1.00495200,1.00407000,1.00249900,1.00075600
0.748000,1.17910900,1.00631500,1.00495200,1.00407000,1.00249900,1.00075600
0.750000,1.17912500,1.00631500,1.00495200,1.00407000,1.00249900,1.00075600
0.752000,1.17914200,1.00631500,1.00495300,1.00407100,1.00249900,1.00075600
0.754000,1.17915700,1.00631500,1.00495300,1.00407100,1.00250000,1.00075600
0.756000,1.17917300,1.00631500,1.00495300,1.00407100,1.00250000,1.00075600
0.758000,1.17919000,1.00631600,1.00495300,1.00407100,1.00250000,1.00075600
0.760000,1.17920600,1.00631600,1.00495300,1.00407100,1.00250000,1.00075600
0.762000,1.17922200,1.00631600,1.00495300,1.00407100,1.00250000,1.00075600
0.764000,1.17923800,1.00631600,1.00495300,1.00407100,1.00250000,1.00075600
0.766000,1.17925400,1.00631600,1.00495400,1.00407100,1.00250000,1.00075600
0.768000,1.17927000,1.00631700,1.00495400,1.00407100,1.00250000,1.00075600
0.770000,1.17928600,1.00631700,1.00495400,1.00407100,1.00250000,1.00075600
0.772000,1.17930200,1.00631700,1.00495400,1.00407200,1.00250000,1.00075600
0.774000,1.17931800,1.00631700,1.00495400,1.00407200,1.00250000,1.00075600
0.776000,1.17933400,1.00631700,1.00495400,1.00407200,1.00250000,1.00075600
0.778000,1.17935000,1.00631700,1.00495400,1.00407200,1.00250000,1.00075600
0.780000,1.17936600,1.00631800,1.00495400,1.00407200,1.00250000,1.00075600
0.782000,1.17938200,1.00631800,1.00495500,1.00407200,1.00250000,1.00075600
0.784000,1.17939800,1.00631800,1.00495500,1.00407200,1.00250100,1.00075600
0.786000,1.17941400,1.00631800,1.00495500,1.00407200,1.00250100,1.00075600
0.788000,1.17943000,1.00631800,1.00495500,1.00407200,1.00250100,1.00075600
0.790000,1.17944600,1.00631900,1.00495500,1.00407300,1.00250100,1.00075600
0.792000,1.17946200,1.00631900,1.00495500,1.00407300,1.00250100,1.00075600
0.794000,1.17947800,1.00631900,1.00495500,1.00407300,1.00250100,1.00075600
0.796000,1.17949400,1.00631900,1.00495500,1.00407300,1.00250100,1.00075600
0.798000,1.17951000,1.00631900,1.00495600,1.00407300,1.00250100,1.00075700
0.800000,1.17952600,1.00631900,1.00495600,1.00407300,1.00250100,1.00075700
0.802000,1.17954300,1.00632000,1.00495600,1.00407300,1.00250100,1.00075700
0.804000,1.17955900,1.00632000,1.00495600,1.00407300,1.00250100,1.00075700
0.806000,1.17957500,1.00632000,1.00495600,1.00407300,1.00250100,1.00075700
0.808000,1.17959100,1.00632000,1.00495600,1.00407400,1.00250100,1.00075700
0.810000,1.17960700,1.00632000,1.00495600,1.00407400,1.00250100,1.00075700
0.812000,1.17962300,1.00632000,1.00495600,1.00407400,1.00250100,1.00075700
0.814000,1.17963900,1.00632100,1.00495700,1.00407400,1.00250100,1.00075700
0.816000,1.17965500,1.00632100,1.00495700,1.00407400,1.00250100,1.00075700
0.818000,1.17967100,1.00632100,1.00495700,1.00407400,1.00250200,1.00075700
0.820000,1.17968700,1.00632100,1.00495700,1.00407400,1.00250200,1.00075700
0.822000,1.17970300,1.00632100,1.00495700,1.00407400,1.00250200,1.00075700
0.824000,1.17972000,1.00632200,1.00495700,1.00407400,1.00250200,1.00075700
0.826000,1.17973600,1.00632200,1.00495700,1.00407400,1.00250200,1.00075700
0.828000,1.17975200,1.00632200,1.00495800,1.00407500,1.00250200,1.00075700
0.830000,1.17976800,1.00632200,1.00495800,1.00407500,1.00250200,1.00075700
0.832000,1.17978400,1.00632200,1.00495800,1.00407500,1.00250200,1.00075700
0.834000,1.17980000,1.00632300,1.00495800,1.00407500,1.00250200,1.00075700
0.836000,1.17981600,1.00632300,1.00495800,1.00407500,1.00250200,1.00075700
0.838000,1.17983200,1.00632300,1.00495800,1.00407500,1.00250200,1.00075700
0.840000,1.17984900,1.00632300,1.00495800,1.00407500,1.00250200,1.00075700
0.842000,1.17986500,1.00632300,1.00495900,1.00407500,1.00250200,1.00075700
0.844000,1.17988100,1.00632300,1.00495900,1.00407500,1.00250200,1.00075700
0.846000,1.17989700,1.00632400,1.00495900,1.00407600,1.00250200,1.00075700
0.848000,1.17991300,1.00632400,1.00495900,1.00407600,1.00250300,1.00075700
0.850000,1.17992900,1.00632400,1.00495900,1.00407600,1.00250300,1.00075700
0.852000,1.17994500,1.00632400,1.00495900,1.00407600,1.00250300,1.00075700
0.854000,1.17996200,1.00632400,1.00495900,1.00407600,1.00250300,1.00075700
0.856000,1.17997800,1.00632400,1.00495900,1.00407600,1.00250300,1.00075700
0.858000,1.17999400,1.00632500,1.00496000,1.00407600,1.00250300,1.00075700
0.860000,1.18001000,1.00632500,1.00496000,1.00407600,1.00250300,1.00075700
0.862000,1.18002600,1.00632500,1.00496000,1.00407600,1.00250300,1.00075700
0.864000,1.18004200,1.00632500,1.00496000,1.00407600,1.00250300,1.00075700
0.866000,1.18005900,1.00632500,1.00496000,1.00407700,1.00250300,1.00075700
0.868000,1.18007500,1.00632500,1.00496000,1.00407700,1.00250300,1.00075700
0.870000,1.18009100,1.00632600,1.00496000,1.00407700,1.00250300,1.00075700
0.872000,1.18010700,1.00632600,1.00496100,1.00407700,1.00250300,1.00075700
0.874000,1.18012300,1.00632600,1.00496100,1.00407700,1.00250300,1.00075700
0.876000,1.18014000,1.00632600,1.00496100,1.00407700,1.00250300,1.00075700
0.878000,1.18015600,1.00632600,1.00496100,1.00407700,1.00250400,1.00075700
0.880000,1.18017200,1.00632700,1.00496100,1.00407700,1.00250400,1.00075700
0.882000,1.18018800,1.00632700,1.00496100,1.00407700,1.00250400,1.00075700
0.884000,1.18020400,1.00632700,1.00496100,1.00407800,1.00250400,1.00075700
0.886000,1.18022000,1.00632700,1.00496100,1.00407800,1.00250400,1.00075700
0.888000,1.18023700,1.00632700,1.00496200,1.00407800,1.00250400,1.00075700
0.890000,1.18025300,1.00632700,1.00496200,1.00407800,1.00250400,1.00075700
0.892000,1.18026900,1.00632800,1.00496200,1.00407800,1.00250400,1.00075700
0.894000,1.18028500,1.00632800,1.00496200,1.00407800,1.00250400,1.00075700
0.896000,1.18030200,1.00632800,1.00496200,1.00407800,1.00250400,1.00075700
0.898000,1.18031800,1.00632800,1.00496200,1.00407800,1.00250400,1.00075700
0.900000,1.18033400,1.00632800,1.00496200,1.00407800,1.00250400,1.00075700
0.902000,1.18035000,1.00632800,1.00496300,1.00407900,1.00250400,1.00075700
0.904000,1.18036700,1.00632900,1.00496300,1.00407900,1.00250400,1.00075700
0.906000,1.18038300,1.00632900,1.00496300,1.00407900,1.00250400,1.00075700
0.908000,1.18039900,1.00632900,1.00496300,1.00407900,1.00250400,1.00075700
0.910000,1.18041500,1.00632900,1.00496300,1.00407900,1.00250400,1.00075700
0.912000,1.18043100,1.00632900,1.00496300,1.00407900,1.00250500,1.00075700
0.914000,1.18044800,1.00633000,1.00496300,1.00407900,1.00250500,1.00075700
0.916000,1.18046400,1.00633000,1.00496400,1.00407900,1.00250500,1.00075800
0.918000,1.18048000,1.00633000,1.00496400,1.00407900,1.00250500,1.00075800
0.920000,1.18049600,1.00633000,1.00496400,1.00408000,1.00250500,1.00075800
0.922000,1.18051300,1.00633000,1.00496400,1.00408000,1.00250500,1.00075800
0.924000,1.18052900,1.00633000,1.00496400,1.00408000,1.00250500,1.00075800
0.926000,1.18054500,1.00633100,1.00496400,1.00408000,1.00250500,1.00075800
0.928000,1.18056200,1.00633100,1.00496400,1.00408000,1.00250500,1.00075800
0.930000,1.18057800,1.00633100,1.00496400,1.00408000,1.00250500,1.00075800
0.932000,1.18059400,1.00633100,1.00496500,1.00408000,1.00250500,1.00075800
0.934000,1.18061000,1.00633100,1.00496500,1.00408000,1.00250500,1.00075800
0.936000,1.18062700,1.00633200,1.00496500,1.00408000,1.00250500,1.00075800
0.938000,1.18064300,1.00633200,1.00496500,1.00408100,1.00250500,1.00075800
0.940000,1.18065900,1.00633200,1.00496500,1.00408100,1.00250600,1.00075800
0.942000,1.18067600,1.00633200,1.00496500,1.00408100,1.00250600,1.00075800
0.944000,1.18069200,1.00633200,1.00496500,1.00408100,1.00250600,1.00075800
0.946000,1.18070800,1.00633200,1.00496600,1.00408100,1.00250600,1.00075800
0.948000,1.18072400,1.00633300,1.00496600,1.00408100,1.00250600,1.00075800
0.950000,1.18074100,1.00633300,1.00496600,1.00408100,1.00250600,1.00075800
0.952000,1.18075700,1.00633300,1.00496600,1.00408100,1.00250600,1.00075800
0.954000,1.18077300,1.00633300,1.00496600,1.00408100,1.00250600,1.00075800
0.956000,1.18079000,1.00633300,1.00496600,1.00408100,1.00250600,1.00075800
0.958000,1.18080600,1.00633300,1.00496600,1.00408200,1.00250600,1.00075800
0.960000,1.18082200,1.00633400,1.00496600,1.00408200,1.00250600,1.00075800
0.962000,1.18083900,1.00633400,1.00496700,1.00408200,1.00250600,1.00075800
0.964000,1.18085500,1.00633400,1.00496700,1.00408200,1.00250600,1.00075800
0.966000,1.18087100,1.00633400,1.00496700,1.00408200,1.00250600,1.00075800
0.968000,1.18088800,1.00633400,1.00496700,1.00408200,1.00250600,1.00075800
0.970000,1.18090400,1.00633500,1.00496700,1.00408200,1.00250600,1.00075800
0.972000,1.18092000,1.00633500,1.00496700,1.00408200,1.00250600,1.00075800
0.974000,1.18093700,1.00633500,1.00496700,1.00408200,1.00250700,1.00075800
0.976000,1.18095300,1.00633500,1.00496800,1.00408300,1.00250700,1.00075800
0.978000,1.18096900,1.00633500,1.00496800,1.00408300,1.00250700,1.00075800
0.980000,1.18098600,1.00633500,1.00496800,1.00408300,1.00250700,1.00075800
0.982000,1.18100200,1.00633600,1.00496800,1.00408300,1.00250700,1.00075800
0.984000,1.18101800,1.00633600,1.00496800,1.00408300,1.00250700,1.00075800
0.986000,1.18103500,1.00633600,1.00496800,1.00408300,1.00250700,1.00075800
0.988000,1.18105100,1.00633600,1.00496800,1.00408300,1.00250700,1.00075800
0.990000,1.18106700,1.00633600,1.00496900,1.00408300,1.00250700,1.00075800
0.992000,1.18108400,1.00633700,1.00496900,1.00408300,1.00250700,1.00075800
0.994000,1.18110000,1.00633700,1.00496900,1.00408400,1.00250700,1.00075800
0.996000,1.18111700,1.00633700,1.00496900,1.00408400,1.00250700,1.00075800
0.998000,1.18113300,1.00633700,1.00496900,1.00408400,1.00250700,1.00075800
1.000000,1.18114900,1.00633700,1.00496900,1.00408400,1.00250700,1.00075800
1.002000,1.18116600,1.00633700,1.00496900,1.00408400,1.00250700,1.00075800
1.004000,1.18118200,1.00633800,1.00496900,1.00408400,1.00250800,1.00075800
1.006000,1.18119800,1.00633800,1.00497000,1.00408400,1.00250800,1.00075800
1.008000,1.18121500,1.00633800,1.00497000,1.00408400,1.00250800,1.00075800
1.010000,1.18123100,1.00633800,1.00497000,1.00408400,1.00250800,1.00075800
1.012000,1.18124800,1.00633800,1.00497000,1.00408400,1.00250800,1.00075800
1.014000,1.18126400,1.00633800,1.00497000,1.00408500,1.00250800,1.00075800
1.016000,1.18128000,1.00633900,1.00497000,1.00408500,1.00250800,1.00075800
1.018000,1.18129700,1.00633900,1.00497000,1.00408500,1.00250800,1.00075800
1.020000,1.18131300,1.00633900,1.00497100,1.00408500,1.00250800,1.00075900
1.022000,1.18133000,1.00633900,1.00497100,1.00408500,1.00250800,1.00075900
1.024000,1.18134600,1.00633900,1.00497100,1.00408500,1.00250800,1.00075900
1.026000,1.18136300,1.00634000,1.00497100,1.00408500,1.00250800,1.00075900
1.028000,1.18137900,1.00634000,1.00497100,1.00408500,1.00250800,1.00075900
1.030000,1.18139500,1.00634000,1.00497100,1.00408500,1.00250800,1.00075900
1.032000,1.18141200,1.00634000,1.00497100,1.00408600,1.00250800,1.00075900
1.034000,1.18142800,1.00634000,1.00497200,1.00408600,1.00250900,1.00075900
1.036000,1.18144500,1.00634100,1.00497200,1.00408600,1.00250900,1.00075900
1.038000,1.18146100,1.00634100,1.00497200,1.00408600,1.00250900,1.00075900
1.040000,1.18147800,1.00634100,1.00497200,1.00408600,1.00250900,1.00075900
1.042000,1.18149400,1.00634100,1.00497200,1.00408600,1.00250900,1.00075900
1.044000,1.18151000,1.00634100,1.00497200,1.00408600,1.00250900,1.00075900
1.046000,1.18152700,1.00634100,1.00497200,1.00408600,1.00250900,1.00075900
1.048000,1.18154300,1.00634200,1.00497200,1.00408600,1.00250900,1.00075900
1.050000,1.18156000,1.00634200,1.00497300,1.00408700,1.00250900,1.00075900
1.052000,1.18157600,1.00634200,1.00497300,1.00408700,1.00250900,1.00075900
1.054000,1.18159300,1.00634200,1.00497300,1.00408700,1.00250900,1.00075900
1.056000,1.18160900,1.00634200,1.00497300,1.00408700,1.00250900,1.00075900
1.058000,1.18162600,1.00634200,1.00497300,1.00408700,1.00250900,1.00075900
1.060000,1.18164200,1.00634300,1.00497300,1.00408700,1.00250900,1.00075900
1.062000,1.18165900,1.00634300,1.00497300,1.00408700,1.00250900,1.00075900
1.064000,1.18167500,1.00634300,1.00497300,1.00408700,1.00250900,1.00075900
1.066000,1.18169200,1.00634300,1.00497400,1.00408700,1.00251000,1.00075900
1.068000,1.18170800,1.00634300,1.00497400,1.00408800,1.00251000,1.00075900
1.070000,1.18172500,1.00634300,1.00497400,1.00408800,1.00251000,1.00075900
1.072000,1.18174100,1.00634400,1.00497400,1.00408800,1.00251000,1.00075900
1.074000,1.18175800,1.00634400,1.00497400,1.00408800,1.00251000,1.00075900
1.076000,1.18177400,1.00634400,1.00497400,1.00408800,1.00251000,1.00075900
1.078000,1.18179100,1.00634400,1.00497400,1.00408800,1.00251000,1.00075900
1.080000,1.18180700,1.00634400,1.00497500,1.00408800,1.00251000,1.00075900
1.082000,1.18182400,1.00634500,1.00497500,1.00408800,1.00251000,1.00075900
1.084000,1.18184000,1.00634500,1.00497500,1.00408800,1.00251000,1.00075900
1.086000,1.18185700,1.00634500,1.00497500,1.00408900,1.00251000,1.00075900
1.088000,1.18187300,1.00634500,1.00497500,1.00408900,1.00251000,1.00075900
1.090000,1.18189000,1.00634500,1.00497500,1.00408900,1.00251000,1.00075900
1.092000,1.18190600,1.00634600,1.00497500,1.00408900,1.00251000,1.00075900
1.094000,1.18192300,1.00634600,1.00497500,1.00408900,1.00251000,1.00075900
1.096000,1.18193900,1.00634600,1.00497600,1.00408900,1.00251100,1.00075900
1.098000,1.18195600,1.00634600,1.00497600,1.00408900,1.00251100,1.00075900
1.100000,1.18197200,1.00634600,1.00497600,1.00408900,1.00251100,1.00075900
1.102000,1.18198900,1.00634600,1.00497600,1.00408900,1.00251100,1.00075900
1.104000,1.18200500,1.00634700,1.00497600,1.00408900,1.00251100,1.00075900
1.106000,1.18202200,1.00634700,1.00497600,1.00409000,1.00251100,1.00075900
1.108000,1.18203900,1.00634700,1.00497600,1.00409000,1.00251100,1.00075900
1.110000,1.18205500,1.00634700,1.00497700,1.00409000,1.00251100,1.00075900
1.112000,1.18207200,1.00634700,1.00497700,1.00409000,1.00251100,1.00075900
1.114000,1.18208800,1.00634700,1.00497700,1.00409000,1.00251100,1.00075900
1.116000,1.18210500,1.00634800,1.00497700,1.00409000,1.00251100,1.00075900
1.118000,1.18212100,1.00634800,1.00497700,1.00409000,1.00251100,1.00075900
1.120000,1.18213800,1.00634800,1.00497700,1.00409000,1.00251100,1.00075900
1.122000,1.18215500,1.00634800,1.00497700,1.00409000,1.00251100,1.00075900
1.124000,1.18217100,1.00634800,1.00497700,1.00409100,1.00251100,1.00075900
1.126000,1.18218800,1.00634800,1.00497800,1.00409100,1.00251200,1.00075900
1.128000,1.18220400,1.00634900,1.00497800,1.00409100,1.00251200,1.00075900
1.130000,1.18222100,1.00634900,1.00497800,1.00409100,1.00251200,1.00075900
1.132000,1.18223700,1.00634900,1.00497800,1.00409100,1.00251200,1.00075900
1.134000,1.18225400,1.00634900,1.00497800,1.00409100,1.00251200,1.00075900
1.136000,1.18227100,1.00634900,1.00497800,1.00409100,1.00251200,1.00076000
1.138000,1.18228700,1.00635000,1.00497800,1.00409100,1.00251200,1.00076000
1.140000,1.18230400,1.00635000,1.00497900,1.00409200,1.00251200,1.00076000
1.142000,1.18232000,1.00635000,1.00497900,1.00409200,1.00251200,1.00076000
1.144000,1.18233700,1.00635000,1.00497900,1.00409200,1.00251200,1.00076000
1.146000,1.18235400,1.00635000,1.00497900,1.00409200,1.00251200,1.00076000
1.148000,1.18237000,1.00635100,1.00497900,1.00409200,1.00251200,1.00076000
1.150000,1.18238700,1.00635100,1.00497900,1.00409200,1.00251200,1.00076000
1.152000,1.18240300,1.00635100,1.00497900,1.00409200,1.00251200,1.00076000
1.154000,1.18242000,1.00635100,1.00497900,1.00409200,1.00251200,1.00076000
1.156000,1.18243700,1.00635100,1.00498000,1.00409200,1.00251200,1.00076000
1.158000,1.18245300,1.00635100,1.00498000,1.00409200,1.00251200,1.00076000
1.160000,1.18247000,1.00635200,1.00498000,1.00409300,1.00251300,1.00076000
1.162000,1.18248700,1.00635200,1.00498000,1.00409300,1.00251300,1.00076000
1.164000,1.18250300,1.00635200,1.00498000,1.00409300,1.00251300,1.00076000
1.166000,1.18252000,1.00635200,1.00498000,1.00409300,1.00251300,1.00076000
1.168000,1.18253700,1.00635200,1.00498000,1.00409300,1.00251300,1.00076000
1.170000,1.18255300,1.00635200,1.00498100,1.00409300,1.00251300,1.00076000
1.172000,1.18257000,1.00635300,1.00498100,1.00409300,1.00251300,1.00076000
1.174000,1.18258600,1.00635300,1.00498100,1.00409300,1.00251300,1.00076000
1.176000,1.18260300,1.00635300,1.00498100,1.00409300,1.00251300,1.00076000
1.178000,1.18262000,1.00635300,1.00498100,1.00409400,1.00251300,1.00076000
1.180000,1.18263600,1.00635300,1.00498100,1.00409400,1.00251300,1.00076000
1.182000,1.18265300,1.00635300,1.00498100,1.00409400,1.00251300,1.00076000
1.184000,1.18267000,1.00635400,1.00498200,1.00409400,1.00251300,1.00076000
1.186000,1.18268700,1.00635400,1.00498200,1.00409400,1.00251300,1.00076000
1.188000,1.18270300,1.00635400,1.00498200,1.00409400,1.00251400,1.00076000
1.190000,1.18272000,1.00635400,1.00498200,1.00409400,1.00251400,1.00076000
1.192000,1.18273700,1.00635400,1.00498200,1.00409400,1.00251400,1.00076000
1.194000,1.18275300,1.00635500,1.00498200,1.00409400,1.00251400,1.00076000
1.196000,1.18277000,1.00635500,1.00498200,1.00409400,1.00251400,1.00076000
1.198000,1.18278700,1.00635500,1.00498200,1.00409500,1.00251400,1.00076000
1.200000,1.18280300,1.00635500,1.00498300,1.00409500,1.00251400,1.00076000
1.202000,1.18282000,1.00635500,1.00498300,1.00409500,1.00251400,1.00076000
1.204000,1.18283700,1.00635600,1.00498300,1.00409500,1.00251400,1.00076000
1.206000,1.18285300,1.00635600,1.00498300,1.00409500,1.00251400,1.00076000
1.208000,1.18287000,1.00635600,1.00498300,1.00409500,1.00251400,1.00076000
1.210000,1.18288700,1.00635600,1.00498300,1.00409500,1.00251400,1.00076000
1.212000,1.18290400,1.00635600,1.00498300,1.00409500,1.00251400,1.00076000
1.214000,1.18292000,1.00635600,1.00498400,1.00409500,1.00251400,1.00076000
1.216000,1.18293700,1.00635700,1.00498400,1.00409600,1.00251400,1.00076000
1.218000,1.18295400,1.00635700,1.00498400,1.00409600,1.00251400,1.00076000
1.220000,1.18297100,1.00635700,1.00498400,1.00409600,1.00251400,1.00076000
1.222000,1.18298700,1.00635700,1.00498400,1.00409600,1.00251500,1.00076000
1.224000,1.18300400,1.00635700,1.00498400,1.00409600,1.00251500,1.00076000
1.226000,1.18302100,1.00635700,1.00498400,1.00409600,1.00251500,1.00076000
1.228000,1.18303800,1.00635800,1.00498400,1.00409600,1.00251500,1.00076000
1.230000,1.18305400,1.00635800,1.00498500,1.00409600,1.00251500,1.00076000
1.232000,1.18307100,1.00635800,1.00498500,1.00409700,1.00251500,1.00076000
1.234000,1.18308800,1.00635800,1.00498500,1.00409700,1.00251500,1.00076000
1.236000,1.18310500,1.00635800,1.00498500,1.00409700,1.00251500,1.00076000
1.238000,1.18312100,1.00635900,1.00498500,1.00409700,1.00251500,1.00076000
1.240000,1.18313800,1.00635900,1.00498500,1.00409700,1.00251500,1.00076100
1.242000,1.18315500,1.00635900,1.00498500,1.00409700,1.00251500,1.00076100
1.244000,1.18317200,1.00635900,1.00498600,1.00409700,1.00251500,1.00076100
1.246000,1.18318800,1.00635900,1.00498600,1.00409700,1.00251500,1.00076100
1.248000,1.18320500,1.00635900,1.00498600,1.00409700,1.00251500,1.00076100
1.250000,1.18322200,1.00636000,1.00498600,1.00409700,1.00251500,1.00076100
1.252000,1.18323900,1.00636000,1.00498600,1.00409800,1.00251600,1.00076100
1.254000,1.18325500,1.00636000,1.00498600,1.00409800,1.00251600,1.00076100
1.256000,1.18327200,1.00636000,1.00498600,1.00409800,1.00251600,1.00076100
1.258000,1.18328900,1.00636000,1.00498700,1.00409800,1.00251600,1.00076100
1.260000,1.18330600,1.00636100,1.00498700,1.00409800,1.00251600,1.00076100
1.262000,1.18332300,1.00636100,1.00498700,1.00409800,1.00251600,1.00076100
1.264000,1.18333900,1.00636100,1.00498700,1.00409800,1.00251600,1.00076100
1.266000,1.18335600,1.00636100,1.00498700,1.00409800,1.00251600,1.00076100
1.268000,1.18337300,1.00636100,1.00498700,1.00409800,1.00251600,1.00076100
1.270000,1.18339000,1.00636100,1.00498700,1.00409900,1.00251600,1.00076100
1.272000,1.18340700,1.00636200,1.00498700,1.00409900,1.00251600,1.00076100
1.274000,1.18342300,1.00636200,1.00498800,1.00409900,1.00251600,1.00076100
1.276000,1.18344000,1.00636200,1.00498800,1.00409900,1.00251600,1.00076100
1.278000,1.18345700,1.00636200,1.00498800,1.00409900,1.00251600,1.00076100
1.280000,1.18347400,1.00636200,1.00498800,1.00409900,1.00251700,1.00076100
1.282000,1.18349100,1.00636300,1.00498800,1.00409900,1.00251700,1.00076100
1.284000,1.18350800,1.00636300,1.00498800,1.00409900,1.00251700,1.00076100
1.286000,1.18352400,1.00636300,1.00498800,1.00409900,1.00251700,1.00076100
1.288000,1.18354100,1.00636300,1.00498900,1.00409900,1.00251700,1.00076100
1.290000,1.18355800,1.00636300,1.00498900,1.00410000,1.00251700,1.00076100
1.292000,1.18357500,1.00636300,1.00498900,1.00410000,1.00251700,1.00076100
1.294000,1.18359200,1.00636400,1.00498900,1.00410000,1.00251700,1.00076100
1.296000,1.18360900,1.00636400,1.00498900,1.00410000,1.00251700,1.00076100
1.298000,1.18362500,1.00636400,1.00498900,1.00410000,1.00251700,1.00076100
1.300000,1.18364200,1.00636400,1.00498900,1.00410000,1.00251700,1.00076100
1.302000,1.18365900,1.00636400,1.00499000,1.00410000,1.00251700,1.00076100
1.304000,1.18367600,1.00636400,1.00499000,1.00410000,1.00251700,1.00076100
1.306000,1.18369300,1.00636500,1.00499000,1.00410000,1.00251700,1.00076100
1.308000,1.18371000,1.00636500,1.00499000,1.00410100,1.00251700,1.00076100
1.310000,1.18372700,1.00636500,1.00499000,1.00410100,1.00251700,1.00076100
1.312000,1.18374400,1.00636500,1.00499000,1.00410100,1.00251700,1.00076100
1.314000,1.18376000,1.00636500,1.00499000,1.00410100,1.00251800,1.00076100
1.316000,1.18377700,1.00636600,1.00499000,1.00410100,1.00251800,1.00076100
1.318000,1.18379400,1.00636600,1.00499100,1.00410100,1.00251800,1.00076100
1.320000,1.18381100,1.00636600,1.00499100,1.00410100,1.00251800,1.00076100
1.322000,1.18382800,1.00636600,1.00499100,1.00410100,1.00251800,1.00076100
1.324000,1.18384500,1.00636600,1.00499100,1.00410200,1.00251800,1.00076100
1.326000,1.18386200,1.00636600,1.00499100,1.00410200,1.00251800,1.00076100
1.328000,1.18387900,1.00636700,1.00499100,1.00410200,1.00251800,1.00076100
1.330000,1.18389600,1.00636700,1.00499100,1.00410200,1.00251800,1.00076100
1.332000,1.18391300,1.00636700,1.00499200,1.00410200,1.00251800,1.00076100
1.334000,1.18392900,1.00636700,1.00499200,1.00410200,1.00251800,1.00076100
1.336000,1.18394600,1.00636700,1.00499200,1.00410200,1.00251800,1.00076100
1.338000,1.18396300,1.00636800,1.00499200,1.00410200,1.00251800,1.00076100
1.340000,1.18398000,1.00636800,1.00499200,1.00410200,1.00251800,1.00076100
1.342000,1.18399700,1.00636800,1.00499200,1.00410200,1.00251800,1.00076200
1.344000,1.18401400,1.00636800,1.00499200,1.00410300,1.00251900,1.00076200
1.346000,1.18403100,1.00636800,1.00499300,1.00410300,1.00251900,1.00076200
1.348000,1.18404800,1.00636900,1.00499300,1.00410300,1.00251900,1.00076200
1.350000,1.18406500,1.00636900,1.00499300,1.00410300,1.00251900,1.00076200
1.352000,1.18408200,1.00636900,1.00499300,1.00410300,1.00251900,1.00076200
1.354000,1.18409900,1.00636900,1.00499300,1.00410300,1.00251900,1.00076200
1.356000,1.18411600,1.00636900,1.00499300,1.00410300,1.00251900,1.00076200
1.358000,1.18413300,1.00636900,1.00499300,1.00410300,1.00251900,1.00076200
1.360000,1.18415000,1.00637000,1.00499400,1.00410300,1.00251900,1.00076200
1.362000,1.18416700,1.00637000,1.00499400,1.00410400,1.00251900,1.00076200
1.364000,1.18418400,1.00637000,1.00499400,1.00410400,1.00251900,1.00076200
1.366000,1.18420100,1.00637000,1.00499400,1.00410400,1.00251900,1.00076200
1.368000,1.18421700,1.00637000,1.00499400,1.00410400,1.00251900,1.00076200
1.370000,1.18423400,1.00637000,1.00499400,1.00410400,1.00251900,1.00076200
1.372000,1.18425100,1.00637100,1.00499400,1.00410400,1.00251900,1.00076200
1.374000,1.18426800,1.00637100,1.00499500,1.00410400,1.00251900,1.00076200
1.376000,1.18428500,1.00637100,1.00499500,1.00410400,1.00252000,1.00076200
1.378000,1.18430200,1.00637100,1.00499500,1.00410400,1.00252000,1.00076200
1.380000,1.18431900,1.00637100,1.00499500,1.00410400,1.00252000,1.00076200
1.382000,1.18433600,1.00637100,1.00499500,1.00410500,1.00252000,1.00076200
1.384000,1.18435300,1.00637200,1.00499500,1.00410500,1.00252000,1.00076200
1.386000,1.18437000,1.00637200,1.00499500,1.00410500,1.00252000,1.00076200
1.388000,1.18438700,1.00637200,1.00499500,1.00410500,1.00252000,1.00076200
1.390000,1.18440400,1.00637200,1.00499600,1.00410500,1.00252000,1.00076200
1.392000,1.18442100,1.00637200,1.00499600,1.00410500,1.00252000,1.00076200
1.394000,1.18443800,1.00637300,1.00499600,1.00410500,1.00252000,1.00076200
1.396000,1.18445600,1.00637300,1.00499600,1.00410500,1.00252000,1.00076200
1.398000,1.18447300,1.00637300,1.00499600,1.00410600,1.00252000,1.00076200
1.400000,1.18448900,1.00637300,1.00499600,1.00410600,1.00252000,1.00076200
1.402000,1.18450700,1.00637300,1.00499600,1.00410600,1.00252000,1.00076200
1.404000,1.18452400,1.00637400,1.00499700,1.00410600,1.00252000,1.00076200
1.406000,1.18454100,1.00637400,1.00499700,1.00410600,1.00252100,1.00076200
1.408000,1.18455800,1.00637400,1.00499700,1.00410600,1.00252100,1.00076200
1.410000,1.18457500,1.00637400,1.00499700,1.00410600,1.00252100,1.00076200
1.412000,1.18459200,1.00637400,1.00499700,1.00410600,1.00252100,1.00076200
1.414000,1.18460900,1.00637400,1.00499700,1.00410600,1.00252100,1.00076200
1.416000,1.18462600,1.00637500,1.00499700,1.00410700,1.00252100,1.00076200
1.418000,1.18464300,1.00637500,1.00499700,1.00410700,1.00252100,1.00076200
1.420000,1.18466000,1.00637500,1.00499800,1.00410700,1.00252100,1.00076200
1.422000,1.18467700,1.00637500,1.00499800,1.00410700,1.00252100,1.00076200
1.424000,1.18469400,1.00637500,1.00499800,1.00410700,1.00252100,1.00076200
1.426000,1.18471100,1.00637600,1.00499800,1.00410700,1.00252100,1.00076200
1.428000,1.18472800,1.00637600,1.00499800,1.00410700,1.00252100,1.00076200
1.430000,1.18474500,1.00637600,1.00499800,1.00410700,1.00252100,1.00076200
1.432000,1.18476200,1.00637600,1.00499800,1.00410700,1.00252100,1.00076200
1.434000,1.18477900,1.00637600,1.00499900,1.00410700,1.00252200,1.00076200
1.436000,1.18479700,1.00637600,1.00499900,1.00410800,1.00252200,1.00076200
1.438000,1.18481400,1.00637700,1.00499900,1.00410800,1.00252200,1.00076200
1.440000,1.18483100,1.00637700,1.00499900,1.00410800,1.00252200,1.00076200
1.442000,1.18484800,1.00637700,1.00499900,1.00410800,1.00252200,1.00076200
1.444000,1.18486500,1.00637700,1.00499900,1.00410800,1.00252200,1.00076200
1.446000,1.18488200,1.00637700,1.00499900,1.00410800,1.00252200,1.00076200
1.448000,1.18489900,1.00637700,1.00500000,1.00410800,1.00252200,1.00076200
1.450000,1.18491600,1.00637800,1.00500000,1.00410800,1.00252200,1.00076200
1.452000,1.18493300,1.00637800,1.00500000,1.00410800,1.00252200,1.00076200
1.454000,1.18495000,1.00637800,1.00500000,1.00410900,1.00252200,1.00076200
1.456000,1.18496800,1.00637800,1.00500000,1.00410900,1.00252200,1.00076200
1.458000,1.18498500,1.00637800,1.00500000,1.00410900,1.00252200,1.00076300
1.460000,1.18500200,1.00637900,1.00500000,1.00410900,1.00252200,1.00076300
1.462000,1.18501900,1.00637900,1.00500000,1.00410900,1.00252200,1.00076300
1.464000,1.18503600,1.00637900,1.00500100,1.00410900,1.00252200,1.00076300
1.466000,1.18505300,1.00637900,1.00500100,1.00410900,1.00252200,1.00076300
1.468000,1.18507000,1.00637900,1.00500100,1.00410900,1.00252300,1.00076300
1.470000,1.18508700,1.00637900,1.00500100,1.00411000,1.00252300,1.00076300
1.472000,1.18510500,1.00638000,1.00500100,1.00411000,1.00252300,1.00076300
1.474000,1.18512200,1.00638000,1.00500100,1.00411000,1.00252300,1.00076300
1.476000,1.18513900,1.00638000,1.00500100,1.00411000,1.00252300,1.00076300
1.478000,1.18515600,1.00638000,1.00500200,1.00411000,1.00252300,1.00076300
1.480000,1.18517300,1.00638000,1.00500200,1.00411000,1.00252300,1.00076300
1.482000,1.18519000,1.00638100,1.00500200,1.00411000,1.00252300,1.00076300
1.484000,1.18520700,1.00638100,1.00500200,1.00411000,1.00252300,1.00076300
1.486000,1.18522500,1.00638100,1.00500200,1.00411000,1.00252300,1.00076300
1.488000,1.18524200,1.00638100,1.00500200,1.00411000,1.00252300,1.00076300
1.490000,1.18525900,1.00638100,1.00500200,1.00411100,1.00252300,1.00076300
1.492000,1.18527600,1.00638200,1.00500200,1.00411100,1.00252300,1.00076300
1.494000,1.18529300,1.00638200,1.00500300,1.00411100,1.00252300,1.00076300
1.496000,1.18531100,1.00638200,1.00500300,1.00411100,1.00252300,1.00076300
1.498000,1.18532800,1.00638200,1.00500300,1.00411100,1.00252400,1.00076300
1.500000,1.18534500,1.00638200,1.00500300,1.00411100,1.00252400,1.00076300
1.502000,1.18536200,1.00638200,1.00500300,1.00411100,1.00252400,1.00076300
1.504000,1.18537900,1.00638300,1.00500300,1.00411100,1.00252400,1.00076300
1.506000,1.18539700,1.00638300,1.00500300,1.00411100,1.00252400,1.00076300
1.508000,1.18541400,1.00638300,1.00500400,1.00411200,1.00252400,1.00076300
1.510000,1.18543100,1.00638300,1.00500400,1.00411200,1.00252400,1.00076300
1.512000,1.18544800,1.00638300,1.00500400,1.00411200,1.00252400,1.00076300
1.514000,1.18546500,1.00638300,1.00500400,1.00411200,1.00252400,1.00076300
1.516000,1.18548300,1.00638400,1.00500400,1.00411200,1.00252400,1.00076300
1.518000,1.18550000,1.00638400,1.00500400,1.00411200,1.00252400,1.00076300
1.520000,1.18551700,1.00638400,1.00500400,1.00411200,1.00252400,1.00076300
1.522000,1.18553400,1.00638400,1.00500500,1.00411200,1.00252400,1.00076300
1.524000,1.18555200,1.00638400,1.00500500,1.00411200,1.00252400,1.00076300
1.526000,1.18556900,1.00638400,1.00500500,1.00411300,1.00252400,1.00076300
1.528000,1.18558600,1.00638500,1.00500500,1.00411300,1.00252400,1.00076300
1.530000,1.18560300,1.00638500,1.00500500,1.00411300,1.00252500,1.00076300
1.532000,1.18562000,1.00638500,1.00500500,1.00411300,1.00252500,1.00076300
1.534000,1.18563800,1.00638500,1.00500500,1.00411300,1.00252500,1.00076300
1.536000,1.18565500,1.00638500,1.00500500,1.00411300,1.00252500,1.00076300
1.538000,1.18567200,1.00638600,1.00500600,1.00411300,1.00252500,1.00076300
1.540000,1.18568900,1.00638600,1.00500600,1.00411300,1.00252500,1.00076300
1.542000,1.18570700,1.00638600,1.00500600,1.00411300,1.00252500,1.00076300
1.544000,1.18572400,1.00638600,1.00500600,1.00411400,1.00252500,1.00076300
1.546000,1.18574100,1.00638600,1.00500600,1.00411400,1.00252500,1.00076300
1.548000,1.18575900,1.00638700,1.00500600,1.00411400,1.00252500,1.00076300
1.550000,1.18577600,1.00638700,1.00500600,1.00411400,1.00252500,1.00076300
1.552000,1.18579300,1.00638700,1.00500700,1.00411400,1.00252500,1.00076300
1.554000,1.18581000,1.00638700,1.00500700,1.00411400,1.00252500,1.00076300
1.556000,1.18582800,1.00638700,1.00500700,1.00411400,1.00252500,1.00076300
1.558000,1.18584500,1.00638700,1.00500700,1.00411400,1.00252500,1.00076300
1.560000,1.18586200,1.00638800,1.00500700,1.00411400,1.00252600,1.00076300
1.562000,1.18588000,1.00638800,1.00500700,1.00411500,1.00252600,1.00076400
1.564000,1.18589700,1.00638800,1.00500700,1.00411500,1.00252600,1.00076400
1.566000,1.18591400,1.00638800,1.00500800,1.00411500,1.00252600,1.00076400
1.568000,1.18593100,1.00638800,1.00500800,1.00411500,1.00252600,1.00076400
1.570000,1.18594900,1.00638900,1.00500800,1.00411500,1.00252600,1.00076400
1.572000,1.18596600,1.00638900,1.00500800,1.00411500,1.00252600,1.00076400
1.574000,1.18598300,1.00638900,1.00500800,1.00411500,1.00252600,1.00076400
1.576000,1.18600100,1.00638900,1.00500800,1.00411500,1.00252600,1.00076400
1.578000,1.18601800,1.00638900,1.00500800,1.00411500,1.00252600,1.00076400
1.580000,1.18603500,1.00638900,1.00500800,1.00411500,1.00252600,1.00076400
1.582000,1.18605300,1.00639000,1.00500900,1.00411600,1.00252600,1.00076400
1.584000,1.18607000,1.00639000,1.00500900,1.00411600,1.00252600,1.00076400
1.586000,1.18608700,1.00639000,1.00500900,1.00411600,1.00252600,1.00076400
1.588000,1.18610500,1.00639000,1.00500900,1.00411600,1.00252700,1.00076400
1.590000,1.18612200,1.00639000,1.00500900,1.00411600,1.00252700,1.00076400
1.592000,1.18613900,1.00639100,1.00500900,1.00411600,1.00252700,1.00076400
1.594000,1.18615700,1.00639100,1.00500900,1.00411600,1.00252700,1.00076400
1.596000,1.18617400,1.00639100,1.00501000,1.00411600,1.00252700,1.00076400
1.598000,1.18619100,1.00639100,1.00501000,1.00411700,1.00252700,1.00076400
1.600000,1.18620900,1.00639100,1.00501000,1.00411700,1.00252700,1.00076400
1.602000,1.18622600,1.00639100,1.00501000,1.00411700,1.00252700,1.00076400
1.604000,1.18624400,1.00639200,1.00501000,1.00411700,1.00252700,1.00076400
1.606000,1.18626100,1.00639200,1.00501000,1.00411700,1.00252700,1.00076400
1.608000,1.18627800,1.00639200,1.00501000,1.00411700,1.00252700,1.00076400
1.610000,1.18629600,1.00639200,1.00501100,1.00411700,1.00252700,1.00076400
1.612000,1.18631300,1.00639200,1.00501100,1.00411700,1.00252700,1.00076400
1.614000,1.18633000,1.00639200,1.00501100,1.00411700,1.00252700,1.00076400
1.616000,1.18634800,1.00639300,1.00501100,1.00411700,1.00252700,1.00076400
1.618000,1.18636500,1.00639300,1.00501100,1.00411800,1.00252700,1.00076400
1.620000,1.18638300,1.00639300,1.00501100,1.00411800,1.00252700,1.00076400
1.622000,1.18640000,1.00639300,1.00501100,1.00411800,1.00252800,1.00076400
1.624000,1.18641700,1.00639300,1.00501200,1.00411800,1.00252800,1.00076400
1.626000,1.18643500,1.00639400,1.00501200,1.00411800,1.00252800,1.00076400
1.628000,1.18645200,1.00639400,1.00501200,1.00411800,1.00252800,1.00076400
1.630000,1.18647000,1.00639400,1.00501200,1.00411800,1.00252800,1.00076400
1.632000,1.18648700,1.00639400,1.00501200,1.00411800,1.00252800,1.00076400
1.634000,1.18650400,1.00639400,1.00501200,1.00411800,1.00252800,1.00076400
1.636000,1.18652200,1.00639500,1.00501200,1.00411900,1.00252800,1.00076400
1.638000,1.18653900,1.00639500,1.00501300,1.00411900,1.00252800,1.00076400
1.640000,1.18655700,1.00639500,1.00501300,1.00411900,1.00252800,1.00076400
1.642000,1.18657400,1.00639500,1.00501300,1.00411900,1.00252800,1.00076400
1.644000,1.18659200,1.00639500,1.00501300,1.00411900,1.00252800,1.00076400
1.646000,1.18660900,1.00639500,1.00501300,1.00411900,1.00252800,1.00076400
1.648000,1.18662600,1.00639600,1.00501300,1.00411900,1.00252800,1.00076400
1.650000,1.18664400,1.00639600,1.00501300,1.00411900,1.00252900,1.00076400
1.652000,1.18666100,1.00639600,1.00501300,1.00412000,1.00252900,1.00076400
1.654000,1.18667900,1.00639600,1.00501400,1.00412000,1.00252900,1.00076400
1.656000,1.18669600,1.00639600,1.00501400,1.00412000,1.00252900,1.00076400
1.658000,1.18671400,1.00639700,1.00501400,1.00412000,1.00252900,1.00076400
1.660000,1.18673100,1.00639700,1.00501400,1.00412000,1.00252900,1.00076400
1.662000,1.18674900,1.00639700,1.00501400,1.00412000,1.00252900,1.00076400
1.664000,1.18676600,1.00639700,1.00501400,1.00412000,1.00252900,1.00076400
1.666000,1.18678400,1.00639700,1.00501400,1.00412000,1.00252900,1.00076400
1.668000,1.18680100,1.00639700,1.00501500,1.00412000,1.00252900,1.00076400
1.670000,1.18681900,1.00639800,1.00501500,1.00412000,1.00252900,1.00076400
1.672000,1.18683600,1.00639800,1.00501500,1.00412100,1.00252900,1.00076400
1.674000,1.18685400,1.00639800,1.00501500,1.00412100,1.00252900,1.00076400
1.676000,1.18687100,1.00639800,1.00501500,1.00412100,1.00252900,1.00076500
1.678000,1.18688800,1.00639800,1.00501500,1.00412100,1.00252900,1.00076500
1.680000,1.18690600,1.00639900,1.00501500,1.00412100,1.00253000,1.00076500
1.682000,1.18692400,1.00639900,1.00501500,1.00412100,1.00253000,1.00076500
1.684000,1.18694100,1.00639900,1.00501600,1.00412100,1.00253000,1.00076500
1.686000,1.18695900,1.00639900,1.00501600,1.00412100,1.00253000,1.00076500
1.688000,1.18697600,1.00639900,1.00501600,1.00412100,1.00253000,1.00076500
1.690000,1.18699400,1.00639900,1.00501600,1.00412200,1.00253000,1.00076500
1.692000,1.18701100,1.00640000,1.00501600,1.00412200,1.00253000,1.00076500
1.694000,1.18702900,1.00640000,1.00501600,1.00412200,1.00253000,1.00076500
1.696000,1.18704600,1.00640000,1.00501600,1.00412200,1.00253000,1.00076500
1.698000,1.18706400,1.00640000,1.00501700,1.00412200,1.00253000,1.00076500
1.700000,1.18708100,1.00640000,1.00501700,1.00412200,1.00253000,1.00076500
1.702000,1.18709900,1.00640100,1.00501700,1.00412200,1.00253000,1.00076500
1.704000,1.18711600,1.00640100,1.00501700,1.00412200,1.00253000,1.00076500
1.706000,1.18713400,1.00640100,1.00501700,1.00412200,1.00253000,1.00076500
1.708000,1.18715100,1.00640100,1.00501700,1.00412300,1.00253000,1.00076500
1.710000,1.18716900,1.00640100,1.00501700,1.00412300,1.00253000,1.00076500
1.712000,1.18718600,1.00640100,1.00501800,1.00412300,1.00253100,1.00076500
1.714000,1.18720400,1.00640200,1.00501800,1.00412300,1.00253100,1.00076500
1.716000,1.18722200,1.00640200,1.00501800,1.00412300,1.00253100,1.00076500
1.718000,1.18723900,1.00640200,1.00501800,1.00412300,1.00253100,1.00076500
1.720000,1.18725700,1.00640200,1.00501800,1.00412300,1.00253100,1.00076500
1.722000,1.18727400,1.00640200,1.00501800,1.00412300,1.00253100,1.00076500
1.724000,1.18729200,1.00640200,1.00501800,1.00412300,1.00253100,1.00076500
1.726000,1.18730900,1.00640300,1.00501800,1.00412400,1.00253100,1.00076500
1.728000,1.18732700,1.00640300,1.00501900,1.00412400,1.00253100,1.00076500
1.730000,1.18734500,1.00640300,1.00501900,1.00412400,1.00253100,1.00076500
1.732000,1.18736200,1.00640300,1.00501900,1.00412400,1.00253100,1.00076500
1.734000,1.18738000,1.00640300,1.00501900,1.00412400,1.00253100,1.00076500
1.736000,1.18739700,1.00640400,1.00501900,1.00412400,1.00253100,1.00076500
1.738000,1.18741500,1.00640400,1.00501900,1.00412400,1.00253100,1.00076500
1.740000,1.18743300,1.00640400,1.00501900,1.00412400,1.00253100,1.00076500
1.742000,1.18745000,1.00640400,1.00502000,1.00412400,1.00253200,1.00076500
1.744000,1.18746800,1.00640400,1.00502000,1.00412500,1.00253200,1.00076500
1.746000,1.18748500,1.00640500,1.00502000,1.00412500,1.00253200,1.00076500
1.748000,1.18750300,1.00640500,1.00502000,1.00412500,1.00253200,1.00076500
1.750000,1.18752100,1.00640500,1.00502000,1.00412500,1.00253200,1.00076500
1.752000,1.18753800,1.00640500,1.00502000,1.00412500,1.00253200,1.00076500
1.754000,1.18755600,1.00640500,1.00502000,1.00412500,1.00253200,1.00076500
1.756000,1.18757300,1.00640500,1.00502000,1.00412500,1.00253200,1.00076500
1.758000,1.18759100,1.00640600,1.00502100,1.00412500,1.00253200,1.00076500
1.760000,1.18760900,1.00640600,1.00502100,1.00412500,1.00253200,1.00076500
1.762000,1.18762600,1.00640600,1.00502100,1.00412600,1.00253200,1.00076500
1.764000,1.18764400,1.00640600,1.00502100,1.00412600,1.00253200,1.00076500
1.766000,1.18766200,1.00640600,1.00502100,1.00412600,1.00253200,1.00076500
1.768000,1.18767900,1.00640700,1.00502100,1.00412600,1.00253200,1.00076500
1.770000,1.18769700,1.00640700,1.00502200,1.00412600,1.00253200,1.00076500
1.772000,1.18771500,1.00640700,1.00502200,1.00412600,1.00253200,1.00076500
1.774000,1.18773200,1.00640700,1.00502200,1.00412600,1.00253300,1.00076500
1.776000,1.18775000,1.00640700,1.00502200,1.00412600,1.00253300,1.00076500
1.778000,1.18776800,1.00640700,1.00502200,1.00412600,1.00253300,1.00076600
1.780000,1.18778500,1.00640800,1.00502200,1.00412700,1.00253300,1.00076600
1.782000,1.18780300,1.00640800,1.00502200,1.00412700,1.00253300,1.00076600
1.784000,1.18782100,1.00640800,1.00502300,1.00412700,1.00253300,1.00076600
1.786000,1.18783800,1.00640800,1.00502300,1.00412700,1.00253300,1.00076600
1.788000,1.18785600,1.00640800,1.00502300,1.00412700,1.00253300,1.00076600
1.790000,1.18787400,1.00640900,1.00502300,1.00412700,1.00253300,1.00076600
1.792000,1.18789100,1.00640900,1.00502300,1.00412700,1.00253300,1.00076600
1.794000,1.18790900,1.00640900,1.00502300,1.00412700,1.00253300,1.00076600
1.796000,1.18792700,1.00640900,1.00502300,1.00412700,1.00253300,1.00076600
1.798000,1.18794500,1.00640900,1.00502300,1.00412800,1.00253300,1.00076600
1.800000,1.18796200,1.00641000,1.00502400,1.00412800,1.00253300,1.00076600
1.802000,1.18798000,1.00641000,1.00502400,1.00412800,1.00253300,1.00076600
1.804000,1.18799800,1.00641000,1.00502400,1.00412800,1.00253400,1.00076600
1.806000,1.18801500,1.00641000,1.00502400,1.00412800,1.00253400,1.00076600
1.808000,1.18803300,1.00641000,1.00502400,1.00412800,1.00253400,1.00076600
1.810000,1.18805100,1.00641000,1.00502400,1.00412800,1.00253400,1.00076600
1.812000,1.18806900,1.00641100,1.00502400,1.00412800,1.00253400,1.00076600
1.814000,1.18808600,1.00641100,1.00502500,1.00412800,1.00253400,1.00076600
1.816000,1.18810400,1.00641100,1.00502500,1.00412900,1.00253400,1.00076600
1.818000,1.18812200,1.00641100,1.00502500,1.00412900,1.00253400,1.00076600
1.820000,1.18813900,1.00641100,1.00502500,1.00412900,1.00253400,1.00076600
1.822000,1.18815700,1.00641100,1.00502500,1.00412900,1.00253400,1.00076600
1.824000,1.18817500,1.00641200,1.00502500,1.00412900,1.00253400,1.00076600
1.826000,1.18819300,1.00641200,1.00502500,1.00412900,1.00253400,1.00076600
1.828000,1.18821000,1.00641200,1.00502600,1.00412900,1.00253400,1.00076600
1.830000,1.18822800,1.00641200,1.00502600,1.00412900,1.00253400,1.00076600
1.832000,1.18824600,1.00641200,1.00502600,1.00412900,1.00253500,1.00076600
1.834000,1.18826400,1.00641300,1.00502600,1.00413000,1.00253500,1.00076600
1.836000,1.18828200,1.00641300,1.00502600,1.00413000,1.00253500,1.00076600
1.838000,1.18829900,1.00641300,1.00502600,1.00413000,1.00253500,1.00076600
1.840000,1.18831700,1.00641300,1.00502600,1.00413000,1.00253500,1.00076600
1.842000,1.18833500,1.00641300,1.00502600,1.00413000,1.00253500,1.00076600
1.844000,1.18835300,1.00641300,1.00502700,1.00413000,1.00253500,1.00076600
1.846000,1.18837000,1.00641400,1.00502700,1.00413000,1.00253500,1.00076600
1.848000,1.18838800,1.00641400,1.00502700,1.00413000,1.00253500,1.00076600
1.850000,1.18840600,1.00641400,1.00502700,1.00413000,1.00253500,1.00076600
1.852000,1.18842400,1.00641400,1.00502700,1.00413000,1.00253500,1.00076600
1.854000,1.18844200,1.00641400,1.00502700,1.00413100,1.00253500,1.00076600
1.856000,1.18845900,1.00641500,1.00502700,1.00413100,1.00253500,1.00076600
1.858000,1.18847700,1.00641500,1.00502800,1.00413100,1.00253500,1.00076600
1.860000,1.18849500,1.00641500,1.00502800,1.00413100,1.00253500,1.00076600
1.862000,1.18851300,1.00641500,1.00502800,1.00413100,1.00253500,1.00076600
1.864000,1.18853100,1.00641500,1.00502800,1.00413100,1.00253600,1.00076600
1.866000,1.18854900,1.00641500,1.00502800,1.00413100,1.00253600,1.00076600
1.868000,1.18856600,1.00641600,1.00502800,1.00413100,1.00253600,1.00076600
1.870000,1.18858400,1.00641600,1.00502800,1.00413200,1.00253600,1.00076600
1.872000,1.18860200,1.00641600,1.00502800,1.00413200,1.00253600,1.00076600
1.874000,1.18862000,1.00641600,1.00502900,1.00413200,1.00253600,1.00076600
1.876000,1.18863800,1.00641600,1.00502900,1.00413200,1.00253600,1.00076600
1.878000,1.18865500,1.00641700,1.00502900,1.00413200,1.00253600,1.00076600
1.880000,1.18867300,1.00641700,1.00502900,1.00413200,1.00253600,1.00076700
1.882000,1.18869100,1.00641700,1.00502900,1.00413200,1.00253600,1.00076700
1.884000,1.18870900,1.00641700,1.00502900,1.00413200,1.00253600,1.00076700
1.886000,1.18872700,1.00641700,1.00503000,1.00413200,1.00253600,1.00076700
1.888000,1.18874500,1.00641800,1.00503000,1.00413300,1.00253600,1.00076700
1.890000,1.18876300,1.00641800,1.00503000,1.00413300,1.00253600,1.00076700
1.892000,1.18878100,1.00641800,1.00503000,1.00413300,1.00253600,1.00076700
1.894000,1.18879800,1.00641800,1.00503000,1.00413300,1.00253700,1.00076700
1.896000,1.18881600,1.00641800,1.00503000,1.00413300,1.00253700,1.00076700
1.898000,1.18883400,1.00641800,1.00503000,1.00413300,1.00253700,1.00076700
1.900000,1.18885200,1.00641900,1.00503100,1.00413300,1.00253700,1.00076700
1.902000,1.18887000,1.00641900,1.00503100,1.00413300,1.00253700,1.00076700
1.904000,1.18888800,1.00641900,1.00503100,1.00413300,1.00253700,1.00076700
1.906000,1.18890600,1.00641900,1.00503100,1.00413300,1.00253700,1.00076700
1.908000,1.18892400,1.00641900,1.00503100,1.00413400,1.00253700,1.00076700
1.910000,1.18894200,1.00642000,1.00503100,1.00413400,1.00253700,1.00076700
1.912000,1.18895900,1.00642000,1.00503100,1.00413400,1.00253700,1.00076700
1.914000,1.18897700,1.00642000,1.00503100,1.00413400,1.00253700,1.00076700
1.916000,1.18899500,1.00642000,1.00503200,1.00413400,1.00253700,1.00076700
1.918000,1.18901300,1.00642000,1.00503200,1.00413400,1.00253700,1.00076700
1.920000,1.18903100,1.00642000,1.00503200,1.00413400,1.00253700,1.00076700
1.922000,1.18904900,1.00642100,1.00503200,1.00413400,1.00253700,1.00076700
1.924000,1.18906700,1.00642100,1.00503200,1.00413500,1.00253700,1.00076700
1.926000,1.18908500,1.00642100,1.00503200,1.00413500,1.00253800,1.00076700
1.928000,1.18910300,1.00642100,1.00503200,1.00413500,1.00253800,1.00076700
1.930000,1.18912100,1.00642100,1.00503300,1.00413500,1.00253800,1.00076700
1.932000,1.18913900,1.00642200,1.00503300,1.00413500,1.00253800,1.00076700
1.934000,1.18915700,1.00642200,1.00503300,1.00413500,1.00253800,1.00076700
1.936000,1.18917500,1.00642200,1.00503300,1.00413500,1.00253800,1.00076700
1.938000,1.18919300,1.00642200,1.00503300,1.00413500,1.00253800,1.00076700
1.940000,1.18921100,1.00642200,1.00503300,1.00413500,1.00253800,1.00076700
1.942000,1.18922800,1.00642300,1.00503300,1.00413500,1.00253800,1.00076700
1.944000,1.18924600,1.00642300,1.00503300,1.00413600,1.00253800,1.00076700
1.946000,1.18926400,1.00642300,1.00503400,1.00413600,1.00253800,1.00076700
1.948000,1.18928200,1.00642300,1.00503400,1.00413600,1.00253800,1.00076700
1.950000,1.18930000,1.00642300,1.00503400,1.00413600,1.00253800,1.00076700
1.952000,1.18931800,1.00642300,1.00503400,1.00413600,1.00253800,1.00076700
1.954000,1.18933600,1.00642400,1.00503400,1.00413600,1.00253800,1.00076700
1.956000,1.18935400,1.00642400,1.00503400,1.00413600,1.00253900,1.00076700
1.958000,1.18937200,1.00642400,1.00503400,1.00413600,1.00253900,1.00076700
1.960000,1.18939000,1.00642400,1.00503500,1.00413700,1.00253900,1.00076700
1.962000,1.18940800,1.00642400,1.00503500,1.00413700,1.00253900,1.00076700
1.964000,1.18942600,1.00642500,1.00503500,1.00413700,1.00253900,1.00076700
1.966000,1.18944400,1.00642500,1.00503500,1.00413700,1.00253900,1.00076700
1.968000,1.18946200,1.00642500,1.00503500,1.00413700,1.00253900,1.00076700
1.970000,1.18948000,1.00642500,1.00503500,1.00413700,1.00253900,1.00076700
1.972000,1.18949800,1.00642500,1.00503500,1.00413700,1.00253900,1.00076700
1.974000,1.18951600,1.00642500,1.00503600,1.00413700,1.00253900,1.00076700
1.976000,1.18953400,1.00642600,1.00503600,1.00413700,1.00253900,1.00076700
1.978000,1.18955200,1.00642600,1.00503600,1.00413800,1.00253900,1.00076700
1.980000,1.18957000,1.00642600,1.00503600,1.00413800,1.00253900,1.00076700
1.982000,1.18958800,1.00642600,1.00503600,1.00413800,1.00253900,1.00076700
1.984000,1.18960600,1.00642600,1.00503600,1.00413800,1.00254000,1.00076700
1.986000,1.18962400,1.00642600,1.00503600,1.00413800,1.00254000,1.00076700
1.988000,1.18964300,1.00642700,1.00503700,1.00413800,1.00254000,1.00076700
1.990000,1.18966100,1.00642700,1.00503700,1.00413800,1.00254000,1.00076700
1.992000,1.18967900,1.00642700,1.00503700,1.00413800,1.00254000,1.00076700
1.994000,1.18969700,1.00642700,1.00503700,1.00413800,1.00254000,1.00076800
1.996000,1.18971500,1.00642700,1.00503700,1.00413800,1.00254000,1.00076800
1.998000,1.18973300,1.00642800,1.00503700,1.00413900,1.00254000,1.00076800
2.000000,1.18975100,1.00642800,1.00503700,1.00413900,1.00254000,1.00076800
2.002000,1.18976900,1.00642800,1.00503800,1.00413900,1.00254000,1.00076800
2.004000,1.18978700,1.00642800,1.00503800,1.00413900,1.00254000,1.00076800
2.006000,1.18980500,1.00642800,1.00503800,1.00413900,1.00254000,1.00076800
2.008000,1.18982300,1.00642800,1.00503800,1.00413900,1.00254000,1.00076800
2.010000,1.18984100,1.00642900,1.00503800,1.00413900,1.00254000,1.00076800
2.012000,1.18985900,1.00642900,1.00503800,1.00413900,1.00254000,1.00076800
2.014000,1.18987700,1.00642900,1.00503800,1.00414000,1.00254000,1.00076800
2.016000,1.18989600,1.00642900,1.00503800,1.00414000,1.00254100,1.00076800
2.018000,1.18991400,1.00642900,1.00503900,1.00414000,1.00254100,1.00076800
2.020000,1.18993200,1.00643000,1.00503900,1.00414000,1.00254100,1.00076800
2.022000,1.18995000,1.00643000,1.00503900,1.00414000,1.00254100,1.00076800
2.024000,1.18996800,1.00643000,1.00503900,1.00414000,1.00254100,1.00076800
2.026000,1.18998600,1.00643000,1.00503900,1.00414000,1.00254100,1.00076800
2.028000,1.19000400,1.00643000,1.00503900,1.00414000,1.00254100,1.00076800
2.030000,1.19002200,1.00643100,1.00503900,1.00414000,1.00254100,1.00076800
2.032000,1.19004000,1.00643100,1.00504000,1.00414000,1.00254100,1.00076800
2.034000,1.19005800,1.00643100,1.00504000,1.00414100,1.00254100,1.00076800
2.036000,1.19007700,1.00643100,1.00504000,1.00414100,1.00254100,1.00076800
2.038000,1.19009500,1.00643100,1.00504000,1.00414100,1.00254100,1.00076800
2.040000,1.19011300,1.00643100,1.00504000,1.00414100,1.00254100,1.00076800
2.042000,1.19013100,1.00643200,1.00504000,1.00414100,1.00254100,1.00076800
2.044000,1.19014900,1.00643200,1.00504000,1.00414100,1.00254100,1.00076800
2.046000,1.19016700,1.00643200,1.00504100,1.00414100,1.00254200,1.00076800
2.048000,1.19018600,1.00643200,1.00504100,1.00414100,1.00254200,1.00076800
2.050000,1.19020400,1.00643200,1.00504100,1.00414200,1.00254200,1.00076800
2.052000,1.19022200,1.00643300,1.00504100,1.00414200,1.00254200,1.00076800
2.054000,1.19024000,1.00643300,1.00504100,1.00414200,1.00254200,1.00076800
2.056000,1.19025800,1.00643300,1.00504100,1.00414200,1.00254200,1.00076800
2.058000,1.19027600,1.00643300,1.00504100,1.00414200,1.00254200,1.00076800
2.060000,1.19029500,1.00643300,1.00504100,1.00414200,1.00254200,1.00076800
2.062000,1.19031300,1.00643300,1.00504200,1.00414200,1.00254200,1.00076800
2.064000,1.19033100,1.00643400,1.00504200,1.00414200,1.00254200,1.00076800
2.066000,1.19034900,1.00643400,1.00504200,1.00414200,1.00254200,1.00076800
2.068000,1.19036700,1.00643400,1.00504200,1.00414300,1.00254200,1.00076800
2.070000,1.19038500,1.00643400,1.00504200,1.00414300,1.00254200,1.00076800
2.072000,1.19040400,1.00643400,1.00504200,1.00414300,1.00254200,1.00076800
2.074000,1.19042200,1.00643500,1.00504300,1.00414300,1.00254200,1.00076800
2.076000,1.19044000,1.00643500,1.00504300,1.00414300,1.00254200,1.00076800
2.078000,1.19045800,1.00643500,1.00504300,1.00414300,1.00254300,1.00076800
2.080000,1.19047600,1.00643500,1.00504300,1.00414300,1.00254300,1.00076800
2.082000,1.19049500,1.00643500,1.00504300,1.00414300,1.00254300,1.00076800
2.084000,1.19051300,1.00643600,1.00504300,1.00414300,1.00254300,1.00076800
2.086000,1.19053100,1.00643600,1.00504300,1.00414300,1.00254300,1.00076800
2.088000,1.19054900,1.00643600,1.00504400,1.00414400,1.00254300,1.00076800
2.090000,1.19056700,1.00643600,1.00504400,1.00414400,1.00254300,1.00076800
2.092000,1.19058600,1.00643600,1.00504400,1.00414400,1.00254300,1.00076800
2.094000,1.19060400,1.00643600,1.00504400,1.00414400,1.00254300,1.00076800
2.096000,1.19062200,1.00643700,1.00504400,1.00414400,1.00254300,1.00076900
2.098000,1.19064000,1.00643700,1.00504400,1.00414400,1.00254300,1.00076900
2.100000,1.19065900,1.00643700,1.00504400,1.00414400,1.00254300,1.00076900
2.102000,1.19067700,1.00643700,1.00504400,1.00414400,1.00254300,1.00076900
2.104000,1.19069500,1.00643700,1.00504500,1.00414500,1.00254300,1.00076900
2.106000,1.19071400,1.00643800,1.00504500,1.00414500,1.00254400,1.00076900
2.108000,1.19073200,1.00643800,1.00504500,1.00414500,1.00254400,1.00076900
2.110000,1.19075000,1.00643800,1.00504500,1.00414500,1.00254400,1.00076900
2.112000,1.19076800,1.00643800,1.00504500,1.00414500,1.00254400,1.00076900
2.114000,1.19078700,1.00643800,1.00504500,1.00414500,1.00254400,1.00076900
2.116000,1.19080500,1.00643800,1.00504500,1.00414500,1.00254400,1.00076900
2.118000,1.19082300,1.00643900,1.00504600,1.00414500,1.00254400,1.00076900
2.120000,1.19084100,1.00643900,1.00504600,1.00414500,1.00254400,1.00076900
2.122000,1.19086000,1.00643900,1.00504600,1.00414600,1.00254400,1.00076900
2.124000,1.19087800,1.00643900,1.00504600,1.00414600,1.00254400,1.00076900
2.126000,1.19089600,1.00643900,1.00504600,1.00414600,1.00254400,1.00076900
2.128000,1.19091500,1.00644000,1.00504600,1.00414600,1.00254400,1.00076900
2.130000,1.19093300,1.00644000,1.00504600,1.00414600,1.00254400,1.00076900
2.132000,1.19095100,1.00644000,1.00504600,1.00414600,1.00254400,1.00076900
2.134000,1.19096900,1.00644000,1.00504700,1.00414600,1.00254400,1.00076900
2.136000,1.19098800,1.00644000,1.00504700,1.00414600,1.00254500,1.00076900
2.138000,1.19100600,1.00644100,1.00504700,1.00414600,1.00254500,1.00076900
2.140000,1.19102400,1.00644100,1.00504700,1.00414700,1.00254500,1.00076900
2.142000,1.19104300,1.00644100,1.00504700,1.00414700,1.00254500,1.00076900
2.144000,1.19106100,1.00644100,1.00504700,1.00414700,1.00254500,1.00076900
2.146000,1.19107900,1.00644100,1.00504700,1.00414700,1.00254500,1.00076900
2.148000,1.19109800,1.00644100,1.00504800,1.00414700,1.00254500,1.00076900
2.150000,1.19111600,1.00644200,1.00504800,1.00414700,1.00254500,1.00076900
2.152000,1.19113400,1.00644200,1.00504800,1.00414700,1.00254500,1.00076900
2.154000,1.19115300,1.00644200,1.00504800,1.00414700,1.00254500,1.00076900
2.156000,1.19117100,1.00644200,1.00504800,1.00414700,1.00254500,1.00076900
2.158000,1.19119000,1.00644200,1.00504800,1.00414800,1.00254500,1.00076900
2.160000,1.19120800,1.00644300,1.00504900,1.00414800,1.00254500,1.00076900
2.162000,1.19122600,1.00644300,1.00504900,1.00414800,1.00254500,1.00076900
2.164000,1.19124500,1.00644300,1.00504900,1.00414800,1.00254500,1.00076900
2.166000,1.19126300,1.00644300,1.00504900,1.00414800,1.00254500,1.00076900
2.168000,1.19128100,1.00644300,1.00504900,1.00414800,1.00254600,1.00076900
2.170000,1.19130000,1.00644400,1.00504900,1.00414800,1.00254600,1.00076900
2.172000,1.19131800,1.00644400,1.00504900,1.00414800,1.00254600,1.00076900
2.174000,1.19133600,1.00644400,1.00504900,1.00414800,1.00254600,1.00076900
2.176000,1.19135500,1.00644400,1.00505000,1.00414900,1.00254600,1.00076900
2.178000,1.19137300,1.00644400,1.00505000,1.00414900,1.00254600,1.00076900
2.180000,1.19139200,1.00644400,1.00505000,1.00414900,1.00254600,1.00076900
2.182000,1.19141000,1.00644500,1.00505000,1.00414900,1.00254600,1.00076900
2.184000,1.19142800,1.00644500,1.00505000,1.00414900,1.00254600,1.00076900
2.186000,1.19144700,1.00644500,1.00505000,1.00414900,1.00254600,1.00076900
2.188000,1.19146500,1.00644500,1.00505000,1.00414900,1.00254600,1.00076900
2.190000,1.19148400,1.00644500,1.00505100,1.00414900,1.00254600,1.00076900
2.192000,1.19150200,1.00644600,1.00505100,1.00414900,1.00254600,1.00076900
2.194000,1.19152000,1.00644600,1.00505100,1.00415000,1.00254600,1.00076900
2.196000,1.19153900,1.00644600,1.00505100,1.00415000,1.00254700,1.00076900
2.198000,1.19155700,1.00644600,1.00505100,1.00415000,1.00254700,1.00076900
2.200000,1.19157600,1.00644600,1.00505100,1.00415000,1.00254700,1.00076900
2.202000,1.19159400,1.00644600,1.00505100,1.00415000,1.00254700,1.00076900
2.204000,1.19161300,1.00644700,1.00505100,1.00415000,1.00254700,1.00076900
2.206000,1.19163100,1.00644700,1.00505200,1.00415000,1.00254700,1.00076900
2.208000,1.19165000,1.00644700,1.00505200,1.00415000,1.00254700,1.00076900
2.210000,1.19166800,1.00644700,1.00505200,1.00415100,1.00254700,1.00077000
2.212000,1.19168700,1.00644700,1.00505200,1.00415100,1.00254700,1.00077000
2.214000,1.19170500,1.00644800,1.00505200,1.00415100,1.00254700,1.00077000
2.216000,1.19172300,1.00644800,1.00505200,1.00415100,1.00254700,1.00077000
2.218000,1.19174200,1.00644800,1.00505200,1.00415100,1.00254700,1.00077000
2.220000,1.19176000,1.00644800,1.00505300,1.00415100,1.00254700,1.00077000
2.222000,1.19177900,1.00644800,1.00505300,1.00415100,1.00254700,1.00077000
2.224000,1.19179700,1.00644800,1.00505300,1.00415100,1.00254700,1.00077000
2.226000,1.19181600,1.00644900,1.00505300,1.00415100,1.00254800,1.00077000
2.228000,1.19183400,1.00644900,1.00505300,1.00415100,1.00254800,1.00077000
2.230000,1.19185300,1.00644900,1.00505300,1.00415200,1.00254800,1.00077000
2.232000,1.19187100,1.00644900,1.00505400,1.00415200,1.00254800,1.00077000
2.234000,1.19189000,1.00644900,1.00505400,1.00415200,1.00254800,1.00077000
2.236000,1.19190800,1.00645000,1.00505400,1.00415200,1.00254800,1.00077000
2.238000,1.19192700,1.00645000,1.00505400,1.00415200,1.00254800,1.00077000
2.240000,1.19194500,1.00645000,1.00505400,1.00415200,1.00254800,1.00077000
2.242000,1.19196400,1.00645000,1.00505400,1.00415200,1.00254800,1.00077000
2.244000,1.19198200,1.00645000,1.00505400,1.00415200,1.00254800,1.00077000
2.246000,1.19200100,1.00645000,1.00505400,1.00415200,1.00254800,1.00077000
2.248000,1.19201900,1.00645100,1.00505500,1.00415300,1.00254800,1.00077000
2.250000,1.19203800,1.00645100,1.00505500,1.00415300,1.00254800,1.00077000
2.252000,1.19205600,1.00645100,1.00505500,1.00415300,1.00254800,1.00077000
2.254000,1.19207500,1.00645100,1.00505500,1.00415300,1.00254800,1.00077000
2.256000,1.19209300,1.00645100,1.00505500,1.00415300,1.00254800,1.00077000
2.258000,1.19211200,1.00645200,1.00505500,1.00415300,1.00254900,1.00077000
2.260000,1.19213100,1.00645200,1.00505500,1.00415300,1.00254900,1.00077000
2.262000,1.19214900,1.00645200,1.00505600,1.00415300,1.00254900,1.00077000
2.264000,1.19216800,1.00645200,1.00505600,1.00415300,1.00254900,1.00077000
2.266000,1.19218600,1.00645200,1.00505600,1.00415400,1.00254900,1.00077000
2.268000,1.19220500,1.00645300,1.00505600,1.00415400,1.00254900,1.00077000
2.270000,1.19222300,1.00645300,1.00505600,1.00415400,1.00254900,1.00077000
2.272000,1.19224200,1.00645300,1.00505600,1.00415400,1.00254900,1.00077000
2.274000,1.19226100,1.00645300,1.00505600,1.00415400,1.00254900,1.00077000
2.276000,1.19227900,1.00645300,1.00505700,1.00415400,1.00254900,1.00077000
2.278000,1.19229800,1.00645300,1.00505700,1.00415400,1.00254900,1.00077000
2.280000,1.19231600,1.00645400,1.00505700,1.00415400,1.00254900,1.00077000
2.282000,1.19233500,1.00645400,1.00505700,1.00415400,1.00254900,1.00077000
2.284000,1.19235300,1.00645400,1.00505700,1.00415500,1.00254900,1.00077000
2.286000,1.19237200,1.00645400,1.00505700,1.00415500,1.00255000,1.00077000
2.288000,1.19239100,1.00645400,1.00505700,1.00415500,1.00255000,1.00077000
2.290000,1.19240900,1.00645500,1.00505700,1.00415500,1.00255000,1.00077000
2.292000,1.19242800,1.00645500,1.00505800,1.00415500,1.00255000,1.00077000
2.294000,1.19244600,1.00645500,1.00505800,1.00415500,1.00255000,1.00077000
2.296000,1.19246500,1.00645500,1.00505800,1.00415500,1.00255000,1.00077000
2.298000,1.19248400,1.00645500,1.00505800,1.00415500,1.00255000,1.00077000
2.300000,1.19250200,1.00645500,1.00505800,1.00415600,1.00255000,1.00077000
2.302000,1.19252100,1.00645600,1.00505800,1.00415600,1.00255000,1.00077000
2.304000,1.19253900,1.00645600,1.00505900,1.00415600,1.00255000,1.00077000
2.306000,1.19255800,1.00645600,1.00505900,1.00415600,1.00255000,1.00077000
2.308000,1.19257700,1.00645600,1.00505900,1.00415600,1.00255000,1.00077000
2.310000,1.19259500,1.00645600,1.00505900,1.00415600,1.00255000,1.00077100
2.312000,1.19261400,1.00645700,1.00505900,1.00415600,1.00255000,1.00077100
2.314000,1.19263300,1.00645700,1.00505900,1.00415600,1.00255000,1.00077100
2.316000,1.19265100,1.00645700,1.00505900,1.00415600,1.00255000,1.00077100
2.318000,1.19267000,1.00645700,1.00505900,1.00415600,1.00255100,1.00077100
2.320000,1.19268900,1.00645700,1.00506000,1.00415700,1.00255100,1.00077100
2.322000,1.19270700,1.00645800,1.00506000,1.00415700,1.00255100,1.00077100
2.324000,1.19272600,1.00645800,1.00506000,1.00415700,1.00255100,1.00077100
2.326000,1.19274500,1.00645800,1.00506000,1.00415700,1.00255100,1.00077100
2.328000,1.19276300,1.00645800,1.00506000,1.00415700,1.00255100,1.00077100
2.330000,1.19278200,1.00645800,1.00506000,1.00415700,1.00255100,1.00077100
2.332000,1.19280100,1.00645800,1.00506000,1.00415700,1.00255100,1.00077100
2.334000,1.19281900,1.00645900,1.00506100,1.00415700,1.00255100,1.00077100
2.336000,1.19283800,1.00645900,1.00506100,1.00415800,1.00255100,1.00077100
2.338000,1.19285700,1.00645900,1.00506100,1.00415800,1.00255100,1.00077100
2.340000,1.19287600,1.00645900,1.00506100,1.00415800,1.00255100,1.00077100
2.342000,1.19289400,1.00645900,1.00506100,1.00415800,1.00255100,1.00077100
2.344000,1.19291300,1.00646000,1.00506100,1.00415800,1.00255100,1.00077100
2.346000,1.19293200,1.00646000,1.00506100,1.00415800,1.00255100,1.00077100
2.348000,1.19295000,1.00646000,1.00506200,1.00415800,1.00255200,1.00077100
2.350000,1.19296900,1.00646000,1.00506200,1.00415800,1.00255200,1.00077100
2.352000,1.19298800,1.00646000,1.00506200,1.00415800,1.00255200,1.00077100
2.354000,1.19300700,1.00646000,1.00506200,1.00415800,1.00255200,1.00077100
2.356000,1.19302500,1.00646100,1.00506200,1.00415900,1.00255200,1.00077100
2.358000,1.19304400,1.00646100,1.00506200,1.00415900,1.00255200,1.00077100
2.360000,1.19306300,1.00646100,1.00506200,1.00415900,1.00255200,1.00077100
2.362000,1.19308100,1.00646100,1.00506300,1.00415900,1.00255200,1.00077100
2.364000,1.19310000,1.00646100,1.00506300,1.00415900,1.00255200,1.00077100
2.366000,1.19311900,1.00646200,1.00506300,1.00415900,1.00255200,1.00077100
2.368000,1.19313800,1.00646200,1.00506300,1.00415900,1.00255200,1.00077100
2.370000,1.19315600,1.00646200,1.00506300,1.00415900,1.00255200,1.00077100
2.372000,1.19317500,1.00646200,1.00506300,1.00416000,1.00255200,1.00077100
2.374000,1.19319400,1.00646200,1.00506300,1.00416000,1.00255200,1.00077100
2.376000,1.19321300,1.00646300,1.00506400,1.00416000,1.00255300,1.00077100
2.378000,1.19323100,1.00646300,1.00506400,1.00416000,1.00255300,1.00077100
2.380000,1.19325000,1.00646300,1.00506400,1.00416000,1.00255300,1.00077100
2.382000,1.19326900,1.00646300,1.00506400,1.00416000,1.00255300,1.00077100
2.384000,1.19328800,1.00646300,1.00506400,1.00416000,1.00255300,1.00077100
2.386000,1.19330700,1.00646300,1.00506400,1.00416000,1.00255300,1.00077100
2.388000,1.19332500,1.00646400,1.00506400,1.00416000,1.00255300,1.00077100
2.390000,1.19334400,1.00646400,1.00506400,1.00416100,1.00255300,1.00077100
2.392000,1.19336300,1.00646400,1.00506500,1.00416100,1.00255300,1.00077100
2.394000,1.19338200,1.00646400,1.00506500,1.00416100,1.00255300,1.00077100
2.396000,1.19340100,1.00646400,1.00506500,1.00416100,1.00255300,1.00077100
2.398000,1.19341900,1.00646500,1.00506500,1.00416100,1.00255300,1.00077100
2.400000,1.19343800,1.00646500,1.00506500,1.00416100,1.00255300,1.00077100
2.402000,1.19345700,1.00646500,1.00506500,1.00416100,1.00255300,1.00077100
2.404000,1.19347600,1.00646500,1.00506500,1.00416100,1.00255300,1.00077100
2.406000,1.19349500,1.00646500,1.00506600,1.00416100,1.00255300,1.00077100
2.408000,1.19351400,1.00646500,1.00506600,1.00416200,1.00255400,1.00077100
2.410000,1.19353200,1.00646600,1.00506600,1.00416200,1.00255400,1.00077100
2.412000,1.19355100,1.00646600,1.00506600,1.00416200,1.00255400,1.00077200
2.414000,1.19357000,1.00646600,1.00506600,1.00416200,1.00255400,1.00077200
2.416000,1.19358900,1.00646600,1.00506600,1.00416200,1.00255400,1.00077200
2.418000,1.19360800,1.00646600,1.00506600,1.00416200,1.00255400,1.00077200
2.420000,1.19362700,1.00646700,1.00506700,1.00416200,1.00255400,1.00077200
2.422000,1.19364500,1.00646700,1.00506700,1.00416200,1.00255400,1.00077200
2.424000,1.19366400,1.00646700,1.00506700,1.00416200,1.00255400,1.00077200
2.426000,1.19368300,1.00646700,1.00506700,1.00416300,1.00255400,1.00077200
2.428000,1.19370200,1.00646700,1.00506700,1.00416300,1.00255400,1.00077200
2.430000,1.19372100,1.00646800,1.00506700,1.00416300,1.00255400,1.00077200
2.432000,1.19374000,1.00646800,1.00506700,1.00416300,1.00255400,1.00077200
2.434000,1.19375900,1.00646800,1.00506800,1.00416300,1.00255400,1.00077200
2.436000,1.19377800,1.00646800,1.00506800,1.00416300,1.00255500,1.00077200
2.438000,1.19379600,1.00646800,1.00506800,1.00416300,1.00255500,1.00077200
2.440000,1.19381500,1.00646800,1.00506800,1.00416300,1.00255500,1.00077200
2.442000,1.19383400,1.00646900,1.00506800,1.00416400,1.00255500,1.00077200
2.444000,1.19385300,1.00646900,1.00506800,1.00416400,1.00255500,1.00077200
2.446000,1.19387200,1.00646900,1.00506800,1.00416400,1.00255500,1.00077200
2.448000,1.19389100,1.00646900,1.00506900,1.00416400,1.00255500,1.00077200
2.450000,1.19391000,1.00646900,1.00506900,1.00416400,1.00255500,1.00077200
2.452000,1.19392900,1.00647000,1.00506900,1.00416400,1.00255500,1.00077200
2.454000,1.19394800,1.00647000,1.00506900,1.00416400,1.00255500,1.00077200
2.456000,1.19396700,1.00647000,1.00506900,1.00416400,1.00255500,1.00077200
2.458000,1.19398500,1.00647000,1.00506900,1.00416400,1.00255500,1.00077200
2.460000,1.19400400,1.00647000,1.00506900,1.00416400,1.00255500,1.00077200
2.462000,1.19402300,1.00647100,1.00506900,1.00416500,1.00255500,1.00077200
2.464000,1.19404200,1.00647100,1.00507000,1.00416500,1.00255500,1.00077200
2.466000,1.19406100,1.00647100,1.00507000,1.00416500,1.00255500,1.00077200
2.468000,1.19408000,1.00647100,1.00507000,1.00416500,1.00255600,1.00077200
2.470000,1.19409900,1.00647100,1.00507000,1.00416500,1.00255600,1.00077200
2.472000,1.19411800,1.00647100,1.00507000,1.00416500,1.00255600,1.00077200
2.474000,1.19413700,1.00647200,1.00507000,1.00416500,1.00255600,1.00077200
2.476000,1.19415600,1.00647200,1.00507100,1.00416500,1.00255600,1.00077200
2.478000,1.19417500,1.00647200,1.00507100,1.00416600,1.00255600,1.00077200
2.480000,1.19419400,1.00647200,1.00507100,1.00416600,1.00255600,1.00077200
2.482000,1.19421300,1.00647200,1.00507100,1.00416600,1.00255600,1.00077200
2.484000,1.19423200,1.00647300,1.00507100,1.00416600,1.00255600,1.00077200
2.486000,1.19425100,1.00647300,1.00507100,1.00416600,1.00255600,1.00077200
2.488000,1.19427000,1.00647300,1.00507100,1.00416600,1.00255600,1.00077200
2.490000,1.19428900,1.00647300,1.00507200,1.00416600,1.00255600,1.00077200
2.492000,1.19430800,1.00647300,1.00507200,1.00416600,1.00255600,1.00077200
2.494000,1.19432700,1.00647400,1.00507200,1.00416600,1.00255600,1.00077200
2.496000,1.19434600,1.00647400,1.00507200,1.00416600,1.00255600,1.00077200
2.498000,1.19436500,1.00647400,1.00507200,1.00416700,1.00255700,1.00077200
2.500000,1.19438400,1.00647400,1.00507200,1.00416700,1.00255700,1.00077200
2.502000,1.19440300,1.00647400,1.00507200,1.00416700,1.00255700,1.00077200
2.504000,1.19442200,1.00647400,1.00507200,1.00416700,1.00255700,1.00077200
2.506000,1.19444100,1.00647500,1.00507300,1.00416700,1.00255700,1.00077200
2.508000,1.19446000,1.00647500,1.00507300,1.00416700,1.00255700,1.00077200
2.510000,1.19447900,1.00647500,1.00507300,1.00416700,1.00255700,1.00077200
2.512000,1.19449800,1.00647500,1.00507300,1.00416700,1.00255700,1.00077200
2.514000,1.19451700,1.00647500,1.00507300,1.00416800,1.00255700,1.00077200
2.516000,1.19453600,1.00647600,1.00507300,1.00416800,1.00255700,1.00077200
2.518000,1.19455500,1.00647600,1.00507300,1.00416800,1.00255700,1.00077200
2.520000,1.19457400,1.00647600,1.00507400,1.00416800,1.00255700,1.00077200
2.522000,1.19459300,1.00647600,1.00507400,1.00416800,1.00255700,1.00077200
2.524000,1.19461200,1.00647600,1.00507400,1.00416800,1.00255700,1.00077300
2.526000,1.19463100,1.00647700,1.00507400,1.00416800,1.00255800,1.00077300
2.528000,1.19465000,1.00647700,1.00507400,1.00416800,1.00255800,1.00077300
2.530000,1.19466900,1.00647700,1.00507400,1.00416800,1.00255800,1.00077300
2.532000,1.19468900,1.00647700,1.00507400,1.00416900,1.00255800,1.00077300
2.534000,1.19470800,1.00647700,1.00507500,1.00416900,1.00255800,1.00077300
2.536000,1.19472700,1.00647700,1.00507500,1.00416900,1.00255800,1.00077300
2.538000,1.19474600,1.00647800,1.00507500,1.00416900,1.00255800,1.00077300
2.540000,1.19476500,1.00647800,1.00507500,1.00416900,1.00255800,1.00077300
2.542000,1.19478400,1.00647800,1.00507500,1.00416900,1.00255800,1.00077300
2.544000,1.19480300,1.00647800,1.00507500,1.00416900,1.00255800,1.00077300
2.546000,1.19482200,1.00647800,1.00507500,1.00416900,1.00255800,1.00077300
2.548000,1.19484100,1.00647900,1.00507600,1.00416900,1.00255800,1.00077300
2.550000,1.19486000,1.00647900,1.00507600,1.00417000,1.00255800,1.00077300
2.552000,1.19487900,1.00647900,1.00507600,1.00417000,1.00255800,1.00077300
2.554000,1.19489900,1.00647900,1.00507600,1.00417000,1.00255800,1.00077300
2.556000,1.19491800,1.00647900,1.00507600,1.00417000,1.00255800,1.00077300
2.558000,1.19493700,1.00648000,1.00507600,1.00417000,1.00255900,1.00077300
2.560000,1.19495600,1.00648000,1.00507600,1.00417000,1.00255900,1.00077300
2.562000,1.19497500,1.00648000,1.00507700,1.00417000,1.00255900,1.00077300
2.564000,1.19499400,1.00648000,1.00507700,1.00417000,1.00255900,1.00077300
2.566000,1.19501300,1.00648000,1.00507700,1.00417000,1.00255900,1.00077300
2.568000,1.19503200,1.00648000,1.00507700,1.00417100,1.00255900,1.00077300
2.570000,1.19505200,1.00648100,1.00507700,1.00417100,1.00255900,1.00077300
2.572000,1.19507100,1.00648100,1.00507700,1.00417100,1.00255900,1.00077300
2.574000,1.19509000,1.00648100,1.00507700,1.00417100,1.00255900,1.00077300
2.576000,1.19510900,1.00648100,1.00507700,1.00417100,1.00255900,1.00077300
2.578000,1.19512800,1.00648100,1.00507800,1.00417100,1.00255900,1.00077300
2.580000,1.19514700,1.00648200,1.00507800,1.00417100,1.00255900,1.00077300
2.582000,1.19516700,1.00648200,1.00507800,1.00417100,1.00255900,1.00077300
2.584000,1.19518600,1.00648200,1.00507800,1.00417100,1.00255900,1.00077300
2.586000,1.19520500,1.00648200,1.00507800,1.00417200,1.00256000,1.00077300
2.588000,1.19522400,1.00648200,1.00507800,1.00417200,1.00256000,1.00077300
2.590000,1.19524300,1.00648200,1.00507900,1.00417200,1.00256000,1.00077300
2.592000,1.19526200,1.00648300,1.00507900,1.00417200,1.00256000,1.00077300
2.594000,1.19528200,1.00648300,1.00507900,1.00417200,1.00256000,1.00077300
2.596000,1.19530100,1.00648300,1.00507900,1.00417200,1.00256000,1.00077300
2.598000,1.19532000,1.00648300,1.00507900,1.00417200,1.00256000,1.00077300
2.600000,1.19533900,1.00648300,1.00507900,1.00417200,1.00256000,1.00077300
2.602000,1.19535900,1.00648400,1.00507900,1.00417300,1.00256000,1.00077300
2.604000,1.19537800,1.00648400,1.00508000,1.00417300,1.00256000,1.00077300
2.606000,1.19539700,1.00648400,1.00508000,1.00417300,1.00256000,1.00077300
2.608000,1.19541600,1.00648400,1.00508000,1.00417300,1.00256000,1.00077300
2.610000,1.19543500,1.00648400,1.00508000,1.00417300,1.00256000,1.00077300
2.612000,1.19545500,1.00648500,1.00508000,1.00417300,1.00256000,1.00077300
2.614000,1.19547400,1.00648500,1.00508000,1.00417300,1.00256000,1.00077300
2.616000,1.19549300,1.00648500,1.00508000,1.00417300,1.00256000,1.00077300
2.618000,1.19551200,1.00648500,1.00508000,1.00417300,1.00256100,1.00077300
2.620000,1.19553200,1.00648500,1.00508100,1.00417400,1.00256100,1.00077300
2.622000,1.19555100,1.00648500,1.00508100,1.00417400,1.00256100,1.00077300
2.624000,1.19557000,1.00648600,1.00508100,1.00417400,1.00256100,1.00077400
2.626000,1.19558900,1.00648600,1.00508100,1.00417400,1.00256100,1.00077400
2.628000,1.19560900,1.00648600,1.00508100,1.00417400,1.00256100,1.00077400
2.630000,1.19562800,1.00648600,1.00508100,1.00417400,1.00256100,1.00077400
2.632000,1.19564700,1.00648600,1.00508100,1.00417400,1.00256100,1.00077400
2.634000,1.19566600,1.00648700,1.00508200,1.00417400,1.00256100,1.00077400
2.636000,1.19568600,1.00648700,1.00508200,1.00417400,1.00256100,1.00077400
2.638000,1.19570500,1.00648700,1.00508200,1.00417500,1.00256100,1.00077400
2.640000,1.19572400,1.00648700,1.00508200,1.00417500,1.00256100,1.00077400
2.642000,1.19574400,1.00648700,1.00508200,1.00417500,1.00256100,1.00077400
2.644000,1.19576300,1.00648700,1.00508200,1.00417500,1.00256100,1.00077400
2.646000,1.19578200,1.00648800,1.00508200,1.00417500,1.00256200,1.00077400
2.648000,1.19580100,1.00648800,1.00508300,1.00417500,1.00256200,1.00077400
2.650000,1.19582100,1.00648800,1.00508300,1.00417500,1.00256200,1.00077400
2.652000,1.19584000,1.00648800,1.00508300,1.00417500,1.00256200,1.00077400
2.654000,1.19585900,1.00648800,1.00508300,1.00417500,1.00256200,1.00077400
2.656000,1.19587900,1.00648900,1.00508300,1.00417600,1.00256200,1.00077400
2.658000,1.19589800,1.00648900,1.00508300,1.00417600,1.00256200,1.00077400
2.660000,1.19591700,1.00648900,1.00508300,1.00417600,1.00256200,1.00077400
2.662000,1.19593700,1.00648900,1.00508400,1.00417600,1.00256200,1.00077400
2.664000,1.19595600,1.00648900,1.00508400,1.00417600,1.00256200,1.00077400
2.666000,1.19597500,1.00649000,1.00508400,1.00417600,1.00256200,1.00077400
2.668000,1.19599500,1.00649000,1.00508400,1.00417600,1.00256200,1.00077400
2.670000,1.19601400,1.00649000,1.00508400,1.00417600,1.00256200,1.00077400
2.672000,1.19603300,1.00649000,1.00508400,1.00417600,1.00256200,1.00077400
2.674000,1.19605300,1.00649000,1.00508400,1.00417700,1.00256200,1.00077400
2.676000,1.19607200,1.00649000,1.00508500,1.00417700,1.00256300,1.00077400
2.678000,1.19609100,1.00649100,1.00508500,1.00417700,1.00256300,1.00077400
2.680000,1.19611100,1.00649100,1.00508500,1.00417700,1.00256300,1.00077400
2.682000,1.19613000,1.00649100,1.00508500,1.00417700,1.00256300,1.00077400
2.684000,1.19615000,1.00649100,1.00508500,1.00417700,1.00256300,1.00077400
2.686000,1.19616900,1.00649100,1.00508500,1.00417700,1.00256300,1.00077400
2.688000,1.19618800,1.00649200,1.00508500,1.00417700,1.00256300,1.00077400
2.690000,1.19620800,1.00649200,1.00508600,1.00417700,1.00256300,1.00077400
2.692000,1.19622700,1.00649200,1.00508600,1.00417800,1.00256300,1.00077400
2.694000,1.19624700,1.00649200,1.00508600,1.00417800,1.00256300,1.00077400
2.696000,1.19626600,1.00649200,1.00508600,1.00417800,1.00256300,1.00077400
2.698000,1.19628500,1.00649300,1.00508600,1.00417800,1.00256300,1.00077400
2.700000,1.19630500,1.00649300,1.00508600,1.00417800,1.00256300,1.00077400
2.702000,1.19632400,1.00649300,1.00508600,1.00417800,1.00256300,1.00077400
2.704000,1.19634400,1.00649300,1.00508700,1.00417800,1.00256300,1.00077400
2.706000,1.19636300,1.00649300,1.00508700,1.00417800,1.00256400,1.00077400
2.708000,1.19638200,1.00649300,1.00508700,1.00417900,1.00256400,1.00077400
2.710000,1.19640200,1.00649400,1.00508700,1.00417900,1.00256400,1.00077400
2.712000,1.19642100,1.00649400,1.00508700,1.00417900,1.00256400,1.00077400
2.714000,1.19644100,1.00649400,1.00508700,1.00417900,1.00256400,1.00077400
2.716000,1.19646000,1.00649400,1.00508700,1.00417900,1.00256400,1.00077400
2.718000,1.19648000,1.00649400,1.00508700,1.00417900,1.00256400,1.00077400
2.720000,1.19649900,1.00649500,1.00508800,1.00417900,1.00256400,1.00077400
2.722000,1.19651800,1.00649500,1.00508800,1.00417900,1.00256400,1.00077400
2.724000,1.19653800,1.00649500,1.00508800,1.00417900,1.00256400,1.00077500
2.726000,1.19655700,1.00649500,1.00508800,1.00417900,1.00256400,1.00077500
2.728000,1.19657700,1.00649500,1.00508800,1.00418000,1.00256400,1.00077500
2.730000,1.19659600,1.00649600,1.00508800,1.00418000,1.00256400,1.00077500
2.732000,1.19661600,1.00649600,1.00508900,1.00418000,1.00256400,1.00077500
2.734000,1.19663500,1.00649600,1.00508900,1.00418000,1.00256400,1.00077500
2.736000,1.19665500,1.00649600,1.00508900,1.00418000,1.00256500,1.00077500
2.738000,1.19667400,1.00649600,1.00508900,1.00418000,1.00256500,1.00077500
2.740000,1.19669400,1.00649700,1.00508900,1.00418000,1.00256500,1.00077500
2.742000,1.19671300,1.00649700,1.00508900,1.00418000,1.00256500,1.00077500
2.744000,1.19673300,1.00649700,1.00508900,1.00418100,1.00256500,1.00077500
2.746000,1.19675200,1.00649700,1.00509000,1.00418100,1.00256500,1.00077500
2.748000,1.19677200,1.00649700,1.00509000,1.00418100,1.00256500,1.00077500
2.750000,1.19679100,1.00649700,1.00509000,1.00418100,1.00256500,1.00077500
2.752000,1.19681100,1.00649800,1.00509000,1.00418100,1.00256500,1.00077500
2.754000,1.19683000,1.00649800,1.00509000,1.00418100,1.00256500,1.00077500
2.756000,1.19685000,1.00649800,1.00509000,1.00418100,1.00256500,1.00077500
2.758000,1.19686900,1.00649800,1.00509000,1.00418100,1.00256500,1.00077500
2.760000,1.19688900,1.00649800,1.00509000,1.00418200,1.00256500,1.00077500
2.762000,1.19690800,1.00649900,1.00509100,1.00418200,1.00256500,1.00077500
2.764000,1.19692800,1.00649900,1.00509100,1.00418200,1.00256600,1.00077500
2.766000,1.19694700,1.00649900,1.00509100,1.00418200,1.00256600,1.00077500
2.768000,1.19696700,1.00649900,1.00509100,1.00418200,1.00256600,1.00077500
2.770000,1.19698700,1.00649900,1.00509100,1.00418200,1.00256600,1.00077500
2.772000,1.19700600,1.00650000,1.00509100,1.00418200,1.00256600,1.00077500
2.774000,1.19702600,1.00650000,1.00509100,1.00418200,1.00256600,1.00077500
2.776000,1.19704500,1.00650000,1.00509200,1.00418200,1.00256600,1.00077500
2.778000,1.19706500,1.00650000,1.00509200,1.00418200,1.00256600,1.00077500
2.780000,1.19708400,1.00650000,1.00509200,1.00418300,1.00256600,1.00077500
2.782000,1.19710400,1.00650000,1.00509200,1.00418300,1.00256600,1.00077500
2.784000,1.19712400,1.00650100,1.00509200,1.00418300,1.00256600,1.00077500
2.786000,1.19714300,1.00650100,1.00509200,1.00418300,1.00256600,1.00077500
2.788000,1.19716300,1.00650100,1.00509300,1.00418300,1.00256600,1.00077500
2.790000,1.19718200,1.00650100,1.00509300,1.00418300,1.00256600,1.00077500
2.792000,1.19720200,1.00650100,1.00509300,1.00418300,1.00256600,1.00077500
2.794000,1.19722200,1.00650200,1.00509300,1.00418300,1.00256600,1.00077500
2.796000,1.19724100,1.00650200,1.00509300,1.00418400,1.00256700,1.00077500
2.798000,1.19726100,1.00650200,1.00509300,1.00418400,1.00256700,1.00077500
2.800000,1.19728000,1.00650200,1.00509300,1.00418400,1.00256700,1.00077500
2.802000,1.19730000,1.00650200,1.00509300,1.00418400,1.00256700,1.00077500
2.804000,1.19732000,1.00650300,1.00509400,1.00418400,1.00256700,1.00077500
2.806000,1.19733900,1.00650300,1.00509400,1.00418400,1.00256700,1.00077500
2.808000,1.19735900,1.00650300,1.00509400,1.00418400,1.00256700,1.00077500
2.810000,1.19737800,1.00650300,1.00509400,1.00418400,1.00256700,1.00077500
2.812000,1.19739800,1.00650300,1.00509400,1.00418400,1.00256700,1.00077500
2.814000,1.19741800,1.00650300,1.00509400,1.00418400,1.00256700,1.00077500
2.816000,1.19743700,1.00650400,1.00509400,1.00418500,1.00256700,1.00077500
2.818000,1.19745700,1.00650400,1.00509500,1.00418500,1.00256700,1.00077500
2.820000,1.19747700,1.00650400,1.00509500,1.00418500,1.00256700,1.00077500
2.822000,1.19749600,1.00650400,1.00509500,1.00418500,1.00256700,1.00077500
2.824000,1.19751600,1.00650400,1.00509500,1.00418500,1.00256800,1.00077500
2.826000,1.19753600,1.00650500,1.00509500,1.00418500,1.00256800,1.00077500
2.828000,1.19755500,1.00650500,1.00509500,1.00418500,1.00256800,1.00077500
2.830000,1.19757500,1.00650500,1.00509500,1.00418500,1.00256800,1.00077500
2.832000,1.19759500,1.00650500,1.00509600,1.00418600,1.00256800,1.00077500
2.834000,1.19761400,1.00650500,1.00509600,1.00418600,1.00256800,1.00077500
2.836000,1.19763400,1.00650500,1.00509600,1.00418600,1.00256800,1.00077600
2.838000,1.19765400,1.00650600,1.00509600,1.00418600,1.00256800,1.00077600
2.840000,1.19767300,1.00650600,1.00509600,1.00418600,1.00256800,1.00077600
2.842000,1.19769300,1.00650600,1.00509600,1.00418600,1.00256800,1.00077600
2.844000,1.19771300,1.00650600,1.00509600,1.00418600,1.00256800,1.00077600
2.846000,1.19773300,1.00650600,1.00509700,1.00418600,1.00256800,1.00077600
2.848000,1.19775200,1.00650700,1.00509700,1.00418700,1.00256800,1.00077600
2.850000,1.19777200,1.00650700,1.00509700,1.00418700,1.00256800,1.00077600
2.852000,1.19779200,1.00650700,1.00509700,1.00418700,1.00256800,1.00077600
2.854000,1.19781100,1.00650700,1.00509700,1.00418700,1.00256800,1.00077600
2.856000,1.19783100,1.00650700,1.00509700,1.00418700,1.00256900,1.00077600
2.858000,1.19785100,1.00650800,1.00509700,1.00418700,1.00256900,1.00077600
2.860000,1.19787100,1.00650800,1.00509800,1.00418700,1.00256900,1.00077600
2.862000,1.19789000,1.00650800,1.00509800,1.00418700,1.00256900,1.00077600
2.864000,1.19791000,1.00650800,1.00509800,1.00418700,1.00256900,1.00077600
2.866000,1.19793000,1.00650800,1.00509800,1.00418700,1.00256900,1.00077600
2.868000,1.19795000,1.00650900,1.00509800,1.00418800,1.00256900,1.00077600
2.870000,1.19796900,1.00650900,1.00509800,1.00418800,1.00256900,1.00077600
2.872000,1.19798900,1.00650900,1.00509800,1.00418800,1.00256900,1.00077600
2.874000,1.19800900,1.00650900,1.00509900,1.00418800,1.00256900,1.00077600
2.876000,1.19802900,1.00650900,1.00509900,1.00418800,1.00256900,1.00077600
2.878000,1.19804800,1.00650900,1.00509900,1.00418800,1.00256900,1.00077600
2.880000,1.19806800,1.00651000,1.00509900,1.00418800,1.00256900,1.00077600
2.882000,1.19808800,1.00651000,1.00509900,1.00418800,1.00256900,1.00077600
2.884000,1.19810800,1.00651000,1.00509900,1.00418900,1.00257000,1.00077600
2.886000,1.19812800,1.00651000,1.00509900,1.00418900,1.00257000,1.00077600
2.888000,1.19814700,1.00651000,1.00510000,1.00418900,1.00257000,1.00077600
2.890000,1.19816700,1.00651100,1.00510000,1.00418900,1.00257000,1.00077600
2.892000,1.19818700,1.00651100,1.00510000,1.00418900,1.00257000,1.00077600
2.894000,1.19820700,1.00651100,1.00510000,1.00418900,1.00257000,1.00077600
2.896000,1.19822700,1.00651100,1.00510000,1.00418900,1.00257000,1.00077600
2.898000,1.19824600,1.00651100,1.00510000,1.00418900,1.00257000,1.00077600
2.900000,1.19826600,1.00651200,1.00510000,1.00418900,1.00257000,1.00077600
2.902000,1.19828600,1.00651200,1.00510000,1.00418900,1.00257000,1.00077600
2.904000,1.19830600,1.00651200,1.00510100,1.00419000,1.00257000,1.00077600
2.906000,1.19832600,1.00651200,1.00510100,1.00419000,1.00257000,1.00077600
2.908000,1.19834600,1.00651200,1.00510100,1.00419000,1.00257000,1.00077600
2.910000,1.19836500,1.00651300,1.00510100,1.00419000,1.00257000,1.00077600
2.912000,1.19838500,1.00651300,1.00510100,1.00419000,1.00257100,1.00077600
2.914000,1.19840500,1.00651300,1.00510100,1.00419000,1.00257100,1.00077600
2.916000,1.19842500,1.00651300,1.00510200,1.00419000,1.00257100,1.00077600
2.918000,1.19844500,1.00651300,1.00510200,1.00419000,1.00257100,1.00077600
2.920000,1.19846500,1.00651300,1.00510200,1.00419100,1.00257100,1.00077600
2.922000,1.19848500,1.00651400,1.00510200,1.00419100,1.00257100,1.00077600
2.924000,1.19850400,1.00651400,1.00510200,1.00419100,1.00257100,1.00077600
2.926000,1.19852400,1.00651400,1.00510200,1.00419100,1.00257100,1.00077600
2.928000,1.19854400,1.00651400,1.00510200,1.00419100,1.00257100,1.00077600
2.930000,1.19856400,1.00651400,1.00510300,1.00419100,1.00257100,1.00077600
2.932000,1.19858400,1.00651500,1.00510300,1.00419100,1.00257100,1.00077600
2.934000,1.19860400,1.00651500,1.00510300,1.00419100,1.00257100,1.00077700
2.936000,1.19862400,1.00651500,1.00510300,1.00419200,1.00257100,1.00077700
2.938000,1.19864400,1.00651500,1.00510300,1.00419200,1.00257100,1.00077700
2.940000,1.19866300,1.00651500,1.00510300,1.00419200,1.00257100,1.00077700
2.942000,1.19868300,1.00651600,1.00510300,1.00419200,1.00257100,1.00077700
2.944000,1.19870300,1.00651600,1.00510300,1.00419200,1.00257200,1.00077700
2.946000,1.19872300,1.00651600,1.00510400,1.00419200,1.00257200,1.00077700
2.948000,1.19874300,1.00651600,1.00510400,1.00419200,1.00257200,1.00077700
2.950000,1.19876300,1.00651600,1.00510400,1.00419200,1.00257200,1.00077700
2.952000,1.19878300,1.00651600,1.00510400,1.00419200,1.00257200,1.00077700
2.954000,1.19880300,1.00651700,1.00510400,1.00419200,1.00257200,1.00077700
2.956000,1.19882300,1.00651700,1.00510400,1.00419300,1.00257200,1.00077700
2.958000,1.19884300,1.00651700,1.00510500,1.00419300,1.00257200,1.00077700
2.960000,1.19886300,1.00651700,1.00510500,1.00419300,1.00257200,1.00077700
2.962000,1.19888300,1.00651700,1.00510500,1.00419300,1.00257200,1.00077700
2.964000,1.19890300,1.00651800,1.00510500,1.00419300,1.00257200,1.00077700
2.966000,1.19892300,1.00651800,1.00510500,1.00419300,1.00257200,1.00077700
2.968000,1.19894300,1.00651800,1.00510500,1.00419300,1.00257200,1.00077700
2.970000,1.19896300,1.00651800,1.00510500,1.00419300,1.00257200,1.00077700
2.972000,1.19898200,1.00651800,1.00510500,1.00419400,1.00257300,1.00077700
2.974000,1.19900300,1.00651800,1.00510600,1.00419400,1.00257300,1.00077700
2.976000,1.19902300,1.00651900,1.00510600,1.00419400,1.00257300,1.00077700
2.978000,1.19904300,1.00651900,1.00510600,1.00419400,1.00257300,1.00077700
2.980000,1.19906200,1.00651900,1.00510600,1.00419400,1.00257300,1.00077700
2.982000,1.19908200,1.00651900,1.00510600,1.00419400,1.00257300,1.00077700
2.984000,1.19910200,1.00651900,1.00510600,1.00419400,1.00257300,1.00077700
2.986000,1.19912200,1.00652000,1.00510600,1.00419400,1.00257300,1.00077700
2.988000,1.19914200,1.00652000,1.00510700,1.00419400,1.00257300,1.00077700
2.990000,1.19916200,1.00652000,1.00510700,1.00419500,1.00257300,1.00077700
2.992000,1.19918300,1.00652000,1.00510700,1.00419500,1.00257300,1.00077700
2.994000,1.19920300,1.00652000,1.00510700,1.00419500,1.00257300,1.00077700
2.996000,1.19922300,1.00652100,1.00510700,1.00419500,1.00257300,1.00077700
2.998000,1.19924300,1.00652100,1.00510700,1.00419500,1.00257300,1.00077700
3.000000,1.19926300,1.00652100,1.00510800,1.00419500,1.00257300,1.00077700
3.002000,1.19928300,1.00652100,1.00510800,1.00419500,1.00257300,1.00077700
3.004000,1.19930300,1.00652100,1.00510800,1.00419500,1.00257400,1.00077700
3.006000,1.19932300,1.00652200,1.00510800,1.00419500,1.00257400,1.00077700
3.008000,1.19934300,1.00652200,1.00510800,1.00419600,1.00257400,1.00077700
3.010000,1.19936300,1.00652200,1.00510800,1.00419600,1.00257400,1.00077700
3.012000,1.19938300,1.00652200,1.00510800,1.00419600,1.00257400,1.00077700
3.014000,1.19940300,1.00652200,1.00510800,1.00419600,1.00257400,1.00077700
3.016000,1.19942300,1.00652300,1.00510900,1.00419600,1.00257400,1.00077700
3.018000,1.19944300,1.00652300,1.00510900,1.00419600,1.00257400,1.00077700
3.020000,1.19946300,1.00652300,1.00510900,1.00419600,1.00257400,1.00077700
3.022000,1.19948300,1.00652300,1.00510900,1.00419600,1.00257400,1.00077700
3.024000,1.19950300,1.00652300,1.00510900,1.00419700,1.00257400,1.00077700
3.026000,1.19952300,1.00652300,1.00510900,1.00419700,1.00257400,1.00077700
3.028000,1.19954300,1.00652400,1.00510900,1.00419700,1.00257400,1.00077700
3.030000,1.19956400,1.00652400,1.00511000,1.00419700,1.00257400,1.00077700
3.032000,1.19958400,1.00652400,1.00511000,1.00419700,1.00257500,1.00077700
3.034000,1.19960400,1.00652400,1.00511000,1.00419700,1.00257500,1.00077700
3.036000,1.19962400,1.00652400,1.00511000,1.00419700,1.00257500,1.00077700
3.038000,1.19964400,1.00652500,1.00511000,1.00419700,1.00257500,1.00077700
3.040000,1.19966400,1.00652500,1.00511000,1.00419700,1.00257500,1.00077700
3.042000,1.19968400,1.00652500,1.00511100,1.00419700,1.00257500,1.00077700
3.044000,1.19970400,1.00652500,1.00511100,1.00419800,1.00257500,1.00077700
3.046000,1.19972500,1.00652500,1.00511100,1.00419800,1.00257500,1.00077800
3.048000,1.19974500,1.00652600,1.00511100,1.00419800,1.00257500,1.00077800
3.050000,1.19976500,1.00652600,1.00511100,1.00419800,1.00257500,1.00077800
3.052000,1.19978500,1.00652600,1.00511100,1.00419800,1.00257500,1.00077800
3.054000,1.19980500,1.00652600,1.00511100,1.00419800,1.00257500,1.00077800
3.056000,1.19982500,1.00652600,1.00511100,1.00419800,1.00257500,1.00077800
3.058000,1.19984500,1.00652600,1.00511200,1.00419800,1.00257500,1.00077800
3.060000,1.19986600,1.00652700,1.00511200,1.00419900,1.00257600,1.00077800
3.062000,1.19988600,1.00652700,1.00511200,1.00419900,1.00257600,1.00077800
3.064000,1.19990600,1.00652700,1.00511200,1.00419900,1.00257600,1.00077800
3.066000,1.19992600,1.00652700,1.00511200,1.00419900,1.00257600,1.00077800
3.068000,1.19994600,1.00652700,1.00511200,1.00419900,1.00257600,1.00077800
3.070000,1.19996600,1.00652800,1.00511300,1.00419900,1.00257600,1.00077800
3.072000,1.19998700,1.00652800,1.00511300,1.00419900,1.00257600,1.00077800
3.074000,1.20000700,1.00652800,1.00511300,1.00419900,1.00257600,1.00077800
3.076000,1.20002700,1.00652800,1.00511300,1.00420000,1.00257600,1.00077800
3.078000,1.20004700,1.00652800,1.00511300,1.00420000,1.00257600,1.00077800
3.080000,1.20006700,1.00652900,1.00511300,1.00420000,1.00257600,1.00077800
3.082000,1.20008800,1.00652900,1.00511300,1.00420000,1.00257600,1.00077800
3.084000,1.20010800,1.00652900,1.00511300,1.00420000,1.00257600,1.00077800
3.086000,1.20012800,1.00652900,1.00511400,1.00420000,1.00257600,1.00077800
3.088000,1.20014800,1.00652900,1.00511400,1.00420000,1.00257600,1.00077800
3.090000,1.20016800,1.00653000,1.00511400,1.00420000,1.00257600,1.00077800
3.092000,1.20018900,1.00653000,1.00511400,1.00420000,1.00257700,1.00077800
3.094000,1.20020900,1.00653000,1.00511400,1.00420000,1.00257700,1.00077800
3.096000,1.20022900,1.00653000,1.00511400,1.00420100,1.00257700,1.00077800
3.098000,1.20024900,1.00653000,1.00511400,1.00420100,1.00257700,1.00077800
3.100000,1.20027000,1.00653000,1.00511500,1.00420100,1.00257700,1.00077800
3.102000,1.20029000,1.00653100,1.00511500,1.00420100,1.00257700,1.00077800
3.104000,1.20031000,1.00653100,1.00511500,1.00420100,1.00257700,1.00077800
3.106000,1.20033000,1.00653100,1.00511500,1.00420100,1.00257700,1.00077800
3.108000,1.20035100,1.00653100,1.00511500,1.00420100,1.00257700,1.00077800
3.110000,1.20037100,1.00653100,1.00511500,1.00420100,1.00257700,1.00077800
3.112000,1.20039100,1.00653200,1.00511600,1.00420200,1.00257700,1.00077800
3.114000,1.20041200,1.00653200,1.00511600,1.00420200,1.00257700,1.00077800
3.116000,1.20043200,1.00653200,1.00511600,1.00420200,1.00257700,1.00077800
3.118000,1.20045200,1.00653200,1.00511600,1.00420200,1.00257700,1.00077800
3.120000,1.20047200,1.00653200,1.00511600,1.00420200,1.00257800,1.00077800
3.122000,1.20049300,1.00653300,1.00511600,1.00420200,1.00257800,1.00077800
3.124000,1.20051300,1.00653300,1.00511600,1.00420200,1.00257800,1.00077800
3.126000,1.20053300,1.00653300,1.00511600,1.00420200,1.00257800,1.00077800
3.128000,1.20055400,1.00653300,1.00511700,1.00420200,1.00257800,1.00077800
3.130000,1.20057400,1.00653300,1.00511700,1.00420300,1.00257800,1.00077800
3.132000,1.20059400,1.00653400,1.00511700,1.00420300,1.00257800,1.00077800
3.134000,1.20061400,1.00653400,1.00511700,1.00420300,1.00257800,1.00077800
3.136000,1.20063500,1.00653400,1.00511700,1.00420300,1.00257800,1.00077800
3.138000,1.20065500,1.00653400,1.00511700,1.00420300,1.00257800,1.00077800
3.140000,1.20067500,1.00653400,1.00511700,1.00420300,1.00257800,1.00077800
3.142000,1.20069600,1.00653400,1.00511800,1.00420300,1.00257800,1.00077800
3.144000,1.20071600,1.00653500,1.00511800,1.00420300,1.00257800,1.00077900
3.146000,1.20073700,1.00653500,1.00511800,1.00420300,1.00257800,1.00077900
3.148000,1.20075700,1.00653500,1.00511800,1.00420400,1.00257800,1.00077900
3.150000,1.20077700,1.00653500,1.00511800,1.00420400,1.00257900,1.00077900
3.152000,1.20079800,1.00653500,1.00511800,1.00420400,1.00257900,1.00077900
3.154000,1.20081800,1.00653600,1.00511800,1.00420400,1.00257900,1.00077900
3.156000,1.20083800,1.00653600,1.00511900,1.00420400,1.00257900,1.00077900
3.158000,1.20085900,1.00653600,1.00511900,1.00420400,1.00257900,1.00077900
3.160000,1.20087900,1.00653600,1.00511900,1.00420400,1.00257900,1.00077900
3.162000,1.20089900,1.00653600,1.00511900,1.00420400,1.00257900,1.00077900
3.164000,1.20092000,1.00653600,1.00511900,1.00420500,1.00257900,1.00077900
3.166000,1.20094000,1.00653700,1.00511900,1.00420500,1.00257900,1.00077900
3.168000,1.20096100,1.00653700,1.00511900,1.00420500,1.00257900,1.00077900
3.170000,1.20098100,1.00653700,1.00512000,1.00420500,1.00257900,1.00077900
3.172000,1.20100100,1.00653700,1.00512000,1.00420500,1.00257900,1.00077900
3.174000,1.20102200,1.00653700,1.00512000,1.00420500,1.00257900,1.00077900
3.176000,1.20104200,1.00653800,1.00512000,1.00420500,1.00257900,1.00077900
3.178000,1.20106300,1.00653800,1.00512000,1.00420500,1.00258000,1.00077900
3.180000,1.20108300,1.00653800,1.00512000,1.00420500,1.00258000,1.00077900
3.182000,1.20110400,1.00653800,1.00512100,1.00420600,1.00258000,1.00077900
3.184000,1.20112400,1.00653800,1.00512100,1.00420600,1.00258000,1.00077900
3.186000,1.20114400,1.00653900,1.00512100,1.00420600,1.00258000,1.00077900
3.188000,1.20116500,1.00653900,1.00512100,1.00420600,1.00258000,1.00077900
3.190000,1.20118500,1.00653900,1.00512100,1.00420600,1.00258000,1.00077900
3.192000,1.20120600,1.00653900,1.00512100,1.00420600,1.00258000,1.00077900
3.194000,1.20122600,1.00653900,1.00512100,1.00420600,1.00258000,1.00077900
3.196000,1.20124700,1.00654000,1.00512100,1.00420600,1.00258000,1.00077900
3.198000,1.20126700,1.00654000,1.00512200,1.00420700,1.00258000,1.00077900
3.200000,1.20128800,1.00654000,1.00512200,1.00420700,1.00258000,1.00077900
3.202000,1.20130800,1.00654000,1.00512200,1.00420700,1.00258000,1.00077900
3.204000,1.20132900,1.00654000,1.00512200,1.00420700,1.00258000,1.00077900
3.206000,1.20134900,1.00654100,1.00512200,1.00420700,1.00258100,1.00077900
3.208000,1.20137000,1.00654100,1.00512200,1.00420700,1.00258100,1.00077900
3.210000,1.20139000,1.00654100,1.00512200,1.00420700,1.00258100,1.00077900
3.212000,1.20141100,1.00654100,1.00512300,1.00420700,1.00258100,1.00077900
3.214000,1.20143100,1.00654100,1.00512300,1.00420700,1.00258100,1.00077900
3.216000,1.20145100,1.00654100,1.00512300,1.00420700,1.00258100,1.00077900
3.218000,1.20147200,1.00654200,1.00512300,1.00420800,1.00258100,1.00077900
3.220000,1.20149200,1.00654200,1.00512300,1.00420800,1.00258100,1.00077900
3.222000,1.20151300,1.00654200,1.00512300,1.00420800,1.00258100,1.00077900
3.224000,1.20153300,1.00654200,1.00512300,1.00420800,1.00258100,1.00077900
3.226000,1.20155400,1.00654200,1.00512400,1.00420800,1.00258100,1.00077900
3.228000,1.20157500,1.00654300,1.00512400,1.00420800,1.00258100,1.00077900
3.230000,1.20159500,1.00654300,1.00512400,1.00420800,1.00258100,1.00077900
3.232000,1.20161600,1.00654300,1.00512400,1.00420800,1.00258100,1.00077900
3.234000,1.20163600,1.00654300,1.00512400,1.00420900,1.00258100,1.00077900
3.236000,1.20165700,1.00654300,1.00512400,1.00420900,1.00258100,1.00077900
3.238000,1.20167700,1.00654400,1.00512400,1.00420900,1.00258200,1.00077900
3.240000,1.20169800,1.00654400,1.00512500,1.00420900,1.00258200,1.00077900
3.242000,1.20171800,1.00654400,1.00512500,1.00420900,1.00258200,1.00077900
3.244000,1.20173900,1.00654400,1.00512500,1.00420900,1.00258200,1.00078000
3.246000,1.20175900,1.00654400,1.00512500,1.00420900,1.00258200,1.00078000
3.248000,1.20178000,1.00654400,1.00512500,1.00420900,1.00258200,1.00078000
3.250000,1.20180100,1.00654500,1.00512500,1.00421000,1.00258200,1.00078000
3.252000,1.20182100,1.00654500,1.00512600,1.00421000,1.00258200,1.00078000
3.254000,1.20184200,1.00654500,1.00512600,1.00421000,1.00258200,1.00078000
3.256000,1.20186200,1.00654500,1.00512600,1.00421000,1.00258200,1.00078000
3.258000,1.20188300,1.00654500,1.00512600,1.00421000,1.00258200,1.00078000
3.260000,1.20190400,1.00654600,1.00512600,1.00421000,1.00258200,1.00078000
3.262000,1.20192400,1.00654600,1.00512600,1.00421000,1.00258200,1.00078000
3.264000,1.20194500,1.00654600,1.00512600,1.00421000,1.00258200,1.00078000
3.266000,1.20196500,1.00654600,1.00512600,1.00421000,1.00258300,1.00078000
3.268000,1.20198600,1.00654600,1.00512700,1.00421000,1.00258300,1.00078000
3.270000,1.20200700,1.00654700,1.00512700,1.00421100,1.00258300,1.00078000
3.272000,1.20202700,1.00654700,1.00512700,1.00421100,1.00258300,1.00078000
3.274000,1.20204800,1.00654700,1.00512700,1.00421100,1.00258300,1.00078000
3.276000,1.20206900,1.00654700,1.00512700,1.00421100,1.00258300,1.00078000
3.278000,1.20208900,1.00654700,1.00512700,1.00421100,1.00258300,1.00078000
3.280000,1.20211000,1.00654800,1.00512700,1.00421100,1.00258300,1.00078000
3.282000,1.20213000,1.00654800,1.00512800,1.00421100,1.00258300,1.00078000
3.284000,1.20215100,1.00654800,1.00512800,1.00421100,1.00258300,1.00078000
3.286000,1.20217200,1.00654800,1.00512800,1.00421200,1.00258300,1.00078000
3.288000,1.20219200,1.00654800,1.00512800,1.00421200,1.00258300,1.00078000
3.290000,1.20221300,1.00654900,1.00512800,1.00421200,1.00258300,1.00078000
3.292000,1.20223400,1.00654900,1.00512800,1.00421200,1.00258300,1.00078000
3.294000,1.20225400,1.00654900,1.00512900,1.00421200,1.00258400,1.00078000
3.296000,1.20227500,1.00654900,1.00512900,1.00421200,1.00258400,1.00078000
3.298000,1.20229600,1.00654900,1.00512900,1.00421200,1.00258400,1.00078000
3.300000,1.20231700,1.00654900,1.00512900,1.00421200,1.00258400,1.00078000
3.302000,1.20233700,1.00655000,1.00512900,1.00421200,1.00258400,1.00078000
3.304000,1.20235800,1.00655000,1.00512900,1.00421300,1.00258400,1.00078000
3.306000,1.20237900,1.00655000,1.00512900,1.00421300,1.00258400,1.00078000
3.308000,1.20239900,1.00655000,1.00512900,1.00421300,1.00258400,1.00078000
3.310000,1.20242000,1.00655000,1.00513000,1.00421300,1.00258400,1.00078000
3.312000,1.20244100,1.00655100,1.00513000,1.00421300,1.00258400,1.00078000
3.314000,1.20246100,1.00655100,1.00513000,1.00421300,1.00258400,1.00078000
3.316000,1.20248200,1.00655100,1.00513000,1.00421300,1.00258400,1.00078000
3.318000,1.20250300,1.00655100,1.00513000,1.00421300,1.00258400,1.00078000
3.320000,1.20252400,1.00655100,1.00513000,1.00421300,1.00258400,1.00078000
3.322000,1.20254400,1.00655200,1.00513100,1.00421400,1.00258400,1.00078000
3.324000,1.20256500,1.00655200,1.00513100,1.00421400,1.00258400,1.00078000
3.326000,1.20258600,1.00655200,1.00513100,1.00421400,1.00258500,1.00078000
3.328000,1.20260700,1.00655200,1.00513100,1.00421400,1.00258500,1.00078000
3.330000,1.20262700,1.00655200,1.00513100,1.00421400,1.00258500,1.00078000
3.332000,1.20264800,1.00655300,1.00513100,1.00421400,1.00258500,1.00078000
3.334000,1.20266900,1.00655300,1.00513100,1.00421400,1.00258500,1.00078000
3.336000,1.20269000,1.00655300,1.00513100,1.00421400,1.00258500,1.00078000
3.338000,1.20271000,1.00655300,1.00513200,1.00421500,1.00258500,1.00078000
3.340000,1.20273100,1.00655300,1.00513200,1.00421500,1.00258500,1.00078000
3.342000,1.20275200,1.00655400,1.00513200,1.00421500,1.00258500,1.00078000
3.344000,1.20277300,1.00655400,1.00513200,1.00421500,1.00258500,1.00078000
3.346000,1.20279400,1.00655400,1.00513200,1.00421500,1.00258500,1.00078000
3.348000,1.20281400,1.00655400,1.00513200,1.00421500,1.00258500,1.00078000
3.350000,1.20283500,1.00655400,1.00513300,1.00421500,1.00258500,1.00078000
3.352000,1.20285600,1.00655400,1.00513300,1.00421500,1.00258500,1.00078000
3.354000,1.20287700,1.00655500,1.00513300,1.00421500,1.00258600,1.00078100
3.356000,1.20289800,1.00655500,1.00513300,1.00421600,1.00258600,1.00078100
3.358000,1.20291800,1.00655500,1.00513300,1.00421600,1.00258600,1.00078100
3.360000,1.20293900,1.00655500,1.00513300,1.00421600,1.00258600,1.00078100
3.362000,1.20296000,1.00655500,1.00513300,1.00421600,1.00258600,1.00078100
3.364000,1.20298100,1.00655600,1.00513400,1.00421600,1.00258600,1.00078100
3.366000,1.20300200,1.00655600,1.00513400,1.00421600,1.00258600,1.00078100
3.368000,1.20302200,1.00655600,1.00513400,1.00421600,1.00258600,1.00078100
3.370000,1.20304300,1.00655600,1.00513400,1.00421600,1.00258600,1.00078100
3.372000,1.20306400,1.00655600,1.00513400,1.00421700,1.00258600,1.00078100
3.374000,1.20308500,1.00655700,1.00513400,1.00421700,1.00258600,1.00078100
3.376000,1.20310600,1.00655700,1.00513400,1.00421700,1.00258600,1.00078100
3.378000,1.20312700,1.00655700,1.00513400,1.00421700,1.00258600,1.00078100
3.380000,1.20314800,1.00655700,1.00513500,1.00421700,1.00258600,1.00078100
3.382000,1.20316900,1.00655700,1.00513500,1.00421700,1.00258600,1.00078100
3.384000,1.20318900,1.00655700,1.00513500,1.00421700,1.00258700,1.00078100
3.386000,1.20321000,1.00655800,1.00513500,1.00421700,1.00258700,1.00078100
3.388000,1.20323100,1.00655800,1.00513500,1.00421700,1.00258700,1.00078100
3.390000,1.20325200,1.00655800,1.00513500,1.00421800,1.00258700,1.00078100
3.392000,1.20327300,1.00655800,1.00513600,1.00421800,1.00258700,1.00078100
3.394000,1.20329400,1.00655800,1.00513600,1.00421800,1.00258700,1.00078100
3.396000,1.20331500,1.00655900,1.00513600,1.00421800,1.00258700,1.00078100
3.398000,1.20333600,1.00655900,1.00513600,1.00421800,1.00258700,1.00078100
3.400000,1.20335700,1.00655900,1.00513600,1.00421800,1.00258700,1.00078100
3.402000,1.20337700,1.00655900,1.00513600,1.00421800,1.00258700,1.00078100
3.404000,1.20339800,1.00655900,1.00513600,1.00421800,1.00258700,1.00078100
3.406000,1.20341900,1.00656000,1.00513600,1.00421800,1.00258700,1.00078100
3.408000,1.20344000,1.00656000,1.00513700,1.00421900,1.00258700,1.00078100
3.410000,1.20346100,1.00656000,1.00513700,1.00421900,1.00258700,1.00078100
3.412000,1.20348200,1.00656000,1.00513700,1.00421900,1.00258800,1.00078100
3.414000,1.20350300,1.00656000,1.00513700,1.00421900,1.00258800,1.00078100
3.416000,1.20352400,1.00656100,1.00513700,1.00421900,1.00258800,1.00078100
3.418000,1.20354500,1.00656100,1.00513700,1.00421900,1.00258800,1.00078100
3.420000,1.20356600,1.00656100,1.00513800,1.00421900,1.00258800,1.00078100
3.422000,1.20358700,1.00656100,1.00513800,1.00421900,1.00258800,1.00078100
3.424000,1.20360800,1.00656100,1.00513800,1.00422000,1.00258800,1.00078100
3.426000,1.20362900,1.00656200,1.00513800,1.00422000,1.00258800,1.00078100
3.428000,1.20365000,1.00656200,1.00513800,1.00422000,1.00258800,1.00078100
3.430000,1.20367100,1.00656200,1.00513800,1.00422000,1.00258800,1.00078100
3.432000,1.20369200,1.00656200,1.00513800,1.00422000,1.00258800,1.00078100
3.434000,1.20371300,1.00656200,1.00513900,1.00422000,1.00258800,1.00078100
3.436000,1.20373400,1.00656200,1.00513900,1.00422000,1.00258800,1.00078100
3.438000,1.20375500,1.00656300,1.00513900,1.00422000,1.00258800,1.00078100
3.440000,1.20377600,1.00656300,1.00513900,1.00422000,1.00258900,1.00078100
3.442000,1.20379700,1.00656300,1.00513900,1.00422100,1.00258900,1.00078100
3.444000,1.20381800,1.00656300,1.00513900,1.00422100,1.00258900,1.00078100
3.446000,1.20383900,1.00656300,1.00513900,1.00422100,1.00258900,1.00078100
3.448000,1.20386000,1.00656400,1.00514000,1.00422100,1.00258900,1.00078100
3.450000,1.20388100,1.00656400,1.00514000,1.00422100,1.00258900,1.00078100
3.452000,1.20390200,1.00656400,1.00514000,1.00422100,1.00258900,1.00078200
3.454000,1.20392300,1.00656400,1.00514000,1.00422100,1.00258900,1.00078200
3.456000,1.20394400,1.00656400,1.00514000,1.00422100,1.00258900,1.00078200
3.458000,1.20396500,1.00656500,1.00514000,1.00422100,1.00258900,1.00078200
3.460000,1.20398600,1.00656500,1.00514000,1.00422200,1.00258900,1.00078200
3.462000,1.20400700,1.00656500,1.00514100,1.00422200,1.00258900,1.00078200
3.464000,1.20402800,1.00656500,1.00514100,1.00422200,1.00258900,1.00078200
3.466000,1.20404900,1.00656500,1.00514100,1.00422200,1.00258900,1.00078200
3.468000,1.20407000,1.00656600,1.00514100,1.00422200,1.00258900,1.00078200
3.470000,1.20409100,1.00656600,1.00514100,1.00422200,1.00258900,1.00078200
3.472000,1.20411300,1.00656600,1.00514100,1.00422200,1.00259000,1.00078200
3.474000,1.20413400,1.00656600,1.00514100,1.00422200,1.00259000,1.00078200
3.476000,1.20415500,1.00656600,1.00514200,1.00422300,1.00259000,1.00078200
3.478000,1.20417600,1.00656700,1.00514200,1.00422300,1.00259000,1.00078200
3.480000,1.20419700,1.00656700,1.00514200,1.00422300,1.00259000,1.00078200
3.482000,1.20421800,1.00656700,1.00514200,1.00422300,1.00259000,1.00078200
3.483999,1.20423900,1.00656700,1.00514200,1.00422300,1.00259000,1.00078200
3.486000,1.20426000,1.00656700,1.00514200,1.00422300,1.00259000,1.00078200
3.488000,1.20428100,1.00656700,1.00514200,1.00422300,1.00259000,1.00078200
3.490000,1.20430200,1.00656800,1.00514300,1.00422300,1.00259000,1.00078200
3.492000,1.20432400,1.00656800,1.00514300,1.00422300,1.00259000,1.00078200
3.493999,1.20434500,1.00656800,1.00514300,1.00422400,1.00259000,1.00078200
3.496000,1.20436600,1.00656800,1.00514300,1.00422400,1.00259000,1.00078200
3.498000,1.20438700,1.00656800,1.00514300,1.00422400,1.00259000,1.00078200
3.500000,1.20440800,1.00656900,1.00514300,1.00422400,1.00259100,1.00078200
3.502000,1.20442900,1.00656900,1.00514300,1.00422400,1.00259100,1.00078200
3.503999,1.20445000,1.00656900,1.00514400,1.00422400,1.00259100,1.00078200
3.506000,1.20447200,1.00656900,1.00514400,1.00422400,1.00259100,1.00078200
3.508000,1.20449300,1.00656900,1.00514400,1.00422400,1.00259100,1.00078200
3.510000,1.20451400,1.00657000,1.00514400,1.00422500,1.00259100,1.00078200
3.512000,1.20453500,1.00657000,1.00514400,1.00422500,1.00259100,1.00078200
3.514000,1.20455600,1.00657000,1.00514400,1.00422500,1.00259100,1.00078200
3.516000,1.20457700,1.00657000,1.00514400,1.00422500,1.00259100,1.00078200
3.518000,1.20459900,1.00657000,1.00514500,1.00422500,1.00259100,1.00078200
3.520000,1.20462000,1.00657100,1.00514500,1.00422500,1.00259100,1.00078200
3.522000,1.20464100,1.00657100,1.00514500,1.00422500,1.00259100,1.00078200
3.524000,1.20466200,1.00657100,1.00514500,1.00422500,1.00259100,1.00078200
3.526000,1.20468300,1.00657100,1.00514500,1.00422500,1.00259100,1.00078200
3.528000,1.20470500,1.00657100,1.00514500,1.00422500,1.00259100,1.00078200
3.530000,1.20472600,1.00657200,1.00514500,1.00422600,1.00259200,1.00078200
3.532000,1.20474700,1.00657200,1.00514600,1.00422600,1.00259200,1.00078200
3.534000,1.20476800,1.00657200,1.00514600,1.00422600,1.00259200,1.00078200
3.536000,1.20479000,1.00657200,1.00514600,1.00422600,1.00259200,1.00078200
3.538000,1.20481100,1.00657200,1.00514600,1.00422600,1.00259200,1.00078200
3.540000,1.20483200,1.00657200,1.00514600,1.00422600,1.00259200,1.00078200
3.542000,1.20485300,1.00657300,1.00514600,1.00422600,1.00259200,1.00078200
3.544000,1.20487500,1.00657300,1.00514700,1.00422600,1.00259200,1.00078200
3.546000,1.20489600,1.00657300,1.00514700,1.00422700,1.00259200,1.00078200
3.548000,1.20491700,1.00657300,1.00514700,1.00422700,1.00259200,1.00078200
3.550000,1.20493800,1.00657300,1.00514700,1.00422700,1.00259200,1.00078200
3.552000,1.20496000,1.00657400,1.00514700,1.00422700,1.00259200,1.00078200
3.554000,1.20498100,1.00657400,1.00514700,1.00422700,1.00259200,1.00078200
3.556000,1.20500200,1.00657400,1.00514700,1.00422700,1.00259200,1.00078200
3.558000,1.20502300,1.00657400,1.00514700,1.00422700,1.00259300,1.00078200
3.560000,1.20504500,1.00657400,1.00514800,1.00422700,1.00259300,1.00078200
3.562000,1.20506600,1.00657500,1.00514800,1.00422800,1.00259300,1.00078300
3.564000,1.20508700,1.00657500,1.00514800,1.00422800,1.00259300,1.00078300
3.566000,1.20510900,1.00657500,1.00514800,1.00422800,1.00259300,1.00078300
3.568000,1.20513000,1.00657500,1.00514800,1.00422800,1.00259300,1.00078300
3.570000,1.20515100,1.00657500,1.00514800,1.00422800,1.00259300,1.00078300
3.572000,1.20517200,1.00657600,1.00514900,1.00422800,1.00259300,1.00078300
3.574000,1.20519400,1.00657600,1.00514900,1.00422800,1.00259300,1.00078300
3.576000,1.20521500,1.00657600,1.00514900,1.00422800,1.00259300,1.00078300
3.578000,1.20523600,1.00657600,1.00514900,1.00422800,1.00259300,1.00078300
3.580000,1.20525800,1.00657600,1.00514900,1.00422900,1.00259300,1.00078300
3.582000,1.20527900,1.00657700,1.00514900,1.00422900,1.00259300,1.00078300
3.584000,1.20530000,1.00657700,1.00514900,1.00422900,1.00259300,1.00078300
3.586000,1.20532200,1.00657700,1.00514900,1.00422900,1.00259400,1.00078300
3.588000,1.20534300,1.00657700,1.00515000,1.00422900,1.00259400,1.00078300
3.590000,1.20536400,1.00657700,1.00515000,1.00422900,1.00259400,1.00078300
3.592000,1.20538600,1.00657700,1.00515000,1.00422900,1.00259400,1.00078300
3.594000,1.20540700,1.00657800,1.00515000,1.00422900,1.00259400,1.00078300
3.596000,1.20542800,1.00657800,1.00515000,1.00422900,1.00259400,1.00078300
3.598000,1.20545000,1.00657800,1.00515000,1.00423000,1.00259400,1.00078300
3.600000,1.20547100,1.00657800,1.00515100,1.00423000,1.00259400,1.00078300
3.602000,1.20549300,1.00657800,1.00515100,1.00423000,1.00259400,1.00078300
3.604000,1.20551400,1.00657900,1.00515100,1.00423000,1.00259400,1.00078300
3.605999,1.20553500,1.00657900,1.00515100,1.00423000,1.00259400,1.00078300
3.608000,1.20555700,1.00657900,1.00515100,1.00423000,1.00259400,1.00078300
3.610000,1.20557800,1.00657900,1.00515100,1.00423000,1.00259400,1.00078300
3.612000,1.20560000,1.00657900,1.00515100,1.00423000,1.00259400,1.00078300
3.614000,1.20562100,1.00658000,1.00515200,1.00423000,1.00259400,1.00078300
3.615999,1.20564200,1.00658000,1.00515200,1.00423100,1.00259400,1.00078300
3.618000,1.20566400,1.00658000,1.00515200,1.00423100,1.00259500,1.00078300
3.620000,1.20568500,1.00658000,1.00515200,1.00423100,1.00259500,1.00078300
3.622000,1.20570700,1.00658000,1.00515200,1.00423100,1.00259500,1.00078300
3.624000,1.20572800,1.00658000,1.00515200,1.00423100,1.00259500,1.00078300
3.625999,1.20575000,1.00658100,1.00515200,1.00423100,1.00259500,1.00078300
3.628000,1.20577100,1.00658100,1.00515300,1.00423100,1.00259500,1.00078300
3.630000,1.20579300,1.00658100,1.00515300,1.00423100,1.00259500,1.00078300
3.632000,1.20581400,1.00658100,1.00515300,1.00423200,1.00259500,1.00078300
3.634000,1.20583500,1.00658200,1.00515300,1.00423200,1.00259500,1.00078300
3.636000,1.20585700,1.00658200,1.00515300,1.00423200,1.00259500,1.00078300
3.638000,1.20587800,1.00658200,1.00515300,1.00423200,1.00259500,1.00078300
3.640000,1.20590000,1.00658200,1.00515300,1.00423200,1.00259500,1.00078300
3.642000,1.20592100,1.00658200,1.00515400,1.00423200,1.00259500,1.00078300
3.644000,1.20594300,1.00658200,1.00515400,1.00423200,1.00259500,1.00078300
3.646000,1.20596400,1.00658300,1.00515400,1.00423200,1.00259600,1.00078300
3.648000,1.20598600,1.00658300,1.00515400,1.00423300,1.00259600,1.00078300
3.650000,1.20600700,1.00658300,1.00515400,1.00423300,1.00259600,1.00078300
3.652000,1.20602900,1.00658300,1.00515400,1.00423300,1.00259600,1.00078300
3.654000,1.20605000,1.00658300,1.00515400,1.00423300,1.00259600,1.00078300
3.656000,1.20607200,1.00658400,1.00515500,1.00423300,1.00259600,1.00078300
3.658000,1.20609300,1.00658400,1.00515500,1.00423300,1.00259600,1.00078300
3.660000,1.20611500,1.00658400,1.00515500,1.00423300,1.00259600,1.00078400
3.662000,1.20613600,1.00658400,1.00515500,1.00423300,1.00259600,1.00078400
3.664000,1.20615800,1.00658400,1.00515500,1.00423300,1.00259600,1.00078400
3.666000,1.20617900,1.00658500,1.00515500,1.00423400,1.00259600,1.00078400
3.668000,1.20620100,1.00658500,1.00515500,1.00423400,1.00259600,1.00078400
3.670000,1.20622300,1.00658500,1.00515600,1.00423400,1.00259600,1.00078400
3.672000,1.20624400,1.00658500,1.00515600,1.00423400,1.00259600,1.00078400
3.674000,1.20626600,1.00658500,1.00515600,1.00423400,1.00259600,1.00078400
3.676000,1.20628700,1.00658600,1.00515600,1.00423400,1.00259700,1.00078400
3.678000,1.20630900,1.00658600,1.00515600,1.00423400,1.00259700,1.00078400
3.680000,1.20633000,1.00658600,1.00515600,1.00423400,1.00259700,1.00078400
3.682000,1.20635200,1.00658600,1.00515600,1.00423400,1.00259700,1.00078400
3.684000,1.20637300,1.00658600,1.00515700,1.00423500,1.00259700,1.00078400
3.686000,1.20639500,1.00658700,1.00515700,1.00423500,1.00259700,1.00078400
3.688000,1.20641700,1.00658700,1.00515700,1.00423500,1.00259700,1.00078400
3.690000,1.20643800,1.00658700,1.00515700,1.00423500,1.00259700,1.00078400
3.692000,1.20646000,1.00658700,1.00515700,1.00423500,1.00259700,1.00078400
3.694000,1.20648100,1.00658700,1.00515700,1.00423500,1.00259700,1.00078400
3.696000,1.20650300,1.00658800,1.00515700,1.00423500,1.00259700,1.00078400
3.698000,1.20652500,1.00658800,1.00515800,1.00423500,1.00259700,1.00078400
3.700000,1.20654600,1.00658800,1.00515800,1.00423600,1.00259700,1.00078400
3.702000,1.20656800,1.00658800,1.00515800,1.00423600,1.00259700,1.00078400
3.704000,1.20658900,1.00658800,1.00515800,1.00423600,1.00259800,1.00078400
3.706000,1.20661100,1.00658800,1.00515800,1.00423600,1.00259800,1.00078400
3.708000,1.20663300,1.00658900,1.00515800,1.00423600,1.00259800,1.00078400
3.710000,1.20665400,1.00658900,1.00515800,1.00423600,1.00259800,1.00078400
3.712000,1.20667600,1.00658900,1.00515900,1.00423600,1.00259800,1.00078400
3.714000,1.20669800,1.00658900,1.00515900,1.00423600,1.00259800,1.00078400
3.716000,1.20671900,1.00658900,1.00515900,1.00423600,1.00259800,1.00078400
3.717999,1.20674100,1.00659000,1.00515900,1.00423700,1.00259800,1.00078400
3.720000,1.20676300,1.00659000,1.00515900,1.00423700,1.00259800,1.00078400
3.722000,1.20678400,1.00659000,1.00515900,1.00423700,1.00259800,1.00078400
3.724000,1.20680600,1.00659000,1.00515900,1.00423700,1.00259800,1.00078400
3.726000,1.20682800,1.00659000,1.00516000,1.00423700,1.00259800,1.00078400
3.727999,1.20684900,1.00659100,1.00516000,1.00423700,1.00259800,1.00078400
3.730000,1.20687100,1.00659100,1.00516000,1.00423700,1.00259800,1.00078400
3.732000,1.20689300,1.00659100,1.00516000,1.00423700,1.00259900,1.00078400
3.734000,1.20691400,1.00659100,1.00516000,1.00423800,1.00259900,1.00078400
3.736000,1.20693600,1.00659100,1.00516000,1.00423800,1.00259900,1.00078400
3.737999,1.20695800,1.00659200,1.00516000,1.00423800,1.00259900,1.00078400
3.740000,1.20698000,1.00659200,1.00516100,1.00423800,1.00259900,1.00078400
3.742000,1.20700100,1.00659200,1.00516100,1.00423800,1.00259900,1.00078400
3.744000,1.20702300,1.00659200,1.00516100,1.00423800,1.00259900,1.00078400
3.746000,1.20704500,1.00659200,1.00516100,1.00423800,1.00259900,1.00078400
3.748000,1.20706600,1.00659300,1.00516100,1.00423800,1.00259900,1.00078400
3.750000,1.20708800,1.00659300,1.00516100,1.00423800,1.00259900,1.00078400
3.752000,1.20711000,1.00659300,1.00516200,1.00423900,1.00259900,1.00078400
3.754000,1.20713200,1.00659300,1.00516200,1.00423900,1.00259900,1.00078400
3.756000,1.20715300,1.00659300,1.00516200,1.00423900,1.00259900,1.00078500
3.758000,1.20717500,1.00659300,1.00516200,1.00423900,1.00259900,1.00078500
3.760000,1.20719700,1.00659400,1.00516200,1.00423900,1.00259900,1.00078500
3.762000,1.20721900,1.00659400,1.00516200,1.00423900,1.00260000,1.00078500
3.764000,1.20724000,1.00659400,1.00516200,1.00423900,1.00260000,1.00078500
3.766000,1.20726200,1.00659400,1.00516300,1.00423900,1.00260000,1.00078500
3.768000,1.20728400,1.00659400,1.00516300,1.00423900,1.00260000,1.00078500
3.770000,1.20730600,1.00659500,1.00516300,1.00424000,1.00260000,1.00078500
3.772000,1.20732800,1.00659500,1.00516300,1.00424000,1.00260000,1.00078500
3.774000,1.20734900,1.00659500,1.00516300,1.00424000,1.00260000,1.00078500
3.776000,1.20737100,1.00659500,1.00516300,1.00424000,1.00260000,1.00078500
3.778000,1.20739300,1.00659500,1.00516300,1.00424000,1.00260000,1.00078500
3.780000,1.20741500,1.00659600,1.00516400,1.00424000,1.00260000,1.00078500
3.782000,1.20743700,1.00659600,1.00516400,1.00424000,1.00260000,1.00078500
3.784000,1.20745800,1.00659600,1.00516400,1.00424000,1.00260000,1.00078500
3.786000,1.20748000,1.00659600,1.00516400,1.00424100,1.00260000,1.00078500
3.788000,1.20750200,1.00659600,1.00516400,1.00424100,1.00260000,1.00078500
3.790000,1.20752400,1.00659700,1.00516400,1.00424100,1.00260100,1.00078500
3.792000,1.20754600,1.00659700,1.00516400,1.00424100,1.00260100,1.00078500
3.794000,1.20756800,1.00659700,1.00516500,1.00424100,1.00260100,1.00078500
3.796000,1.20758900,1.00659700,1.00516500,1.00424100,1.00260100,1.00078500
3.798000,1.20761100,1.00659700,1.00516500,1.00424100,1.00260100,1.00078500
3.800000,1.20763300,1.00659800,1.00516500,1.00424100,1.00260100,1.00078500
3.802000,1.20765500,1.00659800,1.00516500,1.00424100,1.00260100,1.00078500
3.804000,1.20767700,1.00659800,1.00516500,1.00424200,1.00260100,1.00078500
3.806000,1.20769900,1.00659800,1.00516500,1.00424200,1.00260100,1.00078500
3.808000,1.20772100,1.00659800,1.00516600,1.00424200,1.00260100,1.00078500
3.810000,1.20774300,1.00659800,1.00516600,1.00424200,1.00260100,1.00078500
3.812000,1.20776400,1.00659900,1.00516600,1.00424200,1.00260100,1.00078500
3.814000,1.20778600,1.00659900,1.00516600,1.00424200,1.00260100,1.00078500
3.816000,1.20780800,1.00659900,1.00516600,1.00424200,1.00260100,1.00078500
3.818000,1.20783000,1.00659900,1.00516600,1.00424200,1.00260200,1.00078500
3.820000,1.20785200,1.00659900,1.00516600,1.00424300,1.00260200,1.00078500
3.822000,1.20787400,1.00660000,1.00516700,1.00424300,1.00260200,1.00078500
3.824000,1.20789600,1.00660000,1.00516700,1.00424300,1.00260200,1.00078500
3.826000,1.20791800,1.00660000,1.00516700,1.00424300,1.00260200,1.00078500
3.828000,1.20794000,1.00660000,1.00516700,1.00424300,1.00260200,1.00078500
3.830000,1.20796200,1.00660000,1.00516700,1.00424300,1.00260200,1.00078500
3.832000,1.20798300,1.00660100,1.00516700,1.00424300,1.00260200,1.00078500
3.834000,1.20800600,1.00660100,1.00516700,1.00424300,1.00260200,1.00078500
3.836000,1.20802700,1.00660100,1.00516800,1.00424300,1.00260200,1.00078500
3.838000,1.20804900,1.00660100,1.00516800,1.00424400,1.00260200,1.00078500
3.839999,1.20807100,1.00660100,1.00516800,1.00424400,1.00260200,1.00078500
3.842000,1.20809300,1.00660200,1.00516800,1.00424400,1.00260200,1.00078500
3.844000,1.20811500,1.00660200,1.00516800,1.00424400,1.00260200,1.00078500
3.846000,1.20813700,1.00660200,1.00516800,1.00424400,1.00260200,1.00078500
3.848000,1.20815900,1.00660200,1.00516900,1.00424400,1.00260300,1.00078500
3.849999,1.20818100,1.00660200,1.00516900,1.00424400,1.00260300,1.00078500
3.852000,1.20820300,1.00660300,1.00516900,1.00424400,1.00260300,1.00078500
3.854000,1.20822500,1.00660300,1.00516900,1.00424500,1.00260300,1.00078500
3.856000,1.20824700,1.00660300,1.00516900,1.00424500,1.00260300,1.00078500
3.858000,1.20826900,1.00660300,1.00516900,1.00424500,1.00260300,1.00078500
3.860000,1.20829100,1.00660300,1.00516900,1.00424500,1.00260300,1.00078500
3.862000,1.20831300,1.00660300,1.00517000,1.00424500,1.00260300,1.00078500
3.864000,1.20833500,1.00660400,1.00517000,1.00424500,1.00260300,1.00078500
3.866000,1.20835700,1.00660400,1.00517000,1.00424500,1.00260300,1.00078600
3.868000,1.20837900,1.00660400,1.00517000,1.00424500,1.00260300,1.00078600
3.870000,1.20840100,1.00660400,1.00517000,1.00424500,1.00260300,1.00078600
3.872000,1.20842300,1.00660500,1.00517000,1.00424600,1.00260300,1.00078600
3.874000,1.20844500,1.00660500,1.00517000,1.00424600,1.00260300,1.00078600
3.876000,1.20846700,1.00660500,1.00517100,1.00424600,1.00260400,1.00078600
3.878000,1.20848900,1.00660500,1.00517100,1.00424600,1.00260400,1.00078600
3.880000,1.20851100,1.00660500,1.00517100,1.00424600,1.00260400,1.00078600
3.882000,1.20853400,1.00660600,1.00517100,1.00424600,1.00260400,1.00078600
3.884000,1.20855600,1.00660600,1.00517100,1.00424600,1.00260400,1.00078600
3.886000,1.20857800,1.00660600,1.00517100,1.00424600,1.00260400,1.00078600
3.888000,1.20860000,1.00660600,1.00517100,1.00424600,1.00260400,1.00078600
3.890000,1.20862200,1.00660600,1.00517200,1.00424700,1.00260400,1.00078600
3.892000,1.20864400,1.00660600,1.00517200,1.00424700,1.00260400,1.00078600
3.894000,1.20866600,1.00660700,1.00517200,1.00424700,1.00260400,1.00078600
3.896000,1.20868800,1.00660700,1.00517200,1.00424700,1.00260400,1.00078600
3.898000,1.20871000,1.00660700,1.00517200,1.00424700,1.00260400,1.00078600
3.900000,1.20873200,1.00660700,1.00517200,1.00424700,1.00260400,1.00078600
3.902000,1.20875400,1.00660700,1.00517200,1.00424700,1.00260400,1.00078600
3.904000,1.20877600,1.00660800,1.00517300,1.00424700,1.00260400,1.00078600
3.906000,1.20879900,1.00660800,1.00517300,1.00424800,1.00260500,1.00078600
3.908000,1.20882100,1.00660800,1.00517300,1.00424800,1.00260500,1.00078600
3.910000,1.20884300,1.00660800,1.00517300,1.00424800,1.00260500,1.00078600
3.912000,1.20886500,1.00660800,1.00517300,1.00424800,1.00260500,1.00078600
3.914000,1.20888700,1.00660900,1.00517300,1.00424800,1.00260500,1.00078600
3.916000,1.20890900,1.00660900,1.00517300,1.00424800,1.00260500,1.00078600
3.918000,1.20893100,1.00660900,1.00517400,1.00424800,1.00260500,1.00078600
3.920000,1.20895400,1.00660900,1.00517400,1.00424800,1.00260500,1.00078600
3.922000,1.20897600,1.00660900,1.00517400,1.00424800,1.00260500,1.00078600
3.924000,1.20899800,1.00661000,1.00517400,1.00424900,1.00260500,1.00078600
3.926000,1.20902000,1.00661000,1.00517400,1.00424900,1.00260500,1.00078600
3.928000,1.20904200,1.00661000,1.00517400,1.00424900,1.00260500,1.00078600
3.930000,1.20906400,1.00661000,1.00517500,1.00424900,1.00260500,1.00078600
3.932000,1.20908700,1.00661000,1.00517500,1.00424900,1.00260500,1.00078600
3.934000,1.20910900,1.00661100,1.00517500,1.00424900,1.00260600,1.00078600
3.936000,1.20913100,1.00661100,1.00517500,1.00424900,1.00260600,1.00078600
3.938000,1.20915300,1.00661100,1.00517500,1.00424900,1.00260600,1.00078600
3.940000,1.20917500,1.00661100,1.00517500,1.00425000,1.00260600,1.00078600
3.942000,1.20919800,1.00661100,1.00517500,1.00425000,1.00260600,1.00078600
3.944000,1.20922000,1.00661100,1.00517500,1.00425000,1.00260600,1.00078600
3.946000,1.20924200,1.00661200,1.00517600,1.00425000,1.00260600,1.00078600
3.948000,1.20926400,1.00661200,1.00517600,1.00425000,1.00260600,1.00078600
3.950000,1.20928700,1.00661200,1.00517600,1.00425000,1.00260600,1.00078600
3.951999,1.20930900,1.00661200,1.00517600,1.00425000,1.00260600,1.00078600
3.954000,1.20933100,1.00661200,1.00517600,1.00425000,1.00260600,1.00078600
3.956000,1.20935300,1.00661300,1.00517600,1.00425100,1.00260600,1.00078600
3.958000,1.20937600,1.00661300,1.00517700,1.00425100,1.00260600,1.00078600
3.960000,1.20939800,1.00661300,1.00517700,1.00425100,1.00260600,1.00078600
3.961999,1.20942000,1.00661300,1.00517700,1.00425100,1.00260700,1.00078700
3.964000,1.20944200,1.00661300,1.00517700,1.00425100,1.00260700,1.00078700
3.966000,1.20946500,1.00661400,1.00517700,1.00425100,1.00260700,1.00078700
3.968000,1.20948700,1.00661400,1.00517700,1.00425100,1.00260700,1.00078700
3.970000,1.20950900,1.00661400,1.00517700,1.00425100,1.00260700,1.00078700
3.972000,1.20953100,1.00661400,1.00517700,1.00425100,1.00260700,1.00078700
3.974000,1.20955400,1.00661400,1.00517800,1.00425200,1.00260700,1.00078700
3.976000,1.20957600,1.00661500,1.00517800,1.00425200,1.00260700,1.00078700
3.978000,1.20959800,1.00661500,1.00517800,1.00425200,1.00260700,1.00078700
3.980000,1.20962100,1.00661500,1.00517800,1.00425200,1.00260700,1.00078700
3.982000,1.20964300,1.00661500,1.00517800,1.00425200,1.00260700,1.00078700
3.984000,1.20966500,1.00661500,1.00517800,1.00425200,1.00260700,1.00078700
3.986000,1.20968700,1.00661600,1.00517900,1.00425200,1.00260700,1.00078700
3.988000,1.20971000,1.00661600,1.00517900,1.00425200,1.00260700,1.00078700
3.990000,1.20973200,1.00661600,1.00517900,1.00425300,1.00260700,1.00078700
3.992000,1.20975400,1.00661600,1.00517900,1.00425300,1.00260800,1.00078700
3.994000,1.20977700,1.00661600,1.00517900,1.00425300,1.00260800,1.00078700
3.996000,1.20979900,1.00661700,1.00517900,1.00425300,1.00260800,1.00078700
3.998000,1.20982100,1.00661700,1.00517900,1.00425300,1.00260800,1.00078700
4.000000,1.20984400,1.00661700,1.00518000,1.00425300,1.00260800,1.00078700
4.002000,1.20986600,1.00661700,1.00518000,1.00425300,1.00260800,1.00078700
4.004000,1.20988900,1.00661700,1.00518000,1.00425300,1.00260800,1.00078700
4.006000,1.20991100,1.00661800,1.00518000,1.00425300,1.00260800,1.00078700
4.008000,1.20993300,1.00661800,1.00518000,1.00425400,1.00260800,1.00078700
4.010000,1.20995600,1.00661800,1.00518000,1.00425400,1.00260800,1.00078700
4.012000,1.20997800,1.00661800,1.00518000,1.00425400,1.00260800,1.00078700
4.013999,1.21000100,1.00661800,1.00518100,1.00425400,1.00260800,1.00078700
4.016000,1.21002300,1.00661800,1.00518100,1.00425400,1.00260800,1.00078700
4.018000,1.21004500,1.00661900,1.00518100,1.00425400,1.00260800,1.00078700
4.020000,1.21006800,1.00661900,1.00518100,1.00425400,1.00260900,1.00078700
4.022000,1.21009000,1.00661900,1.00518100,1.00425400,1.00260900,1.00078700
4.024000,1.21011300,1.00661900,1.00518100,1.00425400,1.00260900,1.00078700
4.026000,1.21013500,1.00661900,1.00518200,1.00425500,1.00260900,1.00078700
4.028000,1.21015700,1.00662000,1.00518200,1.00425500,1.00260900,1.00078700
4.030000,1.21018000,1.00662000,1.00518200,1.00425500,1.00260900,1.00078700
4.032000,1.21020200,1.00662000,1.00518200,1.00425500,1.00260900,1.00078700
4.033999,1.21022500,1.00662000,1.00518200,1.00425500,1.00260900,1.00078700
4.036000,1.21024700,1.00662000,1.00518200,1.00425500,1.00260900,1.00078700
4.038000,1.21027000,1.00662100,1.00518200,1.00425500,1.00260900,1.00078700
4.040000,1.21029200,1.00662100,1.00518300,1.00425500,1.00260900,1.00078700
4.042000,1.21031500,1.00662100,1.00518300,1.00425600,1.00260900,1.00078700
4.044000,1.21033700,1.00662100,1.00518300,1.00425600,1.00260900,1.00078700
4.046000,1.21035900,1.00662100,1.00518300,1.00425600,1.00260900,1.00078700
4.048000,1.21038200,1.00662200,1.00518300,1.00425600,1.00260900,1.00078700
4.050000,1.21040400,1.00662200,1.00518300,1.00425600,1.00261000,1.00078700
4.052000,1.21042700,1.00662200,1.00518300,1.00425600,1.00261000,1.00078700
4.053999,1.21044900,1.00662200,1.00518400,1.00425600,1.00261000,1.00078700
4.056000,1.21047200,1.00662200,1.00518400,1.00425600,1.00261000,1.00078700
4.058000,1.21049400,1.00662300,1.00518400,1.00425600,1.00261000,1.00078700
4.060000,1.21051700,1.00662300,1.00518400,1.00425700,1.00261000,1.00078700
4.062000,1.21053900,1.00662300,1.00518400,1.00425700,1.00261000,1.00078700
4.064000,1.21056200,1.00662300,1.00518400,1.00425700,1.00261000,1.00078700
4.066000,1.21058400,1.00662300,1.00518400,1.00425700,1.00261000,1.00078700
4.068000,1.21060700,1.00662400,1.00518500,1.00425700,1.00261000,1.00078700
4.070000,1.21062900,1.00662400,1.00518500,1.00425700,1.00261000,1.00078800
4.072000,1.21065200,1.00662400,1.00518500,1.00425700,1.00261000,1.00078800
4.073999,1.21067500,1.00662400,1.00518500,1.00425700,1.00261000,1.00078800
4.076000,1.21069700,1.00662400,1.00518500,1.00425800,1.00261000,1.00078800
4.078000,1.21072000,1.00662500,1.00518500,1.00425800,1.00261100,1.00078800
4.080000,1.21074200,1.00662500,1.00518500,1.00425800,1.00261100,1.00078800
4.082000,1.21076500,1.00662500,1.00518600,1.00425800,1.00261100,1.00078800
4.084000,1.21078700,1.00662500,1.00518600,1.00425800,1.00261100,1.00078800
4.085999,1.21081000,1.00662500,1.00518600,1.00425800,1.00261100,1.00078800
4.087999,1.21083300,1.00662600,1.00518600,1.00425800,1.00261100,1.00078800
4.090000,1.21085500,1.00662600,1.00518600,1.00425800,1.00261100,1.00078800
4.092000,1.21087800,1.00662600,1.00518600,1.00425900,1.00261100,1.00078800
4.094000,1.21090000,1.00662600,1.00518600,1.00425900,1.00261100,1.00078800
4.096000,1.21092300,1.00662600,1.00518700,1.00425900,1.00261100,1.00078800
4.098000,1.21094500,1.00662600,1.00518700,1.00425900,1.00261100,1.00078800
4.100000,1.21096800,1.00662700,1.00518700,1.00425900,1.00261100,1.00078800
4.102000,1.21099100,1.00662700,1.00518700,1.00425900,1.00261100,1.00078800
4.104000,1.21101300,1.00662700,1.00518700,1.00425900,1.00261100,1.00078800
4.105999,1.21103600,1.00662700,1.00518700,1.00425900,1.00261200,1.00078800
4.107999,1.21105900,1.00662700,1.00518800,1.00425900,1.00261200,1.00078800
4.110000,1.21108100,1.00662800,1.00518800,1.00426000,1.00261200,1.00078800
4.112000,1.21110400,1.00662800,1.00518800,1.00426000,1.00261200,1.00078800
4.114000,1.21112700,1.00662800,1.00518800,1.00426000,1.00261200,1.00078800
4.116000,1.21114900,1.00662800,1.00518800,1.00426000,1.00261200,1.00078800
4.118000,1.21117200,1.00662800,1.00518800,1.00426000,1.00261200,1.00078800
4.120000,1.21119500,1.00662900,1.00518800,1.00426000,1.00261200,1.00078800
4.122000,1.21121700,1.00662900,1.00518900,1.00426000,1.00261200,1.00078800
4.124000,1.21124000,1.00662900,1.00518900,1.00426000,1.00261200,1.00078800
4.125999,1.21126200,1.00662900,1.00518900,1.00426100,1.00261200,1.00078800
4.128000,1.21128500,1.00662900,1.00518900,1.00426100,1.00261200,1.00078800
4.130000,1.21130800,1.00663000,1.00518900,1.00426100,1.00261200,1.00078800
4.131999,1.21133100,1.00663000,1.00518900,1.00426100,1.00261200,1.00078800
4.134000,1.21135300,1.00663000,1.00518900,1.00426100,1.00261200,1.00078800
4.136000,1.21137600,1.00663000,1.00519000,1.00426100,1.00261300,1.00078800
4.138000,1.21139900,1.00663000,1.00519000,1.00426100,1.00261300,1.00078800
4.140000,1.21142100,1.00663100,1.00519000,1.00426100,1.00261300,1.00078800
4.142000,1.21144400,1.00663100,1.00519000,1.00426100,1.00261300,1.00078800
4.144000,1.21146700,1.00663100,1.00519000,1.00426200,1.00261300,1.00078800
4.145999,1.21149000,1.00663100,1.00519000,1.00426200,1.00261300,1.00078800
4.148000,1.21151200,1.00663100,1.00519000,1.00426200,1.00261300,1.00078800
4.150000,1.21153500,1.00663200,1.00519100,1.00426200,1.00261300,1.00078800
4.151999,1.21155800,1.00663200,1.00519100,1.00426200,1.00261300,1.00078800
4.154000,1.21158100,1.00663200,1.00519100,1.00426200,1.00261300,1.00078800
4.156000,1.21160300,1.00663200,1.00519100,1.00426200,1.00261300,1.00078800
4.158000,1.21162600,1.00663200,1.00519100,1.00426200,1.00261300,1.00078800
4.160000,1.21164900,1.00663300,1.00519100,1.00426200,1.00261300,1.00078800
4.162000,1.21167200,1.00663300,1.00519100,1.00426300,1.00261300,1.00078800
4.164000,1.21169400,1.00663300,1.00519200,1.00426300,1.00261400,1.00078800
4.165999,1.21171700,1.00663300,1.00519200,1.00426300,1.00261400,1.00078900
4.168000,1.21174000,1.00663300,1.00519200,1.00426300,1.00261400,1.00078900
4.170000,1.21176300,1.00663400,1.00519200,1.00426300,1.00261400,1.00078900
4.172000,1.21178600,1.00663400,1.00519200,1.00426300,1.00261400,1.00078900
4.174000,1.21180800,1.00663400,1.00519200,1.00426300,1.00261400,1.00078900
4.176000,1.21183100,1.00663400,1.00519300,1.00426300,1.00261400,1.00078900
4.178000,1.21185400,1.00663400,1.00519300,1.00426400,1.00261400,1.00078900
4.180000,1.21187700,1.00663400,1.00519300,1.00426400,1.00261400,1.00078900
4.182000,1.21190000,1.00663500,1.00519300,1.00426400,1.00261400,1.00078900
4.184000,1.21192200,1.00663500,1.00519300,1.00426400,1.00261400,1.00078900
4.185999,1.21194500,1.00663500,1.00519300,1.00426400,1.00261400,1.00078900
4.188000,1.21196800,1.00663500,1.00519300,1.00426400,1.00261400,1.00078900
4.190000,1.21199100,1.00663500,1.00519300,1.00426400,1.00261400,1.00078900
4.192000,1.21201400,1.00663600,1.00519400,1.00426400,1.00261400,1.00078900
4.194000,1.21203700,1.00663600,1.00519400,1.00426400,1.00261500,1.00078900
4.196000,1.21205900,1.00663600,1.00519400,1.00426500,1.00261500,1.00078900
4.198000,1.21208200,1.00663600,1.00519400,1.00426500,1.00261500,1.00078900
4.199999,1.21210500,1.00663700,1.00519400,1.00426500,1.00261500,1.00078900
4.202000,1.21212800,1.00663700,1.00519400,1.00426500,1.00261500,1.00078900
4.204000,1.21215100,1.00663700,1.00519500,1.00426500,1.00261500,1.00078900
4.206000,1.21217400,1.00663700,1.00519500,1.00426500,1.00261500,1.00078900
4.208000,1.21219700,1.00663700,1.00519500,1.00426500,1.00261500,1.00078900
4.210000,1.21222000,1.00663700,1.00519500,1.00426500,1.00261500,1.00078900
4.212000,1.21224300,1.00663800,1.00519500,1.00426600,1.00261500,1.00078900
4.214000,1.21226500,1.00663800,1.00519500,1.00426600,1.00261500,1.00078900
4.216000,1.21228800,1.00663800,1.00519500,1.00426600,1.00261500,1.00078900
4.217999,1.21231100,1.00663800,1.00519600,1.00426600,1.00261500,1.00078900
4.219999,1.21233400,1.00663800,1.00519600,1.00426600,1.00261500,1.00078900
4.222000,1.21235700,1.00663900,1.00519600,1.00426600,1.00261600,1.00078900
4.224000,1.21238000,1.00663900,1.00519600,1.00426600,1.00261600,1.00078900
4.226000,1.21240300,1.00663900,1.00519600,1.00426600,1.00261600,1.00078900
4.228000,1.21242600,1.00663900,1.00519600,1.00426700,1.00261600,1.00078900
4.230000,1.21244900,1.00663900,1.00519600,1.00426700,1.00261600,1.00078900
4.232000,1.21247200,1.00664000,1.00519700,1.00426700,1.00261600,1.00078900
4.234000,1.21249500,1.00664000,1.00519700,1.00426700,1.00261600,1.00078900
4.236000,1.21251800,1.00664000,1.00519700,1.00426700,1.00261600,1.00078900
4.237999,1.21254100,1.00664000,1.00519700,1.00426700,1.00261600,1.00078900
4.240000,1.21256400,1.00664000,1.00519700,1.00426700,1.00261600,1.00078900
4.242000,1.21258700,1.00664100,1.00519700,1.00426700,1.00261600,1.00078900
4.243999,1.21261000,1.00664100,1.00519800,1.00426700,1.00261600,1.00078900
4.246000,1.21263300,1.00664100,1.00519800,1.00426800,1.00261600,1.00078900
4.248000,1.21265600,1.00664100,1.00519800,1.00426800,1.00261700,1.00078900
4.250000,1.21267900,1.00664100,1.00519800,1.00426800,1.00261700,1.00078900
4.252000,1.21270200,1.00664200,1.00519800,1.00426800,1.00261700,1.00078900
4.254000,1.21272500,1.00664200,1.00519800,1.00426800,1.00261700,1.00078900
4.256000,1.21274800,1.00664200,1.00519800,1.00426800,1.00261700,1.00078900
4.257999,1.21277100,1.00664200,1.00519800,1.00426800,1.00261700,1.00078900
4.260000,1.21279400,1.00664200,1.00519900,1.00426800,1.00261700,1.00078900
4.262000,1.21281700,1.00664300,1.00519900,1.00426900,1.00261700,1.00079000
4.263999,1.21284000,1.00664300,1.00519900,1.00426900,1.00261700,1.00079000
4.266000,1.21286300,1.00664300,1.00519900,1.00426900,1.00261700,1.00079000
4.268000,1.21288600,1.00664300,1.00519900,1.00426900,1.00261700,1.00079000
4.270000,1.21290900,1.00664300,1.00519900,1.00426900,1.00261700,1.00079000
4.272000,1.21293200,1.00664400,1.00520000,1.00426900,1.00261700,1.00079000
4.274000,1.21295500,1.00664400,1.00520000,1.00426900,1.00261700,1.00079000
4.276000,1.21297800,1.00664400,1.00520000,1.00426900,1.00261700,1.00079000
4.277999,1.21300100,1.00664400,1.00520000,1.00426900,1.00261700,1.00079000
4.280000,1.21302400,1.00664400,1.00520000,1.00427000,1.00261800,1.00079000
4.282000,1.21304800,1.00664400,1.00520000,1.00427000,1.00261800,1.00079000
4.284000,1.21307100,1.00664500,1.00520000,1.00427000,1.00261800,1.00079000
4.286000,1.21309400,1.00664500,1.00520100,1.00427000,1.00261800,1.00079000
4.288000,1.21311700,1.00664500,1.00520100,1.00427000,1.00261800,1.00079000
4.290000,1.21314000,1.00664500,1.00520100,1.00427000,1.00261800,1.00079000
4.292000,1.21316300,1.00664500,1.00520100,1.00427000,1.00261800,1.00079000
4.294000,1.21318600,1.00664600,1.00520100,1.00427000,1.00261800,1.00079000
4.296000,1.21320900,1.00664600,1.00520100,1.00427100,1.00261800,1.00079000
4.297999,1.21323200,1.00664600,1.00520100,1.00427100,1.00261800,1.00079000
4.300000,1.21325500,1.00664600,1.00520200,1.00427100,1.00261800,1.00079000
4.302000,1.21327900,1.00664700,1.00520200,1.00427100,1.00261800,1.00079000
4.304000,1.21330200,1.00664700,1.00520200,1.00427100,1.00261800,1.00079000
4.306000,1.21332500,1.00664700,1.00520200,1.00427100,1.00261900,1.00079000
4.308000,1.21334800,1.00664700,1.00520200,1.00427100,1.00261900,1.00079000
4.310000,1.21337100,1.00664700,1.00520200,1.00427100,1.00261900,1.00079000
4.311999,1.21339400,1.00664700,1.00520300,1.00427200,1.00261900,1.00079000
4.314000,1.21341800,1.00664800,1.00520300,1.00427200,1.00261900,1.00079000
4.316000,1.21344100,1.00664800,1.00520300,1.00427200,1.00261900,1.00079000
4.318000,1.21346400,1.00664800,1.00520300,1.00427200,1.00261900,1.00079000
4.320000,1.21348700,1.00664800,1.00520300,1.00427200,1.00261900,1.00079000
4.322000,1.21351000,1.00664800,1.00520300,1.00427200,1.00261900,1.00079000
4.324000,1.21353400,1.00664900,1.00520300,1.00427200,1.00261900,1.00079000
4.326000,1.21355700,1.00664900,1.00520300,1.00427200,1.00261900,1.00079000
4.328000,1.21358000,1.00664900,1.00520400,1.00427200,1.00261900,1.00079000
4.329999,1.21360300,1.00664900,1.00520400,1.00427300,1.00261900,1.00079000
4.331999,1.21362600,1.00664900,1.00520400,1.00427300,1.00261900,1.00079000
4.334000,1.21365000,1.00665000,1.00520400,1.00427300,1.00262000,1.00079000
4.335999,1.21367300,1.00665000,1.00520400,1.00427300,1.00262000,1.00079000
4.338000,1.21369600,1.00665000,1.00520400,1.00427300,1.00262000,1.00079000
4.340000,1.21371900,1.00665000,1.00520500,1.00427300,1.00262000,1.00079000
4.342000,1.21374200,1.00665000,1.00520500,1.00427300,1.00262000,1.00079000
4.344000,1.21376600,1.00665100,1.00520500,1.00427300,1.00262000,1.00079000
4.346000,1.21378900,1.00665100,1.00520500,1.00427400,1.00262000,1.00079000
4.348000,1.21381200,1.00665100,1.00520500,1.00427400,1.00262000,1.00079000
4.349999,1.21383600,1.00665100,1.00520500,1.00427400,1.00262000,1.00079000
4.352000,1.21385900,1.00665100,1.00520600,1.00427400,1.00262000,1.00079000
4.354000,1.21388200,1.00665200,1.00520600,1.00427400,1.00262000,1.00079000
4.355999,1.21390500,1.00665200,1.00520600,1.00427400,1.00262000,1.00079000
4.358000,1.21392900,1.00665200,1.00520600,1.00427400,1.00262000,1.00079000
4.360000,1.21395200,1.00665200,1.00520600,1.00427400,1.00262000,1.00079000
4.362000,1.21397500,1.00665200,1.00520600,1.00427400,1.00262000,1.00079000
4.364000,1.21399900,1.00665300,1.00520600,1.00427500,1.00262100,1.00079000
4.366000,1.21402200,1.00665300,1.00520600,1.00427500,1.00262100,1.00079000
4.368000,1.21404500,1.00665300,1.00520700,1.00427500,1.00262100,1.00079000
4.369999,1.21406900,1.00665300,1.00520700,1.00427500,1.00262100,1.00079100
4.372000,1.21409200,1.00665300,1.00520700,1.00427500,1.00262100,1.00079100
4.374000,1.21411500,1.00665400,1.00520700,1.00427500,1.00262100,1.00079100
4.375999,1.21413900,1.00665400,1.00520700,1.00427500,1.00262100,1.00079100
4.378000,1.21416200,1.00665400,1.00520700,1.00427500,1.00262100,1.00079100
4.380000,1.21418500,1.00665400,1.00520800,1.00427600,1.00262100,1.00079100
4.382000,1.21420900,1.00665400,1.00520800,1.00427600,1.00262100,1.00079100
4.384000,1.21423200,1.00665500,1.00520800,1.00427600,1.00262100,1.00079100
4.386000,1.21425500,1.00665500,1.00520800,1.00427600,1.00262100,1.00079100
4.388000,1.21427900,1.00665500,1.00520800,1.00427600,1.00262100,1.00079100
4.389999,1.21430200,1.00665500,1.00520800,1.00427600,1.00262100,1.00079100
4.392000,1.21432500,1.00665500,1.00520800,1.00427600,1.00262200,1.00079100
4.394000,1.21434900,1.00665600,1.00520900,1.00427600,1.00262200,1.00079100
4.396000,1.21437200,1.00665600,1.00520900,1.00427700,1.00262200,1.00079100
4.398000,1.21439600,1.00665600,1.00520900,1.00427700,1.00262200,1.00079100
4.400000,1.21441900,1.00665600,1.00520900,1.00427700,1.00262200,1.00079100
4.402000,1.21444200,1.00665600,1.00520900,1.00427700,1.00262200,1.00079100
4.404000,1.21446600,1.00665700,1.00520900,1.00427700,1.00262200,1.00079100
4.406000,1.21448900,1.00665700,1.00520900,1.00427700,1.00262200,1.00079100
4.408000,1.21451300,1.00665700,1.00521000,1.00427700,1.00262200,1.00079100
4.409999,1.21453600,1.00665700,1.00521000,1.00427700,1.00262200,1.00079100
4.412000,1.21456000,1.00665700,1.00521000,1.00427700,1.00262200,1.00079100
4.414000,1.21458300,1.00665700,1.00521000,1.00427800,1.00262200,1.00079100
4.416000,1.21460600,1.00665800,1.00521000,1.00427800,1.00262200,1.00079100
4.418000,1.21463000,1.00665800,1.00521000,1.00427800,1.00262200,1.00079100
4.420000,1.21465300,1.00665800,1.00521100,1.00427800,1.00262200,1.00079100
4.422000,1.21467700,1.00665800,1.00521100,1.00427800,1.00262300,1.00079100
4.423999,1.21470000,1.00665800,1.00521100,1.00427800,1.00262300,1.00079100
4.426000,1.21472400,1.00665900,1.00521100,1.00427800,1.00262300,1.00079100
4.427999,1.21474700,1.00665900,1.00521100,1.00427800,1.00262300,1.00079100
4.430000,1.21477100,1.00665900,1.00521100,1.00427900,1.00262300,1.00079100
4.432000,1.21479400,1.00665900,1.00521100,1.00427900,1.00262300,1.00079100
4.434000,1.21481800,1.00666000,1.00521100,1.00427900,1.00262300,1.00079100
4.436000,1.21484100,1.00666000,1.00521200,1.00427900,1.00262300,1.00079100
4.438000,1.21486500,1.00666000,1.00521200,1.00427900,1.00262300,1.00079100
4.440000,1.21488800,1.00666000,1.00521200,1.00427900,1.00262300,1.00079100
4.441999,1.21491200,1.00666000,1.00521200,1.00427900,1.00262300,1.00079100
4.443999,1.21493500,1.00666000,1.00521200,1.00427900,1.00262300,1.00079100
4.446000,1.21495900,1.00666100,1.00521200,1.00427900,1.00262300,1.00079100
4.447999,1.21498200,1.00666100,1.00521300,1.00428000,1.00262400,1.00079100
4.450000,1.21500600,1.00666100,1.00521300,1.00428000,1.00262400,1.00079100
4.452000,1.21502900,1.00666100,1.00521300,1.00428000,1.00262400,1.00079100
4.454000,1.21505300,1.00666100,1.00521300,1.00428000,1.00262400,1.00079100
4.456000,1.21507700,1.00666200,1.00521300,1.00428000,1.00262400,1.00079100
4.458000,1.21510000,1.00666200,1.00521300,1.00428000,1.00262400,1.00079100
4.460000,1.21512400,1.00666200,1.00521300,1.00428000,1.00262400,1.00079100
4.461999,1.21514700,1.00666200,1.00521400,1.00428000,1.00262400,1.00079100
4.464000,1.21517100,1.00666200,1.00521400,1.00428100,1.00262400,1.00079100
4.466000,1.21519400,1.00666300,1.00521400,1.00428100,1.00262400,1.00079200
4.467999,1.21521800,1.00666300,1.00521400,1.00428100,1.00262400,1.00079200
4.470000,1.21524200,1.00666300,1.00521400,1.00428100,1.00262400,1.00079200
4.472000,1.21526500,1.00666300,1.00521400,1.00428100,1.00262400,1.00079200
4.474000,1.21528900,1.00666300,1.00521400,1.00428100,1.00262400,1.00079200
4.476000,1.21531200,1.00666400,1.00521500,1.00428100,1.00262500,1.00079200
4.478000,1.21533600,1.00666400,1.00521500,1.00428100,1.00262500,1.00079200
4.480000,1.21536000,1.00666400,1.00521500,1.00428200,1.00262500,1.00079200
4.481999,1.21538300,1.00666400,1.00521500,1.00428200,1.00262500,1.00079200
4.484000,1.21540700,1.00666400,1.00521500,1.00428200,1.00262500,1.00079200
4.486000,1.21543100,1.00666500,1.00521500,1.00428200,1.00262500,1.00079200
4.487999,1.21545400,1.00666500,1.00521600,1.00428200,1.00262500,1.00079200
4.490000,1.21547800,1.00666500,1.00521600,1.00428200,1.00262500,1.00079200
4.492000,1.21550200,1.00666500,1.00521600,1.00428200,1.00262500,1.00079200
4.494000,1.21552500,1.00666500,1.00521600,1.00428200,1.00262500,1.00079200
4.496000,1.21554900,1.00666600,1.00521600,1.00428200,1.00262500,1.00079200
4.498000,1.21557200,1.00666600,1.00521600,1.00428300,1.00262500,1.00079200
4.500000,1.21559600,1.00666600,1.00521600,1.00428300,1.00262500,1.00079200
4.501999,1.21562000,1.00666600,1.00521700,1.00428300,1.00262500,1.00079200
4.504000,1.21564400,1.00666600,1.00521700,1.00428300,1.00262500,1.00079200
4.506000,1.21566700,1.00666700,1.00521700,1.00428300,1.00262600,1.00079200
4.508000,1.21569100,1.00666700,1.00521700,1.00428300,1.00262600,1.00079200
4.510000,1.21571500,1.00666700,1.00521700,1.00428300,1.00262600,1.00079200
4.512000,1.21573800,1.00666700,1.00521700,1.00428300,1.00262600,1.00079200
4.514000,1.21576200,1.00666700,1.00521700,1.00428400,1.00262600,1.00079200
4.516000,1.21578600,1.00666800,1.00521800,1.00428400,1.00262600,1.00079200
4.518000,1.21581000,1.00666800,1.00521800,1.00428400,1.00262600,1.00079200
4.520000,1.21583300,1.00666800,1.00521800,1.00428400,1.00262600,1.00079200
4.521999,1.21585700,1.00666800,1.00521800,1.00428400,1.00262600,1.00079200
4.524000,1.21588100,1.00666800,1.00521800,1.00428400,1.00262600,1.00079200
4.526000,1.21590400,1.00666900,1.00521800,1.00428400,1.00262600,1.00079200
4.528000,1.21592800,1.00666900,1.00521900,1.00428400,1.00262600,1.00079200
4.530000,1.21595200,1.00666900,1.00521900,1.00428500,1.00262600,1.00079200
4.532000,1.21597600,1.00666900,1.00521900,1.00428500,1.00262600,1.00079200
4.534000,1.21600000,1.00666900,1.00521900,1.00428500,1.00262700,1.00079200
4.535999,1.21602300,1.00667000,1.00521900,1.00428500,1.00262700,1.00079200
4.538000,1.21604700,1.00667000,1.00521900,1.00428500,1.00262700,1.00079200
4.539999,1.21607100,1.00667000,1.00521900,1.00428500,1.00262700,1.00079200
4.542000,1.21609500,1.00667000,1.00522000,1.00428500,1.00262700,1.00079200
4.544000,1.21611800,1.00667000,1.00522000,1.00428500,1.00262700,1.00079200
4.546000,1.21614200,1.00667000,1.00522000,1.00428500,1.00262700,1.00079200
4.548000,1.21616600,1.00667100,1.00522000,1.00428600,1.00262700,1.00079200
4.550000,1.21619000,1.00667100,1.00522000,1.00428600,1.00262700,1.00079200
4.552000,1.21621400,1.00667100,1.00522000,1.00428600,1.00262700,1.00079200
4.553999,1.21623800,1.00667100,1.00522000,1.00428600,1.00262700,1.00079200
4.555999,1.21626200,1.00667200,1.00522100,1.00428600,1.00262700,1.00079200
4.558000,1.21628500,1.00667200,1.00522100,1.00428600,1.00262700,1.00079200
4.559999,1.21630900,1.00667200,1.00522100,1.00428600,1.00262700,1.00079200
4.562000,1.21633300,1.00667200,1.00522100,1.00428600,1.00262700,1.00079300
4.564000,1.21635700,1.00667200,1.00522100,1.00428700,1.00262800,1.00079300
4.566000,1.21638100,1.00667300,1.00522100,1.00428700,1.00262800,1.00079300
4.568000,1.21640500,1.00667300,1.00522100,1.00428700,1.00262800,1.00079300
4.570000,1.21642800,1.00667300,1.00522200,1.00428700,1.00262800,1.00079300
4.572000,1.21645200,1.00667300,1.00522200,1.00428700,1.00262800,1.00079300
4.573999,1.21647600,1.00667300,1.00522200,1.00428700,1.00262800,1.00079300
4.576000,1.21650000,1.00667300,1.00522200,1.00428700,1.00262800,1.00079300
4.578000,1.21652400,1.00667400,1.00522200,1.00428700,1.00262800,1.00079300
4.579999,1.21654800,1.00667400,1.00522200,1.00428700,1.00262800,1.00079300
4.582000,1.21657200,1.00667400,1.00522300,1.00428800,1.00262800,1.00079300
4.584000,1.21659600,1.00667400,1.00522300,1.00428800,1.00262800,1.00079300
4.586000,1.21662000,1.00667500,1.00522300,1.00428800,1.00262800,1.00079300
4.588000,1.21664400,1.00667500,1.00522300,1.00428800,1.00262800,1.00079300
4.590000,1.21666800,1.00667500,1.00522300,1.00428800,1.00262900,1.00079300
4.592000,1.21669100,1.00667500,1.00522300,1.00428800,1.00262900,1.00079300
4.593999,1.21671500,1.00667500,1.00522300,1.00428800,1.00262900,1.00079300
4.596000,1.21673900,1.00667500,1.00522400,1.00428800,1.00262900,1.00079300
4.598000,1.21676300,1.00667600,1.00522400,1.00428900,1.00262900,1.00079300
4.599999,1.21678700,1.00667600,1.00522400,1.00428900,1.00262900,1.00079300
4.602000,1.21681100,1.00667600,1.00522400,1.00428900,1.00262900,1.00079300
4.604000,1.21683500,1.00667600,1.00522400,1.00428900,1.00262900,1.00079300
4.606000,1.21685900,1.00667600,1.00522400,1.00428900,1.00262900,1.00079300
4.608000,1.21688300,1.00667700,1.00522400,1.00428900,1.00262900,1.00079300
4.610000,1.21690700,1.00667700,1.00522500,1.00428900,1.00262900,1.00079300
4.612000,1.21693100,1.00667700,1.00522500,1.00428900,1.00262900,1.00079300
4.613999,1.21695500,1.00667700,1.00522500,1.00429000,1.00262900,1.00079300
4.616000,1.21697900,1.00667800,1.00522500,1.00429000,1.00262900,1.00079300
4.618000,1.21700300,1.00667800,1.00522500,1.00429000,1.00263000,1.00079300
4.620000,1.21702700,1.00667800,1.00522500,1.00429000,1.00263000,1.00079300
4.622000,1.21705100,1.00667800,1.00522500,1.00429000,1.00263000,1.00079300
4.624000,1.21707500,1.00667800,1.00522600,1.00429000,1.00263000,1.00079300
4.626000,1.21709900,1.00667800,1.00522600,1.00429000,1.00263000,1.00079300
4.628000,1.21712300,1.00667900,1.00522600,1.00429000,1.00263000,1.00079300
4.630000,1.21714700,1.00667900,1.00522600,1.00429000,1.00263000,1.00079300
4.631999,1.21717100,1.00667900,1.00522600,1.00429100,1.00263000,1.00079300
4.633999,1.21719500,1.00667900,1.00522600,1.00429100,1.00263000,1.00079300
4.636000,1.21721900,1.00667900,1.00522600,1.00429100,1.00263000,1.00079300
4.638000,1.21724300,1.00668000,1.00522700,1.00429100,1.00263000,1.00079300
4.640000,1.21726800,1.00668000,1.00522700,1.00429100,1.00263000,1.00079300
4.642000,1.21729200,1.00668000,1.00522700,1.00429100,1.00263000,1.00079300
4.644000,1.21731600,1.00668000,1.00522700,1.00429100,1.00263000,1.00079300
4.646000,1.21734000,1.00668000,1.00522700,1.00429100,1.00263000,1.00079300
4.648000,1.21736400,1.00668100,1.00522700,1.00429200,1.00263100,1.00079300
4.650000,1.21738800,1.00668100,1.00522800,1.00429200,1.00263100,1.00079300
4.651999,1.21741200,1.00668100,1.00522800,1.00429200,1.00263100,1.00079300
4.654000,1.21743600,1.00668100,1.00522800,1.00429200,1.00263100,1.00079300
4.656000,1.21746000,1.00668100,1.00522800,1.00429200,1.00263100,1.00079300
4.658000,1.21748400,1.00668200,1.00522800,1.00429200,1.00263100,1.00079300
4.660000,1.21750900,1.00668200,1.00522800,1.00429200,1.00263100,1.00079300
4.662000,1.21753300,1.00668200,1.00522800,1.00429200,1.00263100,1.00079300
4.664000,1.21755700,1.00668200,1.00522900,1.00429200,1.00263100,1.00079300
4.665999,1.21758100,1.00668200,1.00522900,1.00429300,1.00263100,1.00079300
4.667999,1.21760500,1.00668300,1.00522900,1.00429300,1.00263100,1.00079400
4.670000,1.21762900,1.00668300,1.00522900,1.00429300,1.00263100,1.00079400
4.671999,1.21765300,1.00668300,1.00522900,1.00429300,1.00263100,1.00079400
4.674000,1.21767800,1.00668300,1.00522900,1.00429300,1.00263200,1.00079400
4.676000,1.21770200,1.00668300,1.00522900,1.00429300,1.00263200,1.00079400
4.677999,1.21772600,1.00668400,1.00523000,1.00429300,1.00263200,1.00079400
4.680000,1.21775000,1.00668400,1.00523000,1.00429300,1.00263200,1.00079400
4.682000,1.21777400,1.00668400,1.00523000,1.00429400,1.00263200,1.00079400
4.684000,1.21779800,1.00668400,1.00523000,1.00429400,1.00263200,1.00079400
4.685999,1.21782300,1.00668400,1.00523000,1.00429400,1.00263200,1.00079400
4.688000,1.21784700,1.00668500,1.00523000,1.00429400,1.00263200,1.00079400
4.690000,1.21787100,1.00668500,1.00523100,1.00429400,1.00263200,1.00079400
4.691999,1.21789500,1.00668500,1.00523100,1.00429400,1.00263200,1.00079400
4.694000,1.21792000,1.00668500,1.00523100,1.00429400,1.00263200,1.00079400
4.696000,1.21794400,1.00668500,1.00523100,1.00429400,1.00263200,1.00079400
4.698000,1.21796800,1.00668600,1.00523100,1.00429500,1.00263200,1.00079400
4.700000,1.21799200,1.00668600,1.00523100,1.00429500,1.00263200,1.00079400
4.702000,1.21801700,1.00668600,1.00523100,1.00429500,1.00263200,1.00079400
4.704000,1.21804100,1.00668600,1.00523200,1.00429500,1.00263200,1.00079400
4.705999,1.21806500,1.00668600,1.00523200,1.00429500,1.00263300,1.00079400
4.708000,1.21808900,1.00668700,1.00523200,1.00429500,1.00263300,1.00079400
4.710000,1.21811400,1.00668700,1.00523200,1.00429500,1.00263300,1.00079400
4.711999,1.21813800,1.00668700,1.00523200,1.00429500,1.00263300,1.00079400
4.714000,1.21816200,1.00668700,1.00523200,1.00429500,1.00263300,1.00079400
4.716000,1.21818600,1.00668700,1.00523200,1.00429600,1.00263300,1.00079400
4.718000,1.21821100,1.00668800,1.00523300,1.00429600,1.00263300,1.00079400
4.720000,1.21823500,1.00668800,1.00523300,1.00429600,1.00263300,1.00079400
4.722000,1.21825900,1.00668800,1.00523300,1.00429600,1.00263300,1.00079400
4.724000,1.21828400,1.00668800,1.00523300,1.00429600,1.00263300,1.00079400
4.725999,1.21830800,1.00668800,1.00523300,1.00429600,1.00263300,1.00079400
4.728000,1.21833200,1.00668900,1.00523300,1.00429600,1.00263300,1.00079400
4.730000,1.21835700,1.00668900,1.00523400,1.00429600,1.00263300,1.00079400
4.732000,1.21838100,1.00668900,1.00523400,1.00429700,1.00263400,1.00079400
4.734000,1.21840500,1.00668900,1.00523400,1.00429700,1.00263400,1.00079400
4.736000,1.21843000,1.00668900,1.00523400,1.00429700,1.00263400,1.00079400
4.738000,1.21845400,1.00669000,1.00523400,1.00429700,1.00263400,1.00079400
4.740000,1.21847800,1.00669000,1.00523400,1.00429700,1.00263400,1.00079400
4.742000,1.21850300,1.00669000,1.00523400,1.00429700,1.00263400,1.00079400
4.743999,1.21852700,1.00669000,1.00523500,1.00429700,1.00263400,1.00079400
4.745999,1.21855200,1.00669000,1.00523500,1.00429700,1.00263400,1.00079400
4.748000,1.21857600,1.00669100,1.00523500,1.00429700,1.00263400,1.00079400
4.750000,1.21860000,1.00669100,1.00523500,1.00429800,1.00263400,1.00079400
4.752000,1.21862500,1.00669100,1.00523500,1.00429800,1.00263400,1.00079400
4.754000,1.21864900,1.00669100,1.00523500,1.00429800,1.00263400,1.00079400
4.756000,1.21867300,1.00669100,1.00523500,1.00429800,1.00263400,1.00079400
4.758000,1.21869800,1.00669200,1.00523600,1.00429800,1.00263500,1.00079400
4.760000,1.21872200,1.00669200,1.00523600,1.00429800,1.00263500,1.00079400
4.762000,1.21874700,1.00669200,1.00523600,1.00429800,1.00263500,1.00079400
4.763999,1.21877100,1.00669200,1.00523600,1.00429800,1.00263500,1.00079500
4.766000,1.21879600,1.00669200,1.00523600,1.00429900,1.00263500,1.00079500
4.768000,1.21882000,1.00669300,1.00523600,1.00429900,1.00263500,1.00079500
4.770000,1.21884400,1.00669300,1.00523700,1.00429900,1.00263500,1.00079500
4.772000,1.21886900,1.00669300,1.00523700,1.00429900,1.00263500,1.00079500
4.774000,1.21889300,1.00669300,1.00523700,1.00429900,1.00263500,1.00079500
4.776000,1.21891800,1.00669300,1.00523700,1.00429900,1.00263500,1.00079500
4.778000,1.21894200,1.00669400,1.00523700,1.00429900,1.00263500,1.00079500
4.779999,1.21896700,1.00669400,1.00523700,1.00429900,1.00263500,1.00079500
4.782000,1.21899100,1.00669400,1.00523700,1.00430000,1.00263500,1.00079500
4.783999,1.21901600,1.00669400,1.00523800,1.00430000,1.00263500,1.00079500
4.786000,1.21904000,1.00669400,1.00523800,1.00430000,1.00263500,1.00079500
4.788000,1.21906500,1.00669500,1.00523800,1.00430000,1.00263500,1.00079500
4.789999,1.21908900,1.00669500,1.00523800,1.00430000,1.00263600,1.00079500
4.792000,1.21911400,1.00669500,1.00523800,1.00430000,1.00263600,1.00079500
4.794000,1.21913800,1.00669500,1.00523800,1.00430000,1.00263600,1.00079500
4.796000,1.21916300,1.00669500,1.00523800,1.00430000,1.00263600,1.00079500
4.797999,1.21918700,1.00669600,1.00523900,1.00430000,1.00263600,1.00079500
4.800000,1.21921200,1.00669600,1.00523900,1.00430100,1.00263600,1.00079500
4.802000,1.21923600,1.00669600,1.00523900,1.00430100,1.00263600,1.00079500
4.803999,1.21926100,1.00669600,1.00523900,1.00430100,1.00263600,1.00079500
4.806000,1.21928500,1.00669600,1.00523900,1.00430100,1.00263600,1.00079500
4.808000,1.21931000,1.00669700,1.00523900,1.00430100,1.00263600,1.00079500
4.810000,1.21933500,1.00669700,1.00523900,1.00430100,1.00263600,1.00079500
4.812000,1.21935900,1.00669700,1.00524000,1.00430100,1.00263600,1.00079500
4.814000,1.21938400,1.00669700,1.00524000,1.00430100,1.00263600,1.00079500
4.816000,1.21940800,1.00669700,1.00524000,1.00430200,1.00263700,1.00079500
4.817999,1.21943300,1.00669800,1.00524000,1.00430200,1.00263700,1.00079500
4.820000,1.21945700,1.00669800,1.00524000,1.00430200,1.00263700,1.00079500
4.822000,1.21948200,1.00669800,1.00524000,1.00430200,1.00263700,1.00079500
4.823999,1.21950700,1.00669800,1.00524100,1.00430200,1.00263700,1.00079500
4.826000,1.21953100,1.00669800,1.00524100,1.00430200,1.00263700,1.00079500
4.828000,1.21955600,1.00669900,1.00524100,1.00430200,1.00263700,1.00079500
4.830000,1.21958000,1.00669900,1.00524100,1.00430200,1.00263700,1.00079500
4.832000,1.21960500,1.00669900,1.00524100,1.00430300,1.00263700,1.00079500
4.834000,1.21963000,1.00669900,1.00524100,1.00430300,1.00263700,1.00079500
4.835999,1.21965400,1.00669900,1.00524100,1.00430300,1.00263700,1.00079500
4.837999,1.21967900,1.00670000,1.00524200,1.00430300,1.00263700,1.00079500
4.840000,1.21970400,1.00670000,1.00524200,1.00430300,1.00263700,1.00079500
4.842000,1.21972800,1.00670000,1.00524200,1.00430300,1.00263800,1.00079500
4.844000,1.21975300,1.00670000,1.00524200,1.00430300,1.00263800,1.00079500
4.846000,1.21977800,1.00670000,1.00524200,1.00430300,1.00263800,1.00079500
4.848000,1.21980200,1.00670100,1.00524200,1.00430300,1.00263800,1.00079500
4.850000,1.21982700,1.00670100,1.00524200,1.00430400,1.00263800,1.00079500
4.852000,1.21985200,1.00670100,1.00524300,1.00430400,1.00263800,1.00079500
4.854000,1.21987600,1.00670100,1.00524300,1.00430400,1.00263800,1.00079500
4.855999,1.21990100,1.00670100,1.00524300,1.00430400,1.00263800,1.00079500
4.857999,1.21992600,1.00670200,1.00524300,1.00430400,1.00263800,1.00079500
4.860000,1.21995000,1.00670200,1.00524300,1.00430400,1.00263800,1.00079500
4.862000,1.21997500,1.00670200,1.00524300,1.00430400,1.00263800,1.00079500
4.864000,1.22000000,1.00670200,1.00524400,1.00430400,1.00263800,1.00079500
4.866000,1.22002500,1.00670200,1.00524400,1.00430500,1.00263800,1.00079500
4.868000,1.22004900,1.00670300,1.00524400,1.00430500,1.00263800,1.00079500
4.870000,1.22007400,1.00670300,1.00524400,1.00430500,1.00263800,1.00079600
4.872000,1.22009900,1.00670300,1.00524400,1.00430500,1.00263900,1.00079600
4.874000,1.22012400,1.00670300,1.00524400,1.00430500,1.00263900,1.00079600
4.875999,1.22014800,1.00670300,1.00524400,1.00430500,1.00263900,1.00079600
4.878000,1.22017300,1.00670300,1.00524500,1.00430500,1.00263900,1.00079600
4.880000,1.22019800,1.00670400,1.00524500,1.00430500,1.00263900,1.00079600
4.881999,1.22022300,1.00670400,1.00524500,1.00430500,1.00263900,1.00079600
4.884000,1.22024700,1.00670400,1.00524500,1.00430600,1.00263900,1.00079600
4.886000,1.22027200,1.00670400,1.00524500,1.00430600,1.00263900,1.00079600
4.888000,1.22029700,1.00670500,1.00524500,1.00430600,1.00263900,1.00079600
4.890000,1.22032200,1.00670500,1.00524500,1.00430600,1.00263900,1.00079600
4.891999,1.22034700,1.00670500,1.00524600,1.00430600,1.00263900,1.00079600
4.894000,1.22037100,1.00670500,1.00524600,1.00430600,1.00263900,1.00079600
4.895999,1.22039600,1.00670500,1.00524600,1.00430600,1.00263900,1.00079600
4.898000,1.22042100,1.00670600,1.00524600,1.00430700,1.00263900,1.00079600
4.900000,1.22044600,1.00670600,1.00524600,1.00430700,1.00264000,1.00079600
4.901999,1.22047100,1.00670600,1.00524600,1.00430700,1.00264000,1.00079600
4.904000,1.22049600,1.00670600,1.00524700,1.00430700,1.00264000,1.00079600
4.906000,1.22052000,1.00670600,1.00524700,1.00430700,1.00264000,1.00079600
4.908000,1.22054500,1.00670700,1.00524700,1.00430700,1.00264000,1.00079600
4.909999,1.22057000,1.00670700,1.00524700,1.00430700,1.00264000,1.00079600
4.912000,1.22059500,1.00670700,1.00524700,1.00430700,1.00264000,1.00079600
4.914000,1.22062000,1.00670700,1.00524700,1.00430800,1.00264000,1.00079600
4.915999,1.22064500,1.00670700,1.00524700,1.00430800,1.00264000,1.00079600
4.918000,1.22067000,1.00670800,1.00524800,1.00430800,1.00264000,1.00079600
4.920000,1.22069400,1.00670800,1.00524800,1.00430800,1.00264000,1.00079600
4.922000,1.22071900,1.00670800,1.00524800,1.00430800,1.00264000,1.00079600
4.924000,1.22074400,1.00670800,1.00524800,1.00430800,1.00264000,1.00079600
4.926000,1.22076900,1.00670800,1.00524800,1.00430800,1.00264000,1.00079600
4.927999,1.22079400,1.00670900,1.00524800,1.00430800,1.00264000,1.00079600
4.929999,1.22081900,1.00670900,1.00524900,1.00430800,1.00264100,1.00079600
4.932000,1.22084400,1.00670900,1.00524900,1.00430900,1.00264100,1.00079600
4.934000,1.22086900,1.00670900,1.00524900,1.00430900,1.00264100,1.00079600
4.935999,1.22089400,1.00670900,1.00524900,1.00430900,1.00264100,1.00079600
4.938000,1.22091900,1.00671000,1.00524900,1.00430900,1.00264100,1.00079600
4.940000,1.22094400,1.00671000,1.00524900,1.00430900,1.00264100,1.00079600
4.942000,1.22096900,1.00671000,1.00524900,1.00430900,1.00264100,1.00079600
4.944000,1.22099400,1.00671000,1.00525000,1.00430900,1.00264100,1.00079600
4.946000,1.22101900,1.00671000,1.00525000,1.00430900,1.00264100,1.00079600
4.947999,1.22104400,1.00671100,1.00525000,1.00431000,1.00264100,1.00079600
4.949999,1.22106900,1.00671100,1.00525000,1.00431000,1.00264100,1.00079600
4.952000,1.22109300,1.00671100,1.00525000,1.00431000,1.00264100,1.00079600
4.954000,1.22111800,1.00671100,1.00525000,1.00431000,1.00264100,1.00079600
4.956000,1.22114300,1.00671100,1.00525000,1.00431000,1.00264200,1.00079600
4.958000,1.22116900,1.00671200,1.00525100,1.00431000,1.00264200,1.00079600
4.960000,1.22119300,1.00671200,1.00525100,1.00431000,1.00264200,1.00079600
4.962000,1.22121800,1.00671200,1.00525100,1.00431000,1.00264200,1.00079600
4.964000,1.22124400,1.00671200,1.00525100,1.00431000,1.00264200,1.00079700
4.966000,1.22126900,1.00671200,1.00525100,1.00431100,1.00264200,1.00079700
4.967999,1.22129400,1.00671300,1.00525100,1.00431100,1.00264200,1.00079700
4.969999,1.22131900,1.00671300,1.00525200,1.00431100,1.00264200,1.00079700
4.972000,1.22134400,1.00671300,1.00525200,1.00431100,1.00264200,1.00079700
4.974000,1.22136900,1.00671300,1.00525200,1.00431100,1.00264200,1.00079700
4.976000,1.22139400,1.00671300,1.00525200,1.00431100,1.00264200,1.00079700
4.978000,1.22141900,1.00671400,1.00525200,1.00431100,1.00264200,1.00079700
4.980000,1.22144400,1.00671400,1.00525200,1.00431100,1.00264200,1.00079700
4.982000,1.22146900,1.00671400,1.00525200,1.00431200,1.00264200,1.00079700
4.984000,1.22149400,1.00671400,1.00525300,1.00431200,1.00264300,1.00079700
4.986000,1.22151900,1.00671400,1.00525300,1.00431200,1.00264300,1.00079700
4.987999,1.22154400,1.00671500,1.00525300,1.00431200,1.00264300,1.00079700
4.990000,1.22156900,1.00671500,1.00525300,1.00431200,1.00264300,1.00079700
4.992000,1.22159400,1.00671500,1.00525300,1.00431200,1.00264300,1.00079700
4.993999,1.22161900,1.00671500,1.00525300,1.00431200,1.00264300,1.00079700
4.996000,1.22164500,1.00671500,1.00525300,1.00431200,1.00264300,1.00079700
4.998000,1.22167000,1.00671600,1.00525400,1.00431300,1.00264300,1.00079700
5.000000,1.22169500,1.00671600,1.00525400,1.00431300,1.00264300,1.00079700
5.002000,1.22172000,1.00671600,1.00525400,1.00431300,1.00264300,1.00079700
5.003999,1.22174500,1.00671600,1.00525400,1.00431300,1.00264300,1.00079700
5.006000,1.22177000,1.00671600,1.00525400,1.00431300,1.00264300,1.00079700
5.007999,1.22179500,1.00671700,1.00525400,1.00431300,1.00264300,1.00079700
5.010000,1.22182100,1.00671700,1.00525500,1.00431300,1.00264300,1.00079700
5.012000,1.22184600,1.00671700,1.00525500,1.00431300,1.00264300,1.00079700
5.013999,1.22187100,1.00671700,1.00525500,1.00431300,1.00264400,1.00079700
5.016000,1.22189600,1.00671700,1.00525500,1.00431400,1.00264400,1.00079700
5.018000,1.22192100,1.00671800,1.00525500,1.00431400,1.00264400,1.00079700
5.020000,1.22194600,1.00671800,1.00525500,1.00431400,1.00264400,1.00079700
5.021999,1.22197200,1.00671800,1.00525500,1.00431400,1.00264400,1.00079700
5.024000,1.22199700,1.00671800,1.00525600,1.00431400,1.00264400,1.00079700
5.026000,1.22202200,1.00671800,1.00525600,1.00431400,1.00264400,1.00079700
5.027999,1.22204700,1.00671900,1.00525600,1.00431400,1.00264400,1.00079700
5.030000,1.22207200,1.00671900,1.00525600,1.00431400,1.00264400,1.00079700
5.032000,1.22209800,1.00671900,1.00525600,1.00431500,1.00264400,1.00079700
5.034000,1.22212300,1.00671900,1.00525600,1.00431500,1.00264400,1.00079700
5.036000,1.22214800,1.00671900,1.00525600,1.00431500,1.00264400,1.00079700
5.038000,1.22217300,1.00672000,1.00525700,1.00431500,1.00264400,1.00079700
5.039999,1.22219900,1.00672000,1.00525700,1.00431500,1.00264500,1.00079700
5.041999,1.22222400,1.00672000,1.00525700,1.00431500,1.00264500,1.00079700
5.044000,1.22224900,1.00672000,1.00525700,1.00431500,1.00264500,1.00079700
5.046000,1.22227500,1.00672000,1.00525700,1.00431500,1.00264500,1.00079700
5.047999,1.22230000,1.00672100,1.00525700,1.00431600,1.00264500,1.00079700
5.050000,1.22232500,1.00672100,1.00525700,1.00431600,1.00264500,1.00079700
5.052000,1.22235000,1.00672100,1.00525800,1.00431600,1.00264500,1.00079700
5.054000,1.22237600,1.00672100,1.00525800,1.00431600,1.00264500,1.00079700
5.056000,1.22240100,1.00672100,1.00525800,1.00431600,1.00264500,1.00079700
5.058000,1.22242600,1.00672200,1.00525800,1.00431600,1.00264500,1.00079800
5.059999,1.22245200,1.00672200,1.00525800,1.00431600,1.00264500,1.00079800
5.061999,1.22247700,1.00672200,1.00525800,1.00431600,1.00264500,1.00079800
5.064000,1.22250200,1.00672200,1.00525900,1.00431700,1.00264500,1.00079800
5.066000,1.22252800,1.00672200,1.00525900,1.00431700,1.00264500,1.00079800
5.068000,1.22255300,1.00672300,1.00525900,1.00431700,1.00264500,1.00079800
5.070000,1.22257800,1.00672300,1.00525900,1.00431700,1.00264600,1.00079800
5.072000,1.22260400,1.00672300,1.00525900,1.00431700,1.00264600,1.00079800
5.074000,1.22262900,1.00672300,1.00525900,1.00431700,1.00264600,1.00079800
5.076000,1.22265400,1.00672300,1.00526000,1.00431700,1.00264600,1.00079800
5.078000,1.22268000,1.00672400,1.00526000,1.00431700,1.00264600,1.00079800
5.079999,1.22270500,1.00672400,1.00526000,1.00431800,1.00264600,1.00079800
5.081999,1.22273000,1.00672400,1.00526000,1.00431800,1.00264600,1.00079800
5.084000,1.22275600,1.00672400,1.00526000,1.00431800,1.00264600,1.00079800
5.085999,1.22278100,1.00672400,1.00526000,1.00431800,1.00264600,1.00079800
5.088000,1.22280700,1.00672500,1.00526000,1.00431800,1.00264600,1.00079800
5.090000,1.22283200,1.00672500,1.00526100,1.00431800,1.00264600,1.00079800
5.092000,1.22285700,1.00672500,1.00526100,1.00431800,1.00264600,1.00079800
5.094000,1.22288300,1.00672500,1.00526100,1.00431800,1.00264600,1.00079800
5.096000,1.22290800,1.00672500,1.00526100,1.00431800,1.00264700,1.00079800
5.098000,1.22293400,1.00672600,1.00526100,1.00431900,1.00264700,1.00079800
5.099999,1.22295900,1.00672600,1.00526100,1.00431900,1.00264700,1.00079800
5.102000,1.22298500,1.00672600,1.00526100,1.00431900,1.00264700,1.00079800
5.104000,1.22301000,1.00672600,1.00526200,1.00431900,1.00264700,1.00079800
5.105999,1.22303500,1.00672600,1.00526200,1.00431900,1.00264700,1.00079800
5.108000,1.22306100,1.00672700,1.00526200,1.00431900,1.00264700,1.00079800
5.110000,1.22308600,1.00672700,1.00526200,1.00431900,1.00264700,1.00079800
5.112000,1.22311200,1.00672700,1.00526200,1.00431900,1.00264700,1.00079800
5.114000,1.22313700,1.00672700,1.00526200,1.00432000,1.00264700,1.00079800
5.115999,1.22316300,1.00672700,1.00526200,1.00432000,1.00264700,1.00079800
5.118000,1.22318800,1.00672800,1.00526300,1.00432000,1.00264700,1.00079800
5.119999,1.22321400,1.00672800,1.00526300,1.00432000,1.00264700,1.00079800
5.122000,1.22323900,1.00672800,1.00526300,1.00432000,1.00264800,1.00079800
5.124000,1.22326500,1.00672800,1.00526300,1.00432000,1.00264800,1.00079800
5.125999,1.22329000,1.00672800,1.00526300,1.00432000,1.00264800,1.00079800
5.128000,1.22331600,1.00672900,1.00526300,1.00432000,1.00264800,1.00079800
5.130000,1.22334100,1.00672900,1.00526400,1.00432100,1.00264800,1.00079800
5.132000,1.22336700,1.00672900,1.00526400,1.00432100,1.00264800,1.00079800
5.133999,1.22339200,1.00672900,1.00526400,1.00432100,1.00264800,1.00079800
5.136000,1.22341800,1.00672900,1.00526400,1.00432100,1.00264800,1.00079800
5.138000,1.22344400,1.00673000,1.00526400,1.00432100,1.00264800,1.00079800
5.139999,1.22346900,1.00673000,1.00526400,1.00432100,1.00264800,1.00079800
5.142000,1.22349500,1.00673000,1.00526500,1.00432100,1.00264800,1.00079800
5.144000,1.22352000,1.00673000,1.00526500,1.00432100,1.00264800,1.00079800
5.146000,1.22354600,1.00673000,1.00526500,1.00432100,1.00264800,1.00079800
5.148000,1.22357100,1.00673100,1.00526500,1.00432200,1.00264800,1.00079800
5.150000,1.22359700,1.00673100,1.00526500,1.00432200,1.00264800,1.00079800
5.151999,1.22362300,1.00673100,1.00526500,1.00432200,1.00264900,1.00079800
5.153999,1.22364800,1.00673100,1.00526500,1.00432200,1.00264900,1.00079800
5.156000,1.22367400,1.00673100,1.00526500,1.00432200,1.00264900,1.00079800
5.158000,1.22369900,1.00673200,1.00526600,1.00432200,1.00264900,1.00079800
5.159999,1.22372500,1.00673200,1.00526600,1.00432200,1.00264900,1.00079800
5.162000,1.22375100,1.00673200,1.00526600,1.00432200,1.00264900,1.00079800
5.164000,1.22377600,1.00673200,1.00526600,1.00432300,1.00264900,1.00079900
5.166000,1.22380200,1.00673200,1.00526600,1.00432300,1.00264900,1.00079900
5.168000,1.22382700,1.00673300,1.00526600,1.00432300,1.00264900,1.00079900
5.170000,1.22385300,1.00673300,1.00526700,1.00432300,1.00264900,1.00079900
5.171999,1.22387900,1.00673300,1.00526700,1.00432300,1.00264900,1.00079900
5.173999,1.22390400,1.00673300,1.00526700,1.00432300,1.00264900,1.00079900
5.176000,1.22393000,1.00673300,1.00526700,1.00432300,1.00264900,1.00079900
5.177999,1.22395600,1.00673400,1.00526700,1.00432300,1.00264900,1.00079900
5.180000,1.22398100,1.00673400,1.00526700,1.00432400,1.00265000,1.00079900
5.182000,1.22400700,1.00673400,1.00526800,1.00432400,1.00265000,1.00079900
5.184000,1.22403300,1.00673400,1.00526800,1.00432400,1.00265000,1.00079900
5.186000,1.22405900,1.00673400,1.00526800,1.00432400,1.00265000,1.00079900
5.188000,1.22408400,1.00673500,1.00526800,1.00432400,1.00265000,1.00079900
5.190000,1.22411000,1.00673500,1.00526800,1.00432400,1.00265000,1.00079900
5.191999,1.22413600,1.00673500,1.00526800,1.00432400,1.00265000,1.00079900
5.193999,1.22416200,1.00673500,1.00526800,1.00432400,1.00265000,1.00079900
5.196000,1.22418700,1.00673500,1.00526900,1.00432500,1.00265000,1.00079900
5.197999,1.22421300,1.00673600,1.00526900,1.00432500,1.00265000,1.00079900
5.200000,1.22423900,1.00673600,1.00526900,1.00432500,1.00265000,1.00079900
5.202000,1.22426500,1.00673600,1.00526900,1.00432500,1.00265000,1.00079900
5.204000,1.22429000,1.00673600,1.00526900,1.00432500,1.00265000,1.00079900
5.206000,1.22431600,1.00673700,1.00526900,1.00432500,1.00265000,1.00079900
5.208000,1.22434200,1.00673700,1.00526900,1.00432500,1.00265000,1.00079900
5.210000,1.22436800,1.00673700,1.00527000,1.00432500,1.00265100,1.00079900
5.211999,1.22439300,1.00673700,1.00527000,1.00432600,1.00265100,1.00079900
5.214000,1.22441900,1.00673700,1.00527000,1.00432600,1.00265100,1.00079900
5.216000,1.22444500,1.00673700,1.00527000,1.00432600,1.00265100,1.00079900
5.217999,1.22447100,1.00673800,1.00527000,1.00432600,1.00265100,1.00079900
5.220000,1.22449700,1.00673800,1.00527000,1.00432600,1.00265100,1.00079900
5.222000,1.22452200,1.00673800,1.00527000,1.00432600,1.00265100,1.00079900
5.224000,1.22454800,1.00673800,1.00527100,1.00432600,1.00265100,1.00079900
5.226000,1.22457400,1.00673900,1.00527100,1.00432600,1.00265100,1.00079900
5.228000,1.22460000,1.00673900,1.00527100,1.00432600,1.00265100,1.00079900
5.230000,1.22462600,1.00673900,1.00527100,1.00432700,1.00265100,1.00079900
5.231999,1.22465200,1.00673900,1.00527100,1.00432700,1.00265100,1.00079900
5.234000,1.22467700,1.00673900,1.00527100,1.00432700,1.00265100,1.00079900
5.236000,1.22470300,1.00673900,1.00527200,1.00432700,1.00265200,1.00079900
5.237999,1.22472900,1.00674000,1.00527200,1.00432700,1.00265200,1.00079900
5.240000,1.22475500,1.00674000,1.00527200,1.00432700,1.00265200,1.00079900
5.242000,1.22478100,1.00674000,1.00527200,1.00432700,1.00265200,1.00079900
5.244000,1.22480700,1.00674000,1.00527200,1.00432700,1.00265200,1.00079900
5.245999,1.22483300,1.00674100,1.00527200,1.00432800,1.00265200,1.00079900
5.248000,1.22485900,1.00674100,1.00527300,1.00432800,1.00265200,1.00079900
5.250000,1.22488500,1.00674100,1.00527300,1.00432800,1.00265200,1.00079900
5.251999,1.22491000,1.00674100,1.00527300,1.00432800,1.00265200,1.00079900
5.254000,1.22493600,1.00674100,1.00527300,1.00432800,1.00265200,1.00079900
5.256000,1.22496200,1.00674200,1.00527300,1.00432800,1.00265200,1.00080000
5.258000,1.22498800,1.00674200,1.00527300,1.00432800,1.00265200,1.00080000
5.260000,1.22501400,1.00674200,1.00527300,1.00432800,1.00265200,1.00080000
5.262000,1.22504000,1.00674200,1.00527400,1.00432800,1.00265300,1.00080000
5.263999,1.22506600,1.00674200,1.00527400,1.00432900,1.00265300,1.00080000
5.265999,1.22509200,1.00674300,1.00527400,1.00432900,1.00265300,1.00080000
5.268000,1.22511800,1.00674300,1.00527400,1.00432900,1.00265300,1.00080000
5.270000,1.22514400,1.00674300,1.00527400,1.00432900,1.00265300,1.00080000
5.271999,1.22517000,1.00674300,1.00527400,1.00432900,1.00265300,1.00080000
5.274000,1.22519600,1.00674300,1.00527400,1.00432900,1.00265300,1.00080000
5.276000,1.22522200,1.00674400,1.00527500,1.00432900,1.00265300,1.00080000
5.278000,1.22524800,1.00674400,1.00527500,1.00433000,1.00265300,1.00080000
5.280000,1.22527400,1.00674400,1.00527500,1.00433000,1.00265300,1.00080000
5.282000,1.22530000,1.00674400,1.00527500,1.00433000,1.00265300,1.00080000
5.283999,1.22532600,1.00674400,1.00527500,1.00433000,1.00265300,1.00080000
5.285999,1.22535200,1.00674500,1.00527500,1.00433000,1.00265300,1.00080000
5.288000,1.22537800,1.00674500,1.00527500,1.00433000,1.00265300,1.00080000
5.289999,1.22540400,1.00674500,1.00527600,1.00433000,1.00265300,1.00080000
5.292000,1.22543000,1.00674500,1.00527600,1.00433000,1.00265400,1.00080000
5.294000,1.22545600,1.00674500,1.00527600,1.00433100,1.00265400,1.00080000
5.296000,1.22548200,1.00674600,1.00527600,1.00433100,1.00265400,1.00080000
5.298000,1.22550800,1.00674600,1.00527600,1.00433100,1.00265400,1.00080000
5.300000,1.22553400,1.00674600,1.00527600,1.00433100,1.00265400,1.00080000
5.302000,1.22556000,1.00674600,1.00527700,1.00433100,1.00265400,1.00080000
5.303999,1.22558600,1.00674600,1.00527700,1.00433100,1.00265400,1.00080000
5.305999,1.22561200,1.00674700,1.00527700,1.00433100,1.00265400,1.00080000
5.308000,1.22563900,1.00674700,1.00527700,1.00433100,1.00265400,1.00080000
5.309999,1.22566500,1.00674700,1.00527700,1.00433100,1.00265400,1.00080000
5.312000,1.22569100,1.00674700,1.00527700,1.00433200,1.00265400,1.00080000
5.314000,1.22571700,1.00674700,1.00527800,1.00433200,1.00265400,1.00080000
5.316000,1.22574300,1.00674800,1.00527800,1.00433200,1.00265400,1.00080000
5.318000,1.22576900,1.00674800,1.00527800,1.00433200,1.00265500,1.00080000
5.320000,1.22579500,1.00674800,1.00527800,1.00433200,1.00265500,1.00080000
5.322000,1.22582100,1.00674800,1.00527800,1.00433200,1.00265500,1.00080000
5.323999,1.22584700,1.00674800,1.00527800,1.00433200,1.00265500,1.00080000
5.326000,1.22587400,1.00674900,1.00527800,1.00433200,1.00265500,1.00080000
5.328000,1.22590000,1.00674900,1.00527900,1.00433300,1.00265500,1.00080000
5.329999,1.22592600,1.00674900,1.00527900,1.00433300,1.00265500,1.00080000
5.332000,1.22595200,1.00674900,1.00527900,1.00433300,1.00265500,1.00080000
5.334000,1.22597800,1.00674900,1.00527900,1.00433300,1.00265500,1.00080000
5.336000,1.22600400,1.00675000,1.00527900,1.00433300,1.00265500,1.00080000
5.338000,1.22603100,1.00675000,1.00527900,1.00433300,1.00265500,1.00080000
5.340000,1.22605700,1.00675000,1.00527900,1.00433300,1.00265500,1.00080000
5.342000,1.22608300,1.00675000,1.00528000,1.00433300,1.00265500,1.00080000
5.343999,1.22610900,1.00675000,1.00528000,1.00433300,1.00265600,1.00080000
5.346000,1.22613500,1.00675100,1.00528000,1.00433400,1.00265600,1.00080000
5.348000,1.22616200,1.00675100,1.00528000,1.00433400,1.00265600,1.00080000
5.349999,1.22618800,1.00675100,1.00528000,1.00433400,1.00265600,1.00080000
5.352000,1.22621400,1.00675100,1.00528000,1.00433400,1.00265600,1.00080000
5.354000,1.22624000,1.00675100,1.00528000,1.00433400,1.00265600,1.00080000
5.356000,1.22626700,1.00675200,1.00528100,1.00433400,1.00265600,1.00080000
5.358000,1.22629300,1.00675200,1.00528100,1.00433400,1.00265600,1.00080000
5.360000,1.22631900,1.00675200,1.00528100,1.00433500,1.00265600,1.00080000
5.362000,1.22634500,1.00675200,1.00528100,1.00433500,1.00265600,1.00080100
5.363999,1.22637200,1.00675200,1.00528100,1.00433500,1.00265600,1.00080100
5.366000,1.22639800,1.00675300,1.00528100,1.00433500,1.00265600,1.00080100
5.368000,1.22642400,1.00675300,1.00528200,1.00433500,1.00265600,1.00080100
5.370000,1.22645100,1.00675300,1.00528200,1.00433500,1.00265600,1.00080100
5.372000,1.22647700,1.00675300,1.00528200,1.00433500,1.00265600,1.00080100
5.374000,1.22650300,1.00675300,1.00528200,1.00433500,1.00265700,1.00080100
5.375999,1.22652900,1.00675400,1.00528200,1.00433600,1.00265700,1.00080100
5.377999,1.22655600,1.00675400,1.00528200,1.00433600,1.00265700,1.00080100
5.380000,1.22658200,1.00675400,1.00528300,1.00433600,1.00265700,1.00080100
5.381999,1.22660900,1.00675400,1.00528300,1.00433600,1.00265700,1.00080100
5.383999,1.22663500,1.00675500,1.00528300,1.00433600,1.00265700,1.00080100
5.386000,1.22666100,1.00675500,1.00528300,1.00433600,1.00265700,1.00080100
5.388000,1.22668700,1.00675500,1.00528300,1.00433600,1.00265700,1.00080100
5.390000,1.22671400,1.00675500,1.00528300,1.00433600,1.00265700,1.00080100
5.392000,1.22674000,1.00675500,1.00528300,1.00433600,1.00265700,1.00080100
5.394000,1.22676700,1.00675500,1.00528400,1.00433700,1.00265700,1.00080100
5.395999,1.22679300,1.00675600,1.00528400,1.00433700,1.00265700,1.00080100
5.397999,1.22681900,1.00675600,1.00528400,1.00433700,1.00265700,1.00080100
5.400000,1.22684600,1.00675600,1.00528400,1.00433700,1.00265700,1.00080100
5.401999,1.22687200,1.00675600,1.00528400,1.00433700,1.00265800,1.00080100
5.404000,1.22689900,1.00675700,1.00528400,1.00433700,1.00265800,1.00080100
5.406000,1.22692500,1.00675700,1.00528400,1.00433700,1.00265800,1.00080100
5.408000,1.22695100,1.00675700,1.00528500,1.00433700,1.00265800,1.00080100
5.410000,1.22697800,1.00675700,1.00528500,1.00433800,1.00265800,1.00080100
5.412000,1.22700400,1.00675700,1.00528500,1.00433800,1.00265800,1.00080100
5.414000,1.22703100,1.00675700,1.00528500,1.00433800,1.00265800,1.00080100
5.415999,1.22705700,1.00675800,1.00528500,1.00433800,1.00265800,1.00080100
5.417999,1.22708400,1.00675800,1.00528500,1.00433800,1.00265800,1.00080100
5.420000,1.22711000,1.00675800,1.00528600,1.00433800,1.00265800,1.00080100
5.421999,1.22713600,1.00675800,1.00528600,1.00433800,1.00265800,1.00080100
5.424000,1.22716300,1.00675900,1.00528600,1.00433800,1.00265800,1.00080100
5.426000,1.22718900,1.00675900,1.00528600,1.00433900,1.00265800,1.00080100
5.427999,1.22721600,1.00675900,1.00528600,1.00433900,1.00265800,1.00080100
5.430000,1.22724200,1.00675900,1.00528600,1.00433900,1.00265900,1.00080100
5.432000,1.22726900,1.00675900,1.00528600,1.00433900,1.00265900,1.00080100
5.434000,1.22729500,1.00676000,1.00528700,1.00433900,1.00265900,1.00080100
5.435999,1.22732200,1.00676000,1.00528700,1.00433900,1.00265900,1.00080100
5.438000,1.22734800,1.00676000,1.00528700,1.00433900,1.00265900,1.00080100
5.440000,1.22737500,1.00676000,1.00528700,1.00433900,1.00265900,1.00080100
5.441999,1.22740100,1.00676000,1.00528700,1.00434000,1.00265900,1.00080100
5.444000,1.22742800,1.00676100,1.00528700,1.00434000,1.00265900,1.00080100
5.446000,1.22745500,1.00676100,1.00528800,1.00434000,1.00265900,1.00080100
5.448000,1.22748100,1.00676100,1.00528800,1.00434000,1.00265900,1.00080100
5.450000,1.22750800,1.00676100,1.00528800,1.00434000,1.00265900,1.00080100
5.452000,1.22753400,1.00676100,1.00528800,1.00434000,1.00265900,1.00080100
5.454000,1.22756100,1.00676200,1.00528800,1.00434000,1.00265900,1.00080100
5.455999,1.22758700,1.00676200,1.00528800,1.00434000,1.00265900,1.00080200
5.458000,1.22761400,1.00676200,1.00528800,1.00434100,1.00266000,1.00080200
5.460000,1.22764100,1.00676200,1.00528900,1.00434100,1.00266000,1.00080200
5.461999,1.22766700,1.00676200,1.00528900,1.00434100,1.00266000,1.00080200
5.464000,1.22769400,1.00676300,1.00528900,1.00434100,1.00266000,1.00080200
5.466000,1.22772000,1.00676300,1.00528900,1.00434100,1.00266000,1.00080200
5.468000,1.22774700,1.00676300,1.00528900,1.00434100,1.00266000,1.00080200
5.470000,1.22777400,1.00676300,1.00528900,1.00434100,1.00266000,1.00080200
5.472000,1.22780000,1.00676300,1.00529000,1.00434100,1.00266000,1.00080200
5.474000,1.22782700,1.00676400,1.00529000,1.00434100,1.00266000,1.00080200
5.475999,1.22785400,1.00676400,1.00529000,1.00434200,1.00266000,1.00080200
5.478000,1.22788000,1.00676400,1.00529000,1.00434200,1.00266000,1.00080200
5.480000,1.22790700,1.00676400,1.00529000,1.00434200,1.00266000,1.00080200
5.482000,1.22793300,1.00676400,1.00529000,1.00434200,1.00266000,1.00080200
5.484000,1.22796000,1.00676500,1.00529000,1.00434200,1.00266100,1.00080200
5.486000,1.22798700,1.00676500,1.00529100,1.00434200,1.00266100,1.00080200
5.488000,1.22801400,1.00676500,1.00529100,1.00434200,1.00266100,1.00080200
5.489999,1.22804000,1.00676500,1.00529100,1.00434200,1.00266100,1.00080200
5.492000,1.22806700,1.00676500,1.00529100,1.00434300,1.00266100,1.00080200
5.493999,1.22809400,1.00676600,1.00529100,1.00434300,1.00266100,1.00080200
5.495999,1.22812000,1.00676600,1.00529100,1.00434300,1.00266100,1.00080200
5.498000,1.22814700,1.00676600,1.00529100,1.00434300,1.00266100,1.00080200
5.500000,1.22817400,1.00676600,1.00529200,1.00434300,1.00266100,1.00080200
5.502000,1.22820000,1.00676600,1.00529200,1.00434300,1.00266100,1.00080200
5.504000,1.22822700,1.00676700,1.00529200,1.00434300,1.00266100,1.00080200
5.506000,1.22825400,1.00676700,1.00529200,1.00434300,1.00266100,1.00080200
5.507999,1.22828100,1.00676700,1.00529200,1.00434400,1.00266100,1.00080200
5.509999,1.22830700,1.00676700,1.00529200,1.00434400,1.00266100,1.00080200
5.512000,1.22833400,1.00676800,1.00529300,1.00434400,1.00266200,1.00080200
5.513999,1.22836100,1.00676800,1.00529300,1.00434400,1.00266200,1.00080200
5.516000,1.22838800,1.00676800,1.00529300,1.00434400,1.00266200,1.00080200
5.518000,1.22841500,1.00676800,1.00529300,1.00434400,1.00266200,1.00080200
5.520000,1.22844100,1.00676800,1.00529300,1.00434400,1.00266200,1.00080200
5.522000,1.22846800,1.00676900,1.00529300,1.00434400,1.00266200,1.00080200
5.524000,1.22849500,1.00676900,1.00529300,1.00434500,1.00266200,1.00080200
5.526000,1.22852200,1.00676900,1.00529400,1.00434500,1.00266200,1.00080200
5.527999,1.22854900,1.00676900,1.00529400,1.00434500,1.00266200,1.00080200
5.529999,1.22857500,1.00676900,1.00529400,1.00434500,1.00266200,1.00080200
5.532000,1.22860200,1.00677000,1.00529400,1.00434500,1.00266200,1.00080200
5.533999,1.22862900,1.00677000,1.00529400,1.00434500,1.00266200,1.00080200
5.536000,1.22865600,1.00677000,1.00529400,1.00434500,1.00266200,1.00080200
5.538000,1.22868300,1.00677000,1.00529500,1.00434500,1.00266200,1.00080200
5.539999,1.22870900,1.00677000,1.00529500,1.00434600,1.00266300,1.00080200
5.542000,1.22873600,1.00677100,1.00529500,1.00434600,1.00266300,1.00080200
5.544000,1.22876300,1.00677100,1.00529500,1.00434600,1.00266300,1.00080200
5.546000,1.22879000,1.00677100,1.00529500,1.00434600,1.00266300,1.00080200
5.547999,1.22881700,1.00677100,1.00529500,1.00434600,1.00266300,1.00080300
5.550000,1.22884400,1.00677100,1.00529600,1.00434600,1.00266300,1.00080300
5.552000,1.22887100,1.00677200,1.00529600,1.00434600,1.00266300,1.00080300
5.553999,1.22889800,1.00677200,1.00529600,1.00434600,1.00266300,1.00080300
5.556000,1.22892500,1.00677200,1.00529600,1.00434600,1.00266300,1.00080300
5.558000,1.22895200,1.00677200,1.00529600,1.00434700,1.00266300,1.00080300
5.560000,1.22897900,1.00677200,1.00529600,1.00434700,1.00266300,1.00080300
5.562000,1.22900500,1.00677300,1.00529600,1.00434700,1.00266300,1.00080300
5.564000,1.22903200,1.00677300,1.00529700,1.00434700,1.00266300,1.00080300
5.566000,1.22905900,1.00677300,1.00529700,1.00434700,1.00266300,1.00080300
5.567999,1.22908600,1.00677300,1.00529700,1.00434700,1.00266400,1.00080300
5.570000,1.22911300,1.00677300,1.00529700,1.00434700,1.00266400,1.00080300
5.572000,1.22914000,1.00677400,1.00529700,1.00434700,1.00266400,1.00080300
5.573999,1.22916700,1.00677400,1.00529700,1.00434800,1.00266400,1.00080300
5.576000,1.22919400,1.00677400,1.00529700,1.00434800,1.00266400,1.00080300
5.578000,1.22922100,1.00677400,1.00529800,1.00434800,1.00266400,1.00080300
5.580000,1.22924800,1.00677400,1.00529800,1.00434800,1.00266400,1.00080300
5.582000,1.22927500,1.00677500,1.00529800,1.00434800,1.00266400,1.00080300
5.584000,1.22930200,1.00677500,1.00529800,1.00434800,1.00266400,1.00080300
5.585999,1.22932900,1.00677500,1.00529800,1.00434800,1.00266400,1.00080300
5.587999,1.22935600,1.00677500,1.00529800,1.00434900,1.00266400,1.00080300
5.590000,1.22938300,1.00677500,1.00529800,1.00434900,1.00266400,1.00080300
5.592000,1.22941000,1.00677600,1.00529900,1.00434900,1.00266400,1.00080300
5.594000,1.22943700,1.00677600,1.00529900,1.00434900,1.00266400,1.00080300
5.596000,1.22946400,1.00677600,1.00529900,1.00434900,1.00266500,1.00080300
5.598000,1.22949100,1.00677600,1.00529900,1.00434900,1.00266500,1.00080300
5.600000,1.22951800,1.00677600,1.00529900,1.00434900,1.00266500,1.00080300
5.601999,1.22954500,1.00677700,1.00529900,1.00434900,1.00266500,1.00080300
5.604000,1.22957300,1.00677700,1.00530000,1.00434900,1.00266500,1.00080300
5.605999,1.22960000,1.00677700,1.00530000,1.00435000,1.00266500,1.00080300
5.607999,1.22962700,1.00677700,1.00530000,1.00435000,1.00266500,1.00080300
5.610000,1.22965400,1.00677800,1.00530000,1.00435000,1.00266500,1.00080300
5.612000,1.22968100,1.00677800,1.00530000,1.00435000,1.00266500,1.00080300
5.614000,1.22970800,1.00677800,1.00530000,1.00435000,1.00266500,1.00080300
5.616000,1.22973500,1.00677800,1.00530100,1.00435000,1.00266500,1.00080300
5.618000,1.22976200,1.00677800,1.00530100,1.00435000,1.00266500,1.00080300
5.619999,1.22978900,1.00677800,1.00530100,1.00435000,1.00266500,1.00080300
5.621999,1.22981600,1.00677900,1.00530100,1.00435100,1.00266600,1.00080300
5.624000,1.22984400,1.00677900,1.00530100,1.00435100,1.00266600,1.00080300
5.625999,1.22987100,1.00677900,1.00530100,1.00435100,1.00266600,1.00080300
5.628000,1.22989800,1.00677900,1.00530100,1.00435100,1.00266600,1.00080300
5.630000,1.22992500,1.00678000,1.00530200,1.00435100,1.00266600,1.00080300
5.631999,1.22995200,1.00678000,1.00530200,1.00435100,1.00266600,1.00080300
5.634000,1.22997900,1.00678000,1.00530200,1.00435100,1.00266600,1.00080300
5.636000,1.23000700,1.00678000,1.00530200,1.00435100,1.00266600,1.00080300
5.638000,1.23003400,1.00678000,1.00530200,1.00435100,1.00266600,1.00080300
5.639999,1.23006100,1.00678100,1.00530200,1.00435200,1.00266600,1.00080300
5.641999,1.23008800,1.00678100,1.00530300,1.00435200,1.00266600,1.00080300
5.644000,1.23011500,1.00678100,1.00530300,1.00435200,1.00266600,1.00080300
5.645999,1.23014300,1.00678100,1.00530300,1.00435200,1.00266600,1.00080300
5.648000,1.23017000,1.00678100,1.00530300,1.00435200,1.00266600,1.00080300
5.650000,1.23019700,1.00678200,1.00530300,1.00435200,1.00266700,1.00080300
5.651999,1.23022400,1.00678200,1.00530300,1.00435200,1.00266700,1.00080400
5.654000,1.23025200,1.00678200,1.00530300,1.00435300,1.00266700,1.00080400
5.656000,1.23027900,1.00678200,1.00530400,1.00435300,1.00266700,1.00080400
5.658000,1.23030600,1.00678200,1.00530400,1.00435300,1.00266700,1.00080400
5.659999,1.23033300,1.00678300,1.00530400,1.00435300,1.00266700,1.00080400
5.662000,1.23036100,1.00678300,1.00530400,1.00435300,1.00266700,1.00080400
5.664000,1.23038800,1.00678300,1.00530400,1.00435300,1.00266700,1.00080400
5.665999,1.23041500,1.00678300,1.00530400,1.00435300,1.00266700,1.00080400
5.668000,1.23044200,1.00678300,1.00530400,1.00435300,1.00266700,1.00080400
5.670000,1.23047000,1.00678400,1.00530500,1.00435400,1.00266700,1.00080400
5.672000,1.23049700,1.00678400,1.00530500,1.00435400,1.00266700,1.00080400
5.674000,1.23052400,1.00678400,1.00530500,1.00435400,1.00266700,1.00080400
5.676000,1.23055200,1.00678400,1.00530500,1.00435400,1.00266800,1.00080400
5.677999,1.23057900,1.00678400,1.00530500,1.00435400,1.00266800,1.00080400
5.679999,1.23060600,1.00678500,1.00530500,1.00435400,1.00266800,1.00080400
5.682000,1.23063400,1.00678500,1.00530600,1.00435400,1.00266800,1.00080400
5.684000,1.23066100,1.00678500,1.00530600,1.00435400,1.00266800,1.00080400
5.685999,1.23068800,1.00678500,1.00530600,1.00435400,1.00266800,1.00080400
5.688000,1.23071600,1.00678600,1.00530600,1.00435500,1.00266800,1.00080400
5.690000,1.23074300,1.00678600,1.00530600,1.00435500,1.00266800,1.00080400
5.692000,1.23077000,1.00678600,1.00530600,1.00435500,1.00266800,1.00080400
5.694000,1.23079800,1.00678600,1.00530600,1.00435500,1.00266800,1.00080400
5.696000,1.23082500,1.00678600,1.00530700,1.00435500,1.00266800,1.00080400
5.697999,1.23085300,1.00678600,1.00530700,1.00435500,1.00266800,1.00080400
5.699999,1.23088000,1.00678700,1.00530700,1.00435500,1.00266800,1.00080400
5.702000,1.23090700,1.00678700,1.00530700,1.00435500,1.00266800,1.00080400
5.704000,1.23093500,1.00678700,1.00530700,1.00435600,1.00266800,1.00080400
5.706000,1.23096200,1.00678700,1.00530700,1.00435600,1.00266900,1.00080400
5.708000,1.23099000,1.00678800,1.00530800,1.00435600,1.00266900,1.00080400
5.710000,1.23101700,1.00678800,1.00530800,1.00435600,1.00266900,1.00080400
5.712000,1.23104500,1.00678800,1.00530800,1.00435600,1.00266900,1.00080400
5.713999,1.23107200,1.00678800,1.00530800,1.00435600,1.00266900,1.00080400
5.716000,1.23110000,1.00678800,1.00530800,1.00435600,1.00266900,1.00080400
5.717999,1.23112700,1.00678900,1.00530800,1.00435700,1.00266900,1.00080400
5.719999,1.23115400,1.00678900,1.00530900,1.00435700,1.00266900,1.00080400
5.722000,1.23118200,1.00678900,1.00530900,1.00435700,1.00266900,1.00080400
5.724000,1.23120900,1.00678900,1.00530900,1.00435700,1.00266900,1.00080400
5.726000,1.23123700,1.00678900,1.00530900,1.00435700,1.00266900,1.00080400
5.728000,1.23126400,1.00679000,1.00530900,1.00435700,1.00266900,1.00080400
5.730000,1.23129200,1.00679000,1.00530900,1.00435700,1.00266900,1.00080400
5.731999,1.23131900,1.00679000,1.00530900,1.00435700,1.00267000,1.00080400
5.733999,1.23134700,1.00679000,1.00531000,1.00435700,1.00267000,1.00080400
5.736000,1.23137500,1.00679000,1.00531000,1.00435800,1.00267000,1.00080400
5.737999,1.23140200,1.00679100,1.00531000,1.00435800,1.00267000,1.00080400
5.740000,1.23143000,1.00679100,1.00531000,1.00435800,1.00267000,1.00080400
5.742000,1.23145700,1.00679100,1.00531000,1.00435800,1.00267000,1.00080400
5.743999,1.23148500,1.00679100,1.00531000,1.00435800,1.00267000,1.00080500
5.746000,1.23151200,1.00679100,1.00531100,1.00435800,1.00267000,1.00080500
5.748000,1.23154000,1.00679200,1.00531100,1.00435800,1.00267000,1.00080500
5.750000,1.23156700,1.00679200,1.00531100,1.00435800,1.00267000,1.00080500
5.751999,1.23159500,1.00679200,1.00531100,1.00435900,1.00267000,1.00080500
5.753999,1.23162300,1.00679200,1.00531100,1.00435900,1.00267000,1.00080500
5.756000,1.23165000,1.00679200,1.00531100,1.00435900,1.00267000,1.00080500
5.757999,1.23167800,1.00679300,1.00531100,1.00435900,1.00267100,1.00080500
5.760000,1.23170500,1.00679300,1.00531200,1.00435900,1.00267100,1.00080500
5.762000,1.23173300,1.00679300,1.00531200,1.00435900,1.00267100,1.00080500
5.763999,1.23176100,1.00679300,1.00531200,1.00435900,1.00267100,1.00080500
5.766000,1.23178800,1.00679300,1.00531200,1.00435900,1.00267100,1.00080500
5.768000,1.23181600,1.00679400,1.00531200,1.00436000,1.00267100,1.00080500
5.770000,1.23184400,1.00679400,1.00531200,1.00436000,1.00267100,1.00080500
5.771999,1.23187100,1.00679400,1.00531200,1.00436000,1.00267100,1.00080500
5.774000,1.23189900,1.00679400,1.00531300,1.00436000,1.00267100,1.00080500
5.776000,1.23192700,1.00679400,1.00531300,1.00436000,1.00267100,1.00080500
5.777999,1.23195400,1.00679500,1.00531300,1.00436000,1.00267100,1.00080500
5.780000,1.23198200,1.00679500,1.00531300,1.00436000,1.00267100,1.00080500
5.782000,1.23201000,1.00679500,1.00531300,1.00436000,1.00267100,1.00080500
5.784000,1.23203700,1.00679500,1.00531300,1.00436100,1.00267100,1.00080500
5.786000,1.23206500,1.00679600,1.00531400,1.00436100,1.00267100,1.00080500
5.788000,1.23209300,1.00679600,1.00531400,1.00436100,1.00267200,1.00080500
5.789999,1.23212100,1.00679600,1.00531400,1.00436100,1.00267200,1.00080500
5.791999,1.23214800,1.00679600,1.00531400,1.00436100,1.00267200,1.00080500
5.794000,1.23217600,1.00679600,1.00531400,1.00436100,1.00267200,1.00080500
5.796000,1.23220400,1.00679700,1.00531400,1.00436100,1.00267200,1.00080500
5.797999,1.23223100,1.00679700,1.00531400,1.00436100,1.00267200,1.00080500
5.800000,1.23225900,1.00679700,1.00531500,1.00436200,1.00267200,1.00080500
5.802000,1.23228700,1.00679700,1.00531500,1.00436200,1.00267200,1.00080500
5.804000,1.23231500,1.00679700,1.00531500,1.00436200,1.00267200,1.00080500
5.806000,1.23234200,1.00679800,1.00531500,1.00436200,1.00267200,1.00080500
5.808000,1.23237000,1.00679800,1.00531500,1.00436200,1.00267200,1.00080500
5.809999,1.23239800,1.00679800,1.00531500,1.00436200,1.00267200,1.00080500
5.811999,1.23242600,1.00679800,1.00531600,1.00436200,1.00267200,1.00080500
5.814000,1.23245400,1.00679800,1.00531600,1.00436200,1.00267300,1.00080500
5.816000,1.23248100,1.00679900,1.00531600,1.00436200,1.00267300,1.00080500
5.818000,1.23250900,1.00679900,1.00531600,1.00436300,1.00267300,1.00080500
5.820000,1.23253700,1.00679900,1.00531600,1.00436300,1.00267300,1.00080500
5.822000,1.23256500,1.00679900,1.00531600,1.00436300,1.00267300,1.00080500
5.824000,1.23259300,1.00679900,1.00531600,1.00436300,1.00267300,1.00080500
5.825999,1.23262100,1.00680000,1.00531700,1.00436300,1.00267300,1.00080500
5.828000,1.23264800,1.00680000,1.00531700,1.00436300,1.00267300,1.00080500
5.829999,1.23267600,1.00680000,1.00531700,1.00436300,1.00267300,1.00080500
5.831999,1.23270400,1.00680000,1.00531700,1.00436400,1.00267300,1.00080500
5.834000,1.23273200,1.00680000,1.00531700,1.00436400,1.00267300,1.00080500
5.835999,1.23276000,1.00680100,1.00531700,1.00436400,1.00267300,1.00080500
5.838000,1.23278800,1.00680100,1.00531800,1.00436400,1.00267300,1.00080500
5.840000,1.23281600,1.00680100,1.00531800,1.00436400,1.00267400,1.00080500
5.842000,1.23284400,1.00680100,1.00531800,1.00436400,1.00267400,1.00080500
5.843999,1.23287200,1.00680100,1.00531800,1.00436400,1.00267400,1.00080500
5.845999,1.23290000,1.00680200,1.00531800,1.00436400,1.00267400,1.00080500
5.848000,1.23292700,1.00680200,1.00531800,1.00436400,1.00267400,1.00080600
5.849999,1.23295500,1.00680200,1.00531900,1.00436500,1.00267400,1.00080600
5.852000,1.23298300,1.00680200,1.00531900,1.00436500,1.00267400,1.00080600
5.854000,1.23301100,1.00680300,1.00531900,1.00436500,1.00267400,1.00080600
5.855999,1.23303900,1.00680300,1.00531900,1.00436500,1.00267400,1.00080600
5.858000,1.23306700,1.00680300,1.00531900,1.00436500,1.00267400,1.00080600
5.860000,1.23309500,1.00680300,1.00531900,1.00436500,1.00267400,1.00080600
5.862000,1.23312300,1.00680300,1.00531900,1.00436500,1.00267400,1.00080600
5.863999,1.23315100,1.00680400,1.00532000,1.00436500,1.00267400,1.00080600
5.865999,1.23317900,1.00680400,1.00532000,1.00436600,1.00267400,1.00080600
5.868000,1.23320700,1.00680400,1.00532000,1.00436600,1.00267400,1.00080600
5.869999,1.23323500,1.00680400,1.00532000,1.00436600,1.00267500,1.00080600
5.872000,1.23326300,1.00680400,1.00532000,1.00436600,1.00267500,1.00080600
5.874000,1.23329100,1.00680500,1.00532000,1.00436600,1.00267500,1.00080600
5.875999,1.23331900,1.00680500,1.00532100,1.00436600,1.00267500,1.00080600
5.878000,1.23334700,1.00680500,1.00532100,1.00436600,1.00267500,1.00080600
5.880000,1.23337500,1.00680500,1.00532100,1.00436700,1.00267500,1.00080600
5.881999,1.23340300,1.00680500,1.00532100,1.00436700,1.00267500,1.00080600
5.883999,1.23343100,1.00680600,1.00532100,1.00436700,1.00267500,1.00080600
5.886000,1.23345900,1.00680600,1.00532100,1.00436700,1.00267500,1.00080600
5.888000,1.23348700,1.00680600,1.00532100,1.00436700,1.00267500,1.00080600
5.889999,1.23351600,1.00680600,1.00532200,1.00436700,1.00267500,1.00080600
5.892000,1.23354400,1.00680600,1.00532200,1.00436700,1.00267500,1.00080600
5.894000,1.23357200,1.00680700,1.00532200,1.00436700,1.00267500,1.00080600
5.896000,1.23360000,1.00680700,1.00532200,1.00436700,1.00267600,1.00080600
5.898000,1.23362800,1.00680700,1.00532200,1.00436800,1.00267600,1.00080600
5.900000,1.23365600,1.00680700,1.00532200,1.00436800,1.00267600,1.00080600
5.901999,1.23368400,1.00680700,1.00532200,1.00436800,1.00267600,1.00080600
5.903999,1.23371200,1.00680800,1.00532300,1.00436800,1.00267600,1.00080600
5.906000,1.23374000,1.00680800,1.00532300,1.00436800,1.00267600,1.00080600
5.908000,1.23376900,1.00680800,1.00532300,1.00436800,1.00267600,1.00080600
5.909999,1.23379700,1.00680800,1.00532300,1.00436800,1.00267600,1.00080600
5.912000,1.23382500,1.00680900,1.00532300,1.00436800,1.00267600,1.00080600
5.914000,1.23385300,1.00680900,1.00532300,1.00436900,1.00267600,1.00080600
5.916000,1.23388100,1.00680900,1.00532400,1.00436900,1.00267600,1.00080600
5.918000,1.23390900,1.00680900,1.00532400,1.00436900,1.00267600,1.00080600
5.920000,1.23393800,1.00680900,1.00532400,1.00436900,1.00267600,1.00080600
5.921999,1.23396600,1.00681000,1.00532400,1.00436900,1.00267600,1.00080600
5.923999,1.23399400,1.00681000,1.00532400,1.00436900,1.00267700,1.00080600
5.926000,1.23402200,1.00681000,1.00532400,1.00436900,1.00267700,1.00080600
5.927999,1.23405000,1.00681000,1.00532400,1.00436900,1.00267700,1.00080600
5.930000,1.23407900,1.00681000,1.00532500,1.00437000,1.00267700,1.00080600
5.932000,1.23410700,1.00681100,1.00532500,1.00437000,1.00267700,1.00080600
5.934000,1.23413500,1.00681100,1.00532500,1.00437000,1.00267700,1.00080600
5.936000,1.23416300,1.00681100,1.00532500,1.00437000,1.00267700,1.00080600
5.938000,1.23419200,1.00681100,1.00532500,1.00437000,1.00267700,1.00080600
5.940000,1.23422000,1.00681100,1.00532500,1.00437000,1.00267700,1.00080700
5.941999,1.23424800,1.00681200,1.00532600,1.00437000,1.00267700,1.00080700
5.943999,1.23427600,1.00681200,1.00532600,1.00437000,1.00267700,1.00080700
5.946000,1.23430500,1.00681200,1.00532600,1.00437100,1.00267700,1.00080700
5.947999,1.23433300,1.00681200,1.00532600,1.00437100,1.00267700,1.00080700
5.950000,1.23436100,1.00681200,1.00532600,1.00437100,1.00267800,1.00080700
5.952000,1.23439000,1.00681300,1.00532600,1.00437100,1.00267800,1.00080700
5.954000,1.23441800,1.00681300,1.00532700,1.00437100,1.00267800,1.00080700
5.955999,1.23444600,1.00681300,1.00532700,1.00437100,1.00267800,1.00080700
5.957999,1.23447500,1.00681300,1.00532700,1.00437100,1.00267800,1.00080700
5.960000,1.23450300,1.00681300,1.00532700,1.00437100,1.00267800,1.00080700
5.961999,1.23453100,1.00681400,1.00532700,1.00437200,1.00267800,1.00080700
5.964000,1.23456000,1.00681400,1.00532700,1.00437200,1.00267800,1.00080700
5.966000,1.23458800,1.00681400,1.00532700,1.00437200,1.00267800,1.00080700
5.967999,1.23461600,1.00681400,1.00532800,1.00437200,1.00267800,1.00080700
5.970000,1.23464500,1.00681400,1.00532800,1.00437200,1.00267800,1.00080700
5.972000,1.23467300,1.00681500,1.00532800,1.00437200,1.00267800,1.00080700
5.974000,1.23470100,1.00681500,1.00532800,1.00437200,1.00267800,1.00080700
5.975999,1.23473000,1.00681500,1.00532800,1.00437200,1.00267900,1.00080700
5.977999,1.23475800,1.00681500,1.00532800,1.00437300,1.00267900,1.00080700
5.980000,1.23478700,1.00681600,1.00532900,1.00437300,1.00267900,1.00080700
5.981999,1.23481500,1.00681600,1.00532900,1.00437300,1.00267900,1.00080700
5.984000,1.23484300,1.00681600,1.00532900,1.00437300,1.00267900,1.00080700
5.986000,1.23487200,1.00681600,1.00532900,1.00437300,1.00267900,1.00080700
5.987999,1.23490000,1.00681600,1.00532900,1.00437300,1.00267900,1.00080700
5.990000,1.23492900,1.00681700,1.00532900,1.00437300,1.00267900,1.00080700
5.992000,1.23495700,1.00681700,1.00532900,1.00437300,1.00267900,1.00080700
5.993999,1.23498600,1.00681700,1.00533000,1.00437400,1.00267900,1.00080700
5.995999,1.23501400,1.00681700,1.00533000,1.00437400,1.00267900,1.00080700
5.998000,1.23504300,1.00681700,1.00533000,1.00437400,1.00267900,1.00080700
6.000000,1.23507100,1.00681800,1.00533000,1.00437400,1.00267900,1.00080700
6.001999,1.23510000,1.00681800,1.00533000,1.00437400,1.00267900,1.00080700
6.004000,1.23512800,1.00681800,1.00533000,1.00437400,1.00267900,1.00080700
6.006000,1.23515700,1.00681800,1.00533100,1.00437400,1.00268000,1.00080700
6.008000,1.23518500,1.00681800,1.00533100,1.00437400,1.00268000,1.00080700
6.010000,1.23521400,1.00681900,1.00533100,1.00437500,1.00268000,1.00080700
6.012000,1.23524200,1.00681900,1.00533100,1.00437500,1.00268000,1.00080700
6.013999,1.23527100,1.00681900,1.00533100,1.00437500,1.00268000,1.00080700
6.015999,1.23529900,1.00681900,1.00533100,1.00437500,1.00268000,1.00080700
6.018000,1.23532800,1.00681900,1.00533200,1.00437500,1.00268000,1.00080700
6.020000,1.23535600,1.00682000,1.00533200,1.00437500,1.00268000,1.00080700
6.021999,1.23538500,1.00682000,1.00533200,1.00437500,1.00268000,1.00080700
6.024000,1.23541300,1.00682000,1.00533200,1.00437500,1.00268000,1.00080700
6.026000,1.23544200,1.00682000,1.00533200,1.00437600,1.00268000,1.00080700
6.028000,1.23547100,1.00682000,1.00533200,1.00437600,1.00268000,1.00080700
6.030000,1.23549900,1.00682100,1.00533200,1.00437600,1.00268000,1.00080700
6.032000,1.23552800,1.00682100,1.00533300,1.00437600,1.00268100,1.00080800
6.033999,1.23555600,1.00682100,1.00533300,1.00437600,1.00268100,1.00080800
6.035999,1.23558500,1.00682100,1.00533300,1.00437600,1.00268100,1.00080800
6.038000,1.23561400,1.00682200,1.00533300,1.00437600,1.00268100,1.00080800
6.039999,1.23564200,1.00682200,1.00533300,1.00437600,1.00268100,1.00080800
6.042000,1.23567100,1.00682200,1.00533300,1.00437700,1.00268100,1.00080800
6.044000,1.23569900,1.00682200,1.00533400,1.00437700,1.00268100,1.00080800
6.046000,1.23572800,1.00682200,1.00533400,1.00437700,1.00268100,1.00080800
6.048000,1.23575700,1.00682300,1.00533400,1.00437700,1.00268100,1.00080800
6.050000,1.23578500,1.00682300,1.00533400,1.00437700,1.00268100,1.00080800
6.052000,1.23581400,1.00682300,1.00533400,1.00437700,1.00268100,1.00080800
6.053999,1.23584300,1.00682300,1.00533400,1.00437700,1.00268100,1.00080800
6.055999,1.23587200,1.00682300,1.00533400,1.00437700,1.00268100,1.00080800
6.058000,1.23590000,1.00682400,1.00533500,1.00437700,1.00268100,1.00080800
6.059999,1.23592900,1.00682400,1.00533500,1.00437800,1.00268100,1.00080800
6.062000,1.23595800,1.00682400,1.00533500,1.00437800,1.00268200,1.00080800
6.064000,1.23598600,1.00682400,1.00533500,1.00437800,1.00268200,1.00080800
6.066000,1.23601500,1.00682400,1.00533500,1.00437800,1.00268200,1.00080800
6.068000,1.23604400,1.00682500,1.00533500,1.00437800,1.00268200,1.00080800
6.069999,1.23607300,1.00682500,1.00533600,1.00437800,1.00268200,1.00080800
6.072000,1.23610100,1.00682500,1.00533600,1.00437800,1.00268200,1.00080800
6.073999,1.23613000,1.00682500,1.00533600,1.00437900,1.00268200,1.00080800
6.076000,1.23615900,1.00682500,1.00533600,1.00437900,1.00268200,1.00080800
6.078000,1.23618700,1.00682600,1.00533600,1.00437900,1.00268200,1.00080800
6.079999,1.23621600,1.00682600,1.00533600,1.00437900,1.00268200,1.00080800
6.082000,1.23624500,1.00682600,1.00533600,1.00437900,1.00268200,1.00080800
6.084000,1.23627400,1.00682600,1.00533700,1.00437900,1.00268200,1.00080800
6.085999,1.23630300,1.00682700,1.00533700,1.00437900,1.00268200,1.00080800
6.087999,1.23633100,1.00682700,1.00533700,1.00437900,1.00268300,1.00080800
6.089999,1.23636000,1.00682700,1.00533700,1.00438000,1.00268300,1.00080800
6.092000,1.23638900,1.00682700,1.00533700,1.00438000,1.00268300,1.00080800
6.093999,1.23641800,1.00682700,1.00533700,1.00438000,1.00268300,1.00080800
6.096000,1.23644700,1.00682700,1.00533700,1.00438000,1.00268300,1.00080800
6.098000,1.23647600,1.00682800,1.00533800,1.00438000,1.00268300,1.00080800
6.099999,1.23650500,1.00682800,1.00533800,1.00438000,1.00268300,1.00080800
6.102000,1.23653300,1.00682800,1.00533800,1.00438000,1.00268300,1.00080800
6.104000,1.23656200,1.00682800,1.00533800,1.00438000,1.00268300,1.00080800
6.105999,1.23659100,1.00682900,1.00533800,1.00438000,1.00268300,1.00080800
6.107999,1.23662000,1.00682900,1.00533800,1.00438100,1.00268300,1.00080800
6.110000,1.23664900,1.00682900,1.00533900,1.00438100,1.00268300,1.00080800
6.112000,1.23667800,1.00682900,1.00533900,1.00438100,1.00268400,1.00080800
6.113999,1.23670700,1.00682900,1.00533900,1.00438100,1.00268400,1.00080800
6.116000,1.23673600,1.00683000,1.00533900,1.00438100,1.00268400,1.00080800
6.118000,1.23676400,1.00683000,1.00533900,1.00438100,1.00268400,1.00080800
6.120000,1.23679300,1.00683000,1.00533900,1.00438100,1.00268400,1.00080800
6.122000,1.23682200,1.00683000,1.00534000,1.00438200,1.00268400,1.00080800
6.124000,1.23685100,1.00683000,1.00534000,1.00438200,1.00268400,1.00080800
6.125999,1.23688000,1.00683100,1.00534000,1.00438200,1.00268400,1.00080800
6.127999,1.23690900,1.00683100,1.00534000,1.00438200,1.00268400,1.00080800
6.130000,1.23693800,1.00683100,1.00534000,1.00438200,1.00268400,1.00080800
6.131999,1.23696700,1.00683100,1.00534000,1.00438200,1.00268400,1.00080800
6.133999,1.23699600,1.00683200,1.00534000,1.00438200,1.00268400,1.00080800
6.136000,1.23702500,1.00683200,1.00534100,1.00438200,1.00268400,1.00080900
6.138000,1.23705400,1.00683200,1.00534100,1.00438200,1.00268400,1.00080900
6.140000,1.23708300,1.00683200,1.00534100,1.00438300,1.00268400,1.00080900
6.142000,1.23711200,1.00683200,1.00534100,1.00438300,1.00268500,1.00080900
6.144000,1.23714100,1.00683200,1.00534100,1.00438300,1.00268500,1.00080900
6.145999,1.23717000,1.00683300,1.00534100,1.00438300,1.00268500,1.00080900
6.147999,1.23719900,1.00683300,1.00534200,1.00438300,1.00268500,1.00080900
6.150000,1.23722800,1.00683300,1.00534200,1.00438300,1.00268500,1.00080900
6.151999,1.23725700,1.00683300,1.00534200,1.00438300,1.00268500,1.00080900
6.154000,1.23728600,1.00683400,1.00534200,1.00438400,1.00268500,1.00080900
6.156000,1.23731500,1.00683400,1.00534200,1.00438400,1.00268500,1.00080900
6.158000,1.23734500,1.00683400,1.00534200,1.00438400,1.00268500,1.00080900
6.160000,1.23737400,1.00683400,1.00534200,1.00438400,1.00268500,1.00080900
6.162000,1.23740300,1.00683400,1.00534300,1.00438400,1.00268500,1.00080900
6.164000,1.23743200,1.00683500,1.00534300,1.00438400,1.00268500,1.00080900
6.165999,1.23746100,1.00683500,1.00534300,1.00438400,1.00268500,1.00080900
6.167999,1.23749000,1.00683500,1.00534300,1.00438400,1.00268600,1.00080900
6.170000,1.23751900,1.00683500,1.00534300,1.00438500,1.00268600,1.00080900
6.171999,1.23754800,1.00683500,1.00534300,1.00438500,1.00268600,1.00080900
6.174000,1.23757700,1.00683600,1.00534400,1.00438500,1.00268600,1.00080900
6.176000,1.23760700,1.00683600,1.00534400,1.00438500,1.00268600,1.00080900
6.177999,1.23763600,1.00683600,1.00534400,1.00438500,1.00268600,1.00080900
6.180000,1.23766500,1.00683600,1.00534400,1.00438500,1.00268600,1.00080900
6.181999,1.23769400,1.00683600,1.00534400,1.00438500,1.00268600,1.00080900
6.184000,1.23772300,1.00683700,1.00534400,1.00438500,1.00268600,1.00080900
6.185999,1.23775200,1.00683700,1.00534500,1.00438500,1.00268600,1.00080900
6.188000,1.23778200,1.00683700,1.00534500,1.00438600,1.00268600,1.00080900
6.190000,1.23781100,1.00683700,1.00534500,1.00438600,1.00268600,1.00080900
6.191999,1.23784000,1.00683700,1.00534500,1.00438600,1.00268600,1.00080900
6.194000,1.23786900,1.00683800,1.00534500,1.00438600,1.00268700,1.00080900
6.196000,1.23789800,1.00683800,1.00534500,1.00438600,1.00268700,1.00080900
6.198000,1.23792800,1.00683800,1.00534500,1.00438600,1.00268700,1.00080900
6.199999,1.23795700,1.00683800,1.00534600,1.00438600,1.00268700,1.00080900
6.201999,1.23798600,1.00683900,1.00534600,1.00438700,1.00268700,1.00080900
6.204000,1.23801500,1.00683900,1.00534600,1.00438700,1.00268700,1.00080900
6.205999,1.23804500,1.00683900,1.00534600,1.00438700,1.00268700,1.00080900
6.208000,1.23807400,1.00683900,1.00534600,1.00438700,1.00268700,1.00080900
6.210000,1.23810300,1.00683900,1.00534600,1.00438700,1.00268700,1.00080900
6.211999,1.23813200,1.00684000,1.00534700,1.00438700,1.00268700,1.00080900
6.214000,1.23816200,1.00684000,1.00534700,1.00438700,1.00268700,1.00080900
6.216000,1.23819100,1.00684000,1.00534700,1.00438700,1.00268700,1.00080900
6.217999,1.23822000,1.00684000,1.00534700,1.00438700,1.00268700,1.00080900
6.219999,1.23825000,1.00684000,1.00534700,1.00438800,1.00268700,1.00080900
6.222000,1.23827900,1.00684100,1.00534700,1.00438800,1.00268800,1.00080900
6.224000,1.23830800,1.00684100,1.00534700,1.00438800,1.00268800,1.00080900
6.225999,1.23833800,1.00684100,1.00534800,1.00438800,1.00268800,1.00081000
6.228000,1.23836700,1.00684100,1.00534800,1.00438800,1.00268800,1.00081000
6.230000,1.23839600,1.00684100,1.00534800,1.00438800,1.00268800,1.00081000
6.232000,1.23842600,1.00684200,1.00534800,1.00438800,1.00268800,1.00081000
6.234000,1.23845500,1.00684200,1.00534800,1.00438900,1.00268800,1.00081000
6.236000,1.23848400,1.00684200,1.00534800,1.00438900,1.00268800,1.00081000
6.237999,1.23851400,1.00684200,1.00534900,1.00438900,1.00268800,1.00081000
6.239999,1.23854300,1.00684200,1.00534900,1.00438900,1.00268800,1.00081000
6.242000,1.23857300,1.00684300,1.00534900,1.00438900,1.00268800,1.00081000
6.243999,1.23860200,1.00684300,1.00534900,1.00438900,1.00268800,1.00081000
6.245999,1.23863100,1.00684300,1.00534900,1.00438900,1.00268800,1.00081000
6.248000,1.23866100,1.00684300,1.00534900,1.00438900,1.00268900,1.00081000
6.250000,1.23869000,1.00684400,1.00535000,1.00439000,1.00268900,1.00081000
6.252000,1.23872000,1.00684400,1.00535000,1.00439000,1.00268900,1.00081000
6.254000,1.23874900,1.00684400,1.00535000,1.00439000,1.00268900,1.00081000
6.256000,1.23877800,1.00684400,1.00535000,1.00439000,1.00268900,1.00081000
6.257999,1.23880800,1.00684400,1.00535000,1.00439000,1.00268900,1.00081000
6.259999,1.23883700,1.00684500,1.00535000,1.00439000,1.00268900,1.00081000
6.262000,1.23886700,1.00684500,1.00535000,1.00439000,1.00268900,1.00081000
6.263999,1.23889600,1.00684500,1.00535100,1.00439000,1.00268900,1.00081000
6.266000,1.23892600,1.00684500,1.00535100,1.00439000,1.00268900,1.00081000
6.268000,1.23895500,1.00684500,1.00535100,1.00439100,1.00268900,1.00081000
6.270000,1.23898500,1.00684600,1.00535100,1.00439100,1.00268900,1.00081000
6.272000,1.23901400,1.00684600,1.00535100,1.00439100,1.00268900,1.00081000
6.274000,1.23904400,1.00684600,1.00535100,1.00439100,1.00268900,1.00081000
6.276000,1.23907400,1.00684600,1.00535200,1.00439100,1.00268900,1.00081000
6.277999,1.23910300,1.00684600,1.00535200,1.00439100,1.00269000,1.00081000
6.279999,1.23913300,1.00684700,1.00535200,1.00439100,1.00269000,1.00081000
6.282000,1.23916200,1.00684700,1.00535200,1.00439200,1.00269000,1.00081000
6.283999,1.23919200,1.00684700,1.00535200,1.00439200,1.00269000,1.00081000
6.286000,1.23922100,1.00684700,1.00535200,1.00439200,1.00269000,1.00081000
6.288000,1.23925100,1.00684800,1.00535200,1.00439200,1.00269000,1.00081000
6.289999,1.23928000,1.00684800,1.00535300,1.00439200,1.00269000,1.00081000
6.292000,1.23931000,1.00684800,1.00535300,1.00439200,1.00269000,1.00081000
6.293999,1.23934000,1.00684800,1.00535300,1.00439200,1.00269000,1.00081000
6.296000,1.23936900,1.00684800,1.00535300,1.00439200,1.00269000,1.00081000
6.297999,1.23939900,1.00684900,1.00535300,1.00439300,1.00269000,1.00081000
6.300000,1.23942800,1.00684900,1.00535300,1.00439300,1.00269000,1.00081000
6.302000,1.23945800,1.00684900,1.00535400,1.00439300,1.00269000,1.00081000
6.303999,1.23948800,1.00684900,1.00535400,1.00439300,1.00269100,1.00081000
6.306000,1.23951700,1.00684900,1.00535400,1.00439300,1.00269100,1.00081000
6.308000,1.23954700,1.00685000,1.00535400,1.00439300,1.00269100,1.00081000
6.310000,1.23957700,1.00685000,1.00535400,1.00439300,1.00269100,1.00081000
6.311999,1.23960600,1.00685000,1.00535400,1.00439300,1.00269100,1.00081000
6.313999,1.23963600,1.00685000,1.00535500,1.00439400,1.00269100,1.00081000
6.316000,1.23966600,1.00685000,1.00535500,1.00439400,1.00269100,1.00081000
6.317999,1.23969500,1.00685100,1.00535500,1.00439400,1.00269100,1.00081100
6.320000,1.23972500,1.00685100,1.00535500,1.00439400,1.00269100,1.00081100
6.322000,1.23975500,1.00685100,1.00535500,1.00439400,1.00269100,1.00081100
6.323999,1.23978400,1.00685100,1.00535500,1.00439400,1.00269100,1.00081100
6.326000,1.23981400,1.00685100,1.00535500,1.00439400,1.00269100,1.00081100
6.328000,1.23984400,1.00685200,1.00535600,1.00439400,1.00269100,1.00081100
6.329999,1.23987400,1.00685200,1.00535600,1.00439500,1.00269200,1.00081100
6.331999,1.23990300,1.00685200,1.00535600,1.00439500,1.00269200,1.00081100
6.334000,1.23993300,1.00685200,1.00535600,1.00439500,1.00269200,1.00081100
6.335999,1.23996300,1.00685300,1.00535600,1.00439500,1.00269200,1.00081100
6.337999,1.23999300,1.00685300,1.00535600,1.00439500,1.00269200,1.00081100
6.340000,1.24002300,1.00685300,1.00535700,1.00439500,1.00269200,1.00081100
6.342000,1.24005200,1.00685300,1.00535700,1.00439500,1.00269200,1.00081100
6.344000,1.24008200,1.00685300,1.00535700,1.00439500,1.00269200,1.00081100
6.346000,1.24011200,1.00685400,1.00535700,1.00439500,1.00269200,1.00081100
6.348000,1.24014200,1.00685400,1.00535700,1.00439600,1.00269200,1.00081100
6.349999,1.24017200,1.00685400,1.00535700,1.00439600,1.00269200,1.00081100
6.351999,1.24020100,1.00685400,1.00535800,1.00439600,1.00269200,1.00081100
6.354000,1.24023100,1.00685400,1.00535800,1.00439600,1.00269200,1.00081100
6.355999,1.24026100,1.00685500,1.00535800,1.00439600,1.00269200,1.00081100
6.357999,1.24029100,1.00685500,1.00535800,1.00439600,1.00269300,1.00081100
6.360000,1.24032100,1.00685500,1.00535800,1.00439600,1.00269300,1.00081100
6.362000,1.24035100,1.00685500,1.00535800,1.00439700,1.00269300,1.00081100
6.364000,1.24038100,1.00685500,1.00535800,1.00439700,1.00269300,1.00081100
6.366000,1.24041000,1.00685600,1.00535900,1.00439700,1.00269300,1.00081100
6.368000,1.24044000,1.00685600,1.00535900,1.00439700,1.00269300,1.00081100
6.369999,1.24047000,1.00685600,1.00535900,1.00439700,1.00269300,1.00081100
6.371999,1.24050000,1.00685600,1.00535900,1.00439700,1.00269300,1.00081100
6.374000,1.24053000,1.00685600,1.00535900,1.00439700,1.00269300,1.00081100
6.375999,1.24056000,1.00685700,1.00535900,1.00439700,1.00269300,1.00081100
6.378000,1.24059000,1.00685700,1.00536000,1.00439800,1.00269300,1.00081100
6.380000,1.24062000,1.00685700,1.00536000,1.00439800,1.00269300,1.00081100
6.381999,1.24065000,1.00685700,1.00536000,1.00439800,1.00269300,1.00081100
6.384000,1.24068000,1.00685800,1.00536000,1.00439800,1.00269400,1.00081100
6.386000,1.24071000,1.00685800,1.00536000,1.00439800,1.00269400,1.00081100
6.388000,1.24074000,1.00685800,1.00536000,1.00439800,1.00269400,1.00081100
6.389999,1.24077000,1.00685800,1.00536000,1.00439800,1.00269400,1.00081100
6.391999,1.24080000,1.00685800,1.00536100,1.00439800,1.00269400,1.00081100
6.394000,1.24083000,1.00685900,1.00536100,1.00439900,1.00269400,1.00081100
6.395999,1.24086000,1.00685900,1.00536100,1.00439900,1.00269400,1.00081100
6.398000,1.24089000,1.00685900,1.00536100,1.00439900,1.00269400,1.00081100
6.400000,1.24092000,1.00685900,1.00536100,1.00439900,1.00269400,1.00081100
6.401999,1.24095000,1.00685900,1.00536100,1.00439900,1.00269400,1.00081100
6.404000,1.24098000,1.00686000,1.00536200,1.00439900,1.00269400,1.00081100
6.405999,1.24101000,1.00686000,1.00536200,1.00439900,1.00269400,1.00081100
6.408000,1.24104000,1.00686000,1.00536200,1.00439900,1.00269400,1.00081100
6.409999,1.24107000,1.00686000,1.00536200,1.00440000,1.00269400,1.00081100
6.412000,1.24110000,1.00686000,1.00536200,1.00440000,1.00269500,1.00081100
6.414000,1.24113000,1.00686100,1.00536200,1.00440000,1.00269500,1.00081100
6.415999,1.24116000,1.00686100,1.00536300,1.00440000,1.00269500,1.00081100
6.418000,1.24119000,1.00686100,1.00536300,1.00440000,1.00269500,1.00081100
6.420000,1.24122000,1.00686100,1.00536300,1.00440000,1.00269500,1.00081200
6.422000,1.24125000,1.00686100,1.00536300,1.00440000,1.00269500,1.00081200
6.423999,1.24128100,1.00686200,1.00536300,1.00440000,1.00269500,1.00081200
6.425999,1.24131100,1.00686200,1.00536300,1.00440100,1.00269500,1.00081200
6.427999,1.24134100,1.00686200,1.00536300,1.00440100,1.00269500,1.00081200
6.429999,1.24137100,1.00686200,1.00536400,1.00440100,1.00269500,1.00081200
6.432000,1.24140100,1.00686300,1.00536400,1.00440100,1.00269500,1.00081200
6.434000,1.24143100,1.00686300,1.00536400,1.00440100,1.00269500,1.00081200
6.435999,1.24146100,1.00686300,1.00536400,1.00440100,1.00269500,1.00081200
6.438000,1.24149200,1.00686300,1.00536400,1.00440100,1.00269600,1.00081200
6.440000,1.24152200,1.00686300,1.00536400,1.00440100,1.00269600,1.00081200
6.441999,1.24155200,1.00686400,1.00536500,1.00440200,1.00269600,1.00081200
6.443999,1.24158200,1.00686400,1.00536500,1.00440200,1.00269600,1.00081200
6.446000,1.24161200,1.00686400,1.00536500,1.00440200,1.00269600,1.00081200
6.447999,1.24164300,1.00686400,1.00536500,1.00440200,1.00269600,1.00081200
6.449999,1.24167300,1.00686400,1.00536500,1.00440200,1.00269600,1.00081200
6.452000,1.24170300,1.00686500,1.00536500,1.00440200,1.00269600,1.00081200
6.454000,1.24173300,1.00686500,1.00536500,1.00440200,1.00269600,1.00081200
6.456000,1.24176300,1.00686500,1.00536600,1.00440200,1.00269600,1.00081200
6.458000,1.24179400,1.00686500,1.00536600,1.00440300,1.00269600,1.00081200
6.460000,1.24182400,1.00686600,1.00536600,1.00440300,1.00269600,1.00081200
6.461999,1.24185400,1.00686600,1.00536600,1.00440300,1.00269600,1.00081200
6.463999,1.24188500,1.00686600,1.00536600,1.00440300,1.00269700,1.00081200
6.466000,1.24191500,1.00686600,1.00536600,1.00440300,1.00269700,1.00081200
6.467999,1.24194500,1.00686600,1.00536700,1.00440300,1.00269700,1.00081200
6.469999,1.24197600,1.00686700,1.00536700,1.00440300,1.00269700,1.00081200
6.472000,1.24200600,1.00686700,1.00536700,1.00440300,1.00269700,1.00081200
6.474000,1.24203600,1.00686700,1.00536700,1.00440400,1.00269700,1.00081200
6.476000,1.24206600,1.00686700,1.00536700,1.00440400,1.00269700,1.00081200
6.478000,1.24209700,1.00686700,1.00536700,1.00440400,1.00269700,1.00081200
6.480000,1.24212700,1.00686800,1.00536800,1.00440400,1.00269700,1.00081200
6.481999,1.24215700,1.00686800,1.00536800,1.00440400,1.00269700,1.00081200
6.483999,1.24218800,1.00686800,1.00536800,1.00440400,1.00269700,1.00081200
6.486000,1.24221800,1.00686800,1.00536800,1.00440400,1.00269700,1.00081200
6.487999,1.24224900,1.00686800,1.00536800,1.00440400,1.00269700,1.00081200
6.490000,1.24227900,1.00686900,1.00536800,1.00440500,1.00269700,1.00081200
6.492000,1.24230900,1.00686900,1.00536800,1.00440500,1.00269800,1.00081200
6.493999,1.24234000,1.00686900,1.00536900,1.00440500,1.00269800,1.00081200
6.496000,1.24237000,1.00686900,1.00536900,1.00440500,1.00269800,1.00081200
6.498000,1.24240100,1.00686900,1.00536900,1.00440500,1.00269800,1.00081200
6.500000,1.24243100,1.00687000,1.00536900,1.00440500,1.00269800,1.00081200
6.501999,1.24246100,1.00687000,1.00536900,1.00440500,1.00269800,1.00081200
6.503999,1.24249200,1.00687000,1.00536900,1.00440500,1.00269800,1.00081200
6.506000,1.24252200,1.00687000,1.00537000,1.00440600,1.00269800,1.00081200
6.507999,1.24255300,1.00687100,1.00537000,1.00440600,1.00269800,1.00081200
6.510000,1.24258300,1.00687100,1.00537000,1.00440600,1.00269800,1.00081300
6.512000,1.24261400,1.00687100,1.00537000,1.00440600,1.00269800,1.00081300
6.513999,1.24264400,1.00687100,1.00537000,1.00440600,1.00269800,1.00081300
6.516000,1.24267500,1.00687100,1.00537000,1.00440600,1.00269800,1.00081300
6.518000,1.24270500,1.00687200,1.00537000,1.00440600,1.00269900,1.00081300
6.520000,1.24273600,1.00687200,1.00537100,1.00440600,1.00269900,1.00081300
6.521999,1.24276600,1.00687200,1.00537100,1.00440700,1.00269900,1.00081300
6.524000,1.24279700,1.00687200,1.00537100,1.00440700,1.00269900,1.00081300
6.526000,1.24282700,1.00687200,1.00537100,1.00440700,1.00269900,1.00081300
6.527999,1.24285800,1.00687300,1.00537100,1.00440700,1.00269900,1.00081300
6.530000,1.24288800,1.00687300,1.00537100,1.00440700,1.00269900,1.00081300
6.532000,1.24291900,1.00687300,1.00537200,1.00440700,1.00269900,1.00081300
6.534000,1.24294900,1.00687300,1.00537200,1.00440700,1.00269900,1.00081300
6.535999,1.24298000,1.00687300,1.00537200,1.00440800,1.00269900,1.00081300
6.537999,1.24301100,1.00687400,1.00537200,1.00440800,1.00269900,1.00081300
6.539999,1.24304100,1.00687400,1.00537200,1.00440800,1.00269900,1.00081300
6.541999,1.24307200,1.00687400,1.00537200,1.00440800,1.00269900,1.00081300
6.544000,1.24310200,1.00687400,1.00537300,1.00440800,1.00269900,1.00081300
6.546000,1.24313300,1.00687500,1.00537300,1.00440800,1.00270000,1.00081300
6.547999,1.24316400,1.00687500,1.00537300,1.00440800,1.00270000,1.00081300
6.550000,1.24319400,1.00687500,1.00537300,1.00440800,1.00270000,1.00081300
6.552000,1.24322500,1.00687500,1.00537300,1.00440800,1.00270000,1.00081300
6.553999,1.24325600,1.00687500,1.00537300,1.00440900,1.00270000,1.00081300
6.555999,1.24328600,1.00687600,1.00537300,1.00440900,1.00270000,1.00081300
6.558000,1.24331700,1.00687600,1.00537400,1.00440900,1.00270000,1.00081300
6.559999,1.24334800,1.00687600,1.00537400,1.00440900,1.00270000,1.00081300
6.561999,1.24337800,1.00687600,1.00537400,1.00440900,1.00270000,1.00081300
6.564000,1.24340900,1.00687600,1.00537400,1.00440900,1.00270000,1.00081300
6.566000,1.24344000,1.00687700,1.00537400,1.00440900,1.00270000,1.00081300
6.568000,1.24347000,1.00687700,1.00537400,1.00441000,1.00270000,1.00081300
6.570000,1.24350100,1.00687700,1.00537500,1.00441000,1.00270000,1.00081300
6.572000,1.24353200,1.00687700,1.00537500,1.00441000,1.00270100,1.00081300
6.573999,1.24356300,1.00687700,1.00537500,1.00441000,1.00270100,1.00081300
6.575999,1.24359300,1.00687800,1.00537500,1.00441000,1.00270100,1.00081300
6.578000,1.24362400,1.00687800,1.00537500,1.00441000,1.00270100,1.00081300
6.579999,1.24365500,1.00687800,1.00537500,1.00441000,1.00270100,1.00081300
6.581999,1.24368600,1.00687800,1.00537600,1.00441000,1.00270100,1.00081300
6.584000,1.24371600,1.00687800,1.00537600,1.00441100,1.00270100,1.00081300
6.585999,1.24374700,1.00687900,1.00537600,1.00441100,1.00270100,1.00081300
6.588000,1.24377800,1.00687900,1.00537600,1.00441100,1.00270100,1.00081300
6.590000,1.24380900,1.00687900,1.00537600,1.00441100,1.00270100,1.00081300
6.592000,1.24384000,1.00687900,1.00537600,1.00441100,1.00270100,1.00081300
6.593999,1.24387000,1.00688000,1.00537600,1.00441100,1.00270100,1.00081300
6.595999,1.24390100,1.00688000,1.00537700,1.00441100,1.00270100,1.00081300
6.598000,1.24393200,1.00688000,1.00537700,1.00441100,1.00270200,1.00081300
6.599999,1.24396300,1.00688000,1.00537700,1.00441200,1.00270200,1.00081300
6.602000,1.24399400,1.00688000,1.00537700,1.00441200,1.00270200,1.00081300
6.604000,1.24402500,1.00688100,1.00537700,1.00441200,1.00270200,1.00081300
6.605999,1.24405500,1.00688100,1.00537700,1.00441200,1.00270200,1.00081300
6.608000,1.24408600,1.00688100,1.00537800,1.00441200,1.00270200,1.00081300
6.610000,1.24411700,1.00688100,1.00537800,1.00441200,1.00270200,1.00081300
6.612000,1.24414800,1.00688100,1.00537800,1.00441200,1.00270200,1.00081400
6.613999,1.24417900,1.00688200,1.00537800,1.00441200,1.00270200,1.00081400
6.615999,1.24421000,1.00688200,1.00537800,1.00441300,1.00270200,1.00081400
6.618000,1.24424100,1.00688200,1.00537800,1.00441300,1.00270200,1.00081400
6.619999,1.24427200,1.00688200,1.00537800,1.00441300,1.00270200,1.00081400
6.622000,1.24430300,1.00688300,1.00537900,1.00441300,1.00270200,1.00081400
6.624000,1.24433400,1.00688300,1.00537900,1.00441300,1.00270200,1.00081400
6.625999,1.24436500,1.00688300,1.00537900,1.00441300,1.00270300,1.00081400
6.628000,1.24439500,1.00688300,1.00537900,1.00441300,1.00270300,1.00081400
6.630000,1.24442600,1.00688300,1.00537900,1.00441300,1.00270300,1.00081400
6.631999,1.24445700,1.00688400,1.00537900,1.00441400,1.00270300,1.00081400
6.633999,1.24448800,1.00688400,1.00538000,1.00441400,1.00270300,1.00081400
6.636000,1.24451900,1.00688400,1.00538000,1.00441400,1.00270300,1.00081400
6.638000,1.24455000,1.00688400,1.00538000,1.00441400,1.00270300,1.00081400
6.639999,1.24458100,1.00688400,1.00538000,1.00441400,1.00270300,1.00081400
6.642000,1.24461200,1.00688500,1.00538000,1.00441400,1.00270300,1.00081400
6.644000,1.24464300,1.00688500,1.00538000,1.00441400,1.00270300,1.00081400
6.646000,1.24467400,1.00688500,1.00538100,1.00441400,1.00270300,1.00081400
6.648000,1.24470500,1.00688500,1.00538100,1.00441500,1.00270300,1.00081400
6.649999,1.24473700,1.00688500,1.00538100,1.00441500,1.00270300,1.00081400
6.651999,1.24476800,1.00688600,1.00538100,1.00441500,1.00270400,1.00081400
6.653999,1.24479900,1.00688600,1.00538100,1.00441500,1.00270400,1.00081400
6.656000,1.24483000,1.00688600,1.00538100,1.00441500,1.00270400,1.00081400
6.658000,1.24486100,1.00688600,1.00538200,1.00441500,1.00270400,1.00081400
6.659999,1.24489200,1.00688600,1.00538200,1.00441500,1.00270400,1.00081400
6.662000,1.24492300,1.00688700,1.00538200,1.00441500,1.00270400,1.00081400
6.664000,1.24495400,1.00688700,1.00538200,1.00441600,1.00270400,1.00081400
6.665999,1.24498500,1.00688700,1.00538200,1.00441600,1.00270400,1.00081400
6.667999,1.24501600,1.00688700,1.00538200,1.00441600,1.00270400,1.00081400
6.669999,1.24504800,1.00688800,1.00538300,1.00441600,1.00270400,1.00081400
6.671999,1.24507900,1.00688800,1.00538300,1.00441600,1.00270400,1.00081400
6.673999,1.24511000,1.00688800,1.00538300,1.00441600,1.00270400,1.00081400
6.676000,1.24514100,1.00688800,1.00538300,1.00441600,1.00270400,1.00081400
6.677999,1.24517200,1.00688800,1.00538300,1.00441600,1.00270500,1.00081400
6.680000,1.24520300,1.00688900,1.00538300,1.00441700,1.00270500,1.00081400
6.682000,1.24523400,1.00688900,1.00538300,1.00441700,1.00270500,1.00081400
6.684000,1.24526600,1.00688900,1.00538400,1.00441700,1.00270500,1.00081400
6.685999,1.24529700,1.00688900,1.00538400,1.00441700,1.00270500,1.00081400
6.687999,1.24532800,1.00688900,1.00538400,1.00441700,1.00270500,1.00081400
6.690000,1.24535900,1.00689000,1.00538400,1.00441700,1.00270500,1.00081400
6.691999,1.24539100,1.00689000,1.00538400,1.00441700,1.00270500,1.00081400
6.693999,1.24542200,1.00689000,1.00538400,1.00441800,1.00270500,1.00081400
6.696000,1.24545300,1.00689000,1.00538500,1.00441800,1.00270500,1.00081400
6.697999,1.24548400,1.00689100,1.00538500,1.00441800,1.00270500,1.00081400
6.700000,1.24551600,1.00689100,1.00538500,1.00441800,1.00270500,1.00081400
6.702000,1.24554700,1.00689100,1.00538500,1.00441800,1.00270500,1.00081500
6.704000,1.24557800,1.00689100,1.00538500,1.00441800,1.00270500,1.00081500
6.705999,1.24560900,1.00689100,1.00538500,1.00441800,1.00270600,1.00081500
6.707999,1.24564100,1.00689200,1.00538600,1.00441800,1.00270600,1.00081500
6.710000,1.24567200,1.00689200,1.00538600,1.00441800,1.00270600,1.00081500
6.711999,1.24570300,1.00689200,1.00538600,1.00441900,1.00270600,1.00081500
6.714000,1.24573500,1.00689200,1.00538600,1.00441900,1.00270600,1.00081500
6.716000,1.24576600,1.00689200,1.00538600,1.00441900,1.00270600,1.00081500
6.717999,1.24579700,1.00689300,1.00538600,1.00441900,1.00270600,1.00081500
6.720000,1.24582900,1.00689300,1.00538600,1.00441900,1.00270600,1.00081500
6.722000,1.24586000,1.00689300,1.00538700,1.00441900,1.00270600,1.00081500
6.724000,1.24589100,1.00689300,1.00538700,1.00441900,1.00270600,1.00081500
6.725999,1.24592300,1.00689400,1.00538700,1.00442000,1.00270600,1.00081500
6.727999,1.24595400,1.00689400,1.00538700,1.00442000,1.00270600,1.00081500
6.730000,1.24598600,1.00689400,1.00538700,1.00442000,1.00270600,1.00081500
6.731999,1.24601700,1.00689400,1.00538700,1.00442000,1.00270700,1.00081500
6.734000,1.24604800,1.00689400,1.00538800,1.00442000,1.00270700,1.00081500
6.736000,1.24608000,1.00689500,1.00538800,1.00442000,1.00270700,1.00081500
6.737999,1.24611100,1.00689500,1.00538800,1.00442000,1.00270700,1.00081500
6.740000,1.24614300,1.00689500,1.00538800,1.00442000,1.00270700,1.00081500
6.742000,1.24617400,1.00689500,1.00538800,1.00442100,1.00270700,1.00081500
6.743999,1.24620600,1.00689500,1.00538800,1.00442100,1.00270700,1.00081500
6.745999,1.24623700,1.00689600,1.00538800,1.00442100,1.00270700,1.00081500
6.748000,1.24626900,1.00689600,1.00538900,1.00442100,1.00270700,1.00081500
6.750000,1.24630000,1.00689600,1.00538900,1.00442100,1.00270700,1.00081500
6.751999,1.24633100,1.00689600,1.00538900,1.00442100,1.00270700,1.00081500
6.754000,1.24636300,1.00689600,1.00538900,1.00442100,1.00270700,1.00081500
6.756000,1.24639500,1.00689700,1.00538900,1.00442100,1.00270700,1.00081500
6.758000,1.24642600,1.00689700,1.00538900,1.00442200,1.00270700,1.00081500
6.760000,1.24645800,1.00689700,1.00539000,1.00442200,1.00270800,1.00081500
6.761999,1.24648900,1.00689700,1.00539000,1.00442200,1.00270800,1.00081500
6.763999,1.24652100,1.00689700,1.00539000,1.00442200,1.00270800,1.00081500
6.765999,1.24655200,1.00689800,1.00539000,1.00442200,1.00270800,1.00081500
6.768000,1.24658400,1.00689800,1.00539000,1.00442200,1.00270800,1.00081500
6.770000,1.24661500,1.00689800,1.00539000,1.00442200,1.00270800,1.00081500
6.771999,1.24664700,1.00689800,1.00539100,1.00442200,1.00270800,1.00081500
6.774000,1.24667800,1.00689900,1.00539100,1.00442300,1.00270800,1.00081500
6.776000,1.24671000,1.00689900,1.00539100,1.00442300,1.00270800,1.00081500
6.778000,1.24674200,1.00689900,1.00539100,1.00442300,1.00270800,1.00081500
6.779999,1.24677300,1.00689900,1.00539100,1.00442300,1.00270800,1.00081500
6.781999,1.24680500,1.00689900,1.00539100,1.00442300,1.00270800,1.00081500
6.783999,1.24683600,1.00690000,1.00539100,1.00442300,1.00270800,1.00081500
6.785999,1.24686800,1.00690000,1.00539200,1.00442300,1.00270900,1.00081500
6.788000,1.24690000,1.00690000,1.00539200,1.00442300,1.00270900,1.00081500
6.789999,1.24693100,1.00690000,1.00539200,1.00442400,1.00270900,1.00081500
6.792000,1.24696300,1.00690000,1.00539200,1.00442400,1.00270900,1.00081600
6.794000,1.24699500,1.00690100,1.00539200,1.00442400,1.00270900,1.00081600
6.796000,1.24702600,1.00690100,1.00539200,1.00442400,1.00270900,1.00081600
6.797999,1.24705800,1.00690100,1.00539300,1.00442400,1.00270900,1.00081600
6.799999,1.24709000,1.00690100,1.00539300,1.00442400,1.00270900,1.00081600
6.802000,1.24712100,1.00690200,1.00539300,1.00442400,1.00270900,1.00081600
6.804000,1.24715300,1.00690200,1.00539300,1.00442400,1.00270900,1.00081600
6.806000,1.24718500,1.00690200,1.00539300,1.00442500,1.00270900,1.00081600
6.808000,1.24721700,1.00690200,1.00539300,1.00442500,1.00270900,1.00081600
6.809999,1.24724800,1.00690200,1.00539400,1.00442500,1.00270900,1.00081600
6.811999,1.24728000,1.00690300,1.00539400,1.00442500,1.00271000,1.00081600
6.814000,1.24731200,1.00690300,1.00539400,1.00442500,1.00271000,1.00081600
6.816000,1.24734400,1.00690300,1.00539400,1.00442500,1.00271000,1.00081600
6.817999,1.24737500,1.00690300,1.00539400,1.00442500,1.00271000,1.00081600
6.819999,1.24740700,1.00690300,1.00539400,1.00442600,1.00271000,1.00081600
6.821999,1.24743900,1.00690400,1.00539400,1.00442600,1.00271000,1.00081600
6.824000,1.24747100,1.00690400,1.00539500,1.00442600,1.00271000,1.00081600
6.826000,1.24750300,1.00690400,1.00539500,1.00442600,1.00271000,1.00081600
6.828000,1.24753400,1.00690400,1.00539500,1.00442600,1.00271000,1.00081600
6.829999,1.24756600,1.00690400,1.00539500,1.00442600,1.00271000,1.00081600
6.831999,1.24759800,1.00690500,1.00539500,1.00442600,1.00271000,1.00081600
6.834000,1.24763000,1.00690500,1.00539500,1.00442600,1.00271000,1.00081600
6.835999,1.24766200,1.00690500,1.00539600,1.00442600,1.00271000,1.00081600
6.837999,1.24769400,1.00690500,1.00539600,1.00442700,1.00271000,1.00081600
6.839999,1.24772500,1.00690600,1.00539600,1.00442700,1.00271100,1.00081600
6.841999,1.24775700,1.00690600,1.00539600,1.00442700,1.00271100,1.00081600
6.844000,1.24778900,1.00690600,1.00539600,1.00442700,1.00271100,1.00081600
6.846000,1.24782100,1.00690600,1.00539600,1.00442700,1.00271100,1.00081600
6.848000,1.24785300,1.00690600,1.00539700,1.00442700,1.00271100,1.00081600
6.849999,1.24788500,1.00690700,1.00539700,1.00442700,1.00271100,1.00081600
6.851999,1.24791700,1.00690700,1.00539700,1.00442800,1.00271100,1.00081600
6.854000,1.24794900,1.00690700,1.00539700,1.00442800,1.00271100,1.00081600
6.855999,1.24798100,1.00690700,1.00539700,1.00442800,1.00271100,1.00081600
6.857999,1.24801300,1.00690700,1.00539700,1.00442800,1.00271100,1.00081600
6.859999,1.24804500,1.00690800,1.00539800,1.00442800,1.00271100,1.00081600
6.861999,1.24807700,1.00690800,1.00539800,1.00442800,1.00271100,1.00081600
6.864000,1.24810900,1.00690800,1.00539800,1.00442800,1.00271100,1.00081600
6.866000,1.24814100,1.00690800,1.00539800,1.00442800,1.00271200,1.00081600
6.868000,1.24817300,1.00690900,1.00539800,1.00442900,1.00271200,1.00081600
6.869999,1.24820500,1.00690900,1.00539800,1.00442900,1.00271200,1.00081600
6.871999,1.24823700,1.00690900,1.00539900,1.00442900,1.00271200,1.00081600
6.874000,1.24826900,1.00690900,1.00539900,1.00442900,1.00271200,1.00081600
6.875999,1.24830100,1.00690900,1.00539900,1.00442900,1.00271200,1.00081600
6.877999,1.24833300,1.00691000,1.00539900,1.00442900,1.00271200,1.00081600
6.879999,1.24836500,1.00691000,1.00539900,1.00442900,1.00271200,1.00081600
6.882000,1.24839700,1.00691000,1.00539900,1.00442900,1.00271200,1.00081600
6.884000,1.24842900,1.00691000,1.00539900,1.00443000,1.00271200,1.00081600
6.886000,1.24846100,1.00691000,1.00540000,1.00443000,1.00271200,1.00081600
6.888000,1.24849300,1.00691100,1.00540000,1.00443000,1.00271200,1.00081600
6.889999,1.24852500,1.00691100,1.00540000,1.00443000,1.00271200,1.00081600
6.892000,1.24855700,1.00691100,1.00540000,1.00443000,1.00271200,1.00081700
6.894000,1.24858900,1.00691100,1.00540000,1.00443000,1.00271300,1.00081700
6.895999,1.24862200,1.00691200,1.00540000,1.00443000,1.00271300,1.00081700
6.897999,1.24865400,1.00691200,1.00540100,1.00443000,1.00271300,1.00081700
6.899999,1.24868600,1.00691200,1.00540100,1.00443100,1.00271300,1.00081700
6.902000,1.24871800,1.00691200,1.00540100,1.00443100,1.00271300,1.00081700
6.904000,1.24875000,1.00691200,1.00540100,1.00443100,1.00271300,1.00081700
6.906000,1.24878200,1.00691300,1.00540100,1.00443100,1.00271300,1.00081700
6.908000,1.24881400,1.00691300,1.00540100,1.00443100,1.00271300,1.00081700
6.909999,1.24884700,1.00691300,1.00540100,1.00443100,1.00271300,1.00081700
6.912000,1.24887900,1.00691300,1.00540200,1.00443100,1.00271300,1.00081700
6.914000,1.24891100,1.00691300,1.00540200,1.00443100,1.00271300,1.00081700
6.915999,1.24894300,1.00691400,1.00540200,1.00443200,1.00271300,1.00081700
6.917999,1.24897600,1.00691400,1.00540200,1.00443200,1.00271400,1.00081700
6.919999,1.24900800,1.00691400,1.00540200,1.00443200,1.00271400,1.00081700
6.922000,1.24904000,1.00691400,1.00540200,1.00443200,1.00271400,1.00081700
6.924000,1.24907200,1.00691400,1.00540300,1.00443200,1.00271400,1.00081700
6.926000,1.24910400,1.00691500,1.00540300,1.00443200,1.00271400,1.00081700
6.927999,1.24913700,1.00691500,1.00540300,1.00443200,1.00271400,1.00081700
6.929999,1.24916900,1.00691500,1.00540300,1.00443200,1.00271400,1.00081700
6.932000,1.24920100,1.00691500,1.00540300,1.00443300,1.00271400,1.00081700
6.934000,1.24923300,1.00691600,1.00540300,1.00443300,1.00271400,1.00081700
6.935999,1.24926600,1.00691600,1.00540400,1.00443300,1.00271400,1.00081700
6.937999,1.24929800,1.00691600,1.00540400,1.00443300,1.00271400,1.00081700
6.939999,1.24933100,1.00691600,1.00540400,1.00443300,1.00271400,1.00081700
6.942000,1.24936300,1.00691600,1.00540400,1.00443300,1.00271400,1.00081700
6.944000,1.24939500,1.00691700,1.00540400,1.00443300,1.00271500,1.00081700
6.946000,1.24942700,1.00691700,1.00540400,1.00443400,1.00271500,1.00081700
6.947999,1.24946000,1.00691700,1.00540400,1.00443400,1.00271500,1.00081700
6.949999,1.24949200,1.00691700,1.00540500,1.00443400,1.00271500,1.00081700
6.952000,1.24952500,1.00691700,1.00540500,1.00443400,1.00271500,1.00081700
6.954000,1.24955700,1.00691800,1.00540500,1.00443400,1.00271500,1.00081700
6.955999,1.24958900,1.00691800,1.00540500,1.00443400,1.00271500,1.00081700
6.957999,1.24962200,1.00691800,1.00540500,1.00443400,1.00271500,1.00081700
6.960000,1.24965400,1.00691800,1.00540500,1.00443400,1.00271500,1.00081700
6.962000,1.24968700,1.00691900,1.00540600,1.00443500,1.00271500,1.00081700
6.964000,1.24971900,1.00691900,1.00540600,1.00443500,1.00271500,1.00081700
6.966000,1.24975100,1.00691900,1.00540600,1.00443500,1.00271500,1.00081700
6.967999,1.24978400,1.00691900,1.00540600,1.00443500,1.00271500,1.00081700
6.970000,1.24981600,1.00691900,1.00540600,1.00443500,1.00271500,1.00081700
6.972000,1.24984900,1.00692000,1.00540600,1.00443500,1.00271600,1.00081700
6.974000,1.24988100,1.00692000,1.00540700,1.00443500,1.00271600,1.00081700
6.975999,1.24991400,1.00692000,1.00540700,1.00443500,1.00271600,1.00081700
6.977999,1.24994600,1.00692000,1.00540700,1.00443600,1.00271600,1.00081700
6.980000,1.24997900,1.00692000,1.00540700,1.00443600,1.00271600,1.00081700
6.982000,1.25001100,1.00692100,1.00540700,1.00443600,1.00271600,1.00081800
6.984000,1.25004400,1.00692100,1.00540700,1.00443600,1.00271600,1.00081800
6.985999,1.25007600,1.00692100,1.00540800,1.00443600,1.00271600,1.00081800
6.987999,1.25010900,1.00692100,1.00540800,1.00443600,1.00271600,1.00081800
6.990000,1.25014100,1.00692200,1.00540800,1.00443600,1.00271600,1.00081800
6.992000,1.25017400,1.00692200,1.00540800,1.00443600,1.00271600,1.00081800
6.993999,1.25020600,1.00692200,1.00540800,1.00443700,1.00271600,1.00081800
6.995999,1.25023900,1.00692200,1.00540800,1.00443700,1.00271600,1.00081800
6.997999,1.25027200,1.00692200,1.00540900,1.00443700,1.00271700,1.00081800
7.000000,1.25030400,1.00692300,1.00540900,1.00443700,1.00271700,1.00081800
7.002000,1.25033700,1.00692300,1.00540900,1.00443700,1.00271700,1.00081800
7.003999,1.25036900,1.00692300,1.00540900,1.00443700,1.00271700,1.00081800
7.005999,1.25040200,1.00692300,1.00540900,1.00443700,1.00271700,1.00081800
7.007999,1.25043500,1.00692300,1.00540900,1.00443700,1.00271700,1.00081800
7.010000,1.25046700,1.00692400,1.00540900,1.00443800,1.00271700,1.00081800
7.012000,1.25050000,1.00692400,1.00541000,1.00443800,1.00271700,1.00081800
7.013999,1.25053300,1.00692400,1.00541000,1.00443800,1.00271700,1.00081800
7.015999,1.25056500,1.00692400,1.00541000,1.00443800,1.00271700,1.00081800
7.017999,1.25059800,1.00692500,1.00541000,1.00443800,1.00271700,1.00081800
7.020000,1.25063100,1.00692500,1.00541000,1.00443800,1.00271700,1.00081800
7.021999,1.25066300,1.00692500,1.00541000,1.00443800,1.00271700,1.00081800
7.023999,1.25069600,1.00692500,1.00541100,1.00443900,1.00271700,1.00081800
7.025999,1.25072900,1.00692500,1.00541100,1.00443900,1.00271800,1.00081800
7.028000,1.25076200,1.00692600,1.00541100,1.00443900,1.00271800,1.00081800
7.030000,1.25079400,1.00692600,1.00541100,1.00443900,1.00271800,1.00081800
7.032000,1.25082700,1.00692600,1.00541100,1.00443900,1.00271800,1.00081800
7.033999,1.25086000,1.00692600,1.00541100,1.00443900,1.00271800,1.00081800
7.035999,1.25089200,1.00692600,1.00541200,1.00443900,1.00271800,1.00081800
7.038000,1.25092500,1.00692700,1.00541200,1.00443900,1.00271800,1.00081800
7.039999,1.25095800,1.00692700,1.00541200,1.00443900,1.00271800,1.00081800
7.041999,1.25099100,1.00692700,1.00541200,1.00444000,1.00271800,1.00081800
7.043999,1.25102400,1.00692700,1.00541200,1.00444000,1.00271800,1.00081800
7.045999,1.25105600,1.00692700,1.00541200,1.00444000,1.00271800,1.00081800
7.048000,1.25108900,1.00692800,1.00541200,1.00444000,1.00271800,1.00081800
7.050000,1.25112200,1.00692800,1.00541300,1.00444000,1.00271800,1.00081800
7.052000,1.25115500,1.00692800,1.00541300,1.00444000,1.00271900,1.00081800
7.053999,1.25118800,1.00692800,1.00541300,1.00444000,1.00271900,1.00081800
7.055999,1.25122000,1.00692900,1.00541300,1.00444100,1.00271900,1.00081800
7.058000,1.25125300,1.00692900,1.00541300,1.00444100,1.00271900,1.00081800
7.059999,1.25128600,1.00692900,1.00541300,1.00444100,1.00271900,1.00081800
7.061999,1.25131900,1.00692900,1.00541400,1.00444100,1.00271900,1.00081800
7.063999,1.25135200,1.00692900,1.00541400,1.00444100,1.00271900,1.00081800
7.065999,1.25138500,1.00693000,1.00541400,1.00444100,1.00271900,1.00081800
7.068000,1.25141800,1.00693000,1.00541400,1.00444100,1.00271900,1.00081800
7.070000,1.25145100,1.00693000,1.00541400,1.00444100,1.00271900,1.00081800
7.072000,1.25148400,1.00693000,1.00541400,1.00444200,1.00271900,1.00081800
7.073999,1.25151600,1.00693000,1.00541500,1.00444200,1.00271900,1.00081800
7.075999,1.25154900,1.00693100,1.00541500,1.00444200,1.00272000,1.00081800
7.078000,1.25158200,1.00693100,1.00541500,1.00444200,1.00272000,1.00081800
7.079999,1.25161500,1.00693100,1.00541500,1.00444200,1.00272000,1.00081800
7.081999,1.25164800,1.00693100,1.00541500,1.00444200,1.00272000,1.00081900
7.083999,1.25168100,1.00693200,1.00541500,1.00444200,1.00272000,1.00081900
7.085999,1.25171400,1.00693200,1.00541600,1.00444200,1.00272000,1.00081900
7.088000,1.25174700,1.00693200,1.00541600,1.00444300,1.00272000,1.00081900
7.090000,1.25178000,1.00693200,1.00541600,1.00444300,1.00272000,1.00081900
7.092000,1.25181300,1.00693200,1.00541600,1.00444300,1.00272000,1.00081900
7.093999,1.25184600,1.00693300,1.00541600,1.00444300,1.00272000,1.00081900
7.095999,1.25187900,1.00693300,1.00541600,1.00444300,1.00272000,1.00081900
7.098000,1.25191200,1.00693300,1.00541700,1.00444300,1.00272000,1.00081900
7.099999,1.25194500,1.00693300,1.00541700,1.00444300,1.00272000,1.00081900
7.101999,1.25197900,1.00693300,1.00541700,1.00444400,1.00272000,1.00081900
7.103999,1.25201200,1.00693400,1.00541700,1.00444400,1.00272000,1.00081900
7.106000,1.25204500,1.00693400,1.00541700,1.00444400,1.00272100,1.00081900
7.108000,1.25207800,1.00693400,1.00541700,1.00444400,1.00272100,1.00081900
7.110000,1.25211100,1.00693400,1.00541700,1.00444400,1.00272100,1.00081900
7.112000,1.25214400,1.00693500,1.00541800,1.00444400,1.00272100,1.00081900
7.113999,1.25217700,1.00693500,1.00541800,1.00444400,1.00272100,1.00081900
7.116000,1.25221000,1.00693500,1.00541800,1.00444400,1.00272100,1.00081900
7.118000,1.25224300,1.00693500,1.00541800,1.00444400,1.00272100,1.00081900
7.119999,1.25227600,1.00693500,1.00541800,1.00444500,1.00272100,1.00081900
7.121999,1.25231000,1.00693600,1.00541800,1.00444500,1.00272100,1.00081900
7.123999,1.25234300,1.00693600,1.00541900,1.00444500,1.00272100,1.00081900
7.126000,1.25237600,1.00693600,1.00541900,1.00444500,1.00272100,1.00081900
7.128000,1.25240900,1.00693600,1.00541900,1.00444500,1.00272100,1.00081900
7.130000,1.25244200,1.00693600,1.00541900,1.00444500,1.00272200,1.00081900
7.131999,1.25247600,1.00693700,1.00541900,1.00444500,1.00272200,1.00081900
7.133999,1.25250900,1.00693700,1.00541900,1.00444600,1.00272200,1.00081900
7.136000,1.25254200,1.00693700,1.00541900,1.00444600,1.00272200,1.00081900
7.138000,1.25257500,1.00693700,1.00542000,1.00444600,1.00272200,1.00081900
7.139999,1.25260900,1.00693800,1.00542000,1.00444600,1.00272200,1.00081900
7.141999,1.25264200,1.00693800,1.00542000,1.00444600,1.00272200,1.00081900
7.143999,1.25267500,1.00693800,1.00542000,1.00444600,1.00272200,1.00081900
7.146000,1.25270800,1.00693800,1.00542000,1.00444600,1.00272200,1.00081900
7.148000,1.25274200,1.00693800,1.00542000,1.00444600,1.00272200,1.00081900
7.150000,1.25277500,1.00693900,1.00542100,1.00444700,1.00272200,1.00081900
7.151999,1.25280800,1.00693900,1.00542100,1.00444700,1.00272200,1.00081900
7.153999,1.25284100,1.00693900,1.00542100,1.00444700,1.00272200,1.00081900
7.156000,1.25287500,1.00693900,1.00542100,1.00444700,1.00272300,1.00081900
7.158000,1.25290800,1.00693900,1.00542100,1.00444700,1.00272300,1.00081900
7.159999,1.25294100,1.00694000,1.00542100,1.00444700,1.00272300,1.00081900
7.161999,1.25297500,1.00694000,1.00542200,1.00444700,1.00272300,1.00081900
7.163999,1.25300800,1.00694000,1.00542200,1.00444700,1.00272300,1.00081900
7.166000,1.25304200,1.00694000,1.00542200,1.00444800,1.00272300,1.00081900
7.168000,1.25307500,1.00694000,1.00542200,1.00444800,1.00272300,1.00081900
7.170000,1.25310800,1.00694100,1.00542200,1.00444800,1.00272300,1.00081900
7.171999,1.25314200,1.00694100,1.00542200,1.00444800,1.00272300,1.00082000
7.173999,1.25317500,1.00694100,1.00542300,1.00444800,1.00272300,1.00082000
7.176000,1.25320800,1.00694100,1.00542300,1.00444800,1.00272300,1.00082000
7.177999,1.25324200,1.00694200,1.00542300,1.00444800,1.00272300,1.00082000
7.179999,1.25327500,1.00694200,1.00542300,1.00444900,1.00272300,1.00082000
7.181999,1.25330900,1.00694200,1.00542300,1.00444900,1.00272300,1.00082000
7.184000,1.25334200,1.00694200,1.00542300,1.00444900,1.00272400,1.00082000
7.186000,1.25337600,1.00694300,1.00542400,1.00444900,1.00272400,1.00082000
7.188000,1.25340900,1.00694300,1.00542400,1.00444900,1.00272400,1.00082000
7.190000,1.25344300,1.00694300,1.00542400,1.00444900,1.00272400,1.00082000
7.191999,1.25347600,1.00694300,1.00542400,1.00444900,1.00272400,1.00082000
7.194000,1.25351000,1.00694300,1.00542400,1.00444900,1.00272400,1.00082000
7.196000,1.25354300,1.00694300,1.00542400,1.00444900,1.00272400,1.00082000
7.197999,1.25357700,1.00694400,1.00542400,1.00445000,1.00272400,1.00082000
7.199999,1.25361000,1.00694400,1.00542500,1.00445000,1.00272400,1.00082000
7.201999,1.25364400,1.00694400,1.00542500,1.00445000,1.00272400,1.00082000
7.204000,1.25367700,1.00694400,1.00542500,1.00445000,1.00272400,1.00082000
7.206000,1.25371100,1.00694500,1.00542500,1.00445000,1.00272400,1.00082000
7.208000,1.25374400,1.00694500,1.00542500,1.00445000,1.00272500,1.00082000
7.210000,1.25377800,1.00694500,1.00542500,1.00445000,1.00272500,1.00082000
7.211999,1.25381100,1.00694500,1.00542600,1.00445100,1.00272500,1.00082000
7.214000,1.25384500,1.00694500,1.00542600,1.00445100,1.00272500,1.00082000
7.216000,1.25387900,1.00694600,1.00542600,1.00445100,1.00272500,1.00082000
7.217999,1.25391200,1.00694600,1.00542600,1.00445100,1.00272500,1.00082000
7.219999,1.25394600,1.00694600,1.00542600,1.00445100,1.00272500,1.00082000
7.221999,1.25397900,1.00694600,1.00542600,1.00445100,1.00272500,1.00082000
7.224000,1.25401300,1.00694700,1.00542700,1.00445100,1.00272500,1.00082000
7.226000,1.25404700,1.00694700,1.00542700,1.00445200,1.00272500,1.00082000
7.228000,1.25408000,1.00694700,1.00542700,1.00445200,1.00272500,1.00082000
7.229999,1.25411400,1.00694700,1.00542700,1.00445200,1.00272500,1.00082000
7.231999,1.25414800,1.00694700,1.00542700,1.00445200,1.00272500,1.00082000
7.234000,1.25418100,1.00694800,1.00542700,1.00445200,1.00272500,1.00082000
7.236000,1.25421500,1.00694800,1.00542800,1.00445200,1.00272500,1.00082000
7.237999,1.25424900,1.00694800,1.00542800,1.00445200,1.00272600,1.00082000
7.239999,1.25428300,1.00694800,1.00542800,1.00445200,1.00272600,1.00082000
7.241999,1.25431600,1.00694800,1.00542800,1.00445200,1.00272600,1.00082000
7.244000,1.25435000,1.00694900,1.00542800,1.00445300,1.00272600,1.00082000
7.245999,1.25438400,1.00694900,1.00542800,1.00445300,1.00272600,1.00082000
7.247999,1.25441800,1.00694900,1.00542900,1.00445300,1.00272600,1.00082000
7.249999,1.25445100,1.00694900,1.00542900,1.00445300,1.00272600,1.00082000
7.251999,1.25448500,1.00695000,1.00542900,1.00445300,1.00272600,1.00082000
7.254000,1.25451900,1.00695000,1.00542900,1.00445300,1.00272600,1.00082000
7.256000,1.25455300,1.00695000,1.00542900,1.00445300,1.00272600,1.00082000
7.257999,1.25458600,1.00695000,1.00542900,1.00445400,1.00272600,1.00082000
7.259999,1.25462000,1.00695000,1.00543000,1.00445400,1.00272600,1.00082100
7.262000,1.25465400,1.00695100,1.00543000,1.00445400,1.00272700,1.00082100
7.263999,1.25468800,1.00695100,1.00543000,1.00445400,1.00272700,1.00082100
7.265999,1.25472200,1.00695100,1.00543000,1.00445400,1.00272700,1.00082100
7.267999,1.25475600,1.00695100,1.00543000,1.00445400,1.00272700,1.00082100
7.269999,1.25478900,1.00695100,1.00543000,1.00445400,1.00272700,1.00082100
7.272000,1.25482300,1.00695200,1.00543000,1.00445400,1.00272700,1.00082100
7.274000,1.25485700,1.00695200,1.00543100,1.00445400,1.00272700,1.00082100
7.276000,1.25489100,1.00695200,1.00543100,1.00445500,1.00272700,1.00082100
7.277999,1.25492500,1.00695200,1.00543100,1.00445500,1.00272700,1.00082100
7.279999,1.25495900,1.00695300,1.00543100,1.00445500,1.00272700,1.00082100
7.282000,1.25499300,1.00695300,1.00543100,1.00445500,1.00272700,1.00082100
7.283999,1.25502700,1.00695300,1.00543100,1.00445500,1.00272700,1.00082100
7.285999,1.25506100,1.00695300,1.00543200,1.00445500,1.00272700,1.00082100
7.287999,1.25509500,1.00695300,1.00543200,1.00445500,1.00272800,1.00082100
7.289999,1.25512900,1.00695400,1.00543200,1.00445600,1.00272800,1.00082100
7.292000,1.25516300,1.00695400,1.00543200,1.00445600,1.00272800,1.00082100
7.294000,1.25519700,1.00695400,1.00543200,1.00445600,1.00272800,1.00082100
7.296000,1.25523100,1.00695400,1.00543200,1.00445600,1.00272800,1.00082100
7.297999,1.25526500,1.00695400,1.00543200,1.00445600,1.00272800,1.00082100
7.299999,1.25529900,1.00695500,1.00543300,1.00445600,1.00272800,1.00082100
7.302000,1.25533300,1.00695500,1.00543300,1.00445600,1.00272800,1.00082100
7.303999,1.25536700,1.00695500,1.00543300,1.00445700,1.00272800,1.00082100
7.305999,1.25540100,1.00695500,1.00543300,1.00445700,1.00272800,1.00082100
7.307999,1.25543500,1.00695600,1.00543300,1.00445700,1.00272800,1.00082100
7.309999,1.25546900,1.00695600,1.00543300,1.00445700,1.00272800,1.00082100
7.312000,1.25550300,1.00695600,1.00543400,1.00445700,1.00272800,1.00082100
7.314000,1.25553700,1.00695600,1.00543400,1.00445700,1.00272800,1.00082100
7.316000,1.25557100,1.00695600,1.00543400,1.00445700,1.00272900,1.00082100
7.317999,1.25560500,1.00695700,1.00543400,1.00445700,1.00272900,1.00082100
7.319999,1.25563900,1.00695700,1.00543400,1.00445700,1.00272900,1.00082100
7.322000,1.25567300,1.00695700,1.00543500,1.00445800,1.00272900,1.00082100
7.323999,1.25570700,1.00695700,1.00543500,1.00445800,1.00272900,1.00082100
7.325999,1.25574200,1.00695800,1.00543500,1.00445800,1.00272900,1.00082100
7.327999,1.25577600,1.00695800,1.00543500,1.00445800,1.00272900,1.00082100
7.330000,1.25581000,1.00695800,1.00543500,1.00445800,1.00272900,1.00082100
7.332000,1.25584400,1.00695800,1.00543500,1.00445800,1.00272900,1.00082100
7.334000,1.25587800,1.00695800,1.00543500,1.00445800,1.00272900,1.00082100
7.335999,1.25591200,1.00695900,1.00543600,1.00445900,1.00272900,1.00082100
7.337999,1.25594700,1.00695900,1.00543600,1.00445900,1.00272900,1.00082100
7.340000,1.25598100,1.00695900,1.00543600,1.00445900,1.00273000,1.00082100
7.342000,1.25601500,1.00695900,1.00543600,1.00445900,1.00273000,1.00082100
7.343999,1.25604900,1.00695900,1.00543600,1.00445900,1.00273000,1.00082100
7.345999,1.25608300,1.00696000,1.00543600,1.00445900,1.00273000,1.00082100
7.347999,1.25611800,1.00696000,1.00543700,1.00445900,1.00273000,1.00082100
7.350000,1.25615200,1.00696000,1.00543700,1.00446000,1.00273000,1.00082100
7.352000,1.25618600,1.00696000,1.00543700,1.00446000,1.00273000,1.00082100
7.354000,1.25622000,1.00696100,1.00543700,1.00446000,1.00273000,1.00082100
7.355999,1.25625500,1.00696100,1.00543700,1.00446000,1.00273000,1.00082100
7.357999,1.25628900,1.00696100,1.00543700,1.00446000,1.00273000,1.00082100
7.360000,1.25632300,1.00696100,1.00543700,1.00446000,1.00273000,1.00082200
7.362000,1.25635800,1.00696100,1.00543800,1.00446000,1.00273000,1.00082200
7.363999,1.25639200,1.00696200,1.00543800,1.00446000,1.00273000,1.00082200
7.365999,1.25642600,1.00696200,1.00543800,1.00446000,1.00273000,1.00082200
7.367999,1.25646100,1.00696200,1.00543800,1.00446100,1.00273100,1.00082200
7.370000,1.25649500,1.00696200,1.00543800,1.00446100,1.00273100,1.00082200
7.372000,1.25652900,1.00696200,1.00543800,1.00446100,1.00273100,1.00082200
7.374000,1.25656400,1.00696300,1.00543900,1.00446100,1.00273100,1.00082200
7.375999,1.25659800,1.00696300,1.00543900,1.00446100,1.00273100,1.00082200
7.377999,1.25663200,1.00696300,1.00543900,1.00446100,1.00273100,1.00082200
7.380000,1.25666700,1.00696300,1.00543900,1.00446100,1.00273100,1.00082200
7.381999,1.25670100,1.00696300,1.00543900,1.00446200,1.00273100,1.00082200
7.383999,1.25673600,1.00696400,1.00544000,1.00446200,1.00273100,1.00082200
7.385999,1.25677000,1.00696400,1.00544000,1.00446200,1.00273100,1.00082200
7.387999,1.25680500,1.00696400,1.00544000,1.00446200,1.00273100,1.00082200
7.390000,1.25683900,1.00696400,1.00544000,1.00446200,1.00273100,1.00082200
7.392000,1.25687300,1.00696500,1.00544000,1.00446200,1.00273100,1.00082200
7.394000,1.25690800,1.00696500,1.00544000,1.00446200,1.00273200,1.00082200
7.395999,1.25694300,1.00696500,1.00544000,1.00446200,1.00273200,1.00082200
7.397999,1.25697700,1.00696500,1.00544100,1.00446300,1.00273200,1.00082200
7.400000,1.25701100,1.00696600,1.00544100,1.00446300,1.00273200,1.00082200
7.401999,1.25704600,1.00696600,1.00544100,1.00446300,1.00273200,1.00082200
7.403999,1.25708100,1.00696600,1.00544100,1.00446300,1.00273200,1.00082200
7.405999,1.25711500,1.00696600,1.00544100,1.00446300,1.00273200,1.00082200
7.408000,1.25715000,1.00696600,1.00544100,1.00446300,1.00273200,1.00082200
7.410000,1.25718400,1.00696700,1.00544200,1.00446300,1.00273200,1.00082200
7.412000,1.25721900,1.00696700,1.00544200,1.00446300,1.00273200,1.00082200
7.414000,1.25725300,1.00696700,1.00544200,1.00446400,1.00273200,1.00082200
7.415999,1.25728800,1.00696700,1.00544200,1.00446400,1.00273200,1.00082200
7.418000,1.25732200,1.00696700,1.00544200,1.00446400,1.00273300,1.00082200
7.420000,1.25735700,1.00696800,1.00544200,1.00446400,1.00273300,1.00082200
7.421999,1.25739200,1.00696800,1.00544300,1.00446400,1.00273300,1.00082200
7.423999,1.25742600,1.00696800,1.00544300,1.00446400,1.00273300,1.00082200
7.425999,1.25746100,1.00696800,1.00544300,1.00446400,1.00273300,1.00082200
7.428000,1.25749600,1.00696800,1.00544300,1.00446500,1.00273300,1.00082200
7.430000,1.25753000,1.00696900,1.00544300,1.00446500,1.00273300,1.00082200
7.432000,1.25756500,1.00696900,1.00544300,1.00446500,1.00273300,1.00082200
7.434000,1.25760000,1.00696900,1.00544300,1.00446500,1.00273300,1.00082200
7.435999,1.25763400,1.00696900,1.00544400,1.00446500,1.00273300,1.00082200
7.438000,1.25766900,1.00697000,1.00544400,1.00446500,1.00273300,1.00082200
7.440000,1.25770400,1.00697000,1.00544400,1.00446500,1.00273300,1.00082200
7.441999,1.25773800,1.00697000,1.00544400,1.00446500,1.00273300,1.00082200
7.443999,1.25777300,1.00697000,1.00544400,1.00446600,1.00273300,1.00082200
7.445999,1.25780800,1.00697000,1.00544400,1.00446600,1.00273400,1.00082200
7.448000,1.25784300,1.00697100,1.00544500,1.00446600,1.00273400,1.00082300
7.450000,1.25787700,1.00697100,1.00544500,1.00446600,1.00273400,1.00082300
7.452000,1.25791200,1.00697100,1.00544500,1.00446600,1.00273400,1.00082300
7.453999,1.25794700,1.00697100,1.00544500,1.00446600,1.00273400,1.00082300
7.455999,1.25798200,1.00697100,1.00544500,1.00446600,1.00273400,1.00082300
7.458000,1.25801600,1.00697200,1.00544500,1.00446600,1.00273400,1.00082300
7.460000,1.25805100,1.00697200,1.00544600,1.00446700,1.00273400,1.00082300
7.461999,1.25808600,1.00697200,1.00544600,1.00446700,1.00273400,1.00082300
7.463999,1.25812100,1.00697200,1.00544600,1.00446700,1.00273400,1.00082300
7.465999,1.25815600,1.00697300,1.00544600,1.00446700,1.00273400,1.00082300
7.468000,1.25819100,1.00697300,1.00544600,1.00446700,1.00273400,1.00082300
7.470000,1.25822500,1.00697300,1.00544600,1.00446700,1.00273400,1.00082300
7.471999,1.25826000,1.00697300,1.00544700,1.00446700,1.00273500,1.00082300
7.473999,1.25829500,1.00697400,1.00544700,1.00446700,1.00273500,1.00082300
7.475999,1.25833000,1.00697400,1.00544700,1.00446800,1.00273500,1.00082300
7.478000,1.25836500,1.00697400,1.00544700,1.00446800,1.00273500,1.00082300
7.480000,1.25840000,1.00697400,1.00544700,1.00446800,1.00273500,1.00082300
7.481999,1.25843500,1.00697400,1.00544700,1.00446800,1.00273500,1.00082300
7.483999,1.25847000,1.00697500,1.00544800,1.00446800,1.00273500,1.00082300
7.486000,1.25850500,1.00697500,1.00544800,1.00446800,1.00273500,1.00082300
7.488000,1.25853900,1.00697500,1.00544800,1.00446800,1.00273500,1.00082300
7.489999,1.25857400,1.00697500,1.00544800,1.00446900,1.00273500,1.00082300
7.491999,1.25860900,1.00697500,1.00544800,1.00446900,1.00273500,1.00082300
7.493999,1.25864400,1.00697600,1.00544800,1.00446900,1.00273500,1.00082300
7.496000,1.25867900,1.00697600,1.00544800,1.00446900,1.00273500,1.00082300
7.498000,1.25871400,1.00697600,1.00544900,1.00446900,1.00273500,1.00082300
7.500000,1.25874900,1.00697600,1.00544900,1.00446900,1.00273600,1.00082300
7.501999,1.25878400,1.00697600,1.00544900,1.00446900,1.00273600,1.00082300
7.503999,1.25881900,1.00697700,1.00544900,1.00446900,1.00273600,1.00082300
7.506000,1.25885400,1.00697700,1.00544900,1.00447000,1.00273600,1.00082300
7.507999,1.25888900,1.00697700,1.00545000,1.00447000,1.00273600,1.00082300
7.509999,1.25892400,1.00697700,1.00545000,1.00447000,1.00273600,1.00082300
7.511999,1.25896000,1.00697800,1.00545000,1.00447000,1.00273600,1.00082300
7.513999,1.25899500,1.00697800,1.00545000,1.00447000,1.00273600,1.00082300
7.516000,1.25903000,1.00697800,1.00545000,1.00447000,1.00273600,1.00082300
7.518000,1.25906500,1.00697800,1.00545000,1.00447000,1.00273600,1.00082300
7.520000,1.25910000,1.00697800,1.00545000,1.00447000,1.00273600,1.00082300
7.521999,1.25913500,1.00697900,1.00545100,1.00447100,1.00273600,1.00082300
7.523999,1.25917000,1.00697900,1.00545100,1.00447100,1.00273700,1.00082300
7.526000,1.25920500,1.00697900,1.00545100,1.00447100,1.00273700,1.00082300
7.527999,1.25924100,1.00697900,1.00545100,1.00447100,1.00273700,1.00082300
7.529999,1.25927600,1.00698000,1.00545100,1.00447100,1.00273700,1.00082300
7.531999,1.25931100,1.00698000,1.00545100,1.00447100,1.00273700,1.00082300
7.533999,1.25934600,1.00698000,1.00545200,1.00447100,1.00273700,1.00082300
7.536000,1.25938100,1.00698000,1.00545200,1.00447200,1.00273700,1.00082300
7.538000,1.25941600,1.00698000,1.00545200,1.00447200,1.00273700,1.00082300
7.539999,1.25945200,1.00698100,1.00545200,1.00447200,1.00273700,1.00082300
7.541999,1.25948700,1.00698100,1.00545200,1.00447200,1.00273700,1.00082300
7.543999,1.25952200,1.00698100,1.00545200,1.00447200,1.00273700,1.00082300
7.546000,1.25955700,1.00698100,1.00545300,1.00447200,1.00273700,1.00082300
7.547999,1.25959300,1.00698100,1.00545300,1.00447200,1.00273700,1.00082400
7.549999,1.25962800,1.00698200,1.00545300,1.00447200,1.00273800,1.00082400
7.551999,1.25966300,1.00698200,1.00545300,1.00447200,1.00273800,1.00082400
7.554000,1.25969800,1.00698200,1.00545300,1.00447300,1.00273800,1.00082400
7.556000,1.25973400,1.00698200,1.00545300,1.00447300,1.00273800,1.00082400
7.558000,1.25976900,1.00698300,1.00545400,1.00447300,1.00273800,1.00082400
7.559999,1.25980400,1.00698300,1.00545400,1.00447300,1.00273800,1.00082400
7.561999,1.25984000,1.00698300,1.00545400,1.00447300,1.00273800,1.00082400
7.564000,1.25987500,1.00698300,1.00545400,1.00447300,1.00273800,1.00082400
7.566000,1.25991000,1.00698300,1.00545400,1.00447300,1.00273800,1.00082400
7.567999,1.25994600,1.00698400,1.00545400,1.00447400,1.00273800,1.00082400
7.569999,1.25998100,1.00698400,1.00545500,1.00447400,1.00273800,1.00082400
7.571999,1.26001600,1.00698400,1.00545500,1.00447400,1.00273800,1.00082400
7.574000,1.26005200,1.00698400,1.00545500,1.00447400,1.00273800,1.00082400
7.576000,1.26008700,1.00698400,1.00545500,1.00447400,1.00273800,1.00082400
7.578000,1.26012300,1.00698500,1.00545500,1.00447400,1.00273900,1.00082400
7.579999,1.26015800,1.00698500,1.00545500,1.00447400,1.00273900,1.00082400
7.581999,1.26019300,1.00698500,1.00545500,1.00447500,1.00273900,1.00082400
7.584000,1.26022900,1.00698500,1.00545600,1.00447500,1.00273900,1.00082400
7.585999,1.26026400,1.00698600,1.00545600,1.00447500,1.00273900,1.00082400
7.587999,1.26030000,1.00698600,1.00545600,1.00447500,1.00273900,1.00082400
7.589999,1.26033500,1.00698600,1.00545600,1.00447500,1.00273900,1.00082400
7.591999,1.26037100,1.00698600,1.00545600,1.00447500,1.00273900,1.00082400
7.594000,1.26040600,1.00698600,1.00545600,1.00447500,1.00273900,1.00082400
7.596000,1.26044200,1.00698700,1.00545700,1.00447500,1.00273900,1.00082400
7.598000,1.26047700,1.00698700,1.00545700,1.00447500,1.00273900,1.00082400
7.599999,1.26051300,1.00698700,1.00545700,1.00447600,1.00273900,1.00082400
7.601999,1.26054800,1.00698700,1.00545700,1.00447600,1.00274000,1.00082400
7.604000,1.26058400,1.00698800,1.00545700,1.00447600,1.00274000,1.00082400
7.605999,1.26061900,1.00698800,1.00545700,1.00447600,1.00274000,1.00082400
7.607999,1.26065500,1.00698800,1.00545800,1.00447600,1.00274000,1.00082400
7.609999,1.26069100,1.00698800,1.00545800,1.00447600,1.00274000,1.00082400
7.611999,1.26072600,1.00698800,1.00545800,1.00447600,1.00274000,1.00082400
7.614000,1.26076200,1.00698900,1.00545800,1.00447700,1.00274000,1.00082400
7.616000,1.26079700,1.00698900,1.00545800,1.00447700,1.00274000,1.00082400
7.618000,1.26083300,1.00698900,1.00545800,1.00447700,1.00274000,1.00082400
7.619999,1.26086900,1.00698900,1.00545900,1.00447700,1.00274000,1.00082400
7.621999,1.26090400,1.00698900,1.00545900,1.00447700,1.00274000,1.00082400
7.624000,1.26094000,1.00699000,1.00545900,1.00447700,1.00274000,1.00082400
7.625999,1.26097600,1.00699000,1.00545900,1.00447700,1.00274100,1.00082400
7.627999,1.26101100,1.00699000,1.00545900,1.00447800,1.00274100,1.00082400
7.629999,1.26104700,1.00699000,1.00545900,1.00447800,1.00274100,1.00082400
7.632000,1.26108300,1.00699100,1.00546000,1.00447800,1.00274100,1.00082400
7.634000,1.26111800,1.00699100,1.00546000,1.00447800,1.00274100,1.00082400
7.636000,1.26115400,1.00699100,1.00546000,1.00447800,1.00274100,1.00082500
7.638000,1.26119000,1.00699100,1.00546000,1.00447800,1.00274100,1.00082500
7.639999,1.26122500,1.00699200,1.00546000,1.00447800,1.00274100,1.00082500
7.642000,1.26126100,1.00699200,1.00546000,1.00447800,1.00274100,1.00082500
7.644000,1.26129700,1.00699200,1.00546100,1.00447900,1.00274100,1.00082500
7.645999,1.26133300,1.00699200,1.00546100,1.00447900,1.00274100,1.00082500
7.647999,1.26136900,1.00699200,1.00546100,1.00447900,1.00274100,1.00082500
7.649999,1.26140400,1.00699300,1.00546100,1.00447900,1.00274100,1.00082500
7.652000,1.26144000,1.00699300,1.00546100,1.00447900,1.00274100,1.00082500
7.654000,1.26147600,1.00699300,1.00546100,1.00447900,1.00274200,1.00082500
7.656000,1.26151200,1.00699300,1.00546100,1.00447900,1.00274200,1.00082500
7.658000,1.26154800,1.00699300,1.00546200,1.00447900,1.00274200,1.00082500
7.659999,1.26158300,1.00699400,1.00546200,1.00448000,1.00274200,1.00082500
7.662000,1.26161900,1.00699400,1.00546200,1.00448000,1.00274200,1.00082500
7.664000,1.26165500,1.00699400,1.00546200,1.00448000,1.00274200,1.00082500
7.665999,1.26169100,1.00699400,1.00546200,1.00448000,1.00274200,1.00082500
7.667999,1.26172700,1.00699400,1.00546200,1.00448000,1.00274200,1.00082500
7.669999,1.26176300,1.00699500,1.00546300,1.00448000,1.00274200,1.00082500
7.672000,1.26179900,1.00699500,1.00546300,1.00448000,1.00274200,1.00082500
7.674000,1.26183500,1.00699500,1.00546300,1.00448000,1.00274200,1.00082500
7.676000,1.26187100,1.00699500,1.00546300,1.00448100,1.00274200,1.00082500
7.677999,1.26190600,1.00699600,1.00546300,1.00448100,1.00274200,1.00082500
7.679999,1.26194200,1.00699600,1.00546300,1.00448100,1.00274300,1.00082500
7.682000,1.26197800,1.00699600,1.00546400,1.00448100,1.00274300,1.00082500
7.684000,1.26201400,1.00699600,1.00546400,1.00448100,1.00274300,1.00082500
7.685999,1.26205000,1.00699700,1.00546400,1.00448100,1.00274300,1.00082500
7.687999,1.26208600,1.00699700,1.00546400,1.00448100,1.00274300,1.00082500
7.689999,1.26212200,1.00699700,1.00546400,1.00448200,1.00274300,1.00082500
7.692000,1.26215800,1.00699700,1.00546400,1.00448200,1.00274300,1.00082500
7.694000,1.26219400,1.00699700,1.00546500,1.00448200,1.00274300,1.00082500
7.695999,1.26223000,1.00699800,1.00546500,1.00448200,1.00274300,1.00082500
7.697999,1.26226600,1.00699800,1.00546500,1.00448200,1.00274300,1.00082500
7.699999,1.26230200,1.00699800,1.00546500,1.00448200,1.00274300,1.00082500
7.702000,1.26233900,1.00699800,1.00546500,1.00448200,1.00274300,1.00082500
7.704000,1.26237500,1.00699800,1.00546500,1.00448200,1.00274300,1.00082500
7.705999,1.26241100,1.00699900,1.00546600,1.00448300,1.00274300,1.00082500
7.707999,1.26244700,1.00699900,1.00546600,1.00448300,1.00274400,1.00082500
7.710000,1.26248300,1.00699900,1.00546600,1.00448300,1.00274400,1.00082500
7.712000,1.26251900,1.00699900,1.00546600,1.00448300,1.00274400,1.00082500
7.713999,1.26255500,1.00699900,1.00546600,1.00448300,1.00274400,1.00082500
7.715999,1.26259100,1.00700000,1.00546600,1.00448300,1.00274400,1.00082500
7.717999,1.26262700,1.00700000,1.00546700,1.00448300,1.00274400,1.00082500
7.720000,1.26266400,1.00700000,1.00546700,1.00448300,1.00274400,1.00082500
7.722000,1.26270000,1.00700000,1.00546700,1.00448400,1.00274400,1.00082500
7.724000,1.26273600,1.00700100,1.00546700,1.00448400,1.00274400,1.00082600
7.725999,1.26277200,1.00700100,1.00546700,1.00448400,1.00274400,1.00082600
7.727999,1.26280800,1.00700100,1.00546700,1.00448400,1.00274400,1.00082600
7.730000,1.26284500,1.00700100,1.00546800,1.00448400,1.00274400,1.00082600
7.731999,1.26288100,1.00700200,1.00546800,1.00448400,1.00274500,1.00082600
7.733999,1.26291700,1.00700200,1.00546800,1.00448400,1.00274500,1.00082600
7.735999,1.26295300,1.00700200,1.00546800,1.00448500,1.00274500,1.00082600
7.737999,1.26299000,1.00700200,1.00546800,1.00448500,1.00274500,1.00082600
7.740000,1.26302600,1.00700200,1.00546800,1.00448500,1.00274500,1.00082600
7.742000,1.26306200,1.00700300,1.00546800,1.00448500,1.00274500,1.00082600
7.743999,1.26309800,1.00700300,1.00546900,1.00448500,1.00274500,1.00082600
7.745999,1.26313500,1.00700300,1.00546900,1.00448500,1.00274500,1.00082600
7.747999,1.26317100,1.00700300,1.00546900,1.00448500,1.00274500,1.00082600
7.750000,1.26320700,1.00700300,1.00546900,1.00448500,1.00274500,1.00082600
7.751999,1.26324400,1.00700400,1.00546900,1.00448600,1.00274500,1.00082600
7.753999,1.26328000,1.00700400,1.00546900,1.00448600,1.00274500,1.00082600
7.755999,1.26331600,1.00700400,1.00547000,1.00448600,1.00274600,1.00082600
7.757999,1.26335300,1.00700400,1.00547000,1.00448600,1.00274600,1.00082600
7.760000,1.26338900,1.00700400,1.00547000,1.00448600,1.00274600,1.00082600
7.762000,1.26342500,1.00700500,1.00547000,1.00448600,1.00274600,1.00082600
7.763999,1.26346200,1.00700500,1.00547000,1.00448600,1.00274600,1.00082600
7.765999,1.26349800,1.00700500,1.00547000,1.00448600,1.00274600,1.00082600
7.767999,1.26353500,1.00700500,1.00547100,1.00448700,1.00274600,1.00082600
7.770000,1.26357100,1.00700600,1.00547100,1.00448700,1.00274600,1.00082600
7.771999,1.26360800,1.00700600,1.00547100,1.00448700,1.00274600,1.00082600
7.773999,1.26364400,1.00700600,1.00547100,1.00448700,1.00274600,1.00082600
7.775999,1.26368000,1.00700600,1.00547100,1.00448700,1.00274600,1.00082600
7.777999,1.26371700,1.00700700,1.00547100,1.00448700,1.00274600,1.00082600
7.780000,1.26375300,1.00700700,1.00547200,1.00448700,1.00274600,1.00082600
7.782000,1.26379000,1.00700700,1.00547200,1.00448800,1.00274600,1.00082600
7.783999,1.26382600,1.00700700,1.00547200,1.00448800,1.00274700,1.00082600
7.785999,1.26386300,1.00700700,1.00547200,1.00448800,1.00274700,1.00082600
7.788000,1.26389900,1.00700800,1.00547200,1.00448800,1.00274700,1.00082600
7.789999,1.26393600,1.00700800,1.00547200,1.00448800,1.00274700,1.00082600
7.791999,1.26397300,1.00700800,1.00547300,1.00448800,1.00274700,1.00082600
7.793999,1.26400900,1.00700800,1.00547300,1.00448800,1.00274700,1.00082600
7.795999,1.26404600,1.00700800,1.00547300,1.00448800,1.00274700,1.00082600
7.798000,1.26408200,1.00700900,1.00547300,1.00448900,1.00274700,1.00082600
7.800000,1.26411900,1.00700900,1.00547300,1.00448900,1.00274700,1.00082600
7.802000,1.26415600,1.00700900,1.00547300,1.00448900,1.00274700,1.00082600
7.803999,1.26419200,1.00700900,1.00547300,1.00448900,1.00274700,1.00082600
7.805999,1.26422900,1.00701000,1.00547400,1.00448900,1.00274700,1.00082600
7.808000,1.26426500,1.00701000,1.00547400,1.00448900,1.00274700,1.00082600
7.809999,1.26430200,1.00701000,1.00547400,1.00448900,1.00274800,1.00082600
7.811999,1.26433900,1.00701000,1.00547400,1.00449000,1.00274800,1.00082600
7.813999,1.26437500,1.00701000,1.00547400,1.00449000,1.00274800,1.00082600
7.815999,1.26441200,1.00701100,1.00547500,1.00449000,1.00274800,1.00082600
7.818000,1.26444900,1.00701100,1.00547500,1.00449000,1.00274800,1.00082600
7.820000,1.26448500,1.00701100,1.00547500,1.00449000,1.00274800,1.00082600
7.822000,1.26452200,1.00701100,1.00547500,1.00449000,1.00274800,1.00082700
7.823999,1.26455900,1.00701200,1.00547500,1.00449000,1.00274800,1.00082700
7.825999,1.26459600,1.00701200,1.00547500,1.00449000,1.00274800,1.00082700
7.828000,1.26463200,1.00701200,1.00547600,1.00449000,1.00274800,1.00082700
7.829999,1.26466900,1.00701200,1.00547600,1.00449100,1.00274800,1.00082700
7.831999,1.26470600,1.00701200,1.00547600,1.00449100,1.00274800,1.00082700
7.833999,1.26474300,1.00701300,1.00547600,1.00449100,1.00274800,1.00082700
7.835999,1.26477900,1.00701300,1.00547600,1.00449100,1.00274800,1.00082700
7.838000,1.26481600,1.00701300,1.00547600,1.00449100,1.00274900,1.00082700
7.840000,1.26485300,1.00701300,1.00547600,1.00449100,1.00274900,1.00082700
7.842000,1.26489000,1.00701400,1.00547700,1.00449100,1.00274900,1.00082700
7.843999,1.26492700,1.00701400,1.00547700,1.00449200,1.00274900,1.00082700
7.845999,1.26496400,1.00701400,1.00547700,1.00449200,1.00274900,1.00082700
7.848000,1.26500000,1.00701400,1.00547700,1.00449200,1.00274900,1.00082700
7.849999,1.26503700,1.00701400,1.00547700,1.00449200,1.00274900,1.00082700
7.851999,1.26507400,1.00701500,1.00547700,1.00449200,1.00274900,1.00082700
7.853999,1.26511100,1.00701500,1.00547800,1.00449200,1.00274900,1.00082700
7.856000,1.26514800,1.00701500,1.00547800,1.00449200,1.00274900,1.00082700
7.858000,1.26518500,1.00701500,1.00547800,1.00449300,1.00274900,1.00082700
7.860000,1.26522200,1.00701500,1.00547800,1.00449300,1.00274900,1.00082700
7.862000,1.26525900,1.00701600,1.00547800,1.00449300,1.00275000,1.00082700
7.863999,1.26529600,1.00701600,1.00547900,1.00449300,1.00275000,1.00082700
7.866000,1.26533300,1.00701600,1.00547900,1.00449300,1.00275000,1.00082700
7.868000,1.26537000,1.00701600,1.00547900,1.00449300,1.00275000,1.00082700
7.869999,1.26540700,1.00701700,1.00547900,1.00449300,1.00275000,1.00082700
7.871999,1.26544400,1.00701700,1.00547900,1.00449300,1.00275000,1.00082700
7.873999,1.26548100,1.00701700,1.00547900,1.00449400,1.00275000,1.00082700
7.876000,1.26551800,1.00701700,1.00547900,1.00449400,1.00275000,1.00082700
7.878000,1.26555500,1.00701700,1.00548000,1.00449400,1.00275000,1.00082700
7.880000,1.26559200,1.00701800,1.00548000,1.00449400,1.00275000,1.00082700
7.881999,1.26562900,1.00701800,1.00548000,1.00449400,1.00275000,1.00082700
7.883999,1.26566600,1.00701800,1.00548000,1.00449400,1.00275000,1.00082700
7.886000,1.26570300,1.00701800,1.00548000,1.00449400,1.00275100,1.00082700
7.888000,1.26574000,1.00701900,1.00548000,1.00449400,1.00275100,1.00082700
7.889999,1.26577700,1.00701900,1.00548100,1.00449500,1.00275100,1.00082700
7.891999,1.26581400,1.00701900,1.00548100,1.00449500,1.00275100,1.00082700
7.893999,1.26585100,1.00701900,1.00548100,1.00449500,1.00275100,1.00082700
7.896000,1.26588800,1.00701900,1.00548100,1.00449500,1.00275100,1.00082700
7.898000,1.26592600,1.00702000,1.00548100,1.00449500,1.00275100,1.00082700
7.900000,1.26596300,1.00702000,1.00548100,1.00449500,1.00275100,1.00082700
7.901999,1.26600000,1.00702000,1.00548200,1.00449500,1.00275100,1.00082700
7.903999,1.26603700,1.00702000,1.00548200,1.00449600,1.00275100,1.00082700
7.906000,1.26607400,1.00702000,1.00548200,1.00449600,1.00275100,1.00082700
7.908000,1.26611100,1.00702100,1.00548200,1.00449600,1.00275100,1.00082700
7.909999,1.26614900,1.00702100,1.00548200,1.00449600,1.00275100,1.00082800
7.911999,1.26618600,1.00702100,1.00548200,1.00449600,1.00275100,1.00082800
7.913999,1.26622300,1.00702100,1.00548300,1.00449600,1.00275200,1.00082800
7.916000,1.26626000,1.00702200,1.00548300,1.00449600,1.00275200,1.00082800
7.918000,1.26629800,1.00702200,1.00548300,1.00449600,1.00275200,1.00082800
7.920000,1.26633500,1.00702200,1.00548300,1.00449700,1.00275200,1.00082800
7.921999,1.26637200,1.00702200,1.00548300,1.00449700,1.00275200,1.00082800
7.923999,1.26640900,1.00702300,1.00548300,1.00449700,1.00275200,1.00082800
7.926000,1.26644700,1.00702300,1.00548400,1.00449700,1.00275200,1.00082800
7.927999,1.26648400,1.00702300,1.00548400,1.00449700,1.00275200,1.00082800
7.929999,1.26652100,1.00702300,1.00548400,1.00449700,1.00275200,1.00082800
7.931999,1.26655900,1.00702300,1.00548400,1.00449700,1.00275200,1.00082800
7.934000,1.26659600,1.00702400,1.00548400,1.00449800,1.00275200,1.00082800
7.936000,1.26663300,1.00702400,1.00548400,1.00449800,1.00275200,1.00082800
7.938000,1.26667100,1.00702400,1.00548400,1.00449800,1.00275300,1.00082800
7.939999,1.26670800,1.00702400,1.00548500,1.00449800,1.00275300,1.00082800
7.941999,1.26674500,1.00702500,1.00548500,1.00449800,1.00275300,1.00082800
7.944000,1.26678300,1.00702500,1.00548500,1.00449800,1.00275300,1.00082800
7.946000,1.26682000,1.00702500,1.00548500,1.00449800,1.00275300,1.00082800
7.947999,1.26685800,1.00702500,1.00548500,1.00449800,1.00275300,1.00082800
7.949999,1.26689500,1.00702500,1.00548600,1.00449900,1.00275300,1.00082800
7.951999,1.26693300,1.00702600,1.00548600,1.00449900,1.00275300,1.00082800
7.954000,1.26697000,1.00702600,1.00548600,1.00449900,1.00275300,1.00082800
7.955999,1.26700700,1.00702600,1.00548600,1.00449900,1.00275300,1.00082800
7.957999,1.26704500,1.00702600,1.00548600,1.00449900,1.00275300,1.00082800
7.959999,1.26708200,1.00702600,1.00548600,1.00449900,1.00275300,1.00082800
7.961999,1.26712000,1.00702700,1.00548600,1.00449900,1.00275300,1.00082800
7.964000,1.26715800,1.00702700,1.00548700,1.00449900,1.00275300,1.00082800
7.966000,1.26719500,1.00702700,1.00548700,1.00450000,1.00275400,1.00082800
7.967999,1.26723300,1.00702700,1.00548700,1.00450000,1.00275400,1.00082800
7.969999,1.26727000,1.00702800,1.00548700,1.00450000,1.00275400,1.00082800
7.971999,1.26730800,1.00702800,1.00548700,1.00450000,1.00275400,1.00082800
7.974000,1.26734500,1.00702800,1.00548700,1.00450000,1.00275400,1.00082800
7.975999,1.26738300,1.00702800,1.00548800,1.00450000,1.00275400,1.00082800
7.977999,1.26742000,1.00702800,1.00548800,1.00450000,1.00275400,1.00082800
7.979999,1.26745800,1.00702900,1.00548800,1.00450100,1.00275400,1.00082800
7.981999,1.26749600,1.00702900,1.00548800,1.00450100,1.00275400,1.00082800
7.984000,1.26753300,1.00702900,1.00548800,1.00450100,1.00275400,1.00082800
7.986000,1.26757100,1.00702900,1.00548800,1.00450100,1.00275400,1.00082800
7.987999,1.26760900,1.00703000,1.00548900,1.00450100,1.00275400,1.00082800
7.989999,1.26764600,1.00703000,1.00548900,1.00450100,1.00275500,1.00082800
7.991999,1.26768400,1.00703000,1.00548900,1.00450100,1.00275500,1.00082800
7.993999,1.26772200,1.00703000,1.00548900,1.00450100,1.00275500,1.00082800
7.995999,1.26775900,1.00703000,1.00548900,1.00450200,1.00275500,1.00082800
7.997999,1.26779700,1.00703100,1.00548900,1.00450200,1.00275500,1.00082900
7.999999,1.26783500,1.00703100,1.00549000,1.00450200,1.00275500,1.00082900
8.001999,1.26787200,1.00703100,1.00549000,1.00450200,1.00275500,1.00082900
8.004000,1.26791000,1.00703100,1.00549000,1.00450200,1.00275500,1.00082900
8.006000,1.26794800,1.00703200,1.00549000,1.00450200,1.00275500,1.00082900
8.007999,1.26798600,1.00703200,1.00549000,1.00450200,1.00275500,1.00082900
8.009999,1.26802300,1.00703200,1.00549000,1.00450300,1.00275500,1.00082900
8.012000,1.26806100,1.00703200,1.00549100,1.00450300,1.00275500,1.00082900
8.014000,1.26809900,1.00703200,1.00549100,1.00450300,1.00275500,1.00082900
8.016000,1.26813700,1.00703300,1.00549100,1.00450300,1.00275600,1.00082900
8.018000,1.26817500,1.00703300,1.00549100,1.00450300,1.00275600,1.00082900
8.020000,1.26821300,1.00703300,1.00549100,1.00450300,1.00275600,1.00082900
8.021999,1.26825000,1.00703300,1.00549100,1.00450300,1.00275600,1.00082900
8.023999,1.26828800,1.00703300,1.00549200,1.00450300,1.00275600,1.00082900
8.025999,1.26832600,1.00703400,1.00549200,1.00450400,1.00275600,1.00082900
8.027999,1.26836400,1.00703400,1.00549200,1.00450400,1.00275600,1.00082900
8.029999,1.26840200,1.00703400,1.00549200,1.00450400,1.00275600,1.00082900
8.032000,1.26844000,1.00703400,1.00549200,1.00450400,1.00275600,1.00082900
8.033999,1.26847800,1.00703500,1.00549200,1.00450400,1.00275600,1.00082900
8.035999,1.26851600,1.00703500,1.00549300,1.00450400,1.00275600,1.00082900
8.037999,1.26855300,1.00703500,1.00549300,1.00450400,1.00275600,1.00082900
8.039999,1.26859100,1.00703500,1.00549300,1.00450400,1.00275600,1.00082900
8.042000,1.26862900,1.00703500,1.00549300,1.00450500,1.00275700,1.00082900
8.044000,1.26866700,1.00703600,1.00549300,1.00450500,1.00275700,1.00082900
8.046000,1.26870500,1.00703600,1.00549300,1.00450500,1.00275700,1.00082900
8.047999,1.26874300,1.00703600,1.00549400,1.00450500,1.00275700,1.00082900
8.049999,1.26878100,1.00703600,1.00549400,1.00450500,1.00275700,1.00082900
8.052000,1.26881900,1.00703700,1.00549400,1.00450500,1.00275700,1.00082900
8.054000,1.26885700,1.00703700,1.00549400,1.00450500,1.00275700,1.00082900
8.056000,1.26889500,1.00703700,1.00549400,1.00450600,1.00275700,1.00082900
8.058000,1.26893400,1.00703700,1.00549400,1.00450600,1.00275700,1.00082900
8.059999,1.26897200,1.00703700,1.00549400,1.00450600,1.00275700,1.00082900
8.061999,1.26901000,1.00703800,1.00549500,1.00450600,1.00275700,1.00082900
8.063999,1.26904800,1.00703800,1.00549500,1.00450600,1.00275700,1.00082900
8.065999,1.26908600,1.00703800,1.00549500,1.00450600,1.00275700,1.00082900
8.067999,1.26912400,1.00703800,1.00549500,1.00450600,1.00275800,1.00082900
8.069999,1.26916200,1.00703900,1.00549500,1.00450600,1.00275800,1.00082900
8.072000,1.26920000,1.00703900,1.00549600,1.00450700,1.00275800,1.00082900
8.073999,1.26923800,1.00703900,1.00549600,1.00450700,1.00275800,1.00082900
8.075999,1.26927600,1.00703900,1.00549600,1.00450700,1.00275800,1.00082900
8.077999,1.26931500,1.00703900,1.00549600,1.00450700,1.00275800,1.00082900
8.080000,1.26935300,1.00704000,1.00549600,1.00450700,1.00275800,1.00082900
8.082000,1.26939100,1.00704000,1.00549600,1.00450700,1.00275800,1.00082900
8.084000,1.26942900,1.00704000,1.00549700,1.00450700,1.00275800,1.00082900
8.085999,1.26946700,1.00704000,1.00549700,1.00450800,1.00275800,1.00082900
8.087999,1.26950600,1.00704100,1.00549700,1.00450800,1.00275800,1.00082900
8.090000,1.26954400,1.00704100,1.00549700,1.00450800,1.00275800,1.00082900
8.092000,1.26958200,1.00704100,1.00549700,1.00450800,1.00275900,1.00082900
8.094000,1.26962000,1.00704100,1.00549700,1.00450800,1.00275900,1.00083000
8.096000,1.26965900,1.00704100,1.00549700,1.00450800,1.00275900,1.00083000
8.098000,1.26969700,1.00704200,1.00549800,1.00450800,1.00275900,1.00083000
8.099999,1.26973500,1.00704200,1.00549800,1.00450800,1.00275900,1.00083000
8.101999,1.26977400,1.00704200,1.00549800,1.00450900,1.00275900,1.00083000
8.103999,1.26981200,1.00704200,1.00549800,1.00450900,1.00275900,1.00083000
8.105999,1.26985000,1.00704300,1.00549800,1.00450900,1.00275900,1.00083000
8.107999,1.26988900,1.00704300,1.00549900,1.00450900,1.00275900,1.00083000
8.110000,1.26992700,1.00704300,1.00549900,1.00450900,1.00275900,1.00083000
8.112000,1.26996500,1.00704300,1.00549900,1.00450900,1.00275900,1.00083000
8.113999,1.27000400,1.00704300,1.00549900,1.00450900,1.00275900,1.00083000
8.115999,1.27004200,1.00704400,1.00549900,1.00450900,1.00275900,1.00083000
8.117999,1.27008100,1.00704400,1.00549900,1.00451000,1.00275900,1.00083000
8.120000,1.27011900,1.00704400,1.00549900,1.00451000,1.00276000,1.00083000
8.122000,1.27015700,1.00704400,1.00550000,1.00451000,1.00276000,1.00083000
8.124000,1.27019600,1.00704500,1.00550000,1.00451000,1.00276000,1.00083000
8.125999,1.27023400,1.00704500,1.00550000,1.00451000,1.00276000,1.00083000
8.127999,1.27027300,1.00704500,1.00550000,1.00451000,1.00276000,1.00083000
8.130000,1.27031100,1.00704500,1.00550000,1.00451000,1.00276000,1.00083000
8.132000,1.27035000,1.00704500,1.00550000,1.00451100,1.00276000,1.00083000
8.134000,1.27038800,1.00704600,1.00550100,1.00451100,1.00276000,1.00083000
8.136000,1.27042700,1.00704600,1.00550100,1.00451100,1.00276000,1.00083000
8.137999,1.27046500,1.00704600,1.00550100,1.00451100,1.00276000,1.00083000
8.139999,1.27050400,1.00704600,1.00550100,1.00451100,1.00276000,1.00083000
8.141999,1.27054200,1.00704600,1.00550100,1.00451100,1.00276000,1.00083000
8.143999,1.27058100,1.00704700,1.00550200,1.00451100,1.00276100,1.00083000
8.145999,1.27062000,1.00704700,1.00550200,1.00451100,1.00276100,1.00083000
8.147999,1.27065800,1.00704700,1.00550200,1.00451200,1.00276100,1.00083000
8.150000,1.27069700,1.00704700,1.00550200,1.00451200,1.00276100,1.00083000
8.151999,1.27073500,1.00704800,1.00550200,1.00451200,1.00276100,1.00083000
8.153999,1.27077400,1.00704800,1.00550200,1.00451200,1.00276100,1.00083000
8.155999,1.27081300,1.00704800,1.00550200,1.00451200,1.00276100,1.00083000
8.158000,1.27085100,1.00704800,1.00550300,1.00451200,1.00276100,1.00083000
8.160000,1.27089000,1.00704800,1.00550300,1.00451200,1.00276100,1.00083000
8.162000,1.27092900,1.00704900,1.00550300,1.00451300,1.00276100,1.00083000
8.164000,1.27096700,1.00704900,1.00550300,1.00451300,1.00276100,1.00083000
8.165999,1.27100600,1.00704900,1.00550300,1.00451300,1.00276100,1.00083000
8.168000,1.27104500,1.00704900,1.00550300,1.00451300,1.00276100,1.00083000
8.170000,1.27108300,1.00705000,1.00550400,1.00451300,1.00276100,1.00083000
8.171999,1.27112200,1.00705000,1.00550400,1.00451300,1.00276200,1.00083000
8.173999,1.27116100,1.00705000,1.00550400,1.00451300,1.00276200,1.00083000
8.175999,1.27120000,1.00705000,1.00550400,1.00451400,1.00276200,1.00083000
8.177999,1.27123800,1.00705100,1.00550400,1.00451400,1.00276200,1.00083000
8.179999,1.27127700,1.00705100,1.00550400,1.00451400,1.00276200,1.00083000
8.181999,1.27131600,1.00705100,1.00550500,1.00451400,1.00276200,1.00083100
8.183999,1.27135500,1.00705100,1.00550500,1.00451400,1.00276200,1.00083100
8.185999,1.27139300,1.00705100,1.00550500,1.00451400,1.00276200,1.00083100
8.188000,1.27143200,1.00705200,1.00550500,1.00451400,1.00276200,1.00083100
8.190000,1.27147100,1.00705200,1.00550500,1.00451400,1.00276200,1.00083100
8.191999,1.27151000,1.00705200,1.00550500,1.00451500,1.00276200,1.00083100
8.193999,1.27154900,1.00705200,1.00550600,1.00451500,1.00276200,1.00083100
8.195999,1.27158800,1.00705200,1.00550600,1.00451500,1.00276300,1.00083100
8.198000,1.27162700,1.00705300,1.00550600,1.00451500,1.00276300,1.00083100
8.200000,1.27166600,1.00705300,1.00550600,1.00451500,1.00276300,1.00083100
8.202000,1.27170400,1.00705300,1.00550600,1.00451500,1.00276300,1.00083100
8.204000,1.27174300,1.00705300,1.00550600,1.00451500,1.00276300,1.00083100
8.205999,1.27178200,1.00705400,1.00550700,1.00451500,1.00276300,1.00083100
8.207999,1.27182100,1.00705400,1.00550700,1.00451600,1.00276300,1.00083100
8.209999,1.27186000,1.00705400,1.00550700,1.00451600,1.00276300,1.00083100
8.211999,1.27189900,1.00705400,1.00550700,1.00451600,1.00276300,1.00083100
8.213999,1.27193800,1.00705400,1.00550700,1.00451600,1.00276300,1.00083100
8.215999,1.27197700,1.00705500,1.00550700,1.00451600,1.00276300,1.00083100
8.217999,1.27201600,1.00705500,1.00550800,1.00451600,1.00276300,1.00083100
8.219999,1.27205500,1.00705500,1.00550800,1.00451600,1.00276400,1.00083100
8.221999,1.27209400,1.00705500,1.00550800,1.00451600,1.00276400,1.00083100
8.223999,1.27213300,1.00705600,1.00550800,1.00451700,1.00276400,1.00083100
8.225999,1.27217200,1.00705600,1.00550800,1.00451700,1.00276400,1.00083100
8.228000,1.27221100,1.00705600,1.00550800,1.00451700,1.00276400,1.00083100
8.230000,1.27225000,1.00705600,1.00550900,1.00451700,1.00276400,1.00083100
8.231999,1.27229000,1.00705600,1.00550900,1.00451700,1.00276400,1.00083100
8.233999,1.27232900,1.00705700,1.00550900,1.00451700,1.00276400,1.00083100
8.236000,1.27236800,1.00705700,1.00550900,1.00451700,1.00276400,1.00083100
8.238000,1.27240700,1.00705700,1.00550900,1.00451800,1.00276400,1.00083100
8.240000,1.27244600,1.00705700,1.00550900,1.00451800,1.00276400,1.00083100
8.242000,1.27248500,1.00705800,1.00550900,1.00451800,1.00276400,1.00083100
8.243999,1.27252400,1.00705800,1.00551000,1.00451800,1.00276400,1.00083100
8.245999,1.27256300,1.00705800,1.00551000,1.00451800,1.00276400,1.00083100
8.247999,1.27260300,1.00705800,1.00551000,1.00451800,1.00276500,1.00083100
8.249999,1.27264200,1.00705900,1.00551000,1.00451800,1.00276500,1.00083100
8.251999,1.27268100,1.00705900,1.00551000,1.00451900,1.00276500,1.00083100
8.253999,1.27272000,1.00705900,1.00551100,1.00451900,1.00276500,1.00083100
8.256000,1.27276000,1.00705900,1.00551100,1.00451900,1.00276500,1.00083100
8.257999,1.27279900,1.00705900,1.00551100,1.00451900,1.00276500,1.00083100
8.259999,1.27283800,1.00706000,1.00551100,1.00451900,1.00276500,1.00083100
8.261999,1.27287700,1.00706000,1.00551100,1.00451900,1.00276500,1.00083100
8.263999,1.27291700,1.00706000,1.00551100,1.00451900,1.00276500,1.00083100
8.266000,1.27295600,1.00706000,1.00551200,1.00451900,1.00276500,1.00083100
8.268000,1.27299500,1.00706000,1.00551200,1.00452000,1.00276500,1.00083100
8.270000,1.27303500,1.00706100,1.00551200,1.00452000,1.00276500,1.00083100
8.271999,1.27307400,1.00706100,1.00551200,1.00452000,1.00276600,1.00083100
8.273999,1.27311300,1.00706100,1.00551200,1.00452000,1.00276600,1.00083100
8.276000,1.27315300,1.00706100,1.00551200,1.00452000,1.00276600,1.00083100
8.278000,1.27319200,1.00706200,1.00551200,1.00452000,1.00276600,1.00083200
8.280000,1.27323100,1.00706200,1.00551300,1.00452000,1.00276600,1.00083200
8.282000,1.27327100,1.00706200,1.00551300,1.00452100,1.00276600,1.00083200
8.283999,1.27331000,1.00706200,1.00551300,1.00452100,1.00276600,1.00083200
8.285999,1.27335000,1.00706200,1.00551300,1.00452100,1.00276600,1.00083200
8.287999,1.27338900,1.00706300,1.00551300,1.00452100,1.00276600,1.00083200
8.289999,1.27342800,1.00706300,1.00551400,1.00452100,1.00276600,1.00083200
8.291999,1.27346800,1.00706300,1.00551400,1.00452100,1.00276600,1.00083200
8.293999,1.27350700,1.00706300,1.00551400,1.00452100,1.00276600,1.00083200
8.296000,1.27354700,1.00706400,1.00551400,1.00452100,1.00276600,1.00083200
8.297999,1.27358600,1.00706400,1.00551400,1.00452100,1.00276600,1.00083200
8.299999,1.27362600,1.00706400,1.00551400,1.00452200,1.00276700,1.00083200
8.301999,1.27366500,1.00706400,1.00551500,1.00452200,1.00276700,1.00083200
8.303999,1.27370500,1.00706400,1.00551500,1.00452200,1.00276700,1.00083200
8.306000,1.27374400,1.00706500,1.00551500,1.00452200,1.00276700,1.00083200
8.308000,1.27378400,1.00706500,1.00551500,1.00452200,1.00276700,1.00083200
8.309999,1.27382400,1.00706500,1.00551500,1.00452200,1.00276700,1.00083200
8.311999,1.27386300,1.00706500,1.00551500,1.00452200,1.00276700,1.00083200
8.314000,1.27390300,1.00706600,1.00551600,1.00452300,1.00276700,1.00083200
8.316000,1.27394200,1.00706600,1.00551600,1.00452300,1.00276700,1.00083200
8.318000,1.27398200,1.00706600,1.00551600,1.00452300,1.00276700,1.00083200
8.320000,1.27402200,1.00706600,1.00551600,1.00452300,1.00276700,1.00083200
8.322000,1.27406100,1.00706600,1.00551600,1.00452300,1.00276700,1.00083200
8.323999,1.27410100,1.00706700,1.00551600,1.00452300,1.00276800,1.00083200
8.325999,1.27414100,1.00706700,1.00551700,1.00452300,1.00276800,1.00083200
8.327999,1.27418000,1.00706700,1.00551700,1.00452400,1.00276800,1.00083200
8.329999,1.27422000,1.00706700,1.00551700,1.00452400,1.00276800,1.00083200
8.331999,1.27426000,1.00706800,1.00551700,1.00452400,1.00276800,1.00083200
8.334000,1.27429900,1.00706800,1.00551700,1.00452400,1.00276800,1.00083200
8.335999,1.27433900,1.00706800,1.00551700,1.00452400,1.00276800,1.00083200
8.337999,1.27437900,1.00706800,1.00551700,1.00452400,1.00276800,1.00083200
8.339999,1.27441900,1.00706800,1.00551800,1.00452400,1.00276800,1.00083200
8.341999,1.27445800,1.00706900,1.00551800,1.00452400,1.00276800,1.00083200
8.344000,1.27449800,1.00706900,1.00551800,1.00452500,1.00276800,1.00083200
8.346000,1.27453800,1.00706900,1.00551800,1.00452500,1.00276800,1.00083200
8.348000,1.27457800,1.00706900,1.00551800,1.00452500,1.00276900,1.00083200
8.349999,1.27461800,1.00707000,1.00551900,1.00452500,1.00276900,1.00083200
8.351999,1.27465700,1.00707000,1.00551900,1.00452500,1.00276900,1.00083200
8.354000,1.27469700,1.00707000,1.00551900,1.00452500,1.00276900,1.00083200
8.356000,1.27473700,1.00707000,1.00551900,1.00452500,1.00276900,1.00083200
8.358000,1.27477700,1.00707000,1.00551900,1.00452600,1.00276900,1.00083200
8.360000,1.27481700,1.00707100,1.00551900,1.00452600,1.00276900,1.00083200
8.361999,1.27485700,1.00707100,1.00552000,1.00452600,1.00276900,1.00083200
8.363999,1.27489700,1.00707100,1.00552000,1.00452600,1.00276900,1.00083200
8.365999,1.27493700,1.00707100,1.00552000,1.00452600,1.00276900,1.00083300
8.367999,1.27497600,1.00707100,1.00552000,1.00452600,1.00276900,1.00083300
8.369999,1.27501700,1.00707200,1.00552000,1.00452600,1.00276900,1.00083300
8.371999,1.27505600,1.00707200,1.00552000,1.00452600,1.00276900,1.00083300
8.374000,1.27509600,1.00707200,1.00552000,1.00452700,1.00276900,1.00083300
8.375999,1.27513600,1.00707200,1.00552100,1.00452700,1.00277000,1.00083300
8.377999,1.27517600,1.00707300,1.00552100,1.00452700,1.00277000,1.00083300
8.379999,1.27521600,1.00707300,1.00552100,1.00452700,1.00277000,1.00083300
8.382000,1.27525600,1.00707300,1.00552100,1.00452700,1.00277000,1.00083300
8.384000,1.27529600,1.00707300,1.00552100,1.00452700,1.00277000,1.00083300
8.386000,1.27533700,1.00707400,1.00552200,1.00452700,1.00277000,1.00083300
8.388000,1.27537700,1.00707400,1.00552200,1.00452800,1.00277000,1.00083300
8.389999,1.27541700,1.00707400,1.00552200,1.00452800,1.00277000,1.00083300
8.392000,1.27545700,1.00707400,1.00552200,1.00452800,1.00277000,1.00083300
8.394000,1.27549700,1.00707400,1.00552200,1.00452800,1.00277000,1.00083300
8.396000,1.27553700,1.00707500,1.00552200,1.00452800,1.00277000,1.00083300
8.397999,1.27557700,1.00707500,1.00552200,1.00452800,1.00277000,1.00083300
8.399999,1.27561700,1.00707500,1.00552300,1.00452800,1.00277100,1.00083300
8.401999,1.27565700,1.00707500,1.00552300,1.00452800,1.00277100,1.00083300
8.403999,1.27569700,1.00707600,1.00552300,1.00452900,1.00277100,1.00083300
8.405999,1.27573800,1.00707600,1.00552300,1.00452900,1.00277100,1.00083300
8.407999,1.27577800,1.00707600,1.00552300,1.00452900,1.00277100,1.00083300
8.409999,1.27581800,1.00707600,1.00552300,1.00452900,1.00277100,1.00083300
8.412000,1.27585800,1.00707700,1.00552400,1.00452900,1.00277100,1.00083300
8.414000,1.27589800,1.00707700,1.00552400,1.00452900,1.00277100,1.00083300
8.415999,1.27593900,1.00707700,1.00552400,1.00452900,1.00277100,1.00083300
8.417999,1.27597900,1.00707700,1.00552400,1.00452900,1.00277100,1.00083300
8.419999,1.27601900,1.00707700,1.00552400,1.00453000,1.00277100,1.00083300
8.422000,1.27606000,1.00707800,1.00552500,1.00453000,1.00277100,1.00083300
8.424000,1.27610000,1.00707800,1.00552500,1.00453000,1.00277100,1.00083300
8.426000,1.27614000,1.00707800,1.00552500,1.00453000,1.00277100,1.00083300
8.427999,1.27618000,1.00707800,1.00552500,1.00453000,1.00277200,1.00083300
8.429999,1.27622100,1.00707800,1.00552500,1.00453000,1.00277200,1.00083300
8.432000,1.27626100,1.00707900,1.00552500,1.00453000,1.00277200,1.00083300
8.433999,1.27630100,1.00707900,1.00552500,1.00453100,1.00277200,1.00083300
8.435999,1.27634200,1.00707900,1.00552600,1.00453100,1.00277200,1.00083300
8.437999,1.27638200,1.00707900,1.00552600,1.00453100,1.00277200,1.00083300
8.439999,1.27642300,1.00708000,1.00552600,1.00453100,1.00277200,1.00083300
8.441999,1.27646300,1.00708000,1.00552600,1.00453100,1.00277200,1.00083300
8.443999,1.27650300,1.00708000,1.00552600,1.00453100,1.00277200,1.00083300
8.445999,1.27654400,1.00708000,1.00552700,1.00453100,1.00277200,1.00083300
8.447999,1.27658400,1.00708000,1.00552700,1.00453200,1.00277200,1.00083300
8.449999,1.27662500,1.00708100,1.00552700,1.00453200,1.00277200,1.00083300
8.452000,1.27666500,1.00708100,1.00552700,1.00453200,1.00277300,1.00083400
8.454000,1.27670600,1.00708100,1.00552700,1.00453200,1.00277300,1.00083400
8.455999,1.27674600,1.00708100,1.00552700,1.00453200,1.00277300,1.00083400
8.457999,1.27678700,1.00708200,1.00552700,1.00453200,1.00277300,1.00083400
8.460000,1.27682700,1.00708200,1.00552800,1.00453200,1.00277300,1.00083400
8.462000,1.27686800,1.00708200,1.00552800,1.00453200,1.00277300,1.00083400
8.464000,1.27690800,1.00708200,1.00552800,1.00453300,1.00277300,1.00083400
8.466000,1.27694900,1.00708200,1.00552800,1.00453300,1.00277300,1.00083400
8.467999,1.27698900,1.00708300,1.00552800,1.00453300,1.00277300,1.00083400
8.469999,1.27703000,1.00708300,1.00552800,1.00453300,1.00277300,1.00083400
8.471999,1.27707100,1.00708300,1.00552900,1.00453300,1.00277300,1.00083400
8.473999,1.27711100,1.00708300,1.00552900,1.00453300,1.00277300,1.00083400
8.475999,1.27715200,1.00708400,1.00552900,1.00453300,1.00277400,1.00083400
8.477999,1.27719200,1.00708400,1.00552900,1.00453400,1.00277400,1.00083400
8.480000,1.27723300,1.00708400,1.00552900,1.00453400,1.00277400,1.00083400
8.481999,1.27727400,1.00708400,1.00553000,1.00453400,1.00277400,1.00083400
8.483999,1.27731400,1.00708400,1.00553000,1.00453400,1.00277400,1.00083400
8.485999,1.27735500,1.00708500,1.00553000,1.00453400,1.00277400,1.00083400
8.487999,1.27739600,1.00708500,1.00553000,1.00453400,1.00277400,1.00083400
8.490000,1.27743600,1.00708500,1.00553000,1.00453400,1.00277400,1.00083400
8.492000,1.27747700,1.00708500,1.00553000,1.00453400,1.00277400,1.00083400
8.493999,1.27751800,1.00708600,1.00553000,1.00453500,1.00277400,1.00083400
8.495999,1.27755900,1.00708600,1.00553100,1.00453500,1.00277400,1.00083400
8.497999,1.27759900,1.00708600,1.00553100,1.00453500,1.00277400,1.00083400
8.500000,1.27764000,1.00708600,1.00553100,1.00453500,1.00277400,1.00083400
8.502000,1.27768100,1.00708700,1.00553100,1.00453500,1.00277500,1.00083400
8.504000,1.27772200,1.00708700,1.00553100,1.00453500,1.00277500,1.00083400
8.506000,1.27776300,1.00708700,1.00553100,1.00453500,1.00277500,1.00083400
8.507999,1.27780300,1.00708700,1.00553200,1.00453600,1.00277500,1.00083400
8.509999,1.27784400,1.00708700,1.00553200,1.00453600,1.00277500,1.00083400
8.511999,1.27788500,1.00708800,1.00553200,1.00453600,1.00277500,1.00083400
8.513999,1.27792600,1.00708800,1.00553200,1.00453600,1.00277500,1.00083400
8.515999,1.27796700,1.00708800,1.00553200,1.00453600,1.00277500,1.00083400
8.517999,1.27800800,1.00708800,1.00553300,1.00453600,1.00277500,1.00083400
8.520000,1.27804900,1.00708900,1.00553300,1.00453600,1.00277500,1.00083400
8.521999,1.27809000,1.00708900,1.00553300,1.00453700,1.00277500,1.00083400
8.523999,1.27813100,1.00708900,1.00553300,1.00453700,1.00277500,1.00083400
8.525999,1.27817200,1.00708900,1.00553300,1.00453700,1.00277600,1.00083400
8.527999,1.27821200,1.00708900,1.00553300,1.00453700,1.00277600,1.00083400
8.530000,1.27825300,1.00709000,1.00553300,1.00453700,1.00277600,1.00083400
8.532000,1.27829400,1.00709000,1.00553400,1.00453700,1.00277600,1.00083400
8.533999,1.27833500,1.00709000,1.00553400,1.00453700,1.00277600,1.00083400
8.535999,1.27837600,1.00709000,1.00553400,1.00453700,1.00277600,1.00083400
8.538000,1.27841700,1.00709100,1.00553400,1.00453800,1.00277600,1.00083400
8.540000,1.27845900,1.00709100,1.00553400,1.00453800,1.00277600,1.00083400
8.542000,1.27849900,1.00709100,1.00553500,1.00453800,1.00277600,1.00083400
8.544000,1.27854100,1.00709100,1.00553500,1.00453800,1.00277600,1.00083400
8.546000,1.27858200,1.00709100,1.00553500,1.00453800,1.00277600,1.00083400
8.547999,1.27862300,1.00709200,1.00553500,1.00453800,1.00277600,1.00083500
8.549999,1.27866400,1.00709200,1.00553500,1.00453800,1.00277600,1.00083500
8.551999,1.27870500,1.00709200,1.00553500,1.00453800,1.00277700,1.00083500
8.553999,1.27874600,1.00709200,1.00553500,1.00453900,1.00277700,1.00083500
8.555999,1.27878700,1.00709200,1.00553600,1.00453900,1.00277700,1.00083500
8.558000,1.27882800,1.00709300,1.00553600,1.00453900,1.00277700,1.00083500
8.559999,1.27887000,1.00709300,1.00553600,1.00453900,1.00277700,1.00083500
8.561999,1.27891100,1.00709300,1.00553600,1.00453900,1.00277700,1.00083500
8.563999,1.27895200,1.00709300,1.00553600,1.00453900,1.00277700,1.00083500
8.565999,1.27899300,1.00709400,1.00553600,1.00453900,1.00277700,1.00083500
8.568000,1.27903400,1.00709400,1.00553700,1.00453900,1.00277700,1.00083500
8.570000,1.27907600,1.00709400,1.00553700,1.00454000,1.00277700,1.00083500
8.572000,1.27911700,1.00709400,1.00553700,1.00454000,1.00277700,1.00083500
8.573999,1.27915800,1.00709500,1.00553700,1.00454000,1.00277700,1.00083500
8.575999,1.27919900,1.00709500,1.00553700,1.00454000,1.00277700,1.00083500
8.578000,1.27924100,1.00709500,1.00553800,1.00454000,1.00277800,1.00083500
8.580000,1.27928200,1.00709500,1.00553800,1.00454000,1.00277800,1.00083500
8.582000,1.27932300,1.00709500,1.00553800,1.00454000,1.00277800,1.00083500
8.584000,1.27936500,1.00709600,1.00553800,1.00454100,1.00277800,1.00083500
8.585999,1.27940600,1.00709600,1.00553800,1.00454100,1.00277800,1.00083500
8.587999,1.27944700,1.00709600,1.00553800,1.00454100,1.00277800,1.00083500
8.589999,1.27948900,1.00709600,1.00553800,1.00454100,1.00277800,1.00083500
8.591999,1.27953000,1.00709700,1.00553900,1.00454100,1.00277800,1.00083500
8.593999,1.27957200,1.00709700,1.00553900,1.00454100,1.00277800,1.00083500
8.595999,1.27961300,1.00709700,1.00553900,1.00454100,1.00277800,1.00083500
8.598000,1.27965400,1.00709700,1.00553900,1.00454200,1.00277800,1.00083500
8.599999,1.27969600,1.00709700,1.00553900,1.00454200,1.00277800,1.00083500
8.601999,1.27973700,1.00709800,1.00554000,1.00454200,1.00277900,1.00083500
8.603999,1.27977900,1.00709800,1.00554000,1.00454200,1.00277900,1.00083500
8.606000,1.27982000,1.00709800,1.00554000,1.00454200,1.00277900,1.00083500
8.608000,1.27986200,1.00709800,1.00554000,1.00454200,1.00277900,1.00083500
8.610000,1.27990300,1.00709900,1.00554000,1.00454200,1.00277900,1.00083500
8.612000,1.27994500,1.00709900,1.00554000,1.00454200,1.00277900,1.00083500
8.613999,1.27998600,1.00709900,1.00554000,1.00454300,1.00277900,1.00083500
8.616000,1.28002800,1.00709900,1.00554100,1.00454300,1.00277900,1.00083500
8.618000,1.28006900,1.00710000,1.00554100,1.00454300,1.00277900,1.00083500
8.620000,1.28011100,1.00710000,1.00554100,1.00454300,1.00277900,1.00083500
8.621999,1.28015200,1.00710000,1.00554100,1.00454300,1.00277900,1.00083500
8.623999,1.28019400,1.00710000,1.00554100,1.00454300,1.00277900,1.00083500
8.625999,1.28023600,1.00710000,1.00554200,1.00454300,1.00277900,1.00083500
8.627999,1.28027700,1.00710100,1.00554200,1.00454400,1.00277900,1.00083500
8.629999,1.28031900,1.00710100,1.00554200,1.00454400,1.00278000,1.00083500
8.631999,1.28036100,1.00710100,1.00554200,1.00454400,1.00278000,1.00083500
8.633999,1.28040200,1.00710100,1.00554200,1.00454400,1.00278000,1.00083600
8.636000,1.28044400,1.00710200,1.00554200,1.00454400,1.00278000,1.00083600
8.638000,1.28048600,1.00710200,1.00554300,1.00454400,1.00278000,1.00083600
8.639999,1.28052700,1.00710200,1.00554300,1.00454400,1.00278000,1.00083600
8.641999,1.28056900,1.00710200,1.00554300,1.00454400,1.00278000,1.00083600
8.643999,1.28061100,1.00710200,1.00554300,1.00454500,1.00278000,1.00083600
8.646000,1.28065300,1.00710300,1.00554300,1.00454500,1.00278000,1.00083600
8.648000,1.28069400,1.00710300,1.00554300,1.00454500,1.00278000,1.00083600
8.650000,1.28073600,1.00710300,1.00554300,1.00454500,1.00278000,1.00083600
8.651999,1.28077800,1.00710300,1.00554400,1.00454500,1.00278000,1.00083600
8.653999,1.28082000,1.00710400,1.00554400,1.00454500,1.00278100,1.00083600
8.656000,1.28086100,1.00710400,1.00554400,1.00454500,1.00278100,1.00083600
8.657999,1.28090300,1.00710400,1.00554400,1.00454600,1.00278100,1.00083600
8.659999,1.28094500,1.00710400,1.00554400,1.00454600,1.00278100,1.00083600
8.661999,1.28098700,1.00710400,1.00554500,1.00454600,1.00278100,1.00083600
8.663999,1.28102900,1.00710500,1.00554500,1.00454600,1.00278100,1.00083600
8.665999,1.28107100,1.00710500,1.00554500,1.00454600,1.00278100,1.00083600
8.667999,1.28111300,1.00710500,1.00554500,1.00454600,1.00278100,1.00083600
8.669999,1.28115500,1.00710500,1.00554500,1.00454600,1.00278100,1.00083600
8.671999,1.28119600,1.00710600,1.00554500,1.00454700,1.00278100,1.00083600
8.673999,1.28123800,1.00710600,1.00554500,1.00454700,1.00278100,1.00083600
8.676000,1.28128000,1.00710600,1.00554600,1.00454700,1.00278100,1.00083600
8.677999,1.28132200,1.00710600,1.00554600,1.00454700,1.00278200,1.00083600
8.679999,1.28136400,1.00710600,1.00554600,1.00454700,1.00278200,1.00083600
8.681999,1.28140600,1.00710700,1.00554600,1.00454700,1.00278200,1.00083600
8.684000,1.28144800,1.00710700,1.00554600,1.00454700,1.00278200,1.00083600
8.686000,1.28149000,1.00710700,1.00554700,1.00454700,1.00278200,1.00083600
8.688000,1.28153200,1.00710700,1.00554700,1.00454800,1.00278200,1.00083600
8.690000,1.28157400,1.00710700,1.00554700,1.00454800,1.00278200,1.00083600
8.691999,1.28161600,1.00710800,1.00554700,1.00454800,1.00278200,1.00083600
8.693999,1.28165900,1.00710800,1.00554700,1.00454800,1.00278200,1.00083600
8.695999,1.28170100,1.00710800,1.00554700,1.00454800,1.00278200,1.00083600
8.697999,1.28174300,1.00710800,1.00554800,1.00454800,1.00278200,1.00083600
8.699999,1.28178500,1.00710900,1.00554800,1.00454800,1.00278200,1.00083600
8.701999,1.28182700,1.00710900,1.00554800,1.00454900,1.00278200,1.00083600
8.704000,1.28186900,1.00710900,1.00554800,1.00454900,1.00278300,1.00083600
8.705999,1.28191100,1.00710900,1.00554800,1.00454900,1.00278300,1.00083600
8.707999,1.28195300,1.00711000,1.00554800,1.00454900,1.00278300,1.00083600
8.709999,1.28199600,1.00711000,1.00554900,1.00454900,1.00278300,1.00083600
8.711999,1.28203800,1.00711000,1.00554900,1.00454900,1.00278300,1.00083600
8.714000,1.28208000,1.00711000,1.00554900,1.00454900,1.00278300,1.00083600
8.716000,1.28212200,1.00711000,1.00554900,1.00455000,1.00278300,1.00083600
8.717999,1.28216400,1.00711100,1.00554900,1.00455000,1.00278300,1.00083600
8.719999,1.28220700,1.00711100,1.00554900,1.00455000,1.00278300,1.00083600
8.721999,1.28224900,1.00711100,1.00555000,1.00455000,1.00278300,1.00083600
8.724000,1.28229100,1.00711100,1.00555000,1.00455000,1.00278300,1.00083600
8.726000,1.28233300,1.00711200,1.00555000,1.00455000,1.00278300,1.00083600
8.728000,1.28237600,1.00711200,1.00555000,1.00455000,1.00278400,1.00083600
8.730000,1.28241800,1.00711200,1.00555000,1.00455000,1.00278400,1.00083700
8.731999,1.28246000,1.00711200,1.00555000,1.00455100,1.00278400,1.00083700
8.733999,1.28250300,1.00711300,1.00555100,1.00455100,1.00278400,1.00083700
8.735999,1.28254500,1.00711300,1.00555100,1.00455100,1.00278400,1.00083700
8.737999,1.28258800,1.00711300,1.00555100,1.00455100,1.00278400,1.00083700
8.739999,1.28263000,1.00711300,1.00555100,1.00455100,1.00278400,1.00083700
8.741999,1.28267200,1.00711300,1.00555100,1.00455100,1.00278400,1.00083700
8.743999,1.28271500,1.00711400,1.00555100,1.00455100,1.00278400,1.00083700
8.745999,1.28275700,1.00711400,1.00555200,1.00455200,1.00278400,1.00083700
8.747999,1.28279900,1.00711400,1.00555200,1.00455200,1.00278400,1.00083700
8.749999,1.28284200,1.00711400,1.00555200,1.00455200,1.00278400,1.00083700
8.751999,1.28288500,1.00711500,1.00555200,1.00455200,1.00278400,1.00083700
8.754000,1.28292700,1.00711500,1.00555200,1.00455200,1.00278400,1.00083700
8.756000,1.28296900,1.00711500,1.00555200,1.00455200,1.00278500,1.00083700
8.757999,1.28301200,1.00711500,1.00555300,1.00455200,1.00278500,1.00083700
8.759999,1.28305500,1.00711500,1.00555300,1.00455200,1.00278500,1.00083700
8.762000,1.28309700,1.00711600,1.00555300,1.00455300,1.00278500,1.00083700
8.764000,1.28314000,1.00711600,1.00555300,1.00455300,1.00278500,1.00083700
8.766000,1.28318200,1.00711600,1.00555300,1.00455300,1.00278500,1.00083700
8.768000,1.28322500,1.00711600,1.00555300,1.00455300,1.00278500,1.00083700
8.770000,1.28326700,1.00711700,1.00555400,1.00455300,1.00278500,1.00083700
8.771999,1.28331000,1.00711700,1.00555400,1.00455300,1.00278500,1.00083700
8.773999,1.28335300,1.00711700,1.00555400,1.00455300,1.00278500,1.00083700
8.775999,1.28339500,1.00711700,1.00555400,1.00455400,1.00278500,1.00083700
8.777999,1.28343800,1.00711800,1.00555400,1.00455400,1.00278500,1.00083700
8.779999,1.28348100,1.00711800,1.00555400,1.00455400,1.00278600,1.00083700
8.782000,1.28352300,1.00711800,1.00555500,1.00455400,1.00278600,1.00083700
8.783999,1.28356600,1.00711800,1.00555500,1.00455400,1.00278600,1.00083700
8.785999,1.28360900,1.00711800,1.00555500,1.00455400,1.00278600,1.00083700
8.787999,1.28365100,1.00711900,1.00555500,1.00455400,1.00278600,1.00083700
8.789999,1.28369400,1.00711900,1.00555500,1.00455500,1.00278600,1.00083700
8.792000,1.28373700,1.00711900,1.00555500,1.00455500,1.00278600,1.00083700
8.794000,1.28378000,1.00711900,1.00555600,1.00455500,1.00278600,1.00083700
8.796000,1.28382200,1.00712000,1.00555600,1.00455500,1.00278600,1.00083700
8.797999,1.28386500,1.00712000,1.00555600,1.00455500,1.00278600,1.00083700
8.799999,1.28390800,1.00712000,1.00555600,1.00455500,1.00278600,1.00083700
8.802000,1.28395100,1.00712000,1.00555600,1.00455500,1.00278600,1.00083700
8.804000,1.28399400,1.00712000,1.00555600,1.00455500,1.00278700,1.00083700
8.806000,1.28403600,1.00712100,1.00555700,1.00455600,1.00278700,1.00083700
8.808000,1.28407900,1.00712100,1.00555700,1.00455600,1.00278700,1.00083700
8.809999,1.28412200,1.00712100,1.00555700,1.00455600,1.00278700,1.00083700
8.811999,1.28416500,1.00712100,1.00555700,1.00455600,1.00278700,1.00083700
8.813999,1.28420800,1.00712200,1.00555700,1.00455600,1.00278700,1.00083700
8.815999,1.28425100,1.00712200,1.00555700,1.00455600,1.00278700,1.00083800
8.817999,1.28429400,1.00712200,1.00555800,1.00455600,1.00278700,1.00083800
8.819999,1.28433700,1.00712200,1.00555800,1.00455700,1.00278700,1.00083800
8.822000,1.28438000,1.00712200,1.00555800,1.00455700,1.00278700,1.00083800
8.823999,1.28442300,1.00712300,1.00555800,1.00455700,1.00278700,1.00083800
8.825999,1.28446600,1.00712300,1.00555800,1.00455700,1.00278700,1.00083800
8.827999,1.28450900,1.00712300,1.00555800,1.00455700,1.00278700,1.00083800
8.829999,1.28455200,1.00712300,1.00555900,1.00455700,1.00278800,1.00083800
8.832000,1.28459500,1.00712400,1.00555900,1.00455700,1.00278800,1.00083800
8.834000,1.28463800,1.00712400,1.00555900,1.00455700,1.00278800,1.00083800
8.835999,1.28468100,1.00712400,1.00555900,1.00455800,1.00278800,1.00083800
8.837999,1.28472400,1.00712400,1.00555900,1.00455800,1.00278800,1.00083800
8.840000,1.28476700,1.00712400,1.00555900,1.00455800,1.00278800,1.00083800
8.842000,1.28481000,1.00712500,1.00556000,1.00455800,1.00278800,1.00083800
8.844000,1.28485300,1.00712500,1.00556000,1.00455800,1.00278800,1.00083800
8.846000,1.28489600,1.00712500,1.00556000,1.00455800,1.00278800,1.00083800
8.847999,1.28494000,1.00712500,1.00556000,1.00455800,1.00278800,1.00083800
8.849999,1.28498300,1.00712600,1.00556000,1.00455800,1.00278800,1.00083800
8.851999,1.28502600,1.00712600,1.00556100,1.00455900,1.00278800,1.00083800
8.853999,1.28506900,1.00712600,1.00556100,1.00455900,1.00278900,1.00083800
8.855999,1.28511200,1.00712600,1.00556100,1.00455900,1.00278900,1.00083800
8.857999,1.28515500,1.00712600,1.00556100,1.00455900,1.00278900,1.00083800
8.860000,1.28519900,1.00712700,1.00556100,1.00455900,1.00278900,1.00083800
8.862000,1.28524200,1.00712700,1.00556100,1.00455900,1.00278900,1.00083800
8.863999,1.28528500,1.00712700,1.00556100,1.00455900,1.00278900,1.00083800
8.865999,1.28532800,1.00712700,1.00556200,1.00456000,1.00278900,1.00083800
8.867999,1.28537200,1.00712800,1.00556200,1.00456000,1.00278900,1.00083800
8.870000,1.28541500,1.00712800,1.00556200,1.00456000,1.00278900,1.00083800
8.872000,1.28545800,1.00712800,1.00556200,1.00456000,1.00278900,1.00083800
8.874000,1.28550200,1.00712800,1.00556200,1.00456000,1.00278900,1.00083800
8.875999,1.28554500,1.00712800,1.00556300,1.00456000,1.00278900,1.00083800
8.877999,1.28558800,1.00712900,1.00556300,1.00456000,1.00278900,1.00083800
8.880000,1.28563200,1.00712900,1.00556300,1.00456000,1.00278900,1.00083800
8.882000,1.28567500,1.00712900,1.00556300,1.00456100,1.00279000,1.00083800
8.883999,1.28571800,1.00712900,1.00556300,1.00456100,1.00279000,1.00083800
8.885999,1.28576200,1.00713000,1.00556300,1.00456100,1.00279000,1.00083800
8.887999,1.28580500,1.00713000,1.00556300,1.00456100,1.00279000,1.00083800
8.889999,1.28584900,1.00713000,1.00556400,1.00456100,1.00279000,1.00083800
8.891999,1.28589200,1.00713000,1.00556400,1.00456100,1.00279000,1.00083800
8.893999,1.28593600,1.00713100,1.00556400,1.00456100,1.00279000,1.00083800
8.895999,1.28597900,1.00713100,1.00556400,1.00456200,1.00279000,1.00083800
8.897999,1.28602300,1.00713100,1.00556400,1.00456200,1.00279000,1.00083800
8.900000,1.28606600,1.00713100,1.00556500,1.00456200,1.00279000,1.00083900
8.901999,1.28611000,1.00713100,1.00556500,1.00456200,1.00279000,1.00083900
8.903999,1.28615300,1.00713200,1.00556500,1.00456200,1.00279000,1.00083900
8.905999,1.28619700,1.00713200,1.00556500,1.00456200,1.00279100,1.00083900
8.908000,1.28624100,1.00713200,1.00556500,1.00456200,1.00279100,1.00083900
8.910000,1.28628400,1.00713200,1.00556500,1.00456200,1.00279100,1.00083900
8.912000,1.28632800,1.00713300,1.00556600,1.00456300,1.00279100,1.00083900
8.914000,1.28637100,1.00713300,1.00556600,1.00456300,1.00279100,1.00083900
8.915999,1.28641500,1.00713300,1.00556600,1.00456300,1.00279100,1.00083900
8.917999,1.28645900,1.00713300,1.00556600,1.00456300,1.00279100,1.00083900
8.919999,1.28650200,1.00713300,1.00556600,1.00456300,1.00279100,1.00083900
8.921999,1.28654600,1.00713400,1.00556600,1.00456300,1.00279100,1.00083900
8.923999,1.28659000,1.00713400,1.00556700,1.00456300,1.00279100,1.00083900
8.925999,1.28663300,1.00713400,1.00556700,1.00456400,1.00279100,1.00083900
8.927999,1.28667700,1.00713400,1.00556700,1.00456400,1.00279100,1.00083900
8.929999,1.28672100,1.00713500,1.00556700,1.00456400,1.00279200,1.00083900
8.931999,1.28676500,1.00713500,1.00556700,1.00456400,1.00279200,1.00083900
8.933999,1.28680800,1.00713500,1.00556700,1.00456400,1.00279200,1.00083900
8.935999,1.28685200,1.00713500,1.00556800,1.00456400,1.00279200,1.00083900
8.938000,1.28689600,1.00713600,1.00556800,1.00456400,1.00279200,1.00083900
8.940000,1.28694000,1.00713600,1.00556800,1.00456500,1.00279200,1.00083900
8.941999,1.28698300,1.00713600,1.00556800,1.00456500,1.00279200,1.00083900
8.943999,1.28702700,1.00713600,1.00556800,1.00456500,1.00279200,1.00083900
8.945999,1.28707100,1.00713600,1.00556800,1.00456500,1.00279200,1.00083900
8.948000,1.28711500,1.00713700,1.00556900,1.00456500,1.00279200,1.00083900
8.950000,1.28715900,1.00713700,1.00556900,1.00456500,1.00279200,1.00083900
8.952000,1.28720300,1.00713700,1.00556900,1.00456500,1.00279200,1.00083900
8.954000,1.28724700,1.00713700,1.00556900,1.00456500,1.00279200,1.00083900
8.955999,1.28729100,1.00713800,1.00556900,1.00456600,1.00279300,1.00083900
8.957999,1.28733500,1.00713800,1.00556900,1.00456600,1.00279300,1.00083900
8.959999,1.28737900,1.00713800,1.00557000,1.00456600,1.00279300,1.00083900
8.961999,1.28742200,1.00713800,1.00557000,1.00456600,1.00279300,1.00083900
8.963999,1.28746700,1.00713800,1.00557000,1.00456600,1.00279300,1.00083900
8.965999,1.28751000,1.00713900,1.00557000,1.00456600,1.00279300,1.00083900
8.967999,1.28755500,1.00713900,1.00557000,1.00456600,1.00279300,1.00083900
8.969999,1.28759800,1.00713900,1.00557000,1.00456700,1.00279300,1.00083900
8.971999,1.28764200,1.00713900,1.00557100,1.00456700,1.00279300,1.00083900
8.973999,1.28768700,1.00714000,1.00557100,1.00456700,1.00279300,1.00083900
8.975999,1.28773100,1.00714000,1.00557100,1.00456700,1.00279300,1.00083900
8.978000,1.28777500,1.00714000,1.00557100,1.00456700,1.00279300,1.00083900
8.980000,1.28781900,1.00714000,1.00557100,1.00456700,1.00279400,1.00083900
8.981999,1.28786300,1.00714100,1.00557100,1.00456700,1.00279400,1.00083900
8.983999,1.28790700,1.00714100,1.00557200,1.00456800,1.00279400,1.00083900
8.986000,1.28795100,1.00714100,1.00557200,1.00456800,1.00279400,1.00083900
8.988000,1.28799500,1.00714100,1.00557200,1.00456800,1.00279400,1.00083900
8.990000,1.28804000,1.00714100,1.00557200,1.00456800,1.00279400,1.00083900
8.992000,1.28808400,1.00714200,1.00557200,1.00456800,1.00279400,1.00083900
8.993999,1.28812800,1.00714200,1.00557200,1.00456800,1.00279400,1.00083900
8.995999,1.28817200,1.00714200,1.00557300,1.00456800,1.00279400,1.00084000
8.997999,1.28821600,1.00714200,1.00557300,1.00456800,1.00279400,1.00084000
8.999999,1.28826100,1.00714300,1.00557300,1.00456900,1.00279400,1.00084000
9.001999,1.28830500,1.00714300,1.00557300,1.00456900,1.00279400,1.00084000
9.003999,1.28834900,1.00714300,1.00557300,1.00456900,1.00279500,1.00084000
9.006000,1.28839300,1.00714300,1.00557400,1.00456900,1.00279500,1.00084000
9.007999,1.28843800,1.00714300,1.00557400,1.00456900,1.00279500,1.00084000
9.009999,1.28848200,1.00714400,1.00557400,1.00456900,1.00279500,1.00084000
9.011999,1.28852600,1.00714400,1.00557400,1.00456900,1.00279500,1.00084000
9.013999,1.28857100,1.00714400,1.00557400,1.00457000,1.00279500,1.00084000
9.016000,1.28861500,1.00714400,1.00557400,1.00457000,1.00279500,1.00084000
9.018000,1.28866000,1.00714500,1.00557400,1.00457000,1.00279500,1.00084000
9.020000,1.28870400,1.00714500,1.00557500,1.00457000,1.00279500,1.00084000
9.021999,1.28874800,1.00714500,1.00557500,1.00457000,1.00279500,1.00084000
9.023999,1.28879300,1.00714500,1.00557500,1.00457000,1.00279500,1.00084000
9.026000,1.28883700,1.00714600,1.00557500,1.00457000,1.00279500,1.00084000
9.028000,1.28888200,1.00714600,1.00557500,1.00457100,1.00279500,1.00084000
9.030000,1.28892600,1.00714600,1.00557600,1.00457100,1.00279500,1.00084000
9.032000,1.28897100,1.00714600,1.00557600,1.00457100,1.00279600,1.00084000
9.033999,1.28901500,1.00714600,1.00557600,1.00457100,1.00279600,1.00084000
9.035999,1.28906000,1.00714700,1.00557600,1.00457100,1.00279600,1.00084000
9.037999,1.28910400,1.00714700,1.00557600,1.00457100,1.00279600,1.00084000
9.039999,1.28914900,1.00714700,1.00557600,1.00457100,1.00279600,1.00084000
9.041999,1.28919300,1.00714700,1.00557700,1.00457200,1.00279600,1.00084000
9.043999,1.28923800,1.00714800,1.00557700,1.00457200,1.00279600,1.00084000
9.046000,1.28928200,1.00714800,1.00557700,1.00457200,1.00279600,1.00084000
9.047999,1.28932700,1.00714800,1.00557700,1.00457200,1.00279600,1.00084000
9.049999,1.28937200,1.00714800,1.00557700,1.00457200,1.00279600,1.00084000
9.051999,1.28941600,1.00714900,1.00557700,1.00457200,1.00279600,1.00084000
9.053999,1.28946100,1.00714900,1.00557800,1.00457200,1.00279600,1.00084000
9.056000,1.28950600,1.00714900,1.00557800,1.00457200,1.00279700,1.00084000
9.058000,1.28955000,1.00714900,1.00557800,1.00457300,1.00279700,1.00084000
9.059999,1.28959500,1.00714900,1.00557800,1.00457300,1.00279700,1.00084000
9.061999,1.28964000,1.00715000,1.00557800,1.00457300,1.00279700,1.00084000
9.064000,1.28968400,1.00715000,1.00557800,1.00457300,1.00279700,1.00084000
9.066000,1.28972900,1.00715000,1.00557900,1.00457300,1.00279700,1.00084000
9.068000,1.28977400,1.00715000,1.00557900,1.00457300,1.00279700,1.00084000
9.070000,1.28981900,1.00715100,1.00557900,1.00457300,1.00279700,1.00084000
9.071999,1.28986300,1.00715100,1.00557900,1.00457400,1.00279700,1.00084000
9.073999,1.28990800,1.00715100,1.00557900,1.00457400,1.00279700,1.00084000
9.075999,1.28995300,1.00715100,1.00557900,1.00457400,1.00279700,1.00084000
9.077999,1.28999800,1.00715100,1.00558000,1.00457400,1.00279700,1.00084000
9.079999,1.29004300,1.00715200,1.00558000,1.00457400,1.00279700,1.00084100
9.081999,1.29008800,1.00715200,1.00558000,1.00457400,1.00279800,1.00084100
9.084000,1.29013300,1.00715200,1.00558000,1.00457400,1.00279800,1.00084100
9.085999,1.29017700,1.00715200,1.00558000,1.00457500,1.00279800,1.00084100
9.087999,1.29022200,1.00715300,1.00558000,1.00457500,1.00279800,1.00084100
9.089999,1.29026700,1.00715300,1.00558100,1.00457500,1.00279800,1.00084100
9.091999,1.29031200,1.00715300,1.00558100,1.00457500,1.00279800,1.00084100
9.094000,1.29035700,1.00715300,1.00558100,1.00457500,1.00279800,1.00084100
9.096000,1.29040200,1.00715400,1.00558100,1.00457500,1.00279800,1.00084100
9.098000,1.29044700,1.00715400,1.00558100,1.00457500,1.00279800,1.00084100
9.099999,1.29049200,1.00715400,1.00558100,1.00457500,1.00279800,1.00084100
9.101999,1.29053700,1.00715400,1.00558200,1.00457600,1.00279800,1.00084100
9.104000,1.29058200,1.00715400,1.00558200,1.00457600,1.00279800,1.00084100
9.106000,1.29062700,1.00715500,1.00558200,1.00457600,1.00279900,1.00084100
9.107999,1.29067200,1.00715500,1.00558200,1.00457600,1.00279900,1.00084100
9.109999,1.29071700,1.00715500,1.00558200,1.00457600,1.00279900,1.00084100
9.111999,1.29076200,1.00715500,1.00558200,1.00457600,1.00279900,1.00084100
9.113999,1.29080700,1.00715600,1.00558300,1.00457600,1.00279900,1.00084100
9.115999,1.29085300,1.00715600,1.00558300,1.00457700,1.00279900,1.00084100
9.117999,1.29089800,1.00715600,1.00558300,1.00457700,1.00279900,1.00084100
9.119999,1.29094300,1.00715600,1.00558300,1.00457700,1.00279900,1.00084100
9.121999,1.29098800,1.00715600,1.00558300,1.00457700,1.00279900,1.00084100
9.124000,1.29103300,1.00715700,1.00558400,1.00457700,1.00279900,1.00084100
9.125999,1.29107800,1.00715700,1.00558400,1.00457700,1.00279900,1.00084100
9.127999,1.29112400,1.00715700,1.00558400,1.00457700,1.00279900,1.00084100
9.129999,1.29116900,1.00715700,1.00558400,1.00457800,1.00280000,1.00084100
9.132000,1.29121400,1.00715800,1.00558400,1.00457800,1.00280000,1.00084100
9.134000,1.29125900,1.00715800,1.00558400,1.00457800,1.00280000,1.00084100
9.136000,1.29130500,1.00715800,1.00558400,1.00457800,1.00280000,1.00084100
9.138000,1.29135000,1.00715800,1.00558500,1.00457800,1.00280000,1.00084100
9.139999,1.29139500,1.00715900,1.00558500,1.00457800,1.00280000,1.00084100
9.142000,1.29144000,1.00715900,1.00558500,1.00457800,1.00280000,1.00084100
9.143999,1.29148600,1.00715900,1.00558500,1.00457800,1.00280000,1.00084100
9.145999,1.29153100,1.00715900,1.00558500,1.00457900,1.00280000,1.00084100
9.147999,1.29157700,1.00715900,1.00558600,1.00457900,1.00280000,1.00084100
9.149999,1.29162200,1.00716000,1.00558600,1.00457900,1.00280000,1.00084100
9.151999,1.29166700,1.00716000,1.00558600,1.00457900,1.00280000,1.00084100
9.153999,1.29171300,1.00716000,1.00558600,1.00457900,1.00280000,1.00084100
9.155999,1.29175800,1.00716000,1.00558600,1.00457900,1.00280100,1.00084100
9.157999,1.29180400,1.00716100,1.00558600,1.00457900,1.00280100,1.00084100
9.159999,1.29184900,1.00716100,1.00558700,1.00458000,1.00280100,1.00084100
9.162000,1.29189500,1.00716100,1.00558700,1.00458000,1.00280100,1.00084100
9.164000,1.29194000,1.00716100,1.00558700,1.00458000,1.00280100,1.00084100
9.165999,1.29198600,1.00716100,1.00558700,1.00458000,1.00280100,1.00084100
9.167999,1.29203100,1.00716200,1.00558700,1.00458000,1.00280100,1.00084100
9.169999,1.29207700,1.00716200,1.00558700,1.00458000,1.00280100,1.00084100
9.172000,1.29212200,1.00716200,1.00558800,1.00458000,1.00280100,1.00084100
9.174000,1.29216800,1.00716200,1.00558800,1.00458000,1.00280100,1.00084100
9.176000,1.29221300,1.00716300,1.00558800,1.00458100,1.00280100,1.00084200
9.177999,1.29225900,1.00716300,1.00558800,1.00458100,1.00280100,1.00084200
9.179999,1.29230500,1.00716300,1.00558800,1.00458100,1.00280200,1.00084200
9.181999,1.29235000,1.00716300,1.00558800,1.00458100,1.00280200,1.00084200
9.183999,1.29239600,1.00716400,1.00558900,1.00458100,1.00280200,1.00084200
9.185999,1.29244100,1.00716400,1.00558900,1.00458100,1.00280200,1.00084200
9.187999,1.29248700,1.00716400,1.00558900,1.00458100,1.00280200,1.00084200
9.189999,1.29253300,1.00716400,1.00558900,1.00458200,1.00280200,1.00084200
9.191999,1.29257900,1.00716400,1.00558900,1.00458200,1.00280200,1.00084200
9.193999,1.29262400,1.00716500,1.00558900,1.00458200,1.00280200,1.00084200
9.195999,1.29267000,1.00716500,1.00559000,1.00458200,1.00280200,1.00084200
9.197999,1.29271600,1.00716500,1.00559000,1.00458200,1.00280200,1.00084200
9.199999,1.29276200,1.00716500,1.00559000,1.00458200,1.00280200,1.00084200
9.202000,1.29280700,1.00716600,1.00559000,1.00458200,1.00280200,1.00084200
9.204000,1.29285300,1.00716600,1.00559000,1.00458300,1.00280200,1.00084200
9.205999,1.29289900,1.00716600,1.00559000,1.00458300,1.00280300,1.00084200
9.207999,1.29294500,1.00716600,1.00559100,1.00458300,1.00280300,1.00084200
9.210000,1.29299100,1.00716700,1.00559100,1.00458300,1.00280300,1.00084200
9.212000,1.29303600,1.00716700,1.00559100,1.00458300,1.00280300,1.00084200
9.214000,1.29308200,1.00716700,1.00559100,1.00458300,1.00280300,1.00084200
9.216000,1.29312800,1.00716700,1.00559100,1.00458300,1.00280300,1.00084200
9.217999,1.29317400,1.00716700,1.00559200,1.00458300,1.00280300,1.00084200
9.219999,1.29322000,1.00716800,1.00559200,1.00458400,1.00280300,1.00084200
9.221999,1.29326600,1.00716800,1.00559200,1.00458400,1.00280300,1.00084200
9.223999,1.29331200,1.00716800,1.00559200,1.00458400,1.00280300,1.00084200
9.225999,1.29335800,1.00716800,1.00559200,1.00458400,1.00280300,1.00084200
9.227999,1.29340400,1.00716900,1.00559200,1.00458400,1.00280300,1.00084200
9.230000,1.29345000,1.00716900,1.00559300,1.00458400,1.00280400,1.00084200
9.231999,1.29349600,1.00716900,1.00559300,1.00458400,1.00280400,1.00084200
9.233999,1.29354200,1.00716900,1.00559300,1.00458500,1.00280400,1.00084200
9.235999,1.29358800,1.00716900,1.00559300,1.00458500,1.00280400,1.00084200
9.237999,1.29363400,1.00717000,1.00559300,1.00458500,1.00280400,1.00084200
9.240000,1.29368000,1.00717000,1.00559300,1.00458500,1.00280400,1.00084200
9.242000,1.29372600,1.00717000,1.00559400,1.00458500,1.00280400,1.00084200
9.243999,1.29377200,1.00717000,1.00559400,1.00458500,1.00280400,1.00084200
9.245999,1.29381900,1.00717100,1.00559400,1.00458500,1.00280400,1.00084200
9.247999,1.29386500,1.00717100,1.00559400,1.00458600,1.00280400,1.00084200
9.250000,1.29391100,1.00717100,1.00559400,1.00458600,1.00280400,1.00084200
9.252000,1.29395700,1.00717100,1.00559400,1.00458600,1.00280400,1.00084200
9.254000,1.29400300,1.00717200,1.00559500,1.00458600,1.00280500,1.00084200
9.256000,1.29404900,1.00717200,1.00559500,1.00458600,1.00280500,1.00084200
9.257999,1.29409600,1.00717200,1.00559500,1.00458600,1.00280500,1.00084200
9.259999,1.29414200,1.00717200,1.00559500,1.00458600,1.00280500,1.00084300
9.261999,1.29418800,1.00717200,1.00559500,1.00458600,1.00280500,1.00084300
9.263999,1.29423500,1.00717300,1.00559500,1.00458700,1.00280500,1.00084300
9.265999,1.29428100,1.00717300,1.00559600,1.00458700,1.00280500,1.00084300
9.267999,1.29432700,1.00717300,1.00559600,1.00458700,1.00280500,1.00084300
9.270000,1.29437300,1.00717300,1.00559600,1.00458700,1.00280500,1.00084300
9.271999,1.29442000,1.00717400,1.00559600,1.00458700,1.00280500,1.00084300
9.273999,1.29446600,1.00717400,1.00559600,1.00458700,1.00280500,1.00084300
9.275999,1.29451200,1.00717400,1.00559700,1.00458700,1.00280500,1.00084300
9.277999,1.29455900,1.00717400,1.00559700,1.00458800,1.00280500,1.00084300
9.280000,1.29460500,1.00717400,1.00559700,1.00458800,1.00280600,1.00084300
9.282000,1.29465200,1.00717500,1.00559700,1.00458800,1.00280600,1.00084300
9.283999,1.29469800,1.00717500,1.00559700,1.00458800,1.00280600,1.00084300
9.285999,1.29474400,1.00717500,1.00559700,1.00458800,1.00280600,1.00084300
9.288000,1.29479100,1.00717500,1.00559700,1.00458800,1.00280600,1.00084300
9.290000,1.29483700,1.00717600,1.00559800,1.00458800,1.00280600,1.00084300
9.292000,1.29488400,1.00717600,1.00559800,1.00458800,1.00280600,1.00084300
9.294000,1.29493000,1.00717600,1.00559800,1.00458900,1.00280600,1.00084300
9.296000,1.29497700,1.00717600,1.00559800,1.00458900,1.00280600,1.00084300
9.297999,1.29502300,1.00717700,1.00559800,1.00458900,1.00280600,1.00084300
9.299999,1.29507000,1.00717700,1.00559900,1.00458900,1.00280600,1.00084300
9.301999,1.29511700,1.00717700,1.00559900,1.00458900,1.00280600,1.00084300
9.303999,1.29516300,1.00717700,1.00559900,1.00458900,1.00280700,1.00084300
9.305999,1.29521000,1.00717700,1.00559900,1.00458900,1.00280700,1.00084300
9.308000,1.29525600,1.00717800,1.00559900,1.00459000,1.00280700,1.00084300
9.309999,1.29530300,1.00717800,1.00559900,1.00459000,1.00280700,1.00084300
9.311999,1.29535000,1.00717800,1.00559900,1.00459000,1.00280700,1.00084300
9.313999,1.29539600,1.00717800,1.00560000,1.00459000,1.00280700,1.00084300
9.315999,1.29544300,1.00717900,1.00560000,1.00459000,1.00280700,1.00084300
9.318000,1.29549000,1.00717900,1.00560000,1.00459000,1.00280700,1.00084300
9.320000,1.29553700,1.00717900,1.00560000,1.00459000,1.00280700,1.00084300
9.322000,1.29558300,1.00717900,1.00560000,1.00459100,1.00280700,1.00084300
9.323999,1.29563000,1.00717900,1.00560100,1.00459100,1.00280700,1.00084300
9.325999,1.29567700,1.00718000,1.00560100,1.00459100,1.00280700,1.00084300
9.328000,1.29572400,1.00718000,1.00560100,1.00459100,1.00280700,1.00084300
9.330000,1.29577000,1.00718000,1.00560100,1.00459100,1.00280800,1.00084300
9.331999,1.29581700,1.00718000,1.00560100,1.00459100,1.00280800,1.00084300
9.333999,1.29586400,1.00718100,1.00560100,1.00459100,1.00280800,1.00084300
9.335999,1.29591100,1.00718100,1.00560200,1.00459200,1.00280800,1.00084300
9.337999,1.29595800,1.00718100,1.00560200,1.00459200,1.00280800,1.00084300
9.339999,1.29600500,1.00718100,1.00560200,1.00459200,1.00280800,1.00084300
9.341999,1.29605200,1.00718200,1.00560200,1.00459200,1.00280800,1.00084300
9.343999,1.29609800,1.00718200,1.00560200,1.00459200,1.00280800,1.00084400
9.345999,1.29614500,1.00718200,1.00560200,1.00459200,1.00280800,1.00084400
9.348000,1.29619200,1.00718200,1.00560300,1.00459200,1.00280800,1.00084400
9.349999,1.29623900,1.00718200,1.00560300,1.00459300,1.00280800,1.00084400
9.351999,1.29628600,1.00718300,1.00560300,1.00459300,1.00280800,1.00084400
9.353999,1.29633300,1.00718300,1.00560300,1.00459300,1.00280900,1.00084400
9.355999,1.29638000,1.00718300,1.00560300,1.00459300,1.00280900,1.00084400
9.358000,1.29642700,1.00718300,1.00560300,1.00459300,1.00280900,1.00084400
9.360000,1.29647400,1.00718400,1.00560400,1.00459300,1.00280900,1.00084400
9.362000,1.29652100,1.00718400,1.00560400,1.00459300,1.00280900,1.00084400
9.363999,1.29656900,1.00718400,1.00560400,1.00459300,1.00280900,1.00084400
9.366000,1.29661600,1.00718400,1.00560400,1.00459400,1.00280900,1.00084400
9.367999,1.29666300,1.00718500,1.00560400,1.00459400,1.00280900,1.00084400
9.369999,1.29671000,1.00718500,1.00560500,1.00459400,1.00280900,1.00084400
9.371999,1.29675700,1.00718500,1.00560500,1.00459400,1.00280900,1.00084400
9.373999,1.29680400,1.00718500,1.00560500,1.00459400,1.00280900,1.00084400
9.375999,1.29685100,1.00718500,1.00560500,1.00459400,1.00280900,1.00084400
9.377999,1.29689900,1.00718600,1.00560500,1.00459400,1.00281000,1.00084400
9.379999,1.29694600,1.00718600,1.00560500,1.00459500,1.00281000,1.00084400
9.381999,1.29699300,1.00718600,1.00560600,1.00459500,1.00281000,1.00084400
9.383999,1.29704000,1.00718600,1.00560600,1.00459500,1.00281000,1.00084400
9.386000,1.29708700,1.00718700,1.00560600,1.00459500,1.00281000,1.00084400
9.388000,1.29713500,1.00718700,1.00560600,1.00459500,1.00281000,1.00084400
9.389999,1.29718200,1.00718700,1.00560600,1.00459500,1.00281000,1.00084400
9.391999,1.29722900,1.00718700,1.00560600,1.00459500,1.00281000,1.00084400
9.393999,1.29727700,1.00718800,1.00560700,1.00459600,1.00281000,1.00084400
9.396000,1.29732400,1.00718800,1.00560700,1.00459600,1.00281000,1.00084400
9.398000,1.29737100,1.00718800,1.00560700,1.00459600,1.00281000,1.00084400
9.400000,1.29741900,1.00718800,1.00560700,1.00459600,1.00281000,1.00084400
9.401999,1.29746600,1.00718800,1.00560700,1.00459600,1.00281000,1.00084400
9.403999,1.29751300,1.00718900,1.00560700,1.00459600,1.00281100,1.00084400
9.405999,1.29756100,1.00718900,1.00560800,1.00459600,1.00281100,1.00084400
9.407999,1.29760800,1.00718900,1.00560800,1.00459600,1.00281100,1.00084400
9.409999,1.29765600,1.00718900,1.00560800,1.00459700,1.00281100,1.00084400
9.411999,1.29770300,1.00719000,1.00560800,1.00459700,1.00281100,1.00084400
9.413999,1.29775100,1.00719000,1.00560800,1.00459700,1.00281100,1.00084400
9.415999,1.29779800,1.00719000,1.00560800,1.00459700,1.00281100,1.00084400
9.417999,1.29784600,1.00719000,1.00560900,1.00459700,1.00281100,1.00084400
9.419999,1.29789300,1.00719100,1.00560900,1.00459700,1.00281100,1.00084400
9.421999,1.29794100,1.00719100,1.00560900,1.00459700,1.00281100,1.00084400
9.423999,1.29798900,1.00719100,1.00560900,1.00459800,1.00281100,1.00084400
9.426000,1.29803600,1.00719100,1.00560900,1.00459800,1.00281100,1.00084400
9.427999,1.29808400,1.00719200,1.00561000,1.00459800,1.00281200,1.00084400
9.429999,1.29813100,1.00719200,1.00561000,1.00459800,1.00281200,1.00084400
9.431999,1.29817900,1.00719200,1.00561000,1.00459800,1.00281200,1.00084400
9.434000,1.29822700,1.00719200,1.00561000,1.00459800,1.00281200,1.00084400
9.436000,1.29827400,1.00719200,1.00561000,1.00459800,1.00281200,1.00084400
9.438000,1.29832200,1.00719300,1.00561000,1.00459800,1.00281200,1.00084500
9.440000,1.29837000,1.00719300,1.00561000,1.00459900,1.00281200,1.00084500
9.441999,1.29841700,1.00719300,1.00561100,1.00459900,1.00281200,1.00084500
9.443999,1.29846500,1.00719300,1.00561100,1.00459900,1.00281200,1.00084500
9.445999,1.29851300,1.00719400,1.00561100,1.00459900,1.00281200,1.00084500
9.447999,1.29856100,1.00719400,1.00561100,1.00459900,1.00281200,1.00084500
9.449999,1.29860900,1.00719400,1.00561100,1.00459900,1.00281200,1.00084500
9.451999,1.29865600,1.00719400,1.00561200,1.00459900,1.00281300,1.00084500
9.454000,1.29870400,1.00719500,1.00561200,1.00460000,1.00281300,1.00084500
9.455999,1.29875200,1.00719500,1.00561200,1.00460000,1.00281300,1.00084500
9.457999,1.29880000,1.00719500,1.00561200,1.00460000,1.00281300,1.00084500
9.459999,1.29884800,1.00719500,1.00561200,1.00460000,1.00281300,1.00084500
9.461999,1.29889600,1.00719500,1.00561200,1.00460000,1.00281300,1.00084500
9.464000,1.29894400,1.00719600,1.00561300,1.00460000,1.00281300,1.00084500
9.466000,1.29899100,1.00719600,1.00561300,1.00460000,1.00281300,1.00084500
9.467999,1.29903900,1.00719600,1.00561300,1.00460100,1.00281300,1.00084500
9.469999,1.29908700,1.00719600,1.00561300,1.00460100,1.00281300,1.00084500
9.471999,1.29913500,1.00719700,1.00561300,1.00460100,1.00281300,1.00084500
9.474000,1.29918300,1.00719700,1.00561300,1.00460100,1.00281300,1.00084500
9.476000,1.29923100,1.00719700,1.00561400,1.00460100,1.00281300,1.00084500
9.478000,1.29927900,1.00719700,1.00561400,1.00460100,1.00281400,1.00084500
9.480000,1.29932700,1.00719700,1.00561400,1.00460100,1.00281400,1.00084500
9.481999,1.29937500,1.00719800,1.00561400,1.00460200,1.00281400,1.00084500
9.483999,1.29942300,1.00719800,1.00561400,1.00460200,1.00281400,1.00084500
9.485999,1.29947200,1.00719800,1.00561400,1.00460200,1.00281400,1.00084500
9.487999,1.29952000,1.00719800,1.00561500,1.00460200,1.00281400,1.00084500
9.489999,1.29956800,1.00719900,1.00561500,1.00460200,1.00281400,1.00084500
9.491999,1.29961600,1.00719900,1.00561500,1.00460200,1.00281400,1.00084500
9.493999,1.29966400,1.00719900,1.00561500,1.00460200,1.00281400,1.00084500
9.495999,1.29971200,1.00719900,1.00561500,1.00460300,1.00281400,1.00084500
9.497999,1.29976000,1.00720000,1.00561500,1.00460300,1.00281400,1.00084500
9.499999,1.29980900,1.00720000,1.00561600,1.00460300,1.00281400,1.00084500
9.501999,1.29985700,1.00720000,1.00561600,1.00460300,1.00281500,1.00084500
9.504000,1.29990500,1.00720000,1.00561600,1.00460300,1.00281500,1.00084500
9.506000,1.29995300,1.00720000,1.00561600,1.00460300,1.00281500,1.00084500
9.507999,1.30000200,1.00720100,1.00561600,1.00460300,1.00281500,1.00084500
9.509999,1.30005000,1.00720100,1.00561700,1.00460400,1.00281500,1.00084500
9.512000,1.30009800,1.00720100,1.00561700,1.00460400,1.00281500,1.00084500
9.514000,1.30014700,1.00720100,1.00561700,1.00460400,1.00281500,1.00084500
9.516000,1.30019500,1.00720200,1.00561700,1.00460400,1.00281500,1.00084500
9.518000,1.30024300,1.00720200,1.00561700,1.00460400,1.00281500,1.00084500
9.520000,1.30029200,1.00720200,1.00561700,1.00460400,1.00281500,1.00084500
9.521999,1.30034000,1.00720200,1.00561700,1.00460400,1.00281500,1.00084600
9.523999,1.30038900,1.00720300,1.00561800,1.00460400,1.00281500,1.00084600
9.525999,1.30043700,1.00720300,1.00561800,1.00460500,1.00281500,1.00084600
9.527999,1.30048500,1.00720300,1.00561800,1.00460500,1.00281600,1.00084600
9.529999,1.30053400,1.00720300,1.00561800,1.00460500,1.00281600,1.00084600
9.532000,1.30058200,1.00720300,1.00561800,1.00460500,1.00281600,1.00084600
9.533999,1.30063100,1.00720400,1.00561900,1.00460500,1.00281600,1.00084600
9.535999,1.30067900,1.00720400,1.00561900,1.00460500,1.00281600,1.00084600
9.537999,1.30072800,1.00720400,1.00561900,1.00460500,1.00281600,1.00084600
9.539999,1.30077600,1.00720400,1.00561900,1.00460600,1.00281600,1.00084600
9.542000,1.30082500,1.00720500,1.00561900,1.00460600,1.00281600,1.00084600
9.544000,1.30087400,1.00720500,1.00561900,1.00460600,1.00281600,1.00084600
9.546000,1.30092200,1.00720500,1.00562000,1.00460600,1.00281600,1.00084600
9.547999,1.30097100,1.00720500,1.00562000,1.00460600,1.00281600,1.00084600
9.549999,1.30101900,1.00720600,1.00562000,1.00460600,1.00281600,1.00084600
9.552000,1.30106800,1.00720600,1.00562000,1.00460600,1.00281700,1.00084600
9.554000,1.30111700,1.00720600,1.00562000,1.00460600,1.00281700,1.00084600
9.556000,1.30116500,1.00720600,1.00562000,1.00460700,1.00281700,1.00084600
9.557999,1.30121400,1.00720600,1.00562100,1.00460700,1.00281700,1.00084600
9.559999,1.30126300,1.00720700,1.00562100,1.00460700,1.00281700,1.00084600
9.561999,1.30131200,1.00720700,1.00562100,1.00460700,1.00281700,1.00084600
9.563999,1.30136000,1.00720700,1.00562100,1.00460700,1.00281700,1.00084600
9.565999,1.30140900,1.00720700,1.00562100,1.00460700,1.00281700,1.00084600
9.567999,1.30145800,1.00720800,1.00562200,1.00460700,1.00281700,1.00084600
9.569999,1.30150700,1.00720800,1.00562200,1.00460800,1.00281700,1.00084600
9.572000,1.30155600,1.00720800,1.00562200,1.00460800,1.00281700,1.00084600
9.573999,1.30160500,1.00720800,1.00562200,1.00460800,1.00281700,1.00084600
9.575999,1.30165300,1.00720900,1.00562200,1.00460800,1.00281800,1.00084600
9.577999,1.30170200,1.00720900,1.00562200,1.00460800,1.00281800,1.00084600
9.579999,1.30175100,1.00720900,1.00562300,1.00460800,1.00281800,1.00084600
9.582000,1.30180000,1.00720900,1.00562300,1.00460900,1.00281800,1.00084600
9.584000,1.30184900,1.00721000,1.00562300,1.00460900,1.00281800,1.00084600
9.585999,1.30189800,1.00721000,1.00562300,1.00460900,1.00281800,1.00084600
9.587999,1.30194700,1.00721000,1.00562300,1.00460900,1.00281800,1.00084600
9.590000,1.30199600,1.00721000,1.00562300,1.00460900,1.00281800,1.00084600
9.592000,1.30204500,1.00721000,1.00562400,1.00460900,1.00281800,1.00084600
9.593999,1.30209400,1.00721100,1.00562400,1.00460900,1.00281800,1.00084600
9.595999,1.30214300,1.00721100,1.00562400,1.00460900,1.00281800,1.00084600
9.597999,1.30219200,1.00721100,1.00562400,1.00461000,1.00281800,1.00084600
9.599999,1.30224100,1.00721100,1.00562400,1.00461000,1.00281800,1.00084600
9.601999,1.30229000,1.00721200,1.00562400,1.00461000,1.00281900,1.00084600
9.603999,1.30233900,1.00721200,1.00562500,1.00461000,1.00281900,1.00084600
9.605999,1.30238800,1.00721200,1.00562500,1.00461000,1.00281900,1.00084700
9.607999,1.30243800,1.00721200,1.00562500,1.00461000,1.00281900,1.00084700
9.610000,1.30248700,1.00721300,1.00562500,1.00461000,1.00281900,1.00084700
9.612000,1.30253600,1.00721300,1.00562500,1.00461100,1.00281900,1.00084700
9.613999,1.30258500,1.00721300,1.00562500,1.00461100,1.00281900,1.00084700
9.615999,1.30263400,1.00721300,1.00562600,1.00461100,1.00281900,1.00084700
9.617999,1.30268300,1.00721300,1.00562600,1.00461100,1.00281900,1.00084700
9.620000,1.30273300,1.00721400,1.00562600,1.00461100,1.00281900,1.00084700
9.622000,1.30278200,1.00721400,1.00562600,1.00461100,1.00281900,1.00084700
9.624000,1.30283100,1.00721400,1.00562600,1.00461100,1.00281900,1.00084700
9.625999,1.30288100,1.00721400,1.00562700,1.00461100,1.00282000,1.00084700
9.627999,1.30293000,1.00721500,1.00562700,1.00461200,1.00282000,1.00084700
9.629999,1.30297900,1.00721500,1.00562700,1.00461200,1.00282000,1.00084700
9.631999,1.30302900,1.00721500,1.00562700,1.00461200,1.00282000,1.00084700
9.633999,1.30307800,1.00721500,1.00562700,1.00461200,1.00282000,1.00084700
9.635999,1.30312700,1.00721500,1.00562700,1.00461200,1.00282000,1.00084700
9.637999,1.30317700,1.00721600,1.00562800,1.00461200,1.00282000,1.00084700
9.639999,1.30322600,1.00721600,1.00562800,1.00461200,1.00282000,1.00084700
9.641999,1.30327600,1.00721600,1.00562800,1.00461300,1.00282000,1.00084700
9.643999,1.30332500,1.00721600,1.00562800,1.00461300,1.00282000,1.00084700
9.645999,1.30337500,1.00721700,1.00562800,1.00461300,1.00282000,1.00084700
9.647999,1.30342400,1.00721700,1.00562800,1.00461300,1.00282000,1.00084700
9.650000,1.30347400,1.00721700,1.00562900,1.00461300,1.00282000,1.00084700
9.651999,1.30352300,1.00721700,1.00562900,1.00461300,1.00282100,1.00084700
9.653999,1.30357300,1.00721800,1.00562900,1.00461300,1.00282100,1.00084700
9.655999,1.30362200,1.00721800,1.00562900,1.00461400,1.00282100,1.00084700
9.658000,1.30367200,1.00721800,1.00562900,1.00461400,1.00282100,1.00084700
9.660000,1.30372100,1.00721800,1.00562900,1.00461400,1.00282100,1.00084700
9.662000,1.30377100,1.00721800,1.00563000,1.00461400,1.00282100,1.00084700
9.664000,1.30382100,1.00721900,1.00563000,1.00461400,1.00282100,1.00084700
9.665999,1.30387000,1.00721900,1.00563000,1.00461400,1.00282100,1.00084700
9.667999,1.30392000,1.00721900,1.00563000,1.00461400,1.00282100,1.00084700
9.669999,1.30397000,1.00721900,1.00563000,1.00461500,1.00282100,1.00084700
9.671999,1.30401900,1.00722000,1.00563000,1.00461500,1.00282100,1.00084700
9.673999,1.30406900,1.00722000,1.00563100,1.00461500,1.00282200,1.00084700
9.675999,1.30411900,1.00722000,1.00563100,1.00461500,1.00282200,1.00084700
9.677999,1.30416900,1.00722000,1.00563100,1.00461500,1.00282200,1.00084700
9.679999,1.30421800,1.00722100,1.00563100,1.00461500,1.00282200,1.00084700
9.681999,1.30426800,1.00722100,1.00563100,1.00461500,1.00282200,1.00084700
9.683999,1.30431800,1.00722100,1.00563200,1.00461600,1.00282200,1.00084700
9.685999,1.30436800,1.00722100,1.00563200,1.00461600,1.00282200,1.00084700
9.688000,1.30441800,1.00722200,1.00563200,1.00461600,1.00282200,1.00084700
9.690000,1.30446700,1.00722200,1.00563200,1.00461600,1.00282200,1.00084700
9.691999,1.30451700,1.00722200,1.00563200,1.00461600,1.00282200,1.00084700
9.693999,1.30456700,1.00722200,1.00563200,1.00461600,1.00282200,1.00084700
9.695999,1.30461700,1.00722200,1.00563300,1.00461600,1.00282200,1.00084700
9.698000,1.30466700,1.00722300,1.00563300,1.00461600,1.00282300,1.00084800
9.700000,1.30471700,1.00722300,1.00563300,1.00461700,1.00282300,1.00084800
9.702000,1.30476700,1.00722300,1.00563300,1.00461700,1.00282300,1.00084800
9.704000,1.30481700,1.00722300,1.00563300,1.00461700,1.00282300,1.00084800
9.705999,1.30486700,1.00722400,1.00563300,1.00461700,1.00282300,1.00084800
9.707999,1.30491700,1.00722400,1.00563400,1.00461700,1.00282300,1.00084800
9.709999,1.30496700,1.00722400,1.00563400,1.00461700,1.00282300,1.00084800
9.711999,1.30501700,1.00722400,1.00563400,1.00461700,1.00282300,1.00084800
9.713999,1.30506700,1.00722500,1.00563400,1.00461800,1.00282300,1.00084800
9.715999,1.30511700,1.00722500,1.00563400,1.00461800,1.00282300,1.00084800
9.717999,1.30516700,1.00722500,1.00563400,1.00461800,1.00282300,1.00084800
9.719999,1.30521800,1.00722500,1.00563500,1.00461800,1.00282300,1.00084800
9.721999,1.30526800,1.00722600,1.00563500,1.00461800,1.00282300,1.00084800
9.723999,1.30531800,1.00722600,1.00563500,1.00461800,1.00282400,1.00084800
9.725999,1.30536800,1.00722600,1.00563500,1.00461800,1.00282400,1.00084800
9.728000,1.30541800,1.00722600,1.00563500,1.00461900,1.00282400,1.00084800
9.730000,1.30546900,1.00722600,1.00563500,1.00461900,1.00282400,1.00084800
9.731999,1.30551900,1.00722700,1.00563600,1.00461900,1.00282400,1.00084800
9.733999,1.30556900,1.00722700,1.00563600,1.00461900,1.00282400,1.00084800
9.736000,1.30561900,1.00722700,1.00563600,1.00461900,1.00282400,1.00084800
9.738000,1.30567000,1.00722700,1.00563600,1.00461900,1.00282400,1.00084800
9.740000,1.30572000,1.00722800,1.00563600,1.00461900,1.00282400,1.00084800
9.742000,1.30577000,1.00722800,1.00563700,1.00461900,1.00282400,1.00084800
9.743999,1.30582100,1.00722800,1.00563700,1.00462000,1.00282400,1.00084800
9.745999,1.30587100,1.00722800,1.00563700,1.00462000,1.00282400,1.00084800
9.747999,1.30592100,1.00722800,1.00563700,1.00462000,1.00282500,1.00084800
9.749999,1.30597200,1.00722900,1.00563700,1.00462000,1.00282500,1.00084800
9.751999,1.30602200,1.00722900,1.00563700,1.00462000,1.00282500,1.00084800
9.753999,1.30607300,1.00722900,1.00563800,1.00462000,1.00282500,1.00084800
9.756000,1.30612300,1.00722900,1.00563800,1.00462000,1.00282500,1.00084800
9.757999,1.30617400,1.00723000,1.00563800,1.00462100,1.00282500,1.00084800
9.759999,1.30622400,1.00723000,1.00563800,1.00462100,1.00282500,1.00084800
9.761999,1.30627500,1.00723000,1.00563800,1.00462100,1.00282500,1.00084800
9.763999,1.30632500,1.00723000,1.00563800,1.00462100,1.00282500,1.00084800
9.766000,1.30637600,1.00723100,1.00563900,1.00462100,1.00282500,1.00084800
9.768000,1.30642600,1.00723100,1.00563900,1.00462100,1.00282500,1.00084800
9.770000,1.30647700,1.00723100,1.00563900,1.00462200,1.00282500,1.00084800
9.771999,1.30652700,1.00723100,1.00563900,1.00462200,1.00282500,1.00084800
9.773999,1.30657800,1.00723100,1.00563900,1.00462200,1.00282600,1.00084800
9.776000,1.30662900,1.00723200,1.00563900,1.00462200,1.00282600,1.00084800
9.778000,1.30667900,1.00723200,1.00564000,1.00462200,1.00282600,1.00084800
9.780000,1.30673000,1.00723200,1.00564000,1.00462200,1.00282600,1.00084800
9.781999,1.30678100,1.00723200,1.00564000,1.00462200,1.00282600,1.00084900
9.783998,1.30683100,1.00723300,1.00564000,1.00462200,1.00282600,1.00084900
9.785999,1.30688200,1.00723300,1.00564000,1.00462300,1.00282600,1.00084900
9.787999,1.30693300,1.00723300,1.00564100,1.00462300,1.00282600,1.00084900
9.789999,1.30698400,1.00723300,1.00564100,1.00462300,1.00282600,1.00084900
9.791999,1.30703500,1.00723400,1.00564100,1.00462300,1.00282600,1.00084900
9.793999,1.30708500,1.00723400,1.00564100,1.00462300,1.00282600,1.00084900
9.796000,1.30713600,1.00723400,1.00564100,1.00462300,1.00282600,1.00084900
9.797999,1.30718700,1.00723400,1.00564100,1.00462300,1.00282700,1.00084900
9.799999,1.30723800,1.00723500,1.00564200,1.00462400,1.00282700,1.00084900
9.801999,1.30728900,1.00723500,1.00564200,1.00462400,1.00282700,1.00084900
9.803999,1.30734000,1.00723500,1.00564200,1.00462400,1.00282700,1.00084900
9.806000,1.30739100,1.00723500,1.00564200,1.00462400,1.00282700,1.00084900
9.808000,1.30744200,1.00723600,1.00564200,1.00462400,1.00282700,1.00084900
9.809999,1.30749200,1.00723600,1.00564200,1.00462400,1.00282700,1.00084900
9.811999,1.30754400,1.00723600,1.00564300,1.00462400,1.00282700,1.00084900
9.814000,1.30759500,1.00723600,1.00564300,1.00462400,1.00282700,1.00084900
9.816000,1.30764600,1.00723600,1.00564300,1.00462500,1.00282700,1.00084900
9.817999,1.30769700,1.00723700,1.00564300,1.00462500,1.00282700,1.00084900
9.819999,1.30774800,1.00723700,1.00564300,1.00462500,1.00282800,1.00084900
9.821999,1.30779900,1.00723700,1.00564300,1.00462500,1.00282800,1.00084900
9.823999,1.30785000,1.00723700,1.00564400,1.00462500,1.00282800,1.00084900
9.825999,1.30790100,1.00723800,1.00564400,1.00462500,1.00282800,1.00084900
9.827999,1.30795200,1.00723800,1.00564400,1.00462500,1.00282800,1.00084900
9.829999,1.30800300,1.00723800,1.00564400,1.00462600,1.00282800,1.00084900
9.831999,1.30805400,1.00723800,1.00564400,1.00462600,1.00282800,1.00084900
9.834000,1.30810500,1.00723900,1.00564500,1.00462600,1.00282800,1.00084900
9.835999,1.30815700,1.00723900,1.00564500,1.00462600,1.00282800,1.00084900
9.837999,1.30820800,1.00723900,1.00564500,1.00462600,1.00282800,1.00084900
9.839999,1.30825900,1.00723900,1.00564500,1.00462600,1.00282800,1.00084900
9.841999,1.30831100,1.00723900,1.00564500,1.00462700,1.00282800,1.00084900
9.844000,1.30836200,1.00724000,1.00564500,1.00462700,1.00282800,1.00084900
9.846000,1.30841300,1.00724000,1.00564600,1.00462700,1.00282900,1.00084900
9.848000,1.30846400,1.00724000,1.00564600,1.00462700,1.00282900,1.00084900
9.849999,1.30851600,1.00724000,1.00564600,1.00462700,1.00282900,1.00084900
9.851999,1.30856700,1.00724100,1.00564600,1.00462700,1.00282900,1.00084900
9.853999,1.30861800,1.00724100,1.00564600,1.00462700,1.00282900,1.00084900
9.855999,1.30867000,1.00724100,1.00564600,1.00462700,1.00282900,1.00084900
9.857999,1.30872100,1.00724100,1.00564700,1.00462800,1.00282900,1.00084900
9.859999,1.30877300,1.00724200,1.00564700,1.00462800,1.00282900,1.00084900
9.861999,1.30882400,1.00724200,1.00564700,1.00462800,1.00282900,1.00084900
9.863999,1.30887600,1.00724200,1.00564700,1.00462800,1.00282900,1.00084900
9.865999,1.30892700,1.00724200,1.00564700,1.00462800,1.00282900,1.00084900
9.867999,1.30897900,1.00724200,1.00564700,1.00462800,1.00282900,1.00084900
9.869999,1.30903000,1.00724300,1.00564800,1.00462800,1.00283000,1.00084900
9.871999,1.30908200,1.00724300,1.00564800,1.00462900,1.00283000,1.00084900
9.874000,1.30913300,1.00724300,1.00564800,1.00462900,1.00283000,1.00084900
9.875999,1.30918500,1.00724300,1.00564800,1.00462900,1.00283000,1.00085000
9.877999,1.30923600,1.00724400,1.00564800,1.00462900,1.00283000,1.00085000
9.879999,1.30928800,1.00724400,1.00564800,1.00462900,1.00283000,1.00085000
9.881999,1.30934000,1.00724400,1.00564900,1.00462900,1.00283000,1.00085000
9.884000,1.30939100,1.00724400,1.00564900,1.00462900,1.00283000,1.00085000
9.886000,1.30944300,1.00724500,1.00564900,1.00462900,1.00283000,1.00085000
9.888000,1.30949400,1.00724500,1.00564900,1.00463000,1.00283000,1.00085000
9.889999,1.30954600,1.00724500,1.00564900,1.00463000,1.00283000,1.00085000
9.891999,1.30959800,1.00724500,1.00565000,1.00463000,1.00283000,1.00085000
9.893999,1.30965000,1.00724600,1.00565000,1.00463000,1.00283100,1.00085000
9.895999,1.30970100,1.00724600,1.00565000,1.00463000,1.00283100,1.00085000
9.897999,1.30975300,1.00724600,1.00565000,1.00463000,1.00283100,1.00085000
9.899999,1.30980500,1.00724600,1.00565000,1.00463000,1.00283100,1.00085000
9.901999,1.30985700,1.00724600,1.00565000,1.00463100,1.00283100,1.00085000
9.903999,1.30990900,1.00724700,1.00565100,1.00463100,1.00283100,1.00085000
9.905999,1.30996100,1.00724700,1.00565100,1.00463100,1.00283100,1.00085000
9.907999,1.31001200,1.00724700,1.00565100,1.00463100,1.00283100,1.00085000
9.909999,1.31006400,1.00724700,1.00565100,1.00463100,1.00283100,1.00085000
9.912000,1.31011600,1.00724800,1.00565100,1.00463100,1.00283100,1.00085000
9.914000,1.31016800,1.00724800,1.00565100,1.00463200,1.00283100,1.00085000
9.915999,1.31022000,1.00724800,1.00565200,1.00463200,1.00283100,1.00085000
9.917999,1.31027200,1.00724800,1.00565200,1.00463200,1.00283100,1.00085000
9.919999,1.31032400,1.00724900,1.00565200,1.00463200,1.00283200,1.00085000
9.922000,1.31037600,1.00724900,1.00565200,1.00463200,1.00283200,1.00085000
9.924000,1.31042800,1.00724900,1.00565200,1.00463200,1.00283200,1.00085000
9.926000,1.31048000,1.00724900,1.00565300,1.00463200,1.00283200,1.00085000
9.927999,1.31053200,1.00724900,1.00565300,1.00463200,1.00283200,1.00085000
9.929999,1.31058400,1.00725000,1.00565300,1.00463300,1.00283200,1.00085000
9.931999,1.31063700,1.00725000,1.00565300,1.00463300,1.00283200,1.00085000
9.933999,1.31068900,1.00725000,1.00565300,1.00463300,1.00283200,1.00085000
9.935999,1.31074100,1.00725000,1.00565300,1.00463300,1.00283200,1.00085000
9.937999,1.31079300,1.00725100,1.00565400,1.00463300,1.00283200,1.00085000
9.939999,1.31084500,1.00725100,1.00565400,1.00463300,1.00283200,1.00085000
9.941999,1.31089700,1.00725100,1.00565400,1.00463300,1.00283300,1.00085000
9.943999,1.31095000,1.00725100,1.00565400,1.00463400,1.00283300,1.00085000
9.945999,1.31100200,1.00725200,1.00565400,1.00463400,1.00283300,1.00085000
9.947999,1.31105400,1.00725200,1.00565400,1.00463400,1.00283300,1.00085000
9.949999,1.31110600,1.00725200,1.00565500,1.00463400,1.00283300,1.00085000
9.952000,1.31115900,1.00725200,1.00565500,1.00463400,1.00283300,1.00085000
9.954000,1.31121100,1.00725300,1.00565500,1.00463400,1.00283300,1.00085000
9.955999,1.31126300,1.00725300,1.00565500,1.00463400,1.00283300,1.00085000
9.957999,1.31131600,1.00725300,1.00565500,1.00463400,1.00283300,1.00085100
9.960000,1.31136800,1.00725300,1.00565600,1.00463500,1.00283300,1.00085100
9.962000,1.31142000,1.00725400,1.00565600,1.00463500,1.00283300,1.00085100
9.964000,1.31147300,1.00725400,1.00565600,1.00463500,1.00283300,1.00085100
9.966000,1.31152500,1.00725400,1.00565600,1.00463500,1.00283300,1.00085100
9.967999,1.31157800,1.00725400,1.00565600,1.00463500,1.00283400,1.00085100
9.969999,1.31163000,1.00725400,1.00565600,1.00463500,1.00283400,1.00085100
9.971999,1.31168300,1.00725500,1.00565600,1.00463600,1.00283400,1.00085100
9.973999,1.31173500,1.00725500,1.00565700,1.00463600,1.00283400,1.00085100
9.975999,1.31178800,1.00725500,1.00565700,1.00463600,1.00283400,1.00085100
9.977999,1.31184000,1.00725500,1.00565700,1.00463600,1.00283400,1.00085100
9.980000,1.31189300,1.00725600,1.00565700,1.00463600,1.00283400,1.00085100
9.981999,1.31194600,1.00725600,1.00565700,1.00463600,1.00283400,1.00085100
9.983999,1.31199800,1.00725600,1.00565800,1.00463600,1.00283400,1.00085100
9.985999,1.31205100,1.00725600,1.00565800,1.00463700,1.00283400,1.00085100
9.987999,1.31210300,1.00725700,1.00565800,1.00463700,1.00283400,1.00085100
9.990000,1.31215600,1.00725700,1.00565800,1.00463700,1.00283400,1.00085100
9.992000,1.31220900,1.00725700,1.00565800,1.00463700,1.00283500,1.00085100
9.993999,1.31226200,1.00725700,1.00565800,1.00463700,1.00283500,1.00085100
9.995999,1.31231400,1.00725700,1.00565900,1.00463700,1.00283500,1.00085100
9.997999,1.31236700,1.00725800,1.00565900,1.00463700,1.00283500,1.00085100
10.000000,1.31242000,1.00725800,1.00565900,1.00463700,1.00283500,1.00085100
