E[1] [eV],Im(eps)_f_FzB_4,Im(eps)_f_FzB_5,Im(eps)_f_FzB_6,Im(eps)_f_FzB_7,Im(eps)_f_FzB_8,Im(eps)_f_FzB_9
0.000000,0.00074660,0.00000868,0.00000655,0.00000528,0.00000314,0.00000090
0.002000,0.00074673,0.00000868,0.00000655,0.00000528,0.00000314,0.00000090
0.004000,0.00074687,0.00000868,0.00000655,0.00000528,0.00000314,0.00000090
0.006000,0.00074700,0.00000868,0.00000655,0.00000528,0.00000314,0.00000090
0.008000,0.00074714,0.00000868,0.00000655,0.00000528,0.00000314,0.00000090
0.010000,0.00074727,0.00000868,0.00000655,0.00000528,0.00000314,0.00000090
0.012000,0.00074741,0.00000868,0.00000655,0.00000528,0.00000314,0.00000090
0.014000,0.00074754,0.00000868,0.00000655,0.00000528,0.00000314,0.00000090
0.016000,0.00074768,0.00000868,0.00000655,0.00000528,0.00000314,0.00000090
0.018000,0.00074781,0.00000869,0.00000655,0.00000528,0.00000314,0.00000090
0.020000,0.00074795,0.00000869,0.00000655,0.00000528,0.00000314,0.00000090
0.022000,0.00074809,0.00000869,0.00000655,0.00000528,0.00000314,0.00000090
0.024000,0.00074822,0.00000869,0.00000655,0.00000528,0.00000314,0.00000090
0.026000,0.00074836,0.00000869,0.00000655,0.00000528,0.00000314,0.00000090
0.028000,0.00074849,0.00000869,0.00000656,0.00000528,0.00000314,0.00000090
0.030000,0.00074863,0.00000869,0.00000656,0.00000528,0.00000314,0.00000090
0.032000,0.00074876,0.00000869,0.00000656,0.00000528,0.00000314,0.00000090
0.034000,0.00074890,0.00000869,0.00000656,0.00000528,0.00000314,0.00000090
0.036000,0.00074904,0.00000869,0.00000656,0.00000528,0.00000314,0.00000090
0.038000,0.00074917,0.00000869,0.00000656,0.00000528,0.00000314,0.00000090
0.040000,0.00074931,0.00000869,0.00000656,0.00000528,0.00000314,0.00000090
0.042000,0.00074944,0.00000869,0.00000656,0.00000528,0.00000314,0.00000090
0.044000,0.00074958,0.00000869,0.00000656,0.00000528,0.00000314,0.00000090
0.046000,0.00074971,0.00000869,0.00000656,0.00000528,0.00000314,0.00000090
0.048000,0.00074985,0.00000869,0.00000656,0.00000528,0.00000314,0.00000090
0.050000,0.00074999,0.00000869,0.00000656,0.00000528,0.00000314,0.00000090
0.052000,0.00075012,0.00000869,0.00000656,0.00000528,0.00000314,0.00000090
0.054000,0.00075026,0.00000869,0.00000656,0.00000528,0.00000314,0.00000090
0.056000,0.00075039,0.00000869,0.00000656,0.00000528,0.00000314,0.00000090
0.058000,0.00075053,0.00000869,0.00000656,0.00000528,0.00000314,0.00000090
0.060000,0.00075067,0.00000870,0.00000656,0.00000528,0.00000314,0.00000090
0.062000,0.00075080,0.00000870,0.00000656,0.00000528,0.00000314,0.00000090
0.064000,0.00075094,0.00000870,0.00000656,0.00000528,0.00000314,0.00000090
0.066000,0.00075108,0.00000870,0.00000656,0.00000528,0.00000314,0.00000090
0.068000,0.00075121,0.00000870,0.00000656,0.00000528,0.00000314,0.00000090
0.070000,0.00075135,0.00000870,0.00000656,0.00000529,0.00000314,0.00000090
0.072000,0.00075148,0.00000870,0.00000656,0.00000529,0.00000314,0.00000090
0.074000,0.00075162,0.00000870,0.00000656,0.00000529,0.00000314,0.00000090
0.076000,0.00075176,0.00000870,0.00000656,0.00000529,0.00000314,0.00000090
0.078000,0.00075189,0.00000870,0.00000656,0.00000529,0.00000314,0.00000090
0.080000,0.00075203,0.00000870,0.00000656,0.00000529,0.00000314,0.00000090
0.082000,0.00075217,0.00000870,0.00000656,0.00000529,0.00000314,0.00000090
0.084000,0.00075230,0.00000870,0.00000657,0.00000529,0.00000314,0.00000090
0.086000,0.00075244,0.00000870,0.00000657,0.00000529,0.00000314,0.00000090
0.088000,0.00075258,0.00000870,0.00000657,0.00000529,0.00000314,0.00000090
0.090000,0.00075271,0.00000870,0.00000657,0.00000529,0.00000314,0.00000090
0.092000,0.00075285,0.00000870,0.00000657,0.00000529,0.00000314,0.00000090
0.094000,0.00075299,0.00000870,0.00000657,0.00000529,0.00000314,0.00000090
0.096000,0.00075312,0.00000870,0.00000657,0.00000529,0.00000314,0.00000090
0.098000,0.00075326,0.00000870,0.00000657,0.00000529,0.00000314,0.00000090
0.100000,0.00075340,0.00000871,0.00000657,0.00000529,0.00000314,0.00000090
0.102000,0.00075354,0.00000871,0.00000657,0.00000529,0.00000314,0.00000090
0.104000,0.00075367,0.00000871,0.00000657,0.00000529,0.00000314,0.00000090
0.106000,0.00075381,0.00000871,0.00000657,0.00000529,0.00000315,0.00000090
0.108000,0.00075395,0.00000871,0.00000657,0.00000529,0.00000315,0.00000090
0.110000,0.00075408,0.00000871,0.00000657,0.00000529,0.00000315,0.00000090
0.112000,0.00075422,0.00000871,0.00000657,0.00000529,0.00000315,0.00000090
0.114000,0.00075436,0.00000871,0.00000657,0.00000529,0.00000315,0.00000090
0.116000,0.00075450,0.00000871,0.00000657,0.00000529,0.00000315,0.00000090
0.118000,0.00075463,0.00000871,0.00000657,0.00000529,0.00000315,0.00000090
0.120000,0.00075477,0.00000871,0.00000657,0.00000529,0.00000315,0.00000090
0.122000,0.00075491,0.00000871,0.00000657,0.00000529,0.00000315,0.00000090
0.124000,0.00075504,0.00000871,0.00000657,0.00000529,0.00000315,0.00000090
0.126000,0.00075518,0.00000871,0.00000657,0.00000529,0.00000315,0.00000090
0.128000,0.00075532,0.00000871,0.00000657,0.00000529,0.00000315,0.00000090
0.130000,0.00075546,0.00000871,0.00000657,0.00000529,0.00000315,0.00000090
0.132000,0.00075559,0.00000871,0.00000657,0.00000529,0.00000315,0.00000090
0.134000,0.00075573,0.00000871,0.00000657,0.00000529,0.00000315,0.00000090
0.136000,0.00075587,0.00000871,0.00000657,0.00000529,0.00000315,0.00000090
0.138000,0.00075601,0.00000871,0.00000657,0.00000529,0.00000315,0.00000090
0.140000,0.00075615,0.00000871,0.00000657,0.00000529,0.00000315,0.00000090
0.142000,0.00075628,0.00000872,0.00000658,0.00000530,0.00000315,0.00000090
0.144000,0.00075642,0.00000872,0.00000658,0.00000530,0.00000315,0.00000090
0.146000,0.00075656,0.00000872,0.00000658,0.00000530,0.00000315,0.00000090
0.148000,0.00075670,0.00000872,0.00000658,0.00000530,0.00000315,0.00000090
0.150000,0.00075683,0.00000872,0.00000658,0.00000530,0.00000315,0.00000090
0.152000,0.00075697,0.00000872,0.00000658,0.00000530,0.00000315,0.00000090
0.154000,0.00075711,0.00000872,0.00000658,0.00000530,0.00000315,0.00000090
0.156000,0.00075725,0.00000872,0.00000658,0.00000530,0.00000315,0.00000090
0.158000,0.00075739,0.00000872,0.00000658,0.00000530,0.00000315,0.00000090
0.160000,0.00075752,0.00000872,0.00000658,0.00000530,0.00000315,0.00000090
0.162000,0.00075766,0.00000872,0.00000658,0.00000530,0.00000315,0.00000090
0.164000,0.00075780,0.00000872,0.00000658,0.00000530,0.00000315,0.00000090
0.166000,0.00075794,0.00000872,0.00000658,0.00000530,0.00000315,0.00000090
0.168000,0.00075808,0.00000872,0.00000658,0.00000530,0.00000315,0.00000090
0.170000,0.00075822,0.00000872,0.00000658,0.00000530,0.00000315,0.00000090
0.172000,0.00075836,0.00000872,0.00000658,0.00000530,0.00000315,0.00000090
0.174000,0.00075849,0.00000872,0.00000658,0.00000530,0.00000315,0.00000090
0.176000,0.00075863,0.00000872,0.00000658,0.00000530,0.00000315,0.00000090
0.178000,0.00075877,0.00000872,0.00000658,0.00000530,0.00000315,0.00000090
0.180000,0.00075891,0.00000872,0.00000658,0.00000530,0.00000315,0.00000090
0.182000,0.00075905,0.00000873,0.00000658,0.00000530,0.00000315,0.00000090
0.184000,0.00075919,0.00000873,0.00000658,0.00000530,0.00000315,0.00000090
0.186000,0.00075932,0.00000873,0.00000658,0.00000530,0.00000315,0.00000090
0.188000,0.00075946,0.00000873,0.00000658,0.00000530,0.00000315,0.00000090
0.190000,0.00075960,0.00000873,0.00000658,0.00000530,0.00000315,0.00000090
0.192000,0.00075974,0.00000873,0.00000658,0.00000530,0.00000315,0.00000090
0.194000,0.00075988,0.00000873,0.00000658,0.00000530,0.00000315,0.00000090
0.196000,0.00076002,0.00000873,0.00000658,0.00000530,0.00000315,0.00000090
0.198000,0.00076016,0.00000873,0.00000659,0.00000530,0.00000315,0.00000090
0.200000,0.00076030,0.00000873,0.00000659,0.00000530,0.00000315,0.00000090
0.202000,0.00076043,0.00000873,0.00000659,0.00000530,0.00000315,0.00000090
0.204000,0.00076057,0.00000873,0.00000659,0.00000530,0.00000315,0.00000090
0.206000,0.00076071,0.00000873,0.00000659,0.00000530,0.00000315,0.00000090
0.208000,0.00076085,0.00000873,0.00000659,0.00000530,0.00000315,0.00000090
0.210000,0.00076099,0.00000873,0.00000659,0.00000530,0.00000315,0.00000090
0.212000,0.00076113,0.00000873,0.00000659,0.00000530,0.00000315,0.00000090
0.214000,0.00076127,0.00000873,0.00000659,0.00000531,0.00000315,0.00000090
0.216000,0.00076141,0.00000873,0.00000659,0.00000531,0.00000315,0.00000090
0.218000,0.00076155,0.00000873,0.00000659,0.00000531,0.00000315,0.00000090
0.220000,0.00076169,0.00000873,0.00000659,0.00000531,0.00000315,0.00000090
0.222000,0.00076183,0.00000873,0.00000659,0.00000531,0.00000315,0.00000090
0.224000,0.00076197,0.00000874,0.00000659,0.00000531,0.00000315,0.00000090
0.226000,0.00076211,0.00000874,0.00000659,0.00000531,0.00000315,0.00000090
0.228000,0.00076225,0.00000874,0.00000659,0.00000531,0.00000315,0.00000090
0.230000,0.00076238,0.00000874,0.00000659,0.00000531,0.00000316,0.00000090
0.232000,0.00076252,0.00000874,0.00000659,0.00000531,0.00000316,0.00000090
0.234000,0.00076266,0.00000874,0.00000659,0.00000531,0.00000316,0.00000090
0.236000,0.00076280,0.00000874,0.00000659,0.00000531,0.00000316,0.00000090
0.238000,0.00076294,0.00000874,0.00000659,0.00000531,0.00000316,0.00000090
0.240000,0.00076308,0.00000874,0.00000659,0.00000531,0.00000316,0.00000090
0.242000,0.00076322,0.00000874,0.00000659,0.00000531,0.00000316,0.00000090
0.244000,0.00076336,0.00000874,0.00000659,0.00000531,0.00000316,0.00000090
0.246000,0.00076350,0.00000874,0.00000659,0.00000531,0.00000316,0.00000090
0.248000,0.00076364,0.00000874,0.00000659,0.00000531,0.00000316,0.00000090
0.250000,0.00076378,0.00000874,0.00000659,0.00000531,0.00000316,0.00000090
0.252000,0.00076392,0.00000874,0.00000659,0.00000531,0.00000316,0.00000090
0.254000,0.00076406,0.00000874,0.00000660,0.00000531,0.00000316,0.00000090
0.256000,0.00076420,0.00000874,0.00000660,0.00000531,0.00000316,0.00000090
0.258000,0.00076434,0.00000874,0.00000660,0.00000531,0.00000316,0.00000090
0.260000,0.00076448,0.00000874,0.00000660,0.00000531,0.00000316,0.00000090
0.262000,0.00076462,0.00000874,0.00000660,0.00000531,0.00000316,0.00000090
0.264000,0.00076476,0.00000875,0.00000660,0.00000531,0.00000316,0.00000090
0.266000,0.00076490,0.00000875,0.00000660,0.00000531,0.00000316,0.00000090
0.268000,0.00076504,0.00000875,0.00000660,0.00000531,0.00000316,0.00000090
0.270000,0.00076518,0.00000875,0.00000660,0.00000531,0.00000316,0.00000090
0.272000,0.00076532,0.00000875,0.00000660,0.00000531,0.00000316,0.00000090
0.274000,0.00076546,0.00000875,0.00000660,0.00000531,0.00000316,0.00000090
0.276000,0.00076560,0.00000875,0.00000660,0.00000531,0.00000316,0.00000090
0.278000,0.00076574,0.00000875,0.00000660,0.00000531,0.00000316,0.00000090
0.280000,0.00076588,0.00000875,0.00000660,0.00000531,0.00000316,0.00000090
0.282000,0.00076603,0.00000875,0.00000660,0.00000531,0.00000316,0.00000090
0.284000,0.00076616,0.00000875,0.00000660,0.00000531,0.00000316,0.00000090
0.286000,0.00076631,0.00000875,0.00000660,0.00000532,0.00000316,0.00000090
0.288000,0.00076645,0.00000875,0.00000660,0.00000532,0.00000316,0.00000090
0.290000,0.00076659,0.00000875,0.00000660,0.00000532,0.00000316,0.00000090
0.292000,0.00076673,0.00000875,0.00000660,0.00000532,0.00000316,0.00000090
0.294000,0.00076687,0.00000875,0.00000660,0.00000532,0.00000316,0.00000090
0.296000,0.00076701,0.00000875,0.00000660,0.00000532,0.00000316,0.00000090
0.298000,0.00076715,0.00000875,0.00000660,0.00000532,0.00000316,0.00000090
0.300000,0.00076729,0.00000875,0.00000660,0.00000532,0.00000316,0.00000090
0.302000,0.00076743,0.00000875,0.00000660,0.00000532,0.00000316,0.00000090
0.304000,0.00076757,0.00000875,0.00000660,0.00000532,0.00000316,0.00000090
0.306000,0.00076771,0.00000876,0.00000660,0.00000532,0.00000316,0.00000090
0.308000,0.00076786,0.00000876,0.00000660,0.00000532,0.00000316,0.00000090
0.310000,0.00076800,0.00000876,0.00000661,0.00000532,0.00000316,0.00000090
0.312000,0.00076814,0.00000876,0.00000661,0.00000532,0.00000316,0.00000090
0.314000,0.00076828,0.00000876,0.00000661,0.00000532,0.00000316,0.00000090
0.316000,0.00076842,0.00000876,0.00000661,0.00000532,0.00000316,0.00000090
0.318000,0.00076856,0.00000876,0.00000661,0.00000532,0.00000316,0.00000090
0.320000,0.00076870,0.00000876,0.00000661,0.00000532,0.00000316,0.00000090
0.322000,0.00076884,0.00000876,0.00000661,0.00000532,0.00000316,0.00000090
0.324000,0.00076899,0.00000876,0.00000661,0.00000532,0.00000316,0.00000090
0.326000,0.00076913,0.00000876,0.00000661,0.00000532,0.00000316,0.00000090
0.328000,0.00076927,0.00000876,0.00000661,0.00000532,0.00000316,0.00000090
0.330000,0.00076941,0.00000876,0.00000661,0.00000532,0.00000316,0.00000090
0.332000,0.00076955,0.00000876,0.00000661,0.00000532,0.00000316,0.00000090
0.334000,0.00076969,0.00000876,0.00000661,0.00000532,0.00000316,0.00000090
0.336000,0.00076983,0.00000876,0.00000661,0.00000532,0.00000316,0.00000090
0.338000,0.00076998,0.00000876,0.00000661,0.00000532,0.00000316,0.00000090
0.340000,0.00077012,0.00000876,0.00000661,0.00000532,0.00000316,0.00000090
0.342000,0.00077026,0.00000876,0.00000661,0.00000532,0.00000316,0.00000090
0.344000,0.00077040,0.00000876,0.00000661,0.00000532,0.00000316,0.00000090
0.346000,0.00077054,0.00000877,0.00000661,0.00000532,0.00000316,0.00000090
0.348000,0.00077069,0.00000877,0.00000661,0.00000532,0.00000316,0.00000090
0.350000,0.00077083,0.00000877,0.00000661,0.00000532,0.00000316,0.00000090
0.352000,0.00077097,0.00000877,0.00000661,0.00000532,0.00000316,0.00000090
0.354000,0.00077111,0.00000877,0.00000661,0.00000532,0.00000316,0.00000090
0.356000,0.00077125,0.00000877,0.00000661,0.00000532,0.00000317,0.00000090
0.358000,0.00077140,0.00000877,0.00000661,0.00000533,0.00000317,0.00000090
0.360000,0.00077154,0.00000877,0.00000661,0.00000533,0.00000317,0.00000090
0.362000,0.00077168,0.00000877,0.00000661,0.00000533,0.00000317,0.00000090
0.364000,0.00077182,0.00000877,0.00000661,0.00000533,0.00000317,0.00000090
0.366000,0.00077196,0.00000877,0.00000661,0.00000533,0.00000317,0.00000090
0.368000,0.00077211,0.00000877,0.00000662,0.00000533,0.00000317,0.00000090
0.370000,0.00077225,0.00000877,0.00000662,0.00000533,0.00000317,0.00000090
0.372000,0.00077239,0.00000877,0.00000662,0.00000533,0.00000317,0.00000090
0.374000,0.00077253,0.00000877,0.00000662,0.00000533,0.00000317,0.00000090
0.376000,0.00077268,0.00000877,0.00000662,0.00000533,0.00000317,0.00000090
0.378000,0.00077282,0.00000877,0.00000662,0.00000533,0.00000317,0.00000090
0.380000,0.00077296,0.00000877,0.00000662,0.00000533,0.00000317,0.00000090
0.382000,0.00077310,0.00000877,0.00000662,0.00000533,0.00000317,0.00000090
0.384000,0.00077324,0.00000877,0.00000662,0.00000533,0.00000317,0.00000090
0.386000,0.00077339,0.00000877,0.00000662,0.00000533,0.00000317,0.00000090
0.388000,0.00077353,0.00000878,0.00000662,0.00000533,0.00000317,0.00000090
0.390000,0.00077367,0.00000878,0.00000662,0.00000533,0.00000317,0.00000090
0.392000,0.00077382,0.00000878,0.00000662,0.00000533,0.00000317,0.00000090
0.394000,0.00077396,0.00000878,0.00000662,0.00000533,0.00000317,0.00000090
0.396000,0.00077410,0.00000878,0.00000662,0.00000533,0.00000317,0.00000090
0.398000,0.00077425,0.00000878,0.00000662,0.00000533,0.00000317,0.00000090
0.400000,0.00077439,0.00000878,0.00000662,0.00000533,0.00000317,0.00000090
0.402000,0.00077453,0.00000878,0.00000662,0.00000533,0.00000317,0.00000090
0.404000,0.00077467,0.00000878,0.00000662,0.00000533,0.00000317,0.00000090
0.406000,0.00077482,0.00000878,0.00000662,0.00000533,0.00000317,0.00000090
0.408000,0.00077496,0.00000878,0.00000662,0.00000533,0.00000317,0.00000090
0.410000,0.00077510,0.00000878,0.00000662,0.00000533,0.00000317,0.00000090
0.412000,0.00077525,0.00000878,0.00000662,0.00000533,0.00000317,0.00000090
0.414000,0.00077539,0.00000878,0.00000662,0.00000533,0.00000317,0.00000090
0.416000,0.00077553,0.00000878,0.00000662,0.00000533,0.00000317,0.00000090
0.418000,0.00077567,0.00000878,0.00000662,0.00000533,0.00000317,0.00000090
0.420000,0.00077582,0.00000878,0.00000662,0.00000533,0.00000317,0.00000090
0.422000,0.00077596,0.00000878,0.00000662,0.00000533,0.00000317,0.00000090
0.424000,0.00077611,0.00000878,0.00000663,0.00000533,0.00000317,0.00000091
0.426000,0.00077625,0.00000878,0.00000663,0.00000533,0.00000317,0.00000091
0.428000,0.00077639,0.00000879,0.00000663,0.00000534,0.00000317,0.00000091
0.430000,0.00077654,0.00000879,0.00000663,0.00000534,0.00000317,0.00000091
0.432000,0.00077668,0.00000879,0.00000663,0.00000534,0.00000317,0.00000091
0.434000,0.00077682,0.00000879,0.00000663,0.00000534,0.00000317,0.00000091
0.436000,0.00077697,0.00000879,0.00000663,0.00000534,0.00000317,0.00000091
0.438000,0.00077711,0.00000879,0.00000663,0.00000534,0.00000317,0.00000091
0.440000,0.00077725,0.00000879,0.00000663,0.00000534,0.00000317,0.00000091
0.442000,0.00077740,0.00000879,0.00000663,0.00000534,0.00000317,0.00000091
0.444000,0.00077754,0.00000879,0.00000663,0.00000534,0.00000317,0.00000091
0.446000,0.00077769,0.00000879,0.00000663,0.00000534,0.00000317,0.00000091
0.448000,0.00077783,0.00000879,0.00000663,0.00000534,0.00000317,0.00000091
0.450000,0.00077797,0.00000879,0.00000663,0.00000534,0.00000317,0.00000091
0.452000,0.00077812,0.00000879,0.00000663,0.00000534,0.00000317,0.00000091
0.454000,0.00077826,0.00000879,0.00000663,0.00000534,0.00000317,0.00000091
0.456000,0.00077841,0.00000879,0.00000663,0.00000534,0.00000317,0.00000091
0.458000,0.00077855,0.00000879,0.00000663,0.00000534,0.00000317,0.00000091
0.460000,0.00077869,0.00000879,0.00000663,0.00000534,0.00000317,0.00000091
0.462000,0.00077884,0.00000879,0.00000663,0.00000534,0.00000317,0.00000091
0.464000,0.00077898,0.00000879,0.00000663,0.00000534,0.00000317,0.00000091
0.466000,0.00077913,0.00000879,0.00000663,0.00000534,0.00000317,0.00000091
0.468000,0.00077927,0.00000880,0.00000663,0.00000534,0.00000317,0.00000091
0.470000,0.00077941,0.00000880,0.00000663,0.00000534,0.00000317,0.00000091
0.472000,0.00077956,0.00000880,0.00000663,0.00000534,0.00000317,0.00000091
0.474000,0.00077970,0.00000880,0.00000663,0.00000534,0.00000317,0.00000091
0.476000,0.00077985,0.00000880,0.00000663,0.00000534,0.00000317,0.00000091
0.478000,0.00077999,0.00000880,0.00000663,0.00000534,0.00000318,0.00000091
0.480000,0.00078014,0.00000880,0.00000664,0.00000534,0.00000318,0.00000091
0.482000,0.00078028,0.00000880,0.00000664,0.00000534,0.00000318,0.00000091
0.484000,0.00078043,0.00000880,0.00000664,0.00000534,0.00000318,0.00000091
0.486000,0.00078057,0.00000880,0.00000664,0.00000534,0.00000318,0.00000091
0.488000,0.00078072,0.00000880,0.00000664,0.00000534,0.00000318,0.00000091
0.490000,0.00078086,0.00000880,0.00000664,0.00000534,0.00000318,0.00000091
0.492000,0.00078101,0.00000880,0.00000664,0.00000534,0.00000318,0.00000091
0.494000,0.00078115,0.00000880,0.00000664,0.00000534,0.00000318,0.00000091
0.496000,0.00078130,0.00000880,0.00000664,0.00000534,0.00000318,0.00000091
0.498000,0.00078144,0.00000880,0.00000664,0.00000534,0.00000318,0.00000091
0.500000,0.00078159,0.00000880,0.00000664,0.00000535,0.00000318,0.00000091
0.502000,0.00078173,0.00000880,0.00000664,0.00000535,0.00000318,0.00000091
0.504000,0.00078188,0.00000880,0.00000664,0.00000535,0.00000318,0.00000091
0.506000,0.00078202,0.00000880,0.00000664,0.00000535,0.00000318,0.00000091
0.508000,0.00078217,0.00000881,0.00000664,0.00000535,0.00000318,0.00000091
0.510000,0.00078231,0.00000881,0.00000664,0.00000535,0.00000318,0.00000091
0.512000,0.00078246,0.00000881,0.00000664,0.00000535,0.00000318,0.00000091
0.514000,0.00078260,0.00000881,0.00000664,0.00000535,0.00000318,0.00000091
0.516000,0.00078275,0.00000881,0.00000664,0.00000535,0.00000318,0.00000091
0.518000,0.00078289,0.00000881,0.00000664,0.00000535,0.00000318,0.00000091
0.520000,0.00078304,0.00000881,0.00000664,0.00000535,0.00000318,0.00000091
0.522000,0.00078318,0.00000881,0.00000664,0.00000535,0.00000318,0.00000091
0.524000,0.00078333,0.00000881,0.00000664,0.00000535,0.00000318,0.00000091
0.526000,0.00078347,0.00000881,0.00000664,0.00000535,0.00000318,0.00000091
0.528000,0.00078362,0.00000881,0.00000664,0.00000535,0.00000318,0.00000091
0.530000,0.00078376,0.00000881,0.00000664,0.00000535,0.00000318,0.00000091
0.532000,0.00078391,0.00000881,0.00000664,0.00000535,0.00000318,0.00000091
0.534000,0.00078406,0.00000881,0.00000664,0.00000535,0.00000318,0.00000091
0.536000,0.00078420,0.00000881,0.00000665,0.00000535,0.00000318,0.00000091
0.538000,0.00078435,0.00000881,0.00000665,0.00000535,0.00000318,0.00000091
0.540000,0.00078449,0.00000881,0.00000665,0.00000535,0.00000318,0.00000091
0.542000,0.00078464,0.00000881,0.00000665,0.00000535,0.00000318,0.00000091
0.544000,0.00078479,0.00000881,0.00000665,0.00000535,0.00000318,0.00000091
0.546000,0.00078493,0.00000881,0.00000665,0.00000535,0.00000318,0.00000091
0.548000,0.00078508,0.00000881,0.00000665,0.00000535,0.00000318,0.00000091
0.550000,0.00078522,0.00000882,0.00000665,0.00000535,0.00000318,0.00000091
0.552000,0.00078537,0.00000882,0.00000665,0.00000535,0.00000318,0.00000091
0.554000,0.00078552,0.00000882,0.00000665,0.00000535,0.00000318,0.00000091
0.556000,0.00078566,0.00000882,0.00000665,0.00000535,0.00000318,0.00000091
0.558000,0.00078581,0.00000882,0.00000665,0.00000535,0.00000318,0.00000091
0.560000,0.00078595,0.00000882,0.00000665,0.00000535,0.00000318,0.00000091
0.562000,0.00078610,0.00000882,0.00000665,0.00000535,0.00000318,0.00000091
0.564000,0.00078625,0.00000882,0.00000665,0.00000535,0.00000318,0.00000091
0.566000,0.00078639,0.00000882,0.00000665,0.00000535,0.00000318,0.00000091
0.568000,0.00078654,0.00000882,0.00000665,0.00000535,0.00000318,0.00000091
0.570000,0.00078669,0.00000882,0.00000665,0.00000536,0.00000318,0.00000091
0.572000,0.00078683,0.00000882,0.00000665,0.00000536,0.00000318,0.00000091
0.574000,0.00078698,0.00000882,0.00000665,0.00000536,0.00000318,0.00000091
0.576000,0.00078713,0.00000882,0.00000665,0.00000536,0.00000318,0.00000091
0.578000,0.00078727,0.00000882,0.00000665,0.00000536,0.00000318,0.00000091
0.580000,0.00078742,0.00000882,0.00000665,0.00000536,0.00000318,0.00000091
0.582000,0.00078757,0.00000882,0.00000665,0.00000536,0.00000318,0.00000091
0.584000,0.00078771,0.00000882,0.00000665,0.00000536,0.00000318,0.00000091
0.586000,0.00078786,0.00000882,0.00000665,0.00000536,0.00000318,0.00000091
0.588000,0.00078801,0.00000882,0.00000665,0.00000536,0.00000318,0.00000091
0.590000,0.00078815,0.00000883,0.00000665,0.00000536,0.00000318,0.00000091
0.592000,0.00078830,0.00000883,0.00000666,0.00000536,0.00000318,0.00000091
0.594000,0.00078845,0.00000883,0.00000666,0.00000536,0.00000318,0.00000091
0.596000,0.00078859,0.00000883,0.00000666,0.00000536,0.00000318,0.00000091
0.598000,0.00078874,0.00000883,0.00000666,0.00000536,0.00000318,0.00000091
0.600000,0.00078889,0.00000883,0.00000666,0.00000536,0.00000318,0.00000091
0.602000,0.00078903,0.00000883,0.00000666,0.00000536,0.00000319,0.00000091
0.604000,0.00078918,0.00000883,0.00000666,0.00000536,0.00000319,0.00000091
0.606000,0.00078933,0.00000883,0.00000666,0.00000536,0.00000319,0.00000091
0.608000,0.00078948,0.00000883,0.00000666,0.00000536,0.00000319,0.00000091
0.610000,0.00078962,0.00000883,0.00000666,0.00000536,0.00000319,0.00000091
0.612000,0.00078977,0.00000883,0.00000666,0.00000536,0.00000319,0.00000091
0.614000,0.00078992,0.00000883,0.00000666,0.00000536,0.00000319,0.00000091
0.616000,0.00079007,0.00000883,0.00000666,0.00000536,0.00000319,0.00000091
0.618000,0.00079021,0.00000883,0.00000666,0.00000536,0.00000319,0.00000091
0.620000,0.00079036,0.00000883,0.00000666,0.00000536,0.00000319,0.00000091
0.622000,0.00079051,0.00000883,0.00000666,0.00000536,0.00000319,0.00000091
0.624000,0.00079066,0.00000883,0.00000666,0.00000536,0.00000319,0.00000091
0.626000,0.00079080,0.00000883,0.00000666,0.00000536,0.00000319,0.00000091
0.628000,0.00079095,0.00000883,0.00000666,0.00000536,0.00000319,0.00000091
0.630000,0.00079110,0.00000884,0.00000666,0.00000536,0.00000319,0.00000091
0.632000,0.00079125,0.00000884,0.00000666,0.00000536,0.00000319,0.00000091
0.634000,0.00079139,0.00000884,0.00000666,0.00000536,0.00000319,0.00000091
0.636000,0.00079154,0.00000884,0.00000666,0.00000536,0.00000319,0.00000091
0.638000,0.00079169,0.00000884,0.00000666,0.00000536,0.00000319,0.00000091
0.640000,0.00079184,0.00000884,0.00000666,0.00000537,0.00000319,0.00000091
0.642000,0.00079199,0.00000884,0.00000666,0.00000537,0.00000319,0.00000091
0.644000,0.00079214,0.00000884,0.00000666,0.00000537,0.00000319,0.00000091
0.646000,0.00079228,0.00000884,0.00000667,0.00000537,0.00000319,0.00000091
0.648000,0.00079243,0.00000884,0.00000667,0.00000537,0.00000319,0.00000091
0.650000,0.00079258,0.00000884,0.00000667,0.00000537,0.00000319,0.00000091
0.652000,0.00079273,0.00000884,0.00000667,0.00000537,0.00000319,0.00000091
0.654000,0.00079288,0.00000884,0.00000667,0.00000537,0.00000319,0.00000091
0.656000,0.00079302,0.00000884,0.00000667,0.00000537,0.00000319,0.00000091
0.658000,0.00079317,0.00000884,0.00000667,0.00000537,0.00000319,0.00000091
0.660000,0.00079332,0.00000884,0.00000667,0.00000537,0.00000319,0.00000091
0.662000,0.00079347,0.00000884,0.00000667,0.00000537,0.00000319,0.00000091
0.664000,0.00079362,0.00000884,0.00000667,0.00000537,0.00000319,0.00000091
0.666000,0.00079377,0.00000884,0.00000667,0.00000537,0.00000319,0.00000091
0.668000,0.00079391,0.00000884,0.00000667,0.00000537,0.00000319,0.00000091
0.670000,0.00079406,0.00000885,0.00000667,0.00000537,0.00000319,0.00000091
0.672000,0.00079421,0.00000885,0.00000667,0.00000537,0.00000319,0.00000091
0.674000,0.00079436,0.00000885,0.00000667,0.00000537,0.00000319,0.00000091
0.676000,0.00079451,0.00000885,0.00000667,0.00000537,0.00000319,0.00000091
0.678000,0.00079466,0.00000885,0.00000667,0.00000537,0.00000319,0.00000091
0.680000,0.00079481,0.00000885,0.00000667,0.00000537,0.00000319,0.00000091
0.682000,0.00079496,0.00000885,0.00000667,0.00000537,0.00000319,0.00000091
0.684000,0.00079511,0.00000885,0.00000667,0.00000537,0.00000319,0.00000091
0.686000,0.00079525,0.00000885,0.00000667,0.00000537,0.00000319,0.00000091
0.688000,0.00079540,0.00000885,0.00000667,0.00000537,0.00000319,0.00000091
0.690000,0.00079555,0.00000885,0.00000667,0.00000537,0.00000319,0.00000091
0.692000,0.00079570,0.00000885,0.00000667,0.00000537,0.00000319,0.00000091
0.694000,0.00079585,0.00000885,0.00000667,0.00000537,0.00000319,0.00000091
0.696000,0.00079600,0.00000885,0.00000667,0.00000537,0.00000319,0.00000091
0.698000,0.00079615,0.00000885,0.00000667,0.00000537,0.00000319,0.00000091
0.700000,0.00079630,0.00000885,0.00000667,0.00000537,0.00000319,0.00000091
0.702000,0.00079645,0.00000885,0.00000668,0.00000537,0.00000319,0.00000091
0.704000,0.00079660,0.00000885,0.00000668,0.00000537,0.00000319,0.00000091
0.706000,0.00079674,0.00000885,0.00000668,0.00000537,0.00000319,0.00000091
0.708000,0.00079690,0.00000885,0.00000668,0.00000537,0.00000319,0.00000091
0.710000,0.00079704,0.00000886,0.00000668,0.00000537,0.00000319,0.00000091
0.712000,0.00079719,0.00000886,0.00000668,0.00000538,0.00000319,0.00000091
0.714000,0.00079734,0.00000886,0.00000668,0.00000538,0.00000319,0.00000091
0.716000,0.00079749,0.00000886,0.00000668,0.00000538,0.00000319,0.00000091
0.718000,0.00079764,0.00000886,0.00000668,0.00000538,0.00000319,0.00000091
0.720000,0.00079779,0.00000886,0.00000668,0.00000538,0.00000319,0.00000091
0.722000,0.00079794,0.00000886,0.00000668,0.00000538,0.00000319,0.00000091
0.724000,0.00079809,0.00000886,0.00000668,0.00000538,0.00000320,0.00000091
0.726000,0.00079824,0.00000886,0.00000668,0.00000538,0.00000320,0.00000091
0.728000,0.00079839,0.00000886,0.00000668,0.00000538,0.00000320,0.00000091
0.730000,0.00079854,0.00000886,0.00000668,0.00000538,0.00000320,0.00000091
0.732000,0.00079869,0.00000886,0.00000668,0.00000538,0.00000320,0.00000091
0.734000,0.00079884,0.00000886,0.00000668,0.00000538,0.00000320,0.00000091
0.736000,0.00079899,0.00000886,0.00000668,0.00000538,0.00000320,0.00000091
0.738000,0.00079914,0.00000886,0.00000668,0.00000538,0.00000320,0.00000091
0.740000,0.00079929,0.00000886,0.00000668,0.00000538,0.00000320,0.00000091
0.742000,0.00079944,0.00000886,0.00000668,0.00000538,0.00000320,0.00000091
0.744000,0.00079959,0.00000886,0.00000668,0.00000538,0.00000320,0.00000091
0.746000,0.00079974,0.00000886,0.00000668,0.00000538,0.00000320,0.00000091
0.748000,0.00079989,0.00000886,0.00000668,0.00000538,0.00000320,0.00000091
0.750000,0.00080004,0.00000887,0.00000668,0.00000538,0.00000320,0.00000091
0.752000,0.00080019,0.00000887,0.00000668,0.00000538,0.00000320,0.00000091
0.754000,0.00080034,0.00000887,0.00000668,0.00000538,0.00000320,0.00000091
0.756000,0.00080049,0.00000887,0.00000668,0.00000538,0.00000320,0.00000091
0.758000,0.00080064,0.00000887,0.00000669,0.00000538,0.00000320,0.00000091
0.760000,0.00080079,0.00000887,0.00000669,0.00000538,0.00000320,0.00000091
0.762000,0.00080094,0.00000887,0.00000669,0.00000538,0.00000320,0.00000091
0.764000,0.00080110,0.00000887,0.00000669,0.00000538,0.00000320,0.00000091
0.766000,0.00080125,0.00000887,0.00000669,0.00000538,0.00000320,0.00000091
0.768000,0.00080140,0.00000887,0.00000669,0.00000538,0.00000320,0.00000091
0.770000,0.00080155,0.00000887,0.00000669,0.00000538,0.00000320,0.00000091
0.772000,0.00080170,0.00000887,0.00000669,0.00000538,0.00000320,0.00000091
0.774000,0.00080185,0.00000887,0.00000669,0.00000538,0.00000320,0.00000091
0.776000,0.00080200,0.00000887,0.00000669,0.00000538,0.00000320,0.00000091
0.778000,0.00080215,0.00000887,0.00000669,0.00000538,0.00000320,0.00000091
0.780000,0.00080230,0.00000887,0.00000669,0.00000538,0.00000320,0.00000091
0.782000,0.00080245,0.00000887,0.00000669,0.00000539,0.00000320,0.00000091
0.784000,0.00080260,0.00000887,0.00000669,0.00000539,0.00000320,0.00000091
0.786000,0.00080276,0.00000887,0.00000669,0.00000539,0.00000320,0.00000091
0.788000,0.00080291,0.00000887,0.00000669,0.00000539,0.00000320,0.00000091
0.790000,0.00080306,0.00000888,0.00000669,0.00000539,0.00000320,0.00000091
0.792000,0.00080321,0.00000888,0.00000669,0.00000539,0.00000320,0.00000091
0.794000,0.00080336,0.00000888,0.00000669,0.00000539,0.00000320,0.00000091
0.796000,0.00080351,0.00000888,0.00000669,0.00000539,0.00000320,0.00000091
0.798000,0.00080366,0.00000888,0.00000669,0.00000539,0.00000320,0.00000091
0.800000,0.00080382,0.00000888,0.00000669,0.00000539,0.00000320,0.00000091
0.802000,0.00080397,0.00000888,0.00000669,0.00000539,0.00000320,0.00000091
0.804000,0.00080412,0.00000888,0.00000669,0.00000539,0.00000320,0.00000091
0.806000,0.00080427,0.00000888,0.00000669,0.00000539,0.00000320,0.00000091
0.808000,0.00080442,0.00000888,0.00000669,0.00000539,0.00000320,0.00000091
0.810000,0.00080457,0.00000888,0.00000669,0.00000539,0.00000320,0.00000091
0.812000,0.00080472,0.00000888,0.00000670,0.00000539,0.00000320,0.00000091
0.814000,0.00080488,0.00000888,0.00000670,0.00000539,0.00000320,0.00000091
0.816000,0.00080503,0.00000888,0.00000670,0.00000539,0.00000320,0.00000091
0.818000,0.00080518,0.00000888,0.00000670,0.00000539,0.00000320,0.00000091
0.820000,0.00080533,0.00000888,0.00000670,0.00000539,0.00000320,0.00000091
0.822000,0.00080548,0.00000888,0.00000670,0.00000539,0.00000320,0.00000091
0.824000,0.00080563,0.00000888,0.00000670,0.00000539,0.00000320,0.00000091
0.826000,0.00080579,0.00000888,0.00000670,0.00000539,0.00000320,0.00000091
0.828000,0.00080594,0.00000888,0.00000670,0.00000539,0.00000320,0.00000091
0.830000,0.00080609,0.00000889,0.00000670,0.00000539,0.00000320,0.00000091
0.832000,0.00080624,0.00000889,0.00000670,0.00000539,0.00000320,0.00000091
0.834000,0.00080640,0.00000889,0.00000670,0.00000539,0.00000320,0.00000091
0.836000,0.00080655,0.00000889,0.00000670,0.00000539,0.00000320,0.00000091
0.838000,0.00080670,0.00000889,0.00000670,0.00000539,0.00000320,0.00000091
0.840000,0.00080685,0.00000889,0.00000670,0.00000539,0.00000320,0.00000091
0.842000,0.00080700,0.00000889,0.00000670,0.00000539,0.00000320,0.00000091
0.844000,0.00080716,0.00000889,0.00000670,0.00000539,0.00000320,0.00000091
0.846000,0.00080731,0.00000889,0.00000670,0.00000539,0.00000321,0.00000091
0.848000,0.00080746,0.00000889,0.00000670,0.00000539,0.00000321,0.00000091
0.850000,0.00080762,0.00000889,0.00000670,0.00000539,0.00000321,0.00000091
0.852000,0.00080777,0.00000889,0.00000670,0.00000540,0.00000321,0.00000091
0.854000,0.00080792,0.00000889,0.00000670,0.00000540,0.00000321,0.00000091
0.856000,0.00080807,0.00000889,0.00000670,0.00000540,0.00000321,0.00000091
0.858000,0.00080822,0.00000889,0.00000670,0.00000540,0.00000321,0.00000091
0.860000,0.00080838,0.00000889,0.00000670,0.00000540,0.00000321,0.00000091
0.862000,0.00080853,0.00000889,0.00000670,0.00000540,0.00000321,0.00000091
0.864000,0.00080868,0.00000889,0.00000670,0.00000540,0.00000321,0.00000091
0.866000,0.00080884,0.00000889,0.00000670,0.00000540,0.00000321,0.00000091
0.868000,0.00080899,0.00000889,0.00000671,0.00000540,0.00000321,0.00000091
0.870000,0.00080914,0.00000890,0.00000671,0.00000540,0.00000321,0.00000091
0.872000,0.00080930,0.00000890,0.00000671,0.00000540,0.00000321,0.00000091
0.874000,0.00080945,0.00000890,0.00000671,0.00000540,0.00000321,0.00000091
0.876000,0.00080960,0.00000890,0.00000671,0.00000540,0.00000321,0.00000091
0.878000,0.00080976,0.00000890,0.00000671,0.00000540,0.00000321,0.00000091
0.880000,0.00080991,0.00000890,0.00000671,0.00000540,0.00000321,0.00000092
0.882000,0.00081006,0.00000890,0.00000671,0.00000540,0.00000321,0.00000092
0.884000,0.00081021,0.00000890,0.00000671,0.00000540,0.00000321,0.00000092
0.886000,0.00081037,0.00000890,0.00000671,0.00000540,0.00000321,0.00000092
0.888000,0.00081052,0.00000890,0.00000671,0.00000540,0.00000321,0.00000092
0.890000,0.00081067,0.00000890,0.00000671,0.00000540,0.00000321,0.00000092
0.892000,0.00081083,0.00000890,0.00000671,0.00000540,0.00000321,0.00000092
0.894000,0.00081098,0.00000890,0.00000671,0.00000540,0.00000321,0.00000092
0.896000,0.00081114,0.00000890,0.00000671,0.00000540,0.00000321,0.00000092
0.898000,0.00081129,0.00000890,0.00000671,0.00000540,0.00000321,0.00000092
0.900000,0.00081144,0.00000890,0.00000671,0.00000540,0.00000321,0.00000092
0.902000,0.00081160,0.00000890,0.00000671,0.00000540,0.00000321,0.00000092
0.904000,0.00081175,0.00000890,0.00000671,0.00000540,0.00000321,0.00000092
0.906000,0.00081190,0.00000890,0.00000671,0.00000540,0.00000321,0.00000092
0.908000,0.00081206,0.00000890,0.00000671,0.00000540,0.00000321,0.00000092
0.910000,0.00081221,0.00000891,0.00000671,0.00000540,0.00000321,0.00000092
0.912000,0.00081237,0.00000891,0.00000671,0.00000540,0.00000321,0.00000092
0.914000,0.00081252,0.00000891,0.00000671,0.00000540,0.00000321,0.00000092
0.916000,0.00081267,0.00000891,0.00000671,0.00000540,0.00000321,0.00000092
0.918000,0.00081283,0.00000891,0.00000671,0.00000540,0.00000321,0.00000092
0.920000,0.00081298,0.00000891,0.00000671,0.00000540,0.00000321,0.00000092
0.922000,0.00081314,0.00000891,0.00000671,0.00000541,0.00000321,0.00000092
0.924000,0.00081329,0.00000891,0.00000672,0.00000541,0.00000321,0.00000092
0.926000,0.00081344,0.00000891,0.00000672,0.00000541,0.00000321,0.00000092
0.928000,0.00081360,0.00000891,0.00000672,0.00000541,0.00000321,0.00000092
0.930000,0.00081375,0.00000891,0.00000672,0.00000541,0.00000321,0.00000092
0.932000,0.00081391,0.00000891,0.00000672,0.00000541,0.00000321,0.00000092
0.934000,0.00081406,0.00000891,0.00000672,0.00000541,0.00000321,0.00000092
0.936000,0.00081422,0.00000891,0.00000672,0.00000541,0.00000321,0.00000092
0.938000,0.00081437,0.00000891,0.00000672,0.00000541,0.00000321,0.00000092
0.940000,0.00081452,0.00000891,0.00000672,0.00000541,0.00000321,0.00000092
0.942000,0.00081468,0.00000891,0.00000672,0.00000541,0.00000321,0.00000092
0.944000,0.00081483,0.00000891,0.00000672,0.00000541,0.00000321,0.00000092
0.946000,0.00081499,0.00000891,0.00000672,0.00000541,0.00000321,0.00000092
0.948000,0.00081514,0.00000891,0.00000672,0.00000541,0.00000321,0.00000092
0.950000,0.00081530,0.00000892,0.00000672,0.00000541,0.00000321,0.00000092
0.952000,0.00081545,0.00000892,0.00000672,0.00000541,0.00000321,0.00000092
0.954000,0.00081561,0.00000892,0.00000672,0.00000541,0.00000321,0.00000092
0.956000,0.00081576,0.00000892,0.00000672,0.00000541,0.00000321,0.00000092
0.958000,0.00081592,0.00000892,0.00000672,0.00000541,0.00000321,0.00000092
0.960000,0.00081607,0.00000892,0.00000672,0.00000541,0.00000321,0.00000092
0.962000,0.00081623,0.00000892,0.00000672,0.00000541,0.00000321,0.00000092
0.964000,0.00081638,0.00000892,0.00000672,0.00000541,0.00000321,0.00000092
0.966000,0.00081654,0.00000892,0.00000672,0.00000541,0.00000321,0.00000092
0.968000,0.00081669,0.00000892,0.00000672,0.00000541,0.00000322,0.00000092
0.970000,0.00081685,0.00000892,0.00000672,0.00000541,0.00000322,0.00000092
0.972000,0.00081700,0.00000892,0.00000672,0.00000541,0.00000322,0.00000092
0.974000,0.00081716,0.00000892,0.00000672,0.00000541,0.00000322,0.00000092
0.976000,0.00081731,0.00000892,0.00000672,0.00000541,0.00000322,0.00000092
0.978000,0.00081747,0.00000892,0.00000673,0.00000541,0.00000322,0.00000092
0.980000,0.00081763,0.00000892,0.00000673,0.00000541,0.00000322,0.00000092
0.982000,0.00081778,0.00000892,0.00000673,0.00000541,0.00000322,0.00000092
0.984000,0.00081794,0.00000892,0.00000673,0.00000541,0.00000322,0.00000092
0.986000,0.00081809,0.00000892,0.00000673,0.00000541,0.00000322,0.00000092
0.988000,0.00081825,0.00000892,0.00000673,0.00000541,0.00000322,0.00000092
0.990000,0.00081841,0.00000893,0.00000673,0.00000541,0.00000322,0.00000092
0.992000,0.00081856,0.00000893,0.00000673,0.00000542,0.00000322,0.00000092
0.994000,0.00081872,0.00000893,0.00000673,0.00000542,0.00000322,0.00000092
0.996000,0.00081887,0.00000893,0.00000673,0.00000542,0.00000322,0.00000092
0.998000,0.00081903,0.00000893,0.00000673,0.00000542,0.00000322,0.00000092
1.000000,0.00081918,0.00000893,0.00000673,0.00000542,0.00000322,0.00000092
1.002000,0.00081934,0.00000893,0.00000673,0.00000542,0.00000322,0.00000092
1.004000,0.00081950,0.00000893,0.00000673,0.00000542,0.00000322,0.00000092
1.006000,0.00081965,0.00000893,0.00000673,0.00000542,0.00000322,0.00000092
1.008000,0.00081981,0.00000893,0.00000673,0.00000542,0.00000322,0.00000092
1.010000,0.00081996,0.00000893,0.00000673,0.00000542,0.00000322,0.00000092
1.012000,0.00082012,0.00000893,0.00000673,0.00000542,0.00000322,0.00000092
1.014000,0.00082028,0.00000893,0.00000673,0.00000542,0.00000322,0.00000092
1.016000,0.00082043,0.00000893,0.00000673,0.00000542,0.00000322,0.00000092
1.018000,0.00082059,0.00000893,0.00000673,0.00000542,0.00000322,0.00000092
1.020000,0.00082075,0.00000893,0.00000673,0.00000542,0.00000322,0.00000092
1.022000,0.00082090,0.00000893,0.00000673,0.00000542,0.00000322,0.00000092
1.024000,0.00082106,0.00000893,0.00000673,0.00000542,0.00000322,0.00000092
1.026000,0.00082122,0.00000893,0.00000673,0.00000542,0.00000322,0.00000092
1.028000,0.00082137,0.00000894,0.00000673,0.00000542,0.00000322,0.00000092
1.030000,0.00082153,0.00000894,0.00000673,0.00000542,0.00000322,0.00000092
1.032000,0.00082168,0.00000894,0.00000674,0.00000542,0.00000322,0.00000092
1.034000,0.00082184,0.00000894,0.00000674,0.00000542,0.00000322,0.00000092
1.036000,0.00082200,0.00000894,0.00000674,0.00000542,0.00000322,0.00000092
1.038000,0.00082215,0.00000894,0.00000674,0.00000542,0.00000322,0.00000092
1.040000,0.00082231,0.00000894,0.00000674,0.00000542,0.00000322,0.00000092
1.042000,0.00082247,0.00000894,0.00000674,0.00000542,0.00000322,0.00000092
1.044000,0.00082263,0.00000894,0.00000674,0.00000542,0.00000322,0.00000092
1.046000,0.00082278,0.00000894,0.00000674,0.00000542,0.00000322,0.00000092
1.048000,0.00082294,0.00000894,0.00000674,0.00000542,0.00000322,0.00000092
1.050000,0.00082310,0.00000894,0.00000674,0.00000542,0.00000322,0.00000092
1.052000,0.00082325,0.00000894,0.00000674,0.00000542,0.00000322,0.00000092
1.054000,0.00082341,0.00000894,0.00000674,0.00000542,0.00000322,0.00000092
1.056000,0.00082357,0.00000894,0.00000674,0.00000542,0.00000322,0.00000092
1.058000,0.00082373,0.00000894,0.00000674,0.00000542,0.00000322,0.00000092
1.060000,0.00082388,0.00000894,0.00000674,0.00000543,0.00000322,0.00000092
1.062000,0.00082404,0.00000894,0.00000674,0.00000543,0.00000322,0.00000092
1.064000,0.00082420,0.00000894,0.00000674,0.00000543,0.00000322,0.00000092
1.066000,0.00082436,0.00000894,0.00000674,0.00000543,0.00000322,0.00000092
1.068000,0.00082451,0.00000895,0.00000674,0.00000543,0.00000322,0.00000092
1.070000,0.00082467,0.00000895,0.00000674,0.00000543,0.00000322,0.00000092
1.072000,0.00082483,0.00000895,0.00000674,0.00000543,0.00000322,0.00000092
1.074000,0.00082499,0.00000895,0.00000674,0.00000543,0.00000322,0.00000092
1.076000,0.00082514,0.00000895,0.00000674,0.00000543,0.00000322,0.00000092
1.078000,0.00082530,0.00000895,0.00000674,0.00000543,0.00000322,0.00000092
1.080000,0.00082546,0.00000895,0.00000674,0.00000543,0.00000322,0.00000092
1.082000,0.00082562,0.00000895,0.00000674,0.00000543,0.00000322,0.00000092
1.084000,0.00082577,0.00000895,0.00000674,0.00000543,0.00000322,0.00000092
1.086000,0.00082593,0.00000895,0.00000674,0.00000543,0.00000322,0.00000092
1.088000,0.00082609,0.00000895,0.00000675,0.00000543,0.00000323,0.00000092
1.090000,0.00082625,0.00000895,0.00000675,0.00000543,0.00000323,0.00000092
1.092000,0.00082641,0.00000895,0.00000675,0.00000543,0.00000323,0.00000092
1.094000,0.00082657,0.00000895,0.00000675,0.00000543,0.00000323,0.00000092
1.096000,0.00082672,0.00000895,0.00000675,0.00000543,0.00000323,0.00000092
1.098000,0.00082688,0.00000895,0.00000675,0.00000543,0.00000323,0.00000092
1.100000,0.00082704,0.00000895,0.00000675,0.00000543,0.00000323,0.00000092
1.102000,0.00082720,0.00000895,0.00000675,0.00000543,0.00000323,0.00000092
1.104000,0.00082736,0.00000895,0.00000675,0.00000543,0.00000323,0.00000092
1.106000,0.00082752,0.00000895,0.00000675,0.00000543,0.00000323,0.00000092
1.108000,0.00082767,0.00000896,0.00000675,0.00000543,0.00000323,0.00000092
1.110000,0.00082783,0.00000896,0.00000675,0.00000543,0.00000323,0.00000092
1.112000,0.00082799,0.00000896,0.00000675,0.00000543,0.00000323,0.00000092
1.114000,0.00082815,0.00000896,0.00000675,0.00000543,0.00000323,0.00000092
1.116000,0.00082831,0.00000896,0.00000675,0.00000543,0.00000323,0.00000092
1.118000,0.00082847,0.00000896,0.00000675,0.00000543,0.00000323,0.00000092
1.120000,0.00082863,0.00000896,0.00000675,0.00000543,0.00000323,0.00000092
1.122000,0.00082878,0.00000896,0.00000675,0.00000543,0.00000323,0.00000092
1.124000,0.00082894,0.00000896,0.00000675,0.00000543,0.00000323,0.00000092
1.126000,0.00082910,0.00000896,0.00000675,0.00000543,0.00000323,0.00000092
1.128000,0.00082926,0.00000896,0.00000675,0.00000543,0.00000323,0.00000092
1.130000,0.00082942,0.00000896,0.00000675,0.00000544,0.00000323,0.00000092
1.132000,0.00082958,0.00000896,0.00000675,0.00000544,0.00000323,0.00000092
1.134000,0.00082974,0.00000896,0.00000675,0.00000544,0.00000323,0.00000092
1.136000,0.00082990,0.00000896,0.00000675,0.00000544,0.00000323,0.00000092
1.138000,0.00083006,0.00000896,0.00000675,0.00000544,0.00000323,0.00000092
1.140000,0.00083022,0.00000896,0.00000675,0.00000544,0.00000323,0.00000092
1.142000,0.00083037,0.00000896,0.00000676,0.00000544,0.00000323,0.00000092
1.144000,0.00083053,0.00000896,0.00000676,0.00000544,0.00000323,0.00000092
1.146000,0.00083069,0.00000896,0.00000676,0.00000544,0.00000323,0.00000092
1.148000,0.00083085,0.00000897,0.00000676,0.00000544,0.00000323,0.00000092
1.150000,0.00083101,0.00000897,0.00000676,0.00000544,0.00000323,0.00000092
1.152000,0.00083117,0.00000897,0.00000676,0.00000544,0.00000323,0.00000092
1.154000,0.00083133,0.00000897,0.00000676,0.00000544,0.00000323,0.00000092
1.156000,0.00083149,0.00000897,0.00000676,0.00000544,0.00000323,0.00000092
1.158000,0.00083165,0.00000897,0.00000676,0.00000544,0.00000323,0.00000092
1.160000,0.00083181,0.00000897,0.00000676,0.00000544,0.00000323,0.00000092
1.162000,0.00083197,0.00000897,0.00000676,0.00000544,0.00000323,0.00000092
1.164000,0.00083213,0.00000897,0.00000676,0.00000544,0.00000323,0.00000092
1.166000,0.00083229,0.00000897,0.00000676,0.00000544,0.00000323,0.00000092
1.168000,0.00083245,0.00000897,0.00000676,0.00000544,0.00000323,0.00000092
1.170000,0.00083261,0.00000897,0.00000676,0.00000544,0.00000323,0.00000092
1.172000,0.00083277,0.00000897,0.00000676,0.00000544,0.00000323,0.00000092
1.174000,0.00083293,0.00000897,0.00000676,0.00000544,0.00000323,0.00000092
1.176000,0.00083309,0.00000897,0.00000676,0.00000544,0.00000323,0.00000092
1.178000,0.00083325,0.00000897,0.00000676,0.00000544,0.00000323,0.00000092
1.180000,0.00083341,0.00000897,0.00000676,0.00000544,0.00000323,0.00000092
1.182000,0.00083357,0.00000897,0.00000676,0.00000544,0.00000323,0.00000092
1.184000,0.00083373,0.00000897,0.00000676,0.00000544,0.00000323,0.00000092
1.186000,0.00083389,0.00000898,0.00000676,0.00000544,0.00000323,0.00000092
1.188000,0.00083405,0.00000898,0.00000676,0.00000544,0.00000323,0.00000092
1.190000,0.00083421,0.00000898,0.00000676,0.00000544,0.00000323,0.00000092
1.192000,0.00083437,0.00000898,0.00000676,0.00000544,0.00000323,0.00000092
1.194000,0.00083453,0.00000898,0.00000676,0.00000544,0.00000323,0.00000092
1.196000,0.00083469,0.00000898,0.00000677,0.00000544,0.00000323,0.00000092
1.198000,0.00083485,0.00000898,0.00000677,0.00000544,0.00000323,0.00000092
1.200000,0.00083501,0.00000898,0.00000677,0.00000545,0.00000323,0.00000092
1.202000,0.00083517,0.00000898,0.00000677,0.00000545,0.00000323,0.00000092
1.204000,0.00083533,0.00000898,0.00000677,0.00000545,0.00000323,0.00000092
1.206000,0.00083550,0.00000898,0.00000677,0.00000545,0.00000323,0.00000092
1.208000,0.00083566,0.00000898,0.00000677,0.00000545,0.00000323,0.00000092
1.210000,0.00083582,0.00000898,0.00000677,0.00000545,0.00000324,0.00000092
1.212000,0.00083598,0.00000898,0.00000677,0.00000545,0.00000324,0.00000092
1.214000,0.00083614,0.00000898,0.00000677,0.00000545,0.00000324,0.00000092
1.216000,0.00083630,0.00000898,0.00000677,0.00000545,0.00000324,0.00000092
1.218000,0.00083646,0.00000898,0.00000677,0.00000545,0.00000324,0.00000092
1.220000,0.00083662,0.00000898,0.00000677,0.00000545,0.00000324,0.00000092
1.222000,0.00083678,0.00000898,0.00000677,0.00000545,0.00000324,0.00000092
1.224000,0.00083695,0.00000898,0.00000677,0.00000545,0.00000324,0.00000092
1.226000,0.00083711,0.00000899,0.00000677,0.00000545,0.00000324,0.00000092
1.228000,0.00083727,0.00000899,0.00000677,0.00000545,0.00000324,0.00000092
1.230000,0.00083743,0.00000899,0.00000677,0.00000545,0.00000324,0.00000092
1.232000,0.00083759,0.00000899,0.00000677,0.00000545,0.00000324,0.00000092
1.234000,0.00083775,0.00000899,0.00000677,0.00000545,0.00000324,0.00000092
1.236000,0.00083791,0.00000899,0.00000677,0.00000545,0.00000324,0.00000092
1.238000,0.00083807,0.00000899,0.00000677,0.00000545,0.00000324,0.00000092
1.240000,0.00083824,0.00000899,0.00000677,0.00000545,0.00000324,0.00000092
1.242000,0.00083840,0.00000899,0.00000677,0.00000545,0.00000324,0.00000092
1.244000,0.00083856,0.00000899,0.00000677,0.00000545,0.00000324,0.00000092
1.246000,0.00083872,0.00000899,0.00000677,0.00000545,0.00000324,0.00000092
1.248000,0.00083888,0.00000899,0.00000677,0.00000545,0.00000324,0.00000092
1.250000,0.00083905,0.00000899,0.00000678,0.00000545,0.00000324,0.00000092
1.252000,0.00083921,0.00000899,0.00000678,0.00000545,0.00000324,0.00000092
1.254000,0.00083937,0.00000899,0.00000678,0.00000545,0.00000324,0.00000092
1.256000,0.00083953,0.00000899,0.00000678,0.00000545,0.00000324,0.00000092
1.258000,0.00083969,0.00000899,0.00000678,0.00000545,0.00000324,0.00000092
1.260000,0.00083986,0.00000899,0.00000678,0.00000545,0.00000324,0.00000092
1.262000,0.00084002,0.00000899,0.00000678,0.00000545,0.00000324,0.00000092
1.264000,0.00084018,0.00000899,0.00000678,0.00000545,0.00000324,0.00000092
1.266000,0.00084034,0.00000900,0.00000678,0.00000545,0.00000324,0.00000092
1.268000,0.00084050,0.00000900,0.00000678,0.00000546,0.00000324,0.00000092
1.270000,0.00084067,0.00000900,0.00000678,0.00000546,0.00000324,0.00000092
1.272000,0.00084083,0.00000900,0.00000678,0.00000546,0.00000324,0.00000092
1.274000,0.00084099,0.00000900,0.00000678,0.00000546,0.00000324,0.00000092
1.276000,0.00084115,0.00000900,0.00000678,0.00000546,0.00000324,0.00000092
1.278000,0.00084132,0.00000900,0.00000678,0.00000546,0.00000324,0.00000092
1.280000,0.00084148,0.00000900,0.00000678,0.00000546,0.00000324,0.00000092
1.282000,0.00084164,0.00000900,0.00000678,0.00000546,0.00000324,0.00000092
1.284000,0.00084181,0.00000900,0.00000678,0.00000546,0.00000324,0.00000092
1.286000,0.00084197,0.00000900,0.00000678,0.00000546,0.00000324,0.00000092
1.288000,0.00084213,0.00000900,0.00000678,0.00000546,0.00000324,0.00000092
1.290000,0.00084229,0.00000900,0.00000678,0.00000546,0.00000324,0.00000092
1.292000,0.00084246,0.00000900,0.00000678,0.00000546,0.00000324,0.00000092
1.294000,0.00084262,0.00000900,0.00000678,0.00000546,0.00000324,0.00000092
1.296000,0.00084278,0.00000900,0.00000678,0.00000546,0.00000324,0.00000092
1.298000,0.00084295,0.00000900,0.00000678,0.00000546,0.00000324,0.00000092
1.300000,0.00084311,0.00000900,0.00000678,0.00000546,0.00000324,0.00000092
1.302000,0.00084327,0.00000900,0.00000678,0.00000546,0.00000324,0.00000092
1.304000,0.00084343,0.00000901,0.00000679,0.00000546,0.00000324,0.00000092
1.306000,0.00084360,0.00000901,0.00000679,0.00000546,0.00000324,0.00000092
1.308000,0.00084376,0.00000901,0.00000679,0.00000546,0.00000324,0.00000092
1.310000,0.00084392,0.00000901,0.00000679,0.00000546,0.00000324,0.00000092
1.312000,0.00084409,0.00000901,0.00000679,0.00000546,0.00000324,0.00000092
1.314000,0.00084425,0.00000901,0.00000679,0.00000546,0.00000324,0.00000092
1.316000,0.00084441,0.00000901,0.00000679,0.00000546,0.00000324,0.00000092
1.318000,0.00084458,0.00000901,0.00000679,0.00000546,0.00000324,0.00000092
1.320000,0.00084474,0.00000901,0.00000679,0.00000546,0.00000324,0.00000092
1.322000,0.00084490,0.00000901,0.00000679,0.00000546,0.00000324,0.00000092
1.324000,0.00084507,0.00000901,0.00000679,0.00000546,0.00000324,0.00000092
1.326000,0.00084523,0.00000901,0.00000679,0.00000546,0.00000324,0.00000092
1.328000,0.00084540,0.00000901,0.00000679,0.00000546,0.00000325,0.00000093
1.330000,0.00084556,0.00000901,0.00000679,0.00000546,0.00000325,0.00000093
1.332000,0.00084572,0.00000901,0.00000679,0.00000546,0.00000325,0.00000093
1.334000,0.00084589,0.00000901,0.00000679,0.00000546,0.00000325,0.00000093
1.336000,0.00084605,0.00000901,0.00000679,0.00000547,0.00000325,0.00000093
1.338000,0.00084622,0.00000901,0.00000679,0.00000547,0.00000325,0.00000093
1.340000,0.00084638,0.00000901,0.00000679,0.00000547,0.00000325,0.00000093
1.342000,0.00084654,0.00000901,0.00000679,0.00000547,0.00000325,0.00000093
1.344000,0.00084671,0.00000902,0.00000679,0.00000547,0.00000325,0.00000093
1.346000,0.00084687,0.00000902,0.00000679,0.00000547,0.00000325,0.00000093
1.348000,0.00084704,0.00000902,0.00000679,0.00000547,0.00000325,0.00000093
1.350000,0.00084720,0.00000902,0.00000679,0.00000547,0.00000325,0.00000093
1.352000,0.00084736,0.00000902,0.00000679,0.00000547,0.00000325,0.00000093
1.354000,0.00084753,0.00000902,0.00000679,0.00000547,0.00000325,0.00000093
1.356000,0.00084769,0.00000902,0.00000679,0.00000547,0.00000325,0.00000093
1.358000,0.00084786,0.00000902,0.00000679,0.00000547,0.00000325,0.00000093
1.360000,0.00084802,0.00000902,0.00000680,0.00000547,0.00000325,0.00000093
1.362000,0.00084819,0.00000902,0.00000680,0.00000547,0.00000325,0.00000093
1.364000,0.00084835,0.00000902,0.00000680,0.00000547,0.00000325,0.00000093
1.366000,0.00084852,0.00000902,0.00000680,0.00000547,0.00000325,0.00000093
1.368000,0.00084868,0.00000902,0.00000680,0.00000547,0.00000325,0.00000093
1.370000,0.00084885,0.00000902,0.00000680,0.00000547,0.00000325,0.00000093
1.372000,0.00084901,0.00000902,0.00000680,0.00000547,0.00000325,0.00000093
1.374000,0.00084918,0.00000902,0.00000680,0.00000547,0.00000325,0.00000093
1.376000,0.00084934,0.00000902,0.00000680,0.00000547,0.00000325,0.00000093
1.378000,0.00084951,0.00000902,0.00000680,0.00000547,0.00000325,0.00000093
1.380000,0.00084967,0.00000902,0.00000680,0.00000547,0.00000325,0.00000093
1.382000,0.00084984,0.00000903,0.00000680,0.00000547,0.00000325,0.00000093
1.384000,0.00085000,0.00000903,0.00000680,0.00000547,0.00000325,0.00000093
1.386000,0.00085017,0.00000903,0.00000680,0.00000547,0.00000325,0.00000093
1.388000,0.00085033,0.00000903,0.00000680,0.00000547,0.00000325,0.00000093
1.390000,0.00085050,0.00000903,0.00000680,0.00000547,0.00000325,0.00000093
1.392000,0.00085066,0.00000903,0.00000680,0.00000547,0.00000325,0.00000093
1.394000,0.00085083,0.00000903,0.00000680,0.00000547,0.00000325,0.00000093
1.396000,0.00085099,0.00000903,0.00000680,0.00000547,0.00000325,0.00000093
1.398000,0.00085116,0.00000903,0.00000680,0.00000547,0.00000325,0.00000093
1.400000,0.00085132,0.00000903,0.00000680,0.00000547,0.00000325,0.00000093
1.402000,0.00085149,0.00000903,0.00000680,0.00000547,0.00000325,0.00000093
1.404000,0.00085166,0.00000903,0.00000680,0.00000547,0.00000325,0.00000093
1.406000,0.00085182,0.00000903,0.00000680,0.00000548,0.00000325,0.00000093
1.408000,0.00085199,0.00000903,0.00000680,0.00000548,0.00000325,0.00000093
1.410000,0.00085215,0.00000903,0.00000680,0.00000548,0.00000325,0.00000093
1.412000,0.00085232,0.00000903,0.00000681,0.00000548,0.00000325,0.00000093
1.414000,0.00085249,0.00000903,0.00000681,0.00000548,0.00000325,0.00000093
1.416000,0.00085265,0.00000903,0.00000681,0.00000548,0.00000325,0.00000093
1.418000,0.00085282,0.00000903,0.00000681,0.00000548,0.00000325,0.00000093
1.420000,0.00085298,0.00000903,0.00000681,0.00000548,0.00000325,0.00000093
1.422000,0.00085315,0.00000904,0.00000681,0.00000548,0.00000325,0.00000093
1.424000,0.00085331,0.00000904,0.00000681,0.00000548,0.00000325,0.00000093
1.426000,0.00085348,0.00000904,0.00000681,0.00000548,0.00000325,0.00000093
1.428000,0.00085365,0.00000904,0.00000681,0.00000548,0.00000325,0.00000093
1.430000,0.00085381,0.00000904,0.00000681,0.00000548,0.00000325,0.00000093
1.432000,0.00085398,0.00000904,0.00000681,0.00000548,0.00000325,0.00000093
1.434000,0.00085415,0.00000904,0.00000681,0.00000548,0.00000325,0.00000093
1.436000,0.00085431,0.00000904,0.00000681,0.00000548,0.00000325,0.00000093
1.438000,0.00085448,0.00000904,0.00000681,0.00000548,0.00000325,0.00000093
1.440000,0.00085465,0.00000904,0.00000681,0.00000548,0.00000325,0.00000093
1.442000,0.00085481,0.00000904,0.00000681,0.00000548,0.00000325,0.00000093
1.444000,0.00085498,0.00000904,0.00000681,0.00000548,0.00000325,0.00000093
1.446000,0.00085515,0.00000904,0.00000681,0.00000548,0.00000325,0.00000093
1.448000,0.00085531,0.00000904,0.00000681,0.00000548,0.00000326,0.00000093
1.450000,0.00085548,0.00000904,0.00000681,0.00000548,0.00000326,0.00000093
1.452000,0.00085565,0.00000904,0.00000681,0.00000548,0.00000326,0.00000093
1.454000,0.00085581,0.00000904,0.00000681,0.00000548,0.00000326,0.00000093
1.456000,0.00085598,0.00000904,0.00000681,0.00000548,0.00000326,0.00000093
1.458000,0.00085615,0.00000904,0.00000681,0.00000548,0.00000326,0.00000093
1.460000,0.00085631,0.00000905,0.00000681,0.00000548,0.00000326,0.00000093
1.462000,0.00085648,0.00000905,0.00000681,0.00000548,0.00000326,0.00000093
1.464000,0.00085665,0.00000905,0.00000681,0.00000548,0.00000326,0.00000093
1.466000,0.00085682,0.00000905,0.00000682,0.00000548,0.00000326,0.00000093
1.468000,0.00085698,0.00000905,0.00000682,0.00000548,0.00000326,0.00000093
1.470000,0.00085715,0.00000905,0.00000682,0.00000548,0.00000326,0.00000093
1.472000,0.00085732,0.00000905,0.00000682,0.00000548,0.00000326,0.00000093
1.474000,0.00085748,0.00000905,0.00000682,0.00000549,0.00000326,0.00000093
1.476000,0.00085765,0.00000905,0.00000682,0.00000549,0.00000326,0.00000093
1.478000,0.00085782,0.00000905,0.00000682,0.00000549,0.00000326,0.00000093
1.480000,0.00085799,0.00000905,0.00000682,0.00000549,0.00000326,0.00000093
1.482000,0.00085815,0.00000905,0.00000682,0.00000549,0.00000326,0.00000093
1.484000,0.00085832,0.00000905,0.00000682,0.00000549,0.00000326,0.00000093
1.486000,0.00085849,0.00000905,0.00000682,0.00000549,0.00000326,0.00000093
1.488000,0.00085866,0.00000905,0.00000682,0.00000549,0.00000326,0.00000093
1.490000,0.00085883,0.00000905,0.00000682,0.00000549,0.00000326,0.00000093
1.492000,0.00085899,0.00000905,0.00000682,0.00000549,0.00000326,0.00000093
1.494000,0.00085916,0.00000905,0.00000682,0.00000549,0.00000326,0.00000093
1.496000,0.00085933,0.00000905,0.00000682,0.00000549,0.00000326,0.00000093
1.498000,0.00085950,0.00000905,0.00000682,0.00000549,0.00000326,0.00000093
1.500000,0.00085967,0.00000906,0.00000682,0.00000549,0.00000326,0.00000093
1.502000,0.00085983,0.00000906,0.00000682,0.00000549,0.00000326,0.00000093
1.504000,0.00086000,0.00000906,0.00000682,0.00000549,0.00000326,0.00000093
1.506000,0.00086017,0.00000906,0.00000682,0.00000549,0.00000326,0.00000093
1.508000,0.00086034,0.00000906,0.00000682,0.00000549,0.00000326,0.00000093
1.510000,0.00086051,0.00000906,0.00000682,0.00000549,0.00000326,0.00000093
1.512000,0.00086067,0.00000906,0.00000682,0.00000549,0.00000326,0.00000093
1.514000,0.00086084,0.00000906,0.00000682,0.00000549,0.00000326,0.00000093
1.516000,0.00086101,0.00000906,0.00000682,0.00000549,0.00000326,0.00000093
1.518000,0.00086118,0.00000906,0.00000682,0.00000549,0.00000326,0.00000093
1.520000,0.00086135,0.00000906,0.00000683,0.00000549,0.00000326,0.00000093
1.522000,0.00086152,0.00000906,0.00000683,0.00000549,0.00000326,0.00000093
1.524000,0.00086169,0.00000906,0.00000683,0.00000549,0.00000326,0.00000093
1.526000,0.00086186,0.00000906,0.00000683,0.00000549,0.00000326,0.00000093
1.528000,0.00086202,0.00000906,0.00000683,0.00000549,0.00000326,0.00000093
1.530000,0.00086219,0.00000906,0.00000683,0.00000549,0.00000326,0.00000093
1.532000,0.00086236,0.00000906,0.00000683,0.00000549,0.00000326,0.00000093
1.534000,0.00086253,0.00000906,0.00000683,0.00000549,0.00000326,0.00000093
1.536000,0.00086270,0.00000906,0.00000683,0.00000549,0.00000326,0.00000093
1.538000,0.00086287,0.00000907,0.00000683,0.00000549,0.00000326,0.00000093
1.540000,0.00086304,0.00000907,0.00000683,0.00000549,0.00000326,0.00000093
1.542000,0.00086321,0.00000907,0.00000683,0.00000550,0.00000326,0.00000093
1.544000,0.00086338,0.00000907,0.00000683,0.00000550,0.00000326,0.00000093
1.546000,0.00086354,0.00000907,0.00000683,0.00000550,0.00000326,0.00000093
1.548000,0.00086372,0.00000907,0.00000683,0.00000550,0.00000326,0.00000093
1.550000,0.00086388,0.00000907,0.00000683,0.00000550,0.00000326,0.00000093
1.552000,0.00086405,0.00000907,0.00000683,0.00000550,0.00000326,0.00000093
1.554000,0.00086422,0.00000907,0.00000683,0.00000550,0.00000326,0.00000093
1.556000,0.00086439,0.00000907,0.00000683,0.00000550,0.00000326,0.00000093
1.558000,0.00086456,0.00000907,0.00000683,0.00000550,0.00000326,0.00000093
1.560000,0.00086473,0.00000907,0.00000683,0.00000550,0.00000326,0.00000093
1.562000,0.00086490,0.00000907,0.00000683,0.00000550,0.00000326,0.00000093
1.564000,0.00086507,0.00000907,0.00000683,0.00000550,0.00000326,0.00000093
1.566000,0.00086524,0.00000907,0.00000683,0.00000550,0.00000327,0.00000093
1.568000,0.00086541,0.00000907,0.00000683,0.00000550,0.00000327,0.00000093
1.570000,0.00086558,0.00000907,0.00000683,0.00000550,0.00000327,0.00000093
1.572000,0.00086575,0.00000907,0.00000683,0.00000550,0.00000327,0.00000093
1.574000,0.00086592,0.00000907,0.00000684,0.00000550,0.00000327,0.00000093
1.576000,0.00086609,0.00000908,0.00000684,0.00000550,0.00000327,0.00000093
1.578000,0.00086626,0.00000908,0.00000684,0.00000550,0.00000327,0.00000093
1.580000,0.00086643,0.00000908,0.00000684,0.00000550,0.00000327,0.00000093
1.582000,0.00086660,0.00000908,0.00000684,0.00000550,0.00000327,0.00000093
1.584000,0.00086677,0.00000908,0.00000684,0.00000550,0.00000327,0.00000093
1.586000,0.00086694,0.00000908,0.00000684,0.00000550,0.00000327,0.00000093
1.588000,0.00086711,0.00000908,0.00000684,0.00000550,0.00000327,0.00000093
1.590000,0.00086728,0.00000908,0.00000684,0.00000550,0.00000327,0.00000093
1.592000,0.00086745,0.00000908,0.00000684,0.00000550,0.00000327,0.00000093
1.594000,0.00086762,0.00000908,0.00000684,0.00000550,0.00000327,0.00000093
1.596000,0.00086779,0.00000908,0.00000684,0.00000550,0.00000327,0.00000093
1.598000,0.00086796,0.00000908,0.00000684,0.00000550,0.00000327,0.00000093
1.600000,0.00086814,0.00000908,0.00000684,0.00000550,0.00000327,0.00000093
1.602000,0.00086831,0.00000908,0.00000684,0.00000550,0.00000327,0.00000093
1.604000,0.00086848,0.00000908,0.00000684,0.00000550,0.00000327,0.00000093
1.606000,0.00086865,0.00000908,0.00000684,0.00000550,0.00000327,0.00000093
1.608000,0.00086882,0.00000908,0.00000684,0.00000550,0.00000327,0.00000093
1.610000,0.00086899,0.00000908,0.00000684,0.00000551,0.00000327,0.00000093
1.612000,0.00086916,0.00000908,0.00000684,0.00000551,0.00000327,0.00000093
1.614000,0.00086933,0.00000908,0.00000684,0.00000551,0.00000327,0.00000093
1.616000,0.00086950,0.00000909,0.00000684,0.00000551,0.00000327,0.00000093
1.618000,0.00086967,0.00000909,0.00000684,0.00000551,0.00000327,0.00000093
1.620000,0.00086984,0.00000909,0.00000684,0.00000551,0.00000327,0.00000093
1.622000,0.00087002,0.00000909,0.00000684,0.00000551,0.00000327,0.00000093
1.624000,0.00087019,0.00000909,0.00000684,0.00000551,0.00000327,0.00000093
1.626000,0.00087036,0.00000909,0.00000684,0.00000551,0.00000327,0.00000093
1.628000,0.00087053,0.00000909,0.00000685,0.00000551,0.00000327,0.00000093
1.630000,0.00087070,0.00000909,0.00000685,0.00000551,0.00000327,0.00000093
1.632000,0.00087087,0.00000909,0.00000685,0.00000551,0.00000327,0.00000093
1.634000,0.00087104,0.00000909,0.00000685,0.00000551,0.00000327,0.00000093
1.636000,0.00087122,0.00000909,0.00000685,0.00000551,0.00000327,0.00000093
1.638000,0.00087139,0.00000909,0.00000685,0.00000551,0.00000327,0.00000093
1.640000,0.00087156,0.00000909,0.00000685,0.00000551,0.00000327,0.00000093
1.642000,0.00087173,0.00000909,0.00000685,0.00000551,0.00000327,0.00000093
1.644000,0.00087190,0.00000909,0.00000685,0.00000551,0.00000327,0.00000093
1.646000,0.00087207,0.00000909,0.00000685,0.00000551,0.00000327,0.00000093
1.648000,0.00087225,0.00000909,0.00000685,0.00000551,0.00000327,0.00000093
1.650000,0.00087242,0.00000909,0.00000685,0.00000551,0.00000327,0.00000093
1.652000,0.00087259,0.00000909,0.00000685,0.00000551,0.00000327,0.00000093
1.654000,0.00087276,0.00000910,0.00000685,0.00000551,0.00000327,0.00000093
1.656000,0.00087293,0.00000910,0.00000685,0.00000551,0.00000327,0.00000093
1.658000,0.00087311,0.00000910,0.00000685,0.00000551,0.00000327,0.00000093
1.660000,0.00087328,0.00000910,0.00000685,0.00000551,0.00000327,0.00000093
1.662000,0.00087345,0.00000910,0.00000685,0.00000551,0.00000327,0.00000093
1.664000,0.00087362,0.00000910,0.00000685,0.00000551,0.00000327,0.00000093
1.666000,0.00087380,0.00000910,0.00000685,0.00000551,0.00000327,0.00000093
1.668000,0.00087397,0.00000910,0.00000685,0.00000551,0.00000327,0.00000093
1.670000,0.00087414,0.00000910,0.00000685,0.00000551,0.00000327,0.00000093
1.672000,0.00087431,0.00000910,0.00000685,0.00000551,0.00000327,0.00000093
1.674000,0.00087449,0.00000910,0.00000685,0.00000551,0.00000327,0.00000093
1.676000,0.00087466,0.00000910,0.00000685,0.00000551,0.00000327,0.00000093
1.678000,0.00087483,0.00000910,0.00000685,0.00000552,0.00000327,0.00000093
1.680000,0.00087500,0.00000910,0.00000686,0.00000552,0.00000327,0.00000093
1.682000,0.00087518,0.00000910,0.00000686,0.00000552,0.00000327,0.00000093
1.684000,0.00087535,0.00000910,0.00000686,0.00000552,0.00000328,0.00000093
1.686000,0.00087552,0.00000910,0.00000686,0.00000552,0.00000328,0.00000093
1.688000,0.00087570,0.00000910,0.00000686,0.00000552,0.00000328,0.00000093
1.690000,0.00087587,0.00000910,0.00000686,0.00000552,0.00000328,0.00000093
1.692000,0.00087604,0.00000911,0.00000686,0.00000552,0.00000328,0.00000093
1.694000,0.00087621,0.00000911,0.00000686,0.00000552,0.00000328,0.00000093
1.696000,0.00087639,0.00000911,0.00000686,0.00000552,0.00000328,0.00000093
1.698000,0.00087656,0.00000911,0.00000686,0.00000552,0.00000328,0.00000093
1.700000,0.00087673,0.00000911,0.00000686,0.00000552,0.00000328,0.00000093
1.702000,0.00087691,0.00000911,0.00000686,0.00000552,0.00000328,0.00000093
1.704000,0.00087708,0.00000911,0.00000686,0.00000552,0.00000328,0.00000093
1.706000,0.00087725,0.00000911,0.00000686,0.00000552,0.00000328,0.00000093
1.708000,0.00087743,0.00000911,0.00000686,0.00000552,0.00000328,0.00000093
1.710000,0.00087760,0.00000911,0.00000686,0.00000552,0.00000328,0.00000093
1.712000,0.00087778,0.00000911,0.00000686,0.00000552,0.00000328,0.00000093
1.714000,0.00087795,0.00000911,0.00000686,0.00000552,0.00000328,0.00000093
1.716000,0.00087812,0.00000911,0.00000686,0.00000552,0.00000328,0.00000093
1.718000,0.00087830,0.00000911,0.00000686,0.00000552,0.00000328,0.00000093
1.720000,0.00087847,0.00000911,0.00000686,0.00000552,0.00000328,0.00000093
1.722000,0.00087864,0.00000911,0.00000686,0.00000552,0.00000328,0.00000093
1.724000,0.00087882,0.00000911,0.00000686,0.00000552,0.00000328,0.00000093
1.726000,0.00087899,0.00000911,0.00000686,0.00000552,0.00000328,0.00000093
1.728000,0.00087917,0.00000911,0.00000686,0.00000552,0.00000328,0.00000093
1.730000,0.00087934,0.00000912,0.00000686,0.00000552,0.00000328,0.00000093
1.732000,0.00087951,0.00000912,0.00000686,0.00000552,0.00000328,0.00000093
1.734000,0.00087969,0.00000912,0.00000687,0.00000552,0.00000328,0.00000093
1.736000,0.00087986,0.00000912,0.00000687,0.00000552,0.00000328,0.00000093
1.738000,0.00088004,0.00000912,0.00000687,0.00000552,0.00000328,0.00000093
1.740000,0.00088021,0.00000912,0.00000687,0.00000552,0.00000328,0.00000093
1.742000,0.00088039,0.00000912,0.00000687,0.00000552,0.00000328,0.00000093
1.744000,0.00088056,0.00000912,0.00000687,0.00000552,0.00000328,0.00000093
1.746000,0.00088074,0.00000912,0.00000687,0.00000553,0.00000328,0.00000093
1.748000,0.00088091,0.00000912,0.00000687,0.00000553,0.00000328,0.00000093
1.750000,0.00088108,0.00000912,0.00000687,0.00000553,0.00000328,0.00000093
1.752000,0.00088126,0.00000912,0.00000687,0.00000553,0.00000328,0.00000093
1.754000,0.00088143,0.00000912,0.00000687,0.00000553,0.00000328,0.00000093
1.756000,0.00088161,0.00000912,0.00000687,0.00000553,0.00000328,0.00000093
1.758000,0.00088178,0.00000912,0.00000687,0.00000553,0.00000328,0.00000093
1.760000,0.00088196,0.00000912,0.00000687,0.00000553,0.00000328,0.00000093
1.762000,0.00088213,0.00000912,0.00000687,0.00000553,0.00000328,0.00000093
1.764000,0.00088231,0.00000912,0.00000687,0.00000553,0.00000328,0.00000093
1.766000,0.00088248,0.00000912,0.00000687,0.00000553,0.00000328,0.00000093
1.768000,0.00088266,0.00000912,0.00000687,0.00000553,0.00000328,0.00000094
1.770000,0.00088283,0.00000913,0.00000687,0.00000553,0.00000328,0.00000094
1.772000,0.00088301,0.00000913,0.00000687,0.00000553,0.00000328,0.00000094
1.774000,0.00088318,0.00000913,0.00000687,0.00000553,0.00000328,0.00000094
1.776000,0.00088336,0.00000913,0.00000687,0.00000553,0.00000328,0.00000094
1.778000,0.00088353,0.00000913,0.00000687,0.00000553,0.00000328,0.00000094
1.780000,0.00088371,0.00000913,0.00000687,0.00000553,0.00000328,0.00000094
1.782000,0.00088389,0.00000913,0.00000687,0.00000553,0.00000328,0.00000094
1.784000,0.00088406,0.00000913,0.00000687,0.00000553,0.00000328,0.00000094
1.786000,0.00088424,0.00000913,0.00000687,0.00000553,0.00000328,0.00000094
1.788000,0.00088441,0.00000913,0.00000688,0.00000553,0.00000328,0.00000094
1.790000,0.00088459,0.00000913,0.00000688,0.00000553,0.00000328,0.00000094
1.792000,0.00088476,0.00000913,0.00000688,0.00000553,0.00000328,0.00000094
1.794000,0.00088494,0.00000913,0.00000688,0.00000553,0.00000328,0.00000094
1.796000,0.00088512,0.00000913,0.00000688,0.00000553,0.00000328,0.00000094
1.798000,0.00088529,0.00000913,0.00000688,0.00000553,0.00000328,0.00000094
1.800000,0.00088547,0.00000913,0.00000688,0.00000553,0.00000328,0.00000094
1.802000,0.00088564,0.00000913,0.00000688,0.00000553,0.00000329,0.00000094
1.804000,0.00088582,0.00000913,0.00000688,0.00000553,0.00000329,0.00000094
1.806000,0.00088599,0.00000913,0.00000688,0.00000553,0.00000329,0.00000094
1.808000,0.00088617,0.00000914,0.00000688,0.00000553,0.00000329,0.00000094
1.810000,0.00088635,0.00000914,0.00000688,0.00000553,0.00000329,0.00000094
1.812000,0.00088652,0.00000914,0.00000688,0.00000554,0.00000329,0.00000094
1.814000,0.00088670,0.00000914,0.00000688,0.00000554,0.00000329,0.00000094
1.816000,0.00088688,0.00000914,0.00000688,0.00000554,0.00000329,0.00000094
1.818000,0.00088705,0.00000914,0.00000688,0.00000554,0.00000329,0.00000094
1.820000,0.00088723,0.00000914,0.00000688,0.00000554,0.00000329,0.00000094
1.822000,0.00088741,0.00000914,0.00000688,0.00000554,0.00000329,0.00000094
1.824000,0.00088758,0.00000914,0.00000688,0.00000554,0.00000329,0.00000094
1.826000,0.00088776,0.00000914,0.00000688,0.00000554,0.00000329,0.00000094
1.828000,0.00088794,0.00000914,0.00000688,0.00000554,0.00000329,0.00000094
1.830000,0.00088811,0.00000914,0.00000688,0.00000554,0.00000329,0.00000094
1.832000,0.00088829,0.00000914,0.00000688,0.00000554,0.00000329,0.00000094
1.834000,0.00088847,0.00000914,0.00000688,0.00000554,0.00000329,0.00000094
1.836000,0.00088864,0.00000914,0.00000688,0.00000554,0.00000329,0.00000094
1.838000,0.00088882,0.00000914,0.00000688,0.00000554,0.00000329,0.00000094
1.840000,0.00088900,0.00000914,0.00000689,0.00000554,0.00000329,0.00000094
1.842000,0.00088917,0.00000914,0.00000689,0.00000554,0.00000329,0.00000094
1.844000,0.00088935,0.00000914,0.00000689,0.00000554,0.00000329,0.00000094
1.846000,0.00088953,0.00000915,0.00000689,0.00000554,0.00000329,0.00000094
1.848000,0.00088971,0.00000915,0.00000689,0.00000554,0.00000329,0.00000094
1.850000,0.00088988,0.00000915,0.00000689,0.00000554,0.00000329,0.00000094
1.852000,0.00089006,0.00000915,0.00000689,0.00000554,0.00000329,0.00000094
1.854000,0.00089024,0.00000915,0.00000689,0.00000554,0.00000329,0.00000094
1.856000,0.00089042,0.00000915,0.00000689,0.00000554,0.00000329,0.00000094
1.858000,0.00089059,0.00000915,0.00000689,0.00000554,0.00000329,0.00000094
1.860000,0.00089077,0.00000915,0.00000689,0.00000554,0.00000329,0.00000094
1.862000,0.00089095,0.00000915,0.00000689,0.00000554,0.00000329,0.00000094
1.864000,0.00089113,0.00000915,0.00000689,0.00000554,0.00000329,0.00000094
1.866000,0.00089131,0.00000915,0.00000689,0.00000554,0.00000329,0.00000094
1.868000,0.00089148,0.00000915,0.00000689,0.00000554,0.00000329,0.00000094
1.870000,0.00089166,0.00000915,0.00000689,0.00000554,0.00000329,0.00000094
1.872000,0.00089184,0.00000915,0.00000689,0.00000554,0.00000329,0.00000094
1.874000,0.00089202,0.00000915,0.00000689,0.00000554,0.00000329,0.00000094
1.876000,0.00089220,0.00000915,0.00000689,0.00000554,0.00000329,0.00000094
1.878000,0.00089237,0.00000915,0.00000689,0.00000554,0.00000329,0.00000094
1.880000,0.00089255,0.00000915,0.00000689,0.00000555,0.00000329,0.00000094
1.882000,0.00089273,0.00000915,0.00000689,0.00000555,0.00000329,0.00000094
1.884000,0.00089291,0.00000916,0.00000689,0.00000555,0.00000329,0.00000094
1.886000,0.00089308,0.00000916,0.00000689,0.00000555,0.00000329,0.00000094
1.888000,0.00089326,0.00000916,0.00000689,0.00000555,0.00000329,0.00000094
1.890000,0.00089344,0.00000916,0.00000689,0.00000555,0.00000329,0.00000094
1.892000,0.00089362,0.00000916,0.00000689,0.00000555,0.00000329,0.00000094
1.894000,0.00089380,0.00000916,0.00000690,0.00000555,0.00000329,0.00000094
1.896000,0.00089398,0.00000916,0.00000690,0.00000555,0.00000329,0.00000094
1.898000,0.00089416,0.00000916,0.00000690,0.00000555,0.00000329,0.00000094
1.900000,0.00089434,0.00000916,0.00000690,0.00000555,0.00000329,0.00000094
1.902000,0.00089451,0.00000916,0.00000690,0.00000555,0.00000329,0.00000094
1.904000,0.00089469,0.00000916,0.00000690,0.00000555,0.00000329,0.00000094
1.906000,0.00089487,0.00000916,0.00000690,0.00000555,0.00000329,0.00000094
1.908000,0.00089505,0.00000916,0.00000690,0.00000555,0.00000329,0.00000094
1.910000,0.00089523,0.00000916,0.00000690,0.00000555,0.00000329,0.00000094
1.912000,0.00089541,0.00000916,0.00000690,0.00000555,0.00000329,0.00000094
1.914000,0.00089559,0.00000916,0.00000690,0.00000555,0.00000329,0.00000094
1.916000,0.00089577,0.00000916,0.00000690,0.00000555,0.00000329,0.00000094
1.918000,0.00089595,0.00000916,0.00000690,0.00000555,0.00000329,0.00000094
1.920000,0.00089613,0.00000916,0.00000690,0.00000555,0.00000330,0.00000094
1.922000,0.00089631,0.00000917,0.00000690,0.00000555,0.00000330,0.00000094
1.924000,0.00089648,0.00000917,0.00000690,0.00000555,0.00000330,0.00000094
1.926000,0.00089666,0.00000917,0.00000690,0.00000555,0.00000330,0.00000094
1.928000,0.00089684,0.00000917,0.00000690,0.00000555,0.00000330,0.00000094
1.930000,0.00089702,0.00000917,0.00000690,0.00000555,0.00000330,0.00000094
1.932000,0.00089720,0.00000917,0.00000690,0.00000555,0.00000330,0.00000094
1.934000,0.00089738,0.00000917,0.00000690,0.00000555,0.00000330,0.00000094
1.936000,0.00089756,0.00000917,0.00000690,0.00000555,0.00000330,0.00000094
1.938000,0.00089774,0.00000917,0.00000690,0.00000555,0.00000330,0.00000094
1.940000,0.00089792,0.00000917,0.00000690,0.00000555,0.00000330,0.00000094
1.942000,0.00089810,0.00000917,0.00000690,0.00000555,0.00000330,0.00000094
1.944000,0.00089828,0.00000917,0.00000690,0.00000555,0.00000330,0.00000094
1.946000,0.00089846,0.00000917,0.00000691,0.00000556,0.00000330,0.00000094
1.948000,0.00089864,0.00000917,0.00000691,0.00000556,0.00000330,0.00000094
1.950000,0.00089882,0.00000917,0.00000691,0.00000556,0.00000330,0.00000094
1.952000,0.00089900,0.00000917,0.00000691,0.00000556,0.00000330,0.00000094
1.954000,0.00089918,0.00000917,0.00000691,0.00000556,0.00000330,0.00000094
1.956000,0.00089936,0.00000917,0.00000691,0.00000556,0.00000330,0.00000094
1.958000,0.00089954,0.00000917,0.00000691,0.00000556,0.00000330,0.00000094
1.960000,0.00089972,0.00000918,0.00000691,0.00000556,0.00000330,0.00000094
1.962000,0.00089990,0.00000918,0.00000691,0.00000556,0.00000330,0.00000094
1.964000,0.00090008,0.00000918,0.00000691,0.00000556,0.00000330,0.00000094
1.966000,0.00090027,0.00000918,0.00000691,0.00000556,0.00000330,0.00000094
1.968000,0.00090045,0.00000918,0.00000691,0.00000556,0.00000330,0.00000094
1.970000,0.00090063,0.00000918,0.00000691,0.00000556,0.00000330,0.00000094
1.972000,0.00090081,0.00000918,0.00000691,0.00000556,0.00000330,0.00000094
1.974000,0.00090099,0.00000918,0.00000691,0.00000556,0.00000330,0.00000094
1.976000,0.00090117,0.00000918,0.00000691,0.00000556,0.00000330,0.00000094
1.978000,0.00090135,0.00000918,0.00000691,0.00000556,0.00000330,0.00000094
1.980000,0.00090153,0.00000918,0.00000691,0.00000556,0.00000330,0.00000094
1.982000,0.00090171,0.00000918,0.00000691,0.00000556,0.00000330,0.00000094
1.984000,0.00090189,0.00000918,0.00000691,0.00000556,0.00000330,0.00000094
1.986000,0.00090207,0.00000918,0.00000691,0.00000556,0.00000330,0.00000094
1.988000,0.00090225,0.00000918,0.00000691,0.00000556,0.00000330,0.00000094
1.990000,0.00090244,0.00000918,0.00000691,0.00000556,0.00000330,0.00000094
1.992000,0.00090262,0.00000918,0.00000691,0.00000556,0.00000330,0.00000094
1.994000,0.00090280,0.00000918,0.00000691,0.00000556,0.00000330,0.00000094
1.996000,0.00090298,0.00000918,0.00000691,0.00000556,0.00000330,0.00000094
1.998000,0.00090316,0.00000919,0.00000692,0.00000556,0.00000330,0.00000094
2.000000,0.00090334,0.00000919,0.00000692,0.00000556,0.00000330,0.00000094
2.002000,0.00090352,0.00000919,0.00000692,0.00000556,0.00000330,0.00000094
2.004000,0.00090371,0.00000919,0.00000692,0.00000556,0.00000330,0.00000094
2.006000,0.00090389,0.00000919,0.00000692,0.00000556,0.00000330,0.00000094
2.008000,0.00090407,0.00000919,0.00000692,0.00000556,0.00000330,0.00000094
2.010000,0.00090425,0.00000919,0.00000692,0.00000556,0.00000330,0.00000094
2.012000,0.00090443,0.00000919,0.00000692,0.00000556,0.00000330,0.00000094
2.014000,0.00090461,0.00000919,0.00000692,0.00000557,0.00000330,0.00000094
2.016000,0.00090480,0.00000919,0.00000692,0.00000557,0.00000330,0.00000094
2.018000,0.00090498,0.00000919,0.00000692,0.00000557,0.00000330,0.00000094
2.020000,0.00090516,0.00000919,0.00000692,0.00000557,0.00000330,0.00000094
2.022000,0.00090534,0.00000919,0.00000692,0.00000557,0.00000330,0.00000094
2.024000,0.00090553,0.00000919,0.00000692,0.00000557,0.00000330,0.00000094
2.026000,0.00090571,0.00000919,0.00000692,0.00000557,0.00000330,0.00000094
2.028000,0.00090589,0.00000919,0.00000692,0.00000557,0.00000330,0.00000094
2.030000,0.00090607,0.00000919,0.00000692,0.00000557,0.00000330,0.00000094
2.032000,0.00090626,0.00000919,0.00000692,0.00000557,0.00000330,0.00000094
2.034000,0.00090644,0.00000919,0.00000692,0.00000557,0.00000330,0.00000094
2.036000,0.00090662,0.00000920,0.00000692,0.00000557,0.00000331,0.00000094
2.038000,0.00090680,0.00000920,0.00000692,0.00000557,0.00000331,0.00000094
2.040000,0.00090699,0.00000920,0.00000692,0.00000557,0.00000331,0.00000094
2.042000,0.00090717,0.00000920,0.00000692,0.00000557,0.00000331,0.00000094
2.044000,0.00090735,0.00000920,0.00000692,0.00000557,0.00000331,0.00000094
2.046000,0.00090753,0.00000920,0.00000692,0.00000557,0.00000331,0.00000094
2.048000,0.00090772,0.00000920,0.00000692,0.00000557,0.00000331,0.00000094
2.050000,0.00090790,0.00000920,0.00000692,0.00000557,0.00000331,0.00000094
2.052000,0.00090808,0.00000920,0.00000693,0.00000557,0.00000331,0.00000094
2.054000,0.00090827,0.00000920,0.00000693,0.00000557,0.00000331,0.00000094
2.056000,0.00090845,0.00000920,0.00000693,0.00000557,0.00000331,0.00000094
2.058000,0.00090863,0.00000920,0.00000693,0.00000557,0.00000331,0.00000094
2.060000,0.00090881,0.00000920,0.00000693,0.00000557,0.00000331,0.00000094
2.062000,0.00090900,0.00000920,0.00000693,0.00000557,0.00000331,0.00000094
2.064000,0.00090918,0.00000920,0.00000693,0.00000557,0.00000331,0.00000094
2.066000,0.00090936,0.00000920,0.00000693,0.00000557,0.00000331,0.00000094
2.068000,0.00090955,0.00000920,0.00000693,0.00000557,0.00000331,0.00000094
2.070000,0.00090973,0.00000920,0.00000693,0.00000557,0.00000331,0.00000094
2.072000,0.00090992,0.00000920,0.00000693,0.00000557,0.00000331,0.00000094
2.074000,0.00091010,0.00000921,0.00000693,0.00000557,0.00000331,0.00000094
2.076000,0.00091028,0.00000921,0.00000693,0.00000557,0.00000331,0.00000094
2.078000,0.00091047,0.00000921,0.00000693,0.00000557,0.00000331,0.00000094
2.080000,0.00091065,0.00000921,0.00000693,0.00000558,0.00000331,0.00000094
2.082000,0.00091084,0.00000921,0.00000693,0.00000558,0.00000331,0.00000094
2.084000,0.00091102,0.00000921,0.00000693,0.00000558,0.00000331,0.00000094
2.086000,0.00091120,0.00000921,0.00000693,0.00000558,0.00000331,0.00000094
2.088000,0.00091139,0.00000921,0.00000693,0.00000558,0.00000331,0.00000094
2.090000,0.00091157,0.00000921,0.00000693,0.00000558,0.00000331,0.00000094
2.092000,0.00091175,0.00000921,0.00000693,0.00000558,0.00000331,0.00000094
2.094000,0.00091194,0.00000921,0.00000693,0.00000558,0.00000331,0.00000094
2.096000,0.00091212,0.00000921,0.00000693,0.00000558,0.00000331,0.00000094
2.098000,0.00091231,0.00000921,0.00000693,0.00000558,0.00000331,0.00000094
2.100000,0.00091249,0.00000921,0.00000693,0.00000558,0.00000331,0.00000094
2.102000,0.00091268,0.00000921,0.00000693,0.00000558,0.00000331,0.00000094
2.104000,0.00091286,0.00000921,0.00000694,0.00000558,0.00000331,0.00000094
2.106000,0.00091305,0.00000921,0.00000694,0.00000558,0.00000331,0.00000094
2.108000,0.00091323,0.00000921,0.00000694,0.00000558,0.00000331,0.00000094
2.110000,0.00091341,0.00000921,0.00000694,0.00000558,0.00000331,0.00000094
2.112000,0.00091360,0.00000922,0.00000694,0.00000558,0.00000331,0.00000094
2.114000,0.00091378,0.00000922,0.00000694,0.00000558,0.00000331,0.00000094
2.116000,0.00091397,0.00000922,0.00000694,0.00000558,0.00000331,0.00000094
2.118000,0.00091415,0.00000922,0.00000694,0.00000558,0.00000331,0.00000094
2.120000,0.00091434,0.00000922,0.00000694,0.00000558,0.00000331,0.00000094
2.122000,0.00091452,0.00000922,0.00000694,0.00000558,0.00000331,0.00000094
2.124000,0.00091471,0.00000922,0.00000694,0.00000558,0.00000331,0.00000094
2.126000,0.00091489,0.00000922,0.00000694,0.00000558,0.00000331,0.00000094
2.128000,0.00091508,0.00000922,0.00000694,0.00000558,0.00000331,0.00000094
2.130000,0.00091526,0.00000922,0.00000694,0.00000558,0.00000331,0.00000094
2.132000,0.00091545,0.00000922,0.00000694,0.00000558,0.00000331,0.00000094
2.134000,0.00091564,0.00000922,0.00000694,0.00000558,0.00000331,0.00000094
2.136000,0.00091582,0.00000922,0.00000694,0.00000558,0.00000331,0.00000094
2.138000,0.00091601,0.00000922,0.00000694,0.00000558,0.00000331,0.00000094
2.140000,0.00091619,0.00000922,0.00000694,0.00000558,0.00000331,0.00000094
2.142000,0.00091638,0.00000922,0.00000694,0.00000558,0.00000331,0.00000094
2.144000,0.00091656,0.00000922,0.00000694,0.00000558,0.00000331,0.00000094
2.146000,0.00091675,0.00000922,0.00000694,0.00000559,0.00000331,0.00000094
2.148000,0.00091694,0.00000922,0.00000694,0.00000559,0.00000331,0.00000094
2.150000,0.00091712,0.00000923,0.00000694,0.00000559,0.00000331,0.00000094
2.152000,0.00091731,0.00000923,0.00000694,0.00000559,0.00000332,0.00000094
2.154000,0.00091749,0.00000923,0.00000694,0.00000559,0.00000332,0.00000094
2.156000,0.00091768,0.00000923,0.00000695,0.00000559,0.00000332,0.00000094
2.158000,0.00091787,0.00000923,0.00000695,0.00000559,0.00000332,0.00000094
2.160000,0.00091805,0.00000923,0.00000695,0.00000559,0.00000332,0.00000094
2.162000,0.00091824,0.00000923,0.00000695,0.00000559,0.00000332,0.00000094
2.164000,0.00091842,0.00000923,0.00000695,0.00000559,0.00000332,0.00000094
2.166000,0.00091861,0.00000923,0.00000695,0.00000559,0.00000332,0.00000094
2.168000,0.00091880,0.00000923,0.00000695,0.00000559,0.00000332,0.00000094
2.170000,0.00091898,0.00000923,0.00000695,0.00000559,0.00000332,0.00000094
2.172000,0.00091917,0.00000923,0.00000695,0.00000559,0.00000332,0.00000094
2.174000,0.00091936,0.00000923,0.00000695,0.00000559,0.00000332,0.00000094
2.176000,0.00091954,0.00000923,0.00000695,0.00000559,0.00000332,0.00000094
2.178000,0.00091973,0.00000923,0.00000695,0.00000559,0.00000332,0.00000094
2.180000,0.00091992,0.00000923,0.00000695,0.00000559,0.00000332,0.00000094
2.182000,0.00092010,0.00000923,0.00000695,0.00000559,0.00000332,0.00000094
2.184000,0.00092029,0.00000923,0.00000695,0.00000559,0.00000332,0.00000094
2.186000,0.00092048,0.00000923,0.00000695,0.00000559,0.00000332,0.00000094
2.188000,0.00092066,0.00000924,0.00000695,0.00000559,0.00000332,0.00000094
2.190000,0.00092085,0.00000924,0.00000695,0.00000559,0.00000332,0.00000094
2.192000,0.00092104,0.00000924,0.00000695,0.00000559,0.00000332,0.00000094
2.194000,0.00092122,0.00000924,0.00000695,0.00000559,0.00000332,0.00000094
2.196000,0.00092141,0.00000924,0.00000695,0.00000559,0.00000332,0.00000094
2.198000,0.00092160,0.00000924,0.00000695,0.00000559,0.00000332,0.00000094
2.200000,0.00092179,0.00000924,0.00000695,0.00000559,0.00000332,0.00000094
2.202000,0.00092197,0.00000924,0.00000695,0.00000559,0.00000332,0.00000095
2.204000,0.00092216,0.00000924,0.00000695,0.00000559,0.00000332,0.00000095
2.206000,0.00092235,0.00000924,0.00000695,0.00000559,0.00000332,0.00000095
2.208000,0.00092254,0.00000924,0.00000696,0.00000559,0.00000332,0.00000095
2.210000,0.00092272,0.00000924,0.00000696,0.00000559,0.00000332,0.00000095
2.212000,0.00092291,0.00000924,0.00000696,0.00000559,0.00000332,0.00000095
2.214000,0.00092310,0.00000924,0.00000696,0.00000560,0.00000332,0.00000095
2.216000,0.00092329,0.00000924,0.00000696,0.00000560,0.00000332,0.00000095
2.218000,0.00092347,0.00000924,0.00000696,0.00000560,0.00000332,0.00000095
2.220000,0.00092366,0.00000924,0.00000696,0.00000560,0.00000332,0.00000095
2.222000,0.00092385,0.00000924,0.00000696,0.00000560,0.00000332,0.00000095
2.224000,0.00092404,0.00000925,0.00000696,0.00000560,0.00000332,0.00000095
2.226000,0.00092423,0.00000925,0.00000696,0.00000560,0.00000332,0.00000095
2.228000,0.00092442,0.00000925,0.00000696,0.00000560,0.00000332,0.00000095
2.230000,0.00092460,0.00000925,0.00000696,0.00000560,0.00000332,0.00000095
2.232000,0.00092479,0.00000925,0.00000696,0.00000560,0.00000332,0.00000095
2.234000,0.00092498,0.00000925,0.00000696,0.00000560,0.00000332,0.00000095
2.236000,0.00092517,0.00000925,0.00000696,0.00000560,0.00000332,0.00000095
2.238000,0.00092536,0.00000925,0.00000696,0.00000560,0.00000332,0.00000095
2.240000,0.00092554,0.00000925,0.00000696,0.00000560,0.00000332,0.00000095
2.242000,0.00092573,0.00000925,0.00000696,0.00000560,0.00000332,0.00000095
2.244000,0.00092592,0.00000925,0.00000696,0.00000560,0.00000332,0.00000095
2.246000,0.00092611,0.00000925,0.00000696,0.00000560,0.00000332,0.00000095
2.248000,0.00092630,0.00000925,0.00000696,0.00000560,0.00000332,0.00000095
2.250000,0.00092649,0.00000925,0.00000696,0.00000560,0.00000332,0.00000095
2.252000,0.00092668,0.00000925,0.00000696,0.00000560,0.00000332,0.00000095
2.254000,0.00092687,0.00000925,0.00000696,0.00000560,0.00000332,0.00000095
2.256000,0.00092705,0.00000925,0.00000696,0.00000560,0.00000332,0.00000095
2.258000,0.00092724,0.00000925,0.00000696,0.00000560,0.00000332,0.00000095
2.260000,0.00092743,0.00000925,0.00000697,0.00000560,0.00000332,0.00000095
2.262000,0.00092762,0.00000926,0.00000697,0.00000560,0.00000332,0.00000095
2.264000,0.00092781,0.00000926,0.00000697,0.00000560,0.00000332,0.00000095
2.266000,0.00092800,0.00000926,0.00000697,0.00000560,0.00000332,0.00000095
2.268000,0.00092819,0.00000926,0.00000697,0.00000560,0.00000333,0.00000095
2.270000,0.00092838,0.00000926,0.00000697,0.00000560,0.00000333,0.00000095
2.272000,0.00092857,0.00000926,0.00000697,0.00000560,0.00000333,0.00000095
2.274000,0.00092876,0.00000926,0.00000697,0.00000560,0.00000333,0.00000095
2.276000,0.00092895,0.00000926,0.00000697,0.00000560,0.00000333,0.00000095
2.278000,0.00092914,0.00000926,0.00000697,0.00000560,0.00000333,0.00000095
2.280000,0.00092933,0.00000926,0.00000697,0.00000561,0.00000333,0.00000095
2.282000,0.00092952,0.00000926,0.00000697,0.00000561,0.00000333,0.00000095
2.284000,0.00092971,0.00000926,0.00000697,0.00000561,0.00000333,0.00000095
2.286000,0.00092990,0.00000926,0.00000697,0.00000561,0.00000333,0.00000095
2.288000,0.00093009,0.00000926,0.00000697,0.00000561,0.00000333,0.00000095
2.290000,0.00093028,0.00000926,0.00000697,0.00000561,0.00000333,0.00000095
2.292000,0.00093047,0.00000926,0.00000697,0.00000561,0.00000333,0.00000095
2.294000,0.00093066,0.00000926,0.00000697,0.00000561,0.00000333,0.00000095
2.296000,0.00093085,0.00000926,0.00000697,0.00000561,0.00000333,0.00000095
2.298000,0.00093104,0.00000926,0.00000697,0.00000561,0.00000333,0.00000095
2.300000,0.00093123,0.00000927,0.00000697,0.00000561,0.00000333,0.00000095
2.302000,0.00093142,0.00000927,0.00000697,0.00000561,0.00000333,0.00000095
2.304000,0.00093161,0.00000927,0.00000697,0.00000561,0.00000333,0.00000095
2.306000,0.00093180,0.00000927,0.00000697,0.00000561,0.00000333,0.00000095
2.308000,0.00093199,0.00000927,0.00000697,0.00000561,0.00000333,0.00000095
2.310000,0.00093218,0.00000927,0.00000697,0.00000561,0.00000333,0.00000095
2.312000,0.00093237,0.00000927,0.00000698,0.00000561,0.00000333,0.00000095
2.314000,0.00093256,0.00000927,0.00000698,0.00000561,0.00000333,0.00000095
2.316000,0.00093275,0.00000927,0.00000698,0.00000561,0.00000333,0.00000095
2.318000,0.00093294,0.00000927,0.00000698,0.00000561,0.00000333,0.00000095
2.320000,0.00093313,0.00000927,0.00000698,0.00000561,0.00000333,0.00000095
2.322000,0.00093333,0.00000927,0.00000698,0.00000561,0.00000333,0.00000095
2.324000,0.00093352,0.00000927,0.00000698,0.00000561,0.00000333,0.00000095
2.326000,0.00093371,0.00000927,0.00000698,0.00000561,0.00000333,0.00000095
2.328000,0.00093390,0.00000927,0.00000698,0.00000561,0.00000333,0.00000095
2.330000,0.00093409,0.00000927,0.00000698,0.00000561,0.00000333,0.00000095
2.332000,0.00093428,0.00000927,0.00000698,0.00000561,0.00000333,0.00000095
2.334000,0.00093447,0.00000927,0.00000698,0.00000561,0.00000333,0.00000095
2.336000,0.00093466,0.00000927,0.00000698,0.00000561,0.00000333,0.00000095
2.338000,0.00093486,0.00000928,0.00000698,0.00000561,0.00000333,0.00000095
2.340000,0.00093505,0.00000928,0.00000698,0.00000561,0.00000333,0.00000095
2.342000,0.00093524,0.00000928,0.00000698,0.00000561,0.00000333,0.00000095
2.344000,0.00093543,0.00000928,0.00000698,0.00000561,0.00000333,0.00000095
2.346000,0.00093562,0.00000928,0.00000698,0.00000562,0.00000333,0.00000095
2.348000,0.00093581,0.00000928,0.00000698,0.00000562,0.00000333,0.00000095
2.350000,0.00093601,0.00000928,0.00000698,0.00000562,0.00000333,0.00000095
2.352000,0.00093620,0.00000928,0.00000698,0.00000562,0.00000333,0.00000095
2.354000,0.00093639,0.00000928,0.00000698,0.00000562,0.00000333,0.00000095
2.356000,0.00093658,0.00000928,0.00000698,0.00000562,0.00000333,0.00000095
2.358000,0.00093677,0.00000928,0.00000698,0.00000562,0.00000333,0.00000095
2.360000,0.00093697,0.00000928,0.00000698,0.00000562,0.00000333,0.00000095
2.362000,0.00093716,0.00000928,0.00000698,0.00000562,0.00000333,0.00000095
2.364000,0.00093735,0.00000928,0.00000699,0.00000562,0.00000333,0.00000095
2.366000,0.00093754,0.00000928,0.00000699,0.00000562,0.00000333,0.00000095
2.368000,0.00093773,0.00000928,0.00000699,0.00000562,0.00000333,0.00000095
2.370000,0.00093793,0.00000928,0.00000699,0.00000562,0.00000333,0.00000095
2.372000,0.00093812,0.00000928,0.00000699,0.00000562,0.00000333,0.00000095
2.374000,0.00093831,0.00000929,0.00000699,0.00000562,0.00000333,0.00000095
2.376000,0.00093850,0.00000929,0.00000699,0.00000562,0.00000333,0.00000095
2.378000,0.00093870,0.00000929,0.00000699,0.00000562,0.00000333,0.00000095
2.380000,0.00093889,0.00000929,0.00000699,0.00000562,0.00000333,0.00000095
2.382000,0.00093908,0.00000929,0.00000699,0.00000562,0.00000334,0.00000095
2.384000,0.00093928,0.00000929,0.00000699,0.00000562,0.00000334,0.00000095
2.386000,0.00093947,0.00000929,0.00000699,0.00000562,0.00000334,0.00000095
2.388000,0.00093966,0.00000929,0.00000699,0.00000562,0.00000334,0.00000095
2.390000,0.00093986,0.00000929,0.00000699,0.00000562,0.00000334,0.00000095
2.392000,0.00094005,0.00000929,0.00000699,0.00000562,0.00000334,0.00000095
2.394000,0.00094024,0.00000929,0.00000699,0.00000562,0.00000334,0.00000095
2.396000,0.00094043,0.00000929,0.00000699,0.00000562,0.00000334,0.00000095
2.398000,0.00094063,0.00000929,0.00000699,0.00000562,0.00000334,0.00000095
2.400000,0.00094082,0.00000929,0.00000699,0.00000562,0.00000334,0.00000095
2.402000,0.00094102,0.00000929,0.00000699,0.00000562,0.00000334,0.00000095
2.404000,0.00094121,0.00000929,0.00000699,0.00000562,0.00000334,0.00000095
2.406000,0.00094140,0.00000929,0.00000699,0.00000562,0.00000334,0.00000095
2.408000,0.00094160,0.00000929,0.00000699,0.00000562,0.00000334,0.00000095
2.410000,0.00094179,0.00000929,0.00000699,0.00000563,0.00000334,0.00000095
2.412000,0.00094198,0.00000930,0.00000699,0.00000563,0.00000334,0.00000095
2.414000,0.00094218,0.00000930,0.00000699,0.00000563,0.00000334,0.00000095
2.416000,0.00094237,0.00000930,0.00000700,0.00000563,0.00000334,0.00000095
2.418000,0.00094257,0.00000930,0.00000700,0.00000563,0.00000334,0.00000095
2.420000,0.00094276,0.00000930,0.00000700,0.00000563,0.00000334,0.00000095
2.422000,0.00094295,0.00000930,0.00000700,0.00000563,0.00000334,0.00000095
2.424000,0.00094315,0.00000930,0.00000700,0.00000563,0.00000334,0.00000095
2.426000,0.00094334,0.00000930,0.00000700,0.00000563,0.00000334,0.00000095
2.428000,0.00094354,0.00000930,0.00000700,0.00000563,0.00000334,0.00000095
2.430000,0.00094373,0.00000930,0.00000700,0.00000563,0.00000334,0.00000095
2.432000,0.00094392,0.00000930,0.00000700,0.00000563,0.00000334,0.00000095
2.434000,0.00094412,0.00000930,0.00000700,0.00000563,0.00000334,0.00000095
2.436000,0.00094431,0.00000930,0.00000700,0.00000563,0.00000334,0.00000095
2.438000,0.00094451,0.00000930,0.00000700,0.00000563,0.00000334,0.00000095
2.440000,0.00094470,0.00000930,0.00000700,0.00000563,0.00000334,0.00000095
2.442000,0.00094490,0.00000930,0.00000700,0.00000563,0.00000334,0.00000095
2.444000,0.00094509,0.00000930,0.00000700,0.00000563,0.00000334,0.00000095
2.446000,0.00094529,0.00000930,0.00000700,0.00000563,0.00000334,0.00000095
2.448000,0.00094548,0.00000930,0.00000700,0.00000563,0.00000334,0.00000095
2.450000,0.00094568,0.00000931,0.00000700,0.00000563,0.00000334,0.00000095
2.452000,0.00094587,0.00000931,0.00000700,0.00000563,0.00000334,0.00000095
2.454000,0.00094607,0.00000931,0.00000700,0.00000563,0.00000334,0.00000095
2.456000,0.00094626,0.00000931,0.00000700,0.00000563,0.00000334,0.00000095
2.458000,0.00094646,0.00000931,0.00000700,0.00000563,0.00000334,0.00000095
2.460000,0.00094665,0.00000931,0.00000700,0.00000563,0.00000334,0.00000095
2.462000,0.00094685,0.00000931,0.00000700,0.00000563,0.00000334,0.00000095
2.464000,0.00094704,0.00000931,0.00000700,0.00000563,0.00000334,0.00000095
2.466000,0.00094724,0.00000931,0.00000700,0.00000563,0.00000334,0.00000095
2.468000,0.00094743,0.00000931,0.00000701,0.00000563,0.00000334,0.00000095
2.470000,0.00094763,0.00000931,0.00000701,0.00000563,0.00000334,0.00000095
2.472000,0.00094783,0.00000931,0.00000701,0.00000563,0.00000334,0.00000095
2.474000,0.00094802,0.00000931,0.00000701,0.00000563,0.00000334,0.00000095
2.476000,0.00094822,0.00000931,0.00000701,0.00000564,0.00000334,0.00000095
2.478000,0.00094841,0.00000931,0.00000701,0.00000564,0.00000334,0.00000095
2.480000,0.00094861,0.00000931,0.00000701,0.00000564,0.00000334,0.00000095
2.482000,0.00094880,0.00000931,0.00000701,0.00000564,0.00000334,0.00000095
2.484000,0.00094900,0.00000931,0.00000701,0.00000564,0.00000334,0.00000095
2.486000,0.00094920,0.00000932,0.00000701,0.00000564,0.00000334,0.00000095
2.488000,0.00094939,0.00000932,0.00000701,0.00000564,0.00000334,0.00000095
2.490000,0.00094959,0.00000932,0.00000701,0.00000564,0.00000334,0.00000095
2.492000,0.00094978,0.00000932,0.00000701,0.00000564,0.00000334,0.00000095
2.494000,0.00094998,0.00000932,0.00000701,0.00000564,0.00000334,0.00000095
2.496000,0.00095018,0.00000932,0.00000701,0.00000564,0.00000335,0.00000095
2.498000,0.00095037,0.00000932,0.00000701,0.00000564,0.00000335,0.00000095
2.500000,0.00095057,0.00000932,0.00000701,0.00000564,0.00000335,0.00000095
2.502000,0.00095077,0.00000932,0.00000701,0.00000564,0.00000335,0.00000095
2.504000,0.00095096,0.00000932,0.00000701,0.00000564,0.00000335,0.00000095
2.506000,0.00095116,0.00000932,0.00000701,0.00000564,0.00000335,0.00000095
2.508000,0.00095136,0.00000932,0.00000701,0.00000564,0.00000335,0.00000095
2.510000,0.00095155,0.00000932,0.00000701,0.00000564,0.00000335,0.00000095
2.512000,0.00095175,0.00000932,0.00000701,0.00000564,0.00000335,0.00000095
2.514000,0.00095195,0.00000932,0.00000701,0.00000564,0.00000335,0.00000095
2.516000,0.00095214,0.00000932,0.00000701,0.00000564,0.00000335,0.00000095
2.518000,0.00095234,0.00000932,0.00000701,0.00000564,0.00000335,0.00000095
2.520000,0.00095254,0.00000932,0.00000702,0.00000564,0.00000335,0.00000095
2.522000,0.00095274,0.00000932,0.00000702,0.00000564,0.00000335,0.00000095
2.524000,0.00095293,0.00000933,0.00000702,0.00000564,0.00000335,0.00000095
2.526000,0.00095313,0.00000933,0.00000702,0.00000564,0.00000335,0.00000095
2.528000,0.00095333,0.00000933,0.00000702,0.00000564,0.00000335,0.00000095
2.530000,0.00095352,0.00000933,0.00000702,0.00000564,0.00000335,0.00000095
2.532000,0.00095372,0.00000933,0.00000702,0.00000564,0.00000335,0.00000095
2.534000,0.00095392,0.00000933,0.00000702,0.00000564,0.00000335,0.00000095
2.536000,0.00095412,0.00000933,0.00000702,0.00000564,0.00000335,0.00000095
2.538000,0.00095432,0.00000933,0.00000702,0.00000564,0.00000335,0.00000095
2.540000,0.00095451,0.00000933,0.00000702,0.00000564,0.00000335,0.00000095
2.542000,0.00095471,0.00000933,0.00000702,0.00000565,0.00000335,0.00000095
2.544000,0.00095491,0.00000933,0.00000702,0.00000565,0.00000335,0.00000095
2.546000,0.00095511,0.00000933,0.00000702,0.00000565,0.00000335,0.00000095
2.548000,0.00095531,0.00000933,0.00000702,0.00000565,0.00000335,0.00000095
2.550000,0.00095550,0.00000933,0.00000702,0.00000565,0.00000335,0.00000095
2.552000,0.00095570,0.00000933,0.00000702,0.00000565,0.00000335,0.00000095
2.554000,0.00095590,0.00000933,0.00000702,0.00000565,0.00000335,0.00000095
2.556000,0.00095610,0.00000933,0.00000702,0.00000565,0.00000335,0.00000095
2.558000,0.00095630,0.00000933,0.00000702,0.00000565,0.00000335,0.00000095
2.560000,0.00095650,0.00000934,0.00000702,0.00000565,0.00000335,0.00000095
2.562000,0.00095669,0.00000934,0.00000702,0.00000565,0.00000335,0.00000095
2.564000,0.00095689,0.00000934,0.00000702,0.00000565,0.00000335,0.00000095
2.566000,0.00095709,0.00000934,0.00000702,0.00000565,0.00000335,0.00000095
2.568000,0.00095729,0.00000934,0.00000702,0.00000565,0.00000335,0.00000095
2.570000,0.00095749,0.00000934,0.00000703,0.00000565,0.00000335,0.00000095
2.572000,0.00095769,0.00000934,0.00000703,0.00000565,0.00000335,0.00000095
2.574000,0.00095789,0.00000934,0.00000703,0.00000565,0.00000335,0.00000095
2.576000,0.00095808,0.00000934,0.00000703,0.00000565,0.00000335,0.00000095
2.578000,0.00095828,0.00000934,0.00000703,0.00000565,0.00000335,0.00000095
2.580000,0.00095848,0.00000934,0.00000703,0.00000565,0.00000335,0.00000095
2.582000,0.00095868,0.00000934,0.00000703,0.00000565,0.00000335,0.00000095
2.584000,0.00095888,0.00000934,0.00000703,0.00000565,0.00000335,0.00000095
2.586000,0.00095908,0.00000934,0.00000703,0.00000565,0.00000335,0.00000095
2.588000,0.00095928,0.00000934,0.00000703,0.00000565,0.00000335,0.00000095
2.590000,0.00095948,0.00000934,0.00000703,0.00000565,0.00000335,0.00000095
2.592000,0.00095968,0.00000934,0.00000703,0.00000565,0.00000335,0.00000095
2.594000,0.00095988,0.00000934,0.00000703,0.00000565,0.00000335,0.00000095
2.596000,0.00096008,0.00000934,0.00000703,0.00000565,0.00000335,0.00000095
2.598000,0.00096028,0.00000935,0.00000703,0.00000565,0.00000335,0.00000095
2.600000,0.00096048,0.00000935,0.00000703,0.00000565,0.00000335,0.00000095
2.602000,0.00096068,0.00000935,0.00000703,0.00000565,0.00000335,0.00000095
2.604000,0.00096088,0.00000935,0.00000703,0.00000565,0.00000335,0.00000095
2.606000,0.00096108,0.00000935,0.00000703,0.00000565,0.00000335,0.00000095
2.608000,0.00096128,0.00000935,0.00000703,0.00000566,0.00000335,0.00000095
2.610000,0.00096148,0.00000935,0.00000703,0.00000566,0.00000336,0.00000095
2.612000,0.00096168,0.00000935,0.00000703,0.00000566,0.00000336,0.00000095
2.614000,0.00096188,0.00000935,0.00000703,0.00000566,0.00000336,0.00000095
2.616000,0.00096208,0.00000935,0.00000703,0.00000566,0.00000336,0.00000095
2.618000,0.00096228,0.00000935,0.00000703,0.00000566,0.00000336,0.00000095
2.620000,0.00096248,0.00000935,0.00000703,0.00000566,0.00000336,0.00000095
2.622000,0.00096268,0.00000935,0.00000704,0.00000566,0.00000336,0.00000095
2.624000,0.00096288,0.00000935,0.00000704,0.00000566,0.00000336,0.00000095
2.626000,0.00096308,0.00000935,0.00000704,0.00000566,0.00000336,0.00000095
2.628000,0.00096328,0.00000935,0.00000704,0.00000566,0.00000336,0.00000095
2.630000,0.00096348,0.00000935,0.00000704,0.00000566,0.00000336,0.00000096
2.632000,0.00096368,0.00000935,0.00000704,0.00000566,0.00000336,0.00000096
2.634000,0.00096388,0.00000936,0.00000704,0.00000566,0.00000336,0.00000096
2.636000,0.00096408,0.00000936,0.00000704,0.00000566,0.00000336,0.00000096
2.638000,0.00096428,0.00000936,0.00000704,0.00000566,0.00000336,0.00000096
2.640000,0.00096448,0.00000936,0.00000704,0.00000566,0.00000336,0.00000096
2.642000,0.00096468,0.00000936,0.00000704,0.00000566,0.00000336,0.00000096
2.644000,0.00096489,0.00000936,0.00000704,0.00000566,0.00000336,0.00000096
2.646000,0.00096509,0.00000936,0.00000704,0.00000566,0.00000336,0.00000096
2.648000,0.00096529,0.00000936,0.00000704,0.00000566,0.00000336,0.00000096
2.650000,0.00096549,0.00000936,0.00000704,0.00000566,0.00000336,0.00000096
2.652000,0.00096569,0.00000936,0.00000704,0.00000566,0.00000336,0.00000096
2.654000,0.00096589,0.00000936,0.00000704,0.00000566,0.00000336,0.00000096
2.656000,0.00096609,0.00000936,0.00000704,0.00000566,0.00000336,0.00000096
2.658000,0.00096630,0.00000936,0.00000704,0.00000566,0.00000336,0.00000096
2.660000,0.00096650,0.00000936,0.00000704,0.00000566,0.00000336,0.00000096
2.662000,0.00096670,0.00000936,0.00000704,0.00000566,0.00000336,0.00000096
2.664000,0.00096690,0.00000936,0.00000704,0.00000566,0.00000336,0.00000096
2.666000,0.00096710,0.00000936,0.00000704,0.00000566,0.00000336,0.00000096
2.668000,0.00096731,0.00000936,0.00000704,0.00000566,0.00000336,0.00000096
2.670000,0.00096751,0.00000936,0.00000704,0.00000566,0.00000336,0.00000096
2.672000,0.00096771,0.00000937,0.00000705,0.00000567,0.00000336,0.00000096
2.674000,0.00096791,0.00000937,0.00000705,0.00000567,0.00000336,0.00000096
2.676000,0.00096811,0.00000937,0.00000705,0.00000567,0.00000336,0.00000096
2.678000,0.00096832,0.00000937,0.00000705,0.00000567,0.00000336,0.00000096
2.680000,0.00096852,0.00000937,0.00000705,0.00000567,0.00000336,0.00000096
2.682000,0.00096872,0.00000937,0.00000705,0.00000567,0.00000336,0.00000096
2.684000,0.00096892,0.00000937,0.00000705,0.00000567,0.00000336,0.00000096
2.686000,0.00096913,0.00000937,0.00000705,0.00000567,0.00000336,0.00000096
2.688000,0.00096933,0.00000937,0.00000705,0.00000567,0.00000336,0.00000096
2.690000,0.00096953,0.00000937,0.00000705,0.00000567,0.00000336,0.00000096
2.692000,0.00096973,0.00000937,0.00000705,0.00000567,0.00000336,0.00000096
2.694000,0.00096994,0.00000937,0.00000705,0.00000567,0.00000336,0.00000096
2.696000,0.00097014,0.00000937,0.00000705,0.00000567,0.00000336,0.00000096
2.698000,0.00097034,0.00000937,0.00000705,0.00000567,0.00000336,0.00000096
2.700000,0.00097054,0.00000937,0.00000705,0.00000567,0.00000336,0.00000096
2.702000,0.00097075,0.00000937,0.00000705,0.00000567,0.00000336,0.00000096
2.704000,0.00097095,0.00000937,0.00000705,0.00000567,0.00000336,0.00000096
2.706000,0.00097115,0.00000937,0.00000705,0.00000567,0.00000336,0.00000096
2.708000,0.00097136,0.00000938,0.00000705,0.00000567,0.00000336,0.00000096
2.710000,0.00097156,0.00000938,0.00000705,0.00000567,0.00000336,0.00000096
2.712000,0.00097176,0.00000938,0.00000705,0.00000567,0.00000336,0.00000096
2.714000,0.00097197,0.00000938,0.00000705,0.00000567,0.00000336,0.00000096
2.716000,0.00097217,0.00000938,0.00000705,0.00000567,0.00000336,0.00000096
2.718000,0.00097237,0.00000938,0.00000705,0.00000567,0.00000336,0.00000096
2.720000,0.00097258,0.00000938,0.00000705,0.00000567,0.00000336,0.00000096
2.722000,0.00097278,0.00000938,0.00000705,0.00000567,0.00000336,0.00000096
2.724000,0.00097298,0.00000938,0.00000706,0.00000567,0.00000337,0.00000096
2.726000,0.00097319,0.00000938,0.00000706,0.00000567,0.00000337,0.00000096
2.728000,0.00097339,0.00000938,0.00000706,0.00000567,0.00000337,0.00000096
2.730000,0.00097360,0.00000938,0.00000706,0.00000567,0.00000337,0.00000096
2.732000,0.00097380,0.00000938,0.00000706,0.00000567,0.00000337,0.00000096
2.734000,0.00097401,0.00000938,0.00000706,0.00000567,0.00000337,0.00000096
2.736000,0.00097421,0.00000938,0.00000706,0.00000567,0.00000337,0.00000096
2.738000,0.00097441,0.00000938,0.00000706,0.00000568,0.00000337,0.00000096
2.740000,0.00097462,0.00000938,0.00000706,0.00000568,0.00000337,0.00000096
2.742000,0.00097482,0.00000938,0.00000706,0.00000568,0.00000337,0.00000096
2.744000,0.00097503,0.00000938,0.00000706,0.00000568,0.00000337,0.00000096
2.746000,0.00097523,0.00000939,0.00000706,0.00000568,0.00000337,0.00000096
2.748000,0.00097544,0.00000939,0.00000706,0.00000568,0.00000337,0.00000096
2.750000,0.00097564,0.00000939,0.00000706,0.00000568,0.00000337,0.00000096
2.752000,0.00097585,0.00000939,0.00000706,0.00000568,0.00000337,0.00000096
2.754000,0.00097605,0.00000939,0.00000706,0.00000568,0.00000337,0.00000096
2.756000,0.00097625,0.00000939,0.00000706,0.00000568,0.00000337,0.00000096
2.758000,0.00097646,0.00000939,0.00000706,0.00000568,0.00000337,0.00000096
2.760000,0.00097666,0.00000939,0.00000706,0.00000568,0.00000337,0.00000096
2.762000,0.00097687,0.00000939,0.00000706,0.00000568,0.00000337,0.00000096
2.764000,0.00097707,0.00000939,0.00000706,0.00000568,0.00000337,0.00000096
2.766000,0.00097728,0.00000939,0.00000706,0.00000568,0.00000337,0.00000096
2.768000,0.00097748,0.00000939,0.00000706,0.00000568,0.00000337,0.00000096
2.770000,0.00097769,0.00000939,0.00000706,0.00000568,0.00000337,0.00000096
2.772000,0.00097790,0.00000939,0.00000706,0.00000568,0.00000337,0.00000096
2.774000,0.00097810,0.00000939,0.00000706,0.00000568,0.00000337,0.00000096
2.776000,0.00097831,0.00000939,0.00000707,0.00000568,0.00000337,0.00000096
2.778000,0.00097851,0.00000939,0.00000707,0.00000568,0.00000337,0.00000096
2.780000,0.00097872,0.00000939,0.00000707,0.00000568,0.00000337,0.00000096
2.782000,0.00097892,0.00000940,0.00000707,0.00000568,0.00000337,0.00000096
2.784000,0.00097913,0.00000940,0.00000707,0.00000568,0.00000337,0.00000096
2.786000,0.00097934,0.00000940,0.00000707,0.00000568,0.00000337,0.00000096
2.788000,0.00097954,0.00000940,0.00000707,0.00000568,0.00000337,0.00000096
2.790000,0.00097975,0.00000940,0.00000707,0.00000568,0.00000337,0.00000096
2.792000,0.00097995,0.00000940,0.00000707,0.00000568,0.00000337,0.00000096
2.794000,0.00098016,0.00000940,0.00000707,0.00000568,0.00000337,0.00000096
2.796000,0.00098036,0.00000940,0.00000707,0.00000568,0.00000337,0.00000096
2.798000,0.00098057,0.00000940,0.00000707,0.00000568,0.00000337,0.00000096
2.800000,0.00098078,0.00000940,0.00000707,0.00000568,0.00000337,0.00000096
2.802000,0.00098098,0.00000940,0.00000707,0.00000569,0.00000337,0.00000096
2.804000,0.00098119,0.00000940,0.00000707,0.00000569,0.00000337,0.00000096
2.806000,0.00098140,0.00000940,0.00000707,0.00000569,0.00000337,0.00000096
2.808000,0.00098160,0.00000940,0.00000707,0.00000569,0.00000337,0.00000096
2.810000,0.00098181,0.00000940,0.00000707,0.00000569,0.00000337,0.00000096
2.812000,0.00098202,0.00000940,0.00000707,0.00000569,0.00000337,0.00000096
2.814000,0.00098222,0.00000940,0.00000707,0.00000569,0.00000337,0.00000096
2.816000,0.00098243,0.00000940,0.00000707,0.00000569,0.00000337,0.00000096
2.818000,0.00098264,0.00000941,0.00000707,0.00000569,0.00000337,0.00000096
2.820000,0.00098284,0.00000941,0.00000707,0.00000569,0.00000337,0.00000096
2.822000,0.00098305,0.00000941,0.00000707,0.00000569,0.00000337,0.00000096
2.824000,0.00098326,0.00000941,0.00000707,0.00000569,0.00000337,0.00000096
2.826000,0.00098347,0.00000941,0.00000708,0.00000569,0.00000337,0.00000096
2.828000,0.00098367,0.00000941,0.00000708,0.00000569,0.00000337,0.00000096
2.830000,0.00098388,0.00000941,0.00000708,0.00000569,0.00000337,0.00000096
2.832000,0.00098409,0.00000941,0.00000708,0.00000569,0.00000337,0.00000096
2.834000,0.00098430,0.00000941,0.00000708,0.00000569,0.00000337,0.00000096
2.836000,0.00098450,0.00000941,0.00000708,0.00000569,0.00000338,0.00000096
2.838000,0.00098471,0.00000941,0.00000708,0.00000569,0.00000338,0.00000096
2.840000,0.00098492,0.00000941,0.00000708,0.00000569,0.00000338,0.00000096
2.842000,0.00098513,0.00000941,0.00000708,0.00000569,0.00000338,0.00000096
2.844000,0.00098533,0.00000941,0.00000708,0.00000569,0.00000338,0.00000096
2.846000,0.00098554,0.00000941,0.00000708,0.00000569,0.00000338,0.00000096
2.848000,0.00098575,0.00000941,0.00000708,0.00000569,0.00000338,0.00000096
2.850000,0.00098596,0.00000941,0.00000708,0.00000569,0.00000338,0.00000096
2.852000,0.00098617,0.00000941,0.00000708,0.00000569,0.00000338,0.00000096
2.854000,0.00098637,0.00000941,0.00000708,0.00000569,0.00000338,0.00000096
2.856000,0.00098658,0.00000942,0.00000708,0.00000569,0.00000338,0.00000096
2.858000,0.00098679,0.00000942,0.00000708,0.00000569,0.00000338,0.00000096
2.860000,0.00098700,0.00000942,0.00000708,0.00000569,0.00000338,0.00000096
2.862000,0.00098721,0.00000942,0.00000708,0.00000569,0.00000338,0.00000096
2.864000,0.00098742,0.00000942,0.00000708,0.00000569,0.00000338,0.00000096
2.866000,0.00098762,0.00000942,0.00000708,0.00000570,0.00000338,0.00000096
2.868000,0.00098783,0.00000942,0.00000708,0.00000570,0.00000338,0.00000096
2.870000,0.00098804,0.00000942,0.00000708,0.00000570,0.00000338,0.00000096
2.872000,0.00098825,0.00000942,0.00000708,0.00000570,0.00000338,0.00000096
2.874000,0.00098846,0.00000942,0.00000708,0.00000570,0.00000338,0.00000096
2.876000,0.00098867,0.00000942,0.00000709,0.00000570,0.00000338,0.00000096
2.878000,0.00098888,0.00000942,0.00000709,0.00000570,0.00000338,0.00000096
2.880000,0.00098909,0.00000942,0.00000709,0.00000570,0.00000338,0.00000096
2.882000,0.00098930,0.00000942,0.00000709,0.00000570,0.00000338,0.00000096
2.884000,0.00098950,0.00000942,0.00000709,0.00000570,0.00000338,0.00000096
2.886000,0.00098971,0.00000942,0.00000709,0.00000570,0.00000338,0.00000096
2.888000,0.00098992,0.00000942,0.00000709,0.00000570,0.00000338,0.00000096
2.890000,0.00099013,0.00000942,0.00000709,0.00000570,0.00000338,0.00000096
2.892000,0.00099034,0.00000943,0.00000709,0.00000570,0.00000338,0.00000096
2.894000,0.00099055,0.00000943,0.00000709,0.00000570,0.00000338,0.00000096
2.896000,0.00099076,0.00000943,0.00000709,0.00000570,0.00000338,0.00000096
2.898000,0.00099097,0.00000943,0.00000709,0.00000570,0.00000338,0.00000096
2.900000,0.00099118,0.00000943,0.00000709,0.00000570,0.00000338,0.00000096
2.902000,0.00099139,0.00000943,0.00000709,0.00000570,0.00000338,0.00000096
2.904000,0.00099160,0.00000943,0.00000709,0.00000570,0.00000338,0.00000096
2.906000,0.00099181,0.00000943,0.00000709,0.00000570,0.00000338,0.00000096
2.908000,0.00099202,0.00000943,0.00000709,0.00000570,0.00000338,0.00000096
2.910000,0.00099223,0.00000943,0.00000709,0.00000570,0.00000338,0.00000096
2.912000,0.00099244,0.00000943,0.00000709,0.00000570,0.00000338,0.00000096
2.914000,0.00099265,0.00000943,0.00000709,0.00000570,0.00000338,0.00000096
2.916000,0.00099286,0.00000943,0.00000709,0.00000570,0.00000338,0.00000096
2.918000,0.00099307,0.00000943,0.00000709,0.00000570,0.00000338,0.00000096
2.920000,0.00099328,0.00000943,0.00000709,0.00000570,0.00000338,0.00000096
2.922000,0.00099349,0.00000943,0.00000709,0.00000570,0.00000338,0.00000096
2.924000,0.00099370,0.00000943,0.00000709,0.00000570,0.00000338,0.00000096
2.926000,0.00099391,0.00000943,0.00000709,0.00000570,0.00000338,0.00000096
2.928000,0.00099412,0.00000944,0.00000710,0.00000570,0.00000338,0.00000096
2.930000,0.00099433,0.00000944,0.00000710,0.00000570,0.00000338,0.00000096
2.932000,0.00099455,0.00000944,0.00000710,0.00000571,0.00000338,0.00000096
2.934000,0.00099476,0.00000944,0.00000710,0.00000571,0.00000338,0.00000096
2.936000,0.00099497,0.00000944,0.00000710,0.00000571,0.00000338,0.00000096
2.938000,0.00099518,0.00000944,0.00000710,0.00000571,0.00000338,0.00000096
2.940000,0.00099539,0.00000944,0.00000710,0.00000571,0.00000338,0.00000096
2.942000,0.00099560,0.00000944,0.00000710,0.00000571,0.00000338,0.00000096
2.944000,0.00099581,0.00000944,0.00000710,0.00000571,0.00000338,0.00000096
2.946000,0.00099602,0.00000944,0.00000710,0.00000571,0.00000338,0.00000096
2.948000,0.00099624,0.00000944,0.00000710,0.00000571,0.00000338,0.00000096
2.950000,0.00099645,0.00000944,0.00000710,0.00000571,0.00000339,0.00000096
2.952000,0.00099666,0.00000944,0.00000710,0.00000571,0.00000339,0.00000096
2.954000,0.00099687,0.00000944,0.00000710,0.00000571,0.00000339,0.00000096
2.956000,0.00099708,0.00000944,0.00000710,0.00000571,0.00000339,0.00000096
2.958000,0.00099729,0.00000944,0.00000710,0.00000571,0.00000339,0.00000096
2.960000,0.00099750,0.00000944,0.00000710,0.00000571,0.00000339,0.00000096
2.962000,0.00099772,0.00000944,0.00000710,0.00000571,0.00000339,0.00000096
2.964000,0.00099793,0.00000945,0.00000710,0.00000571,0.00000339,0.00000096
2.966000,0.00099814,0.00000945,0.00000710,0.00000571,0.00000339,0.00000096
2.968000,0.00099835,0.00000945,0.00000710,0.00000571,0.00000339,0.00000096
2.970000,0.00099857,0.00000945,0.00000710,0.00000571,0.00000339,0.00000096
2.972000,0.00099878,0.00000945,0.00000710,0.00000571,0.00000339,0.00000096
2.974000,0.00099899,0.00000945,0.00000710,0.00000571,0.00000339,0.00000096
2.976000,0.00099920,0.00000945,0.00000710,0.00000571,0.00000339,0.00000096
2.978000,0.00099941,0.00000945,0.00000711,0.00000571,0.00000339,0.00000096
2.980000,0.00099963,0.00000945,0.00000711,0.00000571,0.00000339,0.00000096
2.982000,0.00099984,0.00000945,0.00000711,0.00000571,0.00000339,0.00000096
2.984000,0.00100000,0.00000945,0.00000711,0.00000571,0.00000339,0.00000096
2.986000,0.00100000,0.00000945,0.00000711,0.00000571,0.00000339,0.00000096
2.988000,0.00100000,0.00000945,0.00000711,0.00000571,0.00000339,0.00000096
2.990000,0.00100100,0.00000945,0.00000711,0.00000571,0.00000339,0.00000096
2.992000,0.00100100,0.00000945,0.00000711,0.00000571,0.00000339,0.00000096
2.994000,0.00100100,0.00000945,0.00000711,0.00000571,0.00000339,0.00000096
2.996000,0.00100100,0.00000945,0.00000711,0.00000572,0.00000339,0.00000096
2.998000,0.00100200,0.00000945,0.00000711,0.00000572,0.00000339,0.00000096
3.000000,0.00100200,0.00000946,0.00000711,0.00000572,0.00000339,0.00000096
3.002000,0.00100200,0.00000946,0.00000711,0.00000572,0.00000339,0.00000096
3.004000,0.00100200,0.00000946,0.00000711,0.00000572,0.00000339,0.00000096
3.006000,0.00100200,0.00000946,0.00000711,0.00000572,0.00000339,0.00000096
3.008000,0.00100300,0.00000946,0.00000711,0.00000572,0.00000339,0.00000096
3.010000,0.00100300,0.00000946,0.00000711,0.00000572,0.00000339,0.00000096
3.012000,0.00100300,0.00000946,0.00000711,0.00000572,0.00000339,0.00000096
3.014000,0.00100300,0.00000946,0.00000711,0.00000572,0.00000339,0.00000096
3.016000,0.00100300,0.00000946,0.00000711,0.00000572,0.00000339,0.00000096
3.018000,0.00100400,0.00000946,0.00000711,0.00000572,0.00000339,0.00000096
3.020000,0.00100400,0.00000946,0.00000711,0.00000572,0.00000339,0.00000096
3.022000,0.00100400,0.00000946,0.00000711,0.00000572,0.00000339,0.00000096
3.024000,0.00100400,0.00000946,0.00000711,0.00000572,0.00000339,0.00000096
3.026000,0.00100500,0.00000946,0.00000711,0.00000572,0.00000339,0.00000096
3.028000,0.00100500,0.00000946,0.00000712,0.00000572,0.00000339,0.00000096
3.030000,0.00100500,0.00000946,0.00000712,0.00000572,0.00000339,0.00000096
3.032000,0.00100500,0.00000946,0.00000712,0.00000572,0.00000339,0.00000096
3.034000,0.00100500,0.00000946,0.00000712,0.00000572,0.00000339,0.00000096
3.036000,0.00100600,0.00000946,0.00000712,0.00000572,0.00000339,0.00000096
3.038000,0.00100600,0.00000947,0.00000712,0.00000572,0.00000339,0.00000096
3.040000,0.00100600,0.00000947,0.00000712,0.00000572,0.00000339,0.00000096
3.042000,0.00100600,0.00000947,0.00000712,0.00000572,0.00000339,0.00000096
3.044000,0.00100600,0.00000947,0.00000712,0.00000572,0.00000339,0.00000096
3.046000,0.00100700,0.00000947,0.00000712,0.00000572,0.00000339,0.00000096
3.048000,0.00100700,0.00000947,0.00000712,0.00000572,0.00000339,0.00000096
3.050000,0.00100700,0.00000947,0.00000712,0.00000572,0.00000339,0.00000097
3.052000,0.00100700,0.00000947,0.00000712,0.00000572,0.00000339,0.00000097
3.054000,0.00100800,0.00000947,0.00000712,0.00000572,0.00000339,0.00000097
3.056000,0.00100800,0.00000947,0.00000712,0.00000572,0.00000339,0.00000097
3.058000,0.00100800,0.00000947,0.00000712,0.00000572,0.00000339,0.00000097
3.060000,0.00100800,0.00000947,0.00000712,0.00000573,0.00000340,0.00000097
3.062000,0.00100800,0.00000947,0.00000712,0.00000573,0.00000340,0.00000097
3.064000,0.00100900,0.00000947,0.00000712,0.00000573,0.00000340,0.00000097
3.066000,0.00100900,0.00000947,0.00000712,0.00000573,0.00000340,0.00000097
3.068000,0.00100900,0.00000947,0.00000712,0.00000573,0.00000340,0.00000097
3.070000,0.00100900,0.00000947,0.00000712,0.00000573,0.00000340,0.00000097
3.072000,0.00100900,0.00000947,0.00000712,0.00000573,0.00000340,0.00000097
3.074000,0.00101000,0.00000948,0.00000712,0.00000573,0.00000340,0.00000097
3.076000,0.00101000,0.00000948,0.00000712,0.00000573,0.00000340,0.00000097
3.078000,0.00101000,0.00000948,0.00000713,0.00000573,0.00000340,0.00000097
3.080000,0.00101000,0.00000948,0.00000713,0.00000573,0.00000340,0.00000097
3.082000,0.00101100,0.00000948,0.00000713,0.00000573,0.00000340,0.00000097
3.084000,0.00101100,0.00000948,0.00000713,0.00000573,0.00000340,0.00000097
3.086000,0.00101100,0.00000948,0.00000713,0.00000573,0.00000340,0.00000097
3.088000,0.00101100,0.00000948,0.00000713,0.00000573,0.00000340,0.00000097
3.090000,0.00101100,0.00000948,0.00000713,0.00000573,0.00000340,0.00000097
3.092000,0.00101200,0.00000948,0.00000713,0.00000573,0.00000340,0.00000097
3.094000,0.00101200,0.00000948,0.00000713,0.00000573,0.00000340,0.00000097
3.096000,0.00101200,0.00000948,0.00000713,0.00000573,0.00000340,0.00000097
3.098000,0.00101200,0.00000948,0.00000713,0.00000573,0.00000340,0.00000097
3.100000,0.00101300,0.00000948,0.00000713,0.00000573,0.00000340,0.00000097
3.102000,0.00101300,0.00000948,0.00000713,0.00000573,0.00000340,0.00000097
3.104000,0.00101300,0.00000948,0.00000713,0.00000573,0.00000340,0.00000097
3.106000,0.00101300,0.00000948,0.00000713,0.00000573,0.00000340,0.00000097
3.108000,0.00101300,0.00000948,0.00000713,0.00000573,0.00000340,0.00000097
3.110000,0.00101400,0.00000949,0.00000713,0.00000573,0.00000340,0.00000097
3.112000,0.00101400,0.00000949,0.00000713,0.00000573,0.00000340,0.00000097
3.114000,0.00101400,0.00000949,0.00000713,0.00000573,0.00000340,0.00000097
3.116000,0.00101400,0.00000949,0.00000713,0.00000573,0.00000340,0.00000097
3.118000,0.00101400,0.00000949,0.00000713,0.00000573,0.00000340,0.00000097
3.120000,0.00101500,0.00000949,0.00000713,0.00000573,0.00000340,0.00000097
3.122000,0.00101500,0.00000949,0.00000713,0.00000573,0.00000340,0.00000097
3.124000,0.00101500,0.00000949,0.00000713,0.00000574,0.00000340,0.00000097
3.126000,0.00101500,0.00000949,0.00000713,0.00000574,0.00000340,0.00000097
3.128000,0.00101600,0.00000949,0.00000713,0.00000574,0.00000340,0.00000097
3.130000,0.00101600,0.00000949,0.00000714,0.00000574,0.00000340,0.00000097
3.132000,0.00101600,0.00000949,0.00000714,0.00000574,0.00000340,0.00000097
3.134000,0.00101600,0.00000949,0.00000714,0.00000574,0.00000340,0.00000097
3.136000,0.00101600,0.00000949,0.00000714,0.00000574,0.00000340,0.00000097
3.138000,0.00101700,0.00000949,0.00000714,0.00000574,0.00000340,0.00000097
3.140000,0.00101700,0.00000949,0.00000714,0.00000574,0.00000340,0.00000097
3.142000,0.00101700,0.00000949,0.00000714,0.00000574,0.00000340,0.00000097
3.144000,0.00101700,0.00000949,0.00000714,0.00000574,0.00000340,0.00000097
3.146000,0.00101800,0.00000950,0.00000714,0.00000574,0.00000340,0.00000097
3.148000,0.00101800,0.00000950,0.00000714,0.00000574,0.00000340,0.00000097
3.150000,0.00101800,0.00000950,0.00000714,0.00000574,0.00000340,0.00000097
3.152000,0.00101800,0.00000950,0.00000714,0.00000574,0.00000340,0.00000097
3.154000,0.00101800,0.00000950,0.00000714,0.00000574,0.00000340,0.00000097
3.156000,0.00101900,0.00000950,0.00000714,0.00000574,0.00000340,0.00000097
3.158000,0.00101900,0.00000950,0.00000714,0.00000574,0.00000340,0.00000097
3.160000,0.00101900,0.00000950,0.00000714,0.00000574,0.00000340,0.00000097
3.162000,0.00101900,0.00000950,0.00000714,0.00000574,0.00000340,0.00000097
3.164000,0.00101900,0.00000950,0.00000714,0.00000574,0.00000340,0.00000097
3.166000,0.00102000,0.00000950,0.00000714,0.00000574,0.00000340,0.00000097
3.168000,0.00102000,0.00000950,0.00000714,0.00000574,0.00000340,0.00000097
3.170000,0.00102000,0.00000950,0.00000714,0.00000574,0.00000340,0.00000097
3.172000,0.00102000,0.00000950,0.00000714,0.00000574,0.00000341,0.00000097
3.174000,0.00102100,0.00000950,0.00000714,0.00000574,0.00000341,0.00000097
3.176000,0.00102100,0.00000950,0.00000714,0.00000574,0.00000341,0.00000097
3.178000,0.00102100,0.00000950,0.00000714,0.00000574,0.00000341,0.00000097
3.180000,0.00102100,0.00000950,0.00000715,0.00000574,0.00000341,0.00000097
3.182000,0.00102100,0.00000951,0.00000715,0.00000574,0.00000341,0.00000097
3.184000,0.00102200,0.00000951,0.00000715,0.00000574,0.00000341,0.00000097
3.186000,0.00102200,0.00000951,0.00000715,0.00000574,0.00000341,0.00000097
3.188000,0.00102200,0.00000951,0.00000715,0.00000575,0.00000341,0.00000097
3.190000,0.00102200,0.00000951,0.00000715,0.00000575,0.00000341,0.00000097
3.192000,0.00102300,0.00000951,0.00000715,0.00000575,0.00000341,0.00000097
3.194000,0.00102300,0.00000951,0.00000715,0.00000575,0.00000341,0.00000097
3.196000,0.00102300,0.00000951,0.00000715,0.00000575,0.00000341,0.00000097
3.198000,0.00102300,0.00000951,0.00000715,0.00000575,0.00000341,0.00000097
3.200000,0.00102300,0.00000951,0.00000715,0.00000575,0.00000341,0.00000097
3.202000,0.00102400,0.00000951,0.00000715,0.00000575,0.00000341,0.00000097
3.204000,0.00102400,0.00000951,0.00000715,0.00000575,0.00000341,0.00000097
3.206000,0.00102400,0.00000951,0.00000715,0.00000575,0.00000341,0.00000097
3.208000,0.00102400,0.00000951,0.00000715,0.00000575,0.00000341,0.00000097
3.210000,0.00102500,0.00000951,0.00000715,0.00000575,0.00000341,0.00000097
3.212000,0.00102500,0.00000951,0.00000715,0.00000575,0.00000341,0.00000097
3.214000,0.00102500,0.00000951,0.00000715,0.00000575,0.00000341,0.00000097
3.216000,0.00102500,0.00000951,0.00000715,0.00000575,0.00000341,0.00000097
3.218000,0.00102500,0.00000952,0.00000715,0.00000575,0.00000341,0.00000097
3.220000,0.00102600,0.00000952,0.00000715,0.00000575,0.00000341,0.00000097
3.222000,0.00102600,0.00000952,0.00000715,0.00000575,0.00000341,0.00000097
3.224000,0.00102600,0.00000952,0.00000715,0.00000575,0.00000341,0.00000097
3.226000,0.00102600,0.00000952,0.00000715,0.00000575,0.00000341,0.00000097
3.228000,0.00102700,0.00000952,0.00000715,0.00000575,0.00000341,0.00000097
3.230000,0.00102700,0.00000952,0.00000716,0.00000575,0.00000341,0.00000097
3.232000,0.00102700,0.00000952,0.00000716,0.00000575,0.00000341,0.00000097
3.234000,0.00102700,0.00000952,0.00000716,0.00000575,0.00000341,0.00000097
3.236000,0.00102700,0.00000952,0.00000716,0.00000575,0.00000341,0.00000097
3.238000,0.00102800,0.00000952,0.00000716,0.00000575,0.00000341,0.00000097
3.240000,0.00102800,0.00000952,0.00000716,0.00000575,0.00000341,0.00000097
3.242000,0.00102800,0.00000952,0.00000716,0.00000575,0.00000341,0.00000097
3.244000,0.00102800,0.00000952,0.00000716,0.00000575,0.00000341,0.00000097
3.246000,0.00102900,0.00000952,0.00000716,0.00000575,0.00000341,0.00000097
3.248000,0.00102900,0.00000952,0.00000716,0.00000575,0.00000341,0.00000097
3.250000,0.00102900,0.00000952,0.00000716,0.00000576,0.00000341,0.00000097
3.252000,0.00102900,0.00000952,0.00000716,0.00000576,0.00000341,0.00000097
3.254000,0.00102900,0.00000953,0.00000716,0.00000576,0.00000341,0.00000097
3.256000,0.00103000,0.00000953,0.00000716,0.00000576,0.00000341,0.00000097
3.258000,0.00103000,0.00000953,0.00000716,0.00000576,0.00000341,0.00000097
3.260000,0.00103000,0.00000953,0.00000716,0.00000576,0.00000341,0.00000097
3.262000,0.00103000,0.00000953,0.00000716,0.00000576,0.00000341,0.00000097
3.264000,0.00103100,0.00000953,0.00000716,0.00000576,0.00000341,0.00000097
3.266000,0.00103100,0.00000953,0.00000716,0.00000576,0.00000341,0.00000097
3.268000,0.00103100,0.00000953,0.00000716,0.00000576,0.00000341,0.00000097
3.270000,0.00103100,0.00000953,0.00000716,0.00000576,0.00000341,0.00000097
3.272000,0.00103100,0.00000953,0.00000716,0.00000576,0.00000341,0.00000097
3.274000,0.00103200,0.00000953,0.00000716,0.00000576,0.00000341,0.00000097
3.276000,0.00103200,0.00000953,0.00000716,0.00000576,0.00000341,0.00000097
3.278000,0.00103200,0.00000953,0.00000716,0.00000576,0.00000341,0.00000097
3.280000,0.00103200,0.00000953,0.00000717,0.00000576,0.00000341,0.00000097
3.282000,0.00103300,0.00000953,0.00000717,0.00000576,0.00000341,0.00000097
3.284000,0.00103300,0.00000953,0.00000717,0.00000576,0.00000342,0.00000097
3.286000,0.00103300,0.00000953,0.00000717,0.00000576,0.00000342,0.00000097
3.288000,0.00103300,0.00000953,0.00000717,0.00000576,0.00000342,0.00000097
3.290000,0.00103300,0.00000954,0.00000717,0.00000576,0.00000342,0.00000097
3.292000,0.00103400,0.00000954,0.00000717,0.00000576,0.00000342,0.00000097
3.294000,0.00103400,0.00000954,0.00000717,0.00000576,0.00000342,0.00000097
3.296000,0.00103400,0.00000954,0.00000717,0.00000576,0.00000342,0.00000097
3.298000,0.00103400,0.00000954,0.00000717,0.00000576,0.00000342,0.00000097
3.300000,0.00103500,0.00000954,0.00000717,0.00000576,0.00000342,0.00000097
3.302000,0.00103500,0.00000954,0.00000717,0.00000576,0.00000342,0.00000097
3.304000,0.00103500,0.00000954,0.00000717,0.00000576,0.00000342,0.00000097
3.306000,0.00103500,0.00000954,0.00000717,0.00000576,0.00000342,0.00000097
3.308000,0.00103500,0.00000954,0.00000717,0.00000576,0.00000342,0.00000097
3.310000,0.00103600,0.00000954,0.00000717,0.00000576,0.00000342,0.00000097
3.312000,0.00103600,0.00000954,0.00000717,0.00000576,0.00000342,0.00000097
3.314000,0.00103600,0.00000954,0.00000717,0.00000577,0.00000342,0.00000097
3.316000,0.00103600,0.00000954,0.00000717,0.00000577,0.00000342,0.00000097
3.318000,0.00103700,0.00000954,0.00000717,0.00000577,0.00000342,0.00000097
3.320000,0.00103700,0.00000954,0.00000717,0.00000577,0.00000342,0.00000097
3.322000,0.00103700,0.00000954,0.00000717,0.00000577,0.00000342,0.00000097
3.324000,0.00103700,0.00000954,0.00000717,0.00000577,0.00000342,0.00000097
3.326000,0.00103700,0.00000955,0.00000717,0.00000577,0.00000342,0.00000097
3.328000,0.00103800,0.00000955,0.00000718,0.00000577,0.00000342,0.00000097
3.330000,0.00103800,0.00000955,0.00000718,0.00000577,0.00000342,0.00000097
3.332000,0.00103800,0.00000955,0.00000718,0.00000577,0.00000342,0.00000097
3.334000,0.00103800,0.00000955,0.00000718,0.00000577,0.00000342,0.00000097
3.336000,0.00103900,0.00000955,0.00000718,0.00000577,0.00000342,0.00000097
3.338000,0.00103900,0.00000955,0.00000718,0.00000577,0.00000342,0.00000097
3.340000,0.00103900,0.00000955,0.00000718,0.00000577,0.00000342,0.00000097
3.342000,0.00103900,0.00000955,0.00000718,0.00000577,0.00000342,0.00000097
3.344000,0.00104000,0.00000955,0.00000718,0.00000577,0.00000342,0.00000097
3.346000,0.00104000,0.00000955,0.00000718,0.00000577,0.00000342,0.00000097
3.348000,0.00104000,0.00000955,0.00000718,0.00000577,0.00000342,0.00000097
3.350000,0.00104000,0.00000955,0.00000718,0.00000577,0.00000342,0.00000097
3.352000,0.00104000,0.00000955,0.00000718,0.00000577,0.00000342,0.00000097
3.354000,0.00104100,0.00000955,0.00000718,0.00000577,0.00000342,0.00000097
3.356000,0.00104100,0.00000955,0.00000718,0.00000577,0.00000342,0.00000097
3.358000,0.00104100,0.00000955,0.00000718,0.00000577,0.00000342,0.00000097
3.360000,0.00104100,0.00000955,0.00000718,0.00000577,0.00000342,0.00000097
3.362000,0.00104200,0.00000956,0.00000718,0.00000577,0.00000342,0.00000097
3.364000,0.00104200,0.00000956,0.00000718,0.00000577,0.00000342,0.00000097
3.366000,0.00104200,0.00000956,0.00000718,0.00000577,0.00000342,0.00000097
3.368000,0.00104200,0.00000956,0.00000718,0.00000577,0.00000342,0.00000097
3.370000,0.00104200,0.00000956,0.00000718,0.00000577,0.00000342,0.00000097
3.372000,0.00104300,0.00000956,0.00000718,0.00000577,0.00000342,0.00000097
3.374000,0.00104300,0.00000956,0.00000718,0.00000577,0.00000342,0.00000097
3.376000,0.00104300,0.00000956,0.00000718,0.00000577,0.00000342,0.00000097
3.378000,0.00104300,0.00000956,0.00000719,0.00000578,0.00000342,0.00000097
3.380000,0.00104400,0.00000956,0.00000719,0.00000578,0.00000342,0.00000097
3.382000,0.00104400,0.00000956,0.00000719,0.00000578,0.00000342,0.00000097
3.384000,0.00104400,0.00000956,0.00000719,0.00000578,0.00000342,0.00000097
3.386000,0.00104400,0.00000956,0.00000719,0.00000578,0.00000342,0.00000097
3.388000,0.00104400,0.00000956,0.00000719,0.00000578,0.00000342,0.00000097
3.390000,0.00104500,0.00000956,0.00000719,0.00000578,0.00000342,0.00000097
3.392000,0.00104500,0.00000956,0.00000719,0.00000578,0.00000342,0.00000097
3.394000,0.00104500,0.00000956,0.00000719,0.00000578,0.00000343,0.00000097
3.396000,0.00104500,0.00000956,0.00000719,0.00000578,0.00000343,0.00000097
3.398000,0.00104600,0.00000957,0.00000719,0.00000578,0.00000343,0.00000097
3.400000,0.00104600,0.00000957,0.00000719,0.00000578,0.00000343,0.00000097
3.402000,0.00104600,0.00000957,0.00000719,0.00000578,0.00000343,0.00000097
3.404000,0.00104600,0.00000957,0.00000719,0.00000578,0.00000343,0.00000097
3.406000,0.00104700,0.00000957,0.00000719,0.00000578,0.00000343,0.00000097
3.408000,0.00104700,0.00000957,0.00000719,0.00000578,0.00000343,0.00000097
3.410000,0.00104700,0.00000957,0.00000719,0.00000578,0.00000343,0.00000097
3.412000,0.00104700,0.00000957,0.00000719,0.00000578,0.00000343,0.00000097
3.414000,0.00104700,0.00000957,0.00000719,0.00000578,0.00000343,0.00000097
3.416000,0.00104800,0.00000957,0.00000719,0.00000578,0.00000343,0.00000097
3.418000,0.00104800,0.00000957,0.00000719,0.00000578,0.00000343,0.00000097
3.420000,0.00104800,0.00000957,0.00000719,0.00000578,0.00000343,0.00000097
3.422000,0.00104800,0.00000957,0.00000719,0.00000578,0.00000343,0.00000097
3.424000,0.00104900,0.00000957,0.00000719,0.00000578,0.00000343,0.00000097
3.426000,0.00104900,0.00000957,0.00000719,0.00000578,0.00000343,0.00000097
3.428000,0.00104900,0.00000957,0.00000720,0.00000578,0.00000343,0.00000097
3.430000,0.00104900,0.00000957,0.00000720,0.00000578,0.00000343,0.00000097
3.432000,0.00105000,0.00000958,0.00000720,0.00000578,0.00000343,0.00000097
3.434000,0.00105000,0.00000958,0.00000720,0.00000578,0.00000343,0.00000097
3.436000,0.00105000,0.00000958,0.00000720,0.00000578,0.00000343,0.00000097
3.438000,0.00105000,0.00000958,0.00000720,0.00000578,0.00000343,0.00000097
3.440000,0.00105000,0.00000958,0.00000720,0.00000579,0.00000343,0.00000097
3.442000,0.00105100,0.00000958,0.00000720,0.00000579,0.00000343,0.00000097
3.444000,0.00105100,0.00000958,0.00000720,0.00000579,0.00000343,0.00000097
3.446000,0.00105100,0.00000958,0.00000720,0.00000579,0.00000343,0.00000097
3.448000,0.00105100,0.00000958,0.00000720,0.00000579,0.00000343,0.00000097
3.450000,0.00105200,0.00000958,0.00000720,0.00000579,0.00000343,0.00000097
3.452000,0.00105200,0.00000958,0.00000720,0.00000579,0.00000343,0.00000097
3.454000,0.00105200,0.00000958,0.00000720,0.00000579,0.00000343,0.00000097
3.456000,0.00105200,0.00000958,0.00000720,0.00000579,0.00000343,0.00000097
3.458000,0.00105300,0.00000958,0.00000720,0.00000579,0.00000343,0.00000097
3.460000,0.00105300,0.00000958,0.00000720,0.00000579,0.00000343,0.00000097
3.462000,0.00105300,0.00000958,0.00000720,0.00000579,0.00000343,0.00000097
3.464000,0.00105300,0.00000958,0.00000720,0.00000579,0.00000343,0.00000098
3.466000,0.00105300,0.00000958,0.00000720,0.00000579,0.00000343,0.00000098
3.468000,0.00105400,0.00000959,0.00000720,0.00000579,0.00000343,0.00000098
3.470000,0.00105400,0.00000959,0.00000720,0.00000579,0.00000343,0.00000098
3.472000,0.00105400,0.00000959,0.00000720,0.00000579,0.00000343,0.00000098
3.474000,0.00105400,0.00000959,0.00000720,0.00000579,0.00000343,0.00000098
3.476000,0.00105500,0.00000959,0.00000720,0.00000579,0.00000343,0.00000098
3.478000,0.00105500,0.00000959,0.00000721,0.00000579,0.00000343,0.00000098
3.480000,0.00105500,0.00000959,0.00000721,0.00000579,0.00000343,0.00000098
3.482000,0.00105500,0.00000959,0.00000721,0.00000579,0.00000343,0.00000098
3.483999,0.00105600,0.00000959,0.00000721,0.00000579,0.00000343,0.00000098
3.486000,0.00105600,0.00000959,0.00000721,0.00000579,0.00000343,0.00000098
3.488000,0.00105600,0.00000959,0.00000721,0.00000579,0.00000343,0.00000098
3.490000,0.00105600,0.00000959,0.00000721,0.00000579,0.00000343,0.00000098
3.492000,0.00105600,0.00000959,0.00000721,0.00000579,0.00000343,0.00000098
3.493999,0.00105700,0.00000959,0.00000721,0.00000579,0.00000343,0.00000098
3.496000,0.00105700,0.00000959,0.00000721,0.00000579,0.00000343,0.00000098
3.498000,0.00105700,0.00000959,0.00000721,0.00000579,0.00000343,0.00000098
3.500000,0.00105700,0.00000959,0.00000721,0.00000579,0.00000343,0.00000098
3.502000,0.00105800,0.00000959,0.00000721,0.00000579,0.00000343,0.00000098
3.503999,0.00105800,0.00000960,0.00000721,0.00000580,0.00000344,0.00000098
3.506000,0.00105800,0.00000960,0.00000721,0.00000580,0.00000344,0.00000098
3.508000,0.00105800,0.00000960,0.00000721,0.00000580,0.00000344,0.00000098
3.510000,0.00105900,0.00000960,0.00000721,0.00000580,0.00000344,0.00000098
3.512000,0.00105900,0.00000960,0.00000721,0.00000580,0.00000344,0.00000098
3.514000,0.00105900,0.00000960,0.00000721,0.00000580,0.00000344,0.00000098
3.516000,0.00105900,0.00000960,0.00000721,0.00000580,0.00000344,0.00000098
3.518000,0.00105900,0.00000960,0.00000721,0.00000580,0.00000344,0.00000098
3.520000,0.00106000,0.00000960,0.00000721,0.00000580,0.00000344,0.00000098
3.522000,0.00106000,0.00000960,0.00000721,0.00000580,0.00000344,0.00000098
3.524000,0.00106000,0.00000960,0.00000721,0.00000580,0.00000344,0.00000098
3.526000,0.00106000,0.00000960,0.00000721,0.00000580,0.00000344,0.00000098
3.528000,0.00106100,0.00000960,0.00000722,0.00000580,0.00000344,0.00000098
3.530000,0.00106100,0.00000960,0.00000722,0.00000580,0.00000344,0.00000098
3.532000,0.00106100,0.00000960,0.00000722,0.00000580,0.00000344,0.00000098
3.534000,0.00106100,0.00000960,0.00000722,0.00000580,0.00000344,0.00000098
3.536000,0.00106200,0.00000960,0.00000722,0.00000580,0.00000344,0.00000098
3.538000,0.00106200,0.00000960,0.00000722,0.00000580,0.00000344,0.00000098
3.540000,0.00106200,0.00000961,0.00000722,0.00000580,0.00000344,0.00000098
3.542000,0.00106200,0.00000961,0.00000722,0.00000580,0.00000344,0.00000098
3.544000,0.00106200,0.00000961,0.00000722,0.00000580,0.00000344,0.00000098
3.546000,0.00106300,0.00000961,0.00000722,0.00000580,0.00000344,0.00000098
3.548000,0.00106300,0.00000961,0.00000722,0.00000580,0.00000344,0.00000098
3.550000,0.00106300,0.00000961,0.00000722,0.00000580,0.00000344,0.00000098
3.552000,0.00106300,0.00000961,0.00000722,0.00000580,0.00000344,0.00000098
3.554000,0.00106400,0.00000961,0.00000722,0.00000580,0.00000344,0.00000098
3.556000,0.00106400,0.00000961,0.00000722,0.00000580,0.00000344,0.00000098
3.558000,0.00106400,0.00000961,0.00000722,0.00000580,0.00000344,0.00000098
3.560000,0.00106400,0.00000961,0.00000722,0.00000580,0.00000344,0.00000098
3.562000,0.00106500,0.00000961,0.00000722,0.00000580,0.00000344,0.00000098
3.564000,0.00106500,0.00000961,0.00000722,0.00000580,0.00000344,0.00000098
3.566000,0.00106500,0.00000961,0.00000722,0.00000581,0.00000344,0.00000098
3.568000,0.00106500,0.00000961,0.00000722,0.00000581,0.00000344,0.00000098
3.570000,0.00106600,0.00000961,0.00000722,0.00000581,0.00000344,0.00000098
3.572000,0.00106600,0.00000961,0.00000722,0.00000581,0.00000344,0.00000098
3.574000,0.00106600,0.00000961,0.00000722,0.00000581,0.00000344,0.00000098
3.576000,0.00106600,0.00000962,0.00000723,0.00000581,0.00000344,0.00000098
3.578000,0.00106600,0.00000962,0.00000723,0.00000581,0.00000344,0.00000098
3.580000,0.00106700,0.00000962,0.00000723,0.00000581,0.00000344,0.00000098
3.582000,0.00106700,0.00000962,0.00000723,0.00000581,0.00000344,0.00000098
3.584000,0.00106700,0.00000962,0.00000723,0.00000581,0.00000344,0.00000098
3.586000,0.00106700,0.00000962,0.00000723,0.00000581,0.00000344,0.00000098
3.588000,0.00106800,0.00000962,0.00000723,0.00000581,0.00000344,0.00000098
3.590000,0.00106800,0.00000962,0.00000723,0.00000581,0.00000344,0.00000098
3.592000,0.00106800,0.00000962,0.00000723,0.00000581,0.00000344,0.00000098
3.594000,0.00106800,0.00000962,0.00000723,0.00000581,0.00000344,0.00000098
3.596000,0.00106900,0.00000962,0.00000723,0.00000581,0.00000344,0.00000098
3.598000,0.00106900,0.00000962,0.00000723,0.00000581,0.00000344,0.00000098
3.600000,0.00106900,0.00000962,0.00000723,0.00000581,0.00000344,0.00000098
3.602000,0.00106900,0.00000962,0.00000723,0.00000581,0.00000344,0.00000098
3.604000,0.00107000,0.00000962,0.00000723,0.00000581,0.00000344,0.00000098
3.605999,0.00107000,0.00000962,0.00000723,0.00000581,0.00000344,0.00000098
3.608000,0.00107000,0.00000962,0.00000723,0.00000581,0.00000344,0.00000098
3.610000,0.00107000,0.00000963,0.00000723,0.00000581,0.00000344,0.00000098
3.612000,0.00107000,0.00000963,0.00000723,0.00000581,0.00000344,0.00000098
3.614000,0.00107100,0.00000963,0.00000723,0.00000581,0.00000345,0.00000098
3.615999,0.00107100,0.00000963,0.00000723,0.00000581,0.00000345,0.00000098
3.618000,0.00107100,0.00000963,0.00000723,0.00000581,0.00000345,0.00000098
3.620000,0.00107100,0.00000963,0.00000723,0.00000581,0.00000345,0.00000098
3.622000,0.00107200,0.00000963,0.00000723,0.00000581,0.00000345,0.00000098
3.624000,0.00107200,0.00000963,0.00000723,0.00000581,0.00000345,0.00000098
3.625999,0.00107200,0.00000963,0.00000724,0.00000581,0.00000345,0.00000098
3.628000,0.00107200,0.00000963,0.00000724,0.00000582,0.00000345,0.00000098
3.630000,0.00107300,0.00000963,0.00000724,0.00000582,0.00000345,0.00000098
3.632000,0.00107300,0.00000963,0.00000724,0.00000582,0.00000345,0.00000098
3.634000,0.00107300,0.00000963,0.00000724,0.00000582,0.00000345,0.00000098
3.636000,0.00107300,0.00000963,0.00000724,0.00000582,0.00000345,0.00000098
3.638000,0.00107400,0.00000963,0.00000724,0.00000582,0.00000345,0.00000098
3.640000,0.00107400,0.00000963,0.00000724,0.00000582,0.00000345,0.00000098
3.642000,0.00107400,0.00000963,0.00000724,0.00000582,0.00000345,0.00000098
3.644000,0.00107400,0.00000963,0.00000724,0.00000582,0.00000345,0.00000098
3.646000,0.00107500,0.00000964,0.00000724,0.00000582,0.00000345,0.00000098
3.648000,0.00107500,0.00000964,0.00000724,0.00000582,0.00000345,0.00000098
3.650000,0.00107500,0.00000964,0.00000724,0.00000582,0.00000345,0.00000098
3.652000,0.00107500,0.00000964,0.00000724,0.00000582,0.00000345,0.00000098
3.654000,0.00107500,0.00000964,0.00000724,0.00000582,0.00000345,0.00000098
3.656000,0.00107600,0.00000964,0.00000724,0.00000582,0.00000345,0.00000098
3.658000,0.00107600,0.00000964,0.00000724,0.00000582,0.00000345,0.00000098
3.660000,0.00107600,0.00000964,0.00000724,0.00000582,0.00000345,0.00000098
3.662000,0.00107600,0.00000964,0.00000724,0.00000582,0.00000345,0.00000098
3.664000,0.00107700,0.00000964,0.00000724,0.00000582,0.00000345,0.00000098
3.666000,0.00107700,0.00000964,0.00000724,0.00000582,0.00000345,0.00000098
3.668000,0.00107700,0.00000964,0.00000724,0.00000582,0.00000345,0.00000098
3.670000,0.00107700,0.00000964,0.00000724,0.00000582,0.00000345,0.00000098
3.672000,0.00107800,0.00000964,0.00000724,0.00000582,0.00000345,0.00000098
3.674000,0.00107800,0.00000964,0.00000725,0.00000582,0.00000345,0.00000098
3.676000,0.00107800,0.00000964,0.00000725,0.00000582,0.00000345,0.00000098
3.678000,0.00107800,0.00000964,0.00000725,0.00000582,0.00000345,0.00000098
3.680000,0.00107900,0.00000964,0.00000725,0.00000582,0.00000345,0.00000098
3.682000,0.00107900,0.00000965,0.00000725,0.00000582,0.00000345,0.00000098
3.684000,0.00107900,0.00000965,0.00000725,0.00000582,0.00000345,0.00000098
3.686000,0.00107900,0.00000965,0.00000725,0.00000582,0.00000345,0.00000098
3.688000,0.00108000,0.00000965,0.00000725,0.00000582,0.00000345,0.00000098
3.690000,0.00108000,0.00000965,0.00000725,0.00000582,0.00000345,0.00000098
3.692000,0.00108000,0.00000965,0.00000725,0.00000583,0.00000345,0.00000098
3.694000,0.00108000,0.00000965,0.00000725,0.00000583,0.00000345,0.00000098
3.696000,0.00108000,0.00000965,0.00000725,0.00000583,0.00000345,0.00000098
3.698000,0.00108100,0.00000965,0.00000725,0.00000583,0.00000345,0.00000098
3.700000,0.00108100,0.00000965,0.00000725,0.00000583,0.00000345,0.00000098
3.702000,0.00108100,0.00000965,0.00000725,0.00000583,0.00000345,0.00000098
3.704000,0.00108100,0.00000965,0.00000725,0.00000583,0.00000345,0.00000098
3.706000,0.00108200,0.00000965,0.00000725,0.00000583,0.00000345,0.00000098
3.708000,0.00108200,0.00000965,0.00000725,0.00000583,0.00000345,0.00000098
3.710000,0.00108200,0.00000965,0.00000725,0.00000583,0.00000345,0.00000098
3.712000,0.00108200,0.00000965,0.00000725,0.00000583,0.00000345,0.00000098
3.714000,0.00108300,0.00000965,0.00000725,0.00000583,0.00000345,0.00000098
3.716000,0.00108300,0.00000966,0.00000725,0.00000583,0.00000345,0.00000098
3.717999,0.00108300,0.00000966,0.00000725,0.00000583,0.00000345,0.00000098
3.720000,0.00108300,0.00000966,0.00000725,0.00000583,0.00000345,0.00000098
3.722000,0.00108400,0.00000966,0.00000725,0.00000583,0.00000346,0.00000098
3.724000,0.00108400,0.00000966,0.00000726,0.00000583,0.00000346,0.00000098
3.726000,0.00108400,0.00000966,0.00000726,0.00000583,0.00000346,0.00000098
3.727999,0.00108400,0.00000966,0.00000726,0.00000583,0.00000346,0.00000098
3.730000,0.00108500,0.00000966,0.00000726,0.00000583,0.00000346,0.00000098
3.732000,0.00108500,0.00000966,0.00000726,0.00000583,0.00000346,0.00000098
3.734000,0.00108500,0.00000966,0.00000726,0.00000583,0.00000346,0.00000098
3.736000,0.00108500,0.00000966,0.00000726,0.00000583,0.00000346,0.00000098
3.737999,0.00108600,0.00000966,0.00000726,0.00000583,0.00000346,0.00000098
3.740000,0.00108600,0.00000966,0.00000726,0.00000583,0.00000346,0.00000098
3.742000,0.00108600,0.00000966,0.00000726,0.00000583,0.00000346,0.00000098
3.744000,0.00108600,0.00000966,0.00000726,0.00000583,0.00000346,0.00000098
3.746000,0.00108700,0.00000966,0.00000726,0.00000583,0.00000346,0.00000098
3.748000,0.00108700,0.00000966,0.00000726,0.00000583,0.00000346,0.00000098
3.750000,0.00108700,0.00000966,0.00000726,0.00000583,0.00000346,0.00000098
3.752000,0.00108700,0.00000967,0.00000726,0.00000583,0.00000346,0.00000098
3.754000,0.00108700,0.00000967,0.00000726,0.00000584,0.00000346,0.00000098
3.756000,0.00108800,0.00000967,0.00000726,0.00000584,0.00000346,0.00000098
3.758000,0.00108800,0.00000967,0.00000726,0.00000584,0.00000346,0.00000098
3.760000,0.00108800,0.00000967,0.00000726,0.00000584,0.00000346,0.00000098
3.762000,0.00108800,0.00000967,0.00000726,0.00000584,0.00000346,0.00000098
3.764000,0.00108900,0.00000967,0.00000726,0.00000584,0.00000346,0.00000098
3.766000,0.00108900,0.00000967,0.00000726,0.00000584,0.00000346,0.00000098
3.768000,0.00108900,0.00000967,0.00000726,0.00000584,0.00000346,0.00000098
3.770000,0.00108900,0.00000967,0.00000726,0.00000584,0.00000346,0.00000098
3.772000,0.00109000,0.00000967,0.00000727,0.00000584,0.00000346,0.00000098
3.774000,0.00109000,0.00000967,0.00000727,0.00000584,0.00000346,0.00000098
3.776000,0.00109000,0.00000967,0.00000727,0.00000584,0.00000346,0.00000098
3.778000,0.00109000,0.00000967,0.00000727,0.00000584,0.00000346,0.00000098
3.780000,0.00109100,0.00000967,0.00000727,0.00000584,0.00000346,0.00000098
3.782000,0.00109100,0.00000967,0.00000727,0.00000584,0.00000346,0.00000098
3.784000,0.00109100,0.00000967,0.00000727,0.00000584,0.00000346,0.00000098
3.786000,0.00109100,0.00000968,0.00000727,0.00000584,0.00000346,0.00000098
3.788000,0.00109200,0.00000968,0.00000727,0.00000584,0.00000346,0.00000098
3.790000,0.00109200,0.00000968,0.00000727,0.00000584,0.00000346,0.00000098
3.792000,0.00109200,0.00000968,0.00000727,0.00000584,0.00000346,0.00000098
3.794000,0.00109200,0.00000968,0.00000727,0.00000584,0.00000346,0.00000098
3.796000,0.00109300,0.00000968,0.00000727,0.00000584,0.00000346,0.00000098
3.798000,0.00109300,0.00000968,0.00000727,0.00000584,0.00000346,0.00000098
3.800000,0.00109300,0.00000968,0.00000727,0.00000584,0.00000346,0.00000098
3.802000,0.00109300,0.00000968,0.00000727,0.00000584,0.00000346,0.00000098
3.804000,0.00109400,0.00000968,0.00000727,0.00000584,0.00000346,0.00000098
3.806000,0.00109400,0.00000968,0.00000727,0.00000584,0.00000346,0.00000098
3.808000,0.00109400,0.00000968,0.00000727,0.00000584,0.00000346,0.00000098
3.810000,0.00109400,0.00000968,0.00000727,0.00000584,0.00000346,0.00000098
3.812000,0.00109500,0.00000968,0.00000727,0.00000584,0.00000346,0.00000098
3.814000,0.00109500,0.00000968,0.00000727,0.00000584,0.00000346,0.00000098
3.816000,0.00109500,0.00000968,0.00000727,0.00000585,0.00000346,0.00000098
3.818000,0.00109500,0.00000968,0.00000727,0.00000585,0.00000346,0.00000098
3.820000,0.00109600,0.00000968,0.00000727,0.00000585,0.00000346,0.00000098
3.822000,0.00109600,0.00000969,0.00000728,0.00000585,0.00000346,0.00000098
3.824000,0.00109600,0.00000969,0.00000728,0.00000585,0.00000346,0.00000098
3.826000,0.00109600,0.00000969,0.00000728,0.00000585,0.00000346,0.00000098
3.828000,0.00109700,0.00000969,0.00000728,0.00000585,0.00000346,0.00000098
3.830000,0.00109700,0.00000969,0.00000728,0.00000585,0.00000347,0.00000098
3.832000,0.00109700,0.00000969,0.00000728,0.00000585,0.00000347,0.00000098
3.834000,0.00109700,0.00000969,0.00000728,0.00000585,0.00000347,0.00000098
3.836000,0.00109700,0.00000969,0.00000728,0.00000585,0.00000347,0.00000098
3.838000,0.00109800,0.00000969,0.00000728,0.00000585,0.00000347,0.00000098
3.839999,0.00109800,0.00000969,0.00000728,0.00000585,0.00000347,0.00000098
3.842000,0.00109800,0.00000969,0.00000728,0.00000585,0.00000347,0.00000098
3.844000,0.00109800,0.00000969,0.00000728,0.00000585,0.00000347,0.00000098
3.846000,0.00109900,0.00000969,0.00000728,0.00000585,0.00000347,0.00000098
3.848000,0.00109900,0.00000969,0.00000728,0.00000585,0.00000347,0.00000098
3.849999,0.00109900,0.00000969,0.00000728,0.00000585,0.00000347,0.00000098
3.852000,0.00109900,0.00000969,0.00000728,0.00000585,0.00000347,0.00000098
3.854000,0.00110000,0.00000969,0.00000728,0.00000585,0.00000347,0.00000098
3.856000,0.00110000,0.00000970,0.00000728,0.00000585,0.00000347,0.00000098
3.858000,0.00110000,0.00000970,0.00000728,0.00000585,0.00000347,0.00000098
3.860000,0.00110000,0.00000970,0.00000728,0.00000585,0.00000347,0.00000098
3.862000,0.00110100,0.00000970,0.00000728,0.00000585,0.00000347,0.00000098
3.864000,0.00110100,0.00000970,0.00000728,0.00000585,0.00000347,0.00000098
3.866000,0.00110100,0.00000970,0.00000728,0.00000585,0.00000347,0.00000098
3.868000,0.00110100,0.00000970,0.00000728,0.00000585,0.00000347,0.00000098
3.870000,0.00110200,0.00000970,0.00000729,0.00000585,0.00000347,0.00000098
3.872000,0.00110200,0.00000970,0.00000729,0.00000585,0.00000347,0.00000099
3.874000,0.00110200,0.00000970,0.00000729,0.00000585,0.00000347,0.00000099
3.876000,0.00110200,0.00000970,0.00000729,0.00000585,0.00000347,0.00000099
3.878000,0.00110300,0.00000970,0.00000729,0.00000586,0.00000347,0.00000099
3.880000,0.00110300,0.00000970,0.00000729,0.00000586,0.00000347,0.00000099
3.882000,0.00110300,0.00000970,0.00000729,0.00000586,0.00000347,0.00000099
3.884000,0.00110300,0.00000970,0.00000729,0.00000586,0.00000347,0.00000099
3.886000,0.00110400,0.00000970,0.00000729,0.00000586,0.00000347,0.00000099
3.888000,0.00110400,0.00000970,0.00000729,0.00000586,0.00000347,0.00000099
3.890000,0.00110400,0.00000970,0.00000729,0.00000586,0.00000347,0.00000099
3.892000,0.00110400,0.00000971,0.00000729,0.00000586,0.00000347,0.00000099
3.894000,0.00110500,0.00000971,0.00000729,0.00000586,0.00000347,0.00000099
3.896000,0.00110500,0.00000971,0.00000729,0.00000586,0.00000347,0.00000099
3.898000,0.00110500,0.00000971,0.00000729,0.00000586,0.00000347,0.00000099
3.900000,0.00110500,0.00000971,0.00000729,0.00000586,0.00000347,0.00000099
3.902000,0.00110600,0.00000971,0.00000729,0.00000586,0.00000347,0.00000099
3.904000,0.00110600,0.00000971,0.00000729,0.00000586,0.00000347,0.00000099
3.906000,0.00110600,0.00000971,0.00000729,0.00000586,0.00000347,0.00000099
3.908000,0.00110600,0.00000971,0.00000729,0.00000586,0.00000347,0.00000099
3.910000,0.00110700,0.00000971,0.00000729,0.00000586,0.00000347,0.00000099
3.912000,0.00110700,0.00000971,0.00000729,0.00000586,0.00000347,0.00000099
3.914000,0.00110700,0.00000971,0.00000729,0.00000586,0.00000347,0.00000099
3.916000,0.00110700,0.00000971,0.00000729,0.00000586,0.00000347,0.00000099
3.918000,0.00110800,0.00000971,0.00000730,0.00000586,0.00000347,0.00000099
3.920000,0.00110800,0.00000971,0.00000730,0.00000586,0.00000347,0.00000099
3.922000,0.00110800,0.00000971,0.00000730,0.00000586,0.00000347,0.00000099
3.924000,0.00110800,0.00000971,0.00000730,0.00000586,0.00000347,0.00000099
3.926000,0.00110900,0.00000972,0.00000730,0.00000586,0.00000347,0.00000099
3.928000,0.00110900,0.00000972,0.00000730,0.00000586,0.00000347,0.00000099
3.930000,0.00110900,0.00000972,0.00000730,0.00000586,0.00000347,0.00000099
3.932000,0.00110900,0.00000972,0.00000730,0.00000586,0.00000347,0.00000099
3.934000,0.00111000,0.00000972,0.00000730,0.00000586,0.00000347,0.00000099
3.936000,0.00111000,0.00000972,0.00000730,0.00000586,0.00000347,0.00000099
3.938000,0.00111000,0.00000972,0.00000730,0.00000586,0.00000348,0.00000099
3.940000,0.00111000,0.00000972,0.00000730,0.00000587,0.00000348,0.00000099
3.942000,0.00111100,0.00000972,0.00000730,0.00000587,0.00000348,0.00000099
3.944000,0.00111100,0.00000972,0.00000730,0.00000587,0.00000348,0.00000099
3.946000,0.00111100,0.00000972,0.00000730,0.00000587,0.00000348,0.00000099
3.948000,0.00111100,0.00000972,0.00000730,0.00000587,0.00000348,0.00000099
3.950000,0.00111200,0.00000972,0.00000730,0.00000587,0.00000348,0.00000099
3.951999,0.00111200,0.00000972,0.00000730,0.00000587,0.00000348,0.00000099
3.954000,0.00111200,0.00000972,0.00000730,0.00000587,0.00000348,0.00000099
3.956000,0.00111200,0.00000972,0.00000730,0.00000587,0.00000348,0.00000099
3.958000,0.00111300,0.00000972,0.00000730,0.00000587,0.00000348,0.00000099
3.960000,0.00111300,0.00000972,0.00000730,0.00000587,0.00000348,0.00000099
3.961999,0.00111300,0.00000973,0.00000730,0.00000587,0.00000348,0.00000099
3.964000,0.00111300,0.00000973,0.00000730,0.00000587,0.00000348,0.00000099
3.966000,0.00111400,0.00000973,0.00000730,0.00000587,0.00000348,0.00000099
3.968000,0.00111400,0.00000973,0.00000731,0.00000587,0.00000348,0.00000099
3.970000,0.00111400,0.00000973,0.00000731,0.00000587,0.00000348,0.00000099
3.972000,0.00111400,0.00000973,0.00000731,0.00000587,0.00000348,0.00000099
3.974000,0.00111500,0.00000973,0.00000731,0.00000587,0.00000348,0.00000099
3.976000,0.00111500,0.00000973,0.00000731,0.00000587,0.00000348,0.00000099
3.978000,0.00111500,0.00000973,0.00000731,0.00000587,0.00000348,0.00000099
3.980000,0.00111500,0.00000973,0.00000731,0.00000587,0.00000348,0.00000099
3.982000,0.00111600,0.00000973,0.00000731,0.00000587,0.00000348,0.00000099
3.984000,0.00111600,0.00000973,0.00000731,0.00000587,0.00000348,0.00000099
3.986000,0.00111600,0.00000973,0.00000731,0.00000587,0.00000348,0.00000099
3.988000,0.00111600,0.00000973,0.00000731,0.00000587,0.00000348,0.00000099
3.990000,0.00111700,0.00000973,0.00000731,0.00000587,0.00000348,0.00000099
3.992000,0.00111700,0.00000973,0.00000731,0.00000587,0.00000348,0.00000099
3.994000,0.00111700,0.00000973,0.00000731,0.00000587,0.00000348,0.00000099
3.996000,0.00111700,0.00000974,0.00000731,0.00000587,0.00000348,0.00000099
3.998000,0.00111800,0.00000974,0.00000731,0.00000587,0.00000348,0.00000099
4.000000,0.00111800,0.00000974,0.00000731,0.00000588,0.00000348,0.00000099
4.002000,0.00111800,0.00000974,0.00000731,0.00000588,0.00000348,0.00000099
4.004000,0.00111800,0.00000974,0.00000731,0.00000588,0.00000348,0.00000099
4.006000,0.00111900,0.00000974,0.00000731,0.00000588,0.00000348,0.00000099
4.008000,0.00111900,0.00000974,0.00000731,0.00000588,0.00000348,0.00000099
4.010000,0.00111900,0.00000974,0.00000731,0.00000588,0.00000348,0.00000099
4.012000,0.00111900,0.00000974,0.00000731,0.00000588,0.00000348,0.00000099
4.013999,0.00112000,0.00000974,0.00000731,0.00000588,0.00000348,0.00000099
4.016000,0.00112000,0.00000974,0.00000732,0.00000588,0.00000348,0.00000099
4.018000,0.00112000,0.00000974,0.00000732,0.00000588,0.00000348,0.00000099
4.020000,0.00112000,0.00000974,0.00000732,0.00000588,0.00000348,0.00000099
4.022000,0.00112100,0.00000974,0.00000732,0.00000588,0.00000348,0.00000099
4.024000,0.00112100,0.00000974,0.00000732,0.00000588,0.00000348,0.00000099
4.026000,0.00112100,0.00000974,0.00000732,0.00000588,0.00000348,0.00000099
4.028000,0.00112200,0.00000974,0.00000732,0.00000588,0.00000348,0.00000099
4.030000,0.00112200,0.00000974,0.00000732,0.00000588,0.00000348,0.00000099
4.032000,0.00112200,0.00000975,0.00000732,0.00000588,0.00000348,0.00000099
4.033999,0.00112200,0.00000975,0.00000732,0.00000588,0.00000348,0.00000099
4.036000,0.00112300,0.00000975,0.00000732,0.00000588,0.00000348,0.00000099
4.038000,0.00112300,0.00000975,0.00000732,0.00000588,0.00000348,0.00000099
4.040000,0.00112300,0.00000975,0.00000732,0.00000588,0.00000348,0.00000099
4.042000,0.00112300,0.00000975,0.00000732,0.00000588,0.00000348,0.00000099
4.044000,0.00112400,0.00000975,0.00000732,0.00000588,0.00000348,0.00000099
4.046000,0.00112400,0.00000975,0.00000732,0.00000588,0.00000349,0.00000099
4.048000,0.00112400,0.00000975,0.00000732,0.00000588,0.00000349,0.00000099
4.050000,0.00112400,0.00000975,0.00000732,0.00000588,0.00000349,0.00000099
4.052000,0.00112500,0.00000975,0.00000732,0.00000588,0.00000349,0.00000099
4.053999,0.00112500,0.00000975,0.00000732,0.00000588,0.00000349,0.00000099
4.056000,0.00112500,0.00000975,0.00000732,0.00000588,0.00000349,0.00000099
4.058000,0.00112500,0.00000975,0.00000732,0.00000588,0.00000349,0.00000099
4.060000,0.00112600,0.00000975,0.00000732,0.00000588,0.00000349,0.00000099
4.062000,0.00112600,0.00000975,0.00000732,0.00000589,0.00000349,0.00000099
4.064000,0.00112600,0.00000975,0.00000733,0.00000589,0.00000349,0.00000099
4.066000,0.00112600,0.00000976,0.00000733,0.00000589,0.00000349,0.00000099
4.068000,0.00112700,0.00000976,0.00000733,0.00000589,0.00000349,0.00000099
4.070000,0.00112700,0.00000976,0.00000733,0.00000589,0.00000349,0.00000099
4.072000,0.00112700,0.00000976,0.00000733,0.00000589,0.00000349,0.00000099
4.073999,0.00112700,0.00000976,0.00000733,0.00000589,0.00000349,0.00000099
4.076000,0.00112800,0.00000976,0.00000733,0.00000589,0.00000349,0.00000099
4.078000,0.00112800,0.00000976,0.00000733,0.00000589,0.00000349,0.00000099
4.080000,0.00112800,0.00000976,0.00000733,0.00000589,0.00000349,0.00000099
4.082000,0.00112800,0.00000976,0.00000733,0.00000589,0.00000349,0.00000099
4.084000,0.00112900,0.00000976,0.00000733,0.00000589,0.00000349,0.00000099
4.085999,0.00112900,0.00000976,0.00000733,0.00000589,0.00000349,0.00000099
4.087999,0.00112900,0.00000976,0.00000733,0.00000589,0.00000349,0.00000099
4.090000,0.00112900,0.00000976,0.00000733,0.00000589,0.00000349,0.00000099
4.092000,0.00113000,0.00000976,0.00000733,0.00000589,0.00000349,0.00000099
4.094000,0.00113000,0.00000976,0.00000733,0.00000589,0.00000349,0.00000099
4.096000,0.00113000,0.00000976,0.00000733,0.00000589,0.00000349,0.00000099
4.098000,0.00113000,0.00000976,0.00000733,0.00000589,0.00000349,0.00000099
4.100000,0.00113100,0.00000977,0.00000733,0.00000589,0.00000349,0.00000099
4.102000,0.00113100,0.00000977,0.00000733,0.00000589,0.00000349,0.00000099
4.104000,0.00113100,0.00000977,0.00000733,0.00000589,0.00000349,0.00000099
4.105999,0.00113100,0.00000977,0.00000733,0.00000589,0.00000349,0.00000099
4.107999,0.00113200,0.00000977,0.00000733,0.00000589,0.00000349,0.00000099
4.110000,0.00113200,0.00000977,0.00000733,0.00000589,0.00000349,0.00000099
4.112000,0.00113200,0.00000977,0.00000734,0.00000589,0.00000349,0.00000099
4.114000,0.00113300,0.00000977,0.00000734,0.00000589,0.00000349,0.00000099
4.116000,0.00113300,0.00000977,0.00000734,0.00000589,0.00000349,0.00000099
4.118000,0.00113300,0.00000977,0.00000734,0.00000589,0.00000349,0.00000099
4.120000,0.00113300,0.00000977,0.00000734,0.00000589,0.00000349,0.00000099
4.122000,0.00113400,0.00000977,0.00000734,0.00000589,0.00000349,0.00000099
4.124000,0.00113400,0.00000977,0.00000734,0.00000590,0.00000349,0.00000099
4.125999,0.00113400,0.00000977,0.00000734,0.00000590,0.00000349,0.00000099
4.128000,0.00113400,0.00000977,0.00000734,0.00000590,0.00000349,0.00000099
4.130000,0.00113500,0.00000977,0.00000734,0.00000590,0.00000349,0.00000099
4.131999,0.00113500,0.00000977,0.00000734,0.00000590,0.00000349,0.00000099
4.134000,0.00113500,0.00000977,0.00000734,0.00000590,0.00000349,0.00000099
4.136000,0.00113500,0.00000978,0.00000734,0.00000590,0.00000349,0.00000099
4.138000,0.00113600,0.00000978,0.00000734,0.00000590,0.00000349,0.00000099
4.140000,0.00113600,0.00000978,0.00000734,0.00000590,0.00000349,0.00000099
4.142000,0.00113600,0.00000978,0.00000734,0.00000590,0.00000349,0.00000099
4.144000,0.00113600,0.00000978,0.00000734,0.00000590,0.00000349,0.00000099
4.145999,0.00113700,0.00000978,0.00000734,0.00000590,0.00000349,0.00000099
4.148000,0.00113700,0.00000978,0.00000734,0.00000590,0.00000349,0.00000099
4.150000,0.00113700,0.00000978,0.00000734,0.00000590,0.00000349,0.00000099
4.151999,0.00113700,0.00000978,0.00000734,0.00000590,0.00000349,0.00000099
4.154000,0.00113800,0.00000978,0.00000734,0.00000590,0.00000350,0.00000099
4.156000,0.00113800,0.00000978,0.00000734,0.00000590,0.00000350,0.00000099
4.158000,0.00113800,0.00000978,0.00000734,0.00000590,0.00000350,0.00000099
4.160000,0.00113800,0.00000978,0.00000735,0.00000590,0.00000350,0.00000099
4.162000,0.00113900,0.00000978,0.00000735,0.00000590,0.00000350,0.00000099
4.164000,0.00113900,0.00000978,0.00000735,0.00000590,0.00000350,0.00000099
4.165999,0.00113900,0.00000978,0.00000735,0.00000590,0.00000350,0.00000099
4.168000,0.00114000,0.00000978,0.00000735,0.00000590,0.00000350,0.00000099
4.170000,0.00114000,0.00000979,0.00000735,0.00000590,0.00000350,0.00000099
4.172000,0.00114000,0.00000979,0.00000735,0.00000590,0.00000350,0.00000099
4.174000,0.00114000,0.00000979,0.00000735,0.00000590,0.00000350,0.00000099
4.176000,0.00114100,0.00000979,0.00000735,0.00000590,0.00000350,0.00000099
4.178000,0.00114100,0.00000979,0.00000735,0.00000590,0.00000350,0.00000099
4.180000,0.00114100,0.00000979,0.00000735,0.00000590,0.00000350,0.00000099
4.182000,0.00114100,0.00000979,0.00000735,0.00000590,0.00000350,0.00000099
4.184000,0.00114200,0.00000979,0.00000735,0.00000591,0.00000350,0.00000099
4.185999,0.00114200,0.00000979,0.00000735,0.00000591,0.00000350,0.00000099
4.188000,0.00114200,0.00000979,0.00000735,0.00000591,0.00000350,0.00000099
4.190000,0.00114200,0.00000979,0.00000735,0.00000591,0.00000350,0.00000099
4.192000,0.00114300,0.00000979,0.00000735,0.00000591,0.00000350,0.00000099
4.194000,0.00114300,0.00000979,0.00000735,0.00000591,0.00000350,0.00000099
4.196000,0.00114300,0.00000979,0.00000735,0.00000591,0.00000350,0.00000099
4.198000,0.00114300,0.00000979,0.00000735,0.00000591,0.00000350,0.00000099
4.199999,0.00114400,0.00000979,0.00000735,0.00000591,0.00000350,0.00000099
4.202000,0.00114400,0.00000979,0.00000735,0.00000591,0.00000350,0.00000099
4.204000,0.00114400,0.00000980,0.00000735,0.00000591,0.00000350,0.00000099
4.206000,0.00114400,0.00000980,0.00000735,0.00000591,0.00000350,0.00000099
4.208000,0.00114500,0.00000980,0.00000736,0.00000591,0.00000350,0.00000099
4.210000,0.00114500,0.00000980,0.00000736,0.00000591,0.00000350,0.00000099
4.212000,0.00114500,0.00000980,0.00000736,0.00000591,0.00000350,0.00000099
4.214000,0.00114600,0.00000980,0.00000736,0.00000591,0.00000350,0.00000099
4.216000,0.00114600,0.00000980,0.00000736,0.00000591,0.00000350,0.00000099
4.217999,0.00114600,0.00000980,0.00000736,0.00000591,0.00000350,0.00000099
4.219999,0.00114600,0.00000980,0.00000736,0.00000591,0.00000350,0.00000099
4.222000,0.00114700,0.00000980,0.00000736,0.00000591,0.00000350,0.00000099
4.224000,0.00114700,0.00000980,0.00000736,0.00000591,0.00000350,0.00000099
4.226000,0.00114700,0.00000980,0.00000736,0.00000591,0.00000350,0.00000099
4.228000,0.00114700,0.00000980,0.00000736,0.00000591,0.00000350,0.00000099
4.230000,0.00114800,0.00000980,0.00000736,0.00000591,0.00000350,0.00000099
4.232000,0.00114800,0.00000980,0.00000736,0.00000591,0.00000350,0.00000099
4.234000,0.00114800,0.00000980,0.00000736,0.00000591,0.00000350,0.00000099
4.236000,0.00114800,0.00000980,0.00000736,0.00000591,0.00000350,0.00000099
4.237999,0.00114900,0.00000981,0.00000736,0.00000591,0.00000350,0.00000099
4.240000,0.00114900,0.00000981,0.00000736,0.00000591,0.00000350,0.00000099
4.242000,0.00114900,0.00000981,0.00000736,0.00000591,0.00000350,0.00000099
4.243999,0.00115000,0.00000981,0.00000736,0.00000591,0.00000350,0.00000099
4.246000,0.00115000,0.00000981,0.00000736,0.00000592,0.00000350,0.00000099
4.248000,0.00115000,0.00000981,0.00000736,0.00000592,0.00000350,0.00000099
4.250000,0.00115000,0.00000981,0.00000736,0.00000592,0.00000350,0.00000099
4.252000,0.00115100,0.00000981,0.00000736,0.00000592,0.00000350,0.00000099
4.254000,0.00115100,0.00000981,0.00000736,0.00000592,0.00000350,0.00000099
4.256000,0.00115100,0.00000981,0.00000737,0.00000592,0.00000350,0.00000099
4.257999,0.00115100,0.00000981,0.00000737,0.00000592,0.00000350,0.00000099
4.260000,0.00115200,0.00000981,0.00000737,0.00000592,0.00000351,0.00000099
4.262000,0.00115200,0.00000981,0.00000737,0.00000592,0.00000351,0.00000099
4.263999,0.00115200,0.00000981,0.00000737,0.00000592,0.00000351,0.00000099
4.266000,0.00115200,0.00000981,0.00000737,0.00000592,0.00000351,0.00000099
4.268000,0.00115300,0.00000981,0.00000737,0.00000592,0.00000351,0.00000099
4.270000,0.00115300,0.00000981,0.00000737,0.00000592,0.00000351,0.00000099
4.272000,0.00115300,0.00000982,0.00000737,0.00000592,0.00000351,0.00000100
4.274000,0.00115300,0.00000982,0.00000737,0.00000592,0.00000351,0.00000100
4.276000,0.00115400,0.00000982,0.00000737,0.00000592,0.00000351,0.00000100
4.277999,0.00115400,0.00000982,0.00000737,0.00000592,0.00000351,0.00000100
4.280000,0.00115400,0.00000982,0.00000737,0.00000592,0.00000351,0.00000100
4.282000,0.00115500,0.00000982,0.00000737,0.00000592,0.00000351,0.00000100
4.284000,0.00115500,0.00000982,0.00000737,0.00000592,0.00000351,0.00000100
4.286000,0.00115500,0.00000982,0.00000737,0.00000592,0.00000351,0.00000100
4.288000,0.00115500,0.00000982,0.00000737,0.00000592,0.00000351,0.00000100
4.290000,0.00115600,0.00000982,0.00000737,0.00000592,0.00000351,0.00000100
4.292000,0.00115600,0.00000982,0.00000737,0.00000592,0.00000351,0.00000100
4.294000,0.00115600,0.00000982,0.00000737,0.00000592,0.00000351,0.00000100
4.296000,0.00115600,0.00000982,0.00000737,0.00000592,0.00000351,0.00000100
4.297999,0.00115700,0.00000982,0.00000737,0.00000592,0.00000351,0.00000100
4.300000,0.00115700,0.00000982,0.00000737,0.00000592,0.00000351,0.00000100
4.302000,0.00115700,0.00000982,0.00000737,0.00000592,0.00000351,0.00000100
4.304000,0.00115700,0.00000982,0.00000738,0.00000592,0.00000351,0.00000100
4.306000,0.00115800,0.00000982,0.00000738,0.00000593,0.00000351,0.00000100
4.308000,0.00115800,0.00000983,0.00000738,0.00000593,0.00000351,0.00000100
4.310000,0.00115800,0.00000983,0.00000738,0.00000593,0.00000351,0.00000100
4.311999,0.00115900,0.00000983,0.00000738,0.00000593,0.00000351,0.00000100
4.314000,0.00115900,0.00000983,0.00000738,0.00000593,0.00000351,0.00000100
4.316000,0.00115900,0.00000983,0.00000738,0.00000593,0.00000351,0.00000100
4.318000,0.00115900,0.00000983,0.00000738,0.00000593,0.00000351,0.00000100
4.320000,0.00116000,0.00000983,0.00000738,0.00000593,0.00000351,0.00000100
4.322000,0.00116000,0.00000983,0.00000738,0.00000593,0.00000351,0.00000100
4.324000,0.00116000,0.00000983,0.00000738,0.00000593,0.00000351,0.00000100
4.326000,0.00116000,0.00000983,0.00000738,0.00000593,0.00000351,0.00000100
4.328000,0.00116100,0.00000983,0.00000738,0.00000593,0.00000351,0.00000100
4.329999,0.00116100,0.00000983,0.00000738,0.00000593,0.00000351,0.00000100
4.331999,0.00116100,0.00000983,0.00000738,0.00000593,0.00000351,0.00000100
4.334000,0.00116100,0.00000983,0.00000738,0.00000593,0.00000351,0.00000100
4.335999,0.00116200,0.00000983,0.00000738,0.00000593,0.00000351,0.00000100
4.338000,0.00116200,0.00000983,0.00000738,0.00000593,0.00000351,0.00000100
4.340000,0.00116200,0.00000983,0.00000738,0.00000593,0.00000351,0.00000100
4.342000,0.00116300,0.00000984,0.00000738,0.00000593,0.00000351,0.00000100
4.344000,0.00116300,0.00000984,0.00000738,0.00000593,0.00000351,0.00000100
4.346000,0.00116300,0.00000984,0.00000738,0.00000593,0.00000351,0.00000100
4.348000,0.00116300,0.00000984,0.00000738,0.00000593,0.00000351,0.00000100
4.349999,0.00116400,0.00000984,0.00000738,0.00000593,0.00000351,0.00000100
4.352000,0.00116400,0.00000984,0.00000739,0.00000593,0.00000351,0.00000100
4.354000,0.00116400,0.00000984,0.00000739,0.00000593,0.00000351,0.00000100
4.355999,0.00116400,0.00000984,0.00000739,0.00000593,0.00000351,0.00000100
4.358000,0.00116500,0.00000984,0.00000739,0.00000593,0.00000351,0.00000100
4.360000,0.00116500,0.00000984,0.00000739,0.00000593,0.00000351,0.00000100
4.362000,0.00116500,0.00000984,0.00000739,0.00000593,0.00000351,0.00000100
4.364000,0.00116600,0.00000984,0.00000739,0.00000593,0.00000351,0.00000100
4.366000,0.00116600,0.00000984,0.00000739,0.00000593,0.00000352,0.00000100
4.368000,0.00116600,0.00000984,0.00000739,0.00000594,0.00000352,0.00000100
4.369999,0.00116600,0.00000984,0.00000739,0.00000594,0.00000352,0.00000100
4.372000,0.00116700,0.00000984,0.00000739,0.00000594,0.00000352,0.00000100
4.374000,0.00116700,0.00000984,0.00000739,0.00000594,0.00000352,0.00000100
4.375999,0.00116700,0.00000985,0.00000739,0.00000594,0.00000352,0.00000100
4.378000,0.00116700,0.00000985,0.00000739,0.00000594,0.00000352,0.00000100
4.380000,0.00116800,0.00000985,0.00000739,0.00000594,0.00000352,0.00000100
4.382000,0.00116800,0.00000985,0.00000739,0.00000594,0.00000352,0.00000100
4.384000,0.00116800,0.00000985,0.00000739,0.00000594,0.00000352,0.00000100
4.386000,0.00116900,0.00000985,0.00000739,0.00000594,0.00000352,0.00000100
4.388000,0.00116900,0.00000985,0.00000739,0.00000594,0.00000352,0.00000100
4.389999,0.00116900,0.00000985,0.00000739,0.00000594,0.00000352,0.00000100
4.392000,0.00116900,0.00000985,0.00000739,0.00000594,0.00000352,0.00000100
4.394000,0.00117000,0.00000985,0.00000739,0.00000594,0.00000352,0.00000100
4.396000,0.00117000,0.00000985,0.00000739,0.00000594,0.00000352,0.00000100
4.398000,0.00117000,0.00000985,0.00000739,0.00000594,0.00000352,0.00000100
4.400000,0.00117000,0.00000985,0.00000740,0.00000594,0.00000352,0.00000100
4.402000,0.00117100,0.00000985,0.00000740,0.00000594,0.00000352,0.00000100
4.404000,0.00117100,0.00000985,0.00000740,0.00000594,0.00000352,0.00000100
4.406000,0.00117100,0.00000985,0.00000740,0.00000594,0.00000352,0.00000100
4.408000,0.00117100,0.00000985,0.00000740,0.00000594,0.00000352,0.00000100
4.409999,0.00117200,0.00000986,0.00000740,0.00000594,0.00000352,0.00000100
4.412000,0.00117200,0.00000986,0.00000740,0.00000594,0.00000352,0.00000100
4.414000,0.00117200,0.00000986,0.00000740,0.00000594,0.00000352,0.00000100
4.416000,0.00117300,0.00000986,0.00000740,0.00000594,0.00000352,0.00000100
4.418000,0.00117300,0.00000986,0.00000740,0.00000594,0.00000352,0.00000100
4.420000,0.00117300,0.00000986,0.00000740,0.00000594,0.00000352,0.00000100
4.422000,0.00117300,0.00000986,0.00000740,0.00000594,0.00000352,0.00000100
4.423999,0.00117400,0.00000986,0.00000740,0.00000594,0.00000352,0.00000100
4.426000,0.00117400,0.00000986,0.00000740,0.00000594,0.00000352,0.00000100
4.427999,0.00117400,0.00000986,0.00000740,0.00000595,0.00000352,0.00000100
4.430000,0.00117400,0.00000986,0.00000740,0.00000595,0.00000352,0.00000100
4.432000,0.00117500,0.00000986,0.00000740,0.00000595,0.00000352,0.00000100
4.434000,0.00117500,0.00000986,0.00000740,0.00000595,0.00000352,0.00000100
4.436000,0.00117500,0.00000986,0.00000740,0.00000595,0.00000352,0.00000100
4.438000,0.00117600,0.00000986,0.00000740,0.00000595,0.00000352,0.00000100
4.440000,0.00117600,0.00000986,0.00000740,0.00000595,0.00000352,0.00000100
4.441999,0.00117600,0.00000986,0.00000740,0.00000595,0.00000352,0.00000100
4.443999,0.00117600,0.00000987,0.00000740,0.00000595,0.00000352,0.00000100
4.446000,0.00117700,0.00000987,0.00000741,0.00000595,0.00000352,0.00000100
4.447999,0.00117700,0.00000987,0.00000741,0.00000595,0.00000352,0.00000100
4.450000,0.00117700,0.00000987,0.00000741,0.00000595,0.00000352,0.00000100
4.452000,0.00117800,0.00000987,0.00000741,0.00000595,0.00000352,0.00000100
4.454000,0.00117800,0.00000987,0.00000741,0.00000595,0.00000352,0.00000100
4.456000,0.00117800,0.00000987,0.00000741,0.00000595,0.00000352,0.00000100
4.458000,0.00117800,0.00000987,0.00000741,0.00000595,0.00000352,0.00000100
4.460000,0.00117900,0.00000987,0.00000741,0.00000595,0.00000352,0.00000100
4.461999,0.00117900,0.00000987,0.00000741,0.00000595,0.00000352,0.00000100
4.464000,0.00117900,0.00000987,0.00000741,0.00000595,0.00000352,0.00000100
4.466000,0.00117900,0.00000987,0.00000741,0.00000595,0.00000352,0.00000100
4.467999,0.00118000,0.00000987,0.00000741,0.00000595,0.00000352,0.00000100
4.470000,0.00118000,0.00000987,0.00000741,0.00000595,0.00000352,0.00000100
4.472000,0.00118000,0.00000987,0.00000741,0.00000595,0.00000353,0.00000100
4.474000,0.00118100,0.00000987,0.00000741,0.00000595,0.00000353,0.00000100
4.476000,0.00118100,0.00000987,0.00000741,0.00000595,0.00000353,0.00000100
4.478000,0.00118100,0.00000988,0.00000741,0.00000595,0.00000353,0.00000100
4.480000,0.00118100,0.00000988,0.00000741,0.00000595,0.00000353,0.00000100
4.481999,0.00118200,0.00000988,0.00000741,0.00000595,0.00000353,0.00000100
4.484000,0.00118200,0.00000988,0.00000741,0.00000595,0.00000353,0.00000100
4.486000,0.00118200,0.00000988,0.00000741,0.00000595,0.00000353,0.00000100
4.487999,0.00118200,0.00000988,0.00000741,0.00000596,0.00000353,0.00000100
4.490000,0.00118300,0.00000988,0.00000741,0.00000596,0.00000353,0.00000100
4.492000,0.00118300,0.00000988,0.00000741,0.00000596,0.00000353,0.00000100
4.494000,0.00118300,0.00000988,0.00000742,0.00000596,0.00000353,0.00000100
4.496000,0.00118400,0.00000988,0.00000742,0.00000596,0.00000353,0.00000100
4.498000,0.00118400,0.00000988,0.00000742,0.00000596,0.00000353,0.00000100
4.500000,0.00118400,0.00000988,0.00000742,0.00000596,0.00000353,0.00000100
4.501999,0.00118400,0.00000988,0.00000742,0.00000596,0.00000353,0.00000100
4.504000,0.00118500,0.00000988,0.00000742,0.00000596,0.00000353,0.00000100
4.506000,0.00118500,0.00000988,0.00000742,0.00000596,0.00000353,0.00000100
4.508000,0.00118500,0.00000988,0.00000742,0.00000596,0.00000353,0.00000100
4.510000,0.00118600,0.00000988,0.00000742,0.00000596,0.00000353,0.00000100
4.512000,0.00118600,0.00000989,0.00000742,0.00000596,0.00000353,0.00000100
4.514000,0.00118600,0.00000989,0.00000742,0.00000596,0.00000353,0.00000100
4.516000,0.00118600,0.00000989,0.00000742,0.00000596,0.00000353,0.00000100
4.518000,0.00118700,0.00000989,0.00000742,0.00000596,0.00000353,0.00000100
4.520000,0.00118700,0.00000989,0.00000742,0.00000596,0.00000353,0.00000100
4.521999,0.00118700,0.00000989,0.00000742,0.00000596,0.00000353,0.00000100
4.524000,0.00118700,0.00000989,0.00000742,0.00000596,0.00000353,0.00000100
4.526000,0.00118800,0.00000989,0.00000742,0.00000596,0.00000353,0.00000100
4.528000,0.00118800,0.00000989,0.00000742,0.00000596,0.00000353,0.00000100
4.530000,0.00118800,0.00000989,0.00000742,0.00000596,0.00000353,0.00000100
4.532000,0.00118900,0.00000989,0.00000742,0.00000596,0.00000353,0.00000100
4.534000,0.00118900,0.00000989,0.00000742,0.00000596,0.00000353,0.00000100
4.535999,0.00118900,0.00000989,0.00000742,0.00000596,0.00000353,0.00000100
4.538000,0.00118900,0.00000989,0.00000742,0.00000596,0.00000353,0.00000100
4.539999,0.00119000,0.00000989,0.00000742,0.00000596,0.00000353,0.00000100
4.542000,0.00119000,0.00000989,0.00000743,0.00000596,0.00000353,0.00000100
4.544000,0.00119000,0.00000989,0.00000743,0.00000596,0.00000353,0.00000100
4.546000,0.00119100,0.00000990,0.00000743,0.00000596,0.00000353,0.00000100
4.548000,0.00119100,0.00000990,0.00000743,0.00000597,0.00000353,0.00000100
4.550000,0.00119100,0.00000990,0.00000743,0.00000597,0.00000353,0.00000100
4.552000,0.00119100,0.00000990,0.00000743,0.00000597,0.00000353,0.00000100
4.553999,0.00119200,0.00000990,0.00000743,0.00000597,0.00000353,0.00000100
4.555999,0.00119200,0.00000990,0.00000743,0.00000597,0.00000353,0.00000100
4.558000,0.00119200,0.00000990,0.00000743,0.00000597,0.00000353,0.00000100
4.559999,0.00119200,0.00000990,0.00000743,0.00000597,0.00000353,0.00000100
4.562000,0.00119300,0.00000990,0.00000743,0.00000597,0.00000353,0.00000100
4.564000,0.00119300,0.00000990,0.00000743,0.00000597,0.00000353,0.00000100
4.566000,0.00119300,0.00000990,0.00000743,0.00000597,0.00000353,0.00000100
4.568000,0.00119400,0.00000990,0.00000743,0.00000597,0.00000353,0.00000100
4.570000,0.00119400,0.00000990,0.00000743,0.00000597,0.00000353,0.00000100
4.572000,0.00119400,0.00000990,0.00000743,0.00000597,0.00000353,0.00000100
4.573999,0.00119400,0.00000990,0.00000743,0.00000597,0.00000353,0.00000100
4.576000,0.00119500,0.00000990,0.00000743,0.00000597,0.00000354,0.00000100
4.578000,0.00119500,0.00000990,0.00000743,0.00000597,0.00000354,0.00000100
4.579999,0.00119500,0.00000991,0.00000743,0.00000597,0.00000354,0.00000100
4.582000,0.00119600,0.00000991,0.00000743,0.00000597,0.00000354,0.00000100
4.584000,0.00119600,0.00000991,0.00000743,0.00000597,0.00000354,0.00000100
4.586000,0.00119600,0.00000991,0.00000743,0.00000597,0.00000354,0.00000100
4.588000,0.00119600,0.00000991,0.00000744,0.00000597,0.00000354,0.00000100
4.590000,0.00119700,0.00000991,0.00000744,0.00000597,0.00000354,0.00000100
4.592000,0.00119700,0.00000991,0.00000744,0.00000597,0.00000354,0.00000100
4.593999,0.00119700,0.00000991,0.00000744,0.00000597,0.00000354,0.00000100
4.596000,0.00119800,0.00000991,0.00000744,0.00000597,0.00000354,0.00000100
4.598000,0.00119800,0.00000991,0.00000744,0.00000597,0.00000354,0.00000100
4.599999,0.00119800,0.00000991,0.00000744,0.00000597,0.00000354,0.00000100
4.602000,0.00119800,0.00000991,0.00000744,0.00000597,0.00000354,0.00000100
4.604000,0.00119900,0.00000991,0.00000744,0.00000597,0.00000354,0.00000100
4.606000,0.00119900,0.00000991,0.00000744,0.00000597,0.00000354,0.00000100
4.608000,0.00119900,0.00000991,0.00000744,0.00000598,0.00000354,0.00000100
4.610000,0.00120000,0.00000991,0.00000744,0.00000598,0.00000354,0.00000100
4.612000,0.00120000,0.00000991,0.00000744,0.00000598,0.00000354,0.00000100
4.613999,0.00120000,0.00000992,0.00000744,0.00000598,0.00000354,0.00000100
4.616000,0.00120000,0.00000992,0.00000744,0.00000598,0.00000354,0.00000100
4.618000,0.00120100,0.00000992,0.00000744,0.00000598,0.00000354,0.00000100
4.620000,0.00120100,0.00000992,0.00000744,0.00000598,0.00000354,0.00000100
4.622000,0.00120100,0.00000992,0.00000744,0.00000598,0.00000354,0.00000100
4.624000,0.00120100,0.00000992,0.00000744,0.00000598,0.00000354,0.00000100
4.626000,0.00120200,0.00000992,0.00000744,0.00000598,0.00000354,0.00000100
4.628000,0.00120200,0.00000992,0.00000744,0.00000598,0.00000354,0.00000100
4.630000,0.00120200,0.00000992,0.00000744,0.00000598,0.00000354,0.00000100
4.631999,0.00120300,0.00000992,0.00000744,0.00000598,0.00000354,0.00000100
4.633999,0.00120300,0.00000992,0.00000744,0.00000598,0.00000354,0.00000100
4.636000,0.00120300,0.00000992,0.00000745,0.00000598,0.00000354,0.00000100
4.638000,0.00120300,0.00000992,0.00000745,0.00000598,0.00000354,0.00000100
4.640000,0.00120400,0.00000992,0.00000745,0.00000598,0.00000354,0.00000100
4.642000,0.00120400,0.00000992,0.00000745,0.00000598,0.00000354,0.00000100
4.644000,0.00120400,0.00000992,0.00000745,0.00000598,0.00000354,0.00000100
4.646000,0.00120500,0.00000992,0.00000745,0.00000598,0.00000354,0.00000100
4.648000,0.00120500,0.00000993,0.00000745,0.00000598,0.00000354,0.00000100
4.650000,0.00120500,0.00000993,0.00000745,0.00000598,0.00000354,0.00000100
4.651999,0.00120500,0.00000993,0.00000745,0.00000598,0.00000354,0.00000100
4.654000,0.00120600,0.00000993,0.00000745,0.00000598,0.00000354,0.00000100
4.656000,0.00120600,0.00000993,0.00000745,0.00000598,0.00000354,0.00000100
4.658000,0.00120600,0.00000993,0.00000745,0.00000598,0.00000354,0.00000100
4.660000,0.00120700,0.00000993,0.00000745,0.00000598,0.00000354,0.00000100
4.662000,0.00120700,0.00000993,0.00000745,0.00000598,0.00000354,0.00000100
4.664000,0.00120700,0.00000993,0.00000745,0.00000598,0.00000354,0.00000100
4.665999,0.00120700,0.00000993,0.00000745,0.00000598,0.00000354,0.00000100
4.667999,0.00120800,0.00000993,0.00000745,0.00000599,0.00000354,0.00000101
4.670000,0.00120800,0.00000993,0.00000745,0.00000599,0.00000354,0.00000101
4.671999,0.00120800,0.00000993,0.00000745,0.00000599,0.00000354,0.00000101
4.674000,0.00120900,0.00000993,0.00000745,0.00000599,0.00000354,0.00000101
4.676000,0.00120900,0.00000993,0.00000745,0.00000599,0.00000354,0.00000101
4.677999,0.00120900,0.00000993,0.00000745,0.00000599,0.00000354,0.00000101
4.680000,0.00120900,0.00000993,0.00000745,0.00000599,0.00000354,0.00000101
4.682000,0.00121000,0.00000994,0.00000746,0.00000599,0.00000355,0.00000101
4.684000,0.00121000,0.00000994,0.00000746,0.00000599,0.00000355,0.00000101
4.685999,0.00121000,0.00000994,0.00000746,0.00000599,0.00000355,0.00000101
4.688000,0.00121100,0.00000994,0.00000746,0.00000599,0.00000355,0.00000101
4.690000,0.00121100,0.00000994,0.00000746,0.00000599,0.00000355,0.00000101
4.691999,0.00121100,0.00000994,0.00000746,0.00000599,0.00000355,0.00000101
4.694000,0.00121100,0.00000994,0.00000746,0.00000599,0.00000355,0.00000101
4.696000,0.00121200,0.00000994,0.00000746,0.00000599,0.00000355,0.00000101
4.698000,0.00121200,0.00000994,0.00000746,0.00000599,0.00000355,0.00000101
4.700000,0.00121200,0.00000994,0.00000746,0.00000599,0.00000355,0.00000101
4.702000,0.00121300,0.00000994,0.00000746,0.00000599,0.00000355,0.00000101
4.704000,0.00121300,0.00000994,0.00000746,0.00000599,0.00000355,0.00000101
4.705999,0.00121300,0.00000994,0.00000746,0.00000599,0.00000355,0.00000101
4.708000,0.00121300,0.00000994,0.00000746,0.00000599,0.00000355,0.00000101
4.710000,0.00121400,0.00000994,0.00000746,0.00000599,0.00000355,0.00000101
4.711999,0.00121400,0.00000994,0.00000746,0.00000599,0.00000355,0.00000101
4.714000,0.00121400,0.00000994,0.00000746,0.00000599,0.00000355,0.00000101
4.716000,0.00121500,0.00000995,0.00000746,0.00000599,0.00000355,0.00000101
4.718000,0.00121500,0.00000995,0.00000746,0.00000599,0.00000355,0.00000101
4.720000,0.00121500,0.00000995,0.00000746,0.00000599,0.00000355,0.00000101
4.722000,0.00121500,0.00000995,0.00000746,0.00000599,0.00000355,0.00000101
4.724000,0.00121600,0.00000995,0.00000746,0.00000599,0.00000355,0.00000101
4.725999,0.00121600,0.00000995,0.00000746,0.00000599,0.00000355,0.00000101
4.728000,0.00121600,0.00000995,0.00000746,0.00000600,0.00000355,0.00000101
4.730000,0.00121700,0.00000995,0.00000747,0.00000600,0.00000355,0.00000101
4.732000,0.00121700,0.00000995,0.00000747,0.00000600,0.00000355,0.00000101
4.734000,0.00121700,0.00000995,0.00000747,0.00000600,0.00000355,0.00000101
4.736000,0.00121800,0.00000995,0.00000747,0.00000600,0.00000355,0.00000101
4.738000,0.00121800,0.00000995,0.00000747,0.00000600,0.00000355,0.00000101
4.740000,0.00121800,0.00000995,0.00000747,0.00000600,0.00000355,0.00000101
4.742000,0.00121800,0.00000995,0.00000747,0.00000600,0.00000355,0.00000101
4.743999,0.00121900,0.00000995,0.00000747,0.00000600,0.00000355,0.00000101
4.745999,0.00121900,0.00000995,0.00000747,0.00000600,0.00000355,0.00000101
4.748000,0.00121900,0.00000996,0.00000747,0.00000600,0.00000355,0.00000101
4.750000,0.00122000,0.00000996,0.00000747,0.00000600,0.00000355,0.00000101
4.752000,0.00122000,0.00000996,0.00000747,0.00000600,0.00000355,0.00000101
4.754000,0.00122000,0.00000996,0.00000747,0.00000600,0.00000355,0.00000101
4.756000,0.00122000,0.00000996,0.00000747,0.00000600,0.00000355,0.00000101
4.758000,0.00122100,0.00000996,0.00000747,0.00000600,0.00000355,0.00000101
4.760000,0.00122100,0.00000996,0.00000747,0.00000600,0.00000355,0.00000101
4.762000,0.00122100,0.00000996,0.00000747,0.00000600,0.00000355,0.00000101
4.763999,0.00122200,0.00000996,0.00000747,0.00000600,0.00000355,0.00000101
4.766000,0.00122200,0.00000996,0.00000747,0.00000600,0.00000355,0.00000101
4.768000,0.00122200,0.00000996,0.00000747,0.00000600,0.00000355,0.00000101
4.770000,0.00122200,0.00000996,0.00000747,0.00000600,0.00000355,0.00000101
4.772000,0.00122300,0.00000996,0.00000747,0.00000600,0.00000355,0.00000101
4.774000,0.00122300,0.00000996,0.00000747,0.00000600,0.00000355,0.00000101
4.776000,0.00122300,0.00000996,0.00000748,0.00000600,0.00000355,0.00000101
4.778000,0.00122400,0.00000996,0.00000748,0.00000600,0.00000355,0.00000101
4.779999,0.00122400,0.00000996,0.00000748,0.00000600,0.00000355,0.00000101
4.782000,0.00122400,0.00000997,0.00000748,0.00000600,0.00000355,0.00000101
4.783999,0.00122400,0.00000997,0.00000748,0.00000600,0.00000355,0.00000101
4.786000,0.00122500,0.00000997,0.00000748,0.00000600,0.00000356,0.00000101
4.788000,0.00122500,0.00000997,0.00000748,0.00000601,0.00000356,0.00000101
4.789999,0.00122500,0.00000997,0.00000748,0.00000601,0.00000356,0.00000101
4.792000,0.00122600,0.00000997,0.00000748,0.00000601,0.00000356,0.00000101
4.794000,0.00122600,0.00000997,0.00000748,0.00000601,0.00000356,0.00000101
4.796000,0.00122600,0.00000997,0.00000748,0.00000601,0.00000356,0.00000101
4.797999,0.00122700,0.00000997,0.00000748,0.00000601,0.00000356,0.00000101
4.800000,0.00122700,0.00000997,0.00000748,0.00000601,0.00000356,0.00000101
4.802000,0.00122700,0.00000997,0.00000748,0.00000601,0.00000356,0.00000101
4.803999,0.00122700,0.00000997,0.00000748,0.00000601,0.00000356,0.00000101
4.806000,0.00122800,0.00000997,0.00000748,0.00000601,0.00000356,0.00000101
4.808000,0.00122800,0.00000997,0.00000748,0.00000601,0.00000356,0.00000101
4.810000,0.00122800,0.00000997,0.00000748,0.00000601,0.00000356,0.00000101
4.812000,0.00122900,0.00000997,0.00000748,0.00000601,0.00000356,0.00000101
4.814000,0.00122900,0.00000997,0.00000748,0.00000601,0.00000356,0.00000101
4.816000,0.00122900,0.00000998,0.00000748,0.00000601,0.00000356,0.00000101
4.817999,0.00122900,0.00000998,0.00000748,0.00000601,0.00000356,0.00000101
4.820000,0.00123000,0.00000998,0.00000748,0.00000601,0.00000356,0.00000101
4.822000,0.00123000,0.00000998,0.00000748,0.00000601,0.00000356,0.00000101
4.823999,0.00123000,0.00000998,0.00000749,0.00000601,0.00000356,0.00000101
4.826000,0.00123100,0.00000998,0.00000749,0.00000601,0.00000356,0.00000101
4.828000,0.00123100,0.00000998,0.00000749,0.00000601,0.00000356,0.00000101
4.830000,0.00123100,0.00000998,0.00000749,0.00000601,0.00000356,0.00000101
4.832000,0.00123200,0.00000998,0.00000749,0.00000601,0.00000356,0.00000101
4.834000,0.00123200,0.00000998,0.00000749,0.00000601,0.00000356,0.00000101
4.835999,0.00123200,0.00000998,0.00000749,0.00000601,0.00000356,0.00000101
4.837999,0.00123200,0.00000998,0.00000749,0.00000601,0.00000356,0.00000101
4.840000,0.00123300,0.00000998,0.00000749,0.00000601,0.00000356,0.00000101
4.842000,0.00123300,0.00000998,0.00000749,0.00000601,0.00000356,0.00000101
4.844000,0.00123300,0.00000998,0.00000749,0.00000601,0.00000356,0.00000101
4.846000,0.00123400,0.00000998,0.00000749,0.00000601,0.00000356,0.00000101
4.848000,0.00123400,0.00000998,0.00000749,0.00000602,0.00000356,0.00000101
4.850000,0.00123400,0.00000999,0.00000749,0.00000602,0.00000356,0.00000101
4.852000,0.00123400,0.00000999,0.00000749,0.00000602,0.00000356,0.00000101
4.854000,0.00123500,0.00000999,0.00000749,0.00000602,0.00000356,0.00000101
4.855999,0.00123500,0.00000999,0.00000749,0.00000602,0.00000356,0.00000101
4.857999,0.00123500,0.00000999,0.00000749,0.00000602,0.00000356,0.00000101
4.860000,0.00123600,0.00000999,0.00000749,0.00000602,0.00000356,0.00000101
4.862000,0.00123600,0.00000999,0.00000749,0.00000602,0.00000356,0.00000101
4.864000,0.00123600,0.00000999,0.00000749,0.00000602,0.00000356,0.00000101
4.866000,0.00123700,0.00000999,0.00000749,0.00000602,0.00000356,0.00000101
4.868000,0.00123700,0.00000999,0.00000749,0.00000602,0.00000356,0.00000101
4.870000,0.00123700,0.00000999,0.00000750,0.00000602,0.00000356,0.00000101
4.872000,0.00123700,0.00000999,0.00000750,0.00000602,0.00000356,0.00000101
4.874000,0.00123800,0.00000999,0.00000750,0.00000602,0.00000356,0.00000101
4.875999,0.00123800,0.00000999,0.00000750,0.00000602,0.00000356,0.00000101
4.878000,0.00123800,0.00000999,0.00000750,0.00000602,0.00000356,0.00000101
4.880000,0.00123900,0.00000999,0.00000750,0.00000602,0.00000356,0.00000101
4.881999,0.00123900,0.00001000,0.00000750,0.00000602,0.00000356,0.00000101
4.884000,0.00123900,0.00001000,0.00000750,0.00000602,0.00000356,0.00000101
4.886000,0.00124000,0.00001000,0.00000750,0.00000602,0.00000356,0.00000101
4.888000,0.00124000,0.00001000,0.00000750,0.00000602,0.00000356,0.00000101
4.890000,0.00124000,0.00001000,0.00000750,0.00000602,0.00000357,0.00000101
4.891999,0.00124000,0.00001000,0.00000750,0.00000602,0.00000357,0.00000101
4.894000,0.00124100,0.00001000,0.00000750,0.00000602,0.00000357,0.00000101
4.895999,0.00124100,0.00001000,0.00000750,0.00000602,0.00000357,0.00000101
4.898000,0.00124100,0.00001000,0.00000750,0.00000602,0.00000357,0.00000101
4.900000,0.00124200,0.00001000,0.00000750,0.00000602,0.00000357,0.00000101
4.901999,0.00124200,0.00001000,0.00000750,0.00000602,0.00000357,0.00000101
4.904000,0.00124200,0.00001000,0.00000750,0.00000602,0.00000357,0.00000101
4.906000,0.00124200,0.00001000,0.00000750,0.00000603,0.00000357,0.00000101
4.908000,0.00124300,0.00001000,0.00000750,0.00000603,0.00000357,0.00000101
4.909999,0.00124300,0.00001000,0.00000750,0.00000603,0.00000357,0.00000101
4.912000,0.00124300,0.00001000,0.00000750,0.00000603,0.00000357,0.00000101
4.914000,0.00124400,0.00001000,0.00000750,0.00000603,0.00000357,0.00000101
4.915999,0.00124400,0.00001001,0.00000751,0.00000603,0.00000357,0.00000101
4.918000,0.00124400,0.00001001,0.00000751,0.00000603,0.00000357,0.00000101
4.920000,0.00124500,0.00001001,0.00000751,0.00000603,0.00000357,0.00000101
4.922000,0.00124500,0.00001001,0.00000751,0.00000603,0.00000357,0.00000101
4.924000,0.00124500,0.00001001,0.00000751,0.00000603,0.00000357,0.00000101
4.926000,0.00124500,0.00001001,0.00000751,0.00000603,0.00000357,0.00000101
4.927999,0.00124600,0.00001001,0.00000751,0.00000603,0.00000357,0.00000101
4.929999,0.00124600,0.00001001,0.00000751,0.00000603,0.00000357,0.00000101
4.932000,0.00124600,0.00001001,0.00000751,0.00000603,0.00000357,0.00000101
4.934000,0.00124700,0.00001001,0.00000751,0.00000603,0.00000357,0.00000101
4.935999,0.00124700,0.00001001,0.00000751,0.00000603,0.00000357,0.00000101
4.938000,0.00124700,0.00001001,0.00000751,0.00000603,0.00000357,0.00000101
4.940000,0.00124800,0.00001001,0.00000751,0.00000603,0.00000357,0.00000101
4.942000,0.00124800,0.00001001,0.00000751,0.00000603,0.00000357,0.00000101
4.944000,0.00124800,0.00001001,0.00000751,0.00000603,0.00000357,0.00000101
4.946000,0.00124800,0.00001001,0.00000751,0.00000603,0.00000357,0.00000101
4.947999,0.00124900,0.00001001,0.00000751,0.00000603,0.00000357,0.00000101
4.949999,0.00124900,0.00001002,0.00000751,0.00000603,0.00000357,0.00000101
4.952000,0.00124900,0.00001002,0.00000751,0.00000603,0.00000357,0.00000101
4.954000,0.00125000,0.00001002,0.00000751,0.00000603,0.00000357,0.00000101
4.956000,0.00125000,0.00001002,0.00000751,0.00000603,0.00000357,0.00000101
4.958000,0.00125000,0.00001002,0.00000751,0.00000603,0.00000357,0.00000101
4.960000,0.00125100,0.00001002,0.00000751,0.00000603,0.00000357,0.00000101
4.962000,0.00125100,0.00001002,0.00000751,0.00000603,0.00000357,0.00000101
4.964000,0.00125100,0.00001002,0.00000752,0.00000603,0.00000357,0.00000101
4.966000,0.00125100,0.00001002,0.00000752,0.00000604,0.00000357,0.00000101
4.967999,0.00125200,0.00001002,0.00000752,0.00000604,0.00000357,0.00000101
4.969999,0.00125200,0.00001002,0.00000752,0.00000604,0.00000357,0.00000101
4.972000,0.00125200,0.00001002,0.00000752,0.00000604,0.00000357,0.00000101
4.974000,0.00125300,0.00001002,0.00000752,0.00000604,0.00000357,0.00000101
4.976000,0.00125300,0.00001002,0.00000752,0.00000604,0.00000357,0.00000101
4.978000,0.00125300,0.00001002,0.00000752,0.00000604,0.00000357,0.00000101
4.980000,0.00125400,0.00001002,0.00000752,0.00000604,0.00000357,0.00000101
4.982000,0.00125400,0.00001002,0.00000752,0.00000604,0.00000357,0.00000101
4.984000,0.00125400,0.00001003,0.00000752,0.00000604,0.00000357,0.00000101
4.986000,0.00125500,0.00001003,0.00000752,0.00000604,0.00000357,0.00000101
4.987999,0.00125500,0.00001003,0.00000752,0.00000604,0.00000357,0.00000101
4.990000,0.00125500,0.00001003,0.00000752,0.00000604,0.00000357,0.00000101
4.992000,0.00125500,0.00001003,0.00000752,0.00000604,0.00000357,0.00000101
4.993999,0.00125600,0.00001003,0.00000752,0.00000604,0.00000358,0.00000101
4.996000,0.00125600,0.00001003,0.00000752,0.00000604,0.00000358,0.00000101
4.998000,0.00125600,0.00001003,0.00000752,0.00000604,0.00000358,0.00000101
5.000000,0.00125700,0.00001003,0.00000752,0.00000604,0.00000358,0.00000101
5.002000,0.00125700,0.00001003,0.00000752,0.00000604,0.00000358,0.00000101
5.003999,0.00125700,0.00001003,0.00000752,0.00000604,0.00000358,0.00000101
5.006000,0.00125800,0.00001003,0.00000752,0.00000604,0.00000358,0.00000101
5.007999,0.00125800,0.00001003,0.00000752,0.00000604,0.00000358,0.00000101
5.010000,0.00125800,0.00001003,0.00000753,0.00000604,0.00000358,0.00000101
5.012000,0.00125800,0.00001003,0.00000753,0.00000604,0.00000358,0.00000101
5.013999,0.00125900,0.00001003,0.00000753,0.00000604,0.00000358,0.00000101
5.016000,0.00125900,0.00001004,0.00000753,0.00000604,0.00000358,0.00000101
5.018000,0.00125900,0.00001004,0.00000753,0.00000604,0.00000358,0.00000101
5.020000,0.00126000,0.00001004,0.00000753,0.00000604,0.00000358,0.00000101
5.021999,0.00126000,0.00001004,0.00000753,0.00000604,0.00000358,0.00000101
5.024000,0.00126000,0.00001004,0.00000753,0.00000604,0.00000358,0.00000101
5.026000,0.00126100,0.00001004,0.00000753,0.00000605,0.00000358,0.00000101
5.027999,0.00126100,0.00001004,0.00000753,0.00000605,0.00000358,0.00000101
5.030000,0.00126100,0.00001004,0.00000753,0.00000605,0.00000358,0.00000101
5.032000,0.00126200,0.00001004,0.00000753,0.00000605,0.00000358,0.00000101
5.034000,0.00126200,0.00001004,0.00000753,0.00000605,0.00000358,0.00000101
5.036000,0.00126200,0.00001004,0.00000753,0.00000605,0.00000358,0.00000101
5.038000,0.00126200,0.00001004,0.00000753,0.00000605,0.00000358,0.00000101
5.039999,0.00126300,0.00001004,0.00000753,0.00000605,0.00000358,0.00000101
5.041999,0.00126300,0.00001004,0.00000753,0.00000605,0.00000358,0.00000101
5.044000,0.00126300,0.00001004,0.00000753,0.00000605,0.00000358,0.00000101
5.046000,0.00126400,0.00001004,0.00000753,0.00000605,0.00000358,0.00000101
5.047999,0.00126400,0.00001004,0.00000753,0.00000605,0.00000358,0.00000101
5.050000,0.00126400,0.00001005,0.00000753,0.00000605,0.00000358,0.00000101
5.052000,0.00126500,0.00001005,0.00000753,0.00000605,0.00000358,0.00000101
5.054000,0.00126500,0.00001005,0.00000753,0.00000605,0.00000358,0.00000101
5.056000,0.00126500,0.00001005,0.00000754,0.00000605,0.00000358,0.00000101
5.058000,0.00126600,0.00001005,0.00000754,0.00000605,0.00000358,0.00000102
5.059999,0.00126600,0.00001005,0.00000754,0.00000605,0.00000358,0.00000102
5.061999,0.00126600,0.00001005,0.00000754,0.00000605,0.00000358,0.00000102
5.064000,0.00126600,0.00001005,0.00000754,0.00000605,0.00000358,0.00000102
5.066000,0.00126700,0.00001005,0.00000754,0.00000605,0.00000358,0.00000102
5.068000,0.00126700,0.00001005,0.00000754,0.00000605,0.00000358,0.00000102
5.070000,0.00126700,0.00001005,0.00000754,0.00000605,0.00000358,0.00000102
5.072000,0.00126800,0.00001005,0.00000754,0.00000605,0.00000358,0.00000102
5.074000,0.00126800,0.00001005,0.00000754,0.00000605,0.00000358,0.00000102
5.076000,0.00126800,0.00001005,0.00000754,0.00000605,0.00000358,0.00000102
5.078000,0.00126900,0.00001005,0.00000754,0.00000605,0.00000358,0.00000102
5.079999,0.00126900,0.00001005,0.00000754,0.00000605,0.00000358,0.00000102
5.081999,0.00126900,0.00001006,0.00000754,0.00000605,0.00000358,0.00000102
5.084000,0.00127000,0.00001006,0.00000754,0.00000606,0.00000358,0.00000102
5.085999,0.00127000,0.00001006,0.00000754,0.00000606,0.00000358,0.00000102
5.088000,0.00127000,0.00001006,0.00000754,0.00000606,0.00000358,0.00000102
5.090000,0.00127000,0.00001006,0.00000754,0.00000606,0.00000358,0.00000102
5.092000,0.00127100,0.00001006,0.00000754,0.00000606,0.00000358,0.00000102
5.094000,0.00127100,0.00001006,0.00000754,0.00000606,0.00000358,0.00000102
5.096000,0.00127100,0.00001006,0.00000754,0.00000606,0.00000359,0.00000102
5.098000,0.00127200,0.00001006,0.00000754,0.00000606,0.00000359,0.00000102
5.099999,0.00127200,0.00001006,0.00000754,0.00000606,0.00000359,0.00000102
5.102000,0.00127200,0.00001006,0.00000755,0.00000606,0.00000359,0.00000102
5.104000,0.00127300,0.00001006,0.00000755,0.00000606,0.00000359,0.00000102
5.105999,0.00127300,0.00001006,0.00000755,0.00000606,0.00000359,0.00000102
5.108000,0.00127300,0.00001006,0.00000755,0.00000606,0.00000359,0.00000102
5.110000,0.00127400,0.00001006,0.00000755,0.00000606,0.00000359,0.00000102
5.112000,0.00127400,0.00001006,0.00000755,0.00000606,0.00000359,0.00000102
5.114000,0.00127400,0.00001006,0.00000755,0.00000606,0.00000359,0.00000102
5.115999,0.00127400,0.00001007,0.00000755,0.00000606,0.00000359,0.00000102
5.118000,0.00127500,0.00001007,0.00000755,0.00000606,0.00000359,0.00000102
5.119999,0.00127500,0.00001007,0.00000755,0.00000606,0.00000359,0.00000102
5.122000,0.00127500,0.00001007,0.00000755,0.00000606,0.00000359,0.00000102
5.124000,0.00127600,0.00001007,0.00000755,0.00000606,0.00000359,0.00000102
5.125999,0.00127600,0.00001007,0.00000755,0.00000606,0.00000359,0.00000102
5.128000,0.00127600,0.00001007,0.00000755,0.00000606,0.00000359,0.00000102
5.130000,0.00127700,0.00001007,0.00000755,0.00000606,0.00000359,0.00000102
5.132000,0.00127700,0.00001007,0.00000755,0.00000606,0.00000359,0.00000102
5.133999,0.00127700,0.00001007,0.00000755,0.00000606,0.00000359,0.00000102
5.136000,0.00127800,0.00001007,0.00000755,0.00000606,0.00000359,0.00000102
5.138000,0.00127800,0.00001007,0.00000755,0.00000606,0.00000359,0.00000102
5.139999,0.00127800,0.00001007,0.00000755,0.00000606,0.00000359,0.00000102
5.142000,0.00127900,0.00001007,0.00000755,0.00000607,0.00000359,0.00000102
5.144000,0.00127900,0.00001007,0.00000755,0.00000607,0.00000359,0.00000102
5.146000,0.00127900,0.00001007,0.00000755,0.00000607,0.00000359,0.00000102
5.148000,0.00127900,0.00001008,0.00000756,0.00000607,0.00000359,0.00000102
5.150000,0.00128000,0.00001008,0.00000756,0.00000607,0.00000359,0.00000102
5.151999,0.00128000,0.00001008,0.00000756,0.00000607,0.00000359,0.00000102
5.153999,0.00128000,0.00001008,0.00000756,0.00000607,0.00000359,0.00000102
5.156000,0.00128100,0.00001008,0.00000756,0.00000607,0.00000359,0.00000102
5.158000,0.00128100,0.00001008,0.00000756,0.00000607,0.00000359,0.00000102
5.159999,0.00128100,0.00001008,0.00000756,0.00000607,0.00000359,0.00000102
5.162000,0.00128200,0.00001008,0.00000756,0.00000607,0.00000359,0.00000102
5.164000,0.00128200,0.00001008,0.00000756,0.00000607,0.00000359,0.00000102
5.166000,0.00128200,0.00001008,0.00000756,0.00000607,0.00000359,0.00000102
5.168000,0.00128300,0.00001008,0.00000756,0.00000607,0.00000359,0.00000102
5.170000,0.00128300,0.00001008,0.00000756,0.00000607,0.00000359,0.00000102
5.171999,0.00128300,0.00001008,0.00000756,0.00000607,0.00000359,0.00000102
5.173999,0.00128400,0.00001008,0.00000756,0.00000607,0.00000359,0.00000102
5.176000,0.00128400,0.00001008,0.00000756,0.00000607,0.00000359,0.00000102
5.177999,0.00128400,0.00001008,0.00000756,0.00000607,0.00000359,0.00000102
5.180000,0.00128400,0.00001008,0.00000756,0.00000607,0.00000359,0.00000102
5.182000,0.00128500,0.00001009,0.00000756,0.00000607,0.00000359,0.00000102
5.184000,0.00128500,0.00001009,0.00000756,0.00000607,0.00000359,0.00000102
5.186000,0.00128500,0.00001009,0.00000756,0.00000607,0.00000359,0.00000102
5.188000,0.00128600,0.00001009,0.00000756,0.00000607,0.00000359,0.00000102
5.190000,0.00128600,0.00001009,0.00000756,0.00000607,0.00000359,0.00000102
5.191999,0.00128600,0.00001009,0.00000756,0.00000607,0.00000359,0.00000102
5.193999,0.00128700,0.00001009,0.00000757,0.00000607,0.00000359,0.00000102
5.196000,0.00128700,0.00001009,0.00000757,0.00000607,0.00000359,0.00000102
5.197999,0.00128700,0.00001009,0.00000757,0.00000607,0.00000359,0.00000102
5.200000,0.00128800,0.00001009,0.00000757,0.00000607,0.00000360,0.00000102
5.202000,0.00128800,0.00001009,0.00000757,0.00000608,0.00000360,0.00000102
5.204000,0.00128800,0.00001009,0.00000757,0.00000608,0.00000360,0.00000102
5.206000,0.00128900,0.00001009,0.00000757,0.00000608,0.00000360,0.00000102
5.208000,0.00128900,0.00001009,0.00000757,0.00000608,0.00000360,0.00000102
5.210000,0.00128900,0.00001009,0.00000757,0.00000608,0.00000360,0.00000102
5.211999,0.00129000,0.00001009,0.00000757,0.00000608,0.00000360,0.00000102
5.214000,0.00129000,0.00001010,0.00000757,0.00000608,0.00000360,0.00000102
5.216000,0.00129000,0.00001010,0.00000757,0.00000608,0.00000360,0.00000102
5.217999,0.00129000,0.00001010,0.00000757,0.00000608,0.00000360,0.00000102
5.220000,0.00129100,0.00001010,0.00000757,0.00000608,0.00000360,0.00000102
5.222000,0.00129100,0.00001010,0.00000757,0.00000608,0.00000360,0.00000102
5.224000,0.00129100,0.00001010,0.00000757,0.00000608,0.00000360,0.00000102
5.226000,0.00129200,0.00001010,0.00000757,0.00000608,0.00000360,0.00000102
5.228000,0.00129200,0.00001010,0.00000757,0.00000608,0.00000360,0.00000102
5.230000,0.00129200,0.00001010,0.00000757,0.00000608,0.00000360,0.00000102
5.231999,0.00129300,0.00001010,0.00000757,0.00000608,0.00000360,0.00000102
5.234000,0.00129300,0.00001010,0.00000757,0.00000608,0.00000360,0.00000102
5.236000,0.00129300,0.00001010,0.00000757,0.00000608,0.00000360,0.00000102
5.237999,0.00129400,0.00001010,0.00000757,0.00000608,0.00000360,0.00000102
5.240000,0.00129400,0.00001010,0.00000758,0.00000608,0.00000360,0.00000102
5.242000,0.00129400,0.00001010,0.00000758,0.00000608,0.00000360,0.00000102
5.244000,0.00129500,0.00001010,0.00000758,0.00000608,0.00000360,0.00000102
5.245999,0.00129500,0.00001010,0.00000758,0.00000608,0.00000360,0.00000102
5.248000,0.00129500,0.00001011,0.00000758,0.00000608,0.00000360,0.00000102
5.250000,0.00129600,0.00001011,0.00000758,0.00000608,0.00000360,0.00000102
5.251999,0.00129600,0.00001011,0.00000758,0.00000608,0.00000360,0.00000102
5.254000,0.00129600,0.00001011,0.00000758,0.00000608,0.00000360,0.00000102
5.256000,0.00129600,0.00001011,0.00000758,0.00000608,0.00000360,0.00000102
5.258000,0.00129700,0.00001011,0.00000758,0.00000608,0.00000360,0.00000102
5.260000,0.00129700,0.00001011,0.00000758,0.00000609,0.00000360,0.00000102
5.262000,0.00129700,0.00001011,0.00000758,0.00000609,0.00000360,0.00000102
5.263999,0.00129800,0.00001011,0.00000758,0.00000609,0.00000360,0.00000102
5.265999,0.00129800,0.00001011,0.00000758,0.00000609,0.00000360,0.00000102
5.268000,0.00129800,0.00001011,0.00000758,0.00000609,0.00000360,0.00000102
5.270000,0.00129900,0.00001011,0.00000758,0.00000609,0.00000360,0.00000102
5.271999,0.00129900,0.00001011,0.00000758,0.00000609,0.00000360,0.00000102
5.274000,0.00129900,0.00001011,0.00000758,0.00000609,0.00000360,0.00000102
5.276000,0.00130000,0.00001011,0.00000758,0.00000609,0.00000360,0.00000102
5.278000,0.00130000,0.00001011,0.00000758,0.00000609,0.00000360,0.00000102
5.280000,0.00130000,0.00001012,0.00000758,0.00000609,0.00000360,0.00000102
5.282000,0.00130100,0.00001012,0.00000758,0.00000609,0.00000360,0.00000102
5.283999,0.00130100,0.00001012,0.00000758,0.00000609,0.00000360,0.00000102
5.285999,0.00130100,0.00001012,0.00000759,0.00000609,0.00000360,0.00000102
5.288000,0.00130200,0.00001012,0.00000759,0.00000609,0.00000360,0.00000102
5.289999,0.00130200,0.00001012,0.00000759,0.00000609,0.00000360,0.00000102
5.292000,0.00130200,0.00001012,0.00000759,0.00000609,0.00000360,0.00000102
5.294000,0.00130300,0.00001012,0.00000759,0.00000609,0.00000360,0.00000102
5.296000,0.00130300,0.00001012,0.00000759,0.00000609,0.00000360,0.00000102
5.298000,0.00130300,0.00001012,0.00000759,0.00000609,0.00000360,0.00000102
5.300000,0.00130400,0.00001012,0.00000759,0.00000609,0.00000360,0.00000102
5.302000,0.00130400,0.00001012,0.00000759,0.00000609,0.00000361,0.00000102
5.303999,0.00130400,0.00001012,0.00000759,0.00000609,0.00000361,0.00000102
5.305999,0.00130500,0.00001012,0.00000759,0.00000609,0.00000361,0.00000102
5.308000,0.00130500,0.00001012,0.00000759,0.00000609,0.00000361,0.00000102
5.309999,0.00130500,0.00001012,0.00000759,0.00000609,0.00000361,0.00000102
5.312000,0.00130500,0.00001012,0.00000759,0.00000609,0.00000361,0.00000102
5.314000,0.00130600,0.00001013,0.00000759,0.00000609,0.00000361,0.00000102
5.316000,0.00130600,0.00001013,0.00000759,0.00000609,0.00000361,0.00000102
5.318000,0.00130600,0.00001013,0.00000759,0.00000610,0.00000361,0.00000102
5.320000,0.00130700,0.00001013,0.00000759,0.00000610,0.00000361,0.00000102
5.322000,0.00130700,0.00001013,0.00000759,0.00000610,0.00000361,0.00000102
5.323999,0.00130700,0.00001013,0.00000759,0.00000610,0.00000361,0.00000102
5.326000,0.00130800,0.00001013,0.00000759,0.00000610,0.00000361,0.00000102
5.328000,0.00130800,0.00001013,0.00000759,0.00000610,0.00000361,0.00000102
5.329999,0.00130800,0.00001013,0.00000759,0.00000610,0.00000361,0.00000102
5.332000,0.00130900,0.00001013,0.00000760,0.00000610,0.00000361,0.00000102
5.334000,0.00130900,0.00001013,0.00000760,0.00000610,0.00000361,0.00000102
5.336000,0.00130900,0.00001013,0.00000760,0.00000610,0.00000361,0.00000102
5.338000,0.00131000,0.00001013,0.00000760,0.00000610,0.00000361,0.00000102
5.340000,0.00131000,0.00001013,0.00000760,0.00000610,0.00000361,0.00000102
5.342000,0.00131000,0.00001013,0.00000760,0.00000610,0.00000361,0.00000102
5.343999,0.00131100,0.00001013,0.00000760,0.00000610,0.00000361,0.00000102
5.346000,0.00131100,0.00001014,0.00000760,0.00000610,0.00000361,0.00000102
5.348000,0.00131100,0.00001014,0.00000760,0.00000610,0.00000361,0.00000102
5.349999,0.00131200,0.00001014,0.00000760,0.00000610,0.00000361,0.00000102
5.352000,0.00131200,0.00001014,0.00000760,0.00000610,0.00000361,0.00000102
5.354000,0.00131200,0.00001014,0.00000760,0.00000610,0.00000361,0.00000102
5.356000,0.00131300,0.00001014,0.00000760,0.00000610,0.00000361,0.00000102
5.358000,0.00131300,0.00001014,0.00000760,0.00000610,0.00000361,0.00000102
5.360000,0.00131300,0.00001014,0.00000760,0.00000610,0.00000361,0.00000102
5.362000,0.00131400,0.00001014,0.00000760,0.00000610,0.00000361,0.00000102
5.363999,0.00131400,0.00001014,0.00000760,0.00000610,0.00000361,0.00000102
5.366000,0.00131400,0.00001014,0.00000760,0.00000610,0.00000361,0.00000102
5.368000,0.00131500,0.00001014,0.00000760,0.00000610,0.00000361,0.00000102
5.370000,0.00131500,0.00001014,0.00000760,0.00000610,0.00000361,0.00000102
5.372000,0.00131500,0.00001014,0.00000760,0.00000610,0.00000361,0.00000102
5.374000,0.00131600,0.00001014,0.00000760,0.00000610,0.00000361,0.00000102
5.375999,0.00131600,0.00001014,0.00000760,0.00000611,0.00000361,0.00000102
5.377999,0.00131600,0.00001015,0.00000761,0.00000611,0.00000361,0.00000102
5.380000,0.00131700,0.00001015,0.00000761,0.00000611,0.00000361,0.00000102
5.381999,0.00131700,0.00001015,0.00000761,0.00000611,0.00000361,0.00000102
5.383999,0.00131700,0.00001015,0.00000761,0.00000611,0.00000361,0.00000102
5.386000,0.00131700,0.00001015,0.00000761,0.00000611,0.00000361,0.00000102
5.388000,0.00131800,0.00001015,0.00000761,0.00000611,0.00000361,0.00000102
5.390000,0.00131800,0.00001015,0.00000761,0.00000611,0.00000361,0.00000102
5.392000,0.00131800,0.00001015,0.00000761,0.00000611,0.00000361,0.00000102
5.394000,0.00131900,0.00001015,0.00000761,0.00000611,0.00000361,0.00000102
5.395999,0.00131900,0.00001015,0.00000761,0.00000611,0.00000361,0.00000102
5.397999,0.00131900,0.00001015,0.00000761,0.00000611,0.00000361,0.00000102
5.400000,0.00132000,0.00001015,0.00000761,0.00000611,0.00000361,0.00000102
5.401999,0.00132000,0.00001015,0.00000761,0.00000611,0.00000361,0.00000102
5.404000,0.00132000,0.00001015,0.00000761,0.00000611,0.00000362,0.00000102
5.406000,0.00132100,0.00001015,0.00000761,0.00000611,0.00000362,0.00000102
5.408000,0.00132100,0.00001015,0.00000761,0.00000611,0.00000362,0.00000102
5.410000,0.00132100,0.00001015,0.00000761,0.00000611,0.00000362,0.00000102
5.412000,0.00132200,0.00001016,0.00000761,0.00000611,0.00000362,0.00000102
5.414000,0.00132200,0.00001016,0.00000761,0.00000611,0.00000362,0.00000102
5.415999,0.00132200,0.00001016,0.00000761,0.00000611,0.00000362,0.00000102
5.417999,0.00132300,0.00001016,0.00000761,0.00000611,0.00000362,0.00000102
5.420000,0.00132300,0.00001016,0.00000761,0.00000611,0.00000362,0.00000102
5.421999,0.00132300,0.00001016,0.00000762,0.00000611,0.00000362,0.00000102
5.424000,0.00132400,0.00001016,0.00000762,0.00000611,0.00000362,0.00000102
5.426000,0.00132400,0.00001016,0.00000762,0.00000611,0.00000362,0.00000102
5.427999,0.00132400,0.00001016,0.00000762,0.00000611,0.00000362,0.00000102
5.430000,0.00132500,0.00001016,0.00000762,0.00000611,0.00000362,0.00000102
5.432000,0.00132500,0.00001016,0.00000762,0.00000611,0.00000362,0.00000102
5.434000,0.00132500,0.00001016,0.00000762,0.00000612,0.00000362,0.00000102
5.435999,0.00132600,0.00001016,0.00000762,0.00000612,0.00000362,0.00000102
5.438000,0.00132600,0.00001016,0.00000762,0.00000612,0.00000362,0.00000102
5.440000,0.00132600,0.00001016,0.00000762,0.00000612,0.00000362,0.00000102
5.441999,0.00132700,0.00001016,0.00000762,0.00000612,0.00000362,0.00000103
5.444000,0.00132700,0.00001017,0.00000762,0.00000612,0.00000362,0.00000103
5.446000,0.00132700,0.00001017,0.00000762,0.00000612,0.00000362,0.00000103
5.448000,0.00132800,0.00001017,0.00000762,0.00000612,0.00000362,0.00000103
5.450000,0.00132800,0.00001017,0.00000762,0.00000612,0.00000362,0.00000103
5.452000,0.00132800,0.00001017,0.00000762,0.00000612,0.00000362,0.00000103
5.454000,0.00132900,0.00001017,0.00000762,0.00000612,0.00000362,0.00000103
5.455999,0.00132900,0.00001017,0.00000762,0.00000612,0.00000362,0.00000103
5.458000,0.00132900,0.00001017,0.00000762,0.00000612,0.00000362,0.00000103
5.460000,0.00133000,0.00001017,0.00000762,0.00000612,0.00000362,0.00000103
5.461999,0.00133000,0.00001017,0.00000762,0.00000612,0.00000362,0.00000103
5.464000,0.00133000,0.00001017,0.00000762,0.00000612,0.00000362,0.00000103
5.466000,0.00133100,0.00001017,0.00000762,0.00000612,0.00000362,0.00000103
5.468000,0.00133100,0.00001017,0.00000763,0.00000612,0.00000362,0.00000103
5.470000,0.00133100,0.00001017,0.00000763,0.00000612,0.00000362,0.00000103
5.472000,0.00133200,0.00001017,0.00000763,0.00000612,0.00000362,0.00000103
5.474000,0.00133200,0.00001017,0.00000763,0.00000612,0.00000362,0.00000103
5.475999,0.00133200,0.00001018,0.00000763,0.00000612,0.00000362,0.00000103
5.478000,0.00133300,0.00001018,0.00000763,0.00000612,0.00000362,0.00000103
5.480000,0.00133300,0.00001018,0.00000763,0.00000612,0.00000362,0.00000103
5.482000,0.00133300,0.00001018,0.00000763,0.00000612,0.00000362,0.00000103
5.484000,0.00133400,0.00001018,0.00000763,0.00000612,0.00000362,0.00000103
5.486000,0.00133400,0.00001018,0.00000763,0.00000612,0.00000362,0.00000103
5.488000,0.00133400,0.00001018,0.00000763,0.00000612,0.00000362,0.00000103
5.489999,0.00133500,0.00001018,0.00000763,0.00000612,0.00000362,0.00000103
5.492000,0.00133500,0.00001018,0.00000763,0.00000613,0.00000362,0.00000103
5.493999,0.00133500,0.00001018,0.00000763,0.00000613,0.00000362,0.00000103
5.495999,0.00133600,0.00001018,0.00000763,0.00000613,0.00000362,0.00000103
5.498000,0.00133600,0.00001018,0.00000763,0.00000613,0.00000362,0.00000103
5.500000,0.00133600,0.00001018,0.00000763,0.00000613,0.00000362,0.00000103
5.502000,0.00133700,0.00001018,0.00000763,0.00000613,0.00000362,0.00000103
5.504000,0.00133700,0.00001018,0.00000763,0.00000613,0.00000363,0.00000103
5.506000,0.00133700,0.00001018,0.00000763,0.00000613,0.00000363,0.00000103
5.507999,0.00133800,0.00001018,0.00000763,0.00000613,0.00000363,0.00000103
5.509999,0.00133800,0.00001019,0.00000763,0.00000613,0.00000363,0.00000103
5.512000,0.00133800,0.00001019,0.00000763,0.00000613,0.00000363,0.00000103
5.513999,0.00133900,0.00001019,0.00000764,0.00000613,0.00000363,0.00000103
5.516000,0.00133900,0.00001019,0.00000764,0.00000613,0.00000363,0.00000103
5.518000,0.00133900,0.00001019,0.00000764,0.00000613,0.00000363,0.00000103
5.520000,0.00134000,0.00001019,0.00000764,0.00000613,0.00000363,0.00000103
5.522000,0.00134000,0.00001019,0.00000764,0.00000613,0.00000363,0.00000103
5.524000,0.00134000,0.00001019,0.00000764,0.00000613,0.00000363,0.00000103
5.526000,0.00134100,0.00001019,0.00000764,0.00000613,0.00000363,0.00000103
5.527999,0.00134100,0.00001019,0.00000764,0.00000613,0.00000363,0.00000103
5.529999,0.00134100,0.00001019,0.00000764,0.00000613,0.00000363,0.00000103
5.532000,0.00134200,0.00001019,0.00000764,0.00000613,0.00000363,0.00000103
5.533999,0.00134200,0.00001019,0.00000764,0.00000613,0.00000363,0.00000103
5.536000,0.00134200,0.00001019,0.00000764,0.00000613,0.00000363,0.00000103
5.538000,0.00134300,0.00001019,0.00000764,0.00000613,0.00000363,0.00000103
5.539999,0.00134300,0.00001019,0.00000764,0.00000613,0.00000363,0.00000103
5.542000,0.00134300,0.00001020,0.00000764,0.00000613,0.00000363,0.00000103
5.544000,0.00134400,0.00001020,0.00000764,0.00000613,0.00000363,0.00000103
5.546000,0.00134400,0.00001020,0.00000764,0.00000613,0.00000363,0.00000103
5.547999,0.00134400,0.00001020,0.00000764,0.00000613,0.00000363,0.00000103
5.550000,0.00134500,0.00001020,0.00000764,0.00000614,0.00000363,0.00000103
5.552000,0.00134500,0.00001020,0.00000764,0.00000614,0.00000363,0.00000103
5.553999,0.00134500,0.00001020,0.00000764,0.00000614,0.00000363,0.00000103
5.556000,0.00134600,0.00001020,0.00000764,0.00000614,0.00000363,0.00000103
5.558000,0.00134600,0.00001020,0.00000765,0.00000614,0.00000363,0.00000103
5.560000,0.00134600,0.00001020,0.00000765,0.00000614,0.00000363,0.00000103
5.562000,0.00134700,0.00001020,0.00000765,0.00000614,0.00000363,0.00000103
5.564000,0.00134700,0.00001020,0.00000765,0.00000614,0.00000363,0.00000103
5.566000,0.00134700,0.00001020,0.00000765,0.00000614,0.00000363,0.00000103
5.567999,0.00134800,0.00001020,0.00000765,0.00000614,0.00000363,0.00000103
5.570000,0.00134800,0.00001020,0.00000765,0.00000614,0.00000363,0.00000103
5.572000,0.00134800,0.00001020,0.00000765,0.00000614,0.00000363,0.00000103
5.573999,0.00134900,0.00001021,0.00000765,0.00000614,0.00000363,0.00000103
5.576000,0.00134900,0.00001021,0.00000765,0.00000614,0.00000363,0.00000103
5.578000,0.00135000,0.00001021,0.00000765,0.00000614,0.00000363,0.00000103
5.580000,0.00135000,0.00001021,0.00000765,0.00000614,0.00000363,0.00000103
5.582000,0.00135000,0.00001021,0.00000765,0.00000614,0.00000363,0.00000103
5.584000,0.00135100,0.00001021,0.00000765,0.00000614,0.00000363,0.00000103
5.585999,0.00135100,0.00001021,0.00000765,0.00000614,0.00000363,0.00000103
5.587999,0.00135100,0.00001021,0.00000765,0.00000614,0.00000363,0.00000103
5.590000,0.00135200,0.00001021,0.00000765,0.00000614,0.00000363,0.00000103
5.592000,0.00135200,0.00001021,0.00000765,0.00000614,0.00000363,0.00000103
5.594000,0.00135200,0.00001021,0.00000765,0.00000614,0.00000363,0.00000103
5.596000,0.00135300,0.00001021,0.00000765,0.00000614,0.00000363,0.00000103
5.598000,0.00135300,0.00001021,0.00000765,0.00000614,0.00000363,0.00000103
5.600000,0.00135300,0.00001021,0.00000765,0.00000614,0.00000363,0.00000103
5.601999,0.00135400,0.00001021,0.00000765,0.00000614,0.00000363,0.00000103
5.604000,0.00135400,0.00001021,0.00000766,0.00000614,0.00000363,0.00000103
5.605999,0.00135400,0.00001022,0.00000766,0.00000614,0.00000364,0.00000103
5.607999,0.00135500,0.00001022,0.00000766,0.00000615,0.00000364,0.00000103
5.610000,0.00135500,0.00001022,0.00000766,0.00000615,0.00000364,0.00000103
5.612000,0.00135500,0.00001022,0.00000766,0.00000615,0.00000364,0.00000103
5.614000,0.00135600,0.00001022,0.00000766,0.00000615,0.00000364,0.00000103
5.616000,0.00135600,0.00001022,0.00000766,0.00000615,0.00000364,0.00000103
5.618000,0.00135600,0.00001022,0.00000766,0.00000615,0.00000364,0.00000103
5.619999,0.00135700,0.00001022,0.00000766,0.00000615,0.00000364,0.00000103
5.621999,0.00135700,0.00001022,0.00000766,0.00000615,0.00000364,0.00000103
5.624000,0.00135700,0.00001022,0.00000766,0.00000615,0.00000364,0.00000103
5.625999,0.00135800,0.00001022,0.00000766,0.00000615,0.00000364,0.00000103
5.628000,0.00135800,0.00001022,0.00000766,0.00000615,0.00000364,0.00000103
5.630000,0.00135800,0.00001022,0.00000766,0.00000615,0.00000364,0.00000103
5.631999,0.00135900,0.00001022,0.00000766,0.00000615,0.00000364,0.00000103
5.634000,0.00135900,0.00001022,0.00000766,0.00000615,0.00000364,0.00000103
5.636000,0.00135900,0.00001022,0.00000766,0.00000615,0.00000364,0.00000103
5.638000,0.00136000,0.00001023,0.00000766,0.00000615,0.00000364,0.00000103
5.639999,0.00136000,0.00001023,0.00000766,0.00000615,0.00000364,0.00000103
5.641999,0.00136000,0.00001023,0.00000766,0.00000615,0.00000364,0.00000103
5.644000,0.00136100,0.00001023,0.00000766,0.00000615,0.00000364,0.00000103
5.645999,0.00136100,0.00001023,0.00000766,0.00000615,0.00000364,0.00000103
5.648000,0.00136100,0.00001023,0.00000766,0.00000615,0.00000364,0.00000103
5.650000,0.00136200,0.00001023,0.00000767,0.00000615,0.00000364,0.00000103
5.651999,0.00136200,0.00001023,0.00000767,0.00000615,0.00000364,0.00000103
5.654000,0.00136300,0.00001023,0.00000767,0.00000615,0.00000364,0.00000103
5.656000,0.00136300,0.00001023,0.00000767,0.00000615,0.00000364,0.00000103
5.658000,0.00136300,0.00001023,0.00000767,0.00000615,0.00000364,0.00000103
5.659999,0.00136400,0.00001023,0.00000767,0.00000615,0.00000364,0.00000103
5.662000,0.00136400,0.00001023,0.00000767,0.00000615,0.00000364,0.00000103
5.664000,0.00136400,0.00001023,0.00000767,0.00000615,0.00000364,0.00000103
5.665999,0.00136500,0.00001023,0.00000767,0.00000616,0.00000364,0.00000103
5.668000,0.00136500,0.00001023,0.00000767,0.00000616,0.00000364,0.00000103
5.670000,0.00136500,0.00001023,0.00000767,0.00000616,0.00000364,0.00000103
5.672000,0.00136600,0.00001024,0.00000767,0.00000616,0.00000364,0.00000103
5.674000,0.00136600,0.00001024,0.00000767,0.00000616,0.00000364,0.00000103
5.676000,0.00136600,0.00001024,0.00000767,0.00000616,0.00000364,0.00000103
5.677999,0.00136700,0.00001024,0.00000767,0.00000616,0.00000364,0.00000103
5.679999,0.00136700,0.00001024,0.00000767,0.00000616,0.00000364,0.00000103
5.682000,0.00136700,0.00001024,0.00000767,0.00000616,0.00000364,0.00000103
5.684000,0.00136800,0.00001024,0.00000767,0.00000616,0.00000364,0.00000103
5.685999,0.00136800,0.00001024,0.00000767,0.00000616,0.00000364,0.00000103
5.688000,0.00136800,0.00001024,0.00000767,0.00000616,0.00000364,0.00000103
5.690000,0.00136900,0.00001024,0.00000767,0.00000616,0.00000364,0.00000103
5.692000,0.00136900,0.00001024,0.00000767,0.00000616,0.00000364,0.00000103
5.694000,0.00136900,0.00001024,0.00000768,0.00000616,0.00000364,0.00000103
5.696000,0.00137000,0.00001024,0.00000768,0.00000616,0.00000364,0.00000103
5.697999,0.00137000,0.00001024,0.00000768,0.00000616,0.00000364,0.00000103
5.699999,0.00137000,0.00001024,0.00000768,0.00000616,0.00000364,0.00000103
5.702000,0.00137100,0.00001024,0.00000768,0.00000616,0.00000364,0.00000103
5.704000,0.00137100,0.00001025,0.00000768,0.00000616,0.00000364,0.00000103
5.706000,0.00137200,0.00001025,0.00000768,0.00000616,0.00000365,0.00000103
5.708000,0.00137200,0.00001025,0.00000768,0.00000616,0.00000365,0.00000103
5.710000,0.00137200,0.00001025,0.00000768,0.00000616,0.00000365,0.00000103
5.712000,0.00137300,0.00001025,0.00000768,0.00000616,0.00000365,0.00000103
5.713999,0.00137300,0.00001025,0.00000768,0.00000616,0.00000365,0.00000103
5.716000,0.00137300,0.00001025,0.00000768,0.00000616,0.00000365,0.00000103
5.717999,0.00137400,0.00001025,0.00000768,0.00000616,0.00000365,0.00000103
5.719999,0.00137400,0.00001025,0.00000768,0.00000616,0.00000365,0.00000103
5.722000,0.00137400,0.00001025,0.00000768,0.00000617,0.00000365,0.00000103
5.724000,0.00137500,0.00001025,0.00000768,0.00000617,0.00000365,0.00000103
5.726000,0.00137500,0.00001025,0.00000768,0.00000617,0.00000365,0.00000103
5.728000,0.00137500,0.00001025,0.00000768,0.00000617,0.00000365,0.00000103
5.730000,0.00137600,0.00001025,0.00000768,0.00000617,0.00000365,0.00000103
5.731999,0.00137600,0.00001025,0.00000768,0.00000617,0.00000365,0.00000103
5.733999,0.00137600,0.00001025,0.00000768,0.00000617,0.00000365,0.00000103
5.736000,0.00137700,0.00001026,0.00000768,0.00000617,0.00000365,0.00000103
5.737999,0.00137700,0.00001026,0.00000768,0.00000617,0.00000365,0.00000103
5.740000,0.00137700,0.00001026,0.00000769,0.00000617,0.00000365,0.00000103
5.742000,0.00137800,0.00001026,0.00000769,0.00000617,0.00000365,0.00000103
5.743999,0.00137800,0.00001026,0.00000769,0.00000617,0.00000365,0.00000103
5.746000,0.00137900,0.00001026,0.00000769,0.00000617,0.00000365,0.00000103
5.748000,0.00137900,0.00001026,0.00000769,0.00000617,0.00000365,0.00000103
5.750000,0.00137900,0.00001026,0.00000769,0.00000617,0.00000365,0.00000103
5.751999,0.00138000,0.00001026,0.00000769,0.00000617,0.00000365,0.00000103
5.753999,0.00138000,0.00001026,0.00000769,0.00000617,0.00000365,0.00000103
5.756000,0.00138000,0.00001026,0.00000769,0.00000617,0.00000365,0.00000103
5.757999,0.00138100,0.00001026,0.00000769,0.00000617,0.00000365,0.00000103
5.760000,0.00138100,0.00001026,0.00000769,0.00000617,0.00000365,0.00000103
5.762000,0.00138100,0.00001026,0.00000769,0.00000617,0.00000365,0.00000103
5.763999,0.00138200,0.00001026,0.00000769,0.00000617,0.00000365,0.00000103
5.766000,0.00138200,0.00001026,0.00000769,0.00000617,0.00000365,0.00000103
5.768000,0.00138200,0.00001027,0.00000769,0.00000617,0.00000365,0.00000103
5.770000,0.00138300,0.00001027,0.00000769,0.00000617,0.00000365,0.00000103
5.771999,0.00138300,0.00001027,0.00000769,0.00000617,0.00000365,0.00000103
5.774000,0.00138300,0.00001027,0.00000769,0.00000617,0.00000365,0.00000103
5.776000,0.00138400,0.00001027,0.00000769,0.00000617,0.00000365,0.00000103
5.777999,0.00138400,0.00001027,0.00000769,0.00000617,0.00000365,0.00000103
5.780000,0.00138500,0.00001027,0.00000769,0.00000618,0.00000365,0.00000103
5.782000,0.00138500,0.00001027,0.00000769,0.00000618,0.00000365,0.00000103
5.784000,0.00138500,0.00001027,0.00000770,0.00000618,0.00000365,0.00000103
5.786000,0.00138600,0.00001027,0.00000770,0.00000618,0.00000365,0.00000103
5.788000,0.00138600,0.00001027,0.00000770,0.00000618,0.00000365,0.00000103
5.789999,0.00138600,0.00001027,0.00000770,0.00000618,0.00000365,0.00000103
5.791999,0.00138700,0.00001027,0.00000770,0.00000618,0.00000365,0.00000103
5.794000,0.00138700,0.00001027,0.00000770,0.00000618,0.00000365,0.00000103
5.796000,0.00138700,0.00001027,0.00000770,0.00000618,0.00000365,0.00000103
5.797999,0.00138800,0.00001027,0.00000770,0.00000618,0.00000365,0.00000103
5.800000,0.00138800,0.00001028,0.00000770,0.00000618,0.00000365,0.00000103
5.802000,0.00138800,0.00001028,0.00000770,0.00000618,0.00000365,0.00000103
5.804000,0.00138900,0.00001028,0.00000770,0.00000618,0.00000365,0.00000103
5.806000,0.00138900,0.00001028,0.00000770,0.00000618,0.00000366,0.00000103
5.808000,0.00138900,0.00001028,0.00000770,0.00000618,0.00000366,0.00000103
5.809999,0.00139000,0.00001028,0.00000770,0.00000618,0.00000366,0.00000103
5.811999,0.00139000,0.00001028,0.00000770,0.00000618,0.00000366,0.00000103
5.814000,0.00139100,0.00001028,0.00000770,0.00000618,0.00000366,0.00000103
5.816000,0.00139100,0.00001028,0.00000770,0.00000618,0.00000366,0.00000103
5.818000,0.00139100,0.00001028,0.00000770,0.00000618,0.00000366,0.00000103
5.820000,0.00139200,0.00001028,0.00000770,0.00000618,0.00000366,0.00000104
5.822000,0.00139200,0.00001028,0.00000770,0.00000618,0.00000366,0.00000104
5.824000,0.00139200,0.00001028,0.00000770,0.00000618,0.00000366,0.00000104
5.825999,0.00139300,0.00001028,0.00000770,0.00000618,0.00000366,0.00000104
5.828000,0.00139300,0.00001028,0.00000771,0.00000618,0.00000366,0.00000104
5.829999,0.00139300,0.00001028,0.00000771,0.00000618,0.00000366,0.00000104
5.831999,0.00139400,0.00001029,0.00000771,0.00000618,0.00000366,0.00000104
5.834000,0.00139400,0.00001029,0.00000771,0.00000618,0.00000366,0.00000104
5.835999,0.00139400,0.00001029,0.00000771,0.00000619,0.00000366,0.00000104
5.838000,0.00139500,0.00001029,0.00000771,0.00000619,0.00000366,0.00000104
5.840000,0.00139500,0.00001029,0.00000771,0.00000619,0.00000366,0.00000104
5.842000,0.00139600,0.00001029,0.00000771,0.00000619,0.00000366,0.00000104
5.843999,0.00139600,0.00001029,0.00000771,0.00000619,0.00000366,0.00000104
5.845999,0.00139600,0.00001029,0.00000771,0.00000619,0.00000366,0.00000104
5.848000,0.00139700,0.00001029,0.00000771,0.00000619,0.00000366,0.00000104
5.849999,0.00139700,0.00001029,0.00000771,0.00000619,0.00000366,0.00000104
5.852000,0.00139700,0.00001029,0.00000771,0.00000619,0.00000366,0.00000104
5.854000,0.00139800,0.00001029,0.00000771,0.00000619,0.00000366,0.00000104
5.855999,0.00139800,0.00001029,0.00000771,0.00000619,0.00000366,0.00000104
5.858000,0.00139800,0.00001029,0.00000771,0.00000619,0.00000366,0.00000104
5.860000,0.00139900,0.00001029,0.00000771,0.00000619,0.00000366,0.00000104
5.862000,0.00139900,0.00001029,0.00000771,0.00000619,0.00000366,0.00000104
5.863999,0.00139900,0.00001030,0.00000771,0.00000619,0.00000366,0.00000104
5.865999,0.00140000,0.00001030,0.00000771,0.00000619,0.00000366,0.00000104
5.868000,0.00140000,0.00001030,0.00000771,0.00000619,0.00000366,0.00000104
5.869999,0.00140100,0.00001030,0.00000771,0.00000619,0.00000366,0.00000104
5.872000,0.00140100,0.00001030,0.00000771,0.00000619,0.00000366,0.00000104
5.874000,0.00140100,0.00001030,0.00000772,0.00000619,0.00000366,0.00000104
5.875999,0.00140200,0.00001030,0.00000772,0.00000619,0.00000366,0.00000104
5.878000,0.00140200,0.00001030,0.00000772,0.00000619,0.00000366,0.00000104
5.880000,0.00140200,0.00001030,0.00000772,0.00000619,0.00000366,0.00000104
5.881999,0.00140300,0.00001030,0.00000772,0.00000619,0.00000366,0.00000104
5.883999,0.00140300,0.00001030,0.00000772,0.00000619,0.00000366,0.00000104
5.886000,0.00140300,0.00001030,0.00000772,0.00000619,0.00000366,0.00000104
5.888000,0.00140400,0.00001030,0.00000772,0.00000619,0.00000366,0.00000104
5.889999,0.00140400,0.00001030,0.00000772,0.00000619,0.00000366,0.00000104
5.892000,0.00140500,0.00001030,0.00000772,0.00000619,0.00000366,0.00000104
5.894000,0.00140500,0.00001030,0.00000772,0.00000620,0.00000366,0.00000104
5.896000,0.00140500,0.00001031,0.00000772,0.00000620,0.00000366,0.00000104
5.898000,0.00140600,0.00001031,0.00000772,0.00000620,0.00000366,0.00000104
5.900000,0.00140600,0.00001031,0.00000772,0.00000620,0.00000366,0.00000104
5.901999,0.00140600,0.00001031,0.00000772,0.00000620,0.00000366,0.00000104
5.903999,0.00140700,0.00001031,0.00000772,0.00000620,0.00000366,0.00000104
5.906000,0.00140700,0.00001031,0.00000772,0.00000620,0.00000367,0.00000104
5.908000,0.00140700,0.00001031,0.00000772,0.00000620,0.00000367,0.00000104
5.909999,0.00140800,0.00001031,0.00000772,0.00000620,0.00000367,0.00000104
5.912000,0.00140800,0.00001031,0.00000772,0.00000620,0.00000367,0.00000104
5.914000,0.00140900,0.00001031,0.00000772,0.00000620,0.00000367,0.00000104
5.916000,0.00140900,0.00001031,0.00000772,0.00000620,0.00000367,0.00000104
5.918000,0.00140900,0.00001031,0.00000773,0.00000620,0.00000367,0.00000104
5.920000,0.00141000,0.00001031,0.00000773,0.00000620,0.00000367,0.00000104
5.921999,0.00141000,0.00001031,0.00000773,0.00000620,0.00000367,0.00000104
5.923999,0.00141000,0.00001031,0.00000773,0.00000620,0.00000367,0.00000104
5.926000,0.00141100,0.00001031,0.00000773,0.00000620,0.00000367,0.00000104
5.927999,0.00141100,0.00001032,0.00000773,0.00000620,0.00000367,0.00000104
5.930000,0.00141100,0.00001032,0.00000773,0.00000620,0.00000367,0.00000104
5.932000,0.00141200,0.00001032,0.00000773,0.00000620,0.00000367,0.00000104
5.934000,0.00141200,0.00001032,0.00000773,0.00000620,0.00000367,0.00000104
5.936000,0.00141300,0.00001032,0.00000773,0.00000620,0.00000367,0.00000104
5.938000,0.00141300,0.00001032,0.00000773,0.00000620,0.00000367,0.00000104
5.940000,0.00141300,0.00001032,0.00000773,0.00000620,0.00000367,0.00000104
5.941999,0.00141400,0.00001032,0.00000773,0.00000620,0.00000367,0.00000104
5.943999,0.00141400,0.00001032,0.00000773,0.00000620,0.00000367,0.00000104
5.946000,0.00141400,0.00001032,0.00000773,0.00000620,0.00000367,0.00000104
5.947999,0.00141500,0.00001032,0.00000773,0.00000620,0.00000367,0.00000104
5.950000,0.00141500,0.00001032,0.00000773,0.00000621,0.00000367,0.00000104
5.952000,0.00141500,0.00001032,0.00000773,0.00000621,0.00000367,0.00000104
5.954000,0.00141600,0.00001032,0.00000773,0.00000621,0.00000367,0.00000104
5.955999,0.00141600,0.00001032,0.00000773,0.00000621,0.00000367,0.00000104
5.957999,0.00141700,0.00001032,0.00000773,0.00000621,0.00000367,0.00000104
5.960000,0.00141700,0.00001033,0.00000773,0.00000621,0.00000367,0.00000104
5.961999,0.00141700,0.00001033,0.00000774,0.00000621,0.00000367,0.00000104
5.964000,0.00141800,0.00001033,0.00000774,0.00000621,0.00000367,0.00000104
5.966000,0.00141800,0.00001033,0.00000774,0.00000621,0.00000367,0.00000104
5.967999,0.00141800,0.00001033,0.00000774,0.00000621,0.00000367,0.00000104
5.970000,0.00141900,0.00001033,0.00000774,0.00000621,0.00000367,0.00000104
5.972000,0.00141900,0.00001033,0.00000774,0.00000621,0.00000367,0.00000104
5.974000,0.00141900,0.00001033,0.00000774,0.00000621,0.00000367,0.00000104
5.975999,0.00142000,0.00001033,0.00000774,0.00000621,0.00000367,0.00000104
5.977999,0.00142000,0.00001033,0.00000774,0.00000621,0.00000367,0.00000104
5.980000,0.00142100,0.00001033,0.00000774,0.00000621,0.00000367,0.00000104
5.981999,0.00142100,0.00001033,0.00000774,0.00000621,0.00000367,0.00000104
5.984000,0.00142100,0.00001033,0.00000774,0.00000621,0.00000367,0.00000104
5.986000,0.00142200,0.00001033,0.00000774,0.00000621,0.00000367,0.00000104
5.987999,0.00142200,0.00001033,0.00000774,0.00000621,0.00000367,0.00000104
5.990000,0.00142200,0.00001033,0.00000774,0.00000621,0.00000367,0.00000104
5.992000,0.00142300,0.00001034,0.00000774,0.00000621,0.00000367,0.00000104
5.993999,0.00142300,0.00001034,0.00000774,0.00000621,0.00000367,0.00000104
5.995999,0.00142400,0.00001034,0.00000774,0.00000621,0.00000367,0.00000104
5.998000,0.00142400,0.00001034,0.00000774,0.00000621,0.00000367,0.00000104
6.000000,0.00142400,0.00001034,0.00000774,0.00000621,0.00000367,0.00000104
6.001999,0.00142500,0.00001034,0.00000774,0.00000621,0.00000367,0.00000104
6.004000,0.00142500,0.00001034,0.00000774,0.00000621,0.00000367,0.00000104
6.006000,0.00142500,0.00001034,0.00000774,0.00000621,0.00000368,0.00000104
6.008000,0.00142600,0.00001034,0.00000775,0.00000622,0.00000368,0.00000104
6.010000,0.00142600,0.00001034,0.00000775,0.00000622,0.00000368,0.00000104
6.012000,0.00142700,0.00001034,0.00000775,0.00000622,0.00000368,0.00000104
6.013999,0.00142700,0.00001034,0.00000775,0.00000622,0.00000368,0.00000104
6.015999,0.00142700,0.00001034,0.00000775,0.00000622,0.00000368,0.00000104
6.018000,0.00142800,0.00001034,0.00000775,0.00000622,0.00000368,0.00000104
6.020000,0.00142800,0.00001034,0.00000775,0.00000622,0.00000368,0.00000104
6.021999,0.00142800,0.00001035,0.00000775,0.00000622,0.00000368,0.00000104
6.024000,0.00142900,0.00001035,0.00000775,0.00000622,0.00000368,0.00000104
6.026000,0.00142900,0.00001035,0.00000775,0.00000622,0.00000368,0.00000104
6.028000,0.00142900,0.00001035,0.00000775,0.00000622,0.00000368,0.00000104
6.030000,0.00143000,0.00001035,0.00000775,0.00000622,0.00000368,0.00000104
6.032000,0.00143000,0.00001035,0.00000775,0.00000622,0.00000368,0.00000104
6.033999,0.00143100,0.00001035,0.00000775,0.00000622,0.00000368,0.00000104
6.035999,0.00143100,0.00001035,0.00000775,0.00000622,0.00000368,0.00000104
6.038000,0.00143100,0.00001035,0.00000775,0.00000622,0.00000368,0.00000104
6.039999,0.00143200,0.00001035,0.00000775,0.00000622,0.00000368,0.00000104
6.042000,0.00143200,0.00001035,0.00000775,0.00000622,0.00000368,0.00000104
6.044000,0.00143200,0.00001035,0.00000775,0.00000622,0.00000368,0.00000104
6.046000,0.00143300,0.00001035,0.00000775,0.00000622,0.00000368,0.00000104
6.048000,0.00143300,0.00001035,0.00000775,0.00000622,0.00000368,0.00000104
6.050000,0.00143400,0.00001035,0.00000775,0.00000622,0.00000368,0.00000104
6.052000,0.00143400,0.00001035,0.00000776,0.00000622,0.00000368,0.00000104
6.053999,0.00143400,0.00001036,0.00000776,0.00000622,0.00000368,0.00000104
6.055999,0.00143500,0.00001036,0.00000776,0.00000622,0.00000368,0.00000104
6.058000,0.00143500,0.00001036,0.00000776,0.00000622,0.00000368,0.00000104
6.059999,0.00143500,0.00001036,0.00000776,0.00000622,0.00000368,0.00000104
6.062000,0.00143600,0.00001036,0.00000776,0.00000622,0.00000368,0.00000104
6.064000,0.00143600,0.00001036,0.00000776,0.00000623,0.00000368,0.00000104
6.066000,0.00143700,0.00001036,0.00000776,0.00000623,0.00000368,0.00000104
6.068000,0.00143700,0.00001036,0.00000776,0.00000623,0.00000368,0.00000104
6.069999,0.00143700,0.00001036,0.00000776,0.00000623,0.00000368,0.00000104
6.072000,0.00143800,0.00001036,0.00000776,0.00000623,0.00000368,0.00000104
6.073999,0.00143800,0.00001036,0.00000776,0.00000623,0.00000368,0.00000104
6.076000,0.00143800,0.00001036,0.00000776,0.00000623,0.00000368,0.00000104
6.078000,0.00143900,0.00001036,0.00000776,0.00000623,0.00000368,0.00000104
6.079999,0.00143900,0.00001036,0.00000776,0.00000623,0.00000368,0.00000104
6.082000,0.00144000,0.00001036,0.00000776,0.00000623,0.00000368,0.00000104
6.084000,0.00144000,0.00001036,0.00000776,0.00000623,0.00000368,0.00000104
6.085999,0.00144000,0.00001037,0.00000776,0.00000623,0.00000368,0.00000104
6.087999,0.00144100,0.00001037,0.00000776,0.00000623,0.00000368,0.00000104
6.089999,0.00144100,0.00001037,0.00000776,0.00000623,0.00000368,0.00000104
6.092000,0.00144100,0.00001037,0.00000776,0.00000623,0.00000368,0.00000104
6.093999,0.00144200,0.00001037,0.00000776,0.00000623,0.00000368,0.00000104
6.096000,0.00144200,0.00001037,0.00000777,0.00000623,0.00000368,0.00000104
6.098000,0.00144300,0.00001037,0.00000777,0.00000623,0.00000368,0.00000104
6.099999,0.00144300,0.00001037,0.00000777,0.00000623,0.00000368,0.00000104
6.102000,0.00144300,0.00001037,0.00000777,0.00000623,0.00000368,0.00000104
6.104000,0.00144400,0.00001037,0.00000777,0.00000623,0.00000369,0.00000104
6.105999,0.00144400,0.00001037,0.00000777,0.00000623,0.00000369,0.00000104
6.107999,0.00144400,0.00001037,0.00000777,0.00000623,0.00000369,0.00000104
6.110000,0.00144500,0.00001037,0.00000777,0.00000623,0.00000369,0.00000104
6.112000,0.00144500,0.00001037,0.00000777,0.00000623,0.00000369,0.00000104
6.113999,0.00144600,0.00001037,0.00000777,0.00000623,0.00000369,0.00000104
6.116000,0.00144600,0.00001037,0.00000777,0.00000623,0.00000369,0.00000104
6.118000,0.00144600,0.00001038,0.00000777,0.00000623,0.00000369,0.00000104
6.120000,0.00144700,0.00001038,0.00000777,0.00000624,0.00000369,0.00000104
6.122000,0.00144700,0.00001038,0.00000777,0.00000624,0.00000369,0.00000104
6.124000,0.00144800,0.00001038,0.00000777,0.00000624,0.00000369,0.00000104
6.125999,0.00144800,0.00001038,0.00000777,0.00000624,0.00000369,0.00000104
6.127999,0.00144800,0.00001038,0.00000777,0.00000624,0.00000369,0.00000104
6.130000,0.00144900,0.00001038,0.00000777,0.00000624,0.00000369,0.00000104
6.131999,0.00144900,0.00001038,0.00000777,0.00000624,0.00000369,0.00000104
6.133999,0.00144900,0.00001038,0.00000777,0.00000624,0.00000369,0.00000104
6.136000,0.00145000,0.00001038,0.00000777,0.00000624,0.00000369,0.00000104
6.138000,0.00145000,0.00001038,0.00000777,0.00000624,0.00000369,0.00000104
6.140000,0.00145100,0.00001038,0.00000778,0.00000624,0.00000369,0.00000104
6.142000,0.00145100,0.00001038,0.00000778,0.00000624,0.00000369,0.00000104
6.144000,0.00145100,0.00001038,0.00000778,0.00000624,0.00000369,0.00000104
6.145999,0.00145200,0.00001038,0.00000778,0.00000624,0.00000369,0.00000104
6.147999,0.00145200,0.00001038,0.00000778,0.00000624,0.00000369,0.00000104
6.150000,0.00145200,0.00001039,0.00000778,0.00000624,0.00000369,0.00000104
6.151999,0.00145300,0.00001039,0.00000778,0.00000624,0.00000369,0.00000104
6.154000,0.00145300,0.00001039,0.00000778,0.00000624,0.00000369,0.00000104
6.156000,0.00145400,0.00001039,0.00000778,0.00000624,0.00000369,0.00000104
6.158000,0.00145400,0.00001039,0.00000778,0.00000624,0.00000369,0.00000104
6.160000,0.00145400,0.00001039,0.00000778,0.00000624,0.00000369,0.00000104
6.162000,0.00145500,0.00001039,0.00000778,0.00000624,0.00000369,0.00000104
6.164000,0.00145500,0.00001039,0.00000778,0.00000624,0.00000369,0.00000104
6.165999,0.00145600,0.00001039,0.00000778,0.00000624,0.00000369,0.00000104
6.167999,0.00145600,0.00001039,0.00000778,0.00000624,0.00000369,0.00000104
6.170000,0.00145600,0.00001039,0.00000778,0.00000624,0.00000369,0.00000104
6.171999,0.00145700,0.00001039,0.00000778,0.00000624,0.00000369,0.00000104
6.174000,0.00145700,0.00001039,0.00000778,0.00000624,0.00000369,0.00000104
6.176000,0.00145700,0.00001039,0.00000778,0.00000625,0.00000369,0.00000104
6.177999,0.00145800,0.00001039,0.00000778,0.00000625,0.00000369,0.00000104
6.180000,0.00145800,0.00001039,0.00000778,0.00000625,0.00000369,0.00000104
6.181999,0.00145900,0.00001040,0.00000778,0.00000625,0.00000369,0.00000104
6.184000,0.00145900,0.00001040,0.00000779,0.00000625,0.00000369,0.00000104
6.185999,0.00145900,0.00001040,0.00000779,0.00000625,0.00000369,0.00000104
6.188000,0.00146000,0.00001040,0.00000779,0.00000625,0.00000369,0.00000104
6.190000,0.00146000,0.00001040,0.00000779,0.00000625,0.00000369,0.00000104
6.191999,0.00146000,0.00001040,0.00000779,0.00000625,0.00000369,0.00000105
6.194000,0.00146100,0.00001040,0.00000779,0.00000625,0.00000369,0.00000105
6.196000,0.00146100,0.00001040,0.00000779,0.00000625,0.00000369,0.00000105
6.198000,0.00146200,0.00001040,0.00000779,0.00000625,0.00000369,0.00000105
6.199999,0.00146200,0.00001040,0.00000779,0.00000625,0.00000369,0.00000105
6.201999,0.00146200,0.00001040,0.00000779,0.00000625,0.00000370,0.00000105
6.204000,0.00146300,0.00001040,0.00000779,0.00000625,0.00000370,0.00000105
6.205999,0.00146300,0.00001040,0.00000779,0.00000625,0.00000370,0.00000105
6.208000,0.00146400,0.00001040,0.00000779,0.00000625,0.00000370,0.00000105
6.210000,0.00146400,0.00001040,0.00000779,0.00000625,0.00000370,0.00000105
6.211999,0.00146400,0.00001041,0.00000779,0.00000625,0.00000370,0.00000105
6.214000,0.00146500,0.00001041,0.00000779,0.00000625,0.00000370,0.00000105
6.216000,0.00146500,0.00001041,0.00000779,0.00000625,0.00000370,0.00000105
6.217999,0.00146500,0.00001041,0.00000779,0.00000625,0.00000370,0.00000105
6.219999,0.00146600,0.00001041,0.00000779,0.00000625,0.00000370,0.00000105
6.222000,0.00146600,0.00001041,0.00000779,0.00000625,0.00000370,0.00000105
6.224000,0.00146700,0.00001041,0.00000779,0.00000625,0.00000370,0.00000105
6.225999,0.00146700,0.00001041,0.00000779,0.00000625,0.00000370,0.00000105
6.228000,0.00146700,0.00001041,0.00000780,0.00000625,0.00000370,0.00000105
6.230000,0.00146800,0.00001041,0.00000780,0.00000625,0.00000370,0.00000105
6.232000,0.00146800,0.00001041,0.00000780,0.00000626,0.00000370,0.00000105
6.234000,0.00146900,0.00001041,0.00000780,0.00000626,0.00000370,0.00000105
6.236000,0.00146900,0.00001041,0.00000780,0.00000626,0.00000370,0.00000105
6.237999,0.00146900,0.00001041,0.00000780,0.00000626,0.00000370,0.00000105
6.239999,0.00147000,0.00001041,0.00000780,0.00000626,0.00000370,0.00000105
6.242000,0.00147000,0.00001041,0.00000780,0.00000626,0.00000370,0.00000105
6.243999,0.00147100,0.00001042,0.00000780,0.00000626,0.00000370,0.00000105
6.245999,0.00147100,0.00001042,0.00000780,0.00000626,0.00000370,0.00000105
6.248000,0.00147100,0.00001042,0.00000780,0.00000626,0.00000370,0.00000105
6.250000,0.00147200,0.00001042,0.00000780,0.00000626,0.00000370,0.00000105
6.252000,0.00147200,0.00001042,0.00000780,0.00000626,0.00000370,0.00000105
6.254000,0.00147200,0.00001042,0.00000780,0.00000626,0.00000370,0.00000105
6.256000,0.00147300,0.00001042,0.00000780,0.00000626,0.00000370,0.00000105
6.257999,0.00147300,0.00001042,0.00000780,0.00000626,0.00000370,0.00000105
6.259999,0.00147400,0.00001042,0.00000780,0.00000626,0.00000370,0.00000105
6.262000,0.00147400,0.00001042,0.00000780,0.00000626,0.00000370,0.00000105
6.263999,0.00147400,0.00001042,0.00000780,0.00000626,0.00000370,0.00000105
6.266000,0.00147500,0.00001042,0.00000780,0.00000626,0.00000370,0.00000105
6.268000,0.00147500,0.00001042,0.00000780,0.00000626,0.00000370,0.00000105
6.270000,0.00147600,0.00001042,0.00000780,0.00000626,0.00000370,0.00000105
6.272000,0.00147600,0.00001042,0.00000781,0.00000626,0.00000370,0.00000105
6.274000,0.00147600,0.00001042,0.00000781,0.00000626,0.00000370,0.00000105
6.276000,0.00147700,0.00001043,0.00000781,0.00000626,0.00000370,0.00000105
6.277999,0.00147700,0.00001043,0.00000781,0.00000626,0.00000370,0.00000105
6.279999,0.00147800,0.00001043,0.00000781,0.00000626,0.00000370,0.00000105
6.282000,0.00147800,0.00001043,0.00000781,0.00000626,0.00000370,0.00000105
6.283999,0.00147800,0.00001043,0.00000781,0.00000626,0.00000370,0.00000105
6.286000,0.00147900,0.00001043,0.00000781,0.00000626,0.00000370,0.00000105
6.288000,0.00147900,0.00001043,0.00000781,0.00000627,0.00000370,0.00000105
6.289999,0.00148000,0.00001043,0.00000781,0.00000627,0.00000370,0.00000105
6.292000,0.00148000,0.00001043,0.00000781,0.00000627,0.00000370,0.00000105
6.293999,0.00148000,0.00001043,0.00000781,0.00000627,0.00000370,0.00000105
6.296000,0.00148100,0.00001043,0.00000781,0.00000627,0.00000370,0.00000105
6.297999,0.00148100,0.00001043,0.00000781,0.00000627,0.00000370,0.00000105
6.300000,0.00148100,0.00001043,0.00000781,0.00000627,0.00000370,0.00000105
6.302000,0.00148200,0.00001043,0.00000781,0.00000627,0.00000371,0.00000105
6.303999,0.00148200,0.00001043,0.00000781,0.00000627,0.00000371,0.00000105
6.306000,0.00148300,0.00001044,0.00000781,0.00000627,0.00000371,0.00000105
6.308000,0.00148300,0.00001044,0.00000781,0.00000627,0.00000371,0.00000105
6.310000,0.00148300,0.00001044,0.00000781,0.00000627,0.00000371,0.00000105
6.311999,0.00148400,0.00001044,0.00000781,0.00000627,0.00000371,0.00000105
6.313999,0.00148400,0.00001044,0.00000781,0.00000627,0.00000371,0.00000105
6.316000,0.00148500,0.00001044,0.00000782,0.00000627,0.00000371,0.00000105
6.317999,0.00148500,0.00001044,0.00000782,0.00000627,0.00000371,0.00000105
6.320000,0.00148500,0.00001044,0.00000782,0.00000627,0.00000371,0.00000105
6.322000,0.00148600,0.00001044,0.00000782,0.00000627,0.00000371,0.00000105
6.323999,0.00148600,0.00001044,0.00000782,0.00000627,0.00000371,0.00000105
6.326000,0.00148700,0.00001044,0.00000782,0.00000627,0.00000371,0.00000105
6.328000,0.00148700,0.00001044,0.00000782,0.00000627,0.00000371,0.00000105
6.329999,0.00148700,0.00001044,0.00000782,0.00000627,0.00000371,0.00000105
6.331999,0.00148800,0.00001044,0.00000782,0.00000627,0.00000371,0.00000105
6.334000,0.00148800,0.00001044,0.00000782,0.00000627,0.00000371,0.00000105
6.335999,0.00148900,0.00001044,0.00000782,0.00000627,0.00000371,0.00000105
6.337999,0.00148900,0.00001045,0.00000782,0.00000627,0.00000371,0.00000105
6.340000,0.00148900,0.00001045,0.00000782,0.00000627,0.00000371,0.00000105
6.342000,0.00149000,0.00001045,0.00000782,0.00000627,0.00000371,0.00000105
6.344000,0.00149000,0.00001045,0.00000782,0.00000628,0.00000371,0.00000105
6.346000,0.00149100,0.00001045,0.00000782,0.00000628,0.00000371,0.00000105
6.348000,0.00149100,0.00001045,0.00000782,0.00000628,0.00000371,0.00000105
6.349999,0.00149100,0.00001045,0.00000782,0.00000628,0.00000371,0.00000105
6.351999,0.00149200,0.00001045,0.00000782,0.00000628,0.00000371,0.00000105
6.354000,0.00149200,0.00001045,0.00000782,0.00000628,0.00000371,0.00000105
6.355999,0.00149300,0.00001045,0.00000782,0.00000628,0.00000371,0.00000105
6.357999,0.00149300,0.00001045,0.00000782,0.00000628,0.00000371,0.00000105
6.360000,0.00149300,0.00001045,0.00000783,0.00000628,0.00000371,0.00000105
6.362000,0.00149400,0.00001045,0.00000783,0.00000628,0.00000371,0.00000105
6.364000,0.00149400,0.00001045,0.00000783,0.00000628,0.00000371,0.00000105
6.366000,0.00149500,0.00001045,0.00000783,0.00000628,0.00000371,0.00000105
6.368000,0.00149500,0.00001045,0.00000783,0.00000628,0.00000371,0.00000105
6.369999,0.00149500,0.00001046,0.00000783,0.00000628,0.00000371,0.00000105
6.371999,0.00149600,0.00001046,0.00000783,0.00000628,0.00000371,0.00000105
6.374000,0.00149600,0.00001046,0.00000783,0.00000628,0.00000371,0.00000105
6.375999,0.00149700,0.00001046,0.00000783,0.00000628,0.00000371,0.00000105
6.378000,0.00149700,0.00001046,0.00000783,0.00000628,0.00000371,0.00000105
6.380000,0.00149700,0.00001046,0.00000783,0.00000628,0.00000371,0.00000105
6.381999,0.00149800,0.00001046,0.00000783,0.00000628,0.00000371,0.00000105
6.384000,0.00149800,0.00001046,0.00000783,0.00000628,0.00000371,0.00000105
6.386000,0.00149900,0.00001046,0.00000783,0.00000628,0.00000371,0.00000105
6.388000,0.00149900,0.00001046,0.00000783,0.00000628,0.00000371,0.00000105
6.389999,0.00149900,0.00001046,0.00000783,0.00000628,0.00000371,0.00000105
6.391999,0.00150000,0.00001046,0.00000783,0.00000628,0.00000371,0.00000105
6.394000,0.00150000,0.00001046,0.00000783,0.00000628,0.00000371,0.00000105
6.395999,0.00150100,0.00001046,0.00000783,0.00000628,0.00000371,0.00000105
6.398000,0.00150100,0.00001046,0.00000783,0.00000628,0.00000372,0.00000105
6.400000,0.00150100,0.00001047,0.00000783,0.00000629,0.00000372,0.00000105
6.401999,0.00150200,0.00001047,0.00000784,0.00000629,0.00000372,0.00000105
6.404000,0.00150200,0.00001047,0.00000784,0.00000629,0.00000372,0.00000105
6.405999,0.00150300,0.00001047,0.00000784,0.00000629,0.00000372,0.00000105
6.408000,0.00150300,0.00001047,0.00000784,0.00000629,0.00000372,0.00000105
6.409999,0.00150300,0.00001047,0.00000784,0.00000629,0.00000372,0.00000105
6.412000,0.00150400,0.00001047,0.00000784,0.00000629,0.00000372,0.00000105
6.414000,0.00150400,0.00001047,0.00000784,0.00000629,0.00000372,0.00000105
6.415999,0.00150500,0.00001047,0.00000784,0.00000629,0.00000372,0.00000105
6.418000,0.00150500,0.00001047,0.00000784,0.00000629,0.00000372,0.00000105
6.420000,0.00150500,0.00001047,0.00000784,0.00000629,0.00000372,0.00000105
6.422000,0.00150600,0.00001047,0.00000784,0.00000629,0.00000372,0.00000105
6.423999,0.00150600,0.00001047,0.00000784,0.00000629,0.00000372,0.00000105
6.425999,0.00150700,0.00001047,0.00000784,0.00000629,0.00000372,0.00000105
6.427999,0.00150700,0.00001047,0.00000784,0.00000629,0.00000372,0.00000105
6.429999,0.00150700,0.00001047,0.00000784,0.00000629,0.00000372,0.00000105
6.432000,0.00150800,0.00001048,0.00000784,0.00000629,0.00000372,0.00000105
6.434000,0.00150800,0.00001048,0.00000784,0.00000629,0.00000372,0.00000105
6.435999,0.00150900,0.00001048,0.00000784,0.00000629,0.00000372,0.00000105
6.438000,0.00150900,0.00001048,0.00000784,0.00000629,0.00000372,0.00000105
6.440000,0.00150900,0.00001048,0.00000784,0.00000629,0.00000372,0.00000105
6.441999,0.00151000,0.00001048,0.00000784,0.00000629,0.00000372,0.00000105
6.443999,0.00151000,0.00001048,0.00000784,0.00000629,0.00000372,0.00000105
6.446000,0.00151100,0.00001048,0.00000785,0.00000629,0.00000372,0.00000105
6.447999,0.00151100,0.00001048,0.00000785,0.00000629,0.00000372,0.00000105
6.449999,0.00151100,0.00001048,0.00000785,0.00000629,0.00000372,0.00000105
6.452000,0.00151200,0.00001048,0.00000785,0.00000629,0.00000372,0.00000105
6.454000,0.00151200,0.00001048,0.00000785,0.00000629,0.00000372,0.00000105
6.456000,0.00151300,0.00001048,0.00000785,0.00000630,0.00000372,0.00000105
6.458000,0.00151300,0.00001048,0.00000785,0.00000630,0.00000372,0.00000105
6.460000,0.00151300,0.00001048,0.00000785,0.00000630,0.00000372,0.00000105
6.461999,0.00151400,0.00001049,0.00000785,0.00000630,0.00000372,0.00000105
6.463999,0.00151400,0.00001049,0.00000785,0.00000630,0.00000372,0.00000105
6.466000,0.00151500,0.00001049,0.00000785,0.00000630,0.00000372,0.00000105
6.467999,0.00151500,0.00001049,0.00000785,0.00000630,0.00000372,0.00000105
6.469999,0.00151600,0.00001049,0.00000785,0.00000630,0.00000372,0.00000105
6.472000,0.00151600,0.00001049,0.00000785,0.00000630,0.00000372,0.00000105
6.474000,0.00151600,0.00001049,0.00000785,0.00000630,0.00000372,0.00000105
6.476000,0.00151700,0.00001049,0.00000785,0.00000630,0.00000372,0.00000105
6.478000,0.00151700,0.00001049,0.00000785,0.00000630,0.00000372,0.00000105
6.480000,0.00151800,0.00001049,0.00000785,0.00000630,0.00000372,0.00000105
6.481999,0.00151800,0.00001049,0.00000785,0.00000630,0.00000372,0.00000105
6.483999,0.00151800,0.00001049,0.00000785,0.00000630,0.00000372,0.00000105
6.486000,0.00151900,0.00001049,0.00000785,0.00000630,0.00000372,0.00000105
6.487999,0.00151900,0.00001049,0.00000785,0.00000630,0.00000372,0.00000105
6.490000,0.00152000,0.00001049,0.00000786,0.00000630,0.00000372,0.00000105
6.492000,0.00152000,0.00001049,0.00000786,0.00000630,0.00000372,0.00000105
6.493999,0.00152000,0.00001050,0.00000786,0.00000630,0.00000372,0.00000105
6.496000,0.00152100,0.00001050,0.00000786,0.00000630,0.00000373,0.00000105
6.498000,0.00152100,0.00001050,0.00000786,0.00000630,0.00000373,0.00000105
6.500000,0.00152200,0.00001050,0.00000786,0.00000630,0.00000373,0.00000105
6.501999,0.00152200,0.00001050,0.00000786,0.00000630,0.00000373,0.00000105
6.503999,0.00152200,0.00001050,0.00000786,0.00000630,0.00000373,0.00000105
6.506000,0.00152300,0.00001050,0.00000786,0.00000630,0.00000373,0.00000105
6.507999,0.00152300,0.00001050,0.00000786,0.00000630,0.00000373,0.00000105
6.510000,0.00152400,0.00001050,0.00000786,0.00000631,0.00000373,0.00000105
6.512000,0.00152400,0.00001050,0.00000786,0.00000631,0.00000373,0.00000105
6.513999,0.00152500,0.00001050,0.00000786,0.00000631,0.00000373,0.00000105
6.516000,0.00152500,0.00001050,0.00000786,0.00000631,0.00000373,0.00000105
6.518000,0.00152500,0.00001050,0.00000786,0.00000631,0.00000373,0.00000105
6.520000,0.00152600,0.00001050,0.00000786,0.00000631,0.00000373,0.00000105
6.521999,0.00152600,0.00001050,0.00000786,0.00000631,0.00000373,0.00000105
6.524000,0.00152700,0.00001051,0.00000786,0.00000631,0.00000373,0.00000105
6.526000,0.00152700,0.00001051,0.00000786,0.00000631,0.00000373,0.00000105
6.527999,0.00152700,0.00001051,0.00000786,0.00000631,0.00000373,0.00000105
6.530000,0.00152800,0.00001051,0.00000786,0.00000631,0.00000373,0.00000105
6.532000,0.00152800,0.00001051,0.00000786,0.00000631,0.00000373,0.00000105
6.534000,0.00152900,0.00001051,0.00000787,0.00000631,0.00000373,0.00000105
6.535999,0.00152900,0.00001051,0.00000787,0.00000631,0.00000373,0.00000105
6.537999,0.00152900,0.00001051,0.00000787,0.00000631,0.00000373,0.00000105
6.539999,0.00153000,0.00001051,0.00000787,0.00000631,0.00000373,0.00000105
6.541999,0.00153000,0.00001051,0.00000787,0.00000631,0.00000373,0.00000105
6.544000,0.00153100,0.00001051,0.00000787,0.00000631,0.00000373,0.00000105
6.546000,0.00153100,0.00001051,0.00000787,0.00000631,0.00000373,0.00000105
6.547999,0.00153200,0.00001051,0.00000787,0.00000631,0.00000373,0.00000105
6.550000,0.00153200,0.00001051,0.00000787,0.00000631,0.00000373,0.00000105
6.552000,0.00153200,0.00001051,0.00000787,0.00000631,0.00000373,0.00000105
6.553999,0.00153300,0.00001051,0.00000787,0.00000631,0.00000373,0.00000105
6.555999,0.00153300,0.00001052,0.00000787,0.00000631,0.00000373,0.00000105
6.558000,0.00153400,0.00001052,0.00000787,0.00000631,0.00000373,0.00000105
6.559999,0.00153400,0.00001052,0.00000787,0.00000631,0.00000373,0.00000106
6.561999,0.00153400,0.00001052,0.00000787,0.00000631,0.00000373,0.00000106
6.564000,0.00153500,0.00001052,0.00000787,0.00000631,0.00000373,0.00000106
6.566000,0.00153500,0.00001052,0.00000787,0.00000632,0.00000373,0.00000106
6.568000,0.00153600,0.00001052,0.00000787,0.00000632,0.00000373,0.00000106
6.570000,0.00153600,0.00001052,0.00000787,0.00000632,0.00000373,0.00000106
6.572000,0.00153700,0.00001052,0.00000787,0.00000632,0.00000373,0.00000106
6.573999,0.00153700,0.00001052,0.00000787,0.00000632,0.00000373,0.00000106
6.575999,0.00153700,0.00001052,0.00000788,0.00000632,0.00000373,0.00000106
6.578000,0.00153800,0.00001052,0.00000788,0.00000632,0.00000373,0.00000106
6.579999,0.00153800,0.00001052,0.00000788,0.00000632,0.00000373,0.00000106
6.581999,0.00153900,0.00001052,0.00000788,0.00000632,0.00000373,0.00000106
6.584000,0.00153900,0.00001052,0.00000788,0.00000632,0.00000373,0.00000106
6.585999,0.00153900,0.00001053,0.00000788,0.00000632,0.00000373,0.00000106
6.588000,0.00154000,0.00001053,0.00000788,0.00000632,0.00000373,0.00000106
6.590000,0.00154000,0.00001053,0.00000788,0.00000632,0.00000373,0.00000106
6.592000,0.00154100,0.00001053,0.00000788,0.00000632,0.00000373,0.00000106
6.593999,0.00154100,0.00001053,0.00000788,0.00000632,0.00000374,0.00000106
6.595999,0.00154200,0.00001053,0.00000788,0.00000632,0.00000374,0.00000106
6.598000,0.00154200,0.00001053,0.00000788,0.00000632,0.00000374,0.00000106
6.599999,0.00154200,0.00001053,0.00000788,0.00000632,0.00000374,0.00000106
6.602000,0.00154300,0.00001053,0.00000788,0.00000632,0.00000374,0.00000106
6.604000,0.00154300,0.00001053,0.00000788,0.00000632,0.00000374,0.00000106
6.605999,0.00154400,0.00001053,0.00000788,0.00000632,0.00000374,0.00000106
6.608000,0.00154400,0.00001053,0.00000788,0.00000632,0.00000374,0.00000106
6.610000,0.00154400,0.00001053,0.00000788,0.00000632,0.00000374,0.00000106
6.612000,0.00154500,0.00001053,0.00000788,0.00000632,0.00000374,0.00000106
6.613999,0.00154500,0.00001053,0.00000788,0.00000632,0.00000374,0.00000106
6.615999,0.00154600,0.00001053,0.00000788,0.00000632,0.00000374,0.00000106
6.618000,0.00154600,0.00001054,0.00000788,0.00000632,0.00000374,0.00000106
6.619999,0.00154700,0.00001054,0.00000789,0.00000632,0.00000374,0.00000106
6.622000,0.00154700,0.00001054,0.00000789,0.00000633,0.00000374,0.00000106
6.624000,0.00154700,0.00001054,0.00000789,0.00000633,0.00000374,0.00000106
6.625999,0.00154800,0.00001054,0.00000789,0.00000633,0.00000374,0.00000106
6.628000,0.00154800,0.00001054,0.00000789,0.00000633,0.00000374,0.00000106
6.630000,0.00154900,0.00001054,0.00000789,0.00000633,0.00000374,0.00000106
6.631999,0.00154900,0.00001054,0.00000789,0.00000633,0.00000374,0.00000106
6.633999,0.00155000,0.00001054,0.00000789,0.00000633,0.00000374,0.00000106
6.636000,0.00155000,0.00001054,0.00000789,0.00000633,0.00000374,0.00000106
6.638000,0.00155000,0.00001054,0.00000789,0.00000633,0.00000374,0.00000106
6.639999,0.00155100,0.00001054,0.00000789,0.00000633,0.00000374,0.00000106
6.642000,0.00155100,0.00001054,0.00000789,0.00000633,0.00000374,0.00000106
6.644000,0.00155200,0.00001054,0.00000789,0.00000633,0.00000374,0.00000106
6.646000,0.00155200,0.00001054,0.00000789,0.00000633,0.00000374,0.00000106
6.648000,0.00155200,0.00001055,0.00000789,0.00000633,0.00000374,0.00000106
6.649999,0.00155300,0.00001055,0.00000789,0.00000633,0.00000374,0.00000106
6.651999,0.00155300,0.00001055,0.00000789,0.00000633,0.00000374,0.00000106
6.653999,0.00155400,0.00001055,0.00000789,0.00000633,0.00000374,0.00000106
6.656000,0.00155400,0.00001055,0.00000789,0.00000633,0.00000374,0.00000106
6.658000,0.00155500,0.00001055,0.00000789,0.00000633,0.00000374,0.00000106
6.659999,0.00155500,0.00001055,0.00000789,0.00000633,0.00000374,0.00000106
6.662000,0.00155500,0.00001055,0.00000789,0.00000633,0.00000374,0.00000106
6.664000,0.00155600,0.00001055,0.00000790,0.00000633,0.00000374,0.00000106
6.665999,0.00155600,0.00001055,0.00000790,0.00000633,0.00000374,0.00000106
6.667999,0.00155700,0.00001055,0.00000790,0.00000633,0.00000374,0.00000106
6.669999,0.00155700,0.00001055,0.00000790,0.00000633,0.00000374,0.00000106
6.671999,0.00155800,0.00001055,0.00000790,0.00000633,0.00000374,0.00000106
6.673999,0.00155800,0.00001055,0.00000790,0.00000633,0.00000374,0.00000106
6.676000,0.00155800,0.00001055,0.00000790,0.00000634,0.00000374,0.00000106
6.677999,0.00155900,0.00001055,0.00000790,0.00000634,0.00000374,0.00000106
6.680000,0.00155900,0.00001056,0.00000790,0.00000634,0.00000374,0.00000106
6.682000,0.00156000,0.00001056,0.00000790,0.00000634,0.00000374,0.00000106
6.684000,0.00156000,0.00001056,0.00000790,0.00000634,0.00000374,0.00000106
6.685999,0.00156100,0.00001056,0.00000790,0.00000634,0.00000374,0.00000106
6.687999,0.00156100,0.00001056,0.00000790,0.00000634,0.00000374,0.00000106
6.690000,0.00156100,0.00001056,0.00000790,0.00000634,0.00000375,0.00000106
6.691999,0.00156200,0.00001056,0.00000790,0.00000634,0.00000375,0.00000106
6.693999,0.00156200,0.00001056,0.00000790,0.00000634,0.00000375,0.00000106
6.696000,0.00156300,0.00001056,0.00000790,0.00000634,0.00000375,0.00000106
6.697999,0.00156300,0.00001056,0.00000790,0.00000634,0.00000375,0.00000106
6.700000,0.00156400,0.00001056,0.00000790,0.00000634,0.00000375,0.00000106
6.702000,0.00156400,0.00001056,0.00000790,0.00000634,0.00000375,0.00000106
6.704000,0.00156400,0.00001056,0.00000790,0.00000634,0.00000375,0.00000106
6.705999,0.00156500,0.00001056,0.00000791,0.00000634,0.00000375,0.00000106
6.707999,0.00156500,0.00001056,0.00000791,0.00000634,0.00000375,0.00000106
6.710000,0.00156600,0.00001057,0.00000791,0.00000634,0.00000375,0.00000106
6.711999,0.00156600,0.00001057,0.00000791,0.00000634,0.00000375,0.00000106
6.714000,0.00156700,0.00001057,0.00000791,0.00000634,0.00000375,0.00000106
6.716000,0.00156700,0.00001057,0.00000791,0.00000634,0.00000375,0.00000106
6.717999,0.00156700,0.00001057,0.00000791,0.00000634,0.00000375,0.00000106
6.720000,0.00156800,0.00001057,0.00000791,0.00000634,0.00000375,0.00000106
6.722000,0.00156800,0.00001057,0.00000791,0.00000634,0.00000375,0.00000106
6.724000,0.00156900,0.00001057,0.00000791,0.00000634,0.00000375,0.00000106
6.725999,0.00156900,0.00001057,0.00000791,0.00000634,0.00000375,0.00000106
6.727999,0.00157000,0.00001057,0.00000791,0.00000634,0.00000375,0.00000106
6.730000,0.00157000,0.00001057,0.00000791,0.00000634,0.00000375,0.00000106
6.731999,0.00157000,0.00001057,0.00000791,0.00000635,0.00000375,0.00000106
6.734000,0.00157100,0.00001057,0.00000791,0.00000635,0.00000375,0.00000106
6.736000,0.00157100,0.00001057,0.00000791,0.00000635,0.00000375,0.00000106
6.737999,0.00157200,0.00001057,0.00000791,0.00000635,0.00000375,0.00000106
6.740000,0.00157200,0.00001057,0.00000791,0.00000635,0.00000375,0.00000106
6.742000,0.00157300,0.00001058,0.00000791,0.00000635,0.00000375,0.00000106
6.743999,0.00157300,0.00001058,0.00000791,0.00000635,0.00000375,0.00000106
6.745999,0.00157300,0.00001058,0.00000791,0.00000635,0.00000375,0.00000106
6.748000,0.00157400,0.00001058,0.00000791,0.00000635,0.00000375,0.00000106
6.750000,0.00157400,0.00001058,0.00000792,0.00000635,0.00000375,0.00000106
6.751999,0.00157500,0.00001058,0.00000792,0.00000635,0.00000375,0.00000106
6.754000,0.00157500,0.00001058,0.00000792,0.00000635,0.00000375,0.00000106
6.756000,0.00157600,0.00001058,0.00000792,0.00000635,0.00000375,0.00000106
6.758000,0.00157600,0.00001058,0.00000792,0.00000635,0.00000375,0.00000106
6.760000,0.00157600,0.00001058,0.00000792,0.00000635,0.00000375,0.00000106
6.761999,0.00157700,0.00001058,0.00000792,0.00000635,0.00000375,0.00000106
6.763999,0.00157700,0.00001058,0.00000792,0.00000635,0.00000375,0.00000106
6.765999,0.00157800,0.00001058,0.00000792,0.00000635,0.00000375,0.00000106
6.768000,0.00157800,0.00001058,0.00000792,0.00000635,0.00000375,0.00000106
6.770000,0.00157900,0.00001058,0.00000792,0.00000635,0.00000375,0.00000106
6.771999,0.00157900,0.00001059,0.00000792,0.00000635,0.00000375,0.00000106
6.774000,0.00158000,0.00001059,0.00000792,0.00000635,0.00000375,0.00000106
6.776000,0.00158000,0.00001059,0.00000792,0.00000635,0.00000375,0.00000106
6.778000,0.00158000,0.00001059,0.00000792,0.00000635,0.00000375,0.00000106
6.779999,0.00158100,0.00001059,0.00000792,0.00000635,0.00000375,0.00000106
6.781999,0.00158100,0.00001059,0.00000792,0.00000635,0.00000375,0.00000106
6.783999,0.00158200,0.00001059,0.00000792,0.00000635,0.00000375,0.00000106
6.785999,0.00158200,0.00001059,0.00000792,0.00000636,0.00000376,0.00000106
6.788000,0.00158300,0.00001059,0.00000792,0.00000636,0.00000376,0.00000106
6.789999,0.00158300,0.00001059,0.00000792,0.00000636,0.00000376,0.00000106
6.792000,0.00158300,0.00001059,0.00000793,0.00000636,0.00000376,0.00000106
6.794000,0.00158400,0.00001059,0.00000793,0.00000636,0.00000376,0.00000106
6.796000,0.00158400,0.00001059,0.00000793,0.00000636,0.00000376,0.00000106
6.797999,0.00158500,0.00001059,0.00000793,0.00000636,0.00000376,0.00000106
6.799999,0.00158500,0.00001059,0.00000793,0.00000636,0.00000376,0.00000106
6.802000,0.00158600,0.00001060,0.00000793,0.00000636,0.00000376,0.00000106
6.804000,0.00158600,0.00001060,0.00000793,0.00000636,0.00000376,0.00000106
6.806000,0.00158700,0.00001060,0.00000793,0.00000636,0.00000376,0.00000106
6.808000,0.00158700,0.00001060,0.00000793,0.00000636,0.00000376,0.00000106
6.809999,0.00158700,0.00001060,0.00000793,0.00000636,0.00000376,0.00000106
6.811999,0.00158800,0.00001060,0.00000793,0.00000636,0.00000376,0.00000106
6.814000,0.00158800,0.00001060,0.00000793,0.00000636,0.00000376,0.00000106
6.816000,0.00158900,0.00001060,0.00000793,0.00000636,0.00000376,0.00000106
6.817999,0.00158900,0.00001060,0.00000793,0.00000636,0.00000376,0.00000106
6.819999,0.00159000,0.00001060,0.00000793,0.00000636,0.00000376,0.00000106
6.821999,0.00159000,0.00001060,0.00000793,0.00000636,0.00000376,0.00000106
6.824000,0.00159000,0.00001060,0.00000793,0.00000636,0.00000376,0.00000106
6.826000,0.00159100,0.00001060,0.00000793,0.00000636,0.00000376,0.00000106
6.828000,0.00159100,0.00001060,0.00000793,0.00000636,0.00000376,0.00000106
6.829999,0.00159200,0.00001060,0.00000793,0.00000636,0.00000376,0.00000106
6.831999,0.00159200,0.00001060,0.00000793,0.00000636,0.00000376,0.00000106
6.834000,0.00159300,0.00001061,0.00000794,0.00000636,0.00000376,0.00000106
6.835999,0.00159300,0.00001061,0.00000794,0.00000636,0.00000376,0.00000106
6.837999,0.00159400,0.00001061,0.00000794,0.00000636,0.00000376,0.00000106
6.839999,0.00159400,0.00001061,0.00000794,0.00000637,0.00000376,0.00000106
6.841999,0.00159400,0.00001061,0.00000794,0.00000637,0.00000376,0.00000106
6.844000,0.00159500,0.00001061,0.00000794,0.00000637,0.00000376,0.00000106
6.846000,0.00159500,0.00001061,0.00000794,0.00000637,0.00000376,0.00000106
6.848000,0.00159600,0.00001061,0.00000794,0.00000637,0.00000376,0.00000106
6.849999,0.00159600,0.00001061,0.00000794,0.00000637,0.00000376,0.00000106
6.851999,0.00159700,0.00001061,0.00000794,0.00000637,0.00000376,0.00000106
6.854000,0.00159700,0.00001061,0.00000794,0.00000637,0.00000376,0.00000106
6.855999,0.00159800,0.00001061,0.00000794,0.00000637,0.00000376,0.00000106
6.857999,0.00159800,0.00001061,0.00000794,0.00000637,0.00000376,0.00000106
6.859999,0.00159800,0.00001061,0.00000794,0.00000637,0.00000376,0.00000106
6.861999,0.00159900,0.00001061,0.00000794,0.00000637,0.00000376,0.00000106
6.864000,0.00159900,0.00001062,0.00000794,0.00000637,0.00000376,0.00000106
6.866000,0.00160000,0.00001062,0.00000794,0.00000637,0.00000376,0.00000106
6.868000,0.00160000,0.00001062,0.00000794,0.00000637,0.00000376,0.00000106
6.869999,0.00160100,0.00001062,0.00000794,0.00000637,0.00000376,0.00000106
6.871999,0.00160100,0.00001062,0.00000794,0.00000637,0.00000376,0.00000106
6.874000,0.00160200,0.00001062,0.00000794,0.00000637,0.00000376,0.00000106
6.875999,0.00160200,0.00001062,0.00000794,0.00000637,0.00000376,0.00000106
6.877999,0.00160200,0.00001062,0.00000795,0.00000637,0.00000376,0.00000106
6.879999,0.00160300,0.00001062,0.00000795,0.00000637,0.00000376,0.00000106
6.882000,0.00160300,0.00001062,0.00000795,0.00000637,0.00000377,0.00000106
6.884000,0.00160400,0.00001062,0.00000795,0.00000637,0.00000377,0.00000106
6.886000,0.00160400,0.00001062,0.00000795,0.00000637,0.00000377,0.00000106
6.888000,0.00160500,0.00001062,0.00000795,0.00000637,0.00000377,0.00000106
6.889999,0.00160500,0.00001062,0.00000795,0.00000637,0.00000377,0.00000106
6.892000,0.00160600,0.00001062,0.00000795,0.00000637,0.00000377,0.00000106
6.894000,0.00160600,0.00001063,0.00000795,0.00000637,0.00000377,0.00000106
6.895999,0.00160600,0.00001063,0.00000795,0.00000638,0.00000377,0.00000106
6.897999,0.00160700,0.00001063,0.00000795,0.00000638,0.00000377,0.00000106
6.899999,0.00160700,0.00001063,0.00000795,0.00000638,0.00000377,0.00000106
6.902000,0.00160800,0.00001063,0.00000795,0.00000638,0.00000377,0.00000106
6.904000,0.00160800,0.00001063,0.00000795,0.00000638,0.00000377,0.00000106
6.906000,0.00160900,0.00001063,0.00000795,0.00000638,0.00000377,0.00000106
6.908000,0.00160900,0.00001063,0.00000795,0.00000638,0.00000377,0.00000106
6.909999,0.00161000,0.00001063,0.00000795,0.00000638,0.00000377,0.00000106
6.912000,0.00161000,0.00001063,0.00000795,0.00000638,0.00000377,0.00000106
6.914000,0.00161000,0.00001063,0.00000795,0.00000638,0.00000377,0.00000106
6.915999,0.00161100,0.00001063,0.00000795,0.00000638,0.00000377,0.00000106
6.917999,0.00161100,0.00001063,0.00000795,0.00000638,0.00000377,0.00000106
6.919999,0.00161200,0.00001063,0.00000796,0.00000638,0.00000377,0.00000106
6.922000,0.00161200,0.00001063,0.00000796,0.00000638,0.00000377,0.00000107
6.924000,0.00161300,0.00001064,0.00000796,0.00000638,0.00000377,0.00000107
6.926000,0.00161300,0.00001064,0.00000796,0.00000638,0.00000377,0.00000107
6.927999,0.00161400,0.00001064,0.00000796,0.00000638,0.00000377,0.00000107
6.929999,0.00161400,0.00001064,0.00000796,0.00000638,0.00000377,0.00000107
6.932000,0.00161400,0.00001064,0.00000796,0.00000638,0.00000377,0.00000107
6.934000,0.00161500,0.00001064,0.00000796,0.00000638,0.00000377,0.00000107
6.935999,0.00161500,0.00001064,0.00000796,0.00000638,0.00000377,0.00000107
6.937999,0.00161600,0.00001064,0.00000796,0.00000638,0.00000377,0.00000107
6.939999,0.00161600,0.00001064,0.00000796,0.00000638,0.00000377,0.00000107
6.942000,0.00161700,0.00001064,0.00000796,0.00000638,0.00000377,0.00000107
6.944000,0.00161700,0.00001064,0.00000796,0.00000638,0.00000377,0.00000107
6.946000,0.00161800,0.00001064,0.00000796,0.00000638,0.00000377,0.00000107
6.947999,0.00161800,0.00001064,0.00000796,0.00000638,0.00000377,0.00000107
6.949999,0.00161900,0.00001064,0.00000796,0.00000639,0.00000377,0.00000107
6.952000,0.00161900,0.00001064,0.00000796,0.00000639,0.00000377,0.00000107
6.954000,0.00161900,0.00001065,0.00000796,0.00000639,0.00000377,0.00000107
6.955999,0.00162000,0.00001065,0.00000796,0.00000639,0.00000377,0.00000107
6.957999,0.00162000,0.00001065,0.00000796,0.00000639,0.00000377,0.00000107
6.960000,0.00162100,0.00001065,0.00000796,0.00000639,0.00000377,0.00000107
6.962000,0.00162100,0.00001065,0.00000797,0.00000639,0.00000377,0.00000107
6.964000,0.00162200,0.00001065,0.00000797,0.00000639,0.00000377,0.00000107
6.966000,0.00162200,0.00001065,0.00000797,0.00000639,0.00000377,0.00000107
6.967999,0.00162300,0.00001065,0.00000797,0.00000639,0.00000377,0.00000107
6.970000,0.00162300,0.00001065,0.00000797,0.00000639,0.00000377,0.00000107
6.972000,0.00162400,0.00001065,0.00000797,0.00000639,0.00000377,0.00000107
6.974000,0.00162400,0.00001065,0.00000797,0.00000639,0.00000377,0.00000107
6.975999,0.00162400,0.00001065,0.00000797,0.00000639,0.00000378,0.00000107
6.977999,0.00162500,0.00001065,0.00000797,0.00000639,0.00000378,0.00000107
6.980000,0.00162500,0.00001065,0.00000797,0.00000639,0.00000378,0.00000107
6.982000,0.00162600,0.00001065,0.00000797,0.00000639,0.00000378,0.00000107
6.984000,0.00162600,0.00001065,0.00000797,0.00000639,0.00000378,0.00000107
6.985999,0.00162700,0.00001066,0.00000797,0.00000639,0.00000378,0.00000107
6.987999,0.00162700,0.00001066,0.00000797,0.00000639,0.00000378,0.00000107
6.990000,0.00162800,0.00001066,0.00000797,0.00000639,0.00000378,0.00000107
6.992000,0.00162800,0.00001066,0.00000797,0.00000639,0.00000378,0.00000107
6.993999,0.00162900,0.00001066,0.00000797,0.00000639,0.00000378,0.00000107
6.995999,0.00162900,0.00001066,0.00000797,0.00000639,0.00000378,0.00000107
6.997999,0.00162900,0.00001066,0.00000797,0.00000639,0.00000378,0.00000107
7.000000,0.00163000,0.00001066,0.00000797,0.00000639,0.00000378,0.00000107
7.002000,0.00163000,0.00001066,0.00000797,0.00000639,0.00000378,0.00000107
7.003999,0.00163100,0.00001066,0.00000797,0.00000640,0.00000378,0.00000107
7.005999,0.00163100,0.00001066,0.00000798,0.00000640,0.00000378,0.00000107
7.007999,0.00163200,0.00001066,0.00000798,0.00000640,0.00000378,0.00000107
7.010000,0.00163200,0.00001066,0.00000798,0.00000640,0.00000378,0.00000107
7.012000,0.00163300,0.00001066,0.00000798,0.00000640,0.00000378,0.00000107
7.013999,0.00163300,0.00001066,0.00000798,0.00000640,0.00000378,0.00000107
7.015999,0.00163400,0.00001067,0.00000798,0.00000640,0.00000378,0.00000107
7.017999,0.00163400,0.00001067,0.00000798,0.00000640,0.00000378,0.00000107
7.020000,0.00163400,0.00001067,0.00000798,0.00000640,0.00000378,0.00000107
7.021999,0.00163500,0.00001067,0.00000798,0.00000640,0.00000378,0.00000107
7.023999,0.00163500,0.00001067,0.00000798,0.00000640,0.00000378,0.00000107
7.025999,0.00163600,0.00001067,0.00000798,0.00000640,0.00000378,0.00000107
7.028000,0.00163600,0.00001067,0.00000798,0.00000640,0.00000378,0.00000107
7.030000,0.00163700,0.00001067,0.00000798,0.00000640,0.00000378,0.00000107
7.032000,0.00163700,0.00001067,0.00000798,0.00000640,0.00000378,0.00000107
7.033999,0.00163800,0.00001067,0.00000798,0.00000640,0.00000378,0.00000107
7.035999,0.00163800,0.00001067,0.00000798,0.00000640,0.00000378,0.00000107
7.038000,0.00163900,0.00001067,0.00000798,0.00000640,0.00000378,0.00000107
7.039999,0.00163900,0.00001067,0.00000798,0.00000640,0.00000378,0.00000107
7.041999,0.00164000,0.00001067,0.00000798,0.00000640,0.00000378,0.00000107
7.043999,0.00164000,0.00001067,0.00000798,0.00000640,0.00000378,0.00000107
7.045999,0.00164000,0.00001068,0.00000798,0.00000640,0.00000378,0.00000107
7.048000,0.00164100,0.00001068,0.00000799,0.00000640,0.00000378,0.00000107
7.050000,0.00164100,0.00001068,0.00000799,0.00000640,0.00000378,0.00000107
7.052000,0.00164200,0.00001068,0.00000799,0.00000640,0.00000378,0.00000107
7.053999,0.00164200,0.00001068,0.00000799,0.00000640,0.00000378,0.00000107
7.055999,0.00164300,0.00001068,0.00000799,0.00000640,0.00000378,0.00000107
7.058000,0.00164300,0.00001068,0.00000799,0.00000641,0.00000378,0.00000107
7.059999,0.00164400,0.00001068,0.00000799,0.00000641,0.00000378,0.00000107
7.061999,0.00164400,0.00001068,0.00000799,0.00000641,0.00000378,0.00000107
7.063999,0.00164500,0.00001068,0.00000799,0.00000641,0.00000378,0.00000107
7.065999,0.00164500,0.00001068,0.00000799,0.00000641,0.00000378,0.00000107
7.068000,0.00164600,0.00001068,0.00000799,0.00000641,0.00000378,0.00000107
7.070000,0.00164600,0.00001068,0.00000799,0.00000641,0.00000378,0.00000107
7.072000,0.00164600,0.00001068,0.00000799,0.00000641,0.00000379,0.00000107
7.073999,0.00164700,0.00001068,0.00000799,0.00000641,0.00000379,0.00000107
7.075999,0.00164700,0.00001069,0.00000799,0.00000641,0.00000379,0.00000107
7.078000,0.00164800,0.00001069,0.00000799,0.00000641,0.00000379,0.00000107
7.079999,0.00164800,0.00001069,0.00000799,0.00000641,0.00000379,0.00000107
7.081999,0.00164900,0.00001069,0.00000799,0.00000641,0.00000379,0.00000107
7.083999,0.00164900,0.00001069,0.00000799,0.00000641,0.00000379,0.00000107
7.085999,0.00165000,0.00001069,0.00000799,0.00000641,0.00000379,0.00000107
7.088000,0.00165000,0.00001069,0.00000799,0.00000641,0.00000379,0.00000107
7.090000,0.00165100,0.00001069,0.00000800,0.00000641,0.00000379,0.00000107
7.092000,0.00165100,0.00001069,0.00000800,0.00000641,0.00000379,0.00000107
7.093999,0.00165200,0.00001069,0.00000800,0.00000641,0.00000379,0.00000107
7.095999,0.00165200,0.00001069,0.00000800,0.00000641,0.00000379,0.00000107
7.098000,0.00165300,0.00001069,0.00000800,0.00000641,0.00000379,0.00000107
7.099999,0.00165300,0.00001069,0.00000800,0.00000641,0.00000379,0.00000107
7.101999,0.00165300,0.00001069,0.00000800,0.00000641,0.00000379,0.00000107
7.103999,0.00165400,0.00001069,0.00000800,0.00000641,0.00000379,0.00000107
7.106000,0.00165400,0.00001070,0.00000800,0.00000641,0.00000379,0.00000107
7.108000,0.00165500,0.00001070,0.00000800,0.00000641,0.00000379,0.00000107
7.110000,0.00165500,0.00001070,0.00000800,0.00000641,0.00000379,0.00000107
7.112000,0.00165600,0.00001070,0.00000800,0.00000642,0.00000379,0.00000107
7.113999,0.00165600,0.00001070,0.00000800,0.00000642,0.00000379,0.00000107
7.116000,0.00165700,0.00001070,0.00000800,0.00000642,0.00000379,0.00000107
7.118000,0.00165700,0.00001070,0.00000800,0.00000642,0.00000379,0.00000107
7.119999,0.00165800,0.00001070,0.00000800,0.00000642,0.00000379,0.00000107
7.121999,0.00165800,0.00001070,0.00000800,0.00000642,0.00000379,0.00000107
7.123999,0.00165900,0.00001070,0.00000800,0.00000642,0.00000379,0.00000107
7.126000,0.00165900,0.00001070,0.00000800,0.00000642,0.00000379,0.00000107
7.128000,0.00166000,0.00001070,0.00000800,0.00000642,0.00000379,0.00000107
7.130000,0.00166000,0.00001070,0.00000800,0.00000642,0.00000379,0.00000107
7.131999,0.00166100,0.00001070,0.00000801,0.00000642,0.00000379,0.00000107
7.133999,0.00166100,0.00001070,0.00000801,0.00000642,0.00000379,0.00000107
7.136000,0.00166100,0.00001071,0.00000801,0.00000642,0.00000379,0.00000107
7.138000,0.00166200,0.00001071,0.00000801,0.00000642,0.00000379,0.00000107
7.139999,0.00166200,0.00001071,0.00000801,0.00000642,0.00000379,0.00000107
7.141999,0.00166300,0.00001071,0.00000801,0.00000642,0.00000379,0.00000107
7.143999,0.00166300,0.00001071,0.00000801,0.00000642,0.00000379,0.00000107
7.146000,0.00166400,0.00001071,0.00000801,0.00000642,0.00000379,0.00000107
7.148000,0.00166400,0.00001071,0.00000801,0.00000642,0.00000379,0.00000107
7.150000,0.00166500,0.00001071,0.00000801,0.00000642,0.00000379,0.00000107
7.151999,0.00166500,0.00001071,0.00000801,0.00000642,0.00000379,0.00000107
7.153999,0.00166600,0.00001071,0.00000801,0.00000642,0.00000379,0.00000107
7.156000,0.00166600,0.00001071,0.00000801,0.00000642,0.00000379,0.00000107
7.158000,0.00166700,0.00001071,0.00000801,0.00000642,0.00000379,0.00000107
7.159999,0.00166700,0.00001071,0.00000801,0.00000642,0.00000379,0.00000107
7.161999,0.00166800,0.00001071,0.00000801,0.00000642,0.00000379,0.00000107
7.163999,0.00166800,0.00001071,0.00000801,0.00000642,0.00000379,0.00000107
7.166000,0.00166900,0.00001072,0.00000801,0.00000643,0.00000380,0.00000107
7.168000,0.00166900,0.00001072,0.00000801,0.00000643,0.00000380,0.00000107
7.170000,0.00166900,0.00001072,0.00000801,0.00000643,0.00000380,0.00000107
7.171999,0.00167000,0.00001072,0.00000801,0.00000643,0.00000380,0.00000107
7.173999,0.00167000,0.00001072,0.00000802,0.00000643,0.00000380,0.00000107
7.176000,0.00167100,0.00001072,0.00000802,0.00000643,0.00000380,0.00000107
7.177999,0.00167100,0.00001072,0.00000802,0.00000643,0.00000380,0.00000107
7.179999,0.00167200,0.00001072,0.00000802,0.00000643,0.00000380,0.00000107
7.181999,0.00167200,0.00001072,0.00000802,0.00000643,0.00000380,0.00000107
7.184000,0.00167300,0.00001072,0.00000802,0.00000643,0.00000380,0.00000107
7.186000,0.00167300,0.00001072,0.00000802,0.00000643,0.00000380,0.00000107
7.188000,0.00167400,0.00001072,0.00000802,0.00000643,0.00000380,0.00000107
7.190000,0.00167400,0.00001072,0.00000802,0.00000643,0.00000380,0.00000107
7.191999,0.00167500,0.00001072,0.00000802,0.00000643,0.00000380,0.00000107
7.194000,0.00167500,0.00001072,0.00000802,0.00000643,0.00000380,0.00000107
7.196000,0.00167600,0.00001073,0.00000802,0.00000643,0.00000380,0.00000107
7.197999,0.00167600,0.00001073,0.00000802,0.00000643,0.00000380,0.00000107
7.199999,0.00167700,0.00001073,0.00000802,0.00000643,0.00000380,0.00000107
7.201999,0.00167700,0.00001073,0.00000802,0.00000643,0.00000380,0.00000107
7.204000,0.00167800,0.00001073,0.00000802,0.00000643,0.00000380,0.00000107
7.206000,0.00167800,0.00001073,0.00000802,0.00000643,0.00000380,0.00000107
7.208000,0.00167900,0.00001073,0.00000802,0.00000643,0.00000380,0.00000107
7.210000,0.00167900,0.00001073,0.00000802,0.00000643,0.00000380,0.00000107
7.211999,0.00167900,0.00001073,0.00000802,0.00000643,0.00000380,0.00000107
7.214000,0.00168000,0.00001073,0.00000802,0.00000643,0.00000380,0.00000107
7.216000,0.00168000,0.00001073,0.00000803,0.00000643,0.00000380,0.00000107
7.217999,0.00168100,0.00001073,0.00000803,0.00000643,0.00000380,0.00000107
7.219999,0.00168100,0.00001073,0.00000803,0.00000644,0.00000380,0.00000107
7.221999,0.00168200,0.00001073,0.00000803,0.00000644,0.00000380,0.00000107
7.224000,0.00168200,0.00001073,0.00000803,0.00000644,0.00000380,0.00000107
7.226000,0.00168300,0.00001073,0.00000803,0.00000644,0.00000380,0.00000107
7.228000,0.00168300,0.00001074,0.00000803,0.00000644,0.00000380,0.00000107
7.229999,0.00168400,0.00001074,0.00000803,0.00000644,0.00000380,0.00000107
7.231999,0.00168400,0.00001074,0.00000803,0.00000644,0.00000380,0.00000107
7.234000,0.00168500,0.00001074,0.00000803,0.00000644,0.00000380,0.00000107
7.236000,0.00168500,0.00001074,0.00000803,0.00000644,0.00000380,0.00000107
7.237999,0.00168600,0.00001074,0.00000803,0.00000644,0.00000380,0.00000107
7.239999,0.00168600,0.00001074,0.00000803,0.00000644,0.00000380,0.00000107
7.241999,0.00168700,0.00001074,0.00000803,0.00000644,0.00000380,0.00000107
7.244000,0.00168700,0.00001074,0.00000803,0.00000644,0.00000380,0.00000107
7.245999,0.00168800,0.00001074,0.00000803,0.00000644,0.00000380,0.00000107
7.247999,0.00168800,0.00001074,0.00000803,0.00000644,0.00000380,0.00000107
7.249999,0.00168900,0.00001074,0.00000803,0.00000644,0.00000380,0.00000107
7.251999,0.00168900,0.00001074,0.00000803,0.00000644,0.00000380,0.00000107
7.254000,0.00169000,0.00001074,0.00000803,0.00000644,0.00000380,0.00000107
7.256000,0.00169000,0.00001074,0.00000803,0.00000644,0.00000380,0.00000107
7.257999,0.00169100,0.00001075,0.00000804,0.00000644,0.00000380,0.00000107
7.259999,0.00169100,0.00001075,0.00000804,0.00000644,0.00000381,0.00000107
7.262000,0.00169200,0.00001075,0.00000804,0.00000644,0.00000381,0.00000107
7.263999,0.00169200,0.00001075,0.00000804,0.00000644,0.00000381,0.00000107
7.265999,0.00169300,0.00001075,0.00000804,0.00000644,0.00000381,0.00000107
7.267999,0.00169300,0.00001075,0.00000804,0.00000644,0.00000381,0.00000107
7.269999,0.00169300,0.00001075,0.00000804,0.00000644,0.00000381,0.00000107
7.272000,0.00169400,0.00001075,0.00000804,0.00000644,0.00000381,0.00000107
7.274000,0.00169400,0.00001075,0.00000804,0.00000645,0.00000381,0.00000107
7.276000,0.00169500,0.00001075,0.00000804,0.00000645,0.00000381,0.00000107
7.277999,0.00169500,0.00001075,0.00000804,0.00000645,0.00000381,0.00000107
7.279999,0.00169600,0.00001075,0.00000804,0.00000645,0.00000381,0.00000108
7.282000,0.00169600,0.00001075,0.00000804,0.00000645,0.00000381,0.00000108
7.283999,0.00169700,0.00001075,0.00000804,0.00000645,0.00000381,0.00000108
7.285999,0.00169700,0.00001076,0.00000804,0.00000645,0.00000381,0.00000108
7.287999,0.00169800,0.00001076,0.00000804,0.00000645,0.00000381,0.00000108
7.289999,0.00169800,0.00001076,0.00000804,0.00000645,0.00000381,0.00000108
7.292000,0.00169900,0.00001076,0.00000804,0.00000645,0.00000381,0.00000108
7.294000,0.00169900,0.00001076,0.00000804,0.00000645,0.00000381,0.00000108
7.296000,0.00170000,0.00001076,0.00000804,0.00000645,0.00000381,0.00000108
7.297999,0.00170000,0.00001076,0.00000804,0.00000645,0.00000381,0.00000108
7.299999,0.00170100,0.00001076,0.00000805,0.00000645,0.00000381,0.00000108
7.302000,0.00170100,0.00001076,0.00000805,0.00000645,0.00000381,0.00000108
7.303999,0.00170200,0.00001076,0.00000805,0.00000645,0.00000381,0.00000108
7.305999,0.00170200,0.00001076,0.00000805,0.00000645,0.00000381,0.00000108
7.307999,0.00170300,0.00001076,0.00000805,0.00000645,0.00000381,0.00000108
7.309999,0.00170300,0.00001076,0.00000805,0.00000645,0.00000381,0.00000108
7.312000,0.00170400,0.00001076,0.00000805,0.00000645,0.00000381,0.00000108
7.314000,0.00170400,0.00001076,0.00000805,0.00000645,0.00000381,0.00000108
7.316000,0.00170500,0.00001077,0.00000805,0.00000645,0.00000381,0.00000108
7.317999,0.00170500,0.00001077,0.00000805,0.00000645,0.00000381,0.00000108
7.319999,0.00170600,0.00001077,0.00000805,0.00000645,0.00000381,0.00000108
7.322000,0.00170600,0.00001077,0.00000805,0.00000645,0.00000381,0.00000108
7.323999,0.00170700,0.00001077,0.00000805,0.00000645,0.00000381,0.00000108
7.325999,0.00170700,0.00001077,0.00000805,0.00000646,0.00000381,0.00000108
7.327999,0.00170800,0.00001077,0.00000805,0.00000646,0.00000381,0.00000108
7.330000,0.00170800,0.00001077,0.00000805,0.00000646,0.00000381,0.00000108
7.332000,0.00170900,0.00001077,0.00000805,0.00000646,0.00000381,0.00000108
7.334000,0.00170900,0.00001077,0.00000805,0.00000646,0.00000381,0.00000108
7.335999,0.00171000,0.00001077,0.00000805,0.00000646,0.00000381,0.00000108
7.337999,0.00171000,0.00001077,0.00000805,0.00000646,0.00000381,0.00000108
7.340000,0.00171100,0.00001077,0.00000805,0.00000646,0.00000381,0.00000108
7.342000,0.00171100,0.00001077,0.00000806,0.00000646,0.00000381,0.00000108
7.343999,0.00171200,0.00001077,0.00000806,0.00000646,0.00000381,0.00000108
7.345999,0.00171200,0.00001078,0.00000806,0.00000646,0.00000381,0.00000108
7.347999,0.00171300,0.00001078,0.00000806,0.00000646,0.00000381,0.00000108
7.350000,0.00171300,0.00001078,0.00000806,0.00000646,0.00000381,0.00000108
7.352000,0.00171400,0.00001078,0.00000806,0.00000646,0.00000381,0.00000108
7.354000,0.00171400,0.00001078,0.00000806,0.00000646,0.00000382,0.00000108
7.355999,0.00171500,0.00001078,0.00000806,0.00000646,0.00000382,0.00000108
7.357999,0.00171500,0.00001078,0.00000806,0.00000646,0.00000382,0.00000108
7.360000,0.00171600,0.00001078,0.00000806,0.00000646,0.00000382,0.00000108
7.362000,0.00171600,0.00001078,0.00000806,0.00000646,0.00000382,0.00000108
7.363999,0.00171700,0.00001078,0.00000806,0.00000646,0.00000382,0.00000108
7.365999,0.00171700,0.00001078,0.00000806,0.00000646,0.00000382,0.00000108
7.367999,0.00171800,0.00001078,0.00000806,0.00000646,0.00000382,0.00000108
7.370000,0.00171800,0.00001078,0.00000806,0.00000646,0.00000382,0.00000108
7.372000,0.00171900,0.00001078,0.00000806,0.00000646,0.00000382,0.00000108
7.374000,0.00171900,0.00001078,0.00000806,0.00000646,0.00000382,0.00000108
7.375999,0.00172000,0.00001079,0.00000806,0.00000646,0.00000382,0.00000108
7.377999,0.00172000,0.00001079,0.00000806,0.00000646,0.00000382,0.00000108
7.380000,0.00172100,0.00001079,0.00000806,0.00000647,0.00000382,0.00000108
7.381999,0.00172100,0.00001079,0.00000806,0.00000647,0.00000382,0.00000108
7.383999,0.00172200,0.00001079,0.00000807,0.00000647,0.00000382,0.00000108
7.385999,0.00172200,0.00001079,0.00000807,0.00000647,0.00000382,0.00000108
7.387999,0.00172300,0.00001079,0.00000807,0.00000647,0.00000382,0.00000108
7.390000,0.00172300,0.00001079,0.00000807,0.00000647,0.00000382,0.00000108
7.392000,0.00172400,0.00001079,0.00000807,0.00000647,0.00000382,0.00000108
7.394000,0.00172400,0.00001079,0.00000807,0.00000647,0.00000382,0.00000108
7.395999,0.00172500,0.00001079,0.00000807,0.00000647,0.00000382,0.00000108
7.397999,0.00172500,0.00001079,0.00000807,0.00000647,0.00000382,0.00000108
7.400000,0.00172500,0.00001079,0.00000807,0.00000647,0.00000382,0.00000108
7.401999,0.00172600,0.00001079,0.00000807,0.00000647,0.00000382,0.00000108
7.403999,0.00172600,0.00001079,0.00000807,0.00000647,0.00000382,0.00000108
7.405999,0.00172700,0.00001080,0.00000807,0.00000647,0.00000382,0.00000108
7.408000,0.00172800,0.00001080,0.00000807,0.00000647,0.00000382,0.00000108
7.410000,0.00172800,0.00001080,0.00000807,0.00000647,0.00000382,0.00000108
7.412000,0.00172900,0.00001080,0.00000807,0.00000647,0.00000382,0.00000108
7.414000,0.00172900,0.00001080,0.00000807,0.00000647,0.00000382,0.00000108
7.415999,0.00173000,0.00001080,0.00000807,0.00000647,0.00000382,0.00000108
7.418000,0.00173000,0.00001080,0.00000807,0.00000647,0.00000382,0.00000108
7.420000,0.00173100,0.00001080,0.00000807,0.00000647,0.00000382,0.00000108
7.421999,0.00173100,0.00001080,0.00000807,0.00000647,0.00000382,0.00000108
7.423999,0.00173200,0.00001080,0.00000807,0.00000647,0.00000382,0.00000108
7.425999,0.00173200,0.00001080,0.00000808,0.00000647,0.00000382,0.00000108
7.428000,0.00173300,0.00001080,0.00000808,0.00000647,0.00000382,0.00000108
7.430000,0.00173300,0.00001080,0.00000808,0.00000647,0.00000382,0.00000108
7.432000,0.00173400,0.00001080,0.00000808,0.00000647,0.00000382,0.00000108
7.434000,0.00173400,0.00001080,0.00000808,0.00000648,0.00000382,0.00000108
7.435999,0.00173500,0.00001081,0.00000808,0.00000648,0.00000382,0.00000108
7.438000,0.00173500,0.00001081,0.00000808,0.00000648,0.00000382,0.00000108
7.440000,0.00173600,0.00001081,0.00000808,0.00000648,0.00000382,0.00000108
7.441999,0.00173600,0.00001081,0.00000808,0.00000648,0.00000382,0.00000108
7.443999,0.00173700,0.00001081,0.00000808,0.00000648,0.00000382,0.00000108
7.445999,0.00173700,0.00001081,0.00000808,0.00000648,0.00000382,0.00000108
7.448000,0.00173800,0.00001081,0.00000808,0.00000648,0.00000383,0.00000108
7.450000,0.00173800,0.00001081,0.00000808,0.00000648,0.00000383,0.00000108
7.452000,0.00173900,0.00001081,0.00000808,0.00000648,0.00000383,0.00000108
7.453999,0.00173900,0.00001081,0.00000808,0.00000648,0.00000383,0.00000108
7.455999,0.00174000,0.00001081,0.00000808,0.00000648,0.00000383,0.00000108
7.458000,0.00174000,0.00001081,0.00000808,0.00000648,0.00000383,0.00000108
7.460000,0.00174100,0.00001081,0.00000808,0.00000648,0.00000383,0.00000108
7.461999,0.00174100,0.00001081,0.00000808,0.00000648,0.00000383,0.00000108
7.463999,0.00174200,0.00001081,0.00000808,0.00000648,0.00000383,0.00000108
7.465999,0.00174200,0.00001082,0.00000808,0.00000648,0.00000383,0.00000108
7.468000,0.00174300,0.00001082,0.00000809,0.00000648,0.00000383,0.00000108
7.470000,0.00174300,0.00001082,0.00000809,0.00000648,0.00000383,0.00000108
7.471999,0.00174400,0.00001082,0.00000809,0.00000648,0.00000383,0.00000108
7.473999,0.00174400,0.00001082,0.00000809,0.00000648,0.00000383,0.00000108
7.475999,0.00174500,0.00001082,0.00000809,0.00000648,0.00000383,0.00000108
7.478000,0.00174500,0.00001082,0.00000809,0.00000648,0.00000383,0.00000108
7.480000,0.00174600,0.00001082,0.00000809,0.00000648,0.00000383,0.00000108
7.481999,0.00174600,0.00001082,0.00000809,0.00000648,0.00000383,0.00000108
7.483999,0.00174700,0.00001082,0.00000809,0.00000648,0.00000383,0.00000108
7.486000,0.00174700,0.00001082,0.00000809,0.00000649,0.00000383,0.00000108
7.488000,0.00174800,0.00001082,0.00000809,0.00000649,0.00000383,0.00000108
7.489999,0.00174800,0.00001082,0.00000809,0.00000649,0.00000383,0.00000108
7.491999,0.00174900,0.00001082,0.00000809,0.00000649,0.00000383,0.00000108
7.493999,0.00174900,0.00001082,0.00000809,0.00000649,0.00000383,0.00000108
7.496000,0.00175000,0.00001083,0.00000809,0.00000649,0.00000383,0.00000108
7.498000,0.00175000,0.00001083,0.00000809,0.00000649,0.00000383,0.00000108
7.500000,0.00175100,0.00001083,0.00000809,0.00000649,0.00000383,0.00000108
7.501999,0.00175100,0.00001083,0.00000809,0.00000649,0.00000383,0.00000108
7.503999,0.00175200,0.00001083,0.00000809,0.00000649,0.00000383,0.00000108
7.506000,0.00175200,0.00001083,0.00000809,0.00000649,0.00000383,0.00000108
7.507999,0.00175300,0.00001083,0.00000809,0.00000649,0.00000383,0.00000108
7.509999,0.00175300,0.00001083,0.00000810,0.00000649,0.00000383,0.00000108
7.511999,0.00175400,0.00001083,0.00000810,0.00000649,0.00000383,0.00000108
7.513999,0.00175400,0.00001083,0.00000810,0.00000649,0.00000383,0.00000108
7.516000,0.00175500,0.00001083,0.00000810,0.00000649,0.00000383,0.00000108
7.518000,0.00175500,0.00001083,0.00000810,0.00000649,0.00000383,0.00000108
7.520000,0.00175600,0.00001083,0.00000810,0.00000649,0.00000383,0.00000108
7.521999,0.00175600,0.00001083,0.00000810,0.00000649,0.00000383,0.00000108
7.523999,0.00175700,0.00001084,0.00000810,0.00000649,0.00000383,0.00000108
7.526000,0.00175700,0.00001084,0.00000810,0.00000649,0.00000383,0.00000108
7.527999,0.00175800,0.00001084,0.00000810,0.00000649,0.00000383,0.00000108
7.529999,0.00175800,0.00001084,0.00000810,0.00000649,0.00000383,0.00000108
7.531999,0.00175900,0.00001084,0.00000810,0.00000649,0.00000383,0.00000108
7.533999,0.00176000,0.00001084,0.00000810,0.00000649,0.00000383,0.00000108
7.536000,0.00176000,0.00001084,0.00000810,0.00000649,0.00000383,0.00000108
7.538000,0.00176100,0.00001084,0.00000810,0.00000649,0.00000383,0.00000108
7.539999,0.00176100,0.00001084,0.00000810,0.00000650,0.00000383,0.00000108
7.541999,0.00176200,0.00001084,0.00000810,0.00000650,0.00000384,0.00000108
7.543999,0.00176200,0.00001084,0.00000810,0.00000650,0.00000384,0.00000108
7.546000,0.00176300,0.00001084,0.00000810,0.00000650,0.00000384,0.00000108
7.547999,0.00176300,0.00001084,0.00000810,0.00000650,0.00000384,0.00000108
7.549999,0.00176400,0.00001084,0.00000811,0.00000650,0.00000384,0.00000108
7.551999,0.00176400,0.00001084,0.00000811,0.00000650,0.00000384,0.00000108
7.554000,0.00176500,0.00001085,0.00000811,0.00000650,0.00000384,0.00000108
7.556000,0.00176500,0.00001085,0.00000811,0.00000650,0.00000384,0.00000108
7.558000,0.00176600,0.00001085,0.00000811,0.00000650,0.00000384,0.00000108
7.559999,0.00176600,0.00001085,0.00000811,0.00000650,0.00000384,0.00000108
7.561999,0.00176700,0.00001085,0.00000811,0.00000650,0.00000384,0.00000108
7.564000,0.00176700,0.00001085,0.00000811,0.00000650,0.00000384,0.00000108
7.566000,0.00176800,0.00001085,0.00000811,0.00000650,0.00000384,0.00000108
7.567999,0.00176800,0.00001085,0.00000811,0.00000650,0.00000384,0.00000108
7.569999,0.00176900,0.00001085,0.00000811,0.00000650,0.00000384,0.00000108
7.571999,0.00176900,0.00001085,0.00000811,0.00000650,0.00000384,0.00000108
7.574000,0.00177000,0.00001085,0.00000811,0.00000650,0.00000384,0.00000108
7.576000,0.00177000,0.00001085,0.00000811,0.00000650,0.00000384,0.00000108
7.578000,0.00177100,0.00001085,0.00000811,0.00000650,0.00000384,0.00000108
7.579999,0.00177100,0.00001085,0.00000811,0.00000650,0.00000384,0.00000108
7.581999,0.00177200,0.00001085,0.00000811,0.00000650,0.00000384,0.00000108
7.584000,0.00177200,0.00001086,0.00000811,0.00000650,0.00000384,0.00000108
7.585999,0.00177300,0.00001086,0.00000811,0.00000650,0.00000384,0.00000108
7.587999,0.00177400,0.00001086,0.00000811,0.00000650,0.00000384,0.00000108
7.589999,0.00177400,0.00001086,0.00000811,0.00000650,0.00000384,0.00000108
7.591999,0.00177500,0.00001086,0.00000812,0.00000651,0.00000384,0.00000108
7.594000,0.00177500,0.00001086,0.00000812,0.00000651,0.00000384,0.00000108
7.596000,0.00177600,0.00001086,0.00000812,0.00000651,0.00000384,0.00000108
7.598000,0.00177600,0.00001086,0.00000812,0.00000651,0.00000384,0.00000108
7.599999,0.00177700,0.00001086,0.00000812,0.00000651,0.00000384,0.00000108
7.601999,0.00177700,0.00001086,0.00000812,0.00000651,0.00000384,0.00000108
7.604000,0.00177800,0.00001086,0.00000812,0.00000651,0.00000384,0.00000108
7.605999,0.00177800,0.00001086,0.00000812,0.00000651,0.00000384,0.00000108
7.607999,0.00177900,0.00001086,0.00000812,0.00000651,0.00000384,0.00000108
7.609999,0.00177900,0.00001086,0.00000812,0.00000651,0.00000384,0.00000108
7.611999,0.00178000,0.00001086,0.00000812,0.00000651,0.00000384,0.00000108
7.614000,0.00178000,0.00001087,0.00000812,0.00000651,0.00000384,0.00000108
7.616000,0.00178100,0.00001087,0.00000812,0.00000651,0.00000384,0.00000108
7.618000,0.00178100,0.00001087,0.00000812,0.00000651,0.00000384,0.00000108
7.619999,0.00178200,0.00001087,0.00000812,0.00000651,0.00000384,0.00000108
7.621999,0.00178200,0.00001087,0.00000812,0.00000651,0.00000384,0.00000108
7.624000,0.00178300,0.00001087,0.00000812,0.00000651,0.00000384,0.00000108
7.625999,0.00178300,0.00001087,0.00000812,0.00000651,0.00000384,0.00000108
7.627999,0.00178400,0.00001087,0.00000812,0.00000651,0.00000384,0.00000108
7.629999,0.00178500,0.00001087,0.00000812,0.00000651,0.00000384,0.00000108
7.632000,0.00178500,0.00001087,0.00000812,0.00000651,0.00000384,0.00000109
7.634000,0.00178600,0.00001087,0.00000813,0.00000651,0.00000385,0.00000109
7.636000,0.00178600,0.00001087,0.00000813,0.00000651,0.00000385,0.00000109
7.638000,0.00178700,0.00001087,0.00000813,0.00000651,0.00000385,0.00000109
7.639999,0.00178700,0.00001087,0.00000813,0.00000651,0.00000385,0.00000109
7.642000,0.00178800,0.00001088,0.00000813,0.00000651,0.00000385,0.00000109
7.644000,0.00178800,0.00001088,0.00000813,0.00000651,0.00000385,0.00000109
7.645999,0.00178900,0.00001088,0.00000813,0.00000652,0.00000385,0.00000109
7.647999,0.00178900,0.00001088,0.00000813,0.00000652,0.00000385,0.00000109
7.649999,0.00179000,0.00001088,0.00000813,0.00000652,0.00000385,0.00000109
7.652000,0.00179000,0.00001088,0.00000813,0.00000652,0.00000385,0.00000109
7.654000,0.00179100,0.00001088,0.00000813,0.00000652,0.00000385,0.00000109
7.656000,0.00179100,0.00001088,0.00000813,0.00000652,0.00000385,0.00000109
7.658000,0.00179200,0.00001088,0.00000813,0.00000652,0.00000385,0.00000109
7.659999,0.00179200,0.00001088,0.00000813,0.00000652,0.00000385,0.00000109
7.662000,0.00179300,0.00001088,0.00000813,0.00000652,0.00000385,0.00000109
7.664000,0.00179400,0.00001088,0.00000813,0.00000652,0.00000385,0.00000109
7.665999,0.00179400,0.00001088,0.00000813,0.00000652,0.00000385,0.00000109
7.667999,0.00179500,0.00001088,0.00000813,0.00000652,0.00000385,0.00000109
7.669999,0.00179500,0.00001088,0.00000813,0.00000652,0.00000385,0.00000109
7.672000,0.00179600,0.00001089,0.00000813,0.00000652,0.00000385,0.00000109
7.674000,0.00179600,0.00001089,0.00000814,0.00000652,0.00000385,0.00000109
7.676000,0.00179700,0.00001089,0.00000814,0.00000652,0.00000385,0.00000109
7.677999,0.00179700,0.00001089,0.00000814,0.00000652,0.00000385,0.00000109
7.679999,0.00179800,0.00001089,0.00000814,0.00000652,0.00000385,0.00000109
7.682000,0.00179800,0.00001089,0.00000814,0.00000652,0.00000385,0.00000109
7.684000,0.00179900,0.00001089,0.00000814,0.00000652,0.00000385,0.00000109
7.685999,0.00179900,0.00001089,0.00000814,0.00000652,0.00000385,0.00000109
7.687999,0.00180000,0.00001089,0.00000814,0.00000652,0.00000385,0.00000109
7.689999,0.00180000,0.00001089,0.00000814,0.00000652,0.00000385,0.00000109
7.692000,0.00180100,0.00001089,0.00000814,0.00000652,0.00000385,0.00000109
7.694000,0.00180200,0.00001089,0.00000814,0.00000652,0.00000385,0.00000109
7.695999,0.00180200,0.00001089,0.00000814,0.00000652,0.00000385,0.00000109
7.697999,0.00180300,0.00001089,0.00000814,0.00000653,0.00000385,0.00000109
7.699999,0.00180300,0.00001089,0.00000814,0.00000653,0.00000385,0.00000109
7.702000,0.00180400,0.00001090,0.00000814,0.00000653,0.00000385,0.00000109
7.704000,0.00180400,0.00001090,0.00000814,0.00000653,0.00000385,0.00000109
7.705999,0.00180500,0.00001090,0.00000814,0.00000653,0.00000385,0.00000109
7.707999,0.00180500,0.00001090,0.00000814,0.00000653,0.00000385,0.00000109
7.710000,0.00180600,0.00001090,0.00000814,0.00000653,0.00000385,0.00000109
7.712000,0.00180600,0.00001090,0.00000814,0.00000653,0.00000385,0.00000109
7.713999,0.00180700,0.00001090,0.00000814,0.00000653,0.00000385,0.00000109
7.715999,0.00180700,0.00001090,0.00000815,0.00000653,0.00000385,0.00000109
7.717999,0.00180800,0.00001090,0.00000815,0.00000653,0.00000385,0.00000109
7.720000,0.00180900,0.00001090,0.00000815,0.00000653,0.00000385,0.00000109
7.722000,0.00180900,0.00001090,0.00000815,0.00000653,0.00000385,0.00000109
7.724000,0.00181000,0.00001090,0.00000815,0.00000653,0.00000385,0.00000109
7.725999,0.00181000,0.00001090,0.00000815,0.00000653,0.00000386,0.00000109
7.727999,0.00181100,0.00001090,0.00000815,0.00000653,0.00000386,0.00000109
7.730000,0.00181100,0.00001090,0.00000815,0.00000653,0.00000386,0.00000109
7.731999,0.00181200,0.00001091,0.00000815,0.00000653,0.00000386,0.00000109
7.733999,0.00181200,0.00001091,0.00000815,0.00000653,0.00000386,0.00000109
7.735999,0.00181300,0.00001091,0.00000815,0.00000653,0.00000386,0.00000109
7.737999,0.00181300,0.00001091,0.00000815,0.00000653,0.00000386,0.00000109
7.740000,0.00181400,0.00001091,0.00000815,0.00000653,0.00000386,0.00000109
7.742000,0.00181400,0.00001091,0.00000815,0.00000653,0.00000386,0.00000109
7.743999,0.00181500,0.00001091,0.00000815,0.00000653,0.00000386,0.00000109
7.745999,0.00181600,0.00001091,0.00000815,0.00000653,0.00000386,0.00000109
7.747999,0.00181600,0.00001091,0.00000815,0.00000653,0.00000386,0.00000109
7.750000,0.00181700,0.00001091,0.00000815,0.00000654,0.00000386,0.00000109
7.751999,0.00181700,0.00001091,0.00000815,0.00000654,0.00000386,0.00000109
7.753999,0.00181800,0.00001091,0.00000815,0.00000654,0.00000386,0.00000109
7.755999,0.00181800,0.00001091,0.00000816,0.00000654,0.00000386,0.00000109
7.757999,0.00181900,0.00001091,0.00000816,0.00000654,0.00000386,0.00000109
7.760000,0.00181900,0.00001092,0.00000816,0.00000654,0.00000386,0.00000109
7.762000,0.00182000,0.00001092,0.00000816,0.00000654,0.00000386,0.00000109
7.763999,0.00182000,0.00001092,0.00000816,0.00000654,0.00000386,0.00000109
7.765999,0.00182100,0.00001092,0.00000816,0.00000654,0.00000386,0.00000109
7.767999,0.00182100,0.00001092,0.00000816,0.00000654,0.00000386,0.00000109
7.770000,0.00182200,0.00001092,0.00000816,0.00000654,0.00000386,0.00000109
7.771999,0.00182300,0.00001092,0.00000816,0.00000654,0.00000386,0.00000109
7.773999,0.00182300,0.00001092,0.00000816,0.00000654,0.00000386,0.00000109
7.775999,0.00182400,0.00001092,0.00000816,0.00000654,0.00000386,0.00000109
7.777999,0.00182400,0.00001092,0.00000816,0.00000654,0.00000386,0.00000109
7.780000,0.00182500,0.00001092,0.00000816,0.00000654,0.00000386,0.00000109
7.782000,0.00182500,0.00001092,0.00000816,0.00000654,0.00000386,0.00000109
7.783999,0.00182600,0.00001092,0.00000816,0.00000654,0.00000386,0.00000109
7.785999,0.00182600,0.00001092,0.00000816,0.00000654,0.00000386,0.00000109
7.788000,0.00182700,0.00001092,0.00000816,0.00000654,0.00000386,0.00000109
7.789999,0.00182800,0.00001093,0.00000816,0.00000654,0.00000386,0.00000109
7.791999,0.00182800,0.00001093,0.00000816,0.00000654,0.00000386,0.00000109
7.793999,0.00182900,0.00001093,0.00000816,0.00000654,0.00000386,0.00000109
7.795999,0.00182900,0.00001093,0.00000816,0.00000654,0.00000386,0.00000109
7.798000,0.00183000,0.00001093,0.00000817,0.00000654,0.00000386,0.00000109
7.800000,0.00183000,0.00001093,0.00000817,0.00000654,0.00000386,0.00000109
7.802000,0.00183100,0.00001093,0.00000817,0.00000655,0.00000386,0.00000109
7.803999,0.00183100,0.00001093,0.00000817,0.00000655,0.00000386,0.00000109
7.805999,0.00183200,0.00001093,0.00000817,0.00000655,0.00000386,0.00000109
7.808000,0.00183200,0.00001093,0.00000817,0.00000655,0.00000386,0.00000109
7.809999,0.00183300,0.00001093,0.00000817,0.00000655,0.00000386,0.00000109
7.811999,0.00183400,0.00001093,0.00000817,0.00000655,0.00000386,0.00000109
7.813999,0.00183400,0.00001093,0.00000817,0.00000655,0.00000386,0.00000109
7.815999,0.00183500,0.00001093,0.00000817,0.00000655,0.00000386,0.00000109
7.818000,0.00183500,0.00001093,0.00000817,0.00000655,0.00000387,0.00000109
7.820000,0.00183600,0.00001094,0.00000817,0.00000655,0.00000387,0.00000109
7.822000,0.00183600,0.00001094,0.00000817,0.00000655,0.00000387,0.00000109
7.823999,0.00183700,0.00001094,0.00000817,0.00000655,0.00000387,0.00000109
7.825999,0.00183700,0.00001094,0.00000817,0.00000655,0.00000387,0.00000109
7.828000,0.00183800,0.00001094,0.00000817,0.00000655,0.00000387,0.00000109
7.829999,0.00183900,0.00001094,0.00000817,0.00000655,0.00000387,0.00000109
7.831999,0.00183900,0.00001094,0.00000817,0.00000655,0.00000387,0.00000109
7.833999,0.00184000,0.00001094,0.00000817,0.00000655,0.00000387,0.00000109
7.835999,0.00184000,0.00001094,0.00000817,0.00000655,0.00000387,0.00000109
7.838000,0.00184100,0.00001094,0.00000818,0.00000655,0.00000387,0.00000109
7.840000,0.00184100,0.00001094,0.00000818,0.00000655,0.00000387,0.00000109
7.842000,0.00184200,0.00001094,0.00000818,0.00000655,0.00000387,0.00000109
7.843999,0.00184200,0.00001094,0.00000818,0.00000655,0.00000387,0.00000109
7.845999,0.00184300,0.00001094,0.00000818,0.00000655,0.00000387,0.00000109
7.848000,0.00184300,0.00001095,0.00000818,0.00000655,0.00000387,0.00000109
7.849999,0.00184400,0.00001095,0.00000818,0.00000655,0.00000387,0.00000109
7.851999,0.00184500,0.00001095,0.00000818,0.00000655,0.00000387,0.00000109
7.853999,0.00184500,0.00001095,0.00000818,0.00000656,0.00000387,0.00000109
7.856000,0.00184600,0.00001095,0.00000818,0.00000656,0.00000387,0.00000109
7.858000,0.00184600,0.00001095,0.00000818,0.00000656,0.00000387,0.00000109
7.860000,0.00184700,0.00001095,0.00000818,0.00000656,0.00000387,0.00000109
7.862000,0.00184700,0.00001095,0.00000818,0.00000656,0.00000387,0.00000109
7.863999,0.00184800,0.00001095,0.00000818,0.00000656,0.00000387,0.00000109
7.866000,0.00184800,0.00001095,0.00000818,0.00000656,0.00000387,0.00000109
7.868000,0.00184900,0.00001095,0.00000818,0.00000656,0.00000387,0.00000109
7.869999,0.00185000,0.00001095,0.00000818,0.00000656,0.00000387,0.00000109
7.871999,0.00185000,0.00001095,0.00000818,0.00000656,0.00000387,0.00000109
7.873999,0.00185100,0.00001095,0.00000818,0.00000656,0.00000387,0.00000109
7.876000,0.00185100,0.00001095,0.00000818,0.00000656,0.00000387,0.00000109
7.878000,0.00185200,0.00001096,0.00000818,0.00000656,0.00000387,0.00000109
7.880000,0.00185200,0.00001096,0.00000819,0.00000656,0.00000387,0.00000109
7.881999,0.00185300,0.00001096,0.00000819,0.00000656,0.00000387,0.00000109
7.883999,0.00185400,0.00001096,0.00000819,0.00000656,0.00000387,0.00000109
7.886000,0.00185400,0.00001096,0.00000819,0.00000656,0.00000387,0.00000109
7.888000,0.00185500,0.00001096,0.00000819,0.00000656,0.00000387,0.00000109
7.889999,0.00185500,0.00001096,0.00000819,0.00000656,0.00000387,0.00000109
7.891999,0.00185600,0.00001096,0.00000819,0.00000656,0.00000387,0.00000109
7.893999,0.00185600,0.00001096,0.00000819,0.00000656,0.00000387,0.00000109
7.896000,0.00185700,0.00001096,0.00000819,0.00000656,0.00000387,0.00000109
7.898000,0.00185700,0.00001096,0.00000819,0.00000656,0.00000387,0.00000109
7.900000,0.00185800,0.00001096,0.00000819,0.00000656,0.00000387,0.00000109
7.901999,0.00185900,0.00001096,0.00000819,0.00000656,0.00000387,0.00000109
7.903999,0.00185900,0.00001096,0.00000819,0.00000656,0.00000387,0.00000109
7.906000,0.00186000,0.00001097,0.00000819,0.00000656,0.00000387,0.00000109
7.908000,0.00186000,0.00001097,0.00000819,0.00000657,0.00000387,0.00000109
7.909999,0.00186100,0.00001097,0.00000819,0.00000657,0.00000388,0.00000109
7.911999,0.00186100,0.00001097,0.00000819,0.00000657,0.00000388,0.00000109
7.913999,0.00186200,0.00001097,0.00000819,0.00000657,0.00000388,0.00000109
7.916000,0.00186300,0.00001097,0.00000819,0.00000657,0.00000388,0.00000109
7.918000,0.00186300,0.00001097,0.00000819,0.00000657,0.00000388,0.00000109
7.920000,0.00186400,0.00001097,0.00000820,0.00000657,0.00000388,0.00000109
7.921999,0.00186400,0.00001097,0.00000820,0.00000657,0.00000388,0.00000109
7.923999,0.00186500,0.00001097,0.00000820,0.00000657,0.00000388,0.00000109
7.926000,0.00186500,0.00001097,0.00000820,0.00000657,0.00000388,0.00000109
7.927999,0.00186600,0.00001097,0.00000820,0.00000657,0.00000388,0.00000109
7.929999,0.00186600,0.00001097,0.00000820,0.00000657,0.00000388,0.00000109
7.931999,0.00186700,0.00001097,0.00000820,0.00000657,0.00000388,0.00000109
7.934000,0.00186800,0.00001097,0.00000820,0.00000657,0.00000388,0.00000109
7.936000,0.00186800,0.00001098,0.00000820,0.00000657,0.00000388,0.00000109
7.938000,0.00186900,0.00001098,0.00000820,0.00000657,0.00000388,0.00000109
7.939999,0.00186900,0.00001098,0.00000820,0.00000657,0.00000388,0.00000109
7.941999,0.00187000,0.00001098,0.00000820,0.00000657,0.00000388,0.00000109
7.944000,0.00187000,0.00001098,0.00000820,0.00000657,0.00000388,0.00000109
7.946000,0.00187100,0.00001098,0.00000820,0.00000657,0.00000388,0.00000109
7.947999,0.00187200,0.00001098,0.00000820,0.00000657,0.00000388,0.00000109
7.949999,0.00187200,0.00001098,0.00000820,0.00000657,0.00000388,0.00000109
7.951999,0.00187300,0.00001098,0.00000820,0.00000657,0.00000388,0.00000109
7.954000,0.00187300,0.00001098,0.00000820,0.00000657,0.00000388,0.00000109
7.955999,0.00187400,0.00001098,0.00000820,0.00000657,0.00000388,0.00000109
7.957999,0.00187400,0.00001098,0.00000820,0.00000657,0.00000388,0.00000109
7.959999,0.00187500,0.00001098,0.00000820,0.00000658,0.00000388,0.00000109
7.961999,0.00187600,0.00001098,0.00000821,0.00000658,0.00000388,0.00000109
7.964000,0.00187600,0.00001099,0.00000821,0.00000658,0.00000388,0.00000109
7.966000,0.00187700,0.00001099,0.00000821,0.00000658,0.00000388,0.00000109
7.967999,0.00187700,0.00001099,0.00000821,0.00000658,0.00000388,0.00000109
7.969999,0.00187800,0.00001099,0.00000821,0.00000658,0.00000388,0.00000109
7.971999,0.00187800,0.00001099,0.00000821,0.00000658,0.00000388,0.00000109
7.974000,0.00187900,0.00001099,0.00000821,0.00000658,0.00000388,0.00000109
7.975999,0.00188000,0.00001099,0.00000821,0.00000658,0.00000388,0.00000109
7.977999,0.00188000,0.00001099,0.00000821,0.00000658,0.00000388,0.00000110
7.979999,0.00188100,0.00001099,0.00000821,0.00000658,0.00000388,0.00000110
7.981999,0.00188100,0.00001099,0.00000821,0.00000658,0.00000388,0.00000110
7.984000,0.00188200,0.00001099,0.00000821,0.00000658,0.00000388,0.00000110
7.986000,0.00188200,0.00001099,0.00000821,0.00000658,0.00000388,0.00000110
7.987999,0.00188300,0.00001099,0.00000821,0.00000658,0.00000388,0.00000110
7.989999,0.00188400,0.00001099,0.00000821,0.00000658,0.00000388,0.00000110
7.991999,0.00188400,0.00001099,0.00000821,0.00000658,0.00000388,0.00000110
7.993999,0.00188500,0.00001100,0.00000821,0.00000658,0.00000388,0.00000110
7.995999,0.00188500,0.00001100,0.00000821,0.00000658,0.00000388,0.00000110
7.997999,0.00188600,0.00001100,0.00000821,0.00000658,0.00000388,0.00000110
7.999999,0.00188600,0.00001100,0.00000821,0.00000658,0.00000388,0.00000110
8.001999,0.00188700,0.00001100,0.00000822,0.00000658,0.00000389,0.00000110
8.004000,0.00188800,0.00001100,0.00000822,0.00000658,0.00000389,0.00000110
8.006000,0.00188800,0.00001100,0.00000822,0.00000658,0.00000389,0.00000110
8.007999,0.00188900,0.00001100,0.00000822,0.00000658,0.00000389,0.00000110
8.009999,0.00188900,0.00001100,0.00000822,0.00000658,0.00000389,0.00000110
8.012000,0.00189000,0.00001100,0.00000822,0.00000659,0.00000389,0.00000110
8.014000,0.00189000,0.00001100,0.00000822,0.00000659,0.00000389,0.00000110
8.016000,0.00189100,0.00001100,0.00000822,0.00000659,0.00000389,0.00000110
8.018000,0.00189200,0.00001100,0.00000822,0.00000659,0.00000389,0.00000110
8.020000,0.00189200,0.00001100,0.00000822,0.00000659,0.00000389,0.00000110
8.021999,0.00189300,0.00001101,0.00000822,0.00000659,0.00000389,0.00000110
8.023999,0.00189300,0.00001101,0.00000822,0.00000659,0.00000389,0.00000110
8.025999,0.00189400,0.00001101,0.00000822,0.00000659,0.00000389,0.00000110
8.027999,0.00189500,0.00001101,0.00000822,0.00000659,0.00000389,0.00000110
8.029999,0.00189500,0.00001101,0.00000822,0.00000659,0.00000389,0.00000110
8.032000,0.00189600,0.00001101,0.00000822,0.00000659,0.00000389,0.00000110
8.033999,0.00189600,0.00001101,0.00000822,0.00000659,0.00000389,0.00000110
8.035999,0.00189700,0.00001101,0.00000822,0.00000659,0.00000389,0.00000110
8.037999,0.00189700,0.00001101,0.00000822,0.00000659,0.00000389,0.00000110
8.039999,0.00189800,0.00001101,0.00000822,0.00000659,0.00000389,0.00000110
8.042000,0.00189900,0.00001101,0.00000823,0.00000659,0.00000389,0.00000110
8.044000,0.00189900,0.00001101,0.00000823,0.00000659,0.00000389,0.00000110
8.046000,0.00190000,0.00001101,0.00000823,0.00000659,0.00000389,0.00000110
8.047999,0.00190000,0.00001101,0.00000823,0.00000659,0.00000389,0.00000110
8.049999,0.00190100,0.00001101,0.00000823,0.00000659,0.00000389,0.00000110
8.052000,0.00190100,0.00001102,0.00000823,0.00000659,0.00000389,0.00000110
8.054000,0.00190200,0.00001102,0.00000823,0.00000659,0.00000389,0.00000110
8.056000,0.00190300,0.00001102,0.00000823,0.00000659,0.00000389,0.00000110
8.058000,0.00190300,0.00001102,0.00000823,0.00000659,0.00000389,0.00000110
8.059999,0.00190400,0.00001102,0.00000823,0.00000659,0.00000389,0.00000110
8.061999,0.00190400,0.00001102,0.00000823,0.00000660,0.00000389,0.00000110
8.063999,0.00190500,0.00001102,0.00000823,0.00000660,0.00000389,0.00000110
8.065999,0.00190600,0.00001102,0.00000823,0.00000660,0.00000389,0.00000110
8.067999,0.00190600,0.00001102,0.00000823,0.00000660,0.00000389,0.00000110
8.069999,0.00190700,0.00001102,0.00000823,0.00000660,0.00000389,0.00000110
8.072000,0.00190700,0.00001102,0.00000823,0.00000660,0.00000389,0.00000110
8.073999,0.00190800,0.00001102,0.00000823,0.00000660,0.00000389,0.00000110
8.075999,0.00190800,0.00001102,0.00000823,0.00000660,0.00000389,0.00000110
8.077999,0.00190900,0.00001102,0.00000823,0.00000660,0.00000389,0.00000110
8.080000,0.00191000,0.00001103,0.00000823,0.00000660,0.00000389,0.00000110
8.082000,0.00191000,0.00001103,0.00000823,0.00000660,0.00000389,0.00000110
8.084000,0.00191100,0.00001103,0.00000824,0.00000660,0.00000389,0.00000110
8.085999,0.00191100,0.00001103,0.00000824,0.00000660,0.00000389,0.00000110
8.087999,0.00191200,0.00001103,0.00000824,0.00000660,0.00000389,0.00000110
8.090000,0.00191300,0.00001103,0.00000824,0.00000660,0.00000389,0.00000110
8.092000,0.00191300,0.00001103,0.00000824,0.00000660,0.00000390,0.00000110
8.094000,0.00191400,0.00001103,0.00000824,0.00000660,0.00000390,0.00000110
8.096000,0.00191400,0.00001103,0.00000824,0.00000660,0.00000390,0.00000110
8.098000,0.00191500,0.00001103,0.00000824,0.00000660,0.00000390,0.00000110
8.099999,0.00191600,0.00001103,0.00000824,0.00000660,0.00000390,0.00000110
8.101999,0.00191600,0.00001103,0.00000824,0.00000660,0.00000390,0.00000110
8.103999,0.00191700,0.00001103,0.00000824,0.00000660,0.00000390,0.00000110
8.105999,0.00191700,0.00001103,0.00000824,0.00000660,0.00000390,0.00000110
8.107999,0.00191800,0.00001104,0.00000824,0.00000660,0.00000390,0.00000110
8.110000,0.00191900,0.00001104,0.00000824,0.00000660,0.00000390,0.00000110
8.112000,0.00191900,0.00001104,0.00000824,0.00000660,0.00000390,0.00000110
8.113999,0.00192000,0.00001104,0.00000824,0.00000661,0.00000390,0.00000110
8.115999,0.00192000,0.00001104,0.00000824,0.00000661,0.00000390,0.00000110
8.117999,0.00192100,0.00001104,0.00000824,0.00000661,0.00000390,0.00000110
8.120000,0.00192100,0.00001104,0.00000824,0.00000661,0.00000390,0.00000110
8.122000,0.00192200,0.00001104,0.00000824,0.00000661,0.00000390,0.00000110
8.124000,0.00192300,0.00001104,0.00000825,0.00000661,0.00000390,0.00000110
8.125999,0.00192300,0.00001104,0.00000825,0.00000661,0.00000390,0.00000110
8.127999,0.00192400,0.00001104,0.00000825,0.00000661,0.00000390,0.00000110
8.130000,0.00192400,0.00001104,0.00000825,0.00000661,0.00000390,0.00000110
8.132000,0.00192500,0.00001104,0.00000825,0.00000661,0.00000390,0.00000110
8.134000,0.00192600,0.00001104,0.00000825,0.00000661,0.00000390,0.00000110
8.136000,0.00192600,0.00001104,0.00000825,0.00000661,0.00000390,0.00000110
8.137999,0.00192700,0.00001105,0.00000825,0.00000661,0.00000390,0.00000110
8.139999,0.00192700,0.00001105,0.00000825,0.00000661,0.00000390,0.00000110
8.141999,0.00192800,0.00001105,0.00000825,0.00000661,0.00000390,0.00000110
8.143999,0.00192900,0.00001105,0.00000825,0.00000661,0.00000390,0.00000110
8.145999,0.00192900,0.00001105,0.00000825,0.00000661,0.00000390,0.00000110
8.147999,0.00193000,0.00001105,0.00000825,0.00000661,0.00000390,0.00000110
8.150000,0.00193000,0.00001105,0.00000825,0.00000661,0.00000390,0.00000110
8.151999,0.00193100,0.00001105,0.00000825,0.00000661,0.00000390,0.00000110
8.153999,0.00193200,0.00001105,0.00000825,0.00000661,0.00000390,0.00000110
8.155999,0.00193200,0.00001105,0.00000825,0.00000661,0.00000390,0.00000110
8.158000,0.00193300,0.00001105,0.00000825,0.00000661,0.00000390,0.00000110
8.160000,0.00193300,0.00001105,0.00000825,0.00000661,0.00000390,0.00000110
8.162000,0.00193400,0.00001105,0.00000825,0.00000661,0.00000390,0.00000110
8.164000,0.00193500,0.00001105,0.00000826,0.00000661,0.00000390,0.00000110
8.165999,0.00193500,0.00001106,0.00000826,0.00000662,0.00000390,0.00000110
8.168000,0.00193600,0.00001106,0.00000826,0.00000662,0.00000390,0.00000110
8.170000,0.00193600,0.00001106,0.00000826,0.00000662,0.00000390,0.00000110
8.171999,0.00193700,0.00001106,0.00000826,0.00000662,0.00000390,0.00000110
8.173999,0.00193800,0.00001106,0.00000826,0.00000662,0.00000390,0.00000110
8.175999,0.00193800,0.00001106,0.00000826,0.00000662,0.00000390,0.00000110
8.177999,0.00193900,0.00001106,0.00000826,0.00000662,0.00000390,0.00000110
8.179999,0.00193900,0.00001106,0.00000826,0.00000662,0.00000390,0.00000110
8.181999,0.00194000,0.00001106,0.00000826,0.00000662,0.00000390,0.00000110
8.183999,0.00194100,0.00001106,0.00000826,0.00000662,0.00000391,0.00000110
8.185999,0.00194100,0.00001106,0.00000826,0.00000662,0.00000391,0.00000110
8.188000,0.00194200,0.00001106,0.00000826,0.00000662,0.00000391,0.00000110
8.190000,0.00194200,0.00001106,0.00000826,0.00000662,0.00000391,0.00000110
8.191999,0.00194300,0.00001106,0.00000826,0.00000662,0.00000391,0.00000110
8.193999,0.00194400,0.00001106,0.00000826,0.00000662,0.00000391,0.00000110
8.195999,0.00194400,0.00001107,0.00000826,0.00000662,0.00000391,0.00000110
8.198000,0.00194500,0.00001107,0.00000826,0.00000662,0.00000391,0.00000110
8.200000,0.00194500,0.00001107,0.00000826,0.00000662,0.00000391,0.00000110
8.202000,0.00194600,0.00001107,0.00000826,0.00000662,0.00000391,0.00000110
8.204000,0.00194700,0.00001107,0.00000827,0.00000662,0.00000391,0.00000110
8.205999,0.00194700,0.00001107,0.00000827,0.00000662,0.00000391,0.00000110
8.207999,0.00194800,0.00001107,0.00000827,0.00000662,0.00000391,0.00000110
8.209999,0.00194800,0.00001107,0.00000827,0.00000662,0.00000391,0.00000110
8.211999,0.00194900,0.00001107,0.00000827,0.00000662,0.00000391,0.00000110
8.213999,0.00195000,0.00001107,0.00000827,0.00000662,0.00000391,0.00000110
8.215999,0.00195000,0.00001107,0.00000827,0.00000662,0.00000391,0.00000110
8.217999,0.00195100,0.00001107,0.00000827,0.00000663,0.00000391,0.00000110
8.219999,0.00195100,0.00001107,0.00000827,0.00000663,0.00000391,0.00000110
8.221999,0.00195200,0.00001107,0.00000827,0.00000663,0.00000391,0.00000110
8.223999,0.00195300,0.00001108,0.00000827,0.00000663,0.00000391,0.00000110
8.225999,0.00195300,0.00001108,0.00000827,0.00000663,0.00000391,0.00000110
8.228000,0.00195400,0.00001108,0.00000827,0.00000663,0.00000391,0.00000110
8.230000,0.00195400,0.00001108,0.00000827,0.00000663,0.00000391,0.00000110
8.231999,0.00195500,0.00001108,0.00000827,0.00000663,0.00000391,0.00000110
8.233999,0.00195600,0.00001108,0.00000827,0.00000663,0.00000391,0.00000110
8.236000,0.00195600,0.00001108,0.00000827,0.00000663,0.00000391,0.00000110
8.238000,0.00195700,0.00001108,0.00000827,0.00000663,0.00000391,0.00000110
8.240000,0.00195800,0.00001108,0.00000827,0.00000663,0.00000391,0.00000110
8.242000,0.00195800,0.00001108,0.00000827,0.00000663,0.00000391,0.00000110
8.243999,0.00195900,0.00001108,0.00000828,0.00000663,0.00000391,0.00000110
8.245999,0.00195900,0.00001108,0.00000828,0.00000663,0.00000391,0.00000110
8.247999,0.00196000,0.00001108,0.00000828,0.00000663,0.00000391,0.00000110
8.249999,0.00196100,0.00001108,0.00000828,0.00000663,0.00000391,0.00000110
8.251999,0.00196100,0.00001109,0.00000828,0.00000663,0.00000391,0.00000110
8.253999,0.00196200,0.00001109,0.00000828,0.00000663,0.00000391,0.00000110
8.256000,0.00196200,0.00001109,0.00000828,0.00000663,0.00000391,0.00000110
8.257999,0.00196300,0.00001109,0.00000828,0.00000663,0.00000391,0.00000110
8.259999,0.00196400,0.00001109,0.00000828,0.00000663,0.00000391,0.00000110
8.261999,0.00196400,0.00001109,0.00000828,0.00000663,0.00000391,0.00000110
8.263999,0.00196500,0.00001109,0.00000828,0.00000663,0.00000391,0.00000110
8.266000,0.00196500,0.00001109,0.00000828,0.00000663,0.00000391,0.00000110
8.268000,0.00196600,0.00001109,0.00000828,0.00000664,0.00000391,0.00000110
8.270000,0.00196700,0.00001109,0.00000828,0.00000664,0.00000391,0.00000110
8.271999,0.00196700,0.00001109,0.00000828,0.00000664,0.00000391,0.00000110
8.273999,0.00196800,0.00001109,0.00000828,0.00000664,0.00000392,0.00000110
8.276000,0.00196900,0.00001109,0.00000828,0.00000664,0.00000392,0.00000110
8.278000,0.00196900,0.00001109,0.00000828,0.00000664,0.00000392,0.00000110
8.280000,0.00197000,0.00001109,0.00000828,0.00000664,0.00000392,0.00000110
8.282000,0.00197000,0.00001110,0.00000828,0.00000664,0.00000392,0.00000110
8.283999,0.00197100,0.00001110,0.00000829,0.00000664,0.00000392,0.00000110
8.285999,0.00197200,0.00001110,0.00000829,0.00000664,0.00000392,0.00000110
8.287999,0.00197200,0.00001110,0.00000829,0.00000664,0.00000392,0.00000110
8.289999,0.00197300,0.00001110,0.00000829,0.00000664,0.00000392,0.00000110
8.291999,0.00197300,0.00001110,0.00000829,0.00000664,0.00000392,0.00000110
8.293999,0.00197400,0.00001110,0.00000829,0.00000664,0.00000392,0.00000110
8.296000,0.00197500,0.00001110,0.00000829,0.00000664,0.00000392,0.00000110
8.297999,0.00197500,0.00001110,0.00000829,0.00000664,0.00000392,0.00000110
8.299999,0.00197600,0.00001110,0.00000829,0.00000664,0.00000392,0.00000110
8.301999,0.00197700,0.00001110,0.00000829,0.00000664,0.00000392,0.00000110
8.303999,0.00197700,0.00001110,0.00000829,0.00000664,0.00000392,0.00000110
8.306000,0.00197800,0.00001110,0.00000829,0.00000664,0.00000392,0.00000110
8.308000,0.00197800,0.00001110,0.00000829,0.00000664,0.00000392,0.00000110
8.309999,0.00197900,0.00001111,0.00000829,0.00000664,0.00000392,0.00000110
8.311999,0.00198000,0.00001111,0.00000829,0.00000664,0.00000392,0.00000110
8.314000,0.00198000,0.00001111,0.00000829,0.00000664,0.00000392,0.00000110
8.316000,0.00198100,0.00001111,0.00000829,0.00000664,0.00000392,0.00000110
8.318000,0.00198200,0.00001111,0.00000829,0.00000664,0.00000392,0.00000110
8.320000,0.00198200,0.00001111,0.00000829,0.00000665,0.00000392,0.00000110
8.322000,0.00198300,0.00001111,0.00000829,0.00000665,0.00000392,0.00000111
8.323999,0.00198300,0.00001111,0.00000830,0.00000665,0.00000392,0.00000111
8.325999,0.00198400,0.00001111,0.00000830,0.00000665,0.00000392,0.00000111
8.327999,0.00198500,0.00001111,0.00000830,0.00000665,0.00000392,0.00000111
8.329999,0.00198500,0.00001111,0.00000830,0.00000665,0.00000392,0.00000111
8.331999,0.00198600,0.00001111,0.00000830,0.00000665,0.00000392,0.00000111
8.334000,0.00198700,0.00001111,0.00000830,0.00000665,0.00000392,0.00000111
8.335999,0.00198700,0.00001111,0.00000830,0.00000665,0.00000392,0.00000111
8.337999,0.00198800,0.00001112,0.00000830,0.00000665,0.00000392,0.00000111
8.339999,0.00198800,0.00001112,0.00000830,0.00000665,0.00000392,0.00000111
8.341999,0.00198900,0.00001112,0.00000830,0.00000665,0.00000392,0.00000111
8.344000,0.00199000,0.00001112,0.00000830,0.00000665,0.00000392,0.00000111
8.346000,0.00199000,0.00001112,0.00000830,0.00000665,0.00000392,0.00000111
8.348000,0.00199100,0.00001112,0.00000830,0.00000665,0.00000392,0.00000111
8.349999,0.00199200,0.00001112,0.00000830,0.00000665,0.00000392,0.00000111
8.351999,0.00199200,0.00001112,0.00000830,0.00000665,0.00000392,0.00000111
8.354000,0.00199300,0.00001112,0.00000830,0.00000665,0.00000392,0.00000111
8.356000,0.00199300,0.00001112,0.00000830,0.00000665,0.00000392,0.00000111
8.358000,0.00199400,0.00001112,0.00000830,0.00000665,0.00000392,0.00000111
8.360000,0.00199500,0.00001112,0.00000830,0.00000665,0.00000392,0.00000111
8.361999,0.00199500,0.00001112,0.00000830,0.00000665,0.00000392,0.00000111
8.363999,0.00199600,0.00001112,0.00000831,0.00000665,0.00000393,0.00000111
8.365999,0.00199700,0.00001113,0.00000831,0.00000665,0.00000393,0.00000111
8.367999,0.00199700,0.00001113,0.00000831,0.00000665,0.00000393,0.00000111
8.369999,0.00199800,0.00001113,0.00000831,0.00000665,0.00000393,0.00000111
8.371999,0.00199800,0.00001113,0.00000831,0.00000666,0.00000393,0.00000111
8.374000,0.00199900,0.00001113,0.00000831,0.00000666,0.00000393,0.00000111
8.375999,0.00200000,0.00001113,0.00000831,0.00000666,0.00000393,0.00000111
8.377999,0.00200000,0.00001113,0.00000831,0.00000666,0.00000393,0.00000111
8.379999,0.00200100,0.00001113,0.00000831,0.00000666,0.00000393,0.00000111
8.382000,0.00200200,0.00001113,0.00000831,0.00000666,0.00000393,0.00000111
8.384000,0.00200200,0.00001113,0.00000831,0.00000666,0.00000393,0.00000111
8.386000,0.00200300,0.00001113,0.00000831,0.00000666,0.00000393,0.00000111
8.388000,0.00200400,0.00001113,0.00000831,0.00000666,0.00000393,0.00000111
8.389999,0.00200400,0.00001113,0.00000831,0.00000666,0.00000393,0.00000111
8.392000,0.00200500,0.00001113,0.00000831,0.00000666,0.00000393,0.00000111
8.394000,0.00200500,0.00001113,0.00000831,0.00000666,0.00000393,0.00000111
8.396000,0.00200600,0.00001114,0.00000831,0.00000666,0.00000393,0.00000111
8.397999,0.00200700,0.00001114,0.00000831,0.00000666,0.00000393,0.00000111
8.399999,0.00200700,0.00001114,0.00000831,0.00000666,0.00000393,0.00000111
8.401999,0.00200800,0.00001114,0.00000831,0.00000666,0.00000393,0.00000111
8.403999,0.00200900,0.00001114,0.00000832,0.00000666,0.00000393,0.00000111
8.405999,0.00200900,0.00001114,0.00000832,0.00000666,0.00000393,0.00000111
8.407999,0.00201000,0.00001114,0.00000832,0.00000666,0.00000393,0.00000111
8.409999,0.00201000,0.00001114,0.00000832,0.00000666,0.00000393,0.00000111
8.412000,0.00201100,0.00001114,0.00000832,0.00000666,0.00000393,0.00000111
8.414000,0.00201200,0.00001114,0.00000832,0.00000666,0.00000393,0.00000111
8.415999,0.00201200,0.00001114,0.00000832,0.00000666,0.00000393,0.00000111
8.417999,0.00201300,0.00001114,0.00000832,0.00000666,0.00000393,0.00000111
8.419999,0.00201400,0.00001114,0.00000832,0.00000666,0.00000393,0.00000111
8.422000,0.00201400,0.00001114,0.00000832,0.00000667,0.00000393,0.00000111
8.424000,0.00201500,0.00001115,0.00000832,0.00000667,0.00000393,0.00000111
8.426000,0.00201600,0.00001115,0.00000832,0.00000667,0.00000393,0.00000111
8.427999,0.00201600,0.00001115,0.00000832,0.00000667,0.00000393,0.00000111
8.429999,0.00201700,0.00001115,0.00000832,0.00000667,0.00000393,0.00000111
8.432000,0.00201800,0.00001115,0.00000832,0.00000667,0.00000393,0.00000111
8.433999,0.00201800,0.00001115,0.00000832,0.00000667,0.00000393,0.00000111
8.435999,0.00201900,0.00001115,0.00000832,0.00000667,0.00000393,0.00000111
8.437999,0.00201900,0.00001115,0.00000832,0.00000667,0.00000393,0.00000111
8.439999,0.00202000,0.00001115,0.00000832,0.00000667,0.00000393,0.00000111
8.441999,0.00202100,0.00001115,0.00000832,0.00000667,0.00000393,0.00000111
8.443999,0.00202100,0.00001115,0.00000833,0.00000667,0.00000393,0.00000111
8.445999,0.00202200,0.00001115,0.00000833,0.00000667,0.00000393,0.00000111
8.447999,0.00202300,0.00001115,0.00000833,0.00000667,0.00000393,0.00000111
8.449999,0.00202300,0.00001115,0.00000833,0.00000667,0.00000393,0.00000111
8.452000,0.00202400,0.00001116,0.00000833,0.00000667,0.00000393,0.00000111
8.454000,0.00202500,0.00001116,0.00000833,0.00000667,0.00000394,0.00000111
8.455999,0.00202500,0.00001116,0.00000833,0.00000667,0.00000394,0.00000111
8.457999,0.00202600,0.00001116,0.00000833,0.00000667,0.00000394,0.00000111
8.460000,0.00202600,0.00001116,0.00000833,0.00000667,0.00000394,0.00000111
8.462000,0.00202700,0.00001116,0.00000833,0.00000667,0.00000394,0.00000111
8.464000,0.00202800,0.00001116,0.00000833,0.00000667,0.00000394,0.00000111
8.466000,0.00202800,0.00001116,0.00000833,0.00000667,0.00000394,0.00000111
8.467999,0.00202900,0.00001116,0.00000833,0.00000667,0.00000394,0.00000111
8.469999,0.00203000,0.00001116,0.00000833,0.00000667,0.00000394,0.00000111
8.471999,0.00203000,0.00001116,0.00000833,0.00000667,0.00000394,0.00000111
8.473999,0.00203100,0.00001116,0.00000833,0.00000668,0.00000394,0.00000111
8.475999,0.00203200,0.00001116,0.00000833,0.00000668,0.00000394,0.00000111
8.477999,0.00203200,0.00001116,0.00000833,0.00000668,0.00000394,0.00000111
8.480000,0.00203300,0.00001117,0.00000833,0.00000668,0.00000394,0.00000111
8.481999,0.00203400,0.00001117,0.00000833,0.00000668,0.00000394,0.00000111
8.483999,0.00203400,0.00001117,0.00000834,0.00000668,0.00000394,0.00000111
8.485999,0.00203500,0.00001117,0.00000834,0.00000668,0.00000394,0.00000111
8.487999,0.00203600,0.00001117,0.00000834,0.00000668,0.00000394,0.00000111
8.490000,0.00203600,0.00001117,0.00000834,0.00000668,0.00000394,0.00000111
8.492000,0.00203700,0.00001117,0.00000834,0.00000668,0.00000394,0.00000111
8.493999,0.00203700,0.00001117,0.00000834,0.00000668,0.00000394,0.00000111
8.495999,0.00203800,0.00001117,0.00000834,0.00000668,0.00000394,0.00000111
8.497999,0.00203900,0.00001117,0.00000834,0.00000668,0.00000394,0.00000111
8.500000,0.00203900,0.00001117,0.00000834,0.00000668,0.00000394,0.00000111
8.502000,0.00204000,0.00001117,0.00000834,0.00000668,0.00000394,0.00000111
8.504000,0.00204100,0.00001117,0.00000834,0.00000668,0.00000394,0.00000111
8.506000,0.00204100,0.00001117,0.00000834,0.00000668,0.00000394,0.00000111
8.507999,0.00204200,0.00001118,0.00000834,0.00000668,0.00000394,0.00000111
8.509999,0.00204300,0.00001118,0.00000834,0.00000668,0.00000394,0.00000111
8.511999,0.00204300,0.00001118,0.00000834,0.00000668,0.00000394,0.00000111
8.513999,0.00204400,0.00001118,0.00000834,0.00000668,0.00000394,0.00000111
8.515999,0.00204500,0.00001118,0.00000834,0.00000668,0.00000394,0.00000111
8.517999,0.00204500,0.00001118,0.00000834,0.00000668,0.00000394,0.00000111
8.520000,0.00204600,0.00001118,0.00000834,0.00000668,0.00000394,0.00000111
8.521999,0.00204700,0.00001118,0.00000834,0.00000668,0.00000394,0.00000111
8.523999,0.00204700,0.00001118,0.00000835,0.00000669,0.00000394,0.00000111
8.525999,0.00204800,0.00001118,0.00000835,0.00000669,0.00000394,0.00000111
8.527999,0.00204900,0.00001118,0.00000835,0.00000669,0.00000394,0.00000111
8.530000,0.00204900,0.00001118,0.00000835,0.00000669,0.00000394,0.00000111
8.532000,0.00205000,0.00001118,0.00000835,0.00000669,0.00000394,0.00000111
8.533999,0.00205100,0.00001118,0.00000835,0.00000669,0.00000394,0.00000111
8.535999,0.00205100,0.00001119,0.00000835,0.00000669,0.00000394,0.00000111
8.538000,0.00205200,0.00001119,0.00000835,0.00000669,0.00000394,0.00000111
8.540000,0.00205300,0.00001119,0.00000835,0.00000669,0.00000394,0.00000111
8.542000,0.00205300,0.00001119,0.00000835,0.00000669,0.00000395,0.00000111
8.544000,0.00205400,0.00001119,0.00000835,0.00000669,0.00000395,0.00000111
8.546000,0.00205500,0.00001119,0.00000835,0.00000669,0.00000395,0.00000111
8.547999,0.00205500,0.00001119,0.00000835,0.00000669,0.00000395,0.00000111
8.549999,0.00205600,0.00001119,0.00000835,0.00000669,0.00000395,0.00000111
8.551999,0.00205600,0.00001119,0.00000835,0.00000669,0.00000395,0.00000111
8.553999,0.00205700,0.00001119,0.00000835,0.00000669,0.00000395,0.00000111
8.555999,0.00205800,0.00001119,0.00000835,0.00000669,0.00000395,0.00000111
8.558000,0.00205800,0.00001119,0.00000835,0.00000669,0.00000395,0.00000111
8.559999,0.00205900,0.00001119,0.00000835,0.00000669,0.00000395,0.00000111
8.561999,0.00206000,0.00001119,0.00000835,0.00000669,0.00000395,0.00000111
8.563999,0.00206000,0.00001120,0.00000836,0.00000669,0.00000395,0.00000111
8.565999,0.00206100,0.00001120,0.00000836,0.00000669,0.00000395,0.00000111
8.568000,0.00206200,0.00001120,0.00000836,0.00000669,0.00000395,0.00000111
8.570000,0.00206200,0.00001120,0.00000836,0.00000669,0.00000395,0.00000111
8.572000,0.00206300,0.00001120,0.00000836,0.00000669,0.00000395,0.00000111
8.573999,0.00206400,0.00001120,0.00000836,0.00000670,0.00000395,0.00000111
8.575999,0.00206400,0.00001120,0.00000836,0.00000670,0.00000395,0.00000111
8.578000,0.00206500,0.00001120,0.00000836,0.00000670,0.00000395,0.00000111
8.580000,0.00206600,0.00001120,0.00000836,0.00000670,0.00000395,0.00000111
8.582000,0.00206600,0.00001120,0.00000836,0.00000670,0.00000395,0.00000111
8.584000,0.00206700,0.00001120,0.00000836,0.00000670,0.00000395,0.00000111
8.585999,0.00206800,0.00001120,0.00000836,0.00000670,0.00000395,0.00000111
8.587999,0.00206800,0.00001120,0.00000836,0.00000670,0.00000395,0.00000111
8.589999,0.00206900,0.00001120,0.00000836,0.00000670,0.00000395,0.00000111
8.591999,0.00207000,0.00001121,0.00000836,0.00000670,0.00000395,0.00000111
8.593999,0.00207000,0.00001121,0.00000836,0.00000670,0.00000395,0.00000111
8.595999,0.00207100,0.00001121,0.00000836,0.00000670,0.00000395,0.00000111
8.598000,0.00207200,0.00001121,0.00000836,0.00000670,0.00000395,0.00000111
8.599999,0.00207200,0.00001121,0.00000836,0.00000670,0.00000395,0.00000111
8.601999,0.00207300,0.00001121,0.00000837,0.00000670,0.00000395,0.00000111
8.603999,0.00207400,0.00001121,0.00000837,0.00000670,0.00000395,0.00000111
8.606000,0.00207400,0.00001121,0.00000837,0.00000670,0.00000395,0.00000111
8.608000,0.00207500,0.00001121,0.00000837,0.00000670,0.00000395,0.00000111
8.610000,0.00207600,0.00001121,0.00000837,0.00000670,0.00000395,0.00000111
8.612000,0.00207600,0.00001121,0.00000837,0.00000670,0.00000395,0.00000111
8.613999,0.00207700,0.00001121,0.00000837,0.00000670,0.00000395,0.00000111
8.616000,0.00207800,0.00001121,0.00000837,0.00000670,0.00000395,0.00000111
8.618000,0.00207800,0.00001121,0.00000837,0.00000670,0.00000395,0.00000111
8.620000,0.00207900,0.00001121,0.00000837,0.00000670,0.00000395,0.00000111
8.621999,0.00208000,0.00001122,0.00000837,0.00000670,0.00000395,0.00000111
8.623999,0.00208000,0.00001122,0.00000837,0.00000670,0.00000395,0.00000111
8.625999,0.00208100,0.00001122,0.00000837,0.00000671,0.00000395,0.00000111
8.627999,0.00208200,0.00001122,0.00000837,0.00000671,0.00000395,0.00000111
8.629999,0.00208200,0.00001122,0.00000837,0.00000671,0.00000395,0.00000111
8.631999,0.00208300,0.00001122,0.00000837,0.00000671,0.00000396,0.00000111
8.633999,0.00208400,0.00001122,0.00000837,0.00000671,0.00000396,0.00000111
8.636000,0.00208400,0.00001122,0.00000837,0.00000671,0.00000396,0.00000111
8.638000,0.00208500,0.00001122,0.00000837,0.00000671,0.00000396,0.00000111
8.639999,0.00208600,0.00001122,0.00000837,0.00000671,0.00000396,0.00000111
8.641999,0.00208700,0.00001122,0.00000838,0.00000671,0.00000396,0.00000111
8.643999,0.00208700,0.00001122,0.00000838,0.00000671,0.00000396,0.00000111
8.646000,0.00208800,0.00001122,0.00000838,0.00000671,0.00000396,0.00000111
8.648000,0.00208900,0.00001122,0.00000838,0.00000671,0.00000396,0.00000111
8.650000,0.00208900,0.00001123,0.00000838,0.00000671,0.00000396,0.00000111
8.651999,0.00209000,0.00001123,0.00000838,0.00000671,0.00000396,0.00000111
8.653999,0.00209100,0.00001123,0.00000838,0.00000671,0.00000396,0.00000111
8.656000,0.00209100,0.00001123,0.00000838,0.00000671,0.00000396,0.00000111
8.657999,0.00209200,0.00001123,0.00000838,0.00000671,0.00000396,0.00000111
8.659999,0.00209300,0.00001123,0.00000838,0.00000671,0.00000396,0.00000112
8.661999,0.00209300,0.00001123,0.00000838,0.00000671,0.00000396,0.00000112
8.663999,0.00209400,0.00001123,0.00000838,0.00000671,0.00000396,0.00000112
8.665999,0.00209500,0.00001123,0.00000838,0.00000671,0.00000396,0.00000112
8.667999,0.00209500,0.00001123,0.00000838,0.00000671,0.00000396,0.00000112
8.669999,0.00209600,0.00001123,0.00000838,0.00000671,0.00000396,0.00000112
8.671999,0.00209700,0.00001123,0.00000838,0.00000671,0.00000396,0.00000112
8.673999,0.00209700,0.00001123,0.00000838,0.00000671,0.00000396,0.00000112
8.676000,0.00209800,0.00001123,0.00000838,0.00000672,0.00000396,0.00000112
8.677999,0.00209900,0.00001124,0.00000838,0.00000672,0.00000396,0.00000112
8.679999,0.00209900,0.00001124,0.00000838,0.00000672,0.00000396,0.00000112
8.681999,0.00210000,0.00001124,0.00000839,0.00000672,0.00000396,0.00000112
8.684000,0.00210100,0.00001124,0.00000839,0.00000672,0.00000396,0.00000112
8.686000,0.00210100,0.00001124,0.00000839,0.00000672,0.00000396,0.00000112
8.688000,0.00210200,0.00001124,0.00000839,0.00000672,0.00000396,0.00000112
8.690000,0.00210300,0.00001124,0.00000839,0.00000672,0.00000396,0.00000112
8.691999,0.00210300,0.00001124,0.00000839,0.00000672,0.00000396,0.00000112
8.693999,0.00210400,0.00001124,0.00000839,0.00000672,0.00000396,0.00000112
8.695999,0.00210500,0.00001124,0.00000839,0.00000672,0.00000396,0.00000112
8.697999,0.00210600,0.00001124,0.00000839,0.00000672,0.00000396,0.00000112
8.699999,0.00210600,0.00001124,0.00000839,0.00000672,0.00000396,0.00000112
8.701999,0.00210700,0.00001124,0.00000839,0.00000672,0.00000396,0.00000112
8.704000,0.00210800,0.00001124,0.00000839,0.00000672,0.00000396,0.00000112
8.705999,0.00210800,0.00001125,0.00000839,0.00000672,0.00000396,0.00000112
8.707999,0.00210900,0.00001125,0.00000839,0.00000672,0.00000396,0.00000112
8.709999,0.00211000,0.00001125,0.00000839,0.00000672,0.00000396,0.00000112
8.711999,0.00211000,0.00001125,0.00000839,0.00000672,0.00000396,0.00000112
8.714000,0.00211100,0.00001125,0.00000839,0.00000672,0.00000396,0.00000112
8.716000,0.00211200,0.00001125,0.00000839,0.00000672,0.00000396,0.00000112
8.717999,0.00211200,0.00001125,0.00000839,0.00000672,0.00000396,0.00000112
8.719999,0.00211300,0.00001125,0.00000839,0.00000672,0.00000397,0.00000112
8.721999,0.00211400,0.00001125,0.00000840,0.00000672,0.00000397,0.00000112
8.724000,0.00211400,0.00001125,0.00000840,0.00000672,0.00000397,0.00000112
8.726000,0.00211500,0.00001125,0.00000840,0.00000673,0.00000397,0.00000112
8.728000,0.00211600,0.00001125,0.00000840,0.00000673,0.00000397,0.00000112
8.730000,0.00211700,0.00001125,0.00000840,0.00000673,0.00000397,0.00000112
8.731999,0.00211700,0.00001125,0.00000840,0.00000673,0.00000397,0.00000112
8.733999,0.00211800,0.00001126,0.00000840,0.00000673,0.00000397,0.00000112
8.735999,0.00211900,0.00001126,0.00000840,0.00000673,0.00000397,0.00000112
8.737999,0.00211900,0.00001126,0.00000840,0.00000673,0.00000397,0.00000112
8.739999,0.00212000,0.00001126,0.00000840,0.00000673,0.00000397,0.00000112
8.741999,0.00212100,0.00001126,0.00000840,0.00000673,0.00000397,0.00000112
8.743999,0.00212100,0.00001126,0.00000840,0.00000673,0.00000397,0.00000112
8.745999,0.00212200,0.00001126,0.00000840,0.00000673,0.00000397,0.00000112
8.747999,0.00212300,0.00001126,0.00000840,0.00000673,0.00000397,0.00000112
8.749999,0.00212300,0.00001126,0.00000840,0.00000673,0.00000397,0.00000112
8.751999,0.00212400,0.00001126,0.00000840,0.00000673,0.00000397,0.00000112
8.754000,0.00212500,0.00001126,0.00000840,0.00000673,0.00000397,0.00000112
8.756000,0.00212600,0.00001126,0.00000840,0.00000673,0.00000397,0.00000112
8.757999,0.00212600,0.00001126,0.00000840,0.00000673,0.00000397,0.00000112
8.759999,0.00212700,0.00001126,0.00000841,0.00000673,0.00000397,0.00000112
8.762000,0.00212800,0.00001127,0.00000841,0.00000673,0.00000397,0.00000112
8.764000,0.00212800,0.00001127,0.00000841,0.00000673,0.00000397,0.00000112
8.766000,0.00212900,0.00001127,0.00000841,0.00000673,0.00000397,0.00000112
8.768000,0.00213000,0.00001127,0.00000841,0.00000673,0.00000397,0.00000112
8.770000,0.00213000,0.00001127,0.00000841,0.00000673,0.00000397,0.00000112
8.771999,0.00213100,0.00001127,0.00000841,0.00000673,0.00000397,0.00000112
8.773999,0.00213200,0.00001127,0.00000841,0.00000673,0.00000397,0.00000112
8.775999,0.00213300,0.00001127,0.00000841,0.00000674,0.00000397,0.00000112
8.777999,0.00213300,0.00001127,0.00000841,0.00000674,0.00000397,0.00000112
8.779999,0.00213400,0.00001127,0.00000841,0.00000674,0.00000397,0.00000112
8.782000,0.00213500,0.00001127,0.00000841,0.00000674,0.00000397,0.00000112
8.783999,0.00213500,0.00001127,0.00000841,0.00000674,0.00000397,0.00000112
8.785999,0.00213600,0.00001127,0.00000841,0.00000674,0.00000397,0.00000112
8.787999,0.00213700,0.00001127,0.00000841,0.00000674,0.00000397,0.00000112
8.789999,0.00213700,0.00001128,0.00000841,0.00000674,0.00000397,0.00000112
8.792000,0.00213800,0.00001128,0.00000841,0.00000674,0.00000397,0.00000112
8.794000,0.00213900,0.00001128,0.00000841,0.00000674,0.00000397,0.00000112
8.796000,0.00214000,0.00001128,0.00000841,0.00000674,0.00000397,0.00000112
8.797999,0.00214000,0.00001128,0.00000841,0.00000674,0.00000397,0.00000112
8.799999,0.00214100,0.00001128,0.00000842,0.00000674,0.00000397,0.00000112
8.802000,0.00214200,0.00001128,0.00000842,0.00000674,0.00000397,0.00000112
8.804000,0.00214200,0.00001128,0.00000842,0.00000674,0.00000397,0.00000112
8.806000,0.00214300,0.00001128,0.00000842,0.00000674,0.00000397,0.00000112
8.808000,0.00214400,0.00001128,0.00000842,0.00000674,0.00000398,0.00000112
8.809999,0.00214400,0.00001128,0.00000842,0.00000674,0.00000398,0.00000112
8.811999,0.00214500,0.00001128,0.00000842,0.00000674,0.00000398,0.00000112
8.813999,0.00214600,0.00001128,0.00000842,0.00000674,0.00000398,0.00000112
8.815999,0.00214700,0.00001128,0.00000842,0.00000674,0.00000398,0.00000112
8.817999,0.00214700,0.00001129,0.00000842,0.00000674,0.00000398,0.00000112
8.819999,0.00214800,0.00001129,0.00000842,0.00000674,0.00000398,0.00000112
8.822000,0.00214900,0.00001129,0.00000842,0.00000674,0.00000398,0.00000112
8.823999,0.00214900,0.00001129,0.00000842,0.00000674,0.00000398,0.00000112
8.825999,0.00215000,0.00001129,0.00000842,0.00000675,0.00000398,0.00000112
8.827999,0.00215100,0.00001129,0.00000842,0.00000675,0.00000398,0.00000112
8.829999,0.00215100,0.00001129,0.00000842,0.00000675,0.00000398,0.00000112
8.832000,0.00215200,0.00001129,0.00000842,0.00000675,0.00000398,0.00000112
8.834000,0.00215300,0.00001129,0.00000842,0.00000675,0.00000398,0.00000112
8.835999,0.00215400,0.00001129,0.00000842,0.00000675,0.00000398,0.00000112
8.837999,0.00215400,0.00001129,0.00000843,0.00000675,0.00000398,0.00000112
8.840000,0.00215500,0.00001129,0.00000843,0.00000675,0.00000398,0.00000112
8.842000,0.00215600,0.00001129,0.00000843,0.00000675,0.00000398,0.00000112
8.844000,0.00215600,0.00001130,0.00000843,0.00000675,0.00000398,0.00000112
8.846000,0.00215700,0.00001130,0.00000843,0.00000675,0.00000398,0.00000112
8.847999,0.00215800,0.00001130,0.00000843,0.00000675,0.00000398,0.00000112
8.849999,0.00215900,0.00001130,0.00000843,0.00000675,0.00000398,0.00000112
8.851999,0.00215900,0.00001130,0.00000843,0.00000675,0.00000398,0.00000112
8.853999,0.00216000,0.00001130,0.00000843,0.00000675,0.00000398,0.00000112
8.855999,0.00216100,0.00001130,0.00000843,0.00000675,0.00000398,0.00000112
8.857999,0.00216100,0.00001130,0.00000843,0.00000675,0.00000398,0.00000112
8.860000,0.00216200,0.00001130,0.00000843,0.00000675,0.00000398,0.00000112
8.862000,0.00216300,0.00001130,0.00000843,0.00000675,0.00000398,0.00000112
8.863999,0.00216400,0.00001130,0.00000843,0.00000675,0.00000398,0.00000112
8.865999,0.00216400,0.00001130,0.00000843,0.00000675,0.00000398,0.00000112
8.867999,0.00216500,0.00001130,0.00000843,0.00000675,0.00000398,0.00000112
8.870000,0.00216600,0.00001130,0.00000843,0.00000675,0.00000398,0.00000112
8.872000,0.00216600,0.00001131,0.00000843,0.00000675,0.00000398,0.00000112
8.874000,0.00216700,0.00001131,0.00000843,0.00000675,0.00000398,0.00000112
8.875999,0.00216800,0.00001131,0.00000843,0.00000676,0.00000398,0.00000112
8.877999,0.00216900,0.00001131,0.00000844,0.00000676,0.00000398,0.00000112
8.880000,0.00216900,0.00001131,0.00000844,0.00000676,0.00000398,0.00000112
8.882000,0.00217000,0.00001131,0.00000844,0.00000676,0.00000398,0.00000112
8.883999,0.00217100,0.00001131,0.00000844,0.00000676,0.00000398,0.00000112
8.885999,0.00217100,0.00001131,0.00000844,0.00000676,0.00000398,0.00000112
8.887999,0.00217200,0.00001131,0.00000844,0.00000676,0.00000398,0.00000112
8.889999,0.00217300,0.00001131,0.00000844,0.00000676,0.00000398,0.00000112
8.891999,0.00217400,0.00001131,0.00000844,0.00000676,0.00000398,0.00000112
8.893999,0.00217400,0.00001131,0.00000844,0.00000676,0.00000398,0.00000112
8.895999,0.00217500,0.00001131,0.00000844,0.00000676,0.00000399,0.00000112
8.897999,0.00217600,0.00001131,0.00000844,0.00000676,0.00000399,0.00000112
8.900000,0.00217700,0.00001132,0.00000844,0.00000676,0.00000399,0.00000112
8.901999,0.00217700,0.00001132,0.00000844,0.00000676,0.00000399,0.00000112
8.903999,0.00217800,0.00001132,0.00000844,0.00000676,0.00000399,0.00000112
8.905999,0.00217900,0.00001132,0.00000844,0.00000676,0.00000399,0.00000112
8.908000,0.00217900,0.00001132,0.00000844,0.00000676,0.00000399,0.00000112
8.910000,0.00218000,0.00001132,0.00000844,0.00000676,0.00000399,0.00000112
8.912000,0.00218100,0.00001132,0.00000844,0.00000676,0.00000399,0.00000112
8.914000,0.00218200,0.00001132,0.00000844,0.00000676,0.00000399,0.00000112
8.915999,0.00218200,0.00001132,0.00000845,0.00000676,0.00000399,0.00000112
8.917999,0.00218300,0.00001132,0.00000845,0.00000676,0.00000399,0.00000112
8.919999,0.00218400,0.00001132,0.00000845,0.00000676,0.00000399,0.00000112
8.921999,0.00218400,0.00001132,0.00000845,0.00000676,0.00000399,0.00000112
8.923999,0.00218500,0.00001132,0.00000845,0.00000676,0.00000399,0.00000112
8.925999,0.00218600,0.00001132,0.00000845,0.00000677,0.00000399,0.00000112
8.927999,0.00218700,0.00001133,0.00000845,0.00000677,0.00000399,0.00000112
8.929999,0.00218700,0.00001133,0.00000845,0.00000677,0.00000399,0.00000112
8.931999,0.00218800,0.00001133,0.00000845,0.00000677,0.00000399,0.00000112
8.933999,0.00218900,0.00001133,0.00000845,0.00000677,0.00000399,0.00000112
8.935999,0.00219000,0.00001133,0.00000845,0.00000677,0.00000399,0.00000112
8.938000,0.00219000,0.00001133,0.00000845,0.00000677,0.00000399,0.00000112
8.940000,0.00219100,0.00001133,0.00000845,0.00000677,0.00000399,0.00000112
8.941999,0.00219200,0.00001133,0.00000845,0.00000677,0.00000399,0.00000112
8.943999,0.00219200,0.00001133,0.00000845,0.00000677,0.00000399,0.00000112
8.945999,0.00219300,0.00001133,0.00000845,0.00000677,0.00000399,0.00000112
8.948000,0.00219400,0.00001133,0.00000845,0.00000677,0.00000399,0.00000112
8.950000,0.00219500,0.00001133,0.00000845,0.00000677,0.00000399,0.00000112
8.952000,0.00219500,0.00001133,0.00000845,0.00000677,0.00000399,0.00000112
8.954000,0.00219600,0.00001133,0.00000845,0.00000677,0.00000399,0.00000112
8.955999,0.00219700,0.00001134,0.00000846,0.00000677,0.00000399,0.00000112
8.957999,0.00219800,0.00001134,0.00000846,0.00000677,0.00000399,0.00000112
8.959999,0.00219800,0.00001134,0.00000846,0.00000677,0.00000399,0.00000112
8.961999,0.00219900,0.00001134,0.00000846,0.00000677,0.00000399,0.00000112
8.963999,0.00220000,0.00001134,0.00000846,0.00000677,0.00000399,0.00000112
8.965999,0.00220100,0.00001134,0.00000846,0.00000677,0.00000399,0.00000112
8.967999,0.00220100,0.00001134,0.00000846,0.00000677,0.00000399,0.00000112
8.969999,0.00220200,0.00001134,0.00000846,0.00000677,0.00000399,0.00000112
8.971999,0.00220300,0.00001134,0.00000846,0.00000677,0.00000399,0.00000112
8.973999,0.00220300,0.00001134,0.00000846,0.00000677,0.00000399,0.00000112
8.975999,0.00220400,0.00001134,0.00000846,0.00000678,0.00000399,0.00000112
8.978000,0.00220500,0.00001134,0.00000846,0.00000678,0.00000399,0.00000112
8.980000,0.00220600,0.00001134,0.00000846,0.00000678,0.00000399,0.00000112
8.981999,0.00220600,0.00001134,0.00000846,0.00000678,0.00000399,0.00000112
8.983999,0.00220700,0.00001135,0.00000846,0.00000678,0.00000400,0.00000112
8.986000,0.00220800,0.00001135,0.00000846,0.00000678,0.00000400,0.00000112
8.988000,0.00220900,0.00001135,0.00000846,0.00000678,0.00000400,0.00000112
8.990000,0.00220900,0.00001135,0.00000846,0.00000678,0.00000400,0.00000112
8.992000,0.00221000,0.00001135,0.00000846,0.00000678,0.00000400,0.00000112
8.993999,0.00221100,0.00001135,0.00000847,0.00000678,0.00000400,0.00000113
8.995999,0.00221200,0.00001135,0.00000847,0.00000678,0.00000400,0.00000113
8.997999,0.00221200,0.00001135,0.00000847,0.00000678,0.00000400,0.00000113
8.999999,0.00221300,0.00001135,0.00000847,0.00000678,0.00000400,0.00000113
9.001999,0.00221400,0.00001135,0.00000847,0.00000678,0.00000400,0.00000113
9.003999,0.00221500,0.00001135,0.00000847,0.00000678,0.00000400,0.00000113
9.006000,0.00221500,0.00001135,0.00000847,0.00000678,0.00000400,0.00000113
9.007999,0.00221600,0.00001135,0.00000847,0.00000678,0.00000400,0.00000113
9.009999,0.00221700,0.00001136,0.00000847,0.00000678,0.00000400,0.00000113
9.011999,0.00221800,0.00001136,0.00000847,0.00000678,0.00000400,0.00000113
9.013999,0.00221800,0.00001136,0.00000847,0.00000678,0.00000400,0.00000113
9.016000,0.00221900,0.00001136,0.00000847,0.00000678,0.00000400,0.00000113
9.018000,0.00222000,0.00001136,0.00000847,0.00000678,0.00000400,0.00000113
9.020000,0.00222100,0.00001136,0.00000847,0.00000678,0.00000400,0.00000113
9.021999,0.00222100,0.00001136,0.00000847,0.00000678,0.00000400,0.00000113
9.023999,0.00222200,0.00001136,0.00000847,0.00000678,0.00000400,0.00000113
9.026000,0.00222300,0.00001136,0.00000847,0.00000679,0.00000400,0.00000113
9.028000,0.00222300,0.00001136,0.00000847,0.00000679,0.00000400,0.00000113
9.030000,0.00222400,0.00001136,0.00000847,0.00000679,0.00000400,0.00000113
9.032000,0.00222500,0.00001136,0.00000847,0.00000679,0.00000400,0.00000113
9.033999,0.00222600,0.00001136,0.00000848,0.00000679,0.00000400,0.00000113
9.035999,0.00222600,0.00001136,0.00000848,0.00000679,0.00000400,0.00000113
9.037999,0.00222700,0.00001137,0.00000848,0.00000679,0.00000400,0.00000113
9.039999,0.00222800,0.00001137,0.00000848,0.00000679,0.00000400,0.00000113
9.041999,0.00222900,0.00001137,0.00000848,0.00000679,0.00000400,0.00000113
9.043999,0.00222900,0.00001137,0.00000848,0.00000679,0.00000400,0.00000113
9.046000,0.00223000,0.00001137,0.00000848,0.00000679,0.00000400,0.00000113
9.047999,0.00223100,0.00001137,0.00000848,0.00000679,0.00000400,0.00000113
9.049999,0.00223200,0.00001137,0.00000848,0.00000679,0.00000400,0.00000113
9.051999,0.00223200,0.00001137,0.00000848,0.00000679,0.00000400,0.00000113
9.053999,0.00223300,0.00001137,0.00000848,0.00000679,0.00000400,0.00000113
9.056000,0.00223400,0.00001137,0.00000848,0.00000679,0.00000400,0.00000113
9.058000,0.00223500,0.00001137,0.00000848,0.00000679,0.00000400,0.00000113
9.059999,0.00223500,0.00001137,0.00000848,0.00000679,0.00000400,0.00000113
9.061999,0.00223600,0.00001137,0.00000848,0.00000679,0.00000400,0.00000113
9.064000,0.00223700,0.00001137,0.00000848,0.00000679,0.00000400,0.00000113
9.066000,0.00223800,0.00001138,0.00000848,0.00000679,0.00000400,0.00000113
9.068000,0.00223800,0.00001138,0.00000848,0.00000679,0.00000400,0.00000113
9.070000,0.00223900,0.00001138,0.00000848,0.00000679,0.00000400,0.00000113
9.071999,0.00224000,0.00001138,0.00000849,0.00000679,0.00000401,0.00000113
9.073999,0.00224100,0.00001138,0.00000849,0.00000680,0.00000401,0.00000113
9.075999,0.00224200,0.00001138,0.00000849,0.00000680,0.00000401,0.00000113
9.077999,0.00224200,0.00001138,0.00000849,0.00000680,0.00000401,0.00000113
9.079999,0.00224300,0.00001138,0.00000849,0.00000680,0.00000401,0.00000113
9.081999,0.00224400,0.00001138,0.00000849,0.00000680,0.00000401,0.00000113
9.084000,0.00224500,0.00001138,0.00000849,0.00000680,0.00000401,0.00000113
9.085999,0.00224500,0.00001138,0.00000849,0.00000680,0.00000401,0.00000113
9.087999,0.00224600,0.00001138,0.00000849,0.00000680,0.00000401,0.00000113
9.089999,0.00224700,0.00001138,0.00000849,0.00000680,0.00000401,0.00000113
9.091999,0.00224800,0.00001138,0.00000849,0.00000680,0.00000401,0.00000113
9.094000,0.00224800,0.00001139,0.00000849,0.00000680,0.00000401,0.00000113
9.096000,0.00224900,0.00001139,0.00000849,0.00000680,0.00000401,0.00000113
9.098000,0.00225000,0.00001139,0.00000849,0.00000680,0.00000401,0.00000113
9.099999,0.00225100,0.00001139,0.00000849,0.00000680,0.00000401,0.00000113
9.101999,0.00225100,0.00001139,0.00000849,0.00000680,0.00000401,0.00000113
9.104000,0.00225200,0.00001139,0.00000849,0.00000680,0.00000401,0.00000113
9.106000,0.00225300,0.00001139,0.00000849,0.00000680,0.00000401,0.00000113
9.107999,0.00225400,0.00001139,0.00000849,0.00000680,0.00000401,0.00000113
9.109999,0.00225400,0.00001139,0.00000850,0.00000680,0.00000401,0.00000113
9.111999,0.00225500,0.00001139,0.00000850,0.00000680,0.00000401,0.00000113
9.113999,0.00225600,0.00001139,0.00000850,0.00000680,0.00000401,0.00000113
9.115999,0.00225700,0.00001139,0.00000850,0.00000680,0.00000401,0.00000113
9.117999,0.00225700,0.00001139,0.00000850,0.00000680,0.00000401,0.00000113
9.119999,0.00225800,0.00001140,0.00000850,0.00000680,0.00000401,0.00000113
9.121999,0.00225900,0.00001140,0.00000850,0.00000680,0.00000401,0.00000113
9.124000,0.00226000,0.00001140,0.00000850,0.00000681,0.00000401,0.00000113
9.125999,0.00226100,0.00001140,0.00000850,0.00000681,0.00000401,0.00000113
9.127999,0.00226100,0.00001140,0.00000850,0.00000681,0.00000401,0.00000113
9.129999,0.00226200,0.00001140,0.00000850,0.00000681,0.00000401,0.00000113
9.132000,0.00226300,0.00001140,0.00000850,0.00000681,0.00000401,0.00000113
9.134000,0.00226400,0.00001140,0.00000850,0.00000681,0.00000401,0.00000113
9.136000,0.00226400,0.00001140,0.00000850,0.00000681,0.00000401,0.00000113
9.138000,0.00226500,0.00001140,0.00000850,0.00000681,0.00000401,0.00000113
9.139999,0.00226600,0.00001140,0.00000850,0.00000681,0.00000401,0.00000113
9.142000,0.00226700,0.00001140,0.00000850,0.00000681,0.00000401,0.00000113
9.143999,0.00226700,0.00001140,0.00000850,0.00000681,0.00000401,0.00000113
9.145999,0.00226800,0.00001140,0.00000850,0.00000681,0.00000401,0.00000113
9.147999,0.00226900,0.00001141,0.00000850,0.00000681,0.00000401,0.00000113
9.149999,0.00227000,0.00001141,0.00000851,0.00000681,0.00000401,0.00000113
9.151999,0.00227100,0.00001141,0.00000851,0.00000681,0.00000401,0.00000113
9.153999,0.00227100,0.00001141,0.00000851,0.00000681,0.00000401,0.00000113
9.155999,0.00227200,0.00001141,0.00000851,0.00000681,0.00000401,0.00000113
9.157999,0.00227300,0.00001141,0.00000851,0.00000681,0.00000402,0.00000113
9.159999,0.00227400,0.00001141,0.00000851,0.00000681,0.00000402,0.00000113
9.162000,0.00227400,0.00001141,0.00000851,0.00000681,0.00000402,0.00000113
9.164000,0.00227500,0.00001141,0.00000851,0.00000681,0.00000402,0.00000113
9.165999,0.00227600,0.00001141,0.00000851,0.00000681,0.00000402,0.00000113
9.167999,0.00227700,0.00001141,0.00000851,0.00000681,0.00000402,0.00000113
9.169999,0.00227700,0.00001141,0.00000851,0.00000681,0.00000402,0.00000113
9.172000,0.00227800,0.00001141,0.00000851,0.00000681,0.00000402,0.00000113
9.174000,0.00227900,0.00001141,0.00000851,0.00000682,0.00000402,0.00000113
9.176000,0.00228000,0.00001142,0.00000851,0.00000682,0.00000402,0.00000113
9.177999,0.00228100,0.00001142,0.00000851,0.00000682,0.00000402,0.00000113
9.179999,0.00228100,0.00001142,0.00000851,0.00000682,0.00000402,0.00000113
9.181999,0.00228200,0.00001142,0.00000851,0.00000682,0.00000402,0.00000113
9.183999,0.00228300,0.00001142,0.00000851,0.00000682,0.00000402,0.00000113
9.185999,0.00228400,0.00001142,0.00000851,0.00000682,0.00000402,0.00000113
9.187999,0.00228400,0.00001142,0.00000852,0.00000682,0.00000402,0.00000113
9.189999,0.00228500,0.00001142,0.00000852,0.00000682,0.00000402,0.00000113
9.191999,0.00228600,0.00001142,0.00000852,0.00000682,0.00000402,0.00000113
9.193999,0.00228700,0.00001142,0.00000852,0.00000682,0.00000402,0.00000113
9.195999,0.00228800,0.00001142,0.00000852,0.00000682,0.00000402,0.00000113
9.197999,0.00228800,0.00001142,0.00000852,0.00000682,0.00000402,0.00000113
9.199999,0.00228900,0.00001142,0.00000852,0.00000682,0.00000402,0.00000113
9.202000,0.00229000,0.00001142,0.00000852,0.00000682,0.00000402,0.00000113
9.204000,0.00229100,0.00001143,0.00000852,0.00000682,0.00000402,0.00000113
9.205999,0.00229200,0.00001143,0.00000852,0.00000682,0.00000402,0.00000113
9.207999,0.00229200,0.00001143,0.00000852,0.00000682,0.00000402,0.00000113
9.210000,0.00229300,0.00001143,0.00000852,0.00000682,0.00000402,0.00000113
9.212000,0.00229400,0.00001143,0.00000852,0.00000682,0.00000402,0.00000113
9.214000,0.00229500,0.00001143,0.00000852,0.00000682,0.00000402,0.00000113
9.216000,0.00229500,0.00001143,0.00000852,0.00000682,0.00000402,0.00000113
9.217999,0.00229600,0.00001143,0.00000852,0.00000682,0.00000402,0.00000113
9.219999,0.00229700,0.00001143,0.00000852,0.00000682,0.00000402,0.00000113
9.221999,0.00229800,0.00001143,0.00000852,0.00000683,0.00000402,0.00000113
9.223999,0.00229900,0.00001143,0.00000852,0.00000683,0.00000402,0.00000113
9.225999,0.00229900,0.00001143,0.00000853,0.00000683,0.00000402,0.00000113
9.227999,0.00230000,0.00001143,0.00000853,0.00000683,0.00000402,0.00000113
9.230000,0.00230100,0.00001144,0.00000853,0.00000683,0.00000402,0.00000113
9.231999,0.00230200,0.00001144,0.00000853,0.00000683,0.00000402,0.00000113
9.233999,0.00230300,0.00001144,0.00000853,0.00000683,0.00000402,0.00000113
9.235999,0.00230300,0.00001144,0.00000853,0.00000683,0.00000402,0.00000113
9.237999,0.00230400,0.00001144,0.00000853,0.00000683,0.00000402,0.00000113
9.240000,0.00230500,0.00001144,0.00000853,0.00000683,0.00000402,0.00000113
9.242000,0.00230600,0.00001144,0.00000853,0.00000683,0.00000402,0.00000113
9.243999,0.00230600,0.00001144,0.00000853,0.00000683,0.00000403,0.00000113
9.245999,0.00230700,0.00001144,0.00000853,0.00000683,0.00000403,0.00000113
9.247999,0.00230800,0.00001144,0.00000853,0.00000683,0.00000403,0.00000113
9.250000,0.00230900,0.00001144,0.00000853,0.00000683,0.00000403,0.00000113
9.252000,0.00231000,0.00001144,0.00000853,0.00000683,0.00000403,0.00000113
9.254000,0.00231000,0.00001144,0.00000853,0.00000683,0.00000403,0.00000113
9.256000,0.00231100,0.00001144,0.00000853,0.00000683,0.00000403,0.00000113
9.257999,0.00231200,0.00001145,0.00000853,0.00000683,0.00000403,0.00000113
9.259999,0.00231300,0.00001145,0.00000853,0.00000683,0.00000403,0.00000113
9.261999,0.00231400,0.00001145,0.00000853,0.00000683,0.00000403,0.00000113
9.263999,0.00231400,0.00001145,0.00000854,0.00000683,0.00000403,0.00000113
9.265999,0.00231500,0.00001145,0.00000854,0.00000683,0.00000403,0.00000113
9.267999,0.00231600,0.00001145,0.00000854,0.00000683,0.00000403,0.00000113
9.270000,0.00231700,0.00001145,0.00000854,0.00000683,0.00000403,0.00000113
9.271999,0.00231800,0.00001145,0.00000854,0.00000684,0.00000403,0.00000113
9.273999,0.00231800,0.00001145,0.00000854,0.00000684,0.00000403,0.00000113
9.275999,0.00231900,0.00001145,0.00000854,0.00000684,0.00000403,0.00000113
9.277999,0.00232000,0.00001145,0.00000854,0.00000684,0.00000403,0.00000113
9.280000,0.00232100,0.00001145,0.00000854,0.00000684,0.00000403,0.00000113
9.282000,0.00232200,0.00001145,0.00000854,0.00000684,0.00000403,0.00000113
9.283999,0.00232200,0.00001145,0.00000854,0.00000684,0.00000403,0.00000113
9.285999,0.00232300,0.00001146,0.00000854,0.00000684,0.00000403,0.00000113
9.288000,0.00232400,0.00001146,0.00000854,0.00000684,0.00000403,0.00000113
9.290000,0.00232500,0.00001146,0.00000854,0.00000684,0.00000403,0.00000113
9.292000,0.00232600,0.00001146,0.00000854,0.00000684,0.00000403,0.00000113
9.294000,0.00232600,0.00001146,0.00000854,0.00000684,0.00000403,0.00000113
9.296000,0.00232700,0.00001146,0.00000854,0.00000684,0.00000403,0.00000113
9.297999,0.00232800,0.00001146,0.00000854,0.00000684,0.00000403,0.00000113
9.299999,0.00232900,0.00001146,0.00000854,0.00000684,0.00000403,0.00000113
9.301999,0.00233000,0.00001146,0.00000854,0.00000684,0.00000403,0.00000113
9.303999,0.00233000,0.00001146,0.00000855,0.00000684,0.00000403,0.00000113
9.305999,0.00233100,0.00001146,0.00000855,0.00000684,0.00000403,0.00000113
9.308000,0.00233200,0.00001146,0.00000855,0.00000684,0.00000403,0.00000113
9.309999,0.00233300,0.00001146,0.00000855,0.00000684,0.00000403,0.00000113
9.311999,0.00233400,0.00001147,0.00000855,0.00000684,0.00000403,0.00000113
9.313999,0.00233400,0.00001147,0.00000855,0.00000684,0.00000403,0.00000113
9.315999,0.00233500,0.00001147,0.00000855,0.00000684,0.00000403,0.00000113
9.318000,0.00233600,0.00001147,0.00000855,0.00000684,0.00000403,0.00000113
9.320000,0.00233700,0.00001147,0.00000855,0.00000685,0.00000403,0.00000113
9.322000,0.00233800,0.00001147,0.00000855,0.00000685,0.00000403,0.00000114
9.323999,0.00233800,0.00001147,0.00000855,0.00000685,0.00000403,0.00000114
9.325999,0.00233900,0.00001147,0.00000855,0.00000685,0.00000403,0.00000114
9.328000,0.00234000,0.00001147,0.00000855,0.00000685,0.00000403,0.00000114
9.330000,0.00234100,0.00001147,0.00000855,0.00000685,0.00000404,0.00000114
9.331999,0.00234200,0.00001147,0.00000855,0.00000685,0.00000404,0.00000114
9.333999,0.00234300,0.00001147,0.00000855,0.00000685,0.00000404,0.00000114
9.335999,0.00234300,0.00001147,0.00000855,0.00000685,0.00000404,0.00000114
9.337999,0.00234400,0.00001147,0.00000855,0.00000685,0.00000404,0.00000114
9.339999,0.00234500,0.00001148,0.00000855,0.00000685,0.00000404,0.00000114
9.341999,0.00234600,0.00001148,0.00000856,0.00000685,0.00000404,0.00000114
9.343999,0.00234700,0.00001148,0.00000856,0.00000685,0.00000404,0.00000114
9.345999,0.00234700,0.00001148,0.00000856,0.00000685,0.00000404,0.00000114
9.348000,0.00234800,0.00001148,0.00000856,0.00000685,0.00000404,0.00000114
9.349999,0.00234900,0.00001148,0.00000856,0.00000685,0.00000404,0.00000114
9.351999,0.00235000,0.00001148,0.00000856,0.00000685,0.00000404,0.00000114
9.353999,0.00235100,0.00001148,0.00000856,0.00000685,0.00000404,0.00000114
9.355999,0.00235100,0.00001148,0.00000856,0.00000685,0.00000404,0.00000114
9.358000,0.00235200,0.00001148,0.00000856,0.00000685,0.00000404,0.00000114
9.360000,0.00235300,0.00001148,0.00000856,0.00000685,0.00000404,0.00000114
9.362000,0.00235400,0.00001148,0.00000856,0.00000685,0.00000404,0.00000114
9.363999,0.00235500,0.00001148,0.00000856,0.00000685,0.00000404,0.00000114
9.366000,0.00235600,0.00001149,0.00000856,0.00000685,0.00000404,0.00000114
9.367999,0.00235600,0.00001149,0.00000856,0.00000685,0.00000404,0.00000114
9.369999,0.00235700,0.00001149,0.00000856,0.00000686,0.00000404,0.00000114
9.371999,0.00235800,0.00001149,0.00000856,0.00000686,0.00000404,0.00000114
9.373999,0.00235900,0.00001149,0.00000856,0.00000686,0.00000404,0.00000114
9.375999,0.00236000,0.00001149,0.00000856,0.00000686,0.00000404,0.00000114
9.377999,0.00236000,0.00001149,0.00000856,0.00000686,0.00000404,0.00000114
9.379999,0.00236100,0.00001149,0.00000857,0.00000686,0.00000404,0.00000114
9.381999,0.00236200,0.00001149,0.00000857,0.00000686,0.00000404,0.00000114
9.383999,0.00236300,0.00001149,0.00000857,0.00000686,0.00000404,0.00000114
9.386000,0.00236400,0.00001149,0.00000857,0.00000686,0.00000404,0.00000114
9.388000,0.00236500,0.00001149,0.00000857,0.00000686,0.00000404,0.00000114
9.389999,0.00236500,0.00001149,0.00000857,0.00000686,0.00000404,0.00000114
9.391999,0.00236600,0.00001149,0.00000857,0.00000686,0.00000404,0.00000114
9.393999,0.00236700,0.00001150,0.00000857,0.00000686,0.00000404,0.00000114
9.396000,0.00236800,0.00001150,0.00000857,0.00000686,0.00000404,0.00000114
9.398000,0.00236900,0.00001150,0.00000857,0.00000686,0.00000404,0.00000114
9.400000,0.00236900,0.00001150,0.00000857,0.00000686,0.00000404,0.00000114
9.401999,0.00237000,0.00001150,0.00000857,0.00000686,0.00000404,0.00000114
9.403999,0.00237100,0.00001150,0.00000857,0.00000686,0.00000404,0.00000114
9.405999,0.00237200,0.00001150,0.00000857,0.00000686,0.00000404,0.00000114
9.407999,0.00237300,0.00001150,0.00000857,0.00000686,0.00000404,0.00000114
9.409999,0.00237400,0.00001150,0.00000857,0.00000686,0.00000404,0.00000114
9.411999,0.00237400,0.00001150,0.00000857,0.00000686,0.00000404,0.00000114
9.413999,0.00237500,0.00001150,0.00000857,0.00000686,0.00000404,0.00000114
9.415999,0.00237600,0.00001150,0.00000857,0.00000686,0.00000405,0.00000114
9.417999,0.00237700,0.00001150,0.00000858,0.00000687,0.00000405,0.00000114
9.419999,0.00237800,0.00001151,0.00000858,0.00000687,0.00000405,0.00000114
9.421999,0.00237900,0.00001151,0.00000858,0.00000687,0.00000405,0.00000114
9.423999,0.00237900,0.00001151,0.00000858,0.00000687,0.00000405,0.00000114
9.426000,0.00238000,0.00001151,0.00000858,0.00000687,0.00000405,0.00000114
9.427999,0.00238100,0.00001151,0.00000858,0.00000687,0.00000405,0.00000114
9.429999,0.00238200,0.00001151,0.00000858,0.00000687,0.00000405,0.00000114
9.431999,0.00238300,0.00001151,0.00000858,0.00000687,0.00000405,0.00000114
9.434000,0.00238400,0.00001151,0.00000858,0.00000687,0.00000405,0.00000114
9.436000,0.00238400,0.00001151,0.00000858,0.00000687,0.00000405,0.00000114
9.438000,0.00238500,0.00001151,0.00000858,0.00000687,0.00000405,0.00000114
9.440000,0.00238600,0.00001151,0.00000858,0.00000687,0.00000405,0.00000114
9.441999,0.00238700,0.00001151,0.00000858,0.00000687,0.00000405,0.00000114
9.443999,0.00238800,0.00001151,0.00000858,0.00000687,0.00000405,0.00000114
9.445999,0.00238900,0.00001151,0.00000858,0.00000687,0.00000405,0.00000114
9.447999,0.00238900,0.00001152,0.00000858,0.00000687,0.00000405,0.00000114
9.449999,0.00239000,0.00001152,0.00000858,0.00000687,0.00000405,0.00000114
9.451999,0.00239100,0.00001152,0.00000858,0.00000687,0.00000405,0.00000114
9.454000,0.00239200,0.00001152,0.00000858,0.00000687,0.00000405,0.00000114
9.455999,0.00239300,0.00001152,0.00000859,0.00000687,0.00000405,0.00000114
9.457999,0.00239400,0.00001152,0.00000859,0.00000687,0.00000405,0.00000114
9.459999,0.00239400,0.00001152,0.00000859,0.00000687,0.00000405,0.00000114
9.461999,0.00239500,0.00001152,0.00000859,0.00000687,0.00000405,0.00000114
9.464000,0.00239600,0.00001152,0.00000859,0.00000687,0.00000405,0.00000114
9.466000,0.00239700,0.00001152,0.00000859,0.00000687,0.00000405,0.00000114
9.467999,0.00239800,0.00001152,0.00000859,0.00000688,0.00000405,0.00000114
9.469999,0.00239900,0.00001152,0.00000859,0.00000688,0.00000405,0.00000114
9.471999,0.00240000,0.00001152,0.00000859,0.00000688,0.00000405,0.00000114
9.474000,0.00240000,0.00001153,0.00000859,0.00000688,0.00000405,0.00000114
9.476000,0.00240100,0.00001153,0.00000859,0.00000688,0.00000405,0.00000114
9.478000,0.00240200,0.00001153,0.00000859,0.00000688,0.00000405,0.00000114
9.480000,0.00240300,0.00001153,0.00000859,0.00000688,0.00000405,0.00000114
9.481999,0.00240400,0.00001153,0.00000859,0.00000688,0.00000405,0.00000114
9.483999,0.00240500,0.00001153,0.00000859,0.00000688,0.00000405,0.00000114
9.485999,0.00240500,0.00001153,0.00000859,0.00000688,0.00000405,0.00000114
9.487999,0.00240600,0.00001153,0.00000859,0.00000688,0.00000405,0.00000114
9.489999,0.00240700,0.00001153,0.00000859,0.00000688,0.00000405,0.00000114
9.491999,0.00240800,0.00001153,0.00000859,0.00000688,0.00000405,0.00000114
9.493999,0.00240900,0.00001153,0.00000860,0.00000688,0.00000405,0.00000114
9.495999,0.00241000,0.00001153,0.00000860,0.00000688,0.00000405,0.00000114
9.497999,0.00241100,0.00001153,0.00000860,0.00000688,0.00000405,0.00000114
9.499999,0.00241100,0.00001153,0.00000860,0.00000688,0.00000405,0.00000114
9.501999,0.00241200,0.00001154,0.00000860,0.00000688,0.00000406,0.00000114
9.504000,0.00241300,0.00001154,0.00000860,0.00000688,0.00000406,0.00000114
9.506000,0.00241400,0.00001154,0.00000860,0.00000688,0.00000406,0.00000114
9.507999,0.00241500,0.00001154,0.00000860,0.00000688,0.00000406,0.00000114
9.509999,0.00241600,0.00001154,0.00000860,0.00000688,0.00000406,0.00000114
9.512000,0.00241600,0.00001154,0.00000860,0.00000688,0.00000406,0.00000114
9.514000,0.00241700,0.00001154,0.00000860,0.00000688,0.00000406,0.00000114
9.516000,0.00241800,0.00001154,0.00000860,0.00000689,0.00000406,0.00000114
9.518000,0.00241900,0.00001154,0.00000860,0.00000689,0.00000406,0.00000114
9.520000,0.00242000,0.00001154,0.00000860,0.00000689,0.00000406,0.00000114
9.521999,0.00242100,0.00001154,0.00000860,0.00000689,0.00000406,0.00000114
9.523999,0.00242200,0.00001154,0.00000860,0.00000689,0.00000406,0.00000114
9.525999,0.00242200,0.00001154,0.00000860,0.00000689,0.00000406,0.00000114
9.527999,0.00242300,0.00001155,0.00000860,0.00000689,0.00000406,0.00000114
9.529999,0.00242400,0.00001155,0.00000860,0.00000689,0.00000406,0.00000114
9.532000,0.00242500,0.00001155,0.00000861,0.00000689,0.00000406,0.00000114
9.533999,0.00242600,0.00001155,0.00000861,0.00000689,0.00000406,0.00000114
9.535999,0.00242700,0.00001155,0.00000861,0.00000689,0.00000406,0.00000114
9.537999,0.00242800,0.00001155,0.00000861,0.00000689,0.00000406,0.00000114
9.539999,0.00242800,0.00001155,0.00000861,0.00000689,0.00000406,0.00000114
9.542000,0.00242900,0.00001155,0.00000861,0.00000689,0.00000406,0.00000114
9.544000,0.00243000,0.00001155,0.00000861,0.00000689,0.00000406,0.00000114
9.546000,0.00243100,0.00001155,0.00000861,0.00000689,0.00000406,0.00000114
9.547999,0.00243200,0.00001155,0.00000861,0.00000689,0.00000406,0.00000114
9.549999,0.00243300,0.00001155,0.00000861,0.00000689,0.00000406,0.00000114
9.552000,0.00243400,0.00001155,0.00000861,0.00000689,0.00000406,0.00000114
9.554000,0.00243400,0.00001155,0.00000861,0.00000689,0.00000406,0.00000114
9.556000,0.00243500,0.00001156,0.00000861,0.00000689,0.00000406,0.00000114
9.557999,0.00243600,0.00001156,0.00000861,0.00000689,0.00000406,0.00000114
9.559999,0.00243700,0.00001156,0.00000861,0.00000689,0.00000406,0.00000114
9.561999,0.00243800,0.00001156,0.00000861,0.00000689,0.00000406,0.00000114
9.563999,0.00243900,0.00001156,0.00000861,0.00000690,0.00000406,0.00000114
9.565999,0.00244000,0.00001156,0.00000861,0.00000690,0.00000406,0.00000114
9.567999,0.00244000,0.00001156,0.00000861,0.00000690,0.00000406,0.00000114
9.569999,0.00244100,0.00001156,0.00000862,0.00000690,0.00000406,0.00000114
9.572000,0.00244200,0.00001156,0.00000862,0.00000690,0.00000406,0.00000114
9.573999,0.00244300,0.00001156,0.00000862,0.00000690,0.00000406,0.00000114
9.575999,0.00244400,0.00001156,0.00000862,0.00000690,0.00000406,0.00000114
9.577999,0.00244500,0.00001156,0.00000862,0.00000690,0.00000406,0.00000114
9.579999,0.00244600,0.00001156,0.00000862,0.00000690,0.00000406,0.00000114
9.582000,0.00244700,0.00001157,0.00000862,0.00000690,0.00000406,0.00000114
9.584000,0.00244700,0.00001157,0.00000862,0.00000690,0.00000406,0.00000114
9.585999,0.00244800,0.00001157,0.00000862,0.00000690,0.00000406,0.00000114
9.587999,0.00244900,0.00001157,0.00000862,0.00000690,0.00000407,0.00000114
9.590000,0.00245000,0.00001157,0.00000862,0.00000690,0.00000407,0.00000114
9.592000,0.00245100,0.00001157,0.00000862,0.00000690,0.00000407,0.00000114
9.593999,0.00245200,0.00001157,0.00000862,0.00000690,0.00000407,0.00000114
9.595999,0.00245300,0.00001157,0.00000862,0.00000690,0.00000407,0.00000114
9.597999,0.00245400,0.00001157,0.00000862,0.00000690,0.00000407,0.00000114
9.599999,0.00245400,0.00001157,0.00000862,0.00000690,0.00000407,0.00000114
9.601999,0.00245500,0.00001157,0.00000862,0.00000690,0.00000407,0.00000114
9.603999,0.00245600,0.00001157,0.00000862,0.00000690,0.00000407,0.00000114
9.605999,0.00245700,0.00001157,0.00000862,0.00000690,0.00000407,0.00000114
9.607999,0.00245800,0.00001157,0.00000863,0.00000690,0.00000407,0.00000114
9.610000,0.00245900,0.00001158,0.00000863,0.00000690,0.00000407,0.00000114
9.612000,0.00246000,0.00001158,0.00000863,0.00000691,0.00000407,0.00000114
9.613999,0.00246100,0.00001158,0.00000863,0.00000691,0.00000407,0.00000114
9.615999,0.00246100,0.00001158,0.00000863,0.00000691,0.00000407,0.00000114
9.617999,0.00246200,0.00001158,0.00000863,0.00000691,0.00000407,0.00000114
9.620000,0.00246300,0.00001158,0.00000863,0.00000691,0.00000407,0.00000114
9.622000,0.00246400,0.00001158,0.00000863,0.00000691,0.00000407,0.00000114
9.624000,0.00246500,0.00001158,0.00000863,0.00000691,0.00000407,0.00000114
9.625999,0.00246600,0.00001158,0.00000863,0.00000691,0.00000407,0.00000114
9.627999,0.00246700,0.00001158,0.00000863,0.00000691,0.00000407,0.00000114
9.629999,0.00246800,0.00001158,0.00000863,0.00000691,0.00000407,0.00000114
9.631999,0.00246800,0.00001158,0.00000863,0.00000691,0.00000407,0.00000114
9.633999,0.00246900,0.00001158,0.00000863,0.00000691,0.00000407,0.00000114
9.635999,0.00247000,0.00001159,0.00000863,0.00000691,0.00000407,0.00000114
9.637999,0.00247100,0.00001159,0.00000863,0.00000691,0.00000407,0.00000114
9.639999,0.00247200,0.00001159,0.00000863,0.00000691,0.00000407,0.00000114
9.641999,0.00247300,0.00001159,0.00000863,0.00000691,0.00000407,0.00000114
9.643999,0.00247400,0.00001159,0.00000864,0.00000691,0.00000407,0.00000114
9.645999,0.00247500,0.00001159,0.00000864,0.00000691,0.00000407,0.00000114
9.647999,0.00247500,0.00001159,0.00000864,0.00000691,0.00000407,0.00000115
9.650000,0.00247600,0.00001159,0.00000864,0.00000691,0.00000407,0.00000115
9.651999,0.00247700,0.00001159,0.00000864,0.00000691,0.00000407,0.00000115
9.653999,0.00247800,0.00001159,0.00000864,0.00000691,0.00000407,0.00000115
9.655999,0.00247900,0.00001159,0.00000864,0.00000691,0.00000407,0.00000115
9.658000,0.00248000,0.00001159,0.00000864,0.00000691,0.00000407,0.00000115
9.660000,0.00248100,0.00001159,0.00000864,0.00000692,0.00000407,0.00000115
9.662000,0.00248200,0.00001160,0.00000864,0.00000692,0.00000407,0.00000115
9.664000,0.00248300,0.00001160,0.00000864,0.00000692,0.00000407,0.00000115
9.665999,0.00248300,0.00001160,0.00000864,0.00000692,0.00000407,0.00000115
9.667999,0.00248400,0.00001160,0.00000864,0.00000692,0.00000407,0.00000115
9.669999,0.00248500,0.00001160,0.00000864,0.00000692,0.00000407,0.00000115
9.671999,0.00248600,0.00001160,0.00000864,0.00000692,0.00000408,0.00000115
9.673999,0.00248700,0.00001160,0.00000864,0.00000692,0.00000408,0.00000115
9.675999,0.00248800,0.00001160,0.00000864,0.00000692,0.00000408,0.00000115
9.677999,0.00248900,0.00001160,0.00000864,0.00000692,0.00000408,0.00000115
9.679999,0.00249000,0.00001160,0.00000864,0.00000692,0.00000408,0.00000115
9.681999,0.00249100,0.00001160,0.00000865,0.00000692,0.00000408,0.00000115
9.683999,0.00249200,0.00001160,0.00000865,0.00000692,0.00000408,0.00000115
9.685999,0.00249200,0.00001160,0.00000865,0.00000692,0.00000408,0.00000115
9.688000,0.00249300,0.00001160,0.00000865,0.00000692,0.00000408,0.00000115
9.690000,0.00249400,0.00001161,0.00000865,0.00000692,0.00000408,0.00000115
9.691999,0.00249500,0.00001161,0.00000865,0.00000692,0.00000408,0.00000115
9.693999,0.00249600,0.00001161,0.00000865,0.00000692,0.00000408,0.00000115
9.695999,0.00249700,0.00001161,0.00000865,0.00000692,0.00000408,0.00000115
9.698000,0.00249800,0.00001161,0.00000865,0.00000692,0.00000408,0.00000115
9.700000,0.00249900,0.00001161,0.00000865,0.00000692,0.00000408,0.00000115
9.702000,0.00250000,0.00001161,0.00000865,0.00000692,0.00000408,0.00000115
9.704000,0.00250000,0.00001161,0.00000865,0.00000692,0.00000408,0.00000115
9.705999,0.00250100,0.00001161,0.00000865,0.00000692,0.00000408,0.00000115
9.707999,0.00250200,0.00001161,0.00000865,0.00000692,0.00000408,0.00000115
9.709999,0.00250300,0.00001161,0.00000865,0.00000693,0.00000408,0.00000115
9.711999,0.00250400,0.00001161,0.00000865,0.00000693,0.00000408,0.00000115
9.713999,0.00250500,0.00001161,0.00000865,0.00000693,0.00000408,0.00000115
9.715999,0.00250600,0.00001162,0.00000865,0.00000693,0.00000408,0.00000115
9.717999,0.00250700,0.00001162,0.00000865,0.00000693,0.00000408,0.00000115
9.719999,0.00250800,0.00001162,0.00000866,0.00000693,0.00000408,0.00000115
9.721999,0.00250900,0.00001162,0.00000866,0.00000693,0.00000408,0.00000115
9.723999,0.00250900,0.00001162,0.00000866,0.00000693,0.00000408,0.00000115
9.725999,0.00251000,0.00001162,0.00000866,0.00000693,0.00000408,0.00000115
9.728000,0.00251100,0.00001162,0.00000866,0.00000693,0.00000408,0.00000115
9.730000,0.00251200,0.00001162,0.00000866,0.00000693,0.00000408,0.00000115
9.731999,0.00251300,0.00001162,0.00000866,0.00000693,0.00000408,0.00000115
9.733999,0.00251400,0.00001162,0.00000866,0.00000693,0.00000408,0.00000115
9.736000,0.00251500,0.00001162,0.00000866,0.00000693,0.00000408,0.00000115
9.738000,0.00251600,0.00001162,0.00000866,0.00000693,0.00000408,0.00000115
9.740000,0.00251700,0.00001162,0.00000866,0.00000693,0.00000408,0.00000115
9.742000,0.00251800,0.00001163,0.00000866,0.00000693,0.00000408,0.00000115
9.743999,0.00251900,0.00001163,0.00000866,0.00000693,0.00000408,0.00000115
9.745999,0.00251900,0.00001163,0.00000866,0.00000693,0.00000408,0.00000115
9.747999,0.00252000,0.00001163,0.00000866,0.00000693,0.00000408,0.00000115
9.749999,0.00252100,0.00001163,0.00000866,0.00000693,0.00000408,0.00000115
9.751999,0.00252200,0.00001163,0.00000866,0.00000693,0.00000408,0.00000115
9.753999,0.00252300,0.00001163,0.00000866,0.00000693,0.00000408,0.00000115
9.756000,0.00252400,0.00001163,0.00000866,0.00000693,0.00000408,0.00000115
9.757999,0.00252500,0.00001163,0.00000867,0.00000694,0.00000409,0.00000115
9.759999,0.00252600,0.00001163,0.00000867,0.00000694,0.00000409,0.00000115
9.761999,0.00252700,0.00001163,0.00000867,0.00000694,0.00000409,0.00000115
9.763999,0.00252800,0.00001163,0.00000867,0.00000694,0.00000409,0.00000115
9.766000,0.00252900,0.00001163,0.00000867,0.00000694,0.00000409,0.00000115
9.768000,0.00253000,0.00001163,0.00000867,0.00000694,0.00000409,0.00000115
9.770000,0.00253000,0.00001164,0.00000867,0.00000694,0.00000409,0.00000115
9.771999,0.00253100,0.00001164,0.00000867,0.00000694,0.00000409,0.00000115
9.773999,0.00253200,0.00001164,0.00000867,0.00000694,0.00000409,0.00000115
9.776000,0.00253300,0.00001164,0.00000867,0.00000694,0.00000409,0.00000115
9.778000,0.00253400,0.00001164,0.00000867,0.00000694,0.00000409,0.00000115
9.780000,0.00253500,0.00001164,0.00000867,0.00000694,0.00000409,0.00000115
9.781999,0.00253600,0.00001164,0.00000867,0.00000694,0.00000409,0.00000115
9.783998,0.00253700,0.00001164,0.00000867,0.00000694,0.00000409,0.00000115
9.785999,0.00253800,0.00001164,0.00000867,0.00000694,0.00000409,0.00000115
9.787999,0.00253900,0.00001164,0.00000867,0.00000694,0.00000409,0.00000115
9.789999,0.00254000,0.00001164,0.00000867,0.00000694,0.00000409,0.00000115
9.791999,0.00254100,0.00001164,0.00000867,0.00000694,0.00000409,0.00000115
9.793999,0.00254100,0.00001164,0.00000867,0.00000694,0.00000409,0.00000115
9.796000,0.00254200,0.00001165,0.00000868,0.00000694,0.00000409,0.00000115
9.797999,0.00254300,0.00001165,0.00000868,0.00000694,0.00000409,0.00000115
9.799999,0.00254400,0.00001165,0.00000868,0.00000694,0.00000409,0.00000115
9.801999,0.00254500,0.00001165,0.00000868,0.00000694,0.00000409,0.00000115
9.803999,0.00254600,0.00001165,0.00000868,0.00000694,0.00000409,0.00000115
9.806000,0.00254700,0.00001165,0.00000868,0.00000695,0.00000409,0.00000115
9.808000,0.00254800,0.00001165,0.00000868,0.00000695,0.00000409,0.00000115
9.809999,0.00254900,0.00001165,0.00000868,0.00000695,0.00000409,0.00000115
9.811999,0.00255000,0.00001165,0.00000868,0.00000695,0.00000409,0.00000115
9.814000,0.00255100,0.00001165,0.00000868,0.00000695,0.00000409,0.00000115
9.816000,0.00255200,0.00001165,0.00000868,0.00000695,0.00000409,0.00000115
9.817999,0.00255300,0.00001165,0.00000868,0.00000695,0.00000409,0.00000115
9.819999,0.00255400,0.00001165,0.00000868,0.00000695,0.00000409,0.00000115
9.821999,0.00255400,0.00001166,0.00000868,0.00000695,0.00000409,0.00000115
9.823999,0.00255500,0.00001166,0.00000868,0.00000695,0.00000409,0.00000115
9.825999,0.00255600,0.00001166,0.00000868,0.00000695,0.00000409,0.00000115
9.827999,0.00255700,0.00001166,0.00000868,0.00000695,0.00000409,0.00000115
9.829999,0.00255800,0.00001166,0.00000868,0.00000695,0.00000409,0.00000115
9.831999,0.00255900,0.00001166,0.00000869,0.00000695,0.00000409,0.00000115
9.834000,0.00256000,0.00001166,0.00000869,0.00000695,0.00000409,0.00000115
9.835999,0.00256100,0.00001166,0.00000869,0.00000695,0.00000409,0.00000115
9.837999,0.00256200,0.00001166,0.00000869,0.00000695,0.00000409,0.00000115
9.839999,0.00256300,0.00001166,0.00000869,0.00000695,0.00000409,0.00000115
9.841999,0.00256400,0.00001166,0.00000869,0.00000695,0.00000410,0.00000115
9.844000,0.00256500,0.00001166,0.00000869,0.00000695,0.00000410,0.00000115
9.846000,0.00256600,0.00001166,0.00000869,0.00000695,0.00000410,0.00000115
9.848000,0.00256700,0.00001166,0.00000869,0.00000695,0.00000410,0.00000115
9.849999,0.00256800,0.00001167,0.00000869,0.00000695,0.00000410,0.00000115
9.851999,0.00256800,0.00001167,0.00000869,0.00000696,0.00000410,0.00000115
9.853999,0.00256900,0.00001167,0.00000869,0.00000696,0.00000410,0.00000115
9.855999,0.00257000,0.00001167,0.00000869,0.00000696,0.00000410,0.00000115
9.857999,0.00257100,0.00001167,0.00000869,0.00000696,0.00000410,0.00000115
9.859999,0.00257200,0.00001167,0.00000869,0.00000696,0.00000410,0.00000115
9.861999,0.00257300,0.00001167,0.00000869,0.00000696,0.00000410,0.00000115
9.863999,0.00257400,0.00001167,0.00000869,0.00000696,0.00000410,0.00000115
9.865999,0.00257500,0.00001167,0.00000869,0.00000696,0.00000410,0.00000115
9.867999,0.00257600,0.00001167,0.00000869,0.00000696,0.00000410,0.00000115
9.869999,0.00257700,0.00001167,0.00000870,0.00000696,0.00000410,0.00000115
9.871999,0.00257800,0.00001167,0.00000870,0.00000696,0.00000410,0.00000115
9.874000,0.00257900,0.00001167,0.00000870,0.00000696,0.00000410,0.00000115
9.875999,0.00258000,0.00001168,0.00000870,0.00000696,0.00000410,0.00000115
9.877999,0.00258100,0.00001168,0.00000870,0.00000696,0.00000410,0.00000115
9.879999,0.00258200,0.00001168,0.00000870,0.00000696,0.00000410,0.00000115
9.881999,0.00258300,0.00001168,0.00000870,0.00000696,0.00000410,0.00000115
9.884000,0.00258400,0.00001168,0.00000870,0.00000696,0.00000410,0.00000115
9.886000,0.00258400,0.00001168,0.00000870,0.00000696,0.00000410,0.00000115
9.888000,0.00258500,0.00001168,0.00000870,0.00000696,0.00000410,0.00000115
9.889999,0.00258600,0.00001168,0.00000870,0.00000696,0.00000410,0.00000115
9.891999,0.00258700,0.00001168,0.00000870,0.00000696,0.00000410,0.00000115
9.893999,0.00258800,0.00001168,0.00000870,0.00000696,0.00000410,0.00000115
9.895999,0.00258900,0.00001168,0.00000870,0.00000696,0.00000410,0.00000115
9.897999,0.00259000,0.00001168,0.00000870,0.00000696,0.00000410,0.00000115
9.899999,0.00259100,0.00001168,0.00000870,0.00000697,0.00000410,0.00000115
9.901999,0.00259200,0.00001169,0.00000870,0.00000697,0.00000410,0.00000115
9.903999,0.00259300,0.00001169,0.00000870,0.00000697,0.00000410,0.00000115
9.905999,0.00259400,0.00001169,0.00000870,0.00000697,0.00000410,0.00000115
9.907999,0.00259500,0.00001169,0.00000871,0.00000697,0.00000410,0.00000115
9.909999,0.00259600,0.00001169,0.00000871,0.00000697,0.00000410,0.00000115
9.912000,0.00259700,0.00001169,0.00000871,0.00000697,0.00000410,0.00000115
9.914000,0.00259800,0.00001169,0.00000871,0.00000697,0.00000410,0.00000115
9.915999,0.00259900,0.00001169,0.00000871,0.00000697,0.00000410,0.00000115
9.917999,0.00260000,0.00001169,0.00000871,0.00000697,0.00000410,0.00000115
9.919999,0.00260100,0.00001169,0.00000871,0.00000697,0.00000410,0.00000115
9.922000,0.00260200,0.00001169,0.00000871,0.00000697,0.00000410,0.00000115
9.924000,0.00260300,0.00001169,0.00000871,0.00000697,0.00000410,0.00000115
9.926000,0.00260400,0.00001169,0.00000871,0.00000697,0.00000411,0.00000115
9.927999,0.00260500,0.00001170,0.00000871,0.00000697,0.00000411,0.00000115
9.929999,0.00260500,0.00001170,0.00000871,0.00000697,0.00000411,0.00000115
9.931999,0.00260600,0.00001170,0.00000871,0.00000697,0.00000411,0.00000115
9.933999,0.00260700,0.00001170,0.00000871,0.00000697,0.00000411,0.00000115
9.935999,0.00260800,0.00001170,0.00000871,0.00000697,0.00000411,0.00000115
9.937999,0.00260900,0.00001170,0.00000871,0.00000697,0.00000411,0.00000115
9.939999,0.00261000,0.00001170,0.00000871,0.00000697,0.00000411,0.00000115
9.941999,0.00261100,0.00001170,0.00000871,0.00000697,0.00000411,0.00000115
9.943999,0.00261200,0.00001170,0.00000872,0.00000697,0.00000411,0.00000115
9.945999,0.00261300,0.00001170,0.00000872,0.00000697,0.00000411,0.00000115
9.947999,0.00261400,0.00001170,0.00000872,0.00000698,0.00000411,0.00000115
9.949999,0.00261500,0.00001170,0.00000872,0.00000698,0.00000411,0.00000115
9.952000,0.00261600,0.00001170,0.00000872,0.00000698,0.00000411,0.00000115
9.954000,0.00261700,0.00001171,0.00000872,0.00000698,0.00000411,0.00000115
9.955999,0.00261800,0.00001171,0.00000872,0.00000698,0.00000411,0.00000115
9.957999,0.00261900,0.00001171,0.00000872,0.00000698,0.00000411,0.00000115
9.960000,0.00262000,0.00001171,0.00000872,0.00000698,0.00000411,0.00000115
9.962000,0.00262100,0.00001171,0.00000872,0.00000698,0.00000411,0.00000115
9.964000,0.00262200,0.00001171,0.00000872,0.00000698,0.00000411,0.00000115
9.966000,0.00262300,0.00001171,0.00000872,0.00000698,0.00000411,0.00000115
9.967999,0.00262400,0.00001171,0.00000872,0.00000698,0.00000411,0.00000116
9.969999,0.00262500,0.00001171,0.00000872,0.00000698,0.00000411,0.00000116
9.971999,0.00262600,0.00001171,0.00000872,0.00000698,0.00000411,0.00000116
9.973999,0.00262700,0.00001171,0.00000872,0.00000698,0.00000411,0.00000116
9.975999,0.00262800,0.00001171,0.00000872,0.00000698,0.00000411,0.00000116
9.977999,0.00262900,0.00001171,0.00000872,0.00000698,0.00000411,0.00000116
9.980000,0.00263000,0.00001172,0.00000872,0.00000698,0.00000411,0.00000116
9.981999,0.00263100,0.00001172,0.00000873,0.00000698,0.00000411,0.00000116
9.983999,0.00263200,0.00001172,0.00000873,0.00000698,0.00000411,0.00000116
9.985999,0.00263300,0.00001172,0.00000873,0.00000698,0.00000411,0.00000116
9.987999,0.00263400,0.00001172,0.00000873,0.00000698,0.00000411,0.00000116
9.990000,0.00263500,0.00001172,0.00000873,0.00000698,0.00000411,0.00000116
9.992000,0.00263600,0.00001172,0.00000873,0.00000698,0.00000411,0.00000116
9.993999,0.00263600,0.00001172,0.00000873,0.00000698,0.00000411,0.00000116
9.995999,0.00263700,0.00001172,0.00000873,0.00000699,0.00000411,0.00000116
9.997999,0.00263800,0.00001172,0.00000873,0.00000699,0.00000411,0.00000116
10.000000,0.00263900,0.00001172,0.00000873,0.00000699,0.00000411,0.00000116
